ID	IJC_SAMPLE_1	SJC_SAMPLE_1	IJC_SAMPLE_2	SJC_SAMPLE_2	IncFormLen	SkipFormLen	PValue	FDR	IncLevel1	IncLevel2	IncLevelDifference
0	0,68,0,0,0	0,5,0,0,0	0,0,0,0,40,0,0,0,0,0,104,0,0,0,37,0	0,0,0,0,0,0,0,0,0,0,18,0,0,0,3,0	182	149	1	1.0	NA,0.918,NA,NA,NA	NA,NA,NA,NA,1.0,NA,NA,NA,NA,NA,0.825,NA,NA,NA,0.91,NA	0.006
2	0,5,0,0,0	0,24,0,0,0	0,0,0,0,7,0,0,0,0,0,5,0,0,0,4,2	0,0,0,0,70,0,0,0,2,0,50,0,0,0,24,0	180	149	1	1.0	NA,0.147,NA,NA,NA	NA,NA,NA,NA,0.076,NA,NA,NA,0.0,NA,0.076,NA,NA,NA,0.121,1.0	-0.108
5	0,4,0,0,0	0,194,0,0,6	0,0,0,0,36,0,0,0,0,0,1,0,0,0,0,0	0,0,0,0,868,0,0,0,0,2,464,0,0,0,0,20	274	149	1	1.0	NA,0.011,NA,NA,0.0	NA,NA,NA,NA,0.022,NA,NA,NA,NA,0.0,0.001,NA,NA,NA,NA,0.0	-0.0
6	0,4,0,0,0	0,4,0,0,0	0,0,0,0,36,0,0,0,0,0,0,0,0,0,0,0	0,0,0,0,8,0,0,0,0,0,0,0,0,0,0,0	274	149	1	1.0	NA,0.352,NA,NA,NA	NA,NA,NA,NA,0.71,NA,NA,NA,NA,NA,NA,NA,NA,NA,NA,NA	-0.358
8	0,0,0,0,0	0,275,0,0,0	0,0,0,0,0,0,0,0,0,0,1,0,0,0,0,0	0,0,0,0,1189,0,0,0,0,0,847,0,0,0,61,80	263	149	1	1.0	NA,0.0,NA,NA,NA	NA,NA,NA,NA,0.0,NA,NA,NA,NA,NA,0.001,NA,NA,NA,0.0,0.0	-0.0
9	0,4,0,0,0	0,5,0,0,0	0,0,0,0,13,0,0,0,0,0,0,0,0,0,1,15	0,0,0,0,18,0,0,0,0,0,2,0,0,0,0,8	298	149	1	1.0	NA,0.286,NA,NA,NA	NA,NA,NA,NA,0.265,NA,NA,NA,NA,NA,0.0,NA,NA,NA,1.0,0.484	-0.151
11	0,15,0,0,0	0,6,0,0,0	0,0,0,0,251,0,0,0,0,0,170,0,0,0,18,0	0,0,0,0,0,0,0,0,0,0,0,0,0,0,0,0	273	149	1	1.0	NA,0.577,NA,NA,NA	NA,NA,NA,NA,1.0,NA,NA,NA,NA,NA,1.0,NA,NA,NA,1.0,NA	-0.423
13	0,10,0,0,0	0,8,0,0,0	0,0,0,0,22,0,0,0,0,0,29,0,0,0,0,2	0,0,0,0,31,0,0,0,0,0,15,0,0,0,2,0	280	149	1	1.0	NA,0.399,NA,NA,NA	NA,NA,NA,NA,0.274,NA,NA,NA,NA,NA,0.507,NA,NA,NA,0.0,1.0	-0.046
15	0,4,2,0,0	0,32,0,0,0	0,0,0,0,0,0,4,0,0,2,2,0,0,0,117,28	0,0,0,0,0,0,0,0,4,0,8,0,0,0,190,22	298	149	1	1.0	NA,0.059,1.0,NA,NA	NA,NA,NA,NA,NA,NA,1.0,NA,0.0,1.0,0.111,NA,NA,NA,0.235,0.389	0.074
16	0,2,0,0,0	0,32,0,0,0	0,0,0,0,0,0,0,0,0,0,0,0,0,0,21,5	0,0,0,0,0,0,0,0,4,0,8,0,0,0,190,22	199	149	1	1.0	NA,0.045,NA,NA,NA	NA,NA,NA,NA,NA,NA,NA,NA,0.0,NA,0.0,NA,NA,NA,0.076,0.145	-0.01
17	0,16,0,0,0	0,1419,0,0,2	0,0,0,0,6,0,0,0,0,4,18,0,0,0,0,8	0,0,0,0,981,0,0,0,0,2,1618,0,0,0,249,227	254	149	1	1.0	NA,0.007,NA,NA,0.0	NA,NA,NA,NA,0.004,NA,NA,NA,NA,0.54,0.006,NA,NA,NA,0.0,0.02	-0.111
19	0,10,0,0,0	0,1930,2,0,4	0,0,0,0,9,0,0,0,0,0,13,0,0,0,7,2	0,0,0,0,2411,0,0,0,0,2,3314,0,0,0,617,85	298	149	1	1.0	NA,0.003,0.0,NA,0.0	NA,NA,NA,NA,0.002,NA,NA,NA,NA,0.0,0.002,NA,NA,NA,0.006,0.012	-0.003
20	0,8,0,0,0	0,0,0,0,0	0,0,0,0,10,0,0,0,0,0,16,0,0,0,0,0	0,0,0,0,3,0,0,0,0,0,0,0,0,0,0,0	298	149	1	1.0	NA,1.0,NA,NA,NA	NA,NA,NA,NA,0.625,NA,NA,NA,NA,NA,1.0,NA,NA,NA,NA,NA	0.188
21	0,0,0,0,0	0,20,0,0,0	0,0,0,0,0,0,0,0,0,0,3,0,0,0,0,0	0,0,0,0,241,0,0,0,0,2,321,0,0,0,98,2	153	149	1	1.0	NA,0.0,NA,NA,NA	NA,NA,NA,NA,0.0,NA,NA,NA,NA,0.0,0.009,NA,NA,NA,0.0,0.0	-0.002
22	0,4,0,0,0	0,0,0,0,0	0,0,0,0,0,0,0,0,0,0,0,0,0,0,0,0	0,0,0,0,32,0,0,0,0,0,0,0,0,0,0,0	161	149	1	1.0	NA,1.0,NA,NA,NA	NA,NA,NA,NA,0.0,NA,NA,NA,NA,NA,NA,NA,NA,NA,NA,NA	1.0
23	0,36,0,0,0	0,9,0,0,0	0,0,0,0,124,0,0,0,0,0,39,0,0,0,15,15	0,0,0,0,43,0,0,0,0,0,27,0,0,0,14,6	166	149	1	1.0	NA,0.782,NA,NA,NA	NA,NA,NA,NA,0.721,NA,NA,NA,NA,NA,0.565,NA,NA,NA,0.49,0.692	0.165
24	0,21,0,0,0	0,3,0,0,0	0,0,0,0,61,4,0,2,0,0,560,0,0,0,43,50	0,0,0,0,0,0,0,0,0,0,69,0,0,0,4,5	158	149	1	1.0	NA,0.868,NA,NA,NA	NA,NA,NA,NA,1.0,1.0,NA,1.0,NA,NA,0.884,NA,NA,NA,0.91,0.904	-0.082
25	0,3,0,0,0	0,3,0,0,0	0,0,0,0,47,0,0,0,0,0,68,0,0,0,14,5	0,0,0,0,0,0,0,0,0,0,69,0,0,0,4,5	201	149	1	1.0	NA,0.426,NA,NA,NA	NA,NA,NA,NA,1.0,NA,NA,NA,NA,NA,0.422,NA,NA,NA,0.722,0.426	-0.217
26	0,3,0,0,0	0,21,0,0,0	0,0,0,0,47,0,0,0,0,0,41,0,0,0,14,5	0,0,0,0,61,4,0,2,0,0,533,0,0,0,43,50	192	149	1	1.0	NA,0.1,NA,NA,NA	NA,NA,NA,NA,0.374,0.0,NA,0.0,NA,NA,0.056,NA,NA,NA,0.202,0.072	-0.017
27	0,0,0,0,0	0,1,0,0,0	0,0,0,0,0,0,0,0,0,0,26,0,0,0,0,0	0,0,0,0,0,0,0,0,0,0,20,0,0,0,0,0	192	149	1	1.0	NA,0.0,NA,NA,NA	NA,NA,NA,NA,NA,NA,NA,NA,NA,NA,0.502,NA,NA,NA,NA,NA	-0.502
51	0,20,0,0,0	0,27,0,0,0	0,0,0,0,80,0,0,0,0,0,30,0,0,0,0,0	0,0,0,0,23,0,0,0,0,0,74,0,0,0,17,7	296	149	1	1.0	NA,0.272,NA,NA,NA	NA,NA,NA,NA,0.636,NA,NA,NA,NA,NA,0.169,NA,NA,NA,0.0,0.0	0.071
52	0,26,0,0,0	0,2,0,0,0	0,0,0,0,117,0,0,0,0,0,34,0,0,0,2,15	0,0,0,0,7,0,0,0,0,0,35,0,0,0,4,4	208	149	1	1.0	NA,0.903,NA,NA,NA	NA,NA,NA,NA,0.923,NA,NA,NA,NA,NA,0.41,NA,NA,NA,0.264,0.729	0.322
53	0,94,0,0,0	0,0,0,0,0	0,0,0,0,216,0,0,0,0,0,101,0,0,0,17,16	0,0,0,0,11,0,0,0,0,0,0,0,0,0,0,0	298	149	1	1.0	NA,1.0,NA,NA,NA	NA,NA,NA,NA,0.908,NA,NA,NA,NA,NA,1.0,NA,NA,NA,1.0,1.0	0.023
54	0,96,0,0,0	0,0,0,0,0	0,0,0,0,214,0,0,0,0,0,131,0,0,0,19,20	0,0,0,0,11,0,0,0,0,0,0,0,0,0,0,0	298	149	1	1.0	NA,1.0,NA,NA,NA	NA,NA,NA,NA,0.907,NA,NA,NA,NA,NA,1.0,NA,NA,NA,1.0,1.0	0.023
60	0,42,0,0,0	0,192,0,0,0	0,0,0,0,29,0,0,0,0,0,42,0,0,0,28,11	0,0,0,0,168,0,0,0,0,0,391,0,0,0,163,31	204	149	1	1.0	NA,0.138,NA,NA,NA	NA,NA,NA,NA,0.112,NA,NA,NA,NA,NA,0.073,NA,NA,NA,0.111,0.206	0.013
63	0,0,0,0,0	0,32,0,0,0	0,0,0,0,0,0,0,0,0,0,1,0,0,0,0,0	0,0,0,0,152,0,0,0,0,0,132,0,0,0,25,1	159	149	1	1.0	NA,0.0,NA,NA,NA	NA,NA,NA,NA,0.0,NA,NA,NA,NA,NA,0.007,NA,NA,NA,0.0,0.0	-0.002
64	0,22,0,0,0	0,6,0,0,0	0,0,0,0,68,2,0,0,0,0,109,0,0,0,27,9	0,0,0,0,0,0,0,0,0,0,0,0,0,0,0,0	171	149	1	1.0	NA,0.762,NA,NA,NA	NA,NA,NA,NA,1.0,1.0,NA,NA,NA,NA,1.0,NA,NA,NA,1.0,1.0	-0.238
65	0,68,0,0,0	0,178,0,0,0	0,0,0,0,69,0,0,0,0,0,19,0,0,0,14,14	0,0,0,0,279,0,0,0,0,2,482,0,0,0,24,21	267	149	1	1.0	NA,0.176,NA,NA,NA	NA,NA,NA,NA,0.121,NA,NA,NA,NA,0.0,0.022,NA,NA,NA,0.246,0.271	0.044
68	0,0,0,0,0	0,4,0,0,0	0,0,0,0,0,0,0,0,0,0,5,0,0,0,1,0	0,0,0,0,0,0,0,0,0,0,175,0,0,0,38,11	215	149	1	1.0	NA,0.0,NA,NA,NA	NA,NA,NA,NA,NA,NA,NA,NA,NA,NA,0.019,NA,NA,NA,0.018,0.0	-0.012
69	0,11,0,0,0	0,5,0,0,0	0,0,0,0,117,0,0,0,0,0,51,0,0,0,7,8	0,0,0,0,24,0,0,0,0,0,5,0,0,0,0,0	155	149	1	1.0	NA,0.679,NA,NA,NA	NA,NA,NA,NA,0.824,NA,NA,NA,NA,NA,0.907,NA,NA,NA,1.0,1.0	-0.254
70	0,0,0,0,0	0,181,4,0,2	0,0,0,0,0,0,0,0,0,0,0,0,0,0,0,1	0,0,0,0,1176,0,4,5,2,2,756,0,0,0,894,105	220	149	1	1.0	NA,0.0,0.0,NA,0.0	NA,NA,NA,NA,0.0,NA,0.0,0.0,0.0,0.0,0.0,NA,NA,NA,0.0,0.006	-0.001
72	0,2,0,0,0	0,25,0,0,0	0,0,0,0,66,0,0,0,0,0,2,0,0,0,1,1	0,0,0,0,88,0,0,0,0,0,89,0,0,0,8,12	200	149	1	1.0	NA,0.056,NA,NA,NA	NA,NA,NA,NA,0.358,NA,NA,NA,NA,NA,0.016,NA,NA,NA,0.085,0.058	-0.073
73	0,10,0,0,0	0,103,0,0,0	0,0,0,0,2,0,0,0,0,0,10,0,0,0,0,0	0,0,0,0,337,0,0,0,0,0,117,0,0,0,2,0	153	149	1	1.0	NA,0.086,NA,NA,NA	NA,NA,NA,NA,0.006,NA,NA,NA,NA,NA,0.077,NA,NA,NA,0.0,NA	0.058
78	0,0,0,0,0	0,4,0,0,0	0,0,0,0,0,0,0,0,0,0,0,0,0,0,7,3	0,0,0,0,33,0,0,2,0,0,18,0,0,0,16,1	298	149	1	1.0	NA,0.0,NA,NA,NA	NA,NA,NA,NA,0.0,NA,NA,0.0,NA,NA,0.0,NA,NA,NA,0.179,0.6	-0.156
79	0,3,0,0,0	0,0,0,0,0	0,0,0,0,25,0,0,2,0,0,13,0,0,0,17,0	0,0,0,0,0,0,0,0,0,0,2,0,0,0,0,0	153	149	1	1.0	NA,1.0,NA,NA,NA	NA,NA,NA,NA,1.0,NA,NA,1.0,NA,NA,0.864,NA,NA,NA,1.0,NA	0.034
81	0,19,0,0,0	0,0,0,0,0	0,0,0,0,49,0,0,0,0,0,45,0,0,0,40,5	0,0,0,0,0,0,0,0,0,0,5,0,0,0,0,0	273	149	1	1.0	NA,1.0,NA,NA,NA	NA,NA,NA,NA,1.0,NA,NA,NA,NA,NA,0.831,NA,NA,NA,1.0,1.0	0.042
82	0,0,0,0,0	0,58,0,0,0	0,0,0,0,7,0,0,0,0,0,0,0,0,0,3,0	0,0,0,0,25,0,0,0,0,0,33,0,0,0,17,4	177	149	1	1.0	NA,0.0,NA,NA,NA	NA,NA,NA,NA,0.191,NA,NA,NA,NA,NA,0.0,NA,NA,NA,0.129,0.0	-0.08
83	0,0,0,0,0	0,20,0,0,0	0,0,0,0,8,0,0,0,0,0,13,0,0,0,16,5	0,0,0,0,96,0,0,0,0,0,57,0,0,0,74,3	298	149	1	1.0	NA,0.0,NA,NA,NA	NA,NA,NA,NA,0.04,NA,NA,NA,NA,NA,0.102,NA,NA,NA,0.098,0.455	-0.174
84	0,0,0,0,0	0,20,0,0,0	0,0,0,0,0,0,0,0,0,0,13,0,0,0,16,5	0,0,0,0,96,0,0,0,0,0,57,0,0,0,74,3	298	149	1	1.0	NA,0.0,NA,NA,NA	NA,NA,NA,NA,0.0,NA,NA,NA,NA,NA,0.102,NA,NA,NA,0.098,0.455	-0.164
87	0,125,0,0,0	0,0,0,0,0	0,0,0,0,295,0,0,0,0,0,572,0,0,0,55,18	0,0,0,0,0,0,0,0,0,0,26,0,0,0,0,0	230	149	1	1.0	NA,1.0,NA,NA,NA	NA,NA,NA,NA,1.0,NA,NA,NA,NA,NA,0.934,NA,NA,NA,1.0,1.0	0.016
90	0,0,0,0,0	0,11,0,0,0	0,0,0,0,2,0,0,0,0,0,5,0,0,0,1,2	0,0,0,0,39,0,0,0,0,0,75,0,0,0,0,13	196	149	1	1.0	NA,0.0,NA,NA,NA	NA,NA,NA,NA,0.038,NA,NA,NA,NA,NA,0.048,NA,NA,NA,1.0,0.105	-0.298
91	0,11,0,0,0	0,77,0,0,0	0,0,0,0,0,0,0,0,0,0,0,0,0,0,0,0	0,0,0,0,18,0,0,0,0,2,75,0,0,0,34,0	164	149	1	1.0	NA,0.115,NA,NA,NA	NA,NA,NA,NA,0.0,NA,NA,NA,NA,0.0,0.0,NA,NA,NA,0.0,NA	0.115
92	0,115,0,0,0	0,26,0,0,0	0,0,0,0,501,0,0,0,0,0,593,0,0,0,191,12	0,0,0,0,40,0,0,0,0,0,17,0,0,0,7,0	298	149	1	1.0	NA,0.689,NA,NA,NA	NA,NA,NA,NA,0.862,NA,NA,NA,NA,NA,0.946,NA,NA,NA,0.932,1.0	-0.246
93	0,177,0,0,0	0,5,0,0,0	0,0,0,0,349,0,0,4,4,0,138,0,0,0,111,22	0,0,0,0,14,0,0,0,0,0,5,0,0,0,0,0	204	149	1	1.0	NA,0.963,NA,NA,NA	NA,NA,NA,NA,0.948,NA,NA,1.0,1.0,NA,0.953,NA,NA,NA,1.0,1.0	-0.02
94	0,9,0,0,0	0,57,0,0,0	0,0,0,0,90,0,0,0,0,0,11,0,0,0,23,10	0,0,0,0,64,0,0,0,4,0,22,0,0,0,39,4	154	149	1	1.0	NA,0.133,NA,NA,NA	NA,NA,NA,NA,0.576,NA,NA,NA,0.0,NA,0.326,NA,NA,NA,0.363,0.708	-0.262
95	0,22,0,0,0	0,4,0,0,0	0,0,0,0,12,0,0,2,0,0,15,0,0,0,3,2	0,0,0,0,18,0,0,0,0,0,10,0,0,0,6,2	154	149	1	1.0	NA,0.842,NA,NA,NA	NA,NA,NA,NA,0.392,NA,NA,1.0,NA,NA,0.592,NA,NA,NA,0.326,0.492	0.282
101	0,7,0,0,0	0,13,0,0,0	0,0,0,0,0,0,0,0,0,0,15,0,0,0,25,0	0,0,0,0,12,0,0,0,0,0,20,0,0,0,13,1	240	149	1	1.0	NA,0.251,NA,NA,NA	NA,NA,NA,NA,0.0,NA,NA,NA,NA,NA,0.318,NA,NA,NA,0.544,0.0	0.035
104	0,22,0,0,2	0,0,0,0,0	0,0,0,0,98,0,0,0,0,0,88,0,0,0,34,29	0,0,0,0,0,0,0,0,0,0,6,0,0,0,0,0	236	149	1	1.0	NA,1.0,NA,NA,1.0	NA,NA,NA,NA,1.0,NA,NA,NA,NA,NA,0.903,NA,NA,NA,1.0,1.0	0.024
106	0,2,0,0,0	0,13,0,0,0	0,0,0,0,49,0,0,0,0,0,2,0,0,0,0,2	0,0,0,0,8,0,0,0,0,0,0,0,0,0,0,1	153	149	1	1.0	NA,0.13,NA,NA,NA	NA,NA,NA,NA,0.856,NA,NA,NA,NA,NA,1.0,NA,NA,NA,NA,0.661	-0.709
107	0,2,0,0,0	0,0,0,0,0	0,0,0,0,19,0,0,0,0,0,2,0,0,0,5,3	0,0,0,0,0,0,0,0,0,0,4,0,0,0,0,4	156	149	1	1.0	NA,1.0,NA,NA,NA	NA,NA,NA,NA,1.0,NA,NA,NA,NA,NA,0.323,NA,NA,NA,1.0,0.417	0.315
109	0,20,0,0,0	0,0,0,0,0	0,0,0,0,103,0,0,0,0,0,20,0,0,0,24,16	0,0,0,0,0,0,0,0,0,0,5,0,0,0,0,0	298	149	1	1.0	NA,1.0,NA,NA,NA	NA,NA,NA,NA,1.0,NA,NA,NA,NA,NA,0.667,NA,NA,NA,1.0,1.0	0.083
111	0,123,0,0,0	0,79,0,0,0	0,0,0,0,39,0,0,0,0,0,86,0,0,0,0,3	0,0,0,0,22,0,0,0,0,0,53,0,0,0,0,1	208	149	1	1.0	NA,0.527,NA,NA,NA	NA,NA,NA,NA,0.559,NA,NA,NA,NA,NA,0.538,NA,NA,NA,NA,0.682	-0.066
112	0,16,0,0,0	0,36,0,0,0	0,0,0,0,4,0,0,0,0,0,0,0,0,0,0,10	0,0,0,0,58,0,0,0,0,0,0,0,0,0,5,0	159	149	1	1.0	NA,0.294,NA,NA,NA	NA,NA,NA,NA,0.061,NA,NA,NA,NA,NA,NA,NA,NA,NA,0.0,1.0	-0.06
116	0,43,0,0,0	0,0,0,0,0	0,0,0,0,58,0,0,0,0,0,15,0,0,0,0,2	0,0,0,0,13,0,0,0,0,0,0,0,0,0,0,0	208	149	1	1.0	NA,1.0,NA,NA,NA	NA,NA,NA,NA,0.762,NA,NA,NA,NA,NA,1.0,NA,NA,NA,NA,1.0	0.079
117	0,4,0,0,0	0,47,0,0,0	0,0,0,0,0,0,0,0,0,0,0,0,0,0,0,0	0,0,0,0,35,0,0,0,0,0,1,0,0,0,0,4	165	149	1	1.0	NA,0.071,NA,NA,NA	NA,NA,NA,NA,0.0,NA,NA,NA,NA,NA,0.0,NA,NA,NA,NA,0.0	0.071
120	0,34,0,0,0	0,0,0,0,0	0,0,0,0,32,0,0,0,0,0,16,0,0,0,12,28	0,0,0,0,0,0,0,0,0,0,4,0,0,0,0,4	211	149	1	1.0	NA,1.0,NA,NA,NA	NA,NA,NA,NA,1.0,NA,NA,NA,NA,NA,0.739,NA,NA,NA,1.0,0.832	0.107
124	0,68,0,0,0	0,3,0,0,0	0,0,0,0,340,0,0,0,0,0,84,0,0,0,0,0	0,0,0,0,0,0,0,0,0,0,0,0,0,0,0,0	227	149	1	1.0	NA,0.937,NA,NA,NA	NA,NA,NA,NA,1.0,NA,NA,NA,NA,NA,1.0,NA,NA,NA,NA,NA	-0.063
126	0,46,0,0,0	0,0,0,0,0	0,0,0,0,246,0,0,0,0,0,110,0,0,0,28,55	0,0,0,0,0,0,0,0,0,0,0,0,0,0,0,1	298	149	1	1.0	NA,1.0,NA,NA,NA	NA,NA,NA,NA,1.0,NA,NA,NA,NA,NA,1.0,NA,NA,NA,1.0,0.965	0.009
129	0,0,0,0,0	0,29,0,0,0	0,0,0,0,0,0,3,0,0,0,21,0,0,0,21,0	0,0,0,0,121,0,0,0,0,0,227,0,0,0,163,12	184	149	1	1.0	NA,0.0,NA,NA,NA	NA,NA,NA,NA,0.0,NA,1.0,NA,NA,NA,0.07,NA,NA,NA,0.094,0.0	-0.233
132	0,0,0,0,0	0,4,0,0,0	0,0,0,0,30,0,0,0,0,0,10,0,0,0,2,6	0,0,0,0,0,0,0,0,0,0,14,0,0,0,27,24	298	149	1	1.0	NA,0.0,NA,NA,NA	NA,NA,NA,NA,1.0,NA,NA,NA,NA,NA,0.263,NA,NA,NA,0.036,0.111	-0.352
135	0,0,0,0,0	0,2,0,0,0	0,0,0,0,0,0,0,0,0,0,3,0,0,0,0,0	0,0,0,0,0,0,0,0,0,0,7,0,0,0,10,0	154	149	1	1.0	NA,0.0,NA,NA,NA	NA,NA,NA,NA,NA,NA,NA,NA,NA,NA,0.293,NA,NA,NA,0.0,NA	-0.146
137	0,10,0,0,0	0,13,0,0,0	0,0,0,0,0,0,0,2,0,0,4,0,0,0,0,0	0,0,0,0,49,0,0,0,0,0,29,0,0,0,11,1	210	149	1	1.0	NA,0.353,NA,NA,NA	NA,NA,NA,NA,0.0,NA,NA,1.0,NA,NA,0.089,NA,NA,NA,0.0,0.0	0.135
138	0,21027,0,0,4	0,2,0,0,0	0,0,0,0,28797,0,0,4,4,6,26719,0,0,0,970,473	0,0,0,0,0,0,0,0,0,0,7,0,0,0,0,6	168	149	1	1.0	NA,1.0,NA,NA,1.0	NA,NA,NA,NA,1.0,NA,NA,1.0,1.0,1.0,1.0,NA,NA,NA,1.0,0.986	0.002
144	0,5,0,0,0	0,53,0,0,0	0,0,0,0,15,0,0,0,0,0,34,0,0,0,0,0	0,0,0,0,65,0,0,0,0,0,275,0,0,0,5,21	298	149	1	1.0	NA,0.045,NA,NA,NA	NA,NA,NA,NA,0.103,NA,NA,NA,NA,NA,0.058,NA,NA,NA,0.0,0.0	0.005
148	0,0,0,0,0	0,13,0,0,0	0,0,0,0,19,0,0,0,0,0,0,0,0,0,0,1	0,0,0,0,38,0,0,0,0,0,56,0,0,0,1,1	169	149	1	1.0	NA,0.0,NA,NA,NA	NA,NA,NA,NA,0.306,NA,NA,NA,NA,NA,0.0,NA,NA,NA,0.0,0.469	-0.194
150	0,23,0,0,0	0,6,0,0,0	0,0,0,0,267,0,0,0,0,0,9,0,0,0,0,1	0,0,0,0,448,0,0,0,0,0,148,0,0,0,54,4	298	149	1	1.0	NA,0.657,NA,NA,NA	NA,NA,NA,NA,0.23,NA,NA,NA,NA,NA,0.03,NA,NA,NA,0.0,0.111	0.564
151	0,0,0,0,0	0,23,0,0,0	0,0,0,0,27,0,0,0,0,0,6,0,0,0,0,0	0,0,0,0,358,0,0,0,0,0,165,0,0,0,35,1	298	149	1	1.0	NA,0.0,NA,NA,NA	NA,NA,NA,NA,0.036,NA,NA,NA,NA,NA,0.018,NA,NA,NA,0.0,0.0	-0.013
152	0,0,0,0,0	0,4,0,0,0	0,0,0,0,31,0,0,0,0,0,3,0,0,0,0,0	0,0,0,0,134,0,0,0,0,0,31,0,0,0,7,0	298	149	1	1.0	NA,0.0,NA,NA,NA	NA,NA,NA,NA,0.104,NA,NA,NA,NA,NA,0.046,NA,NA,NA,0.0,NA	-0.05
153	0,15,0,0,0	0,15,0,0,0	0,0,0,0,900,0,0,0,0,0,229,0,0,0,117,1	0,0,0,0,117,0,0,0,0,0,24,0,0,0,0,0	243	149	1	1.0	NA,0.38,NA,NA,NA	NA,NA,NA,NA,0.825,NA,NA,NA,NA,NA,0.854,NA,NA,NA,1.0,1.0	-0.54
154	0,37,0,0,0	0,7,0,0,0	0,0,0,0,47,0,0,0,0,0,109,0,0,0,10,3	0,0,0,0,12,0,0,0,0,0,18,0,0,0,4,0	228	149	1	1.0	NA,0.775,NA,NA,NA	NA,NA,NA,NA,0.719,NA,NA,NA,NA,NA,0.798,NA,NA,NA,0.62,1.0	-0.009
156	0,375,0,0,0	0,0,0,0,0	0,0,0,0,537,0,0,0,0,0,776,0,0,0,10,47	0,0,0,0,0,0,0,0,0,0,1,0,0,0,0,0	298	149	1	1.0	NA,1.0,NA,NA,NA	NA,NA,NA,NA,1.0,NA,NA,NA,NA,NA,0.997,NA,NA,NA,1.0,1.0	0.001
158	0,0,0,0,0	0,5,0,0,0	0,0,0,0,0,0,0,0,0,0,10,0,0,0,15,0	0,0,0,0,0,0,0,0,0,0,0,0,0,0,6,0	245	149	1	1.0	NA,0.0,NA,NA,NA	NA,NA,NA,NA,NA,NA,NA,NA,NA,NA,1.0,NA,NA,NA,0.603,NA	-0.801
159	0,1,0,0,0	0,3,0,0,0	0,0,0,0,65,0,0,0,0,0,15,0,0,0,25,0	0,0,0,0,0,0,0,0,0,0,8,0,0,0,29,6	298	149	1	1.0	NA,0.143,NA,NA,NA	NA,NA,NA,NA,1.0,NA,NA,NA,NA,NA,0.484,NA,NA,NA,0.301,0.0	-0.303
161	0,29,0,0,0	0,10,0,0,0	0,0,0,0,45,0,0,0,0,0,96,0,0,0,23,7	0,0,0,0,11,0,0,0,0,0,18,0,0,0,8,0	201	149	1	1.0	NA,0.683,NA,NA,NA	NA,NA,NA,NA,0.752,NA,NA,NA,NA,NA,0.798,NA,NA,NA,0.681,1.0	-0.125
163	0,16,0,0,0	0,0,0,0,0	0,0,0,0,5,0,0,0,0,0,0,0,0,0,0,0	0,0,0,0,52,0,0,0,0,0,0,0,0,0,0,0	229	149	1	1.0	NA,1.0,NA,NA,NA	NA,NA,NA,NA,0.059,NA,NA,NA,NA,NA,NA,NA,NA,NA,NA,NA	0.941
170	0,36,0,0,0	0,8,0,0,0	0,0,0,0,22,0,0,0,0,0,20,0,0,0,0,11	0,0,0,0,0,0,0,0,0,0,1,0,0,0,0,0	290	149	1	1.0	NA,0.698,NA,NA,NA	NA,NA,NA,NA,1.0,NA,NA,NA,NA,NA,0.911,NA,NA,NA,NA,1.0	-0.272
172	0,27,0,0,0	0,7,0,0,0	0,0,0,0,93,0,0,0,0,0,24,0,0,0,30,2	0,0,0,0,36,0,0,0,0,0,5,0,0,0,8,5	164	149	1	1.0	NA,0.778,NA,NA,NA	NA,NA,NA,NA,0.701,NA,NA,NA,NA,NA,0.813,NA,NA,NA,0.773,0.267	0.14
173	0,33,0,0,0	0,0,0,0,0	0,0,0,0,39,0,0,0,0,0,47,0,0,0,56,0	0,0,0,0,0,0,0,0,0,0,2,0,0,0,0,0	298	149	1	1.0	NA,1.0,NA,NA,NA	NA,NA,NA,NA,1.0,NA,NA,NA,NA,NA,0.922,NA,NA,NA,1.0,NA	0.026
175	0,72,0,0,0	0,373,0,0,0	0,0,0,0,18,0,0,0,0,0,137,0,0,0,2,0	0,0,0,0,439,0,0,0,0,0,736,0,0,0,8,3	158	149	1	1.0	NA,0.154,NA,NA,NA	NA,NA,NA,NA,0.037,NA,NA,NA,NA,NA,0.149,NA,NA,NA,0.191,0.0	0.06
176	0,41374,0,0,0	0,478,0,0,0	0,0,0,0,60342,0,0,17,0,8,62742,0,0,0,9077,987	0,0,0,0,659,0,0,0,0,0,327,0,0,0,39,5	159	149	1	1.0	NA,0.988,NA,NA,NA	NA,NA,NA,NA,0.988,NA,NA,1.0,NA,1.0,0.994,NA,NA,NA,0.995,0.995	-0.007
177	0,136,0,0,0	0,478,0,0,0	0,0,0,0,196,0,0,0,2,0,63,0,0,0,41,51	0,0,0,0,659,0,0,0,0,0,327,0,0,0,39,5	298	149	1	1.0	NA,0.125,NA,NA,NA	NA,NA,NA,NA,0.129,NA,NA,NA,1.0,NA,0.088,NA,NA,NA,0.345,0.836	-0.355
178	0,137,0,0,0	0,41374,0,0,0	0,0,0,0,196,0,0,0,2,0,57,0,0,0,41,55	0,0,0,0,60342,0,0,17,0,8,62732,0,0,0,9077,987	298	149	1	1.0	NA,0.002,NA,NA,NA	NA,NA,NA,NA,0.002,NA,NA,0.0,1.0,0.0,0.0,NA,NA,NA,0.002,0.027	-0.145
181	0,40108,0,0,8	0,0,0,0,0	0,0,0,0,57234,0,0,26,16,12,53745,0,0,0,10644,2597	0,0,0,0,9,0,0,0,0,0,11,0,0,0,0,0	298	149	1	1.0	NA,1.0,NA,NA,1.0	NA,NA,NA,NA,1.0,NA,NA,1.0,1.0,1.0,1.0,NA,NA,NA,1.0,1.0	0.0
182	0,0,0,0,0	0,17,0,0,0	0,0,0,0,1,0,0,0,0,0,1,0,0,0,0,0	0,0,0,0,16,0,0,0,0,0,26,0,0,0,4,0	153	149	1	1.0	NA,0.0,NA,NA,NA	NA,NA,NA,NA,0.057,NA,NA,NA,NA,NA,0.036,NA,NA,NA,0.0,NA	-0.031
183	0,44668,0,0,8	0,0,0,0,0	0,0,0,0,51719,0,0,9,16,2,52334,0,0,0,4608,4050	0,0,0,0,0,0,0,0,0,0,6,0,0,0,0,0	298	149	1	1.0	NA,1.0,NA,NA,1.0	NA,NA,NA,NA,1.0,NA,NA,1.0,1.0,1.0,1.0,NA,NA,NA,1.0,1.0	0.0
184	0,321,0,0,0	0,44545,0,0,8	0,0,0,0,417,0,0,0,0,0,385,0,0,0,207,71	0,0,0,0,51538,0,0,9,14,2,52285,0,0,0,4571,3995	173	149	1	1.0	NA,0.006,NA,NA,0.0	NA,NA,NA,NA,0.007,NA,NA,0.0,0.0,0.0,0.006,NA,NA,NA,0.038,0.015	-0.006
185	0,59,0,0,0	0,4,0,0,0	0,0,0,0,80,0,0,0,0,0,49,0,0,0,13,20	0,0,0,0,0,0,0,0,0,0,0,0,0,0,0,0	298	149	1	1.0	NA,0.881,NA,NA,NA	NA,NA,NA,NA,1.0,NA,NA,NA,NA,NA,1.0,NA,NA,NA,1.0,1.0	-0.119
186	0,33502,2,0,24	0,4,0,0,0	0,0,0,0,31338,0,0,34,12,14,33678,0,0,0,15127,17053	0,0,0,0,0,0,0,0,0,0,0,0,0,0,0,0	298	149	1	1.0	NA,1.0,1.0,NA,1.0	NA,NA,NA,NA,1.0,NA,NA,1.0,1.0,1.0,1.0,NA,NA,NA,1.0,1.0	0.0
187	0,22,0,0,0	0,312,0,0,0	0,0,0,0,29,0,0,0,0,0,13,0,0,0,13,0	0,0,0,0,489,0,0,0,0,0,886,0,0,0,404,50	284	149	1	1.0	NA,0.036,NA,NA,NA	NA,NA,NA,NA,0.03,NA,NA,NA,NA,NA,0.008,NA,NA,NA,0.017,0.0	0.022
188	0,33,0,0,0	0,270,0,0,0	0,0,0,0,0,0,0,0,0,0,10,0,0,0,0,0	0,0,0,0,578,0,0,0,0,0,883,0,0,0,92,68	266	149	1	1.0	NA,0.064,NA,NA,NA	NA,NA,NA,NA,0.0,NA,NA,NA,NA,NA,0.006,NA,NA,NA,0.0,0.0	0.062
190	0,16,0,0,0	0,0,0,0,0	0,0,0,0,48,0,0,0,0,0,37,0,0,0,2,3	0,0,0,0,17,0,0,0,0,0,4,0,0,0,0,0	204	149	1	1.0	NA,1.0,NA,NA,NA	NA,NA,NA,NA,0.673,NA,NA,NA,NA,NA,0.871,NA,NA,NA,1.0,1.0	0.114
191	0,32,0,0,0	0,24,0,0,0	0,0,0,0,28,0,0,0,0,0,16,0,0,0,26,6	0,0,0,0,4,0,0,0,0,0,35,0,0,0,0,13	161	149	1	1.0	NA,0.552,NA,NA,NA	NA,NA,NA,NA,0.866,NA,NA,NA,NA,NA,0.297,NA,NA,NA,1.0,0.299	-0.064
192	0,275,0,0,0	0,24,0,0,0	0,0,0,0,260,0,0,1,0,0,213,0,0,0,181,104	0,0,0,0,4,0,0,0,0,0,35,0,0,0,0,13	298	149	1	1.0	NA,0.851,NA,NA,NA	NA,NA,NA,NA,0.97,NA,NA,1.0,NA,NA,0.753,NA,NA,NA,1.0,0.8	-0.054
193	0,276,0,0,0	0,20,0,0,0	0,0,0,0,250,0,0,1,0,0,218,0,0,0,155,106	0,0,0,0,16,0,0,0,0,0,11,0,0,0,0,6	298	149	1	1.0	NA,0.873,NA,NA,NA	NA,NA,NA,NA,0.887,NA,NA,1.0,NA,NA,0.908,NA,NA,NA,1.0,0.898	-0.066
199	0,0,0,0,0	0,260,0,0,0	0,0,0,0,13,0,0,0,0,0,0,0,0,0,14,1	0,0,0,0,3400,0,0,1,0,4,925,0,0,0,120,12	190	149	1	1.0	NA,0.0,NA,NA,NA	NA,NA,NA,NA,0.003,NA,NA,0.0,NA,0.0,0.0,NA,NA,NA,0.084,0.061	-0.025
200	0,5,0,0,0	0,3,0,0,0	0,0,0,0,212,2,0,0,0,0,52,0,0,0,72,17	0,0,0,0,14,0,0,0,0,0,16,0,0,0,10,0	298	149	1	1.0	NA,0.455,NA,NA,NA	NA,NA,NA,NA,0.883,1.0,NA,NA,NA,NA,0.619,NA,NA,NA,0.783,1.0	-0.402
201	0,50,0,0,0	0,34,0,0,0	0,0,0,0,83,0,0,0,0,0,21,0,0,0,19,2	0,0,0,0,82,0,0,0,0,0,98,0,0,0,0,12	298	149	1	1.0	NA,0.424,NA,NA,NA	NA,NA,NA,NA,0.336,NA,NA,NA,NA,NA,0.097,NA,NA,NA,1.0,0.077	0.046
202	0,18,0,0,0	0,988,0,0,0	0,0,0,0,149,0,0,0,0,0,33,0,0,0,1,1	0,0,0,0,4166,0,0,0,0,1,3197,0,0,0,358,124	232	149	1	1.0	NA,0.012,NA,NA,NA	NA,NA,NA,NA,0.022,NA,NA,NA,NA,0.0,0.007,NA,NA,NA,0.002,0.005	0.005
203	0,8,0,0,0	0,76,0,0,0	0,0,0,0,2,0,0,0,0,0,11,0,0,0,0,0	0,0,0,0,489,0,0,0,0,0,958,0,0,0,92,19	233	149	1	1.0	NA,0.063,NA,NA,NA	NA,NA,NA,NA,0.003,NA,NA,NA,NA,NA,0.007,NA,NA,NA,0.0,0.0	0.06
208	0,122,0,0,0	0,0,0,0,0	0,0,0,0,254,0,0,0,0,0,545,0,0,0,122,67	0,0,0,0,3,0,0,0,0,0,0,0,0,0,0,0	234	149	1	1.0	NA,1.0,NA,NA,NA	NA,NA,NA,NA,0.982,NA,NA,NA,NA,NA,1.0,NA,NA,NA,1.0,1.0	0.004
209	0,38,0,0,0	0,0,0,0,0	0,0,0,0,145,0,0,0,0,0,73,0,0,0,0,3	0,0,0,0,96,0,0,0,0,0,25,0,0,0,1,1	164	149	1	1.0	NA,1.0,NA,NA,NA	NA,NA,NA,NA,0.578,NA,NA,NA,NA,NA,0.726,NA,NA,NA,0.0,0.732	0.491
211	0,66,0,0,0	0,195,0,0,0	0,0,0,0,123,0,0,0,0,0,153,0,0,0,0,1	0,0,0,0,107,0,0,0,0,0,353,0,0,0,27,9	191	149	1	1.0	NA,0.209,NA,NA,NA	NA,NA,NA,NA,0.473,NA,NA,NA,NA,NA,0.253,NA,NA,NA,0.0,0.08	0.008
212	0,752,0,0,0	0,131992,327,0,128	0,0,0,0,50,0,0,0,0,0,124,0,0,0,122,10	0,0,0,0,17182,58,46,130,4,28,19171,0,0,0,26742,2642	183	149	1	1.0	NA,0.005,0.0,NA,0.0	NA,NA,NA,NA,0.002,0.0,0.0,0.0,0.0,0.0,0.005,NA,NA,NA,0.004,0.003	0.0
214	0,187,0,0,0	0,14,0,0,0	0,0,0,0,224,0,0,2,0,0,566,0,0,0,225,26	0,0,0,0,55,0,0,0,0,0,73,0,0,0,37,11	284	149	1	1.0	NA,0.875,NA,NA,NA	NA,NA,NA,NA,0.681,NA,NA,1.0,NA,NA,0.803,NA,NA,NA,0.761,0.554	0.115
215	0,8,0,0,0	0,0,0,0,0	0,0,0,0,0,0,0,0,0,0,5,0,0,0,0,1	0,0,0,0,0,0,0,0,0,0,0,0,0,0,0,1	161	149	1	1.0	NA,1.0,NA,NA,NA	NA,NA,NA,NA,NA,NA,NA,NA,NA,NA,1.0,NA,NA,NA,NA,0.481	0.26
218	0,0,0,0,0	0,41,0,0,0	0,0,0,0,9,0,0,0,0,0,1,0,0,0,0,0	0,0,0,0,179,0,0,0,1,1,255,0,0,0,90,8	298	149	1	1.0	NA,0.0,NA,NA,NA	NA,NA,NA,NA,0.025,NA,NA,NA,0.0,0.0,0.002,NA,NA,NA,0.0,0.0	-0.005
220	0,171,0,0,0	0,49,0,0,0	0,0,0,0,77,0,0,0,0,0,95,0,0,0,1,5	0,0,0,0,14,0,0,0,0,0,35,0,0,0,3,2	155	149	1	1.0	NA,0.77,NA,NA,NA	NA,NA,NA,NA,0.841,NA,NA,NA,NA,NA,0.723,NA,NA,NA,0.243,0.706	0.142
222	0,10,0,0,0	0,271,0,0,0	0,0,0,0,64,0,0,0,0,0,19,0,0,0,0,0	0,0,0,0,445,0,0,2,0,0,535,0,0,0,49,6	298	149	1	1.0	NA,0.018,NA,NA,NA	NA,NA,NA,NA,0.067,NA,NA,0.0,NA,NA,0.017,NA,NA,NA,0.0,0.0	0.001
224	0,0,0,0,0	0,104,0,0,0	0,0,0,0,0,0,0,0,0,0,0,0,0,0,0,2	0,0,0,0,263,0,0,0,0,0,459,0,0,0,82,17	161	149	1	1.0	NA,0.0,NA,NA,NA	NA,NA,NA,NA,0.0,NA,NA,NA,NA,NA,0.0,NA,NA,NA,0.0,0.098	-0.025
227	0,17,0,0,0	0,0,0,0,0	0,0,0,0,18,0,0,0,0,0,47,0,0,0,6,7	0,0,0,0,0,0,0,0,0,0,4,0,0,0,0,0	176	149	1	1.0	NA,1.0,NA,NA,NA	NA,NA,NA,NA,1.0,NA,NA,NA,NA,NA,0.909,NA,NA,NA,1.0,1.0	0.023
229	0,82,0,0,0	0,0,0,0,0	0,0,0,0,188,0,0,0,0,0,462,0,0,0,120,53	0,0,0,0,0,0,0,0,0,0,4,0,0,0,0,0	173	149	1	1.0	NA,1.0,NA,NA,NA	NA,NA,NA,NA,1.0,NA,NA,NA,NA,NA,0.99,NA,NA,NA,1.0,1.0	0.002
230	0,13,0,0,0	0,0,0,0,0	0,0,0,0,18,0,0,0,0,0,41,0,0,0,6,7	0,0,0,0,0,0,0,0,0,0,4,0,0,0,0,0	166	149	1	1.0	NA,1.0,NA,NA,NA	NA,NA,NA,NA,1.0,NA,NA,NA,NA,NA,0.902,NA,NA,NA,1.0,1.0	0.024
231	0,0,0,0,0	0,79,0,0,0	0,0,0,0,0,0,0,0,0,0,0,0,0,0,1,5	0,0,0,0,161,0,0,0,0,0,286,0,0,0,2,21	298	149	1	1.0	NA,0.0,NA,NA,NA	NA,NA,NA,NA,0.0,NA,NA,NA,NA,NA,0.0,NA,NA,NA,0.2,0.106	-0.076
234	0,78,0,0,0	0,8,0,0,0	0,0,0,0,287,0,0,0,0,0,185,0,0,0,2,115	0,0,0,0,24,0,0,0,0,0,12,0,0,0,0,3	164	149	1	1.0	NA,0.899,NA,NA,NA	NA,NA,NA,NA,0.916,NA,NA,NA,NA,NA,0.933,NA,NA,NA,1.0,0.972	-0.056
236	0,1,0,0,0	0,0,0,0,0	0,0,0,0,18,0,0,0,0,0,0,0,0,0,0,0	0,0,0,0,0,0,0,0,0,0,1,0,0,0,0,0	298	149	1	1.0	NA,1.0,NA,NA,NA	NA,NA,NA,NA,1.0,NA,NA,NA,NA,NA,0.0,NA,NA,NA,NA,NA	0.5
237	0,0,0,0,0	0,5,0,0,0	0,0,0,0,36,0,0,0,0,0,0,0,0,0,0,0	0,0,0,0,18,0,0,0,0,0,0,0,0,0,0,0	298	149	1	1.0	NA,0.0,NA,NA,NA	NA,NA,NA,NA,0.5,NA,NA,NA,NA,NA,NA,NA,NA,NA,NA,NA	-0.5
238	0,0,0,0,0	0,440,2,0,0	0,0,0,0,36,0,0,0,0,0,0,0,0,0,0,0	0,0,0,0,893,0,0,2,0,0,162,0,0,0,40,0	298	149	1	1.0	NA,0.0,0.0,NA,NA	NA,NA,NA,NA,0.02,NA,NA,0.0,NA,NA,0.0,NA,NA,NA,0.0,NA	-0.005
240	0,20,0,0,0	0,195,0,0,0	0,0,0,0,28,0,0,0,0,0,12,0,0,0,10,9	0,0,0,0,392,0,0,0,0,0,365,0,0,0,12,3	237	149	1	1.0	NA,0.061,NA,NA,NA	NA,NA,NA,NA,0.043,NA,NA,NA,NA,NA,0.02,NA,NA,NA,0.344,0.654	-0.204
242	0,13,0,0,0	0,2075,4,0,18	0,0,0,0,0,0,0,0,0,0,0,0,0,0,0,0	0,0,0,0,6,0,0,0,0,2,0,0,0,0,27,0	159	149	1	1.0	NA,0.006,0.0,NA,0.0	NA,NA,NA,NA,0.0,NA,NA,NA,NA,0.0,NA,NA,NA,NA,0.0,NA	0.002
244	0,7,0,0,0	0,6,0,0,0	0,0,0,0,16,0,0,0,0,0,20,0,0,0,0,1	0,0,0,0,0,0,0,0,0,0,6,0,0,0,0,0	265	149	1	1.0	NA,0.396,NA,NA,NA	NA,NA,NA,NA,1.0,NA,NA,NA,NA,NA,0.652,NA,NA,NA,NA,1.0	-0.488
245	0,39,0,0,0	0,0,0,0,0	0,0,0,0,78,0,0,0,0,0,39,0,0,0,0,1	0,0,0,0,0,0,0,0,0,0,3,0,0,0,0,0	211	149	1	1.0	NA,1.0,NA,NA,NA	NA,NA,NA,NA,1.0,NA,NA,NA,NA,NA,0.902,NA,NA,NA,NA,1.0	0.033
247	0,177,0,0,0	0,27,0,0,0	0,0,0,0,178,0,0,0,0,0,618,0,0,0,3,4	0,0,0,0,23,0,0,0,0,0,57,0,0,0,0,0	298	149	1	1.0	NA,0.766,NA,NA,NA	NA,NA,NA,NA,0.795,NA,NA,NA,NA,NA,0.844,NA,NA,NA,1.0,1.0	-0.144
248	0,2282,0,0,0	0,27,0,0,0	0,0,0,0,2097,0,0,5,0,0,5066,0,0,0,88,130	0,0,0,0,23,0,0,0,0,0,57,0,0,0,0,0	168	149	1	1.0	NA,0.987,NA,NA,NA	NA,NA,NA,NA,0.988,NA,NA,1.0,NA,NA,0.987,NA,NA,NA,1.0,1.0	-0.008
249	0,42,0,0,0	0,0,0,0,0	0,0,0,0,83,0,0,0,0,0,131,0,0,0,0,2	0,0,0,0,0,0,0,0,0,0,8,0,0,0,0,0	298	149	1	1.0	NA,1.0,NA,NA,NA	NA,NA,NA,NA,1.0,NA,NA,NA,NA,NA,0.891,NA,NA,NA,NA,1.0	0.036
250	0,18,0,0,0	0,18,0,0,0	0,0,0,0,22,0,0,2,0,0,11,0,0,0,0,0	0,0,0,0,41,0,0,0,0,0,47,0,0,0,0,8	202	149	1	1.0	NA,0.425,NA,NA,NA	NA,NA,NA,NA,0.284,NA,NA,1.0,NA,NA,0.147,NA,NA,NA,NA,0.0	0.067
251	0,4,0,0,0	0,99,0,0,0	0,0,0,0,0,0,0,0,0,0,0,0,0,0,0,0	0,0,0,0,169,0,0,2,0,0,562,0,0,0,131,38	196	149	1	1.0	NA,0.03,NA,NA,NA	NA,NA,NA,NA,0.0,NA,NA,0.0,NA,NA,0.0,NA,NA,NA,0.0,0.0	0.03
252	0,14959,2,0,8	0,0,0,0,0	0,0,0,0,14803,0,0,0,4,4,21002,0,0,0,421,37	0,0,0,0,0,0,0,0,0,0,7,0,0,0,0,0	292	149	1	1.0	NA,1.0,1.0,NA,1.0	NA,NA,NA,NA,1.0,NA,NA,NA,1.0,1.0,0.999,NA,NA,NA,1.0,1.0	0.0
253	0,16822,2,0,8	0,0,0,0,0	0,0,0,0,19353,0,0,0,4,4,27084,0,0,0,68,83	0,0,0,0,0,0,0,0,0,0,1,0,0,0,0,0	298	149	1	1.0	NA,1.0,1.0,NA,1.0	NA,NA,NA,NA,1.0,NA,NA,NA,1.0,1.0,1.0,NA,NA,NA,1.0,1.0	0.0
254	0,24768,0,0,4	0,530,0,0,0	0,0,0,0,33306,0,0,2,8,6,49629,0,0,0,64,102	0,0,0,0,510,0,0,0,0,0,967,0,0,0,0,0	200	149	1	1.0	NA,0.972,NA,NA,1.0	NA,NA,NA,NA,0.98,NA,NA,1.0,1.0,1.0,0.975,NA,NA,NA,1.0,1.0	-0.008
255	0,563,0,0,0	0,11,0,0,0	0,0,0,0,1939,0,0,0,0,0,427,0,0,0,111,21	0,0,0,0,11,0,0,0,0,0,0,0,0,0,0,0	153	149	1	1.0	NA,0.98,NA,NA,NA	NA,NA,NA,NA,0.994,NA,NA,NA,NA,NA,1.0,NA,NA,NA,1.0,1.0	-0.018
256	0,9,0,0,0	0,19,0,0,0	0,0,0,0,35,0,0,0,0,0,72,0,0,0,0,24	0,0,0,0,8,0,0,0,0,0,100,0,0,0,5,23	159	149	1	1.0	NA,0.307,NA,NA,NA	NA,NA,NA,NA,0.804,NA,NA,NA,NA,NA,0.403,NA,NA,NA,0.0,0.494	-0.118
257	0,118,0,0,0	0,0,0,0,0	0,0,0,0,116,0,0,0,0,0,255,0,0,0,0,15	0,0,0,0,0,0,0,0,0,0,3,0,0,0,0,0	298	149	1	1.0	NA,1.0,NA,NA,NA	NA,NA,NA,NA,1.0,NA,NA,NA,NA,NA,0.977,NA,NA,NA,NA,1.0	0.008
258	0,3,0,0,0	0,0,0,0,0	0,0,0,0,14,0,0,0,0,0,11,0,0,0,0,1	0,0,0,0,14,0,0,0,0,0,0,0,0,0,0,0	298	149	1	1.0	NA,1.0,NA,NA,NA	NA,NA,NA,NA,0.333,NA,NA,NA,NA,NA,1.0,NA,NA,NA,NA,1.0	0.222
259	0,1630,0,0,0	0,92,0,0,0	0,0,0,0,3749,0,0,5,6,2,7179,0,0,0,1275,196	0,0,0,0,95,0,0,0,0,0,116,0,0,0,17,3	159	149	1	1.0	NA,0.943,NA,NA,NA	NA,NA,NA,NA,0.974,NA,NA,1.0,1.0,1.0,0.983,NA,NA,NA,0.986,0.984	-0.047
260	0,160,0,0,0	0,0,0,0,0	0,0,0,0,452,0,0,0,0,4,1428,0,0,0,248,25	0,0,0,0,0,0,0,0,0,0,7,0,0,0,0,0	298	149	1	1.0	NA,1.0,NA,NA,NA	NA,NA,NA,NA,1.0,NA,NA,NA,NA,1.0,0.99,NA,NA,NA,1.0,1.0	0.002
268	0,12,0,0,0	0,741,0,0,2	0,0,0,0,24,0,0,0,0,0,16,0,0,0,6,0	0,0,0,0,541,0,0,0,0,0,1048,0,0,0,99,83	175	149	1	1.0	NA,0.014,NA,NA,0.0	NA,NA,NA,NA,0.036,NA,NA,NA,NA,NA,0.013,NA,NA,NA,0.049,0.0	-0.018
269	0,10,0,0,0	0,57,0,0,0	0,0,0,0,0,0,0,0,0,0,0,0,0,0,8,0	0,0,0,0,177,0,0,0,0,0,222,0,0,0,86,8	204	149	1	1.0	NA,0.114,NA,NA,NA	NA,NA,NA,NA,0.0,NA,NA,NA,NA,NA,0.0,NA,NA,NA,0.064,0.0	0.098
271	0,0,0,0,0	0,78,0,0,0	0,0,0,0,21,0,0,0,0,0,30,0,0,0,9,0	0,0,0,0,96,0,0,0,0,0,247,0,0,0,123,10	169	149	1	1.0	NA,0.0,NA,NA,NA	NA,NA,NA,NA,0.162,NA,NA,NA,NA,NA,0.097,NA,NA,NA,0.061,0.0	-0.08
272	0,80,0,0,0	0,0,0,0,0	0,0,0,0,109,0,0,0,0,0,261,0,0,0,123,10	0,0,0,0,0,0,0,0,0,0,0,0,0,0,8,0	298	149	1	1.0	NA,1.0,NA,NA,NA	NA,NA,NA,NA,1.0,NA,NA,NA,NA,NA,1.0,NA,NA,NA,0.885,1.0	0.029
274	0,2,0,0,0	0,147,0,0,0	0,0,0,0,0,0,0,0,0,0,3,0,0,0,0,0	0,0,0,0,229,0,0,0,0,2,372,0,0,0,204,34	183	149	1	1.0	NA,0.011,NA,NA,NA	NA,NA,NA,NA,0.0,NA,NA,NA,NA,0.0,0.007,NA,NA,NA,0.0,0.0	0.01
276	0,25,0,0,0	0,101,0,0,0	0,0,0,0,236,0,0,0,0,0,14,0,0,0,0,0	0,0,0,0,424,0,0,0,0,0,73,0,0,0,0,0	156	149	1	1.0	NA,0.191,NA,NA,NA	NA,NA,NA,NA,0.347,NA,NA,NA,NA,NA,0.155,NA,NA,NA,NA,NA	-0.06
277	0,1539,0,0,0	0,177,0,0,0	0,0,0,0,4628,0,0,0,2,0,1633,0,0,0,8,18	0,0,0,0,601,0,0,0,0,0,172,0,0,0,8,0	156	149	1	1.0	NA,0.893,NA,NA,NA	NA,NA,NA,NA,0.88,NA,NA,NA,1.0,NA,0.901,NA,NA,NA,0.489,1.0	0.039
278	0,66,0,0,0	0,100,0,0,0	0,0,0,0,0,0,0,0,0,0,19,0,0,0,16,2	0,0,0,0,157,0,0,0,0,0,96,0,0,0,32,17	207	149	1	1.0	NA,0.322,NA,NA,NA	NA,NA,NA,NA,0.0,NA,NA,NA,NA,NA,0.125,NA,NA,NA,0.265,0.078	0.205
279	0,0,0,0,0	0,19,0,0,0	0,0,0,0,10,0,0,0,0,0,2,0,0,0,0,6	0,0,0,0,28,0,0,0,0,0,79,0,0,0,0,25	298	149	1	1.0	NA,0.0,NA,NA,NA	NA,NA,NA,NA,0.152,NA,NA,NA,NA,NA,0.012,NA,NA,NA,NA,0.107	-0.09
280	0,891,0,0,0	0,8,0,0,0	0,0,0,0,1235,0,2,1,0,0,2900,0,0,0,847,47	0,0,0,0,12,0,0,0,0,0,21,0,0,0,23,0	298	149	1	1.0	NA,0.982,NA,NA,NA	NA,NA,NA,NA,0.981,NA,1.0,1.0,NA,NA,0.986,NA,NA,NA,0.948,1.0	-0.004
281	0,3,0,0,0	0,2,0,0,0	0,0,0,0,133,0,0,0,0,0,1,0,0,0,0,0	0,0,0,0,238,0,0,0,0,0,0,0,0,0,0,0	267	149	1	1.0	NA,0.456,NA,NA,NA	NA,NA,NA,NA,0.238,NA,NA,NA,NA,NA,1.0,NA,NA,NA,NA,NA	-0.163
282	0,10,0,0,0	0,2,0,0,0	0,0,0,0,107,0,0,0,0,0,1,0,0,0,0,0	0,0,0,0,97,0,0,0,0,0,0,0,0,0,0,0	267	149	1	1.0	NA,0.736,NA,NA,NA	NA,NA,NA,NA,0.381,NA,NA,NA,NA,NA,1.0,NA,NA,NA,NA,NA	0.045
284	0,9,0,0,0	0,4,0,0,0	0,0,0,0,231,0,0,0,0,0,1,0,0,0,0,0	0,0,0,0,426,0,0,0,0,0,0,0,0,0,0,0	157	149	1	1.0	NA,0.681,NA,NA,NA	NA,NA,NA,NA,0.34,NA,NA,NA,NA,NA,1.0,NA,NA,NA,NA,NA	0.011
287	0,7,0,0,0	0,18,0,0,0	0,0,0,0,70,0,0,0,0,0,32,0,0,0,3,19	0,0,0,0,8,0,0,0,0,0,53,0,0,0,0,7	298	149	1	1.0	NA,0.163,NA,NA,NA	NA,NA,NA,NA,0.814,NA,NA,NA,NA,NA,0.232,NA,NA,NA,1.0,0.576	-0.493
288	0,31,0,0,0	0,0,0,0,0	0,0,0,0,22,0,0,0,0,0,79,0,0,0,0,11	0,0,0,0,0,0,0,0,0,0,7,0,0,0,0,5	209	149	1	1.0	NA,1.0,NA,NA,NA	NA,NA,NA,NA,1.0,NA,NA,NA,NA,NA,0.889,NA,NA,NA,NA,0.611	0.167
290	0,46,0,0,0	0,3,0,0,0	0,0,0,0,40,0,0,0,0,2,158,0,0,0,7,46	0,0,0,0,0,0,0,0,0,0,0,0,0,0,0,0	298	149	1	1.0	NA,0.885,NA,NA,NA	NA,NA,NA,NA,1.0,NA,NA,NA,NA,1.0,1.0,NA,NA,NA,1.0,1.0	-0.115
291	0,127,0,0,0	0,26,0,0,0	0,0,0,0,229,0,0,0,0,0,111,0,0,0,45,44	0,0,0,0,50,0,0,0,0,0,23,0,0,0,0,6	165	149	1	1.0	NA,0.815,NA,NA,NA	NA,NA,NA,NA,0.805,NA,NA,NA,NA,NA,0.813,NA,NA,NA,1.0,0.869	-0.057
292	0,151,0,0,0	0,49,0,0,0	0,0,0,0,161,0,0,0,0,0,116,0,0,0,1,11	0,0,0,0,57,0,0,0,0,0,48,0,0,0,1,7	153	149	1	1.0	NA,0.75,NA,NA,NA	NA,NA,NA,NA,0.733,NA,NA,NA,NA,NA,0.702,NA,NA,NA,0.493,0.605	0.117
301	0,0,0,0,0	0,3,0,0,0	0,0,0,0,0,0,0,0,0,0,8,0,0,0,22,4	0,0,0,0,29,0,0,0,0,0,40,0,0,0,46,5	226	149	1	1.0	NA,0.0,NA,NA,NA	NA,NA,NA,NA,0.0,NA,NA,NA,NA,NA,0.116,NA,NA,NA,0.24,0.345	-0.175
302	0,0,0,0,0	0,3,0,0,0	0,0,0,0,0,0,0,0,0,0,6,0,0,0,12,0	0,0,0,0,29,0,0,0,0,0,40,0,0,0,46,5	166	149	1	1.0	NA,0.0,NA,NA,NA	NA,NA,NA,NA,0.0,NA,NA,NA,NA,NA,0.119,NA,NA,NA,0.19,0.0	-0.077
303	0,6,0,0,0	0,0,0,0,0	0,0,0,0,0,0,0,0,0,0,0,0,0,0,14,2	0,0,0,0,0,0,0,0,0,0,1,0,0,0,0,0	269	149	1	1.0	NA,1.0,NA,NA,NA	NA,NA,NA,NA,NA,NA,NA,NA,NA,NA,0.0,NA,NA,NA,1.0,1.0	0.333
310	0,12,0,0,0	0,6,0,0,0	0,0,0,0,45,0,0,0,0,0,72,0,0,0,95,5	0,0,0,0,6,0,0,0,0,0,10,0,0,0,6,1	153	149	1	1.0	NA,0.661,NA,NA,NA	NA,NA,NA,NA,0.88,NA,NA,NA,NA,NA,0.875,NA,NA,NA,0.939,0.83	-0.22
311	0,15,0,0,0	0,0,0,0,0	0,0,0,0,193,0,0,0,0,0,77,0,0,0,36,17	0,0,0,0,40,0,0,0,0,0,19,0,0,0,0,4	151	149	1	1.0	NA,1.0,NA,NA,NA	NA,NA,NA,NA,0.826,NA,NA,NA,NA,NA,0.8,NA,NA,NA,1.0,0.807	0.142
312	0,31,0,0,0	0,4087,0,0,2	0,0,0,0,47,0,0,0,0,0,48,0,0,0,0,8	0,0,0,0,3416,0,0,4,0,0,8016,0,0,0,1019,298	169	149	1	1.0	NA,0.007,NA,NA,0.0	NA,NA,NA,NA,0.012,NA,NA,0.0,NA,NA,0.005,NA,NA,NA,0.0,0.023	-0.005
313	0,0,0,0,0	0,17,0,0,0	0,0,0,0,0,0,0,0,0,0,0,0,0,0,1,0	0,0,0,0,80,0,0,0,0,0,125,0,0,0,61,23	298	149	1	1.0	NA,0.0,NA,NA,NA	NA,NA,NA,NA,0.0,NA,NA,NA,NA,NA,0.0,NA,NA,NA,0.008,0.0	-0.002
314	0,0,0,0,0	0,25,0,0,0	0,0,0,0,2,0,0,0,0,0,0,0,0,0,0,0	0,0,0,0,22,0,0,0,0,0,46,0,0,0,0,4	158	149	1	1.0	NA,0.0,NA,NA,NA	NA,NA,NA,NA,0.079,NA,NA,NA,NA,NA,0.0,NA,NA,NA,NA,0.0	-0.026
316	0,213,0,0,0	0,0,0,0,0	0,0,0,0,170,0,0,2,0,0,616,0,0,0,14,16	0,0,0,0,0,0,0,0,0,0,1,0,0,0,0,2	298	149	1	1.0	NA,1.0,NA,NA,NA	NA,NA,NA,NA,1.0,NA,NA,1.0,NA,NA,0.997,NA,NA,NA,1.0,0.8	0.041
318	0,0,0,0,0	0,21,2,0,0	0,0,0,0,66,0,0,4,0,0,56,0,0,0,13,12	0,0,0,0,17,0,0,0,0,0,293,0,0,0,137,31	182	149	1	1.0	NA,0.0,0.0,NA,NA	NA,NA,NA,NA,0.761,NA,NA,1.0,NA,NA,0.135,NA,NA,NA,0.072,0.241	-0.442
319	0,850,0,0,0	0,25,0,0,0	0,0,0,0,680,0,0,0,0,4,1379,0,0,0,12,338	0,0,0,0,6,0,0,0,0,0,32,0,0,0,0,0	298	149	1	1.0	NA,0.944,NA,NA,NA	NA,NA,NA,NA,0.983,NA,NA,NA,NA,1.0,0.956,NA,NA,NA,1.0,1.0	-0.044
320	0,9,0,0,0	0,139,0,0,0	0,0,0,0,0,0,0,0,0,0,14,0,0,0,0,0	0,0,0,0,96,0,0,0,0,0,123,0,0,0,1,20	167	149	1	1.0	NA,0.055,NA,NA,NA	NA,NA,NA,NA,0.0,NA,NA,NA,NA,NA,0.092,NA,NA,NA,0.0,0.0	0.032
323	0,1,0,0,0	0,14,0,0,0	0,0,0,0,8,0,0,0,0,0,0,0,0,0,0,0	0,0,0,0,4,0,0,0,0,0,48,0,0,0,2,1	254	149	1	1.0	NA,0.04,NA,NA,NA	NA,NA,NA,NA,0.54,NA,NA,NA,NA,NA,0.0,NA,NA,NA,0.0,0.0	-0.095
325	0,15,0,0,0	0,0,0,0,0	0,0,0,0,23,0,0,0,0,0,124,0,0,0,2,6	0,0,0,0,0,0,0,0,0,0,18,0,0,0,0,0	237	149	1	1.0	NA,1.0,NA,NA,NA	NA,NA,NA,NA,1.0,NA,NA,NA,NA,NA,0.812,NA,NA,NA,1.0,1.0	0.047
331	0,0,0,0,0	0,649,0,0,5	0,0,0,0,0,0,0,0,0,0,1,0,0,0,9,1	0,0,0,0,1051,2,0,0,4,0,1558,0,0,0,1073,36	153	149	1	1.0	NA,0.0,NA,NA,0.0	NA,NA,NA,NA,0.0,0.0,NA,NA,0.0,NA,0.001,NA,NA,NA,0.008,0.026	-0.006
333	0,3,0,0,0	0,0,0,0,0	0,0,0,0,28,0,0,2,0,0,121,0,0,0,63,16	0,0,0,0,0,0,0,0,0,0,3,0,0,0,0,0	172	149	1	1.0	NA,1.0,NA,NA,NA	NA,NA,NA,NA,1.0,NA,NA,1.0,NA,NA,0.972,NA,NA,NA,1.0,1.0	0.006
334	0,31,0,0,0	0,2,0,0,0	0,0,0,0,137,0,0,0,4,0,38,0,0,0,0,4	0,0,0,0,0,0,0,0,0,0,0,0,0,0,0,0	224	149	1	1.0	NA,0.912,NA,NA,NA	NA,NA,NA,NA,1.0,NA,NA,NA,1.0,NA,1.0,NA,NA,NA,NA,1.0	-0.088
335	0,87,0,0,0	0,74,0,0,0	0,0,0,0,128,0,0,0,0,0,83,0,0,0,0,1	0,0,0,0,208,0,0,0,0,0,197,0,0,0,0,6	264	149	1	1.0	NA,0.399,NA,NA,NA	NA,NA,NA,NA,0.258,NA,NA,NA,NA,NA,0.192,NA,NA,NA,NA,0.086	0.22
336	0,77,0,0,0	0,5,0,0,0	0,0,0,0,29,0,0,0,0,0,133,0,0,0,84,1	0,0,0,0,0,0,0,0,0,0,18,0,0,0,3,0	225	149	1	1.0	NA,0.911,NA,NA,NA	NA,NA,NA,NA,1.0,NA,NA,NA,NA,NA,0.83,NA,NA,NA,0.949,1.0	-0.034
338	0,534,0,0,0	0,5,0,0,0	0,0,0,0,372,0,0,0,0,0,791,0,0,0,103,105	0,0,0,0,0,0,0,0,0,0,18,0,0,0,0,1	298	149	1	1.0	NA,0.982,NA,NA,NA	NA,NA,NA,NA,1.0,NA,NA,NA,NA,NA,0.956,NA,NA,NA,1.0,0.981	-0.002
340	0,2,0,0,0	0,0,0,0,0	0,0,0,0,0,0,0,0,0,0,0,0,0,0,0,0	0,0,0,0,0,0,0,0,0,0,1,0,0,0,0,0	151	149	1	1.0	NA,1.0,NA,NA,NA	NA,NA,NA,NA,NA,NA,NA,NA,NA,NA,0.0,NA,NA,NA,NA,NA	1.0
341	0,194,0,0,0	0,0,0,0,0	0,0,0,0,182,0,0,0,0,2,259,0,0,0,1,11	0,0,0,0,0,0,0,0,0,0,1,0,0,0,0,0	167	149	1	1.0	NA,1.0,NA,NA,NA	NA,NA,NA,NA,1.0,NA,NA,NA,NA,1.0,0.996,NA,NA,NA,1.0,1.0	0.001
342	0,194,0,0,0	0,2,0,0,0	0,0,0,0,182,0,0,0,0,2,259,0,0,0,1,11	0,0,0,0,0,0,0,0,0,0,0,0,0,0,0,0	165	149	1	1.0	NA,0.989,NA,NA,NA	NA,NA,NA,NA,1.0,NA,NA,NA,NA,1.0,1.0,NA,NA,NA,1.0,1.0	-0.011
343	0,11,0,0,0	0,0,0,0,0	0,0,0,0,27,0,0,0,0,0,7,0,0,0,4,1	0,0,0,0,0,0,0,0,0,0,6,0,0,0,0,0	168	149	1	1.0	NA,1.0,NA,NA,NA	NA,NA,NA,NA,1.0,NA,NA,NA,NA,NA,0.509,NA,NA,NA,1.0,1.0	0.123
346	0,3,4,0,2	0,0,0,0,0	0,0,0,0,258,0,0,0,0,0,412,0,0,0,98,14	0,0,0,0,5,0,0,0,0,0,0,0,0,0,0,0	298	149	1	1.0	NA,1.0,1.0,NA,1.0	NA,NA,NA,NA,0.963,NA,NA,NA,NA,NA,1.0,NA,NA,NA,1.0,1.0	0.009
347	0,70,0,0,4	0,0,0,0,0	0,0,0,0,82,0,0,3,0,0,578,0,0,0,18,36	0,0,0,0,12,0,0,0,0,0,0,0,0,0,0,0	298	149	1	1.0	NA,1.0,NA,NA,1.0	NA,NA,NA,NA,0.774,NA,NA,1.0,NA,NA,1.0,NA,NA,NA,1.0,1.0	0.045
348	0,1,0,0,0	0,71,0,0,2	0,0,0,0,14,0,0,0,0,0,29,0,0,0,14,5	0,0,0,0,103,0,0,3,0,0,454,0,0,0,65,48	287	149	1	1.0	NA,0.007,NA,NA,0.0	NA,NA,NA,NA,0.066,NA,NA,0.0,NA,NA,0.032,NA,NA,NA,0.101,0.051	-0.046
349	0,3,0,0,0	0,32,0,0,0	0,0,0,0,31,0,0,0,0,0,14,0,0,0,0,1	0,0,0,0,419,0,0,0,0,0,84,0,0,0,0,4	254	149	1	1.0	NA,0.052,NA,NA,NA	NA,NA,NA,NA,0.042,NA,NA,NA,NA,NA,0.089,NA,NA,NA,NA,0.128	-0.034
351	0,459,0,0,0	0,0,0,0,0	0,0,0,0,270,0,0,0,0,0,664,0,0,0,211,36	0,0,0,0,0,0,0,0,0,0,8,0,0,0,0,1	298	149	1	1.0	NA,1.0,NA,NA,NA	NA,NA,NA,NA,1.0,NA,NA,NA,NA,NA,0.976,NA,NA,NA,1.0,0.947	0.019
352	0,52,0,0,0	0,44,0,0,0	0,0,0,0,33,0,0,0,0,0,8,0,0,0,0,0	0,0,0,0,76,0,0,0,0,0,20,0,0,0,0,0	298	149	1	1.0	NA,0.371,NA,NA,NA	NA,NA,NA,NA,0.178,NA,NA,NA,NA,NA,0.167,NA,NA,NA,NA,NA	0.199
353	0,41,0,0,0	0,7,0,0,0	0,0,0,0,14,0,0,0,0,0,80,0,0,0,4,8	0,0,0,0,165,0,0,0,0,0,139,0,0,0,0,5	165	149	1	1.0	NA,0.841,NA,NA,NA	NA,NA,NA,NA,0.071,NA,NA,NA,NA,NA,0.342,NA,NA,NA,1.0,0.591	0.34
354	0,3,0,0,0	0,8,0,0,0	0,0,0,0,130,0,0,0,0,0,251,0,0,0,32,15	0,0,0,0,35,0,0,0,0,0,77,0,0,0,4,2	215	149	1	1.0	NA,0.206,NA,NA,NA	NA,NA,NA,NA,0.72,NA,NA,NA,NA,NA,0.693,NA,NA,NA,0.847,0.839	-0.569
355	0,0,0,0,0	0,24,0,0,0	0,0,0,0,0,0,0,0,0,0,8,0,0,0,5,6	0,0,0,0,126,0,0,0,0,0,270,0,0,0,123,26	260	149	1	1.0	NA,0.0,NA,NA,NA	NA,NA,NA,NA,0.0,NA,NA,NA,NA,NA,0.017,NA,NA,NA,0.023,0.117	-0.039
360	0,1027,0,0,2	0,25,0,0,0	0,0,0,0,1673,0,0,0,0,3,2773,0,0,0,115,131	0,0,0,0,26,0,0,0,0,0,57,0,0,0,0,8	170	149	1	1.0	NA,0.973,NA,NA,1.0	NA,NA,NA,NA,0.983,NA,NA,NA,NA,1.0,0.977,NA,NA,NA,1.0,0.935	0.008
362	0,236,0,0,2	0,1,0,0,0	0,0,0,0,237,0,0,0,0,0,72,0,0,0,1,5	0,0,0,0,5,0,0,0,0,0,0,0,0,0,0,0	298	149	1	1.0	NA,0.992,NA,NA,1.0	NA,NA,NA,NA,0.96,NA,NA,NA,NA,NA,1.0,NA,NA,NA,1.0,1.0	0.006
363	0,0,0,0,0	0,137,0,0,0	0,0,0,0,0,0,0,0,0,0,1,0,0,0,0,7	0,0,0,0,159,0,0,0,0,2,216,0,0,0,2,25	298	149	1	1.0	NA,0.0,NA,NA,NA	NA,NA,NA,NA,0.0,NA,NA,NA,NA,0.0,0.002,NA,NA,NA,0.0,0.123	-0.025
364	0,12,0,0,0	0,84,0,0,0	0,0,0,0,6,0,0,0,0,0,35,0,0,0,0,0	0,0,0,0,237,0,0,0,0,0,193,0,0,0,0,21	158	149	1	1.0	NA,0.119,NA,NA,NA	NA,NA,NA,NA,0.023,NA,NA,NA,NA,NA,0.146,NA,NA,NA,NA,0.0	0.063
365	0,49,0,0,0	0,0,0,0,0	0,0,0,0,91,0,0,0,0,2,108,0,0,0,17,30	0,0,0,0,0,0,0,0,0,0,2,0,0,0,0,1	201	149	1	1.0	NA,1.0,NA,NA,NA	NA,NA,NA,NA,1.0,NA,NA,NA,NA,1.0,0.976,NA,NA,NA,1.0,0.957	0.013
366	0,0,0,0,0	0,7,0,0,0	0,0,0,0,0,0,0,0,0,0,2,0,0,0,0,2	0,0,0,0,151,0,0,0,0,0,41,0,0,0,74,78	155	149	1	1.0	NA,0.0,NA,NA,NA	NA,NA,NA,NA,0.0,NA,NA,NA,NA,NA,0.045,NA,NA,NA,0.0,0.024	-0.017
367	0,631,0,0,0	0,4,0,0,0	0,0,0,0,733,0,0,0,0,0,1353,0,0,0,2,49	0,0,0,0,0,0,0,0,0,0,9,0,0,0,8,8	259	149	1	1.0	NA,0.989,NA,NA,NA	NA,NA,NA,NA,1.0,NA,NA,NA,NA,NA,0.989,NA,NA,NA,0.126,0.779	0.266
368	0,17,0,0,0	0,15,0,0,0	0,0,0,0,155,0,0,0,0,0,103,0,0,0,5,7	0,0,0,0,35,0,0,0,0,0,28,0,0,0,7,5	175	149	1	1.0	NA,0.491,NA,NA,NA	NA,NA,NA,NA,0.79,NA,NA,NA,NA,NA,0.758,NA,NA,NA,0.378,0.544	-0.127
370	0,1,0,0,0	0,0,0,0,0	0,0,0,0,45,0,0,0,0,2,9,0,0,0,28,0	0,0,0,0,9,0,0,0,0,0,8,0,0,0,13,2	298	149	1	1.0	NA,1.0,NA,NA,NA	NA,NA,NA,NA,0.714,NA,NA,NA,NA,1.0,0.36,NA,NA,NA,0.519,0.0	0.481
374	0,35,0,0,0	0,7,0,0,0	0,0,0,0,140,0,0,0,0,0,28,0,0,0,51,15	0,0,0,0,15,0,0,0,0,0,15,0,0,0,34,4	298	149	1	1.0	NA,0.714,NA,NA,NA	NA,NA,NA,NA,0.824,NA,NA,NA,NA,NA,0.483,NA,NA,NA,0.429,0.652	0.117
377	0,1460,0,0,0	0,74,0,0,0	0,0,0,0,32,0,0,0,0,0,0,0,0,0,0,0	0,0,0,0,0,0,0,0,0,0,0,0,0,0,0,0	190	149	1	1.0	NA,0.939,NA,NA,NA	NA,NA,NA,NA,1.0,NA,NA,NA,NA,NA,NA,NA,NA,NA,NA,NA	-0.061
378	0,311,0,0,0	0,0,0,0,0	0,0,0,0,874,0,0,0,0,2,565,0,0,0,8,23	0,0,0,0,30,0,0,0,0,0,2,0,0,0,0,0	298	149	1	1.0	NA,1.0,NA,NA,NA	NA,NA,NA,NA,0.936,NA,NA,NA,NA,1.0,0.993,NA,NA,NA,1.0,1.0	0.014
380	0,0,0,0,0	0,157,0,0,0	0,0,0,0,0,0,0,0,0,0,4,0,0,0,4,1	0,0,0,0,353,0,0,0,0,0,770,0,0,0,194,25	153	149	1	1.0	NA,0.0,NA,NA,NA	NA,NA,NA,NA,0.0,NA,NA,NA,NA,NA,0.005,NA,NA,NA,0.02,0.037	-0.015
381	0,15,0,0,0	0,52,0,0,0	0,0,0,0,40,0,0,0,0,0,24,0,0,0,9,18	0,0,0,0,231,0,0,0,0,0,734,0,0,0,229,71	231	149	1	1.0	NA,0.157,NA,NA,NA	NA,NA,NA,NA,0.1,NA,NA,NA,NA,NA,0.021,NA,NA,NA,0.025,0.141	0.085
382	0,91,0,0,0	0,4,0,0,0	0,0,0,0,123,0,0,0,0,0,221,0,0,0,1,106	0,0,0,0,20,0,0,0,0,0,34,0,0,0,0,1	224	149	1	1.0	NA,0.938,NA,NA,NA	NA,NA,NA,NA,0.804,NA,NA,NA,NA,NA,0.812,NA,NA,NA,1.0,0.986	0.037
383	0,26,0,0,0	0,43,0,0,0	0,0,0,0,144,0,0,2,2,0,168,0,0,0,36,42	0,0,0,0,71,0,0,0,2,0,101,0,0,0,17,27	164	149	1	1.0	NA,0.355,NA,NA,NA	NA,NA,NA,NA,0.648,NA,NA,1.0,0.476,NA,0.602,NA,NA,NA,0.658,0.586	-0.307
384	0,0,0,0,0	0,27,0,0,2	0,0,0,0,0,0,0,0,0,0,0,0,0,0,0,1	0,0,0,0,142,0,2,0,0,0,282,0,0,0,137,22	160	149	1	1.0	NA,0.0,NA,NA,0.0	NA,NA,NA,NA,0.0,NA,0.0,NA,NA,NA,0.0,NA,NA,NA,0.0,0.041	-0.008
385	0,215,0,0,0	0,11,0,0,0	0,0,0,0,84,0,0,0,0,0,262,0,0,0,5,25	0,0,0,0,0,0,0,0,0,0,2,0,0,0,0,0	298	149	1	1.0	NA,0.907,NA,NA,NA	NA,NA,NA,NA,1.0,NA,NA,NA,NA,NA,0.985,NA,NA,NA,1.0,1.0	-0.089
386	0,237,0,0,2	0,0,0,0,0	0,0,0,0,261,0,0,0,0,2,940,0,0,0,101,241	0,0,0,0,0,0,0,0,0,0,5,0,0,0,0,0	197	149	1	1.0	NA,1.0,NA,NA,1.0	NA,NA,NA,NA,1.0,NA,NA,NA,NA,1.0,0.993,NA,NA,NA,1.0,1.0	0.001
387	0,23,0,0,0	0,0,0,0,0	0,0,0,0,32,0,0,0,0,0,15,0,0,0,0,0	0,0,0,0,0,0,0,0,0,0,0,0,0,0,0,7	298	149	1	1.0	NA,1.0,NA,NA,NA	NA,NA,NA,NA,1.0,NA,NA,NA,NA,NA,1.0,NA,NA,NA,NA,0.0	0.333
388	0,11,0,0,0	0,0,0,0,0	0,0,0,0,10,0,0,0,0,0,9,0,0,0,0,0	0,0,0,0,4,0,0,0,0,0,12,0,0,0,0,0	298	149	1	1.0	NA,1.0,NA,NA,NA	NA,NA,NA,NA,0.556,NA,NA,NA,NA,NA,0.273,NA,NA,NA,NA,NA	0.585
389	0,0,0,0,0	0,27,0,0,0	0,0,0,0,18,0,0,0,0,0,3,0,0,0,0,2	0,0,0,0,154,0,0,0,0,0,174,0,0,0,57,18	153	149	1	1.0	NA,0.0,NA,NA,NA	NA,NA,NA,NA,0.102,NA,NA,NA,NA,NA,0.017,NA,NA,NA,0.0,0.098	-0.054
390	0,142,0,0,0	0,0,0,0,0	0,0,0,0,750,0,0,0,0,2,986,0,0,0,44,85	0,0,0,0,0,0,0,0,0,0,1,0,0,0,0,0	275	149	1	1.0	NA,1.0,NA,NA,NA	NA,NA,NA,NA,1.0,NA,NA,NA,NA,1.0,0.998,NA,NA,NA,1.0,1.0	0.0
391	0,11,0,0,0	0,8,0,0,0	0,0,0,0,0,0,0,0,0,0,6,0,0,0,0,0	0,0,0,0,4,0,0,0,0,0,4,0,0,0,0,0	161	149	1	1.0	NA,0.56,NA,NA,NA	NA,NA,NA,NA,0.0,NA,NA,NA,NA,NA,0.581,NA,NA,NA,NA,NA	0.27
393	0,0,0,0,0	0,388,0,0,0	0,0,0,0,12,0,0,0,0,0,2,0,0,0,0,6	0,0,0,0,265,0,0,0,0,0,656,0,0,0,39,71	277	149	1	1.0	NA,0.0,NA,NA,NA	NA,NA,NA,NA,0.024,NA,NA,NA,NA,NA,0.002,NA,NA,NA,0.0,0.043	-0.017
394	0,0,0,0,0	0,149,0,0,0	0,0,0,0,28,0,0,0,0,0,19,0,0,0,0,6	0,0,0,0,308,0,0,2,0,0,858,0,0,0,81,105	153	149	1	1.0	NA,0.0,NA,NA,NA	NA,NA,NA,NA,0.081,NA,NA,0.0,NA,NA,0.021,NA,NA,NA,0.0,0.053	-0.031
395	0,1730,0,0,0	0,41,0,0,0	0,0,0,0,1681,0,0,9,2,6,2798,0,0,0,223,1043	0,0,0,0,33,0,0,0,0,0,34,0,0,0,0,15	151	149	1	1.0	NA,0.977,NA,NA,NA	NA,NA,NA,NA,0.98,NA,NA,1.0,1.0,1.0,0.988,NA,NA,NA,1.0,0.986	-0.016
396	0,711,0,0,0	0,0,0,0,0	0,0,0,0,850,0,0,1,0,0,1024,0,0,0,133,190	0,0,0,0,0,0,0,0,0,0,2,0,0,0,0,0	298	149	1	1.0	NA,1.0,NA,NA,NA	NA,NA,NA,NA,1.0,NA,NA,1.0,NA,NA,0.996,NA,NA,NA,1.0,1.0	0.001
397	0,6,0,0,0	0,1,0,0,0	0,0,0,0,3,0,0,0,0,0,9,0,0,0,0,1056	0,0,0,0,0,0,0,0,0,0,1,0,0,0,0,0	271	149	1	1.0	NA,0.767,NA,NA,NA	NA,NA,NA,NA,1.0,NA,NA,NA,NA,NA,0.832,NA,NA,NA,NA,1.0	-0.177
399	0,768,0,0,1	0,17,0,0,0	0,0,0,0,905,0,0,0,0,0,1886,0,0,0,172,65	0,0,0,0,53,0,0,0,0,0,33,0,0,0,2,3	298	149	1	1.0	NA,0.958,NA,NA,1.0	NA,NA,NA,NA,0.895,NA,NA,NA,NA,NA,0.966,NA,NA,NA,0.977,0.915	0.041
400	0,69,0,0,0	0,0,0,0,0	0,0,0,0,288,0,0,0,0,0,87,0,0,0,2,9	0,0,0,0,0,0,0,0,0,0,4,0,0,0,0,0	298	149	1	1.0	NA,1.0,NA,NA,NA	NA,NA,NA,NA,1.0,NA,NA,NA,NA,NA,0.916,NA,NA,NA,1.0,1.0	0.021
401	0,6,0,0,0	0,157,0,0,0	0,0,0,0,30,0,0,0,0,0,10,0,0,0,0,0	0,0,0,0,139,0,0,0,0,0,886,0,0,0,24,28	298	149	1	1.0	NA,0.019,NA,NA,NA	NA,NA,NA,NA,0.097,NA,NA,NA,NA,NA,0.006,NA,NA,NA,0.0,0.0	-0.007
403	0,10,0,0,0	0,228,0,0,0	0,0,0,0,0,0,0,0,0,0,10,0,0,0,0,0	0,0,0,0,442,0,0,0,0,0,586,0,0,0,47,49	151	149	1	1.0	NA,0.041,NA,NA,NA	NA,NA,NA,NA,0.0,NA,NA,NA,NA,NA,0.017,NA,NA,NA,0.0,0.0	0.037
404	0,1,0,0,0	0,108,0,0,0	0,0,0,0,0,0,0,0,0,0,26,0,0,0,0,0	0,0,0,0,0,0,0,0,0,0,15,0,0,0,0,0	154	149	1	1.0	NA,0.009,NA,NA,NA	NA,NA,NA,NA,NA,NA,NA,NA,NA,NA,0.626,NA,NA,NA,NA,NA	-0.617
405	0,3,0,0,0	0,220,0,0,0	0,0,0,0,3,0,0,0,0,0,0,0,0,0,0,0	0,0,0,0,571,0,0,0,0,0,72,0,0,0,0,15	170	149	1	1.0	NA,0.012,NA,NA,NA	NA,NA,NA,NA,0.005,NA,NA,NA,NA,NA,0.0,NA,NA,NA,NA,0.0	0.01
407	0,396,0,0,0	0,15,0,0,0	0,0,0,0,142,0,0,0,0,0,255,0,0,0,0,3	0,0,0,0,4,0,0,0,0,0,5,0,0,0,0,0	298	149	1	1.0	NA,0.93,NA,NA,NA	NA,NA,NA,NA,0.947,NA,NA,NA,NA,NA,0.962,NA,NA,NA,NA,1.0	-0.04
408	0,6,0,0,0	0,92,0,0,2	0,0,0,0,0,0,0,0,0,0,8,0,0,0,0,3	0,0,0,0,116,0,0,0,0,0,220,0,0,0,7,10	185	149	1	1.0	NA,0.05,NA,NA,0.0	NA,NA,NA,NA,0.0,NA,NA,NA,NA,NA,0.028,NA,NA,NA,0.0,0.195	-0.031
410	0,136,0,0,0	0,75,0,0,0	0,0,0,0,211,0,0,0,0,0,149,0,0,0,0,20	0,0,0,0,145,0,0,0,0,0,64,0,0,0,0,8	298	149	1	1.0	NA,0.476,NA,NA,NA	NA,NA,NA,NA,0.421,NA,NA,NA,NA,NA,0.538,NA,NA,NA,NA,0.556	-0.029
413	0,91,0,0,0	0,54,0,0,0	0,0,0,0,23,0,0,0,0,0,835,0,0,0,3,41	0,0,0,0,16,0,0,2,0,0,80,0,0,0,0,0	169	149	1	1.0	NA,0.598,NA,NA,NA	NA,NA,NA,NA,0.559,NA,NA,0.0,NA,NA,0.902,NA,NA,NA,1.0,1.0	-0.094
414	0,181,0,0,0	0,240,0,0,2	0,0,0,0,64,0,0,3,0,0,137,0,0,0,0,10	0,0,0,0,71,0,0,2,0,0,837,0,0,0,42,50	298	149	1	1.0	NA,0.274,NA,NA,0.0	NA,NA,NA,NA,0.311,NA,NA,0.429,NA,NA,0.076,NA,NA,NA,0.0,0.091	-0.044
416	0,1,0,0,0	0,174,0,0,0	0,0,0,0,0,0,0,0,0,0,10,0,0,0,0,1	0,0,0,0,170,0,0,0,0,0,521,0,0,0,55,38	175	149	1	1.0	NA,0.005,NA,NA,NA	NA,NA,NA,NA,0.0,NA,NA,NA,NA,NA,0.016,NA,NA,NA,0.0,0.022	-0.004
417	0,4,0,0,0	0,7,0,0,0	0,0,0,0,0,0,0,0,0,0,0,0,0,0,4,57	0,0,0,0,73,0,0,0,2,0,75,0,0,0,56,107	298	149	1	1.0	NA,0.222,NA,NA,NA	NA,NA,NA,NA,0.0,NA,NA,NA,0.0,NA,0.0,NA,NA,NA,0.034,0.21	0.173
421	0,11,0,0,0	0,0,0,0,0	0,0,0,0,36,0,0,0,2,0,212,0,0,0,0,851	0,0,0,0,5,0,0,0,0,0,14,0,0,0,0,72	170	149	1	1.0	NA,1.0,NA,NA,NA	NA,NA,NA,NA,0.863,NA,NA,NA,1.0,NA,0.93,NA,NA,NA,NA,0.912	0.074
422	0,7,0,0,0	0,0,0,0,0	0,0,0,0,0,0,0,0,0,0,0,0,0,0,0,1	0,0,0,0,4,0,0,0,0,0,0,0,0,0,14,0	199	149	1	1.0	NA,1.0,NA,NA,NA	NA,NA,NA,NA,0.0,NA,NA,NA,NA,NA,NA,NA,NA,NA,0.0,1.0	0.667
427	0,6,0,0,0	0,0,0,0,0	0,0,0,0,24,0,0,0,0,0,4,0,0,0,5,1	0,0,0,0,14,0,0,0,0,0,0,0,0,0,0,0	298	149	1	1.0	NA,1.0,NA,NA,NA	NA,NA,NA,NA,0.462,NA,NA,NA,NA,NA,1.0,NA,NA,NA,1.0,1.0	0.135
428	0,0,0,0,0	0,20,0,0,0	0,0,0,0,1,0,0,0,0,0,4,0,0,0,2,4	0,0,0,0,71,0,0,0,0,0,303,0,0,0,336,11	187	149	1	1.0	NA,0.0,NA,NA,NA	NA,NA,NA,NA,0.011,NA,NA,NA,NA,NA,0.01,NA,NA,NA,0.005,0.225	-0.063
433	0,2,0,0,0	0,8,0,0,0	0,0,0,0,1,0,0,0,0,0,3,0,0,0,2,1	0,0,0,0,20,0,0,1,0,0,47,0,0,0,22,0	173	149	1	1.0	NA,0.177,NA,NA,NA	NA,NA,NA,NA,0.041,NA,NA,0.0,NA,NA,0.052,NA,NA,NA,0.073,1.0	-0.056
434	0,1,0,0,0	0,0,0,0,0	0,0,0,0,0,0,0,0,0,0,1,0,0,0,1,1	0,0,0,0,0,0,0,0,0,0,1,0,0,0,0,0	173	149	1	1.0	NA,1.0,NA,NA,NA	NA,NA,NA,NA,NA,NA,NA,NA,NA,NA,0.463,NA,NA,NA,1.0,1.0	0.179
435	0,11,0,0,0	0,201,0,0,0	0,0,0,0,33,0,0,0,0,0,0,0,0,0,0,0	0,0,0,0,1749,0,0,0,0,0,42,0,0,0,3,0	298	149	1	1.0	NA,0.027,NA,NA,NA	NA,NA,NA,NA,0.009,NA,NA,NA,NA,NA,0.0,NA,NA,NA,0.0,NA	0.024
436	0,33,0,0,0	0,134,0,0,0	0,0,0,0,20,0,0,0,0,0,7,0,0,0,15,0	0,0,0,0,618,6,0,2,0,0,702,0,0,0,273,14	298	149	1	1.0	NA,0.11,NA,NA,NA	NA,NA,NA,NA,0.016,0.0,NA,0.0,NA,NA,0.005,NA,NA,NA,0.027,0.0	0.102
437	0,29,0,0,0	0,0,0,0,0	0,0,0,0,20,0,0,0,0,0,7,0,0,0,15,0	0,0,0,0,0,0,0,0,0,0,1,0,0,0,0,0	298	149	1	1.0	NA,1.0,NA,NA,NA	NA,NA,NA,NA,1.0,NA,NA,NA,NA,NA,0.778,NA,NA,NA,1.0,NA	0.074
438	0,4,0,0,0	0,0,0,0,0	0,0,0,0,10,0,0,0,0,0,36,0,0,0,11,0	0,0,0,0,0,0,0,0,0,0,2,0,0,0,0,0	298	149	1	1.0	NA,1.0,NA,NA,NA	NA,NA,NA,NA,1.0,NA,NA,NA,NA,NA,0.9,NA,NA,NA,1.0,NA	0.033
440	0,42,0,0,0	0,683,0,0,2	0,0,0,0,176,0,0,0,0,0,173,0,0,0,132,3	0,0,0,0,3148,0,0,3,0,2,2410,0,0,0,1303,72	171	149	1	1.0	NA,0.051,NA,NA,0.0	NA,NA,NA,NA,0.046,NA,NA,0.0,NA,0.0,0.059,NA,NA,NA,0.081,0.035	-0.011
441	0,0,0,0,0	0,12,0,0,0	0,0,0,0,0,0,0,0,0,0,0,0,0,0,2,1	0,0,0,0,202,0,0,0,0,0,124,0,0,0,118,12	217	149	1	1.0	NA,0.0,NA,NA,NA	NA,NA,NA,NA,0.0,NA,NA,NA,NA,NA,0.0,NA,NA,NA,0.012,0.054	-0.017
442	0,5,0,0,0	0,12,0,0,0	0,0,0,0,10,0,0,0,0,0,0,0,0,0,0,0	0,0,0,0,28,0,0,0,0,0,88,0,0,0,0,0	173	149	1	1.0	NA,0.264,NA,NA,NA	NA,NA,NA,NA,0.235,NA,NA,NA,NA,NA,0.0,NA,NA,NA,NA,NA	0.147
444	0,0,0,0,0	0,204,0,0,2	0,0,0,0,24,0,0,0,0,0,15,0,0,0,7,0	0,0,0,0,1171,0,0,2,0,0,2587,0,0,0,921,4	156	149	1	1.0	NA,0.0,NA,NA,0.0	NA,NA,NA,NA,0.019,NA,NA,0.0,NA,NA,0.006,NA,NA,NA,0.007,0.0	-0.006
445	0,283,0,0,2	0,0,0,0,0	0,0,0,0,1429,2,2,4,0,2,3214,0,0,0,995,44	0,0,0,0,6,0,0,0,0,0,0,0,0,0,5,0	298	149	1	1.0	NA,1.0,NA,NA,1.0	NA,NA,NA,NA,0.992,1.0,1.0,1.0,NA,1.0,1.0,NA,NA,NA,0.99,1.0	0.002
446	0,246,2,0,2	0,0,0,0,0	0,0,0,0,1190,0,2,4,0,0,2507,0,0,0,731,18	0,0,0,0,0,0,0,0,0,0,3,0,0,0,0,0	298	149	1	1.0	NA,1.0,1.0,NA,1.0	NA,NA,NA,NA,1.0,NA,1.0,1.0,NA,NA,0.998,NA,NA,NA,1.0,1.0	0.0
450	0,34,0,0,0	0,0,0,0,0	0,0,0,0,32,0,0,0,0,0,17,0,0,0,0,3	0,0,0,0,0,0,0,0,0,0,4,0,0,0,0,0	156	149	1	1.0	NA,1.0,NA,NA,NA	NA,NA,NA,NA,1.0,NA,NA,NA,NA,NA,0.802,NA,NA,NA,NA,1.0	0.066
451	0,13,0,0,4	0,0,0,0,0	0,0,0,0,31,0,0,0,0,0,559,0,0,0,7,77	0,0,0,0,0,0,0,0,0,0,0,0,0,0,0,1	273	149	1	1.0	NA,1.0,NA,NA,1.0	NA,NA,NA,NA,1.0,NA,NA,NA,NA,NA,1.0,NA,NA,NA,1.0,0.977	0.006
452	0,95,0,0,2	0,8,0,0,0	0,0,0,0,0,0,0,0,0,0,240,0,0,0,31,51	0,0,0,0,9,0,0,0,0,0,60,0,0,0,24,12	179	149	1	1.0	NA,0.908,NA,NA,1.0	NA,NA,NA,NA,0.0,NA,NA,NA,NA,NA,0.769,NA,NA,NA,0.518,0.78	0.437
453	0,0,0,0,0	0,47,0,0,0	0,0,0,0,36,0,0,0,0,0,8,0,0,0,0,0	0,0,0,0,256,0,0,0,0,0,349,0,0,0,53,11	228	149	1	1.0	NA,0.0,NA,NA,NA	NA,NA,NA,NA,0.084,NA,NA,NA,NA,NA,0.015,NA,NA,NA,0.0,0.0	-0.025
454	0,0,0,0,0	0,21,0,0,0	0,0,0,0,25,0,0,0,0,0,11,0,0,0,16,0	0,0,0,0,192,0,2,0,0,0,114,0,0,0,113,3	292	149	1	1.0	NA,0.0,NA,NA,NA	NA,NA,NA,NA,0.062,NA,0.0,NA,NA,NA,0.047,NA,NA,NA,0.067,0.0	-0.035
455	0,9,0,0,0	0,0,0,0,0	0,0,0,0,0,0,0,0,0,0,4,0,0,0,12,1	0,0,0,0,0,0,0,0,0,0,0,0,0,0,1,0	298	149	1	1.0	NA,1.0,NA,NA,NA	NA,NA,NA,NA,NA,NA,NA,NA,NA,NA,1.0,NA,NA,NA,0.857,1.0	0.048
460	0,21,0,0,0	0,0,0,0,0	0,0,0,0,11,0,0,0,0,0,69,0,0,0,0,4	0,0,0,0,0,0,0,0,0,0,6,0,0,0,0,0	237	149	1	1.0	NA,1.0,NA,NA,NA	NA,NA,NA,NA,1.0,NA,NA,NA,NA,NA,0.878,NA,NA,NA,NA,1.0	0.041
461	0,25,0,0,0	0,0,0,0,0	0,0,0,0,11,0,0,0,0,0,83,0,0,0,0,5	0,0,0,0,0,0,0,0,0,0,6,0,0,0,0,0	245	149	1	1.0	NA,1.0,NA,NA,NA	NA,NA,NA,NA,1.0,NA,NA,NA,NA,NA,0.894,NA,NA,NA,NA,1.0	0.035
462	0,78,0,0,0	0,0,0,0,0	0,0,0,0,48,0,0,0,0,0,139,0,0,0,0,10	0,0,0,0,0,0,0,0,0,0,6,0,0,0,0,0	298	149	1	1.0	NA,1.0,NA,NA,NA	NA,NA,NA,NA,1.0,NA,NA,NA,NA,NA,0.921,NA,NA,NA,NA,1.0	0.026
465	0,55,0,0,0	0,0,0,0,0	0,0,0,0,37,0,0,0,0,0,87,0,0,0,0,6	0,0,0,0,0,0,0,0,0,0,5,0,0,0,0,1	213	149	1	1.0	NA,1.0,NA,NA,NA	NA,NA,NA,NA,1.0,NA,NA,NA,NA,NA,0.924,NA,NA,NA,NA,0.808	0.089
466	0,15,0,0,0	0,0,0,0,0	0,0,0,0,7,0,0,0,0,0,10,0,0,0,0,0	0,0,0,0,0,0,0,0,0,0,5,0,0,0,0,1	168	149	1	1.0	NA,1.0,NA,NA,NA	NA,NA,NA,NA,1.0,NA,NA,NA,NA,NA,0.639,NA,NA,NA,NA,0.0	0.454
467	0,37,0,0,0	0,19,0,0,0	0,0,0,0,11,0,0,0,0,0,41,0,0,0,0,0	0,0,0,0,24,0,0,0,0,0,59,0,0,0,28,3	298	149	1	1.0	NA,0.493,NA,NA,NA	NA,NA,NA,NA,0.186,NA,NA,NA,NA,NA,0.258,NA,NA,NA,0.0,0.0	0.382
468	0,26,0,0,0	0,19,0,0,0	0,0,0,0,49,0,0,0,0,0,24,0,0,0,8,5	0,0,0,0,46,0,0,0,0,0,26,0,0,0,6,2	154	149	1	1.0	NA,0.57,NA,NA,NA	NA,NA,NA,NA,0.508,NA,NA,NA,NA,NA,0.472,NA,NA,NA,0.563,0.708	0.007
469	0,36,0,0,0	0,4,0,0,0	0,0,0,0,49,0,0,0,0,0,33,0,0,0,8,7	0,0,0,0,0,0,0,0,0,0,0,0,0,0,0,0	158	149	1	1.0	NA,0.895,NA,NA,NA	NA,NA,NA,NA,1.0,NA,NA,NA,NA,NA,1.0,NA,NA,NA,1.0,1.0	-0.105
470	0,29,0,0,0	0,4,0,0,0	0,0,0,0,46,0,0,0,0,0,35,0,0,0,6,4	0,0,0,0,0,0,0,0,0,0,0,0,0,0,0,0	153	149	1	1.0	NA,0.876,NA,NA,NA	NA,NA,NA,NA,1.0,NA,NA,NA,NA,NA,1.0,NA,NA,NA,1.0,1.0	-0.124
471	0,43,0,0,0	0,0,0,0,0	0,0,0,0,40,0,0,0,0,0,7,0,0,0,6,1	0,0,0,0,0,0,0,0,0,0,0,0,0,0,13,1	298	149	1	1.0	NA,1.0,NA,NA,NA	NA,NA,NA,NA,1.0,NA,NA,NA,NA,NA,1.0,NA,NA,NA,0.188,0.333	0.37
472	0,11,0,0,0	0,60,0,0,0	0,0,0,0,43,0,0,0,0,0,53,0,0,0,9,3	0,0,0,0,26,0,0,0,0,0,27,0,0,0,11,1	298	149	1	1.0	NA,0.084,NA,NA,NA	NA,NA,NA,NA,0.453,NA,NA,NA,NA,NA,0.495,NA,NA,NA,0.29,0.6	-0.376
475	0,64,0,0,0	0,35,0,0,0	0,0,0,0,105,0,0,0,0,0,68,0,0,0,0,3	0,0,0,0,31,0,0,0,0,0,54,0,0,0,2,10	298	149	1	1.0	NA,0.478,NA,NA,NA	NA,NA,NA,NA,0.629,NA,NA,NA,NA,NA,0.386,NA,NA,NA,0.0,0.13	0.192
478	0,14,0,0,0	0,0,0,0,0	0,0,0,0,73,0,0,0,0,0,74,0,0,0,104,8	0,0,0,0,17,0,0,0,0,0,20,0,0,0,0,0	298	149	1	1.0	NA,1.0,NA,NA,NA	NA,NA,NA,NA,0.682,NA,NA,NA,NA,NA,0.649,NA,NA,NA,1.0,1.0	0.167
479	0,10,0,0,0	0,739,2,0,4	0,0,0,0,33,0,0,0,0,0,71,0,0,0,22,0	0,0,0,0,1641,0,0,14,4,4,4995,0,0,0,2025,118	177	149	1	1.0	NA,0.011,0.0,NA,0.0	NA,NA,NA,NA,0.017,NA,NA,0.0,0.0,0.0,0.012,NA,NA,NA,0.009,0.0	-0.002
480	0,4,0,0,0	0,203,0,0,0	0,0,0,0,7,0,0,0,0,0,9,0,0,0,0,0	0,0,0,0,292,2,0,0,0,0,254,0,0,0,28,1	220	149	1	1.0	NA,0.013,NA,NA,NA	NA,NA,NA,NA,0.016,0.0,NA,NA,NA,NA,0.023,NA,NA,NA,0.0,0.0	0.005
481	0,1,0,0,0	0,0,0,0,0	0,0,0,0,0,0,0,0,0,0,0,0,0,0,0,0	0,0,0,0,0,0,0,0,0,0,5,0,0,0,0,0	168	149	1	1.0	NA,1.0,NA,NA,NA	NA,NA,NA,NA,NA,NA,NA,NA,NA,NA,0.0,NA,NA,NA,NA,NA	1.0
482	0,11,0,0,0	0,0,0,0,0	0,0,0,0,36,0,0,0,0,0,141,0,0,0,18,6	0,0,0,0,0,0,0,0,0,0,1,0,0,0,0,0	298	149	1	1.0	NA,1.0,NA,NA,NA	NA,NA,NA,NA,1.0,NA,NA,NA,NA,NA,0.986,NA,NA,NA,1.0,1.0	0.004
484	0,6,0,0,0	0,2,0,0,0	0,0,0,0,11,0,0,0,0,0,0,0,0,0,0,1	0,0,0,0,16,0,0,0,0,0,0,0,0,0,0,0	298	149	1	1.0	NA,0.6,NA,NA,NA	NA,NA,NA,NA,0.256,NA,NA,NA,NA,NA,NA,NA,NA,NA,NA,1.0	-0.028
486	0,21,0,0,0	0,9,0,0,0	0,0,0,0,22,0,0,0,0,0,0,0,0,0,0,0	0,0,0,0,0,0,0,0,0,0,0,0,0,0,0,0	159	149	1	1.0	NA,0.686,NA,NA,NA	NA,NA,NA,NA,1.0,NA,NA,NA,NA,NA,NA,NA,NA,NA,NA,NA	-0.314
488	0,0,0,0,0	0,20,2,0,2	0,0,0,0,0,0,0,0,0,0,9,0,0,0,39,0	0,0,0,0,128,2,2,1,0,0,141,0,0,0,234,28	195	149	1	1.0	NA,0.0,0.0,NA,0.0	NA,NA,NA,NA,0.0,0.0,0.0,0.0,NA,NA,0.047,NA,NA,NA,0.113,0.0	-0.023
490	0,17,0,0,2	0,266,0,0,0	0,0,0,0,22,0,0,2,0,0,15,0,0,0,0,9	0,0,0,0,464,4,4,2,0,2,2828,0,0,0,974,451	247	149	1	1.0	NA,0.037,NA,NA,1.0	NA,NA,NA,NA,0.028,0.0,0.0,0.376,NA,0.0,0.003,NA,NA,NA,0.0,0.012	0.466
491	0,12,0,0,2	0,266,0,0,0	0,0,0,0,22,0,0,2,0,0,18,0,0,0,13,8	0,0,0,0,464,4,4,2,0,2,2828,0,0,0,974,451	298	149	1	1.0	NA,0.022,NA,NA,1.0	NA,NA,NA,NA,0.023,0.0,0.0,0.333,NA,0.0,0.003,NA,NA,NA,0.007,0.009	0.464
492	0,7,0,0,0	0,5,0,0,0	0,0,0,0,17,0,0,0,0,0,8,0,0,0,40,18	0,0,0,0,0,0,0,0,0,0,3,0,0,0,0,5	298	149	1	1.0	NA,0.412,NA,NA,NA	NA,NA,NA,NA,1.0,NA,NA,NA,NA,NA,0.571,NA,NA,NA,1.0,0.643	-0.391
493	0,0,0,0,0	0,31,0,0,0	0,0,0,0,23,0,0,0,2,0,19,0,0,0,55,4	0,0,0,0,80,0,0,0,0,0,80,0,0,0,240,46	203	149	1	1.0	NA,0.0,NA,NA,NA	NA,NA,NA,NA,0.174,NA,NA,NA,1.0,NA,0.148,NA,NA,NA,0.144,0.06	-0.305
507	0,35,2,0,0	0,4,0,0,0	0,0,0,0,29,2,0,0,0,0,38,0,0,0,114,0	0,0,0,0,12,0,0,0,0,0,2,0,0,0,0,0	203	149	1	1.0	NA,0.865,1.0,NA,NA	NA,NA,NA,NA,0.639,1.0,NA,NA,NA,NA,0.933,NA,NA,NA,1.0,NA	0.039
509	0,27,2,0,0	0,0,0,0,0	0,0,0,0,133,0,0,2,2,0,110,0,0,0,215,51	0,0,0,0,0,0,0,0,0,0,4,0,0,0,0,0	298	149	1	1.0	NA,1.0,1.0,NA,NA	NA,NA,NA,NA,1.0,NA,NA,1.0,1.0,NA,0.932,NA,NA,NA,1.0,1.0	0.011
510	0,0,0,0,0	0,24,0,0,0	0,0,0,0,24,0,0,0,0,0,25,0,0,0,5,0	0,0,0,0,196,0,0,2,2,0,130,0,0,0,178,14	298	149	1	1.0	NA,0.0,NA,NA,NA	NA,NA,NA,NA,0.058,NA,NA,0.0,0.0,NA,0.088,NA,NA,NA,0.014,0.0	-0.027
512	0,3522,0,0,6	0,50,0,0,0	0,0,0,0,1076,0,0,0,0,0,1661,0,0,0,809,81	0,0,0,0,6,0,0,0,0,0,16,0,0,0,3,1	152	149	1	1.0	NA,0.986,NA,NA,1.0	NA,NA,NA,NA,0.994,NA,NA,NA,NA,NA,0.99,NA,NA,NA,0.996,0.988	0.001
530	0,0,0,0,0	0,218,0,0,0	0,0,0,0,19,0,0,0,0,0,15,0,0,0,7,5	0,0,0,0,977,0,0,2,2,4,894,0,0,0,603,55	298	149	1	1.0	NA,0.0,NA,NA,NA	NA,NA,NA,NA,0.01,NA,NA,0.0,0.0,0.0,0.008,NA,NA,NA,0.006,0.043	-0.01
532	0,3,0,0,0	0,16,0,0,0	0,0,0,0,3,0,0,0,0,0,2,0,0,0,0,0	0,0,0,0,52,0,0,0,0,0,60,0,0,0,27,11	245	149	1	1.0	NA,0.102,NA,NA,NA	NA,NA,NA,NA,0.034,NA,NA,NA,NA,NA,0.02,NA,NA,NA,0.0,0.0	0.088
533	0,0,0,0,0	0,70,0,0,2	0,0,0,0,19,0,0,0,0,0,8,0,0,0,0,0	0,0,0,0,140,0,0,0,0,0,171,0,0,0,34,24	224	149	1	1.0	NA,0.0,NA,NA,0.0	NA,NA,NA,NA,0.083,NA,NA,NA,NA,NA,0.03,NA,NA,NA,0.0,0.0	-0.028
535	0,496,0,0,0	0,120,0,0,0	0,0,0,0,623,0,0,0,0,0,416,0,0,0,321,23	0,0,0,0,80,0,0,1,0,0,69,0,0,0,131,1	270	149	1	1.0	NA,0.695,NA,NA,NA	NA,NA,NA,NA,0.811,NA,NA,0.0,NA,NA,0.769,NA,NA,NA,0.575,0.927	0.079
536	0,462,0,0,0	0,1,0,0,0	0,0,0,0,523,0,0,2,0,0,562,0,0,0,387,44	0,0,0,0,12,0,0,0,0,0,3,0,0,0,0,0	187	149	1	1.0	NA,0.997,NA,NA,NA	NA,NA,NA,NA,0.972,NA,NA,1.0,NA,NA,0.993,NA,NA,NA,1.0,1.0	0.004
537	0,9,0,0,0	0,171,0,0,2	0,0,0,0,53,0,0,0,0,0,57,0,0,0,17,6	0,0,0,0,441,0,0,3,0,0,376,0,0,0,101,64	161	149	1	1.0	NA,0.046,NA,NA,0.0	NA,NA,NA,NA,0.1,NA,NA,0.0,NA,NA,0.123,NA,NA,NA,0.135,0.08	-0.065
538	0,333,0,0,0	0,47,0,0,0	0,0,0,0,247,0,0,0,0,0,228,0,0,0,2,7	0,0,0,0,0,0,0,0,0,0,0,0,0,0,0,0	174	149	1	1.0	NA,0.858,NA,NA,NA	NA,NA,NA,NA,1.0,NA,NA,NA,NA,NA,1.0,NA,NA,NA,1.0,1.0	-0.142
542	0,99,0,0,0	0,1452,0,0,0	0,0,0,0,45,0,0,0,0,0,8,0,0,0,0,11	0,0,0,0,554,0,0,0,0,0,177,0,0,0,0,60	209	149	1	1.0	NA,0.046,NA,NA,NA	NA,NA,NA,NA,0.055,NA,NA,NA,NA,NA,0.031,NA,NA,NA,NA,0.116	-0.021
544	0,57,0,0,0	0,12,0,0,0	0,0,0,0,45,0,0,0,0,0,40,0,0,0,87,12	0,0,0,0,0,0,0,0,0,0,7,0,0,0,23,3	280	149	1	1.0	NA,0.717,NA,NA,NA	NA,NA,NA,NA,1.0,NA,NA,NA,NA,NA,0.753,NA,NA,NA,0.668,0.68	-0.058
545	0,5704,16,0,4	0,10,0,0,0	0,0,0,0,4633,8,0,7,0,0,875,0,0,0,1625,50	0,0,0,0,14,0,0,0,0,0,2,0,0,0,0,0	298	149	1	1.0	NA,0.997,1.0,NA,1.0	NA,NA,NA,NA,0.994,1.0,NA,1.0,NA,NA,0.995,NA,NA,NA,1.0,1.0	0.001
546	0,0,0,0,0	0,3,0,0,0	0,0,0,0,8,0,0,0,0,0,6,0,0,0,0,2	0,0,0,0,12,0,0,0,0,0,13,0,0,0,0,0	166	149	1	1.0	NA,0.0,NA,NA,NA	NA,NA,NA,NA,0.374,NA,NA,NA,NA,NA,0.293,NA,NA,NA,NA,1.0	-0.556
548	0,1315,6,0,0	0,26,0,0,0	0,0,0,0,1653,0,0,6,2,6,2289,0,0,0,2717,482	0,0,0,0,46,0,0,0,0,0,11,0,0,0,10,1	222	149	1	1.0	NA,0.971,1.0,NA,NA	NA,NA,NA,NA,0.96,NA,NA,1.0,1.0,1.0,0.993,NA,NA,NA,0.995,0.997	-0.007
557	0,2,0,0,0	0,0,0,0,0	0,0,0,0,11,0,0,0,0,0,1,0,0,0,6,0	0,0,0,0,0,0,0,0,0,0,2,0,0,0,0,0	206	149	1	1.0	NA,1.0,NA,NA,NA	NA,NA,NA,NA,1.0,NA,NA,NA,NA,NA,0.266,NA,NA,NA,1.0,NA	0.245
558	0,1,0,0,0	0,0,0,0,0	0,0,0,0,26,0,0,0,0,0,4,0,0,0,6,0	0,0,0,0,0,0,0,0,0,0,2,0,0,0,0,0	298	149	1	1.0	NA,1.0,NA,NA,NA	NA,NA,NA,NA,1.0,NA,NA,NA,NA,NA,0.5,NA,NA,NA,1.0,NA	0.167
559	0,0,0,0,0	0,1,0,0,0	0,0,0,0,41,0,0,0,0,0,4,0,0,0,0,0	0,0,0,0,0,0,0,0,0,0,0,0,0,0,0,0	298	149	1	1.0	NA,0.0,NA,NA,NA	NA,NA,NA,NA,1.0,NA,NA,NA,NA,NA,1.0,NA,NA,NA,NA,NA	-1.0
560	0,0,0,0,0	0,6,0,0,0	0,0,0,0,25,0,0,0,0,0,1,0,0,0,44,5	0,0,0,0,25,0,0,0,0,2,22,0,0,0,58,6	201	149	1	1.0	NA,0.0,NA,NA,NA	NA,NA,NA,NA,0.426,NA,NA,NA,NA,0.0,0.033,NA,NA,NA,0.36,0.382	-0.24
562	0,139,0,0,0	0,0,0,0,0	0,0,0,0,549,0,0,0,0,0,302,0,0,0,175,39	0,0,0,0,0,0,0,0,0,0,3,0,0,0,0,0	173	149	1	1.0	NA,1.0,NA,NA,NA	NA,NA,NA,NA,1.0,NA,NA,NA,NA,NA,0.989,NA,NA,NA,1.0,1.0	0.003
563	0,0,0,0,0	0,37,0,0,0	0,0,0,0,15,0,0,0,0,0,3,0,0,0,0,0	0,0,0,0,252,0,0,0,0,0,253,0,0,0,71,16	156	149	1	1.0	NA,0.0,NA,NA,NA	NA,NA,NA,NA,0.054,NA,NA,NA,NA,NA,0.011,NA,NA,NA,0.0,0.0	-0.016
564	0,42,0,0,0	0,67,0,0,0	0,0,0,0,139,0,0,0,0,0,137,0,0,0,1,11	0,0,0,0,116,2,0,0,0,0,101,0,0,0,27,4	176	149	1	1.0	NA,0.347,NA,NA,NA	NA,NA,NA,NA,0.504,0.0,NA,NA,NA,NA,0.535,NA,NA,NA,0.03,0.7	-0.007
565	0,13,0,0,0	0,192,0,0,0	0,0,0,0,9,0,0,0,0,0,15,0,0,0,2,0	0,0,0,0,210,0,0,1,0,0,341,0,0,0,73,15	203	149	1	1.0	NA,0.047,NA,NA,NA	NA,NA,NA,NA,0.03,NA,NA,0.0,NA,NA,0.031,NA,NA,NA,0.02,0.0	0.031
566	0,10,0,0,0	0,192,0,0,0	0,0,0,0,27,0,0,0,0,0,2,0,0,0,2,0	0,0,0,0,210,0,0,1,0,0,341,0,0,0,73,15	298	149	1	1.0	NA,0.025,NA,NA,NA	NA,NA,NA,NA,0.06,NA,NA,0.0,NA,NA,0.003,NA,NA,NA,0.014,0.0	0.01
567	0,10,0,0,0	0,13,0,0,0	0,0,0,0,18,0,0,0,0,0,1,0,0,0,0,0	0,0,0,0,0,0,0,0,0,0,14,0,0,0,0,0	298	149	1	1.0	NA,0.278,NA,NA,NA	NA,NA,NA,NA,1.0,NA,NA,NA,NA,NA,0.034,NA,NA,NA,NA,NA	-0.239
568	0,18,0,0,0	0,13,0,0,0	0,0,0,0,25,0,0,0,0,0,45,0,0,0,30,2	0,0,0,0,14,0,0,0,0,0,57,0,0,0,24,1	155	149	1	1.0	NA,0.571,NA,NA,NA	NA,NA,NA,NA,0.632,NA,NA,NA,NA,NA,0.431,NA,NA,NA,0.546,0.658	0.004
571	0,692,8,0,6	0,0,0,0,0	0,0,0,0,3194,2,0,16,4,10,4989,0,0,0,7512,314	0,0,0,0,1,0,0,0,0,0,0,0,0,0,0,4	215	149	1	1.0	NA,1.0,1.0,NA,1.0	NA,NA,NA,NA,1.0,1.0,NA,1.0,1.0,1.0,1.0,NA,NA,NA,1.0,0.982	0.002
572	0,0,0,0,0	0,245,10,0,6	0,0,0,0,63,0,0,0,0,0,47,0,0,0,27,1	0,0,0,0,1735,12,4,8,4,10,2677,0,0,0,2567,388	222	149	1	1.0	NA,0.0,0.0,NA,0.0	NA,NA,NA,NA,0.024,0.0,0.0,0.0,0.0,0.0,0.012,NA,NA,NA,0.007,0.002	-0.005
576	0,106,0,0,2	0,0,0,0,0	0,0,0,0,234,0,0,2,0,0,340,0,0,0,261,17	0,0,0,0,0,0,0,0,0,0,0,0,0,0,6,0	298	149	1	1.0	NA,1.0,NA,NA,1.0	NA,NA,NA,NA,1.0,NA,NA,1.0,NA,NA,1.0,NA,NA,NA,0.956,1.0	0.009
577	0,29,0,0,0	0,3,0,0,0	0,0,0,0,115,0,0,0,0,0,299,0,0,0,35,3	0,0,0,0,0,0,0,0,0,0,0,0,0,0,5,0	215	149	1	1.0	NA,0.87,NA,NA,NA	NA,NA,NA,NA,1.0,NA,NA,NA,NA,NA,1.0,NA,NA,NA,0.829,1.0	-0.087
585	0,1,0,0,0	0,0,0,0,0	0,0,0,0,0,0,0,0,0,0,4,0,0,0,12,5	0,0,0,0,0,0,0,0,0,0,6,0,0,0,0,4	298	149	1	1.0	NA,1.0,NA,NA,NA	NA,NA,NA,NA,NA,NA,NA,NA,NA,NA,0.25,NA,NA,NA,1.0,0.385	0.455
587	0,48,4,0,0	0,0,0,0,0	0,0,0,0,342,0,4,2,0,0,262,0,0,0,639,60	0,0,0,0,0,0,0,0,0,0,4,0,0,0,0,3	292	149	1	1.0	NA,1.0,1.0,NA,NA	NA,NA,NA,NA,1.0,NA,1.0,1.0,NA,NA,0.971,NA,NA,NA,1.0,0.911	0.02
588	0,117,0,0,0	0,0,0,0,0	0,0,0,0,290,0,2,8,0,0,242,0,0,0,408,65	0,0,0,0,0,0,0,0,0,0,0,0,0,0,2,0	298	149	1	1.0	NA,1.0,NA,NA,NA	NA,NA,NA,NA,1.0,NA,1.0,1.0,NA,NA,1.0,NA,NA,NA,0.99,1.0	0.002
594	0,12,0,0,0	0,4,0,0,0	0,0,0,0,104,0,0,2,0,0,268,0,0,0,90,2	0,0,0,0,9,0,0,0,0,0,47,0,0,0,13,5	189	149	1	1.0	NA,0.703,NA,NA,NA	NA,NA,NA,NA,0.901,NA,NA,1.0,NA,NA,0.818,NA,NA,NA,0.845,0.24	-0.058
595	0,89,0,0,0	0,4,0,0,0	0,0,0,0,302,0,0,2,2,2,1408,0,0,0,514,17	0,0,0,0,9,0,0,0,0,0,47,0,0,0,13,5	298	149	1	1.0	NA,0.918,NA,NA,NA	NA,NA,NA,NA,0.944,NA,NA,1.0,1.0,1.0,0.937,NA,NA,NA,0.952,0.63	-0.005
596	0,79,0,0,0	0,2,0,0,0	0,0,0,0,219,0,0,0,2,2,1159,0,0,0,429,19	0,0,0,0,15,0,0,0,0,0,19,0,0,0,5,1	298	149	1	1.0	NA,0.952,NA,NA,NA	NA,NA,NA,NA,0.88,NA,NA,NA,1.0,1.0,0.968,NA,NA,NA,0.977,0.905	-0.003
598	0,198,0,0,2	0,0,0,0,0	0,0,0,0,500,0,0,2,0,0,1673,0,0,0,174,77	0,0,0,0,67,0,0,0,0,0,2,0,0,0,0,0	298	149	1	1.0	NA,1.0,NA,NA,1.0	NA,NA,NA,NA,0.789,NA,NA,1.0,NA,NA,0.998,NA,NA,NA,1.0,1.0	0.043
599	0,250,0,0,2	0,0,0,0,0	0,0,0,0,722,0,0,2,0,0,2185,0,0,0,266,108	0,0,0,0,0,0,0,0,0,0,5,0,0,0,0,0	199	149	1	1.0	NA,1.0,NA,NA,1.0	NA,NA,NA,NA,1.0,NA,NA,1.0,NA,NA,0.997,NA,NA,NA,1.0,1.0	0.001
600	0,59,0,0,0	0,0,0,0,0	0,0,0,0,253,0,0,0,0,2,548,0,0,0,105,35	0,0,0,0,0,0,0,0,0,0,5,0,0,0,0,0	280	149	1	1.0	NA,1.0,NA,NA,NA	NA,NA,NA,NA,1.0,NA,NA,NA,NA,1.0,0.983,NA,NA,NA,1.0,1.0	0.003
601	0,1,0,0,0	0,192,0,0,2	0,0,0,0,3,0,0,0,0,2,31,0,0,0,7,0	0,0,0,0,472,0,0,2,0,0,1668,0,0,0,168,73	230	149	1	1.0	NA,0.003,NA,NA,0.0	NA,NA,NA,NA,0.004,NA,NA,0.0,NA,1.0,0.012,NA,NA,NA,0.026,0.0	-0.172
603	0,9,0,0,0	0,0,0,0,0	0,0,0,0,58,0,0,0,0,0,47,0,0,0,4,29	0,0,0,0,0,0,0,0,0,0,1,0,0,0,0,0	298	149	1	1.0	NA,1.0,NA,NA,NA	NA,NA,NA,NA,1.0,NA,NA,NA,NA,NA,0.959,NA,NA,NA,1.0,1.0	0.01
610	0,3,0,0,0	0,278,0,0,0	0,0,0,0,0,0,0,0,0,0,2,0,0,0,0,0	0,0,0,0,168,0,0,0,0,0,274,0,0,0,43,13	283	149	1	1.0	NA,0.006,NA,NA,NA	NA,NA,NA,NA,0.0,NA,NA,NA,NA,NA,0.004,NA,NA,NA,0.0,0.0	0.005
611	0,65,0,0,0	0,0,0,0,0	0,0,0,0,103,0,0,4,0,0,273,0,0,0,79,34	0,0,0,0,0,0,0,0,0,0,0,0,0,0,0,1	298	149	1	1.0	NA,1.0,NA,NA,NA	NA,NA,NA,NA,1.0,NA,NA,1.0,NA,NA,1.0,NA,NA,NA,1.0,0.944	0.011
616	0,6,2,0,0	0,0,0,0,0	0,0,0,0,38,2,0,0,0,0,37,0,0,0,330,40	0,0,0,0,1,0,2,0,0,0,4,0,0,0,11,0	155	149	1	1.0	NA,1.0,1.0,NA,NA	NA,NA,NA,NA,0.973,1.0,0.0,NA,NA,NA,0.899,NA,NA,NA,0.966,1.0	0.194
617	0,148,0,0,0	0,2752,4,0,2	0,0,0,0,36,0,0,0,0,0,54,0,0,0,97,13	0,0,0,0,932,0,4,2,0,2,1698,0,0,0,2798,192	162	149	1	1.0	NA,0.047,0.0,NA,0.0	NA,NA,NA,NA,0.034,NA,0.0,0.0,NA,0.0,0.028,NA,NA,NA,0.031,0.059	-0.006
618	0,37,0,0,0	0,2,0,0,0	0,0,0,0,25,0,0,0,0,0,26,0,0,0,24,6	0,0,0,0,0,0,0,0,0,0,4,0,0,0,0,0	162	149	1	1.0	NA,0.944,NA,NA,NA	NA,NA,NA,NA,1.0,NA,NA,NA,NA,NA,0.857,NA,NA,NA,1.0,1.0	-0.02
619	0,63,0,0,0	0,0,0,0,0	0,0,0,0,40,0,0,0,0,0,17,0,0,0,11,4	0,0,0,0,0,0,0,0,0,0,2,0,0,0,0,0	198	149	1	1.0	NA,1.0,NA,NA,NA	NA,NA,NA,NA,1.0,NA,NA,NA,NA,NA,0.865,NA,NA,NA,1.0,1.0	0.034
621	0,64,0,0,0	0,0,0,0,0	0,0,0,0,56,0,0,0,0,0,53,0,0,0,196,14	0,0,0,0,0,0,0,0,0,0,1,0,0,0,4,0	296	149	1	1.0	NA,1.0,NA,NA,NA	NA,NA,NA,NA,1.0,NA,NA,NA,NA,NA,0.964,NA,NA,NA,0.961,1.0	0.019
622	0,106,0,0,0	0,0,0,0,0	0,0,0,0,87,0,0,0,0,0,239,0,0,0,327,19	0,0,0,0,0,0,0,0,0,0,2,0,0,0,15,0	298	149	1	1.0	NA,1.0,NA,NA,NA	NA,NA,NA,NA,1.0,NA,NA,NA,NA,NA,0.984,NA,NA,NA,0.916,1.0	0.025
629	0,20,0,0,0	0,0,0,0,0	0,0,0,0,11,2,0,0,0,0,35,0,0,0,47,2	0,0,0,0,7,0,0,2,0,0,7,0,0,0,9,1	226	149	1	1.0	NA,1.0,NA,NA,NA	NA,NA,NA,NA,0.509,1.0,NA,0.0,NA,NA,0.767,NA,NA,NA,0.775,0.569	0.397
632	0,1,0,0,0	0,0,0,0,0	0,0,0,0,0,0,0,2,0,0,29,0,0,0,86,15	0,0,0,0,0,0,0,0,0,0,15,0,0,0,6,6	175	149	1	1.0	NA,1.0,NA,NA,NA	NA,NA,NA,NA,NA,NA,NA,1.0,NA,NA,0.622,NA,NA,NA,0.924,0.68	0.194
635	0,10,0,0,0	0,0,0,0,0	0,0,0,0,9,0,0,0,0,0,39,0,0,0,29,4	0,0,0,0,0,0,0,0,0,0,0,0,0,0,2,0	187	149	1	1.0	NA,1.0,NA,NA,NA	NA,NA,NA,NA,1.0,NA,NA,NA,NA,NA,1.0,NA,NA,NA,0.92,1.0	0.02
636	0,0,0,0,0	0,2,0,0,0	0,0,0,0,19,0,0,0,0,0,0,0,0,0,5,0	0,0,0,0,0,0,0,0,0,0,2,0,0,0,0,2	273	149	1	1.0	NA,0.0,NA,NA,NA	NA,NA,NA,NA,1.0,NA,NA,NA,NA,NA,0.0,NA,NA,NA,1.0,0.0	-0.5
637	0,0,0,0,0	0,689,0,0,0	0,0,0,0,0,0,0,0,0,0,11,0,0,0,0,3	0,0,0,0,422,0,0,0,0,0,1307,0,0,0,28,247	153	149	1	1.0	NA,0.0,NA,NA,NA	NA,NA,NA,NA,0.0,NA,NA,NA,NA,NA,0.008,NA,NA,NA,0.0,0.012	-0.005
638	0,24,0,0,0	0,762,0,0,0	0,0,0,0,30,0,0,0,0,0,62,0,0,0,0,5	0,0,0,0,525,0,0,1,0,2,1406,0,0,0,4,48	210	149	1	1.0	NA,0.022,NA,NA,NA	NA,NA,NA,NA,0.039,NA,NA,0.0,NA,0.0,0.03,NA,NA,NA,0.0,0.069	-0.001
639	0,26,0,0,0	0,140,0,0,0	0,0,0,0,55,0,0,0,0,0,27,0,0,0,0,1	0,0,0,0,51,0,0,0,0,0,134,0,0,0,10,5	298	149	1	1.0	NA,0.085,NA,NA,NA	NA,NA,NA,NA,0.35,NA,NA,NA,NA,NA,0.092,NA,NA,NA,0.0,0.091	-0.048
640	0,19,0,0,0	0,11004,2,0,6	0,0,0,0,0,0,0,0,0,0,4,0,0,0,0,0	0,0,0,0,902,0,2,25,0,0,1531,0,0,0,1005,30	158	149	1	1.0	NA,0.002,0.0,NA,0.0	NA,NA,NA,NA,0.0,NA,0.0,0.0,NA,NA,0.002,NA,NA,NA,0.0,0.0	0.0
641	0,119,0,0,0	0,0,0,0,0	0,0,0,0,32,0,0,2,0,0,42,0,0,0,0,12	0,0,0,0,0,0,0,0,0,0,7,0,0,0,0,0	298	149	1	1.0	NA,1.0,NA,NA,NA	NA,NA,NA,NA,1.0,NA,NA,1.0,NA,NA,0.75,NA,NA,NA,NA,1.0	0.062
642	0,150,0,0,2	0,9867,0,0,10	0,0,0,0,75,0,0,0,0,0,189,0,0,0,71,12	0,0,0,0,3960,4,0,12,16,22,20288,0,0,0,4385,1546	250	149	1	1.0	NA,0.009,NA,NA,0.107	NA,NA,NA,NA,0.011,0.0,NA,0.0,0.0,0.0,0.006,NA,NA,NA,0.01,0.005	0.054
643	0,3247,0,0,4	0,0,0,0,0	0,0,0,0,1288,0,0,8,0,2,7751,0,0,0,1455,213	0,0,0,0,0,0,0,2,0,0,3,0,0,0,0,0	298	149	1	1.0	NA,1.0,NA,NA,1.0	NA,NA,NA,NA,1.0,NA,NA,0.667,NA,1.0,0.999,NA,NA,NA,1.0,1.0	0.056
644	0,12978,0,0,12	0,0,0,0,0	0,0,0,0,5173,4,0,20,16,24,27853,0,0,0,5769,1749	0,0,0,0,0,0,0,2,0,0,3,0,0,0,0,0	215	149	1	1.0	NA,1.0,NA,NA,1.0	NA,NA,NA,NA,1.0,1.0,NA,0.874,1.0,1.0,1.0,NA,NA,NA,1.0,1.0	0.016
645	0,38,0,0,0	0,6038,6,0,4	0,0,0,0,34,0,0,0,0,0,17,0,0,0,4,10	0,0,0,0,3183,8,22,10,0,2,18285,0,0,0,5025,851	202	149	1	1.0	NA,0.005,0.0,NA,0.0	NA,NA,NA,NA,0.008,0.0,0.0,0.0,NA,0.0,0.001,NA,NA,NA,0.001,0.009	-0.001
646	0,16,0,0,0	0,4,0,0,0	0,0,0,0,0,0,0,0,0,0,11,0,0,0,10,2	0,0,0,0,0,0,0,0,0,0,0,0,0,0,0,0	151	149	1	1.0	NA,0.798,NA,NA,NA	NA,NA,NA,NA,NA,NA,NA,NA,NA,NA,1.0,NA,NA,NA,1.0,1.0	-0.202
648	0,15,0,0,0	0,0,0,0,0	0,0,0,0,54,0,0,0,0,0,4,0,0,0,16,37	0,0,0,0,4,0,0,0,0,0,0,0,0,0,0,1	298	149	1	1.0	NA,1.0,NA,NA,NA	NA,NA,NA,NA,0.871,NA,NA,NA,NA,NA,1.0,NA,NA,NA,1.0,0.949	0.045
650	0,46,0,0,0	0,1449,0,0,10	0,0,0,0,45,0,0,0,0,0,61,0,0,0,10,18	0,0,0,0,2438,0,0,21,0,4,12712,0,0,0,1925,627	298	149	1	1.0	NA,0.016,NA,NA,0.0	NA,NA,NA,NA,0.009,NA,NA,0.0,NA,0.0,0.002,NA,NA,NA,0.003,0.014	0.003
652	0,40,0,0,0	0,1449,0,0,10	0,0,0,0,49,0,0,0,0,0,61,0,0,0,10,19	0,0,0,0,2438,0,0,21,0,4,12712,0,0,0,1925,627	298	149	1	1.0	NA,0.014,NA,NA,0.0	NA,NA,NA,NA,0.01,NA,NA,0.0,NA,0.0,0.002,NA,NA,NA,0.003,0.015	0.002
653	0,8,0,0,0	0,1449,0,0,10	0,0,0,0,0,0,0,0,0,0,6,0,0,0,0,0	0,0,0,0,2438,0,0,21,0,4,12712,0,0,0,1925,627	151	149	1	1.0	NA,0.005,NA,NA,0.0	NA,NA,NA,NA,0.0,NA,NA,0.0,NA,0.0,0.0,NA,NA,NA,0.0,0.0	0.003
654	0,6,0,0,0	0,1406,0,0,8	0,0,0,0,13,0,0,0,0,0,4,0,0,0,0,12	0,0,0,0,1974,0,0,6,5,6,12711,0,0,0,351,720	298	149	1	1.0	NA,0.002,NA,NA,0.0	NA,NA,NA,NA,0.003,NA,NA,0.0,0.0,0.0,0.0,NA,NA,NA,0.0,0.008	-0.001
655	0,6,0,0,0	0,1406,0,0,8	0,0,0,0,24,0,0,0,0,0,6,0,0,0,0,12	0,0,0,0,1974,0,0,6,5,6,12711,0,0,0,351,720	298	149	1	1.0	NA,0.002,NA,NA,0.0	NA,NA,NA,NA,0.006,NA,NA,0.0,0.0,0.0,0.0,NA,NA,NA,0.0,0.008	-0.001
656	0,6,0,0,0	0,1406,0,0,8	0,0,0,0,13,0,0,0,0,0,4,0,0,0,0,18	0,0,0,0,1974,0,0,6,5,6,12711,0,0,0,351,720	298	149	1	1.0	NA,0.002,NA,NA,0.0	NA,NA,NA,NA,0.003,NA,NA,0.0,0.0,0.0,0.0,NA,NA,NA,0.0,0.012	-0.001
657	0,1562,0,0,8	0,2,0,0,0	0,0,0,0,2239,0,0,6,5,10,14381,0,0,0,351,945	0,0,0,0,0,0,0,0,0,0,1,0,0,0,0,1	169	149	1	1.0	NA,0.999,NA,NA,1.0	NA,NA,NA,NA,1.0,NA,NA,1.0,1.0,1.0,1.0,NA,NA,NA,1.0,0.999	-0.0
658	0,1,0,0,0	0,0,0,0,0	0,0,0,0,13,0,0,0,0,0,13,0,0,0,14,22	0,0,0,0,1,0,0,0,0,0,24,0,0,0,0,8	298	149	1	1.0	NA,1.0,NA,NA,NA	NA,NA,NA,NA,0.867,NA,NA,NA,NA,NA,0.213,NA,NA,NA,1.0,0.579	0.335
664	0,2,0,0,0	0,101,0,0,0	0,0,0,0,55,0,0,0,0,0,0,0,0,0,0,0	0,0,0,0,189,0,0,0,0,2,395,0,0,0,21,26	234	149	1	1.0	NA,0.012,NA,NA,NA	NA,NA,NA,NA,0.156,NA,NA,NA,NA,0.0,0.0,NA,NA,NA,0.0,0.0	-0.019
666	0,9,0,0,0	0,116,0,0,0	0,0,0,0,36,0,0,0,0,0,0,0,0,0,0,1	0,0,0,0,198,0,0,2,2,0,292,0,0,0,5,40	191	149	1	1.0	NA,0.057,NA,NA,NA	NA,NA,NA,NA,0.124,NA,NA,0.0,0.0,NA,0.0,NA,NA,NA,0.0,0.019	0.033
669	0,4,0,0,0	0,182,0,0,2	0,0,0,0,0,0,0,0,0,0,14,0,0,0,0,20	0,0,0,0,318,0,0,2,0,0,337,0,0,0,3,88	151	149	1	1.0	NA,0.021,NA,NA,0.0	NA,NA,NA,NA,0.0,NA,NA,0.0,NA,NA,0.039,NA,NA,NA,0.0,0.183	-0.034
675	0,0,0,0,0	0,13,0,0,0	0,0,0,0,0,0,0,0,0,0,0,0,0,0,27,10	0,0,0,0,32,0,0,0,0,0,15,0,0,0,14,3	197	149	1	1.0	NA,0.0,NA,NA,NA	NA,NA,NA,NA,0.0,NA,NA,NA,NA,NA,0.0,NA,NA,NA,0.593,0.716	-0.327
677	0,1,0,0,0	0,8,0,0,0	0,0,0,0,79,0,0,0,0,0,64,0,0,0,0,5	0,0,0,0,58,0,0,0,2,0,124,0,0,0,0,10	298	149	1	1.0	NA,0.059,NA,NA,NA	NA,NA,NA,NA,0.405,NA,NA,NA,0.0,NA,0.205,NA,NA,NA,NA,0.2	-0.144
678	0,2214,0,0,4	0,0,0,0,0	0,0,0,0,14672,0,0,7,14,12,16244,0,0,0,142,2837	0,0,0,0,14,0,0,0,0,0,1,0,0,0,0,7	165	149	1	1.0	NA,1.0,NA,NA,1.0	NA,NA,NA,NA,0.999,NA,NA,1.0,1.0,1.0,1.0,NA,NA,NA,1.0,0.997	0.001
680	0,0,0,0,0	0,2,0,0,0	0,0,0,0,7,0,0,0,0,0,1,0,0,0,0,1	0,0,0,0,4,0,0,0,0,0,3,0,0,0,0,2	159	149	1	1.0	NA,0.0,NA,NA,NA	NA,NA,NA,NA,0.621,NA,NA,NA,NA,NA,0.238,NA,NA,NA,NA,0.319	-0.393
681	0,109,0,0,0	0,6,0,0,0	0,0,0,0,219,0,0,0,0,0,47,0,0,0,12,30	0,0,0,0,17,0,0,0,0,0,34,0,0,0,20,16	298	149	1	1.0	NA,0.901,NA,NA,NA	NA,NA,NA,NA,0.866,NA,NA,NA,NA,NA,0.409,NA,NA,NA,0.231,0.484	0.404
687	0,0,0,0,0	0,2,0,0,0	0,0,0,0,0,0,0,0,0,0,3,0,0,0,0,2	0,0,0,0,0,0,0,2,0,0,57,0,0,0,72,45	158	149	1	1.0	NA,0.0,NA,NA,NA	NA,NA,NA,NA,NA,NA,NA,0.0,NA,NA,0.047,NA,NA,NA,0.0,0.04	-0.022
688	0,0,0,0,0	0,14,0,0,0	0,0,0,0,0,0,0,0,0,0,0,0,0,0,4,3	0,0,0,0,9,0,0,0,0,0,137,0,0,0,34,3	153	149	1	1.0	NA,0.0,NA,NA,NA	NA,NA,NA,NA,0.0,NA,NA,NA,NA,NA,0.0,NA,NA,NA,0.103,0.493	-0.149
689	0,3,0,0,0	0,12,0,0,0	0,0,0,0,0,0,0,0,0,0,3,0,0,0,0,3	0,0,0,0,110,0,0,0,0,0,42,0,0,0,8,9	185	149	1	1.0	NA,0.168,NA,NA,NA	NA,NA,NA,NA,0.0,NA,NA,NA,NA,NA,0.054,NA,NA,NA,0.0,0.212	0.102
690	0,24,0,0,0	0,6,0,0,0	0,0,0,0,96,0,0,0,0,0,137,0,0,0,32,4	0,0,0,0,43,0,0,0,0,0,37,0,0,0,40,0	298	149	1	1.0	NA,0.667,NA,NA,NA	NA,NA,NA,NA,0.527,NA,NA,NA,NA,NA,0.649,NA,NA,NA,0.286,1.0	0.051
691	0,9,0,0,0	0,218,0,0,0	0,0,0,0,0,0,0,0,0,0,6,0,0,0,19,0	0,0,0,0,105,0,0,2,0,0,310,0,0,0,507,35	153	149	1	1.0	NA,0.039,NA,NA,NA	NA,NA,NA,NA,0.0,NA,NA,0.0,NA,NA,0.019,NA,NA,NA,0.035,0.0	0.028
693	0,9,0,0,0	0,0,0,0,0	0,0,0,0,163,0,0,0,0,0,59,0,0,0,3,18	0,0,0,0,0,0,0,0,0,0,0,0,0,0,0,3	298	149	1	1.0	NA,1.0,NA,NA,NA	NA,NA,NA,NA,1.0,NA,NA,NA,NA,NA,1.0,NA,NA,NA,1.0,0.75	0.062
695	0,0,0,0,0	0,21,0,0,8	0,0,0,0,36,0,0,0,0,0,5,0,0,0,4,1	0,0,0,0,59,0,0,6,0,2,331,0,0,0,897,41	298	149	1	1.0	NA,0.0,NA,NA,0.0	NA,NA,NA,NA,0.234,NA,NA,0.0,NA,0.0,0.007,NA,NA,NA,0.002,0.012	-0.043
696	0,9,0,0,0	0,203,0,0,0	0,0,0,0,0,0,0,0,0,0,8,0,0,0,13,0	0,0,0,0,1119,0,0,0,0,8,1204,0,0,0,217,4	208	149	1	1.0	NA,0.031,NA,NA,NA	NA,NA,NA,NA,0.0,NA,NA,NA,NA,0.0,0.005,NA,NA,NA,0.041,0.0	0.022
698	0,43,0,0,0	0,16,0,0,0	0,0,0,0,129,0,0,0,0,0,42,0,0,0,0,7	0,0,0,0,40,0,0,0,0,0,90,0,0,0,27,0	298	149	1	1.0	NA,0.573,NA,NA,NA	NA,NA,NA,NA,0.617,NA,NA,NA,NA,NA,0.189,NA,NA,NA,0.0,1.0	0.121
699	0,56,0,0,0	0,16,0,0,0	0,0,0,0,125,0,0,0,0,0,44,0,0,0,0,7	0,0,0,0,40,0,0,0,0,0,90,0,0,0,27,0	298	149	1	1.0	NA,0.636,NA,NA,NA	NA,NA,NA,NA,0.61,NA,NA,NA,NA,NA,0.196,NA,NA,NA,0.0,1.0	0.184
700	0,10,0,0,0	0,15,0,0,0	0,0,0,0,4,0,0,0,0,0,0,0,0,0,10,2	0,0,0,0,0,0,0,0,0,0,2,0,0,0,0,0	163	149	1	1.0	NA,0.379,NA,NA,NA	NA,NA,NA,NA,1.0,NA,NA,NA,NA,NA,0.0,NA,NA,NA,1.0,1.0	-0.371
701	0,15,0,0,0	0,0,0,0,0	0,0,0,0,78,0,0,0,0,0,44,0,0,0,34,3	0,0,0,0,6,0,0,0,0,0,4,0,0,0,0,0	259	149	1	1.0	NA,1.0,NA,NA,NA	NA,NA,NA,NA,0.882,NA,NA,NA,NA,NA,0.864,NA,NA,NA,1.0,1.0	0.064
702	0,15,0,0,0	0,4,0,0,0	0,0,0,0,78,0,0,0,0,0,44,0,0,0,34,3	0,0,0,0,13,0,0,0,0,0,6,0,0,0,11,0	263	149	1	1.0	NA,0.68,NA,NA,NA	NA,NA,NA,NA,0.773,NA,NA,NA,NA,NA,0.806,NA,NA,NA,0.637,1.0	-0.124
703	0,0,0,0,0	0,4,0,0,0	0,0,0,0,6,0,0,0,0,0,4,0,0,0,0,0	0,0,0,0,13,0,0,0,0,0,6,0,0,0,11,0	153	149	1	1.0	NA,0.0,NA,NA,NA	NA,NA,NA,NA,0.31,NA,NA,NA,NA,NA,0.394,NA,NA,NA,0.0,NA	-0.235
704	0,0,0,0,0	0,452,2,0,0	0,0,0,0,3,0,0,0,0,0,6,0,0,0,9,0	0,0,0,0,1001,0,0,0,2,2,958,0,0,0,281,43	185	149	1	1.0	NA,0.0,0.0,NA,NA	NA,NA,NA,NA,0.002,NA,NA,NA,0.0,0.0,0.005,NA,NA,NA,0.025,0.0	-0.005
707	0,8,0,0,0	0,26,0,0,0	0,0,0,0,7,0,0,0,0,0,12,0,0,0,0,0	0,0,0,0,83,0,0,1,0,0,273,0,0,0,18,22	246	149	1	1.0	NA,0.157,NA,NA,NA	NA,NA,NA,NA,0.049,NA,NA,0.0,NA,NA,0.026,NA,NA,NA,0.0,0.0	0.142
708	0,1023,0,0,0	0,24,0,0,0	0,0,0,0,274,0,0,6,0,0,3042,0,0,0,550,56	0,0,0,0,1,0,0,0,0,0,77,0,0,0,4,4	298	149	1	1.0	NA,0.955,NA,NA,NA	NA,NA,NA,NA,0.993,NA,NA,1.0,NA,NA,0.952,NA,NA,NA,0.986,0.875	-0.006
713	0,5,0,0,0	0,5,4,0,0	0,0,0,0,0,0,0,0,0,0,8,0,0,0,49,3	0,0,0,0,0,0,0,0,0,0,11,0,0,0,33,9	165	149	1	1.0	NA,0.475,0.0,NA,NA	NA,NA,NA,NA,NA,NA,NA,NA,NA,NA,0.396,NA,NA,NA,0.573,0.231	-0.162
715	0,95,2,0,0	0,1,0,0,0	0,0,0,0,249,0,0,2,0,0,327,0,0,0,435,8	0,0,0,0,0,0,0,0,0,0,0,0,0,0,0,0	298	149	1	1.0	NA,0.979,1.0,NA,NA	NA,NA,NA,NA,1.0,NA,NA,1.0,NA,NA,1.0,NA,NA,NA,1.0,1.0	-0.01
720	0,9,0,0,0	0,18,0,0,0	0,0,0,0,68,0,0,0,0,0,1,0,0,0,69,6	0,0,0,0,61,0,0,0,0,0,58,0,0,0,18,0	298	149	1	1.0	NA,0.2,NA,NA,NA	NA,NA,NA,NA,0.358,NA,NA,NA,NA,NA,0.009,NA,NA,NA,0.657,1.0	-0.306
721	0,14,0,0,0	0,0,0,0,0	0,0,0,0,102,0,0,0,0,0,3,0,0,0,43,4	0,0,0,0,12,0,0,0,0,0,0,0,0,0,0,0	298	149	1	1.0	NA,1.0,NA,NA,NA	NA,NA,NA,NA,0.81,NA,NA,NA,NA,NA,1.0,NA,NA,NA,1.0,1.0	0.047
723	0,0,0,0,0	0,36,0,0,0	0,0,0,0,0,0,0,0,0,0,0,0,0,0,0,1	0,0,0,0,154,0,0,0,0,0,256,0,0,0,184,25	198	149	1	1.0	NA,0.0,NA,NA,NA	NA,NA,NA,NA,0.0,NA,NA,NA,NA,NA,0.0,NA,NA,NA,0.0,0.029	-0.007
724	0,0,0,0,0	0,21,0,0,0	0,0,0,0,0,0,0,0,0,0,3,0,0,0,0,0	0,0,0,0,82,0,0,0,0,0,227,0,0,0,282,5	169	149	1	1.0	NA,0.0,NA,NA,NA	NA,NA,NA,NA,0.0,NA,NA,NA,NA,NA,0.012,NA,NA,NA,0.0,0.0	-0.003
726	0,34,0,0,0	0,0,0,0,0	0,0,0,0,135,0,0,0,2,0,65,0,0,0,24,2	0,0,0,0,67,0,0,0,0,0,49,0,0,0,35,5	161	149	1	1.0	NA,1.0,NA,NA,NA	NA,NA,NA,NA,0.651,NA,NA,NA,1.0,NA,0.551,NA,NA,NA,0.388,0.27	0.428
728	0,3,0,0,0	0,36,0,0,2	0,0,0,0,0,0,0,0,0,0,0,0,0,0,0,1	0,0,0,0,83,0,0,0,0,0,341,0,0,0,18,7	196	149	1	1.0	NA,0.06,NA,NA,0.0	NA,NA,NA,NA,0.0,NA,NA,NA,NA,NA,0.0,NA,NA,NA,0.0,0.098	0.005
736	0,20,0,0,0	0,15,0,0,0	0,0,0,0,251,0,0,0,0,0,146,0,0,0,151,21	0,0,0,0,50,0,0,0,0,0,20,0,0,0,20,1	252	149	1	1.0	NA,0.441,NA,NA,NA	NA,NA,NA,NA,0.748,NA,NA,NA,NA,NA,0.812,NA,NA,NA,0.817,0.925	-0.384
737	0,4,0,0,0	0,9,0,0,0	0,0,0,0,0,0,0,0,0,0,22,0,0,0,4,0	0,0,0,0,174,0,0,0,0,0,93,0,0,0,106,21	298	149	1	1.0	NA,0.182,NA,NA,NA	NA,NA,NA,NA,0.0,NA,NA,NA,NA,NA,0.106,NA,NA,NA,0.019,0.0	0.151
740	0,25,0,0,0	0,2,0,0,0	0,0,0,0,60,0,0,0,0,0,23,0,0,0,1,14	0,0,0,0,0,0,0,0,0,0,1,0,0,0,0,1	298	149	1	1.0	NA,0.862,NA,NA,NA	NA,NA,NA,NA,1.0,NA,NA,NA,NA,NA,0.92,NA,NA,NA,1.0,0.875	-0.087
746	0,0,0,0,0	0,30,0,0,0	0,0,0,0,7,0,0,0,0,0,8,0,0,0,4,0	0,0,0,0,56,0,0,0,0,0,181,0,0,0,77,0	199	149	1	1.0	NA,0.0,NA,NA,NA	NA,NA,NA,NA,0.086,NA,NA,NA,NA,NA,0.032,NA,NA,NA,0.037,NA	-0.052
747	0,299,0,0,0	0,1,0,0,0	0,0,0,0,284,0,0,0,0,0,653,0,0,0,187,8	0,0,0,0,0,0,0,0,0,0,15,0,0,0,0,0	284	149	1	1.0	NA,0.994,NA,NA,NA	NA,NA,NA,NA,1.0,NA,NA,NA,NA,NA,0.958,NA,NA,NA,1.0,1.0	0.004
752	0,0,0,0,0	0,51,0,0,0	0,0,0,0,2,0,0,0,0,0,1,0,0,0,7,1	0,0,0,0,140,0,0,0,0,0,163,0,0,0,21,24	298	149	1	1.0	NA,0.0,NA,NA,NA	NA,NA,NA,NA,0.007,NA,NA,NA,NA,NA,0.003,NA,NA,NA,0.143,0.02	-0.043
753	0,8,0,0,0	0,146,0,0,0	0,0,0,0,18,0,0,0,0,0,10,0,0,0,3,0	0,0,0,0,152,0,0,0,4,0,179,0,0,0,16,9	181	149	1	1.0	NA,0.043,NA,NA,NA	NA,NA,NA,NA,0.089,NA,NA,NA,0.0,NA,0.044,NA,NA,NA,0.134,0.0	-0.01
754	0,374,0,0,2	0,0,0,0,0	0,0,0,0,492,0,0,0,0,0,252,0,0,0,9,33	0,0,0,0,0,0,0,0,0,0,1,0,0,0,0,0	298	149	1	1.0	NA,1.0,NA,NA,1.0	NA,NA,NA,NA,1.0,NA,NA,NA,NA,NA,0.992,NA,NA,NA,1.0,1.0	0.002
760	0,34,0,0,0	0,0,0,0,0	0,0,0,0,54,0,0,0,0,0,8,0,0,0,0,0	0,0,0,0,6,0,0,0,0,0,0,0,0,0,0,0	298	149	1	1.0	NA,1.0,NA,NA,NA	NA,NA,NA,NA,0.818,NA,NA,NA,NA,NA,1.0,NA,NA,NA,NA,NA	0.091
763	0,172,0,0,2	0,0,0,0,0	0,0,0,0,673,4,2,0,0,0,861,0,0,0,1117,154	0,0,0,0,0,0,0,0,0,0,3,0,0,0,0,0	233	149	1	1.0	NA,1.0,NA,NA,1.0	NA,NA,NA,NA,1.0,1.0,1.0,NA,NA,NA,0.995,NA,NA,NA,1.0,1.0	0.001
765	0,1316,0,0,0	0,6,0,0,0	0,0,0,0,268,0,0,0,0,0,892,0,0,0,533,29	0,0,0,0,6,0,0,0,0,0,0,0,0,0,0,0	298	149	1	1.0	NA,0.991,NA,NA,NA	NA,NA,NA,NA,0.957,NA,NA,NA,NA,NA,1.0,NA,NA,NA,1.0,1.0	0.002
767	0,0,0,0,0	0,34,0,0,0	0,0,0,0,4,0,0,0,0,0,13,0,0,0,7,0	0,0,0,0,121,0,0,0,0,0,167,0,0,0,135,0	175	149	1	1.0	NA,0.0,NA,NA,NA	NA,NA,NA,NA,0.027,NA,NA,NA,NA,NA,0.062,NA,NA,NA,0.042,NA	-0.044
768	0,88,2,0,4	0,0,0,0,0	0,0,0,0,140,0,0,4,0,2,228,0,0,0,441,48	0,0,0,0,0,0,0,0,0,0,17,0,0,0,2,2	298	149	1	1.0	NA,1.0,1.0,NA,1.0	NA,NA,NA,NA,1.0,NA,NA,1.0,NA,1.0,0.87,NA,NA,NA,0.991,0.923	0.036
769	0,0,0,0,0	0,88,2,0,4	0,0,0,0,0,0,0,0,0,0,9,0,0,0,11,2	0,0,0,0,108,0,0,4,0,2,222,0,0,0,441,48	153	149	1	1.0	NA,0.0,0.0,NA,0.0	NA,NA,NA,NA,0.0,NA,NA,0.0,NA,0.0,0.038,NA,NA,NA,0.024,0.039	-0.017
770	0,0,0,0,0	0,13,0,0,0	0,0,0,0,0,0,0,0,0,0,2,0,0,0,0,0	0,0,0,0,61,0,0,0,0,0,54,0,0,0,3,1	193	149	1	1.0	NA,0.0,NA,NA,NA	NA,NA,NA,NA,0.0,NA,NA,NA,NA,NA,0.028,NA,NA,NA,0.0,0.0	-0.007
771	0,242,0,0,0	0,22,0,0,0	0,0,0,0,92,0,0,0,0,0,213,0,0,0,68,12	0,0,0,0,9,0,0,0,0,0,8,0,0,0,1,0	215	149	1	1.0	NA,0.884,NA,NA,NA	NA,NA,NA,NA,0.876,NA,NA,NA,NA,NA,0.949,NA,NA,NA,0.979,1.0	-0.067
777	0,3,0,0,0	0,117,0,0,0	0,0,0,0,22,0,0,0,0,0,18,0,0,0,0,1	0,0,0,0,395,0,0,0,0,0,501,0,0,0,300,29	197	149	1	1.0	NA,0.019,NA,NA,NA	NA,NA,NA,NA,0.04,NA,NA,NA,NA,NA,0.026,NA,NA,NA,0.0,0.025	-0.004
778	0,0,0,0,0	0,117,0,0,0	0,0,0,0,0,0,0,0,0,0,10,0,0,0,0,2	0,0,0,0,395,0,0,0,0,0,501,0,0,0,300,29	298	149	1	1.0	NA,0.0,NA,NA,NA	NA,NA,NA,NA,0.0,NA,NA,NA,NA,NA,0.01,NA,NA,NA,0.0,0.033	-0.011
779	0,0,0,0,0	0,117,0,0,0	0,0,0,0,0,0,0,0,0,0,10,0,0,0,0,2	0,0,0,0,395,0,0,0,0,0,501,0,0,0,300,29	298	149	1	1.0	NA,0.0,NA,NA,NA	NA,NA,NA,NA,0.0,NA,NA,NA,NA,NA,0.01,NA,NA,NA,0.0,0.033	-0.011
780	0,0,0,0,0	0,3,0,0,0	0,0,0,0,0,0,0,0,0,0,6,0,0,0,0,2	0,0,0,0,22,0,0,0,0,0,14,0,0,0,0,1	267	149	1	1.0	NA,0.0,NA,NA,NA	NA,NA,NA,NA,0.0,NA,NA,NA,NA,NA,0.193,NA,NA,NA,NA,0.527	-0.24
781	0,0,0,0,0	0,3,0,0,0	0,0,0,0,0,0,0,0,0,0,10,0,0,0,0,2	0,0,0,0,22,0,0,0,0,0,14,0,0,0,0,1	298	149	1	1.0	NA,0.0,NA,NA,NA	NA,NA,NA,NA,0.0,NA,NA,NA,NA,NA,0.263,NA,NA,NA,NA,0.5	-0.254
797	0,5,0,0,0	0,0,0,0,0	0,0,0,0,0,0,0,0,0,0,0,0,0,0,0,0	0,0,0,0,0,0,0,0,0,0,0,0,0,0,6,0	298	149	1	1.0	NA,1.0,NA,NA,NA	NA,NA,NA,NA,NA,NA,NA,NA,NA,NA,NA,NA,NA,NA,0.0,NA	1.0
800	0,54,0,0,0	0,60,0,0,0	0,0,0,0,127,0,0,0,0,0,141,0,0,0,30,6	0,0,0,0,113,0,0,0,0,0,100,0,0,0,13,3	155	149	1	1.0	NA,0.464,NA,NA,NA	NA,NA,NA,NA,0.519,NA,NA,NA,NA,NA,0.575,NA,NA,NA,0.689,0.658	-0.146
801	0,27,0,0,0	0,0,0,0,0	0,0,0,0,4,0,0,0,0,0,16,0,0,0,2,31	0,0,0,0,0,0,0,0,0,0,2,0,0,0,0,7	230	149	1	1.0	NA,1.0,NA,NA,NA	NA,NA,NA,NA,1.0,NA,NA,NA,NA,NA,0.838,NA,NA,NA,1.0,0.742	0.105
803	0,3,0,0,0	0,86,0,0,4	0,0,0,0,15,0,0,0,0,0,1,0,0,0,0,0	0,0,0,0,597,0,0,2,0,2,619,0,0,0,179,45	192	149	1	1.0	NA,0.026,NA,NA,0.0	NA,NA,NA,NA,0.019,NA,NA,0.0,NA,0.0,0.001,NA,NA,NA,0.0,0.0	0.01
804	0,58,0,0,0	0,72,0,0,0	0,0,0,0,359,0,0,2,0,0,268,0,0,0,16,14	0,0,0,0,491,0,0,2,2,2,558,0,0,0,30,18	171	149	1	1.0	NA,0.412,NA,NA,NA	NA,NA,NA,NA,0.389,NA,NA,0.466,0.0,0.0,0.295,NA,NA,NA,0.317,0.404	0.145
805	0,0,0,0,0	0,411,0,0,0	0,0,0,0,41,0,0,0,0,0,0,0,0,0,0,3	0,0,0,0,895,0,0,0,0,2,1226,0,0,0,612,20	188	149	1	1.0	NA,0.0,NA,NA,NA	NA,NA,NA,NA,0.035,NA,NA,NA,NA,0.0,0.0,NA,NA,NA,0.0,0.106	-0.028
807	0,3,0,0,0	0,0,0,0,0	0,0,0,0,193,0,0,0,2,0,46,0,0,0,81,9	0,0,0,0,0,0,0,0,0,0,12,0,0,0,26,0	176	149	1	1.0	NA,1.0,NA,NA,NA	NA,NA,NA,NA,1.0,NA,NA,NA,1.0,NA,0.764,NA,NA,NA,0.725,1.0	0.102
808	0,0,0,0,0	0,15,0,0,0	0,0,0,0,0,0,0,0,0,0,7,0,0,0,0,0	0,0,0,0,136,0,0,0,0,0,326,0,0,0,133,26	188	149	1	1.0	NA,0.0,NA,NA,NA	NA,NA,NA,NA,0.0,NA,NA,NA,NA,NA,0.017,NA,NA,NA,0.0,0.0	-0.004
810	0,20,0,0,0	0,82,0,0,0	0,0,0,0,4,0,0,0,0,0,12,0,0,0,2,0	0,0,0,0,111,0,0,0,0,0,422,0,0,0,34,12	287	149	1	1.0	NA,0.112,NA,NA,NA	NA,NA,NA,NA,0.018,NA,NA,NA,NA,NA,0.015,NA,NA,NA,0.03,0.0	0.096
811	0,8,0,0,0	0,8,0,0,0	0,0,0,0,35,0,0,0,0,0,1,0,0,0,5,0	0,0,0,0,36,0,0,0,0,0,47,0,0,0,0,2	298	149	1	1.0	NA,0.333,NA,NA,NA	NA,NA,NA,NA,0.327,NA,NA,NA,NA,NA,0.011,NA,NA,NA,1.0,0.0	-0.002
813	0,8,0,0,0	0,0,0,0,0	0,0,0,0,115,0,0,0,0,0,62,0,0,0,0,2	0,0,0,0,7,0,0,0,0,0,0,0,0,0,0,0	246	149	1	1.0	NA,1.0,NA,NA,NA	NA,NA,NA,NA,0.909,NA,NA,NA,NA,NA,1.0,NA,NA,NA,NA,1.0	0.03
814	0,0,0,0,0	0,4,0,0,0	0,0,0,0,14,0,0,0,0,0,8,0,0,0,0,0	0,0,0,0,102,0,0,0,0,0,29,0,0,0,0,0	282	149	1	1.0	NA,0.0,NA,NA,NA	NA,NA,NA,NA,0.068,NA,NA,NA,NA,NA,0.127,NA,NA,NA,NA,NA	-0.098
815	0,1,0,0,0	0,85,0,0,0	0,0,0,0,85,0,0,0,0,0,54,0,0,0,9,0	0,0,0,0,343,0,0,2,0,2,792,0,0,0,188,8	298	149	1	1.0	NA,0.006,NA,NA,NA	NA,NA,NA,NA,0.11,NA,NA,0.0,NA,0.0,0.033,NA,NA,NA,0.023,0.0	-0.022
816	0,20,0,0,0	0,0,0,0,0	0,0,0,0,167,0,0,0,0,0,75,0,0,0,5,4	0,0,0,0,3,0,0,0,0,0,0,0,0,0,0,0	155	149	1	1.0	NA,1.0,NA,NA,NA	NA,NA,NA,NA,0.982,NA,NA,NA,NA,NA,1.0,NA,NA,NA,1.0,1.0	0.004
817	0,430,0,0,0	0,3,0,0,0	0,0,0,0,458,0,0,0,0,0,390,0,0,0,277,101	0,0,0,0,0,0,0,0,0,0,0,0,0,0,3,2	211	149	1	1.0	NA,0.99,NA,NA,NA	NA,NA,NA,NA,1.0,NA,NA,NA,NA,NA,1.0,NA,NA,NA,0.985,0.973	0.001
818	0,451,0,0,0	0,17,0,0,0	0,0,0,0,413,2,0,2,0,0,164,0,0,0,285,46	0,0,0,0,60,0,0,0,0,0,157,0,0,0,46,4	298	149	1	1.0	NA,0.93,NA,NA,NA	NA,NA,NA,NA,0.775,1.0,NA,1.0,NA,NA,0.343,NA,NA,NA,0.756,0.852	0.142
821	0,0,0,0,0	0,541,0,0,0	0,0,0,0,12,0,0,0,0,0,0,0,0,0,0,0	0,0,0,0,934,0,0,4,0,0,804,0,0,0,504,80	158	149	1	1.0	NA,0.0,NA,NA,NA	NA,NA,NA,NA,0.012,NA,NA,0.0,NA,NA,0.0,NA,NA,NA,0.0,0.0	-0.002
823	0,405,0,0,0	0,0,0,0,0	0,0,0,0,469,0,0,6,0,0,625,0,0,0,499,88	0,0,0,0,0,0,0,0,0,0,5,0,0,0,0,0	298	149	1	1.0	NA,1.0,NA,NA,NA	NA,NA,NA,NA,1.0,NA,NA,1.0,NA,NA,0.984,NA,NA,NA,1.0,1.0	0.003
825	0,0,0,0,0	0,4,0,0,0	0,0,0,0,2,0,0,0,0,0,0,0,0,0,13,5	0,0,0,0,4,0,0,0,0,0,0,0,0,0,0,0	298	149	1	1.0	NA,0.0,NA,NA,NA	NA,NA,NA,NA,0.2,NA,NA,NA,NA,NA,NA,NA,NA,NA,1.0,1.0	-0.733
827	0,4,0,0,0	0,0,0,0,0	0,0,0,0,4,0,0,0,0,0,0,0,0,0,0,0	0,0,0,0,19,0,0,0,0,0,0,0,0,0,7,0	161	149	1	1.0	NA,1.0,NA,NA,NA	NA,NA,NA,NA,0.163,NA,NA,NA,NA,NA,NA,NA,NA,NA,0.0,NA	0.918
828	0,14,0,0,0	0,53,0,0,0	0,0,0,0,32,0,0,0,0,0,25,0,0,0,1,3	0,0,0,0,170,0,0,1,0,0,231,0,0,0,65,87	298	149	1	1.0	NA,0.117,NA,NA,NA	NA,NA,NA,NA,0.086,NA,NA,0.0,NA,NA,0.051,NA,NA,NA,0.008,0.017	0.085
830	0,31,0,0,0	0,357,0,0,0	0,0,0,0,13,0,0,0,0,0,67,0,0,0,3,6	0,0,0,0,355,0,0,0,0,0,1022,0,0,0,22,27	169	149	1	1.0	NA,0.071,NA,NA,NA	NA,NA,NA,NA,0.031,NA,NA,NA,NA,NA,0.055,NA,NA,NA,0.107,0.164	-0.018
831	0,0,0,0,0	0,38,0,0,0	0,0,0,0,20,0,0,0,0,0,4,0,0,0,2,2	0,0,0,0,29,0,0,0,0,0,55,0,0,0,0,3	298	149	1	1.0	NA,0.0,NA,NA,NA	NA,NA,NA,NA,0.256,NA,NA,NA,NA,NA,0.035,NA,NA,NA,1.0,0.25	-0.385
832	0,6,0,0,0	0,0,0,0,0	0,0,0,0,6,0,0,0,0,0,0,0,0,0,0,0	0,0,0,0,0,0,0,0,0,0,3,0,0,0,0,2	225	149	1	1.0	NA,1.0,NA,NA,NA	NA,NA,NA,NA,1.0,NA,NA,NA,NA,NA,0.0,NA,NA,NA,NA,0.0	0.667
833	0,6,2,0,0	0,50,0,0,0	0,0,0,0,7,0,0,0,0,0,15,0,0,0,60,0	0,0,0,0,461,0,0,0,0,0,402,0,0,0,197,28	298	149	1	1.0	NA,0.057,1.0,NA,NA	NA,NA,NA,NA,0.008,NA,NA,NA,NA,NA,0.018,NA,NA,NA,0.132,0.0	0.489
834	0,113,0,0,0	0,0,0,0,0	0,0,0,0,159,2,0,0,0,0,238,0,0,0,187,5	0,0,0,0,0,0,0,0,0,0,1,0,0,0,6,0	284	149	1	1.0	NA,1.0,NA,NA,NA	NA,NA,NA,NA,1.0,1.0,NA,NA,NA,NA,0.992,NA,NA,NA,0.942,1.0	0.013
835	0,3,0,0,0	0,0,0,0,0	0,0,0,0,86,0,0,0,0,0,58,0,0,0,12,4	0,0,0,0,0,0,0,0,0,0,0,0,0,0,0,4	189	149	1	1.0	NA,1.0,NA,NA,NA	NA,NA,NA,NA,1.0,NA,NA,NA,NA,NA,1.0,NA,NA,NA,1.0,0.441	0.14
838	0,0,0,0,0	0,6,0,0,0	0,0,0,0,4,0,0,0,0,0,0,0,0,0,0,5	0,0,0,0,143,0,0,2,0,4,270,0,0,0,101,67	212	149	1	1.0	NA,0.0,NA,NA,NA	NA,NA,NA,NA,0.019,NA,NA,0.0,NA,0.0,0.0,NA,NA,NA,0.0,0.05	-0.012
843	0,3,0,0,0	0,2,0,0,0	0,0,0,0,6,0,0,0,0,0,9,0,0,0,6,0	0,0,0,0,3,0,0,0,0,0,0,0,0,0,0,0	151	149	1	1.0	NA,0.597,NA,NA,NA	NA,NA,NA,NA,0.664,NA,NA,NA,NA,NA,1.0,NA,NA,NA,1.0,NA	-0.291
844	0,130,0,0,2	0,39,0,0,0	0,0,0,0,116,0,0,0,0,0,28,0,0,0,52,5	0,0,0,0,35,0,0,0,0,0,106,0,0,0,56,0	298	149	1	1.0	NA,0.625,NA,NA,1.0	NA,NA,NA,NA,0.624,NA,NA,NA,NA,NA,0.117,NA,NA,NA,0.317,1.0	0.298
845	0,2,0,0,0	0,99,0,0,0	0,0,0,0,0,0,0,0,0,0,0,0,0,0,0,0	0,0,0,0,140,0,0,0,0,0,180,0,0,0,13,3	153	149	1	1.0	NA,0.019,NA,NA,NA	NA,NA,NA,NA,0.0,NA,NA,NA,NA,NA,0.0,NA,NA,NA,0.0,0.0	0.019
848	0,0,0,0,0	0,6,0,0,0	0,0,0,0,14,0,0,0,0,0,0,0,0,0,9,9	0,0,0,0,20,0,0,0,0,0,23,0,0,0,51,12	242	149	1	1.0	NA,0.0,NA,NA,NA	NA,NA,NA,NA,0.301,NA,NA,NA,NA,NA,0.0,NA,NA,NA,0.098,0.316	-0.179
849	0,0,0,0,0	0,5,0,0,0	0,0,0,0,0,0,0,0,0,0,11,0,0,0,0,0	0,0,0,0,0,0,0,0,0,0,2,0,0,0,0,0	153	149	1	1.0	NA,0.0,NA,NA,NA	NA,NA,NA,NA,NA,NA,NA,NA,NA,NA,0.843,NA,NA,NA,NA,NA	-0.843
858	0,64,2,0,0	0,14,0,0,0	0,0,0,0,332,0,0,0,0,0,256,0,0,0,325,56	0,0,0,0,178,0,0,0,0,0,64,0,0,0,40,10	158	149	1	1.0	NA,0.812,1.0,NA,NA	NA,NA,NA,NA,0.638,NA,NA,NA,NA,NA,0.79,NA,NA,NA,0.885,0.841	0.118
861	0,11,0,0,0	0,12,0,0,0	0,0,0,0,3,0,0,0,0,0,0,0,0,0,4,2	0,0,0,0,61,0,0,2,2,0,135,0,0,0,81,20	178	149	1	1.0	NA,0.434,NA,NA,NA	NA,NA,NA,NA,0.04,NA,NA,0.0,0.0,NA,0.0,NA,NA,NA,0.04,0.077	0.408
862	0,45,0,0,0	0,0,0,0,0	0,0,0,0,514,0,0,0,0,0,245,0,0,0,58,7	0,0,0,0,0,0,0,0,0,0,0,0,0,0,6,0	298	149	1	1.0	NA,1.0,NA,NA,NA	NA,NA,NA,NA,1.0,NA,NA,NA,NA,NA,1.0,NA,NA,NA,0.829,1.0	0.043
863	0,8,0,0,0	0,78,0,0,0	0,0,0,0,0,0,0,0,0,0,2,0,0,0,5,7	0,0,0,0,334,0,0,2,0,0,559,0,0,0,272,96	285	149	1	1.0	NA,0.051,NA,NA,NA	NA,NA,NA,NA,0.0,NA,NA,0.0,NA,NA,0.002,NA,NA,NA,0.01,0.037	0.041
864	0,6,0,0,0	0,6,0,0,0	0,0,0,0,45,0,0,0,0,0,12,0,0,0,34,3	0,0,0,0,0,0,0,0,0,0,8,0,0,0,1,2	181	149	1	1.0	NA,0.452,NA,NA,NA	NA,NA,NA,NA,1.0,NA,NA,NA,NA,NA,0.553,NA,NA,NA,0.966,0.553	-0.316
865	0,24,0,0,0	0,6,0,0,0	0,0,0,0,107,0,0,0,0,0,44,0,0,0,47,5	0,0,0,0,0,0,0,0,0,0,8,0,0,0,1,2	233	149	1	1.0	NA,0.719,NA,NA,NA	NA,NA,NA,NA,1.0,NA,NA,NA,NA,NA,0.779,NA,NA,NA,0.968,0.615	-0.122
866	0,18,0,0,0	0,0,0,0,0	0,0,0,0,79,0,0,0,0,0,39,0,0,0,21,2	0,0,0,0,17,0,0,0,0,0,7,0,0,0,8,0	201	149	1	1.0	NA,1.0,NA,NA,NA	NA,NA,NA,NA,0.775,NA,NA,NA,NA,NA,0.805,NA,NA,NA,0.661,1.0	0.19
867	0,37,0,0,0	0,1,0,0,0	0,0,0,0,117,0,0,0,0,0,60,0,0,0,13,8	0,0,0,0,23,0,0,0,0,0,23,0,0,0,2,3	298	149	1	1.0	NA,0.949,NA,NA,NA	NA,NA,NA,NA,0.718,NA,NA,NA,NA,NA,0.566,NA,NA,NA,0.765,0.571	0.294
868	0,15,0,0,0	0,30,0,0,0	0,0,0,0,74,0,0,0,0,0,70,0,0,0,194,12	0,0,0,0,140,0,0,0,0,0,144,0,0,0,227,3	155	149	1	1.0	NA,0.325,NA,NA,NA	NA,NA,NA,NA,0.337,NA,NA,NA,NA,NA,0.318,NA,NA,NA,0.451,0.794	-0.15
872	0,61,0,0,0	0,19,0,0,0	0,0,0,0,155,0,0,0,0,0,10,0,0,0,6,1	0,0,0,0,10,0,0,0,0,0,13,0,0,0,0,0	189	149	1	1.0	NA,0.717,NA,NA,NA	NA,NA,NA,NA,0.924,NA,NA,NA,NA,NA,0.378,NA,NA,NA,1.0,1.0	-0.109
873	0,122,0,0,2	0,0,0,0,0	0,0,0,0,118,0,0,0,0,2,464,0,0,0,25,25	0,0,0,0,0,0,0,0,0,0,5,0,0,0,0,0	298	149	1	1.0	NA,1.0,NA,NA,1.0	NA,NA,NA,NA,1.0,NA,NA,NA,NA,1.0,0.979,NA,NA,NA,1.0,1.0	0.004
875	0,27,0,0,0	0,0,0,0,0	0,0,0,0,163,0,0,0,4,0,58,0,0,0,53,9	0,0,0,0,0,0,0,0,0,0,4,0,0,0,0,0	298	149	1	1.0	NA,1.0,NA,NA,NA	NA,NA,NA,NA,1.0,NA,NA,NA,1.0,NA,0.879,NA,NA,NA,1.0,1.0	0.024
876	0,14,0,0,0	0,336,0,0,0	0,0,0,0,8,0,0,0,0,0,13,0,0,0,26,11	0,0,0,0,208,0,0,0,0,0,310,0,0,0,43,12	276	149	1	1.0	NA,0.022,NA,NA,NA	NA,NA,NA,NA,0.02,NA,NA,NA,NA,NA,0.022,NA,NA,NA,0.246,0.331	-0.133
877	0,525,0,0,0	0,1,0,0,0	0,0,0,0,207,0,0,0,0,0,392,0,0,0,59,29	0,0,0,0,0,0,0,0,0,0,3,0,0,0,0,0	192	149	1	1.0	NA,0.998,NA,NA,NA	NA,NA,NA,NA,1.0,NA,NA,NA,NA,NA,0.99,NA,NA,NA,1.0,1.0	0.0
878	0,0,0,0,0	0,48,0,0,2	0,0,0,0,0,0,0,0,0,0,10,0,0,0,14,0	0,0,0,0,599,0,0,0,0,0,234,0,0,0,279,2	153	149	1	1.0	NA,0.0,NA,NA,0.0	NA,NA,NA,NA,0.0,NA,NA,NA,NA,NA,0.04,NA,NA,NA,0.047,0.0	-0.022
879	0,32,0,0,2	0,2,0,0,0	0,0,0,0,289,0,0,0,0,0,232,0,0,0,241,2	0,0,0,0,105,0,0,0,0,0,33,0,0,0,34,0	173	149	1	1.0	NA,0.932,NA,NA,1.0	NA,NA,NA,NA,0.703,NA,NA,NA,NA,NA,0.858,NA,NA,NA,0.859,1.0	0.111
880	0,3,0,0,0	0,0,0,0,0	0,0,0,0,154,0,0,0,0,0,94,0,0,0,437,42	0,0,0,0,0,0,0,0,0,0,2,0,0,0,0,2	298	149	1	1.0	NA,1.0,NA,NA,NA	NA,NA,NA,NA,1.0,NA,NA,NA,NA,NA,0.959,NA,NA,NA,1.0,0.913	0.032
881	0,1,0,0,0	0,0,0,0,0	0,0,0,0,66,0,0,0,0,0,6,0,0,0,12,4	0,0,0,0,0,0,0,0,0,0,0,0,0,0,0,1	161	149	1	1.0	NA,1.0,NA,NA,NA	NA,NA,NA,NA,1.0,NA,NA,NA,NA,NA,1.0,NA,NA,NA,1.0,0.787	0.053
882	0,95,0,0,0	0,0,0,0,0	0,0,0,0,213,0,0,2,0,0,21,0,0,0,80,61	0,0,0,0,0,0,0,0,0,0,0,0,0,0,0,2	298	149	1	1.0	NA,1.0,NA,NA,NA	NA,NA,NA,NA,1.0,NA,NA,1.0,NA,NA,1.0,NA,NA,NA,1.0,0.938	0.012
883	0,5,0,0,0	0,13,0,0,0	0,0,0,0,15,0,0,0,0,0,1,0,0,0,0,0	0,0,0,0,0,0,0,0,0,0,0,0,0,0,0,0	173	149	1	1.0	NA,0.249,NA,NA,NA	NA,NA,NA,NA,1.0,NA,NA,NA,NA,NA,1.0,NA,NA,NA,NA,NA	-0.751
893	0,30,2,0,0	0,0,0,0,0	0,0,0,0,122,0,2,0,0,0,333,0,0,0,352,64	0,0,0,0,0,0,0,0,0,0,3,0,0,0,17,2	298	149	1	1.0	NA,1.0,1.0,NA,NA	NA,NA,NA,NA,1.0,NA,1.0,NA,NA,NA,0.982,NA,NA,NA,0.912,0.941	0.033
896	0,738,0,0,0	0,4,0,0,0	0,0,0,0,1588,0,0,0,0,2,1531,0,0,0,488,41	0,0,0,0,16,0,0,0,0,0,2,0,0,0,0,0	243	149	1	1.0	NA,0.991,NA,NA,NA	NA,NA,NA,NA,0.984,NA,NA,NA,NA,1.0,0.998,NA,NA,NA,1.0,1.0	-0.005
898	0,8,0,0,0	0,0,0,0,0	0,0,0,0,46,0,0,0,0,0,71,0,0,0,14,1	0,0,0,0,11,0,0,0,0,0,0,0,0,0,0,0	298	149	1	1.0	NA,1.0,NA,NA,NA	NA,NA,NA,NA,0.676,NA,NA,NA,NA,NA,1.0,NA,NA,NA,1.0,1.0	0.081
901	0,65,0,0,0	0,62,0,0,0	0,0,0,0,110,0,0,0,0,0,63,0,0,0,9,20	0,0,0,0,172,0,0,0,0,0,765,0,0,0,9,93	297	149	1	1.0	NA,0.345,NA,NA,NA	NA,NA,NA,NA,0.243,NA,NA,NA,NA,NA,0.04,NA,NA,NA,0.334,0.097	0.166
902	0,94,0,0,0	0,2,0,0,0	0,0,0,0,149,0,0,0,0,0,501,0,0,0,23,86	0,0,0,0,6,0,0,0,0,0,20,0,0,0,0,0	155	149	1	1.0	NA,0.978,NA,NA,NA	NA,NA,NA,NA,0.96,NA,NA,NA,NA,NA,0.96,NA,NA,NA,1.0,1.0	-0.002
903	0,65,0,0,0	0,0,0,0,0	0,0,0,0,259,0,4,2,4,2,508,0,0,0,569,21	0,0,0,0,0,0,0,0,0,0,4,0,0,0,7,0	287	149	1	1.0	NA,1.0,NA,NA,NA	NA,NA,NA,NA,1.0,NA,1.0,1.0,1.0,1.0,0.985,NA,NA,NA,0.977,1.0	0.005
904	0,17,0,0,0	0,3,0,0,0	0,0,0,0,11,0,0,0,0,0,20,0,0,0,16,0	0,0,0,0,0,0,0,0,0,0,0,0,0,0,0,0	287	149	1	1.0	NA,0.746,NA,NA,NA	NA,NA,NA,NA,1.0,NA,NA,NA,NA,NA,1.0,NA,NA,NA,1.0,NA	-0.254
905	0,110,0,0,0	0,16,0,0,0	0,0,0,0,178,0,0,0,0,0,165,0,0,0,23,10	0,0,0,0,182,0,0,0,0,0,167,0,0,0,52,19	298	149	1	1.0	NA,0.775,NA,NA,NA	NA,NA,NA,NA,0.328,NA,NA,NA,NA,NA,0.331,NA,NA,NA,0.181,0.208	0.513
910	0,2,0,0,0	0,3,0,0,0	0,0,0,0,46,0,0,0,0,0,5,0,0,0,26,0	0,0,0,0,0,0,0,0,0,0,1,0,0,0,0,0	298	149	1	1.0	NA,0.25,NA,NA,NA	NA,NA,NA,NA,1.0,NA,NA,NA,NA,NA,0.714,NA,NA,NA,1.0,NA	-0.655
913	0,9,0,0,0	0,4,0,0,0	0,0,0,0,21,0,0,0,0,0,10,0,0,0,20,1	0,0,0,0,13,0,0,0,0,0,7,0,0,0,4,2	164	149	1	1.0	NA,0.672,NA,NA,NA	NA,NA,NA,NA,0.595,NA,NA,NA,NA,NA,0.565,NA,NA,NA,0.82,0.312	0.099
919	0,77,0,0,0	0,385,0,0,0	0,0,0,0,66,0,0,0,0,0,270,0,0,0,11,31	0,0,0,0,808,0,0,0,0,0,941,0,0,0,95,206	161	149	1	1.0	NA,0.156,NA,NA,NA	NA,NA,NA,NA,0.07,NA,NA,NA,NA,NA,0.21,NA,NA,NA,0.097,0.122	0.031
921	0,4,0,0,0	0,95,0,0,0	0,0,0,0,39,0,0,0,0,0,9,0,0,0,4,2	0,0,0,0,86,0,0,0,0,0,66,0,0,0,4,0	215	149	1	1.0	NA,0.028,NA,NA,NA	NA,NA,NA,NA,0.239,NA,NA,NA,NA,NA,0.086,NA,NA,NA,0.409,1.0	-0.405
922	0,4,0,0,0	0,117,0,0,0	0,0,0,0,28,0,0,0,0,0,9,0,0,0,4,2	0,0,0,0,197,0,0,0,0,0,68,0,0,0,8,13	215	149	1	1.0	NA,0.023,NA,NA,NA	NA,NA,NA,NA,0.09,NA,NA,NA,NA,NA,0.084,NA,NA,NA,0.257,0.096	-0.109
923	0,7,0,0,0	0,17,0,0,0	0,0,0,0,44,0,0,0,0,0,16,0,0,0,0,0	0,0,0,0,102,0,0,0,0,0,107,0,0,0,0,5	195	149	1	1.0	NA,0.239,NA,NA,NA	NA,NA,NA,NA,0.248,NA,NA,NA,NA,NA,0.103,NA,NA,NA,NA,0.0	0.122
924	0,66,0,0,0	0,596,0,0,2	0,0,0,0,139,0,0,2,0,0,260,0,0,0,41,3	0,0,0,0,1078,0,0,2,2,0,1343,0,0,0,313,50	179	149	1	1.0	NA,0.084,NA,NA,0.0	NA,NA,NA,NA,0.097,NA,NA,0.454,0.0,NA,0.139,NA,NA,NA,0.098,0.048	-0.097
925	0,2,0,0,0	0,27,0,0,0	0,0,0,0,6,0,0,0,0,0,3,0,0,0,0,1	0,0,0,0,72,0,0,0,0,0,94,0,0,0,114,44	230	149	1	1.0	NA,0.046,NA,NA,NA	NA,NA,NA,NA,0.051,NA,NA,NA,NA,NA,0.02,NA,NA,NA,0.0,0.015	0.025
926	0,68,0,0,0	0,10,0,0,0	0,0,0,0,69,0,0,0,0,0,217,0,0,0,1,3	0,0,0,0,5,0,0,0,0,0,7,0,0,0,0,0	298	149	1	1.0	NA,0.773,NA,NA,NA	NA,NA,NA,NA,0.873,NA,NA,NA,NA,NA,0.939,NA,NA,NA,1.0,1.0	-0.18
927	0,16,0,0,0	0,7,0,0,0	0,0,0,0,113,0,0,0,0,0,120,0,0,0,0,3	0,0,0,0,0,0,0,0,0,0,3,0,0,0,0,0	298	149	1	1.0	NA,0.533,NA,NA,NA	NA,NA,NA,NA,1.0,NA,NA,NA,NA,NA,0.952,NA,NA,NA,NA,1.0	-0.451
928	0,13,0,0,0	0,6,0,0,0	0,0,0,0,50,0,0,0,0,0,14,0,0,0,7,1	0,0,0,0,2,0,0,0,0,0,26,0,0,0,1,3	155	149	1	1.0	NA,0.676,NA,NA,NA	NA,NA,NA,NA,0.96,NA,NA,NA,NA,NA,0.341,NA,NA,NA,0.871,0.243	0.072
929	0,15,0,0,0	0,0,0,0,0	0,0,0,0,120,0,0,0,0,0,97,0,0,0,10,16	0,0,0,0,0,0,0,0,0,0,0,0,0,0,2,1	261	149	1	1.0	NA,1.0,NA,NA,NA	NA,NA,NA,NA,1.0,NA,NA,NA,NA,NA,1.0,NA,NA,NA,0.741,0.901	0.089
930	0,77,0,0,0	0,0,0,0,0	0,0,0,0,1003,0,0,2,0,0,733,0,0,0,26,83	0,0,0,0,0,0,0,0,0,0,3,0,0,0,0,0	175	149	1	1.0	NA,1.0,NA,NA,NA	NA,NA,NA,NA,1.0,NA,NA,1.0,NA,NA,0.995,NA,NA,NA,1.0,1.0	0.001
931	0,9,0,0,0	0,0,0,0,0	0,0,0,0,17,0,0,0,0,0,57,0,0,0,13,15	0,0,0,0,10,0,0,0,0,0,17,0,0,0,1,6	161	149	1	1.0	NA,1.0,NA,NA,NA	NA,NA,NA,NA,0.611,NA,NA,NA,NA,NA,0.756,NA,NA,NA,0.923,0.698	0.253
932	0,64,0,0,0	0,1922,0,0,2	0,0,0,0,5,0,0,0,0,0,278,0,0,0,5,2	0,0,0,0,38,0,0,6,0,4,6143,0,0,0,623,39	164	149	1	1.0	NA,0.029,NA,NA,0.0	NA,NA,NA,NA,0.107,NA,NA,0.0,NA,0.0,0.039,NA,NA,NA,0.007,0.045	-0.019
933	0,269,0,0,0	0,125,0,0,0	0,0,0,0,9,0,0,0,0,0,1311,0,0,0,290,19	0,0,0,0,1,0,0,2,0,0,34,0,0,0,50,0	206	149	1	1.0	NA,0.609,NA,NA,NA	NA,NA,NA,NA,0.867,NA,NA,0.0,NA,NA,0.965,NA,NA,NA,0.808,1.0	-0.119
934	0,1239,0,0,2	0,1130,0,0,0	0,0,0,0,32,0,0,4,0,4,4732,0,0,0,788,39	0,0,0,0,81,0,0,4,0,2,5731,0,0,0,314,10	206	149	1	1.0	NA,0.442,NA,NA,1.0	NA,NA,NA,NA,0.222,NA,NA,0.42,NA,0.591,0.374,NA,NA,NA,0.645,0.738	0.223
935	0,5,0,0,0	0,4,0,0,0	0,0,0,0,37,0,0,0,0,0,15,0,0,0,22,2	0,0,0,0,13,0,0,0,0,0,91,0,0,0,12,4	158	149	1	1.0	NA,0.541,NA,NA,NA	NA,NA,NA,NA,0.729,NA,NA,NA,NA,NA,0.135,NA,NA,NA,0.634,0.32	0.087
936	0,2400,0,0,4	0,0,0,0,0	0,0,0,0,3962,0,0,4,0,2,4800,0,0,0,258,79	0,0,0,0,0,0,0,0,0,0,4,0,0,0,0,0	298	149	1	1.0	NA,1.0,NA,NA,1.0	NA,NA,NA,NA,1.0,NA,NA,1.0,NA,1.0,0.998,NA,NA,NA,1.0,1.0	0.0
937	0,18,0,0,0	0,35,0,0,0	0,0,0,0,41,0,0,0,0,0,38,0,0,0,0,0	0,0,0,0,233,0,0,0,0,0,180,0,0,0,7,2	168	149	1	1.0	NA,0.313,NA,NA,NA	NA,NA,NA,NA,0.135,NA,NA,NA,NA,NA,0.158,NA,NA,NA,0.0,0.0	0.24
940	0,12,0,0,0	0,18,0,0,0	0,0,0,0,0,0,0,0,0,0,13,0,0,0,0,1	0,0,0,0,71,0,0,0,0,0,21,0,0,0,4,0	161	149	1	1.0	NA,0.382,NA,NA,NA	NA,NA,NA,NA,0.0,NA,NA,NA,NA,NA,0.364,NA,NA,NA,0.0,1.0	0.041
941	0,204,0,0,0	0,0,0,0,0	0,0,0,0,232,0,0,0,0,0,254,0,0,0,310,28	0,0,0,0,0,0,0,0,0,0,8,0,0,0,0,0	298	149	1	1.0	NA,1.0,NA,NA,NA	NA,NA,NA,NA,1.0,NA,NA,NA,NA,NA,0.941,NA,NA,NA,1.0,1.0	0.015
944	0,25,0,0,0	0,0,0,0,0	0,0,0,0,249,0,0,0,0,0,141,0,0,0,101,78	0,0,0,0,0,0,0,0,0,0,9,0,0,0,0,9	158	149	1	1.0	NA,1.0,NA,NA,NA	NA,NA,NA,NA,1.0,NA,NA,NA,NA,NA,0.937,NA,NA,NA,1.0,0.891	0.043
945	0,0,0,0,0	0,20,0,0,0	0,0,0,0,0,0,0,0,0,0,0,0,0,0,0,2	0,0,0,0,96,0,0,0,0,0,54,0,0,0,75,47	184	149	1	1.0	NA,0.0,NA,NA,NA	NA,NA,NA,NA,0.0,NA,NA,NA,NA,NA,0.0,NA,NA,NA,0.0,0.033	-0.008
946	0,80,0,0,0	0,40,0,0,0	0,0,0,0,82,0,0,2,0,0,93,0,0,0,4,10	0,0,0,0,69,0,0,0,0,0,36,0,0,0,2,1	182	149	1	1.0	NA,0.621,NA,NA,NA	NA,NA,NA,NA,0.493,NA,NA,1.0,NA,NA,0.679,NA,NA,NA,0.621,0.891	-0.116
947	0,45,0,0,0	0,8,0,0,0	0,0,0,0,34,0,0,0,0,0,118,0,0,0,105,66	0,0,0,0,15,0,0,0,0,0,3,0,0,0,8,10	298	149	1	1.0	NA,0.738,NA,NA,NA	NA,NA,NA,NA,0.531,NA,NA,NA,NA,NA,0.952,NA,NA,NA,0.868,0.767	-0.041
950	0,2,0,0,0	0,15,0,0,0	0,0,0,0,0,0,0,0,0,0,5,0,0,0,0,0	0,0,0,0,48,0,0,0,0,0,50,0,0,0,6,5	259	149	1	1.0	NA,0.071,NA,NA,NA	NA,NA,NA,NA,0.0,NA,NA,NA,NA,NA,0.054,NA,NA,NA,0.0,0.0	0.057
954	0,77,0,0,0	0,12,0,0,0	0,0,0,0,18,0,0,0,0,0,281,0,0,0,71,12	0,0,0,0,0,0,0,0,0,0,38,0,0,0,1,0	182	149	1	1.0	NA,0.84,NA,NA,NA	NA,NA,NA,NA,1.0,NA,NA,NA,NA,NA,0.858,NA,NA,NA,0.983,1.0	-0.12
955	0,150,0,0,0	0,165,0,0,0	0,0,0,0,183,0,0,0,0,0,547,0,0,0,9,49	0,0,0,0,57,0,0,0,0,0,220,0,0,0,2,29	298	149	1	1.0	NA,0.312,NA,NA,NA	NA,NA,NA,NA,0.616,NA,NA,NA,NA,NA,0.554,NA,NA,NA,0.692,0.458	-0.268
956	0,151,0,0,0	0,2510,0,0,4	0,0,0,0,0,0,0,0,0,0,0,0,0,0,1,17	0,0,0,0,10,0,0,0,0,2,23,0,0,0,41,19	159	149	1	1.0	NA,0.053,NA,NA,0.0	NA,NA,NA,NA,0.0,NA,NA,NA,NA,0.0,0.0,NA,NA,NA,0.022,0.456	-0.069
957	0,0,0,0,0	0,54,0,0,0	0,0,0,0,0,0,0,0,0,0,0,0,0,0,6,0	0,0,0,0,257,0,0,2,0,0,468,0,0,0,318,15	272	149	1	1.0	NA,0.0,NA,NA,NA	NA,NA,NA,NA,0.0,NA,NA,0.0,NA,NA,0.0,NA,NA,NA,0.01,0.0	-0.002
958	0,0,0,0,0	0,25,0,0,0	0,0,0,0,25,0,0,0,0,0,36,0,0,0,16,5	0,0,0,0,162,0,0,0,0,0,259,0,0,0,150,0	228	149	1	1.0	NA,0.0,NA,NA,NA	NA,NA,NA,NA,0.092,NA,NA,NA,NA,NA,0.083,NA,NA,NA,0.065,1.0	-0.31
959	0,93,0,0,0	0,0,0,0,0	0,0,0,0,55,0,0,0,2,2,125,0,0,0,140,28	0,0,0,0,0,0,0,0,0,0,6,0,0,0,0,0	298	149	1	1.0	NA,1.0,NA,NA,NA	NA,NA,NA,NA,1.0,NA,NA,NA,1.0,1.0,0.912,NA,NA,NA,1.0,1.0	0.015
961	0,321,0,0,0	0,0,0,0,0	0,0,0,0,2055,0,0,2,0,2,1835,0,0,0,1410,89	0,0,0,0,0,0,0,0,0,0,1,0,0,0,0,0	177	149	1	1.0	NA,1.0,NA,NA,NA	NA,NA,NA,NA,1.0,NA,NA,1.0,NA,1.0,0.999,NA,NA,NA,1.0,1.0	0.0
962	0,0,0,0,0	0,16,0,0,0	0,0,0,0,12,0,0,0,0,0,0,0,0,0,0,0	0,0,0,0,279,0,0,0,0,0,71,0,0,0,68,6	275	149	1	1.0	NA,0.0,NA,NA,NA	NA,NA,NA,NA,0.023,NA,NA,NA,NA,NA,0.0,NA,NA,NA,0.0,0.0	-0.006
963	0,3,0,0,0	0,67,2,0,0	0,0,0,0,20,0,0,0,0,0,45,0,0,0,18,2	0,0,0,0,393,0,0,0,0,2,508,0,0,0,528,25	222	149	1	1.0	NA,0.029,0.0,NA,NA	NA,NA,NA,NA,0.033,NA,NA,NA,NA,0.0,0.056,NA,NA,NA,0.022,0.051	-0.018
968	0,0,0,0,0	0,90,0,0,0	0,0,0,0,16,0,0,0,0,0,123,0,0,0,0,1	0,0,0,0,215,0,0,0,0,0,617,0,0,0,4,18	274	149	1	1.0	NA,0.0,NA,NA,NA	NA,NA,NA,NA,0.039,NA,NA,NA,NA,NA,0.098,NA,NA,NA,0.0,0.029	-0.042
970	0,283,0,0,0	0,0,0,0,0	0,0,0,0,753,0,0,0,0,0,1746,0,0,0,486,110	0,0,0,0,0,0,0,0,0,0,0,0,0,0,0,1	185	149	1	1.0	NA,1.0,NA,NA,NA	NA,NA,NA,NA,1.0,NA,NA,NA,NA,NA,1.0,NA,NA,NA,1.0,0.989	0.003
971	0,76,0,0,0	0,30,0,0,0	0,0,0,0,57,0,0,0,0,0,72,0,0,0,32,0	0,0,0,0,16,0,0,0,0,0,43,0,0,0,4,0	173	149	1	1.0	NA,0.686,NA,NA,NA	NA,NA,NA,NA,0.754,NA,NA,NA,NA,NA,0.591,NA,NA,NA,0.873,NA	-0.053
972	0,20,0,0,0	0,7,0,0,0	0,0,0,0,82,0,0,0,0,0,47,0,0,0,6,51	0,0,0,0,40,0,0,0,0,0,60,0,0,0,0,56	181	149	1	1.0	NA,0.702,NA,NA,NA	NA,NA,NA,NA,0.628,NA,NA,NA,NA,NA,0.392,NA,NA,NA,1.0,0.428	0.09
973	0,194,0,0,0	0,5,0,0,0	0,0,0,0,294,0,0,0,0,0,412,0,0,0,211,120	0,0,0,0,0,0,0,0,0,0,8,0,0,0,1,1	167	149	1	1.0	NA,0.972,NA,NA,NA	NA,NA,NA,NA,1.0,NA,NA,NA,NA,NA,0.979,NA,NA,NA,0.995,0.991	-0.019
974	0,796,0,0,2	0,10,0,0,0	0,0,0,0,335,0,0,0,0,0,350,0,0,0,56,42	0,0,0,0,0,0,0,0,0,0,18,0,0,0,0,10	167	149	1	1.0	NA,0.986,NA,NA,1.0	NA,NA,NA,NA,1.0,NA,NA,NA,NA,NA,0.946,NA,NA,NA,1.0,0.789	0.059
975	0,26493,0,0,6	0,0,0,0,0	0,0,0,0,16767,0,0,15,6,8,35196,0,0,0,459,4512	0,0,0,0,0,0,0,0,0,0,2,0,0,0,0,0	298	149	1	1.0	NA,1.0,NA,NA,1.0	NA,NA,NA,NA,1.0,NA,NA,1.0,1.0,1.0,1.0,NA,NA,NA,1.0,1.0	0.0
976	0,133,0,0,0	0,5,0,0,0	0,0,0,0,136,0,0,0,0,0,596,0,0,0,519,67	0,0,0,0,0,0,0,0,0,0,19,0,0,0,23,4	204	149	1	1.0	NA,0.951,NA,NA,NA	NA,NA,NA,NA,1.0,NA,NA,NA,NA,NA,0.958,NA,NA,NA,0.943,0.924	-0.005
980	0,19,0,0,0	0,0,0,0,0	0,0,0,0,0,0,2,0,0,0,14,0,0,0,163,22	0,0,0,0,0,0,0,0,0,0,3,0,0,0,10,0	298	149	1	1.0	NA,1.0,NA,NA,NA	NA,NA,NA,NA,NA,NA,1.0,NA,NA,NA,0.7,NA,NA,NA,0.891,1.0	0.102
981	0,29,0,0,0	0,0,0,0,0	0,0,0,0,0,0,0,0,0,0,17,0,0,0,158,12	0,0,0,0,16,0,0,0,0,0,5,0,0,0,0,0	298	149	1	1.0	NA,1.0,NA,NA,NA	NA,NA,NA,NA,0.0,NA,NA,NA,NA,NA,0.63,NA,NA,NA,1.0,1.0	0.343
987	0,4,0,0,0	0,0,0,0,0	0,0,0,0,24,0,0,0,0,0,5,0,0,0,0,4	0,0,0,0,0,0,0,0,0,0,1,0,0,0,0,3	298	149	1	1.0	NA,1.0,NA,NA,NA	NA,NA,NA,NA,1.0,NA,NA,NA,NA,NA,0.714,NA,NA,NA,NA,0.4	0.295
989	0,0,0,0,0	0,318,0,0,0	0,0,0,0,0,0,0,0,0,0,0,0,0,0,2,0	0,0,0,0,234,0,0,0,0,0,698,0,0,0,60,50	177	149	1	1.0	NA,0.0,NA,NA,NA	NA,NA,NA,NA,0.0,NA,NA,NA,NA,NA,0.0,NA,NA,NA,0.027,0.0	-0.007
990	0,12,0,0,0	0,348,0,0,0	0,0,0,0,19,0,0,0,0,0,33,0,0,0,24,7	0,0,0,0,289,0,0,0,0,0,572,0,0,0,81,32	298	149	1	1.0	NA,0.017,NA,NA,NA	NA,NA,NA,NA,0.032,NA,NA,NA,NA,NA,0.028,NA,NA,NA,0.129,0.099	-0.055
992	0,0,0,0,0	0,9,0,0,0	0,0,0,0,0,0,0,0,0,0,0,0,0,0,6,0	0,0,0,0,18,0,0,0,0,0,6,0,0,0,3,2	298	149	1	1.0	NA,0.0,NA,NA,NA	NA,NA,NA,NA,0.0,NA,NA,NA,NA,NA,0.0,NA,NA,NA,0.5,0.0	-0.125
993	0,600,0,0,0	0,0,0,0,0	0,0,0,0,222,0,0,0,0,0,373,0,0,0,1,19	0,0,0,0,0,0,0,0,0,0,1,0,0,0,0,0	150	149	1	1.0	NA,1.0,NA,NA,NA	NA,NA,NA,NA,1.0,NA,NA,NA,NA,NA,0.997,NA,NA,NA,1.0,1.0	0.001
994	0,36,0,0,0	0,364,0,0,0	0,0,0,0,71,0,0,0,0,0,14,0,0,0,4,2	0,0,0,0,243,0,0,0,0,4,468,0,0,0,2,2	298	149	1	1.0	NA,0.047,NA,NA,NA	NA,NA,NA,NA,0.127,NA,NA,NA,NA,0.0,0.015,NA,NA,NA,0.5,0.333	-0.148
995	0,0,0,0,0	0,32,0,0,0	0,0,0,0,0,0,0,0,0,0,3,0,0,0,30,3	0,0,0,0,119,2,0,2,0,0,100,0,0,0,171,59	167	149	1	1.0	NA,0.0,NA,NA,NA	NA,NA,NA,NA,0.0,0.0,NA,0.0,NA,NA,0.026,NA,NA,NA,0.135,0.043	-0.034
996	0,0,0,0,0	0,32,0,0,0	0,0,0,0,0,0,0,0,0,0,7,0,0,0,10,0	0,0,0,0,119,2,0,2,0,0,100,0,0,0,171,59	171	149	1	1.0	NA,0.0,NA,NA,NA	NA,NA,NA,NA,0.0,0.0,NA,0.0,NA,NA,0.057,NA,NA,NA,0.048,0.0	-0.018
1001	0,1,0,0,0	0,0,0,0,0	0,0,0,0,59,0,0,0,0,0,93,0,0,0,7,0	0,0,0,0,0,0,0,0,0,0,2,0,0,0,0,0	156	149	1	1.0	NA,1.0,NA,NA,NA	NA,NA,NA,NA,1.0,NA,NA,NA,NA,NA,0.978,NA,NA,NA,1.0,NA	0.007
1002	0,67,0,0,0	0,2,0,0,0	0,0,0,0,58,0,0,0,0,0,87,0,0,0,20,25	0,0,0,0,9,0,0,0,0,0,12,0,0,0,0,9	180	149	1	1.0	NA,0.965,NA,NA,NA	NA,NA,NA,NA,0.842,NA,NA,NA,NA,NA,0.857,NA,NA,NA,1.0,0.697	0.116
1003	0,5,0,0,0	0,0,0,0,0	0,0,0,0,0,0,0,0,0,0,0,0,0,0,0,14	0,0,0,0,0,0,0,0,0,0,0,0,0,0,0,7	185	149	1	1.0	NA,1.0,NA,NA,NA	NA,NA,NA,NA,NA,NA,NA,NA,NA,NA,NA,NA,NA,NA,NA,0.617	0.383
1004	0,19,0,0,0	0,25,0,0,0	0,0,0,0,46,0,0,0,0,0,22,0,0,0,16,2	0,0,0,0,363,0,0,0,0,0,505,0,0,0,389,1	298	149	1	1.0	NA,0.275,NA,NA,NA	NA,NA,NA,NA,0.06,NA,NA,NA,NA,NA,0.021,NA,NA,NA,0.02,0.5	0.125
1005	0,3,0,0,0	0,0,0,0,0	0,0,0,0,104,0,0,0,0,0,88,0,0,0,126,28	0,0,0,0,0,0,0,0,0,0,0,0,0,0,6,2	276	149	1	1.0	NA,1.0,NA,NA,NA	NA,NA,NA,NA,1.0,NA,NA,NA,NA,NA,1.0,NA,NA,NA,0.919,0.883	0.049
1007	0,0,0,0,0	0,10,0,0,0	0,0,0,0,0,0,0,0,0,0,0,0,0,0,8,3	0,0,0,0,13,0,0,0,0,0,67,0,0,0,65,61	298	149	1	1.0	NA,0.0,NA,NA,NA	NA,NA,NA,NA,0.0,NA,NA,NA,NA,NA,0.0,NA,NA,NA,0.058,0.024	-0.021
1011	0,18,0,0,0	0,0,0,0,0	0,0,0,0,109,0,0,0,0,0,209,0,0,0,6,13	0,0,0,0,0,0,0,0,0,0,7,0,0,0,0,0	153	149	1	1.0	NA,1.0,NA,NA,NA	NA,NA,NA,NA,1.0,NA,NA,NA,NA,NA,0.967,NA,NA,NA,1.0,1.0	0.008
1012	0,34,0,0,0	0,9,0,0,0	0,0,0,0,71,0,0,0,0,0,142,0,0,0,4,42	0,0,0,0,0,0,0,0,0,0,11,0,0,0,0,1	166	149	1	1.0	NA,0.772,NA,NA,NA	NA,NA,NA,NA,1.0,NA,NA,NA,NA,NA,0.921,NA,NA,NA,1.0,0.974	-0.202
1014	0,1,0,0,0	0,136,0,0,0	0,0,0,0,4,0,0,0,0,0,43,0,0,0,1,0	0,0,0,0,262,0,0,0,2,0,1297,0,0,0,9,17	203	149	1	1.0	NA,0.005,NA,NA,NA	NA,NA,NA,NA,0.011,NA,NA,NA,0.0,NA,0.024,NA,NA,NA,0.075,0.0	-0.017
1015	0,98,0,0,0	0,0,0,0,0	0,0,0,0,346,0,0,0,0,0,1358,0,0,0,1,124	0,0,0,0,0,0,0,0,0,0,13,0,0,0,0,0	298	149	1	1.0	NA,1.0,NA,NA,NA	NA,NA,NA,NA,1.0,NA,NA,NA,NA,NA,0.981,NA,NA,NA,1.0,1.0	0.005
1018	0,76,0,0,0	0,0,0,0,0	0,0,0,0,136,0,0,0,0,0,177,0,0,0,12,10	0,0,0,0,20,0,0,0,0,0,0,0,0,0,0,0	174	149	1	1.0	NA,1.0,NA,NA,NA	NA,NA,NA,NA,0.853,NA,NA,NA,NA,NA,1.0,NA,NA,NA,1.0,1.0	0.037
1019	0,1,0,0,0	0,9,0,0,0	0,0,0,0,39,0,0,0,0,0,10,0,0,0,0,3	0,0,0,0,5,0,0,0,0,0,34,0,0,0,0,0	298	149	1	1.0	NA,0.053,NA,NA,NA	NA,NA,NA,NA,0.796,NA,NA,NA,NA,NA,0.128,NA,NA,NA,NA,1.0	-0.588
1023	0,7,0,0,0	0,31,0,0,0	0,0,0,0,0,0,0,0,0,0,0,0,0,0,10,4	0,0,0,0,13,0,0,0,0,0,20,0,0,0,1,1	168	149	1	1.0	NA,0.167,NA,NA,NA	NA,NA,NA,NA,0.0,NA,NA,NA,NA,NA,0.0,NA,NA,NA,0.899,0.78	-0.253
1026	0,1,0,0,0	0,12,0,0,1	0,0,0,0,50,0,0,0,0,0,5,0,0,0,26,3	0,0,0,0,174,0,0,0,0,0,65,0,0,0,62,21	298	149	1	1.0	NA,0.04,NA,NA,0.0	NA,NA,NA,NA,0.126,NA,NA,NA,NA,NA,0.037,NA,NA,NA,0.173,0.067	-0.081
1029	0,33,0,0,0	0,0,0,0,0	0,0,0,0,220,0,0,6,0,0,509,0,0,0,154,56	0,0,0,0,0,0,0,0,0,0,5,0,0,0,0,0	177	149	1	1.0	NA,1.0,NA,NA,NA	NA,NA,NA,NA,1.0,NA,NA,1.0,NA,NA,0.988,NA,NA,NA,1.0,1.0	0.002
1031	0,41,0,0,0	0,0,0,0,0	0,0,0,0,74,0,0,0,0,0,199,0,0,0,0,9	0,0,0,0,0,0,0,0,0,0,2,0,0,0,0,0	227	149	1	1.0	NA,1.0,NA,NA,NA	NA,NA,NA,NA,1.0,NA,NA,NA,NA,NA,0.985,NA,NA,NA,NA,1.0	0.005
1032	0,0,0,0,0	0,28,2,0,0	0,0,0,0,0,0,0,0,0,0,5,0,0,0,20,2	0,0,0,0,152,0,0,2,0,0,572,0,0,0,340,27	275	149	1	1.0	NA,0.0,0.0,NA,NA	NA,NA,NA,NA,0.0,NA,NA,0.0,NA,NA,0.005,NA,NA,NA,0.031,0.039	-0.015
1033	0,21,0,0,0	0,1194,2,0,2	0,0,0,0,5,0,0,0,0,0,50,0,0,0,16,2	0,0,0,0,620,0,0,0,2,0,2084,0,0,0,467,48	197	149	1	1.0	NA,0.013,0.0,NA,0.0	NA,NA,NA,NA,0.006,NA,NA,NA,0.0,NA,0.018,NA,NA,NA,0.025,0.031	-0.012
1034	0,0,0,0,0	0,705,0,0,2	0,0,0,0,0,0,0,0,0,0,3,0,0,0,0,0	0,0,0,0,312,2,0,0,0,0,1355,0,0,0,350,170	157	149	1	1.0	NA,0.0,NA,NA,0.0	NA,NA,NA,NA,0.0,0.0,NA,NA,NA,NA,0.002,NA,NA,NA,0.0,0.0	-0.0
1036	0,382,0,0,0	0,2,0,0,0	0,0,0,0,127,0,0,0,0,0,904,0,0,0,231,118	0,0,0,0,0,0,0,0,0,0,5,0,0,0,2,8	298	149	1	1.0	NA,0.99,NA,NA,NA	NA,NA,NA,NA,1.0,NA,NA,NA,NA,NA,0.989,NA,NA,NA,0.983,0.881	0.027
1040	0,72,0,0,0	0,0,0,0,0	0,0,0,0,265,4,0,0,0,0,746,0,0,0,124,1	0,0,0,0,0,0,0,0,0,0,23,0,0,0,22,0	258	149	1	1.0	NA,1.0,NA,NA,NA	NA,NA,NA,NA,1.0,1.0,NA,NA,NA,NA,0.949,NA,NA,NA,0.765,1.0	0.057
1042	0,134,0,0,0	0,14,0,0,0	0,0,0,0,369,0,0,0,0,0,722,0,0,0,47,11	0,0,0,0,20,0,0,0,0,0,13,0,0,0,0,0	182	149	1	1.0	NA,0.887,NA,NA,NA	NA,NA,NA,NA,0.938,NA,NA,NA,NA,NA,0.978,NA,NA,NA,1.0,1.0	-0.092
1044	0,0,0,0,0	0,27,0,0,2	0,0,0,0,0,0,0,0,0,0,0,0,0,0,9,0	0,0,0,0,145,0,0,0,0,2,424,0,0,0,1558,84	216	149	1	1.0	NA,0.0,NA,NA,0.0	NA,NA,NA,NA,0.0,NA,NA,NA,NA,0.0,0.0,NA,NA,NA,0.004,0.0	-0.001
1046	0,0,0,0,0	0,10,0,0,0	0,0,0,0,0,0,0,0,0,0,19,0,0,0,3,0	0,0,0,0,19,0,0,0,0,0,81,0,0,0,41,1	161	149	1	1.0	NA,0.0,NA,NA,NA	NA,NA,NA,NA,0.0,NA,NA,NA,NA,NA,0.178,NA,NA,NA,0.063,0.0	-0.06
1047	0,252,0,0,0	0,0,0,0,0	0,0,0,0,236,0,0,0,0,0,554,0,0,0,111,16	0,0,0,0,0,0,0,0,0,0,3,0,0,0,0,1	267	149	1	1.0	NA,1.0,NA,NA,NA	NA,NA,NA,NA,1.0,NA,NA,NA,NA,NA,0.99,NA,NA,NA,1.0,0.899	0.028
1050	0,39,0,0,0	0,1424,0,0,0	0,0,0,0,48,0,0,0,0,0,112,0,0,0,32,4	0,0,0,0,760,0,0,2,2,0,5118,0,0,0,498,21	175	149	1	1.0	NA,0.023,NA,NA,NA	NA,NA,NA,NA,0.051,NA,NA,0.0,0.0,NA,0.018,NA,NA,NA,0.052,0.14	-0.021
1051	0,2019,0,0,0	0,0,0,0,0	0,0,0,0,893,0,0,6,0,0,6279,0,0,0,613,65	0,0,0,0,0,0,0,0,0,0,49,0,0,0,0,3	194	149	1	1.0	NA,1.0,NA,NA,NA	NA,NA,NA,NA,1.0,NA,NA,1.0,NA,NA,0.99,NA,NA,NA,1.0,0.943	0.013
1052	0,14,0,0,0	0,0,0,0,0	0,0,0,0,61,0,0,0,0,0,192,0,0,0,2,3	0,0,0,0,0,0,0,0,0,0,7,0,0,0,0,0	160	149	1	1.0	NA,1.0,NA,NA,NA	NA,NA,NA,NA,1.0,NA,NA,NA,NA,NA,0.962,NA,NA,NA,1.0,1.0	0.01
1053	0,12,0,0,0	0,0,0,0,0	0,0,0,0,30,0,0,0,0,0,222,0,0,0,14,3	0,0,0,0,25,0,0,0,0,0,0,0,0,0,0,0	151	149	1	1.0	NA,1.0,NA,NA,NA	NA,NA,NA,NA,0.542,NA,NA,NA,NA,NA,1.0,NA,NA,NA,1.0,1.0	0.115
1054	0,132,0,0,0	0,0,0,0,0	0,0,0,0,242,0,0,0,0,0,410,0,0,0,239,91	0,0,0,0,0,0,0,0,0,0,3,0,0,0,0,1	195	149	1	1.0	NA,1.0,NA,NA,NA	NA,NA,NA,NA,1.0,NA,NA,NA,NA,NA,0.991,NA,NA,NA,1.0,0.986	0.006
1057	0,127,0,0,0	0,4,0,0,0	0,0,0,0,140,0,0,0,0,0,753,0,0,0,0,29	0,0,0,0,4,0,0,0,0,0,67,0,0,0,0,0	263	149	1	1.0	NA,0.947,NA,NA,NA	NA,NA,NA,NA,0.952,NA,NA,NA,NA,NA,0.864,NA,NA,NA,NA,1.0	0.008
1058	0,272,0,0,0	0,4,0,0,0	0,0,0,0,311,0,0,0,0,0,1519,0,0,0,0,66	0,0,0,0,4,0,0,0,0,0,67,0,0,0,0,0	273	149	1	1.0	NA,0.974,NA,NA,NA	NA,NA,NA,NA,0.977,NA,NA,NA,NA,NA,0.925,NA,NA,NA,NA,1.0	0.007
1059	0,147,0,0,0	0,2,0,0,0	0,0,0,0,171,0,0,0,0,0,846,0,0,0,0,41	0,0,0,0,0,0,0,0,0,0,80,0,0,0,0,4	159	149	1	1.0	NA,0.986,NA,NA,NA	NA,NA,NA,NA,1.0,NA,NA,NA,NA,NA,0.908,NA,NA,NA,NA,0.906	0.048
1060	0,45,0,0,0	0,0,0,0,0	0,0,0,0,4,0,0,0,0,0,33,0,0,0,1,83	0,0,0,0,0,0,0,0,0,0,2,0,0,0,0,4	208	149	1	1.0	NA,1.0,NA,NA,NA	NA,NA,NA,NA,1.0,NA,NA,NA,NA,NA,0.922,NA,NA,NA,1.0,0.937	0.035
1061	0,0,0,0,0	0,21,0,0,0	0,0,0,0,8,0,0,0,0,0,12,0,0,0,0,1	0,0,0,0,62,0,0,0,2,0,170,0,0,0,73,24	298	149	1	1.0	NA,0.0,NA,NA,NA	NA,NA,NA,NA,0.061,NA,NA,NA,0.0,NA,0.034,NA,NA,NA,0.0,0.02	-0.023
1062	0,45,0,0,0	0,8,0,0,0	0,0,0,0,301,2,0,0,0,0,128,0,0,0,146,4	0,0,0,0,95,0,0,0,0,0,88,0,0,0,62,1	180	149	1	1.0	NA,0.823,NA,NA,NA	NA,NA,NA,NA,0.724,1.0,NA,NA,NA,NA,0.546,NA,NA,NA,0.661,0.768	0.083
1064	0,0,0,0,0	0,17,0,0,0	0,0,0,0,0,0,0,0,0,0,2,0,0,0,0,3	0,0,0,0,23,0,0,0,0,0,17,0,0,0,2,0	161	149	1	1.0	NA,0.0,NA,NA,NA	NA,NA,NA,NA,0.0,NA,NA,NA,NA,NA,0.098,NA,NA,NA,0.0,1.0	-0.275
1065	0,0,0,0,0	0,17,0,0,0	0,0,0,0,8,0,0,0,0,0,10,0,0,0,0,0	0,0,0,0,23,0,0,0,0,0,17,0,0,0,2,0	205	149	1	1.0	NA,0.0,NA,NA,NA	NA,NA,NA,NA,0.202,NA,NA,NA,NA,NA,0.299,NA,NA,NA,0.0,NA	-0.167
1067	0,3047,2,0,14	0,139,2,0,0	0,0,0,0,108,2,0,1,0,0,5892,0,0,0,486,12	0,0,0,0,7,0,0,0,0,0,326,0,0,0,3,1	197	149	1	1.0	NA,0.943,0.431,NA,1.0	NA,NA,NA,NA,0.921,1.0,NA,1.0,NA,NA,0.932,NA,NA,NA,0.992,0.901	-0.166
1068	0,0,0,0,0	0,29,0,0,0	0,0,0,0,3,0,0,0,0,0,3,0,0,0,3,0	0,0,0,0,110,0,2,0,0,0,338,0,0,0,222,64	158	149	1	1.0	NA,0.0,NA,NA,NA	NA,NA,NA,NA,0.025,NA,0.0,NA,NA,NA,0.008,NA,NA,NA,0.013,0.0	-0.009
1069	0,0,0,0,0	0,4,0,0,0	0,0,0,0,0,0,0,0,0,0,0,0,0,0,9,0	0,0,0,0,37,0,0,0,0,0,18,0,0,0,2,1	194	149	1	1.0	NA,0.0,NA,NA,NA	NA,NA,NA,NA,0.0,NA,NA,NA,NA,NA,0.0,NA,NA,NA,0.776,0.0	-0.194
1079	0,4,0,0,0	0,91,0,0,0	0,0,0,0,11,0,0,0,0,0,15,0,0,0,0,1	0,0,0,0,351,0,0,0,0,0,412,0,0,0,4,26	156	149	1	1.0	NA,0.04,NA,NA,NA	NA,NA,NA,NA,0.029,NA,NA,NA,NA,NA,0.034,NA,NA,NA,0.0,0.035	0.015
1082	0,3,0,0,0	0,51,0,0,0	0,0,0,0,0,0,0,0,0,0,0,0,0,0,0,0	0,0,0,0,199,0,0,0,0,0,372,0,0,0,50,15	167	149	1	1.0	NA,0.05,NA,NA,NA	NA,NA,NA,NA,0.0,NA,NA,NA,NA,NA,0.0,NA,NA,NA,0.0,0.0	0.05
1083	0,71,0,0,0	0,0,0,0,0	0,0,0,0,213,0,0,0,0,0,310,0,0,0,40,1	0,0,0,0,0,0,0,0,0,0,1,0,0,0,0,0	181	149	1	1.0	NA,1.0,NA,NA,NA	NA,NA,NA,NA,1.0,NA,NA,NA,NA,NA,0.996,NA,NA,NA,1.0,1.0	0.001
1087	0,0,0,0,0	0,9,0,0,0	0,0,0,0,0,0,0,0,0,0,4,0,0,0,5,0	0,0,0,0,140,0,0,2,0,0,571,0,0,0,129,16	153	149	1	1.0	NA,0.0,NA,NA,NA	NA,NA,NA,NA,0.0,NA,NA,0.0,NA,NA,0.007,NA,NA,NA,0.036,0.0	-0.009
1088	0,53,0,0,0	0,0,0,0,0	0,0,0,0,109,6,6,0,0,0,666,0,0,0,500,72	0,0,0,0,0,0,0,0,0,0,0,0,0,0,6,0	153	149	1	1.0	NA,1.0,NA,NA,NA	NA,NA,NA,NA,1.0,1.0,1.0,NA,NA,NA,1.0,NA,NA,NA,0.988,1.0	0.002
1089	0,19,0,0,0	0,0,0,0,0	0,0,0,0,78,2,0,0,0,0,75,0,0,0,70,8	0,0,0,0,0,0,0,0,0,0,2,0,0,0,0,0	298	149	1	1.0	NA,1.0,NA,NA,NA	NA,NA,NA,NA,1.0,1.0,NA,NA,NA,NA,0.949,NA,NA,NA,1.0,1.0	0.01
1090	0,1,0,0,2	0,0,0,0,0	0,0,0,0,7,0,0,0,0,0,48,0,0,0,3,10	0,0,0,0,0,0,0,0,0,0,0,0,0,0,11,3	298	149	1	1.0	NA,1.0,NA,NA,1.0	NA,NA,NA,NA,1.0,NA,NA,NA,NA,NA,1.0,NA,NA,NA,0.12,0.625	0.314
1091	0,2656,22,0,4	0,0,0,0,0	0,0,0,0,1654,12,5,4,8,4,3811,0,0,0,1528,663	0,0,0,0,0,0,0,0,0,0,1,0,0,0,10,0	298	149	1	1.0	NA,1.0,1.0,NA,1.0	NA,NA,NA,NA,1.0,1.0,1.0,1.0,1.0,1.0,0.999,NA,NA,NA,0.987,1.0	0.002
1093	0,6035,0,0,2	0,64424,4,0,12	0,0,0,0,201,2,0,0,0,0,81,0,0,0,15,76	0,0,0,0,1504,0,0,8,0,16,1394,0,0,0,358,370	298	149	1	1.0	NA,0.045,0.0,NA,0.077	NA,NA,NA,NA,0.063,1.0,NA,0.0,NA,0.0,0.028,NA,NA,NA,0.021,0.093	-0.131
1095	0,18,0,0,0	0,0,0,0,0	0,0,0,0,82,2,0,0,0,0,628,0,0,0,361,60	0,0,0,0,0,0,0,0,0,0,2,0,0,0,9,0	178	149	1	1.0	NA,1.0,NA,NA,NA	NA,NA,NA,NA,1.0,1.0,NA,NA,NA,NA,0.996,NA,NA,NA,0.971,1.0	0.007
1096	0,0,0,0,0	0,9,0,0,0	0,0,0,0,0,0,0,0,0,0,3,0,0,0,7,8	0,0,0,0,56,2,0,0,0,0,574,0,0,0,389,120	175	149	1	1.0	NA,0.0,NA,NA,NA	NA,NA,NA,NA,0.0,0.0,NA,NA,NA,NA,0.004,NA,NA,NA,0.015,0.054	-0.015
1098	0,8,4,0,2	0,0,0,0,0	0,0,0,0,104,7,0,4,0,0,286,0,0,0,253,43	0,0,0,0,0,0,0,0,0,0,1,0,0,0,0,0	177	149	1	1.0	NA,1.0,1.0,NA,1.0	NA,NA,NA,NA,1.0,1.0,NA,1.0,NA,NA,0.996,NA,NA,NA,1.0,1.0	0.001
1099	0,0,0,0,0	0,2,0,0,0	0,0,0,0,0,0,0,0,0,0,0,0,0,0,1,0	0,0,0,0,0,0,0,0,0,0,0,0,0,0,2,0	281	149	1	1.0	NA,0.0,NA,NA,NA	NA,NA,NA,NA,NA,NA,NA,NA,NA,NA,NA,NA,NA,NA,0.21,NA	-0.21
1102	0,9,0,0,0	0,0,0,0,0	0,0,0,0,24,0,0,0,0,0,66,0,0,0,16,6	0,0,0,0,0,0,0,0,0,0,2,0,0,0,0,0	298	149	1	1.0	NA,1.0,NA,NA,NA	NA,NA,NA,NA,1.0,NA,NA,NA,NA,NA,0.943,NA,NA,NA,1.0,1.0	0.014
1117	0,0,0,0,0	0,11,0,0,0	0,0,0,0,0,0,0,0,0,0,0,0,0,0,1,0	0,0,0,0,41,0,0,0,0,0,44,0,0,0,30,3	166	149	1	1.0	NA,0.0,NA,NA,NA	NA,NA,NA,NA,0.0,NA,NA,NA,NA,NA,0.0,NA,NA,NA,0.029,0.0	-0.007
1125	0,1,0,0,0	0,0,0,0,0	0,0,0,0,159,0,0,0,0,0,243,0,0,0,66,12	0,0,0,0,15,0,0,0,0,0,34,0,0,0,11,0	170	149	1	1.0	NA,1.0,NA,NA,NA	NA,NA,NA,NA,0.903,NA,NA,NA,NA,NA,0.862,NA,NA,NA,0.84,1.0	0.099
1127	0,6,0,0,0	0,3,0,0,0	0,0,0,0,32,0,0,0,0,0,0,0,0,0,0,0	0,0,0,0,0,0,0,0,0,0,0,0,0,0,0,0	156	149	1	1.0	NA,0.656,NA,NA,NA	NA,NA,NA,NA,1.0,NA,NA,NA,NA,NA,NA,NA,NA,NA,NA,NA	-0.344
1128	0,9,0,0,0	0,0,0,0,0	0,0,0,0,19,0,0,0,0,0,0,0,0,0,0,0	0,0,0,0,0,0,0,0,0,0,4,0,0,0,0,4	197	149	1	1.0	NA,1.0,NA,NA,NA	NA,NA,NA,NA,1.0,NA,NA,NA,NA,NA,0.0,NA,NA,NA,NA,0.0	0.667
1130	0,15,0,0,0	0,0,0,0,0	0,0,0,0,195,0,0,0,0,0,4,0,0,0,2,4	0,0,0,0,0,0,0,0,0,0,0,0,0,0,3,0	298	149	1	1.0	NA,1.0,NA,NA,NA	NA,NA,NA,NA,1.0,NA,NA,NA,NA,NA,1.0,NA,NA,NA,0.25,1.0	0.188
1134	0,28,0,0,0	0,394,0,0,0	0,0,0,0,22,0,0,0,0,0,30,0,0,0,5,2	0,0,0,0,179,0,0,0,0,0,1184,0,0,0,29,45	272	149	1	1.0	NA,0.037,NA,NA,NA	NA,NA,NA,NA,0.063,NA,NA,NA,NA,NA,0.014,NA,NA,NA,0.086,0.024	-0.01
1135	0,11,0,0,0	0,8,0,0,0	0,0,0,0,113,0,0,0,0,0,83,0,0,0,11,1	0,0,0,0,94,0,0,0,0,0,19,0,0,0,0,1	278	149	1	1.0	NA,0.424,NA,NA,NA	NA,NA,NA,NA,0.392,NA,NA,NA,NA,NA,0.701,NA,NA,NA,1.0,0.349	-0.187
1136	0,5,0,0,0	0,8,0,0,0	0,0,0,0,53,0,0,0,0,0,37,0,0,0,8,0	0,0,0,0,94,0,0,0,0,0,19,0,0,0,0,1	280	149	1	1.0	NA,0.25,NA,NA,NA	NA,NA,NA,NA,0.231,NA,NA,NA,NA,NA,0.509,NA,NA,NA,1.0,0.0	-0.185
1139	0,0,0,0,0	0,13,0,0,0	0,0,0,0,0,0,0,0,0,0,0,0,0,0,1,0	0,0,0,0,18,0,0,0,0,0,14,0,0,0,9,2	298	149	1	1.0	NA,0.0,NA,NA,NA	NA,NA,NA,NA,0.0,NA,NA,NA,NA,NA,0.0,NA,NA,NA,0.053,0.0	-0.013
1140	0,14,0,0,0	0,33,0,0,0	0,0,0,0,22,0,0,0,0,0,0,0,0,0,0,0	0,0,0,0,44,0,0,0,2,0,22,0,0,0,14,0	298	149	1	1.0	NA,0.175,NA,NA,NA	NA,NA,NA,NA,0.2,NA,NA,NA,0.0,NA,0.0,NA,NA,NA,0.0,NA	0.125
1141	0,603,0,0,4	0,0,0,0,0	0,0,0,0,1592,0,2,2,0,2,1727,0,0,0,573,137	0,0,0,0,0,0,0,0,0,0,2,0,0,0,4,0	162	149	1	1.0	NA,1.0,NA,NA,1.0	NA,NA,NA,NA,1.0,NA,1.0,1.0,NA,1.0,0.999,NA,NA,NA,0.992,1.0	0.001
1143	0,0,0,0,0	0,232,0,0,2	0,0,0,0,12,0,0,0,0,0,0,0,0,0,0,0	0,0,0,0,423,0,0,2,0,0,305,0,0,0,104,27	166	149	1	1.0	NA,0.0,NA,NA,0.0	NA,NA,NA,NA,0.025,NA,NA,0.0,NA,NA,0.0,NA,NA,NA,0.0,0.0	-0.005
1145	0,28,0,0,0	0,395,0,0,0	0,0,0,0,26,0,0,0,0,0,20,0,0,0,5,0	0,0,0,0,588,0,0,0,0,0,1385,0,0,0,247,49	265	149	1	1.0	NA,0.038,NA,NA,NA	NA,NA,NA,NA,0.024,NA,NA,NA,NA,NA,0.008,NA,NA,NA,0.011,0.0	0.027
1146	0,1182,0,0,0	0,0,0,0,0	0,0,0,0,1255,0,0,0,0,0,2451,0,0,0,399,90	0,0,0,0,0,0,0,0,0,0,3,0,0,0,0,0	298	149	1	1.0	NA,1.0,NA,NA,NA	NA,NA,NA,NA,1.0,NA,NA,NA,NA,NA,0.998,NA,NA,NA,1.0,1.0	0.0
1147	0,896,0,0,0	0,0,0,0,0	0,0,0,0,4694,0,0,7,0,6,11367,0,0,0,206,564	0,0,0,0,0,0,0,0,0,0,10,0,0,0,0,0	182	149	1	1.0	NA,1.0,NA,NA,NA	NA,NA,NA,NA,1.0,NA,NA,1.0,NA,1.0,0.999,NA,NA,NA,1.0,1.0	0.0
1148	0,1308,0,0,0	0,0,0,0,0	0,0,0,0,6034,2,2,6,10,6,13293,0,0,0,781,1279	0,0,0,0,0,0,0,0,0,0,12,0,0,0,0,0	298	149	1	1.0	NA,1.0,NA,NA,NA	NA,NA,NA,NA,1.0,1.0,1.0,1.0,1.0,1.0,0.998,NA,NA,NA,1.0,1.0	0.0
1149	0,2,0,0,0	0,1284,0,0,0	0,0,0,0,16,0,0,0,0,0,23,0,0,0,0,2	0,0,0,0,5990,2,2,6,10,4,13184,0,0,0,755,1147	161	149	1	1.0	NA,0.001,NA,NA,NA	NA,NA,NA,NA,0.002,0.0,0.0,0.0,0.0,0.0,0.002,NA,NA,NA,0.0,0.002	0.0
1152	0,21,0,0,0	0,0,0,0,0	0,0,0,0,109,0,0,0,0,0,53,0,0,0,0,20	0,0,0,0,0,0,0,0,0,0,0,0,0,0,0,2	193	149	1	1.0	NA,1.0,NA,NA,NA	NA,NA,NA,NA,1.0,NA,NA,NA,NA,NA,1.0,NA,NA,NA,NA,0.885	0.038
1153	0,26,0,0,0	0,3,0,0,0	0,0,0,0,128,0,0,0,0,0,62,0,0,0,0,13	0,0,0,0,0,0,0,0,0,0,17,0,0,0,1,5	193	149	1	1.0	NA,0.87,NA,NA,NA	NA,NA,NA,NA,1.0,NA,NA,NA,NA,NA,0.738,NA,NA,NA,0.0,0.667	0.269
1157	0,3293,0,0,2	0,13,0,0,0	0,0,0,0,275,0,0,7,2,0,4153,0,0,0,6,214	0,0,0,0,0,0,0,0,0,0,63,0,0,0,0,0	298	149	1	1.0	NA,0.992,NA,NA,1.0	NA,NA,NA,NA,1.0,NA,NA,1.0,1.0,NA,0.971,NA,NA,NA,1.0,1.0	0.001
1159	0,5,0,0,0	0,19,0,0,0	0,0,0,0,4,0,0,0,0,0,3,0,0,0,0,0	0,0,0,0,7,0,0,0,0,0,1,0,0,0,0,0	174	149	1	1.0	NA,0.184,NA,NA,NA	NA,NA,NA,NA,0.329,NA,NA,NA,NA,NA,0.72,NA,NA,NA,NA,NA	-0.34
1160	0,0,0,0,0	0,25,0,0,0	0,0,0,0,0,0,0,0,0,0,4,0,0,0,0,0	0,0,0,0,161,0,0,2,0,0,601,0,0,0,275,22	298	149	1	1.0	NA,0.0,NA,NA,NA	NA,NA,NA,NA,0.0,NA,NA,0.0,NA,NA,0.003,NA,NA,NA,0.0,0.0	-0.001
1161	0,0,0,0,0	0,47,0,0,0	0,0,0,0,9,0,0,0,0,0,10,0,0,0,3,1	0,0,0,0,64,0,0,0,0,0,496,0,0,0,262,11	298	149	1	1.0	NA,0.0,NA,NA,NA	NA,NA,NA,NA,0.066,NA,NA,NA,NA,NA,0.01,NA,NA,NA,0.006,0.043	-0.031
1165	0,28,0,0,0	0,166,0,0,0	0,0,0,0,76,0,0,0,0,0,95,0,0,0,12,5	0,0,0,0,184,0,0,0,0,0,284,0,0,0,16,33	202	149	1	1.0	NA,0.111,NA,NA,NA	NA,NA,NA,NA,0.234,NA,NA,NA,NA,NA,0.198,NA,NA,NA,0.356,0.101	-0.111
1166	0,17,0,0,0	0,2,0,0,0	0,0,0,0,36,0,0,0,0,0,54,0,0,0,0,4	0,0,0,0,2,0,0,0,0,0,13,0,0,0,0,0	203	149	1	1.0	NA,0.862,NA,NA,NA	NA,NA,NA,NA,0.93,NA,NA,NA,NA,NA,0.753,NA,NA,NA,NA,1.0	-0.032
1167	0,140,0,0,0	0,4,0,0,0	0,0,0,0,216,0,0,0,0,4,179,0,0,0,2,18	0,0,0,0,12,0,0,0,0,0,2,0,0,0,0,0	298	149	1	1.0	NA,0.946,NA,NA,NA	NA,NA,NA,NA,0.9,NA,NA,NA,NA,1.0,0.978,NA,NA,NA,1.0,1.0	-0.03
1168	0,18,0,0,0	0,0,0,0,0	0,0,0,0,36,0,0,0,0,0,40,0,0,0,0,4	0,0,0,0,0,0,0,0,0,0,1,0,0,0,0,0	203	149	1	1.0	NA,1.0,NA,NA,NA	NA,NA,NA,NA,1.0,NA,NA,NA,NA,NA,0.967,NA,NA,NA,NA,1.0	0.011
1169	0,213,0,0,4	0,0,0,0,0	0,0,0,0,401,2,0,2,0,0,942,0,0,0,96,12	0,0,0,0,4,0,0,0,0,0,0,0,0,0,0,0	280	149	1	1.0	NA,1.0,NA,NA,1.0	NA,NA,NA,NA,0.982,1.0,NA,1.0,NA,NA,1.0,NA,NA,NA,1.0,1.0	0.003
1170	0,135,0,0,0	0,3,0,0,0	0,0,0,0,304,0,0,0,0,0,1038,0,0,0,35,19	0,0,0,0,50,0,0,0,0,0,31,0,0,0,5,0	298	149	1	1.0	NA,0.957,NA,NA,NA	NA,NA,NA,NA,0.752,NA,NA,NA,NA,NA,0.944,NA,NA,NA,0.778,1.0	0.088
1171	0,103,0,0,0	0,0,0,0,0	0,0,0,0,130,0,0,2,0,0,263,0,0,0,15,28	0,0,0,0,0,0,0,0,0,0,89,0,0,0,31,7	224	149	1	1.0	NA,1.0,NA,NA,NA	NA,NA,NA,NA,1.0,NA,NA,1.0,NA,NA,0.663,NA,NA,NA,0.243,0.727	0.273
1172	0,176,0,0,0	0,5,0,0,0	0,0,0,0,62,0,0,0,0,0,64,0,0,0,14,7	0,0,0,0,0,0,0,0,0,0,1,0,0,0,0,1	213	149	1	1.0	NA,0.961,NA,NA,NA	NA,NA,NA,NA,1.0,NA,NA,NA,NA,NA,0.978,NA,NA,NA,1.0,0.83	0.009
1173	0,0,0,0,0	0,25,0,0,0	0,0,0,0,0,0,0,0,0,0,5,0,0,0,0,0	0,0,0,0,126,0,0,0,2,0,278,0,0,0,95,31	153	149	1	1.0	NA,0.0,NA,NA,NA	NA,NA,NA,NA,0.0,NA,NA,NA,0.0,NA,0.017,NA,NA,NA,0.0,0.0	-0.003
1179	0,0,0,0,0	0,12,0,0,0	0,0,0,0,0,0,0,0,0,0,1,0,0,0,0,2	0,0,0,0,16,2,2,2,0,0,46,0,0,0,104,14	281	149	1	1.0	NA,0.0,NA,NA,NA	NA,NA,NA,NA,0.0,0.0,0.0,0.0,NA,NA,0.011,NA,NA,NA,0.0,0.07	-0.012
1181	0,0,0,0,0	0,4,0,0,0	0,0,0,0,0,0,0,2,0,0,0,0,0,0,105,0	0,0,0,0,21,0,0,0,0,0,0,0,0,0,0,0	216	149	1	1.0	NA,0.0,NA,NA,NA	NA,NA,NA,NA,0.0,NA,NA,1.0,NA,NA,NA,NA,NA,NA,1.0,NA	-0.667
1182	0,0,0,0,0	0,9,0,0,0	0,0,0,0,0,0,0,2,0,0,0,0,0,0,112,0	0,0,0,0,10,0,0,0,0,0,0,0,0,0,3,0	216	149	1	1.0	NA,0.0,NA,NA,NA	NA,NA,NA,NA,0.0,NA,NA,1.0,NA,NA,NA,NA,NA,NA,0.963,NA	-0.654
1183	0,8,0,0,0	0,0,0,0,0	0,0,0,0,19,0,0,4,0,0,0,0,0,0,144,0	0,0,0,0,0,0,0,0,0,0,0,0,0,0,20,0	298	149	1	1.0	NA,1.0,NA,NA,NA	NA,NA,NA,NA,1.0,NA,NA,1.0,NA,NA,NA,NA,NA,NA,0.783,NA	0.072
1184	0,14,0,0,0	0,0,0,0,0	0,0,0,0,137,0,0,0,0,0,63,0,0,0,17,5	0,0,0,0,20,0,0,0,0,0,0,0,0,0,0,0	298	149	1	1.0	NA,1.0,NA,NA,NA	NA,NA,NA,NA,0.774,NA,NA,NA,NA,NA,1.0,NA,NA,NA,1.0,1.0	0.056
1185	0,4,0,0,0	0,0,0,0,0	0,0,0,0,13,2,0,0,0,0,74,0,0,0,524,30	0,0,0,0,0,0,0,0,0,0,0,0,0,0,0,4	259	149	1	1.0	NA,1.0,NA,NA,NA	NA,NA,NA,NA,1.0,1.0,NA,NA,NA,NA,1.0,NA,NA,NA,1.0,0.812	0.038
1186	0,170,5,0,0	0,0,0,0,0	0,0,0,0,1528,4,2,0,0,0,1806,0,0,0,1404,78	0,0,0,0,8,0,0,0,0,0,2,0,0,0,0,0	171	149	1	1.0	NA,1.0,1.0,NA,NA	NA,NA,NA,NA,0.994,1.0,1.0,NA,NA,NA,0.999,NA,NA,NA,1.0,1.0	0.001
1190	0,13,0,0,0	0,12,0,0,2	0,0,0,0,54,0,0,0,0,0,52,0,0,0,19,2	0,0,0,0,0,0,0,0,0,0,121,0,0,0,169,29	185	149	1	1.0	NA,0.466,NA,NA,0.0	NA,NA,NA,NA,1.0,NA,NA,NA,NA,NA,0.257,NA,NA,NA,0.083,0.053	-0.115
1192	0,2,0,0,0	0,43,2,0,0	0,0,0,0,0,0,0,0,0,0,0,0,0,0,24,2	0,0,0,0,40,4,0,2,0,0,246,0,0,0,253,46	298	149	1	1.0	NA,0.023,0.0,NA,NA	NA,NA,NA,NA,0.0,0.0,NA,0.0,NA,NA,0.0,NA,NA,NA,0.045,0.021	0.0
1198	0,15,0,0,0	0,16,0,0,0	0,0,0,0,0,0,0,0,0,0,0,0,0,0,6,0	0,0,0,0,0,0,0,0,0,0,14,0,0,0,0,0	298	149	1	1.0	NA,0.319,NA,NA,NA	NA,NA,NA,NA,NA,NA,NA,NA,NA,NA,0.0,NA,NA,NA,1.0,NA	-0.181
1201	0,44,0,0,0	0,5,0,0,0	0,0,0,0,284,0,2,0,0,0,371,0,0,0,251,29	0,0,0,0,28,0,0,0,0,0,0,0,0,0,0,0	211	149	1	1.0	NA,0.861,NA,NA,NA	NA,NA,NA,NA,0.877,NA,1.0,NA,NA,NA,1.0,NA,NA,NA,1.0,1.0	-0.114
1202	0,0,0,0,0	0,8,0,0,0	0,0,0,0,0,0,0,0,3,0,34,0,0,0,22,16	0,0,0,0,43,0,0,0,0,0,55,0,0,0,13,14	197	149	1	1.0	NA,0.0,NA,NA,NA	NA,NA,NA,NA,0.0,NA,NA,NA,1.0,NA,0.319,NA,NA,NA,0.561,0.464	-0.469
1203	0,0,0,0,0	0,8,0,0,0	0,0,0,0,0,0,0,0,0,0,0,0,0,0,1,6	0,0,0,0,21,0,0,0,0,0,81,0,0,0,38,34	182	149	1	1.0	NA,0.0,NA,NA,NA	NA,NA,NA,NA,0.0,NA,NA,NA,NA,NA,0.0,NA,NA,NA,0.021,0.126	-0.037
1205	0,150,0,0,0	0,0,0,0,0	0,0,0,0,37,0,0,0,0,0,184,0,0,0,3,13	0,0,0,0,0,0,0,0,0,0,7,0,0,0,0,0	167	149	1	1.0	NA,1.0,NA,NA,NA	NA,NA,NA,NA,1.0,NA,NA,NA,NA,NA,0.959,NA,NA,NA,1.0,1.0	0.01
1207	0,0,0,0,0	0,218,0,0,2	0,0,0,0,7,0,0,0,0,0,13,0,0,0,2,1	0,0,0,0,100,0,0,0,0,0,1229,0,0,0,167,44	153	149	1	1.0	NA,0.0,NA,NA,0.0	NA,NA,NA,NA,0.064,NA,NA,NA,NA,NA,0.01,NA,NA,NA,0.012,0.022	-0.027
1208	0,23,0,0,0	0,0,0,0,0	0,0,0,0,85,2,0,0,0,0,173,0,0,0,141,55	0,0,0,0,0,0,0,0,0,0,0,0,0,0,0,1	298	149	1	1.0	NA,1.0,NA,NA,NA	NA,NA,NA,NA,1.0,1.0,NA,NA,NA,NA,1.0,NA,NA,NA,1.0,0.965	0.007
1209	0,211,2,0,2	0,3,0,0,0	0,0,0,0,634,0,0,0,0,2,628,0,0,0,315,33	0,0,0,0,28,0,0,0,0,0,0,0,0,0,2,0	200	149	1	1.0	NA,0.981,1.0,NA,1.0	NA,NA,NA,NA,0.944,NA,NA,NA,NA,1.0,1.0,NA,NA,NA,0.992,1.0	0.006
1210	0,9,0,0,0	0,223,0,0,2	0,0,0,0,37,0,0,0,0,0,20,0,0,0,3,0	0,0,0,0,400,0,0,0,0,2,542,0,0,0,178,39	192	149	1	1.0	NA,0.03,NA,NA,0.0	NA,NA,NA,NA,0.067,NA,NA,NA,NA,0.0,0.028,NA,NA,NA,0.013,0.0	-0.007
1211	0,10,0,0,0	0,94,0,0,0	0,0,0,0,28,0,0,0,0,0,8,0,0,0,0,0	0,0,0,0,207,0,0,0,0,0,220,0,0,0,3,11	298	149	1	1.0	NA,0.051,NA,NA,NA	NA,NA,NA,NA,0.063,NA,NA,NA,NA,NA,0.018,NA,NA,NA,0.0,0.0	0.031
1212	0,4,0,0,0	0,0,0,0,0	0,0,0,0,109,0,0,0,0,0,6,0,0,0,0,0	0,0,0,0,253,0,0,0,0,0,0,0,0,0,0,1	164	149	1	1.0	NA,1.0,NA,NA,NA	NA,NA,NA,NA,0.281,NA,NA,NA,NA,NA,1.0,NA,NA,NA,NA,0.0	0.573
1215	0,35,0,0,0	0,116,0,0,4	0,0,0,0,35,0,0,0,0,0,54,0,0,0,0,5	0,0,0,0,97,0,0,2,0,0,509,0,0,0,1,14	219	149	1	1.0	NA,0.17,NA,NA,0.0	NA,NA,NA,NA,0.197,NA,NA,0.0,NA,NA,0.067,NA,NA,NA,0.0,0.195	-0.007
1216	0,17,2,0,0	0,0,0,0,0	0,0,0,0,0,0,0,0,0,0,17,0,0,0,35,1	0,0,0,0,0,0,0,0,0,0,4,0,0,0,4,0	251	149	1	1.0	NA,1.0,1.0,NA,NA	NA,NA,NA,NA,NA,NA,NA,NA,NA,NA,0.716,NA,NA,NA,0.839,1.0	0.148
1217	0,8,0,0,0	0,0,0,0,0	0,0,0,0,0,0,0,0,0,0,61,0,0,0,4,1	0,0,0,0,0,0,0,0,0,0,5,0,0,0,0,0	165	149	1	1.0	NA,1.0,NA,NA,NA	NA,NA,NA,NA,NA,NA,NA,NA,NA,NA,0.917,NA,NA,NA,1.0,1.0	0.028
1218	0,44,0,0,0	0,0,0,0,0	0,0,0,0,29,0,0,0,0,0,246,0,0,0,30,7	0,0,0,0,0,0,0,0,0,0,1,0,0,0,0,0	165	149	1	1.0	NA,1.0,NA,NA,NA	NA,NA,NA,NA,1.0,NA,NA,NA,NA,NA,0.996,NA,NA,NA,1.0,1.0	0.001
1221	0,4,0,0,0	0,4,0,0,0	0,0,0,0,4,0,0,0,0,0,12,0,0,0,13,1	0,0,0,0,51,0,0,0,0,0,29,0,0,0,60,1	215	149	1	1.0	NA,0.409,NA,NA,NA	NA,NA,NA,NA,0.052,NA,NA,NA,NA,NA,0.223,NA,NA,NA,0.131,0.409	0.205
1222	0,25,0,0,0	0,218,0,0,0	0,0,0,0,21,0,0,0,0,0,135,0,0,0,0,0	0,0,0,0,95,0,0,0,0,2,469,0,0,0,0,1	171	149	1	1.0	NA,0.091,NA,NA,NA	NA,NA,NA,NA,0.162,NA,NA,NA,NA,0.0,0.201,NA,NA,NA,NA,0.0	0.0
1223	0,5,0,0,0	0,6,0,0,0	0,0,0,0,54,0,0,0,0,0,0,0,0,0,0,0	0,0,0,0,0,0,0,0,0,0,0,0,0,0,0,0	267	149	1	1.0	NA,0.317,NA,NA,NA	NA,NA,NA,NA,1.0,NA,NA,NA,NA,NA,NA,NA,NA,NA,NA,NA	-0.683
1225	0,231,0,0,0	0,68,0,0,0	0,0,0,0,26,0,0,0,0,0,170,0,0,0,43,26	0,0,0,0,11,0,0,0,0,0,71,0,0,0,13,15	204	149	1	1.0	NA,0.713,NA,NA,NA	NA,NA,NA,NA,0.633,NA,NA,NA,NA,NA,0.636,NA,NA,NA,0.707,0.559	0.079
1226	0,1786,2,0,4	0,68,0,0,0	0,0,0,0,145,0,0,0,0,0,1264,0,0,0,67,51	0,0,0,0,11,0,0,0,0,0,71,0,0,0,13,15	181	149	1	1.0	NA,0.956,1.0,NA,1.0	NA,NA,NA,NA,0.916,NA,NA,NA,NA,NA,0.936,NA,NA,NA,0.809,0.737	0.136
1227	0,3424,4,0,4	0,364,2,0,4	0,0,0,0,418,0,0,2,0,0,1594,0,0,0,239,710	0,0,0,0,39,0,0,0,0,0,368,0,0,0,31,25	298	149	1	1.0	NA,0.825,0.5,NA,0.333	NA,NA,NA,NA,0.843,NA,NA,1.0,NA,NA,0.684,NA,NA,NA,0.794,0.934	-0.298
1228	0,1238,0,0,2	0,14,0,0,0	0,0,0,0,156,0,0,0,0,0,179,0,0,0,64,561	0,0,0,0,0,0,0,0,0,0,23,0,0,0,0,0	298	149	1	1.0	NA,0.978,NA,NA,1.0	NA,NA,NA,NA,1.0,NA,NA,NA,NA,NA,0.796,NA,NA,NA,1.0,1.0	0.04
1231	0,23,0,0,0	0,23,0,0,0	0,0,0,0,31,0,0,0,0,0,1,0,0,0,0,0	0,0,0,0,125,0,0,0,0,0,64,0,0,0,118,5	298	149	1	1.0	NA,0.333,NA,NA,NA	NA,NA,NA,NA,0.11,NA,NA,NA,NA,NA,0.008,NA,NA,NA,0.0,0.0	0.303
1232	0,28,0,0,0	0,2,0,0,0	0,0,0,0,54,0,0,0,0,0,12,0,0,0,2,0	0,0,0,0,0,0,0,0,0,0,4,0,0,0,3,0	298	149	1	1.0	NA,0.875,NA,NA,NA	NA,NA,NA,NA,1.0,NA,NA,NA,NA,NA,0.6,NA,NA,NA,0.25,NA	0.258
1233	0,30,0,0,0	0,2,0,0,0	0,0,0,0,148,0,0,0,0,0,75,0,0,0,120,5	0,0,0,0,0,0,0,0,0,0,4,0,0,0,3,0	172	149	1	1.0	NA,0.929,NA,NA,NA	NA,NA,NA,NA,1.0,NA,NA,NA,NA,NA,0.942,NA,NA,NA,0.972,1.0	-0.049
1236	0,2,0,0,0	0,0,0,0,0	0,0,0,0,53,2,0,0,0,0,9,0,0,0,13,14	0,0,0,0,0,0,0,0,0,0,0,0,0,0,3,0	298	149	1	1.0	NA,1.0,NA,NA,NA	NA,NA,NA,NA,1.0,1.0,NA,NA,NA,NA,1.0,NA,NA,NA,0.684,1.0	0.063
1239	0,123,0,0,0	0,21,0,0,0	0,0,0,0,110,0,0,0,0,0,347,0,0,0,0,35	0,0,0,0,2,0,0,0,0,0,49,0,0,0,0,0	298	149	1	1.0	NA,0.745,NA,NA,NA	NA,NA,NA,NA,0.965,NA,NA,NA,NA,NA,0.78,NA,NA,NA,NA,1.0	-0.17
1242	0,2568,0,0,0	0,23,0,0,0	0,0,0,0,557,0,0,6,0,0,3135,0,0,0,101,251	0,0,0,0,0,0,0,0,0,0,13,0,0,0,0,0	200	149	1	1.0	NA,0.988,NA,NA,NA	NA,NA,NA,NA,1.0,NA,NA,1.0,NA,NA,0.994,NA,NA,NA,1.0,1.0	-0.011
1243	0,0,0,0,0	0,20,0,0,0	0,0,0,0,0,0,0,0,0,0,0,0,0,0,0,1	0,0,0,0,135,0,0,0,0,0,86,0,0,0,10,12	298	149	1	1.0	NA,0.0,NA,NA,NA	NA,NA,NA,NA,0.0,NA,NA,NA,NA,NA,0.0,NA,NA,NA,0.0,0.04	-0.01
1250	0,14,0,0,0	0,39,0,0,0	0,0,0,0,21,0,0,0,0,0,9,0,0,0,0,2	0,0,0,0,52,0,0,0,0,0,307,0,0,0,0,4	298	149	1	1.0	NA,0.152,NA,NA,NA	NA,NA,NA,NA,0.168,NA,NA,NA,NA,NA,0.014,NA,NA,NA,NA,0.2	0.025
1251	0,19,0,0,0	0,39,0,0,0	0,0,0,0,8,0,0,0,0,0,21,0,0,0,0,3	0,0,0,0,52,0,0,0,0,0,307,0,0,0,0,4	298	149	1	1.0	NA,0.196,NA,NA,NA	NA,NA,NA,NA,0.071,NA,NA,NA,NA,NA,0.033,NA,NA,NA,NA,0.273	0.07
1252	0,5,0,0,0	0,0,0,0,0	0,0,0,0,0,0,0,0,0,0,15,0,0,0,0,1	0,0,0,0,13,0,0,0,0,0,0,0,0,0,0,0	153	149	1	1.0	NA,1.0,NA,NA,NA	NA,NA,NA,NA,0.0,NA,NA,NA,NA,NA,1.0,NA,NA,NA,NA,1.0	0.333
1254	0,108,0,0,0	0,0,0,0,0	0,0,0,0,115,0,0,0,0,0,916,0,0,0,55,41	0,0,0,0,0,0,0,0,0,0,3,0,0,0,0,0	206	149	1	1.0	NA,1.0,NA,NA,NA	NA,NA,NA,NA,1.0,NA,NA,NA,NA,NA,0.995,NA,NA,NA,1.0,1.0	0.001
1255	0,1476,2,0,8	0,10,0,0,0	0,0,0,0,1190,0,0,4,2,6,5035,0,0,0,1330,366	0,0,0,0,27,0,0,2,0,0,72,0,0,0,10,0	182	149	1	1.0	NA,0.992,1.0,NA,1.0	NA,NA,NA,NA,0.973,NA,NA,0.621,1.0,1.0,0.983,NA,NA,NA,0.991,1.0	0.059
1256	0,74,0,0,0	0,8,0,0,0	0,0,0,0,146,0,0,0,0,0,102,0,0,0,22,42	0,0,0,0,40,0,0,0,0,0,19,0,0,0,0,6	176	149	1	1.0	NA,0.887,NA,NA,NA	NA,NA,NA,NA,0.756,NA,NA,NA,NA,NA,0.82,NA,NA,NA,1.0,0.856	0.029
1257	0,45,0,0,0	0,379,0,0,0	0,0,0,0,94,0,0,0,0,0,258,0,0,0,6,0	0,0,0,0,703,0,0,0,0,0,2899,0,0,0,81,32	153	149	1	1.0	NA,0.104,NA,NA,NA	NA,NA,NA,NA,0.115,NA,NA,NA,NA,NA,0.08,NA,NA,NA,0.067,0.0	0.038
1258	0,106,0,0,0	0,234,0,0,0	0,0,0,0,180,0,0,0,0,0,532,0,0,0,7,5	0,0,0,0,187,0,0,0,0,0,568,0,0,0,1,8	170	149	1	1.0	NA,0.284,NA,NA,NA	NA,NA,NA,NA,0.458,NA,NA,NA,NA,NA,0.451,NA,NA,NA,0.86,0.354	-0.247
1259	0,87,0,0,0	0,2,0,0,2	0,0,0,0,111,0,0,0,0,0,375,0,0,0,9,13	0,0,0,0,0,0,0,0,0,0,1,0,0,0,0,0	170	149	1	1.0	NA,0.974,NA,NA,0.0	NA,NA,NA,NA,1.0,NA,NA,NA,NA,NA,0.997,NA,NA,NA,1.0,1.0	-0.512
1261	0,9,0,0,0	0,2,0,0,0	0,0,0,0,7,0,0,0,0,0,10,0,0,0,0,0	0,0,0,0,4,0,0,0,0,0,37,0,0,0,2,13	298	149	1	1.0	NA,0.692,NA,NA,NA	NA,NA,NA,NA,0.467,NA,NA,NA,NA,NA,0.119,NA,NA,NA,0.0,0.0	0.545
1262	0,7,0,0,0	0,2,0,0,0	0,0,0,0,22,0,0,0,0,0,45,0,0,0,24,7	0,0,0,0,24,0,0,0,0,0,21,0,0,0,4,0	194	149	1	1.0	NA,0.729,NA,NA,NA	NA,NA,NA,NA,0.413,NA,NA,NA,NA,NA,0.622,NA,NA,NA,0.822,1.0	0.015
1263	0,4,0,0,0	0,2,0,0,0	0,0,0,0,10,0,0,0,0,0,20,0,0,0,9,3	0,0,0,0,24,0,0,0,0,0,21,0,0,0,4,0	258	149	1	1.0	NA,0.536,NA,NA,NA	NA,NA,NA,NA,0.194,NA,NA,NA,NA,NA,0.355,NA,NA,NA,0.565,1.0	0.008
1264	0,0,0,0,0	0,3,0,0,0	0,0,0,0,8,0,0,0,0,0,9,0,0,0,0,3	0,0,0,0,20,0,0,0,0,0,34,0,0,0,15,7	213	149	1	1.0	NA,0.0,NA,NA,NA	NA,NA,NA,NA,0.219,NA,NA,NA,NA,NA,0.156,NA,NA,NA,0.0,0.231	-0.151
1265	0,0,0,0,0	0,300,2,0,0	0,0,0,0,15,0,0,0,0,0,18,0,0,0,0,0	0,0,0,0,1014,0,0,4,0,2,1410,0,0,0,175,25	153	149	1	1.0	NA,0.0,0.0,NA,NA	NA,NA,NA,NA,0.014,NA,NA,0.0,NA,0.0,0.012,NA,NA,NA,0.0,0.0	-0.004
1268	0,0,0,0,0	0,6,0,0,0	0,0,0,0,0,0,0,0,0,0,3,0,0,0,2,3	0,0,0,0,0,0,0,0,0,0,257,0,0,0,64,0	203	149	1	1.0	NA,0.0,NA,NA,NA	NA,NA,NA,NA,NA,NA,NA,NA,NA,NA,0.008,NA,NA,NA,0.022,1.0	-0.343
1269	0,6,0,0,0	0,17,0,0,0	0,0,0,0,28,0,0,0,0,0,34,0,0,0,2,2	0,0,0,0,40,0,0,0,0,0,248,0,0,0,14,18	158	149	1	1.0	NA,0.25,NA,NA,NA	NA,NA,NA,NA,0.398,NA,NA,NA,NA,NA,0.114,NA,NA,NA,0.119,0.095	0.069
1270	0,0,0,0,0	0,30,0,0,0	0,0,0,0,0,0,0,0,0,0,3,0,0,0,0,0	0,0,0,0,34,0,0,0,0,0,253,0,0,0,4,20	159	149	1	1.0	NA,0.0,NA,NA,NA	NA,NA,NA,NA,0.0,NA,NA,NA,NA,NA,0.011,NA,NA,NA,0.0,0.0	-0.003
1271	0,12,0,0,0	0,0,0,0,0	0,0,0,0,20,0,0,0,0,0,58,0,0,0,0,7	0,0,0,0,0,0,0,0,0,0,1,0,0,0,0,2	202	149	1	1.0	NA,1.0,NA,NA,NA	NA,NA,NA,NA,1.0,NA,NA,NA,NA,NA,0.977,NA,NA,NA,NA,0.721	0.101
1272	0,42,0,0,0	0,0,0,0,0	0,0,0,0,54,0,0,0,0,0,308,0,0,0,4,27	0,0,0,0,0,0,0,0,0,0,1,0,0,0,0,2	192	149	1	1.0	NA,1.0,NA,NA,NA	NA,NA,NA,NA,1.0,NA,NA,NA,NA,NA,0.996,NA,NA,NA,1.0,0.913	0.023
1273	0,2,0,0,0	0,61,0,0,0	0,0,0,0,0,0,0,0,0,0,3,0,0,0,2,6	0,0,0,0,74,0,0,0,0,0,257,0,0,0,39,14	252	149	1	1.0	NA,0.019,NA,NA,NA	NA,NA,NA,NA,0.0,NA,NA,NA,NA,NA,0.007,NA,NA,NA,0.029,0.202	-0.041
1277	0,159,0,0,0	0,24,0,0,0	0,0,0,0,333,0,0,0,0,0,1448,0,0,0,16,45	0,0,0,0,0,0,0,0,4,0,70,0,0,0,0,2	198	149	1	1.0	NA,0.833,NA,NA,NA	NA,NA,NA,NA,1.0,NA,NA,NA,0.0,NA,0.94,NA,NA,NA,1.0,0.944	0.056
1278	0,175,0,0,0	0,0,0,0,0	0,0,0,0,476,0,0,0,0,0,766,0,0,0,0,55	0,0,0,0,0,0,0,0,0,0,24,0,0,0,0,0	231	149	1	1.0	NA,1.0,NA,NA,NA	NA,NA,NA,NA,1.0,NA,NA,NA,NA,NA,0.954,NA,NA,NA,NA,1.0	0.015
1279	0,125,0,0,0	0,0,0,0,0	0,0,0,0,304,0,0,1,2,0,602,0,0,0,14,67	0,0,0,0,9,0,0,0,0,0,0,0,0,0,0,0	298	149	1	1.0	NA,1.0,NA,NA,NA	NA,NA,NA,NA,0.944,NA,NA,1.0,1.0,NA,1.0,NA,NA,NA,1.0,1.0	0.009
1280	0,233,0,0,0	0,0,0,0,0	0,0,0,0,275,0,0,0,0,0,601,0,0,0,24,47	0,0,0,0,2,0,0,0,0,0,0,0,0,0,0,0	298	149	1	1.0	NA,1.0,NA,NA,NA	NA,NA,NA,NA,0.986,NA,NA,NA,NA,NA,1.0,NA,NA,NA,1.0,1.0	0.004
1283	0,4,0,0,0	0,20,0,0,0	0,0,0,0,14,0,0,0,0,0,1,0,0,0,0,1	0,0,0,0,46,0,0,0,0,0,75,0,0,0,0,21	298	149	1	1.0	NA,0.091,NA,NA,NA	NA,NA,NA,NA,0.132,NA,NA,NA,NA,NA,0.007,NA,NA,NA,NA,0.023	0.037
1284	0,20,0,0,0	0,7,0,0,0	0,0,0,0,81,0,0,0,0,0,21,0,0,0,0,18	0,0,0,0,55,0,0,0,0,0,53,0,0,0,1,2	298	149	1	1.0	NA,0.588,NA,NA,NA	NA,NA,NA,NA,0.424,NA,NA,NA,NA,NA,0.165,NA,NA,NA,0.0,0.818	0.236
1285	0,1300,0,0,0	0,0,0,0,0	0,0,0,0,356,0,0,0,0,0,1666,0,0,0,53,42	0,0,0,0,0,0,0,0,0,0,1,0,0,0,0,5	298	149	1	1.0	NA,1.0,NA,NA,NA	NA,NA,NA,NA,1.0,NA,NA,NA,NA,NA,0.999,NA,NA,NA,1.0,0.808	0.048
1286	0,53,0,0,0	0,494,0,0,0	0,0,0,0,12,0,0,0,0,0,54,0,0,0,1,3	0,0,0,0,225,0,0,0,2,0,705,0,0,0,28,31	243	149	1	1.0	NA,0.062,NA,NA,NA	NA,NA,NA,NA,0.032,NA,NA,NA,0.0,NA,0.045,NA,NA,NA,0.021,0.056	0.031
1290	0,112,0,0,0	0,16,0,0,0	0,0,0,0,16,0,0,0,0,0,34,0,0,0,33,6	0,0,0,0,14,0,0,0,0,0,25,0,0,0,0,2	268	149	1	1.0	NA,0.796,NA,NA,NA	NA,NA,NA,NA,0.389,NA,NA,NA,NA,NA,0.431,NA,NA,NA,1.0,0.625	0.185
1291	0,5,0,0,0	0,29,0,0,0	0,0,0,0,0,0,0,0,0,0,13,0,0,0,1,0	0,0,0,0,12,0,0,0,0,0,17,0,0,0,0,0	169	149	1	1.0	NA,0.132,NA,NA,NA	NA,NA,NA,NA,0.0,NA,NA,NA,NA,NA,0.403,NA,NA,NA,1.0,NA	-0.336
1292	0,118,0,0,0	0,886,0,0,0	0,0,0,0,2,0,0,0,0,0,62,0,0,0,7,2	0,0,0,0,38,0,0,0,0,0,963,0,0,0,137,15	186	149	1	1.0	NA,0.096,NA,NA,NA	NA,NA,NA,NA,0.04,NA,NA,NA,NA,NA,0.049,NA,NA,NA,0.039,0.097	0.04
1293	0,1641,0,0,2	0,2,0,0,0	0,0,0,0,55,0,0,0,0,0,1421,0,0,0,48,25	0,0,0,0,0,0,0,0,0,0,2,0,0,0,0,0	180	149	1	1.0	NA,0.999,NA,NA,1.0	NA,NA,NA,NA,1.0,NA,NA,NA,NA,NA,0.998,NA,NA,NA,1.0,1.0	0.0
1294	0,47,0,0,0	0,24,0,0,0	0,0,0,0,24,0,0,0,0,0,297,0,0,0,4,12	0,0,0,0,18,0,0,0,0,0,86,0,0,0,0,0	158	149	1	1.0	NA,0.649,NA,NA,NA	NA,NA,NA,NA,0.557,NA,NA,NA,NA,NA,0.765,NA,NA,NA,1.0,1.0	-0.181
1295	0,8,0,0,0	0,131,0,0,0	0,0,0,0,4,0,0,0,0,0,40,0,0,0,0,0	0,0,0,0,360,0,0,0,0,2,767,0,0,0,4,9	163	149	1	1.0	NA,0.053,NA,NA,NA	NA,NA,NA,NA,0.01,NA,NA,NA,NA,0.0,0.046,NA,NA,NA,0.0,0.0	0.042
1296	0,22,0,0,0	0,783,0,0,0	0,0,0,0,0,0,0,0,0,0,0,0,0,0,0,0	0,0,0,0,619,0,0,2,0,0,651,0,0,0,19,17	153	149	1	1.0	NA,0.027,NA,NA,NA	NA,NA,NA,NA,0.0,NA,NA,0.0,NA,NA,0.0,NA,NA,NA,0.0,0.0	0.027
1297	0,175,2,0,0	0,0,0,0,0	0,0,0,0,223,0,2,0,2,0,403,0,0,0,158,7	0,0,0,0,59,0,0,0,0,0,32,0,0,0,53,0	297	149	1	1.0	NA,1.0,1.0,NA,NA	NA,NA,NA,NA,0.655,NA,1.0,NA,1.0,NA,0.863,NA,NA,NA,0.599,1.0	0.147
1298	0,59,0,0,0	0,4,0,0,0	0,0,0,0,384,0,0,0,0,0,243,0,0,0,20,2	0,0,0,0,0,0,0,0,0,0,23,0,0,0,8,0	268	149	1	1.0	NA,0.891,NA,NA,NA	NA,NA,NA,NA,1.0,NA,NA,NA,NA,NA,0.855,NA,NA,NA,0.582,1.0	0.032
1299	0,0,0,0,0	0,11,0,0,0	0,0,0,0,11,0,0,0,0,0,2,0,0,0,0,6	0,0,0,0,133,0,0,0,0,0,120,0,0,0,22,3	298	149	1	1.0	NA,0.0,NA,NA,NA	NA,NA,NA,NA,0.04,NA,NA,NA,NA,NA,0.008,NA,NA,NA,0.0,0.5	-0.137
1300	0,56,0,0,0	0,0,0,0,0	0,0,0,0,60,0,0,0,0,0,138,0,0,0,26,0	0,0,0,0,0,0,0,0,0,0,1,0,0,0,0,0	199	149	1	1.0	NA,1.0,NA,NA,NA	NA,NA,NA,NA,1.0,NA,NA,NA,NA,NA,0.99,NA,NA,NA,1.0,NA	0.003
1301	0,120,0,0,0	0,0,0,0,0	0,0,0,0,112,0,0,0,0,0,275,0,0,0,26,1	0,0,0,0,0,0,0,0,0,0,4,0,0,0,0,0	199	149	1	1.0	NA,1.0,NA,NA,NA	NA,NA,NA,NA,1.0,NA,NA,NA,NA,NA,0.981,NA,NA,NA,1.0,1.0	0.005
1303	0,34,0,0,0	0,159,0,0,4	0,0,0,0,79,0,0,0,0,0,106,0,0,0,53,3	0,0,0,0,301,0,0,0,0,0,574,0,0,0,410,8	298	149	1	1.0	NA,0.097,NA,NA,0.0	NA,NA,NA,NA,0.116,NA,NA,NA,NA,NA,0.085,NA,NA,NA,0.061,0.158	-0.057
1304	0,26,0,0,0	0,15,0,0,0	0,0,0,0,13,0,0,0,0,0,2,0,0,0,9,7	0,0,0,0,0,0,0,0,0,0,0,0,0,0,0,0	283	149	1	1.0	NA,0.477,NA,NA,NA	NA,NA,NA,NA,1.0,NA,NA,NA,NA,NA,1.0,NA,NA,NA,1.0,1.0	-0.523
1305	0,23,0,0,0	0,413,0,0,0	0,0,0,0,13,0,0,0,0,0,2,0,0,0,9,7	0,0,0,0,30,0,0,4,0,0,142,0,0,0,649,7	283	149	1	1.0	NA,0.028,NA,NA,NA	NA,NA,NA,NA,0.186,NA,NA,0.0,NA,NA,0.007,NA,NA,NA,0.007,0.345	-0.081
1307	0,68,0,0,0	0,0,0,0,0	0,0,0,0,170,0,2,2,0,0,344,0,0,0,816,15	0,0,0,0,1,0,0,0,0,0,21,0,0,0,0,0	298	149	1	1.0	NA,1.0,NA,NA,NA	NA,NA,NA,NA,0.988,NA,1.0,1.0,NA,NA,0.891,NA,NA,NA,1.0,1.0	0.02
1308	0,34,0,0,0	0,2,0,0,0	0,0,0,0,89,0,0,0,0,0,215,0,0,0,458,6	0,0,0,0,0,0,0,0,0,0,0,0,0,0,0,0	298	149	1	1.0	NA,0.895,NA,NA,NA	NA,NA,NA,NA,1.0,NA,NA,NA,NA,NA,1.0,NA,NA,NA,1.0,1.0	-0.105
1319	0,26,0,0,0	0,0,0,0,0	0,0,0,0,69,0,0,0,0,0,24,0,0,0,0,10	0,0,0,0,0,0,0,0,0,0,0,0,0,0,0,2	298	149	1	1.0	NA,1.0,NA,NA,NA	NA,NA,NA,NA,1.0,NA,NA,NA,NA,NA,1.0,NA,NA,NA,NA,0.714	0.095
1321	0,7,0,0,0	0,7,0,0,0	0,0,0,0,129,0,0,0,0,0,102,0,0,0,0,1	0,0,0,0,80,0,0,0,0,0,216,0,0,0,4,19	194	149	1	1.0	NA,0.434,NA,NA,NA	NA,NA,NA,NA,0.553,NA,NA,NA,NA,NA,0.266,NA,NA,NA,0.0,0.039	0.219
1322	0,0,0,0,0	0,2,0,0,0	0,0,0,0,0,0,0,0,2,0,19,0,0,0,9,2	0,0,0,0,78,0,0,0,0,0,91,0,0,0,2,38	298	149	1	1.0	NA,0.0,NA,NA,NA	NA,NA,NA,NA,0.0,NA,NA,NA,1.0,NA,0.095,NA,NA,NA,0.692,0.026	-0.363
1324	0,163,0,0,0	0,1,0,0,0	0,0,0,0,230,0,0,0,0,0,345,0,0,0,254,108	0,0,0,0,0,0,0,0,0,0,20,0,0,0,17,10	181	149	1	1.0	NA,0.993,NA,NA,NA	NA,NA,NA,NA,1.0,NA,NA,NA,NA,NA,0.934,NA,NA,NA,0.925,0.899	0.053
1325	0,25,0,0,0	0,35,0,0,0	0,0,0,0,46,0,0,0,0,0,2,0,0,0,7,57	0,0,0,0,241,0,0,0,0,0,102,0,0,0,0,137	244	149	1	1.0	NA,0.304,NA,NA,NA	NA,NA,NA,NA,0.104,NA,NA,NA,NA,NA,0.012,NA,NA,NA,1.0,0.203	-0.026
1326	0,106,0,0,0	0,4,0,0,0	0,0,0,0,165,0,0,0,0,0,139,0,0,0,40,699	0,0,0,0,0,0,0,0,0,0,7,0,0,0,0,46	298	149	1	1.0	NA,0.93,NA,NA,NA	NA,NA,NA,NA,1.0,NA,NA,NA,NA,NA,0.908,NA,NA,NA,1.0,0.884	-0.018
1329	0,28,0,0,0	0,0,0,0,0	0,0,0,0,88,0,0,0,0,0,207,0,0,0,242,51	0,0,0,0,0,0,0,0,0,0,1,0,0,0,0,0	298	149	1	1.0	NA,1.0,NA,NA,NA	NA,NA,NA,NA,1.0,NA,NA,NA,NA,NA,0.99,NA,NA,NA,1.0,1.0	0.002
1330	0,0,0,0,0	0,53,0,0,4	0,0,0,0,34,0,0,0,0,0,0,0,0,0,0,0	0,0,0,0,217,0,0,2,0,2,579,0,0,0,856,25	153	149	1	1.0	NA,0.0,NA,NA,0.0	NA,NA,NA,NA,0.132,NA,NA,0.0,NA,0.0,0.0,NA,NA,NA,0.0,0.0	-0.022
1334	0,37,0,0,0	0,341,0,0,0	0,0,0,0,52,0,0,0,0,0,53,0,0,0,51,2	0,0,0,0,327,0,0,0,0,2,377,0,0,0,101,34	298	149	1	1.0	NA,0.051,NA,NA,NA	NA,NA,NA,NA,0.074,NA,NA,NA,NA,0.0,0.066,NA,NA,NA,0.202,0.029	-0.023
1338	0,47,0,0,0	0,2,0,0,0	0,0,0,0,157,0,0,0,0,0,49,0,0,0,96,5	0,0,0,0,50,0,0,0,0,0,170,0,0,0,157,14	298	149	1	1.0	NA,0.922,NA,NA,NA	NA,NA,NA,NA,0.611,NA,NA,NA,NA,NA,0.126,NA,NA,NA,0.234,0.152	0.641
1339	0,9,0,0,0	0,0,0,0,0	0,0,0,0,312,0,4,0,0,0,260,0,0,0,772,26	0,0,0,0,0,0,0,0,0,0,7,0,0,0,3,0	217	149	1	1.0	NA,1.0,NA,NA,NA	NA,NA,NA,NA,1.0,NA,1.0,NA,NA,NA,0.962,NA,NA,NA,0.994,1.0	0.009
1340	0,7,0,0,0	0,0,0,0,0	0,0,0,0,57,0,0,0,0,0,46,0,0,0,94,0	0,0,0,0,143,0,4,0,0,0,126,0,0,0,319,6	156	149	1	1.0	NA,1.0,NA,NA,NA	NA,NA,NA,NA,0.276,NA,0.0,NA,NA,NA,0.259,NA,NA,NA,0.22,0.0	0.849
1342	0,0,0,0,0	0,2,0,0,0	0,0,0,0,0,0,0,0,0,0,0,0,0,0,1,0	0,0,0,0,65,0,0,0,0,0,16,0,0,0,72,30	154	149	1	1.0	NA,0.0,NA,NA,NA	NA,NA,NA,NA,0.0,NA,NA,NA,NA,NA,0.0,NA,NA,NA,0.013,0.0	-0.003
1343	0,6,0,0,0	0,4,0,0,0	0,0,0,0,8,0,0,0,0,0,15,0,0,0,4,0	0,0,0,0,68,0,0,0,0,0,25,0,0,0,19,0	166	149	1	1.0	NA,0.574,NA,NA,NA	NA,NA,NA,NA,0.096,NA,NA,NA,NA,NA,0.35,NA,NA,NA,0.159,NA	0.372
1344	0,5,0,0,0	0,0,0,0,0	0,0,0,0,0,0,0,0,0,0,2,0,0,0,0,0	0,0,0,0,0,0,0,0,0,0,3,0,0,0,0,0	166	149	1	1.0	NA,1.0,NA,NA,NA	NA,NA,NA,NA,NA,NA,NA,NA,NA,NA,0.374,NA,NA,NA,NA,NA	0.626
1345	0,7,0,0,0	0,6,0,0,0	0,0,0,0,0,0,0,0,0,0,4,0,0,0,0,1	0,0,0,0,0,0,0,0,0,0,3,0,0,0,0,0	173	149	1	1.0	NA,0.501,NA,NA,NA	NA,NA,NA,NA,NA,NA,NA,NA,NA,NA,0.535,NA,NA,NA,NA,1.0	-0.267
1350	0,12,0,0,0	0,2,0,0,0	0,0,0,0,115,0,0,0,0,0,43,0,0,0,4,41	0,0,0,0,0,0,0,0,0,0,0,0,0,0,0,0	236	149	1	1.0	NA,0.791,NA,NA,NA	NA,NA,NA,NA,1.0,NA,NA,NA,NA,NA,1.0,NA,NA,NA,1.0,1.0	-0.209
1351	0,17,0,0,0	0,48,0,0,0	0,0,0,0,51,0,0,0,0,0,3,0,0,0,1,4	0,0,0,0,9,0,0,2,0,0,27,0,0,0,84,14	298	149	1	1.0	NA,0.15,NA,NA,NA	NA,NA,NA,NA,0.739,NA,NA,0.0,NA,NA,0.053,NA,NA,NA,0.006,0.125	-0.035
1357	0,56,0,0,0	0,0,0,0,0	0,0,0,0,304,0,0,0,0,0,702,0,0,0,606,80	0,0,0,0,0,0,0,0,0,0,20,0,0,0,0,0	173	149	1	1.0	NA,1.0,NA,NA,NA	NA,NA,NA,NA,1.0,NA,NA,NA,NA,NA,0.968,NA,NA,NA,1.0,1.0	0.008
1361	0,325,0,0,0	0,19,0,0,0	0,0,0,0,1060,0,0,3,0,0,1469,0,0,0,850,41	0,0,0,0,110,0,0,0,0,0,90,0,0,0,24,5	298	149	1	1.0	NA,0.895,NA,NA,NA	NA,NA,NA,NA,0.828,NA,NA,1.0,NA,NA,0.891,NA,NA,NA,0.947,0.804	0.001
1362	0,88,0,0,0	0,75,0,0,0	0,0,0,0,87,0,0,0,0,0,394,0,0,0,237,0	0,0,0,0,58,0,0,0,0,0,0,0,0,0,0,65	155	149	1	1.0	NA,0.53,NA,NA,NA	NA,NA,NA,NA,0.59,NA,NA,NA,NA,NA,1.0,NA,NA,NA,1.0,0.0	-0.117
1363	0,8,0,0,0	0,0,0,0,0	0,0,0,0,26,0,0,0,0,0,21,0,0,0,12,0	0,0,0,0,0,0,0,0,0,0,15,0,0,0,34,3	153	149	1	1.0	NA,1.0,NA,NA,NA	NA,NA,NA,NA,1.0,NA,NA,NA,NA,NA,0.577,NA,NA,NA,0.256,0.0	0.542
1367	0,12,0,0,0	0,95,0,0,0	0,0,0,0,21,0,0,0,0,0,20,0,0,0,0,1	0,0,0,0,109,0,0,2,0,0,111,0,0,0,6,22	157	149	1	1.0	NA,0.107,NA,NA,NA	NA,NA,NA,NA,0.155,NA,NA,0.0,NA,NA,0.146,NA,NA,NA,0.0,0.041	0.039
1369	0,182,4,0,0	0,0,0,0,0	0,0,0,0,431,2,0,2,0,0,378,0,0,0,786,224	0,0,0,0,18,0,0,0,0,0,9,0,0,0,10,0	263	149	1	1.0	NA,1.0,1.0,NA,NA	NA,NA,NA,NA,0.931,1.0,NA,1.0,NA,NA,0.96,NA,NA,NA,0.978,1.0	0.022
1370	0,229,0,0,2	0,17,0,0,0	0,0,0,0,883,4,0,2,2,2,1241,0,0,0,2204,33	0,0,0,0,121,0,0,0,0,0,8,0,0,0,18,4	298	149	1	1.0	NA,0.871,NA,NA,1.0	NA,NA,NA,NA,0.785,1.0,NA,1.0,1.0,1.0,0.987,NA,NA,NA,0.984,0.805	-0.01
1377	0,10,0,0,0	0,0,0,0,0	0,0,0,0,55,0,0,0,0,0,36,0,0,0,297,45	0,0,0,0,0,0,0,0,0,0,0,0,0,0,10,0	156	149	1	1.0	NA,1.0,NA,NA,NA	NA,NA,NA,NA,1.0,NA,NA,NA,NA,NA,1.0,NA,NA,NA,0.966,1.0	0.008
1378	0,15,2,0,0	0,61,0,0,0	0,0,0,0,3,0,0,0,0,0,16,0,0,0,57,7	0,0,0,0,188,0,0,3,0,0,178,0,0,0,688,31	215	149	1	1.0	NA,0.146,1.0,NA,NA	NA,NA,NA,NA,0.011,NA,NA,0.0,NA,NA,0.059,NA,NA,NA,0.054,0.135	0.521
1379	0,50,4,0,2	0,0,0,0,0	0,0,0,0,264,0,0,2,2,0,440,0,0,0,1033,73	0,0,0,0,0,0,0,0,0,0,14,0,0,0,6,3	261	149	1	1.0	NA,1.0,1.0,NA,1.0	NA,NA,NA,NA,1.0,NA,NA,1.0,1.0,NA,0.947,NA,NA,NA,0.99,0.933	0.022
1381	0,2,0,0,0	0,11,0,0,0	0,0,0,0,0,0,0,0,0,0,0,0,0,0,0,0	0,0,0,0,48,0,0,0,0,0,58,0,0,0,126,1	270	149	1	1.0	NA,0.091,NA,NA,NA	NA,NA,NA,NA,0.0,NA,NA,NA,NA,NA,0.0,NA,NA,NA,0.0,0.0	0.091
1382	0,0,0,0,0	0,8,0,0,0	0,0,0,0,3,0,0,0,0,0,5,0,0,0,8,6	0,0,0,0,6,0,0,0,0,0,2,0,0,0,8,0	153	149	1	1.0	NA,0.0,NA,NA,NA	NA,NA,NA,NA,0.327,NA,NA,NA,NA,NA,0.709,NA,NA,NA,0.493,1.0	-0.632
1383	0,0,0,0,0	0,9,0,0,0	0,0,0,0,0,0,0,0,0,0,0,0,0,0,0,2	0,0,0,0,17,0,0,0,0,0,0,0,0,0,17,0	196	149	1	1.0	NA,0.0,NA,NA,NA	NA,NA,NA,NA,0.0,NA,NA,NA,NA,NA,NA,NA,NA,NA,0.0,1.0	-0.333
1384	0,9,0,0,0	0,0,0,0,0	0,0,0,0,84,0,0,0,0,0,6,0,0,0,63,5	0,0,0,0,11,0,0,0,0,0,0,0,0,0,0,0	241	149	1	1.0	NA,1.0,NA,NA,NA	NA,NA,NA,NA,0.825,NA,NA,NA,NA,NA,1.0,NA,NA,NA,1.0,1.0	0.044
1389	0,1,0,0,0	0,1017,4,0,6	0,0,0,0,86,0,0,0,0,0,62,0,0,0,67,0	0,0,0,0,14097,15,12,14,6,19,11527,0,0,0,3382,132	159	149	1	1.0	NA,0.001,0.0,NA,0.0	NA,NA,NA,NA,0.006,0.0,0.0,0.0,0.0,0.0,0.005,NA,NA,NA,0.018,0.0	-0.003
1393	0,0,0,0,0	0,2,0,0,0	0,0,0,0,34,0,0,0,0,0,111,0,0,0,34,2	0,0,0,0,16,0,0,0,0,0,15,0,0,0,0,0	278	149	1	1.0	NA,0.0,NA,NA,NA	NA,NA,NA,NA,0.532,NA,NA,NA,NA,NA,0.799,NA,NA,NA,1.0,1.0	-0.833
1395	0,2,0,0,0	0,0,0,0,0	0,0,0,0,122,0,0,0,0,0,99,0,0,0,16,4	0,0,0,0,0,0,0,0,0,0,8,0,0,0,0,0	242	149	1	1.0	NA,1.0,NA,NA,NA	NA,NA,NA,NA,1.0,NA,NA,NA,NA,NA,0.884,NA,NA,NA,1.0,1.0	0.029
1402	0,0,0,0,0	0,2,0,0,0	0,0,0,0,13,0,0,0,0,0,2,0,0,0,26,0	0,0,0,0,105,0,0,0,0,0,10,0,0,0,51,2	298	149	1	1.0	NA,0.0,NA,NA,NA	NA,NA,NA,NA,0.058,NA,NA,NA,NA,NA,0.091,NA,NA,NA,0.203,0.0	-0.088
1404	0,3,0,0,0	0,0,0,0,0	0,0,0,0,50,0,0,0,0,2,20,0,0,0,117,47	0,0,0,0,0,0,0,0,0,0,0,0,0,0,6,2	169	149	1	1.0	NA,1.0,NA,NA,NA	NA,NA,NA,NA,1.0,NA,NA,NA,NA,1.0,1.0,NA,NA,NA,0.945,0.954	0.02
1405	0,0,2,0,0	0,0,0,0,0	0,0,0,0,9,0,0,0,0,0,11,0,0,0,139,9	0,0,0,0,0,0,0,0,0,0,0,0,0,0,3,0	244	149	1	1.0	NA,NA,1.0,NA,NA	NA,NA,NA,NA,1.0,NA,NA,NA,NA,NA,1.0,NA,NA,NA,0.966,1.0	0.008
1406	0,15,0,0,2	0,0,0,0,0	0,0,0,0,130,0,0,0,0,2,49,0,0,0,328,7	0,0,0,0,2,0,0,0,0,0,0,0,0,0,0,0	258	149	1	1.0	NA,1.0,NA,NA,1.0	NA,NA,NA,NA,0.974,NA,NA,NA,NA,1.0,1.0,NA,NA,NA,1.0,1.0	0.005
1408	0,2,0,0,0	0,180,2,0,0	0,0,0,0,15,0,0,0,0,0,7,0,0,0,58,5	0,0,0,0,545,0,4,4,0,0,539,0,0,0,1301,170	298	149	1	1.0	NA,0.006,0.0,NA,NA	NA,NA,NA,NA,0.014,NA,0.0,0.0,NA,NA,0.006,NA,NA,NA,0.022,0.014	-0.006
1409	0,2,0,0,0	0,180,2,0,0	0,0,0,0,5,0,0,0,0,0,7,0,0,0,47,2	0,0,0,0,545,0,4,4,0,0,539,0,0,0,1301,170	158	149	1	1.0	NA,0.01,0.0,NA,NA	NA,NA,NA,NA,0.009,NA,0.0,0.0,NA,NA,0.012,NA,NA,NA,0.033,0.011	-0.006
1410	0,44,0,0,0	0,16,0,0,2	0,0,0,0,55,0,0,0,0,0,15,0,0,0,50,14	0,0,0,0,0,2,0,0,0,0,113,0,0,0,296,66	244	149	1	1.0	NA,0.627,NA,NA,0.0	NA,NA,NA,NA,1.0,0.0,NA,NA,NA,NA,0.075,NA,NA,NA,0.094,0.115	0.057
1413	0,8,0,0,0	0,3,0,0,0	0,0,0,0,67,0,2,0,0,0,175,0,0,0,238,27	0,0,0,0,63,0,0,0,0,0,89,0,0,0,268,12	289	149	1	1.0	NA,0.579,NA,NA,NA	NA,NA,NA,NA,0.354,NA,1.0,NA,NA,NA,0.503,NA,NA,NA,0.314,0.537	0.037
1414	0,0,0,0,0	0,6,0,0,0	0,0,0,0,0,0,0,0,0,0,0,0,0,0,8,0	0,0,0,0,115,0,0,0,0,0,103,0,0,0,376,15	153	149	1	1.0	NA,0.0,NA,NA,NA	NA,NA,NA,NA,0.0,NA,NA,NA,NA,NA,0.0,NA,NA,NA,0.02,0.0	-0.005
1415	0,17,0,0,0	0,16,0,0,0	0,0,0,0,67,0,0,0,2,0,13,0,0,0,83,14	0,0,0,0,62,0,0,0,0,0,52,0,0,0,146,3	185	149	1	1.0	NA,0.461,NA,NA,NA	NA,NA,NA,NA,0.465,NA,NA,NA,1.0,NA,0.168,NA,NA,NA,0.314,0.79	-0.086
1418	0,118,0,0,0	0,12,0,0,0	0,0,0,0,294,0,0,0,0,0,388,0,0,0,32,63	0,0,0,0,0,0,0,0,0,0,6,0,0,0,0,0	298	149	1	1.0	NA,0.831,NA,NA,NA	NA,NA,NA,NA,1.0,NA,NA,NA,NA,NA,0.97,NA,NA,NA,1.0,1.0	-0.161
1419	0,14,0,0,0	0,36,0,0,0	0,0,0,0,4,0,0,0,0,0,31,0,0,0,35,3	0,0,0,0,65,0,0,0,0,0,133,0,0,0,179,9	179	149	1	1.0	NA,0.245,NA,NA,NA	NA,NA,NA,NA,0.049,NA,NA,NA,NA,NA,0.162,NA,NA,NA,0.14,0.217	0.103
1421	0,89,0,0,0	0,43,0,0,0	0,0,0,0,10,0,0,0,0,0,0,0,0,0,3,0	0,0,0,0,0,0,0,0,0,0,12,0,0,0,0,1	151	149	1	1.0	NA,0.671,NA,NA,NA	NA,NA,NA,NA,1.0,NA,NA,NA,NA,NA,0.0,NA,NA,NA,1.0,0.0	0.171
1422	0,105,4,0,0	0,0,0,0,0	0,0,0,0,23,0,0,0,0,0,102,0,0,0,124,21	0,0,0,0,0,0,0,0,0,0,3,0,0,0,0,0	223	149	1	1.0	NA,1.0,1.0,NA,NA	NA,NA,NA,NA,1.0,NA,NA,NA,NA,NA,0.958,NA,NA,NA,1.0,1.0	0.01
1428	0,102,0,0,0	0,2,0,0,0	0,0,0,0,75,0,0,0,0,0,181,0,0,0,4,10	0,0,0,0,16,0,0,0,0,0,43,0,0,0,0,14	182	149	1	1.0	NA,0.977,NA,NA,NA	NA,NA,NA,NA,0.793,NA,NA,NA,NA,NA,0.775,NA,NA,NA,1.0,0.369	0.243
1431	0,32,0,0,0	0,1,0,0,0	0,0,0,0,90,0,0,0,0,0,79,0,0,0,12,1	0,0,0,0,14,0,0,0,0,0,2,0,0,0,0,0	196	149	1	1.0	NA,0.961,NA,NA,NA	NA,NA,NA,NA,0.83,NA,NA,NA,NA,NA,0.968,NA,NA,NA,1.0,1.0	0.011
1433	0,9,0,0,0	0,27,0,0,0	0,0,0,0,8,0,0,0,0,0,12,0,0,0,0,0	0,0,0,0,6,0,0,0,0,0,11,0,0,0,0,0	197	149	1	1.0	NA,0.201,NA,NA,NA	NA,NA,NA,NA,0.502,NA,NA,NA,NA,NA,0.452,NA,NA,NA,NA,NA	-0.276
1435	0,0,0,0,0	0,49,0,0,0	0,0,0,0,0,0,0,0,0,0,1,0,0,0,0,13	0,0,0,0,353,0,0,0,0,0,272,0,0,0,443,29	298	149	1	1.0	NA,0.0,NA,NA,NA	NA,NA,NA,NA,0.0,NA,NA,NA,NA,NA,0.002,NA,NA,NA,0.0,0.183	-0.046
1436	0,5,0,0,0	0,28,0,0,0	0,0,0,0,110,0,0,0,0,0,31,0,0,0,1,0	0,0,0,0,72,0,0,0,0,0,25,0,0,0,0,0	197	149	1	1.0	NA,0.119,NA,NA,NA	NA,NA,NA,NA,0.536,NA,NA,NA,NA,NA,0.484,NA,NA,NA,1.0,NA	-0.554
1438	0,38,0,0,0	0,0,0,0,0	0,0,0,0,84,0,0,0,0,0,170,0,0,0,64,12	0,0,0,0,0,0,0,0,0,0,9,0,0,0,0,0	298	149	1	1.0	NA,1.0,NA,NA,NA	NA,NA,NA,NA,1.0,NA,NA,NA,NA,NA,0.904,NA,NA,NA,1.0,1.0	0.024
1439	0,2,0,0,0	0,121,0,0,0	0,0,0,0,0,0,0,0,0,0,0,0,0,0,5,0	0,0,0,0,67,0,0,0,0,0,155,0,0,0,75,7	212	149	1	1.0	NA,0.011,NA,NA,NA	NA,NA,NA,NA,0.0,NA,NA,NA,NA,NA,0.0,NA,NA,NA,0.045,0.0	-0.0
1440	0,20,0,0,0	0,134,0,0,0	0,0,0,0,6,0,0,0,0,0,4,0,0,0,31,5	0,0,0,0,88,0,0,2,0,0,165,0,0,0,120,80	288	149	1	1.0	NA,0.072,NA,NA,NA	NA,NA,NA,NA,0.034,NA,NA,0.0,NA,NA,0.012,NA,NA,NA,0.118,0.031	0.033
1441	0,0,0,0,0	0,91,0,0,0	0,0,0,0,1,0,0,0,0,0,0,0,0,0,0,0	0,0,0,0,203,0,0,0,0,0,201,0,0,0,148,70	226	149	1	1.0	NA,0.0,NA,NA,NA	NA,NA,NA,NA,0.003,NA,NA,NA,NA,NA,0.0,NA,NA,NA,0.0,0.0	-0.001
1443	0,4,0,0,0	0,74,0,0,0	0,0,0,0,7,0,0,0,0,0,4,0,0,0,10,5	0,0,0,0,132,0,0,0,0,0,428,0,0,0,405,86	236	149	1	1.0	NA,0.033,NA,NA,NA	NA,NA,NA,NA,0.032,NA,NA,NA,NA,NA,0.006,NA,NA,NA,0.015,0.035	0.011
1444	0,32,0,0,0	0,8,0,0,0	0,0,0,0,87,0,0,0,0,0,27,0,0,0,4,6	0,0,0,0,45,0,0,0,0,0,2,0,0,0,6,0	161	149	1	1.0	NA,0.787,NA,NA,NA	NA,NA,NA,NA,0.641,NA,NA,NA,NA,NA,0.926,NA,NA,NA,0.382,1.0	0.05
1445	0,1426,6,0,2	0,0,0,0,0	0,0,0,0,5027,4,6,6,12,2,4981,0,0,0,1718,486	0,0,0,0,0,0,0,0,0,0,5,0,0,0,0,0	298	149	1	1.0	NA,1.0,1.0,NA,1.0	NA,NA,NA,NA,1.0,1.0,1.0,1.0,1.0,1.0,0.998,NA,NA,NA,1.0,1.0	0.0
1449	0,8,0,0,0	0,10,0,0,0	0,0,0,0,37,0,0,0,0,0,31,0,0,0,0,22	0,0,0,0,0,0,0,0,0,0,1,0,0,0,0,0	168	149	1	1.0	NA,0.415,NA,NA,NA	NA,NA,NA,NA,1.0,NA,NA,NA,NA,NA,0.965,NA,NA,NA,NA,1.0	-0.573
1451	0,0,0,0,0	0,10,0,0,0	0,0,0,0,10,0,0,0,0,0,0,0,0,0,0,3	0,0,0,0,16,0,0,0,0,0,17,0,0,0,0,0	169	149	1	1.0	NA,0.0,NA,NA,NA	NA,NA,NA,NA,0.355,NA,NA,NA,NA,NA,0.0,NA,NA,NA,NA,1.0	-0.452
1455	0,0,0,0,0	0,53,0,0,0	0,0,0,0,0,0,0,0,0,0,87,0,0,0,66,8	0,0,0,0,263,0,0,1,0,2,481,0,0,0,459,45	170	149	1	1.0	NA,0.0,NA,NA,NA	NA,NA,NA,NA,0.0,NA,NA,0.0,NA,0.0,0.137,NA,NA,NA,0.112,0.135	-0.064
1456	0,17,0,0,2	0,0,0,0,0	0,0,0,0,133,2,2,0,0,0,176,0,0,0,396,118	0,0,0,0,21,0,0,0,0,0,69,0,0,0,206,16	164	149	1	1.0	NA,1.0,NA,NA,1.0	NA,NA,NA,NA,0.852,1.0,1.0,NA,NA,NA,0.699,NA,NA,NA,0.636,0.87	0.157
1459	0,2,0,0,0	0,14,0,0,0	0,0,0,0,0,0,0,0,0,0,0,0,0,0,6,0	0,0,0,0,131,0,0,1,0,0,31,0,0,0,62,6	178	149	1	1.0	NA,0.107,NA,NA,NA	NA,NA,NA,NA,0.0,NA,NA,0.0,NA,NA,0.0,NA,NA,NA,0.075,0.0	0.092
1461	0,0,0,0,0	0,42,6,0,0	0,0,0,0,0,0,0,0,0,0,0,0,0,0,20,0	0,0,0,0,50,0,0,0,0,0,53,0,0,0,227,21	229	149	1	1.0	NA,0.0,0.0,NA,NA	NA,NA,NA,NA,0.0,NA,NA,NA,NA,NA,0.0,NA,NA,NA,0.054,0.0	-0.013
1466	0,0,0,0,0	0,8,0,0,0	0,0,0,0,16,0,0,0,0,0,44,0,0,0,17,4	0,0,0,0,32,0,0,0,0,0,38,0,0,0,77,5	162	149	1	1.0	NA,0.0,NA,NA,NA	NA,NA,NA,NA,0.315,NA,NA,NA,NA,NA,0.516,NA,NA,NA,0.169,0.424	-0.356
1467	0,8,0,0,0	0,0,0,0,0	0,0,0,0,75,2,0,0,0,0,60,0,0,0,209,12	0,0,0,0,6,0,0,0,0,0,13,0,0,0,18,1	298	149	1	1.0	NA,1.0,NA,NA,NA	NA,NA,NA,NA,0.862,1.0,NA,NA,NA,NA,0.698,NA,NA,NA,0.853,0.857	0.146
1468	0,31,0,0,2	0,0,0,0,0	0,0,0,0,175,2,4,0,0,2,128,0,0,0,512,21	0,0,0,0,6,0,0,0,0,0,13,0,0,0,18,1	298	149	1	1.0	NA,1.0,NA,NA,1.0	NA,NA,NA,NA,0.936,1.0,1.0,NA,NA,1.0,0.831,NA,NA,NA,0.934,0.913	0.055
1469	0,25,0,0,2	0,0,0,0,0	0,0,0,0,158,0,4,0,0,4,114,0,0,0,625,32	0,0,0,0,0,0,0,0,0,0,0,0,0,0,8,1	298	149	1	1.0	NA,1.0,NA,NA,1.0	NA,NA,NA,NA,1.0,NA,1.0,NA,NA,1.0,1.0,NA,NA,NA,0.975,0.941	0.014
1476	0,6,0,0,0	0,5,0,0,0	0,0,0,0,5,0,0,0,0,0,2,0,0,0,10,4	0,0,0,0,2,0,0,0,0,0,13,0,0,0,2,3	298	149	1	1.0	NA,0.375,NA,NA,NA	NA,NA,NA,NA,0.556,NA,NA,NA,NA,NA,0.071,NA,NA,NA,0.714,0.4	-0.06
1489	0,0,0,0,0	0,1,0,0,0	0,0,0,0,0,0,4,0,0,0,3,0,0,0,77,0	0,0,0,0,8,0,0,0,0,0,19,0,0,0,96,0	237	149	1	1.0	NA,0.0,NA,NA,NA	NA,NA,NA,NA,0.0,NA,1.0,NA,NA,NA,0.09,NA,NA,NA,0.335,NA	-0.356
1495	0,7,0,0,0	0,0,0,0,0	0,0,0,0,64,0,0,0,0,0,23,0,0,0,4,0	0,0,0,0,0,0,0,0,0,0,1,0,0,0,0,0	151	149	1	1.0	NA,1.0,NA,NA,NA	NA,NA,NA,NA,1.0,NA,NA,NA,NA,NA,0.958,NA,NA,NA,1.0,NA	0.014
1496	0,6,0,0,0	0,51,0,0,0	0,0,0,0,25,0,0,0,0,0,34,0,0,0,51,10	0,0,0,0,175,0,0,0,0,0,110,0,0,0,22,9	294	149	1	1.0	NA,0.056,NA,NA,NA	NA,NA,NA,NA,0.068,NA,NA,NA,NA,NA,0.135,NA,NA,NA,0.54,0.36	-0.22
1498	0,8,0,0,0	0,9,0,0,0	0,0,0,0,2,0,0,0,0,0,3,0,0,0,3,0	0,0,0,0,0,0,0,0,0,0,1,0,0,0,0,2	159	149	1	1.0	NA,0.454,NA,NA,NA	NA,NA,NA,NA,1.0,NA,NA,NA,NA,NA,0.738,NA,NA,NA,1.0,0.0	-0.23
1499	0,64,0,0,0	0,25,0,0,0	0,0,0,0,210,0,0,2,0,0,110,0,0,0,0,43	0,0,0,0,16,0,0,0,0,0,32,0,0,0,0,22	277	149	1	1.0	NA,0.579,NA,NA,NA	NA,NA,NA,NA,0.876,NA,NA,1.0,NA,NA,0.649,NA,NA,NA,NA,0.513	-0.18
1502	0,24,0,0,0	0,15,0,0,0	0,0,0,0,178,0,0,0,0,0,151,0,0,0,33,27	0,0,0,0,26,0,0,0,0,0,29,0,0,0,3,2	173	149	1	1.0	NA,0.579,NA,NA,NA	NA,NA,NA,NA,0.855,NA,NA,NA,NA,NA,0.818,NA,NA,NA,0.905,0.921	-0.296
1503	0,0,0,0,0	0,32,0,0,0	0,0,0,0,21,0,0,0,0,0,11,0,0,0,0,0	0,0,0,0,80,0,0,0,0,0,133,0,0,0,0,34	161	149	1	1.0	NA,0.0,NA,NA,NA	NA,NA,NA,NA,0.195,NA,NA,NA,NA,NA,0.071,NA,NA,NA,NA,0.0	-0.089
1507	0,3,0,0,0	0,0,0,0,0	0,0,0,0,114,0,0,0,0,0,17,0,0,0,11,4	0,0,0,0,4,0,0,0,0,0,0,0,0,0,0,0	161	149	1	1.0	NA,1.0,NA,NA,NA	NA,NA,NA,NA,0.963,NA,NA,NA,NA,NA,1.0,NA,NA,NA,1.0,1.0	0.009
1510	0,63,0,0,0	0,0,0,0,0	0,0,0,0,136,0,0,0,0,0,458,0,0,0,6,1	0,0,0,0,0,0,0,0,0,0,13,0,0,0,0,0	173	149	1	1.0	NA,1.0,NA,NA,NA	NA,NA,NA,NA,1.0,NA,NA,NA,NA,NA,0.968,NA,NA,NA,1.0,1.0	0.008
1511	0,0,0,0,0	0,113,0,0,0	0,0,0,0,0,0,0,0,0,0,2,0,0,0,0,0	0,0,0,0,207,0,0,0,0,0,567,0,0,0,11,7	153	149	1	1.0	NA,0.0,NA,NA,NA	NA,NA,NA,NA,0.0,NA,NA,NA,NA,NA,0.003,NA,NA,NA,0.0,0.0	-0.001
1512	0,72,0,0,0	0,0,0,0,0	0,0,0,0,798,0,0,0,0,0,1971,0,0,0,569,225	0,0,0,0,0,0,0,0,0,0,2,0,0,0,2,2	182	149	1	1.0	NA,1.0,NA,NA,NA	NA,NA,NA,NA,1.0,NA,NA,NA,NA,NA,0.999,NA,NA,NA,0.996,0.989	0.004
1515	0,37,0,0,0	0,0,0,0,0	0,0,0,0,175,0,0,0,0,0,40,0,0,0,4,9	0,0,0,0,10,0,0,0,0,0,0,0,0,0,0,0	298	149	1	1.0	NA,1.0,NA,NA,NA	NA,NA,NA,NA,0.897,NA,NA,NA,NA,NA,1.0,NA,NA,NA,1.0,1.0	0.026
1516	0,8,0,0,0	0,0,0,0,0	0,0,0,0,7,0,0,0,0,0,25,0,0,0,21,0	0,0,0,0,0,0,0,0,0,0,3,0,0,0,0,0	153	149	1	1.0	NA,1.0,NA,NA,NA	NA,NA,NA,NA,1.0,NA,NA,NA,NA,NA,0.89,NA,NA,NA,1.0,NA	0.037
1517	0,276,0,0,0	0,0,0,0,0	0,0,0,0,264,0,6,0,0,0,422,0,0,0,304,14	0,0,0,0,0,0,0,0,0,0,1,0,0,0,3,0	153	149	1	1.0	NA,1.0,NA,NA,NA	NA,NA,NA,NA,1.0,NA,1.0,NA,NA,NA,0.998,NA,NA,NA,0.99,1.0	0.002
1522	0,1,0,0,0	0,94,0,0,0	0,0,0,0,0,0,0,0,0,0,0,0,0,0,6,1	0,0,0,0,491,0,0,2,0,0,537,0,0,0,227,35	178	149	1	1.0	NA,0.009,NA,NA,NA	NA,NA,NA,NA,0.0,NA,NA,0.0,NA,NA,0.0,NA,NA,NA,0.022,0.023	0.0
1523	0,0,0,0,0	0,806,0,0,0	0,0,0,0,0,0,0,0,0,0,0,0,0,0,2,4	0,0,0,0,795,0,0,0,0,0,1257,0,0,0,126,90	178	149	1	1.0	NA,0.0,NA,NA,NA	NA,NA,NA,NA,0.0,NA,NA,NA,NA,NA,0.0,NA,NA,NA,0.013,0.036	-0.012
1524	0,908,0,0,4	0,6,0,0,0	0,0,0,0,775,0,0,0,0,0,1962,0,0,0,236,61	0,0,0,0,0,0,0,0,0,0,7,0,0,0,0,0	283	149	1	1.0	NA,0.988,NA,NA,1.0	NA,NA,NA,NA,1.0,NA,NA,NA,NA,NA,0.993,NA,NA,NA,1.0,1.0	-0.004
1525	0,1427,0,0,4	0,2,0,0,0	0,0,0,0,903,0,0,2,0,0,2166,0,0,0,228,66	0,0,0,0,0,0,0,0,0,0,0,0,0,0,0,0	298	149	1	1.0	NA,0.997,NA,NA,1.0	NA,NA,NA,NA,1.0,NA,NA,1.0,NA,NA,1.0,NA,NA,NA,1.0,1.0	-0.002
1527	0,12,0,0,0	0,0,0,0,0	0,0,0,0,0,0,0,0,0,0,20,0,0,0,0,10	0,0,0,0,0,0,0,0,0,0,1,0,0,0,0,2	179	149	1	1.0	NA,1.0,NA,NA,NA	NA,NA,NA,NA,NA,NA,NA,NA,NA,NA,0.943,NA,NA,NA,NA,0.806	0.125
1531	0,17,0,0,0	0,0,0,0,0	0,0,0,0,81,0,0,2,0,0,31,0,0,0,31,3	0,0,0,0,0,0,0,0,0,0,0,0,0,0,5,0	155	149	1	1.0	NA,1.0,NA,NA,NA	NA,NA,NA,NA,1.0,NA,NA,1.0,NA,NA,1.0,NA,NA,NA,0.856,1.0	0.029
1532	0,17,0,0,0	0,0,0,0,0	0,0,0,0,81,0,0,2,0,0,31,0,0,0,31,3	0,0,0,0,0,0,2,0,0,0,0,0,0,0,2,0	153	149	1	1.0	NA,1.0,NA,NA,NA	NA,NA,NA,NA,1.0,NA,0.0,1.0,NA,NA,1.0,NA,NA,NA,0.938,1.0	0.177
1545	0,4,0,0,0	0,152,2,0,0	0,0,0,0,20,2,0,0,0,0,12,0,0,0,31,11	0,0,0,0,15,0,0,0,0,0,88,0,0,0,188,16	298	149	1	1.0	NA,0.013,0.0,NA,NA	NA,NA,NA,NA,0.4,1.0,NA,NA,NA,NA,0.064,NA,NA,NA,0.076,0.256	-0.353
1546	0,21,0,0,0	0,162,0,0,0	0,0,0,0,0,0,0,0,0,0,8,0,0,0,61,1	0,0,0,0,0,0,0,4,0,0,243,0,0,0,951,4	298	149	1	1.0	NA,0.061,NA,NA,NA	NA,NA,NA,NA,NA,NA,NA,0.0,NA,NA,0.016,NA,NA,NA,0.031,0.111	0.021
1547	0,2296,0,0,0	0,197525,563,0,177	0,0,0,0,275,2,2,0,0,0,660,0,0,0,653,10	0,0,0,0,16822,245,386,219,26,190,62171,0,0,0,40166,3476	298	149	1	1.0	NA,0.006,0.0,NA,0.0	NA,NA,NA,NA,0.008,0.004,0.003,0.0,0.0,0.0,0.005,NA,NA,NA,0.008,0.001	-0.001
1548	0,15,0,0,0	0,19,0,0,0	0,0,0,0,260,0,0,0,0,0,7,0,0,0,12,0	0,0,0,0,76,0,0,0,0,0,5,0,0,0,0,7	167	149	1	1.0	NA,0.413,NA,NA,NA	NA,NA,NA,NA,0.753,NA,NA,NA,NA,NA,0.555,NA,NA,NA,1.0,0.0	-0.164
1549	0,35,4,0,0	0,0,0,0,0	0,0,0,0,136,2,0,0,0,0,87,0,0,0,259,30	0,0,0,0,0,0,0,0,0,0,10,0,0,0,0,0	153	149	1	1.0	NA,1.0,1.0,NA,NA	NA,NA,NA,NA,1.0,1.0,NA,NA,NA,NA,0.894,NA,NA,NA,1.0,1.0	0.021
1550	0,4,0,0,0	0,10,0,0,0	0,0,0,0,14,0,0,0,0,0,21,0,0,0,24,9	0,0,0,0,63,0,0,0,0,0,59,0,0,0,114,6	298	149	1	1.0	NA,0.167,NA,NA,NA	NA,NA,NA,NA,0.1,NA,NA,NA,NA,NA,0.151,NA,NA,NA,0.095,0.429	-0.027
1555	0,12,2,0,0	0,28,0,0,0	0,0,0,0,47,0,0,0,0,0,52,0,0,0,23,23	0,0,0,0,78,0,0,0,0,0,88,0,0,0,145,51	188	149	1	1.0	NA,0.254,1.0,NA,NA	NA,NA,NA,NA,0.323,NA,NA,NA,NA,NA,0.319,NA,NA,NA,0.112,0.263	0.373
1558	0,107,0,0,0	0,24,0,0,0	0,0,0,0,168,0,4,0,0,0,149,0,0,0,540,6	0,0,0,0,54,0,0,0,0,0,14,0,0,0,87,1	164	149	1	1.0	NA,0.802,NA,NA,NA	NA,NA,NA,NA,0.739,NA,1.0,NA,NA,NA,0.906,NA,NA,NA,0.849,0.845	-0.066
1559	0,10,0,0,0	0,0,0,0,0	0,0,0,0,97,0,0,0,0,0,3,0,0,0,0,0	0,0,0,0,10,0,0,0,0,0,0,0,0,0,0,0	220	149	1	1.0	NA,1.0,NA,NA,NA	NA,NA,NA,NA,0.868,NA,NA,NA,NA,NA,1.0,NA,NA,NA,NA,NA	0.066
1564	0,1336,8,0,0	0,18,0,0,0	0,0,0,0,1963,6,2,4,0,0,2130,0,0,0,2835,217	0,0,0,0,28,0,0,0,0,0,24,0,0,0,32,0	165	149	1	1.0	NA,0.985,1.0,NA,NA	NA,NA,NA,NA,0.984,1.0,1.0,1.0,NA,NA,0.988,NA,NA,NA,0.988,1.0	-0.002
1566	0,394,0,0,1	0,19,1,0,0	0,0,0,0,187,0,0,2,0,0,150,0,0,0,274,18	0,0,0,0,37,0,0,2,2,0,36,0,0,0,28,0	298	149	1	1.0	NA,0.912,0.0,NA,1.0	NA,NA,NA,NA,0.716,NA,NA,0.333,0.0,NA,0.676,NA,NA,NA,0.83,1.0	0.045
1568	0,23,0,0,0	0,0,0,0,0	0,0,0,0,94,0,0,0,0,0,47,0,0,0,40,10	0,0,0,0,0,0,0,0,0,0,0,0,0,0,0,1	165	149	1	1.0	NA,1.0,NA,NA,NA	NA,NA,NA,NA,1.0,NA,NA,NA,NA,NA,1.0,NA,NA,NA,1.0,0.9	0.025
1570	0,13,0,0,0	0,4,0,0,0	0,0,0,0,70,2,0,0,0,0,7,0,0,0,10,7	0,0,0,0,62,0,0,0,0,2,74,0,0,0,138,8	185	149	1	1.0	NA,0.724,NA,NA,NA	NA,NA,NA,NA,0.476,1.0,NA,NA,NA,0.0,0.071,NA,NA,NA,0.055,0.413	0.388
1572	0,4,0,0,0	0,5,0,0,0	0,0,0,0,50,0,0,0,0,0,1,0,0,0,22,0	0,0,0,0,0,0,0,0,0,0,7,0,0,0,7,0	298	149	1	1.0	NA,0.286,NA,NA,NA	NA,NA,NA,NA,1.0,NA,NA,NA,NA,NA,0.067,NA,NA,NA,0.611,NA	-0.273
1573	0,0,0,0,0	0,80,0,0,2	0,0,0,0,4,0,0,0,0,0,0,0,0,0,0,0	0,0,0,0,231,0,1,2,0,2,470,0,0,0,151,16	175	149	1	1.0	NA,0.0,NA,NA,0.0	NA,NA,NA,NA,0.015,NA,0.0,0.0,NA,0.0,0.0,NA,NA,NA,0.0,0.0	-0.002
1574	0,14,0,0,0	0,0,0,0,0	0,0,0,0,109,2,0,0,0,0,17,0,0,0,63,15	0,0,0,0,0,0,0,0,0,0,2,0,0,0,0,4	298	149	1	1.0	NA,1.0,NA,NA,NA	NA,NA,NA,NA,1.0,1.0,NA,NA,NA,NA,0.81,NA,NA,NA,1.0,0.652	0.108
1575	0,5,0,0,0	0,0,0,0,0	0,0,0,0,62,0,0,0,0,2,82,0,0,0,54,10	0,0,0,0,0,0,0,0,0,0,0,0,0,0,2,0	191	149	1	1.0	NA,1.0,NA,NA,NA	NA,NA,NA,NA,1.0,NA,NA,NA,NA,1.0,1.0,NA,NA,NA,0.955,1.0	0.009
1577	0,0,0,0,0	0,3,0,0,0	0,0,0,0,5,0,0,0,0,0,2,0,0,0,0,0	0,0,0,0,242,0,0,0,0,2,709,0,0,0,6,7	238	149	1	1.0	NA,0.0,NA,NA,NA	NA,NA,NA,NA,0.013,NA,NA,NA,NA,0.0,0.002,NA,NA,NA,0.0,0.0	-0.003
1579	0,5,0,0,0	0,307,0,0,4	0,0,0,0,35,0,0,0,0,0,1,0,0,0,1,2	0,0,0,0,263,0,0,0,0,0,114,0,0,0,26,5	205	149	1	1.0	NA,0.012,NA,NA,0.0	NA,NA,NA,NA,0.088,NA,NA,NA,NA,NA,0.006,NA,NA,NA,0.027,0.225	-0.08
1580	0,5,0,0,0	0,45,0,0,0	0,0,0,0,28,0,0,0,0,0,0,0,0,0,0,5	0,0,0,0,67,0,0,0,0,0,39,0,0,0,13,0	298	149	1	1.0	NA,0.053,NA,NA,NA	NA,NA,NA,NA,0.173,NA,NA,NA,NA,NA,0.0,NA,NA,NA,0.0,1.0	-0.24
1582	0,4,0,0,0	0,0,0,0,0	0,0,0,0,52,0,0,0,0,0,41,0,0,0,41,21	0,0,0,0,0,0,0,0,0,2,11,0,0,0,27,0	173	149	1	1.0	NA,1.0,NA,NA,NA	NA,NA,NA,NA,1.0,NA,NA,NA,NA,0.0,0.762,NA,NA,NA,0.567,1.0	0.334
1583	0,0,0,0,0	0,27,0,0,2	0,0,0,0,0,0,0,0,0,0,0,0,0,0,0,2	0,0,0,0,100,0,0,0,0,0,73,0,0,0,61,23	251	149	1	1.0	NA,0.0,NA,NA,0.0	NA,NA,NA,NA,0.0,NA,NA,NA,NA,NA,0.0,NA,NA,NA,0.0,0.049	-0.012
1585	0,12,0,0,0	0,4,0,0,0	0,0,0,0,73,0,0,0,0,0,54,0,0,0,7,4	0,0,0,0,55,0,0,0,0,0,127,0,0,0,25,17	161	149	1	1.0	NA,0.735,NA,NA,NA	NA,NA,NA,NA,0.551,NA,NA,NA,NA,NA,0.282,NA,NA,NA,0.206,0.179	0.43
1587	0,115,0,0,0	0,68,2,0,0	0,0,0,0,82,0,0,0,0,0,142,0,0,0,26,33	0,0,0,0,68,0,0,0,0,0,94,0,0,0,21,15	194	149	1	1.0	NA,0.565,0.0,NA,NA	NA,NA,NA,NA,0.481,NA,NA,NA,NA,NA,0.537,NA,NA,NA,0.487,0.628	-0.251
1588	0,2,0,0,0	0,0,0,0,0	0,0,0,0,0,0,0,0,0,0,7,0,0,0,12,0	0,0,0,0,0,0,0,0,0,0,12,0,0,0,2,2	293	149	1	1.0	NA,1.0,NA,NA,NA	NA,NA,NA,NA,NA,NA,NA,NA,NA,NA,0.229,NA,NA,NA,0.753,0.0	0.673
1591	0,218,2,0,2	0,0,0,0,0	0,0,0,0,415,0,0,0,0,2,863,0,0,0,1489,77	0,0,0,0,22,0,0,0,0,0,3,0,0,0,8,0	188	149	1	1.0	NA,1.0,1.0,NA,1.0	NA,NA,NA,NA,0.937,NA,NA,NA,NA,1.0,0.996,NA,NA,NA,0.993,1.0	0.015
1595	0,4,0,0,0	0,0,0,0,0	0,0,0,0,21,0,0,2,0,0,23,0,0,0,238,44	0,0,0,0,0,0,0,0,0,0,0,0,0,0,0,1	186	149	1	1.0	NA,1.0,NA,NA,NA	NA,NA,NA,NA,1.0,NA,NA,1.0,NA,NA,1.0,NA,NA,NA,1.0,0.972	0.006
1602	0,19,0,0,0	0,1,0,0,0	0,0,0,0,65,0,0,0,0,0,4,0,0,0,0,1	0,0,0,0,0,0,0,0,0,0,2,0,0,0,0,0	298	149	1	1.0	NA,0.905,NA,NA,NA	NA,NA,NA,NA,1.0,NA,NA,NA,NA,NA,0.5,NA,NA,NA,NA,1.0	0.072
1603	0,14,0,0,0	0,23,0,0,0	0,0,0,0,58,0,0,0,0,0,6,0,0,0,0,5	0,0,0,0,28,0,0,0,0,0,16,0,0,0,4,0	298	149	1	1.0	NA,0.233,NA,NA,NA	NA,NA,NA,NA,0.509,NA,NA,NA,NA,NA,0.158,NA,NA,NA,0.0,1.0	-0.184
1604	0,15,0,0,0	0,23,0,0,0	0,0,0,0,54,0,0,0,0,0,6,0,0,0,0,5	0,0,0,0,28,0,0,0,0,0,16,0,0,0,4,0	280	149	1	1.0	NA,0.258,NA,NA,NA	NA,NA,NA,NA,0.506,NA,NA,NA,NA,NA,0.166,NA,NA,NA,0.0,1.0	-0.16
1607	0,9,0,0,0	0,499,4,0,4	0,0,0,0,70,0,0,0,0,0,6,0,0,0,24,8	0,0,0,0,5096,0,0,0,0,0,1434,0,0,0,556,84	298	149	1	1.0	NA,0.009,0.0,NA,0.0	NA,NA,NA,NA,0.007,NA,NA,NA,NA,NA,0.002,NA,NA,NA,0.021,0.045	-0.016
1609	0,0,0,0,0	0,319,0,0,4	0,0,0,0,5,0,0,0,0,0,1,0,0,0,0,0	0,0,0,0,2413,0,0,0,2,0,1064,0,0,0,154,24	245	149	1	1.0	NA,0.0,NA,NA,0.0	NA,NA,NA,NA,0.001,NA,NA,NA,0.0,NA,0.001,NA,NA,NA,0.0,0.0	-0.0
1613	0,7,0,0,0	0,313,2,0,4	0,0,0,0,98,0,0,0,0,0,39,0,0,0,31,5	0,0,0,0,2882,0,2,0,0,0,1293,0,0,0,287,34	298	149	1	1.0	NA,0.011,0.0,NA,0.0	NA,NA,NA,NA,0.017,NA,0.0,NA,NA,NA,0.015,NA,NA,NA,0.051,0.068	-0.027
1615	0,7,0,0,0	0,313,2,0,4	0,0,0,0,98,0,0,0,0,0,39,0,0,0,31,5	0,0,0,0,2882,0,2,0,0,0,1293,0,0,0,287,34	298	149	1	1.0	NA,0.011,0.0,NA,0.0	NA,NA,NA,NA,0.017,NA,0.0,NA,NA,NA,0.015,NA,NA,NA,0.051,0.068	-0.027
1616	0,7,0,0,0	0,313,2,0,4	0,0,0,0,98,0,0,0,0,0,39,0,0,0,31,5	0,0,0,0,2882,0,2,0,0,0,1293,0,0,0,287,34	298	149	1	1.0	NA,0.011,0.0,NA,0.0	NA,NA,NA,NA,0.017,NA,0.0,NA,NA,NA,0.015,NA,NA,NA,0.051,0.068	-0.027
1617	0,5,0,0,0	0,250,0,0,0	0,0,0,0,111,0,0,0,0,0,24,0,0,0,3,5	0,0,0,0,4211,0,0,2,0,0,1658,0,0,0,112,195	298	149	1	1.0	NA,0.01,NA,NA,NA	NA,NA,NA,NA,0.013,NA,NA,0.0,NA,NA,0.007,NA,NA,NA,0.013,0.013	0.001
1618	0,4,0,0,0	0,250,0,0,0	0,0,0,0,136,0,0,0,0,0,21,0,0,0,0,3	0,0,0,0,4211,0,0,2,0,0,1658,0,0,0,112,195	262	149	1	1.0	NA,0.009,NA,NA,NA	NA,NA,NA,NA,0.018,NA,NA,0.0,NA,NA,0.007,NA,NA,NA,0.0,0.009	0.002
1620	0,41,0,0,0	0,3,0,0,0	0,0,0,0,222,0,0,0,0,0,108,0,0,0,240,16	0,0,0,0,0,0,0,0,0,0,3,0,0,0,0,0	298	149	1	1.0	NA,0.872,NA,NA,NA	NA,NA,NA,NA,1.0,NA,NA,NA,NA,NA,0.947,NA,NA,NA,1.0,1.0	-0.115
1624	0,44,0,0,0	0,4,0,0,0	0,0,0,0,109,0,0,0,0,0,48,0,0,0,172,36	0,0,0,0,0,0,0,0,0,0,0,0,0,0,0,0	298	149	1	1.0	NA,0.846,NA,NA,NA	NA,NA,NA,NA,1.0,NA,NA,NA,NA,NA,1.0,NA,NA,NA,1.0,1.0	-0.154
1626	0,5,0,0,0	0,26,0,0,2	0,0,0,0,0,0,0,0,0,0,51,0,0,0,163,1	0,0,0,0,0,0,0,0,0,0,29,0,0,0,226,3	196	149	1	1.0	NA,0.128,NA,NA,0.0	NA,NA,NA,NA,NA,NA,NA,NA,NA,NA,0.572,NA,NA,NA,0.354,0.202	-0.312
1629	0,2,0,0,0	0,146,6,0,0	0,0,0,0,18,0,0,0,0,0,12,0,0,0,29,9	0,0,0,0,668,4,0,0,0,0,721,0,0,0,823,152	298	149	1	1.0	NA,0.007,0.0,NA,NA	NA,NA,NA,NA,0.013,0.0,NA,NA,NA,NA,0.008,NA,NA,NA,0.017,0.029	-0.01
1630	0,0,0,0,0	0,23,0,0,0	0,0,0,0,4,0,0,0,0,0,4,0,0,0,0,0	0,0,0,0,145,0,0,0,0,0,65,0,0,0,22,1	211	149	1	1.0	NA,0.0,NA,NA,NA	NA,NA,NA,NA,0.019,NA,NA,NA,NA,NA,0.042,NA,NA,NA,0.0,0.0	-0.015
1635	0,366,2,0,4	0,9,0,0,0	0,0,0,0,407,0,0,7,2,2,320,0,0,0,1031,34	0,0,0,0,0,0,0,0,0,0,2,0,0,0,0,0	280	149	1	1.0	NA,0.956,1.0,NA,1.0	NA,NA,NA,NA,1.0,NA,NA,1.0,1.0,1.0,0.988,NA,NA,NA,1.0,1.0	-0.013
1636	0,6,0,0,0	0,55,0,0,0	0,0,0,0,3,0,0,0,0,0,5,0,0,0,2,0	0,0,0,0,307,0,0,0,0,0,121,0,0,0,93,3	189	149	1	1.0	NA,0.079,NA,NA,NA	NA,NA,NA,NA,0.008,NA,NA,NA,NA,NA,0.032,NA,NA,NA,0.017,0.0	0.065
1637	0,50,5,0,0	0,1,0,0,0	0,0,0,0,195,6,0,2,2,0,303,0,0,0,971,52	0,0,0,0,0,0,0,0,0,0,15,0,0,0,16,5	259	149	1	1.0	NA,0.966,1.0,NA,NA	NA,NA,NA,NA,1.0,1.0,NA,1.0,1.0,NA,0.921,NA,NA,NA,0.972,0.857	0.019
1638	0,8,0,0,0	0,60,0,0,0	0,0,0,0,0,0,0,0,0,0,22,0,0,0,22,0	0,0,0,0,148,0,0,4,0,0,160,0,0,0,700,22	164	149	1	1.0	NA,0.108,NA,NA,NA	NA,NA,NA,NA,0.0,NA,NA,0.0,NA,NA,0.111,NA,NA,NA,0.028,0.0	0.08
1641	0,1,0,0,0	0,0,0,0,0	0,0,0,0,96,2,0,0,0,0,43,0,0,0,182,13	0,0,0,0,34,0,0,0,0,0,9,0,0,0,101,14	298	149	1	1.0	NA,1.0,NA,NA,NA	NA,NA,NA,NA,0.585,1.0,NA,NA,NA,NA,0.705,NA,NA,NA,0.474,0.317	0.384
1643	0,333,4,0,4	0,9,0,0,0	0,0,0,0,417,0,0,0,0,2,228,0,0,0,331,8	0,0,0,0,0,0,0,0,0,0,4,0,0,0,5,0	292	149	1	1.0	NA,0.95,1.0,NA,1.0	NA,NA,NA,NA,1.0,NA,NA,NA,NA,1.0,0.967,NA,NA,NA,0.971,1.0	-0.004
1644	0,285,4,0,0	0,4,0,0,0	0,0,0,0,439,0,0,0,0,2,224,0,0,0,292,26	0,0,0,0,46,0,0,0,0,0,14,0,0,0,2,0	298	149	1	1.0	NA,0.973,1.0,NA,NA	NA,NA,NA,NA,0.827,NA,NA,NA,NA,1.0,0.889,NA,NA,NA,0.986,1.0	0.046
1645	0,106,2,0,0	0,4,0,0,0	0,0,0,0,185,0,0,0,0,0,95,0,0,0,91,18	0,0,0,0,46,0,0,0,0,0,14,0,0,0,2,0	260	149	1	1.0	NA,0.938,1.0,NA,NA	NA,NA,NA,NA,0.697,NA,NA,NA,NA,NA,0.795,NA,NA,NA,0.963,1.0	0.105
1646	0,1,0,0,0	0,7,0,0,0	0,0,0,0,99,0,0,0,2,0,162,0,0,0,474,43	0,0,0,0,31,0,0,0,0,0,61,0,0,0,118,34	155	149	1	1.0	NA,0.121,NA,NA,NA	NA,NA,NA,NA,0.754,NA,NA,NA,1.0,NA,0.719,NA,NA,NA,0.794,0.549	-0.642
1648	0,4,0,0,0	0,22,0,0,2	0,0,0,0,12,0,0,0,0,0,13,0,0,0,39,5	0,0,0,0,299,0,0,0,0,0,160,0,0,0,294,83	212	149	1	1.0	NA,0.113,NA,NA,0.0	NA,NA,NA,NA,0.027,NA,NA,NA,NA,NA,0.054,NA,NA,NA,0.085,0.041	0.005
1649	0,2,0,0,0	0,2,0,0,0	0,0,0,0,0,0,0,0,0,0,4,0,0,0,0,0	0,0,0,0,8,0,0,0,0,0,24,0,0,0,23,8	212	149	1	1.0	NA,0.413,NA,NA,NA	NA,NA,NA,NA,0.0,NA,NA,NA,NA,NA,0.105,NA,NA,NA,0.0,0.0	0.387
1650	0,0,0,0,0	0,69,0,0,4	0,0,0,0,6,2,0,0,0,0,7,0,0,0,28,4	0,0,0,0,97,2,0,0,0,0,108,0,0,0,428,39	298	149	1	1.0	NA,0.0,NA,NA,0.0	NA,NA,NA,NA,0.03,0.333,NA,NA,NA,NA,0.031,NA,NA,NA,0.032,0.049	-0.095
1651	0,157,2,0,0	0,3,0,0,0	0,0,0,0,219,0,0,4,0,0,225,0,0,0,459,38	0,0,0,0,0,0,0,0,0,0,1,0,0,0,5,0	298	149	1	1.0	NA,0.963,1.0,NA,NA	NA,NA,NA,NA,1.0,NA,NA,1.0,NA,NA,0.991,NA,NA,NA,0.979,1.0	-0.013
1652	0,439,0,0,2	0,0,0,0,0	0,0,0,0,472,2,2,0,0,0,341,0,0,0,547,32	0,0,0,0,0,0,0,0,0,0,0,0,0,0,1,0	298	149	1	1.0	NA,1.0,NA,NA,1.0	NA,NA,NA,NA,1.0,1.0,1.0,NA,NA,NA,1.0,NA,NA,NA,0.996,1.0	0.001
1653	0,340,0,0,0	0,0,0,0,0	0,0,0,0,265,0,0,0,0,0,320,0,0,0,165,14	0,0,0,0,26,0,0,0,0,0,1,0,0,0,10,0	153	149	1	1.0	NA,1.0,NA,NA,NA	NA,NA,NA,NA,0.908,NA,NA,NA,NA,NA,0.997,NA,NA,NA,0.941,1.0	0.038
1655	0,58,0,0,0	0,7,0,0,0	0,0,0,0,60,0,0,0,0,0,47,0,0,0,17,2	0,0,0,0,15,0,0,0,0,0,73,0,0,0,12,0	229	149	1	1.0	NA,0.844,NA,NA,NA	NA,NA,NA,NA,0.722,NA,NA,NA,NA,NA,0.295,NA,NA,NA,0.48,1.0	0.22
1656	0,46,0,0,0	0,7,0,0,0	0,0,0,0,37,0,0,0,0,0,22,0,0,0,13,2	0,0,0,0,15,0,0,0,0,0,73,0,0,0,12,0	218	149	1	1.0	NA,0.818,NA,NA,NA	NA,NA,NA,NA,0.628,NA,NA,NA,NA,NA,0.171,NA,NA,NA,0.425,1.0	0.262
1657	0,61,0,0,0	0,216,0,0,0	0,0,0,0,37,0,0,0,0,0,24,0,0,0,15,4	0,0,0,0,217,0,0,0,0,0,254,0,0,0,32,17	218	149	1	1.0	NA,0.162,NA,NA,NA	NA,NA,NA,NA,0.104,NA,NA,NA,NA,NA,0.061,NA,NA,NA,0.243,0.139	0.025
1658	0,0,0,0,0	0,9,0,0,0	0,0,0,0,20,0,0,0,0,0,5,0,0,0,0,2	0,0,0,0,104,0,0,0,0,0,133,0,0,0,30,0	187	149	1	1.0	NA,0.0,NA,NA,NA	NA,NA,NA,NA,0.133,NA,NA,NA,NA,NA,0.029,NA,NA,NA,0.0,1.0	-0.29
1660	0,8,0,0,0	0,0,0,0,0	0,0,0,0,74,0,0,0,0,0,39,0,0,0,0,0	0,0,0,0,0,0,0,0,0,0,2,0,0,0,0,0	248	149	1	1.0	NA,1.0,NA,NA,NA	NA,NA,NA,NA,1.0,NA,NA,NA,NA,NA,0.921,NA,NA,NA,NA,NA	0.039
1662	0,2,0,0,0	0,106,0,0,0	0,0,0,0,0,0,0,0,0,0,9,0,0,0,0,0	0,0,0,0,102,0,0,0,0,0,198,0,0,0,38,6	153	149	1	1.0	NA,0.018,NA,NA,NA	NA,NA,NA,NA,0.0,NA,NA,NA,NA,NA,0.042,NA,NA,NA,0.0,0.0	0.007
1664	0,27,0,0,0	0,43,0,0,0	0,0,0,0,80,0,0,0,0,0,133,0,0,0,64,5	0,0,0,0,154,0,0,0,2,0,192,0,0,0,79,7	208	149	1	1.0	NA,0.31,NA,NA,NA	NA,NA,NA,NA,0.271,NA,NA,NA,0.0,NA,0.332,NA,NA,NA,0.367,0.338	0.048
1665	0,7,0,0,0	0,0,0,0,0	0,0,0,0,15,0,0,0,0,0,4,0,0,0,45,0	0,0,0,0,0,0,0,0,0,0,2,0,0,0,0,0	156	149	1	1.0	NA,1.0,NA,NA,NA	NA,NA,NA,NA,1.0,NA,NA,NA,NA,NA,0.656,NA,NA,NA,1.0,NA	0.115
1666	0,84,0,0,0	0,0,0,0,0	0,0,0,0,388,0,0,0,0,0,278,0,0,0,361,45	0,0,0,0,0,0,0,0,0,0,2,0,0,0,0,0	161	149	1	1.0	NA,1.0,NA,NA,NA	NA,NA,NA,NA,1.0,NA,NA,NA,NA,NA,0.992,NA,NA,NA,1.0,1.0	0.002
1667	0,77,0,0,0	0,0,0,0,0	0,0,0,0,373,0,0,0,0,0,277,0,0,0,316,45	0,0,0,0,0,0,0,0,0,0,3,0,0,0,0,0	154	149	1	1.0	NA,1.0,NA,NA,NA	NA,NA,NA,NA,1.0,NA,NA,NA,NA,NA,0.989,NA,NA,NA,1.0,1.0	0.003
1668	0,236,0,0,0	0,0,0,0,0	0,0,0,0,564,0,0,0,0,0,525,0,0,0,772,95	0,0,0,0,0,0,0,0,0,0,0,0,0,0,8,1	248	149	1	1.0	NA,1.0,NA,NA,NA	NA,NA,NA,NA,1.0,NA,NA,NA,NA,NA,1.0,NA,NA,NA,0.983,0.983	0.008
1669	0,21,2,0,0	0,1451,4,0,8	0,0,0,0,114,0,0,0,0,0,42,0,0,0,91,13	0,0,0,0,3185,2,0,7,8,4,2614,0,0,0,2431,91	223	149	1	1.0	NA,0.01,0.25,NA,0.0	NA,NA,NA,NA,0.023,0.0,NA,0.0,0.0,0.0,0.011,NA,NA,NA,0.024,0.087	0.069
1670	0,29,0,0,0	0,260,2,0,0	0,0,0,0,15,0,0,0,0,0,12,0,0,0,0,10	0,0,0,0,789,0,0,0,0,0,556,0,0,0,235,43	153	149	1	1.0	NA,0.098,0.0,NA,NA	NA,NA,NA,NA,0.018,NA,NA,NA,NA,NA,0.021,NA,NA,NA,0.0,0.185	-0.007
1673	0,2,0,0,0	0,282,0,0,2	0,0,0,0,0,0,0,0,0,0,12,0,0,0,4,1	0,0,0,0,197,0,0,0,0,0,466,0,0,0,168,14	155	149	1	1.0	NA,0.007,NA,NA,0.0	NA,NA,NA,NA,0.0,NA,NA,NA,NA,NA,0.024,NA,NA,NA,0.022,0.064	-0.024
1674	0,207,0,0,0	0,4,0,0,0	0,0,0,0,835,0,0,4,0,2,261,0,0,0,143,56	0,0,0,0,7,0,0,0,0,0,0,0,0,0,9,4	193	149	1	1.0	NA,0.976,NA,NA,NA	NA,NA,NA,NA,0.989,NA,NA,1.0,NA,1.0,1.0,NA,NA,NA,0.925,0.915	0.005
1675	0,318,0,0,0	0,2,0,0,0	0,0,0,0,555,0,0,0,0,0,156,0,0,0,62,26	0,0,0,0,5,0,0,0,0,0,2,0,0,0,10,0	298	149	1	1.0	NA,0.988,NA,NA,NA	NA,NA,NA,NA,0.982,NA,NA,NA,NA,NA,0.975,NA,NA,NA,0.756,1.0	0.06
1676	0,1548,0,0,2	0,0,0,0,0	0,0,0,0,3635,0,2,9,0,6,2698,0,0,0,4169,221	0,0,0,0,23,0,0,0,0,0,0,0,0,0,0,0	298	149	1	1.0	NA,1.0,NA,NA,1.0	NA,NA,NA,NA,0.988,NA,1.0,1.0,NA,1.0,1.0,NA,NA,NA,1.0,1.0	0.002
1677	0,104,0,0,0	0,4,0,0,0	0,0,0,0,192,0,0,0,0,0,218,0,0,0,235,34	0,0,0,0,6,0,0,0,0,0,2,0,0,0,0,0	298	149	1	1.0	NA,0.929,NA,NA,NA	NA,NA,NA,NA,0.941,NA,NA,NA,NA,NA,0.982,NA,NA,NA,1.0,1.0	-0.052
1678	0,155,0,0,0	0,23,0,0,0	0,0,0,0,193,0,0,0,0,0,180,0,0,0,359,49	0,0,0,0,51,0,0,0,0,0,52,0,0,0,44,11	172	149	1	1.0	NA,0.854,NA,NA,NA	NA,NA,NA,NA,0.766,NA,NA,NA,NA,NA,0.75,NA,NA,NA,0.876,0.794	0.057
1679	0,3,0,0,0	0,2,0,0,0	0,0,0,0,10,0,0,0,0,0,41,0,0,0,41,6	0,0,0,0,20,0,0,0,0,0,23,0,0,0,31,6	172	149	1	1.0	NA,0.565,NA,NA,NA	NA,NA,NA,NA,0.302,NA,NA,NA,NA,NA,0.607,NA,NA,NA,0.534,0.464	0.088
1680	0,33,0,0,0	0,215,0,0,0	0,0,0,0,0,0,0,0,0,0,4,0,0,0,0,0	0,0,0,0,186,0,0,0,0,0,190,0,0,0,63,13	298	149	1	1.0	NA,0.071,NA,NA,NA	NA,NA,NA,NA,0.0,NA,NA,NA,NA,NA,0.01,NA,NA,NA,0.0,0.0	0.068
1684	0,112,0,0,0	0,0,0,0,0	0,0,0,0,335,0,0,0,0,0,103,0,0,0,127,42	0,0,0,0,57,0,0,0,0,0,1,0,0,0,0,0	298	149	1	1.0	NA,1.0,NA,NA,NA	NA,NA,NA,NA,0.746,NA,NA,NA,NA,NA,0.981,NA,NA,NA,1.0,1.0	0.068
1686	0,82,0,0,0	0,37,0,0,0	0,0,0,0,132,0,0,0,0,0,21,0,0,0,3,4	0,0,0,0,362,0,0,0,0,0,82,0,0,0,9,6	291	149	1	1.0	NA,0.532,NA,NA,NA	NA,NA,NA,NA,0.157,NA,NA,NA,NA,NA,0.116,NA,NA,NA,0.146,0.254	0.364
1687	0,11,0,0,0	0,48,0,0,0	0,0,0,0,88,0,0,0,0,0,98,0,0,0,12,23	0,0,0,0,229,0,0,0,0,0,132,0,0,0,53,12	298	149	1	1.0	NA,0.103,NA,NA,NA	NA,NA,NA,NA,0.161,NA,NA,NA,NA,NA,0.271,NA,NA,NA,0.102,0.489	-0.153
1688	0,25,0,0,0	0,869,0,0,0	0,0,0,0,30,0,0,0,0,0,30,0,0,0,11,0	0,0,0,0,760,0,0,2,2,4,1374,0,0,0,364,129	156	149	1	1.0	NA,0.027,NA,NA,NA	NA,NA,NA,NA,0.036,NA,NA,0.0,0.0,0.0,0.02,NA,NA,NA,0.028,0.0	0.015
1689	0,0,0,0,0	0,22,0,0,0	0,0,0,0,61,0,0,0,0,0,12,0,0,0,8,2	0,0,0,0,333,0,0,0,0,0,93,0,0,0,17,0	155	149	1	1.0	NA,0.0,NA,NA,NA	NA,NA,NA,NA,0.15,NA,NA,NA,NA,NA,0.11,NA,NA,NA,0.311,1.0	-0.393
1694	0,0,0,0,0	0,59,0,0,0	0,0,0,0,0,0,0,0,0,0,0,0,0,0,19,0	0,0,0,0,366,0,0,0,0,0,290,0,0,0,142,9	177	149	1	1.0	NA,0.0,NA,NA,NA	NA,NA,NA,NA,0.0,NA,NA,NA,NA,NA,0.0,NA,NA,NA,0.101,0.0	-0.025
1695	0,72,2,0,2	0,0,0,0,0	0,0,0,0,230,0,0,0,0,0,307,0,0,0,339,13	0,0,0,0,10,0,0,0,0,0,4,0,0,0,20,0	240	149	1	1.0	NA,1.0,1.0,NA,1.0	NA,NA,NA,NA,0.935,NA,NA,NA,NA,NA,0.979,NA,NA,NA,0.913,1.0	0.043
1696	0,11,0,0,0	0,0,0,0,0	0,0,0,0,53,2,0,0,0,0,34,0,0,0,297,18	0,0,0,0,0,0,0,0,0,0,4,0,0,0,19,11	298	149	1	1.0	NA,1.0,NA,NA,NA	NA,NA,NA,NA,1.0,1.0,NA,NA,NA,NA,0.81,NA,NA,NA,0.887,0.45	0.171
1700	0,2204,8,0,10	0,0,0,0,0	0,0,0,0,5875,4,0,9,4,8,3226,0,0,0,3942,1006	0,0,0,0,0,0,0,0,0,0,0,0,0,0,0,1	186	149	1	1.0	NA,1.0,1.0,NA,1.0	NA,NA,NA,NA,1.0,1.0,NA,1.0,1.0,1.0,1.0,NA,NA,NA,1.0,0.999	0.0
1701	0,194,0,0,0	0,1204,4,0,4	0,0,0,0,989,0,2,0,0,0,816,0,0,0,724,69	0,0,0,0,3421,2,4,6,2,0,2133,0,0,0,2752,242	188	149	1	1.0	NA,0.113,0.0,NA,0.0	NA,NA,NA,NA,0.186,0.0,0.284,0.0,0.0,NA,0.233,NA,NA,NA,0.173,0.184	-0.095
1706	0,177,0,0,0	0,0,0,0,0	0,0,0,0,30,0,0,0,0,0,67,0,0,0,75,2	0,0,0,0,12,0,0,0,0,0,0,0,0,0,0,0	182	149	1	1.0	NA,1.0,NA,NA,NA	NA,NA,NA,NA,0.672,NA,NA,NA,NA,NA,1.0,NA,NA,NA,1.0,1.0	0.082
1708	0,657,10,0,6	0,0,0,0,0	0,0,0,0,226,2,2,0,0,0,435,0,0,0,521,18	0,0,0,0,1,0,0,0,0,0,0,0,0,0,0,0	211	149	1	1.0	NA,1.0,1.0,NA,1.0	NA,NA,NA,NA,0.994,1.0,1.0,NA,NA,NA,1.0,NA,NA,NA,1.0,1.0	0.001
1709	0,2,0,0,0	0,279,7,0,6	0,0,0,0,16,0,0,0,0,0,10,0,0,0,0,1	0,0,0,0,223,0,0,0,0,0,282,0,0,0,270,6	219	149	1	1.0	NA,0.005,0.0,NA,0.0	NA,NA,NA,NA,0.047,NA,NA,NA,NA,NA,0.024,NA,NA,NA,0.0,0.102	-0.042
1710	0,5,0,0,0	0,6,0,0,0	0,0,0,0,0,0,0,0,0,0,0,0,0,0,0,0	0,0,0,0,14,0,0,0,0,0,4,0,0,0,0,0	159	149	1	1.0	NA,0.438,NA,NA,NA	NA,NA,NA,NA,0.0,NA,NA,NA,NA,NA,0.0,NA,NA,NA,NA,NA	0.438
1711	0,13,0,0,0	0,213,0,0,0	0,0,0,0,0,0,0,0,0,0,5,0,0,0,4,0	0,0,0,0,191,0,0,0,0,0,488,0,0,0,122,8	203	149	1	1.0	NA,0.043,NA,NA,NA	NA,NA,NA,NA,0.0,NA,NA,NA,NA,NA,0.007,NA,NA,NA,0.023,0.0	0.035
1712	0,14,0,0,0	0,213,0,0,0	0,0,0,0,14,0,0,0,0,0,9,0,0,0,4,0	0,0,0,0,191,0,0,0,0,0,488,0,0,0,122,8	193	149	1	1.0	NA,0.048,NA,NA,NA	NA,NA,NA,NA,0.054,NA,NA,NA,NA,NA,0.014,NA,NA,NA,0.025,0.0	0.025
1715	0,19,0,0,0	0,16,0,0,0	0,0,0,0,127,0,0,0,0,0,106,0,0,0,23,5	0,0,0,0,4,0,0,0,0,0,52,0,0,0,6,2	210	149	1	1.0	NA,0.457,NA,NA,NA	NA,NA,NA,NA,0.957,NA,NA,NA,NA,NA,0.591,NA,NA,NA,0.731,0.639	-0.273
1716	0,113,0,0,0	0,16,0,0,0	0,0,0,0,747,0,0,0,0,0,863,0,0,0,140,34	0,0,0,0,4,0,0,0,0,0,52,0,0,0,6,2	215	149	1	1.0	NA,0.83,NA,NA,NA	NA,NA,NA,NA,0.992,NA,NA,NA,NA,NA,0.92,NA,NA,NA,0.942,0.922	-0.114
1717	0,94,0,0,0	0,0,0,0,0	0,0,0,0,638,0,0,0,0,0,772,0,0,0,117,29	0,0,0,0,18,0,0,0,0,0,15,0,0,0,0,0	154	149	1	1.0	NA,1.0,NA,NA,NA	NA,NA,NA,NA,0.972,NA,NA,NA,NA,NA,0.98,NA,NA,NA,1.0,1.0	0.012
1718	0,13,0,0,0	0,145,0,0,0	0,0,0,0,2,0,0,0,0,0,39,0,0,0,23,1	0,0,0,0,683,0,0,2,0,0,871,0,0,0,105,23	219	149	1	1.0	NA,0.057,NA,NA,NA	NA,NA,NA,NA,0.002,NA,NA,0.0,NA,NA,0.03,NA,NA,NA,0.13,0.029	0.019
1719	0,22,0,0,0	0,0,0,0,0	0,0,0,0,127,0,0,0,0,0,61,0,0,0,41,10	0,0,0,0,0,0,0,0,0,0,0,0,0,0,1,0	294	149	1	1.0	NA,1.0,NA,NA,NA	NA,NA,NA,NA,1.0,NA,NA,NA,NA,NA,1.0,NA,NA,NA,0.954,1.0	0.012
1720	0,0,0,0,0	0,12,0,0,2	0,0,0,0,10,0,0,0,0,0,22,0,0,0,0,0	0,0,0,0,81,2,0,0,0,0,60,0,0,0,54,3	188	149	1	1.0	NA,0.0,NA,NA,0.0	NA,NA,NA,NA,0.089,0.0,NA,NA,NA,NA,0.225,NA,NA,NA,0.0,0.0	-0.063
1721	0,26,0,0,0	0,26,0,0,0	0,0,0,0,79,0,0,0,0,0,30,0,0,0,22,9	0,0,0,0,8,0,0,0,0,0,2,0,0,0,0,0	298	149	1	1.0	NA,0.333,NA,NA,NA	NA,NA,NA,NA,0.832,NA,NA,NA,NA,NA,0.882,NA,NA,NA,1.0,1.0	-0.595
1723	0,14,0,0,0	0,0,0,0,0	0,0,0,0,96,0,0,0,0,0,30,0,0,0,17,6	0,0,0,0,0,0,0,0,0,0,3,0,0,0,0,0	184	149	1	1.0	NA,1.0,NA,NA,NA	NA,NA,NA,NA,1.0,NA,NA,NA,NA,NA,0.89,NA,NA,NA,1.0,1.0	0.027
1724	0,0,0,0,0	0,9,0,0,0	0,0,0,0,6,0,0,0,0,0,0,0,0,0,0,0	0,0,0,0,226,0,0,0,0,0,189,0,0,0,130,4	161	149	1	1.0	NA,0.0,NA,NA,NA	NA,NA,NA,NA,0.024,NA,NA,NA,NA,NA,0.0,NA,NA,NA,0.0,0.0	-0.006
1731	0,16,0,0,0	0,2,0,0,0	0,0,0,0,14,0,0,0,0,0,11,0,0,0,34,8	0,0,0,0,0,0,0,0,0,0,8,0,0,0,7,0	213	149	1	1.0	NA,0.848,NA,NA,NA	NA,NA,NA,NA,1.0,NA,NA,NA,NA,NA,0.49,NA,NA,NA,0.773,1.0	0.032
1732	0,2,0,0,0	0,14,0,0,0	0,0,0,0,0,0,0,0,0,0,9,0,0,0,5,0	0,0,0,0,10,0,0,0,0,0,23,0,0,0,27,0	174	149	1	1.0	NA,0.109,NA,NA,NA	NA,NA,NA,NA,0.0,NA,NA,NA,NA,NA,0.251,NA,NA,NA,0.137,NA	-0.02
1733	0,7,0,0,0	0,78,0,0,0	0,0,0,0,33,0,0,0,0,0,18,0,0,0,26,1	0,0,0,0,25,0,0,0,0,0,83,0,0,0,6,4	182	149	1	1.0	NA,0.068,NA,NA,NA	NA,NA,NA,NA,0.519,NA,NA,NA,NA,NA,0.151,NA,NA,NA,0.78,0.17	-0.337
1740	0,644,0,0,0	0,0,0,0,0	0,0,0,0,522,0,0,0,0,0,1436,0,0,0,445,70	0,0,0,0,0,0,0,0,0,0,9,0,0,0,1,1	278	149	1	1.0	NA,1.0,NA,NA,NA	NA,NA,NA,NA,1.0,NA,NA,NA,NA,NA,0.988,NA,NA,NA,0.996,0.974	0.01
1741	0,270,0,0,0	0,0,0,0,0	0,0,0,0,297,0,0,0,0,0,808,0,0,0,211,25	0,0,0,0,0,0,0,0,0,0,9,0,0,0,1,1	298	149	1	1.0	NA,1.0,NA,NA,NA	NA,NA,NA,NA,1.0,NA,NA,NA,NA,NA,0.978,NA,NA,NA,0.991,0.926	0.026
1742	0,34,0,0,0	0,391,0,0,0	0,0,0,0,14,0,0,0,0,0,21,0,0,0,16,3	0,0,0,0,228,0,0,0,0,0,646,0,0,0,250,48	256	149	1	1.0	NA,0.048,NA,NA,NA	NA,NA,NA,NA,0.035,NA,NA,NA,NA,NA,0.019,NA,NA,NA,0.036,0.035	0.017
1743	0,38,0,0,0	0,36,0,0,0	0,0,0,0,14,0,0,0,0,0,20,0,0,0,3,3	0,0,0,0,30,0,0,0,0,0,20,0,0,0,6,0	256	149	1	1.0	NA,0.381,NA,NA,NA	NA,NA,NA,NA,0.214,NA,NA,NA,NA,NA,0.368,NA,NA,NA,0.225,1.0	-0.071
1745	0,9,0,0,0	0,0,0,0,0	0,0,0,0,4,0,0,0,0,0,5,0,0,0,9,3	0,0,0,0,27,0,0,0,0,0,22,0,0,0,3,3	153	149	1	1.0	NA,1.0,NA,NA,NA	NA,NA,NA,NA,0.126,NA,NA,NA,NA,NA,0.181,NA,NA,NA,0.745,0.493	0.614
1746	0,0,0,0,0	0,79,0,0,0	0,0,0,0,18,0,0,0,0,0,0,0,0,0,5,0	0,0,0,0,389,0,0,0,0,0,163,0,0,0,65,0	298	149	1	1.0	NA,0.0,NA,NA,NA	NA,NA,NA,NA,0.023,NA,NA,NA,NA,NA,0.0,NA,NA,NA,0.037,NA	-0.02
1748	0,0,0,0,0	0,4,0,0,0	0,0,0,0,0,0,0,0,0,0,0,0,0,0,0,1	0,0,0,0,16,0,0,0,0,0,7,0,0,0,10,0	298	149	1	1.0	NA,0.0,NA,NA,NA	NA,NA,NA,NA,0.0,NA,NA,NA,NA,NA,0.0,NA,NA,NA,0.0,1.0	-0.25
1750	0,47,0,0,0	0,11,0,0,0	0,0,0,0,463,0,0,0,0,0,218,0,0,0,42,3	0,0,0,0,0,0,0,0,0,0,2,0,0,0,0,0	298	149	1	1.0	NA,0.681,NA,NA,NA	NA,NA,NA,NA,1.0,NA,NA,NA,NA,NA,0.982,NA,NA,NA,1.0,1.0	-0.315
1753	0,42,2,0,0	0,0,0,0,0	0,0,0,0,204,0,0,0,0,0,87,0,0,0,187,12	0,0,0,0,10,0,0,0,0,0,3,0,0,0,5,0	298	149	1	1.0	NA,1.0,1.0,NA,NA	NA,NA,NA,NA,0.911,NA,NA,NA,NA,NA,0.935,NA,NA,NA,0.949,1.0	0.051
1754	0,14,0,0,0	0,138,0,0,0	0,0,0,0,4,0,0,0,0,0,0,0,0,0,35,10	0,0,0,0,22,0,0,0,0,0,6,0,0,0,52,4	259	149	1	1.0	NA,0.055,NA,NA,NA	NA,NA,NA,NA,0.095,NA,NA,NA,NA,NA,0.0,NA,NA,NA,0.279,0.59	-0.186
1755	0,1,0,0,0	0,0,0,0,0	0,0,0,0,15,0,0,0,0,0,5,0,0,0,18,5	0,0,0,0,0,0,0,0,0,0,1,0,0,0,0,2	244	149	1	1.0	NA,1.0,NA,NA,NA	NA,NA,NA,NA,1.0,NA,NA,NA,NA,NA,0.753,NA,NA,NA,1.0,0.604	0.161
1756	0,53,0,0,0	0,0,0,0,0	0,0,0,0,314,2,0,2,0,2,296,0,0,0,442,126	0,0,0,0,0,0,0,0,0,0,1,0,0,0,0,0	298	149	1	1.0	NA,1.0,NA,NA,NA	NA,NA,NA,NA,1.0,1.0,NA,1.0,NA,1.0,0.993,NA,NA,NA,1.0,1.0	0.001
1757	0,0,0,0,0	0,17,0,0,0	0,0,0,0,0,0,0,0,0,0,0,0,0,0,2,0	0,0,0,0,232,0,0,0,0,0,267,0,0,0,366,99	165	149	1	1.0	NA,0.0,NA,NA,NA	NA,NA,NA,NA,0.0,NA,NA,NA,NA,NA,0.0,NA,NA,NA,0.005,0.0	-0.001
1758	0,20,2,0,0	0,0,0,0,0	0,0,0,0,252,0,0,0,0,0,416,0,0,0,593,252	0,0,0,0,12,0,0,0,0,0,1,0,0,0,0,0	188	149	1	1.0	NA,1.0,1.0,NA,NA	NA,NA,NA,NA,0.943,NA,NA,NA,NA,NA,0.997,NA,NA,NA,1.0,1.0	0.015
1759	0,3,0,0,0	0,11,2,0,0	0,0,0,0,36,0,0,0,0,0,11,0,0,0,31,4	0,0,0,0,146,0,0,0,0,0,319,0,0,0,511,255	219	149	1	1.0	NA,0.157,0.0,NA,NA	NA,NA,NA,NA,0.144,NA,NA,NA,NA,NA,0.023,NA,NA,NA,0.04,0.011	0.024
1763	0,56,0,0,0	0,0,0,0,0	0,0,0,0,294,0,0,2,0,0,289,0,0,0,894,130	0,0,0,0,0,0,0,0,0,0,0,0,0,0,2,1	176	149	1	1.0	NA,1.0,NA,NA,NA	NA,NA,NA,NA,1.0,NA,NA,1.0,NA,NA,1.0,NA,NA,NA,0.997,0.991	0.002
1766	0,48,2,0,0	0,103,0,0,0	0,0,0,0,68,0,0,0,0,0,96,0,0,0,60,4	0,0,0,0,147,0,0,0,0,0,184,0,0,0,128,4	182	149	1	1.0	NA,0.276,1.0,NA,NA	NA,NA,NA,NA,0.275,NA,NA,NA,NA,NA,0.299,NA,NA,NA,0.277,0.45	0.313
1767	0,60,2,0,0	0,16967,26,0,53	0,0,0,0,99,0,0,0,0,0,130,0,0,0,116,7	0,0,0,0,30495,18,2,51,20,26,23371,0,0,0,24409,599	182	149	1	1.0	NA,0.003,0.059,NA,0.0	NA,NA,NA,NA,0.003,0.0,0.0,0.0,0.0,0.0,0.005,NA,NA,NA,0.004,0.009	0.018
1768	0,156,0,0,0	0,0,0,0,0	0,0,0,0,231,0,0,0,0,0,300,0,0,0,97,16	0,0,0,0,0,0,0,0,0,0,8,0,0,0,0,0	187	149	1	1.0	NA,1.0,NA,NA,NA	NA,NA,NA,NA,1.0,NA,NA,NA,NA,NA,0.968,NA,NA,NA,1.0,1.0	0.008
1769	0,189,8,0,0	0,0,0,0,0	0,0,0,0,1292,2,10,2,0,0,1633,0,0,0,1384,229	0,0,0,0,0,4,0,0,0,0,4,0,0,0,30,2	254	149	1	1.0	NA,1.0,1.0,NA,NA	NA,NA,NA,NA,1.0,0.227,1.0,1.0,NA,NA,0.996,NA,NA,NA,0.964,0.985	0.118
1770	0,93,2,0,0	0,0,0,0,0	0,0,0,0,855,2,4,2,0,0,962,0,0,0,892,52	0,0,0,0,26,0,0,0,0,0,21,0,0,0,4,1	175	149	1	1.0	NA,1.0,1.0,NA,NA	NA,NA,NA,NA,0.966,1.0,1.0,1.0,NA,NA,0.975,NA,NA,NA,0.995,0.978	0.012
1777	0,85,0,0,0	0,3,0,0,0	0,0,0,0,110,0,2,0,0,0,332,0,0,0,248,7	0,0,0,0,0,0,0,0,0,0,10,0,0,0,0,0	154	149	1	1.0	NA,0.965,NA,NA,NA	NA,NA,NA,NA,1.0,NA,1.0,NA,NA,NA,0.97,NA,NA,NA,1.0,1.0	-0.029
1782	0,3,0,0,0	0,0,0,0,0	0,0,0,0,73,0,0,0,2,0,56,0,0,0,118,9	0,0,0,0,10,0,0,0,0,0,7,0,0,0,43,13	206	149	1	1.0	NA,1.0,NA,NA,NA	NA,NA,NA,NA,0.841,NA,NA,NA,1.0,NA,0.853,NA,NA,NA,0.665,0.334	0.261
1784	0,6,0,0,0	0,0,0,0,0	0,0,0,0,33,0,0,0,0,0,3,0,0,0,25,9	0,0,0,0,4,0,0,0,0,0,0,0,0,0,5,0	194	149	1	1.0	NA,1.0,NA,NA,NA	NA,NA,NA,NA,0.864,NA,NA,NA,NA,NA,1.0,NA,NA,NA,0.793,1.0	0.086
1788	0,3,0,0,0	0,0,0,0,0	0,0,0,0,0,0,0,0,0,0,1,0,0,0,0,0	0,0,0,0,0,0,0,0,0,0,0,0,0,0,9,0	298	149	1	1.0	NA,1.0,NA,NA,NA	NA,NA,NA,NA,NA,NA,NA,NA,NA,NA,1.0,NA,NA,NA,0.0,NA	0.5
1792	0,16,0,0,0	0,823,0,0,0	0,0,0,0,47,0,0,0,0,0,85,0,0,0,23,8	0,0,0,0,2342,2,0,0,0,2,2349,0,0,0,1595,315	251	149	1	1.0	NA,0.011,NA,NA,NA	NA,NA,NA,NA,0.012,0.0,NA,NA,NA,0.0,0.021,NA,NA,NA,0.008,0.015	0.002
1800	0,24,0,0,0	0,10,0,0,0	0,0,0,0,55,0,0,0,0,0,24,0,0,0,10,11	0,0,0,0,10,0,0,0,0,0,17,0,0,0,51,12	298	149	1	1.0	NA,0.545,NA,NA,NA	NA,NA,NA,NA,0.733,NA,NA,NA,NA,NA,0.414,NA,NA,NA,0.089,0.314	0.158
1801	0,24,0,0,0	0,10,0,0,0	0,0,0,0,24,0,0,0,0,0,22,0,0,0,1,9	0,0,0,0,10,0,0,0,0,0,17,0,0,0,51,12	298	149	1	1.0	NA,0.545,NA,NA,NA	NA,NA,NA,NA,0.545,NA,NA,NA,NA,NA,0.393,NA,NA,NA,0.01,0.273	0.24
1802	0,24,0,0,0	0,0,0,0,0	0,0,0,0,41,0,0,0,0,0,22,0,0,0,6,9	0,0,0,0,0,0,0,0,0,0,0,0,0,0,0,1	298	149	1	1.0	NA,1.0,NA,NA,NA	NA,NA,NA,NA,1.0,NA,NA,NA,NA,NA,1.0,NA,NA,NA,1.0,0.818	0.045
1804	0,0,0,0,0	0,14,0,0,0	0,0,0,0,15,0,0,0,0,0,0,0,0,0,7,2	0,0,0,0,30,0,0,0,0,0,8,0,0,0,59,0	159	149	1	1.0	NA,0.0,NA,NA,NA	NA,NA,NA,NA,0.319,NA,NA,NA,NA,NA,0.0,NA,NA,NA,0.1,1.0	-0.355
1806	0,0,0,0,0	0,6,0,0,0	0,0,0,0,0,0,0,0,0,0,3,0,0,0,10,0	0,0,0,0,70,0,0,0,0,0,107,0,0,0,43,35	154	149	1	1.0	NA,0.0,NA,NA,NA	NA,NA,NA,NA,0.0,NA,NA,NA,NA,NA,0.026,NA,NA,NA,0.184,0.0	-0.052
1807	0,1,0,0,0	0,69,0,0,0	0,0,0,0,14,2,0,0,0,0,2,0,0,0,0,0	0,0,0,0,14,0,0,0,2,0,58,0,0,0,48,9	191	149	1	1.0	NA,0.011,NA,NA,NA	NA,NA,NA,NA,0.438,1.0,NA,NA,0.0,NA,0.026,NA,NA,NA,0.0,0.0	-0.233
1808	0,105,0,0,0	0,0,0,0,0	0,0,0,0,83,0,0,0,0,0,210,0,0,0,1,40	0,0,0,0,0,0,0,0,0,0,9,0,0,0,0,0	172	149	1	1.0	NA,1.0,NA,NA,NA	NA,NA,NA,NA,1.0,NA,NA,NA,NA,NA,0.953,NA,NA,NA,1.0,1.0	0.012
1810	0,15,0,0,0	0,68,2,0,0	0,0,0,0,12,0,0,2,0,0,40,0,0,0,89,13	0,0,0,0,257,0,0,0,0,0,408,0,0,0,436,15	216	149	1	1.0	NA,0.132,0.0,NA,NA	NA,NA,NA,NA,0.031,NA,NA,1.0,NA,NA,0.063,NA,NA,NA,0.123,0.374	-0.252
1814	0,2,0,0,0	0,0,0,0,0	0,0,0,0,241,0,0,0,0,0,38,0,0,0,0,3	0,0,0,0,0,0,0,0,0,0,0,0,0,0,4,0	298	149	1	1.0	NA,1.0,NA,NA,NA	NA,NA,NA,NA,1.0,NA,NA,NA,NA,NA,1.0,NA,NA,NA,0.0,1.0	0.25
1815	0,0,0,0,0	0,114,0,0,0	0,0,0,0,7,0,0,0,0,0,0,0,0,0,0,0	0,0,0,0,184,0,0,0,0,0,342,0,0,0,27,15	224	149	1	1.0	NA,0.0,NA,NA,NA	NA,NA,NA,NA,0.025,NA,NA,NA,NA,NA,0.0,NA,NA,NA,0.0,0.0	-0.006
1816	0,3,0,0,0	0,0,0,0,0	0,0,0,0,66,0,0,0,0,0,14,0,0,0,21,16	0,0,0,0,0,0,0,0,0,0,2,0,0,0,0,0	190	149	1	1.0	NA,1.0,NA,NA,NA	NA,NA,NA,NA,1.0,NA,NA,NA,NA,NA,0.846,NA,NA,NA,1.0,1.0	0.038
1819	0,40,0,0,0	0,0,0,0,0	0,0,0,0,196,2,0,0,0,3,148,0,0,0,553,144	0,0,0,0,0,0,0,0,0,0,0,0,0,0,2,0	298	149	1	1.0	NA,1.0,NA,NA,NA	NA,NA,NA,NA,1.0,1.0,NA,NA,NA,1.0,1.0,NA,NA,NA,0.993,1.0	0.001
1825	0,17,0,0,0	0,0,0,0,0	0,0,0,0,37,0,0,0,0,0,380,0,0,0,0,10	0,0,0,0,0,0,0,0,0,0,1,0,0,0,0,0	186	149	1	1.0	NA,1.0,NA,NA,NA	NA,NA,NA,NA,1.0,NA,NA,NA,NA,NA,0.997,NA,NA,NA,NA,1.0	0.001
1827	0,4,0,0,0	0,39,0,0,0	0,0,0,0,72,0,0,0,0,0,6,0,0,0,1,1	0,0,0,0,86,0,0,0,0,0,176,0,0,0,266,49	298	149	1	1.0	NA,0.049,NA,NA,NA	NA,NA,NA,NA,0.295,NA,NA,NA,NA,NA,0.017,NA,NA,NA,0.002,0.01	-0.032
1828	0,101,0,0,0	0,0,0,0,0	0,0,0,0,159,0,0,0,0,0,144,0,0,0,95,27	0,0,0,0,0,0,0,0,0,0,2,0,0,0,0,0	197	149	1	1.0	NA,1.0,NA,NA,NA	NA,NA,NA,NA,1.0,NA,NA,NA,NA,NA,0.982,NA,NA,NA,1.0,1.0	0.004
1829	0,2,0,0,0	0,2,0,0,0	0,0,0,0,90,0,0,0,2,0,46,0,0,0,139,36	0,0,0,0,0,0,0,0,0,0,15,0,0,0,35,0	203	149	1	1.0	NA,0.423,NA,NA,NA	NA,NA,NA,NA,1.0,NA,NA,NA,1.0,NA,0.692,NA,NA,NA,0.745,1.0	-0.464
1830	0,539,0,0,0	0,0,0,0,0	0,0,0,0,436,0,0,0,0,0,400,0,0,0,37,25	0,0,0,0,0,0,0,0,0,0,6,0,0,0,3,0	298	149	1	1.0	NA,1.0,NA,NA,NA	NA,NA,NA,NA,1.0,NA,NA,NA,NA,NA,0.971,NA,NA,NA,0.86,1.0	0.042
1831	0,355,0,0,0	0,0,0,0,0	0,0,0,0,840,0,0,0,0,0,331,0,0,0,68,6	0,0,0,0,0,0,0,0,0,0,4,0,0,0,0,0	298	149	1	1.0	NA,1.0,NA,NA,NA	NA,NA,NA,NA,1.0,NA,NA,NA,NA,NA,0.976,NA,NA,NA,1.0,1.0	0.006
1832	0,0,0,0,0	0,36,0,0,0	0,0,0,0,0,0,0,0,0,0,0,0,0,0,1,0	0,0,0,0,155,0,0,0,0,0,397,0,0,0,514,32	199	149	1	1.0	NA,0.0,NA,NA,NA	NA,NA,NA,NA,0.0,NA,NA,NA,NA,NA,0.0,NA,NA,NA,0.001,0.0	-0.0
1834	0,0,0,0,0	0,1079,0,0,4	0,0,0,0,7,0,0,0,0,0,0,0,0,0,19,3	0,0,0,0,4548,2,0,0,12,6,1663,0,0,0,726,71	166	149	1	1.0	NA,0.0,NA,NA,0.0	NA,NA,NA,NA,0.001,0.0,NA,NA,0.0,0.0,0.0,NA,NA,NA,0.023,0.037	-0.009
1835	0,0,0,0,0	0,54,0,0,2	0,0,0,0,16,0,0,0,0,0,1,0,0,0,5,0	0,0,0,0,294,0,0,2,0,0,469,0,0,0,67,12	196	149	1	1.0	NA,0.0,NA,NA,0.0	NA,NA,NA,NA,0.04,NA,NA,0.0,NA,NA,0.002,NA,NA,NA,0.054,0.0	-0.019
1838	0,1045,0,0,0	0,25,0,0,0	0,0,0,0,2604,2,0,1,0,0,2521,0,0,0,535,71	0,0,0,0,160,0,0,0,0,0,101,0,0,0,0,0	292	149	1	1.0	NA,0.955,NA,NA,NA	NA,NA,NA,NA,0.893,1.0,NA,1.0,NA,NA,0.927,NA,NA,NA,1.0,1.0	-0.015
1839	0,0,0,0,0	0,420,0,0,0	0,0,0,0,6,0,0,0,0,0,0,0,0,0,0,0	0,0,0,0,732,0,0,1,0,0,783,0,0,0,528,25	153	149	1	1.0	NA,0.0,NA,NA,NA	NA,NA,NA,NA,0.008,NA,NA,0.0,NA,NA,0.0,NA,NA,NA,0.0,0.0	-0.002
1840	0,0,0,0,0	0,2,0,0,0	0,0,0,0,12,0,0,0,0,0,0,0,0,0,0,2	0,0,0,0,38,0,0,0,0,0,21,0,0,0,45,94	165	149	1	1.0	NA,0.0,NA,NA,NA	NA,NA,NA,NA,0.222,NA,NA,NA,NA,NA,0.0,NA,NA,NA,0.0,0.019	-0.06
1841	0,0,0,0,0	0,3,0,0,0	0,0,0,0,0,0,0,0,0,0,4,0,0,0,14,2	0,0,0,0,6,0,0,0,0,0,61,0,0,0,30,0	194	149	1	1.0	NA,0.0,NA,NA,NA	NA,NA,NA,NA,0.0,NA,NA,NA,NA,NA,0.048,NA,NA,NA,0.264,1.0	-0.328
1843	0,0,0,0,0	0,74,0,0,0	0,0,0,0,5,0,0,0,0,0,0,0,0,0,7,2	0,0,0,0,13,0,0,0,0,0,100,0,0,0,9,23	207	149	1	1.0	NA,0.0,NA,NA,NA	NA,NA,NA,NA,0.217,NA,NA,NA,NA,NA,0.0,NA,NA,NA,0.359,0.059	-0.159
1845	0,11,0,0,0	0,0,0,0,0	0,0,0,0,80,0,0,0,0,0,32,0,0,0,24,7	0,0,0,0,0,0,0,0,0,0,0,0,0,0,8,0	153	149	1	1.0	NA,1.0,NA,NA,NA	NA,NA,NA,NA,1.0,NA,NA,NA,NA,NA,1.0,NA,NA,NA,0.745,1.0	0.064
1848	0,0,0,0,0	0,8,0,0,0	0,0,0,0,4,0,0,0,0,0,10,0,0,0,4,0	0,0,0,0,16,0,0,0,0,0,95,0,0,0,43,3	170	149	1	1.0	NA,0.0,NA,NA,NA	NA,NA,NA,NA,0.18,NA,NA,NA,NA,NA,0.084,NA,NA,NA,0.075,0.0	-0.085
1849	0,4,0,0,0	0,8,0,0,0	0,0,0,0,36,0,0,0,0,0,17,0,0,0,10,0	0,0,0,0,16,0,0,0,0,0,95,0,0,0,43,3	298	149	1	1.0	NA,0.2,NA,NA,NA	NA,NA,NA,NA,0.529,NA,NA,NA,NA,NA,0.082,NA,NA,NA,0.104,0.0	0.021
1850	0,4,0,0,0	0,0,0,0,0	0,0,0,0,36,0,0,0,0,0,14,0,0,0,8,0	0,0,0,0,4,0,0,0,0,0,4,0,0,0,2,0	298	149	1	1.0	NA,1.0,NA,NA,NA	NA,NA,NA,NA,0.818,NA,NA,NA,NA,NA,0.636,NA,NA,NA,0.667,NA	0.293
1852	0,6,0,0,0	0,5,0,0,0	0,0,0,0,52,0,0,0,0,0,43,0,0,0,32,7	0,0,0,0,101,0,0,2,0,0,40,0,0,0,84,3	182	149	1	1.0	NA,0.496,NA,NA,NA	NA,NA,NA,NA,0.297,NA,NA,0.0,NA,NA,0.468,NA,NA,NA,0.238,0.656	0.164
1853	0,10,0,0,0	0,16,0,0,0	0,0,0,0,17,0,0,0,0,0,10,0,0,0,8,0	0,0,0,0,0,0,0,0,0,0,6,0,0,0,0,0	156	149	1	1.0	NA,0.374,NA,NA,NA	NA,NA,NA,NA,1.0,NA,NA,NA,NA,NA,0.614,NA,NA,NA,1.0,NA	-0.497
1859	0,1,0,0,0	0,14,0,0,0	0,0,0,0,0,0,0,0,0,0,2,0,0,0,0,0	0,0,0,0,21,0,0,0,0,0,18,0,0,0,0,0	298	149	1	1.0	NA,0.034,NA,NA,NA	NA,NA,NA,NA,0.0,NA,NA,NA,NA,NA,0.053,NA,NA,NA,NA,NA	0.008
1860	0,1,0,0,0	0,14,0,0,0	0,0,0,0,0,0,0,0,0,0,1,0,0,0,0,0	0,0,0,0,21,0,0,0,0,0,18,0,0,0,0,0	298	149	1	1.0	NA,0.034,NA,NA,NA	NA,NA,NA,NA,0.0,NA,NA,NA,NA,NA,0.027,NA,NA,NA,NA,NA	0.021
1861	0,34,4,0,0	0,1094,2,0,0	0,0,0,0,78,0,0,0,0,0,0,0,0,0,40,110	0,0,0,0,1126,8,0,4,4,0,203,0,0,0,586,411	298	149	1	1.0	NA,0.015,0.5,NA,NA	NA,NA,NA,NA,0.033,0.0,NA,0.0,0.0,NA,0.0,NA,NA,NA,0.033,0.118	0.231
1862	0,106,0,0,0	0,7,0,0,0	0,0,0,0,323,0,0,0,0,0,12,0,0,0,131,33	0,0,0,0,0,0,0,0,0,0,7,0,0,0,15,0	298	149	1	1.0	NA,0.883,NA,NA,NA	NA,NA,NA,NA,1.0,NA,NA,NA,NA,NA,0.462,NA,NA,NA,0.814,1.0	0.064
1864	0,20,2,0,0	0,44,0,0,0	0,0,0,0,328,0,0,0,0,0,17,0,0,0,142,68	0,0,0,0,53,2,0,0,0,0,22,0,0,0,125,11	224	149	1	1.0	NA,0.232,1.0,NA,NA	NA,NA,NA,NA,0.805,0.0,NA,NA,NA,NA,0.339,NA,NA,NA,0.43,0.804	0.14
1865	0,1,0,0,0	0,44,0,0,0	0,0,0,0,1,0,0,0,0,0,1,0,0,0,0,2	0,0,0,0,53,2,0,0,0,0,22,0,0,0,125,11	153	149	1	1.0	NA,0.022,NA,NA,NA	NA,NA,NA,NA,0.018,0.0,NA,NA,NA,NA,0.042,NA,NA,NA,0.0,0.15	-0.02
1873	0,0,0,0,0	0,11,2,0,0	0,0,0,0,0,0,0,0,0,0,8,0,0,0,14,0	0,0,0,0,102,0,0,0,0,0,203,0,0,0,374,25	298	149	1	1.0	NA,0.0,0.0,NA,NA	NA,NA,NA,NA,0.0,NA,NA,NA,NA,NA,0.019,NA,NA,NA,0.018,0.0	-0.009
1875	0,260,0,0,0	0,369,0,0,0	0,0,0,0,765,0,0,0,0,2,530,0,0,0,253,23	0,0,0,0,629,0,0,0,0,0,1019,0,0,0,697,39	200	149	1	1.0	NA,0.344,NA,NA,NA	NA,NA,NA,NA,0.475,NA,NA,NA,NA,1.0,0.279,NA,NA,NA,0.213,0.305	-0.11
1876	0,13,0,0,0	0,607,0,0,0	0,0,0,0,1,0,0,0,0,0,12,0,0,0,55,0	0,0,0,0,1294,2,10,2,0,6,1636,0,0,0,3094,20	163	149	1	1.0	NA,0.019,NA,NA,NA	NA,NA,NA,NA,0.001,0.0,0.0,0.0,NA,0.0,0.007,NA,NA,NA,0.016,0.0	0.016
1877	0,0,0,0,0	0,586,2,0,0	0,0,0,0,0,0,0,0,0,0,35,0,0,0,34,4	0,0,0,0,1125,2,0,0,0,0,1867,0,0,0,3278,90	188	149	1	1.0	NA,0.0,0.0,NA,NA	NA,NA,NA,NA,0.0,0.0,NA,NA,NA,NA,0.015,NA,NA,NA,0.008,0.034	-0.011
1883	0,2,0,0,0	0,5,0,0,2	0,0,0,0,11,0,0,0,0,0,8,0,0,0,26,0	0,0,0,0,105,0,0,0,0,0,77,0,0,0,183,1	194	149	1	1.0	NA,0.235,NA,NA,0.0	NA,NA,NA,NA,0.074,NA,NA,NA,NA,NA,0.074,NA,NA,NA,0.098,0.0	0.056
1884	0,0,0,0,0	0,15,0,0,0	0,0,0,0,0,0,0,0,0,0,2,0,0,0,0,0	0,0,0,0,128,0,0,0,0,0,56,0,0,0,230,2	154	149	1	1.0	NA,0.0,NA,NA,NA	NA,NA,NA,NA,0.0,NA,NA,NA,NA,NA,0.033,NA,NA,NA,0.0,0.0	-0.008
1885	0,3,0,0,0	0,4,0,0,0	0,0,0,0,0,0,0,0,0,0,5,0,0,0,4,2	0,0,0,0,0,0,0,0,0,0,0,0,0,0,9,0	199	149	1	1.0	NA,0.36,NA,NA,NA	NA,NA,NA,NA,NA,NA,NA,NA,NA,NA,1.0,NA,NA,NA,0.25,1.0	-0.39
1886	0,1,0,0,0	0,4,0,0,0	0,0,0,0,11,2,0,0,2,0,3,0,0,0,10,3	0,0,0,0,0,0,0,0,0,0,0,0,0,0,9,0	298	149	1	1.0	NA,0.111,NA,NA,NA	NA,NA,NA,NA,1.0,1.0,NA,NA,1.0,NA,1.0,NA,NA,NA,0.357,1.0	-0.782
1887	0,1,0,0,0	0,3,0,0,0	0,0,0,0,33,2,0,0,2,0,2,0,0,0,10,6	0,0,0,0,0,0,0,0,0,0,4,0,0,0,0,0	272	149	1	1.0	NA,0.154,NA,NA,NA	NA,NA,NA,NA,1.0,1.0,NA,NA,1.0,NA,0.215,NA,NA,NA,1.0,1.0	-0.715
1888	0,229,0,0,0	0,0,0,0,0	0,0,0,0,374,4,2,0,1,0,230,0,0,0,224,9	0,0,0,0,9,0,0,0,0,0,0,0,0,0,0,0	298	149	1	1.0	NA,1.0,NA,NA,NA	NA,NA,NA,NA,0.954,1.0,1.0,NA,1.0,NA,1.0,NA,NA,NA,1.0,1.0	0.007
1891	0,522,0,0,0	0,1558,0,0,14	0,0,0,0,1385,2,0,2,0,0,1294,0,0,0,289,95	0,0,0,0,6428,0,0,2,0,4,2873,0,0,0,2530,214	298	149	1	1.0	NA,0.143,NA,NA,0.0	NA,NA,NA,NA,0.097,1.0,NA,0.333,NA,0.0,0.184,NA,NA,NA,0.054,0.182	-0.193
1892	0,11,0,0,0	0,6,0,0,0	0,0,0,0,0,0,0,0,0,0,14,0,0,0,6,0	0,0,0,0,25,0,0,0,0,0,9,0,0,0,0,0	219	149	1	1.0	NA,0.555,NA,NA,NA	NA,NA,NA,NA,0.0,NA,NA,NA,NA,NA,0.514,NA,NA,NA,1.0,NA	0.05
1897	0,1148,0,0,0	0,0,0,0,0	0,0,0,0,1412,0,0,0,2,0,2955,0,0,0,96,802	0,0,0,0,0,0,0,0,0,0,2,0,0,0,0,0	173	149	1	1.0	NA,1.0,NA,NA,NA	NA,NA,NA,NA,1.0,NA,NA,NA,1.0,NA,0.999,NA,NA,NA,1.0,1.0	0.0
1899	0,11,0,0,0	0,793,0,0,0	0,0,0,0,31,0,0,0,0,0,3,0,0,0,5,5	0,0,0,0,1731,0,0,3,2,0,2823,0,0,0,904,997	170	149	1	1.0	NA,0.012,NA,NA,NA	NA,NA,NA,NA,0.015,NA,NA,0.0,0.0,NA,0.001,NA,NA,NA,0.005,0.004	0.008
1906	0,7146,2,0,1	0,0,0,0,0	0,0,0,0,4615,2,2,4,0,4,3753,0,0,0,2777,620	0,0,0,0,0,0,0,0,0,0,1,0,0,0,0,0	298	149	1	1.0	NA,1.0,1.0,NA,1.0	NA,NA,NA,NA,1.0,1.0,1.0,1.0,NA,1.0,0.999,NA,NA,NA,1.0,1.0	0.0
1912	0,20,0,0,0	0,6,0,0,0	0,0,0,0,101,0,0,0,0,0,30,0,0,0,35,9	0,0,0,0,0,0,0,0,0,0,8,0,0,0,1,2	298	149	1	1.0	NA,0.625,NA,NA,NA	NA,NA,NA,NA,1.0,NA,NA,NA,NA,NA,0.652,NA,NA,NA,0.946,0.692	-0.198
1913	0,9,0,0,0	0,381,0,0,0	0,0,0,0,16,0,0,0,0,0,32,0,0,0,5,4	0,0,0,0,398,4,0,0,0,0,1108,0,0,0,525,273	298	149	1	1.0	NA,0.012,NA,NA,NA	NA,NA,NA,NA,0.02,0.0,NA,NA,NA,NA,0.014,NA,NA,NA,0.005,0.007	0.003
1914	0,37,0,0,0	0,0,0,0,0	0,0,0,0,68,0,0,0,0,0,154,0,0,0,114,105	0,0,0,0,0,0,0,0,0,0,2,0,0,0,0,0	202	149	1	1.0	NA,1.0,NA,NA,NA	NA,NA,NA,NA,1.0,NA,NA,NA,NA,NA,0.983,NA,NA,NA,1.0,1.0	0.004
1915	0,30,0,0,0	0,0,0,0,0	0,0,0,0,70,0,0,0,0,0,63,0,0,0,107,19	0,0,0,0,0,0,0,0,0,0,0,0,0,0,1,0	298	149	1	1.0	NA,1.0,NA,NA,NA	NA,NA,NA,NA,1.0,NA,NA,NA,NA,NA,1.0,NA,NA,NA,0.982,1.0	0.004
1916	0,9,0,0,0	0,8,0,0,0	0,0,0,0,66,0,0,0,0,0,22,0,0,0,44,1	0,0,0,0,59,0,0,0,0,0,65,0,0,0,192,6	245	149	1	1.0	NA,0.406,NA,NA,NA	NA,NA,NA,NA,0.405,NA,NA,NA,NA,NA,0.171,NA,NA,NA,0.122,0.092	0.209
1918	0,40,0,0,0	0,0,0,0,0	0,0,0,0,113,0,0,0,0,0,133,0,0,0,80,12	0,0,0,0,0,0,0,0,0,0,5,0,0,0,0,0	153	149	1	1.0	NA,1.0,NA,NA,NA	NA,NA,NA,NA,1.0,NA,NA,NA,NA,NA,0.963,NA,NA,NA,1.0,1.0	0.009
1919	0,55,0,0,0	0,6981,0,0,4	0,0,0,0,126,0,0,0,0,0,135,0,0,0,87,15	0,0,0,0,11456,2,0,51,4,14,13774,0,0,0,6983,4047	153	149	1	1.0	NA,0.008,NA,NA,0.0	NA,NA,NA,NA,0.011,0.0,NA,0.0,0.0,0.0,0.009,NA,NA,NA,0.012,0.004	-0.001
1920	0,3790,2,0,0	0,0,0,0,0	0,0,0,0,7859,4,0,22,2,0,7816,0,0,0,3454,516	0,0,0,0,4,0,0,0,0,0,2,0,0,0,1,0	265	149	1	1.0	NA,1.0,1.0,NA,NA	NA,NA,NA,NA,0.999,1.0,NA,1.0,1.0,NA,1.0,NA,NA,NA,0.999,1.0	0.0
1921	0,10716,2,0,4	0,0,0,0,0	0,0,0,0,19189,6,0,73,6,14,21455,0,0,0,10350,4548	0,0,0,0,4,0,0,0,0,0,2,0,0,0,1,0	261	149	1	1.0	NA,1.0,1.0,NA,1.0	NA,NA,NA,NA,1.0,1.0,NA,1.0,1.0,1.0,1.0,NA,NA,NA,1.0,1.0	0.0
1922	0,16,0,0,0	0,71,0,0,0	0,0,0,0,49,0,0,0,0,2,68,0,0,0,12,2	0,0,0,0,115,0,0,0,0,0,162,0,0,0,103,1	298	149	1	1.0	NA,0.101,NA,NA,NA	NA,NA,NA,NA,0.176,NA,NA,NA,NA,1.0,0.173,NA,NA,NA,0.055,0.5	-0.28
1927	0,0,0,0,0	0,95,0,0,0	0,0,0,0,6,0,0,0,0,0,0,0,0,0,0,1	0,0,0,0,315,0,0,0,0,0,739,0,0,0,6,22	226	149	1	1.0	NA,0.0,NA,NA,NA	NA,NA,NA,NA,0.012,NA,NA,NA,NA,NA,0.0,NA,NA,NA,0.0,0.029	-0.01
1931	0,17,0,0,2	0,0,0,0,0	0,0,0,0,312,0,0,0,0,0,162,0,0,0,75,26	0,0,0,0,0,0,0,0,0,0,0,0,0,0,11,0	162	149	1	1.0	NA,1.0,NA,NA,1.0	NA,NA,NA,NA,1.0,NA,NA,NA,NA,NA,1.0,NA,NA,NA,0.862,1.0	0.034
1932	0,23,0,0,0	0,14,0,0,0	0,0,0,0,209,2,0,0,0,0,134,0,0,0,172,41	0,0,0,0,9,0,0,0,0,0,4,0,0,0,4,3	298	149	1	1.0	NA,0.451,NA,NA,NA	NA,NA,NA,NA,0.921,1.0,NA,NA,NA,NA,0.944,NA,NA,NA,0.956,0.872	-0.488
1935	0,37,0,0,0	0,389,0,0,0	0,0,0,0,19,0,0,0,0,0,35,0,0,0,15,46	0,0,0,0,599,0,0,0,0,0,519,0,0,0,32,71	298	149	1	1.0	NA,0.045,NA,NA,NA	NA,NA,NA,NA,0.016,NA,NA,NA,NA,NA,0.033,NA,NA,NA,0.19,0.245	-0.076
1936	0,57,0,0,0	0,2367,0,0,4	0,0,0,0,71,0,0,0,0,0,20,0,0,0,0,11	0,0,0,0,2743,0,0,3,2,2,3963,0,0,0,304,1224	174	149	1	1.0	NA,0.02,NA,NA,0.0	NA,NA,NA,NA,0.022,NA,NA,0.0,0.0,0.0,0.004,NA,NA,NA,0.0,0.008	0.005
1937	0,12,0,0,0	0,0,0,0,0	0,0,0,0,0,0,0,0,0,0,0,0,0,0,0,0	0,0,0,0,2,0,0,0,0,0,6,0,0,0,0,0	259	149	1	1.0	NA,1.0,NA,NA,NA	NA,NA,NA,NA,0.0,NA,NA,NA,NA,NA,0.0,NA,NA,NA,NA,NA	1.0
1938	0,0,0,0,0	0,5,0,0,0	0,0,0,0,0,0,0,0,0,0,2,0,0,0,0,0	0,0,0,0,0,0,0,0,0,0,30,0,0,0,41,24	189	149	1	1.0	NA,0.0,NA,NA,NA	NA,NA,NA,NA,NA,NA,NA,NA,NA,NA,0.05,NA,NA,NA,0.0,0.0	-0.017
1939	0,4,0,0,0	0,16,0,0,2	0,0,0,0,28,0,0,0,0,0,11,0,0,0,4,12	0,0,0,0,264,2,2,0,2,4,381,0,0,0,136,24	298	149	1	1.0	NA,0.111,NA,NA,0.0	NA,NA,NA,NA,0.05,0.0,0.0,NA,0.0,0.0,0.014,NA,NA,NA,0.014,0.2	0.021
1940	0,140,0,0,4	0,0,0,0,0	0,0,0,0,685,0,0,2,0,0,356,0,0,0,284,231	0,0,0,0,8,0,0,0,0,0,2,0,0,0,3,10	203	149	1	1.0	NA,1.0,NA,NA,1.0	NA,NA,NA,NA,0.984,NA,NA,1.0,NA,NA,0.992,NA,NA,NA,0.986,0.944	0.019
1941	0,9,0,0,0	0,4,0,0,0	0,0,0,0,95,0,0,0,0,0,48,0,0,0,37,8	0,0,0,0,10,0,0,0,0,0,40,0,0,0,34,2	251	149	1	1.0	NA,0.572,NA,NA,NA	NA,NA,NA,NA,0.849,NA,NA,NA,NA,NA,0.416,NA,NA,NA,0.392,0.704	-0.018
1942	0,9,0,0,0	0,0,0,0,0	0,0,0,0,102,0,0,0,0,0,53,0,0,0,49,8	0,0,0,0,0,0,0,0,0,0,17,0,0,0,14,0	285	149	1	1.0	NA,1.0,NA,NA,NA	NA,NA,NA,NA,1.0,NA,NA,NA,NA,NA,0.62,NA,NA,NA,0.647,1.0	0.183
1943	0,4,0,0,0	0,0,0,0,0	0,0,0,0,17,0,0,0,0,0,45,0,0,0,46,2	0,0,0,0,0,0,0,0,0,0,17,0,0,0,14,0	183	149	1	1.0	NA,1.0,NA,NA,NA	NA,NA,NA,NA,1.0,NA,NA,NA,NA,NA,0.683,NA,NA,NA,0.728,1.0	0.147
1944	0,26,0,0,0	0,9,0,0,0	0,0,0,0,37,0,0,0,0,2,10,0,0,0,0,1	0,0,0,0,17,0,0,0,0,0,1,0,0,0,3,0	153	149	1	1.0	NA,0.738,NA,NA,NA	NA,NA,NA,NA,0.679,NA,NA,NA,NA,1.0,0.907,NA,NA,NA,0.0,1.0	0.021
1945	0,1975,4,0,0	0,0,0,0,0	0,0,0,0,2607,4,8,7,0,0,1762,0,0,0,1267,115	0,0,0,0,7,0,0,0,0,0,0,0,0,0,0,0	288	149	1	1.0	NA,1.0,1.0,NA,NA	NA,NA,NA,NA,0.995,1.0,1.0,1.0,NA,NA,1.0,NA,NA,NA,1.0,1.0	0.001
1957	0,151,0,0,0	0,0,0,0,0	0,0,0,0,606,2,0,1,2,6,1113,0,0,0,862,44	0,0,0,0,0,0,0,0,0,0,2,0,0,0,0,0	290	149	1	1.0	NA,1.0,NA,NA,NA	NA,NA,NA,NA,1.0,1.0,NA,1.0,1.0,1.0,0.997,NA,NA,NA,1.0,1.0	0.0
1961	0,6,0,0,0	0,0,0,0,0	0,0,0,0,341,0,0,0,2,0,268,0,0,0,74,27	0,0,0,0,0,0,0,0,0,0,7,0,0,0,0,0	172	149	1	1.0	NA,1.0,NA,NA,NA	NA,NA,NA,NA,1.0,NA,NA,NA,1.0,NA,0.971,NA,NA,NA,1.0,1.0	0.006
1962	0,3,0,0,0	0,3,0,0,0	0,0,0,0,8,0,0,0,0,0,0,0,0,0,0,0	0,0,0,0,0,0,0,0,0,0,12,0,0,0,17,1	159	149	1	1.0	NA,0.484,NA,NA,NA	NA,NA,NA,NA,1.0,NA,NA,NA,NA,NA,0.0,NA,NA,NA,0.0,0.0	0.234
1963	0,42,0,0,0	0,7,0,0,0	0,0,0,0,316,0,0,0,0,0,257,0,0,0,292,24	0,0,0,0,0,0,0,0,0,0,3,0,0,0,6,0	179	149	1	1.0	NA,0.833,NA,NA,NA	NA,NA,NA,NA,1.0,NA,NA,NA,NA,NA,0.986,NA,NA,NA,0.976,1.0	-0.157
1966	0,7890,14,0,17	0,50,0,0,0	0,0,0,0,4219,35,24,19,4,8,18670,0,0,0,3888,248	0,0,0,0,18,2,0,0,0,0,155,0,0,0,29,0	257	149	1	1.0	NA,0.989,1.0,NA,1.0	NA,NA,NA,NA,0.993,0.91,1.0,1.0,1.0,1.0,0.986,NA,NA,NA,0.987,1.0	0.01
1967	0,5,0,0,0	0,0,0,0,0	0,0,0,0,353,0,0,0,0,0,293,0,0,0,114,4	0,0,0,0,3,0,0,0,0,0,0,0,0,0,0,1	215	149	1	1.0	NA,1.0,NA,NA,NA	NA,NA,NA,NA,0.988,NA,NA,NA,NA,NA,1.0,NA,NA,NA,1.0,0.735	0.069
1968	0,11,0,0,0	0,26,0,0,0	0,0,0,0,86,0,0,0,0,0,37,0,0,0,2,7	0,0,0,0,61,0,0,0,0,0,55,0,0,0,19,9	298	149	1	1.0	NA,0.175,NA,NA,NA	NA,NA,NA,NA,0.413,NA,NA,NA,NA,NA,0.252,NA,NA,NA,0.05,0.28	-0.074
1971	0,354,0,0,2	0,42,0,0,0	0,0,0,0,2484,0,0,0,0,0,1068,0,0,0,35,77	0,0,0,0,371,0,0,0,0,0,244,0,0,0,183,8	215	149	1	1.0	NA,0.854,NA,NA,1.0	NA,NA,NA,NA,0.823,NA,NA,NA,NA,NA,0.752,NA,NA,NA,0.117,0.87	0.287
1972	0,519,0,0,0	0,0,0,0,0	0,0,0,0,2062,0,0,0,0,0,915,0,0,0,248,4	0,0,0,0,18,0,0,0,0,0,2,0,0,0,0,0	298	149	1	1.0	NA,1.0,NA,NA,NA	NA,NA,NA,NA,0.983,NA,NA,NA,NA,NA,0.996,NA,NA,NA,1.0,1.0	0.005
1973	0,303,0,0,0	0,2,0,0,0	0,0,0,0,965,2,0,0,0,2,381,0,0,0,141,3	0,0,0,0,0,0,0,0,0,0,4,0,0,0,0,0	298	149	1	1.0	NA,0.987,NA,NA,NA	NA,NA,NA,NA,1.0,1.0,NA,NA,NA,1.0,0.979,NA,NA,NA,1.0,1.0	-0.01
1975	0,1202,0,0,0	0,3,0,0,0	0,0,0,0,3055,0,0,0,0,0,1605,0,0,0,385,13	0,0,0,0,52,0,0,0,0,0,16,0,0,0,3,0	152	149	1	1.0	NA,0.997,NA,NA,NA	NA,NA,NA,NA,0.983,NA,NA,NA,NA,NA,0.99,NA,NA,NA,0.992,1.0	0.006
1976	0,0,0,0,0	0,4,0,0,0	0,0,0,0,0,2,0,0,0,0,0,0,0,0,13,2	0,0,0,0,27,2,0,1,0,0,11,0,0,0,106,14	192	149	1	1.0	NA,0.0,NA,NA,NA	NA,NA,NA,NA,0.0,0.437,NA,0.0,NA,NA,0.0,NA,NA,NA,0.087,0.1	-0.104
1978	0,3,0,0,0	0,20,0,0,0	0,0,0,0,11,0,0,0,0,0,3,0,0,0,73,0	0,0,0,0,17,0,0,2,0,0,49,0,0,0,438,44	152	149	1	1.0	NA,0.128,NA,NA,NA	NA,NA,NA,NA,0.388,NA,NA,0.0,NA,NA,0.057,NA,NA,NA,0.14,0.0	0.011
1980	0,0,0,0,0	0,11,0,0,0	0,0,0,0,0,0,0,0,0,0,17,0,0,0,0,0	0,0,0,0,155,0,0,2,2,0,317,0,0,0,531,139	167	149	1	1.0	NA,0.0,NA,NA,NA	NA,NA,NA,NA,0.0,NA,NA,0.0,0.0,NA,0.046,NA,NA,NA,0.0,0.0	-0.008
1981	0,98,0,0,0	0,23,0,0,0	0,0,0,0,97,0,0,0,0,0,67,0,0,0,12,10	0,0,0,0,25,0,0,0,0,0,29,0,0,0,0,1	200	149	1	1.0	NA,0.76,NA,NA,NA	NA,NA,NA,NA,0.743,NA,NA,NA,NA,NA,0.633,NA,NA,NA,1.0,0.882	-0.054
1982	0,48,0,0,0	0,10,0,0,0	0,0,0,0,71,0,0,0,0,0,60,0,0,0,0,2	0,0,0,0,0,0,0,0,0,0,14,0,0,0,0,0	166	149	1	1.0	NA,0.812,NA,NA,NA	NA,NA,NA,NA,1.0,NA,NA,NA,NA,NA,0.794,NA,NA,NA,NA,1.0	-0.119
1986	0,166,0,0,0	0,0,0,0,2	0,0,0,0,416,0,0,2,0,0,456,0,0,0,188,18	0,0,0,0,13,0,0,0,0,0,3,0,0,0,0,0	167	149	1	1.0	NA,1.0,NA,NA,0.0	NA,NA,NA,NA,0.966,NA,NA,1.0,NA,NA,0.993,NA,NA,NA,1.0,1.0	-0.492
1987	0,66,0,0,0	0,421,0,0,0	0,0,0,0,82,0,0,0,0,0,41,0,0,0,13,8	0,0,0,0,461,0,0,2,0,0,307,0,0,0,45,60	152	149	1	1.0	NA,0.133,NA,NA,NA	NA,NA,NA,NA,0.148,NA,NA,0.0,NA,NA,0.116,NA,NA,NA,0.221,0.116	0.013
1989	0,0,0,0,0	0,27,0,0,0	0,0,0,0,0,0,0,0,0,0,4,0,0,0,39,5	0,0,0,0,148,1,2,0,0,0,173,0,0,0,243,20	225	149	1	1.0	NA,0.0,NA,NA,NA	NA,NA,NA,NA,0.0,0.0,0.0,NA,NA,NA,0.015,NA,NA,NA,0.096,0.142	-0.042
1991	0,11,0,0,0	0,12,0,0,0	0,0,0,0,110,0,0,0,0,2,108,0,0,0,83,27	0,0,0,0,79,0,2,0,0,0,74,0,0,0,84,39	155	149	1	1.0	NA,0.468,NA,NA,NA	NA,NA,NA,NA,0.572,NA,0.0,NA,NA,1.0,0.584,NA,NA,NA,0.487,0.4	-0.039
1992	0,0,0,0,0	0,9,0,0,0	0,0,0,0,0,0,0,0,0,0,0,0,0,0,4,5	0,0,0,0,63,0,0,0,0,0,163,0,0,0,89,14	206	149	1	1.0	NA,0.0,NA,NA,NA	NA,NA,NA,NA,0.0,NA,NA,NA,NA,NA,0.0,NA,NA,NA,0.031,0.205	-0.059
1993	0,9,0,0,0	0,0,0,0,0	0,0,0,0,78,0,0,0,0,0,149,0,0,0,230,83	0,0,0,0,0,0,0,0,0,0,0,0,0,0,17,5	244	149	1	1.0	NA,1.0,NA,NA,NA	NA,NA,NA,NA,1.0,NA,NA,NA,NA,NA,1.0,NA,NA,NA,0.892,0.91	0.049
1994	0,7,0,0,0	0,0,0,0,0	0,0,0,0,41,0,0,0,0,0,51,0,0,0,106,38	0,0,0,0,0,0,0,0,0,0,1,0,0,0,3,0	244	149	1	1.0	NA,1.0,NA,NA,NA	NA,NA,NA,NA,1.0,NA,NA,NA,NA,NA,0.969,NA,NA,NA,0.956,1.0	0.019
1995	0,40,0,0,0	0,0,0,0,0	0,0,0,0,548,0,0,0,0,0,225,0,0,0,13,7	0,0,0,0,0,0,0,0,0,0,3,0,0,0,0,0	298	149	1	1.0	NA,1.0,NA,NA,NA	NA,NA,NA,NA,1.0,NA,NA,NA,NA,NA,0.974,NA,NA,NA,1.0,1.0	0.006
1996	0,35,0,0,0	0,9,0,0,0	0,0,0,0,531,0,0,0,0,0,217,0,0,0,11,7	0,0,0,0,8,0,0,0,0,0,2,0,0,0,0,0	298	149	1	1.0	NA,0.66,NA,NA,NA	NA,NA,NA,NA,0.971,NA,NA,NA,NA,NA,0.982,NA,NA,NA,1.0,1.0	-0.328
1997	0,436,0,0,0	0,0,0,0,0	0,0,0,0,658,0,2,0,2,0,763,0,0,0,263,30	0,0,0,0,20,0,0,0,0,0,3,0,0,0,1,1	181	149	1	1.0	NA,1.0,NA,NA,NA	NA,NA,NA,NA,0.964,NA,1.0,NA,1.0,NA,0.995,NA,NA,NA,0.995,0.961	0.014
2000	0,9,0,0,0	0,8,0,0,0	0,0,0,0,32,0,0,0,0,0,10,0,0,0,14,2	0,0,0,0,24,0,0,0,0,0,9,0,0,0,16,0	263	149	1	1.0	NA,0.389,NA,NA,NA	NA,NA,NA,NA,0.43,NA,NA,NA,NA,NA,0.386,NA,NA,NA,0.331,1.0	-0.148
2002	0,0,0,0,0	0,5,0,0,0	0,0,0,0,0,4,0,0,0,0,0,0,0,0,28,3	0,0,0,0,112,0,0,0,0,0,19,0,0,0,49,5	237	149	1	1.0	NA,0.0,NA,NA,NA	NA,NA,NA,NA,0.0,1.0,NA,NA,NA,NA,0.0,NA,NA,NA,0.264,0.274	-0.308
2003	0,1,0,0,0	0,0,0,0,0	0,0,0,0,0,0,0,0,0,0,8,0,0,0,16,1	0,0,0,0,15,0,0,0,0,0,0,0,0,0,15,8	220	149	1	1.0	NA,1.0,NA,NA,NA	NA,NA,NA,NA,0.0,NA,NA,NA,NA,NA,1.0,NA,NA,NA,0.419,0.078	0.626
2004	0,1,0,0,0	0,61,0,0,0	0,0,0,0,0,0,0,0,0,0,20,0,0,0,16,20	0,0,0,0,569,0,0,4,0,0,619,0,0,0,508,130	298	149	1	1.0	NA,0.008,NA,NA,NA	NA,NA,NA,NA,0.0,NA,NA,0.0,NA,NA,0.016,NA,NA,NA,0.016,0.071	-0.013
2005	0,0,0,0,0	0,61,0,0,0	0,0,0,0,15,0,0,0,0,0,13,0,0,0,15,27	0,0,0,0,569,0,0,4,0,0,619,0,0,0,508,130	277	149	1	1.0	NA,0.0,NA,NA,NA	NA,NA,NA,NA,0.014,NA,NA,0.0,NA,NA,0.011,NA,NA,NA,0.016,0.1	-0.028
2024	0,0,0,0,0	0,9,0,0,0	0,0,0,0,10,0,0,0,0,0,5,0,0,0,9,2	0,0,0,0,53,0,0,0,2,0,57,0,0,0,115,20	256	149	1	1.0	NA,0.0,NA,NA,NA	NA,NA,NA,NA,0.099,NA,NA,NA,0.0,NA,0.049,NA,NA,NA,0.044,0.055	-0.049
2025	0,6,0,0,0	0,0,0,0,0	0,0,0,0,16,0,0,0,0,0,6,0,0,0,8,1	0,0,0,0,32,0,0,0,0,0,19,0,0,0,16,2	291	149	1	1.0	NA,1.0,NA,NA,NA	NA,NA,NA,NA,0.204,NA,NA,NA,NA,NA,0.139,NA,NA,NA,0.204,0.204	0.812
2027	0,0,0,0,0	0,672,2,0,2	0,0,0,0,11,0,0,0,0,0,27,0,0,0,26,15	0,0,0,0,3248,0,0,9,2,4,4465,0,0,0,1983,365	298	149	1	1.0	NA,0.0,0.0,NA,0.0	NA,NA,NA,NA,0.002,NA,NA,0.0,0.0,0.0,0.003,NA,NA,NA,0.007,0.02	-0.005
2033	0,155,0,0,0	0,220,0,0,0	0,0,0,0,263,0,0,0,0,0,92,0,0,0,13,3	0,0,0,0,129,0,0,0,0,0,208,0,0,0,88,19	298	149	1	1.0	NA,0.261,NA,NA,NA	NA,NA,NA,NA,0.505,NA,NA,NA,NA,NA,0.181,NA,NA,NA,0.069,0.073	0.054
2036	0,1,0,0,0	0,10,0,0,0	0,0,0,0,0,0,0,0,0,0,3,0,0,0,0,0	0,0,0,0,95,0,0,0,0,0,82,0,0,0,26,3	154	149	1	1.0	NA,0.088,NA,NA,NA	NA,NA,NA,NA,0.0,NA,NA,NA,NA,NA,0.034,NA,NA,NA,0.0,0.0	0.079
2039	0,10,0,0,0	0,5,0,0,0	0,0,0,0,59,0,0,0,0,0,12,0,0,0,0,0	0,0,0,0,8,0,0,0,0,0,0,0,0,0,0,0	243	149	1	1.0	NA,0.551,NA,NA,NA	NA,NA,NA,NA,0.819,NA,NA,NA,NA,NA,1.0,NA,NA,NA,NA,NA	-0.358
2040	0,24,0,0,0	0,0,0,0,0	0,0,0,0,54,0,0,0,0,0,23,0,0,0,1,1	0,0,0,0,24,0,0,0,0,0,3,0,0,0,0,0	298	149	1	1.0	NA,1.0,NA,NA,NA	NA,NA,NA,NA,0.529,NA,NA,NA,NA,NA,0.793,NA,NA,NA,1.0,1.0	0.169
2041	0,136,0,0,0	0,315,0,0,0	0,0,0,0,214,0,0,0,0,0,78,0,0,0,22,14	0,0,0,0,264,0,0,0,0,0,398,0,0,0,26,15	298	149	1	1.0	NA,0.178,NA,NA,NA	NA,NA,NA,NA,0.288,NA,NA,NA,NA,NA,0.089,NA,NA,NA,0.297,0.318	-0.07
2043	0,25,0,0,0	0,12,0,0,0	0,0,0,0,37,0,0,0,0,0,13,0,0,0,4,0	0,0,0,0,91,0,0,0,0,0,52,0,0,0,1,4	259	149	1	1.0	NA,0.545,NA,NA,NA	NA,NA,NA,NA,0.19,NA,NA,NA,NA,NA,0.126,NA,NA,NA,0.697,0.0	0.292
2044	0,125,0,0,0	0,23,0,0,0	0,0,0,0,375,0,0,0,0,0,44,0,0,0,7,6	0,0,0,0,68,0,0,0,0,0,124,0,0,0,0,3	296	149	1	1.0	NA,0.732,NA,NA,NA	NA,NA,NA,NA,0.735,NA,NA,NA,NA,NA,0.152,NA,NA,NA,1.0,0.502	0.135
2048	0,48,0,0,0	0,0,0,0,0	0,0,0,0,270,0,0,0,0,0,190,0,0,0,147,7	0,0,0,0,0,0,0,0,0,0,1,0,0,0,0,0	298	149	1	1.0	NA,1.0,NA,NA,NA	NA,NA,NA,NA,1.0,NA,NA,NA,NA,NA,0.99,NA,NA,NA,1.0,1.0	0.002
2049	0,0,0,0,0	0,19,2,0,0	0,0,0,0,30,0,0,0,0,0,9,0,0,0,4,0	0,0,0,0,132,0,0,0,0,0,127,0,0,0,116,46	167	149	1	1.0	NA,0.0,0.0,NA,NA	NA,NA,NA,NA,0.169,NA,NA,NA,NA,NA,0.059,NA,NA,NA,0.03,0.0	-0.065
2052	0,0,0,0,0	0,5,0,0,0	0,0,0,0,3,0,0,0,0,0,3,0,0,0,0,0	0,0,0,0,95,2,0,0,0,0,17,0,0,0,9,0	194	149	1	1.0	NA,0.0,NA,NA,NA	NA,NA,NA,NA,0.024,0.0,NA,NA,NA,NA,0.119,NA,NA,NA,0.0,NA	-0.036
2053	0,10,0,0,0	0,59,0,0,0	0,0,0,0,49,0,0,0,0,0,12,0,0,0,12,1	0,0,0,0,254,0,0,0,0,0,703,0,0,0,151,11	291	149	1	1.0	NA,0.08,NA,NA,NA	NA,NA,NA,NA,0.09,NA,NA,NA,NA,NA,0.009,NA,NA,NA,0.039,0.044	0.035
2054	0,0,0,0,0	0,17,0,0,0	0,0,0,0,0,0,0,0,0,0,0,0,0,0,8,0	0,0,0,0,47,0,0,0,0,0,72,0,0,0,122,0	193	149	1	1.0	NA,0.0,NA,NA,NA	NA,NA,NA,NA,0.0,NA,NA,NA,NA,NA,0.0,NA,NA,NA,0.048,NA	-0.016
2055	0,4,0,0,0	0,0,0,0,0	0,0,0,0,54,0,0,0,0,0,78,0,0,0,81,3	0,0,0,0,0,0,0,0,0,0,0,0,0,0,10,0	178	149	1	1.0	NA,1.0,NA,NA,NA	NA,NA,NA,NA,1.0,NA,NA,NA,NA,NA,1.0,NA,NA,NA,0.871,1.0	0.032
2056	0,0,0,0,0	0,40,0,0,0	0,0,0,0,0,0,0,0,2,0,2,0,0,0,0,0	0,0,0,0,98,0,0,0,0,0,27,0,0,0,10,3	163	149	1	1.0	NA,0.0,NA,NA,NA	NA,NA,NA,NA,0.0,NA,NA,NA,1.0,NA,0.063,NA,NA,NA,0.0,0.0	-0.213
2059	0,101,0,0,2	0,3,0,0,0	0,0,0,0,244,0,4,0,0,0,319,0,0,0,136,41	0,0,0,0,0,0,0,0,0,0,0,0,0,0,0,0	186	149	1	1.0	NA,0.964,NA,NA,1.0	NA,NA,NA,NA,1.0,NA,1.0,NA,NA,NA,1.0,NA,NA,NA,1.0,1.0	-0.018
2060	0,11,0,0,0	0,0,0,0,0	0,0,0,0,52,0,0,0,0,0,111,0,0,0,30,5	0,0,0,0,0,0,0,0,0,0,1,0,0,0,0,0	166	149	1	1.0	NA,1.0,NA,NA,NA	NA,NA,NA,NA,1.0,NA,NA,NA,NA,NA,0.99,NA,NA,NA,1.0,1.0	0.002
2061	0,1056,0,0,0	0,0,0,0,0	0,0,0,0,954,0,0,0,4,0,1300,0,0,0,339,119	0,0,0,0,0,0,0,0,0,0,2,0,0,0,0,0	298	149	1	1.0	NA,1.0,NA,NA,NA	NA,NA,NA,NA,1.0,NA,NA,NA,1.0,NA,0.997,NA,NA,NA,1.0,1.0	0.001
2063	0,17,0,0,0	0,0,0,0,0	0,0,0,0,37,2,0,2,0,0,56,0,0,0,208,9	0,0,0,0,0,0,0,0,0,0,0,0,0,0,0,1	298	149	1	1.0	NA,1.0,NA,NA,NA	NA,NA,NA,NA,1.0,1.0,NA,1.0,NA,NA,1.0,NA,NA,NA,1.0,0.818	0.03
2064	0,0,0,0,0	0,7,0,0,0	0,0,0,0,13,2,0,0,0,0,6,0,0,0,14,5	0,0,0,0,7,0,0,0,0,0,9,0,0,0,62,1	267	149	1	1.0	NA,0.0,NA,NA,NA	NA,NA,NA,NA,0.509,1.0,NA,NA,NA,NA,0.271,NA,NA,NA,0.112,0.736	-0.526
2068	0,9,0,0,0	0,0,0,0,0	0,0,0,0,39,0,0,0,0,0,114,0,0,0,22,11	0,0,0,0,5,0,0,0,0,0,3,0,0,0,0,0	240	149	1	1.0	NA,1.0,NA,NA,NA	NA,NA,NA,NA,0.829,NA,NA,NA,NA,NA,0.959,NA,NA,NA,1.0,1.0	0.053
2069	0,0,0,0,0	0,0,0,0,2	0,0,0,0,12,0,0,0,0,0,2,0,0,0,35,2	0,0,0,0,0,0,0,0,2,2,88,0,0,0,175,0	205	149	1	1.0	NA,NA,NA,NA,0.0	NA,NA,NA,NA,1.0,NA,NA,NA,0.0,0.0,0.016,NA,NA,NA,0.127,1.0	-0.357
2070	0,0,0,0,0	0,8,0,0,0	0,0,0,0,22,0,0,0,0,0,14,0,0,0,4,0	0,0,0,0,24,0,0,0,0,0,95,0,0,0,144,5	194	149	1	1.0	NA,0.0,NA,NA,NA	NA,NA,NA,NA,0.413,NA,NA,NA,NA,NA,0.102,NA,NA,NA,0.021,0.0	-0.134
2071	0,26,2,0,0	0,0,0,0,0	0,0,0,0,9,0,0,2,0,0,277,0,0,0,509,63	0,0,0,0,0,0,0,0,0,0,34,0,0,0,46,3	203	149	1	1.0	NA,1.0,1.0,NA,NA	NA,NA,NA,NA,1.0,NA,NA,1.0,NA,NA,0.857,NA,NA,NA,0.89,0.939	0.063
2072	0,8,0,0,0	0,29,0,0,0	0,0,0,0,8,0,2,0,0,0,21,0,0,0,3,1	0,0,0,0,152,0,0,0,2,0,130,0,0,0,19,11	169	149	1	1.0	NA,0.196,NA,NA,NA	NA,NA,NA,NA,0.044,NA,1.0,NA,0.0,NA,0.125,NA,NA,NA,0.122,0.074	-0.032
2073	0,8,0,0,0	0,64,0,0,0	0,0,0,0,18,0,0,0,0,0,16,0,0,0,8,0	0,0,0,0,736,2,2,4,0,0,695,0,0,0,508,163	169	149	1	1.0	NA,0.099,NA,NA,NA	NA,NA,NA,NA,0.021,0.0,0.0,0.0,NA,NA,0.02,NA,NA,NA,0.014,0.0	0.091
2076	0,2,0,0,0	0,75,0,0,4	0,0,0,0,70,0,0,0,0,0,34,0,0,0,10,3	0,0,0,0,488,0,0,0,6,4,797,0,0,0,431,310	298	149	1	1.0	NA,0.013,NA,NA,0.0	NA,NA,NA,NA,0.067,NA,NA,NA,0.0,0.0,0.021,NA,NA,NA,0.011,0.005	-0.011
2080	0,0,0,0,0	0,1,0,0,0	0,0,0,0,7,0,0,0,0,0,0,0,0,0,0,2	0,0,0,0,36,2,2,2,0,0,38,0,0,0,120,19	162	149	1	1.0	NA,0.0,NA,NA,NA	NA,NA,NA,NA,0.152,0.0,0.0,0.0,NA,NA,0.0,NA,NA,NA,0.0,0.088	-0.034
2082	0,9187,2,0,2	0,632,2,0,0	0,0,0,0,14077,8,9,29,0,10,15943,0,0,0,9012,2910	0,0,0,0,316,0,0,6,0,0,1672,0,0,0,928,429	226	149	1	1.0	NA,0.906,0.397,NA,1.0	NA,NA,NA,NA,0.967,1.0,1.0,0.761,NA,1.0,0.863,NA,NA,NA,0.865,0.817	-0.141
2083	0,5688,16,0,18	0,20,0,0,0	0,0,0,0,6213,14,9,26,4,12,8545,0,0,0,9987,3056	0,0,0,0,3,0,0,0,0,0,29,0,0,0,20,1	203	149	1	1.0	NA,0.995,1.0,NA,1.0	NA,NA,NA,NA,0.999,1.0,1.0,1.0,1.0,1.0,0.995,NA,NA,NA,0.997,1.0	-0.001
2084	0,2464,4,0,2	0,20,0,0,0	0,0,0,0,3213,2,7,18,0,2,4022,0,0,0,2313,2693	0,0,0,0,3,0,0,0,0,0,29,0,0,0,20,1	298	149	1	1.0	NA,0.984,1.0,NA,1.0	NA,NA,NA,NA,0.998,1.0,1.0,1.0,NA,1.0,0.986,NA,NA,NA,0.983,0.999	-0.001
2085	0,9,0,0,0	0,3232,12,0,16	0,0,0,0,13,0,0,0,0,0,5,0,0,0,11,46	0,0,0,0,3000,12,2,8,4,10,4528,0,0,0,7682,405	298	149	1	1.0	NA,0.001,0.0,NA,0.0	NA,NA,NA,NA,0.002,0.0,0.0,0.0,0.0,0.0,0.001,NA,NA,NA,0.001,0.054	-0.006
2087	0,53,0,0,0	0,5,0,0,0	0,0,0,0,305,0,0,0,0,0,96,0,0,0,11,1	0,0,0,0,79,0,0,0,0,0,9,0,0,0,0,0	298	149	1	1.0	NA,0.841,NA,NA,NA	NA,NA,NA,NA,0.659,NA,NA,NA,NA,NA,0.842,NA,NA,NA,1.0,1.0	-0.034
2088	0,2807,0,0,0	0,110050,0,0,2	0,0,0,0,19,0,0,0,2,0,30,0,0,0,36,0	0,0,0,0,397,0,0,0,6,14,107,0,0,0,1040,5	296	149	1	1.0	NA,0.013,NA,NA,0.0	NA,NA,NA,NA,0.024,NA,NA,NA,0.144,0.0,0.124,NA,NA,NA,0.017,0.0	-0.045
2090	0,12,0,0,0	0,42,0,0,0	0,0,0,0,34,0,0,0,0,0,9,0,0,0,28,0	0,0,0,0,60,0,0,0,0,0,41,0,0,0,66,3	220	149	1	1.0	NA,0.162,NA,NA,NA	NA,NA,NA,NA,0.277,NA,NA,NA,NA,NA,0.129,NA,NA,NA,0.223,0.0	0.005
2095	0,276,0,0,0	0,20,0,0,0	0,0,0,0,660,0,2,0,0,0,252,0,0,0,64,13	0,0,0,0,18,0,0,0,0,0,50,0,0,0,4,5	176	149	1	1.0	NA,0.921,NA,NA,NA	NA,NA,NA,NA,0.969,NA,1.0,NA,NA,NA,0.81,NA,NA,NA,0.931,0.688	0.041
2097	0,5,0,0,0	0,8,0,0,0	0,0,0,0,55,0,0,0,2,0,11,0,0,0,6,4	0,0,0,0,62,0,0,0,0,0,66,0,0,0,16,1	197	149	1	1.0	NA,0.321,NA,NA,NA	NA,NA,NA,NA,0.402,NA,NA,NA,1.0,NA,0.112,NA,NA,NA,0.221,0.752	-0.176
2099	0,0,0,0,0	0,5,0,0,0	0,0,0,0,0,0,0,0,0,0,0,0,0,0,2,0	0,0,0,0,0,0,0,0,0,0,0,0,0,0,0,0	151	149	1	1.0	NA,0.0,NA,NA,NA	NA,NA,NA,NA,NA,NA,NA,NA,NA,NA,NA,NA,NA,NA,1.0,NA	-1.0
2102	0,7,2,0,0	0,0,0,0,0	0,0,0,0,36,2,0,0,0,0,90,0,0,0,521,85	0,0,0,0,13,0,0,0,0,0,9,0,0,0,67,15	161	149	1	1.0	NA,1.0,1.0,NA,NA	NA,NA,NA,NA,0.719,1.0,NA,NA,NA,NA,0.902,NA,NA,NA,0.878,0.84	0.132
2103	0,5,0,0,0	0,0,0,0,0	0,0,0,0,14,0,0,0,0,0,47,0,0,0,126,15	0,0,0,0,0,0,0,0,0,0,1,0,0,0,0,1	174	149	1	1.0	NA,1.0,NA,NA,NA	NA,NA,NA,NA,1.0,NA,NA,NA,NA,NA,0.976,NA,NA,NA,1.0,0.928	0.024
2106	0,2,0,0,0	0,0,0,0,0	0,0,0,0,9,0,0,0,0,0,59,0,0,0,144,13	0,0,0,0,0,0,0,2,0,0,4,0,0,0,27,0	245	149	1	1.0	NA,1.0,NA,NA,NA	NA,NA,NA,NA,1.0,NA,NA,0.0,NA,NA,0.9,NA,NA,NA,0.764,1.0	0.267
2107	0,2,0,0,0	0,34,4,0,0	0,0,0,0,0,0,0,0,0,0,5,0,0,0,8,0	0,0,0,0,85,3,0,2,0,0,181,0,0,0,215,18	231	149	1	1.0	NA,0.037,0.0,NA,NA	NA,NA,NA,NA,0.0,0.0,NA,0.0,NA,NA,0.018,NA,NA,NA,0.023,0.0	0.012
2109	0,0,0,0,0	0,37,0,0,0	0,0,0,0,0,0,0,0,0,0,0,0,0,0,0,1	0,0,0,0,277,0,0,0,0,0,363,0,0,0,26,68	175	149	1	1.0	NA,0.0,NA,NA,NA	NA,NA,NA,NA,0.0,NA,NA,NA,NA,NA,0.0,NA,NA,NA,0.0,0.012	-0.003
2110	0,130,0,0,0	0,0,0,0,0	0,0,0,0,405,0,0,0,0,0,812,0,0,0,295,130	0,0,0,0,0,0,0,0,0,0,10,0,0,0,3,0	298	149	1	1.0	NA,1.0,NA,NA,NA	NA,NA,NA,NA,1.0,NA,NA,NA,NA,NA,0.976,NA,NA,NA,0.98,1.0	0.011
2115	0,0,0,0,0	0,2,0,0,0	0,0,0,0,0,0,0,0,0,0,3,0,0,0,29,0	0,0,0,0,9,0,0,2,0,0,21,0,0,0,111,14	158	149	1	1.0	NA,0.0,NA,NA,NA	NA,NA,NA,NA,0.0,NA,NA,0.0,NA,NA,0.119,NA,NA,NA,0.198,0.0	-0.063
2117	0,1,0,0,0	0,0,0,0,0	0,0,0,0,38,0,4,0,0,0,84,0,0,0,248,18	0,0,0,0,0,0,0,0,0,0,3,0,0,0,8,2	249	149	1	1.0	NA,1.0,NA,NA,NA	NA,NA,NA,NA,1.0,NA,1.0,NA,NA,NA,0.944,NA,NA,NA,0.949,0.843	0.053
2119	0,1,0,0,0	0,67,0,0,0	0,0,0,0,10,0,0,0,0,0,4,0,0,0,0,0	0,0,0,0,313,0,0,0,0,0,421,0,0,0,427,28	298	149	1	1.0	NA,0.007,NA,NA,NA	NA,NA,NA,NA,0.016,NA,NA,NA,NA,NA,0.005,NA,NA,NA,0.0,0.0	0.002
2122	0,0,0,0,0	0,14,0,0,0	0,0,0,0,0,0,0,0,0,0,4,0,0,0,0,0	0,0,0,0,57,0,0,0,2,0,53,0,0,0,68,7	298	149	1	1.0	NA,0.0,NA,NA,NA	NA,NA,NA,NA,0.0,NA,NA,NA,0.0,NA,0.036,NA,NA,NA,0.0,0.0	-0.007
2125	0,270,0,0,2	0,0,0,0,0	0,0,0,0,748,0,0,0,0,0,549,0,0,0,59,47	0,0,0,0,10,0,0,0,0,0,3,0,0,0,0,2	298	149	1	1.0	NA,1.0,NA,NA,1.0	NA,NA,NA,NA,0.974,NA,NA,NA,NA,NA,0.989,NA,NA,NA,1.0,0.922	0.029
2126	0,68,0,0,2	0,3,0,0,0	0,0,0,0,111,0,0,0,0,0,44,0,0,0,0,16	0,0,0,0,0,0,0,0,0,0,0,0,0,0,0,0	298	149	1	1.0	NA,0.919,NA,NA,1.0	NA,NA,NA,NA,1.0,NA,NA,NA,NA,NA,1.0,NA,NA,NA,NA,1.0	-0.04
2129	0,4,0,0,0	0,7,0,0,0	0,0,0,0,33,0,0,0,0,0,0,0,0,0,9,0	0,0,0,0,0,0,0,0,0,0,6,0,0,0,0,0	167	149	1	1.0	NA,0.338,NA,NA,NA	NA,NA,NA,NA,1.0,NA,NA,NA,NA,NA,0.0,NA,NA,NA,1.0,NA	-0.329
2134	0,5,0,0,0	0,347,0,0,0	0,0,0,0,0,0,0,0,0,0,14,0,0,0,11,5	0,0,0,0,376,0,4,2,0,2,719,0,0,0,1048,10	283	149	1	1.0	NA,0.008,NA,NA,NA	NA,NA,NA,NA,0.0,NA,0.0,0.0,NA,0.0,0.01,NA,NA,NA,0.005,0.208	-0.024
2137	0,75,0,0,0	0,39,0,0,0	0,0,0,0,297,0,0,0,0,0,530,0,0,0,62,111	0,0,0,0,112,0,0,0,0,2,178,0,0,0,56,13	298	149	1	1.0	NA,0.49,NA,NA,NA	NA,NA,NA,NA,0.57,NA,NA,NA,NA,0.0,0.598,NA,NA,NA,0.356,0.81	0.023
2139	0,20,0,0,0	0,0,0,0,0	0,0,0,0,92,2,0,0,0,2,68,0,0,0,182,23	0,0,0,0,0,0,0,0,0,0,0,0,0,0,0,1	209	149	1	1.0	NA,1.0,NA,NA,NA	NA,NA,NA,NA,1.0,1.0,NA,NA,NA,1.0,1.0,NA,NA,NA,1.0,0.943	0.01
2140	0,1,0,0,0	0,9,0,0,0	0,0,0,0,13,0,0,0,0,0,14,0,0,0,15,5	0,0,0,0,28,0,2,0,0,0,40,0,0,0,140,19	156	149	1	1.0	NA,0.096,NA,NA,NA	NA,NA,NA,NA,0.307,NA,0.0,NA,NA,NA,0.251,NA,NA,NA,0.093,0.201	-0.074
2141	0,4,0,0,0	0,33,0,0,0	0,0,0,0,39,0,0,0,0,0,17,0,0,0,7,5	0,0,0,0,55,0,0,0,0,0,59,0,0,0,7,4	298	149	1	1.0	NA,0.057,NA,NA,NA	NA,NA,NA,NA,0.262,NA,NA,NA,NA,NA,0.126,NA,NA,NA,0.333,0.385	-0.22
2142	0,22,0,0,0	0,6,0,0,0	0,0,0,0,50,0,0,0,0,0,109,0,0,0,74,28	0,0,0,0,34,0,0,0,0,0,0,0,0,0,2,1	172	149	1	1.0	NA,0.761,NA,NA,NA	NA,NA,NA,NA,0.56,NA,NA,NA,NA,NA,1.0,NA,NA,NA,0.97,0.96	-0.112
2143	0,111,1,0,2	0,4,0,0,0	0,0,0,0,214,0,1,0,0,0,574,0,0,0,448,45	0,0,0,0,0,0,0,0,0,0,11,0,0,0,6,0	298	149	1	1.0	NA,0.933,1.0,NA,1.0	NA,NA,NA,NA,1.0,NA,1.0,NA,NA,NA,0.963,NA,NA,NA,0.974,1.0	-0.01
2144	0,44,0,0,0	0,0,0,0,0	0,0,0,0,256,0,0,0,0,2,475,0,0,0,426,33	0,0,0,0,0,0,0,0,0,0,1,0,0,0,0,0	161	149	1	1.0	NA,1.0,NA,NA,NA	NA,NA,NA,NA,1.0,NA,NA,NA,NA,1.0,0.998,NA,NA,NA,1.0,1.0	0.0
2145	0,49,0,0,0	0,0,0,0,0	0,0,0,0,360,0,0,0,0,0,254,0,0,0,44,13	0,0,0,0,19,0,0,0,0,0,10,0,0,0,0,0	298	149	1	1.0	NA,1.0,NA,NA,NA	NA,NA,NA,NA,0.905,NA,NA,NA,NA,NA,0.927,NA,NA,NA,1.0,1.0	0.042
2146	0,0,0,0,0	0,49,0,0,0	0,0,0,0,0,0,0,0,0,0,5,0,0,0,1,0	0,0,0,0,365,0,0,0,0,0,252,0,0,0,52,21	158	149	1	1.0	NA,0.0,NA,NA,NA	NA,NA,NA,NA,0.0,NA,NA,NA,NA,NA,0.018,NA,NA,NA,0.018,0.0	-0.009
2148	0,68,0,0,0	0,7,0,0,0	0,0,0,0,213,0,0,0,0,0,216,0,0,0,116,8	0,0,0,0,11,0,0,0,0,0,33,0,0,0,17,0	181	149	1	1.0	NA,0.889,NA,NA,NA	NA,NA,NA,NA,0.941,NA,NA,NA,NA,NA,0.843,NA,NA,NA,0.849,1.0	-0.019
2149	0,0,0,0,0	0,21,0,0,0	0,0,0,0,0,0,0,0,0,0,0,0,0,0,4,2	0,0,0,0,96,2,2,2,0,0,150,0,0,0,130,74	165	149	1	1.0	NA,0.0,NA,NA,NA	NA,NA,NA,NA,0.0,0.0,0.0,0.0,NA,NA,0.0,NA,NA,NA,0.027,0.024	-0.007
2154	0,2,0,0,0	0,2,0,0,0	0,0,0,0,0,0,0,0,0,0,4,0,0,0,0,0	0,0,0,0,62,0,0,0,0,0,40,0,0,0,65,8	298	149	1	1.0	NA,0.333,NA,NA,NA	NA,NA,NA,NA,0.0,NA,NA,NA,NA,NA,0.048,NA,NA,NA,0.0,0.0	0.321
2157	0,0,0,0,0	0,7,0,0,0	0,0,0,0,0,2,0,0,0,0,0,0,0,0,20,8	0,0,0,0,84,0,0,0,0,0,40,0,0,0,148,10	298	149	1	1.0	NA,0.0,NA,NA,NA	NA,NA,NA,NA,0.0,1.0,NA,NA,NA,NA,0.0,NA,NA,NA,0.063,0.286	-0.27
2159	0,0,0,0,0	0,5,0,0,0	0,0,0,0,27,0,0,2,0,0,55,0,0,0,41,5	0,0,0,0,123,0,0,0,0,0,116,0,0,0,38,4	161	149	1	1.0	NA,0.0,NA,NA,NA	NA,NA,NA,NA,0.169,NA,NA,1.0,NA,NA,0.305,NA,NA,NA,0.5,0.536	-0.502
2160	0,1,0,0,0	0,9,0,0,0	0,0,0,0,29,0,0,0,0,0,57,0,0,0,33,8	0,0,0,0,217,0,0,0,0,0,111,0,0,0,58,8	161	149	1	1.0	NA,0.093,NA,NA,NA	NA,NA,NA,NA,0.11,NA,NA,NA,NA,NA,0.322,NA,NA,NA,0.345,0.481	-0.222
2162	0,0,0,0,0	0,13,0,0,0	0,0,0,0,0,0,0,0,0,0,14,0,0,0,18,13	0,0,0,0,138,0,2,0,0,0,181,0,0,0,140,16	158	149	1	1.0	NA,0.0,NA,NA,NA	NA,NA,NA,NA,0.0,NA,0.0,NA,NA,NA,0.068,NA,NA,NA,0.108,0.434	-0.122
2163	0,6,0,0,0	0,3,0,0,0	0,0,0,0,31,0,0,0,0,0,15,0,0,0,0,0	0,0,0,0,0,0,0,0,0,0,5,0,0,0,0,0	193	149	1	1.0	NA,0.607,NA,NA,NA	NA,NA,NA,NA,1.0,NA,NA,NA,NA,NA,0.698,NA,NA,NA,NA,NA	-0.242
2164	0,311,0,0,0	0,15,0,0,0	0,0,0,0,761,0,0,0,0,0,1210,0,0,0,287,71	0,0,0,0,50,0,0,0,0,0,181,0,0,0,317,52	298	149	1	1.0	NA,0.912,NA,NA,NA	NA,NA,NA,NA,0.884,NA,NA,NA,NA,NA,0.77,NA,NA,NA,0.312,0.406	0.319
2165	0,0,0,0,0	0,41,0,0,0	0,0,0,0,0,0,0,0,0,0,0,0,0,0,0,6	0,0,0,0,26,0,0,0,0,0,8,0,0,0,0,4	298	149	1	1.0	NA,0.0,NA,NA,NA	NA,NA,NA,NA,0.0,NA,NA,NA,NA,NA,0.0,NA,NA,NA,NA,0.429	-0.143
2166	0,0,0,0,0	0,3,0,0,0	0,0,0,0,9,0,0,0,0,0,0,0,0,0,60,3	0,0,0,0,111,0,0,0,0,0,169,0,0,0,856,14	155	149	1	1.0	NA,0.0,NA,NA,NA	NA,NA,NA,NA,0.072,NA,NA,NA,NA,NA,0.0,NA,NA,NA,0.063,0.171	-0.077
2168	0,5,0,0,0	0,0,0,0,0	0,0,0,0,23,0,0,0,0,0,85,0,0,0,105,44	0,0,0,0,0,0,0,0,0,0,2,0,0,0,1,0	241	149	1	1.0	NA,1.0,NA,NA,NA	NA,NA,NA,NA,1.0,NA,NA,NA,NA,NA,0.963,NA,NA,NA,0.985,1.0	0.013
2169	0,2,0,0,0	0,5,0,0,0	0,0,0,0,0,0,0,0,0,0,0,0,0,0,0,0	0,0,0,0,115,0,0,0,0,0,44,0,0,0,37,10	160	149	1	1.0	NA,0.271,NA,NA,NA	NA,NA,NA,NA,0.0,NA,NA,NA,NA,NA,0.0,NA,NA,NA,0.0,0.0	0.271
2170	0,29,0,0,0	0,152,0,0,0	0,0,0,0,4,0,0,0,0,0,12,0,0,0,4,11	0,0,0,0,168,0,0,0,0,0,193,0,0,0,44,87	298	149	1	1.0	NA,0.087,NA,NA,NA	NA,NA,NA,NA,0.012,NA,NA,NA,NA,NA,0.03,NA,NA,NA,0.043,0.059	0.051
2171	0,28,0,0,0	0,127,0,0,0	0,0,0,0,8,0,0,0,0,0,20,0,0,0,15,0	0,0,0,0,179,0,0,0,0,0,176,0,0,0,145,17	161	149	1	1.0	NA,0.169,NA,NA,NA	NA,NA,NA,NA,0.04,NA,NA,NA,NA,NA,0.095,NA,NA,NA,0.087,0.0	0.114
2172	0,50,0,0,0	0,0,0,0,0	0,0,0,0,136,0,0,2,0,0,153,0,0,0,54,29	0,0,0,0,0,0,0,0,0,0,0,0,0,0,14,2	170	149	1	1.0	NA,1.0,NA,NA,NA	NA,NA,NA,NA,1.0,NA,NA,1.0,NA,NA,1.0,NA,NA,NA,0.772,0.927	0.06
2173	0,0,0,0,0	0,60,0,0,0	0,0,0,0,5,0,0,0,0,0,0,0,0,0,0,1	0,0,0,0,246,0,0,0,0,0,90,0,0,0,42,27	153	149	1	1.0	NA,0.0,NA,NA,NA	NA,NA,NA,NA,0.019,NA,NA,NA,NA,NA,0.0,NA,NA,NA,0.0,0.035	-0.014
2174	0,121,0,0,0	0,277,0,0,0	0,0,0,0,116,0,0,0,0,0,45,0,0,0,20,2	0,0,0,0,105,0,0,0,0,0,156,0,0,0,9,15	173	149	1	1.0	NA,0.273,NA,NA,NA	NA,NA,NA,NA,0.488,NA,NA,NA,NA,NA,0.199,NA,NA,NA,0.657,0.103	-0.089
2177	0,4,0,0,0	0,103,0,0,0	0,0,0,0,122,0,0,0,0,0,456,0,0,0,119,62	0,0,0,0,5345,6,2,4,2,4,12314,0,0,0,2776,993	297	149	1	1.0	NA,0.019,NA,NA,NA	NA,NA,NA,NA,0.011,0.0,0.0,0.0,0.0,0.0,0.018,NA,NA,NA,0.021,0.03	0.01
2178	0,665,0,0,4	0,0,0,0,0	0,0,0,0,663,0,0,0,2,4,2151,0,0,0,595,160	0,0,0,0,0,0,0,0,0,0,3,0,0,0,0,1	298	149	1	1.0	NA,1.0,NA,NA,1.0	NA,NA,NA,NA,1.0,NA,NA,NA,1.0,1.0,0.997,NA,NA,NA,1.0,0.988	0.003
2179	0,2,0,0,0	0,0,0,0,0	0,0,0,0,10,2,0,2,0,0,31,0,0,0,28,4	0,0,0,0,47,0,0,0,0,0,0,0,0,0,0,0	203	149	1	1.0	NA,1.0,NA,NA,NA	NA,NA,NA,NA,0.135,1.0,NA,1.0,NA,NA,1.0,NA,NA,NA,1.0,1.0	0.144
2180	0,1660,9,0,4	0,0,0,0,0	0,0,0,0,5721,8,6,25,2,2,7014,0,0,0,6195,3096	0,0,0,0,0,0,0,0,0,0,0,0,0,0,0,1	151	149	1	1.0	NA,1.0,1.0,NA,1.0	NA,NA,NA,NA,1.0,1.0,1.0,1.0,1.0,1.0,1.0,NA,NA,NA,1.0,1.0	0.0
2183	0,24,0,0,0	0,0,0,0,0	0,0,0,0,164,0,0,0,0,0,174,0,0,0,250,20	0,0,0,0,0,0,0,0,0,0,5,0,0,0,0,3	193	149	1	1.0	NA,1.0,NA,NA,NA	NA,NA,NA,NA,1.0,NA,NA,NA,NA,NA,0.964,NA,NA,NA,1.0,0.837	0.05
2184	0,0,0,0,0	0,12,0,0,0	0,0,0,0,0,0,0,0,0,0,3,0,0,0,8,2	0,0,0,0,123,0,0,0,0,0,154,0,0,0,185,19	174	149	1	1.0	NA,0.0,NA,NA,NA	NA,NA,NA,NA,0.0,NA,NA,NA,NA,NA,0.016,NA,NA,NA,0.036,0.083	-0.034
2185	0,0,0,0,0	0,34,0,0,0	0,0,0,0,0,0,0,0,0,0,1,0,0,0,0,0	0,0,0,0,119,0,0,0,0,0,129,0,0,0,193,7	229	149	1	1.0	NA,0.0,NA,NA,NA	NA,NA,NA,NA,0.0,NA,NA,NA,NA,NA,0.005,NA,NA,NA,0.0,0.0	-0.001
2186	0,20,0,0,0	0,24,0,0,0	0,0,0,0,121,0,0,1,0,0,167,0,0,0,14,12	0,0,0,0,58,0,0,2,0,0,87,0,0,0,9,4	161	149	1	1.0	NA,0.435,NA,NA,NA	NA,NA,NA,NA,0.659,NA,NA,0.316,NA,NA,0.64,NA,NA,NA,0.59,0.735	-0.153
2195	0,50,0,0,0	0,0,0,0,0	0,0,0,0,74,0,0,0,0,0,36,0,0,0,60,0	0,0,0,0,0,0,0,0,0,0,0,0,0,0,6,0	231	149	1	1.0	NA,1.0,NA,NA,NA	NA,NA,NA,NA,1.0,NA,NA,NA,NA,NA,1.0,NA,NA,NA,0.866,NA	0.045
2196	0,7,0,0,0	0,449,0,0,2	0,0,0,0,60,0,0,0,0,0,51,0,0,0,2,31	0,0,0,0,1881,0,0,3,4,2,3448,0,0,0,158,157	298	149	1	1.0	NA,0.008,NA,NA,0.0	NA,NA,NA,NA,0.016,NA,NA,0.0,0.0,0.0,0.007,NA,NA,NA,0.006,0.09	-0.013
2197	0,238,0,0,0	0,0,0,0,0	0,0,0,0,430,0,0,4,0,0,886,0,0,0,58,39	0,0,0,0,0,0,0,0,0,0,2,0,0,0,0,0	181	149	1	1.0	NA,1.0,NA,NA,NA	NA,NA,NA,NA,1.0,NA,NA,1.0,NA,NA,0.997,NA,NA,NA,1.0,1.0	0.001
2198	0,1128,2,0,6	0,0,0,0,0	0,0,0,0,2269,0,2,10,10,0,4175,0,0,0,737,508	0,0,0,0,4,0,0,0,0,0,0,0,0,0,0,0	181	149	1	1.0	NA,1.0,1.0,NA,1.0	NA,NA,NA,NA,0.998,NA,1.0,1.0,1.0,NA,1.0,NA,NA,NA,1.0,1.0	0.0
2206	0,0,0,0,0	0,0,0,0,2	0,0,0,0,11,0,0,0,0,0,9,0,0,0,22,0	0,0,0,0,182,0,0,0,2,0,40,0,0,0,41,7	173	149	1	1.0	NA,NA,NA,NA,0.0	NA,NA,NA,NA,0.049,NA,NA,NA,0.0,NA,0.162,NA,NA,NA,0.316,0.0	-0.105
2207	0,0,0,0,0	0,7,0,0,0	0,0,0,0,12,0,0,0,0,0,3,0,0,0,4,3	0,0,0,0,13,0,0,0,0,0,17,0,0,0,31,24	298	149	1	1.0	NA,0.0,NA,NA,NA	NA,NA,NA,NA,0.316,NA,NA,NA,NA,NA,0.081,NA,NA,NA,0.061,0.059	-0.129
2209	0,15,0,0,0	0,0,0,0,0	0,0,0,0,105,0,0,0,0,0,50,0,0,0,74,10	0,0,0,0,0,0,0,0,0,0,4,0,0,0,8,1	195	149	1	1.0	NA,1.0,NA,NA,NA	NA,NA,NA,NA,1.0,NA,NA,NA,NA,NA,0.905,NA,NA,NA,0.876,0.884	0.084
2210	0,104,0,0,0	0,0,0,0,0	0,0,0,0,347,0,0,0,0,0,398,0,0,0,6,2	0,0,0,0,0,0,0,0,0,0,13,0,0,0,20,0	188	149	1	1.0	NA,1.0,NA,NA,NA	NA,NA,NA,NA,1.0,NA,NA,NA,NA,NA,0.96,NA,NA,NA,0.192,1.0	0.212
2211	0,32,0,0,0	0,3,0,0,0	0,0,0,0,68,0,0,0,0,0,96,0,0,0,11,3	0,0,0,0,3,0,0,0,0,0,7,0,0,0,6,0	152	149	1	1.0	NA,0.913,NA,NA,NA	NA,NA,NA,NA,0.957,NA,NA,NA,NA,NA,0.931,NA,NA,NA,0.642,1.0	0.031
2212	0,37,0,0,0	0,3,0,0,0	0,0,0,0,81,0,0,0,0,0,119,0,0,0,11,3	0,0,0,0,0,0,0,0,0,0,3,0,0,0,0,0	188	149	1	1.0	NA,0.907,NA,NA,NA	NA,NA,NA,NA,1.0,NA,NA,NA,NA,NA,0.969,NA,NA,NA,1.0,1.0	-0.085
2213	0,8,0,0,0	0,3,0,0,0	0,0,0,0,16,0,0,0,0,0,30,0,0,0,6,0	0,0,0,0,0,0,0,0,0,0,3,0,0,0,0,0	185	149	1	1.0	NA,0.682,NA,NA,NA	NA,NA,NA,NA,1.0,NA,NA,NA,NA,NA,0.89,NA,NA,NA,1.0,NA	-0.281
2224	0,60,0,0,4	0,2,0,0,0	0,0,0,0,175,0,0,0,0,0,255,0,0,0,190,6	0,0,0,0,21,0,0,0,0,0,11,0,0,0,17,3	298	149	1	1.0	NA,0.938,NA,NA,1.0	NA,NA,NA,NA,0.806,NA,NA,NA,NA,NA,0.921,NA,NA,NA,0.848,0.5	0.2
2226	0,0,0,0,0	0,114,0,0,0	0,0,0,0,0,0,0,0,0,0,2,0,0,0,3,1	0,0,0,0,581,0,0,1,0,0,446,0,0,0,233,21	205	149	1	1.0	NA,0.0,NA,NA,NA	NA,NA,NA,NA,0.0,NA,NA,0.0,NA,NA,0.003,NA,NA,NA,0.009,0.033	-0.009
2227	0,5,0,0,0	0,114,0,0,0	0,0,0,0,7,0,0,0,0,0,2,0,0,0,6,5	0,0,0,0,581,0,0,1,0,0,446,0,0,0,233,21	298	149	1	1.0	NA,0.021,NA,NA,NA	NA,NA,NA,NA,0.006,NA,NA,0.0,NA,NA,0.002,NA,NA,NA,0.013,0.106	-0.004
2229	0,6,0,0,0	0,0,0,0,0	0,0,0,0,40,0,0,0,0,0,3,0,0,0,31,0	0,0,0,0,0,0,0,0,0,0,7,0,0,0,0,0	298	149	1	1.0	NA,1.0,NA,NA,NA	NA,NA,NA,NA,1.0,NA,NA,NA,NA,NA,0.176,NA,NA,NA,1.0,NA	0.275
2230	0,6,0,0,0	0,1,0,0,0	0,0,0,0,11,0,0,0,0,0,24,0,0,0,30,1	0,0,0,0,0,0,0,0,0,0,17,0,0,0,0,1	182	149	1	1.0	NA,0.831,NA,NA,NA	NA,NA,NA,NA,1.0,NA,NA,NA,NA,NA,0.536,NA,NA,NA,1.0,0.45	0.084
2232	0,0,0,0,0	0,93,2,0,0	0,0,0,0,13,0,0,0,0,0,12,0,0,0,2,2	0,0,0,0,305,0,0,4,0,2,535,0,0,0,735,128	155	149	1	1.0	NA,0.0,0.0,NA,NA	NA,NA,NA,NA,0.039,NA,NA,0.0,NA,0.0,0.021,NA,NA,NA,0.003,0.015	-0.013
2237	0,47,0,0,0	0,30,0,0,0	0,0,0,0,237,0,0,0,0,0,6,0,0,0,17,4	0,0,0,0,460,0,0,6,9,0,816,0,0,0,944,311	210	149	1	1.0	NA,0.526,NA,NA,NA	NA,NA,NA,NA,0.268,NA,NA,0.0,0.0,NA,0.005,NA,NA,NA,0.013,0.009	0.477
2238	0,0,0,0,0	0,7,0,0,0	0,0,0,0,5,0,0,0,0,0,0,0,0,0,0,0	0,0,0,0,12,0,2,0,0,0,68,0,0,0,189,3	154	149	1	1.0	NA,0.0,NA,NA,NA	NA,NA,NA,NA,0.287,NA,0.0,NA,NA,NA,0.0,NA,NA,NA,0.0,0.0	-0.057
2239	0,40,0,0,0	0,3,0,0,0	0,0,0,0,38,0,0,0,0,0,102,0,0,0,34,82	0,0,0,0,0,0,0,0,0,0,0,0,0,0,0,2	196	149	1	1.0	NA,0.91,NA,NA,NA	NA,NA,NA,NA,1.0,NA,NA,NA,NA,NA,1.0,NA,NA,NA,1.0,0.969	-0.082
2240	0,5,0,0,0	0,3,0,0,0	0,0,0,0,26,0,0,0,0,0,18,0,0,0,14,14	0,0,0,0,0,0,0,0,0,0,0,0,0,0,0,2	209	149	1	1.0	NA,0.543,NA,NA,NA	NA,NA,NA,NA,1.0,NA,NA,NA,NA,NA,1.0,NA,NA,NA,1.0,0.833	-0.415
2241	0,0,0,0,0	0,35,0,0,0	0,0,0,0,11,0,0,0,0,0,0,0,0,0,0,12	0,0,0,0,23,0,0,0,0,0,84,0,0,0,20,80	162	149	1	1.0	NA,0.0,NA,NA,NA	NA,NA,NA,NA,0.305,NA,NA,NA,NA,NA,0.0,NA,NA,NA,0.0,0.121	-0.106
2246	0,144,0,0,0	0,296,0,0,0	0,0,0,0,199,4,0,2,0,0,723,0,0,0,486,34	0,0,0,0,682,2,4,4,4,0,1687,0,0,0,1663,42	275	149	1	1.0	NA,0.209,NA,NA,NA	NA,NA,NA,NA,0.137,0.52,0.0,0.213,0.0,NA,0.188,NA,NA,NA,0.137,0.305	0.021
2247	0,50,0,0,0	0,0,0,0,0	0,0,0,0,140,2,0,0,0,0,300,0,0,0,246,12	0,0,0,0,8,0,0,0,0,0,10,0,0,0,32,0	275	149	1	1.0	NA,1.0,NA,NA,NA	NA,NA,NA,NA,0.905,1.0,NA,NA,NA,NA,0.942,NA,NA,NA,0.806,1.0	0.069
2248	0,0,0,0,0	0,3,0,0,0	0,0,0,0,30,0,0,0,0,0,30,0,0,0,27,0	0,0,0,0,34,0,0,0,0,0,16,0,0,0,2,0	197	149	1	1.0	NA,0.0,NA,NA,NA	NA,NA,NA,NA,0.4,NA,NA,NA,NA,NA,0.586,NA,NA,NA,0.911,NA	-0.632
2253	0,1,0,0,0	0,133,0,0,0	0,0,0,0,12,0,0,0,0,0,5,0,0,0,0,0	0,0,0,0,246,0,0,0,0,0,71,0,0,0,5,30	179	149	1	1.0	NA,0.006,NA,NA,NA	NA,NA,NA,NA,0.039,NA,NA,NA,NA,NA,0.055,NA,NA,NA,0.0,0.0	-0.018
2255	0,53,0,0,0	0,53,0,0,2	0,0,0,0,86,0,6,0,0,0,100,0,0,0,154,8	0,0,0,0,55,0,0,0,0,0,75,0,0,0,151,13	158	149	1	1.0	NA,0.485,NA,NA,0.0	NA,NA,NA,NA,0.596,NA,1.0,NA,NA,NA,0.557,NA,NA,NA,0.49,0.367	-0.359
2256	0,54,0,0,4	0,7,0,0,0	0,0,0,0,152,0,0,2,2,0,229,0,0,0,242,32	0,0,0,0,0,0,0,0,0,2,12,0,0,0,29,0	203	149	1	1.0	NA,0.85,NA,NA,1.0	NA,NA,NA,NA,1.0,NA,NA,1.0,1.0,0.0,0.933,NA,NA,NA,0.86,1.0	0.097
2257	0,5264,708,0,1202	0,16,2,0,0	0,0,0,0,1874,1153,453,584,418,906,38368,0,0,0,139193,4842	0,0,0,0,10,0,0,0,0,0,15,0,0,0,68,3	298	149	1	1.0	NA,0.994,0.994,NA,1.0	NA,NA,NA,NA,0.989,1.0,1.0,1.0,1.0,1.0,0.999,NA,NA,NA,0.999,0.999	-0.002
2259	0,686,2,0,0	0,1,0,0,0	0,0,0,0,650,0,0,0,0,0,935,0,0,0,603,15	0,0,0,0,0,0,0,0,0,0,3,0,0,0,0,0	298	149	1	1.0	NA,0.997,1.0,NA,NA	NA,NA,NA,NA,1.0,NA,NA,NA,NA,NA,0.994,NA,NA,NA,1.0,1.0	0.0
2260	0,303,0,0,4	0,8,0,0,0	0,0,0,0,440,0,0,2,0,0,807,0,0,0,493,111	0,0,0,0,0,0,0,0,0,0,6,0,0,0,2,0	153	149	1	1.0	NA,0.974,NA,NA,1.0	NA,NA,NA,NA,1.0,NA,NA,1.0,NA,NA,0.992,NA,NA,NA,0.996,1.0	-0.011
2270	0,9,0,0,0	0,6,0,0,0	0,0,0,0,33,0,0,0,0,0,12,0,0,0,19,0	0,0,0,0,8,0,0,0,0,0,4,0,0,0,12,1	282	149	1	1.0	NA,0.442,NA,NA,NA	NA,NA,NA,NA,0.685,NA,NA,NA,NA,NA,0.613,NA,NA,NA,0.456,0.0	0.004
2271	0,40,2,0,0	0,0,0,0,0	0,0,0,0,82,0,0,0,0,0,108,0,0,0,167,19	0,0,0,0,9,0,0,0,0,0,1,0,0,0,0,0	183	149	1	1.0	NA,1.0,1.0,NA,NA	NA,NA,NA,NA,0.881,NA,NA,NA,NA,NA,0.989,NA,NA,NA,1.0,1.0	0.032
2272	0,32,2,0,0	0,0,0,0,0	0,0,0,0,140,4,0,0,0,0,496,0,0,0,636,18	0,0,0,0,4,0,0,0,0,0,11,0,0,0,15,2	176	149	1	1.0	NA,1.0,1.0,NA,NA	NA,NA,NA,NA,0.967,1.0,NA,NA,NA,NA,0.974,NA,NA,NA,0.973,0.884	0.04
2276	0,13,0,0,0	0,3,0,0,0	0,0,0,0,12,0,0,0,0,0,11,0,0,0,7,1	0,0,0,0,0,0,0,0,0,0,0,0,0,0,7,0	298	149	1	1.0	NA,0.684,NA,NA,NA	NA,NA,NA,NA,1.0,NA,NA,NA,NA,NA,1.0,NA,NA,NA,0.333,1.0	-0.149
2277	0,231,0,0,0	0,697,0,0,2	0,0,0,0,595,0,0,0,0,0,324,0,0,0,98,156	0,0,0,0,1880,0,0,0,4,0,1330,0,0,0,1076,459	274	149	1	1.0	NA,0.153,NA,NA,0.0	NA,NA,NA,NA,0.147,NA,NA,NA,0.0,NA,0.117,NA,NA,NA,0.047,0.156	-0.017
2286	0,13,0,0,0	0,98,0,0,0	0,0,0,0,0,0,0,0,0,0,32,0,0,0,0,14	0,0,0,0,169,0,0,0,0,0,369,0,0,0,0,100	184	149	1	1.0	NA,0.097,NA,NA,NA	NA,NA,NA,NA,0.0,NA,NA,NA,NA,NA,0.066,NA,NA,NA,NA,0.102	0.041
2289	0,0,0,0,0	0,3,0,0,4	0,0,0,0,14,0,0,0,0,0,2,0,0,0,11,0	0,0,0,0,15,0,0,0,0,0,40,0,0,0,141,3	261	149	1	1.0	NA,0.0,NA,NA,0.0	NA,NA,NA,NA,0.348,NA,NA,NA,NA,NA,0.028,NA,NA,NA,0.043,0.0	-0.105
2291	0,51,0,0,0	0,8,0,0,0	0,0,0,0,204,0,0,2,0,0,510,0,0,0,272,26	0,0,0,0,0,0,0,0,0,0,0,0,0,0,0,1	298	149	1	1.0	NA,0.761,NA,NA,NA	NA,NA,NA,NA,1.0,NA,NA,1.0,NA,NA,1.0,NA,NA,NA,1.0,0.929	-0.225
2292	0,0,0,0,0	0,383,0,0,0	0,0,0,0,0,0,0,0,0,0,5,0,0,0,0,4	0,0,0,0,513,0,0,0,0,0,1412,0,0,0,29,16	298	149	1	1.0	NA,0.0,NA,NA,NA	NA,NA,NA,NA,0.0,NA,NA,NA,NA,NA,0.002,NA,NA,NA,0.0,0.111	-0.028
2293	0,0,0,0,0	0,92,0,0,0	0,0,0,0,0,0,0,0,0,0,0,0,0,0,16,20	0,0,0,0,228,2,0,0,0,0,158,0,0,0,157,25	298	149	1	1.0	NA,0.0,NA,NA,NA	NA,NA,NA,NA,0.0,0.0,NA,NA,NA,NA,0.0,NA,NA,NA,0.048,0.286	-0.067
2295	0,353,0,0,0	0,46,0,0,0	0,0,0,0,163,0,0,0,0,0,778,0,0,0,2,24	0,0,0,0,11,0,0,0,0,0,48,0,0,0,2,0	230	149	1	1.0	NA,0.833,NA,NA,NA	NA,NA,NA,NA,0.906,NA,NA,NA,NA,NA,0.913,NA,NA,NA,0.393,1.0	0.03
2296	0,10,0,0,0	0,13,0,0,0	0,0,0,0,11,0,0,0,0,0,0,0,0,0,0,0	0,0,0,0,0,0,0,0,0,0,2,0,0,0,0,0	158	149	1	1.0	NA,0.42,NA,NA,NA	NA,NA,NA,NA,1.0,NA,NA,NA,NA,NA,0.0,NA,NA,NA,NA,NA	-0.08
2297	0,5,0,0,0	0,0,0,0,0	0,0,0,0,10,0,0,0,0,0,12,0,0,0,2,3	0,0,0,0,0,0,0,0,0,0,1,0,0,0,0,0	224	149	1	1.0	NA,1.0,NA,NA,NA	NA,NA,NA,NA,1.0,NA,NA,NA,NA,NA,0.889,NA,NA,NA,1.0,1.0	0.028
2299	0,3373,0,0,8	0,6,0,0,0	0,0,0,0,326,0,0,29,2,5,5492,0,0,0,8829,199	0,0,0,0,12,0,0,0,0,0,56,0,0,0,13,1	298	149	1	1.0	NA,0.996,NA,NA,1.0	NA,NA,NA,NA,0.931,NA,NA,1.0,1.0,1.0,0.98,NA,NA,NA,0.997,0.99	0.013
2301	0,21,0,0,0	0,34,0,0,0	0,0,0,0,33,0,0,0,0,0,28,0,0,0,0,0	0,0,0,0,49,0,0,0,0,0,22,0,0,0,32,1	169	149	1	1.0	NA,0.353,NA,NA,NA	NA,NA,NA,NA,0.373,NA,NA,NA,NA,NA,0.529,NA,NA,NA,0.0,0.0	0.127
2302	0,0,0,0,0	0,2,0,0,0	0,0,0,0,0,0,0,0,0,0,0,0,0,0,15,8	0,0,0,0,11,0,0,0,0,0,0,0,0,0,0,0	298	149	1	1.0	NA,0.0,NA,NA,NA	NA,NA,NA,NA,0.0,NA,NA,NA,NA,NA,NA,NA,NA,NA,1.0,1.0	-0.667
2305	0,6,0,0,0	0,75,0,0,0	0,0,0,0,0,0,0,0,0,0,3,0,0,0,0,0	0,0,0,0,30,0,0,2,0,0,156,0,0,0,93,14	159	149	1	1.0	NA,0.07,NA,NA,NA	NA,NA,NA,NA,0.0,NA,NA,0.0,NA,NA,0.018,NA,NA,NA,0.0,0.0	0.066
2307	0,92,0,0,0	0,2,0,0,0	0,0,0,0,218,2,0,2,0,2,288,0,0,0,651,28	0,0,0,0,0,0,0,0,0,0,0,0,0,0,0,0	298	149	1	1.0	NA,0.958,NA,NA,NA	NA,NA,NA,NA,1.0,1.0,NA,1.0,NA,1.0,1.0,NA,NA,NA,1.0,1.0	-0.042
2310	0,1,0,0,0	0,0,0,0,0	0,0,0,0,189,0,0,0,0,0,0,0,0,0,0,0	0,0,0,0,9,0,0,0,0,0,0,0,0,0,0,0	298	149	1	1.0	NA,1.0,NA,NA,NA	NA,NA,NA,NA,0.913,NA,NA,NA,NA,NA,NA,NA,NA,NA,NA,NA	0.087
2311	0,31,0,0,0	0,1,0,0,0	0,0,0,0,182,2,0,0,0,0,280,0,0,0,457,13	0,0,0,0,0,0,0,0,0,0,11,0,0,0,0,0	218	149	1	1.0	NA,0.955,NA,NA,NA	NA,NA,NA,NA,1.0,1.0,NA,NA,NA,NA,0.946,NA,NA,NA,1.0,1.0	-0.034
2312	0,59,2,0,0	0,1,0,0,0	0,0,0,0,515,0,0,0,0,0,593,0,0,0,1017,14	0,0,0,0,0,0,0,0,0,0,11,0,0,0,0,0	298	149	1	1.0	NA,0.967,1.0,NA,NA	NA,NA,NA,NA,1.0,NA,NA,NA,NA,NA,0.964,NA,NA,NA,1.0,1.0	-0.007
2313	0,38,2,0,0	0,0,0,0,0	0,0,0,0,395,0,0,0,0,0,374,0,0,0,755,8	0,0,0,0,33,2,0,0,0,0,21,0,0,0,113,6	252	149	1	1.0	NA,1.0,1.0,NA,NA	NA,NA,NA,NA,0.876,0.0,NA,NA,NA,NA,0.913,NA,NA,NA,0.798,0.441	0.394
2320	0,106,0,0,0	0,3786,4,0,10	0,0,0,0,94,2,0,0,0,0,56,0,0,0,27,10	0,0,0,0,6822,26,21,14,8,16,3805,0,0,0,2224,717	166	149	1	1.0	NA,0.025,0.0,NA,0.0	NA,NA,NA,NA,0.012,0.065,0.0,0.0,0.0,0.0,0.013,NA,NA,NA,0.011,0.012	-0.004
2321	0,635,4,0,0	0,0,0,0,0	0,0,0,0,3333,6,12,4,10,8,2666,0,0,0,1588,505	0,0,0,0,10,0,0,0,0,0,3,0,0,0,0,0	298	149	1	1.0	NA,1.0,1.0,NA,NA	NA,NA,NA,NA,0.994,1.0,1.0,1.0,1.0,1.0,0.998,NA,NA,NA,1.0,1.0	0.001
2322	0,376,4,0,6	0,12,0,0,0	0,0,0,0,2648,5,6,2,26,10,2666,0,0,0,1956,1107	0,0,0,0,54,0,2,0,0,0,34,0,0,0,5,13	158	149	1	1.0	NA,0.967,1.0,NA,1.0	NA,NA,NA,NA,0.979,1.0,0.739,1.0,1.0,1.0,0.987,NA,NA,NA,0.997,0.988	0.023
2323	0,452,2,0,2	0,0,0,0,0	0,0,0,0,3610,6,2,4,9,4,3150,0,0,0,1836,864	0,0,0,0,0,0,0,0,0,0,0,0,0,0,0,2	298	149	1	1.0	NA,1.0,1.0,NA,1.0	NA,NA,NA,NA,1.0,1.0,1.0,1.0,1.0,1.0,1.0,NA,NA,NA,1.0,0.995	0.001
2324	0,315,4,0,8	0,0,0,0,0	0,0,0,0,3038,4,14,2,10,4,2492,0,0,0,1152,741	0,0,0,0,0,0,0,0,0,0,17,0,0,0,0,0	245	149	1	1.0	NA,1.0,1.0,NA,1.0	NA,NA,NA,NA,1.0,1.0,1.0,1.0,1.0,1.0,0.989,NA,NA,NA,1.0,1.0	0.001
2325	0,366,4,0,8	0,4,0,0,0	0,0,0,0,3577,4,14,4,10,4,2917,0,0,0,1235,809	0,0,0,0,0,0,0,0,0,0,0,0,0,0,0,0	293	149	1	1.0	NA,0.979,1.0,NA,1.0	NA,NA,NA,NA,1.0,1.0,1.0,1.0,1.0,1.0,1.0,NA,NA,NA,1.0,1.0	-0.007
2326	0,51,0,0,0	0,4,0,0,0	0,0,0,0,539,0,0,2,0,0,442,0,0,0,83,68	0,0,0,0,0,0,0,0,0,0,0,0,0,0,0,0	197	149	1	1.0	NA,0.906,NA,NA,NA	NA,NA,NA,NA,1.0,NA,NA,1.0,NA,NA,1.0,NA,NA,NA,1.0,1.0	-0.094
2329	0,46,0,0,0	0,0,0,0,0	0,0,0,0,119,0,0,0,0,0,292,0,0,0,76,17	0,0,0,0,20,0,0,0,0,0,7,0,0,0,0,2	154	149	1	1.0	NA,1.0,NA,NA,NA	NA,NA,NA,NA,0.852,NA,NA,NA,NA,NA,0.976,NA,NA,NA,1.0,0.892	0.07
2330	0,8,0,0,0	0,59,0,0,0	0,0,0,0,0,0,0,0,0,0,0,0,0,0,0,0	0,0,0,0,72,0,0,0,0,0,180,0,0,0,64,35	165	149	1	1.0	NA,0.109,NA,NA,NA	NA,NA,NA,NA,0.0,NA,NA,NA,NA,NA,0.0,NA,NA,NA,0.0,0.0	0.109
2331	0,59,0,0,0	0,4,0,0,0	0,0,0,0,93,0,0,0,0,0,249,0,0,0,108,16	0,0,0,0,0,0,0,0,0,0,2,0,0,0,0,0	157	149	1	1.0	NA,0.933,NA,NA,NA	NA,NA,NA,NA,1.0,NA,NA,NA,NA,NA,0.992,NA,NA,NA,1.0,1.0	-0.065
2332	0,603,0,0,2	0,6,0,0,0	0,0,0,0,949,4,0,2,0,0,471,0,0,0,1053,14	0,0,0,0,0,0,0,0,0,0,5,0,0,0,11,0	298	149	1	1.0	NA,0.98,NA,NA,1.0	NA,NA,NA,NA,1.0,1.0,NA,1.0,NA,NA,0.979,NA,NA,NA,0.98,1.0	-0.003
2333	0,29,0,0,0	0,344,2,0,2	0,0,0,0,65,0,0,0,0,0,24,0,0,0,145,4	0,0,0,0,580,0,0,2,0,0,323,0,0,0,536,8	298	149	1	1.0	NA,0.04,0.0,NA,0.0	NA,NA,NA,NA,0.053,NA,NA,0.0,NA,NA,0.036,NA,NA,NA,0.119,0.2	-0.068
2334	0,0,0,0,0	0,112,0,0,0	0,0,0,0,0,0,0,0,0,0,6,0,0,0,19,0	0,0,0,0,120,0,2,0,0,2,181,0,0,0,122,3	221	149	1	1.0	NA,0.0,NA,NA,NA	NA,NA,NA,NA,0.0,NA,0.0,NA,NA,0.0,0.022,NA,NA,NA,0.095,0.0	-0.019
2335	0,330,12,0,2	0,0,0,0,0	0,0,0,0,878,4,8,8,0,0,1971,0,0,0,2826,67	0,0,0,0,15,0,0,0,0,0,17,0,0,0,41,0	176	149	1	1.0	NA,1.0,1.0,NA,1.0	NA,NA,NA,NA,0.98,1.0,1.0,1.0,NA,NA,0.99,NA,NA,NA,0.983,1.0	0.007
2336	0,0,2,0,0	0,17,0,0,4	0,0,0,0,0,0,0,0,0,0,6,0,0,0,32,0	0,0,0,0,31,2,6,0,0,0,284,0,0,0,382,2	207	149	1	1.0	NA,0.0,1.0,NA,0.0	NA,NA,NA,NA,0.0,0.0,0.0,NA,NA,NA,0.015,NA,NA,NA,0.057,0.0	0.321
2337	0,0,0,0,0	0,62,0,0,0	0,0,0,0,0,0,0,0,0,0,6,0,0,0,9,0	0,0,0,0,134,0,0,0,0,0,283,0,0,0,63,3	167	149	1	1.0	NA,0.0,NA,NA,NA	NA,NA,NA,NA,0.0,NA,NA,NA,NA,NA,0.019,NA,NA,NA,0.113,0.0	-0.033
2339	0,71,0,0,0	0,6,0,0,0	0,0,0,0,194,0,0,2,0,0,19,0,0,0,92,5	0,0,0,0,0,0,0,0,0,0,10,0,0,0,20,1	257	149	1	1.0	NA,0.873,NA,NA,NA	NA,NA,NA,NA,1.0,NA,NA,1.0,NA,NA,0.524,NA,NA,NA,0.727,0.744	0.074
2340	0,21,0,0,0	0,3530,0,0,0	0,0,0,0,49,0,0,0,0,0,18,0,0,0,14,0	0,0,0,0,4667,0,0,5,2,2,767,0,0,0,1815,66	153	149	1	1.0	NA,0.006,NA,NA,NA	NA,NA,NA,NA,0.01,NA,NA,0.0,0.0,0.0,0.022,NA,NA,NA,0.007,0.0	0.0
2341	0,53,0,0,0	0,122,0,0,0	0,0,0,0,144,0,0,4,0,0,66,0,0,0,53,12	0,0,0,0,316,0,0,0,0,0,131,0,0,0,42,6	298	149	1	1.0	NA,0.178,NA,NA,NA	NA,NA,NA,NA,0.186,NA,NA,1.0,NA,NA,0.201,NA,NA,NA,0.387,0.5	-0.277
2342	0,3562,0,0,0	0,122,0,0,0	0,0,0,0,4762,0,0,9,2,2,815,0,0,0,1854,78	0,0,0,0,316,0,0,0,0,0,131,0,0,0,42,6	298	149	1	1.0	NA,0.936,NA,NA,NA	NA,NA,NA,NA,0.883,NA,NA,1.0,1.0,1.0,0.757,NA,NA,NA,0.957,0.867	0.013
2343	0,3543,0,0,0	0,40,0,0,0	0,0,0,0,4730,0,0,5,2,2,775,0,0,0,1838,72	0,0,0,0,83,0,0,0,0,0,94,0,0,0,16,4	298	149	1	1.0	NA,0.978,NA,NA,NA	NA,NA,NA,NA,0.966,NA,NA,1.0,1.0,1.0,0.805,NA,NA,NA,0.983,0.9	0.027
2344	0,135,0,0,0	0,40,0,0,0	0,0,0,0,379,0,0,0,0,0,139,0,0,0,65,12	0,0,0,0,83,0,0,0,0,0,94,0,0,0,16,4	298	149	1	1.0	NA,0.628,NA,NA,NA	NA,NA,NA,NA,0.695,NA,NA,NA,NA,NA,0.425,NA,NA,NA,0.67,0.6	0.03
2346	0,49,0,0,0	0,1212,0,0,0	0,0,0,0,169,0,0,0,0,0,56,0,0,0,3,3	0,0,0,0,2894,0,0,0,0,0,458,0,0,0,494,7	298	149	1	1.0	NA,0.02,NA,NA,NA	NA,NA,NA,NA,0.028,NA,NA,NA,NA,NA,0.058,NA,NA,NA,0.003,0.176	-0.046
2347	0,39,0,0,0	0,39,0,0,0	0,0,0,0,134,0,0,0,0,0,54,0,0,0,2,3	0,0,0,0,111,0,0,0,0,0,15,0,0,0,7,0	298	149	1	1.0	NA,0.333,NA,NA,NA	NA,NA,NA,NA,0.376,NA,NA,NA,NA,NA,0.643,NA,NA,NA,0.125,1.0	-0.203
2348	0,49,0,0,0	0,1212,0,0,0	0,0,0,0,169,0,0,0,0,0,55,0,0,0,3,3	0,0,0,0,2894,0,0,0,0,0,458,0,0,0,494,7	298	149	1	1.0	NA,0.02,NA,NA,NA	NA,NA,NA,NA,0.028,NA,NA,NA,NA,NA,0.057,NA,NA,NA,0.003,0.176	-0.046
2349	0,39,0,0,0	0,39,0,0,0	0,0,0,0,134,0,0,0,0,0,53,0,0,0,2,3	0,0,0,0,111,0,0,0,0,0,15,0,0,0,7,0	298	149	1	1.0	NA,0.333,NA,NA,NA	NA,NA,NA,NA,0.376,NA,NA,NA,NA,NA,0.639,NA,NA,NA,0.125,1.0	-0.202
2350	0,1212,0,0,0	0,39,0,0,0	0,0,0,0,2894,0,0,0,0,0,458,0,0,0,494,7	0,0,0,0,111,0,0,0,0,0,15,0,0,0,7,0	153	149	1	1.0	NA,0.968,NA,NA,NA	NA,NA,NA,NA,0.962,NA,NA,NA,NA,NA,0.967,NA,NA,NA,0.986,1.0	-0.011
2351	0,36,2,0,0	0,0,0,0,0	0,0,0,0,17,0,0,0,0,0,136,0,0,0,39,2	0,0,0,0,0,0,0,0,0,0,2,0,0,0,0,0	261	149	1	1.0	NA,1.0,1.0,NA,NA	NA,NA,NA,NA,1.0,NA,NA,NA,NA,NA,0.975,NA,NA,NA,1.0,1.0	0.006
2354	0,0,0,0,0	0,7,2,0,0	0,0,0,0,0,0,0,0,0,0,0,0,0,0,18,2	0,0,0,0,27,2,6,2,0,0,48,0,0,0,428,4	152	149	1	1.0	NA,0.0,0.0,NA,NA	NA,NA,NA,NA,0.0,0.0,0.0,0.0,NA,NA,0.0,NA,NA,NA,0.04,0.329	-0.053
2357	0,7,0,0,0	0,192,2,0,0	0,0,0,0,0,0,0,0,0,0,7,0,0,0,0,0	0,0,0,0,466,2,0,0,0,1,679,0,0,0,211,35	153	149	1	1.0	NA,0.034,0.0,NA,NA	NA,NA,NA,NA,0.0,0.0,NA,NA,NA,0.0,0.01,NA,NA,NA,0.0,0.0	0.015
2360	0,8,0,0,0	0,2,0,0,0	0,0,0,0,23,0,0,0,0,0,36,0,0,0,52,1	0,0,0,0,26,0,0,0,0,0,17,0,0,0,8,1	298	149	1	1.0	NA,0.667,NA,NA,NA	NA,NA,NA,NA,0.307,NA,NA,NA,NA,NA,0.514,NA,NA,NA,0.765,0.333	0.187
2362	0,33221,2,0,16	0,815,0,0,0	0,0,0,0,287,0,0,8,4,8,4902,0,0,0,2989,299	0,0,0,0,11,0,0,2,0,0,582,0,0,0,141,57	298	149	1	1.0	NA,0.953,1.0,NA,1.0	NA,NA,NA,NA,0.929,NA,NA,0.667,1.0,1.0,0.808,NA,NA,NA,0.914,0.724	0.121
2363	0,10412,8,0,8	0,40,0,0,0	0,0,0,0,150,0,0,4,2,4,2890,0,0,0,2443,128	0,0,0,0,0,0,0,0,0,0,10,0,0,0,12,0	298	149	1	1.0	NA,0.992,1.0,NA,1.0	NA,NA,NA,NA,1.0,NA,NA,1.0,1.0,1.0,0.993,NA,NA,NA,0.99,1.0	-0.0
2364	0,16,0,0,2	0,78,0,0,0	0,0,0,0,121,0,0,0,0,0,22,0,0,0,10,1	0,0,0,0,220,0,0,0,0,0,143,0,0,0,83,7	158	149	1	1.0	NA,0.162,NA,NA,1.0	NA,NA,NA,NA,0.342,NA,NA,NA,NA,NA,0.127,NA,NA,NA,0.102,0.119	0.408
2365	0,0,0,0,0	0,3,0,0,0	0,0,0,0,11,0,0,0,0,0,32,0,0,0,21,5	0,0,0,0,6,0,2,0,0,0,7,0,0,0,1,6	298	149	1	1.0	NA,0.0,NA,NA,NA	NA,NA,NA,NA,0.478,NA,0.0,NA,NA,NA,0.696,NA,NA,NA,0.913,0.294	-0.476
2368	0,43,0,0,0	0,12,0,0,0	0,0,0,0,318,2,0,0,6,2,135,0,0,0,192,30	0,0,0,0,13,0,0,0,0,0,6,0,0,0,17,3	187	149	1	1.0	NA,0.741,NA,NA,NA	NA,NA,NA,NA,0.951,1.0,NA,NA,1.0,1.0,0.947,NA,NA,NA,0.9,0.888	-0.214
2371	0,17804,42,0,40	0,5,0,0,0	0,0,0,0,998,0,8,30,8,12,6908,0,0,0,6221,1317	0,0,0,0,0,0,0,0,0,0,2,0,0,0,5,5	298	149	1	1.0	NA,0.999,1.0,NA,1.0	NA,NA,NA,NA,1.0,NA,1.0,1.0,1.0,1.0,0.999,NA,NA,NA,0.998,0.992	0.001
2372	0,611,0,0,0	0,33,0,0,0	0,0,0,0,63,0,0,0,0,0,59,0,0,0,121,90	0,0,0,0,0,0,0,0,0,0,23,0,0,0,39,27	298	149	1	1.0	NA,0.903,NA,NA,NA	NA,NA,NA,NA,1.0,NA,NA,NA,NA,NA,0.562,NA,NA,NA,0.608,0.625	0.204
2373	0,19,0,0,0	0,0,0,0,0	0,0,0,0,35,0,0,0,0,0,241,0,0,0,143,0	0,0,0,0,0,0,0,0,0,0,0,0,0,0,5,0	256	149	1	1.0	NA,1.0,NA,NA,NA	NA,NA,NA,NA,1.0,NA,NA,NA,NA,NA,1.0,NA,NA,NA,0.943,NA	0.019
2378	0,0,0,0,0	0,370,6,0,0	0,0,0,0,0,0,0,0,0,0,3,0,0,0,0,0	0,0,0,0,927,4,2,2,0,0,1102,0,0,0,1184,93	230	149	1	1.0	NA,0.0,0.0,NA,NA	NA,NA,NA,NA,0.0,0.0,0.0,0.0,NA,NA,0.002,NA,NA,NA,0.0,0.0	-0.0
2379	0,86,12,0,8	0,0,0,0,0	0,0,0,0,544,0,4,8,4,2,719,0,0,0,1189,184	0,0,0,0,0,0,0,0,0,0,2,0,0,0,0,0	298	149	1	1.0	NA,1.0,1.0,NA,1.0	NA,NA,NA,NA,1.0,NA,1.0,1.0,1.0,1.0,0.994,NA,NA,NA,1.0,1.0	0.001
2380	0,160,0,0,0	0,0,0,0,0	0,0,0,0,436,0,0,0,0,0,2084,0,0,0,82,43	0,0,0,0,0,0,0,0,0,0,4,0,0,0,0,0	298	149	1	1.0	NA,1.0,NA,NA,NA	NA,NA,NA,NA,1.0,NA,NA,NA,NA,NA,0.996,NA,NA,NA,1.0,1.0	0.001
2382	0,16,0,0,0	0,1170,0,0,2	0,0,0,0,16,0,0,0,0,0,70,0,0,0,2,9	0,0,0,0,2624,0,0,0,0,0,4982,0,0,0,613,128	234	149	1	1.0	NA,0.009,NA,NA,0.0	NA,NA,NA,NA,0.004,NA,NA,NA,NA,NA,0.009,NA,NA,NA,0.002,0.043	-0.01
2383	0,1,0,0,0	0,0,0,0,0	0,0,0,0,0,0,0,0,0,0,0,0,0,0,0,0	0,0,0,0,4,0,0,0,0,0,0,0,0,0,0,0	176	149	1	1.0	NA,1.0,NA,NA,NA	NA,NA,NA,NA,0.0,NA,NA,NA,NA,NA,NA,NA,NA,NA,NA,NA	1.0
2388	0,114,4,0,0	0,0,0,0,0	0,0,0,0,526,2,2,2,0,0,749,0,0,0,979,94	0,0,0,0,0,0,0,0,0,0,0,0,0,0,0,1	298	149	1	1.0	NA,1.0,1.0,NA,NA	NA,NA,NA,NA,1.0,1.0,1.0,1.0,NA,NA,1.0,NA,NA,NA,1.0,0.979	0.003
2389	0,0,0,0,0	0,178,2,0,0	0,0,0,0,2,0,0,2,0,0,0,0,0,0,2,3	0,0,0,0,597,2,0,2,4,2,713,0,0,0,1252,92	192	149	1	1.0	NA,0.0,0.0,NA,NA	NA,NA,NA,NA,0.003,0.0,NA,0.437,0.0,0.0,0.0,NA,NA,NA,0.001,0.025	-0.058
2392	0,257,0,0,0	0,11,0,0,0	0,0,0,0,530,0,0,0,0,0,701,0,0,0,253,40	0,0,0,0,2,0,0,0,0,0,2,0,0,0,10,3	294	149	1	1.0	NA,0.922,NA,NA,NA	NA,NA,NA,NA,0.993,NA,NA,NA,NA,NA,0.994,NA,NA,NA,0.928,0.871	-0.024
2393	0,260,0,0,0	0,11,0,0,0	0,0,0,0,551,0,0,0,0,0,724,0,0,0,276,43	0,0,0,0,2,0,0,0,0,0,2,0,0,0,10,3	298	149	1	1.0	NA,0.922,NA,NA,NA	NA,NA,NA,NA,0.993,NA,NA,NA,NA,NA,0.995,NA,NA,NA,0.932,0.878	-0.027
2398	0,0,0,0,0	0,36,0,0,0	0,0,0,0,0,0,0,0,0,0,0,0,0,0,16,1	0,0,0,0,34,0,0,0,0,0,95,0,0,0,172,19	298	149	1	1.0	NA,0.0,NA,NA,NA	NA,NA,NA,NA,0.0,NA,NA,NA,NA,NA,0.0,NA,NA,NA,0.044,0.026	-0.017
2399	0,0,0,0,0	0,36,0,0,0	0,0,0,0,0,0,0,0,0,0,0,0,0,0,16,1	0,0,0,0,34,0,0,0,0,0,95,0,0,0,172,19	298	149	1	1.0	NA,0.0,NA,NA,NA	NA,NA,NA,NA,0.0,NA,NA,NA,NA,NA,0.0,NA,NA,NA,0.044,0.026	-0.017
2400	0,0,0,0,0	0,23,0,0,0	0,0,0,0,8,0,0,0,0,0,0,0,0,0,0,4	0,0,0,0,114,0,0,0,0,0,151,0,0,0,166,31	298	149	1	1.0	NA,0.0,NA,NA,NA	NA,NA,NA,NA,0.034,NA,NA,NA,NA,NA,0.0,NA,NA,NA,0.0,0.061	-0.024
2404	0,17,0,0,0	0,8,0,0,0	0,0,0,0,16,0,0,0,0,0,15,0,0,0,13,0	0,0,0,0,2,0,0,0,0,0,27,0,0,0,4,0	155	149	1	1.0	NA,0.671,NA,NA,NA	NA,NA,NA,NA,0.885,NA,NA,NA,NA,NA,0.348,NA,NA,NA,0.758,NA	0.007
2407	0,0,0,0,2	0,5,0,0,2	0,0,0,0,33,0,0,0,0,0,4,0,0,0,11,8	0,0,0,0,72,0,0,0,0,0,13,0,0,0,40,12	196	149	1	1.0	NA,0.0,NA,NA,0.432	NA,NA,NA,NA,0.258,NA,NA,NA,NA,NA,0.19,NA,NA,NA,0.173,0.336	-0.023
2408	0,14,0,0,0	0,0,0,0,0	0,0,0,0,92,0,0,0,0,0,14,0,0,0,0,1	0,0,0,0,9,0,0,0,0,0,3,0,0,0,6,0	298	149	1	1.0	NA,1.0,NA,NA,NA	NA,NA,NA,NA,0.836,NA,NA,NA,NA,NA,0.7,NA,NA,NA,0.0,1.0	0.366
2415	0,1,2,0,0	0,0,0,0,0	0,0,0,0,59,6,2,0,0,0,111,0,0,0,442,37	0,0,0,0,0,0,0,0,0,0,2,0,0,0,0,0	214	149	1	1.0	NA,1.0,1.0,NA,NA	NA,NA,NA,NA,1.0,1.0,1.0,NA,NA,NA,0.975,NA,NA,NA,1.0,1.0	0.004
2416	0,1,2,0,0	0,0,0,0,0	0,0,0,0,19,4,0,0,0,0,44,0,0,0,176,30	0,0,0,0,0,0,0,0,0,0,0,0,0,0,0,1	214	149	1	1.0	NA,1.0,1.0,NA,NA	NA,NA,NA,NA,1.0,1.0,NA,NA,NA,NA,1.0,NA,NA,NA,1.0,0.954	0.009
2417	0,0,6,0,0	0,8,0,0,0	0,0,0,0,83,4,0,0,0,0,64,0,0,0,421,104	0,0,0,0,0,0,0,0,0,0,0,0,0,0,0,2	298	149	1	1.0	NA,0.0,1.0,NA,NA	NA,NA,NA,NA,1.0,1.0,NA,NA,NA,NA,1.0,NA,NA,NA,1.0,0.963	-0.493
2419	0,6577,0,0,6	0,0,0,0,0	0,0,0,0,5854,0,0,7,4,16,3659,0,0,0,7667,1107	0,0,0,0,0,0,0,0,0,0,2,0,0,0,0,0	298	149	1	1.0	NA,1.0,NA,NA,1.0	NA,NA,NA,NA,1.0,NA,NA,1.0,1.0,1.0,0.999,NA,NA,NA,1.0,1.0	0.0
2421	0,0,0,0,0	0,0,2,0,0	0,0,0,0,0,0,0,0,0,0,40,0,0,0,87,11	0,0,0,0,16,0,2,3,0,0,346,0,0,0,1204,53	171	149	1	1.0	NA,NA,0.0,NA,NA	NA,NA,NA,NA,0.0,NA,0.0,0.0,NA,NA,0.092,NA,NA,NA,0.059,0.153	-0.051
2423	0,6,0,0,0	0,0,0,0,0	0,0,0,0,61,0,0,0,0,0,38,0,0,0,22,5	0,0,0,0,0,0,0,0,0,0,0,0,0,0,0,1	298	149	1	1.0	NA,1.0,NA,NA,NA	NA,NA,NA,NA,1.0,NA,NA,NA,NA,NA,1.0,NA,NA,NA,1.0,0.714	0.072
2424	0,84,0,0,0	0,8,0,0,0	0,0,0,0,214,0,0,0,0,0,159,0,0,0,82,0	0,0,0,0,49,0,0,0,0,0,39,0,0,0,6,4	179	149	1	1.0	NA,0.897,NA,NA,NA	NA,NA,NA,NA,0.784,NA,NA,NA,NA,NA,0.772,NA,NA,NA,0.919,0.0	0.278
2427	0,7,0,0,0	0,0,0,0,0	0,0,0,0,80,0,0,0,0,0,42,0,0,0,45,2	0,0,0,0,27,0,0,0,0,0,4,0,0,0,7,0	233	149	1	1.0	NA,1.0,NA,NA,NA	NA,NA,NA,NA,0.655,NA,NA,NA,NA,NA,0.87,NA,NA,NA,0.804,1.0	0.168
2429	0,25,0,0,0	0,3,0,0,0	0,0,0,0,22,0,2,0,0,0,117,0,0,0,132,2	0,0,0,0,70,2,0,0,0,0,24,0,0,0,16,0	298	149	1	1.0	NA,0.806,NA,NA,NA	NA,NA,NA,NA,0.136,0.0,1.0,NA,NA,NA,0.709,NA,NA,NA,0.805,1.0	0.198
2430	0,7,0,0,0	0,0,0,0,0	0,0,0,0,15,0,0,0,0,0,16,0,0,0,7,3	0,0,0,0,0,0,0,0,0,0,0,0,0,0,2,2	181	149	1	1.0	NA,1.0,NA,NA,NA	NA,NA,NA,NA,1.0,NA,NA,NA,NA,NA,1.0,NA,NA,NA,0.742,0.553	0.176
2434	0,0,0,0,0	0,28,0,0,0	0,0,0,0,0,0,0,0,0,0,0,0,0,0,40,0	0,0,0,0,18,0,0,0,0,0,33,0,0,0,87,2	298	149	1	1.0	NA,0.0,NA,NA,NA	NA,NA,NA,NA,0.0,NA,NA,NA,NA,NA,0.0,NA,NA,NA,0.187,0.0	-0.047
2436	0,5,0,0,0	0,0,0,0,0	0,0,0,0,0,0,0,0,0,0,0,0,0,0,21,3	0,0,0,0,0,0,0,0,0,0,2,0,0,0,0,0	298	149	1	1.0	NA,1.0,NA,NA,NA	NA,NA,NA,NA,NA,NA,NA,NA,NA,NA,0.0,NA,NA,NA,1.0,1.0	0.333
2437	0,2,0,0,0	0,0,0,0,0	0,0,0,0,18,0,0,0,0,0,10,0,0,0,0,1	0,0,0,0,28,0,0,0,0,0,0,0,0,0,0,0	224	149	1	1.0	NA,1.0,NA,NA,NA	NA,NA,NA,NA,0.3,NA,NA,NA,NA,NA,1.0,NA,NA,NA,NA,1.0	0.233
2439	0,20,0,0,0	0,12,0,0,0	0,0,0,0,2,0,0,0,0,0,2,0,0,0,45,11	0,0,0,0,0,0,0,0,0,0,5,0,0,0,0,4	167	149	1	1.0	NA,0.598,NA,NA,NA	NA,NA,NA,NA,1.0,NA,NA,NA,NA,NA,0.263,NA,NA,NA,1.0,0.71	-0.145
2440	0,6,0,0,0	0,0,0,0,0	0,0,0,0,0,0,0,0,0,0,15,0,0,0,7,15	0,0,0,0,0,0,0,0,0,0,3,0,0,0,0,4	155	149	1	1.0	NA,1.0,NA,NA,NA	NA,NA,NA,NA,NA,NA,NA,NA,NA,NA,0.828,NA,NA,NA,1.0,0.783	0.13
2441	0,1121,6,0,2	0,0,0,0,0	0,0,0,0,378,2,0,2,0,0,628,0,0,0,1162,32	0,0,0,0,22,0,0,0,0,0,0,0,0,0,0,0	298	149	1	1.0	NA,1.0,1.0,NA,1.0	NA,NA,NA,NA,0.896,1.0,NA,1.0,NA,NA,1.0,NA,NA,NA,1.0,1.0	0.017
2442	0,8,0,0,0	0,1096,6,0,2	0,0,0,0,14,0,0,0,0,0,21,0,0,0,25,1	0,0,0,0,356,2,0,2,0,0,615,0,0,0,1129,32	298	149	1	1.0	NA,0.004,0.0,NA,0.0	NA,NA,NA,NA,0.019,0.0,NA,0.0,NA,NA,0.017,NA,NA,NA,0.011,0.015	-0.009
2444	0,0,0,0,0	0,5,0,0,0	0,0,0,0,1,0,0,0,0,0,0,0,0,0,0,0	0,0,0,0,0,0,0,0,0,0,0,0,0,0,0,0	298	149	1	1.0	NA,0.0,NA,NA,NA	NA,NA,NA,NA,1.0,NA,NA,NA,NA,NA,NA,NA,NA,NA,NA,NA	-1.0
2446	0,4,0,0,0	0,157,0,0,0	0,0,0,0,53,0,0,0,0,0,1,0,0,0,0,0	0,0,0,0,441,0,0,0,0,0,143,0,0,0,3,1	166	149	1	1.0	NA,0.022,NA,NA,NA	NA,NA,NA,NA,0.097,NA,NA,NA,NA,NA,0.006,NA,NA,NA,0.0,0.0	-0.004
2447	0,110,0,0,0	0,0,0,0,0	0,0,0,0,333,0,0,0,0,0,110,0,0,0,2,1	0,0,0,0,0,0,0,0,0,0,1,0,0,0,0,0	298	149	1	1.0	NA,1.0,NA,NA,NA	NA,NA,NA,NA,1.0,NA,NA,NA,NA,NA,0.982,NA,NA,NA,1.0,1.0	0.004
2450	0,0,0,0,0	0,10,0,0,0	0,0,0,0,0,0,0,0,0,0,3,0,0,0,0,0	0,0,0,0,0,0,0,0,0,0,8,0,0,0,13,0	298	149	1	1.0	NA,0.0,NA,NA,NA	NA,NA,NA,NA,NA,NA,NA,NA,NA,NA,0.158,NA,NA,NA,0.0,NA	-0.079
2451	0,0,0,0,0	0,2,0,0,0	0,0,0,0,0,0,0,0,0,0,3,0,0,0,0,1	0,0,0,0,7,0,0,0,0,0,11,0,0,0,24,2	298	149	1	1.0	NA,0.0,NA,NA,NA	NA,NA,NA,NA,0.0,NA,NA,NA,NA,NA,0.12,NA,NA,NA,0.0,0.2	-0.08
2452	0,17,0,0,0	0,13,0,0,0	0,0,0,0,13,0,0,0,0,0,9,0,0,0,27,0	0,0,0,0,21,0,0,0,0,0,23,0,0,0,115,2	236	149	1	1.0	NA,0.452,NA,NA,NA	NA,NA,NA,NA,0.281,NA,NA,NA,NA,NA,0.198,NA,NA,NA,0.129,0.0	0.3
2453	0,13,0,0,0	0,0,0,0,0	0,0,0,0,152,0,0,0,0,0,177,0,0,0,8,4	0,0,0,0,14,0,0,0,0,0,140,0,0,0,20,2	197	149	1	1.0	NA,1.0,NA,NA,NA	NA,NA,NA,NA,0.891,NA,NA,NA,NA,NA,0.489,NA,NA,NA,0.232,0.602	0.447
2454	0,86,6,0,2	0,4,0,0,0	0,0,0,0,242,18,2,13,0,2,710,0,0,0,2264,65	0,0,0,0,7,0,0,0,0,0,1,0,0,0,0,0	298	149	1	1.0	NA,0.915,1.0,NA,1.0	NA,NA,NA,NA,0.945,1.0,1.0,1.0,NA,1.0,0.997,NA,NA,NA,1.0,1.0	-0.021
2455	0,28,0,0,0	0,0,0,0,0	0,0,0,0,125,15,4,10,0,0,212,0,0,0,1545,26	0,0,0,0,0,0,0,0,0,0,7,0,0,0,17,0	153	149	1	1.0	NA,1.0,NA,NA,NA	NA,NA,NA,NA,1.0,1.0,1.0,1.0,NA,NA,0.967,NA,NA,NA,0.989,1.0	0.006
2457	0,13,0,0,0	0,14,0,0,0	0,0,0,0,8,0,0,0,0,0,7,0,0,0,0,0	0,0,0,0,0,0,0,0,0,0,0,0,0,0,0,0	215	149	1	1.0	NA,0.392,NA,NA,NA	NA,NA,NA,NA,1.0,NA,NA,NA,NA,NA,1.0,NA,NA,NA,NA,NA	-0.608
2458	0,0,0,0,0	0,35,0,0,0	0,0,0,0,14,0,0,0,0,0,0,0,0,0,0,2	0,0,0,0,89,0,0,0,0,0,51,0,0,0,40,3	182	149	1	1.0	NA,0.0,NA,NA,NA	NA,NA,NA,NA,0.114,NA,NA,NA,NA,NA,0.0,NA,NA,NA,0.0,0.353	-0.117
2459	0,3,0,0,0	0,16,0,0,0	0,0,0,0,39,2,0,0,0,0,2,0,0,0,38,0	0,0,0,0,201,0,0,0,0,0,113,0,0,0,41,2	298	149	1	1.0	NA,0.086,NA,NA,NA	NA,NA,NA,NA,0.088,1.0,NA,NA,NA,NA,0.009,NA,NA,NA,0.317,0.0	-0.197
2461	0,2,0,0,0	0,2,0,0,0	0,0,0,0,0,0,0,0,0,0,29,0,0,0,8,1	0,0,0,0,66,0,0,2,0,0,234,0,0,0,116,26	249	149	1	1.0	NA,0.374,NA,NA,NA	NA,NA,NA,NA,0.0,NA,NA,0.0,NA,NA,0.069,NA,NA,NA,0.04,0.022	0.348
2463	0,0,0,0,0	0,61,0,0,2	0,0,0,0,0,0,0,0,0,0,5,0,0,0,0,1	0,0,0,0,201,2,0,4,0,0,658,0,0,0,263,108	224	149	1	1.0	NA,0.0,NA,NA,0.0	NA,NA,NA,NA,0.0,0.0,NA,0.0,NA,NA,0.005,NA,NA,NA,0.0,0.006	-0.002
2468	0,37,0,0,0	0,46,0,0,0	0,0,0,0,39,0,0,0,0,0,12,0,0,0,0,16	0,0,0,0,140,0,0,0,0,2,260,0,0,0,22,4	298	149	1	1.0	NA,0.287,NA,NA,NA	NA,NA,NA,NA,0.122,NA,NA,NA,NA,0.0,0.023,NA,NA,NA,0.0,0.667	0.125
2475	0,14,0,0,0	0,104,0,0,0	0,0,0,0,2,0,0,0,0,0,2,0,0,0,0,2	0,0,0,0,56,0,0,0,0,0,79,0,0,0,0,0	158	149	1	1.0	NA,0.113,NA,NA,NA	NA,NA,NA,NA,0.033,NA,NA,NA,NA,NA,0.023,NA,NA,NA,NA,1.0	-0.239
2477	0,0,0,0,0	0,4,0,0,0	0,0,0,0,0,0,0,0,0,0,24,0,0,0,0,0	0,0,0,0,60,0,0,0,0,0,209,0,0,0,65,31	178	149	1	1.0	NA,0.0,NA,NA,NA	NA,NA,NA,NA,0.0,NA,NA,NA,NA,NA,0.088,NA,NA,NA,0.0,0.0	-0.022
2478	0,5,0,0,0	0,4,0,0,0	0,0,0,0,12,0,0,0,0,0,121,0,0,0,14,30	0,0,0,0,60,0,0,0,0,0,209,0,0,0,65,31	197	149	1	1.0	NA,0.486,NA,NA,NA	NA,NA,NA,NA,0.131,NA,NA,NA,NA,NA,0.305,NA,NA,NA,0.14,0.423	0.236
2481	0,0,0,0,0	0,1,0,0,0	0,0,0,0,0,0,0,0,0,0,2,0,0,0,23,4	0,0,0,0,3,0,0,2,0,0,85,0,0,0,303,85	210	149	1	1.0	NA,0.0,NA,NA,NA	NA,NA,NA,NA,0.0,NA,NA,0.0,NA,NA,0.016,NA,NA,NA,0.051,0.032	-0.02
2484	0,18,0,0,0	0,0,0,0,0	0,0,0,0,29,0,0,0,0,0,10,0,0,0,1,0	0,0,0,0,27,0,0,0,0,0,14,0,0,0,3,1	182	149	1	1.0	NA,1.0,NA,NA,NA	NA,NA,NA,NA,0.468,NA,NA,NA,NA,NA,0.369,NA,NA,NA,0.214,0.0	0.737
2485	0,4,0,0,0	0,0,0,0,0	0,0,0,0,56,0,0,0,0,0,116,0,0,0,2,9	0,0,0,0,27,0,0,0,0,0,14,0,0,0,3,1	298	149	1	1.0	NA,1.0,NA,NA,NA	NA,NA,NA,NA,0.509,NA,NA,NA,NA,NA,0.806,NA,NA,NA,0.25,0.818	0.404
2486	0,6,0,0,0	0,0,0,0,0	0,0,0,0,122,0,0,0,0,0,137,0,0,0,62,12	0,0,0,0,27,0,0,0,0,0,14,0,0,0,3,1	298	149	1	1.0	NA,1.0,NA,NA,NA	NA,NA,NA,NA,0.693,NA,NA,NA,NA,NA,0.83,NA,NA,NA,0.912,0.857	0.177
2487	0,7,0,0,0	0,18,0,0,0	0,0,0,0,56,0,0,0,0,0,115,0,0,0,1,9	0,0,0,0,29,0,0,0,0,0,8,0,0,0,0,0	285	149	1	1.0	NA,0.169,NA,NA,NA	NA,NA,NA,NA,0.502,NA,NA,NA,NA,NA,0.883,NA,NA,NA,1.0,1.0	-0.677
2488	0,9,0,0,0	0,18,0,0,0	0,0,0,0,122,0,0,0,0,0,137,0,0,0,61,12	0,0,0,0,29,0,0,0,0,0,8,0,0,0,0,0	298	149	1	1.0	NA,0.2,NA,NA,NA	NA,NA,NA,NA,0.678,NA,NA,NA,NA,NA,0.895,NA,NA,NA,1.0,1.0	-0.693
2489	0,3,0,0,0	0,0,0,0,0	0,0,0,0,89,0,0,0,0,0,30,0,0,0,66,3	0,0,0,0,0,0,0,0,0,0,4,0,0,0,0,0	189	149	1	1.0	NA,1.0,NA,NA,NA	NA,NA,NA,NA,1.0,NA,NA,NA,NA,NA,0.855,NA,NA,NA,1.0,1.0	0.036
2490	0,2,0,0,0	0,0,0,0,0	0,0,0,0,45,0,0,0,0,0,87,0,0,0,0,8	0,0,0,0,0,0,0,0,0,0,7,0,0,0,1,6	238	149	1	1.0	NA,1.0,NA,NA,NA	NA,NA,NA,NA,1.0,NA,NA,NA,NA,NA,0.886,NA,NA,NA,0.0,0.455	0.415
2491	0,7,0,0,0	0,0,0,0,0	0,0,0,0,56,0,0,0,0,0,113,0,0,0,1,9	0,0,0,0,0,0,0,0,0,0,7,0,0,0,1,6	279	149	1	1.0	NA,1.0,NA,NA,NA	NA,NA,NA,NA,1.0,NA,NA,NA,NA,NA,0.896,NA,NA,NA,0.348,0.445	0.328
2492	0,9,0,0,0	0,0,0,0,0	0,0,0,0,145,0,0,0,0,0,135,0,0,0,61,12	0,0,0,0,0,0,0,0,0,0,7,0,0,0,1,6	298	149	1	1.0	NA,1.0,NA,NA,NA	NA,NA,NA,NA,1.0,NA,NA,NA,NA,NA,0.906,NA,NA,NA,0.968,0.5	0.156
2493	0,5,0,0,0	0,0,0,0,0	0,0,0,0,11,0,0,0,0,0,33,0,0,0,1,1	0,0,0,0,0,0,0,0,0,0,4,0,0,0,0,0	190	149	1	1.0	NA,1.0,NA,NA,NA	NA,NA,NA,NA,1.0,NA,NA,NA,NA,NA,0.866,NA,NA,NA,1.0,1.0	0.033
2494	0,8,0,0,0	0,0,0,0,0	0,0,0,0,100,0,0,0,0,0,59,0,0,0,67,4	0,0,0,0,0,0,0,0,0,0,4,0,0,0,0,0	230	149	1	1.0	NA,1.0,NA,NA,NA	NA,NA,NA,NA,1.0,NA,NA,NA,NA,NA,0.905,NA,NA,NA,1.0,1.0	0.024
2496	0,14,0,0,0	0,0,0,0,0	0,0,0,0,147,0,0,0,0,0,14,0,0,0,7,0	0,0,0,0,7,0,0,0,0,0,0,0,0,0,0,0	167	149	1	1.0	NA,1.0,NA,NA,NA	NA,NA,NA,NA,0.949,NA,NA,NA,NA,NA,1.0,NA,NA,NA,1.0,NA	0.017
2497	0,805,0,0,0	0,34,0,0,0	0,0,0,0,1010,0,0,0,0,0,1316,0,0,0,165,11	0,0,0,0,24,0,0,0,0,0,16,0,0,0,9,0	298	149	1	1.0	NA,0.922,NA,NA,NA	NA,NA,NA,NA,0.955,NA,NA,NA,NA,NA,0.976,NA,NA,NA,0.902,1.0	-0.036
2500	0,4,0,0,0	0,94,0,0,0	0,0,0,0,0,0,0,0,0,0,6,0,0,0,8,0	0,0,0,0,121,0,0,0,0,0,280,0,0,0,41,18	153	149	1	1.0	NA,0.04,NA,NA,NA	NA,NA,NA,NA,0.0,NA,NA,NA,NA,NA,0.02,NA,NA,NA,0.16,0.0	-0.005
2502	0,8,2,0,0	0,12,0,0,0	0,0,0,0,81,0,2,0,0,0,27,0,0,0,16,2	0,0,0,0,24,0,0,0,0,0,26,0,0,0,75,3	298	149	1	1.0	NA,0.25,1.0,NA,NA	NA,NA,NA,NA,0.628,NA,1.0,NA,NA,NA,0.342,NA,NA,NA,0.096,0.25	0.162
2503	0,290,0,0,0	0,2,0,0,0	0,0,0,0,2659,0,0,65,2,2,52045,0,0,0,3085,427	0,0,0,0,0,0,0,0,0,0,18,0,0,0,2,2	298	149	1	1.0	NA,0.986,NA,NA,NA	NA,NA,NA,NA,1.0,NA,NA,1.0,1.0,1.0,0.999,NA,NA,NA,0.999,0.991	-0.012
2504	0,101,0,0,0	0,4,0,0,0	0,0,0,0,151,0,0,0,0,0,221,0,0,0,114,5	0,0,0,0,26,0,0,0,0,0,2,0,0,0,5,1	298	149	1	1.0	NA,0.927,NA,NA,NA	NA,NA,NA,NA,0.744,NA,NA,NA,NA,NA,0.982,NA,NA,NA,0.919,0.714	0.087
2505	0,0,0,0,0	0,6,0,0,0	0,0,0,0,0,0,0,0,0,0,0,0,0,0,3,0	0,0,0,0,124,0,0,0,0,0,147,0,0,0,102,8	196	149	1	1.0	NA,0.0,NA,NA,NA	NA,NA,NA,NA,0.0,NA,NA,NA,NA,NA,0.0,NA,NA,NA,0.022,0.0	-0.005
2510	0,102,0,0,0	0,0,0,0,0	0,0,0,0,188,0,2,0,0,0,345,0,0,0,330,21	0,0,0,0,0,0,0,0,0,0,1,0,0,0,0,0	197	149	1	1.0	NA,1.0,NA,NA,NA	NA,NA,NA,NA,1.0,NA,1.0,NA,NA,NA,0.996,NA,NA,NA,1.0,1.0	0.001
2511	0,51,0,0,0	0,0,0,0,0	0,0,0,0,97,0,0,0,0,0,59,0,0,0,13,1	0,0,0,0,5,0,0,0,0,0,0,0,0,0,0,0	298	149	1	1.0	NA,1.0,NA,NA,NA	NA,NA,NA,NA,0.907,NA,NA,NA,NA,NA,1.0,NA,NA,NA,1.0,1.0	0.023
2514	0,11,0,0,0	0,44,0,0,0	0,0,0,0,138,0,0,0,0,2,133,0,0,0,12,2	0,0,0,0,143,0,0,0,0,0,282,0,0,0,44,0	185	149	1	1.0	NA,0.168,NA,NA,NA	NA,NA,NA,NA,0.437,NA,NA,NA,NA,1.0,0.275,NA,NA,NA,0.18,1.0	-0.41
2515	0,39,0,0,2	0,5,0,0,0	0,0,0,0,31,0,0,0,0,0,273,0,0,0,0,22	0,0,0,0,0,0,0,0,0,0,9,0,0,0,0,7	202	149	1	1.0	NA,0.852,NA,NA,1.0	NA,NA,NA,NA,1.0,NA,NA,NA,NA,NA,0.957,NA,NA,NA,NA,0.699	0.041
2517	0,0,0,0,0	0,3,0,0,0	0,0,0,0,0,0,0,0,0,0,0,0,0,0,0,4	0,0,0,0,11,0,0,0,0,0,0,0,0,0,0,1	153	149	1	1.0	NA,0.0,NA,NA,NA	NA,NA,NA,NA,0.0,NA,NA,NA,NA,NA,NA,NA,NA,NA,NA,0.796	-0.398
2519	0,3055,0,0,4	0,3,0,0,0	0,0,0,0,931,0,0,0,2,0,1770,0,0,0,125,27	0,0,0,0,0,0,0,0,0,0,0,0,0,0,0,0	286	149	1	1.0	NA,0.998,NA,NA,1.0	NA,NA,NA,NA,1.0,NA,NA,NA,1.0,NA,1.0,NA,NA,NA,1.0,1.0	-0.001
2520	0,6024,0,0,4	0,3,0,0,0	0,0,0,0,1689,0,0,1,4,2,3399,0,0,0,238,97	0,0,0,0,0,0,0,0,0,0,2,0,0,0,0,0	286	149	1	1.0	NA,0.999,NA,NA,1.0	NA,NA,NA,NA,1.0,NA,NA,1.0,1.0,1.0,0.999,NA,NA,NA,1.0,1.0	-0.0
2522	0,76,0,0,0	0,5,0,0,0	0,0,0,0,100,0,0,0,0,0,60,0,0,0,8,4	0,0,0,0,34,0,0,0,0,0,115,0,0,0,53,1	298	149	1	1.0	NA,0.884,NA,NA,NA	NA,NA,NA,NA,0.595,NA,NA,NA,NA,NA,0.207,NA,NA,NA,0.07,0.667	0.499
2523	0,950,0,0,4	0,488,0,0,2	0,0,0,0,0,0,0,0,0,0,0,0,0,0,0,1	0,0,0,0,0,0,0,0,0,0,0,0,0,0,0,0	298	149	1	1.0	NA,0.493,NA,NA,0.5	NA,NA,NA,NA,NA,NA,NA,NA,NA,NA,NA,NA,NA,NA,NA,1.0	-0.504
2524	0,358,0,0,0	0,1,0,0,0	0,0,0,0,563,0,0,0,0,0,390,0,0,0,204,36	0,0,0,0,0,0,0,0,0,0,0,0,0,0,9,0	298	149	1	1.0	NA,0.994,NA,NA,NA	NA,NA,NA,NA,1.0,NA,NA,NA,NA,NA,1.0,NA,NA,NA,0.919,1.0	0.014
2525	0,5,0,0,0	0,6,0,0,0	0,0,0,0,14,0,0,0,0,0,15,0,0,0,26,4	0,0,0,0,66,0,0,0,0,0,169,0,0,0,37,9	298	149	1	1.0	NA,0.294,NA,NA,NA	NA,NA,NA,NA,0.096,NA,NA,NA,NA,NA,0.042,NA,NA,NA,0.26,0.182	0.149
2526	0,24,0,0,0	0,0,0,0,0	0,0,0,0,113,0,0,0,0,0,176,0,0,0,187,1	0,0,0,0,0,0,0,0,0,0,20,0,0,0,26,0	173	149	1	1.0	NA,1.0,NA,NA,NA	NA,NA,NA,NA,1.0,NA,NA,NA,NA,NA,0.883,NA,NA,NA,0.861,1.0	0.064
2527	0,28,0,0,0	0,22,0,0,0	0,0,0,0,12,0,0,0,0,0,19,0,0,0,10,3	0,0,0,0,22,0,0,0,0,0,19,0,0,0,15,0	197	149	1	1.0	NA,0.49,NA,NA,NA	NA,NA,NA,NA,0.292,NA,NA,NA,NA,NA,0.431,NA,NA,NA,0.335,1.0	-0.024
2528	0,8,0,0,0	0,30,0,0,0	0,0,0,0,36,0,0,0,0,0,160,0,0,0,18,10	0,0,0,0,210,0,0,0,2,0,424,0,0,0,209,31	165	149	1	1.0	NA,0.194,NA,NA,NA	NA,NA,NA,NA,0.134,NA,NA,NA,0.0,NA,0.254,NA,NA,NA,0.072,0.226	0.057
2529	0,132,0,0,0	0,2654,2,0,0	0,0,0,0,403,0,0,2,0,0,356,0,0,0,121,15	0,0,0,0,4662,2,0,4,0,0,4949,0,0,0,4130,578	227	149	1	1.0	NA,0.032,0.0,NA,NA	NA,NA,NA,NA,0.054,0.0,NA,0.247,NA,NA,0.045,NA,NA,NA,0.019,0.017	-0.048
2530	0,36,0,0,4	0,8569,12,0,6	0,0,0,0,111,0,0,0,0,0,52,0,0,0,48,2	0,0,0,0,14359,2,4,26,6,14,12267,0,0,0,12708,879	166	149	1	1.0	NA,0.004,0.0,NA,0.374	NA,NA,NA,NA,0.007,0.0,0.0,0.0,0.0,0.0,0.004,NA,NA,NA,0.003,0.002	0.124
2532	0,2,0,0,2	0,0,0,0,0	0,0,0,0,80,0,0,0,0,0,82,0,0,0,152,19	0,0,0,0,6,0,0,0,0,0,3,0,0,0,0,2	233	149	1	1.0	NA,1.0,NA,NA,1.0	NA,NA,NA,NA,0.895,NA,NA,NA,NA,NA,0.946,NA,NA,NA,1.0,0.859	0.075
2533	0,0,0,0,0	0,30,0,0,0	0,0,0,0,8,0,0,0,0,0,0,0,0,0,45,8	0,0,0,0,108,0,0,0,0,0,175,0,0,0,215,13	298	149	1	1.0	NA,0.0,NA,NA,NA	NA,NA,NA,NA,0.036,NA,NA,NA,NA,NA,0.0,NA,NA,NA,0.095,0.235	-0.091
2534	0,0,0,0,0	0,11,0,0,0	0,0,0,0,0,0,0,0,0,0,8,0,0,0,2,0	0,0,0,0,173,0,0,0,0,0,145,0,0,0,294,8	156	149	1	1.0	NA,0.0,NA,NA,NA	NA,NA,NA,NA,0.0,NA,NA,NA,NA,NA,0.05,NA,NA,NA,0.006,0.0	-0.014
2535	0,10,0,0,0	0,1,0,0,0	0,0,0,0,48,0,0,0,0,2,34,0,0,0,0,6	0,0,0,0,25,0,0,0,0,0,37,0,0,0,34,16	278	149	1	1.0	NA,0.843,NA,NA,NA	NA,NA,NA,NA,0.507,NA,NA,NA,NA,1.0,0.33,NA,NA,NA,0.0,0.167	0.442
2537	0,8,0,0,0	0,0,0,0,0	0,0,0,0,39,0,0,0,0,0,14,0,0,0,17,10	0,0,0,0,38,0,0,0,0,0,10,0,0,0,22,5	267	149	1	1.0	NA,1.0,NA,NA,NA	NA,NA,NA,NA,0.364,NA,NA,NA,NA,NA,0.439,NA,NA,NA,0.301,0.527	0.592
2539	0,0,0,0,0	0,13,0,0,6	0,0,0,0,0,0,0,0,0,0,1,0,0,0,15,1	0,0,0,0,120,0,0,0,0,0,635,0,0,0,261,41	159	149	1	1.0	NA,0.0,NA,NA,0.0	NA,NA,NA,NA,0.0,NA,NA,NA,NA,NA,0.001,NA,NA,NA,0.051,0.022	-0.018
2542	0,4,0,0,0	0,26,0,0,0	0,0,0,0,18,0,0,0,0,0,75,0,0,0,62,20	0,0,0,0,48,2,0,0,0,0,187,0,0,0,142,16	232	149	1	1.0	NA,0.09,NA,NA,NA	NA,NA,NA,NA,0.194,0.0,NA,NA,NA,NA,0.205,NA,NA,NA,0.219,0.445	-0.123
2549	0,47,0,0,0	0,2,0,0,0	0,0,0,0,93,0,0,0,0,0,14,0,0,0,39,4	0,0,0,0,0,0,0,0,0,0,0,0,0,0,9,0	298	149	1	1.0	NA,0.922,NA,NA,NA	NA,NA,NA,NA,1.0,NA,NA,NA,NA,NA,1.0,NA,NA,NA,0.684,1.0	0.001
2550	0,35,0,0,0	0,2,0,0,0	0,0,0,0,39,0,0,0,0,0,10,0,0,0,18,0	0,0,0,0,0,0,0,0,0,0,0,0,0,0,9,0	268	149	1	1.0	NA,0.907,NA,NA,NA	NA,NA,NA,NA,1.0,NA,NA,NA,NA,NA,1.0,NA,NA,NA,0.527,NA	0.065
2551	0,17,0,0,0	0,4,0,0,0	0,0,0,0,64,0,0,0,0,0,4,0,0,0,26,4	0,0,0,0,0,0,0,0,0,0,0,0,0,0,0,0	197	149	1	1.0	NA,0.763,NA,NA,NA	NA,NA,NA,NA,1.0,NA,NA,NA,NA,NA,1.0,NA,NA,NA,1.0,1.0	-0.237
2552	0,44,0,0,0	0,2,0,0,0	0,0,0,0,92,0,0,0,0,0,10,0,0,0,40,4	0,0,0,0,0,0,0,0,0,0,0,0,0,0,9,0	298	149	1	1.0	NA,0.917,NA,NA,NA	NA,NA,NA,NA,1.0,NA,NA,NA,NA,NA,1.0,NA,NA,NA,0.69,1.0	-0.005
2553	0,23,2,0,0	0,4,0,0,0	0,0,0,0,98,0,2,0,0,0,3,0,0,0,27,6	0,0,0,0,0,0,0,0,0,0,0,0,0,0,0,0	275	149	1	1.0	NA,0.757,1.0,NA,NA	NA,NA,NA,NA,1.0,NA,1.0,NA,NA,NA,1.0,NA,NA,NA,1.0,1.0	-0.121
2554	0,14,2,0,0	0,3,0,0,0	0,0,0,0,53,0,2,0,0,0,3,0,0,0,8,2	0,0,0,0,19,0,0,0,0,0,4,0,0,0,3,0	227	149	1	1.0	NA,0.754,1.0,NA,NA	NA,NA,NA,NA,0.647,NA,1.0,NA,NA,NA,0.33,NA,NA,NA,0.636,1.0	0.154
2555	0,19,2,0,0	0,3,0,0,0	0,0,0,0,35,0,2,0,0,0,3,0,0,0,9,2	0,0,0,0,19,0,0,0,0,0,4,0,0,0,3,0	269	149	1	1.0	NA,0.778,1.0,NA,NA	NA,NA,NA,NA,0.505,NA,1.0,NA,NA,NA,0.293,NA,NA,NA,0.624,1.0	0.205
2556	0,5,0,0,0	0,0,0,0,0	0,0,0,0,0,0,0,0,0,0,0,0,0,0,5,0	0,0,0,0,18,0,0,0,0,0,0,0,0,0,4,0	191	149	1	1.0	NA,1.0,NA,NA,NA	NA,NA,NA,NA,0.0,NA,NA,NA,NA,NA,NA,NA,NA,NA,0.494,NA	0.753
2557	0,5,0,0,0	0,141,0,0,0	0,0,0,0,16,0,0,0,0,0,1,0,0,0,0,0	0,0,0,0,203,0,0,0,4,0,116,0,0,0,264,40	172	149	1	1.0	NA,0.03,NA,NA,NA	NA,NA,NA,NA,0.064,NA,NA,NA,0.0,NA,0.007,NA,NA,NA,0.0,0.0	0.016
2559	0,7,0,0,0	0,0,0,0,0	0,0,0,0,37,0,0,2,0,0,26,0,0,0,53,9	0,0,0,0,0,0,0,0,0,0,2,0,0,0,0,0	229	149	1	1.0	NA,1.0,NA,NA,NA	NA,NA,NA,NA,1.0,NA,NA,1.0,NA,NA,0.894,NA,NA,NA,1.0,1.0	0.021
2560	0,4,0,0,0	0,0,0,0,0	0,0,0,0,10,0,0,0,0,0,0,0,0,0,0,2	0,0,0,0,40,0,0,0,0,0,9,0,0,0,0,2	159	149	1	1.0	NA,1.0,NA,NA,NA	NA,NA,NA,NA,0.19,NA,NA,NA,NA,NA,0.0,NA,NA,NA,NA,0.484	0.775
2561	0,9,0,0,0	0,3,0,0,0	0,0,0,0,0,0,0,0,0,0,0,0,0,0,0,3	0,0,0,0,53,0,0,0,0,0,0,0,0,0,0,0	250	149	1	1.0	NA,0.641,NA,NA,NA	NA,NA,NA,NA,0.0,NA,NA,NA,NA,NA,NA,NA,NA,NA,NA,1.0	0.141
2564	0,29,0,0,0	0,0,0,0,0	0,0,0,0,42,0,0,0,0,0,122,0,0,0,21,1	0,0,0,0,0,0,0,0,0,0,2,0,0,0,0,0	298	149	1	1.0	NA,1.0,NA,NA,NA	NA,NA,NA,NA,1.0,NA,NA,NA,NA,NA,0.968,NA,NA,NA,1.0,1.0	0.008
2572	0,66,0,0,0	0,0,0,0,0	0,0,0,0,15,0,0,0,0,0,268,0,0,0,221,71	0,0,0,0,0,0,0,0,0,0,3,0,0,0,0,0	185	149	1	1.0	NA,1.0,NA,NA,NA	NA,NA,NA,NA,1.0,NA,NA,NA,NA,NA,0.986,NA,NA,NA,1.0,1.0	0.004
2573	0,0,0,0,0	0,54,0,0,0	0,0,0,0,0,0,0,0,0,0,4,0,0,0,2,5	0,0,0,0,5,2,0,0,0,0,360,0,0,0,221,31	153	149	1	1.0	NA,0.0,NA,NA,NA	NA,NA,NA,NA,0.0,0.0,NA,NA,NA,NA,0.011,NA,NA,NA,0.009,0.136	-0.031
2578	0,0,0,0,0	0,50,0,0,0	0,0,0,0,0,0,0,0,0,0,0,0,0,0,10,0	0,0,0,0,45,0,0,0,0,2,74,0,0,0,160,1	162	149	1	1.0	NA,0.0,NA,NA,NA	NA,NA,NA,NA,0.0,NA,NA,NA,NA,0.0,0.0,NA,NA,NA,0.054,0.0	-0.011
2583	0,31,0,0,0	0,0,0,0,0	0,0,0,0,244,0,0,4,0,2,480,0,0,0,318,23	0,0,0,0,20,0,0,0,0,0,0,0,0,0,0,1	215	149	1	1.0	NA,1.0,NA,NA,NA	NA,NA,NA,NA,0.894,NA,NA,1.0,NA,1.0,1.0,NA,NA,NA,1.0,0.941	0.027
2584	0,1,0,0,0	0,36,0,0,0	0,0,0,0,6,0,0,0,0,0,2,0,0,0,34,3	0,0,0,0,209,0,0,0,0,4,618,0,0,0,499,142	298	149	1	1.0	NA,0.014,NA,NA,NA	NA,NA,NA,NA,0.014,NA,NA,NA,NA,0.0,0.002,NA,NA,NA,0.033,0.01	0.002
2585	0,67,0,0,0	0,0,0,0,0	0,0,0,0,175,0,0,2,0,0,583,0,0,0,85,101	0,0,0,0,0,0,0,0,0,0,0,0,0,0,1,0	172	149	1	1.0	NA,1.0,NA,NA,NA	NA,NA,NA,NA,1.0,NA,NA,1.0,NA,NA,1.0,NA,NA,NA,0.987,1.0	0.003
2586	0,85,0,0,2	0,8,0,0,0	0,0,0,0,379,0,0,0,0,0,874,0,0,0,138,203	0,0,0,0,0,0,0,0,0,0,9,0,0,0,0,1	172	149	1	1.0	NA,0.902,NA,NA,1.0	NA,NA,NA,NA,1.0,NA,NA,NA,NA,NA,0.988,NA,NA,NA,1.0,0.994	-0.044
2593	0,26,0,0,0	0,56,0,0,0	0,0,0,0,30,0,0,0,0,0,28,0,0,0,20,0	0,0,0,0,233,0,0,0,0,0,195,0,0,0,155,4	205	149	1	1.0	NA,0.252,NA,NA,NA	NA,NA,NA,NA,0.086,NA,NA,NA,NA,NA,0.095,NA,NA,NA,0.086,0.0	0.185
2596	0,54,0,0,2	0,8,0,0,0	0,0,0,0,346,2,0,0,0,0,335,0,0,0,1321,26	0,0,0,0,0,0,0,0,0,0,1,0,0,0,11,0	291	149	1	1.0	NA,0.776,NA,NA,1.0	NA,NA,NA,NA,1.0,1.0,NA,NA,NA,NA,0.994,NA,NA,NA,0.984,1.0	-0.108
2598	0,669,0,0,2	0,9,0,0,0	0,0,0,0,308,0,0,0,0,0,660,0,0,0,599,46	0,0,0,0,0,0,0,0,0,0,0,0,0,0,0,0	154	149	1	1.0	NA,0.986,NA,NA,1.0	NA,NA,NA,NA,1.0,NA,NA,NA,NA,NA,1.0,NA,NA,NA,1.0,1.0	-0.007
2599	0,805,0,0,2	0,20,0,0,0	0,0,0,0,403,0,0,0,0,0,884,0,0,0,832,75	0,0,0,0,16,0,0,0,0,0,15,0,0,0,22,0	204	149	1	1.0	NA,0.967,NA,NA,1.0	NA,NA,NA,NA,0.948,NA,NA,NA,NA,NA,0.977,NA,NA,NA,0.965,1.0	0.011
2600	0,145,0,0,0	0,20,0,0,0	0,0,0,0,95,0,0,0,0,0,224,0,0,0,233,29	0,0,0,0,16,0,0,0,0,0,15,0,0,0,22,0	199	149	1	1.0	NA,0.844,NA,NA,NA	NA,NA,NA,NA,0.816,NA,NA,NA,NA,NA,0.918,NA,NA,NA,0.888,1.0	-0.061
2601	0,1453,0,0,0	0,10,0,0,0	0,0,0,0,212,0,0,0,0,0,184,0,0,0,0,14	0,0,0,0,0,0,0,0,0,0,1,0,0,0,0,0	218	149	1	1.0	NA,0.99,NA,NA,NA	NA,NA,NA,NA,1.0,NA,NA,NA,NA,NA,0.992,NA,NA,NA,NA,1.0	-0.007
2602	0,318,0,0,0	0,20,0,0,0	0,0,0,0,89,0,0,0,0,0,189,0,0,0,3,15	0,0,0,0,0,0,0,0,0,0,7,0,0,0,0,1	174	149	1	1.0	NA,0.932,NA,NA,NA	NA,NA,NA,NA,1.0,NA,NA,NA,NA,NA,0.959,NA,NA,NA,1.0,0.928	-0.04
2606	0,3,0,0,0	0,0,0,0,0	0,0,0,0,23,0,0,0,0,0,128,0,0,0,10,5	0,0,0,0,0,0,0,0,0,0,1,0,0,0,0,0	298	149	1	1.0	NA,1.0,NA,NA,NA	NA,NA,NA,NA,1.0,NA,NA,NA,NA,NA,0.985,NA,NA,NA,1.0,1.0	0.004
2607	0,20,0,0,0	0,0,0,0,0	0,0,0,0,197,0,0,0,0,0,175,0,0,0,50,4	0,0,0,0,0,0,0,0,0,0,8,0,0,0,12,0	298	149	1	1.0	NA,1.0,NA,NA,NA	NA,NA,NA,NA,1.0,NA,NA,NA,NA,NA,0.916,NA,NA,NA,0.676,1.0	0.102
2608	0,45,0,0,0	0,73,0,0,0	0,0,0,0,0,0,0,0,0,0,38,0,0,0,1,4	0,0,0,0,0,0,0,0,0,0,53,0,0,0,0,23	185	149	1	1.0	NA,0.332,NA,NA,NA	NA,NA,NA,NA,NA,NA,NA,NA,NA,NA,0.366,NA,NA,NA,1.0,0.123	-0.164
2609	0,80,0,0,0	0,122,0,0,0	0,0,0,0,0,0,0,0,0,0,49,0,0,0,1,13	0,0,0,0,17,0,0,0,0,0,77,0,0,0,0,0	205	149	1	1.0	NA,0.323,NA,NA,NA	NA,NA,NA,NA,0.0,NA,NA,NA,NA,NA,0.316,NA,NA,NA,1.0,1.0	-0.256
2610	0,108,0,0,0	0,122,0,0,0	0,0,0,0,0,0,0,0,0,0,64,0,0,0,0,32	0,0,0,0,17,0,0,0,0,0,77,0,0,0,0,0	169	149	1	1.0	NA,0.438,NA,NA,NA	NA,NA,NA,NA,0.0,NA,NA,NA,NA,NA,0.423,NA,NA,NA,NA,1.0	-0.036
2614	0,3,0,0,0	0,0,0,0,0	0,0,0,0,246,0,0,0,0,0,70,0,0,0,224,12	0,0,0,0,0,0,0,2,0,0,2,0,0,0,0,0	236	149	1	1.0	NA,1.0,NA,NA,NA	NA,NA,NA,NA,1.0,NA,NA,0.0,NA,NA,0.957,NA,NA,NA,1.0,1.0	0.209
2616	0,52,4,0,2	0,0,0,0,0	0,0,0,0,11,8,0,16,0,0,933,0,0,0,866,12	0,0,0,0,0,0,0,0,0,0,68,0,0,0,33,0	191	149	1	1.0	NA,1.0,1.0,NA,1.0	NA,NA,NA,NA,1.0,1.0,NA,1.0,NA,NA,0.915,NA,NA,NA,0.953,1.0	0.022
2619	0,31,0,0,0	0,0,0,0,0	0,0,0,0,157,2,0,0,0,0,50,0,0,0,693,15	0,0,0,0,0,0,0,0,0,0,0,0,0,0,13,0	287	149	1	1.0	NA,1.0,NA,NA,NA	NA,NA,NA,NA,1.0,1.0,NA,NA,NA,NA,1.0,NA,NA,NA,0.965,1.0	0.007
2620	0,2,0,0,0	0,20,0,0,0	0,0,0,0,0,0,0,0,0,0,11,0,0,0,0,2	0,0,0,0,11,0,0,0,0,0,24,0,0,0,0,4	282	149	1	1.0	NA,0.05,NA,NA,NA	NA,NA,NA,NA,0.0,NA,NA,NA,NA,NA,0.195,NA,NA,NA,NA,0.209	-0.085
2622	0,0,0,0,0	0,8,0,0,0	0,0,0,0,7,0,0,0,0,0,4,0,0,0,43,4	0,0,0,0,36,0,0,0,0,0,44,0,0,0,137,10	164	149	1	1.0	NA,0.0,NA,NA,NA	NA,NA,NA,NA,0.15,NA,NA,NA,NA,NA,0.076,NA,NA,NA,0.222,0.267	-0.179
2624	0,186,0,0,0	0,6,0,0,0	0,0,0,0,254,0,0,0,0,0,281,0,0,0,466,25	0,0,0,0,0,0,0,0,0,0,12,0,0,0,20,2	297	149	1	1.0	NA,0.94,NA,NA,NA	NA,NA,NA,NA,1.0,NA,NA,NA,NA,NA,0.922,NA,NA,NA,0.921,0.862	0.014
2632	0,53,0,0,0	0,6,0,0,0	0,0,0,0,257,0,0,0,0,0,187,0,0,0,2,19	0,0,0,0,23,0,0,0,0,0,11,0,0,0,0,0	195	149	1	1.0	NA,0.871,NA,NA,NA	NA,NA,NA,NA,0.895,NA,NA,NA,NA,NA,0.929,NA,NA,NA,1.0,1.0	-0.085
2633	0,3,0,0,0	0,294,0,0,0	0,0,0,0,0,0,0,0,0,0,0,0,0,0,0,0	0,0,0,0,140,0,0,0,0,0,118,0,0,0,42,12	204	149	1	1.0	NA,0.007,NA,NA,NA	NA,NA,NA,NA,0.0,NA,NA,NA,NA,NA,0.0,NA,NA,NA,0.0,0.0	0.007
2635	0,88,0,0,0	0,0,0,0,0	0,0,0,0,241,0,0,0,0,2,190,0,0,0,190,19	0,0,0,0,0,0,0,0,0,0,5,0,0,0,0,1	298	149	1	1.0	NA,1.0,NA,NA,NA	NA,NA,NA,NA,1.0,NA,NA,NA,NA,1.0,0.95,NA,NA,NA,1.0,0.905	0.029
2636	0,0,0,0,0	0,5,0,0,0	0,0,0,0,0,0,0,0,0,0,3,0,0,0,30,1	0,0,0,0,9,0,0,0,0,0,31,0,0,0,74,2	226	149	1	1.0	NA,0.0,NA,NA,NA	NA,NA,NA,NA,0.0,NA,NA,NA,NA,NA,0.06,NA,NA,NA,0.211,0.248	-0.13
2642	0,144,0,0,0	0,239,0,0,0	0,0,0,0,76,0,0,0,0,0,391,0,0,0,0,30	0,0,0,0,210,0,0,0,0,0,333,0,0,0,0,12	224	149	1	1.0	NA,0.286,NA,NA,NA	NA,NA,NA,NA,0.194,NA,NA,NA,NA,NA,0.439,NA,NA,NA,NA,0.624	-0.133
2643	0,6,4,0,2	0,0,0,0,0	0,0,0,0,14,0,0,0,0,0,529,0,0,0,467,43	0,0,0,0,5,0,0,0,0,0,2,0,0,0,0,0	181	149	1	1.0	NA,1.0,1.0,NA,1.0	NA,NA,NA,NA,0.697,NA,NA,NA,NA,NA,0.995,NA,NA,NA,1.0,1.0	0.077
2646	0,6,0,0,0	0,0,0,0,0	0,0,0,0,0,0,0,0,0,0,25,0,0,0,33,1	0,0,0,0,0,0,0,0,0,0,0,0,0,0,6,0	153	149	1	1.0	NA,1.0,NA,NA,NA	NA,NA,NA,NA,NA,NA,NA,NA,NA,NA,1.0,NA,NA,NA,0.843,1.0	0.052
2648	0,0,0,0,2	0,0,0,0,0	0,0,0,0,11,0,0,0,0,0,146,0,0,0,208,24	0,0,0,0,12,0,0,0,0,0,30,0,0,0,74,14	153	149	1	1.0	NA,NA,NA,NA,1.0	NA,NA,NA,NA,0.472,NA,NA,NA,NA,NA,0.826,NA,NA,NA,0.732,0.625	0.336
2649	0,6,0,0,0	0,27,0,0,0	0,0,0,0,7,0,0,0,0,0,59,0,0,0,138,21	0,0,0,0,71,2,0,0,0,0,93,0,0,0,174,26	161	149	1	1.0	NA,0.171,NA,NA,NA	NA,NA,NA,NA,0.084,0.0,NA,NA,NA,NA,0.37,NA,NA,NA,0.423,0.428	-0.09
2650	0,0,0,0,0	0,47,0,0,0	0,0,0,0,0,0,0,0,0,0,4,0,0,0,0,0	0,0,0,0,136,0,0,0,0,0,144,0,0,0,292,9	155	149	1	1.0	NA,0.0,NA,NA,NA	NA,NA,NA,NA,0.0,NA,NA,NA,NA,NA,0.026,NA,NA,NA,0.0,0.0	-0.006
2652	0,10,0,0,0	0,38,0,0,0	0,0,0,0,0,0,0,0,0,0,4,0,0,0,0,1	0,0,0,0,96,0,0,0,0,0,187,0,0,0,117,12	252	149	1	1.0	NA,0.135,NA,NA,NA	NA,NA,NA,NA,0.0,NA,NA,NA,NA,NA,0.012,NA,NA,NA,0.0,0.047	0.12
2653	0,296,0,0,0	0,0,0,0,0	0,0,0,0,381,0,0,0,0,2,785,0,0,0,259,50	0,0,0,0,16,0,0,0,0,0,0,0,0,0,0,0	298	149	1	1.0	NA,1.0,NA,NA,NA	NA,NA,NA,NA,0.923,NA,NA,NA,NA,1.0,1.0,NA,NA,NA,1.0,1.0	0.015
2654	0,8,0,0,0	0,0,0,0,0	0,0,0,0,119,0,0,0,0,0,99,0,0,0,75,3	0,0,0,0,0,0,0,0,0,0,6,0,0,0,0,0	298	149	1	1.0	NA,1.0,NA,NA,NA	NA,NA,NA,NA,1.0,NA,NA,NA,NA,NA,0.892,NA,NA,NA,1.0,1.0	0.027
2655	0,0,0,0,0	0,10,0,0,0	0,0,0,0,0,0,0,0,0,0,0,0,0,0,11,1	0,0,0,0,108,0,0,0,0,0,92,0,0,0,225,19	266	149	1	1.0	NA,0.0,NA,NA,NA	NA,NA,NA,NA,0.0,NA,NA,NA,NA,NA,0.0,NA,NA,NA,0.027,0.029	-0.014
2656	0,4,0,0,0	0,61,0,0,2	0,0,0,0,19,0,0,0,0,0,0,0,0,0,0,0	0,0,0,0,164,0,0,0,0,0,248,0,0,0,120,114	298	149	1	1.0	NA,0.032,NA,NA,0.0	NA,NA,NA,NA,0.055,NA,NA,NA,NA,NA,0.0,NA,NA,NA,0.0,0.0	0.002
2662	0,58,0,0,0	0,662,0,0,0	0,0,0,0,12,0,0,0,0,0,51,0,0,0,10,2	0,0,0,0,587,0,0,2,0,0,696,0,0,0,359,40	152	149	1	1.0	NA,0.079,NA,NA,NA	NA,NA,NA,NA,0.02,NA,NA,0.0,NA,NA,0.067,NA,NA,NA,0.027,0.047	0.047
2663	0,1,0,0,0	0,15,0,0,0	0,0,0,0,0,0,0,0,0,0,0,0,0,0,16,0	0,0,0,0,10,0,0,0,0,0,6,0,0,0,17,1	220	149	1	1.0	NA,0.043,NA,NA,NA	NA,NA,NA,NA,0.0,NA,NA,NA,NA,NA,0.0,NA,NA,NA,0.389,0.0	-0.054
2664	0,17,0,0,0	0,214,0,0,2	0,0,0,0,50,0,0,0,0,0,31,0,0,0,23,3	0,0,0,0,399,0,0,0,2,0,399,0,0,0,577,90	155	149	1	1.0	NA,0.071,NA,NA,0.0	NA,NA,NA,NA,0.108,NA,NA,NA,0.0,NA,0.069,NA,NA,NA,0.037,0.031	-0.014
2665	0,9,0,0,0	0,128,0,0,0	0,0,0,0,0,0,0,0,0,0,0,0,0,0,11,2	0,0,0,0,371,0,2,0,0,2,287,0,0,0,484,27	151	149	1	1.0	NA,0.065,NA,NA,NA	NA,NA,NA,NA,0.0,NA,0.0,NA,NA,0.0,0.0,NA,NA,NA,0.022,0.068	0.05
2666	0,0,0,0,0	0,29,0,0,0	0,0,0,0,7,0,0,0,0,0,1,0,0,0,3,8	0,0,0,0,242,0,0,2,2,4,229,0,0,0,462,85	200	149	1	1.0	NA,0.0,NA,NA,NA	NA,NA,NA,NA,0.021,NA,NA,0.0,0.0,0.0,0.003,NA,NA,NA,0.005,0.066	-0.014
2668	0,332,0,0,0	0,9,0,0,0	0,0,0,0,546,0,0,0,0,0,909,0,0,0,0,16	0,0,0,0,0,0,0,0,0,0,0,0,0,0,0,0	298	149	1	1.0	NA,0.949,NA,NA,NA	NA,NA,NA,NA,1.0,NA,NA,NA,NA,NA,1.0,NA,NA,NA,NA,1.0	-0.051
2670	0,66,0,0,0	0,403,0,0,4	0,0,0,0,25,0,0,0,0,0,13,0,0,0,20,0	0,0,0,0,1061,0,0,0,0,0,719,0,0,0,456,30	291	149	1	1.0	NA,0.077,NA,NA,0.0	NA,NA,NA,NA,0.012,NA,NA,NA,NA,NA,0.009,NA,NA,NA,0.022,0.0	0.028
2672	0,0,0,0,0	0,414,0,0,0	0,0,0,0,0,0,0,0,0,0,4,0,0,0,0,0	0,0,0,0,1120,0,0,0,0,0,1348,0,0,0,716,0	298	149	1	1.0	NA,0.0,NA,NA,NA	NA,NA,NA,NA,0.0,NA,NA,NA,NA,NA,0.001,NA,NA,NA,0.0,NA	-0.0
2673	0,3,0,0,6	0,7,0,0,0	0,0,0,0,59,0,0,0,0,0,32,0,0,0,55,5	0,0,0,0,192,0,0,0,0,0,160,0,0,0,503,8	159	149	1	1.0	NA,0.287,NA,NA,1.0	NA,NA,NA,NA,0.224,NA,NA,NA,NA,NA,0.158,NA,NA,NA,0.093,0.369	0.432
2675	0,0,0,0,0	0,10,0,0,0	0,0,0,0,7,0,0,0,0,0,7,0,0,0,0,5	0,0,0,0,104,0,0,0,0,0,53,0,0,0,19,26	298	149	1	1.0	NA,0.0,NA,NA,NA	NA,NA,NA,NA,0.033,NA,NA,NA,NA,NA,0.062,NA,NA,NA,0.0,0.088	-0.046
2676	0,12,0,0,0	0,7,0,0,0	0,0,0,0,145,0,0,0,0,0,63,0,0,0,58,21	0,0,0,0,48,0,0,0,0,0,11,0,0,0,41,5	298	149	1	1.0	NA,0.462,NA,NA,NA	NA,NA,NA,NA,0.602,NA,NA,NA,NA,NA,0.741,NA,NA,NA,0.414,0.677	-0.147
2678	0,569,6,0,0	0,0,0,0,0	0,0,0,0,841,2,0,0,0,2,188,0,0,0,174,3	0,0,0,0,7,0,0,0,0,0,0,0,0,0,0,0	298	149	1	1.0	NA,1.0,1.0,NA,NA	NA,NA,NA,NA,0.984,1.0,NA,NA,NA,1.0,1.0,NA,NA,NA,1.0,1.0	0.003
2679	0,111,0,0,0	0,5,0,0,0	0,0,0,0,6,0,0,0,0,0,113,0,0,0,3,4	0,0,0,0,9,0,0,0,0,0,8,0,0,0,0,0	164	149	1	1.0	NA,0.953,NA,NA,NA	NA,NA,NA,NA,0.377,NA,NA,NA,NA,NA,0.928,NA,NA,NA,1.0,1.0	0.127
2680	0,2938,0,0,4	0,6,0,0,0	0,0,0,0,928,0,0,0,0,4,1938,0,0,0,555,152	0,0,0,0,0,0,0,0,0,0,0,0,0,0,0,0	298	149	1	1.0	NA,0.996,NA,NA,1.0	NA,NA,NA,NA,1.0,NA,NA,NA,NA,1.0,1.0,NA,NA,NA,1.0,1.0	-0.002
2682	0,3883,6,0,8	0,0,0,0,0	0,0,0,0,11384,4,5,14,11,10,7297,0,0,0,4174,1869	0,0,0,0,0,0,0,0,0,0,0,0,0,0,0,2	298	149	1	1.0	NA,1.0,1.0,NA,1.0	NA,NA,NA,NA,1.0,1.0,1.0,1.0,1.0,1.0,1.0,NA,NA,NA,1.0,0.998	0.0
2685	0,109,0,0,0	0,0,0,0,0	0,0,0,0,295,0,0,0,0,1,318,0,0,0,81,12	0,0,0,0,0,0,0,0,0,0,0,0,0,0,0,4	298	149	1	1.0	NA,1.0,NA,NA,NA	NA,NA,NA,NA,1.0,NA,NA,NA,NA,1.0,1.0,NA,NA,NA,1.0,0.6	0.08
2686	0,21,2,0,0	0,6,0,0,0	0,0,0,0,170,0,0,0,0,0,74,0,0,0,100,25	0,0,0,0,76,0,0,0,0,0,26,0,0,0,22,9	212	149	1	1.0	NA,0.711,1.0,NA,NA	NA,NA,NA,NA,0.611,NA,NA,NA,NA,NA,0.667,NA,NA,NA,0.762,0.661	0.18
2688	0,343,0,0,2	0,2,0,0,0	0,0,0,0,1478,0,0,2,0,0,1918,0,0,0,2563,119	0,0,0,0,9,0,0,0,0,0,100,0,0,0,46,2	225	149	1	1.0	NA,0.991,NA,NA,1.0	NA,NA,NA,NA,0.991,NA,NA,1.0,NA,NA,0.927,NA,NA,NA,0.974,0.975	0.022
2689	0,235,2,0,0	0,4,0,0,0	0,0,0,0,670,0,0,0,0,2,1199,0,0,0,1696,21	0,0,0,0,26,0,0,0,0,0,21,0,0,0,9,0	298	149	1	1.0	NA,0.967,1.0,NA,NA	NA,NA,NA,NA,0.928,NA,NA,NA,NA,1.0,0.966,NA,NA,NA,0.989,1.0	0.007
2690	0,0,0,0,0	0,22,0,0,0	0,0,0,0,0,0,0,0,0,0,3,0,0,0,33,0	0,0,0,0,21,0,0,3,0,0,60,0,0,0,89,1	298	149	1	1.0	NA,0.0,NA,NA,NA	NA,NA,NA,NA,0.0,NA,NA,0.0,NA,NA,0.024,NA,NA,NA,0.156,0.0	-0.036
2691	0,392,0,0,0	0,90,0,0,0	0,0,0,0,173,0,0,0,0,0,104,0,0,0,27,1	0,0,0,0,20,0,0,0,0,0,42,0,0,0,6,0	158	149	1	1.0	NA,0.804,NA,NA,NA	NA,NA,NA,NA,0.891,NA,NA,NA,NA,NA,0.7,NA,NA,NA,0.809,1.0	-0.046
2694	0,12,0,0,0	0,40,0,0,0	0,0,0,0,68,0,0,0,0,0,11,0,0,0,28,3	0,0,0,0,72,0,0,0,0,0,129,0,0,0,13,4	215	149	1	1.0	NA,0.172,NA,NA,NA	NA,NA,NA,NA,0.396,NA,NA,NA,NA,NA,0.056,NA,NA,NA,0.599,0.342	-0.176
2695	0,2,0,0,0	0,17,0,0,0	0,0,0,0,18,0,0,0,0,0,0,0,0,0,5,0	0,0,0,0,77,0,0,0,0,0,39,0,0,0,20,5	180	149	1	1.0	NA,0.089,NA,NA,NA	NA,NA,NA,NA,0.162,NA,NA,NA,NA,NA,0.0,NA,NA,NA,0.171,0.0	0.006
2696	0,19,0,0,0	0,87,0,0,0	0,0,0,0,118,0,0,0,0,0,18,0,0,0,40,9	0,0,0,0,282,2,0,0,0,0,333,0,0,0,520,20	215	149	1	1.0	NA,0.131,NA,NA,NA	NA,NA,NA,NA,0.225,0.0,NA,NA,NA,NA,0.036,NA,NA,NA,0.051,0.238	0.021
2697	0,5,0,0,0	0,7,0,0,0	0,0,0,0,26,0,0,0,0,0,5,0,0,0,11,0	0,0,0,0,14,0,0,0,0,0,8,0,0,0,3,0	180	149	1	1.0	NA,0.372,NA,NA,NA	NA,NA,NA,NA,0.606,NA,NA,NA,NA,NA,0.341,NA,NA,NA,0.752,NA	-0.194
2698	0,7,0,0,0	0,25,0,0,0	0,0,0,0,89,0,0,0,0,2,23,0,0,0,28,5	0,0,0,0,60,0,0,0,0,0,69,0,0,0,46,9	215	149	1	1.0	NA,0.163,NA,NA,NA	NA,NA,NA,NA,0.507,NA,NA,NA,NA,1.0,0.188,NA,NA,NA,0.297,0.278	-0.291
2700	0,6,0,0,0	0,0,0,0,0	0,0,0,0,37,0,0,0,0,0,51,0,0,0,36,3	0,0,0,0,0,0,0,0,0,0,3,0,0,0,0,0	179	149	1	1.0	NA,1.0,NA,NA,NA	NA,NA,NA,NA,1.0,NA,NA,NA,NA,NA,0.934,NA,NA,NA,1.0,1.0	0.016
2702	0,77,0,0,0	0,105,0,0,0	0,0,0,0,91,0,0,0,0,0,139,0,0,0,102,8	0,0,0,0,175,0,0,0,0,0,269,0,0,0,244,30	167	149	1	1.0	NA,0.396,NA,NA,NA	NA,NA,NA,NA,0.317,NA,NA,NA,NA,NA,0.316,NA,NA,NA,0.272,0.192	0.122
2703	0,28,0,0,0	0,0,0,0,0	0,0,0,0,93,4,0,0,0,0,95,0,0,0,159,37	0,0,0,0,0,0,0,0,0,0,10,0,0,0,0,0	237	149	1	1.0	NA,1.0,NA,NA,NA	NA,NA,NA,NA,1.0,1.0,NA,NA,NA,NA,0.857,NA,NA,NA,1.0,1.0	0.029
2705	0,0,0,0,0	0,46,2,0,0	0,0,0,0,0,0,0,1,0,0,8,0,0,0,21,2	0,0,0,0,312,0,0,0,2,2,458,0,0,0,1156,88	298	149	1	1.0	NA,0.0,0.0,NA,NA	NA,NA,NA,NA,0.0,NA,NA,1.0,0.0,0.0,0.009,NA,NA,NA,0.009,0.011	-0.147
2706	0,80,0,0,0	0,0,0,0,0	0,0,0,0,146,0,0,2,0,2,155,0,0,0,159,51	0,0,0,0,0,0,0,0,0,0,1,0,0,0,14,0	170	149	1	1.0	NA,1.0,NA,NA,NA	NA,NA,NA,NA,1.0,NA,NA,1.0,NA,1.0,0.993,NA,NA,NA,0.909,1.0	0.016
2707	0,305,0,0,0	0,7,0,0,0	0,0,0,0,1068,2,0,2,0,0,798,0,0,0,579,84	0,0,0,0,68,0,0,0,0,0,30,0,0,0,18,7	167	149	1	1.0	NA,0.975,NA,NA,NA	NA,NA,NA,NA,0.933,1.0,NA,1.0,NA,NA,0.96,NA,NA,NA,0.966,0.915	0.013
2708	0,328,0,0,0	0,230,0,0,0	0,0,0,0,1078,2,0,2,0,0,829,0,0,0,587,87	0,0,0,0,838,0,0,0,0,0,1073,0,0,0,683,66	170	149	1	1.0	NA,0.556,NA,NA,NA	NA,NA,NA,NA,0.53,1.0,NA,1.0,NA,NA,0.404,NA,NA,NA,0.43,0.536	-0.094
2709	0,30,0,0,0	0,230,0,0,0	0,0,0,0,78,0,0,0,0,0,61,0,0,0,26,10	0,0,0,0,838,0,0,0,0,0,1073,0,0,0,683,66	152	149	1	1.0	NA,0.113,NA,NA,NA	NA,NA,NA,NA,0.084,NA,NA,NA,NA,NA,0.053,NA,NA,NA,0.036,0.129	0.037
2711	0,0,0,0,0	0,69,0,0,0	0,0,0,0,0,0,0,0,0,0,8,0,0,0,2,2	0,0,0,0,325,0,0,0,2,0,135,0,0,0,117,56	153	149	1	1.0	NA,0.0,NA,NA,NA	NA,NA,NA,NA,0.0,NA,NA,NA,0.0,NA,0.055,NA,NA,NA,0.016,0.034	-0.021
2713	0,0,0,0,0	0,1,0,0,0	0,0,0,0,0,0,0,0,0,0,0,0,0,0,11,8	0,0,0,0,74,0,0,0,0,0,41,0,0,0,306,99	298	149	1	1.0	NA,0.0,NA,NA,NA	NA,NA,NA,NA,0.0,NA,NA,NA,NA,NA,0.0,NA,NA,NA,0.018,0.039	-0.014
2714	0,12,0,0,0	0,3,0,0,0	0,0,0,0,19,0,0,0,0,0,4,0,0,0,11,1	0,0,0,0,27,0,0,0,0,0,20,0,0,0,27,8	298	149	1	1.0	NA,0.667,NA,NA,NA	NA,NA,NA,NA,0.26,NA,NA,NA,NA,NA,0.091,NA,NA,NA,0.169,0.059	0.522
2715	0,11,0,0,0	0,35,0,0,0	0,0,0,0,20,0,0,0,0,0,16,0,0,0,14,0	0,0,0,0,82,0,0,0,0,0,155,0,0,0,188,10	261	149	1	1.0	NA,0.152,NA,NA,NA	NA,NA,NA,NA,0.122,NA,NA,NA,NA,NA,0.056,NA,NA,NA,0.041,0.0	0.097
2716	0,110,0,0,0	0,0,0,0,0	0,0,0,0,294,0,0,0,0,2,415,0,0,0,762,39	0,0,0,0,0,0,0,0,0,0,3,0,0,0,0,0	239	149	1	1.0	NA,1.0,NA,NA,NA	NA,NA,NA,NA,1.0,NA,NA,NA,NA,1.0,0.989,NA,NA,NA,1.0,1.0	0.002
2717	0,1042,0,0,0	0,2,0,0,0	0,0,0,0,3823,4,0,2,0,10,4229,0,0,0,1292,96	0,0,0,0,0,0,0,0,0,0,5,0,0,0,0,0	290	149	1	1.0	NA,0.996,NA,NA,NA	NA,NA,NA,NA,1.0,1.0,NA,1.0,NA,1.0,0.998,NA,NA,NA,1.0,1.0	-0.004
2722	0,0,0,0,0	0,4,0,0,0	0,0,0,0,0,0,0,0,0,0,0,0,0,0,20,2	0,0,0,0,59,0,0,0,0,0,83,0,0,0,160,2	165	149	1	1.0	NA,0.0,NA,NA,NA	NA,NA,NA,NA,0.0,NA,NA,NA,NA,NA,0.0,NA,NA,NA,0.101,0.475	-0.144
2723	0,0,0,0,0	0,8,2,0,2	0,0,0,0,0,0,0,0,0,0,1,0,0,0,3,0	0,0,0,0,6,0,0,0,0,0,30,0,0,0,120,3	272	149	1	1.0	NA,0.0,0.0,NA,0.0	NA,NA,NA,NA,0.0,NA,NA,NA,NA,NA,0.018,NA,NA,NA,0.014,0.0	-0.008
2724	0,114,0,0,0	0,0,0,0,0	0,0,0,0,7,0,0,0,0,0,42,0,0,0,161,1	0,0,0,0,0,0,0,0,0,0,1,0,0,0,0,0	191	149	1	1.0	NA,1.0,NA,NA,NA	NA,NA,NA,NA,1.0,NA,NA,NA,NA,NA,0.97,NA,NA,NA,1.0,1.0	0.008
2732	0,143,0,0,0	0,4,0,0,0	0,0,0,0,1113,0,0,0,0,2,721,0,0,0,51,4	0,0,0,0,19,0,0,0,0,0,13,0,0,0,1,0	265	149	1	1.0	NA,0.953,NA,NA,NA	NA,NA,NA,NA,0.971,NA,NA,NA,NA,1.0,0.969,NA,NA,NA,0.966,1.0	-0.028
2733	0,48,0,0,0	0,0,0,0,0	0,0,0,0,226,0,0,0,0,0,67,0,0,0,239,11	0,0,0,0,0,0,0,0,0,0,4,0,0,0,31,0	298	149	1	1.0	NA,1.0,NA,NA,NA	NA,NA,NA,NA,1.0,NA,NA,NA,NA,NA,0.893,NA,NA,NA,0.794,1.0	0.078
2734	0,11,0,0,0	0,0,0,0,0	0,0,0,0,100,0,0,0,0,0,20,0,0,0,116,19	0,0,0,0,0,0,0,0,0,0,0,0,0,0,8,0	298	149	1	1.0	NA,1.0,NA,NA,NA	NA,NA,NA,NA,1.0,NA,NA,NA,NA,NA,1.0,NA,NA,NA,0.879,1.0	0.03
2735	0,11,0,0,0	0,0,0,0,0	0,0,0,0,146,0,0,0,0,0,35,0,0,0,227,27	0,0,0,0,0,0,0,0,0,0,0,0,0,0,0,2	298	149	1	1.0	NA,1.0,NA,NA,NA	NA,NA,NA,NA,1.0,NA,NA,NA,NA,NA,1.0,NA,NA,NA,1.0,0.871	0.032
2740	0,4,0,0,0	0,39,0,0,0	0,0,0,0,29,0,0,0,4,0,9,0,0,0,41,3	0,0,0,0,391,0,0,0,2,0,166,0,0,0,311,20	298	149	1	1.0	NA,0.049,NA,NA,NA	NA,NA,NA,NA,0.036,NA,NA,NA,0.5,NA,0.026,NA,NA,NA,0.062,0.07	-0.09
2742	0,137,0,0,2	0,62532,102,0,44	0,0,0,0,9,0,0,1,0,0,13,0,0,0,21,49	0,0,0,0,4078,40,38,21,12,8,17968,0,0,0,11262,2772	174	149	1	1.0	NA,0.002,0.0,NA,0.037	NA,NA,NA,NA,0.002,0.0,0.0,0.039,0.0,0.0,0.001,NA,NA,NA,0.002,0.015	0.006
2743	0,0,0,0,0	0,5,0,0,0	0,0,0,0,0,0,0,0,0,0,2,0,0,0,27,5	0,0,0,0,171,0,0,0,2,0,33,0,0,0,44,5	291	149	1	1.0	NA,0.0,NA,NA,NA	NA,NA,NA,NA,0.0,NA,NA,NA,0.0,NA,0.03,NA,NA,NA,0.239,0.339	-0.122
2744	0,107,0,0,4	0,0,0,0,0	0,0,0,0,1507,0,0,2,0,4,1441,0,0,0,1223,178	0,0,0,0,0,0,0,0,0,0,5,0,0,0,4,2	188	149	1	1.0	NA,1.0,NA,NA,1.0	NA,NA,NA,NA,1.0,NA,NA,1.0,NA,1.0,0.996,NA,NA,NA,0.996,0.986	0.004
2745	0,109,0,0,4	0,4,0,0,0	0,0,0,0,1561,0,0,2,0,6,1499,0,0,0,1261,179	0,0,0,0,19,0,0,0,2,0,2,0,0,0,0,0	211	149	1	1.0	NA,0.951,NA,NA,1.0	NA,NA,NA,NA,0.983,NA,NA,1.0,0.0,1.0,0.998,NA,NA,NA,1.0,1.0	0.121
2746	0,2,0,0,0	0,4,0,0,0	0,0,0,0,54,0,0,0,0,2,63,0,0,0,42,3	0,0,0,0,19,0,0,0,2,0,2,0,0,0,0,0	172	149	1	1.0	NA,0.302,NA,NA,NA	NA,NA,NA,NA,0.711,NA,NA,NA,0.0,1.0,0.965,NA,NA,NA,1.0,1.0	-0.477
2747	0,0,0,0,0	0,96,2,0,0	0,0,0,0,84,0,0,0,0,0,22,0,0,0,0,5	0,0,0,0,1421,0,0,0,2,2,910,0,0,0,429,42	298	149	1	1.0	NA,0.0,0.0,NA,NA	NA,NA,NA,NA,0.029,NA,NA,NA,0.0,0.0,0.012,NA,NA,NA,0.0,0.056	-0.016
2748	0,73,0,0,2	0,0,0,0,0	0,0,0,0,1085,0,0,1,0,0,963,0,0,0,24,71	0,0,0,0,7,0,0,0,0,0,0,0,0,0,0,0	298	149	1	1.0	NA,1.0,NA,NA,1.0	NA,NA,NA,NA,0.987,NA,NA,1.0,NA,NA,1.0,NA,NA,NA,1.0,1.0	0.003
2749	0,19,0,0,0	0,23,2,0,0	0,0,0,0,92,0,0,0,2,0,25,0,0,0,25,1	0,0,0,0,166,0,0,0,0,0,55,0,0,0,35,0	152	149	1	1.0	NA,0.447,0.0,NA,NA	NA,NA,NA,NA,0.352,NA,NA,NA,1.0,NA,0.308,NA,NA,NA,0.412,1.0	-0.391
2750	0,69,0,0,0	0,0,0,0,0	0,0,0,0,129,0,0,0,0,2,49,0,0,0,184,4	0,0,0,0,0,0,0,0,0,0,4,0,0,0,4,0	197	149	1	1.0	NA,1.0,NA,NA,NA	NA,NA,NA,NA,1.0,NA,NA,NA,NA,1.0,0.903,NA,NA,NA,0.972,1.0	0.025
2751	0,85,0,0,0	0,19,0,0,0	0,0,0,0,340,0,0,0,0,2,156,0,0,0,244,5	0,0,0,0,61,0,0,0,0,0,10,0,0,0,3,0	211	149	1	1.0	NA,0.76,NA,NA,NA	NA,NA,NA,NA,0.797,NA,NA,NA,NA,1.0,0.917,NA,NA,NA,0.983,1.0	-0.179
2754	0,0,0,0,0	0,13,0,0,0	0,0,0,0,8,0,0,0,0,0,0,0,0,0,0,0	0,0,0,0,70,0,0,0,0,0,57,0,0,0,28,4	234	149	1	1.0	NA,0.0,NA,NA,NA	NA,NA,NA,NA,0.068,NA,NA,NA,NA,NA,0.0,NA,NA,NA,0.0,0.0	-0.017
2758	0,25,2,0,0	0,0,0,0,0	0,0,0,0,148,6,0,5,0,0,250,0,0,0,292,17	0,0,0,0,45,0,0,0,0,0,1,0,0,0,0,1	293	149	1	1.0	NA,1.0,1.0,NA,NA	NA,NA,NA,NA,0.626,1.0,NA,1.0,NA,NA,0.992,NA,NA,NA,1.0,0.896	0.081
2759	0,1,0,0,0	0,0,0,0,0	0,0,0,0,183,0,0,0,0,0,135,0,0,0,229,12	0,0,0,0,0,0,0,0,0,0,0,0,0,0,21,0	298	149	1	1.0	NA,1.0,NA,NA,NA	NA,NA,NA,NA,1.0,NA,NA,NA,NA,NA,1.0,NA,NA,NA,0.845,1.0	0.039
2762	0,7,0,0,0	0,30,0,0,0	0,0,0,0,17,0,0,0,0,0,33,0,0,0,16,14	0,0,0,0,110,0,2,0,0,0,81,0,0,0,127,37	213	149	1	1.0	NA,0.14,NA,NA,NA	NA,NA,NA,NA,0.098,NA,0.0,NA,NA,NA,0.222,NA,NA,NA,0.081,0.209	0.018
2765	0,8,0,0,0	0,944,0,0,0	0,0,0,0,0,0,0,0,0,0,9,0,0,0,1,1	0,0,0,0,288,2,0,2,0,0,1206,0,0,0,1513,77	157	149	1	1.0	NA,0.008,NA,NA,NA	NA,NA,NA,NA,0.0,0.0,NA,0.0,NA,NA,0.007,NA,NA,NA,0.001,0.012	0.005
2768	0,5,0,0,0	0,0,0,0,0	0,0,0,0,11,0,0,0,0,0,10,0,0,0,57,2	0,0,0,0,0,0,0,0,0,0,1,0,0,0,4,0	186	149	1	1.0	NA,1.0,NA,NA,NA	NA,NA,NA,NA,1.0,NA,NA,NA,NA,NA,0.889,NA,NA,NA,0.919,1.0	0.048
2770	0,45,0,0,0	0,1,0,0,0	0,0,0,0,11,2,0,0,0,0,103,0,0,0,3,0	0,0,0,0,0,0,0,0,0,0,0,0,0,0,0,0	210	149	1	1.0	NA,0.97,NA,NA,NA	NA,NA,NA,NA,1.0,1.0,NA,NA,NA,NA,1.0,NA,NA,NA,1.0,NA	-0.03
2771	0,175,0,0,2	0,9,0,0,0	0,0,0,0,302,0,0,0,0,0,1291,0,0,0,486,62	0,0,0,0,57,0,0,0,0,0,35,0,0,0,21,2	175	149	1	1.0	NA,0.943,NA,NA,1.0	NA,NA,NA,NA,0.819,NA,NA,NA,NA,NA,0.969,NA,NA,NA,0.952,0.963	0.046
2782	0,187,0,0,2	0,5,0,0,0	0,0,0,0,762,0,0,3,0,4,805,0,0,0,743,99	0,0,0,0,5,0,0,0,0,0,19,0,0,0,0,0	298	149	1	1.0	NA,0.949,NA,NA,1.0	NA,NA,NA,NA,0.987,NA,NA,1.0,NA,1.0,0.955,NA,NA,NA,1.0,1.0	-0.016
2783	0,2,0,0,0	0,32,0,0,0	0,0,0,0,55,0,0,0,0,0,45,0,0,0,62,8	0,0,0,0,229,0,4,0,0,0,643,0,0,0,402,79	298	149	1	1.0	NA,0.03,NA,NA,NA	NA,NA,NA,NA,0.107,NA,0.0,NA,NA,NA,0.034,NA,NA,NA,0.072,0.048	-0.022
2785	0,0,0,0,0	0,6,0,0,0	0,0,0,0,0,0,2,0,0,0,0,0,0,0,0,0	0,0,0,0,333,0,16,0,2,2,496,0,0,0,333,101	218	149	1	1.0	NA,0.0,NA,NA,NA	NA,NA,NA,NA,0.0,NA,0.079,NA,0.0,0.0,0.0,NA,NA,NA,0.0,0.0	-0.011
2790	0,25,0,0,0	0,472,2,0,2	0,0,0,0,21,0,0,0,0,0,1,0,0,0,4,0	0,0,0,0,483,4,0,8,0,0,403,0,0,0,533,13	168	149	1	1.0	NA,0.045,0.0,NA,0.0	NA,NA,NA,NA,0.037,0.0,NA,0.0,NA,NA,0.002,NA,NA,NA,0.007,0.0	0.007
2792	0,0,0,0,0	0,16,0,0,0	0,0,0,0,216,0,0,0,0,0,40,0,0,0,14,21	0,0,0,0,309,0,0,0,0,0,47,0,0,0,58,7	173	149	1	1.0	NA,0.0,NA,NA,NA	NA,NA,NA,NA,0.376,NA,NA,NA,NA,NA,0.423,NA,NA,NA,0.172,0.721	-0.423
2794	0,20,0,0,0	0,67,0,0,2	0,0,0,0,130,0,0,0,0,0,24,0,0,0,86,3	0,0,0,0,166,0,0,0,0,0,89,0,0,0,177,0	198	149	1	1.0	NA,0.183,NA,NA,0.0	NA,NA,NA,NA,0.371,NA,NA,NA,NA,NA,0.169,NA,NA,NA,0.268,1.0	-0.361
2797	0,173,2,0,6	0,6,0,0,0	0,0,0,0,29,0,0,0,0,2,61,0,0,0,6,4	0,0,0,0,0,0,0,0,0,0,0,0,0,0,0,0	298	149	1	1.0	NA,0.935,1.0,NA,1.0	NA,NA,NA,NA,1.0,NA,NA,NA,NA,1.0,1.0,NA,NA,NA,1.0,1.0	-0.022
2798	0,169,0,0,0	0,0,0,0,0	0,0,0,0,582,0,0,2,0,0,610,0,0,0,846,50	0,0,0,0,28,0,0,0,0,0,9,0,0,0,27,1	248	149	1	1.0	NA,1.0,NA,NA,NA	NA,NA,NA,NA,0.926,NA,NA,1.0,NA,NA,0.976,NA,NA,NA,0.95,0.968	0.036
2799	0,16,0,0,0	0,12,0,0,0	0,0,0,0,88,0,0,0,0,0,64,0,0,0,118,5	0,0,0,0,45,0,0,0,0,0,3,0,0,0,107,9	298	149	1	1.0	NA,0.4,NA,NA,NA	NA,NA,NA,NA,0.494,NA,NA,NA,NA,NA,0.914,NA,NA,NA,0.355,0.217	-0.095
2802	0,5,0,0,0	0,0,0,0,0	0,0,0,0,28,0,0,0,0,0,18,0,0,0,9,0	0,0,0,0,16,0,0,0,0,0,6,0,0,0,22,0	256	149	1	1.0	NA,1.0,NA,NA,NA	NA,NA,NA,NA,0.505,NA,NA,NA,NA,NA,0.636,NA,NA,NA,0.192,NA	0.556
2805	0,10,0,0,0	0,0,0,0,0	0,0,0,0,15,0,0,0,0,0,80,0,0,0,11,3	0,0,0,0,0,0,0,0,0,0,29,0,0,0,10,0	272	149	1	1.0	NA,1.0,NA,NA,NA	NA,NA,NA,NA,1.0,NA,NA,NA,NA,NA,0.602,NA,NA,NA,0.376,1.0	0.256
2809	0,2,0,0,0	0,1,0,0,0	0,0,0,0,94,0,0,0,0,0,12,0,0,0,12,13	0,0,0,0,0,0,0,0,0,0,0,0,0,0,19,4	183	149	1	1.0	NA,0.62,NA,NA,NA	NA,NA,NA,NA,1.0,NA,NA,NA,NA,NA,1.0,NA,NA,NA,0.34,0.726	-0.146
2811	0,1,0,0,0	0,12,0,0,0	0,0,0,0,23,0,0,0,0,0,33,0,0,0,10,1	0,0,0,0,58,0,0,0,0,0,20,0,0,0,32,2	161	149	1	1.0	NA,0.072,NA,NA,NA	NA,NA,NA,NA,0.268,NA,NA,NA,NA,NA,0.604,NA,NA,NA,0.224,0.316	-0.281
2812	0,37,0,0,0	0,101,0,0,0	0,0,0,0,428,0,2,2,0,0,72,0,0,0,15,0	0,0,0,0,848,0,0,0,0,0,192,0,0,0,4,1	298	149	1	1.0	NA,0.155,NA,NA,NA	NA,NA,NA,NA,0.202,NA,1.0,1.0,NA,NA,0.158,NA,NA,NA,0.652,0.0	-0.347
2813	0,27,0,0,0	0,2,0,0,0	0,0,0,0,365,0,2,2,0,0,56,0,0,0,15,0	0,0,0,0,9,0,0,0,0,0,11,0,0,0,1,0	298	149	1	1.0	NA,0.871,NA,NA,NA	NA,NA,NA,NA,0.953,NA,1.0,1.0,NA,NA,0.718,NA,NA,NA,0.882,NA	-0.04
2814	0,78,0,0,0	0,0,0,0,0	0,0,0,0,210,0,0,0,0,0,677,0,0,0,34,16	0,0,0,0,0,0,0,0,0,0,27,0,0,0,0,0	160	149	1	1.0	NA,1.0,NA,NA,NA	NA,NA,NA,NA,1.0,NA,NA,NA,NA,NA,0.959,NA,NA,NA,1.0,1.0	0.01
2817	0,21,0,0,0	0,0,0,0,0	0,0,0,0,185,0,0,0,0,0,100,0,0,0,82,3	0,0,0,0,6,0,0,0,0,0,0,0,0,0,0,0	272	149	1	1.0	NA,1.0,NA,NA,NA	NA,NA,NA,NA,0.944,NA,NA,NA,NA,NA,1.0,NA,NA,NA,1.0,1.0	0.014
2819	0,25,0,0,2	0,0,0,0,0	0,0,0,0,277,0,2,0,0,0,202,0,0,0,343,79	0,0,0,0,19,0,0,0,0,0,5,0,0,0,31,6	154	149	1	1.0	NA,1.0,NA,NA,1.0	NA,NA,NA,NA,0.934,NA,1.0,NA,NA,NA,0.975,NA,NA,NA,0.915,0.927	0.05
2822	0,89925,64,0,57	0,0,0,0,0	0,0,0,0,108295,36,66,180,38,70,130531,0,0,0,88642,10522	0,0,0,0,0,0,0,0,0,0,0,0,0,0,1,0	298	149	1	1.0	NA,1.0,1.0,NA,1.0	NA,NA,NA,NA,1.0,1.0,1.0,1.0,1.0,1.0,1.0,NA,NA,NA,1.0,1.0	0.0
2823	0,19823,149,0,84	0,0,0,0,0	0,0,0,0,67921,102,40,328,44,38,80584,0,0,0,98273,7499	0,0,0,0,42,0,0,0,0,0,3,0,0,0,0,0	298	149	1	1.0	NA,1.0,1.0,NA,1.0	NA,NA,NA,NA,0.999,1.0,1.0,1.0,1.0,1.0,1.0,NA,NA,NA,1.0,1.0	0.0
2824	0,19794,167,0,92	0,0,0,0,0	0,0,0,0,95335,161,107,381,63,90,92844,0,0,0,128095,20213	0,0,0,0,0,0,0,0,0,0,1,0,0,0,1,54	158	149	1	1.0	NA,1.0,1.0,NA,1.0	NA,NA,NA,NA,1.0,1.0,1.0,1.0,1.0,1.0,1.0,NA,NA,NA,1.0,0.997	0.0
2825	0,0,0,0,0	0,10,0,0,0	0,0,0,0,0,0,0,0,0,0,5,0,0,0,0,0	0,0,0,0,306,0,0,2,0,0,142,0,0,0,117,13	212	149	1	1.0	NA,0.0,NA,NA,NA	NA,NA,NA,NA,0.0,NA,NA,0.0,NA,NA,0.024,NA,NA,NA,0.0,0.0	-0.005
2827	0,0,0,0,0	0,71,0,0,0	0,0,0,0,8,0,0,0,0,0,0,0,0,0,0,1	0,0,0,0,790,0,0,0,2,0,501,0,0,0,259,9	159	149	1	1.0	NA,0.0,NA,NA,NA	NA,NA,NA,NA,0.009,NA,NA,NA,0.0,NA,0.0,NA,NA,NA,0.0,0.094	-0.021
2830	0,1,0,0,0	0,4,0,0,0	0,0,0,0,32,0,0,0,0,0,57,0,0,0,78,13	0,0,0,0,0,0,0,0,0,0,6,0,0,0,0,0	298	149	1	1.0	NA,0.111,NA,NA,NA	NA,NA,NA,NA,1.0,NA,NA,NA,NA,NA,0.826,NA,NA,NA,1.0,1.0	-0.846
2832	0,2,0,0,0	0,8,0,0,0	0,0,0,0,0,0,0,0,0,0,0,0,0,0,0,0	0,0,0,0,30,0,0,0,0,0,22,0,0,0,6,6	282	149	1	1.0	NA,0.117,NA,NA,NA	NA,NA,NA,NA,0.0,NA,NA,NA,NA,NA,0.0,NA,NA,NA,0.0,0.0	0.117
2833	0,0,0,0,0	0,2,2,0,0	0,0,0,0,23,0,0,0,0,0,3,0,0,0,20,4	0,0,0,0,115,0,0,0,0,2,63,0,0,0,140,25	158	149	1	1.0	NA,0.0,0.0,NA,NA	NA,NA,NA,NA,0.159,NA,NA,NA,NA,0.0,0.043,NA,NA,NA,0.119,0.131	-0.09
2834	0,2,0,0,0	0,117,0,0,0	0,0,0,0,18,0,0,0,2,0,15,0,0,0,62,9	0,0,0,0,188,2,0,0,0,0,161,0,0,0,357,71	154	149	1	1.0	NA,0.016,NA,NA,NA	NA,NA,NA,NA,0.085,0.0,NA,NA,1.0,NA,0.083,NA,NA,NA,0.144,0.109	-0.221
2836	0,31,0,0,0	0,4,0,0,0	0,0,0,0,157,0,0,2,0,0,184,0,0,0,110,3	0,0,0,0,19,0,0,0,0,0,15,0,0,0,29,0	251	149	1	1.0	NA,0.821,NA,NA,NA	NA,NA,NA,NA,0.831,NA,NA,1.0,NA,NA,0.879,NA,NA,NA,0.692,1.0	-0.059
2837	0,8,0,0,0	0,1044,0,0,2	0,0,0,0,1,0,0,0,0,0,3,0,0,0,35,1	0,0,0,0,1322,2,4,6,0,0,2326,0,0,0,855,42	187	149	1	1.0	NA,0.006,NA,NA,0.0	NA,NA,NA,NA,0.001,0.0,0.0,0.0,NA,NA,0.001,NA,NA,NA,0.032,0.019	-0.005
2838	0,156,2,0,0	0,0,0,0,0	0,0,0,0,788,0,0,2,0,2,584,0,0,0,324,20	0,0,0,0,6,0,0,0,0,0,0,0,0,0,6,0	176	149	1	1.0	NA,1.0,1.0,NA,NA	NA,NA,NA,NA,0.991,NA,NA,1.0,NA,1.0,1.0,NA,NA,NA,0.979,1.0	0.005
2843	0,119,0,0,0	0,0,0,0,0	0,0,0,0,371,0,0,2,0,0,620,0,0,0,493,17	0,0,0,0,0,0,0,0,0,0,1,0,0,0,0,0	295	149	1	1.0	NA,1.0,NA,NA,NA	NA,NA,NA,NA,1.0,NA,NA,1.0,NA,NA,0.997,NA,NA,NA,1.0,1.0	0.001
2844	0,197,0,0,0	0,1,0,0,0	0,0,0,0,245,0,0,0,0,0,262,0,0,0,35,12	0,0,0,0,18,0,0,0,0,0,3,0,0,0,0,0	209	149	1	1.0	NA,0.993,NA,NA,NA	NA,NA,NA,NA,0.907,NA,NA,NA,NA,NA,0.984,NA,NA,NA,1.0,1.0	0.02
2845	0,0,0,0,0	0,4,0,0,0	0,0,0,0,23,0,0,0,0,0,10,0,0,0,4,1	0,0,0,0,32,0,0,0,0,0,109,0,0,0,144,3	155	149	1	1.0	NA,0.0,NA,NA,NA	NA,NA,NA,NA,0.409,NA,NA,NA,NA,NA,0.081,NA,NA,NA,0.026,0.243	-0.19
2846	0,23,0,0,0	0,0,0,0,0	0,0,0,0,97,2,0,0,0,0,16,0,0,0,162,19	0,0,0,0,0,0,0,0,0,0,0,0,0,0,2,0	298	149	1	1.0	NA,1.0,NA,NA,NA	NA,NA,NA,NA,1.0,1.0,NA,NA,NA,NA,1.0,NA,NA,NA,0.976,1.0	0.005
2847	0,7,2,0,0	0,0,0,0,0	0,0,0,0,34,0,0,0,0,0,9,0,0,0,83,10	0,0,0,0,0,0,0,0,2,0,3,0,0,0,55,4	168	149	1	1.0	NA,1.0,1.0,NA,NA	NA,NA,NA,NA,1.0,NA,NA,NA,0.0,NA,0.727,NA,NA,NA,0.572,0.689	0.402
2848	0,0,0,0,4	0,0,0,0,0	0,0,0,0,43,2,0,0,0,0,20,0,0,0,61,8	0,0,0,0,0,0,0,0,0,0,3,0,0,0,0,0	298	149	1	1.0	NA,NA,NA,NA,1.0	NA,NA,NA,NA,1.0,1.0,NA,NA,NA,NA,0.769,NA,NA,NA,1.0,1.0	0.046
2849	0,0,0,0,0	0,11,0,0,0	0,0,0,0,0,0,0,0,0,0,3,0,0,0,0,2	0,0,0,0,15,0,0,0,0,0,111,0,0,0,57,14	298	149	1	1.0	NA,0.0,NA,NA,NA	NA,NA,NA,NA,0.0,NA,NA,NA,NA,NA,0.013,NA,NA,NA,0.0,0.067	-0.02
2852	0,726,0,0,0	0,0,0,0,0	0,0,0,0,1263,0,0,0,0,0,575,0,0,0,8,24	0,0,0,0,0,0,0,0,0,0,0,0,0,0,0,1	298	149	1	1.0	NA,1.0,NA,NA,NA	NA,NA,NA,NA,1.0,NA,NA,NA,NA,NA,1.0,NA,NA,NA,1.0,0.923	0.019
2853	0,1478,0,0,0	0,87,0,0,0	0,0,0,0,1243,0,0,0,0,0,601,0,0,0,4,6	0,0,0,0,35,0,0,0,0,0,22,0,0,0,0,0	298	149	1	1.0	NA,0.895,NA,NA,NA	NA,NA,NA,NA,0.947,NA,NA,NA,NA,NA,0.932,NA,NA,NA,1.0,1.0	-0.075
2854	0,12,0,0,0	0,0,0,0,0	0,0,0,0,24,0,0,0,0,0,6,0,0,0,0,0	0,0,0,0,2,0,0,0,0,0,0,0,0,0,0,0	298	149	1	1.0	NA,1.0,NA,NA,NA	NA,NA,NA,NA,0.857,NA,NA,NA,NA,NA,1.0,NA,NA,NA,NA,NA	0.072
2855	0,92,0,0,0	0,1,0,0,0	0,0,0,0,317,0,0,0,0,0,145,0,0,0,261,9	0,0,0,0,0,0,0,0,0,0,4,0,0,0,0,0	260	149	1	1.0	NA,0.981,NA,NA,NA	NA,NA,NA,NA,1.0,NA,NA,NA,NA,NA,0.954,NA,NA,NA,1.0,1.0	-0.007
2856	0,273,0,0,2	0,0,0,0,0	0,0,0,0,436,0,0,0,0,0,412,0,0,0,27,8	0,0,0,0,37,0,0,0,0,0,0,0,0,0,0,0	298	149	1	1.0	NA,1.0,NA,NA,1.0	NA,NA,NA,NA,0.855,NA,NA,NA,NA,NA,1.0,NA,NA,NA,1.0,1.0	0.036
2857	0,7,0,0,0	0,9,0,0,0	0,0,0,0,11,0,0,0,0,0,21,0,0,0,0,0	0,0,0,0,110,0,0,0,0,0,23,0,0,0,0,5	162	149	1	1.0	NA,0.417,NA,NA,NA	NA,NA,NA,NA,0.084,NA,NA,NA,NA,NA,0.456,NA,NA,NA,NA,0.0	0.237
2859	0,954,0,0,2	0,2,0,0,0	0,0,0,0,170,0,0,0,2,4,1601,0,0,0,699,40	0,0,0,0,0,0,0,0,0,0,0,0,0,0,11,0	298	149	1	1.0	NA,0.996,NA,NA,1.0	NA,NA,NA,NA,1.0,NA,NA,NA,1.0,1.0,1.0,NA,NA,NA,0.969,1.0	0.003
2860	0,19,0,0,0	0,4,0,0,0	0,0,0,0,66,0,0,0,0,0,19,0,0,0,19,5	0,0,0,0,0,0,0,0,0,0,0,0,0,0,0,0	209	149	1	1.0	NA,0.772,NA,NA,NA	NA,NA,NA,NA,1.0,NA,NA,NA,NA,NA,1.0,NA,NA,NA,1.0,1.0	-0.228
2861	0,0,0,0,0	0,8,0,0,0	0,0,0,0,21,0,0,0,0,0,1,0,0,0,3,0	0,0,0,0,128,2,0,0,0,0,31,0,0,0,28,12	175	149	1	1.0	NA,0.0,NA,NA,NA	NA,NA,NA,NA,0.123,0.0,NA,NA,NA,NA,0.027,NA,NA,NA,0.084,0.0	-0.047
2865	0,9,0,0,0	0,2,0,0,0	0,0,0,0,30,0,0,0,0,0,24,0,0,0,52,20	0,0,0,0,103,0,0,2,0,2,20,0,0,0,12,6	298	149	1	1.0	NA,0.692,NA,NA,NA	NA,NA,NA,NA,0.127,NA,NA,0.0,NA,0.0,0.375,NA,NA,NA,0.684,0.625	0.39
2866	0,0,0,0,0	0,3,0,0,0	0,0,0,0,0,0,0,0,0,0,0,0,0,0,1,0	0,0,0,0,0,0,0,0,0,0,6,0,0,0,4,1	159	149	1	1.0	NA,0.0,NA,NA,NA	NA,NA,NA,NA,NA,NA,NA,NA,NA,NA,0.0,NA,NA,NA,0.19,0.0	-0.063
2868	0,2,0,0,0	0,0,0,0,0	0,0,0,0,65,0,0,0,0,0,68,0,0,0,91,45	0,0,0,0,0,0,0,0,0,0,29,0,0,0,114,10	182	149	1	1.0	NA,1.0,NA,NA,NA	NA,NA,NA,NA,1.0,NA,NA,NA,NA,NA,0.657,NA,NA,NA,0.395,0.787	0.29
2869	0,3,0,0,0	0,5,0,0,0	0,0,0,0,40,0,0,0,0,0,6,0,0,0,32,16	0,0,0,0,0,0,0,0,0,0,0,0,0,0,0,0	298	149	1	1.0	NA,0.231,NA,NA,NA	NA,NA,NA,NA,1.0,NA,NA,NA,NA,NA,1.0,NA,NA,NA,1.0,1.0	-0.769
2870	0,0,0,0,0	0,138,0,0,0	0,0,0,0,40,0,0,0,0,0,6,0,0,0,16,12	0,0,0,0,271,0,0,0,0,0,608,0,0,0,149,16	257	149	1	1.0	NA,0.0,NA,NA,NA	NA,NA,NA,NA,0.079,NA,NA,NA,NA,NA,0.006,NA,NA,NA,0.059,0.303	-0.112
2871	0,0,0,0,0	0,5,0,0,2	0,0,0,0,0,0,0,0,0,0,0,0,0,0,3,3	0,0,0,0,58,0,0,0,0,0,103,0,0,0,63,18	298	149	1	1.0	NA,0.0,NA,NA,0.0	NA,NA,NA,NA,0.0,NA,NA,NA,NA,NA,0.0,NA,NA,NA,0.023,0.077	-0.025
2872	0,4,0,0,0	0,77,0,0,0	0,0,0,0,0,0,0,0,0,0,1,0,0,0,0,0	0,0,0,0,81,0,0,0,0,0,186,0,0,0,8,11	153	149	1	1.0	NA,0.048,NA,NA,NA	NA,NA,NA,NA,0.0,NA,NA,NA,NA,NA,0.005,NA,NA,NA,0.0,0.0	0.047
2873	0,4,0,0,0	0,118,0,0,0	0,0,0,0,0,0,0,0,0,0,10,0,0,0,3,2	0,0,0,0,114,0,0,0,0,0,228,0,0,0,25,5	298	149	1	1.0	NA,0.017,NA,NA,NA	NA,NA,NA,NA,0.0,NA,NA,NA,NA,NA,0.021,NA,NA,NA,0.057,0.167	-0.044
2874	0,1,0,0,0	0,0,0,0,0	0,0,0,0,0,0,0,0,0,0,11,0,0,0,0,17	0,0,0,0,0,0,0,0,0,0,5,0,0,0,0,2	298	149	1	1.0	NA,1.0,NA,NA,NA	NA,NA,NA,NA,NA,NA,NA,NA,NA,NA,0.524,NA,NA,NA,NA,0.81	0.333
2876	0,2,0,0,2	0,97,0,0,0	0,0,0,0,62,0,0,0,0,0,4,0,0,0,34,7	0,0,0,0,223,4,0,0,2,0,335,0,0,0,706,44	298	149	1	1.0	NA,0.01,NA,NA,1.0	NA,NA,NA,NA,0.122,0.0,NA,NA,0.0,NA,0.006,NA,NA,NA,0.024,0.074	0.467
2878	0,13,0,0,0	0,6,0,0,0	0,0,0,0,302,2,0,0,0,0,169,0,0,0,239,19	0,0,0,0,0,0,0,0,0,0,0,0,0,0,0,0	203	149	1	1.0	NA,0.614,NA,NA,NA	NA,NA,NA,NA,1.0,1.0,NA,NA,NA,NA,1.0,NA,NA,NA,1.0,1.0	-0.386
2879	0,2,0,0,0	0,5,0,0,0	0,0,0,0,99,0,0,0,0,0,107,0,0,0,131,85	0,0,0,0,10,0,0,0,0,0,1,0,0,0,8,4	298	149	1	1.0	NA,0.167,NA,NA,NA	NA,NA,NA,NA,0.832,NA,NA,NA,NA,NA,0.982,NA,NA,NA,0.891,0.914	-0.738
2880	0,93,0,0,0	0,11,0,0,0	0,0,0,0,333,0,0,0,0,0,172,0,0,0,20,3	0,0,0,0,29,0,0,0,0,0,15,0,0,0,0,0	298	149	1	1.0	NA,0.809,NA,NA,NA	NA,NA,NA,NA,0.852,NA,NA,NA,NA,NA,0.851,NA,NA,NA,1.0,1.0	-0.117
2884	0,1208,0,0,0	0,0,0,0,0	0,0,0,0,982,2,10,0,0,2,1962,0,0,0,960,84	0,0,0,0,0,0,0,0,0,0,2,0,0,0,4,0	169	149	1	1.0	NA,1.0,NA,NA,NA	NA,NA,NA,NA,1.0,1.0,1.0,NA,NA,1.0,0.999,NA,NA,NA,0.995,1.0	0.001
2885	0,0,0,0,0	0,352,0,0,0	0,0,0,0,19,0,0,0,0,0,2,0,0,0,0,0	0,0,0,0,520,0,0,0,2,0,1048,0,0,0,425,38	163	149	1	1.0	NA,0.0,NA,NA,NA	NA,NA,NA,NA,0.032,NA,NA,NA,0.0,NA,0.002,NA,NA,NA,0.0,0.0	-0.007
2887	0,22,0,0,0	0,121,0,0,2	0,0,0,0,18,0,0,0,0,0,25,0,0,0,25,3	0,0,0,0,159,0,0,0,0,0,652,0,0,0,457,169	224	149	1	1.0	NA,0.108,NA,NA,0.0	NA,NA,NA,NA,0.07,NA,NA,NA,NA,NA,0.025,NA,NA,NA,0.035,0.012	0.018
2888	0,154,0,0,0	0,7,0,0,0	0,0,0,0,414,0,0,1,0,0,980,0,0,0,443,78	0,0,0,0,39,0,0,0,0,0,0,0,0,0,0,1	198	149	1	1.0	NA,0.943,NA,NA,NA	NA,NA,NA,NA,0.889,NA,NA,1.0,NA,NA,1.0,NA,NA,NA,1.0,0.983	-0.031
2889	0,146,0,0,0	0,0,0,0,0	0,0,0,0,355,0,0,1,0,0,902,0,0,0,397,52	0,0,0,0,0,0,0,0,0,0,0,0,0,0,0,1	182	149	1	1.0	NA,1.0,NA,NA,NA	NA,NA,NA,NA,1.0,NA,NA,1.0,NA,NA,1.0,NA,NA,NA,1.0,0.977	0.005
2890	0,8,0,0,0	0,7,0,0,0	0,0,0,0,59,0,0,0,0,0,78,0,0,0,46,27	0,0,0,0,39,0,0,0,0,0,0,0,0,0,0,1	165	149	1	1.0	NA,0.508,NA,NA,NA	NA,NA,NA,NA,0.577,NA,NA,NA,NA,NA,1.0,NA,NA,NA,1.0,0.961	-0.376
2891	0,9,0,0,0	0,211,0,0,2	0,0,0,0,15,0,0,0,0,0,12,0,0,0,17,1	0,0,0,0,821,0,0,2,2,0,1354,0,0,0,383,170	198	149	1	1.0	NA,0.031,NA,NA,0.0	NA,NA,NA,NA,0.014,NA,NA,0.0,0.0,NA,0.007,NA,NA,NA,0.032,0.004	0.006
2892	0,225,0,0,2	0,0,0,0,0	0,0,0,0,852,0,0,2,2,0,1372,0,0,0,411,173	0,0,0,0,0,0,0,0,0,0,14,0,0,0,0,7	298	149	1	1.0	NA,1.0,NA,NA,1.0	NA,NA,NA,NA,1.0,NA,NA,1.0,1.0,NA,0.98,NA,NA,NA,1.0,0.925	0.016
2893	0,3,0,0,0	0,177,0,0,2	0,0,0,0,0,0,0,0,0,0,7,0,0,0,12,3	0,0,0,0,995,0,0,10,0,0,1708,0,0,0,420,200	185	149	1	1.0	NA,0.013,NA,NA,0.0	NA,NA,NA,NA,0.0,NA,NA,0.0,NA,NA,0.003,NA,NA,NA,0.022,0.012	-0.001
2894	0,117,0,0,0	0,42,0,0,0	0,0,0,0,150,0,0,0,0,0,228,0,0,0,88,4	0,0,0,0,45,0,0,0,0,0,59,0,0,0,19,3	164	149	1	1.0	NA,0.717,NA,NA,NA	NA,NA,NA,NA,0.752,NA,NA,NA,NA,NA,0.778,NA,NA,NA,0.808,0.548	-0.005
2896	0,29,2,0,0	0,0,0,0,0	0,0,0,0,183,0,0,0,0,0,47,0,0,0,98,6	0,0,0,0,0,0,0,0,0,0,1,0,0,0,26,0	298	149	1	1.0	NA,1.0,1.0,NA,NA	NA,NA,NA,NA,1.0,NA,NA,NA,NA,NA,0.959,NA,NA,NA,0.653,1.0	0.097
2897	0,1,0,0,0	0,6,0,0,0	0,0,0,0,0,0,0,0,0,0,16,0,0,0,16,0	0,0,0,0,0,0,0,0,0,0,5,0,0,0,0,0	223	149	1	1.0	NA,0.1,NA,NA,NA	NA,NA,NA,NA,NA,NA,NA,NA,NA,NA,0.681,NA,NA,NA,1.0,NA	-0.741
2899	0,575,4,0,2	0,0,0,0,0	0,0,0,0,574,4,4,2,0,0,210,0,0,0,336,398	0,0,0,0,23,0,0,0,0,0,0,0,0,0,0,0	298	149	1	1.0	NA,1.0,1.0,NA,1.0	NA,NA,NA,NA,0.926,1.0,1.0,1.0,NA,NA,1.0,NA,NA,NA,1.0,1.0	0.011
2900	0,0,0,0,0	0,83,0,0,2	0,0,0,0,19,0,0,0,0,0,0,0,0,0,0,0	0,0,0,0,958,0,0,0,0,0,346,0,0,0,375,18	250	149	1	1.0	NA,0.0,NA,NA,0.0	NA,NA,NA,NA,0.012,NA,NA,NA,NA,NA,0.0,NA,NA,NA,0.0,0.0	-0.003
2901	0,3,0,0,0	0,18,0,0,0	0,0,0,0,98,0,0,0,0,0,87,0,0,0,15,16	0,0,0,0,48,0,0,0,0,0,14,0,0,0,1,3	178	149	1	1.0	NA,0.122,NA,NA,NA	NA,NA,NA,NA,0.631,NA,NA,NA,NA,NA,0.839,NA,NA,NA,0.926,0.817	-0.681
2902	0,50,0,0,0	0,0,0,0,0	0,0,0,0,250,0,0,2,0,0,86,0,0,0,5,6	0,0,0,0,0,0,0,0,0,0,7,0,0,0,0,0	263	149	1	1.0	NA,1.0,NA,NA,NA	NA,NA,NA,NA,1.0,NA,NA,1.0,NA,NA,0.874,NA,NA,NA,1.0,1.0	0.025
2904	0,4,0,0,0	0,0,0,0,0	0,0,0,0,25,0,0,0,0,0,44,0,0,0,14,19	0,0,0,0,4,0,0,0,0,0,4,0,0,0,0,0	298	149	1	1.0	NA,1.0,NA,NA,NA	NA,NA,NA,NA,0.758,NA,NA,NA,NA,NA,0.846,NA,NA,NA,1.0,1.0	0.099
2905	0,11,0,0,0	0,0,0,0,0	0,0,0,0,163,0,0,0,0,0,70,0,0,0,11,2	0,0,0,0,0,0,0,0,0,0,6,0,0,0,4,0	194	149	1	1.0	NA,1.0,NA,NA,NA	NA,NA,NA,NA,1.0,NA,NA,NA,NA,NA,0.9,NA,NA,NA,0.679,1.0	0.105
2906	0,12,0,0,0	0,281,0,0,0	0,0,0,0,0,0,0,0,0,0,23,0,0,0,0,0	0,0,0,0,123,0,0,0,0,0,396,0,0,0,5,10	298	149	1	1.0	NA,0.021,NA,NA,NA	NA,NA,NA,NA,0.0,NA,NA,NA,NA,NA,0.028,NA,NA,NA,0.0,0.0	0.014
2908	0,305,0,0,0	0,4,0,0,0	0,0,0,0,173,0,2,0,0,0,323,0,0,0,111,2	0,0,0,0,0,0,0,0,0,0,0,0,0,0,3,0	160	149	1	1.0	NA,0.986,NA,NA,NA	NA,NA,NA,NA,1.0,NA,1.0,NA,NA,NA,1.0,NA,NA,NA,0.972,1.0	-0.008
2909	0,58,0,0,0	0,339,0,0,0	0,0,0,0,81,0,0,0,0,0,6,0,0,0,0,0	0,0,0,0,79,0,0,0,0,0,361,0,0,0,107,10	266	149	1	1.0	NA,0.087,NA,NA,NA	NA,NA,NA,NA,0.365,NA,NA,NA,NA,NA,0.009,NA,NA,NA,0.0,0.0	-0.007
2910	0,511,0,0,0	0,5,0,0,0	0,0,0,0,216,0,0,0,0,0,374,0,0,0,60,0	0,0,0,0,14,0,0,0,0,0,3,0,0,0,0,0	298	149	1	1.0	NA,0.981,NA,NA,NA	NA,NA,NA,NA,0.885,NA,NA,NA,NA,NA,0.984,NA,NA,NA,1.0,NA	0.025
2915	0,2,0,0,0	0,4,0,0,0	0,0,0,0,23,0,2,0,0,0,69,0,0,0,94,79	0,0,0,0,0,0,0,0,0,0,4,0,0,0,16,15	298	149	1	1.0	NA,0.2,NA,NA,NA	NA,NA,NA,NA,1.0,NA,1.0,NA,NA,NA,0.896,NA,NA,NA,0.746,0.725	-0.673
2917	0,11,0,0,0	0,0,0,0,0	0,0,0,0,111,0,2,2,0,0,61,0,0,0,264,101	0,0,0,0,32,0,0,0,0,0,14,0,0,0,63,30	298	149	1	1.0	NA,1.0,NA,NA,NA	NA,NA,NA,NA,0.634,NA,1.0,1.0,NA,NA,0.685,NA,NA,NA,0.677,0.627	0.229
2919	0,13,0,0,0	0,0,0,0,0	0,0,0,0,102,0,0,2,0,0,37,0,0,0,241,80	0,0,0,0,32,0,0,0,0,0,14,0,0,0,63,30	298	149	1	1.0	NA,1.0,NA,NA,NA	NA,NA,NA,NA,0.614,NA,NA,1.0,NA,NA,0.569,NA,NA,NA,0.657,0.571	0.318
2920	0,7,0,0,0	0,0,0,0,0	0,0,0,0,61,0,0,2,0,0,23,0,0,0,164,52	0,0,0,0,32,0,0,0,0,0,14,0,0,0,63,30	203	149	1	1.0	NA,1.0,NA,NA,NA	NA,NA,NA,NA,0.583,NA,NA,1.0,NA,NA,0.547,NA,NA,NA,0.656,0.56	0.331
2925	0,8,0,0,0	0,3,0,0,0	0,0,0,0,5,0,0,0,0,0,14,0,0,0,8,8	0,0,0,0,0,0,0,0,0,0,12,0,0,0,0,0	153	149	1	1.0	NA,0.722,NA,NA,NA	NA,NA,NA,NA,1.0,NA,NA,NA,NA,NA,0.532,NA,NA,NA,1.0,1.0	-0.161
2926	0,22,0,0,0	0,0,0,0,0	0,0,0,0,64,0,0,0,0,0,53,0,0,0,19,25	0,0,0,0,0,0,0,0,0,0,3,0,0,0,0,0	160	149	1	1.0	NA,1.0,NA,NA,NA	NA,NA,NA,NA,1.0,NA,NA,NA,NA,NA,0.943,NA,NA,NA,1.0,1.0	0.014
2928	0,100,0,0,0	0,1,0,0,0	0,0,0,0,325,0,0,0,0,0,276,0,0,0,25,3	0,0,0,0,0,0,0,0,0,0,2,0,0,0,0,0	151	149	1	1.0	NA,0.99,NA,NA,NA	NA,NA,NA,NA,1.0,NA,NA,NA,NA,NA,0.993,NA,NA,NA,1.0,1.0	-0.008
2929	0,327,0,0,0	0,0,0,0,0	0,0,0,0,436,0,0,0,0,0,256,0,0,0,283,27	0,0,0,0,0,0,0,0,0,0,0,0,0,0,2,0	158	149	1	1.0	NA,1.0,NA,NA,NA	NA,NA,NA,NA,1.0,NA,NA,NA,NA,NA,1.0,NA,NA,NA,0.993,1.0	0.002
2930	0,0,0,0,0	0,181,0,0,0	0,0,0,0,0,0,0,0,0,0,0,0,0,0,4,0	0,0,0,0,630,0,0,0,0,0,435,0,0,0,194,9	156	149	1	1.0	NA,0.0,NA,NA,NA	NA,NA,NA,NA,0.0,NA,NA,NA,NA,NA,0.0,NA,NA,NA,0.019,0.0	-0.005
2931	0,91,2,0,10	0,0,0,0,0	0,0,0,0,601,0,0,2,0,0,546,0,0,0,1208,58	0,0,0,0,0,0,0,0,0,0,9,0,0,0,3,1	298	149	1	1.0	NA,1.0,1.0,NA,1.0	NA,NA,NA,NA,1.0,NA,NA,1.0,NA,NA,0.968,NA,NA,NA,0.995,0.967	0.014
2932	0,35,0,0,0	0,0,0,0,0	0,0,0,0,230,0,0,0,0,0,93,0,0,0,25,1	0,0,0,0,0,0,0,0,0,0,1,0,0,0,0,0	298	149	1	1.0	NA,1.0,NA,NA,NA	NA,NA,NA,NA,1.0,NA,NA,NA,NA,NA,0.979,NA,NA,NA,1.0,1.0	0.005
2933	0,0,0,0,0	0,8,0,0,0	0,0,0,0,5,0,4,0,0,0,4,0,0,0,128,10	0,0,0,0,23,0,0,0,0,0,11,0,0,0,365,8	161	149	1	1.0	NA,0.0,NA,NA,NA	NA,NA,NA,NA,0.167,NA,1.0,NA,NA,NA,0.252,NA,NA,NA,0.245,0.536	-0.44
2934	0,0,2,0,0	0,0,0,0,0	0,0,0,0,0,0,2,0,0,0,15,0,0,0,374,49	0,0,0,0,8,0,0,2,0,0,7,0,0,0,110,5	176	149	1	1.0	NA,NA,1.0,NA,NA	NA,NA,NA,NA,0.0,NA,1.0,0.0,NA,NA,0.645,NA,NA,NA,0.742,0.892	0.454
2936	0,317,0,0,0	0,0,0,0,0	0,0,0,0,1394,0,0,0,0,0,5771,0,0,0,483,8	0,0,0,0,0,0,0,0,0,0,20,0,0,0,10,0	176	149	1	1.0	NA,1.0,NA,NA,NA	NA,NA,NA,NA,1.0,NA,NA,NA,NA,NA,0.996,NA,NA,NA,0.976,1.0	0.007
2937	0,1,0,0,0	0,3,0,0,0	0,0,0,0,45,0,0,0,0,0,3,0,0,0,0,9	0,0,0,0,83,0,0,0,0,0,46,0,0,0,16,4	298	149	1	1.0	NA,0.143,NA,NA,NA	NA,NA,NA,NA,0.213,NA,NA,NA,NA,NA,0.032,NA,NA,NA,0.0,0.529	-0.051
2938	0,1,0,0,0	0,0,0,0,0	0,0,0,0,38,0,0,0,0,0,3,0,0,0,0,8	0,0,0,0,0,0,0,0,0,0,0,0,0,0,0,1	298	149	1	1.0	NA,1.0,NA,NA,NA	NA,NA,NA,NA,1.0,NA,NA,NA,NA,NA,1.0,NA,NA,NA,NA,0.8	0.067
2941	0,11,2,0,0	0,0,0,0,0	0,0,0,0,33,0,0,0,0,0,9,0,0,0,55,1	0,0,0,0,0,0,0,0,0,0,2,0,0,0,0,0	298	149	1	1.0	NA,1.0,1.0,NA,NA	NA,NA,NA,NA,1.0,NA,NA,NA,NA,NA,0.692,NA,NA,NA,1.0,1.0	0.077
2945	0,524,0,0,0	0,0,0,0,0	0,0,0,0,736,3,0,2,0,0,1168,0,0,0,629,251	0,0,0,0,0,0,0,0,0,0,0,0,0,0,0,1	298	149	1	1.0	NA,1.0,NA,NA,NA	NA,NA,NA,NA,1.0,1.0,NA,1.0,NA,NA,1.0,NA,NA,NA,1.0,0.992	0.001
2946	0,724,2,0,0	0,0,0,0,0	0,0,0,0,725,3,4,0,0,0,1216,0,0,0,788,261	0,0,0,0,11,0,0,0,0,0,0,0,0,0,3,0	298	149	1	1.0	NA,1.0,1.0,NA,NA	NA,NA,NA,NA,0.971,1.0,1.0,NA,NA,NA,1.0,NA,NA,NA,0.992,1.0	0.006
2948	0,967,2,0,0	0,0,0,0,0	0,0,0,0,1024,2,0,0,0,0,1302,0,0,0,606,50	0,0,0,0,2,0,0,0,0,0,4,0,0,0,8,0	298	149	1	1.0	NA,1.0,1.0,NA,NA	NA,NA,NA,NA,0.996,1.0,NA,NA,NA,NA,0.994,NA,NA,NA,0.974,1.0	0.007
2949	0,6,0,0,0	0,8,0,0,0	0,0,0,0,11,0,0,0,0,0,1,0,0,0,0,0	0,0,0,0,0,0,0,0,0,0,5,0,0,0,10,0	298	149	1	1.0	NA,0.273,NA,NA,NA	NA,NA,NA,NA,1.0,NA,NA,NA,NA,NA,0.091,NA,NA,NA,0.0,NA	-0.091
2951	0,163,0,0,0	0,1251,0,0,0	0,0,0,0,169,2,0,0,0,0,23,0,0,0,35,9	0,0,0,0,556,2,0,0,0,0,1149,0,0,0,590,179	260	149	1	1.0	NA,0.069,NA,NA,NA	NA,NA,NA,NA,0.148,0.364,NA,NA,NA,NA,0.011,NA,NA,NA,0.033,0.028	-0.048
2952	0,6,0,0,0	0,102,0,0,0	0,0,0,0,0,0,0,0,0,0,0,0,0,0,0,0	0,0,0,0,354,0,0,2,0,0,779,0,0,0,5,136	184	149	1	1.0	NA,0.045,NA,NA,NA	NA,NA,NA,NA,0.0,NA,NA,0.0,NA,NA,0.0,NA,NA,NA,0.0,0.0	0.045
2953	0,3,0,0,0	0,5,0,0,0	0,0,0,0,21,0,0,0,0,0,5,0,0,0,0,0	0,0,0,0,15,0,0,0,0,0,25,0,0,0,15,2	248	149	1	1.0	NA,0.265,NA,NA,NA	NA,NA,NA,NA,0.457,NA,NA,NA,NA,NA,0.107,NA,NA,NA,0.0,0.0	0.124
2955	0,0,0,0,0	0,39,0,0,0	0,0,0,0,0,0,0,0,0,0,0,0,0,0,2,0	0,0,0,0,104,0,0,0,0,0,155,0,0,0,443,2	161	149	1	1.0	NA,0.0,NA,NA,NA	NA,NA,NA,NA,0.0,NA,NA,NA,NA,NA,0.0,NA,NA,NA,0.004,0.0	-0.001
2956	0,36,0,0,0	0,0,0,0,0	0,0,0,0,61,0,0,0,0,0,55,0,0,0,42,2	0,0,0,0,0,0,0,0,0,0,0,0,0,0,5,0	183	149	1	1.0	NA,1.0,NA,NA,NA	NA,NA,NA,NA,1.0,NA,NA,NA,NA,NA,1.0,NA,NA,NA,0.872,1.0	0.032
2957	0,129,0,0,0	0,0,0,0,0	0,0,0,0,426,0,0,0,0,0,230,0,0,0,166,10	0,0,0,0,15,0,0,0,0,0,1,0,0,0,0,0	298	149	1	1.0	NA,1.0,NA,NA,NA	NA,NA,NA,NA,0.934,NA,NA,NA,NA,NA,0.991,NA,NA,NA,1.0,1.0	0.019
2960	0,318,0,0,2	0,11,0,0,0	0,0,0,0,1309,2,0,2,0,0,736,0,0,0,635,52	0,0,0,0,0,0,0,0,0,0,8,0,0,0,9,0	298	149	1	1.0	NA,0.935,NA,NA,1.0	NA,NA,NA,NA,1.0,1.0,NA,1.0,NA,NA,0.979,NA,NA,NA,0.972,1.0	-0.024
2964	0,78,2,0,0	0,4,0,0,0	0,0,0,0,180,0,0,0,0,0,245,0,0,0,209,20	0,0,0,0,0,0,0,0,0,0,4,0,0,0,0,0	284	149	1	1.0	NA,0.911,1.0,NA,NA	NA,NA,NA,NA,1.0,NA,NA,NA,NA,NA,0.97,NA,NA,NA,1.0,1.0	-0.037
2966	0,138,0,0,0	0,0,0,0,0	0,0,0,0,254,0,0,0,0,0,23,0,0,0,28,12	0,0,0,0,0,0,0,0,0,0,0,0,0,0,0,3	298	149	1	1.0	NA,1.0,NA,NA,NA	NA,NA,NA,NA,1.0,NA,NA,NA,NA,NA,1.0,NA,NA,NA,1.0,0.667	0.083
2967	0,836,0,0,2	0,8,0,0,0	0,0,0,0,1444,2,0,0,0,0,1074,0,0,0,869,155	0,0,0,0,22,0,0,0,0,0,0,0,0,0,15,0	298	149	1	1.0	NA,0.981,NA,NA,1.0	NA,NA,NA,NA,0.97,1.0,NA,NA,NA,NA,1.0,NA,NA,NA,0.967,1.0	0.003
2968	0,538,0,0,4	0,0,0,0,0	0,0,0,0,1227,0,0,0,0,2,767,0,0,0,762,146	0,0,0,0,0,0,0,0,0,0,8,0,0,0,0,0	197	149	1	1.0	NA,1.0,NA,NA,1.0	NA,NA,NA,NA,1.0,NA,NA,NA,NA,1.0,0.986,NA,NA,NA,1.0,1.0	0.003
2969	0,361,0,0,0	0,2912,0,0,0	0,0,0,0,849,0,0,0,0,0,1089,0,0,0,582,15	0,0,0,0,5122,0,0,0,0,0,5607,0,0,0,3326,49	215	149	1	1.0	NA,0.079,NA,NA,NA	NA,NA,NA,NA,0.103,NA,NA,NA,NA,NA,0.119,NA,NA,NA,0.108,0.175	-0.047
2970	0,67,0,0,0	0,0,0,0,0	0,0,0,0,366,0,0,0,1,2,590,0,0,0,17,78	0,0,0,0,4,0,0,0,0,0,1,0,0,0,0,0	242	149	1	1.0	NA,1.0,NA,NA,NA	NA,NA,NA,NA,0.983,NA,NA,NA,1.0,1.0,0.997,NA,NA,NA,1.0,1.0	0.003
2971	0,29,0,0,0	0,11,0,0,0	0,0,0,0,97,0,0,0,0,0,79,0,0,0,54,15	0,0,0,0,120,0,0,0,1,0,30,0,0,0,4,3	155	149	1	1.0	NA,0.717,NA,NA,NA	NA,NA,NA,NA,0.437,NA,NA,NA,0.0,NA,0.717,NA,NA,NA,0.928,0.828	0.135
2973	0,18,0,0,0	0,8,0,0,0	0,0,0,0,35,0,0,0,0,0,24,0,0,0,4,2	0,0,0,0,53,0,0,0,0,0,7,0,0,0,1,0	298	149	1	1.0	NA,0.529,NA,NA,NA	NA,NA,NA,NA,0.248,NA,NA,NA,NA,NA,0.632,NA,NA,NA,0.667,1.0	-0.108
2974	0,20,0,0,0	0,0,0,0,0	0,0,0,0,50,0,0,0,0,0,18,0,0,0,18,2	0,0,0,0,0,0,0,0,0,0,4,0,0,0,0,1	257	149	1	1.0	NA,1.0,NA,NA,NA	NA,NA,NA,NA,1.0,NA,NA,NA,NA,NA,0.723,NA,NA,NA,1.0,0.537	0.185
2975	0,0,0,0,0	0,9,0,0,0	0,0,0,0,19,0,0,0,0,0,0,0,0,0,0,1	0,0,0,0,46,0,0,0,0,0,43,0,0,0,2,21	173	149	1	1.0	NA,0.0,NA,NA,NA	NA,NA,NA,NA,0.262,NA,NA,NA,NA,NA,0.0,NA,NA,NA,0.0,0.039	-0.075
2976	0,246,0,0,0	0,447,0,0,0	0,0,0,0,79,0,0,0,0,0,289,0,0,0,64,21	0,0,0,0,83,0,0,0,0,2,307,0,0,0,6,10	167	149	1	1.0	NA,0.329,NA,NA,NA	NA,NA,NA,NA,0.459,NA,NA,NA,NA,0.0,0.456,NA,NA,NA,0.905,0.652	-0.165
2977	0,871,0,0,0	0,2,0,0,0	0,0,0,0,374,0,0,0,0,0,864,0,0,0,32,62	0,0,0,0,0,0,0,0,0,0,19,0,0,0,0,0	179	149	1	1.0	NA,0.997,NA,NA,NA	NA,NA,NA,NA,1.0,NA,NA,NA,NA,NA,0.974,NA,NA,NA,1.0,1.0	0.003
2978	0,259,0,0,0	0,40,0,0,0	0,0,0,0,108,0,0,0,0,0,375,0,0,0,0,20	0,0,0,0,23,0,0,0,0,0,89,0,0,0,0,0	176	149	1	1.0	NA,0.846,NA,NA,NA	NA,NA,NA,NA,0.799,NA,NA,NA,NA,NA,0.781,NA,NA,NA,NA,1.0	-0.014
2979	0,29,0,0,0	0,38,0,0,0	0,0,0,0,12,0,0,0,0,0,56,0,0,0,0,0	0,0,0,0,6,0,0,0,0,0,101,0,0,0,0,1	176	149	1	1.0	NA,0.392,NA,NA,NA	NA,NA,NA,NA,0.629,NA,NA,NA,NA,NA,0.319,NA,NA,NA,NA,0.0	0.076
2982	0,20,0,0,0	0,5,0,0,0	0,0,0,0,43,0,0,0,0,0,88,0,0,0,26,1	0,0,0,0,34,0,0,0,0,0,10,0,0,0,5,0	152	149	1	1.0	NA,0.797,NA,NA,NA	NA,NA,NA,NA,0.554,NA,NA,NA,NA,NA,0.896,NA,NA,NA,0.836,1.0	-0.024
2985	0,0,0,0,0	0,29,0,0,0	0,0,0,0,5,0,0,0,0,0,4,0,0,0,0,0	0,0,0,0,226,2,0,0,0,0,228,0,0,0,39,29	197	149	1	1.0	NA,0.0,NA,NA,NA	NA,NA,NA,NA,0.016,0.0,NA,NA,NA,NA,0.013,NA,NA,NA,0.0,0.0	-0.006
2986	0,212,0,0,0	0,4,0,0,0	0,0,0,0,208,0,0,0,0,0,218,0,0,0,43,18	0,0,0,0,0,0,0,0,0,0,0,0,0,0,0,1	159	149	1	1.0	NA,0.98,NA,NA,NA	NA,NA,NA,NA,1.0,NA,NA,NA,NA,NA,1.0,NA,NA,NA,1.0,0.944	-0.006
2987	0,3,0,0,0	0,0,0,0,0	0,0,0,0,74,0,0,0,0,0,17,0,0,0,0,2	0,0,0,0,78,0,0,0,0,0,35,0,0,0,0,5	161	149	1	1.0	NA,1.0,NA,NA,NA	NA,NA,NA,NA,0.468,NA,NA,NA,NA,NA,0.31,NA,NA,NA,NA,0.27	0.651
2988	0,201,0,0,0	0,0,0,0,0	0,0,0,0,236,2,6,0,0,0,690,0,0,0,451,20	0,0,0,0,0,0,0,0,0,0,0,0,0,0,1,0	155	149	1	1.0	NA,1.0,NA,NA,NA	NA,NA,NA,NA,1.0,1.0,1.0,NA,NA,NA,1.0,NA,NA,NA,0.998,1.0	0.0
2990	0,2,0,0,0	0,17,0,0,0	0,0,0,0,4,0,0,0,0,0,0,0,0,0,0,0	0,0,0,0,132,0,0,0,0,0,18,0,0,0,0,0	222	149	1	1.0	NA,0.073,NA,NA,NA	NA,NA,NA,NA,0.02,NA,NA,NA,NA,NA,0.0,NA,NA,NA,NA,NA	0.063
2992	0,23,2,0,0	0,1,0,0,0	0,0,0,0,28,0,0,0,0,0,8,0,0,0,0,0	0,0,0,0,2,0,0,0,0,0,0,0,0,0,0,0	169	149	1	1.0	NA,0.953,1.0,NA,NA	NA,NA,NA,NA,0.925,NA,NA,NA,NA,NA,1.0,NA,NA,NA,NA,NA	0.014
2993	0,3,0,0,0	0,218,0,0,0	0,0,0,0,13,0,0,0,0,0,6,0,0,0,3,0	0,0,0,0,204,0,0,0,0,0,316,0,0,0,317,25	298	149	1	1.0	NA,0.007,NA,NA,NA	NA,NA,NA,NA,0.031,NA,NA,NA,NA,NA,0.009,NA,NA,NA,0.005,0.0	-0.004
2996	0,0,0,0,0	0,16,0,0,0	0,0,0,0,15,0,0,0,0,0,6,0,0,0,13,0	0,0,0,0,84,0,0,1,0,0,57,0,0,0,101,4	153	149	1	1.0	NA,0.0,NA,NA,NA	NA,NA,NA,NA,0.148,NA,NA,0.0,NA,NA,0.093,NA,NA,NA,0.111,0.0	-0.07
2999	0,36,0,0,0	0,393,4,0,2	0,0,0,0,28,0,0,1,0,0,37,0,0,0,20,0	0,0,0,0,899,4,0,0,2,0,1144,0,0,0,567,50	269	149	1	1.0	NA,0.048,0.0,NA,0.0	NA,NA,NA,NA,0.017,0.0,NA,1.0,0.0,NA,0.018,NA,NA,NA,0.019,0.0	-0.135
3000	0,0,0,0,0	0,19,0,0,2	0,0,0,0,4,0,0,0,0,0,4,0,0,0,0,0	0,0,0,0,131,0,0,0,0,0,120,0,0,0,31,27	287	149	1	1.0	NA,0.0,NA,NA,0.0	NA,NA,NA,NA,0.016,NA,NA,NA,NA,NA,0.017,NA,NA,NA,0.0,0.0	-0.008
3001	0,0,0,0,0	0,8,0,0,0	0,0,0,0,0,0,0,0,0,0,0,0,0,0,6,0	0,0,0,0,50,0,2,2,0,0,30,0,0,0,222,15	153	149	1	1.0	NA,0.0,NA,NA,NA	NA,NA,NA,NA,0.0,NA,0.0,0.0,NA,NA,0.0,NA,NA,NA,0.026,0.0	-0.004
3003	0,0,2,0,0	0,0,0,0,0	0,0,0,0,0,0,0,0,0,0,5,0,0,0,9,1	0,0,0,0,31,0,0,0,0,0,0,0,0,0,0,0	246	149	1	1.0	NA,NA,1.0,NA,NA	NA,NA,NA,NA,0.0,NA,NA,NA,NA,NA,1.0,NA,NA,NA,1.0,1.0	0.25
3004	0,0,2,0,0	0,0,0,0,0	0,0,0,0,15,0,0,0,0,0,11,0,0,0,85,6	0,0,0,0,31,0,0,0,0,0,0,0,0,0,0,0	294	149	1	1.0	NA,NA,1.0,NA,NA	NA,NA,NA,NA,0.197,NA,NA,NA,NA,NA,1.0,NA,NA,NA,1.0,1.0	0.201
3008	0,81,0,0,2	0,0,0,0,0	0,0,0,0,1445,2,0,4,2,2,1468,0,0,0,1344,1105	0,0,0,0,11,0,0,0,0,0,0,0,0,0,5,1	298	149	1	1.0	NA,1.0,NA,NA,1.0	NA,NA,NA,NA,0.985,1.0,NA,1.0,1.0,1.0,1.0,NA,NA,NA,0.993,0.998	0.003
3009	0,180,5,0,2	0,8,0,0,0	0,0,0,0,1902,20,14,19,2,0,2165,0,0,0,3792,580	0,0,0,0,52,0,0,0,0,0,3,0,0,0,8,4	298	149	1	1.0	NA,0.918,1.0,NA,1.0	NA,NA,NA,NA,0.948,1.0,1.0,1.0,1.0,NA,0.997,NA,NA,NA,0.996,0.986	-0.018
3011	0,0,0,0,0	0,39,0,0,0	0,0,0,0,0,0,0,0,0,0,0,0,0,0,7,0	0,0,0,0,91,0,0,0,0,0,117,0,0,0,121,8	279	149	1	1.0	NA,0.0,NA,NA,NA	NA,NA,NA,NA,0.0,NA,NA,NA,NA,NA,0.0,NA,NA,NA,0.03,0.0	-0.007
3012	0,6,0,0,0	0,0,0,0,0	0,0,0,0,5,0,0,0,0,0,5,0,0,0,16,2	0,0,0,0,14,0,0,0,0,0,4,0,0,0,0,0	273	149	1	1.0	NA,1.0,NA,NA,NA	NA,NA,NA,NA,0.163,NA,NA,NA,NA,NA,0.406,NA,NA,NA,1.0,1.0	0.358
3014	0,0,0,0,0	0,2,0,0,0	0,0,0,0,41,0,0,0,0,0,0,0,0,0,0,0	0,0,0,0,45,0,0,0,0,0,7,0,0,0,9,0	232	149	1	1.0	NA,0.0,NA,NA,NA	NA,NA,NA,NA,0.369,NA,NA,NA,NA,NA,0.0,NA,NA,NA,0.0,NA	-0.123
3016	0,0,0,0,0	0,158,0,0,0	0,0,0,0,0,0,0,0,0,0,0,0,0,0,8,0	0,0,0,0,242,2,0,0,0,0,232,0,0,0,307,11	185	149	1	1.0	NA,0.0,NA,NA,NA	NA,NA,NA,NA,0.0,0.0,NA,NA,NA,NA,0.0,NA,NA,NA,0.021,0.0	-0.004
3017	0,0,0,0,0	0,8,0,0,0	0,0,0,0,0,0,0,0,2,0,0,0,0,0,6,7	0,0,0,0,11,0,0,0,0,0,5,0,0,0,29,6	188	149	1	1.0	NA,0.0,NA,NA,NA	NA,NA,NA,NA,0.0,NA,NA,NA,1.0,NA,0.0,NA,NA,NA,0.141,0.48	-0.324
3018	0,98,0,0,0	0,0,0,0,0	0,0,0,0,644,0,0,4,0,0,530,0,0,0,258,168	0,0,0,0,0,0,0,0,0,0,0,0,0,0,7,0	204	149	1	1.0	NA,1.0,NA,NA,NA	NA,NA,NA,NA,1.0,NA,NA,1.0,NA,NA,1.0,NA,NA,NA,0.964,1.0	0.007
3019	0,50,0,0,0	0,0,0,0,0	0,0,0,0,269,0,0,2,0,0,244,0,0,0,46,35	0,0,0,0,0,0,0,0,0,0,1,0,0,0,0,0	204	149	1	1.0	NA,1.0,NA,NA,NA	NA,NA,NA,NA,1.0,NA,NA,1.0,NA,NA,0.994,NA,NA,NA,1.0,1.0	0.001
3020	0,53,0,0,0	0,1,0,0,0	0,0,0,0,301,2,0,0,2,0,300,0,0,0,362,23	0,0,0,0,0,0,0,0,0,0,5,0,0,0,0,0	298	149	1	1.0	NA,0.964,NA,NA,NA	NA,NA,NA,NA,1.0,1.0,NA,NA,1.0,NA,0.968,NA,NA,NA,1.0,1.0	-0.031
3021	0,113,0,0,0	0,0,0,0,0	0,0,0,0,290,0,0,0,0,0,294,0,0,0,355,75	0,0,0,0,0,0,0,0,0,0,0,0,0,0,0,1	298	149	1	1.0	NA,1.0,NA,NA,NA	NA,NA,NA,NA,1.0,NA,NA,NA,NA,NA,1.0,NA,NA,NA,1.0,0.974	0.006
3022	0,2,0,0,0	0,248,2,0,0	0,0,0,0,0,0,0,0,0,0,10,0,0,0,9,2	0,0,0,0,458,0,0,4,0,0,515,0,0,0,279,40	180	149	1	1.0	NA,0.007,0.0,NA,NA	NA,NA,NA,NA,0.0,NA,NA,0.0,NA,NA,0.016,NA,NA,NA,0.026,0.04	-0.013
3023	0,2,0,0,0	0,248,2,0,0	0,0,0,0,12,0,0,0,0,0,3,0,0,0,9,7	0,0,0,0,458,0,0,4,0,0,515,0,0,0,279,40	191	149	1	1.0	NA,0.006,0.0,NA,NA	NA,NA,NA,NA,0.02,NA,NA,0.0,NA,NA,0.005,NA,NA,NA,0.025,0.12	-0.031
3025	0,79,0,0,0	0,0,0,0,0	0,0,0,0,267,0,0,2,0,0,452,0,0,0,190,76	0,0,0,0,0,0,0,0,0,0,4,0,0,0,0,0	298	149	1	1.0	NA,1.0,NA,NA,NA	NA,NA,NA,NA,1.0,NA,NA,1.0,NA,NA,0.983,NA,NA,NA,1.0,1.0	0.003
3026	0,3,0,0,0	0,0,0,0,0	0,0,0,0,86,0,0,0,0,0,141,0,0,0,15,59	0,0,0,0,2,0,0,0,0,0,5,0,0,0,0,10	153	149	1	1.0	NA,1.0,NA,NA,NA	NA,NA,NA,NA,0.977,NA,NA,NA,NA,NA,0.965,NA,NA,NA,1.0,0.852	0.051
3029	0,4,0,0,0	0,0,0,0,0	0,0,0,0,0,0,0,0,0,0,2,0,0,0,0,0	0,0,0,0,19,0,0,0,0,0,47,0,0,0,0,0	251	149	1	1.0	NA,1.0,NA,NA,NA	NA,NA,NA,NA,0.0,NA,NA,NA,NA,NA,0.025,NA,NA,NA,NA,NA	0.988
3032	0,15,0,0,0	0,1,0,0,0	0,0,0,0,187,0,0,0,0,0,49,0,0,0,59,10	0,0,0,0,0,0,0,0,0,0,3,0,0,0,0,0	298	149	1	1.0	NA,0.882,NA,NA,NA	NA,NA,NA,NA,1.0,NA,NA,NA,NA,NA,0.891,NA,NA,NA,1.0,1.0	-0.091
3034	0,0,0,0,0	0,28,0,0,0	0,0,0,0,0,0,0,0,0,0,1,0,0,0,0,0	0,0,0,0,194,0,0,0,0,0,45,0,0,0,61,13	153	149	1	1.0	NA,0.0,NA,NA,NA	NA,NA,NA,NA,0.0,NA,NA,NA,NA,NA,0.021,NA,NA,NA,0.0,0.0	-0.005
3038	0,0,0,0,0	0,1,0,0,0	0,0,0,0,43,0,0,0,0,0,14,0,0,0,0,10	0,0,0,0,20,0,0,0,0,0,46,0,0,0,1,15	158	149	1	1.0	NA,0.0,NA,NA,NA	NA,NA,NA,NA,0.67,NA,NA,NA,NA,NA,0.223,NA,NA,NA,0.0,0.386	-0.32
3039	0,55,2,0,0	0,6,0,0,0	0,0,0,0,206,0,0,0,0,0,227,0,0,0,216,55	0,0,0,0,49,2,0,0,0,0,57,0,0,0,71,2	152	149	1	1.0	NA,0.9,1.0,NA,NA	NA,NA,NA,NA,0.805,0.0,NA,NA,NA,NA,0.796,NA,NA,NA,0.749,0.964	0.287
3040	0,10,0,0,0	0,2,0,0,0	0,0,0,0,0,0,0,0,0,0,5,0,0,0,16,4	0,0,0,0,29,0,0,0,0,2,37,0,0,0,15,0	298	149	1	1.0	NA,0.714,NA,NA,NA	NA,NA,NA,NA,0.0,NA,NA,NA,NA,0.0,0.063,NA,NA,NA,0.348,1.0	0.432
3048	0,4,0,0,0	0,7,0,0,0	0,0,0,0,0,0,0,0,0,0,2,0,0,0,0,0	0,0,0,0,68,0,0,0,0,2,105,0,0,0,160,42	231	149	1	1.0	NA,0.269,NA,NA,NA	NA,NA,NA,NA,0.0,NA,NA,NA,NA,0.0,0.012,NA,NA,NA,0.0,0.0	0.267
3049	0,303,0,0,0	0,7,0,0,0	0,0,0,0,1843,2,2,0,0,2,1823,0,0,0,345,83	0,0,0,0,10,0,0,0,0,0,42,0,0,0,8,2	215	149	1	1.0	NA,0.968,NA,NA,NA	NA,NA,NA,NA,0.992,1.0,1.0,NA,NA,1.0,0.968,NA,NA,NA,0.968,0.966	-0.017
3050	0,19,0,0,0	0,0,0,0,0	0,0,0,0,84,0,0,4,0,0,88,0,0,0,148,20	0,0,0,0,0,0,0,0,0,0,3,0,0,0,0,0	191	149	1	1.0	NA,1.0,NA,NA,NA	NA,NA,NA,NA,1.0,NA,NA,1.0,NA,NA,0.958,NA,NA,NA,1.0,1.0	0.008
3053	0,10,0,0,0	0,1545,0,0,0	0,0,0,0,0,0,0,0,0,0,9,0,0,0,0,0	0,0,0,0,1975,0,0,4,0,2,1220,0,0,0,1782,97	153	149	1	1.0	NA,0.006,NA,NA,NA	NA,NA,NA,NA,0.0,NA,NA,0.0,NA,0.0,0.007,NA,NA,NA,0.0,0.0	0.005
3056	0,2,0,0,0	0,0,0,0,0	0,0,0,0,19,0,0,0,0,0,7,0,0,0,53,6	0,0,0,0,0,0,0,0,0,0,12,0,0,0,6,2	176	149	1	1.0	NA,1.0,NA,NA,NA	NA,NA,NA,NA,1.0,NA,NA,NA,NA,NA,0.331,NA,NA,NA,0.882,0.717	0.267
3058	0,24,0,0,0	0,6,0,0,0	0,0,0,0,493,2,0,0,0,0,54,0,0,0,58,25	0,0,0,0,0,0,0,0,0,0,0,0,0,0,0,0	298	149	1	1.0	NA,0.667,NA,NA,NA	NA,NA,NA,NA,1.0,1.0,NA,NA,NA,NA,1.0,NA,NA,NA,1.0,1.0	-0.333
3059	0,0,0,0,0	0,20,0,0,0	0,0,0,0,0,0,0,0,0,0,2,0,0,0,0,0	0,0,0,0,44,0,0,0,0,0,49,0,0,0,25,4	211	149	1	1.0	NA,0.0,NA,NA,NA	NA,NA,NA,NA,0.0,NA,NA,NA,NA,NA,0.028,NA,NA,NA,0.0,0.0	-0.007
3060	0,4,0,0,0	0,20,0,0,0	0,0,0,0,74,0,0,0,0,0,61,0,0,0,5,8	0,0,0,0,44,0,0,0,0,0,49,0,0,0,25,4	191	149	1	1.0	NA,0.135,NA,NA,NA	NA,NA,NA,NA,0.567,NA,NA,NA,NA,NA,0.493,NA,NA,NA,0.135,0.609	-0.316
3061	0,6,0,0,0	0,0,0,0,0	0,0,0,0,32,0,0,0,0,0,82,0,0,0,113,28	0,0,0,0,0,0,0,0,0,0,2,0,0,0,0,1	193	149	1	1.0	NA,1.0,NA,NA,NA	NA,NA,NA,NA,1.0,NA,NA,NA,NA,NA,0.969,NA,NA,NA,1.0,0.956	0.019
3063	0,8,0,0,0	0,1,0,0,0	0,0,0,0,0,0,0,0,0,0,4,0,0,0,20,6	0,0,0,0,44,0,0,0,0,0,123,0,0,0,138,15	298	149	1	1.0	NA,0.8,NA,NA,NA	NA,NA,NA,NA,0.0,NA,NA,NA,NA,NA,0.016,NA,NA,NA,0.068,0.167	0.737
3064	0,22105,18,0,20	0,8,0,0,0	0,0,0,0,34810,2,2,47,12,8,38213,0,0,0,23319,882	0,0,0,0,22,0,0,0,0,0,14,0,0,0,0,0	298	149	1	1.0	NA,0.999,1.0,NA,1.0	NA,NA,NA,NA,0.999,1.0,1.0,1.0,1.0,1.0,0.999,NA,NA,NA,1.0,1.0	-0.0
3066	0,29,2,0,2	0,6,0,0,0	0,0,0,0,149,4,0,0,0,0,119,0,0,0,225,10	0,0,0,0,0,0,0,0,0,0,0,0,0,0,5,0	296	149	1	1.0	NA,0.709,1.0,NA,1.0	NA,NA,NA,NA,1.0,1.0,NA,NA,NA,NA,1.0,NA,NA,NA,0.958,1.0	-0.089
3067	0,9,0,0,0	0,61,0,0,0	0,0,0,0,24,0,0,0,0,0,17,0,0,0,0,2	0,0,0,0,614,0,0,0,0,0,349,0,0,0,108,2	247	149	1	1.0	NA,0.082,NA,NA,NA	NA,NA,NA,NA,0.023,NA,NA,NA,NA,NA,0.029,NA,NA,NA,0.0,0.376	-0.025
3075	0,0,0,0,0	0,124,0,0,2	0,0,0,0,0,0,0,0,0,0,2,0,0,0,3,0	0,0,0,0,378,0,2,3,0,0,655,0,0,0,436,19	153	149	1	1.0	NA,0.0,NA,NA,0.0	NA,NA,NA,NA,0.0,NA,0.0,0.0,NA,NA,0.003,NA,NA,NA,0.007,0.0	-0.002
3076	0,107,6,0,12	0,5,0,0,0	0,0,0,0,265,0,0,7,0,2,573,0,0,0,421,57	0,0,0,0,0,0,0,0,0,0,1,0,0,0,0,0	298	149	1	1.0	NA,0.915,1.0,NA,1.0	NA,NA,NA,NA,1.0,NA,NA,1.0,NA,1.0,0.997,NA,NA,NA,1.0,1.0	-0.028
3077	0,172,8,0,0	0,3,0,0,0	0,0,0,0,303,0,0,9,2,4,612,0,0,0,477,54	0,0,0,0,0,0,0,0,0,0,0,0,0,0,0,0	298	149	1	1.0	NA,0.966,1.0,NA,NA	NA,NA,NA,NA,1.0,NA,NA,1.0,1.0,1.0,1.0,NA,NA,NA,1.0,1.0	-0.017
3080	0,3,0,0,0	0,171,8,0,0	0,0,0,0,23,0,0,0,0,0,2,0,0,0,12,0	0,0,0,0,303,0,0,9,2,4,583,0,0,0,451,54	153	149	1	1.0	NA,0.017,0.0,NA,NA	NA,NA,NA,NA,0.069,NA,NA,0.0,0.0,0.0,0.003,NA,NA,NA,0.025,0.0	-0.005
3082	0,53,0,0,0	0,2,0,0,0	0,0,0,0,84,0,0,0,0,0,88,0,0,0,118,4	0,0,0,0,60,0,0,0,0,0,53,0,0,0,19,4	218	149	1	1.0	NA,0.948,NA,NA,NA	NA,NA,NA,NA,0.489,NA,NA,NA,NA,NA,0.532,NA,NA,NA,0.809,0.406	0.389
3085	0,7,0,0,0	0,0,0,0,0	0,0,0,0,18,0,0,0,0,0,139,0,0,0,0,5	0,0,0,0,0,0,0,0,0,0,22,0,0,0,0,1	161	149	1	1.0	NA,1.0,NA,NA,NA	NA,NA,NA,NA,1.0,NA,NA,NA,NA,NA,0.854,NA,NA,NA,NA,0.822	0.108
3087	0,0,0,0,0	0,4,0,0,0	0,0,0,0,0,0,0,0,0,0,0,0,0,0,6,0	0,0,0,0,0,0,0,0,0,0,0,0,0,0,0,0	298	149	1	1.0	NA,0.0,NA,NA,NA	NA,NA,NA,NA,NA,NA,NA,NA,NA,NA,NA,NA,NA,NA,1.0,NA	-1.0
3089	0,230,0,0,0	0,12,0,0,0	0,0,0,0,659,0,0,3,0,0,875,0,0,0,108,17	0,0,0,0,35,0,0,0,0,0,17,0,0,0,7,2	167	149	1	1.0	NA,0.945,NA,NA,NA	NA,NA,NA,NA,0.944,NA,NA,1.0,NA,NA,0.979,NA,NA,NA,0.932,0.884	-0.003
3090	0,5,0,0,0	0,231,0,0,0	0,0,0,0,0,0,0,0,0,0,13,0,0,0,11,5	0,0,0,0,544,0,0,2,0,0,949,0,0,0,579,264	162	149	1	1.0	NA,0.02,NA,NA,NA	NA,NA,NA,NA,0.0,NA,NA,0.0,NA,NA,0.012,NA,NA,NA,0.017,0.017	0.011
3098	0,96,0,0,0	0,1,0,0,0	0,0,0,0,108,0,0,0,0,0,133,0,0,0,0,27	0,0,0,0,4,0,0,0,0,2,24,0,0,0,0,1	298	149	1	1.0	NA,0.98,NA,NA,NA	NA,NA,NA,NA,0.931,NA,NA,NA,NA,0.0,0.735,NA,NA,NA,NA,0.931	0.331
3099	0,68,0,0,0	0,1,0,0,0	0,0,0,0,60,0,0,0,0,0,51,0,0,0,0,11	0,0,0,0,4,0,0,0,0,2,24,0,0,0,0,1	298	149	1	1.0	NA,0.971,NA,NA,NA	NA,NA,NA,NA,0.882,NA,NA,NA,NA,0.0,0.515,NA,NA,NA,NA,0.846	0.41
3100	0,50,0,0,0	0,21,0,0,0	0,0,0,0,64,0,0,0,0,0,103,0,0,0,0,20	0,0,0,0,0,0,0,0,0,0,5,0,0,0,0,0	169	149	1	1.0	NA,0.677,NA,NA,NA	NA,NA,NA,NA,1.0,NA,NA,NA,NA,NA,0.948,NA,NA,NA,NA,1.0	-0.306
3101	0,231,0,0,0	0,0,0,0,0	0,0,0,0,215,0,0,0,0,0,257,0,0,0,1,34	0,0,0,0,0,0,0,0,0,0,0,0,0,0,0,3	298	149	1	1.0	NA,1.0,NA,NA,NA	NA,NA,NA,NA,1.0,NA,NA,NA,NA,NA,1.0,NA,NA,NA,1.0,0.85	0.037
3102	0,0,0,0,0	0,3,0,0,0	0,0,0,0,10,0,0,0,0,0,5,0,0,0,0,2	0,0,0,0,39,2,0,2,0,0,19,0,0,0,84,5	298	149	1	1.0	NA,0.0,NA,NA,NA	NA,NA,NA,NA,0.114,0.0,NA,0.0,NA,NA,0.116,NA,NA,NA,0.0,0.167	-0.066
3103	0,7,0,0,0	0,98,0,0,0	0,0,0,0,9,0,0,0,0,0,17,0,0,0,13,8	0,0,0,0,161,0,0,0,0,0,543,0,0,0,187,74	169	149	1	1.0	NA,0.059,NA,NA,NA	NA,NA,NA,NA,0.047,NA,NA,NA,NA,NA,0.027,NA,NA,NA,0.058,0.087	0.004
3104	0,3,0,0,0	0,56,0,0,0	0,0,0,0,9,0,0,0,0,0,8,0,0,0,1,1	0,0,0,0,202,0,0,0,0,0,242,0,0,0,105,12	169	149	1	1.0	NA,0.045,NA,NA,NA	NA,NA,NA,NA,0.038,NA,NA,NA,NA,NA,0.028,NA,NA,NA,0.008,0.068	0.009
3108	0,14,0,0,0	0,0,0,0,0	0,0,0,0,59,2,0,0,0,0,50,0,0,0,5,19	0,0,0,0,7,0,0,0,0,0,0,0,0,0,3,0	298	149	1	1.0	NA,1.0,NA,NA,NA	NA,NA,NA,NA,0.808,1.0,NA,NA,NA,NA,1.0,NA,NA,NA,0.455,1.0	0.147
3109	0,12,0,0,0	0,482,0,0,0	0,0,0,0,14,0,0,0,0,0,2,0,0,0,0,0	0,0,0,0,200,0,0,0,0,0,293,0,0,0,6,0	153	149	1	1.0	NA,0.024,NA,NA,NA	NA,NA,NA,NA,0.064,NA,NA,NA,NA,NA,0.007,NA,NA,NA,0.0,NA	0.0
3112	0,157,0,0,0	0,0,0,0,0	0,0,0,0,124,0,2,2,0,2,373,0,0,0,360,55	0,0,0,0,0,0,0,0,0,0,3,0,0,0,0,0	188	149	1	1.0	NA,1.0,NA,NA,NA	NA,NA,NA,NA,1.0,NA,1.0,1.0,NA,1.0,0.99,NA,NA,NA,1.0,1.0	0.001
3113	0,0,0,0,0	0,33,0,0,0	0,0,0,0,0,0,0,0,0,0,17,0,0,0,1,0	0,0,0,0,79,0,0,0,0,0,273,0,0,0,52,7	241	149	1	1.0	NA,0.0,NA,NA,NA	NA,NA,NA,NA,0.0,NA,NA,NA,NA,NA,0.037,NA,NA,NA,0.012,0.0	-0.012
3115	0,0,0,0,0	0,3,0,0,0	0,0,0,0,0,0,0,0,0,0,0,0,0,0,0,2	0,0,0,0,10,0,0,0,0,0,0,0,0,0,0,3	277	149	1	1.0	NA,0.0,NA,NA,NA	NA,NA,NA,NA,0.0,NA,NA,NA,NA,NA,NA,NA,NA,NA,NA,0.264	-0.132
3116	0,4,0,0,0	0,109,0,0,0	0,0,0,0,5,0,0,0,0,0,14,0,0,0,20,4	0,0,0,0,577,0,0,0,0,0,517,0,0,0,375,103	232	149	1	1.0	NA,0.023,NA,NA,NA	NA,NA,NA,NA,0.006,NA,NA,NA,NA,NA,0.017,NA,NA,NA,0.033,0.024	0.003
3118	0,7,0,0,0	0,0,0,0,0	0,0,0,0,0,0,0,0,0,0,4,0,0,0,0,3	0,0,0,0,38,0,0,0,0,0,8,0,0,0,0,0	298	149	1	1.0	NA,1.0,NA,NA,NA	NA,NA,NA,NA,0.0,NA,NA,NA,NA,NA,0.2,NA,NA,NA,NA,1.0	0.6
3119	0,5,0,0,0	0,0,0,0,0	0,0,0,0,5,0,0,0,0,0,15,0,0,0,18,2	0,0,0,0,8,0,0,0,0,0,6,0,0,0,0,0	251	149	1	1.0	NA,1.0,NA,NA,NA	NA,NA,NA,NA,0.271,NA,NA,NA,NA,NA,0.597,NA,NA,NA,1.0,1.0	0.283
3120	0,9,2,0,0	0,0,0,0,0	0,0,0,0,5,0,0,0,0,0,34,0,0,0,19,2	0,0,0,0,8,0,0,0,0,0,6,0,0,0,0,0	298	149	1	1.0	NA,1.0,1.0,NA,NA	NA,NA,NA,NA,0.238,NA,NA,NA,NA,NA,0.739,NA,NA,NA,1.0,1.0	0.256
3122	0,77,0,0,0	0,7,0,0,0	0,0,0,0,411,0,0,0,0,0,249,0,0,0,328,38	0,0,0,0,29,0,0,0,0,0,4,0,0,0,1,8	150	149	1	1.0	NA,0.916,NA,NA,NA	NA,NA,NA,NA,0.934,NA,NA,NA,NA,NA,0.984,NA,NA,NA,0.997,0.825	-0.019
3123	0,16,0,0,0	0,6,0,0,0	0,0,0,0,5,0,0,0,0,0,14,0,0,0,35,20	0,0,0,0,20,2,0,0,0,0,8,0,0,0,3,18	210	149	1	1.0	NA,0.654,NA,NA,NA	NA,NA,NA,NA,0.151,0.0,NA,NA,NA,NA,0.554,NA,NA,NA,0.892,0.441	0.246
3127	0,279,0,0,0	0,0,0,0,0	0,0,0,0,536,2,0,0,0,2,1072,0,0,0,2092,26	0,0,0,0,0,0,0,0,0,0,15,0,0,0,2,0	298	149	1	1.0	NA,1.0,NA,NA,NA	NA,NA,NA,NA,1.0,1.0,NA,NA,NA,1.0,0.973,NA,NA,NA,0.998,1.0	0.005
3128	0,0,0,0,0	0,16,0,0,0	0,0,0,0,0,0,0,0,0,0,0,0,0,0,0,2	0,0,0,0,14,0,0,0,0,0,17,0,0,0,15,1	232	149	1	1.0	NA,0.0,NA,NA,NA	NA,NA,NA,NA,0.0,NA,NA,NA,NA,NA,0.0,NA,NA,NA,0.0,0.562	-0.141
3129	0,39,0,0,0	0,143,0,0,0	0,0,0,0,135,0,0,0,2,0,25,0,0,0,4,14	0,0,0,0,179,0,0,0,0,0,129,0,0,0,8,17	298	149	1	1.0	NA,0.12,NA,NA,NA	NA,NA,NA,NA,0.274,NA,NA,NA,1.0,NA,0.088,NA,NA,NA,0.2,0.292	-0.251
3130	0,0,0,0,0	0,71,0,0,0	0,0,0,0,0,0,0,0,0,0,2,0,0,0,12,0	0,0,0,0,154,0,0,0,0,0,390,0,0,0,124,2	290	149	1	1.0	NA,0.0,NA,NA,NA	NA,NA,NA,NA,0.0,NA,NA,NA,NA,NA,0.003,NA,NA,NA,0.047,0.0	-0.013
3134	0,136,0,0,0	0,0,0,0,0	0,0,0,0,111,0,0,0,0,0,483,0,0,0,124,13	0,0,0,0,0,0,0,0,0,0,3,0,0,0,0,0	298	149	1	1.0	NA,1.0,NA,NA,NA	NA,NA,NA,NA,1.0,NA,NA,NA,NA,NA,0.988,NA,NA,NA,1.0,1.0	0.003
3135	0,28685,25,0,54	0,0,0,0,0	0,0,0,0,61181,20,14,30,37,74,66461,0,0,0,40124,2149	0,0,0,0,16,0,0,0,0,0,6,0,0,0,0,0	192	149	1	1.0	NA,1.0,1.0,NA,1.0	NA,NA,NA,NA,1.0,1.0,1.0,1.0,1.0,1.0,1.0,NA,NA,NA,1.0,1.0	0.0
3136	0,13583,2,0,8	0,0,0,0,0	0,0,0,0,16563,2,0,37,4,10,19852,0,0,0,8003,777	0,0,0,0,0,0,0,0,0,0,3,0,0,0,0,0	298	149	1	1.0	NA,1.0,1.0,NA,1.0	NA,NA,NA,NA,1.0,1.0,NA,1.0,1.0,1.0,1.0,NA,NA,NA,1.0,1.0	0.0
3141	0,0,0,0,2	0,0,0,0,0	0,0,0,0,13,0,0,0,0,0,71,0,0,0,53,6	0,0,0,0,95,0,0,0,0,0,132,0,0,0,92,14	170	149	1	1.0	NA,NA,NA,NA,1.0	NA,NA,NA,NA,0.107,NA,NA,NA,NA,NA,0.32,NA,NA,NA,0.336,0.273	0.741
3144	0,0,0,0,0	0,29,0,0,0	0,0,0,0,6,0,0,0,0,0,5,0,0,0,0,0	0,0,0,0,204,0,0,0,0,0,33,0,0,0,58,12	165	149	1	1.0	NA,0.0,NA,NA,NA	NA,NA,NA,NA,0.026,NA,NA,NA,NA,NA,0.12,NA,NA,NA,0.0,0.0	-0.036
3147	0,0,0,0,0	0,6,0,0,0	0,0,0,0,0,0,0,0,0,0,0,0,0,0,4,0	0,0,0,0,56,0,0,0,0,0,44,0,0,0,108,1	298	149	1	1.0	NA,0.0,NA,NA,NA	NA,NA,NA,NA,0.0,NA,NA,NA,NA,NA,0.0,NA,NA,NA,0.018,0.0	-0.004
3148	0,2,0,0,0	0,0,0,0,0	0,0,0,0,91,0,0,0,0,0,88,0,0,0,177,7	0,0,0,0,0,0,0,0,0,0,0,0,0,0,2,0	298	149	1	1.0	NA,1.0,NA,NA,NA	NA,NA,NA,NA,1.0,NA,NA,NA,NA,NA,1.0,NA,NA,NA,0.978,1.0	0.006
3149	0,35,0,0,0	0,10,0,0,0	0,0,0,0,160,0,0,0,2,0,106,0,0,0,104,61	0,0,0,0,0,0,0,0,0,0,7,0,0,0,2,0	195	149	1	1.0	NA,0.728,NA,NA,NA	NA,NA,NA,NA,1.0,NA,NA,NA,1.0,NA,0.92,NA,NA,NA,0.975,1.0	-0.251
3155	0,10,0,0,0	0,10,0,0,0	0,0,0,0,6,0,0,0,0,0,4,0,0,0,0,0	0,0,0,0,22,0,0,0,0,0,4,0,0,0,0,0	238	149	1	1.0	NA,0.385,NA,NA,NA	NA,NA,NA,NA,0.146,NA,NA,NA,NA,NA,0.385,NA,NA,NA,NA,NA	0.119
3156	0,0,0,0,0	0,4,2,0,0	0,0,0,0,0,0,0,0,0,0,0,0,0,0,3,2	0,0,0,0,53,2,0,0,0,0,80,0,0,0,301,56	169	149	1	1.0	NA,0.0,0.0,NA,NA	NA,NA,NA,NA,0.0,0.0,NA,NA,NA,NA,0.0,NA,NA,NA,0.009,0.031	-0.008
3157	0,9,2,0,0	0,11,0,0,0	0,0,0,0,24,0,0,0,0,0,35,0,0,0,85,26	0,0,0,0,63,0,0,0,0,0,43,0,0,0,85,17	152	149	1	1.0	NA,0.445,1.0,NA,NA	NA,NA,NA,NA,0.272,NA,NA,NA,NA,NA,0.444,NA,NA,NA,0.495,0.6	0.27
3164	0,660,0,0,0	0,0,0,0,0	0,0,0,0,1881,0,0,0,7,6,8549,0,0,0,115,99	0,0,0,0,0,0,0,0,0,0,3,0,0,0,0,0	298	149	1	1.0	NA,1.0,NA,NA,NA	NA,NA,NA,NA,1.0,NA,NA,NA,1.0,1.0,0.999,NA,NA,NA,1.0,1.0	0.0
3165	0,2,0,0,4	0,3360,0,0,4	0,0,0,0,47,0,0,0,8,4,14,0,0,0,1,10	0,0,0,0,7759,2,0,0,11,8,12017,0,0,0,1197,327	167	149	1	1.0	NA,0.001,NA,NA,0.472	NA,NA,NA,NA,0.005,0.0,NA,NA,0.394,0.308,0.001,NA,NA,NA,0.001,0.027	0.131
3166	0,3498,0,0,4	0,0,0,0,0	0,0,0,0,8619,2,0,2,3,10,12653,0,0,0,1123,181	0,0,0,0,0,0,0,0,0,0,5,0,0,0,0,0	298	149	1	1.0	NA,1.0,NA,NA,1.0	NA,NA,NA,NA,1.0,1.0,NA,1.0,1.0,1.0,0.999,NA,NA,NA,1.0,1.0	0.0
3168	0,0,0,0,0	0,31,0,0,2	0,0,0,0,8,0,0,0,0,0,5,0,0,0,15,1	0,0,0,0,93,0,0,0,0,1,96,0,0,0,189,4	298	149	1	1.0	NA,0.0,NA,NA,0.0	NA,NA,NA,NA,0.041,NA,NA,NA,NA,0.0,0.025,NA,NA,NA,0.038,0.111	-0.043
3173	0,0,0,0,0	0,8,0,0,0	0,0,0,0,103,2,0,0,0,0,20,0,0,0,92,0	0,0,0,0,3,0,0,0,0,0,7,0,0,0,18,0	197	149	1	1.0	NA,0.0,NA,NA,NA	NA,NA,NA,NA,0.963,1.0,NA,NA,NA,NA,0.684,NA,NA,NA,0.794,NA	-0.86
3174	0,3357,14,0,2	0,0,0,0,0	0,0,0,0,6800,7,4,8,8,6,3115,0,0,0,4472,1007	0,0,0,0,0,0,0,0,0,0,12,0,0,0,0,0	298	149	1	1.0	NA,1.0,1.0,NA,1.0	NA,NA,NA,NA,1.0,1.0,1.0,1.0,1.0,1.0,0.992,NA,NA,NA,1.0,1.0	0.001
3175	0,425,2,0,0	0,0,0,0,0	0,0,0,0,864,4,2,2,2,0,169,0,0,0,580,35	0,0,0,0,0,0,0,0,0,0,0,0,0,0,2,0	219	149	1	1.0	NA,1.0,1.0,NA,NA	NA,NA,NA,NA,1.0,1.0,1.0,1.0,1.0,NA,1.0,NA,NA,NA,0.995,1.0	0.001
3176	0,265,4,0,0	0,8,0,0,0	0,0,0,0,1747,3,0,2,0,0,218,0,0,0,586,363	0,0,0,0,0,0,0,0,0,0,6,0,0,0,19,1	298	149	1	1.0	NA,0.943,1.0,NA,NA	NA,NA,NA,NA,1.0,1.0,NA,1.0,NA,NA,0.948,NA,NA,NA,0.939,0.995	-0.009
3177	0,19,0,0,0	0,0,0,0,0	0,0,0,0,202,2,0,0,0,0,231,0,0,0,608,89	0,0,0,0,0,0,0,0,0,0,0,0,0,0,1,3	153	149	1	1.0	NA,1.0,NA,NA,NA	NA,NA,NA,NA,1.0,1.0,NA,NA,NA,NA,1.0,NA,NA,NA,0.998,0.967	0.007
3178	0,196,0,0,0	0,9,0,0,0	0,0,0,0,88,0,0,0,0,0,32,0,0,0,1,0	0,0,0,0,0,0,0,0,0,0,3,0,0,0,0,4	298	149	1	1.0	NA,0.916,NA,NA,NA	NA,NA,NA,NA,1.0,NA,NA,NA,NA,NA,0.842,NA,NA,NA,1.0,0.0	0.206
3180	0,30,0,0,0	0,26,0,0,0	0,0,0,0,43,0,0,0,0,0,74,0,0,0,116,2	0,0,0,0,43,0,0,0,0,0,105,0,0,0,99,4	298	149	1	1.0	NA,0.366,NA,NA,NA	NA,NA,NA,NA,0.333,NA,NA,NA,NA,NA,0.261,NA,NA,NA,0.369,0.2	0.075
3181	0,573,0,0,2	0,0,0,0,0	0,0,0,0,417,0,0,0,0,0,528,0,0,0,28,23	0,0,0,0,16,0,0,0,0,0,0,0,0,0,0,0	298	149	1	1.0	NA,1.0,NA,NA,1.0	NA,NA,NA,NA,0.929,NA,NA,NA,NA,NA,1.0,NA,NA,NA,1.0,1.0	0.018
3185	0,578,0,0,0	0,0,0,0,0	0,0,0,0,868,0,0,2,0,0,267,0,0,0,327,89	0,0,0,0,0,0,0,0,0,0,1,0,0,0,0,0	182	149	1	1.0	NA,1.0,NA,NA,NA	NA,NA,NA,NA,1.0,NA,NA,1.0,NA,NA,0.995,NA,NA,NA,1.0,1.0	0.001
3186	0,4,0,0,0	0,0,0,0,0	0,0,0,0,0,0,0,0,0,0,0,0,0,0,5,4	0,0,0,0,6,0,0,0,0,0,0,0,0,0,0,1	184	149	1	1.0	NA,1.0,NA,NA,NA	NA,NA,NA,NA,0.0,NA,NA,NA,NA,NA,NA,NA,NA,NA,1.0,0.764	0.412
3187	0,4,0,0,0	0,0,0,0,0	0,0,0,0,0,0,0,0,0,0,0,0,0,0,5,4	0,0,0,0,0,0,0,0,0,0,1,0,0,0,5,0	184	149	1	1.0	NA,1.0,NA,NA,NA	NA,NA,NA,NA,NA,NA,NA,NA,NA,NA,0.0,NA,NA,NA,0.447,1.0	0.518
3188	0,4,0,0,0	0,205,0,0,0	0,0,0,0,0,0,0,0,0,0,0,0,0,0,5,4	0,0,0,0,162,0,0,0,0,0,106,0,0,0,140,109	184	149	1	1.0	NA,0.016,NA,NA,NA	NA,NA,NA,NA,0.0,NA,NA,NA,NA,NA,0.0,NA,NA,NA,0.028,0.029	0.002
3191	0,537,0,0,0	0,4,0,0,0	0,0,0,0,540,0,0,2,0,4,1034,0,0,0,583,43	0,0,0,0,0,0,0,0,0,0,53,0,0,0,5,3	288	149	1	1.0	NA,0.986,NA,NA,NA	NA,NA,NA,NA,1.0,NA,NA,1.0,NA,1.0,0.91,NA,NA,NA,0.984,0.881	0.023
3192	0,35,0,0,0	0,14,0,0,0	0,0,0,0,54,0,0,0,0,0,31,0,0,0,0,0	0,0,0,0,0,0,0,0,0,0,2,0,0,0,7,3	189	149	1	1.0	NA,0.663,NA,NA,NA	NA,NA,NA,NA,1.0,NA,NA,NA,NA,NA,0.924,NA,NA,NA,0.0,0.0	0.182
3196	0,0,0,0,0	0,20,0,0,0	0,0,0,0,0,0,0,0,0,0,0,0,0,0,14,0	0,0,0,0,2,0,0,0,0,0,14,0,0,0,9,7	201	149	1	1.0	NA,0.0,NA,NA,NA	NA,NA,NA,NA,0.0,NA,NA,NA,NA,NA,0.0,NA,NA,NA,0.536,0.0	-0.134
3201	0,5,4,0,0	0,0,0,0,0	0,0,0,0,80,0,0,2,0,0,29,0,0,0,137,59	0,0,0,0,18,0,0,0,0,0,15,0,0,0,12,0	164	149	1	1.0	NA,1.0,1.0,NA,NA	NA,NA,NA,NA,0.802,NA,NA,1.0,NA,NA,0.637,NA,NA,NA,0.912,1.0	0.13
3202	0,3,0,0,0	0,15,0,0,0	0,0,0,0,59,0,0,0,0,0,95,0,0,0,44,10	0,0,0,0,164,0,0,0,2,0,131,0,0,0,111,16	164	149	1	1.0	NA,0.154,NA,NA,NA	NA,NA,NA,NA,0.246,NA,NA,NA,0.0,NA,0.397,NA,NA,NA,0.265,0.362	-0.1
3203	0,14,0,0,0	0,963,0,0,12	0,0,0,0,18,0,0,0,0,0,16,0,0,0,16,3	0,0,0,0,6495,6,4,10,4,14,6087,0,0,0,3458,523	212	149	1	1.0	NA,0.01,NA,NA,0.0	NA,NA,NA,NA,0.002,0.0,0.0,0.0,0.0,0.0,0.002,NA,NA,NA,0.003,0.004	0.004
3207	0,2,0,0,0	0,0,0,0,0	0,0,0,0,19,0,0,0,0,0,73,0,0,0,98,13	0,0,0,0,0,0,0,0,0,0,8,0,0,0,0,0	298	149	1	1.0	NA,1.0,NA,NA,NA	NA,NA,NA,NA,1.0,NA,NA,NA,NA,NA,0.82,NA,NA,NA,1.0,1.0	0.045
3209	0,132,0,0,0	0,0,0,0,0	0,0,0,0,168,0,0,0,0,4,657,0,0,0,8,20	0,0,0,0,0,0,0,0,0,0,20,0,0,0,1,0	178	149	1	1.0	NA,1.0,NA,NA,NA	NA,NA,NA,NA,1.0,NA,NA,NA,NA,1.0,0.965,NA,NA,NA,0.87,1.0	0.033
3211	0,226,8,0,4	0,8,0,0,0	0,0,0,0,437,0,0,0,0,2,467,0,0,0,921,56	0,0,0,0,16,0,0,0,0,0,7,0,0,0,42,0	298	149	1	1.0	NA,0.934,1.0,NA,1.0	NA,NA,NA,NA,0.932,NA,NA,NA,NA,1.0,0.971,NA,NA,NA,0.916,1.0	0.014
3216	0,0,0,0,0	0,9,0,0,0	0,0,0,0,22,0,0,0,0,0,11,0,0,0,65,3	0,0,0,0,46,0,0,0,0,0,39,0,0,0,81,8	223	149	1	1.0	NA,0.0,NA,NA,NA	NA,NA,NA,NA,0.242,NA,NA,NA,NA,NA,0.159,NA,NA,NA,0.349,0.2	-0.237
3217	0,0,0,0,0	0,208,2,0,0	0,0,0,0,0,0,0,0,0,0,0,0,0,0,3,0	0,0,0,0,306,0,0,0,0,0,338,0,0,0,229,49	222	149	1	1.0	NA,0.0,0.0,NA,NA	NA,NA,NA,NA,0.0,NA,NA,NA,NA,NA,0.0,NA,NA,NA,0.009,0.0	-0.002
3218	0,14,0,0,0	0,0,0,0,0	0,0,0,0,20,0,0,0,0,0,64,0,0,0,10,0	0,0,0,0,0,0,0,0,0,0,5,0,0,0,0,0	292	149	1	1.0	NA,1.0,NA,NA,NA	NA,NA,NA,NA,1.0,NA,NA,NA,NA,NA,0.867,NA,NA,NA,1.0,NA	0.044
3221	0,3,0,0,0	0,2796,0,0,4	0,0,0,0,0,0,0,0,0,0,6,0,0,0,3,0	0,0,0,0,6693,0,2,0,0,0,2343,0,0,0,388,112	185	149	1	1.0	NA,0.001,NA,NA,0.0	NA,NA,NA,NA,0.0,NA,0.0,NA,NA,NA,0.002,NA,NA,NA,0.006,0.0	-0.001
3222	0,3,0,0,0	0,88,0,0,0	0,0,0,0,0,0,0,0,0,0,6,0,0,0,0,0	0,0,0,0,126,0,0,0,0,0,41,0,0,0,0,0	153	149	1	1.0	NA,0.032,NA,NA,NA	NA,NA,NA,NA,0.0,NA,NA,NA,NA,NA,0.125,NA,NA,NA,NA,NA	-0.03
3224	0,6,0,0,0	0,1,0,0,0	0,0,0,0,28,0,0,0,0,0,39,0,0,0,6,3	0,0,0,0,0,0,0,0,0,0,3,0,0,0,3,1	264	149	1	1.0	NA,0.772,NA,NA,NA	NA,NA,NA,NA,1.0,NA,NA,NA,NA,NA,0.88,NA,NA,NA,0.53,0.629	0.012
3225	0,9,0,0,0	0,34,0,0,0	0,0,0,0,38,0,0,0,0,0,9,0,0,0,2,7	0,0,0,0,18,0,0,0,0,0,90,0,0,0,6,0	298	149	1	1.0	NA,0.117,NA,NA,NA	NA,NA,NA,NA,0.514,NA,NA,NA,NA,NA,0.048,NA,NA,NA,0.143,1.0	-0.309
3227	0,102,0,0,0	0,111,0,0,0	0,0,0,0,139,0,0,0,0,0,165,0,0,0,41,47	0,0,0,0,230,0,0,0,0,0,210,0,0,0,24,35	158	149	1	1.0	NA,0.464,NA,NA,NA	NA,NA,NA,NA,0.363,NA,NA,NA,NA,NA,0.426,NA,NA,NA,0.617,0.559	-0.027
3228	0,579,0,0,0	0,0,0,0,0	0,0,0,0,22,0,0,0,0,0,109,0,0,0,96,57	0,0,0,0,0,0,0,0,0,0,0,0,0,0,0,1	298	149	1	1.0	NA,1.0,NA,NA,NA	NA,NA,NA,NA,1.0,NA,NA,NA,NA,NA,1.0,NA,NA,NA,1.0,0.966	0.008
3229	0,803,0,0,2	0,31,0,0,0	0,0,0,0,61,0,0,0,0,0,124,0,0,0,4,38	0,0,0,0,10,0,0,0,0,0,6,0,0,0,2,2	298	149	1	1.0	NA,0.928,NA,NA,1.0	NA,NA,NA,NA,0.753,NA,NA,NA,NA,NA,0.912,NA,NA,NA,0.5,0.905	0.196
3232	0,2,0,0,0	0,0,0,0,0	0,0,0,0,2,0,0,0,0,0,7,0,0,0,0,3	0,0,0,0,0,0,0,0,0,0,1,0,0,0,3,0	163	149	1	1.0	NA,1.0,NA,NA,NA	NA,NA,NA,NA,1.0,NA,NA,NA,NA,NA,0.865,NA,NA,NA,0.0,1.0	0.284
3234	0,1,0,0,0	0,47,0,0,0	0,0,0,0,24,0,0,0,0,0,2,0,0,0,0,6	0,0,0,0,83,0,0,0,0,0,92,0,0,0,142,8	188	149	1	1.0	NA,0.017,NA,NA,NA	NA,NA,NA,NA,0.186,NA,NA,NA,NA,NA,0.017,NA,NA,NA,0.0,0.373	-0.127
3235	0,0,0,0,0	0,44,0,0,0	0,0,0,0,0,0,0,0,0,0,1,0,0,0,1,1	0,0,0,0,164,0,0,0,0,0,78,0,0,0,94,62	183	149	1	1.0	NA,0.0,NA,NA,NA	NA,NA,NA,NA,0.0,NA,NA,NA,NA,NA,0.01,NA,NA,NA,0.009,0.013	-0.008
3236	0,31,0,0,0	0,4,0,0,0	0,0,0,0,101,0,0,0,0,0,67,0,0,0,49,2	0,0,0,0,12,0,0,0,0,0,0,0,0,0,7,0	156	149	1	1.0	NA,0.881,NA,NA,NA	NA,NA,NA,NA,0.889,NA,NA,NA,NA,NA,1.0,NA,NA,NA,0.87,1.0	-0.059
3237	0,0,0,0,0	0,7,0,0,0	0,0,0,0,10,0,0,0,0,0,7,0,0,0,2,0	0,0,0,0,75,0,0,0,0,0,82,0,0,0,47,5	156	149	1	1.0	NA,0.0,NA,NA,NA	NA,NA,NA,NA,0.113,NA,NA,NA,NA,NA,0.075,NA,NA,NA,0.039,0.0	-0.057
3241	0,0,0,0,0	0,3,0,0,0	0,0,0,0,12,0,0,0,0,0,0,0,0,0,0,0	0,0,0,0,45,0,0,0,0,0,5,0,0,0,0,1	239	149	1	1.0	NA,0.0,NA,NA,NA	NA,NA,NA,NA,0.143,NA,NA,NA,NA,NA,0.0,NA,NA,NA,NA,0.0	-0.048
3246	0,572,0,0,2	0,79,0,0,0	0,0,0,0,931,2,0,0,0,2,903,0,0,0,73,68	0,0,0,0,171,0,0,0,0,0,279,0,0,0,68,9	227	149	1	1.0	NA,0.826,NA,NA,1.0	NA,NA,NA,NA,0.781,1.0,NA,NA,NA,1.0,0.68,NA,NA,NA,0.413,0.832	0.129
3248	0,21,0,0,0	0,940,0,0,2	0,0,0,0,47,0,0,0,0,0,33,0,0,0,6,0	0,0,0,0,1061,0,0,0,0,0,1175,0,0,0,108,27	208	149	1	1.0	NA,0.016,NA,NA,0.0	NA,NA,NA,NA,0.031,NA,NA,NA,NA,NA,0.02,NA,NA,NA,0.038,0.0	-0.014
3249	0,442,2,0,0	0,0,0,0,0	0,0,0,0,1315,0,4,4,0,0,1013,0,0,0,716,77	0,0,0,0,0,0,0,0,0,0,1,0,0,0,0,0	298	149	1	1.0	NA,1.0,1.0,NA,NA	NA,NA,NA,NA,1.0,NA,1.0,1.0,NA,NA,0.998,NA,NA,NA,1.0,1.0	0.0
3251	0,27,0,0,0	0,0,0,0,0	0,0,0,0,309,0,0,0,0,0,34,0,0,0,67,27	0,0,0,0,9,0,0,0,0,0,0,0,0,0,7,0	204	149	1	1.0	NA,1.0,NA,NA,NA	NA,NA,NA,NA,0.962,NA,NA,NA,NA,NA,1.0,NA,NA,NA,0.875,1.0	0.041
3253	0,0,0,0,0	0,6,0,0,0	0,0,0,0,34,0,0,0,0,0,42,0,0,0,0,69	0,0,0,0,183,0,0,0,0,0,301,0,0,0,129,13	298	149	1	1.0	NA,0.0,NA,NA,NA	NA,NA,NA,NA,0.085,NA,NA,NA,NA,NA,0.065,NA,NA,NA,0.0,0.726	-0.219
3254	0,0,0,0,0	0,6,0,0,0	0,0,0,0,36,0,0,0,0,0,80,0,0,0,0,69	0,0,0,0,183,0,0,0,0,0,301,0,0,0,129,13	298	149	1	1.0	NA,0.0,NA,NA,NA	NA,NA,NA,NA,0.09,NA,NA,NA,NA,NA,0.117,NA,NA,NA,0.0,0.726	-0.233
3255	0,0,0,0,0	0,811,0,0,2	0,0,0,0,106,0,0,0,0,0,28,0,0,0,0,0	0,0,0,0,22358,0,0,0,0,0,5687,0,0,0,427,22	298	149	1	1.0	NA,0.0,NA,NA,0.0	NA,NA,NA,NA,0.002,NA,NA,NA,NA,NA,0.002,NA,NA,NA,0.0,0.0	-0.001
3257	0,4,0,0,0	0,322,0,0,2	0,0,0,0,103,0,0,0,0,0,3,0,0,0,0,3	0,0,0,0,474,0,0,2,2,0,714,0,0,0,285,121	280	149	1	1.0	NA,0.007,NA,NA,0.0	NA,NA,NA,NA,0.104,NA,NA,0.0,0.0,NA,0.002,NA,NA,NA,0.0,0.013	-0.016
3258	0,20,0,0,0	0,0,0,0,0	0,0,0,0,70,0,0,0,0,0,29,0,0,0,4,21	0,0,0,0,0,0,0,0,0,0,9,0,0,0,3,2	298	149	1	1.0	NA,1.0,NA,NA,NA	NA,NA,NA,NA,1.0,NA,NA,NA,NA,NA,0.617,NA,NA,NA,0.4,0.84	0.286
3260	0,41,0,0,0	0,0,0,0,0	0,0,0,0,94,0,0,0,0,0,141,0,0,0,25,0	0,0,0,0,0,0,0,0,0,0,8,0,0,0,0,0	210	149	1	1.0	NA,1.0,NA,NA,NA	NA,NA,NA,NA,1.0,NA,NA,NA,NA,NA,0.926,NA,NA,NA,1.0,NA	0.025
3264	0,71,0,0,0	0,0,0,0,0	0,0,0,0,929,2,2,0,0,0,440,0,0,0,283,13	0,0,0,0,16,0,0,0,0,0,0,0,0,0,0,0	298	149	1	1.0	NA,1.0,NA,NA,NA	NA,NA,NA,NA,0.967,1.0,1.0,NA,NA,NA,1.0,NA,NA,NA,1.0,1.0	0.005
3266	0,13,2,0,2	0,0,0,0,0	0,0,0,0,140,0,0,0,0,0,141,0,0,0,68,12	0,0,0,0,0,0,0,0,0,0,2,0,0,0,0,0	298	149	1	1.0	NA,1.0,1.0,NA,1.0	NA,NA,NA,NA,1.0,NA,NA,NA,NA,NA,0.972,NA,NA,NA,1.0,1.0	0.007
3267	0,515,2,0,0	0,0,0,0,0	0,0,0,0,2645,0,0,7,0,0,2801,0,0,0,916,41	0,0,0,0,4,0,0,0,0,0,2,0,0,0,19,0	298	149	1	1.0	NA,1.0,1.0,NA,NA	NA,NA,NA,NA,0.997,NA,NA,1.0,NA,NA,0.999,NA,NA,NA,0.96,1.0	0.009
3269	0,9,0,0,0	0,68,0,0,0	0,0,0,0,0,0,0,0,0,0,8,0,0,0,0,0	0,0,0,0,69,0,0,0,0,0,181,0,0,0,263,8	196	149	1	1.0	NA,0.091,NA,NA,NA	NA,NA,NA,NA,0.0,NA,NA,NA,NA,NA,0.033,NA,NA,NA,0.0,0.0	0.083
3271	0,256,0,0,0	0,0,0,0,0	0,0,0,0,317,0,0,0,0,2,439,0,0,0,40,52	0,0,0,0,14,0,0,0,0,0,0,0,0,0,0,0	298	149	1	1.0	NA,1.0,NA,NA,NA	NA,NA,NA,NA,0.919,NA,NA,NA,NA,1.0,1.0,NA,NA,NA,1.0,1.0	0.016
3274	0,0,0,0,0	0,482,0,0,4	0,0,0,0,3,0,0,0,0,0,4,0,0,0,1,0	0,0,0,0,611,0,0,2,0,5,337,0,0,0,166,106	153	149	1	1.0	NA,0.0,NA,NA,0.0	NA,NA,NA,NA,0.005,NA,NA,0.0,NA,0.0,0.011,NA,NA,NA,0.006,0.0	-0.004
3275	0,681,0,0,4	0,0,0,0,0	0,0,0,0,846,0,0,3,0,5,387,0,0,0,218,132	0,0,0,0,0,0,0,0,0,0,1,0,0,0,3,0	298	149	1	1.0	NA,1.0,NA,NA,1.0	NA,NA,NA,NA,1.0,NA,NA,1.0,NA,1.0,0.995,NA,NA,NA,0.973,1.0	0.005
3276	0,526,0,0,4	0,0,0,0,0	0,0,0,0,795,0,0,2,0,5,362,0,0,0,188,117	0,0,0,0,28,0,0,0,0,0,0,0,0,0,3,0	298	149	1	1.0	NA,1.0,NA,NA,1.0	NA,NA,NA,NA,0.934,NA,NA,1.0,NA,1.0,1.0,NA,NA,NA,0.969,1.0	0.016
3277	0,17,0,0,0	0,0,0,0,0	0,0,0,0,36,0,0,0,0,0,68,0,0,0,0,0	0,0,0,0,8,0,0,0,0,0,0,0,0,0,2,0	161	149	1	1.0	NA,1.0,NA,NA,NA	NA,NA,NA,NA,0.806,NA,NA,NA,NA,NA,1.0,NA,NA,NA,0.0,NA	0.398
3278	0,12,0,0,0	0,0,0,0,0	0,0,0,0,126,2,0,0,0,0,64,0,0,0,248,2	0,0,0,0,10,0,0,0,0,0,0,0,0,0,0,0	298	149	1	1.0	NA,1.0,NA,NA,NA	NA,NA,NA,NA,0.863,1.0,NA,NA,NA,NA,1.0,NA,NA,NA,1.0,1.0	0.027
3279	0,12,0,0,0	0,6,0,0,0	0,0,0,0,134,2,0,0,0,0,65,0,0,0,255,2	0,0,0,0,14,0,0,0,0,0,0,0,0,0,0,0	298	149	1	1.0	NA,0.5,NA,NA,NA	NA,NA,NA,NA,0.827,1.0,NA,NA,NA,NA,1.0,NA,NA,NA,1.0,1.0	-0.465
3280	0,0,0,0,0	0,6,0,0,0	0,0,0,0,18,0,0,0,0,0,1,0,0,0,7,0	0,0,0,0,14,0,0,0,0,0,0,0,0,0,0,0	182	149	1	1.0	NA,0.0,NA,NA,NA	NA,NA,NA,NA,0.513,NA,NA,NA,NA,NA,1.0,NA,NA,NA,1.0,NA	-0.838
3281	0,0,0,0,0	0,13,0,0,0	0,0,0,0,27,0,0,0,0,0,5,0,0,0,64,0	0,0,0,0,160,2,0,0,0,0,74,0,0,0,74,0	182	149	1	1.0	NA,0.0,NA,NA,NA	NA,NA,NA,NA,0.121,0.0,NA,NA,NA,NA,0.052,NA,NA,NA,0.415,NA	-0.147
3282	0,960,8,0,0	0,0,0,0,0	0,0,0,0,1112,6,0,8,0,4,3176,0,0,0,1928,144	0,0,0,0,0,0,0,0,0,0,1,0,0,0,0,0	298	149	1	1.0	NA,1.0,1.0,NA,NA	NA,NA,NA,NA,1.0,1.0,NA,1.0,NA,1.0,0.999,NA,NA,NA,1.0,1.0	0.0
3283	0,37,0,0,0	0,78,0,0,0	0,0,0,0,32,0,0,0,0,0,22,0,0,0,124,3	0,0,0,0,168,2,0,0,0,0,265,0,0,0,304,83	298	149	1	1.0	NA,0.192,NA,NA,NA	NA,NA,NA,NA,0.087,0.0,NA,NA,NA,NA,0.04,NA,NA,NA,0.169,0.018	0.129
3284	0,46,0,0,0	0,22,0,0,0	0,0,0,0,240,0,0,0,0,0,190,0,0,0,302,83	0,0,0,0,36,0,0,0,0,0,20,0,0,0,50,9	171	149	1	1.0	NA,0.646,NA,NA,NA	NA,NA,NA,NA,0.853,NA,NA,NA,NA,NA,0.892,NA,NA,NA,0.84,0.889	-0.223
3286	0,0,0,0,0	0,31,0,0,0	0,0,0,0,7,0,0,0,0,0,0,0,0,0,0,4	0,0,0,0,29,0,0,2,0,0,25,0,0,0,55,9	160	149	1	1.0	NA,0.0,NA,NA,NA	NA,NA,NA,NA,0.184,NA,NA,0.0,NA,NA,0.0,NA,NA,NA,0.0,0.293	-0.095
3287	0,23,0,0,0	0,9,0,0,0	0,0,0,0,30,0,0,2,0,0,19,0,0,0,64,6	0,0,0,0,7,0,0,0,0,0,9,0,0,0,0,4	153	149	1	1.0	NA,0.713,NA,NA,NA	NA,NA,NA,NA,0.807,NA,NA,1.0,NA,NA,0.673,NA,NA,NA,1.0,0.594	-0.102
3291	0,1,0,0,0	0,3,0,0,0	0,0,0,0,0,0,0,0,0,0,3,0,0,0,18,4	0,0,0,0,93,0,0,0,0,0,16,0,0,0,28,2	298	149	1	1.0	NA,0.143,NA,NA,NA	NA,NA,NA,NA,0.0,NA,NA,NA,NA,NA,0.086,NA,NA,NA,0.243,0.5	-0.064
3293	0,72,2,0,0	0,0,0,0,0	0,0,0,0,94,0,2,0,0,0,46,0,0,0,81,74	0,0,0,0,0,0,0,0,0,0,0,0,0,0,3,4	260	149	1	1.0	NA,1.0,1.0,NA,NA	NA,NA,NA,NA,1.0,NA,1.0,NA,NA,NA,1.0,NA,NA,NA,0.939,0.914	0.029
3294	0,1,0,0,0	0,5,2,0,0	0,0,0,0,0,0,0,0,0,0,0,0,0,0,0,0	0,0,0,0,54,0,0,0,0,2,119,0,0,0,342,38	153	149	1	1.0	NA,0.163,0.0,NA,NA	NA,NA,NA,NA,0.0,NA,NA,NA,NA,0.0,0.0,NA,NA,NA,0.0,0.0	0.082
3295	0,2,0,0,0	0,5,2,0,0	0,0,0,0,8,0,0,0,0,0,5,0,0,0,9,2	0,0,0,0,54,0,0,0,0,2,119,0,0,0,342,38	298	149	1	1.0	NA,0.167,0.0,NA,NA	NA,NA,NA,NA,0.069,NA,NA,NA,NA,0.0,0.021,NA,NA,NA,0.013,0.026	0.058
3296	0,2,0,0,0	0,1,0,0,0	0,0,0,0,8,0,0,0,0,0,5,0,0,0,9,2	0,0,0,0,0,0,0,0,0,0,0,0,0,0,0,0	298	149	1	1.0	NA,0.5,NA,NA,NA	NA,NA,NA,NA,1.0,NA,NA,NA,NA,NA,1.0,NA,NA,NA,1.0,1.0	-0.5
3298	0,6,0,0,0	0,141,0,0,0	0,0,0,0,9,0,0,0,0,0,10,0,0,0,3,2	0,0,0,0,503,0,0,2,0,0,857,0,0,0,519,108	169	149	1	1.0	NA,0.036,NA,NA,NA	NA,NA,NA,NA,0.016,NA,NA,0.0,NA,NA,0.01,NA,NA,NA,0.005,0.016	0.027
3299	0,129,0,0,0	0,0,0,0,0	0,0,0,0,276,0,2,0,0,0,482,0,0,0,292,51	0,0,0,0,10,0,0,0,0,0,37,0,0,0,7,0	298	149	1	1.0	NA,1.0,NA,NA,NA	NA,NA,NA,NA,0.932,NA,1.0,NA,NA,NA,0.867,NA,NA,NA,0.954,1.0	0.049
3302	0,9,0,0,0	0,0,0,0,0	0,0,0,0,357,0,0,0,0,0,80,0,0,0,136,20	0,0,0,0,14,0,0,0,0,0,0,0,0,0,0,0	286	149	1	1.0	NA,1.0,NA,NA,NA	NA,NA,NA,NA,0.93,NA,NA,NA,NA,NA,1.0,NA,NA,NA,1.0,1.0	0.017
3303	0,27,0,0,0	0,16,0,0,2	0,0,0,0,128,0,0,0,0,0,58,0,0,0,22,4	0,0,0,0,156,0,0,0,0,0,67,0,0,0,45,3	176	149	1	1.0	NA,0.588,NA,NA,0.0	NA,NA,NA,NA,0.41,NA,NA,NA,NA,NA,0.423,NA,NA,NA,0.293,0.53	-0.12
3304	0,24,0,0,0	0,5,0,0,0	0,0,0,0,100,0,0,0,0,0,75,0,0,0,70,4	0,0,0,0,13,0,0,0,0,0,0,0,0,0,0,0	298	149	1	1.0	NA,0.706,NA,NA,NA	NA,NA,NA,NA,0.794,NA,NA,NA,NA,NA,1.0,NA,NA,NA,1.0,1.0	-0.243
3307	0,0,0,0,0	0,11,0,0,0	0,0,0,0,3,0,0,0,0,0,4,0,0,0,0,0	0,0,0,0,148,0,0,0,0,0,79,0,0,0,48,16	222	149	1	1.0	NA,0.0,NA,NA,NA	NA,NA,NA,NA,0.013,NA,NA,NA,NA,NA,0.033,NA,NA,NA,0.0,0.0	-0.011
3308	0,0,0,0,0	0,11,0,0,0	0,0,0,0,0,0,0,0,0,0,0,0,0,0,3,0	0,0,0,0,148,0,0,0,0,0,79,0,0,0,48,16	176	149	1	1.0	NA,0.0,NA,NA,NA	NA,NA,NA,NA,0.0,NA,NA,NA,NA,NA,0.0,NA,NA,NA,0.05,0.0	-0.013
3310	0,260,0,0,0	0,4,0,0,0	0,0,0,0,170,0,0,2,0,0,567,0,0,0,106,63	0,0,0,0,18,0,0,0,0,0,5,0,0,0,0,0	298	149	1	1.0	NA,0.97,NA,NA,NA	NA,NA,NA,NA,0.825,NA,NA,1.0,NA,NA,0.983,NA,NA,NA,1.0,1.0	0.008
3311	0,19,0,0,0	0,0,0,0,0	0,0,0,0,44,0,0,0,0,0,117,0,0,0,45,10	0,0,0,0,0,0,0,0,0,0,0,0,0,0,6,0	298	149	1	1.0	NA,1.0,NA,NA,NA	NA,NA,NA,NA,1.0,NA,NA,NA,NA,NA,1.0,NA,NA,NA,0.789,1.0	0.053
3312	0,0,2,0,0	0,7,0,0,0	0,0,0,0,48,0,0,0,0,0,60,0,0,0,66,13	0,0,0,0,55,0,0,0,0,0,83,0,0,0,33,6	298	149	1	1.0	NA,0.0,1.0,NA,NA	NA,NA,NA,NA,0.304,NA,NA,NA,NA,NA,0.265,NA,NA,NA,0.5,0.52	0.103
3313	0,1,0,0,0	0,0,0,0,0	0,0,0,0,0,0,0,0,0,0,0,0,0,0,0,0	0,0,0,0,12,0,0,0,0,0,2,0,0,0,0,0	189	149	1	1.0	NA,1.0,NA,NA,NA	NA,NA,NA,NA,0.0,NA,NA,NA,NA,NA,0.0,NA,NA,NA,NA,NA	1.0
3316	0,437,0,0,0	0,0,0,0,0	0,0,0,0,1438,0,0,3,0,2,1769,0,0,0,570,981	0,0,0,0,6,0,0,0,0,0,0,0,0,0,0,6	154	149	1	1.0	NA,1.0,NA,NA,NA	NA,NA,NA,NA,0.996,NA,NA,1.0,NA,1.0,1.0,NA,NA,NA,1.0,0.994	0.002
3317	0,14,0,0,0	0,1085,0,0,4	0,0,0,0,44,0,0,0,0,0,17,0,0,0,18,44	0,0,0,0,2531,0,0,4,0,0,2682,0,0,0,386,321	262	149	1	1.0	NA,0.007,NA,NA,0.0	NA,NA,NA,NA,0.01,NA,NA,0.0,NA,NA,0.004,NA,NA,NA,0.026,0.072	-0.019
3322	0,0,0,0,0	0,39,0,0,0	0,0,0,0,8,0,0,0,0,0,1,0,0,0,0,4	0,0,0,0,197,0,0,0,0,2,1383,0,0,0,7,64	221	149	1	1.0	NA,0.0,NA,NA,NA	NA,NA,NA,NA,0.027,NA,NA,NA,NA,0.0,0.0,NA,NA,NA,0.0,0.04	-0.013
3324	0,0,0,0,0	0,7,0,0,0	0,0,0,0,0,0,0,0,0,0,0,0,0,0,284,0	0,0,0,0,0,0,0,0,2,6,288,0,0,0,1225480,0	168	149	1	1.0	NA,0.0,NA,NA,NA	NA,NA,NA,NA,NA,NA,NA,NA,0.0,0.0,0.0,NA,NA,NA,0.0,NA	0.0
3325	0,8,0,0,0	0,0,0,0,0	0,0,0,0,97,0,0,0,0,0,22,0,0,0,139,23	0,0,0,0,0,0,0,0,0,0,0,0,0,0,24,4	298	149	1	1.0	NA,1.0,NA,NA,NA	NA,NA,NA,NA,1.0,NA,NA,NA,NA,NA,1.0,NA,NA,NA,0.743,0.742	0.129
3326	0,3,0,0,0	0,30,0,0,0	0,0,0,0,27,0,0,0,0,0,3,0,0,0,10,0	0,0,0,0,408,0,0,0,0,0,51,0,0,0,41,2	186	149	1	1.0	NA,0.074,NA,NA,NA	NA,NA,NA,NA,0.05,NA,NA,NA,NA,NA,0.045,NA,NA,NA,0.163,0.0	0.009
3327	0,2,3,0,0	0,0,0,0,0	0,0,0,0,4,0,0,0,0,0,5,0,0,0,2,43	0,0,0,0,0,0,0,0,0,0,0,0,0,0,8,0	154	149	1	1.0	NA,1.0,1.0,NA,NA	NA,NA,NA,NA,1.0,NA,NA,NA,NA,NA,1.0,NA,NA,NA,0.195,1.0	0.201
3329	0,6,0,0,0	0,40,0,0,0	0,0,0,0,29,0,0,0,0,0,7,0,0,0,25,20	0,0,0,0,163,0,0,0,0,0,149,0,0,0,8,36	287	149	1	1.0	NA,0.072,NA,NA,NA	NA,NA,NA,NA,0.085,NA,NA,NA,NA,NA,0.024,NA,NA,NA,0.619,0.224	-0.166
3331	0,50,2,0,4	0,0,0,0,0	0,0,0,0,491,6,0,0,0,2,297,0,0,0,184,24	0,0,0,0,0,0,0,0,0,0,0,0,0,0,10,0	298	149	1	1.0	NA,1.0,1.0,NA,1.0	NA,NA,NA,NA,1.0,1.0,NA,NA,NA,1.0,1.0,NA,NA,NA,0.902,1.0	0.016
3333	0,462,0,0,0	0,7,0,0,0	0,0,0,0,1263,0,0,0,0,0,1015,0,0,0,487,110	0,0,0,0,3,0,0,0,0,0,0,0,0,0,0,1	298	149	1	1.0	NA,0.971,NA,NA,NA	NA,NA,NA,NA,0.995,NA,NA,NA,NA,NA,1.0,NA,NA,NA,1.0,0.982	-0.023
3334	0,2,0,0,0	0,3,0,0,0	0,0,0,0,14,0,0,0,0,0,8,0,0,0,108,1	0,0,0,0,0,0,0,0,0,0,8,0,0,0,122,0	187	149	1	1.0	NA,0.347,NA,NA,NA	NA,NA,NA,NA,1.0,NA,NA,NA,NA,NA,0.443,NA,NA,NA,0.414,1.0	-0.367
3335	0,2,0,0,0	0,9,0,0,0	0,0,0,0,14,0,0,0,0,0,7,0,0,0,103,1	0,0,0,0,0,0,0,0,0,0,0,0,0,0,204,0	187	149	1	1.0	NA,0.15,NA,NA,NA	NA,NA,NA,NA,1.0,NA,NA,NA,NA,NA,1.0,NA,NA,NA,0.287,1.0	-0.672
3336	0,4,0,0,0	0,0,0,0,0	0,0,0,0,25,0,0,0,0,0,19,0,0,0,432,1	0,0,0,0,0,0,0,0,0,0,0,0,0,0,1,0	298	149	1	1.0	NA,1.0,NA,NA,NA	NA,NA,NA,NA,1.0,NA,NA,NA,NA,NA,1.0,NA,NA,NA,0.995,1.0	0.001
3338	0,587,0,0,0	0,3188,2,0,6	0,0,0,0,2156,0,0,0,2,0,1257,0,0,0,130,140	0,0,0,0,10551,2,2,4,32,6,5472,0,0,0,621,382	298	149	1	1.0	NA,0.084,0.0,NA,0.0	NA,NA,NA,NA,0.093,0.0,0.0,0.0,0.03,0.0,0.103,NA,NA,NA,0.095,0.155	-0.025
3339	0,16,0,0,0	0,0,0,0,0	0,0,0,0,168,0,0,0,0,0,6,0,0,0,7,3	0,0,0,0,11,0,0,0,0,0,15,0,0,0,0,0	298	149	1	1.0	NA,1.0,NA,NA,NA	NA,NA,NA,NA,0.884,NA,NA,NA,NA,NA,0.167,NA,NA,NA,1.0,1.0	0.237
3340	0,3,0,0,0	0,93,0,0,0	0,0,0,0,0,0,0,0,0,0,1,0,0,0,7,6	0,0,0,0,76,0,0,0,0,0,288,0,0,0,186,12	298	149	1	1.0	NA,0.016,NA,NA,NA	NA,NA,NA,NA,0.0,NA,NA,NA,NA,NA,0.002,NA,NA,NA,0.018,0.2	-0.039
3341	0,0,0,0,0	0,2670,2,0,2	0,0,0,0,0,0,0,0,0,0,3,0,0,0,2,1	0,0,0,0,1910,0,0,6,0,2,3894,0,0,0,4905,747	153	149	1	1.0	NA,0.0,0.0,NA,0.0	NA,NA,NA,NA,0.0,NA,NA,0.0,NA,0.0,0.001,NA,NA,NA,0.0,0.001	-0.0
3343	0,16,0,0,0	0,0,0,0,0	0,0,0,0,170,0,0,0,0,0,66,0,0,0,90,15	0,0,0,0,0,0,0,0,0,0,8,0,0,0,0,0	253	149	1	1.0	NA,1.0,NA,NA,NA	NA,NA,NA,NA,1.0,NA,NA,NA,NA,NA,0.829,NA,NA,NA,1.0,1.0	0.043
3345	0,1,2,0,0	0,0,0,0,0	0,0,0,0,107,2,2,2,0,0,36,0,0,0,120,14	0,0,0,0,18,0,0,0,0,0,21,0,0,0,65,7	254	149	1	1.0	NA,1.0,1.0,NA,NA	NA,NA,NA,NA,0.777,1.0,1.0,1.0,NA,NA,0.501,NA,NA,NA,0.52,0.54	0.237
3349	0,38,0,0,0	0,0,0,0,0	0,0,0,0,117,0,0,0,0,0,38,0,0,0,60,14	0,0,0,0,0,0,0,0,0,0,2,0,0,0,0,1	298	149	1	1.0	NA,1.0,NA,NA,NA	NA,NA,NA,NA,1.0,NA,NA,NA,NA,NA,0.905,NA,NA,NA,1.0,0.875	0.055
3350	0,29,0,0,0	0,0,0,0,0	0,0,0,0,68,0,0,0,0,0,72,0,0,0,38,28	0,0,0,0,22,0,0,0,0,0,1,0,0,0,0,0	256	149	1	1.0	NA,1.0,NA,NA,NA	NA,NA,NA,NA,0.643,NA,NA,NA,NA,NA,0.977,NA,NA,NA,1.0,1.0	0.095
3353	0,1,0,0,0	0,0,0,0,0	0,0,0,0,28,0,0,0,0,0,29,0,0,0,14,0	0,0,0,0,256,0,0,0,0,0,361,0,0,0,36,14	298	149	1	1.0	NA,1.0,NA,NA,NA	NA,NA,NA,NA,0.052,NA,NA,NA,NA,NA,0.039,NA,NA,NA,0.163,0.0	0.936
3354	0,0,0,0,0	0,9,0,0,0	0,0,0,0,17,0,0,0,0,0,12,0,0,0,0,3	0,0,0,0,262,0,0,0,0,0,511,0,0,0,5,12	228	149	1	1.0	NA,0.0,NA,NA,NA	NA,NA,NA,NA,0.041,NA,NA,NA,NA,NA,0.015,NA,NA,NA,0.0,0.14	-0.049
3355	0,6,0,0,0	0,0,0,0,0	0,0,0,0,0,0,0,0,0,0,16,0,0,0,0,0	0,0,0,0,110,0,0,0,0,0,235,0,0,0,4,17	195	149	1	1.0	NA,1.0,NA,NA,NA	NA,NA,NA,NA,0.0,NA,NA,NA,NA,NA,0.049,NA,NA,NA,0.0,0.0	0.988
3356	0,0,0,0,0	0,62,0,0,0	0,0,0,0,0,0,0,0,0,0,0,0,0,0,0,7	0,0,0,0,67,0,0,0,0,0,50,0,0,0,0,40	162	149	1	1.0	NA,0.0,NA,NA,NA	NA,NA,NA,NA,0.0,NA,NA,NA,NA,NA,0.0,NA,NA,NA,NA,0.139	-0.046
3357	0,37,0,0,0	0,23,0,0,0	0,0,0,0,0,0,0,0,0,0,8,0,0,0,90,0	0,0,0,0,0,0,0,0,0,0,0,0,0,0,22,0	249	149	1	1.0	NA,0.49,NA,NA,NA	NA,NA,NA,NA,NA,NA,NA,NA,NA,NA,1.0,NA,NA,NA,0.71,NA	-0.365
3358	0,0,0,0,0	0,12,0,0,0	0,0,0,0,2,0,0,0,0,0,1,0,0,0,0,0	0,0,0,0,91,0,0,0,0,0,19,0,0,0,0,0	298	149	1	1.0	NA,0.0,NA,NA,NA	NA,NA,NA,NA,0.011,NA,NA,NA,NA,NA,0.026,NA,NA,NA,NA,NA	-0.018
3361	0,1685,2,0,4	0,275,2,0,0	0,0,0,0,1570,2,0,8,0,4,1378,0,0,0,820,101	0,0,0,0,586,0,0,2,0,0,680,0,0,0,199,64	298	149	1	1.0	NA,0.754,0.333,NA,1.0	NA,NA,NA,NA,0.573,1.0,NA,0.667,NA,1.0,0.503,NA,NA,NA,0.673,0.441	0.002
3362	0,1949,4,0,4	0,0,0,0,0	0,0,0,0,2154,2,0,8,0,4,2196,0,0,0,1303,156	0,0,0,0,0,0,0,0,0,0,3,0,0,0,0,0	298	149	1	1.0	NA,1.0,1.0,NA,1.0	NA,NA,NA,NA,1.0,1.0,NA,1.0,NA,1.0,0.997,NA,NA,NA,1.0,1.0	0.0
3364	0,6,0,0,0	0,405,6,0,4	0,0,0,0,8,2,0,0,0,0,36,0,0,0,28,6	0,0,0,0,607,4,8,24,12,4,6195,0,0,0,1972,145	298	149	1	1.0	NA,0.007,0.0,NA,0.0	NA,NA,NA,NA,0.007,0.2,0.0,0.0,0.0,0.0,0.003,NA,NA,NA,0.007,0.02	-0.024
3365	0,5,0,0,0	0,501,0,0,6	0,0,0,0,41,0,0,0,0,0,152,0,0,0,4,7	0,0,0,0,576,0,2,4,2,4,6449,0,0,0,1431,420	298	149	1	1.0	NA,0.005,NA,NA,0.0	NA,NA,NA,NA,0.034,NA,0.0,0.0,0.0,0.0,0.012,NA,NA,NA,0.001,0.008	-0.004
3366	0,937,0,0,6	0,0,0,0,0	0,0,0,0,1114,0,0,10,4,6,11148,0,0,0,1550,521	0,0,0,0,0,0,0,0,0,0,1,0,0,0,0,0	224	149	1	1.0	NA,1.0,NA,NA,1.0	NA,NA,NA,NA,1.0,NA,NA,1.0,1.0,1.0,1.0,NA,NA,NA,1.0,1.0	0.0
3367	0,2,0,0,0	0,2,0,0,0	0,0,0,0,0,0,0,0,0,0,0,0,0,0,10,0	0,0,0,0,0,0,0,0,0,0,0,0,0,0,0,0	298	149	1	1.0	NA,0.333,NA,NA,NA	NA,NA,NA,NA,NA,NA,NA,NA,NA,NA,NA,NA,NA,NA,1.0,NA	-0.667
3368	0,351,0,0,0	0,0,0,0,0	0,0,0,0,314,0,0,0,0,0,123,0,0,0,243,18	0,0,0,0,0,0,0,0,0,0,6,0,0,0,6,0	194	149	1	1.0	NA,1.0,NA,NA,NA	NA,NA,NA,NA,1.0,NA,NA,NA,NA,NA,0.94,NA,NA,NA,0.969,1.0	0.023
3369	0,88,0,0,0	0,0,0,0,0	0,0,0,0,159,0,0,0,0,0,337,0,0,0,10,4	0,0,0,0,3,0,0,0,0,0,20,0,0,0,28,1	298	149	1	1.0	NA,1.0,NA,NA,NA	NA,NA,NA,NA,0.964,NA,NA,NA,NA,NA,0.894,NA,NA,NA,0.152,0.667	0.331
3370	0,79,0,0,0	0,0,0,0,0	0,0,0,0,147,0,0,0,0,0,329,0,0,0,9,3	0,0,0,0,0,0,0,0,0,0,9,0,0,0,13,0	298	149	1	1.0	NA,1.0,NA,NA,NA	NA,NA,NA,NA,1.0,NA,NA,NA,NA,NA,0.948,NA,NA,NA,0.257,1.0	0.199
3372	0,0,0,0,0	0,131,0,0,0	0,0,0,0,0,0,0,0,0,0,6,0,0,0,5,0	0,0,0,0,570,0,0,0,0,0,357,0,0,0,57,26	226	149	1	1.0	NA,0.0,NA,NA,NA	NA,NA,NA,NA,0.0,NA,NA,NA,NA,NA,0.011,NA,NA,NA,0.055,0.0	-0.017
3373	0,0,0,0,0	0,1,0,0,0	0,0,0,0,0,0,0,0,0,0,3,0,0,0,5,0	0,0,0,0,0,0,0,0,0,0,2,0,0,0,0,0	226	149	1	1.0	NA,0.0,NA,NA,NA	NA,NA,NA,NA,NA,NA,NA,NA,NA,NA,0.497,NA,NA,NA,1.0,NA	-0.748
3376	0,2688,0,0,0	0,31,0,0,0	0,0,0,0,42,0,0,0,0,2,90,0,0,0,8,30	0,0,0,0,1,0,0,0,0,0,0,0,0,0,0,0	298	149	1	1.0	NA,0.977,NA,NA,NA	NA,NA,NA,NA,0.955,NA,NA,NA,NA,1.0,1.0,NA,NA,NA,1.0,1.0	-0.014
3377	0,2090,0,0,0	0,1381,0,0,0	0,0,0,0,20,0,0,0,0,0,104,0,0,0,3,27	0,0,0,0,16,0,0,2,0,0,22,0,0,0,2,20	153	149	1	1.0	NA,0.596,NA,NA,NA	NA,NA,NA,NA,0.549,NA,NA,0.0,NA,NA,0.822,NA,NA,NA,0.594,0.568	0.089
3382	0,6,0,0,0	0,2,0,0,0	0,0,0,0,14,0,0,0,0,0,0,0,0,0,0,0	0,0,0,0,97,0,0,0,0,0,127,0,0,0,237,9	254	149	1	1.0	NA,0.638,NA,NA,NA	NA,NA,NA,NA,0.078,NA,NA,NA,NA,NA,0.0,NA,NA,NA,0.0,0.0	0.619
3383	0,0,0,0,0	0,30,0,0,0	0,0,0,0,0,0,0,0,0,0,0,0,0,0,0,9	0,0,0,0,64,4,0,0,0,0,34,0,0,0,68,6	185	149	1	1.0	NA,0.0,NA,NA,NA	NA,NA,NA,NA,0.0,0.0,NA,NA,NA,NA,0.0,NA,NA,NA,0.0,0.547	-0.109
3384	0,0,0,0,0	0,3,0,0,0	0,0,0,0,10,0,0,0,0,0,0,0,0,0,0,0	0,0,0,0,30,0,0,0,0,0,64,0,0,0,3,15	183	149	1	1.0	NA,0.0,NA,NA,NA	NA,NA,NA,NA,0.213,NA,NA,NA,NA,NA,0.0,NA,NA,NA,0.0,0.0	-0.053
3385	0,33,0,0,0	0,3,0,0,0	0,0,0,0,39,0,0,0,0,0,26,0,0,0,10,4	0,0,0,0,0,0,0,0,0,0,0,0,0,0,0,1	252	149	1	1.0	NA,0.867,NA,NA,NA	NA,NA,NA,NA,1.0,NA,NA,NA,NA,NA,1.0,NA,NA,NA,1.0,0.703	-0.059
3387	0,5,0,0,0	0,2,0,0,0	0,0,0,0,65,0,0,0,0,0,92,0,0,0,71,21	0,0,0,0,67,0,0,0,0,0,25,0,0,0,29,11	161	149	1	1.0	NA,0.698,NA,NA,NA	NA,NA,NA,NA,0.473,NA,NA,NA,NA,NA,0.773,NA,NA,NA,0.694,0.639	0.053
3390	0,200,0,0,0	0,3,0,0,0	0,0,0,0,1215,4,0,6,2,2,2790,0,0,0,2186,218	0,0,0,0,0,0,0,0,0,0,1,0,0,0,4,2	211	149	1	1.0	NA,0.979,NA,NA,NA	NA,NA,NA,NA,1.0,1.0,NA,1.0,1.0,1.0,0.999,NA,NA,NA,0.997,0.987	-0.019
3392	0,151,4,0,2	0,0,0,0,0	0,0,0,0,688,0,0,0,2,0,1513,0,0,0,1069,317	0,0,0,0,0,0,0,0,0,0,7,0,0,0,0,1	298	149	1	1.0	NA,1.0,1.0,NA,1.0	NA,NA,NA,NA,1.0,NA,NA,NA,1.0,NA,0.991,NA,NA,NA,1.0,0.994	0.003
3393	0,867,0,0,6	0,107,0,0,0	0,0,0,0,2302,0,0,4,4,0,3840,0,0,0,2372,627	0,0,0,0,281,2,0,0,0,0,620,0,0,0,279,45	194	149	1	1.0	NA,0.862,NA,NA,1.0	NA,NA,NA,NA,0.863,0.0,NA,1.0,1.0,NA,0.826,NA,NA,NA,0.867,0.915	0.149
3394	0,736,0,0,0	0,268,2,0,4	0,0,0,0,1265,0,2,3,0,4,2179,0,0,0,1123,130	0,0,0,0,620,0,0,0,0,0,1237,0,0,0,859,108	298	149	1	1.0	NA,0.579,0.0,NA,0.0	NA,NA,NA,NA,0.505,NA,1.0,1.0,NA,1.0,0.468,NA,NA,NA,0.395,0.376	-0.485
3395	0,375,0,0,0	0,32,0,0,0	0,0,0,0,183,0,0,1,0,0,215,0,0,0,91,30	0,0,0,0,34,0,0,0,0,0,44,0,0,0,7,2	194	149	1	1.0	NA,0.9,NA,NA,NA	NA,NA,NA,NA,0.805,NA,NA,1.0,NA,NA,0.79,NA,NA,NA,0.909,0.92	0.015
3396	0,347,0,0,0	0,0,0,0,0	0,0,0,0,1451,2,0,0,0,0,2917,0,0,0,373,39	0,0,0,0,0,0,0,0,0,0,68,0,0,0,3,0	298	149	1	1.0	NA,1.0,NA,NA,NA	NA,NA,NA,NA,1.0,1.0,NA,NA,NA,NA,0.955,NA,NA,NA,0.984,1.0	0.012
3397	0,112,0,0,0	0,26,0,0,0	0,0,0,0,494,0,0,2,0,0,1145,0,0,0,9,4	0,0,0,0,60,0,0,0,0,0,284,0,0,0,2,0	205	149	1	1.0	NA,0.758,NA,NA,NA	NA,NA,NA,NA,0.857,NA,NA,1.0,NA,NA,0.746,NA,NA,NA,0.766,1.0	-0.116
3399	0,11,0,0,0	0,3,0,0,0	0,0,0,0,58,0,0,0,2,0,78,0,0,0,0,14	0,0,0,0,11,0,0,0,0,0,12,0,0,0,0,0	222	149	1	1.0	NA,0.711,NA,NA,NA	NA,NA,NA,NA,0.78,NA,NA,NA,1.0,NA,0.814,NA,NA,NA,NA,1.0	-0.188
3402	0,8,0,0,0	0,0,0,0,0	0,0,0,0,46,0,0,0,4,0,9,0,0,0,27,7	0,0,0,0,0,0,0,0,0,0,0,0,0,0,0,1	298	149	1	1.0	NA,1.0,NA,NA,NA	NA,NA,NA,NA,1.0,NA,NA,NA,1.0,NA,1.0,NA,NA,NA,1.0,0.778	0.044
3403	0,6,0,0,0	0,0,0,0,0	0,0,0,0,22,0,0,0,2,0,8,0,0,0,19,7	0,0,0,0,0,0,0,0,0,0,0,0,0,0,0,1	298	149	1	1.0	NA,1.0,NA,NA,NA	NA,NA,NA,NA,1.0,NA,NA,NA,1.0,NA,1.0,NA,NA,NA,1.0,0.778	0.044
3404	0,5,0,0,0	0,7,0,0,0	0,0,0,0,8,0,0,0,0,0,0,0,0,0,4,0	0,0,0,0,24,0,0,0,2,0,1,0,0,0,8,0	298	149	1	1.0	NA,0.263,NA,NA,NA	NA,NA,NA,NA,0.143,NA,NA,NA,0.0,NA,0.0,NA,NA,NA,0.2,NA	0.177
3405	0,0,0,0,0	0,1,0,0,0	0,0,0,0,6,0,0,0,0,0,5,0,0,0,0,5	0,0,0,0,11,0,0,0,0,0,9,0,0,0,2,0	298	149	1	1.0	NA,0.0,NA,NA,NA	NA,NA,NA,NA,0.214,NA,NA,NA,NA,NA,0.217,NA,NA,NA,0.0,1.0	-0.358
3406	0,19,0,0,0	0,0,0,0,0	0,0,0,0,5,0,0,0,0,0,10,0,0,0,23,2	0,0,0,0,16,0,0,0,0,0,1,0,0,0,0,0	164	149	1	1.0	NA,1.0,NA,NA,NA	NA,NA,NA,NA,0.221,NA,NA,NA,NA,NA,0.901,NA,NA,NA,1.0,1.0	0.22
3411	0,1,0,0,0	0,46,2,0,0	0,0,0,0,0,0,0,0,0,0,4,0,0,0,10,0	0,0,0,0,122,0,0,0,0,0,151,0,0,0,217,17	165	149	1	1.0	NA,0.019,0.0,NA,NA	NA,NA,NA,NA,0.0,NA,NA,NA,NA,NA,0.023,NA,NA,NA,0.04,0.0	-0.006
3414	0,105,0,0,0	0,124,0,0,0	0,0,0,0,491,0,0,0,0,2,411,0,0,0,79,36	0,0,0,0,445,0,0,0,2,0,1044,0,0,0,663,264	298	149	1	1.0	NA,0.297,NA,NA,NA	NA,NA,NA,NA,0.356,NA,NA,NA,0.0,1.0,0.164,NA,NA,NA,0.056,0.064	0.024
3415	0,28,0,0,0	0,124,0,0,0	0,0,0,0,135,0,0,0,0,2,123,0,0,0,39,1	0,0,0,0,445,0,0,0,2,0,1044,0,0,0,663,264	298	149	1	1.0	NA,0.101,NA,NA,NA	NA,NA,NA,NA,0.132,NA,NA,NA,0.0,1.0,0.056,NA,NA,NA,0.029,0.002	-0.102
3416	0,28,0,0,0	0,124,0,0,0	0,0,0,0,135,0,0,0,0,0,102,0,0,0,15,1	0,0,0,0,445,0,0,0,2,0,1044,0,0,0,663,264	298	149	1	1.0	NA,0.101,NA,NA,NA	NA,NA,NA,NA,0.132,NA,NA,NA,0.0,NA,0.047,NA,NA,NA,0.011,0.002	0.063
3417	0,8,0,0,0	0,0,0,0,0	0,0,0,0,31,0,0,0,0,0,40,0,0,0,6,0	0,0,0,0,0,0,0,0,0,2,36,0,0,0,30,0	184	149	1	1.0	NA,1.0,NA,NA,NA	NA,NA,NA,NA,1.0,NA,NA,NA,NA,0.0,0.474,NA,NA,NA,0.139,NA	0.597
3418	0,97,0,0,0	0,0,0,0,0	0,0,0,0,408,0,0,0,0,2,406,0,0,0,77,46	0,0,0,0,0,0,0,0,0,2,36,0,0,0,30,0	247	149	1	1.0	NA,1.0,NA,NA,NA	NA,NA,NA,NA,1.0,NA,NA,NA,NA,0.376,0.872,NA,NA,NA,0.608,1.0	0.229
3419	0,89,0,0,0	0,0,0,0,0	0,0,0,0,377,0,0,0,0,2,381,0,0,0,77,46	0,0,0,0,0,0,0,0,0,0,15,0,0,0,6,0	212	149	1	1.0	NA,1.0,NA,NA,NA	NA,NA,NA,NA,1.0,NA,NA,NA,NA,1.0,0.947,NA,NA,NA,0.9,1.0	0.031
3420	0,0,0,0,0	0,193,4,0,0	0,0,0,0,0,0,0,0,0,0,7,0,0,0,19,0	0,0,0,0,834,8,0,0,2,4,1498,0,0,0,891,309	228	149	1	1.0	NA,0.0,0.0,NA,NA	NA,NA,NA,NA,0.0,0.0,NA,NA,0.0,0.0,0.003,NA,NA,NA,0.014,0.0	-0.002
3421	0,0,0,0,0	0,8,0,0,0	0,0,0,0,0,0,0,0,0,0,2,0,0,0,0,0	0,0,0,0,0,0,0,0,0,0,0,0,0,0,0,0	152	149	1	1.0	NA,0.0,NA,NA,NA	NA,NA,NA,NA,NA,NA,NA,NA,NA,NA,1.0,NA,NA,NA,NA,NA	-1.0
3422	0,0,0,0,0	0,21,2,0,0	0,0,0,0,0,0,0,0,0,0,3,0,0,0,20,1	0,0,0,0,10,0,0,0,0,0,52,0,0,0,12,5	298	149	1	1.0	NA,0.0,0.0,NA,NA	NA,NA,NA,NA,0.0,NA,NA,NA,NA,NA,0.028,NA,NA,NA,0.455,0.091	-0.144
3423	0,0,0,0,0	0,23,0,0,0	0,0,0,0,18,0,0,0,0,0,1,0,0,0,27,0	0,0,0,0,56,0,0,0,0,0,32,0,0,0,70,3	298	149	1	1.0	NA,0.0,NA,NA,NA	NA,NA,NA,NA,0.138,NA,NA,NA,NA,NA,0.015,NA,NA,NA,0.162,0.0	-0.079
3424	0,15,0,0,0	0,18,0,0,0	0,0,0,0,24,0,0,0,0,0,55,0,0,0,0,25	0,0,0,0,12,0,0,0,0,0,18,0,0,0,3,1	214	149	1	1.0	NA,0.367,NA,NA,NA	NA,NA,NA,NA,0.582,NA,NA,NA,NA,NA,0.68,NA,NA,NA,0.0,0.946	-0.185
3425	0,72,0,0,0	0,3,0,0,0	0,0,0,0,144,0,0,4,0,0,366,0,0,0,157,46	0,0,0,0,47,0,0,0,0,0,20,0,0,0,0,1	298	149	1	1.0	NA,0.923,NA,NA,NA	NA,NA,NA,NA,0.605,NA,NA,1.0,NA,NA,0.901,NA,NA,NA,1.0,0.958	0.03
3426	0,383,0,0,2	0,71,0,0,0	0,0,0,0,846,0,0,4,0,0,1590,0,0,0,616,151	0,0,0,0,135,0,0,4,0,0,363,0,0,0,157,42	155	149	1	1.0	NA,0.838,NA,NA,1.0	NA,NA,NA,NA,0.858,NA,NA,0.49,NA,NA,0.808,NA,NA,NA,0.79,0.776	0.175
3427	0,0,0,0,0	0,22,0,0,0	0,0,0,0,0,0,0,0,0,0,5,0,0,0,0,0	0,0,0,0,6,0,0,0,0,0,0,0,0,0,0,2	150	149	1	1.0	NA,0.0,NA,NA,NA	NA,NA,NA,NA,0.0,NA,NA,NA,NA,NA,1.0,NA,NA,NA,NA,0.0	-0.333
3428	0,0,0,0,0	0,20,0,0,0	0,0,0,0,0,0,0,0,0,0,24,0,0,0,0,0	0,0,0,0,10,0,0,0,0,0,0,0,0,0,0,2	150	149	1	1.0	NA,0.0,NA,NA,NA	NA,NA,NA,NA,0.0,NA,NA,NA,NA,NA,1.0,NA,NA,NA,NA,0.0	-0.333
3430	0,4,0,0,0	0,0,0,0,0	0,0,0,0,0,0,0,0,0,0,10,0,0,0,55,0	0,0,0,0,0,0,0,0,0,0,1,0,0,0,0,0	260	149	1	1.0	NA,1.0,NA,NA,NA	NA,NA,NA,NA,NA,NA,NA,NA,NA,NA,0.851,NA,NA,NA,1.0,NA	0.075
3433	0,100,0,0,0	0,0,0,0,0	0,0,0,0,178,0,0,0,0,0,618,0,0,0,225,13	0,0,0,0,0,0,0,0,0,0,1,0,0,0,6,0	197	149	1	1.0	NA,1.0,NA,NA,NA	NA,NA,NA,NA,1.0,NA,NA,NA,NA,NA,0.998,NA,NA,NA,0.966,1.0	0.009
3434	0,772,2,0,2	0,6,0,0,0	0,0,0,0,3372,2,0,2,0,0,3067,0,0,0,402,24	0,0,0,0,5,0,0,0,0,0,5,0,0,0,0,0	298	149	1	1.0	NA,0.985,1.0,NA,1.0	NA,NA,NA,NA,0.997,1.0,NA,1.0,NA,NA,0.997,NA,NA,NA,1.0,1.0	-0.004
3438	0,1,0,0,0	0,10,0,0,0	0,0,0,0,51,0,0,0,0,0,13,0,0,0,11,0	0,0,0,0,104,0,0,0,0,0,111,0,0,0,117,33	165	149	1	1.0	NA,0.083,NA,NA,NA	NA,NA,NA,NA,0.307,NA,NA,NA,NA,NA,0.096,NA,NA,NA,0.078,0.0	-0.037
3440	0,5,0,0,0	0,7,0,0,0	0,0,0,0,63,0,0,0,0,0,40,0,0,0,14,3	0,0,0,0,30,0,0,0,0,0,15,0,0,0,0,0	161	149	1	1.0	NA,0.398,NA,NA,NA	NA,NA,NA,NA,0.66,NA,NA,NA,NA,NA,0.712,NA,NA,NA,1.0,1.0	-0.445
3443	0,35,0,0,0	0,3319,4,0,2	0,0,0,0,0,0,0,0,0,0,8,0,0,0,17,0	0,0,0,0,1247,2,0,11,0,4,1653,0,0,0,1289,147	156	149	1	1.0	NA,0.01,0.0,NA,0.0	NA,NA,NA,NA,0.0,0.0,NA,0.0,NA,0.0,0.005,NA,NA,NA,0.012,0.0	0.001
3459	0,72,0,0,0	0,3,0,0,0	0,0,0,0,129,0,0,0,0,0,73,0,0,0,18,7	0,0,0,0,6,0,0,0,0,0,22,0,0,0,6,0	208	149	1	1.0	NA,0.945,NA,NA,NA	NA,NA,NA,NA,0.939,NA,NA,NA,NA,NA,0.704,NA,NA,NA,0.682,1.0	0.114
3465	0,10,0,0,0	0,154,0,0,2	0,0,0,0,3,2,0,0,0,0,1,0,0,0,14,19	0,0,0,0,378,2,2,0,0,0,334,0,0,0,196,116	259	149	1	1.0	NA,0.036,NA,NA,0.0	NA,NA,NA,NA,0.005,0.365,0.0,NA,NA,NA,0.002,NA,NA,NA,0.039,0.086	-0.065
3466	0,10,0,0,0	0,209,0,0,0	0,0,0,0,0,0,0,0,0,0,14,0,0,0,0,15	0,0,0,0,224,0,0,0,0,0,355,0,0,0,101,6	298	149	1	1.0	NA,0.023,NA,NA,NA	NA,NA,NA,NA,0.0,NA,NA,NA,NA,NA,0.019,NA,NA,NA,0.0,0.556	-0.121
3469	0,159,0,0,0	0,0,0,0,0	0,0,0,0,209,0,0,0,0,0,141,0,0,0,1,10	0,0,0,0,1,0,0,0,0,0,11,0,0,0,2,8	298	149	1	1.0	NA,1.0,NA,NA,NA	NA,NA,NA,NA,0.991,NA,NA,NA,NA,NA,0.865,NA,NA,NA,0.2,0.385	0.39
3470	0,11,0,0,0	0,12,0,0,0	0,0,0,0,12,0,0,0,2,0,40,0,0,0,21,13	0,0,0,0,0,0,0,0,0,0,6,0,0,0,0,0	165	149	1	1.0	NA,0.453,NA,NA,NA	NA,NA,NA,NA,1.0,NA,NA,NA,1.0,NA,0.858,NA,NA,NA,1.0,1.0	-0.519
3471	0,4,0,0,0	0,0,0,0,0	0,0,0,0,0,0,0,0,0,0,9,0,0,0,18,4	0,0,0,0,0,0,0,0,0,0,0,0,0,0,0,1	298	149	1	1.0	NA,1.0,NA,NA,NA	NA,NA,NA,NA,NA,NA,NA,NA,NA,NA,1.0,NA,NA,NA,1.0,0.667	0.111
3472	0,4,0,0,0	0,0,0,0,0	0,0,0,0,0,0,0,0,0,0,16,0,0,0,23,10	0,0,0,0,0,0,0,0,0,0,0,0,0,0,3,0	298	149	1	1.0	NA,1.0,NA,NA,NA	NA,NA,NA,NA,NA,NA,NA,NA,NA,NA,1.0,NA,NA,NA,0.793,1.0	0.069
3478	0,0,0,0,0	0,28,0,0,0	0,0,0,0,168,0,0,0,0,0,10,0,0,0,2,0	0,0,0,0,638,0,0,0,0,0,77,0,0,0,14,5	258	149	1	1.0	NA,0.0,NA,NA,NA	NA,NA,NA,NA,0.132,NA,NA,NA,NA,NA,0.07,NA,NA,NA,0.076,0.0	-0.07
3479	0,2,0,0,0	0,0,0,0,0	0,0,0,0,23,0,0,0,0,0,11,0,0,0,10,15	0,0,0,0,0,0,0,0,0,0,24,0,0,0,15,3	264	149	1	1.0	NA,1.0,NA,NA,NA	NA,NA,NA,NA,1.0,NA,NA,NA,NA,NA,0.206,NA,NA,NA,0.273,0.738	0.446
3483	0,0,0,0,0	0,4,0,0,0	0,0,0,0,10,0,0,0,0,0,0,0,0,0,0,0	0,0,0,0,48,0,0,0,0,0,21,0,0,0,0,0	205	149	1	1.0	NA,0.0,NA,NA,NA	NA,NA,NA,NA,0.132,NA,NA,NA,NA,NA,0.0,NA,NA,NA,NA,NA	-0.066
3492	0,96,0,0,0	0,2,0,0,0	0,0,0,0,415,0,0,1,0,0,545,0,0,0,92,10	0,0,0,0,0,0,0,0,0,0,0,0,0,0,0,0	233	149	1	1.0	NA,0.968,NA,NA,NA	NA,NA,NA,NA,1.0,NA,NA,1.0,NA,NA,1.0,NA,NA,NA,1.0,1.0	-0.032
3493	0,695,0,0,2	0,2,0,0,0	0,0,0,0,771,4,0,0,0,6,2497,0,0,0,232,36	0,0,0,0,15,0,0,0,0,0,0,0,0,0,0,0	298	149	1	1.0	NA,0.994,NA,NA,1.0	NA,NA,NA,NA,0.963,1.0,NA,NA,NA,1.0,1.0,NA,NA,NA,1.0,1.0	0.003
3496	0,50,0,0,0	0,2,0,0,0	0,0,0,0,114,0,0,0,0,0,493,0,0,0,5,19	0,0,0,0,15,0,0,0,0,0,20,0,0,0,9,1	267	149	1	1.0	NA,0.933,NA,NA,NA	NA,NA,NA,NA,0.809,NA,NA,NA,NA,NA,0.932,NA,NA,NA,0.237,0.914	0.21
3497	0,44,0,0,0	0,207,0,0,0	0,0,0,0,65,0,0,0,0,0,20,0,0,0,12,10	0,0,0,0,597,0,0,0,0,0,879,0,0,0,36,11	298	149	1	1.0	NA,0.096,NA,NA,NA	NA,NA,NA,NA,0.052,NA,NA,NA,NA,NA,0.011,NA,NA,NA,0.143,0.312	-0.034
3498	0,283,0,0,0	0,0,0,0,0	0,0,0,0,683,0,0,0,0,0,1042,0,0,0,154,39	0,0,0,0,12,0,0,0,0,0,0,0,0,0,0,0	176	149	1	1.0	NA,1.0,NA,NA,NA	NA,NA,NA,NA,0.98,NA,NA,NA,NA,NA,1.0,NA,NA,NA,1.0,1.0	0.005
3499	0,0,0,0,0	0,223,0,0,0	0,0,0,0,10,0,0,0,0,0,2,0,0,0,14,2	0,0,0,0,732,0,0,0,2,0,1161,0,0,0,153,27	254	149	1	1.0	NA,0.0,NA,NA,NA	NA,NA,NA,NA,0.008,NA,NA,NA,0.0,NA,0.001,NA,NA,NA,0.051,0.042	-0.02
3515	0,117,0,0,0	0,14387,24,0,16	0,0,0,0,389,0,0,0,0,0,272,0,0,0,259,48	0,0,0,0,19527,16,24,60,14,20,17533,0,0,0,19597,1053	265	149	1	1.0	NA,0.005,0.0,NA,0.0	NA,NA,NA,NA,0.011,0.0,0.0,0.0,0.0,0.0,0.009,NA,NA,NA,0.007,0.025	-0.004
3516	0,14398,24,0,16	0,20,0,0,0	0,0,0,0,19608,16,24,60,14,20,17601,0,0,0,19606,1075	0,0,0,0,33,0,0,0,0,0,27,0,0,0,8,4	298	149	1	1.0	NA,0.997,1.0,NA,1.0	NA,NA,NA,NA,0.997,1.0,1.0,1.0,1.0,1.0,0.997,NA,NA,NA,0.999,0.993	0.001
3517	0,23,0,0,0	0,113,0,0,0	0,0,0,0,43,0,0,0,0,0,0,0,0,0,4,1	0,0,0,0,168,0,0,0,0,0,106,0,0,0,34,29	215	149	1	1.0	NA,0.124,NA,NA,NA	NA,NA,NA,NA,0.151,NA,NA,NA,NA,NA,0.0,NA,NA,NA,0.075,0.023	0.062
3519	0,0,0,0,0	0,2,0,0,0	0,0,0,0,57,0,0,0,0,0,43,0,0,0,4,0	0,0,0,0,14,0,0,0,0,0,44,0,0,0,18,1	169	149	1	1.0	NA,0.0,NA,NA,NA	NA,NA,NA,NA,0.782,NA,NA,NA,NA,NA,0.463,NA,NA,NA,0.164,0.0	-0.352
3520	0,18,0,0,0	0,12,0,0,0	0,0,0,0,111,0,0,0,0,0,168,0,0,0,4,13	0,0,0,0,52,0,0,0,0,0,88,0,0,0,27,2	298	149	1	1.0	NA,0.429,NA,NA,NA	NA,NA,NA,NA,0.516,NA,NA,NA,NA,NA,0.488,NA,NA,NA,0.069,0.765	-0.031
3521	0,20,0,0,0	0,12,0,0,0	0,0,0,0,71,0,0,0,0,0,176,0,0,0,18,14	0,0,0,0,52,0,0,0,0,0,88,0,0,0,27,2	289	149	1	1.0	NA,0.462,NA,NA,NA	NA,NA,NA,NA,0.413,NA,NA,NA,NA,NA,0.508,NA,NA,NA,0.256,0.783	-0.028
3522	0,18,0,0,0	0,6,0,0,0	0,0,0,0,77,0,0,0,0,0,139,0,0,0,7,13	0,0,0,0,0,0,0,0,0,0,6,0,0,0,6,0	298	149	1	1.0	NA,0.6,NA,NA,NA	NA,NA,NA,NA,1.0,NA,NA,NA,NA,NA,0.921,NA,NA,NA,0.368,1.0	-0.222
3523	0,393,0,0,2	0,22,0,0,0	0,0,0,0,198,0,0,2,0,0,311,0,0,0,171,9	0,0,0,0,0,0,0,0,0,0,12,0,0,0,6,0	154	149	1	1.0	NA,0.945,NA,NA,1.0	NA,NA,NA,NA,1.0,NA,NA,1.0,NA,NA,0.962,NA,NA,NA,0.965,1.0	-0.013
3524	0,0,0,0,0	0,105,0,0,0	0,0,0,0,0,0,0,0,0,0,0,0,0,0,3,0	0,0,0,0,189,0,0,1,0,0,473,0,0,0,43,10	187	149	1	1.0	NA,0.0,NA,NA,NA	NA,NA,NA,NA,0.0,NA,NA,0.0,NA,NA,0.0,NA,NA,NA,0.053,0.0	-0.011
3525	0,93,0,0,2	0,25,0,0,0	0,0,0,0,268,0,0,0,0,0,671,0,0,0,122,18	0,0,0,0,45,0,0,0,0,0,6,0,0,0,0,12	159	149	1	1.0	NA,0.777,NA,NA,1.0	NA,NA,NA,NA,0.848,NA,NA,NA,NA,NA,0.991,NA,NA,NA,1.0,0.584	0.033
3530	0,0,0,0,0	0,4,0,0,0	0,0,0,0,25,0,0,0,0,0,14,0,0,0,0,13	0,0,0,0,307,0,0,0,0,2,234,0,0,0,976,225	298	149	1	1.0	NA,0.0,NA,NA,NA	NA,NA,NA,NA,0.039,NA,NA,NA,NA,0.0,0.029,NA,NA,NA,0.0,0.028	-0.019
3535	0,0,0,0,0	0,1,0,0,0	0,0,0,0,0,0,0,0,0,0,0,0,0,0,2,0	0,0,0,0,0,0,0,0,0,0,27,0,0,0,0,6	153	149	1	1.0	NA,0.0,NA,NA,NA	NA,NA,NA,NA,NA,NA,NA,NA,NA,NA,0.0,NA,NA,NA,1.0,0.0	-0.333
3537	0,0,0,0,0	0,479,0,0,0	0,0,0,0,0,0,0,0,0,0,3,0,0,0,1,3	0,0,0,0,261,0,0,0,6,2,799,0,0,0,257,353	153	149	1	1.0	NA,0.0,NA,NA,NA	NA,NA,NA,NA,0.0,NA,NA,NA,0.0,0.0,0.004,NA,NA,NA,0.004,0.008	-0.003
3542	0,16,0,0,0	0,0,0,0,0	0,0,0,0,299,0,0,0,0,0,65,0,0,0,415,71	0,0,0,0,0,0,0,0,0,0,0,0,0,0,0,2	256	149	1	1.0	NA,1.0,NA,NA,NA	NA,NA,NA,NA,1.0,NA,NA,NA,NA,NA,1.0,NA,NA,NA,1.0,0.954	0.012
3544	0,0,0,0,0	0,8,0,0,0	0,0,0,0,20,0,0,0,0,0,4,0,0,0,15,9	0,0,0,0,88,0,0,0,2,0,29,0,0,0,147,20	298	149	1	1.0	NA,0.0,NA,NA,NA	NA,NA,NA,NA,0.102,NA,NA,NA,0.0,NA,0.065,NA,NA,NA,0.049,0.184	-0.08
3546	0,7,0,0,0	0,0,0,0,0	0,0,0,0,69,0,0,0,0,0,26,0,0,0,28,2	0,0,0,0,0,0,0,0,0,0,1,0,0,0,0,0	298	149	1	1.0	NA,1.0,NA,NA,NA	NA,NA,NA,NA,1.0,NA,NA,NA,NA,NA,0.929,NA,NA,NA,1.0,1.0	0.018
3550	0,19,0,0,0	0,1,0,0,0	0,0,0,0,57,0,0,0,0,0,16,0,0,0,0,0	0,0,0,0,0,0,0,0,0,0,0,0,0,0,0,0	298	149	1	1.0	NA,0.905,NA,NA,NA	NA,NA,NA,NA,1.0,NA,NA,NA,NA,NA,1.0,NA,NA,NA,NA,NA	-0.095
3551	0,138,0,0,0	0,0,0,0,0	0,0,0,0,295,0,0,0,0,0,396,0,0,0,47,15	0,0,0,0,0,0,0,0,0,0,6,0,0,0,1,0	298	149	1	1.0	NA,1.0,NA,NA,NA	NA,NA,NA,NA,1.0,NA,NA,NA,NA,NA,0.971,NA,NA,NA,0.959,1.0	0.017
3552	0,55,0,0,0	0,114,0,0,0	0,0,0,0,59,0,0,0,0,0,16,0,0,0,33,28	0,0,0,0,246,0,0,0,0,2,330,0,0,0,116,78	236	149	1	1.0	NA,0.233,NA,NA,NA	NA,NA,NA,NA,0.132,NA,NA,NA,NA,0.0,0.03,NA,NA,NA,0.152,0.185	0.133
3553	0,2,0,0,0	0,0,0,0,0	0,0,0,0,75,0,0,0,0,0,73,0,0,0,157,25	0,0,0,0,0,0,0,0,0,0,3,0,0,0,1,2	298	149	1	1.0	NA,1.0,NA,NA,NA	NA,NA,NA,NA,1.0,NA,NA,NA,NA,NA,0.924,NA,NA,NA,0.987,0.862	0.057
3556	0,23,0,0,0	0,0,0,0,0	0,0,0,0,76,0,0,0,0,0,17,0,0,0,18,17	0,0,0,0,0,0,0,0,0,0,0,0,0,0,0,2	298	149	1	1.0	NA,1.0,NA,NA,NA	NA,NA,NA,NA,1.0,NA,NA,NA,NA,NA,1.0,NA,NA,NA,1.0,0.81	0.047
3557	0,12,0,0,6	0,0,0,0,0	0,0,0,0,153,0,0,0,0,0,65,0,0,0,104,35	0,0,0,0,0,0,0,0,0,0,3,0,0,0,0,0	275	149	1	1.0	NA,1.0,NA,NA,1.0	NA,NA,NA,NA,1.0,NA,NA,NA,NA,NA,0.922,NA,NA,NA,1.0,1.0	0.019
3560	0,0,0,0,0	0,37,0,0,0	0,0,0,0,80,0,0,0,0,0,41,0,0,0,0,0	0,0,0,0,711,0,0,0,0,0,272,0,0,0,0,10	161	149	1	1.0	NA,0.0,NA,NA,NA	NA,NA,NA,NA,0.094,NA,NA,NA,NA,NA,0.122,NA,NA,NA,NA,0.0	-0.072
3561	0,25,0,0,0	0,179,0,0,2	0,0,0,0,361,0,0,0,0,0,124,0,0,0,0,0	0,0,0,0,3827,0,0,0,0,0,1271,0,0,0,57,50	173	149	1	1.0	NA,0.107,NA,NA,0.0	NA,NA,NA,NA,0.075,NA,NA,NA,NA,NA,0.078,NA,NA,NA,0.0,0.0	0.015
3562	0,62,0,0,0	0,179,0,0,2	0,0,0,0,992,0,0,0,0,0,355,0,0,0,0,10	0,0,0,0,3827,0,0,0,0,0,1271,0,0,0,57,50	161	149	1	1.0	NA,0.243,NA,NA,0.0	NA,NA,NA,NA,0.193,NA,NA,NA,NA,NA,0.205,NA,NA,NA,0.0,0.156	-0.017
3563	0,16,0,0,0	0,0,0,0,0	0,0,0,0,0,0,0,0,0,0,16,0,0,0,0,1	0,0,0,0,0,0,0,0,0,0,8,0,0,0,0,0	170	149	1	1.0	NA,1.0,NA,NA,NA	NA,NA,NA,NA,NA,NA,NA,NA,NA,NA,0.637,NA,NA,NA,NA,1.0	0.181
3564	0,0,0,0,0	0,26,0,0,0	0,0,0,0,0,0,0,0,0,0,0,0,0,0,20,0	0,0,0,0,0,0,0,0,0,0,3,0,0,0,3,2	210	149	1	1.0	NA,0.0,NA,NA,NA	NA,NA,NA,NA,NA,NA,NA,NA,NA,NA,0.0,NA,NA,NA,0.825,0.0	-0.275
3566	0,0,0,0,0	0,1037,0,0,0	0,0,0,0,6,0,0,0,0,0,0,0,0,0,0,0	0,0,0,0,159,0,0,0,0,2,980,0,0,0,912,185	298	149	1	1.0	NA,0.0,NA,NA,NA	NA,NA,NA,NA,0.019,NA,NA,NA,NA,0.0,0.0,NA,NA,NA,0.0,0.0	-0.004
3568	0,1272,8,0,6	0,10,0,0,0	0,0,0,0,1522,10,8,5,0,0,2313,0,0,0,2904,240	0,0,0,0,0,0,0,0,0,0,0,0,0,0,24,3	203	149	1	1.0	NA,0.989,1.0,NA,1.0	NA,NA,NA,NA,1.0,1.0,1.0,1.0,NA,NA,1.0,NA,NA,NA,0.989,0.983	0.0
3569	0,3,0,0,0	0,0,0,0,0	0,0,0,0,52,4,0,0,0,0,96,0,0,0,109,6	0,0,0,0,0,0,0,0,0,0,17,0,0,0,0,3	197	149	1	1.0	NA,1.0,NA,NA,NA	NA,NA,NA,NA,1.0,1.0,NA,NA,NA,NA,0.81,NA,NA,NA,1.0,0.602	0.118
3570	0,38,0,0,0	0,1,0,0,0	0,0,0,0,4,0,0,0,0,0,0,0,0,0,0,0	0,0,0,0,0,0,0,0,0,0,0,0,0,0,0,0	298	149	1	1.0	NA,0.95,NA,NA,NA	NA,NA,NA,NA,1.0,NA,NA,NA,NA,NA,NA,NA,NA,NA,NA,NA	-0.05
3571	0,0,0,0,0	0,3,0,0,0	0,0,0,0,0,0,0,0,0,0,0,0,0,0,28,1	0,0,0,0,17,0,0,0,0,0,18,0,0,0,5,16	298	149	1	1.0	NA,0.0,NA,NA,NA	NA,NA,NA,NA,0.0,NA,NA,NA,NA,NA,0.0,NA,NA,NA,0.737,0.03	-0.192
3572	0,2,0,0,0	0,0,0,0,0	0,0,0,0,29,0,0,0,0,0,46,0,0,0,0,11	0,0,0,0,0,0,0,0,0,0,3,0,0,0,0,1	195	149	1	1.0	NA,1.0,NA,NA,NA	NA,NA,NA,NA,1.0,NA,NA,NA,NA,NA,0.921,NA,NA,NA,NA,0.894	0.062
3573	0,8,0,0,0	0,0,0,0,0	0,0,0,0,161,0,0,0,0,0,49,0,0,0,10,22	0,0,0,0,0,0,0,0,0,0,0,0,0,0,5,0	160	149	1	1.0	NA,1.0,NA,NA,NA	NA,NA,NA,NA,1.0,NA,NA,NA,NA,NA,1.0,NA,NA,NA,0.651,1.0	0.087
3574	0,6,0,0,0	0,0,0,0,0	0,0,0,0,251,0,0,0,0,0,362,0,0,0,28,4	0,0,0,0,0,0,0,0,0,0,2,0,0,0,0,0	186	149	1	1.0	NA,1.0,NA,NA,NA	NA,NA,NA,NA,1.0,NA,NA,NA,NA,NA,0.993,NA,NA,NA,1.0,1.0	0.002
3575	0,69,0,0,2	0,2,0,0,0	0,0,0,0,188,0,0,0,0,0,70,0,0,0,44,50	0,0,0,0,42,0,0,0,0,0,23,0,0,0,16,5	298	149	1	1.0	NA,0.945,NA,NA,1.0	NA,NA,NA,NA,0.691,NA,NA,NA,NA,NA,0.603,NA,NA,NA,0.579,0.833	0.296
3577	0,828,2,0,0	0,2,0,0,0	0,0,0,0,1844,4,4,4,0,2,437,0,0,0,656,59	0,0,0,0,0,0,0,0,0,0,1,0,0,0,0,0	298	149	1	1.0	NA,0.995,1.0,NA,NA	NA,NA,NA,NA,1.0,1.0,1.0,1.0,NA,1.0,0.995,NA,NA,NA,1.0,1.0	-0.002
3578	0,84,0,0,0	0,472,0,0,0	0,0,0,0,318,4,2,2,0,0,127,0,0,0,271,28	0,0,0,0,1356,0,0,2,0,0,138,0,0,0,36,61	298	149	1	1.0	NA,0.082,NA,NA,NA	NA,NA,NA,NA,0.105,1.0,1.0,0.333,NA,NA,0.315,NA,NA,NA,0.79,0.187	-0.451
3580	0,540,0,0,0	0,91,0,0,0	0,0,0,0,180,0,0,0,0,0,1557,0,0,0,25,45	0,0,0,0,109,0,0,0,0,0,132,0,0,0,0,6	298	149	1	1.0	NA,0.748,NA,NA,NA	NA,NA,NA,NA,0.452,NA,NA,NA,NA,NA,0.855,NA,NA,NA,1.0,0.789	-0.026
3582	0,0,0,0,0	0,2,0,0,0	0,0,0,0,0,0,0,0,0,0,2,0,0,0,0,5	0,0,0,0,53,0,0,0,0,0,62,0,0,0,93,14	236	149	1	1.0	NA,0.0,NA,NA,NA	NA,NA,NA,NA,0.0,NA,NA,NA,NA,NA,0.02,NA,NA,NA,0.0,0.184	-0.051
3583	0,0,0,0,0	0,2,0,0,0	0,0,0,0,0,0,0,0,0,0,2,0,0,0,5,5	0,0,0,0,53,0,0,0,0,0,62,0,0,0,93,14	298	149	1	1.0	NA,0.0,NA,NA,NA	NA,NA,NA,NA,0.0,NA,NA,NA,NA,NA,0.016,NA,NA,NA,0.026,0.152	-0.049
3585	0,0,0,0,0	0,14,0,0,0	0,0,0,0,0,0,0,0,0,0,10,0,0,0,0,0	0,0,0,0,4,0,0,0,0,0,117,0,0,0,4,5	180	149	1	1.0	NA,0.0,NA,NA,NA	NA,NA,NA,NA,0.0,NA,NA,NA,NA,NA,0.066,NA,NA,NA,0.0,0.0	-0.017
3587	0,4,0,0,0	0,0,0,0,0	0,0,0,0,6,0,0,0,0,0,5,0,0,0,0,1	0,0,0,0,0,0,0,0,0,0,1,0,0,0,0,0	170	149	1	1.0	NA,1.0,NA,NA,NA	NA,NA,NA,NA,1.0,NA,NA,NA,NA,NA,0.814,NA,NA,NA,NA,1.0	0.062
3589	0,0,0,0,0	0,1,0,0,0	0,0,0,0,0,0,0,0,0,0,0,0,0,0,14,0	0,0,0,0,29,0,0,0,0,0,21,0,0,0,16,2	170	149	1	1.0	NA,0.0,NA,NA,NA	NA,NA,NA,NA,0.0,NA,NA,NA,NA,NA,0.0,NA,NA,NA,0.434,0.0	-0.108
3590	0,79,0,0,0	0,0,0,0,0	0,0,0,0,194,0,0,0,0,0,193,0,0,0,172,44	0,0,0,0,0,0,0,0,0,0,3,0,0,0,0,0	195	149	1	1.0	NA,1.0,NA,NA,NA	NA,NA,NA,NA,1.0,NA,NA,NA,NA,NA,0.98,NA,NA,NA,1.0,1.0	0.005
3593	0,5,0,0,0	0,0,0,0,0	0,0,0,0,63,0,0,0,0,0,11,0,0,0,0,0	0,0,0,0,18,0,0,0,0,0,6,0,0,0,0,0	298	149	1	1.0	NA,1.0,NA,NA,NA	NA,NA,NA,NA,0.636,NA,NA,NA,NA,NA,0.478,NA,NA,NA,NA,NA	0.443
3594	0,51,0,0,0	0,3,0,0,0	0,0,0,0,296,0,0,0,2,0,87,0,0,0,4,1	0,0,0,0,10,0,0,0,0,0,2,0,0,0,0,0	153	149	1	1.0	NA,0.943,NA,NA,NA	NA,NA,NA,NA,0.966,NA,NA,NA,1.0,NA,0.977,NA,NA,NA,1.0,1.0	-0.046
3598	0,66,0,0,0	0,2567,4,0,0	0,0,0,0,136,0,0,0,2,0,49,0,0,0,0,346	0,0,0,0,3164,2,2,0,8,4,2125,0,0,0,839,443	279	149	1	1.0	NA,0.014,0.0,NA,NA	NA,NA,NA,NA,0.022,0.0,0.0,NA,0.118,0.0,0.012,NA,NA,NA,0.0,0.294	-0.049
3600	0,154,0,0,0	0,0,0,0,0	0,0,0,0,207,0,4,0,2,0,330,0,0,0,502,128	0,0,0,0,0,0,0,0,0,0,15,0,0,0,16,0	298	149	1	1.0	NA,1.0,NA,NA,NA	NA,NA,NA,NA,1.0,NA,1.0,NA,1.0,NA,0.917,NA,NA,NA,0.94,1.0	0.024
3601	0,124,0,0,0	0,0,0,0,0	0,0,0,0,167,0,0,0,2,0,210,0,0,0,316,62	0,0,0,0,0,0,0,0,0,0,12,0,0,0,1,0	298	149	1	1.0	NA,1.0,NA,NA,NA	NA,NA,NA,NA,1.0,NA,NA,NA,1.0,NA,0.897,NA,NA,NA,0.994,1.0	0.022
3602	0,52,0,0,0	0,0,0,0,0	0,0,0,0,72,0,0,0,0,0,77,0,0,0,56,58	0,0,0,0,9,0,0,0,0,0,16,0,0,0,0,0	158	149	1	1.0	NA,1.0,NA,NA,NA	NA,NA,NA,NA,0.883,NA,NA,NA,NA,NA,0.819,NA,NA,NA,1.0,1.0	0.075
3603	0,6,0,0,0	0,28,0,0,0	0,0,0,0,0,0,0,0,0,0,0,0,0,0,4,8	0,0,0,0,85,0,0,0,0,0,123,0,0,0,117,33	298	149	1	1.0	NA,0.097,NA,NA,NA	NA,NA,NA,NA,0.0,NA,NA,NA,NA,NA,0.0,NA,NA,NA,0.017,0.108	0.066
3604	0,11,0,0,0	0,28,0,0,0	0,0,0,0,0,0,0,0,0,0,7,0,0,0,10,4	0,0,0,0,85,0,0,0,0,0,123,0,0,0,117,33	200	149	1	1.0	NA,0.226,NA,NA,NA	NA,NA,NA,NA,0.0,NA,NA,NA,NA,NA,0.041,NA,NA,NA,0.06,0.083	0.18
3605	0,6,0,0,0	0,0,0,0,0	0,0,0,0,0,0,0,0,0,0,2,0,0,0,15,3	0,0,0,0,11,0,0,0,0,0,12,0,0,0,36,0	200	149	1	1.0	NA,1.0,NA,NA,NA	NA,NA,NA,NA,0.0,NA,NA,NA,NA,NA,0.11,NA,NA,NA,0.237,1.0	0.663
3607	0,31,0,0,0	0,0,0,0,0	0,0,0,0,156,0,0,0,0,0,260,0,0,0,62,70	0,0,0,0,0,0,0,0,0,0,0,0,0,0,3,0	155	149	1	1.0	NA,1.0,NA,NA,NA	NA,NA,NA,NA,1.0,NA,NA,NA,NA,NA,1.0,NA,NA,NA,0.952,1.0	0.012
3608	0,70,0,0,0	0,9,0,0,0	0,0,0,0,100,0,0,0,0,0,70,0,0,0,79,10	0,0,0,0,22,0,0,0,0,0,19,0,0,0,1,1	176	149	1	1.0	NA,0.868,NA,NA,NA	NA,NA,NA,NA,0.794,NA,NA,NA,NA,NA,0.757,NA,NA,NA,0.985,0.894	0.01
3609	0,78,0,0,0	0,54,0,0,0	0,0,0,0,222,0,0,0,0,0,117,0,0,0,45,10	0,0,0,0,15,0,0,0,0,0,34,0,0,0,15,2	176	149	1	1.0	NA,0.55,NA,NA,NA	NA,NA,NA,NA,0.926,NA,NA,NA,NA,NA,0.744,NA,NA,NA,0.717,0.809	-0.249
3610	0,14,0,0,0	0,0,0,0,0	0,0,0,0,49,0,0,0,0,0,28,0,0,0,34,10	0,0,0,0,0,0,0,0,0,0,2,0,0,0,0,0	176	149	1	1.0	NA,1.0,NA,NA,NA	NA,NA,NA,NA,1.0,NA,NA,NA,NA,NA,0.922,NA,NA,NA,1.0,1.0	0.019
3611	0,27,0,0,0	0,22,0,0,0	0,0,0,0,117,0,0,0,0,0,70,0,0,0,42,10	0,0,0,0,44,0,0,0,0,0,66,0,0,0,13,0	176	149	1	1.0	NA,0.51,NA,NA,NA	NA,NA,NA,NA,0.692,NA,NA,NA,NA,NA,0.473,NA,NA,NA,0.732,1.0	-0.214
3612	0,2,2,0,0	0,0,0,0,0	0,0,0,0,7,0,0,0,0,0,18,0,0,0,111,2	0,0,0,0,0,0,0,0,0,0,4,0,0,0,0,0	223	149	1	1.0	NA,1.0,1.0,NA,NA	NA,NA,NA,NA,1.0,NA,NA,NA,NA,NA,0.75,NA,NA,NA,1.0,1.0	0.062
3613	0,0,0,0,0	0,17,0,0,0	0,0,0,0,0,0,0,0,0,0,1,0,0,0,0,0	0,0,0,0,166,0,0,0,0,0,360,0,0,0,134,17	298	149	1	1.0	NA,0.0,NA,NA,NA	NA,NA,NA,NA,0.0,NA,NA,NA,NA,NA,0.001,NA,NA,NA,0.0,0.0	-0.0
3616	0,18,0,0,0	0,0,0,0,0	0,0,0,0,50,0,0,0,0,0,169,0,0,0,66,43	0,0,0,0,0,0,0,0,0,0,2,0,0,0,0,0	298	149	1	1.0	NA,1.0,NA,NA,NA	NA,NA,NA,NA,1.0,NA,NA,NA,NA,NA,0.977,NA,NA,NA,1.0,1.0	0.006
3617	0,3,0,0,0	0,18,0,0,0	0,0,0,0,4,0,0,0,0,0,9,0,0,0,4,17	0,0,0,0,50,0,0,0,0,0,169,0,0,0,66,39	286	149	1	1.0	NA,0.08,NA,NA,NA	NA,NA,NA,NA,0.04,NA,NA,NA,NA,NA,0.027,NA,NA,NA,0.031,0.185	0.009
3626	0,86,0,0,0	0,0,0,0,0	0,0,0,0,87,0,0,0,0,2,126,0,0,0,45,6	0,0,0,0,8,0,0,0,0,0,0,0,0,0,0,0	234	149	1	1.0	NA,1.0,NA,NA,NA	NA,NA,NA,NA,0.874,NA,NA,NA,NA,1.0,1.0,NA,NA,NA,1.0,1.0	0.025
3628	0,0,0,0,0	0,10,2,0,0	0,0,0,0,0,0,0,0,0,0,0,0,0,0,13,0	0,0,0,0,18,0,0,0,0,0,8,0,0,0,19,2	161	149	1	1.0	NA,0.0,0.0,NA,NA	NA,NA,NA,NA,0.0,NA,NA,NA,NA,NA,0.0,NA,NA,NA,0.388,0.0	-0.097
3632	0,0,0,0,0	0,8,0,0,0	0,0,0,0,0,0,0,0,0,0,9,0,0,0,0,2	0,0,0,0,0,0,0,0,0,0,4,0,0,0,0,0	152	149	1	1.0	NA,0.0,NA,NA,NA	NA,NA,NA,NA,NA,NA,NA,NA,NA,NA,0.688,NA,NA,NA,NA,1.0	-0.844
3634	0,6,0,0,0	0,31,0,0,0	0,0,0,0,43,0,0,0,0,0,0,0,0,0,0,0	0,0,0,0,240,0,0,0,0,0,8,0,0,0,0,0	171	149	1	1.0	NA,0.144,NA,NA,NA	NA,NA,NA,NA,0.135,NA,NA,NA,NA,NA,0.0,NA,NA,NA,NA,NA	0.076
3635	0,0,0,0,0	0,2,0,0,0	0,0,0,0,0,0,0,0,0,0,0,0,0,0,3,0	0,0,0,0,57,0,0,0,0,0,14,0,0,0,68,5	170	149	1	1.0	NA,0.0,NA,NA,NA	NA,NA,NA,NA,0.0,NA,NA,NA,NA,NA,0.0,NA,NA,NA,0.037,0.0	-0.009
3636	0,1,0,0,0	0,0,0,0,0	0,0,0,0,190,0,0,0,0,0,0,0,0,0,0,0	0,0,0,0,11,0,0,0,0,0,0,0,0,0,0,0	298	149	1	1.0	NA,1.0,NA,NA,NA	NA,NA,NA,NA,0.896,NA,NA,NA,NA,NA,NA,NA,NA,NA,NA,NA	0.104
3639	0,12,0,0,0	0,13,0,0,0	0,0,0,0,68,0,0,0,0,0,36,0,0,0,87,11	0,0,0,0,138,0,0,0,0,0,167,0,0,0,276,20	254	149	1	1.0	NA,0.351,NA,NA,NA	NA,NA,NA,NA,0.224,NA,NA,NA,NA,NA,0.112,NA,NA,NA,0.156,0.244	0.167
3641	0,2,0,0,0	0,51,0,0,0	0,0,0,0,17,0,0,0,0,0,4,0,0,0,0,1	0,0,0,0,22,0,0,2,0,0,17,0,0,0,66,13	159	149	1	1.0	NA,0.035,NA,NA,NA	NA,NA,NA,NA,0.42,NA,NA,0.0,NA,NA,0.181,NA,NA,NA,0.0,0.067	-0.099
3642	0,47,2,0,0	0,48,0,0,0	0,0,0,0,301,0,0,0,0,0,100,0,0,0,248,30	0,0,0,0,87,0,0,0,0,0,16,0,0,0,26,6	298	149	1	1.0	NA,0.329,1.0,NA,NA	NA,NA,NA,NA,0.634,NA,NA,NA,NA,NA,0.758,NA,NA,NA,0.827,0.714	-0.069
3643	0,15,0,0,0	0,0,0,0,0	0,0,0,0,106,0,0,0,0,0,15,0,0,0,75,22	0,0,0,0,42,0,0,0,0,0,0,0,0,0,0,0	298	149	1	1.0	NA,1.0,NA,NA,NA	NA,NA,NA,NA,0.558,NA,NA,NA,NA,NA,1.0,NA,NA,NA,1.0,1.0	0.111
3644	0,47,2,0,0	0,48,0,0,0	0,0,0,0,259,0,0,0,0,0,100,0,0,0,252,30	0,0,0,0,87,0,0,0,0,0,16,0,0,0,26,6	298	149	1	1.0	NA,0.329,1.0,NA,NA	NA,NA,NA,NA,0.598,NA,NA,NA,NA,NA,0.758,NA,NA,NA,0.829,0.714	-0.06
3647	0,2,0,0,0	0,0,0,0,0	0,0,0,0,0,0,0,0,0,0,2,0,0,0,0,1	0,0,0,0,0,0,0,0,0,0,0,0,0,0,4,0	182	149	1	1.0	NA,1.0,NA,NA,NA	NA,NA,NA,NA,NA,NA,NA,NA,NA,NA,1.0,NA,NA,NA,0.0,1.0	0.333
3648	0,2,0,0,0	0,10,0,0,0	0,0,0,0,0,0,0,0,0,0,33,0,0,0,2,8	0,0,0,0,5,0,0,0,0,0,12,0,0,0,5,13	182	149	1	1.0	NA,0.141,NA,NA,NA	NA,NA,NA,NA,0.0,NA,NA,NA,NA,NA,0.692,NA,NA,NA,0.247,0.335	-0.178
3651	0,2,0,0,0	0,8,0,0,0	0,0,0,0,1,0,0,0,0,0,1,0,0,0,0,1	0,0,0,0,16,0,0,0,0,0,43,0,0,0,20,0	265	149	1	1.0	NA,0.123,NA,NA,NA	NA,NA,NA,NA,0.034,NA,NA,NA,NA,NA,0.013,NA,NA,NA,0.0,1.0	-0.139
3652	0,5,0,0,0	0,0,0,0,0	0,0,0,0,11,0,0,0,0,0,5,0,0,0,8,3	0,0,0,0,0,0,0,0,0,0,56,0,0,0,16,0	298	149	1	1.0	NA,1.0,NA,NA,NA	NA,NA,NA,NA,1.0,NA,NA,NA,NA,NA,0.043,NA,NA,NA,0.2,1.0	0.439
3653	0,2566,0,0,2	0,25,0,0,0	0,0,0,0,800,0,0,0,0,0,2499,0,0,0,1156,42	0,0,0,0,5,0,0,0,0,0,101,0,0,0,113,1	298	149	1	1.0	NA,0.981,NA,NA,1.0	NA,NA,NA,NA,0.988,NA,NA,NA,NA,NA,0.925,NA,NA,NA,0.836,0.955	0.064
3658	0,5,0,0,0	0,2,0,0,0	0,0,0,0,4,0,0,0,0,0,5,0,0,0,6,0	0,0,0,0,63,0,2,0,0,0,144,0,0,0,229,44	164	149	1	1.0	NA,0.694,NA,NA,NA	NA,NA,NA,NA,0.055,NA,0.0,NA,NA,NA,0.031,NA,NA,NA,0.023,0.0	0.672
3667	0,41,0,0,0	0,49,0,0,0	0,0,0,0,38,0,0,0,0,0,182,0,0,0,15,26	0,0,0,0,41,0,0,0,0,0,161,0,0,0,4,24	167	149	1	1.0	NA,0.427,NA,NA,NA	NA,NA,NA,NA,0.453,NA,NA,NA,NA,NA,0.502,NA,NA,NA,0.77,0.491	-0.127
3668	0,56,0,0,0	0,21,0,0,0	0,0,0,0,106,0,0,0,0,2,251,0,0,0,0,126	0,0,0,0,35,0,0,0,0,2,49,0,0,0,0,24	158	149	1	1.0	NA,0.715,NA,NA,NA	NA,NA,NA,NA,0.741,NA,NA,NA,NA,0.485,0.828,NA,NA,NA,NA,0.832	-0.006
3669	0,47,0,0,0	0,7,0,0,0	0,0,0,0,115,2,0,0,4,0,140,0,0,0,174,9	0,0,0,0,0,0,0,0,0,0,5,0,0,0,0,1	188	149	1	1.0	NA,0.842,NA,NA,NA	NA,NA,NA,NA,1.0,1.0,NA,NA,1.0,NA,0.957,NA,NA,NA,1.0,0.877	-0.13
3670	0,57,2,0,2	0,0,0,0,0	0,0,0,0,204,0,0,0,0,0,199,0,0,0,319,55	0,0,0,0,22,0,0,0,0,0,27,0,0,0,0,0	298	149	1	1.0	NA,1.0,1.0,NA,1.0	NA,NA,NA,NA,0.823,NA,NA,NA,NA,NA,0.787,NA,NA,NA,1.0,1.0	0.098
3675	0,2,0,0,0	0,287,0,0,0	0,0,0,0,0,0,0,0,0,0,0,0,0,0,0,0	0,0,0,0,50,0,0,0,0,0,150,0,0,0,13,37	283	149	1	1.0	NA,0.004,NA,NA,NA	NA,NA,NA,NA,0.0,NA,NA,NA,NA,NA,0.0,NA,NA,NA,0.0,0.0	0.004
3676	0,110,0,0,0	0,33,0,0,0	0,0,0,0,76,0,0,0,0,0,61,0,0,0,18,8	0,0,0,0,15,0,0,0,0,0,0,0,0,0,1,2	298	149	1	1.0	NA,0.625,NA,NA,NA	NA,NA,NA,NA,0.717,NA,NA,NA,NA,NA,1.0,NA,NA,NA,0.9,0.667	-0.196
3677	0,0,0,0,0	0,0,0,0,2	0,0,0,0,0,0,0,0,0,0,0,0,0,0,0,1	0,0,0,0,29,0,0,0,0,0,3,0,0,0,69,5	298	149	1	1.0	NA,NA,NA,NA,0.0	NA,NA,NA,NA,0.0,NA,NA,NA,NA,NA,0.0,NA,NA,NA,0.0,0.091	-0.023
3678	0,1461,2,0,4	0,4,0,0,0	0,0,0,0,341,0,0,0,0,4,34,0,0,0,245,1	0,0,0,0,0,0,0,0,0,0,0,0,0,0,0,0	298	149	1	1.0	NA,0.995,1.0,NA,1.0	NA,NA,NA,NA,1.0,NA,NA,NA,NA,1.0,1.0,NA,NA,NA,1.0,1.0	-0.002
3681	0,2,0,0,0	0,0,0,0,0	0,0,0,0,0,0,0,0,0,0,0,0,0,0,12,1	0,0,0,0,20,0,0,0,0,0,18,0,0,0,27,13	215	149	1	1.0	NA,1.0,NA,NA,NA	NA,NA,NA,NA,0.0,NA,NA,NA,NA,NA,0.0,NA,NA,NA,0.235,0.051	0.928
3682	0,2,0,0,0	0,210,0,0,0	0,0,0,0,0,0,0,0,0,0,3,0,0,0,12,1	0,0,0,0,693,0,0,3,0,0,1118,0,0,0,1155,59	224	149	1	1.0	NA,0.006,NA,NA,NA	NA,NA,NA,NA,0.0,NA,NA,0.0,NA,NA,0.002,NA,NA,NA,0.007,0.011	0.002
3683	0,0,0,0,0	0,210,0,0,0	0,0,0,0,20,0,0,0,0,0,21,0,0,0,27,13	0,0,0,0,693,0,0,3,0,0,1118,0,0,0,1155,59	158	149	1	1.0	NA,0.0,NA,NA,NA	NA,NA,NA,NA,0.026,NA,NA,0.0,NA,NA,0.017,NA,NA,NA,0.022,0.172	-0.047
3688	0,9,0,0,0	0,8,0,0,0	0,0,0,0,106,0,0,0,0,0,69,0,0,0,44,1	0,0,0,0,0,0,0,0,0,0,0,0,0,0,3,0	213	149	1	1.0	NA,0.44,NA,NA,NA	NA,NA,NA,NA,1.0,NA,NA,NA,NA,NA,1.0,NA,NA,NA,0.911,1.0	-0.538
3689	0,52,0,0,2	0,0,0,0,0	0,0,0,0,342,0,0,0,0,0,181,0,0,0,509,20	0,0,0,0,0,0,0,0,0,0,0,0,0,0,2,0	298	149	1	1.0	NA,1.0,NA,NA,1.0	NA,NA,NA,NA,1.0,NA,NA,NA,NA,NA,1.0,NA,NA,NA,0.992,1.0	0.002
3690	0,9,0,0,0	0,12,0,0,0	0,0,0,0,101,0,0,0,0,0,120,0,0,0,96,5	0,0,0,0,0,0,0,0,0,0,4,0,0,0,0,0	298	149	1	1.0	NA,0.273,NA,NA,NA	NA,NA,NA,NA,1.0,NA,NA,NA,NA,NA,0.938,NA,NA,NA,1.0,1.0	-0.711
3691	0,153,0,0,0	0,8,0,0,0	0,0,0,0,223,0,0,0,0,0,99,0,0,0,37,16	0,0,0,0,0,0,0,0,0,0,15,0,0,0,3,0	298	149	1	1.0	NA,0.905,NA,NA,NA	NA,NA,NA,NA,1.0,NA,NA,NA,NA,NA,0.767,NA,NA,NA,0.86,1.0	-0.002
3692	0,103,0,0,2	0,8,0,0,0	0,0,0,0,141,0,0,0,0,0,350,0,0,0,42,43	0,0,0,0,7,0,0,0,0,0,1,0,0,0,0,1	208	149	1	1.0	NA,0.902,NA,NA,1.0	NA,NA,NA,NA,0.935,NA,NA,NA,NA,NA,0.996,NA,NA,NA,1.0,0.969	-0.024
3693	0,6,0,0,0	0,22,0,0,0	0,0,0,0,0,0,0,0,0,0,8,0,0,0,0,1	0,0,0,0,27,0,0,0,0,0,96,0,0,0,43,6	159	149	1	1.0	NA,0.204,NA,NA,NA	NA,NA,NA,NA,0.0,NA,NA,NA,NA,NA,0.072,NA,NA,NA,0.0,0.135	0.152
3694	0,2,0,0,0	0,8,0,0,0	0,0,0,0,11,0,0,0,0,0,1,0,0,0,12,0	0,0,0,0,2,0,0,0,0,0,9,0,0,0,49,10	210	149	1	1.0	NA,0.151,NA,NA,NA	NA,NA,NA,NA,0.796,NA,NA,NA,NA,NA,0.073,NA,NA,NA,0.148,0.0	-0.103
3697	0,0,0,0,0	0,21,0,0,0	0,0,0,0,0,0,0,0,0,0,0,0,0,0,0,2	0,0,0,0,232,2,0,0,0,0,192,0,0,0,449,10	245	149	1	1.0	NA,0.0,NA,NA,NA	NA,NA,NA,NA,0.0,0.0,NA,NA,NA,NA,0.0,NA,NA,NA,0.0,0.108	-0.022
3704	0,4,0,0,0	0,32,0,0,0	0,0,0,0,5,0,0,0,0,0,22,0,0,0,0,0	0,0,0,0,59,0,0,0,0,0,115,0,0,0,1,5	298	149	1	1.0	NA,0.059,NA,NA,NA	NA,NA,NA,NA,0.041,NA,NA,NA,NA,NA,0.087,NA,NA,NA,0.0,0.0	0.027
3707	0,84,0,0,0	0,0,0,0,0	0,0,0,0,311,0,0,0,0,0,84,0,0,0,47,9	0,0,0,0,0,0,0,0,0,0,0,0,0,0,10,0	166	149	1	1.0	NA,1.0,NA,NA,NA	NA,NA,NA,NA,1.0,NA,NA,NA,NA,NA,1.0,NA,NA,NA,0.808,1.0	0.048
3708	0,4,0,0,0	0,0,0,0,0	0,0,0,0,0,0,0,0,0,0,6,0,0,0,21,0	0,0,0,0,0,0,0,0,0,0,19,0,0,0,2,2	215	149	1	1.0	NA,1.0,NA,NA,NA	NA,NA,NA,NA,NA,NA,NA,NA,NA,NA,0.18,NA,NA,NA,0.879,0.0	0.647
3709	0,0,0,0,0	0,14,0,0,0	0,0,0,0,40,0,0,0,0,0,0,0,0,0,1,0	0,0,0,0,219,0,0,0,0,0,46,0,0,0,71,15	298	149	1	1.0	NA,0.0,NA,NA,NA	NA,NA,NA,NA,0.084,NA,NA,NA,NA,NA,0.0,NA,NA,NA,0.007,0.0	-0.023
3710	0,0,0,0,0	0,172,0,0,0	0,0,0,0,13,0,0,0,0,0,9,0,0,0,0,2	0,0,0,0,184,0,0,0,0,0,215,0,0,0,36,9	269	149	1	1.0	NA,0.0,NA,NA,NA	NA,NA,NA,NA,0.038,NA,NA,NA,NA,NA,0.023,NA,NA,NA,0.0,0.11	-0.043
3713	0,4,0,0,0	0,7,0,0,0	0,0,0,0,0,0,0,0,0,0,20,0,0,0,29,1	0,0,0,0,14,0,0,0,0,0,26,0,0,0,60,1	269	149	1	1.0	NA,0.24,NA,NA,NA	NA,NA,NA,NA,0.0,NA,NA,NA,NA,NA,0.299,NA,NA,NA,0.211,0.356	0.023
3715	0,35,0,0,0	0,0,0,0,0	0,0,0,0,124,0,0,0,0,0,14,0,0,0,1,23	0,0,0,0,23,0,0,0,0,0,3,0,0,0,3,3	197	149	1	1.0	NA,1.0,NA,NA,NA	NA,NA,NA,NA,0.803,NA,NA,NA,NA,NA,0.779,NA,NA,NA,0.201,0.853	0.341
3716	0,0,0,0,0	0,80,0,0,0	0,0,0,0,14,0,0,0,0,0,2,0,0,0,0,5	0,0,0,0,287,0,0,0,0,0,170,0,0,0,87,329	233	149	1	1.0	NA,0.0,NA,NA,NA	NA,NA,NA,NA,0.03,NA,NA,NA,NA,NA,0.007,NA,NA,NA,0.0,0.01	-0.012
3718	0,5,0,0,0	0,75,0,0,0	0,0,0,0,18,0,0,0,0,0,4,0,0,0,0,0	0,0,0,0,149,0,0,0,0,0,64,0,0,0,54,10	176	149	1	1.0	NA,0.053,NA,NA,NA	NA,NA,NA,NA,0.093,NA,NA,NA,NA,NA,0.05,NA,NA,NA,0.0,0.0	0.017
3722	0,0,0,0,0	0,153,0,0,0	0,0,0,0,25,0,0,0,0,0,11,0,0,0,4,0	0,0,0,0,530,0,0,0,0,0,382,0,0,0,304,3	253	149	1	1.0	NA,0.0,NA,NA,NA	NA,NA,NA,NA,0.027,NA,NA,NA,NA,NA,0.017,NA,NA,NA,0.008,0.0	-0.013
3723	0,59,0,0,0	0,19,0,0,0	0,0,0,0,101,0,0,0,0,0,79,0,0,0,48,10	0,0,0,0,24,0,0,0,0,0,47,0,0,0,4,0	194	149	1	1.0	NA,0.705,NA,NA,NA	NA,NA,NA,NA,0.764,NA,NA,NA,NA,NA,0.564,NA,NA,NA,0.902,1.0	-0.103
3724	0,0,0,0,0	0,69,0,0,0	0,0,0,0,2,0,0,0,0,0,0,0,0,0,0,0	0,0,0,0,93,0,0,0,0,0,137,0,0,0,29,29	162	149	1	1.0	NA,0.0,NA,NA,NA	NA,NA,NA,NA,0.019,NA,NA,NA,NA,NA,0.0,NA,NA,NA,0.0,0.0	-0.005
3725	0,3,0,0,0	0,62,0,0,0	0,0,0,0,0,0,0,0,0,0,0,0,0,0,0,0	0,0,0,0,103,0,0,0,0,0,115,0,0,0,78,5	163	149	1	1.0	NA,0.042,NA,NA,NA	NA,NA,NA,NA,0.0,NA,NA,NA,NA,NA,0.0,NA,NA,NA,0.0,0.0	0.042
3727	0,109,0,0,0	0,3,0,0,0	0,0,0,0,225,0,0,0,0,0,135,0,0,0,51,7	0,0,0,0,0,0,0,0,0,0,2,0,0,0,0,2	298	149	1	1.0	NA,0.948,NA,NA,NA	NA,NA,NA,NA,1.0,NA,NA,NA,NA,NA,0.971,NA,NA,NA,1.0,0.636	0.046
3728	0,103,0,0,0	0,8,0,0,0	0,0,0,0,185,0,0,0,0,0,124,0,0,0,49,9	0,0,0,0,68,0,0,0,0,0,8,0,0,0,2,0	153	149	1	1.0	NA,0.926,NA,NA,NA	NA,NA,NA,NA,0.726,NA,NA,NA,NA,NA,0.938,NA,NA,NA,0.96,1.0	0.02
3729	0,128,0,0,0	0,2,0,0,0	0,0,0,0,370,0,0,0,0,0,212,0,0,0,50,9	0,0,0,0,50,0,0,0,0,0,0,0,0,0,0,0	298	149	1	1.0	NA,0.97,NA,NA,NA	NA,NA,NA,NA,0.787,NA,NA,NA,NA,NA,1.0,NA,NA,NA,1.0,1.0	0.023
3730	0,0,0,0,0	0,147,0,0,0	0,0,0,0,20,0,0,0,0,0,4,0,0,0,0,0	0,0,0,0,191,0,0,0,0,0,186,0,0,0,37,5	182	149	1	1.0	NA,0.0,NA,NA,NA	NA,NA,NA,NA,0.079,NA,NA,NA,NA,NA,0.017,NA,NA,NA,0.0,0.0	-0.024
3731	0,37,0,0,0	0,2,0,0,0	0,0,0,0,11,0,0,0,0,0,21,0,0,0,0,2	0,0,0,0,0,0,0,0,0,0,8,0,0,0,0,0	298	149	1	1.0	NA,0.902,NA,NA,NA	NA,NA,NA,NA,1.0,NA,NA,NA,NA,NA,0.568,NA,NA,NA,NA,1.0	0.046
3742	0,70,0,0,0	0,3,0,0,0	0,0,0,0,152,0,2,0,0,2,368,0,0,0,76,76	0,0,0,0,0,0,0,0,0,0,0,0,0,0,0,1	201	149	1	1.0	NA,0.945,NA,NA,NA	NA,NA,NA,NA,1.0,NA,1.0,NA,NA,1.0,1.0,NA,NA,NA,1.0,0.983	-0.052
3744	0,0,0,0,0	0,12,0,0,0	0,0,0,0,0,0,0,0,0,0,0,0,0,0,10,0	0,0,0,0,43,0,0,0,0,0,95,0,0,0,158,8	298	149	1	1.0	NA,0.0,NA,NA,NA	NA,NA,NA,NA,0.0,NA,NA,NA,NA,NA,0.0,NA,NA,NA,0.031,0.0	-0.008
3745	0,0,0,0,0	0,2,0,0,0	0,0,0,0,0,0,0,0,0,0,14,0,0,0,78,9	0,0,0,0,33,0,0,0,2,0,59,0,0,0,200,12	176	149	1	1.0	NA,0.0,NA,NA,NA	NA,NA,NA,NA,0.0,NA,NA,NA,0.0,NA,0.167,NA,NA,NA,0.248,0.388	-0.161
3747	0,62,0,0,0	0,0,0,0,0	0,0,0,0,78,0,0,0,0,0,226,0,0,0,101,2	0,0,0,0,0,0,0,0,0,0,1,0,0,0,6,0	293	149	1	1.0	NA,1.0,NA,NA,NA	NA,NA,NA,NA,1.0,NA,NA,NA,NA,NA,0.991,NA,NA,NA,0.895,1.0	0.028
3759	0,59,0,0,2	0,0,0,0,0	0,0,0,0,404,0,0,4,0,0,624,0,0,0,194,14	0,0,0,0,10,0,0,0,0,0,3,0,0,0,0,0	199	149	1	1.0	NA,1.0,NA,NA,1.0	NA,NA,NA,NA,0.968,NA,NA,1.0,NA,NA,0.994,NA,NA,NA,1.0,1.0	0.008
3762	0,10,0,0,0	0,0,0,0,0	0,0,0,0,67,0,0,0,0,0,75,0,0,0,60,32	0,0,0,0,0,0,0,2,0,0,0,0,0,0,0,1	249	149	1	1.0	NA,1.0,NA,NA,NA	NA,NA,NA,NA,1.0,NA,NA,0.0,NA,NA,1.0,NA,NA,NA,1.0,0.95	0.21
3765	0,40,0,0,0	0,1,0,0,0	0,0,0,0,157,0,0,0,0,0,154,0,0,0,45,12	0,0,0,0,0,0,0,0,0,0,0,0,0,0,0,1	223	149	1	1.0	NA,0.964,NA,NA,NA	NA,NA,NA,NA,1.0,NA,NA,NA,NA,NA,1.0,NA,NA,NA,1.0,0.889	-0.008
3772	0,49,0,0,0	0,2,0,0,0	0,0,0,0,203,0,0,4,0,0,130,0,0,0,127,17	0,0,0,0,0,0,0,0,0,0,0,0,0,0,12,3	298	149	1	1.0	NA,0.925,NA,NA,NA	NA,NA,NA,NA,1.0,NA,NA,1.0,NA,NA,1.0,NA,NA,NA,0.841,0.739	0.009
3773	0,2,0,0,0	0,12,0,0,0	0,0,0,0,1,0,0,0,0,0,0,0,0,0,2,0	0,0,0,0,113,0,0,0,0,0,55,0,0,0,46,7	153	149	1	1.0	NA,0.14,NA,NA,NA	NA,NA,NA,NA,0.009,NA,NA,NA,NA,NA,0.0,NA,NA,NA,0.041,0.0	0.128
3774	0,30,0,0,0	0,9677,0,0,8	0,0,0,0,51,0,0,0,0,0,34,0,0,0,0,18	0,0,0,0,12686,0,0,14,8,8,12053,0,0,0,2924,531	298	149	1	1.0	NA,0.002,NA,NA,0.0	NA,NA,NA,NA,0.002,NA,NA,0.0,0.0,0.0,0.001,NA,NA,NA,0.0,0.017	-0.002
3777	0,12,0,0,0	0,748,2,0,0	0,0,0,0,23,0,0,0,0,0,7,0,0,0,5,7	0,0,0,0,1571,0,0,3,3,12,3469,0,0,0,2823,98	247	149	1	1.0	NA,0.01,0.0,NA,NA	NA,NA,NA,NA,0.009,NA,NA,0.0,0.0,0.0,0.001,NA,NA,NA,0.001,0.041	-0.002
3779	0,0,0,0,0	0,2,0,0,0	0,0,0,0,0,0,0,0,0,0,0,0,0,0,0,1	0,0,0,0,0,0,0,0,0,0,0,0,0,0,0,0	155	149	1	1.0	NA,0.0,NA,NA,NA	NA,NA,NA,NA,NA,NA,NA,NA,NA,NA,NA,NA,NA,NA,NA,1.0	-1.0
3781	0,0,0,0,0	0,1,0,0,0	0,0,0,0,0,0,0,0,0,0,0,0,0,0,4,0	0,0,0,0,44,0,0,0,0,0,37,0,0,0,79,12	153	149	1	1.0	NA,0.0,NA,NA,NA	NA,NA,NA,NA,0.0,NA,NA,NA,NA,NA,0.0,NA,NA,NA,0.047,0.0	-0.012
3782	0,5,0,0,0	0,7,0,0,0	0,0,0,0,8,0,0,0,0,0,14,0,0,0,8,5	0,0,0,0,15,0,0,0,0,0,27,0,0,0,59,6	252	149	1	1.0	NA,0.297,NA,NA,NA	NA,NA,NA,NA,0.24,NA,NA,NA,NA,NA,0.235,NA,NA,NA,0.074,0.33	0.077
3783	0,7,0,0,0	0,0,0,0,0	0,0,0,0,74,0,0,0,0,0,14,0,0,0,135,10	0,0,0,0,0,0,0,0,0,0,0,0,0,0,9,5	211	149	1	1.0	NA,1.0,NA,NA,NA	NA,NA,NA,NA,1.0,NA,NA,NA,NA,NA,1.0,NA,NA,NA,0.914,0.585	0.125
3786	0,0,0,0,0	0,5,0,0,0	0,0,0,0,7,0,0,0,0,0,4,0,0,0,0,0	0,0,0,0,0,0,0,0,0,0,17,0,0,0,12,0	164	149	1	1.0	NA,0.0,NA,NA,NA	NA,NA,NA,NA,1.0,NA,NA,NA,NA,NA,0.176,NA,NA,NA,0.0,NA	-0.392
3790	0,54,0,0,0	0,23,0,0,0	0,0,0,0,96,0,0,0,0,0,132,0,0,0,109,18	0,0,0,0,117,0,0,0,0,0,34,0,0,0,3,8	158	149	1	1.0	NA,0.689,NA,NA,NA	NA,NA,NA,NA,0.436,NA,NA,NA,NA,NA,0.785,NA,NA,NA,0.972,0.68	-0.029
3791	0,72,0,0,0	0,3,0,0,0	0,0,0,0,75,0,0,0,0,0,105,0,0,0,89,3	0,0,0,0,17,0,0,0,0,0,4,0,0,0,4,0	158	149	1	1.0	NA,0.958,NA,NA,NA	NA,NA,NA,NA,0.806,NA,NA,NA,NA,NA,0.961,NA,NA,NA,0.955,1.0	0.027
3793	0,1,0,0,0	0,42,0,0,0	0,0,0,0,27,0,0,0,0,0,4,0,0,0,0,1	0,0,0,0,143,0,0,0,0,0,116,0,0,0,149,1	298	149	1	1.0	NA,0.012,NA,NA,NA	NA,NA,NA,NA,0.086,NA,NA,NA,NA,NA,0.017,NA,NA,NA,0.0,0.333	-0.097
3798	0,41,0,0,0	0,0,0,0,0	0,0,0,0,175,0,0,0,0,0,26,0,0,0,17,17	0,0,0,0,0,0,0,0,0,0,2,0,0,0,0,0	298	149	1	1.0	NA,1.0,NA,NA,NA	NA,NA,NA,NA,1.0,NA,NA,NA,NA,NA,0.867,NA,NA,NA,1.0,1.0	0.033
3807	0,114,0,0,0	0,0,0,0,0	0,0,0,0,209,0,0,0,0,0,212,0,0,0,114,32	0,0,0,0,0,0,0,0,0,0,0,0,0,0,9,0	290	149	1	1.0	NA,1.0,NA,NA,NA	NA,NA,NA,NA,1.0,NA,NA,NA,NA,NA,1.0,NA,NA,NA,0.867,1.0	0.033
3808	0,17,0,0,0	0,22,0,0,0	0,0,0,0,54,0,0,0,0,0,6,0,0,0,15,1	0,0,0,0,48,0,0,0,0,0,33,0,0,0,150,9	298	149	1	1.0	NA,0.279,NA,NA,NA	NA,NA,NA,NA,0.36,NA,NA,NA,NA,NA,0.083,NA,NA,NA,0.048,0.053	0.143
3812	0,0,0,0,0	0,2,0,0,0	0,0,0,0,0,0,0,0,0,0,5,0,0,0,0,1	0,0,0,0,0,0,0,0,0,0,2,0,0,0,2,1	175	149	1	1.0	NA,0.0,NA,NA,NA	NA,NA,NA,NA,NA,NA,NA,NA,NA,NA,0.68,NA,NA,NA,0.0,0.46	-0.38
3813	0,34,0,0,0	0,2,0,0,0	0,0,0,0,343,0,0,0,0,0,314,0,0,0,32,17	0,0,0,0,21,0,0,0,0,0,57,0,0,0,0,0	287	149	1	1.0	NA,0.898,NA,NA,NA	NA,NA,NA,NA,0.895,NA,NA,NA,NA,NA,0.741,NA,NA,NA,1.0,1.0	-0.011
3816	0,1,0,0,0	0,0,0,0,0	0,0,0,0,0,0,0,0,0,0,0,0,0,0,5,2	0,0,0,0,0,0,0,0,0,0,0,0,0,0,0,2	298	149	1	1.0	NA,1.0,NA,NA,NA	NA,NA,NA,NA,NA,NA,NA,NA,NA,NA,NA,NA,NA,NA,1.0,0.333	0.334
3818	0,155,0,0,0	0,0,0,0,0	0,0,0,0,59,0,0,0,0,0,164,0,0,0,17,12	0,0,0,0,10,0,0,0,0,0,0,0,0,0,0,0	298	149	1	1.0	NA,1.0,NA,NA,NA	NA,NA,NA,NA,0.747,NA,NA,NA,NA,NA,1.0,NA,NA,NA,1.0,1.0	0.063
3819	0,0,0,0,0	0,9,0,0,0	0,0,0,0,13,0,0,0,0,0,0,0,0,0,2,0	0,0,0,0,87,0,0,0,0,0,132,0,0,0,0,0	167	149	1	1.0	NA,0.0,NA,NA,NA	NA,NA,NA,NA,0.118,NA,NA,NA,NA,NA,0.0,NA,NA,NA,1.0,NA	-0.373
3821	0,0,0,0,0	0,3,2,0,0	0,0,0,0,16,0,0,0,0,0,2,0,0,0,10,5	0,0,0,0,109,0,0,2,0,0,157,0,0,0,96,27	205	149	1	1.0	NA,0.0,0.0,NA,NA	NA,NA,NA,NA,0.096,NA,NA,0.0,NA,NA,0.009,NA,NA,NA,0.07,0.119	-0.059
3823	0,2,0,0,0	0,0,0,0,2	0,0,0,0,0,0,0,0,0,0,0,0,0,0,0,0	0,0,0,0,0,0,0,0,0,0,6,0,0,0,0,0	298	149	1	1.0	NA,1.0,NA,NA,0.0	NA,NA,NA,NA,NA,NA,NA,NA,NA,NA,0.0,NA,NA,NA,NA,NA	0.5
3824	0,0,0,0,0	0,34,0,0,0	0,0,0,0,0,0,0,0,0,0,0,0,0,0,5,1	0,0,0,0,29,2,0,0,0,0,60,0,0,0,36,13	242	149	1	1.0	NA,0.0,NA,NA,NA	NA,NA,NA,NA,0.0,0.0,NA,NA,NA,NA,0.0,NA,NA,NA,0.079,0.045	-0.025
3832	0,3,0,0,0	0,8,0,0,0	0,0,0,0,42,0,0,0,0,0,12,0,0,0,13,7	0,0,0,0,271,0,4,0,0,2,255,0,0,0,167,86	247	149	1	1.0	NA,0.184,NA,NA,NA	NA,NA,NA,NA,0.085,NA,0.0,NA,NA,0.0,0.028,NA,NA,NA,0.045,0.047	0.15
3833	0,30,0,0,0	0,58,0,0,0	0,0,0,0,34,0,0,0,0,0,17,0,0,0,19,3	0,0,0,0,308,0,0,0,0,0,456,0,0,0,319,16	295	149	1	1.0	NA,0.207,NA,NA,NA	NA,NA,NA,NA,0.053,NA,NA,NA,NA,NA,0.018,NA,NA,NA,0.029,0.087	0.16
3834	0,30,0,0,0	0,0,0,0,0	0,0,0,0,28,0,0,0,0,0,12,0,0,0,17,3	0,0,0,0,5,0,0,0,0,0,0,0,0,0,6,0	295	149	1	1.0	NA,1.0,NA,NA,NA	NA,NA,NA,NA,0.739,NA,NA,NA,NA,NA,1.0,NA,NA,NA,0.589,1.0	0.168
3836	0,0,0,0,0	0,2,0,0,0	0,0,0,0,0,0,0,0,0,0,0,0,0,0,2,0	0,0,0,0,0,0,0,0,0,0,3,0,0,0,0,0	186	149	1	1.0	NA,0.0,NA,NA,NA	NA,NA,NA,NA,NA,NA,NA,NA,NA,NA,0.0,NA,NA,NA,1.0,NA	-0.5
3837	0,2,0,0,0	0,0,0,0,0	0,0,0,0,19,0,0,0,0,0,5,0,0,0,2,3	0,0,0,0,0,0,0,0,0,0,1,0,0,0,8,1	298	149	1	1.0	NA,1.0,NA,NA,NA	NA,NA,NA,NA,1.0,NA,NA,NA,NA,NA,0.714,NA,NA,NA,0.111,0.6	0.394
3840	0,5,0,0,0	0,372,0,0,0	0,0,0,0,73,0,0,0,0,0,66,0,0,0,26,3	0,0,0,0,977,0,0,2,0,0,2358,0,0,0,524,79	157	149	1	1.0	NA,0.013,NA,NA,NA	NA,NA,NA,NA,0.066,NA,NA,0.0,NA,NA,0.026,NA,NA,NA,0.045,0.035	-0.021
3842	0,647,0,0,4	0,98,0,0,2	0,0,0,0,854,0,1,2,4,4,526,0,0,0,857,64	0,0,0,0,201,0,0,0,0,0,121,0,0,0,170,17	152	149	1	1.0	NA,0.866,NA,NA,0.662	NA,NA,NA,NA,0.806,NA,1.0,1.0,1.0,1.0,0.81,NA,NA,NA,0.832,0.787	-0.14
3843	0,235,0,0,4	0,1,0,0,0	0,0,0,0,716,6,0,4,4,0,353,0,0,0,1012,207	0,0,0,0,19,0,0,0,0,0,10,0,0,0,3,0	176	149	1	1.0	NA,0.995,NA,NA,1.0	NA,NA,NA,NA,0.97,1.0,NA,1.0,1.0,NA,0.968,NA,NA,NA,0.997,1.0	0.007
3844	0,16,0,0,0	0,135,2,0,2	0,0,0,0,42,0,0,0,2,0,21,0,0,0,29,9	0,0,0,0,589,4,0,0,0,0,458,0,0,0,884,80	269	149	1	1.0	NA,0.062,0.0,NA,0.0	NA,NA,NA,NA,0.038,0.0,NA,NA,1.0,NA,0.025,NA,NA,NA,0.018,0.059	-0.169
3846	0,0,0,0,0	0,5,4,0,0	0,0,0,0,0,0,0,2,0,0,0,0,0,0,0,0	0,0,0,0,78,0,0,0,0,0,49,0,0,0,202,13	157	149	1	1.0	NA,0.0,0.0,NA,NA	NA,NA,NA,NA,0.0,NA,NA,1.0,NA,NA,0.0,NA,NA,NA,0.0,0.0	-0.2
3847	0,2,0,0,0	0,14,2,0,0	0,0,0,0,8,2,0,0,0,0,2,0,0,0,38,8	0,0,0,0,114,0,0,0,0,0,101,0,0,0,590,85	257	149	1	1.0	NA,0.076,0.0,NA,NA	NA,NA,NA,NA,0.039,1.0,NA,NA,NA,NA,0.011,NA,NA,NA,0.036,0.052	-0.19
3848	0,2,0,0,0	0,14,2,0,0	0,0,0,0,4,2,0,0,0,0,2,0,0,0,48,6	0,0,0,0,114,0,0,0,0,0,101,0,0,0,590,85	298	149	1	1.0	NA,0.067,0.0,NA,NA	NA,NA,NA,NA,0.017,1.0,NA,NA,NA,NA,0.01,NA,NA,NA,0.039,0.034	-0.186
3849	0,0,2,0,0	0,0,0,0,0	0,0,0,0,0,0,0,0,0,0,0,0,0,0,26,8	0,0,0,0,4,0,0,0,0,0,0,0,0,0,3,5	231	149	1	1.0	NA,NA,1.0,NA,NA	NA,NA,NA,NA,0.0,NA,NA,NA,NA,NA,NA,NA,NA,NA,0.848,0.508	0.548
3850	0,7,0,0,0	0,12,2,0,0	0,0,0,0,24,0,0,2,0,0,2,0,0,0,71,6	0,0,0,0,162,0,0,2,0,0,86,0,0,0,444,60	298	149	1	1.0	NA,0.226,0.0,NA,NA	NA,NA,NA,NA,0.069,NA,NA,0.333,NA,NA,0.011,NA,NA,NA,0.074,0.048	0.006
3851	0,53,0,0,0	0,4,0,0,0	0,0,0,0,108,0,0,0,0,0,208,0,0,0,33,0	0,0,0,0,76,0,0,0,0,0,7,0,0,0,2,0	155	149	1	1.0	NA,0.927,NA,NA,NA	NA,NA,NA,NA,0.577,NA,NA,NA,NA,NA,0.966,NA,NA,NA,0.941,NA	0.099
3852	0,36,0,0,0	0,0,0,0,0	0,0,0,0,154,0,0,0,0,0,143,0,0,0,53,11	0,0,0,0,13,0,0,0,0,0,0,0,0,0,0,0	298	149	1	1.0	NA,1.0,NA,NA,NA	NA,NA,NA,NA,0.856,NA,NA,NA,NA,NA,1.0,NA,NA,NA,1.0,1.0	0.036
3853	0,12,0,0,0	0,12,0,0,0	0,0,0,0,32,0,0,0,0,0,64,0,0,0,41,4	0,0,0,0,42,0,0,0,0,0,89,0,0,0,31,7	155	149	1	1.0	NA,0.49,NA,NA,NA	NA,NA,NA,NA,0.423,NA,NA,NA,NA,NA,0.409,NA,NA,NA,0.56,0.355	0.053
3854	0,12,0,0,0	0,6,0,0,0	0,0,0,0,115,0,0,0,0,0,33,0,0,0,94,8	0,0,0,0,4,0,0,0,0,0,5,0,0,0,0,0	209	149	1	1.0	NA,0.588,NA,NA,NA	NA,NA,NA,NA,0.953,NA,NA,NA,NA,NA,0.825,NA,NA,NA,1.0,1.0	-0.357
3855	0,0,0,0,0	0,239,0,0,0	0,0,0,0,13,0,0,0,0,0,7,0,0,0,0,0	0,0,0,0,4506,0,0,0,0,2,1988,0,0,0,541,152	153	149	1	1.0	NA,0.0,NA,NA,NA	NA,NA,NA,NA,0.003,NA,NA,NA,NA,0.0,0.003,NA,NA,NA,0.0,0.0	-0.001
3856	0,13,0,0,0	0,184,0,0,4	0,0,0,0,0,0,0,0,0,0,13,0,0,0,0,7	0,0,0,0,2593,0,0,0,4,6,1694,0,0,0,78,101	298	149	1	1.0	NA,0.034,NA,NA,0.0	NA,NA,NA,NA,0.0,NA,NA,NA,0.0,0.0,0.004,NA,NA,NA,0.0,0.033	0.011
3857	0,532,0,0,0	0,15,0,0,0	0,0,0,0,402,0,0,0,0,0,499,0,0,0,75,18	0,0,0,0,0,0,0,0,0,0,31,0,0,0,4,0	298	149	1	1.0	NA,0.947,NA,NA,NA	NA,NA,NA,NA,1.0,NA,NA,NA,NA,NA,0.889,NA,NA,NA,0.904,1.0	-0.001
3858	0,1,0,0,0	0,127,0,0,0	0,0,0,0,0,0,0,0,0,0,6,0,0,0,0,4	0,0,0,0,875,0,0,0,0,0,366,0,0,0,252,20	298	149	1	1.0	NA,0.004,NA,NA,NA	NA,NA,NA,NA,0.0,NA,NA,NA,NA,NA,0.008,NA,NA,NA,0.0,0.091	-0.021
3859	0,23,0,0,0	0,6,0,0,0	0,0,0,0,32,0,0,0,0,0,81,0,0,0,266,11	0,0,0,0,69,0,0,0,0,0,43,0,0,0,142,6	169	149	1	1.0	NA,0.772,NA,NA,NA	NA,NA,NA,NA,0.29,NA,NA,NA,NA,NA,0.624,NA,NA,NA,0.623,0.618	0.233
3860	0,44,0,0,0	0,0,0,0,0	0,0,0,0,174,0,0,2,0,0,107,0,0,0,109,35	0,0,0,0,0,0,0,0,0,0,0,0,0,0,0,2	174	149	1	1.0	NA,1.0,NA,NA,NA	NA,NA,NA,NA,1.0,NA,NA,1.0,NA,NA,1.0,NA,NA,NA,1.0,0.937	0.013
3862	0,43,0,0,0	0,0,0,0,0	0,0,0,0,63,0,0,0,0,0,73,0,0,0,29,1	0,0,0,0,0,0,0,0,0,0,4,0,0,0,0,0	190	149	1	1.0	NA,1.0,NA,NA,NA	NA,NA,NA,NA,1.0,NA,NA,NA,NA,NA,0.935,NA,NA,NA,1.0,1.0	0.016
3865	0,4,0,0,0	0,0,0,0,0	0,0,0,0,39,2,0,0,4,0,31,0,0,0,129,16	0,0,0,0,0,0,0,0,0,0,0,0,0,0,0,1	298	149	1	1.0	NA,1.0,NA,NA,NA	NA,NA,NA,NA,1.0,1.0,NA,NA,1.0,NA,1.0,NA,NA,NA,1.0,0.889	0.018
3866	0,4,0,0,0	0,0,0,0,0	0,0,0,0,0,0,0,0,0,0,0,0,0,0,3,4	0,0,0,0,6,0,0,0,0,0,0,0,0,0,0,0	178	149	1	1.0	NA,1.0,NA,NA,NA	NA,NA,NA,NA,0.0,NA,NA,NA,NA,NA,NA,NA,NA,NA,1.0,1.0	0.333
3867	0,3,0,0,0	0,11,0,0,0	0,0,0,0,164,0,0,0,0,0,7,0,0,0,2,0	0,0,0,0,1334,0,0,0,0,0,5,0,0,0,6,1	197	149	1	1.0	NA,0.171,NA,NA,NA	NA,NA,NA,NA,0.085,NA,NA,NA,NA,NA,0.514,NA,NA,NA,0.201,0.0	-0.029
3868	0,0,0,0,0	0,119,0,0,0	0,0,0,0,0,0,0,0,0,0,0,0,0,0,0,2	0,0,0,0,142,0,0,0,0,0,421,0,0,0,228,48	195	149	1	1.0	NA,0.0,NA,NA,NA	NA,NA,NA,NA,0.0,NA,NA,NA,NA,NA,0.0,NA,NA,NA,0.0,0.031	-0.008
3869	0,0,0,0,0	0,33,0,0,0	0,0,0,0,13,0,0,0,0,0,2,0,0,0,0,1	0,0,0,0,42,0,0,0,0,0,39,0,0,0,0,4	188	149	1	1.0	NA,0.0,NA,NA,NA	NA,NA,NA,NA,0.197,NA,NA,NA,NA,NA,0.039,NA,NA,NA,NA,0.165	-0.134
3870	0,0,0,0,0	0,146,0,0,0	0,0,0,0,6,0,0,0,0,0,1,0,0,0,0,0	0,0,0,0,528,4,0,0,0,0,407,0,0,0,88,13	298	149	1	1.0	NA,0.0,NA,NA,NA	NA,NA,NA,NA,0.006,0.0,NA,NA,NA,NA,0.001,NA,NA,NA,0.0,0.0	-0.001
3871	0,0,0,0,0	0,5,0,0,2	0,0,0,0,0,0,0,0,0,0,0,0,0,0,40,1	0,0,0,0,84,2,6,0,0,0,107,0,0,0,221,22	298	149	1	1.0	NA,0.0,NA,NA,0.0	NA,NA,NA,NA,0.0,0.0,0.0,NA,NA,NA,0.0,NA,NA,NA,0.083,0.022	-0.018
3872	0,35,0,0,0	0,0,0,0,0	0,0,0,0,82,0,0,0,0,0,148,0,0,0,274,39	0,0,0,0,0,0,0,0,0,0,2,0,0,0,1,4	298	149	1	1.0	NA,1.0,NA,NA,NA	NA,NA,NA,NA,1.0,NA,NA,NA,NA,NA,0.974,NA,NA,NA,0.993,0.83	0.051
3877	0,339,0,0,0	0,0,0,0,0	0,0,0,0,296,0,0,0,0,0,351,0,0,0,169,5	0,0,0,0,0,0,0,0,0,0,2,0,0,0,0,0	265	149	1	1.0	NA,1.0,NA,NA,NA	NA,NA,NA,NA,1.0,NA,NA,NA,NA,NA,0.99,NA,NA,NA,1.0,1.0	0.002
3878	0,11,0,0,0	0,14,0,0,0	0,0,0,0,20,0,0,0,0,0,4,0,0,0,29,3	0,0,0,0,2,0,0,0,0,0,0,0,0,0,0,0	298	149	1	1.0	NA,0.282,NA,NA,NA	NA,NA,NA,NA,0.833,NA,NA,NA,NA,NA,1.0,NA,NA,NA,1.0,1.0	-0.676
3879	0,0,0,0,0	0,5,0,0,0	0,0,0,0,0,0,0,0,0,0,0,0,0,0,0,3	0,0,0,0,82,0,0,0,0,0,140,0,0,0,111,21	298	149	1	1.0	NA,0.0,NA,NA,NA	NA,NA,NA,NA,0.0,NA,NA,NA,NA,NA,0.0,NA,NA,NA,0.0,0.067	-0.017
3880	0,18,0,0,0	0,0,0,0,0	0,0,0,0,20,0,0,0,0,0,49,0,0,0,0,1	0,0,0,0,8,0,0,0,0,0,0,0,0,0,0,0	232	149	1	1.0	NA,1.0,NA,NA,NA	NA,NA,NA,NA,0.616,NA,NA,NA,NA,NA,1.0,NA,NA,NA,NA,1.0	0.128
3881	0,73,0,0,0	0,0,0,0,0	0,0,0,0,216,0,0,0,2,0,253,0,0,0,77,8	0,0,0,0,90,0,0,0,0,0,31,0,0,0,10,0	194	149	1	1.0	NA,1.0,NA,NA,NA	NA,NA,NA,NA,0.648,NA,NA,NA,1.0,NA,0.862,NA,NA,NA,0.855,1.0	0.127
3882	0,146,0,0,0	0,18,0,0,0	0,0,0,0,99,2,2,0,2,0,687,0,0,0,148,8	0,0,0,0,5,0,0,0,0,0,27,0,0,0,6,0	194	149	1	1.0	NA,0.862,NA,NA,NA	NA,NA,NA,NA,0.938,1.0,1.0,NA,1.0,NA,0.951,NA,NA,NA,0.95,1.0	-0.115
3884	0,0,0,0,0	0,2,0,0,3	0,0,0,0,4,2,0,0,0,0,6,0,0,0,2,0	0,0,0,0,85,0,0,0,0,0,31,0,0,0,126,1	207	149	1	1.0	NA,0.0,NA,NA,0.0	NA,NA,NA,NA,0.033,1.0,NA,NA,NA,NA,0.122,NA,NA,NA,0.011,0.0	-0.233
3886	0,12,0,0,0	0,6,0,0,0	0,0,0,0,39,0,0,0,0,0,5,0,0,0,43,12	0,0,0,0,0,0,0,0,0,0,26,0,0,0,38,9	276	149	1	1.0	NA,0.519,NA,NA,NA	NA,NA,NA,NA,1.0,NA,NA,NA,NA,NA,0.094,NA,NA,NA,0.379,0.419	0.046
3887	0,478,0,0,0	0,0,0,0,0	0,0,0,0,4347,0,0,0,0,4,2340,0,0,0,373,30	0,0,0,0,14,0,0,0,0,0,0,0,0,0,0,0	167	149	1	1.0	NA,1.0,NA,NA,NA	NA,NA,NA,NA,0.996,NA,NA,NA,NA,1.0,1.0,NA,NA,NA,1.0,1.0	0.001
3888	0,21,0,0,0	0,19,0,0,0	0,0,0,0,62,0,0,0,0,0,27,0,0,0,66,5	0,0,0,0,12,0,0,0,0,0,27,0,0,0,34,4	209	149	1	1.0	NA,0.441,NA,NA,NA	NA,NA,NA,NA,0.786,NA,NA,NA,NA,NA,0.416,NA,NA,NA,0.581,0.471	-0.122
3890	0,420,0,0,0	0,0,0,0,0	0,0,0,0,756,2,0,0,0,0,1367,0,0,0,850,102	0,0,0,0,0,0,0,0,0,0,1,0,0,0,8,0	200	149	1	1.0	NA,1.0,NA,NA,NA	NA,NA,NA,NA,1.0,1.0,NA,NA,NA,NA,0.999,NA,NA,NA,0.988,1.0	0.003
3891	0,1,0,0,0	0,24,0,0,0	0,0,0,0,0,0,0,0,0,0,6,0,0,0,0,4	0,0,0,0,103,0,0,0,0,0,109,0,0,0,57,47	185	149	1	1.0	NA,0.032,NA,NA,NA	NA,NA,NA,NA,0.0,NA,NA,NA,NA,NA,0.042,NA,NA,NA,0.0,0.064	0.005
3905	0,0,0,0,0	0,9,0,0,0	0,0,0,0,2,0,0,0,0,0,1,0,0,0,0,0	0,0,0,0,17,0,0,0,0,0,7,0,0,0,0,5	298	149	1	1.0	NA,0.0,NA,NA,NA	NA,NA,NA,NA,0.056,NA,NA,NA,NA,NA,0.067,NA,NA,NA,NA,0.0	-0.041
3906	0,0,0,0,0	0,33,0,0,0	0,0,0,0,0,0,0,0,0,0,40,0,0,0,0,0	0,0,0,0,15,0,0,0,0,0,92,0,0,0,2,11	236	149	1	1.0	NA,0.0,NA,NA,NA	NA,NA,NA,NA,0.0,NA,NA,NA,NA,NA,0.215,NA,NA,NA,0.0,0.0	-0.054
3910	0,20,0,0,0	0,1,0,0,0	0,0,0,0,54,0,0,0,0,0,49,0,0,0,37,8	0,0,0,0,0,0,0,0,0,0,0,0,0,0,0,0	161	149	1	1.0	NA,0.949,NA,NA,NA	NA,NA,NA,NA,1.0,NA,NA,NA,NA,NA,1.0,NA,NA,NA,1.0,1.0	-0.051
3911	0,205,0,0,0	0,91,0,0,0	0,0,0,0,413,0,0,2,0,0,600,0,0,0,140,12	0,0,0,0,125,0,0,0,0,0,198,0,0,0,36,5	161	149	1	1.0	NA,0.676,NA,NA,NA	NA,NA,NA,NA,0.754,NA,NA,1.0,NA,NA,0.737,NA,NA,NA,0.783,0.69	-0.117
3912	0,20,0,0,0	0,0,0,0,0	0,0,0,0,54,0,0,0,0,0,49,0,0,0,37,8	0,0,0,0,0,0,0,0,0,0,2,0,0,0,0,0	161	149	1	1.0	NA,1.0,NA,NA,NA	NA,NA,NA,NA,1.0,NA,NA,NA,NA,NA,0.958,NA,NA,NA,1.0,1.0	0.01
3913	0,32,0,0,0	0,8,0,0,0	0,0,0,0,15,0,0,0,0,0,20,0,0,0,26,8	0,0,0,0,17,0,0,0,0,0,72,0,0,0,166,10	298	149	1	1.0	NA,0.667,NA,NA,NA	NA,NA,NA,NA,0.306,NA,NA,NA,NA,NA,0.122,NA,NA,NA,0.073,0.286	0.47
3914	0,8,0,0,0	0,0,0,0,0	0,0,0,0,132,0,0,2,0,0,336,0,0,0,79,73	0,0,0,0,0,0,0,0,0,0,2,0,0,0,9,0	298	149	1	1.0	NA,1.0,NA,NA,NA	NA,NA,NA,NA,1.0,NA,NA,1.0,NA,NA,0.988,NA,NA,NA,0.814,1.0	0.04
3915	0,8,0,0,0	0,0,0,0,0	0,0,0,0,109,0,0,2,0,0,313,0,0,0,77,69	0,0,0,0,0,0,0,0,0,0,2,0,0,0,8,0	298	149	1	1.0	NA,1.0,NA,NA,NA	NA,NA,NA,NA,1.0,NA,NA,1.0,NA,NA,0.987,NA,NA,NA,0.828,1.0	0.037
3917	0,12,0,0,0	0,17,2,0,0	0,0,0,0,65,0,0,0,0,0,18,0,0,0,69,0	0,0,0,0,50,0,0,0,0,2,86,0,0,0,167,5	298	149	1	1.0	NA,0.261,0.0,NA,NA	NA,NA,NA,NA,0.394,NA,NA,NA,NA,0.0,0.095,NA,NA,NA,0.171,0.0	-0.002
3919	0,4,0,0,0	0,0,0,0,0	0,0,0,0,104,0,0,0,2,0,89,0,0,0,93,6	0,0,0,0,0,0,0,0,0,0,1,0,0,0,0,0	183	149	1	1.0	NA,1.0,NA,NA,NA	NA,NA,NA,NA,1.0,NA,NA,NA,1.0,NA,0.986,NA,NA,NA,1.0,1.0	0.003
3920	0,7,0,0,0	0,11,0,0,0	0,0,0,0,8,0,0,0,0,0,30,0,0,0,35,1	0,0,0,0,59,0,0,0,0,0,60,0,0,0,162,6	152	149	1	1.0	NA,0.384,NA,NA,NA	NA,NA,NA,NA,0.117,NA,NA,NA,NA,NA,0.329,NA,NA,NA,0.175,0.14	0.194
3923	0,3,18,0,16	0,0,0,0,0	0,0,0,0,298,10,6,12,4,2,208,0,0,0,2470,391	0,0,0,0,0,0,0,0,0,0,8,0,0,0,4,3	298	149	1	1.0	NA,1.0,1.0,NA,1.0	NA,NA,NA,NA,1.0,1.0,1.0,1.0,1.0,1.0,0.929,NA,NA,NA,0.997,0.985	0.01
3924	0,33,0,0,0	0,511,0,0,0	0,0,0,0,33,0,0,0,0,0,16,0,0,0,0,0	0,0,0,0,710,0,0,0,0,0,974,0,0,0,49,71	298	149	1	1.0	NA,0.031,NA,NA,NA	NA,NA,NA,NA,0.023,NA,NA,NA,NA,NA,0.008,NA,NA,NA,0.0,0.0	0.023
3927	0,11,0,0,0	0,37,0,0,0	0,0,0,0,74,0,0,0,0,0,2,0,0,0,1,0	0,0,0,0,150,0,0,0,0,0,43,0,0,0,0,1	298	149	1	1.0	NA,0.129,NA,NA,NA	NA,NA,NA,NA,0.198,NA,NA,NA,NA,NA,0.023,NA,NA,NA,1.0,0.0	-0.176
3928	0,3,0,0,0	0,30,0,0,0	0,0,0,0,34,0,0,0,0,0,6,0,0,0,0,0	0,0,0,0,221,0,0,0,0,0,28,0,0,0,4,4	298	149	1	1.0	NA,0.048,NA,NA,NA	NA,NA,NA,NA,0.071,NA,NA,NA,NA,NA,0.097,NA,NA,NA,0.0,0.0	0.006
3931	0,2,0,0,0	0,4,0,0,0	0,0,0,0,27,0,0,0,0,0,25,0,0,0,67,10	0,0,0,0,0,0,0,0,0,0,14,0,0,0,6,0	153	149	1	1.0	NA,0.327,NA,NA,NA	NA,NA,NA,NA,1.0,NA,NA,NA,NA,NA,0.635,NA,NA,NA,0.916,1.0	-0.561
3932	0,737,0,0,0	0,25,0,0,0	0,0,0,0,897,0,0,0,0,0,580,0,0,0,2,40	0,0,0,0,9,0,0,0,0,0,11,0,0,0,0,7	294	149	1	1.0	NA,0.937,NA,NA,NA	NA,NA,NA,NA,0.981,NA,NA,NA,NA,NA,0.964,NA,NA,NA,1.0,0.743	0.015
3933	0,244,0,0,0	0,5,0,0,0	0,0,0,0,359,0,0,0,0,4,278,0,0,0,14,50	0,0,0,0,15,0,0,0,0,0,15,0,0,0,0,3	176	149	1	1.0	NA,0.976,NA,NA,NA	NA,NA,NA,NA,0.953,NA,NA,NA,NA,1.0,0.94,NA,NA,NA,1.0,0.934	0.011
3934	0,92,0,0,2	0,6,0,0,0	0,0,0,0,289,0,0,0,0,0,213,0,0,0,0,101	0,0,0,0,31,0,0,0,0,0,27,0,0,0,0,2	153	149	1	1.0	NA,0.937,NA,NA,1.0	NA,NA,NA,NA,0.901,NA,NA,NA,NA,NA,0.885,NA,NA,NA,NA,0.98	0.046
3935	0,0,0,0,0	0,37,0,0,4	0,0,0,0,0,0,0,0,0,0,7,0,0,0,6,2	0,0,0,0,75,0,0,0,0,0,217,0,0,0,125,3	163	149	1	1.0	NA,0.0,NA,NA,0.0	NA,NA,NA,NA,0.0,NA,NA,NA,NA,NA,0.029,NA,NA,NA,0.042,0.379	-0.113
3936	0,80,0,0,0	0,15,0,0,0	0,0,0,0,321,0,0,0,0,0,116,0,0,0,8,2	0,0,0,0,35,0,0,0,0,0,48,0,0,0,6,0	184	149	1	1.0	NA,0.812,NA,NA,NA	NA,NA,NA,NA,0.881,NA,NA,NA,NA,NA,0.662,NA,NA,NA,0.519,1.0	0.046
3940	0,192,0,0,0	0,0,0,0,0	0,0,0,0,381,0,0,0,0,0,618,0,0,0,123,19	0,0,0,0,0,0,0,0,0,0,0,0,0,0,6,0	200	149	1	1.0	NA,1.0,NA,NA,NA	NA,NA,NA,NA,1.0,NA,NA,NA,NA,NA,1.0,NA,NA,NA,0.939,1.0	0.015
3951	0,107,0,0,0	0,0,0,0,0	0,0,0,0,205,0,0,0,0,0,167,0,0,0,334,34	0,0,0,0,0,0,0,0,0,0,0,0,0,0,3,0	200	149	1	1.0	NA,1.0,NA,NA,NA	NA,NA,NA,NA,1.0,NA,NA,NA,NA,NA,1.0,NA,NA,NA,0.988,1.0	0.003
3953	0,6,0,0,0	0,16,0,0,0	0,0,0,0,30,0,0,0,0,0,13,0,0,0,2,0	0,0,0,0,102,0,0,0,0,0,86,0,0,0,90,6	243	149	1	1.0	NA,0.187,NA,NA,NA	NA,NA,NA,NA,0.153,NA,NA,NA,NA,NA,0.085,NA,NA,NA,0.013,0.0	0.124
3954	0,2280,0,0,0	0,5,0,0,0	0,0,0,0,3500,2,4,5,8,6,8068,0,0,0,6980,567	0,0,0,0,21,0,0,0,0,0,80,0,0,0,32,4	254	149	1	1.0	NA,0.996,NA,NA,NA	NA,NA,NA,NA,0.99,1.0,1.0,1.0,1.0,1.0,0.983,NA,NA,NA,0.992,0.988	0.001
3955	0,4,0,0,0	0,451,0,0,0	0,0,0,0,32,0,0,0,0,0,29,0,0,0,0,2	0,0,0,0,1324,2,0,2,2,2,3439,0,0,0,2593,205	222	149	1	1.0	NA,0.006,NA,NA,NA	NA,NA,NA,NA,0.016,0.0,NA,0.0,0.0,0.0,0.006,NA,NA,NA,0.0,0.007	0.002
3956	0,4,0,0,0	0,0,0,0,0	0,0,0,0,42,0,0,0,0,0,8,0,0,0,39,23	0,0,0,0,0,0,0,0,0,0,0,0,0,0,2,0	194	149	1	1.0	NA,1.0,NA,NA,NA	NA,NA,NA,NA,1.0,NA,NA,NA,NA,NA,1.0,NA,NA,NA,0.937,1.0	0.016
3957	0,54,0,0,0	0,30,0,0,0	0,0,0,0,221,0,0,0,0,0,139,0,0,0,4,8	0,0,0,0,100,0,0,0,0,0,17,0,0,0,4,3	265	149	1	1.0	NA,0.503,NA,NA,NA	NA,NA,NA,NA,0.554,NA,NA,NA,NA,NA,0.821,NA,NA,NA,0.36,0.6	-0.081
3959	0,37,0,0,0	0,22,0,0,0	0,0,0,0,122,0,0,0,0,0,58,0,0,0,42,15	0,0,0,0,31,0,0,0,0,0,36,0,0,0,13,22	179	149	1	1.0	NA,0.583,NA,NA,NA	NA,NA,NA,NA,0.766,NA,NA,NA,NA,NA,0.573,NA,NA,NA,0.729,0.362	-0.025
3960	0,0,0,0,0	0,36,0,0,0	0,0,0,0,0,0,0,0,0,0,0,0,0,0,3,3	0,0,0,0,149,0,0,0,0,0,61,0,0,0,49,13	269	149	1	1.0	NA,0.0,NA,NA,NA	NA,NA,NA,NA,0.0,NA,NA,NA,NA,NA,0.0,NA,NA,NA,0.033,0.113	-0.037
3965	0,0,0,0,0	0,3,0,0,0	0,0,0,0,0,0,0,0,0,0,18,0,0,0,2,8	0,0,0,0,28,0,0,0,0,0,7,0,0,0,0,2	226	149	1	1.0	NA,0.0,NA,NA,NA	NA,NA,NA,NA,0.0,NA,NA,NA,NA,NA,0.629,NA,NA,NA,1.0,0.725	-0.589
3966	0,58,0,0,0	0,33,0,0,0	0,0,0,0,93,0,0,0,0,0,24,0,0,0,2,13	0,0,0,0,90,0,0,0,0,0,9,0,0,0,1,0	298	149	1	1.0	NA,0.468,NA,NA,NA	NA,NA,NA,NA,0.341,NA,NA,NA,NA,NA,0.571,NA,NA,NA,0.5,1.0	-0.135
3969	0,4,0,0,0	0,0,0,0,0	0,0,0,0,1,0,0,0,0,0,21,0,0,0,40,0	0,0,0,0,0,0,0,0,0,0,2,0,0,0,3,0	187	149	1	1.0	NA,1.0,NA,NA,NA	NA,NA,NA,NA,1.0,NA,NA,NA,NA,NA,0.893,NA,NA,NA,0.914,NA	0.064
3970	0,15,2,0,0	0,263,28,0,4	0,0,0,0,1,0,0,0,0,0,85,0,0,0,183,0	0,0,0,0,2,0,0,4,0,0,480,0,0,0,717,0	187	149	1	1.0	NA,0.043,0.054,NA,0.0	NA,NA,NA,NA,0.285,NA,NA,0.0,NA,NA,0.124,NA,NA,NA,0.169,NA	-0.112
3971	0,146,0,0,0	0,26,0,0,0	0,0,0,0,204,0,0,0,0,0,100,0,0,0,111,65	0,0,0,0,96,0,0,0,0,0,5,0,0,0,15,0	234	149	1	1.0	NA,0.781,NA,NA,NA	NA,NA,NA,NA,0.575,NA,NA,NA,NA,NA,0.927,NA,NA,NA,0.825,1.0	-0.051
3972	0,70,0,0,0	0,8,0,0,0	0,0,0,0,81,0,0,0,0,0,48,0,0,0,25,33	0,0,0,0,0,0,0,0,0,0,1,0,0,0,0,0	234	149	1	1.0	NA,0.848,NA,NA,NA	NA,NA,NA,NA,1.0,NA,NA,NA,NA,NA,0.968,NA,NA,NA,1.0,1.0	-0.144
3974	0,3,0,0,0	0,318,0,0,0	0,0,0,0,22,0,0,0,0,0,3,0,0,0,1,0	0,0,0,0,1108,0,0,0,0,2,517,0,0,0,59,15	265	149	1	1.0	NA,0.005,NA,NA,NA	NA,NA,NA,NA,0.011,NA,NA,NA,NA,0.0,0.003,NA,NA,NA,0.009,0.0	0.0
3975	0,4,0,0,0	0,338,0,0,0	0,0,0,0,9,0,0,0,0,0,1,0,0,0,2,0	0,0,0,0,1137,0,0,0,6,4,465,0,0,0,63,1	252	149	1	1.0	NA,0.007,NA,NA,NA	NA,NA,NA,NA,0.005,NA,NA,NA,0.0,0.0,0.001,NA,NA,NA,0.018,0.0	0.003
3976	0,34,0,0,0	0,318,0,0,0	0,0,0,0,44,0,0,0,0,0,93,0,0,0,66,3	0,0,0,0,380,0,0,2,0,2,499,0,0,0,399,27	170	149	1	1.0	NA,0.086,NA,NA,NA	NA,NA,NA,NA,0.092,NA,NA,0.0,NA,0.0,0.14,NA,NA,NA,0.127,0.089	0.011
3977	0,12,0,0,0	0,0,0,0,0	0,0,0,0,92,0,0,0,2,0,95,0,0,0,89,11	0,0,0,0,4,0,0,0,0,0,1,0,0,0,2,0	191	149	1	1.0	NA,1.0,NA,NA,NA	NA,NA,NA,NA,0.947,NA,NA,NA,1.0,NA,0.987,NA,NA,NA,0.972,1.0	0.019
3979	0,1284,58,0,10	0,1,0,0,0	0,0,0,0,11,0,0,0,0,0,706,0,0,0,993,1	0,0,0,0,0,0,0,0,0,0,0,0,0,0,0,0	244	149	1	1.0	NA,0.999,1.0,NA,1.0	NA,NA,NA,NA,1.0,NA,NA,NA,NA,NA,1.0,NA,NA,NA,1.0,1.0	-0.0
3984	0,110,2,0,0	0,85,0,0,0	0,0,0,0,552,0,0,0,0,2,444,0,0,0,129,32	0,0,0,0,114,2,2,0,0,0,143,0,0,0,139,22	298	149	1	1.0	NA,0.393,1.0,NA,NA	NA,NA,NA,NA,0.708,0.0,0.0,NA,NA,1.0,0.608,NA,NA,NA,0.317,0.421	0.26
3988	0,7,0,0,0	0,48,0,0,0	0,0,0,0,17,0,0,0,0,2,48,0,0,0,36,9	0,0,0,0,75,0,0,0,0,0,183,0,0,0,39,28	161	149	1	1.0	NA,0.119,NA,NA,NA	NA,NA,NA,NA,0.173,NA,NA,NA,NA,1.0,0.195,NA,NA,NA,0.461,0.229	-0.293
3990	0,4,0,0,0	0,51,0,0,0	0,0,0,0,111,0,0,0,0,0,0,0,0,0,3,0	0,0,0,0,104,0,0,0,0,0,339,0,0,0,43,18	298	149	1	1.0	NA,0.038,NA,NA,NA	NA,NA,NA,NA,0.348,NA,NA,NA,NA,NA,0.0,NA,NA,NA,0.034,0.0	-0.058
3991	0,20,0,0,0	0,2,0,0,0	0,0,0,0,142,0,0,0,0,4,361,0,0,0,234,10	0,0,0,0,3,0,0,0,0,0,0,0,0,0,0,0	298	149	1	1.0	NA,0.833,NA,NA,NA	NA,NA,NA,NA,0.959,NA,NA,NA,NA,1.0,1.0,NA,NA,NA,1.0,1.0	-0.159
3993	0,1,0,0,0	0,35,0,0,0	0,0,0,0,20,0,0,0,0,0,3,0,0,0,23,2	0,0,0,0,92,0,0,0,0,0,300,0,0,0,250,4	298	149	1	1.0	NA,0.014,NA,NA,NA	NA,NA,NA,NA,0.098,NA,NA,NA,NA,NA,0.005,NA,NA,NA,0.044,0.2	-0.073
3994	0,1,0,0,0	0,35,0,0,0	0,0,0,0,20,0,0,0,0,0,3,0,0,0,23,2	0,0,0,0,92,0,0,0,0,0,300,0,0,0,250,4	298	149	1	1.0	NA,0.014,NA,NA,NA	NA,NA,NA,NA,0.098,NA,NA,NA,NA,NA,0.005,NA,NA,NA,0.044,0.2	-0.073
3995	0,0,0,0,0	0,32,0,0,0	0,0,0,0,1,0,0,0,0,0,0,0,0,0,0,0	0,0,0,0,226,0,0,0,0,1,157,0,0,0,371,31	160	149	1	1.0	NA,0.0,NA,NA,NA	NA,NA,NA,NA,0.004,NA,NA,NA,NA,0.0,0.0,NA,NA,NA,0.0,0.0	-0.001
3996	0,3,0,0,0	0,0,0,0,0	0,0,0,0,78,0,0,0,0,0,9,0,0,0,5,2	0,0,0,0,0,0,0,0,0,0,8,0,0,0,11,1	240	149	1	1.0	NA,1.0,NA,NA,NA	NA,NA,NA,NA,1.0,NA,NA,NA,NA,NA,0.411,NA,NA,NA,0.22,0.554	0.454
3997	0,20,0,0,0	0,60,0,0,0	0,0,0,0,35,0,0,0,0,0,5,0,0,0,21,0	0,0,0,0,132,0,0,0,0,0,185,0,0,0,119,30	291	149	1	1.0	NA,0.146,NA,NA,NA	NA,NA,NA,NA,0.12,NA,NA,NA,NA,NA,0.014,NA,NA,NA,0.083,0.0	0.092
3998	0,20,0,0,0	0,9,0,0,0	0,0,0,0,35,0,0,0,0,0,3,0,0,0,18,0	0,0,0,0,32,0,0,0,0,0,1,0,0,0,0,0	291	149	1	1.0	NA,0.532,NA,NA,NA	NA,NA,NA,NA,0.359,NA,NA,NA,NA,NA,0.606,NA,NA,NA,1.0,NA	-0.123
3999	0,4,0,0,0	0,0,0,0,0	0,0,0,0,22,0,0,0,0,0,1,0,0,0,8,0	0,0,0,0,36,0,0,0,0,0,9,0,0,0,0,0	248	149	1	1.0	NA,1.0,NA,NA,NA	NA,NA,NA,NA,0.269,NA,NA,NA,NA,NA,0.063,NA,NA,NA,1.0,NA	0.556
4000	0,27,0,0,0	0,134,0,0,0	0,0,0,0,0,0,0,0,0,0,4,0,0,0,0,0	0,0,0,0,232,0,0,0,0,0,233,0,0,0,79,21	278	149	1	1.0	NA,0.097,NA,NA,NA	NA,NA,NA,NA,0.0,NA,NA,NA,NA,NA,0.009,NA,NA,NA,0.0,0.0	0.095
4002	0,5,0,0,0	0,45,0,0,0	0,0,0,0,11,0,0,0,0,0,9,0,0,0,0,7	0,0,0,0,130,0,0,0,0,0,233,0,0,0,8,44	298	149	1	1.0	NA,0.053,NA,NA,NA	NA,NA,NA,NA,0.041,NA,NA,NA,NA,NA,0.019,NA,NA,NA,0.0,0.074	0.019
4006	0,102,0,0,0	0,20,0,0,0	0,0,0,0,37,0,0,0,0,0,8,0,0,0,69,0	0,0,0,0,0,0,0,0,0,0,2,0,0,0,13,0	207	149	1	1.0	NA,0.786,NA,NA,NA	NA,NA,NA,NA,1.0,NA,NA,NA,NA,NA,0.742,NA,NA,NA,0.793,NA	-0.059
4007	0,56,0,0,0	0,6,0,0,0	0,0,0,0,2,0,0,0,0,0,0,0,0,0,5,3	0,0,0,0,0,0,0,0,0,0,2,0,0,0,0,0	216	149	1	1.0	NA,0.866,NA,NA,NA	NA,NA,NA,NA,1.0,NA,NA,NA,NA,NA,0.0,NA,NA,NA,1.0,1.0	0.116
4008	0,325,0,0,0	0,6,0,0,0	0,0,0,0,31,0,0,0,0,0,20,0,0,0,22,6	0,0,0,0,0,0,0,0,0,0,2,0,0,0,0,0	234	149	1	1.0	NA,0.972,NA,NA,NA	NA,NA,NA,NA,1.0,NA,NA,NA,NA,NA,0.864,NA,NA,NA,1.0,1.0	0.006
4013	0,8,0,0,0	0,1745,0,0,4	0,0,0,0,27,0,0,0,0,0,30,0,0,0,13,6	0,0,0,0,2414,0,0,5,0,8,3264,0,0,0,498,152	163	149	1	1.0	NA,0.004,NA,NA,0.0	NA,NA,NA,NA,0.01,NA,NA,0.0,NA,0.0,0.008,NA,NA,NA,0.023,0.035	-0.011
4015	0,0,0,0,0	0,21,0,0,0	0,0,0,0,22,0,0,0,0,0,24,0,0,0,0,0	0,0,0,0,124,0,0,0,0,2,251,0,0,0,0,2	243	149	1	1.0	NA,0.0,NA,NA,NA	NA,NA,NA,NA,0.098,NA,NA,NA,NA,0.0,0.055,NA,NA,NA,NA,0.0	-0.038
4016	0,64,0,0,0	0,0,0,0,0	0,0,0,0,147,0,2,0,0,0,34,0,0,0,21,28	0,0,0,0,6,0,0,0,0,0,0,0,0,0,0,0	298	149	1	1.0	NA,1.0,NA,NA,NA	NA,NA,NA,NA,0.925,NA,1.0,NA,NA,NA,1.0,NA,NA,NA,1.0,1.0	0.015
4017	0,11,0,0,0	0,24,0,0,0	0,0,0,0,21,0,0,0,0,0,0,0,0,0,25,5	0,0,0,0,86,0,2,0,0,0,24,0,0,0,4,11	262	149	1	1.0	NA,0.207,NA,NA,NA	NA,NA,NA,NA,0.122,NA,0.0,NA,NA,NA,0.0,NA,NA,NA,0.78,0.205	-0.014
4018	0,120,0,0,0	0,1,0,0,0	0,0,0,0,308,0,2,0,0,0,27,0,0,0,56,20	0,0,0,0,7,0,0,0,0,0,0,0,0,0,0,0	223	149	1	1.0	NA,0.988,NA,NA,NA	NA,NA,NA,NA,0.967,NA,1.0,NA,NA,NA,1.0,NA,NA,NA,1.0,1.0	-0.005
4021	0,20,0,0,0	0,1162,0,0,0	0,0,0,0,12,0,0,0,0,0,32,0,0,0,0,0	0,0,0,0,1213,0,0,2,0,0,1698,0,0,0,153,36	187	149	1	1.0	NA,0.014,NA,NA,NA	NA,NA,NA,NA,0.008,NA,NA,0.0,NA,NA,0.015,NA,NA,NA,0.0,0.0	0.009
4024	0,298,0,0,0	0,26,0,0,0	0,0,0,0,432,0,0,0,0,0,1126,0,0,0,185,57	0,0,0,0,14,0,0,0,0,0,38,0,0,0,11,1	213	149	1	1.0	NA,0.889,NA,NA,NA	NA,NA,NA,NA,0.956,NA,NA,NA,NA,NA,0.954,NA,NA,NA,0.922,0.976	-0.063
4028	0,40,0,0,0	0,32,4,0,0	0,0,0,0,136,2,0,0,0,0,56,0,0,0,160,22	0,0,0,0,478,2,0,0,0,0,99,0,0,0,172,28	282	149	1	1.0	NA,0.398,0.0,NA,NA	NA,NA,NA,NA,0.131,0.346,NA,NA,NA,NA,0.23,NA,NA,NA,0.33,0.293	-0.067
4029	0,1,0,0,0	0,29,0,0,2	0,0,0,0,0,0,0,0,0,0,3,0,0,0,13,3	0,0,0,0,182,0,0,0,0,0,91,0,0,0,267,52	155	149	1	1.0	NA,0.032,NA,NA,0.0	NA,NA,NA,NA,0.0,NA,NA,NA,NA,NA,0.031,NA,NA,NA,0.045,0.053	-0.016
4031	0,485,2,0,10	0,0,0,0,0	0,0,0,0,1395,0,0,11,2,4,1465,0,0,0,2620,214	0,0,0,0,0,0,0,0,0,0,0,0,0,0,0,2	275	149	1	1.0	NA,1.0,1.0,NA,1.0	NA,NA,NA,NA,1.0,NA,NA,1.0,1.0,1.0,1.0,NA,NA,NA,1.0,0.983	0.002
4032	0,392,0,0,0	0,1,0,0,0	0,0,0,0,433,0,0,2,0,0,943,0,0,0,77,72	0,0,0,0,14,0,0,0,0,0,10,0,0,0,0,0	298	149	1	1.0	NA,0.995,NA,NA,NA	NA,NA,NA,NA,0.939,NA,NA,1.0,NA,NA,0.979,NA,NA,NA,1.0,1.0	0.011
4033	0,5,0,0,0	0,0,0,0,0	0,0,0,0,6,0,0,0,0,0,5,0,0,0,3,0	0,0,0,0,49,0,0,0,0,0,5,0,0,0,0,0	298	149	1	1.0	NA,1.0,NA,NA,NA	NA,NA,NA,NA,0.058,NA,NA,NA,NA,NA,0.333,NA,NA,NA,1.0,NA	0.536
4035	0,763,0,0,2	0,0,0,0,0	0,0,0,0,190,0,2,1,0,0,302,0,0,0,111,12	0,0,0,0,0,0,0,0,0,0,1,0,0,0,0,0	211	149	1	1.0	NA,1.0,NA,NA,1.0	NA,NA,NA,NA,1.0,NA,1.0,1.0,NA,NA,0.995,NA,NA,NA,1.0,1.0	0.001
4036	0,27,0,0,0	0,0,0,0,0	0,0,0,0,34,0,0,0,0,0,48,0,0,0,39,4	0,0,0,0,0,0,0,0,0,0,5,0,0,0,1,0	298	149	1	1.0	NA,1.0,NA,NA,NA	NA,NA,NA,NA,1.0,NA,NA,NA,NA,NA,0.828,NA,NA,NA,0.951,1.0	0.055
4037	0,32,0,0,0	0,432,0,0,0	0,0,0,0,41,0,0,0,0,0,49,0,0,0,0,0	0,0,0,0,455,0,0,1,0,0,643,0,0,0,3,10	298	149	1	1.0	NA,0.036,NA,NA,NA	NA,NA,NA,NA,0.043,NA,NA,0.0,NA,NA,0.037,NA,NA,NA,0.0,0.0	0.02
4038	0,738,0,0,0	0,0,0,0,0	0,0,0,0,900,0,0,0,0,6,1022,0,0,0,11,24	0,0,0,0,10,0,0,0,0,0,16,0,0,0,0,0	176	149	1	1.0	NA,1.0,NA,NA,NA	NA,NA,NA,NA,0.987,NA,NA,NA,NA,1.0,0.982,NA,NA,NA,1.0,1.0	0.006
4039	0,66,6,0,0	0,0,0,0,0	0,0,0,0,472,0,0,0,0,2,570,0,0,0,1286,118	0,0,0,0,0,0,0,0,0,0,0,0,0,0,1,1	209	149	1	1.0	NA,1.0,1.0,NA,NA	NA,NA,NA,NA,1.0,NA,NA,NA,NA,1.0,1.0,NA,NA,NA,0.999,0.988	0.003
4040	0,4,0,0,0	0,57,0,0,0	0,0,0,0,22,0,0,0,0,0,7,0,0,0,0,3	0,0,0,0,1077,0,0,0,2,0,823,0,0,0,274,31	271	149	1	1.0	NA,0.037,NA,NA,NA	NA,NA,NA,NA,0.011,NA,NA,NA,0.0,NA,0.005,NA,NA,NA,0.0,0.051	0.024
4041	0,158,0,0,0	0,0,0,0,0	0,0,0,0,1453,2,0,0,0,0,892,0,0,0,224,6	0,0,0,0,0,0,0,0,0,0,2,0,0,0,0,0	298	149	1	1.0	NA,1.0,NA,NA,NA	NA,NA,NA,NA,1.0,1.0,NA,NA,NA,NA,0.996,NA,NA,NA,1.0,1.0	0.001
4042	0,0,0,0,0	0,41,0,0,0	0,0,0,0,0,0,0,0,0,0,0,0,0,0,1,0	0,0,0,0,178,0,0,0,0,0,105,0,0,0,171,39	161	149	1	1.0	NA,0.0,NA,NA,NA	NA,NA,NA,NA,0.0,NA,NA,NA,NA,NA,0.0,NA,NA,NA,0.005,0.0	-0.001
4045	0,122,0,0,0	0,9,0,0,0	0,0,0,0,444,0,0,0,0,0,240,0,0,0,398,25	0,0,0,0,0,0,0,0,0,0,7,0,0,0,58,4	250	149	1	1.0	NA,0.89,NA,NA,NA	NA,NA,NA,NA,1.0,NA,NA,NA,NA,NA,0.953,NA,NA,NA,0.804,0.788	0.004
4046	0,5041,0,0,2	0,103,0,0,0	0,0,0,0,499,0,0,2,0,0,3065,0,0,0,752,82	0,0,0,0,8,0,0,0,0,0,156,0,0,0,28,4	236	149	1	1.0	NA,0.969,NA,NA,1.0	NA,NA,NA,NA,0.975,NA,NA,1.0,NA,NA,0.925,NA,NA,NA,0.944,0.928	0.03
4047	0,6073,0,0,2	0,40,0,0,0	0,0,0,0,534,0,0,3,0,0,3645,0,0,0,757,98	0,0,0,0,30,0,0,0,0,0,83,0,0,0,1,0	287	149	1	1.0	NA,0.987,NA,NA,1.0	NA,NA,NA,NA,0.902,NA,NA,1.0,NA,NA,0.958,NA,NA,NA,0.997,1.0	0.022
4048	0,1135,0,0,0	0,40,0,0,0	0,0,0,0,43,0,0,1,0,0,736,0,0,0,33,20	0,0,0,0,30,0,0,0,0,0,83,0,0,0,1,0	200	149	1	1.0	NA,0.955,NA,NA,NA	NA,NA,NA,NA,0.516,NA,NA,1.0,NA,NA,0.869,NA,NA,NA,0.961,1.0	0.086
4049	0,11,0,0,0	0,4,0,0,0	0,0,0,0,98,0,0,0,0,0,11,0,0,0,26,1	0,0,0,0,12,0,0,0,0,0,3,0,0,0,12,0	281	149	1	1.0	NA,0.593,NA,NA,NA	NA,NA,NA,NA,0.812,NA,NA,NA,NA,NA,0.66,NA,NA,NA,0.535,1.0	-0.159
4052	0,2,0,0,0	0,0,0,0,0	0,0,0,0,18,0,0,0,0,0,23,0,0,0,10,0	0,0,0,0,5,0,0,0,0,0,0,0,0,0,0,0	243	149	1	1.0	NA,1.0,NA,NA,NA	NA,NA,NA,NA,0.688,NA,NA,NA,NA,NA,1.0,NA,NA,NA,1.0,NA	0.104
4061	0,0,0,0,0	0,90,0,0,0	0,0,0,0,0,0,0,0,0,0,0,0,0,0,4,0	0,0,0,0,89,0,0,0,0,2,154,0,0,0,115,18	192	149	1	1.0	NA,0.0,NA,NA,NA	NA,NA,NA,NA,0.0,NA,NA,NA,NA,0.0,0.0,NA,NA,NA,0.026,0.0	-0.005
4062	0,0,0,0,4	0,45,0,0,0	0,0,0,0,0,0,0,0,0,0,25,0,0,0,8,5	0,0,0,0,93,0,0,0,0,0,285,0,0,0,5,0	228	149	1	1.0	NA,0.0,NA,NA,1.0	NA,NA,NA,NA,0.0,NA,NA,NA,NA,NA,0.054,NA,NA,NA,0.511,1.0	0.109
4063	0,0,0,0,0	0,4,0,0,0	0,0,0,0,0,0,0,0,0,0,0,0,0,0,0,8	0,0,0,0,8,0,0,0,0,0,4,0,0,0,5,0	196	149	1	1.0	NA,0.0,NA,NA,NA	NA,NA,NA,NA,0.0,NA,NA,NA,NA,NA,0.0,NA,NA,NA,0.0,1.0	-0.25
4064	0,2,0,0,0	0,0,0,0,0	0,0,0,0,0,0,0,0,0,0,0,0,0,0,0,0	0,0,0,0,0,0,0,0,0,0,1,0,0,0,10,0	181	149	1	1.0	NA,1.0,NA,NA,NA	NA,NA,NA,NA,NA,NA,NA,NA,NA,NA,0.0,NA,NA,NA,0.0,NA	1.0
4065	0,46,0,0,0	0,0,0,0,0	0,0,0,0,45,0,0,0,0,0,121,0,0,0,5,6	0,0,0,0,0,0,0,0,0,0,2,0,0,0,0,0	158	149	1	1.0	NA,1.0,NA,NA,NA	NA,NA,NA,NA,1.0,NA,NA,NA,NA,NA,0.983,NA,NA,NA,1.0,1.0	0.004
4067	0,75,0,0,0	0,9,0,0,0	0,0,0,0,399,1,0,0,0,0,127,0,0,0,322,96	0,0,0,0,0,0,0,0,0,0,2,0,0,0,0,1	298	149	1	1.0	NA,0.806,NA,NA,NA	NA,NA,NA,NA,1.0,1.0,NA,NA,NA,NA,0.969,NA,NA,NA,1.0,0.98	-0.184
4068	0,6,0,0,0	0,1,0,0,0	0,0,0,0,46,0,0,0,0,0,18,0,0,0,13,0	0,0,0,0,0,0,0,0,0,0,0,0,0,0,7,0	158	149	1	1.0	NA,0.85,NA,NA,NA	NA,NA,NA,NA,1.0,NA,NA,NA,NA,NA,1.0,NA,NA,NA,0.637,NA	-0.029
4069	0,90,0,0,0	0,10,0,0,0	0,0,0,0,254,0,0,0,0,0,45,0,0,0,18,26	0,0,0,0,64,0,0,0,0,0,28,0,0,0,6,3	179	149	1	1.0	NA,0.882,NA,NA,NA	NA,NA,NA,NA,0.768,NA,NA,NA,NA,NA,0.572,NA,NA,NA,0.714,0.878	0.149
4070	0,13,0,0,0	0,159,0,0,0	0,0,0,0,41,0,0,0,0,0,11,0,0,0,39,29	0,0,0,0,337,0,2,0,0,0,69,0,0,0,33,43	284	149	1	1.0	NA,0.041,NA,NA,NA	NA,NA,NA,NA,0.06,NA,0.0,NA,NA,NA,0.077,NA,NA,NA,0.383,0.261	-0.115
4071	0,26,0,0,0	0,127,0,0,0	0,0,0,0,79,0,0,0,0,0,14,0,0,0,0,57	0,0,0,0,269,0,0,0,0,4,79,0,0,0,35,50	166	149	1	1.0	NA,0.155,NA,NA,NA	NA,NA,NA,NA,0.209,NA,NA,NA,NA,0.0,0.137,NA,NA,NA,0.0,0.506	-0.015
4074	0,7,0,0,0	0,32,0,0,0	0,0,0,0,0,0,0,0,0,0,0,0,0,0,12,0	0,0,0,0,59,0,0,0,0,0,59,0,0,0,196,8	163	149	1	1.0	NA,0.167,NA,NA,NA	NA,NA,NA,NA,0.0,NA,NA,NA,NA,NA,0.0,NA,NA,NA,0.053,0.0	0.154
4075	0,8,0,0,0	0,108,0,0,2	0,0,0,0,29,0,0,0,0,0,20,0,0,0,12,4	0,0,0,0,161,0,0,4,0,4,1323,0,0,0,943,62	298	149	1	1.0	NA,0.036,NA,NA,0.0	NA,NA,NA,NA,0.083,NA,NA,0.0,NA,0.0,0.008,NA,NA,NA,0.006,0.031	-0.003
4076	0,8,0,0,0	0,0,0,0,0	0,0,0,0,65,0,0,0,0,0,15,0,0,0,0,5	0,0,0,0,0,0,0,0,0,0,1,0,0,0,0,0	298	149	1	1.0	NA,1.0,NA,NA,NA	NA,NA,NA,NA,1.0,NA,NA,NA,NA,NA,0.882,NA,NA,NA,NA,1.0	0.039
4078	0,1,0,0,0	0,0,0,0,0	0,0,0,0,6,0,2,0,0,0,40,0,0,0,91,7	0,0,0,0,0,0,0,0,0,0,0,0,0,0,0,2	161	149	1	1.0	NA,1.0,NA,NA,NA	NA,NA,NA,NA,1.0,NA,1.0,NA,NA,NA,1.0,NA,NA,NA,1.0,0.764	0.047
4079	0,10,0,0,0	0,0,0,0,0	0,0,0,0,58,0,0,0,0,0,33,0,0,0,65,9	0,0,0,0,0,0,0,0,0,0,4,0,0,0,0,0	298	149	1	1.0	NA,1.0,NA,NA,NA	NA,NA,NA,NA,1.0,NA,NA,NA,NA,NA,0.805,NA,NA,NA,1.0,1.0	0.049
4080	0,0,0,0,0	0,22,0,0,0	0,0,0,0,0,0,0,0,0,0,1,0,0,0,0,0	0,0,0,0,124,0,0,0,0,1,135,0,0,0,8,0	154	149	1	1.0	NA,0.0,NA,NA,NA	NA,NA,NA,NA,0.0,NA,NA,NA,NA,0.0,0.007,NA,NA,NA,0.0,NA	-0.002
4081	0,3,0,0,0	0,0,0,0,0	0,0,0,0,23,0,0,0,0,0,10,0,0,0,1,0	0,0,0,0,0,0,0,0,0,0,3,0,0,0,0,0	166	149	1	1.0	NA,1.0,NA,NA,NA	NA,NA,NA,NA,1.0,NA,NA,NA,NA,NA,0.749,NA,NA,NA,1.0,NA	0.084
4082	0,25,0,0,0	0,0,0,0,0	0,0,0,0,147,0,0,0,0,1,144,0,0,0,9,0	0,0,0,0,0,0,0,0,0,0,3,0,0,0,0,0	161	149	1	1.0	NA,1.0,NA,NA,NA	NA,NA,NA,NA,1.0,NA,NA,NA,NA,1.0,0.978,NA,NA,NA,1.0,NA	0.006
4083	0,9,0,0,0	0,0,0,0,0	0,0,0,0,20,0,0,0,0,0,32,0,0,0,0,0	0,0,0,0,10,0,0,0,0,0,2,0,0,0,0,0	220	149	1	1.0	NA,1.0,NA,NA,NA	NA,NA,NA,NA,0.575,NA,NA,NA,NA,NA,0.916,NA,NA,NA,NA,NA	0.254
4088	0,94,0,0,0	0,0,0,0,0	0,0,0,0,308,0,0,1,0,0,217,0,0,0,88,21	0,0,0,0,9,0,0,0,0,0,2,0,0,0,0,3	185	149	1	1.0	NA,1.0,NA,NA,NA	NA,NA,NA,NA,0.965,NA,NA,1.0,NA,NA,0.989,NA,NA,NA,1.0,0.849	0.039
4089	0,207,0,0,0	0,0,0,0,0	0,0,0,0,82,0,0,0,0,0,119,0,0,0,146,10	0,0,0,0,0,0,0,0,0,0,13,0,0,0,9,0	220	149	1	1.0	NA,1.0,NA,NA,NA	NA,NA,NA,NA,1.0,NA,NA,NA,NA,NA,0.861,NA,NA,NA,0.917,1.0	0.055
4091	0,666,0,0,0	0,0,0,0,0	0,0,0,0,1481,0,0,2,0,0,1968,0,0,0,722,181	0,0,0,0,0,0,0,0,0,0,1,0,0,0,0,0	152	149	1	1.0	NA,1.0,NA,NA,NA	NA,NA,NA,NA,1.0,NA,NA,1.0,NA,NA,0.999,NA,NA,NA,1.0,1.0	0.0
4092	0,1081,0,0,0	0,1,0,0,0	0,0,0,0,1892,0,0,0,0,0,2064,0,0,0,354,20	0,0,0,0,0,0,0,0,0,0,26,0,0,0,1,0	251	149	1	1.0	NA,0.998,NA,NA,NA	NA,NA,NA,NA,1.0,NA,NA,NA,NA,NA,0.979,NA,NA,NA,0.995,1.0	0.004
4099	0,1,2,0,0	0,0,0,0,0	0,0,0,0,4,0,0,0,0,0,0,0,0,0,0,0	0,0,0,0,16,0,0,0,0,0,0,0,0,0,0,0	207	149	1	1.0	NA,1.0,1.0,NA,NA	NA,NA,NA,NA,0.153,NA,NA,NA,NA,NA,NA,NA,NA,NA,NA,NA	0.847
4100	0,1,2,0,0	0,19,0,0,0	0,0,0,0,16,0,0,0,0,0,5,0,0,0,0,0	0,0,0,0,141,0,0,0,0,0,16,0,0,0,10,0	224	149	1	1.0	NA,0.034,1.0,NA,NA	NA,NA,NA,NA,0.07,NA,NA,NA,NA,NA,0.172,NA,NA,NA,0.0,NA	0.436
4101	0,0,0,0,0	0,19,0,0,0	0,0,0,0,28,0,0,0,0,0,5,0,0,0,0,0	0,0,0,0,141,0,0,0,0,0,16,0,0,0,10,0	166	149	1	1.0	NA,0.0,NA,NA,NA	NA,NA,NA,NA,0.151,NA,NA,NA,NA,NA,0.219,NA,NA,NA,0.0,NA	-0.123
4110	0,4,0,0,0	0,35,0,0,0	0,0,0,0,13,0,0,0,0,0,11,0,0,0,20,0	0,0,0,0,78,0,0,0,0,0,293,0,0,0,77,9	194	149	1	1.0	NA,0.081,NA,NA,NA	NA,NA,NA,NA,0.113,NA,NA,NA,NA,NA,0.028,NA,NA,NA,0.166,0.0	0.004
4112	0,25,0,0,0	0,0,0,0,0	0,0,0,0,0,0,0,0,0,0,10,0,0,0,0,13	0,0,0,0,0,0,0,0,0,0,2,0,0,0,0,0	200	149	1	1.0	NA,1.0,NA,NA,NA	NA,NA,NA,NA,NA,NA,NA,NA,NA,NA,0.788,NA,NA,NA,NA,1.0	0.106
4113	0,14,0,0,0	0,0,0,0,0	0,0,0,0,88,0,0,0,0,0,107,0,0,0,361,46	0,0,0,0,0,0,0,0,0,0,0,0,0,0,5,0	298	149	1	1.0	NA,1.0,NA,NA,NA	NA,NA,NA,NA,1.0,NA,NA,NA,NA,NA,1.0,NA,NA,NA,0.973,1.0	0.007
4116	0,4,0,0,0	0,0,0,0,0	0,0,0,0,12,0,0,0,0,0,7,0,0,0,5,0	0,0,0,0,1,0,0,0,0,0,0,0,0,0,6,0	298	149	1	1.0	NA,1.0,NA,NA,NA	NA,NA,NA,NA,0.857,NA,NA,NA,NA,NA,1.0,NA,NA,NA,0.294,NA	0.283
4119	0,54,0,0,0	0,131,0,0,0	0,0,0,0,62,0,0,0,0,0,107,0,0,0,117,16	0,0,0,0,168,0,0,0,0,0,188,0,0,0,246,38	164	149	1	1.0	NA,0.272,NA,NA,NA	NA,NA,NA,NA,0.251,NA,NA,NA,NA,NA,0.341,NA,NA,NA,0.302,0.277	-0.021
4120	0,11,0,0,0	0,14,0,0,0	0,0,0,0,14,0,0,0,0,0,11,0,0,0,12,0	0,0,0,0,36,0,0,0,0,0,14,0,0,0,12,2	164	149	1	1.0	NA,0.417,NA,NA,NA	NA,NA,NA,NA,0.261,NA,NA,NA,NA,NA,0.417,NA,NA,NA,0.476,0.0	0.129
4124	0,0,0,0,0	0,18,0,0,0	0,0,0,0,13,0,0,0,0,0,0,0,0,0,0,0	0,0,0,0,20,0,0,0,0,0,19,0,0,0,45,1	191	149	1	1.0	NA,0.0,NA,NA,NA	NA,NA,NA,NA,0.336,NA,NA,NA,NA,NA,0.0,NA,NA,NA,0.0,0.0	-0.084
4127	0,0,0,0,0	0,90,0,0,0	0,0,0,0,6,0,0,0,0,0,0,0,0,0,1,0	0,0,0,0,101,0,0,0,0,0,214,0,0,0,76,4	177	149	1	1.0	NA,0.0,NA,NA,NA	NA,NA,NA,NA,0.048,NA,NA,NA,NA,NA,0.0,NA,NA,NA,0.011,0.0	-0.015
4128	0,44,0,0,0	0,0,0,0,0	0,0,0,0,130,0,0,0,0,0,162,0,0,0,54,1	0,0,0,0,0,0,0,0,0,0,1,0,0,0,6,0	153	149	1	1.0	NA,1.0,NA,NA,NA	NA,NA,NA,NA,1.0,NA,NA,NA,NA,NA,0.994,NA,NA,NA,0.898,1.0	0.027
4132	0,15,0,0,0	0,32,0,0,0	0,0,0,0,3,0,4,0,0,0,9,0,0,0,43,4	0,0,0,0,62,0,0,0,0,2,85,0,0,0,88,23	298	149	1	1.0	NA,0.19,NA,NA,NA	NA,NA,NA,NA,0.024,NA,1.0,NA,NA,0.0,0.05,NA,NA,NA,0.196,0.08	-0.035
4139	0,422,0,0,0	0,0,0,0,0	0,0,0,0,1072,0,0,2,0,0,945,0,0,0,0,205	0,0,0,0,10,0,0,0,0,0,2,0,0,0,0,0	185	149	1	1.0	NA,1.0,NA,NA,NA	NA,NA,NA,NA,0.989,NA,NA,1.0,NA,NA,0.997,NA,NA,NA,NA,1.0	0.004
4141	0,15,0,0,0	0,0,0,0,0	0,0,0,0,173,4,0,2,0,0,145,0,0,0,301,27	0,0,0,0,29,0,0,0,0,0,7,0,0,0,0,1	154	149	1	1.0	NA,1.0,NA,NA,NA	NA,NA,NA,NA,0.852,1.0,NA,1.0,NA,NA,0.952,NA,NA,NA,1.0,0.963	0.039
4143	0,1,0,0,0	0,30,0,0,2	0,0,0,0,15,0,0,0,0,0,11,0,0,0,0,1	0,0,0,0,103,0,0,0,0,0,128,0,0,0,22,0	298	149	1	1.0	NA,0.016,NA,NA,0.0	NA,NA,NA,NA,0.068,NA,NA,NA,NA,NA,0.041,NA,NA,NA,0.0,1.0	-0.269
4144	0,1,0,0,0	0,30,0,0,2	0,0,0,0,12,0,0,0,0,0,5,0,0,0,0,0	0,0,0,0,103,0,0,0,0,0,128,0,0,0,22,0	177	149	1	1.0	NA,0.027,NA,NA,0.0	NA,NA,NA,NA,0.089,NA,NA,NA,NA,NA,0.032,NA,NA,NA,0.0,NA	-0.027
4146	0,96,0,0,0	0,0,0,0,0	0,0,0,0,83,0,0,0,0,0,157,0,0,0,60,20	0,0,0,0,8,0,0,0,0,0,1,0,0,0,0,1	298	149	1	1.0	NA,1.0,NA,NA,NA	NA,NA,NA,NA,0.838,NA,NA,NA,NA,NA,0.987,NA,NA,NA,1.0,0.909	0.067
4149	0,0,0,0,0	0,211,0,0,2	0,0,0,0,22,0,0,0,0,0,40,0,0,0,56,0	0,0,0,0,481,0,0,0,2,4,2052,0,0,0,710,12	184	149	1	1.0	NA,0.0,NA,NA,0.0	NA,NA,NA,NA,0.036,NA,NA,NA,0.0,0.0,0.016,NA,NA,NA,0.06,0.0	-0.019
4150	0,22,0,0,0	0,124,0,0,8	0,0,0,0,156,0,0,0,0,0,32,0,0,0,48,4	0,0,0,0,268,0,0,0,6,2,1353,0,0,0,1378,7	281	149	1	1.0	NA,0.086,NA,NA,0.0	NA,NA,NA,NA,0.236,NA,NA,NA,0.0,0.0,0.012,NA,NA,NA,0.018,0.233	-0.04
4159	0,2,0,0,0	0,0,0,0,0	0,0,0,0,0,0,0,0,0,0,0,0,0,0,0,0	0,0,0,0,0,0,0,0,0,0,0,0,0,0,0,2	166	149	1	1.0	NA,1.0,NA,NA,NA	NA,NA,NA,NA,NA,NA,NA,NA,NA,NA,NA,NA,NA,NA,NA,0.0	1.0
4160	0,362,0,0,0	0,98,0,0,0	0,0,0,0,487,0,0,0,2,2,471,0,0,0,405,114	0,0,0,0,62,0,0,0,4,0,173,0,0,0,95,51	244	149	1	1.0	NA,0.693,NA,NA,NA	NA,NA,NA,NA,0.827,NA,NA,NA,0.234,1.0,0.624,NA,NA,NA,0.722,0.577	0.029
4162	0,65,0,0,0	0,3,0,0,0	0,0,0,0,110,0,0,0,0,0,212,0,0,0,2,5	0,0,0,0,19,0,0,0,0,0,9,0,0,0,1,0	298	149	1	1.0	NA,0.915,NA,NA,NA	NA,NA,NA,NA,0.743,NA,NA,NA,NA,NA,0.922,NA,NA,NA,0.5,1.0	0.124
4164	0,35,2,0,0	0,0,0,0,0	0,0,0,0,484,0,0,0,0,0,196,0,0,0,420,37	0,0,0,0,0,0,0,0,0,0,1,0,0,0,1,4	154	149	1	1.0	NA,1.0,1.0,NA,NA	NA,NA,NA,NA,1.0,NA,NA,NA,NA,NA,0.995,NA,NA,NA,0.998,0.899	0.027
4167	0,85,0,0,0	0,0,0,0,0	0,0,0,0,129,0,0,0,0,0,165,0,0,0,0,28	0,0,0,0,11,0,0,0,0,0,12,0,0,0,0,0	298	149	1	1.0	NA,1.0,NA,NA,NA	NA,NA,NA,NA,0.854,NA,NA,NA,NA,NA,0.873,NA,NA,NA,NA,1.0	0.091
4173	0,83,0,0,0	0,9,0,0,0	0,0,0,0,85,0,0,0,0,0,39,0,0,0,23,4	0,0,0,0,0,0,0,0,0,0,0,0,0,0,0,0	287	149	1	1.0	NA,0.827,NA,NA,NA	NA,NA,NA,NA,1.0,NA,NA,NA,NA,NA,1.0,NA,NA,NA,1.0,1.0	-0.173
4174	0,22,0,0,0	0,9,0,0,0	0,0,0,0,16,0,0,0,0,0,9,0,0,0,10,0	0,0,0,0,0,0,0,0,0,0,0,0,0,0,0,0	167	149	1	1.0	NA,0.686,NA,NA,NA	NA,NA,NA,NA,1.0,NA,NA,NA,NA,NA,1.0,NA,NA,NA,1.0,NA	-0.314
4175	0,57,0,0,0	0,1459,0,0,6	0,0,0,0,37,0,0,0,0,0,25,0,0,0,11,4	0,0,0,0,2503,2,0,6,2,0,3695,0,0,0,2151,357	287	149	1	1.0	NA,0.02,NA,NA,0.0	NA,NA,NA,NA,0.008,0.0,NA,0.0,0.0,NA,0.004,NA,NA,NA,0.003,0.006	0.007
4176	0,0,0,0,0	0,85,0,0,0	0,0,0,0,0,0,0,0,0,0,1,0,0,0,0,0	0,0,0,0,235,0,0,1,0,0,453,0,0,0,177,18	179	149	1	1.0	NA,0.0,NA,NA,NA	NA,NA,NA,NA,0.0,NA,NA,0.0,NA,NA,0.002,NA,NA,NA,0.0,0.0	-0.0
4177	0,0,0,0,0	0,10,0,0,0	0,0,0,0,9,0,0,0,0,0,10,0,0,0,4,2	0,0,0,0,78,0,0,0,0,0,82,0,0,0,62,12	248	149	1	1.0	NA,0.0,NA,NA,NA	NA,NA,NA,NA,0.065,NA,NA,NA,NA,NA,0.068,NA,NA,NA,0.037,0.091	-0.065
4178	0,7,0,0,0	0,10,0,0,0	0,0,0,0,10,0,0,0,0,0,8,0,0,0,0,2	0,0,0,0,0,0,0,0,0,0,13,0,0,0,0,1	155	149	1	1.0	NA,0.402,NA,NA,NA	NA,NA,NA,NA,1.0,NA,NA,NA,NA,NA,0.372,NA,NA,NA,NA,0.658	-0.275
4182	0,53,0,0,0	0,13,0,0,0	0,0,0,0,62,0,0,0,0,0,40,0,0,0,23,1	0,0,0,0,37,0,0,0,0,0,27,0,0,0,7,3	155	149	1	1.0	NA,0.797,NA,NA,NA	NA,NA,NA,NA,0.617,NA,NA,NA,NA,NA,0.587,NA,NA,NA,0.76,0.243	0.245
4183	0,10,0,0,0	0,1,0,0,0	0,0,0,0,16,0,0,0,0,0,14,0,0,0,6,0	0,0,0,0,0,0,0,0,0,0,3,0,0,0,2,0	155	149	1	1.0	NA,0.906,NA,NA,NA	NA,NA,NA,NA,1.0,NA,NA,NA,NA,NA,0.818,NA,NA,NA,0.743,NA	0.052
4184	0,41,0,0,0	0,8,0,0,0	0,0,0,0,59,0,0,0,0,0,52,0,0,0,52,0	0,0,0,0,25,0,0,0,0,0,22,0,0,0,1,0	155	149	1	1.0	NA,0.831,NA,NA,NA	NA,NA,NA,NA,0.694,NA,NA,NA,NA,NA,0.694,NA,NA,NA,0.98,NA	0.042
4188	0,0,0,0,0	0,33,0,0,0	0,0,0,0,0,0,0,0,0,0,2,0,0,0,4,2	0,0,0,0,0,0,0,0,0,0,9,0,0,0,23,0	159	149	1	1.0	NA,0.0,NA,NA,NA	NA,NA,NA,NA,NA,NA,NA,NA,NA,NA,0.172,NA,NA,NA,0.14,1.0	-0.437
4189	0,0,0,0,0	0,22,0,0,0	0,0,0,0,0,0,0,0,0,0,0,0,0,0,0,2	0,0,0,0,56,2,0,0,0,0,55,0,0,0,50,15	159	149	1	1.0	NA,0.0,NA,NA,NA	NA,NA,NA,NA,0.0,0.0,NA,NA,NA,NA,0.0,NA,NA,NA,0.0,0.111	-0.022
4193	0,365,0,0,0	0,3820,0,0,16	0,0,0,0,713,0,0,0,0,0,794,0,0,0,305,4	0,0,0,0,8647,0,0,2,0,8,9059,0,0,0,4086,403	215	149	1	1.0	NA,0.062,NA,NA,0.0	NA,NA,NA,NA,0.054,NA,NA,0.0,NA,0.0,0.057,NA,NA,NA,0.049,0.007	0.003
4196	0,0,0,0,0	0,6,0,0,0	0,0,0,0,0,0,0,0,0,0,1,0,0,0,14,11	0,0,0,0,113,0,0,0,0,0,179,0,0,0,42,1	242	149	1	1.0	NA,0.0,NA,NA,NA	NA,NA,NA,NA,0.0,NA,NA,NA,NA,NA,0.003,NA,NA,NA,0.17,0.871	-0.261
4200	0,4,0,0,0	0,0,0,0,0	0,0,0,0,83,0,0,0,0,0,66,0,0,0,0,13	0,0,0,0,0,0,0,0,0,0,4,0,0,0,0,0	298	149	1	1.0	NA,1.0,NA,NA,NA	NA,NA,NA,NA,1.0,NA,NA,NA,NA,NA,0.892,NA,NA,NA,NA,1.0	0.036
4202	0,17,0,0,0	0,0,0,0,0	0,0,0,0,170,0,0,0,0,0,166,0,0,0,32,59	0,0,0,0,15,0,0,1,0,0,29,0,0,0,77,10	298	149	1	1.0	NA,1.0,NA,NA,NA	NA,NA,NA,NA,0.85,NA,NA,0.0,NA,NA,0.741,NA,NA,NA,0.172,0.747	0.498
4205	0,0,0,0,0	0,4,0,0,0	0,0,0,0,17,0,0,0,0,0,3,0,0,0,0,4	0,0,0,0,0,0,0,0,0,0,12,0,0,0,17,12	155	149	1	1.0	NA,0.0,NA,NA,NA	NA,NA,NA,NA,1.0,NA,NA,NA,NA,NA,0.194,NA,NA,NA,0.0,0.243	-0.359
4207	0,12,0,0,0	0,11,0,0,0	0,0,0,0,97,0,0,0,0,0,1,0,0,0,0,5	0,0,0,0,173,0,0,0,0,0,34,0,0,0,0,2	298	149	1	1.0	NA,0.353,NA,NA,NA	NA,NA,NA,NA,0.219,NA,NA,NA,NA,NA,0.014,NA,NA,NA,NA,0.556	0.09
4212	0,8,0,0,0	0,0,0,0,0	0,0,0,0,183,0,0,2,0,0,411,0,0,0,328,10	0,0,0,0,11,0,0,0,0,0,8,0,0,0,15,0	167	149	1	1.0	NA,1.0,NA,NA,NA	NA,NA,NA,NA,0.937,NA,NA,1.0,NA,NA,0.979,NA,NA,NA,0.951,1.0	0.027
4213	0,17,0,0,0	0,0,0,0,0	0,0,0,0,8,0,0,0,0,0,65,0,0,0,46,8	0,0,0,0,24,0,0,0,0,0,0,0,0,0,0,0	201	149	1	1.0	NA,1.0,NA,NA,NA	NA,NA,NA,NA,0.198,NA,NA,NA,NA,NA,1.0,NA,NA,NA,1.0,1.0	0.201
4214	0,13,0,0,0	0,0,0,0,0	0,0,0,0,114,0,0,0,0,0,79,0,0,0,22,9	0,0,0,0,0,0,0,0,0,0,8,0,0,0,1,2	267	149	1	1.0	NA,1.0,NA,NA,NA	NA,NA,NA,NA,1.0,NA,NA,NA,NA,NA,0.846,NA,NA,NA,0.925,0.715	0.129
4215	0,0,0,0,0	0,1,0,0,0	0,0,0,0,0,0,0,0,0,0,0,0,0,0,2,0	0,0,0,0,66,0,0,0,0,0,22,0,0,0,14,9	159	149	1	1.0	NA,0.0,NA,NA,NA	NA,NA,NA,NA,0.0,NA,NA,NA,NA,NA,0.0,NA,NA,NA,0.118,0.0	-0.029
4217	0,0,0,0,0	0,24,0,0,0	0,0,0,0,0,0,0,0,0,0,5,0,0,0,1,0	0,0,0,0,89,0,0,0,0,0,180,0,0,0,54,42	298	149	1	1.0	NA,0.0,NA,NA,NA	NA,NA,NA,NA,0.0,NA,NA,NA,NA,NA,0.014,NA,NA,NA,0.009,0.0	-0.006
4218	0,10,0,0,0	0,4,0,0,0	0,0,0,0,0,0,0,0,0,0,2,0,0,0,12,0	0,0,0,0,10,0,0,0,0,0,9,0,0,0,14,0	298	149	1	1.0	NA,0.556,NA,NA,NA	NA,NA,NA,NA,0.0,NA,NA,NA,NA,NA,0.1,NA,NA,NA,0.3,NA	0.423
4221	0,0,0,0,0	0,0,2,0,0	0,0,0,0,0,2,0,0,0,0,26,0,0,0,71,8	0,0,0,0,0,0,0,0,0,0,0,0,0,0,15,4	298	149	1	1.0	NA,NA,0.0,NA,NA	NA,NA,NA,NA,NA,1.0,NA,NA,NA,NA,1.0,NA,NA,NA,0.703,0.5	-0.801
4223	0,8,0,0,0	0,0,0,0,0	0,0,0,0,18,2,0,0,0,0,10,0,0,0,18,4	0,0,0,0,0,0,0,0,0,0,0,0,0,0,5,0	243	149	1	1.0	NA,1.0,NA,NA,NA	NA,NA,NA,NA,1.0,1.0,NA,NA,NA,NA,1.0,NA,NA,NA,0.688,1.0	0.062
4224	0,0,0,0,0	0,6,0,0,0	0,0,0,0,0,0,0,0,0,0,2,0,0,0,0,0	0,0,0,0,0,0,0,0,0,0,25,0,0,0,0,0	184	149	1	1.0	NA,0.0,NA,NA,NA	NA,NA,NA,NA,NA,NA,NA,NA,NA,NA,0.061,NA,NA,NA,NA,NA	-0.061
4225	0,12,0,0,0	0,247,0,0,0	0,0,0,0,10,0,0,0,0,0,31,0,0,0,21,0	0,0,0,0,1210,0,0,6,0,0,2316,0,0,0,1267,10	244	149	1	1.0	NA,0.029,NA,NA,NA	NA,NA,NA,NA,0.005,NA,NA,0.0,NA,NA,0.008,NA,NA,NA,0.01,0.0	0.024
4230	0,0,0,0,0	0,1,0,0,0	0,0,0,0,10,0,0,0,0,0,0,0,0,0,34,7	0,0,0,0,0,0,0,0,0,0,18,0,0,0,6,1	298	149	1	1.0	NA,0.0,NA,NA,NA	NA,NA,NA,NA,1.0,NA,NA,NA,NA,NA,0.0,NA,NA,NA,0.739,0.778	-0.629
4232	0,9,4,0,0	0,0,0,0,0	0,0,0,0,111,0,0,0,0,0,82,0,0,0,335,33	0,0,0,0,0,0,0,0,0,0,2,0,0,0,16,4	167	149	1	1.0	NA,1.0,1.0,NA,NA	NA,NA,NA,NA,1.0,NA,NA,NA,NA,NA,0.973,NA,NA,NA,0.949,0.88	0.05
4236	0,1228,11,0,0	0,2,0,0,4	0,0,0,0,407,4,6,23,6,4,3759,0,0,0,2137,56	0,0,0,0,0,0,0,0,0,0,1,0,0,0,0,0	298	149	1	1.0	NA,0.997,1.0,NA,0.0	NA,NA,NA,NA,1.0,1.0,1.0,1.0,1.0,1.0,0.999,NA,NA,NA,1.0,1.0	-0.334
4241	0,4,2,0,0	0,0,0,0,0	0,0,0,0,12,0,0,0,0,2,23,0,0,0,59,19	0,0,0,0,0,0,0,0,0,2,7,0,0,0,7,0	164	149	1	1.0	NA,1.0,1.0,NA,NA	NA,NA,NA,NA,1.0,NA,NA,NA,NA,0.476,0.749,NA,NA,NA,0.884,1.0	0.178
4244	0,0,0,0,0	0,7,0,0,0	0,0,0,0,0,0,0,0,0,0,0,0,0,0,0,4	0,0,0,0,206,2,0,0,4,0,1041,0,0,0,20,33	278	149	1	1.0	NA,0.0,NA,NA,NA	NA,NA,NA,NA,0.0,0.0,NA,NA,0.0,NA,0.0,NA,NA,NA,0.0,0.061	-0.01
4245	0,15,0,0,0	0,0,0,0,0	0,0,0,0,0,0,0,0,0,0,0,0,0,0,5,4	0,0,0,0,0,0,0,0,0,0,0,0,0,0,0,2	245	149	1	1.0	NA,1.0,NA,NA,NA	NA,NA,NA,NA,NA,NA,NA,NA,NA,NA,NA,NA,NA,NA,1.0,0.549	0.226
4246	0,17,0,0,0	0,13,0,0,0	0,0,0,0,22,0,0,0,2,0,43,0,0,0,6,0	0,0,0,0,36,0,0,0,0,0,90,0,0,0,34,1	223	149	1	1.0	NA,0.466,NA,NA,NA	NA,NA,NA,NA,0.29,NA,NA,NA,1.0,NA,0.242,NA,NA,NA,0.105,0.0	0.139
4247	0,14,0,0,0	0,4563,0,0,8	0,0,0,0,28,0,0,0,0,0,18,0,0,0,2,12	0,0,0,0,16566,0,5,72,0,12,21843,0,0,0,16697,983	279	149	1	1.0	NA,0.002,NA,NA,0.0	NA,NA,NA,NA,0.001,NA,0.0,0.0,NA,0.0,0.0,NA,NA,NA,0.0,0.006	0.0
4248	0,33,0,0,0	0,5331,0,0,16	0,0,0,0,213,0,0,6,2,0,139,0,0,0,428,58	0,0,0,0,16264,2,8,55,18,26,17955,0,0,0,14933,1634	176	149	1	1.0	NA,0.005,NA,NA,0.0	NA,NA,NA,NA,0.011,0.0,0.0,0.085,0.086,0.0,0.007,NA,NA,NA,0.024,0.029	-0.024
4249	0,6,0,0,0	0,0,0,0,0	0,0,0,0,29,0,0,0,0,0,0,0,0,0,3,0	0,0,0,0,0,0,0,0,0,0,0,0,0,0,0,2	163	149	1	1.0	NA,1.0,NA,NA,NA	NA,NA,NA,NA,1.0,NA,NA,NA,NA,NA,NA,NA,NA,NA,1.0,0.0	0.333
4250	0,1,0,0,0	0,7,0,0,0	0,0,0,0,0,0,0,0,0,0,0,0,0,0,0,0	0,0,0,0,0,2,0,0,0,0,19,0,0,0,14,5	161	149	1	1.0	NA,0.117,NA,NA,NA	NA,NA,NA,NA,NA,0.0,NA,NA,NA,NA,0.0,NA,NA,NA,0.0,0.0	0.117
4251	0,44,0,0,4	0,111,0,0,0	0,0,0,0,0,0,0,0,0,0,0,0,0,0,26,0	0,0,0,0,0,0,0,0,0,0,0,0,0,0,7,0	298	149	1	1.0	NA,0.165,NA,NA,1.0	NA,NA,NA,NA,NA,NA,NA,NA,NA,NA,NA,NA,NA,NA,0.65,NA	-0.068
4252	0,24,0,0,0	0,196,0,0,0	0,0,0,0,0,0,0,0,0,0,0,0,0,0,6,0	0,0,0,0,0,0,0,0,0,0,0,0,0,0,31,0	158	149	1	1.0	NA,0.104,NA,NA,NA	NA,NA,NA,NA,NA,NA,NA,NA,NA,NA,NA,NA,NA,NA,0.154,NA	-0.05
4253	0,96,0,0,0	0,141,2,0,0	0,0,0,0,226,0,0,0,0,0,160,0,0,0,233,6	0,0,0,0,273,0,0,0,0,0,459,0,0,0,282,15	298	149	1	1.0	NA,0.254,0.0,NA,NA	NA,NA,NA,NA,0.293,NA,NA,NA,NA,NA,0.148,NA,NA,NA,0.292,0.167	-0.098
4254	0,7,0,0,0	0,3,0,0,0	0,0,0,0,24,0,0,0,0,0,2,0,0,0,11,10	0,0,0,0,43,2,0,0,0,0,63,0,0,0,93,1	298	149	1	1.0	NA,0.538,NA,NA,NA	NA,NA,NA,NA,0.218,0.0,NA,NA,NA,NA,0.016,NA,NA,NA,0.056,0.833	0.313
4255	0,7,0,0,0	0,0,0,0,0	0,0,0,0,14,0,0,0,0,0,2,0,0,0,11,10	0,0,0,0,0,0,0,0,0,0,1,0,0,0,0,0	298	149	1	1.0	NA,1.0,NA,NA,NA	NA,NA,NA,NA,1.0,NA,NA,NA,NA,NA,0.5,NA,NA,NA,1.0,1.0	0.125
4257	0,20,0,0,0	0,1401,4,0,0	0,0,0,0,12,0,0,0,0,0,6,0,0,0,8,0	0,0,0,0,1101,0,0,4,0,0,3136,0,0,0,1761,158	153	149	1	1.0	NA,0.014,0.0,NA,NA	NA,NA,NA,NA,0.011,NA,NA,0.0,NA,NA,0.002,NA,NA,NA,0.004,0.0	0.004
4258	0,296,0,0,0	0,648,0,0,0	0,0,0,0,231,0,0,0,0,0,1075,0,0,0,36,6	0,0,0,0,668,0,0,0,2,0,3604,0,0,0,200,89	239	149	1	1.0	NA,0.222,NA,NA,NA	NA,NA,NA,NA,0.177,NA,NA,NA,0.0,NA,0.157,NA,NA,NA,0.101,0.04	0.127
4259	0,2,0,0,0	0,2,0,0,0	0,0,0,0,70,0,0,0,0,0,19,0,0,0,277,52	0,0,0,0,19,0,0,0,0,0,13,0,0,0,213,62	277	149	1	1.0	NA,0.35,NA,NA,NA	NA,NA,NA,NA,0.665,NA,NA,NA,NA,NA,0.44,NA,NA,NA,0.412,0.311	-0.107
4260	0,2077,0,0,6	0,0,0,0,0	0,0,0,0,17133,13,16,0,6,3,7241,0,0,0,1621,341	0,0,0,0,2,0,0,0,0,0,0,0,0,0,0,0	298	149	1	1.0	NA,1.0,NA,NA,1.0	NA,NA,NA,NA,1.0,1.0,1.0,NA,1.0,1.0,1.0,NA,NA,NA,1.0,1.0	0.0
4266	0,19,2,0,0	0,26,4,0,2	0,0,0,0,269,2,2,2,0,0,35,0,0,0,340,13	0,0,0,0,419,4,0,12,6,0,273,0,0,0,811,88	298	149	1	1.0	NA,0.268,0.2,NA,0.0	NA,NA,NA,NA,0.243,0.2,1.0,0.077,0.0,NA,0.06,NA,NA,NA,0.173,0.069	-0.072
4267	0,88,2,0,2	0,0,0,0,0	0,0,0,0,1910,4,2,4,0,2,1045,0,0,0,2996,377	0,0,0,0,0,0,0,0,0,0,4,0,0,0,0,0	235	149	1	1.0	NA,1.0,1.0,NA,1.0	NA,NA,NA,NA,1.0,1.0,1.0,1.0,NA,1.0,0.994,NA,NA,NA,1.0,1.0	0.001
4269	0,4,0,0,0	0,173,0,0,3	0,0,0,0,67,0,0,0,0,0,2,0,0,0,0,3	0,0,0,0,649,0,0,0,0,2,847,0,0,0,66,95	186	149	1	1.0	NA,0.018,NA,NA,0.0	NA,NA,NA,NA,0.076,NA,NA,NA,NA,0.0,0.002,NA,NA,NA,0.0,0.025	-0.012
4270	0,19,0,0,0	0,132,2,0,0	0,0,0,0,9,0,0,0,0,0,24,0,0,0,42,3	0,0,0,0,662,0,0,0,0,0,631,0,0,0,362,29	268	149	1	1.0	NA,0.074,0.0,NA,NA	NA,NA,NA,NA,0.008,NA,NA,NA,NA,NA,0.021,NA,NA,NA,0.061,0.054	0.001
4271	0,8,0,0,0	0,76,0,0,0	0,0,0,0,28,0,0,0,0,0,2,0,0,0,0,0	0,0,0,0,144,0,0,0,0,0,268,0,0,0,141,2	184	149	1	1.0	NA,0.079,NA,NA,NA	NA,NA,NA,NA,0.136,NA,NA,NA,NA,NA,0.006,NA,NA,NA,0.0,0.0	0.043
4273	0,235,2,0,0	0,0,0,0,0	0,0,0,0,1087,0,4,0,0,0,1305,0,0,0,579,14	0,0,0,0,16,0,0,0,0,0,2,0,0,0,4,0	222	149	1	1.0	NA,1.0,1.0,NA,NA	NA,NA,NA,NA,0.979,NA,1.0,NA,NA,NA,0.998,NA,NA,NA,0.99,1.0	0.007
4274	0,273,2,0,0	0,11,0,0,0	0,0,0,0,1128,0,4,0,0,0,1395,0,0,0,649,20	0,0,0,0,0,0,0,0,0,0,2,0,0,0,0,0	226	149	1	1.0	NA,0.942,1.0,NA,NA	NA,NA,NA,NA,1.0,NA,1.0,NA,NA,NA,0.998,NA,NA,NA,1.0,1.0	-0.029
4275	0,38,0,0,0	0,11,0,0,0	0,0,0,0,57,0,0,0,0,0,92,0,0,0,74,6	0,0,0,0,0,0,0,0,0,0,2,0,0,0,0,0	153	149	1	1.0	NA,0.771,NA,NA,NA	NA,NA,NA,NA,1.0,NA,NA,NA,NA,NA,0.978,NA,NA,NA,1.0,1.0	-0.223
4276	0,2,0,0,0	0,3,0,0,0	0,0,0,0,5,0,0,0,0,0,44,0,0,0,81,11	0,0,0,0,21,0,0,0,0,0,25,0,0,0,68,14	161	149	1	1.0	NA,0.382,NA,NA,NA	NA,NA,NA,NA,0.181,NA,NA,NA,NA,NA,0.62,NA,NA,NA,0.524,0.421	-0.054
4277	0,5,0,0,0	0,0,0,0,0	0,0,0,0,0,0,0,0,0,0,3,0,0,0,8,0	0,0,0,0,0,0,0,0,0,0,5,0,0,0,0,1	298	149	1	1.0	NA,1.0,NA,NA,NA	NA,NA,NA,NA,NA,NA,NA,NA,NA,NA,0.231,NA,NA,NA,1.0,0.0	0.59
4278	0,10,0,0,0	0,75,0,0,0	0,0,0,0,0,0,0,0,0,0,3,0,0,0,0,0	0,0,0,0,83,0,0,0,0,0,134,0,0,0,52,5	154	149	1	1.0	NA,0.114,NA,NA,NA	NA,NA,NA,NA,0.0,NA,NA,NA,NA,NA,0.021,NA,NA,NA,0.0,0.0	0.109
4283	0,0,0,0,0	0,93,0,0,0	0,0,0,0,117,0,0,0,2,0,25,0,0,0,48,17	0,0,0,0,360,0,0,0,0,0,180,0,0,0,322,15	230	149	1	1.0	NA,0.0,NA,NA,NA	NA,NA,NA,NA,0.174,NA,NA,NA,1.0,NA,0.083,NA,NA,NA,0.088,0.423	-0.354
4284	0,6,0,0,0	0,5,0,0,0	0,0,0,0,5,2,0,0,0,0,10,0,0,0,13,6	0,0,0,0,0,0,0,0,0,0,0,0,0,0,2,0	189	149	1	1.0	NA,0.486,NA,NA,NA	NA,NA,NA,NA,1.0,1.0,NA,NA,NA,NA,1.0,NA,NA,NA,0.837,1.0	-0.481
4285	0,6,0,0,0	0,50,0,0,0	0,0,0,0,5,2,0,0,0,0,10,0,0,0,28,6	0,0,0,0,188,0,0,0,0,0,124,0,0,0,189,9	196	149	1	1.0	NA,0.084,NA,NA,NA	NA,NA,NA,NA,0.02,1.0,NA,NA,NA,NA,0.058,NA,NA,NA,0.101,0.336	-0.219
4286	0,5,0,0,0	0,50,0,0,0	0,0,0,0,0,0,0,0,0,0,0,0,0,0,17,0	0,0,0,0,188,0,0,0,0,0,124,0,0,0,189,9	156	149	1	1.0	NA,0.087,NA,NA,NA	NA,NA,NA,NA,0.0,NA,NA,NA,NA,NA,0.0,NA,NA,NA,0.079,0.0	0.067
4288	0,23,2,0,0	0,13,0,0,0	0,0,0,0,89,0,0,0,0,0,18,0,0,0,171,15	0,0,0,0,16,4,0,0,0,0,72,0,0,0,210,23	298	149	1	1.0	NA,0.469,1.0,NA,NA	NA,NA,NA,NA,0.736,0.0,NA,NA,NA,NA,0.111,NA,NA,NA,0.289,0.246	0.458
4289	0,23,2,0,0	0,13,0,0,0	0,0,0,0,71,0,0,0,0,0,18,0,0,0,171,15	0,0,0,0,16,4,0,0,0,0,72,0,0,0,210,23	298	149	1	1.0	NA,0.469,1.0,NA,NA	NA,NA,NA,NA,0.689,0.0,NA,NA,NA,NA,0.111,NA,NA,NA,0.289,0.246	0.467
4290	0,42,0,0,0	0,0,0,0,0	0,0,0,0,128,0,0,4,0,0,459,0,0,0,92,33	0,0,0,0,0,0,0,0,0,0,27,0,0,0,10,0	201	149	1	1.0	NA,1.0,NA,NA,NA	NA,NA,NA,NA,1.0,NA,NA,1.0,NA,NA,0.926,NA,NA,NA,0.872,1.0	0.04
4291	0,5,0,0,0	0,19,0,0,0	0,0,0,0,33,0,0,0,0,0,3,0,0,0,3,0	0,0,0,0,69,0,0,0,0,0,284,0,0,0,50,3	258	149	1	1.0	NA,0.132,NA,NA,NA	NA,NA,NA,NA,0.216,NA,NA,NA,NA,NA,0.006,NA,NA,NA,0.033,0.0	0.068
4292	0,1,0,0,0	0,0,0,0,0	0,0,0,0,2,0,0,0,0,0,1,0,0,0,36,0	0,0,0,0,0,0,0,0,0,0,0,0,0,0,7,0	151	149	1	1.0	NA,1.0,NA,NA,NA	NA,NA,NA,NA,1.0,NA,NA,NA,NA,NA,1.0,NA,NA,NA,0.835,NA	0.055
4293	0,6,0,0,0	0,0,0,0,0	0,0,0,0,8,0,0,0,0,0,7,0,0,0,0,2	0,0,0,0,0,0,0,0,0,0,3,0,0,0,0,0	288	149	1	1.0	NA,1.0,NA,NA,NA	NA,NA,NA,NA,1.0,NA,NA,NA,NA,NA,0.547,NA,NA,NA,NA,1.0	0.151
4294	0,5,0,0,0	0,3,0,0,0	0,0,0,0,23,0,0,0,0,0,0,0,0,0,7,1	0,0,0,0,51,0,0,0,0,0,20,0,0,0,12,0	240	149	1	1.0	NA,0.509,NA,NA,NA	NA,NA,NA,NA,0.219,NA,NA,NA,NA,NA,0.0,NA,NA,NA,0.266,1.0	0.138
4303	0,48,0,0,0	0,6,0,0,0	0,0,0,0,56,0,0,0,0,4,201,0,0,0,609,157	0,0,0,0,57,0,0,0,0,0,34,0,0,0,125,10	182	149	1	1.0	NA,0.868,NA,NA,NA	NA,NA,NA,NA,0.446,NA,NA,NA,NA,1.0,0.829,NA,NA,NA,0.8,0.928	0.067
4304	0,7,0,0,0	0,4,0,0,0	0,0,0,0,0,0,0,0,0,0,0,0,0,0,12,0	0,0,0,0,0,0,0,0,0,0,0,0,0,0,0,0	298	149	1	1.0	NA,0.467,NA,NA,NA	NA,NA,NA,NA,NA,NA,NA,NA,NA,NA,NA,NA,NA,NA,1.0,NA	-0.533
4305	0,2,0,0,0	0,0,0,0,0	0,0,0,0,46,0,0,0,0,0,34,0,0,0,131,8	0,0,0,0,10,0,0,0,0,0,3,0,0,0,0,1	152	149	1	1.0	NA,1.0,NA,NA,NA	NA,NA,NA,NA,0.818,NA,NA,NA,NA,NA,0.917,NA,NA,NA,1.0,0.887	0.095
4306	0,1,0,0,0	0,0,0,0,0	0,0,0,0,53,0,0,0,0,0,61,0,0,0,55,1	0,0,0,0,4,0,0,0,0,0,0,0,0,0,0,0	298	149	1	1.0	NA,1.0,NA,NA,NA	NA,NA,NA,NA,0.869,NA,NA,NA,NA,NA,1.0,NA,NA,NA,1.0,1.0	0.033
4307	0,5,0,0,0	0,28,0,0,0	0,0,0,0,51,0,0,0,0,0,36,0,0,0,8,16	0,0,0,0,150,0,0,0,0,0,149,0,0,0,14,8	183	149	1	1.0	NA,0.127,NA,NA,NA	NA,NA,NA,NA,0.217,NA,NA,NA,NA,NA,0.164,NA,NA,NA,0.318,0.62	-0.203
4308	0,0,0,0,0	0,41,0,0,0	0,0,0,0,24,0,0,0,0,0,0,0,0,0,41,4	0,0,0,0,155,0,0,0,0,2,316,0,0,0,946,102	298	149	1	1.0	NA,0.0,NA,NA,NA	NA,NA,NA,NA,0.072,NA,NA,NA,NA,0.0,0.0,NA,NA,NA,0.021,0.019	-0.022
4311	0,0,0,0,0	0,275,0,0,0	0,0,0,0,0,0,0,0,0,0,9,0,0,0,5,0	0,0,0,0,611,0,0,3,0,0,482,0,0,0,225,14	153	149	1	1.0	NA,0.0,NA,NA,NA	NA,NA,NA,NA,0.0,NA,NA,0.0,NA,NA,0.018,NA,NA,NA,0.021,0.0	-0.008
4313	0,101,0,0,0	0,0,0,0,0	0,0,0,0,240,0,0,0,0,0,221,0,0,0,0,47	0,0,0,0,0,0,0,0,0,0,2,0,0,0,0,0	184	149	1	1.0	NA,1.0,NA,NA,NA	NA,NA,NA,NA,1.0,NA,NA,NA,NA,NA,0.989,NA,NA,NA,NA,1.0	0.004
4314	0,10,0,0,0	0,2,0,0,0	0,0,0,0,102,0,0,0,0,0,41,0,0,0,0,15	0,0,0,0,22,0,0,0,0,0,13,0,0,0,0,3	298	149	1	1.0	NA,0.714,NA,NA,NA	NA,NA,NA,NA,0.699,NA,NA,NA,NA,NA,0.612,NA,NA,NA,NA,0.714	0.039
4317	0,12,0,0,0	0,11,0,0,0	0,0,0,0,153,0,0,0,0,0,2,0,0,0,0,0	0,0,0,0,116,0,0,0,0,0,1,0,0,0,0,3	229	149	1	1.0	NA,0.415,NA,NA,NA	NA,NA,NA,NA,0.462,NA,NA,NA,NA,NA,0.565,NA,NA,NA,NA,0.0	0.073
4318	0,20,0,0,0	0,4,0,0,0	0,0,0,0,102,0,0,0,0,0,77,0,0,0,15,0	0,0,0,0,0,0,0,0,0,0,4,0,0,0,4,0	187	149	1	1.0	NA,0.799,NA,NA,NA	NA,NA,NA,NA,1.0,NA,NA,NA,NA,NA,0.939,NA,NA,NA,0.749,NA	-0.097
4321	0,2,0,0,0	0,2,0,0,0	0,0,0,0,15,0,0,0,0,0,21,0,0,0,69,3	0,0,0,0,0,0,0,0,0,0,0,0,0,0,0,0	222	149	1	1.0	NA,0.402,NA,NA,NA	NA,NA,NA,NA,1.0,NA,NA,NA,NA,NA,1.0,NA,NA,NA,1.0,1.0	-0.598
4322	0,9,0,0,0	0,6,0,0,0	0,0,0,0,41,0,0,0,0,0,69,0,0,0,221,17	0,0,0,0,0,0,0,0,0,0,5,0,0,0,4,11	222	149	1	1.0	NA,0.502,NA,NA,NA	NA,NA,NA,NA,1.0,NA,NA,NA,NA,NA,0.903,NA,NA,NA,0.974,0.509	-0.344
4329	0,269,0,0,0	0,0,0,0,0	0,0,0,0,572,0,0,0,0,0,1328,0,0,0,103,5	0,0,0,0,0,0,0,0,0,0,4,0,0,0,0,3	298	149	1	1.0	NA,1.0,NA,NA,NA	NA,NA,NA,NA,1.0,NA,NA,NA,NA,NA,0.994,NA,NA,NA,1.0,0.455	0.138
4330	0,4,0,0,0	0,0,0,0,0	0,0,0,0,0,0,0,0,0,0,29,0,0,0,49,10	0,0,0,0,10,0,0,0,0,0,25,0,0,0,39,4	298	149	1	1.0	NA,1.0,NA,NA,NA	NA,NA,NA,NA,0.0,NA,NA,NA,NA,NA,0.367,NA,NA,NA,0.386,0.556	0.673
4331	0,66,0,0,0	0,3,0,0,0	0,0,0,0,72,2,2,2,0,0,28,0,0,0,103,53	0,0,0,0,8,0,0,0,0,0,8,0,0,0,13,3	298	149	1	1.0	NA,0.917,NA,NA,NA	NA,NA,NA,NA,0.818,1.0,1.0,1.0,NA,NA,0.636,NA,NA,NA,0.798,0.898	0.038
4332	0,0,0,0,0	0,4,0,0,0	0,0,0,0,0,0,0,0,0,0,4,0,0,0,11,4	0,0,0,0,0,0,0,0,0,0,6,0,0,0,1,5	159	149	1	1.0	NA,0.0,NA,NA,NA	NA,NA,NA,NA,NA,NA,NA,NA,NA,NA,0.385,NA,NA,NA,0.912,0.428	-0.575
4334	0,28,0,0,0	0,0,2,0,0	0,0,0,0,106,2,0,0,0,0,147,0,0,0,220,17	0,0,0,0,0,0,0,0,0,0,0,0,0,0,0,0	298	149	1	1.0	NA,1.0,0.0,NA,NA	NA,NA,NA,NA,1.0,1.0,NA,NA,NA,NA,1.0,NA,NA,NA,1.0,1.0	-0.5
4335	0,8,0,0,0	0,2860,4,0,0	0,0,0,0,53,0,0,0,0,0,78,0,0,0,61,0	0,0,0,0,3568,4,2,8,0,4,7568,0,0,0,6765,340	173	149	1	1.0	NA,0.002,0.0,NA,NA	NA,NA,NA,NA,0.013,0.0,0.0,0.0,NA,0.0,0.009,NA,NA,NA,0.008,0.0	-0.003
4336	0,38,0,0,0	0,3011,4,0,4	0,0,0,0,116,0,0,0,0,0,177,0,0,0,126,48	0,0,0,0,4977,0,2,4,0,6,9909,0,0,0,6790,258	202	149	1	1.0	NA,0.009,0.0,NA,0.0	NA,NA,NA,NA,0.017,NA,0.0,0.0,NA,0.0,0.013,NA,NA,NA,0.014,0.121	-0.021
4341	0,104,0,0,2	0,18,0,0,0	0,0,0,0,222,0,0,2,2,0,844,0,0,0,370,37	0,0,0,0,217,0,0,0,0,0,176,0,0,0,32,70	298	149	1	1.0	NA,0.743,NA,NA,1.0	NA,NA,NA,NA,0.338,NA,NA,1.0,1.0,NA,0.706,NA,NA,NA,0.853,0.209	0.187
4342	0,20,0,0,0	0,22,0,0,0	0,0,0,0,30,0,0,0,0,0,17,0,0,0,44,7	0,0,0,0,372,0,0,0,0,0,240,0,0,0,297,40	298	149	1	1.0	NA,0.312,NA,NA,NA	NA,NA,NA,NA,0.039,NA,NA,NA,NA,NA,0.034,NA,NA,NA,0.069,0.08	0.257
4343	0,18,0,0,0	0,17,0,0,0	0,0,0,0,23,0,0,0,0,0,7,0,0,0,45,0	0,0,0,0,0,0,0,0,0,0,4,0,0,0,4,0	197	149	1	1.0	NA,0.445,NA,NA,NA	NA,NA,NA,NA,1.0,NA,NA,NA,NA,NA,0.57,NA,NA,NA,0.895,NA	-0.377
4344	0,0,0,0,0	0,8,0,0,0	0,0,0,0,0,0,2,0,0,0,0,0,0,0,3,7	0,0,0,0,218,2,0,2,0,0,162,0,0,0,419,128	153	149	1	1.0	NA,0.0,NA,NA,NA	NA,NA,NA,NA,0.0,0.0,1.0,0.0,NA,NA,0.0,NA,NA,NA,0.007,0.051	-0.151
4345	0,3141,0,0,0	0,61,0,0,0	0,0,0,0,771,0,0,0,0,0,2066,0,0,0,10,167	0,0,0,0,5,0,0,0,0,0,57,0,0,0,0,0	188	149	1	1.0	NA,0.976,NA,NA,NA	NA,NA,NA,NA,0.992,NA,NA,NA,NA,NA,0.966,NA,NA,NA,1.0,1.0	-0.014
4347	0,0,0,0,0	0,6,0,0,0	0,0,0,0,3,0,0,0,0,0,8,0,0,0,27,0	0,0,0,0,0,0,0,0,0,0,2,0,0,0,5,0	298	149	1	1.0	NA,0.0,NA,NA,NA	NA,NA,NA,NA,1.0,NA,NA,NA,NA,NA,0.667,NA,NA,NA,0.73,NA	-0.799
4352	0,0,0,0,0	0,23,0,0,0	0,0,0,0,0,0,0,0,0,0,1,0,0,0,2,0	0,0,0,0,200,0,0,0,0,0,153,0,0,0,94,76	297	149	1	1.0	NA,0.0,NA,NA,NA	NA,NA,NA,NA,0.0,NA,NA,NA,NA,NA,0.003,NA,NA,NA,0.011,0.0	-0.003
4363	0,6,0,0,0	0,188,0,0,0	0,0,0,0,28,0,0,0,0,0,2,0,0,0,0,0	0,0,0,0,323,0,0,0,0,0,226,0,0,0,12,10	231	149	1	1.0	NA,0.02,NA,NA,NA	NA,NA,NA,NA,0.053,NA,NA,NA,NA,NA,0.006,NA,NA,NA,0.0,0.0	0.005
4367	0,16,0,0,0	0,8,0,0,0	0,0,0,0,29,0,0,0,0,0,74,0,0,0,111,23	0,0,0,0,37,0,0,0,0,0,47,0,0,0,70,66	161	149	1	1.0	NA,0.649,NA,NA,NA	NA,NA,NA,NA,0.42,NA,NA,NA,NA,NA,0.593,NA,NA,NA,0.595,0.244	0.186
4368	0,0,0,0,0	0,8,0,0,0	0,0,0,0,6,0,0,0,0,0,1,0,0,0,0,0	0,0,0,0,8,0,0,0,0,0,36,0,0,0,38,7	155	149	1	1.0	NA,0.0,NA,NA,NA	NA,NA,NA,NA,0.419,NA,NA,NA,NA,NA,0.026,NA,NA,NA,0.0,0.0	-0.111
4377	0,2,0,0,0	0,0,0,0,0	0,0,0,0,0,0,0,0,0,2,15,0,0,0,53,0	0,0,0,0,0,0,0,0,0,0,2,0,0,0,0,0	155	149	1	1.0	NA,1.0,NA,NA,NA	NA,NA,NA,NA,NA,NA,NA,NA,NA,1.0,0.878,NA,NA,NA,1.0,NA	0.041
4381	0,1581,2,0,0	0,0,0,0,0	0,0,0,0,1072,0,0,2,0,2,1125,0,0,0,446,75	0,0,0,0,0,0,0,0,0,0,0,0,0,0,0,1	153	149	1	1.0	NA,1.0,1.0,NA,NA	NA,NA,NA,NA,1.0,NA,NA,1.0,NA,1.0,1.0,NA,NA,NA,1.0,0.986	0.002
4383	0,1,0,0,0	0,0,0,0,0	0,0,0,0,0,0,0,0,0,0,0,0,0,0,5,0	0,0,0,0,0,0,0,0,0,0,0,0,0,0,2,0	187	149	1	1.0	NA,1.0,NA,NA,NA	NA,NA,NA,NA,NA,NA,NA,NA,NA,NA,NA,NA,NA,NA,0.666,NA	0.334
4387	0,2,0,0,0	0,0,0,0,0	0,0,0,0,0,0,0,0,0,0,3,0,0,0,18,1	0,0,0,0,15,0,0,0,0,0,11,0,0,0,52,2	298	149	1	1.0	NA,1.0,NA,NA,NA	NA,NA,NA,NA,0.0,NA,NA,NA,NA,NA,0.12,NA,NA,NA,0.148,0.2	0.883
4390	0,7,0,0,0	0,16,0,0,0	0,0,0,0,0,0,0,2,0,0,53,0,0,0,58,8	0,0,0,0,41,0,0,0,0,0,98,0,0,0,59,1	237	149	1	1.0	NA,0.216,NA,NA,NA	NA,NA,NA,NA,0.0,NA,NA,1.0,NA,NA,0.254,NA,NA,NA,0.382,0.834	-0.278
4391	0,2,0,0,0	0,0,0,0,0	0,0,0,0,245,0,0,0,2,0,698,0,0,0,63,1	0,0,0,0,28,0,0,2,0,0,9,0,0,0,0,0	153	149	1	1.0	NA,1.0,NA,NA,NA	NA,NA,NA,NA,0.895,NA,NA,0.0,1.0,NA,0.987,NA,NA,NA,1.0,1.0	0.186
4392	0,4,0,0,0	0,0,0,0,0	0,0,0,0,418,0,0,0,0,0,1266,0,0,0,1,1	0,0,0,0,0,0,0,0,0,0,7,0,0,0,0,0	298	149	1	1.0	NA,1.0,NA,NA,NA	NA,NA,NA,NA,1.0,NA,NA,NA,NA,NA,0.989,NA,NA,NA,1.0,1.0	0.003
4395	0,714,0,0,4	0,230,0,0,0	0,0,0,0,811,0,0,7,0,4,1976,0,0,0,48,176	0,0,0,0,71,0,0,0,0,0,405,0,0,0,30,26	177	149	1	1.0	NA,0.723,NA,NA,1.0	NA,NA,NA,NA,0.906,NA,NA,1.0,NA,1.0,0.804,NA,NA,NA,0.574,0.851	0.006
4396	0,11,0,0,0	0,2,0,0,0	0,0,0,0,27,0,0,0,0,0,4,0,0,0,0,1	0,0,0,0,0,0,0,0,0,0,0,0,0,0,0,0	177	149	1	1.0	NA,0.822,NA,NA,NA	NA,NA,NA,NA,1.0,NA,NA,NA,NA,NA,1.0,NA,NA,NA,NA,1.0	-0.178
4399	0,0,0,0,0	0,15,0,0,0	0,0,0,0,70,0,0,0,0,0,51,0,0,0,0,12	0,0,0,0,12,0,0,2,0,0,47,0,0,0,8,21	164	149	1	1.0	NA,0.0,NA,NA,NA	NA,NA,NA,NA,0.841,NA,NA,0.0,NA,NA,0.496,NA,NA,NA,0.0,0.342	-0.336
4402	0,1,0,0,0	0,15,0,0,2	0,0,0,0,0,0,0,0,0,0,3,0,0,0,18,0	0,0,0,0,63,0,4,2,0,0,83,0,0,0,158,5	158	149	1	1.0	NA,0.059,NA,NA,0.0	NA,NA,NA,NA,0.0,NA,0.0,0.0,NA,NA,0.033,NA,NA,NA,0.097,0.0	0.008
4403	0,1120,2,0,0	0,8,0,0,0	0,0,0,0,331,0,0,0,0,0,427,0,0,0,328,42	0,0,0,0,0,0,0,0,0,0,3,0,0,0,0,0	298	149	1	1.0	NA,0.986,1.0,NA,NA	NA,NA,NA,NA,1.0,NA,NA,NA,NA,NA,0.986,NA,NA,NA,1.0,1.0	-0.003
4404	0,6,0,0,0	0,178,0,0,0	0,0,0,0,0,0,0,0,0,0,5,0,0,0,0,6	0,0,0,0,238,0,0,0,0,0,299,0,0,0,47,67	298	149	1	1.0	NA,0.017,NA,NA,NA	NA,NA,NA,NA,0.0,NA,NA,NA,NA,NA,0.008,NA,NA,NA,0.0,0.043	0.004
4405	0,8,0,0,0	0,252,0,0,0	0,0,0,0,35,0,0,0,0,0,3,0,0,0,4,0	0,0,0,0,417,0,0,2,2,0,130,0,0,0,246,15	273	149	1	1.0	NA,0.017,NA,NA,NA	NA,NA,NA,NA,0.044,NA,NA,0.0,0.0,NA,0.012,NA,NA,NA,0.009,0.0	0.006
4406	0,3,0,0,0	0,435,0,0,0	0,0,0,0,0,0,0,0,0,0,0,0,0,0,0,0	0,0,0,0,652,0,0,2,0,0,1857,0,0,0,381,47	179	149	1	1.0	NA,0.006,NA,NA,NA	NA,NA,NA,NA,0.0,NA,NA,0.0,NA,NA,0.0,NA,NA,NA,0.0,0.0	0.006
4408	0,715,8,0,2	0,0,0,0,0	0,0,0,0,1606,4,12,14,4,10,3526,0,0,0,4596,978	0,0,0,0,0,0,0,0,0,0,4,0,0,0,14,0	298	149	1	1.0	NA,1.0,1.0,NA,1.0	NA,NA,NA,NA,1.0,1.0,1.0,1.0,1.0,1.0,0.998,NA,NA,NA,0.994,1.0	0.001
4410	0,727,8,0,10	0,0,0,0,0	0,0,0,0,2195,4,30,11,4,18,4377,0,0,0,5461,481	0,0,0,0,0,0,0,0,0,0,1,0,0,0,0,3	298	149	1	1.0	NA,1.0,1.0,NA,1.0	NA,NA,NA,NA,1.0,1.0,1.0,1.0,1.0,1.0,1.0,NA,NA,NA,1.0,0.988	0.001
4413	0,5,0,0,0	0,0,0,0,0	0,0,0,0,21,0,0,0,0,0,10,0,0,0,6,246	0,0,0,0,6,0,0,0,0,0,0,0,0,0,0,0	266	149	1	1.0	NA,1.0,NA,NA,NA	NA,NA,NA,NA,0.662,NA,NA,NA,NA,NA,1.0,NA,NA,NA,1.0,1.0	0.085
4414	0,5,0,0,0	0,0,0,0,0	0,0,0,0,0,0,0,0,0,0,10,0,0,0,0,213	0,0,0,0,6,0,0,0,0,0,0,0,0,0,0,0	241	149	1	1.0	NA,1.0,NA,NA,NA	NA,NA,NA,NA,0.0,NA,NA,NA,NA,NA,1.0,NA,NA,NA,NA,1.0	0.333
4415	0,0,0,0,0	0,342,0,0,0	0,0,0,0,0,0,2,0,0,0,0,0,0,0,12,2	0,0,0,0,954,0,0,0,0,2,2715,0,0,0,375,80	228	149	1	1.0	NA,0.0,NA,NA,NA	NA,NA,NA,NA,0.0,NA,1.0,NA,NA,0.0,0.0,NA,NA,NA,0.02,0.016	-0.173
4416	0,2058,0,0,0	0,14,0,0,0	0,0,0,0,1863,2,2,4,0,0,3673,0,0,0,2491,254	0,0,0,0,9,0,0,0,0,0,33,0,0,0,3,1	298	149	1	1.0	NA,0.987,NA,NA,NA	NA,NA,NA,NA,0.99,1.0,1.0,1.0,NA,NA,0.982,NA,NA,NA,0.998,0.992	-0.008
4417	0,99,0,0,0	0,9,0,0,0	0,0,0,0,172,0,0,1,0,0,435,0,0,0,62,47	0,0,0,0,11,0,0,0,0,0,5,0,0,0,8,0	213	149	1	1.0	NA,0.885,NA,NA,NA	NA,NA,NA,NA,0.916,NA,NA,1.0,NA,NA,0.984,NA,NA,NA,0.844,1.0	-0.064
4418	0,67,0,0,0	0,4,0,0,0	0,0,0,0,76,0,0,0,0,0,120,0,0,0,18,15	0,0,0,0,11,0,0,0,0,0,5,0,0,0,0,0	213	149	1	1.0	NA,0.921,NA,NA,NA	NA,NA,NA,NA,0.829,NA,NA,NA,NA,NA,0.944,NA,NA,NA,1.0,1.0	-0.022
4419	0,156,0,0,0	0,4,0,0,0	0,0,0,0,248,0,0,1,0,0,412,0,0,0,75,69	0,0,0,0,11,0,0,0,0,0,5,0,0,0,0,0	298	149	1	1.0	NA,0.951,NA,NA,NA	NA,NA,NA,NA,0.919,NA,NA,1.0,NA,NA,0.976,NA,NA,NA,1.0,1.0	-0.028
4420	0,112,0,0,0	0,12,0,0,0	0,0,0,0,243,0,0,1,2,0,311,0,0,0,57,58	0,0,0,0,0,0,0,0,0,0,0,0,0,0,0,0	298	149	1	1.0	NA,0.824,NA,NA,NA	NA,NA,NA,NA,1.0,NA,NA,1.0,1.0,NA,1.0,NA,NA,NA,1.0,1.0	-0.176
4422	0,0,0,0,0	0,18,0,0,0	0,0,0,0,0,0,0,0,0,0,2,0,0,0,14,0	0,0,0,0,110,8,0,0,0,0,43,0,0,0,90,20	161	149	1	1.0	NA,0.0,NA,NA,NA	NA,NA,NA,NA,0.0,0.0,NA,NA,NA,NA,0.041,NA,NA,NA,0.126,0.0	-0.033
4424	0,643,0,0,0	0,5,0,0,0	0,0,0,0,490,0,0,0,2,0,1647,0,0,0,379,57	0,0,0,0,20,0,0,0,0,0,51,0,0,0,3,0	298	149	1	1.0	NA,0.985,NA,NA,NA	NA,NA,NA,NA,0.925,NA,NA,NA,1.0,NA,0.942,NA,NA,NA,0.984,1.0	0.015
4425	0,252,0,0,2	0,0,0,0,0	0,0,0,0,155,0,0,0,0,0,1135,0,0,0,361,33	0,0,0,0,0,0,0,0,0,0,1,0,0,0,0,0	150	149	1	1.0	NA,1.0,NA,NA,1.0	NA,NA,NA,NA,1.0,NA,NA,NA,NA,NA,0.999,NA,NA,NA,1.0,1.0	0.0
4426	0,0,0,0,0	0,15,0,0,0	0,0,0,0,10,0,0,0,0,0,7,0,0,0,0,1	0,0,0,0,191,0,0,0,0,0,171,0,0,0,144,68	153	149	1	1.0	NA,0.0,NA,NA,NA	NA,NA,NA,NA,0.049,NA,NA,NA,NA,NA,0.038,NA,NA,NA,0.0,0.014	-0.025
4427	0,0,0,0,0	0,19,0,0,0	0,0,0,0,5,0,0,0,0,0,0,0,0,0,0,4	0,0,0,0,213,0,0,0,0,0,196,0,0,0,104,112	154	149	1	1.0	NA,0.0,NA,NA,NA	NA,NA,NA,NA,0.022,NA,NA,NA,NA,NA,0.0,NA,NA,NA,0.0,0.033	-0.014
4431	0,24,2,0,0	0,0,0,0,0	0,0,0,0,42,0,0,0,0,0,47,0,0,0,31,19	0,0,0,0,3,0,0,0,0,0,0,0,0,0,0,0	298	149	1	1.0	NA,1.0,1.0,NA,NA	NA,NA,NA,NA,0.875,NA,NA,NA,NA,NA,1.0,NA,NA,NA,1.0,1.0	0.031
4432	0,24,2,0,0	0,0,0,0,0	0,0,0,0,45,0,0,0,0,0,53,0,0,0,32,23	0,0,0,0,0,0,0,0,0,0,3,0,0,0,7,0	298	149	1	1.0	NA,1.0,1.0,NA,NA	NA,NA,NA,NA,1.0,NA,NA,NA,NA,NA,0.898,NA,NA,NA,0.696,1.0	0.101
4436	0,0,0,0,0	0,22,0,0,0	0,0,0,0,5,0,0,0,0,0,22,0,0,0,11,5	0,0,0,0,58,0,0,0,0,0,16,0,0,0,22,0	168	149	1	1.0	NA,0.0,NA,NA,NA	NA,NA,NA,NA,0.071,NA,NA,NA,NA,NA,0.549,NA,NA,NA,0.307,1.0	-0.482
4437	0,5,0,0,0	0,24,0,0,0	0,0,0,0,0,0,0,0,0,0,7,0,0,0,4,0	0,0,0,0,54,0,0,0,0,0,104,0,0,0,29,5	189	149	1	1.0	NA,0.141,NA,NA,NA	NA,NA,NA,NA,0.0,NA,NA,NA,NA,NA,0.05,NA,NA,NA,0.098,0.0	0.104
4438	0,899,6,0,6	0,92,0,0,0	0,0,0,0,1467,8,0,0,0,0,700,0,0,0,498,177	0,0,0,0,123,0,0,0,0,0,35,0,0,0,19,12	158	149	1	1.0	NA,0.902,1.0,NA,1.0	NA,NA,NA,NA,0.918,1.0,NA,NA,NA,NA,0.95,NA,NA,NA,0.961,0.933	0.015
4441	0,0,0,0,0	0,150,0,0,0	0,0,0,0,6,0,0,0,0,0,5,0,0,0,0,2	0,0,0,0,239,0,0,0,0,0,170,0,0,0,85,58	161	149	1	1.0	NA,0.0,NA,NA,NA	NA,NA,NA,NA,0.023,NA,NA,NA,NA,NA,0.026,NA,NA,NA,0.0,0.031	-0.02
4446	0,0,0,0,0	0,3,0,0,0	0,0,0,0,5,0,0,0,0,0,13,0,0,0,23,0	0,0,0,0,24,0,0,0,0,0,2,0,0,0,22,0	298	149	1	1.0	NA,0.0,NA,NA,NA	NA,NA,NA,NA,0.094,NA,NA,NA,NA,NA,0.765,NA,NA,NA,0.343,NA	-0.401
4447	0,5,0,0,0	0,96,8,0,0	0,0,0,0,0,0,0,0,0,0,2,0,0,0,0,1	0,0,0,0,0,0,0,0,0,0,202,0,0,0,36,6	180	149	1	1.0	NA,0.041,0.0,NA,NA	NA,NA,NA,NA,NA,NA,NA,NA,NA,NA,0.008,NA,NA,NA,0.0,0.121	-0.023
4448	0,0,2,0,0	0,10,0,0,0	0,0,0,0,23,0,0,0,0,0,0,0,0,0,5,1	0,0,0,0,45,0,0,0,0,0,77,0,0,0,64,7	245	149	1	1.0	NA,0.0,1.0,NA,NA	NA,NA,NA,NA,0.237,NA,NA,NA,NA,NA,0.0,NA,NA,NA,0.045,0.08	0.409
4450	0,288,0,0,0	0,2,0,0,0	0,0,0,0,1762,0,0,2,0,4,3464,0,0,0,1465,68	0,0,0,0,21,0,0,0,0,0,59,0,0,0,19,0	215	149	1	1.0	NA,0.99,NA,NA,NA	NA,NA,NA,NA,0.983,NA,NA,1.0,NA,1.0,0.976,NA,NA,NA,0.982,1.0	-0.0
4451	0,272,1,0,4	0,0,0,0,0	0,0,0,0,1387,0,0,0,4,6,2100,0,0,0,2406,74	0,0,0,0,0,0,0,0,0,0,1,0,0,0,0,0	298	149	1	1.0	NA,1.0,1.0,NA,1.0	NA,NA,NA,NA,1.0,NA,NA,NA,1.0,1.0,0.999,NA,NA,NA,1.0,1.0	0.0
4452	0,11,0,0,0	0,272,1,0,4	0,0,0,0,21,0,0,0,8,0,30,0,0,0,64,1	0,0,0,0,1319,0,0,0,4,6,2097,0,0,0,2384,73	298	149	1	1.0	NA,0.02,0.0,NA,0.0	NA,NA,NA,NA,0.008,NA,NA,NA,0.5,0.0,0.007,NA,NA,NA,0.013,0.007	-0.083
4463	0,8757,0,0,6	0,7,0,0,0	0,0,0,0,16184,0,0,29,4,14,15492,0,0,0,10981,826	0,0,0,0,5,0,0,0,0,0,1,0,0,0,0,0	298	149	1	1.0	NA,0.998,NA,NA,1.0	NA,NA,NA,NA,0.999,NA,NA,1.0,1.0,1.0,1.0,NA,NA,NA,1.0,1.0	-0.001
4464	0,361,0,0,2	0,8710,0,0,6	0,0,0,0,672,0,0,0,0,0,513,0,0,0,169,47	0,0,0,0,16126,0,0,29,4,14,15469,0,0,0,10981,805	298	149	1	1.0	NA,0.02,NA,NA,0.143	NA,NA,NA,NA,0.02,NA,NA,0.0,0.0,0.0,0.016,NA,NA,NA,0.008,0.028	0.071
4468	0,0,0,0,0	0,21,0,0,0	0,0,0,0,0,0,0,0,0,0,11,0,0,0,0,1	0,0,0,0,34,0,0,0,0,0,75,0,0,0,18,6	194	149	1	1.0	NA,0.0,NA,NA,NA	NA,NA,NA,NA,0.0,NA,NA,NA,NA,NA,0.101,NA,NA,NA,0.0,0.113	-0.054
4469	0,0,0,0,0	0,3,0,0,0	0,0,0,0,0,0,0,0,0,0,0,0,0,0,0,1	0,0,0,0,0,0,0,0,0,0,3,0,0,0,25,2	194	149	1	1.0	NA,0.0,NA,NA,NA	NA,NA,NA,NA,NA,NA,NA,NA,NA,NA,0.0,NA,NA,NA,0.0,0.277	-0.092
4471	0,0,0,0,0	0,40,0,0,0	0,0,0,0,0,0,0,0,0,0,1,0,0,0,8,3	0,0,0,0,27,0,0,0,0,0,86,0,0,0,30,6	220	149	1	1.0	NA,0.0,NA,NA,NA	NA,NA,NA,NA,0.0,NA,NA,NA,NA,NA,0.008,NA,NA,NA,0.153,0.253	-0.104
4472	0,0,0,0,0	0,28,0,0,0	0,0,0,0,11,0,0,0,0,0,0,0,0,0,0,1	0,0,0,0,62,0,0,0,0,0,56,0,0,0,12,8	175	149	1	1.0	NA,0.0,NA,NA,NA	NA,NA,NA,NA,0.131,NA,NA,NA,NA,NA,0.0,NA,NA,NA,0.0,0.096	-0.057
4474	0,4,0,0,0	0,6,0,0,0	0,0,0,0,0,0,0,0,0,0,13,0,0,0,0,0	0,0,0,0,0,0,0,0,0,0,28,0,0,0,0,0	197	149	1	1.0	NA,0.335,NA,NA,NA	NA,NA,NA,NA,NA,NA,NA,NA,NA,NA,0.26,NA,NA,NA,NA,NA	0.075
4478	0,19,0,0,0	0,3,0,0,0	0,0,0,0,69,0,0,0,2,0,34,0,0,0,6,92	0,0,0,0,38,0,0,0,0,0,16,0,0,0,5,12	298	149	1	1.0	NA,0.76,NA,NA,NA	NA,NA,NA,NA,0.476,NA,NA,NA,1.0,NA,0.515,NA,NA,NA,0.375,0.793	0.128
4479	0,699,0,0,0	0,0,0,0,0	0,0,0,0,719,0,0,3,0,2,1756,0,0,0,1022,194	0,0,0,0,0,0,0,0,0,0,0,0,0,0,0,1	298	149	1	1.0	NA,1.0,NA,NA,NA	NA,NA,NA,NA,1.0,NA,NA,1.0,NA,1.0,1.0,NA,NA,NA,1.0,0.99	0.002
4481	0,0,0,0,0	0,1,2,0,0	0,0,0,0,20,0,0,0,0,0,4,0,0,0,3,2	0,0,0,0,34,0,0,4,0,0,30,0,0,0,98,9	167	149	1	1.0	NA,0.0,0.0,NA,NA	NA,NA,NA,NA,0.344,NA,NA,0.0,NA,NA,0.106,NA,NA,NA,0.027,0.165	-0.128
4482	0,5,0,0,0	0,52,0,0,2	0,0,0,0,16,0,0,0,0,0,2,0,0,0,13,1	0,0,0,0,110,4,0,2,0,0,277,0,0,0,619,34	174	149	1	1.0	NA,0.076,NA,NA,0.0	NA,NA,NA,NA,0.111,0.0,NA,0.0,NA,NA,0.006,NA,NA,NA,0.018,0.025	0.011
4483	0,0,0,0,0	0,85,0,0,0	0,0,0,0,0,0,0,0,0,0,0,0,0,0,0,2	0,0,0,0,834,0,0,0,0,0,568,0,0,0,25,4	169	149	1	1.0	NA,0.0,NA,NA,NA	NA,NA,NA,NA,0.0,NA,NA,NA,NA,NA,0.0,NA,NA,NA,0.0,0.306	-0.076
4484	0,3,0,0,0	0,124,0,0,0	0,0,0,0,41,0,0,0,0,0,6,0,0,0,0,4	0,0,0,0,775,0,0,0,0,0,589,0,0,0,139,25	200	149	1	1.0	NA,0.018,NA,NA,NA	NA,NA,NA,NA,0.038,NA,NA,NA,NA,NA,0.008,NA,NA,NA,0.0,0.107	-0.02
4485	0,0,0,0,0	0,33,0,0,0	0,0,0,0,0,0,6,0,0,0,1,0,0,0,10,5	0,0,0,0,567,0,0,2,0,0,564,0,0,0,93,9	298	149	1	1.0	NA,0.0,NA,NA,NA	NA,NA,NA,NA,0.0,NA,1.0,0.0,NA,NA,0.001,NA,NA,NA,0.051,0.217	-0.211
4488	0,1555,0,0,4	0,44,0,0,0	0,0,0,0,238,0,0,0,0,0,545,0,0,0,164,73	0,0,0,0,0,0,0,0,0,0,2,0,0,0,5,0	298	149	1	1.0	NA,0.946,NA,NA,1.0	NA,NA,NA,NA,1.0,NA,NA,NA,NA,NA,0.993,NA,NA,NA,0.943,1.0	-0.011
4490	0,0,0,0,0	0,15,0,0,0	0,0,0,0,0,0,0,0,0,0,0,0,0,0,16,4	0,0,0,0,86,0,0,0,0,0,94,0,0,0,158,46	298	149	1	1.0	NA,0.0,NA,NA,NA	NA,NA,NA,NA,0.0,NA,NA,NA,NA,NA,0.0,NA,NA,NA,0.048,0.042	-0.022
4491	0,3,0,0,0	0,2,0,0,0	0,0,0,0,6,0,0,0,0,0,3,0,0,0,38,15	0,0,0,0,0,0,0,0,0,0,0,0,0,0,16,3	200	149	1	1.0	NA,0.528,NA,NA,NA	NA,NA,NA,NA,1.0,NA,NA,NA,NA,NA,1.0,NA,NA,NA,0.639,0.788	-0.329
4492	0,3,0,0,0	0,72,0,0,4	0,0,0,0,0,0,0,0,0,0,3,0,0,0,46,11	0,0,0,0,118,0,0,0,0,0,65,0,0,0,478,217	200	149	1	1.0	NA,0.03,NA,NA,0.0	NA,NA,NA,NA,0.0,NA,NA,NA,NA,NA,0.033,NA,NA,NA,0.067,0.036	-0.019
4493	0,4,0,0,0	0,345,0,0,0	0,0,0,0,5,0,0,0,0,0,5,0,0,0,4,0	0,0,0,0,370,0,0,0,0,0,375,0,0,0,101,16	188	149	1	1.0	NA,0.009,NA,NA,NA	NA,NA,NA,NA,0.011,NA,NA,NA,NA,NA,0.01,NA,NA,NA,0.03,0.0	-0.004
4494	0,745,0,0,0	0,19,0,0,0	0,0,0,0,1024,0,0,2,0,0,1723,0,0,0,1617,244	0,0,0,0,0,0,0,0,0,0,8,0,0,0,9,3	213	149	1	1.0	NA,0.965,NA,NA,NA	NA,NA,NA,NA,1.0,NA,NA,1.0,NA,NA,0.993,NA,NA,NA,0.992,0.983	-0.029
4495	0,253,0,0,0	0,0,0,0,0	0,0,0,0,358,0,0,2,0,0,663,0,0,0,575,70	0,0,0,0,0,0,0,0,0,0,3,0,0,0,0,0	213	149	1	1.0	NA,1.0,NA,NA,NA	NA,NA,NA,NA,1.0,NA,NA,1.0,NA,NA,0.994,NA,NA,NA,1.0,1.0	0.001
4496	0,842,2,0,0	0,0,0,0,0	0,0,0,0,1075,4,0,6,0,0,1934,0,0,0,1635,491	0,0,0,0,0,0,0,0,0,0,3,0,0,0,0,0	298	149	1	1.0	NA,1.0,1.0,NA,NA	NA,NA,NA,NA,1.0,1.0,NA,1.0,NA,NA,0.997,NA,NA,NA,1.0,1.0	0.001
4497	0,596,2,0,0	0,0,0,0,0	0,0,0,0,731,4,0,4,0,0,1273,0,0,0,1073,426	0,0,0,0,14,0,0,0,0,0,0,0,0,0,3,0	298	149	1	1.0	NA,1.0,1.0,NA,NA	NA,NA,NA,NA,0.963,1.0,NA,1.0,NA,NA,1.0,NA,NA,NA,0.994,1.0	0.007
4498	0,0,0,0,0	0,2,0,0,0	0,0,0,0,0,0,0,0,0,0,3,0,0,0,8,6	0,0,0,0,56,0,0,0,0,0,28,0,0,0,12,0	263	149	1	1.0	NA,0.0,NA,NA,NA	NA,NA,NA,NA,0.0,NA,NA,NA,NA,NA,0.057,NA,NA,NA,0.274,1.0	-0.333
4499	0,21,0,0,0	0,3,0,0,0	0,0,0,0,23,0,0,0,0,0,55,0,0,0,37,0	0,0,0,0,0,0,0,0,0,0,23,0,0,0,8,0	284	149	1	1.0	NA,0.786,NA,NA,NA	NA,NA,NA,NA,1.0,NA,NA,NA,NA,NA,0.556,NA,NA,NA,0.708,NA	0.031
4500	0,4,0,0,0	0,16,0,0,0	0,0,0,0,0,0,0,0,0,0,2,0,0,0,1,0	0,0,0,0,164,0,0,0,0,0,37,0,0,0,95,2	298	149	1	1.0	NA,0.111,NA,NA,NA	NA,NA,NA,NA,0.0,NA,NA,NA,NA,NA,0.026,NA,NA,NA,0.005,0.0	0.103
4502	0,41,0,0,0	0,0,0,0,0	0,0,0,0,31,0,0,0,0,0,147,0,0,0,3,14	0,0,0,0,0,0,0,0,0,0,6,0,0,0,0,0	298	149	1	1.0	NA,1.0,NA,NA,NA	NA,NA,NA,NA,1.0,NA,NA,NA,NA,NA,0.925,NA,NA,NA,1.0,1.0	0.019
4504	0,1,0,0,0	0,0,0,0,0	0,0,0,0,88,0,0,0,2,0,43,0,0,0,100,14	0,0,0,0,0,0,0,0,0,0,0,0,0,0,0,2	298	149	1	1.0	NA,1.0,NA,NA,NA	NA,NA,NA,NA,1.0,NA,NA,NA,1.0,NA,1.0,NA,NA,NA,1.0,0.778	0.044
4505	0,334,0,0,0	0,0,0,0,0	0,0,0,0,825,0,0,2,0,0,812,0,0,0,200,15	0,0,0,0,29,0,0,0,0,0,0,0,0,0,0,0	298	149	1	1.0	NA,1.0,NA,NA,NA	NA,NA,NA,NA,0.934,NA,NA,1.0,NA,NA,1.0,NA,NA,NA,1.0,1.0	0.013
4506	0,1032,0,0,0	0,43,0,0,0	0,0,0,0,2621,0,0,0,0,2,1259,0,0,0,138,150	0,0,0,0,76,0,0,0,0,0,77,0,0,0,22,4	158	149	1	1.0	NA,0.958,NA,NA,NA	NA,NA,NA,NA,0.97,NA,NA,NA,NA,1.0,0.939,NA,NA,NA,0.855,0.973	0.011
4507	0,30,2,0,1	0,4,0,0,0	0,0,0,0,299,2,4,0,2,0,505,0,0,0,452,21	0,0,0,0,0,0,0,0,0,0,2,0,0,0,4,0	195	149	1	1.0	NA,0.851,1.0,NA,1.0	NA,NA,NA,NA,1.0,1.0,1.0,NA,1.0,NA,0.995,NA,NA,NA,0.989,1.0	-0.047
4509	0,43,0,0,0	0,2,0,0,0	0,0,0,0,88,0,0,0,0,0,62,0,0,0,0,0	0,0,0,0,0,0,0,0,0,0,9,0,0,0,14,1	298	149	1	1.0	NA,0.915,NA,NA,NA	NA,NA,NA,NA,1.0,NA,NA,NA,NA,NA,0.775,NA,NA,NA,0.0,0.0	0.471
4510	0,15,0,0,0	0,7,0,0,0	0,0,0,0,62,0,0,0,0,0,17,0,0,0,11,13	0,0,0,0,84,0,0,0,0,0,28,0,0,0,4,4	298	149	1	1.0	NA,0.517,NA,NA,NA	NA,NA,NA,NA,0.27,NA,NA,NA,NA,NA,0.233,NA,NA,NA,0.579,0.619	0.092
4513	0,33,0,0,0	0,162,0,0,0	0,0,0,0,97,0,0,0,2,0,102,0,0,0,143,9	0,0,0,0,333,4,0,0,0,0,308,0,0,0,151,41	173	149	1	1.0	NA,0.149,NA,NA,NA	NA,NA,NA,NA,0.201,0.0,NA,NA,1.0,NA,0.222,NA,NA,NA,0.449,0.159	-0.19
4514	0,99,4,0,4	0,0,0,0,0	0,0,0,0,909,5,6,4,0,0,720,0,0,0,1486,515	0,0,0,0,0,0,0,0,0,0,0,0,0,0,0,1	298	149	1	1.0	NA,1.0,1.0,NA,1.0	NA,NA,NA,NA,1.0,1.0,1.0,1.0,NA,NA,1.0,NA,NA,NA,1.0,0.996	0.001
4518	0,1509,0,0,2	0,0,0,0,0	0,0,0,0,934,0,0,0,0,0,1422,0,0,0,28,92	0,0,0,0,0,0,0,0,0,0,1,0,0,0,0,0	298	149	1	1.0	NA,1.0,NA,NA,1.0	NA,NA,NA,NA,1.0,NA,NA,NA,NA,NA,0.999,NA,NA,NA,1.0,1.0	0.0
4519	0,21,0,0,0	0,0,0,0,0	0,0,0,0,117,2,0,0,0,0,155,0,0,0,277,9	0,0,0,0,0,0,0,0,0,0,4,0,0,0,3,0	153	149	1	1.0	NA,1.0,NA,NA,NA	NA,NA,NA,NA,1.0,1.0,NA,NA,NA,NA,0.974,NA,NA,NA,0.989,1.0	0.007
4522	0,12,0,0,0	0,4,0,0,0	0,0,0,0,30,0,0,0,0,0,24,0,0,0,4,2	0,0,0,0,12,0,0,0,0,0,3,0,0,0,0,2	245	149	1	1.0	NA,0.646,NA,NA,NA	NA,NA,NA,NA,0.603,NA,NA,NA,NA,NA,0.83,NA,NA,NA,1.0,0.378	-0.057
4523	0,12,0,0,0	0,22,0,0,0	0,0,0,0,43,0,0,0,0,0,37,0,0,0,14,9	0,0,0,0,31,0,0,0,0,0,25,0,0,0,13,10	298	149	1	1.0	NA,0.214,NA,NA,NA	NA,NA,NA,NA,0.41,NA,NA,NA,NA,NA,0.425,NA,NA,NA,0.35,0.31	-0.16
4524	0,4,0,0,0	0,22,0,0,0	0,0,0,0,25,0,0,0,0,0,16,0,0,0,10,9	0,0,0,0,31,0,0,0,0,0,25,0,0,0,13,10	202	149	1	1.0	NA,0.118,NA,NA,NA	NA,NA,NA,NA,0.373,NA,NA,NA,NA,NA,0.321,NA,NA,NA,0.362,0.399	-0.246
4525	0,0,0,0,0	0,32,0,0,0	0,0,0,0,11,0,0,0,0,0,0,0,0,0,0,0	0,0,0,0,93,0,0,0,0,0,30,0,0,0,18,18	153	149	1	1.0	NA,0.0,NA,NA,NA	NA,NA,NA,NA,0.103,NA,NA,NA,NA,NA,0.0,NA,NA,NA,0.0,0.0	-0.026
4526	0,15,0,0,0	0,5,0,0,0	0,0,0,0,63,0,0,0,0,0,16,0,0,0,25,0	0,0,0,0,33,0,0,0,0,0,12,0,0,0,10,4	170	149	1	1.0	NA,0.724,NA,NA,NA	NA,NA,NA,NA,0.626,NA,NA,NA,NA,NA,0.539,NA,NA,NA,0.687,0.0	0.261
4527	0,63,0,0,0	0,314,2,0,0	0,0,0,0,187,0,0,0,0,0,481,0,0,0,232,6	0,0,0,0,940,0,0,2,0,0,1696,0,0,0,1596,23	242	149	1	1.0	NA,0.11,0.0,NA,NA	NA,NA,NA,NA,0.109,NA,NA,0.0,NA,NA,0.149,NA,NA,NA,0.082,0.138	-0.041
4528	0,0,0,0,0	0,2,0,0,0	0,0,0,0,0,0,0,0,0,0,7,0,0,0,0,0	0,0,0,0,0,0,0,0,0,0,12,0,0,0,0,0	242	149	1	1.0	NA,0.0,NA,NA,NA	NA,NA,NA,NA,NA,NA,NA,NA,NA,NA,0.264,NA,NA,NA,NA,NA	-0.264
4531	0,152,0,0,0	0,0,0,0,0	0,0,0,0,192,0,0,0,0,0,199,0,0,0,0,165	0,0,0,0,0,0,0,0,0,0,1,0,0,0,0,1	298	149	1	1.0	NA,1.0,NA,NA,NA	NA,NA,NA,NA,1.0,NA,NA,NA,NA,NA,0.99,NA,NA,NA,NA,0.988	0.007
4533	0,99,0,0,0	0,0,0,0,0	0,0,0,0,307,0,0,0,2,0,142,0,0,0,21,19	0,0,0,0,0,0,0,0,0,0,1,0,0,0,0,0	298	149	1	1.0	NA,1.0,NA,NA,NA	NA,NA,NA,NA,1.0,NA,NA,NA,1.0,NA,0.986,NA,NA,NA,1.0,1.0	0.003
4534	0,0,0,0,0	0,56,0,0,0	0,0,0,0,12,0,0,0,0,0,2,0,0,0,0,0	0,0,0,0,243,0,0,0,0,0,140,0,0,0,83,12	172	149	1	1.0	NA,0.0,NA,NA,NA	NA,NA,NA,NA,0.041,NA,NA,NA,NA,NA,0.012,NA,NA,NA,0.0,0.0	-0.013
4536	0,3,0,0,0	0,0,0,0,0	0,0,0,0,2,0,0,0,0,0,10,0,0,0,0,2	0,0,0,0,0,0,0,0,0,0,5,0,0,0,0,0	287	149	1	1.0	NA,1.0,NA,NA,NA	NA,NA,NA,NA,1.0,NA,NA,NA,NA,NA,0.509,NA,NA,NA,NA,1.0	0.164
4537	0,0,0,0,0	0,27,0,0,0	0,0,0,0,0,0,0,0,0,0,0,0,0,0,18,0	0,0,0,0,211,0,0,0,0,0,211,0,0,0,151,79	227	149	1	1.0	NA,0.0,NA,NA,NA	NA,NA,NA,NA,0.0,NA,NA,NA,NA,NA,0.0,NA,NA,NA,0.073,0.0	-0.018
4540	0,49,0,0,0	0,8,0,0,0	0,0,0,0,40,0,0,0,0,0,64,0,0,0,10,3	0,0,0,0,0,0,0,0,0,0,3,0,0,0,0,0	199	149	1	1.0	NA,0.821,NA,NA,NA	NA,NA,NA,NA,1.0,NA,NA,NA,NA,NA,0.941,NA,NA,NA,1.0,1.0	-0.164
4548	0,16,0,0,0	0,0,0,0,0	0,0,0,0,104,0,0,0,0,0,115,0,0,0,164,8	0,0,0,0,7,0,0,0,0,0,6,0,0,0,0,0	151	149	1	1.0	NA,1.0,NA,NA,NA	NA,NA,NA,NA,0.936,NA,NA,NA,NA,NA,0.95,NA,NA,NA,1.0,1.0	0.028
4550	0,260,0,0,2	0,5,0,0,0	0,0,0,0,237,0,0,0,0,0,522,0,0,0,18,52	0,0,0,0,4,0,0,0,0,0,13,0,0,0,1,6	174	149	1	1.0	NA,0.978,NA,NA,1.0	NA,NA,NA,NA,0.981,NA,NA,NA,NA,NA,0.972,NA,NA,NA,0.939,0.881	0.046
4554	0,1584,0,0,0	0,30,0,0,0	0,0,0,0,2328,0,0,0,0,4,2757,0,0,0,321,40	0,0,0,0,36,0,0,0,0,0,33,0,0,0,5,0	163	149	1	1.0	NA,0.98,NA,NA,NA	NA,NA,NA,NA,0.983,NA,NA,NA,NA,1.0,0.987,NA,NA,NA,0.983,1.0	-0.011
4555	0,20,0,0,0	0,171,0,0,0	0,0,0,0,14,0,0,0,0,0,18,0,0,0,3,9	0,0,0,0,135,0,0,2,0,0,387,0,0,0,266,21	288	149	1	1.0	NA,0.057,NA,NA,NA	NA,NA,NA,NA,0.051,NA,NA,0.0,NA,NA,0.023,NA,NA,NA,0.006,0.181	0.005
4556	0,250,0,0,0	0,0,0,0,0	0,0,0,0,127,0,0,0,0,0,657,0,0,0,74,85	0,0,0,0,0,0,0,0,0,0,12,0,0,0,0,0	269	149	1	1.0	NA,1.0,NA,NA,NA	NA,NA,NA,NA,1.0,NA,NA,NA,NA,NA,0.968,NA,NA,NA,1.0,1.0	0.008
4557	0,15,0,0,0	0,4,0,0,0	0,0,0,0,0,0,0,0,0,0,12,0,0,0,0,0	0,0,0,0,0,0,0,0,0,0,0,0,0,0,0,0	298	149	1	1.0	NA,0.652,NA,NA,NA	NA,NA,NA,NA,NA,NA,NA,NA,NA,NA,1.0,NA,NA,NA,NA,NA	-0.348
4558	0,16,0,0,0	0,35,0,0,0	0,0,0,0,6,0,0,0,0,0,14,0,0,0,0,7	0,0,0,0,14,0,0,0,0,0,116,0,0,0,51,8	298	149	1	1.0	NA,0.186,NA,NA,NA	NA,NA,NA,NA,0.176,NA,NA,NA,NA,NA,0.057,NA,NA,NA,0.0,0.304	0.052
4559	0,14,0,0,0	0,35,0,0,0	0,0,0,0,6,0,0,0,0,0,13,0,0,0,0,7	0,0,0,0,14,0,0,0,0,0,116,0,0,0,51,8	225	149	1	1.0	NA,0.209,NA,NA,NA	NA,NA,NA,NA,0.221,NA,NA,NA,NA,NA,0.069,NA,NA,NA,0.0,0.367	0.045
4560	0,13,0,0,0	0,2,0,0,0	0,0,0,0,6,0,0,0,0,0,13,0,0,0,0,7	0,0,0,0,0,0,0,0,0,0,9,0,0,0,2,0	225	149	1	1.0	NA,0.811,NA,NA,NA	NA,NA,NA,NA,1.0,NA,NA,NA,NA,NA,0.489,NA,NA,NA,0.0,1.0	0.189
4561	0,10,0,0,0	0,6,0,0,0	0,0,0,0,6,0,0,0,0,0,15,0,0,0,0,7	0,0,0,0,0,0,0,0,0,0,30,0,0,0,0,4	225	149	1	1.0	NA,0.525,NA,NA,NA	NA,NA,NA,NA,1.0,NA,NA,NA,NA,NA,0.249,NA,NA,NA,NA,0.537	-0.07
4562	0,579,0,0,2	0,0,0,0,0	0,0,0,0,697,0,0,0,0,0,1454,0,0,0,156,19	0,0,0,0,0,0,0,0,0,0,2,0,0,0,0,0	298	149	1	1.0	NA,1.0,NA,NA,1.0	NA,NA,NA,NA,1.0,NA,NA,NA,NA,NA,0.997,NA,NA,NA,1.0,1.0	0.001
4570	0,96,0,0,4	0,0,0,0,0	0,0,0,0,184,0,0,2,0,4,94,0,0,0,49,3	0,0,0,0,0,0,0,0,0,0,5,0,0,0,0,0	179	149	1	1.0	NA,1.0,NA,NA,1.0	NA,NA,NA,NA,1.0,NA,NA,1.0,NA,1.0,0.94,NA,NA,NA,1.0,1.0	0.01
4571	0,141,0,0,4	0,27,0,0,0	0,0,0,0,259,0,0,0,0,0,210,0,0,0,121,0	0,0,0,0,32,0,0,0,0,0,52,0,0,0,40,0	179	149	1	1.0	NA,0.813,NA,NA,1.0	NA,NA,NA,NA,0.871,NA,NA,NA,NA,NA,0.771,NA,NA,NA,0.716,NA	0.121
4575	0,5,0,0,0	0,0,0,0,0	0,0,0,0,90,0,0,0,0,0,142,0,0,0,19,7	0,0,0,0,0,0,0,0,0,0,5,0,0,0,6,0	156	149	1	1.0	NA,1.0,NA,NA,NA	NA,NA,NA,NA,1.0,NA,NA,NA,NA,NA,0.964,NA,NA,NA,0.752,1.0	0.071
4576	0,913,0,0,0	0,21,0,0,0	0,0,0,0,76,20,6,1,2,2,6,0,0,0,118,2	0,0,0,0,0,0,0,0,0,0,0,0,0,0,1,0	153	149	1	1.0	NA,0.977,NA,NA,NA	NA,NA,NA,NA,1.0,1.0,1.0,1.0,1.0,1.0,1.0,NA,NA,NA,0.991,1.0	-0.022
4577	0,902,2,0,0	0,331,0,0,0	0,0,0,0,76,24,6,1,2,4,6,0,0,0,130,1	0,0,0,0,0,0,0,0,0,0,0,0,0,0,53,3	153	149	1	1.0	NA,0.726,1.0,NA,NA	NA,NA,NA,NA,1.0,1.0,1.0,1.0,1.0,1.0,1.0,NA,NA,NA,0.705,0.245	-0.02
4578	0,0,0,0,0	0,7,0,0,2	0,0,0,0,8,0,0,0,0,0,16,0,0,0,0,0	0,0,0,0,50,0,0,0,4,0,30,0,0,0,54,1	167	149	1	1.0	NA,0.0,NA,NA,0.0	NA,NA,NA,NA,0.125,NA,NA,NA,0.0,NA,0.322,NA,NA,NA,0.0,0.0	-0.089
4579	0,1,0,0,0	0,12,0,0,0	0,0,0,0,19,0,0,0,0,0,1,0,0,0,2,3	0,0,0,0,30,0,0,0,0,0,11,0,0,0,7,2	298	149	1	1.0	NA,0.04,NA,NA,NA	NA,NA,NA,NA,0.241,NA,NA,NA,NA,NA,0.043,NA,NA,NA,0.125,0.429	-0.169
4581	0,104,0,0,2	0,0,0,0,0	0,0,0,0,274,0,0,0,0,0,237,0,0,0,110,14	0,0,0,0,6,0,0,0,0,0,7,0,0,0,0,0	298	149	1	1.0	NA,1.0,NA,NA,1.0	NA,NA,NA,NA,0.958,NA,NA,NA,NA,NA,0.944,NA,NA,NA,1.0,1.0	0.024
4584	0,9,0,0,0	0,10,0,0,0	0,0,0,0,23,0,0,0,0,0,18,0,0,0,32,0	0,0,0,0,4,0,0,0,0,0,6,0,0,0,15,4	153	149	1	1.0	NA,0.467,NA,NA,NA	NA,NA,NA,NA,0.848,NA,NA,NA,NA,NA,0.745,NA,NA,NA,0.675,0.0	-0.1
4585	0,3,0,0,0	0,112,0,0,0	0,0,0,0,0,0,0,0,0,0,42,0,0,0,0,1	0,0,0,0,0,0,0,5,0,0,225,0,0,0,173,6	298	149	1	1.0	NA,0.013,NA,NA,NA	NA,NA,NA,NA,NA,NA,NA,0.0,NA,NA,0.085,NA,NA,NA,0.0,0.077	-0.028
4587	0,74,0,0,0	0,0,0,0,0	0,0,0,0,274,0,0,2,2,0,279,0,0,0,360,175	0,0,0,0,3,0,0,0,0,0,8,0,0,0,1,3	230	149	1	1.0	NA,1.0,NA,NA,NA	NA,NA,NA,NA,0.983,NA,NA,1.0,1.0,NA,0.958,NA,NA,NA,0.996,0.974	0.015
4591	0,7,0,0,0	0,160,0,0,0	0,0,0,0,23,0,0,0,0,0,11,0,0,0,2,0	0,0,0,0,127,0,0,2,0,2,353,0,0,0,214,7	189	149	1	1.0	NA,0.033,NA,NA,NA	NA,NA,NA,NA,0.125,NA,NA,0.0,NA,0.0,0.024,NA,NA,NA,0.007,0.0	0.007
4592	0,56,0,0,0	0,0,0,0,0	0,0,0,0,137,0,0,0,2,0,180,0,0,0,200,18	0,0,0,0,0,0,0,0,0,0,4,0,0,0,2,1	298	149	1	1.0	NA,1.0,NA,NA,NA	NA,NA,NA,NA,1.0,NA,NA,NA,1.0,NA,0.957,NA,NA,NA,0.98,0.9	0.033
4594	0,115,0,0,2	0,33,0,0,0	0,0,0,0,583,0,0,0,0,4,658,0,0,0,402,6	0,0,0,0,126,0,0,0,0,0,208,0,0,0,125,0	170	149	1	1.0	NA,0.753,NA,NA,1.0	NA,NA,NA,NA,0.802,NA,NA,NA,NA,1.0,0.735,NA,NA,NA,0.738,1.0	0.021
4596	0,0,0,0,0	0,5,0,0,0	0,0,0,0,17,0,0,0,0,0,0,0,0,0,5,0	0,0,0,0,0,0,0,0,0,0,2,0,0,0,0,0	298	149	1	1.0	NA,0.0,NA,NA,NA	NA,NA,NA,NA,1.0,NA,NA,NA,NA,NA,0.0,NA,NA,NA,1.0,NA	-0.667
4601	0,0,0,0,0	0,1147,0,0,8	0,0,0,0,0,0,0,0,0,0,3,0,0,0,0,0	0,0,0,0,10976,10,2,3,2,6,7589,0,0,0,1374,582	153	149	1	1.0	NA,0.0,NA,NA,0.0	NA,NA,NA,NA,0.0,0.0,0.0,0.0,0.0,0.0,0.0,NA,NA,NA,0.0,0.0	0.0
4603	0,1800,0,0,2	0,9,0,0,0	0,0,0,0,7420,0,1,0,4,6,6948,0,0,0,382,50	0,0,0,0,25,0,0,0,0,0,6,0,0,0,5,0	152	149	1	1.0	NA,0.995,NA,NA,1.0	NA,NA,NA,NA,0.997,NA,1.0,NA,1.0,1.0,0.999,NA,NA,NA,0.987,1.0	-0.0
4604	0,32,0,0,0	0,73,0,0,0	0,0,0,0,90,0,0,0,4,0,89,0,0,0,9,0	0,0,0,0,487,0,0,0,0,0,315,0,0,0,16,3	207	149	1	1.0	NA,0.24,NA,NA,NA	NA,NA,NA,NA,0.117,NA,NA,NA,1.0,NA,0.169,NA,NA,NA,0.288,0.0	-0.075
4606	0,32,0,0,0	0,1723,0,0,2	0,0,0,0,90,0,0,0,4,0,89,0,0,0,9,0	0,0,0,0,6057,0,0,0,0,0,6401,0,0,0,350,35	207	149	1	1.0	NA,0.013,NA,NA,0.0	NA,NA,NA,NA,0.011,NA,NA,NA,1.0,NA,0.01,NA,NA,NA,0.018,0.0	-0.201
4607	0,67,0,0,0	0,18,0,0,2	0,0,0,0,690,0,0,2,0,0,588,0,0,0,159,254	0,0,0,0,25,0,0,0,0,0,29,0,0,0,6,14	161	149	1	1.0	NA,0.775,NA,NA,0.0	NA,NA,NA,NA,0.962,NA,NA,1.0,NA,NA,0.949,NA,NA,NA,0.961,0.944	-0.576
4612	0,254,0,0,2	0,1,0,0,0	0,0,0,0,1808,0,0,4,0,0,1129,0,0,0,65,2	0,0,0,0,3,0,0,0,0,0,11,0,0,0,0,2	179	149	1	1.0	NA,0.995,NA,NA,1.0	NA,NA,NA,NA,0.998,NA,NA,1.0,NA,NA,0.988,NA,NA,NA,1.0,0.454	0.11
4613	0,444,0,0,0	0,1,0,0,0	0,0,0,0,2832,0,0,2,0,0,1998,0,0,0,118,3	0,0,0,0,3,0,0,0,0,0,11,0,0,0,0,2	200	149	1	1.0	NA,0.997,NA,NA,NA	NA,NA,NA,NA,0.999,NA,NA,1.0,NA,NA,0.993,NA,NA,NA,1.0,0.528	0.093
4614	0,459,0,0,0	0,1,0,0,0	0,0,0,0,2904,0,0,2,0,0,2031,0,0,0,118,4	0,0,0,0,3,0,0,0,0,0,11,0,0,0,0,2	203	149	1	1.0	NA,0.997,NA,NA,NA	NA,NA,NA,NA,0.999,NA,NA,1.0,NA,NA,0.993,NA,NA,NA,1.0,0.595	0.08
4615	0,195,0,0,0	0,5,0,0,2	0,0,0,0,1031,0,0,0,0,0,896,0,0,0,53,1	0,0,0,0,7,0,0,2,0,0,27,0,0,0,0,0	170	149	1	1.0	NA,0.972,NA,NA,0.0	NA,NA,NA,NA,0.992,NA,NA,0.0,NA,NA,0.967,NA,NA,NA,1.0,1.0	-0.306
4616	0,210,0,0,0	0,5,0,0,2	0,0,0,0,1103,0,0,0,0,0,929,0,0,0,53,2	0,0,0,0,7,0,0,2,0,0,27,0,0,0,0,0	173	149	1	1.0	NA,0.973,NA,NA,0.0	NA,NA,NA,NA,0.993,NA,NA,0.0,NA,NA,0.967,NA,NA,NA,1.0,1.0	-0.306
4617	0,17,0,0,0	0,2,0,0,0	0,0,0,0,93,0,0,0,0,0,54,0,0,0,0,1	0,0,0,0,21,0,0,0,0,0,21,0,0,0,0,0	152	149	1	1.0	NA,0.893,NA,NA,NA	NA,NA,NA,NA,0.813,NA,NA,NA,NA,NA,0.716,NA,NA,NA,NA,1.0	0.05
4618	0,50,0,0,0	0,1,0,0,0	0,0,0,0,126,0,0,0,0,0,267,0,0,0,15,0	0,0,0,0,0,0,0,0,0,0,1,0,0,0,0,0	152	149	1	1.0	NA,0.98,NA,NA,NA	NA,NA,NA,NA,1.0,NA,NA,NA,NA,NA,0.996,NA,NA,NA,1.0,NA	-0.019
4619	0,228,0,0,2	0,1,0,0,0	0,0,0,0,948,0,0,0,0,6,897,0,0,0,57,7	0,0,0,0,0,0,0,0,0,0,1,0,0,0,0,0	170	149	1	1.0	NA,0.995,NA,NA,1.0	NA,NA,NA,NA,1.0,NA,NA,NA,NA,1.0,0.999,NA,NA,NA,1.0,1.0	-0.002
4620	0,178,0,0,2	0,0,0,0,0	0,0,0,0,822,0,0,0,0,6,631,0,0,0,42,7	0,0,0,0,0,0,0,0,0,0,1,0,0,0,0,0	167	149	1	1.0	NA,1.0,NA,NA,1.0	NA,NA,NA,NA,1.0,NA,NA,NA,NA,1.0,0.998,NA,NA,NA,1.0,1.0	0.0
4621	0,62,0,0,0	0,0,0,0,0	0,0,0,0,408,0,0,0,0,0,219,0,0,0,15,16	0,0,0,0,0,0,0,0,0,0,3,0,0,0,0,0	242	149	1	1.0	NA,1.0,NA,NA,NA	NA,NA,NA,NA,1.0,NA,NA,NA,NA,NA,0.978,NA,NA,NA,1.0,1.0	0.006
4622	0,63,0,0,0	0,0,0,0,0	0,0,0,0,410,0,0,0,0,0,224,0,0,0,15,10	0,0,0,0,0,0,0,0,0,0,3,0,0,0,0,0	245	149	1	1.0	NA,1.0,NA,NA,NA	NA,NA,NA,NA,1.0,NA,NA,NA,NA,NA,0.978,NA,NA,NA,1.0,1.0	0.006
4623	0,67,0,0,0	0,0,0,0,0	0,0,0,0,415,0,0,0,0,0,226,0,0,0,15,10	0,0,0,0,0,0,0,0,0,0,3,0,0,0,0,0	251	149	1	1.0	NA,1.0,NA,NA,NA	NA,NA,NA,NA,1.0,NA,NA,NA,NA,NA,0.978,NA,NA,NA,1.0,1.0	0.006
4624	0,1,0,0,0	0,0,0,0,0	0,0,0,0,9,0,0,0,0,0,9,0,0,0,0,0	0,0,0,0,7,0,0,0,0,0,4,0,0,0,0,6	152	149	1	1.0	NA,1.0,NA,NA,NA	NA,NA,NA,NA,0.558,NA,NA,NA,NA,NA,0.688,NA,NA,NA,NA,0.0	0.585
4625	0,5,0,0,0	0,0,0,0,0	0,0,0,0,14,0,0,0,0,0,11,0,0,0,0,0	0,0,0,0,7,0,0,0,0,0,4,0,0,0,0,6	158	149	1	1.0	NA,1.0,NA,NA,NA	NA,NA,NA,NA,0.654,NA,NA,NA,NA,NA,0.722,NA,NA,NA,NA,0.0	0.541
4627	0,40,0,0,0	0,0,0,0,0	0,0,0,0,315,0,0,0,0,0,169,0,0,0,12,10	0,0,0,0,0,0,0,0,0,0,4,0,0,0,0,0	221	149	1	1.0	NA,1.0,NA,NA,NA	NA,NA,NA,NA,1.0,NA,NA,NA,NA,NA,0.966,NA,NA,NA,1.0,1.0	0.008
4628	0,37,0,0,0	0,349,2,0,0	0,0,0,0,128,0,0,0,0,2,77,0,0,0,7,4	0,0,0,0,130,0,0,0,0,0,182,0,0,0,37,4	153	149	1	1.0	NA,0.094,0.0,NA,NA	NA,NA,NA,NA,0.49,NA,NA,NA,NA,1.0,0.292,NA,NA,NA,0.156,0.493	-0.439
4629	0,8,0,0,0	0,0,0,0,0	0,0,0,0,30,0,0,0,0,0,0,0,0,0,0,16	0,0,0,0,0,0,0,0,0,0,0,0,0,0,0,2	153	149	1	1.0	NA,1.0,NA,NA,NA	NA,NA,NA,NA,1.0,NA,NA,NA,NA,NA,NA,NA,NA,NA,NA,0.886	0.057
4633	0,1067,0,0,0	0,0,0,0,0	0,0,0,0,511,0,0,1,0,0,744,0,0,0,680,69	0,0,0,0,0,0,0,0,0,0,2,0,0,0,9,1	298	149	1	1.0	NA,1.0,NA,NA,NA	NA,NA,NA,NA,1.0,NA,NA,1.0,NA,NA,0.995,NA,NA,NA,0.974,0.972	0.012
4636	0,110,0,0,0	0,2,0,0,0	0,0,0,0,499,0,0,0,0,2,236,0,0,0,114,52	0,0,0,0,0,0,0,0,0,0,17,0,0,0,0,1	298	149	1	1.0	NA,0.965,NA,NA,NA	NA,NA,NA,NA,1.0,NA,NA,NA,NA,1.0,0.874,NA,NA,NA,1.0,0.963	-0.002
4637	0,20,0,0,0	0,105,0,0,0	0,0,0,0,156,0,0,0,0,0,29,0,0,0,18,25	0,0,0,0,419,0,0,0,0,0,152,0,0,0,89,23	288	149	1	1.0	NA,0.09,NA,NA,NA	NA,NA,NA,NA,0.162,NA,NA,NA,NA,NA,0.09,NA,NA,NA,0.095,0.36	-0.087
4640	0,256,0,0,0	0,6,0,0,0	0,0,0,0,261,0,0,4,0,0,509,0,0,0,291,58	0,0,0,0,0,0,0,0,0,0,10,0,0,0,8,0	176	149	1	1.0	NA,0.973,NA,NA,NA	NA,NA,NA,NA,1.0,NA,NA,1.0,NA,NA,0.977,NA,NA,NA,0.969,1.0	-0.016
4644	0,0,0,0,0	0,18,0,0,0	0,0,0,0,0,0,0,0,0,0,0,0,0,0,8,1	0,0,0,0,80,0,0,0,0,0,48,0,0,0,12,15	298	149	1	1.0	NA,0.0,NA,NA,NA	NA,NA,NA,NA,0.0,NA,NA,NA,NA,NA,0.0,NA,NA,NA,0.25,0.032	-0.071
4647	0,24,2,0,0	0,4,0,0,0	0,0,0,0,114,0,2,2,0,0,291,0,0,0,429,22	0,0,0,0,0,0,0,0,0,0,0,0,0,0,0,0	292	149	1	1.0	NA,0.754,1.0,NA,NA	NA,NA,NA,NA,1.0,NA,1.0,1.0,NA,NA,1.0,NA,NA,NA,1.0,1.0	-0.123
4648	0,52,2,0,0	0,0,0,0,0	0,0,0,0,223,0,2,2,0,0,479,0,0,0,862,31	0,0,0,0,0,0,0,0,0,0,7,0,0,0,40,0	292	149	1	1.0	NA,1.0,1.0,NA,NA	NA,NA,NA,NA,1.0,NA,1.0,1.0,NA,NA,0.972,NA,NA,NA,0.917,1.0	0.018
4651	0,22,0,0,0	0,0,0,0,0	0,0,0,0,14,0,0,0,0,0,82,0,0,0,0,10	0,0,0,0,0,0,0,0,0,0,2,0,0,0,0,0	295	149	1	1.0	NA,1.0,NA,NA,NA	NA,NA,NA,NA,1.0,NA,NA,NA,NA,NA,0.954,NA,NA,NA,NA,1.0	0.015
4652	0,12,0,0,0	0,21,0,0,0	0,0,0,0,37,0,0,0,0,0,14,0,0,0,8,0	0,0,0,0,187,0,0,0,0,0,66,0,0,0,78,5	298	149	1	1.0	NA,0.222,NA,NA,NA	NA,NA,NA,NA,0.09,NA,NA,NA,NA,NA,0.096,NA,NA,NA,0.049,0.0	0.163
4653	0,40,0,0,0	0,37,0,0,0	0,0,0,0,26,0,0,0,0,0,3,0,0,0,17,0	0,0,0,0,8,0,0,0,0,0,4,0,0,0,6,0	298	149	1	1.0	NA,0.351,NA,NA,NA	NA,NA,NA,NA,0.619,NA,NA,NA,NA,NA,0.273,NA,NA,NA,0.586,NA	-0.142
4654	0,6,0,0,0	0,25,0,0,0	0,0,0,0,12,0,0,0,0,0,1,0,0,0,13,1	0,0,0,0,12,0,0,0,0,0,29,0,0,0,8,10	153	149	1	1.0	NA,0.189,NA,NA,NA	NA,NA,NA,NA,0.493,NA,NA,NA,NA,NA,0.032,NA,NA,NA,0.613,0.089	-0.118
4660	0,8,0,0,0	0,7657,4,0,6	0,0,0,0,5,0,0,0,0,0,21,0,0,0,1,0	0,0,0,0,13014,2,0,6,2,2,12224,0,0,0,5339,525	164	149	1	1.0	NA,0.001,0.0,NA,0.0	NA,NA,NA,NA,0.0,0.0,NA,0.0,0.0,0.0,0.002,NA,NA,NA,0.0,0.0	0.0
4662	0,0,0,0,0	0,8,0,0,0	0,0,0,0,7,0,0,0,0,0,1,0,0,0,0,0	0,0,0,0,232,0,0,0,0,0,32,0,0,0,67,2	199	149	1	1.0	NA,0.0,NA,NA,NA	NA,NA,NA,NA,0.022,NA,NA,NA,NA,NA,0.023,NA,NA,NA,0.0,0.0	-0.011
4666	0,2,0,0,0	0,0,0,0,0	0,0,0,0,0,0,0,0,0,0,0,0,0,0,2,6	0,0,0,0,0,0,0,0,0,0,6,0,0,0,4,27	161	149	1	1.0	NA,1.0,NA,NA,NA	NA,NA,NA,NA,NA,NA,NA,NA,NA,NA,0.0,NA,NA,NA,0.316,0.171	0.838
4667	0,215,0,0,0	0,4,0,0,0	0,0,0,0,157,0,2,0,0,0,221,0,0,0,42,5	0,0,0,0,0,0,0,0,0,0,10,0,0,0,3,0	164	149	1	1.0	NA,0.98,NA,NA,NA	NA,NA,NA,NA,1.0,NA,1.0,NA,NA,NA,0.953,NA,NA,NA,0.927,1.0	0.004
4668	0,0,0,0,0	0,17,0,0,0	0,0,0,0,0,0,0,0,0,0,3,0,0,0,16,0	0,0,0,0,14,0,0,0,0,0,18,0,0,0,126,30	230	149	1	1.0	NA,0.0,NA,NA,NA	NA,NA,NA,NA,0.0,NA,NA,NA,NA,NA,0.097,NA,NA,NA,0.076,0.0	-0.043
4669	0,0,0,0,0	0,16,0,0,0	0,0,0,0,0,0,0,0,0,0,2,0,0,0,9,0	0,0,0,0,28,0,0,0,0,0,38,0,0,0,90,4	153	149	1	1.0	NA,0.0,NA,NA,NA	NA,NA,NA,NA,0.0,NA,NA,NA,NA,NA,0.049,NA,NA,NA,0.089,0.0	-0.035
4676	0,51,0,0,0	0,0,0,0,0	0,0,0,0,354,0,0,2,2,0,156,0,0,0,172,9	0,0,0,0,0,0,0,0,0,0,0,0,0,0,0,1	298	149	1	1.0	NA,1.0,NA,NA,NA	NA,NA,NA,NA,1.0,NA,NA,1.0,1.0,NA,1.0,NA,NA,NA,1.0,0.818	0.03
4677	0,139,4,0,0	0,175,0,0,0	0,0,0,0,271,0,0,0,0,2,490,0,0,0,130,16	0,0,0,0,212,0,0,0,0,0,341,0,0,0,70,7	196	149	1	1.0	NA,0.376,1.0,NA,NA	NA,NA,NA,NA,0.493,NA,NA,NA,NA,1.0,0.522,NA,NA,NA,0.585,0.635	0.041
4678	0,624,0,0,0	0,0,0,0,0	0,0,0,0,279,0,0,2,0,0,486,0,0,0,151,23	0,0,0,0,0,0,0,0,0,0,3,0,0,0,0,0	298	149	1	1.0	NA,1.0,NA,NA,NA	NA,NA,NA,NA,1.0,NA,NA,1.0,NA,NA,0.988,NA,NA,NA,1.0,1.0	0.002
4681	0,18,0,0,0	0,11,0,0,0	0,0,0,0,117,0,0,0,0,0,95,0,0,0,259,12	0,0,0,0,0,0,4,0,0,0,19,0,0,0,6,1	245	149	1	1.0	NA,0.499,NA,NA,NA	NA,NA,NA,NA,1.0,NA,0.0,NA,NA,NA,0.753,NA,NA,NA,0.963,0.879	-0.22
4683	0,68,0,0,0	0,0,0,0,0	0,0,0,0,89,0,0,0,0,0,38,0,0,0,3,6	0,0,0,0,26,0,0,0,0,0,1,0,0,0,0,1	298	149	1	1.0	NA,1.0,NA,NA,NA	NA,NA,NA,NA,0.631,NA,NA,NA,NA,NA,0.95,NA,NA,NA,1.0,0.75	0.167
4684	0,101,0,0,0	0,1099,0,0,0	0,0,0,0,428,0,0,0,0,0,357,0,0,0,10,2	0,0,0,0,3789,0,0,0,0,6,2806,0,0,0,23,25	172	149	1	1.0	NA,0.074,NA,NA,NA	NA,NA,NA,NA,0.089,NA,NA,NA,NA,0.0,0.099,NA,NA,NA,0.274,0.065	-0.031
4689	0,2,0,0,0	0,70,0,0,0	0,0,0,0,0,0,0,0,0,0,0,0,0,0,0,0	0,0,0,0,0,0,0,0,0,0,2,0,0,0,26,0	160	149	1	1.0	NA,0.026,NA,NA,NA	NA,NA,NA,NA,NA,NA,NA,NA,NA,NA,0.0,NA,NA,NA,0.0,NA	0.026
4690	0,15,0,0,0	0,106,0,0,0	0,0,0,0,0,0,0,0,0,0,0,0,0,0,0,0	0,0,0,0,0,0,0,0,0,0,0,0,0,0,60,0	235	149	1	1.0	NA,0.082,NA,NA,NA	NA,NA,NA,NA,NA,NA,NA,NA,NA,NA,NA,NA,NA,NA,0.0,NA	0.082
4694	0,3,0,0,0	0,0,0,0,0	0,0,0,0,16,0,0,0,0,0,0,0,0,0,24,0	0,0,0,0,0,0,0,0,0,0,0,0,0,0,1,0	298	149	1	1.0	NA,1.0,NA,NA,NA	NA,NA,NA,NA,1.0,NA,NA,NA,NA,NA,NA,NA,NA,NA,0.923,NA	0.038
4696	0,2,0,0,0	0,6,0,0,0	0,0,0,0,4,0,0,0,0,0,4,0,0,0,2,1	0,0,0,0,48,0,0,0,0,0,72,0,0,0,90,7	262	149	1	1.0	NA,0.159,NA,NA,NA	NA,NA,NA,NA,0.045,NA,NA,NA,NA,NA,0.031,NA,NA,NA,0.012,0.075	0.118
4697	0,78,0,0,0	0,0,0,0,0	0,0,0,0,89,0,0,0,0,0,227,0,0,0,26,1	0,0,0,0,0,0,0,0,0,0,3,0,0,0,0,0	298	149	1	1.0	NA,1.0,NA,NA,NA	NA,NA,NA,NA,1.0,NA,NA,NA,NA,NA,0.974,NA,NA,NA,1.0,1.0	0.006
4698	0,0,0,0,0	0,15,0,0,0	0,0,0,0,0,0,0,0,0,0,1,0,0,0,0,0	0,0,0,0,11,0,0,0,0,0,8,0,0,0,0,0	175	149	1	1.0	NA,0.0,NA,NA,NA	NA,NA,NA,NA,0.0,NA,NA,NA,NA,NA,0.096,NA,NA,NA,NA,NA	-0.048
4699	0,18,6,0,4	0,3,0,0,0	0,0,0,0,69,2,0,0,1,2,93,0,0,0,379,50	0,0,0,0,0,0,0,0,0,0,9,0,0,0,11,1	271	149	1	1.0	NA,0.767,1.0,NA,1.0	NA,NA,NA,NA,1.0,1.0,NA,NA,1.0,1.0,0.85,NA,NA,NA,0.95,0.965	-0.044
4700	0,51,0,0,0	0,4,0,0,0	0,0,0,0,486,0,0,0,2,2,150,0,0,0,45,14	0,0,0,0,0,0,0,0,0,0,4,0,0,0,4,0	178	149	1	1.0	NA,0.914,NA,NA,NA	NA,NA,NA,NA,1.0,NA,NA,NA,1.0,1.0,0.969,NA,NA,NA,0.904,1.0	-0.065
4703	0,0,0,0,0	0,63,0,0,0	0,0,0,0,0,0,0,0,0,0,0,0,0,0,0,1	0,0,0,0,138,0,0,0,0,0,84,0,0,0,113,9	298	149	1	1.0	NA,0.0,NA,NA,NA	NA,NA,NA,NA,0.0,NA,NA,NA,NA,NA,0.0,NA,NA,NA,0.0,0.053	-0.013
4705	0,0,0,0,0	0,3,0,0,0	0,0,0,0,0,2,0,0,0,0,1,0,0,0,13,5	0,0,0,0,0,0,0,0,0,0,16,0,0,0,1,0	259	149	1	1.0	NA,0.0,NA,NA,NA	NA,NA,NA,NA,NA,1.0,NA,NA,NA,NA,0.035,NA,NA,NA,0.882,1.0	-0.729
4706	0,183,0,0,0	0,6,0,0,0	0,0,0,0,525,2,0,2,0,0,669,0,0,0,338,62	0,0,0,0,0,0,0,0,0,0,0,0,0,0,0,0	298	149	1	1.0	NA,0.938,NA,NA,NA	NA,NA,NA,NA,1.0,1.0,NA,1.0,NA,NA,1.0,NA,NA,NA,1.0,1.0	-0.062
4709	0,9,0,0,0	0,0,0,0,0	0,0,0,0,0,0,0,0,0,0,14,0,0,0,46,4	0,0,0,0,20,0,4,0,0,0,11,0,0,0,10,6	167	149	1	1.0	NA,1.0,NA,NA,NA	NA,NA,NA,NA,0.0,NA,0.0,NA,NA,NA,0.532,NA,NA,NA,0.804,0.373	0.658
4712	0,3,0,0,0	0,0,0,0,0	0,0,0,0,82,0,0,0,0,0,71,0,0,0,6,9	0,0,0,0,0,0,0,0,0,0,0,0,0,0,0,3	157	149	1	1.0	NA,1.0,NA,NA,NA	NA,NA,NA,NA,1.0,NA,NA,NA,NA,NA,1.0,NA,NA,NA,1.0,0.74	0.065
4719	0,0,0,0,0	0,5,0,0,0	0,0,0,0,6,0,0,0,0,0,5,0,0,0,0,0	0,0,0,0,26,0,0,0,0,0,23,0,0,0,0,0	200	149	1	1.0	NA,0.0,NA,NA,NA	NA,NA,NA,NA,0.147,NA,NA,NA,NA,NA,0.139,NA,NA,NA,NA,NA	-0.143
4720	0,101,0,0,0	0,95,0,0,0	0,0,0,0,36,0,0,0,0,0,152,0,0,0,0,14	0,0,0,0,178,0,0,0,0,0,479,0,0,0,0,15	291	149	1	1.0	NA,0.352,NA,NA,NA	NA,NA,NA,NA,0.094,NA,NA,NA,NA,NA,0.14,NA,NA,NA,NA,0.323	0.166
4721	0,11,0,0,0	0,13,0,0,0	0,0,0,0,32,0,0,0,0,0,0,0,0,0,2,0	0,0,0,0,27,0,0,0,0,0,34,0,0,0,2,4	298	149	1	1.0	NA,0.297,NA,NA,NA	NA,NA,NA,NA,0.372,NA,NA,NA,NA,NA,0.0,NA,NA,NA,0.333,0.0	0.121
4722	0,2,0,0,0	0,21,0,0,0	0,0,0,0,37,0,0,0,0,0,4,0,0,0,0,3	0,0,0,0,294,0,0,0,0,0,128,0,0,0,81,10	178	149	1	1.0	NA,0.074,NA,NA,NA	NA,NA,NA,NA,0.095,NA,NA,NA,NA,NA,0.025,NA,NA,NA,0.0,0.201	-0.006
4729	0,23,0,0,0	0,0,0,0,0	0,0,0,0,0,0,0,0,0,0,18,0,0,0,63,0	0,0,0,0,0,0,0,0,0,0,4,0,0,0,9,0	210	149	1	1.0	NA,1.0,NA,NA,NA	NA,NA,NA,NA,NA,NA,NA,NA,NA,NA,0.761,NA,NA,NA,0.832,NA	0.204
4730	0,22,0,0,0	0,272,0,0,0	0,0,0,0,88,0,0,0,0,0,86,0,0,0,29,1	0,0,0,0,625,0,0,2,0,0,902,0,0,0,101,23	289	149	1	1.0	NA,0.04,NA,NA,NA	NA,NA,NA,NA,0.068,NA,NA,0.0,NA,NA,0.047,NA,NA,NA,0.129,0.022	-0.013
4732	0,11,0,0,0	0,14,0,0,0	0,0,0,0,21,0,0,0,0,0,0,0,0,0,0,0	0,0,0,0,20,0,0,0,0,0,4,0,0,0,0,0	285	149	1	1.0	NA,0.291,NA,NA,NA	NA,NA,NA,NA,0.354,NA,NA,NA,NA,NA,0.0,NA,NA,NA,NA,NA	0.114
4734	0,17,0,0,0	0,0,0,0,0	0,0,0,0,76,0,0,0,0,0,109,0,0,0,197,35	0,0,0,0,4,0,0,2,0,0,19,0,0,0,44,7	263	149	1	1.0	NA,1.0,NA,NA,NA	NA,NA,NA,NA,0.915,NA,NA,0.0,NA,NA,0.765,NA,NA,NA,0.717,0.739	0.373
4737	0,18,0,0,2	0,1,0,0,0	0,0,0,0,229,0,0,0,0,0,90,0,0,0,50,3	0,0,0,0,0,0,0,0,0,0,1,0,0,0,0,0	298	149	1	1.0	NA,0.9,NA,NA,1.0	NA,NA,NA,NA,1.0,NA,NA,NA,NA,NA,0.978,NA,NA,NA,1.0,1.0	-0.044
4738	0,13,0,0,0	0,1,0,0,0	0,0,0,0,161,0,0,0,0,0,48,0,0,0,41,2	0,0,0,0,0,0,0,0,0,0,1,0,0,0,0,0	298	149	1	1.0	NA,0.867,NA,NA,NA	NA,NA,NA,NA,1.0,NA,NA,NA,NA,NA,0.96,NA,NA,NA,1.0,1.0	-0.123
4740	0,0,0,0,0	0,0,4,0,0	0,0,0,0,0,0,0,0,0,0,0,0,0,0,8,0	0,0,0,0,41,4,0,0,0,0,35,0,0,0,107,0	153	149	1	1.0	NA,NA,0.0,NA,NA	NA,NA,NA,NA,0.0,0.0,NA,NA,NA,NA,0.0,NA,NA,NA,0.068,NA	-0.017
4741	0,0,0,0,0	0,3,0,0,0	0,0,0,0,0,0,0,0,0,0,0,0,0,0,0,2	0,0,0,0,38,0,0,0,0,0,20,0,0,0,0,1	270	149	1	1.0	NA,0.0,NA,NA,NA	NA,NA,NA,NA,0.0,NA,NA,NA,NA,NA,0.0,NA,NA,NA,NA,0.525	-0.175
4742	0,6,0,0,0	0,158,0,0,2	0,0,0,0,21,0,0,0,0,0,23,0,0,0,11,0	0,0,0,0,382,0,0,0,0,0,951,0,0,0,259,24	274	149	1	1.0	NA,0.02,NA,NA,0.0	NA,NA,NA,NA,0.029,NA,NA,NA,NA,NA,0.013,NA,NA,NA,0.023,0.0	-0.006
4743	0,6,0,0,0	0,19,0,0,0	0,0,0,0,21,0,0,0,0,0,15,0,0,0,19,0	0,0,0,0,40,0,0,0,0,0,4,0,0,0,0,2	274	149	1	1.0	NA,0.147,NA,NA,NA	NA,NA,NA,NA,0.222,NA,NA,NA,NA,NA,0.671,NA,NA,NA,1.0,0.0	-0.326
4745	0,40,2,0,0	0,0,0,0,0	0,0,0,0,145,0,0,0,0,0,381,0,0,0,337,6	0,0,0,0,0,0,0,0,0,0,1,0,0,0,0,0	298	149	1	1.0	NA,1.0,1.0,NA,NA	NA,NA,NA,NA,1.0,NA,NA,NA,NA,NA,0.995,NA,NA,NA,1.0,1.0	0.001
4746	0,9,0,0,0	0,141,2,0,0	0,0,0,0,0,0,0,0,0,0,18,0,0,0,16,15	0,0,0,0,489,0,0,3,2,0,799,0,0,0,956,119	202	149	1	1.0	NA,0.045,0.0,NA,NA	NA,NA,NA,NA,0.0,NA,NA,0.0,0.0,NA,0.016,NA,NA,NA,0.012,0.085	0.004
4747	0,147,0,0,0	0,14,0,0,0	0,0,0,0,557,0,4,0,0,0,762,0,0,0,958,86	0,0,0,0,0,0,0,0,0,0,5,0,0,0,0,0	298	149	1	1.0	NA,0.84,NA,NA,NA	NA,NA,NA,NA,1.0,NA,1.0,NA,NA,NA,0.987,NA,NA,NA,1.0,1.0	-0.157
4749	0,0,0,0,0	0,8,0,0,0	0,0,0,0,0,0,0,0,0,0,0,0,0,0,0,1	0,0,0,0,0,0,0,0,0,0,29,0,0,0,28,6	189	149	1	1.0	NA,0.0,NA,NA,NA	NA,NA,NA,NA,NA,NA,NA,NA,NA,NA,0.0,NA,NA,NA,0.0,0.116	-0.039
4752	0,0,0,0,0	0,4,0,0,0	0,0,0,0,35,0,0,0,0,0,2,0,0,0,14,1	0,0,0,0,139,0,0,0,0,0,54,0,0,0,66,4	204	149	1	1.0	NA,0.0,NA,NA,NA	NA,NA,NA,NA,0.155,NA,NA,NA,NA,NA,0.026,NA,NA,NA,0.134,0.154	-0.117
4753	0,13658,8,0,8	0,42,0,0,0	0,0,0,0,28367,0,8,32,6,12,19937,0,0,0,13598,1631	0,0,0,0,168,0,0,0,0,0,92,0,0,0,56,12	209	149	1	1.0	NA,0.996,1.0,NA,1.0	NA,NA,NA,NA,0.992,NA,1.0,1.0,1.0,1.0,0.994,NA,NA,NA,0.994,0.99	0.002
4754	0,7,0,0,0	0,34,0,0,0	0,0,0,0,0,0,0,0,0,0,16,0,0,0,1,0	0,0,0,0,14,0,0,0,0,0,113,0,0,0,50,0	298	149	1	1.0	NA,0.093,NA,NA,NA	NA,NA,NA,NA,0.0,NA,NA,NA,NA,NA,0.066,NA,NA,NA,0.01,NA	0.068
4758	0,8,0,0,0	0,0,0,0,0	0,0,0,0,131,0,0,0,0,0,136,0,0,0,0,16	0,0,0,0,8,0,0,0,0,0,10,0,0,0,0,0	169	149	1	1.0	NA,1.0,NA,NA,NA	NA,NA,NA,NA,0.935,NA,NA,NA,NA,NA,0.923,NA,NA,NA,NA,1.0	0.047
4759	0,10,0,0,0	0,38,0,0,0	0,0,0,0,0,0,0,0,0,0,0,0,0,0,9,29	0,0,0,0,0,0,0,0,0,0,6,0,0,0,1,6	237	149	1	1.0	NA,0.142,NA,NA,NA	NA,NA,NA,NA,NA,NA,NA,NA,NA,NA,0.0,NA,NA,NA,0.85,0.752	-0.392
4760	0,5,0,0,0	0,17,0,0,0	0,0,0,0,37,0,0,0,0,0,40,0,0,0,3,4	0,0,0,0,0,0,0,0,0,0,9,0,0,0,0,5	192	149	1	1.0	NA,0.186,NA,NA,NA	NA,NA,NA,NA,1.0,NA,NA,NA,NA,NA,0.775,NA,NA,NA,1.0,0.383	-0.603
4761	0,23,0,0,0	0,81,0,0,0	0,0,0,0,46,0,0,0,0,0,12,0,0,0,0,2	0,0,0,0,187,0,0,0,0,0,172,0,0,0,0,8	192	149	1	1.0	NA,0.181,NA,NA,NA	NA,NA,NA,NA,0.16,NA,NA,NA,NA,NA,0.051,NA,NA,NA,NA,0.162	0.057
4762	0,1,0,0,0	0,0,0,0,0	0,0,0,0,76,0,0,0,0,0,23,0,0,0,57,1	0,0,0,0,4,0,0,0,0,0,9,0,0,0,28,0	172	149	1	1.0	NA,1.0,NA,NA,NA	NA,NA,NA,NA,0.943,NA,NA,NA,NA,NA,0.689,NA,NA,NA,0.638,1.0	0.182
4768	0,44,0,0,0	0,0,0,0,0	0,0,0,0,100,2,0,0,0,0,119,0,0,0,221,22	0,0,0,0,19,0,0,0,0,0,9,0,0,0,0,0	181	149	1	1.0	NA,1.0,NA,NA,NA	NA,NA,NA,NA,0.812,1.0,NA,NA,NA,NA,0.916,NA,NA,NA,1.0,1.0	0.054
4769	0,65,0,0,0	0,0,0,0,0	0,0,0,0,111,2,0,0,0,2,168,0,0,0,222,18	0,0,0,0,0,0,0,0,0,0,5,0,0,0,10,0	298	149	1	1.0	NA,1.0,NA,NA,NA	NA,NA,NA,NA,1.0,1.0,NA,NA,NA,1.0,0.944,NA,NA,NA,0.917,1.0	0.023
4770	0,40,0,0,0	0,7,0,0,0	0,0,0,0,113,2,0,0,0,2,91,0,0,0,155,20	0,0,0,0,2,0,0,0,0,0,10,0,0,0,43,4	298	149	1	1.0	NA,0.741,NA,NA,NA	NA,NA,NA,NA,0.966,1.0,NA,NA,NA,1.0,0.82,NA,NA,NA,0.643,0.714	-0.116
4771	0,0,0,0,0	0,6,0,0,0	0,0,0,0,0,0,0,0,0,0,2,0,0,0,11,2	0,0,0,0,103,0,0,2,0,0,34,0,0,0,32,3	298	149	1	1.0	NA,0.0,NA,NA,NA	NA,NA,NA,NA,0.0,NA,NA,0.0,NA,NA,0.029,NA,NA,NA,0.147,0.25	-0.085
4772	0,123,0,0,0	0,18,0,0,0	0,0,0,0,156,0,0,0,0,0,261,0,0,0,161,14	0,0,0,0,18,0,0,0,0,0,9,0,0,0,1,0	162	149	1	1.0	NA,0.863,NA,NA,NA	NA,NA,NA,NA,0.889,NA,NA,NA,NA,NA,0.964,NA,NA,NA,0.993,1.0	-0.099
4773	0,5,0,0,0	0,0,0,0,0	0,0,0,0,4,0,0,0,0,0,21,0,0,0,2,1	0,0,0,0,0,0,0,0,0,0,2,0,0,0,0,0	162	149	1	1.0	NA,1.0,NA,NA,NA	NA,NA,NA,NA,1.0,NA,NA,NA,NA,NA,0.906,NA,NA,NA,1.0,1.0	0.023
4774	0,0,0,0,0	0,268,0,0,0	0,0,0,0,34,0,0,0,0,0,10,0,0,0,0,0	0,0,0,0,371,0,0,2,0,0,353,0,0,0,27,9	172	149	1	1.0	NA,0.0,NA,NA,NA	NA,NA,NA,NA,0.074,NA,NA,0.0,NA,NA,0.024,NA,NA,NA,0.0,0.0	-0.02
4775	0,6,0,0,0	0,252,0,0,0	0,0,0,0,0,0,0,0,0,0,0,0,0,0,1,0	0,0,0,0,88,0,0,1,0,0,304,0,0,0,155,3	153	149	1	1.0	NA,0.023,NA,NA,NA	NA,NA,NA,NA,0.0,NA,NA,0.0,NA,NA,0.0,NA,NA,NA,0.006,0.0	0.022
4776	0,220,0,0,0	0,2,0,0,0	0,0,0,0,105,0,0,0,0,0,372,0,0,0,201,3	0,0,0,0,9,0,0,0,0,0,0,0,0,0,0,0	175	149	1	1.0	NA,0.989,NA,NA,NA	NA,NA,NA,NA,0.909,NA,NA,NA,NA,NA,1.0,NA,NA,NA,1.0,1.0	0.012
4777	0,133,0,0,0	0,0,0,0,0	0,0,0,0,60,0,0,0,0,0,325,0,0,0,204,8	0,0,0,0,7,0,0,0,0,0,0,0,0,0,0,0	298	149	1	1.0	NA,1.0,NA,NA,NA	NA,NA,NA,NA,0.811,NA,NA,NA,NA,NA,1.0,NA,NA,NA,1.0,1.0	0.047
4778	0,96,0,0,0	0,0,0,0,0	0,0,0,0,122,0,0,2,0,0,288,0,0,0,261,14	0,0,0,0,0,0,0,0,0,0,0,0,0,0,5,0	298	149	1	1.0	NA,1.0,NA,NA,NA	NA,NA,NA,NA,1.0,NA,NA,1.0,NA,NA,1.0,NA,NA,NA,0.963,1.0	0.007
4779	0,2,0,0,0	0,21,0,0,0	0,0,0,0,0,0,0,0,0,0,2,0,0,0,0,0	0,0,0,0,0,0,0,0,0,0,35,0,0,0,11,0	167	149	1	1.0	NA,0.078,NA,NA,NA	NA,NA,NA,NA,NA,NA,NA,NA,NA,NA,0.049,NA,NA,NA,0.0,NA	0.053
4780	0,2,0,0,0	0,25,0,0,0	0,0,0,0,12,0,0,0,0,0,0,0,0,0,2,0	0,0,0,0,94,0,0,0,0,0,213,0,0,0,104,5	167	149	1	1.0	NA,0.067,NA,NA,NA	NA,NA,NA,NA,0.102,NA,NA,NA,NA,NA,0.0,NA,NA,NA,0.017,0.0	0.037
4782	0,794,0,0,2	0,23,0,0,0	0,0,0,0,1982,0,0,0,4,4,853,0,0,0,659,186	0,0,0,0,53,0,0,0,0,0,27,0,0,0,32,4	179	149	1	1.0	NA,0.966,NA,NA,1.0	NA,NA,NA,NA,0.969,NA,NA,NA,1.0,1.0,0.963,NA,NA,NA,0.945,0.975	0.008
4783	0,754,0,0,2	0,92,0,0,0	0,0,0,0,1648,0,0,0,8,2,744,0,0,0,504,245	0,0,0,0,258,0,0,0,0,0,110,0,0,0,30,9	298	149	1	1.0	NA,0.804,NA,NA,1.0	NA,NA,NA,NA,0.762,NA,NA,NA,1.0,1.0,0.772,NA,NA,NA,0.894,0.932	0.009
4784	0,561,0,0,6	0,0,0,0,0	0,0,0,0,1453,0,0,0,0,2,727,0,0,0,770,212	0,0,0,0,5,0,0,0,0,0,0,0,0,0,0,0	158	149	1	1.0	NA,1.0,NA,NA,1.0	NA,NA,NA,NA,0.996,NA,NA,NA,NA,1.0,1.0,NA,NA,NA,1.0,1.0	0.001
4786	0,52,0,0,0	0,40,0,0,0	0,0,0,0,399,0,0,2,0,0,328,0,0,0,106,40	0,0,0,0,304,0,0,0,0,0,267,0,0,0,148,8	190	149	1	1.0	NA,0.505,NA,NA,NA	NA,NA,NA,NA,0.507,NA,NA,1.0,NA,NA,0.491,NA,NA,NA,0.36,0.797	-0.126
4791	0,1,0,0,0	0,16,4,0,4	0,0,0,0,61,0,0,0,0,0,5,0,0,0,6,2	0,0,0,0,37,0,0,0,0,0,45,0,0,0,50,7	267	149	1	1.0	NA,0.034,0.0,NA,0.0	NA,NA,NA,NA,0.479,NA,NA,NA,NA,NA,0.058,NA,NA,NA,0.063,0.138	-0.173
4792	0,0,0,0,0	0,7,0,0,0	0,0,0,0,0,0,0,0,0,0,0,0,0,0,4,3	0,0,0,0,0,0,0,0,0,0,6,0,0,0,10,0	263	149	1	1.0	NA,0.0,NA,NA,NA	NA,NA,NA,NA,NA,NA,NA,NA,NA,NA,0.0,NA,NA,NA,0.185,1.0	-0.395
4793	0,148,0,0,0	0,2,0,0,0	0,0,0,0,264,0,0,0,0,2,1399,0,0,0,798,57	0,0,0,0,0,0,0,0,0,0,3,0,0,0,0,0	298	149	1	1.0	NA,0.974,NA,NA,NA	NA,NA,NA,NA,1.0,NA,NA,NA,NA,1.0,0.996,NA,NA,NA,1.0,1.0	-0.025
4794	0,149,0,0,0	0,0,0,0,0	0,0,0,0,264,0,0,0,0,2,1404,0,0,0,798,57	0,0,0,0,8,0,0,0,0,0,0,0,0,0,0,0	298	149	1	1.0	NA,1.0,NA,NA,NA	NA,NA,NA,NA,0.943,NA,NA,NA,NA,1.0,1.0,NA,NA,NA,1.0,1.0	0.011
4795	0,3,0,0,0	0,0,0,0,0	0,0,0,0,0,0,0,0,0,0,8,0,0,0,0,0	0,0,0,0,8,0,0,0,0,0,0,0,0,0,0,0	151	149	1	1.0	NA,1.0,NA,NA,NA	NA,NA,NA,NA,0.0,NA,NA,NA,NA,NA,1.0,NA,NA,NA,NA,NA	0.5
4797	0,0,0,0,0	0,36,0,0,0	0,0,0,0,0,0,0,0,0,0,41,0,0,0,0,0	0,0,0,0,668,0,0,0,0,0,1682,0,0,0,31,7	298	149	1	1.0	NA,0.0,NA,NA,NA	NA,NA,NA,NA,0.0,NA,NA,NA,NA,NA,0.012,NA,NA,NA,0.0,0.0	-0.003
4798	0,20,0,0,0	0,5,0,0,0	0,0,0,0,74,0,0,0,0,0,16,0,0,0,5,0	0,0,0,0,0,0,0,0,0,0,18,0,0,0,10,0	157	149	1	1.0	NA,0.792,NA,NA,NA	NA,NA,NA,NA,1.0,NA,NA,NA,NA,NA,0.458,NA,NA,NA,0.322,NA	0.199
4799	0,0,0,0,0	0,45,0,0,0	0,0,0,0,12,0,0,0,0,0,0,0,0,0,0,0	0,0,0,0,107,0,0,0,0,0,39,0,0,0,11,6	156	149	1	1.0	NA,0.0,NA,NA,NA	NA,NA,NA,NA,0.097,NA,NA,NA,NA,NA,0.0,NA,NA,NA,0.0,0.0	-0.024
4802	0,108,0,0,0	0,0,0,0,0	0,0,0,0,126,0,0,2,0,0,336,0,0,0,204,11	0,0,0,0,33,0,0,0,0,0,4,0,0,0,33,0	187	149	1	1.0	NA,1.0,NA,NA,NA	NA,NA,NA,NA,0.753,NA,NA,1.0,NA,NA,0.985,NA,NA,NA,0.831,1.0	0.086
4806	0,64,0,0,0	0,0,0,0,0	0,0,0,0,216,0,0,0,0,2,174,0,0,0,5,21	0,0,0,0,0,0,0,0,0,0,2,0,0,0,0,0	298	149	1	1.0	NA,1.0,NA,NA,NA	NA,NA,NA,NA,1.0,NA,NA,NA,NA,1.0,0.978,NA,NA,NA,1.0,1.0	0.004
4807	0,0,0,0,0	0,12,0,0,0	0,0,0,0,0,0,0,0,0,0,0,0,0,0,0,1	0,0,0,0,47,0,0,0,0,0,122,0,0,0,16,3	163	149	1	1.0	NA,0.0,NA,NA,NA	NA,NA,NA,NA,0.0,NA,NA,NA,NA,NA,0.0,NA,NA,NA,0.0,0.234	-0.059
4810	0,1,0,0,0	0,72,0,0,0	0,0,0,0,12,0,0,0,0,0,1,0,0,0,28,0	0,0,0,0,268,0,0,0,0,0,694,0,0,0,681,31	173	149	1	1.0	NA,0.012,NA,NA,NA	NA,NA,NA,NA,0.037,NA,NA,NA,NA,NA,0.001,NA,NA,NA,0.034,0.0	-0.006
4811	0,982,0,0,0	0,0,0,0,0	0,0,0,0,546,2,0,2,0,2,1941,0,0,0,1277,63	0,0,0,0,0,0,0,0,0,0,3,0,0,0,0,0	298	149	1	1.0	NA,1.0,NA,NA,NA	NA,NA,NA,NA,1.0,1.0,NA,1.0,NA,1.0,0.997,NA,NA,NA,1.0,1.0	0.0
4832	0,28,0,0,0	0,4,0,0,2	0,0,0,0,249,0,0,0,0,2,278,0,0,0,7,2	0,0,0,0,86,0,0,0,0,0,70,0,0,0,0,8	156	149	1	1.0	NA,0.87,NA,NA,0.0	NA,NA,NA,NA,0.734,NA,NA,NA,NA,1.0,0.791,NA,NA,NA,1.0,0.193	-0.309
4833	0,0,0,0,0	0,61,0,0,0	0,0,0,0,40,0,0,0,0,0,4,0,0,0,1,5	0,0,0,0,38,0,0,0,0,0,46,0,0,0,4,5	298	149	1	1.0	NA,0.0,NA,NA,NA	NA,NA,NA,NA,0.345,NA,NA,NA,NA,NA,0.042,NA,NA,NA,0.111,0.333	-0.208
4834	0,0,0,0,0	0,5,0,0,0	0,0,0,0,0,0,0,0,0,0,0,0,0,0,0,3	0,0,0,0,1,0,0,0,0,0,15,0,0,0,62,19	157	149	1	1.0	NA,0.0,NA,NA,NA	NA,NA,NA,NA,0.0,NA,NA,NA,NA,NA,0.0,NA,NA,NA,0.0,0.13	-0.033
4835	0,293,0,0,2	0,0,0,0,0	0,0,0,0,0,0,0,0,0,0,230,0,0,0,181,3	0,0,0,0,0,0,0,0,0,0,9,0,0,0,0,0	298	149	1	1.0	NA,1.0,NA,NA,1.0	NA,NA,NA,NA,NA,NA,NA,NA,NA,NA,0.927,NA,NA,NA,1.0,1.0	0.024
4836	0,7,0,0,0	0,8,0,0,0	0,0,0,0,233,0,0,0,0,2,170,0,0,0,101,24	0,0,0,0,35,0,0,0,0,0,38,0,0,0,16,5	179	149	1	1.0	NA,0.421,NA,NA,NA	NA,NA,NA,NA,0.847,NA,NA,NA,NA,1.0,0.788,NA,NA,NA,0.84,0.8	-0.434
4837	0,0,2,0,2	0,98,38,0,4	0,0,0,0,0,0,0,0,0,0,2,0,0,0,36,0	0,0,0,0,2,8,2,4,0,8,785,0,0,0,942,0	157	149	1	1.0	NA,0.0,0.048,NA,0.322	NA,NA,NA,NA,0.0,0.0,0.0,0.0,NA,0.0,0.002,NA,NA,NA,0.035,NA	0.118
4839	0,21,0,0,0	0,0,0,0,0	0,0,0,0,26,2,0,0,0,0,52,0,0,0,84,0	0,0,0,0,0,0,0,0,0,0,7,0,0,0,9,4	162	149	1	1.0	NA,1.0,NA,NA,NA	NA,NA,NA,NA,1.0,1.0,NA,NA,NA,NA,0.872,NA,NA,NA,0.896,0.0	0.246
4841	0,2,0,0,0	0,0,0,0,0	0,0,0,0,7,0,0,0,0,0,2,0,0,0,0,0	0,0,0,0,0,0,0,0,0,0,2,0,0,0,0,0	181	149	1	1.0	NA,1.0,NA,NA,NA	NA,NA,NA,NA,1.0,NA,NA,NA,NA,NA,0.452,NA,NA,NA,NA,NA	0.274
4843	0,230,0,0,2	0,8,0,0,0	0,0,0,0,433,0,0,0,0,0,1109,0,0,0,159,69	0,0,0,0,24,0,0,0,0,0,0,0,0,0,0,2	187	149	1	1.0	NA,0.958,NA,NA,1.0	NA,NA,NA,NA,0.935,NA,NA,NA,NA,NA,1.0,NA,NA,NA,1.0,0.965	0.004
4844	0,26,0,0,0	0,0,0,0,0	0,0,0,0,103,0,0,0,0,0,48,0,0,0,73,5	0,0,0,0,59,0,0,0,0,0,22,0,0,0,21,6	298	149	1	1.0	NA,1.0,NA,NA,NA	NA,NA,NA,NA,0.466,NA,NA,NA,NA,NA,0.522,NA,NA,NA,0.635,0.294	0.521
4845	0,35,0,0,0	0,0,0,0,0	0,0,0,0,144,0,0,0,0,0,57,0,0,0,91,12	0,0,0,0,59,0,0,0,0,0,22,0,0,0,21,6	298	149	1	1.0	NA,1.0,NA,NA,NA	NA,NA,NA,NA,0.55,NA,NA,NA,NA,NA,0.564,NA,NA,NA,0.684,0.5	0.425
4846	0,10,0,0,0	0,1,0,0,0	0,0,0,0,41,0,0,0,0,0,22,0,0,0,29,10	0,0,0,0,0,0,0,0,0,0,13,0,0,0,11,3	152	149	1	1.0	NA,0.907,NA,NA,NA	NA,NA,NA,NA,1.0,NA,NA,NA,NA,NA,0.624,NA,NA,NA,0.721,0.766	0.129
4848	0,240,0,0,0	0,6,0,0,0	0,0,0,0,405,0,0,0,0,0,551,0,0,0,383,22	0,0,0,0,24,0,0,0,0,0,0,0,0,0,0,0	298	149	1	1.0	NA,0.952,NA,NA,NA	NA,NA,NA,NA,0.894,NA,NA,NA,NA,NA,1.0,NA,NA,NA,1.0,1.0	-0.022
4849	0,163,0,0,0	0,700,0,0,0	0,0,0,0,214,0,0,0,0,0,18,0,0,0,58,4	0,0,0,0,403,0,0,2,0,0,673,0,0,0,637,55	298	149	1	1.0	NA,0.104,NA,NA,NA	NA,NA,NA,NA,0.21,NA,NA,0.0,NA,NA,0.013,NA,NA,NA,0.044,0.035	0.044
4851	0,9,0,0,0	0,4,0,0,0	0,0,0,0,25,0,0,0,0,0,3,0,0,0,0,0	0,0,0,0,0,0,0,0,0,0,1,0,0,0,1,2	162	149	1	1.0	NA,0.674,NA,NA,NA	NA,NA,NA,NA,1.0,NA,NA,NA,NA,NA,0.734,NA,NA,NA,0.0,0.0	0.241
4852	0,112,0,0,0	0,34,0,0,0	0,0,0,0,255,0,0,0,0,0,289,0,0,0,37,42	0,0,0,0,41,0,0,0,0,0,12,0,0,0,2,5	162	149	1	1.0	NA,0.752,NA,NA,NA	NA,NA,NA,NA,0.851,NA,NA,NA,NA,NA,0.957,NA,NA,NA,0.944,0.885	-0.157
4854	0,117,0,0,0	0,0,0,0,0	0,0,0,0,421,0,0,0,0,0,278,0,0,0,117,77	0,0,0,0,27,0,0,0,0,0,5,0,0,0,0,10	190	149	1	1.0	NA,1.0,NA,NA,NA	NA,NA,NA,NA,0.924,NA,NA,NA,NA,NA,0.978,NA,NA,NA,1.0,0.858	0.06
4856	0,24,0,0,0	0,0,0,0,0	0,0,0,0,71,0,0,0,0,0,20,0,0,0,7,2	0,0,0,0,27,0,0,0,0,0,5,0,0,0,0,10	164	149	1	1.0	NA,1.0,NA,NA,NA	NA,NA,NA,NA,0.705,NA,NA,NA,NA,NA,0.784,NA,NA,NA,1.0,0.154	0.339
4857	0,0,0,0,0	0,9,0,0,0	0,0,0,0,8,0,0,0,0,0,0,0,0,0,0,0	0,0,0,0,39,0,0,0,0,0,54,0,0,0,151,2	160	149	1	1.0	NA,0.0,NA,NA,NA	NA,NA,NA,NA,0.16,NA,NA,NA,NA,NA,0.0,NA,NA,NA,0.0,0.0	-0.04
4858	0,9,0,0,0	0,0,0,0,0	0,0,0,0,39,2,0,0,0,0,54,0,0,0,167,2	0,0,0,0,0,0,0,0,0,0,0,0,0,0,11,0	298	149	1	1.0	NA,1.0,NA,NA,NA	NA,NA,NA,NA,1.0,1.0,NA,NA,NA,NA,1.0,NA,NA,NA,0.884,1.0	0.023
4861	0,61,0,0,0	0,0,0,0,0	0,0,0,0,148,0,0,0,0,2,460,0,0,0,90,30	0,0,0,0,0,0,0,0,0,0,1,0,0,0,0,3	298	149	1	1.0	NA,1.0,NA,NA,NA	NA,NA,NA,NA,1.0,NA,NA,NA,NA,1.0,0.996,NA,NA,NA,1.0,0.833	0.034
4862	0,45,0,0,0	0,0,0,0,0	0,0,0,0,272,4,0,0,0,0,668,0,0,0,210,23	0,0,0,0,0,0,0,0,0,0,5,0,0,0,0,0	298	149	1	1.0	NA,1.0,NA,NA,NA	NA,NA,NA,NA,1.0,1.0,NA,NA,NA,NA,0.985,NA,NA,NA,1.0,1.0	0.003
4863	0,43,2,0,0	0,0,0,0,0	0,0,0,0,134,4,0,0,0,0,233,0,0,0,361,45	0,0,0,0,0,0,0,0,0,0,2,0,0,0,4,0	298	149	1	1.0	NA,1.0,1.0,NA,NA	NA,NA,NA,NA,1.0,1.0,NA,NA,NA,NA,0.983,NA,NA,NA,0.978,1.0	0.008
4864	0,6,0,0,0	0,0,0,0,0	0,0,0,0,17,0,0,0,0,0,25,0,0,0,16,6	0,0,0,0,1,0,0,0,0,0,2,0,0,0,0,2	298	149	1	1.0	NA,1.0,NA,NA,NA	NA,NA,NA,NA,0.895,NA,NA,NA,NA,NA,0.862,NA,NA,NA,1.0,0.6	0.161
4866	0,33,0,0,0	0,156,0,0,0	0,0,0,0,3,0,0,0,0,0,14,0,0,0,37,8	0,0,0,0,123,0,0,2,0,0,181,0,0,0,33,26	158	149	1	1.0	NA,0.166,NA,NA,NA	NA,NA,NA,NA,0.022,NA,NA,0.0,NA,NA,0.068,NA,NA,NA,0.514,0.225	0.0
4867	0,1,0,0,0	0,30,4,0,0	0,0,0,0,9,0,0,0,0,0,5,0,0,0,31,0	0,0,0,0,20,0,0,0,0,2,20,0,0,0,36,2	164	149	1	1.0	NA,0.029,0.0,NA,NA	NA,NA,NA,NA,0.29,NA,NA,NA,NA,0.0,0.185,NA,NA,NA,0.439,0.0	-0.168
4871	0,2,1,0,0	0,0,0,0,0	0,0,0,0,126,0,0,2,3,0,77,0,0,0,140,45	0,0,0,0,14,0,0,0,0,0,4,0,0,0,0,5	260	149	1	1.0	NA,1.0,1.0,NA,NA	NA,NA,NA,NA,0.838,NA,NA,1.0,1.0,NA,0.917,NA,NA,NA,1.0,0.838	0.068
4874	0,0,0,0,0	0,0,2,0,0	0,0,0,0,0,0,0,0,0,0,1,0,0,0,0,0	0,0,0,0,79,4,4,0,0,0,257,0,0,0,627,46	161	149	1	1.0	NA,NA,0.0,NA,NA	NA,NA,NA,NA,0.0,0.0,0.0,NA,NA,NA,0.004,NA,NA,NA,0.0,0.0	-0.001
4875	0,42,0,0,0	0,2,0,0,0	0,0,0,0,135,0,2,2,0,0,131,0,0,0,265,19	0,0,0,0,6,0,0,0,0,0,0,0,0,0,2,0	298	149	1	1.0	NA,0.913,NA,NA,NA	NA,NA,NA,NA,0.918,NA,1.0,1.0,NA,NA,1.0,NA,NA,NA,0.985,1.0	-0.071
4876	0,1106,0,0,0	0,0,0,0,0	0,0,0,0,1233,0,0,4,0,0,3123,0,0,0,764,49	0,0,0,0,0,0,0,0,0,0,3,0,0,0,0,0	298	149	1	1.0	NA,1.0,NA,NA,NA	NA,NA,NA,NA,1.0,NA,NA,1.0,NA,NA,0.998,NA,NA,NA,1.0,1.0	0.0
4877	0,578,6,0,0	0,1,0,0,0	0,0,0,0,2160,0,0,2,2,2,2318,0,0,0,1087,69	0,0,0,0,0,0,0,0,0,0,3,0,0,0,0,0	152	149	1	1.0	NA,0.998,1.0,NA,NA	NA,NA,NA,NA,1.0,NA,NA,1.0,1.0,1.0,0.999,NA,NA,NA,1.0,1.0	-0.001
4878	0,23,0,0,0	0,0,0,0,0	0,0,0,0,68,0,0,0,0,0,12,0,0,0,0,0	0,0,0,0,0,0,0,0,0,0,1,0,0,0,0,0	298	149	1	1.0	NA,1.0,NA,NA,NA	NA,NA,NA,NA,1.0,NA,NA,NA,NA,NA,0.857,NA,NA,NA,NA,NA	0.072
4881	0,0,0,0,0	0,4,0,0,0	0,0,0,0,9,0,0,0,0,0,0,0,0,0,0,0	0,0,0,0,142,0,0,0,0,0,152,0,0,0,41,31	152	149	1	1.0	NA,0.0,NA,NA,NA	NA,NA,NA,NA,0.058,NA,NA,NA,NA,NA,0.0,NA,NA,NA,0.0,0.0	-0.015
4882	0,29,0,0,0	0,23,0,0,0	0,0,0,0,170,2,0,0,0,0,31,0,0,0,49,4	0,0,0,0,64,0,0,0,0,0,6,0,0,0,4,0	298	149	1	1.0	NA,0.387,NA,NA,NA	NA,NA,NA,NA,0.57,1.0,NA,NA,NA,NA,0.721,NA,NA,NA,0.86,1.0	-0.443
4883	0,15,0,0,0	0,9,0,0,0	0,0,0,0,85,0,0,0,0,0,30,0,0,0,18,2	0,0,0,0,0,0,0,0,0,0,3,0,0,0,0,0	160	149	1	1.0	NA,0.608,NA,NA,NA	NA,NA,NA,NA,1.0,NA,NA,NA,NA,NA,0.903,NA,NA,NA,1.0,1.0	-0.368
4884	0,72,2,0,0	0,0,0,0,0	0,0,0,0,452,0,0,0,0,0,87,0,0,0,175,76	0,0,0,0,8,0,0,0,0,0,1,0,0,0,0,0	298	149	1	1.0	NA,1.0,1.0,NA,NA	NA,NA,NA,NA,0.966,NA,NA,NA,NA,NA,0.978,NA,NA,NA,1.0,1.0	0.014
4885	0,67,2,0,0	0,0,0,0,0	0,0,0,0,367,0,0,0,0,0,60,0,0,0,161,76	0,0,0,0,8,0,0,0,0,0,1,0,0,0,0,0	298	149	1	1.0	NA,1.0,1.0,NA,NA	NA,NA,NA,NA,0.958,NA,NA,NA,NA,NA,0.968,NA,NA,NA,1.0,1.0	0.018
4886	0,5,0,0,0	0,154,0,0,0	0,0,0,0,31,0,0,0,0,0,31,0,0,0,32,0	0,0,0,0,199,0,0,0,0,0,209,0,0,0,302,55	298	149	1	1.0	NA,0.016,NA,NA,NA	NA,NA,NA,NA,0.072,NA,NA,NA,NA,NA,0.069,NA,NA,NA,0.05,0.0	-0.032
4887	0,3394,10,0,2	0,0,0,0,0	0,0,0,0,9496,7,8,9,2,2,14981,0,0,0,4596,734	0,0,0,0,0,0,0,0,0,0,3,0,0,0,0,0	298	149	1	1.0	NA,1.0,1.0,NA,1.0	NA,NA,NA,NA,1.0,1.0,1.0,1.0,1.0,1.0,1.0,NA,NA,NA,1.0,1.0	0.0
4888	0,695,6,0,6	0,0,0,0,0	0,0,0,0,3510,8,4,0,2,6,8145,0,0,0,4316,459	0,0,0,0,0,0,0,0,0,0,3,0,0,0,0,0	298	149	1	1.0	NA,1.0,1.0,NA,1.0	NA,NA,NA,NA,1.0,1.0,1.0,NA,1.0,1.0,0.999,NA,NA,NA,1.0,1.0	0.0
4889	0,14,0,0,0	0,0,0,0,0	0,0,0,0,95,0,0,0,0,0,97,0,0,0,365,24	0,0,0,0,0,0,0,0,0,0,0,0,0,0,4,4	153	149	1	1.0	NA,1.0,NA,NA,NA	NA,NA,NA,NA,1.0,NA,NA,NA,NA,NA,1.0,NA,NA,NA,0.989,0.854	0.039
4893	0,2,0,0,0	0,0,0,0,0	0,0,0,0,0,0,0,0,0,0,9,0,0,0,0,18	0,0,0,0,0,0,0,0,0,0,2,0,0,0,0,0	261	149	1	1.0	NA,1.0,NA,NA,NA	NA,NA,NA,NA,NA,NA,NA,NA,NA,NA,0.72,NA,NA,NA,NA,1.0	0.14
4894	0,190,0,0,0	0,21,0,0,0	0,0,0,0,118,0,0,0,0,0,187,0,0,0,16,2	0,0,0,0,14,0,0,0,0,0,22,0,0,0,0,1	153	149	1	1.0	NA,0.898,NA,NA,NA	NA,NA,NA,NA,0.891,NA,NA,NA,NA,NA,0.892,NA,NA,NA,1.0,0.661	0.037
4895	0,250,0,0,0	0,495,0,0,0	0,0,0,0,171,0,0,0,0,0,248,0,0,0,69,103	0,0,0,0,222,0,0,0,0,0,1219,0,0,0,24,70	298	149	1	1.0	NA,0.202,NA,NA,NA	NA,NA,NA,NA,0.278,NA,NA,NA,NA,NA,0.092,NA,NA,NA,0.59,0.424	-0.144
4896	0,596,0,0,0	0,154,0,0,0	0,0,0,0,404,0,0,2,0,0,1447,0,0,0,32,67	0,0,0,0,112,0,0,0,0,0,406,0,0,0,13,16	261	149	1	1.0	NA,0.688,NA,NA,NA	NA,NA,NA,NA,0.673,NA,NA,1.0,NA,NA,0.67,NA,NA,NA,0.584,0.705	-0.038
4897	0,1,0,0,0	0,27,0,0,0	0,0,0,0,20,0,0,0,0,0,14,0,0,0,5,3	0,0,0,0,0,0,0,0,0,0,24,0,0,0,19,0	166	149	1	1.0	NA,0.032,NA,NA,NA	NA,NA,NA,NA,1.0,NA,NA,NA,NA,NA,0.344,NA,NA,NA,0.191,1.0	-0.602
4899	0,27,0,0,0	0,74,2,0,0	0,0,0,0,211,0,0,1,0,0,178,0,0,0,214,38	0,0,0,0,551,0,0,0,0,2,891,0,0,0,499,55	218	149	1	1.0	NA,0.2,0.0,NA,NA	NA,NA,NA,NA,0.207,NA,NA,1.0,NA,0.0,0.12,NA,NA,NA,0.227,0.321	-0.212
4903	0,2,0,0,0	0,354,0,0,2	0,0,0,0,0,0,0,0,0,0,1,0,0,0,0,0	0,0,0,0,49,0,0,0,0,0,454,0,0,0,343,22	199	149	1	1.0	NA,0.004,NA,NA,0.0	NA,NA,NA,NA,0.0,NA,NA,NA,NA,NA,0.002,NA,NA,NA,0.0,0.0	0.002
4904	0,440,0,0,4	0,5,0,0,0	0,0,0,0,62,0,0,0,0,2,606,0,0,0,402,39	0,0,0,0,19,0,0,0,0,0,43,0,0,0,6,9	218	149	1	1.0	NA,0.984,NA,NA,1.0	NA,NA,NA,NA,0.69,NA,NA,NA,NA,1.0,0.906,NA,NA,NA,0.979,0.748	0.127
4906	0,0,0,0,0	0,9,0,0,0	0,0,0,0,6,0,0,0,0,0,4,0,0,0,2,2	0,0,0,0,0,0,0,0,0,0,14,0,0,0,0,2	177	149	1	1.0	NA,0.0,NA,NA,NA	NA,NA,NA,NA,1.0,NA,NA,NA,NA,NA,0.194,NA,NA,NA,1.0,0.457	-0.663
4909	0,63,0,0,2	0,0,0,0,0	0,0,0,0,259,0,0,2,0,0,223,0,0,0,300,23	0,0,0,0,0,0,0,0,0,0,8,0,0,0,18,0	257	149	1	1.0	NA,1.0,NA,NA,1.0	NA,NA,NA,NA,1.0,NA,NA,1.0,NA,NA,0.942,NA,NA,NA,0.906,1.0	0.03
4915	0,5,0,0,0	0,0,0,0,0	0,0,0,0,119,2,2,0,0,0,265,0,0,0,50,67	0,0,0,0,2,0,0,0,0,0,24,0,0,0,4,0	227	149	1	1.0	NA,1.0,NA,NA,NA	NA,NA,NA,NA,0.975,1.0,1.0,NA,NA,NA,0.879,NA,NA,NA,0.891,1.0	0.042
4916	0,1,0,0,0	0,0,0,0,0	0,0,0,0,0,0,0,0,0,0,31,0,0,0,72,1	0,0,0,0,0,0,0,0,0,0,1,0,0,0,0,0	181	149	1	1.0	NA,1.0,NA,NA,NA	NA,NA,NA,NA,NA,NA,NA,NA,NA,NA,0.962,NA,NA,NA,1.0,1.0	0.013
4920	0,92,0,0,2	0,9,0,0,0	0,0,0,0,135,0,0,0,0,0,129,0,0,0,55,2	0,0,0,0,0,0,0,0,0,0,5,0,0,0,0,0	298	149	1	1.0	NA,0.836,NA,NA,1.0	NA,NA,NA,NA,1.0,NA,NA,NA,NA,NA,0.928,NA,NA,NA,1.0,1.0	-0.064
4921	0,60,0,0,0	0,9,0,0,0	0,0,0,0,84,0,0,0,0,0,68,0,0,0,27,2	0,0,0,0,0,0,0,0,0,0,5,0,0,0,0,0	298	149	1	1.0	NA,0.769,NA,NA,NA	NA,NA,NA,NA,1.0,NA,NA,NA,NA,NA,0.872,NA,NA,NA,1.0,1.0	-0.199
4922	0,60,0,0,0	0,0,0,0,0	0,0,0,0,84,0,0,0,0,0,68,0,0,0,27,2	0,0,0,0,0,0,0,0,0,0,0,0,0,0,2,0	298	149	1	1.0	NA,1.0,NA,NA,NA	NA,NA,NA,NA,1.0,NA,NA,NA,NA,NA,1.0,NA,NA,NA,0.871,1.0	0.032
4924	0,57,0,0,0	0,0,0,0,0	0,0,0,0,144,0,0,0,0,0,70,0,0,0,133,41	0,0,0,0,0,0,0,0,0,0,3,0,0,0,0,5	232	149	1	1.0	NA,1.0,NA,NA,NA	NA,NA,NA,NA,1.0,NA,NA,NA,NA,NA,0.937,NA,NA,NA,1.0,0.84	0.056
4925	0,100,0,0,0	0,0,0,0,0	0,0,0,0,132,0,0,0,0,0,219,0,0,0,12,23	0,0,0,0,0,0,0,0,0,0,1,0,0,0,0,0	209	149	1	1.0	NA,1.0,NA,NA,NA	NA,NA,NA,NA,1.0,NA,NA,NA,NA,NA,0.994,NA,NA,NA,1.0,1.0	0.002
4927	0,2,0,0,0	0,61,0,0,0	0,0,0,0,7,0,0,0,0,0,11,0,0,0,4,0	0,0,0,0,161,0,0,0,2,0,79,0,0,0,9,2	212	149	1	1.0	NA,0.023,NA,NA,NA	NA,NA,NA,NA,0.03,NA,NA,NA,0.0,NA,0.089,NA,NA,NA,0.238,0.0	-0.048
4928	0,20,0,0,0	0,33,0,0,0	0,0,0,0,11,0,0,0,0,0,21,0,0,0,8,1	0,0,0,0,14,0,0,0,0,0,68,0,0,0,6,2	277	149	1	1.0	NA,0.246,NA,NA,NA	NA,NA,NA,NA,0.297,NA,NA,NA,NA,NA,0.142,NA,NA,NA,0.418,0.212	-0.021
4929	0,0,0,0,0	0,1074,4,0,2	0,0,0,0,92,0,0,0,0,0,15,0,0,0,100,26	0,0,0,0,4988,8,6,12,6,4,6672,0,0,0,7318,5319	298	149	1	1.0	NA,0.0,0.0,NA,0.0	NA,NA,NA,NA,0.009,0.0,0.0,0.0,0.0,0.0,0.001,NA,NA,NA,0.007,0.002	-0.002
4930	0,0,0,0,0	0,1439,4,0,0	0,0,0,0,13,0,0,0,0,0,4,0,0,0,2,4	0,0,0,0,6876,8,2,17,2,4,6698,0,0,0,5300,3293	153	149	1	1.0	NA,0.0,0.0,NA,NA	NA,NA,NA,NA,0.002,0.0,0.0,0.0,0.0,0.0,0.001,NA,NA,NA,0.0,0.001	-0.0
4931	0,1589,12,0,4	0,70,0,0,0	0,0,0,0,4931,12,12,22,2,2,6055,0,0,0,6179,871	0,0,0,0,187,0,0,0,0,0,182,0,0,0,118,16	298	149	1	1.0	NA,0.919,1.0,NA,1.0	NA,NA,NA,NA,0.93,1.0,1.0,1.0,1.0,1.0,0.943,NA,NA,NA,0.963,0.965	-0.005
4933	0,4,0,0,0	0,14,0,0,0	0,0,0,0,8,0,0,0,0,0,0,0,0,0,0,0	0,0,0,0,35,0,0,0,0,0,17,0,0,0,0,0	158	149	1	1.0	NA,0.212,NA,NA,NA	NA,NA,NA,NA,0.177,NA,NA,NA,NA,NA,0.0,NA,NA,NA,NA,NA	0.123
4934	0,3,0,0,0	0,0,0,0,0	0,0,0,0,26,0,0,0,0,0,3,0,0,0,0,0	0,0,0,0,0,0,0,0,0,0,2,0,0,0,0,1	158	149	1	1.0	NA,1.0,NA,NA,NA	NA,NA,NA,NA,1.0,NA,NA,NA,NA,NA,0.586,NA,NA,NA,NA,0.0	0.471
4936	0,1,0,0,0	0,0,0,0,0	0,0,0,0,0,0,0,0,0,0,0,0,0,0,4,0	0,0,0,0,14,0,0,0,0,0,29,0,0,0,68,7	166	149	1	1.0	NA,1.0,NA,NA,NA	NA,NA,NA,NA,0.0,NA,NA,NA,NA,NA,0.0,NA,NA,NA,0.05,0.0	0.988
4938	0,513,2,0,0	0,2,0,0,0	0,0,0,0,1611,1,1,2,0,2,3010,0,0,0,1615,196	0,0,0,0,0,0,0,0,0,0,0,0,0,0,0,0	186	149	1	1.0	NA,0.995,1.0,NA,NA	NA,NA,NA,NA,1.0,1.0,1.0,1.0,NA,1.0,1.0,NA,NA,NA,1.0,1.0	-0.002
4939	0,718,2,0,4	0,26,0,0,0	0,0,0,0,1673,2,0,0,2,0,2834,0,0,0,1829,109	0,0,0,0,29,0,0,0,0,0,42,0,0,0,8,0	298	149	1	1.0	NA,0.932,1.0,NA,1.0	NA,NA,NA,NA,0.966,1.0,NA,NA,1.0,NA,0.971,NA,NA,NA,0.991,1.0	-0.011
4940	0,89,0,0,0	0,0,0,0,0	0,0,0,0,390,0,0,0,0,0,525,0,0,0,246,28	0,0,0,0,0,0,0,0,0,0,34,0,0,0,11,0	186	149	1	1.0	NA,1.0,NA,NA,NA	NA,NA,NA,NA,1.0,NA,NA,NA,NA,NA,0.925,NA,NA,NA,0.947,1.0	0.032
4941	0,819,2,0,4	0,0,0,0,0	0,0,0,0,2052,2,0,0,2,0,3339,0,0,0,2047,133	0,0,0,0,0,0,0,0,0,0,34,0,0,0,11,0	298	149	1	1.0	NA,1.0,1.0,NA,1.0	NA,NA,NA,NA,1.0,1.0,NA,NA,1.0,NA,0.98,NA,NA,NA,0.989,1.0	0.005
4942	0,738,2,0,4	0,8,0,0,0	0,0,0,0,1662,2,0,0,2,0,2822,0,0,0,1801,105	0,0,0,0,0,0,0,0,0,0,8,0,0,0,0,0	298	149	1	1.0	NA,0.979,1.0,NA,1.0	NA,NA,NA,NA,1.0,1.0,NA,NA,1.0,NA,0.994,NA,NA,NA,1.0,1.0	-0.006
4943	0,23,0,0,0	0,718,0,0,0	0,0,0,0,56,0,0,0,0,0,26,0,0,0,20,4	0,0,0,0,1236,0,0,9,0,0,2191,0,0,0,1379,125	298	149	1	1.0	NA,0.016,NA,NA,NA	NA,NA,NA,NA,0.022,NA,NA,0.0,NA,NA,0.006,NA,NA,NA,0.007,0.016	0.006
4944	0,953,0,0,0	0,2,0,0,0	0,0,0,0,1584,2,0,4,0,0,2428,0,0,0,1578,230	0,0,0,0,1,0,0,0,0,0,13,0,0,0,12,0	298	149	1	1.0	NA,0.996,NA,NA,NA	NA,NA,NA,NA,0.999,1.0,NA,1.0,NA,NA,0.989,NA,NA,NA,0.985,1.0	0.001
4946	0,0,0,0,0	0,4,0,0,0	0,0,0,0,7,0,4,0,0,0,4,0,0,0,0,0	0,0,0,0,31,0,0,0,0,0,23,0,0,0,1,0	168	149	1	1.0	NA,0.0,NA,NA,NA	NA,NA,NA,NA,0.167,NA,1.0,NA,NA,NA,0.134,NA,NA,NA,0.0,NA	-0.325
4947	0,0,0,0,0	0,16,0,0,0	0,0,0,0,7,0,4,0,0,0,10,0,0,0,1,0	0,0,0,0,105,0,0,2,2,0,297,0,0,0,29,7	168	149	1	1.0	NA,0.0,NA,NA,NA	NA,NA,NA,NA,0.056,NA,1.0,0.0,0.0,NA,0.029,NA,NA,NA,0.03,0.0	-0.159
4949	0,7,0,0,0	0,14,0,0,0	0,0,0,0,76,0,0,0,0,0,34,0,0,0,97,6	0,0,0,0,85,2,0,0,0,0,74,0,0,0,73,4	193	149	1	1.0	NA,0.279,NA,NA,NA	NA,NA,NA,NA,0.408,0.0,NA,NA,NA,NA,0.262,NA,NA,NA,0.506,0.537	-0.064
4950	0,11,0,0,0	0,0,0,0,0	0,0,0,0,50,0,0,0,0,0,65,0,0,0,9,19	0,0,0,0,0,0,0,0,0,0,0,0,0,0,0,5	298	149	1	1.0	NA,1.0,NA,NA,NA	NA,NA,NA,NA,1.0,NA,NA,NA,NA,NA,1.0,NA,NA,NA,1.0,0.655	0.086
4952	0,157,0,0,0	0,0,0,0,0	0,0,0,0,414,0,0,0,0,0,383,0,0,0,254,31	0,0,0,0,0,0,0,0,0,0,2,0,0,0,0,2	298	149	1	1.0	NA,1.0,NA,NA,NA	NA,NA,NA,NA,1.0,NA,NA,NA,NA,NA,0.99,NA,NA,NA,1.0,0.886	0.031
4953	0,3,0,0,0	0,0,0,0,0	0,0,0,0,0,0,0,2,0,2,109,0,0,0,172,15	0,0,0,0,0,0,0,0,0,0,2,0,0,0,2,0	161	149	1	1.0	NA,1.0,NA,NA,NA	NA,NA,NA,NA,NA,NA,NA,1.0,NA,1.0,0.981,NA,NA,NA,0.988,1.0	0.006
4954	0,41,0,0,0	0,0,0,0,0	0,0,0,0,91,0,0,0,0,0,47,0,0,0,26,3	0,0,0,0,11,0,0,0,0,0,3,0,0,0,0,0	298	149	1	1.0	NA,1.0,NA,NA,NA	NA,NA,NA,NA,0.805,NA,NA,NA,NA,NA,0.887,NA,NA,NA,1.0,1.0	0.077
4955	0,37,0,0,0	0,23,0,0,0	0,0,0,0,40,0,0,0,0,0,24,0,0,0,10,0	0,0,0,0,42,0,0,0,0,0,11,0,0,0,21,0	159	149	1	1.0	NA,0.601,NA,NA,NA	NA,NA,NA,NA,0.472,NA,NA,NA,NA,NA,0.672,NA,NA,NA,0.309,NA	0.117
4956	0,72,0,0,0	0,0,0,0,0	0,0,0,0,141,0,0,4,0,0,145,0,0,0,2,202	0,0,0,0,0,0,0,0,0,0,0,0,0,0,0,1	155	149	1	1.0	NA,1.0,NA,NA,NA	NA,NA,NA,NA,1.0,NA,NA,1.0,NA,NA,1.0,NA,NA,NA,1.0,0.995	0.001
4958	0,21,0,0,0	0,10,0,0,0	0,0,0,0,14,0,0,0,0,0,0,0,0,0,0,0	0,0,0,0,106,0,0,0,0,0,40,0,0,0,0,6	183	149	1	1.0	NA,0.631,NA,NA,NA	NA,NA,NA,NA,0.097,NA,NA,NA,NA,NA,0.0,NA,NA,NA,NA,0.0	0.599
4960	0,21,0,0,0	0,15,0,0,0	0,0,0,0,20,0,0,0,0,0,43,0,0,0,12,5	0,0,0,0,89,0,0,0,0,0,71,0,0,0,40,2	155	149	1	1.0	NA,0.574,NA,NA,NA	NA,NA,NA,NA,0.178,NA,NA,NA,NA,NA,0.368,NA,NA,NA,0.224,0.706	0.205
4962	0,0,0,0,0	0,6,0,0,0	0,0,0,0,0,0,0,0,0,0,0,0,0,0,0,4	0,0,0,0,18,0,0,0,0,0,2,0,0,0,0,2	298	149	1	1.0	NA,0.0,NA,NA,NA	NA,NA,NA,NA,0.0,NA,NA,NA,NA,NA,0.0,NA,NA,NA,NA,0.5	-0.167
4963	0,13,0,0,0	0,223,0,0,0	0,0,0,0,19,0,0,0,0,0,12,0,0,0,0,0	0,0,0,0,231,2,0,0,0,0,305,0,0,0,196,8	189	149	1	1.0	NA,0.044,NA,NA,NA	NA,NA,NA,NA,0.061,0.0,NA,NA,NA,NA,0.03,NA,NA,NA,0.0,0.0	0.026
4965	0,0,2,0,0	0,39,0,0,2	0,0,0,0,13,0,0,2,0,0,15,0,0,0,20,7	0,0,0,0,302,0,0,0,0,2,187,0,0,0,369,3	298	149	1	1.0	NA,0.0,1.0,NA,0.0	NA,NA,NA,NA,0.021,NA,NA,1.0,NA,0.0,0.039,NA,NA,NA,0.026,0.538	0.063
4966	0,0,0,0,0	0,51,0,0,0	0,0,0,0,0,0,0,0,0,0,0,0,0,0,4,1	0,0,0,0,315,0,0,0,0,0,187,0,0,0,69,8	153	149	1	1.0	NA,0.0,NA,NA,NA	NA,NA,NA,NA,0.0,NA,NA,NA,NA,NA,0.0,NA,NA,NA,0.053,0.109	-0.041
4967	0,7,0,0,0	0,17,2,0,0	0,0,0,0,37,0,2,0,0,0,33,0,0,0,97,20	0,0,0,0,161,2,0,0,0,0,83,0,0,0,76,25	186	149	1	1.0	NA,0.248,0.0,NA,NA	NA,NA,NA,NA,0.155,0.0,1.0,NA,NA,NA,0.242,NA,NA,NA,0.506,0.391	-0.258
4970	0,0,0,0,0	0,14,0,0,2	0,0,0,0,20,0,0,0,0,0,9,0,0,0,16,0	0,0,0,0,26,0,0,0,0,2,113,0,0,0,68,13	221	149	1	1.0	NA,0.0,NA,NA,0.0	NA,NA,NA,NA,0.342,NA,NA,NA,NA,0.0,0.051,NA,NA,NA,0.137,0.0	-0.106
4972	0,1824,0,0,8	0,0,0,0,0	0,0,0,0,12919,0,0,6,12,12,16558,0,0,0,1317,159	0,0,0,0,0,0,0,0,0,0,3,0,0,0,0,0	170	149	1	1.0	NA,1.0,NA,NA,1.0	NA,NA,NA,NA,1.0,NA,NA,1.0,1.0,1.0,1.0,NA,NA,NA,1.0,1.0	0.0
4976	0,204,0,0,0	0,1,0,0,0	0,0,0,0,433,0,0,2,0,0,365,0,0,0,138,54	0,0,0,0,0,0,0,0,0,0,8,0,0,0,0,0	199	149	1	1.0	NA,0.993,NA,NA,NA	NA,NA,NA,NA,1.0,NA,NA,1.0,NA,NA,0.972,NA,NA,NA,1.0,1.0	-0.001
4977	0,53,0,0,0	0,4,0,0,0	0,0,0,0,209,0,0,0,0,0,274,0,0,0,0,13	0,0,0,0,71,0,0,0,0,0,142,0,0,0,0,8	211	149	1	1.0	NA,0.903,NA,NA,NA	NA,NA,NA,NA,0.675,NA,NA,NA,NA,NA,0.577,NA,NA,NA,NA,0.534	0.308
4979	0,0,0,0,0	0,11,0,0,0	0,0,0,0,10,0,0,0,0,0,26,0,0,0,34,0	0,0,0,0,25,0,0,0,0,0,52,0,0,0,122,7	281	149	1	1.0	NA,0.0,NA,NA,NA	NA,NA,NA,NA,0.175,NA,NA,NA,NA,NA,0.21,NA,NA,NA,0.129,0.0	-0.129
4980	0,5,0,0,0	0,105,2,0,0	0,0,0,0,18,0,0,0,0,0,6,0,0,0,10,1	0,0,0,0,187,0,2,0,0,0,270,0,0,0,252,18	286	149	1	1.0	NA,0.024,0.0,NA,NA	NA,NA,NA,NA,0.048,NA,0.0,NA,NA,NA,0.011,NA,NA,NA,0.02,0.028	-0.009
4983	0,7,0,0,0	0,158,4,0,0	0,0,0,0,14,0,0,2,0,0,16,0,0,0,6,10	0,0,0,0,427,0,0,1,0,0,691,0,0,0,377,62	212	149	1	1.0	NA,0.03,0.0,NA,NA	NA,NA,NA,NA,0.023,NA,NA,0.584,NA,NA,0.016,NA,NA,NA,0.011,0.102	-0.132
4984	0,7,0,0,0	0,9,0,0,0	0,0,0,0,123,0,0,0,0,0,74,0,0,0,4,0	0,0,0,0,24,0,0,0,0,0,4,0,0,0,0,0	153	149	1	1.0	NA,0.431,NA,NA,NA	NA,NA,NA,NA,0.833,NA,NA,NA,NA,NA,0.947,NA,NA,NA,1.0,NA	-0.496
4985	0,26,0,0,0	0,0,0,0,0	0,0,0,0,39,0,0,0,0,0,82,0,0,0,0,5	0,0,0,0,0,0,0,0,0,0,3,0,0,0,0,0	153	149	1	1.0	NA,1.0,NA,NA,NA	NA,NA,NA,NA,1.0,NA,NA,NA,NA,NA,0.964,NA,NA,NA,NA,1.0	0.012
4986	0,5,0,0,0	0,3541,28,0,24	0,0,0,0,52,0,0,0,0,0,8,0,0,0,16,2	0,0,0,0,12032,12,4,31,20,5,12524,0,0,0,10446,422	298	149	1	1.0	NA,0.001,0.0,NA,0.0	NA,NA,NA,NA,0.002,0.0,0.0,0.0,0.0,0.0,0.0,NA,NA,NA,0.001,0.002	-0.0
4987	0,4,0,0,0	0,3541,28,0,24	0,0,0,0,52,0,0,0,0,0,6,0,0,0,15,2	0,0,0,0,12032,12,4,31,20,5,12524,0,0,0,10446,422	271	149	1	1.0	NA,0.001,0.0,NA,0.0	NA,NA,NA,NA,0.002,0.0,0.0,0.0,0.0,0.0,0.0,NA,NA,NA,0.001,0.003	-0.0
4991	0,10509,39,0,10	0,0,0,0,0	0,0,0,0,18906,22,48,66,2,8,19650,0,0,0,26325,1001	0,0,0,0,0,0,0,0,0,0,0,0,0,0,3,0	187	149	1	1.0	NA,1.0,1.0,NA,1.0	NA,NA,NA,NA,1.0,1.0,1.0,1.0,1.0,1.0,1.0,NA,NA,NA,1.0,1.0	0.0
4993	0,131,0,0,2	0,0,0,0,0	0,0,0,0,7015,0,0,0,10,0,1143,0,0,0,204,20	0,0,0,0,2,0,0,0,0,0,0,0,0,0,0,0	194	149	1	1.0	NA,1.0,NA,NA,1.0	NA,NA,NA,NA,1.0,NA,NA,NA,1.0,NA,1.0,NA,NA,NA,1.0,1.0	0.0
4994	0,3,0,0,0	0,0,0,0,0	0,0,0,0,28,0,0,0,0,0,8,0,0,0,11,14	0,0,0,0,0,0,0,0,0,0,2,0,0,0,0,0	189	149	1	1.0	NA,1.0,NA,NA,NA	NA,NA,NA,NA,1.0,NA,NA,NA,NA,NA,0.759,NA,NA,NA,1.0,1.0	0.06
4995	0,33,0,0,0	0,161,0,0,0	0,0,0,0,35,0,0,0,0,0,17,0,0,0,23,2	0,0,0,0,112,0,0,0,0,0,592,0,0,0,157,3	278	149	1	1.0	NA,0.099,NA,NA,NA	NA,NA,NA,NA,0.143,NA,NA,NA,NA,NA,0.015,NA,NA,NA,0.073,0.263	-0.024
4996	0,46,0,0,0	0,0,0,0,0	0,0,0,0,102,0,0,0,0,0,135,0,0,0,97,32	0,0,0,0,0,0,0,0,0,0,3,0,0,0,0,0	298	149	1	1.0	NA,1.0,NA,NA,NA	NA,NA,NA,NA,1.0,NA,NA,NA,NA,NA,0.957,NA,NA,NA,1.0,1.0	0.011
4997	0,38,0,0,0	0,0,0,0,0	0,0,0,0,7,0,0,0,0,0,7,0,0,0,0,0	0,0,0,0,0,0,0,0,0,0,3,0,0,0,0,0	241	149	1	1.0	NA,1.0,NA,NA,NA	NA,NA,NA,NA,1.0,NA,NA,NA,NA,NA,0.591,NA,NA,NA,NA,NA	0.205
5001	0,103,0,0,0	0,1,0,0,0	0,0,0,0,209,0,0,0,0,0,98,0,0,0,122,6	0,0,0,0,0,0,0,0,0,0,3,0,0,0,0,0	296	149	1	1.0	NA,0.981,NA,NA,NA	NA,NA,NA,NA,1.0,NA,NA,NA,NA,NA,0.943,NA,NA,NA,1.0,1.0	-0.005
5003	0,7,0,0,0	0,64,2,0,0	0,0,0,0,0,0,0,0,0,0,2,0,0,0,0,2	0,0,0,0,272,0,0,0,0,0,320,0,0,0,509,13	177	149	1	1.0	NA,0.084,0.0,NA,NA	NA,NA,NA,NA,0.0,NA,NA,NA,NA,NA,0.005,NA,NA,NA,0.0,0.115	0.012
5008	0,9,0,0,0	0,0,0,0,0	0,0,0,0,46,0,0,0,0,0,37,0,0,0,263,4	0,0,0,0,0,0,0,0,0,0,1,0,0,0,1,2	249	149	1	1.0	NA,1.0,NA,NA,NA	NA,NA,NA,NA,1.0,NA,NA,NA,NA,NA,0.957,NA,NA,NA,0.994,0.545	0.126
5010	0,9,0,0,0	0,0,0,0,0	0,0,0,0,71,0,0,0,0,0,72,0,0,0,358,10	0,0,0,0,0,0,0,0,0,0,3,0,0,0,12,5	249	149	1	1.0	NA,1.0,NA,NA,NA	NA,NA,NA,NA,1.0,NA,NA,NA,NA,NA,0.935,NA,NA,NA,0.947,0.545	0.143
5013	0,7,2,0,0	0,0,0,0,0	0,0,0,0,25,0,0,6,0,0,69,0,0,0,451,16	0,0,0,0,0,0,0,0,0,0,0,0,0,0,2,0	298	149	1	1.0	NA,1.0,1.0,NA,NA	NA,NA,NA,NA,1.0,NA,NA,1.0,NA,NA,1.0,NA,NA,NA,0.991,1.0	0.002
5022	0,146,0,0,0	0,5,0,0,0	0,0,0,0,21,0,0,0,0,0,119,0,0,0,6,4	0,0,0,0,0,0,0,0,0,0,0,0,0,0,0,0	215	149	1	1.0	NA,0.953,NA,NA,NA	NA,NA,NA,NA,1.0,NA,NA,NA,NA,NA,1.0,NA,NA,NA,1.0,1.0	-0.047
5023	0,508,0,0,0	0,2,0,0,0	0,0,0,0,37,0,0,0,0,0,336,0,0,0,45,6	0,0,0,0,0,0,0,0,0,0,11,0,0,0,0,1	193	149	1	1.0	NA,0.995,NA,NA,NA	NA,NA,NA,NA,1.0,NA,NA,NA,NA,NA,0.959,NA,NA,NA,1.0,0.822	0.05
5024	0,556,0,0,0	0,34,0,0,0	0,0,0,0,40,0,0,0,0,0,373,0,0,0,46,6	0,0,0,0,0,0,0,0,0,0,22,0,0,0,0,0	215	149	1	1.0	NA,0.919,NA,NA,NA	NA,NA,NA,NA,1.0,NA,NA,NA,NA,NA,0.922,NA,NA,NA,1.0,1.0	-0.061
5025	0,50,0,0,0	0,34,0,0,0	0,0,0,0,3,0,0,0,0,0,48,0,0,0,1,1	0,0,0,0,0,0,0,0,0,0,22,0,0,0,0,0	171	149	1	1.0	NA,0.562,NA,NA,NA	NA,NA,NA,NA,1.0,NA,NA,NA,NA,NA,0.655,NA,NA,NA,1.0,1.0	-0.352
5029	0,3,0,0,0	0,4384,2,0,15	0,0,0,0,2,0,0,0,0,0,14,0,0,0,3,1	0,0,0,0,8030,2,0,8,18,20,8239,0,0,0,7105,548	298	149	1	1.0	NA,0.0,0.0,NA,0.0	NA,NA,NA,NA,0.0,0.0,NA,0.0,0.0,0.0,0.001,NA,NA,NA,0.0,0.001	-0.0
5030	0,5,0,0,0	0,9,0,0,0	0,0,0,0,44,0,0,0,0,0,65,0,0,0,12,9	0,0,0,0,50,0,0,0,0,0,43,0,0,0,4,6	298	149	1	1.0	NA,0.217,NA,NA,NA	NA,NA,NA,NA,0.306,NA,NA,NA,NA,NA,0.43,NA,NA,NA,0.6,0.429	-0.224
5031	0,164,0,0,0	0,1,0,0,0	0,0,0,0,505,0,0,0,0,0,981,0,0,0,217,125	0,0,0,0,6,0,0,0,0,0,2,0,0,0,0,0	190	149	1	1.0	NA,0.992,NA,NA,NA	NA,NA,NA,NA,0.985,NA,NA,NA,NA,NA,0.997,NA,NA,NA,1.0,1.0	-0.004
5035	0,20,0,0,0	0,121,0,0,0	0,0,0,0,13,0,0,0,0,2,0,0,0,0,30,32	0,0,0,0,251,0,0,2,0,0,44,0,0,0,315,15	298	149	1	1.0	NA,0.076,NA,NA,NA	NA,NA,NA,NA,0.025,NA,NA,0.0,NA,1.0,0.0,NA,NA,NA,0.045,0.516	-0.188
5043	0,2,0,0,0	0,0,0,0,0	0,0,0,0,69,0,0,0,0,0,38,0,0,0,54,17	0,0,0,0,1,0,0,0,0,0,0,0,0,0,4,0	226	149	1	1.0	NA,1.0,NA,NA,NA	NA,NA,NA,NA,0.978,NA,NA,NA,NA,NA,1.0,NA,NA,NA,0.899,1.0	0.031
5044	0,18,0,0,0	0,17,0,0,0	0,0,0,0,83,0,0,0,0,2,103,0,0,0,100,20	0,0,0,0,100,0,0,0,0,0,43,0,0,0,85,10	236	149	1	1.0	NA,0.401,NA,NA,NA	NA,NA,NA,NA,0.344,NA,NA,NA,NA,1.0,0.602,NA,NA,NA,0.426,0.558	-0.185
5045	0,2,0,0,0	0,23,2,0,0	0,0,0,0,31,0,0,0,0,0,32,0,0,0,9,1	0,0,0,0,191,2,0,3,0,0,526,0,0,0,220,5	298	149	1	1.0	NA,0.042,0.0,NA,NA	NA,NA,NA,NA,0.075,0.0,NA,0.0,NA,NA,0.03,NA,NA,NA,0.02,0.091	-0.015
5046	0,29,0,0,0	0,0,0,0,0	0,0,0,0,336,2,0,0,0,0,391,0,0,0,416,56	0,0,0,0,78,0,0,0,0,0,66,0,0,0,129,3	184	149	1	1.0	NA,1.0,NA,NA,NA	NA,NA,NA,NA,0.777,1.0,NA,NA,NA,NA,0.828,NA,NA,NA,0.723,0.938	0.147
5049	0,7,2,0,0	0,1030,96,0,91	0,0,0,0,0,0,0,2,0,0,9,0,0,0,67,0	0,0,0,0,43,0,0,34,0,4,4623,0,0,0,8998,31	234	149	1	1.0	NA,0.004,0.013,NA,0.0	NA,NA,NA,NA,0.0,NA,NA,0.036,NA,0.0,0.001,NA,NA,NA,0.005,0.0	-0.001
5051	0,22,0,0,0	0,14,0,0,0	0,0,0,0,28,0,0,0,0,0,26,0,0,0,0,7	0,0,0,0,23,0,0,0,0,0,1,0,0,0,0,1	184	149	1	1.0	NA,0.56,NA,NA,NA	NA,NA,NA,NA,0.496,NA,NA,NA,NA,NA,0.955,NA,NA,NA,NA,0.85	-0.207
5053	0,41,0,0,0	0,339,0,0,4	0,0,0,0,192,0,0,0,0,0,24,0,0,0,0,3	0,0,0,0,537,0,0,5,0,6,2031,0,0,0,308,202	298	149	1	1.0	NA,0.057,NA,NA,0.0	NA,NA,NA,NA,0.152,NA,NA,0.0,NA,0.0,0.006,NA,NA,NA,0.0,0.007	0.001
5058	0,343,0,0,0	0,2,0,0,0	0,0,0,0,447,0,0,1,0,0,301,0,0,0,162,228	0,0,0,0,6,0,0,0,0,0,13,0,0,0,12,17	298	149	1	1.0	NA,0.988,NA,NA,NA	NA,NA,NA,NA,0.974,NA,NA,1.0,NA,NA,0.92,NA,NA,NA,0.871,0.87	0.061
5059	0,1,0,0,0	0,0,0,0,0	0,0,0,0,22,2,0,0,0,2,72,0,0,0,288,15	0,0,0,0,0,0,0,0,0,0,1,0,0,0,8,0	233	149	1	1.0	NA,1.0,NA,NA,NA	NA,NA,NA,NA,1.0,1.0,NA,NA,NA,1.0,0.979,NA,NA,NA,0.958,1.0	0.01
5060	0,89,0,0,0	0,6,0,0,0	0,0,0,0,46,0,0,0,0,0,15,0,0,0,3,19	0,0,0,0,0,0,0,0,0,0,10,0,0,0,22,4	278	149	1	1.0	NA,0.888,NA,NA,NA	NA,NA,NA,NA,1.0,NA,NA,NA,NA,NA,0.446,NA,NA,NA,0.068,0.718	0.33
5061	0,0,0,0,0	0,23,0,0,0	0,0,0,0,0,0,0,0,0,0,7,0,0,0,20,2	0,0,0,0,195,0,0,7,2,0,297,0,0,0,841,130	187	149	1	1.0	NA,0.0,NA,NA,NA	NA,NA,NA,NA,0.0,NA,NA,0.0,0.0,NA,0.018,NA,NA,NA,0.019,0.012	-0.008
5063	0,0,0,0,0	0,212,0,0,0	0,0,0,0,0,0,0,0,0,0,2,0,0,0,0,1	0,0,0,0,376,0,0,0,0,0,875,0,0,0,27,3	184	149	1	1.0	NA,0.0,NA,NA,NA	NA,NA,NA,NA,0.0,NA,NA,NA,NA,NA,0.002,NA,NA,NA,0.0,0.213	-0.054
5065	0,284,0,0,0	0,0,0,0,0	0,0,0,0,809,2,0,0,0,2,322,0,0,0,247,20	0,0,0,0,7,0,0,0,0,0,21,0,0,0,2,0	186	149	1	1.0	NA,1.0,NA,NA,NA	NA,NA,NA,NA,0.989,1.0,NA,NA,NA,1.0,0.925,NA,NA,NA,0.99,1.0	0.016
5071	0,228,0,0,0	0,3,0,0,0	0,0,0,0,1309,2,0,0,2,2,485,0,0,0,271,77	0,0,0,0,0,0,0,0,0,0,4,0,0,0,0,0	298	149	1	1.0	NA,0.974,NA,NA,NA	NA,NA,NA,NA,1.0,1.0,NA,NA,1.0,1.0,0.984,NA,NA,NA,1.0,1.0	-0.024
5072	0,17,0,0,0	0,11,0,0,0	0,0,0,0,64,0,2,0,0,0,41,0,0,0,40,5	0,0,0,0,45,0,2,0,0,0,7,0,0,0,3,1	154	149	1	1.0	NA,0.599,NA,NA,NA	NA,NA,NA,NA,0.579,NA,0.492,NA,NA,NA,0.85,NA,NA,NA,0.928,0.829	-0.137
5073	0,11,0,0,0	0,0,0,0,0	0,0,0,0,56,0,0,0,0,0,41,0,0,0,51,15	0,0,0,0,0,0,0,0,0,0,14,0,0,0,10,6	266	149	1	1.0	NA,1.0,NA,NA,NA	NA,NA,NA,NA,1.0,NA,NA,NA,NA,NA,0.621,NA,NA,NA,0.741,0.583	0.264
5074	0,6,0,0,0	0,0,0,0,0	0,0,0,0,4,0,0,0,0,0,3,0,0,0,6,0	0,0,0,0,5,0,0,0,0,0,3,0,0,0,0,0	188	149	1	1.0	NA,1.0,NA,NA,NA	NA,NA,NA,NA,0.388,NA,NA,NA,NA,NA,0.442,NA,NA,NA,1.0,NA	0.39
5075	0,7,0,0,0	0,791,0,0,0	0,0,0,0,65,0,0,0,0,0,53,0,0,0,0,0	0,0,0,0,1241,0,0,0,0,0,4187,0,0,0,514,14	196	149	1	1.0	NA,0.007,NA,NA,NA	NA,NA,NA,NA,0.038,NA,NA,NA,NA,NA,0.01,NA,NA,NA,0.0,0.0	-0.005
5078	0,6,0,0,0	0,0,0,0,0	0,0,0,0,62,0,0,0,0,0,73,0,0,0,9,1	0,0,0,0,0,0,0,0,0,0,14,0,0,0,0,0	155	149	1	1.0	NA,1.0,NA,NA,NA	NA,NA,NA,NA,1.0,NA,NA,NA,NA,NA,0.834,NA,NA,NA,1.0,1.0	0.041
5079	0,159,0,0,0	0,0,0,0,0	0,0,0,0,850,0,0,2,2,3,1488,0,0,0,182,57	0,0,0,0,0,0,0,0,0,0,14,0,0,0,0,0	182	149	1	1.0	NA,1.0,NA,NA,NA	NA,NA,NA,NA,1.0,NA,NA,1.0,1.0,1.0,0.989,NA,NA,NA,1.0,1.0	0.002
5080	0,153,0,0,0	0,0,0,0,0	0,0,0,0,788,0,0,2,2,3,1419,0,0,0,173,56	0,0,0,0,0,0,0,0,0,0,4,0,0,0,0,0	176	149	1	1.0	NA,1.0,NA,NA,NA	NA,NA,NA,NA,1.0,NA,NA,1.0,1.0,1.0,0.997,NA,NA,NA,1.0,1.0	0.0
5081	0,48,0,0,0	0,0,0,0,0	0,0,0,0,312,0,0,0,0,1,438,0,0,0,37,14	0,0,0,0,0,0,0,0,0,0,3,0,0,0,0,0	182	149	1	1.0	NA,1.0,NA,NA,NA	NA,NA,NA,NA,1.0,NA,NA,NA,NA,1.0,0.992,NA,NA,NA,1.0,1.0	0.002
5082	0,1,0,0,0	0,551,0,0,0	0,0,0,0,13,0,0,0,0,0,2,0,0,0,0,0	0,0,0,0,643,0,0,0,0,0,748,0,0,0,71,15	153	149	1	1.0	NA,0.002,NA,NA,NA	NA,NA,NA,NA,0.019,NA,NA,NA,NA,NA,0.003,NA,NA,NA,0.0,0.0	-0.003
5083	0,27,0,0,0	0,14,0,0,0	0,0,0,0,37,0,0,0,0,0,51,0,0,0,65,2	0,0,0,0,10,0,0,0,0,0,83,0,0,0,23,7	298	149	1	1.0	NA,0.491,NA,NA,NA	NA,NA,NA,NA,0.649,NA,NA,NA,NA,NA,0.235,NA,NA,NA,0.586,0.125	0.092
5084	0,5,0,0,0	0,7,0,0,0	0,0,0,0,0,0,0,0,0,0,19,0,0,0,3,0	0,0,0,0,9,0,0,0,0,0,76,0,0,0,48,16	154	149	1	1.0	NA,0.409,NA,NA,NA	NA,NA,NA,NA,0.0,NA,NA,NA,NA,NA,0.195,NA,NA,NA,0.057,0.0	0.346
5085	0,1,0,0,0	0,3,0,0,0	0,0,0,0,0,0,0,0,0,0,2,0,0,0,0,0	0,0,0,0,0,0,0,0,0,0,5,0,0,0,0,0	154	149	1	1.0	NA,0.244,NA,NA,NA	NA,NA,NA,NA,NA,NA,NA,NA,NA,NA,0.279,NA,NA,NA,NA,NA	-0.035
5086	0,11,0,0,0	0,0,0,0,0	0,0,0,0,202,0,0,0,0,0,50,0,0,0,211,16	0,0,0,0,0,0,0,0,0,0,1,0,0,0,2,2	298	149	1	1.0	NA,1.0,NA,NA,NA	NA,NA,NA,NA,1.0,NA,NA,NA,NA,NA,0.962,NA,NA,NA,0.981,0.8	0.064
5087	0,2,0,0,0	0,9,0,0,0	0,0,0,0,0,0,0,0,0,0,8,0,0,0,1,8	0,0,0,0,42,0,0,0,0,0,43,0,0,0,51,13	194	149	1	1.0	NA,0.146,NA,NA,NA	NA,NA,NA,NA,0.0,NA,NA,NA,NA,NA,0.125,NA,NA,NA,0.015,0.321	0.031
5091	0,0,0,0,0	0,9,0,0,0	0,0,0,0,101,0,0,0,0,0,33,0,0,0,0,1	0,0,0,0,309,0,0,0,0,0,7,0,0,0,2,2	193	149	1	1.0	NA,0.0,NA,NA,NA	NA,NA,NA,NA,0.201,NA,NA,NA,NA,NA,0.784,NA,NA,NA,0.0,0.279	-0.316
5093	0,2,0,0,0	0,82,0,0,0	0,0,0,0,0,0,0,0,0,0,2,0,0,0,1,0	0,0,0,0,253,0,0,2,0,0,401,0,0,0,24,38	168	149	1	1.0	NA,0.021,NA,NA,NA	NA,NA,NA,NA,0.0,NA,NA,0.0,NA,NA,0.004,NA,NA,NA,0.036,0.0	0.013
5095	0,66,0,0,0	0,19,0,0,0	0,0,0,0,127,0,0,0,0,0,51,0,0,0,80,6	0,0,0,0,29,0,0,0,0,0,17,0,0,0,23,0	298	149	1	1.0	NA,0.635,NA,NA,NA	NA,NA,NA,NA,0.686,NA,NA,NA,NA,NA,0.6,NA,NA,NA,0.635,1.0	-0.095
5096	0,1,0,0,0	0,36,0,0,0	0,0,0,0,16,0,0,0,0,0,10,0,0,0,18,0	0,0,0,0,193,0,0,0,0,0,182,0,0,0,109,1	298	149	1	1.0	NA,0.014,NA,NA,NA	NA,NA,NA,NA,0.04,NA,NA,NA,NA,NA,0.027,NA,NA,NA,0.076,0.0	-0.022
5098	0,0,0,0,0	0,40,0,0,0	0,0,0,0,23,0,0,0,0,0,7,0,0,0,6,0	0,0,0,0,115,0,0,0,0,0,115,0,0,0,102,3	227	149	1	1.0	NA,0.0,NA,NA,NA	NA,NA,NA,NA,0.116,NA,NA,NA,NA,NA,0.038,NA,NA,NA,0.037,0.0	-0.048
5100	0,386,2,0,0	0,1,0,0,0	0,0,0,0,129,0,2,0,0,0,323,0,0,0,852,18	0,0,0,0,0,0,0,0,0,0,0,0,0,0,0,0	298	149	1	1.0	NA,0.995,1.0,NA,NA	NA,NA,NA,NA,1.0,NA,1.0,NA,NA,NA,1.0,NA,NA,NA,1.0,1.0	-0.002
5101	0,0,0,0,0	0,0,0,0,4	0,0,0,0,0,0,0,0,0,0,0,0,0,0,7,0	0,0,0,0,4,0,0,0,0,0,1,0,0,0,52,2	161	149	1	1.0	NA,NA,NA,NA,0.0	NA,NA,NA,NA,0.0,NA,NA,NA,NA,NA,0.0,NA,NA,NA,0.111,0.0	-0.028
5107	0,28,0,0,2	0,0,0,0,0	0,0,0,0,3130,0,0,4,0,0,153,0,0,0,16,67	0,0,0,0,7,0,0,0,0,0,1,0,0,0,0,0	153	149	1	1.0	NA,1.0,NA,NA,1.0	NA,NA,NA,NA,0.998,NA,NA,1.0,NA,NA,0.993,NA,NA,NA,1.0,1.0	0.002
5108	0,0,0,0,0	0,95,0,0,0	0,0,0,0,23,0,0,0,0,0,10,0,0,0,100,3	0,0,0,0,359,0,0,2,0,0,520,0,0,0,999,44	163	149	1	1.0	NA,0.0,NA,NA,NA	NA,NA,NA,NA,0.055,NA,NA,0.0,NA,NA,0.017,NA,NA,NA,0.084,0.059	-0.043
5111	0,0,0,0,0	0,17,0,0,4	0,0,0,0,11,0,0,0,0,0,6,0,0,0,1,5	0,0,0,0,157,0,0,0,0,0,149,0,0,0,151,39	298	149	1	1.0	NA,0.0,NA,NA,0.0	NA,NA,NA,NA,0.034,NA,NA,NA,NA,NA,0.02,NA,NA,NA,0.003,0.06	-0.029
5114	0,0,0,0,0	0,10,0,0,0	0,0,0,0,9,0,0,0,0,0,2,0,0,0,12,0	0,0,0,0,164,0,0,4,2,0,77,0,0,0,77,7	153	149	1	1.0	NA,0.0,NA,NA,NA	NA,NA,NA,NA,0.051,NA,NA,0.0,0.0,NA,0.025,NA,NA,NA,0.132,0.0	-0.035
5115	0,27,0,0,0	0,0,0,0,0	0,0,0,0,18,0,0,0,0,0,39,0,0,0,10,1	0,0,0,0,0,0,0,0,0,0,13,0,0,0,2,0	188	149	1	1.0	NA,1.0,NA,NA,NA	NA,NA,NA,NA,1.0,NA,NA,NA,NA,NA,0.704,NA,NA,NA,0.798,1.0	0.125
5116	0,2,0,0,0	0,216,0,0,0	0,0,0,0,0,0,0,0,0,0,4,0,0,0,3,0	0,0,0,0,240,0,0,0,2,0,300,0,0,0,169,43	158	149	1	1.0	NA,0.009,NA,NA,NA	NA,NA,NA,NA,0.0,NA,NA,NA,0.0,NA,0.012,NA,NA,NA,0.016,0.0	0.003
5122	0,6,0,0,0	0,5,0,0,0	0,0,0,0,111,0,0,0,0,0,26,0,0,0,161,0	0,0,0,0,14,0,0,0,0,0,5,0,0,0,52,0	177	149	1	1.0	NA,0.503,NA,NA,NA	NA,NA,NA,NA,0.87,NA,NA,NA,NA,NA,0.814,NA,NA,NA,0.723,NA	-0.299
5123	0,14,0,0,0	0,0,0,0,0	0,0,0,0,68,0,0,0,0,0,127,0,0,0,270,36	0,0,0,0,0,0,0,0,0,0,0,0,0,0,0,2	244	149	1	1.0	NA,1.0,NA,NA,NA	NA,NA,NA,NA,1.0,NA,NA,NA,NA,NA,1.0,NA,NA,NA,1.0,0.917	0.021
5134	0,102,0,0,0	0,145,0,0,0	0,0,0,0,140,0,0,0,0,0,18,0,0,0,12,13	0,0,0,0,796,0,0,0,12,0,167,0,0,0,54,6	298	149	1	1.0	NA,0.26,NA,NA,NA	NA,NA,NA,NA,0.081,NA,NA,NA,0.0,NA,0.051,NA,NA,NA,0.1,0.52	0.11
5135	0,1,0,0,0	0,98,0,0,0	0,0,0,0,21,0,0,0,0,0,53,0,0,0,10,12	0,0,0,0,210,2,0,0,3,0,392,0,0,0,190,20	178	149	1	1.0	NA,0.008,NA,NA,NA	NA,NA,NA,NA,0.077,0.0,NA,NA,0.0,NA,0.102,NA,NA,NA,0.042,0.334	-0.085
5137	0,0,0,0,0	0,18,0,0,0	0,0,0,0,61,0,0,0,0,0,1,0,0,0,0,0	0,0,0,0,83,0,0,0,0,0,113,0,0,0,5,0	298	149	1	1.0	NA,0.0,NA,NA,NA	NA,NA,NA,NA,0.269,NA,NA,NA,NA,NA,0.004,NA,NA,NA,0.0,NA	-0.091
5138	0,3,0,0,0	0,0,0,0,0	0,0,0,0,2,0,0,0,0,0,1,0,0,0,0,0	0,0,0,0,45,0,0,0,0,0,1,0,0,0,0,0	179	149	1	1.0	NA,1.0,NA,NA,NA	NA,NA,NA,NA,0.036,NA,NA,NA,NA,NA,0.454,NA,NA,NA,NA,NA	0.755
5142	0,0,0,0,0	0,17,0,0,0	0,0,0,0,15,0,0,0,0,0,0,0,0,0,8,1	0,0,0,0,175,0,0,0,0,0,85,0,0,0,386,16	216	149	1	1.0	NA,0.0,NA,NA,NA	NA,NA,NA,NA,0.056,NA,NA,NA,NA,NA,0.0,NA,NA,NA,0.014,0.041	-0.028
5143	0,2,0,0,0	0,0,0,0,0	0,0,0,0,75,0,0,0,0,0,36,0,0,0,83,7	0,0,0,0,0,0,0,0,0,0,0,0,0,0,1,0	298	149	1	1.0	NA,1.0,NA,NA,NA	NA,NA,NA,NA,1.0,NA,NA,NA,NA,NA,1.0,NA,NA,NA,0.976,1.0	0.006
5145	0,0,0,0,0	0,17,0,0,0	0,0,0,0,5,0,0,0,0,0,22,0,0,0,58,3	0,0,0,0,175,0,0,0,0,0,85,0,0,0,386,16	156	149	1	1.0	NA,0.0,NA,NA,NA	NA,NA,NA,NA,0.027,NA,NA,NA,NA,NA,0.198,NA,NA,NA,0.126,0.152	-0.126
5146	0,2,0,0,0	0,0,0,0,0	0,0,0,0,65,0,0,0,0,0,58,0,0,0,133,9	0,0,0,0,0,0,0,0,0,0,0,0,0,0,1,0	246	149	1	1.0	NA,1.0,NA,NA,NA	NA,NA,NA,NA,1.0,NA,NA,NA,NA,NA,1.0,NA,NA,NA,0.988,1.0	0.003
5148	0,2,0,0,0	0,0,0,0,0	0,0,0,0,60,0,0,0,0,0,36,0,0,0,75,6	0,0,0,0,0,0,0,0,0,0,0,0,0,0,1,0	243	149	1	1.0	NA,1.0,NA,NA,NA	NA,NA,NA,NA,1.0,NA,NA,NA,NA,NA,1.0,NA,NA,NA,0.979,1.0	0.005
5149	0,19,0,0,0	0,0,0,0,0	0,0,0,0,235,0,0,0,0,0,121,0,0,0,461,22	0,0,0,0,0,0,0,0,0,0,0,0,0,0,1,0	239	149	1	1.0	NA,1.0,NA,NA,NA	NA,NA,NA,NA,1.0,NA,NA,NA,NA,NA,1.0,NA,NA,NA,0.997,1.0	0.001
5153	0,0,0,0,0	0,49,2,0,0	0,0,0,0,0,0,0,0,0,0,0,0,0,0,6,0	0,0,0,0,177,0,0,2,0,0,289,0,0,0,277,20	256	149	1	1.0	NA,0.0,0.0,NA,NA	NA,NA,NA,NA,0.0,NA,NA,0.0,NA,NA,0.0,NA,NA,NA,0.012,0.0	-0.002
5154	0,0,0,0,0	0,31,0,0,0	0,0,0,0,109,0,0,0,0,0,56,0,0,0,41,24	0,0,0,0,297,0,0,0,0,0,251,0,0,0,257,34	275	149	1	1.0	NA,0.0,NA,NA,NA	NA,NA,NA,NA,0.166,NA,NA,NA,NA,NA,0.108,NA,NA,NA,0.08,0.277	-0.158
5157	0,0,0,0,0	0,1,0,0,0	0,0,0,0,0,0,0,0,0,0,5,0,0,0,18,1	0,0,0,0,29,0,0,0,0,0,14,0,0,0,87,1	298	149	1	1.0	NA,0.0,NA,NA,NA	NA,NA,NA,NA,0.0,NA,NA,NA,NA,NA,0.152,NA,NA,NA,0.094,0.333	-0.145
5158	0,2,0,0,0	0,0,0,0,0	0,0,0,0,0,0,0,0,0,0,8,0,0,0,269,27	0,0,0,0,0,0,0,0,0,0,0,0,0,0,11,0	218	149	1	1.0	NA,1.0,NA,NA,NA	NA,NA,NA,NA,NA,NA,NA,NA,NA,NA,1.0,NA,NA,NA,0.944,1.0	0.019
5166	0,4,0,0,0	0,50,2,0,0	0,0,0,0,12,0,0,0,0,0,3,0,0,0,38,2	0,0,0,0,287,0,0,2,0,0,400,0,0,0,815,34	250	149	1	1.0	NA,0.046,0.0,NA,NA	NA,NA,NA,NA,0.024,NA,NA,0.0,NA,NA,0.004,NA,NA,NA,0.027,0.034	0.005
5170	0,59,2,0,0	0,0,0,0,0	0,0,0,0,152,4,0,1,0,2,89,0,0,0,266,12	0,0,0,0,0,0,0,0,0,0,0,0,0,0,4,0	209	149	1	1.0	NA,1.0,1.0,NA,NA	NA,NA,NA,NA,1.0,1.0,NA,1.0,NA,1.0,1.0,NA,NA,NA,0.979,1.0	0.003
5171	0,22,0,0,0	0,5,0,0,0	0,0,0,0,95,0,0,0,0,0,34,0,0,0,21,7	0,0,0,0,0,0,0,0,0,0,0,0,0,0,0,0	185	149	1	1.0	NA,0.78,NA,NA,NA	NA,NA,NA,NA,1.0,NA,NA,NA,NA,NA,1.0,NA,NA,NA,1.0,1.0	-0.22
5172	0,0,0,0,0	0,107,0,0,0	0,0,0,0,0,0,0,0,0,0,1,0,0,0,0,0	0,0,0,0,112,0,0,0,0,0,110,0,0,0,28,3	161	149	1	1.0	NA,0.0,NA,NA,NA	NA,NA,NA,NA,0.0,NA,NA,NA,NA,NA,0.008,NA,NA,NA,0.0,0.0	-0.002
5173	0,7,0,0,0	0,4317,0,0,2	0,0,0,0,33,0,0,0,0,0,5,0,0,0,1,11	0,0,0,0,4084,8,6,14,6,10,13666,0,0,0,2980,838	198	149	1	1.0	NA,0.001,NA,NA,0.0	NA,NA,NA,NA,0.006,0.0,0.0,0.0,0.0,0.0,0.0,NA,NA,NA,0.0,0.01	-0.001
5174	0,5,0,0,0	0,4317,0,0,2	0,0,0,0,33,0,0,0,0,0,4,0,0,0,1,13	0,0,0,0,4084,8,6,14,6,10,13666,0,0,0,2980,838	196	149	1	1.0	NA,0.001,NA,NA,0.0	NA,NA,NA,NA,0.006,0.0,0.0,0.0,0.0,0.0,0.0,NA,NA,NA,0.0,0.012	-0.002
5175	0,155,0,0,0	0,19,0,0,0	0,0,0,0,80,0,0,0,0,0,90,0,0,0,38,23	0,0,0,0,19,0,0,0,0,0,12,0,0,0,0,3	161	149	1	1.0	NA,0.883,NA,NA,NA	NA,NA,NA,NA,0.796,NA,NA,NA,NA,NA,0.874,NA,NA,NA,1.0,0.876	-0.003
5176	0,39,0,0,0	0,19,0,0,0	0,0,0,0,2,0,0,0,0,0,4,0,0,0,12,0	0,0,0,0,19,0,0,0,0,0,12,0,0,0,0,3	297	149	1	1.0	NA,0.507,NA,NA,NA	NA,NA,NA,NA,0.05,NA,NA,NA,NA,NA,0.143,NA,NA,NA,1.0,0.0	0.209
5177	0,11,0,0,0	0,127,0,0,0	0,0,0,0,2,0,0,0,0,0,0,0,0,0,9,0	0,0,0,0,80,0,0,0,0,0,86,0,0,0,35,23	285	149	1	1.0	NA,0.043,NA,NA,NA	NA,NA,NA,NA,0.013,NA,NA,NA,NA,NA,0.0,NA,NA,NA,0.119,0.0	0.01
5178	0,264,0,0,0	0,6,0,0,0	0,0,0,0,192,0,0,0,0,0,119,0,0,0,13,4	0,0,0,0,5,0,0,0,0,0,0,0,0,0,0,0	298	149	1	1.0	NA,0.957,NA,NA,NA	NA,NA,NA,NA,0.95,NA,NA,NA,NA,NA,1.0,NA,NA,NA,1.0,1.0	-0.031
5180	0,6,0,0,0	0,0,0,0,0	0,0,0,0,110,0,0,0,0,0,54,0,0,0,163,34	0,0,0,0,0,0,0,0,0,0,1,0,0,0,0,0	235	149	1	1.0	NA,1.0,NA,NA,NA	NA,NA,NA,NA,1.0,NA,NA,NA,NA,NA,0.972,NA,NA,NA,1.0,1.0	0.007
5181	0,0,0,0,0	0,5,0,0,0	0,0,0,0,0,0,0,0,0,0,2,0,0,0,8,0	0,0,0,0,5,0,0,0,0,0,56,0,0,0,34,3	201	149	1	1.0	NA,0.0,NA,NA,NA	NA,NA,NA,NA,0.0,NA,NA,NA,NA,NA,0.026,NA,NA,NA,0.149,0.0	-0.044
5182	0,0,0,0,0	0,3,0,0,0	0,0,0,0,34,0,0,0,0,0,0,0,0,0,8,0	0,0,0,0,35,0,0,0,0,0,15,0,0,0,4,0	267	149	1	1.0	NA,0.0,NA,NA,NA	NA,NA,NA,NA,0.352,NA,NA,NA,NA,NA,0.0,NA,NA,NA,0.527,NA	-0.293
5183	0,210,0,0,0	0,0,0,0,0	0,0,0,0,53,0,0,0,0,0,121,0,0,0,1,8	0,0,0,0,0,0,0,0,0,0,23,0,0,0,0,8	298	149	1	1.0	NA,1.0,NA,NA,NA	NA,NA,NA,NA,1.0,NA,NA,NA,NA,NA,0.725,NA,NA,NA,1.0,0.333	0.235
5184	0,82,0,0,0	0,0,0,0,0	0,0,0,0,351,0,0,0,0,0,438,0,0,0,780,46	0,0,0,0,0,0,0,0,0,0,1,0,0,0,10,0	164	149	1	1.0	NA,1.0,NA,NA,NA	NA,NA,NA,NA,1.0,NA,NA,NA,NA,NA,0.997,NA,NA,NA,0.986,1.0	0.004
5185	0,8,0,0,0	0,78,0,0,0	0,0,0,0,37,0,0,0,0,0,29,0,0,0,17,11	0,0,0,0,474,0,0,0,2,0,274,0,0,0,174,40	167	149	1	1.0	NA,0.084,NA,NA,NA	NA,NA,NA,NA,0.065,NA,NA,NA,0.0,NA,0.086,NA,NA,NA,0.08,0.197	-0.002
5186	0,0,0,0,2	0,2,0,0,0	0,0,0,0,0,0,0,0,0,0,3,0,0,0,1,0	0,0,0,0,58,0,0,0,0,0,99,0,0,0,14,18	153	149	1	1.0	NA,0.0,NA,NA,1.0	NA,NA,NA,NA,0.0,NA,NA,NA,NA,NA,0.029,NA,NA,NA,0.065,0.0	0.476
5187	0,159,0,0,0	0,0,0,0,0	0,0,0,0,174,0,0,0,0,0,469,0,0,0,33,49	0,0,0,0,12,0,0,0,0,0,0,0,0,0,0,0	227	149	1	1.0	NA,1.0,NA,NA,NA	NA,NA,NA,NA,0.905,NA,NA,NA,NA,NA,1.0,NA,NA,NA,1.0,1.0	0.024
5188	0,84,0,0,0	0,0,0,0,0	0,0,0,0,128,0,0,0,0,0,209,0,0,0,19,20	0,0,0,0,4,0,0,0,0,0,4,0,0,0,0,0	167	149	1	1.0	NA,1.0,NA,NA,NA	NA,NA,NA,NA,0.966,NA,NA,NA,NA,NA,0.979,NA,NA,NA,1.0,1.0	0.014
5189	0,6,0,0,0	0,0,0,0,0	0,0,0,0,37,0,0,0,0,0,8,0,0,0,19,4	0,0,0,0,6,0,0,0,0,0,86,0,0,0,6,1	244	149	1	1.0	NA,1.0,NA,NA,NA	NA,NA,NA,NA,0.79,NA,NA,NA,NA,NA,0.054,NA,NA,NA,0.659,0.71	0.447
5191	0,52,0,0,0	0,2,0,0,0	0,0,0,0,1472,0,0,0,0,0,35,0,0,0,9,6	0,0,0,0,118,0,0,0,0,0,0,0,0,0,0,0	181	149	1	1.0	NA,0.955,NA,NA,NA	NA,NA,NA,NA,0.911,NA,NA,NA,NA,NA,1.0,NA,NA,NA,1.0,1.0	-0.023
5192	0,21,0,0,0	0,7,0,0,0	0,0,0,0,462,0,0,0,0,0,1,0,0,0,7,6	0,0,0,0,10,0,0,0,0,0,2,0,0,0,1,0	181	149	1	1.0	NA,0.712,NA,NA,NA	NA,NA,NA,NA,0.974,NA,NA,NA,NA,NA,0.292,NA,NA,NA,0.852,1.0	-0.068
5193	0,56,0,0,0	0,0,0,0,0	0,0,0,0,2097,0,0,0,0,0,56,0,0,0,5,6	0,0,0,0,6,0,0,0,0,0,0,0,0,0,0,0	298	149	1	1.0	NA,1.0,NA,NA,NA	NA,NA,NA,NA,0.994,NA,NA,NA,NA,NA,1.0,NA,NA,NA,1.0,1.0	0.002
5194	0,16,0,0,0	0,52,0,0,0	0,0,0,0,476,0,0,0,0,0,0,0,0,0,0,1	0,0,0,0,1524,0,0,0,0,0,54,0,0,0,0,3	298	149	1	1.0	NA,0.133,NA,NA,NA	NA,NA,NA,NA,0.135,NA,NA,NA,NA,NA,0.0,NA,NA,NA,NA,0.143	0.04
5196	0,55,0,0,0	0,159,0,0,2	0,0,0,0,139,0,0,0,0,0,131,0,0,0,0,7	0,0,0,0,199,0,0,0,0,0,521,0,0,0,5,17	176	149	1	1.0	NA,0.227,NA,NA,0.0	NA,NA,NA,NA,0.372,NA,NA,NA,NA,NA,0.176,NA,NA,NA,0.0,0.258	-0.088
5197	0,329,0,0,0	0,0,0,0,0	0,0,0,0,656,0,0,2,0,2,945,0,0,0,32,61	0,0,0,0,13,0,0,0,0,0,0,0,0,0,0,0	298	149	1	1.0	NA,1.0,NA,NA,NA	NA,NA,NA,NA,0.962,NA,NA,1.0,NA,1.0,1.0,NA,NA,NA,1.0,1.0	0.006
5198	0,5,0,0,0	0,240,0,0,0	0,0,0,0,0,0,0,0,0,0,26,0,0,0,0,2	0,0,0,0,524,0,0,2,0,2,673,0,0,0,75,36	162	149	1	1.0	NA,0.019,NA,NA,NA	NA,NA,NA,NA,0.0,NA,NA,0.0,NA,0.0,0.034,NA,NA,NA,0.0,0.049	0.005
5199	0,685,0,0,1	0,0,0,0,0	0,0,0,0,444,0,0,0,0,4,852,0,0,0,167,68	0,0,0,0,0,0,0,0,0,0,7,0,0,0,0,0	298	149	1	1.0	NA,1.0,NA,NA,1.0	NA,NA,NA,NA,1.0,NA,NA,NA,NA,1.0,0.984,NA,NA,NA,1.0,1.0	0.003
5200	0,229,0,0,0	0,0,0,0,0	0,0,0,0,309,0,0,2,0,0,813,0,0,0,868,182	0,0,0,0,0,0,0,0,0,0,4,0,0,0,1,1	275	149	1	1.0	NA,1.0,NA,NA,NA	NA,NA,NA,NA,1.0,NA,NA,1.0,NA,NA,0.991,NA,NA,NA,0.998,0.99	0.004
5201	0,346,0,0,0	0,2,0,0,0	0,0,0,0,183,0,0,0,0,0,261,0,0,0,11,11	0,0,0,0,0,0,0,0,0,0,3,0,0,0,0,0	298	149	1	1.0	NA,0.989,NA,NA,NA	NA,NA,NA,NA,1.0,NA,NA,NA,NA,NA,0.978,NA,NA,NA,1.0,1.0	-0.005
5207	0,14,0,0,0	0,67,0,0,0	0,0,0,0,102,0,0,0,0,0,45,0,0,0,12,0	0,0,0,0,485,0,0,2,0,0,143,0,0,0,45,23	173	149	1	1.0	NA,0.153,NA,NA,NA	NA,NA,NA,NA,0.153,NA,NA,0.0,NA,NA,0.213,NA,NA,NA,0.187,0.0	0.042
5208	0,0,0,0,0	0,10,0,0,0	0,0,0,0,18,0,0,0,0,0,3,0,0,0,0,0	0,0,0,0,33,0,0,0,0,0,24,0,0,0,2,0	173	149	1	1.0	NA,0.0,NA,NA,NA	NA,NA,NA,NA,0.32,NA,NA,NA,NA,NA,0.097,NA,NA,NA,0.0,NA	-0.139
5212	0,3,0,0,0	0,23,0,0,0	0,0,0,0,25,0,0,0,0,0,67,0,0,0,27,8	0,0,0,0,125,0,2,0,0,0,188,0,0,0,107,21	298	149	1	1.0	NA,0.061,NA,NA,NA	NA,NA,NA,NA,0.091,NA,0.0,NA,NA,NA,0.151,NA,NA,NA,0.112,0.16	-0.042
5213	0,6,0,0,0	0,53,0,0,0	0,0,0,0,13,0,0,0,0,0,6,0,0,0,3,0	0,0,0,0,201,0,2,2,0,2,297,0,0,0,205,6	153	149	1	1.0	NA,0.099,NA,NA,NA	NA,NA,NA,NA,0.059,NA,0.0,0.0,NA,0.0,0.019,NA,NA,NA,0.014,0.0	0.086
5214	0,45,0,0,0	0,16,0,0,0	0,0,0,0,142,0,0,0,0,0,395,0,0,0,60,23	0,0,0,0,0,0,0,0,0,0,22,0,0,0,3,0	175	149	1	1.0	NA,0.705,NA,NA,NA	NA,NA,NA,NA,1.0,NA,NA,NA,NA,NA,0.939,NA,NA,NA,0.945,1.0	-0.266
5215	0,5,0,0,0	0,33,0,0,0	0,0,0,0,42,0,0,0,0,0,8,0,0,0,0,0	0,0,0,0,153,0,0,0,0,0,43,0,0,0,44,3	164	149	1	1.0	NA,0.121,NA,NA,NA	NA,NA,NA,NA,0.2,NA,NA,NA,NA,NA,0.145,NA,NA,NA,0.0,0.0	0.035
5218	0,6,0,0,0	0,0,0,0,0	0,0,0,0,59,0,0,0,0,0,3,0,0,0,34,2	0,0,0,0,0,0,0,0,0,0,0,0,0,0,11,6	298	149	1	1.0	NA,1.0,NA,NA,NA	NA,NA,NA,NA,1.0,NA,NA,NA,NA,NA,1.0,NA,NA,NA,0.607,0.143	0.312
5222	0,3,0,0,0	0,21,0,0,0	0,0,0,0,0,0,0,0,0,0,0,0,0,0,4,0	0,0,0,0,40,0,0,0,0,0,13,0,0,0,40,2	162	149	1	1.0	NA,0.116,NA,NA,NA	NA,NA,NA,NA,0.0,NA,NA,NA,NA,NA,0.0,NA,NA,NA,0.084,0.0	0.095
5225	0,0,0,0,0	0,30,0,0,0	0,0,0,0,29,0,0,0,0,0,40,0,0,0,72,4	0,0,0,0,66,0,0,4,0,2,186,0,0,0,382,9	153	149	1	1.0	NA,0.0,NA,NA,NA	NA,NA,NA,NA,0.3,NA,NA,0.0,NA,0.0,0.173,NA,NA,NA,0.155,0.302	-0.155
5228	0,12,0,0,0	0,0,0,0,0	0,0,0,0,40,0,2,0,0,0,17,0,0,0,55,10	0,0,0,0,34,0,0,0,0,0,33,0,0,0,137,0	298	149	1	1.0	NA,1.0,NA,NA,NA	NA,NA,NA,NA,0.37,NA,1.0,NA,NA,NA,0.205,NA,NA,NA,0.167,1.0	0.452
5229	0,0,0,0,0	0,23,0,0,0	0,0,0,0,0,0,0,0,0,0,3,0,0,0,4,0	0,0,0,0,38,0,0,0,0,0,1312,0,0,0,4,1	251	149	1	1.0	NA,0.0,NA,NA,NA	NA,NA,NA,NA,0.0,NA,NA,NA,NA,NA,0.001,NA,NA,NA,0.372,0.0	-0.093
5232	0,9,0,0,0	0,0,0,0,0	0,0,0,0,78,0,0,0,0,0,86,0,0,0,211,111	0,0,0,0,39,0,0,0,0,0,28,0,0,0,83,17	161	149	1	1.0	NA,1.0,NA,NA,NA	NA,NA,NA,NA,0.649,NA,NA,NA,NA,NA,0.74,NA,NA,NA,0.702,0.858	0.263
5236	0,11,0,0,0	0,55,0,0,0	0,0,0,0,155,0,0,0,0,0,12,0,0,0,11,1	0,0,0,0,201,0,0,0,0,0,30,0,0,0,37,5	209	149	1	1.0	NA,0.125,NA,NA,NA	NA,NA,NA,NA,0.355,NA,NA,NA,NA,NA,0.222,NA,NA,NA,0.175,0.125	-0.094
5237	0,4,0,0,0	0,29,0,0,0	0,0,0,0,50,0,0,0,0,0,5,0,0,0,19,2	0,0,0,0,212,0,0,0,0,0,37,0,0,0,31,5	292	149	1	1.0	NA,0.066,NA,NA,NA	NA,NA,NA,NA,0.107,NA,NA,NA,NA,NA,0.065,NA,NA,NA,0.238,0.17	-0.079
5239	0,104,4,0,0	0,0,0,0,0	0,0,0,0,150,0,2,2,0,0,871,0,0,0,211,13	0,0,0,0,0,0,0,0,0,0,1,0,0,0,6,0	298	149	1	1.0	NA,1.0,1.0,NA,NA	NA,NA,NA,NA,1.0,NA,1.0,1.0,NA,NA,0.998,NA,NA,NA,0.946,1.0	0.009
5240	0,112,2,0,0	0,0,0,0,0	0,0,0,0,303,2,2,4,0,0,1054,0,0,0,200,21	0,0,0,0,0,0,0,0,0,0,7,0,0,0,10,0	209	149	1	1.0	NA,1.0,1.0,NA,NA	NA,NA,NA,NA,1.0,1.0,1.0,1.0,NA,NA,0.991,NA,NA,NA,0.934,1.0	0.011
5241	0,1919,0,0,2	0,44,0,0,0	0,0,0,0,2033,0,0,0,2,2,2568,0,0,0,19,36	0,0,0,0,76,0,0,0,2,0,57,0,0,0,1,0	217	149	1	1.0	NA,0.968,NA,NA,1.0	NA,NA,NA,NA,0.948,NA,NA,NA,0.407,1.0,0.969,NA,NA,NA,0.929,1.0	0.108
5242	0,10,0,0,0	0,742,0,0,0	0,0,0,0,57,0,0,0,0,0,27,0,0,0,0,3	0,0,0,0,877,0,0,0,2,4,1488,0,0,0,3,67	174	149	1	1.0	NA,0.011,NA,NA,NA	NA,NA,NA,NA,0.053,NA,NA,NA,0.0,0.0,0.015,NA,NA,NA,0.0,0.037	-0.007
5246	0,4,0,0,0	0,0,0,0,0	0,0,0,0,0,0,0,0,0,0,0,0,0,0,7,0	0,0,0,0,0,0,0,0,0,0,0,0,0,0,8,1	163	149	1	1.0	NA,1.0,NA,NA,NA	NA,NA,NA,NA,NA,NA,NA,NA,NA,NA,NA,NA,NA,NA,0.444,0.0	0.778
5247	0,55,0,0,0	0,3,0,0,0	0,0,0,0,61,0,0,0,0,0,130,0,0,0,20,6	0,0,0,0,13,0,0,0,0,0,0,0,0,0,0,0	153	149	1	1.0	NA,0.947,NA,NA,NA	NA,NA,NA,NA,0.82,NA,NA,NA,NA,NA,1.0,NA,NA,NA,1.0,1.0	-0.008
5249	0,4,0,0,0	0,2,0,0,0	0,0,0,0,28,0,0,0,0,0,2,0,0,0,0,2	0,0,0,0,0,0,0,0,0,0,0,0,0,0,16,3	153	149	1	1.0	NA,0.661,NA,NA,NA	NA,NA,NA,NA,1.0,NA,NA,NA,NA,NA,1.0,NA,NA,NA,0.0,0.394	0.062
5250	0,31,0,0,0	0,0,0,0,0	0,0,0,0,116,0,2,0,0,0,247,0,0,0,170,13	0,0,0,0,0,0,0,0,0,0,2,0,0,0,10,0	161	149	1	1.0	NA,1.0,NA,NA,NA	NA,NA,NA,NA,1.0,NA,1.0,NA,NA,NA,0.991,NA,NA,NA,0.94,1.0	0.014
5252	0,0,0,0,0	0,1245,2,0,0	0,0,0,0,0,0,0,0,0,0,7,0,0,0,7,8	0,0,0,0,1579,2,2,4,6,0,2929,0,0,0,2104,314	199	149	1	1.0	NA,0.0,0.0,NA,NA	NA,NA,NA,NA,0.0,0.0,0.0,0.0,0.0,NA,0.002,NA,NA,NA,0.002,0.019	-0.003
5257	0,0,0,0,0	0,1,0,0,2	0,0,0,0,5,0,0,0,0,0,0,0,0,0,5,2	0,0,0,0,119,0,0,0,0,0,71,0,0,0,122,22	178	149	1	1.0	NA,0.0,NA,NA,0.0	NA,NA,NA,NA,0.034,NA,NA,NA,NA,NA,0.0,NA,NA,NA,0.033,0.071	-0.035
5259	0,9,0,0,0	0,0,0,0,0	0,0,0,0,52,0,0,0,0,0,55,0,0,0,9,0	0,0,0,0,0,0,0,0,0,0,5,0,0,0,0,0	204	149	1	1.0	NA,1.0,NA,NA,NA	NA,NA,NA,NA,1.0,NA,NA,NA,NA,NA,0.889,NA,NA,NA,1.0,NA	0.037
5261	0,103,0,0,0	0,1,0,0,0	0,0,0,0,147,0,0,0,0,0,98,0,0,0,13,1	0,0,0,0,0,0,0,0,0,0,0,0,0,0,0,0	298	149	1	1.0	NA,0.981,NA,NA,NA	NA,NA,NA,NA,1.0,NA,NA,NA,NA,NA,1.0,NA,NA,NA,1.0,1.0	-0.019
5262	0,73,0,0,0	0,10,0,0,0	0,0,0,0,503,2,0,0,0,0,37,0,0,0,37,71	0,0,0,0,186,0,0,0,0,0,12,0,0,0,19,24	298	149	1	1.0	NA,0.785,NA,NA,NA	NA,NA,NA,NA,0.575,1.0,NA,NA,NA,NA,0.607,NA,NA,NA,0.493,0.597	0.131
5263	0,26,0,0,0	0,0,0,0,0	0,0,0,0,62,0,0,0,0,0,13,0,0,0,8,4	0,0,0,0,7,0,0,0,0,0,0,0,0,0,0,0	167	149	1	1.0	NA,1.0,NA,NA,NA	NA,NA,NA,NA,0.888,NA,NA,NA,NA,NA,1.0,NA,NA,NA,1.0,1.0	0.028
5273	0,233,0,0,2	0,0,0,0,0	0,0,0,0,536,0,0,2,0,0,1568,0,0,0,64,301	0,0,0,0,0,0,0,0,0,0,4,0,0,0,0,0	225	149	1	1.0	NA,1.0,NA,NA,1.0	NA,NA,NA,NA,1.0,NA,NA,1.0,NA,NA,0.996,NA,NA,NA,1.0,1.0	0.001
5274	0,243,0,0,0	0,43,0,0,0	0,0,0,0,669,0,0,0,0,0,550,0,0,0,62,51	0,0,0,0,46,0,0,0,0,0,47,0,0,0,2,1	164	149	1	1.0	NA,0.837,NA,NA,NA	NA,NA,NA,NA,0.93,NA,NA,NA,NA,NA,0.914,NA,NA,NA,0.966,0.979	-0.11
5275	0,22,0,0,0	0,237,0,0,0	0,0,0,0,87,0,0,0,0,0,54,0,0,0,2,4	0,0,0,0,613,0,0,0,0,0,595,0,0,0,40,41	280	149	1	1.0	NA,0.047,NA,NA,NA	NA,NA,NA,NA,0.07,NA,NA,NA,NA,NA,0.046,NA,NA,NA,0.026,0.049	-0.001
5276	0,41,0,0,0	0,56,0,0,0	0,0,0,0,296,0,2,0,2,0,131,0,0,0,110,2	0,0,0,0,286,0,0,0,0,2,70,0,0,0,84,0	158	149	1	1.0	NA,0.408,NA,NA,NA	NA,NA,NA,NA,0.494,NA,1.0,NA,1.0,0.0,0.638,NA,NA,NA,0.553,1.0	-0.261
5277	0,0,0,0,0	0,22,0,0,0	0,0,0,0,0,0,0,0,0,0,1,0,0,0,2,0	0,0,0,0,48,0,0,0,0,0,23,0,0,0,72,11	196	149	1	1.0	NA,0.0,NA,NA,NA	NA,NA,NA,NA,0.0,NA,NA,NA,NA,NA,0.032,NA,NA,NA,0.021,0.0	-0.013
5278	0,2,2,0,0	0,0,0,0,0	0,0,0,0,56,0,0,0,0,0,21,0,0,0,34,3	0,0,0,0,0,0,0,0,0,0,0,0,0,0,0,4	197	149	1	1.0	NA,1.0,1.0,NA,NA	NA,NA,NA,NA,1.0,NA,NA,NA,NA,NA,1.0,NA,NA,NA,1.0,0.362	0.159
5279	0,3,2,0,0	0,26,0,0,0	0,0,0,0,112,0,0,0,0,2,136,0,0,0,143,30	0,0,0,0,49,0,0,0,0,0,98,0,0,0,138,35	197	149	1	1.0	NA,0.08,1.0,NA,NA	NA,NA,NA,NA,0.634,NA,NA,NA,NA,1.0,0.512,NA,NA,NA,0.439,0.393	-0.056
5280	0,1,2,0,0	0,0,0,0,0	0,0,0,0,63,0,0,0,0,0,20,0,0,0,34,2	0,0,0,0,0,0,0,0,0,0,0,0,0,0,0,1	197	149	1	1.0	NA,1.0,1.0,NA,NA	NA,NA,NA,NA,1.0,NA,NA,NA,NA,NA,1.0,NA,NA,NA,1.0,0.602	0.1
5282	0,36,0,0,0	0,12,0,0,0	0,0,0,0,468,0,2,2,0,0,415,0,0,0,500,120	0,0,0,0,35,0,0,0,0,0,39,0,0,0,150,36	227	149	1	1.0	NA,0.663,NA,NA,NA	NA,NA,NA,NA,0.898,NA,1.0,1.0,NA,NA,0.875,NA,NA,NA,0.686,0.686	-0.195
5289	0,59,0,0,0	0,13,0,0,0	0,0,0,0,578,0,0,0,0,0,449,0,0,0,11,88	0,0,0,0,237,0,0,0,0,0,199,0,0,0,9,28	182	149	1	1.0	NA,0.788,NA,NA,NA	NA,NA,NA,NA,0.666,NA,NA,NA,NA,NA,0.649,NA,NA,NA,0.5,0.72	0.154
5290	0,2,0,0,0	0,9,0,0,0	0,0,0,0,11,0,0,0,0,0,0,0,0,0,0,1	0,0,0,0,0,0,0,0,0,0,0,0,0,0,0,0	157	149	1	1.0	NA,0.174,NA,NA,NA	NA,NA,NA,NA,1.0,NA,NA,NA,NA,NA,NA,NA,NA,NA,NA,1.0	-0.826
5308	0,0,0,0,0	0,64,0,0,0	0,0,0,0,53,0,0,0,0,0,4,0,0,0,0,4	0,0,0,0,95,0,0,2,0,0,349,0,0,0,218,169	189	149	1	1.0	NA,0.0,NA,NA,NA	NA,NA,NA,NA,0.305,NA,NA,0.0,NA,NA,0.009,NA,NA,NA,0.0,0.018	-0.066
5309	0,0,0,0,0	0,64,0,0,0	0,0,0,0,54,0,0,0,0,0,11,0,0,0,0,9	0,0,0,0,95,0,0,2,0,0,349,0,0,0,218,169	184	149	1	1.0	NA,0.0,NA,NA,NA	NA,NA,NA,NA,0.315,NA,NA,0.0,NA,NA,0.025,NA,NA,NA,0.0,0.041	-0.076
5310	0,12796,14,0,20	0,2,0,0,0	0,0,0,0,13,0,0,9,0,2,6780,0,0,0,1928,42	0,0,0,0,0,0,0,0,0,0,63,0,0,0,1,0	266	149	1	1.0	NA,1.0,1.0,NA,1.0	NA,NA,NA,NA,1.0,NA,NA,1.0,NA,1.0,0.984,NA,NA,NA,0.999,1.0	0.003
5314	0,2,0,0,0	0,0,0,0,0	0,0,0,0,0,0,0,0,0,0,0,0,0,0,0,0	0,0,0,0,32,0,0,0,0,0,0,0,0,0,0,1	182	149	1	1.0	NA,1.0,NA,NA,NA	NA,NA,NA,NA,0.0,NA,NA,NA,NA,NA,NA,NA,NA,NA,NA,0.0	1.0
5316	0,62,0,0,0	0,3,0,0,0	0,0,0,0,569,0,0,0,0,0,51,0,0,0,47,3	0,0,0,0,0,0,0,0,0,0,0,0,0,0,0,0	298	149	1	1.0	NA,0.912,NA,NA,NA	NA,NA,NA,NA,1.0,NA,NA,NA,NA,NA,1.0,NA,NA,NA,1.0,1.0	-0.088
5317	0,65,0,0,0	0,15,0,0,0	0,0,0,0,575,0,0,0,0,0,51,0,0,0,47,3	0,0,0,0,38,0,0,0,0,0,17,0,0,0,2,1	298	149	1	1.0	NA,0.684,NA,NA,NA	NA,NA,NA,NA,0.883,NA,NA,NA,NA,NA,0.6,NA,NA,NA,0.922,0.6	-0.067
5318	0,5,0,0,0	0,362,2,0,0	0,0,0,0,0,0,0,0,0,0,0,0,0,0,0,0	0,0,0,0,51,0,0,0,0,0,112,0,0,0,146,6	265	149	1	1.0	NA,0.008,0.0,NA,NA	NA,NA,NA,NA,0.0,NA,NA,NA,NA,NA,0.0,NA,NA,NA,0.0,0.0	0.004
5319	0,0,0,0,0	0,5,0,0,0	0,0,0,0,18,0,0,0,0,0,10,0,0,0,0,0	0,0,0,0,42,0,0,0,0,0,14,0,0,0,7,1	268	149	1	1.0	NA,0.0,NA,NA,NA	NA,NA,NA,NA,0.192,NA,NA,NA,NA,NA,0.284,NA,NA,NA,0.0,0.0	-0.119
5322	0,0,0,0,0	0,2,0,0,0	0,0,0,0,13,0,0,0,0,0,0,0,0,0,0,0	0,0,0,0,35,0,0,0,0,0,59,0,0,0,52,0	188	149	1	1.0	NA,0.0,NA,NA,NA	NA,NA,NA,NA,0.227,NA,NA,NA,NA,NA,0.0,NA,NA,NA,0.0,NA	-0.076
5328	0,3,0,0,0	0,65,0,0,0	0,0,0,0,0,0,0,0,0,0,4,0,0,0,1,0	0,0,0,0,171,0,0,2,0,0,179,0,0,0,107,4	184	149	1	1.0	NA,0.036,NA,NA,NA	NA,NA,NA,NA,0.0,NA,NA,0.0,NA,NA,0.018,NA,NA,NA,0.008,0.0	0.031
5331	0,8,0,0,0	0,0,0,0,0	0,0,0,0,12,0,0,0,0,0,19,0,0,0,18,0	0,0,0,0,0,0,0,0,0,0,13,0,0,0,28,0	161	149	1	1.0	NA,1.0,NA,NA,NA	NA,NA,NA,NA,1.0,NA,NA,NA,NA,NA,0.575,NA,NA,NA,0.373,NA	0.351
5332	0,7,0,0,0	0,0,0,0,0	0,0,0,0,22,0,0,0,0,0,3,0,0,0,0,0	0,0,0,0,0,0,0,0,0,0,5,0,0,0,0,0	196	149	1	1.0	NA,1.0,NA,NA,NA	NA,NA,NA,NA,1.0,NA,NA,NA,NA,NA,0.313,NA,NA,NA,NA,NA	0.344
5333	0,10612,40,0,6	0,5,0,0,0	0,0,0,0,16168,10,2,50,14,14,11023,0,0,0,16224,2207	0,0,0,0,0,0,0,0,0,0,6,0,0,0,6,0	154	149	1	1.0	NA,1.0,1.0,NA,1.0	NA,NA,NA,NA,1.0,1.0,1.0,1.0,1.0,1.0,0.999,NA,NA,NA,1.0,1.0	0.0
5341	0,0,0,0,0	0,82,2,0,0	0,0,0,0,3,0,0,0,0,0,0,0,0,0,0,0	0,0,0,0,59,0,0,0,0,0,0,0,0,0,0,3	167	149	1	1.0	NA,0.0,0.0,NA,NA	NA,NA,NA,NA,0.043,NA,NA,NA,NA,NA,NA,NA,NA,NA,NA,0.0	-0.021
5342	0,0,0,0,0	0,15,0,0,0	0,0,0,0,5,0,0,0,0,0,5,0,0,0,1,0	0,0,0,0,20,0,0,0,0,0,1,0,0,0,2,0	188	149	1	1.0	NA,0.0,NA,NA,NA	NA,NA,NA,NA,0.165,NA,NA,NA,NA,NA,0.798,NA,NA,NA,0.284,NA	-0.416
5343	0,0,0,0,0	0,1,0,0,0	0,0,0,0,13,0,0,0,0,0,5,0,0,0,1,0	0,0,0,0,0,0,0,0,0,0,2,0,0,0,0,4	188	149	1	1.0	NA,0.0,NA,NA,NA	NA,NA,NA,NA,1.0,NA,NA,NA,NA,NA,0.665,NA,NA,NA,1.0,0.0	-0.666
5344	0,0,0,0,0	0,31,0,0,0	0,0,0,0,0,0,0,0,0,0,0,0,0,0,1,9	0,0,0,0,67,0,0,0,0,0,4,0,0,0,1,0	212	149	1	1.0	NA,0.0,NA,NA,NA	NA,NA,NA,NA,0.0,NA,NA,NA,NA,NA,0.0,NA,NA,NA,0.413,1.0	-0.353
5346	0,1,0,0,0	0,52,0,0,0	0,0,0,0,0,0,0,0,0,0,2,0,0,0,1,0	0,0,0,0,52,0,0,0,0,0,103,0,0,0,94,11	240	149	1	1.0	NA,0.012,NA,NA,NA	NA,NA,NA,NA,0.0,NA,NA,NA,NA,NA,0.012,NA,NA,NA,0.007,0.0	0.007
5348	0,2,0,0,1	0,0,0,0,0	0,0,0,0,62,0,0,0,0,2,37,0,0,0,298,9	0,0,0,0,0,0,0,0,0,0,1,0,0,0,5,1	228	149	1	1.0	NA,1.0,NA,NA,1.0	NA,NA,NA,NA,1.0,NA,NA,NA,NA,1.0,0.96,NA,NA,NA,0.975,0.855	0.042
5351	0,0,0,0,0	0,45,0,0,0	0,0,0,0,16,0,0,0,0,0,0,0,0,0,7,5	0,0,0,0,144,2,0,0,0,0,166,0,0,0,174,2	198	149	1	1.0	NA,0.0,NA,NA,NA	NA,NA,NA,NA,0.077,0.0,NA,NA,NA,NA,0.0,NA,NA,NA,0.029,0.653	-0.152
5354	0,0,0,0,0	0,1,0,0,0	0,0,0,0,0,0,0,0,0,0,0,0,0,0,7,5	0,0,0,0,1,0,0,0,0,0,2,0,0,0,20,0	198	149	1	1.0	NA,0.0,NA,NA,NA	NA,NA,NA,NA,0.0,NA,NA,NA,NA,NA,0.0,NA,NA,NA,0.208,1.0	-0.302
5357	0,19,0,0,0	0,13916,2,0,3	0,0,0,0,87,0,0,0,0,0,183,0,0,0,28,29	0,0,0,0,15232,0,0,11,0,4,19614,0,0,0,3761,609	298	149	1	1.0	NA,0.001,0.0,NA,0.0	NA,NA,NA,NA,0.003,NA,NA,0.0,NA,0.0,0.005,NA,NA,NA,0.004,0.023	-0.006
5361	0,420,4,0,0	0,0,0,0,0	0,0,0,0,800,0,0,0,0,0,832,0,0,0,1082,69	0,0,0,0,13,0,0,0,0,0,5,0,0,0,0,1	298	149	1	1.0	NA,1.0,1.0,NA,NA	NA,NA,NA,NA,0.969,NA,NA,NA,NA,NA,0.988,NA,NA,NA,1.0,0.972	0.018
5362	0,421,4,0,0	0,2,0,0,0	0,0,0,0,793,0,0,0,0,0,833,0,0,0,1087,75	0,0,0,0,0,0,0,0,0,0,0,0,0,0,0,0	298	149	1	1.0	NA,0.991,1.0,NA,NA	NA,NA,NA,NA,1.0,NA,NA,NA,NA,NA,1.0,NA,NA,NA,1.0,1.0	-0.004
5363	0,489,2,0,0	0,7,0,0,0	0,0,0,0,565,0,0,2,0,0,535,0,0,0,613,16	0,0,0,0,8,0,0,0,0,0,4,0,0,0,1,0	152	149	1	1.0	NA,0.986,1.0,NA,NA	NA,NA,NA,NA,0.986,NA,NA,1.0,NA,NA,0.992,NA,NA,NA,0.998,1.0	-0.002
5366	0,0,2,0,0	0,0,0,0,0	0,0,0,0,8,0,0,2,0,0,6,0,0,0,7,37	0,0,0,0,6,0,0,0,0,0,17,0,0,0,25,15	191	149	1	1.0	NA,NA,1.0,NA,NA	NA,NA,NA,NA,0.51,NA,NA,1.0,NA,NA,0.216,NA,NA,NA,0.179,0.658	0.487
5367	0,0,2,0,0	0,0,0,0,0	0,0,0,0,8,0,0,2,0,0,6,0,0,0,7,34	0,0,0,0,0,0,0,0,0,0,2,0,0,0,0,1	161	149	1	1.0	NA,NA,1.0,NA,NA	NA,NA,NA,NA,1.0,NA,NA,1.0,NA,NA,0.735,NA,NA,NA,1.0,0.969	0.059
5368	0,0,0,0,0	0,8,0,0,0	0,0,0,0,0,2,0,0,0,0,1,0,0,0,17,2	0,0,0,0,15,0,0,0,0,0,65,0,0,0,39,16	159	149	1	1.0	NA,0.0,NA,NA,NA	NA,NA,NA,NA,0.0,1.0,NA,NA,NA,NA,0.014,NA,NA,NA,0.29,0.105	-0.282
5369	0,0,0,0,0	0,5,0,0,0	0,0,0,0,0,0,0,0,0,0,0,0,0,0,2,1	0,0,0,0,24,0,0,0,0,0,91,0,0,0,89,15	298	149	1	1.0	NA,0.0,NA,NA,NA	NA,NA,NA,NA,0.0,NA,NA,NA,NA,NA,0.0,NA,NA,NA,0.011,0.032	-0.011
5370	0,0,0,0,0	0,1,0,0,0	0,0,0,0,0,0,0,0,0,0,0,0,0,0,10,0	0,0,0,0,50,0,0,0,0,0,46,0,0,0,72,7	165	149	1	1.0	NA,0.0,NA,NA,NA	NA,NA,NA,NA,0.0,NA,NA,NA,NA,NA,0.0,NA,NA,NA,0.111,0.0	-0.028
5371	0,6,0,0,0	0,21,0,0,0	0,0,0,0,3,0,0,0,0,0,13,0,0,0,14,0	0,0,0,0,113,0,0,0,0,0,37,0,0,0,11,2	188	149	1	1.0	NA,0.185,NA,NA,NA	NA,NA,NA,NA,0.021,NA,NA,NA,NA,NA,0.218,NA,NA,NA,0.502,0.0	-0.0
5373	0,82,0,0,0	0,5,0,0,0	0,0,0,0,130,0,0,0,0,0,59,0,0,0,2,2	0,0,0,0,0,0,0,0,0,0,0,0,0,0,0,0	298	149	1	1.0	NA,0.891,NA,NA,NA	NA,NA,NA,NA,1.0,NA,NA,NA,NA,NA,1.0,NA,NA,NA,1.0,1.0	-0.109
5375	0,218,0,0,2	0,0,0,0,0	0,0,0,0,387,0,0,0,2,0,80,0,0,0,8,27	0,0,0,0,7,0,0,0,0,0,0,0,0,0,0,0	298	149	1	1.0	NA,1.0,NA,NA,1.0	NA,NA,NA,NA,0.965,NA,NA,NA,1.0,NA,1.0,NA,NA,NA,1.0,1.0	0.007
5376	0,1015,0,0,2	0,3,0,0,0	0,0,0,0,1216,0,0,0,2,0,2157,0,0,0,692,73	0,0,0,0,33,0,0,0,0,0,44,0,0,0,11,1	298	149	1	1.0	NA,0.994,NA,NA,1.0	NA,NA,NA,NA,0.949,NA,NA,NA,1.0,NA,0.961,NA,NA,NA,0.969,0.973	0.027
5381	0,0,0,0,0	0,1,0,0,0	0,0,0,0,46,0,0,0,0,0,5,0,0,0,0,0	0,0,0,0,156,0,0,0,0,0,9,0,0,0,0,10	207	149	1	1.0	NA,0.0,NA,NA,NA	NA,NA,NA,NA,0.175,NA,NA,NA,NA,NA,0.286,NA,NA,NA,NA,0.0	-0.154
5382	0,122,0,0,0	0,0,0,0,0	0,0,0,0,354,0,0,2,0,0,447,0,0,0,363,6	0,0,0,0,7,0,0,0,0,0,0,0,0,0,0,0	174	149	1	1.0	NA,1.0,NA,NA,NA	NA,NA,NA,NA,0.977,NA,NA,1.0,NA,NA,1.0,NA,NA,NA,1.0,1.0	0.005
5383	0,20,0,0,0	0,0,0,0,0	0,0,0,0,39,0,0,0,0,0,70,0,0,0,97,9	0,0,0,0,0,0,0,0,0,0,1,0,0,0,0,0	171	149	1	1.0	NA,1.0,NA,NA,NA	NA,NA,NA,NA,1.0,NA,NA,NA,NA,NA,0.984,NA,NA,NA,1.0,1.0	0.004
5384	0,5,0,0,0	0,1,0,0,0	0,0,0,0,16,0,0,0,0,0,14,0,0,0,28,4	0,0,0,0,23,0,0,0,0,0,29,0,0,0,3,1	298	149	1	1.0	NA,0.714,NA,NA,NA	NA,NA,NA,NA,0.258,NA,NA,NA,NA,NA,0.194,NA,NA,NA,0.824,0.667	0.228
5385	0,1,0,0,0	0,0,0,0,0	0,0,0,0,53,0,0,0,0,0,42,0,0,0,52,2	0,0,0,0,9,0,0,0,0,0,37,0,0,0,135,7	298	149	1	1.0	NA,1.0,NA,NA,NA	NA,NA,NA,NA,0.746,NA,NA,NA,NA,NA,0.362,NA,NA,NA,0.161,0.125	0.651
5386	0,383,12,0,2	0,0,0,0,0	0,0,0,0,2277,18,10,12,6,0,2796,0,0,0,4994,287	0,0,0,0,0,0,0,0,0,0,0,0,0,0,6,0	251	149	1	1.0	NA,1.0,1.0,NA,1.0	NA,NA,NA,NA,1.0,1.0,1.0,1.0,1.0,NA,1.0,NA,NA,NA,0.998,1.0	0.0
5387	0,28,0,0,0	0,17,0,0,0	0,0,0,0,103,0,0,0,2,0,17,0,0,0,90,15	0,0,0,0,184,2,0,0,0,0,126,0,0,0,195,17	285	149	1	1.0	NA,0.463,NA,NA,NA	NA,NA,NA,NA,0.226,0.0,NA,NA,1.0,NA,0.066,NA,NA,NA,0.194,0.316	0.163
5388	0,408,0,0,0	0,0,0,0,0	0,0,0,0,780,2,0,0,2,0,963,0,0,0,79,14	0,0,0,0,0,0,0,0,0,0,1,0,0,0,0,0	216	149	1	1.0	NA,1.0,NA,NA,NA	NA,NA,NA,NA,1.0,1.0,NA,NA,1.0,NA,0.998,NA,NA,NA,1.0,1.0	0.0
5389	0,800,0,0,0	0,0,0,0,0	0,0,0,0,1449,2,0,2,2,0,1866,0,0,0,155,120	0,0,0,0,0,0,0,0,0,0,1,0,0,0,0,0	298	149	1	1.0	NA,1.0,NA,NA,NA	NA,NA,NA,NA,1.0,1.0,NA,1.0,1.0,NA,0.999,NA,NA,NA,1.0,1.0	0.0
5392	0,0,0,0,0	0,46,0,0,0	0,0,0,0,0,0,0,0,0,0,0,0,0,0,0,2	0,0,0,0,140,0,0,0,0,0,233,0,0,0,168,72	161	149	1	1.0	NA,0.0,NA,NA,NA	NA,NA,NA,NA,0.0,NA,NA,NA,NA,NA,0.0,NA,NA,NA,0.0,0.025	-0.006
5393	0,21,0,0,0	0,0,0,0,0	0,0,0,0,44,0,0,0,0,0,9,0,0,0,0,0	0,0,0,0,0,0,0,0,0,0,4,0,0,0,2,1	298	149	1	1.0	NA,1.0,NA,NA,NA	NA,NA,NA,NA,1.0,NA,NA,NA,NA,NA,0.529,NA,NA,NA,0.0,0.0	0.618
5395	0,1,0,0,0	0,26,0,0,0	0,0,0,0,68,0,0,0,0,0,0,0,0,0,113,253	0,0,0,0,54,5,4,0,0,6,3,0,0,0,323,403	178	149	1	1.0	NA,0.031,NA,NA,NA	NA,NA,NA,NA,0.513,0.0,0.0,NA,NA,0.0,0.0,NA,NA,NA,0.227,0.344	-0.124
5396	0,37,0,0,0	0,21,0,0,0	0,0,0,0,24,0,0,0,0,0,18,0,0,0,9,7	0,0,0,0,28,0,0,0,0,0,136,0,0,0,64,8	236	149	1	1.0	NA,0.527,NA,NA,NA	NA,NA,NA,NA,0.351,NA,NA,NA,NA,NA,0.077,NA,NA,NA,0.082,0.356	0.31
5397	0,21,0,0,0	0,21,0,0,0	0,0,0,0,47,0,0,0,0,0,14,0,0,0,4,5	0,0,0,0,28,0,0,0,0,0,136,0,0,0,64,8	249	149	1	1.0	NA,0.374,NA,NA,NA	NA,NA,NA,NA,0.501,NA,NA,NA,NA,NA,0.058,NA,NA,NA,0.036,0.272	0.157
5398	0,24,0,0,0	0,21,0,0,0	0,0,0,0,47,0,0,0,0,0,37,0,0,0,6,9	0,0,0,0,28,0,0,0,0,0,136,0,0,0,64,8	255	149	1	1.0	NA,0.4,NA,NA,NA	NA,NA,NA,NA,0.495,NA,NA,NA,NA,NA,0.137,NA,NA,NA,0.052,0.397	0.13
5399	0,3,0,0,0	0,19,0,0,0	0,0,0,0,23,0,0,0,0,0,0,0,0,0,0,0	0,0,0,0,0,0,0,0,0,0,4,0,0,0,5,2	162	149	1	1.0	NA,0.127,NA,NA,NA	NA,NA,NA,NA,1.0,NA,NA,NA,NA,NA,0.0,NA,NA,NA,0.0,0.0	-0.123
5400	0,6,0,0,0	0,19,0,0,0	0,0,0,0,23,0,0,0,0,0,23,0,0,0,2,4	0,0,0,0,0,0,0,0,0,0,4,0,0,0,5,2	168	149	1	1.0	NA,0.219,NA,NA,NA	NA,NA,NA,NA,1.0,NA,NA,NA,NA,NA,0.836,NA,NA,NA,0.262,0.639	-0.465
5402	0,55,0,0,0	0,9,0,0,0	0,0,0,0,160,0,0,0,0,0,163,0,0,0,145,12	0,0,0,0,28,0,0,0,0,0,51,0,0,0,8,0	272	149	1	1.0	NA,0.77,NA,NA,NA	NA,NA,NA,NA,0.758,NA,NA,NA,NA,NA,0.636,NA,NA,NA,0.908,1.0	-0.055
5403	0,153,0,0,0	0,0,0,0,0	0,0,0,0,320,0,0,0,0,0,263,0,0,0,260,36	0,0,0,0,0,0,0,0,0,0,3,0,0,0,0,0	298	149	1	1.0	NA,1.0,NA,NA,NA	NA,NA,NA,NA,1.0,NA,NA,NA,NA,NA,0.978,NA,NA,NA,1.0,1.0	0.006
5404	0,16,0,0,0	0,6,0,0,0	0,0,0,0,65,0,0,0,0,0,113,0,0,0,152,8	0,0,0,0,0,0,0,0,0,0,19,0,0,0,0,0	176	149	1	1.0	NA,0.693,NA,NA,NA	NA,NA,NA,NA,1.0,NA,NA,NA,NA,NA,0.834,NA,NA,NA,1.0,1.0	-0.266
5411	0,31,0,0,0	0,0,0,0,0	0,0,0,0,65,0,0,0,0,0,21,0,0,0,85,18	0,0,0,0,0,0,0,0,0,0,0,0,0,0,6,0	298	149	1	1.0	NA,1.0,NA,NA,NA	NA,NA,NA,NA,1.0,NA,NA,NA,NA,NA,1.0,NA,NA,NA,0.876,1.0	0.031
5412	0,0,0,0,0	0,6,0,0,0	0,0,0,0,33,0,0,0,0,0,25,0,0,0,2,0	0,0,0,0,98,0,0,0,0,0,108,0,0,0,3,12	298	149	1	1.0	NA,0.0,NA,NA,NA	NA,NA,NA,NA,0.144,NA,NA,NA,NA,NA,0.104,NA,NA,NA,0.25,0.0	-0.124
5415	0,34,0,0,2	0,0,0,0,0	0,0,0,0,37,0,0,0,0,0,49,0,0,0,23,24	0,0,0,0,0,0,0,0,0,0,7,0,0,0,0,10	298	149	1	1.0	NA,1.0,NA,NA,1.0	NA,NA,NA,NA,1.0,NA,NA,NA,NA,NA,0.778,NA,NA,NA,1.0,0.545	0.169
5417	0,8,0,0,0	0,187,2,0,0	0,0,0,0,0,0,0,0,0,0,3,0,0,0,16,0	0,0,0,0,75,0,0,2,0,0,201,0,0,0,724,3	153	149	1	1.0	NA,0.04,0.0,NA,NA	NA,NA,NA,NA,0.0,NA,NA,0.0,NA,NA,0.014,NA,NA,NA,0.021,0.0	0.013
5418	0,10,0,0,0	0,1752,4,0,8	0,0,0,0,148,0,0,0,0,0,8,0,0,0,10,7	0,0,0,0,14816,6,0,2,2,10,6680,0,0,0,4747,151	298	149	1	1.0	NA,0.003,0.0,NA,0.0	NA,NA,NA,NA,0.005,0.0,NA,0.0,0.0,0.0,0.001,NA,NA,NA,0.001,0.023	-0.003
5419	0,6,0,0,0	0,164,0,0,2	0,0,0,0,18,0,0,0,0,0,26,0,0,0,6,3	0,0,0,0,208,0,0,0,0,0,563,0,0,0,338,36	160	149	1	1.0	NA,0.033,NA,NA,0.0	NA,NA,NA,NA,0.075,NA,NA,NA,NA,NA,0.041,NA,NA,NA,0.016,0.072	-0.035
5420	0,39,0,0,0	0,0,0,0,0	0,0,0,0,72,0,0,0,0,0,182,0,0,0,112,6	0,0,0,0,7,0,0,0,0,0,3,0,0,0,0,4	195	149	1	1.0	NA,1.0,NA,NA,NA	NA,NA,NA,NA,0.887,NA,NA,NA,NA,NA,0.979,NA,NA,NA,1.0,0.534	0.15
5421	0,197,0,0,2	0,0,0,0,0	0,0,0,0,262,0,0,0,0,0,719,0,0,0,444,39	0,0,0,0,7,0,0,0,0,0,3,0,0,0,0,4	184	149	1	1.0	NA,1.0,NA,NA,1.0	NA,NA,NA,NA,0.968,NA,NA,NA,NA,NA,0.995,NA,NA,NA,1.0,0.888	0.037
5423	0,9,0,0,0	0,11,0,0,0	0,0,0,0,33,0,0,0,0,0,44,0,0,0,6,85	0,0,0,0,18,0,0,0,0,0,1377,0,0,0,9,412	298	149	1	1.0	NA,0.29,NA,NA,NA	NA,NA,NA,NA,0.478,NA,NA,NA,NA,NA,0.016,NA,NA,NA,0.25,0.094	0.08
5427	0,23,4,0,0	0,0,0,0,2	0,0,0,0,154,0,2,4,0,2,685,0,0,0,3366,166	0,0,0,0,0,0,0,0,0,0,3,0,0,0,8,2	248	149	1	1.0	NA,1.0,1.0,NA,0.0	NA,NA,NA,NA,1.0,NA,1.0,1.0,NA,1.0,0.993,NA,NA,NA,0.996,0.98	-0.329
5428	0,18,2,0,2	0,0,0,0,0	0,0,0,0,116,0,0,0,0,0,573,0,0,0,1904,75	0,0,0,0,0,0,0,0,0,0,0,0,0,0,12,0	178	149	1	1.0	NA,1.0,1.0,NA,1.0	NA,NA,NA,NA,1.0,NA,NA,NA,NA,NA,1.0,NA,NA,NA,0.993,1.0	0.002
5429	0,4,0,0,0	0,0,0,0,0	0,0,0,0,16,0,0,0,0,0,125,0,0,0,224,0	0,0,0,0,7,0,0,0,0,0,5,0,0,0,4,3	178	149	1	1.0	NA,1.0,NA,NA,NA	NA,NA,NA,NA,0.657,NA,NA,NA,NA,NA,0.954,NA,NA,NA,0.979,0.0	0.353
5430	0,2,0,0,0	0,0,0,0,0	0,0,0,0,21,0,0,0,0,0,14,0,0,0,11,0	0,0,0,0,0,0,0,0,0,0,19,0,0,0,16,0	201	149	1	1.0	NA,1.0,NA,NA,NA	NA,NA,NA,NA,1.0,NA,NA,NA,NA,NA,0.353,NA,NA,NA,0.338,NA	0.436
5431	0,19,0,0,0	0,0,0,0,0	0,0,0,0,43,0,0,0,0,0,28,0,0,0,15,3	0,0,0,0,0,0,0,0,0,0,19,0,0,0,16,0	228	149	1	1.0	NA,1.0,NA,NA,NA	NA,NA,NA,NA,1.0,NA,NA,NA,NA,NA,0.491,NA,NA,NA,0.38,1.0	0.282
5433	0,45,0,0,0	0,5,0,0,0	0,0,0,0,17,0,0,0,0,0,13,0,0,0,31,5	0,0,0,0,11,0,0,0,0,0,28,0,0,0,0,0	210	149	1	1.0	NA,0.865,NA,NA,NA	NA,NA,NA,NA,0.523,NA,NA,NA,NA,NA,0.248,NA,NA,NA,1.0,1.0	0.172
5435	0,61,0,0,0	0,4,0,0,0	0,0,0,0,118,2,0,0,2,0,152,0,0,0,203,15	0,0,0,0,0,0,0,0,0,0,15,0,0,0,4,0	189	149	1	1.0	NA,0.923,NA,NA,NA	NA,NA,NA,NA,1.0,1.0,NA,NA,1.0,NA,0.889,NA,NA,NA,0.976,1.0	-0.054
5438	0,0,0,0,0	0,65,0,0,0	0,0,0,0,0,0,0,0,0,0,8,0,0,0,5,9	0,0,0,0,32,0,0,2,0,0,82,0,0,0,113,20	164	149	1	1.0	NA,0.0,NA,NA,NA	NA,NA,NA,NA,0.0,NA,NA,0.0,NA,NA,0.081,NA,NA,NA,0.039,0.29	-0.082
5441	0,43,0,0,0	0,13,0,0,0	0,0,0,0,143,0,0,0,0,0,119,0,0,0,30,56	0,0,0,0,0,2,0,0,0,0,14,0,0,0,18,5	204	149	1	1.0	NA,0.707,NA,NA,NA	NA,NA,NA,NA,1.0,0.0,NA,NA,NA,NA,0.861,NA,NA,NA,0.549,0.891	0.047
5442	0,22,0,0,0	0,0,0,0,0	0,0,0,0,52,0,0,0,0,0,26,0,0,0,0,8	0,0,0,0,0,0,0,0,0,0,4,0,0,0,0,0	204	149	1	1.0	NA,1.0,NA,NA,NA	NA,NA,NA,NA,1.0,NA,NA,NA,NA,NA,0.826,NA,NA,NA,NA,1.0	0.058
5447	0,103,0,0,0	0,21,0,0,0	0,0,0,0,349,0,0,2,0,0,94,0,0,0,87,2	0,0,0,0,115,0,0,0,0,0,32,0,0,0,19,0	266	149	1	1.0	NA,0.733,NA,NA,NA	NA,NA,NA,NA,0.63,NA,NA,1.0,NA,NA,0.622,NA,NA,NA,0.719,1.0	-0.061
5448	0,54,0,0,0	0,21,0,0,0	0,0,0,0,158,0,0,1,0,0,42,0,0,0,26,0	0,0,0,0,115,0,0,0,0,0,32,0,0,0,19,0	298	149	1	1.0	NA,0.562,NA,NA,NA	NA,NA,NA,NA,0.407,NA,NA,1.0,NA,NA,0.396,NA,NA,NA,0.406,NA	0.01
5449	0,56,0,0,0	0,103,0,0,0	0,0,0,0,145,0,0,1,0,0,48,0,0,0,27,0	0,0,0,0,333,0,0,2,0,0,92,0,0,0,87,2	216	149	1	1.0	NA,0.273,NA,NA,NA	NA,NA,NA,NA,0.231,NA,NA,0.256,NA,NA,0.265,NA,NA,NA,0.176,0.0	0.087
5450	0,0,0,0,0	0,3,0,0,0	0,0,0,0,147,0,0,0,0,0,7,0,0,0,0,0	0,0,0,0,140,0,0,0,0,0,3,0,0,0,0,0	155	149	1	1.0	NA,0.0,NA,NA,NA	NA,NA,NA,NA,0.502,NA,NA,NA,NA,NA,0.692,NA,NA,NA,NA,NA	-0.597
5451	0,0,0,0,0	0,2,0,0,0	0,0,0,0,5,0,0,0,0,0,3,0,0,0,7,0	0,0,0,0,28,0,0,0,0,0,44,0,0,0,57,4	151	149	1	1.0	NA,0.0,NA,NA,NA	NA,NA,NA,NA,0.15,NA,NA,NA,NA,NA,0.063,NA,NA,NA,0.108,0.0	-0.08
5452	0,0,0,0,0	0,96,0,0,0	0,0,0,0,17,0,0,0,0,0,5,0,0,0,17,0	0,0,0,0,268,0,0,0,0,0,280,0,0,0,395,43	187	149	1	1.0	NA,0.0,NA,NA,NA	NA,NA,NA,NA,0.048,NA,NA,NA,NA,NA,0.014,NA,NA,NA,0.033,0.0	-0.024
5456	0,966,0,0,2	0,0,0,0,0	0,0,0,0,176,6,0,2,0,0,1681,0,0,0,930,52	0,0,0,0,0,0,0,0,0,0,0,0,0,0,0,1	284	149	1	1.0	NA,1.0,NA,NA,1.0	NA,NA,NA,NA,1.0,1.0,NA,1.0,NA,NA,1.0,NA,NA,NA,1.0,0.965	0.006
5457	0,1576,0,0,4	0,0,0,0,0	0,0,0,0,212,2,0,2,0,0,1904,0,0,0,800,58	0,0,0,0,0,0,0,0,0,0,8,0,0,0,0,1	298	149	1	1.0	NA,1.0,NA,NA,1.0	NA,NA,NA,NA,1.0,1.0,NA,1.0,NA,NA,0.992,NA,NA,NA,1.0,0.967	0.007
5460	0,9117,3,0,4	0,47,0,0,0	0,0,0,0,34992,8,2,13,6,6,23525,0,0,0,10935,861	0,0,0,0,395,0,0,0,0,2,125,0,0,0,96,8	298	149	1	1.0	NA,0.99,1.0,NA,1.0	NA,NA,NA,NA,0.978,1.0,1.0,1.0,1.0,0.6,0.989,NA,NA,NA,0.983,0.982	0.049
5461	0,18367,3,0,57	0,153,0,0,0	0,0,0,0,73752,8,4,22,24,10,52289,0,0,0,22938,1624	0,0,0,0,429,0,0,2,0,0,407,0,0,0,135,2	257	149	1	1.0	NA,0.986,1.0,NA,1.0	NA,NA,NA,NA,0.99,1.0,1.0,0.864,1.0,1.0,0.987,NA,NA,NA,0.99,0.998	0.014
5462	0,31,0,0,0	0,0,0,0,0	0,0,0,0,106,0,0,0,0,0,74,0,0,0,41,13	0,0,0,0,0,0,0,0,0,0,11,0,0,0,0,0	229	149	1	1.0	NA,1.0,NA,NA,NA	NA,NA,NA,NA,1.0,NA,NA,NA,NA,NA,0.814,NA,NA,NA,1.0,1.0	0.046
5463	0,433,2,0,0	0,0,0,0,0	0,0,0,0,545,0,0,2,0,0,2957,0,0,0,1219,96	0,0,0,0,0,0,0,0,0,0,71,0,0,0,0,0	298	149	1	1.0	NA,1.0,1.0,NA,NA	NA,NA,NA,NA,1.0,NA,NA,1.0,NA,NA,0.954,NA,NA,NA,1.0,1.0	0.009
5467	0,64,6,0,0	0,0,0,0,0	0,0,0,0,35,2,0,2,0,0,81,0,0,0,449,0	0,0,0,0,0,0,0,0,0,0,2,0,0,0,5,0	177	149	1	1.0	NA,1.0,1.0,NA,NA	NA,NA,NA,NA,1.0,1.0,NA,1.0,NA,NA,0.972,NA,NA,NA,0.987,NA	0.008
5471	0,2159,0,0,4	0,0,0,0,0	0,0,0,0,2654,0,0,4,0,6,2449,0,0,0,312,92	0,0,0,0,0,0,0,0,0,0,0,0,0,0,0,1	278	149	1	1.0	NA,1.0,NA,NA,1.0	NA,NA,NA,NA,1.0,NA,NA,1.0,NA,1.0,1.0,NA,NA,NA,1.0,0.98	0.003
5472	0,12,0,0,0	0,0,0,0,0	0,0,0,0,42,0,0,0,0,0,48,0,0,0,0,6	0,0,0,0,0,0,0,0,0,0,5,0,0,0,0,0	298	149	1	1.0	NA,1.0,NA,NA,NA	NA,NA,NA,NA,1.0,NA,NA,NA,NA,NA,0.828,NA,NA,NA,NA,1.0	0.057
5476	0,20,0,0,0	0,5,0,0,0	0,0,0,0,39,0,0,0,0,0,121,0,0,0,57,27	0,0,0,0,0,0,0,0,0,0,4,0,0,0,0,0	151	149	1	1.0	NA,0.798,NA,NA,NA	NA,NA,NA,NA,1.0,NA,NA,NA,NA,NA,0.968,NA,NA,NA,1.0,1.0	-0.194
5477	0,9,0,0,0	0,6,0,0,0	0,0,0,0,54,0,0,0,0,0,26,0,0,0,31,10	0,0,0,0,36,0,0,0,0,0,87,0,0,0,88,4	298	149	1	1.0	NA,0.429,NA,NA,NA	NA,NA,NA,NA,0.429,NA,NA,NA,NA,NA,0.13,NA,NA,NA,0.15,0.556	0.113
5481	0,1,0,0,0	0,173,0,0,0	0,0,0,0,0,0,0,0,0,0,0,0,0,0,6,0	0,0,0,0,425,0,0,0,0,2,758,0,0,0,252,37	168	149	1	1.0	NA,0.005,NA,NA,NA	NA,NA,NA,NA,0.0,NA,NA,NA,NA,0.0,0.0,NA,NA,NA,0.021,0.0	0.001
5482	0,21,0,0,0	0,239,0,0,0	0,0,0,0,3,0,0,0,0,0,3,0,0,0,14,7	0,0,0,0,726,0,0,0,0,0,925,0,0,0,423,27	192	149	1	1.0	NA,0.064,NA,NA,NA	NA,NA,NA,NA,0.003,NA,NA,NA,NA,NA,0.003,NA,NA,NA,0.025,0.167	0.014
5483	0,6,0,0,0	0,239,0,0,0	0,0,0,0,3,0,0,0,0,0,1,0,0,0,13,0	0,0,0,0,726,0,0,0,0,0,925,0,0,0,423,27	195	149	1	1.0	NA,0.019,NA,NA,NA	NA,NA,NA,NA,0.003,NA,NA,NA,NA,NA,0.001,NA,NA,NA,0.023,0.0	0.012
5484	0,1,0,0,0	0,16,0,0,0	0,0,0,0,0,0,0,0,0,0,0,0,0,0,0,0	0,0,0,0,0,0,0,0,0,0,2,0,0,0,1,7	152	149	1	1.0	NA,0.058,NA,NA,NA	NA,NA,NA,NA,NA,NA,NA,NA,NA,NA,0.0,NA,NA,NA,0.0,0.0	0.058
5485	0,3,0,0,0	0,198,0,0,0	0,0,0,0,7,0,0,0,0,0,4,0,0,0,6,0	0,0,0,0,491,0,0,0,0,0,679,0,0,0,404,20	153	149	1	1.0	NA,0.015,NA,NA,NA	NA,NA,NA,NA,0.014,NA,NA,NA,NA,NA,0.006,NA,NA,NA,0.014,0.0	0.006
5486	0,346,0,0,0	0,0,0,0,0	0,0,0,0,262,0,0,2,0,0,1023,0,0,0,62,48	0,0,0,0,0,0,0,0,0,0,34,0,0,0,0,0	164	149	1	1.0	NA,1.0,NA,NA,NA	NA,NA,NA,NA,1.0,NA,NA,1.0,NA,NA,0.965,NA,NA,NA,1.0,1.0	0.007
5488	0,40,0,0,0	0,0,0,0,0	0,0,0,0,163,0,0,0,0,0,45,0,0,0,4,13	0,0,0,0,0,0,0,0,0,0,0,0,0,0,0,5	243	149	1	1.0	NA,1.0,NA,NA,NA	NA,NA,NA,NA,1.0,NA,NA,NA,NA,NA,1.0,NA,NA,NA,1.0,0.615	0.096
5490	0,0,0,0,0	0,3,0,0,0	0,0,0,0,0,0,0,0,0,0,0,0,0,0,0,3	0,0,0,0,0,0,0,0,0,0,0,0,0,0,0,3	196	149	1	1.0	NA,0.0,NA,NA,NA	NA,NA,NA,NA,NA,NA,NA,NA,NA,NA,NA,NA,NA,NA,NA,0.432	-0.432
5491	0,1,0,0,0	0,3,0,0,0	0,0,0,0,14,0,0,0,0,0,3,0,0,0,8,6	0,0,0,0,0,0,0,0,0,0,0,0,0,0,0,3	298	149	1	1.0	NA,0.143,NA,NA,NA	NA,NA,NA,NA,1.0,NA,NA,NA,NA,NA,1.0,NA,NA,NA,1.0,0.5	-0.732
5494	0,18,0,0,0	0,1341,0,0,0	0,0,0,0,16,0,0,0,0,0,35,0,0,0,1,0	0,0,0,0,1458,0,0,0,0,4,2606,0,0,0,172,23	159	149	1	1.0	NA,0.012,NA,NA,NA	NA,NA,NA,NA,0.01,NA,NA,NA,NA,0.0,0.012,NA,NA,NA,0.005,0.0	0.007
5496	0,92,0,0,0	0,6,0,0,0	0,0,0,0,17,0,0,0,0,0,0,0,0,0,0,0	0,0,0,0,6,0,0,0,0,0,0,0,0,0,0,0	262	149	1	1.0	NA,0.897,NA,NA,NA	NA,NA,NA,NA,0.617,NA,NA,NA,NA,NA,NA,NA,NA,NA,NA,NA	0.28
5497	0,147,0,0,0	0,6,0,0,0	0,0,0,0,25,0,0,0,0,0,2,0,0,0,0,0	0,0,0,0,6,0,0,0,0,0,0,0,0,0,0,0	240	149	1	1.0	NA,0.938,NA,NA,NA	NA,NA,NA,NA,0.721,NA,NA,NA,NA,NA,1.0,NA,NA,NA,NA,NA	0.077
5501	0,6,0,0,0	0,3,0,0,0	0,0,0,0,0,0,0,0,0,0,3,0,0,0,1,0	0,0,0,0,0,0,0,0,0,0,0,0,0,0,0,0	159	149	1	1.0	NA,0.652,NA,NA,NA	NA,NA,NA,NA,NA,NA,NA,NA,NA,NA,1.0,NA,NA,NA,1.0,NA	-0.348
5502	0,29,0,0,0	0,0,0,0,0	0,0,0,0,125,0,0,0,0,0,133,0,0,0,75,3	0,0,0,0,0,0,0,0,0,0,7,0,0,0,0,0	155	149	1	1.0	NA,1.0,NA,NA,NA	NA,NA,NA,NA,1.0,NA,NA,NA,NA,NA,0.948,NA,NA,NA,1.0,1.0	0.013
5503	0,29,0,0,0	0,23,0,0,0	0,0,0,0,125,0,0,0,0,0,133,0,0,0,76,3	0,0,0,0,22,0,0,0,0,0,34,0,0,0,8,0	159	149	1	1.0	NA,0.542,NA,NA,NA	NA,NA,NA,NA,0.842,NA,NA,NA,NA,NA,0.786,NA,NA,NA,0.899,1.0	-0.34
5504	0,0,0,0,0	0,23,0,0,0	0,0,0,0,0,0,0,0,0,0,7,0,0,0,1,0	0,0,0,0,22,0,0,0,0,0,34,0,0,0,8,0	153	149	1	1.0	NA,0.0,NA,NA,NA	NA,NA,NA,NA,0.0,NA,NA,NA,NA,NA,0.167,NA,NA,NA,0.109,NA	-0.092
5505	0,20,0,0,0	0,30,0,0,0	0,0,0,0,8,0,0,0,0,0,14,0,0,0,0,5	0,0,0,0,147,0,0,0,0,0,116,0,0,0,35,20	172	149	1	1.0	NA,0.366,NA,NA,NA	NA,NA,NA,NA,0.045,NA,NA,NA,NA,NA,0.095,NA,NA,NA,0.0,0.178	0.286
5506	0,2,0,0,0	0,29,0,0,0	0,0,0,0,8,0,0,0,0,0,34,0,0,0,16,10	0,0,0,0,118,0,2,0,0,0,287,0,0,0,229,45	179	149	1	1.0	NA,0.054,NA,NA,NA	NA,NA,NA,NA,0.053,NA,0.0,NA,NA,NA,0.09,NA,NA,NA,0.055,0.156	-0.017
5508	0,6,0,0,0	0,328,2,0,0	0,0,0,0,49,0,2,0,0,0,19,0,0,0,31,2	0,0,0,0,514,0,0,1,0,0,675,0,0,0,363,63	298	149	1	1.0	NA,0.009,0.0,NA,NA	NA,NA,NA,NA,0.045,NA,1.0,0.0,NA,NA,0.014,NA,NA,NA,0.041,0.016	-0.181
5510	0,226,0,0,0	0,0,0,0,0	0,0,0,0,386,0,2,4,0,2,762,0,0,0,379,137	0,0,0,0,0,0,0,0,0,0,8,0,0,0,0,0	298	149	1	1.0	NA,1.0,NA,NA,NA	NA,NA,NA,NA,1.0,NA,1.0,1.0,NA,1.0,0.979,NA,NA,NA,1.0,1.0	0.003
5511	0,0,0,0,0	0,328,2,0,0	0,0,0,0,17,0,0,0,0,0,2,0,0,0,9,0	0,0,0,0,514,0,0,1,0,0,675,0,0,0,363,63	193	149	1	1.0	NA,0.0,0.0,NA,NA	NA,NA,NA,NA,0.025,NA,NA,0.0,NA,NA,0.002,NA,NA,NA,0.019,0.0	-0.009
5513	0,226,0,0,0	0,0,0,0,0	0,0,0,0,386,0,2,4,0,2,762,0,0,0,379,137	0,0,0,0,0,0,0,0,0,0,8,0,0,0,0,0	295	149	1	1.0	NA,1.0,NA,NA,NA	NA,NA,NA,NA,1.0,NA,1.0,1.0,NA,1.0,0.98,NA,NA,NA,1.0,1.0	0.003
5515	0,554,2,0,0	0,0,0,0,0	0,0,0,0,883,0,2,5,0,2,1435,0,0,0,733,200	0,0,0,0,0,0,0,0,0,0,8,0,0,0,0,0	251	149	1	1.0	NA,1.0,1.0,NA,NA	NA,NA,NA,NA,1.0,NA,1.0,1.0,NA,1.0,0.991,NA,NA,NA,1.0,1.0	0.001
5516	0,177,0,0,0	0,0,0,0,0	0,0,0,0,318,0,2,0,0,0,573,0,0,0,270,60	0,0,0,0,0,0,0,0,0,0,8,0,0,0,0,0	221	149	1	1.0	NA,1.0,NA,NA,NA	NA,NA,NA,NA,1.0,NA,1.0,NA,NA,NA,0.98,NA,NA,NA,1.0,1.0	0.004
5517	0,305,0,0,0	0,0,0,0,0	0,0,0,0,616,0,2,4,0,2,995,0,0,0,524,279	0,0,0,0,0,0,0,0,0,0,7,0,0,0,0,9	151	149	1	1.0	NA,1.0,NA,NA,NA	NA,NA,NA,NA,1.0,NA,1.0,1.0,NA,1.0,0.993,NA,NA,NA,1.0,0.968	0.006
5519	0,0,0,0,0	0,224,0,0,0	0,0,0,0,0,0,0,0,0,0,5,0,0,0,5,0	0,0,0,0,514,0,2,0,0,0,833,0,0,0,451,222	259	149	1	1.0	NA,0.0,NA,NA,NA	NA,NA,NA,NA,0.0,NA,0.0,NA,NA,NA,0.003,NA,NA,NA,0.006,0.0	-0.002
5521	0,0,0,0,0	0,3,0,0,0	0,0,0,0,0,0,2,0,0,0,2,0,0,0,20,0	0,0,0,0,19,0,0,0,0,0,3,0,0,0,36,9	219	149	1	1.0	NA,0.0,NA,NA,NA	NA,NA,NA,NA,0.0,NA,1.0,NA,NA,NA,0.312,NA,NA,NA,0.274,0.0	-0.317
5523	0,32,0,0,0	0,0,0,0,0	0,0,0,0,103,0,2,0,0,0,98,0,0,0,58,0	0,0,0,0,0,0,0,0,0,0,0,0,0,0,0,1	298	149	1	1.0	NA,1.0,NA,NA,NA	NA,NA,NA,NA,1.0,NA,1.0,NA,NA,NA,1.0,NA,NA,NA,1.0,0.0	0.2
5529	0,2,0,0,0	0,408,0,0,2	0,0,0,0,100,0,0,0,0,0,2,0,0,0,15,2	0,0,0,0,3545,0,0,0,2,0,1000,0,0,0,381,287	207	149	1	1.0	NA,0.004,NA,NA,0.0	NA,NA,NA,NA,0.02,NA,NA,NA,0.0,NA,0.001,NA,NA,NA,0.028,0.005	-0.009
5530	0,452,2,0,4	0,0,0,0,0	0,0,0,0,4043,0,0,0,2,0,1163,0,0,0,726,215	0,0,0,0,0,0,0,0,0,0,1,0,0,0,0,0	298	149	1	1.0	NA,1.0,1.0,NA,1.0	NA,NA,NA,NA,1.0,NA,NA,NA,1.0,NA,0.998,NA,NA,NA,1.0,1.0	0.0
5531	0,34,0,0,0	0,433,2,0,4	0,0,0,0,100,0,0,0,0,0,7,0,0,0,45,2	0,0,0,0,3800,0,0,0,2,0,1139,0,0,0,682,211	234	149	1	1.0	NA,0.048,0.0,NA,0.0	NA,NA,NA,NA,0.016,NA,NA,NA,0.0,NA,0.004,NA,NA,NA,0.04,0.006	0.003
5532	0,0,0,0,0	0,62,0,0,2	0,0,0,0,22,0,0,0,0,0,1,0,0,0,8,3	0,0,0,0,296,0,0,2,0,0,445,0,0,0,761,81	267	149	1	1.0	NA,0.0,NA,NA,0.0	NA,NA,NA,NA,0.04,NA,NA,0.0,NA,NA,0.001,NA,NA,NA,0.006,0.02	-0.013
5536	0,2,0,0,0	0,81,0,0,0	0,0,0,0,7,0,0,0,0,0,17,0,0,0,27,4	0,0,0,0,171,0,0,0,2,0,320,0,0,0,220,29	164	149	1	1.0	NA,0.022,NA,NA,NA	NA,NA,NA,NA,0.036,NA,NA,NA,0.0,NA,0.046,NA,NA,NA,0.1,0.111	-0.037
5537	0,2,0,0,0	0,100,0,0,0	0,0,0,0,16,0,0,0,0,0,1,0,0,0,0,0	0,0,0,0,65,0,0,0,0,0,45,0,0,0,103,13	289	149	1	1.0	NA,0.01,NA,NA,NA	NA,NA,NA,NA,0.113,NA,NA,NA,NA,NA,0.011,NA,NA,NA,0.0,0.0	-0.021
5538	0,5,0,0,0	0,0,0,0,0	0,0,0,0,22,0,0,0,0,0,4,0,0,0,0,1	0,0,0,0,4,0,0,0,0,0,0,0,0,0,0,0	155	149	1	1.0	NA,1.0,NA,NA,NA	NA,NA,NA,NA,0.841,NA,NA,NA,NA,NA,1.0,NA,NA,NA,NA,1.0	0.053
5539	0,22,0,0,0	0,16,0,0,0	0,0,0,0,246,0,0,0,0,0,24,0,0,0,12,6	0,0,0,0,43,0,0,0,0,0,1,0,0,0,22,2	155	149	1	1.0	NA,0.569,NA,NA,NA	NA,NA,NA,NA,0.846,NA,NA,NA,NA,NA,0.958,NA,NA,NA,0.344,0.743	-0.154
5541	0,6,0,0,0	0,19,0,0,0	0,0,0,0,0,0,0,0,0,0,12,0,0,0,1,2	0,0,0,0,101,0,0,0,2,0,50,0,0,0,0,0	203	149	1	1.0	NA,0.188,NA,NA,NA	NA,NA,NA,NA,0.0,NA,NA,NA,0.0,NA,0.15,NA,NA,NA,1.0,1.0	-0.242
5542	0,4,0,0,0	0,0,0,0,0	0,0,0,0,0,0,0,0,0,0,0,0,0,0,0,0	0,0,0,0,0,0,0,0,0,0,2,0,0,0,0,0	172	149	1	1.0	NA,1.0,NA,NA,NA	NA,NA,NA,NA,NA,NA,NA,NA,NA,NA,0.0,NA,NA,NA,NA,NA	1.0
5546	0,0,0,0,0	0,5,0,0,0	0,0,0,0,14,0,0,0,0,0,30,0,0,0,0,9	0,0,0,0,0,0,0,0,0,0,0,0,0,0,0,0	298	149	1	1.0	NA,0.0,NA,NA,NA	NA,NA,NA,NA,1.0,NA,NA,NA,NA,NA,1.0,NA,NA,NA,NA,1.0	-1.0
5547	0,0,0,0,0	0,6,0,0,0	0,0,0,0,0,0,0,0,0,0,2,0,0,0,0,0	0,0,0,0,0,0,0,0,0,0,99,0,0,0,30,0	184	149	1	1.0	NA,0.0,NA,NA,NA	NA,NA,NA,NA,NA,NA,NA,NA,NA,NA,0.016,NA,NA,NA,0.0,NA	-0.008
5559	0,6,0,0,0	0,69,0,0,0	0,0,0,0,14,0,0,0,0,0,9,0,0,0,10,8	0,0,0,0,246,0,0,2,0,0,279,0,0,0,173,22	238	149	1	1.0	NA,0.052,NA,NA,NA	NA,NA,NA,NA,0.034,NA,NA,0.0,NA,NA,0.02,NA,NA,NA,0.035,0.185	-0.003
5561	0,50,0,0,0	0,14,0,0,0	0,0,0,0,81,0,0,0,0,0,101,0,0,0,0,3	0,0,0,0,53,0,0,0,0,0,22,0,0,0,0,0	155	149	1	1.0	NA,0.774,NA,NA,NA	NA,NA,NA,NA,0.595,NA,NA,NA,NA,NA,0.815,NA,NA,NA,NA,1.0	-0.029
5570	0,50,0,0,6	0,0,0,0,0	0,0,0,0,0,0,0,0,0,0,41,0,0,0,273,50	0,0,0,0,0,0,0,0,0,0,4,0,0,0,5,1	221	149	1	1.0	NA,1.0,NA,NA,1.0	NA,NA,NA,NA,NA,NA,NA,NA,NA,NA,0.874,NA,NA,NA,0.974,0.971	0.06
5571	0,20,0,0,0	0,0,0,0,0	0,0,0,0,54,0,0,2,2,0,56,0,0,0,95,22	0,0,0,0,4,0,0,0,0,0,0,0,0,0,0,0	298	149	1	1.0	NA,1.0,NA,NA,NA	NA,NA,NA,NA,0.871,NA,NA,1.0,1.0,NA,1.0,NA,NA,NA,1.0,1.0	0.021
5575	0,32,0,0,0	0,0,0,0,0	0,0,0,0,149,0,0,0,0,0,281,0,0,0,128,11	0,0,0,0,0,0,0,0,0,0,40,0,0,0,13,0	298	149	1	1.0	NA,1.0,NA,NA,NA	NA,NA,NA,NA,1.0,NA,NA,NA,NA,NA,0.778,NA,NA,NA,0.831,1.0	0.098
5576	0,68,0,0,0	0,8,0,0,0	0,0,0,0,476,0,0,0,0,0,317,0,0,0,191,15	0,0,0,0,92,0,0,0,0,0,49,0,0,0,69,1	239	149	1	1.0	NA,0.841,NA,NA,NA	NA,NA,NA,NA,0.763,NA,NA,NA,NA,NA,0.801,NA,NA,NA,0.633,0.903	0.066
5577	0,0,0,0,0	0,28,0,0,0	0,0,0,0,14,0,0,0,0,0,4,0,0,0,14,0	0,0,0,0,79,0,0,0,0,0,163,0,0,0,387,6	236	149	1	1.0	NA,0.0,NA,NA,NA	NA,NA,NA,NA,0.101,NA,NA,NA,NA,NA,0.015,NA,NA,NA,0.022,0.0	-0.035
5579	0,246,0,0,2	0,0,0,0,0	0,0,0,0,577,0,0,0,0,0,385,0,0,0,255,70	0,0,0,0,0,0,0,0,0,0,4,0,0,0,0,0	233	149	1	1.0	NA,1.0,NA,NA,1.0	NA,NA,NA,NA,1.0,NA,NA,NA,NA,NA,0.984,NA,NA,NA,1.0,1.0	0.004
5582	0,179,0,0,0	0,75,0,0,0	0,0,0,0,442,0,0,0,2,0,330,0,0,0,264,48	0,0,0,0,225,0,0,0,0,0,177,0,0,0,61,18	180	149	1	1.0	NA,0.664,NA,NA,NA	NA,NA,NA,NA,0.619,NA,NA,NA,1.0,NA,0.607,NA,NA,NA,0.782,0.688	-0.075
5583	0,5,0,0,0	0,297,0,0,0	0,0,0,0,10,0,0,0,0,0,5,0,0,0,1,4	0,0,0,0,902,0,0,0,0,0,571,0,0,0,689,138	164	149	1	1.0	NA,0.015,NA,NA,NA	NA,NA,NA,NA,0.01,NA,NA,NA,NA,NA,0.008,NA,NA,NA,0.001,0.026	0.004
5584	0,37,0,0,0	0,0,0,0,0	0,0,0,0,308,0,0,0,0,0,123,0,0,0,5,0	0,0,0,0,21,0,0,0,0,0,0,0,0,0,0,0	154	149	1	1.0	NA,1.0,NA,NA,NA	NA,NA,NA,NA,0.934,NA,NA,NA,NA,NA,1.0,NA,NA,NA,1.0,NA	0.022
5587	0,6,2,0,0	0,22,0,0,0	0,0,0,0,43,0,0,0,0,0,58,0,0,0,41,27	0,0,0,0,122,0,2,0,2,0,107,0,0,0,99,31	287	149	1	1.0	NA,0.124,1.0,NA,NA	NA,NA,NA,NA,0.155,NA,0.0,NA,0.0,NA,0.22,NA,NA,NA,0.177,0.311	0.418
5588	0,3,0,0,0	0,485,0,0,0	0,0,0,0,26,0,0,0,0,0,6,0,0,0,18,2	0,0,0,0,511,0,0,0,0,0,716,0,0,0,717,51	230	149	1	1.0	NA,0.004,NA,NA,NA	NA,NA,NA,NA,0.032,NA,NA,NA,NA,NA,0.005,NA,NA,NA,0.016,0.025	-0.015
5589	0,4,0,0,0	0,413,0,0,0	0,0,0,0,14,0,0,0,0,0,0,0,0,0,17,0	0,0,0,0,442,0,0,0,0,0,733,0,0,0,597,39	195	149	1	1.0	NA,0.007,NA,NA,NA	NA,NA,NA,NA,0.024,NA,NA,NA,NA,NA,0.0,NA,NA,NA,0.021,0.0	-0.004
5590	0,27,0,0,0	0,194,2,0,0	0,0,0,0,75,0,0,0,0,0,28,0,0,0,39,5	0,0,0,0,440,2,0,4,0,0,680,0,0,0,382,108	162	149	1	1.0	NA,0.113,0.0,NA,NA	NA,NA,NA,NA,0.136,0.0,NA,0.0,NA,NA,0.036,NA,NA,NA,0.086,0.041	0.007
5591	0,11,0,0,0	0,0,0,0,0	0,0,0,0,18,0,0,0,0,0,9,0,0,0,5,0	0,0,0,0,0,0,0,0,0,0,3,0,0,0,0,0	279	149	1	1.0	NA,1.0,NA,NA,NA	NA,NA,NA,NA,1.0,NA,NA,NA,NA,NA,0.616,NA,NA,NA,1.0,NA	0.128
5592	0,10,0,0,0	0,0,0,0,0	0,0,0,0,18,0,0,0,0,0,9,0,0,0,5,0	0,0,0,0,11,0,0,0,0,0,4,0,0,0,0,0	279	149	1	1.0	NA,1.0,NA,NA,NA	NA,NA,NA,NA,0.466,NA,NA,NA,NA,NA,0.546,NA,NA,NA,1.0,NA	0.329
5595	0,13,0,0,0	0,0,0,0,0	0,0,0,0,132,2,2,0,0,0,227,0,0,0,248,8	0,0,0,0,0,0,0,0,0,0,2,0,0,0,0,1	298	149	1	1.0	NA,1.0,NA,NA,NA	NA,NA,NA,NA,1.0,1.0,1.0,NA,NA,NA,0.983,NA,NA,NA,1.0,0.8	0.036
5600	0,40,0,0,0	0,0,0,0,0	0,0,0,0,492,0,0,0,0,0,318,0,0,0,41,2	0,0,0,0,47,0,0,0,0,0,22,0,0,0,6,0	168	149	1	1.0	NA,1.0,NA,NA,NA	NA,NA,NA,NA,0.903,NA,NA,NA,NA,NA,0.928,NA,NA,NA,0.858,1.0	0.078
5601	0,2,0,0,0	0,0,0,0,0	0,0,0,0,28,0,0,0,0,0,36,0,0,0,9,0	0,0,0,0,47,0,0,0,0,0,22,0,0,0,6,0	192	149	1	1.0	NA,1.0,NA,NA,NA	NA,NA,NA,NA,0.316,NA,NA,NA,NA,NA,0.559,NA,NA,NA,0.538,NA	0.529
5602	0,0,0,0,0	0,38,0,0,0	0,0,0,0,14,0,0,0,0,0,0,0,0,0,6,0	0,0,0,0,478,0,0,0,0,0,282,0,0,0,38,2	173	149	1	1.0	NA,0.0,NA,NA,NA	NA,NA,NA,NA,0.025,NA,NA,NA,NA,NA,0.0,NA,NA,NA,0.12,0.0	-0.036
5603	0,0,0,0,0	0,6,0,0,0	0,0,0,0,0,0,0,0,0,0,0,0,0,0,10,0	0,0,0,0,48,0,0,2,0,0,0,0,0,0,67,0	155	149	1	1.0	NA,0.0,NA,NA,NA	NA,NA,NA,NA,0.0,NA,NA,0.0,NA,NA,NA,NA,NA,NA,0.125,NA	-0.042
5605	0,24,0,0,0	0,0,0,0,0	0,0,0,0,30,0,0,0,0,0,9,0,0,0,0,0	0,0,0,0,0,0,0,0,0,0,3,0,0,0,0,0	298	149	1	1.0	NA,1.0,NA,NA,NA	NA,NA,NA,NA,1.0,NA,NA,NA,NA,NA,0.6,NA,NA,NA,NA,NA	0.2
5606	0,41,0,0,0	0,0,0,0,0	0,0,0,0,189,0,0,0,0,0,212,0,0,0,79,8	0,0,0,0,0,0,0,0,0,0,4,0,0,0,8,0	190	149	1	1.0	NA,1.0,NA,NA,NA	NA,NA,NA,NA,1.0,NA,NA,NA,NA,NA,0.977,NA,NA,NA,0.886,1.0	0.034
5607	0,38,0,0,0	0,0,0,0,0	0,0,0,0,93,0,0,0,0,0,179,0,0,0,8,13	0,0,0,0,0,0,0,0,0,0,8,0,0,0,0,0	164	149	1	1.0	NA,1.0,NA,NA,NA	NA,NA,NA,NA,1.0,NA,NA,NA,NA,NA,0.953,NA,NA,NA,1.0,1.0	0.012
5608	0,32,0,0,0	0,6,0,0,0	0,0,0,0,46,0,0,0,0,0,20,0,0,0,0,0	0,0,0,0,0,0,0,0,0,0,3,0,0,0,0,0	164	149	1	1.0	NA,0.829,NA,NA,NA	NA,NA,NA,NA,1.0,NA,NA,NA,NA,NA,0.858,NA,NA,NA,NA,NA	-0.1
5610	0,31,0,0,0	0,9,0,0,0	0,0,0,0,300,0,0,0,0,0,16,0,0,0,1,1	0,0,0,0,0,0,0,0,0,0,3,0,0,0,0,0	283	149	1	1.0	NA,0.645,NA,NA,NA	NA,NA,NA,NA,1.0,NA,NA,NA,NA,NA,0.737,NA,NA,NA,1.0,1.0	-0.289
5611	0,27,0,0,0	0,223,0,0,0	0,0,0,0,14,0,0,0,0,0,44,0,0,0,0,3	0,0,0,0,104,0,0,0,0,0,183,0,0,0,12,2	298	149	1	1.0	NA,0.057,NA,NA,NA	NA,NA,NA,NA,0.063,NA,NA,NA,NA,NA,0.107,NA,NA,NA,0.0,0.429	-0.093
5614	0,208,0,0,0	0,8,0,0,0	0,0,0,0,1439,0,2,2,0,2,863,0,0,0,650,53	0,0,0,0,0,0,0,0,0,0,9,0,0,0,5,0	222	149	1	1.0	NA,0.946,NA,NA,NA	NA,NA,NA,NA,1.0,NA,1.0,1.0,NA,1.0,0.985,NA,NA,NA,0.989,1.0	-0.05
5615	0,38,0,0,0	0,6,0,0,0	0,0,0,0,127,0,0,0,0,0,178,0,0,0,40,2	0,0,0,0,0,0,0,0,0,0,9,0,0,0,0,0	298	149	1	1.0	NA,0.76,NA,NA,NA	NA,NA,NA,NA,1.0,NA,NA,NA,NA,NA,0.908,NA,NA,NA,1.0,1.0	-0.217
5616	0,3,0,0,0	0,0,0,0,0	0,0,0,0,0,0,0,0,0,0,8,0,0,0,1,0	0,0,0,0,0,0,0,0,0,0,0,0,0,0,3,0	188	149	1	1.0	NA,1.0,NA,NA,NA	NA,NA,NA,NA,NA,NA,NA,NA,NA,NA,1.0,NA,NA,NA,0.209,NA	0.395
5621	0,0,0,0,0	0,7,0,0,0	0,0,0,0,0,0,0,0,0,0,1,0,0,0,0,0	0,0,0,0,49,0,0,0,0,0,185,0,0,0,12,12	177	149	1	1.0	NA,0.0,NA,NA,NA	NA,NA,NA,NA,0.0,NA,NA,NA,NA,NA,0.005,NA,NA,NA,0.0,0.0	-0.001
5623	0,28,0,0,0	0,0,0,0,0	0,0,0,0,267,0,0,2,0,0,224,0,0,0,539,118	0,0,0,0,0,0,0,0,0,0,3,0,0,0,0,2	298	149	1	1.0	NA,1.0,NA,NA,NA	NA,NA,NA,NA,1.0,NA,NA,1.0,NA,NA,0.974,NA,NA,NA,1.0,0.967	0.012
5625	0,106,0,0,0	0,3,0,0,0	0,0,0,0,574,0,0,0,0,0,491,0,0,0,159,251	0,0,0,0,9,0,0,0,0,0,8,0,0,0,4,5	298	149	1	1.0	NA,0.946,NA,NA,NA	NA,NA,NA,NA,0.97,NA,NA,NA,NA,NA,0.968,NA,NA,NA,0.952,0.962	-0.017
5626	0,80,0,0,0	0,0,0,0,0	0,0,0,0,371,0,0,0,0,0,466,0,0,0,177,103	0,0,0,0,0,0,0,0,0,0,0,0,0,0,5,0	298	149	1	1.0	NA,1.0,NA,NA,NA	NA,NA,NA,NA,1.0,NA,NA,NA,NA,NA,1.0,NA,NA,NA,0.947,1.0	0.013
5627	0,23,0,0,0	0,0,0,0,0	0,0,0,0,76,0,0,0,0,0,189,0,0,0,107,18	0,0,0,0,0,0,0,0,0,0,0,0,0,0,5,0	298	149	1	1.0	NA,1.0,NA,NA,NA	NA,NA,NA,NA,1.0,NA,NA,NA,NA,NA,1.0,NA,NA,NA,0.915,1.0	0.021
5628	0,32,0,0,0	0,0,0,0,0	0,0,0,0,109,2,0,0,0,0,137,0,0,0,250,17	0,0,0,0,0,0,0,0,0,0,7,0,0,0,0,0	298	149	1	1.0	NA,1.0,NA,NA,NA	NA,NA,NA,NA,1.0,1.0,NA,NA,NA,NA,0.907,NA,NA,NA,1.0,1.0	0.019
5634	0,0,0,0,0	0,14,0,0,0	0,0,0,0,11,0,0,0,0,0,0,0,0,0,3,0	0,0,0,0,155,0,0,0,0,0,95,0,0,0,28,58	175	149	1	1.0	NA,0.0,NA,NA,NA	NA,NA,NA,NA,0.057,NA,NA,NA,NA,NA,0.0,NA,NA,NA,0.084,0.0	-0.035
5635	0,4,0,0,0	0,10,0,0,0	0,0,0,0,19,0,0,0,0,0,42,0,0,0,5,9	0,0,0,0,34,0,0,0,0,0,58,0,0,0,5,10	161	149	1	1.0	NA,0.27,NA,NA,NA	NA,NA,NA,NA,0.341,NA,NA,NA,NA,NA,0.401,NA,NA,NA,0.481,0.454	-0.149
5636	0,2,0,0,0	0,0,0,0,0	0,0,0,0,63,0,0,0,0,0,64,0,0,0,15,10	0,0,0,0,19,0,0,0,0,0,31,0,0,0,1,1	197	149	1	1.0	NA,1.0,NA,NA,NA	NA,NA,NA,NA,0.715,NA,NA,NA,NA,NA,0.61,NA,NA,NA,0.919,0.883	0.218
5637	0,5,0,0,0	0,215,0,0,0	0,0,0,0,0,0,0,0,0,0,7,0,0,0,0,0	0,0,0,0,224,0,0,0,0,0,187,0,0,0,47,5	185	149	1	1.0	NA,0.018,NA,NA,NA	NA,NA,NA,NA,0.0,NA,NA,NA,NA,NA,0.029,NA,NA,NA,0.0,0.0	0.011
5638	0,954,4,0,0	0,10867,2,0,2	0,0,0,0,1138,0,0,2,0,0,771,0,0,0,868,157	0,0,0,0,21581,4,0,10,0,2,17611,0,0,0,23884,1257	285	149	1	1.0	NA,0.044,0.511,NA,0.0	NA,NA,NA,NA,0.027,0.0,NA,0.095,NA,0.0,0.022,NA,NA,NA,0.019,0.061	0.153
5650	0,0,0,0,0	0,10,0,0,0	0,0,0,0,0,0,0,0,0,0,4,0,0,0,2,0	0,0,0,0,12,0,0,0,0,0,1,0,0,0,0,0	298	149	1	1.0	NA,0.0,NA,NA,NA	NA,NA,NA,NA,0.0,NA,NA,NA,NA,NA,0.667,NA,NA,NA,1.0,NA	-0.556
5655	0,4,0,0,0	0,145,2,0,0	0,0,0,0,14,0,0,0,0,0,6,0,0,0,1,0	0,0,0,0,134,0,0,0,0,0,210,0,0,0,42,4	239	149	1	1.0	NA,0.017,0.0,NA,NA	NA,NA,NA,NA,0.061,NA,NA,NA,NA,NA,0.018,NA,NA,NA,0.015,0.0	-0.015
5656	0,3,0,0,0	0,24,0,0,2	0,0,0,0,46,0,0,0,0,0,45,0,0,0,59,1	0,0,0,0,138,0,0,2,0,0,102,0,0,0,23,12	298	149	1	1.0	NA,0.059,NA,NA,0.0	NA,NA,NA,NA,0.143,NA,NA,0.0,NA,NA,0.181,NA,NA,NA,0.562,0.04	-0.156
5657	0,44,0,0,0	0,247,0,0,0	0,0,0,0,0,0,0,0,0,0,31,0,0,0,11,6	0,0,0,0,316,0,0,0,0,0,998,0,0,0,150,19	230	149	1	1.0	NA,0.103,NA,NA,NA	NA,NA,NA,NA,0.0,NA,NA,NA,NA,NA,0.02,NA,NA,NA,0.045,0.17	0.044
5658	0,8,0,0,0	0,67,0,0,0	0,0,0,0,21,0,0,0,0,0,94,0,0,0,9,22	0,0,0,0,176,0,2,2,0,0,359,0,0,0,83,16	298	149	1	1.0	NA,0.056,NA,NA,NA	NA,NA,NA,NA,0.056,NA,0.0,0.0,NA,NA,0.116,NA,NA,NA,0.051,0.407	-0.049
5659	0,0,0,0,0	0,67,0,0,0	0,0,0,0,0,0,0,0,0,0,3,0,0,0,0,0	0,0,0,0,176,0,2,2,0,0,359,0,0,0,83,16	178	149	1	1.0	NA,0.0,NA,NA,NA	NA,NA,NA,NA,0.0,NA,0.0,0.0,NA,NA,0.007,NA,NA,NA,0.0,0.0	-0.001
5664	0,0,0,0,0	0,6,0,0,0	0,0,0,0,0,2,0,0,0,0,1,0,0,0,0,2	0,0,0,0,28,4,0,0,0,0,9,0,0,0,9,6	156	149	1	1.0	NA,0.0,NA,NA,NA	NA,NA,NA,NA,0.0,0.323,NA,NA,NA,NA,0.096,NA,NA,NA,0.0,0.241	-0.132
5666	0,0,0,0,0	0,1,0,0,0	0,0,0,0,14,0,0,0,0,0,14,0,0,0,0,0	0,0,0,0,20,0,0,0,0,0,13,0,0,0,0,0	217	149	1	1.0	NA,0.0,NA,NA,NA	NA,NA,NA,NA,0.325,NA,NA,NA,NA,NA,0.425,NA,NA,NA,NA,NA	-0.375
5669	0,133,0,0,0	0,277,0,0,0	0,0,0,0,98,0,0,0,0,0,118,0,0,0,22,2	0,0,0,0,190,0,0,0,0,0,298,0,0,0,51,4	157	149	1	1.0	NA,0.313,NA,NA,NA	NA,NA,NA,NA,0.329,NA,NA,NA,NA,NA,0.273,NA,NA,NA,0.29,0.322	0.009
5670	0,328,4,0,0	0,0,0,0,0	0,0,0,0,194,0,0,0,0,0,318,0,0,0,69,4	0,0,0,0,0,0,0,0,0,0,4,0,0,0,0,0	298	149	1	1.0	NA,1.0,1.0,NA,NA	NA,NA,NA,NA,1.0,NA,NA,NA,NA,NA,0.975,NA,NA,NA,1.0,1.0	0.006
5672	0,0,0,0,0	0,129,0,0,0	0,0,0,0,0,0,0,0,0,0,1,0,0,0,0,2	0,0,0,0,582,0,0,0,0,0,130,0,0,0,10,0	231	149	1	1.0	NA,0.0,NA,NA,NA	NA,NA,NA,NA,0.0,NA,NA,NA,NA,NA,0.005,NA,NA,NA,0.0,1.0	-0.251
5675	0,80,0,0,0	0,0,0,0,0	0,0,0,0,1318,0,0,3,0,6,1848,0,0,0,430,214	0,0,0,0,16,0,0,0,0,0,16,0,0,0,1,4	197	149	1	1.0	NA,1.0,NA,NA,NA	NA,NA,NA,NA,0.984,NA,NA,1.0,NA,1.0,0.989,NA,NA,NA,0.997,0.976	0.009
5676	0,0,0,0,0	0,71,2,0,0	0,0,0,0,0,0,0,0,0,0,0,0,0,0,7,1	0,0,0,0,1138,8,2,4,2,2,1105,0,0,0,1366,74	155	149	1	1.0	NA,0.0,0.0,NA,NA	NA,NA,NA,NA,0.0,0.0,0.0,0.0,0.0,0.0,0.0,NA,NA,NA,0.005,0.013	-0.002
5678	0,53,0,0,0	0,0,0,0,0	0,0,0,0,1035,0,0,0,0,0,69,0,0,0,65,0	0,0,0,0,0,0,0,0,0,0,4,0,0,0,0,0	188	149	1	1.0	NA,1.0,NA,NA,NA	NA,NA,NA,NA,1.0,NA,NA,NA,NA,NA,0.932,NA,NA,NA,1.0,NA	0.023
5679	0,0,0,0,0	0,21,0,0,0	0,0,0,0,0,0,0,0,0,0,5,0,0,0,0,4	0,0,0,0,68,0,0,0,0,0,96,0,0,0,57,6	175	149	1	1.0	NA,0.0,NA,NA,NA	NA,NA,NA,NA,0.0,NA,NA,NA,NA,NA,0.042,NA,NA,NA,0.0,0.362	-0.101
5681	0,0,0,0,0	0,45,0,0,0	0,0,0,0,31,0,0,0,0,0,0,0,0,0,4,0	0,0,0,0,164,0,4,0,0,0,103,0,0,0,85,8	227	149	1	1.0	NA,0.0,NA,NA,NA	NA,NA,NA,NA,0.11,NA,0.0,NA,NA,NA,0.0,NA,NA,NA,0.03,0.0	-0.028
5693	0,58,4,0,2	0,5,0,0,0	0,0,0,0,130,0,2,4,0,2,422,0,0,0,192,25	0,0,0,0,0,0,0,0,0,0,0,0,0,0,0,0	298	149	1	1.0	NA,0.853,1.0,NA,1.0	NA,NA,NA,NA,1.0,NA,1.0,1.0,NA,1.0,1.0,NA,NA,NA,1.0,1.0	-0.049
5695	0,10,0,0,0	0,8,0,0,0	0,0,0,0,0,0,0,0,0,0,1,0,0,0,0,18	0,0,0,0,40,0,0,2,0,0,38,0,0,0,10,12	298	149	1	1.0	NA,0.385,NA,NA,NA	NA,NA,NA,NA,0.0,NA,NA,0.0,NA,NA,0.013,NA,NA,NA,0.0,0.429	0.297
5697	0,281,0,0,0	0,447,0,0,0	0,0,0,0,839,0,0,0,0,0,548,0,0,0,343,95	0,0,0,0,973,0,0,2,8,0,526,0,0,0,309,181	190	149	1	1.0	NA,0.33,NA,NA,NA	NA,NA,NA,NA,0.403,NA,NA,0.0,0.0,NA,0.45,NA,NA,NA,0.465,0.292	0.062
5698	0,2,0,0,0	0,22,0,0,0	0,0,0,0,4,0,0,0,0,0,0,0,0,0,0,3	0,0,0,0,0,0,0,0,0,0,0,0,0,0,0,3	175	149	1	1.0	NA,0.072,NA,NA,NA	NA,NA,NA,NA,1.0,NA,NA,NA,NA,NA,NA,NA,NA,NA,NA,0.46	-0.658
5699	0,2,0,0,0	0,286,111,0,42	0,0,0,0,0,0,0,0,0,0,0,0,0,0,0,0	0,0,0,0,0,0,2,29,0,7,0,0,0,0,43,18	200	149	1	1.0	NA,0.005,0.0,NA,0.0	NA,NA,NA,NA,NA,NA,0.0,0.0,NA,0.0,NA,NA,NA,NA,0.0,0.0	0.002
5709	0,3,0,0,0	0,0,0,0,0	0,0,0,0,101,0,0,0,0,2,132,0,0,0,94,11	0,0,0,0,5,0,0,0,0,0,2,0,0,0,0,0	270	149	1	1.0	NA,1.0,NA,NA,NA	NA,NA,NA,NA,0.918,NA,NA,NA,NA,1.0,0.973,NA,NA,NA,1.0,1.0	0.022
5710	0,9,0,0,0	0,0,0,0,0	0,0,0,0,195,0,4,0,0,2,251,0,0,0,266,20	0,0,0,0,0,0,0,0,0,0,2,0,0,0,0,0	270	149	1	1.0	NA,1.0,NA,NA,NA	NA,NA,NA,NA,1.0,NA,1.0,NA,NA,1.0,0.986,NA,NA,NA,1.0,1.0	0.002
5711	0,2,0,0,0	0,3,0,0,0	0,0,0,0,21,0,0,0,0,0,9,0,0,0,0,2	0,0,0,0,85,0,0,0,0,2,140,0,0,0,105,10	298	149	1	1.0	NA,0.25,NA,NA,NA	NA,NA,NA,NA,0.11,NA,NA,NA,NA,0.0,0.031,NA,NA,NA,0.0,0.091	0.204
5712	0,21,0,0,0	0,8,0,0,0	0,0,0,0,162,0,0,0,0,0,19,0,0,0,5,0	0,0,0,0,46,0,0,0,0,0,4,0,0,0,7,0	298	149	1	1.0	NA,0.568,NA,NA,NA	NA,NA,NA,NA,0.638,NA,NA,NA,NA,NA,0.704,NA,NA,NA,0.263,NA	0.033
5716	0,122,0,0,0	0,1,0,0,0	0,0,0,0,173,0,0,0,0,0,152,0,0,0,59,1	0,0,0,0,7,0,0,0,0,0,1,0,0,0,0,0	298	149	1	1.0	NA,0.984,NA,NA,NA	NA,NA,NA,NA,0.925,NA,NA,NA,NA,NA,0.987,NA,NA,NA,1.0,1.0	0.006
5717	0,5,0,0,0	0,2,0,0,0	0,0,0,0,1,0,0,0,0,0,0,0,0,0,0,0	0,0,0,0,45,0,0,0,0,0,14,0,0,0,0,1	298	149	1	1.0	NA,0.556,NA,NA,NA	NA,NA,NA,NA,0.011,NA,NA,NA,NA,NA,0.0,NA,NA,NA,NA,0.0	0.552
5718	0,0,0,0,0	0,596,0,0,0	0,0,0,0,0,0,0,0,0,0,39,0,0,0,0,0	0,0,0,0,290,0,0,0,0,0,1385,0,0,0,82,42	167	149	1	1.0	NA,0.0,NA,NA,NA	NA,NA,NA,NA,0.0,NA,NA,NA,NA,NA,0.025,NA,NA,NA,0.0,0.0	-0.006
5721	0,8,0,0,0	0,0,0,0,0	0,0,0,0,16,0,0,0,0,0,17,0,0,0,104,6	0,0,0,0,0,0,0,0,0,0,1,0,0,0,7,1	298	149	1	1.0	NA,1.0,NA,NA,NA	NA,NA,NA,NA,1.0,NA,NA,NA,NA,NA,0.895,NA,NA,NA,0.881,0.75	0.119
5724	0,15,2,0,0	0,1287,32,0,8	0,0,0,0,10,0,0,0,0,0,6,0,0,0,0,23	0,0,0,0,1122,2,2,6,0,0,2038,0,0,0,2056,2211	164	149	1	1.0	NA,0.01,0.054,NA,0.0	NA,NA,NA,NA,0.008,0.0,0.0,0.0,NA,NA,0.003,NA,NA,NA,0.0,0.009	0.018
5726	0,0,0,0,0	0,35,0,0,0	0,0,0,0,20,0,0,0,0,0,2,0,0,0,0,4	0,0,0,0,171,0,0,0,0,0,182,0,0,0,29,6	190	149	1	1.0	NA,0.0,NA,NA,NA	NA,NA,NA,NA,0.084,NA,NA,NA,NA,NA,0.009,NA,NA,NA,0.0,0.343	-0.109
5732	0,0,0,0,0	0,0,4,0,0	0,0,0,0,0,0,0,0,0,0,4,0,0,0,6,5	0,0,0,0,33,0,0,0,0,0,35,0,0,0,56,9	277	149	1	1.0	NA,NA,0.0,NA,NA	NA,NA,NA,NA,0.0,NA,NA,NA,NA,NA,0.058,NA,NA,NA,0.054,0.23	-0.086
5734	0,0,0,0,0	0,437,0,0,2	0,0,0,0,0,0,0,0,0,0,7,0,0,0,0,5	0,0,0,0,260,0,0,0,0,0,715,0,0,0,10,15	179	149	1	1.0	NA,0.0,NA,NA,0.0	NA,NA,NA,NA,0.0,NA,NA,NA,NA,NA,0.008,NA,NA,NA,0.0,0.217	-0.056
5736	0,11,0,0,0	0,39,0,0,0	0,0,0,0,79,0,0,0,0,0,18,0,0,0,0,5	0,0,0,0,158,0,0,0,0,0,233,0,0,0,6,21	250	149	1	1.0	NA,0.144,NA,NA,NA	NA,NA,NA,NA,0.23,NA,NA,NA,NA,NA,0.044,NA,NA,NA,0.0,0.124	0.044
5739	0,0,0,0,0	0,14,0,0,0	0,0,0,0,0,0,0,0,0,0,0,0,0,0,3,0	0,0,0,0,53,0,0,0,0,0,0,0,0,0,149,4	233	149	1	1.0	NA,0.0,NA,NA,NA	NA,NA,NA,NA,0.0,NA,NA,NA,NA,NA,NA,NA,NA,NA,0.013,0.0	-0.004
5740	0,5,0,0,0	0,0,0,0,0	0,0,0,0,20,0,0,0,0,0,19,0,0,0,0,2	0,0,0,0,52,0,0,0,0,0,27,0,0,0,4,3	222	149	1	1.0	NA,1.0,NA,NA,NA	NA,NA,NA,NA,0.205,NA,NA,NA,NA,NA,0.321,NA,NA,NA,0.0,0.309	0.791
5741	0,106,0,0,2	0,7,0,0,0	0,0,0,0,179,0,0,0,0,0,372,0,0,0,1,14	0,0,0,0,0,0,0,0,0,0,0,0,0,0,0,0	298	149	1	1.0	NA,0.883,NA,NA,1.0	NA,NA,NA,NA,1.0,NA,NA,NA,NA,NA,1.0,NA,NA,NA,1.0,1.0	-0.058
5746	0,58,0,0,0	0,21,0,0,0	0,0,0,0,358,0,0,0,0,0,151,0,0,0,355,6	0,0,0,0,229,0,0,0,0,0,22,0,0,0,64,10	292	149	1	1.0	NA,0.585,NA,NA,NA	NA,NA,NA,NA,0.444,NA,NA,NA,NA,NA,0.778,NA,NA,NA,0.739,0.234	0.036
5748	0,12,0,0,0	0,80,0,0,0	0,0,0,0,61,0,0,0,0,0,216,0,0,0,11,8	0,0,0,0,126,0,0,0,0,0,216,0,0,0,174,14	298	149	1	1.0	NA,0.07,NA,NA,NA	NA,NA,NA,NA,0.195,NA,NA,NA,NA,NA,0.333,NA,NA,NA,0.031,0.222	-0.125
5750	0,1,0,0,0	0,125,2,0,0	0,0,0,0,0,0,0,0,0,0,20,0,0,0,12,0	0,0,0,0,258,0,2,2,0,0,395,0,0,0,311,5	175	149	1	1.0	NA,0.007,0.0,NA,NA	NA,NA,NA,NA,0.0,NA,0.0,0.0,NA,NA,0.041,NA,NA,NA,0.032,0.0	-0.009
5754	0,14,0,0,0	0,0,0,0,0	0,0,0,0,118,0,0,0,0,0,197,0,0,0,159,3	0,0,0,0,0,0,0,0,0,0,14,0,0,0,17,0	207	149	1	1.0	NA,1.0,NA,NA,NA	NA,NA,NA,NA,1.0,NA,NA,NA,NA,NA,0.91,NA,NA,NA,0.871,1.0	0.055
5755	0,158,0,0,0	0,6,0,0,0	0,0,0,0,273,0,0,0,0,0,460,0,0,0,0,46	0,0,0,0,0,0,0,0,0,0,0,0,0,0,0,0	298	149	1	1.0	NA,0.929,NA,NA,NA	NA,NA,NA,NA,1.0,NA,NA,NA,NA,NA,1.0,NA,NA,NA,NA,1.0	-0.071
5759	0,51,0,0,0	0,3,0,0,0	0,0,0,0,65,0,0,0,0,2,385,0,0,0,10,1	0,0,0,0,0,0,0,2,0,0,6,0,0,0,0,0	152	149	1	1.0	NA,0.943,NA,NA,NA	NA,NA,NA,NA,1.0,NA,NA,0.0,NA,1.0,0.984,NA,NA,NA,1.0,1.0	0.112
5761	0,0,0,0,0	0,6,0,0,0	0,0,0,0,0,0,0,0,0,0,0,0,0,0,3,1	0,0,0,0,12,0,0,0,0,0,0,0,0,0,0,0	262	149	1	1.0	NA,0.0,NA,NA,NA	NA,NA,NA,NA,0.0,NA,NA,NA,NA,NA,NA,NA,NA,NA,1.0,1.0	-0.667
5764	0,23,0,0,0	0,0,0,0,0	0,0,0,0,165,0,0,0,2,0,35,0,0,0,95,2	0,0,0,0,5,0,0,0,0,0,0,0,0,0,0,1	298	149	1	1.0	NA,1.0,NA,NA,NA	NA,NA,NA,NA,0.943,NA,NA,NA,1.0,NA,1.0,NA,NA,NA,1.0,0.5	0.111
5765	0,28,0,0,2	0,8,0,0,0	0,0,0,0,470,0,0,0,2,0,95,0,0,0,42,15	0,0,0,0,9,0,0,0,0,0,0,0,0,0,4,1	298	149	1	1.0	NA,0.636,NA,NA,1.0	NA,NA,NA,NA,0.963,NA,NA,NA,1.0,NA,1.0,NA,NA,NA,0.84,0.882	-0.119
5766	0,0,0,0,0	0,1,0,0,0	0,0,0,0,0,0,0,0,0,0,1,0,0,0,0,0	0,0,0,0,5,0,0,0,0,0,0,0,0,0,0,0	177	149	1	1.0	NA,0.0,NA,NA,NA	NA,NA,NA,NA,0.0,NA,NA,NA,NA,NA,1.0,NA,NA,NA,NA,NA	-0.5
5769	0,53,0,0,0	0,4101,0,0,2	0,0,0,0,32,0,0,0,0,0,45,0,0,0,3,4	0,0,0,0,2093,0,0,6,0,2,3721,0,0,0,635,143	233	149	1	1.0	NA,0.008,NA,NA,0.0	NA,NA,NA,NA,0.01,NA,NA,0.0,NA,0.0,0.008,NA,NA,NA,0.003,0.018	-0.002
5772	0,14,0,0,0	0,3,0,0,0	0,0,0,0,49,0,0,0,0,0,57,0,0,0,82,27	0,0,0,0,33,0,0,0,0,0,2,0,0,0,45,2	298	149	1	1.0	NA,0.7,NA,NA,NA	NA,NA,NA,NA,0.426,NA,NA,NA,NA,NA,0.934,NA,NA,NA,0.477,0.871	0.023
5773	0,10,0,0,0	0,3,0,0,0	0,0,0,0,38,0,0,0,0,0,22,0,0,0,38,27	0,0,0,0,33,0,0,0,0,0,2,0,0,0,45,2	298	149	1	1.0	NA,0.625,NA,NA,NA	NA,NA,NA,NA,0.365,NA,NA,NA,NA,NA,0.846,NA,NA,NA,0.297,0.871	0.03
5774	0,1,0,0,0	0,4,0,0,0	0,0,0,0,0,0,0,0,0,0,10,0,0,0,2,4	0,0,0,0,0,0,0,0,0,0,0,0,0,0,1,0	154	149	1	1.0	NA,0.195,NA,NA,NA	NA,NA,NA,NA,NA,NA,NA,NA,NA,NA,1.0,NA,NA,NA,0.659,1.0	-0.691
5777	0,20,0,0,0	0,1,0,0,0	0,0,0,0,46,0,0,0,0,0,17,0,0,0,10,3	0,0,0,0,0,0,0,0,0,0,0,0,0,0,0,0	298	149	1	1.0	NA,0.909,NA,NA,NA	NA,NA,NA,NA,1.0,NA,NA,NA,NA,NA,1.0,NA,NA,NA,1.0,1.0	-0.091
5780	0,2,0,0,0	0,4,0,0,0	0,0,0,0,16,0,0,0,0,0,24,0,0,0,288,0	0,0,0,0,56,0,0,0,0,0,13,0,0,0,75,0	268	149	1	1.0	NA,0.218,NA,NA,NA	NA,NA,NA,NA,0.137,NA,NA,NA,NA,NA,0.507,NA,NA,NA,0.681,NA	-0.224
5783	0,2,0,0,0	0,4,0,0,0	0,0,0,0,16,0,0,0,0,0,24,0,0,0,279,0	0,0,0,0,56,0,0,0,0,0,13,0,0,0,75,0	288	149	1	1.0	NA,0.206,NA,NA,NA	NA,NA,NA,NA,0.129,NA,NA,NA,NA,NA,0.489,NA,NA,NA,0.658,NA	-0.219
5785	0,2,0,0,0	0,4,0,0,0	0,0,0,0,16,0,0,0,0,0,27,0,0,0,279,0	0,0,0,0,56,0,0,0,0,0,13,0,0,0,75,0	274	149	1	1.0	NA,0.214,NA,NA,NA	NA,NA,NA,NA,0.134,NA,NA,NA,NA,NA,0.53,NA,NA,NA,0.669,NA	-0.23
5786	0,4,0,0,0	0,13219,17,0,44	0,0,0,0,54,0,0,0,0,0,51,0,0,0,15,0	0,0,0,0,27726,2,8,54,16,35,20885,0,0,0,21663,687	202	149	1	1.0	NA,0.0,0.0,NA,0.0	NA,NA,NA,NA,0.001,0.0,0.0,0.0,0.0,0.0,0.002,NA,NA,NA,0.001,0.0	-0.0
5787	0,50,0,0,0	0,10,0,0,0	0,0,0,0,214,0,0,2,0,0,159,0,0,0,632,10	0,0,0,0,8,0,0,0,0,0,3,0,0,0,0,0	159	149	1	1.0	NA,0.824,NA,NA,NA	NA,NA,NA,NA,0.962,NA,NA,1.0,NA,NA,0.98,NA,NA,NA,1.0,1.0	-0.164
5788	0,0,0,0,0	0,6,2,0,0	0,0,0,0,12,0,0,0,0,0,3,0,0,0,4,0	0,0,0,0,28,0,0,0,0,0,28,0,0,0,24,4	162	149	1	1.0	NA,0.0,0.0,NA,NA	NA,NA,NA,NA,0.283,NA,NA,NA,NA,NA,0.09,NA,NA,NA,0.133,0.0	-0.127
5793	0,103,0,0,0	0,2,0,0,0	0,0,0,0,426,0,0,2,0,0,271,0,0,0,166,4	0,0,0,0,0,0,0,0,0,0,40,0,0,0,0,3	291	149	1	1.0	NA,0.963,NA,NA,NA	NA,NA,NA,NA,1.0,NA,NA,1.0,NA,NA,0.776,NA,NA,NA,1.0,0.406	0.127
5797	0,410,0,0,0	0,36,0,0,0	0,0,0,0,1834,0,4,0,0,0,265,0,0,0,125,9	0,0,0,0,77,0,0,0,0,0,195,0,0,0,6,0	152	149	1	1.0	NA,0.918,NA,NA,NA	NA,NA,NA,NA,0.959,NA,1.0,NA,NA,NA,0.571,NA,NA,NA,0.953,1.0	0.021
5799	0,4,0,0,0	0,0,0,0,0	0,0,0,0,33,0,0,0,0,0,14,0,0,0,20,0	0,0,0,0,0,0,0,0,0,0,0,0,0,0,1,0	203	149	1	1.0	NA,1.0,NA,NA,NA	NA,NA,NA,NA,1.0,NA,NA,NA,NA,NA,1.0,NA,NA,NA,0.936,NA	0.021
5800	0,148,0,0,0	0,0,0,0,0	0,0,0,0,646,2,0,0,0,0,109,0,0,0,222,111	0,0,0,0,16,0,0,0,0,0,10,0,0,0,0,0	298	149	1	1.0	NA,1.0,NA,NA,NA	NA,NA,NA,NA,0.953,1.0,NA,NA,NA,NA,0.845,NA,NA,NA,1.0,1.0	0.04
5801	0,634,0,0,0	0,48,0,0,0	0,0,0,0,1260,2,0,0,0,0,401,0,0,0,491,129	0,0,0,0,91,0,0,0,0,0,74,0,0,0,9,1	298	149	1	1.0	NA,0.868,NA,NA,NA	NA,NA,NA,NA,0.874,1.0,NA,NA,NA,NA,0.73,NA,NA,NA,0.965,0.985	-0.043
5802	0,159,0,0,0	0,48,0,0,0	0,0,0,0,667,2,0,0,0,0,141,0,0,0,236,111	0,0,0,0,91,0,0,0,0,0,74,0,0,0,9,1	298	149	1	1.0	NA,0.624,NA,NA,NA	NA,NA,NA,NA,0.786,1.0,NA,NA,NA,NA,0.488,NA,NA,NA,0.929,0.982	-0.213
5805	0,2617,0,0,8	0,11,0,0,0	0,0,0,0,11524,4,0,1,0,0,7959,0,0,0,3073,852	0,0,0,0,21,0,0,0,0,0,30,0,0,0,0,5	298	149	1	1.0	NA,0.992,NA,NA,1.0	NA,NA,NA,NA,0.996,1.0,NA,1.0,NA,NA,0.993,NA,NA,NA,1.0,0.988	-0.0
5806	0,5,0,0,0	0,7,0,0,0	0,0,0,0,9,0,0,0,0,0,31,0,0,0,0,3	0,0,0,0,20,0,0,0,0,0,33,0,0,0,0,11	200	149	1	1.0	NA,0.347,NA,NA,NA	NA,NA,NA,NA,0.251,NA,NA,NA,NA,NA,0.412,NA,NA,NA,NA,0.169	0.07
5808	0,36,0,0,0	0,368,4,0,2	0,0,0,0,36,0,2,0,0,0,77,0,0,0,150,41	0,0,0,0,407,4,0,4,2,1,1215,0,0,0,1909,81	197	149	1	1.0	NA,0.069,0.0,NA,0.0	NA,NA,NA,NA,0.063,0.0,1.0,0.0,0.0,0.0,0.046,NA,NA,NA,0.056,0.277	-0.137
5813	0,7,0,0,0	0,0,0,0,0	0,0,0,0,90,0,0,0,0,0,21,0,0,0,94,7	0,0,0,0,0,0,0,0,0,0,4,0,0,0,0,0	298	149	1	1.0	NA,1.0,NA,NA,NA	NA,NA,NA,NA,1.0,NA,NA,NA,NA,NA,0.724,NA,NA,NA,1.0,1.0	0.069
5817	0,0,0,0,0	0,0,2,0,0	0,0,0,0,11,0,0,0,0,0,7,0,0,0,7,0	0,0,0,0,15,0,0,0,0,0,0,0,0,0,15,0	176	149	1	1.0	NA,NA,0.0,NA,NA	NA,NA,NA,NA,0.383,NA,NA,NA,NA,NA,1.0,NA,NA,NA,0.283,NA	-0.555
5823	0,547,0,0,0	0,3,0,0,0	0,0,0,0,674,0,0,0,0,0,650,0,0,0,98,90	0,0,0,0,18,0,0,0,0,0,18,0,0,0,0,2	153	149	1	1.0	NA,0.994,NA,NA,NA	NA,NA,NA,NA,0.973,NA,NA,NA,NA,NA,0.972,NA,NA,NA,1.0,0.978	0.013
5826	0,39,0,0,0	0,3,0,0,0	0,0,0,0,154,0,0,0,0,2,131,0,0,0,496,44	0,0,0,0,12,0,0,0,0,0,11,0,0,0,18,3	298	149	1	1.0	NA,0.867,NA,NA,NA	NA,NA,NA,NA,0.865,NA,NA,NA,NA,1.0,0.856,NA,NA,NA,0.932,0.88	-0.04
5829	0,12,2,0,0	0,0,0,0,0	0,0,0,0,86,2,0,0,0,0,71,0,0,0,55,19	0,0,0,0,0,0,0,0,0,0,4,0,0,0,0,0	298	149	1	1.0	NA,1.0,1.0,NA,NA	NA,NA,NA,NA,1.0,1.0,NA,NA,NA,NA,0.899,NA,NA,NA,1.0,1.0	0.02
5831	0,0,0,0,0	0,18,0,0,0	0,0,0,0,0,0,0,0,0,0,0,0,0,0,0,1	0,0,0,0,83,0,0,0,0,0,160,0,0,0,179,53	161	149	1	1.0	NA,0.0,NA,NA,NA	NA,NA,NA,NA,0.0,NA,NA,NA,NA,NA,0.0,NA,NA,NA,0.0,0.017	-0.004
5832	0,2,0,0,0	0,0,0,0,0	0,0,0,0,52,0,0,0,0,0,44,0,0,0,62,28	0,0,0,0,13,0,0,0,0,0,5,0,0,0,0,1	241	149	1	1.0	NA,1.0,NA,NA,NA	NA,NA,NA,NA,0.712,NA,NA,NA,NA,NA,0.845,NA,NA,NA,1.0,0.945	0.125
5834	0,2967,0,0,0	0,4,0,0,0	0,0,0,0,2,0,0,6,0,0,352,0,0,0,138,448	0,0,0,0,0,0,0,0,0,0,0,0,0,0,0,0	298	149	1	1.0	NA,0.997,NA,NA,NA	NA,NA,NA,NA,1.0,NA,NA,1.0,NA,NA,1.0,NA,NA,NA,1.0,1.0	-0.003
5835	0,1643,2,0,2	0,0,0,0,0	0,0,0,0,1,0,0,2,0,0,276,0,0,0,920,86	0,0,0,0,0,0,0,0,0,0,0,0,0,0,0,2	298	149	1	1.0	NA,1.0,1.0,NA,1.0	NA,NA,NA,NA,1.0,NA,NA,1.0,NA,NA,1.0,NA,NA,NA,1.0,0.956	0.009
5838	0,195,0,0,2	0,0,0,0,0	0,0,0,0,640,2,0,0,0,0,1250,0,0,0,62,1	0,0,0,0,0,0,0,0,0,0,32,0,0,0,10,5	298	149	1	1.0	NA,1.0,NA,NA,1.0	NA,NA,NA,NA,1.0,1.0,NA,NA,NA,NA,0.951,NA,NA,NA,0.756,0.091	0.24
5842	0,47,0,0,0	0,38,0,0,0	0,0,0,0,0,2,0,0,0,0,165,0,0,0,374,24	0,0,0,0,0,2,2,2,0,0,106,0,0,0,370,14	161	149	1	1.0	NA,0.534,NA,NA,NA	NA,NA,NA,NA,NA,0.481,0.0,0.0,NA,NA,0.59,NA,NA,NA,0.483,0.613	0.173
5844	0,32,0,0,0	0,11,0,0,0	0,0,0,0,37,0,0,0,0,0,37,0,0,0,141,7	0,0,0,0,51,0,0,0,0,0,121,0,0,0,189,6	268	149	1	1.0	NA,0.618,NA,NA,NA	NA,NA,NA,NA,0.287,NA,NA,NA,NA,NA,0.145,NA,NA,NA,0.293,0.393	0.339
5845	0,0,0,0,0	0,61,0,0,0	0,0,0,0,12,0,0,0,0,0,0,0,0,0,0,0	0,0,0,0,177,0,0,0,0,0,82,0,0,0,22,20	212	149	1	1.0	NA,0.0,NA,NA,NA	NA,NA,NA,NA,0.045,NA,NA,NA,NA,NA,0.0,NA,NA,NA,0.0,0.0	-0.011
5846	0,580,0,0,0	0,0,0,0,0	0,0,0,0,3183,0,0,0,2,2,767,0,0,0,258,21	0,0,0,0,4,0,0,0,0,0,0,0,0,0,0,0	280	149	1	1.0	NA,1.0,NA,NA,NA	NA,NA,NA,NA,0.998,NA,NA,NA,1.0,1.0,1.0,NA,NA,NA,1.0,1.0	0.0
5848	0,0,0,0,0	0,2,0,0,0	0,0,0,0,0,0,0,0,0,0,0,0,0,0,4,0	0,0,0,0,0,0,0,0,0,0,0,0,0,0,0,0	159	149	1	1.0	NA,0.0,NA,NA,NA	NA,NA,NA,NA,NA,NA,NA,NA,NA,NA,NA,NA,NA,NA,1.0,NA	-1.0
5850	0,20,0,0,0	0,167,0,0,0	0,0,0,0,13,0,0,0,0,0,25,0,0,0,9,5	0,0,0,0,247,0,0,2,0,0,1057,0,0,0,380,80	180	149	1	1.0	NA,0.09,NA,NA,NA	NA,NA,NA,NA,0.042,NA,NA,0.0,NA,NA,0.019,NA,NA,NA,0.019,0.049	0.064
5851	0,27,0,0,0	0,124,4,0,0	0,0,0,0,43,0,0,0,0,0,32,0,0,0,39,0	0,0,0,0,277,2,0,0,0,0,890,0,0,0,788,38	160	149	1	1.0	NA,0.169,0.0,NA,NA	NA,NA,NA,NA,0.126,0.0,NA,NA,NA,NA,0.032,NA,NA,NA,0.044,0.0	0.044
5852	0,3,0,0,0	0,9,0,0,0	0,0,0,0,81,0,0,0,0,0,1,0,0,0,0,2	0,0,0,0,236,0,0,0,0,0,18,0,0,0,0,0	298	149	1	1.0	NA,0.143,NA,NA,NA	NA,NA,NA,NA,0.146,NA,NA,NA,NA,NA,0.027,NA,NA,NA,NA,1.0	-0.248
5853	0,0,0,0,0	0,5,0,0,0	0,0,0,0,28,0,0,0,0,0,0,0,0,0,0,0	0,0,0,0,216,0,0,0,0,0,22,0,0,0,12,2	157	149	1	1.0	NA,0.0,NA,NA,NA	NA,NA,NA,NA,0.11,NA,NA,NA,NA,NA,0.0,NA,NA,NA,0.0,0.0	-0.028
5857	0,316,0,0,0	0,0,0,0,0	0,0,0,0,321,0,0,0,0,0,466,0,0,0,31,8	0,0,0,0,0,0,0,0,0,0,2,0,0,0,0,0	298	149	1	1.0	NA,1.0,NA,NA,NA	NA,NA,NA,NA,1.0,NA,NA,NA,NA,NA,0.991,NA,NA,NA,1.0,1.0	0.002
5863	0,0,0,0,0	0,2,0,0,0	0,0,0,0,0,0,0,0,0,0,0,0,0,0,7,2	0,0,0,0,0,0,0,0,0,0,0,0,0,0,0,0	298	149	1	1.0	NA,0.0,NA,NA,NA	NA,NA,NA,NA,NA,NA,NA,NA,NA,NA,NA,NA,NA,NA,1.0,1.0	-1.0
5865	0,0,0,0,0	0,31,0,0,0	0,0,0,0,11,0,0,0,0,0,3,0,0,0,1,0	0,0,0,0,206,0,0,0,0,0,322,0,0,0,0,9	187	149	1	1.0	NA,0.0,NA,NA,NA	NA,NA,NA,NA,0.041,NA,NA,NA,NA,NA,0.007,NA,NA,NA,1.0,0.0	-0.262
5866	0,2,0,0,0	0,0,0,0,0	0,0,0,0,41,0,0,0,0,0,11,0,0,0,6,2	0,0,0,0,0,0,0,0,0,0,4,0,0,0,8,0	160	149	1	1.0	NA,1.0,NA,NA,NA	NA,NA,NA,NA,1.0,NA,NA,NA,NA,NA,0.719,NA,NA,NA,0.411,1.0	0.218
5867	0,4,0,0,0	0,23,0,0,0	0,0,0,0,44,0,0,0,0,0,11,0,0,0,6,5	0,0,0,0,168,0,0,0,0,0,245,0,0,0,104,6	207	149	1	1.0	NA,0.111,NA,NA,NA	NA,NA,NA,NA,0.159,NA,NA,NA,NA,NA,0.031,NA,NA,NA,0.04,0.375	-0.04
5868	0,2,0,0,0	0,23,0,0,0	0,0,0,0,3,0,0,0,0,0,4,0,0,0,8,3	0,0,0,0,168,0,0,0,0,0,245,0,0,0,104,6	196	149	1	1.0	NA,0.062,NA,NA,NA	NA,NA,NA,NA,0.013,NA,NA,NA,NA,NA,0.012,NA,NA,NA,0.055,0.275	-0.027
5869	0,170,0,0,0	0,0,0,0,0	0,0,0,0,838,0,0,0,0,0,182,0,0,0,317,4	0,0,0,0,27,0,0,0,0,0,0,0,0,0,0,0	261	149	1	1.0	NA,1.0,NA,NA,NA	NA,NA,NA,NA,0.947,NA,NA,NA,NA,NA,1.0,NA,NA,NA,1.0,1.0	0.013
5870	0,95,0,0,0	0,11,0,0,0	0,0,0,0,386,0,0,0,0,0,94,0,0,0,164,4	0,0,0,0,52,0,0,0,0,0,21,0,0,0,0,1	261	149	1	1.0	NA,0.831,NA,NA,NA	NA,NA,NA,NA,0.809,NA,NA,NA,NA,NA,0.719,NA,NA,NA,1.0,0.695	0.025
5877	0,89,0,0,0	0,0,0,0,0	0,0,0,0,341,0,0,0,0,2,584,0,0,0,22,0	0,0,0,0,0,0,0,0,0,0,2,0,0,0,0,0	170	149	1	1.0	NA,1.0,NA,NA,NA	NA,NA,NA,NA,1.0,NA,NA,NA,NA,1.0,0.996,NA,NA,NA,1.0,NA	0.001
5879	0,16,0,0,0	0,0,0,0,0	0,0,0,0,77,0,0,0,0,0,83,0,0,0,28,12	0,0,0,0,0,0,0,0,0,0,0,0,0,0,0,1	298	149	1	1.0	NA,1.0,NA,NA,NA	NA,NA,NA,NA,1.0,NA,NA,NA,NA,NA,1.0,NA,NA,NA,1.0,0.857	0.036
5880	0,0,0,0,0	0,164,2,0,0	0,0,0,0,23,0,0,0,0,0,68,0,0,0,81,10	0,0,0,0,724,0,4,2,2,4,2149,0,0,0,1320,192	158	149	1	1.0	NA,0.0,0.0,NA,NA	NA,NA,NA,NA,0.029,NA,0.0,0.0,0.0,0.0,0.029,NA,NA,NA,0.055,0.047	-0.02
5881	0,439,0,0,0	0,0,0,0,0	0,0,0,0,839,0,0,0,6,2,4649,0,0,0,1496,124	0,0,0,0,0,0,0,0,0,0,10,0,0,0,10,0	246	149	1	1.0	NA,1.0,NA,NA,NA	NA,NA,NA,NA,1.0,NA,NA,NA,1.0,1.0,0.996,NA,NA,NA,0.989,1.0	0.002
5882	0,43,0,0,0	0,152,0,0,0	0,0,0,0,59,0,0,0,0,0,53,0,0,0,16,0	0,0,0,0,468,0,0,0,0,0,347,0,0,0,63,5	160	149	1	1.0	NA,0.209,NA,NA,NA	NA,NA,NA,NA,0.105,NA,NA,NA,NA,NA,0.125,NA,NA,NA,0.191,0.0	0.104
5883	0,29,0,0,0	0,9,0,0,0	0,0,0,0,0,0,0,0,0,0,0,0,0,0,69,0	0,0,0,0,0,0,0,0,0,0,0,0,0,0,19,0	288	149	1	1.0	NA,0.625,NA,NA,NA	NA,NA,NA,NA,NA,NA,NA,NA,NA,NA,NA,NA,NA,NA,0.653,NA	-0.028
5884	0,0,0,0,0	0,93,0,0,0	0,0,0,0,0,0,0,0,0,0,8,0,0,0,3,4	0,0,0,0,138,0,0,0,0,0,370,0,0,0,159,15	189	149	1	1.0	NA,0.0,NA,NA,NA	NA,NA,NA,NA,0.0,NA,NA,NA,NA,NA,0.017,NA,NA,NA,0.015,0.174	-0.051
5885	0,4,0,0,0	0,0,0,0,0	0,0,0,0,0,0,0,0,0,0,16,0,0,0,4,0	0,0,0,0,0,0,0,0,0,0,4,0,0,0,6,0	170	149	1	1.0	NA,1.0,NA,NA,NA	NA,NA,NA,NA,NA,NA,NA,NA,NA,NA,0.778,NA,NA,NA,0.369,NA	0.426
5886	0,0,0,0,0	0,15,0,0,0	0,0,0,0,0,0,0,0,0,0,3,0,0,0,9,0	0,0,0,0,12,0,0,0,0,2,65,0,0,0,29,0	298	149	1	1.0	NA,0.0,NA,NA,NA	NA,NA,NA,NA,0.0,NA,NA,NA,NA,0.0,0.023,NA,NA,NA,0.134,NA	-0.039
5887	0,4,0,0,0	0,38,0,0,0	0,0,0,0,0,0,0,0,0,0,15,0,0,0,13,0	0,0,0,0,107,2,0,0,0,0,246,0,0,0,121,9	298	149	1	1.0	NA,0.05,NA,NA,NA	NA,NA,NA,NA,0.0,0.0,NA,NA,NA,NA,0.03,NA,NA,NA,0.051,0.0	0.034
5888	0,19,0,0,0	0,38,0,0,0	0,0,0,0,12,0,0,0,0,2,77,0,0,0,33,0	0,0,0,0,107,2,0,0,0,0,246,0,0,0,121,9	170	149	1	1.0	NA,0.305,NA,NA,NA	NA,NA,NA,NA,0.089,0.0,NA,NA,NA,1.0,0.215,NA,NA,NA,0.193,0.0	0.055
5889	0,0,0,0,0	0,36,0,0,0	0,0,0,0,0,0,0,0,0,0,0,0,0,0,26,0	0,0,0,0,0,0,0,0,0,0,17,0,0,0,19,0	187	149	1	1.0	NA,0.0,NA,NA,NA	NA,NA,NA,NA,NA,NA,NA,NA,NA,NA,0.0,NA,NA,NA,0.522,NA	-0.261
5890	0,0,0,0,0	0,2,0,0,0	0,0,0,0,0,0,0,0,0,0,0,0,0,0,2,0	0,0,0,0,77,0,0,0,0,0,17,0,0,0,2,3	213	149	1	1.0	NA,0.0,NA,NA,NA	NA,NA,NA,NA,0.0,NA,NA,NA,NA,NA,0.0,NA,NA,NA,0.412,0.0	-0.103
5891	0,25,0,0,0	0,1,0,0,0	0,0,0,0,88,0,0,0,0,0,107,0,0,0,3,25	0,0,0,0,0,0,0,0,0,0,0,0,0,0,0,0	153	149	1	1.0	NA,0.961,NA,NA,NA	NA,NA,NA,NA,1.0,NA,NA,NA,NA,NA,1.0,NA,NA,NA,1.0,1.0	-0.039
5901	0,1856,0,0,2	0,26,0,0,0	0,0,0,0,2603,0,0,5,0,0,3430,0,0,0,531,34	0,0,0,0,22,0,0,0,0,0,30,0,0,0,1,0	153	149	1	1.0	NA,0.986,NA,NA,1.0	NA,NA,NA,NA,0.991,NA,NA,1.0,NA,NA,0.991,NA,NA,NA,0.998,1.0	-0.003
5907	0,7,0,0,0	0,0,0,0,0	0,0,0,0,17,0,0,0,0,0,277,0,0,0,0,1	0,0,0,0,0,0,0,0,0,0,1,0,0,0,0,0	298	149	1	1.0	NA,1.0,NA,NA,NA	NA,NA,NA,NA,1.0,NA,NA,NA,NA,NA,0.993,NA,NA,NA,NA,1.0	0.002
5908	0,249,6,0,0	0,0,0,0,0	0,0,0,0,629,6,6,6,4,4,2545,0,0,0,836,129	0,0,0,0,0,0,0,0,0,0,2,0,0,0,0,0	157	149	1	1.0	NA,1.0,1.0,NA,NA	NA,NA,NA,NA,1.0,1.0,1.0,1.0,1.0,1.0,0.999,NA,NA,NA,1.0,1.0	0.0
5912	0,0,0,0,0	0,11,0,0,0	0,0,0,0,0,0,0,0,0,0,1,0,0,0,10,0	0,0,0,0,37,0,0,0,0,0,14,0,0,0,0,0	208	149	1	1.0	NA,0.0,NA,NA,NA	NA,NA,NA,NA,0.0,NA,NA,NA,NA,NA,0.049,NA,NA,NA,1.0,NA	-0.35
5915	0,0,0,0,0	0,11,0,0,0	0,0,0,0,18,0,0,0,0,0,4,0,0,0,7,2	0,0,0,0,0,0,0,0,0,0,6,0,0,0,29,5	298	149	1	1.0	NA,0.0,NA,NA,NA	NA,NA,NA,NA,1.0,NA,NA,NA,NA,NA,0.25,NA,NA,NA,0.108,0.167	-0.381
5916	0,7,0,0,0	0,54,0,0,0	0,0,0,0,18,0,0,0,0,0,12,0,0,0,26,4	0,0,0,0,159,0,0,0,0,0,55,0,0,0,30,45	298	149	1	1.0	NA,0.061,NA,NA,NA	NA,NA,NA,NA,0.054,NA,NA,NA,NA,NA,0.098,NA,NA,NA,0.302,0.043	-0.063
5918	0,15,0,0,0	0,80,0,0,0	0,0,0,0,46,0,0,0,0,0,107,0,0,0,100,5	0,0,0,0,463,4,0,0,2,2,750,0,0,0,619,123	242	149	1	1.0	NA,0.103,NA,NA,NA	NA,NA,NA,NA,0.058,0.0,NA,NA,0.0,0.0,0.081,NA,NA,NA,0.09,0.024	0.067
5919	0,0,0,0,0	0,104,0,0,2	0,0,0,0,6,0,0,0,0,0,20,0,0,0,12,3	0,0,0,0,385,2,0,0,0,0,667,0,0,0,385,37	298	149	1	1.0	NA,0.0,NA,NA,0.0	NA,NA,NA,NA,0.008,0.0,NA,NA,NA,NA,0.015,NA,NA,NA,0.015,0.039	-0.015
5920	0,45,0,0,2	0,0,0,0,0	0,0,0,0,177,0,0,0,0,0,555,0,0,0,118,69	0,0,0,0,0,0,0,0,0,0,4,0,0,0,1,0	172	149	1	1.0	NA,1.0,NA,NA,1.0	NA,NA,NA,NA,1.0,NA,NA,NA,NA,NA,0.992,NA,NA,NA,0.99,1.0	0.004
5921	0,464,0,0,0	0,0,0,0,0	0,0,0,0,0,0,0,2,0,0,39,0,0,0,2,6	0,0,0,0,0,0,0,0,0,0,1,0,0,0,0,0	298	149	1	1.0	NA,1.0,NA,NA,NA	NA,NA,NA,NA,NA,NA,NA,1.0,NA,NA,0.951,NA,NA,NA,1.0,1.0	0.012
5922	0,491,0,0,0	0,64,0,0,0	0,0,0,0,0,0,0,2,0,0,59,0,0,0,4,7	0,0,0,0,0,0,0,0,0,0,11,0,0,0,7,11	298	149	1	1.0	NA,0.793,NA,NA,NA	NA,NA,NA,NA,NA,NA,NA,1.0,NA,NA,0.728,NA,NA,NA,0.222,0.241	0.245
5923	0,8,0,0,0	0,121,2,0,2	0,0,0,0,24,0,0,0,0,0,23,0,0,0,6,1	0,0,0,0,510,0,0,3,0,4,2809,0,0,0,1073,69	246	149	1	1.0	NA,0.039,0.0,NA,0.0	NA,NA,NA,NA,0.028,NA,NA,0.0,NA,0.0,0.005,NA,NA,NA,0.003,0.009	0.005
5924	0,10,0,0,0	0,121,2,0,2	0,0,0,0,11,0,0,0,0,0,13,0,0,0,6,1	0,0,0,0,510,0,0,3,0,4,2809,0,0,0,1073,69	268	149	1	1.0	NA,0.044,0.0,NA,0.0	NA,NA,NA,NA,0.012,NA,NA,0.0,NA,0.0,0.003,NA,NA,NA,0.003,0.008	0.01
5925	0,12,0,0,0	0,121,2,0,2	0,0,0,0,11,0,0,0,0,0,26,0,0,0,31,1	0,0,0,0,510,0,0,3,0,4,2809,0,0,0,1073,69	298	149	1	1.0	NA,0.047,0.0,NA,0.0	NA,NA,NA,NA,0.011,NA,NA,0.0,NA,0.0,0.005,NA,NA,NA,0.014,0.007	0.009
5926	0,3,0,0,0	0,1,0,0,0	0,0,0,0,0,0,0,0,0,0,1,0,0,0,0,0	0,0,0,0,13,0,0,0,0,0,11,0,0,0,0,0	171	149	1	1.0	NA,0.723,NA,NA,NA	NA,NA,NA,NA,0.0,NA,NA,NA,NA,NA,0.073,NA,NA,NA,NA,NA	0.686
5927	0,7,0,0,0	0,1,0,0,0	0,0,0,0,12,0,0,0,0,0,18,0,0,0,25,0	0,0,0,0,13,0,0,0,0,0,11,0,0,0,0,0	248	149	1	1.0	NA,0.808,NA,NA,NA	NA,NA,NA,NA,0.357,NA,NA,NA,NA,NA,0.496,NA,NA,NA,1.0,NA	0.19
5929	0,291,0,0,0	0,0,0,0,0	0,0,0,0,460,0,0,0,0,0,1980,0,0,0,718,108	0,0,0,0,0,0,0,0,0,0,4,0,0,0,0,0	298	149	1	1.0	NA,1.0,NA,NA,NA	NA,NA,NA,NA,1.0,NA,NA,NA,NA,NA,0.996,NA,NA,NA,1.0,1.0	0.001
5931	0,88,0,0,0	0,0,0,0,0	0,0,0,0,221,0,0,0,0,0,122,0,0,0,17,12	0,0,0,0,9,0,0,0,0,0,14,0,0,0,0,0	298	149	1	1.0	NA,1.0,NA,NA,NA	NA,NA,NA,NA,0.925,NA,NA,NA,NA,NA,0.813,NA,NA,NA,1.0,1.0	0.066
5933	0,0,0,0,0	0,6,0,0,0	0,0,0,0,22,0,0,0,0,0,2,0,0,0,4,0	0,0,0,0,86,0,0,0,0,0,15,0,0,0,44,3	298	149	1	1.0	NA,0.0,NA,NA,NA	NA,NA,NA,NA,0.113,NA,NA,NA,NA,NA,0.062,NA,NA,NA,0.043,0.0	-0.054
5934	0,0,0,0,0	0,18,0,0,0	0,0,0,0,0,0,0,0,0,0,5,0,0,0,0,0	0,0,0,0,283,0,0,0,0,0,478,0,0,0,8,10	298	149	1	1.0	NA,0.0,NA,NA,NA	NA,NA,NA,NA,0.0,NA,NA,NA,NA,NA,0.005,NA,NA,NA,0.0,0.0	-0.001
5935	0,18,0,0,0	0,0,0,0,0	0,0,0,0,582,0,0,0,0,0,663,0,0,0,22,9	0,0,0,0,0,0,0,0,0,0,1,0,0,0,0,0	227	149	1	1.0	NA,1.0,NA,NA,NA	NA,NA,NA,NA,1.0,NA,NA,NA,NA,NA,0.998,NA,NA,NA,1.0,1.0	0.0
5936	0,0,0,0,0	0,17,0,0,0	0,0,0,0,27,0,0,0,0,0,1,0,0,0,0,2	0,0,0,0,145,0,0,0,0,0,275,0,0,0,0,17	248	149	1	1.0	NA,0.0,NA,NA,NA	NA,NA,NA,NA,0.101,NA,NA,NA,NA,NA,0.002,NA,NA,NA,NA,0.066	-0.056
5937	0,60,0,0,0	0,3,0,0,0	0,0,0,0,83,0,0,0,0,0,56,0,0,0,0,12	0,0,0,0,0,0,0,0,0,0,0,0,0,0,0,0	157	149	1	1.0	NA,0.95,NA,NA,NA	NA,NA,NA,NA,1.0,NA,NA,NA,NA,NA,1.0,NA,NA,NA,NA,1.0	-0.05
5938	0,5,0,0,0	0,0,0,0,0	0,0,0,0,72,0,0,0,0,0,18,0,0,0,7,1	0,0,0,0,8,0,0,0,0,0,0,0,0,0,0,0	172	149	1	1.0	NA,1.0,NA,NA,NA	NA,NA,NA,NA,0.886,NA,NA,NA,NA,NA,1.0,NA,NA,NA,1.0,1.0	0.028
5939	0,9,0,0,0	0,0,0,0,0	0,0,0,0,180,0,0,0,0,0,34,0,0,0,9,0	0,0,0,0,8,0,0,0,0,0,0,0,0,0,0,0	242	149	1	1.0	NA,1.0,NA,NA,NA	NA,NA,NA,NA,0.933,NA,NA,NA,NA,NA,1.0,NA,NA,NA,1.0,NA	0.022
5940	0,5,0,0,0	0,0,0,0,0	0,0,0,0,82,0,0,0,0,0,21,0,0,0,6,0	0,0,0,0,8,0,0,0,0,0,0,0,0,0,0,0	298	149	1	1.0	NA,1.0,NA,NA,NA	NA,NA,NA,NA,0.837,NA,NA,NA,NA,NA,1.0,NA,NA,NA,1.0,NA	0.054
5941	0,4,0,0,0	0,0,0,0,0	0,0,0,0,142,0,0,0,0,0,30,0,0,0,8,0	0,0,0,0,34,0,0,0,0,0,14,0,0,0,6,1	219	149	1	1.0	NA,1.0,NA,NA,NA	NA,NA,NA,NA,0.74,NA,NA,NA,NA,NA,0.593,NA,NA,NA,0.476,0.0	0.548
5944	0,16,0,0,0	0,0,0,0,0	0,0,0,0,563,0,0,0,0,0,67,0,0,0,27,11	0,0,0,0,0,0,0,0,0,0,2,0,0,0,0,0	179	149	1	1.0	NA,1.0,NA,NA,NA	NA,NA,NA,NA,1.0,NA,NA,NA,NA,NA,0.965,NA,NA,NA,1.0,1.0	0.009
5945	0,10,0,0,0	0,18,0,0,0	0,0,0,0,22,0,0,0,0,0,31,0,0,0,0,3	0,0,0,0,25,0,0,0,0,0,18,0,0,0,0,10	157	149	1	1.0	NA,0.345,NA,NA,NA	NA,NA,NA,NA,0.455,NA,NA,NA,NA,NA,0.62,NA,NA,NA,NA,0.222	-0.087
5946	0,5,0,0,0	0,4,0,0,0	0,0,0,0,2,0,0,0,0,0,5,0,0,0,0,1	0,0,0,0,0,0,0,0,0,0,0,0,0,0,0,0	157	149	1	1.0	NA,0.543,NA,NA,NA	NA,NA,NA,NA,1.0,NA,NA,NA,NA,NA,1.0,NA,NA,NA,NA,1.0	-0.457
5947	0,41,0,0,0	0,8195,0,0,2	0,0,0,0,199,0,0,0,0,0,13,0,0,0,0,258	0,0,0,0,6150,0,0,0,6,8,4689,0,0,0,10,808	184	149	1	1.0	NA,0.004,NA,NA,0.0	NA,NA,NA,NA,0.026,NA,NA,NA,0.0,0.0,0.002,NA,NA,NA,0.0,0.205	-0.037
5948	0,23,0,0,0	0,0,0,0,0	0,0,0,0,474,0,0,0,0,0,11,0,0,0,0,233	0,0,0,0,0,0,0,0,0,0,0,0,0,0,0,3	220	149	1	1.0	NA,1.0,NA,NA,NA	NA,NA,NA,NA,1.0,NA,NA,NA,NA,NA,1.0,NA,NA,NA,NA,0.981	0.006
5949	0,37,0,0,0	0,0,0,0,0	0,0,0,0,50,0,0,0,0,0,13,0,0,0,0,18	0,0,0,0,0,0,0,0,0,0,4,0,0,0,0,0	153	149	1	1.0	NA,1.0,NA,NA,NA	NA,NA,NA,NA,1.0,NA,NA,NA,NA,NA,0.76,NA,NA,NA,NA,1.0	0.08
5953	0,56,0,0,0	0,8899,0,0,0	0,0,0,0,125,0,0,0,0,0,26,0,0,0,0,41	0,0,0,0,7950,0,0,0,0,8,5443,0,0,0,31,1281	166	149	1	1.0	NA,0.006,NA,NA,NA	NA,NA,NA,NA,0.014,NA,NA,NA,NA,0.0,0.004,NA,NA,NA,0.0,0.028	-0.003
5954	0,57,0,0,0	0,8899,0,0,0	0,0,0,0,124,0,0,0,0,0,26,0,0,0,0,44	0,0,0,0,7950,0,0,0,0,8,5443,0,0,0,31,1281	172	149	1	1.0	NA,0.006,NA,NA,NA	NA,NA,NA,NA,0.013,NA,NA,NA,NA,0.0,0.004,NA,NA,NA,0.0,0.029	-0.003
5955	0,1,0,0,0	0,0,0,0,0	0,0,0,0,20,0,0,0,0,0,0,0,0,0,0,3	0,0,0,0,21,0,0,0,0,0,0,0,0,0,0,0	155	149	1	1.0	NA,1.0,NA,NA,NA	NA,NA,NA,NA,0.478,NA,NA,NA,NA,NA,NA,NA,NA,NA,NA,1.0	0.261
5959	0,0,0,0,0	0,13,0,0,0	0,0,0,0,10,0,0,0,0,0,0,0,0,0,25,3	0,0,0,0,31,0,0,0,0,0,39,0,0,0,179,0	298	149	1	1.0	NA,0.0,NA,NA,NA	NA,NA,NA,NA,0.139,NA,NA,NA,NA,NA,0.0,NA,NA,NA,0.065,1.0	-0.301
5960	0,102,0,0,0	0,45,0,0,0	0,0,0,0,0,0,0,0,0,0,0,0,0,0,163,0	0,0,0,0,0,0,0,0,0,0,1,0,0,0,81,0	153	149	1	1.0	NA,0.688,NA,NA,NA	NA,NA,NA,NA,NA,NA,NA,NA,NA,NA,0.0,NA,NA,NA,0.662,NA	0.357
5962	0,0,0,0,0	0,27,0,0,0	0,0,0,0,6,0,0,0,0,0,13,0,0,0,0,10	0,0,0,0,126,0,0,0,0,0,79,0,0,0,4,17	170	149	1	1.0	NA,0.0,NA,NA,NA	NA,NA,NA,NA,0.04,NA,NA,NA,NA,NA,0.126,NA,NA,NA,0.0,0.34	-0.127
5967	0,11,0,0,0	0,0,0,0,0	0,0,0,0,103,0,0,0,0,0,66,0,0,0,15,7	0,0,0,0,0,0,0,0,0,0,7,0,0,0,3,2	160	149	1	1.0	NA,1.0,NA,NA,NA	NA,NA,NA,NA,1.0,NA,NA,NA,NA,NA,0.898,NA,NA,NA,0.823,0.765	0.128
5969	0,362,0,0,0	0,142,0,0,0	0,0,0,0,361,0,2,0,0,0,270,0,0,0,294,1	0,0,0,0,127,0,0,0,0,0,105,0,0,0,62,1	298	149	1	1.0	NA,0.56,NA,NA,NA	NA,NA,NA,NA,0.587,NA,1.0,NA,NA,NA,0.562,NA,NA,NA,0.703,0.333	-0.077
5971	0,4,0,0,2	0,0,0,0,0	0,0,0,0,46,0,0,0,0,0,18,0,0,0,192,31	0,0,0,0,0,0,0,0,0,0,8,0,0,0,0,0	232	149	1	1.0	NA,1.0,NA,NA,1.0	NA,NA,NA,NA,1.0,NA,NA,NA,NA,NA,0.591,NA,NA,NA,1.0,1.0	0.102
5976	0,14,2,0,0	0,0,0,0,0	0,0,0,0,57,0,0,0,0,0,102,0,0,0,610,48	0,0,0,0,25,0,0,0,0,0,28,0,0,0,98,9	173	149	1	1.0	NA,1.0,1.0,NA,NA	NA,NA,NA,NA,0.663,NA,NA,NA,NA,NA,0.758,NA,NA,NA,0.843,0.821	0.229
5977	0,0,2,0,0	0,0,0,0,0	0,0,0,0,0,0,0,0,0,0,12,0,0,0,84,0	0,0,0,0,0,0,0,0,0,0,0,0,0,0,8,0	173	149	1	1.0	NA,NA,1.0,NA,NA	NA,NA,NA,NA,NA,NA,NA,NA,NA,NA,1.0,NA,NA,NA,0.9,NA	0.05
5979	0,51,0,0,0	0,0,0,0,0	0,0,0,0,240,0,2,1,0,0,276,0,0,0,427,19	0,0,0,0,0,0,0,0,0,0,8,0,0,0,15,8	154	149	1	1.0	NA,1.0,NA,NA,NA	NA,NA,NA,NA,1.0,NA,1.0,1.0,NA,NA,0.971,NA,NA,NA,0.965,0.697	0.061
5980	0,0,0,0,0	0,5,0,0,0	0,0,0,0,3,0,0,0,0,0,3,0,0,0,9,2	0,0,0,0,3,0,0,0,0,0,65,0,0,0,174,8	184	149	1	1.0	NA,0.0,NA,NA,NA	NA,NA,NA,NA,0.447,NA,NA,NA,NA,NA,0.036,NA,NA,NA,0.04,0.168	-0.173
5982	0,397,4,0,4	0,0,0,0,0	0,0,0,0,1400,0,2,5,4,20,1585,0,0,0,5987,49	0,0,0,0,0,0,0,0,0,2,16,0,0,0,77,0	202	149	1	1.0	NA,1.0,1.0,NA,1.0	NA,NA,NA,NA,1.0,NA,1.0,1.0,1.0,0.881,0.986,NA,NA,NA,0.983,1.0	0.019
5983	0,18,0,0,0	0,0,0,0,0	0,0,0,0,75,2,0,2,0,0,50,0,0,0,372,49	0,0,0,0,0,0,0,0,0,0,2,0,0,0,0,0	219	149	1	1.0	NA,1.0,NA,NA,NA	NA,NA,NA,NA,1.0,1.0,NA,1.0,NA,NA,0.944,NA,NA,NA,1.0,1.0	0.009
5984	0,18,0,0,0	0,88,2,0,2	0,0,0,0,99,2,0,2,0,0,52,0,0,0,392,49	0,0,0,0,1100,2,0,11,2,2,1436,0,0,0,2608,61	219	149	1	1.0	NA,0.122,0.0,NA,0.0	NA,NA,NA,NA,0.058,0.405,NA,0.11,0.0,0.0,0.024,NA,NA,NA,0.093,0.353	-0.09
5985	0,56,0,0,0	0,72,0,0,0	0,0,0,0,110,0,0,0,0,0,47,0,0,0,35,0	0,0,0,0,347,0,0,0,0,0,158,0,0,0,157,18	152	149	1	1.0	NA,0.433,NA,NA,NA	NA,NA,NA,NA,0.237,NA,NA,NA,NA,NA,0.226,NA,NA,NA,0.179,0.0	0.273
5986	0,0,0,0,0	0,5,0,0,0	0,0,0,0,8,0,0,0,0,0,0,0,0,0,0,3	0,0,0,0,88,0,0,0,0,0,41,0,0,0,78,43	155	149	1	1.0	NA,0.0,NA,NA,NA	NA,NA,NA,NA,0.08,NA,NA,NA,NA,NA,0.0,NA,NA,NA,0.0,0.063	-0.036
5989	0,64,0,0,0	0,0,0,0,0	0,0,0,0,62,0,0,0,0,0,97,0,0,0,45,9	0,0,0,0,0,0,0,0,0,0,1,0,0,0,0,0	245	149	1	1.0	NA,1.0,NA,NA,NA	NA,NA,NA,NA,1.0,NA,NA,NA,NA,NA,0.983,NA,NA,NA,1.0,1.0	0.004
5990	0,83,0,0,0	0,20,0,0,0	0,0,0,0,311,0,0,0,0,0,327,0,0,0,111,6	0,0,0,0,224,0,0,0,0,0,229,0,0,0,46,5	165	149	1	1.0	NA,0.789,NA,NA,NA	NA,NA,NA,NA,0.556,NA,NA,NA,NA,NA,0.563,NA,NA,NA,0.685,0.52	0.208
5991	0,4,0,0,0	0,97,0,0,0	0,0,0,0,111,0,0,0,0,0,0,0,0,0,3,6	0,0,0,0,1180,0,0,0,0,0,235,0,0,0,93,3	265	149	1	1.0	NA,0.023,NA,NA,NA	NA,NA,NA,NA,0.05,NA,NA,NA,NA,NA,0.0,NA,NA,NA,0.018,0.529	-0.126
5992	0,104,0,0,4	0,0,0,0,0	0,0,0,0,635,0,0,3,2,0,667,0,0,0,606,417	0,0,0,0,0,0,0,0,0,0,0,0,0,0,0,1	298	149	1	1.0	NA,1.0,NA,NA,1.0	NA,NA,NA,NA,1.0,NA,NA,1.0,1.0,NA,1.0,NA,NA,NA,1.0,0.995	0.001
5993	0,539,2,0,4	0,1584,0,0,0	0,0,0,0,1683,2,0,1,0,0,3098,0,0,0,1558,204	0,0,0,0,2338,0,0,6,0,4,4741,0,0,0,3866,259	167	149	1	1.0	NA,0.233,1.0,NA,1.0	NA,NA,NA,NA,0.391,1.0,NA,0.129,NA,0.0,0.368,NA,NA,NA,0.264,0.413	0.378
5994	0,0,0,0,0	0,0,2,0,0	0,0,0,0,0,0,0,0,0,0,0,0,0,0,0,1	0,0,0,0,0,0,0,0,0,0,0,0,0,0,15,1	162	149	1	1.0	NA,NA,0.0,NA,NA	NA,NA,NA,NA,NA,NA,NA,NA,NA,NA,NA,NA,NA,NA,0.0,0.479	-0.239
5995	0,0,0,0,0	0,0,2,0,0	0,0,0,0,0,0,0,0,0,0,0,0,0,0,5,6	0,0,0,0,0,0,0,0,0,0,0,0,0,0,15,1	207	149	1	1.0	NA,NA,0.0,NA,NA	NA,NA,NA,NA,NA,NA,NA,NA,NA,NA,NA,NA,NA,NA,0.194,0.812	-0.503
6001	0,587,0,0,0	0,3,0,0,0	0,0,0,0,840,0,0,0,0,0,1598,0,0,0,346,84	0,0,0,0,0,0,0,0,0,0,10,0,0,0,0,0	172	149	1	1.0	NA,0.994,NA,NA,NA	NA,NA,NA,NA,1.0,NA,NA,NA,NA,NA,0.993,NA,NA,NA,1.0,1.0	-0.004
6002	0,9351,26,0,6	0,4,0,0,0	0,0,0,0,3476,18,12,11,0,2,4329,0,0,0,1607,40	0,0,0,0,0,0,0,0,0,0,4,0,0,0,0,0	298	149	1	1.0	NA,0.999,1.0,NA,1.0	NA,NA,NA,NA,1.0,1.0,1.0,1.0,NA,1.0,0.998,NA,NA,NA,1.0,1.0	-0.0
6003	0,96,0,0,0	0,21,0,0,2	0,0,0,0,342,0,0,1,0,0,187,0,0,0,82,947	0,0,0,0,111,0,0,0,0,0,107,0,0,0,239,84	266	149	1	1.0	NA,0.719,NA,NA,0.0	NA,NA,NA,NA,0.633,NA,NA,1.0,NA,NA,0.495,NA,NA,NA,0.161,0.863	-0.271
6004	0,28,0,0,0	0,272,0,0,0	0,0,0,0,75,0,0,0,0,0,15,0,0,0,23,26	0,0,0,0,397,0,0,0,0,0,205,0,0,0,81,88	204	149	1	1.0	NA,0.07,NA,NA,NA	NA,NA,NA,NA,0.121,NA,NA,NA,NA,NA,0.051,NA,NA,NA,0.172,0.177	-0.06
6005	0,8,0,0,0	0,3,0,0,0	0,0,0,0,74,0,0,0,0,0,39,0,0,0,17,7	0,0,0,0,12,0,2,0,0,0,32,0,0,0,8,0	208	149	1	1.0	NA,0.656,NA,NA,NA	NA,NA,NA,NA,0.815,NA,0.0,NA,NA,NA,0.466,NA,NA,NA,0.604,1.0	0.079
6006	0,13,0,0,0	0,138,0,0,0	0,0,0,0,74,0,0,0,0,0,46,0,0,0,18,7	0,0,0,0,361,0,0,0,0,0,1735,0,0,0,491,16	208	149	1	1.0	NA,0.063,NA,NA,NA	NA,NA,NA,NA,0.128,NA,NA,NA,NA,NA,0.019,NA,NA,NA,0.026,0.239	-0.04
6008	0,0,0,0,0	0,2,0,0,0	0,0,0,0,12,0,0,0,0,0,0,0,0,0,8,0	0,0,0,0,38,0,0,0,0,0,0,0,0,0,0,0	279	149	1	1.0	NA,0.0,NA,NA,NA	NA,NA,NA,NA,0.144,NA,NA,NA,NA,NA,NA,NA,NA,NA,1.0,NA	-0.572
6012	0,58,0,0,0	0,0,0,0,0	0,0,0,0,257,0,0,0,0,0,185,0,0,0,1,37	0,0,0,0,30,0,0,0,0,0,9,0,0,0,0,1	210	149	1	1.0	NA,1.0,NA,NA,NA	NA,NA,NA,NA,0.859,NA,NA,NA,NA,NA,0.936,NA,NA,NA,1.0,0.963	0.06
6014	0,1222,0,0,2	0,0,0,0,0	0,0,0,0,2293,0,0,0,0,2,2775,0,0,0,484,74	0,0,0,0,0,0,0,0,0,0,0,0,0,0,0,3	298	149	1	1.0	NA,1.0,NA,NA,1.0	NA,NA,NA,NA,1.0,NA,NA,NA,NA,1.0,1.0,NA,NA,NA,1.0,0.925	0.015
6016	0,52,0,0,0	0,1,0,0,0	0,0,0,0,307,2,0,2,0,0,353,0,0,0,161,17	0,0,0,0,35,0,0,0,0,0,38,0,0,0,14,0	298	149	1	1.0	NA,0.963,NA,NA,NA	NA,NA,NA,NA,0.814,1.0,NA,1.0,NA,NA,0.823,NA,NA,NA,0.852,1.0	0.048
6017	0,29,0,0,0	0,90,0,0,0	0,0,0,0,63,0,0,0,0,0,27,0,0,0,20,3	0,0,0,0,206,0,0,0,0,0,310,0,0,0,161,8	218	149	1	1.0	NA,0.18,NA,NA,NA	NA,NA,NA,NA,0.173,NA,NA,NA,NA,NA,0.056,NA,NA,NA,0.078,0.204	0.052
6019	0,144,4,0,2	0,0,0,0,0	0,0,0,0,867,2,2,17,0,0,3141,0,0,0,2720,1656	0,0,0,0,0,0,0,0,0,0,1,0,0,0,6,3	163	149	1	1.0	NA,1.0,1.0,NA,1.0	NA,NA,NA,NA,1.0,1.0,1.0,1.0,NA,NA,1.0,NA,NA,NA,0.998,0.998	0.001
6020	0,2,0,0,0	0,0,0,0,0	0,0,0,0,6,0,0,1,0,0,63,0,0,0,43,6	0,0,0,0,0,0,0,0,0,0,2,0,0,0,8,11	171	149	1	1.0	NA,1.0,NA,NA,NA	NA,NA,NA,NA,1.0,NA,NA,1.0,NA,NA,0.965,NA,NA,NA,0.824,0.322	0.178
6021	0,107,0,0,0	0,95,0,0,0	0,0,0,0,157,0,0,0,0,0,50,0,0,0,0,4	0,0,0,0,89,0,0,0,0,0,26,0,0,0,25,38	298	149	1	1.0	NA,0.36,NA,NA,NA	NA,NA,NA,NA,0.469,NA,NA,NA,NA,NA,0.49,NA,NA,NA,0.0,0.05	0.108
6023	0,7,0,0,0	0,32,6,0,0	0,0,0,0,0,0,0,0,0,2,18,0,0,0,87,0	0,0,0,0,273,6,0,6,0,2,292,0,0,0,428,10	298	149	1	1.0	NA,0.099,0.0,NA,NA	NA,NA,NA,NA,0.0,0.0,NA,0.0,NA,0.333,0.03,NA,NA,NA,0.092,0.0	-0.015
6024	0,2,0,0,0	0,2,0,0,0	0,0,0,0,16,0,0,0,0,0,15,0,0,0,114,2	0,0,0,0,13,0,0,0,0,0,0,0,0,0,3,1	261	149	1	1.0	NA,0.363,NA,NA,NA	NA,NA,NA,NA,0.413,NA,NA,NA,NA,NA,1.0,NA,NA,NA,0.956,0.533	-0.362
6026	0,0,0,0,0	0,107,0,0,0	0,0,0,0,8,0,0,0,0,0,12,0,0,0,0,3	0,0,0,0,398,0,0,0,0,0,423,0,0,0,347,22	298	149	1	1.0	NA,0.0,NA,NA,NA	NA,NA,NA,NA,0.01,NA,NA,NA,NA,NA,0.014,NA,NA,NA,0.0,0.064	-0.022
6027	0,6,0,0,0	0,129,0,0,0	0,0,0,0,19,0,0,0,0,0,8,0,0,0,36,1	0,0,0,0,320,0,2,0,0,2,300,0,0,0,591,57	153	149	1	1.0	NA,0.043,NA,NA,NA	NA,NA,NA,NA,0.055,NA,0.0,NA,NA,0.0,0.025,NA,NA,NA,0.056,0.017	0.017
6028	0,6,0,0,0	0,0,0,0,0	0,0,0,0,19,0,0,0,0,0,8,0,0,0,36,1	0,0,0,0,0,0,0,0,0,0,1,0,0,0,0,0	153	149	1	1.0	NA,1.0,NA,NA,NA	NA,NA,NA,NA,1.0,NA,NA,NA,NA,NA,0.886,NA,NA,NA,1.0,1.0	0.028
6029	0,12,0,0,0	0,0,0,0,0	0,0,0,0,286,0,0,0,0,0,22,0,0,0,79,2	0,0,0,0,51,0,0,0,0,0,22,0,0,0,34,0	298	149	1	1.0	NA,1.0,NA,NA,NA	NA,NA,NA,NA,0.737,NA,NA,NA,NA,NA,0.333,NA,NA,NA,0.537,1.0	0.348
6030	0,12,0,0,0	0,100,0,0,0	0,0,0,0,138,0,0,0,0,0,24,0,0,0,62,1	0,0,0,0,794,0,2,4,0,0,1204,0,0,0,1144,34	298	149	1	1.0	NA,0.057,NA,NA,NA	NA,NA,NA,NA,0.08,NA,0.0,0.0,NA,NA,0.01,NA,NA,NA,0.026,0.014	0.035
6031	0,17,0,0,0	0,5958,0,0,10	0,0,0,0,131,0,0,0,0,0,117,0,0,0,83,51	0,0,0,0,10725,0,6,10,0,8,17661,0,0,0,12276,2712	237	149	1	1.0	NA,0.002,NA,NA,0.0	NA,NA,NA,NA,0.008,NA,0.0,0.0,NA,0.0,0.004,NA,NA,NA,0.004,0.012	-0.003
6032	0,0,0,0,0	0,2,0,0,0	0,0,0,0,0,0,0,0,0,0,1,0,0,0,0,0	0,0,0,0,0,0,0,0,0,0,1,0,0,0,0,0	153	149	1	1.0	NA,0.0,NA,NA,NA	NA,NA,NA,NA,NA,NA,NA,NA,NA,NA,0.493,NA,NA,NA,NA,NA	-0.493
6033	0,1,0,0,0	0,63,0,0,0	0,0,0,0,3,0,0,0,0,0,1,0,0,0,0,3	0,0,0,0,171,0,0,2,0,2,186,0,0,0,92,9	298	149	1	1.0	NA,0.008,NA,NA,NA	NA,NA,NA,NA,0.009,NA,NA,0.0,NA,0.0,0.003,NA,NA,NA,0.0,0.143	-0.018
6034	0,3,0,0,0	0,48,0,0,0	0,0,0,0,46,0,0,0,0,0,24,0,0,0,32,0	0,0,0,0,15,0,0,0,0,0,196,0,0,0,179,3	213	149	1	1.0	NA,0.042,NA,NA,NA	NA,NA,NA,NA,0.682,NA,NA,NA,NA,NA,0.079,NA,NA,NA,0.111,0.0	-0.176
6037	0,0,0,0,0	0,80,0,0,0	0,0,0,0,0,0,0,0,0,0,2,0,0,0,0,1	0,0,0,0,141,0,0,2,0,0,279,0,0,0,156,15	159	149	1	1.0	NA,0.0,NA,NA,NA	NA,NA,NA,NA,0.0,NA,NA,0.0,NA,NA,0.007,NA,NA,NA,0.0,0.059	-0.013
6040	0,8,0,0,0	0,119,0,0,0	0,0,0,0,37,0,0,0,0,0,3,0,0,0,5,0	0,0,0,0,174,2,0,0,4,0,281,0,0,0,222,66	165	149	1	1.0	NA,0.057,NA,NA,NA	NA,NA,NA,NA,0.161,0.0,NA,NA,0.0,NA,0.01,NA,NA,NA,0.02,0.0	0.025
6041	0,350,0,0,0	0,3,0,0,0	0,0,0,0,260,0,0,0,0,0,325,0,0,0,246,17	0,0,0,0,0,0,0,0,0,0,0,0,0,0,0,0	298	149	1	1.0	NA,0.983,NA,NA,NA	NA,NA,NA,NA,1.0,NA,NA,NA,NA,NA,1.0,NA,NA,NA,1.0,1.0	-0.017
6042	0,4,0,0,0	0,31,0,0,0	0,0,0,0,23,0,0,0,0,0,12,0,0,0,12,7	0,0,0,0,202,0,0,0,0,0,170,0,0,0,157,7	220	149	1	1.0	NA,0.08,NA,NA,NA	NA,NA,NA,NA,0.072,NA,NA,NA,NA,NA,0.046,NA,NA,NA,0.049,0.404	-0.063
6044	0,125,0,0,0	0,35,0,0,0	0,0,0,0,226,0,0,2,0,0,305,0,0,0,211,7	0,0,0,0,69,0,0,0,0,4,141,0,0,0,212,4	206	149	1	1.0	NA,0.721,NA,NA,NA	NA,NA,NA,NA,0.703,NA,NA,1.0,NA,0.0,0.61,NA,NA,NA,0.419,0.559	0.172
6045	0,25,0,0,0	0,6975,14,0,2	0,0,0,0,61,0,0,0,0,0,4,0,0,0,28,47	0,0,0,0,5484,0,16,2,1,0,1245,0,0,0,1956,224	298	149	1	1.0	NA,0.002,0.0,NA,0.0	NA,NA,NA,NA,0.006,NA,0.0,0.0,0.0,NA,0.002,NA,NA,NA,0.007,0.095	-0.015
6046	0,935,54,0,10	0,0,0,0,0	0,0,0,0,4172,7,6,6,4,0,823,0,0,0,1993,130	0,0,0,0,12,0,0,0,0,0,0,0,0,0,0,0	298	149	1	1.0	NA,1.0,1.0,NA,1.0	NA,NA,NA,NA,0.994,1.0,1.0,1.0,1.0,NA,1.0,NA,NA,NA,1.0,1.0	0.001
6048	0,856,20,0,6	0,0,0,0,0	0,0,0,0,4789,7,0,6,8,0,778,0,0,0,1679,220	0,0,0,0,0,0,0,0,0,0,0,0,0,0,4,8	210	149	1	1.0	NA,1.0,1.0,NA,1.0	NA,NA,NA,NA,1.0,1.0,NA,1.0,1.0,NA,1.0,NA,NA,NA,0.997,0.951	0.007
6049	0,11,0,0,0	0,0,0,0,0	0,0,0,0,27,0,0,0,0,0,29,0,0,0,88,7	0,0,0,0,0,0,0,0,0,0,3,0,0,0,0,0	298	149	1	1.0	NA,1.0,NA,NA,NA	NA,NA,NA,NA,1.0,NA,NA,NA,NA,NA,0.829,NA,NA,NA,1.0,1.0	0.043
6051	0,0,0,0,0	0,2,0,0,0	0,0,0,0,14,0,0,0,0,0,2,0,0,0,27,0	0,0,0,0,5,0,0,0,0,0,55,0,0,0,206,0	211	149	1	1.0	NA,0.0,NA,NA,NA	NA,NA,NA,NA,0.664,NA,NA,NA,NA,NA,0.025,NA,NA,NA,0.085,NA	-0.258
6053	0,0,0,0,0	0,7,0,0,0	0,0,0,0,3,0,0,2,0,0,36,0,0,0,6,9	0,0,0,0,11,0,0,0,0,0,14,0,0,0,11,5	187	149	1	1.0	NA,0.0,NA,NA,NA	NA,NA,NA,NA,0.179,NA,NA,1.0,NA,NA,0.672,NA,NA,NA,0.303,0.589	-0.549
6054	0,4,0,0,0	0,0,0,0,0	0,0,0,0,3,0,0,0,0,0,24,0,0,0,0,1	0,0,0,0,0,0,0,0,0,0,12,0,0,0,1,1	187	149	1	1.0	NA,1.0,NA,NA,NA	NA,NA,NA,NA,1.0,NA,NA,NA,NA,NA,0.614,NA,NA,NA,0.0,0.443	0.486
6055	0,4,0,0,0	0,0,0,0,0	0,0,0,0,20,0,0,0,0,0,62,0,0,0,84,16	0,0,0,0,0,0,0,0,0,0,12,0,0,0,1,1	298	149	1	1.0	NA,1.0,NA,NA,NA	NA,NA,NA,NA,1.0,NA,NA,NA,NA,NA,0.721,NA,NA,NA,0.977,0.889	0.103
6056	0,4,0,0,0	0,4,0,0,0	0,0,0,0,17,0,0,0,0,0,50,0,0,0,97,16	0,0,0,0,0,0,0,0,0,0,7,0,0,0,0,1	298	149	1	1.0	NA,0.333,NA,NA,NA	NA,NA,NA,NA,1.0,NA,NA,NA,NA,NA,0.781,NA,NA,NA,1.0,0.889	-0.585
6066	0,1,0,0,0	0,1,0,0,0	0,0,0,0,0,0,0,0,0,0,3,0,0,0,9,0	0,0,0,0,1,0,0,0,0,0,0,0,0,0,2,0	207	149	1	1.0	NA,0.419,NA,NA,NA	NA,NA,NA,NA,0.0,NA,NA,NA,NA,NA,1.0,NA,NA,NA,0.764,NA	-0.169
6067	0,9,0,0,0	0,33,0,0,0	0,0,0,0,45,0,0,0,0,0,5,0,0,0,5,1	0,0,0,0,19,0,0,0,0,0,8,0,0,0,10,0	180	149	1	1.0	NA,0.184,NA,NA,NA	NA,NA,NA,NA,0.662,NA,NA,NA,NA,NA,0.341,NA,NA,NA,0.293,1.0	-0.39
6068	0,12,0,0,0	0,0,0,0,0	0,0,0,0,0,0,0,0,0,0,1,0,0,0,13,0	0,0,0,0,0,0,0,0,0,0,0,0,0,0,27,0	207	149	1	1.0	NA,1.0,NA,NA,NA	NA,NA,NA,NA,NA,NA,NA,NA,NA,NA,1.0,NA,NA,NA,0.257,NA	0.371
6071	0,0,0,0,0	0,14,0,0,0	0,0,0,0,0,0,0,0,0,0,0,0,0,0,3,0	0,0,0,0,16,0,0,0,0,0,0,0,0,0,9,0	180	149	1	1.0	NA,0.0,NA,NA,NA	NA,NA,NA,NA,0.0,NA,NA,NA,NA,NA,NA,NA,NA,NA,0.216,NA	-0.108
6072	0,0,0,0,0	0,28,0,0,0	0,0,0,0,0,0,0,0,0,0,6,0,0,0,3,5	0,0,0,0,42,0,0,0,0,0,9,0,0,0,35,0	180	149	1	1.0	NA,0.0,NA,NA,NA	NA,NA,NA,NA,0.0,NA,NA,NA,NA,NA,0.356,NA,NA,NA,0.066,1.0	-0.355
6074	0,38,0,0,0	0,9,0,0,0	0,0,0,0,73,2,0,0,0,0,7,0,0,0,63,10	0,0,0,0,50,0,0,0,0,0,19,0,0,0,36,1	298	149	1	1.0	NA,0.679,NA,NA,NA	NA,NA,NA,NA,0.422,1.0,NA,NA,NA,NA,0.156,NA,NA,NA,0.467,0.833	0.103
6075	0,13,0,0,0	0,7,0,0,0	0,0,0,0,59,2,0,0,0,0,6,0,0,0,47,11	0,0,0,0,0,0,0,0,0,0,11,0,0,0,6,0	298	149	1	1.0	NA,0.481,NA,NA,NA	NA,NA,NA,NA,1.0,1.0,NA,NA,NA,NA,0.214,NA,NA,NA,0.797,1.0	-0.321
6077	0,63,0,0,0	0,0,0,0,0	0,0,0,0,76,2,0,0,0,0,21,0,0,0,53,9	0,0,0,0,9,0,0,0,0,0,3,0,0,0,7,0	298	149	1	1.0	NA,1.0,NA,NA,NA	NA,NA,NA,NA,0.809,1.0,NA,NA,NA,NA,0.778,NA,NA,NA,0.791,1.0	0.124
6078	0,33,0,0,0	0,9,0,0,0	0,0,0,0,38,0,0,0,0,0,12,0,0,0,34,0	0,0,0,0,50,0,0,0,0,0,19,0,0,0,36,1	218	149	1	1.0	NA,0.715,NA,NA,NA	NA,NA,NA,NA,0.342,NA,NA,NA,NA,NA,0.302,NA,NA,NA,0.392,0.0	0.456
6080	0,62,0,0,0	0,0,0,0,0	0,0,0,0,76,0,0,0,0,0,26,0,0,0,52,8	0,0,0,0,9,0,0,0,0,0,3,0,0,0,7,0	298	149	1	1.0	NA,1.0,NA,NA,NA	NA,NA,NA,NA,0.809,NA,NA,NA,NA,NA,0.812,NA,NA,NA,0.788,1.0	0.148
6082	0,49,0,0,0	0,0,0,0,0	0,0,0,0,105,0,0,0,0,0,33,0,0,0,62,9	0,0,0,0,9,0,0,0,0,0,3,0,0,0,7,0	277	149	1	1.0	NA,1.0,NA,NA,NA	NA,NA,NA,NA,0.863,NA,NA,NA,NA,NA,0.855,NA,NA,NA,0.827,1.0	0.114
6084	0,23,0,0,0	0,0,0,0,0	0,0,0,0,24,0,0,0,0,0,16,0,0,0,15,6	0,0,0,0,0,0,0,0,0,0,0,0,0,0,15,0	298	149	1	1.0	NA,1.0,NA,NA,NA	NA,NA,NA,NA,1.0,NA,NA,NA,NA,NA,1.0,NA,NA,NA,0.333,1.0	0.167
6085	0,26,0,0,0	0,0,0,0,0	0,0,0,0,38,0,0,0,0,0,1,0,0,0,28,0	0,0,0,0,0,0,0,0,0,0,2,0,0,0,0,0	218	149	1	1.0	NA,1.0,NA,NA,NA	NA,NA,NA,NA,1.0,NA,NA,NA,NA,NA,0.255,NA,NA,NA,1.0,NA	0.248
6086	0,0,0,0,0	0,20,0,0,0	0,0,0,0,29,0,0,0,0,0,58,0,0,0,0,1	0,0,0,0,67,0,0,0,0,0,113,0,0,0,0,4	298	149	1	1.0	NA,0.0,NA,NA,NA	NA,NA,NA,NA,0.178,NA,NA,NA,NA,NA,0.204,NA,NA,NA,NA,0.111	-0.164
6088	0,0,0,0,0	0,2,2,0,0	0,0,0,0,10,0,0,0,0,0,0,0,0,0,0,0	0,0,0,0,34,0,0,0,0,0,20,0,0,0,10,3	298	149	1	1.0	NA,0.0,0.0,NA,NA	NA,NA,NA,NA,0.128,NA,NA,NA,NA,NA,0.0,NA,NA,NA,0.0,0.0	-0.032
6090	0,2986,0,0,8	0,78,0,0,0	0,0,0,0,59,0,0,0,0,4,5410,0,0,0,116,121	0,0,0,0,0,0,0,0,0,0,84,0,0,0,0,4	298	149	1	1.0	NA,0.95,NA,NA,1.0	NA,NA,NA,NA,1.0,NA,NA,NA,NA,1.0,0.97,NA,NA,NA,1.0,0.938	-0.007
6091	0,317,0,0,0	0,0,0,0,0	0,0,0,0,45,0,0,0,0,0,399,0,0,0,5,20	0,0,0,0,0,0,0,0,0,0,1,0,0,0,0,0	298	149	1	1.0	NA,1.0,NA,NA,NA	NA,NA,NA,NA,1.0,NA,NA,NA,NA,NA,0.995,NA,NA,NA,1.0,1.0	0.001
6092	0,2852,0,0,2	0,14,0,0,0	0,0,0,0,16,0,0,6,0,0,5749,0,0,0,67,359	0,0,0,0,0,0,0,0,0,0,0,0,0,0,0,0	274	149	1	1.0	NA,0.991,NA,NA,1.0	NA,NA,NA,NA,1.0,NA,NA,1.0,NA,NA,1.0,NA,NA,NA,1.0,1.0	-0.004
6093	0,3931,0,0,10	0,0,0,0,0	0,0,0,0,101,0,0,3,0,0,7130,0,0,0,27,207	0,0,0,0,0,0,0,0,0,0,17,0,0,0,0,0	298	149	1	1.0	NA,1.0,NA,NA,1.0	NA,NA,NA,NA,1.0,NA,NA,1.0,NA,NA,0.995,NA,NA,NA,1.0,1.0	0.001
6096	0,292,4,0,2	0,6,0,0,0	0,0,0,0,1,0,0,2,4,0,301,0,0,0,501,0	0,0,0,0,0,0,0,0,0,0,5,0,0,0,25,0	246	149	1	1.0	NA,0.967,1.0,NA,1.0	NA,NA,NA,NA,1.0,NA,NA,1.0,1.0,NA,0.973,NA,NA,NA,0.924,NA	0.01
6097	0,1,0,0,0	0,1098,0,0,2	0,0,0,0,0,0,0,0,0,0,10,0,0,0,0,0	0,0,0,0,2448,0,2,6,2,4,1651,0,0,0,1317,96	298	149	1	1.0	NA,0.0,NA,NA,0.0	NA,NA,NA,NA,0.0,NA,0.0,0.0,0.0,0.0,0.003,NA,NA,NA,0.0,0.0	-0.0
6101	0,3,0,0,0	0,4,0,0,0	0,0,0,0,0,0,0,0,0,0,0,0,0,0,0,0	0,0,0,0,180,0,0,0,0,0,20,0,0,0,20,0	240	149	1	1.0	NA,0.318,NA,NA,NA	NA,NA,NA,NA,0.0,NA,NA,NA,NA,NA,0.0,NA,NA,NA,0.0,NA	0.318
6102	0,15,0,0,0	0,131,0,0,4	0,0,0,0,17,0,0,0,0,0,17,0,0,0,12,7	0,0,0,0,400,0,4,0,0,0,755,0,0,0,393,76	298	149	1	1.0	NA,0.054,NA,NA,0.0	NA,NA,NA,NA,0.021,NA,0.0,NA,NA,NA,0.011,NA,NA,NA,0.015,0.044	0.009
6103	0,49,0,0,0	0,1,0,0,0	0,0,0,0,126,2,0,4,0,0,1044,0,0,0,526,70	0,0,0,0,21,0,0,0,0,0,37,0,0,0,19,2	298	149	1	1.0	NA,0.961,NA,NA,NA	NA,NA,NA,NA,0.75,1.0,NA,1.0,NA,NA,0.934,NA,NA,NA,0.933,0.946	0.034
6104	0,26,0,0,0	0,0,0,0,0	0,0,0,0,84,0,0,0,0,0,612,0,0,0,290,36	0,0,0,0,0,0,0,0,0,0,5,0,0,0,0,0	298	149	1	1.0	NA,1.0,NA,NA,NA	NA,NA,NA,NA,1.0,NA,NA,NA,NA,NA,0.984,NA,NA,NA,1.0,1.0	0.004
6109	0,18,0,0,0	0,3,0,0,0	0,0,0,0,37,0,0,0,0,0,54,0,0,0,10,18	0,0,0,0,19,0,0,0,0,0,23,0,0,0,56,17	298	149	1	1.0	NA,0.75,NA,NA,NA	NA,NA,NA,NA,0.493,NA,NA,NA,NA,NA,0.54,NA,NA,NA,0.082,0.346	0.385
6110	0,18,0,0,0	0,0,0,0,0	0,0,0,0,37,0,0,2,0,0,70,0,0,0,10,18	0,0,0,0,2,0,0,0,0,0,13,0,0,0,3,6	298	149	1	1.0	NA,1.0,NA,NA,NA	NA,NA,NA,NA,0.902,NA,NA,1.0,NA,NA,0.729,NA,NA,NA,0.625,0.6	0.229
6114	0,2,0,0,0	0,0,0,0,0	0,0,0,0,0,0,0,0,0,0,8,0,0,0,11,21	0,0,0,0,0,0,0,0,0,0,10,0,0,0,0,0	246	149	1	1.0	NA,1.0,NA,NA,NA	NA,NA,NA,NA,NA,NA,NA,NA,NA,NA,0.326,NA,NA,NA,1.0,1.0	0.225
6119	0,11,0,0,0	0,0,0,0,0	0,0,0,0,174,0,0,0,0,0,40,0,0,0,5,3	0,0,0,0,0,0,0,0,0,0,1,0,0,0,0,0	177	149	1	1.0	NA,1.0,NA,NA,NA	NA,NA,NA,NA,1.0,NA,NA,NA,NA,NA,0.971,NA,NA,NA,1.0,1.0	0.007
6120	0,21,0,0,0	0,6,0,0,0	0,0,0,0,29,0,0,0,0,0,35,0,0,0,48,4	0,0,0,0,0,0,0,0,0,0,6,0,0,0,24,0	153	149	1	1.0	NA,0.773,NA,NA,NA	NA,NA,NA,NA,1.0,NA,NA,NA,NA,NA,0.85,NA,NA,NA,0.661,1.0	-0.105
6121	0,1,0,0,0	0,16,0,0,0	0,0,0,0,103,0,0,0,0,0,29,0,0,0,36,3	0,0,0,0,93,4,0,0,0,0,111,0,0,0,91,21	208	149	1	1.0	NA,0.043,NA,NA,NA	NA,NA,NA,NA,0.442,0.0,NA,NA,NA,NA,0.158,NA,NA,NA,0.221,0.093	-0.14
6122	0,32,0,0,0	0,0,0,0,0	0,0,0,0,347,4,0,0,0,0,239,0,0,0,286,22	0,0,0,0,0,0,0,0,0,0,9,0,0,0,0,0	194	149	1	1.0	NA,1.0,NA,NA,NA	NA,NA,NA,NA,1.0,1.0,NA,NA,NA,NA,0.953,NA,NA,NA,1.0,1.0	0.009
6124	0,0,0,0,0	0,32,0,0,0	0,0,0,0,0,0,0,0,0,0,0,0,0,0,18,0	0,0,0,0,347,4,0,0,0,0,236,0,0,0,286,22	217	149	1	1.0	NA,0.0,NA,NA,NA	NA,NA,NA,NA,0.0,0.0,NA,NA,NA,NA,0.0,NA,NA,NA,0.041,0.0	-0.008
6125	0,8,0,0,0	0,0,0,0,0	0,0,0,0,5,0,0,0,0,0,28,0,0,0,8,0	0,0,0,0,0,0,0,0,0,0,7,0,0,0,0,0	160	149	1	1.0	NA,1.0,NA,NA,NA	NA,NA,NA,NA,1.0,NA,NA,NA,NA,NA,0.788,NA,NA,NA,1.0,NA	0.071
6126	0,25,0,0,0	0,0,0,0,0	0,0,0,0,106,0,0,0,0,0,51,0,0,0,44,25	0,0,0,0,0,0,0,0,0,0,2,0,0,0,0,0	298	149	1	1.0	NA,1.0,NA,NA,NA	NA,NA,NA,NA,1.0,NA,NA,NA,NA,NA,0.927,NA,NA,NA,1.0,1.0	0.018
6127	0,0,0,0,0	0,42,0,0,0	0,0,0,0,0,0,0,0,0,0,4,0,0,0,0,0	0,0,0,0,227,2,0,2,0,0,393,0,0,0,323,34	165	149	1	1.0	NA,0.0,NA,NA,NA	NA,NA,NA,NA,0.0,0.0,NA,0.0,NA,NA,0.009,NA,NA,NA,0.0,0.0	-0.001
6129	0,10,0,0,0	0,21,0,0,0	0,0,0,0,18,0,0,0,0,0,5,0,0,0,0,5	0,0,0,0,24,0,0,0,0,0,66,0,0,0,0,15	160	149	1	1.0	NA,0.307,NA,NA,NA	NA,NA,NA,NA,0.411,NA,NA,NA,NA,NA,0.066,NA,NA,NA,NA,0.237	0.069
6132	0,16,0,0,0	0,0,0,0,0	0,0,0,0,95,0,0,0,0,0,99,0,0,0,87,4	0,0,0,0,0,0,0,0,0,0,0,0,0,0,2,0	225	149	1	1.0	NA,1.0,NA,NA,NA	NA,NA,NA,NA,1.0,NA,NA,NA,NA,NA,1.0,NA,NA,NA,0.966,1.0	0.008
6135	0,17,0,0,0	0,0,0,0,0	0,0,0,0,180,0,2,0,0,0,252,0,0,0,302,12	0,0,0,0,0,0,0,0,0,0,4,0,0,0,0,0	156	149	1	1.0	NA,1.0,NA,NA,NA	NA,NA,NA,NA,1.0,NA,1.0,NA,NA,NA,0.984,NA,NA,NA,1.0,1.0	0.003
6136	0,266,0,0,2	0,0,0,0,0	0,0,0,0,543,0,0,0,0,0,227,0,0,0,277,53	0,0,0,0,0,0,0,0,0,0,1,0,0,0,0,2	248	149	1	1.0	NA,1.0,NA,NA,1.0	NA,NA,NA,NA,1.0,NA,NA,NA,NA,NA,0.993,NA,NA,NA,1.0,0.941	0.017
6138	0,5,0,0,0	0,3,1,0,0	0,0,0,0,22,0,0,0,0,0,13,0,0,0,6,4	0,0,0,0,0,0,0,0,0,0,20,0,0,0,24,4	298	149	1	1.0	NA,0.455,0.0,NA,NA	NA,NA,NA,NA,1.0,NA,NA,NA,NA,NA,0.245,NA,NA,NA,0.111,0.333	-0.195
6142	0,9,2,0,0	0,0,0,0,0	0,0,0,0,98,0,0,0,0,0,53,0,0,0,224,20	0,0,0,0,7,0,0,0,0,0,0,0,0,0,0,0	214	149	1	1.0	NA,1.0,1.0,NA,NA	NA,NA,NA,NA,0.907,NA,NA,NA,NA,NA,1.0,NA,NA,NA,1.0,1.0	0.023
6146	0,0,0,0,0	0,5,0,0,0	0,0,0,0,0,0,0,2,0,0,8,0,0,0,7,0	0,0,0,0,0,0,2,3,0,0,192,0,0,0,510,0	207	149	1	1.0	NA,0.0,NA,NA,NA	NA,NA,NA,NA,NA,NA,0.0,0.324,NA,NA,0.029,NA,NA,NA,0.01,NA	-0.091
6147	0,22,0,0,0	0,0,0,0,0	0,0,0,0,300,0,2,0,0,0,122,0,0,0,277,79	0,0,0,0,29,0,0,0,0,0,2,0,0,0,13,3	186	149	1	1.0	NA,1.0,NA,NA,NA	NA,NA,NA,NA,0.892,NA,1.0,NA,NA,NA,0.98,NA,NA,NA,0.945,0.955	0.046
6148	0,0,0,0,0	0,2,0,0,0	0,0,0,0,0,0,0,0,0,0,4,0,0,0,0,0	0,0,0,0,96,0,0,0,0,0,168,0,0,0,108,9	153	149	1	1.0	NA,0.0,NA,NA,NA	NA,NA,NA,NA,0.0,NA,NA,NA,NA,NA,0.023,NA,NA,NA,0.0,0.0	-0.006
6149	0,100,0,0,0	0,2,0,0,0	0,0,0,0,62,0,0,0,0,0,78,0,0,0,47,1	0,0,0,0,16,0,0,0,0,0,31,0,0,0,17,3	190	149	1	1.0	NA,0.975,NA,NA,NA	NA,NA,NA,NA,0.752,NA,NA,NA,NA,NA,0.664,NA,NA,NA,0.684,0.207	0.398
6150	0,251,0,0,0	0,0,0,0,0	0,0,0,0,244,0,0,0,0,0,372,0,0,0,282,39	0,0,0,0,6,0,0,0,0,0,0,0,0,0,0,0	298	149	1	1.0	NA,1.0,NA,NA,NA	NA,NA,NA,NA,0.953,NA,NA,NA,NA,NA,1.0,NA,NA,NA,1.0,1.0	0.012
6151	0,243,0,0,2	0,0,0,0,0	0,0,0,0,312,0,0,0,0,0,357,0,0,0,290,31	0,0,0,0,24,0,0,0,0,0,47,0,0,0,17,5	298	149	1	1.0	NA,1.0,NA,NA,1.0	NA,NA,NA,NA,0.867,NA,NA,NA,NA,NA,0.792,NA,NA,NA,0.895,0.756	0.172
6152	0,102,0,0,0	0,2,0,0,0	0,0,0,0,158,0,0,0,0,0,242,0,0,0,155,10	0,0,0,0,16,0,0,0,0,0,31,0,0,0,17,3	186	149	1	1.0	NA,0.976,NA,NA,NA	NA,NA,NA,NA,0.888,NA,NA,NA,NA,NA,0.862,NA,NA,NA,0.88,0.728	0.137
6153	0,253,0,0,0	0,0,0,0,0	0,0,0,0,340,0,0,0,0,0,540,0,0,0,390,48	0,0,0,0,6,0,0,0,0,0,0,0,0,0,0,0	298	149	1	1.0	NA,1.0,NA,NA,NA	NA,NA,NA,NA,0.966,NA,NA,NA,NA,NA,1.0,NA,NA,NA,1.0,1.0	0.008
6154	0,245,0,0,2	0,0,0,0,0	0,0,0,0,408,0,0,0,0,0,525,0,0,0,398,40	0,0,0,0,24,0,0,0,0,0,47,0,0,0,17,5	298	149	1	1.0	NA,1.0,NA,NA,1.0	NA,NA,NA,NA,0.895,NA,NA,NA,NA,NA,0.848,NA,NA,NA,0.921,0.8	0.134
6155	0,248,0,0,0	0,0,0,0,0	0,0,0,0,240,0,0,0,0,0,398,0,0,0,284,42	0,0,0,0,6,0,0,0,0,0,0,0,0,0,0,0	294	149	1	1.0	NA,1.0,NA,NA,NA	NA,NA,NA,NA,0.953,NA,NA,NA,NA,NA,1.0,NA,NA,NA,1.0,1.0	0.012
6156	0,245,0,0,2	0,0,0,0,0	0,0,0,0,328,0,0,0,0,0,388,0,0,0,307,34	0,0,0,0,24,0,0,0,0,0,47,0,0,0,17,5	298	149	1	1.0	NA,1.0,NA,NA,1.0	NA,NA,NA,NA,0.872,NA,NA,NA,NA,NA,0.805,NA,NA,NA,0.9,0.773	0.162
6157	0,40,0,0,2	0,0,0,0,0	0,0,0,0,136,0,0,0,0,0,82,0,0,0,90,5	0,0,0,0,24,0,0,0,0,0,47,0,0,0,17,5	187	149	1	1.0	NA,1.0,NA,NA,1.0	NA,NA,NA,NA,0.819,NA,NA,NA,NA,NA,0.582,NA,NA,NA,0.808,0.443	0.337
6160	0,0,0,0,0	0,1,0,0,0	0,0,0,0,0,0,0,0,0,0,3,0,0,0,0,0	0,0,0,0,123,0,0,0,0,0,57,0,0,0,157,18	154	149	1	1.0	NA,0.0,NA,NA,NA	NA,NA,NA,NA,0.0,NA,NA,NA,NA,NA,0.048,NA,NA,NA,0.0,0.0	-0.012
6161	0,242,0,0,2	0,0,0,0,0	0,0,0,0,1067,0,0,0,0,0,705,0,0,0,48,25	0,0,0,0,19,0,0,0,0,0,5,0,0,0,0,1	227	149	1	1.0	NA,1.0,NA,NA,1.0	NA,NA,NA,NA,0.974,NA,NA,NA,NA,NA,0.989,NA,NA,NA,1.0,0.943	0.023
6163	0,0,0,0,0	0,5,0,0,0	0,0,0,0,53,0,2,0,0,0,29,0,0,0,64,17	0,0,0,0,67,0,8,0,0,0,95,0,0,0,252,2	298	149	1	1.0	NA,0.0,NA,NA,NA	NA,NA,NA,NA,0.283,NA,0.111,NA,NA,NA,0.132,NA,NA,NA,0.113,0.81	-0.29
6165	0,0,0,0,0	0,8,0,0,0	0,0,0,0,0,0,0,0,0,0,0,0,0,0,7,0	0,0,0,0,15,0,0,0,0,0,19,0,0,0,191,6	158	149	1	1.0	NA,0.0,NA,NA,NA	NA,NA,NA,NA,0.0,NA,NA,NA,NA,NA,0.0,NA,NA,NA,0.033,0.0	-0.008
6166	0,0,0,0,0	0,15,2,0,0	0,0,0,0,0,0,0,0,0,0,0,0,0,0,1,0	0,0,0,0,134,1,0,0,0,0,123,0,0,0,370,23	298	149	1	1.0	NA,0.0,0.0,NA,NA	NA,NA,NA,NA,0.0,0.0,NA,NA,NA,NA,0.0,NA,NA,NA,0.001,0.0	-0.0
6169	0,4,0,0,0	0,7,0,0,0	0,0,0,0,0,0,0,0,0,0,1,0,0,0,12,0	0,0,0,0,23,0,0,0,2,0,6,0,0,0,22,6	166	149	1	1.0	NA,0.339,NA,NA,NA	NA,NA,NA,NA,0.0,NA,NA,NA,0.0,NA,0.13,NA,NA,NA,0.329,0.0	0.247
6170	0,30,0,0,2	0,10,0,0,0	0,0,0,0,113,0,2,0,0,0,215,0,0,0,75,26	0,0,0,0,0,0,0,0,0,0,0,0,0,0,0,0	278	149	1	1.0	NA,0.617,NA,NA,1.0	NA,NA,NA,NA,1.0,NA,1.0,NA,NA,NA,1.0,NA,NA,NA,1.0,1.0	-0.192
6173	0,22694,3,0,6	0,5,0,0,0	0,0,0,0,530,14,4,32,2,18,22900,0,0,0,8770,7405	0,0,0,0,0,0,0,0,0,0,11,0,0,0,5,2	298	149	1	1.0	NA,1.0,1.0,NA,1.0	NA,NA,NA,NA,1.0,1.0,1.0,1.0,1.0,1.0,0.999,NA,NA,NA,0.999,0.999	0.0
6174	0,96,0,0,0	0,10,0,0,0	0,0,0,0,0,0,0,0,0,0,117,0,0,0,111,163	0,0,0,0,0,0,0,0,0,0,1,0,0,0,0,0	298	149	1	1.0	NA,0.828,NA,NA,NA	NA,NA,NA,NA,NA,NA,NA,NA,NA,NA,0.983,NA,NA,NA,1.0,1.0	-0.166
6175	0,492,0,0,0	0,18133,0,0,14	0,0,0,0,19,0,0,2,0,0,184,0,0,0,89,102	0,0,0,0,823,6,0,32,4,22,26315,0,0,0,8654,2645	298	149	1	1.0	NA,0.013,NA,NA,0.0	NA,NA,NA,NA,0.011,0.0,NA,0.03,0.0,0.0,0.003,NA,NA,NA,0.005,0.019	-0.002
6176	0,18224,0,0,14	0,2,0,0,0	0,0,0,0,823,6,0,32,4,22,26421,0,0,0,8760,2806	0,0,0,0,0,0,0,0,0,0,0,0,0,0,0,1	298	149	1	1.0	NA,1.0,NA,NA,1.0	NA,NA,NA,NA,1.0,1.0,NA,1.0,1.0,1.0,1.0,NA,NA,NA,1.0,0.999	0.0
6177	0,2602,0,0,2	0,18,0,0,0	0,0,0,0,1772,0,0,0,2,4,5173,0,0,0,2119,472	0,0,0,0,0,0,0,0,0,0,105,0,0,0,7,5	298	149	1	1.0	NA,0.986,NA,NA,1.0	NA,NA,NA,NA,1.0,NA,NA,NA,1.0,1.0,0.961,NA,NA,NA,0.993,0.979	0.004
6178	0,1,0,0,0	0,0,0,0,0	0,0,0,0,0,0,0,0,0,0,2,0,0,0,8,1	0,0,0,0,9,0,0,0,0,0,2,0,0,0,56,3	241	149	1	1.0	NA,1.0,NA,NA,NA	NA,NA,NA,NA,0.0,NA,NA,NA,NA,NA,0.382,NA,NA,NA,0.081,0.171	0.842
6180	0,2,0,0,0	0,250,0,0,0	0,0,0,0,20,0,0,0,0,0,0,0,0,0,0,3	0,0,0,0,286,0,0,4,0,0,402,0,0,0,108,50	298	149	1	1.0	NA,0.004,NA,NA,NA	NA,NA,NA,NA,0.034,NA,NA,0.0,NA,NA,0.0,NA,NA,NA,0.0,0.029	-0.009
6181	0,0,0,0,0	0,250,0,0,0	0,0,0,0,20,0,0,0,0,0,0,0,0,0,0,3	0,0,0,0,286,0,0,4,0,0,402,0,0,0,108,50	298	149	1	1.0	NA,0.0,NA,NA,NA	NA,NA,NA,NA,0.034,NA,NA,0.0,NA,NA,0.0,NA,NA,NA,0.0,0.029	-0.013
6186	0,10,0,0,0	0,244,0,0,0	0,0,0,0,38,0,0,0,0,0,2,0,0,0,213,2	0,0,0,0,584,0,0,8,0,0,46,0,0,0,7307,10	298	149	1	1.0	NA,0.02,NA,NA,NA	NA,NA,NA,NA,0.032,NA,NA,0.0,NA,NA,0.021,NA,NA,NA,0.014,0.091	-0.012
6188	0,1,0,0,0	0,0,0,0,0	0,0,0,0,40,0,0,0,0,0,27,0,0,0,19,1	0,0,0,0,0,0,0,0,0,0,0,0,0,0,9,0	298	149	1	1.0	NA,1.0,NA,NA,NA	NA,NA,NA,NA,1.0,NA,NA,NA,NA,NA,1.0,NA,NA,NA,0.514,1.0	0.121
6190	0,306,0,0,0	0,32,0,0,0	0,0,0,0,324,0,0,0,0,0,204,0,0,0,14,23	0,0,0,0,49,0,0,0,0,0,37,0,0,0,16,1	168	149	1	1.0	NA,0.895,NA,NA,NA	NA,NA,NA,NA,0.854,NA,NA,NA,NA,NA,0.83,NA,NA,NA,0.437,0.953	0.127
6191	0,35,0,0,0	0,94,0,0,0	0,0,0,0,51,0,0,0,0,0,17,0,0,0,0,1	0,0,0,0,178,0,0,0,6,4,132,0,0,0,4,41	279	149	1	1.0	NA,0.166,NA,NA,NA	NA,NA,NA,NA,0.133,NA,NA,NA,0.0,0.0,0.064,NA,NA,NA,0.0,0.013	0.131
6192	0,2,0,0,0	0,0,0,0,0	0,0,0,0,21,0,0,0,0,0,44,0,0,0,69,29	0,0,0,0,0,0,0,0,0,0,0,0,0,0,0,1	172	149	1	1.0	NA,1.0,NA,NA,NA	NA,NA,NA,NA,1.0,NA,NA,NA,NA,NA,1.0,NA,NA,NA,1.0,0.962	0.01
6193	0,17,0,0,0	0,0,0,0,0	0,0,0,0,38,0,0,0,0,0,16,0,0,0,8,8	0,0,0,0,25,0,0,0,0,0,7,0,0,0,17,1	230	149	1	1.0	NA,1.0,NA,NA,NA	NA,NA,NA,NA,0.496,NA,NA,NA,NA,NA,0.597,NA,NA,NA,0.234,0.838	0.459
6199	0,1375,2,0,0	0,13240,12,0,4	0,0,0,0,131,0,0,0,0,0,10,0,0,0,102,2	0,0,0,0,1106,2,6,15,0,4,53,0,0,0,782,23	162	149	1	1.0	NA,0.087,0.133,NA,0.0	NA,NA,NA,NA,0.098,0.0,0.0,0.0,NA,0.0,0.148,NA,NA,NA,0.107,0.074	0.02
6201	0,22,0,0,0	0,155,0,0,0	0,0,0,0,7,0,0,0,0,0,15,0,0,0,0,6	0,0,0,0,92,0,0,0,0,0,349,0,0,0,20,12	159	149	1	1.0	NA,0.117,NA,NA,NA	NA,NA,NA,NA,0.067,NA,NA,NA,NA,NA,0.039,NA,NA,NA,0.0,0.319	0.011
6202	0,1319,0,0,0	0,7,0,0,0	0,0,0,0,562,0,0,0,0,2,1500,0,0,0,12,28	0,0,0,0,0,0,0,0,0,0,62,0,0,0,0,0	298	149	1	1.0	NA,0.989,NA,NA,NA	NA,NA,NA,NA,1.0,NA,NA,NA,NA,1.0,0.924,NA,NA,NA,1.0,1.0	0.004
6203	0,1258,0,0,0	0,7,0,0,0	0,0,0,0,575,0,0,0,0,0,1645,0,0,0,10,24	0,0,0,0,0,0,0,0,0,0,1,0,0,0,0,0	298	149	1	1.0	NA,0.989,NA,NA,NA	NA,NA,NA,NA,1.0,NA,NA,NA,NA,NA,0.999,NA,NA,NA,1.0,1.0	-0.011
6204	0,595,0,0,0	0,31,0,0,0	0,0,0,0,535,0,0,0,2,0,985,0,0,0,84,66	0,0,0,0,5,0,0,0,0,0,121,0,0,0,25,4	230	149	1	1.0	NA,0.926,NA,NA,NA	NA,NA,NA,NA,0.986,NA,NA,NA,1.0,NA,0.841,NA,NA,NA,0.685,0.914	0.041
6206	0,0,0,0,0	0,25,0,0,1	0,0,0,0,78,0,0,0,0,2,141,0,0,0,7,12	0,0,0,0,257,0,0,0,0,0,340,0,0,0,203,25	268	149	1	1.0	NA,0.0,NA,NA,0.0	NA,NA,NA,NA,0.144,NA,NA,NA,NA,1.0,0.187,NA,NA,NA,0.019,0.211	-0.312
6207	0,17,0,0,0	0,88,0,0,0	0,0,0,0,53,0,0,0,0,0,120,0,0,0,56,4	0,0,0,0,128,0,0,0,0,0,516,0,0,0,226,5	191	149	1	1.0	NA,0.131,NA,NA,NA	NA,NA,NA,NA,0.244,NA,NA,NA,NA,NA,0.154,NA,NA,NA,0.162,0.384	-0.105
6212	0,0,0,0,0	0,14,0,0,0	0,0,0,0,0,0,0,0,0,0,3,0,0,0,10,2	0,0,0,0,86,0,0,0,0,0,97,0,0,0,246,25	180	149	1	1.0	NA,0.0,NA,NA,NA	NA,NA,NA,NA,0.0,NA,NA,NA,NA,NA,0.025,NA,NA,NA,0.033,0.062	-0.03
6213	0,4,0,0,0	0,9,0,0,0	0,0,0,0,0,0,0,0,0,0,6,0,0,0,24,2	0,0,0,0,66,2,0,1,0,0,108,0,0,0,318,24	229	149	1	1.0	NA,0.224,NA,NA,NA	NA,NA,NA,NA,0.0,0.0,NA,0.0,NA,NA,0.035,NA,NA,NA,0.047,0.051	0.202
6214	0,0,0,0,0	0,203,2,0,0	0,0,0,0,0,0,0,0,0,0,3,0,0,0,0,0	0,0,0,0,225,0,0,0,0,0,403,0,0,0,231,25	163	149	1	1.0	NA,0.0,0.0,NA,NA	NA,NA,NA,NA,0.0,NA,NA,NA,NA,NA,0.007,NA,NA,NA,0.0,0.0	-0.002
6219	0,1173,0,0,2	0,17,0,0,0	0,0,0,0,1947,4,10,3,2,2,1300,0,0,0,2060,421	0,0,0,0,0,0,0,0,0,0,0,0,0,0,0,0	298	149	1	1.0	NA,0.972,NA,NA,1.0	NA,NA,NA,NA,1.0,1.0,1.0,1.0,1.0,1.0,1.0,NA,NA,NA,1.0,1.0	-0.014
6220	0,1388,3,0,0	0,10,0,0,0	0,0,0,0,2581,4,8,8,4,0,1718,0,0,0,1922,411	0,0,0,0,35,0,0,0,0,0,21,0,0,0,18,4	298	149	1	1.0	NA,0.986,1.0,NA,NA	NA,NA,NA,NA,0.974,1.0,1.0,1.0,1.0,NA,0.976,NA,NA,NA,0.982,0.981	0.004
6221	0,75,0,0,0	0,6,0,0,0	0,0,0,0,173,0,0,0,0,0,40,0,0,0,154,182	0,0,0,0,12,0,0,0,0,0,3,0,0,0,0,0	298	149	1	1.0	NA,0.862,NA,NA,NA	NA,NA,NA,NA,0.878,NA,NA,NA,NA,NA,0.87,NA,NA,NA,1.0,1.0	-0.075
6222	0,244,0,0,0	0,12,0,0,0	0,0,0,0,581,0,0,0,0,0,236,0,0,0,411,228	0,0,0,0,8,0,0,0,0,0,6,0,0,0,9,0	298	149	1	1.0	NA,0.91,NA,NA,NA	NA,NA,NA,NA,0.973,NA,NA,NA,NA,NA,0.952,NA,NA,NA,0.958,1.0	-0.061
6223	0,191,0,0,0	0,12,0,0,0	0,0,0,0,439,0,0,0,0,0,212,0,0,0,276,52	0,0,0,0,8,0,0,0,0,0,6,0,0,0,9,0	188	149	1	1.0	NA,0.927,NA,NA,NA	NA,NA,NA,NA,0.978,NA,NA,NA,NA,NA,0.966,NA,NA,NA,0.96,1.0	-0.049
6224	0,240,0,0,0	0,6,0,0,0	0,0,0,0,581,0,0,0,0,0,236,0,0,0,411,228	0,0,0,0,15,0,0,0,0,0,0,0,0,0,0,0	298	149	1	1.0	NA,0.952,NA,NA,NA	NA,NA,NA,NA,0.951,NA,NA,NA,NA,NA,1.0,NA,NA,NA,1.0,1.0	-0.036
6225	0,1498,2,0,2	0,9,0,0,0	0,0,0,0,2799,2,2,8,3,2,1963,0,0,0,1742,529	0,0,0,0,0,0,0,0,0,0,1,0,0,0,0,0	298	149	1	1.0	NA,0.988,1.0,NA,1.0	NA,NA,NA,NA,1.0,1.0,1.0,1.0,1.0,1.0,0.999,NA,NA,NA,1.0,1.0	-0.004
6226	0,1667,2,0,2	0,2,0,0,0	0,0,0,0,3207,2,2,8,3,2,2159,0,0,0,1999,575	0,0,0,0,28,0,0,0,0,0,7,0,0,0,0,0	298	149	1	1.0	NA,0.998,1.0,NA,1.0	NA,NA,NA,NA,0.983,1.0,1.0,1.0,1.0,1.0,0.994,NA,NA,NA,1.0,1.0	0.002
6227	0,194,0,0,0	0,2,0,0,0	0,0,0,0,427,0,0,0,0,0,210,0,0,0,276,52	0,0,0,0,28,0,0,0,0,0,7,0,0,0,0,0	188	149	1	1.0	NA,0.987,NA,NA,NA	NA,NA,NA,NA,0.924,NA,NA,NA,NA,NA,0.96,NA,NA,NA,1.0,1.0	0.016
6228	0,1052,2,0,0	0,827,0,0,2	0,0,0,0,1981,2,2,5,0,2,1282,0,0,0,1284,344	0,0,0,0,1979,0,0,3,3,0,1470,0,0,0,841,215	188	149	1	1.0	NA,0.502,1.0,NA,0.0	NA,NA,NA,NA,0.442,1.0,1.0,0.569,0.0,1.0,0.409,NA,NA,NA,0.548,0.559	-0.113
6229	0,67,0,0,0	0,0,0,0,0	0,0,0,0,447,0,0,0,0,0,68,0,0,0,337,97	0,0,0,0,0,0,0,0,0,0,3,0,0,0,0,0	298	149	1	1.0	NA,1.0,NA,NA,NA	NA,NA,NA,NA,1.0,NA,NA,NA,NA,NA,0.919,NA,NA,NA,1.0,1.0	0.02
6230	0,1773,0,0,2	0,0,0,0,0	0,0,0,0,4394,0,0,0,1,0,2486,0,0,0,2103,660	0,0,0,0,0,0,0,0,0,0,4,0,0,0,6,0	298	149	1	1.0	NA,1.0,NA,NA,1.0	NA,NA,NA,NA,1.0,NA,NA,NA,1.0,NA,0.997,NA,NA,NA,0.994,1.0	0.002
6232	0,21,2,0,0	0,0,0,0,0	0,0,0,0,126,0,0,0,0,0,20,0,0,0,89,29	0,0,0,0,0,0,0,0,0,0,0,0,0,0,0,2	298	149	1	1.0	NA,1.0,1.0,NA,NA	NA,NA,NA,NA,1.0,NA,NA,NA,NA,NA,1.0,NA,NA,NA,1.0,0.879	0.03
6234	0,39,0,0,0	0,16,0,0,0	0,0,0,0,0,0,0,0,0,0,2,0,0,0,6,0	0,0,0,0,0,0,0,0,0,0,0,0,0,0,0,0	163	149	1	1.0	NA,0.69,NA,NA,NA	NA,NA,NA,NA,NA,NA,NA,NA,NA,NA,1.0,NA,NA,NA,1.0,NA	-0.31
6235	0,5,0,0,0	0,0,0,0,0	0,0,0,0,0,0,0,0,0,0,2,0,0,0,33,0	0,0,0,0,0,0,0,0,0,0,4,0,0,0,14,0	298	149	1	1.0	NA,1.0,NA,NA,NA	NA,NA,NA,NA,NA,NA,NA,NA,NA,NA,0.2,NA,NA,NA,0.541,NA	0.629
6237	0,8,0,0,0	0,0,0,0,0	0,0,0,0,18,0,0,0,0,0,36,0,0,0,92,1	0,0,0,0,35,0,0,0,0,0,6,0,0,0,35,0	164	149	1	1.0	NA,1.0,NA,NA,NA	NA,NA,NA,NA,0.318,NA,NA,NA,NA,NA,0.845,NA,NA,NA,0.705,1.0	0.283
6244	0,103,0,0,0	0,0,0,0,0	0,0,0,0,958,0,0,0,0,0,363,0,0,0,33,39	0,0,0,0,0,0,0,0,0,0,1,0,0,0,0,0	298	149	1	1.0	NA,1.0,NA,NA,NA	NA,NA,NA,NA,1.0,NA,NA,NA,NA,NA,0.995,NA,NA,NA,1.0,1.0	0.001
6245	0,12,0,0,0	0,24,0,0,0	0,0,0,0,78,0,0,0,0,0,44,0,0,0,27,9	0,0,0,0,54,0,0,0,0,0,73,0,0,0,19,4	200	149	1	1.0	NA,0.271,NA,NA,NA	NA,NA,NA,NA,0.518,NA,NA,NA,NA,NA,0.31,NA,NA,NA,0.514,0.626	-0.221
6246	0,0,0,0,0	0,70,0,0,2	0,0,0,0,0,0,0,0,0,0,1,0,0,0,5,10	0,0,0,0,386,0,0,2,0,2,238,0,0,0,118,126	160	149	1	1.0	NA,0.0,NA,NA,0.0	NA,NA,NA,NA,0.0,NA,NA,0.0,NA,0.0,0.004,NA,NA,NA,0.038,0.069	-0.018
6247	0,0,0,0,0	0,2,0,0,0	0,0,0,0,9,0,0,0,0,0,18,0,0,0,1,22	0,0,0,0,25,0,0,0,0,0,31,0,0,0,5,36	158	149	1	1.0	NA,0.0,NA,NA,NA	NA,NA,NA,NA,0.253,NA,NA,NA,NA,NA,0.354,NA,NA,NA,0.159,0.366	-0.283
6250	0,39,0,0,0	0,16,0,0,0	0,0,0,0,172,0,0,0,0,0,387,0,0,0,64,68	0,0,0,0,55,0,0,0,4,0,171,0,0,0,36,20	194	149	1	1.0	NA,0.652,NA,NA,NA	NA,NA,NA,NA,0.706,NA,NA,NA,0.0,NA,0.635,NA,NA,NA,0.577,0.723	0.124
6251	0,8,0,0,2	0,0,0,0,0	0,0,0,0,82,0,6,0,2,0,119,0,0,0,706,70	0,0,0,0,0,0,0,0,0,0,9,0,0,0,20,0	176	149	1	1.0	NA,1.0,NA,NA,1.0	NA,NA,NA,NA,1.0,NA,1.0,NA,1.0,NA,0.918,NA,NA,NA,0.968,1.0	0.019
6252	0,3,0,0,0	0,0,0,0,0	0,0,0,0,0,0,0,0,0,0,2,0,0,0,28,9	0,0,0,0,0,0,0,0,0,0,2,0,0,0,7,1	155	149	1	1.0	NA,1.0,NA,NA,NA	NA,NA,NA,NA,NA,NA,NA,NA,NA,NA,0.49,NA,NA,NA,0.794,0.896	0.273
6253	0,0,0,0,0	0,23,0,0,0	0,0,0,0,20,0,0,0,0,0,5,0,0,0,24,3	0,0,0,0,57,0,0,0,0,0,123,0,0,0,59,8	237	149	1	1.0	NA,0.0,NA,NA,NA	NA,NA,NA,NA,0.181,NA,NA,NA,NA,NA,0.025,NA,NA,NA,0.204,0.191	-0.15
6257	0,66,0,0,0	0,1,0,0,0	0,0,0,0,186,0,0,0,4,4,405,0,0,0,541,66	0,0,0,0,0,0,0,0,0,0,12,0,0,0,0,0	257	149	1	1.0	NA,0.975,NA,NA,NA	NA,NA,NA,NA,1.0,NA,NA,NA,1.0,1.0,0.951,NA,NA,NA,1.0,1.0	-0.017
6259	0,53,1,0,0	0,7,0,0,0	0,0,0,0,109,0,0,2,0,0,95,0,0,0,453,6	0,0,0,0,0,0,0,0,0,0,6,0,0,0,2,0	298	149	1	1.0	NA,0.791,1.0,NA,NA	NA,NA,NA,NA,1.0,NA,NA,1.0,NA,NA,0.888,NA,NA,NA,0.991,1.0	-0.08
6261	0,24,0,0,0	0,0,0,0,0	0,0,0,0,250,2,0,2,0,4,185,0,0,0,627,91	0,0,0,0,0,0,0,0,0,0,3,0,0,0,0,0	298	149	1	1.0	NA,1.0,NA,NA,NA	NA,NA,NA,NA,1.0,1.0,NA,1.0,NA,1.0,0.969,NA,NA,NA,1.0,1.0	0.004
6262	0,178,0,0,0	0,3,0,0,0	0,0,0,0,268,0,0,0,2,0,174,0,0,0,333,37	0,0,0,0,40,0,0,0,0,0,41,0,0,0,21,5	199	149	1	1.0	NA,0.978,NA,NA,NA	NA,NA,NA,NA,0.834,NA,NA,NA,1.0,NA,0.761,NA,NA,NA,0.922,0.847	0.105
6264	0,2,0,0,0	0,0,0,0,0	0,0,0,0,50,0,0,0,0,0,33,0,0,0,35,5	0,0,0,0,1,0,0,0,0,0,0,0,0,0,0,0	298	149	1	1.0	NA,1.0,NA,NA,NA	NA,NA,NA,NA,0.962,NA,NA,NA,NA,NA,1.0,NA,NA,NA,1.0,1.0	0.01
6267	0,95,0,0,0	0,1,0,0,0	0,0,0,0,441,2,0,2,0,4,278,0,0,0,802,111	0,0,0,0,0,0,0,0,0,0,2,0,0,0,14,3	298	149	1	1.0	NA,0.979,NA,NA,NA	NA,NA,NA,NA,1.0,1.0,NA,1.0,NA,1.0,0.986,NA,NA,NA,0.966,0.949	-0.007
6268	0,16,0,0,0	0,1,0,0,0	0,0,0,0,167,0,0,2,0,4,122,0,0,0,385,84	0,0,0,0,0,0,0,0,0,0,2,0,0,0,14,3	222	149	1	1.0	NA,0.915,NA,NA,NA	NA,NA,NA,NA,1.0,NA,NA,1.0,NA,1.0,0.976,NA,NA,NA,0.949,0.949	-0.064
6269	0,19,0,0,0	0,25,0,0,0	0,0,0,0,180,0,0,0,0,0,83,0,0,0,149,15	0,0,0,0,0,0,0,0,0,0,44,0,0,0,31,5	214	149	1	1.0	NA,0.346,NA,NA,NA	NA,NA,NA,NA,1.0,NA,NA,NA,NA,NA,0.568,NA,NA,NA,0.77,0.676	-0.408
6270	0,35,0,0,0	0,10,0,0,0	0,0,0,0,306,5,0,0,0,4,139,0,0,0,486,55	0,0,0,0,56,0,0,2,0,0,100,0,0,0,210,39	214	149	1	1.0	NA,0.709,NA,NA,NA	NA,NA,NA,NA,0.792,1.0,NA,0.0,NA,1.0,0.492,NA,NA,NA,0.617,0.495	0.081
6271	0,28,0,0,0	0,0,0,0,0	0,0,0,0,253,5,0,0,0,4,117,0,0,0,374,48	0,0,0,0,16,0,0,0,0,0,5,0,0,0,48,4	298	149	1	1.0	NA,1.0,NA,NA,NA	NA,NA,NA,NA,0.888,1.0,NA,NA,NA,1.0,0.921,NA,NA,NA,0.796,0.857	0.09
6272	0,0,0,0,0	0,2,0,0,0	0,0,0,0,0,0,0,0,0,0,3,0,0,0,25,0	0,0,0,0,0,0,0,0,0,0,0,0,0,0,0,0	201	149	1	1.0	NA,0.0,NA,NA,NA	NA,NA,NA,NA,NA,NA,NA,NA,NA,NA,1.0,NA,NA,NA,1.0,NA	-1.0
6273	0,171,0,0,0	0,7,0,0,0	0,0,0,0,118,0,0,2,0,0,69,0,0,0,74,17	0,0,0,0,53,0,0,0,0,0,0,0,0,0,22,1	167	149	1	1.0	NA,0.956,NA,NA,NA	NA,NA,NA,NA,0.665,NA,NA,1.0,NA,NA,1.0,NA,NA,NA,0.75,0.938	0.085
6274	0,9,0,0,0	0,7,0,0,0	0,0,0,0,0,0,0,0,0,0,10,0,0,0,6,3	0,0,0,0,53,0,0,0,0,0,0,0,0,0,22,1	218	149	1	1.0	NA,0.468,NA,NA,NA	NA,NA,NA,NA,0.0,NA,NA,NA,NA,NA,1.0,NA,NA,NA,0.157,0.672	0.011
6275	0,3,0,0,0	0,165,0,0,0	0,0,0,0,0,0,0,0,0,0,1,0,0,0,0,2	0,0,0,0,118,0,0,2,0,0,60,0,0,0,68,16	200	149	1	1.0	NA,0.013,NA,NA,NA	NA,NA,NA,NA,0.0,NA,NA,0.0,NA,NA,0.012,NA,NA,NA,0.0,0.085	-0.006
6278	0,7,0,0,0	0,0,0,0,0	0,0,0,0,0,0,0,0,0,0,7,0,0,0,35,2	0,0,0,0,0,0,0,0,0,0,12,0,0,0,16,1	236	149	1	1.0	NA,1.0,NA,NA,NA	NA,NA,NA,NA,NA,NA,NA,NA,NA,NA,0.269,NA,NA,NA,0.58,0.558	0.531
6279	0,23,0,0,0	0,0,0,0,0	0,0,0,0,109,0,0,0,0,0,30,0,0,0,24,9	0,0,0,0,41,0,0,0,0,0,1,0,0,0,0,0	197	149	1	1.0	NA,1.0,NA,NA,NA	NA,NA,NA,NA,0.668,NA,NA,NA,NA,NA,0.958,NA,NA,NA,1.0,1.0	0.094
6281	0,6,0,0,0	0,5,0,0,0	0,0,0,0,9,0,0,0,0,0,10,0,0,0,15,0	0,0,0,0,38,0,0,0,0,0,11,0,0,0,3,2	160	149	1	1.0	NA,0.528,NA,NA,NA	NA,NA,NA,NA,0.181,NA,NA,NA,NA,NA,0.458,NA,NA,NA,0.823,0.0	0.163
6283	0,3,0,0,0	0,0,0,0,0	0,0,0,0,50,0,0,0,0,0,49,0,0,0,58,4	0,0,0,0,40,0,0,0,0,0,8,0,0,0,9,1	175	149	1	1.0	NA,1.0,NA,NA,NA	NA,NA,NA,NA,0.516,NA,NA,NA,NA,NA,0.839,NA,NA,NA,0.846,0.773	0.256
6284	0,7,2,0,0	0,1,0,0,0	0,0,0,0,67,0,0,0,0,0,91,0,0,0,243,39	0,0,0,0,0,0,0,0,0,0,5,0,0,0,4,1	163	149	1	1.0	NA,0.865,1.0,NA,NA	NA,NA,NA,NA,1.0,NA,NA,NA,NA,NA,0.943,NA,NA,NA,0.982,0.973	-0.042
6285	0,3,0,0,0	0,583,2,0,0	0,0,0,0,18,0,0,0,0,0,10,0,0,0,0,0	0,0,0,0,406,0,0,4,0,0,764,0,0,0,334,15	173	149	1	1.0	NA,0.004,0.0,NA,NA	NA,NA,NA,NA,0.037,NA,NA,0.0,NA,NA,0.011,NA,NA,NA,0.0,0.0	-0.008
6289	0,1,0,0,0	0,0,0,0,0	0,0,0,0,61,0,0,0,0,0,0,0,0,0,2,0	0,0,0,0,4,0,0,0,0,0,0,0,0,0,0,0	158	149	1	1.0	NA,1.0,NA,NA,NA	NA,NA,NA,NA,0.935,NA,NA,NA,NA,NA,NA,NA,NA,NA,1.0,NA	0.032
6301	0,20,0,0,0	0,0,0,0,0	0,0,0,0,0,0,0,0,0,0,10,0,0,0,0,0	0,0,0,0,0,0,0,0,0,0,3,0,0,0,0,0	182	149	1	1.0	NA,1.0,NA,NA,NA	NA,NA,NA,NA,NA,NA,NA,NA,NA,NA,0.732,NA,NA,NA,NA,NA	0.268
6305	0,0,0,0,0	0,1,0,0,0	0,0,0,0,10,0,0,0,0,0,1,0,0,0,11,0	0,0,0,0,14,0,0,0,0,0,20,0,0,0,53,5	298	149	1	1.0	NA,0.0,NA,NA,NA	NA,NA,NA,NA,0.263,NA,NA,NA,NA,NA,0.024,NA,NA,NA,0.094,0.0	-0.095
6306	0,0,0,0,0	0,1,0,0,0	0,0,0,0,10,0,0,0,0,0,1,0,0,0,11,0	0,0,0,0,14,0,0,0,0,0,20,0,0,0,53,5	298	149	1	1.0	NA,0.0,NA,NA,NA	NA,NA,NA,NA,0.263,NA,NA,NA,NA,NA,0.024,NA,NA,NA,0.094,0.0	-0.095
6309	0,20,0,0,0	0,1,0,0,0	0,0,0,0,72,0,0,0,0,0,126,0,0,0,49,30	0,0,0,0,0,0,0,0,0,0,2,0,0,0,0,0	195	149	1	1.0	NA,0.939,NA,NA,NA	NA,NA,NA,NA,1.0,NA,NA,NA,NA,NA,0.98,NA,NA,NA,1.0,1.0	-0.056
6310	0,51,0,0,2	0,0,0,0,0	0,0,0,0,836,0,0,2,0,0,1437,0,0,0,196,270	0,0,0,0,0,0,0,0,0,0,4,0,0,0,0,0	180	149	1	1.0	NA,1.0,NA,NA,1.0	NA,NA,NA,NA,1.0,NA,NA,1.0,NA,NA,0.997,NA,NA,NA,1.0,1.0	0.001
6311	0,38,0,0,0	0,26,0,0,0	0,0,0,0,34,0,0,0,0,0,169,0,0,0,55,24	0,0,0,0,62,0,0,0,0,0,53,0,0,0,24,7	153	149	1	1.0	NA,0.587,NA,NA,NA	NA,NA,NA,NA,0.348,NA,NA,NA,NA,NA,0.756,NA,NA,NA,0.691,0.77	-0.054
6312	0,573,0,0,0	0,0,0,0,0	0,0,0,0,1285,0,0,4,2,0,2010,0,0,0,1184,86	0,0,0,0,9,0,0,0,0,0,0,0,0,0,0,0	298	149	1	1.0	NA,1.0,NA,NA,NA	NA,NA,NA,NA,0.986,NA,NA,1.0,1.0,NA,1.0,NA,NA,NA,1.0,1.0	0.002
6317	0,0,0,0,0	0,4,0,0,0	0,0,0,0,6,0,0,0,0,0,0,0,0,0,0,0	0,0,0,0,0,0,0,0,0,0,24,0,0,0,28,0	158	149	1	1.0	NA,0.0,NA,NA,NA	NA,NA,NA,NA,1.0,NA,NA,NA,NA,NA,0.0,NA,NA,NA,0.0,NA	-0.333
6318	0,0,0,0,0	0,4,0,0,0	0,0,0,0,6,0,0,0,0,0,0,0,0,0,0,0	0,0,0,0,0,0,0,0,0,0,24,0,0,0,28,0	153	149	1	1.0	NA,0.0,NA,NA,NA	NA,NA,NA,NA,1.0,NA,NA,NA,NA,NA,0.0,NA,NA,NA,0.0,NA	-0.333
6323	0,91,0,0,0	0,0,0,0,0	0,0,0,0,127,0,0,2,0,0,257,0,0,0,53,9	0,0,0,0,0,0,0,0,0,0,2,0,0,0,0,0	298	149	1	1.0	NA,1.0,NA,NA,NA	NA,NA,NA,NA,1.0,NA,NA,1.0,NA,NA,0.985,NA,NA,NA,1.0,1.0	0.003
6324	0,7,0,0,0	0,0,0,0,0	0,0,0,0,0,0,0,0,0,0,22,0,0,0,1,0	0,0,0,0,0,0,0,0,0,0,1,0,0,0,0,0	279	149	1	1.0	NA,1.0,NA,NA,NA	NA,NA,NA,NA,NA,NA,NA,NA,NA,NA,0.922,NA,NA,NA,1.0,NA	0.039
6326	0,10,0,0,0	0,0,0,0,0	0,0,0,0,53,0,0,0,0,0,155,0,0,0,132,10	0,0,0,0,0,0,0,0,0,0,2,0,0,0,0,0	249	149	1	1.0	NA,1.0,NA,NA,NA	NA,NA,NA,NA,1.0,NA,NA,NA,NA,NA,0.979,NA,NA,NA,1.0,1.0	0.005
6327	0,10,0,0,0	0,20,2,0,0	0,0,0,0,15,0,0,0,0,0,15,0,0,0,18,1	0,0,0,0,68,0,0,2,0,0,142,0,0,0,130,13	253	149	1	1.0	NA,0.227,0.0,NA,NA	NA,NA,NA,NA,0.115,NA,NA,0.0,NA,NA,0.059,NA,NA,NA,0.075,0.043	0.055
6330	0,6,0,0,1	0,33,0,0,0	0,0,0,0,0,0,0,0,0,0,1,0,0,0,0,0	0,0,0,0,80,0,0,0,0,0,128,0,0,0,199,21	257	149	1	1.0	NA,0.095,NA,NA,1.0	NA,NA,NA,NA,0.0,NA,NA,NA,NA,NA,0.005,NA,NA,NA,0.0,0.0	0.546
6331	0,0,0,0,0	0,2,0,0,0	0,0,0,0,0,0,0,0,0,0,0,0,0,0,1,0	0,0,0,0,51,0,0,1,0,0,52,0,0,0,56,11	298	149	1	1.0	NA,0.0,NA,NA,NA	NA,NA,NA,NA,0.0,NA,NA,0.0,NA,NA,0.0,NA,NA,NA,0.009,0.0	-0.002
6332	0,88,0,0,0	0,343,0,0,0	0,0,0,0,35,0,0,0,0,0,170,0,0,0,33,13	0,0,0,0,511,0,0,0,0,0,612,0,0,0,167,64	160	149	1	1.0	NA,0.193,NA,NA,NA	NA,NA,NA,NA,0.06,NA,NA,NA,NA,NA,0.206,NA,NA,NA,0.155,0.159	0.048
6333	0,1282,0,0,0	0,0,0,0,0	0,0,0,0,907,0,0,2,0,0,1366,0,0,0,155,184	0,0,0,0,0,0,0,0,0,0,13,0,0,0,0,0	282	149	1	1.0	NA,1.0,NA,NA,NA	NA,NA,NA,NA,1.0,NA,NA,1.0,NA,NA,0.982,NA,NA,NA,1.0,1.0	0.004
6334	0,124,0,0,0	0,2,0,0,0	0,0,0,0,113,0,0,4,0,0,190,0,0,0,28,1	0,0,0,0,1,0,0,0,0,0,7,0,0,0,1,0	158	149	1	1.0	NA,0.983,NA,NA,NA	NA,NA,NA,NA,0.991,NA,NA,1.0,NA,NA,0.962,NA,NA,NA,0.964,1.0	-0.0
6335	0,0,0,0,0	0,117,0,0,0	0,0,0,0,21,0,0,0,0,0,14,0,0,0,8,4	0,0,0,0,198,2,0,0,0,0,247,0,0,0,203,17	164	149	1	1.0	NA,0.0,NA,NA,NA	NA,NA,NA,NA,0.088,0.0,NA,NA,NA,NA,0.049,NA,NA,NA,0.035,0.176	-0.07
6337	0,8,0,0,0	0,0,0,0,0	0,0,0,0,18,0,0,0,0,0,33,0,0,0,2,1	0,0,0,0,0,0,0,0,0,0,4,0,0,0,0,0	208	149	1	1.0	NA,1.0,NA,NA,NA	NA,NA,NA,NA,1.0,NA,NA,NA,NA,NA,0.855,NA,NA,NA,1.0,1.0	0.036
6339	0,8,0,0,0	0,0,0,0,0	0,0,0,0,0,0,0,0,0,0,26,0,0,0,0,0	0,0,0,0,0,0,0,0,0,0,2,0,0,0,0,0	185	149	1	1.0	NA,1.0,NA,NA,NA	NA,NA,NA,NA,NA,NA,NA,NA,NA,NA,0.913,NA,NA,NA,NA,NA	0.087
6340	0,9,0,0,0	0,200,0,0,0	0,0,0,0,0,0,0,0,0,0,0,0,0,0,0,0	0,0,0,0,145,0,0,0,0,0,172,0,0,0,72,6	298	149	1	1.0	NA,0.022,NA,NA,NA	NA,NA,NA,NA,0.0,NA,NA,NA,NA,NA,0.0,NA,NA,NA,0.0,0.0	0.022
6343	0,6,0,0,0	0,18,4,0,0	0,0,0,0,0,0,0,0,0,0,5,0,0,0,22,1	0,0,0,0,11,4,2,7,0,0,163,0,0,0,792,16	259	149	1	1.0	NA,0.161,0.0,NA,NA	NA,NA,NA,NA,0.0,0.0,0.0,0.0,NA,NA,0.017,NA,NA,NA,0.016,0.035	0.071
6346	0,9,0,0,0	0,275,0,0,0	0,0,0,0,0,0,0,0,0,0,4,0,0,0,0,2	0,0,0,0,43,0,0,0,0,0,135,0,0,0,5,11	178	149	1	1.0	NA,0.027,NA,NA,NA	NA,NA,NA,NA,0.0,NA,NA,NA,NA,NA,0.024,NA,NA,NA,0.0,0.132	-0.012
6347	0,370,0,0,2	0,7,0,0,0	0,0,0,0,81,0,0,0,0,0,165,0,0,0,79,66	0,0,0,0,0,0,0,0,0,0,2,0,0,0,4,12	298	149	1	1.0	NA,0.964,NA,NA,1.0	NA,NA,NA,NA,1.0,NA,NA,NA,NA,NA,0.976,NA,NA,NA,0.908,0.733	0.078
6348	0,911,0,0,0	0,3,0,0,0	0,0,0,0,142,0,0,0,0,0,209,0,0,0,67,14	0,0,0,0,0,0,0,0,0,0,0,0,0,0,0,0	153	149	1	1.0	NA,0.997,NA,NA,NA	NA,NA,NA,NA,1.0,NA,NA,NA,NA,NA,1.0,NA,NA,NA,1.0,1.0	-0.003
6349	0,7,0,0,0	0,3,0,0,0	0,0,0,0,46,0,0,2,0,0,59,0,0,0,158,9	0,0,0,0,0,0,0,0,0,0,0,0,0,0,0,0	298	149	1	1.0	NA,0.538,NA,NA,NA	NA,NA,NA,NA,1.0,NA,NA,1.0,NA,NA,1.0,NA,NA,NA,1.0,1.0	-0.462
6350	0,1,0,0,0	0,1,0,0,0	0,0,0,0,130,0,0,0,0,0,38,0,0,0,116,10	0,0,0,0,0,0,0,0,0,0,0,0,0,0,0,0	298	149	1	1.0	NA,0.333,NA,NA,NA	NA,NA,NA,NA,1.0,NA,NA,NA,NA,NA,1.0,NA,NA,NA,1.0,1.0	-0.667
6353	0,0,0,0,0	0,22,0,0,0	0,0,0,0,13,0,0,0,0,0,0,0,0,0,6,9	0,0,0,0,25,0,0,0,0,0,64,0,0,0,16,3	225	149	1	1.0	NA,0.0,NA,NA,NA	NA,NA,NA,NA,0.256,NA,NA,NA,NA,NA,0.0,NA,NA,NA,0.199,0.665	-0.28
6354	0,32,0,0,0	0,47,0,0,0	0,0,0,0,10,0,0,0,0,0,41,0,0,0,0,3	0,0,0,0,87,0,0,0,0,0,67,0,0,0,15,1	219	149	1	1.0	NA,0.317,NA,NA,NA	NA,NA,NA,NA,0.073,NA,NA,NA,NA,NA,0.294,NA,NA,NA,0.0,0.671	0.057
6355	0,33,0,0,0	0,1479,0,0,6	0,0,0,0,77,0,0,0,0,0,45,0,0,0,14,0	0,0,0,0,681,0,0,6,0,0,3041,0,0,0,1126,28	163	149	1	1.0	NA,0.02,NA,NA,0.0	NA,NA,NA,NA,0.094,NA,NA,0.0,NA,NA,0.013,NA,NA,NA,0.011,0.0	-0.014
6360	0,19,0,0,0	0,0,0,0,0	0,0,0,0,47,0,0,2,0,0,108,0,0,0,106,4	0,0,0,0,22,0,0,0,0,0,11,0,0,0,7,1	298	149	1	1.0	NA,1.0,NA,NA,NA	NA,NA,NA,NA,0.516,NA,NA,1.0,NA,NA,0.831,NA,NA,NA,0.883,0.667	0.221
6361	0,6,0,0,0	0,4,0,0,0	0,0,0,0,22,0,0,0,0,0,26,0,0,0,2,11	0,0,0,0,6,0,0,0,0,0,9,0,0,0,2,0	175	149	1	1.0	NA,0.561,NA,NA,NA	NA,NA,NA,NA,0.757,NA,NA,NA,NA,NA,0.711,NA,NA,NA,0.46,1.0	-0.171
6364	0,31,0,0,0	0,6,0,0,0	0,0,0,0,44,0,0,0,0,0,84,0,0,0,65,4	0,0,0,0,5,0,0,0,0,0,51,0,0,0,21,0	161	149	1	1.0	NA,0.827,NA,NA,NA	NA,NA,NA,NA,0.891,NA,NA,NA,NA,NA,0.604,NA,NA,NA,0.741,1.0	0.018
6365	0,16,0,0,0	0,6,0,0,0	0,0,0,0,12,0,0,0,0,0,15,0,0,0,27,4	0,0,0,0,5,0,0,0,0,0,51,0,0,0,21,0	234	149	1	1.0	NA,0.629,NA,NA,NA	NA,NA,NA,NA,0.604,NA,NA,NA,NA,NA,0.158,NA,NA,NA,0.45,1.0	0.076
6366	0,23,0,0,0	0,6,0,0,0	0,0,0,0,12,0,0,0,0,0,40,0,0,0,53,4	0,0,0,0,5,0,0,0,0,0,51,0,0,0,21,0	240	149	1	1.0	NA,0.704,NA,NA,NA	NA,NA,NA,NA,0.598,NA,NA,NA,NA,NA,0.327,NA,NA,NA,0.61,1.0	0.07
6367	0,2,0,0,0	0,17,0,0,0	0,0,0,0,12,0,0,0,0,0,7,0,0,0,14,0	0,0,0,0,44,0,0,0,0,0,76,0,0,0,52,0	222	149	1	1.0	NA,0.073,NA,NA,NA	NA,NA,NA,NA,0.155,NA,NA,NA,NA,NA,0.058,NA,NA,NA,0.153,NA	-0.049
6368	0,9,0,0,0	0,17,0,0,0	0,0,0,0,12,0,0,0,0,0,32,0,0,0,40,0	0,0,0,0,44,0,0,0,0,0,76,0,0,0,52,0	228	149	1	1.0	NA,0.257,NA,NA,NA	NA,NA,NA,NA,0.151,NA,NA,NA,NA,NA,0.216,NA,NA,NA,0.335,NA	0.023
6369	0,7,0,0,0	0,0,0,0,0	0,0,0,0,0,0,0,0,0,0,26,0,0,0,26,0	0,0,0,0,0,0,0,0,0,0,1,0,0,0,0,0	155	149	1	1.0	NA,1.0,NA,NA,NA	NA,NA,NA,NA,NA,NA,NA,NA,NA,NA,0.962,NA,NA,NA,1.0,NA	0.019
6371	0,17,0,0,0	0,0,0,0,0	0,0,0,0,121,0,2,0,0,0,158,0,0,0,230,40	0,0,0,0,29,0,0,0,0,0,0,0,0,0,1,0	210	149	1	1.0	NA,1.0,NA,NA,NA	NA,NA,NA,NA,0.748,NA,1.0,NA,NA,NA,1.0,NA,NA,NA,0.994,1.0	0.052
6372	0,40,2,0,2	0,0,0,0,0	0,0,0,0,298,0,2,0,0,2,513,0,0,0,822,66	0,0,0,0,29,0,0,0,0,0,0,0,0,0,1,0	214	149	1	1.0	NA,1.0,1.0,NA,1.0	NA,NA,NA,NA,0.877,NA,1.0,NA,NA,1.0,1.0,NA,NA,NA,0.998,1.0	0.021
6373	0,21,0,0,2	0,0,0,0,0	0,0,0,0,128,0,2,0,0,0,181,0,0,0,282,49	0,0,0,0,29,0,0,0,0,0,0,0,0,0,1,0	235	149	1	1.0	NA,1.0,NA,NA,1.0	NA,NA,NA,NA,0.737,NA,1.0,NA,NA,NA,1.0,NA,NA,NA,0.994,1.0	0.054
6376	0,4,0,0,0	0,23,2,0,0	0,0,0,0,0,0,0,0,0,0,9,0,0,0,38,2	0,0,0,0,170,0,0,0,0,2,341,0,0,0,578,19	170	149	1	1.0	NA,0.132,0.0,NA,NA	NA,NA,NA,NA,0.0,NA,NA,NA,NA,0.0,0.023,NA,NA,NA,0.054,0.084	0.034
6377	0,17,0,0,0	0,0,0,0,0	0,0,0,0,128,0,2,0,0,0,158,0,0,0,230,40	0,0,0,0,0,0,0,0,0,0,0,0,0,0,1,0	210	149	1	1.0	NA,1.0,NA,NA,NA	NA,NA,NA,NA,1.0,NA,1.0,NA,NA,NA,1.0,NA,NA,NA,0.994,1.0	0.001
6378	0,21,0,0,2	0,0,0,0,0	0,0,0,0,136,0,2,0,0,0,177,0,0,0,244,47	0,0,0,0,0,0,0,0,0,0,0,0,0,0,1,0	214	149	1	1.0	NA,1.0,NA,NA,1.0	NA,NA,NA,NA,1.0,NA,1.0,NA,NA,NA,1.0,NA,NA,NA,0.994,1.0	0.001
6379	0,4,0,0,2	0,0,0,0,0	0,0,0,0,15,0,0,0,0,0,19,0,0,0,14,7	0,0,0,0,7,0,0,0,0,0,0,0,0,0,0,0	153	149	1	1.0	NA,1.0,NA,NA,1.0	NA,NA,NA,NA,0.676,NA,NA,NA,NA,NA,1.0,NA,NA,NA,1.0,1.0	0.081
6381	0,0,0,0,0	0,3,0,0,0	0,0,0,0,3,0,0,0,0,0,0,0,0,0,19,2	0,0,0,0,72,0,0,0,0,0,2,0,0,0,0,2	267	149	1	1.0	NA,0.0,NA,NA,NA	NA,NA,NA,NA,0.023,NA,NA,NA,NA,NA,0.0,NA,NA,NA,1.0,0.358	-0.345
6382	0,9,0,0,0	0,0,0,0,0	0,0,0,0,104,0,0,0,0,0,3,0,0,0,23,2	0,0,0,0,44,0,0,0,0,0,0,0,0,0,0,0	234	149	1	1.0	NA,1.0,NA,NA,NA	NA,NA,NA,NA,0.601,NA,NA,NA,NA,NA,1.0,NA,NA,NA,1.0,1.0	0.1
6384	0,2,0,0,0	0,0,0,0,0	0,0,0,0,0,0,0,0,0,0,9,0,0,0,10,0	0,0,0,0,0,0,0,0,0,0,0,0,0,0,25,3	155	149	1	1.0	NA,1.0,NA,NA,NA	NA,NA,NA,NA,NA,NA,NA,NA,NA,NA,1.0,NA,NA,NA,0.278,0.0	0.574
6385	0,44,0,0,0	0,0,0,0,0	0,0,0,0,111,0,0,0,0,0,33,0,0,0,24,1	0,0,0,0,0,0,0,0,0,0,0,0,0,0,14,0	298	149	1	1.0	NA,1.0,NA,NA,NA	NA,NA,NA,NA,1.0,NA,NA,NA,NA,NA,1.0,NA,NA,NA,0.462,1.0	0.134
6387	0,0,0,0,0	0,81,0,0,0	0,0,0,0,13,0,0,0,0,0,5,0,0,0,0,1	0,0,0,0,254,0,0,0,0,0,498,0,0,0,9,61	226	149	1	1.0	NA,0.0,NA,NA,NA	NA,NA,NA,NA,0.033,NA,NA,NA,NA,NA,0.007,NA,NA,NA,0.0,0.011	-0.013
6391	0,95,0,0,0	0,0,0,0,0	0,0,0,0,284,0,0,0,0,0,145,0,0,0,46,4	0,0,0,0,6,0,0,0,0,0,0,0,0,0,0,0	298	149	1	1.0	NA,1.0,NA,NA,NA	NA,NA,NA,NA,0.959,NA,NA,NA,NA,NA,1.0,NA,NA,NA,1.0,1.0	0.01
6392	0,112,4,0,0	0,3,0,0,0	0,0,0,0,212,0,0,0,0,0,109,0,0,0,82,13	0,0,0,0,14,0,0,0,0,0,5,0,0,0,0,0	298	149	1	1.0	NA,0.949,1.0,NA,NA	NA,NA,NA,NA,0.883,NA,NA,NA,NA,NA,0.916,NA,NA,NA,1.0,1.0	0.025
6393	0,31,0,0,0	0,13,0,0,0	0,0,0,0,61,0,0,0,0,0,10,0,0,0,5,0	0,0,0,0,9,0,0,0,0,0,31,0,0,0,25,0	158	149	1	1.0	NA,0.692,NA,NA,NA	NA,NA,NA,NA,0.865,NA,NA,NA,NA,NA,0.233,NA,NA,NA,0.159,NA	0.273
6397	0,1,0,0,0	0,0,0,0,0	0,0,0,0,1,0,0,0,0,0,4,0,0,0,27,7	0,0,0,0,0,0,0,0,0,0,0,0,0,0,10,0	185	149	1	1.0	NA,1.0,NA,NA,NA	NA,NA,NA,NA,1.0,NA,NA,NA,NA,NA,1.0,NA,NA,NA,0.685,1.0	0.079
6398	0,0,0,0,0	0,130,0,0,2	0,0,0,0,0,0,0,0,0,0,1,0,0,0,0,0	0,0,0,0,685,2,2,0,0,4,828,0,0,0,460,198	164	149	1	1.0	NA,0.0,NA,NA,0.0	NA,NA,NA,NA,0.0,0.0,0.0,NA,NA,0.0,0.001,NA,NA,NA,0.0,0.0	-0.0
6399	0,501,6,0,2	0,0,0,0,0	0,0,0,0,1912,12,4,7,0,2,2471,0,0,0,2102,378	0,0,0,0,0,0,0,0,0,0,0,0,0,0,8,0	298	149	1	1.0	NA,1.0,1.0,NA,1.0	NA,NA,NA,NA,1.0,1.0,1.0,1.0,NA,1.0,1.0,NA,NA,NA,0.992,1.0	0.001
6400	0,311,2,0,2	0,0,0,0,0	0,0,0,0,779,0,0,3,0,0,1176,0,0,0,813,131	0,0,0,0,0,0,0,0,0,0,0,0,0,0,0,2	298	149	1	1.0	NA,1.0,1.0,NA,1.0	NA,NA,NA,NA,1.0,NA,NA,1.0,NA,NA,1.0,NA,NA,NA,1.0,0.97	0.006
6401	0,24,0,0,0	0,2,0,0,0	0,0,0,0,21,0,0,0,0,0,18,0,0,0,43,23	0,0,0,0,8,0,0,0,0,0,0,0,0,0,0,1	158	149	1	1.0	NA,0.919,NA,NA,NA	NA,NA,NA,NA,0.712,NA,NA,NA,NA,NA,1.0,NA,NA,NA,1.0,0.956	0.002
6423	0,2,0,0,0	0,0,0,0,0	0,0,0,0,20,0,0,0,0,2,9,0,0,0,61,9	0,0,0,0,0,0,0,0,0,0,0,0,0,0,7,0	298	149	1	1.0	NA,1.0,NA,NA,NA	NA,NA,NA,NA,1.0,NA,NA,NA,NA,1.0,1.0,NA,NA,NA,0.813,1.0	0.037
6424	0,0,0,0,0	0,30,0,0,0	0,0,0,0,0,0,0,0,0,0,7,0,0,0,11,0	0,0,0,0,7,0,0,0,0,0,88,0,0,0,114,5	269	149	1	1.0	NA,0.0,NA,NA,NA	NA,NA,NA,NA,0.0,NA,NA,NA,NA,NA,0.042,NA,NA,NA,0.051,0.0	-0.023
6425	0,9,0,0,0	0,26,0,0,0	0,0,0,0,7,0,0,0,0,0,19,0,0,0,58,0	0,0,0,0,4,0,0,0,0,0,91,0,0,0,94,1	193	149	1	1.0	NA,0.211,NA,NA,NA	NA,NA,NA,NA,0.575,NA,NA,NA,NA,NA,0.139,NA,NA,NA,0.323,0.0	-0.048
6426	0,5,2,0,0	0,0,0,0,0	0,0,0,0,50,0,0,2,0,0,4,0,0,0,71,7	0,0,0,0,8,0,0,0,0,0,0,0,0,0,1,0	295	149	1	1.0	NA,1.0,1.0,NA,NA	NA,NA,NA,NA,0.759,NA,NA,1.0,NA,NA,1.0,NA,NA,NA,0.973,1.0	0.054
6427	0,0,0,0,0	0,1660,0,0,0	0,0,0,0,18,0,0,0,0,0,17,0,0,0,10,19	0,0,0,0,1278,0,0,0,2,0,3196,0,0,0,973,313	282	149	1	1.0	NA,0.0,NA,NA,NA	NA,NA,NA,NA,0.007,NA,NA,NA,0.0,NA,0.003,NA,NA,NA,0.005,0.031	-0.009
6428	0,11,0,0,0	0,989,2,0,0	0,0,0,0,9,0,0,0,0,0,0,0,0,0,3,1	0,0,0,0,3849,0,4,8,0,6,4212,0,0,0,4039,380	165	149	1	1.0	NA,0.01,0.0,NA,NA	NA,NA,NA,NA,0.002,NA,0.0,0.0,NA,0.0,0.0,NA,NA,NA,0.001,0.002	0.004
6429	0,8,0,0,0	0,20,0,0,0	0,0,0,0,0,0,0,0,0,0,1,0,0,0,3,1	0,0,0,0,17,0,0,0,0,0,25,0,0,0,8,0	165	149	1	1.0	NA,0.265,NA,NA,NA	NA,NA,NA,NA,0.0,NA,NA,NA,NA,NA,0.035,NA,NA,NA,0.253,1.0	-0.057
6434	0,3,0,0,0	0,0,0,0,0	0,0,0,0,14,0,0,0,0,0,35,0,0,0,13,7	0,0,0,0,0,0,0,0,0,0,5,0,0,0,0,1	298	149	1	1.0	NA,1.0,NA,NA,NA	NA,NA,NA,NA,1.0,NA,NA,NA,NA,NA,0.778,NA,NA,NA,1.0,0.778	0.111
6441	0,23,0,0,0	0,4,0,0,0	0,0,0,0,37,0,0,0,0,0,39,0,0,0,29,0	0,0,0,0,5,0,0,0,0,0,5,0,0,0,0,3	153	149	1	1.0	NA,0.848,NA,NA,NA	NA,NA,NA,NA,0.878,NA,NA,NA,NA,NA,0.884,NA,NA,NA,1.0,0.0	0.157
6442	0,35,0,0,0	0,5,0,0,0	0,0,0,0,79,0,0,0,0,0,10,0,0,0,0,10	0,0,0,0,7,0,0,0,0,0,0,0,0,0,0,0	298	149	1	1.0	NA,0.778,NA,NA,NA	NA,NA,NA,NA,0.849,NA,NA,NA,NA,NA,1.0,NA,NA,NA,NA,1.0	-0.172
6443	0,151,0,0,0	0,0,0,0,0	0,0,0,0,620,0,0,0,0,0,256,0,0,0,9,8	0,0,0,0,0,0,0,0,0,0,8,0,0,0,0,0	298	149	1	1.0	NA,1.0,NA,NA,NA	NA,NA,NA,NA,1.0,NA,NA,NA,NA,NA,0.941,NA,NA,NA,1.0,1.0	0.015
6444	0,7,0,0,2	0,199,0,0,0	0,0,0,0,59,0,0,0,0,0,104,0,0,0,4,6	0,0,0,0,1654,0,0,2,0,0,3721,0,0,0,55,428	294	149	1	1.0	NA,0.018,NA,NA,1.0	NA,NA,NA,NA,0.018,NA,NA,0.0,NA,NA,0.014,NA,NA,NA,0.036,0.007	0.494
6445	0,92,0,0,0	0,0,0,0,0	0,0,0,0,237,0,0,0,0,0,663,0,0,0,561,21	0,0,0,0,0,0,0,0,0,0,49,0,0,0,21,0	298	149	1	1.0	NA,1.0,NA,NA,NA	NA,NA,NA,NA,1.0,NA,NA,NA,NA,NA,0.871,NA,NA,NA,0.93,1.0	0.05
6447	0,4,0,0,0	0,0,0,0,0	0,0,0,0,80,0,0,0,0,0,109,0,0,0,170,15	0,0,0,0,0,0,0,0,0,0,3,0,0,0,18,0	298	149	1	1.0	NA,1.0,NA,NA,NA	NA,NA,NA,NA,1.0,NA,NA,NA,NA,NA,0.948,NA,NA,NA,0.825,1.0	0.057
6449	0,12,0,0,0	0,120,0,0,0	0,0,0,0,60,0,0,0,0,0,4,0,0,0,0,1	0,0,0,0,585,0,0,2,0,0,804,0,0,0,257,17	215	149	1	1.0	NA,0.065,NA,NA,NA	NA,NA,NA,NA,0.066,NA,NA,0.0,NA,NA,0.003,NA,NA,NA,0.0,0.039	0.043
6450	0,14,0,0,0	0,46,0,0,0	0,0,0,0,111,0,0,0,0,0,136,0,0,0,15,41	0,0,0,0,379,0,2,0,0,2,620,0,0,0,209,40	298	149	1	1.0	NA,0.132,NA,NA,NA	NA,NA,NA,NA,0.128,NA,0.0,NA,NA,0.0,0.099,NA,NA,NA,0.035,0.339	0.032
6451	0,38,0,0,0	0,0,0,0,0	0,0,0,0,184,0,0,0,0,0,262,0,0,0,53,76	0,0,0,0,0,0,0,0,0,0,5,0,0,0,0,0	298	149	1	1.0	NA,1.0,NA,NA,NA	NA,NA,NA,NA,1.0,NA,NA,NA,NA,NA,0.963,NA,NA,NA,1.0,1.0	0.009
6452	0,71,0,0,0	0,0,0,0,0	0,0,0,0,477,0,2,0,0,2,781,0,0,0,249,77	0,0,0,0,0,0,0,0,0,0,5,0,0,0,0,0	185	149	1	1.0	NA,1.0,NA,NA,NA	NA,NA,NA,NA,1.0,NA,1.0,NA,NA,1.0,0.992,NA,NA,NA,1.0,1.0	0.001
6455	0,4,0,0,0	0,0,0,0,0	0,0,0,0,0,0,0,0,0,0,5,0,0,0,0,1	0,0,0,0,62,0,0,0,0,0,13,0,0,0,16,5	170	149	1	1.0	NA,1.0,NA,NA,NA	NA,NA,NA,NA,0.0,NA,NA,NA,NA,NA,0.252,NA,NA,NA,0.0,0.149	0.9
6456	0,0,0,0,0	0,3,0,0,0	0,0,0,0,3,0,0,0,0,0,6,0,0,0,0,0	0,0,0,0,90,0,0,0,0,0,40,0,0,0,23,0	160	149	1	1.0	NA,0.0,NA,NA,NA	NA,NA,NA,NA,0.03,NA,NA,NA,NA,NA,0.123,NA,NA,NA,0.0,NA	-0.051
6460	0,0,0,0,0	0,18,0,0,0	0,0,0,0,9,0,0,0,0,0,4,0,0,0,2,4	0,0,0,0,30,0,0,0,0,0,43,0,0,0,8,3	161	149	1	1.0	NA,0.0,NA,NA,NA	NA,NA,NA,NA,0.217,NA,NA,NA,NA,NA,0.079,NA,NA,NA,0.188,0.552	-0.259
6461	0,5,0,0,0	0,2,0,0,0	0,0,0,0,8,0,0,0,0,0,6,0,0,0,0,0	0,0,0,0,0,0,0,0,0,0,0,0,0,0,2,0	298	149	1	1.0	NA,0.556,NA,NA,NA	NA,NA,NA,NA,1.0,NA,NA,NA,NA,NA,1.0,NA,NA,NA,0.0,NA	-0.111
6462	0,0,0,0,0	0,10,0,0,0	0,0,0,0,0,0,0,0,0,0,0,0,0,0,0,3	0,0,0,0,0,0,0,0,0,0,5,0,0,0,0,27	298	149	1	1.0	NA,0.0,NA,NA,NA	NA,NA,NA,NA,NA,NA,NA,NA,NA,NA,0.0,NA,NA,NA,NA,0.053	-0.026
6464	0,8,0,0,0	0,409,0,0,2	0,0,0,0,17,0,0,0,0,0,5,0,0,0,2,0	0,0,0,0,1074,0,0,0,0,0,1024,0,0,0,464,97	159	149	1	1.0	NA,0.018,NA,NA,0.0	NA,NA,NA,NA,0.015,NA,NA,NA,NA,NA,0.005,NA,NA,NA,0.004,0.0	0.003
6466	0,6,0,0,0	0,5,0,0,2	0,0,0,0,23,0,0,0,0,0,3,0,0,0,53,0	0,0,0,0,58,2,0,0,0,4,82,0,0,0,216,10	163	149	1	1.0	NA,0.523,NA,NA,0.0	NA,NA,NA,NA,0.266,0.0,NA,NA,NA,0.0,0.032,NA,NA,NA,0.183,0.0	0.181
6469	0,1,0,0,0	0,0,0,0,0	0,0,0,0,10,0,0,0,0,0,21,0,0,0,18,1	0,0,0,0,4,0,0,0,0,0,20,0,0,0,47,2	239	149	1	1.0	NA,1.0,NA,NA,NA	NA,NA,NA,NA,0.609,NA,NA,NA,NA,NA,0.396,NA,NA,NA,0.193,0.238	0.641
6470	0,24,0,0,0	0,20,0,0,0	0,0,0,0,64,0,0,2,0,0,43,0,0,0,21,1	0,0,0,0,37,0,0,0,0,0,58,0,0,0,54,1	153	149	1	1.0	NA,0.539,NA,NA,NA	NA,NA,NA,NA,0.627,NA,NA,1.0,NA,NA,0.419,NA,NA,NA,0.275,0.493	-0.024
6471	0,244,0,0,0	0,0,0,0,0	0,0,0,0,301,2,0,2,0,2,713,0,0,0,865,120	0,0,0,0,0,0,0,0,0,0,0,0,0,0,0,3	298	149	1	1.0	NA,1.0,NA,NA,NA	NA,NA,NA,NA,1.0,1.0,NA,1.0,NA,1.0,1.0,NA,NA,NA,1.0,0.952	0.007
6473	0,25,0,0,0	0,3,0,0,0	0,0,0,0,36,0,0,0,0,0,35,0,0,0,0,2	0,0,0,0,0,0,0,0,0,0,5,0,0,0,0,0	176	149	1	1.0	NA,0.876,NA,NA,NA	NA,NA,NA,NA,1.0,NA,NA,NA,NA,NA,0.856,NA,NA,NA,NA,1.0	-0.076
6474	0,35,0,0,0	0,3,0,0,0	0,0,0,0,33,0,0,0,0,0,27,0,0,0,0,5	0,0,0,0,0,0,0,0,0,0,5,0,0,0,0,0	212	149	1	1.0	NA,0.891,NA,NA,NA	NA,NA,NA,NA,1.0,NA,NA,NA,NA,NA,0.791,NA,NA,NA,NA,1.0	-0.039
6475	0,10,0,0,0	0,0,0,0,0	0,0,0,0,0,0,0,0,0,0,3,0,0,0,0,3	0,0,0,0,3,0,0,0,0,0,11,0,0,0,0,0	185	149	1	1.0	NA,1.0,NA,NA,NA	NA,NA,NA,NA,0.0,NA,NA,NA,NA,NA,0.18,NA,NA,NA,NA,1.0	0.607
6476	0,117,0,0,2	0,8,0,0,0	0,0,0,0,149,0,0,0,0,0,244,0,0,0,7,12	0,0,0,0,0,0,0,0,0,0,14,0,0,0,1,0	176	149	1	1.0	NA,0.925,NA,NA,1.0	NA,NA,NA,NA,1.0,NA,NA,NA,NA,NA,0.937,NA,NA,NA,0.856,1.0	0.014
6481	0,108,2,0,0	0,94,0,0,0	0,0,0,0,314,0,0,0,0,0,276,0,0,0,71,18	0,0,0,0,248,0,0,0,0,0,312,0,0,0,369,32	274	149	1	1.0	NA,0.385,1.0,NA,NA	NA,NA,NA,NA,0.408,NA,NA,NA,NA,NA,0.325,NA,NA,NA,0.095,0.234	0.427
6482	0,163,2,0,0	0,4,0,0,0	0,0,0,0,393,2,0,2,0,2,492,0,0,0,724,76	0,0,0,0,0,0,0,0,0,0,1,0,0,0,2,0	208	149	1	1.0	NA,0.967,1.0,NA,NA	NA,NA,NA,NA,1.0,1.0,NA,1.0,NA,1.0,0.997,NA,NA,NA,0.996,1.0	-0.015
6483	0,21,2,0,0	0,4,0,0,0	0,0,0,0,96,0,0,0,0,0,96,0,0,0,205,34	0,0,0,0,0,0,0,0,0,0,1,0,0,0,2,0	214	149	1	1.0	NA,0.785,1.0,NA,NA	NA,NA,NA,NA,1.0,NA,NA,NA,NA,NA,0.985,NA,NA,NA,0.986,1.0	-0.1
6484	0,3,0,0,0	0,145,0,0,0	0,0,0,0,0,0,0,0,0,0,8,0,0,0,0,1	0,0,0,0,297,2,0,2,0,2,404,0,0,0,519,43	155	149	1	1.0	NA,0.02,NA,NA,NA	NA,NA,NA,NA,0.0,0.0,NA,0.0,NA,0.0,0.019,NA,NA,NA,0.0,0.022	0.014
6485	0,153,0,0,0	0,0,0,0,0	0,0,0,0,415,4,0,0,0,0,262,0,0,0,306,31	0,0,0,0,0,0,0,0,0,0,10,0,0,0,6,0	298	149	1	1.0	NA,1.0,NA,NA,NA	NA,NA,NA,NA,1.0,1.0,NA,NA,NA,NA,0.929,NA,NA,NA,0.962,1.0	0.022
6486	0,0,0,0,0	0,5,0,0,0	0,0,0,0,0,0,0,0,0,0,0,0,0,0,5,0	0,0,0,0,4,0,0,0,0,0,6,0,0,0,20,4	191	149	1	1.0	NA,0.0,NA,NA,NA	NA,NA,NA,NA,0.0,NA,NA,NA,NA,NA,0.0,NA,NA,NA,0.163,0.0	-0.041
6493	0,5574,10,0,16	0,18,0,0,0	0,0,0,0,2979,2,4,6,2,12,7056,0,0,0,2885,284	0,0,0,0,0,0,0,0,0,0,0,0,0,0,7,4	166	149	1	1.0	NA,0.996,1.0,NA,1.0	NA,NA,NA,NA,1.0,1.0,1.0,1.0,1.0,1.0,1.0,NA,NA,NA,0.997,0.985	0.001
6496	0,0,0,0,0	0,7,0,0,0	0,0,0,0,4,0,0,0,0,0,0,0,0,0,0,0	0,0,0,0,49,0,0,2,0,0,90,0,0,0,79,21	298	149	1	1.0	NA,0.0,NA,NA,NA	NA,NA,NA,NA,0.039,NA,NA,0.0,NA,NA,0.0,NA,NA,NA,0.0,0.0	-0.008
6500	0,15,0,0,0	0,0,0,0,0	0,0,0,0,201,0,0,0,0,0,48,0,0,0,16,8	0,0,0,0,0,0,0,0,0,0,0,0,0,0,0,3	298	149	1	1.0	NA,1.0,NA,NA,NA	NA,NA,NA,NA,1.0,NA,NA,NA,NA,NA,1.0,NA,NA,NA,1.0,0.571	0.107
6502	0,2,0,0,0	0,371,0,0,0	0,0,0,0,0,0,0,0,0,0,32,0,0,0,34,1	0,0,0,0,304,6,0,6,0,2,827,0,0,0,1456,22	254	149	1	1.0	NA,0.003,NA,NA,NA	NA,NA,NA,NA,0.0,0.0,NA,0.0,NA,0.0,0.022,NA,NA,NA,0.014,0.026	-0.006
6504	0,0,0,0,0	0,1,0,0,0	0,0,0,0,6,0,0,0,0,0,12,0,0,0,0,2	0,0,0,0,0,0,0,0,0,0,6,0,0,0,0,1	298	149	1	1.0	NA,0.0,NA,NA,NA	NA,NA,NA,NA,1.0,NA,NA,NA,NA,NA,0.5,NA,NA,NA,NA,0.5	-0.667
6506	0,63,2,0,0	0,0,0,0,0	0,0,0,0,603,2,0,2,4,0,740,0,0,0,1424,334	0,0,0,0,24,0,0,0,0,0,0,0,0,0,8,11	298	149	1	1.0	NA,1.0,1.0,NA,NA	NA,NA,NA,NA,0.926,1.0,NA,1.0,1.0,NA,1.0,NA,NA,NA,0.989,0.938	0.021
6508	0,9,0,0,0	0,157,6,0,0	0,0,0,0,7,0,0,0,0,0,11,0,0,0,35,13	0,0,0,0,963,0,4,4,2,4,828,0,0,0,1000,275	298	149	1	1.0	NA,0.028,0.0,NA,NA	NA,NA,NA,NA,0.004,NA,0.0,0.0,0.0,0.0,0.007,NA,NA,NA,0.017,0.023	0.008
6509	0,3,0,0,0	0,216,0,0,2	0,0,0,0,5,0,0,0,0,0,3,0,0,0,3,0	0,0,0,0,649,0,0,0,0,6,817,0,0,0,98,41	152	149	1	1.0	NA,0.013,NA,NA,0.0	NA,NA,NA,NA,0.007,NA,NA,NA,NA,0.0,0.004,NA,NA,NA,0.029,0.0	-0.002
6514	0,0,0,0,0	0,42,0,0,0	0,0,0,0,19,0,0,0,0,0,8,0,0,0,2,1	0,0,0,0,347,0,0,0,0,0,172,0,0,0,85,0	227	149	1	1.0	NA,0.0,NA,NA,NA	NA,NA,NA,NA,0.035,NA,NA,NA,NA,NA,0.03,NA,NA,NA,0.015,1.0	-0.27
6516	0,8,0,0,0	0,78,0,0,0	0,0,0,0,5,0,0,0,0,0,11,0,0,0,47,3	0,0,0,0,137,0,0,0,0,0,172,0,0,0,296,43	298	149	1	1.0	NA,0.049,NA,NA,NA	NA,NA,NA,NA,0.018,NA,NA,NA,NA,NA,0.031,NA,NA,NA,0.074,0.034	0.01
6519	0,13,0,0,0	0,1,0,0,0	0,0,0,0,151,0,0,0,0,0,147,0,0,0,0,24	0,0,0,0,62,0,0,0,0,0,71,0,0,0,1,25	198	149	1	1.0	NA,0.907,NA,NA,NA	NA,NA,NA,NA,0.647,NA,NA,NA,NA,NA,0.609,NA,NA,NA,0.0,0.419	0.488
6520	0,3,0,0,0	0,0,0,0,0	0,0,0,0,35,0,0,0,0,0,10,0,0,0,0,14	0,0,0,0,0,0,0,0,0,0,24,0,0,0,0,0	160	149	1	1.0	NA,1.0,NA,NA,NA	NA,NA,NA,NA,1.0,NA,NA,NA,NA,NA,0.28,NA,NA,NA,NA,1.0	0.24
6521	0,44,0,0,2	0,0,0,0,0	0,0,0,0,125,0,0,0,0,0,130,0,0,0,11,35	0,0,0,0,0,0,0,0,0,0,24,0,0,0,0,0	193	149	1	1.0	NA,1.0,NA,NA,1.0	NA,NA,NA,NA,1.0,NA,NA,NA,NA,NA,0.807,NA,NA,NA,1.0,1.0	0.048
6522	0,41,0,0,2	0,0,0,0,0	0,0,0,0,98,0,0,0,0,0,128,0,0,0,11,22	0,0,0,0,8,0,0,0,0,0,8,0,0,0,0,1	182	149	1	1.0	NA,1.0,NA,NA,1.0	NA,NA,NA,NA,0.909,NA,NA,NA,NA,NA,0.929,NA,NA,NA,1.0,0.947	0.054
6523	0,3,0,0,0	0,29,0,0,0	0,0,0,0,32,0,0,0,0,0,67,0,0,0,21,3	0,0,0,0,76,0,0,0,0,0,52,0,0,0,22,8	156	149	1	1.0	NA,0.09,NA,NA,NA	NA,NA,NA,NA,0.287,NA,NA,NA,NA,NA,0.552,NA,NA,NA,0.477,0.264	-0.305
6524	0,46,0,0,0	0,18,0,0,0	0,0,0,0,158,2,2,0,0,0,29,0,0,0,90,17	0,0,0,0,82,0,0,0,0,0,171,0,0,0,244,19	298	149	1	1.0	NA,0.561,NA,NA,NA	NA,NA,NA,NA,0.491,1.0,1.0,NA,NA,NA,0.078,NA,NA,NA,0.156,0.309	0.055
6525	0,11,0,0,0	0,40,0,0,0	0,0,0,0,42,0,0,0,0,0,6,0,0,0,54,6	0,0,0,0,40,0,0,0,0,0,45,0,0,0,229,12	180	149	1	1.0	NA,0.185,NA,NA,NA	NA,NA,NA,NA,0.465,NA,NA,NA,NA,NA,0.099,NA,NA,NA,0.163,0.293	-0.07
6526	0,20,0,0,0	0,245,0,0,0	0,0,0,0,23,0,0,0,0,0,6,0,0,0,99,9	0,0,0,0,130,2,4,0,0,0,188,0,0,0,1292,57	180	149	1	1.0	NA,0.063,NA,NA,NA	NA,NA,NA,NA,0.128,0.0,0.0,NA,NA,NA,0.026,NA,NA,NA,0.06,0.116	0.008
6529	0,395,0,0,2	0,0,0,0,0	0,0,0,0,286,0,0,1,0,0,1964,0,0,0,91,156	0,0,0,0,13,0,0,0,0,0,11,0,0,0,0,2	196	149	1	1.0	NA,1.0,NA,NA,1.0	NA,NA,NA,NA,0.944,NA,NA,1.0,NA,NA,0.993,NA,NA,NA,1.0,0.983	0.016
6530	0,387,0,0,0	0,0,0,0,0	0,0,0,0,253,0,0,0,0,0,2112,0,0,0,2,95	0,0,0,0,0,0,0,0,0,0,6,0,0,0,0,0	209	149	1	1.0	NA,1.0,NA,NA,NA	NA,NA,NA,NA,1.0,NA,NA,NA,NA,NA,0.996,NA,NA,NA,1.0,1.0	0.001
6534	0,18,0,0,0	0,567,0,0,2	0,0,0,0,0,0,0,0,0,0,34,0,0,0,0,3	0,0,0,0,1624,0,0,6,0,6,7014,0,0,0,149,339	298	149	1	1.0	NA,0.016,NA,NA,0.0	NA,NA,NA,NA,0.0,NA,NA,0.0,NA,0.0,0.002,NA,NA,NA,0.0,0.004	0.007
6535	0,14,0,0,0	0,13,0,0,0	0,0,0,0,19,0,0,0,2,0,9,0,0,0,1,3	0,0,0,0,77,0,0,0,0,0,16,0,0,0,0,0	195	149	1	1.0	NA,0.451,NA,NA,NA	NA,NA,NA,NA,0.159,NA,NA,NA,1.0,NA,0.301,NA,NA,NA,1.0,1.0	-0.241
6536	0,0,0,0,0	0,16,0,0,0	0,0,0,0,0,0,0,0,0,0,0,0,0,0,0,3	0,0,0,0,12,0,0,0,0,0,43,0,0,0,82,2	152	149	1	1.0	NA,0.0,NA,NA,NA	NA,NA,NA,NA,0.0,NA,NA,NA,NA,NA,0.0,NA,NA,NA,0.0,0.595	-0.149
6543	0,17,0,0,0	0,0,0,0,0	0,0,0,0,236,0,0,0,0,0,82,0,0,0,107,4	0,0,0,0,0,0,0,0,0,0,0,0,0,0,10,0	194	149	1	1.0	NA,1.0,NA,NA,NA	NA,NA,NA,NA,1.0,NA,NA,NA,NA,NA,1.0,NA,NA,NA,0.892,1.0	0.027
6544	0,0,0,0,0	0,7,0,0,2	0,0,0,0,0,0,0,0,0,0,2,0,0,0,0,0	0,0,0,0,120,0,0,2,0,0,96,0,0,0,31,28	223	149	1	1.0	NA,0.0,NA,NA,0.0	NA,NA,NA,NA,0.0,NA,NA,0.0,NA,NA,0.014,NA,NA,NA,0.0,0.0	-0.003
6546	0,33,0,0,0	0,0,0,0,0	0,0,0,0,120,0,0,0,0,0,144,0,0,0,12,5	0,0,0,0,0,0,0,0,0,0,1,0,0,0,0,1	187	149	1	1.0	NA,1.0,NA,NA,NA	NA,NA,NA,NA,1.0,NA,NA,NA,NA,NA,0.991,NA,NA,NA,1.0,0.799	0.052
6547	0,81,0,0,0	0,0,0,0,0	0,0,0,0,300,0,0,0,0,0,372,0,0,0,52,24	0,0,0,0,0,0,0,0,0,0,1,0,0,0,0,0	187	149	1	1.0	NA,1.0,NA,NA,NA	NA,NA,NA,NA,1.0,NA,NA,NA,NA,NA,0.997,NA,NA,NA,1.0,1.0	0.001
6553	0,17,0,0,0	0,14,0,0,0	0,0,0,0,0,0,0,0,0,0,14,0,0,0,13,9	0,0,0,0,89,0,0,0,0,0,70,0,0,0,49,11	153	149	1	1.0	NA,0.542,NA,NA,NA	NA,NA,NA,NA,0.0,NA,NA,NA,NA,NA,0.163,NA,NA,NA,0.205,0.443	0.339
6556	0,6,0,0,0	0,0,0,0,0	0,0,0,0,32,0,0,0,0,0,12,0,0,0,126,5	0,0,0,0,43,0,0,0,0,0,31,0,0,0,70,3	191	149	1	1.0	NA,1.0,NA,NA,NA	NA,NA,NA,NA,0.367,NA,NA,NA,NA,NA,0.232,NA,NA,NA,0.584,0.565	0.563
6557	0,29,0,0,0	0,0,0,0,0	0,0,0,0,86,0,0,0,0,0,196,0,0,0,0,40	0,0,0,0,0,0,0,0,0,0,2,0,0,0,0,0	298	149	1	1.0	NA,1.0,NA,NA,NA	NA,NA,NA,NA,1.0,NA,NA,NA,NA,NA,0.98,NA,NA,NA,NA,1.0	0.007
6559	0,14,0,0,0	0,4,0,0,0	0,0,0,0,53,0,0,0,0,0,29,0,0,0,0,4	0,0,0,0,105,0,0,0,0,0,50,0,0,0,0,0	164	149	1	1.0	NA,0.761,NA,NA,NA	NA,NA,NA,NA,0.314,NA,NA,NA,NA,NA,0.345,NA,NA,NA,NA,1.0	0.208
6560	0,15,0,0,0	0,47,0,0,0	0,0,0,0,0,0,0,0,0,0,20,0,0,0,0,11	0,0,0,0,128,0,0,0,0,0,82,0,0,0,2,21	158	149	1	1.0	NA,0.231,NA,NA,NA	NA,NA,NA,NA,0.0,NA,NA,NA,NA,NA,0.187,NA,NA,NA,0.0,0.331	0.102
6561	0,15,0,0,0	0,6,0,0,0	0,0,0,0,45,0,0,0,0,0,32,0,0,0,0,11	0,0,0,0,0,0,0,0,0,0,34,0,0,0,0,0	185	149	1	1.0	NA,0.668,NA,NA,NA	NA,NA,NA,NA,1.0,NA,NA,NA,NA,NA,0.431,NA,NA,NA,NA,1.0	-0.142
6562	0,47,0,0,0	0,6,0,0,0	0,0,0,0,173,0,0,0,0,0,94,0,0,0,2,21	0,0,0,0,0,0,0,0,0,0,34,0,0,0,0,0	176	149	1	1.0	NA,0.869,NA,NA,NA	NA,NA,NA,NA,1.0,NA,NA,NA,NA,NA,0.701,NA,NA,NA,1.0,1.0	-0.056
6563	0,0,0,0,0	0,18,0,0,0	0,0,0,0,0,0,0,0,0,0,2,0,0,0,0,1	0,0,0,0,85,0,0,0,0,0,56,0,0,0,0,4	179	149	1	1.0	NA,0.0,NA,NA,NA	NA,NA,NA,NA,0.0,NA,NA,NA,NA,NA,0.029,NA,NA,NA,NA,0.172	-0.067
6567	0,6,0,0,0	0,57,0,0,0	0,0,0,0,57,0,0,0,0,2,114,0,0,0,23,16	0,0,0,0,30,0,0,0,0,0,198,0,0,0,53,35	168	149	1	1.0	NA,0.085,NA,NA,NA	NA,NA,NA,NA,0.628,NA,NA,NA,NA,1.0,0.338,NA,NA,NA,0.278,0.288	-0.421
6569	0,24,0,0,0	0,70,0,0,0	0,0,0,0,50,0,0,0,0,0,59,0,0,0,42,3	0,0,0,0,103,0,0,0,0,0,280,0,0,0,70,21	168	149	1	1.0	NA,0.233,NA,NA,NA	NA,NA,NA,NA,0.301,NA,NA,NA,NA,NA,0.157,NA,NA,NA,0.347,0.112	0.004
6571	0,4,0,0,0	0,105,0,0,0	0,0,0,0,0,0,0,0,0,0,13,0,0,0,11,1	0,0,0,0,108,0,0,1,0,0,714,0,0,0,91,27	257	149	1	1.0	NA,0.022,NA,NA,NA	NA,NA,NA,NA,0.0,NA,NA,0.0,NA,NA,0.01,NA,NA,NA,0.065,0.021	0.003
6573	0,2,0,0,0	0,0,0,0,0	0,0,0,0,68,2,0,0,4,0,86,0,0,0,202,21	0,0,0,0,0,0,0,0,0,0,0,0,0,0,0,1	187	149	1	1.0	NA,1.0,NA,NA,NA	NA,NA,NA,NA,1.0,1.0,NA,NA,1.0,NA,1.0,NA,NA,NA,1.0,0.944	0.009
6576	0,7,0,0,0	0,12,0,0,0	0,0,0,0,23,0,0,0,0,0,25,0,0,0,17,11	0,0,0,0,286,0,0,0,0,0,236,0,0,0,191,62	182	149	1	1.0	NA,0.323,NA,NA,NA	NA,NA,NA,NA,0.062,NA,NA,NA,NA,NA,0.08,NA,NA,NA,0.068,0.127	0.239
6583	0,12,0,0,0	0,0,0,0,0	0,0,0,0,150,0,0,0,0,0,79,0,0,0,6,25	0,0,0,0,6,0,0,0,0,0,11,0,0,0,0,3	162	149	1	1.0	NA,1.0,NA,NA,NA	NA,NA,NA,NA,0.958,NA,NA,NA,NA,NA,0.869,NA,NA,NA,1.0,0.885	0.072
6586	0,185,0,0,0	0,0,0,0,0	0,0,0,0,160,0,0,0,0,0,122,0,0,0,78,28	0,0,0,0,0,0,0,0,0,0,1,0,0,0,0,0	298	149	1	1.0	NA,1.0,NA,NA,NA	NA,NA,NA,NA,1.0,NA,NA,NA,NA,NA,0.984,NA,NA,NA,1.0,1.0	0.004
6587	0,6,0,0,0	0,394,0,0,6	0,0,0,0,17,0,0,0,0,0,78,0,0,0,8,0	0,0,0,0,1119,0,0,0,0,0,3994,0,0,0,221,21	200	149	1	1.0	NA,0.011,NA,NA,0.0	NA,NA,NA,NA,0.011,NA,NA,NA,NA,NA,0.014,NA,NA,NA,0.026,0.0	-0.007
6590	0,1,0,0,0	0,3,0,0,0	0,0,0,0,0,0,0,0,0,0,11,0,0,0,6,0	0,0,0,0,7,0,0,0,0,0,10,0,0,0,0,0	167	149	1	1.0	NA,0.229,NA,NA,NA	NA,NA,NA,NA,0.0,NA,NA,NA,NA,NA,0.495,NA,NA,NA,1.0,NA	-0.269
6591	0,522,0,0,0	0,0,0,0,0	0,0,0,0,658,0,0,1,0,0,1184,0,0,0,817,62	0,0,0,0,0,0,0,0,0,0,8,0,0,0,0,0	298	149	1	1.0	NA,1.0,NA,NA,NA	NA,NA,NA,NA,1.0,NA,NA,1.0,NA,NA,0.987,NA,NA,NA,1.0,1.0	0.003
6592	0,429,0,0,0	0,17,0,0,0	0,0,0,0,545,0,0,2,0,0,1241,0,0,0,771,72	0,0,0,0,6,0,0,0,0,0,30,0,0,0,0,2	167	149	1	1.0	NA,0.957,NA,NA,NA	NA,NA,NA,NA,0.988,NA,NA,1.0,NA,NA,0.974,NA,NA,NA,1.0,0.97	-0.029
6595	0,5,0,0,0	0,154,0,0,0	0,0,0,0,73,0,0,0,0,0,7,0,0,0,1,0	0,0,0,0,455,0,2,0,0,0,435,0,0,0,254,4	156	149	1	1.0	NA,0.03,NA,NA,NA	NA,NA,NA,NA,0.133,NA,0.0,NA,NA,NA,0.015,NA,NA,NA,0.004,0.0	-0.0
6599	0,0,0,0,0	0,28,0,0,0	0,0,0,0,25,0,0,0,0,0,0,0,0,0,0,3	0,0,0,0,595,0,0,0,0,0,305,0,0,0,20,142	298	149	1	1.0	NA,0.0,NA,NA,NA	NA,NA,NA,NA,0.021,NA,NA,NA,NA,NA,0.0,NA,NA,NA,0.0,0.01	-0.008
6600	0,16,0,0,0	0,95,0,0,0	0,0,0,0,31,0,0,0,0,0,10,0,0,0,2,5	0,0,0,0,521,0,0,0,2,0,1216,0,0,0,560,65	298	149	1	1.0	NA,0.078,NA,NA,NA	NA,NA,NA,NA,0.029,NA,NA,NA,0.0,NA,0.004,NA,NA,NA,0.002,0.037	0.064
6607	0,9,0,0,0	0,0,0,0,0	0,0,0,0,46,0,0,0,0,0,38,0,0,0,14,5	0,0,0,0,0,0,0,0,0,0,3,0,0,0,5,0	154	149	1	1.0	NA,1.0,NA,NA,NA	NA,NA,NA,NA,1.0,NA,NA,NA,NA,NA,0.925,NA,NA,NA,0.73,1.0	0.086
6608	0,0,0,0,0	0,6,0,0,0	0,0,0,0,21,0,0,0,0,0,10,0,0,0,12,1	0,0,0,0,7,0,0,0,0,0,11,0,0,0,0,4	167	149	1	1.0	NA,0.0,NA,NA,NA	NA,NA,NA,NA,0.728,NA,NA,NA,NA,NA,0.448,NA,NA,NA,1.0,0.182	-0.59
6610	0,16,0,0,0	0,23,0,0,0	0,0,0,0,27,0,0,0,0,0,9,0,0,0,9,5	0,0,0,0,11,0,0,0,0,0,37,0,0,0,31,1	229	149	1	1.0	NA,0.312,NA,NA,NA	NA,NA,NA,NA,0.615,NA,NA,NA,NA,NA,0.137,NA,NA,NA,0.159,0.765	-0.107
6611	0,18,0,0,0	0,2,0,0,0	0,0,0,0,41,0,0,0,0,0,27,0,0,0,0,6	0,0,0,0,0,0,0,0,0,0,0,0,0,0,0,0	153	149	1	1.0	NA,0.898,NA,NA,NA	NA,NA,NA,NA,1.0,NA,NA,NA,NA,NA,1.0,NA,NA,NA,NA,1.0	-0.102
6612	0,25,0,0,0	0,1,0,0,0	0,0,0,0,92,0,0,0,0,0,91,0,0,0,13,10	0,0,0,0,6,0,0,0,0,0,0,0,0,0,0,0	200	149	1	1.0	NA,0.949,NA,NA,NA	NA,NA,NA,NA,0.92,NA,NA,NA,NA,NA,1.0,NA,NA,NA,1.0,1.0	-0.031
6618	0,0,0,0,0	0,17,0,0,0	0,0,0,0,5,0,0,0,0,0,0,0,0,0,0,0	0,0,0,0,33,0,0,0,0,0,76,0,0,0,29,19	162	149	1	1.0	NA,0.0,NA,NA,NA	NA,NA,NA,NA,0.122,NA,NA,NA,NA,NA,0.0,NA,NA,NA,0.0,0.0	-0.03
6619	0,35,0,0,0	0,0,0,0,0	0,0,0,0,97,0,0,0,0,0,64,0,0,0,117,17	0,0,0,0,0,0,0,0,0,0,1,0,0,0,0,0	151	149	1	1.0	NA,1.0,NA,NA,NA	NA,NA,NA,NA,1.0,NA,NA,NA,NA,NA,0.984,NA,NA,NA,1.0,1.0	0.004
6620	0,16,0,0,0	0,218,0,0,0	0,0,0,0,72,0,0,0,0,0,43,0,0,0,0,5	0,0,0,0,352,0,0,0,0,0,292,0,0,0,5,9	153	149	1	1.0	NA,0.067,NA,NA,NA	NA,NA,NA,NA,0.166,NA,NA,NA,NA,NA,0.125,NA,NA,NA,0.0,0.351	-0.093
6621	0,0,0,0,0	0,3,0,0,0	0,0,0,0,5,0,0,0,0,0,0,0,0,0,5,0	0,0,0,0,39,0,0,0,0,0,41,0,0,0,10,0	215	149	1	1.0	NA,0.0,NA,NA,NA	NA,NA,NA,NA,0.082,NA,NA,NA,NA,NA,0.0,NA,NA,NA,0.257,NA	-0.113
6622	0,0,0,0,0	0,3,0,0,0	0,0,0,0,0,0,0,0,0,0,2,0,0,0,0,0	0,0,0,0,128,0,0,2,0,0,152,0,0,0,197,32	191	149	1	1.0	NA,0.0,NA,NA,NA	NA,NA,NA,NA,0.0,NA,NA,0.0,NA,NA,0.01,NA,NA,NA,0.0,0.0	-0.002
6623	0,6,0,0,0	0,2,0,0,0	0,0,0,0,35,0,0,0,0,0,15,0,0,0,31,17	0,0,0,0,0,0,0,0,0,0,7,0,0,0,8,0	173	149	1	1.0	NA,0.721,NA,NA,NA	NA,NA,NA,NA,1.0,NA,NA,NA,NA,NA,0.649,NA,NA,NA,0.769,1.0	-0.134
6624	0,8,0,0,0	0,39,0,0,0	0,0,0,0,9,0,0,0,0,0,14,0,0,0,4,0	0,0,0,0,185,0,0,0,0,0,197,0,0,0,105,31	194	149	1	1.0	NA,0.136,NA,NA,NA	NA,NA,NA,NA,0.036,NA,NA,NA,NA,NA,0.052,NA,NA,NA,0.028,0.0	0.107
6625	0,26,0,0,0	0,5,0,0,0	0,0,0,0,345,0,0,0,0,2,290,0,0,0,15,22	0,0,0,0,101,0,0,0,0,2,60,0,0,0,83,6	293	149	1	1.0	NA,0.726,NA,NA,NA	NA,NA,NA,NA,0.635,NA,NA,NA,NA,0.337,0.711,NA,NA,NA,0.084,0.651	0.242
6632	0,16,0,0,0	0,2,0,0,0	0,0,0,0,71,0,0,0,0,0,51,0,0,0,71,8	0,0,0,0,69,0,0,2,0,0,44,0,0,0,99,4	158	149	1	1.0	NA,0.883,NA,NA,NA	NA,NA,NA,NA,0.492,NA,NA,0.0,NA,NA,0.522,NA,NA,NA,0.403,0.654	0.469
6633	0,4,0,0,0	0,0,0,0,0	0,0,0,0,103,0,0,0,0,0,59,0,0,0,125,25	0,0,0,0,2,0,0,0,0,0,5,0,0,0,0,0	298	149	1	1.0	NA,1.0,NA,NA,NA	NA,NA,NA,NA,0.963,NA,NA,NA,NA,NA,0.855,NA,NA,NA,1.0,1.0	0.045
6636	0,210,0,0,0	0,33,0,0,0	0,0,0,0,240,0,0,0,0,0,602,0,0,0,26,19	0,0,0,0,35,0,0,0,0,0,134,0,0,0,5,8	182	149	1	1.0	NA,0.839,NA,NA,NA	NA,NA,NA,NA,0.849,NA,NA,NA,NA,NA,0.786,NA,NA,NA,0.81,0.66	0.063
6637	0,547,0,0,0	0,660,0,0,4	0,0,0,0,512,0,0,0,0,0,837,0,0,0,74,48	0,0,0,0,523,0,0,2,0,0,876,0,0,0,88,68	182	149	1	1.0	NA,0.404,NA,NA,0.0	NA,NA,NA,NA,0.445,NA,NA,0.0,NA,NA,0.439,NA,NA,NA,0.408,0.366	-0.13
6642	0,0,0,0,0	0,3,0,0,0	0,0,0,0,13,0,0,0,0,0,6,0,0,0,8,3	0,0,0,0,7,0,0,0,0,0,21,0,0,0,23,0	184	149	1	1.0	NA,0.0,NA,NA,NA	NA,NA,NA,NA,0.601,NA,NA,NA,NA,NA,0.188,NA,NA,NA,0.22,1.0	-0.502
6644	0,5,0,0,0	0,8,0,0,0	0,0,0,0,4,0,0,0,0,0,10,0,0,0,7,6	0,0,0,0,13,0,0,0,0,0,6,0,0,0,2,0	255	149	1	1.0	NA,0.268,NA,NA,NA	NA,NA,NA,NA,0.152,NA,NA,NA,NA,NA,0.493,NA,NA,NA,0.672,1.0	-0.311
6645	0,5,0,0,0	0,8,0,0,0	0,0,0,0,6,0,0,0,0,0,11,0,0,0,6,1	0,0,0,0,13,0,0,0,0,0,6,0,0,0,2,0	194	149	1	1.0	NA,0.324,NA,NA,NA	NA,NA,NA,NA,0.262,NA,NA,NA,NA,NA,0.585,NA,NA,NA,0.697,1.0	-0.312
6659	0,0,0,0,0	0,3,0,0,0	0,0,0,0,0,0,0,0,0,0,0,0,0,0,1,0	0,0,0,0,72,0,0,0,0,0,7,0,0,0,7,0	258	149	1	1.0	NA,0.0,NA,NA,NA	NA,NA,NA,NA,0.0,NA,NA,NA,NA,NA,0.0,NA,NA,NA,0.076,NA	-0.025
6660	0,59,2,0,0	0,0,0,0,0	0,0,0,0,142,2,0,2,0,0,304,0,0,0,460,30	0,0,0,0,14,0,0,0,0,0,0,0,0,0,12,0	193	149	1	1.0	NA,1.0,1.0,NA,NA	NA,NA,NA,NA,0.887,1.0,NA,1.0,NA,NA,1.0,NA,NA,NA,0.967,1.0	0.024
6662	0,4147,0,0,0	0,390,0,0,0	0,0,0,0,3112,0,0,3,0,0,4543,0,0,0,573,224	0,0,0,0,420,0,0,0,0,0,627,0,0,0,65,58	236	149	1	1.0	NA,0.87,NA,NA,NA	NA,NA,NA,NA,0.824,NA,NA,1.0,NA,NA,0.821,NA,NA,NA,0.848,0.709	0.03
6663	0,1,0,0,0	0,197,4,0,0	0,0,0,0,1,0,0,0,0,0,3,0,0,0,46,0	0,0,0,0,1402,2,0,0,2,4,624,0,0,0,1733,23	180	149	1	1.0	NA,0.004,0.0,NA,NA	NA,NA,NA,NA,0.001,0.0,NA,NA,0.0,0.0,0.004,NA,NA,NA,0.021,0.0	-0.002
6664	0,187,2,0,2	0,0,0,0,0	0,0,0,0,1623,10,8,4,6,8,558,0,0,0,1968,62	0,0,0,0,15,0,0,0,0,0,0,0,0,0,8,0	298	149	1	1.0	NA,1.0,1.0,NA,1.0	NA,NA,NA,NA,0.982,1.0,1.0,1.0,1.0,1.0,1.0,NA,NA,NA,0.992,1.0	0.003
6666	0,316,2,0,2	0,0,0,0,0	0,0,0,0,2151,4,0,2,2,0,1159,0,0,0,1342,54	0,0,0,0,47,0,0,0,0,0,27,0,0,0,0,0	180	149	1	1.0	NA,1.0,1.0,NA,1.0	NA,NA,NA,NA,0.974,1.0,NA,1.0,1.0,NA,0.973,NA,NA,NA,1.0,1.0	0.008
6667	0,0,0,0,0	0,451,0,0,0	0,0,0,0,11,0,0,0,0,0,11,0,0,0,4,0	0,0,0,0,4101,0,0,2,4,10,2255,0,0,0,348,133	231	149	1	1.0	NA,0.0,NA,NA,NA	NA,NA,NA,NA,0.002,NA,NA,0.0,0.0,0.0,0.003,NA,NA,NA,0.007,0.0	-0.002
6668	0,0,0,0,0	0,451,0,0,0	0,0,0,0,22,0,0,0,0,0,11,0,0,0,0,2	0,0,0,0,4101,0,0,2,4,10,2255,0,0,0,348,133	213	149	1	1.0	NA,0.0,NA,NA,NA	NA,NA,NA,NA,0.004,NA,NA,0.0,0.0,0.0,0.003,NA,NA,NA,0.0,0.01	-0.002
6669	0,6,0,0,0	0,451,0,0,0	0,0,0,0,28,0,0,0,0,0,2,0,0,0,0,0	0,0,0,0,4101,0,0,2,4,10,2255,0,0,0,348,133	189	149	1	1.0	NA,0.01,NA,NA,NA	NA,NA,NA,NA,0.005,NA,NA,0.0,0.0,0.0,0.001,NA,NA,NA,0.0,0.0	0.009
6670	0,453,0,0,0	0,9,0,0,0	0,0,0,0,4101,0,0,2,4,10,2262,0,0,0,398,136	0,0,0,0,44,0,0,0,0,2,103,0,0,0,308,7	298	149	1	1.0	NA,0.962,NA,NA,NA	NA,NA,NA,NA,0.979,NA,NA,1.0,1.0,0.714,0.917,NA,NA,NA,0.393,0.907	0.118
6671	0,2,0,0,0	0,9,0,0,0	0,0,0,0,0,0,0,0,0,0,9,0,0,0,50,3	0,0,0,0,44,0,0,0,0,2,103,0,0,0,308,7	298	149	1	1.0	NA,0.1,NA,NA,NA	NA,NA,NA,NA,0.0,NA,NA,NA,NA,0.0,0.042,NA,NA,NA,0.075,0.176	0.041
6672	0,2,0,0,0	0,9,0,0,0	0,0,0,0,0,0,0,0,0,0,7,0,0,0,50,3	0,0,0,0,44,0,0,0,0,2,103,0,0,0,308,7	298	149	1	1.0	NA,0.1,NA,NA,NA	NA,NA,NA,NA,0.0,NA,NA,NA,NA,0.0,0.033,NA,NA,NA,0.075,0.176	0.043
6673	0,2,0,0,0	0,9,0,0,0	0,0,0,0,0,0,0,0,0,0,3,0,0,0,49,2	0,0,0,0,44,0,0,0,0,2,103,0,0,0,308,7	238	149	1	1.0	NA,0.122,NA,NA,NA	NA,NA,NA,NA,0.0,NA,NA,NA,NA,0.0,0.018,NA,NA,NA,0.091,0.152	0.07
6675	0,41,0,0,0	0,0,0,0,0	0,0,0,0,28,0,0,0,0,0,17,0,0,0,7,1	0,0,0,0,0,0,0,0,0,0,2,0,0,0,0,0	226	149	1	1.0	NA,1.0,NA,NA,NA	NA,NA,NA,NA,1.0,NA,NA,NA,NA,NA,0.849,NA,NA,NA,1.0,1.0	0.038
6678	0,167,0,0,4	0,0,0,0,0	0,0,0,0,211,0,0,0,0,0,388,0,0,0,23,80	0,0,0,0,0,0,0,0,0,0,5,0,0,0,0,2	188	149	1	1.0	NA,1.0,NA,NA,1.0	NA,NA,NA,NA,1.0,NA,NA,NA,NA,NA,0.984,NA,NA,NA,1.0,0.969	0.012
6679	0,5,0,0,0	0,75,0,0,0	0,0,0,0,15,0,0,0,0,0,4,0,0,0,0,0	0,0,0,0,527,0,0,0,2,0,575,0,0,0,41,51	195	149	1	1.0	NA,0.048,NA,NA,NA	NA,NA,NA,NA,0.021,NA,NA,NA,0.0,NA,0.005,NA,NA,NA,0.0,0.0	0.043
6680	0,1,0,0,0	0,76,0,0,2	0,0,0,0,17,0,0,0,0,2,5,0,0,0,0,1	0,0,0,0,486,0,0,0,2,0,632,0,0,0,37,32	159	149	1	1.0	NA,0.012,NA,NA,0.0	NA,NA,NA,NA,0.032,NA,NA,NA,0.0,1.0,0.007,NA,NA,NA,0.0,0.028	-0.172
6681	0,5,0,0,0	0,20,0,0,0	0,0,0,0,86,0,0,0,0,0,117,0,0,0,214,4	0,0,0,0,46,0,0,0,0,0,37,0,0,0,70,2	173	149	1	1.0	NA,0.177,NA,NA,NA	NA,NA,NA,NA,0.617,NA,NA,NA,NA,NA,0.731,NA,NA,NA,0.725,0.633	-0.499
6684	0,0,0,0,0	0,9,0,0,0	0,0,0,0,0,0,0,0,0,0,0,0,0,0,0,1	0,0,0,0,113,0,0,0,0,0,75,0,0,0,28,25	269	149	1	1.0	NA,0.0,NA,NA,NA	NA,NA,NA,NA,0.0,NA,NA,NA,NA,NA,0.0,NA,NA,NA,0.0,0.022	-0.005
6686	0,32,0,0,0	0,0,0,0,0	0,0,0,0,129,0,0,0,0,0,22,0,0,0,11,16	0,0,0,0,43,0,0,0,0,0,0,0,0,0,2,0	188	149	1	1.0	NA,1.0,NA,NA,NA	NA,NA,NA,NA,0.704,NA,NA,NA,NA,NA,1.0,NA,NA,NA,0.813,1.0	0.121
6691	0,59,0,0,0	0,0,0,0,0	0,0,0,0,274,0,0,1,0,0,196,0,0,0,203,69	0,0,0,0,56,0,0,0,0,0,40,0,0,0,25,6	298	149	1	1.0	NA,1.0,NA,NA,NA	NA,NA,NA,NA,0.71,NA,NA,1.0,NA,NA,0.71,NA,NA,NA,0.802,0.852	0.185
6697	0,5,0,0,0	0,0,0,0,0	0,0,0,0,16,0,0,2,0,0,21,0,0,0,171,21	0,0,0,0,0,0,0,0,0,0,1,0,0,0,0,0	298	149	1	1.0	NA,1.0,NA,NA,NA	NA,NA,NA,NA,1.0,NA,NA,1.0,NA,NA,0.913,NA,NA,NA,1.0,1.0	0.017
6698	0,136,0,0,2	0,3,0,0,0	0,0,0,0,475,0,0,0,0,0,850,0,0,0,14,49	0,0,0,0,0,0,0,0,0,0,1,0,0,0,0,0	207	149	1	1.0	NA,0.97,NA,NA,1.0	NA,NA,NA,NA,1.0,NA,NA,NA,NA,NA,0.998,NA,NA,NA,1.0,1.0	-0.015
6704	0,195,2,0,8	0,0,0,0,0	0,0,0,0,1416,7,2,0,0,0,1319,0,0,0,1354,609	0,0,0,0,0,0,0,0,0,0,0,0,0,0,0,12	159	149	1	1.0	NA,1.0,1.0,NA,1.0	NA,NA,NA,NA,1.0,1.0,1.0,NA,NA,NA,1.0,NA,NA,NA,1.0,0.979	0.003
6706	0,77,0,0,2	0,0,0,0,0	0,0,0,0,108,6,2,5,0,2,2081,0,0,0,624,117	0,0,0,0,9,0,0,0,0,0,3,0,0,0,0,1	298	149	1	1.0	NA,1.0,NA,NA,1.0	NA,NA,NA,NA,0.857,1.0,1.0,1.0,NA,1.0,0.997,NA,NA,NA,1.0,0.983	0.02
6707	0,0,0,0,0	0,0,0,0,2	0,0,0,0,0,0,0,0,0,0,0,0,0,0,14,0	0,0,0,0,20,0,0,4,2,0,142,0,0,0,832,148	158	149	1	1.0	NA,NA,NA,NA,0.0	NA,NA,NA,NA,0.0,NA,NA,0.0,0.0,NA,0.0,NA,NA,NA,0.016,0.0	-0.003
6708	0,505,2,0,0	0,2,0,0,0	0,0,0,0,1818,0,0,0,2,2,1604,0,0,0,100,14	0,0,0,0,21,0,0,0,0,0,22,0,0,0,0,0	298	149	1	1.0	NA,0.992,1.0,NA,NA	NA,NA,NA,NA,0.977,NA,NA,NA,1.0,1.0,0.973,NA,NA,NA,1.0,1.0	0.004
6709	0,150,0,0,0	0,0,0,0,0	0,0,0,0,318,4,2,6,0,0,765,0,0,0,749,236	0,0,0,0,0,0,0,0,0,0,1,0,0,0,0,0	298	149	1	1.0	NA,1.0,NA,NA,NA	NA,NA,NA,NA,1.0,1.0,1.0,1.0,NA,NA,0.997,NA,NA,NA,1.0,1.0	0.0
6714	0,2,0,0,0	0,107,0,0,0	0,0,0,0,38,0,0,0,0,0,8,0,0,0,2,0	0,0,0,0,169,0,0,0,0,0,218,0,0,0,43,10	232	149	1	1.0	NA,0.012,NA,NA,NA	NA,NA,NA,NA,0.126,NA,NA,NA,NA,NA,0.023,NA,NA,NA,0.029,0.0	-0.033
6715	0,2,0,0,0	0,12,0,0,0	0,0,0,0,38,0,0,0,0,0,8,0,0,0,2,0	0,0,0,0,11,0,0,0,0,0,46,0,0,0,0,0	232	149	1	1.0	NA,0.097,NA,NA,NA	NA,NA,NA,NA,0.689,NA,NA,NA,NA,NA,0.1,NA,NA,NA,1.0,NA	-0.499
6716	0,17,7,0,2	0,0,0,0,0	0,0,0,0,185,0,6,4,0,2,128,0,0,0,975,230	0,0,0,0,0,0,0,0,0,0,0,0,0,0,18,2	290	149	1	1.0	NA,1.0,1.0,NA,1.0	NA,NA,NA,NA,1.0,NA,1.0,1.0,NA,1.0,1.0,NA,NA,NA,0.965,0.983	0.007
6717	0,0,0,0,0	0,19,0,0,0	0,0,0,0,18,0,0,0,0,0,7,0,0,0,0,1	0,0,0,0,36,0,0,0,0,0,44,0,0,0,57,17	205	149	1	1.0	NA,0.0,NA,NA,NA	NA,NA,NA,NA,0.267,NA,NA,NA,NA,NA,0.104,NA,NA,NA,0.0,0.041	-0.103
6723	0,74,0,0,0	0,178,0,0,0	0,0,0,0,43,0,0,2,0,0,50,0,0,0,44,15	0,0,0,0,103,0,0,0,0,0,152,0,0,0,97,26	164	149	1	1.0	NA,0.274,NA,NA,NA	NA,NA,NA,NA,0.275,NA,NA,1.0,NA,NA,0.23,NA,NA,NA,0.292,0.344	-0.154
6729	0,10,2,0,0	0,0,0,0,0	0,0,0,0,40,0,0,0,0,0,81,0,0,0,285,44	0,0,0,0,0,2,0,0,0,0,0,0,0,0,0,0	165	149	1	1.0	NA,1.0,1.0,NA,NA	NA,NA,NA,NA,1.0,0.0,NA,NA,NA,NA,1.0,NA,NA,NA,1.0,1.0	0.2
6737	0,0,0,0,0	0,3,0,0,0	0,0,0,0,124,0,0,0,0,0,216,0,0,0,131,3	0,0,0,0,9,0,0,0,0,0,1,0,0,0,0,0	298	149	1	1.0	NA,0.0,NA,NA,NA	NA,NA,NA,NA,0.873,NA,NA,NA,NA,NA,0.991,NA,NA,NA,1.0,1.0	-0.966
6741	0,0,0,0,0	0,14,0,0,0	0,0,0,0,7,0,0,0,0,0,0,0,0,0,0,3	0,0,0,0,27,0,0,0,0,0,1,0,0,0,1,0	220	149	1	1.0	NA,0.0,NA,NA,NA	NA,NA,NA,NA,0.149,NA,NA,NA,NA,NA,0.0,NA,NA,NA,0.0,1.0	-0.287
6742	0,9,0,0,0	0,0,0,0,0	0,0,0,0,0,0,0,0,0,0,0,0,0,0,0,0	0,0,0,0,19,0,0,0,0,0,0,0,0,0,0,0	298	149	1	1.0	NA,1.0,NA,NA,NA	NA,NA,NA,NA,0.0,NA,NA,NA,NA,NA,NA,NA,NA,NA,NA,NA	1.0
6746	0,0,0,0,0	0,5,0,0,0	0,0,0,0,21,0,0,0,0,0,11,0,0,0,0,0	0,0,0,0,81,0,0,0,0,0,116,0,0,0,83,13	191	149	1	1.0	NA,0.0,NA,NA,NA	NA,NA,NA,NA,0.168,NA,NA,NA,NA,NA,0.069,NA,NA,NA,0.0,0.0	-0.059
6747	0,10,0,0,0	0,0,0,0,0	0,0,0,0,90,0,0,0,0,0,15,0,0,0,0,5	0,0,0,0,0,0,0,0,0,0,2,0,0,0,0,0	261	149	1	1.0	NA,1.0,NA,NA,NA	NA,NA,NA,NA,1.0,NA,NA,NA,NA,NA,0.811,NA,NA,NA,NA,1.0	0.063
6748	0,5,0,0,0	0,0,0,0,0	0,0,0,0,51,0,0,0,0,0,16,0,0,0,0,4	0,0,0,0,0,0,0,0,0,0,0,0,0,0,0,3	261	149	1	1.0	NA,1.0,NA,NA,NA	NA,NA,NA,NA,1.0,NA,NA,NA,NA,NA,1.0,NA,NA,NA,NA,0.432	0.189
6749	0,68,0,0,0	0,18862,0,0,16	0,0,0,0,136,0,0,0,0,2,96,0,0,0,15,16	0,0,0,0,39265,2,0,27,0,8,35045,0,0,0,11092,1063	276	149	1	1.0	NA,0.002,NA,NA,0.0	NA,NA,NA,NA,0.002,0.0,NA,0.0,NA,0.119,0.001,NA,NA,NA,0.001,0.008	-0.018
6750	0,13,2,0,0	0,145,0,0,0	0,0,0,0,69,2,0,2,0,0,50,0,0,0,51,4	0,0,0,0,244,2,0,0,0,2,330,0,0,0,401,4	298	149	1	1.0	NA,0.043,1.0,NA,NA	NA,NA,NA,NA,0.124,0.333,NA,1.0,NA,0.0,0.07,NA,NA,NA,0.06,0.333	0.247
6752	0,2,0,0,0	0,0,0,0,0	0,0,0,0,62,0,0,0,0,0,3,0,0,0,0,0	0,0,0,0,12,0,0,0,0,0,1,0,0,0,0,0	267	149	1	1.0	NA,1.0,NA,NA,NA	NA,NA,NA,NA,0.742,NA,NA,NA,NA,NA,0.626,NA,NA,NA,NA,NA	0.316
6757	0,4,0,0,0	0,124,0,0,0	0,0,0,0,49,0,0,0,2,0,80,0,0,0,20,0	0,0,0,0,686,0,0,0,0,0,1028,0,0,0,301,18	169	149	1	1.0	NA,0.028,NA,NA,NA	NA,NA,NA,NA,0.059,NA,NA,NA,1.0,NA,0.064,NA,NA,NA,0.055,0.0	-0.208
6759	0,7,0,0,0	0,5,0,0,0	0,0,0,0,96,0,0,0,0,0,24,0,0,0,37,1	0,0,0,0,0,0,0,0,0,0,17,0,0,0,35,0	153	149	1	1.0	NA,0.577,NA,NA,NA	NA,NA,NA,NA,1.0,NA,NA,NA,NA,NA,0.579,NA,NA,NA,0.507,1.0	-0.195
6761	0,77,0,0,0	0,30,0,0,0	0,0,0,0,237,0,0,0,0,2,216,0,0,0,166,12	0,0,0,0,138,0,0,0,0,0,126,0,0,0,101,5	174	149	1	1.0	NA,0.687,NA,NA,NA	NA,NA,NA,NA,0.595,NA,NA,NA,NA,1.0,0.595,NA,NA,NA,0.585,0.673	-0.003
6763	0,15,1,0,0	0,0,0,0,0	0,0,0,0,101,0,0,0,0,0,118,0,0,0,121,2	0,0,0,0,0,0,0,0,0,0,2,0,0,0,0,0	257	149	1	1.0	NA,1.0,1.0,NA,NA	NA,NA,NA,NA,1.0,NA,NA,NA,NA,NA,0.972,NA,NA,NA,1.0,1.0	0.007
6764	0,29,1,0,0	0,0,0,0,0	0,0,0,0,264,2,0,0,4,0,303,0,0,0,411,5	0,0,0,0,0,0,0,0,0,0,6,0,0,0,0,0	257	149	1	1.0	NA,1.0,1.0,NA,NA	NA,NA,NA,NA,1.0,1.0,NA,NA,1.0,NA,0.967,NA,NA,NA,1.0,1.0	0.005
6766	0,0,0,0,0	0,2,0,0,0	0,0,0,0,0,0,0,0,0,0,12,0,0,0,0,0	0,0,0,0,59,0,0,0,0,0,66,0,0,0,72,1	165	149	1	1.0	NA,0.0,NA,NA,NA	NA,NA,NA,NA,0.0,NA,NA,NA,NA,NA,0.141,NA,NA,NA,0.0,0.0	-0.035
6767	0,3,0,0,0	0,2,0,0,0	0,0,0,0,0,0,0,0,0,0,16,0,0,0,6,0	0,0,0,0,59,0,0,0,0,0,66,0,0,0,72,1	161	149	1	1.0	NA,0.581,NA,NA,NA	NA,NA,NA,NA,0.0,NA,NA,NA,NA,NA,0.183,NA,NA,NA,0.072,0.0	0.517
6772	0,53,0,0,0	0,19,0,0,0	0,0,0,0,288,0,0,0,0,0,361,0,0,0,115,59	0,0,0,0,18,0,0,0,0,0,28,0,0,0,34,8	277	149	1	1.0	NA,0.6,NA,NA,NA	NA,NA,NA,NA,0.896,NA,NA,NA,NA,NA,0.874,NA,NA,NA,0.645,0.799	-0.204
6773	0,77,0,0,0	0,0,0,0,0	0,0,0,0,80,0,0,0,0,0,119,0,0,0,47,6	0,0,0,0,0,0,0,0,0,0,2,0,0,0,0,0	298	149	1	1.0	NA,1.0,NA,NA,NA	NA,NA,NA,NA,1.0,NA,NA,NA,NA,NA,0.967,NA,NA,NA,1.0,1.0	0.008
6774	0,107,0,0,0	0,8,0,0,0	0,0,0,0,165,0,0,0,0,0,193,0,0,0,68,12	0,0,0,0,15,0,0,0,0,0,24,0,0,0,16,2	298	149	1	1.0	NA,0.87,NA,NA,NA	NA,NA,NA,NA,0.846,NA,NA,NA,NA,NA,0.801,NA,NA,NA,0.68,0.75	0.101
6775	0,0,0,0,0	0,7,0,0,0	0,0,0,0,4,0,0,0,0,0,16,0,0,0,9,2	0,0,0,0,25,0,0,0,0,0,16,0,0,0,42,8	298	149	1	1.0	NA,0.0,NA,NA,NA	NA,NA,NA,NA,0.074,NA,NA,NA,NA,NA,0.333,NA,NA,NA,0.097,0.111	-0.154
6780	0,0,0,0,0	0,10,0,0,0	0,0,0,0,0,0,0,0,0,0,3,0,0,0,0,0	0,0,0,0,27,0,0,0,0,0,118,0,0,0,113,1	153	149	1	1.0	NA,0.0,NA,NA,NA	NA,NA,NA,NA,0.0,NA,NA,NA,NA,NA,0.024,NA,NA,NA,0.0,0.0	-0.006
6781	0,115,0,0,0	0,30,0,0,0	0,0,0,0,223,2,0,0,0,0,731,0,0,0,22,34	0,0,0,0,34,0,0,0,0,0,252,0,0,0,210,7	236	149	1	1.0	NA,0.708,NA,NA,NA	NA,NA,NA,NA,0.805,1.0,NA,NA,NA,NA,0.647,NA,NA,NA,0.062,0.754	0.054
6783	0,145,0,0,2	0,819,0,0,0	0,0,0,0,28,0,0,0,0,0,316,0,0,0,10,14	0,0,0,0,635,0,0,2,0,0,3052,0,0,0,174,119	172	149	1	1.0	NA,0.133,NA,NA,1.0	NA,NA,NA,NA,0.037,NA,NA,0.0,NA,NA,0.082,NA,NA,NA,0.047,0.092	0.515
6786	0,0,0,0,0	0,72,0,0,0	0,0,0,0,0,0,0,0,0,0,10,0,0,0,0,0	0,0,0,0,451,2,0,0,0,0,472,0,0,0,511,16	211	149	1	1.0	NA,0.0,NA,NA,NA	NA,NA,NA,NA,0.0,0.0,NA,NA,NA,NA,0.015,NA,NA,NA,0.0,0.0	-0.003
6787	0,86,0,0,0	0,0,0,0,0	0,0,0,0,105,0,0,0,0,0,218,0,0,0,283,11	0,0,0,0,0,0,0,0,0,0,3,0,0,0,0,0	298	149	1	1.0	NA,1.0,NA,NA,NA	NA,NA,NA,NA,1.0,NA,NA,NA,NA,NA,0.973,NA,NA,NA,1.0,1.0	0.007
6788	0,0,0,0,0	0,30,0,0,0	0,0,0,0,9,0,0,0,0,0,6,0,0,0,3,2	0,0,0,0,139,0,0,0,0,0,52,0,0,0,110,0	298	149	1	1.0	NA,0.0,NA,NA,NA	NA,NA,NA,NA,0.031,NA,NA,NA,NA,NA,0.055,NA,NA,NA,0.013,1.0	-0.275
6789	0,15,0,0,0	0,0,0,0,0	0,0,0,0,86,0,2,0,0,0,144,0,0,0,98,18	0,0,0,0,0,0,0,0,0,0,5,0,0,0,0,0	160	149	1	1.0	NA,1.0,NA,NA,NA	NA,NA,NA,NA,1.0,NA,1.0,NA,NA,NA,0.964,NA,NA,NA,1.0,1.0	0.007
6792	0,4,0,0,0	0,37,0,0,0	0,0,0,0,0,2,0,0,0,0,3,0,0,0,12,0	0,0,0,0,25,0,0,0,0,0,111,0,0,0,129,0	159	149	1	1.0	NA,0.092,NA,NA,NA	NA,NA,NA,NA,0.0,1.0,NA,NA,NA,NA,0.025,NA,NA,NA,0.08,NA	-0.184
6794	0,0,0,0,0	0,2,0,0,0	0,0,0,0,6,0,0,0,0,0,0,0,0,0,0,0	0,0,0,0,0,0,0,0,0,0,0,0,0,0,0,0	154	149	1	1.0	NA,0.0,NA,NA,NA	NA,NA,NA,NA,1.0,NA,NA,NA,NA,NA,NA,NA,NA,NA,NA,NA	-1.0
6795	0,1151,0,0,0	0,62,0,0,0	0,0,0,0,1919,2,0,0,0,2,831,0,0,0,209,15	0,0,0,0,76,0,0,0,0,0,19,0,0,0,15,3	253	149	1	1.0	NA,0.916,NA,NA,NA	NA,NA,NA,NA,0.937,1.0,NA,NA,NA,1.0,0.963,NA,NA,NA,0.891,0.746	-0.007
6796	0,1151,0,0,2	0,12,0,0,0	0,0,0,0,3244,2,0,0,6,4,1311,0,0,0,491,58	0,0,0,0,55,0,0,0,0,0,42,0,0,0,18,0	298	149	1	1.0	NA,0.98,NA,NA,1.0	NA,NA,NA,NA,0.967,1.0,NA,NA,1.0,1.0,0.94,NA,NA,NA,0.932,1.0	0.013
6797	0,111,4,0,0	0,5,0,0,0	0,0,0,0,446,0,0,0,0,0,552,0,0,0,432,38	0,0,0,0,0,0,0,0,0,0,0,0,0,0,0,6	298	149	1	1.0	NA,0.917,1.0,NA,NA	NA,NA,NA,NA,1.0,NA,NA,NA,NA,NA,1.0,NA,NA,NA,1.0,0.76	0.019
6799	0,0,0,0,0	0,9,0,0,0	0,0,0,0,0,0,0,0,0,0,4,0,0,0,0,0	0,0,0,0,23,0,0,0,0,0,11,0,0,0,16,0	153	149	1	1.0	NA,0.0,NA,NA,NA	NA,NA,NA,NA,0.0,NA,NA,NA,NA,NA,0.262,NA,NA,NA,0.0,NA	-0.087
6800	0,10,0,0,4	0,0,0,0,0	0,0,0,0,302,2,2,0,0,0,156,0,0,0,442,43	0,0,0,0,0,0,0,0,0,0,6,0,0,0,4,0	298	149	1	1.0	NA,1.0,NA,NA,1.0	NA,NA,NA,NA,1.0,1.0,1.0,NA,NA,NA,0.929,NA,NA,NA,0.982,1.0	0.015
6801	0,85,4,0,2	0,0,0,0,0	0,0,0,0,607,0,0,8,0,0,443,0,0,0,1494,99	0,0,0,0,0,0,0,0,0,0,0,0,0,0,6,0	298	149	1	1.0	NA,1.0,1.0,NA,1.0	NA,NA,NA,NA,1.0,NA,NA,1.0,NA,NA,1.0,NA,NA,NA,0.992,1.0	0.002
6802	0,33,0,0,0	0,24,0,0,0	0,0,0,0,26,0,0,0,0,0,58,0,0,0,1,7	0,0,0,0,45,0,0,0,0,0,124,0,0,0,9,15	152	149	1	1.0	NA,0.574,NA,NA,NA	NA,NA,NA,NA,0.362,NA,NA,NA,NA,NA,0.314,NA,NA,NA,0.098,0.314	0.302
6804	0,8,0,0,0	0,13,0,0,0	0,0,0,0,0,0,0,0,0,0,0,0,0,0,4,0	0,0,0,0,88,0,0,0,0,0,87,0,0,0,78,4	298	149	1	1.0	NA,0.235,NA,NA,NA	NA,NA,NA,NA,0.0,NA,NA,NA,NA,NA,0.0,NA,NA,NA,0.025,0.0	0.229
6806	0,0,0,0,0	0,11,0,0,0	0,0,0,0,5,0,0,0,0,0,0,0,0,0,2,0	0,0,0,0,96,0,0,0,0,0,68,0,0,0,34,7	236	149	1	1.0	NA,0.0,NA,NA,NA	NA,NA,NA,NA,0.032,NA,NA,NA,NA,NA,0.0,NA,NA,NA,0.036,0.0	-0.017
6807	0,112,0,0,0	0,0,0,0,0	0,0,0,0,269,0,0,0,0,0,156,0,0,0,34,31	0,0,0,0,0,0,0,0,0,0,0,0,0,0,6,0	253	149	1	1.0	NA,1.0,NA,NA,NA	NA,NA,NA,NA,1.0,NA,NA,NA,NA,NA,1.0,NA,NA,NA,0.769,1.0	0.058
6808	0,1,0,0,0	0,0,0,0,0	0,0,0,0,10,0,0,0,0,0,5,0,0,0,0,9	0,0,0,0,0,0,0,0,0,0,0,0,0,0,3,0	153	149	1	1.0	NA,1.0,NA,NA,NA	NA,NA,NA,NA,1.0,NA,NA,NA,NA,NA,1.0,NA,NA,NA,0.0,1.0	0.25
6809	0,6,0,0,0	0,0,0,0,0	0,0,0,0,55,0,0,0,0,0,7,0,0,0,0,2	0,0,0,0,0,0,0,0,0,0,4,0,0,0,0,0	155	149	1	1.0	NA,1.0,NA,NA,NA	NA,NA,NA,NA,1.0,NA,NA,NA,NA,NA,0.627,NA,NA,NA,NA,1.0	0.124
6810	0,30,0,0,0	0,0,0,0,0	0,0,0,0,105,0,0,0,0,0,22,0,0,0,0,2	0,0,0,0,0,0,0,0,0,0,4,0,0,0,0,0	159	149	1	1.0	NA,1.0,NA,NA,NA	NA,NA,NA,NA,1.0,NA,NA,NA,NA,NA,0.838,NA,NA,NA,NA,1.0	0.054
6811	0,27,0,0,0	0,3,0,0,0	0,0,0,0,96,0,0,0,0,0,19,0,0,0,0,0	0,0,0,0,46,0,0,0,0,0,4,0,0,0,0,0	153	149	1	1.0	NA,0.898,NA,NA,NA	NA,NA,NA,NA,0.67,NA,NA,NA,NA,NA,0.822,NA,NA,NA,NA,NA	0.152
6812	0,32,0,0,0	0,6,0,0,0	0,0,0,0,87,0,0,0,0,0,196,0,0,0,34,240	0,0,0,0,0,0,0,0,0,0,29,0,0,0,4,82	298	149	1	1.0	NA,0.727,NA,NA,NA	NA,NA,NA,NA,1.0,NA,NA,NA,NA,NA,0.772,NA,NA,NA,0.81,0.594	-0.067
6816	0,0,0,0,0	0,2,0,0,0	0,0,0,0,108,0,0,0,0,0,22,0,0,0,58,3	0,0,0,0,58,0,0,0,0,0,26,0,0,0,20,0	152	149	1	1.0	NA,0.0,NA,NA,NA	NA,NA,NA,NA,0.646,NA,NA,NA,NA,NA,0.453,NA,NA,NA,0.74,1.0	-0.71
6817	0,2330,11,0,0	0,3,0,0,0	0,0,0,0,2178,14,4,12,2,4,2283,0,0,0,2407,432	0,0,0,0,5,0,0,0,0,0,10,0,0,0,18,0	156	149	1	1.0	NA,0.999,1.0,NA,NA	NA,NA,NA,NA,0.998,1.0,1.0,1.0,1.0,1.0,0.995,NA,NA,NA,0.992,1.0	0.001
6822	0,14,0,0,0	0,19,0,0,0	0,0,0,0,30,0,0,0,0,0,4,0,0,0,2,2	0,0,0,0,299,0,0,0,0,0,229,0,0,0,23,5	180	149	1	1.0	NA,0.379,NA,NA,NA	NA,NA,NA,NA,0.077,NA,NA,NA,NA,NA,0.014,NA,NA,NA,0.067,0.249	0.277
6830	0,30,0,0,0	0,2,0,0,0	0,0,0,0,66,0,0,0,0,0,78,0,0,0,32,20	0,0,0,0,37,0,0,0,0,0,19,0,0,0,0,3	225	149	1	1.0	NA,0.909,NA,NA,NA	NA,NA,NA,NA,0.542,NA,NA,NA,NA,NA,0.731,NA,NA,NA,1.0,0.815	0.137
6832	0,4,0,0,0	0,3,0,0,0	0,0,0,0,20,0,0,0,0,0,4,0,0,0,14,0	0,0,0,0,0,0,0,0,0,0,19,0,0,0,25,0	153	149	1	1.0	NA,0.565,NA,NA,NA	NA,NA,NA,NA,1.0,NA,NA,NA,NA,NA,0.17,NA,NA,NA,0.353,NA	0.057
6834	0,10,0,0,0	0,21,0,0,0	0,0,0,0,130,0,0,0,0,0,95,0,0,0,72,14	0,0,0,0,72,0,0,0,0,0,154,0,0,0,164,15	225	149	1	1.0	NA,0.24,NA,NA,NA	NA,NA,NA,NA,0.545,NA,NA,NA,NA,NA,0.29,NA,NA,NA,0.225,0.382	-0.121
6835	0,14,0,0,0	0,27,0,0,0	0,0,0,0,17,0,0,0,0,0,40,0,0,0,19,26	0,0,0,0,184,0,0,0,0,0,233,0,0,0,315,31	246	149	1	1.0	NA,0.239,NA,NA,NA	NA,NA,NA,NA,0.053,NA,NA,NA,NA,NA,0.094,NA,NA,NA,0.035,0.337	0.109
6848	0,5,0,0,0	0,0,0,0,0	0,0,0,0,16,0,0,0,0,0,2,0,0,0,0,0	0,0,0,0,0,0,0,0,0,0,1,0,0,0,0,0	238	149	1	1.0	NA,1.0,NA,NA,NA	NA,NA,NA,NA,1.0,NA,NA,NA,NA,NA,0.556,NA,NA,NA,NA,NA	0.222
6849	0,3,0,0,0	0,0,0,0,0	0,0,0,0,28,0,0,0,0,0,0,0,0,0,0,2	0,0,0,0,0,0,0,0,0,0,0,0,0,0,3,0	238	149	1	1.0	NA,1.0,NA,NA,NA	NA,NA,NA,NA,1.0,NA,NA,NA,NA,NA,NA,NA,NA,NA,0.0,1.0	0.333
6851	0,29,0,0,0	0,4,0,0,0	0,0,0,0,30,0,0,0,0,0,197,0,0,0,8,1	0,0,0,0,0,0,0,0,0,0,2,0,0,0,0,0	187	149	1	1.0	NA,0.852,NA,NA,NA	NA,NA,NA,NA,1.0,NA,NA,NA,NA,NA,0.987,NA,NA,NA,1.0,1.0	-0.145
6852	0,0,0,0,0	0,99,0,0,0	0,0,0,0,0,0,0,0,0,0,12,0,0,0,0,0	0,0,0,0,81,0,0,0,0,0,177,0,0,0,6,15	153	149	1	1.0	NA,0.0,NA,NA,NA	NA,NA,NA,NA,0.0,NA,NA,NA,NA,NA,0.062,NA,NA,NA,0.0,0.0	-0.015
6854	0,5,0,0,0	0,0,0,0,0	0,0,0,0,204,4,0,0,2,0,172,0,0,0,448,230	0,0,0,0,0,0,0,0,0,0,3,0,0,0,0,0	233	149	1	1.0	NA,1.0,NA,NA,NA	NA,NA,NA,NA,1.0,1.0,NA,NA,1.0,NA,0.973,NA,NA,NA,1.0,1.0	0.005
6859	0,0,0,0,0	0,2,0,0,0	0,0,0,0,0,0,0,0,0,0,5,0,0,0,8,1	0,0,0,0,56,0,0,0,4,2,91,0,0,0,193,27	218	149	1	1.0	NA,0.0,NA,NA,NA	NA,NA,NA,NA,0.0,NA,NA,NA,0.0,0.0,0.036,NA,NA,NA,0.028,0.025	-0.015
6860	0,5,0,0,0	0,85,0,0,0	0,0,0,0,0,0,0,0,0,0,5,0,0,0,2,0	0,0,0,0,217,0,0,0,0,0,484,0,0,0,172,13	168	149	1	1.0	NA,0.05,NA,NA,NA	NA,NA,NA,NA,0.0,NA,NA,NA,NA,NA,0.009,NA,NA,NA,0.01,0.0	0.045
6868	0,6,0,0,0	0,0,0,0,0	0,0,0,0,9,0,0,0,0,0,29,0,0,0,0,15	0,0,0,0,14,0,0,0,0,0,3,0,0,0,0,2	298	149	1	1.0	NA,1.0,NA,NA,NA	NA,NA,NA,NA,0.243,NA,NA,NA,NA,NA,0.829,NA,NA,NA,NA,0.789	0.38
6869	0,4845,0,0,4	0,29,0,0,0	0,0,0,0,5566,0,0,10,4,0,7528,0,0,0,178,612	0,0,0,0,59,0,0,0,0,0,74,0,0,0,7,4	206	149	1	1.0	NA,0.992,NA,NA,1.0	NA,NA,NA,NA,0.986,NA,NA,1.0,1.0,NA,0.987,NA,NA,NA,0.948,0.991	0.011
6870	0,17,0,0,0	0,5,0,0,0	0,0,0,0,32,0,0,2,2,0,16,0,0,0,0,3	0,0,0,0,0,0,0,0,0,0,9,0,0,0,0,0	167	149	1	1.0	NA,0.752,NA,NA,NA	NA,NA,NA,NA,1.0,NA,NA,1.0,1.0,NA,0.613,NA,NA,NA,NA,1.0	-0.171
6875	0,0,0,0,0	0,4,0,0,0	0,0,0,0,0,0,0,0,0,0,0,0,0,0,1,0	0,0,0,0,0,0,0,0,0,0,2,0,0,0,14,1	259	149	1	1.0	NA,0.0,NA,NA,NA	NA,NA,NA,NA,NA,NA,NA,NA,NA,NA,0.0,NA,NA,NA,0.039,0.0	-0.013
6877	0,69,0,0,0	0,4,0,0,0	0,0,0,0,54,0,0,0,0,0,220,0,0,0,0,34	0,0,0,0,12,0,0,0,0,0,20,0,0,0,0,6	170	149	1	1.0	NA,0.938,NA,NA,NA	NA,NA,NA,NA,0.798,NA,NA,NA,NA,NA,0.906,NA,NA,NA,NA,0.832	0.093
6878	0,41,0,0,0	0,106,0,0,0	0,0,0,0,36,0,0,0,0,0,2,0,0,0,28,0	0,0,0,0,165,0,0,0,0,0,196,0,0,0,177,12	211	149	1	1.0	NA,0.215,NA,NA,NA	NA,NA,NA,NA,0.134,NA,NA,NA,NA,NA,0.007,NA,NA,NA,0.1,0.0	0.155
6879	0,9,0,0,0	0,10,0,0,2	0,0,0,0,161,0,0,0,0,0,149,0,0,0,14,48	0,0,0,0,75,0,0,0,0,0,43,0,0,0,14,32	161	149	1	1.0	NA,0.454,NA,NA,0.0	NA,NA,NA,NA,0.665,NA,NA,NA,NA,NA,0.762,NA,NA,NA,0.481,0.581	-0.395
6881	0,247,2,0,0	0,3,0,0,0	0,0,0,0,412,0,0,4,0,0,681,0,0,0,30,55	0,0,0,0,0,0,0,0,0,0,4,0,0,0,0,5	298	149	1	1.0	NA,0.976,1.0,NA,NA	NA,NA,NA,NA,1.0,NA,NA,1.0,NA,NA,0.988,NA,NA,NA,1.0,0.846	0.021
6883	0,0,0,0,0	0,59,0,0,0	0,0,0,0,0,0,0,0,0,0,5,0,0,0,0,0	0,0,0,0,208,0,0,0,0,2,186,0,0,0,11,20	247	149	1	1.0	NA,0.0,NA,NA,NA	NA,NA,NA,NA,0.0,NA,NA,NA,NA,0.0,0.016,NA,NA,NA,0.0,0.0	-0.003
6884	0,22,0,0,0	0,1,0,0,0	0,0,0,0,17,0,0,0,0,0,25,0,0,0,5,2	0,0,0,0,0,0,0,0,0,0,3,0,0,0,0,0	170	149	1	1.0	NA,0.951,NA,NA,NA	NA,NA,NA,NA,1.0,NA,NA,NA,NA,NA,0.88,NA,NA,NA,1.0,1.0	-0.019
6886	0,215,0,0,0	0,0,0,0,0	0,0,0,0,450,0,0,0,0,0,584,0,0,0,7,31	0,0,0,0,14,0,0,0,0,0,0,0,0,0,0,0	298	149	1	1.0	NA,1.0,NA,NA,NA	NA,NA,NA,NA,0.941,NA,NA,NA,NA,NA,1.0,NA,NA,NA,1.0,1.0	0.015
6887	0,79,0,0,0	0,6,0,0,0	0,0,0,0,31,0,0,0,0,2,284,0,0,0,16,7	0,0,0,0,0,0,0,0,0,0,9,0,0,0,0,0	167	149	1	1.0	NA,0.922,NA,NA,NA	NA,NA,NA,NA,1.0,NA,NA,NA,NA,1.0,0.966,NA,NA,NA,1.0,1.0	-0.071
6888	0,58,0,0,0	0,0,0,0,0	0,0,0,0,104,0,0,0,0,0,186,0,0,0,27,9	0,0,0,0,0,0,0,0,0,0,4,0,0,0,0,6	157	149	1	1.0	NA,1.0,NA,NA,NA	NA,NA,NA,NA,1.0,NA,NA,NA,NA,NA,0.978,NA,NA,NA,1.0,0.587	0.109
6889	0,41,0,0,0	0,34,0,0,0	0,0,0,0,16,0,0,0,0,0,10,0,0,0,9,8	0,0,0,0,0,0,0,0,0,0,3,0,0,0,4,0	196	149	1	1.0	NA,0.478,NA,NA,NA	NA,NA,NA,NA,1.0,NA,NA,NA,NA,NA,0.717,NA,NA,NA,0.631,1.0	-0.359
6890	0,1010,0,0,0	0,0,0,0,0	0,0,0,0,1284,0,0,0,0,0,1547,0,0,0,712,93	0,0,0,0,21,0,0,0,0,0,2,0,0,0,1,0	298	149	1	1.0	NA,1.0,NA,NA,NA	NA,NA,NA,NA,0.968,NA,NA,NA,NA,NA,0.997,NA,NA,NA,0.997,1.0	0.01
6892	0,7,0,0,2	0,2,0,0,0	0,0,0,0,60,0,0,0,2,0,85,0,0,0,65,33	0,0,0,0,8,0,0,0,0,0,4,0,0,0,19,0	298	149	1	1.0	NA,0.636,NA,NA,1.0	NA,NA,NA,NA,0.789,NA,NA,NA,1.0,NA,0.914,NA,NA,NA,0.631,1.0	-0.049
6896	0,17,0,0,0	0,5,0,0,0	0,0,0,0,18,0,0,0,0,0,19,0,0,0,30,2	0,0,0,0,0,0,0,0,0,0,1,0,0,0,3,0	267	149	1	1.0	NA,0.655,NA,NA,NA	NA,NA,NA,NA,1.0,NA,NA,NA,NA,NA,0.914,NA,NA,NA,0.848,1.0	-0.285
6897	0,17,0,0,0	0,6,0,0,0	0,0,0,0,18,0,0,0,0,0,26,0,0,0,34,2	0,0,0,0,20,0,0,0,0,0,46,0,0,0,19,3	267	149	1	1.0	NA,0.613,NA,NA,NA	NA,NA,NA,NA,0.334,NA,NA,NA,NA,NA,0.24,NA,NA,NA,0.5,0.271	0.277
6898	0,18,0,0,0	0,6,0,0,0	0,0,0,0,18,0,0,0,0,0,19,0,0,0,33,3	0,0,0,0,20,0,0,0,0,0,46,0,0,0,19,3	298	149	1	1.0	NA,0.6,NA,NA,NA	NA,NA,NA,NA,0.31,NA,NA,NA,NA,NA,0.171,NA,NA,NA,0.465,0.333	0.28
6899	0,22,0,0,0	0,6,0,0,0	0,0,0,0,30,0,0,0,0,0,28,0,0,0,40,7	0,0,0,0,20,0,0,0,0,0,46,0,0,0,19,3	298	149	1	1.0	NA,0.647,NA,NA,NA	NA,NA,NA,NA,0.429,NA,NA,NA,NA,NA,0.233,NA,NA,NA,0.513,0.538	0.219
6900	0,1,0,0,0	0,0,0,0,0	0,0,0,0,0,0,0,0,2,0,1,0,0,0,36,4	0,0,0,0,0,0,0,0,0,0,7,0,0,0,5,0	217	149	1	1.0	NA,1.0,NA,NA,NA	NA,NA,NA,NA,NA,NA,NA,NA,1.0,NA,0.089,NA,NA,NA,0.832,1.0	0.27
6901	0,5,0,0,0	0,0,0,0,0	0,0,0,0,27,0,0,0,2,0,17,0,0,0,57,10	0,0,0,0,0,0,0,0,0,0,7,0,0,0,5,0	298	149	1	1.0	NA,1.0,NA,NA,NA	NA,NA,NA,NA,1.0,NA,NA,NA,1.0,NA,0.548,NA,NA,NA,0.851,1.0	0.12
6903	0,41,0,0,0	0,1,0,0,0	0,0,0,0,65,0,0,0,0,0,64,0,0,0,41,3	0,0,0,0,4,0,0,0,0,0,5,0,0,0,0,1	298	149	1	1.0	NA,0.953,NA,NA,NA	NA,NA,NA,NA,0.89,NA,NA,NA,NA,NA,0.865,NA,NA,NA,1.0,0.6	0.114
6904	0,0,0,0,0	0,25,0,0,0	0,0,0,0,79,0,0,0,0,0,60,0,0,0,11,6	0,0,0,0,252,0,0,0,0,0,353,0,0,0,360,16	298	149	1	1.0	NA,0.0,NA,NA,NA	NA,NA,NA,NA,0.136,NA,NA,NA,NA,NA,0.078,NA,NA,NA,0.015,0.158	-0.097
6905	0,2646,2,0,2	0,0,0,0,0	0,0,0,0,1468,0,2,6,2,2,3194,0,0,0,1648,317	0,0,0,0,0,0,0,0,0,0,4,0,0,0,0,1	298	149	1	1.0	NA,1.0,1.0,NA,1.0	NA,NA,NA,NA,1.0,NA,1.0,1.0,1.0,1.0,0.998,NA,NA,NA,1.0,0.994	0.001
6906	0,1,0,0,0	0,1,0,0,0	0,0,0,0,0,0,0,0,0,0,18,0,0,0,5,0	0,0,0,0,0,0,0,0,0,0,0,0,0,0,0,1	214	149	1	1.0	NA,0.41,NA,NA,NA	NA,NA,NA,NA,NA,NA,NA,NA,NA,NA,1.0,NA,NA,NA,1.0,0.0	-0.257
6907	0,6,0,0,0	0,1,0,0,0	0,0,0,0,0,0,0,0,0,0,68,0,0,0,19,21	0,0,0,0,0,0,0,0,0,0,0,0,0,0,0,1	252	149	1	1.0	NA,0.78,NA,NA,NA	NA,NA,NA,NA,NA,NA,NA,NA,NA,NA,1.0,NA,NA,NA,1.0,0.925	-0.195
6908	0,5,0,0,0	0,1,0,0,0	0,0,0,0,9,0,0,0,0,0,30,0,0,0,5,8	0,0,0,0,0,0,0,0,0,0,0,0,0,0,0,1	256	149	1	1.0	NA,0.744,NA,NA,NA	NA,NA,NA,NA,1.0,NA,NA,NA,NA,NA,1.0,NA,NA,NA,1.0,0.823	-0.212
6911	0,0,0,0,0	0,1,0,0,0	0,0,0,0,9,0,0,0,0,0,0,0,0,0,0,5	0,0,0,0,0,0,0,0,0,0,38,0,0,0,14,18	153	149	1	1.0	NA,0.0,NA,NA,NA	NA,NA,NA,NA,1.0,NA,NA,NA,NA,NA,0.0,NA,NA,NA,0.0,0.213	-0.303
6914	0,2804,2,0,0	0,44597,8,0,6	0,0,0,0,0,0,0,0,0,0,4,0,0,0,1,0	0,0,0,0,193,0,0,1,2,16,65,0,0,0,310,0	296	149	1	1.0	NA,0.031,0.112,NA,0.0	NA,NA,NA,NA,0.0,NA,NA,0.0,0.0,0.0,0.03,NA,NA,NA,0.002,NA	0.042
6916	0,31,0,0,0	0,0,0,0,0	0,0,0,0,210,0,0,0,0,0,244,0,0,0,306,19	0,0,0,0,0,0,0,0,0,0,1,0,0,0,3,4	298	149	1	1.0	NA,1.0,NA,NA,NA	NA,NA,NA,NA,1.0,NA,NA,NA,NA,NA,0.992,NA,NA,NA,0.981,0.704	0.081
6924	0,8,0,0,0	0,233,0,0,0	0,0,0,0,0,0,0,0,0,0,4,0,0,0,29,0	0,0,0,0,39,0,0,0,0,0,927,0,0,0,384,8	266	149	1	1.0	NA,0.019,NA,NA,NA	NA,NA,NA,NA,0.0,NA,NA,NA,NA,NA,0.002,NA,NA,NA,0.041,0.0	0.008
6926	0,4,0,0,0	0,2,0,0,0	0,0,0,0,8,0,0,0,0,0,2,0,0,0,27,9	0,0,0,0,0,0,0,0,0,0,4,0,0,0,10,2	176	149	1	1.0	NA,0.629,NA,NA,NA	NA,NA,NA,NA,1.0,NA,NA,NA,NA,NA,0.297,NA,NA,NA,0.696,0.792	-0.067
6927	0,6,0,0,2	0,0,0,0,0	0,0,0,0,49,4,2,2,0,0,70,0,0,0,438,148	0,0,0,0,0,0,0,0,0,0,14,0,0,0,10,1	298	149	1	1.0	NA,1.0,NA,NA,1.0	NA,NA,NA,NA,1.0,1.0,1.0,1.0,NA,NA,0.714,NA,NA,NA,0.956,0.987	0.049
6928	0,7,0,0,0	0,0,0,0,0	0,0,0,0,205,0,0,0,0,0,7,0,0,0,13,14	0,0,0,0,7,0,0,0,0,0,0,0,0,0,2,0	273	149	1	1.0	NA,1.0,NA,NA,NA	NA,NA,NA,NA,0.941,NA,NA,NA,NA,NA,1.0,NA,NA,NA,0.78,1.0	0.07
6931	0,0,0,0,0	0,807,0,0,4	0,0,0,0,7,0,0,0,0,0,0,0,0,0,0,0	0,0,0,0,304,0,2,0,0,0,546,0,0,0,894,68	196	149	1	1.0	NA,0.0,NA,NA,0.0	NA,NA,NA,NA,0.017,NA,0.0,NA,NA,NA,0.0,NA,NA,NA,0.0,0.0	-0.003
6932	0,49,0,0,0	0,17,0,0,0	0,0,0,0,54,0,0,0,0,0,60,0,0,0,2,10	0,0,0,0,2,0,0,0,0,0,14,0,0,0,0,5	174	149	1	1.0	NA,0.712,NA,NA,NA	NA,NA,NA,NA,0.959,NA,NA,NA,NA,NA,0.786,NA,NA,NA,1.0,0.631	-0.132
6933	0,29,0,0,0	0,7,0,0,0	0,0,0,0,50,0,0,0,0,0,77,0,0,0,0,2	0,0,0,0,17,0,0,0,0,0,32,0,0,0,0,2	158	149	1	1.0	NA,0.796,NA,NA,NA	NA,NA,NA,NA,0.735,NA,NA,NA,NA,NA,0.694,NA,NA,NA,NA,0.485	0.158
6934	0,5,0,0,0	0,85,0,0,0	0,0,0,0,20,0,0,0,0,0,12,0,0,0,6,4	0,0,0,0,468,0,0,0,0,0,275,0,0,0,169,42	173	149	1	1.0	NA,0.048,NA,NA,NA	NA,NA,NA,NA,0.035,NA,NA,NA,NA,NA,0.036,NA,NA,NA,0.03,0.076	0.004
6935	0,108,0,0,0	0,0,0,0,0	0,0,0,0,318,0,0,0,0,0,324,0,0,0,100,21	0,0,0,0,0,0,0,0,0,0,2,0,0,0,0,0	230	149	1	1.0	NA,1.0,NA,NA,NA	NA,NA,NA,NA,1.0,NA,NA,NA,NA,NA,0.991,NA,NA,NA,1.0,1.0	0.002
6937	0,881,0,0,0	0,0,0,0,0	0,0,0,0,1024,0,0,0,0,0,701,0,0,0,23,15	0,0,0,0,0,0,0,0,0,0,4,0,0,0,0,0	298	149	1	1.0	NA,1.0,NA,NA,NA	NA,NA,NA,NA,1.0,NA,NA,NA,NA,NA,0.989,NA,NA,NA,1.0,1.0	0.003
6939	0,9,0,0,0	0,6,0,0,0	0,0,0,0,46,0,0,0,0,0,3,0,0,0,0,0	0,0,0,0,2,0,0,0,0,0,0,0,0,0,0,0	298	149	1	1.0	NA,0.429,NA,NA,NA	NA,NA,NA,NA,0.92,NA,NA,NA,NA,NA,1.0,NA,NA,NA,NA,NA	-0.531
6940	0,17,0,0,0	0,2,0,0,0	0,0,0,0,50,0,0,0,0,0,6,0,0,0,0,2	0,0,0,0,0,0,0,0,0,0,1,0,0,0,0,0	298	149	1	1.0	NA,0.81,NA,NA,NA	NA,NA,NA,NA,1.0,NA,NA,NA,NA,NA,0.75,NA,NA,NA,NA,1.0	-0.107
6941	0,65,0,0,0	0,0,0,0,0	0,0,0,0,13,0,0,0,0,0,38,0,0,0,131,2	0,0,0,0,10,0,0,0,0,0,0,0,0,0,0,0	192	149	1	1.0	NA,1.0,NA,NA,NA	NA,NA,NA,NA,0.502,NA,NA,NA,NA,NA,1.0,NA,NA,NA,1.0,1.0	0.125
6944	0,0,0,0,0	0,4,0,0,0	0,0,0,0,0,0,0,0,0,0,0,0,0,0,0,2	0,0,0,0,19,0,0,0,0,0,4,0,0,0,25,3	221	149	1	1.0	NA,0.0,NA,NA,NA	NA,NA,NA,NA,0.0,NA,NA,NA,NA,NA,0.0,NA,NA,NA,0.0,0.31	-0.077
6945	0,1,0,0,0	0,0,0,0,0	0,0,0,0,34,0,0,0,0,0,2,0,0,0,45,0	0,0,0,0,0,0,0,0,0,0,1,0,0,0,0,6	191	149	1	1.0	NA,1.0,NA,NA,NA	NA,NA,NA,NA,1.0,NA,NA,NA,NA,NA,0.609,NA,NA,NA,1.0,0.0	0.348
6947	0,6,0,0,0	0,310,3,0,0	0,0,0,0,25,0,0,2,0,0,16,0,0,0,29,4	0,0,0,0,548,0,0,6,0,0,1810,0,0,0,417,28	298	149	1	1.0	NA,0.01,0.0,NA,NA	NA,NA,NA,NA,0.022,NA,NA,0.143,NA,NA,0.004,NA,NA,NA,0.034,0.067	-0.049
6948	0,19,0,0,0	0,0,0,0,0	0,0,0,0,70,0,0,0,0,0,20,0,0,0,3,17	0,0,0,0,10,0,0,0,0,0,5,0,0,0,0,5	164	149	1	1.0	NA,1.0,NA,NA,NA	NA,NA,NA,NA,0.864,NA,NA,NA,NA,NA,0.784,NA,NA,NA,1.0,0.755	0.149
6949	0,152,0,0,0	0,5,0,0,0	0,0,0,0,123,0,0,0,0,0,27,0,0,0,13,11	0,0,0,0,2,0,0,1,0,0,5,0,0,0,0,1	199	149	1	1.0	NA,0.958,NA,NA,NA	NA,NA,NA,NA,0.979,NA,NA,0.0,NA,NA,0.802,NA,NA,NA,1.0,0.892	0.223
6951	0,0,0,0,0	0,2,0,0,0	0,0,0,0,0,0,0,0,0,0,5,0,0,0,31,7	0,0,0,0,10,2,0,0,0,0,20,0,0,0,49,15	188	149	1	1.0	NA,0.0,NA,NA,NA	NA,NA,NA,NA,0.0,0.0,NA,NA,NA,NA,0.165,NA,NA,NA,0.334,0.27	-0.154
6952	0,10,0,0,0	0,0,0,0,0	0,0,0,0,17,0,0,0,0,0,44,0,0,0,72,16	0,0,0,0,11,0,0,0,0,0,7,0,0,0,62,8	161	149	1	1.0	NA,1.0,NA,NA,NA	NA,NA,NA,NA,0.589,NA,NA,NA,NA,NA,0.853,NA,NA,NA,0.518,0.649	0.348
6954	0,0,0,0,0	0,4,0,0,0	0,0,0,0,0,0,0,0,0,0,0,0,0,0,4,2	0,0,0,0,25,0,0,0,0,0,40,0,0,0,21,1	296	149	1	1.0	NA,0.0,NA,NA,NA	NA,NA,NA,NA,0.0,NA,NA,NA,NA,NA,0.0,NA,NA,NA,0.087,0.502	-0.147
6956	0,4,0,0,0	0,0,0,0,0	0,0,0,0,95,0,0,0,0,0,79,0,0,0,34,6	0,0,0,0,22,0,0,0,0,0,6,0,0,0,0,0	237	149	1	1.0	NA,1.0,NA,NA,NA	NA,NA,NA,NA,0.731,NA,NA,NA,NA,NA,0.892,NA,NA,NA,1.0,1.0	0.094
6958	0,8,0,0,0	0,0,0,0,0	0,0,0,0,18,0,0,0,0,0,3,0,0,0,0,0	0,0,0,0,59,0,0,0,0,0,28,0,0,0,0,0	211	149	1	1.0	NA,1.0,NA,NA,NA	NA,NA,NA,NA,0.177,NA,NA,NA,NA,NA,0.07,NA,NA,NA,NA,NA	0.877
6959	0,8,0,0,0	0,0,0,0,0	0,0,0,0,58,0,2,0,0,0,18,0,0,0,11,0	0,0,0,0,0,0,0,0,0,0,0,0,0,0,2,0	258	149	1	1.0	NA,1.0,NA,NA,NA	NA,NA,NA,NA,1.0,NA,1.0,NA,NA,NA,1.0,NA,NA,NA,0.761,NA	0.06
6961	0,3,0,0,0	0,0,0,0,0	0,0,0,0,126,0,0,0,0,0,60,0,0,0,12,1	0,0,0,0,0,0,0,0,0,0,5,0,0,0,0,0	257	149	1	1.0	NA,1.0,NA,NA,NA	NA,NA,NA,NA,1.0,NA,NA,NA,NA,NA,0.874,NA,NA,NA,1.0,1.0	0.031
6964	0,49,0,0,0	0,2,0,0,0	0,0,0,0,140,0,0,0,0,0,97,0,0,0,33,4	0,0,0,0,0,0,0,0,0,0,9,0,0,0,0,0	169	149	1	1.0	NA,0.956,NA,NA,NA	NA,NA,NA,NA,1.0,NA,NA,NA,NA,NA,0.905,NA,NA,NA,1.0,1.0	-0.02
6965	0,0,0,0,0	0,142,0,0,0	0,0,0,0,0,0,0,0,0,0,2,0,0,0,7,0	0,0,0,0,191,0,0,0,0,0,194,0,0,0,31,0	198	149	1	1.0	NA,0.0,NA,NA,NA	NA,NA,NA,NA,0.0,NA,NA,NA,NA,NA,0.008,NA,NA,NA,0.145,NA	-0.051
6973	0,121,0,0,0	0,2,0,0,0	0,0,0,0,168,0,0,0,0,0,384,0,0,0,107,25	0,0,0,0,0,0,0,0,0,0,0,0,0,0,0,0	287	149	1	1.0	NA,0.969,NA,NA,NA	NA,NA,NA,NA,1.0,NA,NA,NA,NA,NA,1.0,NA,NA,NA,1.0,1.0	-0.031
6974	0,199,0,0,0	0,0,0,0,0	0,0,0,0,159,0,0,0,0,0,497,0,0,0,133,23	0,0,0,0,0,0,0,0,0,0,0,0,0,0,2,0	298	149	1	1.0	NA,1.0,NA,NA,NA	NA,NA,NA,NA,1.0,NA,NA,NA,NA,NA,1.0,NA,NA,NA,0.971,1.0	0.007
6975	0,209,0,0,0	0,0,0,0,0	0,0,0,0,191,0,0,0,0,0,484,0,0,0,203,30	0,0,0,0,0,0,0,0,0,0,0,0,0,0,0,1	298	149	1	1.0	NA,1.0,NA,NA,NA	NA,NA,NA,NA,1.0,NA,NA,NA,NA,NA,1.0,NA,NA,NA,1.0,0.938	0.016
6976	0,0,0,0,0	0,311,0,0,0	0,0,0,0,7,0,0,0,0,0,2,0,0,0,2,0	0,0,0,0,117,0,0,0,0,2,437,0,0,0,134,18	162	149	1	1.0	NA,0.0,NA,NA,NA	NA,NA,NA,NA,0.052,NA,NA,NA,NA,0.0,0.004,NA,NA,NA,0.014,0.0	-0.014
6977	0,347,0,0,0	0,6,0,0,0	0,0,0,0,166,0,0,2,0,0,487,0,0,0,150,14	0,0,0,0,0,0,0,0,0,0,6,0,0,0,0,0	298	149	1	1.0	NA,0.967,NA,NA,NA	NA,NA,NA,NA,1.0,NA,NA,1.0,NA,NA,0.976,NA,NA,NA,1.0,1.0	-0.028
6979	0,2,0,0,0	0,10,0,0,0	0,0,0,0,0,0,0,0,0,2,145,0,0,0,113,20	0,0,0,0,64,0,0,0,0,0,68,0,0,0,39,26	298	149	1	1.0	NA,0.091,NA,NA,NA	NA,NA,NA,NA,0.0,NA,NA,NA,NA,1.0,0.516,NA,NA,NA,0.592,0.278	-0.386
6980	0,0,0,0,0	0,3,0,0,0	0,0,0,0,0,0,0,0,0,0,1,0,0,0,10,5	0,0,0,0,0,0,0,2,0,0,40,0,0,0,26,0	271	149	1	1.0	NA,0.0,NA,NA,NA	NA,NA,NA,NA,NA,NA,NA,0.0,NA,NA,0.014,NA,NA,NA,0.175,1.0	-0.297
6981	0,88,0,0,0	0,0,0,0,0	0,0,0,0,225,2,0,2,0,0,471,0,0,0,163,39	0,0,0,0,0,0,0,0,0,0,1,0,0,0,0,0	298	149	1	1.0	NA,1.0,NA,NA,NA	NA,NA,NA,NA,1.0,1.0,NA,1.0,NA,NA,0.996,NA,NA,NA,1.0,1.0	0.001
6990	0,8,0,0,0	0,4,0,0,0	0,0,0,0,37,0,0,0,0,0,22,0,0,0,12,11	0,0,0,0,12,0,0,0,0,0,19,0,0,0,16,1	261	149	1	1.0	NA,0.533,NA,NA,NA	NA,NA,NA,NA,0.638,NA,NA,NA,NA,NA,0.398,NA,NA,NA,0.3,0.863	-0.017
6991	0,12,0,0,0	0,10,0,0,0	0,0,0,0,38,0,0,0,0,0,2,0,0,0,20,15	0,0,0,0,0,0,0,0,0,0,4,0,0,0,0,0	298	149	1	1.0	NA,0.375,NA,NA,NA	NA,NA,NA,NA,1.0,NA,NA,NA,NA,NA,0.2,NA,NA,NA,1.0,1.0	-0.425
6992	0,15,0,0,0	0,0,0,0,0	0,0,0,0,29,0,0,0,0,0,22,0,0,0,42,18	0,0,0,0,0,0,0,0,0,0,5,0,0,0,0,0	298	149	1	1.0	NA,1.0,NA,NA,NA	NA,NA,NA,NA,1.0,NA,NA,NA,NA,NA,0.688,NA,NA,NA,1.0,1.0	0.078
6993	0,10,0,0,0	0,107,0,0,0	0,0,0,0,0,0,0,0,0,0,6,0,0,0,2,2	0,0,0,0,180,0,0,0,0,0,951,0,0,0,79,190	195	149	1	1.0	NA,0.067,NA,NA,NA	NA,NA,NA,NA,0.0,NA,NA,NA,NA,NA,0.005,NA,NA,NA,0.019,0.008	0.059
6994	0,134,0,0,2	0,0,0,0,0	0,0,0,0,365,0,0,0,0,0,1710,0,0,0,55,104	0,0,0,0,0,0,0,0,0,0,1,0,0,0,0,0	266	149	1	1.0	NA,1.0,NA,NA,1.0	NA,NA,NA,NA,1.0,NA,NA,NA,NA,NA,0.999,NA,NA,NA,1.0,1.0	0.0
6995	0,327,0,0,0	0,60,0,0,0	0,0,0,0,1286,0,0,0,0,0,624,0,0,0,44,7	0,0,0,0,180,0,0,0,0,0,172,0,0,0,7,2	194	149	1	1.0	NA,0.807,NA,NA,NA	NA,NA,NA,NA,0.846,NA,NA,NA,NA,NA,0.736,NA,NA,NA,0.828,0.729	0.022
6998	0,12,0,0,0	0,152,0,0,0	0,0,0,0,20,0,0,0,0,0,8,0,0,0,62,10	0,0,0,0,275,0,0,0,0,0,640,0,0,0,653,53	269	149	1	1.0	NA,0.042,NA,NA,NA	NA,NA,NA,NA,0.039,NA,NA,NA,NA,NA,0.007,NA,NA,NA,0.05,0.095	-0.006
7001	0,0,0,0,0	0,41,0,0,0	0,0,0,0,0,0,0,0,0,0,12,0,0,0,0,0	0,0,0,0,95,0,0,2,0,0,67,0,0,0,153,28	156	149	1	1.0	NA,0.0,NA,NA,NA	NA,NA,NA,NA,0.0,NA,NA,0.0,NA,NA,0.146,NA,NA,NA,0.0,0.0	-0.029
7002	0,2,0,0,0	0,41,0,0,0	0,0,0,0,24,0,0,0,0,0,11,0,0,0,3,9	0,0,0,0,95,0,0,2,0,0,67,0,0,0,153,28	190	149	1	1.0	NA,0.037,NA,NA,NA	NA,NA,NA,NA,0.165,NA,NA,0.0,NA,NA,0.114,NA,NA,NA,0.015,0.201	-0.062
7003	0,2,0,0,0	0,0,0,0,0	0,0,0,0,24,0,0,0,0,0,9,0,0,0,3,9	0,0,0,0,0,0,0,0,0,0,10,0,0,0,0,0	183	149	1	1.0	NA,1.0,NA,NA,NA	NA,NA,NA,NA,1.0,NA,NA,NA,NA,NA,0.423,NA,NA,NA,1.0,1.0	0.144
7007	0,151,2,0,0	0,0,0,0,0	0,0,0,0,766,0,2,6,0,0,970,0,0,0,841,246	0,0,0,0,0,0,0,0,0,0,0,0,0,0,3,2	203	149	1	1.0	NA,1.0,1.0,NA,NA	NA,NA,NA,NA,1.0,NA,1.0,1.0,NA,NA,1.0,NA,NA,NA,0.995,0.989	0.003
7008	0,3,0,0,0	0,0,0,0,0	0,0,0,0,3,0,0,0,0,0,5,0,0,0,5,6	0,0,0,0,13,0,0,0,0,0,0,0,0,0,28,12	298	149	1	1.0	NA,1.0,NA,NA,NA	NA,NA,NA,NA,0.103,NA,NA,NA,NA,NA,1.0,NA,NA,NA,0.082,0.2	0.654
7010	0,4,0,0,0	0,0,0,0,0	0,0,0,0,42,0,0,0,0,0,13,0,0,0,13,1	0,0,0,0,0,0,0,0,0,0,3,0,0,0,0,0	298	149	1	1.0	NA,1.0,NA,NA,NA	NA,NA,NA,NA,1.0,NA,NA,NA,NA,NA,0.684,NA,NA,NA,1.0,1.0	0.079
7011	0,9,0,0,0	0,170,2,0,0	0,0,0,0,104,0,0,0,0,0,5,0,0,0,6,0	0,0,0,0,200,0,0,0,0,0,173,0,0,0,34,4	298	149	1	1.0	NA,0.026,0.0,NA,NA	NA,NA,NA,NA,0.206,NA,NA,NA,NA,NA,0.014,NA,NA,NA,0.081,0.0	-0.062
7012	0,34,0,0,0	0,0,0,0,0	0,0,0,0,28,0,0,0,0,0,41,0,0,0,31,2	0,0,0,0,0,0,0,0,0,0,1,0,0,0,10,2	298	149	1	1.0	NA,1.0,NA,NA,NA	NA,NA,NA,NA,1.0,NA,NA,NA,NA,NA,0.953,NA,NA,NA,0.608,0.333	0.276
7013	0,8,0,0,0	0,0,0,0,0	0,0,0,0,16,0,0,0,0,0,40,0,0,0,43,7	0,0,0,0,0,0,0,0,0,0,0,0,0,0,3,0	298	149	1	1.0	NA,1.0,NA,NA,NA	NA,NA,NA,NA,1.0,NA,NA,NA,NA,NA,1.0,NA,NA,NA,0.878,1.0	0.03
7014	0,0,0,0,0	0,240,2,0,0	0,0,0,0,0,0,0,0,0,0,3,0,0,0,3,0	0,0,0,0,330,0,2,0,0,0,344,0,0,0,308,15	156	149	1	1.0	NA,0.0,0.0,NA,NA	NA,NA,NA,NA,0.0,NA,0.0,NA,NA,NA,0.008,NA,NA,NA,0.009,0.0	-0.003
7016	0,29,0,0,0	0,71,0,0,0	0,0,0,0,120,0,0,0,0,0,520,0,0,0,59,11	0,0,0,0,159,0,0,0,0,0,1172,0,0,0,10,15	298	149	1	1.0	NA,0.17,NA,NA,NA	NA,NA,NA,NA,0.274,NA,NA,NA,NA,NA,0.182,NA,NA,NA,0.747,0.268	-0.198
7020	0,26,0,0,0	0,4,0,0,0	0,0,0,0,0,0,4,2,0,0,100,0,0,0,480,21	0,0,0,0,0,0,0,0,0,0,34,0,0,0,48,0	217	149	1	1.0	NA,0.817,NA,NA,NA	NA,NA,NA,NA,NA,NA,1.0,1.0,NA,NA,0.669,NA,NA,NA,0.873,1.0	-0.091
7022	0,19,0,0,0	0,0,0,0,0	0,0,0,0,37,0,0,0,0,0,24,0,0,0,34,9	0,0,0,0,13,0,0,0,0,0,2,0,0,0,0,0	188	149	1	1.0	NA,1.0,NA,NA,NA	NA,NA,NA,NA,0.693,NA,NA,NA,NA,NA,0.905,NA,NA,NA,1.0,1.0	0.101
7023	0,1,0,0,0	0,0,0,0,0	0,0,0,0,48,0,0,0,0,0,41,0,0,0,8,3	0,0,0,0,6,0,0,0,0,0,3,0,0,0,0,0	194	149	1	1.0	NA,1.0,NA,NA,NA	NA,NA,NA,NA,0.86,NA,NA,NA,NA,NA,0.913,NA,NA,NA,1.0,1.0	0.057
7024	0,8,0,0,0	0,0,0,0,0	0,0,0,0,40,0,0,0,0,0,70,0,0,0,25,7	0,0,0,0,0,0,0,0,0,0,1,0,0,0,0,0	194	149	1	1.0	NA,1.0,NA,NA,NA	NA,NA,NA,NA,1.0,NA,NA,NA,NA,NA,0.982,NA,NA,NA,1.0,1.0	0.004
7025	0,21,0,0,0	0,0,0,0,0	0,0,0,0,114,0,0,0,0,0,166,0,0,0,120,18	0,0,0,0,20,0,0,0,0,0,5,0,0,0,0,0	188	149	1	1.0	NA,1.0,NA,NA,NA	NA,NA,NA,NA,0.819,NA,NA,NA,NA,NA,0.963,NA,NA,NA,1.0,1.0	0.054
7026	0,13,0,0,2	0,101,0,0,0	0,0,0,0,16,0,0,0,0,0,179,0,0,0,108,20	0,0,0,0,42,0,0,0,0,0,465,0,0,0,133,14	179	149	1	1.0	NA,0.097,NA,NA,1.0	NA,NA,NA,NA,0.241,NA,NA,NA,NA,NA,0.243,NA,NA,NA,0.403,0.543	0.191
7027	0,4,0,0,0	0,0,0,0,0	0,0,0,0,100,0,0,0,0,0,320,0,0,0,464,73	0,0,0,0,0,0,0,0,0,0,1,0,0,0,0,0	197	149	1	1.0	NA,1.0,NA,NA,NA	NA,NA,NA,NA,1.0,NA,NA,NA,NA,NA,0.996,NA,NA,NA,1.0,1.0	0.001
7028	0,19,0,0,0	0,0,0,0,0	0,0,0,0,78,0,0,0,0,0,90,0,0,0,57,6	0,0,0,0,0,0,0,0,0,0,1,0,0,0,0,0	165	149	1	1.0	NA,1.0,NA,NA,NA	NA,NA,NA,NA,1.0,NA,NA,NA,NA,NA,0.988,NA,NA,NA,1.0,1.0	0.003
7030	0,160,2,0,0	0,39,0,0,0	0,0,0,0,418,4,0,2,0,2,811,0,0,0,901,53	0,0,0,0,126,0,4,0,0,0,107,0,0,0,122,10	298	149	1	1.0	NA,0.672,1.0,NA,NA	NA,NA,NA,NA,0.624,1.0,0.0,1.0,NA,1.0,0.791,NA,NA,NA,0.787,0.726	0.095
7032	0,55,0,0,0	0,21,0,0,0	0,0,0,0,62,0,0,0,0,0,11,0,0,0,0,4	0,0,0,0,9,0,0,0,0,0,81,0,0,0,21,4	268	149	1	1.0	NA,0.593,NA,NA,NA	NA,NA,NA,NA,0.793,NA,NA,NA,NA,NA,0.07,NA,NA,NA,0.0,0.357	0.288
7033	0,66,0,0,0	0,100,0,0,2	0,0,0,0,68,0,0,0,0,0,13,0,0,0,4,4	0,0,0,0,194,0,0,2,0,0,388,0,0,0,134,19	268	149	1	1.0	NA,0.268,NA,NA,0.0	NA,NA,NA,NA,0.163,NA,NA,0.0,NA,NA,0.018,NA,NA,NA,0.016,0.105	0.074
7034	0,736,0,0,2	0,6,0,0,0	0,0,0,0,2950,0,0,0,0,2,558,0,0,0,2,82	0,0,0,0,69,0,0,0,0,0,24,0,0,0,0,0	204	149	1	1.0	NA,0.989,NA,NA,1.0	NA,NA,NA,NA,0.969,NA,NA,NA,NA,1.0,0.944,NA,NA,NA,1.0,1.0	0.012
7035	0,876,0,0,0	0,83,0,0,6	0,0,0,0,5023,0,0,2,0,6,1582,0,0,0,354,128	0,0,0,0,623,0,0,0,0,2,143,0,0,0,44,14	153	149	1	1.0	NA,0.911,NA,NA,0.0	NA,NA,NA,NA,0.887,NA,NA,1.0,NA,0.745,0.915,NA,NA,NA,0.887,0.899	-0.433
7036	0,1949,0,0,2	0,83,0,0,6	0,0,0,0,7938,0,0,0,4,2,2056,0,0,0,201,284	0,0,0,0,623,0,0,0,0,2,143,0,0,0,44,14	298	149	1	1.0	NA,0.922,NA,NA,0.143	NA,NA,NA,NA,0.864,NA,NA,NA,1.0,0.333,0.878,NA,NA,NA,0.696,0.91	-0.248
7037	0,1949,0,0,2	0,876,0,0,0	0,0,0,0,7926,0,0,0,4,2,2047,0,0,0,201,284	0,0,0,0,5011,0,0,2,0,6,1573,0,0,0,354,128	294	149	1	1.0	NA,0.53,NA,NA,1.0	NA,NA,NA,NA,0.445,NA,NA,0.0,1.0,0.145,0.397,NA,NA,NA,0.223,0.529	0.374
7038	0,48,2,0,0	0,8,0,0,0	0,0,0,0,209,0,0,0,0,0,40,0,0,0,9,0	0,0,0,0,15,0,0,0,0,0,13,0,0,0,4,0	222	149	1	1.0	NA,0.801,1.0,NA,NA	NA,NA,NA,NA,0.903,NA,NA,NA,NA,NA,0.674,NA,NA,NA,0.602,NA	0.174
7039	0,12,0,0,0	0,0,0,0,0	0,0,0,0,109,0,0,0,0,0,9,0,0,0,0,1	0,0,0,0,11,0,0,0,0,0,0,0,0,0,0,0	153	149	1	1.0	NA,1.0,NA,NA,NA	NA,NA,NA,NA,0.906,NA,NA,NA,NA,NA,1.0,NA,NA,NA,NA,1.0	0.031
7040	0,1347,0,0,2	0,0,0,0,0	0,0,0,0,5346,0,0,0,4,2,1313,0,0,0,16,121	0,0,0,0,11,0,0,0,0,0,0,0,0,0,0,0	298	149	1	1.0	NA,1.0,NA,NA,1.0	NA,NA,NA,NA,0.996,NA,NA,NA,1.0,1.0,1.0,NA,NA,NA,1.0,1.0	0.001
7041	0,1347,0,0,2	0,12,0,0,0	0,0,0,0,5334,0,0,0,4,2,1304,0,0,0,16,121	0,0,0,0,97,0,0,0,0,0,0,0,0,0,0,1	294	149	1	1.0	NA,0.983,NA,NA,1.0	NA,NA,NA,NA,0.965,NA,NA,NA,1.0,1.0,1.0,NA,NA,NA,1.0,0.984	0.0
7042	0,27,0,0,0	0,2810,2,0,6	0,0,0,0,197,0,0,0,0,0,7,0,0,0,0,9	0,0,0,0,13973,4,4,0,2,2,2632,0,0,0,1563,108	298	149	1	1.0	NA,0.005,0.0,NA,0.0	NA,NA,NA,NA,0.007,0.0,0.0,NA,0.0,0.0,0.001,NA,NA,NA,0.0,0.04	-0.004
7043	0,0,0,0,0	0,261,0,0,0	0,0,0,0,1,0,0,0,0,0,2,0,0,0,4,4	0,0,0,0,123,0,0,0,0,0,293,0,0,0,43,7	196	149	1	1.0	NA,0.0,NA,NA,NA	NA,NA,NA,NA,0.006,NA,NA,NA,NA,NA,0.005,NA,NA,NA,0.066,0.303	-0.095
7048	0,0,0,0,0	0,11,2,0,2	0,0,0,0,0,0,0,0,0,0,0,0,0,0,12,2	0,0,0,0,121,0,0,0,0,0,109,0,0,0,482,99	175	149	1	1.0	NA,0.0,0.0,NA,0.0	NA,NA,NA,NA,0.0,NA,NA,NA,NA,NA,0.0,NA,NA,NA,0.021,0.017	-0.01
7050	0,22,0,0,0	0,0,0,0,0	0,0,0,0,3,0,0,0,0,0,8,0,0,0,2,0	0,0,0,0,0,0,0,0,0,0,1,0,0,0,0,0	160	149	1	1.0	NA,1.0,NA,NA,NA	NA,NA,NA,NA,1.0,NA,NA,NA,NA,NA,0.882,NA,NA,NA,1.0,NA	0.039
7051	0,155,0,0,0	0,141,0,0,0	0,0,0,0,241,0,0,0,0,0,170,0,0,0,19,0	0,0,0,0,209,0,0,0,0,0,252,0,0,0,31,16	160	149	1	1.0	NA,0.506,NA,NA,NA	NA,NA,NA,NA,0.518,NA,NA,NA,NA,NA,0.386,NA,NA,NA,0.363,0.0	0.189
7052	0,518,0,0,0	0,0,0,0,0	0,0,0,0,547,0,0,2,0,0,2289,0,0,0,651,25	0,0,0,0,5,0,0,0,0,0,6,0,0,0,1,0	298	149	1	1.0	NA,1.0,NA,NA,NA	NA,NA,NA,NA,0.982,NA,NA,1.0,NA,NA,0.995,NA,NA,NA,0.997,1.0	0.005
7053	0,350,0,0,0	0,0,0,0,0	0,0,0,0,648,0,0,2,0,0,2301,0,0,0,984,52	0,0,0,0,0,0,0,0,0,0,8,0,0,0,0,2	160	149	1	1.0	NA,1.0,NA,NA,NA	NA,NA,NA,NA,1.0,NA,NA,1.0,NA,NA,0.996,NA,NA,NA,1.0,0.96	0.009
7054	0,0,0,0,0	0,11,0,0,0	0,0,0,0,31,0,0,0,0,0,0,0,0,0,3,1	0,0,0,0,17,0,0,0,0,0,99,0,0,0,52,12	298	149	1	1.0	NA,0.0,NA,NA,NA	NA,NA,NA,NA,0.477,NA,NA,NA,NA,NA,0.0,NA,NA,NA,0.028,0.04	-0.136
7055	0,360,0,0,0	0,1,0,0,0	0,0,0,0,882,0,0,0,0,2,433,0,0,0,237,65	0,0,0,0,34,0,0,0,0,0,0,0,0,0,0,0	218	149	1	1.0	NA,0.996,NA,NA,NA	NA,NA,NA,NA,0.947,NA,NA,NA,NA,1.0,1.0,NA,NA,NA,1.0,1.0	0.007
7056	0,6,0,0,0	0,187,0,0,0	0,0,0,0,11,0,0,0,0,0,20,0,0,0,0,0	0,0,0,0,297,0,0,2,0,0,1270,0,0,0,146,28	199	149	1	1.0	NA,0.023,NA,NA,NA	NA,NA,NA,NA,0.027,NA,NA,0.0,NA,NA,0.012,NA,NA,NA,0.0,0.0	0.015
7057	0,87,0,0,0	0,15,0,0,0	0,0,0,0,382,0,0,0,0,0,1287,0,0,0,217,65	0,0,0,0,16,0,0,0,0,0,29,0,0,0,6,0	183	149	1	1.0	NA,0.825,NA,NA,NA	NA,NA,NA,NA,0.951,NA,NA,NA,NA,NA,0.973,NA,NA,NA,0.967,1.0	-0.148
7058	0,5,0,0,0	0,0,0,0,0	0,0,0,0,0,0,0,0,0,0,31,0,0,0,0,0	0,0,0,0,0,0,0,0,0,0,7,0,0,0,0,0	298	149	1	1.0	NA,1.0,NA,NA,NA	NA,NA,NA,NA,NA,NA,NA,NA,NA,NA,0.689,NA,NA,NA,NA,NA	0.311
7064	0,3,0,0,0	0,0,0,0,0	0,0,0,0,49,0,0,0,0,0,4,0,0,0,7,7	0,0,0,0,0,0,0,0,0,0,0,0,0,0,0,1	158	149	1	1.0	NA,1.0,NA,NA,NA	NA,NA,NA,NA,1.0,NA,NA,NA,NA,NA,1.0,NA,NA,NA,1.0,0.868	0.033
7065	0,118,0,0,0	0,0,0,0,0	0,0,0,0,41,0,0,0,0,0,25,0,0,0,30,1	0,0,0,0,0,0,0,0,0,0,1,0,0,0,0,0	298	149	1	1.0	NA,1.0,NA,NA,NA	NA,NA,NA,NA,1.0,NA,NA,NA,NA,NA,0.926,NA,NA,NA,1.0,1.0	0.018
7075	0,26,0,0,0	0,0,0,0,0	0,0,0,0,99,3,0,0,0,0,207,0,0,0,182,68	0,0,0,0,0,0,0,0,0,0,14,0,0,0,0,0	298	149	1	1.0	NA,1.0,NA,NA,NA	NA,NA,NA,NA,1.0,1.0,NA,NA,NA,NA,0.881,NA,NA,NA,1.0,1.0	0.024
7076	0,15,0,0,0	0,0,0,0,0	0,0,0,0,13,0,0,0,0,2,35,0,0,0,8,9	0,0,0,0,0,0,0,0,0,0,4,0,0,0,0,1	246	149	1	1.0	NA,1.0,NA,NA,NA	NA,NA,NA,NA,1.0,NA,NA,NA,NA,1.0,0.841,NA,NA,NA,1.0,0.845	0.063
7077	0,42,0,0,0	0,0,0,0,0	0,0,0,0,86,3,0,0,0,0,209,0,0,0,260,46	0,0,0,0,0,0,0,0,0,0,1,0,0,0,4,0	298	149	1	1.0	NA,1.0,NA,NA,NA	NA,NA,NA,NA,1.0,1.0,NA,NA,NA,NA,0.991,NA,NA,NA,0.97,1.0	0.008
7081	0,0,0,0,0	0,0,2,0,0	0,0,0,0,0,0,0,0,0,0,2,0,0,0,6,0	0,0,0,0,0,0,0,0,0,0,0,0,0,0,5,4	177	149	1	1.0	NA,NA,0.0,NA,NA	NA,NA,NA,NA,NA,NA,NA,NA,NA,NA,1.0,NA,NA,NA,0.503,0.0	-0.501
7085	0,0,0,0,2	0,4,0,0,0	0,0,0,0,8,0,0,0,0,0,12,0,0,0,0,2	0,0,0,0,12,0,0,0,0,0,36,0,0,0,0,7	159	149	1	1.0	NA,0.0,NA,NA,1.0	NA,NA,NA,NA,0.385,NA,NA,NA,NA,NA,0.238,NA,NA,NA,NA,0.211	0.222
7086	0,0,0,0,0	0,4,0,0,0	0,0,0,0,0,0,0,0,0,0,12,0,0,0,0,0	0,0,0,0,12,0,0,0,0,0,36,0,0,0,0,7	167	149	1	1.0	NA,0.0,NA,NA,NA	NA,NA,NA,NA,0.0,NA,NA,NA,NA,NA,0.229,NA,NA,NA,NA,0.0	-0.076
7087	0,0,0,0,0	0,0,0,0,2	0,0,0,0,0,0,0,0,0,0,7,0,0,0,0,0	0,0,0,0,8,0,0,0,0,0,7,0,0,0,0,2	157	149	1	1.0	NA,NA,NA,NA,0.0	NA,NA,NA,NA,0.0,NA,NA,NA,NA,NA,0.487,NA,NA,NA,NA,0.0	-0.162
7089	0,4,0,0,0	0,2,0,0,0	0,0,0,0,17,0,0,0,0,0,26,0,0,0,23,5	0,0,0,0,33,0,0,0,0,0,10,0,0,0,38,0	158	149	1	1.0	NA,0.654,NA,NA,NA	NA,NA,NA,NA,0.327,NA,NA,NA,NA,NA,0.71,NA,NA,NA,0.363,1.0	0.054
7090	0,2,0,0,0	0,0,0,0,0	0,0,0,0,0,0,0,0,0,0,4,0,0,0,0,0	0,0,0,0,0,0,0,0,0,0,2,0,0,0,0,0	153	149	1	1.0	NA,1.0,NA,NA,NA	NA,NA,NA,NA,NA,NA,NA,NA,NA,NA,0.661,NA,NA,NA,NA,NA	0.339
7091	0,79,0,0,0	0,0,0,0,0	0,0,0,0,159,0,0,0,0,0,109,0,0,0,112,29	0,0,0,0,0,0,0,0,0,0,2,0,0,0,0,0	290	149	1	1.0	NA,1.0,NA,NA,NA	NA,NA,NA,NA,1.0,NA,NA,NA,NA,NA,0.966,NA,NA,NA,1.0,1.0	0.008
7093	0,0,0,0,0	0,54,0,0,0	0,0,0,0,4,0,0,0,0,0,0,0,0,0,16,0	0,0,0,0,61,0,0,0,0,0,80,0,0,0,52,2	167	149	1	1.0	NA,0.0,NA,NA,NA	NA,NA,NA,NA,0.055,NA,NA,NA,NA,NA,0.0,NA,NA,NA,0.215,0.0	-0.068
7094	0,0,0,0,0	0,66,0,0,2	0,0,0,0,0,0,0,0,0,0,1,0,0,0,0,2	0,0,0,0,140,0,0,0,0,0,143,0,0,0,327,66	191	149	1	1.0	NA,0.0,NA,NA,0.0	NA,NA,NA,NA,0.0,NA,NA,NA,NA,NA,0.005,NA,NA,NA,0.0,0.023	-0.007
7095	0,0,0,0,0	0,17,0,0,0	0,0,0,0,0,0,0,0,0,0,0,0,0,0,17,1	0,0,0,0,162,0,0,4,0,0,80,0,0,0,214,1	211	149	1	1.0	NA,0.0,NA,NA,NA	NA,NA,NA,NA,0.0,NA,NA,0.0,NA,NA,0.0,NA,NA,NA,0.053,0.414	-0.093
7096	0,0,0,0,0	0,0,2,0,0	0,0,0,0,0,0,0,0,0,0,4,0,0,0,64,9	0,0,0,0,73,0,2,13,0,0,125,0,0,0,1091,73	257	149	1	1.0	NA,NA,0.0,NA,NA	NA,NA,NA,NA,0.0,NA,0.0,0.0,NA,NA,0.018,NA,NA,NA,0.033,0.067	-0.02
7097	0,8,0,0,0	0,0,0,0,0	0,0,0,0,43,0,0,0,0,0,35,0,0,0,20,2	0,0,0,0,0,0,0,0,0,0,0,0,0,0,0,4	298	149	1	1.0	NA,1.0,NA,NA,NA	NA,NA,NA,NA,1.0,NA,NA,NA,NA,NA,1.0,NA,NA,NA,1.0,0.2	0.2
7098	0,2,0,0,0	0,0,0,0,0	0,0,0,0,41,0,0,0,0,0,38,0,0,0,13,40	0,0,0,0,0,0,0,0,0,0,0,0,0,0,1,0	153	149	1	1.0	NA,1.0,NA,NA,NA	NA,NA,NA,NA,1.0,NA,NA,NA,NA,NA,1.0,NA,NA,NA,0.927,1.0	0.018
7099	0,20,0,0,0	0,488,0,0,0	0,0,0,0,43,0,0,0,0,0,2,0,0,0,15,3	0,0,0,0,459,0,0,2,0,0,263,0,0,0,193,32	298	149	1	1.0	NA,0.02,NA,NA,NA	NA,NA,NA,NA,0.045,NA,NA,0.0,NA,NA,0.004,NA,NA,NA,0.037,0.045	-0.006
7100	0,3,0,0,0	0,0,0,0,0	0,0,0,0,1,0,0,0,0,0,33,0,0,0,13,5	0,0,0,0,11,0,0,0,0,0,4,0,0,0,17,0	158	149	1	1.0	NA,1.0,NA,NA,NA	NA,NA,NA,NA,0.079,NA,NA,NA,NA,NA,0.886,NA,NA,NA,0.419,1.0	0.404
7101	0,3,0,0,0	0,0,0,0,0	0,0,0,0,71,0,0,0,0,0,42,0,0,0,70,14	0,0,0,0,27,0,0,0,0,0,18,0,0,0,21,3	158	149	1	1.0	NA,1.0,NA,NA,NA	NA,NA,NA,NA,0.713,NA,NA,NA,NA,NA,0.688,NA,NA,NA,0.759,0.815	0.256
7103	0,12,0,0,2	0,4,0,0,0	0,0,0,0,28,0,0,0,0,0,5,0,0,0,7,0	0,0,0,0,29,0,0,0,0,0,1,0,0,0,0,0	155	149	1	1.0	NA,0.743,NA,NA,1.0	NA,NA,NA,NA,0.481,NA,NA,NA,NA,NA,0.828,NA,NA,NA,1.0,NA	0.102
7104	0,2,0,0,0	0,6,0,0,2	0,0,0,0,52,0,0,0,0,0,0,0,0,0,8,9	0,0,0,0,187,0,0,0,0,0,38,0,0,0,172,1	298	149	1	1.0	NA,0.143,NA,NA,0.0	NA,NA,NA,NA,0.122,NA,NA,NA,NA,NA,0.0,NA,NA,NA,0.023,0.818	-0.169
7105	0,191,0,0,0	0,0,0,0,0	0,0,0,0,225,0,0,0,2,0,83,0,0,0,5,3	0,0,0,0,0,0,0,0,0,0,2,0,0,0,0,0	298	149	1	1.0	NA,1.0,NA,NA,NA	NA,NA,NA,NA,1.0,NA,NA,NA,1.0,NA,0.954,NA,NA,NA,1.0,1.0	0.009
7106	0,0,0,0,0	0,25,0,0,0	0,0,0,0,0,0,0,0,0,0,8,0,0,0,2,0	0,0,0,0,81,0,0,0,0,0,129,0,0,0,115,7	179	149	1	1.0	NA,0.0,NA,NA,NA	NA,NA,NA,NA,0.0,NA,NA,NA,NA,NA,0.049,NA,NA,NA,0.014,0.0	-0.016
7108	0,0,0,0,0	0,9,0,0,0	0,0,0,0,14,0,0,0,0,0,2,0,0,0,7,0	0,0,0,0,24,0,0,0,0,0,19,0,0,0,38,6	232	149	1	1.0	NA,0.0,NA,NA,NA	NA,NA,NA,NA,0.273,NA,NA,NA,NA,NA,0.063,NA,NA,NA,0.106,0.0	-0.111
7109	0,1,0,0,0	0,10,0,0,0	0,0,0,0,2,0,0,0,0,0,0,0,0,0,1,4	0,0,0,0,44,0,0,0,0,0,53,0,0,0,96,39	298	149	1	1.0	NA,0.048,NA,NA,NA	NA,NA,NA,NA,0.022,NA,NA,NA,NA,NA,0.0,NA,NA,NA,0.005,0.049	0.029
7110	0,1,0,0,0	0,0,0,0,0	0,0,0,0,2,0,0,0,0,0,0,0,0,0,0,4	0,0,0,0,34,0,0,0,0,0,19,0,0,0,13,6	298	149	1	1.0	NA,1.0,NA,NA,NA	NA,NA,NA,NA,0.029,NA,NA,NA,NA,NA,0.0,NA,NA,NA,0.0,0.25	0.93
7111	0,10,0,0,0	0,0,0,0,0	0,0,0,0,44,0,0,0,0,0,53,0,0,0,96,39	0,0,0,0,34,0,0,0,0,0,19,0,0,0,13,6	161	149	1	1.0	NA,1.0,NA,NA,NA	NA,NA,NA,NA,0.545,NA,NA,NA,NA,NA,0.721,NA,NA,NA,0.872,0.857	0.251
7112	0,6,2,0,0	0,1,0,0,0	0,0,0,0,180,0,0,2,0,0,161,0,0,0,335,19	0,0,0,0,2,6,0,0,0,0,14,0,0,0,22,0	152	149	1	1.0	NA,0.855,1.0,NA,NA	NA,NA,NA,NA,0.989,0.0,NA,1.0,NA,NA,0.919,NA,NA,NA,0.937,1.0	0.12
7113	0,24,0,0,0	0,1,0,0,0	0,0,0,0,85,0,0,0,0,2,51,0,0,0,39,2	0,0,0,0,0,0,0,0,0,0,1,0,0,0,2,1	260	149	1	1.0	NA,0.932,NA,NA,NA	NA,NA,NA,NA,1.0,NA,NA,NA,NA,1.0,0.967,NA,NA,NA,0.918,0.534	0.048
7114	0,0,0,0,0	0,1,0,0,0	0,0,0,0,0,0,0,0,0,0,0,0,0,0,6,0	0,0,0,0,77,4,0,0,0,0,48,0,0,0,136,15	289	149	1	1.0	NA,0.0,NA,NA,NA	NA,NA,NA,NA,0.0,0.0,NA,NA,NA,NA,0.0,NA,NA,NA,0.022,0.0	-0.004
7115	0,19593,0,0,14	0,0,0,0,0	0,0,0,0,30807,5,2,30,22,18,47200,0,0,0,7290,4143	0,0,0,0,4,0,0,0,0,0,6,0,0,0,0,0	298	149	1	1.0	NA,1.0,NA,NA,1.0	NA,NA,NA,NA,1.0,1.0,1.0,1.0,1.0,1.0,1.0,NA,NA,NA,1.0,1.0	0.0
7116	0,19483,0,0,14	0,0,0,0,0	0,0,0,0,30785,5,2,30,22,18,47194,0,0,0,7305,4136	0,0,0,0,9,0,0,0,0,0,0,0,0,0,0,0	298	149	1	1.0	NA,1.0,NA,NA,1.0	NA,NA,NA,NA,0.999,1.0,1.0,1.0,1.0,1.0,1.0,NA,NA,NA,1.0,1.0	0.0
7117	0,17089,0,0,4	0,2,0,0,0	0,0,0,0,31177,0,0,14,6,6,46083,0,0,0,594,1421	0,0,0,0,0,0,0,0,0,0,1,0,0,0,0,0	298	149	1	1.0	NA,1.0,NA,NA,1.0	NA,NA,NA,NA,1.0,NA,NA,1.0,1.0,1.0,1.0,NA,NA,NA,1.0,1.0	0.0
7118	0,43,0,0,0	0,4593,4,0,8	0,0,0,0,108,0,0,0,0,0,152,0,0,0,12,25	0,0,0,0,10907,0,3,21,4,0,16010,0,0,0,1561,552	298	149	1	1.0	NA,0.005,0.0,NA,0.0	NA,NA,NA,NA,0.005,NA,0.0,0.0,0.0,NA,0.005,NA,NA,NA,0.004,0.022	-0.003
7122	0,17,0,0,0	0,6,0,0,0	0,0,0,0,82,0,0,0,0,0,55,0,0,0,99,21	0,0,0,0,0,0,0,0,0,0,19,0,0,0,56,9	212	149	1	1.0	NA,0.666,NA,NA,NA	NA,NA,NA,NA,1.0,NA,NA,NA,NA,NA,0.67,NA,NA,NA,0.554,0.621	-0.045
7123	0,4,0,0,0	0,0,0,0,0	0,0,0,0,32,0,0,0,0,0,20,0,0,0,23,4	0,0,0,0,0,0,0,0,0,0,1,0,0,0,3,0	212	149	1	1.0	NA,1.0,NA,NA,NA	NA,NA,NA,NA,1.0,NA,NA,NA,NA,NA,0.934,NA,NA,NA,0.843,1.0	0.056
7125	0,0,0,0,0	0,5,0,0,0	0,0,0,0,0,0,0,0,0,0,0,0,0,0,5,3	0,0,0,0,51,0,0,0,0,0,49,0,0,0,150,30	203	149	1	1.0	NA,0.0,NA,NA,NA	NA,NA,NA,NA,0.0,NA,NA,NA,NA,NA,0.0,NA,NA,NA,0.024,0.068	-0.023
7126	0,137,2,0,0	0,0,0,0,0	0,0,0,0,542,2,2,2,0,0,520,0,0,0,655,101	0,0,0,0,0,0,0,0,0,0,1,0,0,0,0,0	233	149	1	1.0	NA,1.0,1.0,NA,NA	NA,NA,NA,NA,1.0,1.0,1.0,1.0,NA,NA,0.997,NA,NA,NA,1.0,1.0	0.0
7127	0,1,0,0,0	0,3,0,0,0	0,0,0,0,63,0,0,0,0,0,68,0,0,0,75,3	0,0,0,0,0,0,0,0,0,0,0,0,0,0,0,0	163	149	1	1.0	NA,0.234,NA,NA,NA	NA,NA,NA,NA,1.0,NA,NA,NA,NA,NA,1.0,NA,NA,NA,1.0,1.0	-0.766
7130	0,2,0,0,0	0,5,0,0,0	0,0,0,0,9,0,0,0,0,0,8,0,0,0,0,0	0,0,0,0,19,0,0,0,0,0,71,0,0,0,32,3	154	149	1	1.0	NA,0.279,NA,NA,NA	NA,NA,NA,NA,0.314,NA,NA,NA,NA,NA,0.098,NA,NA,NA,0.0,0.0	0.176
7131	0,62,0,0,0	0,0,0,0,0	0,0,0,0,33,0,0,0,0,0,61,0,0,0,9,9	0,0,0,0,3,0,0,0,0,0,0,0,0,0,0,0	153	149	1	1.0	NA,1.0,NA,NA,NA	NA,NA,NA,NA,0.915,NA,NA,NA,NA,NA,1.0,NA,NA,NA,1.0,1.0	0.021
7132	0,0,0,0,0	0,76,0,0,0	0,0,0,0,0,0,0,0,0,0,0,0,0,0,6,0	0,0,0,0,71,0,0,0,0,0,77,0,0,0,2,4	177	149	1	1.0	NA,0.0,NA,NA,NA	NA,NA,NA,NA,0.0,NA,NA,NA,NA,NA,0.0,NA,NA,NA,0.716,0.0	-0.179
7134	0,16,0,0,0	0,97,0,0,0	0,0,0,0,27,0,0,0,0,0,2,0,0,0,4,0	0,0,0,0,120,0,0,0,0,0,128,0,0,0,82,18	298	149	1	1.0	NA,0.076,NA,NA,NA	NA,NA,NA,NA,0.101,NA,NA,NA,NA,NA,0.008,NA,NA,NA,0.024,0.0	0.043
7137	0,282,0,0,1	0,0,0,0,0	0,0,0,0,298,0,0,0,0,0,561,0,0,0,112,63	0,0,0,0,0,0,0,0,0,0,2,0,0,0,0,0	173	149	1	1.0	NA,1.0,NA,NA,1.0	NA,NA,NA,NA,1.0,NA,NA,NA,NA,NA,0.996,NA,NA,NA,1.0,1.0	0.001
7138	0,144,0,0,0	0,4,0,0,0	0,0,0,0,198,0,0,0,0,0,266,0,0,0,72,28	0,0,0,0,0,0,0,0,0,0,13,0,0,0,12,4	173	149	1	1.0	NA,0.969,NA,NA,NA	NA,NA,NA,NA,1.0,NA,NA,NA,NA,NA,0.946,NA,NA,NA,0.838,0.858	0.058
7139	0,45,0,0,0	0,10,0,0,0	0,0,0,0,60,0,0,0,0,0,72,0,0,0,0,5	0,0,0,0,46,0,0,0,0,0,52,0,0,0,1,5	233	149	1	1.0	NA,0.742,NA,NA,NA	NA,NA,NA,NA,0.455,NA,NA,NA,NA,NA,0.47,NA,NA,NA,0.0,0.39	0.413
7140	0,84,0,0,0	0,0,0,0,0	0,0,0,0,249,0,0,0,0,0,210,0,0,0,5,21	0,0,0,0,0,0,0,0,0,0,5,0,0,0,0,0	298	149	1	1.0	NA,1.0,NA,NA,NA	NA,NA,NA,NA,1.0,NA,NA,NA,NA,NA,0.955,NA,NA,NA,1.0,1.0	0.011
7141	0,90,0,0,0	0,0,0,0,0	0,0,0,0,295,0,0,0,0,0,262,0,0,0,6,25	0,0,0,0,0,0,0,0,0,0,5,0,0,0,0,0	298	149	1	1.0	NA,1.0,NA,NA,NA	NA,NA,NA,NA,1.0,NA,NA,NA,NA,NA,0.963,NA,NA,NA,1.0,1.0	0.009
7143	0,20,0,0,0	0,0,0,0,2	0,0,0,0,184,0,0,0,0,0,55,0,0,0,88,8	0,0,0,0,18,0,0,0,0,0,42,0,0,0,21,6	206	149	1	1.0	NA,1.0,NA,NA,0.0	NA,NA,NA,NA,0.881,NA,NA,NA,NA,NA,0.486,NA,NA,NA,0.752,0.491	-0.152
7144	0,13,0,0,0	0,0,0,0,0	0,0,0,0,46,0,0,0,0,0,30,0,0,0,47,3	0,0,0,0,0,0,0,0,0,0,11,0,0,0,0,2	206	149	1	1.0	NA,1.0,NA,NA,NA	NA,NA,NA,NA,1.0,NA,NA,NA,NA,NA,0.664,NA,NA,NA,1.0,0.52	0.204
7145	0,64,0,0,0	0,93,0,0,0	0,0,0,0,17,0,0,0,0,0,28,0,0,0,22,4	0,0,0,0,162,0,0,0,0,0,136,0,0,0,101,33	298	149	1	1.0	NA,0.256,NA,NA,NA	NA,NA,NA,NA,0.05,NA,NA,NA,NA,NA,0.093,NA,NA,NA,0.098,0.057	0.181
7146	0,6,0,0,0	0,0,0,0,0	0,0,0,0,84,0,0,0,0,2,33,0,0,0,53,9	0,0,0,0,0,0,0,0,0,0,10,0,0,0,0,0	178	149	1	1.0	NA,1.0,NA,NA,NA	NA,NA,NA,NA,1.0,NA,NA,NA,NA,1.0,0.734,NA,NA,NA,1.0,1.0	0.053
7147	0,18,0,0,0	0,7,0,0,0	0,0,0,0,38,0,0,0,0,0,0,0,0,0,0,0	0,0,0,0,0,0,0,0,0,0,0,0,0,0,0,0	216	149	1	1.0	NA,0.639,NA,NA,NA	NA,NA,NA,NA,1.0,NA,NA,NA,NA,NA,NA,NA,NA,NA,NA,NA	-0.361
7148	0,8,0,0,0	0,239,0,0,0	0,0,0,0,16,0,0,0,0,0,9,0,0,0,2,0	0,0,0,0,49,0,0,0,0,0,14,0,0,0,14,0	298	149	1	1.0	NA,0.016,NA,NA,NA	NA,NA,NA,NA,0.14,NA,NA,NA,NA,NA,0.243,NA,NA,NA,0.067,NA	-0.134
7149	0,49,0,0,0	0,48,0,0,0	0,0,0,0,121,0,0,0,0,0,46,0,0,0,3,10	0,0,0,0,36,0,0,0,0,0,94,0,0,0,11,2	298	149	1	1.0	NA,0.338,NA,NA,NA	NA,NA,NA,NA,0.627,NA,NA,NA,NA,NA,0.197,NA,NA,NA,0.12,0.714	-0.076
7150	0,4,0,0,0	0,56,0,0,0	0,0,0,0,0,0,0,0,2,0,4,0,0,0,0,0	0,0,0,0,361,0,2,0,0,0,263,0,0,0,270,11	167	149	1	1.0	NA,0.06,NA,NA,NA	NA,NA,NA,NA,0.0,NA,0.0,NA,1.0,NA,0.013,NA,NA,NA,0.0,0.0	-0.109
7151	0,7,0,0,0	0,0,0,0,0	0,0,0,0,139,2,0,2,0,0,144,0,0,0,274,35	0,0,0,0,0,2,0,0,0,0,0,0,0,0,0,1	153	149	1	1.0	NA,1.0,NA,NA,NA	NA,NA,NA,NA,1.0,0.493,NA,1.0,NA,NA,1.0,NA,NA,NA,1.0,0.971	0.089
7153	0,233,0,0,0	0,2,0,0,0	0,0,0,0,265,0,0,0,1,0,101,0,0,0,93,12	0,0,0,0,8,0,0,0,0,0,0,0,0,0,0,2	233	149	1	1.0	NA,0.987,NA,NA,NA	NA,NA,NA,NA,0.955,NA,NA,NA,1.0,NA,1.0,NA,NA,NA,1.0,0.793	0.037
7154	0,0,0,0,2	0,6,0,0,0	0,0,0,0,11,0,0,0,0,0,1,0,0,0,6,7	0,0,0,0,26,0,0,0,0,0,52,0,0,0,34,25	298	149	1	1.0	NA,0.0,NA,NA,1.0	NA,NA,NA,NA,0.175,NA,NA,NA,NA,NA,0.01,NA,NA,NA,0.081,0.123	0.403
7155	0,0,0,0,0	0,21,0,0,0	0,0,0,0,15,0,0,0,0,0,0,0,0,0,11,7	0,0,0,0,12,0,0,0,0,0,91,0,0,0,42,4	215	149	1	1.0	NA,0.0,NA,NA,NA	NA,NA,NA,NA,0.464,NA,NA,NA,NA,NA,0.0,NA,NA,NA,0.154,0.548	-0.291
7156	0,1,0,0,0	0,6,0,0,0	0,0,0,0,8,0,0,0,0,0,0,0,0,0,11,0	0,0,0,0,14,0,0,0,0,0,60,0,0,0,50,7	154	149	1	1.0	NA,0.139,NA,NA,NA	NA,NA,NA,NA,0.356,NA,NA,NA,NA,NA,0.0,NA,NA,NA,0.176,0.0	0.006
7157	0,12,0,0,0	0,0,0,0,0	0,0,0,0,5,0,0,0,0,0,23,0,0,0,13,7	0,0,0,0,0,0,0,0,0,0,10,0,0,0,2,0	242	149	1	1.0	NA,1.0,NA,NA,NA	NA,NA,NA,NA,1.0,NA,NA,NA,NA,NA,0.586,NA,NA,NA,0.8,1.0	0.153
7158	0,12,0,0,0	0,40,0,0,0	0,0,0,0,5,0,0,0,0,0,25,0,0,0,15,7	0,0,0,0,100,0,2,0,0,0,215,0,0,0,130,5	268	149	1	1.0	NA,0.143,NA,NA,NA	NA,NA,NA,NA,0.027,NA,0.0,NA,NA,NA,0.061,NA,NA,NA,0.06,0.438	0.026
7159	0,0,0,0,0	0,40,0,0,0	0,0,0,0,0,0,0,0,0,0,12,0,0,0,4,0	0,0,0,0,100,0,2,0,0,0,215,0,0,0,130,5	175	149	1	1.0	NA,0.0,NA,NA,NA	NA,NA,NA,NA,0.0,NA,0.0,NA,NA,NA,0.045,NA,NA,NA,0.026,0.0	-0.014
7160	0,9,0,0,0	0,0,0,0,0	0,0,0,0,47,2,2,0,0,0,58,0,0,0,137,27	0,0,0,0,0,0,0,0,0,0,3,0,0,0,0,0	298	149	1	1.0	NA,1.0,NA,NA,NA	NA,NA,NA,NA,1.0,1.0,1.0,NA,NA,NA,0.906,NA,NA,NA,1.0,1.0	0.016
7162	0,15,0,0,0	0,0,0,0,0	0,0,0,0,66,0,0,0,0,0,61,0,0,0,78,37	0,0,0,0,0,0,0,0,0,0,2,0,0,0,0,2	191	149	1	1.0	NA,1.0,NA,NA,NA	NA,NA,NA,NA,1.0,NA,NA,NA,NA,NA,0.96,NA,NA,NA,1.0,0.935	0.026
7164	0,4,0,0,0	0,0,0,0,0	0,0,0,0,40,0,0,0,0,0,0,0,0,0,4,3	0,0,0,0,83,0,0,0,0,0,45,0,0,0,41,1	192	149	1	1.0	NA,1.0,NA,NA,NA	NA,NA,NA,NA,0.272,NA,NA,NA,NA,NA,0.0,NA,NA,NA,0.07,0.7	0.74
7165	0,2,0,0,0	0,0,0,0,0	0,0,0,0,0,0,0,0,0,0,30,0,0,0,59,1	0,0,0,0,1,0,0,0,0,0,4,0,0,0,4,0	298	149	1	1.0	NA,1.0,NA,NA,NA	NA,NA,NA,NA,0.0,NA,NA,NA,NA,NA,0.789,NA,NA,NA,0.881,1.0	0.333
7169	0,194,0,0,0	0,44,0,0,0	0,0,0,0,16,0,0,0,0,0,26,0,0,0,0,4	0,0,0,0,0,0,0,0,0,0,0,0,0,0,0,0	298	149	1	1.0	NA,0.688,NA,NA,NA	NA,NA,NA,NA,1.0,NA,NA,NA,NA,NA,1.0,NA,NA,NA,NA,1.0	-0.312
7170	0,19,0,0,0	0,0,0,0,0	0,0,0,0,120,0,0,0,0,0,81,0,0,0,0,36	0,0,0,0,0,0,0,0,0,0,2,0,0,0,0,0	269	149	1	1.0	NA,1.0,NA,NA,NA	NA,NA,NA,NA,1.0,NA,NA,NA,NA,NA,0.957,NA,NA,NA,NA,1.0	0.014
7172	0,205,0,0,1	0,833,0,0,0	0,0,0,0,189,0,0,0,2,0,105,0,0,0,7,71	0,0,0,0,362,0,0,4,2,4,1306,0,0,0,167,171	298	149	1	1.0	NA,0.11,NA,NA,1.0	NA,NA,NA,NA,0.207,NA,NA,0.0,0.333,0.0,0.039,NA,NA,NA,0.021,0.172	0.445
7173	0,623,0,0,0	0,81,0,0,0	0,0,0,0,370,0,0,0,2,4,706,0,0,0,8,674	0,0,0,0,22,0,0,0,0,0,155,0,0,0,2,61	298	149	1	1.0	NA,0.794,NA,NA,NA	NA,NA,NA,NA,0.894,NA,NA,NA,1.0,1.0,0.695,NA,NA,NA,0.667,0.847	-0.056
7174	0,1304,0,0,0	0,81,0,0,0	0,0,0,0,585,0,0,4,2,8,1925,0,0,0,170,813	0,0,0,0,22,0,0,0,0,0,155,0,0,0,2,61	203	149	1	1.0	NA,0.922,NA,NA,NA	NA,NA,NA,NA,0.951,NA,NA,1.0,1.0,1.0,0.901,NA,NA,NA,0.984,0.907	-0.041
7175	0,864,0,0,0	0,9,0,0,0	0,0,0,0,484,0,0,4,2,4,1339,0,0,0,171,342	0,0,0,0,0,0,0,0,0,0,0,0,0,0,0,0	298	149	1	1.0	NA,0.98,NA,NA,NA	NA,NA,NA,NA,1.0,NA,NA,1.0,1.0,1.0,1.0,NA,NA,NA,1.0,1.0	-0.02
7176	0,62,0,0,0	0,0,0,0,0	0,0,0,0,64,0,0,2,0,0,74,0,0,0,3,117	0,0,0,0,0,0,0,0,0,0,0,0,0,0,0,1	298	149	1	1.0	NA,1.0,NA,NA,NA	NA,NA,NA,NA,1.0,NA,NA,1.0,NA,NA,1.0,NA,NA,NA,1.0,0.983	0.003
7177	0,6,0,0,0	0,134,0,0,4	0,0,0,0,39,0,0,0,0,0,5,0,0,0,0,0	0,0,0,0,938,0,0,0,0,0,334,0,0,0,9,0	251	149	1	1.0	NA,0.026,NA,NA,0.0	NA,NA,NA,NA,0.024,NA,NA,NA,NA,NA,0.009,NA,NA,NA,0.0,NA	0.002
7179	0,13,0,0,0	0,133,0,0,0	0,0,0,0,12,0,0,0,0,0,30,0,0,0,18,4	0,0,0,0,99,0,0,0,0,0,150,0,0,0,295,4	233	149	1	1.0	NA,0.059,NA,NA,NA	NA,NA,NA,NA,0.072,NA,NA,NA,NA,NA,0.113,NA,NA,NA,0.038,0.39	-0.094
7180	0,13,0,0,0	0,117,0,0,0	0,0,0,0,66,0,0,0,0,0,11,0,0,0,2,3	0,0,0,0,233,0,0,0,0,0,240,0,0,0,111,19	298	149	1	1.0	NA,0.053,NA,NA,NA	NA,NA,NA,NA,0.124,NA,NA,NA,NA,NA,0.022,NA,NA,NA,0.009,0.073	-0.004
7181	0,249,0,0,0	0,0,0,0,0	0,0,0,0,349,0,0,0,0,0,333,0,0,0,40,33	0,0,0,0,8,0,0,0,0,0,1,0,0,0,0,0	298	149	1	1.0	NA,1.0,NA,NA,NA	NA,NA,NA,NA,0.956,NA,NA,NA,NA,NA,0.994,NA,NA,NA,1.0,1.0	0.012
7183	0,519,0,0,0	0,12,0,0,0	0,0,0,0,431,0,0,0,0,2,771,0,0,0,9,49	0,0,0,0,12,0,0,0,0,0,0,0,0,0,0,0	251	149	1	1.0	NA,0.963,NA,NA,NA	NA,NA,NA,NA,0.955,NA,NA,NA,NA,1.0,1.0,NA,NA,NA,1.0,1.0	-0.028
7184	0,1860,0,0,0	0,3,0,0,0	0,0,0,0,348,0,0,0,2,0,656,0,0,0,8,28	0,0,0,0,0,0,0,0,0,0,1,0,0,0,0,0	298	149	1	1.0	NA,0.997,NA,NA,NA	NA,NA,NA,NA,1.0,NA,NA,NA,1.0,NA,0.997,NA,NA,NA,1.0,1.0	-0.002
7185	0,1402,0,0,0	0,6,0,0,0	0,0,0,0,332,0,0,0,2,0,551,0,0,0,0,34	0,0,0,0,0,0,0,0,0,0,2,0,0,0,0,0	182	149	1	1.0	NA,0.995,NA,NA,NA	NA,NA,NA,NA,1.0,NA,NA,NA,1.0,NA,0.996,NA,NA,NA,NA,1.0	-0.004
7187	0,1,0,0,0	0,60,0,0,0	0,0,0,0,0,0,0,0,0,0,0,0,0,0,0,1	0,0,0,0,292,0,0,0,0,0,52,0,0,0,0,3	157	149	1	1.0	NA,0.016,NA,NA,NA	NA,NA,NA,NA,0.0,NA,NA,NA,NA,NA,0.0,NA,NA,NA,NA,0.24	-0.064
7188	0,0,0,0,0	0,2,0,0,0	0,0,0,0,23,0,0,0,0,0,0,0,0,0,0,0	0,0,0,0,78,0,0,0,0,0,0,0,0,0,0,0	245	149	1	1.0	NA,0.0,NA,NA,NA	NA,NA,NA,NA,0.152,NA,NA,NA,NA,NA,NA,NA,NA,NA,NA,NA	-0.152
7190	0,12,0,0,0	0,2373,0,0,2	0,0,0,0,20,0,0,0,0,0,14,0,0,0,3,0	0,0,0,0,466,0,0,0,0,4,2389,0,0,0,134,28	153	149	1	1.0	NA,0.005,NA,NA,0.0	NA,NA,NA,NA,0.04,NA,NA,NA,NA,0.0,0.006,NA,NA,NA,0.021,0.0	-0.011
7191	0,23,0,0,0	0,3,0,0,0	0,0,0,0,16,0,0,0,0,0,37,0,0,0,11,39	0,0,0,0,0,0,0,0,0,0,11,0,0,0,0,13	158	149	1	1.0	NA,0.878,NA,NA,NA	NA,NA,NA,NA,1.0,NA,NA,NA,NA,NA,0.76,NA,NA,NA,1.0,0.739	0.003
7192	0,2,0,0,2	0,4,0,0,0	0,0,0,0,7,0,0,0,0,0,14,0,0,0,3,10	0,0,0,0,0,0,0,0,0,0,1,0,0,0,1,0	158	149	1	1.0	NA,0.32,NA,NA,1.0	NA,NA,NA,NA,1.0,NA,NA,NA,NA,NA,0.93,NA,NA,NA,0.739,1.0	-0.257
7194	0,144,0,0,0	0,0,0,0,0	0,0,0,0,0,0,0,0,0,0,1450,0,0,0,48,1	0,0,0,0,0,0,0,0,0,0,20,0,0,0,0,0	298	149	1	1.0	NA,1.0,NA,NA,NA	NA,NA,NA,NA,NA,NA,NA,NA,NA,NA,0.973,NA,NA,NA,1.0,1.0	0.009
7196	0,364,0,0,0	0,0,0,0,0	0,0,0,0,387,0,0,0,0,0,971,0,0,0,0,17	0,0,0,0,1,0,0,0,0,0,0,0,0,0,0,0	298	149	1	1.0	NA,1.0,NA,NA,NA	NA,NA,NA,NA,0.995,NA,NA,NA,NA,NA,1.0,NA,NA,NA,NA,1.0	0.002
7197	0,235,0,0,2	0,11,0,0,0	0,0,0,0,808,2,0,1,0,0,2003,0,0,0,177,8	0,0,0,0,104,0,0,0,0,0,227,0,0,0,28,1	153	149	1	1.0	NA,0.954,NA,NA,1.0	NA,NA,NA,NA,0.883,1.0,NA,1.0,NA,NA,0.896,NA,NA,NA,0.86,0.886	0.056
7198	0,111,0,0,0	0,10,0,0,0	0,0,0,0,433,0,0,2,0,0,867,0,0,0,86,4	0,0,0,0,38,0,0,0,0,0,114,0,0,0,9,1	153	149	1	1.0	NA,0.915,NA,NA,NA	NA,NA,NA,NA,0.917,NA,NA,1.0,NA,NA,0.881,NA,NA,NA,0.903,0.796	0.016
7199	0,0,0,0,0	0,399,0,0,4	0,0,0,0,0,0,0,0,0,0,14,0,0,0,3,0	0,0,0,0,1495,2,2,1,0,0,3398,0,0,0,432,19	298	149	1	1.0	NA,0.0,NA,NA,0.0	NA,NA,NA,NA,0.0,0.0,0.0,0.0,NA,NA,0.002,NA,NA,NA,0.003,0.0	-0.001
7200	0,0,0,0,0	0,399,0,0,4	0,0,0,0,0,0,0,0,0,0,10,0,0,0,5,0	0,0,0,0,1495,2,2,1,0,0,3398,0,0,0,432,19	298	149	1	1.0	NA,0.0,NA,NA,0.0	NA,NA,NA,NA,0.0,0.0,0.0,0.0,NA,NA,0.001,NA,NA,NA,0.006,0.0	-0.001
7202	0,1023,0,0,0	0,0,0,0,0	0,0,0,0,2271,0,0,2,0,0,3502,0,0,0,469,81	0,0,0,0,0,0,0,0,0,0,13,0,0,0,0,0	298	149	1	1.0	NA,1.0,NA,NA,NA	NA,NA,NA,NA,1.0,NA,NA,1.0,NA,NA,0.993,NA,NA,NA,1.0,1.0	0.001
7203	0,2405,0,0,0	0,9,0,0,0	0,0,0,0,3495,0,0,5,0,0,4948,0,0,0,627,59	0,0,0,0,23,0,0,0,0,0,56,0,0,0,2,0	155	149	1	1.0	NA,0.996,NA,NA,NA	NA,NA,NA,NA,0.993,NA,NA,1.0,NA,NA,0.988,NA,NA,NA,0.997,1.0	0.0
7204	0,773,0,0,0	0,1,0,0,0	0,0,0,0,391,0,0,0,0,0,1156,0,0,0,269,14	0,0,0,0,0,0,0,0,0,0,4,0,0,0,4,10	201	149	1	1.0	NA,0.998,NA,NA,NA	NA,NA,NA,NA,1.0,NA,NA,NA,NA,NA,0.995,NA,NA,NA,0.98,0.509	0.127
7205	0,10,0,0,0	0,265,0,0,0	0,0,0,0,12,0,0,0,0,0,14,0,0,0,5,2	0,0,0,0,287,0,0,0,0,0,821,0,0,0,214,30	199	149	1	1.0	NA,0.027,NA,NA,NA	NA,NA,NA,NA,0.03,NA,NA,NA,NA,NA,0.013,NA,NA,NA,0.017,0.048	0.0
7207	0,0,0,0,0	0,24,0,0,0	0,0,0,0,4,0,0,0,0,0,6,0,0,0,18,0	0,0,0,0,90,2,0,0,0,0,76,0,0,0,90,8	167	149	1	1.0	NA,0.0,NA,NA,NA	NA,NA,NA,NA,0.038,0.0,NA,NA,NA,NA,0.066,NA,NA,NA,0.151,0.0	-0.051
7211	0,16,0,0,0	0,17,0,0,0	0,0,0,0,15,0,0,0,0,0,79,0,0,0,14,5	0,0,0,0,66,0,0,0,0,0,0,0,0,0,0,4	164	149	1	1.0	NA,0.461,NA,NA,NA	NA,NA,NA,NA,0.171,NA,NA,NA,NA,NA,1.0,NA,NA,NA,1.0,0.532	-0.215
7212	0,26,0,0,0	0,8,0,0,0	0,0,0,0,105,0,0,0,0,0,123,0,0,0,32,13	0,0,0,0,15,0,0,0,0,0,7,0,0,0,4,1	185	149	1	1.0	NA,0.724,NA,NA,NA	NA,NA,NA,NA,0.849,NA,NA,NA,NA,NA,0.934,NA,NA,NA,0.866,0.913	-0.167
7213	0,2,0,0,0	0,110,0,0,0	0,0,0,0,0,0,0,0,0,0,16,0,0,0,0,4	0,0,0,0,162,0,0,0,0,0,216,0,0,0,114,9	191	149	1	1.0	NA,0.014,NA,NA,NA	NA,NA,NA,NA,0.0,NA,NA,NA,NA,NA,0.055,NA,NA,NA,0.0,0.257	-0.064
7214	0,37,0,0,0	0,60,0,0,0	0,0,0,0,42,0,0,0,0,0,12,0,0,0,53,7	0,0,0,0,66,0,0,0,0,0,98,0,0,0,32,4	298	149	1	1.0	NA,0.236,NA,NA,NA	NA,NA,NA,NA,0.241,NA,NA,NA,NA,NA,0.058,NA,NA,NA,0.453,0.467	-0.069
7215	0,22,0,0,0	0,16,0,0,0	0,0,0,0,42,0,0,0,0,0,568,0,0,0,0,26	0,0,0,0,18,0,0,0,0,0,11,0,0,0,0,2	298	149	1	1.0	NA,0.407,NA,NA,NA	NA,NA,NA,NA,0.538,NA,NA,NA,NA,NA,0.963,NA,NA,NA,NA,0.867	-0.382
7218	0,0,0,0,0	0,6,0,0,0	0,0,0,0,0,0,0,0,0,0,0,0,0,0,47,3	0,0,0,0,30,0,0,0,0,0,23,0,0,0,8,2	181	149	1	1.0	NA,0.0,NA,NA,NA	NA,NA,NA,NA,0.0,NA,NA,NA,NA,NA,0.0,NA,NA,NA,0.829,0.553	-0.346
7221	0,86,0,0,0	0,0,0,0,0	0,0,0,0,342,0,0,0,0,2,408,0,0,0,260,19	0,0,0,0,0,0,0,0,0,0,0,0,0,0,7,0	240	149	1	1.0	NA,1.0,NA,NA,NA	NA,NA,NA,NA,1.0,NA,NA,NA,NA,1.0,1.0,NA,NA,NA,0.958,1.0	0.008
7224	0,0,0,0,0	0,4,0,0,0	0,0,0,0,0,2,0,0,0,0,3,0,0,0,79,0	0,0,0,0,92,0,0,0,0,0,65,0,0,0,326,21	298	149	1	1.0	NA,0.0,NA,NA,NA	NA,NA,NA,NA,0.0,1.0,NA,NA,NA,NA,0.023,NA,NA,NA,0.108,0.0	-0.226
7225	0,0,0,0,0	0,4,0,0,0	0,0,0,0,6,0,0,0,0,0,12,0,0,0,123,5	0,0,0,0,92,0,0,0,0,0,65,0,0,0,326,21	200	149	1	1.0	NA,0.0,NA,NA,NA	NA,NA,NA,NA,0.046,NA,NA,NA,NA,NA,0.121,NA,NA,NA,0.219,0.151	-0.134
7228	0,7,0,0,0	0,4,0,0,0	0,0,0,0,94,0,0,0,0,0,37,0,0,0,9,2	0,0,0,0,1,0,0,0,0,0,31,0,0,0,31,2	298	149	1	1.0	NA,0.467,NA,NA,NA	NA,NA,NA,NA,0.979,NA,NA,NA,NA,NA,0.374,NA,NA,NA,0.127,0.333	0.014
7229	0,603,0,0,2	0,4,0,0,0	0,0,0,0,975,0,0,2,0,0,1043,0,0,0,103,35	0,0,0,0,0,0,0,0,0,0,2,0,0,0,5,3	198	149	1	1.0	NA,0.991,NA,NA,1.0	NA,NA,NA,NA,1.0,NA,NA,1.0,NA,NA,0.997,NA,NA,NA,0.939,0.898	0.029
7230	0,3,0,0,0	0,8,0,0,0	0,0,0,0,26,0,0,0,0,0,0,0,0,0,0,0	0,0,0,0,0,0,0,0,0,0,0,0,0,0,0,0	189	149	1	1.0	NA,0.228,NA,NA,NA	NA,NA,NA,NA,1.0,NA,NA,NA,NA,NA,NA,NA,NA,NA,NA,NA	-0.772
7231	0,9,0,0,0	0,8,0,0,0	0,0,0,0,26,0,0,0,0,0,1,0,0,0,2,0	0,0,0,0,6,0,0,0,0,0,8,0,0,0,24,0	189	149	1	1.0	NA,0.47,NA,NA,NA	NA,NA,NA,NA,0.774,NA,NA,NA,NA,NA,0.09,NA,NA,NA,0.062,NA	0.161
7232	0,0,0,0,4	0,0,0,0,0	0,0,0,0,70,2,0,0,0,0,161,0,0,0,68,31	0,0,0,0,0,0,0,0,0,0,3,0,0,0,21,1	263	149	1	1.0	NA,NA,NA,NA,1.0	NA,NA,NA,NA,1.0,1.0,NA,NA,NA,NA,0.968,NA,NA,NA,0.647,0.946	0.088
7234	0,21,0,0,0	0,0,0,0,0	0,0,0,0,41,0,0,3,0,0,135,0,0,0,150,11	0,0,0,0,0,0,0,0,0,0,2,0,0,0,0,0	282	149	1	1.0	NA,1.0,NA,NA,NA	NA,NA,NA,NA,1.0,NA,NA,1.0,NA,NA,0.973,NA,NA,NA,1.0,1.0	0.005
7235	0,96,0,0,0	0,0,0,0,0	0,0,0,0,566,0,0,0,2,0,336,0,0,0,102,9	0,0,0,0,11,0,0,0,0,0,3,0,0,0,0,0	200	149	1	1.0	NA,1.0,NA,NA,NA	NA,NA,NA,NA,0.975,NA,NA,NA,1.0,NA,0.988,NA,NA,NA,1.0,1.0	0.007
7236	0,9,0,0,0	0,96,0,0,0	0,0,0,0,0,0,0,0,0,0,12,0,0,0,0,1	0,0,0,0,112,0,0,0,0,0,228,0,0,0,259,29	174	149	1	1.0	NA,0.074,NA,NA,NA	NA,NA,NA,NA,0.0,NA,NA,NA,NA,NA,0.043,NA,NA,NA,0.0,0.029	0.056
7237	0,36,2,0,0	0,1153,8,0,6	0,0,0,0,0,0,0,0,0,0,1,0,0,0,34,5	0,0,0,0,14,4,2,4,0,2,220,0,0,0,1499,85	298	149	1	1.0	NA,0.015,0.111,NA,0.0	NA,NA,NA,NA,0.0,0.0,0.0,0.0,NA,0.0,0.002,NA,NA,NA,0.011,0.029	0.037
7238	0,38,0,0,0	0,58,0,0,0	0,0,0,0,90,0,0,0,0,0,68,0,0,0,7,2	0,0,0,0,32,0,0,0,0,0,98,0,0,0,33,4	191	149	1	1.0	NA,0.338,NA,NA,NA	NA,NA,NA,NA,0.687,NA,NA,NA,NA,NA,0.351,NA,NA,NA,0.142,0.281	-0.027
7239	0,2,0,0,0	0,4,0,0,0	0,0,0,0,22,0,0,0,0,0,27,0,0,0,2,1	0,0,0,0,0,0,0,0,0,0,2,0,0,0,0,0	154	149	1	1.0	NA,0.326,NA,NA,NA	NA,NA,NA,NA,1.0,NA,NA,NA,NA,NA,0.929,NA,NA,NA,1.0,1.0	-0.656
7241	0,9,0,0,0	0,0,0,0,0	0,0,0,0,14,0,0,0,0,0,3,0,0,0,22,1	0,0,0,0,0,0,0,0,0,0,2,0,0,0,0,2	298	149	1	1.0	NA,1.0,NA,NA,NA	NA,NA,NA,NA,1.0,NA,NA,NA,NA,NA,0.429,NA,NA,NA,1.0,0.2	0.343
7244	0,145,0,0,0	0,0,0,0,0	0,0,0,0,906,0,0,0,2,6,1052,0,0,0,332,16	0,0,0,0,0,0,0,0,0,0,6,0,0,0,3,4	298	149	1	1.0	NA,1.0,NA,NA,NA	NA,NA,NA,NA,1.0,NA,NA,NA,1.0,1.0,0.989,NA,NA,NA,0.982,0.667	0.06
7246	0,159,0,0,8	0,0,0,0,0	0,0,0,0,744,2,0,0,2,6,1327,0,0,0,1197,36	0,0,0,0,0,0,0,0,0,0,3,0,0,0,0,0	207	149	1	1.0	NA,1.0,NA,NA,1.0	NA,NA,NA,NA,1.0,1.0,NA,NA,1.0,1.0,0.997,NA,NA,NA,1.0,1.0	0.0
7249	0,6530,2,0,18	0,0,0,0,0	0,0,0,0,18674,6,0,24,20,19,15134,0,0,0,15739,1887	0,0,0,0,0,0,0,0,0,0,9,0,0,0,5,0	233	149	1	1.0	NA,1.0,1.0,NA,1.0	NA,NA,NA,NA,1.0,1.0,NA,1.0,1.0,1.0,0.999,NA,NA,NA,1.0,1.0	0.0
7252	0,271,0,0,2	0,60,0,0,0	0,0,0,0,2826,0,0,2,2,4,1819,0,0,0,1839,83	0,0,0,0,638,2,2,0,2,0,539,0,0,0,636,15	298	149	1	1.0	NA,0.693,NA,NA,1.0	NA,NA,NA,NA,0.689,0.0,0.0,1.0,0.333,1.0,0.628,NA,NA,NA,0.591,0.735	0.294
7256	0,323,0,0,0	0,0,0,0,0	0,0,0,0,228,2,0,0,2,0,267,0,0,0,115,23	0,0,0,0,24,0,0,0,0,0,0,0,0,0,0,0	298	149	1	1.0	NA,1.0,NA,NA,NA	NA,NA,NA,NA,0.826,1.0,NA,NA,1.0,NA,1.0,NA,NA,NA,1.0,1.0	0.029
7257	0,0,0,0,0	0,2,0,0,0	0,0,0,0,22,0,0,0,0,0,23,0,0,0,35,3	0,0,0,0,87,0,0,0,0,0,46,0,0,0,66,17	153	149	1	1.0	NA,0.0,NA,NA,NA	NA,NA,NA,NA,0.198,NA,NA,NA,NA,NA,0.327,NA,NA,NA,0.341,0.147	-0.253
7259	0,0,0,0,0	0,9,0,0,0	0,0,0,0,22,0,0,0,0,0,6,0,0,0,19,2	0,0,0,0,211,0,4,0,0,0,101,0,0,0,124,2	158	149	1	1.0	NA,0.0,NA,NA,NA	NA,NA,NA,NA,0.09,NA,0.0,NA,NA,NA,0.053,NA,NA,NA,0.126,0.485	-0.151
7269	0,5,0,0,0	0,0,0,0,0	0,0,0,0,26,0,0,0,0,0,16,0,0,0,54,1	0,0,0,0,0,0,0,0,0,0,9,0,0,0,19,0	298	149	1	1.0	NA,1.0,NA,NA,NA	NA,NA,NA,NA,1.0,NA,NA,NA,NA,NA,0.471,NA,NA,NA,0.587,1.0	0.236
7270	0,0,2,0,0	0,0,0,0,0	0,0,0,0,44,0,0,0,0,0,12,0,0,0,12,0	0,0,0,0,9,0,0,0,0,0,0,0,0,0,0,0	283	149	1	1.0	NA,NA,1.0,NA,NA	NA,NA,NA,NA,0.72,NA,NA,NA,NA,NA,1.0,NA,NA,NA,1.0,NA	0.093
7271	0,46,0,0,0	0,0,0,0,0	0,0,0,0,64,0,0,0,0,0,25,0,0,0,8,0	0,0,0,0,0,0,0,0,0,0,2,0,0,0,6,0	172	149	1	1.0	NA,1.0,NA,NA,NA	NA,NA,NA,NA,1.0,NA,NA,NA,NA,NA,0.915,NA,NA,NA,0.536,NA	0.183
7272	0,96,0,0,0	0,0,0,0,0	0,0,0,0,259,0,0,0,0,0,1230,0,0,0,149,13	0,0,0,0,2,0,0,0,0,0,14,0,0,0,0,1	156	149	1	1.0	NA,1.0,NA,NA,NA	NA,NA,NA,NA,0.992,NA,NA,NA,NA,NA,0.988,NA,NA,NA,1.0,0.925	0.024
7273	0,0,0,0,0	0,5,0,0,0	0,0,0,0,8,0,0,0,0,0,39,0,0,0,29,42	0,0,0,0,2,0,0,0,0,0,15,0,0,0,0,5	231	149	1	1.0	NA,0.0,NA,NA,NA	NA,NA,NA,NA,0.721,NA,NA,NA,NA,NA,0.626,NA,NA,NA,1.0,0.844	-0.798
7274	0,0,0,0,0	0,5,0,0,0	0,0,0,0,8,0,0,0,0,0,54,0,0,0,35,58	0,0,0,0,2,0,0,0,0,0,15,0,0,0,0,5	298	149	1	1.0	NA,0.0,NA,NA,NA	NA,NA,NA,NA,0.667,NA,NA,NA,NA,NA,0.643,NA,NA,NA,1.0,0.853	-0.791
7278	0,3,0,0,0	0,0,0,0,0	0,0,0,0,0,0,0,0,0,0,28,0,0,0,8,0	0,0,0,0,0,0,0,0,0,0,3,0,0,0,0,0	194	149	1	1.0	NA,1.0,NA,NA,NA	NA,NA,NA,NA,NA,NA,NA,NA,NA,NA,0.878,NA,NA,NA,1.0,NA	0.061
7280	0,2,0,0,0	0,0,0,0,0	0,0,0,0,26,0,0,0,0,0,1,0,0,0,37,0	0,0,0,0,16,0,0,0,0,0,1,0,0,0,5,0	158	149	1	1.0	NA,1.0,NA,NA,NA	NA,NA,NA,NA,0.605,NA,NA,NA,NA,NA,0.485,NA,NA,NA,0.875,NA	0.345
7282	0,8,0,0,0	0,16,0,0,0	0,0,0,0,17,0,0,0,0,0,108,0,0,0,0,16	0,0,0,0,0,0,0,0,0,0,121,0,0,0,0,0	233	149	1	1.0	NA,0.242,NA,NA,NA	NA,NA,NA,NA,1.0,NA,NA,NA,NA,NA,0.363,NA,NA,NA,NA,1.0	-0.546
7283	0,16,0,0,0	0,700,0,0,0	0,0,0,0,63,0,0,0,0,0,5,0,0,0,0,1	0,0,0,0,1278,0,0,2,2,8,3476,0,0,0,137,128	298	149	1	1.0	NA,0.011,NA,NA,NA	NA,NA,NA,NA,0.024,NA,NA,0.0,0.0,0.0,0.001,NA,NA,NA,0.0,0.004	0.007
7284	0,4,0,0,0	0,0,0,0,0	0,0,0,0,0,0,0,0,0,0,64,0,0,0,39,0	0,0,0,0,0,0,0,0,0,0,2,0,0,0,3,0	167	149	1	1.0	NA,1.0,NA,NA,NA	NA,NA,NA,NA,NA,NA,NA,NA,NA,NA,0.966,NA,NA,NA,0.921,NA	0.056
7301	0,84,0,0,0	0,0,0,0,0	0,0,0,0,198,0,0,0,2,0,489,0,0,0,191,12	0,0,0,0,58,0,0,0,0,0,40,0,0,0,10,3	179	149	1	1.0	NA,1.0,NA,NA,NA	NA,NA,NA,NA,0.74,NA,NA,NA,1.0,NA,0.911,NA,NA,NA,0.941,0.769	0.128
7302	0,0,0,0,0	0,30,0,0,0	0,0,0,0,14,0,0,0,0,0,4,0,0,0,10,0	0,0,0,0,95,0,0,0,0,0,212,0,0,0,251,5	298	149	1	1.0	NA,0.0,NA,NA,NA	NA,NA,NA,NA,0.069,NA,NA,NA,NA,NA,0.009,NA,NA,NA,0.02,0.0	-0.025
7307	0,9,0,0,2	0,3,0,0,0	0,0,0,0,135,0,0,0,0,0,122,0,0,0,24,3	0,0,0,0,0,0,0,0,0,0,0,0,0,0,0,0	253	149	1	1.0	NA,0.639,NA,NA,1.0	NA,NA,NA,NA,1.0,NA,NA,NA,NA,NA,1.0,NA,NA,NA,1.0,1.0	-0.18
7309	0,105,0,0,0	0,0,0,0,0	0,0,0,0,580,0,0,0,0,0,344,0,0,0,20,6	0,0,0,0,8,0,0,0,0,0,0,0,0,0,0,0	298	149	1	1.0	NA,1.0,NA,NA,NA	NA,NA,NA,NA,0.973,NA,NA,NA,NA,NA,1.0,NA,NA,NA,1.0,1.0	0.007
7317	0,216,0,0,2	0,0,0,0,0	0,0,0,0,378,0,0,0,0,0,449,0,0,0,450,43	0,0,0,0,0,0,0,0,0,0,0,0,0,0,0,1	216	149	1	1.0	NA,1.0,NA,NA,1.0	NA,NA,NA,NA,1.0,NA,NA,NA,NA,NA,1.0,NA,NA,NA,1.0,0.967	0.008
7318	0,120,0,0,0	0,19,0,0,0	0,0,0,0,399,0,0,0,0,0,459,0,0,0,337,23	0,0,0,0,0,0,0,0,0,0,0,0,0,0,0,0	176	149	1	1.0	NA,0.842,NA,NA,NA	NA,NA,NA,NA,1.0,NA,NA,NA,NA,NA,1.0,NA,NA,NA,1.0,1.0	-0.158
7319	0,50,0,0,0	0,0,0,0,0	0,0,0,0,212,0,0,0,0,0,276,0,0,0,224,11	0,0,0,0,0,0,0,0,0,0,8,0,0,0,0,0	170	149	1	1.0	NA,1.0,NA,NA,NA	NA,NA,NA,NA,1.0,NA,NA,NA,NA,NA,0.968,NA,NA,NA,1.0,1.0	0.008
7320	0,47,0,0,0	0,151,0,0,0	0,0,0,0,34,0,0,0,0,0,32,0,0,0,21,0	0,0,0,0,213,0,0,2,0,0,215,0,0,0,150,1	185	149	1	1.0	NA,0.2,NA,NA,NA	NA,NA,NA,NA,0.114,NA,NA,0.0,NA,NA,0.107,NA,NA,NA,0.101,0.0	0.136
7321	0,11,0,0,0	0,0,0,0,0	0,0,0,0,128,0,0,0,0,0,93,0,0,0,69,5	0,0,0,0,85,0,0,0,0,0,50,0,0,0,18,2	278	149	1	1.0	NA,1.0,NA,NA,NA	NA,NA,NA,NA,0.447,NA,NA,NA,NA,NA,0.499,NA,NA,NA,0.673,0.573	0.452
7322	0,7,0,0,0	0,18,0,0,0	0,0,0,0,50,0,0,0,0,0,21,0,0,0,13,0	0,0,0,0,22,0,0,0,0,0,37,0,0,0,14,6	158	149	1	1.0	NA,0.268,NA,NA,NA	NA,NA,NA,NA,0.682,NA,NA,NA,NA,NA,0.349,NA,NA,NA,0.467,0.0	-0.107
7323	0,8,0,0,0	0,18,0,0,0	0,0,0,0,106,0,0,0,0,0,81,0,0,0,66,0	0,0,0,0,22,0,0,0,0,0,37,0,0,0,14,6	161	149	1	1.0	NA,0.291,NA,NA,NA	NA,NA,NA,NA,0.817,NA,NA,NA,NA,NA,0.67,NA,NA,NA,0.814,0.0	-0.284
7324	0,8,0,0,0	0,7,0,0,0	0,0,0,0,90,0,0,0,0,0,78,0,0,0,66,0	0,0,0,0,34,0,0,0,0,0,18,0,0,0,13,0	152	149	1	1.0	NA,0.528,NA,NA,NA	NA,NA,NA,NA,0.722,NA,NA,NA,NA,NA,0.809,NA,NA,NA,0.833,NA	-0.26
7325	0,152,0,0,0	0,0,0,0,0	0,0,0,0,328,0,0,0,0,0,407,0,0,0,19,0	0,0,0,0,2,0,0,0,0,0,24,0,0,0,0,0	153	149	1	1.0	NA,1.0,NA,NA,NA	NA,NA,NA,NA,0.994,NA,NA,NA,NA,NA,0.943,NA,NA,NA,1.0,NA	0.021
7326	0,1205,2,0,4	0,14,0,0,0	0,0,0,0,1298,0,0,6,0,0,2620,0,0,0,1578,80	0,0,0,0,16,0,0,0,0,0,27,0,0,0,12,0	212	149	1	1.0	NA,0.984,1.0,NA,1.0	NA,NA,NA,NA,0.983,NA,NA,1.0,NA,NA,0.986,NA,NA,NA,0.989,1.0	0.003
7327	0,12,0,0,0	0,440,0,0,0	0,0,0,0,102,0,0,0,0,0,29,0,0,0,0,6	0,0,0,0,933,0,0,0,0,4,2038,0,0,0,117,31	153	149	1	1.0	NA,0.026,NA,NA,NA	NA,NA,NA,NA,0.096,NA,NA,NA,NA,0.0,0.014,NA,NA,NA,0.0,0.159	-0.028
7329	0,16,0,0,0	0,0,0,0,0	0,0,0,0,197,0,0,0,0,0,45,0,0,0,68,52	0,0,0,0,0,0,0,0,0,0,5,0,0,0,9,3	253	149	1	1.0	NA,1.0,NA,NA,NA	NA,NA,NA,NA,1.0,NA,NA,NA,NA,NA,0.841,NA,NA,NA,0.817,0.911	0.108
7330	0,79,0,0,0	0,0,0,0,0	0,0,0,0,127,0,0,0,0,0,120,0,0,0,3,10	0,0,0,0,33,0,0,0,0,0,0,0,0,0,6,1	240	149	1	1.0	NA,1.0,NA,NA,NA	NA,NA,NA,NA,0.705,NA,NA,NA,NA,NA,1.0,NA,NA,NA,0.237,0.861	0.299
7332	0,0,0,0,0	0,11,0,0,0	0,0,0,0,50,0,0,0,0,0,51,0,0,0,22,1	0,0,0,0,27,0,0,0,0,0,60,0,0,0,16,0	173	149	1	1.0	NA,0.0,NA,NA,NA	NA,NA,NA,NA,0.615,NA,NA,NA,NA,NA,0.423,NA,NA,NA,0.542,1.0	-0.645
7333	0,0,0,0,0	0,5,0,0,0	0,0,0,0,94,0,0,0,0,0,42,0,0,0,12,2	0,0,0,0,12,0,0,0,0,0,17,0,0,0,4,0	173	149	1	1.0	NA,0.0,NA,NA,NA	NA,NA,NA,NA,0.871,NA,NA,NA,NA,NA,0.68,NA,NA,NA,0.721,1.0	-0.818
7334	0,0,0,0,0	0,10,0,0,0	0,0,0,0,0,0,0,0,0,0,2,0,0,0,0,1	0,0,0,0,118,0,0,0,0,0,111,0,0,0,42,3	298	149	1	1.0	NA,0.0,NA,NA,NA	NA,NA,NA,NA,0.0,NA,NA,NA,NA,NA,0.009,NA,NA,NA,0.0,0.143	-0.038
7335	0,1,0,0,0	0,3,0,0,0	0,0,0,0,26,0,0,2,0,0,16,0,0,0,20,1	0,0,0,0,192,0,0,0,0,0,105,0,0,0,223,3	171	149	1	1.0	NA,0.225,NA,NA,NA	NA,NA,NA,NA,0.106,NA,NA,1.0,NA,NA,0.117,NA,NA,NA,0.072,0.225	-0.079
7336	0,7,0,0,0	0,3,0,0,0	0,0,0,0,33,0,0,2,0,0,38,0,0,0,92,19	0,0,0,0,192,0,0,0,0,0,105,0,0,0,223,3	222	149	1	1.0	NA,0.61,NA,NA,NA	NA,NA,NA,NA,0.103,NA,NA,1.0,NA,NA,0.195,NA,NA,NA,0.217,0.81	0.145
7337	0,6,0,0,0	0,0,0,0,0	0,0,0,0,7,0,0,0,0,0,27,0,0,0,72,18	0,0,0,0,0,0,0,0,0,0,5,0,0,0,0,0	200	149	1	1.0	NA,1.0,NA,NA,NA	NA,NA,NA,NA,1.0,NA,NA,NA,NA,NA,0.801,NA,NA,NA,1.0,1.0	0.05
7338	0,7,0,0,0	0,4,0,0,0	0,0,0,0,43,0,0,2,0,0,36,0,0,0,94,19	0,0,0,0,22,0,0,0,0,0,66,0,0,0,77,4	222	149	1	1.0	NA,0.54,NA,NA,NA	NA,NA,NA,NA,0.567,NA,NA,1.0,NA,NA,0.268,NA,NA,NA,0.45,0.761	-0.069
7339	0,4,0,0,0	0,7,2,0,0	0,0,0,0,30,0,0,2,0,0,20,0,0,0,28,2	0,0,0,0,124,0,0,0,0,0,150,0,0,0,230,14	171	149	1	1.0	NA,0.332,0.0,NA,NA	NA,NA,NA,NA,0.174,NA,NA,1.0,NA,NA,0.104,NA,NA,NA,0.096,0.111	-0.131
7340	0,10,0,0,2	0,7,2,0,0	0,0,0,0,33,1,0,2,0,0,55,0,0,0,128,19	0,0,0,0,124,0,0,0,0,0,150,0,0,0,230,14	222	149	1	1.0	NA,0.489,0.0,NA,1.0	NA,NA,NA,NA,0.152,1.0,NA,1.0,NA,NA,0.197,NA,NA,NA,0.272,0.477	-0.02
7341	0,9,0,0,2	0,3,0,0,0	0,0,0,0,7,1,0,0,0,0,44,0,0,0,108,18	0,0,0,0,4,0,0,0,0,0,9,0,0,0,8,1	200	149	1	1.0	NA,0.691,NA,NA,1.0	NA,NA,NA,NA,0.566,1.0,NA,NA,NA,NA,0.785,NA,NA,NA,0.91,0.931	0.007
7342	0,7,0,0,0	0,3,0,0,0	0,0,0,0,41,0,0,2,0,0,32,0,0,0,78,19	0,0,0,0,54,0,0,0,0,0,30,0,0,0,60,3	222	149	1	1.0	NA,0.61,NA,NA,NA	NA,NA,NA,NA,0.338,NA,NA,1.0,NA,NA,0.417,NA,NA,NA,0.466,0.81	0.004
7343	0,19,0,0,0	0,2,0,0,0	0,0,0,0,91,0,0,0,0,2,142,0,0,0,352,58	0,0,0,0,20,0,0,0,0,0,55,0,0,0,84,1	298	149	1	1.0	NA,0.826,NA,NA,NA	NA,NA,NA,NA,0.695,NA,NA,NA,NA,1.0,0.563,NA,NA,NA,0.677,0.967	0.046
7344	0,0,0,0,0	0,25,0,0,0	0,0,0,0,0,0,0,0,0,0,3,0,0,0,41,4	0,0,0,0,55,2,0,2,0,0,114,0,0,0,183,25	298	149	1	1.0	NA,0.0,NA,NA,NA	NA,NA,NA,NA,0.0,0.0,NA,0.0,NA,NA,0.013,NA,NA,NA,0.101,0.074	-0.031
7345	0,0,0,0,0	0,2,0,0,0	0,0,0,0,0,0,0,0,0,0,1,0,0,0,14,0	0,0,0,0,11,0,0,0,0,0,60,0,0,0,185,16	298	149	1	1.0	NA,0.0,NA,NA,NA	NA,NA,NA,NA,0.0,NA,NA,NA,NA,NA,0.008,NA,NA,NA,0.036,0.0	-0.011
7347	0,170,0,0,0	0,5,0,0,0	0,0,0,0,1466,0,2,0,2,0,259,0,0,0,176,31	0,0,0,0,55,0,0,0,0,0,1,0,0,0,0,0	298	149	1	1.0	NA,0.944,NA,NA,NA	NA,NA,NA,NA,0.93,NA,1.0,NA,1.0,NA,0.992,NA,NA,NA,1.0,1.0	-0.043
7348	0,6,0,0,0	0,13,0,0,0	0,0,0,0,42,0,0,0,0,0,1,0,0,0,6,8	0,0,0,0,126,0,0,0,0,0,58,0,0,0,21,37	266	149	1	1.0	NA,0.205,NA,NA,NA	NA,NA,NA,NA,0.157,NA,NA,NA,NA,NA,0.01,NA,NA,NA,0.138,0.108	0.102
7349	0,17,0,0,0	0,2,0,0,0	0,0,0,0,5,0,0,0,0,0,27,0,0,0,0,16	0,0,0,0,14,0,0,0,0,0,27,0,0,0,0,7	298	149	1	1.0	NA,0.81,NA,NA,NA	NA,NA,NA,NA,0.152,NA,NA,NA,NA,NA,0.333,NA,NA,NA,NA,0.533	0.471
7350	0,0,0,0,0	0,5,0,0,0	0,0,0,0,0,0,0,0,0,0,2,0,0,0,5,0	0,0,0,0,13,0,0,0,0,0,17,0,0,0,7,1	158	149	1	1.0	NA,0.0,NA,NA,NA	NA,NA,NA,NA,0.0,NA,NA,NA,NA,NA,0.1,NA,NA,NA,0.402,0.0	-0.126
7351	0,11,0,0,0	0,7,0,0,0	0,0,0,0,70,0,0,0,0,0,35,0,0,0,1,16	0,0,0,0,20,0,0,0,0,0,21,0,0,0,2,2	173	149	1	1.0	NA,0.575,NA,NA,NA	NA,NA,NA,NA,0.751,NA,NA,NA,NA,NA,0.589,NA,NA,NA,0.301,0.873	-0.053
7353	0,1,0,0,0	0,0,0,0,0	0,0,0,0,0,0,0,0,0,0,9,0,0,0,0,0	0,0,0,0,0,0,0,0,0,0,2,0,0,0,0,0	188	149	1	1.0	NA,1.0,NA,NA,NA	NA,NA,NA,NA,NA,NA,NA,NA,NA,NA,0.781,NA,NA,NA,NA,NA	0.219
7355	0,16,0,0,0	0,43,2,0,0	0,0,0,0,43,0,0,2,0,0,53,0,0,0,100,0	0,0,0,0,292,0,0,3,0,2,606,0,0,0,2140,54	265	149	1	1.0	NA,0.173,0.0,NA,NA	NA,NA,NA,NA,0.076,NA,NA,0.273,NA,0.0,0.047,NA,NA,NA,0.026,0.0	0.016
7356	0,35,0,0,0	0,0,0,0,0	0,0,0,0,96,0,0,0,0,0,84,0,0,0,6,34	0,0,0,0,4,0,0,0,0,0,21,0,0,0,8,0	221	149	1	1.0	NA,1.0,NA,NA,NA	NA,NA,NA,NA,0.942,NA,NA,NA,NA,NA,0.729,NA,NA,NA,0.336,1.0	0.248
7359	0,1,0,0,0	0,73,0,0,0	0,0,0,0,0,0,0,0,0,0,3,0,0,0,0,0	0,0,0,0,120,0,0,0,0,0,128,0,0,0,0,3	161	149	1	1.0	NA,0.013,NA,NA,NA	NA,NA,NA,NA,0.0,NA,NA,NA,NA,NA,0.021,NA,NA,NA,NA,0.0	0.006
7361	0,19,0,0,0	0,4,0,0,0	0,0,0,0,79,0,0,0,0,0,52,0,0,0,18,0	0,0,0,0,56,0,0,0,0,0,59,0,0,0,6,0	261	149	1	1.0	NA,0.731,NA,NA,NA	NA,NA,NA,NA,0.446,NA,NA,NA,NA,NA,0.335,NA,NA,NA,0.631,NA	0.26
7362	0,18,2,0,0	0,28,0,0,0	0,0,0,0,52,0,0,0,0,0,65,0,0,0,6,1	0,0,0,0,130,0,0,0,0,0,130,0,0,0,25,0	298	149	1	1.0	NA,0.243,1.0,NA,NA	NA,NA,NA,NA,0.167,NA,NA,NA,NA,NA,0.2,NA,NA,NA,0.107,1.0	0.253
7363	0,6,0,0,0	0,35,0,0,0	0,0,0,0,36,0,0,0,0,0,5,0,0,0,0,0	0,0,0,0,172,0,0,0,0,2,78,0,0,0,0,4	172	149	1	1.0	NA,0.129,NA,NA,NA	NA,NA,NA,NA,0.153,NA,NA,NA,NA,0.0,0.053,NA,NA,NA,NA,0.0	0.078
7364	0,18,0,0,0	0,325,0,0,0	0,0,0,0,9,0,0,0,0,0,30,0,0,0,1,0	0,0,0,0,237,0,0,0,0,0,1141,0,0,0,112,47	215	149	1	1.0	NA,0.037,NA,NA,NA	NA,NA,NA,NA,0.026,NA,NA,NA,NA,NA,0.018,NA,NA,NA,0.006,0.0	0.025
7365	0,134,0,0,0	0,2,0,0,0	0,0,0,0,282,0,6,2,0,0,1402,0,0,0,556,37	0,0,0,0,0,0,0,0,0,0,36,0,0,0,3,0	254	149	1	1.0	NA,0.975,NA,NA,NA	NA,NA,NA,NA,1.0,NA,1.0,1.0,NA,NA,0.958,NA,NA,NA,0.991,1.0	-0.016
7369	0,0,0,0,0	0,77,0,0,0	0,0,0,0,16,0,0,0,0,0,2,0,0,0,0,0	0,0,0,0,182,0,0,2,0,0,269,0,0,0,101,32	178	149	1	1.0	NA,0.0,NA,NA,NA	NA,NA,NA,NA,0.069,NA,NA,0.0,NA,NA,0.006,NA,NA,NA,0.0,0.0	-0.015
7371	0,2,0,0,0	0,0,0,0,0	0,0,0,0,103,0,0,0,0,0,14,0,0,0,55,3	0,0,0,0,0,0,0,0,0,0,1,0,0,0,0,0	231	149	1	1.0	NA,1.0,NA,NA,NA	NA,NA,NA,NA,1.0,NA,NA,NA,NA,NA,0.9,NA,NA,NA,1.0,1.0	0.025
7372	0,5,0,0,0	0,2,0,0,0	0,0,0,0,0,0,0,0,0,0,0,0,0,0,1,0	0,0,0,0,7,0,0,0,0,0,0,0,0,0,0,0	154	149	1	1.0	NA,0.708,NA,NA,NA	NA,NA,NA,NA,0.0,NA,NA,NA,NA,NA,NA,NA,NA,NA,1.0,NA	0.208
7374	0,250,0,0,0	0,0,0,0,0	0,0,0,0,167,0,0,2,0,0,267,0,0,0,71,5	0,0,0,0,0,0,0,0,0,0,3,0,0,0,0,0	186	149	1	1.0	NA,1.0,NA,NA,NA	NA,NA,NA,NA,1.0,NA,NA,1.0,NA,NA,0.986,NA,NA,NA,1.0,1.0	0.003
7376	0,6,0,0,0	0,325,0,0,0	0,0,0,0,21,0,0,0,0,0,0,0,0,0,0,0	0,0,0,0,612,0,0,0,4,0,369,0,0,0,47,5	155	149	1	1.0	NA,0.017,NA,NA,NA	NA,NA,NA,NA,0.032,NA,NA,NA,0.0,NA,0.0,NA,NA,NA,0.0,0.0	0.011
7377	0,279,0,0,0	0,5,0,0,0	0,0,0,0,590,0,0,0,2,0,303,0,0,0,84,11	0,0,0,0,0,0,0,0,0,0,1,0,0,0,1,0	161	149	1	1.0	NA,0.981,NA,NA,NA	NA,NA,NA,NA,1.0,NA,NA,NA,1.0,NA,0.996,NA,NA,NA,0.987,1.0	-0.016
7378	0,111,0,0,0	0,0,0,0,0	0,0,0,0,252,0,0,0,0,0,324,0,0,0,47,2	0,0,0,0,0,0,0,0,0,0,8,0,0,0,0,0	233	149	1	1.0	NA,1.0,NA,NA,NA	NA,NA,NA,NA,1.0,NA,NA,NA,NA,NA,0.963,NA,NA,NA,1.0,1.0	0.009
7380	0,1312,0,0,0	0,2,0,0,0	0,0,0,0,1005,2,0,0,0,0,1761,0,0,0,148,48	0,0,0,0,0,0,0,0,0,0,0,0,0,0,0,0	298	149	1	1.0	NA,0.997,NA,NA,NA	NA,NA,NA,NA,1.0,1.0,NA,NA,NA,NA,1.0,NA,NA,NA,1.0,1.0	-0.003
7382	0,13,0,0,0	0,195,0,0,0	0,0,0,0,84,0,0,0,0,0,21,0,0,0,22,0	0,0,0,0,961,0,0,1,0,0,912,0,0,0,763,44	298	149	1	1.0	NA,0.032,NA,NA,NA	NA,NA,NA,NA,0.042,NA,NA,0.0,NA,NA,0.011,NA,NA,NA,0.014,0.0	0.019
7383	0,15,0,0,0	0,2,0,0,0	0,0,0,0,98,0,0,0,0,0,57,0,0,0,33,4	0,0,0,0,0,0,0,0,0,0,3,0,0,0,0,0	298	149	1	1.0	NA,0.789,NA,NA,NA	NA,NA,NA,NA,1.0,NA,NA,NA,NA,NA,0.905,NA,NA,NA,1.0,1.0	-0.187
7385	0,74,0,0,2	0,0,0,0,0	0,0,0,0,250,0,0,2,0,0,182,0,0,0,128,116	0,0,0,0,0,0,0,0,0,0,0,0,0,0,0,3	157	149	1	1.0	NA,1.0,NA,NA,1.0	NA,NA,NA,NA,1.0,NA,NA,1.0,NA,NA,1.0,NA,NA,NA,1.0,0.973	0.005
7386	0,11,0,0,0	0,641,0,0,2	0,0,0,0,0,0,0,0,0,0,17,0,0,0,4,4	0,0,0,0,426,0,0,0,0,0,537,0,0,0,172,35	160	149	1	1.0	NA,0.016,NA,NA,0.0	NA,NA,NA,NA,0.0,NA,NA,NA,NA,NA,0.029,NA,NA,NA,0.021,0.096	-0.029
7387	0,1,0,0,0	0,63,0,0,0	0,0,0,0,12,0,0,0,0,0,8,0,0,0,0,5	0,0,0,0,270,0,0,0,0,0,474,0,0,0,69,221	275	149	1	1.0	NA,0.009,NA,NA,NA	NA,NA,NA,NA,0.024,NA,NA,NA,NA,NA,0.009,NA,NA,NA,0.0,0.012	-0.002
7388	0,184,0,0,0	0,0,0,0,0	0,0,0,0,540,0,0,2,0,0,191,0,0,0,256,114	0,0,0,0,0,0,0,0,0,0,3,0,0,0,0,0	298	149	1	1.0	NA,1.0,NA,NA,NA	NA,NA,NA,NA,1.0,NA,NA,1.0,NA,NA,0.97,NA,NA,NA,1.0,1.0	0.006
7389	0,188,0,0,0	0,0,0,0,0	0,0,0,0,453,0,0,2,0,0,180,0,0,0,229,124	0,0,0,0,0,0,0,0,0,0,3,0,0,0,0,0	298	149	1	1.0	NA,1.0,NA,NA,NA	NA,NA,NA,NA,1.0,NA,NA,1.0,NA,NA,0.968,NA,NA,NA,1.0,1.0	0.006
7390	0,164,2,0,0	0,0,0,0,0	0,0,0,0,316,0,0,0,0,0,194,0,0,0,193,62	0,0,0,0,0,0,0,0,0,0,0,0,0,0,0,1	298	149	1	1.0	NA,1.0,1.0,NA,NA	NA,NA,NA,NA,1.0,NA,NA,NA,NA,NA,1.0,NA,NA,NA,1.0,0.969	0.008
7394	0,115,0,0,0	0,139,2,0,0	0,0,0,0,376,0,0,0,0,0,175,0,0,0,123,25	0,0,0,0,1314,2,0,6,0,0,1885,0,0,0,1301,166	298	149	1	1.0	NA,0.293,0.0,NA,NA	NA,NA,NA,NA,0.125,0.0,NA,0.0,NA,NA,0.044,NA,NA,NA,0.045,0.07	0.099
7395	0,0,0,0,0	0,3,0,0,0	0,0,0,0,5,0,0,0,0,0,2,0,0,0,0,0	0,0,0,0,80,0,0,0,0,0,68,0,0,0,1,3	298	149	1	1.0	NA,0.0,NA,NA,NA	NA,NA,NA,NA,0.03,NA,NA,NA,NA,NA,0.014,NA,NA,NA,0.0,0.0	-0.011
7396	0,0,0,0,0	0,4,0,0,0	0,0,0,0,2,0,0,0,0,0,0,0,0,0,0,0	0,0,0,0,24,0,0,0,0,0,29,0,0,0,4,6	298	149	1	1.0	NA,0.0,NA,NA,NA	NA,NA,NA,NA,0.04,NA,NA,NA,NA,NA,0.0,NA,NA,NA,0.0,0.0	-0.01
7397	0,11,0,0,0	0,418,0,0,0	0,0,0,0,16,0,0,0,0,0,19,0,0,0,2,0	0,0,0,0,304,0,0,2,0,0,502,0,0,0,69,14	155	149	1	1.0	NA,0.025,NA,NA,NA	NA,NA,NA,NA,0.048,NA,NA,0.0,NA,NA,0.035,NA,NA,NA,0.027,0.0	0.003
7401	0,16,0,0,0	0,231,0,0,0	0,0,0,0,10,0,0,0,0,0,1,0,0,0,11,0	0,0,0,0,102,0,0,0,2,2,15,0,0,0,95,6	161	149	1	1.0	NA,0.06,NA,NA,NA	NA,NA,NA,NA,0.083,NA,NA,NA,0.0,0.0,0.058,NA,NA,NA,0.097,0.0	0.02
7402	0,415,0,0,0	0,8,0,0,0	0,0,0,0,444,0,0,0,0,0,196,0,0,0,0,1	0,0,0,0,0,0,0,0,0,0,7,0,0,0,0,1	298	149	1	1.0	NA,0.963,NA,NA,NA	NA,NA,NA,NA,1.0,NA,NA,NA,NA,NA,0.933,NA,NA,NA,NA,0.333	0.208
7403	0,3632,0,0,8	0,0,0,0,0	0,0,0,0,1400,0,0,0,2,4,4000,0,0,0,1253,39	0,0,0,0,0,0,0,0,0,0,0,0,0,0,2,0	298	149	1	1.0	NA,1.0,NA,NA,1.0	NA,NA,NA,NA,1.0,NA,NA,NA,1.0,1.0,1.0,NA,NA,NA,0.997,1.0	0.001
7405	0,80,0,0,0	0,4,0,0,0	0,0,0,0,508,0,0,0,0,0,32,0,0,0,0,2	0,0,0,0,6,0,0,0,0,0,5,0,0,0,0,0	291	149	1	1.0	NA,0.911,NA,NA,NA	NA,NA,NA,NA,0.977,NA,NA,NA,NA,NA,0.766,NA,NA,NA,NA,1.0	-0.003
7406	0,253,0,0,0	0,8,0,0,0	0,0,0,0,0,0,0,0,0,0,15,0,0,0,0,0	0,0,0,0,0,0,0,0,0,0,0,0,0,0,0,0	197	149	1	1.0	NA,0.96,NA,NA,NA	NA,NA,NA,NA,NA,NA,NA,NA,NA,NA,1.0,NA,NA,NA,NA,NA	-0.04
7407	0,62,0,0,0	0,8,0,0,0	0,0,0,0,0,0,0,0,0,0,5,0,0,0,0,0	0,0,0,0,0,0,0,0,0,0,0,0,0,0,0,0	208	149	1	1.0	NA,0.847,NA,NA,NA	NA,NA,NA,NA,NA,NA,NA,NA,NA,NA,1.0,NA,NA,NA,NA,NA	-0.153
7408	0,3,0,0,0	0,194,0,0,0	0,0,0,0,0,0,0,0,0,0,0,0,0,0,0,0	0,0,0,0,0,0,0,0,0,0,10,0,0,0,0,0	160	149	1	1.0	NA,0.014,NA,NA,NA	NA,NA,NA,NA,NA,NA,NA,NA,NA,NA,0.0,NA,NA,NA,NA,NA	0.014
7409	0,40,0,0,0	0,207,0,0,0	0,0,0,0,40,0,0,0,0,0,29,0,0,0,0,14	0,0,0,0,69,0,0,2,0,0,138,0,0,0,0,14	298	149	1	1.0	NA,0.088,NA,NA,NA	NA,NA,NA,NA,0.225,NA,NA,0.0,NA,NA,0.095,NA,NA,NA,NA,0.333	-0.075
7410	0,17,0,0,0	0,93,0,0,0	0,0,0,0,45,0,0,0,2,0,30,0,0,0,0,8	0,0,0,0,46,0,0,0,0,0,94,0,0,0,0,0	298	149	1	1.0	NA,0.084,NA,NA,NA	NA,NA,NA,NA,0.328,NA,NA,NA,1.0,NA,0.138,NA,NA,NA,NA,1.0	-0.533
7412	0,17,0,0,0	0,67,0,0,0	0,0,0,0,36,0,0,0,0,0,8,0,0,0,3,2	0,0,0,0,107,0,0,0,0,0,153,0,0,0,54,11	298	149	1	1.0	NA,0.113,NA,NA,NA	NA,NA,NA,NA,0.144,NA,NA,NA,NA,NA,0.025,NA,NA,NA,0.027,0.083	0.043
7414	0,0,0,0,0	0,46,0,0,0	0,0,0,0,0,0,0,0,0,0,5,0,0,0,0,0	0,0,0,0,73,0,0,0,0,0,75,0,0,0,41,9	164	149	1	1.0	NA,0.0,NA,NA,NA	NA,NA,NA,NA,0.0,NA,NA,NA,NA,NA,0.057,NA,NA,NA,0.0,0.0	-0.014
7415	0,18,0,0,0	0,9,0,0,0	0,0,0,0,31,0,0,0,0,0,64,0,0,0,0,0	0,0,0,0,7,0,0,0,0,0,30,0,0,0,0,0	298	149	1	1.0	NA,0.5,NA,NA,NA	NA,NA,NA,NA,0.689,NA,NA,NA,NA,NA,0.516,NA,NA,NA,NA,NA	-0.103
7416	0,18,0,0,0	0,0,0,0,0	0,0,0,0,31,0,0,0,0,0,61,0,0,0,0,0	0,0,0,0,25,0,0,0,0,0,32,0,0,0,0,0	298	149	1	1.0	NA,1.0,NA,NA,NA	NA,NA,NA,NA,0.383,NA,NA,NA,NA,NA,0.488,NA,NA,NA,NA,NA	0.565
7417	0,11,0,0,0	0,0,0,0,0	0,0,0,0,7,0,0,0,0,0,32,0,0,0,0,0	0,0,0,0,25,0,0,0,0,0,32,0,0,0,0,0	161	149	1	1.0	NA,1.0,NA,NA,NA	NA,NA,NA,NA,0.206,NA,NA,NA,NA,NA,0.481,NA,NA,NA,NA,NA	0.657
7420	0,0,0,0,0	0,20,0,0,0	0,0,0,0,0,0,0,0,0,0,1,0,0,0,0,0	0,0,0,0,106,0,0,0,0,0,101,0,0,0,15,1	217	149	1	1.0	NA,0.0,NA,NA,NA	NA,NA,NA,NA,0.0,NA,NA,NA,NA,NA,0.007,NA,NA,NA,0.0,0.0	-0.002
7421	0,151,0,0,0	0,12,0,0,0	0,0,0,0,259,0,0,0,0,0,477,0,0,0,50,18	0,0,0,0,0,0,0,0,0,2,1,0,0,0,6,0	167	149	1	1.0	NA,0.918,NA,NA,NA	NA,NA,NA,NA,1.0,NA,NA,NA,NA,0.0,0.998,NA,NA,NA,0.881,1.0	0.142
7423	0,8,0,0,0	0,92,0,0,0	0,0,0,0,34,0,0,0,0,0,6,0,0,0,9,0	0,0,0,0,146,0,0,0,0,0,295,0,0,0,41,7	237	149	1	1.0	NA,0.052,NA,NA,NA	NA,NA,NA,NA,0.128,NA,NA,NA,NA,NA,0.013,NA,NA,NA,0.121,0.0	-0.014
7424	0,150,0,0,0	0,0,0,0,0	0,0,0,0,203,0,0,0,0,0,280,0,0,0,21,19	0,0,0,0,0,0,0,0,0,0,0,0,0,0,2,0	298	149	1	1.0	NA,1.0,NA,NA,NA	NA,NA,NA,NA,1.0,NA,NA,NA,NA,NA,1.0,NA,NA,NA,0.84,1.0	0.04
7425	0,12,0,0,0	0,0,0,0,0	0,0,0,0,14,0,0,0,0,0,16,0,0,0,0,2	0,0,0,0,0,0,0,0,0,0,0,0,0,0,0,1	244	149	1	1.0	NA,1.0,NA,NA,NA	NA,NA,NA,NA,1.0,NA,NA,NA,NA,NA,1.0,NA,NA,NA,NA,0.55	0.15
7426	0,0,0,0,0	0,3,0,0,0	0,0,0,0,0,0,0,0,0,0,2,0,0,0,2,0	0,0,0,0,40,0,0,0,0,2,28,0,0,0,15,5	189	149	1	1.0	NA,0.0,NA,NA,NA	NA,NA,NA,NA,0.0,NA,NA,NA,NA,0.0,0.053,NA,NA,NA,0.095,0.0	-0.03
7427	0,2,0,0,0	0,0,0,0,0	0,0,0,0,95,0,0,0,2,2,198,0,0,0,266,30	0,0,0,0,0,0,0,0,0,0,2,0,0,0,9,3	286	149	1	1.0	NA,1.0,NA,NA,NA	NA,NA,NA,NA,1.0,NA,NA,NA,1.0,1.0,0.981,NA,NA,NA,0.939,0.839	0.04
7428	0,24,0,0,0	0,0,0,0,0	0,0,0,0,26,0,0,0,0,2,94,0,0,0,1,10	0,0,0,0,0,0,0,0,0,0,1,0,0,0,0,0	152	149	1	1.0	NA,1.0,NA,NA,NA	NA,NA,NA,NA,1.0,NA,NA,NA,NA,1.0,0.989,NA,NA,NA,1.0,1.0	0.002
7433	0,79,0,0,0	0,850,0,0,0	0,0,0,0,59,0,0,0,0,0,186,0,0,0,86,61	0,0,0,0,834,0,0,1,0,0,1942,0,0,0,327,715	158	149	1	1.0	NA,0.081,NA,NA,NA	NA,NA,NA,NA,0.063,NA,NA,0.0,NA,NA,0.083,NA,NA,NA,0.199,0.074	-0.003
7435	0,27,0,0,0	0,74,0,0,0	0,0,0,0,34,0,0,0,0,0,15,0,0,0,3,0	0,0,0,0,150,0,0,0,0,0,347,0,0,0,22,4	298	149	1	1.0	NA,0.154,NA,NA,NA	NA,NA,NA,NA,0.102,NA,NA,NA,NA,NA,0.021,NA,NA,NA,0.064,0.0	0.107
7436	0,279,0,0,0	0,11,0,0,0	0,0,0,0,414,0,0,2,0,0,705,0,0,0,234,110	0,0,0,0,0,0,0,0,0,0,18,0,0,0,0,4	238	149	1	1.0	NA,0.941,NA,NA,NA	NA,NA,NA,NA,1.0,NA,NA,1.0,NA,NA,0.961,NA,NA,NA,1.0,0.945	-0.04
7438	0,48,0,0,2	0,0,0,0,0	0,0,0,0,196,0,0,0,0,0,539,0,0,0,147,31	0,0,0,0,0,0,0,0,0,0,0,0,0,0,0,3	298	149	1	1.0	NA,1.0,NA,NA,1.0	NA,NA,NA,NA,1.0,NA,NA,NA,NA,NA,1.0,NA,NA,NA,1.0,0.838	0.04
7441	0,11,0,0,0	0,7,0,0,0	0,0,0,0,3,0,0,0,0,0,10,0,0,0,6,8	0,0,0,0,0,0,0,0,0,0,0,0,0,0,1,2	278	149	1	1.0	NA,0.457,NA,NA,NA	NA,NA,NA,NA,1.0,NA,NA,NA,NA,NA,1.0,NA,NA,NA,0.763,0.682	-0.404
7442	0,107,0,0,0	0,6,0,0,0	0,0,0,0,515,0,0,0,0,2,311,0,0,0,106,125	0,0,0,0,0,0,0,0,0,0,0,0,0,0,0,0	298	149	1	1.0	NA,0.899,NA,NA,NA	NA,NA,NA,NA,1.0,NA,NA,NA,NA,1.0,1.0,NA,NA,NA,1.0,1.0	-0.101
7443	0,6,0,0,0	0,481,0,0,0	0,0,0,0,19,0,0,0,0,0,31,0,0,0,1,0	0,0,0,0,246,0,0,0,0,0,855,0,0,0,35,11	296	149	1	1.0	NA,0.006,NA,NA,NA	NA,NA,NA,NA,0.037,NA,NA,NA,NA,NA,0.018,NA,NA,NA,0.014,0.0	-0.011
7444	0,6,0,0,0	0,15,0,0,0	0,0,0,0,19,0,0,0,0,0,13,0,0,0,1,0	0,0,0,0,18,0,0,0,0,0,28,0,0,0,0,0	296	149	1	1.0	NA,0.168,NA,NA,NA	NA,NA,NA,NA,0.347,NA,NA,NA,NA,NA,0.189,NA,NA,NA,1.0,NA	-0.344
7445	0,22,0,0,0	0,105,0,0,0	0,0,0,0,35,0,0,0,0,0,31,0,0,0,0,2	0,0,0,0,123,0,0,0,0,0,432,0,0,0,15,7	160	149	1	1.0	NA,0.163,NA,NA,NA	NA,NA,NA,NA,0.209,NA,NA,NA,NA,NA,0.063,NA,NA,NA,0.0,0.21	0.043
7446	0,68,0,0,0	0,472,0,0,0	0,0,0,0,7,0,0,0,0,0,54,0,0,0,0,7	0,0,0,0,202,0,0,0,0,0,884,0,0,0,36,40	160	149	1	1.0	NA,0.118,NA,NA,NA	NA,NA,NA,NA,0.031,NA,NA,NA,NA,NA,0.054,NA,NA,NA,0.0,0.14	0.062
7450	0,0,5,0,0	0,0,0,0,0	0,0,0,0,36,0,0,0,0,0,36,0,0,0,102,7	0,0,0,0,13,0,0,0,0,0,3,0,0,0,14,1	171	149	1	1.0	NA,NA,1.0,NA,NA	NA,NA,NA,NA,0.707,NA,NA,NA,NA,NA,0.913,NA,NA,NA,0.864,0.859	0.164
7452	0,2,0,0,0	0,0,0,0,0	0,0,0,0,0,0,0,0,0,0,33,0,0,0,68,6	0,0,0,0,87,0,0,0,0,0,120,0,0,0,356,15	152	149	1	1.0	NA,1.0,NA,NA,NA	NA,NA,NA,NA,0.0,NA,NA,NA,NA,NA,0.212,NA,NA,NA,0.158,0.282	0.837
7454	0,0,0,0,0	0,5,0,0,0	0,0,0,0,0,0,0,0,0,0,0,0,0,0,0,1	0,0,0,0,42,0,0,0,0,0,77,0,0,0,52,17	154	149	1	1.0	NA,0.0,NA,NA,NA	NA,NA,NA,NA,0.0,NA,NA,NA,NA,NA,0.0,NA,NA,NA,0.0,0.054	-0.013
7455	0,1,0,0,0	0,21,0,0,0	0,0,0,0,3,0,2,0,0,0,0,0,0,0,0,0	0,0,0,0,11,0,0,0,0,0,0,0,0,0,0,1	161	149	1	1.0	NA,0.042,NA,NA,NA	NA,NA,NA,NA,0.202,NA,1.0,NA,NA,NA,NA,NA,NA,NA,NA,0.0	-0.359
7459	0,20393,12,0,12	0,73,0,0,0	0,0,0,0,42745,0,10,28,14,6,25088,0,0,0,19141,3251	0,0,0,0,83,0,0,0,0,0,77,0,0,0,60,3	196	149	1	1.0	NA,0.995,1.0,NA,1.0	NA,NA,NA,NA,0.997,NA,1.0,1.0,1.0,1.0,0.996,NA,NA,NA,0.996,0.999	-0.0
7460	0,2724,2,0,0	0,72,0,0,0	0,0,0,0,6434,0,2,6,4,4,3426,0,0,0,3465,897	0,0,0,0,141,0,0,1,0,0,134,0,0,0,75,0	169	149	1	1.0	NA,0.971,1.0,NA,NA	NA,NA,NA,NA,0.976,NA,1.0,0.841,1.0,1.0,0.958,NA,NA,NA,0.976,1.0	0.017
7461	0,9397,0,0,2	0,23,0,0,0	0,0,0,0,15039,0,0,8,0,4,10171,0,0,0,6219,548	0,0,0,0,30,0,0,0,0,0,58,0,0,0,0,2	298	149	1	1.0	NA,0.995,NA,NA,1.0	NA,NA,NA,NA,0.996,NA,NA,1.0,NA,1.0,0.989,NA,NA,NA,1.0,0.993	0.001
7462	0,4951,0,0,0	0,3,0,0,0	0,0,0,0,8424,0,6,8,0,8,4690,0,0,0,3343,161	0,0,0,0,0,0,0,0,0,0,1,0,0,0,0,0	216	149	1	1.0	NA,0.999,NA,NA,NA	NA,NA,NA,NA,1.0,NA,1.0,1.0,NA,1.0,1.0,NA,NA,NA,1.0,1.0	-0.001
7463	0,48,0,0,0	0,4,0,0,0	0,0,0,0,17,0,0,0,0,0,34,0,0,0,0,8	0,0,0,0,0,0,0,0,0,0,0,0,0,0,0,0	212	149	1	1.0	NA,0.894,NA,NA,NA	NA,NA,NA,NA,1.0,NA,NA,NA,NA,NA,1.0,NA,NA,NA,NA,1.0	-0.106
7465	0,2,0,0,0	0,5,0,0,0	0,0,0,0,0,0,0,0,0,0,0,0,0,0,3,1	0,0,0,0,128,0,0,0,0,0,25,0,0,0,147,0	298	149	1	1.0	NA,0.167,NA,NA,NA	NA,NA,NA,NA,0.0,NA,NA,NA,NA,NA,0.0,NA,NA,NA,0.01,1.0	-0.085
7466	0,3,0,0,0	0,46,0,0,2	0,0,0,0,0,0,0,0,0,0,7,0,0,0,0,1	0,0,0,0,37,0,0,0,2,0,50,0,0,0,12,0	298	149	1	1.0	NA,0.032,NA,NA,0.0	NA,NA,NA,NA,0.0,NA,NA,NA,0.0,NA,0.065,NA,NA,NA,0.0,1.0	-0.197
7467	0,125,0,0,0	0,1,0,0,0	0,0,0,0,14,0,0,0,0,0,121,0,0,0,17,1	0,0,0,0,0,0,0,0,0,0,1,0,0,0,0,0	155	149	1	1.0	NA,0.992,NA,NA,NA	NA,NA,NA,NA,1.0,NA,NA,NA,NA,NA,0.991,NA,NA,NA,1.0,1.0	-0.006
7468	0,8,0,0,0	0,0,0,0,0	0,0,0,0,0,0,0,0,0,0,10,0,0,0,24,0	0,0,0,0,0,0,0,0,0,0,3,0,0,0,0,0	224	149	1	1.0	NA,1.0,NA,NA,NA	NA,NA,NA,NA,NA,NA,NA,NA,NA,NA,0.689,NA,NA,NA,1.0,NA	0.155
7470	0,13,0,0,0	0,0,0,0,0	0,0,0,0,19,2,0,2,2,0,192,0,0,0,534,7	0,0,0,0,0,0,0,0,0,0,3,0,0,0,0,0	153	149	1	1.0	NA,1.0,NA,NA,NA	NA,NA,NA,NA,1.0,1.0,NA,1.0,1.0,NA,0.984,NA,NA,NA,1.0,1.0	0.002
7472	0,0,0,0,0	0,41,0,0,0	0,0,0,0,21,0,0,0,0,0,12,0,0,0,9,0	0,0,0,0,300,0,0,2,0,0,567,0,0,0,629,8	298	149	1	1.0	NA,0.0,NA,NA,NA	NA,NA,NA,NA,0.034,NA,NA,0.0,NA,NA,0.01,NA,NA,NA,0.007,0.0	-0.01
7476	0,1,0,0,0	0,0,0,0,0	0,0,0,0,0,0,0,2,0,0,16,0,0,0,33,7	0,0,0,0,0,0,0,0,0,0,2,0,0,0,0,0	156	149	1	1.0	NA,1.0,NA,NA,NA	NA,NA,NA,NA,NA,NA,NA,1.0,NA,NA,0.884,NA,NA,NA,1.0,1.0	0.029
7477	0,14,0,0,0	0,7,0,0,0	0,0,0,0,18,0,0,0,0,0,11,0,0,0,14,0	0,0,0,0,0,0,0,0,0,0,2,0,0,0,0,0	208	149	1	1.0	NA,0.589,NA,NA,NA	NA,NA,NA,NA,1.0,NA,NA,NA,NA,NA,0.798,NA,NA,NA,1.0,NA	-0.344
7478	0,8,0,0,0	0,0,0,0,0	0,0,0,0,9,0,0,0,0,0,17,0,0,0,17,1	0,0,0,0,0,0,0,0,0,0,4,0,0,0,0,0	208	149	1	1.0	NA,1.0,NA,NA,NA	NA,NA,NA,NA,1.0,NA,NA,NA,NA,NA,0.753,NA,NA,NA,1.0,1.0	0.062
7479	0,154,0,0,0	0,3,0,0,0	0,0,0,0,317,0,0,2,0,0,280,0,0,0,368,13	0,0,0,0,18,0,0,0,0,0,1,0,0,0,10,0	252	149	1	1.0	NA,0.968,NA,NA,NA	NA,NA,NA,NA,0.912,NA,NA,1.0,NA,NA,0.994,NA,NA,NA,0.956,1.0	-0.004
7480	0,159,0,0,0	0,29,0,0,0	0,0,0,0,284,0,0,2,0,0,653,0,0,0,592,8	0,0,0,0,23,0,0,0,0,0,45,0,0,0,13,0	171	149	1	1.0	NA,0.827,NA,NA,NA	NA,NA,NA,NA,0.915,NA,NA,1.0,NA,NA,0.927,NA,NA,NA,0.975,1.0	-0.136
7483	0,6,0,0,0	0,0,0,0,0	0,0,0,0,103,0,0,0,0,0,20,0,0,0,18,3	0,0,0,0,15,0,0,0,0,0,21,0,0,0,0,0	195	149	1	1.0	NA,1.0,NA,NA,NA	NA,NA,NA,NA,0.84,NA,NA,NA,NA,NA,0.421,NA,NA,NA,1.0,1.0	0.185
7486	0,514,0,0,0	0,5,0,0,0	0,0,0,0,330,0,0,0,0,0,696,0,0,0,20,103	0,0,0,0,0,0,0,0,0,0,0,0,0,0,0,0	298	149	1	1.0	NA,0.981,NA,NA,NA	NA,NA,NA,NA,1.0,NA,NA,NA,NA,NA,1.0,NA,NA,NA,1.0,1.0	-0.019
7501	0,0,0,0,0	0,13,2,0,0	0,0,0,0,0,0,0,0,0,0,0,0,0,0,4,0	0,0,0,0,191,0,0,0,0,0,52,0,0,0,55,0	298	149	1	1.0	NA,0.0,0.0,NA,NA	NA,NA,NA,NA,0.0,NA,NA,NA,NA,NA,0.0,NA,NA,NA,0.035,NA	-0.012
7505	0,0,0,0,0	0,1,0,0,0	0,0,0,0,1,0,0,0,0,0,0,0,0,0,0,0	0,0,0,0,79,0,0,0,0,0,65,0,0,0,51,9	159	149	1	1.0	NA,0.0,NA,NA,NA	NA,NA,NA,NA,0.012,NA,NA,NA,NA,NA,0.0,NA,NA,NA,0.0,0.0	-0.003
7515	0,0,0,0,0	0,326,0,0,4	0,0,0,0,0,0,0,0,0,0,0,0,0,0,2,0	0,0,0,0,1462,0,2,0,0,0,1090,0,0,0,1179,167	231	149	1	1.0	NA,0.0,NA,NA,0.0	NA,NA,NA,NA,0.0,NA,0.0,NA,NA,NA,0.0,NA,NA,NA,0.001,0.0	-0.0
7521	0,2,0,0,0	0,178,0,0,0	0,0,0,0,4,2,0,0,0,0,13,0,0,0,0,4	0,0,0,0,726,0,0,0,0,0,1469,0,0,0,561,105	213	149	1	1.0	NA,0.008,NA,NA,NA	NA,NA,NA,NA,0.004,1.0,NA,NA,NA,NA,0.006,NA,NA,NA,0.0,0.026	-0.199
7523	0,89,0,0,6	0,0,0,0,0	0,0,0,0,91,0,0,0,0,0,374,0,0,0,415,68	0,0,0,0,18,0,0,0,0,0,0,0,0,0,0,0	169	149	1	1.0	NA,1.0,NA,NA,1.0	NA,NA,NA,NA,0.817,NA,NA,NA,NA,NA,1.0,NA,NA,NA,1.0,1.0	0.046
7525	0,6,0,0,0	0,0,0,0,0	0,0,0,0,39,0,0,0,0,0,23,0,0,0,20,4	0,0,0,0,5,0,0,0,0,0,0,0,0,0,0,0	171	149	1	1.0	NA,1.0,NA,NA,NA	NA,NA,NA,NA,0.872,NA,NA,NA,NA,NA,1.0,NA,NA,NA,1.0,1.0	0.032
7526	0,37,0,0,0	0,7,0,0,0	0,0,0,0,152,0,0,0,3,0,568,0,0,0,276,242	0,0,0,0,14,0,0,0,0,0,21,0,0,0,171,90	157	149	1	1.0	NA,0.834,NA,NA,NA	NA,NA,NA,NA,0.912,NA,NA,NA,1.0,NA,0.963,NA,NA,NA,0.605,0.718	-0.006
7528	0,3,0,0,0	0,4,0,0,0	0,0,0,0,0,0,0,0,0,0,4,0,0,0,2,0	0,0,0,0,0,0,0,0,0,0,0,0,0,0,0,0	261	149	1	1.0	NA,0.3,NA,NA,NA	NA,NA,NA,NA,NA,NA,NA,NA,NA,NA,1.0,NA,NA,NA,1.0,NA	-0.7
7530	0,4088,0,0,0	0,892,0,0,0	0,0,0,0,0,0,0,0,0,0,34,0,0,0,1,7	0,0,0,0,0,0,0,0,0,0,1,0,0,0,0,4	219	149	1	1.0	NA,0.757,NA,NA,NA	NA,NA,NA,NA,NA,NA,NA,NA,NA,NA,0.959,NA,NA,NA,1.0,0.544	-0.077
7532	0,360,0,0,0	0,892,0,0,0	0,0,0,0,0,0,0,0,0,0,3,0,0,0,0,0	0,0,0,0,0,0,0,0,0,0,1,0,0,0,0,4	155	149	1	1.0	NA,0.28,NA,NA,NA	NA,NA,NA,NA,NA,NA,NA,NA,NA,NA,0.743,NA,NA,NA,NA,0.0	-0.091
7539	0,38,0,0,0	0,0,0,0,0	0,0,0,0,146,0,0,2,0,2,152,0,0,0,10,8	0,0,0,0,0,0,0,0,0,0,6,0,0,0,1,0	298	149	1	1.0	NA,1.0,NA,NA,NA	NA,NA,NA,NA,1.0,NA,NA,1.0,NA,1.0,0.927,NA,NA,NA,0.833,1.0	0.04
7540	0,35,0,0,0	0,0,0,0,0	0,0,0,0,217,0,0,0,0,0,229,0,0,0,52,19	0,0,0,0,0,0,0,0,0,0,0,0,0,0,0,2	172	149	1	1.0	NA,1.0,NA,NA,NA	NA,NA,NA,NA,1.0,NA,NA,NA,NA,NA,1.0,NA,NA,NA,1.0,0.892	0.027
7541	0,72,0,0,0	0,4,0,0,0	0,0,0,0,225,0,0,0,0,0,258,0,0,0,84,37	0,0,0,0,0,0,0,0,0,0,0,0,0,0,0,0	298	149	1	1.0	NA,0.9,NA,NA,NA	NA,NA,NA,NA,1.0,NA,NA,NA,NA,NA,1.0,NA,NA,NA,1.0,1.0	-0.1
7543	0,10,2,0,0	0,0,0,0,0	0,0,0,0,19,0,0,0,0,0,6,0,0,0,18,0	0,0,0,0,0,0,0,0,0,0,10,0,0,0,8,0	187	149	1	1.0	NA,1.0,1.0,NA,NA	NA,NA,NA,NA,1.0,NA,NA,NA,NA,NA,0.323,NA,NA,NA,0.642,NA	0.345
7544	0,3,0,0,0	0,77,0,0,0	0,0,0,0,13,0,0,0,0,0,2,0,0,0,0,0	0,0,0,0,513,0,0,0,2,0,86,0,0,0,16,12	179	149	1	1.0	NA,0.031,NA,NA,NA	NA,NA,NA,NA,0.021,NA,NA,NA,0.0,NA,0.019,NA,NA,NA,0.0,0.0	0.023
7545	0,89,0,0,0	0,0,0,0,0	0,0,0,0,472,0,0,0,0,0,84,0,0,0,41,12	0,0,0,0,29,0,0,0,0,0,3,0,0,0,0,0	182	149	1	1.0	NA,1.0,NA,NA,NA	NA,NA,NA,NA,0.93,NA,NA,NA,NA,NA,0.958,NA,NA,NA,1.0,1.0	0.028
7546	0,7299,0,0,14	0,6,0,0,0	0,0,0,0,14682,2,0,10,2,8,14967,0,0,0,9477,713	0,0,0,0,0,0,0,0,0,0,8,0,0,0,12,0	270	149	1	1.0	NA,0.999,NA,NA,1.0	NA,NA,NA,NA,1.0,1.0,NA,1.0,1.0,1.0,0.999,NA,NA,NA,0.998,1.0	-0.0
7549	0,101,0,0,0	0,42,0,0,0	0,0,0,0,146,0,0,0,0,0,53,0,0,0,98,0	0,0,0,0,93,0,0,0,0,0,40,0,0,0,11,0	177	149	1	1.0	NA,0.669,NA,NA,NA	NA,NA,NA,NA,0.569,NA,NA,NA,NA,NA,0.527,NA,NA,NA,0.882,NA	0.01
7551	0,12,0,0,0	0,814,0,0,0	0,0,0,0,2,0,0,2,0,0,3,0,0,0,0,1	0,0,0,0,25,0,0,2,0,0,283,0,0,0,116,5	246	149	1	1.0	NA,0.009,NA,NA,NA	NA,NA,NA,NA,0.046,NA,NA,0.377,NA,NA,0.006,NA,NA,NA,0.0,0.108	-0.098
7552	0,4,0,0,0	0,814,0,0,0	0,0,0,0,0,0,0,0,0,0,0,0,0,0,0,0	0,0,0,0,25,0,0,2,0,0,283,0,0,0,116,5	181	149	1	1.0	NA,0.004,NA,NA,NA	NA,NA,NA,NA,0.0,NA,NA,0.0,NA,NA,0.0,NA,NA,NA,0.0,0.0	0.004
7553	0,284,0,0,0	0,15,0,0,0	0,0,0,0,98,0,0,0,0,0,137,0,0,0,80,9	0,0,0,0,32,0,0,0,0,0,0,0,0,0,0,0	298	149	1	1.0	NA,0.904,NA,NA,NA	NA,NA,NA,NA,0.605,NA,NA,NA,NA,NA,1.0,NA,NA,NA,1.0,1.0	0.003
7554	0,569,0,0,2	0,6,0,0,0	0,0,0,0,120,0,0,0,0,0,462,0,0,0,513,35	0,0,0,0,0,0,0,0,0,0,0,0,0,0,0,0	298	149	1	1.0	NA,0.979,NA,NA,1.0	NA,NA,NA,NA,1.0,NA,NA,NA,NA,NA,1.0,NA,NA,NA,1.0,1.0	-0.01
7560	0,44,6,0,0	0,0,0,0,0	0,0,0,0,475,0,0,2,0,0,273,0,0,0,626,37	0,0,0,0,0,0,0,0,0,0,6,0,0,0,4,0	182	149	1	1.0	NA,1.0,1.0,NA,NA	NA,NA,NA,NA,1.0,NA,NA,1.0,NA,NA,0.974,NA,NA,NA,0.992,1.0	0.007
7564	0,12,0,0,0	0,452,0,0,0	0,0,0,0,25,0,0,0,0,0,10,0,0,0,6,0	0,0,0,0,338,0,0,1,0,0,313,0,0,0,42,11	247	149	1	1.0	NA,0.016,NA,NA,NA	NA,NA,NA,NA,0.043,NA,NA,0.0,NA,NA,0.019,NA,NA,NA,0.079,0.0	-0.012
7565	0,73,2,0,2	0,0,0,0,0	0,0,0,0,507,0,0,0,0,2,719,0,0,0,226,118	0,0,0,0,2,0,0,0,0,0,8,0,0,0,0,0	153	149	1	1.0	NA,1.0,1.0,NA,1.0	NA,NA,NA,NA,0.996,NA,NA,NA,NA,1.0,0.989,NA,NA,NA,1.0,1.0	0.003
7566	0,189,0,0,6	0,0,0,0,0	0,0,0,0,1129,4,0,1,0,2,1460,0,0,0,443,181	0,0,0,0,0,0,0,0,0,0,1,0,0,0,0,0	298	149	1	1.0	NA,1.0,NA,NA,1.0	NA,NA,NA,NA,1.0,1.0,NA,1.0,NA,1.0,0.999,NA,NA,NA,1.0,1.0	0.0
7570	0,35,0,0,0	0,16,0,0,0	0,0,0,0,134,0,0,0,0,0,59,0,0,0,86,1	0,0,0,0,98,0,0,0,0,0,82,0,0,0,12,0	246	149	1	1.0	NA,0.57,NA,NA,NA	NA,NA,NA,NA,0.453,NA,NA,NA,NA,NA,0.304,NA,NA,NA,0.813,1.0	-0.073
7571	0,0,0,0,0	0,16,0,0,0	0,0,0,0,1,0,0,0,0,0,2,0,0,0,0,0	0,0,0,0,98,0,0,0,0,0,82,0,0,0,12,0	153	149	1	1.0	NA,0.0,NA,NA,NA	NA,NA,NA,NA,0.01,NA,NA,NA,NA,NA,0.023,NA,NA,NA,0.0,NA	-0.011
7572	0,22,0,0,0	0,0,0,0,0	0,0,0,0,82,0,0,0,0,0,53,0,0,0,72,0	0,0,0,0,0,0,0,0,0,0,6,0,0,0,0,0	246	149	1	1.0	NA,1.0,NA,NA,NA	NA,NA,NA,NA,1.0,NA,NA,NA,NA,NA,0.843,NA,NA,NA,1.0,NA	0.052
7575	0,109,0,0,0	0,0,0,0,0	0,0,0,0,815,4,0,6,0,2,1001,0,0,0,1338,54	0,0,0,0,0,0,0,0,0,0,15,0,0,0,0,0	195	149	1	1.0	NA,1.0,NA,NA,NA	NA,NA,NA,NA,1.0,1.0,NA,1.0,NA,1.0,0.981,NA,NA,NA,1.0,1.0	0.003
7580	0,168,0,0,0	0,80,0,0,0	0,0,0,0,237,0,0,0,0,0,261,0,0,0,124,34	0,0,0,0,79,0,0,2,0,0,156,0,0,0,59,13	227	149	1	1.0	NA,0.58,NA,NA,NA	NA,NA,NA,NA,0.663,NA,NA,0.0,NA,NA,0.523,NA,NA,NA,0.58,0.632	0.1
7589	0,200,0,0,2	0,0,0,0,0	0,0,0,0,2262,0,0,0,0,0,2676,0,0,0,276,484	0,0,0,0,0,0,0,0,0,0,7,0,0,0,0,1	194	149	1	1.0	NA,1.0,NA,NA,1.0	NA,NA,NA,NA,1.0,NA,NA,NA,NA,NA,0.997,NA,NA,NA,1.0,0.997	0.002
7590	0,0,0,0,0	0,75,2,0,6	0,0,0,0,0,0,0,0,0,0,6,0,0,0,0,0	0,0,0,0,1325,2,0,8,0,2,1479,0,0,0,1636,204	164	149	1	1.0	NA,0.0,0.0,NA,0.0	NA,NA,NA,NA,0.0,0.0,NA,0.0,NA,0.0,0.004,NA,NA,NA,0.0,0.0	-0.001
7591	0,55,0,0,0	0,0,0,0,0	0,0,0,0,52,0,0,0,0,0,59,0,0,0,77,5	0,0,0,0,0,0,0,0,0,0,2,0,0,0,0,1	298	149	1	1.0	NA,1.0,NA,NA,NA	NA,NA,NA,NA,1.0,NA,NA,NA,NA,NA,0.937,NA,NA,NA,1.0,0.714	0.087
7592	0,1,0,0,0	0,0,0,0,0	0,0,0,0,0,0,0,2,0,0,3,0,0,0,4,0	0,0,0,0,0,0,0,0,0,0,10,0,0,0,1,0	178	149	1	1.0	NA,1.0,NA,NA,NA	NA,NA,NA,NA,NA,NA,NA,1.0,NA,NA,0.201,NA,NA,NA,0.77,NA	0.343
7594	0,4,0,0,0	0,93,0,0,0	0,0,0,0,0,0,0,0,0,0,2,0,0,0,0,0	0,0,0,0,141,0,0,1,0,0,270,0,0,0,144,55	151	149	1	1.0	NA,0.041,NA,NA,NA	NA,NA,NA,NA,0.0,NA,NA,0.0,NA,NA,0.007,NA,NA,NA,0.0,0.0	0.04
7595	0,24,0,0,0	0,0,0,0,0	0,0,0,0,26,0,0,0,0,0,29,0,0,0,13,1	0,0,0,0,0,0,0,0,0,0,9,0,0,0,0,0	164	149	1	1.0	NA,1.0,NA,NA,NA	NA,NA,NA,NA,1.0,NA,NA,NA,NA,NA,0.745,NA,NA,NA,1.0,1.0	0.064
7596	0,113,0,0,0	0,0,0,0,0	0,0,0,0,167,0,0,1,0,0,297,0,0,0,157,56	0,0,0,0,0,0,0,0,0,0,9,0,0,0,0,0	162	149	1	1.0	NA,1.0,NA,NA,NA	NA,NA,NA,NA,1.0,NA,NA,1.0,NA,NA,0.968,NA,NA,NA,1.0,1.0	0.006
7597	0,0,0,0,0	0,43,0,0,0	0,0,0,0,9,0,0,0,0,0,15,0,0,0,0,0	0,0,0,0,179,0,0,1,0,2,270,0,0,0,145,28	152	149	1	1.0	NA,0.0,NA,NA,NA	NA,NA,NA,NA,0.047,NA,NA,0.0,NA,0.0,0.052,NA,NA,NA,0.0,0.0	-0.017
7598	0,50,0,0,0	0,0,0,0,0	0,0,0,0,176,2,0,0,0,0,217,0,0,0,376,41	0,0,0,0,0,0,0,0,0,0,9,0,0,0,0,0	298	149	1	1.0	NA,1.0,NA,NA,NA	NA,NA,NA,NA,1.0,1.0,NA,NA,NA,NA,0.923,NA,NA,NA,1.0,1.0	0.015
7600	0,13,0,0,0	0,0,0,0,0	0,0,0,0,199,2,4,0,0,0,375,0,0,0,411,20	0,0,0,0,0,0,0,0,0,0,4,0,0,0,0,0	191	149	1	1.0	NA,1.0,NA,NA,NA	NA,NA,NA,NA,1.0,1.0,1.0,NA,NA,NA,0.987,NA,NA,NA,1.0,1.0	0.002
7603	0,0,0,0,0	0,30,0,0,0	0,0,0,0,0,0,0,0,0,0,0,0,0,0,0,1	0,0,0,0,185,0,0,0,0,0,198,0,0,0,120,30	298	149	1	1.0	NA,0.0,NA,NA,NA	NA,NA,NA,NA,0.0,NA,NA,NA,NA,NA,0.0,NA,NA,NA,0.0,0.016	-0.004
7604	0,0,0,0,0	0,30,0,0,0	0,0,0,0,0,0,0,0,0,0,0,0,0,0,0,1	0,0,0,0,185,0,0,0,0,0,198,0,0,0,120,30	298	149	1	1.0	NA,0.0,NA,NA,NA	NA,NA,NA,NA,0.0,NA,NA,NA,NA,NA,0.0,NA,NA,NA,0.0,0.016	-0.004
7605	0,245,8,0,0	0,0,0,0,0	0,0,0,0,621,8,12,40,0,4,5476,0,0,0,3213,115	0,0,0,0,0,2,0,0,0,0,20,0,0,0,21,0	298	149	1	1.0	NA,1.0,1.0,NA,NA	NA,NA,NA,NA,1.0,0.667,1.0,1.0,NA,1.0,0.993,NA,NA,NA,0.987,1.0	0.044
7608	0,71,0,0,0	0,3,0,0,0	0,0,0,0,178,0,0,2,0,0,156,0,0,0,166,40	0,0,0,0,0,0,0,0,0,0,6,0,0,0,14,0	251	149	1	1.0	NA,0.934,NA,NA,NA	NA,NA,NA,NA,1.0,NA,NA,1.0,NA,NA,0.939,NA,NA,NA,0.876,1.0	-0.029
7609	0,44,0,0,0	0,2,0,0,0	0,0,0,0,238,0,0,0,0,0,131,0,0,0,201,36	0,0,0,0,0,0,0,0,0,0,1,0,0,0,0,0	298	149	1	1.0	NA,0.917,NA,NA,NA	NA,NA,NA,NA,1.0,NA,NA,NA,NA,NA,0.985,NA,NA,NA,1.0,1.0	-0.079
7610	0,4,0,0,0	0,2,0,0,0	0,0,0,0,0,0,0,0,0,0,0,0,0,0,0,0	0,0,0,0,60,0,0,0,0,0,172,0,0,0,18,0	158	149	1	1.0	NA,0.654,NA,NA,NA	NA,NA,NA,NA,0.0,NA,NA,NA,NA,NA,0.0,NA,NA,NA,0.0,NA	0.654
7611	0,0,0,0,0	0,8,0,0,0	0,0,0,0,0,0,0,0,0,0,2,0,0,0,0,0	0,0,0,0,34,0,0,0,0,0,64,0,0,0,45,0	298	149	1	1.0	NA,0.0,NA,NA,NA	NA,NA,NA,NA,0.0,NA,NA,NA,NA,NA,0.015,NA,NA,NA,0.0,NA	-0.005
7613	0,18,0,0,0	0,23,0,0,0	0,0,0,0,76,0,0,0,0,0,95,0,0,0,69,6	0,0,0,0,85,0,0,0,0,0,166,0,0,0,102,32	161	149	1	1.0	NA,0.42,NA,NA,NA	NA,NA,NA,NA,0.453,NA,NA,NA,NA,NA,0.346,NA,NA,NA,0.385,0.148	0.087
7617	0,21,0,0,2	0,362,0,0,0	0,0,0,0,1,0,0,0,0,0,22,0,0,0,3,0	0,0,0,0,285,0,0,0,0,0,758,0,0,0,229,13	155	149	1	1.0	NA,0.053,NA,NA,1.0	NA,NA,NA,NA,0.003,NA,NA,NA,NA,NA,0.027,NA,NA,NA,0.012,0.0	0.516
7618	0,15,0,0,0	0,0,0,0,0	0,0,0,0,58,0,0,0,0,0,20,0,0,0,0,2	0,0,0,0,0,0,0,0,0,0,1,0,0,0,2,0	188	149	1	1.0	NA,1.0,NA,NA,NA	NA,NA,NA,NA,1.0,NA,NA,NA,NA,NA,0.941,NA,NA,NA,0.0,1.0	0.265
7619	0,2,0,0,0	0,0,4,0,0	0,0,0,0,35,2,0,2,0,0,16,0,0,0,181,21	0,0,0,0,0,0,0,0,0,0,6,0,0,0,12,0	298	149	1	1.0	NA,1.0,0.0,NA,NA	NA,NA,NA,NA,1.0,1.0,NA,1.0,NA,NA,0.571,NA,NA,NA,0.883,1.0	-0.409
7621	0,4,0,0,0	0,33,0,0,0	0,0,0,0,0,0,0,0,0,0,0,0,0,0,8,16	0,0,0,0,55,0,0,0,0,4,110,0,0,0,65,57	166	149	1	1.0	NA,0.098,NA,NA,NA	NA,NA,NA,NA,0.0,NA,NA,NA,NA,0.0,0.0,NA,NA,NA,0.099,0.201	0.038
7622	0,40,0,0,0	0,2,0,0,0	0,0,0,0,179,0,0,0,2,0,450,0,0,0,108,48	0,0,0,0,0,0,0,0,0,0,8,0,0,0,16,3	298	149	1	1.0	NA,0.909,NA,NA,NA	NA,NA,NA,NA,1.0,NA,NA,NA,1.0,NA,0.966,NA,NA,NA,0.771,0.889	-0.016
7626	0,0,0,0,0	0,2,0,0,0	0,0,0,0,52,0,0,0,0,0,5,0,0,0,36,4	0,0,0,0,74,0,0,0,2,0,35,0,0,0,44,9	179	149	1	1.0	NA,0.0,NA,NA,NA	NA,NA,NA,NA,0.369,NA,NA,NA,0.0,NA,0.106,NA,NA,NA,0.405,0.27	-0.23
7627	0,2,0,0,0	0,0,0,0,0	0,0,0,0,86,0,0,0,0,0,33,0,0,0,57,4	0,0,0,0,13,0,0,0,0,0,8,0,0,0,12,2	230	149	1	1.0	NA,1.0,NA,NA,NA	NA,NA,NA,NA,0.811,NA,NA,NA,NA,NA,0.728,NA,NA,NA,0.755,0.564	0.285
7628	0,4,0,0,0	0,0,0,0,0	0,0,0,0,108,0,0,0,2,0,63,0,0,0,65,9	0,0,0,0,13,0,0,0,0,0,8,0,0,0,12,2	200	149	1	1.0	NA,1.0,NA,NA,NA	NA,NA,NA,NA,0.861,NA,NA,NA,1.0,NA,0.854,NA,NA,NA,0.801,0.77	0.143
7629	0,0,2,0,0	0,0,0,0,0	0,0,0,0,126,0,4,0,0,0,18,0,0,0,69,13	0,0,0,0,37,0,0,0,0,0,16,0,0,0,14,4	298	149	1	1.0	NA,NA,1.0,NA,NA	NA,NA,NA,NA,0.63,NA,1.0,NA,NA,NA,0.36,NA,NA,NA,0.711,0.619	0.336
7631	0,3030,2,0,2	0,55,0,0,0	0,0,0,0,6039,4,0,4,0,4,6911,0,0,0,4014,51	0,0,0,0,100,0,0,0,0,2,57,0,0,0,44,5	153	149	1	1.0	NA,0.982,1.0,NA,1.0	NA,NA,NA,NA,0.983,1.0,NA,1.0,NA,0.661,0.992,NA,NA,NA,0.989,0.909	0.061
7633	0,1,0,0,0	0,0,0,0,0	0,0,0,0,20,0,0,0,0,0,0,0,0,0,6,6	0,0,0,0,0,0,0,0,0,0,0,0,0,0,0,1	170	149	1	1.0	NA,1.0,NA,NA,NA	NA,NA,NA,NA,1.0,NA,NA,NA,NA,NA,NA,NA,NA,NA,1.0,0.84	0.053
7634	0,32,0,0,0	0,3,0,0,0	0,0,0,0,6,0,0,0,0,0,6,0,0,0,36,3	0,0,0,0,8,0,0,0,0,0,11,0,0,0,19,2	223	149	1	1.0	NA,0.877,NA,NA,NA	NA,NA,NA,NA,0.334,NA,NA,NA,NA,NA,0.267,NA,NA,NA,0.559,0.501	0.462
7635	0,60,0,0,0	0,5,0,0,0	0,0,0,0,23,0,0,0,0,0,6,0,0,0,36,17	0,0,0,0,0,0,0,0,0,0,17,0,0,0,29,5	257	149	1	1.0	NA,0.874,NA,NA,NA	NA,NA,NA,NA,1.0,NA,NA,NA,NA,NA,0.17,NA,NA,NA,0.419,0.663	0.311
7636	0,31,0,0,0	0,5,0,0,0	0,0,0,0,25,0,0,0,0,0,11,0,0,0,19,16	0,0,0,0,0,0,0,0,0,0,17,0,0,0,29,5	183	149	1	1.0	NA,0.835,NA,NA,NA	NA,NA,NA,NA,1.0,NA,NA,NA,NA,NA,0.345,NA,NA,NA,0.348,0.723	0.231
7637	0,9,0,0,0	0,4,0,0,0	0,0,0,0,17,0,0,0,0,0,191,0,0,0,129,28	0,0,0,0,8,0,0,0,0,0,8,0,0,0,12,4	153	149	1	1.0	NA,0.687,NA,NA,NA	NA,NA,NA,NA,0.674,NA,NA,NA,NA,NA,0.959,NA,NA,NA,0.913,0.872	-0.167
7639	0,3,0,0,0	0,1,0,0,0	0,0,0,0,0,0,0,0,0,0,17,0,0,0,1,1	0,0,0,0,18,0,0,0,0,0,121,0,0,0,13,6	191	149	1	1.0	NA,0.701,NA,NA,NA	NA,NA,NA,NA,0.0,NA,NA,NA,NA,NA,0.099,NA,NA,NA,0.057,0.115	0.633
7642	0,0,0,0,0	0,292,0,0,0	0,0,0,0,13,0,0,0,0,0,3,0,0,0,1,0	0,0,0,0,193,0,0,0,0,0,291,0,0,0,35,17	179	149	1	1.0	NA,0.0,NA,NA,NA	NA,NA,NA,NA,0.053,NA,NA,NA,NA,NA,0.009,NA,NA,NA,0.023,0.0	-0.021
7643	0,3,0,0,0	0,14,0,0,0	0,0,0,0,19,0,0,0,0,0,35,0,0,0,37,11	0,0,0,0,56,0,0,0,0,0,103,0,0,0,48,4	298	149	1	1.0	NA,0.097,NA,NA,NA	NA,NA,NA,NA,0.145,NA,NA,NA,NA,NA,0.145,NA,NA,NA,0.278,0.579	-0.19
7645	0,0,0,0,0	0,123,6,0,4	0,0,0,0,0,0,0,0,0,0,0,0,0,0,1,0	0,0,0,0,1365,4,2,1,0,0,1845,0,0,0,2536,146	158	149	1	1.0	NA,0.0,0.0,NA,0.0	NA,NA,NA,NA,0.0,0.0,0.0,0.0,NA,NA,0.0,NA,NA,NA,0.0,0.0	0.0
7646	0,0,0,0,0	0,123,6,0,4	0,0,0,0,0,0,0,0,0,0,4,0,0,0,0,0	0,0,0,0,1365,4,2,1,0,0,1845,0,0,0,2536,146	153	149	1	1.0	NA,0.0,0.0,NA,0.0	NA,NA,NA,NA,0.0,0.0,0.0,0.0,NA,NA,0.002,NA,NA,NA,0.0,0.0	-0.0
7649	0,22,0,0,0	0,5,0,0,0	0,0,0,0,8,0,0,0,0,0,13,0,0,0,11,0	0,0,0,0,0,0,0,0,0,0,0,0,0,0,0,0	152	149	1	1.0	NA,0.812,NA,NA,NA	NA,NA,NA,NA,1.0,NA,NA,NA,NA,NA,1.0,NA,NA,NA,1.0,NA	-0.188
7650	0,28,0,0,0	0,19,0,0,0	0,0,0,0,47,0,0,0,0,0,122,0,0,0,159,4	0,0,0,0,76,2,0,0,0,0,17,0,0,0,23,5	152	149	1	1.0	NA,0.591,NA,NA,NA	NA,NA,NA,NA,0.377,0.0,NA,NA,NA,NA,0.876,NA,NA,NA,0.871,0.44	0.078
7651	0,65,0,0,0	0,35,0,0,0	0,0,0,0,122,0,0,0,0,0,194,0,0,0,334,12	0,0,0,0,0,0,0,0,0,0,36,0,0,0,31,3	239	149	1	1.0	NA,0.537,NA,NA,NA	NA,NA,NA,NA,1.0,NA,NA,NA,NA,NA,0.771,NA,NA,NA,0.87,0.714	-0.302
7652	0,56,0,0,0	0,35,0,0,0	0,0,0,0,151,2,0,0,0,0,89,0,0,0,198,13	0,0,0,0,0,0,0,0,0,0,36,0,0,0,31,3	236	149	1	1.0	NA,0.503,NA,NA,NA	NA,NA,NA,NA,1.0,1.0,NA,NA,NA,NA,0.61,NA,NA,NA,0.801,0.732	-0.326
7653	0,14,0,0,0	0,60,0,0,0	0,0,0,0,42,0,2,0,0,0,56,0,0,0,59,2	0,0,0,0,92,0,0,0,0,0,165,0,0,0,196,20	158	149	1	1.0	NA,0.18,NA,NA,NA	NA,NA,NA,NA,0.301,NA,1.0,NA,NA,NA,0.242,NA,NA,NA,0.221,0.086	-0.19
7654	0,7,0,0,0	0,2,0,0,0	0,0,0,0,19,0,0,0,0,0,17,0,0,0,2,0	0,0,0,0,32,0,0,0,0,0,30,0,0,0,20,1	158	149	1	1.0	NA,0.767,NA,NA,NA	NA,NA,NA,NA,0.359,NA,NA,NA,NA,NA,0.348,NA,NA,NA,0.086,0.0	0.569
7655	0,4,0,0,0	0,2,0,0,0	0,0,0,0,37,0,0,0,0,0,97,0,0,0,5,6	0,0,0,0,24,0,0,0,0,0,71,0,0,0,70,5	298	149	1	1.0	NA,0.5,NA,NA,NA	NA,NA,NA,NA,0.435,NA,NA,NA,NA,NA,0.406,NA,NA,NA,0.034,0.375	0.188
7657	0,164,0,0,0	0,0,0,0,0	0,0,0,0,1104,0,0,0,4,0,179,0,0,0,203,6	0,0,0,0,0,0,0,0,0,0,1,0,0,0,0,0	298	149	1	1.0	NA,1.0,NA,NA,NA	NA,NA,NA,NA,1.0,NA,NA,NA,1.0,NA,0.989,NA,NA,NA,1.0,1.0	0.002
7661	0,7066,20,0,14	0,0,0,0,0	0,0,0,0,11036,18,6,28,10,6,6764,0,0,0,9114,3263	0,0,0,0,0,0,0,0,0,0,2,0,0,0,0,0	158	149	1	1.0	NA,1.0,1.0,NA,1.0	NA,NA,NA,NA,1.0,1.0,1.0,1.0,1.0,1.0,1.0,NA,NA,NA,1.0,1.0	0.0
7662	0,2,0,0,0	0,0,0,0,0	0,0,0,0,5,0,0,0,0,0,11,0,0,0,8,14	0,0,0,0,27,0,0,0,0,0,23,0,0,0,73,17	153	149	1	1.0	NA,1.0,NA,NA,NA	NA,NA,NA,NA,0.153,NA,NA,NA,NA,NA,0.318,NA,NA,NA,0.096,0.445	0.747
7663	0,48,0,0,0	0,4,0,0,0	0,0,0,0,8,0,0,0,0,0,18,0,0,0,0,0	0,0,0,0,0,0,0,0,0,0,1,0,0,0,0,0	153	149	1	1.0	NA,0.921,NA,NA,NA	NA,NA,NA,NA,1.0,NA,NA,NA,NA,NA,0.946,NA,NA,NA,NA,NA	-0.052
7666	0,27,0,0,0	0,48,0,0,0	0,0,0,0,143,0,0,0,0,0,81,0,0,0,93,2	0,0,0,0,138,1,2,0,0,0,175,0,0,0,137,2	155	149	1	1.0	NA,0.351,NA,NA,NA	NA,NA,NA,NA,0.499,0.0,0.0,NA,NA,NA,0.308,NA,NA,NA,0.395,0.49	0.069
7668	0,11,0,0,0	0,0,0,0,0	0,0,0,0,30,0,0,0,0,0,20,0,0,0,10,8	0,0,0,0,5,0,0,0,0,0,1,0,0,0,4,0	298	149	1	1.0	NA,1.0,NA,NA,NA	NA,NA,NA,NA,0.75,NA,NA,NA,NA,NA,0.909,NA,NA,NA,0.556,1.0	0.196
7669	0,727,0,0,0	0,273,0,0,0	0,0,0,0,257,0,0,0,0,0,1179,0,0,0,13,10	0,0,0,0,120,0,0,0,0,0,398,0,0,0,3,1	298	149	1	1.0	NA,0.571,NA,NA,NA	NA,NA,NA,NA,0.517,NA,NA,NA,NA,NA,0.597,NA,NA,NA,0.684,0.833	-0.087
7670	0,8,0,0,0	0,16,2,0,0	0,0,0,0,87,0,0,0,0,0,28,0,0,0,2,12	0,0,0,0,100,0,0,0,0,0,71,0,0,0,30,10	268	149	1	1.0	NA,0.218,0.0,NA,NA	NA,NA,NA,NA,0.326,NA,NA,NA,NA,NA,0.18,NA,NA,NA,0.036,0.4	-0.127
7671	0,21,0,0,0	0,16,2,0,0	0,0,0,0,253,0,0,0,0,0,135,0,0,0,0,1	0,0,0,0,100,0,0,0,0,0,71,0,0,0,30,10	298	149	1	1.0	NA,0.396,0.0,NA,NA	NA,NA,NA,NA,0.558,NA,NA,NA,NA,NA,0.487,NA,NA,NA,0.0,0.048	-0.075
7672	0,18,0,0,0	0,0,0,0,0	0,0,0,0,208,0,0,0,0,0,121,0,0,0,0,0	0,0,0,0,12,0,0,0,0,0,5,0,0,0,2,11	200	149	1	1.0	NA,1.0,NA,NA,NA	NA,NA,NA,NA,0.928,NA,NA,NA,NA,NA,0.947,NA,NA,NA,0.0,0.0	0.531
7674	0,1960,2,0,0	0,43,0,0,0	0,0,0,0,1438,2,0,2,0,0,1744,0,0,0,866,170	0,0,0,0,46,0,0,0,0,0,27,0,0,0,21,0	192	149	1	1.0	NA,0.973,1.0,NA,NA	NA,NA,NA,NA,0.96,1.0,NA,1.0,NA,NA,0.98,NA,NA,NA,0.97,1.0	0.001
7675	0,1004,0,0,0	0,0,0,0,0	0,0,0,0,675,0,0,0,0,0,1154,0,0,0,284,90	0,0,0,0,11,0,0,0,0,0,0,0,0,0,0,0	298	149	1	1.0	NA,1.0,NA,NA,NA	NA,NA,NA,NA,0.968,NA,NA,NA,NA,NA,1.0,NA,NA,NA,1.0,1.0	0.008
7676	0,5,0,0,0	0,693,0,0,0	0,0,0,0,51,0,0,0,0,0,14,0,0,0,17,8	0,0,0,0,589,0,0,0,0,0,1007,0,0,0,64,171	236	149	1	1.0	NA,0.005,NA,NA,NA	NA,NA,NA,NA,0.052,NA,NA,NA,NA,NA,0.009,NA,NA,NA,0.144,0.029	-0.053
7677	0,481,0,0,4	0,259,0,0,0	0,0,0,0,833,0,0,2,0,0,860,0,0,0,150,43	0,0,0,0,195,0,0,0,0,0,320,0,0,0,59,24	197	149	1	1.0	NA,0.584,NA,NA,1.0	NA,NA,NA,NA,0.764,NA,NA,1.0,NA,NA,0.67,NA,NA,NA,0.658,0.575	0.059
7678	0,168,0,0,0	0,8,0,0,0	0,0,0,0,378,0,0,2,0,0,430,0,0,0,111,14	0,0,0,0,8,0,0,0,0,0,41,0,0,0,4,0	197	149	1	1.0	NA,0.941,NA,NA,NA	NA,NA,NA,NA,0.973,NA,NA,1.0,NA,NA,0.888,NA,NA,NA,0.955,1.0	-0.022
7679	0,595,0,0,0	0,10,0,0,0	0,0,0,0,683,0,0,4,0,0,1162,0,0,0,292,28	0,0,0,0,93,0,0,0,0,0,33,0,0,0,9,4	164	149	1	1.0	NA,0.982,NA,NA,NA	NA,NA,NA,NA,0.87,NA,NA,1.0,NA,NA,0.97,NA,NA,NA,0.967,0.864	0.048
7680	0,25,0,0,0	0,57,0,0,0	0,0,0,0,114,0,0,0,0,0,57,0,0,0,54,33	0,0,0,0,236,0,0,0,0,0,369,0,0,0,292,115	286	149	1	1.0	NA,0.186,NA,NA,NA	NA,NA,NA,NA,0.201,NA,NA,NA,NA,NA,0.074,NA,NA,NA,0.088,0.13	0.063
7682	0,2,0,0,0	0,0,0,0,0	0,0,0,0,23,0,0,0,0,0,21,0,0,0,0,0	0,0,0,0,0,0,0,0,0,0,3,0,0,0,0,0	201	149	1	1.0	NA,1.0,NA,NA,NA	NA,NA,NA,NA,1.0,NA,NA,NA,NA,NA,0.838,NA,NA,NA,NA,NA	0.081
7684	0,17,0,0,0	0,18,0,0,0	0,0,0,0,82,0,0,0,0,0,118,0,0,0,95,3	0,0,0,0,88,0,0,0,0,0,458,0,0,0,920,15	298	149	1	1.0	NA,0.321,NA,NA,NA	NA,NA,NA,NA,0.318,NA,NA,NA,NA,NA,0.114,NA,NA,NA,0.049,0.091	0.178
7685	0,0,0,0,0	0,7,0,0,0	0,0,0,0,0,0,0,0,0,0,0,0,0,0,0,1	0,0,0,0,17,0,0,0,0,0,33,0,0,0,101,25	158	149	1	1.0	NA,0.0,NA,NA,NA	NA,NA,NA,NA,0.0,NA,NA,NA,NA,NA,0.0,NA,NA,NA,0.0,0.036	-0.009
7691	0,129,0,0,0	0,0,0,0,0	0,0,0,0,56,0,0,0,0,0,180,0,0,0,30,131	0,0,0,0,0,0,0,0,0,0,0,0,0,0,0,4	270	149	1	1.0	NA,1.0,NA,NA,NA	NA,NA,NA,NA,1.0,NA,NA,NA,NA,NA,1.0,NA,NA,NA,1.0,0.948	0.013
7692	0,38,0,0,0	0,8,0,0,0	0,0,0,0,64,0,0,0,0,0,32,0,0,0,1,0	0,0,0,0,6,0,0,0,0,0,15,0,0,0,1,0	298	149	1	1.0	NA,0.704,NA,NA,NA	NA,NA,NA,NA,0.842,NA,NA,NA,NA,NA,0.516,NA,NA,NA,0.333,NA	0.14
7693	0,4,0,0,0	0,85,0,0,0	0,0,0,0,22,0,0,0,0,0,6,0,0,0,8,3	0,0,0,0,220,2,3,2,0,0,241,0,0,0,414,60	173	149	1	1.0	NA,0.039,NA,NA,NA	NA,NA,NA,NA,0.079,0.0,0.0,0.0,NA,NA,0.021,NA,NA,NA,0.016,0.041	0.017
7701	0,22,2,0,0	0,0,0,0,0	0,0,0,0,165,0,0,0,0,0,53,0,0,0,40,13	0,0,0,0,13,0,0,0,0,0,45,0,0,0,47,0	173	149	1	1.0	NA,1.0,1.0,NA,NA	NA,NA,NA,NA,0.916,NA,NA,NA,NA,NA,0.504,NA,NA,NA,0.423,1.0	0.289
7702	0,0,0,0,0	0,22,0,0,0	0,0,0,0,0,0,0,0,0,0,0,0,0,0,1,1	0,0,0,0,139,0,0,0,0,0,89,0,0,0,74,7	183	149	1	1.0	NA,0.0,NA,NA,NA	NA,NA,NA,NA,0.0,NA,NA,NA,NA,NA,0.0,NA,NA,NA,0.011,0.104	-0.029
7703	0,4,0,0,0	0,0,0,0,0	0,0,0,0,21,0,0,0,0,0,3,0,0,0,22,0	0,0,0,0,0,0,0,0,0,0,7,0,0,0,0,0	298	149	1	1.0	NA,1.0,NA,NA,NA	NA,NA,NA,NA,1.0,NA,NA,NA,NA,NA,0.176,NA,NA,NA,1.0,NA	0.275
7706	0,3,0,0,0	0,0,0,0,0	0,0,0,0,15,0,0,2,2,0,40,0,0,0,35,10	0,0,0,0,0,0,0,0,0,0,2,0,0,0,8,10	298	149	1	1.0	NA,1.0,NA,NA,NA	NA,NA,NA,NA,1.0,NA,NA,1.0,1.0,NA,0.909,NA,NA,NA,0.686,0.333	0.179
7707	0,3,0,0,0	0,0,0,0,0	0,0,0,0,15,0,0,2,2,0,40,0,0,0,23,11	0,0,0,0,0,0,0,0,0,0,2,0,0,0,8,10	298	149	1	1.0	NA,1.0,NA,NA,NA	NA,NA,NA,NA,1.0,NA,NA,1.0,1.0,NA,0.909,NA,NA,NA,0.59,0.355	0.191
7708	0,8,0,0,0	0,0,0,0,0	0,0,0,0,7,0,0,0,0,0,11,0,0,0,23,19	0,0,0,0,0,0,0,0,0,0,1,0,0,0,19,4	298	149	1	1.0	NA,1.0,NA,NA,NA	NA,NA,NA,NA,1.0,NA,NA,NA,NA,NA,0.846,NA,NA,NA,0.377,0.704	0.268
7709	0,6,0,0,0	0,0,0,0,0	0,0,0,0,0,0,0,0,0,0,18,0,0,0,66,5	0,0,0,0,5,0,0,0,0,0,0,0,0,0,0,0	298	149	1	1.0	NA,1.0,NA,NA,NA	NA,NA,NA,NA,0.0,NA,NA,NA,NA,NA,1.0,NA,NA,NA,1.0,1.0	0.25
7714	0,121,2,0,0	0,23,0,0,0	0,0,0,0,157,0,0,0,0,2,56,0,0,0,77,7	0,0,0,0,8,0,0,0,0,0,24,0,0,0,21,0	153	149	1	1.0	NA,0.837,1.0,NA,NA	NA,NA,NA,NA,0.95,NA,NA,NA,NA,1.0,0.694,NA,NA,NA,0.781,1.0	0.033
7716	0,0,0,0,0	0,1,0,0,0	0,0,0,0,0,0,0,0,0,0,0,0,0,0,3,2	0,0,0,0,0,0,0,0,0,0,5,0,0,0,56,3	162	149	1	1.0	NA,0.0,NA,NA,NA	NA,NA,NA,NA,NA,NA,NA,NA,NA,NA,0.0,NA,NA,NA,0.047,0.38	-0.142
7726	0,4,0,0,0	0,0,0,0,0	0,0,0,0,16,0,0,0,0,0,11,0,0,0,20,35	0,0,0,0,0,0,0,0,0,0,10,0,0,0,4,2	172	149	1	1.0	NA,1.0,NA,NA,NA	NA,NA,NA,NA,1.0,NA,NA,NA,NA,NA,0.488,NA,NA,NA,0.812,0.938	0.191
7728	0,70,0,0,0	0,0,0,0,0	0,0,0,0,168,0,0,0,0,0,176,0,0,0,80,3	0,0,0,0,7,0,0,0,0,0,3,0,0,0,0,0	298	149	1	1.0	NA,1.0,NA,NA,NA	NA,NA,NA,NA,0.923,NA,NA,NA,NA,NA,0.967,NA,NA,NA,1.0,1.0	0.027
7735	0,17,0,0,0	0,3,0,0,0	0,0,0,0,93,2,4,2,0,0,391,0,0,0,625,20	0,0,0,0,21,2,0,0,0,0,73,0,0,0,170,8	155	149	1	1.0	NA,0.845,NA,NA,NA	NA,NA,NA,NA,0.81,0.49,1.0,1.0,NA,NA,0.837,NA,NA,NA,0.779,0.706	0.042
7736	0,112,0,0,0	0,3,0,0,0	0,0,0,0,263,0,0,0,0,0,722,0,0,0,1002,39	0,0,0,0,0,0,0,0,0,0,2,0,0,0,0,0	298	149	1	1.0	NA,0.949,NA,NA,NA	NA,NA,NA,NA,1.0,NA,NA,NA,NA,NA,0.994,NA,NA,NA,1.0,1.0	-0.049
7739	0,22,0,0,0	0,264,0,0,0	0,0,0,0,11,0,0,1,0,0,49,0,0,0,0,1	0,0,0,0,368,0,0,2,0,0,941,0,0,0,2,6	160	149	1	1.0	NA,0.072,NA,NA,NA	NA,NA,NA,NA,0.027,NA,NA,0.318,NA,NA,0.046,NA,NA,NA,0.0,0.134	-0.033
7741	0,117,0,0,2	0,6,0,0,0	0,0,0,0,29,0,0,0,0,0,47,0,0,0,20,7	0,0,0,0,0,0,0,0,0,0,3,0,0,0,8,0	161	149	1	1.0	NA,0.947,NA,NA,1.0	NA,NA,NA,NA,1.0,NA,NA,NA,NA,NA,0.935,NA,NA,NA,0.698,1.0	0.065
7742	0,1,0,0,0	0,0,0,0,0	0,0,0,0,19,0,0,0,0,0,12,0,0,0,17,2	0,0,0,0,0,0,0,0,0,0,4,0,0,0,20,1	153	149	1	1.0	NA,1.0,NA,NA,NA	NA,NA,NA,NA,1.0,NA,NA,NA,NA,NA,0.745,NA,NA,NA,0.453,0.661	0.285
7744	0,292,0,0,0	0,0,0,0,0	0,0,0,0,295,0,0,0,0,0,297,0,0,0,173,6	0,0,0,0,0,0,0,0,0,0,0,0,0,0,4,0	175	149	1	1.0	NA,1.0,NA,NA,NA	NA,NA,NA,NA,1.0,NA,NA,NA,NA,NA,1.0,NA,NA,NA,0.974,1.0	0.006
7745	0,20,0,0,0	0,0,0,0,0	0,0,0,0,71,0,0,0,0,0,211,0,0,0,80,0	0,0,0,0,0,0,0,0,0,0,0,0,0,0,5,0	174	149	1	1.0	NA,1.0,NA,NA,NA	NA,NA,NA,NA,1.0,NA,NA,NA,NA,NA,1.0,NA,NA,NA,0.932,NA	0.023
7746	0,7,0,0,0	0,0,0,0,0	0,0,0,0,20,0,0,0,0,0,39,0,0,0,19,0	0,0,0,0,1,0,0,0,0,0,2,0,0,0,0,0	174	149	1	1.0	NA,1.0,NA,NA,NA	NA,NA,NA,NA,0.945,NA,NA,NA,NA,NA,0.943,NA,NA,NA,1.0,NA	0.037
7749	0,32,0,0,0	0,159,0,0,0	0,0,0,0,8,0,0,0,0,0,0,0,0,0,0,1	0,0,0,0,97,0,0,0,0,0,3,0,0,0,0,0	288	149	1	1.0	NA,0.094,NA,NA,NA	NA,NA,NA,NA,0.041,NA,NA,NA,NA,NA,0.0,NA,NA,NA,NA,1.0	-0.253
7750	0,0,0,0,0	0,28,0,0,0	0,0,0,0,14,0,0,0,0,0,6,0,0,0,3,0	0,0,0,0,65,0,0,0,0,0,0,0,0,0,0,0	298	149	1	1.0	NA,0.0,NA,NA,NA	NA,NA,NA,NA,0.097,NA,NA,NA,NA,NA,1.0,NA,NA,NA,1.0,NA	-0.699
7752	0,0,0,0,0	0,31,0,0,0	0,0,0,0,8,0,0,0,0,0,6,0,0,0,0,0	0,0,0,0,140,0,0,0,0,0,352,0,0,0,113,76	294	149	1	1.0	NA,0.0,NA,NA,NA	NA,NA,NA,NA,0.028,NA,NA,NA,NA,NA,0.009,NA,NA,NA,0.0,0.0	-0.009
7753	0,1,0,0,0	0,2,0,0,0	0,0,0,0,4,0,0,0,0,0,0,0,0,0,8,2	0,0,0,0,13,0,0,0,0,0,6,0,0,0,13,0	220	149	1	1.0	NA,0.253,NA,NA,NA	NA,NA,NA,NA,0.172,NA,NA,NA,NA,NA,0.0,NA,NA,NA,0.294,1.0	-0.113
7754	0,1,0,0,0	0,40,0,0,0	0,0,0,0,4,0,0,0,0,0,0,0,0,0,8,2	0,0,0,0,66,0,0,0,0,0,15,0,0,0,0,1	217	149	1	1.0	NA,0.017,NA,NA,NA	NA,NA,NA,NA,0.04,NA,NA,NA,NA,NA,0.0,NA,NA,NA,1.0,0.579	-0.388
7755	0,1,0,0,0	0,40,0,0,0	0,0,0,0,4,0,0,0,0,0,0,0,0,0,13,2	0,0,0,0,66,0,0,0,0,0,15,0,0,0,0,1	271	149	1	1.0	NA,0.014,NA,NA,NA	NA,NA,NA,NA,0.032,NA,NA,NA,NA,NA,0.0,NA,NA,NA,1.0,0.524	-0.375
7757	0,4,0,0,0	0,6,0,0,0	0,0,0,0,0,0,0,0,0,0,0,0,0,0,0,0	0,0,0,0,0,0,0,0,0,0,1,0,0,0,0,0	153	149	1	1.0	NA,0.394,NA,NA,NA	NA,NA,NA,NA,NA,NA,NA,NA,NA,NA,0.0,NA,NA,NA,NA,NA	0.394
7759	0,96,0,0,0	0,1,0,0,0	0,0,0,0,26,0,0,0,0,0,74,0,0,0,36,4	0,0,0,0,0,0,0,0,0,0,33,0,0,0,0,0	235	149	1	1.0	NA,0.984,NA,NA,NA	NA,NA,NA,NA,1.0,NA,NA,NA,NA,NA,0.587,NA,NA,NA,1.0,1.0	0.087
7760	0,358,0,0,0	0,7,0,0,2	0,0,0,0,335,0,0,0,0,0,853,0,0,0,47,22	0,0,0,0,4,0,0,0,0,0,6,0,0,0,3,0	211	149	1	1.0	NA,0.973,NA,NA,0.0	NA,NA,NA,NA,0.983,NA,NA,NA,NA,NA,0.99,NA,NA,NA,0.917,1.0	-0.486
7761	0,369,0,0,0	0,20,0,0,0	0,0,0,0,312,0,0,0,0,0,855,0,0,0,49,22	0,0,0,0,26,0,0,0,0,0,23,0,0,0,0,0	211	149	1	1.0	NA,0.929,NA,NA,NA	NA,NA,NA,NA,0.894,NA,NA,NA,NA,NA,0.963,NA,NA,NA,1.0,1.0	-0.035
7762	0,7,0,0,0	0,11,0,0,0	0,0,0,0,17,0,0,0,0,0,50,0,0,0,54,1	0,0,0,0,17,0,0,0,0,0,32,0,0,0,17,4	164	149	1	1.0	NA,0.366,NA,NA,NA	NA,NA,NA,NA,0.476,NA,NA,NA,NA,NA,0.587,NA,NA,NA,0.743,0.185	-0.132
7765	0,52,0,0,0	0,43,0,0,0	0,0,0,0,123,0,0,0,0,0,89,0,0,0,4,15	0,0,0,0,17,0,0,0,0,0,49,0,0,0,6,10	155	149	1	1.0	NA,0.538,NA,NA,NA	NA,NA,NA,NA,0.874,NA,NA,NA,NA,NA,0.636,NA,NA,NA,0.391,0.59	-0.085
7767	0,5,0,0,0	0,0,0,0,0	0,0,0,0,71,0,2,2,0,0,110,0,0,0,227,50	0,0,0,0,0,0,0,0,0,0,0,0,0,0,0,2	298	149	1	1.0	NA,1.0,NA,NA,NA	NA,NA,NA,NA,1.0,NA,1.0,1.0,NA,NA,1.0,NA,NA,NA,1.0,0.926	0.012
7770	0,4,0,0,0	0,0,0,0,0	0,0,0,0,83,0,0,0,0,0,142,0,0,0,154,4	0,0,0,0,0,0,0,0,0,0,0,0,0,0,0,2	298	149	1	1.0	NA,1.0,NA,NA,NA	NA,NA,NA,NA,1.0,NA,NA,NA,NA,NA,1.0,NA,NA,NA,1.0,0.5	0.125
7771	0,14,0,0,0	0,0,0,0,0	0,0,0,0,101,0,6,0,0,0,139,0,0,0,337,25	0,0,0,0,0,0,0,0,0,0,0,0,0,0,15,0	185	149	1	1.0	NA,1.0,NA,NA,NA	NA,NA,NA,NA,1.0,NA,1.0,NA,NA,NA,1.0,NA,NA,NA,0.948,1.0	0.01
7774	0,17,0,0,0	0,0,0,0,0	0,0,0,0,120,2,0,0,0,2,169,0,0,0,314,34	0,0,0,0,0,0,0,0,0,0,0,0,0,0,0,1	298	149	1	1.0	NA,1.0,NA,NA,NA	NA,NA,NA,NA,1.0,1.0,NA,NA,NA,1.0,1.0,NA,NA,NA,1.0,0.944	0.009
7778	0,31,0,0,0	0,0,0,0,0	0,0,0,0,143,0,0,2,0,0,287,0,0,0,208,25	0,0,0,0,0,0,0,0,0,0,3,0,0,0,0,0	160	149	1	1.0	NA,1.0,NA,NA,NA	NA,NA,NA,NA,1.0,NA,NA,1.0,NA,NA,0.989,NA,NA,NA,1.0,1.0	0.002
7779	0,31,0,0,0	0,0,0,0,0	0,0,0,0,143,0,0,2,0,0,287,0,0,0,208,25	0,0,0,0,0,0,0,0,0,0,4,0,0,0,0,0	156	149	1	1.0	NA,1.0,NA,NA,NA	NA,NA,NA,NA,1.0,NA,NA,1.0,NA,NA,0.986,NA,NA,NA,1.0,1.0	0.003
7780	0,60,0,0,0	0,3,0,0,0	0,0,0,0,77,0,0,0,0,0,324,0,0,0,186,46	0,0,0,0,0,0,0,0,0,0,0,0,0,0,0,0	165	149	1	1.0	NA,0.948,NA,NA,NA	NA,NA,NA,NA,1.0,NA,NA,NA,NA,NA,1.0,NA,NA,NA,1.0,1.0	-0.052
7781	0,0,0,0,0	0,3,0,0,0	0,0,0,0,0,0,0,0,0,0,0,0,0,0,12,5	0,0,0,0,0,0,0,0,0,0,0,0,0,0,0,0	153	149	1	1.0	NA,0.0,NA,NA,NA	NA,NA,NA,NA,NA,NA,NA,NA,NA,NA,NA,NA,NA,NA,1.0,1.0	-1.0
7782	0,1,0,0,0	0,3,0,0,0	0,0,0,0,0,0,0,0,0,0,34,0,0,0,32,5	0,0,0,0,0,0,0,0,0,0,0,0,0,0,0,0	169	149	1	1.0	NA,0.227,NA,NA,NA	NA,NA,NA,NA,NA,NA,NA,NA,NA,NA,1.0,NA,NA,NA,1.0,1.0	-0.773
7785	0,1,0,0,0	0,60,0,0,0	0,0,0,0,0,0,0,0,0,0,12,0,0,0,2,0	0,0,0,0,77,0,0,0,0,0,302,0,0,0,156,41	153	149	1	1.0	NA,0.016,NA,NA,NA	NA,NA,NA,NA,0.0,NA,NA,NA,NA,NA,0.037,NA,NA,NA,0.012,0.0	0.004
7786	0,10,0,0,0	0,55,0,0,0	0,0,0,0,53,0,0,0,0,0,110,0,0,0,15,9	0,0,0,0,105,0,0,0,0,0,168,0,0,0,61,2	161	149	1	1.0	NA,0.144,NA,NA,NA	NA,NA,NA,NA,0.318,NA,NA,NA,NA,NA,0.377,NA,NA,NA,0.185,0.806	-0.278
7789	0,3,0,0,0	0,54,0,0,0	0,0,0,0,15,0,0,0,0,0,6,0,0,0,8,0	0,0,0,0,93,0,0,0,0,0,174,0,0,0,37,3	227	149	1	1.0	NA,0.035,NA,NA,NA	NA,NA,NA,NA,0.096,NA,NA,NA,NA,NA,0.022,NA,NA,NA,0.124,0.0	-0.025
7792	0,0,0,0,0	0,8,0,0,0	0,0,0,0,18,0,0,0,0,0,0,0,0,0,4,0	0,0,0,0,16,0,0,0,0,0,18,0,0,0,3,0	179	149	1	1.0	NA,0.0,NA,NA,NA	NA,NA,NA,NA,0.484,NA,NA,NA,NA,NA,0.0,NA,NA,NA,0.526,NA	-0.337
7793	0,0,0,0,0	0,20,0,0,0	0,0,0,0,40,0,0,0,0,0,0,0,0,0,4,0	0,0,0,0,127,0,0,0,0,0,22,0,0,0,22,0	179	149	1	1.0	NA,0.0,NA,NA,NA	NA,NA,NA,NA,0.208,NA,NA,NA,NA,NA,0.0,NA,NA,NA,0.131,NA	-0.113
7794	0,0,0,0,0	0,30,0,0,0	0,0,0,0,9,0,0,0,0,0,0,0,0,0,9,1	0,0,0,0,65,0,0,0,0,0,0,0,0,0,82,2	181	149	1	1.0	NA,0.0,NA,NA,NA	NA,NA,NA,NA,0.102,NA,NA,NA,NA,NA,NA,NA,NA,NA,0.083,0.292	-0.159
7797	0,0,0,0,0	0,20,0,0,0	0,0,0,0,11,0,0,0,0,0,12,0,0,0,19,3	0,0,0,0,19,0,0,0,0,0,52,0,0,0,98,16	298	149	1	1.0	NA,0.0,NA,NA,NA	NA,NA,NA,NA,0.224,NA,NA,NA,NA,NA,0.103,NA,NA,NA,0.088,0.086	-0.125
7799	0,0,0,0,0	0,31,0,0,0	0,0,0,0,0,0,0,0,0,0,2,0,0,0,0,0	0,0,0,0,41,0,0,0,0,0,35,0,0,0,0,25	158	149	1	1.0	NA,0.0,NA,NA,NA	NA,NA,NA,NA,0.0,NA,NA,NA,NA,NA,0.051,NA,NA,NA,NA,0.0	-0.017
7800	0,22,0,0,0	0,0,0,0,0	0,0,0,0,105,0,0,0,0,0,108,0,0,0,0,41	0,0,0,0,0,0,0,0,0,0,2,0,0,0,0,3	298	149	1	1.0	NA,1.0,NA,NA,NA	NA,NA,NA,NA,1.0,NA,NA,NA,NA,NA,0.964,NA,NA,NA,NA,0.872	0.055
7805	0,0,0,0,0	0,20,0,0,0	0,0,0,0,0,0,0,0,0,0,4,0,0,0,3,0	0,0,0,0,223,0,0,0,0,0,224,0,0,0,75,4	229	149	1	1.0	NA,0.0,NA,NA,NA	NA,NA,NA,NA,0.0,NA,NA,NA,NA,NA,0.011,NA,NA,NA,0.025,0.0	-0.009
7810	0,5,0,0,0	0,21,0,0,0	0,0,0,0,0,0,0,0,0,0,9,0,0,0,27,0	0,0,0,0,64,0,0,0,0,0,20,0,0,0,71,2	153	149	1	1.0	NA,0.188,NA,NA,NA	NA,NA,NA,NA,0.0,NA,NA,NA,NA,NA,0.305,NA,NA,NA,0.27,0.0	0.044
7816	0,5,0,0,0	0,0,0,0,0	0,0,0,0,0,0,0,0,0,0,19,0,0,0,17,0	0,0,0,0,0,0,0,0,0,0,12,0,0,0,1,0	165	149	1	1.0	NA,1.0,NA,NA,NA	NA,NA,NA,NA,NA,NA,NA,NA,NA,NA,0.588,NA,NA,NA,0.939,NA	0.237
7817	0,41,0,0,0	0,0,0,0,0	0,0,0,0,2,0,0,2,0,0,68,0,0,0,363,0	0,0,0,0,0,0,0,0,0,0,7,0,0,0,0,0	298	149	1	1.0	NA,1.0,NA,NA,NA	NA,NA,NA,NA,1.0,NA,NA,1.0,NA,NA,0.829,NA,NA,NA,1.0,NA	0.043
7818	0,3,0,0,0	0,17,0,0,0	0,0,0,0,11,0,0,2,0,0,6,0,0,0,10,1	0,0,0,0,56,0,0,2,0,0,57,0,0,0,78,7	296	149	1	1.0	NA,0.082,NA,NA,NA	NA,NA,NA,NA,0.09,NA,NA,0.335,NA,NA,0.05,NA,NA,NA,0.061,0.067	-0.039
7821	0,1,0,0,0	0,0,0,0,0	0,0,0,0,0,0,0,0,0,0,4,0,0,0,1,1	0,0,0,0,0,0,0,0,0,0,3,0,0,0,0,0	298	149	1	1.0	NA,1.0,NA,NA,NA	NA,NA,NA,NA,NA,NA,NA,NA,NA,NA,0.4,NA,NA,NA,1.0,1.0	0.2
7823	0,29,2,0,2	0,0,0,0,0	0,0,0,0,0,2,0,0,0,0,172,0,0,0,113,2	0,0,0,0,0,0,0,0,0,0,10,0,0,0,0,0	267	149	1	1.0	NA,1.0,1.0,NA,1.0	NA,NA,NA,NA,NA,1.0,NA,NA,NA,NA,0.906,NA,NA,NA,1.0,1.0	0.023
7824	0,17,0,0,0	0,0,0,0,0	0,0,0,0,184,0,0,0,0,0,434,0,0,0,2,39	0,0,0,0,0,0,0,0,0,0,23,0,0,0,0,1	298	149	1	1.0	NA,1.0,NA,NA,NA	NA,NA,NA,NA,1.0,NA,NA,NA,NA,NA,0.904,NA,NA,NA,1.0,0.951	0.036
7825	0,8,0,0,0	0,3,0,0,0	0,0,0,0,28,0,0,0,0,0,7,0,0,0,3,1	0,0,0,0,21,0,0,0,0,0,17,0,0,0,2,0	169	149	1	1.0	NA,0.702,NA,NA,NA	NA,NA,NA,NA,0.54,NA,NA,NA,NA,NA,0.266,NA,NA,NA,0.569,1.0	0.108
7826	0,0,0,0,0	0,5,0,0,0	0,0,0,0,6,0,0,0,0,0,1,0,0,0,0,0	0,0,0,0,2,0,0,0,0,0,19,0,0,0,50,13	298	149	1	1.0	NA,0.0,NA,NA,NA	NA,NA,NA,NA,0.6,NA,NA,NA,NA,NA,0.026,NA,NA,NA,0.0,0.0	-0.157
7827	0,0,0,0,0	0,3,0,0,0	0,0,0,0,38,0,0,0,0,0,0,0,0,0,3,1	0,0,0,0,20,0,0,0,0,0,9,0,0,0,25,5	204	149	1	1.0	NA,0.0,NA,NA,NA	NA,NA,NA,NA,0.581,NA,NA,NA,NA,NA,0.0,NA,NA,NA,0.081,0.127	-0.197
7829	0,6,0,0,0	0,0,0,0,0	0,0,0,0,58,0,0,0,0,0,13,0,0,0,5,1	0,0,0,0,0,0,0,0,0,0,0,0,0,0,20,3	153	149	1	1.0	NA,1.0,NA,NA,NA	NA,NA,NA,NA,1.0,NA,NA,NA,NA,NA,1.0,NA,NA,NA,0.196,0.245	0.39
7831	0,27,0,0,0	0,0,0,0,0	0,0,0,0,264,0,0,0,0,0,106,0,0,0,4,8	0,0,0,0,14,0,0,0,0,0,12,0,0,0,4,0	271	149	1	1.0	NA,1.0,NA,NA,NA	NA,NA,NA,NA,0.912,NA,NA,NA,NA,NA,0.829,NA,NA,NA,0.355,1.0	0.226
7834	0,443,4,0,0	0,0,0,0,0	0,0,0,0,246,0,4,0,0,0,178,0,0,0,141,35	0,0,0,0,0,0,0,0,0,0,8,0,0,0,0,0	164	149	1	1.0	NA,1.0,1.0,NA,NA	NA,NA,NA,NA,1.0,NA,1.0,NA,NA,NA,0.953,NA,NA,NA,1.0,1.0	0.009
7835	0,6,0,0,0	0,0,0,0,0	0,0,0,0,55,0,0,0,0,0,42,0,0,0,36,1	0,0,0,0,0,0,0,0,0,0,0,0,0,0,2,0	191	149	1	1.0	NA,1.0,NA,NA,NA	NA,NA,NA,NA,1.0,NA,NA,NA,NA,NA,1.0,NA,NA,NA,0.934,1.0	0.016
7836	0,1,0,0,0	0,0,0,0,0	0,0,0,0,11,0,0,0,0,0,57,0,0,0,51,6	0,0,0,0,18,0,0,0,0,0,59,0,0,0,18,5	174	149	1	1.0	NA,1.0,NA,NA,NA	NA,NA,NA,NA,0.344,NA,NA,NA,NA,NA,0.453,NA,NA,NA,0.708,0.507	0.497
7840	0,4,0,0,0	0,4,0,0,0	0,0,0,0,320,0,0,0,0,0,2,0,0,0,100,3	0,0,0,0,12,0,0,0,0,0,0,0,0,0,0,0	166	149	1	1.0	NA,0.473,NA,NA,NA	NA,NA,NA,NA,0.96,NA,NA,NA,NA,NA,1.0,NA,NA,NA,1.0,1.0	-0.517
7841	0,91,0,0,2	0,0,0,0,0	0,0,0,0,418,0,0,0,0,0,267,0,0,0,171,12	0,0,0,0,0,0,0,0,0,0,0,0,0,0,4,0	298	149	1	1.0	NA,1.0,NA,NA,1.0	NA,NA,NA,NA,1.0,NA,NA,NA,NA,NA,1.0,NA,NA,NA,0.955,1.0	0.011
7843	0,59,0,0,0	0,15,0,0,0	0,0,0,0,178,0,0,0,0,0,59,0,0,0,47,2	0,0,0,0,40,0,0,0,0,0,29,0,0,0,25,0	298	149	1	1.0	NA,0.663,NA,NA,NA	NA,NA,NA,NA,0.69,NA,NA,NA,NA,NA,0.504,NA,NA,NA,0.485,1.0	-0.007
7844	0,4,0,0,0	0,15,0,0,0	0,0,0,0,26,0,0,0,0,0,11,0,0,0,8,2	0,0,0,0,40,0,0,0,0,0,29,0,0,0,25,0	172	149	1	1.0	NA,0.188,NA,NA,NA	NA,NA,NA,NA,0.36,NA,NA,NA,NA,NA,0.247,NA,NA,NA,0.217,1.0	-0.268
7845	0,164,0,0,0	0,2,0,0,0	0,0,0,0,481,0,0,0,0,0,447,0,0,0,16,30	0,0,0,0,13,0,0,0,0,0,0,0,0,0,0,0	298	149	1	1.0	NA,0.976,NA,NA,NA	NA,NA,NA,NA,0.949,NA,NA,NA,NA,NA,1.0,NA,NA,NA,1.0,1.0	-0.011
7848	0,5,0,0,0	0,1074,0,0,4	0,0,0,0,0,0,0,0,0,0,2,0,0,0,6,6	0,0,0,0,979,0,0,2,0,6,1470,0,0,0,767,78	181	149	1	1.0	NA,0.004,NA,NA,0.0	NA,NA,NA,NA,0.0,NA,NA,0.0,NA,0.0,0.001,NA,NA,NA,0.006,0.06	-0.009
7856	0,3,0,0,0	0,10,0,0,0	0,0,0,0,0,0,0,0,0,0,0,0,0,0,1,2	0,0,0,0,62,0,0,0,0,0,11,0,0,0,15,8	224	149	1	1.0	NA,0.166,NA,NA,NA	NA,NA,NA,NA,0.0,NA,NA,NA,NA,NA,0.0,NA,NA,NA,0.042,0.143	0.12
7857	0,10,0,0,0	0,0,0,0,0	0,0,0,0,0,0,0,0,0,0,1,0,0,0,10,1	0,0,0,0,11,0,0,0,0,0,10,0,0,0,0,1	180	149	1	1.0	NA,1.0,NA,NA,NA	NA,NA,NA,NA,0.0,NA,NA,NA,NA,NA,0.076,NA,NA,NA,1.0,0.453	0.618
7858	0,17,0,0,0	0,4,0,0,0	0,0,0,0,360,0,0,0,0,0,13,0,0,0,19,1	0,0,0,0,167,0,0,0,0,0,35,0,0,0,25,0	298	149	1	1.0	NA,0.68,NA,NA,NA	NA,NA,NA,NA,0.519,NA,NA,NA,NA,NA,0.157,NA,NA,NA,0.275,1.0	0.192
7859	0,7,0,0,0	0,0,0,0,0	0,0,0,0,33,0,0,0,0,0,34,0,0,0,7,0	0,0,0,0,0,0,0,0,0,0,1,0,0,0,0,0	298	149	1	1.0	NA,1.0,NA,NA,NA	NA,NA,NA,NA,1.0,NA,NA,NA,NA,NA,0.944,NA,NA,NA,1.0,NA	0.019
7862	0,0,0,0,0	0,6,0,0,0	0,0,0,0,3,0,0,0,0,0,0,0,0,0,0,0	0,0,0,0,76,0,0,0,0,0,18,0,0,0,3,0	179	149	1	1.0	NA,0.0,NA,NA,NA	NA,NA,NA,NA,0.032,NA,NA,NA,NA,NA,0.0,NA,NA,NA,0.0,NA	-0.011
7863	0,6,0,0,0	0,7,0,0,0	0,0,0,0,116,0,0,0,0,0,22,0,0,0,1,0	0,0,0,0,17,0,0,0,0,0,15,0,0,0,0,4	155	149	1	1.0	NA,0.452,NA,NA,NA	NA,NA,NA,NA,0.868,NA,NA,NA,NA,NA,0.585,NA,NA,NA,1.0,0.0	-0.161
7864	0,54,0,0,0	0,19,0,0,0	0,0,0,0,0,0,0,0,0,0,0,0,0,0,0,2	0,0,0,0,0,0,0,0,0,0,0,0,0,0,0,0	298	149	1	1.0	NA,0.587,NA,NA,NA	NA,NA,NA,NA,NA,NA,NA,NA,NA,NA,NA,NA,NA,NA,NA,1.0	-0.413
7868	0,2,0,0,0	0,34,0,0,0	0,0,0,0,29,0,0,0,0,0,7,0,0,0,0,0	0,0,0,0,23,0,0,0,0,0,22,0,0,0,5,0	153	149	1	1.0	NA,0.054,NA,NA,NA	NA,NA,NA,NA,0.551,NA,NA,NA,NA,NA,0.237,NA,NA,NA,0.0,NA	-0.209
7869	0,157,0,0,0	0,3,0,0,0	0,0,0,0,441,8,0,2,0,0,348,0,0,0,186,51	0,0,0,0,0,0,0,0,0,0,0,0,0,0,0,0	298	149	1	1.0	NA,0.963,NA,NA,NA	NA,NA,NA,NA,1.0,1.0,NA,1.0,NA,NA,1.0,NA,NA,NA,1.0,1.0	-0.037
7870	0,2,0,0,0	0,336,0,0,0	0,0,0,0,29,0,0,0,0,0,3,0,0,0,1,0	0,0,0,0,288,0,2,0,0,0,300,0,0,0,388,60	153	149	1	1.0	NA,0.006,NA,NA,NA	NA,NA,NA,NA,0.089,NA,0.0,NA,NA,NA,0.01,NA,NA,NA,0.003,0.0	-0.014
7871	0,140,0,0,0	0,0,0,0,0	0,0,0,0,441,8,0,2,0,0,355,0,0,0,189,51	0,0,0,0,0,0,0,0,0,0,0,0,0,0,8,0	298	149	1	1.0	NA,1.0,NA,NA,NA	NA,NA,NA,NA,1.0,1.0,NA,1.0,NA,NA,1.0,NA,NA,NA,0.922,1.0	0.013
7872	0,270,0,0,0	0,0,0,0,0	0,0,0,0,548,8,0,2,0,0,517,0,0,0,221,76	0,0,0,0,15,0,0,0,0,0,9,0,0,0,8,0	298	149	1	1.0	NA,1.0,NA,NA,NA	NA,NA,NA,NA,0.948,1.0,NA,1.0,NA,NA,0.966,NA,NA,NA,0.932,1.0	0.026
7873	0,2,0,0,0	0,0,0,0,0	0,0,0,0,0,0,0,0,0,0,3,0,0,0,0,0	0,0,0,0,0,0,0,0,0,0,5,0,0,0,0,0	170	149	1	1.0	NA,1.0,NA,NA,NA	NA,NA,NA,NA,NA,NA,NA,NA,NA,NA,0.345,NA,NA,NA,NA,NA	0.655
7874	0,95,0,0,0	0,8,0,0,0	0,0,0,0,0,0,0,0,0,0,0,0,0,0,13,2	0,0,0,0,0,0,0,0,0,0,0,0,0,0,0,0	298	149	1	1.0	NA,0.856,NA,NA,NA	NA,NA,NA,NA,NA,NA,NA,NA,NA,NA,NA,NA,NA,NA,1.0,1.0	-0.144
7875	0,71,0,0,0	0,8,0,0,0	0,0,0,0,0,0,0,0,0,0,4,0,0,0,9,2	0,0,0,0,0,0,0,0,0,0,0,0,0,0,0,0	298	149	1	1.0	NA,0.816,NA,NA,NA	NA,NA,NA,NA,NA,NA,NA,NA,NA,NA,1.0,NA,NA,NA,1.0,1.0	-0.184
7876	0,0,0,0,0	0,24,0,0,0	0,0,0,0,0,0,0,0,0,0,4,0,0,0,0,0	0,0,0,0,0,0,0,0,0,0,0,0,0,0,4,0	155	149	1	1.0	NA,0.0,NA,NA,NA	NA,NA,NA,NA,NA,NA,NA,NA,NA,NA,1.0,NA,NA,NA,0.0,NA	-0.5
7877	0,0,0,0,0	0,1202,0,0,2	0,0,0,0,0,0,0,0,0,0,0,0,0,0,4,0	0,0,0,0,360,0,0,2,2,0,659,0,0,0,381,97	153	149	1	1.0	NA,0.0,NA,NA,0.0	NA,NA,NA,NA,0.0,NA,NA,0.0,0.0,NA,0.0,NA,NA,NA,0.01,0.0	-0.002
7878	0,0,0,0,0	0,8,0,0,0	0,0,0,0,0,0,0,2,0,0,0,0,0,0,13,0	0,0,0,0,23,0,2,0,0,0,51,0,0,0,113,14	298	149	1	1.0	NA,0.0,NA,NA,NA	NA,NA,NA,NA,0.0,NA,0.0,1.0,NA,NA,0.0,NA,NA,NA,0.054,0.0	-0.176
7881	0,1,0,0,0	0,4,0,0,0	0,0,0,0,17,0,0,0,0,0,2,0,0,0,12,0	0,0,0,0,55,0,0,0,0,2,28,0,0,0,49,0	202	149	1	1.0	NA,0.156,NA,NA,NA	NA,NA,NA,NA,0.186,NA,NA,NA,NA,0.0,0.05,NA,NA,NA,0.153,NA	0.059
7885	0,0,0,0,0	0,19,0,0,0	0,0,0,0,8,0,0,0,0,0,6,0,0,0,32,1	0,0,0,0,47,1,4,0,0,0,85,0,0,0,165,3	165	149	1	1.0	NA,0.0,NA,NA,NA	NA,NA,NA,NA,0.133,0.0,0.0,NA,NA,NA,0.06,NA,NA,NA,0.149,0.231	-0.095
7887	0,4,2,0,2	0,5,0,0,0	0,0,0,0,13,0,0,2,0,0,0,0,0,0,34,0	0,0,0,0,0,0,0,0,0,0,0,0,0,0,9,5	254	149	1	1.0	NA,0.319,1.0,NA,1.0	NA,NA,NA,NA,1.0,NA,NA,1.0,NA,NA,NA,NA,NA,NA,0.689,0.0	0.101
7889	0,2,0,0,0	0,0,0,0,0	0,0,0,0,92,0,0,0,0,0,55,0,0,0,29,2	0,0,0,0,0,0,0,0,0,0,3,0,0,0,0,0	189	149	1	1.0	NA,1.0,NA,NA,NA	NA,NA,NA,NA,1.0,NA,NA,NA,NA,NA,0.935,NA,NA,NA,1.0,1.0	0.016
7891	0,0,0,0,0	0,30,0,0,0	0,0,0,0,8,0,0,0,0,0,9,0,0,0,13,1	0,0,0,0,112,0,0,2,0,0,105,0,0,0,78,21	197	149	1	1.0	NA,0.0,NA,NA,NA	NA,NA,NA,NA,0.051,NA,NA,0.0,NA,NA,0.061,NA,NA,NA,0.112,0.035	-0.052
7892	0,25,2,0,0	0,0,0,0,0	0,0,0,0,165,4,0,0,0,0,166,0,0,0,142,155	0,0,0,0,0,0,0,0,0,0,1,0,0,0,0,0	298	149	1	1.0	NA,1.0,1.0,NA,NA	NA,NA,NA,NA,1.0,1.0,NA,NA,NA,NA,0.988,NA,NA,NA,1.0,1.0	0.002
7893	0,15,2,0,0	0,0,0,0,0	0,0,0,0,51,0,0,0,0,0,121,0,0,0,108,31	0,0,0,0,0,0,0,0,0,0,0,0,0,0,4,0	195	149	1	1.0	NA,1.0,1.0,NA,NA	NA,NA,NA,NA,1.0,NA,NA,NA,NA,NA,1.0,NA,NA,NA,0.954,1.0	0.012
7895	0,46,0,0,0	0,0,0,0,0	0,0,0,0,86,0,0,2,0,0,179,0,0,0,136,18	0,0,0,0,0,0,0,0,0,0,0,0,0,0,0,1	298	149	1	1.0	NA,1.0,NA,NA,NA	NA,NA,NA,NA,1.0,NA,NA,1.0,NA,NA,1.0,NA,NA,NA,1.0,0.9	0.02
7897	0,0,0,0,0	0,171,0,0,0	0,0,0,0,0,0,0,0,0,0,0,0,0,0,0,1	0,0,0,0,128,2,0,0,0,0,195,0,0,0,107,26	215	149	1	1.0	NA,0.0,NA,NA,NA	NA,NA,NA,NA,0.0,0.0,NA,NA,NA,NA,0.0,NA,NA,NA,0.0,0.026	-0.005
7899	0,3,0,0,0	0,120,0,0,0	0,0,0,0,0,0,0,0,0,0,12,0,0,0,6,0	0,0,0,0,85,0,0,0,0,0,106,0,0,0,88,7	199	149	1	1.0	NA,0.018,NA,NA,NA	NA,NA,NA,NA,0.0,NA,NA,NA,NA,NA,0.078,NA,NA,NA,0.049,0.0	-0.014
7901	0,54,0,0,0	0,0,0,0,0	0,0,0,0,226,0,0,0,0,2,315,0,0,0,95,56	0,0,0,0,0,0,0,0,0,0,0,0,0,0,0,2	298	149	1	1.0	NA,1.0,NA,NA,NA	NA,NA,NA,NA,1.0,NA,NA,NA,NA,1.0,1.0,NA,NA,NA,1.0,0.933	0.013
7908	0,8,0,0,0	0,0,0,0,0	0,0,0,0,24,0,0,0,0,0,3,0,0,0,0,0	0,0,0,0,12,0,0,0,0,0,0,0,0,0,0,0	225	149	1	1.0	NA,1.0,NA,NA,NA	NA,NA,NA,NA,0.57,NA,NA,NA,NA,NA,1.0,NA,NA,NA,NA,NA	0.215
7909	0,0,0,0,0	0,7,0,0,0	0,0,0,0,15,0,0,0,0,0,0,0,0,0,6,0	0,0,0,0,109,0,0,0,0,0,65,0,0,0,43,4	216	149	1	1.0	NA,0.0,NA,NA,NA	NA,NA,NA,NA,0.087,NA,NA,NA,NA,NA,0.0,NA,NA,NA,0.088,0.0	-0.044
7914	0,0,0,0,0	0,266,0,0,0	0,0,0,0,0,0,0,0,0,0,2,0,0,0,0,0	0,0,0,0,138,0,0,0,2,0,464,0,0,0,123,21	191	149	1	1.0	NA,0.0,NA,NA,NA	NA,NA,NA,NA,0.0,NA,NA,NA,0.0,NA,0.003,NA,NA,NA,0.0,0.0	-0.001
7916	0,54,0,0,0	0,0,0,0,0	0,0,0,0,232,0,0,0,0,0,24,0,0,0,135,2	0,0,0,0,12,0,0,0,0,0,0,0,0,0,3,0	298	149	1	1.0	NA,1.0,NA,NA,NA	NA,NA,NA,NA,0.906,NA,NA,NA,NA,NA,1.0,NA,NA,NA,0.957,1.0	0.034
7920	0,2,0,0,0	0,2,0,0,0	0,0,0,0,11,0,0,0,0,0,17,0,0,0,9,1	0,0,0,0,0,0,0,0,0,0,3,0,0,0,0,0	259	149	1	1.0	NA,0.365,NA,NA,NA	NA,NA,NA,NA,1.0,NA,NA,NA,NA,NA,0.765,NA,NA,NA,1.0,1.0	-0.576
7921	0,6,0,0,0	0,1,0,0,0	0,0,0,0,45,0,0,0,0,0,23,0,0,0,122,87	0,0,0,0,9,0,0,0,0,0,1,0,0,0,23,6	217	149	1	1.0	NA,0.805,NA,NA,NA	NA,NA,NA,NA,0.774,NA,NA,NA,NA,NA,0.94,NA,NA,NA,0.785,0.909	-0.047
7922	0,50,0,0,0	0,3,0,0,0	0,0,0,0,93,0,2,4,0,0,82,0,0,0,206,32	0,0,0,0,0,0,0,0,0,0,9,0,0,0,13,0	298	149	1	1.0	NA,0.893,NA,NA,NA	NA,NA,NA,NA,1.0,NA,1.0,1.0,NA,NA,0.82,NA,NA,NA,0.888,1.0	-0.058
7923	0,56,0,0,0	0,3,0,0,0	0,0,0,0,103,0,2,1,0,0,103,0,0,0,217,27	0,0,0,0,0,0,0,0,0,0,0,0,0,0,0,1	298	149	1	1.0	NA,0.903,NA,NA,NA	NA,NA,NA,NA,1.0,NA,1.0,1.0,NA,NA,1.0,NA,NA,NA,1.0,0.931	-0.086
7924	0,10,0,0,0	0,17,0,0,0	0,0,0,0,6,0,0,0,0,0,3,0,0,0,4,6	0,0,0,0,12,2,0,2,0,0,39,0,0,0,313,52	298	149	1	1.0	NA,0.227,NA,NA,NA	NA,NA,NA,NA,0.2,0.0,NA,0.0,NA,NA,0.037,NA,NA,NA,0.006,0.055	0.177
7932	0,38,0,0,0	0,0,0,0,0	0,0,0,0,231,0,0,0,0,0,50,0,0,0,33,262	0,0,0,0,0,0,0,0,0,0,0,0,0,0,5,0	298	149	1	1.0	NA,1.0,NA,NA,NA	NA,NA,NA,NA,1.0,NA,NA,NA,NA,NA,1.0,NA,NA,NA,0.767,1.0	0.058
7933	0,41,0,0,0	0,11,0,0,0	0,0,0,0,298,0,0,0,0,0,63,0,0,0,29,268	0,0,0,0,0,0,0,0,0,0,13,0,0,0,1,0	298	149	1	1.0	NA,0.651,NA,NA,NA	NA,NA,NA,NA,1.0,NA,NA,NA,NA,NA,0.708,NA,NA,NA,0.935,1.0	-0.26
7939	0,24,0,0,0	0,182,0,0,4	0,0,0,0,121,0,0,0,0,0,3,0,0,0,24,107	0,0,0,0,704,0,0,0,0,0,185,0,0,0,149,205	263	149	1	1.0	NA,0.07,NA,NA,0.0	NA,NA,NA,NA,0.089,NA,NA,NA,NA,NA,0.009,NA,NA,NA,0.084,0.228	-0.068
7940	0,226,0,0,0	0,0,0,0,0	0,0,0,0,542,0,0,0,0,0,115,0,0,0,173,224	0,0,0,0,0,0,0,0,0,0,5,0,0,0,0,4	155	149	1	1.0	NA,1.0,NA,NA,NA	NA,NA,NA,NA,1.0,NA,NA,NA,NA,NA,0.957,NA,NA,NA,1.0,0.982	0.015
7941	0,392,0,0,2	0,7,0,0,0	0,0,0,0,418,0,0,0,0,0,204,0,0,0,11,352	0,0,0,0,0,0,0,0,0,0,0,0,0,0,0,1	298	149	1	1.0	NA,0.966,NA,NA,1.0	NA,NA,NA,NA,1.0,NA,NA,NA,NA,NA,1.0,NA,NA,NA,1.0,0.994	-0.015
7942	0,62,0,0,0	0,32,0,0,0	0,0,0,0,23,0,0,0,0,0,40,0,0,0,57,6	0,0,0,0,8,0,0,0,0,0,10,0,0,0,7,0	167	149	1	1.0	NA,0.634,NA,NA,NA	NA,NA,NA,NA,0.72,NA,NA,NA,NA,NA,0.781,NA,NA,NA,0.879,1.0	-0.211
7944	0,3,0,0,0	0,3,0,0,0	0,0,0,0,0,0,0,0,0,0,4,0,0,0,22,0	0,0,0,0,36,0,0,0,0,0,49,0,0,0,96,12	274	149	1	1.0	NA,0.352,NA,NA,NA	NA,NA,NA,NA,0.0,NA,NA,NA,NA,NA,0.043,NA,NA,NA,0.111,0.0	0.314
7945	0,0,0,0,0	0,68,0,0,0	0,0,0,0,0,0,0,0,0,0,2,0,0,0,3,0	0,0,0,0,240,0,0,0,0,0,68,0,0,0,244,7	261	149	1	1.0	NA,0.0,NA,NA,NA	NA,NA,NA,NA,0.0,NA,NA,NA,NA,NA,0.017,NA,NA,NA,0.007,0.0	-0.006
7948	0,0,0,0,0	0,8,0,0,0	0,0,0,0,0,0,0,0,0,0,1,0,0,0,1,0	0,0,0,0,75,0,0,0,0,0,14,0,0,0,41,3	165	149	1	1.0	NA,0.0,NA,NA,NA	NA,NA,NA,NA,0.0,NA,NA,NA,NA,NA,0.061,NA,NA,NA,0.022,0.0	-0.021
7949	0,0,0,0,0	0,4,0,0,0	0,0,0,0,0,0,0,0,0,0,1,0,0,0,1,0	0,0,0,0,60,0,0,0,0,0,34,0,0,0,77,1	170	149	1	1.0	NA,0.0,NA,NA,NA	NA,NA,NA,NA,0.0,NA,NA,NA,NA,NA,0.025,NA,NA,NA,0.011,0.0	-0.009
7950	0,8,0,0,0	0,4,0,0,0	0,0,0,0,75,0,0,0,0,0,14,0,0,0,41,3	0,0,0,0,60,0,0,0,0,0,34,0,0,0,77,1	154	149	1	1.0	NA,0.659,NA,NA,NA	NA,NA,NA,NA,0.547,NA,NA,NA,NA,NA,0.285,NA,NA,NA,0.34,0.744	0.18
7965	0,0,0,0,0	0,35,0,0,0	0,0,0,0,9,0,0,2,0,0,0,0,0,0,10,0	0,0,0,0,179,0,0,0,0,0,88,0,0,0,40,3	295	149	1	1.0	NA,0.0,NA,NA,NA	NA,NA,NA,NA,0.025,NA,NA,1.0,NA,NA,0.0,NA,NA,NA,0.112,0.0	-0.227
7967	0,49,0,0,0	0,11,0,0,0	0,0,0,0,268,0,0,0,0,0,126,0,0,0,62,78	0,0,0,0,73,0,0,0,0,0,15,0,0,0,15,0	256	149	1	1.0	NA,0.722,NA,NA,NA	NA,NA,NA,NA,0.681,NA,NA,NA,NA,NA,0.83,NA,NA,NA,0.706,1.0	-0.082
7968	0,0,0,0,0	0,11,0,0,0	0,0,0,0,60,0,0,0,0,0,9,0,0,0,7,6	0,0,0,0,73,0,0,0,0,0,15,0,0,0,15,0	296	149	1	1.0	NA,0.0,NA,NA,NA	NA,NA,NA,NA,0.293,NA,NA,NA,NA,NA,0.232,NA,NA,NA,0.19,1.0	-0.429
7969	0,0,0,0,0	0,49,0,0,0	0,0,0,0,51,0,0,0,0,0,9,0,0,0,6,6	0,0,0,0,259,0,0,0,0,0,126,0,0,0,61,78	189	149	1	1.0	NA,0.0,NA,NA,NA	NA,NA,NA,NA,0.134,NA,NA,NA,NA,NA,0.053,NA,NA,NA,0.072,0.057	-0.079
7970	0,0,0,0,0	0,11,0,0,0	0,0,0,0,19,0,0,0,0,0,3,0,0,0,6,10	0,0,0,0,27,0,0,2,0,0,55,0,0,0,56,2	188	149	1	1.0	NA,0.0,NA,NA,NA	NA,NA,NA,NA,0.358,NA,NA,0.0,NA,NA,0.041,NA,NA,NA,0.078,0.798	-0.255
7971	0,70,0,0,0	0,0,0,0,0	0,0,0,0,177,0,0,0,0,0,113,0,0,0,81,1	0,0,0,0,3,0,0,0,0,0,12,0,0,0,2,0	298	149	1	1.0	NA,1.0,NA,NA,NA	NA,NA,NA,NA,0.967,NA,NA,NA,NA,NA,0.825,NA,NA,NA,0.953,1.0	0.064
7973	0,0,0,0,0	0,4,0,0,0	0,0,0,0,0,0,0,0,0,0,0,0,0,0,2,1	0,0,0,0,2,0,0,0,0,0,1,0,0,0,6,9	182	149	1	1.0	NA,0.0,NA,NA,NA	NA,NA,NA,NA,0.0,NA,NA,NA,NA,NA,0.0,NA,NA,NA,0.214,0.083	-0.074
7975	0,20,0,0,0	0,2,0,0,0	0,0,0,0,185,0,0,0,2,0,235,0,0,0,79,16	0,0,0,0,0,0,0,0,0,0,2,0,0,0,0,0	175	149	1	1.0	NA,0.895,NA,NA,NA	NA,NA,NA,NA,1.0,NA,NA,NA,1.0,NA,0.99,NA,NA,NA,1.0,1.0	-0.103
7976	0,19,0,0,0	0,540,8,0,2	0,0,0,0,118,2,2,1,0,2,200,0,0,0,339,106	0,0,0,0,1093,4,2,7,0,2,1615,0,0,0,2861,865	164	149	1	1.0	NA,0.031,0.0,NA,0.0	NA,NA,NA,NA,0.089,0.312,0.476,0.115,NA,0.476,0.101,NA,NA,NA,0.097,0.1	-0.21
7978	0,20,0,0,0	0,82,0,0,2	0,0,0,0,25,0,0,0,0,0,27,0,0,0,0,0	0,0,0,0,281,0,0,0,2,2,312,0,0,0,13,21	176	149	1	1.0	NA,0.171,NA,NA,0.0	NA,NA,NA,NA,0.07,NA,NA,NA,0.0,0.0,0.068,NA,NA,NA,0.0,0.0	0.062
7981	0,220,0,0,0	0,0,0,0,0	0,0,0,0,284,0,0,0,0,0,528,0,0,0,21,24	0,0,0,0,0,0,0,0,0,0,11,0,0,0,0,0	298	149	1	1.0	NA,1.0,NA,NA,NA	NA,NA,NA,NA,1.0,NA,NA,NA,NA,NA,0.96,NA,NA,NA,1.0,1.0	0.01
7983	0,0,0,0,0	0,9,2,0,3	0,0,0,0,9,2,2,0,0,0,2,0,0,0,15,6	0,0,0,0,370,2,6,2,2,0,190,0,0,0,390,153	298	149	1	1.0	NA,0.0,0.0,NA,0.0	NA,NA,NA,NA,0.012,0.333,0.143,0.0,0.0,NA,0.005,NA,NA,NA,0.019,0.019	-0.066
7985	0,8,0,0,0	0,4,0,0,0	0,0,0,0,30,0,0,0,0,0,4,0,0,0,94,5	0,0,0,0,32,0,0,0,0,0,6,0,0,0,17,3	284	149	1	1.0	NA,0.512,NA,NA,NA	NA,NA,NA,NA,0.33,NA,NA,NA,NA,NA,0.259,NA,NA,NA,0.744,0.466	0.062
7987	0,3800,7,0,2	0,21,0,0,0	0,0,0,0,6650,3,2,2,0,2,4658,0,0,0,4567,426	0,0,0,0,57,0,0,0,0,0,9,0,0,0,16,2	298	149	1	1.0	NA,0.989,1.0,NA,1.0	NA,NA,NA,NA,0.983,1.0,1.0,1.0,NA,1.0,0.996,NA,NA,NA,0.993,0.991	0.001
7988	0,68,0,0,0	0,2,0,0,0	0,0,0,0,94,0,0,2,0,0,34,0,0,0,67,4	0,0,0,0,19,0,0,0,0,0,5,0,0,0,6,4	233	149	1	1.0	NA,0.956,NA,NA,NA	NA,NA,NA,NA,0.76,NA,NA,1.0,NA,NA,0.813,NA,NA,NA,0.877,0.39	0.188
7989	0,247,0,0,0	0,8,0,0,0	0,0,0,0,292,0,0,4,0,0,557,0,0,0,143,19	0,0,0,0,0,0,0,0,0,0,3,0,0,0,5,0	170	149	1	1.0	NA,0.964,NA,NA,NA	NA,NA,NA,NA,1.0,NA,NA,1.0,NA,NA,0.994,NA,NA,NA,0.962,1.0	-0.027
7990	0,1,0,0,0	0,3,0,0,0	0,0,0,0,12,0,2,0,0,0,31,0,0,0,8,2	0,0,0,0,57,2,0,0,0,0,76,0,0,0,13,11	182	149	1	1.0	NA,0.214,NA,NA,NA	NA,NA,NA,NA,0.147,0.0,1.0,NA,NA,NA,0.25,NA,NA,NA,0.335,0.13	-0.096
7993	0,18,0,0,0	0,7,0,0,0	0,0,0,0,10,0,0,0,0,0,12,0,0,0,0,0	0,0,0,0,0,0,0,0,0,0,23,0,0,0,0,0	153	149	1	1.0	NA,0.715,NA,NA,NA	NA,NA,NA,NA,1.0,NA,NA,NA,NA,NA,0.337,NA,NA,NA,NA,NA	0.046
7997	0,502,0,0,0	0,1,0,0,0	0,0,0,0,513,0,0,0,0,0,864,0,0,0,26,60	0,0,0,0,34,0,0,0,0,0,0,0,0,0,0,3	298	149	1	1.0	NA,0.996,NA,NA,NA	NA,NA,NA,NA,0.883,NA,NA,NA,NA,NA,1.0,NA,NA,NA,1.0,0.909	0.048
7998	0,35,0,0,0	0,520,0,0,0	0,0,0,0,79,0,0,0,0,0,37,0,0,0,6,4	0,0,0,0,465,0,0,0,0,0,636,0,0,0,208,54	156	149	1	1.0	NA,0.06,NA,NA,NA	NA,NA,NA,NA,0.14,NA,NA,NA,NA,NA,0.053,NA,NA,NA,0.027,0.066	-0.012
7999	0,12,0,0,0	0,8,0,0,0	0,0,0,0,36,0,0,0,0,0,33,0,0,0,0,1	0,0,0,0,17,0,0,0,0,0,25,0,0,0,0,7	173	149	1	1.0	NA,0.564,NA,NA,NA	NA,NA,NA,NA,0.646,NA,NA,NA,NA,NA,0.532,NA,NA,NA,NA,0.11	0.135
8000	0,56,0,0,0	0,31,0,0,0	0,0,0,0,289,0,0,0,0,0,14,0,0,0,0,5	0,0,0,0,403,0,0,0,0,0,80,0,0,0,29,0	255	149	1	1.0	NA,0.514,NA,NA,NA	NA,NA,NA,NA,0.295,NA,NA,NA,NA,NA,0.093,NA,NA,NA,0.0,1.0	0.167
8001	0,24,0,0,0	0,4870,2,0,62	0,0,0,0,60,0,0,0,0,0,43,0,0,0,127,28	0,0,0,0,9036,0,0,18,76,38,7113,0,0,0,8558,260	179	149	1	1.0	NA,0.004,0.0,NA,0.0	NA,NA,NA,NA,0.005,NA,NA,0.0,0.0,0.0,0.005,NA,NA,NA,0.012,0.082	-0.014
8002	0,235,2,0,0	0,4870,2,0,62	0,0,0,0,239,0,0,0,0,0,113,0,0,0,194,137	0,0,0,0,9036,0,0,18,76,38,7113,0,0,0,8558,260	280	149	1	1.0	NA,0.025,0.347,NA,0.0	NA,NA,NA,NA,0.014,NA,NA,0.0,0.0,0.0,0.008,NA,NA,NA,0.012,0.219	0.088
8003	0,226,2,0,0	0,15,0,0,0	0,0,0,0,239,0,0,0,0,0,107,0,0,0,179,134	0,0,0,0,60,0,0,0,0,0,37,0,0,0,112,25	250	149	1	1.0	NA,0.9,1.0,NA,NA	NA,NA,NA,NA,0.704,NA,NA,NA,NA,NA,0.633,NA,NA,NA,0.488,0.762	0.303
8004	0,135,0,0,0	0,29,0,0,0	0,0,0,0,181,0,0,0,0,0,150,0,0,0,16,27	0,0,0,0,26,0,0,0,0,0,61,0,0,0,0,0	298	149	1	1.0	NA,0.699,NA,NA,NA	NA,NA,NA,NA,0.777,NA,NA,NA,NA,NA,0.551,NA,NA,NA,1.0,1.0	-0.133
8005	0,22,0,0,0	0,82,0,0,0	0,0,0,0,41,0,0,0,0,0,3,0,0,0,69,20	0,0,0,0,72,0,0,0,0,0,50,0,0,0,81,45	161	149	1	1.0	NA,0.199,NA,NA,NA	NA,NA,NA,NA,0.345,NA,NA,NA,NA,NA,0.053,NA,NA,NA,0.441,0.291	-0.083
8006	0,11,0,0,0	0,7,0,0,0	0,0,0,0,133,0,0,0,0,0,102,0,0,0,0,1	0,0,0,0,0,0,0,0,0,0,0,0,0,0,0,0	154	149	1	1.0	NA,0.603,NA,NA,NA	NA,NA,NA,NA,1.0,NA,NA,NA,NA,NA,1.0,NA,NA,NA,NA,1.0	-0.397
8007	0,0,0,0,0	0,329,0,0,0	0,0,0,0,45,0,0,0,0,0,11,0,0,0,15,10	0,0,0,0,1200,4,0,2,0,0,1657,0,0,0,702,57	298	149	1	1.0	NA,0.0,NA,NA,NA	NA,NA,NA,NA,0.018,0.0,NA,0.0,NA,NA,0.003,NA,NA,NA,0.011,0.081	-0.019
8008	0,0,0,0,0	0,60,0,0,4	0,0,0,0,0,0,0,0,2,0,1,0,0,0,0,0	0,0,0,0,431,0,0,0,0,2,537,0,0,0,84,22	191	149	1	1.0	NA,0.0,NA,NA,0.0	NA,NA,NA,NA,0.0,NA,NA,NA,1.0,0.0,0.001,NA,NA,NA,0.0,0.0	-0.167
8009	0,26,0,0,0	0,58,0,0,0	0,0,0,0,92,0,0,0,0,0,14,0,0,0,0,3	0,0,0,0,280,0,0,0,0,2,42,0,0,0,0,26	206	149	1	1.0	NA,0.245,NA,NA,NA	NA,NA,NA,NA,0.192,NA,NA,NA,NA,0.0,0.194,NA,NA,NA,NA,0.077	0.129
8010	0,0,0,0,0	0,1,0,0,0	0,0,0,0,0,0,0,0,0,0,0,0,0,0,2,0	0,0,0,0,9,0,0,0,0,0,4,0,0,0,0,0	161	149	1	1.0	NA,0.0,NA,NA,NA	NA,NA,NA,NA,0.0,NA,NA,NA,NA,NA,0.0,NA,NA,NA,1.0,NA	-0.333
8011	0,0,0,0,0	0,44,0,0,0	0,0,0,0,2,0,0,0,0,0,12,0,0,0,5,0	0,0,0,0,440,0,0,0,0,0,382,0,0,0,226,20	163	149	1	1.0	NA,0.0,NA,NA,NA	NA,NA,NA,NA,0.004,NA,NA,NA,NA,NA,0.028,NA,NA,NA,0.02,0.0	-0.013
8019	0,15,0,0,0	0,0,0,0,0	0,0,0,0,29,0,0,2,0,2,67,0,0,0,19,34	0,0,0,0,0,0,0,0,0,0,1,0,0,0,0,0	298	149	1	1.0	NA,1.0,NA,NA,NA	NA,NA,NA,NA,1.0,NA,NA,1.0,NA,1.0,0.971,NA,NA,NA,1.0,1.0	0.005
8029	0,15,0,0,0	0,0,0,0,0	0,0,0,0,73,0,0,0,0,0,99,0,0,0,43,14	0,0,0,0,0,0,0,0,0,0,5,0,0,0,0,0	298	149	1	1.0	NA,1.0,NA,NA,NA	NA,NA,NA,NA,1.0,NA,NA,NA,NA,NA,0.908,NA,NA,NA,1.0,1.0	0.023
8030	0,2,0,0,0	0,2,0,0,0	0,0,0,0,0,0,0,0,0,0,3,0,0,0,0,0	0,0,0,0,32,0,0,0,2,0,93,0,0,0,34,1	153	149	1	1.0	NA,0.493,NA,NA,NA	NA,NA,NA,NA,0.0,NA,NA,NA,0.0,NA,0.03,NA,NA,NA,0.0,0.0	0.487
8031	0,29,6,0,0	0,174,0,0,0	0,0,0,0,629,0,0,0,0,0,272,0,0,0,11,6	0,0,0,0,1383,0,0,0,0,2,711,0,0,0,37,12	158	149	1	1.0	NA,0.136,1.0,NA,NA	NA,NA,NA,NA,0.3,NA,NA,NA,NA,0.0,0.265,NA,NA,NA,0.219,0.32	0.347
8032	0,0,0,0,0	0,174,0,0,0	0,0,0,0,7,0,0,0,0,0,15,0,0,0,0,0	0,0,0,0,1383,0,0,0,0,2,711,0,0,0,37,12	162	149	1	1.0	NA,0.0,NA,NA,NA	NA,NA,NA,NA,0.005,NA,NA,NA,NA,0.0,0.019,NA,NA,NA,0.0,0.0	-0.005
8033	0,0,0,0,0	0,29,6,0,0	0,0,0,0,0,0,0,0,0,0,8,0,0,0,0,0	0,0,0,0,622,0,0,0,0,0,265,0,0,0,11,6	153	149	1	1.0	NA,0.0,0.0,NA,NA	NA,NA,NA,NA,0.0,NA,NA,NA,NA,NA,0.029,NA,NA,NA,0.0,0.0	-0.007
8034	0,135,0,0,0	0,2,0,0,0	0,0,0,0,972,0,0,0,0,0,157,0,0,0,0,69	0,0,0,0,24,0,0,0,0,0,19,0,0,0,0,4	191	149	1	1.0	NA,0.981,NA,NA,NA	NA,NA,NA,NA,0.969,NA,NA,NA,NA,NA,0.866,NA,NA,NA,NA,0.931	0.059
8037	0,34,0,0,0	0,1,0,0,0	0,0,0,0,108,0,0,0,0,0,38,0,0,0,103,1	0,0,0,0,0,0,0,0,0,0,0,0,0,0,12,0	154	149	1	1.0	NA,0.97,NA,NA,NA	NA,NA,NA,NA,1.0,NA,NA,NA,NA,NA,1.0,NA,NA,NA,0.893,1.0	-0.003
8038	0,124,2,0,2	0,0,0,0,0	0,0,0,0,543,0,0,4,0,2,820,0,0,0,946,64	0,0,0,0,0,0,0,0,0,0,0,0,0,0,7,0	164	149	1	1.0	NA,1.0,1.0,NA,1.0	NA,NA,NA,NA,1.0,NA,NA,1.0,NA,1.0,1.0,NA,NA,NA,0.992,1.0	0.001
8041	0,227,0,0,0	0,0,0,0,0	0,0,0,0,164,0,0,0,0,0,240,0,0,0,152,16	0,0,0,0,0,0,0,0,0,0,6,0,0,0,0,0	298	149	1	1.0	NA,1.0,NA,NA,NA	NA,NA,NA,NA,1.0,NA,NA,NA,NA,NA,0.952,NA,NA,NA,1.0,1.0	0.012
8042	0,219,0,0,0	0,1,0,0,0	0,0,0,0,298,0,0,0,0,0,532,0,0,0,282,79	0,0,0,0,0,0,0,0,0,0,0,0,0,0,0,1	186	149	1	1.0	NA,0.994,NA,NA,NA	NA,NA,NA,NA,1.0,NA,NA,NA,NA,NA,1.0,NA,NA,NA,1.0,0.984	-0.002
8043	0,0,0,0,0	0,22,0,0,0	0,0,0,0,0,0,0,0,0,0,1,0,0,0,0,0	0,0,0,0,155,0,0,0,0,0,138,0,0,0,46,2	242	149	1	1.0	NA,0.0,NA,NA,NA	NA,NA,NA,NA,0.0,NA,NA,NA,NA,NA,0.004,NA,NA,NA,0.0,0.0	-0.001
8044	0,7,0,0,0	0,419,2,0,0	0,0,0,0,28,0,0,0,0,0,10,0,0,0,5,3	0,0,0,0,2393,0,0,0,4,2,816,0,0,0,951,387	170	149	1	1.0	NA,0.014,0.0,NA,NA	NA,NA,NA,NA,0.01,NA,NA,NA,0.0,0.0,0.011,NA,NA,NA,0.005,0.007	0.001
8045	0,10,0,0,0	0,0,0,0,0	0,0,0,0,138,0,0,0,8,0,22,0,0,0,76,23	0,0,0,0,4,0,0,0,0,0,6,0,0,0,16,2	298	149	1	1.0	NA,1.0,NA,NA,NA	NA,NA,NA,NA,0.945,NA,NA,NA,1.0,NA,0.647,NA,NA,NA,0.704,0.852	0.17
8046	0,7,0,0,0	0,0,0,0,0	0,0,0,0,131,0,0,0,8,0,22,0,0,0,37,13	0,0,0,0,17,0,0,0,0,0,0,0,0,0,0,0	298	149	1	1.0	NA,1.0,NA,NA,NA	NA,NA,NA,NA,0.794,NA,NA,NA,1.0,NA,1.0,NA,NA,NA,1.0,1.0	0.041
8054	0,0,0,0,0	0,72,0,0,0	0,0,0,0,0,0,0,0,0,0,0,0,0,0,1,2	0,0,0,0,426,0,2,2,0,2,532,0,0,0,719,70	180	149	1	1.0	NA,0.0,NA,NA,NA	NA,NA,NA,NA,0.0,NA,0.0,0.0,NA,0.0,0.0,NA,NA,NA,0.001,0.023	-0.003
8056	0,16,0,0,0	0,0,0,0,0	0,0,0,0,71,0,0,0,0,0,107,0,0,0,153,12	0,0,0,0,0,0,0,0,0,0,1,0,0,0,0,8	298	149	1	1.0	NA,1.0,NA,NA,NA	NA,NA,NA,NA,1.0,NA,NA,NA,NA,NA,0.982,NA,NA,NA,1.0,0.429	0.147
8058	0,1,0,0,0	0,0,0,0,0	0,0,0,0,0,0,0,0,0,0,0,0,0,0,4,0	0,0,0,0,3,0,0,0,0,0,0,0,0,0,0,0	234	149	1	1.0	NA,1.0,NA,NA,NA	NA,NA,NA,NA,0.0,NA,NA,NA,NA,NA,NA,NA,NA,NA,1.0,NA	0.5
8061	0,27,0,0,0	0,0,0,0,0	0,0,0,0,117,0,0,0,0,0,106,0,0,0,75,1	0,0,0,0,0,0,0,0,0,0,1,0,0,0,0,0	154	149	1	1.0	NA,1.0,NA,NA,NA	NA,NA,NA,NA,1.0,NA,NA,NA,NA,NA,0.99,NA,NA,NA,1.0,1.0	0.002
8064	0,109,0,0,0	0,0,0,0,0	0,0,0,0,553,2,0,0,0,0,240,0,0,0,720,49	0,0,0,0,0,0,0,0,0,0,2,0,0,0,1,1	298	149	1	1.0	NA,1.0,NA,NA,NA	NA,NA,NA,NA,1.0,1.0,NA,NA,NA,NA,0.984,NA,NA,NA,0.997,0.961	0.012
8066	0,154,0,0,0	0,10,0,0,0	0,0,0,0,415,0,0,0,0,2,259,0,0,0,73,14	0,0,0,0,20,0,0,0,0,0,15,0,0,0,1,0	191	149	1	1.0	NA,0.923,NA,NA,NA	NA,NA,NA,NA,0.942,NA,NA,NA,NA,1.0,0.931,NA,NA,NA,0.983,1.0	-0.048
8071	0,455,2,0,2	0,21,0,0,0	0,0,0,0,91,0,0,0,0,0,178,0,0,0,1339,204	0,0,0,0,0,0,0,0,0,0,3,0,0,0,9,0	166	149	1	1.0	NA,0.951,1.0,NA,1.0	NA,NA,NA,NA,1.0,NA,NA,NA,NA,NA,0.982,NA,NA,NA,0.993,1.0	-0.01
8077	0,33,0,0,0	0,79,0,0,0	0,0,0,0,46,0,0,0,0,0,1,0,0,0,12,3	0,0,0,0,117,0,0,0,0,0,0,0,0,0,1,4	268	149	1	1.0	NA,0.188,NA,NA,NA	NA,NA,NA,NA,0.179,NA,NA,NA,NA,NA,1.0,NA,NA,NA,0.87,0.294	-0.398
8079	0,0,2,0,0	0,9,0,0,0	0,0,0,0,27,0,0,0,0,0,1,0,0,0,52,0	0,0,0,0,112,0,0,0,0,0,43,0,0,0,140,5	162	149	1	1.0	NA,0.0,1.0,NA,NA	NA,NA,NA,NA,0.181,NA,NA,NA,NA,NA,0.021,NA,NA,NA,0.255,0.0	0.386
8080	0,75,0,0,0	0,0,0,0,0	0,0,0,0,246,0,0,0,0,0,194,0,0,0,502,31	0,0,0,0,0,0,0,0,0,0,0,0,0,0,0,4	154	149	1	1.0	NA,1.0,NA,NA,NA	NA,NA,NA,NA,1.0,NA,NA,NA,NA,NA,1.0,NA,NA,NA,1.0,0.882	0.029
8081	0,8,0,0,0	0,406,2,0,6	0,0,0,0,75,0,0,0,0,0,30,0,0,0,59,247	0,0,0,0,3477,0,0,2,0,0,9404,0,0,0,3427,523	274	149	1	1.0	NA,0.011,0.0,NA,0.0	NA,NA,NA,NA,0.012,NA,NA,0.0,NA,NA,0.002,NA,NA,NA,0.009,0.204	-0.042
8082	0,62,2,0,0	0,4337,6,0,6	0,0,0,0,112,0,4,0,2,0,38,0,0,0,256,187	0,0,0,0,8207,10,0,2,2,6,27631,0,0,0,9845,774	298	149	1	1.0	NA,0.007,0.143,NA,0.0	NA,NA,NA,NA,0.007,0.0,1.0,0.0,0.333,0.0,0.001,NA,NA,NA,0.013,0.108	-0.112
8083	0,11094,24,0,15	0,0,0,0,0	0,0,0,0,11820,10,14,17,12,18,32088,0,0,0,14123,4107	0,0,0,0,0,0,0,0,0,0,0,0,0,0,0,1	298	149	1	1.0	NA,1.0,1.0,NA,1.0	NA,NA,NA,NA,1.0,1.0,1.0,1.0,1.0,1.0,1.0,NA,NA,NA,1.0,1.0	0.0
8084	0,26,1,0,0	0,0,0,0,0	0,0,0,0,214,2,0,0,0,0,71,0,0,0,197,8	0,0,0,0,4,0,0,0,0,0,8,0,0,0,0,0	298	149	1	1.0	NA,1.0,1.0,NA,NA	NA,NA,NA,NA,0.964,1.0,NA,NA,NA,NA,0.816,NA,NA,NA,1.0,1.0	0.044
8085	0,6,0,0,0	0,0,0,0,0	0,0,0,0,31,2,0,0,0,0,87,0,0,0,56,15	0,0,0,0,3,0,0,0,0,0,3,0,0,0,2,0	298	149	1	1.0	NA,1.0,NA,NA,NA	NA,NA,NA,NA,0.838,1.0,NA,NA,NA,NA,0.935,NA,NA,NA,0.933,1.0	0.059
8090	0,7,0,0,0	0,0,0,0,0	0,0,0,0,0,0,0,0,0,0,18,0,0,0,0,0	0,0,0,0,0,0,0,0,0,0,13,0,0,0,9,0	219	149	1	1.0	NA,1.0,NA,NA,NA	NA,NA,NA,NA,NA,NA,NA,NA,NA,NA,0.485,NA,NA,NA,0.0,NA	0.758
8091	0,0,0,0,0	0,16,0,0,0	0,0,0,0,0,0,0,0,0,0,10,0,0,0,0,0	0,0,0,0,335,0,0,0,0,0,163,0,0,0,64,21	210	149	1	1.0	NA,0.0,NA,NA,NA	NA,NA,NA,NA,0.0,NA,NA,NA,NA,NA,0.042,NA,NA,NA,0.0,0.0	-0.011
8094	0,0,0,0,0	0,83,0,0,0	0,0,0,0,0,0,0,0,0,0,11,0,0,0,9,1	0,0,0,0,247,0,2,0,0,0,191,0,0,0,147,9	163	149	1	1.0	NA,0.0,NA,NA,NA	NA,NA,NA,NA,0.0,NA,0.0,NA,NA,NA,0.05,NA,NA,NA,0.053,0.092	-0.039
8095	0,109,0,0,0	0,67,0,0,0	0,0,0,0,96,0,0,0,0,0,126,0,0,0,115,18	0,0,0,0,99,0,0,0,2,0,139,0,0,0,137,31	155	149	1	1.0	NA,0.61,NA,NA,NA	NA,NA,NA,NA,0.482,NA,NA,NA,0.0,NA,0.466,NA,NA,NA,0.447,0.358	0.259
8099	0,16,0,0,0	0,0,0,0,0	0,0,0,0,41,0,0,0,0,0,176,0,0,0,24,53	0,0,0,0,0,0,0,0,0,0,3,0,0,0,0,4	192	149	1	1.0	NA,1.0,NA,NA,NA	NA,NA,NA,NA,1.0,NA,NA,NA,NA,NA,0.979,NA,NA,NA,1.0,0.911	0.027
8104	0,65,0,0,0	0,0,0,0,0	0,0,0,0,178,0,0,0,0,2,142,0,0,0,24,1	0,0,0,0,0,0,0,0,0,0,4,0,0,0,0,0	157	149	1	1.0	NA,1.0,NA,NA,NA	NA,NA,NA,NA,1.0,NA,NA,NA,NA,1.0,0.971,NA,NA,NA,1.0,1.0	0.006
8106	0,0,0,0,0	0,27,0,0,0	0,0,0,0,7,2,0,0,0,0,170,0,0,0,225,1	0,0,0,0,244,0,0,8,0,10,1831,0,0,0,1326,39	154	149	1	1.0	NA,0.0,NA,NA,NA	NA,NA,NA,NA,0.027,1.0,NA,0.0,NA,0.0,0.082,NA,NA,NA,0.141,0.024	-0.182
8107	0,0,2,0,0	0,0,0,0,0	0,0,0,0,23,0,2,0,0,0,39,0,0,0,405,20	0,0,0,0,0,0,0,0,0,0,0,0,0,0,4,0	153	149	1	1.0	NA,NA,1.0,NA,NA	NA,NA,NA,NA,1.0,NA,1.0,NA,NA,NA,1.0,NA,NA,NA,0.99,1.0	0.002
8111	0,33,0,0,0	0,7,0,0,0	0,0,0,0,79,0,0,0,0,0,142,0,0,0,105,33	0,0,0,0,7,0,0,0,0,0,8,0,0,0,1,0	298	149	1	1.0	NA,0.702,NA,NA,NA	NA,NA,NA,NA,0.849,NA,NA,NA,NA,NA,0.899,NA,NA,NA,0.981,1.0	-0.23
8112	0,10,0,0,0	0,7,0,0,0	0,0,0,0,40,0,0,0,0,0,35,0,0,0,45,0	0,0,0,0,7,0,0,0,0,0,8,0,0,0,1,0	298	149	1	1.0	NA,0.417,NA,NA,NA	NA,NA,NA,NA,0.741,NA,NA,NA,NA,NA,0.686,NA,NA,NA,0.957,NA	-0.378
8113	0,5,0,0,0	0,23,0,0,0	0,0,0,0,6,0,0,0,0,0,9,0,0,0,0,1	0,0,0,0,39,0,0,0,0,0,113,0,0,0,60,33	251	149	1	1.0	NA,0.114,NA,NA,NA	NA,NA,NA,NA,0.084,NA,NA,NA,NA,NA,0.045,NA,NA,NA,0.0,0.018	0.077
8114	0,21,0,0,0	0,35,0,0,0	0,0,0,0,123,2,0,0,0,0,30,0,0,0,41,9	0,0,0,0,78,0,0,0,0,0,179,0,0,0,121,23	298	149	1	1.0	NA,0.231,NA,NA,NA	NA,NA,NA,NA,0.441,1.0,NA,NA,NA,NA,0.077,NA,NA,NA,0.145,0.164	-0.134
8115	0,1,0,0,0	0,11,0,0,0	0,0,0,0,10,0,0,0,0,0,0,0,0,0,3,0	0,0,0,0,0,0,0,0,0,0,5,0,0,0,5,0	181	149	1	1.0	NA,0.07,NA,NA,NA	NA,NA,NA,NA,1.0,NA,NA,NA,NA,NA,0.0,NA,NA,NA,0.331,NA	-0.374
8116	0,5064,0,0,14	0,1,0,0,0	0,0,0,0,7713,0,0,28,2,2,9716,0,0,0,5916,630	0,0,0,0,0,0,0,0,0,0,0,0,0,0,0,0	190	149	1	1.0	NA,1.0,NA,NA,1.0	NA,NA,NA,NA,1.0,NA,NA,1.0,1.0,1.0,1.0,NA,NA,NA,1.0,1.0	0.0
8117	0,24545,14,0,26	0,5,0,0,0	0,0,0,0,32006,20,8,77,2,10,43644,0,0,0,30097,1938	0,0,0,0,27,0,0,0,0,0,15,0,0,0,0,0	190	149	1	1.0	NA,1.0,1.0,NA,1.0	NA,NA,NA,NA,0.999,1.0,1.0,1.0,1.0,1.0,1.0,NA,NA,NA,1.0,1.0	0.0
8118	0,5046,0,0,14	0,46,0,0,0	0,0,0,0,7694,0,0,28,2,2,9679,0,0,0,5916,619	0,0,0,0,109,0,0,0,0,0,32,0,0,0,0,7	190	149	1	1.0	NA,0.989,NA,NA,1.0	NA,NA,NA,NA,0.982,NA,NA,1.0,1.0,1.0,0.996,NA,NA,NA,1.0,0.986	-0.0
8119	0,150,0,0,0	0,11192,4,0,12	0,0,0,0,270,0,0,2,0,0,284,0,0,0,193,39	0,0,0,0,21656,2,0,81,14,8,27652,0,0,0,21045,4620	160	149	1	1.0	NA,0.012,0.0,NA,0.0	NA,NA,NA,NA,0.011,0.0,NA,0.022,0.0,0.0,0.009,NA,NA,NA,0.008,0.008	-0.003
8120	0,109,2,0,0	0,22,0,0,0	0,0,0,0,201,4,0,2,0,0,450,0,0,0,699,42	0,0,0,0,61,0,0,0,0,0,157,0,0,0,215,11	173	149	1	1.0	NA,0.81,1.0,NA,NA	NA,NA,NA,NA,0.739,1.0,NA,1.0,NA,NA,0.712,NA,NA,NA,0.737,0.767	0.079
8121	0,16,0,0,0	0,79,0,0,0	0,0,0,0,46,0,0,0,0,0,16,0,0,0,18,1	0,0,0,0,326,0,0,0,0,2,811,0,0,0,268,26	298	149	1	1.0	NA,0.092,NA,NA,NA	NA,NA,NA,NA,0.066,NA,NA,NA,NA,0.0,0.01,NA,NA,NA,0.032,0.019	0.067
8123	0,18,0,0,0	0,302,0,0,0	0,0,0,0,2,0,0,2,0,0,13,0,0,0,0,0	0,0,0,0,452,0,0,0,0,0,814,0,0,0,233,35	193	149	1	1.0	NA,0.044,NA,NA,NA	NA,NA,NA,NA,0.003,NA,NA,1.0,NA,NA,0.012,NA,NA,NA,0.0,0.0	-0.159
8125	0,4,0,0,0	0,18,0,0,0	0,0,0,0,1,0,0,0,0,0,6,0,0,0,0,2	0,0,0,0,44,0,0,0,0,0,6,0,0,0,12,2	212	149	1	1.0	NA,0.135,NA,NA,NA	NA,NA,NA,NA,0.016,NA,NA,NA,NA,NA,0.413,NA,NA,NA,0.0,0.413	-0.075
8126	0,7,0,0,0	0,0,0,0,0	0,0,0,0,48,0,0,0,0,0,0,0,0,0,0,0	0,0,0,0,257,0,0,0,0,0,0,0,0,0,18,0	203	149	1	1.0	NA,1.0,NA,NA,NA	NA,NA,NA,NA,0.121,NA,NA,NA,NA,NA,NA,NA,NA,NA,0.0,NA	0.94
8127	0,8,0,0,0	0,0,0,0,0	0,0,0,0,203,0,0,0,0,0,0,0,0,0,0,0	0,0,0,0,65,0,0,0,0,0,0,0,0,0,0,0	262	149	1	1.0	NA,1.0,NA,NA,NA	NA,NA,NA,NA,0.64,NA,NA,NA,NA,NA,NA,NA,NA,NA,NA,NA	0.36
8128	0,1,0,0,0	0,0,0,0,0	0,0,0,0,412,0,0,0,0,0,0,0,0,0,18,0	0,0,0,0,65,0,0,0,0,0,0,0,0,0,0,0	208	149	1	1.0	NA,1.0,NA,NA,NA	NA,NA,NA,NA,0.82,NA,NA,NA,NA,NA,NA,NA,NA,NA,1.0,NA	0.09
8131	0,119,0,0,0	0,33,0,0,0	0,0,0,0,612,0,0,2,0,0,246,0,0,0,21,14	0,0,0,0,149,0,0,0,0,0,73,0,0,0,0,1	287	149	1	1.0	NA,0.652,NA,NA,NA	NA,NA,NA,NA,0.681,NA,NA,1.0,NA,NA,0.636,NA,NA,NA,1.0,0.879	-0.187
8132	0,820,0,0,0	0,25,0,0,0	0,0,0,0,101,0,0,0,0,0,366,0,0,0,259,25	0,0,0,0,5,0,0,0,0,0,2,0,0,0,3,0	233	149	1	1.0	NA,0.954,NA,NA,NA	NA,NA,NA,NA,0.928,NA,NA,NA,NA,NA,0.992,NA,NA,NA,0.982,1.0	-0.022
8134	0,505,0,0,2	0,7,0,0,4	0,0,0,0,203,0,0,3,0,2,446,0,0,0,358,21	0,0,0,0,0,0,0,0,0,0,3,0,0,0,0,0	154	149	1	1.0	NA,0.986,NA,NA,0.326	NA,NA,NA,NA,1.0,NA,NA,1.0,NA,1.0,0.993,NA,NA,NA,1.0,1.0	-0.343
8136	0,0,0,0,0	0,579,0,0,0	0,0,0,0,7,0,0,0,0,0,0,0,0,0,0,0	0,0,0,0,2240,0,0,0,0,0,1707,0,0,0,33,430	298	149	1	1.0	NA,0.0,NA,NA,NA	NA,NA,NA,NA,0.002,NA,NA,NA,NA,NA,0.0,NA,NA,NA,0.0,0.0	-0.001
8142	0,52,0,0,0	0,107,0,0,0	0,0,0,0,132,0,0,0,0,0,74,0,0,0,14,10	0,0,0,0,111,0,0,0,0,0,365,0,0,0,135,32	229	149	1	1.0	NA,0.24,NA,NA,NA	NA,NA,NA,NA,0.436,NA,NA,NA,NA,NA,0.117,NA,NA,NA,0.063,0.169	0.044
8143	0,54,0,0,0	0,0,0,0,0	0,0,0,0,87,0,0,0,0,0,45,0,0,0,12,9	0,0,0,0,0,0,0,0,0,0,0,0,0,0,0,1	298	149	1	1.0	NA,1.0,NA,NA,NA	NA,NA,NA,NA,1.0,NA,NA,NA,NA,NA,1.0,NA,NA,NA,1.0,0.818	0.045
8144	0,123,0,0,0	0,0,0,0,0	0,0,0,0,141,0,0,0,0,0,373,0,0,0,138,38	0,0,0,0,0,0,0,0,0,0,0,0,0,0,0,1	285	149	1	1.0	NA,1.0,NA,NA,NA	NA,NA,NA,NA,1.0,NA,NA,NA,NA,NA,1.0,NA,NA,NA,1.0,0.952	0.012
8150	0,5,0,0,0	0,4,0,0,0	0,0,0,0,74,0,0,0,0,0,74,0,0,0,41,29	0,0,0,0,24,0,0,0,0,0,20,0,0,0,8,5	196	149	1	1.0	NA,0.487,NA,NA,NA	NA,NA,NA,NA,0.701,NA,NA,NA,NA,NA,0.738,NA,NA,NA,0.796,0.815	-0.276
8155	0,18,0,0,0	0,237,0,0,0	0,0,0,0,52,0,0,0,0,0,11,0,0,0,67,14	0,0,0,0,953,0,0,0,0,0,797,0,0,0,3276,131	298	149	1	1.0	NA,0.037,NA,NA,NA	NA,NA,NA,NA,0.027,NA,NA,NA,NA,NA,0.007,NA,NA,NA,0.01,0.051	0.013
8156	0,9,0,0,0	0,0,0,0,0	0,0,0,0,40,0,0,0,0,0,58,0,0,0,140,4	0,0,0,0,4,0,0,0,0,0,0,0,0,0,0,0	216	149	1	1.0	NA,1.0,NA,NA,NA	NA,NA,NA,NA,0.873,NA,NA,NA,NA,NA,1.0,NA,NA,NA,1.0,1.0	0.032
8157	0,8,0,0,0	0,0,0,0,0	0,0,0,0,29,0,0,0,0,0,50,0,0,0,19,11	0,0,0,0,0,0,0,0,0,0,2,0,0,0,17,2	244	149	1	1.0	NA,1.0,NA,NA,NA	NA,NA,NA,NA,1.0,NA,NA,NA,NA,NA,0.939,NA,NA,NA,0.406,0.771	0.221
8159	0,4,0,0,0	0,3,0,0,0	0,0,0,0,0,0,0,0,0,0,2,0,0,0,6,0	0,0,0,0,0,0,0,0,0,0,0,0,0,0,6,1	201	149	1	1.0	NA,0.497,NA,NA,NA	NA,NA,NA,NA,NA,NA,NA,NA,NA,NA,1.0,NA,NA,NA,0.426,0.0	0.022
8160	0,114,2,0,4	0,10,0,0,2	0,0,0,0,1449,0,0,4,0,8,2049,0,0,0,1806,871	0,0,0,0,78,0,0,2,0,2,165,0,0,0,353,52	202	149	1	1.0	NA,0.894,1.0,NA,0.596	NA,NA,NA,NA,0.932,NA,NA,0.596,NA,0.747,0.902,NA,NA,NA,0.791,0.925	0.015
8161	0,0,0,0,0	0,142,8,0,10	0,0,0,0,35,0,0,0,0,0,22,0,0,0,61,5	0,0,0,0,1911,18,16,29,6,15,2808,0,0,0,7967,2144	159	149	1	1.0	NA,0.0,0.0,NA,0.0	NA,NA,NA,NA,0.017,0.0,0.0,0.0,0.0,0.0,0.007,NA,NA,NA,0.007,0.002	-0.004
8164	0,353,2,0,6	0,0,0,0,0	0,0,0,0,2025,6,2,16,4,6,2792,0,0,0,5883,6019	0,0,0,0,17,0,0,0,0,0,4,0,0,0,0,2	298	149	1	1.0	NA,1.0,1.0,NA,1.0	NA,NA,NA,NA,0.983,1.0,1.0,1.0,1.0,1.0,0.997,NA,NA,NA,1.0,0.999	0.002
8174	0,0,0,0,0	0,28,0,0,0	0,0,0,0,68,0,0,0,0,0,0,0,0,0,28,1	0,0,0,0,277,2,0,0,0,2,23,0,0,0,401,5	291	149	1	1.0	NA,0.0,NA,NA,NA	NA,NA,NA,NA,0.112,0.0,NA,NA,NA,0.0,0.0,NA,NA,NA,0.035,0.093	-0.04
8175	0,0,0,0,0	0,59,0,0,0	0,0,0,0,0,0,0,0,0,0,0,0,0,0,3,0	0,0,0,0,354,0,0,0,0,0,196,0,0,0,507,26	154	149	1	1.0	NA,0.0,NA,NA,NA	NA,NA,NA,NA,0.0,NA,NA,NA,NA,NA,0.0,NA,NA,NA,0.006,0.0	-0.002
8179	0,0,0,0,0	0,5,0,0,0	0,0,0,0,10,0,0,0,0,0,1,0,0,0,0,0	0,0,0,0,10,0,0,0,0,0,56,0,0,0,1,0	298	149	1	1.0	NA,0.0,NA,NA,NA	NA,NA,NA,NA,0.333,NA,NA,NA,NA,NA,0.009,NA,NA,NA,0.0,NA	-0.114
8180	0,7,0,0,0	0,0,0,0,0	0,0,0,0,37,0,0,0,0,0,86,0,0,0,56,10	0,0,0,0,0,0,0,0,0,0,2,0,0,0,11,0	158	149	1	1.0	NA,1.0,NA,NA,NA	NA,NA,NA,NA,1.0,NA,NA,NA,NA,NA,0.976,NA,NA,NA,0.828,1.0	0.049
8182	0,0,0,0,0	0,40,0,0,0	0,0,0,0,0,0,0,0,0,0,1,0,0,0,0,0	0,0,0,0,127,0,0,2,0,0,185,0,0,0,83,67	211	149	1	1.0	NA,0.0,NA,NA,NA	NA,NA,NA,NA,0.0,NA,NA,0.0,NA,NA,0.004,NA,NA,NA,0.0,0.0	-0.001
8190	0,3,0,0,0	0,3,0,0,0	0,0,0,0,33,0,0,0,0,0,49,0,0,0,93,12	0,0,0,0,46,0,0,0,0,0,42,0,0,0,127,7	158	149	1	1.0	NA,0.485,NA,NA,NA	NA,NA,NA,NA,0.404,NA,NA,NA,NA,NA,0.524,NA,NA,NA,0.408,0.618	-0.004
8192	0,0,0,0,0	0,4,0,0,0	0,0,0,0,0,0,0,0,0,0,6,0,0,0,3,0	0,0,0,0,0,0,0,0,0,0,3,0,0,0,0,0	168	149	1	1.0	NA,0.0,NA,NA,NA	NA,NA,NA,NA,NA,NA,NA,NA,NA,NA,0.639,NA,NA,NA,1.0,NA	-0.82
8194	0,33,0,0,0	0,0,0,0,0	0,0,0,0,66,0,0,0,0,0,68,0,0,0,39,8	0,0,0,0,0,0,0,0,0,0,9,0,0,0,0,0	298	149	1	1.0	NA,1.0,NA,NA,NA	NA,NA,NA,NA,1.0,NA,NA,NA,NA,NA,0.791,NA,NA,NA,1.0,1.0	0.052
8195	0,11,0,0,0	0,33,0,0,0	0,0,0,0,46,0,0,0,0,0,17,0,0,0,2,7	0,0,0,0,60,0,0,0,0,0,67,0,0,0,25,6	192	149	1	1.0	NA,0.206,NA,NA,NA	NA,NA,NA,NA,0.373,NA,NA,NA,NA,NA,0.165,NA,NA,NA,0.058,0.475	-0.062
8199	0,34,0,0,0	0,0,0,0,0	0,0,0,0,33,0,0,0,0,0,14,0,0,0,1,1	0,0,0,0,34,0,0,0,0,0,2,0,0,0,10,0	298	149	1	1.0	NA,1.0,NA,NA,NA	NA,NA,NA,NA,0.327,NA,NA,NA,NA,NA,0.778,NA,NA,NA,0.048,1.0	0.462
8201	0,39,0,0,0	0,0,0,0,0	0,0,0,0,19,0,0,0,0,0,187,0,0,0,0,3	0,0,0,0,0,0,0,0,0,0,2,0,0,0,0,0	205	149	1	1.0	NA,1.0,NA,NA,NA	NA,NA,NA,NA,1.0,NA,NA,NA,NA,NA,0.985,NA,NA,NA,NA,1.0	0.005
8205	0,52,0,0,0	0,132,2,0,0	0,0,0,0,25,0,0,0,0,0,13,0,0,0,21,4	0,0,0,0,175,0,0,0,0,0,143,0,0,0,266,41	160	149	1	1.0	NA,0.268,0.0,NA,NA	NA,NA,NA,NA,0.117,NA,NA,NA,NA,NA,0.078,NA,NA,NA,0.068,0.083	0.048
8207	0,489,0,0,0	0,8,0,0,0	0,0,0,0,441,0,0,0,0,0,391,0,0,0,0,49	0,0,0,0,0,0,0,0,0,0,3,0,0,0,0,0	298	149	1	1.0	NA,0.968,NA,NA,NA	NA,NA,NA,NA,1.0,NA,NA,NA,NA,NA,0.985,NA,NA,NA,NA,1.0	-0.027
8209	0,0,0,0,0	0,23,0,0,0	0,0,0,0,0,0,0,0,0,0,4,0,0,0,0,0	0,0,0,0,198,0,0,0,0,0,221,0,0,0,97,8	298	149	1	1.0	NA,0.0,NA,NA,NA	NA,NA,NA,NA,0.0,NA,NA,NA,NA,NA,0.009,NA,NA,NA,0.0,0.0	-0.002
8210	0,68,0,0,0	0,14,0,0,0	0,0,0,0,65,0,0,0,0,0,123,0,0,0,1,0	0,0,0,0,0,0,0,0,0,0,3,0,0,0,0,0	196	149	1	1.0	NA,0.787,NA,NA,NA	NA,NA,NA,NA,1.0,NA,NA,NA,NA,NA,0.969,NA,NA,NA,1.0,NA	-0.203
