ID	IJC_SAMPLE_1	SJC_SAMPLE_1	IJC_SAMPLE_2	SJC_SAMPLE_2	IncFormLen	SkipFormLen	PValue
0	68	5	40	0	182	149	0.0188438417002
2	5	24	7	70	180	149	0.342859433571
4	4	194	36	868	274	149	0.0941762558421
5	4	4	36	8	274	149	0.055042517809
8	4	5	13	18	354	149	0.936366569202
10	15	6	251	0	273	149	1.33882728015e-07
12	10	8	22	31	280	149	0.332692083724
16	16	1419	6	981	254	149	1
17	10	0	0	9	982	149	4.18727574836e-09
18	33	1930	37	2411	1041	149	1
19	9	0	38	3	665	149	0.0108950371295
21	4	0	0	32	161	149	1.09270644755e-08
22	36	9	124	43	166	149	0.370732705962
23	21	3	61	0	158	149	0.0148125782135
24	3	3	47	0	201	149	0.000138669898052
25	3	21	47	61	192	149	0.00146217051815
49	20	27	80	23	296	149	6.87166134626e-05
50	26	2	117	7	208	149	0.711402823031
51	558	0	1105	11	1232	149	0.00184155489636
52	534	0	995	11	1173	149	0.00142788841491
58	42	192	29	168	204	149	0.414256173044
62	22	6	68	0	171	149	8.3296369238e-05
63	68	178	69	279	267	149	0.0733688786067
67	11	5	117	24	155	149	0.293144351973
70	2	25	66	88	200	149	4.94143761306e-05
71	10	103	2	337	153	149	5.03767217189e-05
79	0	58	7	25	177	149	9.75140447133e-05
80	0	20	8	96	316	149	0.0581216374229
86	0	11	2	39	196	149	0.42568246291
87	11	77	0	18	164	149	0.00521858215053
88	548	26	2958	40	2962	149	3.57301058392e-05
89	177	5	349	14	204	149	0.424582321773
90	9	57	90	64	154	149	2.3600810195e-09
91	22	4	12	18	154	149	0.000321299664584
97	7	13	0	12	240	149	0.000662426925531
102	2	13	49	8	153	149	4.25327376652e-08
105	123	79	39	22	208	149	0.679109059438
106	16	36	4	58	159	149	0.000480039905079
110	43	0	58	13	208	149	4.471439691e-05
111	4	47	0	35	165	149	0.0376839064851
117	68	3	340	0	227	149	0.106959027277
123	0	4	30	0	327	149	2.49580789369e-09
128	10	13	0	49	210	149	2.12844276426e-07
129	21027	2	28797	0	168	149	1
134	6	53	36	65	431	149	0.000231056471404
138	0	13	19	38	169	149	0.000150435785849
140	40	6	343	448	365	149	3.4133427862e-08
141	0	23	27	358	328	149	0.0408571193459
142	0	4	31	134	328	149	0.0176877928921
143	15	15	900	117	243	149	1.73562330774e-06
144	37	7	47	12	228	149	0.550293747522
147	1	3	70	0	373	149	1.39024071599e-06
149	29	10	45	11	201	149	0.502259702182
151	16	0	5	52	229	149	1.57651669497e-14
158	36	8	22	0	290	149	0.000531472475864
160	27	7	93	36	164	149	0.32247069495
162	72	373	18	439	158	149	4.59992982593e-08
163	41374	478	60342	659	159	149	0.759283356164
164	156	478	196	659	327	149	0.628997238054
165	156	41374	196	60342	317	149	1
168	40185	0	57341	9	524	149	1
169	0	17	1	16	153	149	0.250796916568
170	321	44545	417	51538	173	149	1
171	88	4	113	0	551	149	0.0069872062809
172	33505	4	31340	0	384	149	1
173	22	312	29	489	284	149	0.631245085019
174	33	270	0	578	266	149	4.49604797836e-11
176	16	0	48	17	204	149	0.000198275206932
177	32	24	28	4	161	149	0.00161104048237
178	2916	24	3237	4	1563	149	3.01956561961e-05
179	2904	20	3225	16	1551	149	0.361987239059
185	0	260	13	3400	190	149	1
186	56	3	926	14	2099	149	0.141515859937
187	121	34	169	82	1152	149	0.0472064443489
188	18	988	149	4166	232	149	0.0102513932442
189	8	76	2	489	233	149	0.000559836440019
194	122	0	254	3	234	149	0.681598036371
195	38	0	145	96	164	149	8.94403329177e-10
197	66	195	123	107	191	149	2.30897104991e-07
198	752	131992	50	17182	183	149	1
200	187	14	224	55	284	149	0.000197433406407
202	1	41	18	179	583	149	0.0626326994977
204	171	49	77	14	155	149	0.16660850411
206	11	271	90	445	329	149	2.28501637944e-07
215	7	79	0	161	431	149	0.0614078708079
218	78	8	287	24	164	149	0.843519470397
221	0	5	58	18	911	149	1.7063994034e-05
222	0	440	58	893	911	149	0.899097162083
224	20	195	28	392	237	149	0.317670171725
226	13	2075	0	6	159	149	1
229	2	2105	8	1919	805	149	1
230	179	27	186	23	824	149	0.546005706201
231	2282	27	2097	23	168	149	0.814473283618
232	18	18	22	41	202	149	0.159942771835
233	4	99	0	169	196	149	0.251137621187
234	24768	530	33306	510	200	149	0.0326639492181
235	563	11	1939	11	153	149	0.120107548407
236	9	19	35	8	159	149	2.58557236479e-05
238	3	0	66	14	511	149	0.00571455513673
239	1630	92	3749	95	159	149	0.000112442936453
245	2	0	8	15	578	149	0.00219887013714
247	12	741	24	541	175	149	0.0065274746
248	10	57	0	177	204	149	5.50340336192e-06
252	2	147	0	229	183	149	1
254	25	101	236	424	156	149	0.0019328704549
255	1539	177	4628	601	156	149	0.460051664908
256	66	100	0	157	207	149	0
257	0	19	10	28	321	149	0.000713632461373
258	915	8	1235	12	370	149	0.781199375066
259	3	2	133	238	267	149	0.449986391502
260	10	2	107	97	267	149	0.024303662129
262	9	4	231	426	157	149	0.0151570577706
265	10	18	78	8	396	149	1.43352671955e-08
268	52	3	49	0	324	149	0.0333699502267
269	127	26	229	50	165	149	0.800233150872
270	151	49	161	57	153	149	0.739388542439
288	12	6	45	6	153	149	0.0594511593473
289	15	0	193	40	151	149	0.00146082704087
290	31	4087	47	3416	169	149	0.460277954149
292	0	25	2	22	158	149	0.156827937849
296	0	21	66	17	182	149	8.81517081552e-14
297	1902	25	1307	6	755	149	0.0108802119219
298	9	139	0	96	167	149	0.00519286163475
301	1	14	8	4	254	149	0.000198669702253
310	31	2	137	0	224	149	0.272644404924
311	87	74	128	208	264	149	0.00701522482793
312	77	5	29	0	225	149	0.020561302585
314	534	5	392	0	300	149	0.533960210798
318	194	2	182	0	165	149	0.877421260161
320	0	2	10	0	1635	149	9.24377706268e-07
322	3	0	272	5	333	149	0.153351020827
323	70	0	82	12	342	149	3.1275517098e-05
324	1	71	14	103	287	149	0.00164270223715
325	3	32	31	419	254	149	0.665505248247
328	60	44	36	76	399	149	0.000665433990872
329	41	7	14	165	165	149	0
330	3	8	130	35	215	149	0.000394925742723
336	1027	25	1673	26	170	149	0.169198229165
338	468	1	720	5	754	149	0.150978538295
339	0	137	7	159	446	149	0.713232165699
340	12	84	6	237	158	149	0.000824316878907
343	631	4	733	0	259	149	0.860053764263
344	17	15	155	35	175	149	0.00176041863924
346	1	0	45	9	308	149	0.0100418497826
350	115	7	267	15	710	149	0.913248211946
353	1460	74	32	0	190	149	0.0149774913778
354	334	0	983	30	413	149	4.47061275578e-05
357	15	52	40	231	231	149	0.217783502047
358	91	4	123	20	224	149	0.00737757607024
359	26	43	144	71	164	149	0.000110269358314
361	234	11	111	0	461	149	0.00093041569641
364	18	0	20	4	363	149	0.00157527986802
365	0	27	18	154	153	149	0.00322182262518
367	11	8	0	4	161	149	0.000375356509516
369	0	388	12	265	277	149	0.0336690475813
370	0	149	28	308	153	149	1.06691725795e-05
371	1730	41	1681	33	151	149	0.495662706776
372	6	1	3	0	271	149	0.539098462147
374	951	17	1211	53	1504	149	0.00250808084228
375	6	157	40	139	357	149	3.80165335545e-07
377	10	228	0	442	151	149	0.00168155681502
379	3	220	3	571	170	149	0.735791076822
381	396	15	142	4	307	149	0.482056455976
383	137	75	240	145	319	149	0.666945939407
386	91	54	23	16	169	149	0.692690065595
387	421	240	123	71	491	149	0.938776284938
389	4	7	0	73	343	149	0.000996734940101
393	11	0	36	5	170	149	0.00951561849078
394	7	0	0	4	199	149	1.87595736612e-07
399	6	0	32	14	339	149	0.00115811901417
400	0	20	1	71	187	149	1
405	2	8	1	20	173	149	0.190023839842
406	23	201	175	1749	516	149	0.754349076594
407	33	134	36	618	338	149	2.1636503188e-06
409	42	683	176	3148	171	149	0.741663602064
411	5	12	10	28	173	149	0.833502401957
413	0	204	24	1171	156	149	0.0600492325858
414	291	0	1603	6	580	149	0.851460274723
419	95	8	0	9	179	149	2.66936472926e-11
420	0	47	36	256	228	149	0.000332250527959
421	0	21	25	192	292	149	0.00796358951559
434	44	19	24	24	619	149	0.0407906001939
435	26	19	49	46	154	149	0.501662353019
436	36	4	49	0	158	149	0.0120543553227
437	29	4	46	0	153	149	0.00799855959145
439	11	60	52	26	633	149	9.10307162982e-10
441	69	35	119	31	319	149	0.0360874345313
444	35	0	139	17	701	149	0.000314755555558
445	10	739	33	1641	177	149	0.241872635356
446	4	203	7	292	220	149	0.668651505583
450	12	2	22	16	566	149	0.0464775185381
452	21	9	22	0	159	149	8.99990061293e-05
456	17	266	22	464	247	149	0.447314043062
457	20	266	46	464	442	149	0.337067738627
458	8	5	24	0	344	149	2.44943416904e-05
459	0	31	23	80	203	149	5.03554059738e-05
473	35	4	29	12	203	149	0.0255096866249
476	0	24	24	196	474	149	0.0179145532159
478	3522	50	1076	6	152	149	0.115223871752
496	0	218	19	977	323	149	1
498	3	16	3	52	245	149	0.272793587244
499	0	70	19	140	224	149	0.000148174833505
501	496	120	623	80	270	149	0.00245589093262
502	462	1	523	12	187	149	0.0150487898796
503	9	171	53	441	161	149	0.0175635453496
504	333	47	247	0	174	149	6.54259979527e-11
508	99	1452	45	554	209	149	0.495540229207
510	57	12	45	0	280	149	4.05595763833e-05
511	6406	10	6621	14	5323	149	0.468348299174
512	0	3	8	12	166	149	0.00250671776451
514	1315	26	1653	46	222	149	0.215112961436
525	0	1	41	0	632	149	8.39684415077e-06
526	0	6	25	25	201	149	0.000215343606118
529	0	37	15	252	156	149	0.0158461361168
530	42	67	139	116	176	149	0.0156592718886
531	13	192	9	210	203	149	0.310397373852
532	14	192	42	210	1032	149	0.00233354274607
533	14	13	33	0	978	149	1.5875651127e-08
534	18	13	25	14	155	149	0.612306952902
537	692	0	3194	1	215	149	1
538	0	245	63	1735	222	149	0.00281647842326
543	29	3	115	0	215	149	0.0141660931034
558	12	4	104	9	189	149	0.114756873218
559	89	4	357	9	2474	149	0.377697893042
560	79	2	268	15	2434	149	0.194855863
562	271	0	794	67	1039	149	4.77534789489e-10
565	1	192	3	472	230	149	1
574	3	278	0	168	283	149	1
577	6	0	38	1	155	149	0.353598056628
578	148	2752	36	932	162	149	0.137369790488
579	37	2	25	0	162	149	0.253114657025
590	20	0	11	7	226	149	3.06001206551e-05
596	0	2	19	0	273	149	9.50725879911e-07
597	24	762	30	525	210	149	0.0580942479862
598	46	140	115	51	431	149	6.14286399525e-13
599	19	11004	0	902	158	149	1
600	150	9867	75	3960	250	149	0.632394075032
603	38	6038	34	3183	202	149	1
606	49	0	155	4	589	149	0.0351714076755
608	105	1449	245	2438	835	149	0.0796038020497
610	56	1449	94	2438	395	149	1
611	8	1449	0	2438	151	149	1
612	86	1406	81	1974	709	149	0.225201873843
613	76	1406	82	1974	665	149	0.392495043461
614	55	1406	60	1974	591	149	1
615	1562	2	2239	0	169	149	1
616	1	0	22	1	327	149	0.259554803091
622	2	101	55	189	234	149	5.17449876281e-08
624	9	116	36	198	191	149	0.0218126357015
627	4	182	0	318	151	149	0.538870682827
635	1	8	87	58	345	149	0.000581531745563
636	2214	0	14672	14	165	149	1
638	0	2	7	4	159	149	0.000755985992077
639	327	6	594	17	963	149	0.304055237139
647	3	12	0	110	185	149	0.00967781681686
648	95	6	189	43	483	149	0.0017834659487
649	9	218	0	105	153	149	0.0206483010384
652	0	21	44	59	323	149	1.01743192493e-06
653	9	203	0	1119	208	149	0.019684399355
655	56	16	129	40	351	149	0.803185876296
656	61	16	125	40	337	149	0.556825060184
657	10	15	4	0	163	149	0.00028205211672
658	15	0	78	6	259	149	0.0134373375202
659	15	4	78	13	263	149	0.572095944271
660	0	4	6	13	153	149	0.00311599609575
661	0	452	3	1001	185	149	1
664	8	26	7	83	246	149	0.0334197076535
665	2569	24	768	1	930	149	0.00274776504497
672	105	1	354	0	646	149	0.288661612895
675	68	18	589	61	1913	149	0.00466189314739
676	73	0	623	12	1913	149	0.00522313523288
681	34	0	135	67	161	149	9.63366101336e-08
683	3	36	0	83	196	149	0.101027721701
691	20	15	251	50	252	149	0.00137605927315
692	6	9	3	174	1011	149	0.00216238978109
695	56	2	166	0	769	149	0.0501404647535
701	0	30	7	56	199	149	0.00646894816221
702	299	1	284	0	284	149	1
707	0	51	2	140	336	149	1
708	8	146	18	152	181	149	0.0737862174203
714	34	0	54	6	299	149	0.00220266917333
719	1341	6	273	6	579	149	0.0179839955416
721	0	34	4	121	175	149	0.234509376008
725	242	22	92	9	215	149	0.899533040399
731	3	117	22	395	197	149	0.098971825188
754	54	60	127	113	155	149	0.40276579771
757	3	86	15	597	192	149	0.694153875139
758	58	72	359	491	171	149	0.698558222153
759	0	411	41	895	188	149	2.18209035613e-05
764	20	82	4	111	287	149	0.000101806751244
765	12	8	82	36	429	149	0.365471445722
766	12	0	161	7	526	149	0.016922740221
767	8	0	115	7	246	149	0.0275790645801
768	0	4	14	102	282	149	0.0369257318544
769	1	85	85	343	311	149	2.27124260954e-07
770	20	0	167	3	155	149	0.971956082598
771	430	3	458	0	211	149	1
772	499	17	510	60	340	149	2.3599211832e-05
775	0	541	12	934	158	149	0.844627541244
778	0	4	2	4	602	149	0.111661884511
780	4	0	4	19	161	149	1.85498440377e-05
781	28	53	38	170	420	149	0.0107129497543
783	31	357	13	355	169	149	0.0125215391408
785	6	50	9	461	486	149	0.0521412839094
790	0	6	4	143	212	149	0.485585422344
794	3	2	6	3	151	149	0.77781773221
795	143	39	126	35	341	149	0.953831831743
796	2	99	0	140	153	149	0.526036112234
799	0	6	14	20	242	149	0.000836201522467
809	64	14	332	178	158	149	0.00403243509652
812	11	12	3	61	178	149	5.61881605021e-06
813	8	78	0	334	285	149	0.00212609087748
814	6	6	45	0	181	149	1.39101026586e-06
815	24	6	107	0	233	149	1.78745000832e-05
816	18	0	79	17	201	149	0.000814167197562
817	139	1	424	23	1619	149	0.00242414911459
818	15	30	74	140	155	149	0.832984473388
822	61	19	155	10	189	149	0.000220738912052
825	14	336	8	208	276	149	0.805271067536
826	525	1	207	0	192	149	1
828	32	2	289	105	173	149	0.00102918759613
830	5	13	15	0	173	149	6.3612936696e-08
842	738	4	1588	16	243	149	0.253012340298
844	16	0	119	11	983	149	0.00277250084036
847	65	62	110	172	297	149	0.0572687948318
848	94	2	149	6	155	149	0.295553027934
850	17	3	11	0	287	149	0.010599467136
851	191	16	317	182	503	149	2.93098878501e-12
858	9	4	21	13	164	149	0.574584638309
861	0	1	4	0	417	149	2.2986082621e-05
864	77	385	66	808	161	149	8.61612798612e-05
866	4	95	39	86	215	149	8.44588173843e-08
867	4	117	28	197	215	149	0.00193631461983
868	7	17	44	102	195	149	0.848358844934
869	66	596	139	1078	179	149	0.454682212198
870	2	27	6	72	230	149	0.686158893339
871	96	10	237	5	472	149	0.00377061250697
872	78	7	266	0	652	149	6.79576275897e-06
873	13	6	50	2	155	149	0.00199085467781
876	9	0	17	10	161	149	0.000372500446917
877	64	1922	5	38	164	149	0.0660560665448
878	269	125	9	1	206	149	0.0461437612386
879	1239	1130	32	81	206	149	3.04765480085e-05
880	5	4	37	13	158	149	0.31009133835
882	18	35	41	233	168	149	0.00534079742955
885	12	18	0	71	161	149	8.12177713971e-09
891	80	40	82	69	182	149	0.0682694702066
892	49	8	39	15	409	149	0.0751706524683
895	2	15	0	48	259	149	0.40704396449
899	77	12	18	0	182	149	0.00281292072903
900	272	165	358	57	505	149	8.97761753826e-10
901	151	2510	0	10	159	149	0.0418757792059
903	0	25	25	162	228	149	0.00212633105844
905	0	16	12	279	275	149	0.159349576533
906	3	67	20	393	222	149	0.638633746278
911	0	90	16	215	274	149	0.00391905808919
914	76	30	57	16	173	149	0.347824157597
915	20	7	82	40	181	149	0.424118631507
916	194	5	294	0	167	149	0.173227055061
917	796	10	335	0	167	149	0.581639365653
918	133	5	136	0	204	149	0.0295148531903
923	84	0	54	16	1044	149	1.13558584758e-08
932	77	348	95	289	1671	149	0.0783797925457
934	0	9	12	18	377	149	0.000618889432049
935	47	364	71	243	329	149	0.0009536869646
943	67	2	58	9	180	149	0.012462523584
945	42	25	83	363	523	149	1.75970460425e-10
948	0	10	6	13	359	149	0.00292460414505
953	34	9	71	0	166	149	9.83835479473e-06
955	1	136	4	262	203	149	0.819623435934
959	76	0	136	20	174	149	1.90230756831e-05
960	1	9	77	5	424	149	5.25146259811e-10
964	7	31	0	13	168	149	0.00358225905637
967	2	12	121	174	1298	149	0.0089408682199
974	21	1194	5	620	197	149	0.424377396761
977	502	2	251	0	1096	149	0.604481393708
983	134	14	369	20	182	149	0.116394979301
991	39	1424	48	760	175	149	0.00145917268535
994	12	0	30	25	151	149	1.81073198406e-05
997	127	4	140	4	263	149	0.949521556176
998	272	4	311	4	273	149	0.870451947327
999	147	2	171	0	159	149	0.589609238643
1001	12	21	8	62	513	149	0.00594819083836
1002	45	8	301	95	180	149	0.116004478887
1005	0	17	8	23	205	149	0.00076192713052
1007	3047	139	108	7	197	149	0.694898240521
1008	0	29	3	110	158	149	0.426587638913
1019	4	91	11	351	156	149	0.923767864857
1022	3	51	0	199	167	149	0.179525712622
1032	6081	64424	208	1504	305	149	0.0194536444178
1063	1	0	159	15	170	149	0.0343544100874
1065	6	3	32	0	156	149	0.00146856026664
1071	28	394	22	179	272	149	0.113997902452
1072	11	8	113	94	278	149	0.835279197347
1073	5	8	53	94	280	149	0.835312100201
1076	1	13	0	18	2832	149	1
1077	14	33	22	44	315	149	0.68100364725
1079	0	232	12	423	166	149	0.0311811504544
1081	28	395	26	588	265	149	0.138877031335
1083	2	1284	16	5990	161	149	1
1086	26	3	128	0	193	149	0.0146966162068
1090	5409	13	346	0	593	149	1
1092	5	19	4	7	174	149	0.360893449299
1093	2	47	9	64	2056	149	1
1096	28	166	76	184	202	149	0.00102667862675
1097	17	2	36	2	203	149	0.590770917632
1098	425	4	476	12	512	149	0.0594356409306
1100	213	0	401	4	280	149	0.74457387155
1101	135	3	305	50	381	149	1.45052474443e-05
1103	176	5	62	0	213	149	0.0941758199732
1113	14	0	137	20	361	149	0.00236323105024
1115	170	0	1528	8	171	149	1
1119	13	12	54	0	185	149	3.28415994399e-09
1121	21	43	40	40	1537	149	0.0495100740362
1129	44	5	284	28	211	149	0.794924087026
1135	0	218	7	100	153	149	0.00165559324301
1137	211	3	634	28	200	149	0.0176442706226
1138	9	223	37	400	192	149	0.0215266531317
1139	11	94	38	207	366	149	0.187884716139
1140	4	0	109	253	164	149	8.65183057711e-05
1143	35	116	35	97	219	149	0.56629472318
1148	4	4	4	51	215	149	0.00895459839113
1149	25	218	21	95	171	149	0.0692636163971
1150	5	6	54	0	267	149	1.50476069605e-07
1152	231	68	26	11	204	149	0.435882016092
1153	1786	68	145	11	181	149	0.123256402258
1154	3618	364	445	39	347	149	0.494200854979
1155	1432	14	183	0	347	149	0.10431757878
1158	29	23	31	125	317	149	1.09934267414e-05
1159	36	2	54	0	340	149	0.0805062534675
1160	30	2	148	0	172	149	0.37488110817
1166	124	21	110	2	308	149	6.40864509055e-05
1169	2568	23	557	0	200	149	0.643468545185
1176	80	39	306	52	851	149	0.000192868763509
1177	85	39	293	52	855	149	0.000736061908893
1178	5	0	0	13	153	149	9.77751690723e-09
1181	1476	10	1190	27	182	149	0.00182848943233
1182	74	8	146	40	176	149	0.0162884075689
1183	45	379	94	703	153	149	0.591323600124
1184	106	234	180	187	170	149	0.000321333888086
1185	87	2	111	0	170	149	0.555457539093
1187	9	2	7	4	345	149	0.283986461121
1188	7	2	22	24	194	149	0.0648665320378
1189	4	2	10	24	258	149	0.105089195325
1190	0	3	8	20	213	149	0.00679295664226
1191	0	300	15	1014	153	149	0.379690741829
1195	6	17	28	40	158	149	0.156870616041
1199	2	61	0	74	252	149	0.52355922602
1203	159	24	333	0	198	149	2.83787437994e-11
1205	125	0	313	9	307	149	0.0100130637925
1206	237	0	299	2	331	149	0.579941662203
1208	4	20	14	46	305	149	0.403985520552
1209	36	7	102	55	369	149	0.0170604397909
1210	53	494	12	225	243	149	0.0301569788297
1214	112	16	16	14	268	149	0.000123725050165
1215	5	29	0	12	169	149	0.0096670956482
1216	118	886	2	38	186	149	0.0593367710847
1217	1641	2	55	0	180	149	1
1218	47	24	24	18	158	149	0.357114024084
1219	8	131	4	360	163	149	0.00664143751589
1220	22	783	0	619	153	149	0.00130771134373
1221	175	0	223	59	297	149	3.60822483003e-14
1222	59	4	384	0	268	149	0.00484358933441
1223	0	11	22	133	550	149	0.0279856272058
1226	36	159	109	301	724	149	0.0569001642023
1227	26	15	13	0	283	149	6.06332248438e-05
1228	23	413	13	30	283	149	1.19388647583e-05
1230	68	0	170	1	301	149	1
1231	34	2	89	0	301	149	0.117556981633
1243	7	7	129	80	194	149	0.389209068364
1245	163	1	230	0	181	149	1
1246	25	35	46	241	244	149	0.000164601858247
1247	134	4	221	0	476	149	0.0123739679784
1250	0	53	34	217	153	149	5.53814025174e-05
1254	59	341	98	327	751	149	0.0160912187166
1258	60	2	171	50	360	149	4.34899060098e-05
1260	7	0	57	143	156	149	1.92140498712e-06
1263	6	4	8	68	166	149	0.000952303144714
1269	12	2	115	0	236	149	0.0538057848401
1270	29	48	56	9	348	149	8.54361825731e-09
1279	354	19	1218	110	436	149	0.0532597764977
1280	88	75	87	58	155	149	0.360220817101
1284	12	95	21	109	157	149	0.28162501529
1286	182	0	431	18	263	149	0.000474795546687
1287	232	17	1038	121	2017	149	0.117629029777
1294	15	61	3	188	215	149	6.95918202842e-07
1297	2	11	0	48	270	149	0.295132682263
1298	0	8	3	6	153	149	0.00589748227079
1300	9	0	84	11	241	149	0.007763746702
1305	1	1017	86	14097	159	149	1
1309	0	2	34	16	278	149	0.000959406162595
1318	0	2	13	105	372	149	0.0721118796985
1321	15	0	130	2	258	149	0.905866033427
1323	2	180	15	545	466	149	1
1324	2	180	5	545	158	149	1
1325	44	16	55	0	244	149	2.81317861228e-07
1328	8	3	67	63	289	149	0.17891266768
1330	17	16	67	62	185	149	0.957057859697
1333	119	12	311	0	376	149	1.29727416698e-07
1334	14	36	4	65	179	149	0.000778690619577
1336	89	43	10	0	151	149	0.000279509580207
1341	102	2	75	16	182	149	4.49371074095e-05
1344	32	1	90	14	196	149	0.0179197795355
1346	9	27	8	6	197	149	0.0355139818721
1348	0	49	9	353	327	149	0.819955310688
1349	5	28	110	72	197	149	1.22091518462e-06
1352	2	121	0	67	212	149	0.82394971515
1353	20	134	6	88	288	149	0.074749537053
1354	0	91	1	203	226	149	1
1356	4	74	7	132	236	149	0.900463111797
1357	32	8	87	45	161	149	0.0758165229151
1361	8	10	37	0	168	149	2.91382851181e-08
1363	0	10	10	16	169	149	0.000284487130644
1368	17	0	133	21	164	149	0.00270683105697
1371	2	14	0	131	178	149	0.221030506948
1378	0	8	16	32	162	149	0.000705360795228
1379	19	0	260	6	912	149	0.0190531530575
1380	54	0	466	6	1456	149	0.0182585917645
1388	9	5	5	2	420	149	0.707515844186
1396	3	0	118	34	2170	149	0.00789617179898
1405	6	51	25	175	294	149	0.576746762936
1407	8	9	2	0	159	149	0.00170828747682
1408	64	25	210	16	277	149	1.01440702482e-05
1411	24	15	178	26	173	149	0.000781933750318
1412	0	32	21	80	161	149	5.87317958554e-05
1416	3	0	114	4	161	149	0.219198597886
1424	85	0	506	10	617	149	0.0150292021093
1430	1	94	0	491	178	149	1
1432	908	6	775	0	283	149	0.754057643996
1433	1454	2	926	0	414	149	1
1452	32	152	28	15	470	149	2.66542687921e-08
1454	2588	197525	275	16822	369	149	1
1455	15	19	260	76	167	149	0.000224944718113
1457	4	10	14	63	395	149	0.701112637699
1461	12	28	47	78	188	149	0.35315572183
1464	107	24	168	54	164	149	0.220232645746
1465	10	0	97	10	220	149	0.0118905728502
1470	1336	18	1963	28	165	149	0.8374014101
1472	394	19	190	37	634	149	1.00537526817e-05
1476	13	4	70	62	185	149	0.0508629216086
1478	0	80	4	231	175	149	0.696905575392
1481	0	3	5	242	238	149	0.729272503118
1483	5	307	35	263	205	149	3.40546969402e-07
1484	8	45	44	67	440	149	0.00118284045531
1489	12	4	73	55	161	149	0.124726952368
1491	115	68	82	68	194	149	0.198886646517
1495	218	0	415	22	188	149	7.8475150954e-05
1506	56	1	133	0	513	149	0.262485207903
1507	70	23	187	28	644	149	0.0217546817894
1508	15	23	54	28	280	149	0.00819974000196
1511	104	499	736	5096	1687	149	0.056246267365
1513	0	319	5	2413	245	149	1
1517	80	313	1270	2882	2544	149	0.003626655388
1519	21	313	666	2882	1396	149	2.02799139559e-06
1520	7	313	98	2882	312	149	0.195304083247
1521	5	250	119	4211	502	149	1
1522	4	250	136	4211	262	149	0.0869540012802
1524	119	3	768	0	1090	149	0.00797324563405
1528	44	4	123	0	311	149	0.00225879364866
1532	2	146	33	668	374	149	0.0521447220078
1533	0	23	4	145	211	149	0.506223530956
1538	366	9	407	0	280	149	0.00388211839492
1539	6	55	3	307	189	149	0.00212958925811
1540	50	1	195	0	259	149	0.308444920265
1541	8	60	0	148	164	149	9.32289911056e-05
1544	12	0	206	34	1526	149	0.00163756430214
1546	333	9	417	0	292	149	0.00200166533033
1547	430	4	602	46	403	149	4.18891015208e-07
1548	106	4	185	46	260	149	1.5976414127e-05
1549	1	7	99	31	155	149	0.000123690234857
1551	4	22	12	299	212	149	0.0930573494503
1552	2	2	0	8	212	149	0.00874147518842
1553	0	69	16	97	1939	149	0.661614398753
1554	161	3	233	0	2266	149	0.00808526429926
1556	340	0	265	26	153	149	1.09108755364e-08
1558	58	7	60	15	229	149	0.127792795425
1559	46	7	37	15	218	149	0.0477088770103
1560	61	216	37	217	218	149	0.0563062587025
1561	0	9	20	104	187	149	0.00654095806026
1565	2	106	0	102	153	149	0.529193217896
1567	27	43	80	154	208	149	0.582499643321
1572	21	1451	114	3185	223	149	0.000494925534092
1573	29	260	15	789	153	149	3.10336526699e-07
1576	2	282	0	197	155	149	1
1577	207	4	835	7	193	149	0.370667459905
1578	1023	2	2047	5	970	149	0.611341928328
1579	1677	0	3965	23	647	149	0.00572893431327
1580	117	4	198	6	518	149	0.887161100387
1581	155	23	193	51	172	149	0.050639129735
1582	3	2	10	20	172	149	0.246823148078
1583	39	215	48	186	560	149	0.201492733915
1587	127	0	438	57	397	149	5.90698046032e-08
1589	82	37	132	362	291	149	2.0468071682e-12
1590	14	48	108	229	319	149	0.124899196377
1591	25	869	30	760	156	149	0.307676920683
1592	0	22	61	333	155	149	0.000753710441246
1598	72	0	230	10	240	149	0.00863048974746
1603	194	1204	989	3421	188	149	0.000361844959994
1608	177	0	30	12	182	149	4.00841360104e-10
1610	657	0	226	1	211	149	1
1611	2	279	16	223	219	149	0.000313312843429
1612	5	6	0	14	159	149	0.000170402430105
1613	13	213	0	191	203	149	0.00118069627978
1614	14	213	14	191	193	149	0.800857810661
1617	19	16	127	4	210	149	1.276844519e-09
1618	113	16	747	4	215	149	2.30294561199e-10
1619	94	0	638	18	154	149	0.0375787366071
1620	13	145	2	683	219	149	1.29060995885e-05
1621	0	12	10	81	188	149	0.0146488237341
1622	53	26	122	8	762	149	1.32594044799e-06
1624	0	9	6	226	161	149	0.28304626789
1631	16	2	14	0	213	149	0.0600035895367
1632	2	14	0	10	174	149	0.0949476987466
1633	7	78	33	25	182	149	5.57379253863e-10
1642	34	391	14	228	256	149	0.282644433086
1643	38	36	14	30	256	149	0.041113188534
1645	9	0	4	27	153	149	7.31616456306e-09
1646	0	79	32	389	1060	149	0.693723068316
1650	47	11	463	0	1098	149	1.00719432794e-12
1653	48	0	255	10	389	149	0.0101451038113
1654	14	138	4	22	259	149	0.659124339956
1657	20	0	252	12	188	149	0.0345802435062
1658	3	11	36	146	219	149	0.769369486167
1665	60	16967	99	30495	182	149	1
1667	93	0	855	26	175	149	0.0192634043315
1674	85	3	110	0	154	149	0.326022638454
1679	3	0	73	10	206	149	0.0154482123267
1681	6	0	33	4	194	149	0.0209666753382
1689	16	823	47	2342	251	149	0.86086891366
1697	45	10	127	10	604	149	0.0367990032399
1698	24	10	31	10	315	149	0.626151561093
1699	0	14	15	30	159	149	0.000132627906635
1702	1	69	14	14	191	149	1.98529981343e-09
1704	15	68	12	257	216	149	0.00047900284105
1708	0	114	7	184	224	149	0.110269365403
1719	39	39	246	86	653	149	0.000278079538276
1721	2	2	90	0	203	149	0.00185350001218
1724	0	1079	7	4548	166	149	1
1725	0	54	16	294	196	149	0.0174258149792
1728	1045	25	2604	160	292	149	9.66721910055e-05
1729	0	420	6	732	153	149	1
1730	0	2	12	38	165	149	0.00960577609228
1733	0	74	5	13	207	149	0.000145296443878
1738	0	8	4	16	170	149	0.0104265419023
1739	4	8	41	16	574	149	0.00661466264148
1740	4	0	41	4	553	149	0.00462421242085
1742	6	5	52	101	182	149	0.221530761758
1743	10	16	17	0	156	149	1.54716754741e-07
1749	1	14	0	21	392	149	0.350641001337
1750	1	14	0	21	313	149	0.310435528376
1751	34	1094	78	1126	305	149	0.00112928358488
1752	122	7	461	0	337	149	7.23237499319e-05
1754	20	44	328	53	224	149	4.4408920985e-16
1755	1	44	1	53	153	149	0.73151256626
1764	260	369	765	629	200	149	0.00142029030486
1765	13	607	1	1294	163	149	0.0971335175886
1772	2	5	11	105	194	149	0.603625489087
1775	1	4	33	0	322	149	2.29486306291e-07
1776	1	3	33	0	272	149	6.70612525011e-06
1777	250	0	465	9	769	149	0.00242150694723
1780	689	1558	1927	6428	438	149	0.0103908669629
1781	11	6	0	25	219	149	6.01765127728e-08
1788	11	793	31	1731	170	149	0.43370778332
1800	20	6	125	0	353	149	2.10907655018e-06
1801	21	381	95	398	1270	149	7.77528313289e-07
1803	9	8	66	59	245	149	0.980512597844
1806	55	6981	126	11456	153	149	0.805727592235
1807	3790	0	7859	4	265	149	1
1808	10716	0	19189	4	261	149	1
1809	40	71	166	115	423	149	0.00036793013102
1814	0	95	6	315	226	149	0.751390269458
1818	143	14	459	9	1361	149	0.000342969891695
1821	74	389	51	599	368	149	0.00073350322718
1822	57	2367	71	2743	174	149	0.758350240836
1823	12	0	0	2	259	149	1.71750412459e-06
1825	4	16	28	264	310	149	0.442488241549
1826	140	0	685	8	203	149	0.430368624312
1827	9	4	95	10	251	149	0.0764951198884
1830	26	9	37	17	153	149	0.542711890246
1831	1975	0	2607	7	288	149	1
1847	3	3	8	0	159	149	0.00139457773725
1848	42	7	316	0	179	149	5.33705508987e-06
1850	7890	50	4219	18	257	149	0.803495902898
1851	5	0	353	3	215	149	0.709702597253
1852	11	26	208	61	548	149	4.62857260297e-08
1855	354	42	2484	371	215	149	0.267180742419
1856	555	0	2320	18	553	149	0.01927643052
1857	303	2	979	0	328	149	0.589902199455
1859	1202	3	3055	52	152	149	0.0128306738413
1862	3	20	11	17	152	149	0.0229547515949
1865	98	23	97	25	200	149	0.787261201915
1866	48	10	71	0	166	149	2.30066201161e-05
1870	166	0	416	13	167	149	0.0124305645156
1871	66	421	82	461	152	149	0.574572337471
1874	11	12	110	79	155	149	0.365532477311
1877	90	9	1289	8	1200	149	1.00823976346e-06
1878	436	0	658	20	181	149	0.000524759826238
1881	9	8	32	24	263	149	0.721507277631
1884	1	0	0	15	220	149	5.65395797235e-05
1885	1	61	0	569	348	149	1
1886	0	61	15	569	277	149	0.397777680701
1905	0	9	10	53	256	149	0.0116812577057
1906	6	0	16	32	291	149	2.25601761709e-05
1908	0	672	24	3248	318	149	1
1914	390	220	733	129	821	149	6.98023305823e-10
1917	1	10	0	95	154	149	0.224527154993
1920	10	5	59	8	243	149	0.0698838704644
1921	28	0	125	24	622	149	0.000114995121387
1922	245	315	427	264	647	149	5.81089927333e-05
1924	25	12	37	91	259	149	7.34853234082e-05
1925	125	23	375	68	296	149	0.972010424346
1929	0	19	30	132	167	149	0.000675624759739
1932	0	5	3	95	194	149	0.432540596196
1933	10	59	49	254	291	149	0.635575755707
1939	101	3	244	0	186	149	0.332975661082
1941	0	7	13	7	267	149	3.25326378077e-05
1945	9	0	39	5	240	149	0.00815205370876
1947	0	8	22	24	194	149	0.000102961559005
1949	8	29	8	152	169	149	0.00574469704627
1950	8	64	18	736	169	149	0.00377880054081
1953	2	75	70	488	337	149	0.00094683001744
1957	0	1	7	36	162	149	0.0188699376372
1959	9187	632	14077	316	226	149	1.2038148256e-12
1960	5688	20	6213	3	203	149	1
1961	2490	20	3262	3	585	149	0.000550202369365
1962	34	3232	49	3000	531	149	1
1964	53	5	308	79	368	149	0.0188723080249
1965	2807	110050	19	397	296	149	0.0536771715595
1967	12	42	34	60	220	149	0.0761600424191
1972	276	20	660	18	176	149	0.00808165672877
1974	5	8	55	62	197	149	0.467994842199
1977	2	0	136	9	3097	149	0.0079000029601
1979	7	0	36	13	161	149	0.00197048631431
1984	2	34	0	85	231	149	0.732443331198
1995	1	67	14	313	357	149	0.205036035539
2001	316	0	800	10	360	149	0.0393026984158
2002	114	3	163	0	360	149	0.0808043364203
2005	4	7	33	0	167	149	1.72177735625e-07
2010	5	347	0	376	283	149	1
2013	94	39	390	112	386	149	0.15956981119
2015	1	9	13	28	156	149	0.051419172706
2016	33	33	209	55	1098	149	2.20412472957e-05
2017	22	6	50	34	172	149	0.0535573705796
2018	279	4	625	0	2411	149	0.00205204614877
2020	177	0	781	19	2256	149	0.000352412793336
2022	68	7	213	11	181	149	0.257803977693
2028	4	2	0	62	1044	149	0.00355385105425
2031	0	7	21	84	1088	149	0.0484941368464
2033	0	5	27	123	161	149	0.00813306086858
2034	1	9	29	217	161	149	0.574988904918
2037	6	3	31	0	193	149	0.00100407835276
2038	408	15	951	50	494	149	0.230645948372
2040	0	3	9	111	155	149	0.0435266514117
2043	2	5	0	115	160	149	0.0315684333277
2044	32	152	4	168	311	149	9.95701562756e-07
2045	28	127	8	179	161	149	6.08919039925e-05
2047	0	60	5	246	153	149	0.388309951181
2048	121	277	116	105	173	149	3.01222612658e-05
2051	4	103	122	5345	297	149	0.875354534367
2053	2	0	10	47	203	149	0.000530690034898
2059	20	24	121	58	161	149	0.012483947839
2069	7	449	60	1881	339	149	0.154702249426
2071	1128	0	2269	4	181	149	1
2080	0	7	12	13	389	149	0.000468926185896
2084	32	3	68	3	152	149	0.458808559707
2085	37	3	81	0	188	149	0.0318983041266
2086	8	3	16	0	185	149	0.00437044274548
2097	75	2	285	21	405	149	0.0619248894393
2100	5	114	14	581	762	149	1
2103	6	1	11	0	182	149	0.447948801804
2109	47	30	237	460	210	149	8.30879479268e-05
2110	0	7	5	12	154	149	0.00211381768279
2111	40	3	38	0	196	149	0.0450353674181
2112	5	3	26	0	209	149	0.000749100613975
2113	0	35	11	23	162	149	6.15188234721e-06
2118	144	296	199	682	275	149	0.00810566843964
2119	0	3	30	34	197	149	0.00162440569459
2124	1	133	12	246	179	149	0.0145215078999
2126	53	53	86	55	158	149	0.126913638992
2127	54	7	152	0	203	149	7.13728192332e-05
2128	6933	16	2464	10	522	149	0.560621277552
2130	716	1	734	0	1137	149	1
2131	303	8	440	0	153	149	0.0629488888314
2141	9	6	33	8	282	149	0.114769084235
2142	40	0	82	9	183	149	0.00213717702578
2143	32	0	140	4	176	149	0.195732651799
2147	13	3	12	0	309	149	0.00552624691788
2148	231	697	595	1880	274	149	0.797879649191
2157	13	98	0	169	184	149	6.63731685024e-06
2160	0	3	14	15	261	149	0.00181734483556
2162	85	8	396	0	609	149	4.92631416993e-07
2163	30	383	120	513	1760	149	0.000250281747657
2164	0	92	25	228	400	149	0.000639146770691
2166	353	46	163	11	230	149	0.0517976595494
2167	10	13	11	0	158	149	8.93572993099e-06
2170	3375	6	336	12	309	149	4.06728849334e-06
2172	21	34	33	49	169	149	0.8086043518
2173	0	2	14	11	905	149	0.00554325497953
2176	6	75	0	30	159	149	0.0203611745247
2178	105	2	227	0	863	149	0.118115779653
2181	2	0	3475	9	2502	149	0.0994254523119
2182	31	1	182	0	218	149	0.27274801436
2183	69	1	544	0	321	149	0.327511445182
2184	38	0	395	33	252	149	0.00188871972334
2191	106	3786	94	6822	166	149	0.000476778373858
2192	635	0	3333	10	584	149	0.862610509701
2193	376	12	2648	54	158	149	0.320392486001
2195	366	4	3577	0	293	149	0.543220790874
2196	51	4	539	0	197	149	0.00946960619909
2199	46	0	119	20	154	149	0.000115695381966
2200	8	59	0	72	165	149	0.000576750992823
2201	59	4	93	0	157	149	0.0248242436256
2202	731	6	1278	0	1280	149	0.0038916636583
2203	105	344	218	580	930	149	0.281633418929
2205	330	0	878	15	176	149	0.0656072591179
2209	71	6	194	0	257	149	0.000346874846101
2210	21	3530	49	4667	153	149	1
2211	53	122	144	316	312	149	0.807566676569
2212	3562	122	4762	316	308	149	0.000181561229686
2213	3559	40	4833	83	490	149	0.0691309409403
2214	135	40	392	83	331	149	0.201979944469
2216	183	1212	482	2894	440	149	0.556822660877
2217	183	39	482	111	444	149	0.742259827799
2218	96	1212	274	2894	345	149	0.330655521513
2219	96	39	274	111	349	149	0.994439389498
2220	1212	39	2894	111	153	149	0.423046517036
2227	7	192	0	466	153	149	0.0297319517261
2230	8	2	23	26	467	149	0.059168717877
2232	34877	815	337	11	354	149	0.505401257534
2233	11828	40	184	0	335	149	1
2234	16	78	121	220	158	149	0.00118773801531
2235	0	3	111	6	812	149	1.78676211782e-06
2238	43	12	318	13	187	149	7.71579268021e-05
2241	19330	5	1080	0	518	149	1
2242	2137	33	145	0	518	149	0.0128154302808
2250	16	1170	16	2624	234	149	1
2251	1	0	0	4	176	149	2.58171904118e-05
2257	0	178	2	597	192	149	1
2260	257	11	530	2	294	149	0.000176152763259
2261	289	11	614	2	315	149	0.000164448012847
2266	6	36	21	34	847	149	0.00689097975378
2267	0	36	18	34	675	149	8.86161306646e-06
2268	0	23	8	114	346	149	0.102860343237
2272	17	8	16	2	155	149	0.0677845244892
2274	0	5	33	72	196	149	0.00230955435284
2275	14	0	126	9	352	149	0.0109472790326
2283	0	8	83	0	713	149	8.881784197e-16
2288	84	8	214	49	179	149	0.0189280633267
2291	7	0	80	27	233	149	0.00159557757495
2293	25	3	22	70	304	149	6.50085762999e-10
2298	0	28	14	18	760	149	1.06176343178e-05
2300	2	0	18	28	224	149	0.00161058698105
2302	20	12	2	0	167	149	0.00395541148409
2304	1163	0	486	22	4346	149	2.33812968986e-13
2305	8	1096	29	356	458	149	0.000348813579049
2307	0	5	1	0	337	149	3.05334820161e-05
2309	4	157	53	441	166	149	0.000270747624639
2310	7	0	86	7	443	149	0.0106345284373
2312	0	10	34	0	820	149	3.1197266992e-14
2313	0	2	34	7	820	149	0.000327024614094
2314	17	13	13	21	236	149	0.142892399127
2315	13	0	152	14	197	149	0.0125606290029
2316	87	4	293	7	884	149	0.431771065755
2319	13	14	8	0	215	149	5.71424737602e-05
2320	0	35	14	89	182	149	0.000868532728367
2321	12	16	85	201	593	149	0.283201495295
2323	2	2	0	66	249	149	0.0166505387797
2330	49	46	39	140	396	149	1.10716917611e-05
2337	14	104	2	56	158	149	0.0233702565695
2340	5	4	12	60	197	149	0.0244196793166
2345	18	0	29	27	182	149	6.2484721397e-07
2346	7	0	56	27	318	149	0.000655041953922
2347	10	0	145	27	358	149	0.00236689777937
2348	7	18	56	29	285	149	0.000702274143099
2349	10	18	145	29	325	149	7.17766212688e-07
2357	14	0	147	7	167	149	0.0526497020591
2358	833	34	1082	24	309	149	0.0433460115197
2361	4	94	0	121	153	149	0.097802079054
2363	13	12	99	24	350	149	0.00478537670481
2364	301	2	2872	0	307	149	0.623137373258
2365	117	4	163	26	481	149	0.00104763834733
2371	56	0	162	5	733	149	0.00854628631232
2373	11	44	138	143	185	149	0.000107527489148
2374	39	5	31	0	202	149	0.00471688123822
2378	3055	3	931	0	286	149	1
2379	6024	3	1689	0	286	149	1
2381	214	5	214	34	610	149	4.99217927463e-06
2383	569	1	766	0	601	149	1
2384	5	6	21	66	385	149	0.287790675355
2386	28	22	12	22	197	149	0.0624239826743
2387	8	30	36	210	165	149	0.472523390673
2388	132	2654	403	4662	227	149	0.00145053752096
2389	36	8569	111	14359	166	149	1
2390	2	0	80	6	233	149	0.0281313920142
2391	0	30	8	108	433	149	0.125735080482
2393	10	1	48	25	278	149	0.030994118136
2395	8	0	39	38	267	149	5.24331849334e-05
2400	4	26	18	48	232	149	0.0818620647835
2407	48	2	103	0	316	149	0.194032930189
2408	35	2	39	0	268	149	0.107307731429
2409	17	4	64	0	197	149	0.000762743330368
2410	54	2	137	0	394	149	0.171330030007
2411	23	4	98	0	275	149	0.000566713512482
2412	14	3	53	19	227	149	0.327050964469
2413	19	3	35	19	269	149	0.0354069787951
2414	5	0	0	18	191	149	5.6643572055e-09
2415	5	141	16	203	172	149	0.0888760957322
2418	4	0	10	40	159	149	2.37362872211e-05
2419	9	3	0	53	250	149	7.45108641453e-10
2439	31	0	244	20	215	149	0.00434993252007
2440	3	36	24	209	645	149	0.399814003397
2441	85	8	379	0	172	149	3.45729138296e-05
2448	26	56	30	233	205	149	0.00020372061146
2451	54	8	346	0	291	149	3.67336312368e-07
2453	669	9	308	0	154	149	0.658656882008
2454	805	20	403	16	204	149	0.233368190117
2455	145	20	95	16	199	149	0.625963489587
2456	1453	10	212	0	218	149	1
2457	318	20	89	0	174	149	0.00122480148088
2464	80	122	0	17	205	149	4.6298767592e-06
2465	108	122	0	17	169	149	4.64875037354e-07
2474	2	20	0	11	282	149	0.303596259176
2476	0	8	7	36	164	149	0.00823434269844
2478	186	6	254	0	297	149	0.00683483519703
2486	53	6	257	23	195	149	0.922117948298
2487	3	294	0	140	204	149	1
2495	144	239	76	210	224	149	0.019767792057
2496	6	0	14	5	181	149	0.00257675243668
2500	6	27	7	71	161	149	0.232351397702
2502	10	38	0	96	252	149	8.47285187822e-06
2503	331	0	423	16	340	149	5.49787071035e-05
2506	8	61	19	164	361	149	0.881672014159
2512	58	662	12	587	152	149	3.81005754102e-06
2513	1	15	0	10	220	149	0.275694411774
2514	17	214	50	399	155	149	0.128768561096
2515	9	128	0	371	151	149	0.000187731258831
2516	0	29	7	242	200	149	0.267565731556
2518	376	9	657	0	397	149	0.000554362662698
2520	66	403	25	1061	291	149	3.67594843453e-13
2522	0	414	12	1120	598	149	1
2523	3	7	59	192	159	149	0.787028086097
2525	0	10	14	104	662	149	0.0761229952412
2526	23	7	219	48	445	149	0.519056297204
2528	653	0	1002	7	438	149	0.245926851301
2529	111	5	6	9	164	149	2.37720259033e-07
2530	3023	6	1041	0	931	149	0.750840589896
2535	21	6	170	76	212	149	0.295247625816
2537	343	2	1478	9	225	149	1
2538	291	4	785	26	575	149	0.0497178344544
2539	5	22	6	21	723	149	0.718712005838
2540	392	90	173	20	158	149	0.0139745610932
2543	12	40	68	72	215	149	0.00176276642212
2544	2	17	18	77	180	149	0.195799919207
2545	19	87	118	282	215	149	0.0236149536649
2546	5	7	26	14	180	149	0.130230522541
2547	7	25	89	60	215	149	9.94170460545e-05
2550	77	105	91	175	167	149	0.157966419423
2555	305	7	1068	68	167	149	0.00433106383977
2556	328	230	1078	838	170	149	0.547468848717
2557	30	230	78	838	152	149	0.244172007853
2562	12	3	19	27	314	149	0.0073444447241
2563	11	35	20	82	261	149	0.648167170628
2565	1042	2	3823	0	290	149	1
2580	143	4	1113	19	265	149	0.785910043294
2587	23	39	362	391	1414	149	0.0988855807746
2589	137	62532	9	4078	174	149	1
2592	109	4	1561	19	211	149	0.229195374216
2593	2	4	54	19	172	149	0.0417839767514
2594	0	96	84	1421	477	149	0.0291199141804
2595	85	0	1266	7	310	149	0.780020276385
2596	19	23	92	166	152	149	0.291065706256
2598	85	19	340	61	211	149	0.551242427035
2600	0	13	8	70	234	149	0.0228789822417
2604	25	0	148	45	293	149	2.53821725382e-05
2608	7	30	17	110	213	149	0.562934014785
2611	8	944	0	288	157	149	1
2616	45	1	11	0	210	149	0.326279152284
2617	175	9	302	57	175	149	0.000186044502091
2627	187	5	766	5	301	149	0.0590287706915
2628	2	32	55	229	1232	149	0.0168982560719
2635	25	472	21	483	168	149	0.549904670822
2636	0	16	216	309	173	149	3.18210482819e-06
2638	20	67	130	166	198	149	0.00112479006835
2641	175	6	29	0	371	149	0.0245178490536
2642	169	0	582	28	248	149	0.000176838904864
2643	29	12	177	45	567	149	0.221246354338
2645	5	0	28	16	256	149	0.00106558247528
2651	2	1	94	0	183	149	0.309979529526
2653	1	12	23	58	161	149	0.0251125015417
2654	49	101	510	848	360	149	0.314235689621
2655	39	2	447	9	360	149	0.78480761487
2658	21	0	185	6	272	149	0.0497122501727
2660	25	0	277	19	154	149	0.0150410942804
2662	23226	0	82428	42	695	149	1
2666	0	71	8	790	159	149	1
2669	6	4	41	0	371	149	2.38802280377e-05
2671	2	8	0	30	282	149	0.145311595293
2672	0	2	23	115	158	149	0.0157771700669
2673	2	117	18	188	154	149	0.00235923038291
2675	31	4	157	19	251	149	0.879841928235
2676	8	1044	1	1322	187	149	1
2677	156	0	788	6	176	149	1
2682	197	1	245	18	209	149	7.06048947156e-05
2683	0	4	23	32	155	149	0.00126478554737
2689	1482	87	1248	35	329	149	0.00207488354429
2690	16	0	29	2	329	149	0.0782083140502
2691	92	1	317	0	260	149	0.466214582848
2692	307	0	533	37	1099	149	4.49657522328e-09
2693	7	9	11	110	162	149	0.00200420537298
2695	977	2	187	0	541	149	1
2696	19	4	66	0	209	149	0.0009018953443
2697	0	8	21	128	175	149	0.00967858979745
2701	9	2	30	103	372	149	0.00017002649353
2705	17	5	90	0	525	149	9.70533484768e-06
2706	0	138	40	271	257	149	3.41617907185e-07
2708	4	77	0	81	153	149	0.0595516794043
2709	16	118	0	114	385	149	0.000175295463101
2712	2	97	64	223	321	149	8.77295925905e-08
2714	13	6	302	0	203	149	1.3488821482e-07
2715	7	5	132	10	377	149	0.00224497220967
2716	114	11	417	29	493	149	0.472522307215
2721	0	352	19	520	163	149	0.00111176654936
2723	22	121	18	159	224	149	0.196209145735
2724	154	7	414	39	198	149	0.0540355743781
2726	8	7	59	39	165	149	0.617752838675
2727	9	211	15	821	198	149	0.10443802778
2729	3	177	0	995	185	149	0.6470435523
2730	117	42	150	45	164	149	0.53158796933
2734	661	0	859	23	976	149	4.56081947653e-07
2735	0	83	19	958	250	149	0.746716972081
2736	3	18	98	48	178	149	2.6038444797e-06
2739	8	0	38	4	442	149	0.00533848804748
2740	12	281	0	123	362	149	0.194644183423
2742	305	4	173	0	160	149	0.682946711477
2743	58	339	81	79	266	149	1.13686837722e-12
2744	527	5	242	14	420	149	0.00028981814612
2749	2	4	42	0	523	149	3.32643113832e-07
2751	19	0	175	32	807	149	0.000438673034806
2753	21	0	133	32	433	149	0.000151601971557
2754	7	0	61	32	203	149	0.000590073066
2759	8	3	5	0	153	149	0.0104927785133
2762	100	1	325	0	151	149	1
2766	0	8	5	23	161	149	0.00670630917764
2770	4	3	83	83	462	149	0.763432197352
2777	727	0	792	11	350	149	0.00831058870189
2779	995	0	1191	2	1919	149	0.525115025494
2780	11	8	27	0	677	149	1.18328390686e-06
2782	163	1251	169	556	260	149	5.55968358462e-06
2783	6	102	0	354	184	149	0.0168102296498
2784	3	5	21	15	248	149	0.196019452365
2787	176	0	644	15	1524	149	0.000705812849958
2790	356	11	1591	0	346	149	1.37468872575e-05
2794	78	4	180	0	284	149	0.0100220367211
2796	1021	8	1784	22	573	149	0.238357059424
2798	361	2912	849	5122	215	149	0.0630354066591
2799	67	0	366	4	242	149	0.663090353332
2800	29	11	97	120	155	149	0.00185166893068
2802	19	8	73	53	352	149	0.251873727587
2804	0	9	19	46	173	149	0.000893572808252
2805	246	447	79	83	167	149	0.0157601756603
2806	871	2	374	0	179	149	1
2807	259	40	108	23	176	149	0.342026037991
2810	20	5	43	34	152	149	0.020937437496
2813	0	29	5	226	197	149	0.567267529368
2814	212	4	208	0	159	149	0.632416010968
2815	3	0	74	78	161	149	0.00110664658654
2818	2	17	4	132	222	149	0.505514622087
2820	23	1	28	2	169	149	0.51350241018
2821	3	218	13	204	348	149	0.0204554154798
2823	0	16	15	84	153	149	0.00275950772408
2826	36	393	28	899	269	149	0.000275606018717
2827	0	19	4	131	287	149	0.743221916055
2835	132	0	2230	11	361	149	0.973232737456
2836	346	8	3543	52	3316	149	0.344505277771
2839	6	0	5	14	273	149	1.12497409135e-05
2841	0	2	41	45	232	149	0.00304600725384
2844	78	1	394	0	3231	149	0.326423461846
2845	2	248	0	458	180	149	1
2846	2	248	12	458	191	149	0.122496141255
2849	3	0	86	2	153	149	0.738405297554
2854	15	1	228	0	806	149	0.272841996031
2860	0	1	43	20	158	149	0.00337668336598
2861	55	6	206	49	152	149	0.0524522655757
2862	10	2	4	29	863	149	1.07644340067e-05
2870	4	7	0	68	231	149	0.0003189986058
2871	303	7	1843	10	215	149	0.0373451283548
2875	10	1545	0	1975	153	149	1
2880	27	6	654	0	4559	149	5.81515946507e-11
2882	4	20	74	44	191	149	2.16997743745e-05
2885	8	1	0	44	305	149	6.0023419568e-10
2886	22124	8	34865	22	347	149	1
2888	29	6	149	0	296	149	9.50989293902e-06
2889	9	61	24	614	247	149	0.010977342493
2898	111	5	265	0	855	149	0.000480024461837
2899	176	3	332	0	2098	149	0.00813072381364
2902	3	171	23	303	153	149	0.00324991281569
2904	53	2	84	60	218	149	7.96251020674e-09
2911	230	12	659	35	167	149	0.902466584913
2912	5	231	0	544	162	149	0.471720141902
2920	125	1	146	4	366	149	0.125225446859
2921	96	1	82	4	346	149	0.0718758331942
2922	50	21	64	0	169	149	1.57115036536e-08
2924	0	3	24	39	314	149	0.00413024661916
2925	7	98	9	161	169	149	0.726040312374
2929	14	0	59	7	301	149	0.00533492930063
2930	12	482	14	200	153	149	0.018210693236
2936	4	109	5	577	232	149	0.456048011224
2938	7	0	0	38	389	149	4.85970153008e-11
2939	5	0	5	8	251	149	0.000110292972979
2940	9	0	5	8	298	149	1.4676793746e-05
2942	77	7	411	29	150	149	0.856890094295
2943	16	6	5	20	210	149	0.000151013341415
2949	185	143	969	179	1173	149	3.41837669282e-13
2955	28685	0	61181	16	192	149	1
2963	0	29	6	204	165	149	0.207210021617
2968	35	10	160	0	195	149	5.44439220374e-08
2974	10	10	6	22	238	149	0.0366840059192
2976	9	11	24	63	152	149	0.164483952424
2983	2	3360	47	7759	167	149	1
2985	0	31	37	93	693	149	3.21675151346e-05
2990	0	8	103	3	197	149	9.51683176709e-13
2991	2638	8	10882	0	898	149	0.296444686393
2993	230	9	97	0	328	149	0.00496552154698
2995	79	26	212	43	465	149	0.124669949807
2996	588	0	431	16	355	149	3.41271426474e-06
3001	4	0	0	6	184	149	2.34649372488e-07
3003	4	205	0	162	184	149	0.742319299222
3006	537	4	540	0	288	149	0.690497542343
3007	35	14	54	0	189	149	3.95881255555e-07
3016	5	0	80	18	164	149	0.00694426134002
3017	3	15	59	164	164	149	0.21975174713
3018	14	963	18	6495	212	149	1
3024	257	8	442	16	335	149	0.685079278371
3029	0	9	22	46	223	149	0.000675132365014
3034	3	2796	0	6693	185	149	1
3035	3	88	0	126	153	149	0.405197334192
3037	6	1	28	0	264	149	0.305424911621
3038	175	34	379	18	3460	149	1.47489498605e-05
3040	102	111	139	230	158	149	0.0615391902874
3041	1828	31	178	10	745	149	0.00967840569609
3046	1	47	24	83	188	149	5.94730112157e-05
3048	31	4	101	12	156	149	0.824603967196
3049	0	7	10	75	156	149	0.0156888141225
3053	0	3	12	45	239	149	0.0134632241182
3058	572	79	931	171	227	149	0.153201978997
3060	21	940	47	1061	208	149	0.018011189823
3062	27	0	309	9	204	149	0.0700709381377
3064	0	6	56	183	538	149	0.010975483788
3065	0	6	36	183	303	149	0.0153661895048
3066	2	811	138	22358	309	149	1
3068	4	322	103	474	280	149	3.53050921831e-14
3075	71	0	929	16	502	149	0.0279817232331
3078	519	0	2951	4	436	149	1
3080	9	68	0	69	196	149	0.000688631994484
3082	778	0	1058	14	1992	149	3.969156724e-05
3085	0	482	3	611	153	149	1
3087	1070	0	1682	28	858	149	1.02212870279e-06
3088	17	0	36	8	161	149	0.00175143291297
3089	12	0	133	10	1314	149	0.00433822850542
3090	12	6	141	14	1347	149	0.00528770200989
3091	0	6	18	14	182	149	0.000110967286314
3092	0	13	27	160	182	149	0.00476016252499
3093	39	78	32	168	354	149	0.00179699976901
3094	46	22	240	36	171	149	0.00115384687937
3096	0	31	7	29	160	149	0.000571723265446
3097	23	9	30	7	153	149	0.366651866898
3100	1	3	0	93	333	149	0.212750629895
3103	1	5	0	54	153	149	0.597270992084
3104	2	5	8	54	1348	149	0.615189329764
3105	2	1	8	0	1344	149	0.0020807794341
3107	6	141	9	503	169	149	0.193626686037
3108	179	0	564	10	1741	149	0.00194507784882
3111	9	0	357	14	286	149	0.0401693428332
3112	27	16	128	156	176	149	0.0437642421605
3113	31	5	176	13	1069	149	0.186883140267
3116	0	11	3	148	222	149	0.647720073626
3119	393	4	252	18	420	149	6.27825203544e-05
3121	6	7	290	55	2075	149	0.000783289396948
3122	1	0	0	12	189	149	3.54974919304e-05
3125	437	0	1438	6	154	149	1
3126	14	1085	44	2531	262	149	1
3131	0	39	8	197	221	149	0.124250902303
3135	3	30	27	408	186	149	0.668611860083
3138	6	40	29	163	287	149	0.603255216718
3141	483	7	1316	3	358	149	0.0295158827287
3142	2	3	14	0	187	149	0.000250332404562
3144	813	3188	3646	10551	1708	149	0.0420472248755
3145	3	93	0	76	353	149	0.64588614533
3150	1	0	107	18	254	149	0.0138903964717
3153	29	0	68	22	256	149	1.52728118007e-05
3156	3	0	64	256	451	149	0.000235558877027
3157	0	9	17	262	228	149	0.0667142411299
3158	6	0	0	110	195	149	2.95841129372e-12
3161	0	12	51	91	816	149	0.000459562604822
3164	2696	275	2600	586	494	149	8.52301465626e-07
3165	6	405	8	607	452	149	1
3166	6	501	41	576	383	149	0.000103888684299
3169	88	0	171	3	309	149	0.224418073175
3174	4282	31	85	1	400	149	0.493983225024
3175	2090	1381	20	16	153	149	0.633619027402
3180	6	2	14	97	254	149	0.000305099665596
3182	0	3	10	30	183	149	0.00768235699644
3183	33	3	39	0	252	149	0.0229893230101
3185	5	2	65	67	161	149	0.192825840706
3188	200	3	1215	0	211	149	0.836524805449
3190	867	107	2302	281	194	149	0.976272281212
3191	945	268	1800	620	1230	149	0.239656360093
3192	375	32	183	34	194	149	0.00944707279692
3194	112	26	494	60	205	149	0.0355933626494
3196	11	3	58	11	222	149	0.792192542206
3201	5	7	16	24	342	149	0.973867493217
3202	100	1	202	11	1963	149	0.0192455111048
3203	19	0	5	16	164	149	1.43409639719e-09
3207	1	46	0	122	165	149	0.451349633445
3210	125	124	543	445	396	149	0.327889757319
3211	28	124	135	445	298	149	0.232405348109
3212	36	124	166	445	333	149	0.282333654138
3219	0	23	18	56	305	149	0.000245388614109
3220	15	18	24	12	214	149	0.0774045222468
3221	149	3	376	47	2682	149	0.000187108002848
3222	383	71	846	135	155	149	0.500983247967
3230	860	6	3496	5	1417	149	0.019514736887
3234	1	10	51	104	165	149	0.0226997179898
3236	5	7	63	30	161	149	0.0858150150458
3239	35	3319	0	1247	156	149	1
3255	72	3	129	6	208	149	0.781596517676
3261	10	154	3	378	259	149	0.00504438722147
3262	16	209	234	224	3418	149	1.11022302463e-16
3265	177	0	221	1	416	149	1
3266	11	12	12	0	165	149	1.30922920411e-05
3271	0	28	168	638	258	149	6.75457720219e-05
3276	0	4	10	48	205	149	0.0144084604168
3284	96	2	415	0	233	149	0.653060699919
3285	966	2	1022	15	416	149	0.00216321730171
3288	50	2	114	15	267	149	0.0405236386921
3289	44	207	65	597	317	149	0.0105509788639
3290	283	0	683	12	176	149	0.0859583593578
3291	0	223	10	732	254	149	1
3307	117	14387	389	19527	265	149	0.544506927747
3308	14464	20	19822	33	553	149	1
3309	23	113	43	168	215	149	0.44236273447
3311	0	2	57	14	169	149	0.000473310046822
3312	18	12	114	52	309	149	0.36247996843
3313	20	12	71	52	289	149	0.643409106305
3314	18	6	80	0	309	149	7.14656407463e-06
3315	393	22	198	0	154	149	0.000147341629863
3317	93	25	268	45	159	149	0.148278188824
3322	0	4	35	307	361	149	0.0619542131477
3333	8	8	38	88	545	149	0.224878023859
3339	33	1	71	0	401	149	0.383192234043
3340	55	114	59	246	236	149	0.0076866066965
3347	0	37	80	711	161	149	0.00108901465601
3348	25	179	361	3827	173	149	0.187920196035
3349	62	179	992	3827	161	149	0.182985373784
3353	0	1037	6	159	609	149	1
3355	1272	10	1522	0	203	149	0.876079432752
3357	42	1	4	0	438	149	0.246413095731
3358	16	3	6	17	1662	149	0.000142932302784
3361	72	2	188	42	304	149	8.53667855062e-05
3363	1768	2	4081	0	1749	149	0.645348652104
3364	419	472	1387	1356	1122	149	0.374312066495
3366	630	91	255	109	449	149	3.28463776622e-07
3379	165	0	930	18	3042	149	0.00078664376825
3380	51	3	296	10	153	149	0.954001819378
3384	66	2567	136	3164	279	149	0.0126474394289
3387	52	0	72	9	158	149	0.000933938916779
3388	15	28	10	85	383	149	0.00165199432816
3389	11	28	0	85	200	149	3.35963059372e-07
3392	70	9	100	22	176	149	0.189805985932
3393	78	54	222	15	176	149	3.9857006584e-13
3394	27	22	117	44	176	149	0.0357200627008
3399	3	18	4	50	286	149	0.54286781236
3408	86	0	87	8	234	149	0.000591651160983
3415	6	31	43	240	171	149	0.836711092817
3417	1	0	190	11	304	149	0.0321116447279
3420	12	13	68	138	254	149	0.207634770112
3422	2	51	17	22	159	149	9.01589142233e-07
3423	93	48	476	87	401	149	5.42968935322e-05
3424	109	0	269	42	691	149	3.71950857891e-08
3425	202	48	703	87	943	149	0.00731147921641
3428	2	10	0	5	182	149	0.0806054365157
3431	2	8	1	16	265	149	0.23882778055
3432	3445	25	1169	5	497	149	0.184333196992
3437	5	2	4	63	164	149	7.93574991026e-05
3445	41	49	38	41	167	149	0.762404173179
3446	56	21	106	35	158	149	0.736080081651
3447	47	7	115	0	188	149	0.000101785617974
3448	114	0	329	22	506	149	6.14314864704e-05
3453	2	287	0	50	283	149	1
3454	128	33	90	15	427	149	0.213159086551
3456	1474	4	350	0	354	149	1
3459	2	0	0	20	215	149	4.31411863877e-06
3460	2	210	0	693	224	149	1
3461	0	210	20	693	158	149	0.0121519485761
3466	9	8	106	0	213	149	2.9800317769e-09
3468	9	12	101	0	415	149	2.93542967711e-13
3469	196	8	339	0	507	149	0.000149942622295
3470	103	8	141	7	208	149	0.423271818038
3471	6	22	0	27	159	149	0.000707060148652
3481	4	32	5	59	321	149	0.69063512222
3486	0	14	43	219	321	149	0.00477037316305
3487	0	172	13	184	269	149	0.00189664952856
3490	4	7	0	14	269	149	0.00298531131303
3492	35	0	124	23	197	149	0.000139302548182
3493	0	80	14	287	233	149	0.0235257045873
3495	5	75	18	149	176	149	0.187338262497
3499	0	153	25	530	253	149	0.00637652599716
3500	59	19	101	24	194	149	0.426612506074
3501	0	69	2	93	162	149	0.52573672326
3502	3	62	0	103	163	149	0.218772051018
3504	128	3	269	0	460	149	0.0640627037219
3505	103	8	185	68	153	149	1.56678756723e-05
3506	136	2	447	50	575	149	8.45410621073e-05
3507	0	147	20	191	182	149	1.33923939787e-05
3508	37	2	11	0	301	149	0.12283704599
3519	70	3	152	0	201	149	0.119858311431
3536	59	0	404	10	199	149	0.0654332347109
3541	40	1	157	0	223	149	0.300051410951
3548	96	2	396	0	647	149	0.28560015488
3549	2	12	1	113	153	149	0.102825396672
3550	36	9677	62	12686	354	149	1
3553	12	748	23	1571	247	149	1
3558	5	7	8	15	252	149	0.690639938547
3562	0	5	7	0	164	149	7.41042576191e-08
3566	54	23	96	117	158	149	0.000603411773608
3567	72	3	75	17	158	149	0.00167992042837
3569	3	42	67	143	724	149	7.08497991679e-05
3574	3	0	39	26	404	149	0.00219173531499
3575	3	0	39	29	438	149	0.00202952543601
3580	22	22	54	48	334	149	0.72756676841
3585	34	2	343	21	287	149	0.814132783613
3590	186	0	92	10	433	149	2.5229442876e-06
3591	0	9	13	87	167	149	0.0107276636343
3593	0	3	16	109	205	149	0.0261295715324
3603	3	8	42	271	247	149	0.640642523962
3604	30	58	34	308	295	149	2.734108691e-06
3610	5	372	73	977	157	149	7.20781773178e-06
3611	647	98	854	201	152	149	0.02200480673
3612	235	1	716	19	176	149	0.0162162822031
3613	16	135	42	589	269	149	0.18997246139
3616	2	14	8	114	257	149	0.646673760872
3617	2	14	4	114	339	149	0.492133770413
3619	10	12	41	162	498	149	0.0318281488365
3620	53	4	108	76	155	149	2.89099131745e-07
3621	50	0	294	13	1377	149	0.00186078343946
3622	12	12	32	42	155	149	0.5593395773
3623	12	6	115	4	209	149	0.000373608207954
3624	0	239	13	4506	153	149	1
3625	15	184	0	2593	365	149	0.00128736377425
3626	562	15	464	0	540	149	4.98006618351e-05
3627	2	127	31	875	486	149	0.885500561152
3628	23	6	32	69	169	149	6.5600541167e-06
3635	4	0	0	6	178	149	2.27708953693e-07
3636	3	11	164	1334	197	149	0.742378151606
3638	0	33	13	42	188	149	5.86192823129e-05
3639	0	146	6	528	350	149	1
3647	15	14	55	2	1174	149	3.4559073181e-07
3649	18	0	20	8	232	149	0.000166841195814
3650	73	0	216	90	194	149	2.83106871279e-11
3651	146	18	99	5	194	149	0.0549409312405
3653	0	2	4	85	207	149	0.254695045803
3655	12	6	39	0	276	149	1.10632511381e-05
3656	478	0	4347	14	167	149	1
3657	21	19	62	12	209	149	0.000608260741928
3660	1	24	0	103	185	149	0.315064876775
3674	23	9	20	17	550	149	0.130041207628
3679	20	1	54	0	161	149	0.260389585012
3680	205	91	413	125	161	149	0.076771213206
3682	58	8	15	17	379	149	2.20439792358e-05
3686	26	17	88	50	755	149	0.656450082357
3689	7	11	8	59	152	149	0.0182398126018
3692	33	511	33	710	301	149	0.268015932402
3695	21	37	213	150	626	149	0.00276693924753
3696	6	30	34	221	347	149	0.857907556293
3699	2	4	27	0	153	149	1.27347779222e-05
3700	737	25	897	9	294	149	0.00153257668244
3701	244	5	359	15	176	149	0.129082052261
3702	92	6	289	31	153	149	0.199481831098
3704	80	15	321	35	184	149	0.172967289492
3721	6	16	30	102	243	149	0.945471879881
3722	2280	5	3500	21	254	149	1
3723	4	451	32	1324	222	149	0.0978948779356
3725	54	30	221	100	265	149	0.486597362665
3727	37	22	122	31	179	149	0.0210379771882
3734	86	33	120	90	395	149	0.0172336527493
3737	15	263	1	2	187	149	0.350176226113
3738	146	26	204	96	234	149	0.000347154046221
3739	70	8	81	0	234	149	0.000281335976112
3741	3	318	22	1108	265	149	0.875203349612
3742	4	338	9	1137	252	149	1
3743	34	318	44	380	170	149	0.764025489275
3744	12	0	92	4	191	149	0.111869208009
3746	1284	1	11	0	244	149	1
3751	439	85	2057	114	1790	149	2.25286300726e-09
3755	7	48	17	75	161	149	0.328906578243
3756	74	51	277	104	3007	149	0.0156164117449
3757	29	2	190	3	1101	149	0.243508328528
3759	1	35	31	92	485	149	0.000174956969735
3760	1	35	20	92	397	149	0.00249578342906
3761	0	32	1	226	160	149	1
3763	20	60	35	132	291	149	0.562161998554
3764	20	9	35	32	291	149	0.134641413904
3765	4	0	22	36	248	149	0.000234287179876
3766	27	134	0	232	278	149	4.93577068106e-10
3768	8	45	11	130	316	149	0.203546116494
3772	102	20	37	0	207	149	9.01659890971e-05
3773	56	6	2	0	216	149	0.0202745526804
3774	325	6	31	0	234	149	0.19283254077
3779	8	1745	27	2414	163	149	1
3780	0	21	22	124	243	149	0.00229337899905
3781	69	0	156	6	333	149	0.0135761250692
3782	11	24	21	86	262	149	0.216683476739
3783	120	1	308	7	223	149	0.135634364072
3786	20	1162	12	1213	187	149	0.377468017938
3789	298	26	432	14	213	149	0.00543978737736
3793	40	32	136	478	282	149	5.85918844553e-07
3794	1	29	0	182	155	149	0.317368194155
3797	392	1	433	14	347	149	0.000386634555706
3798	5	0	28	49	399	149	9.59381996073e-05
3801	630	432	876	455	1406	149	0.0925351462043
3802	738	0	900	10	176	149	0.727964354374
3803	4	57	22	1077	271	149	0.182889566218
3807	122	9	444	0	250	149	8.50006083886e-06
3808	5041	103	499	8	236	149	0.388134403967
3809	6073	40	534	30	287	149	2.70572453331e-12
3810	1135	40	43	30	200	149	0
3811	11	4	98	12	281	149	0.166029380017
3813	2	0	18	5	243	149	0.00557595822495
3824	127	9	984	0	923	149	5.67488167569e-09
3825	6	1	46	0	158	149	0.717160386023
3826	90	10	254	64	179	149	0.0178868586083
3827	13	159	41	337	284	149	0.214269465505
3828	26	127	79	269	166	149	0.181759038632
3831	7	32	0	59	163	149	0.00021400337528
3832	10	108	69	161	611	149	7.03618525355e-06
3840	9	0	20	10	220	149	0.000459088372437
3845	94	0	308	9	185	149	0.040366327633
3847	1081	1	1892	0	251	149	1
3854	1	0	4	16	207	149	0.00222196572664
3855	1	19	16	141	224	149	0.157456392636
3856	0	19	28	141	166	149	0.00113540090317
3865	4	35	13	78	194	149	0.431945067544
3871	4	0	100	1	869	149	0.25907860421
3873	54	131	62	168	164	149	0.677371988342
3877	0	18	13	20	191	149	2.36614102989e-05
3880	0	90	6	101	177	149	0.0204970785017
3885	22	32	3	62	930	149	1.08554501121e-06
3892	422	0	1072	10	185	149	0.847533299169
3894	15	0	173	29	154	149	0.00286557911042
3895	32	0	118	10	1342	149	0.000955648849225
3896	33	30	120	103	1370	149	0.785456829984
3897	1	30	12	103	177	149	0.0521213665382
3899	96	0	83	8	308	149	0.000229556450019
3902	0	211	22	481	184	149	0.00112904030855
3903	22	124	156	268	281	149	1.03958054953e-05
3913	362	98	487	62	244	149	0.000742805468621
3915	118	3	180	19	680	149	0.0065509080468
3918	85	0	163	11	385	149	0.000575227625612
3924	83	9	85	0	287	149	0.000164706305239
3925	22	9	16	0	167	149	0.000264001080167
3926	57	1459	37	2503	287	149	0.000954157769958
3928	0	10	9	78	248	149	0.0281117898619
3929	7	10	10	0	155	149	1.53307449747e-05
3933	53	13	62	37	155	149	0.0179041441165
3934	10	1	16	0	155	149	0.225959323387
3935	41	8	59	25	155	149	0.0719041515596
3943	365	3820	713	8647	215	149	0.357117718932
3951	17	0	170	15	304	149	0.00655780917072
3954	0	4	17	0	155	149	2.73320881483e-08
3956	28	11	200	173	530	149	0.0489639953687
3961	8	0	183	11	167	149	0.0426509094556
3962	17	0	8	24	201	149	7.87180209905e-10
3966	0	24	12	89	598	149	0.0320709273351
3967	14	4	0	10	456	149	9.59937093703e-07
3972	12	247	10	1210	244	149	0.00918142611303
3977	10	1	83	0	574	149	0.184099336662
3982	1287	2	495	0	1492	149	0.56361217386
3992	17	13	22	36	223	149	0.105616922185
3993	14	4563	28	16566	279	149	1
3994	33	5331	213	16264	176	149	0.616198671809
3999	103	141	284	273	329	149	0.0870900700327
4000	7	3	24	43	373	149	0.062269745678
4002	20	1401	12	1101	153	149	0.469363943099
4003	296	648	231	668	239	149	0.112000495689
4004	2	2	70	19	277	149	0.203434676981
4005	2087	0	17543	2	639	149	1
4011	123	26	1192	419	1681	149	0.058101315875
4014	4	173	67	649	186	149	0.000342631167189
4015	19	132	9	662	268	149	7.39611070166e-08
4016	8	76	28	144	184	149	0.118190539401
4018	235	0	1087	16	222	149	0.06749776257
4019	273	11	1128	0	226	149	5.67512774813e-05
4020	38	11	57	0	153	149	8.01498878189e-06
4021	2	3	5	21	161	149	0.469686430383
4023	10	75	0	83	154	149	0.000171613418064
4027	0	93	117	360	230	149	5.98551208597e-11
4028	6	5	5	0	189	149	0.000614000492219
4029	6	50	5	188	196	149	0.0296008996232
4030	5	50	0	188	156	149	0.00278950910191
4032	48	13	229	16	435	149	0.00223883978348
4033	32	13	101	16	336	149	0.0359617851784
4035	5	19	33	69	258	149	0.185462367622
4037	5	3	23	51	240	149	0.115094733769
4046	48	6	56	57	182	149	5.77642578659e-07
4047	12	4	22	0	615	149	0.00010990348971
4048	2	0	46	10	152	149	0.0134479984339
4049	1	0	53	4	326	149	0.0210389640192
4050	5	28	51	150	183	149	0.130975856131
4051	8	41	45	155	576	149	0.259775125392
4055	19	2	166	22	398	149	0.593296514305
4056	2	22	0	171	406	149	0.626201907676
4058	12	11	153	116	229	149	0.63712530469
4059	20	4	102	0	187	149	0.00082672692664
4062	9	6	41	0	222	149	5.46880657282e-06
4070	4	0	0	10	384	149	2.93679904284e-07
4071	120	3	215	8	808	149	0.479869123071
4075	8	2860	53	3568	173	149	0.299007270233
4076	38	3011	116	4977	202	149	0.00936102638541
4081	109	18	225	217	470	149	3.49443807224e-10
4082	39	22	111	372	483	149	2.36547882393e-08
4083	18	17	23	0	197	149	2.39110932831e-07
4085	3141	61	771	5	188	149	0.00749898566499
4087	15	6	58	0	2809	149	4.24235943153e-07
4103	6	188	28	323	231	149	0.0153277532401
4107	16	8	29	37	161	149	0.054949442687
4108	0	8	6	8	155	149	0.000436131786436
4125	4	0	53	15	1166	149	0.00403037847977
4128	7	16	0	41	237	149	7.3995924569e-05
4129	2	0	245	28	153	149	0.0279307781273
4132	3	0	15	6	1477	149	0.000702537805625
4133	714	230	811	71	177	149	4.46535031173e-11
4134	11	2	27	0	177	149	0.0399496674663
4137	0	15	70	12	164	149	9.05941988094e-13
4140	1	15	0	63	158	149	0.245963175903
4141	1287	8	421	0	589	149	0.11592767251
4142	6	178	0	238	352	149	0.944508900366
4143	8	252	35	417	273	149	0.00931857505024
4144	3	435	0	652	179	149	1
4151	5	0	21	6	266	149	0.00330854630085
4152	5	0	0	6	241	149	1.20523437896e-07
4154	2137	14	1945	9	432	149	0.416285784239
4155	99	9	172	11	213	149	0.511971580912
4156	67	4	76	11	213	149	0.108408548792
4157	232	4	484	11	535	149	0.531958367915
4158	177	12	408	0	471	149	3.59024235785e-07
4162	643	5	490	20	337	149	0.000256568829282
4163	0	15	10	191	153	149	0.0495240922776
4164	0	19	5	213	154	149	0.336422522842
4168	101	0	232	3	1411	149	0.046585694841
4173	0	22	5	58	168	149	0.0331225705969
4174	5	24	0	54	189	149	0.00149941074718
4175	899	92	1467	123	158	149	0.334074213872
4178	0	150	6	239	161	149	0.199772910197
4183	0	3	24	24	786	149	0.00360704775441
4185	0	10	23	45	245	149	0.00042338273271
4187	288	2	1762	21	215	149	0.260906911723
4188	32	272	66	1319	932	149	0.0180349491653
4199	8757	7	16184	5	303	149	1
4200	474	8710	864	16126	407	149	0.951609239038
4208	0	28	11	62	175	149	0.00122081690308
4214	32	3	158	38	484	149	0.0751716325585
4217	0	1	20	34	167	149	0.00721992310361
4218	5	52	16	110	174	149	0.360907436949
4220	3	124	41	775	200	149	0.0781955321244
4224	2884	44	510	0	580	149	0.000256716757643
4226	2	15	114	86	2020	149	4.37476597718e-05
4227	3	2	6	0	200	149	0.0076595251048
4228	3	72	0	118	200	149	0.460923523625
4229	4	345	5	370	188	149	0.918002564402
4230	745	19	1024	0	213	149	0.000111379416875
4231	846	0	919	14	512	149	0.000349297217956
4233	21	3	23	0	284	149	0.0116898663291
4234	4	16	0	164	403	149	0.0175574790344
4238	364	0	838	29	429	149	9.60315975673e-06
4239	1032	43	2621	76	158	149	0.15105943868
4240	30	4	299	0	195	149	0.00174120209721
4242	43	2	88	0	301	149	0.164401198448
4243	19	7	80	84	548	149	0.0330566529862
4246	33	162	97	333	173	149	0.154621348176
4253	12	4	30	12	245	149	0.743687554823
4254	12	22	43	31	298	149	0.0277029627943
4255	4	22	25	31	202	149	0.00504853023015
4256	0	32	11	93	153	149	0.00298378203436
4257	15	5	63	33	170	149	0.335274865018
4258	63	314	187	940	242	149	1
4262	0	56	12	243	172	149	0.0211886082765
4267	49	8	40	0	199	149	0.000569254390476
4275	16	0	104	7	151	149	0.031121184213
4277	260	5	237	4	174	149	0.799531564031
4281	1584	30	2328	36	163	149	0.509994654039
4282	20	171	14	135	288	149	0.729502008371
4284	23	4	7	0	353	149	0.00304726512936
4285	33	35	13	14	429	149	0.942604168448
4286	14	35	6	14	225	149	0.959935668896
4287	13	2	6	0	225	149	0.0536010181358
4292	141	27	259	32	179	149	0.173645239238
4297	913	21	76	0	153	149	0.0844487805514
4298	902	331	76	0	153	149	3.21157545002e-11
4299	0	7	8	50	167	149	0.0128285326168
4300	1	12	19	30	367	149	0.00442425653257
4302	375	0	1654	6	2140	149	0.0509139583014
4305	9	10	23	4	153	149	0.00471787779293
4308	74	0	274	3	230	149	0.636514745962
4312	7	160	23	127	189	149	0.000812075993599
4314	115	33	583	126	170	149	0.313120887952
4316	0	5	35	0	673	149	7.73425767875e-11
4323	1800	9	7420	25	152	149	1
4324	32	73	90	487	207	149	0.00314170995858
4326	32	1723	90	6057	207	149	0.448868186069
4327	67	18	690	25	161	149	3.54825122617e-07
4332	254	1	1808	3	179	149	1
4333	444	1	2832	3	200	149	1
4334	459	1	2904	3	203	149	1
4335	195	5	1031	7	170	149	0.166693161808
4336	210	5	1103	7	173	149	0.196576481848
4337	17	2	93	21	152	149	0.213399787871
4338	50	1	126	0	152	149	0.436979115325
4339	228	1	948	0	170	149	1
4344	1	0	9	7	152	149	0.00388936027155
4345	5	0	14	7	158	149	0.00196111930025
4348	37	349	128	130	153	149	0
4355	184	2	764	0	1813	149	0.121267565073
4356	20	105	156	419	288	149	0.014402342209
4359	256	6	261	0	176	149	0.115525909043
4369	20	21	66	187	625	149	0.0127648043796
4370	94	37	83	8	795	149	0.000463288350228
4371	6	25	12	12	153	149	0.014899922701
4377	8	7657	5	13014	164	149	1
4379	0	8	7	232	199	149	0.292701362499
4383	215	4	157	0	164	149	0.609352680199
4392	139	175	271	212	196	149	0.0185939206474
4395	18	11	117	0	245	149	3.07507797004e-10
4397	661	0	240	26	2470	149	4.4408920985e-16
4398	101	1099	428	3789	172	149	0.245205978756
4411	18	3	69	0	271	149	0.0035557417517
4412	51	4	486	0	178	149	0.0128924784539
4415	0	63	117	138	2656	149	7.22804927022e-10
4418	256	6	613	0	2206	149	7.29844825954e-05
4421	9	0	0	20	167	149	7.72693020679e-12
4431	0	5	6	26	200	149	0.0108431515483
4432	101	95	36	178	291	149	2.29821939257e-10
4433	11	13	61	27	355	149	0.0340067663921
4434	2	21	37	294	178	149	0.44301562558
4442	22	272	88	625	289	149	0.0377676867077
4444	11	14	21	20	285	149	0.55305392627
4446	17	0	76	4	263	149	0.0462278237567
4449	74	1	471	0	719	149	0.247988209457
4450	38	1	306	0	517	149	0.232551943615
4454	6	19	21	40	274	149	0.282309311
4456	9	141	0	489	202	149	0.00200221428837
4457	158	14	632	0	1896	149	1.63934421593e-11
4462	0	4	35	139	204	149	0.00959014494838
4463	13658	42	28367	168	209	149	1
4464	9	34	19	14	541	149	0.00131060553416
4468	8	0	131	8	169	149	0.0421004673454
4470	5	17	37	0	192	149	6.34936547783e-13
4471	23	81	46	187	192	149	0.702205823747
4472	1	0	76	4	172	149	0.113735338193
4478	44	0	100	19	181	149	6.23383129614e-05
4480	40	7	118	2	303	149	0.00119674508695
4481	10	6	105	103	2837	149	0.715620558179
4482	123	18	156	18	162	149	0.538117829311
4484	0	268	34	371	172	149	1.18072849609e-07
4485	6	252	0	88	153	149	0.199498725319
4486	220	2	105	9	175	149	0.00078486942561
4487	156	0	67	7	428	149	3.79512191105e-05
4489	2	25	12	94	167	149	0.363059500274
4491	794	23	1982	53	179	149	0.866325032705
4492	754	92	1662	258	301	149	0.199654999554
4493	561	0	1453	5	158	149	1
4495	52	40	399	304	190	149	0.973353842397
4500	1	16	61	37	267	149	9.02110126044e-07
4502	153	2	268	0	585	149	0.601050698811
4503	154	0	268	8	587	149	0.00246728439719
4504	3	0	0	8	151	149	5.61825258649e-07
4507	20	5	74	0	157	149	0.000263223828587
4508	0	45	12	107	156	149	0.00159655534059
4511	108	0	126	33	187	149	1.36552014141e-09
4518	1	72	12	268	173	149	0.0611272833412
4538	28	4	249	86	156	149	0.0511967737882
4539	5	61	40	38	778	149	9.25901877391e-09
4542	7	8	233	35	179	149	0.00073559704111
4547	230	8	433	24	187	149	0.222252852202
4548	47	0	194	59	551	149	1.74633175587e-07
4549	56	0	235	59	554	149	1.8319438766e-07
4550	10	1	41	0	152	149	0.370465154436
4552	263	6	459	24	399	149	0.0470608437796
4553	171	700	240	403	316	149	1.22227279242e-06
4555	9	4	25	0	162	149	0.000838369726782
4556	112	34	255	41	162	149	0.033331521226
4558	117	0	421	27	190	149	0.00026006942897
4560	24	0	71	27	164	149	2.08072432856e-05
4561	0	9	8	39	160	149	0.00616965222557
4567	6	0	17	1	335	149	0.335193909046
4569	33	156	3	123	158	149	6.0439440932e-06
4570	1	30	9	20	164	149	0.000703550875718
4573	2	0	126	14	260	149	0.0178832340803
4577	43	2	135	6	2288	149	0.964846760255
4578	578	1	2160	0	152	149	1
4581	0	4	9	142	152	149	0.0558175491998
4582	29	23	170	64	298	149	0.0298497018324
4583	15	9	85	0	160	149	5.35545850999e-08
4584	120	0	584	8	382	149	0.0694732086929
4585	114	0	499	8	371	149	0.049450556596
4586	7	154	65	199	1876	149	2.55865668235e-05
4591	190	21	118	14	153	149	0.917535479713
4592	452	495	408	222	667	149	7.42946585827e-05
4593	596	154	404	112	261	149	0.72909886195
4595	27	74	211	551	218	149	0.792572846687
4599	2	354	0	49	199	149	1
4600	440	5	62	19	218	149	4.20397050505e-12
4609	5	0	119	2	227	149	0.851094609388
4614	152	9	191	0	399	149	0.000123335278986
4615	81	9	96	0	314	149	8.54259787206e-05
4620	2	61	7	161	212	149	0.511011173779
4621	20	33	11	14	277	149	0.629786681814
4622	0	1074	92	4988	334	149	1
4623	0	1439	13	6876	153	149	1
4624	1600	70	4935	187	864	149	0.495975576649
4626	4	14	8	35	158	149	0.904185080492
4629	1	0	0	14	166	149	3.46555140414e-05
4631	513	2	1611	0	186	149	1
4632	747	26	1712	29	2204	149	0.0206531878581
4635	738	8	1662	0	359	149	0.0726206779732
4636	27	718	73	1236	357	149	0.0795971217477
4637	973	2	1652	1	541	149	1
4639	0	16	7	105	168	149	0.0379861386755
4641	7	14	76	85	193	149	0.195009210341
4646	51	0	103	11	347	149	0.000452084597674
4647	37	23	40	42	159	149	0.149300326533
4650	21	10	14	106	183	149	3.07467695748e-09
4652	21	15	20	89	155	149	2.11023558802e-05
4654	16	6	0	18	915	149	1.64309271411e-07
4655	13	223	19	231	189	149	0.36911685378
4657	24	39	53	302	727	149	0.000362902992437
4659	7	17	37	161	186	149	0.371712155844
4662	0	14	20	26	221	149	2.07904388898e-05
4668	204	1	433	0	199	149	1
4669	53	4	209	71	211	149	0.000704493406412
4671	0	11	10	25	281	149	0.00149415059367
4672	5	105	18	187	286	149	0.119931136595
4675	7	158	14	427	212	149	0.697717309981
4676	7	9	123	24	153	149	0.00122636231236
4678	11	3541	52	12032	322	149	1
4679	4	3541	52	12032	271	149	1
4685	131	0	7015	2	194	149	1
4687	33	161	35	112	278	149	0.171355949365
4693	103	1	209	0	296	149	0.459280655936
4695	7	64	0	272	177	149	0.000275569512017
4708	146	5	21	0	215	149	0.0928801744144
4709	508	2	37	0	193	149	1
4710	556	34	40	0	215	149	0.00570064104395
4711	50	34	3	0	171	149	0.00215344164911
4715	8	4384	57	8030	476	149	1
4716	16	9	120	50	578	149	0.455255804938
4717	164	1	505	6	190	149	0.626179853441
4721	67	121	96	251	1168	149	0.134240905446
4729	2	0	69	1	226	149	0.406110780784
4730	18	17	83	100	236	149	0.570357103983
4731	2	23	75	191	610	149	0.00469957131698
4732	29	0	336	78	184	149	5.92212261781e-05
4735	7	1030	0	43	234	149	1
4737	22	14	28	23	184	149	0.568260993898
4739	71	339	330	537	397	149	7.1898258569e-08
4744	665	2	753	6	678	149	0.147855692969
4746	89	6	46	0	278	149	0.00586444409424
4750	284	0	809	7	186	149	0.847575895465
4756	388	3	2812	0	810	149	0.25605440527
4757	17	11	64	45	154	149	0.820088791636
4759	6	0	4	5	188	149	0.000187570467156
4760	7	791	65	1241	196	149	1.0968186861e-06
4766	1	551	13	643	153	149	0.0939890591258
4767	38	14	90	10	693	149	0.00926836207644
4768	5	7	0	9	154	149	0.000456922736446
4770	2	9	0	42	194	149	0.0920483191547
4774	0	9	101	309	193	149	0.00144549456038
4776	2	82	0	253	168	149	0.528879994029
4778	150	19	515	29	837	149	0.0202252707053
4779	16	36	49	193	772	149	0.188542804307
4781	0	40	23	115	227	149	0.000137895493274
4783	389	1	144	0	494	149	1
4790	28	0	3130	7	153	149	1
4791	0	95	23	359	163	149	0.001307462264
4794	0	17	24	157	576	149	0.0211872894588
4796	0	10	9	164	153	149	0.0548196862804
4798	2	216	0	240	158	149	1
4804	6	5	111	14	177	149	0.0132601519991
4816	124	145	209	796	448	149	6.82493450643e-09
4817	1	98	21	210	178	149	0.000607224508032
4819	0	18	74	83	312	149	5.45435418497e-07
4820	3	0	2	45	179	149	3.90322985411e-06
4824	0	17	15	175	216	149	0.0245891047701
4827	0	17	5	175	156	149	0.255150827535
4835	0	31	109	297	275	149	4.26964753286e-06
4838	0	1	8	29	1597	149	0.238241383834
4846	4	50	12	287	250	149	0.560796549604
4851	22	5	95	0	185	149	0.000165947553567
4853	7	4317	33	4084	198	149	1
4854	155	19	80	19	161	149	0.0858866060741
4855	39	19	2	19	297	149	7.76299151739e-07
4856	11	127	2	80	285	149	0.0379534286142
4857	267	6	192	5	775	149	0.862911312928
4860	0	3	34	35	267	149	0.00155065843471
4863	8	78	37	474	167	149	0.748433897818
4865	159	0	174	12	227	149	0.000140074932221
4866	84	0	128	4	167	149	0.142430307016
4867	6	0	37	6	244	149	0.00741236884012
4868	52	2	1472	118	181	149	0.115827130405
4869	21	7	462	10	181	149	3.79823721793e-05
4870	106	0	4741	6	2313	149	0.409509665524
4871	16	52	513	1524	368	149	0.652804845026
4873	55	159	139	199	176	149	0.00263029567853
4874	348	0	689	13	408	149	0.00260247242371
4875	5	240	0	524	162	149	0.518228731444
4878	349	2	183	0	313	149	0.753495985567
4884	14	67	102	485	173	149	0.90789667473
4885	0	10	18	33	173	149	0.000285518257441
4889	3	23	25	125	325	149	0.307561308471
4890	6	53	13	201	153	149	0.431737479652
4891	45	16	142	0	175	149	3.32876393117e-10
4892	5	33	42	153	164	149	0.159213816853
4899	3	21	0	40	162	149	0.0212765359244
4902	0	30	29	66	153	149	2.2956183322e-06
4905	12	0	149	34	468	149	0.000923300523068
4907	9	0	78	39	161	149	0.000349537026004
4911	11	55	155	201	209	149	5.62416615953e-05
4912	4	29	50	212	292	149	0.196048513071
4916	1919	44	2033	76	217	149	0.0371906462539
4917	10	742	57	877	174	149	1.5123710102e-06
4922	55	3	61	13	153	149	0.0157401292881
4924	4	2	28	0	153	149	0.0127269934308
4932	0	1	5	119	178	149	0.201345463276
4935	547	1	1731	0	2802	149	0.311677639931
4936	107	10	744	186	613	149	0.00302339747785
4937	26	0	62	7	167	149	0.00577728250863
4948	243	43	669	46	164	149	0.000450056042194
4949	22	237	87	613	280	149	0.109195446948
4950	41	56	296	286	158	149	0.180231762693
4952	3	26	112	49	197	149	1.45839973431e-09
4955	36	12	468	35	227	149	0.000868859092836
4962	59	13	578	237	182	149	0.0477233034198
4963	2	9	11	0	157	149	2.45829812284e-07
4981	0	64	53	95	189	149	2.88092882883e-11
4982	0	64	54	95	184	149	2.00126581973e-11
4983	12796	2	13	0	266	149	1
4987	2	0	0	32	182	149	3.71799284027e-06
4988	125	15	1117	38	626	149	0.000993412875823
4989	5	362	0	51	265	149	1
4990	0	5	18	42	268	149	0.00375200184496
4993	0	2	13	35	188	149	0.00872436116962
4999	3	65	0	171	184	149	0.334322751397
5004	10612	5	16168	0	154	149	1
5012	0	82	3	59	167	149	0.183299017388
5013	0	15	5	20	188	149	0.00451304679816
5014	0	1	13	0	188	149	2.14870322791e-05
5016	1	52	0	52	240	149	1
5021	0	45	16	144	198	149	0.00180541413151
5027	21	13916	88	15232	305	149	1
5031	470	0	960	13	1843	149	0.000320261769176
5032	432	2	825	0	471	149	0.586788192758
5033	489	7	565	8	152	149	0.991308535074
5042	118	5	154	0	593	149	0.00265115949454
5044	551	0	862	7	530	149	0.0682112855641
5045	1348	3	1691	33	530	149	3.78228940656e-06
5050	0	1	46	156	207	149	0.0158181336087
5051	122	0	354	7	174	149	0.161167835666
5053	10	1	20	23	532	149	0.00399924050365
5054	1	0	53	9	368	149	0.0101875735184
5056	28	17	103	184	285	149	0.00274497873796
5060	1	26	68	54	178	149	1.82570860652e-08
5061	37	21	24	28	236	149	0.0743173740601
5062	21	21	47	28	249	149	0.194202158382
5063	24	21	47	28	255	149	0.32923473554
5064	3	19	23	0	162	149	1.74393832708e-12
5065	6	19	23	0	168	149	8.31229529652e-11
5067	55	9	160	28	272	149	0.823232411627
5068	16	6	65	0	176	149	2.4604175222e-05
5076	0	6	53	98	410	149	0.00185972559253
5081	8	187	0	75	153	149	0.0313849558486
5082	10	1752	173	14816	354	149	1
5083	6	164	18	208	160	149	0.0538952942917
5084	39	0	72	7	195	149	0.00391011263056
5085	197	0	262	7	184	149	0.0429413885876
5087	19	11	67	18	847	149	0.0913756871512
5092	4	0	16	7	178	149	0.0029214456099
5096	45	5	17	11	210	149	0.0024130936841
5098	61	4	118	0	189	149	0.016166504272
5104	43	13	143	0	204	149	5.72229075235e-09
5110	103	21	349	115	266	149	0.0880832121479
5111	56	21	161	115	333	149	0.0377464889686
5112	56	103	145	333	216	149	0.37462426278
5113	0	3	147	140	155	149	0.00111012910074
5114	0	96	17	268	187	149	0.00249383299417
5120	9176	47	35244	395	1168	149	9.49723593296e-05
5121	18367	153	73752	429	257	149	0.0434391336522
5133	20	5	39	0	151	149	0.000999641275783
5134	9	6	77	36	874	149	0.40713913041
5138	1	173	0	425	168	149	1
5139	21	239	3	726	192	149	4.26785786711e-08
5140	6	239	3	726	195	149	0.400188108809
5142	3	198	7	491	153	149	0.930186657212
5148	9	3	21	0	415	149	0.00111042400908
5151	18	1341	16	1458	159	149	0.617803708165
5153	92	6	17	6	262	149	0.0133462656824
5154	147	6	25	6	240	149	0.00991101636482
5160	29	23	125	22	159	149	0.000101538039425
5162	20	30	8	147	172	149	3.57506374504e-08
5163	2	29	8	118	179	149	0.887639097127
5165	248	328	788	514	2556	149	4.57066244807e-05
5168	0	328	17	514	193	149	0.00883914121845
5186	2	408	100	3545	207	149	0.00700336968263
5187	34	433	100	3800	234	149	4.46384514989e-05
5188	0	62	22	296	267	149	0.00635078464556
5192	2	81	7	171	164	149	0.356630246848
5193	2	100	16	65	289	149	2.09961258786e-05
5194	5	0	22	4	155	149	0.0155497343628
5195	22	16	246	43	155	149	0.000581419249299
5197	6	19	0	101	203	149	4.64626994068e-05
5200	0	5	14	0	340	149	4.70291972032e-09
5213	6	69	14	246	238	149	0.602193207151
5215	50	14	81	53	155	149	0.0168126200856
5225	24	0	101	4	403	149	0.0355943294299
5230	68	8	476	92	239	149	0.1560994688
5231	0	28	14	79	236	149	0.00145783561673
5236	179	75	442	225	180	149	0.351817093831
5237	5	297	10	902	164	149	0.817159431747
5238	37	0	308	21	154	149	0.00840385942236
5241	6	22	43	122	287	149	0.466032626132
5242	3	485	26	511	230	149	0.000228489879851
5243	4	413	14	442	195	149	0.0396714922887
5244	27	194	75	440	162	149	0.423555893589
5245	10	0	18	11	279	149	0.000159028857126
5253	40	0	492	47	168	149	0.00148243036782
5254	2	0	28	47	192	149	0.00146101139483
5255	0	38	14	478	173	149	0.110035426221
5259	32	6	46	0	164	149	0.000783172558074
5261	31	9	300	0	283	149	2.09491024528e-09
5262	31	223	14	104	315	149	0.88198297534
5265	208	8	1439	0	222	149	0.00122588722264
5266	38	6	150	0	317	149	2.84406294101e-05
5274	192	3	820	9	398	149	0.769563713525
5279	0	14	11	155	175	149	0.0346499789336
5280	4	10	19	34	161	149	0.514297418987
5281	2	0	63	19	197	149	0.00781490799812
5282	5	215	0	224	185	149	0.539939857891
5283	954	10867	1138	21581	285	149	0.000650567153706
5295	15	10	0	12	2445	149	0.000295354912204
5299	4	145	14	134	239	149	0.0102418963228
5300	3	24	92	138	3725	149	0.00297014099962
5301	44	247	0	316	230	149	7.33413330067e-13
5302	15	67	36	176	596	149	0.936710757128
5310	0	1	14	20	217	149	0.0068950558252
5312	133	277	98	190	157	149	0.746315735796
5317	80	0	1318	16	197	149	0.306173545414
5323	0	45	31	164	227	149	8.06277046457e-05
5334	62	5	140	0	3727	149	1.75217089046e-05
5336	281	447	839	973	190	149	0.0580906843297
5337	2	22	4	0	175	149	2.40039129407e-06
5349	2	3	21	85	379	149	0.61638116428
5350	42	8	395	46	1151	149	0.260731838131
5354	122	1	174	7	443	149	0.0307829113676
5355	6	2	2	45	341	149	1.05888673348e-05
5361	15	1287	10	1122	164	149	0.913004283356
5363	0	35	20	171	190	149	0.00224195414713
5373	11	39	79	158	250	149	0.100142492147
5377	5	0	20	52	222	149	2.35331887684e-05
5378	131	7	315	0	1233	149	1.33512314131e-05
5383	58	21	358	229	292	149	0.0535839412444
5385	21	80	108	126	371	149	5.60735591286e-05
5386	1	125	0	258	175	149	1
5391	225	6	534	0	484	149	0.00155386310497
5395	51	3	65	0	152	149	0.0936810983292
5400	69	0	735	5	1310	149	0.0697711679997
5401	30	8	492	9	317	149	1.15771653307e-05
5405	53	4101	32	2093	233	149	1
5408	20	3	76	33	396	149	0.062123172817
5409	16	3	65	33	392	149	0.0934797978712
5412	37	1	198	0	817	149	0.711304509741
5414	2	4	16	56	268	149	0.622623652056
5417	2	4	16	56	288	149	0.607217540435
5419	2	4	16	56	274	149	0.617718030396
5420	4	13219	54	27726	202	149	1
5421	50	10	214	8	159	149	0.00183542548345
5422	0	6	12	28	162	149	0.00203187690239
5430	410	36	1834	77	152	149	0.00542811083225
5433	6009	0	12857	16	1651	149	0.433200254618
5434	6495	48	13471	91	1651	149	0.728170125839
5435	5979	48	12832	91	1588	149	0.619509192016
5438	2621	11	11530	21	470	149	0.661738869088
5439	5	7	9	20	200	149	0.526698622599
5441	36	368	36	407	197	149	0.729306463695
5455	547	3	674	18	153	149	0.00866613075723
5458	51	3	264	12	415	149	0.759363361849
5463	2	0	52	13	241	149	0.00831425608037
5465	4218	4	3	0	462	149	1
5474	32	11	37	51	268	149	0.000746344256369
5475	0	61	12	177	212	149	0.00964709228349
5476	580	0	3183	4	280	149	1
5480	20	167	13	247	180	149	0.034559183769
5481	27	124	43	277	160	149	0.28834757946
5482	8	9	167	236	642	149	0.807868341136
5483	0	5	28	216	157	149	0.018434037785
5492	6	2	8	0	646	149	0.00293614441748
5494	4	23	44	168	207	149	0.314813629807
5495	2	23	3	168	196	149	0.352334798851
5496	170	0	838	27	261	149	0.00162461839611
5497	95	11	386	52	261	149	0.598823698761
5505	0	164	23	724	158	149	0.0103658249622
5507	43	152	59	468	160	149	0.0025406852602
5510	4	38	0	107	373	149	0.127168169103
5511	19	38	12	107	170	149	0.000491265082585
5514	25	1	88	0	153	149	0.285695994868
5524	1856	26	2603	22	153	149	0.224864371519
5538	7	54	18	159	330	149	0.893842472226
5540	15	80	46	463	242	149	0.110777572307
5541	0	104	106	385	976	149	1.34486533798e-07
5544	8	121	24	510	246	149	0.627463627801
5545	10	121	11	510	268	149	0.00878141709685
5546	14	121	23	510	345	149	0.0245548381533
5547	3	1	0	13	171	149	0.000112351998787
5548	7	1	12	13	248	149	0.0181826146607
5550	100	0	279	9	490	149	0.00477995904194
5552	30	6	281	86	4013	149	0.550736181345
5555	0	17	27	145	248	149	0.00302361525831
5556	60	3	83	0	157	149	0.126631278275
5557	5	0	72	8	172	149	0.0204306720905
5558	9	0	180	8	242	149	0.0423713814615
5559	5	0	82	8	331	149	0.0127239573283
5560	4	0	142	34	219	149	0.00608910323894
5564	10	18	22	25	157	149	0.335556268381
5565	41	8195	199	6150	184	149	3.91536325584e-09
5571	56	8899	125	7950	166	149	0.0597071893476
5572	57	8899	124	7950	172	149	0.104665530776
5573	1	0	20	21	155	149	0.00463608857303
5576	17	13	81	31	3872	149	0.0845167470354
5579	0	27	6	126	170	149	0.0832621020891
5584	471	142	476	127	411	149	0.536358179227
5590	14	0	57	25	173	149	0.0001281360595
5593	0	5	3	3	184	149	0.0031478723295
5596	18	88	99	1100	219	149	0.0197343183921
5597	56	72	110	347	152	149	0.000417688100866
5598	0	5	8	88	155	149	0.0330410636449
5602	83	20	311	224	165	149	9.46304397815e-05
5603	4	97	111	1180	265	149	0.0412309078653
5605	539	1584	1683	2338	167	149	9.89828953579e-07
5613	587	3	840	0	172	149	1
5614	9352	4	3491	0	483	149	1
5615	96	21	342	111	266	149	0.162438676577
5616	28	272	75	397	204	149	0.0207822813508
5617	13	138	74	361	208	149	0.0129536621233
5619	0	2	12	38	279	149	0.0152143615673
5623	58	0	257	30	210	149	0.000133925793272
5626	52	1	314	35	981	149	0.0100854586308
5627	29	90	63	206	218	149	0.903807026307
5631	384	95	434	89	770	149	0.383749802612
5633	7	32	0	273	381	149	0.000547186987824
5634	2	2	16	13	261	149	0.748613523893
5636	0	107	8	398	544	149	1
5637	6	129	19	320	153	149	0.521067399271
5638	52	0	565	51	836	149	0.000164311959155
5639	17	5958	131	10725	237	149	1
5641	1	63	10	171	317	149	0.0999054625359
5642	3	48	46	15	213	149	1.07691633389e-14
5648	8	119	37	174	165	149	0.00261243391462
5649	461	3	426	0	572	149	0.667984675579
5650	4	31	23	202	220	149	0.783665355797
5652	125	35	226	69	206	149	0.732278642486
5653	38	6975	124	5484	396	149	1
5654	935	0	4409	12	2226	149	0.0243433613472
5658	0	2	14	5	211	149	0.000605049775092
5660	0	7	3	11	187	149	0.023414472347
5663	5	4	17	0	578	149	1.74696054827e-05
5673	1	1	0	1	207	149	0.0564388543568
5674	9	33	45	19	180	149	9.91554914953e-07
5681	57	9	110	50	457	149	0.0066215351044
5682	31	7	72	0	388	149	1.38053086122e-05
5684	97	0	165	9	585	149	0.000695354088631
5685	33	9	38	50	218	149	0.000186763503396
5687	73	0	93	9	346	149	0.000322894025429
5689	49	0	105	9	277	149	0.00181555150039
5692	0	20	74	67	666	149	1.00217053656e-07
5694	0	2	10	34	343	149	0.0209024768694
5696	4572	78	109	0	799	149	0.0076805837682
5697	2852	14	16	0	274	149	1
5700	292	6	1	0	246	149	0.175173283526
5701	1	1098	0	2448	314	149	1
5705	3	4	0	180	240	149	0.00253826735666
5706	18	131	50	400	486	149	0.900191202553
5707	49	1	126	21	309	149	0.00163252319612
5712	31	3	44	19	350	149	0.00823348274117
5713	31	0	44	2	350	149	0.101982934663
5723	21	6	29	0	153	149	0.00045353996988
5724	1	16	103	93	208	149	1.25783514943e-05
5731	10	21	18	24	160	149	0.351032636335
5740	10	3	60	0	419	149	0.000436315510406
5744	9	0	98	7	214	149	0.024494393105
5749	22	0	300	29	186	149	0.00538570913659
5751	100	2	62	16	190	149	1.29050461849e-05
5752	346	0	286	6	335	149	0.0175868355815
5753	386	0	416	24	373	149	1.16880197298e-07
5754	102	2	158	16	186	149	0.00446328975112
5755	348	0	382	6	331	149	0.0498973877876
5756	388	0	512	24	369	149	9.29008028061e-07
5757	248	0	240	6	294	149	0.0176407287225
5758	288	0	370	24	332	149	4.73761342601e-07
5759	40	0	136	24	187	149	0.000104364867639
5763	242	0	1067	19	227	149	0.0222690191027
5765	0	5	95	67	515	149	0.000180727798268
5770	4	7	0	23	166	149	0.000689178147921
5771	30	10	113	0	278	149	5.07790322013e-08
5774	30254	5	568	0	1889	149	1
5775	14520	10	855	0	4211	149	0.274235249357
5776	2007	18133	38	823	744	149	3.08458108425e-05
5777	32648	2	1678	0	4211	149	1
5778	2672	18	1812	0	353	149	0.180243076478
5779	1	0	0	9	241	149	3.60063737841e-05
5781	2	250	20	286	467	149	0.0131378034844
5782	0	250	20	286	463	149	0.0116755783418
5787	15	244	57	584	641	149	0.122688494303
5791	306	32	324	49	168	149	0.17685261399
5792	35	94	51	178	279	149	0.387989590459
5794	17	0	38	25	230	149	6.38115789087e-06
5800	1375	13240	131	1106	162	149	0.470027416769
5802	22	155	7	92	159	149	0.134487630884
5803	1353	7	636	0	337	149	0.776521385151
5804	1342	7	694	0	358	149	0.801775934679
5805	595	31	535	5	230	149	4.10317769525e-05
5807	0	25	78	257	268	149	6.68770376904e-05
5808	17	88	53	128	191	149	0.0178884109431
5814	4	9	0	66	229	149	0.000623172324439
5820	1230	17	2105	0	376	149	0.000283822474619
5821	1418	10	2619	35	340	149	0.0645120295036
5822	101	6	232	12	391	149	0.956851547888
5823	286	12	659	8	430	149	0.00990986239075
5824	191	12	439	8	188	149	0.0107775197951
5825	282	6	659	15	430	149	0.785246417482
5826	1524	9	2858	0	391	149	0.463066937746
5827	1709	2	3285	28	430	149	0.00394678177912
5828	194	2	427	28	188	149	0.00051843529183
5829	1052	827	1981	1979	188	149	0.115846745388
5834	8	0	18	35	164	149	3.61236915236e-06
5841	12	24	78	54	200	149	0.00754105787167
5843	0	2	9	25	158	149	0.00781111666517
5846	39	16	172	55	194	149	0.533565917741
5849	0	23	20	57	237	149	0.000100604337688
5853	66	1	186	0	257	149	0.363354281659
5855	53	7	115	0	538	149	1.99192271997e-05
5856	178	3	268	40	199	149	2.255904472e-06
5859	301	1	1505	0	1386	149	0.330141703441
5860	16	1	167	0	222	149	0.228368278691
5861	19	25	180	0	214	149	0
5862	35	10	306	56	214	149	0.36034814761
5863	35	0	306	16	309	149	0.00839461938349
5865	171	7	118	53	167	149	7.18105575004e-11
5866	9	7	0	53	218	149	2.68269274573e-08
5867	3	165	0	118	200	149	0.649503338575
5871	23	0	109	41	197	149	1.71908277209e-05
5873	6	5	9	38	160	149	0.0256614127433
5875	3	0	50	40	175	149	0.0016815277084
5876	7	1	67	0	163	149	0.403114504754
5877	3	583	18	406	173	149	0.00031219294211
5881	1	0	61	4	158	149	0.0928884690546
5896	0	1	10	14	328	149	0.00868986714775
5897	0	1	10	14	686	149	0.0174421609844
5900	20	1	72	0	195	149	0.246996868275
5902	38	26	34	62	153	149	0.00539015556773
5903	875	0	1838	9	3862	149	0.00211427631916
5908	0	4	6	0	158	149	2.88941699567e-07
5909	0	4	6	0	153	149	2.81436357774e-07
5916	10	20	15	68	253	149	0.129652707505
5919	6	33	0	80	257	149	0.00119135897434
5921	88	343	35	511	160	149	7.76612567588e-08
5923	124	2	113	1	158	149	0.538681484827
5924	0	117	21	198	164	149	2.75874972391e-05
5929	9	200	0	145	336	149	0.187114932819
5931	6	18	0	11	259	149	0.00349487941165
5934	9	275	0	43	178	149	0.115026045732
5935	519	7	174	0	698	149	0.0192130129005
5936	911	3	142	0	153	149	1
5937	9	3	132	0	823	149	3.30746367289e-05
5938	13	1	242	0	1139	149	0.113261611261
5941	0	22	13	25	225	149	3.41411063914e-05
5942	32	47	10	87	219	149	7.04891566272e-06
5943	33	1479	77	681	163	149	4.95258278832e-11
5948	49	0	264	22	780	149	0.000374202080773
5949	6	4	22	6	175	149	0.258543262373
5952	31	6	44	5	161	149	0.419463607656
5953	16	6	12	5	234	149	0.88203317424
5954	23	6	12	5	240	149	0.492923594084
5955	2	17	12	44	222	149	0.156016344665
5956	9	17	12	44	228	149	0.248927259396
5959	17	0	121	29	210	149	0.00051595609647
5960	40	0	298	29	214	149	0.00118263461665
5961	21	0	128	29	235	149	0.000293561745724
5964	4	23	0	170	170	149	0.00272314902992
5967	4	0	15	7	153	149	0.00294184035253
5969	0	3	3	72	267	149	0.457852412204
5970	9	0	104	44	234	149	0.000477747491767
5974	0	81	13	254	226	149	0.019190476309
5978	98	0	289	6	677	149	0.0129590068045
5979	114	3	228	14	497	149	0.102927185989
5980	31	13	61	9	158	149	0.0344554050844
5987	24	2	21	8	158	149	0.0327417109925
6011	9	26	7	4	193	149	0.0233199939652
6012	5	0	50	8	295	149	0.00735446855575
6013	0	1660	18	1278	282	149	1
6014	11	989	9	3849	165	149	1
6026	23	4	37	5	153	149	0.808780007814
6027	39	5	90	7	369	149	0.484306126908
6028	7	199	59	1654	294	149	0.85227452371
6033	12	120	60	585	215	149	0.853851727282
6034	32	46	210	379	548	149	0.497139714021
6039	4	0	0	62	170	149	4.59454363444e-09
6040	0	3	3	90	160	149	0.341654136343
6044	0	18	9	30	161	149	0.000680523327447
6045	5	2	8	0	324	149	0.00733058205099
6048	8	409	17	1074	159	149	0.804594057328
6050	6	5	23	58	163	149	0.109177780372
6053	1	0	10	4	239	149	0.00292917967163
6054	24	20	64	37	153	149	0.350981565765
6057	25	3	36	0	176	149	0.0222850672787
6058	35	3	33	0	212	149	0.0354673754076
6059	10	0	0	3	185	149	3.17774812908e-07
6060	117	8	149	0	176	149	0.00123827641477
6065	108	94	314	248	274	149	0.645393199494
6066	163	4	393	0	208	149	0.189329551848
6067	21	4	96	0	214	149	0.000748838851551
6068	3	145	0	297	155	149	0.733205808729
6077	5574	18	2979	0	166	149	1
6080	0	7	4	49	1985	149	1
6086	2	371	0	304	254	149	1
6088	0	1	12	0	456	149	2.96951389338e-05
6090	65	0	749	24	1767	149	0.00193195518172
6092	18	157	7	963	314	149	1.38208777434e-06
6093	3	216	5	649	152	149	0.64831917346
6098	0	42	19	347	227	149	0.0295215630571
6100	25	78	34	137	681	149	0.475530342955
6103	13	1	151	62	198	149	0.0161137826448
6106	41	0	98	8	182	149	0.0057925766217
6107	3	29	32	76	156	149	0.00723910223285
6108	103	18	399	82	589	149	0.583567815642
6109	11	40	42	40	180	149	0.000813080387685
6110	20	245	23	130	180	149	0.0300509375686
6113	395	0	286	13	196	149	0.000102454465358
6118	33	567	9	1624	445	149	0.00987985950257
6119	14	13	19	77	195	149	0.00249952803943
6134	17	14	0	89	153	149	2.0061730055e-13
6137	6	0	32	43	191	149	6.7320237474e-05
6140	14	4	53	105	164	149	0.000323932706646
6141	15	47	0	128	158	149	6.3989454846e-09
6142	15	6	45	0	185	149	4.44135865155e-05
6143	47	6	173	0	176	149	0.000203914409128
6148	6	57	57	30	168	149	5.43942668685e-12
6150	24	70	50	103	168	149	0.262207285643
6152	4	105	0	108	257	149	0.526151826887
6157	7	12	23	286	182	149	0.00194356494195
6164	12	0	150	6	162	149	0.0975180221714
6167	6	394	17	1119	200	149	0.869186896301
6170	1	3	0	7	167	149	0.764315978075
6172	429	17	545	6	167	149	0.00489281164418
6175	5	154	73	455	156	149	4.61249297417e-05
6179	0	28	47	595	428	149	0.0423723743907
6180	105	95	625	521	2632	149	0.649244724729
6189	16	23	27	11	229	149	0.00840506899909
6190	18	2	41	0	153	149	0.125738072401
6191	25	1	92	6	200	149	0.372574553784
6197	0	17	5	33	162	149	0.0100240708191
6198	16	218	72	352	153	149	0.00056049324815
6199	0	3	5	39	215	149	0.0389898184437
6201	6	2	35	0	173	149	0.01920947939
6202	8	39	9	185	194	149	0.0142932441651
6203	26	5	345	101	293	149	0.323515088584
6210	16	2	71	69	158	149	0.000559471205074
6211	70	0	626	2	1566	149	0.457448651867
6214	210	33	240	35	182	149	0.806928616729
6215	547	660	512	523	182	149	0.313352431064
6220	0	3	13	7	184	149	0.000436146440914
6222	5	8	4	13	255	149	0.369280200899
6223	5	8	6	13	194	149	0.682231292647
6238	59	0	142	14	193	149	0.000675115395419
6240	4147	390	3112	420	236	149	0.0239119410371
6241	1	197	1	1402	180	149	1
6242	406	0	2440	15	2912	149	0.00453609773025
6244	316	0	2151	47	180	149	0.00483752428051
6245	0	451	11	4101	231	149	1
6246	0	451	22	4101	213	149	1
6247	6	451	28	4101	189	149	1
6248	456	9	4141	44	844	149	0.215790783962
6249	3	9	0	44	538	149	0.0773324691375
6250	2	9	0	44	363	149	0.351840091242
6251	2	9	0	44	238	149	0.156065993343
6257	5	75	15	527	195	149	0.27775897732
6258	1	76	17	486	159	149	0.086673397853
6259	5	20	86	46	173	149	2.81524130149e-05
6264	32	0	129	43	188	149	4.75908596898e-06
6269	63	0	390	56	374	149	8.1124411887e-06
6274	136	3	475	0	207	149	0.461856921831
6282	128	0	399	9	643	149	0.00634737311626
6284	540	2	1873	21	383	149	0.0432926771856
6289	2	107	38	169	232	149	1.30340154225e-06
6290	2	12	38	11	232	149	5.36674211682e-06
6292	0	19	18	36	205	149	3.9895650058e-05
6298	74	178	43	103	164	149	0.991396309394
6310	0	3	148	9	904	149	2.23989379511e-06
6314	0	14	7	27	220	149	0.00324055864755
6315	19	0	7	19	490	149	9.05009622798e-10
6319	0	5	21	81	191	149	0.00720951689254
6321	68	18862	136	39265	276	149	1
6322	150	145	707	244	3226	149	1.55370848187e-07
6324	2	0	62	12	267	149	0.00987677167902
6329	4	124	49	686	169	149	0.0569726506428
6330	7	5	96	0	153	149	4.22370614561e-06
6332	77	30	237	138	174	149	0.134339186094
6336	3	2	0	59	161	149	0.000142376028518
6341	53	19	288	18	277	149	1.00543554228e-05
6342	119	8	348	15	425	149	0.424552459397
6343	15	7	18	25	531	149	0.0537490320296
6349	115	30	223	34	236	149	0.0857143765374
6351	145	819	28	635	172	149	5.89983495392e-09
6356	0	30	9	139	1234	149	1
6360	4	37	0	25	159	149	0.0275374016548
6362	0	2	6	0	154	149	3.65386339585e-06
6363	1151	62	1919	76	253	149	0.179947286817
6364	1163	12	3267	55	307	149	0.11201266687
6365	111	5	471	0	503	149	0.000547209661686
6369	33	24	26	45	152	149	0.0226150057423
6371	8	13	0	88	391	149	2.27603606462e-06
6373	0	11	5	96	236	149	0.190275635283
6375	27	3	96	46	153	149	0.0044706633348
6376	39	6	129	0	386	149	3.41800005385e-05
6380	0	2	108	58	152	149	0.00123468714308
6381	2330	3	2178	5	156	149	1
6386	14	19	30	299	180	149	1.3108362745e-05
6394	30	2	66	37	225	149	0.000192641487081
6396	4	3	20	0	153	149	0.00103897845468
6397	10	21	130	72	225	149	0.00108589458976
6398	14	27	17	184	246	149	0.000198078496044
6414	29	4	30	0	187	149	0.00912846072903
6423	5	85	0	217	168	149	0.0242915576399
6431	6	0	9	14	306	149	6.10651898358e-05
6432	4845	29	5566	59	206	149	0.0790502712993
6433	17	5	32	0	167	149	0.000686273500482
6438	69	4	54	12	170	149	0.0154938157826
6439	41	106	36	165	211	149	0.0527767549345
6440	9	10	161	75	161	149	0.0884154791703
6442	300	3	683	0	1502	149	0.030051486549
6445	22	1	17	0	170	149	0.262409248563
6447	638	0	1297	14	895	149	0.00117829012507
6448	79	6	31	0	167	149	0.0157742510722
6450	41	34	16	0	196	149	2.12258699539e-06
6451	1011	0	1284	21	303	149	0.000405061300421
6453	9	2	99	8	663	149	0.315449134002
6457	17	5	18	0	267	149	0.000611519492681
6458	17	6	18	20	267	149	0.0372155811322
6459	18	6	18	20	335	149	0.0290483039974
6460	23	6	45	20	447	149	0.291750125742
6464	41	1	73	4	502	149	0.281461616727
6465	0	25	154	252	471	149	6.76705792291e-07
6469	5	1	9	0	256	149	0.465492475429
6472	0	1	9	0	153	149	2.22924110124e-05
6475	2804	44597	0	193	296	149	8.68245164763e-05
6484	8	233	0	39	266	149	0.270877169246
6486	4	2	8	0	176	149	0.0129712458794
6488	7	0	205	7	273	149	0.0552278478584
6490	0	807	7	304	196	149	0.423973012855
6491	49	17	54	2	174	149	0.000165829963124
6492	29	7	50	17	158	149	0.460810653805
6493	5	85	20	468	173	149	0.948703691463
6497	11	6	46	2	383	149	0.00104692403445
6498	19	2	50	0	383	149	0.0246781588598
6499	65	0	13	10	192	149	1.24086251274e-08
6505	13	310	92	548	701	149	4.35093756801e-06
6506	19	0	70	10	164	149	0.00401183337834
6507	152	5	123	2	199	149	0.288344848973
6510	10	0	17	11	161	149	0.000192501002018
6514	4	0	95	22	237	149	0.0061307416945
6516	8	0	18	59	211	149	2.53195640454e-07
6522	49	2	140	0	169	149	0.722044422156
6531	121	2	168	0	287	149	0.642575269103
6533	0	311	7	117	162	149	0.00349659827866
6534	353	6	176	0	336	149	0.0585176020678
6535	2	10	0	64	314	149	0.324543368056
6545	8	4	37	12	261	149	0.510203231631
6546	12	10	65	0	483	149	1.36777777993e-09
6547	10	107	0	180	195	149	0.000231507110407
6549	327	60	1286	180	194	149	0.225947168048
6552	12	152	20	275	269	149	0.941077278726
6556	2	41	24	95	190	149	0.00369619793695
6562	5	0	37	13	383	149	0.00217780909791
6564	9	170	123	200	312	149	9.99200722163e-15
6567	65	71	260	159	924	149	0.0148040725653
6572	19	0	37	13	188	149	0.000153862425299
6573	1	0	48	6	194	149	0.0206195088016
6574	21	0	114	20	188	149	0.00106504359243
6575	13	101	16	42	179	149	0.0136552095955
6578	183	39	597	126	2984	149	0.930707253929
6580	55	21	62	9	268	149	0.025435220848
6581	66	100	68	194	268	149	0.0132352898566
6582	736	6	2950	69	204	149	0.00425075339796
6583	876	83	5023	623	153	149	0.136351814347
6584	1949	83	7938	623	298	149	0.000726315043966
6585	1949	876	7926	5011	294	149	0.0214621880009
6586	48	8	209	15	222	149	0.12731383954
6587	12	0	109	11	153	149	0.0156384354852
6588	1347	0	5346	11	298	149	1
6589	1347	12	5334	97	294	149	0.0165058099488
6590	46	2810	329	13973	425	149	1
6591	0	261	1	123	196	149	1
6598	155	141	241	209	160	149	0.817775580854
6599	533	0	615	5	439	149	0.288234505206
6601	0	11	31	17	323	149	8.79431880874e-07
6602	360	1	882	34	218	149	7.36764767634e-05
6603	6	187	11	297	199	149	0.712719480071
6604	87	15	382	16	183	149	0.000845073563838
6625	0	4	8	12	159	149	0.00168295099821
6629	4	2	17	33	158	149	0.11072404585
6633	0	54	4	61	167	149	0.0469229897307
6638	69	488	172	459	1021	149	2.69169082867e-06
6639	3	0	1	11	158	149	1.17215413329e-05
6640	3	0	71	27	158	149	0.00507834368966
6642	12	4	28	29	155	149	0.0474116443099
6643	22	6	232	187	989	149	0.0296513740283
6646	0	9	14	24	232	149	0.000480724160813
6647	5	10	2	44	549	149	0.00631875946658
6648	5	0	2	34	561	149	1.94810311216e-07
6649	10	0	44	34	161	149	4.99476995945e-05
6650	6	1	180	2	152	149	0.306592924188
6651	24	1	85	0	260	149	0.252253460149
6653	21055	0	32630	4	388	149	1
6654	24813	0	40670	9	801	149	1
6655	20751	2	39005	0	562	149	1
6656	128	4593	246	10907	772	149	1
6660	17	6	82	0	212	149	1.09207169222e-05
6664	1	3	63	0	163	149	1.99846722361e-05
6667	2	5	9	19	154	149	0.784985386751
6668	62	0	33	3	153	149	0.0390521854074
6671	16	97	27	120	301	149	0.378009464158
6675	144	4	198	0	173	149	0.220239604597
6676	45	10	60	46	233	149	0.00165940574285
6680	20	0	184	18	206	149	0.00601117823288
6682	64	93	17	162	305	149	1.2418748252e-09
6684	18	7	38	0	216	149	2.75372723791e-05
6685	10	239	16	49	315	149	6.86578253706e-06
6686	89	48	243	36	792	149	5.7506917861e-06
6687	4	56	0	361	167	149	0.0393357009681
6690	233	2	265	8	233	149	0.0529192268333
6691	5	6	22	26	458	149	0.939433452555
6692	0	21	15	12	215	149	2.85236574138e-07
6693	1	6	8	14	154	149	0.120554349587
6695	12	40	5	100	268	149	0.00104105310043
6700	4	0	40	83	192	149	0.000123518913189
6701	2	0	0	1	1763	149	2.10958577069e-05
6705	200	44	16	0	317	149	0.000564763494663
6708	350	833	392	362	440	149	3.22508026951e-08
6709	821	81	615	22	494	149	0.000145391203722
6710	1304	81	585	22	203	149	0.0571580455354
6711	2733	9	1520	0	650	149	0.591126178641
6712	6	134	39	938	251	149	0.818878065337
6714	13	133	12	99	233	149	0.652784337654
6715	17	117	74	233	371	149	0.00918876575131
6716	298	0	532	8	1009	149	0.00314910147818
6718	519	12	431	12	251	149	0.682385967488
6719	2503	3	528	0	862	149	1
6720	1402	6	332	0	182	149	1
6722	1	60	0	292	157	149	0.567594813143
6723	0	2	23	78	245	149	0.0142632390114
6725	12	2373	20	466	153	149	9.89993906686e-06
6726	23	3	16	0	158	149	0.0370782608301
6727	2	4	7	0	158	149	0.000117597581371
6731	401	0	405	1	424	149	1
6732	235	11	808	104	153	149	0.00115395330742
6733	111	10	433	38	153	149	0.905923549741
6738	2405	9	3495	23	155	149	1
6739	773	1	391	0	201	149	1
6740	10	265	12	287	199	149	0.814558198311
6742	0	24	4	90	167	149	0.154056010518
6746	16	17	15	66	164	149	0.00233355446116
6747	26	8	105	15	185	149	0.172247396462
6748	2	110	0	162	191	149	0.601074832191
6749	53	60	67	66	386	149	0.627331212266
6750	39	16	60	18	681	149	0.447086641634
6759	0	4	6	92	200	149	0.086408192239
6762	12	4	139	1	578	149	9.9740320174e-05
6763	603	4	975	0	198	149	1
6764	3	8	26	0	189	149	2.43195058536e-08
6765	9	8	26	6	189	149	0.0345524488047
6768	96	0	566	11	200	149	0.0907750218444
6769	9	96	0	112	174	149	0.000845320004125
6770	36	1153	0	14	298	149	0.31678051384
6771	38	58	90	32	191	149	3.71318066317e-06
6772	2	4	22	0	154	149	1.9600188721e-05
6783	279	60	2988	638	537	149	0.982980369604
6787	373	0	279	24	443	149	1.13688047865e-09
6788	0	2	22	87	153	149	0.0117505349273
6790	0	9	22	211	158	149	0.0183271626231
6802	96	0	259	2	156	149	1
6803	0	5	8	2	231	149	2.38122580966e-05
6804	0	5	8	2	307	149	3.33621437959e-05
6810	2	0	26	16	158	149	0.00400955421377
6812	8	16	17	0	233	149	3.35114154204e-08
6813	16	700	68	1278	336	149	0.00376021365107
6831	84	0	198	58	179	149	1.3526822995e-09
6832	2	30	46	95	1493	149	0.000543608322705
6837	9	3	135	0	253	149	0.000660923303232
6839	105	0	580	8	396	149	0.0669389571686
6847	120	19	399	0	176	149	4.61212179559e-11
6849	47	151	34	213	185	149	0.0184982284504
6850	11	0	128	85	278	149	4.00020559994e-05
6851	7	18	50	22	158	149	0.000335949702561
6852	8	18	106	22	161	149	5.28097909958e-07
6853	8	7	90	34	152	149	0.170565657786
6854	152	0	328	2	153	149	1
6855	1205	14	1298	16	212	149	0.88267166725
6856	12	440	102	933	153	149	3.28499207525e-06
6859	79	0	127	33	240	149	2.65675087485e-08
6861	0	11	50	27	173	149	3.08864227305e-07
6862	0	5	94	12	173	149	4.19135256391e-07
6864	7	3	33	192	222	149	0.000341929650618
6865	7	4	43	22	222	149	0.855344277493
6866	4	7	30	124	171	149	0.355828704515
6867	10	7	33	124	222	149	0.00305377908756
6868	9	3	7	4	200	149	0.521356928639
6869	7	3	41	54	222	149	0.106874897041
6870	20	2	122	20	494	149	0.361604346662
6874	205	5	1579	55	323	149	0.305656409989
6875	6	13	42	126	266	149	0.814250693399
6876	22	2	10	14	326	149	6.27299162244e-05
6878	11	7	70	20	173	149	0.185550677764
6882	16	43	43	292	265	149	0.0201328833007
6883	35	0	96	4	221	149	0.0735083027516
6886	1	73	0	120	161	149	1
6888	19	4	79	56	261	149	0.0194528114577
6889	30	28	75	130	389	149	0.0720970069667
6890	6	35	36	172	172	149	0.556059377605
6891	18	325	9	237	215	149	0.346404864629
6892	134	2	282	0	254	149	0.549347265675
6896	0	77	16	182	178	149	0.000916378550169
6899	5	2	0	7	154	149	3.61231734064e-05
6903	6	325	21	612	155	149	0.135417225957
6904	279	5	590	0	161	149	0.50364640985
6907	1496	2	1180	0	1084	149	1
6909	26	195	123	961	429	149	0.947609084182
6910	66	2	320	0	1111	149	0.04131444455
6913	11	641	0	426	160	149	0.336344588377
6914	1	63	12	270	275	149	0.138066849475
6918	267	139	706	1314	565	149	2.12563300295e-12
6919	0	3	5	80	356	149	0.303583315104
6920	67	4	148	24	1602	149	0.0537428170624
6921	11	418	16	304	155	149	0.0966267628971
6925	16	231	10	102	161	149	0.509317510732
6926	555	8	567	0	396	149	0.0134132863565
6928	80	4	508	6	291	149	0.0937684409423
6932	100	207	72	69	509	149	0.00236782048356
6933	83	93	330	46	1846	149	1.11022302463e-16
6935	17	67	36	107	298	149	0.395989464153
6938	24	9	37	7	395	149	0.222096884042
6939	26	0	37	25	407	149	2.1211831569e-07
6940	11	0	7	25	161	149	2.35340864574e-08
6944	151	12	259	0	167	149	2.27072012136e-05
6946	8	92	34	146	237	149	0.0114091357058
6955	79	850	59	834	158	149	0.227618062929
6957	32	74	34	150	393	149	0.045370611854
6958	279	11	414	0	238	149	0.000225709412296
6962	11	7	3	0	278	149	0.00145309435521
6963	145	6	846	0	601	149	5.91712448017e-05
6964	6	15	19	18	296	149	0.0730570921878
6965	22	105	35	123	160	149	0.341743096306
6966	68	472	7	202	160	149	7.54440443612e-05
6971	2	0	0	87	152	149	4.69105013734e-06
6974	1	21	3	11	161	149	0.0795401904315
6978	20393	73	42745	83	196	149	1
6979	2724	72	6434	141	169	149	0.38804665815
6980	9397	23	15039	30	862	149	0.55759705816
6981	4951	3	8424	0	216	149	1
6982	48	4	17	0	212	149	0.0282335219332
6984	2	5	14	128	691	149	0.674594375973
6985	3	46	6	37	702	149	0.184909431447
6986	125	1	14	0	155	149	1
6991	0	41	31	300	933	149	0.112552147683
6996	14	7	18	0	208	149	0.000110074643148
6998	154	3	317	18	252	149	0.0342868327024
6999	159	29	284	23	171	149	0.013108438257
7002	6	0	103	15	195	149	0.0104921002411
7005	529	5	367	0	337	149	0.39003165997
7022	0	1	6	79	310	149	0.157364870031
7023	0	1	1	79	159	149	1
7039	2	178	4	726	213	149	1
7041	89	0	91	18	169	149	1.21738375514e-06
7043	6	0	39	5	171	149	0.0145128660882
7044	37	7	152	14	157	149	0.243242864755
7058	72	4	265	0	773	149	0.000692892033613
7061	3	77	13	513	179	149	0.731382523439
7062	89	0	472	29	182	149	0.000948555526516
7063	7299	6	14682	0	270	149	1
7066	101	42	146	93	177	149	0.103158086852
7068	12	814	2	25	246	149	0.729614649509
7069	4	814	0	25	181	149	1
7070	386	15	130	32	715	149	6.30750703889e-08
7071	603	6	141	0	319	149	0.256157255434
7081	12	452	25	338	247	149	0.00552780107612
7082	73	0	507	2	153	149	1
7086	35	16	134	98	246	149	0.178120120653
7087	0	16	1	98	153	149	1
7096	168	80	237	79	227	149	0.128282719332
7109	4	93	0	141	151	149	0.094725386801
7112	0	43	9	179	152	149	0.0261018018191
7123	71	3	178	0	251	149	0.0726595730119
7124	56	2	249	0	338	149	0.337889350191
7125	4	2	0	60	158	149	4.67347528121e-06
7128	18	23	76	85	161	149	0.694797640336
7132	21	362	1	285	155	149	8.30233545573e-05
7136	4	33	0	55	166	149	0.0107545600227
7137	76	2	251	0	500	149	0.28218320054
7141	0	2	52	74	179	149	0.00383492182157
7142	2	0	86	13	230	149	0.0143370745565
7143	4	0	108	13	200	149	0.0169409628188
7144	2	0	239	37	629	149	0.00832610984946
7146	3030	55	6039	100	153	149	0.725967841393
7148	32	3	6	8	223	149	0.00023241074113
7149	60	5	23	0	257	149	0.00990660874529
7150	31	5	25	0	183	149	0.00377456969758
7151	9	4	17	8	153	149	0.918374060485
7153	3	1	0	18	191	149	0.000114297346842
7156	0	292	13	193	179	149	0.000112696825621
7157	3	14	19	56	298	149	0.342291636631
7163	22	5	8	0	152	149	0.00551584296428
7164	28	19	47	76	152	149	0.0187686646413
7165	65	35	122	0	239	149	5.44009282066e-15
7166	56	35	151	0	236	149	0
7167	14	60	42	92	158	149	0.0575288334396
7168	7	2	19	32	158	149	0.0151557449449
7169	6	2	44	24	400	149	0.531693800595
7174	2	0	5	27	153	149	0.000348088203751
7175	48	4	8	0	153	149	0.0576818248354
7178	27	48	143	138	155	149	0.0384358161775
7180	29	0	51	5	556	149	0.00192485938258
7181	756	273	257	120	302	149	0.183875548697
7182	8	16	87	100	268	149	0.179033551727
7183	26	16	283	100	319	149	0.132339667049
7184	18	0	208	12	200	149	0.0238390813974
7186	1960	43	1438	46	192	149	0.14730449894
7187	1092	0	971	11	1440	149	9.16266803122e-05
7188	5	693	51	589	236	149	1.23680055086e-09
7189	481	259	833	195	197	149	3.29251660902e-06
7190	168	8	378	8	197	149	0.150577827829
7191	595	10	683	93	164	149	7.59525775607e-12
7192	25	57	114	236	286	149	0.682735576932
7196	21	18	149	88	573	149	0.269970770454
7203	39	8	115	6	1048	149	0.0150739905817
7204	4	85	22	220	173	149	0.0978108558581
7212	22	0	165	13	173	149	0.0120246318422
7220	6	0	0	5	3462	149	1.55030619353e-06
7225	121	23	157	8	153	149	0.0014791953938
7238	78	0	236	7	741	149	0.00596212899772
7245	17	3	93	21	155	149	0.564986247871
7246	125	3	271	0	599	149	0.0336100045919
7249	22	264	11	368	160	149	0.00809639285388
7251	117	6	29	0	161	149	0.0459799957654
7254	7	0	20	1	174	149	0.254315570146
7257	32	159	8	97	288	149	0.0219278571509
7258	0	28	20	65	475	149	0.000263744817441
7260	0	31	8	140	294	149	0.106393838063
7261	1	2	4	13	220	149	0.598058690511
7262	1	40	4	66	217	149	0.211379856431
7263	1	40	4	66	271	149	0.210643879623
7267	96	1	26	0	235	149	0.541715038411
7268	358	7	335	4	211	149	0.389099021682
7269	369	20	312	26	211	149	0.198339016025
7270	7	11	17	17	164	149	0.416072541409
7273	52	43	123	17	155	149	1.55896598741e-07
7287	60	3	77	0	165	149	0.110465227159
7292	1	60	0	77	153	149	0.549421780262
7293	10	55	53	105	161	149	0.00583558580632
7296	3	54	15	93	227	149	0.0453924664159
7299	0	8	18	16	179	149	5.4155877218e-05
7300	0	20	40	127	179	149	0.00013199826978
7301	0	30	9	65	181	149	0.00314470322258
7304	0	20	11	19	347	149	8.51812129865e-05
7317	5	21	0	64	153	149	0.000475777700662
7324	3	17	11	56	296	149	0.711306562542
7330	8	3	28	21	169	149	0.252767566355
7331	0	5	21	2	498	149	6.62034692067e-07
7332	0	3	38	20	204	149	0.000396854144101
7336	27	0	264	14	271	149	0.0134382744458
7340	1	0	11	18	174	149	0.00364982108707
7344	4	4	320	12	166	149	0.00062680103625
7346	143	15	391	40	701	149	0.987163317349
7347	4	15	26	40	172	149	0.0922690852115
7348	170	2	497	13	311	149	0.133413217514
7351	5	1074	0	979	181	149	1
7359	3	10	0	62	224	149	0.00927752277073
7360	10	0	0	11	180	149	1.28372090735e-10
7361	26	4	633	167	1325	149	0.379914625181
7365	0	6	3	76	179	149	0.307958071889
7366	6	7	116	17	155	149	0.00176733586121
7371	157	3	441	0	298	149	0.310781934116
7372	270	0	548	15	298	149	0.00133279925728
7378	0	8	12	23	548	149	0.0026920788419
7381	1	4	17	55	202	149	0.647973958757
7384	0	19	8	47	165	149	0.00371768106351
7386	4	5	13	0	254	149	2.15411826738e-05
7390	0	30	8	112	197	149	0.0247505332054
7397	3	120	0	85	199	149	0.679812997418
7406	8	0	24	12	225	149	0.000559354472638
7407	0	7	15	109	216	149	0.0199461536263
7414	113	0	421	12	1698	149	0.00108861800132
7418	2	2	11	0	259	149	0.00170182208869
7419	6	1	45	9	217	149	0.744443654913
7420	229	3	775	0	3062	149	0.00388972774438
7421	113	3	366	0	1310	149	0.00528075512296
7422	10	17	35	12	1469	149	0.00150033161868
7430	69	11	307	0	385	149	7.45425032811e-09
7436	24	182	121	704	263	149	0.282969455964
7438	419	7	462	0	407	149	0.011672904598
7439	62	32	23	8	167	149	0.345652668986
7441	3	3	0	36	274	149	0.00155172131588
7447	8	4	75	60	154	149	0.387123642103
7462	0	35	9	179	295	149	0.125615743598
7464	49	11	268	73	256	149	0.542332698762
7465	0	11	60	73	296	149	2.98640304407e-05
7466	0	49	51	259	189	149	1.84049569121e-05
7467	0	11	19	27	188	149	8.25983074375e-05
7468	114	0	288	3	523	149	0.215199648861
7472	20	2	185	0	175	149	0.216918494964
7473	19	540	118	1093	164	149	2.35244012595e-05
7474	20	82	25	281	176	149	0.00624459937337
7477	0	9	27	370	1077	149	1
7479	8	4	30	32	284	149	0.257342803065
7481	4094	21	7286	57	483	149	0.123905925826
7482	68	2	94	19	233	149	0.000820416811364
7483	247	8	292	0	170	149	0.0143601994798
7484	1	3	12	57	182	149	0.528788542674
7487	18	7	10	0	153	149	0.00121395894499
7490	507	1	528	34	324	149	4.23040913411e-09
7491	35	520	79	465	156	149	0.000190949717033
7492	12	8	36	17	173	149	0.517632441362
7493	56	31	289	403	255	149	0.000714153672309
7494	24	4870	60	9036	179	149	1
7495	235	4870	239	9036	280	149	0.00044875019041
7496	226	15	239	60	250	149	1.61624665435e-05
7497	171	29	255	26	494	149	0.109724224347
7498	22	82	41	72	161	149	0.0227955228641
7499	11	7	133	0	154	149	8.10291621578e-08
7500	74	329	184	1200	721	149	0.0753288308783
7502	26	58	92	280	206	149	0.343248066254
7504	0	44	2	440	163	149	1
7523	2	2	0	32	153	149	0.00541273133206
7524	29	174	629	1383	158	149	1.86244667488e-05
7525	0	174	7	1383	162	149	1
7527	135	2	972	24	191	149	0.241137917257
7530	34	1	108	0	154	149	0.329993782784
7535	219	1	298	0	186	149	1
7537	7	419	28	2393	170	149	0.688888588618
7538	16	0	195	4	381	149	0.127256659778
7539	13	0	188	17	381	149	0.00668982862846
7550	1	0	0	3	234	149	0.000108918147607
7558	154	10	415	20	191	149	0.582463625199
7563	455	21	91	0	166	149	0.00491756778317
7569	33	79	46	117	268	149	0.862660813212
7571	0	9	27	112	162	149	0.00320338063955
7573	8	406	75	3477	274	149	0.671618104742
7574	65	4337	124	8207	403	149	1
7576	34	0	255	4	381	149	0.17467956465
7577	10	0	42	3	482	149	0.0219859006575
7587	109	67	96	99	155	149	0.0398665309454
7598	0	27	7	244	154	149	0.171653498461
7603	52	7	129	7	426	149	0.126074301733
7604	34	7	96	7	528	149	0.0757815088501
7605	5	23	6	39	251	149	0.688419534168
7606	22	35	135	78	390	149	0.00178003907646
7607	1	11	10	0	181	149	1.14125652262e-08
7608	5064	1	7713	0	190	149	1
7609	24545	5	32006	27	190	149	1
7610	5046	46	7694	109	190	149	0.0472746630051
7611	150	11192	270	21656	160	149	0.728232504201
7612	109	22	201	61	173	149	0.162731713623
7613	16	79	46	326	378	149	0.381652293236
7615	18	302	2	452	193	149	6.52574796852e-05
7617	4	18	1	44	212	149	0.0153886469466
7618	7	0	48	257	203	149	5.35798325707e-08
7619	8	0	203	65	262	149	0.0012244469643
7620	1	0	412	65	208	149	0.017312992001
7623	119	33	612	149	287	149	0.644759250259
7624	820	25	101	5	233	149	0.641517303647
7626	505	7	203	0	154	149	0.751349458632
7628	0	579	67	2240	496	149	1
7634	52	107	132	111	229	149	0.000353871184426
7640	5	4	74	24	196	149	0.24836661
7645	49	237	221	953	668	149	0.560765741797
7646	9	0	40	4	216	149	0.0229402285029
7650	114	10	1449	78	202	149	0.322768834576
7651	0	142	35	1911	159	149	0.121093704578
7653	354	0	2080	17	909	149	0.0116185659462
7663	0	28	68	277	291	149	0.000153624208445
7668	0	5	10	10	570	149	0.00153941684461
7679	3	3	33	46	158	149	0.689743000038
7684	11	33	46	60	192	149	0.0335086271738
7688	69	0	33	34	421	149	4.88498130835e-15
7694	52	132	25	175	160	149	0.000578359259263
7696	692	8	634	0	423	149	0.0256472491998
7699	68	14	65	0	196	149	9.61722432535e-06
