IJC_SAMPLE_1	SJC_SAMPLE_1	IJC_SAMPLE_2	SJC_SAMPLE_2	IncFormLen	SkipFormLen
92	32	14,23,63,24	3,3,2,3	203	222
18	11	22,4,13,3	10,9,5,8	1104	295
4	11	8,0,0,2	10,9,5,8	271	295
3	2	10,4,6,2	7,3,6,4	187	238
0	4	0,1,0,0	0,0,0,0	314	294
46	4	24,28,7,16	0,0,0,0	245	294
46	0	24,28,7,16	0,1,0,0	245	314
22	55	0,0,1,0	2,12,11,11	209	221
3	2	0,0,1,0	0,0,0,6	211	294
3	9	0,0,1,0	4,0,0,0	211	294
2	7	0,0,1,0	1,0,0,0	211	294
2	120	0,0,1,0	6,19,25,34	211	221
2	9	0,0,0,6	4,0,0,0	294	294
7	120	1,0,0,0	6,19,25,34	294	221
120	5	14,19,25,26	8,0,0,4	210	337
111	18	15,18,23,12	5,0,0,8	210	264
3	0	0,0,0,1	2,0,0,0	185	264
3	5	0,0,0,1	8,0,0,4	185	337
3	6	0,0,0,1	8,0,0,4	185	354
3	34	0,0,0,0	8,5,2,23	185	264
165	154	47,85,72,110	68,40,66,65	277	245
223	409	66,67,61,92	128,126,214,152	292	328
3	0	2,0,0,0	2,0,0,0	279	222
74	17	49,29,39,42	27,5,1,2	275	298
0	35	7,0,0,0	102,21,2,2	233	245
0	10	3,0,0,0	25,1,2,2	326	220
2	17	0,3,0,0	32,0,2,6	262	259
1	8	2,0,2,0	3,0,0,4	241	286
5	132	18,0,6,0	32,26,45,34	216	301
2	5	7,2,0,1	6,4,0,0	337	289
0	6	10,0,0,2	14,1,1,0	313	428
16	0	11,0,0,0	6,0,0,0	305	313
10	8	5,3,2,0	14,0,0,2	275	305
0	10	9,0,0,0	2,0,2,0	321	210
1	2	1,0,0,0	36,2,3,0	223	247
0	2	1,0,0,0	29,2,3,0	258	247
0	239	2,0,0,0	249,101,107,126	203	374
4	69	14,5,0,2	19,35,52,22	246	197
8	68	18,10,12,4	19,39,49,22	239	197
77	69	15,26,23,44	23,36,56,28	294	197
56	0	24,28,37,26	0,0,2,0	297	508
35	0	18,14,27,16	0,0,0,2	297	187
56	0	24,28,37,26	0,0,0,2	297	187
11	2	3,4,0,0	4,0,0,0	301	330
20	103	16,17,9,31	26,31,27,29	201	241
82	59	17,21,26,21	22,28,29,39	241	249
14	5	0,0,0,0	7,0,0,0	277	468
39	68	32,12,2,6	90,27,9,8	233	306
7	11	47,3,6,7	71,2,2,2	299	436
4	4	11,9,1,4	18,0,0,0	269	494
0	14	0,2,0,0	53,0,0,1	219	360
2	4	0,3,1,0	0,0,2,1	221	215
42	8	31,18,13,52	17,3,11,4	456	254
34	8	63,11,14,14	14,3,5,4	260	254
2	3	30,0,0,0	19,0,0,0	245	257
6303	15015	143,0,0,0	388,3,2,0	244	327
6553	6627	219,0,0,0	225,3,0,0	276	244
7962	9508	418,5,0,0	237,2,0,0	358	276
2	18	1,0,0,0	6,2,0,3	303	214
97	0	50,6,1,4	2,0,0,0	437	242
2	6	0,1,0,0	2,1,0,2	223	452
27	136	24,11,12,6	37,68,30,17	1037	353
17	136	10,9,6,4	37,68,30,17	275	353
116	4	43,40,24,12	0,0,0,0	275	258
1	2	25,0,2,0	28,8,5,0	181	208
79	18	12,11,5,13	6,3,0,1	246	199
0	2	0,1,0,0	6,0,0,0	221	428
10	12	4,0,2,3	2,2,2,0	410	208
0	2	5,10,0,0	4,0,0,0	238	210
0	6	0,0,0,2	0,1,4,3	203	209
4	6	0,0,0,0	0,1,4,3	185	209
4	0	0,4,3,5	0,0,0,1	200	185
26	141	2,0,4,13	163,138,66,65	250	271
358	325	154,174,214,264	239,195,117,143	262	305
168	84	104,62,44,46	95,53,25,19	272	326
11	53	5,2,4,4	11,7,3,18	276	245
50	8	46,25,33,14	12,0,0,4	321	253
1	21	0,0,0,0	0,12,1,0	220	333
2	21	0,0,0,0	0,12,1,0	187	333
11	4	2,0,0,0	0,0,0,0	305	187
4	4	32,2,0,0	115,3,0,0	272	530
29	91	69,17,0,3	82,25,4,8	268	289
57	14	150,21,8,23	33,6,3,13	288	288
13	35	7,6,0,9	1,30,20,17	241	276
0	7	7,0,0,0	15,0,0,0	266	355
0	11	7,0,0,0	17,2,0,0	266	323
0	20	25,0,0,0	92,13,10,8	200	232
45	10	45,7,0,2	34,11,6,0	256	218
6	2	33,14,0,0	49,0,0,4	265	230
2	2	41,0,0,2	53,0,0,0	324	265
8	0	25,0,0,0	37,1,0,0	265	368
20	121	82,20,0,3	61,59,40,36	263	204
312	243	46,136,222,118	78,128,170,89	245	218
661	3	141,277,356,222	3,4,0,4	245	230
43	337	2,7,25,30	86,114,141,102	175	245
39	17	2,7,22,29	2,3,14,11	175	245
12	4	31,7,0,0	2,0,5,2	357	210
261	338	127,150,186,149	150,90,146,137	286	247
105	338	92,65,38,43	151,91,146,137	253	247
100	154	105,70,35,46	130,96,30,19	280	318
0	4	7,0,3,8	80,10,8,2	236	354
7	3	4,16,5,16	0,2,0,0	299	256
106	44	68,48,39,44	45,49,38,44	359	308
65	65	36,21,22,33	46,29,46,39	308	315
233	95	464,197,42,42	640,82,19,24	245	325
225	469	26,50,60,127	55,97,89,157	222	310
225	39	26,50,60,127	3,3,7,3	222	258
11	423	23,8,5,4	670,655,319,237	260	279
11	188	23,8,5,4	384,335,178,133	260	307
47	5	38,25,9,8	31,4,4,7	292	278
0	17	2,0,0,0	2,2,0,0	203	188
74	538	39,25,24,26	161,181,123,163	240	291
401	484	186,154,131,162	133,155,152,175	291	274
118	0	384,93,46,52	4,0,0,0	235	352
22	21	7,8,5,6	11,5,3,12	189	315
186	316	90,100,37,33	236,178,96,86	285	295
4	27	9,4,4,0	23,14,4,20	302	246
5	28	2,2,0,2	8,11,7,11	205	239
33	142	9,14,8,7	83,54,68,82	195	240
732	469	190,177,288,259	142,125,132,105	279	235
726	352	190,177,290,254	110,111,60,56	279	218
726	0	190,177,288,254	1,0,0,0	279	192
1	12	0,3,0,0	5,0,4,0	192	203
121	103	44,49,52,47	30,65,89,83	242	227
167	219	54,77,153,147	85,80,85,79	273	381
24	45	212,45,13,19	176,73,45,60	307	238
22	42	182,39,21,16	282,69,53,43	266	307
284	480	73,61,142,83	151,79,184,132	263	278
67	0	20,21,28,19	0,1,1,0	228	176
4	2	5,1,0,0	0,0,0,0	312	316
25	117	117,8,10,5	257,94,43,48	312	350
270	130	59,185,157,131	26,87,95,50	359	320
37	120	22,15,39,17	25,17,53,53	195	230
122	59	41,61,60,70	12,36,32,10	273	195
42	24	36,25,23,20	11,2,6,0	232	232
62	194	37,18,33,19	49,61,94,70	326	312
0	23	2,4,0,0	53,51,19,13	269	347
391	134	79,141,177,139	70,48,39,21	287	240
199	384	56,61,94,88	132,149,117,150	309	287
36	72	12,9,7,26	28,55,60,39	202	222
52	91	22,7,23,23	47,35,55,75	240	284
2	32	33,1,2,2	49,19,27,20	248	246
0	5	0,0,0,1	0,0,2,0	307	339
2	2	0,2,0,12	0,0,0,0	342	297
20	9	31,7,0,10	62,7,0,2	225	289
1	14	1,0,0,0	2,0,0,2	214	217
85	24	35,31,25,37	11,19,4,16	222	207
338	285	31,44,42,43	16,55,34,64	332	257
126	107	12,23,16,11	18,22,9,9	225	284
1	18	3,0,2,0	3,15,19,10	224	261
44	63	20,74,69,39	21,77,53,30	219	246
17	25	144,7,4,4	124,9,10,6	327	277
17	17	144,7,4,4	23,2,4,2	327	277
17	2	25,2,4,2	88,1,0,0	277	250
32	2	115,36,8,7	90,1,0,0	277	402
32	2	115,36,8,7	90,1,0,0	277	267
32	2	115,36,8,7	88,1,0,0	277	250
0	2	0,0,0,2	0,2,0,0	221	257
52	100	40,11,43,68	34,33,36,38	214	359
94	111	36,32,38,61	55,40,77,74	359	276
69	68	26,26,29,28	30,20,25,33	276	280
146	227	43,79,72,77	85,87,107,224	284	359
13	43	2,9,8,6	1,11,10,7	239	218
5	14	9,8,4,5	17,8,7,5	365	244
6116	166	1523,1201,2032,2557	33,19,42,47	4870	248
174	324	59,43,56,98	63,45,69,108	248	293
1531	185	457,633,613,417	345,211,59,37	259	226
0	26	0,2,0,0	109,74,46,47	176	337
14	27	23,2,14,12	85,31,28,56	182	254
20	83	63,16,8,17	147,34,62,121	208	280
1293	240	2038,1778,872,881	1397,433,127,115	254	271
1293	255	2038,1778,872,881	1453,483,142,129	254	275
213	598	366,190,60,132	1427,1105,290,320	287	254
213	597	365,190,60,132	1427,1105,290,320	287	254
970	9	1144,632,501,505	12,3,4,2	356	238
589	92	461,107,109,96	615,97,29,26	310	310
72	39	29,27,24,17	31,16,4,24	210	201
0	10	15,0,0,0	33,2,0,3	320	333
23	1	30,3,2,1	31,0,0,0	271	284
1242	6	919,1020,760,766	1,0,0,2	221	319
2	8	0,0,2,0	15,0,4,0	310	271
304	133	83,70,135,145	55,23,38,51	351	335
304	257	83,70,135,145	77,57,54,79	351	319
138	294	42,39,69,50	118,100,127,169	269	351
22	11	10,5,6,2	10,0,0,11	320	263
54	42	7,4,0,10	15,6,5,4	290	354
50	40	7,1,22,18	7,2,6,12	429	290
1	66	2,7,8,0	24,94,74,90	157	223
33552	87415	7571,810,502,343	10257,2010,1849,831	338	329
18390	67521	2764,450,288,79	8306,1564,1215,656	226	338
26162	6841	3949,671,357,174	3048,232,59,43	246	226
37946	16938	5795,953,420,202	3381,367,237,86	326	246
95	88	4,36,68,68	14,60,58,48	419	434
81	16	31,95,32,55	19,16,3,19	206	172
175	47	57,100,85,90	39,51,5,24	212	206
148	116	51,127,74,93	91,85,20,43	203	212
2	176	0,0,0,0	109,90,79,118	193	186
1286	464	549,402,477,515	155,104,243,300	833	363
226	1325	121,56,44,59	526,436,596,588	260	833
93	87	14,35,70,10	30,41,53,61	226	250
39	20	18,23,7,26	16,17,15,15	314	290
337	196	279,292,205,166	95,116,108,77	285	240
121	209	144,65,40,61	185,148,218,189	230	266
275	15	263,171,176,215	93,28,8,6	266	211
144	224	97,82,188,153	384,189,104,152	211	252
74	118	24,55,49,69	39,95,78,61	236	332
3	44	0,7,2,1	19,33,28,33	332	230
32	44	11,27,7,8	19,36,28,25	332	230
24	57	30,23,16,14	70,35,44,25	278	339
32	18	10,10,18,19	15,6,7,8	216	210
91	500	55,54,93,69	177,120,283,338	310	250
4	9	3,5,1,2	7,4,5,10	247	278
44	28	15,26,29,21	21,15,35,48	242	198
187	532	50,23,28,10	93,141,69,74	228	299
54	13	17,13,13,10	6,0,7,3	342	212
54	13	17,13,13,10	6,0,5,3	342	208
7	14	2,1,4,4	3,2,10,2	201	200
2	0	0,0,0,2	5,0,0,0	201	346
48	108	45,12,2,9	193,29,6,8	203	278
5	90	9,3,3,2	4,4,3,7	293	293
3	55	10,2,3,0	4,4,2,7	293	293
3	83	10,2,3,0	12,8,22,18	293	221
55	83	4,4,2,7	12,8,22,18	293	221
24	64	0,0,0,0	10,4,14,9	293	221
47	62	5,2,8,3	20,6,38,23	221	293
73	100	9,9,14,6	9,14,13,36	194	293
5	4	7,1,0,0	3,1,4,4	245	253
5	1	7,1,0,0	0,0,0,0	245	211
2	2	8,2,0,0	0,0,0,0	245	232
2	4	0,0,0,0	1,0,10,6	273	357
4	1	1,0,0,0	0,1,0,2	224	271
2	3	0,0,2,0	1,0,0,2	184	167
10	2	12,4,0,0	9,0,0,0	296	262
14	2	37,16,11,6	20,0,0,0	204	244
1126	803	2959,993,202,67	1805,674,109,42	259	255
1125	82	2958,995,202,67	104,21,9,0	259	255
94	88	182,105,39,35	117,58,61,70	262	218
37	9	73,32,6,8	93,27,9,6	288	291
48	67	34,24,25,15	31,35,28,49	269	270
112	61	28,50,52,42	26,25,28,39	278	270
86	52	24,18,32,27	66,19,23,14	180	276
120	86	171,46,69,89	80,31,45,28	247	278
13	4	1,1,0,21	40,2,0,0	287	306
48	244	32,31,11,23	88,127,112,75	239	312
13	1	24,8,1,5	48,6,0,2	193	254
12	6	5,0,0,0	2,0,0,0	234	176
49	4	30,2,6,5	1,0,0,0	318	176
20	30	4,0,4,2	2,11,12,11	204	224
96	101	36,74,35,42	62,41,39,36	287	264
104	59	22,48,46,35	19,33,34,24	203	202
171	136	77,70,113,133	34,93,68,50	280	233
39	27	41,27,39,26	15,17,7,11	245	272
35	0	45,26,23,16	3,0,0,0	312	214
89	192	55,29,36,16	149,92,124,105	199	297
260	62	66,127,52,71	54,14,10,19	263	257
8	0	2,0,0,2	2,0,0,0	222	197
84	76	50,0,0,0	30,0,2,2	282	244
324	158	128,208,204,127	79,102,67,75	323	236
1	0	0,0,0,0	2,2,6,6	238	174
219	14	141,119,157,117	18,11,2,3	471	274
0	8	3,0,0,0	5,0,1,4	302	212
15	339	9,2,5,7	60,130,140,121	252	324
9	29	34,6,0,0	55,25,10,11	197	227
0	3	3,0,0,0	10,0,0,0	228	192
0	7	0,0,0,3	3,9,0,0	231	212
19	325	1,2,2,1	274,236,204,171	191	345
36	31	49,30,3,11	53,22,10,3	261	213
66	83	84,37,5,21	64,46,31,37	478	290
12	83	10,2,2,0	64,46,31,37	213	290
48	83	45,22,9,17	68,47,31,38	213	290
217	84	123,78,45,60	77,21,14,21	248	240
134	172	151,53,54,61	100,63,81,93	297	248
243	260	71,109,50,59	44,69,68,49	328	281
329	230	157,136,152,157	116,110,136,155	328	273
21	230	39,16,2,12	117,109,134,153	252	273
119	372	44,47,70,53	234,156,154,186	247	328
2	5	0,0,0,0	2,3,4,2	247	203
18	0	317,16,8,5	20,0,2,0	235	235
1	27	3,2,0,0	34,9,4,8	157	224
12	16	52,7,4,5	34,15,6,7	251	244
13	45	19,3,1,2	63,2,34,44	228	293
10	8	27,14,0,2	33,2,0,3	236	265
0	4	5,0,0,1	42,2,0,1	376	222
17	6	19,4,0,4	15,0,0,0	289	539
0	9	6,0,0,2	17,1,3,4	333	552
0	13	6,0,0,2	22,3,6,11	333	590
0	29	6,0,0,2	53,10,7,14	333	1485
10	0	10,3,7,11	16,0,0,0	506	363
10	0	5,3,7,11	16,0,0,0	405	363
92	36	53,32,52,24	14,9,30,8	335	247
86	72	30,36,55,41	42,35,31,29	374	335
2	0	5,0,0,0	4,4,0,0	276	233
12	24	30,4,5,8	7,1,7,8	263	323
0	4	6,0,2,9	1,0,0,0	253	323
5	4	9,2,2,9	1,0,0,0	256	323
12	28	30,4,5,8	33,1,7,12	263	263
0	8	6,0,2,9	27,0,0,4	253	263
5	8	9,2,2,9	27,0,0,4	256	263
4	6	16,2,7,0	1,14,8,6	266	196
10	5	30,28,10,19	20,20,17,9	358	266
83	65	71,101,125,100	42,59,81,63	240	244
76	100	52,10,23,36	63,38,57,75	307	272
47	4	57,14,27,20	3,0,1,4	259	323
58	0	21,6,8,12	1,0,0,0	353	206
2	0	3,0,0,0	1,0,0,0	247	206
2	58	3,0,0,0	21,6,8,12	247	353
2	2	0,0,2,0	0,0,0,0	469	344
102	7	126,61,96,52	50,5,0,0	303	308
0	42	6,0,0,0	144,38,16,33	263	308
0	2	2,0,0,0	17,0,0,0	227	272
24	191	73,33,3,1	134,134,21,17	251	251
6	10	0,0,0,4	6,5,1,7	294	295
6	10	0,0,0,4	6,5,1,7	275	295
70	60	38,15,21,31	68,21,11,21	242	194
197	90	168,92,109,123	87,55,42,59	310	248
15	188	72,3,5,6	155,93,91,108	257	310
85	331	68,50,39,51	150,124,322,270	226	245
22	20	8,11,5,9	2,9,2,4	439	283
112	19	125,82,80,96	42,24,26,10	285	242
126	86	92,26,76,125	59,5,32,59	282	233
380	91	89,58,108,124	117,11,36,16	305	294
1	2	10,4,0,4	22,3,5,0	186	299
0	2	2,0,0,0	0,0,0,0	295	273
2	2	0,0,2,5	0,0,3,0	283	248
2	0	0,0,2,5	0,0,1,0	283	248
156	23	49,55,53,66	15,17,4,23	308	245
172	91	49,58,55,72	70,51,26,29	308	245
19	4	7,8,6,2	17,2,2,5	224	203
4	2	15,9,12,6	39,7,4,4	276	311
61	50	46,35,99,134	69,71,45,89	209	233
0	49	2,3,0,2	69,71,46,89	209	233
23	14	61,18,10,23	121,21,3,13	223	265
1	226	0,0,0,6	134,188,327,290	297	196
374	93	322,166,141,211	86,51,31,44	777	293
220	1324	67,55,111,120	409,309,644,560	272	313
1433	652	428,301,657,603	265,177,194,192	313	244
48	85	85,37,45,47	92,43,42,81	207	240
232	421	256,131,140,148	289,216,413,367	232	267
2	2	8,7,2,5	16,5,4,7	239	262
2	13	14,0,0,0	36,6,3,7	281	417
14	33	113,11,9,1	34,16,8,8	1029	872
0	2	28,0,2,2	17,4,0,0	310	289
31	37	21,23,13,26	38,36,18,32	226	252
78	12	83,31,22,36	0,0,0,2	308	270
8	41	50,3,4,2	90,35,12,9	308	242
8	39	26,3,4,2	86,33,10,9	308	242
765	316	81,2,0,6	78,1,0,0	303	229
286	993	28,1,0,0	79,0,0,0	293	303
32	13	6,15,13,8	19,7,10,11	247	414
2	0	215,2,0,2	103,0,0,0	460	349
0	8	132,2,0,0	169,2,4,1	317	324
2	2	104,0,0,0	107,0,1,0	326	317
0	4	5,0,1,0	10,2,2,6	276	326
0	4	5,0,0,0	10,2,2,6	276	326
6	4	9,2,2,6	16,4,6,2	326	317
10	12	16,6,1,4	23,2,4,4	298	286
0	8	7,0,0,0	25,7,2,2	220	514
99	113	65,50,59,82	64,73,133,106	217	231
0	2	5,0,0,0	1,4,0,0	271	230
156	273	100,32,47,41	104,78,61,59	247	279
20	5	23,11,10,7	4,5,0,2	218	182
21	52	25,11,6,6	35,30,36,33	252	233
111	314	69,42,78,47	135,90,182,225	217	258
25	145	11,3,17,7	53,69,124,97	241	249
2	0	0,0,0,0	8,0,0,2	231	285
2	5	4,2,0,0	8,0,0,0	348	271
22	43	15,0,2,3	28,23,24,14	241	260
58	43	51,11,17,11	28,23,24,14	343	260
60	35	53,5,21,33	48,5,11,16	279	246
12	67	35,3,0,4	71,20,2,3	188	320
228	4	122,40,14,75	24,1,2,6	209	176
0	2	9,0,0,0	12,0,0,2	357	314
1	0	1,0,0,0	4,0,0,0	204	362
72	131	27,14,34,19	43,23,61,47	202	207
2	0	8,2,0,2	1,0,0,0	230	264
87	140	276,27,4,3	72,15,17,23	317	206
8	2	9,2,0,2	7,0,0,0	279	224
75	59	50,39,9,22	14,12,23,18	281	287
240	114	100,88,92,55	46,28,48,26	281	287
146	0	128,44,34,32	0,0,1,0	190	166
79	3	30,20,27,24	8,0,5,2	778	271
9	3	4,1,12,1	8,0,5,2	327	271
22	11	3,0,0,0	0,0,0,0	253	326
0	6	4,0,0,0	7,3,6,2	185	235
25	0	50,9,4,8	1,0,0,0	974	249
12	57	3,6,6,4	26,36,8,7	185	268
61	7	117,25,12,7	21,7,8,8	203	215
0	5	11,0,2,4	11,2,4,8	306	534
42	72	53,32,33,30	88,66,34,33	233	264
62	194	21,13,15,31	68,75,66,48	303	318
720	955	668,320,297,185	483,319,386,217	218	232
2	1	8,2,2,0	2,0,0,0	272	245
337	136	29,174,324,188	12,57,91,72	290	234
333	108	31,168,323,189	16,91,106,68	290	240
133	82	21,89,50,53	15,75,55,58	245	216
6	3	12,0,0,2	79,4,2,0	230	256
2	0	95,0,0,0	42,0,0,0	339	256
50	155	96,40,8,29	253,72,59,51	222	333
43	62	18,7,22,21	26,7,16,30	198	223
57	10	27,20,17,19	1,2,1,3	221	179
0	2	0,0,0,2	0,0,0,0	266	270
39	9	22,23,38,20	23,14,17,12	272	213
13	57	23,9,15,13	43,36,65,28	225	272
574	221	245,247,348,412	77,86,128,138	399	219
238	652	116,82,73,79	338,213,246,225	230	295
15	27	3,13,3,4	5,8,8,7	272	277
355	325	261,134,213,284	286,138,281,290	303	262
2	414	10,2,0,4	593,217,103,128	208	244
16	0	18,7,7,3	4,0,0,4	577	254
5	0	17,0,0,2	4,0,0,4	426	254
16	0	18,7,7,3	5,0,0,4	577	254
17	0	16,7,6,2	5,0,0,4	552	254
5	0	15,0,0,2	5,0,0,4	426	254
2	0	2,0,0,0	5,0,0,4	204	254
32	0	60,53,20,38	5,0,0,4	230	254
5	16	17,0,0,2	18,7,7,3	426	577
0	16	4,2,0,0	18,7,7,3	297	577
5	16	15,0,0,2	18,7,7,3	426	577
0	16	2,2,0,0	18,7,7,3	297	577
2	16	2,0,0,0	18,7,7,3	204	577
32	16	60,53,20,38	18,7,7,3	230	577
5	17	15,0,0,2	16,7,6,2	426	552
0	17	2,2,0,0	16,7,6,2	297	552
2	17	2,0,0,0	16,7,6,2	204	552
32	17	60,53,20,38	16,7,6,2	230	552
32	5	60,53,20,38	15,0,0,2	230	426
32	0	60,53,20,38	2,2,0,0	230	297
32	2	60,53,20,38	2,0,0,0	230	204
87	112	23,40,50,42	42,77,70,54	252	292
929	22	243,35,22,12	96,4,0,0	334	332
1	4	0,3,10,7	12,10,11,6	299	254
19	136	0,0,9,2	124,71,57,36	250	354
202	51	50,41,91,52	12,16,13,27	268	186
112	175	42,75,56,67	52,40,65,61	212	268
166	113	63,82,88,42	30,23,45,27	281	244
583	7585	283,549,582,345	2636,5091,6857,3373	271	1555
167	8	104,76,50,31	12,5,12,12	308	313
167	97	104,76,50,31	85,46,71,43	308	218
168	121	120,92,93,87	90,68,43,32	258	308
54	11	35,25,17,23	11,2,8,2	202	206
4	5	15,5,0,2	10,9,0,5	315	296
29	18	3,4,11,11	29,20,5,14	267	212
66	21	27,38,36,47	1,4,8,3	235	267
67	68	27,38,36,47	19,29,41,41	235	267
77	200	29,38,39,55	49,88,76,85	235	351
1235	34	456,529,879,461	29,13,13,20	734	236
41	92	3,13,20,25	15,25,49,47	232	308
155	7	17,38,42,79	0,2,2,0	211	237
7	3	13,4,3,2	5,2,1,1	294	264
1	493	2,1,2,0	554,211,175,116	294	240
195	87	306,75,69,45	243,55,44,26	302	360
51	52	39,13,6,14	62,32,4,0	269	325
52	182	66,31,23,24	205,102,115,174	322	575
642	1079	1295,655,273,170	1382,1067,621,360	258	278
40	74	27,29,14,25	27,43,35,18	234	254
182	76	49,77,100,112	40,40,52,48	307	249
59	19	24,18,9,12	17,17,10,4	254	215
78	13	82,75,131,110	16,11,14,11	219	238
27	108	35,27,81,64	91,61,104,71	219	282
72	2637	31,35,42,15	1683,1200,1408,1244	350	2333
34	107	13,33,13,9	78,80,39,31	221	218
22	60	85,16,23,25	111,44,44,31	266	258
15	39	61,10,0,2	39,2,14,4	375	277
59	32	37,26,16,16	41,11,10,5	292	234
36	36	19,5,14,6	33,5,21,12	268	272
134	28	132,73,25,53	49,18,7,5	262	208
585	488	348,476,315,374	311,386,190,219	344	359
21	25	20,0,1,7	11,6,6,6	295	226
410	115	425,204,248,224	227,59,18,72	390	269
196	157	118,49,81,86	103,39,65,60	214	246
496	254	204,108,142,99	91,86,76,51	363	274
143	234	73,118,90,79	102,186,222,134	233	260
228	107	153,197,322,258	52,84,59,49	251	200
4	169	0,0,8,0	135,97,166,128	266	359
107	252	36,19,10,6	67,27,63,38	298	309
92	14	46,52,39,47	24,4,4,4	262	220
89	14	49,66,34,51	24,4,4,4	214	220
92	49	46,52,39,47	48,17,11,18	262	295
89	49	49,66,34,51	48,17,11,18	214	295
92	59	46,52,39,47	56,21,15,21	262	311
89	59	49,66,34,51	56,21,15,21	214	311
92	83	46,52,39,47	74,31,25,32	262	345
89	83	49,66,34,51	74,31,25,32	214	345
364	5	159,278,387,349	5,2,0,0	318	465
621	5	303,474,631,559	5,2,0,0	295	465
187	5	92,165,166,187	5,2,0,0	219	465
169	5	73,135,145,152	5,2,0,0	208	465
2	5	0,0,0,0	0,0,4,0	440	182
0	7	0,1,4,0	1,6,6,19	253	318
121	7	98,68,118,114	18,21,19,23	332	234
96	77	93,76,50,69	93,74,66,71	338	332
2	152	6,0,2,0	162,148,166,96	271	381
190	110	197,164,207,137	89,54,92,108	381	240
212	108	186,191,190,111	91,54,92,108	381	240
24	108	72,57,19,21	91,56,92,108	206	240
2	2	22,2,0,1	2,0,0,0	243	200
6	4	92,15,20,23	17,0,1,2	312	251
1	0	5,3,0,1	1,0,0,0	270	237
95	90	34,41,45,55	7,33,61,51	203	198
88	95	30,34,45,53	29,42,38,90	203	215
2	2	5,1,2,6	6,0,0,0	330	458
2	0	5,1,2,6	2,0,0,0	330	243
0	311	5,0,0,0	68,134,314,235	462	198
2	0	6,0,0,0	2,0,0,0	458	243
0	311	5,0,0,0	68,134,314,235	458	198
0	311	2,0,0,0	68,134,314,235	298	198
77	102	13,48,81,75	31,49,37,92	198	215
8	96	0,3,0,2	37,61,73,65	215	220
182	96	46,58,154,116	37,61,73,65	215	220
0	70	16,2,8,0	103,33,48,81	478	2204
36	0	7,9,13,3	0,0,2,0	176	224
26	11	5,4,3,0	3,0,6,8	176	194
22	0	156,7,5,4	22,0,0,0	324	225
6	0	43,7,2,2	44,0,0,0	193	207
16	15	0,0,4,0	1,3,4,9	259	282
7	54	1,0,2,0	133,54,10,19	193	321
22	54	0,0,11,11	133,54,10,19	279	321
2	4	20,5,0,4	0,0,6,0	270	234
27	42	8,15,16,0	18,14,13,23	205	237
46	42	13,10,12,22	18,14,13,23	219	237
46	0	16,17,6,13	0,0,0,2	240	375
807	988	77,0,0,0	76,0,0,0	795	423
6	148073	14,0,0,4	140208,186554,108331,104361	253	799
0	109	3,0,0,2	107,81,60,99	287	276
24	67	23,19,10,19	70,48,48,75	238	276
0	81	3,0,0,2	78,55,55,84	287	331
0	44	3,0,0,2	44,32,17,35	287	272
2405	1707	929,218,269,220	650,214,184,167	917	423
5	0	2,0,0,0	2,0,0,0	250	272
235	301	492,683,792,998	862,857,1206,1752	266	341
23	299	45,68,54,93	858,856,1199,1746	266	341
440	79	244,186,337,322	40,38,35,59	308	305
9	2	3,0,0,0	0,0,1,0	200	344
163	66	108,68,123,179	75,47,46,81	264	190
2	0	31,1,4,2	0,3,4,0	297	205
311	88	342,285,337,326	77,64,79,72	305	224
341	34	344,281,354,312	41,30,13,6	305	224
150	62	122,121,163,166	78,42,49,63	224	309
118	336	56,56,52,47	69,153,134,90	267	313
65	200	34,42,13,13	40,99,109,62	246	267
36	5	26,23,5,23	35,1,0,2	230	275
0	37	0,0,2,0	13,17,6,5	189	204
2	84	5,0,2,0	34,33,18,16	189	204
17	12	23,16,3,2	22,14,2,2	290	217
34	53	31,14,16,33	16,34,40,21	222	261
21	18	9,9,3,11	11,6,8,8	254	221
0	58	2,0,0,0	51,30,21,40	198	202
28	28	41,10,8,8	26,16,10,12	259	329
14	9	12,6,0,5	19,0,0,1	200	244
12	16	1,5,5,13	9,4,12,18	220	294
69	190	267,18,10,10	168,20,50,22	238	229
99	119	49,19,78,90	87,56,59,35	320	359
12	161	4,0,0,2	90,51,65,67	182	224
51	71	46,12,8,28	48,29,25,29	224	224
10	8	5,9,0,3	6,6,8,10	274	216
2	47	0,0,0,0	32,21,28,58	216	252
24	0	6,10,23,18	6,0,0,0	216	268
18	50	0,4,15,8	34,22,28,59	216	252
76	178	145,52,22,30	213,119,54,37	258	347
269	23	257,150,80,81	44,18,2,18	347	218
156	126	217,103,49,54	354,97,27,37	254	359
211	212	207,118,49,48	210,111,91,85	305	254
14	18	18,90,76,72	6,40,50,64	272	191
217	2	97,15,25,19	1,0,0,0	242	188
61	64	46,6,8,6	25,4,6,10	244	216
0	5	1,0,0,0	0,0,0,0	274	280
103	255	403,8,1,4	422,29,15,26	286	277
179	82	183,13,21,16	150,13,2,9	257	302
136	139	46,89,66,94	65,56,66,96	269	277
102	210	56,30,30,45	70,54,28,75	341	233
18	61	2,2,2,6	15,21,11,22	229	185
3	9	0,0,2,1	2,7,5,10	173	170
1	68	0,0,0,0	14,24,20,11	222	182
188	512	78,127,80,67	253,243,260,199	217	264
1	41	0,2,0,2	3,16,5,1	270	2334
70	85	32,25,22,26	12,26,32,49	220	205
113	168	47,44,45,33	57,49,79,69	253	327
253	101	52,77,122,166	24,44,41,26	322	266
186	129	44,78,68,72	33,62,43,69	260	248
29	38	8,15,9,3	6,4,2,1	233	233
2	0	4,0,0,0	1,0,0,0	248	274
22	37	15,13,15,12	13,15,50,27	273	215
4	197	0,0,4,3	123,101,113,115	216	871
31	142	10,4,21,19	34,47,89,87	239	325
120	61	35,32,59,55	15,20,36,32	303	255
392	1025	168,175,139,140	414,508,622,441	227	311
328	589	307,185,112,136	195,260,474,312	303	227
2	5	0,1,0,0	2,0,9,2	284	290
0	2	4,2,1,2	2,0,7,2	299	290
753	1197	521,503,240,299	430,687,630,592	305	328
138	112	36,65,114,75	37,45,49,40	323	216
204	104	53,90,106,61	43,41,36,38	245	267
601	360	251,308,449,391	178,193,266,248	296	244
390	240	82,70,73,183	150,59,19,68	318	994
16	303	15,0,6,7	75,66,71,58	273	307
14	303	11,0,6,3	76,66,71,58	273	307
13	295	6,0,4,1	94,153,244,186	220	238
251	276	51,86,124,131	76,122,226,159	238	240
305	375	91,128,202,157	113,183,286,212	240	272
305	261	91,128,202,157	74,127,184,140	240	213
305	319	91,128,202,157	134,109,207,159	240	237
46	301	10,16,33,37	130,119,191,128	290	239
33	301	10,8,27,29	130,119,191,128	272	239
346	319	105,199,339,223	134,109,205,151	272	237
346	301	105,199,339,229	130,119,191,128	272	239
0	301	2,0,0,10	130,119,191,128	213	239
0	301	2,1,0,10	130,119,191,128	213	239
272	301	63,115,190,163	130,119,191,128	237	239
3	565	4,0,2,0	300,278,229,253	247	225
193	1	141,51,40,38	4,0,0,0	262	197
3	1	3,0,0,0	0,0,0,0	247	267
3	1	5,0,0,0	0,0,0,0	271	267
2	1	4,0,0,0	0,0,0,0	288	267
2	3	4,0,0,0	3,0,0,0	288	247
2	3	4,0,0,0	5,0,0,0	288	271
7	13	38,2,2,2	44,6,16,14	317	237
215	538	56,5,9,10	70,23,42,34	236	206
345	247	150,185,181,98	267,173,72,70	259	317
19	51	10,0,8,1	30,11,8,20	207	281
3	5	2,0,0,0	12,3,0,2	294	247
6	17	0,0,3,4	5,10,3,4	245	338
471	37	49,34,44,61	0,2,3,0	361	176
296	195	107,60,110,94	86,66,105,108	277	228
11	4	7,0,3,3	2,2,2,6	352	244
40	4	14,6,8,25	9,2,5,0	225	281
30	8	7,11,11,13	7,9,2,8	254	225
6	47	1,0,2,2	13,6,9,24	239	254
129	196	41,24,86,58	64,74,91,99	211	258
718	443	263,129,148,142	183,115,100,126	733	495
81	648	28,12,10,13	276,126,147,124	267	733
64	163	24,33,17,23	42,105,61,43	220	350
299	217	185,138,179,139	165,158,146,169	287	311
81	215	28,15,51,53	156,158,142,169	287	311
107	256	88,90,78,75	129,85,160,139	230	287
43	441	24,3,6,12	177,145,98,65	223	281
145	1041	39,74,48,68	156,391,322,183	236	239
5	13	8,8,2,4	26,8,5,2	251	283
189	160	37,50,30,58	73,58,89,150	285	352
505	7794	1234,319,39,64	4181,4431,1474,1323	245	333
257	248	116,112,94,108	204,85,98,77	253	315
10	18	12,11,15,20	31,15,56,55	308	308
156	87	110,68,80,103	67,51,29,44	297	240
44	146	46,25,6,16	77,78,65,82	237	236
1	1	0,0,0,0	4,3,0,2	228	469
111	4	57,66,97,57	0,4,11,2	243	289
60	75	18,31,41,19	35,37,83,59	243	265
30	107	136,22,2,8	147,112,16,24	285	317
185	526	65,105,126,82	187,213,218,230	418	311
6222	1170	2732,2306,3023,2824	446,424,589,459	1932	456
90	32	17,26,5,9	13,30,6,14	343	343
19	58	5,12,3,6	17,32,35,30	189	272
16	91	1,12,14,10	6,60,100,156	185	301
3	0	0,7,6,7	0,7,8,21	250	207
0	5	0,0,0,2	0,1,0,0	268	207
4	10	3,0,0,0	8,16,20,6	270	413
60	57	55,23,80,87	56,41,32,74	367	378
123	71	128,79,102,146	63,42,88,80	440	367
62	0	38,22,24,18	0,2,4,2	248	213
2	0	0,0,0,4	3,0,0,0	272	271
212	122	94,78,88,67	90,57,39,73	244	236
3	22	5,0,0,1	7,2,7,16	211	310
286	255	112,111,136,90	139,105,84,92	247	283
2936	3141	46,1061,1235,674	79,1318,2456,1484	255	240
80	129	88,78,44,37	63,102,106,113	374	304
18	45	4,10,0,2	17,7,18,15	245	195
4	12	9,4,16,22	15,7,28,4	224	206
20	41	18,4,26,9	46,29,49,55	201	313
1	0	0,0,0,0	2,0,1,0	236	281
43	99	30,1,5,4	70,16,18,26	224	283
39	48	30,1,5,4	34,14,15,4	224	188
130	101	11,4,4,2	18,4,1,0	342	440
142	101	7,6,4,2	18,4,1,0	388	440
1	3	23,4,0,0	13,0,0,2	184	199
29	3	97,21,8,3	13,0,0,2	232	199
661	1	480,304,312,392	0,0,0,5	261	209
339	19	286,172,140,139	42,27,15,16	229	229
164	56	146,130,103,85	49,37,39,47	308	307
6	1504	218,2,2,2	865,352,217,335	248	288
153	888	143,29,13,38	741,239,89,140	288	290
0	6	0,0,1,0	1,7,6,4	216	230
131	167	101,107,54,34	59,117,87,87	341	224
1	4	3,0,0,0	23,5,2,0	212	216
34	101	21,14,6,16	49,10,47,71	199	260
161	81	175,78,25,32	281,46,33,26	237	238
381	295	347,194,128,152	149,183,203,184	315	243
2	6	21,10,14,15	26,8,13,17	205	195
5	2	0,0,4,9	0,0,0,0	320	320
119	1	207,110,27,32	0,0,0,0	206	502
10	8	0,2,0,0	3,2,0,2	267	353
16	4	3,2,2,1	1,2,0,0	353	294
2	0	0,0,0,0	2,2,2,0	287	262
0	4	1,0,0,2	2,0,0,0	294	323
6	2	0,2,0,0	0,0,0,0	370	285
2708	3795	420,737,1208,792	933,1081,1407,1033	231	278
45	38	51,27,12,8	10,11,3,4	296	188
14	78	6,1,2,7	39,47,17,29	264	275
142	186	107,83,69,69	119,96,88,140	334	262
13	170	5,6,14,0	132,93,76,88	172	334
873	63	500,380,448,556	41,23,23,54	1948	325
47	152	101,42,12,35	201,109,56,29	226	251
2	0	0,0,0,1	2,0,0,0	208	310
3	0	0,0,1,0	0,6,0,2	258	259
3	0	0,0,1,0	0,6,0,2	258	255
22	26	13,21,9,18	10,18,33,9	219	192
0	58	3,5,0,0	76,117,95,113	262	249
6	64	21,16,4,0	67,52,11,57	268	297
2	2	13,0,0,0	2,0,0,0	255	175
3	2	42,2,2,7	3,0,0,0	233	236
3	14	42,2,0,2	33,2,18,13	233	555
6	14	13,2,0,0	35,2,22,17	251	555
6	0	13,2,0,0	1,0,0,0	251	232
159	581	87,75,51,66	882,214,128,238	212	803
24	15	14,14,0,9	3,9,8,2	325	320
154	204	83,88,75,68	141,105,146,180	228	263
62	300	62,22,35,30	162,184,148,136	248	248
140	233	134,144,89,103	138,121,165,182	311	253
206	93	90,139,151,89	56,35,47,91	258	206
17	11	34,9,2,1	15,5,3,1	428	264
240	154	12,43,26,64	1,26,17,41	283	245
288	95	155,200,232,234	99,70,43,52	282	257
3	33	9,5,10,6	23,20,26,16	238	303
11	31	19,30,15,29	20,18,25,18	289	303
13	0	22,32,10,30	4,2,12,6	289	238
6	0	31,2,3,2	85,2,0,0	343	304
15	4	2,4,6,6	0,0,0,6	366	214
2541	10	1119,1155,1529,1294	14,0,4,7	244	290
36	9	48,35,44,23	16,8,0,3	324	248
2	16	2,0,0,0	6,1,0,4	229	222
98	102	39,21,18,17	29,40,34,26	260	230
26	55	7,9,4,2	22,11,20,3	205	249
273	218	153,149,197,255	135,140,157,129	238	228
99	60	75,56,76,47	143,43,12,26	214	264
78	139	130,89,16,37	159,52,52,50	264	266
69	62	157,57,16,34	102,72,17,33	266	252
166	234	99,111,144,163	177,138,153,192	242	236
1273	1696	421,654,554,456	503,670,976,751	317	281
554	738	232,417,588,604	409,625,854,862	288	340
640	330	371,503,685,742	274,321,185,219	289	288
118	36	276,83,43,59	54,8,6,12	249	240
1	4	0,1,2,4	0,0,0,0	215	237
4	4	0,0,0,0	3,0,4,0	227	227
2	4	0,0,0,0	3,0,4,0	317	227
2	4	0,0,0,0	3,0,4,0	507	227
2	4	3,0,4,0	3,0,4,0	1497	227
11	5	22,7,5,10	21,0,0,0	207	230
167	76	94,97,82,80	34,35,24,21	347	265
133	202	53,51,73,68	119,142,126,132	235	296
117	121	38,30,69,70	49,65,88,105	257	353
30	38	14,14,30,8	14,10,37,35	233	219
346	32	89,93,126,89	16,9,6,3	670	297
224	84	8,24,52,53	7,10,23,12	251	249
159	102	11,48,44,52	7,12,30,43	249	244
40	156	13,12,15,14	60,78,56,88	271	255
9	23	2,6,0,0	6,3,0,7	232	342
16	23	2,0,3,4	6,3,0,7	332	342
2	23	0,2,0,4	6,3,0,7	255	342
16	9	2,0,3,4	2,6,0,0	332	232
2	9	0,2,0,4	2,6,0,0	255	232
3	1	0,2,0,0	2,0,0,0	195	207
207	257	23,179,104,51	50,254,243,261	255	238
167	253	379,189,207,106	525,386,308,230	231	281
158	192	95,113,107,129	158,80,67,99	203	264
219	190	90,101,155,145	159,81,67,99	221	264
157	8	91,107,104,129	7,1,2,3	203	264
1	46	17,14,6,8	45,38,16,43	218	185
41	110	78,21,12,13	83,54,72,61	247	242
77	20	11,65,58,32	0,15,12,7	563	245
57	255	15,37,23,2	124,113,212,179	195	334
112	97	20,45,49,56	34,41,50,39	225	209
68	48	41,49,50,19	11,12,24,24	233	178
51	6	7,11,4,1	0,1,0,2	199	210
122	168	27,42,72,64	56,66,112,109	326	435
6	8	0,0,2,1	4,0,0,0	188	274
50	105	33,29,26,46	57,66,66,70	196	221
139	132	58,96,123,94	87,122,89,116	236	312
9	30	6,5,3,4	52,37,39,43	227	182
177	72	36,65,88,119	20,34,16,21	281	218
177	12	36,65,88,119	6,2,4,7	281	274
55	345	59,58,18,40	130,146,104,147	191	206
45	98	53,33,2,9	48,42,62,69	191	263
4	14	0,0,2,0	5,8,0,0	328	248
15	35	6,2,4,2	11,22,45,20	226	232
0	39	0,4,0,0	12,15,24,16	207	226
0	44	0,2,0,0	13,19,24,16	207	226
218	193	78,74,115,91	78,94,149,118	341	368
36	0	0,12,17,22	0,2,0,0	249	271
133	449	45,0,1,0	60,2,0,0	233	283
151	721	22,0,0,0	66,2,1,0	210	251
35	0	16,31,13,25	7,2,2,6	215	267
7	6	9,5,4,6	2,9,0,5	267	262
7	2	9,5,4,6	2,0,0,10	267	286
7	16	9,5,4,6	18,13,8,2	267	219
6	16	2,9,0,5	18,13,8,2	262	219
2	16	2,0,0,10	18,13,8,2	286	219
88	10	25,56,51,58	2,3,8,8	238	219
136	163	46,72,83,100	52,110,97,69	226	278
122	1335	361,446,107,153	399,4043,4160,2905	547	305
1207	1241	423,3319,2954,2347	485,3647,3127,2605	305	315
1160	551	410,3844,3883,2796	257,1847,906,846	315	283
68	336	155,2592,1384,1371	271,38,29,30	289	286
2	0	8,0,0,0	0,0,0,2	242	183
3	1	2,4,6,0	0,0,0,0	305	183
258	398	92,104,124,110	168,189,272,322	314	338
80	371	19,40,37,19	28,204,301,157	225	352
52	21	3,27,30,6	7,5,6,3	201	225
301	165	130,66,92,139	44,46,88,139	302	254
188	177	61,44,68,56	55,53,84,85	254	248
2	515	9,4,1,1	608,354,467,444	213	222
66	174	30,35,20,37	154,130,100,96	264	368
5	216	0,0,5,0	84,133,199,206	253	333
121	243	65,92,156,137	112,151,241,203	333	407
134	101	77,76,126,117	42,43,68,70	306	286
19	92	6,11,6,7	5,21,17,32	230	266
8	24	17,9,13,13	26,2,3,6	293	272
70	67	29,14,9,8	36,5,12,5	203	242
1	0	0,0,0,0	0,2,0,0	314	247
16	19	16,10,9,10	18,12,46,14	335	260
175216	98572	47214,379203,429983,286675	21077,235407,221566,112474	377	263
88206	77695	21343,192276,203586,121930	14746,175809,157245,77457	263	275
262	338	75,79,62,75	123,106,101,111	303	402
51	113	33,19,12,35	23,62,47,57	431	350
79	113	44,108,81,51	52,89,116,90	259	387
14	113	6,13,16,5	52,89,116,90	288	387
0	10	2,0,0,0	11,15,8,4	188	254
211	329	79,123,173,91	123,160,199,183	245	298
16	48	24,15,32,37	30,16,24,17	279	267
16	34	23,15,33,37	22,16,34,34	279	228
56	34	14,20,45,20	24,16,34,32	267	228
558	623	172,168,246,179	233,182,302,217	226	239
1508	9951	7528,2388,6395,7396	45426,41388,73899,69600	3110	5411
68	371	53,57,58,44	338,192,216,230	294	832
195	150	161,231,223,198	112,157,116,106	248	245
249	92	110,238,255,191	67,143,79,81	245	225
2441	4418	231,39,86,25	262,39,184,80	291	288
3135	4428	257,46,102,36	266,42,184,82	306	288
1139	3288	156,17,24,14	291,43,124,45	294	291
3136	3278	257,46,102,37	304,43,126,45	306	291
38	2	81,29,12,6	34,5,0,0	274	213
1	36	0,7,0,1	4,13,18,5	191	191
15	20	6,19,9,1	2,4,5,2	313	191
18	16	6,5,16,6	2,9,8,3	233	313
11	10	6,1,8,2	4,10,4,1	303	233
11	29	16,11,7,11	7,18,21,8	327	303
57	29	34,30,68,74	13,15,25,16	256	253
107	57	36,55,70,98	18,25,39,49	382	256
22	24	84,5,4,5	79,16,8,10	284	248
23	53	22,10,9,17	42,15,7,12	219	301
218	559	74,52,80,63	162,180,186,225	240	331
5	0	37,2,4,4	1,0,0,0	340	172
13	5	17,3,0,0	52,0,0,0	202	317
2	0	12,7,0,0	14,2,0,0	261	202
6	70	10,2,0,4	53,16,5,11	193	269
6	12	8,2,0,4	11,6,4,1	193	199
223	10	131,73,124,104	1,2,2,0	219	288
69	13	47,72,43,41	11,30,6,14	269	274
526	374	320,208,195,193	164,185,195,235	346	269
25	124	20,19,10,33	72,43,82,37	294	442
357	56	112,102,198,166	13,24,44,28	247	205
2	44	25,2,0,7	32,4,7,12	345	291
603	70	137,90,168,198	27,16,30,14	789	263
44	55	2,27,26,19	6,24,18,34	243	276
72	41	17,15,22,30	7,32,23,28	276	213
222	220	128,111,147,86	97,77,148,150	235	194
322	1148	191,103,229,154	785,448,560,510	300	709
7	37	0,0,0,0	19,4,7,15	265	806
3867	433	668,332,641,746	79,38,58,78	323	176
135	197	90,24,13,4	39,11,4,0	337	930
135	1	90,24,13,4	0,2,0,0	337	217
65	51	31,61,48,49	21,21,15,24	314	281
89	0	55,76,34,14	1,0,2,0	264	294
19	11	6,5,4,1	6,1,0,6	260	205
64	62	103,12,7,7	198,15,17,5	215	269
84	6	72,150,153,158	2,2,3,17	249	260
167	81	89,112,240,213	116,125,102,112	280	315
19	6	0,1,0,0	0,0,2,0	272	254
383	43	333,151,234,232	97,29,18,15	293	222
17	2	19,0,0,0	5,0,0,1	251	220
86	523	95,127,41,57	338,568,538,443	336	548
16	19	9,9,29,18	0,13,5,3	200	224
36	391	75,29,23,34	177,143,262,356	248	371
0	2	0,0,4,0	0,0,0,0	195	264
0	2	0,0,4,0	0,0,5,0	195	264
173	97	69,82,96,93	8,43,44,30	278	223
88	54	17,15,51,42	3,17,41,22	314	272
88	79	12,18,38,67	13,25,36,48	355	301
20	2	19,5,6,14	2,0,2,0	917	242
5	6	0,1,6,6	1,0,1,6	203	170
41	6	5,26,27,20	0,9,8,6	293	203
126	256	28,24,68,40	61,66,80,108	272	343
141	10	71,40,73,74	3,2,3,0	221	276
314	641	436,378,325,455	547,514,881,1018	253	275
75	51	44,57,72,59	20,17,38,8	398	271
14	34	22,29,37,23	24,16,30,26	271	330
0	144	0,1,0,0	4,48,81,123	174	238
277	144	19,64,127,175	4,48,81,123	336	238
7	0	6,4,4,3	0,1,0,2	212	310
0	2	0,0,6,0	0,0,2,0	233	236
106	104	151,88,81,119	86,118,76,98	197	208
20	20	14,26,10,0	20,8,2,4	233	295
118789	113092	81115,331061,168371,116275	41717,267456,215171,123645	427	319
172105	113092	61811,395612,419244,261880	41717,267459,215171,123644	334	319
172102	129913	61809,395610,419239,261881	67448,346020,200290,131057	334	427
58	88	17,24,56,84	29,58,74,40	208	258
32	105	2,12,26,7	29,86,106,69	266	239
269	574	107,146,275,315	190,254,373,395	347	392
134	14	60,47,54,57	19,7,7,1	271	318
8	2	12,1,0,0	46,2,0,0	246	237
6	0	11,2,0,0	13,3,0,0	265	333
6	0	9,2,0,0	14,2,0,0	265	333
10	0	13,1,0,0	14,2,0,0	246	333
10	6	13,1,0,0	9,2,0,0	246	265
8	87	6,4,2,2	21,34,5,9	236	214
7	73	0,1,2,2	18,21,6,7	236	214
683	202	40,87,88,101	20,55,19,15	276	298
17	4	10,15,11,26	9,0,6,1	252	183
2	1	0,2,6,10	0,0,0,0	242	211
2	0	0,0,0,0	0,0,1,0	238	211
80	73	53,41,59,64	40,33,56,60	234	206
81	72	53,39,59,62	37,32,56,70	234	236
68	61	25,34,42,32	13,41,64,30	353	268
30	34	9,24,34,25	12,12,23,33	268	239
51	31	76,57,43,22	146,34,10,9	248	244
10	795	2,0,7,0	136,484,632,393	194	266
0	4	4,0,4,2	24,21,27,30	253	253
2	0	17,6,11,11	3,1,0,0	233	233
15	33	3,0,2,1	27,8,4,7	251	266
41	33	35,11,9,6	27,8,4,7	258	266
468	454	184,251,412,386	148,235,256,273	262	298
1029	361	414,546,622,703	97,120,159,195	827	246
17	344	13,15,4,6	703,574,207,280	322	382
4	50	0,0,0,0	3,12,2,0	182	171
8	18	1,2,0,6	5,4,3,0	233	332
16	565	4,0,10,4	289,351,340,413	254	2283
111	188	53,114,99,81	65,77,134,170	193	287
117	317	55,130,110,96	160,260,398,461	193	287
78	1066	51,48,12,7	166,238,329,187	170	185
1839	1152	3573,1318,1045,1763	2357,851,713,1135	287	245
836	733	312,368,428,388	225,266,428,333	274	216
597	1258	179,264,328,173	473,607,747,748	216	255
101	50	55,64,97,76	14,13,19,16	235	186
138	543	22,27,53,41	113,168,284,219	246	301
0	3	1,1,0,0	0,6,0,2	260	226
0	671	2,0,0,0	150,48,29,45	204	1031
4	11	2,0,0,3	3,3,0,2	242	272
9	40	0,1,0,2	0,11,30,14	263	805
3	1	10,2,0,2	21,1,0,0	227	254
403	1373	525,203,102,80	482,473,822,540	291	237
194	10	132,98,123,123	8,14,12,7	272	275
171	211	104,152,212,169	108,156,210,137	275	293
1244	6	1320,1133,676,1184	3,0,0,0	248	293
508	256	476,196,68,124	300,128,27,42	284	245
178	188	47,73,183,159	60,108,144,157	203	215
22	154	111,31,4,6	81,64,40,45	263	195
7	4	18,5,0,2	9,1,0,0	339	296
221	17	299,73,75,73	21,2,0,1	3128	218
10	29	15,8,2,3	9,12,18,30	282	194
5	5	0,2,0,0	0,0,0,2	227	209
56	44	63,53,34,20	25,31,20,2	245	236
770	1201	300,217,88,103	346,288,259,191	287	266
36	181	6,33,37,24	27,131,193,226	237	710
21	71	6,7,2,13	17,11,3,11	298	239
40	161	555,24,6,18	765,90,27,39	224	381
40	15	555,24,6,18	25,11,0,6	224	176
2355	285	724,897,898,716	386,169,43,86	386	275
2213	200	553,804,789,659	194,122,46,38	200	188
2213	304	553,804,789,659	308,247,125,139	200	203
90	177	15,29,21,30	23,97,72,111	311	342
36	62	7,5,14,8	24,42,24,24	292	366
48	62	15,15,16,15	24,42,24,24	273	366
31	64	13,9,4,8	23,42,24,22	273	366
48	36	15,15,16,15	7,5,14,8	273	292
27	82	13,9,5,8	16,36,32,40	273	292
1088	514	262,855,916,721	104,401,282,238	368	272
229	272	153,136,217,188	236,238,355,230	350	344
46	64	134,53,17,7	141,50,22,29	287	303
141	87	60,54,193,120	125,57,44,32	227	256
0	11	7,0,0,0	16,1,0,9	227	200
0	9	7,5,0,0	20,12,7,10	227	288
5	9	2,2,0,0	20,12,7,10	277	288
9	0	8,0,5,0	3,0,0,0	485	213
925	898	187,272,447,377	165,347,419,212	241	269
10	73	33,11,3,1	73,28,34,36	270	275
30	19	0,0,1,0	6,2,6,0	224	183
3	668	0,0,0,3	526,313,321,384	306	240
3	202	0,0,0,3	167,68,99,113	306	196
137	229	197,88,36,31	156,94,98,104	398	328
182	233	149,103,125,103	213,126,96,84	347	398
2065	93	1192,1252,1128,834	154,80,25,14	1783	347
312	1964	191,154,278,172	1167,1196,1030,803	299	1783
40	159	29,23,23,22	45,62,120,46	245	266
31	6	3,3,4,4	7,1,0,3	315	282
0	1	0,3,0,0	2,3,2,0	194	182
35	81	38,62,57,29	84,140,130,147	285	310
204	201	104,96,119,115	97,114,217,154	332	307
236	2	200,158,228,187	4,0,0,0	325	247
120	1	119,77,91,82	4,0,0,0	325	247
20	12	0,10,2,0	0,0,0,4	311	218
423	1171	51,2,10,5	235,26,52,0	237	369
1090	913	193,27,63,8	170,9,57,4	281	237
24	23	23,12,31,13	102,55,74,56	291	224
52	23	129,87,60,52	102,55,74,56	309	224
7	0	123,19,0,0	1,0,0,0	247	253
32	65	39,61,12,14	42,73,27,32	258	313
105	70	61,63,104,96	35,25,114,73	298	241
65	70	22,32,71,37	37,24,114,73	209	241
2	256	4,5,1,3	67,78,175,122	286	297
118	224	60,87,69,94	103,112,140,145	246	321
118	124	60,87,69,94	58,50,55,64	246	233
249	9	83,328,377,326	0,1,2,2	195	266
28	284	147,80,36,20	622,786,662,494	347	852
8	12	3,4,2,2	3,4,4,5	214	2898
1	4	2,0,0,3	4,2,0,1	240	212
426	6	339,223,214,140	2,0,0,0	337	257
260	129	301,469,398,261	227,313,149,94	317	245
8	70	7,15,8,1	71,210,180,108	290	253
179	41	89,219,189,130	37,106,94,59	253	253
430	41	390,686,604,379	37,106,94,59	317	253
293	41	198,371,393,273	37,106,94,59	377	253
298	288	331,537,412,302	186,363,375,257	290	317
299	136	331,537,412,301	135,238,243,182	290	317
107	341	137,243,207,177	267,370,537,393	217	271
4	0	5,0,0,0	7,0,0,0	206	409
80	87	79,65,39,48	100,49,103,94	257	256
113	102	107,77,52,56	110,84,100,88	344	257
46	96	38,26,56,47	109,82,93,81	209	257
89	115	90,75,114,77	127,73,103,109	243	320
69	37	76,29,44,54	70,43,14,15	296	282
28	11	48,57,34,39	25,12,36,26	262	305
1	133	10,0,2,2	352,51,24,40	615	241
1	18	10,0,2,2	77,10,1,8	615	226
17	2	207,7,0,6	81,1,0,2	302	223
196	86	55,60,40,62	27,21,23,27	394	309
90	308	21,33,10,11	32,83,93,97	309	319
90	44	21,33,10,11	0,14,8,18	309	170
0	2	40,0,0,0	12,0,2,0	289	233
0	1	84,0,2,0	82,7,0,8	305	242
289	195	140,145,94,120	74,96,75,126	343	311
7	74	203,31,6,12	133,162,127,71	270	271
0	2	2,3,2,2	2,1,0,0	247	220
2	2	2,7,7,7	8,6,4,0	247	220
2	7	2,7,7,7	1,4,2,0	247	273
16	6	14,8,6,4	1,2,2,0	345	273
2	7	8,6,4,0	1,4,2,0	220	273
0	6	6,5,4,0	1,2,2,0	220	273
49	39	55,34,42,28	48,43,56,106	279	283
30	25	16,16,6,8	9,15,17,20	217	240
30	3	14,11,2,8	0,0,2,2	217	240
30	48	14,11,2,8	16,28,34,19	217	284
3	48	0,0,2,2	16,28,34,19	240	284
34	47	9,11,12,8	20,34,36,18	240	284
418	33	107,35,33,82	103,7,0,0	311	344
31	39	19,2,5,12	12,12,2,0	280	268
333	15	433,289,349,317	3,0,5,13	228	250
541	14	958,470,436,577	3,1,5,13	226	250
333	560	433,289,349,317	761,530,427,472	228	243
541	557	958,470,436,577	761,532,427,472	226	243
3	20	0,0,0,8	11,13,16,3	222	244
63	74	26,34,59,59	34,43,36,37	238	279
569	231	176,296,395,295	79,125,132,126	414	284
0	1	14,3,0,6	53,12,15,7	461	401
5	0	18,0,0,0	8,0,2,0	431	229
265	170	127,318,164,153	48,161,135,99	364	216
109	217	29,130,160,109	107,324,136,99	188	364
250	92	166,305,216,206	103,135,47,29	345	311
26	367	4,7,4,9	221,154,156,141	254	450
126	367	58,61,111,97	221,154,156,141	257	450
170	184	44,66,81,98	66,84,139,180	228	282
296	1348	115,149,273,222	637,557,971,1188	411	1240
1423	237	593,568,1024,1250	66,50,98,140	1240	341
275	67	115,96,103,162	28,52,55,43	341	226
263	123	113,62,85,133	49,27,53,63	338	216
345	38	255,257,385,308	29,20,50,21	945	313
35	234	32,43,18,32	122,137,236,225	270	466
0	6	0,3,0,0	0,0,0,0	228	203
107	4	12,23,22,34	5,5,4,4	249	183
132	22	32,32,27,26	27,36,24,30	246	183
216	22	40,48,41,48	27,36,24,30	249	183
55	12	52,32,26,38	3,0,0,4	216	249
194	67	63,63,55,55	11,14,16,21	326	216
21	133	6,11,10,1	65,51,37,42	248	203
2	2	4,2,2,2	2,0,0,0	295	329
352	250	60,91,173,165	43,89,98,84	269	294
139	170	36,40,81,98	56,90,72,72	237	281
151	138	88,34,13,21	63,56,59,77	249	378
5	10	2,4,2,3	23,5,2,0	202	284
5	15	2,4,2,3	57,8,2,2	202	451
3	15	8,8,2,5	57,8,2,2	265	451
14	0	30,7,4,4	1,0,0,0	432	358
8	0	21,2,0,1	1,0,0,0	319	358
233	128	69,60,103,121	46,47,55,68	245	224
27	185	19,8,24,23	59,39,84,53	194	245
10	174	0,0,0,6	31,58,123,50	452	207
1078	19	306,55,140,85	6,2,3,2	251	237
65	52	16,23,15,32	28,16,8,25	299	226
0	4	2,0,0,0	1,2,2,0	232	608
337	8	191,115,113,134	1,0,0,2	223	211
76	34	60,24,13,34	41,13,4,8	228	223
105	41	45,58,77,52	12,24,31,22	294	203
105	47	45,58,77,52	18,35,35,20	294	205
41	42	9,21,25,33	16,31,31,20	294	205
61	42	23,39,30,47	16,31,31,20	263	205
61	41	23,39,30,47	9,21,25,33	263	294
65	159	23,43,36,47	45,69,111,83	263	294
180	71	53,121,114,79	31,44,50,22	390	263
17	119	0,9,20,10	52,81,88,80	193	390
50	17	16,0,0,0	10,1,0,0	367	346
94	176	33,43,64,50	108,86,91,98	280	440
148	2	60,90,111,84	0,0,0,2	280	320
48	19	22,18,22,6	20,6,16,6	328	231
28	31	65,16,9,16	25,36,24,12	328	328
118	178	94,73,96,134	47,84,112,148	236	199
107	225	201,55,19,52	102,122,183,177	366	236
2	121	0,0,0,0	62,41,53,65	245	271
86	85	63,34,21,11	89,36,59,45	286	241
86	86	63,34,21,11	90,36,59,45	286	245
2	0	27,0,0,0	17,0,0,0	336	391
2	0	0,3,9,8	3,0,6,2	281	292
12	26	19,5,2,5	13,19,4,3	217	193
19	26	27,15,5,2	13,19,4,3	286	193
11	7	5,2,2,2	11,2,0,0	176	293
75	47	21,15,3,14	9,3,4,4	303	234
43	10	48,29,34,43	0,5,3,2	247	179
350	309	118,110,44,72	163,102,77,55	393	431
83	69	38,18,17,26	18,15,4,25	308	248
24	33	39,0,6,1	40,7,2,11	277	285
412	156	91,97,106,101	78,41,8,17	232	308
4	158	8,6,1,6	61,62,78,63	240	262
15	0	12,27,4,6	3,1,0,0	235	238
15	56	12,27,4,6	71,12,17,18	235	238
169	156	34,36,44,96	44,40,38,66	239	242
152	235	48,22,31,57	76,42,74,110	242	276
225	327	77,60,61,93	127,68,96,103	276	287
1	74	0,4,0,0	52,50,32,30	232	256
1	223	0,4,0,0	111,116,95,68	232	282
0	2	8,0,0,0	74,0,0,0	221	915
0	2	2,0,0,0	74,0,0,0	253	915
0	2	6,0,0,0	74,0,0,0	254	915
8	120	0,2,0,0	58,51,61,30	195	209
0	2	2,0,0,0	0,1,0,0	263	191
22	24	20,4,14,14	100,51,27,19	199	242
90	28	58,76,93,60	101,60,29,19	199	242
38	24	28,6,17,17	100,51,27,19	199	242
10	68	10,13,13,9	77,88,97,63	205	199
157	160	204,134,47,63	85,95,83,99	354	266
133	3	69,54,38,16	0,0,0,0	323	226
5	0	1,3,4,3	0,0,0,3	364	335
270	517	119,128,120,141	298,266,281,198	267	365
488	299	181,242,205,179	139,211,197,135	334	267
284	295	74,108,177,148	134,209,196,131	715	267
286	466	79,108,168,148	206,242,207,214	715	334
150	30	21,34,61,51	7,10,2,8	244	226
54	60	11,15,23,4	12,14,19,22	226	233
69	79	12,22,45,69	22,27,43,35	273	256
53	1617	27,25,9,22	467,610,440,433	275	1236
1577	404	473,598,433,425	74,138,117,80	1236	344
327	659	47,142,145,172	95,199,303,330	240	255
1143	892	60,353,442,480	53,252,307,294	370	307
1143	950	60,353,442,480	53,276,330,307	370	311
384	72	253,185,68,60	27,37,17,12	1003	267
256	68	222,139,48,45	27,39,17,12	1003	267
113	340	21,24,8,23	238,173,79,71	230	1003
80	39	23,14,31,32	12,22,9,8	240	192
2	3	0,0,0,0	0,0,0,2	255	204
56	0	33,32,19,13	0,0,0,1	252	188
98	134	14,21,21,28	6,26,30,30	340	297
1	0	0,4,1,1	0,8,23,4	197	173
54	116	53,29,14,22	106,66,36,35	262	431
135	587	47,71,83,49	456,303,339,363	192	312
627	520	443,429,402,320	359,266,245,183	312	227
115	110	34,54,23,24	33,29,32,43	282	236
177	7	42,44,21,38	0,0,0,2	272	255
38	76	39,27,27,19	75,22,20,29	249	328
120	38	46,29,61,108	22,6,20,19	280	200
33	9	6,275,43,76	13,102,28,25	255	316
8	22	15,98,7,22	12,209,35,40	198	255
10	10	12,1,0,11	0,3,0,4	257	233
153	79	41,43,63,70	23,18,30,29	306	224
11	92	9,13,8,4	58,72,84,87	174	186
70	120	27,25,22,35	66,95,88,96	202	186
3	92	0,4,0,2	56,67,73,85	174	186
1	217	2,0,1,0	71,92,79,81	242	202
17	21	3,1,4,0	11,12,9,4	208	228
17	21	5,7,4,0	11,12,9,4	234	228
8	19	13,4,7,3	54,6,4,1	203	311
17	44	11,31,17,24	37,28,28,64	209	261
45	32	27,51,7,22	34,36,21,30	261	251
57	52	46,28,31,37	55,66,59,50	295	313
35	54	45,12,4,6	45,31,15,17	293	275
14	72	8,5,0,6	40,17,15,31	281	310
267	209	48,120,183,114	48,112,140,96	345	330
13	10	2,7,2,0	8,0,5,0	290	284
13	6	2,7,2,0	2,0,0,0	290	364
0	2	0,1,1,0	2,2,0,2	252	177
37	20	49,37,31,25	13,0,6,7	230	422
7184	747	433,363,129,122	66,27,16,4	227	227
216	93	31,125,41,68	16,41,10,15	284	206
361	129	383,316,197,211	242,117,51,56	267	316
387	118	454,365,209,215	221,133,32,40	267	203
63	117	128,47,6,13	220,133,29,40	251	203
2	888	0,0,1,0	794,877,528,464	219	267
321	646	238,263,193,240	326,547,412,590	316	305
3	257	0,0,0,0	57,121,143,143	232	547
13	286	16,23,8,14	150,319,261,212	255	250
211	420	116,142,181,187	166,341,449,418	250	300
28	0	24,6,0,0	7,5,0,0	641	249
156	189	75,93,55,84	65,122,88,99	310	297
13	9	7,7,7,6	17,5,17,12	256	244
24	43	4,28,8,41	2,25,24,39	278	287
1	16	0,8,2,3	8,26,20,46	215	278
204	334	189,113,64,46	205,169,93,114	317	359
203	231	177,125,47,51	222,112,44,73	260	314
197	39	92,73,34,48	99,61,9,5	207	255
2	163	2,0,4,2	65,94,79,89	213	240
12	5	1,0,3,12	2,0,0,0	224	221
4	366	0,0,4,0	140,220,311,276	242	288
4	915	0,0,4,0	306,568,657,574	242	323
147	520	63,108,91,98	183,306,376,336	231	323
1	1	0,0,2,0	0,0,0,0	360	286
1	5	0,0,2,0	0,2,1,0	360	281
1	4	0,0,2,0	1,2,1,0	360	425
46	652	59,27,6,14	160,230,258,257	268	270
46	146	59,27,6,14	34,22,74,87	268	289
20	13	0,5,6,9	0,1,0,2	285	246
10	170	10,2,0,0	27,1,0,0	338	245
193	134	30,0,0,0	11,2,2,3	233	256
197	63	30,0,0,3	28,0,0,0	233	478
23	74	19,36,57,51	29,43,166,165	234	313
2	0	4,0,0,0	0,1,0,0	248	208
2	0	0,3,0,1	5,0,0,0	370	247
8	3	0,2,0,0	0,0,0,0	269	460
1	2	0,2,7,2	1,9,3,17	239	220
2	2	0,0,0,0	1,9,3,17	238	220
2	1	0,0,0,0	0,2,7,2	238	239
6	10	0,0,0,0	0,4,9,5	238	239
3337	2939	569,503,598,397	700,386,466,323	317	318
9	177	40,5,2,0	124,83,68,78	262	395
33	107	18,11,5,13	38,19,46,70	285	352
8	27	12,31,7,13	7,21,21,28	276	314
892	1	397,191,242,255	1,0,0,0	1513	247
2	0	0,0,0,0	0,0,0,2	217	253
46	91	6,6,4,12	1,8,4,9	244	199
11	55	49,47,10,14	51,113,115,126	250	252
903	240	274,146,164,190	53,58,27,44	828	311
1	0	4,7,4,2	0,4,12,7	251	239
155	106	105,18,11,18	170,23,0,8	287	254
692	116	204,276,207,265	92,58,30,31	304	240
435	360	97,169,204,240	207,167,85,132	230	304
2	0	0,2,0,0	0,0,0,2	285	256
107	9	57,40,47,60	33,18,5,4	328	244
48	5	123,43,19,25	112,7,5,5	302	311
378	3	78,213,146,224	4,0,0,2	255	278
184	3	35,107,65,102	4,0,0,2	265	278
238	293	41,144,118,101	53,164,140,102	255	291
238	73	41,144,118,101	14,38,25,18	255	202
127	79	8,130,120,111	2,51,42,20	308	226
6	20	7,18,6,9	8,3,14,3	263	326
30	0	26,7,21,13	4,6,4,0	347	263
31	11	26,5,15,13	10,3,13,4	347	263
18	346	156,19,5,6	228,189,283,227	228	322
48	4	8,29,31,30	16,6,1,0	194	219
20	196	5,0,0,2	32,34,57,59	197	336
766	487	34,3,2,5	32,3,10,8	239	262
32	10	18,18,20,15	2,2,2,2	200	200
40	25	33,14,22,10	3,7,3,11	200	212
17	1	18,10,13,9	0,0,4,0	200	200
17	4	18,10,13,9	0,0,0,0	200	212
17	60	18,10,13,9	29,46,26,40	200	209
1	4	0,0,4,0	0,0,0,0	200	212
1	60	0,0,4,0	29,46,26,40	200	209
14	37	1,9,1,0	3,12,11,16	200	212
7	9	1,3,4,0	0,6,6,6	200	212
7	76	1,3,4,0	36,33,31,37	200	209
4	60	0,0,0,0	29,46,26,40	212	209
9	76	0,6,6,6	36,33,31,37	212	209
18	59	2,0,5,0	21,35,21,36	212	209
103	107	30,43,74,77	29,29,35,40	214	239
1022	679	390,981,1357,1094	414,870,856,892	259	221
50	679	11,35,77,88	414,870,856,892	284	221
22	14	4,7,0,0	26,2,0,0	202	220
11	7	0,2,5,0	2,0,10,0	300	271
44	85	17,15,38,51	8,31,62,35	271	281
383	205	203,161,212,227	143,84,117,179	325	283
2	2	10,0,0,6	24,0,4,2	314	305
230	13	59,59,68,91	2,2,0,0	248	235
137	113	39,27,46,45	35,25,67,96	218	248
70	154	37,16,16,37	45,28,52,51	266	218
2	51	41,0,0,0	317,19,10,2	214	254
2	42	41,0,0,0	197,15,5,2	214	214
4	11	235,2,0,0	385,7,0,0	254	244
7	4	145,0,0,0	446,8,0,0	223	294
2	12	33,5,0,0	151,16,3,6	441	371
72	100	55,62,22,39	70,82,67,73	308	257
21	34	13,7,9,14	9,12,12,17	259	233
6	49	1,3,9,0	37,21,14,22	224	210
136	198	26,33,26,19	37,62,133,92	189	182
457	189	120,103,62,70	134,55,8,8	413	419
2	131	28,0,0,0	93,50,64,63	257	324
57	66	37,36,34,51	28,53,26,32	235	232
18	94	50,15,6,12	165,90,34,58	235	236
27	42	12,19,30,35	14,6,13,25	200	251
66	50	17,31,48,113	23,35,72,115	213	211
25	49	13,43,23,60	13,32,34,55	235	258
3	93	3,0,0,0	24,95,48,113	274	301
88	617	138,8,2,2	199,45,59,20	261	254
2	25	1,0,0,0	8,8,5,0	189	290
173	199	69,143,68,44	142,144,134,100	232	229
412	351	226,371,270,266	135,208,222,140	316	244
15	0	5,0,0,0	3,1,0,1	271	209
4	34	1,0,0,0	0,3,3,0	293	322
143	171	53,39,27,33	97,53,31,34	291	362
14	30	5,2,4,6	20,5,39,44	177	237
25	8	61,35,31,25	26,9,1,19	260	256
206	373	44,83,63,77	69,187,168,149	233	302
106	48	28,82,102,90	9,32,50,35	271	197
2	37	0,7,4,0	7,25,49,31	271	197
78	330	100,32,25,47	262,138,100,150	337	464
177	234	239,93,45,84	94,51,74,69	464	249
440	340	159,114,219,182	113,96,111,113	281	365
118	270	98,119,65,96	195,230,287,298	246	272
290	166	114,208,364,253	62,177,197,159	230	247
96	104	42,51,66,53	51,38,60,67	217	217
0	104	2,5,0,0	51,38,60,67	215	217
17	60	7,3,10,5	34,31,34,23	290	296
57	238	303,59,9,19	216,132,120,119	224	227
4	11	7,6,0,0	66,25,2,12	198	227
25	103	13,17,10,4	27,57,60,47	265	198
9	3	22,3,0,4	29,1,0,6	201	258
48	74	34,36,15,17	38,52,23,51	271	295
12665	12346	2127,4609,612,494	1402,4585,687,555	800	423
12628	2047	2124,4600,612,490	691,943,85,79	800	300
6	29	9,1,0,8	14,18,14,12	201	251
19	14	21,4,1,2	9,5,1,2	208	232
319	150	620,487,169,305	175,183,78,128	806	347
5	9	2,2,0,2	1,0,3,0	215	220
45	28	12,8,3,17	10,0,2,0	300	279
2	58	0,0,0,0	11,24,6,12	204	252
4	149	35,2,2,0	209,116,50,51	293	269
0	641	0,0,2,0	599,331,656,495	176	319
0	353	0,0,2,0	318,172,426,310	176	271
15	2	7,10,6,4	0,0,0,1	286	294
109	53	43,67,46,69	52,33,34,18	316	231
402	68	292,363,414,443	53,80,96,97	394	192
4	68	0,6,0,0	53,80,96,97	188	192
185	52	275,113,105,107	69,56,34,31	254	195
361	223	161,70,131,152	104,56,50,42	304	272
0	21	2,0,0,0	22,2,3,8	197	323
803	218	3407,2160,1898,2253	599,742,267,307	332	194
582	12	1938,1388,1554,1735	13,15,17,9	332	194
217	506	494,768,447,474	2311,1599,1166,1335	194	191
202	467	477,742,418,436	1273,1177,1234,1394	194	188
0	377	1,4,4,8	934,1016,932,973	188	185
377	519	1168,908,532,574	1952,1384,1179,1284	185	213
377	319	1168,908,532,574	287,536,512,781	185	242
519	319	1952,1384,1179,1284	287,536,512,781	213	242
31	25	1,5,15,1	19,12,6,8	355	429
31	5	1,5,15,1	8,0,0,0	355	305
18	113	73,41,7,7	137,79,58,75	299	239
65	40	4,25,29,98	6,10,3,24	470	422
65	40	4,25,29,98	6,10,3,24	470	422
15	49	1,3,0,6	5,25,15,43	269	253
272	165	261,136,118,102	150,85,45,47	340	265
44	40	45,23,7,1	62,15,2,6	194	229
33	8	202,8,5,2	52,7,0,0	328	213
1	9	2,1,0,0	7,2,4,2	198	266
30	23	5,10,18,8	20,3,13,2	256	222
57	51	77,30,28,36	111,37,31,19	280	305
4	0	0,0,0,0	1,2,0,0	229	188
81	13	119,28,58,84	65,12,8,12	282	248
133	69	142,55,70,95	117,33,45,48	356	282
133	0	142,55,70,95	0,0,1,4	356	240
178	18	55,13,18,27	18,0,0,7	282	275
178	149	55,13,18,27	82,16,15,14	282	240
68	100	92,10,10,2	32,3,12,11	311	282
1258	140	250,232,308,308	39,45,38,34	905	232
0	31	8,3,0,1	20,10,5,8	214	257
34	1	38,11,12,11	5,3,5,0	301	226
4	40	6,10,7,15	31,14,13,15	226	260
4	32	6,10,7,15	25,11,18,12	226	257
7	8	30,33,34,46	15,19,10,22	221	323
6	28	31,64,93,100	212,357,254,172	187	286
102	14	24,0,3,0	7,1,0,0	272	269
6	1	24,0,2,0	4,0,0,0	291	212
40	34	25,2,0,0	10,0,3,6	237	251
1	2605	2,0,0,0	293,395,372,161	248	250
207	1049	25,22,28,27	176,139,154,151	280	258
1210	1038	140,138,187,90	253,132,127,108	258	290
1602	1008	279,204,234,217	281,134,137,129	290	245
586	2983	145,89,64,58	530,323,528,437	245	398
205	266	172,108,29,30	254,101,91,121	188	206
1	0	3,0,0,0	3,0,0,0	200	222
7	0	3,0,0,0	2,0,0,0	200	222
7	3	3,0,0,0	14,1,1,0	200	222
0	3	2,0,0,0	14,1,1,0	222	222
8	43	59,4,0,1	117,76,32,44	273	311
28	122	38,0,0,0	32,10,11,11	334	287
8	15	51,2,0,0	19,2,3,6	266	204
8	6	52,2,0,0	43,0,0,2	266	259
8	20	52,2,0,0	75,7,8,6	266	317
2	35	0,9,0,0	0,10,13,33	287	293
11	16	31,17,7,5	18,9,2,5	266	251
4	12	12,2,4,3	5,0,0,5	264	257
19	7	23,4,14,15	14,0,0,8	335	262
243	188	144,149,129,182	174,123,141,188	256	239
186	117	250,123,58,102	136,128,43,88	350	256
2	66	0,0,1,0	69,42,31,23	221	221
1	14	0,0,0,0	2,2,0,1	244	266
12	11	1,6,13,14	5,7,4,5	359	352
59	38	60,26,14,31	51,21,35,15	234	239
1	38	1,0,1,1	41,20,3,12	159	226
249	167	87,151,203,214	196,129,66,79	278	357
0	2	0,0,0,2	0,3,6,1	271	449
2	0	0,3,6,1	0,0,1,0	449	289
157	147	75,61,89,103	65,73,130,101	241	311
130	89	100,66,105,58	66,56,106,59	311	231
111	166	57,55,93,73	75,78,223,129	274	276
166	69	107,81,71,135	22,40,44,61	266	239
340	83	123,112,139,127	53,49,19,33	260	268
338	63	125,112,139,127	14,13,13,21	260	268
402	195	73,97,168,143	90,75,62,60	268	326
53	37	24,36,26,44	40,31,31,31	252	261
130	41	26,105,151,101	6,46,65,34	239	193
792	437	116,331,380,163	104,158,198,109	324	290
410	241	116,167,162,73	127,132,141,54	290	293
410	51	115,167,163,70	23,20,7,7	290	293
402	333	114,166,156,70	81,161,150,85	290	294
367	454	95,148,173,86	103,151,274,122	293	315
376	340	150,149,241,117	83,161,149,85	315	294
743	69	190,207,274,158	40,14,8,17	512	256
370	6	88,70,105,55	2,5,4,0	273	185
148	76	60,31,47,78	44,13,8,17	361	256
203	153	73,59,64,53	39,47,68,81	294	259
137	126	33,31,40,28	26,29,44,53	274	284
65	32	20,14,17,11	16,16,11,29	307	223
84	458	49,24,35,31	202,316,256,278	209	267
60	54	20,58,46,35	30,42,31,42	197	218
344	2525	138,179,88,132	807,1626,1380,1380	269	334
2	0	0,0,1,0	2,2,0,0	296	301
13	93	12,10,5,14	31,34,20,29	225	226
0	94	4,0,0,2	24,42,18,21	247	242
57	77	19,45,22,40	24,42,36,37	245	245
36	36	75,28,18,19	45,24,11,26	292	247
132	0	131,88,49,63	11,1,0,0	271	319
2	16	31,0,0,0	103,7,2,7	211	285
5	47	48,0,0,0	54,2,17,14	298	211
22	13	16,36,40,22	12,10,6,5	240	297
13	8	4,4,0,0	6,9,9,4	198	191
1022	1954	600,308,313,269	651,793,882,704	315	246
717	337	410,535,385,412	388,240,212,191	353	370
38	29	6,11,12,11	4,12,6,7	245	214
2	13	9,0,2,0	10,9,3,1	272	199
664	679	263,157,101,125	292,153,115,90	229	250
0	20	7,0,0,0	23,6,2,10	191	223
17	324	3,7,2,4	124,121,147,139	173	241
13	182	9,0,6,4	84,80,49,63	223	267
91	187	50,33,25,23	85,81,49,64	223	267
6	8	1,2,0,0	5,3,4,0	273	262
6	24	1,2,0,0	24,15,5,4	273	210
210	3	128,129,73,72	4,4,1,2	223	210
15	7	0,2,2,1	0,2,0,0	225	210
79	575	77,23,33,45	283,214,364,208	203	768
121	76	118,38,52,74	110,11,18,30	242	251
3	0	4,0,4,4	2,0,4,0	307	234
17	5	65,92,100,88	2,5,6,0	1728	227
330	404	113,352,285,227	169,378,411,357	344	345
76	212	20,67,97,62	105,264,157,157	207	344
76	2	20,67,97,62	0,1,0,0	207	158
48	40	39,30,17,29	38,45,18,36	293	283
2	43	21,7,2,4	46,14,8,0	256	251
0	43	7,3,2,4	46,14,8,0	358	251
78	5	14,24,40,33	12,11,14,14	346	228
120	130	42,29,46,68	34,27,20,22	227	247
122	87	39,29,38,54	23,30,35,13	273	227
1	13	6,0,0,0	4,6,8,12	235	269
245	9	35,66,140,184	0,0,6,1	322	245
144	132	35,18,68,81	58,53,75,79	258	299
180	1	44,35,73,96	0,6,0,6	258	199
114	49	33,36,56,50	9,16,14,21	258	258
55	131	24,17,19,35	34,20,70,74	213	258
281	295	103,174,171,185	106,255,249,197	257	275
7	1	0,0,1,0	4,1,0,0	287	248
7	1	0,0,1,0	4,1,0,0	311	248
19	7	8,2,6,8	2,0,6,0	290	252
13	1	34,18,2,1	3,0,0,0	291	197
52	61	5,0,11,10	3,0,0,0	280	292
22	16	74,23,3,4	16,16,3,10	209	215
107	4	124,61,104,111	8,1,0,14	323	260
6	6	2,0,0,0	9,13,11,5	239	229
137	150	68,46,46,48	78,45,48,29	323	281
74	118	46,29,13,31	61,66,50,38	221	323
1	4	2,0,0,0	0,0,0,2	284	207
0	1	4,0,4,4	2,0,0,0	233	284
6	4	0,0,0,0	1,2,4,4	240	361
302	8	168,241,294,296	0,4,12,15	331	232
159	8	73,119,153,184	0,6,12,13	331	232
64	121	53,33,57,90	99,120,106,150	272	341
36	1	121,0,0,0	14,0,0,0	319	164
47	3	153,16,10,9	124,0,1,0	262	335
16	101	23,7,14,26	59,46,29,39	352	308
9	101	5,2,0,3	59,46,29,39	262	308
133	71	43,80,75,82	11,34,45,37	267	233
14	140	20,9,6,5	109,93,173,130	175	239
14	4	20,10,2,5	4,2,6,28	175	239
216	181	124,75,195,198	162,124,103,125	239	211
216	263	124,75,195,198	222,185,161,172	239	238
4	9	6,0,2,0	0,0,0,0	204	245
1	0	0,0,0,0	2,0,0,0	170	176
6	11	4,0,2,0	1,7,2,1	210	232
1	9	1,2,0,0	2,6,1,1	270	232
1	0	0,2,0,0	0,0,2,0	270	225
4	5	5,0,0,0	0,2,0,0	210	268
10	2	47,3,0,0	6,2,0,0	322	322
38	6	20,10,15,8	24,6,4,0	373	303
0	2	4,4,0,0	0,0,0,0	215	223
0	2	4,4,0,0	2,0,0,0	215	226
0	5	2,0,0,0	53,2,0,4	258	223
0	16	2,0,0,0	91,7,1,9	258	223
2	14	11,2,10,0	3,19,0,17	243	330
8	14	5,4,4,5	3,21,0,17	261	330
17	14	5,5,10,9	3,19,0,17	261	330
8	23	5,4,4,5	5,19,0,21	261	371
17	23	5,5,10,9	7,21,0,21	261	371
2	23	11,2,10,0	7,21,0,21	243	371
2	17	11,2,10,0	5,5,10,9	243	261
0	17	1,0,0,0	5,5,10,9	489	261
2	2	11,2,10,0	2,4,7,6	243	344
456	9	206,88,245,233	32,14,4,3	238	230
953	235	299,186,346,349	123,82,72,78	337	238
936	998	385,225,331,274	387,183,507,414	327	337
19	103	26,8,4,0	112,36,57,56	254	255
753	516	128,341,445,297	93,303,282,254	311	294
14	17	104,21,8,16	113,10,6,4	234	254
112	179	29,218,109,91	120,379,116,154	233	335
42	2	58,9,11,24	8,3,4,2	1021	329
71	32	11,44,82,68	1,14,15,15	413	281
2	13	2,0,0,0	19,5,0,2	367	433
0	14	3,0,0,0	36,1,0,3	359	359
5	3	17,2,0,0	9,1,0,0	222	222
104	246	36,64,36,16	85,142,111,157	191	236
21	194	4,12,18,14	157,117,149,141	167	283
2	0	0,0,0,0	4,0,0,0	228	263
0	8	4,0,0,0	3,0,1,1	263	279
363	4	139,6,15,0	2,0,0,0	399	345
0	36	0,0,0,1	6,8,10,8	285	288
85	90	80,87,52,77	61,66,77,75	334	287
59	28	53,49,41,30	51,9,12,19	287	267
64	34	51,48,67,63	51,41,27,20	267	309
6	0	5,0,0,0	7,0,0,0	283	217
127	695	39,39,64,85	747,458,501,421	315	248
261	352	317,138,110,112	209,181,334,251	248	218
64	352	35,6,22,32	209,180,334,251	248	218
269	1151	301,172,165,201	1001,592,679,688	218	653
1558	352	1181,877,1177,1005	253,197,187,238	653	226
0	1	0,6,4,4	1,0,0,0	291	282
5	2	471,8,0,2	188,4,0,2	299	274
95	140	173,84,75,66	143,103,139,128	409	311
31	89	24,12,6,4	83,46,32,31	302	292
26	91	21,13,4,2	82,46,30,31	302	292
66	105	48,22,18,18	89,48,35,35	302	292
26	89	21,10,4,2	85,46,30,31	302	292
4	93	18,3,0,2	90,40,27,30	279	302
107	53	59,25,81,61	63,28,13,14	296	302
71	88	41,26,39,39	48,32,27,24	211	250
128	62	77,56,82,87	33,25,23,27	278	211
10	77	0,1,3,2	2,32,4,6	204	260
1	0	0,0,0,0	2,0,0,0	198	267
13	42	3,5,0,4	4,12,22,7	241	215
71	98	11,21,26,21	42,32,27,24	265	265
19	0	46,13,8,19	0,0,0,2	232	182
385	200	239,291,406,289	147,161,157,99	358	279
55	40	6,12,5,31	1,0,0,4	223	223
2795	1804	1335,1482,1243,1290	715,797,868,630	362	290
3589	17953	153,22,3,4	399,80,41,58	288	404
0	4	0,2,0,0	0,1,2,0	225	296
11	6	13,35,10,31	0,0,0,6	290	172
503	1026	221,257,286,265	562,526,612,534	245	281
389	27	130,178,338,307	1,3,6,19	245	245
403	686	135,183,349,311	299,318,400,341	245	245
51	387	16,11,13,6	84,117,133,141	225	348
1	10	0,0,0,1	0,0,0,0	248	280
50	15	8,5,15,27	13,14,11,8	317	292
58	23	17,3,13,34	8,0,11,6	293	284
4	55	19,0,0,0	33,19,14,8	325	321
17	103	68,6,10,0	198,170,14,18	258	249
0	6	48,0,0,0	45,4,1,0	267	248
71	26	27,40,15,22	21,24,18,7	334	302
364	204	173,228,255,360	93,66,127,125	258	203
7	0	0,0,2,0	2,0,4,2	330	316
35	143	64,6,0,4	477,45,12,9	277	239
16347	1452	4715,11056,10216,7108	5540,1756,242,331	219	282
504	10907	104,95,163,279	4372,6673,6165,4454	243	219
62	46	10,29,27,39	15,18,16,19	294	220
60	44	21,23,24,30	17,14,14,19	259	220
64	44	21,26,26,31	13,37,30,40	259	294
241	56	98,87,80,83	10,21,19,23	503	259
11	33	9,23,7,14	9,5,20,13	249	247
372	51	126,194,165,131	20,13,20,11	227	344
245	441	90,101,128,101	175,194,271,147	216	290
147	133	102,80,80,50	85,69,76,51	245	207
113	173	57,51,52,60	164,102,77,79	222	271
113	55	57,51,52,60	93,29,18,21	222	219
116	91	21,32,16,48	29,20,24,40	277	295
53	89	43,19,21,30	38,71,44,32	258	227
53	135	43,19,21,30	63,75,51,39	258	270
112	209	31,55,58,86	35,148,101,107	323	377
176	337	191,77,52,25	216,133,116,111	321	336
178	189	191,77,52,25	145,79,55,56	321	337
273	65	177,84,87,112	206,19,5,13	336	343
127	11	253,51,10,45	38,2,1,0	1086	377
75	156	71,38,17,22	54,72,89,75	263	221
72	266	30,20,12,24	87,64,113,56	228	287
454	236	130,131,85,79	102,46,72,36	348	282
0	1	0,1,0,0	1,0,2,0	230	259
3	1	16,4,23,17	1,0,2,0	2112	259
2	1	0,0,2,0	1,0,2,0	226	259
76	45	2,26,44,36	12,19,16,13	233	208
24	9	22,35,26,32	2,0,9,16	380	275
62	104	53,34,48,44	48,42,38,15	248	221
195	98	70,133,143,105	18,31,61,54	298	204
43	182	7,19,44,13	42,119,133,107	187	248
149	15	101,62,60,58	19,10,8,3	216	291
10	15	24,14,7,17	15,13,8,4	263	312
13	5	19,2,4,23	16,1,2,0	239	281
65	6	14,22,17,17	0,1,2,0	352	251
204	79	386,115,146,134	402,72,57,60	351	345
1	133	1,0,0,0	225,68,111,105	208	351
24	67	6,4,7,10	4,6,7,11	282	293
103	542	115,37,47,46	365,251,346,297	275	344
27	38	11,16,9,11	23,12,9,25	235	304
49	39	28,10,13,40	23,12,7,19	363	304
214	156	68,124,74,88	89,80,76,101	256	218
2	0	0,0,0,0	1,0,0,0	278	257
35	18	10,13,7,2	8,8,2,0	668	486
500	122	1076,286,233,271	1295,93,34,58	314	348
4	122	4,0,0,2	1295,93,34,58	222	348
4	0	32,0,0,0	22,2,0,0	264	227
31	60	42,11,7,12	35,56,27,21	213	256
7	69	11,17,11,4	86,70,27,24	326	256
78	67	70,51,53,60	81,67,40,40	275	247
227	144	141,94,110,178	88,49,42,67	241	239
69	194	60,38,21,36	118,81,68,134	208	241
2	464	6,4,2,2	181,275,375,241	271	835
335	2598	621,13,7,8	962,50,94,73	275	314
2760	112	2281,47,62,64	327,6,0,2	604	275
0	987	2,0,0,0	31,2,2,0	258	293
8	6	2,0,0,0	0,0,0,0	244	329
233	139	97,51,111,90	61,43,77,52	329	260
1905	2073	763,677,931,673	813,612,1031,731	302	226
102	9	17,52,49,90	0,8,2,10	263	173
76	41	52,41,37,38	29,7,22,21	409	290
1005	4468	295,39,8,10	555,80,54,34	349	505
29	57	50,10,12,16	44,10,19,23	357	291
169	116	57,87,79,112	50,49,76,80	329	301
14	49	79,14,16,24	77,51,46,34	216	251
71	47	86,72,58,36	68,32,56,69	257	212
70	0	83,69,57,36	0,0,1,0	257	212
31	63	61,51,70,41	118,54,51,127	212	302
25	9	161,18,1,10	20,2,0,0	230	215
110	108	56,69,84,57	54,80,85,66	320	273
40	128	52,14,6,6	81,36,13,17	316	349
13	20	15,4,27,5	18,19,10,30	301	285
226	108	68,78,159,94	45,54,84,51	257	269
117	230	22,99,45,52	70,156,211,151	293	337
119	245	22,103,47,52	130,164,165,145	293	376
8	80	42,11,5,4	136,65,22,23	209	376
46	27	65,26,26,17	25,11,13,8	452	209
2	48	0,0,0,0	96,30,25,13	236	335
2	56	0,0,0,0	120,41,40,26	236	337
1	56	5,2,2,1	97,30,33,13	191	337
5	56	20,10,8,8	97,30,33,13	196	337
1	83	5,2,2,1	132,48,51,26	191	452
5	83	20,10,8,8	132,48,51,26	196	452
104	155	31,8,11,11	55,13,10,6	261	301
103	47	29,8,11,9	5,4,0,1	261	301
103	82	29,8,11,9	18,14,3,7	261	238
47	82	5,4,0,1	18,14,3,7	301	238
199	84	31,23,10,10	22,14,3,8	301	238
6	87	4,0,0,4	28,10,11,7	238	265
107	88	47,9,10,7	28,10,11,7	238	265
2	335	39,4,0,0	344,12,68,54	253	257
385	214	53,182,249,337	63,145,87,99	355	323
736	380	568,374,430,531	230,145,177,203	434	308
205	336	91,125,140,145	182,104,174,195	280	321
2	14	2,0,4,0	6,3,7,0	323	302
1562	2412	926,774,260,261	1096,1459,527,415	256	281
88	51	46,32,9,26	12,32,31,52	314	305
5	8	13,9,0,0	22,0,0,0	394	556
1298	2081	777,99,355,174	804,141,827,327	332	350
1524	1573	847,118,397,220	789,131,546,262	335	332
3	2	4,11,0,0	18,1,2,2	231	221
5090	533	7928,1524,3030,2664	2915,225,144,124	333	238
1022	2812	3580,248,446,551	6915,898,1413,1330	257	333
159	682	37,24,3,15	38,74,48,149	263	296
1	12	4,0,2,4	12,19,6,11	260	317
73	218	51,32,33,21	117,149,180,158	233	207
82	14	81,12,2,9	95,1,0,2	248	230
27	228	41,8,0,7	136,30,24,24	192	248
3	7	11,0,0,0	5,0,0,0	207	229
66	148	4,0,0,0	20,0,2,0	213	305
0	17	1383,264,37,51	1400,990,1096,1142	279	234
2	0	2268,2709,1841,1711	1430,1704,2122,2179	611	272
404	3	185,277,253,211	3,2,0,0	315	243
233	432	121,171,148,171	179,255,580,595	242	280
426	145	200,252,416,377	69,110,142,117	280	209
0	533	4,0,0,2	239,361,688,680	360	209
192	13	184,195,121,132	11,4,3,1	251	222
55	104	58,30,19,23	74,46,41,52	332	263
117	97	23,32,40,60	28,28,28,8	272	315
28	0	52,20,26,18	14,0,0,0	314	264
4	0	0,0,0,0	14,0,0,0	257	264
18	0	16,17,8,8	14,0,0,0	327	264
18	28	16,17,8,8	52,20,26,18	327	314
4	28	0,0,0,0	52,20,26,18	257	314
18	4	16,17,8,8	0,0,0,0	327	257
98	38	40,99,40,28	37,32,4,15	264	229
0	2	5,0,0,1	2,4,0,0	253	299
107	25	117,36,30,26	60,9,8,9	263	245
3	4	0,3,6,4	6,3,0,2	268	251
78	9	75,39,48,62	16,7,10,4	200	286
6	40	11,1,9,7	34,18,13,17	173	228
27	63	10,0,0,0	46,0,0,0	284	284
1	0	11,4,0,0	5,0,0,0	245	243
3	0	5,1,1,4	2,2,0,0	380	250
290	2	304,212,276,308	3,1,0,0	221	333
18	494	20,0,0,0	75,19,14,20	207	221
301	1363	96,11,6,8	214,53,44,22	221	281
1602	1400	406,285,331,248	529,255,133,136	252	279
0	132	1,0,0,0	188,37,22,21	290	283
48	0	46,0,1,3	19,0,0,0	237	203
117	7	67,17,20,15	24,2,2,0	203	273
0	92	4,2,0,0	64,41,38,30	242	254
0	2	2,0,0,0	5,0,0,0	248	365
4	3	7,0,0,1	19,3,0,0	365	876
152	385	506,167,76,91	474,406,531,590	244	276
31	163	51,9,20,17	346,225,135,141	289	244
112	217	80,50,53,52	119,92,78,118	304	332
21	162	1,4,3,0	16,15,31,21	223	989
65	33	84,53,92,77	57,33,34,29	220	185
46	78	77,24,24,16	138,90,67,58	225	251
0	2	3,0,0,0	19,0,0,2	197	239
44	1	7,3,22,14	1,4,0,0	282	201
2	1	16,4,2,0	28,5,0,0	296	317
56	124	29,31,41,27	52,30,64,66	270	265
147	77	64,30,82,70	41,49,49,45	265	243
123	284	52,26,53,59	160,112,106,123	243	512
24	15	15,8,2,5	7,11,11,6	242	197
323	84	72,150,197,201	25,42,33,40	362	254
18	61	19,5,11,3	26,14,11,20	206	212
98	49	28,53,34,38	56,23,10,15	326	278
72	112	49,45,24,28	34,34,41,32	278	251
280	581	157,216,269,308	250,364,337,271	347	404
119	257	42,19,49,48	174,82,88,96	193	291
178	5	62,70,55,81	49,4,0,0	224	232
53	72	9,19,13,4	38,22,21,22	211	257
2	9	0,0,0,0	32,8,6,5	233	191
4	62	1,1,6,0	10,21,17,13	262	272
83	90	87,21,12,36	40,22,46,60	253	225
5	2	22,1,0,0	11,2,2,0	301	323
3	32	0,0,0,0	0,0,0,1	209	213
59	77	54,53,57,46	85,67,35,63	323	227
323	260	167,179,270,213	190,161,206,200	308	323
365	146	515,229,270,363	207,97,116,142	269	201
127	205	3,47,25,29	12,62,70,63	213	245
124	8	3,42,21,29	3,9,6,12	213	245
292	389	6,98,96,66	28,169,131,151	245	302
242	188	40,106,119,115	40,84,80,89	300	328
293	0	42,120,140,111	0,0,1,4	224	265
0	16	0,0,0,2	0,0,0,6	467	482
6	12	19,27,48,40	24,63,50,80	231	268
0	7	14,0,2,0	35,0,0,0	268	260
5	1	0,0,0,0	1,0,0,0	235	235
19	28	2,7,12,0	6,21,15,18	186	216
10	10	12,3,1,10	18,6,2,8	289	262
112	189	26,54,67,53	66,39,88,96	247	294
205	115	84,59,82,78	71,47,82,72	309	263
155	98	82,78,70,180	68,57,64,97	234	259
155	98	82,78,73,179	107,90,100,66	234	282
142	95	80,30,84,85	104,74,96,67	259	282
51	30	19,15,14,17	12,6,4,8	300	242
15	5	12,8,3,8	0,2,0,6	228	247
26	50	17,9,5,8	27,10,15,26	228	304
59	228	78,37,19,15	248,123,124,104	212	310
185	114	132,89,169,100	81,62,60,51	239	212
2	5	0,0,0,0	0,1,0,0	242	227
243	267	157,272,290,257	181,220,147,136	262	290
232	21	140,246,266,250	14,10,19,14	262	290
22	19	29,8,4,13	28,19,8,20	210	238
43	60	132,32,7,15	85,19,21,34	257	215
6	9	8,8,0,2	6,4,0,0	232	312
41	45	95,37,20,30	100,56,42,47	298	266
41	15	95,37,20,30	33,8,4,14	298	412
12	18	104,7,6,14	186,20,4,30	266	385
98	24	7,36,42,95	1,15,18,29	357	205
38	26	44,9,23,20	15,6,3,3	315	212
29	24	27,14,15,23	22,2,11,7	295	315
299	231	53,194,213,199	89,118,151,125	292	298
4	87	39,2,0,1	144,42,29,40	262	256
4	72	39,2,0,3	130,48,50,54	262	264
30	33	42,18,5,21	72,29,17,23	181	231
48	127	93,30,46,44	234,53,66,55	231	312
20	93	64,21,13,27	111,58,36,44	223	260
20	38	64,21,13,27	87,18,19,30	223	609
53	99	227,32,14,32	147,32,52,47	315	298
0	54	0,0,2,0	20,15,7,14	300	294
0	71	0,2,2,0	8,51,11,26	241	309
4	4	0,2,0,2	0,0,0,0	235	243
281	268	10,68,87,160	25,96,96,207	407	443
28	414	51,32,7,9	167,416,411,307	181	281
0	4	4,0,0,2	3,0,0,0	240	272
4	44	0,1,2,1	78,13,4,4	217	285
97	155	194,104,25,32	135,138,32,57	251	209
7	207	10,14,9,12	102,64,78,70	241	295
141	6	70,63,37,34	1,2,0,0	271	241
267	94	67,195,183,114	62,95,28,30	188	227
194	79	205,102,89,121	64,26,22,38	360	223
1	0	2,0,3,0	4,0,0,0	260	273
69	84	93,55,60,56	131,88,63,49	267	346
97	79	73,53,78,53	97,61,68,70	261	292
2	0	16,6,0,5	16,0,0,0	155	244
22	108	61,20,13,28	70,86,62,117	410	425
79	36	75,91,41,80	34,30,10,15	425	254
19	17	14,5,10,15	8,24,21,16	242	290
37	65	66,18,8,29	81,22,30,33	257	288
102	77	8,19,33,50	11,25,60,51	236	253
181	62	18,53,40,24	11,27,27,49	327	238
140	216	2,42,63,27	15,50,58,68	266	327
4	0	2,2,0,0	0,3,4,0	305	236
4	0	2,0,0,0	0,3,4,0	320	236
4	0	0,2,0,0	0,3,4,0	247	236
2	0	6,0,0,0	15,0,0,0	385	373
2	0	6,0,0,0	16,0,0,0	385	376
7	39	2,2,6,2	2,13,25,26	180	227
374	20	20,170,246,511	2,3,16,40	967	233
25	37	2,2,20,28	0,19,36,61	227	236
2	16	0,0,0,0	0,22,12,34	216	227
183	139	43,28,82,66	72,52,39,74	326	209
1	332	0,0,0,0	96,77,134,140	189	326
2	34	18,0,0,0	5,0,1,0	267	196
136	97	56,76,69,39	11,48,75,40	437	312
155	270	49,43,45,55	55,53,108,114	298	278
178	31	29,58,82,65	16,8,11,5	251	298
180	186	29,57,80,65	56,42,45,41	251	298
132	94	40,54,32,21	26,35,49,16	230	242
2	5	2,0,0,0	1,3,0,4	254	274
114	1	59,76,89,87	0,0,2,0	236	194
145	88	55,45,62,73	44,29,53,65	293	337
27	140	18,19,34,28	48,24,38,42	239	293
67	105	24,23,23,33	47,38,93,92	210	264
107	40	44,53,60,44	19,25,25,24	264	210
1	0	0,0,0,5	0,0,1,0	512	270
2	10	0,0,3,0	3,4,6,10	512	270
42	46	197,384,279,272	121,267,161,167	215	394
18	137	85,147,47,67	117,168,88,75	215	254
65	36	17,12,13,20	1,13,12,11	215	310
6	36	0,8,0,0	1,13,12,11	211	310
3223	2083	305,807,748,679	274,583,458,369	290	246
3419	3512	564,944,811,877	408,852,680,628	296	290
2115	3234	334,587,452,443	301,830,851,835	251	296
4300	146	486,1158,997,880	11,18,22,30	332	251
4304	2470	487,1158,1001,881	423,673,556,568	332	251
3473	2830	469,799,884,878	378,805,740,706	270	304
9756	2822	1039,2204,2831,2536	378,803,740,705	455	304
3517	4548	469,805,887,888	561,1123,1174,1125	270	316
9769	2374	1039,2209,2835,2539	379,651,497,499	455	270
6	17	1,2,2,0	3,3,6,8	193	341
55	35	30,33,35,10	51,10,17,7	227	259
83	29	38,33,25,32	30,7,7,9	262	227
74	86	39,55,167,140	38,55,93,181	285	297
50	89	10,16,49,33	31,44,124,139	214	285
8	33	2,0,0,0	29,17,14,23	227	258
5	33	0,0,0,0	33,17,16,23	221	258
29	33	25,23,15,25	33,17,16,23	227	258
12	15	8,10,2,0	6,4,6,2	335	221
27	9	27,34,6,25	2,0,0,0	262	227
12	48	8,10,2,0	44,34,24,28	335	227
25	22	31,33,8,25	10,6,7,2	262	227
32	34	62,26,12,14	36,24,13,32	291	262
15	34	43,23,14,12	41,40,13,25	280	291
199	106	54,298,56,50	9,120,36,19	230	191
20	23	6,11,3,0	1,5,2,2	239	209
63	10	15,12,9,5	1,7,1,1	234	239
56	18	5,8,11,8	6,6,2,0	211	234
14	91	8,8,9,6	118,120,119,133	228	247
197	1840	114,84,129,131	1418,865,956,1017	303	1705
57	14	14,14,10,33	6,3,0,0	228	271
38	2	28,10,17,11	1,3,0,0	525	220
38	0	28,10,17,11	2,0,0,0	525	247
38	2	28,10,17,11	0,5,0,0	525	220
38	0	28,10,17,11	0,2,0,0	525	216
38	0	28,10,17,11	1,0,0,0	525	247
38	27	28,10,17,11	16,9,4,0	525	271
38	14	28,10,17,11	6,3,0,0	525	247
38	15	28,10,17,11	10,6,4,0	525	271
38	10	28,10,17,11	3,0,1,2	525	226
2	0	1,3,0,0	2,0,0,0	220	247
2	0	0,5,0,0	1,0,0,0	220	247
2	27	0,5,0,0	16,9,4,0	220	271
2	14	0,5,0,0	6,3,0,0	220	247
0	14	0,2,0,0	6,3,0,0	220	271
0	27	0,2,0,0	16,9,4,0	216	271
0	14	0,2,0,0	6,3,0,0	216	247
0	14	0,2,0,2	6,3,0,0	216	271
0	27	1,0,0,0	16,9,4,0	247	271
0	14	1,0,0,0	6,3,0,0	247	247
13	6	10,6,4,0	9,0,2,2	271	226
15	10	10,6,4,0	3,0,1,2	271	226
70	236	37,49,33,16	108,146,133,161	290	284
51	19	14,9,17,28	5,5,7,4	265	219
5	89	5,9,3,3	40,46,56,43	213	329
90	784	44,37,43,63	440,366,479,494	215	464
723	125	447,321,271,339	51,43,59,58	464	197
84	30	53,39,83,61	16,7,9,7	197	204
84	263	53,39,83,61	82,92,145,120	197	206
32	254	16,8,15,7	124,125,135,125	206	248
141	249	62,43,135,113	123,125,131,125	206	248
49	17	40,32,27,31	38,16,39,24	319	263
49	20	40,32,27,31	47,16,40,26	319	281
0	5	3,0,0,0	33,7,1,0	182	218
0	6	3,0,0,0	15,6,2,0	182	176
21	4	21,4,43,37	4,1,0,0	289	211
4	0	0,2,1,3	0,0,1,0	245	335
48	91	107,43,27,18	104,58,36,43	246	260
112	33	45,72,45,46	42,64,54,60	222	241
3	13	2,0,0,0	41,12,6,3	197	317
166	250	11,6,21,42	9,8,6,22	252	278
71	2	121,116,141,168	70,10,4,4	309	239
33	70	12,15,9,12	13,33,22,46	282	270
186	4	218,120,79,114	3,2,0,0	267	251
52	159	4,32,40,29	6,50,94,71	236	302
35	25	44,39,20,34	58,38,34,80	242	237
48	40	43,61,23,61	43,67,50,73	263	242
4	3	3,2,0,3	3,0,0,2	220	277
75	31	54,42,23,41	59,10,6,7	247	245
19	31	12,3,7,11	7,0,6,20	347	403
2	31	0,0,1,0	7,0,6,20	205	403
19	31	12,3,7,11	7,0,6,20	347	415
2	31	0,0,1,0	7,0,6,20	205	415
2	19	0,0,1,0	12,3,7,11	205	347
13262	18599	1985,2554,1566,2139	1528,3586,2729,3103	357	327
74	33	100,38,20,2	35,4,6,14	346	227
37	53	8,2,4,4	18,5,24,7	221	221
54	163	15,22,28,18	46,62,34,91	241	291
40	26	14,7,5,2	8,19,12,8	242	267
904	508	115,201,143,158	43,95,76,111	365	314
1028	549	104,194,201,235	80,126,76,95	334	365
28	88	17,6,2,2	96,46,43,24	230	264
72	90	68,53,55,68	48,31,36,68	275	228
183	330	98,87,52,55	165,132,133,129	295	323
183	145	98,87,52,55	100,40,51,51	295	228
23	57	15,9,7,0	15,12,9,3	241	271
0	2	2,0,0,0	1,0,2,1	291	320
120	143	20,31,32,62	20,35,113,107	266	273
4	2	21,3,2,0	26,0,0,0	210	252
13	63	64,47,27,38	116,67,64,68	264	315
57	242	21,15,22,26	79,94,57,122	225	311
265	5	213,243,312,217	0,0,6,8	277	412
27	55	11,9,28,16	19,26,21,21	195	259
38	42	6,16,21,25	10,18,29,31	246	257
427	172	146,124,142,143	51,86,53,80	308	218
6	4	2,4,0,2	13,3,6,0	331	255
646	1618	332,210,101,54	504,357,405,464	265	262
288	28	359,267,239,212	23,21,21,25	294	294
237	28	329,201,189,198	23,21,21,25	1789	294
273	127	104,94,112,98	65,42,49,59	264	223
23	260	2,0,3,4	47,38,35,52	260	358
73	256	9,13,4,9	45,38,35,52	260	358
1	0	0,0,0,0	5,5,6,4	237	410
5	2	8,1,5,3	2,0,0,0	302	401
3	29	2,2,0,0	37,17,13,19	280	3141
0	428	1,0,1,0	441,193,205,174	239	1364
95	86	41,19,18,16	26,18,20,43	256	235
51	108	17,8,22,14	25,33,71,43	281	219
135	114	22,19,33,49	25,33,69,43	281	219
93	294	19,28,43,27	65,64,120,165	267	281
21	204	7,4,0,4	60,56,103,130	214	281
24	6	16,5,3,10	2,0,0,2	273	243
103	6	23,33,49,27	2,0,0,2	267	243
103	24	23,33,49,27	16,5,3,10	267	273
94	4	19,28,41,27	0,0,0,2	267	285
1	3	74,0,0,0	83,0,0,0	282	337
2	53	3,1,0,2	35,13,19,21	230	278
6	21	25,2,0,0	34,2,2,0	230	281
0	20	10,0,0,0	31,9,6,4	317	230
13	0	42,3,2,0	1,0,4,0	317	217
13	0	36,3,2,0	1,0,4,0	303	217
40	110	36,59,24,43	185,205,137,129	269	719
26	29	21,16,39,27	27,61,30,55	284	269
8	0	8,4,0,6	0,0,0,1	337	310
1071	251	336,797,438,411	66,218,79,87	1498	533
83	47	25,81,62,46	36,36,35,28	262	243
135	29	56,62,71,77	52,27,4,7	243	303
37	117	31,21,17,14	99,65,35,86	213	314
71	72	81,59,31,39	60,54,70,42	314	242
1	16	1,2,5,6	2,9,4,9	477	195
2	195	0,0,0,0	137,108,97,108	231	277
134	51	76,53,69,94	27,18,4,9	277	278
2	4	0,2,2,2	0,7,11,9	245	296
118	200	152,44,73,63	276,74,131,131	249	283
1171	863	148,204,318,342	107,149,194,277	339	318
9	864	1,1,1,4	107,151,194,277	229	318
52	8	81,11,10,27	24,2,1,3	212	189
111	78	92,65,87,51	72,57,55,40	234	250
75	360	142,51,14,26	158,185,153,150	316	237
7	45	23,5,6,5	60,26,31,33	320	471
1	55	4,2,4,0	74,28,43,33	268	471
43	18	62,29,39,33	9,5,3,3	471	295
47	21	63,31,42,33	14,12,2,6	471	295
33	23	24,13,6,6	19,16,19,16	295	374
30	29	28,6,6,3	25,14,17,10	295	263
30	152	28,6,6,3	439,113,181,185	295	3335
30	4	19,17,20,16	10,3,2,0	374	261
26	3	17,18,16,12	8,3,2,0	374	261
3	35	8,3,2,0	29,20,14,13	261	263
63	248	30,24,34,46	126,94,129,129	293	816
0	57	2,1,6,6	38,24,40,37	220	241
123	149	28,18,10,14	58,29,8,12	252	322
0	9	0,2,0,0	2,3,0,0	178	234
14	12	21,12,32,24	12,10,5,17	306	314
18	4	13,15,18,36	12,6,20,13	264	316
18	10	13,15,18,36	16,3,22,14	264	306
6	14	2,2,7,15	15,8,17,14	222	264
16	118	6,1,2,0	37,39,44,34	187	238
0	8	10,4,3,0	0,0,2,8	274	207
75	134	26,15,20,21	33,22,40,56	238	319
1	8	27,0,0,0	27,4,0,0	298	241
172	171	73,50,48,38	52,58,87,75	317	228
150	42	61,48,60,40	81,39,12,22	247	378
43	127	20,21,18,19	36,26,31,43	251	247
139	123	183,112,44,52	63,68,46,43	673	396
67	2	231,95,15,24	13,4,0,3	222	228
58	173	13,19,28,6	39,46,65,58	228	317
75	55	76,35,40,41	101,40,15,17	262	290
2684	9514	186,4,0,0	252,9,6,0	322	242
88	41	41,26,73,49	7,10,15,22	279	208
16	23	16,2,2,0	22,4,0,2	230	224
250	248	118,122,118,96	84,97,117,67	224	205
61	15	80,27,15,20	88,3,0,5	216	209
2	4	9,0,6,0	2,0,0,0	531	268
0	4	1,0,0,0	2,0,0,0	224	268
2	0	0,0,0,2	0,0,2,0	215	209
385	290	83,97,189,108	96,103,102,90	247	217
6	9	2,0,4,3	1,0,4,4	221	249
6	9	7,0,6,5	1,0,4,4	291	249
6	6	7,0,6,5	2,0,4,3	291	221
0	31	2,1,2,6	20,18,25,18	238	303
11	0	19,30,15,29	2,1,2,6	289	238
1	15	12,1,1,9	39,17,19,17	184	250
5	0	14,5,6,10	2,4,0,0	263	182
57	36	14,13,23,26	22,17,29,15	324	238
21	42	0,0,2,0	5,0,0,0	181	246
40	32	27,28,20,23	31,31,24,28	234	212
6	1	7,0,4,0	0,0,0,0	270	196
4	20	0,0,0,0	1,3,1,4	169	203
66	83	13,24,33,16	13,33,24,21	216	237
49	81	10,12,17,21	13,34,24,21	194	237
111	94	33,37,36,29	27,26,40,45	235	216
4	69	0,0,1,0	25,26,33,45	194	216
6	116	1,4,3,0	28,25,47,30	191	235
64	116	11,12,20,21	28,25,47,30	194	235
5	113	1,0,5,0	28,24,45,30	191	235
15	113	2,0,5,0	28,24,45,30	194	235
76	52	24,17,34,28	28,41,19,15	283	216
135	185	73,56,56,67	106,102,132,118	264	296
310	221	157,148,194,160	89,154,137,155	286	279
227	108	100,102,145,135	50,65,44,35	279	218
6	33	6,0,6,33	11,38,72,137	251	353
10	32	11,26,54,63	9,33,71,131	239	353
79	16	14,10,33,25	14,4,5,1	358	220
83	25	14,11,36,29	11,2,0,2	358	292
0	5	0,2,0,1	9,1,0,4	178	178
18	30	1,2,1,9	14,6,6,18	178	178
3	2	11,0,2,0	8,1,0,0	250	212
79	71	61,30,56,25	43,15,30,10	237	195
130	97	147,42,53,29	101,27,53,67	331	223
28	16	4,5,8,6	2,16,2,2	229	271
28	25	140,32,4,4	144,25,4,16	340	230
104	134	39,29,24,33	75,43,38,64	260	350
104	90	39,29,24,33	77,44,30,61	260	362
21	6	3,6,11,17	2,0,6,7	317	256
7	10	13,7,11,4	0,7,4,1	256	195
4	7	8,1,0,2	1,0,4,0	314	248
1	7	0,0,0,0	1,0,4,0	233	248
4	23	10,0,0,2	22,5,9,2	314	248
1	23	0,0,0,0	22,5,9,2	233	248
215	1619	33,44,28,52	137,296,472,415	263	562
2	4	17,0,0,0	140,8,2,0	373	833
4884	18	321,284,293,281	9,0,0,2	277	316
29	111	0,0,0,4	19,5,6,11	244	318
36	184	35,35,16,18	101,92,100,72	299	357
36	62	34,35,16,18	60,60,41,24	299	239
0	20	0,1,0,0	42,16,2,14	182	268
54	185	38,52,37,27	101,91,98,68	321	357
55	95	62,51,42,54	81,68,103,70	224	257
84	84	70,59,43,37	65,58,91,98	328	263
1907	3965	127,134,86,106	256,386,200,242	244	288
15	188	39,22,14,25	139,128,190,159	198	322
93	30	116,54,33,30	30,35,20,20	382	198
18	6	44,9,0,2	38,3,2,2	337	233
163	41	141,67,100,120	168,34,13,21	277	340
90	170	115,45,24,46	158,76,129,108	239	277
90	101	136,56,34,38	107,54,71,68	261	239
184	156	69,58,76,99	37,28,64,102	257	194
262	282	122,146,272,272	165,147,205,213	335	347
5	4	5,0,0,0	8,0,0,2	236	267
16	18	4,4,1,2	13,5,0,2	198	296
237	282	43,96,69,78	63,134,145,160	221	241
465	4574	505,205,23,49	676,1096,728,1135	297	339
31	66	29,39,38,34	60,63,41,63	251	279
44	66	36,18,27,34	40,39,40,38	251	294
2	69	3,5,6,0	25,12,23,25	278	202
4	142	0,0,0,0	261,128,87,62	233	361
155	50	209,92,134,136	72,36,20,48	305	268
73	57	136,104,60,34	99,50,22,32	268	241
30	72	52,21,21,37	165,72,43,54	241	309
42	403	42,38,18,17	189,119,252,229	248	221
45	42	57,21,15,32	84,120,62,98	332	332
17	95	57,5,0,7	42,36,34,22	306	287
74	69	63,36,19,35	57,23,31,13	287	378
0	137	3,0,0,0	95,56,57,26	263	378
1	63	8,0,0,0	155,6,19,18	275	275
342	102	209,58,81,42	141,38,27,10	225	225
358	149	117,174,250,194	44,79,77,101	302	219
36	156	11,17,20,18	63,145,97,96	340	226
288	793	51,10,15,8	175,23,47,39	248	398
899	981	93,22,39,34	165,60,28,50	314	354
1	34	0,0,0,0	71,41,42,72	220	257
10	20	10,5,7,7	16,23,8,15	290	247
8	200	175,0,0,0	600,84,30,99	242	191
6471	4525	1439,1579,3160,1769	1255,1152,1840,1122	260	264
7295	5082	1522,1691,3140,1775	975,1195,1726,1150	264	263
4252	5124	1185,1232,1832,956	1016,1169,1942,1311	263	245
4006	10807	792,921,1333,993	1913,2979,4329,2289	245	416
0	192	4,0,2,2	223,154,135,154	182	343
0	158	4,0,2,2	161,121,123,136	182	291
336	154	310,238,206,252	122,89,37,81	241	205
18	2	13,3,0,0	3,0,0,0	335	335
4	12	0,0,2,0	6,0,0,5	208	655
235	247	120,98,120,133	92,100,131,230	287	280
0	4	3,0,0,0	0,2,0,0	269	275
155	1253	17,55,144,107	136,521,853,622	208	859
114	143	32,33,49,67	51,44,90,89	226	216
111	70	65,61,41,61	29,19,33,29	503	285
34	70	16,3,5,8	29,19,33,29	243	285
10	27	10,8,0,8	17,23,8,16	186	258
158	345	141,31,19,25	263,26,65,78	257	292
0	4	0,0,2,1	6,3,0,2	352	547
7	2	1,4,10,10	8,8,13,15	258	237
81	539	42,17,45,41	223,373,519,383	213	213
515	537	151,329,494,330	216,400,316,284	221	212
57	75	33,34,14,25	26,21,35,22	271	354
4	8	2,0,4,4	7,7,4,10	176	251
683	2149	812,554,281,268	1726,1236,1658,1196	232	245
683	45	812,554,281,268	26,4,15,33	232	239
56	312	194,28,9,24	432,205,110,128	232	229
198	107	76,91,76,78	46,30,64,67	329	244
53	68	76,40,57,90	64,37,40,95	268	280
25	4	19,27,17,15	4,0,6,8	234	320
125	72	109,129,131,146	108,128,117,136	360	328
128	153	87,112,105,141	81,124,119,134	302	342
26	43	12,10,17,20	39,17,33,36	234	329
1407	13263	1730,494,110,98	1840,2713,2433,1482	266	276
2	2	14,0,0,0	10,0,4,0	432	325
0	8	10,1,2,0	5,2,0,0	325	388
59	61	24,36,68,63	31,43,67,72	312	293
61	54	27,42,58,75	31,58,101,77	293	293
47	52	30,53,84,73	28,52,85,104	293	299
0	57	2,0,0,0	199,15,3,3	424	269
179	263	45,45,59,66	113,53,61,113	258	290
131	23	126,70,68,70	34,10,14,6	231	185
33	29	7,14,28,26	2,20,17,9	323	318
31	75	9,7,2,9	24,16,12,10	233	274
11	9	8,13,0,5	13,0,0,2	242	244
0	2	12,2,1,0	3,0,0,0	323	322
139	147	87,37,41,60	88,49,32,60	347	288
2	0	4,2,0,0	6,0,0,0	242	218
5	54	79,0,0,2	261,54,27,58	260	263
28	110	32,16,12,9	53,30,54,35	323	293
446	21	178,259,223,264	13,10,4,2	257	203
135	4	126,69,35,45	8,7,5,4	260	257
141	172	27,69,62,54	62,71,74,40	317	326
154	213	176,110,51,60	132,111,172,102	263	263
92	303	96,50,25,32	109,160,359,213	263	211
0	2	9,0,0,0	3,0,6,2	338	338
727	741	441,337,489,569	485,355,372,433	261	291
12	27	56,0,2,3	66,11,3,6	273	259
0	5	7,0,0,0	38,2,2,1	306	230
0	7	7,0,0,0	56,4,2,4	306	265
0	5	7,0,0,0	41,4,2,3	306	310
113	445	68,57,29,35	134,150,252,253	296	343
87	210	64,26,19,28	69,89,113,124	338	317
0	2	23,7,0,0	16,4,0,0	311	380
73	184	29,27,24,39	111,91,42,53	185	241
18	0	36,3,5,5	3,0,0,0	389	189
80	89	65,14,6,39	45,32,34,19	247	216
128	29	100,40,12,23	28,4,2,2	371	344
4	2	5,0,2,0	0,0,0,0	193	278
2	3	4,0,0,0	6,0,0,2	247	232
12	74	2,20,11,7	15,61,44,30	207	250
16	162	22,17,7,5	41,85,78,64	271	255
10	162	6,0,0,2	41,85,78,64	272	255
17	162	13,14,10,9	41,85,78,64	289	255
18	8	11,4,3,1	13,3,7,8	246	570
0	2	0,0,0,2	0,0,2,0	278	236
238	79	2,5,3,6	4,8,5,3	330	256
94	90	4,2,8,2	10,8,0,0	256	231
12	43	23,25,12,23	49,95,88,81	183	217
93	60	82,123,128,110	86,78,45,50	260	268
149	75	140,161,169,146	88,74,63,51	268	249
114153	93385	53595,272357,322111,189957	37079,259163,186758,106768	333	295
11606	174648	28395,43760,7242,5994	57609,418578,492278,258946	275	333
297	112	83,73,107,96	52,18,19,46	296	245
191	204	112,76,70,58	61,40,72,72	308	296
191	306	93,27,60,100	113,100,136,107	290	308
71	142	32,12,12,16	88,52,33,53	284	290
68	140	35,34,20,27	88,52,35,53	284	290
44	208	34,2,2,5	101,52,71,88	296	284
47	196	28,12,20,13	101,43,94,104	182	284
118	12	85,35,96,79	6,1,6,4	203	182
84	81	18,50,18,43	8,56,11,43	245	230
24	8	2,1,1,5	0,3,0,6	466	338
8	15	14,0,0,2	29,12,10,13	341	295
98	130	33,30,21,28	80,52,26,29	222	281
3	14	2,0,0,2	3,8,3,6	221	290
68	35	33,13,8,21	11,12,7,19	413	272
20	3	103,1,2,0	53,0,0,0	299	272
0	2	6,0,0,0	7,0,0,0	176	225
100	4	407,49,74,63	215,14,3,0	300	238
14	54	218,8,3,4	473,26,14,26	253	335
4	17	182,6,11,14	93,0,4,4	250	200
0	2	4,0,0,0	4,2,0,0	328	231
0	6	4,0,0,0	7,6,0,0	328	231
0	6	7,0,0,0	3,4,0,0	268	231
2	0	11,2,0,0	4,0,0,0	268	328
6	6	0,0,0,0	3,0,4,0	273	355
1765	457	258,392,247,297	264,87,29,39	278	313
3567	1366	748,691,550,558	247,200,205,220	390	278
0	7	0,0,0,2	25,3,2,7	233	311
0	5	0,0,0,2	18,0,0,6	233	288
0	3	0,0,0,2	16,0,0,0	233	277
11	36	0,1,1,2	21,4,20,10	245	302
13	115	37,10,4,3	41,63,75,69	277	258
202	473	47,74,95,82	119,208,212,165	236	342
347	116	51,167,354,185	29,77,48,40	387	315
15	100	11,6,6,14	47,50,43,57	229	256
2	100	0,0,0,0	47,50,43,57	199	256
115	173	36,40,39,26	118,114,137,140	256	313
3	49	1,0,0,0	51,26,18,10	195	218
62	44	29,10,31,55	23,13,32,31	224	223
29	70	22,13,18,16	41,18,39,30	221	224
5	26	7,8,3,2	40,22,23,10	220	326
9	16	60,9,14,11	13,15,7,8	326	309
33	8	21,27,22,10	24,11,1,4	309	364
19	1	2,11,22,22	0,1,4,0	210	241
58	38	91,38,41,24	65,13,4,5	433	257
9	259	4,0,4,6	146,109,113,169	210	333
3	1535	0,0,1,4	540,266,427,319	219	219
487	434	297,105,89,51	137,83,136,107	254	206
10	0	6,0,0,0	14,0,0,0	234	322
2	5	11,10,6,4	7,10,7,10	278	234
5	16	8,10,25,12	14,22,32,29	184	315
4	58	4,0,6,0	30,18,60,42	238	219
187	45	7,8,40,11	2,12,15,2	329	283
14	13	9,16,7,27	14,3,4,3	345	309
16	9	2,7,10,2	0,2,4,4	309	224
5	20	4,0,2,1	0,3,5,8	221	215
11	20	5,9,5,0	0,3,5,8	226	215
11	5	5,9,5,0	4,0,2,1	226	221
5	206	9,1,1,7	186,103,69,91	216	312
5	183	14,0,4,8	152,87,102,178	242	283
71	32	43,48,68,71	14,17,5,7	247	220
119	28	63,94,109,145	19,25,38,25	347	230
8	7	13,0,5,8	3,2,0,6	210	335
1	2	2,0,0,0	2,2,1,0	292	376
176	63	100,115,200,151	38,52,41,19	278	201
27	2	21,11,9,29	10,2,2,0	242	291
27	0	22,11,9,30	5,1,0,0	242	291
13	1	24,4,8,4	16,0,2,4	294	335
1	8	15,2,2,4	3,8,1,11	383	243
3	8	19,2,4,4	3,8,1,11	335	243
1	5	7,4,0,0	0,0,0,0	383	279
1	5	6,4,0,0	0,0,0,0	349	279
53	69	12,37,15,32	2,38,50,45	263	260
9342	2564	1529,1979,1617,2198	1420,752,245,459	320	325
10	0	19,9,8,0	0,0,6,0	1340	266
77	58	48,66,54,49	48,74,35,38	218	278
121	27	58,84,74,66	21,25,31,12	288	218
82	149	68,54,36,48	104,99,114,139	283	283
215	173	167,147,160,191	122,129,157,132	274	307
901	750	335,450,425,249	228,384,320,221	299	269
301	273	105,116,89,35	81,114,186,101	259	299
13	13	1,1,1,4	1,3,0,3	236	252
13	8	1,1,1,4	1,4,0,1	236	186
963	1160	334,263,220,168	371,262,381,336	326	299
10	127	12,2,5,3	554,140,142,156	245	321
120	20	434,121,154,177	115,26,71,62	299	236
36	83	273,54,28,37	379,59,82,111	247	311
105	39	53,51,48,63	17,16,5,9	299	216
43	84	54,44,22,20	117,42,81,24	341	278
25	79	8,14,5,2	26,41,32,41	248	306
78	79	33,15,22,39	26,41,32,41	273	306
58	51	39,29,34,36	28,20,11,31	288	297
58	126	39,29,34,36	38,35,63,95	288	2804
39	123	6,16,17,23	230,140,58,75	224	308
43	102	6,20,25,24	123,110,67,71	224	308
43	87	6,20,25,24	44,62,78,51	224	209
102	87	123,110,67,71	44,62,78,51	308	209
39	47	4,14,22,4	23,23,22,20	215	276
56	42	19,15,17,13	15,14,11,13	286	215
60	131	11,9,12,5	60,31,30,11	220	347
63	30	15,11,11,12	12,10,19,12	267	220
6	0	3,2,0,4	0,0,2,0	198	195
7	8	4,2,0,9	4,1,2,3	198	195
17	5	7,5,0,0	9,0,6,4	227	231
0	4	4,0,0,0	11,0,0,0	321	270
2	4	0,0,0,0	11,0,0,0	247	270
0	4	7,0,2,0	11,0,0,0	302	270
0	4	2,0,0,0	11,0,0,0	271	270
2	0	0,0,0,0	4,0,0,0	247	321
0	2	7,0,2,0	0,0,0,0	302	247
0	2	2,0,0,0	0,0,0,0	271	247
304	0	110,210,164,133	1,4,0,0	281	266
381	237	134,244,282,315	104,146,131,155	299	243
0	3	0,0,0,1	1,8,1,1	234	213
115	67	14,45,61,52	13,30,24,37	320	291
56	71	12,33,46,30	12,33,28,25	284	320
9036	21868	4169,1361,1119,898	13557,2947,2493,2218	295	523
178	125	95,96,73,110	74,56,92,120	292	226
136	100	7,22,39,30	4,22,16,35	341	230
19	104	0,2,0,2	14,21,35,31	230	237
82	99	5,17,29,27	14,20,32,29	230	237
156	157	132,67,99,79	131,98,121,119	669	358
64	157	94,41,71,73	131,98,121,119	437	358
106	197	22,40,37,29	33,51,62,56	237	289
237	301	138,86,16,10	107,74,30,44	249	194
409	76	250,118,172,141	34,27,39,28	412	198
0	6	0,0,1,10	0,1,1,0	205	286
62	24	29,13,34,24	8,4,4,13	254	164
2	180	0,0,0,0	197,107,96,64	187	256
177	354	192,95,107,90	91,146,167,104	322	224
2507	75	430,690,654,806	6,15,9,14	3604	240
86	55	12,15,70,51	8,8,26,22	287	257
124	42	16,60,61,58	11,15,23,15	257	267
51	145	10,26,10,24	62,93,70,93	245	337
684	286	182,259,302,266	35,117,147,67	321	227
4	6	21,8,0,2	13,0,2,2	284	308
16	0	41,13,0,1	9,6,0,0	299	284
42	0	18,39,27,24	2,0,0,0	257	188
234	108	59,83,70,96	22,34,40,37	333	273
16	31	18,13,4,3	18,26,14,28	274	283
529	365	432,185,207,226	269,119,64,143	305	293
81	18	65,23,25,53	35,4,2,0	227	239
2	0	0,0,9,2	1,0,2,0	176	303
41	282	18,30,27,13	81,103,139,98	209	235
41	212	18,31,27,12	109,165,85,79	209	301
294	81	96,174,162,99	23,52,29,9	263	209
255	171	69,124,100,85	81,88,93,77	242	263
5	39	0,0,4,0	58,33,6,14	239	281
41	39	29,31,30,44	58,33,6,14	241	281
41	5	29,31,30,44	0,0,4,0	241	239
105	94	52,53,94,81	93,70,46,56	301	360
1096	138	986,560,904,639	163,71,123,84	1009	267
155	4703	605,138,25,28	2900,2699,3489,2357	294	278
19	4703	252,48,2,7	2900,2699,3489,2357	289	278
54	28	23,7,3,4	16,14,14,24	241	232
63	105	34,17,29,24	42,72,54,23	257	307
1558	1591	845,850,489,441	717,792,420,488	359	342
2321	1805	1028,1221,654,606	788,1039,589,526	456	359
174	93	127,64,109,114	101,34,29,85	305	312
11	23	3,7,10,6	41,13,2,23	272	254
26	0	37,19,4,0	2,0,0,0	399	382
26	0	37,19,4,0	0,0,2,0	399	252
0	4	3,0,0,0	6,2,0,0	270	278
1549	9593	197,40,99,38	1012,155,842,324	237	381
1839	5565	529,43,83,47	442,67,561,228	291	237
10	10	18,5,1,10	13,1,0,6	416	224
102	0	13,71,75,71	0,9,2,0	265	253
46	77	10,30,15,22	2,38,52,30	292	265
46	4	10,33,15,22	0,3,8,0	292	265
236	17	86,81,94,123	21,0,3,1	364	233
71	66	54,32,32,27	27,28,21,31	322	231
152	74	75,59,64,87	54,33,25,44	290	322
254	145	98,162,212,213	77,87,97,119	309	251
473	616	202,148,242,278	201,189,324,379	308	319
490	390	28,191,171,219	26,108,68,136	279	272
484	211	37,196,147,165	19,55,65,76	272	248
22	42	20,14,12,22	31,5,32,55	233	231
22	32	19,18,9,22	9,10,20,36	233	195
8	1	3,3,4,2	7,10,23,5	233	300
505	1705	318,340,306,316	722,952,1298,1240	263	323
231	166	50,76,90,77	73,75,70,98	274	229
229	148	50,78,90,77	35,82,81,54	274	273
178	203	102,81,91,109	54,89,97,101	263	249
358	203	116,145,257,263	56,89,95,101	304	249
22	77	124,38,8,10	217,153,173,115	260	333
0	136	10,0,0,0	79,44,84,70	239	450
68	49	20,27,15,25	58,31,27,23	200	299
137	86	52,61,22,56	25,28,36,21	264	236
0	326	0,0,0,4	113,148,141,173	184	224
518	229	253,188,243,250	155,109,174,148	351	233
32	7	40,26,6,13	42,7,8,7	413	425
688	538	390,236,262,384	348,198,258,447	299	295
241	133	134,32,44,61	70,28,61,39	637	265
186	356	211,87,36,30	221,147,105,94	215	203
235	19	77,70,41,35	38,0,0,0	222	304
61	88	158,89,25,22	156,135,42,68	272	251
423	102	263,318,269,248	92,146,64,82	280	230
104	219	137,124,67,105	169,145,223,216	239	267
189	138	186,57,71,126	157,70,88,60	274	245
220	169	118,83,133,125	157,63,51,96	256	242
34	12	6,4,1,2	5,0,0,3	362	196
26	10	27,5,3,0	6,0,0,3	356	196
89	365	33,12,21,60	127,104,112,179	284	414
306	9	54,47,57,41	6,9,0,2	281	186
92	119	19,11,17,10	16,35,31,16	186	228
101	438	23,30,14,3	56,83,165,101	228	252
524	118	81,136,141,130	59,21,19,20	252	252
481	117	60,79,102,128	52,22,13,15	252	248
102	64	53,29,27,14	21,12,18,14	248	203
46	28	34,5,10,6	53,7,2,4	203	290
171	162	385,848,1238,843	380,800,1257,851	221	224
290	382	482,1100,1511,1243	705,1671,1662,1303	224	296
8	8	6,6,1,6	25,8,2,2	309	470
76	79	69,41,41,47	53,37,50,25	318	264
22	113	172,40,2,10	174,107,20,34	262	277
38	113	223,56,12,15	174,107,20,34	299	277
261	358	141,131,70,50	289,250,157,130	224	268
424	333	234,250,150,134	188,210,273,215	268	232
3090	78	1314,1661,1631,1154	19,11,29,11	721	263
70	60	23,22,4,27	94,54,12,17	236	276
70	0	23,22,4,27	53,3,0,0	236	328
323	2	53,107,109,101	0,0,0,0	222	222
103	149	27,18,14,17	17,42,50,60	244	209
44	14	42,74,50,41	32,21,7,13	337	265
9	14	5,4,8,4	34,17,7,13	281	265
5	14	2,2,0,4	34,17,7,13	255	265
63	265	4,0,0,0	11,0,2,0	201	233
125	111	9,0,2,0	4,0,0,0	276	201
367	11	194,61,200,160	7,5,0,8	268	306
244	269	99,65,127,82	67,65,80,40	270	237
171	337	47,30,35,42	71,56,62,67	247	278
171	82	47,28,35,43	22,27,14,31	247	214
267	312	71,189,181,84	113,211,256,139	320	278
220	3	59,120,129,104	0,0,0,0	233	207
616	766	374,335,237,281	272,413,469,446	276	248
42	75	13,33,16,22	65,78,85,58	212	248
56	78	36,26,45,42	66,63,61,78	248	275
266	15	135,93,143,123	3,3,6,1	204	234
4	200	18,1,0,0	142,107,69,83	271	501
4	2	18,1,0,0	13,3,4,0	271	349
4	2	18,1,0,0	11,3,5,2	271	195
180	2	141,99,56,82	11,3,4,0	501	195
200	2	142,107,69,83	13,3,4,0	501	349
200	2	142,107,69,83	11,3,5,2	501	195
192	2	146,102,60,94	13,3,4,0	501	195
20	31	45,12,6,10	83,17,9,32	357	431
14	16	27,11,0,2	43,10,7,9	253	357
0	11	23,0,0,0	28,0,0,4	239	329
25	8	20,17,22,18	2,0,0,0	189	233
11	8	45,6,4,2	0,1,2,2	283	432
23	47	44,24,7,12	14,2,2,9	403	254
12	23	17,2,0,0	23,2,1,8	283	254
9	71	58,6,0,5	40,1,11,10	402	248
7	4	69,5,0,4	8,0,8,1	279	312
9	53	2,0,0,0	6,0,0,0	264	226
2	270	61,2,0,0	348,184,259,310	172	265
106	58	429,100,32,37	42,33,40,33	380	172
68	217	180,47,33,32	180,129,161,145	355	252
314	268	472,288,245,279	203,152,169,155	423	252
314	53	471,287,246,279	26,23,9,12	423	252
314	219	471,287,246,279	229,132,144,164	423	270
314	299	471,289,245,279	399,177,163,142	423	347
53	219	26,23,9,12	229,132,144,164	252	270
215	299	196,123,169,163	399,177,163,142	270	347
122	81	91,57,97,92	63,30,51,67	343	248
34	15	24,20,32,48	8,8,17,13	242	181
31	43	16,18,32,20	49,29,34,42	239	242
42	112	25,30,45,31	43,46,65,69	161	176
6	218	0,0,0,2	457,123,98,140	194	347
204	163	341,265,291,202	280,247,217,164	277	300
111	34	263,196,117,95	40,33,48,38	294	277
111	380	263,196,117,95	394,426,564,504	294	277
310	1086	156,118,142,173	452,512,643,787	245	423
12	29	11,17,19,12	12,7,17,2	280	324
23	7	42,16,23,27	11,4,3,1	326	288
19	9	84,18,4,0	2,3,0,0	256	326
19	0	84,18,4,0	0,3,0,0	256	237
27	87	15,12,7,12	47,48,73,45	222	236
733	799	540,357,226,326	407,295,326,359	325	284
306	492	232,127,82,68	265,227,210,204	241	257
12	5	12,13,2,5	7,4,1,6	293	275
2	0	14,2,0,2	3,1,0,0	327	267
2	0	0,0,0,0	6,0,0,0	262	318
2	0	0,0,0,0	8,0,0,2	262	393
2	0	0,0,0,0	6,0,0,0	236	318
2	0	0,0,0,0	8,0,0,2	236	393
2	4	1,0,1,0	1,1,0,0	251	240
5	3	1,0,0,0	6,4,1,3	248	221
24	6	42,17,18,30	28,3,2,6	271	227
4	2	7,2,2,0	20,4,0,1	294	502
0	3	1,0,0,0	79,1,0,0	269	344
1	0	0,0,0,0	0,2,0,0	423	222
26	0	31,4,2,2	23,0,0,0	335	230
123	26	72,46,18,18	51,16,5,8	218	206
3	1	2,1,0,6	0,1,0,3	286	204
2	1	2,0,0,2	0,1,0,3	271	204
0	149	2,0,0,2	25,60,93,48	271	399
0	123	2,1,0,0	24,56,84,47	206	399
76	42	16,34,57,21	7,25,15,18	399	255
104	43	17,38,66,22	7,25,15,18	399	255
51	26	33,28,36,30	35,17,40,30	285	219
51	0	33,28,36,30	12,4,2,0	285	219
161	234	133,85,120,80	181,158,181,138	247	276
58	49	27,26,22,23	42,3,14,13	282	238
0	8	0,4,1,0	0,13,13,4	239	279
94	32	83,42,22,47	84,19,6,9	269	280
0	2	40,0,0,0	20,2,0,0	441	298
50	101	6,8,45,37	10,20,46,80	200	240
131	5	28,48,69,61	0,3,6,0	221	221
14	33	0,4,6,3	0,1,13,11	266	248
0	24	9,3,4,0	11,12,14,17	223	243
23	41	55,14,5,4	33,20,25,39	196	234
1274	797	132,244,257,113	195,156,189,70	258	268
1267	127	128,241,257,113	75,28,5,9	258	268
162	167	124,83,41,38	66,69,104,55	263	206
112	163	8,60,23,37	8,63,51,91	216	191
1	3	2,0,0,0	13,4,0,0	230	307
87	39	20,35,80,104	20,11,31,25	322	218
3	18	6,20,17,19	8,31,60,26	265	212
47	18	63,123,97,95	9,43,60,31	265	212
47	28	63,114,95,83	34,66,104,76	265	294
47	18	65,117,96,85	26,45,55,26	265	281
35	28	46,53,144,102	34,72,109,87	212	294
30	18	46,49,140,102	26,45,58,26	212	281
34	12	49,50,139,102	58,68,60,74	212	400
2	1	12,12,12,30	3,0,3,3	195	247
0	16	13,11,8,25	26,28,41,20	195	383
0	34	13,11,8,25	54,67,90,48	195	494
2	32	17,23,34,26	20,16,24,17	247	316
1	35	11,16,27,22	55,67,91,49	247	494
26	18	73,92,91,110	21,20,25,40	491	340
3	13	6,5,6,8	11,5,11,17	224	237
23	10	21,38,24,33	14,3,8,9	237	440
13	8	5,6,16,16	53,24,30,19	226	321
11	14	6,7,10,14	14,22,30,38	226	239
7	4	6,15,14,18	9,5,12,9	365	240
7	11	2,12,15,18	27,19,42,49	365	379
14	4	38,28,42,33	5,9,4,9	402	228
10	4	20,12,7,15	6,11,33,12	266	308
0	6	9,0,6,6	12,3,6,7	290	365
100	148	85,30,23,54	86,59,62,74	256	265
25	25	8,15,6,7	4,6,6,4	258	326
122	129	95,92,104,133	76,65,128,141	343	288
11	12	0,4,0,2	5,4,6,10	305	312
25	17	2,2,1,5	6,7,7,11	222	312
98	178	63,0,13,7	68,4,13,4	335	262
2	2	14,7,0,0	15,5,0,0	210	245
0	53	3,1,0,0	44,34,15,12	245	339
2	17	0,1,0,4	21,6,6,8	264	240
0	17	24,2,2,0	21,6,6,8	260	240
0	2	24,2,2,0	0,1,0,4	260	264
27	6	77,19,15,6	10,4,2,0	594	260
66	5	6,4,13,0	0,0,0,0	890	285
9	9	23,5,6,0	13,3,0,8	497	431
0	8	0,0,1,0	9,7,4,8	170	251
9	47	3,1,2,2	14,15,2,4	251	206
69	50	43,18,4,9	14,15,4,4	251	206
7	50	3,0,0,2	14,15,4,4	277	206
18	31	33,14,18,28	28,26,33,30	223	296
17	33	21,16,19,22	31,27,35,35	269	296
214	236	65,83,68,53	96,73,104,67	191	235
250	199	80,108,148,95	72,71,97,98	194	191
407	3	224,244,250,245	6,1,0,1	454	184
254	408	160,124,64,75	242,242,231,239	363	454
4	5	2,0,0,0	2,0,2,0	400	256
37	164	9,0,4,2	18,39,16,24	185	375
13	1	12,9,6,6	13,2,2,0	367	243
0	245	3,0,0,0	125,117,120,117	222	324
2	235	0,0,0,0	141,111,38,64	223	272
183	290	73,74,106,244	135,182,221,292	323	225
353	290	176,183,208,343	135,182,221,292	305	225
176	594	74,84,106,127	331,293,408,472	225	286
0	594	0,0,0,2	331,293,408,472	222	286
511	355	249,299,362,474	220,168,176,292	286	253
283	365	119,92,134,164	279,290,246,305	203	362
226	198	308,142,99,176	126,85,85,128	311	271
0	4	9,2,0,2	3,0,0,1	341	232
431	74	78,163,162,190	27,23,14,6	230	244
1	0	0,3,4,6	0,1,0,0	246	238
12	147	12,2,4,0	79,54,40,48	207	242
106	176	138,64,60,29	297,83,128,125	207	264
26	80	29,15,15,26	107,28,43,45	226	207
5	76	6,1,0,8	109,26,41,40	218	207
133	119	81,57,72,49	164,46,49,59	218	226
131	116	101,28,57,48	156,45,48,55	247	226
169	109	124,81,88,74	127,65,66,41	218	209
182	19	191,66,70,91	29,11,10,7	269	218
187	80	193,65,74,89	98,33,42,63	269	218
137	5	107,29,58,55	4,3,11,4	247	226
35	4	17,21,24,27	8,9,0,2	214	177
189	189	57,26,57,93	47,29,58,52	347	344
131	88	58,20,40,54	33,13,23,49	247	347
156	119	52,20,39,42	52,15,25,67	247	347
20	54	48,14,4,11	95,39,26,26	269	257
16	6	0,2,0,2	1,8,2,2	211	247
21	6	6,6,2,1	0,8,2,2	243	247
225	171	103,107,98,109	48,65,86,91	321	275
18	56	62,14,21,0	61,24,21,29	216	280
26	67	6,5,11,25	28,32,93,97	200	222
89	28	29,36,19,25	13,9,11,7	308	316
4	4	95,18,62,52	0,0,0,4	242	242
8	4	96,26,43,35	0,0,0,4	242	242
8	4	96,26,43,35	95,18,62,52	242	242
8	23	96,27,36,37	113,6,39,23	242	242
2	8	5,0,2,2	47,0,6,0	242	242
2	2	8,0,2,2	12,2,0,0	242	242
12	2	104,24,34,33	18,0,0,1	242	242
2	0	5,0,2,2	10,0,4,8	242	242
2	0	5,0,2,2	4,0,2,0	242	242
28	35	153,57,266,188	152,94,248,184	254	254
0	41	0,0,0,2	301,150,503,484	254	254
196	249	64,110,109,83	61,84,119,104	244	232
210	228	88,100,122,126	129,75,143,200	279	305
1	1	0,0,0,0	0,5,2,0	232	302
18	18	42,21,9,7	53,9,0,8	250	289
9	3	0,0,1,1	4,0,0,0	205	181
76	2	57,4,3,2	0,0,0,0	323	227
5	13	1,0,0,0	29,6,0,2	223	625
175	757	55,57,90,114	217,302,339,360	316	342
565	781	171,198,198,217	163,334,385,386	342	317
35	89	13,15,19,29	36,50,75,92	233	355
20	154	22,13,12,5	101,70,99,101	245	230
24	154	14,3,6,0	101,70,99,101	298	230
6	5	2,0,0,0	15,2,4,0	247	233
2	1	0,0,0,0	0,2,0,0	241	241
44	17	16,24,40,39	11,34,21,8	284	309
85	137	35,36,56,47	40,39,24,45	260	316
67	8	4,2,4,11	1,0,0,0	241	241
4	88	0,0,0,0	5,3,26,3	278	268
87	115	23,22,19,7	25,44,36,37	192	228
247	59	41,61,80,58	21,31,26,22	257	192
45	1	35,13,57,56	2,0,1,0	320	239
0	242	23,2,0,1	160,114,138,101	224	253
26	57	17,16,5,2	24,20,28,20	289	256
0	2	6,1,4,5	2,0,0,0	288	243
122	166	20,48,87,36	71,47,93,87	225	270
1	134	1,2,1,3	150,76,74,83	221	221
5401	8598	887,1840,1526,1385	1831,3511,2361,2412	211	262
8675	3555	1212,3522,2067,1779	1791,2270,413,405	262	300
785	86	41,1128,1245,945	8,194,95,70	720	276
4	142	0,0,0,0	70,45,98,70	258	1185
68	19	77,11,38,41	24,4,2,7	287	217
141	156	53,92,69,50	68,106,115,79	349	362
448	600	24,196,335,217	31,199,765,487	275	275
423	594	32,135,306,216	31,199,758,486	275	275
27	6	9,3,6,6	2,12,11,23	438	227
40	0	13,9,16,11	0,1,0,0	438	227
2	3	0,0,0,0	0,0,4,0	244	241
51	30	15,8,6,20	18,12,0,10	220	297
7	0	4,2,2,2	2,0,0,0	176	256
548	1169	271,142,80,109	640,291,201,172	309	476
512	1265	140,72,86,53	392,294,333,203	302	383
481	890	119,66,60,68	341,218,166,148	383	302
43	120	24,13,8,18	60,39,28,17	316	218
16	1672	0,0,2,1	1480,821,1190,1221	222	272
92	58	34,35,45,54	70,32,91,61	218	299
2977	3149	646,18,10,11	510,25,0,23	290	230
2977	3194	646,18,10,11	524,25,0,23	290	233
555	1261	168,11,0,4	254,9,6,8	188	290
556	2666	171,11,0,4	513,24,8,14	188	290
1	0	13,0,2,6	1,0,0,0	401	221
110	74	69,48,23,50	56,26,21,25	297	302
0	4	2,0,0,0	2,0,0,4	269	264
13	312	0,3,2,2	85,130,94,64	208	217
7	202	37,2,2,7	87,87,77,89	314	299
233	94	151,76,77,114	75,71,53,102	446	290
11	0	14,7,0,4	2,0,0,0	612	190
6	0	16,7,0,3	2,0,0,0	206	190
2	255	3,1,0,0	16,76,86,118	345	235
6	18	4,0,1,0	0,4,15,14	313	330
49	27	18,20,40,36	18,16,34,25	318	391
35	101	17,11,26,13	17,32,39,37	311	308
18	26	12,2,2,12	6,8,4,15	256	272
36	100	7,12,5,8	15,26,37,31	272	308
45	70	7,13,12,21	10,15,19,18	308	267
59	78	12,9,12,33	10,15,17,20	308	267
62	79	8,15,14,30	12,16,17,20	308	267
33	142	9,12,10,9	15,81,98,102	265	282
474	336	251,228,175,185	268,161,64,88	278	295
315	283	195,138,92,77	140,126,95,136	295	233
10	10	0,6,10,4	2,2,3,16	238	272
21	10	0,8,23,7	2,1,6,6	266	238
1568	1922	134,192,231,186	105,203,256,213	244	254
64	169	18,9,1,5	41,45,70,78	236	236
117	182	125,33,45,36	152,77,126,124	260	210
88	133	84,86,58,50	43,129,138,101	328	303
176	131	58,133,171,132	55,103,108,173	247	242
3	5	13,1,3,2	49,17,24,18	234	342
7	0	0,7,0,4	4,0,0,0	207	224
108	180	22,28,43,20	46,53,83,74	257	366
9	10	2,0,13,6	0,0,2,5	292	380
9	7	2,0,13,6	0,5,6,11	292	300
10	7	0,0,2,5	0,5,6,11	380	300
52	331	11,5,2,21	93,83,160,149	210	258
337	64	61,67,129,128	23,8,26,28	258	199
1	40	7,3,1,1	8,24,39,29	231	190
10	40	12,5,6,5	8,24,39,29	255	190
1	198	7,3,1,1	66,136,182,161	231	243
10	198	12,5,6,5	66,136,182,161	255	243
1502	655	421,208,291,277	299,129,63,98	1137	239
5	4	2,2,0,2	34,3,0,0	248	367
385	160	125,142,132,183	78,50,47,70	232	204
0	487	0,0,0,2	223,163,153,215	267	204
179	120	104,87,66,106	49,62,60,105	480	255
148	120	94,81,64,100	49,62,60,105	454	255
36	140	17,23,24,20	97,72,78,123	194	214
35	6	15,21,20,20	9,6,10,10	194	214
21	13	13,14,7,10	5,14,11,9	254	195
11	36	22,9,8,8	20,14,10,20	299	254
137	338	83,23,77,117	233,111,98,118	202	271
80	151	20,43,48,18	34,31,50,53	226	305
190	96	131,94,86,99	53,40,40,47	341	221
185	198	104,69,86,118	160,105,45,82	227	341
11	0	0,2,9,3	0,1,0,0	268	247
2	28	0,0,6,2	12,11,13,20	268	270
2	60	0,0,6,2	14,18,33,31	268	377
16	0	1,7,6,15	0,1,0,0	208	247
3	50	1,4,2,8	14,24,32,38	208	270
28	60	12,11,13,20	14,18,33,31	270	377
33	26	13,17,9,2	13,11,9,20	339	270
52	16	15,24,35,60	16,9,10,15	312	213
72	104	12,25,18,48	12,40,29,64	208	295
2	3	6,3,2,0	6,2,0,0	239	230
2	1	6,3,2,0	12,0,0,0	239	353
12	53	4,0,6,6	20,22,25,58	209	231
75	90	34,38,111,99	33,26,82,61	227	257
2889	1554	468,868,845,581	522,688,388,354	260	243
2855	2588	474,991,1264,1156	574,917,896,845	254	260
2142	118	555,734,700,621	8,9,17,51	251	254
2146	2632	556,734,704,622	406,758,728,541	251	254
1269	2836	493,548,203,275	470,907,1209,1061	258	251
205	1581	142,111,80,92	1384,808,914,874	347	1851
535	299	659,447,366,498	437,201,157,278	321	254
3955	2903	11693,9381,10915,9059	8533,6418,8896,8341	326	268
1682	777	5591,3994,4652,4835	6226,2517,1543,1941	227	257
896	1685	5284,2548,1386,1411	4698,3592,4072,4589	257	239
6	0	2,2,2,2	2,0,0,0	274	281
75	22	30,24,19,35	70,9,3,4	349	272
51	178	73,38,52,47	264,93,140,122	258	408
198	100	70,107,217,123	37,50,97,71	339	248
40	30	12,43,34,62	26,28,35,19	257	288
43	128	20,6,15,2	86,36,26,22	282	381
1	2	8,0,0,0	149,2,2,0	261	214
1	2	7,0,0,0	149,2,2,0	247	214
18	264	10,11,4,0	1263,227,47,67	274	257
107	264	67,34,19,28	1263,227,47,67	185	257
9	17	10,9,5,8	8,18,0,12	194	218
381	2044	5,2,0,0	42,0,0,0	174	263
2474	1402	80,2,4,0	41,2,0,0	263	278
0	36	211,39,5,12	2715,4234,2914,2940	293	1127
3	6	19,0,0,2	11,1,0,0	251	230
269	203	78,22,58,40	69,19,27,25	297	332
402	5	593,188,64,89	0,0,0,14	276	226
205	5	276,94,33,50	0,0,0,14	299	226
2330	4425	995,96,146,124	1702,123,167,173	349	502
595	108	236,358,354,216	124,103,34,42	319	240
305	263	203,224,110,117	160,197,145,100	287	319
6	6	34,4,0,19	81,3,4,0	240	252
6	31	57,6,7,25	303,34,15,20	240	252
742	587	145,279,346,349	135,263,247,371	283	313
468	847	157,207,226,316	169,287,494,610	243	283
0	6	14,0,0,0	23,10,11,8	293	295
4	2	4,3,2,2	1,0,0,0	298	231
2	2	5,4,4,2	2,0,0,0	298	231
2	2	5,4,4,2	0,0,0,0	298	186
8	2	1,1,0,4	1,0,0,0	292	231
2	2	2,0,0,0	0,0,0,0	231	186
2	2	5,0,0,0	0,0,0,2	231	186
7	9	18,0,4,0	7,4,0,1	452	319
696	616	59,52,141,122	59,65,141,125	326	332
5	5	2,0,0,1	2,0,2,0	242	242
0	122	0,1,2,12	80,77,85,87	248	179
75	52	42,33,43,63	50,49,35,22	215	217
78	138	29,43,77,44	73,96,108,103	217	220
72	84	65,56,32,31	68,65,66,105	220	207
2	80	15,4,0,2	52,51,32,39	179	215
4	74	8,0,0,0	178,52,26,30	256	315
12	954	107,17,2,2	596,265,581,510	236	3393
12	954	104,15,0,2	596,265,581,510	234	3393
16	29	6,10,10,10	45,13,14,19	278	285
15	24	8,10,8,6	35,22,2,11	278	308
83	2	121,36,23,72	9,9,0,4	894	278
81	35	122,36,23,72	21,27,8,10	894	278
1	0	5,2,1,4	2,0,0,0	271	185
40	2	43,30,10,4	0,0,0,0	334	296
12	1	21,10,5,3	8,0,0,2	334	305
5	1031	0,2,2,1	290,427,392,411	175	270
31	73	36,47,37,17	114,125,111,117	194	246
110	13	209,152,81,98	44,13,4,4	246	199
192	659	176,133,98,63	663,400,332,336	258	292
262	541	284,116,102,154	523,333,255,242	239	258
0	11	1,0,0,0	0,0,0,0	525	231
1	18	0,0,0,0	8,6,5,0	166	257
29	0	9,13,12,21	0,0,0,4	395	241
45	6	29,29,34,44	47,9,3,1	294	308
2	0	0,0,1,1	7,8,2,22	425	422
34	51	4,2,11,16	2,10,17,5	267	234
24	88	33,7,6,12	31,35,36,24	275	208
77	340	194,152,134,158	408,318,503,634	310	326
69	174	177,122,104,127	244,154,49,115	310	337
0	15	0,0,0,2	0,0,2,2	338	354
15	0	0,0,2,2	0,2,0,0	354	279
15	0	0,0,2,2	0,2,0,0	354	279
171	103	88,80,113,101	34,52,66,75	332	252
2	132	5,2,2,8	61,67,81,75	252	313
91	134	35,41,51,79	61,68,85,76	252	313
151	97	58,67,113,99	67,40,62,72	313	266
105	122	52,58,58,62	98,32,98,92	266	272
193	95	94,94,115,127	45,27,75,63	381	280
330	95	204,158,248,243	45,27,75,63	635	280
272	69	1129,488,200,229	472,134,44,20	277	211
48	4	6,23,42,35	0,1,6,5	304	263
0	3	0,2,0,0	0,40,19,47	213	292
236	141	66,193,201,229	50,113,58,100	272	249
1252	3028	3891,1094,985,1232	12898,5575,1757,2320	238	322
158	4	56,30,49,63	15,0,1,0	370	279
70	111	23,15,25,24	39,25,36,39	245	266
118	254	15,15,31,29	53,43,118,165	226	294
34	4	9,2,29,32	0,0,2,0	195	226
39	70	8,2,31,31	25,14,27,30	195	226
43	55	9,6,4,22	11,10,13,26	247	195
120	94	52,36,55,98	35,30,59,88	236	233
75	119	41,47,56,84	63,46,50,78	233	267
132	144	48,48,102,100	63,51,62,65	267	299
16	9	62,4,1,4	53,5,0,5	326	294
5	2	0,0,0,2	2,1,0,0	288	343
113	9	54,59,58,58	6,2,0,0	414	194
0	2	29,4,0,2	6,3,0,1	276	230
0	84	3,2,2,0	38,50,77,95	181	227
17	195	25,10,4,10	66,121,96,148	227	255
37	550	3,14,5,4	104,144,159,158	298	1099
1098	1578	361,108,113,94	441,118,114,116	244	273
82	3	28,44,75,82	1,1,1,0	194	206
12	0	5,1,4,2	6,0,0,0	366	289
7	0	4,6,0,2	6,0,0,0	272	289
7	12	4,6,0,2	5,1,4,2	272	366
3	4	0,0,0,0	2,0,2,0	237	289
1	194	0,0,8,0	93,159,249,156	195	209
256	733	128,47,32,21	311,194,138,99	246	319
263	20	8,57,53,79	2,3,5,6	1198	285
65	42	111,108,46,63	50,64,35,52	309	232
55	134	25,48,18,31	68,120,68,86	199	274
0	6	2,1,0,0	15,42,18,12	182	254
76	62	45,8,4,0	45,10,9,10	464	272
18	5	4,1,1,5	2,0,0,0	251	317
365	2347	973,179,70,90	3376,800,780,980	222	244
2495	2575	3485,906,770,1038	3931,896,576,769	254	286
2	4	11,2,23,3	9,10,4,16	228	285
158	35	78,46,75,79	58,12,3,4	262	234
762	335	216,695,475,503	162,435,212,184	281	262
0	2	0,8,8,0	14,4,6,8	262	267
10	25	5,7,11,8	27,13,16,20	319	580
4	0	2,6,0,0	2,0,0,0	263	275
2	0	0,0,2,0	2,0,0,0	175	275
1	0	0,0,3,0	2,0,0,0	252	275
4	0	6,0,2,0	0,3,3,4	263	368
2	0	0,0,2,0	0,6,0,0	175	261
1	0	0,0,3,0	0,6,0,0	252	263
2	0	0,0,2,0	0,6,0,0	175	263
2	0	0,0,2,0	4,0,2,0	175	263
1	0	0,0,3,0	4,0,2,0	252	263
1	3	0,0,3,0	0,0,0,0	252	325
9	0	8,4,0,4	0,2,0,2	209	209
2	0	7,0,2,0	5,2,5,0	233	233
0	4	0,0,0,2	0,0,0,0	233	182
27	33	17,13,6,7	31,11,0,2	317	326
7	0	3,3,2,0	0,0,2,0	291	290
450	105	70,187,203,192	54,68,39,38	292	320
21	247	4,1,13,2	147,77,107,156	245	260
230	133	89,88,107,105	113,55,20,22	260	238
92	169	45,8,40,31	67,22,43,44	378	365
447	247	195,194,248,301	78,125,173,118	357	274
2	4	14,0,2,2	172,8,1,4	344	388
282	55	352,149,246,226	120,41,20,31	299	259
0	2	6,0,0,0	9,0,2,4	364	330
0	2	6,0,0,0	2,0,2,0	364	329
0	22	1,0,0,0	86,2,1,1	227	368
2509	4871	651,962,1215,728	1250,2071,2169,1144	233	288
1861	4559	569,846,956,625	1546,2098,2608,1503	225	309
4522	2674	2035,2386,1955,1098	775,1288,1448,911	362	225
2509	5022	756,1046,1238,690	2018,2526,2483,1421	239	362
1584	2657	883,698,606,516	1260,1509,840,637	212	347
1249	1546	776,775,323,291	552,554,622,379	279	212
4674	4160	1136,2223,2361,1423	1562,2030,1502,1058	265	335
70	126	59,37,24,66	72,66,66,97	336	274
32	17	53,26,14,14	14,10,0,13	247	222
51	48	59,16,15,9	6,13,30,22	256	187
46	33	29,22,8,15	15,24,16,9	244	233
7	1	65,4,0,9	14,0,0,0	218	218
89	419	231,60,31,53	366,285,319,345	308	283
0	48	0,0,2,0	26,51,28,21	242	260
11	18	31,7,2,8	49,27,16,10	321	408
196	41	64,45,58,76	23,22,26,18	352	286
106	58	44,47,39,36	19,32,15,39	286	291
55	147	41,13,2,19	99,41,17,38	320	257
158	105	77,57,52,102	107,27,8,24	257	306
154	17	76,59,54,104	51,16,7,2	257	306
152	59	74,56,52,102	55,25,11,14	257	293
163	43	149,67,27,34	69,18,6,21	306	219
71	62	53,15,2,17	68,32,15,14	219	293
5	55	4,19,2,5	22,40,32,32	231	247
180	87	38,109,151,106	33,59,31,43	308	354
9	2	3,0,2,2	2,0,0,0	256	330
27	7	3,2,0,0	6,0,0,0	186	199
482	183	231,194,212,168	110,49,60,64	937	294
112	39	120,30,25,36	39,0,10,8	580	291
15	9	9,28,9,18	8,25,25,18	360	237
569	780	488,563,464,427	547,506,943,796	309	290
529	727	344,142,121,100	428,243,230,185	224	312
10	0	34,31,19,33	26,6,8,9	292	395
82	32	82,40,32,30	88,21,4,14	289	287
200	211	132,77,191,75	175,92,95,69	256	295
340	368	254,133,270,274	259,139,266,191	325	363
0	13	0,2,1,1	5,0,0,2	193	555
152	200	44,51,108,119	92,86,79,148	251	329
135	200	37,50,94,109	92,86,79,148	246	329
77	44	76,75,75,73	57,50,55,28	324	292
16	95	5,12,5,20	49,51,67,54	297	419
56	5764	73,33,48,18	5227,1801,4136,6237	232	1495
29	243	13,3,0,4	213,54,104,158	187	378
22	27	18,16,10,2	16,18,31,7	245	173
65	92	29,34,11,2	36,62,60,24	212	227
290	914	208,168,174,168	454,504,667,607	279	335
485	201	68,333,242,247	120,420,221,188	271	180
48	9	9,4,4,6	8,4,0,2	221	221
346	9	47,38,65,80	2,4,0,2	2843	221
66	9	16,2,8,8	2,4,0,2	315	221
54	48	4,2,12,0	4,0,1,3	248	319
39	48	4,2,12,0	4,0,1,3	221	319
102	2	9,5,16,3	0,0,6,1	221	176
20	12	1,3,0,0	2,2,0,0	301	303
112	83	25,37,47,72	53,68,70,137	221	209
101	203	56,53,43,111	82,51,88,187	209	292
178	118	94,97,116,227	44,43,81,164	292	216
62	109	59,40,20,50	92,37,106,90	235	221
85	133	71,51,38,53	78,57,81,77	221	239
10	6	14,10,21,25	7,2,2,10	227	228
0	5	2,0,0,0	7,2,6,4	207	241
54	29	3,18,25,57	2,6,14,18	410	266
10	29	0,2,0,6	2,6,14,18	266	266
23	29	0,7,5,11	2,6,14,18	317	266
23	4	0,7,5,11	1,0,0,0	317	266
54	4	3,18,25,57	1,0,0,0	410	266
54	26	3,18,25,57	0,7,2,10	410	317
1	30	0,1,0,1	2,11,16,47	251	410
13	67	23,35,27,20	94,88,212,219	248	219
56	67	94,96,153,124	96,87,214,219	248	219
0	118	5,0,7,4	127,153,243,182	204	248
2	191	2,1,5,2	249,288,424,330	230	248
0	191	8,7,0,8	249,288,424,330	235	248
6	91	0,0,0,6	3,4,0,18	267	249
10	20	0,1,4,0	0,0,1,5	195	351
171	127	99,370,382,392	98,271,594,452	227	236
2	4	5,0,0,0	11,1,2,0	256	374
26	135	44,20,13,15	93,105,85,97	216	247
79	62	40,48,44,46	57,82,25,36	227	224
685	602	491,142,156,154	153,110,181,158	515	290
1260	617	617,206,239,269	153,108,181,166	515	290
1260	705	617,206,239,269	144,92,172,213	515	302
61	524	12,2,7,19	145,95,186,216	253	249
380	524	177,109,86,116	145,95,186,216	248	249
860	1105	260,181,435,580	295,208,420,512	249	296
860	625	233,164,310,332	160,128,228,227	296	263
55	172	56,13,7,18	86,25,15,15	241	293
12	38	10,21,12,5	17,3,6,4	323	233
26	90	53,8,11,17	94,41,78,94	233	267
467	2	10,232,101,135	0,0,0,0	363	227
7	7	35,5,4,9	38,7,2,5	236	329
87	58	121,192,275,211	60,115,80,51	287	225
103	81	112,140,345,238	84,76,36,32	225	226
555	400	392,432,455,241	196,246,418,292	307	209
489	786	258,310,739,541	335,453,860,705	236	288
7	60	3,5,2,1	23,57,54,48	244	220
234	7	596,254,202,349	164,27,8,4	264	205
90	4	203,93,96,91	436,37,6,2	194	300
89	7	206,95,96,93	166,27,8,4	194	205
0	4	2,1,0,0	9,6,0,6	205	276
0	2	1,0,0,0	9,2,1,0	225	220
3	0	11,5,2,2	2,0,0,0	329	242
7	0	17,1,3,4	2,0,0,0	365	242
138	136	0,2,0,0	11,0,0,0	225	258
85	68	35,67,85,73	28,39,18,29	313	268
39	99	15,7,20,15	51,51,74,82	215	313
1624	989	396,287,300,373	341,221,101,172	248	256
46	30	48,22,17,21	38,15,21,12	233	251
194	133	51,63,84,99	43,37,62,90	274	235
144	231	19,60,91,91	39,86,105,112	255	274
84	76	15,31,32,20	132,33,16,22	197	395
16	9	8,9,6,9	7,5,4,5	209	205
5	0	4,3,0,8	2,0,0,1	234	280
4	16	51,2,0,0	91,6,2,6	227	337
1110	327	96,898,626,641	19,258,196,210	1095	348
437	65	16,307,179,191	9,44,25,26	348	200
1	2	10,1,1,7	32,1,1,4	238	349
1	0	4,4,0,0	9,2,1,0	187	344
5	0	4,0,0,0	7,3,0,0	187	344
0	5	15,1,3,0	4,0,0,0	218	187
0	4	12,1,2,0	5,0,0,0	218	187
4	19	19,0,2,0	12,14,15,12	239	208
4	14	8,2,3,4	21,9,17,32	317	283
27	184	14,14,3,24	67,99,56,62	260	283
40	42	18,27,10,37	9,12,11,18	260	290
358	1469	557,28,34,15	898,162,273,152	228	245
974	328	1062,138,161,85	106,4,15,10	228	215
17	12	0,2,6,1	0,4,10,10	259	233
16	6	5,4,0,1	14,2,0,0	238	225
2	0	1,2,0,0	3,0,0,0	229	331
75	6	23,50,23,34	30,0,2,2	246	320
4	22	89,8,0,2	89,32,8,7	246	246
71	91	17,23,36,36	20,40,53,75	251	249
46	49	6,25,36,70	8,34,41,73	203	278
92	97	53,88,74,97	25,76,115,132	368	278
11	64	7,44,27,27	51,82,158,201	236	305
48	0	31,22,18,35	24,0,0,5	232	228
0	8	1,0,0,0	43,3,0,2	195	279
306	729	111,124,116,83	264,330,343,202	219	337
857	492	248,360,315,197	135,227,255,118	337	268
15979	6645	1207,582,1616,1648	619,336,498,536	363	263
2864	11734	430,70,207,298	1148,520,950,1068	262	363
62	188	50,14,23,43	71,53,45,62	266	272
91	30	88,50,46,96	8,7,19,10	290	270
82	79	74,33,42,51	88,61,67,93	325	290
88	82	43,48,77,100	69,39,63,58	305	237
43	271	46,41,59,83	213,170,195,258	411	610
144	47	56,61,101,106	46,37,42,77	273	240
803	461	136,22,33,25	90,20,9,13	250	290
753	101	208,37,37,14	20,2,3,0	353	250
746	543	209,37,37,14	79,27,22,11	353	250
282	1032	63,17,22,0	209,49,47,23	207	341
83	123	36,47,35,33	64,67,95,47	241	294
79	29	36,43,34,33	21,26,24,14	241	294
79	133	36,43,34,33	54,84,75,53	241	223
29	133	21,26,24,14	54,84,75,53	294	223
15975	10342	5505,8914,12025,7693	3213,5293,7340,4549	335	255
15972	10764	5505,8915,12025,7693	5563,6516,8709,7031	335	326
9153	6500	3939,5227,6193,4578	2380,3708,4274,2969	255	226
9153	47	3939,5227,6193,4576	8,8,11,20	255	226
7189	18570	2131,3652,4968,2961	7533,10032,15967,12153	226	341
11392	10763	5437,6486,8113,7128	5563,6520,8709,7031	326	326
11391	12403	5409,6475,8091,7107	5490,7028,10144,7593	326	326
12707	12014	5814,7155,10233,8104	5996,6892,9635,7916	326	332
12705	15119	5815,7155,10233,8104	7218,8712,14320,10145	326	332
10	0	0,0,0,0	0,0,2,0	188	173
9	0	3,1,6,6	0,0,2,0	236	173
388	293	69,187,308,159	55,98,132,120	302	254
404	293	71,191,308,162	55,98,132,120	326	254
73	447	16,31,22,15	80,175,253,136	254	302
197	452	44,75,59,38	80,175,251,136	254	302
209	277	116,133,138,130	57,123,120,82	382	279
266	445	45,125,156,174	79,169,248,263	364	572
758	888	402,3045,257,351	425,3087,388,466	260	263
532	1760	168,1806,206,158	758,5775,695,799	221	334
111	78	189,23,8,0	152,14,2,3	290	288
816	1186	243,140,48,17	252,162,91,41	310	376
263	654	108,74,26,6	185,125,133,42	238	298
362	654	63,31,11,6	185,125,133,42	247	298
362	263	63,31,11,6	108,74,26,6	247	238
598	540	94,55,14,14	295,112,48,22	247	238
69	151	37,46,62,32	57,114,78,76	233	304
38	34	4,0,0,0	6,0,0,0	243	277
22	13	2,2,0,0	8,0,0,0	202	276
5	54	2,0,0,0	7,0,0,0	270	277
105	93	83,73,74,37	64,40,12,17	232	223
0	2	30,0,0,0	138,0,0,0	260	267
3	15	0,2,2,7	8,36,25,23	203	259
5	8	5,0,0,0	2,4,0,0	294	222
83	175	132,89,19,43	138,109,97,128	287	273
154	122	653,79,51,70	438,67,47,73	314	318
273	76	424,118,220,241	640,57,12,46	296	314
53	14	16,63,31,50	5,18,8,5	288	191
20	2	23,12,2,6	2,0,0,0	259	247
6	2	15,0,0,3	2,0,0,0	234	247
12	514	10,4,5,2	122,277,289,272	218	326
300	340	152,159,118,159	324,232,144,208	262	293
50	41	49,55,46,37	13,39,40,45	262	197
47	5420	10,9,6,13	342,5481,4570,3974	300	537
3153	1253	206,3591,3256,2427	91,864,881,823	269	537
47	7387	10,9,6,13	552,8712,5724,4900	300	290
3153	3210	206,3591,3256,2427	300,4067,2026,1748	269	290
3415	3840	163,3207,3157,2306	232,4080,3398,2974	375	269
3162	3843	161,2998,2954,2151	232,4079,3400,2976	364	269
6967	3843	373,7682,5593,4036	232,4079,3400,2976	375	269
2	6555	2,3,2,0	375,6986,6415,4714	228	364
2	10360	2,3,2,0	587,11670,9054,6599	228	375
4	105	2,0,2,0	9,27,17,27	228	311
869	4777	121,836,441,439	409,4886,4199,4196	245	253
81	6	2,12,32,18	0,0,0,0	221	283
13	286	18,14,18,19	150,319,261,212	255	250
183	252	154,121,80,61	68,109,170,135	261	208
171	519	88,109,114,105	184,289,295,229	224	283
42	47	18,22,31,19	26,22,33,37	210	243
4	20	5,1,0,0	9,8,14,4	236	270
334	69	177,218,274,319	64,100,36,55	282	217
23	0	15,2,1,4	20,0,0,0	344	332
17	2	11,0,0,0	16,0,0,0	284	344
27	8	28,4,1,0	26,0,0,0	324	383
15	15	33,10,4,2	1,5,10,7	201	186
16	25	34,10,4,2	11,6,14,4	201	206
0	2	0,0,6,0	0,0,0,0	209	226
7	2	3,0,0,0	0,0,0,0	352	226
4	0	0,0,0,0	0,0,6,0	246	209
4	0	0,0,0,0	0,0,8,0	246	209
4	8	0,0,0,0	3,0,3,2	266	352
24	12	8,10,0,1	3,0,3,2	272	352
6	4	0,0,0,0	6,0,0,2	266	419
26	4	8,12,0,1	6,0,0,2	272	419
26	6	8,12,0,1	0,0,0,0	272	266
7	2	0,0,3,2	0,0,0,0	252	266
10	5	1,2,5,2	0,2,0,0	252	272
11	6	8,7,5,6	0,2,0,0	252	272
7	3	1,2,2,0	0,0,0,0	252	272
6	3	8,0,0,2	0,0,0,0	346	272
4	14	8,7,2,4	8,5,0,1	252	272
6	7	8,0,0,2	1,2,2,0	346	252
1	22	0,0,0,0	8,0,0,1	187	252
3	20	1,0,0,0	8,0,0,1	187	252
1	24	0,0,0,0	16,17,2,5	187	252
10	0	8,0,1,4	0,1,0,2	404	211
6	0	8,0,0,2	0,1,0,2	346	211
6	0	8,0,1,2	0,1,0,3	404	211
2	0	8,0,0,0	0,1,0,3	346	211
2	0	1,2,2,0	0,1,0,2	187	211
2	2	1,2,2,0	0,1,0,2	187	234
0	2	1,0,0,0	0,1,0,2	230	234
2	6	1,0,0,0	6,0,1,2	187	404
18	6	17,5,11,10	6,0,1,2	330	404
16	6	16,5,10,10	6,0,1,2	299	404
1	2	0,0,0,0	8,0,0,0	187	346
2	2	1,0,0,0	6,0,0,0	187	346
18	2	17,5,11,10	6,0,0,0	330	346
16	2	16,5,10,10	6,0,0,0	299	346
16	4	16,5,10,10	6,0,0,0	299	346
0	2	1,0,0,0	1,2,2,0	230	187
18	2	17,5,11,10	1,0,0,0	330	187
16	2	16,5,10,10	1,0,0,0	299	187
16	0	19,5,10,10	2,0,0,0	330	187
2	1	0,2,0,0	2,0,3,0	272	366
189	218	0,1,0,0	9,3,0,0	258	365
195	68	5,0,0,0	11,0,0,0	365	239
10	53	49,10,0,2	44,14,8,15	397	296
16	42	16,5,12,11	13,21,22,30	297	304
78	193	7,7,15,16	63,61,29,68	410	2144
273	311	25,4,1,13	10,3,4,26	333	256
37	1423	7,4,3,0	528,357,415,357	248	344
12	144	8,24,23,29	26,99,196,144	182	257
4	20	1,2,0,3	6,19,15,12	164	224
6	112	1,2,0,1	34,93,112,83	164	224
6	85	26,6,5,0	496,211,202,147	257	1025
1	7	1,1,4,1	1,0,7,0	251	302
2	40	4,0,0,2	20,55,68,47	270	222
2	61	5,1,0,0	58,92,102,81	270	222
5	4	1,7,5,12	9,9,4,4	207	270
4	86	10,0,0,2	67,70,44,65	172	250
10	16	3,0,0,4	65,12,7,4	193	317
78	33	114,34,53,74	16,13,16,26	356	208
504	253	330,968,503,303	55,396,303,156	343	343
64	80	10,45,29,30	9,27,27,36	219	247
18	4	37,10,15,13	6,5,6,0	203	247
22	2	36,18,16,17	0,0,0,0	253	747
2	2	2,0,4,0	9,2,11,10	239	203
4	2	0,2,0,10	2,2,0,0	219	273
38	26	67,42,47,85	43,38,67,89	252	199
3	15	0,0,0,0	7,1,2,7	249	563
15	5	7,1,2,7	0,0,0,0	563	401
1	7	4,0,6,4	8,0,4,7	355	356
2	0	0,0,0,0	2,0,8,15	363	358
164	248	130,86,33,67	141,98,88,130	313	400
164	69	130,86,33,67	65,27,22,43	313	250
158	9	122,86,33,66	2,0,1,6	313	250
248	69	141,98,88,130	65,27,22,43	400	250
312	30	192,131,116,172	82,18,8,7	400	369
398	45	281,99,142,132	127,13,4,6	322	253
81	401	37,13,1,7	245,109,159,137	254	322
140	165	154,80,156,203	184,174,256,281	280	280
20	164	73,32,8,14	185,174,256,281	240	280
21	211	72,32,8,12	196,139,242,303	240	280
45	30	53,19,16,44	18,11,31,39	307	281
22	140	6,9,22,10	31,60,90,122	217	272
208	524	50,60,68,20	129,166,231,203	260	273
207	428	50,60,74,20	145,160,163,120	260	271
0	67	0,6,0,6	27,19,32,53	208	242
13	4	4,1,3,4	2,2,0,4	268	264
0	4	6,0,0,0	2,2,0,4	290	264
13	4	19,1,27,23	2,2,0,4	315	264
27	4	7,3,4,6	2,2,0,4	273	264
15	5	21,2,19,22	4,4,2,6	315	285
0	13	6,0,0,0	4,1,3,4	290	268
13	13	19,1,27,23	4,1,3,4	315	268
27	13	7,3,4,6	4,1,3,4	273	268
13	0	19,1,27,23	6,0,0,0	315	290
27	0	7,3,4,6	6,0,0,0	273	290
27	13	7,3,4,6	19,1,27,23	273	315
21	12	7,3,0,6	18,0,26,23	273	315
1	10	0,0,0,2	6,0,0,2	307	351
31	55	30,5,26,7	36,9,7,1	227	244
20	1	16,4,0,1	0,0,0,0	222	227
20	70	17,3,2,2	45,21,6,5	222	227
4	57	13,2,0,0	18,14,22,14	230	222
131	48	109,100,104,77	18,38,61,40	300	221
579	224	251,295,344,346	94,67,134,120	313	312
579	208	251,295,344,346	86,56,127,119	313	308
19	33	3,1,7,9	11,12,6,2	188	245
47	104	35,21,11,15	86,29,48,28	276	337
3	0	0,0,0,4	0,0,0,4	272	245
3	2	0,0,0,4	0,0,0,0	272	261
0	2	0,0,0,4	0,0,0,0	245	261
187	75	155,209,87,94	288,90,37,15	172	197
194	376	326,216,43,60	374,408,253,298	189	226
194	136	326,216,43,60	90,120,62,76	189	187
1	110	4,0,0,0	138,102,97,72	223	254
76	87	128,102,80,39	75,68,56,53	283	244
0	19	8,0,0,0	38,0,0,0	291	324
3	88	2,0,0,0	14,0,4,0	224	312
22	140	2,0,0,0	21,0,3,0	224	383
22	119	2,0,0,0	15,0,4,0	224	312
3	109	2,0,0,0	20,0,3,0	224	383
140	22	21,0,3,0	7,0,2,0	383	414
140	22	15,0,3,0	6,0,2,0	383	414
119	22	15,0,4,0	7,0,2,0	312	414
91	29	15,0,4,0	7,0,0,4	312	268
83	43	10,0,1,0	6,0,0,4	312	268
99	82	12,0,3,0	5,0,2,4	312	268
18	54	4,0,2,0	11,0,0,1	414	345
0	57	2,0,0,0	36,26,10,9	325	599
5	13	7,4,0,0	5,10,0,0	317	263
2	5	14,2,0,0	0,0,0,2	161	267
0	14	0,0,0,2	8,6,10,17	268	236
81	22	57,55,58,60	6,6,13,48	269	223
26	131	32,20,13,2	44,47,126,77	260	307
7	12	4,3,1,0	8,0,4,4	203	227
403	33	173,235,195,161	123,21,8,11	417	349
376	251	162,148,197,246	191,149,109,90	256	417
431	233	257,201,221,258	46,115,96,102	353	256
35	1	39,22,30,24	0,0,1,0	182	241
345	16	274,382,287,247	4,16,8,18	227	284
2	9	1,0,0,0	2,2,2,7	271	252
293	538	72,60,61,82	64,120,139,126	274	238
163	538	38,36,24,52	64,120,139,126	224	238
50	540	15,6,8,11	64,112,137,126	274	238
13	7	0,3,1,0	0,6,5,2	216	171
17	2	70,2,0,6	85,0,0,0	226	226
54	51	23,7,4,18	76,40,33,16	221	246
256	103	92,36,81,71	103,30,31,34	319	323
9	21	3,9,14,12	19,9,12,21	239	305
9	21	6,6,8,8	18,9,13,21	239	305
13	0	26,19,5,3	8,0,0,0	188	223
6045	6064	2793,3900,1771,1367	2261,3068,2503,2004	282	230
5871	7300	3513,3341,1413,1232	3380,5049,3035,2858	245	282
7	191	1,7,2,6	35,37,63,29	277	235
12	1	17,8,8,4	4,3,0,8	269	249
92	15	53,16,30,22	22,5,0,2	261	247
37	170	31,32,46,22	86,95,94,79	188	275
134	97	75,132,108,85	71,88,100,51	275	226
3	97	0,1,0,0	71,88,100,51	206	226
733	0	1241,1132,1519,952	5,0,0,2	256	314
321	258	631,449,754,530	665,539,601,451	256	227
24	43	2,3,2,0	4,0,12,1	272	287
24	31	4,0,1,0	0,0,8,0	320	272
0	2	1,0,0,0	0,0,0,0	203	230
2	8	27,0,0,0	104,16,0,0	254	244
2	9	27,0,0,0	133,9,2,4	254	255
2	9	27,0,0,0	139,9,2,4	254	258
40	180	65,33,18,18	98,93,89,130	248	290
21	30	7,114,61,20	1,78,53,5	330	301
22	30	7,113,61,23	1,78,53,5	326	301
25	60	25,121,31,42	23,153,89,85	308	305
45	143	25,22,25,18	29,21,35,29	284	305
74	72	48,36,41,38	25,33,29,23	338	346
139	84	23,60,66,48	31,64,47,35	272	304
204	73	91,32,26,28	18,1,8,12	696	285
73	176	12,14,16,27	89,29,18,23	239	696
39	82	23,15,24,9	36,116,18,29	253	289
174	76	28,126,104,92	36,51,41,30	232	302
12	76	10,6,14,3	35,39,75,69	233	254
33	3	49,16,14,14	0,3,0,0	360	202
3	17	3,0,0,0	6,7,2,2	212	188
2	1	3,0,3,0	3,4,1,1	246	325
111	303	639,15,28,16	514,48,71,60	349	276
62	210	379,74,54,65	382,194,228,219	304	253
198	340	636,322,187,165	795,381,294,324	319	338
137	340	208,129,139,105	795,382,292,324	319	338
402	342	1315,646,384,292	582,433,442,303	711	319
159	342	349,213,226,233	581,435,442,305	290	319
0	28	4,0,0,0	119,4,5,1	204	344
0	26	4,0,0,0	56,4,5,1	204	195
2	4	20,0,0,0	85,2,2,0	344	253
25	18	99,24,4,12	18,13,4,10	1000	337
12	38	33,12,1,0	107,20,8,10	239	452
2	1	0,2,0,0	31,0,2,0	239	282
2	1	0,2,0,0	31,0,2,0	267	282
2	1	0,2,0,0	31,0,2,0	272	282
0	2	13,0,0,0	0,2,0,0	324	277
0	10	13,0,0,0	28,7,0,2	324	402
9	4	3,8,2,2	5,0,0,0	285	277
11	11	8,2,1,2	4,0,0,0	322	285
56	48	26,22,27,29	32,15,29,30	198	221
64	128	41,21,27,38	60,86,108,103	325	207
112	175	106,105,56,77	111,109,139,202	240	217
3	2	2,2,0,0	3,0,0,1	217	208
2802	7016	913,121,244,127	894,219,1072,401	285	288
161	11	147,38,8,15	75,2,0,0	425	419
23	53	22,6,13,8	149,24,8,18	258	266
8	24	37,0,0,0	118,0,0,0	269	293
0	8	6,0,0,0	37,8,4,14	353	272
0	4	9,4,2,0	20,4,5,4	272	226
26	0	17,16,10,13	2,0,0,0	263	257
260	207	438,161,117,66	327,108,45,58	271	245
6	5	969,408,41,94	926,339,28,107	377	274
183	578	39,7,28,34	138,31,50,68	286	358
3	75	6,0,0,2	4,18,14,50	190	205
158	80	82,82,45,61	62,49,31,21	313	279
108	612	418,87,39,41	1531,654,193,188	176	311
360	321	186,212,211,358	172,247,288,305	239	213
2	6	2,1,0,0	2,1,0,2	258	203
2	34	2,2,0,0	14,18,21,35	258	296
23	26	115,19,3,3	94,11,5,4	313	287
10	8	15,5,9,6	21,17,20,33	300	222
209	22	66,128,107,189	9,12,16,14	254	170
467	217	247,245,484,452	131,135,133,160	284	233
0	10	0,0,0,1	0,0,2,2	199	256
59	79	25,13,36,50	32,27,32,24	234	250
215	10	67,66,87,77	2,2,5,8	250	194
100	1101	99,76,111,54	789,572,867,671	198	271
16	2	14,19,10,4	4,0,0,0	342	371
12	2	14,9,11,2	4,0,0,0	273	371
244	59	462,687,526,578	83,201,161,174	607	282
36	2	15,11,6,3	8,2,0,0	283	261
2	903	0,0,5,3	859,7394,10061,9659	202	386
3	0	141,249,269,215	37,44,73,69	315	213
10	70	13,4,2,2	51,39,39,35	253	208
3	15	5,0,1,2	7,3,4,3	260	233
781	1043	1056,715,662,574	870,607,860,589	299	251
7	1271	11,18,9,6	1160,796,1461,1160	201	299
0	2	0,1,0,0	1,0,0,0	188	244
78	154	124,56,28,35	166,89,30,27	554	474
160	154	132,43,100,56	166,89,30,27	767	474
1315	581	169,306,540,562	101,193,250,252	282	246
261	203	249,394,441,351	211,212,370,377	388	217
1192	157	317,483,559,501	105,100,29,28	285	235
207	391	88,119,68,50	181,168,66,100	235	248
210	1024	147,112,38,37	312,505,329,353	248	310
202	975	68,99,41,37	281,370,380,368	289	425
202	975	68,99,41,37	281,370,380,368	289	425
94	37	47,60,38,52	11,17,17,13	240	270
94	50	47,64,39,52	15,18,21,17	240	270
241	270	429,189,321,307	495,238,475,552	634	272
9	52	55,21,10,8	45,29,49,39	260	239
34	3	20,13,19,20	2,3,6,10	293	238
239	290	97,100,177,120	67,160,169,162	236	234
249	290	100,104,187,134	67,160,169,162	241	234
100	187	37,58,88,84	62,109,88,116	234	351
2	53	19,7,0,0	26,26,30,40	421	241
118	57	53,30,69,86	23,7,41,53	229	239
1846	16	645,708,1002,1138	0,10,5,3	1567	229
1847	71	646,711,1002,1138	61,27,52,55	1567	229
22	2	49,17,6,26	14,0,0,2	398	239
74	2	31,44,23,30	14,0,0,2	254	239
74	22	31,44,23,30	49,17,6,26	254	398
2	15	5,0,0,2	53,12,12,6	564	240
0	6	0,1,0,0	3,3,2,4	284	305
0	31	2,0,0,0	57,25,2,11	156	291
1	2	0,1,0,0	2,0,0,0	1399	263
88	89	30,32,31,43	21,37,39,44	212	233
193	136	57,82,111,160	31,80,54,76	309	281
581	1054	606,296,251,284	1009,697,488,523	306	299
39	0	57,32,17,45	2,1,0,1	1448	326
55	23	56,19,15,17	26,4,1,2	232	239
7	4	2,2,0,0	1,0,0,0	281	235
8	0	87,14,4,2	7,0,0,0	260	210
2	2	15,1,0,0	2,0,0,0	313	218
29	13	17,22,18,18	16,5,0,0	242	318
0	31	0,1,0,0	29,12,8,2	264	318
117	245	22,50,73,82	40,150,221,98	199	242
176	107	107,104,83,56	44,93,100,69	327	250
191	4	74,77,74,52	3,0,3,0	247	251
517	5	233,211,190,231	0,1,0,0	289	177
64	293	27,26,21,23	115,124,80,98	213	294
1	71	2,0,0,0	18,7,11,22	195	278
14	72	11,4,7,0	21,10,11,23	249	278
15	72	11,4,5,3	21,10,11,23	254	278
2	72	0,0,0,0	21,10,11,23	186	278
2	14	0,0,0,0	11,4,7,0	186	249
2	15	0,0,0,0	11,4,5,3	186	254
7	37	10,6,5,8	43,7,11,5	295	213
30	7	24,9,6,9	3,0,2,0	247	240
37	7	35,15,10,13	3,0,2,0	295	240
23	7	11,9,0,4	3,0,2,0	286	240
23	30	11,9,0,4	24,9,6,9	286	247
23	37	11,9,0,4	35,15,10,13	286	295
0	2	3,0,0,0	4,0,0,0	220	299
0	2	2,0,0,0	2,0,0,0	232	384
4	2	4,0,0,0	2,0,0,0	329	384
4	2	2,0,0,0	2,0,0,0	223	384
3	2	2,0,4,2	2,0,0,0	283	384
0	2	2,0,0,0	2,0,0,0	232	339
3	2	0,0,0,0	2,0,0,0	223	339
7	2	4,3,0,2	2,0,0,0	356	339
4	0	4,0,0,0	2,0,0,0	329	232
4	0	2,0,0,0	2,0,0,0	223	232
3	0	2,0,4,2	2,0,0,0	283	232
3	0	0,0,0,0	2,0,0,0	223	232
7	0	4,3,0,2	2,0,0,0	356	232
3	4	2,0,4,2	4,0,0,0	283	329
3	4	2,0,4,2	2,0,0,0	283	223
7	3	4,3,0,2	0,0,0,0	356	223
612660	91409	35534,39690,72229,60804	16272,7467,5574,5273	361	282
8058	357801	342,109,662,1170	27507,22811,34541,33902	247	288
452695	412365	25388,27370,56821,47113	34719,27506,40507,40998	288	373
452697	208062	25388,27370,56821,47113	16327,12679,18297,20021	288	373
469412	122825	37857,32427,42812,42085	19685,9372,9586,10338	373	282
3	144	29,0,0,0	64,0,2,6	221	221
2	140	12,0,0,0	56,0,2,6	221	221
2	0	17,12,5,1	0,4,0,0	223	199
872	151	220,540,649,385	62,85,104,67	386	188
170	143	96,140,97,67	79,105,92,84	221	206
22	126	5,4,1,6	4,48,43,52	182	270
193	258	10,57,47,58	13,85,67,95	270	282
30866	33964	4457,6897,7748,3731	4301,6533,11721,5257	309	247
0	435	0,2,0,2	105,909,816,804	195	238
111	436	38,155,136,174	147,840,578,635	240	230
111	451	38,155,136,174	159,871,601,648	240	236
6	10	4,2,0,4	3,7,0,0	533	267
61	66	71,33,56,40	62,56,83,75	213	244
2	3	0,6,3,2	0,6,6,12	268	301
721	241	165,37,18,26	134,574,128,169	319	319
0	2	16,0,0,0	2,0,0,0	262	224
0	9	18,4,0,0	68,10,0,2	224	296
89	3	95,23,47,30	6,0,2,0	236	318
14	382	3,0,0,0	23,18,8,8	323	535
14	384	3,0,0,0	24,18,8,8	323	535
179	47	16,62,97,57	25,22,44,29	257	186
13	29	20,20,0,0	20,25,13,6	249	288
2260	5819	791,663,716,672	4124,2068,1053,1372	182	319
9014	684	3700,2664,2445,2640	1832,357,55,78	319	254
111	9022	997,48,5,37	3496,2620,2993,3401	287	263
2842	8154	2119,801,542,765	4877,2607,1752,2471	263	348
55	152	33,28,9,4	94,85,53,42	236	308
188	151	35,111,182,91	42,146,74,59	272	272
170	39	59,160,92,82	7,50,22,18	272	191
44	94	8,50,17,11	33,51,20,25	191	224
8393	22406	687,2,0,0	1317,5,0,0	238	298
6652	6121	663,0,0,0	382,0,0,0	243	202
307	6121	12,0,0,0	382,0,0,0	282	202
48	199	10,20,21,8	78,63,36,53	185	244
4	2	2,0,2,0	3,6,0,3	231	286
7	6	2,0,3,0	0,5,8,16	231	330
2	6	0,8,0,0	0,7,0,4	286	330
8	0	7,0,0,0	1,0,0,0	339	306
4	4	10,0,0,0	27,0,0,0	250	259
2	2	8,0,0,0	15,2,0,0	324	227
90	309	161,137,104,105	289,285,301,371	224	283
88	80	151,132,97,104	53,24,55,79	224	283
10	4	10,8,13,7	11,20,8,6	236	242
315	296	272,308,316,418	392,290,298,321	283	310
1	2	0,0,0,1	6,0,4,2	175	249
263	121	423,302,221,326	142,68,137,138	246	310
44	47	25,51,53,76	16,14,43,23	208	199
81	38	4,24,23,17	5,10,10,15	222	200
94	427	20,97,76,58	58,306,360,248	254	276
0	3	4,0,0,0	11,7,0,3	379	245
4	7	20,8,2,1	14,8,4,5	222	228
120	272	254,115,167,67	466,228,354,269	342	328
392	95	473,242,300,252	278,98,43,24	223	251
180	149	221,152,123,72	282,123,74,17	220	223
53	403	82,27,8,30	405,228,333,242	197	220
22	192	54,0,4,2	291,159,135,121	215	197
301	404	50,278,252,227	75,335,348,347	276	298
186	119	72,61,50,28	35,48,64,44	300	233
74	65	41,44,44,14	38,38,51,23	233	259
151	108	59,63,95,60	43,65,55,48	259	287
14	171	0,13,5,1	77,104,94,71	240	287
102	17	25,36,56,34	35,14,12,9	312	291
8	0	1,19,2,0	0,0,0,4	238	239
257	1248	71,9,2,6	359,29,19,29	303	260
287	1797	74,4,2,6	593,43,32,40	303	343
34	2	23,3,15,8	0,2,0,0	295	180
146	1	149,70,66,51	0,1,4,0	234	218
243	92	234,132,189,145	98,66,61,35	339	266
0	2	11,0,0,0	2,0,0,0	287	284
139	104	38,20,48,58	57,10,17,21	236	245
280	38	168,359,198,233	4,16,19,18	231	336
2	1	0,0,0,2	0,0,0,10	207	196
2	19	0,0,0,2	1,1,4,4	207	324
1	19	0,0,0,10	1,1,4,4	196	324
54	36	22,22,15,23	22,18,26,14	265	232
58	33	46,38,35,18	17,20,16,15	256	230
45	55	13,18,15,14	18,30,23,20	230	238
26	184	21,17,19,58	102,63,128,115	259	408
54	63	138,35,19,28	132,41,20,22	342	278
238	41	148,133,156,141	101,34,11,0	328	342
129	1	76,33,44,37	4,3,2,0	209	310
2	366	0,1,0,0	354,362,229,171	203	293
12	366	25,5,0,1	356,359,229,171	203	293
0	122	15,0,0,0	116,108,144,66	288	203
79	140	9,19,18,34	23,97,91,118	278	202
26	42	14,13,29,6	24,14,27,11	211	244
49	74	29,11,30,20	35,22,51,27	223	268
68	5	30,10,20,20	0,0,4,2	343	223
70	54	30,10,19,20	25,24,18,15	343	223
8	86	0,0,0,2	65,29,52,35	244	343
168	30	28,32,97,68	1,4,3,11	321	183
169	244	38,43,109,137	130,127,77,146	200	326
322	12	91,69,161,182	4,0,4,15	767	182
12	356	9,4,4,0	97,167,154,160	268	252
0	31	0,2,0,0	14,18,15,18	179	268
1	117	0,0,0,0	47,53,46,43	228	225
53	4	18,23,23,19	10,12,0,0	360	315
25	371	40,16,8,6	243,171,188,190	321	327
0	463	2,0,4,0	585,120,84,103	216	334
5	2	0,0,0,0	15,1,0,0	229	287
4	31	0,0,0,0	14,14,13,21	204	275
943	0	786,486,590,522	5,0,7,3	249	222
0	10	0,1,0,0	4,5,9,6	251	329
99	108	8,55,70,86	15,58,59,56	263	269
0	13	0,0,2,0	0,0,1,0	300	259
124	182	57,54,44,73	74,43,76,101	274	240
59	169	46,34,24,19	119,57,100,78	240	271
176	257	117,82,125,92	145,71,141,87	273	284
179	198	112,77,109,95	116,79,122,101	284	281
183	119	97,66,98,67	73,53,98,96	281	248
68	144	80,50,23,23	120,107,126,77	257	305
247	592	371,74,42,47	394,139,105,73	357	357
510	842	424,337,202,232	855,563,570,697	248	274
99	9	22,11,8,10	2,0,0,2	270	247
51	1	54,23,50,33	0,0,0,0	267	173
0	2	0,1,5,0	0,2,0,2	171	173
226	466	50,97,150,157	144,301,348,291	225	257
1654	257	497,826,999,946	105,127,123,127	916	358
187	236	62,55,103,90	108,123,149,108	235	310
4	0	1,3,0,4	2,0,0,0	271	230
0	16	4,2,0,0	8,2,6,2	320	294
0	33	4,2,0,0	16,7,11,14	320	384
19	159	11,3,4,13	52,80,46,49	258	266
270	370	279,218,132,196	370,246,237,218	221	233
33	12	8,0,1,0	1,0,2,0	307	263
19	303	2,6,3,8	70,81,98,64	252	406
300	145	75,82,108,73	28,61,54,41	406	276
24	4	4,14,24,7	1,2,6,2	285	274
24	24	4,14,24,7	13,13,7,35	285	231
3	514	21,12,13,15	803,1048,1328,1084	240	748
168	106	131,76,104,119	83,39,41,39	299	253
25	62	47,80,25,36	96,218,120,141	265	328
2	206	2,1,5,0	129,113,108,82	220	276
4	219	3,4,0,6	130,108,139,86	261	220
5	0	27,3,0,5	0,0,1,0	335	222
5	0	25,3,0,7	0,0,1,0	331	222
2	0	2,7,2,3	0,0,1,0	260	222
2	0	2,7,2,3	2,1,0,0	260	239
2	0	2,7,2,3	5,1,0,0	260	239
3	0	42,6,8,2	11,0,0,0	278	262
3	2	42,6,8,2	5,0,0,0	278	351
3	0	42,6,8,2	10,0,0,0	278	260
3	0	42,6,8,2	0,0,0,4	278	245
6	2	38,0,0,0	10,0,0,0	463	262
6	4	38,0,0,0	4,0,0,0	463	351
6	0	38,0,0,0	2,1,0,0	463	275
2	0	10,0,0,0	2,1,0,0	262	275
2	0	5,0,0,0	0,0,0,4	351	245
4	0	4,0,0,0	2,1,0,0	351	275
1	0	7,0,0,2	0,0,0,4	371	245
1	0	7,0,0,2	0,0,0,4	368	245
89	213	36,35,54,22	95,104,153,61	227	237
32	38	43,21,11,21	39,14,21,41	254	238
7	20	19,3,5,0	30,9,4,4	308	263
21	34	55,3,9,0	121,14,3,6	215	312
15	2	0,5,3,19	0,0,0,0	261	211
6	0	15,1,0,0	2,0,0,0	263	212
3	9	6,0,0,1	2,4,2,2	280	277
0	2	2,0,0,0	9,4,0,8	226	261
2	0	9,4,0,8	5,0,0,1	261	341
76	64	106,68,20,52	107,128,65,70	272	222
16	266	2,6,5,4	66,85,112,82	203	255
76	11	48,33,78,85	63,18,9,8	228	248
48	66	6,17,1,18	0,9,35,37	419	284
0	2	11,2,0,4	9,2,0,7	311	251
193	60	85,44,51,49	53,19,12,4	242	217
152	60	59,37,43,30	51,20,12,4	217	217
155	131	60,52,45,58	57,51,43,46	252	242
152	252	59,37,40,30	95,48,78,66	217	252
43	111	34,36,23,17	50,36,31,31	236	217
211	276	40,106,83,78	52,126,105,119	294	325
254	318	44,97,87,51	68,73,126,141	280	282
257	314	48,99,91,146	89,114,152,124	282	356
257	193	48,99,91,146	58,49,109,82	282	360
56	81	59,22,11,10	164,32,15,14	244	256
111	151	69,34,25,15	94,48,46,39	230	273
51	137	26,4,8,1	60,30,34,33	215	230
120	190	88,84,69,105	367,406,113,170	359	223
343	190	285,440,209,260	367,406,113,170	273	223
43	23	64,49,56,43	48,55,39,41	278	265
86	9	6,18,14,19	0,0,0,0	258	257
113	24	45,56,58,54	19,15,11,15	317	247
67	61	12,22,38,63	25,30,44,59	215	219
301	244	194,129,72,63	110,89,69,103	360	302
0	2	2,0,0,0	2,0,2,0	267	273
4	2	29,0,2,3	2,0,0,0	473	298
12	3	5,2,2,0	3,0,0,0	319	279
12	6	5,2,2,0	2,2,0,0	319	388
3	6	3,0,0,0	2,2,0,0	279	388
76	4	177,114,164,155	102,6,2,0	223	207
35	27	76,44,41,24	381,42,18,18	207	384
39	6	61,32,18,14	10,2,9,2	225	225
9	8	1,2,4,0	8,11,4,13	236	301
56	94	30,40,64,65	36,42,52,74	182	316
6	2	2,0,3,0	0,0,0,0	260	298
7	29	8,6,15,6	11,4,16,12	260	260
4	29	9,4,10,5	12,2,14,13	260	260
6	3	3,3,4,7	8,1,10,10	260	263
4	31	3,2,2,8	12,5,22,14	260	260
6	31	6,2,11,8	11,2,16,12	263	260
7	3	6,14,15,4	2,5,11,16	257	233
6	2	3,5,6,4	2,3,4,2	257	236
1	10	5,2,2,0	39,6,19,3	225	238
5	0	15,0,2,0	12,0,0,0	217	271
4	4	7,3,0,1	17,9,1,0	228	274
71	940	15,2,6,4	1189,148,42,51	346	481
77	116	15,4,2,4	568,11,2,8	346	481
522	6012	1061,63,10,14	2185,682,551,554	481	408
514	5292	1061,65,10,14	1283,489,510,466	481	313
3050	5254	1669,359,176,252	1281,487,508,466	408	313
0	74	0,3,1,4	31,32,24,39	197	280
2	0	0,0,0,2	2,0,0,0	285	281
214	178	47,100,156,129	42,104,98,105	282	276
54	206	32,8,5,8	42,24,21,36	362	479
140	156	104,73,108,122	80,47,98,113	254	269
3	2	62,29,0,14	37,6,3,1	269	345
278	109	77,110,160,132	70,73,99,72	343	313
167	104	83,26,84,116	75,39,53,99	266	253
87	16	41,44,51,68	10,14,27,15	334	226
424	347	152,85,181,242	134,104,185,182	216	231
386	281	196,118,287,274	128,86,192,294	231	203
467	414	258,152,233,345	193,143,174,269	239	288
2	3	0,2,3,5	3,6,8,10	192	228
1959	2684	1097,1305,783,1050	1566,1860,1211,1492	267	323
162	183	239,72,68,105	167,80,96,152	272	252
5956	2960	262,2,2,6	121,1,5,6	412	274
4	2	14,14,0,2	4,5,4,2	387	322
31	2	10,16,16,9	4,5,4,2	282	322
31	4	10,16,16,9	14,14,0,2	282	387
4	15	2,0,0,0	64,9,0,4	240	240
2	8	0,0,0,0	33,7,0,4	240	240
422	79	121,17,11,7	157,3,2,0	242	290
3	3	1,8,0,12	2,2,5,6	353	242
2	4	0,0,0,0	0,0,5,9	248	332
91	147	14,0,0,0	87,1,8,6	292	1352
1	68	4,11,4,12	170,306,129,186	263	228
1	68	8,13,6,12	170,305,131,186	263	228
544	606	137,91,101,80	186,161,227,169	301	248
1	0	1,0,0,2	2,0,2,0	337	252
165	124	367,229,265,294	542,251,124,148	248	281
92	12	303,121,215,192	35,0,6,15	254	340
66	12	322,210,89,103	28,0,4,15	319	340
92	86	303,121,215,192	342,181,95,110	254	232
66	86	322,210,89,103	335,181,89,110	319	232
34	1256	16,11,32,17	632,399,640,611	243	4975
47	2	16,25,30,30	10,2,0,0	408	189
12	64	22,0,2,2	43,2,0,1	340	352
16	98	13,0,0,0	62,24,16,33	297	294
6	3	0,4,4,18	2,0,4,4	401	259
0	510	1,1,1,0	3569,2323,657,668	171	274
231	315	1286,943,446,401	1709,1324,408,378	249	274
0	4	1,0,0,0	11,2,2,0	261	220
180	0	14,79,98,50	2,0,0,0	336	287
75	38	39,32,50,21	42,25,30,28	212	262
129	83	67,41,76,66	53,41,67,76	236	223
150	120	74,34,88,101	100,46,38,66	275	298
99	852	45,41,80,53	633,384,427,526	366	993
904	3	689,409,477,567	65,5,1,2	993	236
31	111	29,15,12,16	141,64,36,24	275	323
47	111	65,26,23,11	141,62,36,24	275	323
2	6	16,56,35,56	117,263,231,329	182	308
22	6	78,370,528,643	108,242,220,320	245	308
0	9	54,98,79,123	59,173,151,180	196	299
0	7	28,79,60,121	54,166,168,164	216	299
2	11	21,57,39,58	55,163,152,164	182	299
2	5	28,73,44,102	12,58,33,75	216	196
2	6	16,60,42,56	22,111,103,161	182	196
3	2	19,69,32,60	39,110,127,155	182	216
8	0	130,329,317,409	19,31,17,27	299	182
8	20	130,335,318,415	107,575,527,652	299	245
22	19	82,378,532,650	70,367,342,407	245	245
23	19	115,579,731,890	91,304,234,352	245	299
0	1	11,7,1,3	15,22,37,45	245	305
24	178	47,24,3,2	186,196,98,105	257	290
2	2	6,0,0,4	19,0,0,0	206	194
0	8	10,0,0,0	14,0,0,8	480	244
0	8	10,0,0,0	25,1,2,10	480	248
0	28	0,0,0,2	42,15,19,13	218	320
0	28	1,0,0,4	42,15,19,13	275	320
37	49	67,14,11,8	74,5,5,4	236	275
56	48	0,6,0,3	0,2,0,4	321	329
4	1	32,8,2,2	0,0,0,3	302	164
8	1	39,10,6,4	0,0,0,3	332	164
38	82	48,16,6,4	40,28,9,16	212	254
222	94	2391,496,150,258	779,251,49,58	338	206
171	270	1686,384,53,126	1871,697,170,186	281	306
128	416	1574,279,55,82	960,881,270,423	306	215
745	1675	312,386,515,463	820,810,1149,1126	263	362
745	739	312,386,515,463	346,353,354,473	263	399
7	7	61,9,4,3	100,3,0,0	298	378
3	28	11,6,0,2	21,6,8,2	296	261
10	0	4,0,0,3	8,0,0,0	261	215
31	0	17,12,0,13	8,0,0,0	261	215
18	0	60,10,2,2	1,0,0,0	338	237
18	0	50,10,2,2	1,0,0,0	396	237
4	18	31,6,0,0	50,10,2,2	248	338
4	27	32,4,2,0	65,15,13,16	253	302
0	2	6,0,0,0	4,0,0,0	224	209
281	129	16,264,182,237	16,122,96,168	307	242
0	5	1,0,0,0	5,2,0,4	348	283
7	14	0,4,2,0	2,2,4,2	274	266
23	43	20,7,6,12	111,48,17,22	210	553
15	6	2,0,9,5	1,0,2,0	362	291
772	647	374,460,270,477	146,393,308,588	377	315
1229	1017	296,691,561,1134	309,560,374,675	299	377
502	1017	63,137,263,560	309,560,374,675	299	377
996	808	216,462,346,800	248,373,387,755	272	299
274	856	85,203,90,138	251,559,329,693	276	272
559	452	135,233,321,199	147,148,230,187	281	236
61	4	34,15,6,14	7,2,0,0	236	272
4664	3589	860,733,747,835	1465,648,489,556	242	301
883	203	363,312,674,760	58,68,159,147	350	214
38	121	21,16,25,15	62,46,51,68	338	340
137	218	30,30,101,74	85,73,139,133	288	329
60	19	95,16,7,37	14,8,2,3	300	192
2	9	0,3,2,15	0,13,17,22	268	531
7866	890	2026,1361,920,994	1272,198,37,49	271	281
10102	255	1902,2228,1258,1462	2374,125,18,35	303	362
7868	253	2026,1361,920,992	2375,125,18,35	271	362
12	0	1,14,16,9	2,9,2,2	251	191
40	71	16,59,66,97	25,94,123,189	242	267
327	884	198,491,73,109	427,1285,333,363	253	275
362	179	105,129,235,185	87,82,147,106	295	239
221	210	72,63,138,96	60,82,164,124	297	246
54	15	75,51,25,17	71,14,7,5	289	345
7	28	58,10,2,1	49,12,10,6	345	232
120	133	22,12,32,64	32,26,40,28	276	277
174	53	43,49,35,30	5,17,4,7	299	218
0	2	2,0,0,0	3,0,0,0	307	253
5	0	4,10,2,9	5,0,0,0	212	257
2	0	0,0,0,2	2,0,0,0	212	257
37	120	91,34,50,59	71,114,90,124	323	290
121	44	50,88,69,80	16,44,33,37	347	260
2	5	18,0,0,0	11,2,1,6	271	233
1	0	13,0,0,0	1,0,0,0	390	271
2	2	7,0,0,0	17,0,0,0	313	390
93	183	105,77,41,33	66,103,80,82	269	263
97	1503	122,61,51,67	689,790,774,714	227	727
413	94	225,241,192,200	60,73,89,58	362	221
276	360	130,150,120,88	173,200,117,129	283	362
302	374	179,126,89,143	181,188,129,173	291	293
1	18	0,0,0,0	5,12,4,4	235	235
0	4	2,0,2,0	4,0,2,0	246	218
0	4	5,4,0,0	8,0,0,0	203	294
65	48	32,19,23,32	18,9,12,21	271	281
659	200	165,190,236,373	93,79,19,42	446	290
174	35	73,64,63,55	45,25,25,32	250	208
183	157	257,65,42,141	325,82,31,71	276	383
200	4	91,68,50,16	16,0,1,0	389	169
68	59	26,24,55,75	37,20,20,20	276	252
164	69	68,60,77,75	33,47,21,45	343	276
104	117	57,29,77,71	49,41,66,94	320	343
60	259	40,28,7,12	121,192,190,143	254	462
0	85	2,0,0,0	51,52,25,14	247	205
0	7	0,2,0,0	5,3,2,2	244	286
17	58	56,21,0,1	106,31,16,26	286	264
356	387	197,147,123,78	179,106,114,105	217	225
140	88	90,55,56,83	82,50,51,69	310	283
14	48	6,2,1,7	9,8,5,15	439	306
62	280	131,66,1,3	137,161,131,148	225	212
501	7	365,372,245,237	3,7,2,7	225	225
92	73	34,78,37,69	25,49,59,57	248	208
18	48	6,8,3,9	23,13,15,15	241	229
3	35	1,0,1,2	19,15,9,11	207	252
533	315	232,97,196,162	127,75,49,71	237	212
56	37	32,15,39,19	30,19,45,41	190	209
48	33	34,25,38,46	9,19,8,10	275	226
72	13	3,20,37,30	0,1,6,5	295	343
228	5	17,86,77,110	0,2,4,1	278	206
3	13	72,0,0,0	150,14,3,0	242	283
5	4	5,0,2,2	0,1,0,3	243	211
458	372	139,145,200,155	212,92,85,111	212	256
180	198	128,66,71,63	129,58,100,99	246	224
11	199	10,4,0,4	129,58,100,99	246	224
63	224	60,27,31,30	152,89,111,108	233	246
219	174	72,54,64,96	56,29,51,97	315	300
165	117	41,27,44,68	32,12,38,34	300	240
70	47	23,42,20,33	24,23,32,20	280	234
1	2	0,0,0,0	7,0,0,0	264	303
3	0	6,0,0,2	11,0,0,0	220	254
5	10	0,0,0,0	0,0,0,11	183	278
4867	2902	2312,872,2071,1333	1701,544,1013,610	287	281
4	0	0,0,2,0	0,0,1,1	245	272
4	194	18,1,0,4	23,59,46,70	282	240
12	0	14,7,0,0	16,0,0,0	230	251
1	127	0,0,0,0	4,43,21,50	272	347
3	8	3,1,0,0	16,3,19,38	203	223
14	24	10,25,28,18	37,25,55,29	275	269
28	123	12,7,10,15	201,95,44,48	474	309
3	94	36,0,2,2	122,29,19,30	191	279
10	8	14,0,2,0	13,0,0,0	222	188
432	37	198,214,187,197	34,30,22,23	900	188
1	45	0,0,2,2	21,44,23,38	279	188
0	2	2,0,2,0	25,6,0,0	248	247
169	157	47,85,47,31	85,82,43,32	327	309
42	96	27,11,20,5	32,41,57,34	302	216
42	6	27,11,20,5	0,0,0,2	302	216
58	223	19,31,16,20	77,59,85,84	216	326
267	229	49,105,142,196	56,52,125,119	329	300
20	256	66,9,7,1	68,108,99,135	329	275
14378	16235	708,1842,1147,1215	709,1868,1540,1316	362	357
19032	19593	769,2298,1637,1428	922,2315,2089,2450	362	323
28132	19599	787,3197,3038,2730	922,2317,2089,2450	397	323
28135	20591	787,3196,3038,2730	816,2404,2271,2400	397	362
27	113	16,57,36,35	38,74,74,73	238	276
169	66	23,17,9,13	7,2,15,4	257	323
107	297	16,8,10,4	32,16,18,19	291	335
6	66	8,0,6,7	43,66,69,118	197	241
5	3	3,6,2,0	0,1,0,2	282	259
7	3	20,4,0,8	4,1,0,0	422	196
4	76	1,0,0,0	26,21,25,21	242	323
0	6	4,0,0,0	9,0,0,0	406	188
0	23	4,0,0,0	5,4,4,2	406	337
0	23	2,0,0,0	5,4,4,2	277	337
399	438	426,404,169,173	620,398,233,276	312	296
2	45	13,2,1,0	59,7,9,6	203	263
87	765	32,32,72,75	272,305,388,425	300	336
119	254	62,64,46,31	88,120,100,73	215	263
119	438	64,62,46,31	120,172,232,222	215	302
64	163	75,49,14,26	46,100,97,87	235	236
33	19	58,20,5,16	5,1,10,2	235	236
56	74	16,35,11,37	38,33,50,33	222	250
64	34	43,18,17,21	13,6,17,8	261	196
39	99	7,14,18,14	42,42,30,50	196	270
763	281	360,409,529,569	154,161,127,178	314	263
546	734	265,265,297,314	337,406,501,564	314	314
8	4	22,0,0,0	2,0,0,2	272	174
58	268	55,27,8,17	153,217,107,95	198	234
14	147	25,0,0,0	93,94,78,87	225	198
299	246	230,196,73,71	1010,193,21,64	177	337
588	246	604,455,109,94	1010,193,21,64	244	337
395	267	67,295,167,145	91,198,95,57	228	289
91	32	6,33,19,20	0,2,2,4	202	273
2	16	0,0,0,0	3,6,2,2	220	217
97	21	106,60,29,33	6,0,0,10	289	247
97	208	106,60,27,33	127,73,101,105	289	247
44	208	30,8,10,15	125,78,101,104	289	247
130	140	111,86,41,52	142,93,67,75	289	255
130	173	111,86,41,52	163,105,76,80	289	289
104	174	130,69,29,16	164,105,76,80	270	289
105	34	130,68,29,16	36,15,7,4	270	289
104	85	130,68,29,16	105,68,21,22	270	289
9	83	3,0,2,0	105,71,21,22	253	289
7	8	15,10,5,12	40,4,11,7	553	1469
15	0	17,8,2,1	0,0,0,2	247	321
2	0	9,5,2,0	0,0,0,2	260	321
11	0	6,3,0,1	0,0,0,2	240	321
0	216	3,0,0,0	80,73,44,63	221	321
15	216	11,1,0,11	80,73,44,63	280	321
692	174	158,189,339,493	39,53,70,61	256	191
498	1026	80,194,267,158	188,312,530,449	225	252
2	0	0,0,0,4	1,0,0,0	272	353
37	98	13,10,1,10	21,23,36,28	183	215
84	80	26,22,12,14	23,16,25,31	215	196
28	87	9,11,10,4	16,19,11,31	196	191
12	10	0,0,0,2	0,0,0,0	243	248
211	156	204,66,79,79	164,30,35,32	439	376
4	179	2,1,0,0	102,100,126,104	224	203
651	117	285,248,291,376	85,59,54,63	320	185
150	368	89,70,77,126	188,186,138,267	185	264
25	104	16,24,22,3	33,26,39,59	201	250
205	308	39,69,127,121	76,96,174,213	332	386
15	0	1,4,5,0	4,2,1,0	222	272
6	0	0,2,3,6	4,2,1,0	297	272
5	34	0,0,2,0	6,1,9,7	266	455
19	19	14,8,12,22	12,3,2,0	406	299
200	949	82,107,181,174	298,346,687,667	273	862
1160	1857	254,222,106,77	367,361,220,144	267	245
1154	14	255,222,106,77	2,0,0,2	267	225
1154	103	255,222,106,77	17,6,9,8	267	245
1519	1544	465,336,252,192	375,391,222,122	225	250
2123	1544	646,435,354,243	375,391,222,122	245	250
2132	5442	421,453,283,168	822,1007,1155,620	250	293
3146	6308	657,622,531,307	966,1012,1500,792	293	300
5345	1910	794,1010,1159,632	523,346,266,230	300	245
4229	1919	679,676,1022,551	527,392,279,177	245	263
2691	2344	687,534,469,281	297,384,545,330	263	214
4	0	0,0,0,0	0,0,0,4	223	233
589	139	175,213,314,270	20,38,62,121	314	315
271	599	66,118,136,122	172,201,245,241	239	321
391	211	97,139,199,247	74,96,108,85	314	282
46	28	5,4,9,5	0,2,0,3	255	219
0	19	2,0,0,3	83,15,4,8	213	210
44	43	28,29,29,30	12,37,15,23	285	237
150	2	144,133,50,102	2,0,0,1	187	210
35	59	5,18,13,5	1,16,12,37	276	258
5	59	2,2,0,0	1,16,12,37	398	258
533	134	471,154,166,166	159,59,37,39	227	269
642	594	278,211,123,165	612,241,228,233	260	248
98	24	23,25,26,32	18,14,0,6	310	293
207	303	44,48,52,49	70,81,98,64	331	406
116	24	59,34,64,31	14,5,5,6	210	157
168	292	136,60,34,39	151,116,70,93	269	261
25	306	7,0,2,9	115,108,65,69	261	261
235	309	138,68,51,65	115,108,65,67	261	261
114	252	77,47,59,78	130,113,131,163	245	319
28	76	18,26,9,15	48,76,69,68	242	402
37	79	46,27,21,27	49,80,82,77	402	377
8	220	52,13,0,0	654,432,75,74	293	392
8	39	83,10,2,3	62,17,7,15	319	259
51	10	82,19,17,19	73,11,2,0	282	235
132	0	108,71,40,31	48,2,0,0	296	268
10	39	6,0,1,0	83,38,8,25	244	403
10	27	6,0,1,0	40,28,9,10	244	301
823	311	293,238,410,356	102,80,163,191	298	218
245	311	70,37,97,97	102,80,163,191	294	218
2	483	14,0,0,0	85,159,146,117	303	251
241	361	452,96,56,41	359,154,134,152	419	321
281	275	324,111,113,156	570,125,65,76	321	348
228	140	475,129,60,55	517,67,23,48	348	462
283	61	572,114,61,68	199,52,15,34	462	234
780	34	336,74,82,112	331,4,5,0	231	331
179	86	81,40,43,68	47,38,25,30	220	230
374	82	96,122,105,134	30,31,32,20	323	201
18	6	4,12,7,16	4,4,2,0	221	218
3	0	33,37,11,11	3,0,0,0	226	169
1	0	15,27,9,15	2,4,0,2	283	169
1	0	15,27,9,15	19,12,2,6	283	211
331	126	98,93,72,53	34,39,34,28	303	231
336	104	84,41,72,74	30,22,13,4	305	229
110	99	28,4,29,23	30,22,11,4	305	229
512	314	131,174,173,79	101,92,71,86	297	233
2	34	0,0,0,0	23,5,3,1	248	353
34	7	23,5,3,1	0,0,0,0	353	201
0	25	4,0,0,0	5,5,6,13	243	285
30	3	22,7,2,8	8,2,0,0	182	197
67	69	34,83,35,28	22,41,26,19	518	293
86	20	78,48,26,48	13,2,0,2	323	236
87	20	95,57,28,49	13,2,0,2	326	236
0	20	1,0,0,0	13,2,0,2	230	236
0	86	1,0,0,0	78,48,26,48	230	323
0	87	1,0,0,0	95,57,28,49	230	326
96	554	67,74,33,45	217,287,479,431	211	268
316	148	257,177,123,116	80,42,42,34	413	290
360	148	203,155,218,304	71,65,92,76	254	198
3828	2092	1292,3020,4272,3276	1143,1960,1232,996	290	349
769	2092	244,345,895,938	1143,1960,1232,996	302	349
3	2	3,4,5,12	10,5,9,1	233	331
3	0	3,4,5,12	1,4,2,0	233	223
5	0	12,13,5,5	4,4,1,0	326	223
59	101	9,28,26,7	50,48,30,38	260	392
36	118	49,11,5,8	185,51,16,24	251	330
18	5	34,5,7,3	26,4,0,0	293	255
23	28	22,7,6,7	39,36,23,21	273	292
14	76	23,8,8,5	81,75,111,85	273	247
25	6	22,12,17,9	11,4,3,2	292	338
35	6	33,19,21,12	17,8,6,2	292	338
12	1	32,32,11,14	3,0,0,0	338	185
24	315	35,8,10,15	125,129,163,116	184	250
24	83	32,8,10,15	39,20,44,38	184	207
254	116	128,92,92,67	43,25,42,51	250	185
216	188	93,97,62,67	93,67,99,78	369	290
50	160	20,25,29,27	70,64,80,60	217	269
32	10	6,5,3,12	4,4,0,8	250	185
1	0	4,0,0,0	2,0,0,0	209	389
73	1	68,68,62,43	11,4,1,0	275	245
118	2	33,17,16,4	0,0,1,0	259	198
338	3	238,96,84,100	6,4,1,2	1304	204
9173	1868	5971,3187,2281,2799	883,608,547,515	1133	290
21	45	0,2,0,0	9,10,15,3	238	258
21	57	0,2,0,0	26,9,20,15	238	290
45	57	9,10,15,3	26,9,20,15	258	290
32	43	23,5,6,4	6,2,4,4	243	233
47	48	44,8,6,6	13,10,15,17	310	243
4	709	1,0,0,0	300,305,247,276	218	610
19	285	2,7,0,6	13,105,113,173	199	485
88	104	13,39,39,32	31,42,47,55	233	236
0	6	6,0,0,0	2,0,1,2	251	242
34	11	35,43,17,12	6,20,6,4	323	243
39	42	19,22,14,11	31,20,16,22	252	214
6	4	0,0,0,0	1,1,0,0	211	240
1580	1575	904,166,186,210	608,136,181,132	388	314
1117	1060	493,76,196,206	965,98,87,116	280	388
195	1067	304,25,20,13	350,100,157,138	284	280
222	1054	161,13,10,13	543,85,174,190	293	284
524	1077	271,44,30,39	550,85,174,190	293	284
314	30	380,32,21,14	56,3,0,4	293	292
616	44	490,63,41,40	59,3,0,4	293	292
14	44	2,0,2,0	59,3,0,4	197	292
14	616	2,0,2,0	490,63,41,40	197	293
5	524	2,0,2,0	284,45,30,37	197	293
173	39	53,11,11,8	0,0,5,0	197	242
51	118	13,33,10,23	15,61,26,64	306	310
222	127	76,129,128,160	20,49,65,76	211	236
137	97	153,76,73,138	125,77,94,103	216	232
249	298	260,198,189,250	226,177,302,373	339	322
59	246	66,27,33,65	200,113,212,329	306	314
0	22	28,0,0,0	24,12,11,7	347	260
2	2	4,0,0,0	7,0,1,3	455	637
2	0	4,0,0,0	4,0,1,0	455	434
35	78	106,11,11,25	184,21,57,42	268	311
12	75	21,2,12,4	222,9,53,31	233	322
14	19	37,2,1,0	31,5,0,0	272	269
336	294	86,120,58,65	83,147,73,96	220	220
59	15	35,35,16,33	5,4,11,8	258	177
2	52	0,0,0,1	19,23,29,27	209	258
67	2	45,5,20,48	8,2,2,2	265	265
0	22	0,0,0,2	12,11,1,8	231	205
0	54	0,0,0,2	64,31,19,29	231	532
0	153	0,0,0,2	146,54,35,64	231	1081
75	22	63,24,18,22	10,11,1,9	282	205
75	56	63,24,18,22	62,31,19,30	282	532
75	155	63,24,18,22	144,54,35,65	282	1081
83	21	36,19,30,55	17,4,0,11	311	243
22	189	11,4,4,2	81,84,75,77	253	282
379	7	120,270,76,37	0,1,0,0	152	167
379	4	120,270,76,37	0,0,0,0	152	178
24	49	15,22,12,25	45,26,27,31	223	233
437	293	176,163,174,255	118,114,151,171	377	261
2	4	2,2,4,2	6,2,6,0	326	254
2594	240	1095,1142,1347,1197	113,97,128,104	1679	257
63	63	10,40,46,36	48,127,48,59	245	507
42	132	25,17,17,49	48,53,118,162	212	232
196	47	154,127,197,216	35,58,50,53	305	218
63	127	45,49,46,97	57,88,62,97	196	270
91	56	55,53,78,46	47,31,43,66	270	221
63	79	44,72,36,59	79,68,69,97	221	247
428	137	286,391,713,750	259,445,344,693	326	291
222	224	244,239,161,453	123,50,36,41	291	291
2	0	9,0,0,0	2,0,0,0	434	209
4	0	15,0,0,0	2,0,0,0	923	209
6	1	1,0,0,0	4,0,0,0	215	251
4	0	2,0,0,5	4,0,0,0	224	212
8	22	20,0,0,0	22,0,2,4	866	311
8	39	20,0,0,0	89,3,2,4	866	518
157	87	201,178,142,245	154,126,61,74	277	258
0	9	5,2,2,0	4,2,6,6	214	274
13	18	4,2,6,6	3,4,7,10	274	455
16	0	38,4,2,0	30,0,0,1	347	336
6	0	84,19,10,33	7,3,3,3	350	362
9	0	4,1,8,2	0,0,0,2	299	266
310	310	328,160,182,207	354,173,236,255	254	293
1	7	0,0,0,0	2,3,0,2	199	291
1	2	0,0,0,0	5,1,2,0	199	268
1	4	0,0,0,0	0,0,0,2	199	330
7	2	2,3,0,2	5,1,2,0	291	268
7	4	2,3,0,2	0,0,0,2	291	330
2	4	5,1,2,0	0,0,0,2	268	330
12	21	104,4,0,1	85,17,6,8	315	361
3	62	101,14,4,0	157,56,40,47	361	344
0	64	27,0,0,2	95,38,45,46	290	238
27	2	3,10,5,7	2,8,3,1	263	293
44	32	9,17,30,33	5,16,9,14	231	257
80	66	20,29,25,31	8,13,31,32	321	294
77	29	21,21,28,34	13,12,6,18	275	240
14	37	5,6,10,9	19,15,27,36	193	199
13	0	15,2,6,5	8,1,0,0	264	325
69	19	16,32,11,33	40,13,0,7	298	369
4	17	26,0,0,5	17,15,17,12	299	239
11	74	67,12,2,2	26,44,61,32	248	205
20	266	26,2,10,10	233,172,105,94	295	309
110	0	109,57,50,55	0,1,5,8	280	284
40	0	80,24,19,21	0,1,5,8	295	284
0	82	0,1,0,0	29,32,33,32	232	286
25	20	6,3,6,4	18,26,2,13	270	342
25	18	6,3,6,4	18,26,4,11	270	278
2	29	4,4,2,2	19,14,13,24	342	267
3	31	8,6,2,2	19,14,11,24	278	267
164	31	81,51,68,96	127,14,9,9	249	270
102	105	232,20,37,53	51,26,16,28	331	249
58	128	120,24,14,25	147,39,29,57	278	278
366	181	327,135,149,245	176,46,53,51	395	379
92	359	70,43,28,44	314,127,132,189	253	395
88	68	68,49,55,50	68,48,31,61	206	195
1	1	0,0,0,2	3,2,0,2	356	285
1983	3064	269,159,236,297	642,335,233,382	250	356
534	1838	154,61,9,12	272,196,120,192	287	249
34	0	3,1,0,2	0,15,6,9	1216	388
0	2	0,14,6,9	1,10,0,3	388	772
0	2	0,14,6,9	1,10,0,3	385	772
4	49	5,0,2,8	32,19,5,33	253	308
0	4407	2,1,0,0	1250,1506,1476,1661	272	1509
12	0	39,2,0,0	7,0,0,0	294	294
688	448	210,173,254,253	104,114,165,189	219	196
361	17	133,57,106,101	0,6,1,0	306	230
333	158	134,68,89,78	100,28,56,48	281	270
333	2	134,68,89,78	3,0,1,0	281	255
50	12	9,3,4,8	29,1,2,0	229	341
205	473	144,193,173,131	524,418,369,381	309	677
201	494	109,110,136,115	536,451,395,398	301	677
195	121	109,108,134,115	139,72,78,86	301	378
429	456	476,238,106,157	682,342,107,153	270	280
4	2	2,0,0,0	4,5,2,2	243	200
8	8	20,3,6,8	13,4,1,24	789	247
102	63	50,41,102,59	71,34,106,55	293	283
189	289	26,45,14,43	10,58,26,63	269	245
0	16	0,0,2,0	2,5,0,9	233	185
17774	10811	11310,15383,13106,13541	14385,11820,6132,7418	311	377
63	63	45,72,91,91	45,58,96,61	259	231
16	3	2,22,8,2	0,17,2,9	299	289
15	103	0,2,0,0	6,22,34,58	236	268
0	7	0,5,2,14	0,8,10,27	194	194
16	148	10,8,14,14	63,41,67,100	185	185
12	0	3,5,6,1	4,0,0,0	209	255
12	2	3,3,0,8	0,0,0,0	253	254
7	0	2,1,2,2	0,0,0,1	232	254
186	147	120,102,118,121	106,80,58,84	293	280
186	41	120,100,118,121	30,7,8,15	293	280
131	298	78,37,58,57	147,136,156,139	280	336
3187	3889	614,222,768,493	628,307,1014,637	291	282
4239	2307	757,325,1136,668	523,200,532,370	296	248
2249	7485	403,180,557,389	1757,433,2092,1724	248	392
4386	1181	885,289,786,582	329,101,190,116	334	214
57	42	10,0,0,6	3,4,8,47	360	236
37	6	12,19,6,11	8,2,0,0	246	224
38	0	176,30,28,21	1,0,0,0	234	271
8	0	74,11,1,3	3,0,0,0	234	186
8	99	74,11,1,3	276,56,136,98	234	335
67	67	120,31,98,70	131,26,46,41	335	249
85	78	210,46,121,86	164,27,50,49	335	238
89	66	75,46,99,113	42,62,97,86	328	320
916	0	734,344,310,286	7,0,0,2	2498	308
14	86	20,2,0,2	30,25,31,43	325	224
2	25	2,0,0,0	16,5,4,12	202	292
0	3	12,0,0,0	9,0,0,0	292	237
33	30	24,22,18,19	16,8,2,22	254	296
391	178	236,132,151,124	85,42,73,65	686	381
153	341	91,25,39,38	254,121,97,122	337	686
174	365	38,64,31,31	70,134,74,64	333	657
379	342	20,101,104,124	22,79,64,85	306	288
271	157	140,109,161,164	96,51,121,175	314	254
15	3	36,17,22,24	0,0,2,6	278	188
16	234	3,24,10,8	145,117,137,117	211	361
14	134	4,24,10,8	59,41,94,72	211	361
252	83	140,146,163,104	33,58,38,62	361	206
116	73	57,75,129,123	24,32,30,40	248	231
6	0	5,8,2,10	2,0,0,0	242	172
4	8	2,0,2,0	0,0,0,0	491	194
109	207	51,38,34,66	74,76,113,134	241	283
21	61	5,10,4,7	27,32,30,29	188	218
77	59	37,62,37,57	35,18,17,29	265	232
77	36	37,62,37,57	18,13,19,19	265	198
78	6	50,64,37,61	7,3,5,10	265	232
78	2	50,64,37,61	2,4,10,2	265	198
78	18	50,64,37,61	56,9,2,0	265	251
10	113	6,4,3,8	83,46,28,46	232	336
10	4	6,4,3,8	20,2,3,8	232	184
6	18	7,3,5,10	56,9,2,0	232	251
2	18	2,4,10,2	56,9,2,0	198	251
3	7	0,1,6,2	6,0,2,6	241	241
28	25	15,6,4,9	33,4,1,11	229	253
424	614	159,221,256,266	314,325,364,339	284	333
505	952	392,334,80,146	326,551,302,407	252	224
507	7	392,334,80,146	1,7,4,0	252	247
934	7	624,566,200,281	3,7,4,0	586	271
311	7	153,179,98,82	3,7,4,0	206	271
311	7	153,180,98,82	3,7,4,0	206	271
651	7	461,456,173,188	3,7,4,0	181	271
507	298	392,334,80,146	146,178,93,79	252	181
651	7	461,456,173,188	3,7,4,0	181	247
67	82	113,53,20,29	97,28,44,60	330	285
225	71	135,72,74,69	39,22,24,5	257	227
70	111	120,39,11,20	147,31,24,44	301	272
24	2	12,19,2,9	0,0,0,0	307	247
12	152	14,7,11,6	124,32,102,121	212	174
617	446	566,186,267,451	364,165,303,348	239	212
809	886	555,297,618,586	496,240,449,522	248	239
293	528	198,111,232,207	465,160,250,331	219	210
2	3	2,0,0,0	4,2,0,2	203	284
229	140	83,69,123,170	63,36,146,171	340	210
8	22	1,7,8,4	21,0,14,27	304	271
389	173	300,401,309,368	231,139,78,124	251	257
100	15	55,53,67,72	4,23,14,16	514	284
6	1	4,8,7,10	4,2,0,5	352	269
6	1	2,8,7,10	4,2,0,5	348	265
222	1058	55,113,156,152	264,520,750,796	206	290
1078	804	186,504,741,653	208,424,518,501	290	293
178	143	111,102,133,184	54,102,173,133	303	251
117	117	84,102,149,129	82,94,68,84	256	303
87	109	30,39,47,52	88,75,115,146	233	256
57	2	43,51,21,33	4,7,2,6	260	319
403	688	233,1005,1020,1027	476,1909,3223,2923	236	276
627	672	371,1462,1889,1764	465,1838,3157,2851	269	276
13	672	4,3,8,23	465,1837,3155,2854	236	276
643	551	378,1533,1959,1837	385,1293,2210,2400	269	236
273	555	158,547,1120,1079	385,1290,2212,2402	203	236
233	551	141,335,700,787	385,1290,2208,2400	194	236
0	551	0,3,1,0	385,1290,2208,2402	194	236
0	551	0,3,5,4	385,1290,2208,2402	203	236
273	560	158,547,1114,1076	315,1524,1584,1506	203	269
43	225	16,19,3,16	53,102,79,58	292	272
3	4	7,1,1,2	12,2,5,10	336	373
3	11	7,1,1,2	6,7,5,12	336	207
3	11	7,1,1,2	7,3,6,4	336	310
4	11	12,2,5,10	7,3,6,4	373	310
11	11	6,7,5,12	7,3,6,4	207	310
183	18	36,71,65,48	26,22,2,2	272	216
183	11	36,71,65,48	0,6,7,2	272	216
106	121	93,61,24,66	23,64,70,89	332	229
8	0	3,0,2,6	0,0,1,0	280	189
8	4	3,0,2,6	0,0,0,0	280	218
0	4	0,0,1,0	0,0,0,0	189	218
175	328	67,58,58,85	151,115,148,175	288	360
326	277	98,94,138,228	89,83,155,194	247	266
0	59	0,4,0,0	11,16,50,61	170	266
10	59	13,14,4,8	11,16,50,61	402	266
14	4	8,2,0,0	2,0,0,0	638	191
10	27	2,12,12,7	8,31,21,2	260	309
45	322	103,17,19,17	226,134,216,234	266	380
51	56	36,29,16,5	69,21,13,21	227	241
2	2	0,1,2,7	0,0,1,0	269	320
158	181	48,52,64,110	40,33,75,86	305	289
132	195	33,31,39,51	52,68,84,123	263	305
6	13	0,1,0,0	1,5,8,2	325	264
13	8	2,0,2,0	2,2,3,0	206	250
94	107	19,47,27,45	22,88,110,103	222	239
94	57	19,47,27,45	14,44,31,56	222	235
77	172	14,39,57,38	60,106,63,98	239	325
172	78	115,84,86,166	228,79,37,74	214	427
11	17	315,250,142,250	157,156,94,170	222	187
43	1182	3,5,6,12	1091,1208,624,760	274	271
180	1182	43,30,40,50	1091,1208,624,760	378	271
4	4	7,14,0,3	4,0,0,0	331	239
194	65	59,69,129,120	12,33,80,43	285	206
62	117	27,28,75,58	32,53,111,82	206	248
5	9	2,3,16,16	3,7,1,6	327	376
68	154	27,37,37,24	66,104,85,84	221	334
49	3	9,30,18,6	0,0,0,1	209	228
21	214	1,6,12,3	117,156,115,144	209	334
337	466	87,296,389,303	196,389,300,297	231	261
256	379	71,166,289,192	144,347,315,233	287	231
113	64	26,60,41,40	16,18,34,55	317	202
96	309	50,128,93,95	120,266,240,231	243	280
218	65	79,147,147,161	14,40,52,66	758	244
0	74	27,2,0,2	18,30,24,28	319	236
25	25	54,17,3,13	36,0,18,18	321	268
5	7	35,1,2,1	23,2,2,0	294	305
23	97	12,12,13,9	36,70,41,44	195	293
12	173	3,7,12,5	52,72,99,133	343	216
3	106	1,3,0,0	69,88,53,69	217	259
15	30	15,7,7,6	30,6,15,18	275	312
30	0	32,6,15,18	3,4,0,0	399	456
30	0	32,6,15,18	3,4,0,0	306	456
41	4	54,16,0,11	19,0,0,0	331	300
41	14	54,16,0,11	25,3,1,4	331	295
4	14	19,0,0,0	25,3,1,4	300	295
0	38	2,0,0,0	41,10,8,10	287	308
65	51	25,39,22,20	24,14,15,29	247	239
2	102	0,0,0,0	16,62,70,38	201	254
15	67	3,19,11,22	13,37,45,33	281	254
0	45	2,7,3,6	3,31,37,14	213	281
41	23	26,33,30,30	16,30,39,8	323	263
24	34	5,18,17,3	11,18,24,12	222	247
104	29	35,55,71,65	9,25,26,21	350	222
0	2	1,0,0,0	13,0,0,0	281	275
2	2	0,0,0,0	0,0,2,0	245	192
46	126	17,13,4,14	36,21,44,43	253	230
252	129	198,99,90,81	86,52,56,71	439	262
18	193	32,4,2,8	123,66,88,119	280	321
32	193	60,18,4,4	123,66,88,119	365	321
49	113	47,14,38,53	105,56,64,52	321	268
73	112	118,24,41,53	105,56,64,52	321	268
58	1715	3116,136,12,44	6088,3501,569,712	296	335
140	203	56,165,114,111	144,337,240,243	292	286
142	57	168,81,87,60	102,13,26,52	248	250
135	9	160,71,86,54	20,5,3,6	248	250
8	1	4,1,0,2	4,4,0,0	222	246
513	54	7968,2730,1319,2569	6455,359,89,232	272	266
86	523	4891,682,163,247	7624,2518,1124,2356	239	253
26	17	6,0,4,0	2,2,0,0	227	200
66	263	26,35,15,36	63,108,144,135	282	281
34	88	26,8,16,19	17,34,24,21	224	255
555	415	216,176,177,144	68,96,66,53	255	255
0	4	2,0,0,0	0,0,0,0	495	249
0	2	2,0,0,0	0,0,0,0	495	242
0	1	2,0,0,0	0,0,0,0	228	325
2	24	0,0,0,0	19,9,16,28	218	280
50	296	86,13,8,37	256,79,73,189	173	182
37	33	24,11,3,10	6,23,21,20	350	276
55	74	13,49,53,21	42,59,48,100	214	222
95	77	46,75,40,65	57,46,18,51	289	253
20	73	0,11,10,16	55,42,16,47	289	253
0	73	13,0,0,0	55,42,16,47	222	253
1439	2564	858,1230,1244,1088	1540,1958,2087,1781	254	310
1435	2040	859,1232,1242,1088	1300,1629,1354,1150	254	293
1130	5	672,932,890,716	0,1,2,26	234	313
1624	953	828,1344,1225,901	526,772,704,593	266	208
15	131	9,19,8,20	32,43,94,87	174	215
7	26	46,20,10,16	4,4,4,2	325	316
261	127	20,8,29,19	7,18,13,9	226	218
147	58	6,12,8,9	2,7,6,3	238	218
1532	977	1215,1716,1391,1224	979,994,698,570	223	208
4258	1447	4525,4399,4721,4204	1591,1700,1405,1105	365	269
4254	19	4525,4399,4721,4204	48,28,2,22	365	269
26	3516	895,99,7,25	3340,3545,3675,3115	269	276
19	3516	41,27,2,22	3340,3545,3675,3115	265	276
10	8	2,0,4,0	2,0,0,2	329	280
432	438	201,54,82,70	126,31,90,76	275	325
9	234	2,2,0,0	60,96,111,173	212	276
9	168	2,2,0,0	50,76,89,107	212	279
0	82	0,6,38,10	34,214,1247,517	230	239
0	3	4,0,0,0	11,0,2,0	232	376
55	9	58,11,14,11	0,0,0,0	293	287
287	52	37,83,130,87	20,9,21,9	320	207
84	64	10,25,42,37	7,8,17,11	249	243
39	183	15,8,20,15	59,77,101,95	243	490
76	206	27,41,22,26	47,73,138,89	216	281
443	348	192,128,97,123	196,108,68,125	347	353
5	2	1,1,0,0	2,0,0,8	350	303
135	72	33,29,35,79	23,43,26,46	257	226
1	31	5,0,0,2	20,8,18,7	217	223
40	23	33,26,5,6	39,12,6,16	215	214
69	195	21,14,8,17	99,64,12,38	187	328
99	35	92,64,40,86	40,11,17,31	375	227
42	57	22,8,5,8	115,19,11,11	209	408
69	41	62,13,18,37	32,11,9,8	263	209
159	66	54,59,99,90	29,60,113,67	222	249
161	147	56,62,104,90	53,54,132,114	222	250
29	48	48,3,0,6	26,2,1,16	254	192
2239	1181	414,778,863,762	262,476,371,323	279	261
186	504	54,34,56,59	113,84,168,189	228	301
352	212	85,45,120,164	41,32,58,74	301	246
