IJC_SAMPLE_1	SJC_SAMPLE_1	IJC_SAMPLE_2	SJC_SAMPLE_2	IncFormLen	SkipFormLen
180	0	240	35	303	149
623	6	262	0	319	149
680	6	291	0	309	149
241	15	96	0	215	149
103	8	131	1	246	149
243	2	1697	77	195	149
954	0	341	15	212	149
961	6	359	0	185	149
1133	5	331	0	176	149
1471	0	520	24	203	149
898	6	288	0	290	149
75	46	98	31	355	149
65	14	91	74	690	149
9	5	6	7	284	149
5	24	6	70	284	149
2	33	0	39	209	149
233	1	1610	19	337	149
72	70	206	433	258	149
215	1	1026	6	392	149
490	1	2215	6	278	149
4	70	0	144	297	149
6198	7	24943	104	251	149
7	108	49	337	658	149
689	8	1843	0	235	149
551	1	373	0	270	149
1286	84	584	8	270	149
473	756	932	318	1244	149
16	5	30	0	214	149
25	1	304	7	372	149
16	1	53	7	248	149
0	18	16	62	348	149
144	21	263	0	212	149
0	4	8	0	266	149
0	2	8	0	266	149
46	120	299	211	507	149
9	120	28	211	267	149
0	64	8	332	330	149
4	5	12	11	285	149
113	2	354	15	227	149
1	0	36	1	235	149
1	9	26	81	222	149
87	0	68	4	310	149
13	2	0	21	1104	149
3	2	9	21	271	149
30	0	119	22	238	149
27	5	145	0	245	149
0	13	30	84	243	149
318	8	786	0	289	149
4	1930	0	2411	201	149
1149	2	2158	0	1154	149
6	1930	0	2411	245	149
3046	2	4517	0	262	149
1463	11	1900	0	262	149
1419	11	2489	0	279	149
3003	1	5118	12	279	149
221	25	319	0	287	149
165	11	790	28	307	149
74	11	285	35	265	149
0	43	1	0	400	149
24	4	187	39	346	149
17	0	97	2	346	149
14	0	104	2	273	149
22	5	155	0	273	149
14	0	5	7	221	149
32	0	66	7	230	149
12	2	5	9	230	149
14	0	52	7	273	149
18	2	106	9	239	149
39	1	160	0	239	149
57	0	24	4	365	149
26	0	0	24	294	149
135	0	372	24	245	149
131	7	469	0	217	149
166	0	760	5	317	149
79	3	101	7	347	149
2	0	37	17	269	149
31	14	43	0	326	149
21834	92	6211	12	246	149
9449	14	3051	31	246	149
7917	14	1360	31	219	149
20547	3	4618	0	219	149
3	0	0	11	186	149
138	15	145	15	212	149
34	0	30	15	212	149
15	40	55	342	281	149
1	41	15	472	267	149
15	3	28	0	198	149
51	25	17	58	825	149
38	35	58	0	210	149
4	32	18	28	264	149
4	6	0	12	198	149
117	1	467	0	292	149
9	57	28	252	245	149
106	7	301	0	273	149
2	0	10	9	211	149
1	2	12	22	1300	149
444	22	274	6	202	149
872	14	451	8	252	149
168	15	473	20	386	149
80	6	72	5	260	149
298	0	780	21	283	149
14	81	14	135	204	149
82	15	192	28	227	149
11	11	0	18	275	149
320	91	202	73	230	149
4	12	102	6	244	149
0	3	33	97	210	149
10	3	107	97	296	149
38	11	67	34	234	149
49	0	78	1	239	149
49	5	148	11	209	149
24	0	79	4	501	149
21	2	80	0	326	149
28	2	23	0	179	149
63	1	161	0	360	149
468	0	816	3	260	149
5	12	12	0	200	149
44	482	20	509	296	149
807	0	888	9	245	149
0	20	9	125	309	149
67	0	77	1	490	149
101	0	201	6	326	149
95	0	147	6	264	149
26	152	20	71	297	149
108	231	10	82	330	149
295	748	67	139	275	149
25	0	0	40	305	149
0	2	40	7	233	149
0	2	4	0	249	149
4	80	0	90	284	149
4	15	12	27	271	149
0	21	12	62	305	149
2	21	12	62	314	149
2	21	23	62	339	149
56	0	37	11	242	149
52	0	37	2	242	149
9	0	18	4	368	149
42	0	13	2	230	149
80	19	34	0	198	149
211	1	36	0	290	149
6	2	6	3	271	149
197	1	423	26	218	149
0	64	14	240	214	149
51	2	306	20	236	149
29	2	188	20	287	149
753	0	641	5	348	149
236	5	802	0	292	149
6	136	8	499	265	149
16	17	16	17	244	149
34	17	17	17	277	149
2673	1	3354	11	265	149
2144	6	1942	0	290	149
3	0	226	18	241	149
2	129	0	222	249	149
355	4	422	1	259	149
9	538	20	272	347	149
286	711	707	1095	381	149
29	711	78	1095	755	149
10	711	15	1095	398	149
4	711	12	1095	325	149
764	6	450	0	219	149
46	7	28	29	171	149
519	0	386	25	241	149
450	7	517	0	267	149
6	227	0	288	283	149
2	227	12	288	261	149
17	92	15	117	315	149
1325	0	949	5	271	149
285	3	437	0	277	149
10	10	19	39	402	149
6	39	41	90	402	149
2	12	30	86	268	149
12	0	48	26	325	149
18	0	68	26	283	149
963	9	3300	39	228	149
268	10	769	0	228	149
557	10	965	0	220	149
1269	0	3496	10	220	149
340	11	1202	0	220	149
676	11	1349	0	235	149
1611	2	3677	17	235	149
3	17	65	1	265	149
0	33	4	130	286	149
33	0	130	5	301	149
33	4	130	0	301	149
30	1	37	0	301	149
6	0	0	5	216	149
7	4	89	0	210	149
29	0	91	10	225	149
7	0	26	5	211	149
2	48	0	375	399	149
543	3	628	9	326	149
95	15	359	64	232	149
426	0	322	10	204	149
21	2328	1	1516	240	149
7	19	33	37	383	149
7	19	33	37	299	149
23	0	26	18	216	149
158	3	290	0	220	149
246	2	589	0	287	149
9	19	32	74	214	149
37	10	130	25	261	149
105	4	367	12	285	149
522	0	447	10	377	149
8	7	35	22	337	149
15	98	41	305	337	149
17	98	50	305	289	149
10	7	38	16	289	149
229	0	576	18	265	149
26	73	300	340	380	149
193	0	1861	13	310	149
9	0	57	28	311	149
46	10	180	27	604	149
59	0	138	5	240	149
269	4	1596	34	229	149
2767	32	3656	0	230	149
3	1880	37	2634	271	149
23	5	24	0	3468	149
0	37	10	74	238	149
0	1749	14	25067	166	149
1454	19	16332	314	428	149
3162	19	41068	314	321	149
22	6	33	0	317	149
22	6	33	0	308	149
10	6	16	0	222	149
53	8	203	0	257	149
290	4	554	0	302	149
71	6	198	0	235	149
70	0	197	49	198	149
4	7	83	99	264	149
284	0	1201	18	267	149
9528	1	1014	0	765	149
4	193	0	1174	228	149
162	2	597	0	303	149
244	0	792	5	220	149
0	71	8	21	199	149
51	1161	0	305	272	149
7098	4	1329	0	890	149
3	0	18	24	248	149
5	0	43	13	264	149
1	52	0	14	215	149
86	0	49	7	377	149
37	0	7	19	323	149
3	21	28	6	221	149
3	6	25	16	242	149
8	148	9	322	241	149
0	27	12	10	222	149
17	27	0	10	287	149
0	23	11	139	247	149
45	4	263	24	373	149
28	2	187	0	262	149
0	2	19	94	274	149
26	0	80	3	238	149
151	0	356	3	319	149
80	0	136	3	307	149
226	7	502	0	302	149
6	8	65	7	334	149
6	8	12	7	327	149
13	112	5	155	310	149
134	4	128	0	257	149
21	5	41	19	263	149
25	4	42	11	220	149
11	0	85	19	236	149
133	0	143	43	260	149
28	128	32	185	176	149
49	2	183	14	308	149
2	52	45	75	273	149
35	0	66	12	247	149
35	1	66	7	247	149
0	1	12	7	223	149
10	11	21	39	223	149
5	5	21	10	223	149
11	5	39	10	211	149
93	2	217	0	312	149
101	25	20	101	194	149
35	25	2	101	209	149
186	8	1195	45	317	149
64	26	282	40	187	149
81	26	340	40	184	149
833	2	1593	0	268	149
480	2	782	0	256	149
993	20	1380	0	272	149
13	4	75	0	233	149
24	3	29	0	239	149
27	2	88	77	234	149
90	27	130	26	246	149
135	0	277	6	239	149
82	5	231	30	239	149
87	0	294	6	244	149
95	5	216	30	244	149
81	5	25	30	294	149
138	4	83	18	294	149
88	20	97	0	294	149
17	5	98	0	236	149
3	11	67	37	211	149
0	5	15	88	278	149
0	5	2	88	242	149
17	0	194	8	474	149
4	1	0	44	303	149
5	16	15	26	393	149
20	4	55	5	310	149
3	0	0	10	330	149
4	11	10	22	305	149
18	0	42	9	356	149
2	0	9	25	300	149
3590	4	2333	0	1079	149
563	4	402	26	221	149
9	340	0	281	268	149
2	19	45	23	203	149
1	16	4	20	225	149
2	16	4	20	325	149
54	0	70	8	278	149
10	19	7	0	219	149
3	7	0	5	391	149
8	12	0	26	391	149
21	2	28	0	221	149
23	2	42	0	218	149
316	2	385	0	391	149
496	2	629	0	391	149
218	22	199	35	337	149
27	86	4	0	423	149
70	3	198	0	266	149
2	0	0	10	299	149
526	0	888	1	463	149
16211	4	1803	0	325	149
9	50	12	18	298	149
6	16	2	0	251	149
828	1	107	3	316	149
1457	1	232	3	369	149
59	1	55	79	265	149
7	0	15	1	285	149
16	2	10	49	307	149
19	13	19	8	307	149
20	0	71	1	274	149
3	5	12	8	269	149
1	0	7	14	249	149
7	0	33	14	305	149
593	55	586	8	271	149
593	55	586	8	268	149
70	1	476	0	264	149
288	43	89	0	327	149
700	0	2865	11	245	149
1631	0	5347	8	336	149
101	4	158	0	270	149
30	0	160	7	233	149
6	0	12	2	213	149
6	0	12	2	199	149
0	5	14	259	267	149
47	19	44	139	269	149
2496	13	958	4	250	149
141	68	14	14	269	149
221	0	85	7	203	149
314	2	85	0	348	149
172	0	140	21	238	149
50	11	11	4	320	149
33	0	198	3	460	149
109	7	371	1	296	149
2	41	0	18	200	149
0	28	6	14	200	149
734	3	809	0	360	149
496	23	411	21	360	149
101	23	90	21	219	149
353	17	479	8	219	149
521	18	2535	5	239	149
0	297	1	1531	243	149
461	0	2543	64	215	149
324	0	879	2	233	149
270	3	510	0	200	149
8	4	0	145	242	149
8	0	198	15	284	149
47	0	164	20	272	149
2	36	0	39	237	149
79	3	143	0	245	149
8	0	20	5	295	149
0	9	5	0	239	149
0	9	21	0	284	149
2	0	59	27	340	149
7	3	106	0	238	149
1	1	29	4	319	149
10120	30	266	0	280	149
33059	11	34	0	431	149
0	4	18	0	484	149
4	6	38	10	247	149
7	0	0	4	220	149
14	11	52	18	276	149
6	0	40	27	276	149
6	16	18	8	276	149
4	0	82	8	276	149
11	2	26	0	342	149
3	0	0	5	188	149
13	0	26	25	246	149
41	0	69	48	1082	149
6	0	39	48	496	149
13	124	0	80	260	149
6	35	12	24	334	149
723	15	498	0	224	149
4968	17	1195	15	359	149
2790	14	720	13	359	149
75	3249	0	1486	270	149
37	5	123	6	315	149
22	2	27	0	169	149
18	2	261	24	217	149
9	0	231	10	245	149
11	0	265	8	245	149
8	39	19	61	361	149
0	25	9	26	452	149
20	0	70	16	185	149
21	37	119	32	185	149
130	2	255	6	431	149
214	0	495	4	446	149
17	50	34	215	408	149
48	0	687	4	192	149
5	0	272	9	185	149
23	0	130	9	341	149
81	0	342	17	185	149
35203	13	41180	9	272	149
30179	249	28998	279	336	149
15636	249	16450	279	598	149
2028	15974	1411	13655	321	149
16	0	113	25	297	149
165	6	384	5	220	149
5	6	24	0	272	149
9	5	89	0	260	149
8	0	55	28	276	149
0	3	22	0	234	149
2	3	51	0	266	149
1	3	46	0	290	149
0	2	20	5	332	149
0	1	9	0	268	149
7	1	46	25	267	149
0	7	17	38	385	149
0	7	17	38	404	149
5	0	0	21	297	149
0	7	3	18	299	149
0	7	4	18	247	149
0	2	52	29	269	149
144	8	166	11	276	149
9	0	0	6	269	149
4	0	42	23	353	149
8	1	12	0	224	149
33	0	64	6	241	149
0	28	35	229	305	149
11	327	106	1728	200	149
39	4	93	0	434	149
36	0	154	23	246	149
5224	6	1253	0	212	149
40	17	145	40	530	149
1	0	0	4	197	149
758	197	0	1	299	149
378	9	1	0	234	149
600	3	1	0	294	149
994	15	704	35	275	149
638	1	466	0	309	149
949	1	1000	0	312	149
65	381	9	398	236	149
15	0	8534	111	248	149
6	0	9094	7	273	149
8	0	43	47	173	149
18	8530	0	327	314	149
221	2	228	0	227	149
27	0	94	4	222	149
2124	2	1349	0	254	149
236	0	279	4	221	149
56	137	137	907	203	149
260	0	1430	23	251	149
144	17	292	28	292	149
82	4	205	7	292	149
67	17	80	28	289	149
7	4	9	7	236	149
372	29	522	42	422	149
74	1	102	0	263	149
266	6	1129	0	237	149
20	387	0	530	287	149
5	0	8	7	287	149
198	0	254	6	226	149
566	0	848	6	231	149
104	0	259	19	258	149
356	0	692	19	352	149
206	9	574	0	210	149
347	0	1129	10	349	149
483	0	659	13	212	149
40711	0	59024	13	222	149
159	0	196	13	390	149
24335	0	32760	9	320	149
65641	0	92945	9	215	149
45097	4	42925	0	209	149
100	18	74	2	288	149
78	18	81	2	234	149
148	3	146	8	328	149
558	20	702	42	211	149
358	4	581	0	464	149
648	4	1041	0	329	149
6	0	116	2	324	149
10	0	69	25	262	149
25	0	206	1	584	149
1122	158	304	13	222	149
211	6	68	0	321	149
115	400	119	603	209	149
123	400	143	603	221	149
2991	400	3348	603	1623	149
1598	0	1247	8	251	149
92	1	359	0	204	149
25	0	16	51	313	149
301	90	176	37	208	149
463	5	256	0	311	149
116	13	60	43	224	149
178	38	89	58	269	149
537	38	248	58	246	149
266	91	227	33	241	149
111	14	10	103	630	149
176	5	118	13	253	149
87	0	97	13	301	149
7	1	21	0	187	149
2	0	0	7	204	149
452	16	392	18	1195	149
1	0	0	13	178	149
0	161	5	1570	212	149
3	2	0	74	212	149
327	2	3121	74	242	149
66	0	521	8	242	149
166	3	1595	0	242	149
97	9	867	48	190	149
180	0	2610	8	252	149
451	9	5171	48	252	149
198	9	1877	48	293	149
70	39	290	31	291	149
81	0	215	24	275	149
4	58	51	188	299	149
4	3	142	14	190	149
11	3	161	14	486	149
2	14	111	51	293	149
20	14	191	51	299	149
5	16	10	64	254	149
1	16	8	64	456	149
70	4	107	40	260	149
42	2	49	67	235	149
1313	0	5259	14	174	149
304	3	147	0	242	149
134	0	851	4	261	149
0	64	44	401	344	149
8	47	0	308	307	149
160	9	612	47	294	149
481	8	930	0	4018	149
1325	4	3136	27	263	149
647	4	1401	27	305	149
782	14	2101	0	299	149
1294	22	3535	40	299	149
0	22	21	19	221	149
19	14	60	8	256	149
27	14	65	8	300	149
20	14	76	8	352	149
29	14	100	8	519	149
8	8	27	5	259	149
3	27	4	280	209	149
2	0	295	6	1531	149
4	0	199	6	1326	149
493	1	361	0	245	149
234	1	145	0	282	149
0	11	44	114	208	149
448	30	371	0	955	149
131	3	756	21	234	149
342	3	1749	0	186	149
7	341	34	1505	349	149
199	8	126	3	218	149
1040	49	484	181	221	149
784	5	1373	0	365	149
36	5	5	0	272	149
153	4	137	10	217	149
282	28	124	23	217	149
46	11	108	0	350	149
7	51	0	76	229	149
2	37	0	79	413	149
38	6	79	0	158	149
170	0	182	2	254	149
14584	18	44	0	291	149
73733	98	11946	237	211	149
128372	11	22407	0	227	149
741	129845	38	22486	269	149
395	2455	11	276	269	149
125948	9	21939	0	285	149
256671	2455	39014	276	285	149
127719	44	16599	0	285	149
126656	2455	21988	276	319	149
126676	2455	22002	276	430	149
35	2455	0	276	270	149
48	131992	1	17182	270	149
1453	3	1262	0	446	149
133	13	19	0	271	149
208	13	36	3	287	149
55	13	6	3	303	149
220	0	48	9	237	149
63	1	18	0	237	149
26	10	64	44	173	149
192	10	188	44	308	149
0	1	6	1	314	149
1	9	31	0	271	149
4	0	0	1	237	149
474	7	2811	48	284	149
300	2	2318	11	293	149
60	0	51	11	284	149
33	416	16	439	248	149
165	6	49	8	235	149
61	4	68	0	278	149
63	225	52	11	202	149
8	47	0	4	242	149
470	47	302	4	437	149
6	1	82	0	377	149
152	0	258	18	316	149
4	361	0	536	351	149
0	196	12	240	345	149
2	90	10	451	233	149
3	60	7	262	247	149
57	0	261	2	269	149
12	0	24	2	254	149
211	21	587	15	515	149
2790	2	1204	0	251	149
106	0	659	8	192	149
2	8	102	26	161	149
32	50	288	127	317	149
458	6	1005	28	237	149
520	14	1270	0	236	149
580	3	1126	22	313	149
27	10	86	7	191	149
4	0	56	10	276	149
0	4	135	52	482	149
0	4	158	52	452	149
0	4	162	52	457	149
2	4	31	52	223	149
632	5	1188	18	353	149
4	18	0	125	258	149
244	18	672	125	1037	149
680	18	1507	125	275	149
779	10	319	0	291	149
18	0	53	12	289	149
11	0	54	4	176	149
2	1562	0	2	247	149
699	0	846	29	269	149
582	2	638	0	286	149
234	5	442	57	212	149
79	1	165	3	259	149
213	1	420	3	322	149
67	1	125	3	287	149
2	67	10	139	235	149
35	6	32	0	320	149
59	0	134	6	339	149
4394	9	3955	20	278	149
2348	2	2077	0	278	149
1675	7	3424	16	521	149
8	101	0	190	342	149
0	33	2	27	271	149
1	14	10	48	185	149
213	5	503	0	300	149
5	0	221	5	197	149
195	6	290	0	208	149
24	0	131	51	210	149
176	13	714	6	223	149
923	6	3265	87	232	149
376	6	1456	87	228	149
208	0	656	11	199	149
880	0	3138	24	199	149
248	2	877	0	199	149
400	2	1331	0	199	149
1031	4	3626	51	199	149
229	12	965	40	199	149
132	12	331	40	246	149
946	21	3042	60	246	149
432	21	1455	60	269	149
65	5	99	35	222	149
55	5	127	35	232	149
0	6	16	35	365	149
47	0	111	31	338	149
255	0	277	31	608	149
353	7	95	0	285	149
3	0	66	11	600	149
38	235	34	580	219	149
76	0	11	13	220	149
154	1	11	0	283	149
3178	26	6644	36	248	149
2664	0	3485	50	227	149
10	15	0	12	247	149
331	1	237	0	317	149
120	0	207	4	545	149
83	313	62	217	226	149
97	0	2045	37	320	149
5	0	0	34	340	149
1	0	0	12	221	149
4	0	11	16	276	149
13	6	51	5	251	149
0	2	8	0	187	149
92	6	396	2	1763	149
3	2	62	0	368	149
619	0	2324	3	239	149
1237	12	1323	14	204	149
66	9	225	0	247	149
44	4	180	0	545	149
66	12	145	5	342	149
37	11	66	12	301	149
74	3	93	0	301	149
121	0	100	20	210	149
46	3	61	0	210	149
12	78	14	118	224	149
900	19	2924	42	193	149
2346	19	6710	42	196	149
701	19	2276	42	289	149
1721	2	5267	0	284	149
1712	23	5148	236	182	149
426	101	1195	424	182	149
31	0	117	5	355	149
1820	9	2	0	305	149
33	101	16	123	200	149
42	101	16	123	340	149
4	3	12	7	199	149
4	4	15	0	199	149
31	4	80	4	216	149
70	4	119	4	262	149
34	0	34	20	212	149
3476	348	561	43	528	149
2496	7	408	97	528	149
447	7	85	97	334	149
1092	13	232	37	334	149
57	0	184	22	354	149
33	0	31	20	237	149
8122	17	9993	11	266	149
7592	54	8742	33	250	149
667	1	1288	0	209	149
429	0	827	7	286	149
1056	0	1542	7	507	149
1226	8	1835	12	234	149
7	0	50	33	184	149
2	2	140	238	184	149
0	4	35	153	191	149
10	0	301	62	197	149
1	0	117	286	209	149
2	10	66	186	209	149
0	1	33	58	203	149
0	10	23	186	185	149
0	1	103	58	185	149
0	2	7	7	185	149
1	0	306	62	200	149
1	10	586	186	200	149
2	2	364	7	200	149
1	2	543	7	200	149
145579	5	500	0	323	149
183072	183	587	0	209	149
97	475	1	111	206	149
35	107	0	107	206	149
959	107	262	107	296	149
558	10	152	0	296	149
2858	19	184	0	371	149
75	58	27	0	371	149
2860	6	172	0	371	149
4851	19	253	0	214	149
1322	58	49	0	214	149
3566	6	251	0	214	149
1019	58	38	0	182	149
7126	13	435	0	182	149
0	1	21	1084	271	149
0	1	98	1084	233	149
2	0	1641	18	203	149
0	9	49	182	243	149
28	0	284	39	233	149
214	2	536	0	246	149
52	3	48	0	210	149
176	0	154	5	499	149
88	8	356	0	272	149
57	8	366	0	326	149
141	6	926	0	326	149
169	0	591	15	332	149
54	82	165	405	206	149
8	30	40	34	276	149
0	48	25	79	274	149
42	2	6	0	253	149
52	0	5	28	297	149
0	8	46	0	306	149
1	1	35	49	184	149
5	1	8	32	355	149
4	0	12	8	276	149
13	7	31	61	595	149
7	7	31	61	475	149
9	0	60	10	276	149
9	0	51	30	245	149
22	0	38	11	245	149
17	18	15	0	224	149
2	26	46	18	245	149
4	4	30	8	245	149
5	0	9	23	192	149
7	0	19	2	276	149
13	0	78	4	272	149
18	0	117	4	276	149
5	19	0	152	240	149
26	3	192	36	227	149
35	0	294	40	214	149
2688	3	2435	0	385	149
7342	3	7112	0	228	149
5856	2	5136	0	221	149
1918	2	1920	0	241	149
58	9	137	13	253	149
150	7	379	22	215	149
25	272	0	298	224	149
82	1	62	11	225	149
75	6	88	0	230	149
67	6	114	0	377	149
66	14	145	0	253	149
39	14	78	0	282	149
141	15	183	19	363	149
141	19	176	26	363	149
87	19	249	26	252	149
67	19	225	26	242	149
52	5	209	0	242	149
10	140	41	447	211	149
4	124	9	508	262	149
2	56	0	308	250	149
87	0	755	6	261	149
48	0	301	10	281	149
1441	16	2473	14	250	149
2	22	18	66	197	149
11	13	9	0	254	149
1617	25	967	6	420	149
1034	25	661	6	354	149
127	3591	106	6596	406	149
132	2408	110	4358	406	149
19091	5	33135	11	236	149
3216	7	2762	0	227	149
332	4	238	0	238	149
548	17	560	4	238	149
2724	7	3118	8	319	149
38	668	22	793	254	149
848	10	1308	0	191	149
14391	14	25802	26	329	149
10541	6	14647	0	279	149
1	148	0	80	393	149
182	3	605	0	248	149
549	8	426	0	206	149
737	0	630	38	210	149
3462	1	3622	0	216	149
301	6	566	20	211	149
269	8	192	0	199	149
45	0	301	4	274	149
109	22	30	269	197	149
109	13	132	11	291	149
11	0	72	8	231	149
21	4	47	41	231	149
2	0	25	4	292	149
218	4	423	0	315	149
36	686	82	727	506	149
1178	162	1557	344	240	149
441	4	472	13	240	149
0	754	6	1140	280	149
12	754	0	1140	247	149
191	4	371	13	202	149
783	4	1157	7	202	149
642	0	1014	10	191	149
55	12	57	23	355	149
44	10	30	19	282	149
629	3	441	19	308	149
2	236	0	596	273	149
369	7	810	19	203	149
4	13	0	35	281	149
28	19	10	92	271	149
0	104	3	151	324	149
133	147	212	465	215	149
0	321	4	3090	342	149
0	321	6	3090	205	149
0	379	14	5062	243	149
1	379	40	5062	779	149
852	10	40	0	283	149
54	16	154	11	548	149
72	0	262	15	653	149
23	16	16	48	307	149
0	5	24	73	277	149
3	0	133	67	305	149
633	5	411	0	220	149
4	0	43	18	257	149
5	0	40	24	296	149
0	9	49	0	347	149
10	68	217	295	281	149
14	68	52	295	296	149
14	1	110	103	296	149
4	0	32	3	242	149
1507	0	2182	13	205	149
6	1092	14	1616	292	149
6	1092	0	1616	286	149
254	3	804	0	353	149
16	160	89	208	227	149
18	0	190	89	272	149
0	17	7	157	297	149
78	0	87	12	274	149
94	10	120	0	185	149
29	10	43	0	323	149
747	4	273	3	275	149
1175	2	1467	0	261	149
650	6	1233	6	237	149
125	0	386	4	228	149
38	2	156	19	229	149
164	2	317	19	232	149
5	0	33	5	210	149
1	0	39	17	210	149
53	0	74	16	210	149
1	36	0	383	320	149
22	36	302	383	327	149
49	36	649	383	222	149
24	36	252	383	329	149
4	377	0	163	193	149
7	27	0	23	193	149
684	1	392	0	373	149
482	1	274	0	378	149
333	5	398	6	268	149
2	187	0	210	247	149
30	44	16	76	252	149
33	44	25	76	285	149
48	1	67	0	201	149
31	0	323	14	237	149
19	0	191	3	414	149
16	0	222	14	414	149
16	0	173	14	475	149
24	0	96	3	348	149
21	0	127	14	348	149
11	0	32	14	327	149
14	0	54	56	327	149
11	0	29	7	327	149
137	9	379	0	289	149
307	0	435	10	227	149
0	62	26	162	248	149
0	62	7	162	243	149
4	28	0	102	245	149
4	55	0	141	245	149
217	2	582	13	251	149
70	103	62	146	218	149
61	0	399	222	288	149
15	72	186	509	288	149
101	0	425	5	201	149
64	45	505	137	161	149
96	2	428	33	241	149
70	0	528	23	247	149
15	34	73	181	210	149
402	0	970	8	278	149
261	4	883	0	220	149
0	155	18	661	274	149
102	0	151	12	225	149
24	1	151	0	242	149
63	1	322	0	258	149
65	1	145	26	223	149
7	766	0	2478	268	149
864	17	805	2	260	149
510	8	644	6	267	149
0	116	20	346	261	149
0	36	22	238	270	149
584	1	543	5	437	149
260	1	248	5	362	149
24	0	89	31	216	149
732	4	606	0	267	149
199	14	282	0	240	149
5	0	66	3	243	149
12	0	217	3	237	149
2	3	137	0	234	149
4	2	16	67	197	149
8	296	14	786	202	149
14	42	0	116	193	149
9	42	0	116	351	149
9	42	0	116	354	149
36	2	161	0	222	149
8	14	55	41	226	149
8	14	53	41	1172	149
0	14	16	41	240	149
6	6	0	56	207	149
0	4	4	39	312	149
1	0	24	13	212	149
2	0	55	13	371	149
0	2	7	4	292	149
1	0	15	13	219	149
5	2	23	0	217	149
4	10	0	10	271	149
64	0	371	26	235	149
20	0	138	14	317	149
55	0	499	40	236	149
100	3	514	0	282	149
418	162	476	86	420	149
152	162	151	86	215	149
727	0	543	10	377	149
825	4	743	10	345	149
1062	15	957	10	359	149
132	4	317	21	263	149
24992	1	20395	0	197	149
3195	2	3834	0	299	149
1760	4	2505	0	199	149
148	64	115	4	329	149
112	10	125	0	306	149
123	1	152	0	306	149
238	64	221	4	306	149
134	4	112	15	306	149
54	64	7	4	266	149
16	4	0	15	266	149
16	17	13	40	266	149
50	132	20	109	266	149
12	28	13	0	266	149
396	4	250	15	355	149
412	28	290	0	355	149
405	6	250	0	355	149
454	4	249	15	323	149
522	28	354	0	323	149
434	6	252	0	323	149
351	28	228	0	289	149
974	8	314	0	256	149
1364	9	290	0	306	149
471	0	164	12	239	149
793	86	40	0	233	149
286	35	0	25	233	149
332	35	0	25	233	149
979	200	54	0	233	149
1335	46	65	0	262	149
3001	3	57	0	265	149
2943	2	37	0	298	149
565	14	12	0	203	149
2205	19	36	0	260	149
74	0	241	16	261	149
154	0	680	16	228	149
64	0	172	16	219	149
239	0	857	20	230	149
12	252	33	890	205	149
500	0	1572	30	307	149
2181	8	2140	12	236	149
2180	0	2028	5	173	149
179	1853	267	1668	239	149
255	45	65	0	212	149
89	6	14	0	212	149
14	2	85	0	275	149
28	0	84	4	328	149
40	0	103	13	277	149
56	0	238	13	280	149
114	3	295	17	264	149
483	4	687	0	193	149
4	0	0	21	153	149
30	0	81	29	199	149
90	6	472	0	189	149
93	0	295	12	277	149
110	0	222	12	262	149
6	61	0	205	304	149
11	10	1	6	305	149
4	10	11	6	308	149
22	27	85	142	353	149
16	5	47	0	353	149
5	5	3	0	167	149
6	5	46	0	200	149
7	0	0	32	205	149
17	5	142	0	205	149
0	23	18	104	231	149
162	3850	109	3131	269	149
273	11	78	0	246	149
212	11	130	0	320	149
26	0	35	4	280	149
8	0	0	4	276	149
13	0	27	4	261	149
31	6	49	0	261	149
20	1073	0	604	277	149
67	2	197	9	660	149
28	187	139	255	284	149
162	8	563	15	327	149
0	15	3	64	347	149
0	15	8	64	271	149
4	17	31	84	259	149
38	1	133	13	202	149
2	3124	5	857	246	149
164	1	675	0	286	149
115	1	61	0	436	149
743	4	292	5	318	149
307	4	111	5	231	149
4	3	14	0	220	149
250	0	84	14	371	149
738	0	216	14	239	149
858	2	255	0	242	149
1225	26	245	0	299	149
2763	7	1	0	450	149
2253	9	1	0	268	149
1368	1	1	0	287	149
3721	130	1	0	218	149
300	2	197	0	195	149
104	2	69	1	372	149
2	2	73	0	259	149
19	54	44	70	351	149
914	6	473	0	280	149
769	12	649	12	320	149
284	0	463	2	294	149
27	35	57	97	303	149
76	20	111	28	235	149
105	0	395	16	188	149
3	138	0	201	238	149
16	182	39	219	309	149
22	655	20	1209	309	149
9126	8	18981	93	295	149
385	491	455	351	375	149
583	7	942	13	247	149
894	1	784	0	327	149
526	3	699	0	240	149
7	2779	0	32	230	149
32	10800	23	15263	370	149
9	19	21	19	370	149
22	10800	2	15263	260	149
80	0	198	7	198	149
155	44	486	43	232	149
197	1	216	0	179	149
38	682	0	908	238	149
8685	6	26	3	213	149
17	683	31	794	271	149
5	10	40	0	271	149
15	4	83	0	275	149
13	24	6	78	255	149
21	24	41	78	262	149
51	2	209	2	220	149
7	24	2	0	226	149
29	13	160	0	210	149
1	123	1	52	306	149
194	0	166	11	237	149
52	112	28	163	278	149
630	3	1220	0	281	149
966	70	811	9	235	149
6298	70	5120	9	174	149
2844	3	1617	0	209	149
1800	0	1512	7	230	149
26	17	8	53	297	149
1597	17	2128	53	324	149
187	13	456	14	276	149
404	13	898	14	274	149
44	0	188	10	258	149
226	0	183	3	356	149
94	0	749	8	180	149
134	63	548	252	227	149
39	63	166	252	206	149
165	21	658	35	183	149
714	13	81	0	284	149
1316	27	145	0	284	149
559	1	46	0	284	149
35	242	18	33	408	149
7	1	32	117	408	149
7	1	32	117	392	149
7	1	80	117	382	149
0	2	45	0	206	149
0	4	33	0	206	149
4	0	0	19	247	149
67	0	196	8	480	149
104	4	309	0	273	149
19	4	65	0	192	149
13	8	75	64	247	149
15	14	57	18	247	149
6	63	0	82	207	149
535	3	175	0	255	149
5	107	0	125	172	149
92	29	122	0	166	149
8	94	21	323	400	149
213	75	855	358	209	149
346	0	1011	10	198	149
2166	19	168	0	483	149
363	15	97	4	237	149
247	15	48	4	202	149
143	13	149	47	218	149
364	13	546	47	220	149
91	0	200	6	243	149
70	0	189	6	248	149
65	3	108	0	296	149
233	6	214	0	383	149
762	5	1819	0	1670	149
10	332	0	154	211	149
8	88	17	106	374	149
0	3	27	0	375	149
0	3	13	0	244	149
203	2	445	0	303	149
12	0	162	15	255	149
0	3	13	122	232	149
28	2	100	78	334	149
28	0	82	11	294	149
44	2	55	0	277	149
0	14	6	12	273	149
0	14	12	12	297	149
449	0	1561	3	222	149
38	440	411	1512	194	149
184	251	1097	751	194	149
0	157	23	869	231	149
4930	2	9724	12	270	149
63	134	13	237	221	149
54	7	200	8	231	149
59	0	225	5	259	149
137	13	230	4	204	149
0	207	19	1137	239	149
320	21	993	111	204	149
3	0	27	3	247	149
3	0	38	24	247	149
0	3	7	17	215	149
1	0	68	6	191	149
0	14	14	0	207	149
301	9	499	16	218	149
117	9	245	16	240	149
2	191	2	254	254	149
8	191	21	254	230	149
142	15	260	34	175	149
10	8	3	34	246	149
131	25	974	568	483	149
182	0	1601	6	272	149
227	0	1075	11	275	149
7	134	0	618	201	149
144	12	657	75	487	149
246	12	1239	75	298	149
0	112	29	621	249	149
720	80	2720	308	235	149
439	294	1013	1052	211	149
6	20	40	109	438	149
34	2	147	36	224	149
17	23	44	85	272	149
27	0	385	11	253	149
4	0	20	11	258	149
166	5	326	15	203	149
0	8	60	22	224	149
236	6	214	7	222	149
42	5	173	0	286	149
7	14	68	32	216	149
6	3	14	0	378	149
6	3	14	0	291	149
30	0	97	8	244	149
18	0	41	8	226	149
849	18	2728	52	305	149
241	6	863	20	278	149
0	204	17	1171	316	149
392	0	2049	6	241	149
1046	0	3033	4	239	149
602	0	1358	4	230	149
720	7	365	0	344	149
479	7	251	0	395	149
7	144	0	90	206	149
6	144	0	90	211	149
243	27	161	15	283	149
0	34	12	32	242	149
4	8	0	54	286	149
38	8	32	54	160	149
38	0	750	18	236	149
17	0	223	5	236	149
26	0	553	5	354	149
62	2	256	25	249	149
19	91	32	325	221	149
130	10	501	0	205	149
0	30	22	2207	278	149
344	0	706	5	314	149
188	0	432	5	299	149
127	6	468	7	297	149
31	0	85	26	221	149
32	13	31	0	265	149
18	19	15	38	465	149
18	0	71	18	265	149
18	0	71	18	239	149
65	0	306	18	208	149
16	0	110	7	545	149
51	0	351	16	563	149
36	0	272	21	221	149
15	0	105	21	364	149
0	22	12	173	260	149
67	3	292	0	258	149
24	81	11	51	248	149
501	1	835	0	3159	149
46	7	85	0	258	149
36	0	25	8	228	149
33	19	11	24	313	149
6	0	0	9	313	149
33	4	92	0	304	149
86	3	75	13	304	149
26	4	89	0	299	149
79	3	72	13	299	149
11	4	43	0	295	149
62	3	26	13	295	149
6	3	0	13	263	149
9	60	43	26	263	149
6	3	0	13	267	149
9	60	26	26	267	149
9	52	0	39	236	149
4	52	0	39	317	149
1966	3	246	0	264	149
671	2	89	0	278	149
2134	28	333	0	213	149
3274	42	319	0	241	149
8124	12	538	0	209	149
895	5	5645	0	392	149
850	3	5801	8	329	149
15	34	11	340	256	149
2	0	0	11	250	149
64	18	141	222	388	149
93	42	488	148	266	149
249	7	816	0	355	149
149	8	983	0	245	149
219	8	1080	0	325	149
19	197	12	868	197	149
1395	25	3650	74	245	149
1462	10	3181	0	225	149
84	1378	11	2281	197	149
68	0	1213	38	254	149
2	0	41	17	254	149
23	0	171	17	470	149
0	1	45	42	198	149
0	38	26	173	188	149
65	373	97	992	260	149
31	25	67	121	260	149
1035	25	2414	121	279	149
721	11	1541	48	279	149
316	25	815	121	307	149
37	29	4	61	252	149
7	74	0	92	229	149
237	6	242	0	238	149
332	6	603	0	241	149
0	7	4	9	305	149
0	26	8	81	305	149
0	26	22	81	297	149
3	0	7	18	204	149
0	5	29	31	340	149
3	9	86	33	560	149
2	9	11	14	233	149
0	9	29	14	230	149
36	1	209	46	292	149
15	0	0	11	193	149
10	2	41	16	391	149
0	2	30	16	351	149
2	672	24	1116	293	149
2	1413	0	2178	164	149
14	0	39	27	270	149
79	0	138	17	251	149
10	0	52	12	260	149
3	2	4	18	308	149
11	19	12	82	188	149
621	3	341	0	282	149
147	0	85	13	206	149
1424	9	765	7	326	149
326	4	248	3	205	149
14	947	53	3400	532	149
1644	4	5791	0	317	149
0	6	8	52	272	149
49	0	377	4	222	149
55	0	82	32	348	149
29	0	50	32	368	149
12	0	12	4	239	149
347	0	426	21	290	149
69	9	107	0	205	149
38	1	187	36	360	149
5	0	67	3	250	149
1	0	9	11	184	149
13	2	103	15	325	149
16	2	187	15	473	149
78	0	108	28	199	149
193	0	385	12	240	149
39	0	222	11	257	149
2	15	42	102	249	149
0	15	12	14	246	149
0	10	12	16	246	149
2	5	79	9	302	149
205	42	273	24	367	149
18	4	52	0	271	149
4	23	0	138	270	149
76	4	279	0	233	149
6	167	0	532	306	149
5	0	465	1	231	149
2	0	347	87	281	149
0	165	22	381	278	149
928	14	1648	0	275	149
1513	38	1610	11	233	149
806	38	625	11	219	149
4	1420	0	687	249	149
927	9	578	0	235	149
2819	20	1363	40	235	149
8	2050	0	820	250	149
8	2050	0	820	316	149
35	20	19	40	296	149
115	2050	46	820	296	149
166	20	59	40	352	149
246	2050	86	820	352	149
3	3	10	0	411	149
99	14	20	22	226	149
20	41	154	92	303	149
51	41	211	92	249	149
19	0	102	24	245	149
2	85	0	174	242	149
0	27	18	93	250	149
21	6	83	41	218	149
22	2	75	7	218	149
112	17	267	68	471	149
108	17	233	68	468	149
135	24	357	0	293	149
158	12	206	0	251	149
65	16	106	0	287	149
29	0	194	6	325	149
17	8	105	0	397	149
87	8	95	0	219	149
79	0	297	3	786	149
41	1	20	0	315	149
9	5	18	10	174	149
518	2	1593	0	285	149
0	16	4	221	477	149
130	3	627	0	256	149
302	2	607	18	236	149
0	6	76	0	192	149
10	0	138	14	267	149
4744	2	1663	6	257	149
1561	0	800	12	242	149
15	39	124	104	226	149
2	1	226	136	343	149
2	0	330	22	218	149
50	25	69	71	253	149
17	60	46	39	247	149
107	0	54	16	233	149
62	0	149	64	226	149
17	2	112	0	264	149
0	2	22	18	213	149
333	0	502	33	279	149
115	5	248	8	279	149
2	8	15	0	217	149
5	226	15	255	217	149
8	226	0	255	203	149
103	5	81	8	235	149
329	6	303	1	235	149
1	8	8	38	300	149
12	0	181	40	225	149
391	2	1644	0	272	149
366	2	1566	0	263	149
4	17	0	72	255	149
2	1	0	23	255	149
2	205	41	891	255	149
4	17	0	72	194	149
10	0	10	19	238	149
0	3	20	14	218	149
30	1	264	16	324	149
4	71	8	240	228	149
14	4	95	0	404	149
10	0	33	14	227	149
23	3	54	0	264	149
26	14	10	16	311	149
7	0	129	11	192	149
2	7	0	121	239	149
0	29	12	184	176	149
4	0	29	8	218	149
10	0	12	9	267	149
668	11	868	0	349	149
332	11	345	0	228	149
685	0	720	8	296	149
229	0	232	8	258	149
20	4	19	47	272	149
24	422	85	1213	273	149
117	0	374	20	263	149
1142	0	1934	5	314	149
689	0	1106	5	633	149
428	4	759	0	242	149
10	146	51	426	155	149
14	146	8	426	306	149
0	127	67	408	256	149
262	5	822	14	247	149
95	0	294	13	247	149
227	7	672	6	232	149
894	13	407	20	345	149
1558	13	765	20	294	149
916	4	625	0	294	149
197	4	262	0	291	149
0	201	16	262	272	149
6	13	0	2	343	149
26	5	201	17	344	149
36	0	376	25	267	149
7	0	174	26	198	149
2051	3	1114	0	354	149
113	5	272	6	262	149
140	9	206	2	234	149
146	12	194	0	291	149
157	5	126	17	312	149
46	0	42	1	312	149
165	0	120	1	316	149
278	7	187	0	316	149
8	61	8	275	236	149
20	42	0	114	236	149
63	42	33	114	367	149
2226	0	2703	18	297	149
6369	10	4984	14	184	149
1177	0	736	5	184	149
3853	0	4692	5	5353	149
25	5232	24	4258	173	149
1672	0	1633	5	179	149
6857	39	5842	0	179	149
6	0	1049	3	770	149
5	3	332	43	320	149
3	10	0	107	201	149
0	39	14	216	269	149
35	0	48	8	327	149
27	3	55	12	327	149
89	5	256	10	292	149
2	0	10	59	323	149
2	7	0	39	317	149
7	4	69	11	282	149
6	3	38	0	273	149
12	11	33	16	232	149
15	14	27	70	232	149
91	3	303	0	220	149
821	63	865	56	207	149
8	0	192	14	331	149
2	0	116	14	209	149
450	0	1016	10	240	149
7	236	125	608	273	149
25	4	154	18	221	149
32	22	196	65	221	149
27	12	165	45	221	149
63	30	240	11	242	149
199	30	470	11	287	149
120	14	239	70	314	149
149	14	386	70	317	149
117	0	239	41	317	149
59	0	211	41	218	149
82	4	93	0	300	149
0	12	22	0	303	149
0	107	44	561	303	149
135	9	827	95	203	149
6	56	12	403	337	149
7	56	15	403	399	149
17	141	0	120	244	149
343	4	192	0	332	149
27	0	429	4	328	149
1	6	6	0	284	149
35	0	133	23	221	149
274	691	3	247	417	149
1702	4	575	0	304	149
273	4	58	0	196	149
0	8	13	0	278	149
0	8	18	0	276	149
37	8	600	0	239	149
0	44	26	222	247	149
28	7	143	34	235	149
8	0	46	23	234	149
16	21	0	59	332	149
2799	0	4419	8	257	149
1919	6	6081	0	301	149
0	245	8	1735	332	149
3	245	8	1735	335	149
44	2	15	0	248	149
5	2	19	0	199	149
741	16	826	2	339	149
56	8	71	0	227	149
3	0	2	3	244	149
3	1	23	0	273	149
195	0	744	8	310	149
6	0	63	10	173	149
130	0	767	10	278	149
3	71	7	419	218	149
66	2	46	0	349	149
920	2	159	0	288	149
43	4	293	0	279	149
5	29	36	204	208	149
35	2	12	0	213	149
124	8	81	40	217	149
7	1	26	12	203	149
7	131	31	57	203	149
25	1	44	12	587	149
0	131	12	57	203	149
19	3	90	0	206	149
57	3	233	0	222	149
74	4	423	0	245	149
0	50	2	291	191	149
0	14	4	93	195	149
22	0	247	9	386	149
43	0	172	12	257	149
71	0	233	6	247	149
853	28	34	0	257	149
994	6	121	0	247	149
939	3	133	0	188	149
30	6	440	2	277	149
201	5	481	6	257	149
83	5	208	6	248	149
50	0	92	14	253	149
11	0	138	18	262	149
4	26	0	76	247	149
216	31	303	8	219	149
326	4	316	0	246	149
496	1	390	0	291	149
405	6	1699	9	226	149
70	4	168	9	357	149
70	2	168	15	357	149
70	4	168	9	277	149
134	2	476	15	277	149
185	0	552	67	300	149
435	0	1274	67	350	149
244	0	805	67	431	149
361	0	535	15	268	149
631	0	1086	15	233	149
10	0	160	8	287	149
0	10	58	0	161	149
27	3	114	0	608	149
44	5	107	13	416	149
12	6	24	0	290	149
43	3	32	0	203	149
0	34	8	22	430	149
38	4	51	0	273	149
1	18	0	47	242	149
42	1	152	0	271	149
1	273	0	369	235	149
8	273	11	369	242	149
4	2	0	20	218	149
12	42	0	231	218	149
0	42	20	231	239	149
70	0	440	3	284	149
140	0	1078	37	258	149
127	0	728	18	260	149
21	0	7	37	293	149
6	249	8	211	408	149
380	4	258	4	195	149
106	4	94	4	329	149
103	55	85	123	314	149
65	0	78	5	272	149
75	0	151	5	429	149
38	5	62	0	215	149
29	5	23	0	218	149
6	35	0	157	242	149
0	23	54	126	244	149
67	6	368	9	256	149
3	11	7	696	271	149
62	0	892	7	259	149
0	3	9	31	218	149
2948	9	2751	0	212	149
4841	2	1416	0	226	149
2212	7	495	0	226	149
0	2	26	2	272	149
0	4	20	0	263	149
21	3	7	0	238	149
12	1	21	0	220	149
14	0	43	15	241	149
1	0	0	4	179	149
36	4	158	33	214	149
25	2	63	18	246	149
1	5	11	17	338	149
66	10	318	10	333	149
66	10	305	10	330	149
12	0	18	15	232	149
4	2182	15	10178	232	149
2	2182	56	10178	311	149
14	4	52	8	311	149
403	95	13	0	237	149
233	6	2	0	276	149
8	8	11	13	233	149
9	2	67	0	182	149
0	10	9	51	303	149
3	0	189	7	200	149
30	0	320	10	254	149
36	4	109	0	254	149
2	18	0	95	246	149
2	46	0	57	230	149
0	46	9	57	354	149
53	70	7	20	614	149
40	9	152	0	251	149
16	84	25	59	559	149
16	0	25	10	559	149
0	2	25	11	302	149
333	8	270	0	225	149
899	4	591	0	200	149
12518	8	983	0	214	149
1074	8	80	0	184	149
1720	159	396	39	241	149
2920	159	632	39	247	149
18	104	3	571	336	149
16546	16	6565	0	236	149
7045	16	2775	0	309	149
1	2746	0	3087	306	149
2629	8	2966	0	287	149
2627	4	2966	0	287	149
1427	2	2137	0	283	149
31	234	0	48	394	149
1	87	13	312	406	149
0	40	5	228	199	149
65	0	354	5	202	149
12	111	6	283	318	149
0	111	12	283	280	149
156	1	420	0	209	149
2	182	0	388	400	149
4	288	20	455	357	149
6	288	17	455	328	149
27	11	47	57	382	149
40	11	79	57	334	149
40	0	189	29	263	149
56	2	179	14	263	149
4	54	0	111	208	149
0	57	1	148	271	149
17	0	222	8	273	149
2	36	0	76	289	149
2	1906	13	10118	190	149
11	22	9	92	284	149
15	1	10	0	255	149
26	1	102	0	189	149
73	0	507	9	244	149
21	0	221	12	349	149
20	0	125	12	346	149
21	0	195	4	342	149
97	0	258	4	283	149
79	0	161	18	298	149
161	7	211	0	258	149
199	21	120	0	408	149
0	131	16	26	366	149
217	1	76	0	318	149
41	7	197	0	273	149
0	28	10	96	288	149
11	0	66	2	320	149
17	28	57	96	320	149
9	0	18	10	320	149
3	28	2	96	259	149
6	9	21	12	259	149
74	4	47	0	327	149
30	4	42	0	243	149
0	79	41	388	271	149
51	1	285	21	227	149
89	0	488	16	328	149
43	0	235	16	270	149
156	0	544	4	298	149
87	0	388	4	225	149
12	0	11	10	266	149
35	0	279	10	206	149
2	4	0	15	311	149
5	213	4	547	325	149
67	4	81	0	358	149
55	6	54	43	393	149
68	4	188	0	254	149
66	10	147	47	254	149
73	23	180	52	254	149
66	0	145	28	254	149
357	0	533	6	387	149
61	35	105	416	230	149
147	0	726	12	243	149
0	2	138	24	253	149
32	199	64	497	780	149
1	85	27	219	376	149
0	199	27	497	376	149
48	199	239	497	819	149
127	199	372	497	248	149
2	6	8	7	385	149
1406	12	1067	2	273	149
651	1	674	0	323	149
826	1	886	0	362	149
1423	1	1814	0	412	149
344	1	371	0	247	149
162	5	96	0	238	149
8	7	61	23	310	149
16	0	73	1	310	149
28	0	80	1	310	149
21	8	67	22	310	149
401	1	1973	15	258	149
2	203	0	1119	314	149
179	0	577	8	346	149
156	8	401	0	221	149
3009	1	418	0	312	149
1	5	0	51	261	149
0	5	11	78	359	149
2	7	16	51	308	149
0	187	12	842	270	149
146	1	519	14	197	149
3	109	8	357	251	149
207	0	522	2	210	149
93	2	150	0	201	149
8	252	6	418	232	149
70	4	55	0	284	149
3	34	0	37	351	149
6	0	15	16	252	149
8	22	0	15	255	149
419	0	1013	20	266	149
452	107	350	282	192	149
2	80	0	127	339	149
188	3	1390	11	272	149
168	8	423	0	320	149
17	16	60	67	223	149
6	16	43	67	353	149
4	16	13	67	239	149
12	0	193	4	253	149
0	13	5	131	238	149
23	6	169	0	248	149
4	6	0	54	318	149
1	26	0	234	420	149
14	7	55	0	219	149
147	4	230	2	271	149
32	67	80	156	283	149
1235	1	1795	8	246	149
3347	5	6557	21	280	149
18	2	23	0	202	149
349	0	1541	34	488	149
65	0	419	9	303	149
154	2	629	0	244	149
21	0	139	43	244	149
15	0	14	43	187	149
70	2	206	0	187	149
86	0	544	43	694	149
111	2	712	0	694	149
158	47	775	68	257	149
1869	4	273	0	299	149
198	5	18	0	242	149
16	0	34	5	275	149
3952	4	6579	0	190	149
86	4	557	0	1669	149
17	13	61	46	257	149
22	31	25	261	212	149
3	2	30	15	167	149
67	2	382	15	249	149
316	49	204	1	269	149
0	23	6	72	182	149
0	2	33	27	276	149
2	0	24	30	258	149
129	1	563	0	323	149
124	0	260	16	213	149
228	11	266	32	268	149
89948	39	65	0	347	149
50948	16	36	0	347	149
36011	16	41	0	329	149
74985	5	70	0	329	149
46895	6	76	0	338	149
17213	17	52	0	246	149
4	21	0	79	277	149
17	0	63	3	239	149
3	1	7	0	221	149
24	0	150	7	3155	149
0	5	7	0	287	149
1	7	49	181	532	149
42	0	312	25	397	149
8	0	72	6	279	149
20	0	239	2	374	149
22	28	29	64	350	149
10	0	23	8	350	149
23	0	39	8	230	149
18	9	67	18	266	149
4	18	27	61	266	149
16	0	394	6	434	149
1	0	133	4	230	149
321	3	2654	95	172	149
282	16	2822	70	206	149
242	7	2696	18	212	149
213	6	2167	150	203	149
223	0	4638	8	425	149
4	236	5	450	315	149
3	41	21	28	231	149
0	110	21	158	231	149
94	0	261	11	334	149
0	10	7	83	220	149
11	0	186	12	186	149
39	0	93	5	192	149
0	5	11	57	242	149
269	12	448	0	327	149
140	5	206	0	256	149
75	2	213	0	323	149
6	0	92	10	308	149
50	0	81	26	274	149
2	0	7	12	268	149
13	2	41	0	250	149
8	5	17	0	226	149
75	5	119	0	333	149
33	4	90	0	333	149
68	4	47	18	290	149
41	3	44	0	314	149
29	0	123	9	366	149
15	1	102	9	360	149
47	0	210	5	240	149
31	1	219	0	260	149
66	0	305	16	317	149
67	1	303	0	317	149
159	1	579	4	266	149
9	145	35	382	188	149
159	341	176	366	1468	149
8	0	183	5	295	149
14	0	156	24	230	149
84	0	129	4	461	149
46	45	217	206	346	149
94	45	381	206	326	149
49	11	190	46	326	149
10	10	98	8	236	149
44	11	198	46	236	149
41	0	185	5	236	149
4	1	14	0	228	149
65	4	155	28	266	149
47	4	119	28	293	149
63	2	151	0	339	149
4	0	43	10	251	149
3	17	0	40	294	149
29	3	53	0	216	149
69	6	169	0	210	149
29	1	59	0	210	149
320	3	165	0	229	149
19	0	41	8	250	149
587	13	1250	42	205	149
2	0	17	17	382	149
2	20	0	120	179	149
22	2	25	0	232	149
47	0	134	28	221	149
91	1	185	0	234	149
25	14	135	21	222	149
0	8	16	114	242	149
5	4	11	5	234	149
20	4	107	5	228	149
3	77	0	67	352	149
24	4	31	0	201	149
20	148	8	159	193	149
20	148	102	500	342	149
2	10	55	37	212	149
28	1135	103	1537	275	149
12	6	52	0	275	149
128	0	251	5	326	149
104	0	102	4	287	149
176	3	175	34	341	149
67	9	172	53	252	149
22	9	75	53	439	149
27	9	104	53	197	149
0	9	10	53	384	149
15	51	42	140	268	149
209	5	341	1	351	149
85	9	46	0	175	149
198	4	64	0	345	149
59	0	2697	1	257	149
19	5	31	18	312	149
18	0	9	11	438	149
0	6	49	473	246	149
118	0	301	12	205	149
0	2	36	49	200	149
0	3	9	6	200	149
0	9	22	133	200	149
2	3	62	6	201	149
0	9	24	133	201	149
3	9	57	133	271	149
2	0	120	38	271	149
4	112	18	298	266	149
0	51	5	266	285	149
0	106	11	333	221	149
270	0	1033	12	238	149
2055	36	370	0	215	149
1628	6	309	6	215	149
412	228	74	121	203	149
55	271	10	130	309	149
2	11	9	0	247	149
62	1	237	15	317	149
30	4	119	0	317	149
19	4	73	0	257	149
50	0	178	2	257	149
15	54	6	139	290	149
146	58	252	223	239	149
212	155	45	126	263	149
307	5	240	14	227	149
89	5	44	0	227	149
89	3	52	0	227	149
52	5	45	0	205	149
104	0	98	8	205	149
65	3	64	0	241	149
227	3	210	0	241	149
45	3	21	12	231	149
155	8	108	0	224	149
95	5	154	0	274	149
32	5	31	0	237	149
2	13	36	61	262	149
151	30	250	16	208	149
142	0	156	11	349	149
198	4	153	5	331	149
0	4	31	123	272	149
1	0	11	8	247	149
1	97	11	189	247	149
1	6	3	0	230	149
15	1	3	0	230	149
474	0	1244	7	330	149
289	33	1046	110	467	149
227	10	776	2	467	149
30	10	92	2	237	149
69	3	392	0	237	149
56	20	277	60	205	149
145	1	359	52	282	149
17	0	30	23	282	149
205	0	314	23	290	149
361	17	656	30	290	149
153	17	399	30	346	149
2	0	0	28	271	149
3	0	0	21	247	149
21	15	23	0	213	149
1	11	7	0	219	149
22	0	0	4	297	149
33	0	18	21	297	149
22	2	0	9	297	149
16	1	194	0	299	149
4	169	0	151	253	149
3	0	63	16	222	149
1	2	0	63	167	149
2	316	55	1555	224	149
2	316	39	1555	189	149
0	316	10	1555	281	149
2	316	0	1555	289	149
2	7	0	122	289	149
2	0	0	10	289	149
5235	0	11050	3	380	149
32	132	35	208	532	149
137	2	254	0	305	149
51	63	106	119	260	149
0	7	38	4	313	149
2	0	0	10	233	149
120	5	224	0	270	149
257	0	346	20	283	149
4	0	0	48	333	149
84	6	293	0	256	149
100	9	406	3	268	149
1	79	74	179	390	149
447	3	38	0	330	149
19	4	85	2	358	149
7	0	11	22	212	149
6	6	18	11	331	149
0	4	14	0	354	149
10152	5	21780	18	232	149
19293	68	37073	67	319	149
268	8	173	0	244	149
323	17	278	13	204	149
191	0	280	14	280	149
170	1	281	0	266	149
134	1	6	1	265	149
7	58	0	379	312	149
148	1	547	0	292	149
250	0	761	45	292	149
11	0	13	45	275	149
11	103	13	214	275	149
134	0	273	54	210	149
10	358	16	810	228	149
626	1	1262	0	288	149
126	8	299	0	249	149
158	4	266	0	363	149
311	0	465	1	354	149
104	22	726	47	273	149
266	22	1252	47	258	149
24	7	205	0	330	149
8	0	265	8	269	149
16	0	207	7	240	149
15	0	25	7	186	149
137	15	680	25	239	149
185	0	802	12	249	149
99	6	164	0	297	149
437	25	476	0	406	149
170	0	357	7	321	149
12	0	207	19	239	149
37	2	220	1	306	149
879	0	2245	7	243	149
10	0	97	7	266	149
56	272	318	1395	266	149
401	3	448	17	260	149
77	5	93	14	340	149
1646	31	2317	19	302	149
1105	16	1393	0	302	149
498	0	672	10	305	149
498	0	660	10	301	149
1039	0	1594	10	296	149
545	0	985	10	496	149
5	397	26	455	249	149
131	0	847	12	224	149
51	0	301	12	263	149
7	4	0	4	348	149
12	36	9	258	348	149
7	0	0	5	348	149
558	3	507	37	350	149
328	22	679	28	312	149
0	95	4	180	245	149
2	53	11	170	204	149
9	53	23	170	244	149
10726	28	13186	108	313	149
0	11	16	114	317	149
45	0	153	18	346	149
15	7	17	0	231	149
13	8	8	71	432	149
4	4	1	0	356	149
7	8	2	71	356	149
4	8	0	71	185	149
12	461	68	959	228	149
8	0	30	3	228	149
2	71	20	146	282	149
103	31	230	47	236	149
5	0	289	24	284	149
6	6	196	32	197	149
0	980	10	546	242	149
2	0	10	9	304	149
646	1	239	0	310	149
82	1	11	10	176	149
141	2	21	0	176	149
122	66	0	62	176	149
1	2	10	0	188	149
9	107	12	21	188	149
105	66	18	62	234	149
210	68	39	0	234	149
287	4	102	0	318	149
10	0	119	7	245	149
5	0	0	2	176	149
116	0	258	7	248	149
51	39	59	35	274	149
26	1	33	0	215	149
64	1	185	0	219	149
2	42	2	74	266	149
31	0	150	14	246	149
4944	13	5039	2	327	149
1444	13	1069	2	250	149
19	3	22	0	237	149
35	0	88	14	228	149
3	16	0	58	309	149
31	10	127	16	246	149
79	2	412	0	248	149
212	6	368	0	299	149
37	2	292	0	225	149
3	5	0	29	264	149
54	0	152	6	238	149
21	8	34	0	222	149
73	2	94	0	193	149
7	0	137	23	270	149
1	5	40	20	173	149
483	3	527	16	221	149
12	2	148	5	264	149
248	12	547	8	264	149
13	194	22	218	280	149
11891	34	1098	0	264	149
200	8328	13	817	197	149
10	216	20	477	231	149
2	74	0	319	241	149
64	0	360	18	225	149
114	0	514	18	234	149
73	1	286	0	270	149
124	5	375	23	184	149
4676	0	4895	5	711	149
0	10	10	322	235	149
10	25	200	213	191	149
2	16	0	88	293	149
5	0	47	20	295	149
2	0	89	17	470	149
22	0	359	6	1228	149
0	3	14	42	219	149
5	68	0	40	266	149
24	4	401	55	225	149
19	0	217	8	208	149
2	0	80	8	204	149
0	19	8	180	273	149
0	7	113	33	245	149
0	20	159	108	245	149
20	20	33	108	272	149
7	8	28	0	272	149
13	0	19	65	272	149
387	23	512	27	222	149
5	236	7	342	210	149
124	2	224	0	216	149
80	12	276	0	229	149
65	3	265	14	231	149
11	0	69	2	231	149
14	2	285	0	234	149
528	6	406	0	216	149
617	348	66	43	209	149
434	7	76	97	209	149
2677	348	366	43	526	149
2483	7	387	97	526	149
293	0	42	21	334	149
63	0	295	22	349	149
8	34	0	190	222	149
1	10	69	0	230	149
0	1	42	32	220	149
28	25	197	29	312	149
13	16	13	89	214	149
2	13	0	91	234	149
0	10	125	37	269	149
9	63	0	182	306	149
26	1	913	0	345	149
760	1	850	0	191	149
938	0	803	10	278	149
65	421	41	222	1423	149
62	259	70	73	194	149
7	0	19	10	161	149
10	25	13	49	218	149
151	8	124	16	232	149
0	54	9	168	204	149
44	0	392	3	215	149
28	8	121	0	215	149
31	0	141	3	218	149
26	8	129	0	218	149
25	8	378	0	241	149
43	2	647	20	241	149
30	0	403	28	241	149
14	0	204	12	228	149
33	0	499	12	335	149
61	0	729	12	362	149
83	0	793	12	530	149
86	0	772	12	557	149
86	0	793	12	584	149
1	0	0	10	233	149
176	4	755	0	444	149
32	0	344	14	341	149
7	104	0	50	202	149
20	104	0	50	205	149
132	2	132	0	252	149
204	4	231	0	263	149
84	2	89	0	306	149
176	13	340	0	223	149
1	305	0	306	267	149
32	274	38	572	185	149
280	274	225	572	386	149
36	46	343	324	245	149
70	2	461	61	185	149
45	0	319	13	185	149
313	14	1862	105	312	149
0	47	23	1341	271	149
35	0	970	21	339	149
79	0	2295	21	318	149
49	5	1448	6	318	149
27	0	763	21	288	149
14	0	447	21	225	149
418	22	1188	36	232	149
1	346	29	870	266	149
483	3	985	0	222	149
527	116	922	340	197	149
567	3	531	0	198	149
1669	0	1738	11	198	149
59	30	25	33	263	149
28	0	149	4	202	149
11	12	174	0	323	149
15	0	148	10	273	149
16	2	96	0	337	149
7	0	24	13	321	149
33	2	13	0	231	149
124	2	3054	0	2075	149
61	0	114	15	214	149
146	0	447	15	294	149
3889	4	198	0	260	149
2281	4	102	0	272	149
1617	66	95	17	272	149
783	66	73	17	266	149
1649	245	105	25	266	149
1384	29	136	0	231	149
879	2	144	0	310	149
968	54	276	20	265	149
515	4	131	0	265	149
310	4	105	0	295	149
56	3	20	0	295	149
710	1	230	0	295	149
388	3	154	0	264	149
30	3	19	0	288	149
77	221	27	87	288	149
71	6	130	0	298	149
126	5	626	0	233	149
27	0	110	11	442	149
4	0	5	1	476	149
4	0	0	1	290	149
1	5	19	41	266	149
17	0	69	2	240	149
1355	6	309	0	261	149
26	62	70	172	193	149
240	0	227	11	264	149
39	28	18	76	239	149
2	47	0	49	283	149
230	3	545	0	323	149
111	0	404	10	290	149
32	3	64	0	199	149
107	4	547	25	279	149
54	4	320	25	298	149
94	6	177	5	273	149
58	2	36	8	238	149
159	0	646	21	263	149
104	131	985	281	3956	149
303	0	1042	15	309	149
236	24	772	48	269	149
264	47	552	109	212	149
7	26	73	44	376	149
97	54	12	6	343	149
19	4	86	42	227	149
0	71	61	1045	394	149
74	0	916	9	249	149
156	3	96	0	354	149
5	12	6	93	291	149
3	0	63	128	201	149
8	0	52	2	252	149
8	0	53	2	324	149
9	0	120	9	324	149
0	3	21	14	302	149
435	7	17	0	209	149
4	273	0	28	197	149
180	0	15	3	210	149
511	59	159	8	179	149
8	0	73	18	253	149
9	0	50	18	242	149
13	6	208	0	303	149
20	0	90	19	265	149
16	41	16	40	240	149
83	3	126	0	313	149
72	0	89	1	313	149
8	0	22	1	202	149
34	18	95	36	202	149
0	10	48	0	201	149
15	1	87	6	337	149
0	4	6	64	232	149
8	0	35	8	290	149
63	3	88	0	315	149
37	0	186	10	361	149
0	8	6	110	251	149
8	0	110	8	222	149
17	16	88	21	217	149
18	185	83	716	269	149
204	0	730	4	194	149
14	0	178	8	433	149
19	0	335	5	353	149
26	1	368	19	251	149
76	4	688	0	313	149
59	4	538	0	302	149
111	0	687	11	276	149
0	8	10	110	217	149
50	230	39	140	236	149
61	0	310	18	197	149
113	3	185	0	233	149
367	4	674	24	200	149
2254	5	14348	0	282	149
8338	2	12309	0	229	149
16	0	102	18	219	149
45	0	1601	38	228	149
27	0	1176	54	197	149
0	279	18	270	265	149
392	2	248	31	299	149
682	2	431	31	265	149
2	473	0	297	233	149
51	2	5	0	359	149
9	0	53	1	850	149
55	4	254	0	370	149
111	10	300	5	370	149
106	7	349	0	385	149
10	9	75	0	256	149
59	9	137	0	207	149
117	0	251	13	322	149
45	8	148	1	259	149
228	7	363	0	232	149
4	1506	4	2979	244	149
4	98	4	423	244	149
3856	0	4830	9	254	149
3724	13	10969	40	228	149
67	0	124	11	181	149
14417	1	312	0	256	149
5037	66	38	0	221	149
3509	334	35	0	266	149
3356	2	59	0	244	149
2755	2	69	0	555	149
6209	1	156	0	236	149
806	5	23	0	281	149
1031	125	63	1	281	149
2554	5	37	0	266	149
2703	125	100	1	266	149
122	1	205	0	1051	149
420	2	774	57	251	149
504	24	572	25	254	149
710	3	897	0	254	149
56	1251	324	3793	347	149
39	1251	132	3793	366	149
49	0	175	19	243	149
541	1	25	0	318	149
7	3	74	0	379	149
1	3	39	0	256	149
0	7	8	69	383	149
4	37	68	113	194	149
44	4	230	0	281	149
7	2	0	24	242	149
7	2	32	24	230	149
47	2	254	8	241	149
35	0	227	17	239	149
196	0	1309	22	1854	149
161	37	194	51	222	149
349	37	397	51	306	149
205	15	531	0	243	149
71	1	332	0	215	149
65	0	202	21	215	149
197	25	327	28	261	149
72	0	88	18	261	149
85	51	109	146	261	149
217	0	287	18	478	149
143	51	219	146	478	149
341	51	782	146	2390	149
121	0	93	18	213	149
31	51	23	146	213	149
81	13	160	21	213	149
138	51	223	146	290	149
138	13	205	21	290	149
306	29	388	40	290	149
213	4	162	0	240	149
103	13	278	8	297	149
0	35	7	118	276	149
119	2	136	0	248	149
48	0	89	10	266	149
4	7	56	0	295	149
6	8	20	77	293	149
6	56	5	193	183	149
11	0	28	1	264	149
0	24	26	126	265	149
123	3	186	1	260	149
33	3	172	0	280	149
64	0	225	16	299	149
1242	7	3408	0	217	149
746	10	23	0	214	149
284	19	2	0	214	149
1374	19	33	0	316	149
1984	66	54	0	316	149
82	8	72	15	266	149
4	0	186	28	253	149
1	0	0	8	263	149
133	0	210	4	286	149
222	0	316	11	273	149
298	0	1951	3	2663	149
14	84	0	99	228	149
21	5	105	0	232	149
4	0	24	12	171	149
4	0	0	15	221	149
268	0	1151	4	227	149
2	23	0	25	267	149
3	2	0	82	277	149
0	38	9	218	247	149
61	0	318	43	234	149
136	0	531	9	252	149
399	7	1046	0	251	149
702	0	832	1	306	149
2858	8	3	0	216	149
2275	14	28	0	222	149
1398	2	10	0	293	149
6752	2	31	0	353	149
8837	11	70	0	292	149
3781	21	20	0	292	149
8333	21	128	0	354	149
13461	57	178	0	354	149
131	10	225	20	216	149
5	0	54	6	232	149
110	0	613	10	329	149
911	0	1995	11	230	149
9	0	0	11	215	149
82	0	559	16	224	149
36	0	228	32	224	149
1	0	47	32	157	149
45	0	371	21	157	149
17	0	121	5	180	149
604	0	2538	2	286	149
10	409	392	3334	182	149
0	16	15	199	233	149
70	25	193	0	394	149
89	0	25	2	317	149
190	3	551	0	236	149
2	88	0	420	270	149
2	88	0	420	204	149
1	88	0	420	330	149
0	14	36	92	271	149
11	0	117	5	244	149
0	3	5	29	237	149
0	5	23	44	247	149
0	11	2	61	329	149
27	48	0	3	269	149
77	10	192	75	246	149
0	10	16	75	371	149
119	0	465	7	283	149
78	0	283	7	237	149
29	139	198	443	316	149
58	7	139	21	179	149
334	7	892	21	215	149
395	6	810	20	280	149
174	2	510	0	280	149
457	1	637	0	243	149
95	533	92	360	267	149
38	0	111	3	177	149
35	54	29	47	376	149
32	23	22	2	376	149
45	65	11	162	376	149
42	97	4	86	376	149
3	23	0	2	204	149
123	23	156	2	222	149
137	97	271	86	222	149
72	2	148	0	222	149
90	17	116	0	222	149
5	1	0	6	243	149
44699	3	33943	0	273	149
24026	3	17978	0	259	149
6	78	6	106	415	149
91	4	55	0	1097	149
147	4	150	0	252	149
28	90	17	150	333	149
16	90	135	150	552	149
16	90	151	150	590	149
100	90	189	150	1485	149
4	144	8	207	257	149
8	144	8	207	273	149
12	144	9	207	308	149
16	144	25	207	459	149
48	242	93	247	1436	149
16	242	47	247	506	149
11	242	26	247	405	149
6	242	0	247	363	149
30	348	7	289	357	149
21	348	6	289	314	149
8	348	6	289	276	149
23	0	92	6	278	149
23	0	102	6	247	149
18	0	132	1	335	149
977	3	3943	0	6727	149
20	1	61	0	297	149
1	20	14	81	246	149
1	20	14	81	268	149
1	37	28	76	422	149
0	8	16	55	220	149
0	6	27	7	310	149
31	6	212	6	273	149
0	184	11	286	228	149
56	2	284	17	221	149
89	0	108	2	228	149
52	404	0	140	251	149
36	6	0	8	251	149
440	4	541	0	444	149
740	4	704	0	264	149
521	0	613	27	220	149
60	340	66	449	267	149
39	19	71	0	243	149
3	340	3	449	219	149
12	0	0	17	345	149
12	2004	17	5778	233	149
0	19	41	87	242	149
51	0	200	3	287	149
19	0	87	3	305	149
19	0	87	3	309	149
34	12	110	12	266	149
88	126	53	119	215	149
9	55	72	477	264	149
574	2	1219	0	205	149
17	33	2	56	236	149
40	2	33	0	221	149
0	3	11	22	226	149
206	4	189	82	244	149
34	1	29	14	368	149
3	0	46	18	218	149
9	0	175	4	210	149
204	0	833	3	1190	149
135	1	169	5	215	149
0	5	13	19	378	149
0	1	16	34	196	149
0	1	33	34	266	149
0	9	34	0	196	149
8	25	6	363	332	149
103	4	690	0	292	149
39	2	99	0	248	149
0	1	16	25	257	149
0	40	15	335	264	149
0	36	16	408	207	149
113	0	48	2	221	149
646	0	342	2	281	149
274	23	140	0	281	149
113	23	135	0	213	149
479	4	352	4	213	149
205	6	115	0	213	149
277	6	220	0	229	149
563	17	442	0	229	149
1	408	0	353	260	149
17	5	21	26	309	149
10	0	29	6	251	149
5	5	30	0	213	149
137	144	108	295	259	149
84	8	32	45	259	149
85	0	32	3	259	149
212	8	473	45	221	149
83	0	141	3	221	149
53	1	93	0	221	149
7	181	14	357	353	149
310	0	539	3	265	149
302	1	494	0	265	149
477	28	831	21	265	149
9	320	49	573	216	149
8	2	25	1	219	149
4	320	50	573	219	149
8	320	25	573	338	149
6	320	9	573	236	149
8	0	8	25	236	149
2	18	0	109	258	149
124	2	179	0	298	149
1	60	11	63	246	149
276	15	212	0	303	149
3	38	11	19	263	149
3	118	5	57	263	149
56	0	19	5	308	149
53	118	19	57	308	149
20	118	14	57	243	149
38	15	9	0	243	149
954	3	2903	0	322	149
10	1022	14	1067	298	149
336	0	1014	2	267	149
0	18	4	25	400	149
16	0	48	2	276	149
8	0	17	2	293	149
137	10	54	0	222	149
236	14	97	6	262	149
4	93	0	49	206	149
210	2	123	0	303	149
74	0	123	20	245	149
138	1	53	0	266	149
44	0	68	10	285	149
22	17	4	60	392	149
104	0	211	22	501	149
0	72	20	201	279	149
42	0	223	16	254	149
3	9	22	5	266	149
19	0	18	14	241	149
6	135	20	787	319	149
668	37945	0	758	257	149
3	6	12	5	267	149
1	30	0	416	243	149
233	19	571	17	242	149
109	3	369	0	242	149
109	3	352	0	246	149
14	124	23	219	340	149
108	3	242	0	198	149
207	0	414	17	198	149
85	0	213	17	194	149
74	3	288	0	248	149
2	6	98	0	353	149
14	0	40	31	211	149
8	0	1	8	275	149
5	15	9	59	495	149
3	0	99	5	189	149
45	0	79	14	300	149
147	0	195	64	224	149
55	0	129	11	224	149
91	0	200	11	372	149
173	1	202	0	372	149
55	23	0	56	158	149
62	1	101	0	211	149
216	0	396	21	212	149
114	1	287	0	268	149
0	21	4	225	322	149
8	0	8	10	230	149
5	0	60	6	321	149
0	37	15	68	297	149
4	7	0	282	210	149
14	859	0	375	242	149
816	2	543	0	334	149
481	2	217	0	361	149
1125	7	927	0	1303	149
383	2	365	0	314	149
625	7	676	0	356	149
2	57	0	313	295	149
4	0	23	7	259	149
4	0	0	7	210	149
3	6	8	30	271	149
14	0	56	8	267	149
10	2	201	0	332	149
207	6	136	0	210	149
51	2	208	27	251	149
91	3	441	45	280	149
160	0	682	12	179	149
6	2	15	4	251	149
123	14	391	74	267	149
63	5	128	44	267	149
40	0	113	8	207	149
67	0	188	8	207	149
47	3	414	19	295	149
7	10	64	19	284	149
4	4	63	1	186	149
9	130	0	114	224	149
4	24	18	171	273	149
51	16	101	6	282	149
89	0	149	14	285	149
59	0	98	14	355	149
41	2	136	0	291	149
5	2	18	0	279	149
5	3	129	18	457	149
5	10	102	0	457	149
206	879	0	133	244	149
2159	19	377	0	374	149
1352	11	244	0	374	149
27	177	144	490	328	149
433	0	1243	8	277	149
413	4	280	0	495	149
287	4	246	0	440	149
0	183	6	824	303	149
37	0	311	8	243	149
0	14	140	3603	240	149
0	14	20	91	173	149
156	0	28	9	424	149
134	0	29	9	1126	149
134	0	44	9	1175	149
134	0	180	1	762	149
47	0	77	11	202	149
8	0	51	11	286	149
0	1	1	0	250	149
11	8	19	0	188	149
76	30	135	37	249	149
63	2	88	0	249	149
114	14	60	0	219	149
223	0	262	12	427	149
108	4	342	6	308	149
3	0	68	16	193	149
0	13	2	131	267	149
38	0	185	11	266	149
23	0	175	8	245	149
57	0	370	8	276	149
53	17	16	0	278	149
23	17	50	0	222	149
386	4	165	6	291	149
514	0	620	24	329	149
0	5	6	8	237	149
10	1	14	0	237	149
75	1	64	0	264	149
92	4	132	0	189	149
32	0	133	19	180	149
7	0	131	3	262	149
31	0	231	3	253	149
4	11	32	148	292	149
8	11	69	148	247	149
4	11	25	148	312	149
50	0	123	11	371	149
91	9	297	39	245	149
241	140	792	393	308	149
152	8	620	0	308	149
102	8	283	0	245	149
152	5	620	24	308	149
294	5	714	24	245	149
34	0	206	28	203	149
31	6	153	1	224	149
2	1	5	0	320	149
88	2	159	0	306	149
63	1	261	14	233	149
9	0	30	25	171	149
80	0	228	25	203	149
119	0	364	5	255	149
0	1	37	29	271	149
10	0	37	48	271	149
0	1	47	29	267	149
2	0	62	48	267	149
70	1	155	0	231	149
132	17	239	0	265	149
94	0	165	13	226	149
14	0	138	15	361	149
18	9	103	3	267	149
16	0	103	7	267	149
17	3	136	81	267	149
18	0	110	17	267	149
0	3	10	81	218	149
28	3	79	81	500	149
31	0	55	17	500	149
21	1	79	33	500	149
24	2	55	7	500	149
3	3	38	81	292	149
0	3	6	81	196	149
23	0	97	25	201	149
256	3	654	0	283	149
456	0	822	10	386	149
77573	40	1890	8	215	149
19133	40	573	8	371	149
62690	244	267	25	215	149
113255	244	477	25	218	149
25097	15	559	4	215	149
5185	15	169	4	257	149
1637	3	13	0	215	149
4241	502	252	74	215	149
753	37	210	27	215	149
75	2	155	0	287	149
20	1	156	0	273	149
43	1	302	0	321	149
91	6	395	0	263	149
1140	0	11468	14	269	149
0	6	12	85	283	149
0	1	11	20	287	149
4	0	0	5	236	149
7	0	159	11	294	149
1	2	0	33	183	149
8	37	34	44	250	149
1300	6	155	0	3607	149
3	0	0	21	296	149
26	1	54	0	233	149
0	2	11	10	261	149
4	2	100	32	261	149
2	2	146	32	244	149
40	0	296	36	207	149
12	1	115	0	207	149
19	1	141	0	240	149
51	4	306	20	240	149
1	0	129	5	263	149
10	96	0	1	260	149
104	6	624	18	272	149
41	0	1240	4	363	149
1	0	7	14	257	149
21	269	0	357	219	149
227	7	190	0	263	149
310	6	372	0	198	149
88	6	169	0	302	149
91	6	171	0	329	149
45	246	174	221	196	149
3	6	17	9	196	149
5	246	0	221	274	149
5	37	0	123	274	149
31	2	227	61	434	149
55	0	259	10	245	149
8	2	16	18	345	149
2	9	0	35	183	149
15	0	419	16	255	149
50	0	537	25	292	149
22	0	491	18	362	149
14	0	545	18	359	149
27	0	478	3	280	149
104	35	594	160	184	149
91	2636	21	1030	231	149
3952	365	1829	90	259	149
2327	365	884	90	320	149
249	4	4	0	366	149
5364	1	1725	0	400	149
541	4	271	15	514	149
520	4	248	15	449	149
616	4	317	15	321	149
250	4	160	15	444	149
453	0	307	3	305	149
688	1	281	0	312	149
12	8	36	18	394	149
0	8	4	18	337	149
576	3	483	0	258	149
10	12	42	25	239	149
30	0	270	11	437	149
65	0	243	20	179	149
158	2	457	17	267	149
3	0	97	4	252	149
2	0	71	6	280	149
45	2	73	0	291	149
78	0	34	2	225	149
794	0	2279	12	180	149
8	27	0	9	247	149
7	0	49	4	332	149
0	319	12	884	267	149
590	0	1938	6	348	149
432	0	1941	18	295	149
26	145	21	479	200	149
166	0	507	3	298	149
392	0	898	3	281	149
212	50	351	38	260	149
432	50	736	38	201	149
645	27	950	29	251	149
276	27	388	29	367	149
99	184	544	1243	201	149
99	0	544	15	201	149
0	467	14	2589	303	149
400	5	587	0	202	149
144	31	164	12	468	149
1612	31	2947	12	3595	149
280	31	193	12	266	149
54	31	7	12	215	149
339	0	395	13	727	149
16	82	4	54	239	149
698	52	548	98	1087	149
54	52	113	98	345	149
1937	2	2289	0	351	149
2085	2	2356	0	348	149
4617	9	3332	6	379	149
1	1339	2	847	248	149
9	3	20	7	188	149
483	180	689	144	374	149
87	41	25	0	241	149
5477	41	371	0	685	149
43	0	331	5	270	149
75	0	266	5	374	149
3	0	5	9	314	149
47	0	291	16	247	149
108	2	163	16	298	149
6	12	28	14	325	149
16	1	28	10	325	149
0	16	50	77	320	149
11	0	98	10	267	149
105	4	205	0	294	149
109	2	199	0	259	149
110	0	222	11	161	149
3	9	0	9	279	149
399	3	556	7	353	149
1627	8	1996	0	314	149
91	6	355	28	221	149
45	4	57	12	314	149
43	1	55	0	314	149
6	132	10	82	231	149
237	0	42	8	185	149
115	6	49	0	244	149
40	54	37	39	276	149
1	407	0	328	274	149
0	407	12	328	247	149
6	407	60	328	271	149
109	2	314	12	293	149
73	2	267	12	222	149
65	3	142	0	235	149
231	2	547	0	229	149
75	1	255	0	229	149
75	3	265	17	229	149
71	1	142	0	221	149
72	3	196	17	246	149
72	0	196	10	246	149
186	3	581	50	228	149
50	3	43	50	181	149
4	0	45	5	205	149
8	14	0	5	303	149
1495	0	1087	11	270	149
6	100	63	629	686	149
6	100	24	629	240	149
12	79	8	383	361	149
1	2	0	4	221	149
99	3	14	0	235	149
143	3	38	0	299	149
116	6	9	0	242	149
238	10	38	0	242	149
470	7	395	1	237	149
400	30	349	39	236	149
1	21	0	85	312	149
34	4	127	0	241	149
9	4	76	0	245	149
80	11	189	0	233	149
188	11	401	0	241	149
100	0	201	6	241	149
99	0	88	6	247	149
198	5	274	0	247	149
4	0	59	28	326	149
16	0	37	18	182	149
29	0	74	9	201	149
2	2	29	0	251	149
114	0	71	9	298	149
53	2	45	16	237	149
21	4	54	0	311	149
22	14	7	16	210	149
4	1	12	0	217	149
177	4	1227	12	340	149
0	3	22	74	285	149
42	6	57	15	387	149
11	16	53	51	381	149
5	18	47	69	381	149
12	20	92	75	381	149
6	3	86	15	381	149
3	6	0	38	231	149
83	18	315	69	308	149
87	3	339	15	308	149
73	0	302	27	308	149
144	0	412	12	242	149
5	0	77	9	380	149
22	4	10	21	249	149
6746	62	2	0	249	149
605	21	6	0	303	149
20	0	216	14	247	149
14	0	149	20	227	149
25	0	230	33	234	149
2	0	441	12	228	149
1	9	382	0	283	149
6	0	67	16	339	149
2	0	50	8	305	149
0	3	2	0	265	149
24	0	20	9	281	149
7	6	4	0	225	149
15	6	5	0	241	149
4	0	10	4	426	149
43	0	42	4	235	149
40	0	616	55	251	149
20	0	362	21	251	149
15	0	456	21	263	149
35	0	697	42	263	149
0	8	1	0	269	149
386	8	39	0	349	149
10	0	25	6	225	149
6	0	18	24	275	149
0	5	12	89	269	149
0	10	18	138	231	149
46	0	120	24	301	149
38	0	148	10	301	149
9	1	14	42	275	149
69	0	236	3	1078	149
183	0	726	3	2959	149
6	0	0	1	220	149
59	1	131	47	236	149
6	23	17	108	266	149
2	43	0	40	270	149
12	0	38	12	210	149
3	24	0	102	262	149
286	9	704	12	575	149
57	3	326	0	255	149
18	3	88	0	193	149
17	0	122	17	250	149
11	1	39	30	214	149
3	3	5	23	346	149
882	9	1070	0	942	149
46	0	304	24	262	149
36	8	310	6	279	149
40	1	109	0	247	149
0	1	4	20	273	149
50	622	37	88	310	149
0	2	276	37	536	149
0	2	495	37	296	149
160	6	172	9	182	149
145	1	69	0	240	149
435	7	536	12	233	149
3	0	9	69	324	149
98	16	441	16	181	149
6	0	14	6	181	149
47	1	174	0	230	149
46	51	6	2	263	149
44	7	6	15	263	149
42	390	9	522	263	149
57	390	14	522	354	149
41	7	43	15	261	149
10	59	0	83	278	149
98	18	109	0	226	149
71	8	100	19	241	149
152	19	206	4	249	149
145	2	103	0	225	149
0	25	7	83	288	149
0	25	7	83	415	149
45	8	91	33	190	149
1	8	13	0	190	149
4	113	0	82	192	149
97	5	59	8	346	149
177	5	120	8	318	149
0	22	43	96	284	149
35	0	107	13	222	149
679	7	1012	53	735	149
120	0	191	3	235	149
270	1	170	11	188	149
70	1	77	11	192	149
282	2	295	0	260	149
52	2	70	17	239	149
106	10	262	40	207	149
99	10	160	40	275	149
270	18	670	50	214	149
69	18	307	50	257	149
148	6	336	0	223	149
32	12	81	43	421	149
119	12	255	43	204	149
1	4	30	0	232	149
117	1	340	20	221	149
39	6	57	0	285	149
8	8	8	16	254	149
15	2	40	0	271	149
18	2	75	0	348	149
44	0	168	6	259	149
44	13	114	14	215	149
11	113	15	245	194	149
3	0	0	12	173	149
3	3	5	4	241	149
20	3	5	4	343	149
22	0	16	10	260	149
29	269	68	327	251	149
30	6	68	0	251	149
39	2	68	0	267	149
73	269	97	327	267	149
4	269	5	327	365	149
4	36	5	29	365	149
2	34	5	15	365	149
604	6	740	0	276	149
335	1	413	0	276	149
369	1	289	0	247	149
98	283	102	169	266	149
188	5	235	0	285	149
9	27	0	137	204	149
97	7	370	6	246	149
556	5	272	0	234	149
1000	0	523	13	234	149
152	4	88	0	234	149
152	3	102	0	261	149
215	459	98	261	261	149
0	17	15	47	183	149
13	0	7	27	862	149
15	4	5	0	862	149
17	5	63	15	194	149
1679	23	359	0	222	149
484	4	385	0	270	149
7	0	82	1	754	149
5	12	5	0	238	149
19	4	88	51	288	149
8	0	26	11	288	149
0	59	16	143	718	149
119	0	336	12	265	149
0	1	8	0	315	149
0	3	32	0	330	149
27	2	12	0	223	149
21	14	78	10	266	149
58	5	85	0	266	149
8	4	0	40	247	149
5	1	7	0	273	149
18	1	1	0	212	149
20	4	26	0	324	149
8	15	34	19	245	149
12	15	12	19	494	149
1729	1199	137	474	216	149
1652	1199	137	474	195	149
1516	7	208	30	195	149
2267	7	647	30	192	149
3980	364	587	39	209	149
1994	14	347	0	209	149
716	14	28	0	176	149
2520	8	270	0	176	149
893	35	612	27	280	149
2452	35	1827	27	254	149
86	0	586	12	422	149
128	12	641	18	422	149
44	0	559	6	212	149
91	299	55	411	244	149
208	0	1115	19	272	149
101	1	814	26	286	149
114	3	340	0	256	149
40	0	220	10	234	149
49	0	461	4	3309	149
7	0	54	4	540	149
20	0	214	4	1375	149
13	0	160	4	1125	149
6	0	38	42	302	149
91	2	241	0	286	149
51	8	159	23	204	149
13	8	47	23	192	149
94	21	95	2	218	149
158	2	125	3	251	149
6	0	30	14	248	149
8	65	0	197	336	149
337	12	314	14	274	149
112	3	225	33	289	149
150	0	52	3	268	149
6	10	7	63	278	149
6	20	0	53	278	149
12	39	0	52	218	149
5	797	17	357	288	149
8	0	73	42	189	149
17	2	70	0	208	149
1	0	113	12	261	149
1368	2	1788	0	236	149
8	0	19	11	254	149
6	0	72	11	215	149
161	9	173	0	229	149
98	79	220	111	331	149
5	2	10	0	230	149
7	2	10	0	236	149
2	0	40	12	242	149
8	662	0	529	282	149
1023	4	697	27	204	149
969	11	602	28	213	149
18	197	105	828	361	149
23	197	103	828	406	149
20	197	91	828	470	149
0	300	15	1014	310	149
39	236	33	21	1098	149
0	6	5	0	301	149
0	6	16	0	304	149
85	3	95	0	282	149
5	61	0	74	347	149
9	46	0	40	231	149
4	0	710	5	269	149
2	49	8	7	371	149
553	22	534	0	284	149
237	22	274	0	279	149
153	6	231	19	239	149
225	0	628	9	231	149
149	1	389	43	203	149
149	0	346	18	248	149
53	0	52	18	227	149
302	0	378	2	227	149
10	0	59	7	253	149
12	8	120	0	321	149
41	8	167	0	541	149
10	8	65	0	315	149
892	26	183	16	279	149
1733	49	347	11	279	149
793	1	172	0	279	149
256	49	39	11	286	149
335	949	34	177	286	149
248	11	37	3	286	149
1997	20	417	0	277	149
890	2	221	0	251	149
685	297	503	141	217	149
443	43	272	29	217	149
555	297	472	141	324	149
452	43	201	29	209	149
172	15	150	32	209	149
425	4	281	10	209	149
596	15	454	32	406	149
607	23	454	183	406	149
597	15	471	32	312	149
1048	23	667	183	312	149
214	4	337	10	303	149
155	13	217	0	230	149
58	165	37	131	292	149
31	9	6	12	292	149
200	9	145	12	211	149
72	7	45	0	211	149
1386	10	3865	210	203	149
412	160	1307	671	206	149
109	6	370	70	206	149
605	6	2808	70	317	149
8	0	10	6	263	149
75	0	163	4	361	149
32	46	28	45	284	149
966	2	89	0	218	149
12	513	0	72	228	149
18	14	7	0	165	149
702	14	63	0	201	149
94	610	44	45	298	149
130	610	37	45	354	149
177	610	46	45	417	149
7	16	0	14	212	149
6923	22	384	0	367	149
176	855	92	462	336	149
1623	6	1034	0	251	149
396	2	59	22	246	149
78	610	29	45	242	149
484	16	739	0	266	149
126	14	86	22	257	149
197	1	357	1	1108	149
85	10	108	31	224	149
21	12	16	3	188	149
6	23	8	51	188	149
16	23	11	51	286	149
19	3	16	0	286	149
488	2	731	0	201	149
512	0	671	26	204	149
242	0	328	59	221	149
125	0	113	59	235	149
6	27	24	150	292	149
7	59	73	377	202	149
0	27	7	150	202	149
11	59	65	377	234	149
3	27	4	150	234	149
131	6	179	0	250	149
16	0	29	18	420	149
119	0	365	18	303	149
44	32	154	69	376	149
118	8	311	19	261	149
91	8	253	19	248	149
408	5	413	6	340	149
0	23	12	47	303	149
10	1	25	67	254	149
391	4	592	0	307	149
45	159	82	301	227	149
1045	68	98	0	399	149
5	486	0	37	369	149
453	3	37	0	279	149
862	15	67	0	279	149
119	8	1	0	188	149
52	179	5	58	195	149
169	10	28	0	293	149
5	0	18	2	300	149
27	3	95	44	231	149
0	3	1	44	339	149
53	0	159	10	353	149
16	2	3	0	266	149
10	19	3	0	202	149
291	6	96	0	285	149
2120	6	1808	4	333	149
34	1765	83	2522	243	149
3	2	1	0	190	149
43	6	59	0	190	149
0	31	22	60	166	149
444	26	103	0	309	149
3	0	0	10	238	149
3	4	0	6	238	149
0	4	4	0	297	149
0	4	20	0	349	149
8	2	37	0	455	149
8	2	19	0	424	149
13	2	111	0	335	149
40	0	44	2	276	149
3	0	26	19	230	149
22	13	22	11	233	149
149	0	235	12	527	149
8	0	124	19	351	149
6	0	46	19	653	149
6	7	46	7	653	149
48	4	151	0	371	149
178	4	372	0	698	149
132	4	276	0	323	149
171	5	490	0	287	149
240	11	468	17	359	149
8	0	67	10	272	149
0	1	12	36	215	149
11	2472	25	3043	254	149
4194	39	5960	34	258	149
2130	39	2514	34	378	149
0	17	15	109	490	149
0	40	5	66	301	149
1448	15	752	6	315	149
221	14	233	21	241	149
57	16	88	49	261	149
134	16	105	49	325	149
24	1	88	0	221	149
15	63	29	121	268	149
30	17	49	25	265	149
6	341	12	327	186	149
16	341	12	327	248	149
408	2	451	27	285	149
6	13	18	104	306	149
200	1	733	38	305	149
0	25	25	0	266	149
17	1	11	0	268	149
0	2	34	0	203	149
2	0	6	54	215	149
36	2	65	50	262	149
14	12	29	57	483	149
4	0	27	4	251	149
4	0	0	17	378	149
0	28	72	155	408	149
29	0	681	13	296	149
255	2	506	0	198	149
512	2	858	0	328	149
15	6	29	37	205	149
3	1	136	23	245	149
26	2	219	18	238	149
15	0	109	2	238	149
4	0	89	6	988	149
11	4	17	0	234	149
21	3	18	4	454	149
1	25	0	156	282	149
1	20	0	37	282	149
69	3	277	0	282	149
67	6	251	4	282	149
91	20	407	37	282	149
0	66	24	266	251	149
49	112	261	284	393	149
303	6	572	11	301	149
151	4	256	0	301	149
211	4	408	0	306	149
361	4	713	0	306	149
260	0	529	4	249	149
172	1	338	7	199	149
3	169	51	303	230	149
25	2	8	0	199	149
73	22	17	0	199	149
0	7	10	0	249	149
754	0	1430	15	696	149
425	2	1204	0	382	149
2	0	258	11	365	149
1113	4	335	1	249	149
502	4	100	1	236	149
71	158	246	712	312	149
44	0	118	10	312	149
133	0	386	14	341	149
133	0	296	6	205	149
36	0	58	9	205	149
0	126	13	486	264	149
7	0	238	6	347	149
320	0	2223	5	196	149
7	476	104	2699	266	149
3	476	58	2699	263	149
660	0	3967	4	230	149
971	4	2940	17	238	149
66	0	113	20	491	149
2	21	0	18	335	149
6	6	47	0	239	149
0	41	6	161	534	149
3	56	17	304	404	149
56	4	673	2	264	149
4	63	26	106	547	149
53	0	202	16	267	149
12	839	46	390	241	149
1649	3	765	0	230	149
9	1277	0	569	334	149
11	1277	0	569	355	149
610	3	304	0	215	149
1902	2	936	0	232	149
1719	20	1178	18	218	149
4	1116	0	881	245	149
7	1116	5	881	272	149
413	2	388	14	232	149
611	16	863	0	231	149
401	15	379	26	231	149
251	15	507	26	296	149
497	52	1067	76	296	149
54	2	232	9	254	149
48	0	289	16	290	149
4	0	174	30	240	149
5	4	116	74	216	149
3	11	4	138	298	149
4	0	0	23	247	149
437	1	511	29	273	149
225	0	381	18	256	149
106	3	159	0	256	149
20	121	97	237	230	149
254	3	710	0	339	149
375	2	929	15	339	149
1	113	2	406	247	149
412	19	1284	110	215	149
1667	51	1222	21	326	149
41	5	106	7	356	149
20	2	60	12	356	149
1	2	18	12	245	149
53	0	63	6	245	149
87	1	133	11	278	149
129	2	216	32	195	149
294	2	579	32	251	149
0	118	10	426	278	149
230	1	232	0	228	149
30	55	21	63	289	149
11	0	123	5	331	149
1	5	0	26	231	149
5	10	0	106	231	149
10	10	67	106	238	149
5	4	41	0	238	149
17	0	239	7	778	149
2	0	14	12	244	149
2	3	14	13	244	149
160	3	129	2	230	149
410	3	567	2	272	149
253	10	605	0	317	149
1	44	0	357	260	149
74	23	141	62	293	149
0	20	6	131	252	149
132	6	295	0	277	149
56	7	40	0	193	149
47	7	109	19	308	149
0	126	6	428	329	149
14	0	130	8	375	149
22	6	247	0	375	149
18	0	38	11	261	149
7	0	35	6	204	149
0	10	9	158	217	149
4	0	229	4	256	149
1682	15	3098	8	333	149
1205	0	2166	33	333	149
177	0	313	33	222	149
638	0	1245	8	222	149
505	0	1670	11	330	149
167	4	868	14	260	149
262	17	1089	121	196	149
0	150	23	1026	216	149
3	113	5	793	240	149
29	0	4	9	212	149
62	2	196	8	290	149
3	2	36	8	180	149
73	13	122	54	180	149
82	7	43	0	179	149
97	5	43	0	176	149
5357	0	17231	50	274	149
2356	0	7958	11	409	149
4571	0	17204	11	702	149
130	6	465	0	227	149
1	0	51	4	213	149
1	0	112	9	225	149
1119	0	2337	20	343	149
988	4	1513	0	230	149
107	4	68	0	176	149
0	12	12	0	278	149
8	0	13	29	203	149
329	3	352	0	256	149
20	3	76	0	304	149
66	3	261	0	238	149
20	0	128	16	191	149
1	0	78	67	206	149
197	7	951	12	230	149
119	4	668	0	311	149
148	0	610	40	236	149
0	81	26	477	254	149
33	2	124	5	429	149
516	3	884	0	235	149
5	222	8	373	251	149
467	0	873	11	307	149
4	244	0	450	236	149
0	24	6	464	216	149
35	9	918	97	312	149
17	0	109	39	259	149
9	8953	4	9813	194	149
9993	2	13912	0	263	149
15	0	35	9	233	149
11	0	58	7	244	149
2	0	41	7	291	149
969	246	661	150	199	149
1550	3	1385	0	314	149
3	1148	0	1176	267	149
0	28	24	175	213	149
2	3	151	0	272	149
0	1448	25	3081	336	149
56	1	229	0	238	149
6	31	10	100	329	149
7	2	141	0	291	149
14	0	160	2	282	149
680	0	9574	6	263	149
753	0	11139	9	244	149
1212	9	25180	73	249	149
13	0	73	17	208	149
0	99	33	2407	254	149
0	380	82	8402	254	149
0	99	113	2407	577	149
0	380	171	8402	577	149
0	380	199	8402	552	149
0	380	82	8402	351	149
0	99	4	2407	271	149
1	99	189	2407	426	149
0	380	57	8402	426	149
3	99	171	2407	297	149
2	380	39	8402	297	149
1	0	155	4	297	149
28	0	1451	19	230	149
99	380	2396	8402	230	149
1	0	140	23	230	149
11	8	141	11	242	149
13	6	0	1	474	149
173	0	870	23	287	149
0	2	9	0	247	149
0	2	6	25	682	149
2	0	48	13	233	149
5	0	50	4	250	149
12	2	0	48	203	149
8	0	0	14	261	149
36	0	53	51	211	149
43	0	60	51	218	149
4	38	0	113	178	149
2	0	142	136	179	149
25	1	210	0	271	149
4	0	17	15	254	149
2	0	76	8	254	149
17	0	204	8	363	149
51	6	39	6	258	149
12	2	12	0	229	149
0	32	8	390	206	149
12	0	114	55	202	149
15	0	220	55	204	149
51	1	70	0	226	149
51	1	118	0	254	149
30	10	178	22	202	149
896	0	657	15	310	149
42	45	73	182	203	149
153	0	501	14	231	149
0	3	14	63	208	149
0	3	68	63	311	149
8	0	31	35	311	149
3	0	122	2	294	149
3	0	56	8	192	149
12	0	260	12	294	149
9	39	114	86	236	149
88	0	141	18	386	149
24	0	73	12	257	149
0	18	10	6	173	149
1721	3	345	0	331	149
4	2	40	0	381	149
2	8	36	99	271	149
2	8	47	99	247	149
2	40	30	213	294	149
3	40	0	213	264	149
92	16	251	0	248	149
178	11	263	0	302	149
10	0	0	17	231	149
2	210	0	128	231	149
0	210	23	128	294	149
3	0	92	13	260	149
30	3	164	6	266	149
42	0	106	6	199	149
123	12	284	0	237	149
77	12	136	0	272	149
83	12	142	0	276	149
4	0	0	39	198	149
4	0	54	39	270	149
1523	9	6201	11	221	149
0	10	17	45	344	149
139	49	12	0	269	149
169	49	12	0	345	149
214	5	16	0	321	149
125	29	6	0	321	149
168	5	6	0	319	149
2	113	0	6	290	149
12	1	386	0	204	149
79	11	405	123	317	149
2583	5	2875	0	205	149
3028	0	2789	14	201	149
19	0	34	16	313	149
4	329	0	1283	324	149
503	0	1930	3	228	149
1227	2	4679	28	279	149
1187	6	2980	0	258	149
5063	10	9247	8	278	149
12	0	0	3	229	149
7433	7	9501	0	207	149
0	2	28	0	243	149
2	0	44	5	280	149
20	18	0	64	230	149
14	0	33	24	250	149
10	2	50	8	195	149
2	0	37	37	291	149
14	6	19	3	254	149
24	102	28	162	391	149
22	0	29	15	298	149
0	12	29	11	267	149
39	6	77	7	213	149
51	1	104	0	298	149
20	1	28	0	251	149
10	4	186	60	242	149
10	0	119	7	219	149
3	0	6	7	238	149
5	10	55	86	238	149
9	9	142	0	366	149
6	0	99	21	195	149
20	1	305	16	210	149
9	808	0	576	239	149
792	3	680	12	334	149
4	0	8	3	322	149
1	3	26	2	325	149
32	1	34	16	204	149
275	2	324	0	336	149
81	0	276	4	303	149
24	9	86	0	226	149
45	5	24	37	247	149
194	0	305	18	297	149
2	13	0	50	197	149
30	4	99	0	307	149
24	2	204	0	266	149
15	0	42	3	209	149
2	3	0	21	303	149
56	0	395	18	275	149
346	14	325	17	353	149
10	74	6	162	409	149
83	0	126	9	309	149
227	0	259	17	243	149
0	11	18	42	210	149
163	8	517	28	207	149
8	8	30	37	194	149
0	11	12	16	509	149
1	0	0	8	338	149
0	1417	21	5001	189	149
3	1417	81	5001	196	149
27	10	114	0	318	149
222	4	421	0	262	149
155	1	386	0	208	149
108	3	206	0	247	149
172	6	427	1	218	149
22	16	82	8	194	149
768	0	2369	8	359	149
841	0	1440	30	217	149
4	0	26	6	321	149
21	9	8	12	245	149
11	0	249	5	300	149
4	81	0	78	206	149
22	0	22	12	257	149
51	6	75	24	246	149
190	0	1422	12	1840	149
13	38	31	237	328	149
63	34	121	67	279	149
27	10	97	0	315	149
6	4	1	0	255	149
48	4	51	0	175	149
8	0	9	7	203	149
259	1	25	0	229	149
99	26	6	0	332	149
532	6	1603	0	444	149
0	1065	3	1744	313	149
23	0	102	6	322	149
0	9	94	161	1411	149
1	16	0	243	198	149
1	16	23	243	255	149
17	4	234	0	304	149
17	4	234	0	320	149
34	4	472	0	359	149
0	4	5	0	266	149
0	13	16	184	266	149
3	0	0	22	269	149
2	0	72	8	213	149
0	2	16	0	247	149
3	0	14	12	325	149
6	5	5	2	346	149
5	102	21	240	206	149
0	3	29	21	280	149
267	0	877	28	282	149
227	25	36	0	461	149
1677	6	218	0	349	149
38	1	49	0	439	149
54	1	43	0	439	149
0	1	11	0	249	149
8	15	11	27	249	149
0	2	12	15	269	149
360	0	828	10	301	149
2	5	0	12	224	149
5	234	17	871	273	149
4	234	9	871	361	149
480	3	1638	16	300	149
16	0	35	10	318	149
248	0	761	10	295	149
3	0	0	10	219	149
9	0	0	10	208	149
8	223	31	328	465	149
583	2	1156	26	301	149
6	0	2	69	276	149
29	6	196	0	251	149
13	0	96	16	234	149
0	3	55	0	243	149
4	4	0	171	268	149
0	12	13	71	262	149
6	0	65	6	285	149
9	0	52	36	285	149
18	0	121	33	285	149
21	11	119	88	285	149
9	0	65	28	285	149
8	0	36	36	271	149
8	11	63	88	271	149
14	9	86	59	271	149
50	2	152	7	206	149
0	7	5	24	220	149
5	0	19	8	279	149
8	15	7	0	238	149
7	6	8	0	238	149
0	1	19	28	231	149
19	0	10	19	325	149
6	0	140	15	281	149
18	1	90	19	291	149
39	1	154	19	276	149
10	2	64	7	245	149
32	9	175	4	245	149
7	517	88	1551	369	149
1035	0	3043	38	279	149
1193	4	3027	9	251	149
8448	26	12907	175	262	149
8	0	86	5	266	149
37	5	27	11	178	149
32	0	21	30	215	149
73	0	364	6	247	149
80	8	222	30	246	149
1947	2	397	0	185	149
25	0	66	16	305	149
19	0	33	16	248	149
19	47	72	33	356	149
387	0	1723	10	244	149
31	5	41	13	200	149
0	81	22	108	223	149
102	0	139	3	239	149
4	126	0	245	161	149
109	1	97	7	192	149
4	3	50	54	225	149
1	0	42	14	235	149
3677	49	2285	8	344	149
45	4	210	0	366	149
0	45	12	210	650	149
157	14	281	21	265	149
106	0	271	12	899	149
43	0	143	12	304	149
1	210	0	284	262	149
414	75	326	151	206	149
0	282	40	184	334	149
1	282	14	184	248	149
1	282	14	184	233	149
2	0	0	29	337	149
273	19	3	0	233	149
277	11	6	0	233	149
256	5	3	0	233	149
652	17	13	0	276	149
270	21	0	3	276	149
510	11	9	0	262	149
508	21	9	3	262	149
868	4	22	0	262	149
269	5	22	0	332	149
1248	12	19	0	263	149
1185	212	19	14	245	149
2411	256	12	0	249	149
188	4	221	0	173	149
4	1590	26	2336	304	149
2370	22	3652	35	273	149
6	989	0	1555	418	149
21	196	11	315	203	149
331	1	759	6	347	149
232	115	562	57	347	149
62	115	119	57	213	149
162	6	306	19	213	149
96	0	495	3	380	149
28	211	83	490	314	149
1	6	46	19	270	149
3	135	64	220	270	149
0	135	8	220	237	149
278	3	411	14	240	149
97	3	1319	23	273	149
25	3	528	23	240	149
23	0	178	14	341	149
1	0	65	14	203	149
0	7	26	151	330	149
4	7	2	151	458	149
24	226	3	423	478	149
109	226	542	423	2204	149
0	226	35	423	305	149
0	1	35	3	305	149
0	226	19	423	279	149
0	1	19	3	279	149
32	256	17	202	176	149
15	256	12	202	194	149
34	23	100	0	194	149
59	0	282	12	292	149
100	0	631	13	664	149
6	4	38	95	281	149
16	25	67	158	281	149
466	4	14	0	804	149
553	5	37	0	302	149
48	28	177	59	227	149
76	0	236	3	229	149
565	3	742	0	279	149
84	1	212	0	299	149
0	11	7	15	201	149
28	0	57	5	332	149
21	5	26	0	332	149
11	10	11	6	332	149
0	13	11	31	242	149
356	5	597	0	1409	149
369	6	623	0	1409	149
9741	5	42444	0	483	149
100	3	371	0	324	149
67	3	348	0	225	149
0	515	5	498	275	149
511	3	257	0	266	149
175	1	349	0	258	149
0	346	38	718	216	149
1003	6	796	0	193	149
640	2	289	0	207	149
18	77	42	116	419	149
452	0	2207	22	290	149
14	72	30	752	251	149
114	0	1115	47	321	149
145	0	1351	27	321	149
97	0	931	8	321	149
117	1	1117	28	321	149
0	48	12	424	234	149
0	20	6	190	234	149
0	48	14	424	163	149
1	48	40	424	193	149
7	48	109	424	234	149
2	0	141	27	258	149
0	1	32	28	258	149
11	48	256	424	258	149
7	20	125	190	258	149
3	0	147	27	279	149
0	1	62	28	279	149
18	48	265	424	279	149
15	0	144	4	279	149
15	20	159	190	279	149
0	1	23	28	217	149
35	0	286	4	217	149
35	20	286	190	217	149
46	20	362	190	270	149
9	1	34	28	273	149
46	0	416	4	273	149
55	20	401	190	273	149
12	0	128	15	273	149
88	0	374	21	294	149
71	0	288	24	301	149
4	37	0	383	290	149
31	15	75	21	221	149
44	15	202	21	517	149
6	12	34	54	313	149
8	41	86	126	266	149
366	1	604	0	210	149
532	0	1057	12	308	149
101	0	292	7	275	149
201	18	505	47	322	149
5	191	8	197	225	149
0	779	17	349	364	149
7	94	7	12	185	149
81	0	664	20	298	149
22	6	123	0	270	149
16	6	0	78	242	149
541	12	242	32	233	149
354	0	313	2	295	149
297	5	149	0	395	149
0	5	18	0	191	149
461150	1	32581	0	297	149
210328	5	27382	0	420	149
326838	7	31887	35	420	149
244515	15	46306	20	799	149
16	1832	5	402	246	149
0	1	3	0	246	149
9	0	140	9	250	149
1809	48	295	155	250	149
8	0	250	9	253	149
1805	1	187	0	253	149
1811	48	420	155	253	149
91	6	747	233	359	149
104	5	561	108	341	149
95	6	563	233	341	149
37	0	165	11	232	149
7	28	18	78	287	149
4	28	36	78	297	149
4	4	23	0	297	149
19	0	55	10	225	149
36	0	90	10	238	149
0	10	9	63	197	149
2	10	28	63	283	149
47	2	155	70	673	149
10	4	42	0	260	149
147	0	1060	14	179	149
32	0	117	9	245	149
56	11	185	0	174	149
36	0	723	20	341	149
7	0	263	10	272	149
3565	39	2831	45	305	149
518	0	582	9	203	149
3	996	0	1262	218	149
2073	15	3107	25	302	149
38	27	24	108	305	149
1	0	32	9	591	149
297	3	182	0	352	149
41	2	14	0	266	149
2	449	11	2493	246	149
1	6	64	0	555	149
1	6	0	134	266	149
142	0	887	4	685	149
135	0	775	4	515	149
12	0	20	28	366	149
58	0	150	22	445	149
123	0	230	22	264	149
1	11	0	94	205	149
302	4	355	0	305	149
248	9	160	0	305	149
27	9	34	0	224	149
121	21	214	7	224	149
111	60	186	7	224	149
168	1	176	0	309	149
72	60	161	7	367	149
155	60	275	7	382	149
530	2	337	0	256	149
8	0	111	17	246	149
9763	68	17803	142	221	149
68	0	142	4	205	149
13	0	243	2	218	149
1	1	0	6	265	149
12	7	11	10	266	149
65	9	58	0	347	149
184	0	617	8	246	149
4	1053	20	1711	260	149
37	0	75	8	312	149
14	0	126	6	242	149
14	10	29	39	420	149
7	10	29	39	468	149
236	2	215	0	201	149
108	0	100	4	201	149
131	0	35	4	217	149
287	4	150	0	217	149
611	19	274	37	275	149
689	0	377	3	202	149
12	0	315	7	319	149
169	7	77	0	367	149
111	76	86	49	224	149
22	0	55	13	204	149
1	22	0	42	264	149
4	293	0	595	306	149
15	293	16	595	332	149
22	4	0	48	244	149
9	559	0	664	244	149
5	0	95	36	290	149
7	0	206	22	260	149
2	1	104	0	260	149
0	365	15	1321	247	149
1	81	0	210	423	149
9	81	25	210	290	149
0	18	24	143	368	149
13	6	85	0	205	149
21	2	243	0	327	149
6	73	0	5	214	149
3	7	39	13	236	149
234	5	146	0	228	149
144	6	125	0	322	149
60	1	136	0	261	149
26	11	45	24	221	149
19	0	39	10	254	149
36	1	192	0	183	149
10	0	106	24	198	149
25	4	88	10	224	149
75	4	288	10	205	149
18	3	94	0	279	149
6	0	58	4	376	149
6	0	19	4	346	149
251	0	694	12	252	149
3720	12	23076	53	322	149
2508	0	17337	10	257	149
311	13	437	4	241	149
144	5	79	0	244	149
78	5	28	0	275	149
78	5	28	0	306	149
130	8	85	0	275	149
43	3	48	0	580	149
70	5	108	0	289	149
80	3	71	0	289	149
8	3	57	0	277	149
27	35	98	4	277	149
28	5	47	10	277	149
59	5	86	10	268	149
29	6	148	15	268	149
12	0	220	4	293	149
4	2	99	35	220	149
49	6	67	0	290	149
4	0	0	25	266	149
4	0	52	6	256	149
17	8	71	4	208	149
57	5	97	0	280	149
173	0	233	16	257	149
515	1	266	0	316	149
25	0	184	13	268	149
131	1	215	0	3328	149
0	4	14	10	310	149
4	9	19	130	195	149
16	0	317	14	259	149
11	0	161	4	205	149
18	0	141	13	230	149
29	70	138	375	293	149
208	0	905	45	443	149
90	0	691	6	290	149
16	1	74	0	224	149
11	27	188	249	182	149
21	5	170	88	234	149
23	1	208	4	281	149
0	5	6	45	184	149
5	18	0	191	190	149
74	4	253	0	232	149
17	0	42	8	268	149
124	4	181	11	258	149
171	4	195	11	303	149
569	20	274	18	218	149
6	0	12	13	274	149
0	2	12	31	274	149
0	2	18	31	216	149
3	0	0	18	216	149
0	4	22	58	202	149
7	5	42	0	369	149
13	5	112	0	324	149
2	39	0	154	212	149
324	0	737	11	396	149
11	0	0	10	191	149
90	3	199	10	286	149
893	98	1938	235	221	149
310	1	7	0	230	149
0	13	24	106	290	149
29	0	190	5	347	149
5	0	34	5	218	149
1502	4	4283	5	237	149
117	1	388	0	277	149
248	7	288	0	300	149
644	7	735	0	339	149
678	10	889	0	359	149
1034	17	1931	22	211	149
613	13	1268	46	208	149
1	425	53	819	311	149
243	3	21442	10	244	149
11	92	0	130	271	149
5	0	97	19	185	149
9	0	80	21	272	149
155	0	619	12	301	149
178	4	970	0	216	149
200	13	1781	14	267	149
3	7	0	11	188	149
0	108	35	328	250	149
4	108	31	328	234	149
3	2	9	25	230	149
48	57	232	166	176	149
67	1	626	7	357	149
5	0	180	10	289	149
8	1561	0	148	355	149
38	1561	0	148	354	149
198	92	228	134	223	149
451	92	644	134	220	149
116	7	303	6	220	149
4	0	22	71	247	149
4	4	24	0	192	149
4	8	0	72	232	149
300	12	607	0	252	149
278	8	405	0	226	149
2053	41	483	16	257	149
734	2	232	0	257	149
1477	2	367	0	302	149
2775	12	602	0	302	149
2265	5	543	0	243	149
2	1413	0	343	318	149
6	1413	0	343	380	149
66	1413	24	343	521	149
14	0	413	7	324	149
7	7	154	44	210	149
38	0	68	7	239	149
0	499	11	5096	307	149
0	319	1	2413	322	149
1	378	31	3551	300	149
0	257	28	3701	256	149
2	257	45	3701	287	149
2	0	18	61	287	149
0	250	29	4211	243	149
285	9	345	0	251	149
381	4	486	2	233	149
9	59	12	54	496	149
8	59	0	54	419	149
48	0	140	10	218	149
2	11	0	10	251	149
404	0	1037	2	1003	149
2	0	123	80	891	149
0	20	9	118	276	149
0	3	18	6	276	149
14	2	147	8	273	149
32	2	230	8	241	149
17	2	117	8	223	149
107	2	356	4	226	149
181	4	197	0	272	149
42	2	19	0	268	149
22	2	9	0	226	149
11	4	17	0	351	149
237	11	358	0	245	149
159	28	307	47	237	149
23	5	32	0	181	149
10	5	12	0	306	149
63	41	144	59	315	149
170	8	293	0	222	149
4	204	22	322	222	149
11	204	25	322	380	149
66	204	185	322	2195	149
947	15	2664	58	273	149
409	15	783	58	268	149
1395	3	1790	27	222	149
378	3	533	27	211	149
322	3	489	27	201	149
1195	2	1626	0	196	149
171	3	689	22	185	149
82	4	357	0	223	149
117	9	243	0	231	149
191	0	538	12	231	149
117	4	243	0	231	149
250	1	13	0	309	149
29	2	203	8	230	149
65	2	598	8	199	149
36	1	98	0	237	149
133	2	167	1	217	149
0	83	32	122	271	149
57	1	133	16	249	149
52	0	194	4	284	149
1497	4	468	0	337	149
14	9	37	15	251	149
63	0	30	16	2334	149
76	3	154	10	205	149
85	1	167	0	220	149
15	0	134	13	228	149
3	2	91	55	320	149
6	0	0	24	321	149
367	9	312	0	208	149
12	0	21	12	228	149
0	4	18	0	217	149
6	2	17	0	204	149
57	22	175	28	293	149
39	0	166	6	285	149
76	8	194	0	273	149
0	9	58	24	216	149
0	11	43	95	216	149
31	11	113	95	871	149
22	0	123	19	871	149
15194	0	26348	10	249	149
13142	4	22923	24	343	149
25	4	63	12	525	149
1	0	20	11	213	149
5	71	0	128	297	149
168	144	315	252	441	149
53	144	159	252	310	149
1	2	13	0	171	149
39	2	165	0	281	149
5	60	0	148	176	149
106	14	147	0	221	149
181	0	228	11	210	149
158	5	92	0	232	149
358	68	189	43	278	149
84	0	483	8	303	149
0	1	16	0	290	149
0	1	16	0	268	149
2	117	63	505	365	149
170	45	941	20	247	149
35	13	353	25	215	149
87	0	820	7	269	149
0	17	1	0	152	149
16	17	25	0	180	149
849	12	3197	61	244	149
1416	0	3925	22	305	149
4	3	74	11	197	149
6	0	32	12	197	149
590	10	1186	0	323	149
300	3	646	0	323	149
161	3	300	0	216	149
448	10	850	10	216	149
596	3	1008	0	247	149
32	6	9	0	267	149
46	8	8	0	267	149
19	8	15	0	215	149
18	19	16	0	215	149
19	15	9	0	261	149
8	6	13	0	421	149
8	13	4	15	421	149
173	1	518	0	292	149
334	0	1160	12	616	149
45	25	118	41	245	149
52	0	164	10	284	149
13	80	17	226	380	149
168	0	359	6	260	149
139	1	398	9	267	149
126	3	1875	0	4034	149
306	3	682	0	300	149
56	0	198	55	332	149
122	7	230	0	280	149
44	7	165	0	273	149
26	2	368	8	220	149
2	0	30	5	220	149
15	0	142	5	238	149
39	0	490	22	238	149
128	0	274	7	231	149
59	0	193	7	2021	149
180	3	285	0	229	149
0	7	12	6	173	149
241	3	207	19	280	149
3	0	83	10	335	149
246	1	683	21	285	149
133	0	356	4	285	149
288	2	226	5	271	149
486	7	417	15	271	149
314	5	254	0	271	149
184	7	182	15	267	149
175	5	92	0	312	149
163	5	69	0	301	149
178	44	69	38	301	149
152	5	66	0	232	149
352	44	252	38	232	149
85	0	205	16	274	149
6	15	47	178	410	149
23	4	196	0	234	149
2	36	0	136	416	149
2454	19	191	0	340	149
590	0	44	2	252	149
5	75	0	369	284	149
1	75	0	369	278	149
189	1386	207	3213	235	149
512	0	1253	9	264	149
414	0	1252	6	327	149
150	0	330	9	305	149
369	0	1113	9	511	149
286	0	824	9	526	149
106	0	196	13	200	149
23	0	119	7	215	149
388	0	740	16	231	149
961	2	1641	5	491	149
27	228	48	337	276	149
37	0	169	21	209	149
307	0	312	13	246	149
1917	0	2835	9	217	149
1729	2	3156	0	247	149
304	0	669	23	192	149
2112	0	5004	23	212	149
649	0	1508	23	336	149
1638	3	3976	49	182	149
608	3	189	0	256	149
57	4	158	6	237	149
34	1	23	0	160	149
279	0	299	6	277	149
93	0	48	6	222	149
312	6	373	0	214	149
18	0	5	9	229	149
24	215	0	186	229	149
1583	6	302	0	337	149
612	6	146	0	348	149
3442	2	575	0	368	149
4813	14	389	9	245	149
73	1	12	0	557	149
13	28	41	12	375	149
0	7	25	25	283	149
2	7	202	25	656	149
297	3	481	0	248	149
158	2	348	16	254	149
68	0	307	57	226	149
78	16	526	7	274	149
2249	7	2633	16	237	149
151	0	494	31	257	149
300	32	1463	386	1507	149
12	10	6	86	211	149
12	4	163	89	269	149
58	651	29	1018	234	149
1721	10	3487	8	456	149
247	18	77	0	280	149
25	93	0	27	287	149
9	6	20	0	246	149
92	20	566	56	284	149
66	10	515	30	292	149
60	25	192	70	203	149
9	46	58	184	197	149
5	46	0	184	216	149
58	9	329	0	262	149
2	45	0	247	271	149
2	45	0	247	288	149
0	46	16	954	300	149
20	1363	129	1229	223	149
9	65	93	80	223	149
1643	65	1439	80	214	149
309	2	258	11	214	149
810	65	736	80	221	149
8	2	32	11	221	149
45	0	645	17	275	149
0	11	93	0	287	149
22	11	365	0	281	149
348	0	2901	64	311	149
9	0	0	199	398	149
2049	0	4119	8	307	149
3925	0	8572	8	310	149
0	859	56	4539	237	149
69	859	138	4539	317	149
854	173	4600	1778	175	149
119	173	541	1778	421	149
61	764	330	4326	312	149
5	764	70	4326	195	149
132	6	7	0	164	149
1522	6	245	0	197	149
10	1020	0	216	186	149
356	219	236	194	191	149
6	69	0	38	260	149
6	17	0	41	260	149
85	8	53	0	216	149
177	69	161	38	216	149
106	17	83	41	216	149
79	69	53	38	259	149
51	677	449	3333	220	149
73	677	446	3333	232	149
58	5	159	41	274	149
1	3	74	86	283	149
36	26	127	8	213	149
1	19	0	4	287	149
0	7	4	52	427	149
19	0	111	12	318	149
28	0	25	48	293	149
49	4	86	25	263	149
58	1	144	0	297	149
42	24	63	27	237	149
0	21	11	0	286	149
360	2	12	0	200	149
472	0	941	3	261	149
2	2	15	2	245	149
896	3	331	17	251	149
609	36	398	30	253	149
222	4	170	0	253	149
1	1	2	0	219	149
0	1	4	2	211	149
0	2	12	7	247	149
0	2	1	7	189	149
0	2	2	7	294	149
57	0	396	72	233	149
36	0	380	11	238	149
62	0	485	13	340	149
47	0	466	9	231	149
47	0	232	13	269	149
3	86	5	194	247	149
42	86	95	194	386	149
33	86	118	194	382	149
1	17	0	63	275	149
0	102	9	550	405	149
0	102	9	550	230	149
4	102	25	550	224	149
51	11	503	0	176	149
0	6	27	181	260	149
7	0	120	9	272	149
0	11	15	209	257	149
0	11	4	209	211	149
98	0	359	17	236	149
49	3	201	0	189	149
43	0	245	13	225	149
43	0	735	31	260	149
6	65	3	172	232	149
46	0	153	7	555	149
32	0	112	7	358	149
47	1	53	0	340	149
75	81	71	256	246	149
81	0	280	24	277	149
0	9	6	0	776	149
56	6	70	0	369	149
76	0	135	6	369	149
41	3	113	0	369	149
53	3	66	0	282	149
95	8	82	0	282	149
113	178	10	39	270	149
305	137	102	55	337	149
61	76	51	20	184	149
52	3	11	14	279	149
15	3	8	14	253	149
22	11	8	9	253	149
40	1	16	0	274	149
30	4	16	0	274	149
32	6	56	0	191	149
30	15	68	0	198	149
88	4	68	0	287	149
102	5	68	0	287	149
2	0	46	8	208	149
0	15	10	44	244	149
14	20	25	35	528	149
31	0	200	30	392	149
8	4	59	0	302	149
13	0	111	6	302	149
4	0	0	6	272	149
0	5	12	64	272	149
83	1	100	4	221	149
87	0	196	7	495	149
5	0	21	8	267	149
3	0	55	15	267	149
8	2	6	11	219	149
28	3	54	24	635	149
2	4	17	3	242	149
89	12	326	37	265	149
25	27	102	147	230	149
1	305	0	732	215	149
52	6	479	14	240	149
1	2	0	432	325	149
352	2	1089	28	269	149
203	5	771	5	255	149
113	0	568	3	281	149
160	0	659	7	223	149
15	24	58	113	273	149
171	0	687	5	218	149
54	131	464	268	236	149
244	7	692	38	239	149
314	424	553	485	233	149
10	521	21	715	226	149
51	521	15	715	205	149
82	1	76	7	251	149
61	60	0	28	283	149
0	18	27	202	194	149
74	4	499	9	309	149
2898	4	2877	0	221	149
25924	4	41236	0	333	149
8969	6	10787	2	333	149
346	12	538	31	278	149
302	6	439	2	245	149
16975	12	30540	31	245	149
117	3	441	0	326	149
116	0	1217	15	263	149
29	0	407	15	237	149
67	9	741	113	309	149
34	0	212	39	243	149
0	7	60	38	213	149
2	7	8	42	242	149
4	15	0	210	178	149
121	0	506	11	272	149
208	0	574	8	275	149
1735	14	1891	0	707	149
802	14	648	0	312	149
8	0	43	20	291	149
355	0	762	11	235	149
0	10	14	20	276	149
12	77	39	338	238	149
0	77	13	338	252	149
133	10	562	57	269	149
3	57	0	53	215	149
0	2	17	10	440	149
187	0	316	4	236	149
267	12	814	35	284	149
33	3	34	0	197	149
53	0	270	2	240	149
1	4	0	46	224	149
1	4	0	46	220	149
34	5	176	0	269	149
24	2	70	69	188	149
15	0	129	36	362	149
10	0	75	6	261	149
7	3	82	0	211	149
0	2	4	0	271	149
1019	2	1379	0	259	149
40	0	53	47	418	149
24	0	57	16	418	149
20	0	16	47	326	149
4	0	20	16	326	149
3	0	153	16	311	149
19	0	106	4	311	149
119	3	760	0	1932	149
50	6	60	0	363	149
83	6	165	0	285	149
4	50	27	42	266	149
84	3	148	25	317	149
75	0	139	14	227	149
16	35	7	0	343	149
13	35	103	0	343	149
2	0	10	5	338	149
376	2	722	0	208	149
244	1	400	8	260	149
8	12	13	0	302	149
42	1	22	0	337	149
107	7	401	0	1003	149
17	0	88	6	230	149
2	0	555	13	258	149
16	0	255	28	233	149
13	0	28	12	233	149
21	0	243	12	286	149
24	0	518	18	286	149
0	3	5	0	207	149
197	6	1038	74	274	149
33	0	208	16	282	149
28	0	135	16	201	149
48	0	338	12	201	149
0	1	3	0	251	149
35	2	788	0	353	149
2	73	21	105	209	149
310	17	362	19	244	149
21	184	20	174	416	149
285	0	358	13	240	149
0	3	32	1	320	149
3	0	1	34	211	149
136	0	72	21	283	149
432	2	384	0	226	149
230	2	211	0	329	149
83	4	177	0	309	149
1065	4	489	0	209	149
10	14	29	9	208	149
160	0	121	1	255	149
299	7	269	0	240	149
1593	0	542	9	336	149
255	0	56	9	176	149
183	0	115	11	285	149
32	2	100	11	295	149
7	2	61	11	245	149
8	26	18	69	209	149
91	20	52	11	238	149
42	20	0	11	327	149
105	0	168	15	333	149
0	77	3	188	202	149
2	77	11	188	281	149
2	77	19	188	284	149
2	77	11	188	445	149
101	3	203	0	284	149
170	3	412	0	289	149
0	27	23	15	606	149
0	93	23	224	372	149
52	0	466	11	374	149
30	0	434	7	422	149
22	2	49	1	339	149
68	6	186	13	279	149
242	8	421	3	218	149
826	42	258	0	223	149
40	0	81	2	422	149
52	2	140	0	465	149
3	0	50	8	250	149
18	0	32	32	263	149
498	0	653	8	251	149
118	0	406	8	251	149
4	12	0	1	271	149
0	37	11	123	221	149
2	0	2096	5	269	149
47	0	272	7	196	149
512	0	2703	16	243	149
26	34	14	0	217	149
20	1	4	0	251	149
83	0	5	8	412	149
953	6	708	0	355	149
33	0	169	61	299	149
296	20	72	8	266	149
276	27	50	0	266	149
871	20	131	8	440	149
674	27	91	0	440	149
204	27	64	0	342	149
390	9	96	0	342	149
215	27	110	0	388	149
218	3	124	0	388	149
401	9	142	0	388	149
5	56	19	30	302	149
2	3	17	15	273	149
86	9	109	18	241	149
128	1	1118	0	232	149
44	4	157	0	190	149
6	38	46	141	242	149
176	23	519	0	215	149
315	0	675	7	317	149
3	19	22	82	223	149
43	2	167	0	282	149
20	0	74	14	264	149
9	3	50	20	249	149
145	2	333	5	232	149
110	49	247	57	199	149
0	489	17	2312	247	149
617	354	1984	1705	605	149
2	0	328	10	357	149
157	0	391	28	228	149
16	8	84	0	228	149
17	8	154	0	231	149
1	7	23	9	307	149
1	7	23	71	307	149
35	0	158	7	308	149
35	0	220	60	308	149
29	0	167	5	308	149
43	4	80	0	351	149
2	0	0	4	188	149
346	23	843	52	192	149
170	1	396	0	260	149
6	0	123	23	216	149
1269	14	1133	0	219	149
243	2	205	7	245	149
52	6	25	0	276	149
750	2	535	10	244	149
84	0	98	5	184	149
225	0	1236	34	410	149
306	0	558	9	245	149
138	4	562	0	224	149
16	6	10	44	279	149
103	3	467	0	346	149
89	9	12	0	291	149
541	2	200	0	234	149
181	4	43	0	192	149
70	13	77	15	397	149
574	0	688	7	250	149
1967	0	2639	7	227	149
1171	3	4706	0	173	149
264	4	1024	0	338	149
195	0	1636	6	646	149
0	360	57	3212	1143	149
938	8	4729	12	324	149
1383	2	2165	0	279	149
2	0	34	15	210	149
56	2	224	0	340	149
717	4	621	0	359	149
467	25	434	19	359	149
434	4	412	0	387	149
386	25	295	19	335	149
665	33	504	22	335	149
993	2	573	0	283	149
512	0	367	17	288	149
1206	5	759	0	239	149
3112	1	369	0	276	149
6196	65	1057	79	199	149
2262	56	354	7	199	149
218	5	785	0	412	149
42	128	77	266	458	149
10	128	0	266	321	149
566	0	1221	17	190	149
163	0	532	17	194	149
94	420	248	732	372	149
111	420	268	732	368	149
205	420	519	732	243	149
69	7	992	80	2288	149
4	0	186	6	253	149
128	8	495	10	321	149
4	1	6	0	267	149
12	0	20	15	331	149
44	5	194	0	291	149
3	12	117	0	233	149
3	5	29	0	229	149
2184	550	754	451	296	149
2236	60	1626	12	293	149
82	80	342	125	257	149
141	0	445	18	227	149
80	0	332	22	203	149
0	16	21	184	244	149
26	4	295	0	251	149
2	0	10	6	235	149
45	3	246	0	212	149
40	0	58	9	196	149
78	3	240	9	343	149
6	6	58	15	232	149
0	4	89	13	203	149
19	0	165	2	786	149
7	3	170	40	786	149
0	7	14	0	183	149
34	14	45	28	309	149
108	14	53	28	251	149
24	0	206	12	299	149
17	0	215	10	260	149
394	4	220	25	197	149
2	0	0	27	481	149
28	13	14	11	227	149
2	0	59	4	326	149
2	0	59	21	326	149
237	0	155	16	217	149
2	5	0	3	258	149
0	1	22	17	203	149
5	8	26	16	297	149
4	0	16	13	221	149
4	0	16	13	256	149
27	0	115	2	216	149
64	4	240	1	404	149
40	0	51	6	212	149
16	0	36	23	212	149
14	0	30	23	330	149
38	0	45	6	330	149
6702	123	6427	102	255	149
2654	123	2519	102	324	149
6306	0	13920	16	266	149
4007	0	8509	6	182	149
7	107	28	500	224	149
8	14	11	0	400	149
59	4	261	0	218	149
12	0	35	3	227	149
99	0	231	3	187	149
160	22	5	0	230	149
17	5	30	0	312	149
294	7	322	0	691	149
421	2	529	0	640	149
1	24	17	12	287	149
317	1	476	0	235	149
248	12	332	13	216	149
68	7	141	29	206	149
1271	2	886	20	248	149
30	99	234	134	351	149
7	99	0	134	163	149
43	41	420	91	297	149
27	41	101	91	226	149
66	41	154	91	222	149
6	0	5	14	303	149
15	235	72	387	346	149
3	6	64	0	191	149
479	0	1150	1	257	149
25	0	317	10	349	149
4	53	30	280	611	149
204	14	583	0	356	149
27	7	73	80	408	149
37	7	99	80	666	149
478	0	1207	3	234	149
148	0	1620	6	315	149
5	1	126	0	329	149
8	84	256	569	329	149
94	48	30	20	325	149
130	448	30	40	325	149
11392	9	1921	0	768	149
44	3412	0	376	275	149
361	0	1029	2	287	149
947	0	2154	2	248	149
49	0	190	1	172	149
11	0	145	13	311	149
70	0	796	12	241	149
4	0	67	9	323	149
1	7	0	124	265	149
149	0	539	16	206	149
4	117	0	264	194	149
3	117	0	264	244	149
1	117	24	264	367	149
142	0	255	9	656	149
216	0	421	9	197	149
1432	0	5865	7	237	149
619	0	1580	7	526	149
715	0	2415	59	325	149
1099	1558	3312	6428	325	149
485	1558	1151	6428	321	149
559	1558	1555	6428	272	149
172	0	318	7	193	149
4	0	5	59	193	149
205	1558	567	6428	193	149
2375	209	6336	617	206	149
633	0	2201	3	206	149
4	0	24	3	502	149
2	0	0	7	262	149
2	2	0	1	370	149
0	3	7	4	257	149
1	2	0	72	273	149
6	2	185	0	266	149
446	4	802	0	279	149
166	0	570	15	248	149
58	0	391	3	232	149
23	0	164	3	311	149
6	684	25	1708	267	149
672	30	37	12	220	149
327	4	963	0	941	149
27	3	16	92	254	149
0	1	93	19	188	149
118	0	114	8	255	149
49	0	62	4	200	149
7	0	119	4	235	149
141	8	450	11	506	149
25	4	16	0	282	149
109	4	52	0	232	149
18	0	83	47	264	149
0	18	6	83	198	149
10	0	117	18	314	149
32	9	97	0	172	149
89	0	154	18	282	149
5	0	22	2	203	149
2	20	1	62	288	149
0	3	7	22	204	149
8	0	24	6	242	149
0	1	12	17	246	149
1	0	5	92	208	149
420	4	1605	20	223	149
178	5	689	0	276	149
71	0	556	7	240	149
6	11	16	597	320	149
0	6	8	22	312	149
51	1	139	0	216	149
15	1	63	0	226	149
22	8	0	4	226	149
587	0	1347	9	226	149
359	4	870	0	226	149
99	4	454	0	251	149
343	29	1013	91	251	149
118	3	381	0	251	149
109	24	381	7	251	149
138	2	290	0	240	149
3	8	0	4	240	149
166	3	381	0	240	149
17	24	63	7	240	149
371	11	901	0	240	149
170	2	361	0	240	149
39	11	7	0	277	149
33	35	7	0	277	149
87	0	246	11	312	149
47	2	108	0	202	149
88	25	2	12	296	149
16	1	6	0	267	149
42	7	6	0	267	149
16	2	6	0	267	149
23	2	6	0	267	149
19	3	6	0	267	149
20	0	221	14	279	149
4	0	1	84	157	149
4	3	77	0	281	149
0	2	22	0	288	149
2	6	21	19	254	149
13	0	27	2	238	149
20	2	117	23	261	149
37	2	217	0	286	149
93	2	673	43	222	149
23	2	21	12	275	149
20	1	66	0	218	149
10	0	187	8	235	149
11	0	125	10	297	149
0	15	3	17	355	149
691	0	766	25	248	149
74	0	13	5	255	149
63	0	17	3	175	149
2	15	0	41	445	149
1	21	0	5	192	149
3	0	210	100	212	149
38	0	210	13	158	149
131	39	195	364	167	149
192	291	445	774	260	149
55	3	106	0	239	149
24	2	36	0	233	149
30	7	28	0	1751	149
15	2	50	0	555	149
62	0	291	8	201	149
13	26	155	128	173	149
21	0	189	8	210	149
4	33	117	171	302	149
0	33	18	171	242	149
15	7	18	153	265	149
0	4	5	116	287	149
6	5	2	4	230	149
5	5	0	4	197	149
31	8727	51	5295	244	149
17467	2	12844	0	260	149
10079	2	10506	0	290	149
17090	2	19168	28	260	149
17	7652	54	11019	261	149
31	7652	104	11019	279	149
6	5321	35	11899	301	149
11	5321	46	11899	269	149
272	1	306	0	339	149
503	19	412	3	283	149
102	175	196	517	369	149
2	175	42	517	187	149
0	8	13	197	187	149
1	15	0	39	187	149
18	3	54	1	199	149
20	10	0	68	380	149
23	60	0	101	204	149
8	7	0	33	290	149
51	5	130	0	215	149
13	31	0	150	294	149
5	175	18	381	330	149
72	0	206	22	239	149
0	11	5	152	303	149
0	5	12	80	197	149
8	0	120	13	233	149
291	1	307	15	232	149
56	14	286	9	240	149
7	21	0	211	208	149
3	5	51	0	985	149
3	21	51	211	985	149
5	21	11	211	216	149
0	5	4	0	183	149
836	1581	1220	2016	314	149
526	1581	678	2016	533	149
71	389	72	599	353	149
7	10	28	0	346	149
6	3251	0	2534	200	149
4972	165	3683	168	235	149
2174	165	1499	168	318	149
58	3	635	0	455	149
139	0	1022	11	259	149
159	8	2340	6	803	149
20	0	266	74	212	149
4	278	7	911	203	149
190	16	1079	15	288	149
55	16	402	15	234	149
4	106	93	621	319	149
4	106	18	621	217	149
0	106	8	621	183	149
871	0	337	16	231	149
1109	144	301	0	264	149
10	1	9	10	320	149
4	10	0	47	287	149
615	3	1955	0	281	149
39	0	90	9	1451	149
64	2	317	0	305	149
0	3	15	148	199	149
819	21	800	13	240	149
2832	275	5834	1174	182	149
7	0	96	20	249	149
26	0	207	20	352	149
41	387	79	330	256	149
29	387	59	330	252	149
227	7	396	48	389	149
87	27	117	134	328	149
155	27	228	134	397	149
27	27	11	134	194	149
12	9	36	27	210	149
44	62	156	78	210	149
3	31	0	83	239	149
287	14	575	48	203	149
2259	14	3169	48	342	149
10	9	57	0	200	149
15	0	153	33	253	149
70	1	97	0	217	149
103	0	269	7	206	149
162	4	266	0	227	149
6	0	4	27	379	149
11	175	15	983	322	149
153	14	5	0	266	149
91	0	549	12	228	149
14	0	56	12	184	149
88	2	584	9	184	149
91	0	476	13	325	149
55	0	261	13	205	149
773	10	571	54	266	149
2	0	96	8	695	149
359	5	28	0	341	149
558	1	18	0	297	149
1593	4	74	0	378	149
0	10	8	53	216	149
2	2	50	30	239	149
1	0	43	58	224	149
5	4	112	0	348	149
17	10	74	0	219	149
0	5	16	51	395	149
150	2	317	0	281	149
214	6	428	0	281	149
3	6	3	0	182	149
14	82	21	137	182	149
130	0	222	9	233	149
76	20	26	28	257	149
175	8	565	9	239	149
58	8	251	9	258	149
100	0	997	6	318	149
66	3	359	28	313	149
27	0	183	22	313	149
27	0	121	22	242	149
64	1	269	0	242	149
1	0	0	35	219	149
1293	0	1727	20	238	149
341	0	1886	12	212	149
161	5	1097	19	200	149
9	244	41	1874	311	149
0	86	33	637	214	149
152	6	705	0	282	149
891	16	3886	111	295	149
73	1	399	8	254	149
0	40	40	204	233	149
187	0	372	18	257	149
166	0	492	8	224	149
145	6	202	4	304	149
3	0	95	14	220	149
4	0	20	7	235	149
43	9	371	1	332	149
132	4	298	16	285	149
315	4	909	16	267	149
5	266	0	331	189	149
7	266	0	331	193	149
51	30	18	33	189	149
7858	30	4179	33	297	149
2808	7	1924	0	297	149
6797	7	1770	0	244	149
6817	1	1755	0	244	149
12098	275	4087	95	244	149
12	10436	0	3056	293	149
2	0	0	8	290	149
13	0	197	39	214	149
62	1849	194	9211	176	149
47	1849	303	9211	575	149
3301	0	15142	54	303	149
86	4	118	0	281	149
279	168	100	135	200	149
2	57	0	316	238	149
128	25	543	38	313	149
64	0	173	48	229	149
83	32	201	73	369	149
2	0	0	25	236	149
3	0	6	4	406	149
31	0	380	9	647	149
15	1577	0	2272	218	149
2595	6	4545	0	255	149
106	0	486	4	197	149
0	4	10	25	229	149
0	64	30	168	229	149
4	64	38	168	222	149
53	62	1058	151	1166	149
854	4	1156	0	227	149
926	8	1126	18	278	149
702	0	3414	18	239	149
680	2	2415	0	245	149
833	11	2587	29	290	149
3229	247	8898	206	2718	149
2	19	0	52	199	149
2	1	38	10	314	149
197	0	299	23	303	149
438	0	615	23	238	149
6	6	35	12	266	149
112	4	188	0	236	149
19	8	0	8	272	149
20	0	214	13	339	149
22	6	52	0	249	149
36	0	126	4	205	149
77	9	514	10	269	149
406	13	422	0	309	149
514	1	500	0	389	149
3	48	0	49	198	149
6	15	0	18	188	149
27	0	161	6	304	149
6215	3	12	0	335	149
5174	13	3	0	182	149
70	0	363	6	244	149
1	9	26	40	176	149
14	0	495	5	319	149
3	0	340	5	337	149
1	101	0	256	244	149
283	0	386	19	289	149
544	0	898	19	242	149
53	2	218	19	380	149
61	0	344	36	380	149
191	0	368	10	161	149
335	2	691	19	278	149
4	342	13	482	341	149
38	4	279	0	223	149
2	4	42	9	186	149
0	130	19	1449	247	149
1192	1	1340	0	776	149
131	0	1010	27	234	149
113	33	1194	83	316	149
4	0	6	23	285	149
3	121	12	356	255	149
51	2	136	0	210	149
77	14	175	0	228	149
217	2	539	0	228	149
4	0	30	2	191	149
0	8	29	14	188	149
39	7	180	0	232	149
0	23	3	122	272	149
53	6	77	0	210	149
0	9	62	57	224	149
33	4	80	1	254	149
14	25	35	58	229	149
32	1	296	13	386	149
139	8	1558	33	336	149
2	68	0	920	313	149
40	9	609	8	333	149
121	9	1549	8	695	149
21	3	267	1	222	149
85	3	1266	1	376	149
85	0	532	22	186	149
94	0	585	12	263	149
42	0	234	30	263	149
22	0	121	30	194	149
86	12	535	36	194	149
48	0	327	15	209	149
308	17	1009	14	234	149
137	0	390	4	234	149
628	0	1500	4	291	149
70	0	339	21	205	149
501	0	944	21	237	149
852	5	1890	6	1296	149
264	0	299	21	230	149
354	5	492	6	247	149
7	0	149	4	336	149
0	1	5	0	273	149
166	0	2755	3	1238	149
165	0	2755	10	1238	149
65	0	864	20	191	149
247	3	1171	0	317	149
131	0	731	42	214	149
130	0	995	12	340	149
87	3	1017	0	288	149
104	0	1232	4	325	149
1	61	6	569	273	149
4	0	64	43	247	149
0	92	39	154	249	149
54428	2	7593	0	432	149
101688	3	7224	0	357	149
189	8	20	0	305	149
53	59	14	2	257	149
33	2	1	0	212	149
81	4	17	0	245	149
48	37	3	0	268	149
659	5	3508	0	324	149
26	115	305	608	240	149
77	1	787	70	240	149
187	1	1176	70	249	149
183	5	1152	0	257	149
117	5	1167	0	260	149
299	0	2342	2	354	149
143	0	1268	2	524	149
1	0	88	2	278	149
7	250	2	1151	242	149
578	0	2354	9	302	149
24	375	123	1007	284	149
3	7	12	0	202	149
3	672	25	3248	202	149
2	10	48	0	318	149
126	0	120	20	216	149
32	3	179	11	191	149
7	3	65	11	219	149
0	7	12	97	215	149
36	3	41	6	215	149
2	0	139	16	193	149
6	0	335	9	185	149
92	0	475	26	310	149
3	0	0	13	187	149
6	3	132	0	213	149
89	5	169	0	189	149
18	63	118	124	1164	149
68	15	86	0	364	149
34	15	56	0	278	149
11	0	286	10	285	149
30	220	32	129	223	149
33	220	70	129	251	149
67	220	82	129	286	149
2	220	1	179	302	149
23	2	107	0	212	149
32	2	202	0	207	149
74	4300	75	3057	338	149
46	3	57	0	378	149
32	4300	48	3057	598	149
31	4300	14	3057	624	149
26	4300	48	3057	563	149
4	4300	27	3057	265	149
3	4300	0	3057	291	149
8497	32	7414	5	254	149
4	0	12	5	205	149
4	0	630	13	315	149
0	5	46	187	246	149
71	0	1027	8	255	149
20	0	582	5	255	149
14	0	60	5	271	149
66	2	474	16	271	149
17	15	367	72	232	149
0	9	8	226	255	149
9	0	278	21	188	149
1	0	23	4	236	149
6	16	72	52	236	149
1	20	141	243	236	149
0	20	6	243	195	149
6	4	0	34	298	149
22	4	23	34	192	149
1	4	0	34	174	149
4	0	48	12	289	149
25	0	41	24	344	149
5	0	23	14	344	149
21	0	113	14	288	149
41	13	81	0	362	149
1661	5	1967	0	1028	149
1732	5	1804	0	530	149
344	1	701	0	321	149
0	43	70	244	351	149
190	0	953	42	214	149
315	4	1337	0	255	149
4	17	0	89	245	149
5	31	70	82	173	149
190	3	211	24	334	149
100	6	222	0	262	149
5	25	0	219	227	149
213	12	2707	0	267	149
534	14	1118	0	230	149
676	0	289	15	203	149
212	3	180	0	221	149
555	10	434	7	251	149
4	0	0	3	278	149
57	8	292	65	200	149
4	173	0	1250	247	149
0	154	61	1652	578	149
2	154	51	1652	330	149
0	154	7	1652	292	149
0	18	28	179	249	149
0	12	28	14	392	149
0	12	28	14	344	149
10	18	49	179	256	149
1	12	35	14	256	149
37	2	104	0	232	149
55	2	277	0	229	149
3431	173	2827	165	282	149
2095	16	1305	93	282	149
15	4	63	0	277	149
1	4	17	0	310	149
21	0	28	4	185	149
0	21	6	17	218	149
346	16	530	0	964	149
72	0	62	7	242	149
0	41	16	191	291	149
63	6	262	0	247	149
81	2	130	0	304	149
11	8	117	89	195	149
8	259	0	68	206	149
2	3	9	0	260	149
0	6	11	0	210	149
12	7	102	0	245	149
10	4	141	0	195	149
1492	9	3487	0	336	149
1697	1	2206	0	318	149
6	1028	53	1677	517	149
974	1	2178	0	288	149
2002	3	3855	0	288	149
21	2	336	4	210	149
10	2	144	4	306	149
8	0	245	22	223	149
6	0	168	22	275	149
10	0	377	1	617	149
35	0	542	1	259	149
111	5	300	7	287	149
170	1	392	14	286	149
47	2	136	8	205	149
10	0	141	1	262	149
17	2	344	104	277	149
0	3	2	6	249	149
0	8	11	65	353	149
0	34	37	142	273	149
291	27	296	59	312	149
119	9	261	32	230	149
1274	47	1014	36	350	149
4	12	20	19	493	149
20	880	38	782	267	149
11	9	581	216	470	149
169	3	1158	10	249	149
154	13	814	241	353	149
151	8	902	61	353	149
120	10	733	60	353	149
91	13	509	241	350	149
88	8	597	61	350	149
48	10	556	60	206	149
76	7	473	77	206	149
43	10	370	60	203	149
73	7	555	77	203	149
87	5	1	0	261	149
645	3	162	0	316	149
5	201	0	69	233	149
485	41	497	0	1674	149
31	52	0	25	243	149
178	0	188	22	349	149
748	1	708	2	248	149
0	11	10	0	243	149
0	11	20	0	326	149
16	0	54	11	221	149
7	0	28	126	227	149
10	41	38	18	227	149
0	41	158	18	182	149
2	5	42	20	182	149
28	0	629	8	221	149
12	64	95	736	255	149
40	64	207	736	215	149
12	0	55	10	215	149
97	11	920	71	206	149
102	0	1072	27	230	149
40	1	388	0	230	149
52	1	421	0	218	149
115	0	1103	18	218	149
51	28	445	237	188	149
280	2	1613	34	233	149
1292	9	2366	0	221	149
1	7	10	0	259	149
1	37	42	947	402	149
5	19	10	128	233	149
4	97	25	741	233	149
20	0	45	13	295	149
0	4	17	88	230	149
1	0	70	54	207	149
0	6	34	20	207	149
6	67	0	110	240	149
9	6	5	0	234	149
18	9	43	39	273	149
0	83	34	630	214	149
0	215	4	790	247	149
596	1	1072	0	221	149
3991	8	2808	0	288	149
1115	20	1254	29	217	149
607	8	696	0	259	149
646	8	720	0	283	149
454	10	280	14	194	149
0	99	11	229	188	149
209	3	643	31	285	149
2	0	87	27	253	149
210	0	104	8	229	149
420	14	438	26	313	149
7	110	2	127	191	149
2	1	0	116	294	149
3805	8	3262	0	293	149
657	8	354	0	675	149
9	13	100	11	224	149
14	6	98	42	224	149
25	6	80	42	227	149
20	13	116	11	227	149
12	8	39	9	227	149
60	8	116	9	327	149
104	2	473	28	327	149
59	2	223	17	327	149
61	24	209	0	267	149
52	2	310	17	271	149
2	0	60	12	271	149
119	24	507	0	271	149
50	1	357	0	271	149
63	5	321	79	249	149
13	5	102	0	264	149
2323	110050	19	397	210	149
206183	8	701	0	244	149
428296	3	1308	0	288	149
221295	3	793	0	319	149
374	5	1303	0	184	149
340	7	1382	43	259	149
0	1	54	3	697	149
242	1	461	0	550	149
720	11	169	0	349	149
2	0	19	3	202	149
2	8	23	11	219	149
6	1	4	20	267	149
2	2	0	4	262	149
6	1	21	20	219	149
4	0	388	8	971	149
4	0	412	16	971	149
6	0	362	16	1221	149
52	4	232	0	255	149
0	36	6	123	250	149
13	36	17	88	273	149
104	20	123	0	277	149
0	8	26	59	219	149
55	21	226	52	193	149
125	8	485	0	288	149
52	1	249	17	247	149
0	17	18	16	195	149
57	1	193	5	350	149
4	1	127	0	338	149
36	4	250	0	352	149
82	0	262	45	253	149
21	10	174	44	201	149
4	23	0	163	397	149
1410	5	2342	16	342	149
0	6	46	52	2781	149
22	2	222	21	304	149
80	2	816	5	908	149
54	0	222	9	363	149
276	2	240	0	245	149
161	12	552	12	326	149
116	8	342	17	326	149
41	7	61	30	263	149
92	7	174	0	216	149
2	2	0	38	584	149
38	6	245	4	239	149
31	3	5	11	236	149
19	3	0	11	233	149
5	7	7	99	164	149
19	0	177	1	236	149
0	37	5	96	265	149
54	6	142	0	233	149
69	0	306	17	233	149
3	1	108	49	235	149
0	24	24	161	324	149
7	4	516	21	247	149
82	0	141	13	245	149
4	198	6	168	258	149
919	2	812	23	236	149
0	558	25	565	251	149
2	19	5	3	258	149
0	7	14	10	234	149
1	4	0	185	267	149
18	0	491	14	283	149
5	0	15	18	247	149
58	4	99	0	213	149
16	0	86	14	407	149
49	3	200	0	299	149
143	3	127	10	207	149
128	54	80	8	212	149
48	54	11	8	197	149
84	3	105	0	211	149
10	194	0	245	271	149
4	36	0	171	248	149
19	11	73	4	232	149
1	0	17	8	290	149
8	7	17	47	310	149
106	0	459	28	266	149
104	3	436	41	230	149
2	41	151	274	3172	149
0	41	24	274	224	149
12	0	256	7	192	149
2	4	24	0	185	149
0	16	12	19	185	149
0	7	50	0	171	149
6	16	35	80	293	149
107	17	237	64	356	149
87	533	0	7	215	149
2141	0	7003	14	301	149
1908	0	6169	15	287	149
3911	0	14140	14	287	149
4	83	6	129	192	149
2	64	2	36	192	149
97	64	165	36	189	149
27	0	200	14	203	149
40	4	153	38	213	149
10	3	53	0	281	149
3	3	31	0	175	149
40	3	138	0	199	149
37	0	256	13	236	149
0	185	39	488	230	149
0	14	30	67	230	149
132	0	352	24	239	149
150	2	379	0	239	149
183	1	478	34	190	149
0	1	3145	8915	220	149
0	1	48	169	220	149
0	1	1874	8915	209	149
6	1	26478	169	344	149
5	0	20757	25	344	149
7	0	28931	5	269	149
6	0	23498	18	227	149
0	2	16	9	239	149
9	3	203	0	273	149
4	3	203	0	307	149
12	0	105	10	237	149
51	3	52	0	228	149
64	38983	43	33852	236	149
31165	2	24961	0	266	149
60863	18	83255	82	255	149
36260	115	71262	351	223	149
13922	115	30283	351	258	149
4	29	26	464	239	149
29	10736	0	9031	199	149
452087	3	27366	0	435	149
19	3	116	4	278	149
3	0	37	12	347	149
14	0	59	20	256	149
43	0	271	2	285	149
9	0	117	10	272	149
374	4	555	0	272	149
66	8	88	13	233	149
38	0	285	11	355	149
84	0	436	10	355	149
0	22	33	223	286	149
15	3	165	0	210	149
48	3	134	0	427	149
20	2	160	104	239	149
14	2	32	104	234	149
129	0	367	8	350	149
212	0	476	24	187	149
143	3	658	9	259	149
56	3	132	9	288	149
0	67	14	313	382	149
5	0	106	2	296	149
2	3	7	76	254	149
2	0	0	20	241	149
254	0	712	10	224	149
70	3	152	0	224	149
128	3	311	0	220	149
346	16	951	13	220	149
1	231	0	622	212	149
42	0	777	3	263	149
59	0	338	8	286	149
4	0	751	165	3110	149
679	6	867	33	204	149
147	0	480	7	319	149
1	0	0	49	253	149
610	2	68	0	268	149
1073	2	89	0	277	149
201	1	471	6	253	149
29	0	123	37	535	149
20	0	97	22	535	149
4	0	0	26	247	149
0	2	5	3	216	149
2	0	7	12	204	149
34	2	126	70	294	149
104	10	230	0	832	149
54	2	591	0	245	149
148	7	248	0	292	149
24	6	96	13	385	149
4	12	4	21	323	149
167	5	123	0	325	149
33	3	68	7	228	149
17	3	61	7	205	149
6	14	10	70	290	149
18	14	24	70	424	149
703	4	436	0	282	149
199	2	287	0	291	149
0	60	24	176	306	149
162	4	204	0	221	149
8	45	18	267	244	149
66	11	250	7	238	149
22	11	18	7	226	149
76	0	532	19	275	149
7	1	155	12	233	149
22	131	14	136	402	149
22	68	44	71	402	149
159	68	219	71	194	149
28	0	83	30	194	149
153	22	224	38	196	149
36	0	92	13	242	149
86	0	305	13	359	149
62	0	225	6	368	149
6	11	0	9	419	149
2	0	0	20	257	149
9	0	50	7	271	149
6	10	8	35	288	149
8	10	30	35	237	149
0	2	4	62	251	149
7	0	135	20	261	149
21	0	358	29	263	149
18	9	226	217	197	149
13	1	130	29	197	149
52	0	106	18	310	149
15	0	143	3	238	149
6	0	18	8	182	149
6	11	0	12	182	149
9	26	50	9	182	149
324	0	852	8	527	149
370	26	927	9	527	149
205	0	691	8	418	149
208	26	722	9	418	149
172	0	639	8	362	149
38	3	105	0	362	149
183	26	651	9	362	149
180	15	639	50	362	149
3	12	0	66	209	149
25	0	74	4	317	149
1	0	62	2	210	149
81	0	487	6	255	149
18	3	150	0	263	149
14	3	41	38	206	149
0	7	6	11	251	149
223	1	288	0	188	149
47	2	83	0	188	149
153	2	316	0	337	149
328	0	534	13	337	149
11	4	160	8	366	149
0	19	66	33	347	149
2	95	0	517	277	149
71	61	310	167	245	149
1826	8	1591	5	249	149
241	1	279	0	286	149
125	1	118	0	448	149
248	1	196	0	289	149
28	7	52	37	477	149
5	5	17	38	206	149
16	3	82	0	249	149
3	41	6	55	273	149
151	4	174	0	256	149
242	25	179	56	260	149
58	0	361	22	352	149
7	4	26	8	373	149
264	15	63	0	183	149
94	1	141	0	192	149
24	2	50	0	192	149
47	6	64	8	206	149
18	0	33	13	199	149
13	41	20	503	220	149
112	0	663	9	262	149
63	13	107	0	262	149
0	21	5	54	257	149
49	2	223	0	350	149
73	0	444	9	264	149
8	0	7	14	326	149
0	10	12	110	223	149
43	0	1892	17	184	149
375	12	524	0	365	149
7	95	0	60	228	149
4	95	26	60	267	149
143	6	112	0	235	149
58	6	21	0	274	149
95	4	67	7	269	149
71	2	348	0	249	149
2	5	10	76	477	149
2	687	27	5369	297	149
1160	5	6605	0	306	149
1142	5	6488	0	280	149
3110	2	3786	0	274	149
462	2	490	0	167	149
29	0	172	6	200	149
1500	0	7445	29	197	149
2093	8	8451	53	279	149
30	148	5	222	261	149
31	1	9	0	261	149
314	1	421	0	255	149
175	10	211	4	255	149
1	0	101	29	494	149
109	0	320	18	247	149
8	3	161	0	397	149
0	32	15	201	275	149
0	41	1	218	224	149
4	23	19	112	305	149
10	0	281	5	205	149
130	25	32	0	281	149
0	64	4	198	272	149
5	38	33	154	368	149
86	0	241	8	256	149
30	4	58	0	226	149
34	1	37	0	233	149
6	4	34	0	205	149
7	2	88	0	205	149
10	4	43	12	223	149
27	0	251	4	221	149
2	8	25	153	232	149
1	123	0	507	269	149
69	0	580	10	275	149
0	29	5	564	203	149
103	2	231	0	291	149
46	3	151	0	291	149
80	0	147	15	267	149
34	3	71	0	267	149
5	3	27	0	178	149
44	3	99	11	178	149
5	10	19	65	178	149
85	0	190	5	276	149
4	5	17	0	339	149
8	0	20	1	278	149
3	104	15	139	220	149
223	0	1301	5	200	149
341	4	1710	0	297	149
0	20	22	121	245	149
0	21	24	128	176	149
178	1	324	0	908	149
78	2	99	0	391	149
0	3	3	0	210	149
531	7	1182	115	272	149
233	7	618	115	293	149
3	2	51	23	316	149
9	15	7	143	328	149
99	1	8	0	260	149
19	6	73	39	570	149
32	6	86	39	854	149
31	2	114	0	214	149
14	0	35	4	1194	149
0	7	12	21	312	149
1	0	9	6	214	149
1	15	0	33	229	149
324	3	913	0	550	149
5	0	45	12	194	149
146	0	226	1	235	149
6	18	0	54	271	149
27	1	175	7	287	149
18	2	122	0	291	149
1012	6	3137	0	282	149
355	0	522	9	208	149
1483	0	2787	9	240	149
285	8	163	0	277	149
141	0	218	1	428	149
14	7	23	0	197	149
82	2	120	13	416	149
127	9	105	17	246	149
4	0	48	7	210	149
0	3	18	0	265	149
282	1	318	0	176	149
10	52	0	123	239	149
4	4	29	0	530	149
11	4	30	0	290	149
2	1	0	21	331	149
5	0	10	20	247	149
119	2	61	0	292	149
227	7	62	0	340	149
87	14	170	72	256	149
40	5	106	0	272	149
290	11	160	22	250	149
372	17	205	9	232	149
4	35	0	92	197	149
54	0	132	19	247	149
148	22	130	6	268	149
31	0	110	28	281	149
72	4	189	0	267	149
0	32	3	128	279	149
21	0	59	3	374	149
32	32	144	128	378	149
17	2	71	21	378	149
19	17	54	18	300	149
42	96	38	108	300	149
20	34	13	24	300	149
19	0	33	22	300	149
43	96	43	108	271	149
16	34	18	24	271	149
26	23	61	25	271	149
0	1	41	0	271	149
225	34	292	24	263	149
152	1	209	0	263	149
170	0	209	5	263	149
316	0	600	22	330	149
1769	0	1	2	292	149
5172	4	1	0	267	149
1583	49	3603	91	197	149
1862	12	2393	0	263	149
2	37	0	25	200	149
5	114	0	581	399	149
265	0	787	3	264	149
51	1	770	0	868	149
6	19	83	8	256	149
13	3	52	12	291	149
13	3	35	12	248	149
68	7	173	8	205	149
142	17	713	21	310	149
2	2	10	32	229	149
0	2	17	0	229	149
9	44	23	417	215	149
8	4	0	22	447	149
40	2	276	0	293	149
219	0	559	8	284	149
232	2	459	9	282	149
9	0	130	16	223	149
19	5	205	50	223	149
10	0	145	7	221	149
897	3	1427	21	291	149
91	60	332	315	337	149
2	6	0	10	256	149
565	24	203	25	251	149
342	21	99	39	251	149
7	81	0	24	201	149
877	17	420	0	284	149
78	0	305	34	291	149
75	10	414	5	215	149
4	14	12	108	225	149
28	0	38	17	326	149
1	4	8	35	233	149
8	2	14	17	281	149
0	90	4	1197	238	149
9	175	25	978	246	149
378	18	2172	52	291	149
204	0	1144	24	229	149
39	0	195	1	821	149
15	0	20	12	223	149
43	10	124	22	206	149
24	0	88	11	206	149
0	8	51	10	348	149
12	2	2	8	443	149
6	12	0	17	223	149
5	0	160	25	272	149
17	8	186	0	314	149
18	0	128	19	216	149
3	2	8	0	257	149
2	8	0	157	320	149
14	0	295	8	317	149
24	2	174	14	296	149
7	0	90	12	296	149
32	6	150	0	274	149
29	6	152	0	271	149
21	9	104	36	236	149
2704	0	26058	19	242	149
4043	0	36470	9	302	149
21	4	34	0	242	149
3	10	0	19	310	149
0	3	26	0	316	149
8778	6	2	0	468	149
109	0	868	6	337	149
128	2	1128	0	308	149
46	61	207	32	195	149
912	0	1948	8	298	149
644	3	1050	0	305	149
14	0	0	4	403	149
0	2	9	0	220	149
5	6	51	61	173	149
7	4	40	32	224	149
4	4	36	32	272	149
1364	1	1331	0	267	149
1364	15	1309	35	267	149
3495	1	4597	0	2602	149
1865	1	2972	0	362	149
3047	9	4564	22	362	149
6311	15	10477	35	365	149
6319	9	10499	0	365	149
7978	1	13033	0	365	149
8	82	0	42	178	149
9	3948	0	6815	178	149
82	3948	42	6815	237	149
310	3	193	0	313	149
0	5	13	0	246	149
215	0	380	15	265	149
86	0	146	15	295	149
14	3	49	37	333	149
7	0	98	4	204	149
0	7	49	11	212	149
0	2	8	55	248	149
0	31	16	63	240	149
0	31	12	63	256	149
5421	0	18493	11	408	149
8004	0	27518	11	425	149
123	1	166	0	516	149
13	1	44	0	301	149
17	0	83	15	328	149
1	0	71	5	234	149
2	0	31	5	269	149
6	7	54	10	246	149
4	0	76	15	295	149
487727	1	16192	0	319	149
143645	11	16329	0	334	149
5112	16	1866	10	299	149
10851	16	4454	10	333	149
2	1	9	99	335	149
1	0	0	74	245	149
1	0	0	74	301	149
121	9	156	0	270	149
1189	0	984	17	232	149
855	1	796	0	200	149
533	6	764	0	267	149
78	21	348	34	245	149
16	0	65	10	173	149
16	2	98	6	269	149
291	4	704	17	285	149
6	0	8	37	157	149
3	23	0	91	157	149
0	48	47	155	270	149
0	23	43	91	270	149
3	3	14	0	270	149
3	0	28	10	334	149
3	0	14	6	334	149
41	0	235	20	247	149
313	7	440	0	269	149
912	0	7913	13	237	149
14	2	1	19	410	149
2	21	25	7	260	149
4	0	16	3	233	149
3	4	22	0	188	149
34	1	188	12	240	149
9	6	7	32	333	149
9	4	7	28	333	149
6	6	49	0	265	149
8	4	32	28	265	149
6	4	0	28	246	149
0	2	17	0	246	149
1	4	1	0	246	149
9	1	66	2	319	149
276	0	123	2	224	149
13	215	17	133	403	149
5	215	11	133	243	149
939	3	924	0	260	149
24	4	249	51	353	149
277	6	465	0	197	149
19	7	86	31	484	149
8	7	62	31	312	149
10	25	117	111	249	149
183	10	958	46	214	149
146	0	374	15	196	149
2	67	0	166	254	149
5	0	0	5	327	149
6	7	56	84	236	149
150	7	195	0	298	149
20	10	62	0	1026	149
0	3	12	61	227	149
3	0	0	13	290	149
6	0	11	26	225	149
4	50	38	143	196	149
1	1	117	0	315	149
109	0	129	5	675	149
98	20	173	10	229	149
4	20	4	10	264	149
80	6	389	9	303	149
63	0	286	12	280	149
475	85	775	143	341	149
27	3	141	15	2052	149
3	0	129	6	380	149
6	6	66	26	380	149
3	0	66	6	384	149
148	6	218	26	1081	149
148	3	275	0	1081	149
95	3	111	0	501	149
27	4	131	15	282	149
343	11	789	11	249	149
398	6	907	0	249	149
79	0	212	8	249	149
218	0	438	8	229	149
632	18	1422	31	229	149
886	10	1424	68	341	149
3	0	0	10	323	149
254	8	442	8	284	149
8	8	15	8	246	149
16	135	29	223	246	149
4	182	43	156	287	149
0	7	7	55	246	149
38	2	146	8	234	149
14	0	45	7	234	149
20	0	54	9	206	149
46	0	86	7	236	149
100	7	176	0	261	149
23	2	295	0	261	149
74	0	230	7	1913	149
4	0	71	63	186	149
40	26	22	132	271	149
66	4	201	14	248	149
27	3	63	35	244	149
0	6	4	5	227	149
5	518	10	1081	384	149
458	5	890	0	264	149
863	5	2017	0	266	149
33	408	19	1145	358	149
2343	56	969	57	344	149
39	20	46	0	233	149
444	9	168	13	206	149
2074	2	442	0	247	149
1834	6	279	0	227	149
7	4	3	0	227	149
2065	139	378	40	227	149
2645	9	586	0	1197	149
2090	1	314	3	202	149
858	9	143	0	212	149
4383	6	447	12	209	149
1	3018	0	340	233	149
4956	10	561	0	230	149
264	2	742	0	437	149
112	2	140	0	265	149
0	2	145	0	270	149
2	0	260	6	296	149
0	3	41	15	317	149
0	6	17	0	245	149
5	17	23	193	267	149
91	0	384	3	237	149
9	68	16	120	239	149
4	210	10	360	992	149
63	0	78	21	266	149
36	5	51	12	251	149
47	5	159	12	258	149
0	24	15	186	380	149
145	2	225	0	293	149
177	0	246	1	732	149
3	10	4	367	242	149
296	36	146	0	284	149
377	6	232	0	264	149
99	0	854	8	2199	149
0	21	16	113	241	149
61	25	77	55	387	149
21	45	65	319	170	149
176	7	512	0	216	149
21	126	66	340	209	149
676	2	1209	0	337	149
2	0	0	10	356	149
17776	6	4	0	365	149
307	3603	0	5	318	149
0	28	10	185	205	149
1	0	3	6	181	149
19	0	144	6	250	149
52	0	454	6	353	149
25	6	105	0	333	149
51	6	88	0	294	149
184	22	496	0	301	149
0	5	2	53	311	149
9	0	53	18	254	149
520	1	1982	0	2283	149
40	3	454	7	287	149
4	16	10	198	314	149
162	4	1093	8	296	149
9	58	27	266	262	149
30	0	328	42	255	149
0	10	16	78	249	149
9	207	79	505	347	149
19	207	157	505	244	149
0	262	49	1066	373	149
0	262	24	1066	235	149
4	3	23	0	240	149
1214	46	358	69	170	149
33	1056	17	302	173	149
3	162	0	276	1149	149
2091	3	3868	17	304	149
3102	6	7780	0	260	149
1111	0	6946	10	287	149
312	5	378	0	237	149
1147	1	1423	0	274	149
1001	5	944	0	255	149
37	6	313	0	225	149
65	0	327	6	291	149
2045	11	2928	40	347	149
7	1001	2	905	223	149
759	3	883	0	239	149
491	2	479	0	279	149
775	27	1123	33	298	149
359	0	566	21	294	149
7	146	0	313	215	149
10009	6	11451	0	223	149
415	2	732	0	216	149
4	122	0	137	219	149
0	35	10	128	197	149
14	0	75	9	298	149
343	6	1214	0	211	149
17	25	63	35	311	149
1	25	13	35	393	149
74	2	355	0	301	149
120	2	701	0	301	149
0	37	9	317	271	149
13	0	162	4	260	149
143	9	408	0	241	149
51	0	122	22	401	149
0	4	4	101	242	149
48	3	92	28	187	149
230	3	289	28	203	149
807	6	1258	0	263	149
6	156	90	293	308	149
4	156	114	293	906	149
0	13	7	125	251	149
4	0	14	15	236	149
29	0	26	14	272	149
196	3	50	7	286	149
68	0	47	20	320	149
19	4	62	0	289	149
22	71	70	143	289	149
18	1	45	0	249	149
15	4	29	8	249	149
11	71	39	143	228	149
8	4	39	8	228	149
11	1	55	0	228	149
73	3	315	10	243	149
4	29	20	162	231	149
38	4	178	0	299	149
79	4	278	0	306	149
62	0	221	19	240	149
15	149	2	149	247	149
130	12	166	1	181	149
73	15	69	16	227	149
0	112	45	120	220	149
126	0	42	8	255	149
7	9	39	0	248	149
5	0	14	9	248	149
2	0	19	7	548	149
0	349	3	766	321	149
243	0	920	22	289	149
0	142	15	590	242	149
48	0	128	17	296	149
95	0	368	9	278	149
26	25	45	43	390	149
42	0	98	7	238	149
2694	0	3315	12	356	149
2631	0	3121	12	248	149
1274	7	2033	0	218	149
47	1	160	0	218	149
14	0	41	32	218	149
1550	122	3738	316	234	149
979	40	2402	83	391	149
32	1	12	0	223	149
2252	122	2580	316	223	149
1529	1	3689	0	230	149
4970	122	8199	316	230	149
2271	122	2566	316	254	149
3246	40	4946	83	387	149
937	0	2317	32	228	149
1058	40	2633	83	228	149
49	2	217	9	301	149
64	0	170	3	273	149
43	0	192	6	407	149
22	0	161	14	266	149
144	3	640	18	284	149
107	2	361	0	245	149
24	0	169	31	289	149
9	0	147	31	216	149
34	0	112	7	343	149
421	0	257	2	297	149
0	6	32	59	287	149
7	0	107	20	339	149
353	0	597	3	224	149
659	13	1051	64	195	149
175	0	471	14	220	149
102	0	245	21	210	149
5	179	4	433	282	149
4	0	105	14	374	149
49	5	1	0	281	149
298	13	307	0	298	149
720	3	1979	42	3128	149
12	2	39	26	239	149
44	17	118	21	233	149
1	132	50	208	335	149
246	6	459	12	261	149
10	19	0	20	246	149
10	19	29	20	321	149
3	5	36	0	247	149
3	0	37	3	210	149
0	22	12	3	409	149
6	22	36	3	196	149
1	0	13	10	196	149
116	15	688	30	274	149
230	15	1556	30	263	149
63297	7	188	0	246	149
75272	330	341	0	304	149
38880	815	309	11	266	149
31139	3	240	7	381	149
3596	3	28	7	176	149
22994	21	271	0	224	149
2022	10	20	0	275	149
5195	40	53	0	188	149
2434	2473	34	38	188	149
3492	40	34	0	203	149
3121	2473	34	38	203	149
10753	2473	158	38	386	149
1935	2473	14	38	200	149
4680	22	33	0	200	149
2351	77	14	0	200	149
7811	0	270	9	266	149
5744	1	230	0	260	149
0	4	74	13	200	149
2	50	8	230	252	149
62	0	178	6	214	149
97	1	340	4	266	149
164	1	428	4	257	149
9	95	72	235	161	149
4	0	0	15	220	149
22	119	24	221	268	149
142	6	258	0	283	149
19	5	51	0	303	149
1	0	234	13	586	149
0	11	18	1	264	149
11	0	69	13	232	149
0	7	77	0	232	149
4	7	49	0	223	149
15	0	67	36	223	149
0	11	21	51	174	149
625	2	1099	28	319	149
35	0	182	14	344	149
35	0	182	12	344	149
0	33	16	121	243	149
404	6	419	9	350	149
126	3	174	0	287	149
74	4	119	10	272	149
1217	13	1032	0	231	149
112	26	94	0	199	149
648	26	507	0	284	149
6	6	51	13	227	149
2	0	3	6	227	149
4	10	67	0	200	149
22	0	20	6	288	149
32	0	20	3	288	149
0	2	9	0	261	149
19	0	60	9	239	149
13	5	92	0	261	149
4	780	10	1718	306	149
2884	0	4073	5	230	149
7	3	36	7	290	149
29462	5	2055	0	303	149
12271	33	1120	0	303	149
10648	33	547	0	226	149
27744	1	1482	0	226	149
3	0	81	21	201	149
10	2	204	0	221	149
56	3	208	0	206	149
4	3	43	0	353	149
0	163	16	401	258	149
77	2	216	2	234	149
0	36	20	909	290	149
45	0	1380	2	237	149
42	4	1236	0	263	149
11	0	60	10	283	149
11	0	0	48	213	149
33	3	46	0	354	149
8	5	14	10	268	149
42	0	29	6	267	149
0	5	14	0	246	149
204	0	622	12	376	149
17	2	222	0	261	149
0	22	8	222	307	149
1	56	0	156	286	149
117	7	365	0	282	149
472	7	1287	0	201	149
154	1	887	13	241	149
0	80	7	827	273	149
4	323	7	914	276	149
1	323	64	914	229	149
628	3	1010	8	230	149
337	5	887	0	269	149
5	1	91	0	270	149
15	0	51	2	273	149
149	162	2	0	349	149
2528	9	5469	0	272	149
165	82	17	24	224	149
32	0	88	9	183	149
0	33	19	37	329	149
46	0	2	9	275	149
0	4	24	34	296	149
1	33	0	55	238	149
0	22	8	249	306	149
60	0	516	3	240	149
22	0	129	3	196	149
0	156	49	1310	275	149
0	229	21	1819	325	149
0	229	21	1819	284	149
124	5	392	0	398	149
3439	6	3402	7	256	149
162	0	485	1	327	149
10	0	38	12	269	149
37	7	154	5	281	149
98	7	655	5	337	149
113	0	99	61	318	149
2	5	4	18	316	149
4	36	4	79	316	149
10	36	22	79	203	149
5	2	4	0	203	149
22	0	78	38	216	149
13	0	64	38	210	149
38	5	154	5	359	149
8	5	83	5	395	149
0	4	187	0	394	149
5	4	226	0	347	149
0	1	17	0	311	149
54	1	62	14	217	149
124	10	484	0	263	149
207	15	591	52	301	149
66	2	23	0	330	149
3	1378	13	1255	265	149
71	1957	31	1603	254	149
1588	39	42	0	369	149
2	8	104	0	354	149
1043	9	45	0	369	149
701	4	22	0	369	149
176	4	3	0	237	149
523	14	26	0	237	149
1	20	6	8	214	149
16	2	227	6	203	149
0	61	13	67	248	149
144	9	188	0	779	149
168	3	114	0	255	149
340	0	545	12	221	149
28	0	329	30	241	149
0	91	16	304	290	149
89	8	500	0	262	149
111	0	646	37	349	149
1	44	0	225	170	149
74	0	221	13	315	149
506	10	674	49	197	149
8	411	34	561	226	149
0	282	5	957	291	149
475	3	1855	0	290	149
0	3	212	73	335	149
0	3	75	73	217	149
0	3	30	73	194	149
7	0	434	13	266	149
23	0	409	19	306	149
98	0	787	10	320	149
42	5	300	0	247	149
125	0	271	10	244	149
199	0	436	10	274	149
31	0	808	26	297	149
0	14	21	116	347	149
0	14	18	116	327	149
48	0	270	7	300	149
3	21	148	6332	279	149
0	2	295	2696	274	149
0	2	3	2696	217	149
125	3	598	0	512	149
38	3	90	70	217	149
11	18	15	85	247	149
4	18	0	85	215	149
7	0	105	24	246	149
51	0	463	10	375	149
78	0	607	18	375	149
192	0	292	11	284	149
12	0	172	14	185	149
31	15	36	22	250	149
8	4	0	1	214	149
9	1	5	0	214	149
10	4	0	1	268	149
1	2	5	0	278	149
2591	3	1403	0	253	149
775	0	1185	15	323	149
797	14	1375	7	259	149
431	14	717	7	317	149
2580	0	6970	9	264	149
30	3	43	0	318	149
4	0	18	1	271	149
7	10	45	30	240	149
0	47	28	173	240	149
0	10	35	30	278	149
23	47	30	173	212	149
123	5	303	0	248	149
192	6	569	0	229	149
197	0	328	17	228	149
0	7	10	0	273	149
2	12	10	38	273	149
105	0	268	6	382	149
46	18	52	62	286	149
115	33	123	68	286	149
21	33	43	68	208	149
14	2	4	0	222	149
482	135	1706	417	228	149
1464	20	625	1	267	149
1036	14	488	0	197	149
359	1	202	0	203	149
317	4	152	0	203	149
1277	98	793	73	246	149
2	161	0	222	521	149
2	161	11	222	403	149
533	1	694	0	278	149
1478	0	456	22	222	149
404	0	140	22	531	149
1	1096	0	356	280	149
8	5	3	0	190	149
129	8	409	0	296	149
289	2	747	16	324	149
16	5	126	0	308	149
11	0	32	6	273	149
28	0	284	48	185	149
94	12	682	0	315	149
10	2	0	7	185	149
35	0	56	4	321	149
117	4	300	7	238	149
29	26	38	97	253	149
2	26	0	97	290	149
5	2	85	11	217	149
9	0	117	38	180	149
9	2	109	24	185	149
3	13	37	236	224	149
3	0	153	11	233	149
17	0	330	11	230	149
6	7	136	53	413	149
9	57	0	68	191	149
17	57	0	68	257	149
21	0	177	4	356	149
17	0	169	4	594	149
10	39	0	83	217	149
2	79	20	185	266	149
0	5	6	43	200	149
0	21	11	112	183	149
47	9	56	77	243	149
6	330	0	669	206	149
28	8	11	2	239	149
9	1	141	15	344	149
1	0	79	4	320	149
0	2	67	66	262	149
2	2	6	0	297	149
2	2	72	0	197	149
0	28	33	363	291	149
5	299	0	376	213	149
22	1	182	0	236	149
101	0	431	10	335	149
247	0	437	6	394	149
6	2	81	0	226	149
8	0	0	8	208	149
6	0	95	12	213	149
4	3	26	15	218	149
9	0	104	9	297	149
19	0	233	12	221	149
5	0	129	12	236	149
15	0	131	12	288	149
38	0	811	25	230	149
24	3	175	0	259	149
94	4	98	0	190	149
176	23	774	112	269	149
53	0	259	9	337	149
124	0	654	9	289	149
22	0	25	9	233	149
70	53	82	253	233	149
327	3	1197	90	305	149
17	457	54	880	284	149
63	2	151	0	1457	149
23	27	33	152	298	149
169	0	465	23	505	149
182	4	188	5	203	149
28	1	203	18	319	149
5	18	0	61	256	149
89	24	121	20	232	149
12	74	32	104	219	149
3	0	0	4	276	149
8	0	62	22	249	149
6	1	0	25	224	149
0	30	113	56	283	149
3	30	0	56	240	149
12	0	78	14	338	149
47	0	390	4	338	149
30	0	66	7	343	149
78	3	585	0	343	149
84	0	168	7	311	149
103	10	436	9	311	149
0	2	12	66	230	149
5	0	8	7	240	149
15	11	45	4	284	149
0	5	11	66	291	149
0	5	30	66	230	149
6	1388	17	258	374	149
5	1056	0	178	836	149
1343	58	339	12	311	149
2	462	0	102	258	149
274	2	1927	0	255	149
407	6	1784	17	238	149
586	0	275	6	233	149
1166	38	547	0	258	149
528	13	234	26	242	149
93	8	37	0	226	149
16	0	64	2	280	149
2	535	0	1219	164	149
111	9	401	0	250	149
643	9	1601	0	243	149
373	4	860	0	243	149
109	4	373	0	228	149
374	4	1114	0	228	149
23	0	1	10	203	149
11	3	0	18	270	149
125	1	707	0	298	149
19	4	165	0	314	149
62	4	630	0	365	149
24	60	74	134	290	149
18	9	162	1	220	149
8	13	37	110	244	149
0	13	15	110	222	149
30	2	205	4	279	149
93	24	98	25	214	149
0	69	19	99	245	149
2	23	31	153	180	149
12	4	52	0	226	149
20	0	34	17	271	149
4	17	0	21	273	149
134	94	86	121	152	149
365	7	861	0	323	149
199	5	489	0	323	149
89	5	257	0	248	149
158	1	326	0	268	149
6	0	46	22	386	149
6	12	15	24	242	149
2	0	120	46	461	149
172	4	334	26	276	149
117	3	259	0	218	149
58	9	244	0	288	149
2	3	74	24	234	149
21	3	107	24	278	149
2	6	0	124	266	149
20	0	213	5	537	149
10	0	141	22	428	149
186	6	440	5	235	149
8	4	0	4	285	149
7	22	0	15	228	149
15	5	354	34	216	149
13	20	105	32	311	149
5	66	0	125	189	149
78	0	227	18	251	149
14	51	0	53	218	149
5	51	0	53	251	149
7	91	0	222	420	149
0	89	6	197	220	149
105	0	300	10	360	149
156	7	414	16	360	149
191	35	257	0	1255	149
13	159	90	110	508	149
145	35	97	0	371	149
297	35	207	0	300	149
1841	0	1044	22	300	149
2	141	0	107	245	149
22	13	142	0	241	149
77	0	186	5	328	149
1	20	0	122	327	149
4	1	295	0	5336	149
171	0	274	3	236	149
20	0	261	8	203	149
2733	6	1722	0	228	149
3115	5	2582	0	283	149
83	0	199	6	282	149
28	4	68	0	206	149
1	0	0	32	231	149
213	3	741	0	280	149
24	90	83	373	233	149
0	73	17	279	247	149
5	0	106	1	254	149
7	44	13	231	200	149
4	4	20	0	200	149
7	98	37	255	324	149
4	98	26	255	328	149
92	1	103	0	220	149
788	36	2103	9	804	149
263	1	555	6	205	149
168	0	289	10	278	149
362	0	700	10	209	149
20	296	17	376	346	149
338	2	731	0	216	149
88	0	268	4	299	149
84	7	457	17	254	149
5533	8	951	0	237	149
2894	3	729	0	263	149
66	13	47	0	376	149
18	3	52	21	297	149
0	127	16	165	277	149
151	20	246	105	333	149
172	20	286	105	595	149
96	5	64	34	354	149
42	5	8	34	254	149
205	3	191	0	233	149
10	308	0	206	281	149
215	0	361	57	296	149
25	0	154	3	292	149
9	0	46	3	211	149
13	0	60	3	211	149
695	1	980	0	366	149
131	0	216	5	214	149
13	0	148	21	232	149
19	0	108	21	235	149
6420	47	5584	55	204	149
50	0	2026	38	309	149
17	4	651	299	644	149
96	61	135	201	317	149
73	0	140	17	291	149
109	7	287	0	604	149
61	5	108	0	459	149
0	23	9	80	407	149
20	4	243	0	338	149
3	0	128	10	260	149
75	1	524	0	285	149
34	1	206	0	266	149
85	0	94	4	281	149
10	0	79	30	342	149
112	1	504	0	240	149
69	26	137	36	207	149
64	6	89	0	202	149
5492	1	9657	0	192	149
14687	3	25168	6	302	149
6159	3	10950	6	319	149
22	4	0	57	221	149
14	2	130	0	257	149
3	17	0	69	395	149
13	32	13	239	322	149
0	3	16	28	224	149
15	0	119	29	303	149
7	542	0	59	250	149
758	1	85	0	260	149
30	260	0	9	796	149
503	8	9	0	275	149
49	12	0	30	301	149
23	0	169	1	236	149
22	0	232	9	191	149
0	22	28	220	183	149
2	8	32	0	246	149
13	8	73	0	249	149
4	2	34	51	248	149
51	0	652	30	1693	149
9	0	11	6	233	149
23	0	59	4	233	149
4	21	42	126	266	149
0	28	23	191	203	149
61	0	269	15	645	149
16	5	104	30	580	149
14	0	200	20	218	149
8	0	246	4	323	149
38	0	164	8	229	149
113	15	464	19	340	149
79	7	226	1	220	149
22	0	60	8	328	149
157	1	406	0	338	149
40	0	267	4	249	149
6	26	0	48	213	149
9	38	29	26	326	149
1	0	83	2	235	149
1	18	0	28	293	149
2	18	0	28	358	149
15	50	22	13	271	149
4	50	0	13	264	149
76	0	43	22	414	149
17	5	24	0	249	149
18	0	17	22	378	149
18	5	17	0	378	149
21	5	17	20	378	149
19	7	39	27	327	149
60	5	40	0	439	149
5	2	18	0	234	149
25	14	16	0	467	149
0	21	18	582	272	149
31	0	406	12	213	149
135	0	751	27	244	149
68	0	448	33	227	149
0	3	16	64	243	149
0	4	14	73	294	149
21	6	38	0	271	149
14	6	38	0	267	149
239	34	63	0	285	149
150	2	7	0	224	149
615	7	35	0	346	149
334	13	87	27	381	149
187	13	51	27	402	149
20	147	0	36	255	149
10	147	0	36	393	149
7	141	0	203	223	149
10	64	0	122	339	149
5	141	0	203	212	149
0	2	32	0	223	149
0	5	10	199	221	149
9	0	21	2	278	149
0	4	16	25	236	149
0	4	8	25	232	149
1	12	15	52	262	149
37	5	22	12	253	149
11	5	11	12	272	149
7	0	24	11	205	149
0	4	24	0	205	149
0	2	17	0	270	149
2	0	0	11	294	149
7	4	26	0	263	149
9	27	12	0	394	149
0	8	81	63	230	149
42	0	903	28	239	149
18	3	81	0	367	149
2	3	15	6	271	149
42	5	20	0	366	149
1	7	0	56	200	149
5	0	105	11	281	149
0	21	15	69	204	149
0	6	13	19	206	149
27	16	110	30	450	149
41	9	142	57	375	149
5	9	38	57	210	149
5	4	32	10	205	149
26	1	93	0	213	149
255	1	1107	19	198	149
374	1	1884	19	195	149
850	95	3976	476	289	149
1055	29	1540	43	255	149
2409	29	4510	43	239	149
2243	0	3837	7	229	149
138	1344	153	2109	256	149
176	1344	181	2109	260	149
3805	29	5	0	260	149
1908	2	23	0	257	149
1824	11	18	0	234	149
12999	1	20	0	322	149
25179	3	17	0	227	149
42	5	115	0	500	149
80	1	117	0	238	149
16	11	6	18	231	149
34	4	65	0	328	149
6	8	71	4	230	149
20	1	127	1	206	149
0	14	10	34	356	149
4	2	23	20	406	149
2972	37	275	0	312	149
1281	30	127	0	312	149
1858	30	163	0	269	149
3530	19	311	0	269	149
21	2235	0	181	285	149
84	0	214	10	514	149
225	14	192	0	247	149
266	37	468	47	251	149
57	31	116	11	236	149
127	31	305	11	299	149
3	22	0	15	269	149
3	56	0	233	269	149
116	0	172	42	199	149
132	2	237	0	236	149
2	0	33	3	241	149
2	0	55	3	245	149
25	0	119	22	286	149
48	1	355	0	366	149
8	1	9	0	224	149
866	164	422	74	229	149
206	164	114	74	224	149
81	164	49	74	174	149
102	2	76	20	223	149
841	15	701	49	201	149
0	41	14	634	493	149
0	8	14	2	493	149
0	8	6	2	202	149
18	8	161	2	243	149
0	99	9	270	230	149
148	329	429	378	241	149
13	3	16	0	292	149
1	0	0	11	292	149
7	1	47	105	218	149
2	1	10	105	253	149
745	0	223	18	242	149
296	9	1847	48	238	149
9	0	48	5	216	149
6	0	0	10	176	149
3	125	0	158	212	149
1	295	0	206	270	149
10	305	20	189	431	149
476	1	640	0	245	149
36	7	159	17	235	149
178	7	926	17	295	149
2023	3	807	9	282	149
9	6	418	0	268	149
200	4	9257	9	270	149
7	20	98	2336	251	149
3	3	12	0	313	149
5	48	33	258	328	149
507	3	1470	0	362	149
22	0	122	11	241	149
150	133	396	364	212	149
1	18	0	60	205	149
22	12	50	0	260	149
203	13	1709	28	4563	149
1	0	181	19	205	149
0	4	37	0	313	149
267	156	17	10	301	149
309	156	17	10	265	149
314	156	34	10	245	149
0	43	9	103	308	149
51	1	75	0	280	149
48	1	69	11	280	149
62	1	169	0	283	149
53	1	69	11	283	149
31	1	180	11	301	149
35	2	186	0	301	149
46	7	280	0	301	149
0	14	6	71	416	149
495	4	750	0	205	149
91	4	140	0	188	149
290	0	122	2	674	149
158	2	826	41	254	149
252	1	1327	44	192	149
169	0	1138	26	287	149
11	11	165	89	179	149
61	1	303	0	247	149
38	0	226	6	225	149
51	6	234	0	255	149
81	0	242	7	261	149
96	4	114	0	203	149
0	13	16	36	260	149
686	0	4020	10	271	149
739	0	1893	10	338	149
42834	678	1658	38	215	149
8	0	16	15	244	149
39	0	173	15	382	149
52	4	25	0	285	149
5	48	14	18	301	149
0	4	34	0	248	149
5	14	0	109	280	149
11	1	119	0	256	149
12	14	6	14	263	149
17	0	127	11	209	149
10	0	225	21	285	149
1	9	18	44	236	149
0	9	46	44	253	149
3215	0	2279	8	264	149
29	2	163	10	233	149
108	0	494	12	294	149
9	0	159	10	262	149
5	0	46	19	262	149
3	0	81	19	240	149
0	4	5	107	285	149
8	0	113	16	231	149
103	14	367	56	223	149
13	25	224	155	176	149
64	13	449	4	247	149
20	0	124	20	268	149
131	16	15	0	556	149
39	16	15	0	277	149
24	3	4	0	227	149
87	0	327	16	314	149
124	0	352	5	309	149
726	0	281	17	352	149
466	11	101	0	284	149
99	3	115	20	293	149
0	12	39	62	398	149
132	0	298	10	296	149
27	46	109	141	200	149
7	2	14	10	237	149
5	2	9	5	359	149
4	0	46	14	309	149
12	34	3	53	237	149
19	1	28	14	236	149
9	1	2	0	194	149
3	5	0	16	289	149
14	26	30	0	206	149
121	11	59	22	218	149
40	4	251	14	2886	149
42	0	353	8	347	149
4	315	10	293	187	149
20	0	371	33	283	149
61	0	924	33	262	149
0	170	11	825	273	149
21956	51	56	0	215	149
48	21	82	0	199	149
34	20	24	78	914	149
8	0	0	7	206	149
11	5	43	0	194	149
2	0	64	7	238	149
2	0	100	7	242	149
0	6	34	0	199	149
2	0	0	11	205	149
0	4	6	46	206	149
64	2	179	0	218	149
36	8	71	0	211	149
7	0	81	11	208	149
68	0	195	26	324	149
64	2	135	0	252	149
5	1	0	15	329	149
10	0	50	14	400	149
1	2	14	12	291	149
0	1	8	0	180	149
7	1	34	0	248	149
2446	31	59	0	230	149
0	1	9	40	236	149
61	7	201	0	267	149
37	3	44	0	334	149
7	2	38	19	715	149
139	3	351	15	305	149
2	0	263	7	299	149
6	662	0	587	204	149
51	0	163	4	236	149
76	13	622	27	222	149
87	146	1375	166	296	149
18	84	27	1362	254	149
3	267	7	1103	424	149
0	110	30	395	267	149
452	73	394	50	236	149
273	51	305	4	236	149
441	51	325	4	375	149
621	63	470	104	375	149
70	0	79	4	205	149
442	9	717	0	312	149
10	6	195	38	208	149
5	6	33	38	217	149
18	1	51	0	237	149
5	0	75	13	233	149
14	3	12	5	238	149
0	8	4	18	181	149
8	23	26	319	281	149
1	112	21	530	244	149
4	112	41	530	369	149
0	35	19	32	221	149
6	35	20	32	306	149
3	0	20	19	306	149
1266	4	3652	0	251	149
2386	0	5484	12	257	149
616	0	1517	2	206	149
17	10	84	21	206	149
1	624	75	1540	267	149
362	10	717	21	251	149
986	17	2253	84	251	149
1674	45	2879	80	313	149
8	32	0	592	205	149
65	0	850	41	279	149
98	0	628	3	230	149
571	2	166	0	304	149
43	4	166	8	262	149
31	11	73	14	208	149
59	0	195	4	294	149
24	1479	23	962	287	149
30	0	270	10	644	149
33	0	65	18	257	149
2	0	73	2	225	149
19	0	77	28	331	149
17	2	68	30	331	149
581	0	853	7	307	149
581	13	850	56	307	149
1063	0	2342	7	311	149
618	13	935	56	311	149
969	13	2130	56	659	149
815	0	1421	10	659	149
9	13	24	56	298	149
316	13	1135	56	370	149
162	0	426	10	370	149
23	0	129	10	192	149
112	0	450	4	192	149
523	42	2449	194	367	149
490	17	2116	132	175	149
0	419	6	1725	198	149
0	419	16	1725	196	149
4266	6	2631	16	214	149
4446	6	1450	0	226	149
12	6	268	22	212	149
77	0	673	18	276	149
82	0	619	2	226	149
16	37	306	206	248	149
27	37	225	206	277	149
13	4	82	32	178	149
72	11	470	30	255	149
2	49	132	178	274	149
963	18	4974	84	260	149
32	1	81	0	230	149
23	4	65	2	192	149
10	16	0	76	188	149
23	2	22	0	252	149
30	7	128	0	263	149
11	0	57	32	1232	149
2	0	58	9	243	149
16	12	50	13	158	149
21	15	27	49	255	149
663	8	2325	0	187	149
5567	0	16272	9	223	149
1584	0	4563	9	214	149
337	0	467	14	328	149
462	2	571	0	231	149
27	7	204	85	3017	149
5	7	29	85	273	149
266	0	1057	6	512	149
218	0	699	11	294	149
125	0	399	11	291	149
11	586	87	980	413	149
8	54	46	56	413	149
792	5	1353	80	197	149
22	3	128	0	214	149
46	4	189	0	214	149
24	4	124	0	214	149
31	3	124	0	312	149
31	4	135	0	312	149
234	0	1108	2	365	149
232	54	960	109	365	149
0	68	19	148	359	149
8	34	64	153	329	149
39	0	226	8	324	149
47	4	281	46	285	149
28	0	59	7	297	149
25	0	236	16	340	149
842	1	1513	0	291	149
514	0	1274	1	284	149
681	12	1298	28	223	149
155	6	674	0	240	149
127	5	770	10	226	149
153	4	1069	0	285	149
4	0	63	14	318	149
566	1	812	3	352	149
11	1	12	16	276	149
17	1	12	16	217	149
10	16	0	30	217	149
2	12	63	0	252	149
151	11	401	18	327	149
150	11	352	18	314	149
10	3	261	0	363	149
24	1	71	0	302	149
502	5	3226	0	331	149
344	5	2263	0	293	149
0	352	18	2342	230	149
463	0	1856	13	192	149
88	0	379	10	192	149
368	0	1092	10	618	149
244	0	626	10	312	149
646	4	2125	26	312	149
120	4	292	26	219	149
464	0	1088	7	227	149
1405	46	2034	61	273	149
10	0	18	26	427	149
8	0	17	7	200	149
0	12	16	89	583	149
11	1	110	0	282	149
20	0	62	9	282	149
48	0	249	28	354	149
139	0	478	28	378	149
26	2	99	23	230	149
6	382	31	173	423	149
89	0	181	9	286	149
4	0	11	2	211	149
266	0	626	6	290	149
0	113	31	327	354	149
10	106	319	340	388	149
4	2	11	2	232	149
1	0	2	11	247	149
0	42	25	143	299	149
52	0	182	5	195	149
3	0	94	3	225	149
0	1	10	85	275	149
0	1	5	85	280	149
8	0	99	15	328	149
122	0	938	11	203	149
212	0	246	17	186	149
61	6	130	0	186	149
0	6	17	0	202	149
179	85	276	102	202	149
59	17	115	77	202	149
21	1	98	0	202	149
0	85	10	102	242	149
5	17	53	77	240	149
7	7	89	14	240	149
0	25	74	76	240	149
16	2	16	10	174	149
22	17	69	77	174	149
6	5	6	18	174	149
4	0	7	11	174	149
78	7	274	14	174	149
25	25	52	76	174	149
43	0	226	14	224	149
391	0	624	13	293	149
0	6	14	72	225	149
17	1	57	41	254	149
9	0	0	25	300	149
24	15	65	0	203	149
414	2	1225	0	1015	149
442	2	1309	0	997	149
59	0	170	6	293	149
53	0	172	6	275	149
103	25	288	38	275	149
81	0	497	11	202	149
37	0	185	11	362	149
770	2	1168	15	218	149
117	0	290	6	271	149
0	81	9	376	215	149
0	101	8	429	271	149
98	2	295	0	192	149
2	0	32	6	293	149
30	2	121	0	239	149
40	86	21	105	204	149
23	8	12	0	204	149
6	86	0	105	309	149
6	29	0	21	309	149
7	3	83	0	260	149
16	3	75	0	425	149
3	0	74	22	241	149
35	8	185	22	366	149
66	8	258	22	277	149
25	8	167	22	251	149
23	8	167	22	248	149
346	18	163	32	358	149
347	1	2413	13	210	149
145	0	1665	1	257	149
66	3	851	0	257	149
23	3	155	0	334	149
104	1	986	0	334	149
82	0	833	11	200	149
0	2	7	77	237	149
0	13	23	84	210	149
10	1	33	4	288	149
14	2	23	0	230	149
13	42	0	102	309	149
0	4	3	59	177	149
3	561	0	73	225	149
332	4	35	0	322	149
168	2	53	2	316	149
39	47	26	37	260	149
464	2	136	0	269	149
25	3	22	126	227	149
581	3	783	126	227	149
319	4	592	0	251	149
6	192	0	406	284	149
578	0	1245	12	376	149
56	0	99	12	986	149
77	2	473	0	271	149
68	3	75	0	210	149
16	4	15	0	245	149
7	54	0	100	229	149
69	0	177	8	464	149
19	9	133	0	249	149
0	1	31	0	199	149
4	0	0	27	206	149
33	2	42	0	292	149
4	0	77	8	345	149
2	21	0	111	255	149
19	0	407	12	449	149
34	0	74	4	352	149
32	245	13	833	284	149
16	0	10	7	284	149
317	12	1008	132	206	149
97	7	418	29	206	149
422	7	1209	29	356	149
648	0	1685	4	356	149
151	0	401	20	251	149
2	0	32	7	251	149
436	0	1065	5	251	149
12	0	213	26	243	149
1	18	48	10	170	149
6	18	35	10	167	149
265	18	709	12	577	149
119	0	1486	40	346	149
90	5	667	0	362	149
11	0	69	23	272	149
11	0	334	23	1102	149
862	0	2151	12	208	149
108	2	525	24	316	149
2	543	0	1610	271	149
623	63	1969	368	203	149
202	14	614	0	203	149
364	14	1292	0	267	149
107	0	650	10	267	149
736	9	2225	26	267	149
195	0	746	10	251	149
521	62	1807	397	251	149
4	0	229	6	283	149
12	351	366	5254	281	149
332	4	811	4	209	149
157672	18	8490	0	233	149
54176	3	6631	0	239	149
9712	7	3880	0	248	149
0	5	3	58	299	149
186	4	340	0	306	149
51	6	215	49	298	149
74	0	166	4	259	149
40	1	33	19	259	149
13	2	68	16	243	149
0	1	188	4	312	149
4077	29	22643	14	260	149
0	54	6	970	264	149
26	54	284	538	234	149
78	0	1226	32	234	149
26	0	334	13	234	149
6698	40	6824	32	216	149
19534	0	36767	10	284	149
19	0	292	16	278	149
45	1	196	2	239	149
29	0	70	25	234	149
31	10799	16	3516	278	149
102	6	289	20	351	149
93	0	370	3	272	149
22	0	91	3	210	149
1	13	0	123	232	149
0	13	11	70	364	149
0	13	13	70	319	149
1122	6	785	16	362	149
194	6	2	0	334	149
4	0	93	24	368	149
32	0	310	24	255	149
4	26	35	175	228	149
8	62	59	160	228	149
1	0	55	15	228	149
28	26	46	175	278	149
6110	2	31925	0	641	149
3846	0	17027	14	249	149
49	2	284	68	498	149
24	2	181	68	354	149
2	0	12	68	257	149
30	818	0	406	262	149
1329	6	659	28	257	149
766	6	402	0	175	149
225	0	226	19	274	149
84	3	78	0	240	149
539	1	393	0	348	149
278	1	156	0	277	149
102	1	39	0	189	149
76	0	471	14	415	149
4	465	4	380	173	149
0	584	33	549	253	149
68	0	193	10	333	149
21	1	88	36	261	149
1	0	541	20	252	149
255	6	305	0	269	149
162	2	272	3	237	149
17	0	47	38	254	149
6	13	0	84	233	149
15	0	424	10	286	149
1	224	0	119	352	149
0	61	14	137	280	149
8	0	19	12	218	149
0	10	52	45	317	149
0	10	92	45	462	149
45	0	1665	12	312	149
50	6	5	6	211	149
222	1	388	29	271	149
43	31	97	76	182	149
138	31	331	76	282	149
283	11	565	49	282	149
122	11	321	49	256	149
1	1111	18	1472	203	149
51	687	135	995	701	149
4	2	22	10	275	149
4	13	17	26	275	149
21	10	0	36	397	149
18	0	149	4	287	149
39	2	105	23	347	149
32	26	84	43	254	149
135	2	548	10	359	149
153	0	807	9	314	149
81	0	365	1	244	149
261	0	482	14	207	149
71	2	174	0	207	149
119	2	255	0	255	149
318	4	564	15	255	149
229	1	105	5	236	149
143	3	148	0	236	149
63	3	26	0	217	149
212	64	36	58	217	149
119	3	95	0	270	149
24	0	143	11	307	149
2	0	22	10	251	149
7	0	0	9	344	149
2	57	0	407	418	149
183	12	303	9	297	149
95	0	243	16	240	149
70	29	176	114	406	149
52	2	233	0	213	149
325	1129	449	2410	493	149
438	1129	550	2410	482	149
6	364	0	955	213	149
595	0	977	7	261	149
1	0	176	31	224	149
6	0	228	60	227	149
1	5	17	71	197	149
5	0	97	80	209	149
6	0	5	9	206	149
0	5	9	32	233	149
4	0	40	20	221	149
0	2	14	14	221	149
0	2	40	14	224	149
12	19	82	37	389	149
34	83	130	240	296	149
5	83	85	240	225	149
81	372	132	213	4200	149
1	32	90	229	248	149
17	0	407	27	323	149
19	0	436	4	268	149
13	0	156	4	292	149
2	0	14	19	270	149
140	51	615	42	229	149
45	0	135	14	196	149
90	16	117	27	228	149
170	2	996	3	297	149
506	0	424	6	268	149
821	4	658	11	270	149
374	4	202	11	289	149
7	10	257	67	194	149
16	0	302	22	213	149
19	0	523	7	251	149
4	4	33	254	251	149
9	7	409	65	246	149
0	55	8	545	265	149
225	0	280	8	238	149
516	1	1924	6	228	149
4	0	111	9	286	149
10	7	81	0	286	149
6	2	0	84	288	149
5	67	0	166	236	149
94	0	189	14	308	149
98	0	424	8	304	149
62	25	326	20	304	149
37	0	131	8	302	149
31	25	164	20	216	149
68	1	275	21	216	149
27	62	60	159	336	149
76	10	125	21	353	149
81	62	134	159	353	149
80	10	117	21	350	149
76	62	117	159	350	149
19	62	41	159	234	149
15	62	41	159	231	149
304	5	510	16	235	149
4	15	0	137	389	149
2	15	0	137	342	149
32	0	173	10	234	149
0	3	6	54	233	149
0	9	6	55	200	149
85	8	12	0	225	149
102	6	96	16	256	149
262	6	125	16	478	149
143	6	16	16	289	149
360	6	58	0	289	149
58	75	185	294	266	149
7	2	95	0	313	149
408	25	811	70	435	149
0	7	14	78	248	149
4	4	77	14	205	149
0	3	22	4	270	149
5	0	32	6	231	149
34	7	175	70	190	149
0	36	24	160	460	149
1	4	79	34	264	149
3	0	68	10	198	149
1	257	0	295	337	149
6	48	0	115	245	149
16	0	104	15	1489	149
14	0	34	15	232	149
0	5	8	104	1049	149
4	0	89	12	248	149
1	0	38	12	280	149
123	8	108	0	395	149
7	3	68	20	291	149
2	1	67	0	249	149
6	0	68	4	276	149
25	0	120	8	314	149
26	50	91	269	251	149
413	2	2126	0	255	149
216	8	1148	18	255	149
226	8	676	18	262	149
427	6	1698	44	262	149
712	26	1630	56	242	149
122	2	168	9	172	149
150	14	307	0	232	149
13	5	0	32	299	149
2	39	27	66	240	149
83	2	754	9	244	149
72	0	685	11	244	149
22	0	168	31	244	149
65	0	529	6	244	149
9	19	97	50	244	149
65	0	472	11	274	149
63	19	494	50	274	149
76	2	584	67	274	149
54	19	324	50	199	149
139	2	961	67	199	149
8	5	86	4	257	149
33	0	193	5	239	149
21	0	213	6	252	149
16	0	119	6	252	149
5	0	79	6	250	149
10	0	177	10	250	149
31	2	315	0	317	149
0	13	18	34	191	149
0	5	13	2	229	149
329	26	841	25	208	149
246	15	485	0	270	149
154	7	156	0	183	149
22	0	177	7	237	149
416	3	150	10	247	149
6	15	0	185	312	149
0	7	6	0	233	149
89	0	618	15	283	149
139	0	864	13	240	149
192	0	1055	12	304	149
122	2	800	18	230	149
64	9	578	156	345	149
39	9	320	156	340	149
21958	0	77190	42	320	149
42272	0	174317	42	329	149
0	20	9	132	201	149
259	3	691	26	217	149
0	50	10	732	189	149
70	6	1272	0	213	149
83	0	991	8	1063	149
51	1	457	0	244	149
8	8	83	0	264	149
17	3	109	0	276	149
288	14	279	0	208	149
349	5	239	0	307	149
273	8	246	6	302	149
125	20	165	32	302	149
8	151	0	113	220	149
299	20	141	32	311	149
442	3	248	32	311	149
662	2	216	0	299	149
2	5	4	8	193	149
146	8	1371	4	255	149
75	8	589	4	265	149
6	8	1	4	278	149
6	71	1	790	278	149
13	0	286	20	225	149
55	0	646	17	226	149
25	0	273	17	202	149
4	0	38	10	218	149
162	4	182	0	256	149
2	5	0	12	257	149
114	3	315	0	250	149
3	0	15	4	232	149
1	0	138	14	232	149
55	0	454	15	230	149
19	11	392	89	191	149
89	5	123	6	202	149
411	0	1207	18	228	149
41	252	40	729	321	149
3	252	10	729	238	149
335	4	673	0	322	149
483	10	871	23	223	149
79	31	37	5	306	149
9	164	8	67	234	149
33	0	29	3	194	149
312	3	168	11	219	149
4	219	0	183	361	149
2	0	29	6	262	149
4008	2	3456	22	339	149
2642	2	2112	22	330	149
6	0	6	7	245	149
4	3	13	17	247	149
0	8	2	6	251	149
0	3	22	4	206	149
597	4	697	0	216	149
165	2	804	17	267	149
36	0	1100	7	232	149
161	6	630	8	203	149
143	1	193	1	175	149
34	0	145	33	212	149
22	58	17	45	214	149
77	1	43	0	293	149
5491	10	19	0	262	149
2711	3	19	0	262	149
1345	3	35	0	239	149
4184	127	35	0	239	149
50	12	201	7	239	149
1302	3	2397	25	221	149
581	0	1152	20	221	149
3	0	25	20	259	149
1038	1	1997	8	259	149
498	5	821	15	259	149
512	1	814	8	284	149
348	5	1096	15	230	149
895	0	2329	7	230	149
494	0	1490	14	299	149
0	4	178	0	294	149
975	6393	0	2	236	149
188	10	98	0	411	149
300	10	129	0	380	149
124	10	75	0	314	149
487	1	136	0	220	149
13	2	104	0	175	149
0	11	14	57	220	149
0	2	12	29	241	149
3	1532	8	1398	284	149
13	3	154	0	222	149
14	0	202	34	380	149
10	0	159	21	261	149
10	0	104	22	261	149
0	10	30	132	265	149
240	9	553	25	443	149
0	33	16	115	199	149
48	33	23	115	259	149
14	16	4	51	271	149
46	2	159	7	219	149
1046	28	401	18	315	149
233	227	112	106	262	149
0	4	1	19	251	149
1	70	6	19	227	149
22	2	96	25	220	149
4	1	118	50	305	149
14	1	49	50	314	149
23	0	131	23	314	149
6	0	0	12	291	149
15	8	4	18	291	149
2	3	6	0	208	149
278	0	452	18	245	149
596	1	1326	13	345	149
1350	18	1869	65	299	149
3252	87	2491	35	254	149
1786	0	1272	2	254	149
4069	0	2435	2	296	149
5448	0	3632	13	296	149
14	18	70	20	168	149
21	8	23	0	267	149
42	706	49	749	267	149
8	706	0	749	247	149
18	28	3	29	247	149
681	1	894	0	254	149
327	2	590	0	428	149
81	37	302	93	274	149
3	37	43	93	163	149
9	619	18	561	351	149
557	0	1103	37	300	149
171	4	382	19	302	149
220	4	516	19	323	149
356	4	1211	19	328	149
24	92	99	299	326	149
8	4	45	18	326	149
77	12	122	0	293	149
36	0	85	4	248	149
40	14617	12	25762	234	149
14651	0	26100	6	214	149
552	2	283	0	214	149
855	5	72	41	229	149
429	4	308	0	385	149
8	122	16	115	241	149
6	122	9	115	201	149
585	10	678	18	441	149
19	265	0	262	238	149
1111	2	875	0	371	149
22	0	51	9	212	149
15	0	64	7	286	149
1359	0	1733	4	293	149
16	5	128	102	313	149
24	5	235	102	287	149
18	0	309	5	306	149
129	0	1242	15	1311	149
1	0	0	4	183	149
50	5	387	17	284	149
21	5	81	17	219	149
0	44	16	270	380	149
0	2	10	0	283	149
3	2	72	0	287	149
20878	17	20517	16	356	149
39973	17	51340	16	324	149
9486	17	8692	16	219	149
4441	2	6966	0	239	149
167	2	2814	103	1238	149
165	9	2755	30	1238	149
22	0	366	15	211	149
24	0	279	6	191	149
3	432	0	327	331	149
6	0	53	7	173	149
12	6	83	6	254	149
0	12	38	42	255	149
9	0	42	12	233	149
10	7	98	79	242	149
789	16	2672	34	1700	149
799	16	2564	34	1428	149
97	47	202	173	223	149
95	4	180	0	224	149
5	147	0	391	184	149
1178	1	1144	9	247	149
7	0	16	8	235	149
0	1	8	8	276	149
329	2	385	29	192	149
139	0	219	14	277	149
177	3	391	0	228	149
145	5	271	0	308	149
36	4	66	0	276	149
20	4	25	0	234	149
34	0	6	17	624	149
0	2	8	19	201	149
0	2	16	19	206	149
2	2	0	19	269	149
31	6	82	0	263	149
76	5	223	11	189	149
84	0	240	8	249	149
20	0	148	6	413	149
137	23	466	30	238	149
48	5	555	0	374	149
58	0	188	4	290	149
47	3	280	70	290	149
31	0	191	7	280	149
34	0	261	8	324	149
23	0	94	16	232	149
20	5	141	0	235	149
2	5	34	10	258	149
12	9	51	29	368	149
13	1179	8	692	327	149
17	1179	8	692	303	149
695	17	441	43	250	149
2035	17	1290	43	275	149
264	7	748	0	235	149
1	28	31	144	209	149
5	645	31	842	221	149
103	0	193	19	211	149
0	72	11	302	265	149
6	72	38	302	245	149
2	4	16	126	277	149
2	39	56	283	277	149
0	67	10	356	266	149
146	0	334	3	268	149
865	4	1745	0	730	149
144	4	309	30	250	149
323	0	1029	18	569	149
10	14	26	100	251	149
10	14	0	100	200	149
15	0	39	12	200	149
38	5	162	81	290	149
15	0	76	3	290	149
13	0	250	3	247	149
34	3	287	32	247	149
2	19	0	71	216	149
71	19	39	71	280	149
22	19	0	71	272	149
4	38	0	241	267	149
5	73	15	231	362	149
6	38	15	241	362	149
11	38	15	241	288	149
5	73	30	231	288	149
8	0	12	3	230	149
2506	5	1810	0	229	149
816	0	902	23	244	149
1358	0	2014	6	316	149
152	6	845	8	240	149
274	5	844	0	310	149
518	0	1538	47	310	149
0	191	6	712	268	149
387	0	1255	10	324	149
3	0	0	27	276	149
3	0	0	12	276	149
3	30	0	36	276	149
3	15	0	40	276	149
0	107	17	329	285	149
0	1	28	0	340	149
2	0	0	10	284	149
0	30	15	36	284	149
2	107	12	329	284	149
1	1	79	0	473	149
2	0	0	10	264	149
2	107	16	329	264	149
1	15	0	40	278	149
4088	0	7645	9	205	149
6540	0	12270	8	237	149
50	0	88	67	242	149
8	44	90	297	3533	149
53	4	337	0	272	149
44	0	600	5	263	149
2	0	590	27	218	149
14	6	12	0	225	149
131	7	149	0	396	149
55	4	85	114	315	149
33	0	174	22	260	149
1	281	0	123	264	149
319	3	124	0	171	149
237	42	151	14	224	149
268	4	146	0	259	149
164	4	125	0	224	149
117	272	44	143	194	149
570	5	139	14	209	149
585	5	211	0	271	149
229	0	118	6	271	149
274	0	60	6	209	149
642	13	153	0	209	149
370	166	89	55	188	149
117	1	564	16	261	149
854	3	296	0	232	149
57	0	95	17	262	149
72	0	202	13	307	149
6	2	9	68	260	149
0	1	12	0	303	149
2	7	34	60	626	149
26	1	185	0	332	149
278	3	399	0	321	149
205	8	244	0	321	149
49	0	353	34	223	149
2	0	0	9	250	149
569	2	238	0	309	149
350	2	132	0	337	149
14	0	61	3	380	149
0	3	4	0	236	149
9	0	50	24	209	149
21	0	8	6	209	149
5	23	0	10	282	149
14	0	34	16	241	149
40	0	39	4	269	149
39	510	0	71	332	149
2	510	0	71	298	149
128	5	252	3	232	149
0	39	8	369	400	149
191	9	626	0	261	149
364	2	859	11	336	149
148	2	323	11	241	149
0	7	69	29	211	149
5	0	1	8	240	149
200	5	308	0	1436	149
193	0	305	12	1436	149
399	2	663	4	245	149
64	0	253	5	266	149
1577	36	3168	19	268	149
15265	0	30201	14	289	149
30293	0	58953	14	248	149
96	30415	26	59186	307	149
43554	1	79400	10	236	149
319	2	1213	0	199	149
3	0	50	7	253	149
28	68	90	90	368	149
311	14	374	0	411	149
70	14	56	0	242	149
68	3	314	0	246	149
0	5	14	5	254	149
95	14	675	89	224	149
40	9	264	0	224	149
10	55	16	434	231	149
36	0	208	8	212	149
264	23	1255	19	233	149
357	1	1379	6	302	149
313	5	790	0	233	149
20	2	277	7	224	149
16	0	81	13	188	149
4	0	224	2	314	149
153	0	305	6	254	149
3	0	41	27	346	149
3	27	56	613	346	149
3	27	57	613	575	149
33	0	490	10	404	149
46	0	66	8	193	149
0	9	20	25	245	149
15	78	40	167	322	149
7	3	24	0	295	149
94	0	234	4	260	149
749	8	5029	65	295	149
54	2	750	41	325	149
25	0	346	10	240	149
234	2	977	0	265	149
54	3	61	0	1823	149
38	3	43	0	1534	149
6	0	2738	77	332	149
2	1	3181	0	404	149
4	0	2608	46	266	149
171	2	147	12	353	149
0	3	138	3	317	149
321	2	1153	0	272	149
323	6	1003	0	246	149
147	0	816	14	293	149
78	21	619	0	250	149
0	4	15	20	221	149
10	139	81	782	263	149
95	0	1196	4	3315	149
0	1	42	0	223	149
0	1	56	0	191	149
25	6	45	0	547	149
4	41	0	91	200	149
4	41	0	91	292	149
0	5	12	32	310	149
200	30	554	74	290	149
447	30	1296	74	256	149
223	0	657	8	256	149
5	243	0	738	200	149
400	0	818	8	340	149
611	7	1482	0	340	149
905	0	1099	11	235	149
1832	0	1729	2	279	149
9	938	27	1017	744	149
9	938	1	1017	212	149
12	938	28	1017	740	149
4	938	0	1017	245	149
4	938	0	1017	242	149
3	28	0	147	369	149
62	0	340	17	246	149
10	0	223	46	260	149
41	0	192	7	248	149
187	0	384	7	279	149
123	4	429	0	242	149
28	3	116	7	255	149
28	0	105	19	255	149
77	3	273	7	259	149
30	0	120	19	259	149
37	0	82	19	230	149
81	0	250	15	230	149
0	210	82	3505	198	149
23	5	46	23	272	149
12	0	47	20	272	149
0	11	20	31	237	149
42	14	83	7	259	149
26	1	147	0	250	149
43	9	352	0	198	149
0	151	4	389	324	149
179	0	490	10	212	149
9	196	21	483	209	149
114	0	452	15	273	149
224	0	654	15	913	149
185	12	421	112	232	149
121	0	465	16	295	149
101	0	369	6	271	149
0	65	11	351	273	149
124	4	517	0	281	149
41	4	386	24	300	149
69	0	162	14	228	149
552	0	2077	8	281	149
65460	239	5170	0	423	149
87857	2	4613	0	300	149
536	5	120	0	322	149
649	10	240	9	287	149
62	14	142	18	273	149
56	2	122	13	273	149
107	360	236	1560	273	149
61	7	122	37	273	149
2	360	13	1560	257	149
5	71	0	212	231	149
55	3	207	0	275	149
38	3	137	0	677	149
28	0	175	8	204	149
10	8	5	85	324	149
33	0	68	16	290	149
5	74	0	496	193	149
6	74	0	496	200	149
4	74	0	496	215	149
0	5	17	105	188	149
0	5	37	105	193	149
13	1	288	50	308	149
8	0	206	32	266	149
1	0	130	22	282	149
2472	9	2	0	296	149
796	1125	0	11	264	149
2170	13	72	0	318	149
2158	6	72	0	318	149
23	29	53	316	327	149
0	4	61	15	344	149
9	1	27	0	238	149
1109	0	504	18	332	149
18	2	117	0	247	149
16	12	121	10	553	149
12	12	21	10	221	149
12	5	21	13	221	149
148	2	92	8	278	149
6877	0	7188	12	314	149
866	0	1312	38	269	149
1081	8	2010	22	293	149
686	0	1300	41	293	149
975	0	1690	41	664	149
744	17	1648	68	240	149
239	7	591	110	240	149
235	17	491	68	192	149
347	7	937	110	225	149
880	4	1958	0	225	149
70	5	101	0	249	149
167	0	131	3	319	149
118	0	48	3	271	149
19635	2	21572	0	235	149
6910	0	5957	8	235	149
111	12742	112	15616	246	149
4	0	0	8	192	149
3633	13	3935	1	192	149
8388	0	13463	8	229	149
21109	13	29024	1	229	149
2	0	5	8	246	149
6503	13	7599	1	246	149
241	2	487	39	236	149
3	18	110	52	279	149
0	32	8	209	187	149
8	28	15	108	191	149
25	4	29	0	206	149
95	23	121	15	206	149
0	65	11	92	298	149
1	10	0	2	260	149
2	92	0	23	260	149
15	10	34	2	368	149
105	40	18	23	251	149
669	8	3357	103	2075	149
4	35	71	305	248	149
165	45	57	101	191	149
697	45	217	101	195	149
15	244	15	175	370	149
33	2	318	26	232	149
4	9	130	51	229	149
18	0	166	6	308	149
217	18	283	10	226	149
48	18	60	10	220	149
55	2	275	13	315	149
180	20	585	85	288	149
8	82	0	269	229	149
2	7	44	66	344	149
128	0	335	13	249	149
13	125	20	440	255	149
135	5	293	0	249	149
1745	4	1052	0	265	149
0	14	23	52	309	149
0	7	9	0	181	149
18	7	45	0	195	149
4	21	29	98	350	149
1356	4	2592	17	255	149
1147	0	2299	15	280	149
2091	89	2847	128	259	149
751	3	1256	13	259	149
856	89	921	128	224	149
62	3	121	13	224	149
815	3	856	13	375	149
823	3	841	13	224	149
2104	1	2363	0	224	149
5091	4	8128	12	294	149
4	1	12	0	259	149
5	41	17	221	204	149
58	21	164	0	355	149
36	7	68	0	211	149
21	12	120	44	304	149
493	0	757	26	332	149
66	0	292	2	223	149
52	1	172	0	194	149
214	12	155	0	275	149
68	12	79	0	212	149
9	19	90	131	248	149
8	0	93	12	304	149
16	0	87	16	272	149
6	0	208	24	283	149
2	114	36	1345	194	149
163	22	1545	568	194	149
36	8	273	52	194	149
64	8	1020	52	191	149
184	9	1735	23	191	149
70	275	627	1772	242	149
0	12	20	83	246	149
20	2	150	2	262	149
83	145	122	247	278	149
201	8	280	0	223	149
84	370	0	1	249	149
36	370	11	1	234	149
31	31	11	0	234	149
24	7	18	0	234	149
2566	3	2067	0	264	149
2	2445	4	2272	557	149
3	0	15	5	208	149
7	1	49	0	226	149
18	18	104	12	214	149
0	29	6	46	182	149
17	55	25	106	287	149
2	8	15	0	355	149
18	123	14	80	305	149
24	123	5	80	429	149
32	0	1940	3	335	149
280	0	422	14	333	149
597	60	1208	32	287	149
0	82	6	300	185	149
139	130	530	382	264	149
0	2	202	35	218	149
145	268	276	481	158	149
5	113	0	374	170	149
91	0	412	16	340	149
1	12	12	23	388	149
10	1	13	10	253	149
84	1	541	0	194	149
33	3	270	10	194	149
24	3	137	10	229	149
5	0	331	5	310	149
1536	8	1353	4	335	149
985	6	787	0	335	149
272	6	285	0	259	149
802	2	835	0	259	149
1590	15	38	0	213	149
296	4	47	0	328	149
2112	5	142	0	328	149
1316	4	105	0	328	149
469	4	32	0	241	149
1262	5	69	0	241	149
12	0	67	14	274	149
24	0	128	14	261	149
34	116	40	576	313	149
51	39	212	110	584	149
7	39	35	110	261	149
11	4	53	3	195	149
115	0	496	2	356	149
42	1	282	0	248	149
30	1	243	0	219	149
328	0	349	1	308	149
626	0	759	1	270	149
985	8	1290	0	337	149
62	8	47	0	173	149
700	7	580	6	228	149
14	13	84	1	257	149
3	0	48	5	381	149
53	2	302	0	270	149
4	6	0	15	198	149
2	23	0	123	198	149
13	23	19	123	266	149
33	0	165	2	261	149
9	96	1	135	414	149
178	110	806	191	372	149
2	0	53	18	256	149
2	0	56	4	222	149
10	2	14	29	292	149
2	0	2	15	258	149
58	6	625	0	848	149
1493	26	752	59	280	149
870	48	509	27	304	149
9	3	14	35	281	149
452	7	302	14	237	149
25	46	111	95	347	149
78	0	458	12	298	149
3682	0	723	1	339	149
0	193	5	996	254	149
7	0	5	3	217	149
0	9	11	341	188	149
83	3	414	12	291	149
264	0	731	6	244	149
599	0	435	5	382	149
17	4	14	0	188	149
31	4	101	0	248	149
187	0	418	15	269	149
1099	0	2862	15	182	149
61	2	119	0	182	149
389	2	945	0	212	149
1436	1	3700	0	212	149
584	10	1	0	240	149
505	98	1	0	297	149
5	6	30	19	412	149
0	2	25	19	328	149
130	1	323	0	283	149
8	20	157	437	247	149
12	0	113	3	247	149
33	0	767	3	4657	149
47	0	1033	3	334	149
29	6	640	0	334	149
25	8	43	21	225	149
23	8	32	21	220	149
132	42	440	207	193	149
148	6	577	0	314	149
2	84	0	358	272	149
47	3	323	6	223	149
70	2	307	16	247	149
0	44	40	181	241	149
0	44	12	181	259	149
1	0	35	5	250	149
0	7	26	135	250	149
3	6	16	32	299	149
3	6	16	32	369	149
2	15	0	12	226	149
1	4	0	6	226	149
3	13	14	6	271	149
13	0	74	2	386	149
43007	8	72048	22	257	149
43455	90	43344	69	312	149
25007	3	27762	11	312	149
0	38	7	142	296	149
0	310	13	1523	173	149
41	310	77	1523	274	149
0	337	14	2250	189	149
21	4232	17	6266	348	149
6757	21	6947	12	224	149
2	42	36	192	215	149
79	3	332	0	344	149
161	0	248	15	232	149
25	193	31	208	221	149
36	193	117	208	323	149
762	0	650	12	207	149
685	4	689	0	430	149
166	9	297	9	301	149
321	14	637	31	301	149
34	14	52	31	304	149
29	159	56	353	304	149
144	0	318	3	291	149
63	0	247	7	215	149
1	23	49	101	265	149
4	0	49	3	365	149
4	23	67	101	365	149
0	23	3	101	242	149
0	34	2	176	266	149
1	1	91	0	231	149
0	4	28	8	221	149
6	5	118	9	272	149
666	0	2601	8	2972	149
11	0	33	10	212	149
10	0	5	48	344	149
35	2	232	81	500	149
426	0	137	22	197	149
36619	269	47593	540	224	149
43530	3	42092	0	267	149
50	4	116	38	249	149
152	4	304	38	237	149
158	5	545	0	250	149
114	3	209	0	230	149
6	170	104	214	2373	149
468	4	607	0	245	149
151	4	206	0	590	149
3	317	0	401	271	149
89	0	144	4	320	149
37	0	80	4	251	149
514	1	1100	0	274	149
268	1	516	0	274	149
226	1	467	0	296	149
488	14	1091	22	296	149
43	0	508	26	238	149
32	7	348	0	365	149
438	25	2572	135	206	149
37	8	96	0	276	149
33	0	98	7	475	149
33	0	73	7	475	149
1	3	101	7	195	149
6	0	23	36	218	149
5	20	0	50	293	149
5	20	0	50	290	149
19	6	10	21	222	149
21	2	6	0	215	149
17	0	5	6	270	149
37	0	14	10	270	149
13	1	0	13	441	149
4	0	0	3	272	149
17	5	12	0	443	149
140	0	385	17	438	149
148	2	518	91	278	149
288	5	872	33	278	149
146	5	485	33	271	149
426	0	1065	1	280	149
177	10	500	0	280	149
362	10	883	0	312	149
618	4	1477	0	312	149
4	0	33	8	220	149
12	0	64	16	286	149
44	5	200	0	226	149
167	3	16	0	259	149
175	10	16	0	309	149
834	47	2	0	245	149
6	15	95	13	1111	149
107	2	95	0	227	149
22	0	31	20	227	149
5	2	31	0	227	149
52	0	214	14	227	149
3	0	5	20	273	149
307	56	432	202	273	149
69	0	134	36	273	149
482	0	792	36	311	149
676	1	893	5	311	149
396	1	579	5	293	149
24	3	63	0	191	149
15	0	82	19	323	149
9	0	81	4	217	149
1	0	0	4	231	149
295	27256	126	18838	285	149
17	0	146	3	181	149
11	0	42	17	181	149
5	7	83	36	227	149
6	0	19	17	245	149
12	7	156	36	245	149
13	14	56	138	173	149
22	184	104	335	435	149
4	206	16	519	488	149
1	206	0	519	313	149
14	324	5	128	258	149
82	1	114	0	226	149
130	1	157	0	259	149
301	1	510	0	317	149
192	1	272	0	368	149
265	1	471	0	245	149
197	4	355	0	180	149
29	6	84	11	214	149
36	21	195	233	214	149
193	4	502	0	301	149
189	4	602	0	198	149
848	42	2805	125	206	149
43	3	208	36	284	149
72	5	109	0	251	149
46	0	81	5	264	149
5	115	0	367	262	149
4	115	0	367	335	149
197	0	531	11	239	149
0	55	3	183	360	149
4	31	9	305	239	149
68	1	178	0	221	149
32	2	66	0	221	149
25	3	74	0	221	149
19	2	62	0	213	149
55	1	188	0	213	149
2	13	43	95	390	149
1	0	0	11	242	149
0	7	32	0	259	149
157	0	544	17	249	149
100	2	199	0	280	149
13	0	183	17	287	149
8	0	8	21	239	149
2	748	0	198	210	149
1348	0	348	3	288	149
0	43	28	234	256	149
874	0	1159	5	385	149
845	5	1139	0	385	149
15	261	66	277	274	149
20	232	75	257	274	149
3	261	12	277	225	149
0	232	4	257	218	149
0	9	15	0	230	149
122	6	77	6	292	149
7	1091	0	578	173	149
2301	29	1271	39	342	149
53	2	44	35	378	149
12	16	18	14	232	149
7	0	3	8	246	149
137	2	7	0	258	149
106	2	21	0	261	149
86	3	30	0	225	149
42	2	18	16	231	149
14	59	50	229	253	149
121	0	827	16	365	149
49	1	220	0	209	149
55	1	292	0	245	149
30	163	57	285	353	149
2766	18	1688	1	377	149
166	4	505	0	226	149
333	0	856	3	251	149
677	3	1673	24	237	149
101	2	300	1	203	149
177	6	1071	29	256	149
385	0	1981	40	350	149
636	0	2934	40	369	149
13470	3	28723	15	302	149
63	3	167	15	238	149
28651	3	61152	15	281	149
172	3	81	0	257	149
17	0	409	4	283	149
4	0	57	23	263	149
0	744	6	563	271	149
1540	2	1638	0	262	149
455	4	1404	7	244	149
0	252	4	1004	215	149
170	15	564	35	204	149
51	0	111	7	286	149
2	0	82	14	278	149
115	12	196	53	272	149
147	5	239	84	272	149
86	2	358	79	208	149
0	6	34	24	287	149
0	6	17	24	267	149
7	6	0	2	208	149
7	0	160	6	361	149
22	0	10	13	363	149
2	0	10	13	282	149
49	0	634	13	324	149
196	0	2090	12	322	149
694	0	6388	12	231	149
737	3	6485	0	184	149
0	404	14	3993	251	149
501	0	3327	23	195	149
11	386	29	2301	345	149
4	3	61	15	514	149
972	2	5788	10	243	149
1609	2	8295	0	276	149
0	826	3	3722	237	149
224	0	672	9	240	149
72	0	321	3	292	149
124	0	484	3	316	149
55	1	660	6	266	149
5	0	0	60	232	149
13	0	47	18	268	149
44	0	135	12	201	149
4	0	32	5	239	149
5	0	448	10	826	149
0	4	10	93	316	149
8	7	129	0	267	149
1	36	46	289	358	149
1	2	18	10	240	149
34	41	17	254	365	149
3	0	20	18	283	149
3	2	29	0	247	149
11	14	32	31	238	149
0	5	4	0	326	149
7	0	35	11	254	149
21	2	188	0	330	149
6	0	52	18	193	149
182	0	523	7	260	149
334	19	1007	0	326	149
45	2	165	0	218	149
14	31	10	52	232	149
9	0	22	8	289	149
1	571	85	2579	307	149
23	0	97	4	208	149
70	3	198	13	290	149
13	2	0	14	185	149
16	0	14	17	361	149
42	6	34	0	259	149
7	11	45	53	253	149
3	30	0	43	231	149
4	16	11	0	227	149
18	0	30	6	196	149
182	0	553	6	310	149
54	0	137	4	315	149
41	2	121	20	315	149
41	49	125	32	315	149
16	2	98	20	403	149
29	0	127	17	403	149
1	7	12	2	357	149
0	7	19	2	278	149
71	2	49	0	229	149
718	1	18758	10	374	149
25	4	164	0	296	149
2	0	0	10	266	149
5	0	0	10	192	149
6	4	22	9	307	149
8	4	0	9	223	149
16	3	18	0	223	149
33	2	84	0	235	149
50	29	62	7	272	149
15	64	24	43	272	149
56	64	25	43	209	149
22	2	6	36	209	149
182	2	294	36	267	149
173	9	288	0	267	149
422	0	542	25	236	149
3	0	0	12	239	149
8	0	19	16	224	149
10	0	60	16	198	149
21	0	32	15	197	149
500	0	1950	6	334	149
1	0	20	15	197	149
3	1	0	14	227	149
7	9	0	59	227	149
4	9	53	59	270	149
3	1041	40	8473	262	149
6	0	13	6	259	149
92	19	19	19	302	149
6655	1	18870	4	425	149
2483	1	7474	0	425	149
2460	1	5546	0	266	149
6614	1	16993	100	266	149
0	1	4	0	284	149
3349	1	9397	100	284	149
0	4	17	118	279	149
1	4	17	118	225	149
5	0	171	79	226	149
2	0	70	29	226	149
2	59	45	96	387	149
192	4	336	0	247	149
240	0	281	5	198	149
362	6	606	0	245	149
1238	0	1138	8	337	149
1276	13	789	0	255	149
3	0	66	9	223	149
129	0	608	19	352	149
2	0	236	16	259	149
38	0	16	5	219	149
20	0	162	6	237	149
0	3	6	17	271	149
8	0	55	35	440	149
0	10	8	23	430	149
2	0	116	4	241	149
8	0	137	14	230	149
73	4	139	0	309	149
2	4	0	95	267	149
9	4	190	51	292	149
79	19	129	88	306	149
31	570	0	1220	236	149
374	4	599	0	234	149
160	1	19	0	208	149
193	4	113	8	398	149
6	4	16	8	219	149
236	4	99	16	344	149
36	19	86	10	300	149
691	0	3205	10	407	149
0	4	20	59	196	149
36	1	333	0	278	149
1	0	103	3	232	149
2	0	101	3	550	149
45	0	118	3	190	149
716	11	442	5	284	149
175	0	111	16	216	149
568	0	366	16	196	149
16	1	65	0	214	149
977	6	2604	9	240	149
3	5	18	61	332	149
32	4	163	41	386	149
24	205	80	449	386	149
24	0	55	6	270	149
5	205	51	449	270	149
9	1	69	0	270	149
14	205	48	449	306	149
34	1	56	10	306	149
17	17	42	12	306	149
4	273	0	476	269	149
682	4	881	46	314	149
46	2	59	0	280	149
1068	49	817	23	263	149
1009	2	718	0	251	149
0	31	16	101	347	149
77	4	83	78	308	149
147	4	197	78	380	149
75	20	365	0	271	149
20	2	66	70	191	149
19	0	107	13	250	149
120	2	1225	9	551	149
42	3	272	27	294	149
59	0	308	2	252	149
7	7	45	33	200	149
0	9	54	0	197	149
27	5	188	0	234	149
5	20	0	119	268	149
422	3	368	0	199	149
155	0	185	6	199	149
180	0	149	6	272	149
100	2	138	0	195	149
274	2	505	0	199	149
116	2	133	0	223	149
47	291	104	323	382	149
208	6	311	0	207	149
187	0	464	9	260	149
84	6	340	68	224	149
61	0	257	5	224	149
5	0	20	31	190	149
9	4	28	25	215	149
9	5	26	55	215	149
19	4	112	25	223	149
11	0	69	31	223	149
22	5	56	55	223	149
247	9	473	12	2970	149
8	0	86	14	305	149
956	0	1327	37	229	149
772	4	935	0	212	149
1230	26	619	0	311	149
11	9	0	17	226	149
8	16	14	0	222	149
17	16	17	0	248	149
741	4	477	5	232	149
861	7	542	10	307	149
501	9	362	0	252	149
72	92	38	116	293	149
63	92	31	116	253	149
369	2	619	8	368	149
160	7	25	0	229	149
3	0	78	10	300	149
111	0	151	24	219	149
132	0	251	7	223	149
111	0	151	24	223	149
105	0	135	7	191	149
284	21	323	100	191	149
55	2	42	0	191	149
63	21	42	100	216	149
24	0	83	24	272	149
45	2	176	0	272	149
3	0	36	4	199	149
6	7	36	0	199	149
7	119	36	188	199	149
191	119	394	188	675	149
0	119	4	188	205	149
100	1	854	0	320	149
7	28	95	202	341	149
4	28	84	202	362	149
19	0	295	2	241	149
5	11	39	160	173	149
0	10	5	144	262	149
20	10	7	144	210	149
17	0	0	7	210	149
15	0	234	7	223	149
0	4	99	61	293	149
8	20	102	9	198	149
39	10	62	36	203	149
84	30	221	28	242	149
2	4	0	2	274	149
233	0	185	11	241	149
62	5	19	0	221	149
314	84	237	27	286	149
904	1	316	0	220	149
28	6	95	53	338	149
11	2	2	0	223	149
11	4	2	0	239	149
516	14	562	4	219	149
359	0	582	31	181	149
96	13	332	96	253	149
3	22	49	76	386	149
9	55	59	271	386	149
0	55	26	271	198	149
0	6	18	10	202	149
0	85	14	67	243	149
29	6	156	0	319	149
1781	18	7535	39	245	149
367	7	2381	8	292	149
1305	7	8792	8	229	149
940	8	6961	0	244	149
1007	5	6864	0	234	149
804	0	5525	11	193	149
103	22	120	13	221	149
570	22	517	13	425	149
86	0	150	7	294	149
35	233	109	247	677	149
50	5	29	10	425	149
57	2	29	0	437	149
15	0	147	6	260	149
4	65	0	65	670	149
393	0	721	4	318	149
45	10	578	0	183	149
3	0	22	6	239	149
4	2	0	17	239	149
27	4	66	4	323	149
14	0	11	10	220	149
10	2	70	0	251	149
19	0	139	15	211	149
413	5	503	4	345	149
0	2	10	109	261	149
0	16	20	40	261	149
6	1	30	26	195	149
5	16	127	40	195	149
3	0	18	10	195	149
27	0	210	5	283	149
34	9	36	46	281	149
13	8	60	0	308	149
38	1	156	17	293	149
32	1	155	9	283	149
9	0	46	16	280	149
11	0	43	16	270	149
232	7	408	0	307	149
105	10	161	11	251	149
73	5	65	0	251	149
55	5	23	0	256	149
82	5	115	7	256	149
40	5	19	0	358	149
49	5	65	7	358	149
119	6	231	3	219	149
32	72	46	127	248	149
21	72	13	127	204	149
158	2796	28	6693	316	149
182	2796	14	6693	285	149
28	0	42	20	346	149
93	30	57	58	193	149
779	30	388	58	634	149
657	6	268	0	293	149
257	3	221	0	284	149
373	1	693	0	819	149
30	27	64	47	432	149
25	27	36	47	317	149
0	893	128	2203	481	149
48	1588	48	1268	316	149
189	1588	409	1268	3627	149
2192	1	1465	0	320	149
6	31	0	34	188	149
167	2	98	0	319	149
145	80	0	27	204	149
66	80	0	27	200	149
945	3	22	0	256	149
1087	4	78	0	269	149
2191	31	143	10	413	149
840	103	30	1	253	149
0	83	10	356	228	149
93	0	420	16	241	149
55	2	124	14	241	149
70	0	180	19	235	149
30	0	37	55	235	149
93	2	264	20	756	149
56	2	190	20	276	149
13	56	0	222	228	149
147	8	108	24	314	149
6	60	0	126	343	149
179	882	0	107	263	149
57	8	117	21	430	149
13	3	61	10	232	149
9	0	845	13	330	149
57	4	33	10	240	149
51	4	202	10	300	149
36	7	20	0	294	149
90	0	214	22	236	149
8	0	77	3	224	149
52	0	220	3	190	149
6	0	44	113	209	149
4	2	134	47	228	149
383	7	709	0	295	149
19	0	43	5	344	149
151	0	186	4	289	149
113	2	258	0	309	149
36	0	125	7	232	149
11	1	69	39	252	149
3	0	79	6	356	149
94	0	131	14	237	149
6	47	23	62	250	149
388	4	590	0	317	149
12	0	298	3	257	149
0	10	6	82	247	149
41	0	103	8	650	149
35	0	74	21	290	149
19	0	23	22	252	149
8	7	20	0	199	149
37	0	6	22	318	149
0	20	5	0	361	149
0	6	8	0	197	149
9	656	33	718	257	149
2	656	10	718	243	149
14	7	4	0	476	149
13	940	56	1061	247	149
1629	4	1480	0	280	149
6	3	72	0	259	149
54	21	497	117	260	149
71	0	352	7	532	149
269	0	309	1	308	149
221	18327	231	29273	270	149
145	6	119	29	187	149
2	102	0	55	395	149
2	0	1643	18	289	149
1	25	80	195	181	149
35	0	344	10	249	149
19	0	160	8	223	149
4	23	64	200	182	149
16	0	191	25	208	149
4	0	522	10	476	149
2	6	0	10	275	149
108	0	571	13	326	149
0	3	80	93	674	149
0	3	89	93	711	149
0	3	60	93	439	149
6	3	207	93	285	149
6	3	228	93	322	149
0	4	74	51	294	149
3	30	0	53	1200	149
0	56	12	272	260	149
0	2	18	0	732	149
0	2	18	0	240	149
0	1	29	4	265	149
172	8	462	23	2261	149
4	0	673	47	287	149
10	3	235	24	222	149
0	56	18	447	317	149
15	56	15	447	317	149
139	138	219	420	334	149
33	138	109	420	207	149
176	4	166	10	318	149
201	4	247	10	321	149
1	29	15	203	250	149
0	2	35	31	301	149
8	2	38	31	235	149
8	0	16	16	284	149
6	3	71	0	203	149
8	0	36	8	266	149
174	5	94	0	199	149
247	40	137	5	201	149
178	4	182	0	232	149
507	7	575	7	331	149
267	1	258	0	331	149
126	1	164	0	264	149
357	2	474	4	264	149
286	0	517	1	301	149
39	0	1113	71	268	149
26	0	442	40	264	149
5	4	11	10	364	149
6	2	51	5	244	149
1588	4	999	0	313	149
32	31	190	147	208	149
122	2	647	80	333	149
292	2	2066	80	221	149
125	0	1297	16	277	149
208	27	457	38	260	149
43	0	31	19	193	149
17	0	41	19	272	149
129	5	341	0	270	149
773	41	3124	73	199	149
299	11	1237	0	213	149
4	655	25	2699	190	149
402	10	202	2	329	149
400	10	188	2	343	149
790	10	274	2	550	149
12	7	15	3	319	149
19	44	15	20	319	149
19	43	40	5	319	149
12	44	3	20	277	149
4	5	79	0	344	149
333	0	158	14	296	149
107	7	144	0	401	149
52	10	51	0	291	149
68	11	84	28	233	149
53	3	76	6	267	149
24	23	13	61	304	149
0	5	10	86	447	149
26	0	22	26	293	149
5	0	36	8	213	149
547	2	584	0	246	149
234	6	510	0	367	149
461	1	523	0	242	149
159	0	272	14	329	149
205	7	505	0	220	149
0	69	8	127	267	149
10	69	15	127	239	149
26	0	54	6	190	149
418	0	244	10	806	149
3788	16	5	0	335	149
7169	30	2	0	304	149
49	0	199	4	269	149
22	0	22	10	303	149
0	22	26	18	248	149
185	1	148	0	296	149
1	96	6	120	328	149
8	404	64	404	309	149
550	0	756	28	335	149
1335	0	2142	28	700	149
317	0	730	28	262	149
21	0	35	16	300	149
13	18	15	46	294	149
256	12	1137	27	871	149
0	2	46	4	352	149
16	2	57	4	308	149
0	2	15	0	308	149
13	3	85	14	308	149
2	3	0	14	242	149
16	4	223	0	334	149
20	20	132	57	233	149
10	0	85	10	267	149
13	6	207	14	267	149
28	3	168	0	1415	149
18	3	93	0	250	149
24	3	89	0	217	149
450	2	1158	3	175	149
125	6	318	12	175	149
122	6	318	29	175	149
313	6	465	12	239	149
6	6	3	29	239	149
652	11	1303	0	239	149
207	0	618	8	239	149
211	8	618	0	239	149
829	6	866	29	238	149
834	8	854	0	238	149
1262	4	1512	0	238	149
628	8	671	0	211	149
628	4	663	0	211	149
17	1073	94	1178	225	149
2	94	6	187	191	149
7	68	142	285	189	149
12	0	283	8	167	149
18	0	642	5	254	149
45	0	1041	7	230	149
4	0	36	6	217	149
75	9	237	0	228	149
229	16	363	23	226	149
164	9	226	0	225	149
548	23	1387	22	267	149
28	5	29	63	199	149
58	10	49	0	226	149
6	1	18	0	273	149
79	5	484	19	237	149
152	0	618	2	308	149
27	1	42	0	231	149
111	1	266	0	192	149
0	88	32	180	284	149
0	5	39	13	431	149
91	8	262	0	264	149
53	4	232	0	281	149
0	15	4	122	215	149
125	0	446	4	347	149
0	2	45	0	265	149
2	0	3	12	247	149
6	0	27	14	227	149
362	8	2717	16	407	149
219	9	1067	0	170	149
1	4	78	42	220	149
0	4	42	42	355	149
1	4	62	42	197	149
0	4	42	42	332	149
1	49	0	119	507	149
2	11	243	12	172	149
0	6	4	5	170	149
168	0	748	4	404	149
2	25	14	30	445	149
24	0	106	20	290	149
43	21	161	64	1072	149
0	28	13	120	251	149
8	64	10	102	247	149
0	6	8	10	317	149
0	15	6	105	251	149
22	0	110	6	284	149
50	4	236	0	321	149
2	4	10	0	268	149
3	0	0	12	268	149
3	0	0	12	210	149
33	4	105	41	373	149
0	14	1	73	180	149
2	5	8	54	265	149
30	2	239	0	230	149
70	0	279	14	277	149
125	4	444	5	249	149
37	4	72	5	189	149
5	0	30	8	369	149
3	0	48	35	275	149
4	0	99	14	191	149
192	0	478	10	242	149
10	4	580	30	332	149
0	21	14	386	277	149
0	25	12	168	312	149
58	7	724	0	370	149
95	4	318	0	290	149
9	0	16	30	266	149
0	59	43	299	268	149
12	5	18	13	210	149
40	5	218	13	253	149
3	5	5	13	176	149
6	19	0	140	223	149
12	19	0	140	226	149
8	19	13	140	215	149
102	5	104	0	240	149
223	7	43	0	284	149
237	0	118	25	563	149
132	0	21	25	277	149
77	0	2190	35	342	149
134	0	3367	159	342	149
0	67	25	241	270	149
156	6	498	0	366	149
224	8	946	0	374	149
360	8	124	11	297	149
574	4	404	18	339	149
687	23	1251	11	1385	149
17	0	36	21	330	149
12	0	36	10	330	149
12	0	56	44	330	149
12	0	37	21	371	149
12	0	37	10	371	149
12	0	37	44	371	149
5	0	0	20	261	149
6	0	47	10	344	149
3	0	45	44	344	149
6	0	47	8	344	149
3	0	45	15	344	149
3	0	45	10	344	149
3	0	42	23	243	149
0	7	31	55	251	149
20	159	37	988	534	149
18	0	6	17	295	149
18	159	6	988	295	149
0	10	5	147	304	149
0	159	22	988	304	149
0	20	5	37	304	149
64	2	290	0	270	149
1	28	20	158	223	149
33	4	195	41	191	149
81	14	507	41	239	149
8	0	69	1	167	149
2	7	110	8	230	149
46	1	86	0	242	149
37	3	226	12	234	149
22	2	171	14	254	149
78	24	150	8	246	149
3	30	0	291	253	149
3	30	0	291	330	149
250	4	401	0	234	149
170	0	252	5	254	149
335	0	512	4	254	149
8	254	0	912	329	149
638	0	2300	8	306	149
1284	3	2396	14	239	149
21	0	1195	78	345	149
4	0	1024	25	343	149
164	0	884	7	335	149
88	0	595	18	240	149
20	2	503	0	332	149
5	2	214	0	213	149
193	11	197	0	284	149
6	0	11	11	1021	149
12	0	104	5	413	149
4	0	0	5	208	149
98	24	778	95	616	149
17	24	153	95	261	149
52	18	553	57	250	149
22	18	163	57	287	149
80	5	388	9	324	149
7	0	10	40	229	149
2	0	42	12	229	149
9	0	7	86	229	149
0	4	42	182	271	149
156	21	219	23	262	149
9	0	175	6	191	149
15	0	55	10	222	149
14	4	48	18	167	149
68	0	226	24	289	149
0	49	25	167	289	149
89	0	330	18	300	149
55	0	196	18	438	149
615	6	208	0	297	149
190	0	555	22	246	149
31	1	157	0	245	149
2205	6	2038	7	248	149
761	0	1498	10	286	149
276	7	840	3	224	149
577	7	1709	3	227	149
19	26	3	43	361	149
102	10	42	0	329	149
102	10	42	0	329	149
290	1	52	0	293	149
290	10	52	0	293	149
290	10	52	0	293	149
290	10	52	0	290	149
34	290	0	52	183	149
10	290	0	52	180	149
2	603	0	194	527	149
133	4	107	0	299	149
62	0	350	4	279	149
4	9	25	35	352	149
82	19	298	43	259	149
112	11	378	65	181	149
1029	3188	4669	10551	341	149
742	0	2746	11	341	149
5678	12	26209	0	229	149
0	290	9	0	197	149
0	26	20	46	248	149
0	4	20	4	248	149
47	4	53	4	303	149
392	6	260	0	325	149
1099	0	961	10	220	149
3737	0	2871	10	216	149
1414	0	1201	10	2848	149
10	2454	6	1941	288	149
1211	32	859	0	213	149
2701	32	2631	0	477	149
3368	0	3498	18	304	149
0	5	6	229	206	149
4	0	84	79	188	149
0	3	14	119	323	149
0	3	18	119	261	149
0	4	16	61	226	149
0	4	30	61	223	149
74	1	177	0	285	149
1	0	42	26	187	149
17	0	200	26	291	149
11	0	140	26	303	149
5	65	0	90	249	149
4	65	0	90	211	149
44	0	232	10	161	149
34	25	132	9	280	149
0	20	19	90	233	149
18	27	10	50	339	149
1	3	101	95	353	149
8	0	86	11	353	149
2	3	161	95	458	149
3	3	23	95	306	149
272	6	952	0	260	149
55	202	49	734	315	149
271	5	1110	0	248	149
26	0	121	18	234	149
4	2	48	26	234	149
38	2	131	26	280	149
60	4	186	0	280	149
22	0	92	14	228	149
2	64	0	87	326	149
165	5	243	0	215	149
17	28	53	29	333	149
13	6	5	0	237	149
10	17	4	107	243	149
9	14	0	11	243	149
40	14	175	11	283	149
31	7	72	0	283	149
2	7	26	0	176	149
65	0	145	12	335	149
18	0	31	12	204	149
47	25	455	50	224	149
43	7	62	6	375	149
14	0	62	8	240	149
8	0	172	8	194	149
6	0	61	41	197	149
9	62	0	67	352	149
103	0	99	8	333	149
170	1	127	0	261	149
379	1	128	12	317	149
19	35	51	51	475	149
8	35	88	51	431	149
975	4	1822	0	187	149
223	23	210	64	187	149
1015	23	1791	64	267	149
0	1378	8	2604	203	149
0	1378	18	2604	185	149
2	0	32	22	238	149
10	0	3	2	238	149
16	12	37	91	238	149
0	12	2	91	217	149
1086	0	841	13	308	149
5	4	59	0	369	149
14	0	64	10	245	149
9	3	67	0	248	149
17	3	20	0	291	149
1820	275	1542	586	353	149
2119	275	1802	586	343	149
347	275	216	586	180	149
1633	2	1451	6	192	149
10	2	18	0	622	149
15	302	0	639	255	149
1548	0	1502	19	248	149
10	0	70	27	297	149
0	13	35	134	390	149
15	2	91	0	237	149
5	42	0	69	236	149
118	0	108	7	263	149
0	94	6	117	363	149
120	28	128	33	253	149
288	28	267	33	250	149
14	42	4	96	328	149
12	0	0	5	328	149
91	1	214	10	265	149
866	4	745	0	238	149
51	3	89	0	261	149
26	2	112	0	302	149
14	0	104	14	302	149
6	12	45	8	279	149
18	0	47	14	296	149
19	3	145	31	253	149
56	3	255	31	256	149
3	105	7	282	207	149
382	3	1011	15	233	149
11	7	40	45	213	149
2915	31	40	1	280	149
2442	5	40	0	280	149
9113	5	134	0	569	149
5351	4	49	0	318	149
4905	5	50	0	318	149
5004	33	59	0	264	149
4724	2	174	0	297	149
25664	8	25299	28	359	149
10196	81	8749	228	278	149
16	0	82	13	350	149
1	0	46	7	196	149
12	0	50	27	253	149
8	0	149	65	223	149
48	28	394	76	210	149
170	0	732	9	310	149
6	50	0	279	219	149
181	25	759	96	234	149
123	5	351	43	241	149
713	4	1016	0	221	149
16	7	0	47	202	149
2	39	0	74	256	149
58	0	422	7	296	149
2	4	6	0	285	149
16	2	0	58	350	149
12	8	77	0	212	149
29	0	187	20	329	149
243	6	201	0	277	149
710	7	1162	0	293	149
423	7	706	0	287	149
28	1	32	3	208	149
76	4	49	0	485	149
46	4	10	0	382	149
0	112	3	130	319	149
0	1	57	0	241	149
1521	268	2316	620	314	149
148	0	671	8	243	149
66	3	144	0	208	149
137	4	312	12	232	149
479	0	900	9	249	149
599	0	976	23	278	149
30	0	185	14	289	149
132	0	399	7	312	149
170	0	521	1	293	149
0	39	78	458	205	149
0	4	62	20	304	149
0	39	36	458	304	149
4	39	62	458	402	149
48	10	415	80	203	149
10	167	37	252	320	149
15	167	51	252	393	149
6	167	44	252	230	149
239	6	426	0	839	149
348	6	504	0	321	149
37	3	267	5	272	149
202	8	411	0	278	149
0	7	50	0	223	149
40	101	43	122	326	149
7	3	128	1	213	149
8	146	0	72	310	149
1364	0	2265	6	378	149
1408	1	2429	11	378	149
0	6	27	26	185	149
0	4	3	0	185	149
2	51	11	180	185	149
6	7	0	16	208	149
6	51	26	180	208	149
0	2	24	20	208	149
386	0	1739	3	314	149
424	6	2168	0	290	149
4	86	299	1183	242	149
215	0	2595	3	348	149
241	0	2984	66	536	149
0	62	11	1020	261	149
50	0	517	11	328	149
103	2	57	0	272	149
1048	4	1721	16	260	149
448	0	1134	10	824	149
32	251	136	1365	456	149
3	5	13	85	200	149
0	7	24	42	221	149
19264	4	4	0	378	149
1150	2	3	0	255	149
260	13	752	48	196	149
0	9	32	26	193	149
6	6	16	0	193	149
554	0	4508	11	325	149
652	0	828	5	296	149
343	1	729	0	283	149
0	163	18	516	236	149
9	6	0	15	193	149
20	0	125	4	233	149
68	0	104	8	279	149
1	6	0	33	257	149
61	6	143	0	179	149
16	6	21	0	195	149
3	46	0	122	296	149
0	4	3	0	194	149
1	3	3	4	302	149
13	20	33	60	257	149
56	2	362	0	279	149
20	6	291	25	217	149
2691	4	4051	0	270	149
25	2	23	0	172	149
3	2	54	0	321	149
11	2	85	0	356	149
100	2	462	0	419	149
174	4	789	1	212	149
42	2	183	0	212	149
127	4	700	14	212	149
42	4	183	1	291	149
119	2	497	0	230	149
439	2	841	0	319	149
438	2	845	0	364	149
1077	15	1220	0	302	149
252	4	975	0	181	149
312	0	809	2	220	149
8	14	0	39	175	149
16	14	0	39	172	149
19	2	52	40	467	149
40	2	62	40	281	149
0	11	13	43	313	149
18	0	49	12	296	149
1334	6	3157	0	281	149
833	18	1766	41	281	149
820	1	1751	0	281	149
261	18	933	41	245	149
765	13	2340	15	245	149
130	1	741	0	245	149
69	0	705	18	222	149
5	1	86	0	251	149
0	1	73	0	254	149
14	0	163	2	350	149
9	0	28	14	254	149
2	0	32	6	254	149
4	0	14	6	210	149
11	0	7	13	210	149
34	5	41	4	354	149
223	1	598	0	342	149
64	2	279	20	386	149
35	10	321	14	319	149
0	5	20	72	274	149
5	15	47	117	199	149
0	2	3	0	318	149
0	4	69	0	249	149
0	44	5	123	203	149
367	3	1079	47	302	149
679	3	1790	47	308	149
332	2	669	14	259	149
59	2	97	6	284	149
23	22	19	6	199	149
7	0	20	20	243	149
2	0	23	20	323	149
10	0	46	5	323	149
65	72	552	303	258	149
170	0	423	14	325	149
141	0	415	14	321	149
0	4	181	0	250	149
520	4	754	34	341	149
293	0	524	3	249	149
2	76	0	239	258	149
4	76	15	239	287	149
12	76	15	239	237	149
10	840	0	667	227	149
420	5	180	0	214	149
173	0	182	39	225	149
183	2	316	0	267	149
222	12	84	0	331	149
93	1	20	11	331	149
259	1	192	0	300	149
6	15	0	34	249	149
11	15	0	34	202	149
3	0	76	18	334	149
0	6	21	15	212	149
12	6	140	10	352	149
1311	2	4861	0	267	149
912	6	3821	5	211	149
11	713	50	2901	245	149
1	30	19	174	261	149
5	30	12	174	203	149
0	48	26	141	267	149
94	0	436	9	346	149
18	4	75	86	236	149
26	142	64	1455	409	149
58	0	482	4	870	149
6	2	0	14	203	149
63	4	257	46	223	149
19	0	165	26	223	149
25	0	82	64	226	149
2247	1	1363	0	307	149
2	1391	10	825	215	149
115	2	224	2	253	149
13	1	103	28	270	149
13	1	231	28	274	149
21	16	3	10	259	149
62	7	257	0	254	149
7	2	12	22	222	149
32	0	192	4	686	149
375	1211	360	1248	277	149
2227	5	2157	22	239	149
3293	2	2647	0	269	149
5845	61	2509	132	349	149
20404	139	388	0	282	149
4134	2	226	0	282	149
0	18	48	157	202	149
9	2	132	8	327	149
12	2	151	8	290	149
17	2	151	0	294	149
7	2	84	0	259	149
24	0	181	7	259	149
17	0	230	17	503	149
0	3	21	114	231	149
2384	5	1364	0	239	149
1071	0	610	19	239	149
10	17	0	28	301	149
133	7	461	33	312	149
395	0	543	7	359	149
0	1	4	49	268	149
1	0	95	11	244	149
0	1	1	55	242	149
7	8	48	364	334	149
33	30	116	0	284	149
7	1	72	0	297	149
26	0	86	14	251	149
16	0	152	15	161	149
0	7	4	105	344	149
50	0	118	8	216	149
83	1	294	5	281	149
120	23	140	0	207	149
42	4	39	0	222	149
292	2	274	0	342	149
130	1	117	0	342	149
482	15	363	20	283	149
113	2	206	0	229	149
90	0	139	1	239	149
106	0	141	1	252	149
6	0	0	6	266	149
32	1	12	0	320	149
70	0	121	12	249	149
2	1	34	26	215	149
8	0	48	7	328	149
52	2	170	0	284	149
2	7	21	20	263	149
14	147	35	151	422	149
87	0	1760	10	304	149
7	0	543	18	228	149
185	15	261	26	253	149
46	4	55	0	189	149
81	5	135	15	258	149
1	56	0	137	544	149
102	1	354	29	307	149
2	0	282	6	323	149
235	6	382	0	232	149
28	381	28	1385	241	149
321	0	724	11	401	149
40	0	729	4	352	149
19	151	16	227	212	149
7	25	40	169	194	149
0	13	46	47	322	149
0	15	42	210	322	149
23	15	108	210	351	149
10	0	69	4	351	149
1	0	57	32	229	149
1	0	52	7	237	149
0	1	62	105	191	149
14	0	48	5	287	149
0	6	56	77	197	149
56	2	201	28	245	149
30	5	663	8	257	149
0	3	4	58	242	149
0	19	1	94	254	149
5379	58	108	0	243	149
2	0	0	36	302	149
8	3	0	19	186	149
25	0	58	11	270	149
5	0	86	10	262	149
377	0	468	10	274	149
1139	4	800	0	345	149
366	2	437	15	270	149
212	2	263	15	220	149
215	0	360	6	233	149
65	19	35	6	248	149
11	3	30	14	350	149
12	3	56	14	353	149
0	15	13	112	197	149
6	15	30	112	271	149
0	5	7	11	323	149
221	6	719	3	169	149
26	6	81	3	266	149
12	0	158	8	248	149
28	0	115	4	221	149
3192	1	349	0	260	149
9	0	12	4	237	149
296	2	594	0	204	149
5804	5	5226	0	223	149
25040	5	28919	0	280	149
10451	20	20564	33	411	149
24650	20	39491	33	295	149
56	8	1	0	208	149
266	2	1774	18	262	149
2522	12	3132	0	250	149
3293	4	3718	0	263	149
4	73	0	167	245	149
50	26	140	51	230	149
1199	3	387	0	242	149
1113	2	374	5	222	149
75	10	193	0	260	149
146	0	299	27	241	149
219	9	393	0	233	149
67	200	65	211	343	149
44	200	31	211	251	149
20	613	8	761	244	149
43	8	98	3	233	149
71	8	227	3	327	149
3	3	4	16	312	149
78	0	315	2	380	149
0	1	31	0	253	149
30	0	159	36	259	149
14	0	145	34	254	149
8	223	0	473	206	149
8	223	54	473	241	149
2	0	97	5	739	149
88	5	640	17	192	149
211	0	1076	4	314	149
9	108	51	361	439	149
188	4	841	0	278	149
93	4	358	0	346	149
47	1	170	17	233	149
0	25	13	73	245	149
158	5	109	0	223	149
2	19	0	20	233	149
1	9	0	62	233	149
14	0	336	24	653	149
6	4	162	1	293	149
3	0	149	26	282	149
13	40	28	125	365	149
15	57	28	52	203	149
0	82	8	23	170	149
109	8	248	35	372	149
27	1	129	0	259	149
6	29	0	133	227	149
3	15	0	105	202	149
33	0	218	24	240	149
4	12	29	65	256	149
40	0	84	16	217	149
5	0	68	7	515	149
5	0	59	7	487	149
7	0	55	7	293	149
8	8	38	88	469	149
22	2	175	13	383	149
299	2	856	0	218	149
342	0	1013	5	262	149
144	2	166	0	239	149
262	8	181	15	239	149
13	2	6	0	257	149
12	34	6	41	257	149
12	152	6	56	257	149
2	34	0	41	257	149
2	152	0	56	257	149
71	8	108	15	278	149
103	152	149	56	278	149
5	168	0	127	242	149
0	16	19	171	201	149
17	3	28	0	216	149
4	0	78	6	399	149
284	0	2690	5	210	149
116	2	1229	0	210	149
217	2	1715	0	314	149
72	2	536	0	192	149
75	0	948	14	311	149
14	5	196	0	215	149
25	1	187	0	313	149
63	2	20	0	242	149
76	1	152	12	285	149
447	0	414	5	214	149
385	23	490	15	297	149
181	6	103	0	216	149
494	2	433	0	347	149
280	2	233	0	374	149
23	20	15	0	383	149
6	18	0	39	388	149
6	18	0	39	411	149
6	8	0	45	411	149
6	8	0	45	415	149
17	8	46	45	271	149
13	0	26	24	271	149
27	8	56	45	304	149
320	0	503	23	223	149
20	65	2	20	326	149
162	0	125	4	256	149
3	0	204	15	358	149
72	0	59	29	254	149
2	0	142	20	275	149
3	419	6	552	200	149
317	41	1021	201	318	149
160	3	499	0	318	149
307	3	1138	0	1173	149
38	3	143	0	254	149
134	3	570	0	260	149
42	0	297	22	278	149
4	1	6	10	261	149
8	0	0	14	268	149
22	0	76	15	469	149
15	350	31	239	315	149
490	7	392	0	249	149
278	0	326	15	209	149
209	2	254	0	266	149
136	4	171	5	421	149
162	4	189	5	427	149
62	6	32	0	225	149
74	4	419	23	276	149
151	0	146	8	193	149
184	20	92	0	294	149
25	0	369	4	295	149
12	0	161	11	495	149
11	1	121	0	258	149
11	1	148	0	303	149
13	2	65	0	305	149
69	0	747	13	219	149
61	0	689	7	193	149
46	0	60	8	254	149
336	0	945	5	385	149
3	63	82	177	243	149
7	3	33	28	258	149
6	63	67	177	281	149
6	63	105	177	314	149
3	58	16	285	267	149
7	1	71	48	236	149
0	3	51	100	302	149
0	3	23	26	271	149
3	0	101	17	835	149
16	0	121	9	181	149
4	0	0	10	206	149
2	0	0	10	182	149
116	495	59	999	256	149
343	402	1099	1014	296	149
322	0	1202	5	311	149
325	2	1241	0	311	149
418	2	2333	8	318	149
381	5	1555	47	318	149
19	2	89	0	206	149
21	5	92	47	206	149
120	64	984	126	206	149
11	0	139	5	232	149
17	0	451	5	179	149
83	0	1742	18	275	149
120	0	2375	18	263	149
233	0	5123	18	251	149
114	0	2679	18	331	149
26	0	75	6	221	149
5642	6	31	0	256	149
2058	9	24	0	314	149
1421	1	20	0	314	149
24	109	0	8	359	149
221	13	8	0	293	149
74	12	126	20	260	149
79	30	147	38	183	149
33	211	36	619	207	149
238	0	470	7	195	149
0	1	4	45	303	149
33	4	217	0	328	149
68	6	96	0	440	149
67	4	96	0	440	149
2	35	0	15	303	149
0	35	29	15	237	149
28	3	14	0	279	149
1371	5	46	1	344	149
20	136	80	140	302	149
9	3	35	11	229	149
0	8	40	0	401	149
1101	3	905	0	266	149
42	1	8	0	348	149
4	32	16	4	176	149
92	2	57	0	213	149
65	33	51	1	302	149
8	26	6	50	216	149
372	5	1375	12	226	149
0	6	12	135	240	149
27	2	183	0	268	149
10	0	29	9	197	149
12	859	71	2222	197	149
23	7	268	13	231	149
13	4	21	0	237	149
7	4	55	1	173	149
892	2	1998	0	233	149
1148	2	1964	0	824	149
1	472	8	1356	194	149
1	32	8	63	194	149
52	63	4	39	276	149
719	5	117	9	349	149
717	5	149	0	222	149
1	0	199	9	315	149
3	0	190	34	246	149
54	11	374	64	241	149
6	269	4	326	339	149
5	269	11	326	413	149
1298	1	884	0	1444	149
589	91	248	109	367	149
894	91	497	109	348	149
1390	1	703	0	219	149
441	1	202	0	196	149
0	3	16	34	239	149
2	59	31	312	488	149
87	1	449	28	325	149
193	0	742	3	296	149
2170	18	2	0	333	149
6834	30	1	0	340	149
45	4	185	19	225	149
13	4	116	19	203	149
17	1	21	0	176	149
12	6	12	7	578	149
15	213	2	642	312	149
5	0	108	5	281	149
14	0	151	5	258	149
5	0	104	5	253	149
219	3	72	0	245	149
317	2	64	0	281	149
194	4	20	9	207	149
75	4	55	6	276	149
37	12	192	0	261	149
4	2	38	0	203	149
3	0	0	4	203	149
5	0	10	4	287	149
10	0	0	17	187	149
0	5	60	6	224	149
151	1	322	0	235	149
0	102	21	296	246	149
10	102	33	296	322	149
10	0	35	14	322	149
2	286	76	517	425	149
0	51	16	288	293	149
29	457	77	1224	215	149
45	0	179	38	215	149
724	0	1853	38	230	149
283	23	642	108	230	149
0	89	29	187	372	149
178	6	413	0	292	149
49	0	233	7	314	149
34	0	199	40	368	149
0	15	4	74	319	149
0	24	14	101	361	149
4	13	0	47	248	149
0	2	3	110	227	149
4	5	0	57	338	149
29	5	206	57	322	149
71	0	326	13	612	149
440	0	335	7	207	149
4726	18	5691	0	314	149
4866	63	6210	256	266	149
11	3	135	0	369	149
2	123	58	227	300	149
34	0	332	52	262	149
65	4	317	6	257	149
0	27	5	99	296	149
29	122	32	163	544	149
44	5	49	32	191	149
10	5	14	2	191	149
44	5	58	32	196	149
28	5	53	2	196	149
10	5	15	32	182	149
8	28	22	85	255	149
65	0	117	20	364	149
80	4	124	0	364	149
6	59	0	83	339	149
56	0	76	22	261	149
49	0	54	22	301	149
111	2	70	0	265	149
4	76	0	40	250	149
985	4	126	4	297	149
48	489	0	87	221	149
449	10	70	0	270	149
909	11	118	0	244	149
2	697	4	100	242	149
597	12	99	27	316	149
12	48	52	53	483	149
34	48	106	53	517	149
10	54	15	15	200	149
19	64	23	173	200	149
148	13	287	68	280	149
133	22	140	44	280	149
9	13	0	68	216	149
51	85	54	130	216	149
191	14	97	0	231	149
128	8	233	10	202	149
257	14	707	24	202	149
5	8	8	0	202	149
954	14	816	0	268	149
3	65	6	60	321	149
0	65	10	60	247	149
3	0	10	6	247	149
2	18	14	24	223	149
30	2	406	0	256	149
370	7	1519	34	275	149
6	72	0	7	222	149
9	0	0	14	363	149
9	1	0	4	363	149
18	0	49	13	363	149
1	0	0	13	262	149
6	223	17	183	379	149
115	0	692	8	319	149
36	0	27	5	247	149
189	0	777	6	342	149
0	188	22	507	173	149
36	5	121	0	250	149
3	22	44	95	243	149
11	12	0	23	208	149
96	12	209	23	235	149
462	7	131	0	318	149
76	40	82	9	3448	149
48	29	9	15	302	149
5	2	69	0	256	149
0	201	42	685	419	149
292	6	505	5	283	149
18552	2	34412	0	256	149
23096	2	34446	1	281	149
14	92	24	155	239	149
28	8	283	0	275	149
15	8	133	0	323	149
364	8	223	49	217	149
291	12	411	0	286	149
25	0	185	8	204	149
0	9	16	191	246	149
22	0	85	39	220	149
32	0	254	3	275	149
63	9	231	0	275	149
62	7	238	0	217	149
167	12	315	8	223	149
842	1	155	0	212	149
455	7	76	7	212	149
0	6	5	58	274	149
12	0	137	56	358	149
11	206	7	501	198	149
9	78	7	305	220	149
44	23	154	93	305	149
26	6	149	66	314	149
6	10	10	139	262	149
6	10	0	139	266	149
0	10	8	139	393	149
4	1	99	0	190	149
0	27	15	123	267	149
5	0	0	3	256	149
0	1	13	23	215	149
8	1	13	23	212	149
11	2	186	0	286	149
0	4	19	28	322	149
57	9	73	30	224	149
53	0	1064	5	330	149
2	0	150	9	324	149
36	0	517	57	212	149
67	0	219	14	218	149
19086	56	2	0	220	149
12179	39	2	0	234	149
26230	555	4	0	234	149
26296	7	5	0	219	149
34820	2	8	0	245	149
280	15	389	17	321	149
404	2	288	0	303	149
0	6	16	0	366	149
20	3	52	0	266	149
7	0	33	4	238	149
11	6	141	7	217	149
1	0	176	10	271	149
19	63	21	121	521	149
5	63	0	121	179	149
50	10	89	14	245	149
2	0	15	12	227	149
3136	17	59	0	283	149
1115	11	47	0	206	149
20	1537	155	3565	302	149
3	0	7	7	223	149
3	30	0	68	223	149
0	8	24	21	461	149
6	8	0	21	247	149
360	1	2714	0	316	149
12	812	154	1924	206	149
3143	5	5979	0	309	149
1	0	22	2	361	149
51	0	91	7	279	149
17	13	0	34	264	149
479	2	290	0	215	149
549	3	389	8	244	149
0	2	3	0	235	149
196	147	1009	299	233	149
62	13	425	58	233	149
248	13	377	58	207	149
243	2	666	15	207	149
191	8	100	49	768	149
7	0	27	21	245	149
16	0	39	28	245	149
16	0	24	28	362	149
4752	25	987	5	329	149
1137	3	387	0	230	149
1763	4	898	0	248	149
219	5	178	0	192	149
1107	105	646	185	192	149
915	8	843	6	207	149
656	73	3332	492	221	149
479	13	3324	67	193	149
73	4	292	0	233	149
169	10	117	10	309	149
183	18	265	0	268	149
192	0	657	22	291	149
9	31	153	292	274	149
55	0	225	7	277	149
78	7	308	7	347	149
4	0	8	11	236	149
4	0	7	8	268	149
37	0	39	7	267	149
39	0	116	3	204	149
369	1	10	0	212	149
312	2	20	0	279	149
18	2	104	11	272	149
20	2	320	15	288	149
54	8	513	0	430	149
9	2	63	0	668	149
9	2	83	0	349	149
50	0	250	4	286	149
15	955	0	1035	246	149
1931	5	1947	3	258	149
67	8	129	0	315	149
85	0	162	27	315	149
0	28	2	352	243	149
1	28	0	352	305	149
1	2	0	34	305	149
11	17	4	15	253	149
12	28	8	23	253	149
644	9	937	0	277	149
188	0	256	27	222	149
38	16	142	63	266	149
6083	47	637	4	254	149
12497	47	1564	4	294	149
4	43	0	225	232	149
27	4	148	39	235	149
147	7	313	0	228	149
13	0	229	4	318	149
4	18	32	27	176	149
2	3	16	32	268	149
203749	0	360604	7	296	149
0	6	11	234	248	149
33	2	48	113	1668	149
54	2	46	28	281	149
206	17	1699	114	226	149
680	0	6542	42	243	149
2	0	58	16	257	149
8	0	141	11	286	149
0	1	13	142	212	149
0	64	23	65	227	149
141	1	160	0	312	149
225	1	235	0	590	149
166	33	126	15	279	149
307	4	338	0	230	149
401	6	490	16	230	149
325	6	438	0	197	149
235	0	147	14	271	149
840	0	223	9	233	149
986	4	288	0	233	149
1811	4	366	0	262	149
14	302	0	429	376	149
3	25	14	99	243	149
705	0	2230	5	293	149
5	302	4	944	264	149
57	0	334	7	204	149
16	0	108	7	258	149
8	0	62	23	246	149
4	5	0	29	225	149
5	9	89	10	383	149
88	0	169	8	232	149
2	2	8	14	250	149
259	5	417	0	322	149
318	14	524	18	245	149
202	0	476	10	217	149
15	24	23	196	297	149
12	127	55	149	279	149
5	12	85	0	292	149
23	12	185	0	270	149
320	8	222	0	293	149
41	0	97	1	281	149
2	17	10	26	198	149
17	17	23	26	201	149
10	15	39	13	314	149
17	0	177	13	221	149
19	0	109	8	171	149
1	11	42	24	211	149
8	0	41	15	233	149
28	0	289	37	224	149
86	0	600	37	315	149
37	11	298	0	280	149
0	22	15	133	284	149
0	22	14	133	253	149
408	0	701	22	308	149
150	0	166	22	206	149
396	3	640	0	257	149
3	239	27	363	206	149
12769	27	12126	97	213	149
24	0	127	9	241	149
2	0	129	58	268	149
7	0	193	91	433	149
7	0	193	25	433	149
12	2	40	0	338	149
2	0	41	41	224	149
0	1	14	0	328	149
5	60	4	75	417	149
5	4	40	21	323	149
30	0	306	7	288	149
0	11	9	167	209	149
0	12	55	78	212	149
218	2	189	0	214	149
116	796	64	144	2892	149
2223	5	2500	0	252	149
1119	5	986	0	243	149
4600	50	3143	28	279	149
173	0	484	6	1567	149
0	25	5	50	257	149
82	0	378	5	214	149
203	51	162	296	735	149
89	0	76	9	424	149
195	0	542	11	283	149
98	3	118	0	267	149
48	2	80	0	286	149
29	12	73	0	269	149
4	8	0	19	294	149
77	0	153	11	231	149
3	56	0	449	271	149
56	51	124	155	275	149
30	0	61	48	249	149
3	49	0	62	290	149
3	0	0	29	290	149
186	0	90	29	283	149
2	142	0	112	565	149
139	0	80	9	203	149
7	579	67	1633	334	149
9	8	32	16	243	149
13	579	16	1633	243	149
8	579	33	1633	228	149
0	4	34	0	228	149
677	23	2039	137	197	149
4	530	12	1618	390	149
0	4	9	0	231	149
174	0	882	5	290	149
78	6	552	14	290	149
224	5	1170	23	560	149
169	5	963	71	560	149
543	5	2367	13	1222	149
234	6	840	14	680	149
21	14	106	110	206	149
1	1	10	43	179	149
12	0	19	10	183	149
32	0	106	30	183	149
15	21	65	68	385	149
15	21	33	68	351	149
2	21	3	68	242	149
22	1	140	0	234	149
196	12	240	0	484	149
201	8	327	14	254	149
8	8	12	14	242	149
9	101	39	208	242	149
1	100	0	363	389	149
86	7	276	0	171	149
901	393	1637	307	167	149
865	7	1684	0	240	149
1948	20	94	0	302	149
266	4	41	4	197	149
15	0	17	2	275	149
2	4	20	9	275	149
25	29	76	69	502	149
0	9	9	9	318	149
103	3	200	0	329	149
151	3	311	0	313	149
191	2	435	50	270	149
82	2	250	50	266	149
27	2	17	0	191	149
248	0	762	8	232	149
1036	172	1564	583	260	149
6697	22	641	0	275	149
3302	0	323	5	275	149
1398	0	117	5	388	149
4796	25	457	22	388	149
2800	8	634	0	269	149
1	30	0	309	259	149
1244	16	2	0	337	149
578	0	691	11	228	149
129	2	402	0	222	149
113	0	480	9	509	149
17	0	404	109	188	149
22	0	0	5	252	149
107	1	127	0	284	149
168	5	145	0	244	149
291	4	634	0	491	149
57	0	224	2	193	149
31	0	143	4	227	149
191	1	524	20	258	149
0	10	12	194	324	149
26	0	186	7	317	149
323	6	135	0	261	149
217	9	91	13	261	149
164	9	64	13	207	149
301	37	128	20	207	149
12	0	29	11	243	149
2610	1	2159	5	290	149
1427	1	1063	5	305	149
2105	51	3720	171	268	149
1005	51	1555	171	313	149
47	0	211	3	279	149
614	8	1372	76	211	149
2006	8	5575	76	248	149
924	8	2280	55	248	149
285	8	1008	55	352	149
2602	0	8471	6	352	149
1375	5	4229	0	352	149
1225	5	5110	0	373	149
2454	2	9346	0	373	149
814	5	3009	0	385	149
2043	2	7245	0	385	149
1882	2	6850	0	401	149
677	5	2581	0	408	149
1906	2	6817	0	408	149
8	0	32	7	193	149
547	48	129	83	355	149
184	3	217	0	380	149
52	5	133	62	224	149
4	0	26	23	239	149
11	0	219	4	328	149
17	2	50	0	319	149
42	7	31	0	260	149
91	7	82	0	318	149
861	5	205	0	259	149
44	4	307	17	185	149
508	2	1680	2	637	149
114	10	32	0	416	149
114	115	32	0	416	149
48	10	23	7	416	149
31	66	0	9	365	149
7	104	34	136	403	149
74	11	60	0	219	149
80	0	322	14	355	149
52	3	188	21	316	149
26	44	128	26	316	149
15	44	78	26	195	149
42	4	132	0	195	149
177	0	171	37	314	149
374	0	481	5	265	149
0	63	4	208	231	149
116	3	537	18	886	149
22	3	141	18	388	149
43	2	137	0	255	149
19	1	225	14	274	149
0	58	28	132	349	149
355	10	468	0	278	149
2561	15	155	27	565	149
2075	27	114	0	327	149
3031	27	224	0	325	149
632	21	66	0	296	149
320	58	260	18	229	149
611	58	632	18	210	149
36849	4	24901	12	245	149
19	1	39	0	329	149
111	0	5312	9	213	149
477	0	338	12	1157	149
468	0	823	6	231	149
1069	3	2215	33	231	149
392	3	821	33	329	149
5	31	25	82	791	149
124	15	2197	230	505	149
124	402	2292	7156	505	149
23	2	6	0	346	149
0	12	18	63	324	149
0	12	8	63	186	149
334	0	923	31	273	149
0	1	30	0	185	149
2	0	6	76	266	149
2	1	48	0	270	149
5	0	18	26	243	149
18	0	58	8	512	149
5	0	0	1	233	149
18	0	66	1	304	149
32	5	107	0	304	149
30	108	22	47	252	149
245	9	102	0	270	149
45	6	205	0	266	149
3	2	18	43	257	149
0	7	15	49	236	149
10	3	175	0	2650	149
1	0	34	13	319	149
4	0	19	13	219	149
6	0	29	1	219	149
2	0	36286	4	231	149
4	0	15410	8	230	149
7	0	50994	5	230	149
5	0	32023	45	283	149
5	0	34317	45	295	149
4	0	27888	68	333	149
7	0	39787	96	333	149
14	0	41226	83	239	149
3	0	11935	53	239	149
11	0	35748	185	338	149
12	0	44424	72	275	149
3	0	7598	20	221	149
0	1	2	0	219	149
1	6	0	7	206	149
3	1	0	31	206	149
16	1	7	31	212	149
5	6	0	17	185	149
0	6	7	17	200	149
12	6	80	17	599	149
30	6	57	0	254	149
38	3	48	0	366	149
13	0	25	16	320	149
7	0	87	1	247	149
24	527	6	723	200	149
161	5	849	8	193	149
0	4	7	10	220	149
44	3381	73	4535	273	149
5672	23	6902	43	274	149
2276	23	2322	43	267	149
0	5	50	41	260	149
143	3	323	1	209	149
242	7	767	36	316	149
25	119	40	454	425	149
119	0	454	2	221	149
10	0	72	23	282	149
7	0	191	6	211	149
8	0	31	10	211	149
1	0	166	10	257	149
6	6	320	0	257	149
2	0	1	40	273	149
9	0	6	40	262	149
7947	0	17582	54	274	149
51	2	69	1	384	149
102	1	31	0	302	149
445	52	1	19	301	149
81	52	15	19	323	149
75	248	15	1	323	149
0	9	23	377	244	149
15	2	85	0	219	149
49	0	310	22	277	149
592	4	1415	5	337	149
0	1	20	743	278	149
2	0	1319	66	303	149
2	0	841	28	303	149
10	2	139	8	315	149
40	6	94	0	297	149
788	23	858	52	211	149
225	5	230	0	214	149
128	2	246	0	378	149
19	2	30	0	247	149
2	0	0	29	222	149
2	0	0	29	226	149
2	65	0	197	226	149
3	65	72	197	545	149
0	65	59	197	290	149
0	2	33	0	256	149
0	65	62	197	256	149
15	1	162	0	216	149
3	0	289	434	234	149
820	1	48	0	288	149
5	418	2	10	300	149
782	9	43	14	337	149
11	0	33	15	249	149
14	8	163	10	285	149
60	9	270	0	242	149
14	9	42	0	198	149
73	0	100	29	211	149
111	2	337	0	328	149
0	4	25	27	261	149
0	8	30	23	261	149
11	8	67	23	234	149
7	0	54	19	234	149
0	41	6	133	187	149
2399	0	1994	4	239	149
1493	0	1814	1	233	149
136	0	531	10	223	149
90	4	709	8	245	149
8	8	15	292	219	149
2	0	7	6	283	149
16	1	0	6	321	149
2	54	8	18	219	149
44	6	27	7	213	149
5	0	14	20	182	149
4	11	0	79	248	149
17	0	139	13	337	149
3	0	66	20	252	149
31	0	61	7	281	149
43	0	100	7	265	149
108	0	261	1	268	149
1	0	0	18	620	149
129	0	19	10	190	149
134	8	65	0	274	149
262	2	66	0	247	149
483	3	115	0	189	149
9	8	20	43	236	149
6	0	134	15	263	149
17	2	70	0	266	149
9	238	34	435	333	149
9	0	8	4	374	149
5	2	25	10	243	149
10	2	10	0	242	149
5	0	27	11	264	149
6	0	51	1	232	149
0	9	8	158	214	149
66	0	369	23	226	149
43	6	19	0	207	149
4	20	0	66	218	149
2	0	0	3	281	149
0	23	15	20	257	149
2	23	40	20	359	149
0	13	18	142	266	149
998	784	128	484	253	149
14	14	198	78	239	149
33	4	201	0	170	149
5	730	22	6070	275	149
1022	14	8699	119	262	149
0	475	14	4056	231	149
630	0	5446	6	197	149
34	5	66	0	239	149
20	3	26	0	298	149
102	2	98	0	303	149
9	2	9	14	300	149
8	2	9	14	276	149
8	2	9	14	235	149
455	16	1001	159	290	149
176	0	609	56	290	149
8	5	39	0	215	149
17	0	104	17	262	149
10	0	75	1	244	149
1341	0	4109	4	397	149
342	3	725	0	329	149
354	10	443	26	253	149
0	2	12	0	173	149
86	2	297	0	267	149
246	2	662	0	250	149
368	2	817	0	314	149
195	0	391	40	220	149
99	8	233	12	232	149
8	0	50	3	280	149
58	0	482	10	297	149
195	0	854	10	349	149
25	0	339	19	281	149
33	7	426	28	215	149
0	20	21	279	249	149
0	21	8	324	312	149
0	21	2	324	232	149
48	5	462	9	298	149
227	0	909	5	385	149
106	0	478	8	385	149
74	0	209	8	263	149
191	0	635	14	263	149
0	5	119	39	221	149
6	22	0	14	197	149
0	3	28	35	513	149
5	0	90	4	279	149
82	0	457	18	248	149
82	8	266	0	231	149
64	5	20	0	212	149
4	74	56	91	271	149
145	2	115	0	295	149
0	71	32	34	237	149
1	55	22	56	298	149
72	3	78	0	242	149
0	16	6	44	355	149
8002	76	4	0	202	149
12218	2	14	0	283	149
11	390	0	379	289	149
513	4	526	5	224	149
20	0	227	1	194	149
2	0	7	18	336	149
627	51	1542	117	310	149
334	51	795	117	302	149
39	5	468	47	391	149
534	0	468	12	212	149
99	0	810	16	278	149
69	0	667	16	281	149
140	0	1169	16	300	149
0	2	58	18	287	149
7	0	69	16	229	149
20	0	158	11	276	149
7	0	78	6	248	149
195	0	457	15	298	149
17	82	0	32	354	149
713	2	2419	8	892	149
7	158	75	330	214	149
17	3	85	0	256	149
8	3	43	0	228	149
25	1	44	0	246	149
27	16	182	10	223	149
16	16	76	10	331	149
16	16	72	10	413	149
21	2	99	0	260	149
19	2	46	0	609	149
0	12	12	162	333	149
154	8	387	10	315	149
62	2	209	13	315	149
156	2	331	13	298	149
240	0	505	6	298	149
36	0	134	13	294	149
0	18	42	60	300	149
15	24	51	35	416	149
0	7	5	12	245	149
29379	166	611	20	215	149
41	0	174	12	243	149
16	5	102	0	244	149
0	184	8	2593	266	149
6	4	0	49	306	149
906	8	1257	21	474	149
128	3	168	9	213	149
864	15	732	0	273	149
1	3	28	86	276	149
18	2	358	9	528	149
0	2	157	9	271	149
103	5	610	11	312	149
7	2	24	25	227	149
25	127	197	875	277	149
41	127	160	875	297	149
2	197	0	696	224	149
19	140	37	288	235	149
9	140	27	288	349	149
4	140	9	288	243	149
424	0	588	7	361	149
69	0	2675	36	621	149
88	6	76	0	195	149
70	2	468	0	281	149
31	1	75	19	281	149
67	5	67	16	327	149
49	8	47	0	215	149
29	32	77	13	234	149
3012	8	2928	39	243	149
1	45	25	232	336	149
644	0	1083	6	348	149
735	1	1160	8	348	149
760	0	1396	6	391	149
933	1	1819	8	391	149
4	72	9	85	316	149
0	60	2	177	206	149
12	42	0	107	192	149
84	0	3375	30	176	149
145	0	5394	6	291	149
1	0	116	33	218	149
11	2	208	16	454	149
31	2	238	16	294	149
14	2	198	16	290	149
6	2	39	16	197	149
4	30	18	164	334	149
1	31	0	194	281	149
2271	8	4757	20	251	149
0	1371	11	2640	213	149
2389	0	4293	6	209	149
2909	6	4969	0	219	149
3514	0	5080	10	236	149
90	17	249	0	286	149
6	26	8	57	196	149
499	5	1492	63	299	149
141	4	562	0	286	149
168	4	659	14	286	149
212	1	1107	70	228	149
82	28	513	167	228	149
88	4	531	14	256	149
32	0	156	12	256	149
85	28	594	167	256	149
125	0	632	6	256	149
215	20	1186	58	256	149
0	20	41	58	260	149
19	34	152	127	260	149
19	7	104	39	260	149
19	98	145	618	260	149
38	5	140	0	331	149
7	0	129	16	200	149
5	3	125	17	228	149
0	3	41	17	530	149
13	8	73	0	179	149
26	0	86	12	188	149
145	0	237	18	235	149
300	0	587	16	260	149
28	2	166	0	322	149
29	0	159	4	256	149
9	0	89	53	308	149
457	10	660	0	223	149
70	3	210	5	326	149
437	34	335	27	327	149
109	34	70	27	211	149
0	178	10	138	392	149
271	4	458	0	314	149
92	7	124	0	295	149
178	14	272	2	295	149
7	14	0	2	241	149
2	21	21	132	290	149
13	0	0	15	345	149
1352	9	1202	7	221	149
236	0	572	1	208	149
184	29	34	144	188	149
100	0	12	90	188	149
99	28	7	236	188	149
344	28	818	236	491	149
417	17	701	0	491	149
271	28	692	236	446	149
289	17	607	0	446	149
2	110	45	554	242	149
3	12	294	20	227	149
0	6	91	200	227	149
14	6	24	200	188	149
74	4	400	0	249	149
66	0	778	5	273	149
2	2	209	5	280	149
16	0	216	19	215	149
51	0	309	9	223	149
0	8	4	134	311	149
25	0	32	5	282	149
17	4	23	30	226	149
22	4	62	30	353	149
25	0	364	12	499	149
29	307	274	2708	1661	149
189	0	297	11	255	149
4	0	20	2	536	149
5	69	0	41	267	149
269	1	453	8	374	149
185	0	306	20	374	149
137	7	328	0	346	149
34	1	182	0	261	149
22	0	76	9	275	149
707	13	993	6	252	149
11	24	0	103	244	149
24	88	103	493	155	149
37	1	219	11	213	149
171	1	898	11	218	149
410	24	650	30	218	149
4	31	0	655	228	149
3	31	15	655	274	149
3	143	0	762	228	149
34	4	692	14	241	149
0	19	6	295	232	149
46	0	831	41	303	149
0	14	30	286	265	149
67	33	336	129	425	149
225	0	620	7	438	149
1116	10	6477	121	360	149
0	4	38	0	242	149
15156	6	15814	0	314	149
0	32	2	93	204	149
22	0	150	5	300	149
8	0	63	5	255	149
19	3	143	11	255	149
91	7	144	0	232	149
55	0	168	11	252	149
0	10	8	141	174	149
1	0	44	18	260	149
0	8	19	4	225	149
208	0	117	13	277	149
523	10	2135	37	196	149
441	0	776	5	324	149
28	0	115	7	223	149
422	4	370	0	597	149
12	0	47	6	263	149
4	2	160	0	362	149
26	0	301	13	960	149
22	20	109	186	170	149
676	4	1192	0	365	149
148	22	131	47	195	149
27	0	40	47	195	149
107	18	303	55	373	149
128	18	301	55	376	149
44	67	14	55	350	149
44	67	14	55	380	149
106	67	79	55	385	149
1041	6	1445	0	269	149
11	0	9	35	333	149
11	0	453	6	347	149
199	1938	0	17	283	149
32	0	60	22	269	149
13	2	63	0	239	149
6	1	26	0	236	149
6	2	26	0	236	149
29	0	18	8	196	149
64	6	267	0	260	149
0	5	34	97	317	149
7	10	1	32	274	149
4	76	12	285	247	149
0	83	16	283	303	149
3	185	0	359	274	149
2	91	0	125	194	149
1	185	0	359	194	149
1	418	0	710	212	149
61	53	250	95	286	149
6	0	0	15	316	149
10	5	63	0	467	149
9	32	63	2	434	149
9	5	63	0	434	149
352	5	371	0	329	149
442	5	493	0	326	149
238	5	260	0	267	149
3	269	7	242	272	149
95	269	148	242	892	149
92	12	141	13	892	149
92	0	135	1	892	149
66	269	93	242	379	149
8	0	14	4	301	149
186	0	1144	56	224	149
46	4	198	0	283	149
301	16	503	0	267	149
56	19	337	0	247	149
18	55	35	185	247	149
0	91	11	296	294	149
55	11	301	0	236	149
37	0	154	1	236	149
11	0	0	1	194	149
23	6	115	0	194	149
19	4	50	32	206	149
0	2	8	12	170	149
18	2	92	12	1237	149
18	0	52	8	407	149
18	0	72	8	404	149
18	0	52	8	375	149
0	4	21	0	434	149
3190	0	1204	16	809	149
862	0	685	3	283	149
420	5	301	19	283	149
0	5	3	19	201	149
433	8	361	6	201	149
1132	3	806	1	300	149
8	6	212	72	230	149
10	10	154	49	230	149
6908	2	4	0	256	149
15	1	9	18	239	149
5	11	15	7	273	149
67	2	428	4	253	149
8	1	12	18	289	149
70	82	91	352	343	149
25	0	96	3	182	149
2	22	16	148	312	149
0	22	9	148	270	149
10	17	56	50	271	149
49	0	133	17	241	149
10	24	0	109	281	149
0	24	27	109	205	149
61	13	189	35	254	149
0	4	14	71	272	149
0	4	14	71	247	149
1	63	17	214	263	149
4	4	43	0	215	149
321	8	609	18	206	149
9	1	18	0	233	149
12	31	82	394	1030	149
47	0	655	8	296	149
45	0	809	24	332	149
68	2	984	41	232	149
40	0	603	6	237	149
5	0	22	28	341	149
485	2	537	9	432	149
963	2	1216	9	280	149
1129	8	1559	0	356	149
339	0	474	43	344	149
4	11	11	39	350	149
9	17	90	126	191	149
0	9	26	71	393	149
13	9	0	124	415	149
136	4	53	3	382	149
7	0	30	46	284	149
23	1	164	0	259	149
13	3	61	0	295	149
4	0	38	8	295	149
363	0	646	15	246	149
134	0	302	15	219	149
14	4	7	0	215	149
16	0	58	14	208	149
6	6	23	46	224	149
20	6	39	46	402	149
6	213	0	236	256	149
0	3	93	0	263	149
54	1	179	0	242	149
0	1	9	6	230	149
0	1	25	0	275	149
22	0	71	9	297	149
19	1	158	0	285	149
7	3	20	0	214	149
4	81	0	124	260	149
11	81	0	124	227	149
12	81	8	124	335	149
2	81	0	124	210	149
36	4	76	0	258	149
13	0	24	21	227	149
2	22	0	57	335	149
15	4	53	0	262	149
15	0	53	21	262	149
30	0	63	9	291	149
24	0	96	9	280	149
50	15	219	0	280	149
3	0	159	6	238	149
948	19	1077	15	233	149
0	191	14	4402	338	149
0	191	14	4402	347	149
216	16	4809	259	230	149
170	0	3957	79	230	149
33	0	886	79	191	149
125	62	3079	1578	191	149
865	5	1292	0	237	149
17	4	248	0	239	149
46	13	705	0	228	149
257	23	147	0	249	149
45	4	367	0	313	149
88	3	344	14	271	149
41	0	78	13	284	149
133	4	137	0	525	149
140	41	137	54	525	149
4	41	0	54	220	149
3	38	0	47	275	149
2	38	0	47	272	149
49	0	53	15	226	149
33	10	23	0	226	149
292	10	559	0	1878	149
281	10	551	0	1692	149
319	23	566	0	1692	149
249	10	432	0	1291	149
249	23	432	0	1291	149
24	3	158	0	366	149
34	3	230	0	272	149
32	0	99	6	264	149
10	0	77	1	229	149
132	0	357	31	284	149
157	24	192	11	201	149
23	152	9	164	269	149
32	28	0	89	319	149
0	9	20	100	203	149
17	451	19	1324	254	149
13	0	115	6	283	149
15	0	147	7	334	149
43	2	318	6	340	149
65	0	40	11	227	149
201	1	222	0	318	149
88	0	306	12	211	149
1	0	1	27	215	149
0	305	18	351	267	149
125	24	110	39	176	149
19	35	254	64	243	149
13	8	3	61	243	149
0	243	9	411	216	149
582	0	1053	12	322	149
0	5	44	0	221	149
33	0	217	21	245	149
1	0	0	176	248	149
0	7	228	25	215	149
7	1	188	28	197	149
1	0	59	6	206	149
464	2	748	0	280	149
397	17	333	42	170	149
986	6	607	0	253	149
204	583	75	576	212	149
3	5	1	0	463	149
5	5	19	0	1226	149
2	5	4	0	280	149
3	0	4	1	280	149
2	0	0	1	230	149
8	0	0	4	230	149
0	15	5	18	223	149
1320	41	3	0	304	149
1991	4	3	0	304	149
788	9	1079	39	323	149
279	0	634	6	251	149
9	0	48	16	268	149
0	19	12	55	187	149
55	164	141	486	229	149
6	0	12	4	263	149
4	85	8	383	202	149
30	33	32	90	288	149
307	14	79	0	241	149
3434	3	1799	0	344	149
13	172	8	98	255	149
950	172	898	98	219	149
301	6	251	0	219	149
860	2	550	10	268	149
13	821	0	565	287	149
532	0	435	23	233	149
0	39	8	21	256	149
48	2248	0	18	188	149
2353	2	7	0	291	149
23	112	0	309	234	149
111	25	225	26	227	149
166	0	236	1	284	149
49	0	117	1	199	149
136	0	207	7	198	149
0	434	6	924	280	149
587	4	2035	32	242	149
118	2	205	110	200	149
34	7	95	0	200	149
199	2	348	110	203	149
57	7	165	0	203	149
22	12	763	213	2051	149
278	1	594	0	250	149
17	0	120	34	836	149
0	6	31	58	235	149
6	6	54	58	263	149
17	0	108	28	218	149
5	0	20	28	176	149
402	14	3	0	274	149
1676	14	14	0	369	149
1248	18	2	0	214	149
739	1	2	0	283	149
908	1	2	0	335	149
38	2	87	0	201	149
0	2	14	0	206	149
132	0	24	74	164	149
368	49	347	0	271	149
1	566	0	133	222	149
31	2	433	17	500	149
3774	5	6626	158	319	149
2263	8	3445	0	319	149
3	0	35	4	323	149
61	0	749	48	219	149
124	155	323	643	399	149
12	155	109	643	244	149
6	155	89	643	222	149
430	0	1403	11	206	149
1152	2	2007	0	276	149
7	3	20	0	270	149
44	5	71	0	205	149
60	2	151	0	251	149
96	1	582	0	208	149
1431	0	1345	18	326	149
2101	37	904	114	215	149
16	2	0	25	198	149
5	28	0	55	304	149
0	7	4	33	313	149
9	22	6	9	241	149
48	0	88	6	255	149
94	16	154	10	255	149
2	47	0	162	292	149
0	33	13	224	231	149
0	33	23	224	292	149
46	0	466	13	334	149
37	5785	26	5478	249	149
220	0	1145	14	383	149
175	0	886	5	274	149
5	0	19	18	193	149
9	51	17	104	265	149
2	44	42	77	200	149
44	2	206	3	259	149
77187	9	24	0	349	149
8706	5	7	0	203	149
53	0	522	7	318	149
75	0	284	12	199	149
232	0	1023	12	321	149
12	2	38	0	190	149
19	60	110	132	394	149
16	60	32	132	303	149
15	85	0	178	1038	149
1	0	5	1	295	149
7	0	109	34	392	149
6	7	90	8	579	149
527	2	2704	0	3998	149
12	141	60	142	370	149
8	141	74	142	271	149
153	0	174	8	190	149
36	3	28	0	190	149
1	134	0	232	197	149
2	22	1	0	342	149
2	134	1	232	342	149
61	6	121	1	409	149
34	3	129	0	280	149
129	0	228	5	280	149
167	6	348	1	280	149
11	874	17	481	438	149
2493	2	1166	0	334	149
0	7	4	16	268	149
1	0	49	6	263	149
28	4	49	7	274	149
1	9	49	72	567	149
3	0	28	23	212	149
0	2	75	41	212	149
0	2	46	41	311	149
3	0	29	53	311	149
0	8	10	0	243	149
174	7	31	0	287	149
450	1	56	0	260	149
524	9	194	0	338	149
45	13	70	0	213	149
50	33	0	95	1268	149
3	49	63	89	290	149
102	0	169	9	198	149
600	0	1675	9	221	149
449	14	2320	105	224	149
0	330	3	1929	242	149
5	0	59	11	243	149
5	0	110	11	238	149
31	0	3	35	312	149
0	14	8	0	234	149
0	2	8	18	234	149
54	0	129	10	374	149
35	2	110	18	261	149
12	29	20	0	167	149
8	4	10	25	167	149
10	24	58	86	453	149
162	2	210	8	382	149
3	7	16	69	262	149
4	12	0	71	285	149
89	6	138	0	346	149
23	4	165	0	241	149
1522	2	805	0	235	149
0	51	17	143	233	149
0	272	8	377	233	149
553	238	620	262	212	149
475	218	491	281	212	149
29	2	48	0	212	149
349	55	394	81	212	149
315	10	261	0	212	149
991	2	1123	0	269	149
1455	4	1631	0	269	149
160	2	185	0	307	149
484	4	646	0	307	149
48	1162	20	1213	450	149
15	7	116	4	248	149
8	0	99	13	248	149
13	0	76	13	280	149
13	0	102	13	280	149
6	0	60	13	278	149
55	8	158	17	219	149
0	24	5	75	377	149
69	0	145	7	281	149
156	0	266	18	318	149
30	6	56	3	572	149
30	6	46	0	572	149
30	4	64	0	572	149
126	0	90	8	730	149
46	0	186	6	288	149
71	4	170	0	222	149
1	11	18	0	339	149
0	4	16	105	167	149
10	3	70	284	212	149
0	2	177	12	260	149
6	2	119	12	944	149
0	20	24	115	206	149
561	7	1060	9	251	149
214	9	393	35	301	149
486	9	811	35	365	149
6	0	15	14	222	149
1	12	2	129	269	149
49	4	251	0	314	149
163	40	225	0	302	149
1	0	24	1	305	149
10	5	26	0	321	149
15	25	0	16	226	149
60	14	31	0	256	149
6	32	59	137	263	149
12	19	8	10	257	149
9	5	8	52	257	149
19	1	34	0	316	149
1429	0	408	16	287	149
539	0	195	16	336	149
330	10	1002	5	209	149
22	15	74	56	233	149
5	15	0	22	204	149
226	4	251	0	248	149
9	37	28	139	188	149
6	7	3	0	188	149
66	7	224	0	245	149
5	23	27	222	215	149
2	3	4	134	268	149
13	20	167	106	182	149
18	2	165	0	252	149
46	2	347	0	246	149
0	34	2	234	176	149
1803	8	3053	0	275	149
2297	22	2504	0	349	149
19	3711	1	2247	364	149
18	4	33	0	203	149
108	9	29	9	346	149
44	21	17	0	280	149
4	1	0	8	309	149
136	6	207	0	219	149
687	1	843	14	258	149
4	0	91	31	303	149
56877	6	65794	22	234	149
0	20	12	49	273	149
47	1	359	12	1284	149
46	82	61	64	253	149
9	82	34	64	238	149
9	34	36	23	238	149
654	2	1085	0	290	149
144	0	591	2	269	149
76	0	895	8	365	149
25	1	445	0	346	149
14	0	561	8	232	149
120	51	626	61	216	149
525	34	896	38	351	149
0	170	11	68	222	149
92	432	160	455	390	149
2437	19	2798	23	719	149
1699	19	1908	23	692	149
145	1	716	0	244	149
60	1	258	0	234	149
1	91	0	392	292	149
0	12	14	54	468	149
122	5	2049	0	318	149
57	14	91	14	230	149
179	0	474	8	264	149
502	0	413	11	277	149
2	41	14	178	241	149
9	4	0	2	230	149
122	4	437	2	331	149
0	60	23	385	200	149
4	194	0	271	267	149
12	194	16	271	271	149
4932	84	285	0	202	149
7318	91	487	13	267	149
703	0	796	9	471	149
1025	0	1049	9	292	149
229	0	147	9	188	149
4	0	53	5	260	149
120	4	180	10	298	149
269	10	186	19	419	149
321	11	209	0	271	149
458	15	290	6	271	149
6691	4	18	0	291	149
46815	4	926	0	1085	149
68002	8	1573	0	217	149
2	0	0	70	213	149
45	2	62	6	281	149
195	0	219	8	254	149
0	59	10	533	241	149
0	221	16	662	271	149
254	2	757	0	327	149
0	44	26	55	296	149
27	1	187	0	253	149
4	0	81	7	197	149
2	2	12	66	526	149
0	4	1	8	219	149
2	2	0	15	285	149
7	4	46	8	245	149
7	0	46	1	245	149
9	2	61	2	245	149
16	0	27	6	300	149
7	14	33	25	227	149
33	14	153	25	202	149
33	0	120	16	216	149
0	7	11	102	286	149
1	0	251	7	185	149
18	2	103	0	214	149
1	15	0	10	183	149
53	0	1073	10	452	149
4	12	9	0	364	149
1265	39	1899	19	1733	149
20	3	565	22	249	149
2	10	12	85	194	149
36	0	227	17	378	149
72	0	394	11	349	149
229	0	484	15	307	149
318	0	713	15	1149	149
60	211	53	285	242	149
191	3	142	16	307	149
71	4	143	2	245	149
3	7	0	52	281	149
24	6	119	0	274	149
11	0	119	8	296	149
13	0	63	12	226	149
12	436	0	53	235	149
2081	0	5520	3	1236	149
74	9	288	0	203	149
5	0	76	11	229	149
17	4	288	45	229	149
0	95	7	651	272	149
0	95	18	651	281	149
229	4	1308	11	313	149
1	4	183	0	210	149
306	16	187	4	210	149
276	6	261	0	260	149
70	12	90	14	332	149
9	45	15	0	185	149
105	0	289	5	285	149
204	0	479	5	268	149
181	20	112	41	197	149
167	20	110	41	200	149
252	8	319	4	449	149
22	4	45	0	198	149
3	4	15	11	271	149
19	4	35	11	749	149
68	16	116	4	332	149
7	32	0	147	212	149
9	1	30	2	257	149
4	0	0	7	242	149
0	1	11	0	232	149
461	6	518	0	309	149
423	0	418	6	316	149
176	0	2302	19	286	149
429	0	5998	19	454	149
119	2	1653	61	346	149
136	2	1669	61	529	149
2	9	2	12	427	149
1	0	10	30	281	149
10	1	20	12	474	149
17	6	157	0	235	149
13	0	59	3	301	149
11	0	502	3	244	149
8	563	6	527	342	149
0	2	74	6	209	149
2	2	67	6	236	149
20	12	116	46	314	149
20	0	136	9	329	149
20	2	207	0	295	149
2	1	6	8	183	149
20	83	12	108	377	149
71	2	161	0	319	149
600	2	1298	0	258	149
639	2	1249	0	275	149
1509	2	3249	0	256	149
839	0	1085	6	231	149
134	428	177	411	371	149
1	428	7	411	264	149
64	0	279	14	301	149
34	0	407	26	225	149
176	0	639	17	264	149
103	0	485	12	220	149
2	72	7	736	186	149
94	0	1582	12	275	149
59	10	69	8	248	149
15	0	0	23	272	149
8	0	46	3	268	149
45	0	52	18	1225	149
7	0	181	22	244	149
9	0	0	21	331	149
0	3	20	25	275	149
0	3	18	25	319	149
18	0	60	22	325	149
6	0	18	22	238	149
9	0	52	11	334	149
25	0	151	5	302	149
56	0	208	5	257	149
0	36	24	192	305	149
19	0	664	13	301	149
84	0	59	15	290	149
489	15	433	0	318	149
10	3	0	38	294	149
0	8	4	20	331	149
5	3	42	0	322	149
12	7	104	0	259	149
51	0	143	3	232	149
29	0	208	8	270	149
2	0	40	8	237	149
38	5	52	21	207	149
272	0	187	8	312	149
668	110	270	36	200	149
34	131	67	168	344	149
0	4	80	11	266	149
76	0	428	22	404	149
17	7	159	108	223	149
12	0	0	5	249	149
9	4	191	0	329	149
2305	6	10488	33	316	149
849	7	5961	6	348	149
857	7	5932	6	451	149
30	2	26	7	196	149
33	0	105	8	288	149
20	2	349	0	308	149
0	20	24	0	164	149
0	2	36	55	215	149
3	0	127	14	219	149
0	7	39	31	243	149
8	7	16	31	273	149
8	0	7	12	273	149
8	0	0	11	354	149
0	7	22	31	267	149
7	0	53	12	214	149
87	3	164	10	284	149
1	7	0	89	331	149
129	2	26	0	330	149
38	23	135	6	310	149
5	5	0	8	191	149
194	0	1565	3	4940	149
1579	16	8686	49	239	149
5222	0	22153	8	452	149
17	0	104	9	243	149
0	3	11	13	207	149
31	3	59	13	278	149
62	0	87	22	278	149
53	0	28	22	1059	149
7	32	0	62	458	149
2	1	61	268	188	149
5	0	15	33	382	149
54	100	10	7	301	149
1969	2	2774	0	402	149
1056	2	1779	0	308	149
3	277	8	770	347	149
0	12	34	0	252	149
323	5	159	0	305	149
32	5	6	0	190	149
1	140	0	56	211	149
169	4	451	14	266	149
58	723	171	1472	1647	149
1198	2	2729	0	294	149
336	0	1715	19	330	149
0	2	40	10	297	149
168	0	1596	22	240	149
0	124	4	1077	327	149
18	26	38	317	164	149
60	0	246	16	246	149
10	5	121	18	278	149
0	6	15	72	279	149
75	0	574	13	279	149
177	317	250	1132	253	149
15	6	114	0	243	149
30	6	258	0	248	149
21	0	164	7	241	149
23	0	32	28	262	149
37	3	30	0	243	149
51	0	197	28	303	149
51	3	197	0	303	149
154	7	362	0	213	149
238	4	388	0	314	149
302	12	438	56	242	149
4	28	11	70	265	149
5	0	54	24	255	149
4	0	17	3	233	149
1	0	8	27	256	149
0	5	39	18	456	149
41	3	113	16	360	149
2	60	0	122	205	149
111	0	69	8	227	149
170	0	242	2	224	149
10	1	182	12	306	149
0	452	3	860	261	149
19	452	41	860	490	149
91	452	141	860	1098	149
8	1	88	0	256	149
30	3	229	0	223	149
0	1	99	0	470	149
13	0	119	21	626	149
1247	3	1807	0	297	149
161	1	288	0	205	149
140	4	449	0	421	149
240	4	569	0	289	149
643	0	1492	10	986	149
643	0	1329	10	1125	149
2	13	17	224	330	149
22	387	0	83	274	149
2	19	22	0	268	149
0	12	14	0	232	149
12	777	0	666	316	149
7	400	0	443	224	149
378	1	512	0	352	149
94	1	43	0	255	149
127	1	117	0	257	149
106	3	223	19	310	149
126	3	349	8	391	149
357	36	2486	206	281	149
46	7	117	7	184	149
2	44	0	77	270	149
0	15	27	417	250	149
23	0	542	24	216	149
27	4	15	0	710	149
8	3	41	21	536	149
15	121	0	74	330	149
1017	17	526	24	214	149
701	0	470	16	266	149
280	0	393	10	268	149
20	4	105	6	252	149
97	0	243	12	276	149
101	0	229	11	302	149
0	4	1	29	400	149
14	1420	34	1800	330	149
8	1420	17	1800	320	149
12	26	0	48	320	149
1127	26	1394	48	258	149
2586	9	3892	0	258	149
0	4	17	0	258	149
1141	9	1411	0	262	149
844	0	1789	2	386	149
783	0	1720	2	266	149
770	0	1704	2	248	149
0	799	1	1898	230	149
44	0	27	13	302	149
12	12	191	2	182	149
172	0	467	4	230	149
13	93	84	353	158	149
44	8	110	0	189	149
63	15	189	8	212	149
70	0	440	3	261	149
20	0	195	13	237	149
3	0	22	23	337	149
4	0	61	6	238	149
13	0	82	23	238	149
0	9	9	30	207	149
9	20	0	57	243	149
24	3	17	10	220	149
6	3	18	0	320	149
2	0	16	23	320	149
12	7	10	23	295	149
3	18	4	59	295	149
0	12	10	10	374	149
5	3	10	4	374	149
104	3	253	4	3335	149
104	3	217	4	2837	149
11	18	23	59	263	149
16	3	10	4	263	149
8	16	0	17	255	149
281	11	16	0	257	149
61	4	146	26	266	149
13	15	20	46	356	149
4	0	182	13	539	149
29	4	26	14	303	149
79	46	204	62	292	149
53	13	170	37	292	149
166	4	477	0	272	149
162	6	638	0	322	149
0	70	4	226	201	149
144	0	399	7	252	149
1	95	0	305	234	149
25	0	314	18	292	149
114	6	377	0	247	149
40	7	115	0	346	149
11	4	33	0	216	149
30	0	18	10	211	149
1	0	18	17	264	149
18	5	32	0	321	149
11	8	0	10	312	149
1	0	31	8	374	149
15	0	105	6	374	149
113	0	264	6	251	149
2	106	44	150	305	149
127	20	234	9	187	149
52	1	52	0	187	149
10	84	7	182	274	149
73	1	97	0	238	149
125	6	270	0	238	149
28	90	0	153	270	149
132	8	153	0	319	149
413	6	266	0	252	149
0	78	47	145	242	149
0	71	6	111	199	149
34	0	114	10	193	149
127	6	324	1	224	149
33	4	251	23	240	149
7	2	102	0	275	149
2	7	105	12	284	149
0	9	11	114	185	149
1	0	54	10	316	149
36	0	720	16	258	149
46	3	113	0	241	149
0	1	9	10	274	149
1	0	96	6	266	149
0	1	74	10	266	149
1	2	102	0	245	149
49	1	237	0	437	149
6	0	163	13	458	149
0	5	10	0	890	149
9	4	135	0	560	149
19	6	73	0	199	149
9	2	30	50	199	149
21	2	35	50	316	149
25	0	79	1	316	149
5	2	13	0	252	149
16	2	73	0	228	149
113	13	178	0	216	149
637	5	1275	0	320	149
13	3	107	0	237	149
0	42	4	113	303	149
3	597	0	148	267	149
1679	6	267	13	350	149
24	0	87	4	380	149
63	0	266	2	329	149
12	24	14	99	260	149
0	6	30	0	257	149
91	5	84	40	263	149
26	5	27	40	401	149
105	6	378	51	274	149
34	2	108	0	200	149
118	12	233	20	246	149
4	94	0	229	269	149
2	37	0	148	260	149
40	1	68	0	264	149
110	14	150	10	328	149
116	8	51	134	413	149
40	0	189	14	288	149
6	6	6	0	260	149
85	0	677	31	353	149
10	0	216	8	266	149
143	5	495	0	286	149
476	13	788	0	305	149
301	6	397	0	339	149
1013	19	1103	0	321	149
102	1	683	0	393	149
18	0	124	12	307	149
535	11	1753	58	284	149
319	14	596	24	239	149
379	1	809	0	364	149
11	62	24	351	344	149
18	62	66	351	377	149
50	6	138	12	324	149
12336	17	7837	41	316	149
84	9	359	42	211	149
87	3	153	57	290	149
11	14	0	12	392	149
12	0	10	11	378	149
3	0	51	9	364	149
5	0	41	13	262	149
15	1	215	5	223	149
27	1	212	5	604	149
1	40	0	169	218	149
492	0	1144	18	294	149
18	7	65	70	200	149
0	85	4	792	619	149
276	0	2144	9	419	149
1204	2	3120	0	284	149
6	694	6	1700	220	149
19	0	327	9	265	149
0	115	44	449	197	149
159319	146	42	0	322	149
41	75796	0	27	411	149
10	2	18	0	273	149
1	11	16	21	294	149
175	1	945	39	211	149
21	0	163	12	208	149
330	24	1630	80	565	149
140	20	759	27	565	149
443	24	2025	80	364	149
253	20	1154	27	364	149
287	24	1431	80	312	149
97	20	560	27	312	149
143	20	664	27	224	149
309	0	1490	35	224	149
96	0	570	37	224	149
63	0	348	37	205	149
304	4	1308	2	205	149
83	0	195	46	276	149
1	0	256	22	243	149
10	0	283	6	247	149
9	0	608	22	247	149
717	48	679	65	216	149
438	3	349	0	209	149
244	3	1688	0	413	149
551	0	2007	2	395	149
32	1	27	0	427	149
15	1	43	0	375	149
1	0	119	7	208	149
1	3	46	0	316	149
17	88	0	346	531	149
7	88	10	346	224	149
100	3	63	0	267	149
7	0	17	35	382	149
8	34	0	78	193	149
4	46	0	61	246	149
48	6	84	0	266	149
57	2	75	0	266	149
18	2	14	0	266	149
55	232	208	362	600	149
29	232	67	362	280	149
1119	0	1355	10	302	149
21	585	15	709	206	149
946	3	1108	10	196	149
95	0	224	7	319	149
73	0	183	8	325	149
11	247	8	1210	241	149
11	0	6	6	249	149
0	25	6	97	221	149
18	25	23	97	291	149
4	0	0	6	291	149
14	0	0	28	328	149
0	7	10	0	344	149
0	46	12	39	238	149
339	10	170	1	296	149
2	12	43	181	260	149
6	3	11	73	263	149
0	3	5	54	224	149
0	1	3	39	199	149
0	1	3	39	194	149
0	61	8	58	239	149
77	0	346	28	304	149
118	4	207	74	236	149
1	61	20	281	238	149
0	102	4	113	263	149
553	0	892	14	224	149
248	1	686	0	285	149
0	14	21	5	270	149
1640	0	852	13	317	149
473	0	143	13	221	149
1774	2	596	0	227	149
45	0	562	6	198	149
4627	5	2932	20	320	149
2630	18	1321	0	320	149
2001	36	1654	39	225	149
30	18	78	0	225	149
25	2	102	0	344	149
3	0	44	4	355	149
309	1	381	0	278	149
258	5	172	0	401	149
4	49	0	37	291	149
211	0	609	12	964	149
36	0	100	8	245	149
0	58	6	238	216	149
251	2	168	7	249	149
36	0	63	19	263	149
3	0	35	22	247	149
2	0	134	15	216	149
5	5	55	0	250	149
5	0	18	10	231	149
71	8	59	0	183	149
32	2	62	0	243	149
29	7	123	5	234	149
51	0	158	21	262	149
2480	1	195	0	325	149
1	12	21	30	245	149
1	12	16	52	245	149
9	12	16	52	188	149
0	9	10	16	208	149
0	1	15	0	192	149
0	4	15	0	192	149
1	12	3	52	270	149
4	9	3	16	270	149
0	1	25	5	262	149
4	1	2	5	318	149
6	1	1	5	374	149
373	2	1311	0	168	149
237	14	850	16	168	149
361	14	1105	16	256	149
745	242	2455	878	256	149
47	0	55	10	310	149
40	7	72	9	189	149
17	7	51	9	267	149
7	4	1	0	252	149
21	0	19	5	596	149
14	0	0	5	353	149
14	17	0	22	353	149
5	12	0	67	257	149
14	31	0	12	241	149
17	31	0	12	251	149
38	31	26	12	343	149
4	10	11	6	345	149
11	5	6	0	299	149
5	6	149	13	235	149
0	6	64	13	254	149
5	6	22	0	191	149
5	0	22	5	191	149
5	6	128	0	194	149
5	0	22	5	194	149
27	0	43	5	314	149
146	2	266	0	310	149
1958	3	1160	0	302	149
1185	6	663	0	213	149
0	48	20	271	282	149
637	0	948	2	287	149
9	292	30	483	265	149
2	0	19	15	320	149
10	0	172	19	1851	149
8	2	32	58	399	149
1	60	0	41	406	149
10	0	33	28	320	149
9	4	19	12	662	149
3	0	0	15	231	149
9	78	37	121	299	149
4	78	21	121	309	149
19374	7	68965	0	177	149
2	0	197	10	279	149
11	0	111	7	283	149
15	1	147	0	292	149
3079	0	30310	2	235	149
54	6	404	0	279	149
153	0	2906	4	283	149
0	117	106	1667	275	149
1	0	37	83	278	149
10	0	123	83	281	149
31	117	698	1667	353	149
31	0	648	11	353	149
31	0	948	8	353	149
156	0	4060	5	221	149
50	0	239	53	321	149
107	0	584	53	287	149
55	46	19	70	215	149
0	10	59	6	404	149
75	5	259	6	382	149
4	0	34	16	220	149
4	0	46	19	292	149
0	2	28	0	358	149
8	26	27	419	205	149
73	26	432	419	894	149
48	15	83	173	2207	149
2	15	14	173	252	149
58	3	83	0	324	149
168	0	1069	5	290	149
325	0	1068	3	223	149
189	8	1400	5	352	149
166	8	1340	5	336	149
7	133	0	478	275	149
182	7	641	27	242	149
2	90	6	327	189	149
10	90	0	327	231	149
22	0	201	12	295	149
12	6	83	21	245	149
82	247	0	8	387	149
168	10	213	20	265	149
102	2	114	0	265	149
64	2	65	0	236	149
128	8	148	4	236	149
63	2	336	0	340	149
338	5	1258	19	276	149
186	2	556	7	245	149
181	20	556	56	245	149
409	2	1738	7	254	149
202	20	586	56	254	149
191	20	1056	56	270	149
401	6	2169	19	270	149
0	219	2	1335	368	149
7	18	0	18	332	149
9	58	86	78	201	149
80	0	232	7	220	149
25	0	233	13	271	149
9	21	5	104	191	149
699	1	456	0	334	149
1288	3	829	0	307	149
477	15	1400	12	450	149
525	5	1695	27	340	149
16	237	91	738	293	149
8	0	95	123	298	149
8	237	94	738	298	149
0	9	6	44	200	149
0	3	36	28	180	149
0	1	47	26	180	149
5	37	4	55	254	149
75	11	96	0	316	149
0	19	326	795	327	149
31	40	45	41	341	149
7	40	0	41	281	149
704	0	792	4	364	149
29	0	305	13	311	149
7	0	125	24	310	149
0	1	17	0	325	149
5	0	7	4	256	149
5	0	6	22	195	149
59	0	52	8	292	149
3	33	0	39	405	149
22	60	0	88	459	149
155	1	179	0	202	149
540	5	278	0	239	149
4352	2	16617	23	230	149
125	1141	1074	7612	158	149
1588	7	11254	30	206	149
89	0	308	18	285	149
119	0	493	6	308	149
1	12	3	33	350	149
119	1	2268	20	562	149
72	0	2078	20	263	149
132	3	116	9	230	149
175	0	290	16	359	149
43	0	57	9	373	149
78	94	210	611	295	149
11	94	104	611	210	149
8	78	59	210	210	149
0	228	4	773	242	149
1	228	6	773	318	149
1	213	0	898	361	149
1	213	9	898	237	149
8	223	19	969	365	149
6	3	50	4	234	149
0	3	28	30	191	149
373	7	552	15	299	149
10	0	0	19	317	149
14	0	92	19	233	149
13	0	63	14	314	149
21	0	93	12	253	149
7	0	143	11	240	149
3	9	24	114	242	149
162	0	455	7	290	149
20	4	302	71	311	149
23	0	228	6	227	149
18	0	2	27	298	149
55	16	22	0	780	149
31234	11	27	0	244	149
181	33	158	52	386	149
4	8	0	64	279	149
5	88	1	473	319	149
593	0	3670	10	170	149
168	516	389	2972	267	149
0	516	4	2972	242	149
40	4	94	11	173	149
23	2	79	0	337	149
10	28	2	135	239	149
114	3	303	6	232	149
10	28	6	150	244	149
5	5	0	51	244	149
3	5	0	51	372	149
516	28	289	57	253	149
198	0	296	7	277	149
125	6	275	0	239	149
122	2	272	0	261	149
4	47	0	222	216	149
103	3	431	0	306	149
80	10	350	91	292	149
71	34	174	91	666	149
104	34	279	91	239	149
3	89	0	159	198	149
81	0	402	4	237	149
8	2	67	87	403	149
8	0	60	27	403	149
10	2	130	87	691	149
350	0	887	17	300	149
146	0	302	17	278	149
568	4	873	0	257	149
14	0	7	11	296	149
4675	2	13297	0	303	149
2547	6	4630	0	303	149
591	6	2595	0	266	149
2612	4	11008	0	266	149
282	0	924	8	221	149
0	159	54	1200	271	149
12	31	3	50	345	149
13	1	22	0	230	149
7	0	117	7	255	149
0	5	14	38	290	149
139	9	247	0	268	149
269	0	388	35	222	149
22	140	58	326	315	149
5	0	192	3	327	149
7	0	238	3	247	149
6	0	318	3	257	149
9	0	361	18	372	149
9	0	303	24	372	149
7	0	112	24	245	149
7	0	164	8	245	149
8	62	48	120	245	149
176	1	325	6	316	149
215	4	557	0	222	149
22	7	120	151	194	149
12	0	55	6	194	149
3644	23	361	0	293	149
93	5	237	0	270	149
27	1	145	47	316	149
11	1	43	47	278	149
1944	2	110	0	275	149
3255	1	60	0	307	149
7	0	48	17	218	149
14	0	224	17	221	149
7	0	48	17	307	149
8	2	87	0	276	149
37	1	88	0	211	149
26	12	64	0	278	149
1	19	21	139	188	149
0	41	38	125	278	149
10	41	36	125	231	149
13	41	14	125	202	149
0	23	10	183	233	149
4	23	0	183	468	149
93	0	501	1	361	149
37	0	167	1	272	149
116	3	385	0	305	149
64	3	62	8	316	149
73	100	27	134	277	149
387	3	605	0	309	149
1	5	23	0	284	149
16	19	74	56	324	149
120	1	236	0	466	149
1992	58	3381	50	258	149
4802	58	6814	50	234	149
1794	11	1893	0	234	149
535	11	1067	0	239	149
13	1975	0	3553	266	149
1	26	22	125	351	149
78	0	302	7	224	149
261	1	396	0	329	149
206	30	272	99	329	149
87	30	93	99	305	149
169	28	271	54	305	149
144	5	70	0	296	149
29	5	42	0	248	149
0	6	36	4	383	149
91	2	196	0	302	149
3	3	49	169	218	149
4	3	27	109	314	149
10	90	209	284	275	149
74	18	193	217	275	149
143	22	257	372	225	149
35	249	414	503	225	149
39	29	0	12	228	149
40	29	0	12	276	149
106	29	96	12	1068	149
55	5	123	0	252	149
6	1	46	9	276	149
4	6	142	162	328	149
68	12	233	71	390	149
76	12	255	71	340	149
16	0	32	14	340	149
139	12	640	71	263	149
90	0	190	14	226	149
3	0	2	30	372	149
13	12	0	37	260	149
32	14	203	81	341	149
2	0	15	22	222	149
16	3	91	0	254	149
1521	1	592	0	230	149
17	1	53	3	323	149
6	18	0	53	220	149
15	18	58	53	2880	149
45	60	65	127	257	149
101	0	1220	47	343	149
58	0	632	47	383	149
157	0	1516	60	500	149
5	0	3	4	201	149
13	5	66	3	309	149
2464	156	178	43	274	149
8	4	127	33	235	149
0	3	27	0	268	149
2	405	19	2462	5078	149
563	4	3155	0	239	149
7	0	141	9	271	149
1585	5	5187	45	281	149
1206	577	2667	1234	242	149
562	40	1268	211	242	149
1079	40	2225	211	191	149
1258	83	2631	120	191	149
0	23	10	200	262	149
152	21	700	43	496	149
215	21	1100	43	458	149
5	84	14	254	376	149
6	115	0	385	395	149
1534	3	3628	0	327	149
724	2	2	0	264	149
1301	54	2	0	245	149
357	1	1	0	245	149
5526	5	1	0	416	149
1	0	279	8	354	149
1	0	132	2	229	149
75	69	13	5	255	149
5	1217	0	98	281	149
798	13	297	0	213	149
347	3	122	0	298	149
727	1	569	0	257	149
582	0	2238	38	380	149
194	0	1288	21	306	149
29	0	73	3	341	149
3	220	0	149	243	149
2	0	95	34	194	149
130	0	580	5	360	149
205	7	728	0	335	149
66	6	271	0	341	149
382	0	934	20	389	149
396	3	806	0	355	149
126	0	800	6	302	149
223	0	1642	6	218	149
434	6	2137	46	241	149
62	0	246	6	257	149
163	7	345	0	281	149
744	0	729	9	312	149
1	5	51	0	257	149
302	0	1046	12	410	149
44	13	281	0	335	149
18	0	138	15	240	149
0	7	67	48	236	149
0	10	25	25	196	149
10	0	12	13	223	149
0	16	35	4	289	149
79	2	230	0	584	149
53	6	393	35	242	149
18	9	215	0	234	149
19	10	0	38	375	149
0	233	10	1065	327	149
13	304	28	859	253	149
0	304	8	859	208	149
0	35	22	39	203	149
61	0	215	20	241	149
148	166	275	606	362	149
130	68	275	108	362	149
178	166	309	606	326	149
92	213	108	447	326	149
156	68	257	108	326	149
70	404	56	205	326	149
1169	9	1899	4	312	149
200	2	429	0	291	149
1170	9	1673	4	291	149
2	9	12	4	267	149
2	976	12	1269	267	149
1998	4	1986	0	290	149
6083	7	2442	0	284	149
1920	7	556	0	221	149
27	0	1089	24	1086	149
25	0	1044	5	1086	149
6	0	183	5	287	149
23	0	280	6	280	149
6	104	6	100	214	149
1	0	12	14	210	149
1	0	85	14	326	149
30	9	44	12	262	149
30	6	65	0	236	149
10	56	0	158	226	149
92	0	353	37	248	149
24	2	160	0	217	149
2	0	3	70	243	149
0	2	17	41	266	149
0	6	23	21	266	149
29	6	77	21	293	149
27	0	36	6	293	149
14	3	0	6	1693	149
29	0	29	7	291	149
22	0	334	17	405	149
31	0	510	17	372	149
208	6	220	3	228	149
25	50	45	55	230	149
12	0	125	8	243	149
4	8	20	0	272	149
26	4	37	7	327	149
30	0	2907	14	239	149
12	0	95	18	250	149
19	0	135	4	250	149
8	0	43	4	547	149
8	7	25	40	547	149
2	0	4	20	212	149
0	2	2	4	237	149
2	0	11	20	322	149
2	0	31	21	322	149
2	0	11	18	322	149
2	0	13	11	322	149
0	2	68	10	205	149
0	4	170	83	260	149
1003	7	593	0	313	149
10	118	24	1278	230	149
183	0	1550	5	201	149
0	1	5	14	205	149
3	0	53	28	404	149
9	0	37	14	404	149
2	0	153	14	312	149
3	7	141	0	312	149
54	5	73	5	236	149
0	42	5	69	268	149
3	8	23	57	348	149
24	1	8	0	320	149
6	974	0	1094	176	149
991	2	624	0	280	149
1462	6	1314	0	280	149
139	14	292	122	1677	149
224	9	280	0	319	149
25	7	104	0	271	149
0	35	21	131	233	149
30	3	9	5	274	149
1817	10	2584	44	262	149
21	6	93	0	243	149
42	0	138	13	260	149
13	27	36	124	218	149
47	3	143	73	257	149
0	2	8	66	190	149
134	137	65	89	275	149
92	44	34	0	275	149
1783	8	471	0	312	149
14	267	0	261	347	149
559	2	779	0	235	149
28	368	153	391	265	149
0	94	5	394	240	149
0	94	5	394	282	149
798	3	975	0	205	149
765	3	1008	0	266	149
332	0	392	12	266	149
224	2	691	36	259	149
224	0	691	12	229	149
644	2	1341	36	229	149
3	347	0	941	356	149
2	347	14	941	292	149
2930	12	5931	0	249	149
4	1504	0	3259	287	149
7	254	21	1823	446	149
7	254	0	1823	421	149
2	254	6	1823	329	149
189	0	1031	10	218	149
41	272	17	845	684	149
1238	0	1778	18	278	149
1850	0	2038	4	216	149
0	2	135	22	242	149
3232	1	2613	0	229	149
2704	14	2683	9	232	149
984	5	777	0	232	149
1129	5	913	0	379	149
1665	5	1420	0	470	149
497	5	494	0	187	149
2151	5	2365	0	187	149
43	4	33	11	204	149
78	12	112	0	204	149
302	0	340	35	240	149
237	1	248	0	303	149
312	7	957	4	242	149
409	13	336	7	218	149
0	3	45	24	248	149
875	2	4188	0	244	149
471	20	1885	68	244	149
356	20	2035	68	255	149
748	0	4255	18	255	149
356	0	1993	6	255	149
4	6	7	93	394	149
1	0	6	19	292	149
868	2	593	10	228	149
836	5	641	20	227	149
190	4	455	63	275	149
0	55	14	186	409	149
2	0	5	1	349	149
0	33	12	163	283	149
6	11	110	218	257	149
4643	25	8241	20	294	149
0	10	12	32	221	149
56	20	207	30	252	149
0	37	3	155	210	149
102	11	235	102	1559	149
101	11	232	102	1583	149
1	11	6	102	297	149
1	11	0	102	255	149
7	0	69	10	247	149
2	41	0	64	271	149
3	32	0	79	271	149
30	0	116	20	280	149
1	3	37	0	266	149
3	3	47	0	302	149
0	2	15	16	234	149
0	2	8	16	211	149
57	187	22	231	286	149
90	5	113	23	293	149
2	0	79	9	241	149
8	0	240	76	261	149
10	8	166	0	283	149
41	3	176	7	222	149
0	53	20	549	251	149
13	2	19	3	261	149
22	8	56	15	262	149
33	61	71	140	259	149
8	0	41	18	237	149
3264	215	16384	1180	241	149
738	0	3385	10	185	149
2724	0	11797	12	170	149
48	4	208	0	236	149
5737	7	10440	28	276	149
5615	2	11095	0	266	149
5275	0	9179	13	259	149
122	4	122	0	331	149
11	0	199	19	379	149
9	0	94	19	364	149
14	0	53	23	244	149
317	0	746	7	230	149
942	83	1701	172	185	149
4	777	0	1352	218	149
314	211	566	784	425	149
803	211	1098	784	598	149
0	18	13	61	208	149
40	0	147	8	269	149
196	0	143	14	199	149
4	64	0	210	235	149
529	379	393	237	326	149
105	134	32	161	375	149
52	1	65	13	424	149
3	63	0	12	268	149
1574	6	48	0	289	149
1023	61	2505	251	172	149
38	1	102	0	261	149
28	1	93	0	357	149
5	0	67	12	256	149
8	0	196	5	277	149
0	1	134	0	277	149
6	1	40	0	319	149
14	0	102	5	319	149
46	0	188	26	332	149
21	0	90	4	236	149
26	4	38	19	235	149
3	2	0	20	174	149
87	0	562	9	230	149
1	0	7	23	230	149
249	0	1690	9	204	149
8	0	23	23	204	149
186	0	901	23	237	149
434	6	2621	23	237	149
853	7	2308	10	272	149
92	3	19	0	239	149
14172	7	26063	5	230	149
5932	7	10783	5	488	149
15	7	132	0	323	149
1	0	220	14	380	149
0	1	38	59	176	149
2	0	111	47	1274	149
6	123	21	174	271	149
183	2	275	21	227	149
2	0	0	8	241	149
4	0	19	56	208	149
3	0	1	14	208	149
11	2	165	7	274	149
0	40	9	27	311	149
12	29	21	42	323	149
3	29	0	42	322	149
9	6	0	11	322	149
40	0	30	13	296	149
60	16	92	4	274	149
10	28	37	57	490	149
15	0	114	3	264	149
1	0	9	73	173	149
106	4	272	0	212	149
17	35	43	254	218	149
3	35	22	254	242	149
11	7	51	0	242	149
79	6	235	97	288	149
1281	7	856	0	358	149
42	0	222	6	384	149
5	0	85	18	293	149
28	0	306	5	468	149
7	0	231	8	468	149
2	0	115	7	257	149
0	2	7	31	203	149
4	4	45	14	260	149
0	4	9	14	257	149
41	6	116	0	214	149
3467	0	636	6	719	149
2821	1	505	0	719	149
845	1	218	0	356	149
639	44	110	0	460	149
59	8	9	0	296	149
0	11	8	112	174	149
24	0	157	9	254	149
14	10	119	43	326	149
5	0	20	87	281	149
5	0	45	87	317	149
6	0	146	34	224	149
41	24	222	203	224	149
251	101	473	294	178	149
407	3	1408	38	211	149
162	3	230	8	215	149
0	155	3	195	236	149
418	8	359	0	323	149
265	8	178	0	311	149
78	0	162	12	336	149
30	0	268	14	345	149
18	0	23	10	343	149
12	0	22	10	296	149
814	0	931	14	361	149
1293	0	1599	14	337	149
3	8	15	88	360	149
4	0	10	44	196	149
33	0	242	6	240	149
1096	3	1218	2	362	149
27	2	92	0	234	149
23	2	128	0	237	149
0	3	8	19	345	149
3	0	60	10	344	149
606	4	738	5	398	149
1105	1	1614	0	291	149
253	0	513	14	261	149
572	0	1144	9	266	149
538	0	1333	12	334	149
5	2	66	0	211	149
10	2	149	0	292	149
2	7	0	52	284	149
14	4	84	0	247	149
610	1	69	0	633	149
1028	1	143	0	281	149
39	2	51	2	351	149
12	14	65	2	276	149
82	0	144	12	261	149
204	7	476	0	217	149
1	0	29	6	298	149
13	84	59	78	331	149
948	7	603	17	326	149
3	0	100	16	341	149
116	0	125	14	202	149
65	0	234	14	182	149
258	0	947	29	182	149
259	17	547	58	230	149
447	17	1581	58	265	149
325	17	803	58	310	149
3	17	24	58	306	149
4	21	24	57	306	149
15	140	24	791	306	149
124	0	769	10	224	149
609	4	1016	0	213	149
980	290	2520	685	356	149
2	223	17	1078	214	149
252	2	1211	24	183	149
58	7	248	0	262	149
206	1	39	0	192	149
79	0	70	6	259	149
277	0	237	6	190	149
33	248	82	200	289	149
40	248	54	200	286	149
573	2	428	0	240	149
17	0	505	8	276	149
11	0	253	20	294	149
7	0	144	17	257	149
3	0	49	20	263	149
0	6	24	13	263	149
30	0	146	11	242	149
3	0	17	11	398	149
3	0	4	11	555	149
92	0	339	13	404	149
74	0	126	25	278	149
72	12	204	7	278	149
223	0	281	14	220	149
17	0	86	22	285	149
1	0	11	38	176	149
9	31	126	213	311	149
0	31	6	213	380	149
0	3	6	72	380	149
0	8	25	244	158	149
59	23	347	338	341	149
76	0	543	13	267	149
56	44	140	8	301	149
13	1	39	0	218	149
22	8	94	0	331	149
0	33	46	94	242	149
11	13	96	12	242	149
0	1	4	19	285	149
1684	2	4364	0	221	149
147	29	364	9	415	149
99	0	230	16	328	149
7	0	40	6	319	149
6	167	6	305	244	149
1	106	0	173	237	149
46	3	421	0	239	149
27	18	4	33	260	149
27	223	101	392	630	149
25	6	13	0	294	149
37	3	12	0	233	149
175	2	253	0	231	149
106	55	161	144	214	149
23	5	7	0	272	149
44	18	104	29	414	149
36	18	86	29	318	149
54	18	92	29	265	149
16	0	83	4	213	149
470	2	1556	0	216	149
1949	20	1644	58	274	149
1	0	86	3	411	149
1	0	114	3	420	149
7	161	0	223	329	149
7	60	7	237	217	149
25	60	88	237	333	149
0	8	56	1	323	149
39	5	561	3	344	149
0	33	18	233	170	149
1	2	2	6	193	149
29	2	157	6	430	149
0	32	18	29	271	149
2	0	40	16	263	149
2	1	69	0	247	149
4	6	0	12	258	149
1	0	0	28	230	149
35	2	227	0	270	149
59	0	176	15	250	149
146	3	536	0	295	149
21	1	113	10	331	149
26	8	172	10	221	149
38	0	235	14	403	149
316	5	212	22	301	149
1	0	36	11	220	149
2	28	0	112	316	149
1	16	19	98	273	149
19	0	118	16	208	149
25	39	16	28	566	149
408	2	573	0	266	149
870	2	1480	0	290	149
156	31	283	11	282	149
307	31	607	11	353	149
183	5	131	26	255	149
67	9	56	45	272	149
67	1	56	22	272	149
120	9	109	45	287	149
18	1	73	22	289	149
9	4	3	0	289	149
45	10	31	0	289	149
54	9	91	28	271	149
909	4	1337	0	216	149
12	0	76	48	414	149
23	0	95	4	246	149
4	0	53	10	237	149
0	2	15	1	299	149
306	0	948	13	283	149
237	13	993	90	329	149
85	0	421	6	305	149
71	7	452	17	246	149
31	0	215	1	255	149
128	0	469	14	279	149
134	0	476	14	347	149
42	21	341	13	555	149
44	0	362	11	555	149
25	0	169	11	288	149
24	9	30	0	335	149
45	1	73	4	330	149
2	0	686	6	274	149
5	1	46	0	324	149
5	2	35	0	324	149
2	0	0	28	207	149
3	0	0	34	207	149
20	62	0	164	177	149
395	28	969	126	610	149
369	59	870	58	610	149
288	28	625	126	607	149
262	59	526	58	607	149
72	9	173	2	215	149
66	59	198	58	215	149
6	0	120	7	183	149
0	2	27	7	218	149
2734	19	13088	89	219	149
14	2	86	0	265	149
15	2618	17	8195	303	149
2543	6	7808	0	284	149
304	0	3457	2	338	149
221	0	2359	47	230	149
40	0	645	11	230	149
151	0	1132	11	233	149
326	0	2752	3	233	149
2150	48	1153	22	249	149
17	1255	0	522	230	149
2399	55	842	3	220	149
22	0	47	2	342	149
20	0	47	2	340	149
80	29	267	25	327	149
3	49	22	58	243	149
481	1	1080	0	205	149
8	0	52	15	249	149
6	0	45	24	275	149
23	0	40	6	273	149
203	0	1299	10	241	149
25	6	259	12	243	149
44	10	519	84	292	149
150	25	276	28	415	149
75	0	48	10	216	149
1569	0	2206	10	230	149
423	0	350	5	431	149
342	0	285	5	313	149
7	35	0	14	220	149
19	35	0	14	290	149
15	34	0	33	290	149
88	34	62	33	528	149
69	34	55	33	324	149
90	34	63	33	248	149
61	2	49	0	248	149
1590	0	2810	16	380	149
1124	16	2629	36	281	149
440	16	1162	36	314	149
53	44	66	174	253	149
73	44	95	174	279	149
57	3	78	0	279	149
76	3	270	0	223	149
58	3	113	0	223	149
21	30	114	19	209	149
21	6	105	0	209	149
23	2	249	0	293	149
46	2	478	0	299	149
7	0	48	18	190	149
50	0	414	18	297	149
120	0	318	4	234	149
162	0	394	8	234	149
53	0	173	8	204	149
40	0	126	10	248	149
24	0	598	2	282	149
7	40	123	164	286	149
60	1	192	6	278	149
0	4	27	0	579	149
0	10	16	49	254	149
3734	285	8	5	250	149
3471	152	8	12	250	149
4725	285	8	5	287	149
4768	152	8	12	287	149
16088	16	826	0	285	149
880	2	860	0	477	149
0	19	1	166	268	149
3	7	0	50	339	149
74	7	297	0	209	149
75	7	451	24	286	149
36	1	278	0	286	149
122	0	281	6	246	149
447	2	608	0	232	149
371	70	694	295	333	149
1608	70	3640	295	198	149
323	0	642	7	198	149
1563	0	2290	2	219	149
142	6	179	0	265	149
8	90	0	96	252	149
2	138	38	288	242	149
8	138	21	288	236	149
8	138	0	167	242	149
85	26	166	15	218	149
393	26	586	15	314	149
14	2	69	0	308	149
15	2	50	0	304	149
259	12	428	7	384	149
808	8	8	0	249	149
7	70	0	2	333	149
107	6	225	9	272	149
70	10	145	0	299	149
112	0	237	11	275	149
2	0	167	11	310	149
7	4	24	0	192	149
19	75	0	52	377	149
103	33	8	0	203	149
74	6	103	0	199	149
94	1	364	0	372	149
127	2	478	26	278	149
156	12	627	22	274	149
5	23	0	150	220	149
3	23	0	150	226	149
36	116	131	441	199	149
1	111	65	329	199	149
650	4	1759	8	404	149
643	4	1618	8	401	149
164	22	737	10	330	149
60	6	442	58	564	149
66	6	527	58	618	149
4	1	70	21	197	149
49	1	289	7	237	149
0	1	48	0	238	149
278	4	203	0	321	149
1821	8	238	0	287	149
13	0	141	1	253	149
0	180	9	746	320	149
768	0	1531	13	294	149
42	0	222	25	200	149
188	5	981	20	254	149
116	5	535	20	233	149
13	6	0	11	188	149
38	2	18	0	276	149
13	0	0	19	268	149
28	2	0	4	268	149
5	1	67	0	253	149
45	5	609	17	241	149
57	2	451	0	350	149
5	0	9	13	213	149
7	79	15	99	270	149
3	4	0	9	243	149
4024	20	36	0	278	149
3980	28	134	0	390	149
559	255	0	32	278	149
879	3	36	0	306	149
116	590	0	4	371	149
809	0	6955	14	299	149
1919	0	16704	14	266	149
975	0	8521	1	266	149
2126	0	19624	1	705	149
1147	0	10990	1	296	149
2603	4	10030	30	224	149
114	1723	494	6057	321	149
112	4	494	30	305	149
185	1723	973	6057	305	149
1802	0	6381	4	305	149
126	0	58	4	209	149
27	349	68	130	311	149
10	2	58	13	267	149
1	2	4	13	257	149
7	0	4	7	257	149
4	10	32	0	345	149
10	0	70	11	343	149
1796	263	457	175	251	149
796	10	364	0	233	149
3	35	0	125	253	149
29	4	258	36	278	149
0	20	33	57	245	149
105	9	216	14	277	149
82	1	237	0	258	149
194	2	276	7	276	149
6	0	0	5	303	149
17	0	10	10	376	149
0	8	20	0	235	149
37	43	131	100	246	149
85	0	339	9	315	149
45	23	196	239	324	149
65	23	141	239	327	149
11	5	0	77	348	149
0	1	1	0	218	149
2	19	10	52	218	149
91	0	471	2	342	149
30	2	235	18	236	149
9	0	314	22	313	149
5	0	17	32	224	149
57	0	696	43	194	149
192	649	2003	3837	194	149
0	649	43	3837	265	149
0	135	49	1363	265	149
0	135	37	1363	269	149
106	7	82	0	230	149
66	0	159	29	247	149
143	2	647	0	219	149
1848	0	4689	12	230	149
87	0	467	13	252	149
110	9	567	0	368	149
0	4	6	27	265	149
16	4	148	0	334	149
98	0	275	29	208	149
30	0	102	5	285	149
347	1	1	0	268	149
5267	5	1	0	327	149
234	21	148	24	232	149
125	21	96	24	283	149
351	11	248	0	283	149
0	7	2	94	283	149
91	0	124	1	223	149
225	4	224	0	223	149
30	19	50	6	218	149
22	60	71	107	218	149
36	60	8	107	299	149
25	0	3	22	299	149
0	14	12	13	182	149
18	14	45	13	368	149
4	0	5	57	195	149
7	22	0	6	247	149
4	29	0	9	266	149
7	7	0	9	231	149
5	7	13	9	210	149
6	0	40	30	496	149
3	34	7	108	225	149
13	2	47	0	227	149
21	0	97	2	207	149
14	2	94	0	207	149
6	3	77	0	207	149
16	2	20	0	282	149
31	10	58	37	282	149
7	0	37	20	265	149
53	3	300	0	391	149
61	0	337	20	391	149
1	0	0	7	271	149
3	0	45	7	363	149
9	1	62	0	363	149
54	9	69	0	315	149
28	10	4	41	406	149
65	5	11	14	2266	149
40	12	2	0	2266	149
42	5	50	14	272	149
17	12	34	0	272	149
15	7	4	0	272	149
22	12	26	0	236	149
46	7	28	0	236	149
74	5	159	12	244	149
99	0	154	11	275	149
44	0	103	10	299	149
7	0	4	37	211	149
158	4	89	0	250	149
122	4	32	0	339	149
12	0	270	4	186	149
8	0	74	12	204	149
7	25	107	266	206	149
38	0	192	5	278	149
61	0	431	9	263	149
19	0	30	18	241	149
33	6	50	0	254	149
66	0	246	2	357	149
470	14	169	10	736	149
65	37	40	8	356	149
24	6	84	0	288	149
24	0	144	3	326	149
2	0	5	25	263	149
16	0	231	7	241	149
10	26	6	129	315	149
24	0	225	7	328	149
29	234	73	184	238	149
46	234	84	184	243	149
0	14	24	21	321	149
11509	23	22897	10	268	149
3930	23	10063	10	283	149
21308	0	34307	22	395	149
1189	0	2264	8	217	149
395	0	1010	6	276	149
881	7	1996	45	216	149
5	0	259	24	308	149
25	0	16	35	467	149
149	0	234	12	259	149
3	0	2	12	384	149
13	0	12	21	345	149
0	14	59	0	215	149
0	8	18	0	215	149
14	8	4	0	221	149
8	0	26	13	226	149
0	1	15	17	379	149
58	2	182	0	271	149
6	31	0	64	228	149
50	0	146	12	283	149
7	6	26	51	251	149
14	6	62	51	331	149
63	0	275	3	266	149
0	6	60	50	917	149
26	0	86	18	232	149
45	36	111	143	218	149
163	4	337	0	304	149
15	138	14	125	285	149
760	2	447	0	289	149
16	0	64	42	1756	149
6	12	7	25	459	149
0	4	12	5	215	149
0	4	27	5	226	149
5	4	12	5	367	149
0	2	12	5	210	149
6	0	9	12	335	149
122	0	410	15	282	149
14	3	75	12	204	149
34	4	179	0	275	149
66	4	272	0	308	149
12	26	8	138	330	149
18	8	67	99	589	149
0	8	8	99	290	149
0	8	18	99	381	149
0	8	9	99	389	149
0	8	60	123	336	149
32	7	143	0	267	149
14	9	253	0	255	149
18	0	63	19	400	149
9	8	52	0	206	149
4	8	0	55	231	149
1	6	29	78	216	149
5	0	44	1	383	149
10	2	66	0	383	149
7	2	46	0	335	149
4	15	0	55	265	149
8	140	8	529	383	149
8	140	8	529	349	149
28	0	36	13	181	149
88	12	336	12	246	149
26	0	94	27	181	149
112	0	298	27	254	149
108	3	512	10	220	149
1	0	68	2	257	149
1	4	61	16	257	149
13	0	147	18	310	149
71	0	304	1	386	149
2	30	27	193	270	149
356	2	120	0	418	149
502	2	156	0	316	149
3	288	0	35	245	149
14	0	138	26	440	149
6	0	0	21	425	149
2841	5	8967	183	343	149
1843	2	5611	0	343	149
1742	0	5285	10	343	149
285	9	577	0	275	149
0	15	32	92	342	149
530	34	295	0	278	149
2	0	98	6	278	149
26	4	8	22	545	149
1	4	0	22	324	149
4	4	0	22	238	149
2	11	0	8	238	149
1935	2	3490	10	260	149
120	17	399	38	282	149
546	0	382	17	258	149
17	430	0	285	373	149
17	430	0	285	349	149
80	755	12	664	284	149
808	0	3769	5	274	149
627	0	3235	15	245	149
4	519	0	1519	187	149
1140	3	3641	44	269	149
3	0	50	6	299	149
1139	1	3635	53	299	149
575	0	2272	6	259	149
38	265	106	1351	285	149
2	0	13	51	252	149
1	0	0	51	186	149
328	2	319	14	326	149
307	14	342	29	299	149
4	22	5	22	271	149
4	10	5	47	271	149
2	0	54	11	226	149
12	4	34	0	308	149
55	6	119	0	286	149
63	1	60	0	264	149
175	1	281	0	274	149
94	9	268	7	321	149
0	9	25	7	245	149
17	32	34	78	245	149
0	2	41	0	247	149
0	6	3	42	200	149
24	0	164	4	260	149
11	0	77	9	213	149
132	3	392	0	234	149
22	0	115	30	342	149
8	0	46	30	220	149
0	17	8	68	446	149
63	0	179	2	299	149
8	3	166	6	195	149
75	0	501	17	223	149
98	0	795	61	298	149
13	4	125	0	306	149
34	3	1	0	268	149
0	214	24	1385	327	149
37	1	112	0	283	149
0	1	8	37	282	149
8	11	51	12	204	149
127	7	410	68	261	149
71	51	304	66	261	149
321	51	917	66	2318	149
3	62	0	106	203	149
3	62	0	106	241	149
3	62	13	106	327	149
254	6	597	0	401	149
260	51	659	66	370	149
315	6	697	0	370	149
24	86	49	184	224	149
23	167	28	174	224	149
238	13	428	160	308	149
133	167	222	174	308	149
63	15	70	11	308	149
94	167	246	174	209	149
218	32	317	23	209	149
37	1	167	0	200	149
2281	0	1047	5	309	149
1049	0	525	5	307	149
2032	0	1228	10	323	149
537	0	1598	6	318	149
951	163	1600	261	290	149
5	10	70	12	242	149
8	12	0	84	191	149
30	19	50	97	212	149
0	3	5	0	264	149
2	3	4	0	227	149
3	2	7	0	227	149
0	2	5	0	196	149
0	19	6	104	192	149
56	0	114	13	278	149
19	5	114	7	186	149
86	0	153	4	241	149
129	0	228	2	232	149
205	5	215	0	232	149
130	6	259	0	229	149
268	0	376	11	208	149
77	7	273	0	292	149
31	969	44	892	265	149
1601	2	1425	0	254	149
1969	3	1643	18	290	149
2017	5	1943	0	229	149
17161	8	4938	3	307	149
6632	6	2233	0	307	149
8841	6	2110	0	264	149
19269	17	4770	0	264	149
2	40	0	209	1259	149
71	7	225	52	191	149
0	6	1	55	270	149
0	6	5	55	302	149
0	6	5	55	276	149
6	9	94	49	279	149
147	6	607	0	226	149
64	0	305	36	300	149
68	0	285	36	215	149
191	0	719	36	212	149
120	6	323	7	219	149
121	0	281	29	219	149
259	213	707	582	219	149
5	30	0	70	229	149
6	213	40	582	224	149
42	22	130	58	224	149
29	173	123	521	224	149
6	213	62	582	221	149
49	22	61	58	221	149
13	173	46	521	221	149
0	15	3	76	220	149
86	173	162	521	221	149
116	15	180	76	221	149
85	173	43	521	363	149
118	15	77	76	363	149
36	122	135	428	301	149
6	3	0	36	203	149
117	4	446	0	341	149
234	4	859	0	326	149
649	4	606	0	243	149
1588	0	826	9	229	149
140	3	164	0	335	149
45	1	6	0	280	149
3	104	45	113	225	149
2	104	14	113	214	149
156	1	135	0	235	149
263	0	386	6	225	149
338	0	592	12	287	149
435	3	633	1	312	149
215	3	434	0	285	149
202	0	210	9	357	149
129	1	149	0	315	149
6	4	14	0	342	149
101	109	253	500	224	149
62	9	786	13	2267	149
48	8	250	4	201	149
48	1	103	0	280	149
78	2	222	0	212	149
101	19	334	14	226	149
96	5	249	6	218	149
13	2	19	0	202	149
0	41	14	121	281	149
405	4	1014	0	292	149
28	3	86	0	308	149
336	0	183	4	277	149
68	1	182	0	234	149
2	4	4	0	229	149
3	0	32	12	280	149
1	0	34	24	341	149
6	0	46	8	230	149
19	0	12	3	230	149
6	19	108	0	237	149
12	22	46	20	257	149
22	1	34	0	287	149
26	9	58	31	206	149
14	74	28	68	181	149
2	3	0	55	216	149
15	4	6	0	218	149
10	1	3	15	218	149
8	0	0	5	372	149
173	0	531	10	251	149
0	8	55	9	204	149
24	5	53	0	422	149
28	14	53	20	422	149
16	8	61	0	219	149
39	0	96	10	295	149
16	0	79	10	365	149
635	12	1702	0	337	149
597	6	1321	0	330	149
898	0	1631	4	271	149
0	1	59	2514	224	149
2	0	2672	18	286	149
52	2	265	22	222	149
49	1	243	18	321	149
68	10	191	0	260	149
177	1	338	10	284	149
37	69	0	168	252	149
22	69	0	168	227	149
374	8	575	20	246	149
277	2	1217	9	314	149
34	47	27	46	200	149
4	0	76	5	425	149
0	1	22	18	290	149
4	0	15	18	260	149
7	3	56	8	196	149
11	0	103	6	184	149
302	19	762	40	267	149
1	166	0	447	223	149
475	0	881	44	219	149
1383	3	1683	0	224	149
1	222	0	237	294	149
190	0	39	20	320	149
23	0	302	2	208	149
4	0	40	2	256	149
4	6	71	212	256	149
80	0	572	2	300	149
233	0	852	18	322	149
106	8	363	0	322	149
101	0	363	18	375	149
177	8	721	0	2069	149
48	8	229	0	224	149
189	14	688	0	224	149
2	0	69	12	295	149
23765	9	7367	0	230	149
23379	6	7291	0	230	149
65407	9	20687	0	215	149
23382	6	7517	0	215	149
162366	2	46848	0	342	149
151	6	87	9	246	149
37	0	346	12	268	149
0	1	17	36	184	149
673	0	6768	12	309	149
1155	0	11494	12	296	149
68	56	100	95	276	149
129	21	63	15	441	149
151	6	134	11	730	149
14	6	45	11	289	149
19	41	51	67	289	149
0	6	14	108	292	149
6	0	246	14	1025	149
266	0	35	1	306	149
107	8	37	0	285	149
5	2	62	43	245	149
5	2	53	43	240	149
343	0	463	15	317	149
203	5	456	59	248	149
204	0	280	30	310	149
267	17	428	0	310	149
123	1	389	16	292	149
0	4	3	6	232	149
276	30	509	1	227	149
26	4	89	17	242	149
143	3	230	0	311	149
96	5	60	0	189	149
0	6	4	0	413	149
0	32	4	0	413	149
0	32	4	0	265	149
5	6	4	0	265	149
4	0	14	10	282	149
20	4	13	14	316	149
8	4	47	10	234	149
42	3	131	0	281	149
62	8	298	0	306	149
24	0	98	3	230	149
4	7	18	2	208	149
29	0	34	18	208	149
17	4	165	8	273	149
24	3	247	17	1092	149
17	18	49	0	249	149
21	1	153	0	281	149
240	1	778	2	286	149
22	0	12	8	265	149
13	122	21	399	265	149
0	122	8	399	266	149
6	0	0	9	266	149
1	253	0	522	243	149
145	0	228	4	203	149
95	7	161	3	261	149
192	7	295	3	248	149
33	0	365	14	394	149
1	0	0	14	260	149
2	15	0	159	260	149
0	15	8	159	395	149
65	21	182	44	272	149
103	0	51	7	254	149
172	0	130	7	258	149
1000	207	2677	311	199	149
662	4	1712	9	209	149
101	4	283	9	200	149
275	7	1028	29	328	149
45	111	317	401	241	149
140	111	1638	401	288	149
15	139	19	921	283	149
0	3	5	27	287	149
24	3	46	11	321	149
8	0	60	13	315	149
912	0	2259	3	227	149
559	1	2209	0	210	149
14	9	7	1	287	149
28	2	158	10	270	149
7	1	3	26	342	149
85	8	628	39	281	149
52	8	303	39	342	149
0	12	36	56	502	149
76	19	137	89	210	149
492	0	486	8	301	149
8	140	5	244	285	149
283	1	450	14	263	149
205	2	415	0	196	149
67	0	120	8	196	149
153	12	274	0	272	149
98	4	83	0	272	149
159	4	231	0	421	149
208	2	424	0	421	149
3	2	229	7	193	149
3358	28	61	0	295	149
2178	8	110	0	239	149
1544	4	76	0	233	149
113	1177	2	45	308	149
4	37	34	111	231	149
2	1	12	21	239	149
31	0	39	25	203	149
32	0	84	6	194	149
83	1	83	0	194	149
86	0	72	10	203	149
33	0	283	5	246	149
157	0	311	7	267	149
0	88	7	183	211	149
3	21	0	46	167	149
28	0	97	37	322	149
48	0	129	37	248	149
17	6	55	0	281	149
149	11	174	0	243	149
227	17	200	24	199	149
41	19	59	21	199	149
158	19	136	21	255	149
323	1	245	0	255	149
2	0	0	12	263	149
2	28	22	43	368	149
5710	5	6303	0	278	149
4242	5	5090	0	289	149
7636	5	9430	0	294	149
120	1	556	0	275	149
1	32	32	378	215	149
75	3	531	12	252	149
43	3	333	12	249	149
90	3	630	14	253	149
333	0	1597	12	303	149
326	0	1622	9	281	149
5	0	53	10	253	149
0	13	10	96	259	149
655	7	1052	0	211	149
4759	14	11568	2	399	149
1	243	11	1580	261	149
0	5	5	26	321	149
17	18	84	30	262	149
18	0	125	19	276	149
194	0	1413	17	320	149
939	0	3137	10	237	149
0	27	14	32	258	149
6	6	22	86	376	149
172	0	361	26	312	149
57	0	270	15	254	149
8	5	141	0	203	149
0	4	20	0	325	149
53	171	128	240	254	149
6	171	19	240	272	149
5	0	2	114	255	149
210	4	17	0	182	149
91	0	698	17	303	149
23	5	199	0	209	149
4	5	70	0	202	149
171	0	181	9	239	149
182	5	201	0	399	149
3	198	0	47	197	149
2	198	0	47	237	149
103	0	26	14	219	149
7	4	13	0	224	149
406	2	16	0	304	149
415	4	16	0	304	149
590	9	16	13	304	149
4	4	16	0	278	149
4	9	0	13	278	149
17	24	16	0	278	149
8	9	0	13	301	149
36	9	0	13	306	149
36	2	16	0	306	149
10	9	0	13	273	149
21	10	8	0	294	149
33	199	7	0	373	149
14	8	7	0	373	149
54	10	15	0	373	149
0	2	14	0	300	149
203	0	305	3	307	149
23	0	331	11	281	149
111	0	291	14	220	149
102	0	139	14	304	149
0	56	29	155	167	149
93	0	301	21	258	149
95	8	1277	0	352	149
50	2	209	76	264	149
185	2	611	76	251	149
0	154	30	730	249	149
187	13	24	0	291	149
16	98	0	2	289	149
10	98	0	2	363	149
60	0	748	8	343	149
77	0	1123	8	340	149
289	4	2706	16	436	149
327	0	2365	27	272	149
360	15	2012	234	276	149
6	0	190	8	700	149
6	51	0	77	296	149
4	5	1	15	416	149
238	12	57	9	250	149
0	16	6	0	222	149
82	23	141	37	191	149
563	23	744	37	296	149
0	352	24	429	164	149
159	0	248	1	173	149
35	5	44	0	173	149
23	5	103	0	212	149
0	48	44	297	270	149
3	48	60	297	274	149
118	9	864	2	230	149
11	0	342	24	232	149
24	2	398	34	225	149
1	0	21	18	381	149
0	631	17	1862	241	149
0	631	11	1862	266	149
0	3	59	0	228	149
400	1	2067	0	284	149
447	1	2309	0	301	149
45	34	617	457	299	149
1	2	109	0	286	149
220	0	711	27	373	149
194	33	964	46	311	149
328	0	971	8	227	149
2612	4	1611	0	342	149
349	6	664	24	267	149
70	6	106	24	200	149
40	0	217	11	240	149
298	0	445	14	263	149
16	0	285	15	337	149
22	2	397	7	339	149
4	0	25	28	181	149
181	5	250	18	236	149
206	5	421	0	262	149
132	4	228	0	262	149
2	0	157	15	350	149
2	0	171	34	233	149
6	0	123	12	314	149
339	49	1453	111	259	149
0	1	16	46	260	149
0	1	20	46	361	149
53	0	168	6	313	149
86	0	298	14	319	149
74	0	273	59	308	149
8	8	97	40	245	149
46	0	619	12	773	149
391	1	1132	0	246	149
2	0	0	34	338	149
0	5	1	74	218	149
6	5	17	74	404	149
14956	2	33517	0	342	149
106	2	44	0	246	149
0	3	20	9	250	149
8	2	104	0	867	149
2	65	0	325	375	149
151	0	297	18	205	149
297	5	13622	71	245	149
2	4	41	0	216	149
2	9	31	43	363	149
2	2	56	32	363	149
28	6	210	0	432	149
18	6	84	0	347	149
5	4	13	36	275	149
381	24	727	12	346	149
236	12	480	0	346	149
82	12	106	0	274	149
206	3	341	0	274	149
32	0	68	25	215	149
0	4	8	70	339	149
4	0	775	7	323	149
2	413	13	1331	170	149
662	0	2676	2	225	149
15	3	45	11	216	149
43	3	157	11	273	149
23	1	135	0	274	149
80	2	187	6	276	149
49	0	232	15	368	149
109	0	760	15	784	149
7	0	70	26	333	149
2	0	91	6	228	149
10	9	32	11	250	149
15	0	2	8	272	149
1034	0	1035	23	431	149
2248	74	2550	110	325	149
878	20	1183	0	235	149
265	3	96	0	564	149
362	32	117	102	564	149
39	32	4	102	217	149
50	111	12	29	217	149
19	503	14	222	381	149
9547	0	38056	16	266	149
6714	0	30059	17	425	149
7	0	18	14	263	149
0	266	19	1188	654	149
209	0	802	20	248	149
452	2	2127	0	246	149
611	0	1691	4	325	149
0	4	4	12	249	149
4	10	146	0	176	149
0	17	6	37	179	149
41	2	66	44	188	149
6	99	78	200	176	149
171	0	473	12	215	149
1185	2	1985	0	266	149
1244	3	1642	8	344	149
14	2	0	58	267	149
7	8	0	26	267	149
0	26	25	76	248	149
967	10	2264	11	338	149
136	28	628	364	461	149
130	28	543	364	450	149
20	28	90	364	228	149
0	28	10	364	239	149
3	45	29	238	239	149
1	66	0	132	237	149
9	4	122	60	246	149
204	30	265	17	210	149
65	30	140	17	1937	149
10	154	6	199	233	149
154	0	134	10	284	149
8511	0	11756	10	343	149
2479	14	4387	0	219	149
0	20	22	55	355	149
31	0	222	39	206	149
0	13	26	108	267	149
18	0	199	17	241	149
455	3	532	0	314	149
147	4	424	0	351	149
14	19	96	164	176	149
26	0	81	22	234	149
12	0	84	8	237	149
12	0	19	2	237	149
4	0	36	2	193	149
80	2	4363	21	248	149
3	0	0	7	182	149
107	7	3103	0	260	149
155	0	3141	22	365	149
193	0	1977	12	299	149
12	0	152	7	282	149
0	2	7	0	170	149
5	0	36	7	335	149
5	0	15	7	271	149
47	1071	38	446	257	149
72	1071	101	446	310	149
129	495	111	222	187	149
54	128	30	66	187	149
46	29	30	58	187	149
32	107	42	102	187	149
17	4	0	7	187	149
53	495	35	222	221	149
161	3	176	0	610	149
666	128	570	66	734	149
344	29	320	58	734	149
583	4	511	7	734	149
261	3	261	0	734	149
3	128	14	66	217	149
727	128	375	66	216	149
336	29	150	58	216	149
393	13	296	0	216	149
2	24	8	113	300	149
3	15	0	67	262	149
20	19	67	50	282	149
144	26	321	8	637	149
117	10	336	29	637	149
143	10	341	29	654	149
75	10	26	29	265	149
76	0	18	15	265	149
36	389	43	339	287	149
26	14	22	0	287	149
770	14	839	0	227	149
417	1	532	0	227	149
130	637	307	845	305	149
313	0	847	18	203	149
255	2	606	0	215	149
652	108	1841	191	215	149
196	108	635	191	239	149
22	404	16	1127	221	149
50	404	71	1127	1045	149
3	164	33	605	304	149
63	164	269	605	222	149
36	0	159	4	222	149
8	74	53	551	242	149
105	0	707	7	201	149
199	0	1319	27	272	149
109	0	805	16	272	149
56	0	410	16	251	149
163	17	978	72	251	149
29	10	44	10	177	149
299	1	791	0	280	149
301	15	751	57	230	149
163	5	301	0	209	149
660	2	895	0	239	149
754	1	1045	14	267	149
198	1	275	14	207	149
0	15	4	19	232	149
26	0	206	18	245	149
179	1	678	0	235	149
208	4	780	13	298	149
118	17	414	66	248	149
23	0	296	27	262	149
15	8	7	13	244	149
13	86	0	159	244	149
28	86	13	159	274	149
1457	11	983	1	289	149
0	11	15	127	207	149
13	8	284	19	267	149
104	0	449	13	284	149
9	17	27	47	375	149
81	5	632	47	195	149
126	0	775	8	269	149
74	3	86	0	256	149
4	354	0	49	185	149
2	1	9	0	322	149
2	0	0	23	297	149
13	2	69	0	196	149
58	118	0	23	208	149
30	118	3	23	356	149
67	18	3	0	356	149
31	8	3	0	356	149
12	7	6	0	278	149
4	0	0	7	356	149
1968	46	4410	235	212	149
32	6	235	5	266	149
85	19	93	39	286	149
51	19	55	39	381	149
412	1	1242	4	313	149
19	8	5	41	405	149
4	2	39	44	233	149
8	0	208	8	310	149
58	2	70	0	260	149
290	5	142	0	252	149
706	1	120	0	248	149
648	6	116	0	203	149
1119	34	411	0	290	149
15	607	0	297	197	149
10	0	371	26	268	149
5	4	29	0	261	149
105	0	527	4	190	149
830	1	3605	23	212	149
2	42	70	83	216	149
56	2	438	25	179	149
11	8	0	20	266	149
653	169	320	213	194	149
131	3	52	0	194	149
130	2	52	3	194	149
353	3	395	0	194	149
71	2	95	3	194	149
699	4	425	0	194	149
100	3	48	0	194	149
255	2	184	3	194	149
256	3	184	0	194	149
929	5	680	7	194	149
6	25	57	149	324	149
0	50	4	577	222	149
0	60	43	459	264	149
4	30	26	73	257	149
18	0	35	2	250	149
10	0	3	22	322	149
64	93	23	265	345	149
3	4	17	41	247	149
0	4	17	41	199	149
81	1	1	0	271	149
25	10	10	0	266	149
68	10	21	0	190	149
109	8	23	3	252	149
137	37	161	55	446	149
116	11	115	17	446	149
126	36	156	72	446	149
105	2	110	0	446	149
66	37	66	55	361	149
8	37	23	55	196	149
9	36	0	72	196	149
26	36	42	72	221	149
16	20	25	41	221	149
33	0	201	4	345	149
7	0	32	4	195	149
64	0	176	4	278	149
100	13	137	0	241	149
37	81	18	97	223	149
0	28	7	133	247	149
2	23	0	216	353	149
0	23	6	216	235	149
10	30	19	300	195	149
526	0	561	17	202	149
221	5	287	0	235	149
447	3	283	0	487	149
4	88	44	85	250	149
1418	7	7941	28	356	149
69	2	135	0	217	149
1615	0	11506	32	229	149
326	0	2034	32	205	149
588	0	2904	6	207	149
1404	0	5421	6	922	149
2450	70	8907	187	236	149
723	1035	1317	3340	914	149
0	1035	22	3340	182	149
118	0	929	7	1994	149
110	0	942	10	1668	149
67	2	14	0	250	149
106	3	90	0	275	149
433	21	435	0	254	149
708	1	450	0	251	149
43	3	152	12	971	149
14	15	35	42	250	149
1	15	8	42	259	149
2	0	144	20	272	149
4	3	52	12	272	149
119	0	228	137	485	149
0	3	44	12	309	149
27	0	269	6	309	149
0	2	161	37	309	149
145	3	523	12	470	149
145	2	529	37	470	149
172	0	649	18	470	149
45	0	242	16	254	149
36	9	70	0	285	149
320	26	1174	29	262	149
8	3	0	38	299	149
400	26	1550	29	299	149
1070	26	2991	29	509	149
638	26	1441	29	277	149
1070	8	2661	0	277	149
1332	2	2195	1	223	149
542	1	216	6	219	149
379	4	206	0	282	149
13	228	0	1428	245	149
272	10	1480	0	202	149
2361	1	3172	0	356	149
127	0	1070	7	224	149
0	27	12	218	185	149
1243	3	2193	0	721	149
467	13	723	0	263	149
915	17	1288	0	263	149
1028	28	1768	0	278	149
98	5	171	5	274	149
73	2	199	0	276	149
128	5	353	0	328	149
112	0	324	18	328	149
17	16	146	29	255	149
21	5	170	5	236	149
8	0	88	16	236	149
32	16	235	29	236	149
45	0	292	16	257	149
45	0	287	18	257	149
56	6	455	68	257	149
7	14	26	85	245	149
5	0	59	12	195	149
40	0	416	12	198	149
2	0	0	92	222	149
149	2	462	0	326	149
0	10	31	70	255	149
13	4	61	19	255	149
6	157	14	179	205	149
126	8	145	0	251	149
7	0	194	3	293	149
124	0	1470	10	959	149
32	2	202	0	354	149
0	2	31	0	216	149
43	0	649	30	278	149
16	294	0	478	235	149
182	294	339	478	262	149
364	0	544	1	337	149
511	45	795	38	337	149
324	3	243	0	297	149
14	150	40	251	281	149
17	150	40	251	255	149
234	45	267	38	265	149
237	150	266	251	265	149
413	19	341	49	265	149
14	4	0	34	313	149
0	7	34	0	201	149
0	4	16	0	261	149
253	51	667	292	238	149
176	1	1120	0	264	149
24	4	45	2	269	149
11	3	31	0	260	149
3	4	10	2	206	149
3	0	26	14	206	149
0	6	5	43	237	149
0	383	16	424	237	149
41	6	95	43	435	149
40	15	108	6	435	149
43	383	99	424	435	149
26	6	37	43	251	149
66	383	72	424	251	149
5	0	5	4	251	149
48	17	40	10	251	149
25	383	73	424	264	149
34	0	34	11	274	149
43	383	19	424	234	149
28	3	26	4	234	149
28	45	13	47	234	149
12	12	29	109	266	149
14	12	103	109	247	149
12	25	41	24	247	149
998	0	711	10	248	149
63	0	116	6	229	149
15	4	38	13	229	149
18	0	99	16	246	149
19	0	7	16	280	149
35	0	187	10	240	149
0	3	15	35	404	149
4	2	14	10	273	149
244	57	331	57	245	149
3	0	4	24	224	149
854	59	2155	59	289	149
3	14	0	194	359	149
49	0	295	34	243	149
681	25	351	44	213	149
13	0	307	11	199	149
204	18	413	86	215	149
50	31	81	58	188	149
321	31	635	58	267	149
2	92	3	300	190	149
2	51	3	315	190	149
2	92	3	300	297	149
116	51	369	315	202	149
51	3	309	0	292	149
0	100	6	341	210	149
80	7	101	0	250	149
24	74	34	265	319	149
3	49	0	254	211	149
3	49	0	254	253	149
0	49	34	254	209	149
25	0	16	25	254	149
141	5	220	0	297	149
4	4	0	13	293	149
8	44	0	321	293	149
0	4	23	228	288	149
2	0	71	10	259	149
1638	4	1094	0	269	149
0	1	20	0	299	149
0	24	82	92	252	149
1	24	54	92	207	149
0	23	12	89	242	149
48	0	251	6	203	149
35	114	129	373	410	149
6	70	3	733	233	149
132	0	1260	5	248	149
0	76	11	762	267	149
5	369	21	472	346	149
648	0	800	25	264	149
158	0	398	115	279	149
112	0	260	7	279	149
74	0	395	27	378	149
39	0	168	15	235	149
24	5	96	20	212	149
82	0	194	36	258	149
19	59	4	143	474	149
7487	9	1597	13	260	149
52	0	146	55	217	149
105	6	255	24	217	149
0	6	90	24	234	149
1	54	53	127	234	149
1	29	0	360	320	149
81	0	638	3	293	149
52	9	419	0	208	149
57	1	230	48	213	149
49	4	208	2	213	149
35	7	137	0	213	149
33	14	115	71	271	149
22	14	100	71	403	149
231	7	462	0	501	149
13	7	49	0	195	149
28	25	154	97	195	149
0	25	10	97	180	149
21	22	28	135	180	149
16	0	54	8	213	149
0	45	9	133	266	149
452	3	674	0	293	149
2	0	38	3	246	149
7	0	87	3	374	149
171	0	1827	9	519	149
9	15	57	261	407	149
149	1	292	0	211	149
66	4	98	25	346	149
40	4	59	25	342	149
2830	0	9606	17	311	149
6370	0	21591	17	253	149
2993	56	9990	230	253	149
506	0	1822	4	187	149
0	56	17	230	260	149
2288	0	8645	4	260	149
7352	56	15245	230	337	149
10718	0	26793	4	337	149
17770	8	27272	15	259	149
8822	8	11641	15	251	149
144	4	1037	0	215	149
540	0	3305	13	330	149
487	3	1789	15	236	149
559	4	969	3	257	149
987	0	1484	11	362	149
1724	4	7298	0	372	149
95	11	479	0	257	149
2	69	13	312	313	149
150	0	8494	22	242	149
0	9	27	667	251	149
22	1509	36	4666	282	149
177	17	92	30	217	149
68	128	61	63	409	149
0	45	28	63	224	149
5	32	48	88	230	149
284	6	622	16	294	149
10	10	2	0	340	149
2	2	19	0	248	149
6	23	0	6	248	149
36	0	33	10	2126	149
19	23	0	6	224	149
19	33	2	0	224	149
20	7	2	0	224	149
557	3	842	0	246	149
36	0	110	10	344	149
2	3	0	27	278	149
1	0	59	15	308	149
2	10	0	114	284	149
0	10	2	114	308	149
99	0	946	3	368	149
1	8	66	0	282	149
4	0	10	22	261	149
0	7	40	43	274	149
2	95	0	610	371	149
3	95	66	610	289	149
5	95	73	610	534	149
49	0	31	7	172	149
1103	5	149	0	301	149
722	5	130	0	301	149
5	15	3	87	269	149
27	0	221	21	256	149
40	2	219	0	271	149
50	3	247	0	267	149
0	104	19	225	213	149
14504	14	22424	14	463	149
29259	14	50753	14	299	149
91	4	30	0	315	149
8	10	0	136	262	149
0	10	4	136	248	149
0	10	6	136	247	149
46	2	436	29	423	149
20	0	79	12	252	149
28	1	153	0	270	149
156	2116	266	5062	395	149
7363	0	9114	7	275	149
10	342	15	335	267	149
0	22	29	41	287	149
13	15	69	235	271	149
28	0	393	9	199	149
4	24	31	222	254	149
8	34	12	104	211	149
1	124	14	373	223	149
127	5	297	0	324	149
17	35	27	79	200	149
7	6	38	15	200	149
13	12	61	10	210	149
24	0	285	3	269	149
60	2	332	0	273	149
4	28	0	41	282	149
0	1	1	30	191	149
0	202	23	931	185	149
288	0	1280	12	241	149
128	0	519	5	241	149
160	0	525	5	261	149
0	2	12	0	261	149
172	2	335	0	221	149
344	0	938	9	221	149
37	0	234	5	221	149
327	0	685	5	257	149
633	2	1412	31	257	149
18	3	30	0	304	149
7	10	15	24	182	149
7	2	12	0	250	149
5	1	10	64	250	149
3	1	70	64	336	149
94	0	1410	10	1263	149
96	2	317	13	347	149
51	0	251	29	277	149
68	0	547	15	407	149
396	4	563	2	288	149
1	1	17	0	288	149
24	6	14	0	302	149
9	7	0	2	277	149
152	3	628	0	294	149
595	0	1671	2	329	149
445	4	2031	0	310	149
0	11	3	286	304	149
3	0	15	6	297	149
0	21	7	145	259	149
38	0	374	25	359	149
18	5	43	115	236	149
0	11	3	42	295	149
0	13	13	0	366	149
18	17	0	18	415	149
9	0	14	5	232	149
927	2	661	15	286	149
344	3	613	20	240	149
29	4	159	0	252	149
25	4	194	0	322	149
2	3	16	22	306	149
2270	7	104	0	322	149
1247	7	61	0	407	149
4	13229	0	19	210	149
3	0	33	37	231	149
0	7	76	0	207	149
769	0	1551	10	299	149
244	0	539	10	246	149
16	189	57	521	182	149
132	11	689	51	332	149
14	4	81	29	232	149
295	2	339	14	326	149
285	2	343	14	237	149
100	0	427	19	261	149
0	21	12	161	320	149
22	339	146	537	467	149
10	339	55	537	400	149
10	10	83	17	400	149
1485	0	1050	21	339	149
2518	0	1320	4	231	149
296	4	350	0	270	149
284	0	506	5	217	149
409	0	545	35	275	149
171	11	91	0	210	149
105	50	83	12	260	149
761	50	819	12	789	149
135	4	147	0	299	149
24	94	0	33	249	149
100	4	152	0	353	149
225	0	236	28	253	149
9	0	59	40	275	149
57	4	197	0	274	149
3	0	38	15	211	149
60	2	269	0	301	149
23264	88	3301	14	276	149
10049	4	1585	0	245	149
15923	10	3523	9	254	149
4	3	15	0	272	149
0	2	44	15	305	149
44	0	256	13	292	149
0	8	35	58	287	149
68	42	412	65	543	149
179	4	427	0	278	149
45	3	387	18	241	149
7	0	90	6	214	149
326	1	687	0	272	149
127	0	377	13	272	149
106	0	229	13	227	149
328	22	647	111	227	149
0	2	18	0	279	149
0	10	3	37	279	149
10	10	51	37	429	149
134	3	420	0	225	149
126	68	873	256	197	149
41	158	236	755	242	149
5	14	6	5	248	149
14	3	6	0	260	149
16	4	19	6	300	149
4	1	0	4	256	149
10	0	233	6	349	149
243	0	1371	7	349	149
228	0	1124	17	242	149
548	0	1756	10	270	149
313	3	1447	0	260	149
331	1	2026	0	466	149
494	0	2917	16	466	149
51	174	144	936	285	149
35	0	80	16	280	149
45	174	125	936	280	149
5	0	143	16	247	149
63	0	1170	21	269	149
51	0	722	56	269	149
21	0	828	56	269	149
33	0	1262	9	269	149
6	10	5	314	270	149
13	10	8	314	326	149
0	10	10	314	231	149
7	10	4	314	287	149
0	28	5	405	287	149
10	28	296	405	190	149
7	0	4	5	190	149
3	1261	56	2248	223	149
8	392	47	620	265	149
120	392	324	620	173	149
744	392	1178	620	218	149
343	392	594	620	251	149
388	392	924	620	1302	149
0	7	10	37	345	149
4	0	36	6	233	149
56	0	124	11	345	149
39	0	96	11	324	149
9	0	54	13	355	149
17	0	90	13	314	149
8	0	36	2	314	149
92	0	513	4	227	149
2	5	21	45	263	149
9	0	102	16	272	149
23	0	190	4	273	149
252	17	1083	102	329	149
379	17	1672	102	266	149
1	238	7	1014	271	149
4065	7	3877	0	822	149
653	0	887	4	224	149
18	14	37	10	311	149
63	3	94	0	502	149
0	2	2	31	267	149
0	5	6	133	223	149
2	2	6	71	264	149
16	3	279	0	275	149
16	0	32	56	202	149
2	0	0	14	282	149
43	0	138	12	344	149
6	5	0	20	161	149
53	5	112	0	435	149
19	2	64	0	267	149
101	0	425	35	302	149
0	3	71	0	235	149
3	0	53	22	222	149
3	9	99	309	222	149
3	9	22	309	214	149
10	0	284	14	297	149
19	0	571	2	297	149
3	158	0	211	705	149
2	165	0	234	212	149
298	2	268	6	237	149
42	0	260	18	335	149
21	0	375	13	393	149
0	11	7	87	206	149
18	4	102	10	212	149
14	0	77	9	270	149
11	5	244	35	474	149
0	6	39	36	270	149
4	0	224	16	288	149
5	0	238	11	291	149
0	15	8	6	269	149
49	0	29	6	269	149
0	51	10	72	295	149
290	1	385	0	273	149
550	1	175	0	250	149
2016	2	18357	9	667	149
1310	2	11869	9	586	149
6	0	110	70	243	149
2	0	70	6	220	149
0	6	51	0	220	149
2	6	88	0	399	149
0	5	21	42	266	149
18	0	81	9	236	149
59	9	76	0	200	149
9	46	20	54	199	149
99	10	212	0	243	149
0	23	15	111	266	149
21	0	339	16	720	149
142	0	868	9	248	149
93	0	516	3	252	149
21	0	301	33	212	149
2	16	13	40	309	149
24	0	125	11	278	149
55	2	147	5	239	149
54	0	284	23	354	149
13	0	90	12	217	149
103	0	6332	19	251	149
124	2	254	7	306	149
0	68	56	99	554	149
5	3330	0	4588	275	149
113	3330	185	4588	235	149
3170	692	2	16	470	149
6332	692	0	16	285	149
49	17	6	0	188	149
58	69	17	32	188	149
62	69	12	32	210	149
77	41	16	15	210	149
8	41	0	15	232	149
0	17	4	157	279	149
34	3	174	6	280	149
1	56	13	322	307	149
11	0	102	39	222	149
21	0	238	39	218	149
0	4	20	0	222	149
9	0	205	27	286	149
15	21	27	70	194	149
5	10	63	124	218	149
23	34	154	74	257	149
3	40	67	85	176	149
337	1	480	0	363	149
123	1	240	0	372	149
447	2	492	0	287	149
63	6	181	0	295	149
19	4	103	0	242	149
74	0	215	21	248	149
1431	6	2732	0	272	149
2	711	23	1532	359	149
9	0	1623	35	212	149
48	0	2862	18	345	149
7	0	31	1	241	149
3	0	258	8	266	149
8	0	116	8	248	149
14	0	296	52	248	149
45	0	397	10	301	149
248	6	1008	0	281	149
104	3	177	0	209	149
196	11	400	10	180	149
39	9	117	18	196	149
194	9	392	18	217	149
0	5	85	10	265	149
0	5	40	10	304	149
3	8	29	0	223	149
10	2	7	0	243	149
21	0	15	44	224	149
7	644	0	1274	217	149
226	8	1131	41	937	149
59	9	454	19	204	149
61	3	366	74	233	149
124	2	882	0	233	149
17	90	45	570	260	149
226	0	1096	17	207	149
122	16	391	4	196	149
224	78	641	259	234	149
0	10	9	6	189	149
28	6	70	0	189	149
7	235	0	160	270	149
14	164	0	333	270	149
289	164	218	333	191	149
69	6	81	34	191	149
645	5	674	0	299	149
32	472	91	331	287	149
669	13	456	35	245	149
256	2	282	0	245	149
49	68	73	98	324	149
80	3	169	8	239	149
187	37	102	0	196	149
371	5	311	18	289	149
17	0	18	29	229	149
5	0	48	11	190	149
3	0	0	5	233	149
124	1451	8	487	255	149
2290	1	985	15	268	149
1849	2	994	18	258	149
1769	8	1985	0	317	149
71	1	36	0	317	149
74	4	36	0	306	149
228	3	876	15	252	149
93	3	354	15	274	149
956	0	5646	22	216	149
707	13	4074	73	191	149
25859	0	35029	33	235	149
12296	0	19589	33	592	149
95	5	520	0	695	149
29	0	129	5	318	149
0	20	40	111	320	149
1078	11	693	0	250	149
328	3	522	0	284	149
31	7	17	0	520	149
14	5	236	20	203	149
23	16	22	181	468	149
158	1	935	14	313	149
184	1	986	14	310	149
2	121	0	697	222	149
117	0	828	10	358	149
13	3	44	0	233	149
193	0	344	16	278	149
1	99	0	221	267	149
0	18	4	95	173	149
0	7	20	47	197	149
129	1	458	0	289	149
4	10	6	8	230	149
334	0	453	12	209	149
79	0	418	25	243	149
39	0	143	25	344	149
24	0	99	4	246	149
116	1	99	0	265	149
0	1	4	0	265	149
50	1	182	0	229	149
34	0	73	13	326	149
12	8	101	0	325	149
18	15	16	23	228	149
14	0	75	5	281	149
14	0	31	26	281	149
21	9	31	19	281	149
0	9	5	19	257	149
0	7	44	0	257	149
0	9	73	19	290	149
0	7	60	0	290	149
8	9	84	9	366	149
16	2	176	42	622	149
16	0	143	11	622	149
9	0	16	6	218	149
34	0	224	6	288	149
0	12	21	6	205	149
6	10	23	0	186	149
150	0	254	12	501	149
158	0	261	12	524	149
13	32	35	157	223	149
50	10	187	123	782	149
31	10	113	123	475	149
801	8	791	4	276	149
379	8	393	4	255	149
10	4889	9	6557	271	149
3	0	25	10	305	149
3	2	59	38	305	149
1	0	32	10	305	149
2	0	12	51	222	149
2	2	10	38	222	149
4	2	0	34	222	149
8	0	97	10	400	149
8	0	93	7	400	149
0	3	4	0	324	149
105	0	659	6	279	149
8	97	0	150	300	149
310	6	260	5	198	149
281	3	266	30	300	149
0	2	13	18	216	149
43	2	98	0	245	149
32	0	58	17	245	149
45	0	71	17	330	149
63	9	112	1	330	149
0	2	27	26	284	149
2	22	6	74	365	149
72	3	260	0	356	149
65	0	31	7	213	149
0	115	16	160	256	149
120	2	461	0	256	149
38	2	110	0	241	149
8	0	276	1	408	149
14	0	14	39	233	149
132	2	745	0	251	149
57	2	303	0	277	149
4	0	11	1	234	149
0	1	18	1	267	149
42	0	74	17	316	149
0	1	17	235	369	149
5	6	42	15	331	149
0	6	34	15	236	149
41	1	105	0	236	149
1	0	29	7	191	149
8	0	86	7	194	149
13	0	201	10	194	149
59	1	481	0	194	149
19	0	222	8	188	149
40	0	533	8	191	149
17	6	464	201	206	149
20	3	640	257	278	149
0	20	89	419	194	149
29	10	160	11	232	149
11	9	26	76	230	149
25	12	188	15	268	149
59	15	1692	236	260	149
108	15	2981	236	292	149
82	7	2030	52	292	149
77	1	1954	26	292	149
172	1	6361	26	2456	149
59	7	1830	52	272	149
13	1	201	26	272	149
75	5	2658	82	272	149
29	0	936	6	272	149
23	5	770	82	196	149
48	1	1180	26	269	149
46	0	1210	6	269	149
96	0	2956	12	269	149
51	0	1767	12	488	149
9	52	647	1524	223	149
126	0	1861	5	269	149
0	13	47	266	214	149
0	19	53	120	214	149
495	271	550	362	475	149
396	191	441	271	475	149
363	105	432	289	475	149
264	36	323	59	475	149
1049	36	1354	59	318	149
1215	191	1427	271	318	149
1055	12	1187	13	318	149
32	86	92	154	352	149
334	0	590	13	258	149
80	4	253	0	326	149
37	0	199	31	310	149
0	49	7	140	287	149
452	2	225	0	237	149
436	5	347	22	259	149
114	0	134	4	196	149
82	0	148	4	279	149
9	0	47	9	242	149
0	3	9	20	224	149
4	2	141	0	213	149
20	0	25	3	222	149
2	0	144	21	277	149
10	0	33	19	184	149
3	5	83	75	332	149
0	5	17	75	873	149
94	2	409	0	253	149
100	0	1089	12	194	149
94	6	589	0	252	149
14	0	319	15	189	149
113	0	859	11	239	149
60	0	476	11	263	149
94	4	809	0	258	149
40	4	360	0	255	149
7	49	18	501	191	149
32	9	17	76	255	149
0	8	3	0	190	149
4	15	0	13	273	149
15	0	18	12	283	149
0	4	37	0	217	149
23	3	0	75	287	149
57	4	278	0	243	149
34	0	153	22	243	149
34	4	143	0	239	149
34	0	143	22	239	149
25	4	124	0	221	149
25	0	124	22	221	149
1672	1	2101	24	288	149
127	2	291	15	223	149
8	2	20	15	184	149
66	0	164	12	184	149
586	0	984	12	320	149
883	20	310	0	246	149
888	1	310	0	246	149
2176	20	732	0	298	149
1219	1	414	0	298	149
290	0	2691	10	318	149
607	0	4873	10	395	149
308	0	2037	10	367	149
231	0	1493	10	299	149
25	211	29	152	710	149
152	1	372	0	317	149
97	0	255	15	542	149
97	0	255	15	545	149
15	75	0	66	278	149
6	38	0	203	253	149
0	7	27	129	198	149
4	0	18	5	295	149
0	7	18	0	295	149
3	7	20	0	261	149
9	10	44	18	283	149
193	23	155	14	348	149
80	1	68	4	412	149
1	97	0	290	198	149
1514	1	1433	0	222	149
1157	31	1426	17	244	149
23	0	29	8	260	149
1215	2	2241	12	275	149
19	767	141	1532	267	149
51	0	566	29	252	149
35	4	144	24	272	149
0	45	37	339	250	149
230	0	947	1	349	149
66	0	325	15	240	149
1502	14	1753	18	305	149
1611	67	1653	98	250	149
3	67	0	98	219	149
4	1060	11	974	219	149
2	0	3638	3	266	149
2	0	3598	39	266	149
5	8	0	34	345	149
52	0	760	2	252	149
98	0	917	7	277	149
159	1	548	24	252	149
300	3	759	0	230	149
42	0	83	10	420	149
36	0	300	7	534	149
5	0	48	13	238	149
34	0	173	8	226	149
31	3	145	80	209	149
22	0	36	14	209	149
8	0	121	14	218	149
22	8	165	15	218	149
3	0	10	8	247	149
50	0	150	14	224	149
24	0	120	7	267	149
3	0	109	9	275	149
14	0	89	20	297	149
7	0	45	6	266	149
9	0	54	14	197	149
196	3	218	10	214	149
39	0	79	2	214	149
50	0	60	2	177	149
187	6	213	20	177	149
54	0	85	16	177	149
173	0	158	16	218	149
339	13	315	39	218	149
77	132	66	235	310	149
12	6	148	0	193	149
0	11	93	119	239	149
0	11	47	119	227	149
9	97	23	207	219	149
120	21	284	94	259	149
95	21	173	94	262	149
0	99	2	295	270	149
107	238	17	20	269	149
112	0	843	20	251	149
0	11	19	39	262	149
14	0	92	15	249	149
0	53	8	263	337	149
2446	16	1179	8	340	149
31	0	20	33	421	149
1463	0	927	11	260	149
57	469	8	580	252	149
58	469	47	580	299	149
68	469	46	580	770	149
2701	0	3044	6	306	149
826	0	1100	6	238	149
413	0	739	19	313	149
0	854	5	4256	247	149
0	21	5	286	316	149
6	87	0	40	280	149
358	2	201	0	402	149
19	152	86	909	443	149
14	152	42	909	385	149
15	152	16	909	246	149
235	4	910	0	324	149
414	4	1352	0	345	149
4	0	16	10	271	149
0	18	6	66	180	149
33	0	249	18	275	149
6	32	0	66	233	149
7	270	0	91	246	149
145	0	457	11	362	149
8	39	0	116	388	149
159	6	14	0	209	149
316	10	21	0	272	149
77	0	161	14	261	149
17	1	50	0	208	149
1	4	66	0	262	149
5	2	0	16	212	149
7	85	0	93	234	149
147	71	177	62	316	149
4	4	28	36	218	149
2	4	0	36	214	149
3	0	46	15	261	149
0	5	111	42	227	149
0	5	6	0	242	149
5	0	0	4	242	149
11	0	116	5	234	149
48	8	205	5	276	149
958	4	211	0	239	149
905	14	109	10	298	149
2503	14	431	10	716	149
3035	14	1005	10	1073	149
0	21	52	53	290	149
57	11	320	0	266	149
63	0	368	4	276	149
8	41	59	391	245	149
0	221	7	1051	246	149
201	2	847	11	254	149
288	3	845	30	2867	149
256	3	778	30	2479	149
304	3	752	30	251	149
9	238	17	498	200	149
70	0	490	17	275	149
12	66	13	172	207	149
85	2	95	0	231	149
0	1	11	18	288	149
184	8	452	22	244	149
2	2	0	13	274	149
17	0	47	9	234	149
131	10	380	5	369	149
239	2	408	0	533	149
231	1	358	0	533	149
152	1	581	0	673	149
167	9	639	8	673	149
41	0	276	12	237	149
13	0	136	10	272	149
35	0	261	7	231	149
63	0	454	3	221	149
18	44	418	220	253	149
104	0	465	14	281	149
8	4	238	50	625	149
4	0	48	22	223	149
4	0	7	22	237	149
4	0	45	24	222	149
0	4	18	8	189	149
905	18	1479	21	238	149
0	3	114	0	218	149
8	0	5	33	158	149
102	0	308	2	188	149
328	0	803	14	329	149
62	137	148	413	334	149
284	137	672	413	203	149
44	5	108	0	201	149
233	0	537	4	201	149
0	9	10	121	191	149
5	0	0	18	235	149
38	2	277	0	316	149
29	0	163	6	342	149
52	49	149	138	198	149
0	4	30	0	323	149
23	9	332	53	237	149
1	0	200	36	237	149
43	0	733	36	431	149
57	1	838	26	431	149
13	43	95	207	197	149
19	0	49	28	218	149
7	0	76	2	372	149
15	133	14	140	366	149
262	4	1324	48	335	149
108	0	525	20	228	149
0	71	30	405	255	149
41	1	340	0	286	149
39	1	291	0	351	149
34	0	229	7	249	149
3	0	117	1	420	149
4	68	6	426	456	149
0	8	4	75	520	149
890	15	107	0	243	149
293	21	29	0	230	149
36	2	368	56	263	149
4	32	39	54	227	149
4	2	46	36	227	149
13	32	89	54	311	149
47	2	112	36	229	149
19	2	32	0	229	149
15	0	65	7	229	149
203	2	548	0	812	149
237	3	596	0	812	149
71	0	196	7	417	149
67	0	172	4	592	149
13	15	81	31	272	149
0	1	20	34	180	149
0	1	7	16	247	149
1	12	31	53	247	149
175	10	569	10	251	149
8	94	0	244	198	149
0	94	5	244	213	149
99	0	304	16	346	149
99	0	305	16	341	149
163	0	346	16	306	149
0	2	28	56	268	149
1950	8	1	0	255	149
5580	7	21	0	278	149
24099	200	44	0	331	149
47	25	164	5	284	149
13	6	10	0	228	149
31	0	50	54	278	149
26	4	74	0	278	149
8	0	29	6	218	149
197	0	1136	21	224	149
245	0	1373	2	253	149
0	1	3	5	243	149
39	0	139	1	258	149
164	18	409	21	276	149
125	2	241	0	337	149
117	3	156	0	241	149
12	42	0	27	223	149
25	17	35	0	185	149
472	0	833	18	286	149
1787	2	2062	0	287	149
19	1	56	0	256	149
65	10	99	20	255	149
127	10	270	20	220	149
205	3	1097	0	267	149
45	0	302	3	294	149
110	0	980	3	240	149
125	0	757	3	249	149
19	26	94	121	314	149
6	26	21	121	190	149
8	26	9	121	217	149
2	12	6	77	375	149
9	1	0	31	225	149
14	38	0	49	225	149
117	6	286	0	269	149
158	0	117	7	277	149
63	0	410	29	225	149
0	5	13	18	218	149
5	4	0	16	221	149
14276	76	34315	109	211	149
4792	2	13252	5	211	149
7084	0	16835	8	257	149
8153	2	12068	5	262	149
17560	0	32785	8	262	149
4	0	52	26	180	149
169	2	312	0	215	149
195	0	436	5	235	149
648	0	490	8	252	149
348	14	604	0	223	149
212	0	410	20	268	149
260	5	841	0	275	149
94	3	274	21	275	149
171	2	666	0	275	149
12	0	94	24	227	149
2	0	0	38	227	149
0	14	24	21	228	149
22	169	40	293	200	149
2	0	0	4	311	149
100	6	214	0	172	149
15	645	10	534	309	149
1366	0	871	13	255	149
25	1	49	0	277	149
36	4	11	8	253	149
47	0	16	18	253	149
20	0	87	4	244	149
137	0	178	4	320	149
25	15	40	20	285	149
19	5	26	0	239	149
25	15	17	20	371	149
55	1	25	0	371	149
56	1	25	0	465	149
13	15	6	0	299	149
1	0	0	8	226	149
0	7	12	49	217	149
16	50	10	66	291	149
2	50	0	66	258	149
56	4	102	0	232	149
79	2	87	0	226	149
28	2	35	0	317	149
85	66	177	8	326	149
1202	13	580	30	260	149
475	0	478	43	167	149
127	78	673	437	252	149
10	11	25	28	246	149
10	0	0	22	309	149
147	4	268	0	244	149
33	1	115	0	228	149
1	0	0	16	259	149
2	45	1	144	259	149
0	1	16	0	280	149
11	1	83	0	231	149
4	898	0	2426	159	149
8	0	36	7	222	149
2579	1	5574	0	272	149
4	1370	6	2430	451	149
2370	1	4202	12	258	149
32	0	75	14	233	149
2	24	0	45	231	149
24	0	61	14	335	149
24699	5	27546	0	220	149
9441	5	10411	0	210	149
9	25040	17	26307	230	149
13	0	191	8	244	149
39	2	446	36	210	149
106	0	118	13	222	149
272	0	347	13	544	149
265	2	342	0	351	149
4	0	6	29	291	149
7199	13	2390	0	281	149
33	2782	8	1081	244	149
5048	0	2337	1	290	149
20	0	148	6	297	149
26	0	119	10	302	149
0	10	38	90	354	149
0	10	24	90	345	149
0	20	24	64	324	149
66	16	114	0	288	149
5838	69	2229	21	411	149
11	0	328	27	314	149
0	14	231	108	217	149
5	0	62	25	314	149
13	0	138	5	290	149
86	21	336	113	413	149
58	38	249	123	301	149
2	0	0	5	245	149
3	3	41	0	282	149
17	5	239	0	823	149
1	43	10	87	222	149
16	3	42	0	245	149
97	3	158	24	253	149
6	47	13	97	341	149
73	0	185	19	361	149
26	0	83	19	351	149
244	0	1968	22	278	149
369	0	2209	21	233	149
28	32	166	52	241	149
59	2	329	0	241	149
0	11	32	22	265	149
75	30	84	31	236	149
43	394	63	648	236	149
97	394	128	648	236	149
109	8	144	26	236	149
142	2	317	7	195	149
4034	6	3096	13	269	149
1719	0	1708	10	223	149
318	5	308	19	222	149
610	0	429	7	334	149
1407	3	1258	33	334	149
1303	0	1683	10	681	149
752	0	828	10	300	149
71	3	406	6	213	149
142	3	301	0	217	149
0	10	13	97	301	149
266	8	345	8	302	149
63	196	67	189	301	149
133	196	111	189	266	149
3	439	7	245	173	149
205	4	134	0	256	149
97	0	137	6	195	149
93	3	398	10	299	149
95	16	457	17	212	149
2	0	17	4	212	149
80	0	239	4	250	149
0	1	15	45	224	149
0	14	34	81	271	149
5	3	25	50	212	149
21	0	101	18	213	149
1	6	3	128	353	149
23	0	211	10	199	149
3	27	0	266	292	149
0	27	70	266	380	149
1	27	20	266	300	149
1	0	10	70	300	149
63	62	511	336	356	149
146	1	496	0	208	149
235	4	605	0	310	149
647	4	1499	0	370	149
45	3	113	17	1054	149
2	121	18	307	257	149
5	8	46	75	190	149
34	11	109	54	243	149
55	8	248	75	243	149
5	8	45	75	231	149
15	8	59	75	255	149
11	28	18	149	255	149
6	487	20	1685	232	149
0	487	3	1685	172	149
2338	2	737	0	293	149
1533	40	644	21	239	149
410	1	1967	48	567	149
357	0	2184	3	567	149
46	0	264	5	232	149
523	2	1848	6	660	149
3	703	11	689	474	149
8	0	51	113	194	149
0	6	14	67	194	149
12	6	183	67	214	149
211	6	1993	25	223	149
237	3	2653	32	337	149
7	110	66	1216	243	149
16	5	195	32	226	149
5	6	71	78	187	149
1128	36	1806	19	292	149
5	3	0	23	258	149
0	5	13	31	249	149
11	39	18	115	267	149
89	5	290	28	214	149
393	2	776	0	313	149
891	4	881	15	283	149
64	2	223	0	349	149
37	24	303	12	2162	149
1153	21	2647	59	224	149
451	10	823	11	224	149
365	10	1042	11	280	149
508	43	1643	179	242	149
9	0	23	11	359	149
9	81	27	284	359	149
44	1	215	0	221	149
7	0	29	10	227	149
0	17	57	35	336	149
148	3	563	21	274	149
53	1	153	8	274	149
57	1	268	8	229	149
23	890	0	688	289	149
274	669	81	1261	207	149
390	669	85	1261	204	149
197	80	559	205	1555	149
18	80	71	205	243	149
33	98	100	224	205	149
215	3	467	28	198	149
40	0	126	4	260	149
178	0	151	13	300	149
181	0	74	11	255	149
0	15	5	213	267	149
10	0	171	5	286	149
37	0	452	5	231	149
5	0	0	2	204	149
10	0	26	2	188	149
3	8	7	1	188	149
12	4	41	0	248	149
266	4	1385	18	287	149
28	54	58	102	239	149
20	9	92	28	191	149
22	0	22	2	226	149
0	7	51	19	216	149
5	6	0	65	235	149
54	2	166	14	257	149
6	56	4	107	334	149
1	5	10	8	248	149
11	3	49	22	245	149
14	5	48	5	224	149
115	74	201	146	259	149
56	92	108	141	272	149
173	7	505	7	207	149
2	160	0	459	243	149
0	100	12	667	302	149
94	0	270	5	249	149
1771	11	37	0	243	149
958	40	12	0	243	149
362	40	66	0	260	149
1229	65	91	0	260	149
538	10	96	0	258	149
84	0	254	8	209	149
67	6	243	0	261	149
0	27	4	259	272	149
249	3	622	0	268	149
198	232	107	179	232	149
227	5	181	3	280	149
444	5	233	41	224	149
193	7	151	0	224	149
193	30	147	24	224	149
10	30	10	24	211	149
3	2	29	14	211	149
465	37	1493	209	301	149
507	37	1665	209	324	149
1038	37	3290	209	328	149
4	541	0	1602	194	149
997	1	734	0	225	149
1458	6	892	0	257	149
6141	12	1553	0	279	149
19	0	29	13	253	149
0	7	8	8	274	149
0	8	16	257	258	149
4	0	124	10	209	149
2	0	209	54	373	149
41	0	42	7	205	149
0	2	12	0	227	149
479	3	2161	0	219	149
425	0	203	12	268	149
398	2	117	0	319	149
198	0	210	14	231	149
0	2212	106	17477	364	149
2096	4	16978	10	180	149
5	0	0	7	195	149
5	0	0	5	195	149
35	1752	183	14816	195	149
291	3	254	3	253	149
738	10	574	31	253	149
35	11	47	66	258	149
3	11	0	66	249	149
3	14	0	20	249	149
62	0	225	19	360	149
49	0	114	14	248	149
6	4	9	18	184	149
6	0	0	25	208	149
10	6	33	28	210	149
115	0	371	6	242	149
20	0	177	16	272	149
0	3	67	122	263	149
534	3	1376	0	237	149
350	0	1402	3	189	149
210	0	1066	18	391	149
0	27	40	49	247	149
0	51	54	354	247	149
0	51	40	354	271	149
0	51	40	354	377	149
32	51	81	354	321	149
38	51	92	354	325	149
11	0	43	14	325	149
57	42	136	176	227	149
164	0	115	7	301	149
166	27	294	30	320	149
0	11	20	174	388	149
3	10	0	35	173	149
2	5	20	12	331	149
2	29	20	3	331	149
19	29	42	3	358	149
14	29	11	3	325	149
354	4	439	9	518	149
81	0	122	16	289	149
0	5	18	84	252	149
363	202	583	772	439	149
236	11	911	69	202	149
7	2	62	0	330	149
10	2	32	0	287	149
74	0	200	7	262	149
1	0	0	12	238	149
87	6	21	0	725	149
51	8	124	26	223	149
1031	9	748	30	538	149
0	9	85	6	284	149
55	1	42	0	257	149
27	10	44	0	288	149
9	20	15	22	247	149
11	103	18	333	259	149
13	54	7	133	259	149
7	103	5	333	223	149
48	0	53	9	233	149
1006	17	1650	61	255	149
254	0	417	14	404	149
35	0	254	15	280	149
10	0	103	4	204	149
43	1	85	0	230	149
45	0	48	7	262	149
8	0	20	10	233	149
109	3	342	0	320	149
36	0	241	34	347	149
2	13	0	102	1018	149
51	0	87	26	328	149
2	0	0	15	333	149
700	13	859	47	266	149
2261	2	1246	0	252	149
3868	6	9	0	248	149
32	47	115	395	274	149
148	47	417	395	185	149
18127	47	72591	395	293	149
6837	47	26067	395	257	149
2779	4997	6828	14079	194	149
27	1	53	0	194	149
22	3	16	0	194	149
9	3	27	0	218	149
22	9	59	0	218	149
45	15	82	8	208	149
0	35	9	43	374	149
35	6	151	37	398	149
20	52	3	47	360	149
188	10	670	37	226	149
16	0	67	24	173	149
5	0	72	9	293	149
0	7	21	6	230	149
12	302	7	922	327	149
0	1763	23	1375	242	149
44	1763	14	1375	607	149
223	2	385	18	260	149
0	33	17	37	327	149
40	2	82	0	265	149
57	1	99	0	338	149
1031	2	1038	14	552	149
1	0	339	157	335	149
168	10	140	12	348	149
167	4	539	0	287	149
789	3	223	0	278	149
1578	20	371	0	313	149
1090	0	1869	11	418	149
0	2	15	41	227	149
432	15	865	19	273	149
616	3	1249	17	284	149
23	12	20	61	228	149
5	6	32	36	206	149
822	9	2696	19	317	149
3	82	0	163	257	149
465	0	597	20	232	149
123	0	1096	15	313	149
12	75	11	732	316	149
15	0	6	16	295	149
8	15	2	6	298	149
3	15	0	6	186	149
27	2509	0	2608	256	149
3480	26	3370	13	227	149
52	5	22	0	243	149
130	2003	126	1820	243	149
35	28	0	26	283	149
71	22	69	8	233	149
351	7	49	0	302	149
18	0	53	11	284	149
1	0	68	18	308	149
34	0	325	9	329	149
26	0	473	20	371	149
0	31	20	184	209	149
0	1	3	20	209	149
0	31	8	184	215	149
0	24	38	452	221	149
0	45	8	528	242	149
10	5	97	14	199	149
90	9	308	39	267	149
3	107	0	400	248	149
17	3	74	4	179	149
78	3	197	4	215	149
202	0	624	14	215	149
60	0	209	6	215	149
110	0	388	10	250	149
110	0	397	6	217	149
249	0	808	10	217	149
55	2	229	0	217	149
168	2	354	0	220	149
365	3	954	12	220	149
401	0	1011	16	207	149
71	2	134	18	182	149
504	4	907	11	212	149
14	3	139	63	212	149
141	10	98	0	256	149
5	46	0	19	214	149
115	1	550	32	253	149
38	117	0	65	182	149
566	2	280	0	271	149
225	3	178	30	256	149
32	6	154	0	276	149
23	3	43	0	276	149
63	2	99	0	269	149
63	2	99	0	259	149
156	0	128	13	452	149
29	0	185	10	315	149
5	450	0	229	228	149
899	3	531	0	258	149
13	594	24	397	354	149
842	2	655	0	235	149
1052	15	2168	0	3393	149
393	0	1228	10	318	149
8	9	20	10	253	149
5	0	274	30	311	149
4	0	232	4	211	149
62	4	70	0	214	149
0	33	4	35	321	149
36	3	51	0	305	149
318	0	563	5	1458	149
31	0	151	5	334	149
9	2	71	16	334	149
50	0	275	2	334	149
40	2	277	16	648	149
65	3	413	61	648	149
0	1	6	99	268	149
3	89	70	1085	268	149
3	89	74	1085	283	149
3	89	81	1085	303	149
0	89	6	1085	260	149
8	1	69	99	250	149
8	89	69	1085	250	149
8	0	104	6	250	149
98	0	1265	1	175	149
21	0	31	1	403	149
18	107	31	1426	403	149
86	0	1227	49	296	149
78	0	1195	25	270	149
185	0	2620	49	270	149
0	86	11	1267	179	149
400	0	2246	2	233	149
2	0	82	16	198	149
5	0	157	13	227	149
217	99	5	0	256	149
190	6	18	0	194	149
401	8	28	0	246	149
429	14	5	0	246	149
63	14	24	0	199	149
267	245	47	0	199	149
710	0	5282	10	245	149
9	0	18	27	242	149
68	0	625	11	286	149
0	32	8	193	309	149
1552	4	2421	0	263	149
328	3	1354	0	246	149
454	1	1716	0	289	149
280	35	550	45	1214	149
15	27	0	3	255	149
18	27	17	3	250	149
131	16	110	0	292	149
48	12	43	0	265	149
0	56	15	252	259	149
106	16	383	10	235	149
122	15	599	87	259	149
1111	143	13	0	405	149
52	0	283	14	353	149
23	63	29	86	257	149
601	19	530	20	388	149
501	19	505	20	582	149
6	0	37	10	299	149
1690	8	1439	11	265	149
2	3	8	23	260	149
26	13	76	42	481	149
22	0	76	15	481	149
90	4	168	37	1013	149
25	4	95	37	264	149
12	4	67	37	244	149
7	3	105	63	276	149
28	5	291	15	263	149
22	0	95	4	263	149
24	0	39	42	255	149
7	0	44	10	253	149
16	0	95	1	214	149
10	5	92	0	258	149
413	22	302	0	262	149
183	5	257	47	281	149
17	104	0	136	238	149
828	0	2434	14	268	149
31	786	24	2304	338	149
884	19	2677	17	245	149
1	517	0	1712	321	149
1234	5	3312	0	320	149
18	3	157	21	385	149
13	368	3	161	293	149
0	76	2	154	267	149
480	6	914	0	432	149
0	5	48	0	259	149
273	1	1018	0	265	149
0	104	4	368	183	149
0	180	17	567	257	149
2	180	0	567	166	149
2	0	0	17	166	149
10	69	18	246	227	149
3	1	22	16	227	149
175	0	1002	4	306	149
79	0	434	4	336	149
2	15	8	28	286	149
110	0	134	20	347	149
10	0	15	18	218	149
107	10	88	0	218	149
181	3	136	0	233	149
0	9	12	47	258	149
0	9	19	47	395	149
9	0	162	6	204	149
10	0	36	20	299	149
48	8	209	0	308	149
67	12	273	20	230	149
4	0	167	8	422	149
12	0	35	13	227	149
23	0	300	10	208	149
35	7	48	12	257	149
2	0	67	15	191	149
0	3	61	170	278	149
3	0	240	62	274	149
168	8	23	0	310	149
243	13	73	0	326	149
8	0	40	8	321	149
5	0	55	28	291	149
6	0	92	10	241	149
9	10	32	24	239	149
0	11	30	14	536	149
13	0	60	6	301	149
41	1	114	0	381	149
41	2	110	0	381	149
65	1	211	0	635	149
25	2	62	0	280	149
7	5	31	0	311	149
9	0	19	14	293	149
26	0	179	11	276	149
69	13	61	0	234	149
36	0	207	3	339	149
32	0	294	3	276	149
0	49	24	695	245	149
91	0	868	2	277	149
2	2	39	53	224	149
4	121	23	467	236	149
76	2	278	0	333	149
73	0	211	12	282	149
10	0	69	1	286	149
0	2	38	0	243	149
7	99	0	51	155	149
202	6	330	18	230	149
183	0	288	4	245	149
74	5	319	0	257	149
46	0	545	12	322	149
15	0	28	12	179	149
11	0	18	12	176	149
312	2	578	0	555	149
284	2	450	0	327	149
12	83	36	459	184	149
2	122	19	419	184	149
124	122	572	419	239	149
57	2	139	9	239	149
18	67	45	45	378	149
3	122	8	419	242	149
227	0	557	3	240	149
19	215	0	430	256	149
93	0	486	16	298	149
49	3	495	21	249	149
8	38	13	328	234	149
4	38	0	328	285	149
52	88	256	422	241	149
0	7376	24	21927	251	149
36	7376	345	21927	216	149
87	7376	667	21927	306	149
35	0	223	2	306	149
13766	0	37969	18	238	149
20	0	74	14	245	149
28	0	34	6	226	149
21	0	71	8	247	149
2	0	237	29	345	149
825	4	873	18	226	149
56	6	114	0	230	149
78	1	64	0	280	149
105	16	231	9	185	149
274	5	261	0	225	149
117	0	134	8	322	149
0	8	12	23	314	149
9	15	88	17	206	149
32	0	167	4	376	149
47	0	157	4	272	149
251	0	917	8	339	149
269	3	1116	0	304	149
31	0	175	157	246	149
38	0	149	157	475	149
16	17	117	110	262	149
304	5	382	26	282	149
10	88	0	185	242	149
120	4	211	30	221	149
3	18	0	126	192	149
34	2	60	0	216	149
5	0	46	61	288	149
9	0	83	4	181	149
0	11	46	71	255	149
56	0	338	6	521	149
20	13	19	90	299	149
68	0	181	33	220	149
235	0	548	33	207	149
1	0	0	11	326	149
1	0	0	19	326	149
14	0	46	19	400	149
13	1	46	0	400	149
3	1	39	0	270	149
3	0	16	18	218	149
4	1	49	0	258	149
0	1	18	0	275	149
1	0	27	19	275	149
1	0	13	19	407	149
1	0	0	19	212	149
14	0	19	6	194	149
30	0	395	30	284	149
51	0	541	30	330	149
5	0	9	2	286	149
9	1	55	15	326	149
3	0	11	2	326	149
33	3	156	0	201	149
38	1	159	0	239	149
19	25	12	59	210	149
53	0	241	5	353	149
19	0	35	11	253	149
679	1	460	0	329	149
136	0	629	10	267	149
25	0	425	17	181	149
9	18	5	44	244	149
0	4	47	0	271	149
23	0	193	26	274	149
35	0	151	5	294	149
7	0	91	5	240	149
323	7	564	0	279	149
255	7	470	0	325	149
14	7	46	0	206	149
10	12	10	46	272	149
28	3	97	0	194	149
21	24	59	66	247	149
36	4	18	0	216	149
0	37	41	184	488	149
0	37	14	184	203	149
103	62	194	131	363	149
143	10	322	46	246	149
188	4	444	0	319	149
418	14	426	19	274	149
119	2	233	0	210	149
139	0	596	5	290	149
32	0	73	7	161	149
30	5	1272	11	274	149
6	79	41	277	233	149
0	79	1	277	261	149
177	10	630	0	292	149
76	2	444	9	199	149
2	29	65	349	2417	149
0	27	7	77	254	149
138	9	904	0	262	149
45	9	244	0	257	149
5	2	7	101	203	149
4	10	23	34	203	149
10	4	33	0	251	149
3	10	18	0	218	149
1146	230	196	0	222	149
3486	10	198	0	309	149
1311	21	64	9	244	149
0	75	9	383	497	149
10	52	4	160	223	149
7	0	187	13	277	149
29	0	90	20	236	149
15	1	53	0	311	149
17	1	97	0	359	149
11	9	82	15	359	149
4	0	18	19	248	149
118	0	179	2	227	149
19809	0	41172	21	266	149
9903	0	20786	21	402	149
51	2	579	0	2131	149
4	3	9	0	171	149
39	99	44	18	303	149
0	1	2	30	262	149
39	14	78	43	270	149
0	11	34	96	306	149
8	0	142	61	249	149
80	7	304	0	390	149
484	2	660	0	251	149
233	0	466	8	249	149
0	115	5	260	594	149
16	7	14	0	395	149
97	417	36	441	478	149
115	417	71	441	280	149
1119	29	1133	35	285	149
558	15	658	16	285	149
10	7	0	16	202	149
117	11	6	7	311	149
13	5	11	16	257	149
54	0	403	15	290	149
167	1	527	12	228	149
422	15	641	6	283	149
57	1	244	20	197	149
89	0	259	18	251	149
0	7	3	13	304	149
0	7	2	13	348	149
3	0	36	26	328	149
2	0	38	16	245	149
0	6	27	0	477	149
0	18	10	206	182	149
11	28	41	59	323	149
263	17	236	8	255	149
54	2	95	1	268	149
15	0	131	14	219	149
39	0	65	14	222	149
11	0	41	14	241	149
3	24	33	138	227	149
7	24	53	138	230	149
18	0	37	15	213	149
2	0	14	16	278	149
26	1	176	0	225	149
94	0	301	5	230	149
453	11	20	0	277	149
13	67	48	176	494	149
6	15	21	207	314	149
548	15	548	0	305	149
201	0	129	3	251	149
641	8	441	13	265	149
10	1335	0	270	167	149
519	4	761	0	324	149
296	12	480	6	210	149
94	3	394	0	285	149
144	10	658	16	285	149
98	10	392	0	285	149
6	10	0	16	267	149
3	51	2	286	267	149
83	10	310	0	253	149
124	4	568	0	253	149
24	0	200	43	255	149
0	6	25	26	389	149
4	10	220	62	188	149
109	2	433	0	242	149
11	21	3	18	415	149
11	47	12	137	415	149
46	47	44	137	370	149
25	0	26	9	370	149
36	15	308	24	280	149
10	10	30	0	212	149
782	1	1596	0	427	149
373	0	357	9	209	149
34	5	200	71	398	149
20	0	40	2	281	149
148	0	622	2	199	149
14	0	0	2	174	149
4	71	21	190	246	149
96	10	152	0	276	149
48	0	146	3	308	149
29	0	87	3	355	149
53	2	93	0	271	149
31	1	167	8	324	149
0	62	13	1128	161	149
0	44	5	835	281	149
1	444	0	2163	224	149
62	2	273	0	267	149
313	16	364	3	263	149
9	2	43	0	250	149
90	2	444	29	302	149
13	0	179	7	246	149
1	0	74	8	280	149
8	0	44	14	384	149
35	0	535	26	318	149
29	10	332	121	243	149
4	114	7	66	407	149
41	1	27	0	214	149
51	0	361	12	667	149
27	0	321	3	255	149
20	0	335	44	357	149
107	28	340	123	208	149
11	2	109	149	218	149
4	0	76	45	290	149
1	14	10	112	296	149
24	0	334	20	353	149
2	2	8	0	291	149
2	2	26	0	267	149
15	2	0	16	267	149
15	0	0	33	267	149
4	2	8	16	248	149
2	0	0	9	373	149
4	0	16	33	373	149
6	0	26	33	252	149
25	14	6	13	228	149
447	4	620	0	292	149
1117	5	3772	72	425	149
8	0	9	16	200	149
57	0	210	16	182	149
43	0	199	12	182	149
58	7	309	0	242	149
156	18	447	0	345	149
148	1	377	0	300	149
143	15	201	10	229	149
84	0	135	11	299	149
13	2	109	0	322	149
35	0	134	5	283	149
32	22	1	75	463	149
0	38	6	77	459	149
116	5	256	0	275	149
120	0	213	5	253	149
476	13	539	0	812	149
585	11	3519	59	191	149
2	0	23	37	239	149
40	2	132	0	228	149
55	0	158	8	274	149
78	0	389	20	252	149
297	1	642	0	212	149
148	0	757	7	307	149
146	0	527	16	344	149
0	214	13	395	269	149
1491	0	2290	9	381	149
1644	0	1123	15	222	149
4197	22	2973	47	231	149
3162	0	2138	4	211	149
2450	3	1909	0	200	149
5	0	118	3	279	149
14	0	119	15	255	149
1	9	0	55	267	149
19	216	33	633	242	149
731	2	1997	28	263	149
890	2	2115	28	222	149
1001	7	2511	0	179	149
7117	3	2	0	318	149
15748	40	31	0	262	149
4886	162	2	0	262	149
7287	162	2	0	249	149
19303	731	32	1	249	149
18	3	55	0	247	149
56	1	37	0	364	149
4415	3	3	0	298	149
12282	22	23	0	290	149
0	14	20	9	286	149
8	17	25	64	266	149
20	0	78	29	245	149
11	4	108	41	260	149
110	9	211	15	240	149
31	9	64	15	285	149
137	3	231	2	280	149
30	2	162	6	179	149
96	6	352	0	231	149
8	243	4	1062	172	149
3579	16	1403	21	282	149
283	1683	35	1278	365	149
31	1683	7	1278	378	149
26	0	334	8	187	149
3	0	151	15	266	149
43	0	205	8	230	149
3	34	83	179	209	149
57	4	137	0	218	149
3	44	0	99	276	149
43	2	223	0	1358	149
10	0	97	11	223	149
7	0	66	5	225	149
2	3	0	85	261	149
220	1	254	7	278	149
8	37	31	103	489	149
2	8	57	17	297	149
4	37	74	103	297	149
4	37	2	103	232	149
0	2	12	29	232	149
20	1	261	12	1279	149
1	596	0	290	242	149
441	0	224	22	358	149
1037	0	514	22	340	149
405	0	214	22	322	149
351	1	576	0	388	149
0	111	39	164	285	149
0	23	39	0	285	149
0	111	24	164	242	149
79	1	66	2	223	149
107	4	143	16	223	149
2410	16	3685	10	315	149
383	4	760	0	291	149
700	2	2867	0	282	149
14	0	24	17	250	149
8	23	23	31	393	149
12	1	6	0	271	149
67	0	72	10	252	149
45	30	98	6	247	149
491	1	502	12	258	149
473	8	803	0	305	149
18	32	7	19	233	149
12	190	11	220	283	149
6	190	18	220	219	149
25	108	5	64	330	149
16	108	0	64	329	149
4	108	0	64	364	149
3	0	32	5	293	149
0	3	10	32	235	149
7	0	53	7	289	149
8	0	6	7	251	149
156	3	118	0	226	149
453	9	301	0	368	149
21	3	118	0	333	149
168	0	471	16	337	149
0	3	4	149	247	149
9	78	57	294	279	149
0	71	2	504	275	149
17	36	140	230	252	149
188	0	952	8	1904	149
59	5	81	1	322	149
1429	1	3847	0	257	149
0	39	5	291	266	149
4	29	5	162	281	149
31	0	301	67	260	149
14	0	299	4	241	149
14	0	211	4	233	149
3	2	98	22	200	149
2165	22	43	0	233	149
1282	12	46	0	233	149
277	15	55	0	309	149
3	0	24	10	256	149
36	5	96	9	263	149
40	1	51	65	176	149
26	29	80	96	218	149
101	5	152	0	341	149
8	0	24	24	272	149
8	0	92	17	341	149
0	8	81	5	182	149
10	3	131	5	331	149
322	1	263	0	283	149
417	3	742	0	1087	149
78	6	208	0	196	149
12	0	615	18	2508	149
20	0	437	37	203	149
22	3	498	0	203	149
0	15	8	35	299	149
46	3	157	0	491	149
90	3	341	12	295	149
353	0	237	24	322	149
2	87	14	195	214	149
151	7	281	0	241	149
77	18	188	12	297	149
93	3	367	0	245	149
71	0	605	5	242	149
32	2	76	8	347	149
33	87	107	267	347	149
4	87	46	267	276	149
0	69	3	48	276	149
7	4	32	47	320	149
9	87	17	267	274	149
2	69	8	48	274	149
10	4	25	47	274	149
3	0	16	3	274	149
59	6	224	12	336	149
109	0	170	15	290	149
19	2	46	0	282	149
0	21	4	74	274	149
48	0	178	71	303	149
616	16	1301	52	206	149
467	1	2001	0	285	149
101	0	144	17	219	149
27	0	138	8	289	149
15	15732	0	13443	312	149
20613	8	26440	2	300	149
242	7	1366	0	477	149
67	0	311	13	283	149
20	0	17	18	193	149
16	16	33	5	245	149
42	0	148	16	233	149
24	2	64	0	408	149
19	2	13	0	321	149
26	2	52	0	321	149
13	80	42	126	280	149
2	6	0	8	243	149
47	3	141	0	1010	149
2	4	92	0	304	149
119	0	301	5	320	149
74	1	163	0	306	149
25	1	29	0	219	149
75	21	115	29	219	149
67	0	117	2	293	149
2	4	17	14	231	149
16	0	32	4	247	149
3	33	19	64	351	149
13	5	8	56	256	149
0	14	5	118	215	149
37	0	116	15	282	149
43	24	126	100	282	149
35	0	116	15	245	149
49	24	234	100	245	149
77	2	157	0	320	149
4	44	42	38	248	149
7	0	344	9	350	149
3	0	0	203	310	149
261	6	597	0	383	149
0	42	4	151	269	149
0	26	26	127	363	149
17	0	209	6	293	149
19	0	234	6	312	149
29	0	360	6	315	149
3	0	6	29	224	149
362	4	837	0	224	149
1154	0	1317	10	937	149
40	4	221	0	245	149
250	0	352	12	200	149
4	11	0	20	175	149
0	16	12	46	327	149
70	1	10	0	268	149
21	32	12	9	349	149
137	17	106	0	359	149
4	9	30	56	278	149
2	0	14	16	278	149
9	0	74	16	264	149
62	0	241	5	515	149
17	0	36	5	248	149
31	1	272	0	298	149
51	0	452	4	298	149
0	8	28	9	175	149
40	30	126	87	291	149
37	30	124	87	319	149
2	15	18	26	226	149
1	12	13	24	226	149
36	0	435	21	236	149
48	0	327	6	276	149
20	0	145	3	252	149
18	36	225	276	295	149
11	36	86	276	316	149
0	38	2	306	274	149
28	38	128	306	616	149
5	3	11	33	301	149
16	38	74	306	491	149
12	38	63	306	487	149
3	38	33	306	244	149
3	9	23	209	244	149
10	9	0	209	350	149
0	22	16	117	261	149
22	3	77	0	310	149
15	1	36	0	389	149
26	0	32	14	216	149
12	0	108	14	335	149
4	0	4470	32	226	149
1	0	3483	834	285	149
0	19	10	22	244	149
12	0	42	2	256	149
2	0	19	27	395	149
0	12	22	14	356	149
96	5	258	0	257	149
111	12	351	0	283	149
0	6	31	39	242	149
153	5	229	0	635	149
32	57	143	284	247	149
34	225	162	663	247	149
50	4190	205	8748	247	149
14	225	16	663	237	149
10	4190	8	8748	237	149
4	4	37	36	684	149
5	0	32	31	374	149
1	0	95	21	255	149
0	1	11	99	286	149
0	14	16	114	190	149
22	0	151	36	208	149
0	4	32	56	239	149
0	24	7	96	263	149
26	0	51	27	313	149
32	4	68	23	338	149
44	0	7	8	247	149
16	85	0	31	234	149
574	1	7428	59	434	149
3	0	264	15	265	149
0	9	4	207	337	149
16	0	282	6	228	149
0	9	3	39	274	149
0	5	18	53	280	149
36	0	86	16	226	149
4	0	433	59	263	149
60	14	222	0	293	149
24	2	97	0	265	149
4	0	82	8	419	149
8	0	31	8	318	149
8	4	2	33	318	149
0	1	14	0	208	149
10	0	0	16	230	149
257	0	182	16	285	149
725	48	772	91	285	149
1169	48	1940	91	807	149
7596	0	17654	16	1495	149
8082	48	18244	91	1495	149
156	48	114	91	222	149
653	48	1312	91	744	149
7566	48	17616	91	1432	149
166	257	381	219	378	149
7079	257	16685	219	1066	149
489	257	1526	219	187	149
148	10	590	0	173	149
2515	10	8623	0	269	149
888	10	3104	0	245	149
114	961	1513	5522	185	149
0	16	6	124	277	149
7	16	31	124	270	149
109	0	442	4	254	149
33	3	76	61	442	149
29	3	64	61	418	149
0	142	10	538	271	149
0	142	4	538	255	149
440	23	27	0	329	149
503	7	729	4	188	149
40	13	54	24	180	149
12	31	36	156	180	149
12	121	54	402	180	149
12	31	29	156	221	149
16	121	11	402	221	149
19	1	39	3	221	149
23	1	21	21	221	149
94	121	280	402	271	149
64	1	127	21	271	149
63	4	142	0	271	149
2	4	29	0	283	149
595	14	1348	36	262	149
364	1	1025	0	218	149
171	5	181	0	217	149
2	412	0	488	295	149
207	0	105	1	311	149
18	102	7	62	435	149
0	2	3	24	230	149
0	53	20	480	409	149
43	3	388	0	258	149
44	2	383	0	226	149
22	5	214	17	226	149
14	5	250	17	245	149
33	0	385	8	188	149
47	0	313	5	292	149
37	0	253	19	216	149
61	2	256	0	217	149
225	0	729	45	180	149
409	1	1662	0	257	149
381	1	1144	23	809	149
7625	10	10550	0	298	149
43	4369	83	6813	282	149
2	12	0	128	241	149
1	70	0	853	315	149
2	8	8	0	214	149
2	169	0	2	278	149
2475	20	3	0	236	149
268	28	198	24	229	149
21	1	175	0	266	149
0	5	7	181	255	149
11	4	87	0	233	149
28	0	327	6	233	149
3	8	11	18	233	149
13	10	262	40	233	149
2	0	74	42	239	149
40	0	331	7	286	149
18	0	312	22	234	149
7	0	223	29	266	149
21	0	402	29	347	149
707	5	951	4	257	149
195	0	1029	20	372	149
8	0	132	7	235	149
14	10	0	24	275	149
17	0	13	7	272	149
65	4	340	4	657	149
33	3	55	13	211	149
47	3	120	0	241	149
18	0	25	3	180	149
7	15	82	11	232	149
35	0	188	14	239	149
0	15	7	195	235	149
14	5	134	27	204	149
6	4	8	0	377	149
25	13	58	0	249	149
117	2	66	8	479	149
53	2	32	8	351	149
8	16	0	81	251	149
4	16	0	81	242	149
5573	6	12252	0	223	149
16973	10	45655	11	223	149
677	1	583	9	239	149
167	0	218	5	220	149
93	26	186	0	203	149
22	26	71	0	193	149
21	2	218	0	258	149
267	0	230	22	473	149
25	8	13	0	263	149
95	0	891	22	154	149
2	0	59	26	154	149
72	6	845	0	257	149
72	6	867	0	252	149
69	6	824	0	246	149
0	154	29	1545	243	149
5	2	14	79	212	149
18	0	110	14	838	149
6192	4	10	0	377	149
2078	9	3	0	269	149
1759	5	1	0	289	149
890	34	1	0	289	149
1304	2	3	0	402	149
6	28	7	57	268	149
69	0	71	10	224	149
85	2	70	0	358	149
0	8	11	103	269	149
1	0	310	20	358	149
1	0	193	11	358	149
4	0	0	26	393	149
7	4	0	230	393	149
0	4	56	230	395	149
2	93	0	193	243	149
2	2	0	190	261	149
31	0	91	14	224	149
9	87	0	28	316	149
285	5	17	0	249	149
0	4	57	0	272	149
183	2	799	209	206	149
0	1	8	8	208	149
20	9	12	0	293	149
3	47	6	8	227	149
0	6	11	122	303	149
1187	2	4352	0	282	149
535	2	1399	31	282	149
2	2	0	31	226	149
1003	0	2093	25	3089	149
40	20	72	101	369	149
5	0	50	41	250	149
19	20	86	101	250	149
0	20	45	101	214	149
0	31	14	63	214	149
18	64	76	689	243	149
69	0	801	14	182	149
287	0	1699	5	321	149
47	102	361	512	180	149
11	61	68	415	335	149
11	61	22	415	286	149
20	0	137	6	210	149
41	0	144	6	194	149
196	0	999	12	194	149
119	0	595	1	209	149
350	18	2347	98	234	149
417	0	2260	12	229	149
1	5	19	18	171	149
8	5	21	18	176	149
10	0	13	15	176	149
31	231	146	2780	289	149
30	27	53	138	284	149
36	0	24	6	211	149
254	4	797	5	296	149
22	15	30	72	227	149
4	0	219	13	213	149
624	9	1694	18	279	149
556	15	1455	26	263	149
264	3	595	28	263	149
84	3	71	28	227	149
397	35	935	27	227	149
2	0	182	2	243	149
14	0	500	20	358	149
341	3	235	4	323	149
279	5	174	6	323	149
472	2	317	9	233	149
461	5	303	0	333	149
904	6	594	0	286	149
346	5	197	0	286	149
444	5	168	0	285	149
19	5	16	0	285	149
1025	5	578	0	285	149
3	477	0	210	272	149
234	5	52	0	207	149
698	16	262	16	207	149
0	1	12	14	277	149
15	19	0	39	344	149
106	4	468	0	211	149
58	4	451	0	410	149
0	24	35	419	166	149
9	0	30	28	166	149
50	0	892	28	268	149
31	9	510	30	268	149
22	0	333	28	319	149
0	9	29	30	319	149
0	9	29	30	338	149
5	45	16	142	406	149
1	45	0	76	356	149
144	16	914	22	267	149
19	282	20	320	196	149
103	11	400	52	264	149
59	0	348	24	264	149
196	18	826	15	264	149
1237	4	2644	0	301	149
628	4	2210	26	301	149
110321	52	70	0	226	149
377495	52	205	0	282	149
208750	52	111	0	498	149
3536	5	3	0	225	149
170556	103	93	0	225	149
8	7	12	45	429	149
14	1	22	0	244	149
13	2	27	13	192	149
43	4	128	0	177	149
0	4	3	27	194	149
6	26	18	92	194	149
5	26	39	92	230	149
1	6	12	15	230	149
2242	0	7897	11	252	149
33	0	451	21	506	149
382	3	373	0	320	149
69	12	138	0	208	149
2	77	0	282	421	149
0	99	15	445	248	149
22	2	107	2	233	149
38	0	380	5	263	149
0	36	5	247	246	149
6	100	0	231	245	149
122	60	208	29	246	149
45	0	424	15	195	149
0	26	13	350	276	149
0	26	13	350	273	149
28	10	686	23	220	149
6	39	23	523	206	149
247	0	353	15	289	149
20	2	160	0	295	149
24	0	140	15	284	149
12	0	71	15	358	149
8	14	18	66	263	149
1	14	25	36	263	149
273	6	1895	27	284	149
858	21	2067	41	252	149
9	3	0	18	197	149
153	2	659	22	264	149
48	49	32	34	254	149
199	49	562	34	194	149
26	5	162	15	194	149
60	0	225	13	203	149
352	5	609	15	300	149
476	0	993	13	300	149
4	334	115	886	267	149
3	2	11	0	276	149
108	3	307	0	222	149
47	8	150	0	266	149
103	8	124	0	269	149
59	12	211	13	309	149
0	29	12	71	242	149
0	4	6	8	242	149
44	4	173	8	329	149
29	4	191	8	365	149
296	105	161	107	290	149
32	0	159	1	255	149
18	3	171	86	273	149
16	0	146	17	213	149
7	0	147	9	215	149
5	7	7	17	231	149
2	7	0	30	442	149
2	72	0	132	442	149
83	3	7	0	299	149
94	1	35	0	257	149
2	35	66	161	392	149
34	0	448	4	232	149
41	0	152	9	227	149
27	0	142	29	293	149
37	0	136	12	272	149
26	30	0	69	303	149
50	2	133	0	304	149
8	0	180	4	238	149
1363	1	2469	0	258	149
5472	14	5940	0	248	149
6315	6	4478	0	256	149
2	307	3	728	206	149
3	32	18	249	277	149
0	307	15	728	277	149
66	307	369	728	263	149
3	3	29	29	251	149
30	0	42	8	196	149
13	0	77	12	274	149
0	23	19	189	288	149
0	23	10	189	229	149
383	0	528	54	269	149
0	29	4	320	247	149
47	3	567	0	278	149
1	0	17	2	205	149
0	2	2	28	276	149
0	2	13	28	471	149
0	2	5	71	280	149
0	2	6	71	234	149
2	0	94	14	201	149
2	0	13	12	223	149
0	5	53	115	950	149
6	203	0	47	358	149
302	2	132	0	245	149
0	197	14	115	302	149
11	2	33	0	276	149
0	7	9	6	286	149
0	2	6	0	192	149
19	23	22	103	273	149
12	0	92	2	284	149
97	3	304	14	221	149
17	3	62	14	263	149
5	3	42	14	271	149
0	9	29	389	337	149
72	7	130	18	257	149
4	0	18	21	296	149
2	6	4	35	296	149
0	6	21	35	284	149
12	133	84	93	252	149
5	550	6	3048	359	149
432	0	2301	20	273	149
27	0	126	27	269	149
41	5	250	58	259	149
688	22	645	103	234	149
222	16	269	78	302	149
21	0	47	12	305	149
111	0	311	12	292	149
230	4	568	11	334	149
45	4	125	11	227	149
1	57	0	94	277	149
2	57	1	94	201	149
1660	33	1035	0	1095	149
1044	9	794	0	1095	149
1312	9	517	0	348	149
1903	8	758	0	348	149
993	6	411	0	348	149
964	4	392	0	348	149
361	6	87	0	200	149
1295	32	453	19	200	149
308	4	35	0	196	149
332	3	54	0	196	149
12	3	24	26	319	149
4	3	0	26	317	149
2085	2	2301	0	272	149
793	1	783	0	272	149
794	0	782	1	272	149
537	1	1245	0	271	149
53	0	3	1	271	149
1798	1	2744	1	271	149
1182	2	1316	0	271	149
567	0	1177	1	266	149
567	2	1178	0	266	149
1242	57	2609	4	266	149
0	20	16	33	266	149
47	4	28	0	322	149
8	20	12	47	247	149
193	2	553	0	333	149
261	2	451	0	293	149
427	2	852	0	293	149
27	0	169	6	283	149
2	19	0	44	290	149
2	19	43	44	260	149
1	2	16	0	260	149
87	6	214	0	260	149
108	117	7	118	215	149
12	2	88	0	272	149
24	2	141	0	278	149
0	20	20	38	408	149
269	0	316	9	283	149
316	14	552	44	341	149
4	2	0	4	288	149
1	2	26	3	521	149
2	2	7	0	259	149
38	0	75	16	271	149
53	2	235	18	260	149
5	72	0	73	225	149
613	14	458	0	290	149
0	2	62	18	221	149
44	72	97	142	271	149
231	2	441	6	346	149
149	13	283	1	314	149
358	0	2287	19	330	149
0	74	26	599	266	149
879	0	4213	19	415	149
511	0	2827	19	484	149
271	71	1148	385	155	149
4	71	0	385	246	149
14	0	45	2	205	149
105	2	99	16	237	149
147	2	148	0	307	149
75	6	140	30	225	149
39	5	45	8	225	149
41	5	108	8	238	149
84	11	185	0	238	149
0	54	12	159	244	149
0	7	24	0	331	149
0	54	12	159	331	149
7	54	0	159	229	149
120	3	213	0	324	149
191	3	394	0	328	149
111	0	274	8	272	149
118775	64	1652	0	494	149
26477	1	644	0	306	149
2	34	9	233	270	149
62	0	549	13	312	149
0	144	32	520	183	149
514	1	486	5	320	149
279	20	377	21	246	149
166	2	211	0	225	149
4	6	11	4	271	149
13	98	27	67	271	149
6	49	20	160	310	149
792	4	15	0	297	149
995	4	15	0	300	149
226	25	1	0	194	149
121	7	510	0	187	149
8	7	24	0	284	149
10	7	11	0	306	149
14	7	23	0	383	149
368	8	737	0	246	149
149	3	437	0	246	149
122	3	180	0	246	149
331	0	478	4	246	149
3	309	27	413	200	149
172	6	484	0	331	149
62	0	197	9	289	149
112	0	315	9	320	149
13	13	38	83	346	149
48	13	41	83	416	149
10	4	169	33	269	149
2	0	52	23	244	149
4	2	78	51	197	149
4	2	32	51	393	149
22	0	349	73	179	149
0	14	1	198	383	149
23	4	415	63	191	149
10	0	559	9	203	149
9	12	220	93	206	149
4	0	131	2	188	149
26	6	427	182	203	149
15	0	258	43	194	149
34	0	406	2	194	149
0	18	17	52	351	149
32	0	365	12	281	149
605	0	2692	10	337	149
7	236	108	1059	209	149
0	5	84	230	245	149
5	5	148	230	268	149
9	5	256	230	338	149
5	5	158	230	427	149
27	0	482	7	205	149
0	60	12	137	229	149
50	1	90	32	227	149
2	0	0	3	273	149
6	0	0	1	223	149
3	34	0	142	241	149
52	1	183	0	239	149
1	10	21	16	348	149
26	4	182	17	391	149
18	11	85	79	262	149
3	8	174	31	303	149
3	7	0	45	270	149
12	0	32	18	293	149
7	7	10	45	293	149
29	7	39	45	308	149
41	7	45	2	308	149
130	154	358	283	271	149
604	49	593	102	262	149
227	63	848	39	295	149
166	1	557	22	295	149
119	1	376	22	291	149
118	2	608	0	291	149
82	0	773	11	253	149
73	0	548	11	256	149
3813	5	3763	23	238	149
2555	5	1842	23	192	149
11922	5	9705	23	213	149
3201	5	2357	23	230	149
3201	5	2336	23	236	149
3400	5	3182	23	208	149
0	6	17	20	314	149
6	0	25	31	385	149
7	13	50	0	290	149
2	0	0	16	341	149
2	0	0	30	237	149
5	32	58	81	268	149
21	28	34	101	280	149
52	1	114	0	246	149
22	32	4	41	265	149
14	0	0	6	265	149
0	8	8	4	224	149
2	0	263	12	567	149
396	63	697	46	265	149
18	5	348	0	316	149
2	0	74	66	282	149
66	2	334	106	252	149
149	0	258	36	249	149
120	2	140	0	251	149
53	5	172	4	245	149
1	10	0	44	251	149
8	0	171	13	368	149
389	45	497	8	335	149
10	288	39	350	465	149
340	0	821	5	232	149
0	100	12	125	253	149
140	0	257	4	269	149
475	7	585	20	707	149
13	1	31	12	291	149
21	9	57	13	235	149
158	4	2	0	328	149
21	2	0	57	450	149
0	4	13	78	315	149
0	4	25	78	321	149
482	3	1309	0	204	149
379	1	502	0	309	149
184	3	266	0	309	149
260	3	327	0	302	149
2757	3	20278	0	263	149
1292	0	8286	12	263	149
1292	0	8288	45	263	149
1594	0	14606	12	363	149
530	0	4091	45	363	149
3057	0	26710	14	363	149
1993	0	16195	16	363	149
845	0	8075	45	262	149
845	0	8077	16	262	149
1900	1	18605	19	262	149
527	679	13164	3468	474	149
14	0	129	4	315	149
7	0	18	7	249	149
29	0	31	7	323	149
7	23	40	69	288	149
0	2	16	9	192	149
98	0	348	3	307	149
106	1	320	0	294	149
174	0	1461	16	245	149
274	0	2370	17	313	149
3	174	0	128	309	149
247	142	237	127	340	149
0	3	45	7	213	149
7	2	4	12	227	149
13	2	22	12	253	149
12	0	38	18	270	149
3	0	33	8	259	149
5	0	36	8	303	149
1	0	2	8	220	149
2	0	48	18	258	149
47	2	68	0	269	149
5204	6	16	0	296	149
331	0	494	6	207	149
213	3	957	0	233	149
2	19	52	240	248	149
121	6	390	0	224	149
27	5	92	0	343	149
27	1	44	0	241	149
23	1	4	0	294	149
35	7	20	0	294	149
12	4	16	0	294	149
19	4	17	0	223	149
55	3	21	0	202	149
43	11	297	13	282	149
1275	4	1104	0	326	149
3545	0	1553	11	323	149
228	1	1730	47	291	149
836	7	2242	0	378	149
1	0	28	30	290	149
14	2	109	0	338	149
333	4	173	0	235	149
563	1	336	0	289	149
14	5	45	0	201	149
36	5	154	0	197	149
49	0	290	6	247	149
0	38	7	191	248	149
27	2	73	11	183	149
8	0	1553	11	164	149
266	0	6646	8	257	149
4	0	1	1	221	149
1	0	0	8	319	149
635	15	2474	47	231	149
0	88	19	1100	274	149
0	3	31	0	223	149
87	3	602	0	275	149
163	3	1615	0	205	149
0	240	8	1905	224	149
119	0	44	16	243	149
44	0	21	4	289	149
23	0	29	18	265	149
2	149	0	307	229	149
12	3	131	39	427	149
2	1037	21	1898	328	149
65	0	357	4	317	149
1	8	0	109	281	149
33	108	85	412	308	149
25	0	45	12	308	149
8	108	40	412	212	149
56	1	109	0	270	149
1230	3	1451	0	240	149
16	32	33	151	291	149
25	32	7	151	280	149
16	443	107	2145	255	149
32	443	211	2145	251	149
84	443	252	2145	267	149
25	443	119	2145	231	149
75	443	265	2145	247	149
9	669	18	2758	338	149
15	371	3	874	383	149
167	0	3267	10	407	149
74	0	2198	10	523	149
201	0	3324	10	404	149
108	0	2255	10	520	149
211	16	2754	246	272	149
5710	55	9040	224	266	149
386	0	1224	5	257	149
2604	1	5137	6	257	149
3628	2	5787	0	257	149
2110	2	3573	0	287	149
4491	2	83	0	376	149
3418	3	72	0	376	149
1316	3	57	0	310	149
2392	5	68	0	310	149
56	560	0	24	257	149
362	40	10	38	281	149
248	40	11	38	299	149
107	333	0	24	409	149
36	125	0	224	330	149
23	2	64	0	233	149
17	0	120	9	215	149
26	0	148	9	316	149
61	0	544	9	372	149
1	0	66	15	243	149
13	0	45	15	215	149
43400	2	804	0	425	149
352	0	690	21	238	149
391	1	626	0	197	149
755	7	827	0	462	149
1463	7	2063	0	222	149
7267	33	7222	32	663	149
7250	7	7136	0	648	149
8799	33	9275	32	648	149
44	5377	18	3381	334	149
2887	7	1639	6	760	149
8179	7	4983	6	353	149
17356	7	8427	6	687	149
9176	4	3437	0	316	149
9077	7	3392	6	289	149
15611	4	6835	0	289	149
3	9344	0	3476	238	149
19099	5	7014	0	369	149
41769	3	6593	0	418	149
121	2	85	0	210	149
165	11	297	0	267	149
163	50	297	12	267	149
169	2	326	6	267	149
94	43	524	173	368	149
4	0	27	26	269	149
10	0	150	51	251	149
4	0	92	8	227	149
180	0	363	15	213	149
54	6	44	7	186	149
105	0	143	8	240	149
238	6	482	7	240	149
873	14	518	9	286	149
350	2	883	0	457	149
452	2	1246	0	286	149
1	13	8	30	383	149
11	0	126	1	240	149
747	1	815	6	229	149
302	1	362	6	339	149
59	0	357	8	199	149
61	0	437	10	458	149
119	0	299	33	261	149
94	0	413	8	274	149
139	3	393	0	277	149
43	3	129	0	227	149
817	7	891	0	270	149
455	4	48	0	8954	149
76	18	8	0	265	149
49	5	8	0	214	149
22	9	29	0	276	149
27	64	17	5	393	149
7	52	43	36	289	149
65	1	618	35	239	149
52	0	215	55	239	149
57	0	458	55	1058	149
18	0	280	55	226	149
45	14	660	30	226	149
18	14	168	30	257	149
4	0	8	1	215	149
184	0	378	4	214	149
1511	30	1532	98	223	149
51	42	258	25	710	149
71	5	125	0	228	149
130	0	214	4	214	149
5	6211	0	5942	284	149
5	265	0	233	284	149
56	15	217	20	242	149
23	2	46	0	256	149
53	2	108	0	347	149
1795	26	1937	11	239	149
6	0	0	11	286	149
4	23	23	61	220	149
729	0	1915	26	242	149
238	1	895	0	223	149
8994	3	3	0	313	149
7751	24	2	0	408	149
13	12	28	0	191	149
104	0	74	3	259	149
35	0	22	3	234	149
4	0	0	3	247	149
11	62	5	59	247	149
237	0	162	8	314	149
25	95	21	89	221	149
62	95	33	89	290	149
79	29	53	43	290	149
6	35	77	213	254	149
3	32	0	273	182	149
2	4	21	11	218	149
156	4	500	11	326	149
204	19	373	27	221	149
284	65	388	29	262	149
0	5	18	26	186	149
76	4	130	14	239	149
122	4	209	14	245	149
0	37	1	50	194	149
91	0	234	12	427	149
28	0	28	12	192	149
7	54	0	114	232	149
2	23	42	82	280	149
19	0	111	10	262	149
47	1	530	9	237	149
2	100	175	794	227	149
23	4	37	0	242	149
34	9	75	0	301	149
3974	2	15909	0	353	149
10	3	0	8	320	149
465	6	152	0	270	149
301	2	93	0	236	149
391	19	130	0	289	149
5	63	37	171	402	149
39	0	67	6	227	149
206	0	346	6	800	149
126	0	205	6	810	149
286	3	129	0	284	149
504	3	278	0	273	149
63	0	157	24	213	149
3051	3	3304	0	537	149
9853	3	8574	0	290	149
5	3101	1	3306	300	149
4298	7	4802	18	269	149
0	1808	7	3224	311	149
0	1808	27	3224	228	149
24	1062	26	3341	331	149
17	1062	26	3341	335	149
19	1062	88	3341	451	149
19	1062	87	3341	491	149
636	0	2399	12	244	149
1283	0	5883	12	253	149
733	0	2897	12	272	149
1704	4	9207	0	2383	149
969	4	6065	0	306	149
34	41	46	82	198	149
49	3	280	0	319	149
59	5	89	41	383	149
43	0	97	3	231	149
0	4	8	0	238	149
2	0	5	24	267	149
12	6	12	94	236	149
219	0	1794	12	246	149
107	1	318	37	345	149
651	3	1233	0	277	149
770	3	1537	0	288	149
178	5	199	0	252	149
31	3	21	0	215	149
147	0	144	4	286	149
5	78	0	79	217	149
14	0	50	17	284	149
4	0	74	4	277	149
9	6	220	0	238	149
73	3	54	0	298	149
36	3	35	0	201	149
48	0	0	10	186	149
10	8	10	35	206	149
4	0	29	8	235	149
27	0	232	8	1405	149
18659	61	35016	279	273	149
204	12	526	0	261	149
22	3	168	0	284	149
2	2	4	0	266	149
45	0	21	12	272	149
58	2	33	0	252	149
16	1	0	1	211	149
21	9	0	45	211	149
16	33	0	19	211	149
16	1	0	1	231	149
16	1	0	1	234	149
16	33	0	19	234	149
33	1	24	0	413	149
28	7	79	0	404	149
15	33	16	19	404	149
1	30	0	25	404	149
39	1	79	0	404	149
28	7	80	0	346	149
1	9	1	45	346	149
15	33	17	19	346	149
1	30	1	25	346	149
27	1	79	0	346	149
3	0	0	2	187	149
3	9	0	45	187	149
9	33	0	19	187	149
4	30	0	25	187	149
30	14	45	16	187	149
95	30	230	25	330	149
86	2	185	34	330	149
119	30	204	25	299	149
114	2	227	34	299	149
8	9	0	50	237	149
8	0	0	9	237	149
8	9	0	21	264	149
2	0	97	41	186	149
0	3	14	49	306	149
0	35	9	114	278	149
0	20	24	67	194	149
42	0	374	11	252	149
1923	7	1430	0	378	149
879	4	1192	0	339	149
54	0	595	34	235	149
4	0	41	4	245	149
2	0	11	17	211	149
3350	78	20	0	364	149
3172	78	28	0	219	149
1899	13	7	0	251	149
3341	14	23	0	191	149
62	2721	0	16	225	149
3392	4	32	0	989	149
11614	25	138	0	340	149
14641	101	224	0	292	149
553	9	1959	48	337	149
10	18	0	15	237	149
30	1	16	0	236	149
12	0	384	15	1363	149
1	714	38	1274	188	149
26	0	242	9	397	149
57	8	153	0	308	149
0	4	27	62	258	149
5	0	0	7	267	149
5	0	22	3	302	149
5	0	14	3	299	149
14	1	3	19	191	149
15	0	238	5	713	149
0	25	13	127	352	149
8	0	42	13	246	149
11	17	151	106	209	149
17	25	99	220	164	149
185	20	380	37	167	149
100	9	194	0	333	149
186	4	41	0	286	149
47	1	16	0	296	149
67	0	139	1	401	149
2	25	2	44	423	149
76	21	212	27	469	149
28	21	107	27	309	149
26	351	23	314	267	149
5	331	10	455	276	149
9	253	21	310	1129	149
65	6	116	0	613	149
314	6	366	0	216	149
0	36	16	213	199	149
2	0	30	18	234	149
3	2	16	10	343	149
118	0	502	12	313	149
0	6	2	0	248	149
52	8	245	4	264	149
88	4	211	8	253	149
168	4	340	0	344	149
53	0	145	4	224	149
42	16	91	24	164	149
0	33	16	152	170	149
0	39	28	128	307	149
0	13	18	31	307	149
1	3	26	19	257	149
30	13	142	31	257	149
1	0	26	2	257	149
0	7	32	65	240	149
0	7	32	65	289	149
102	0	538	17	240	149
32	110	250	525	290	149
2	0	96	13	222	149
0	1	40	62	270	149
1	0	57	6	219	149
1	0	83	12	208	149
35	1	153	16	300	149
16	0	122	6	216	149
395	13	555	0	263	149
179	0	369	12	263	149
67	0	124	12	267	149
271	0	316	6	267	149
28	12	156	0	223	149
18	22	197	0	376	149
68	0	179	36	250	149
40	6	87	5	172	149
30	0	249	10	248	149
0	5	5	14	219	149
5	3	14	0	193	149
6	0	29	13	242	149
8	0	47	12	260	149
2	76	58	639	964	149
94	11	742	117	343	149
31	80	184	565	343	149
6	804	33	4098	233	149
8491	2	1926	0	221	149
0	1	9	45	262	149
0	4	9	8	295	149
6	2	24	122	225	149
4	0	64	17	183	149
312	0	647	15	4823	149
24	0	51	10	247	149
24	0	54	15	247	149
58	0	65	13	203	149
29	60	65	101	253	149
12	56	14	112	223	149
42	56	42	112	354	149
12	13	65	21	1138	149
120	0	125	2	310	149
91	0	235	16	371	149
438	47	273	98	172	149
0	18	4	209	293	149
132	1	458	0	274	149
10	1	19	0	233	149
18	3	25	0	320	149
5	5	18	0	236	149
31	0	140	1	231	149
10	0	265	19	279	149
23	0	94	37	365	149
121	0	1288	8	251	149
49777	14	2152	0	181	149
389	6	407	0	299	149
20	0	436	24	231	149
0	23	10	21	251	149
7	23	0	21	278	149
0	18	12	139	212	149
18	32	76	150	332	149
15	43	11	147	242	149
16	0	187	41	197	149
35	32	66	126	323	149
30	5	64	112	269	149
32	13	26	14	212	149
39	6	106	0	223	149
90	6	305	0	226	149
14	6	84	0	221	149
2	136	14	104	363	149
4	136	0	104	358	149
2	3	0	2	267	149
25	5	257	0	400	149
25	3	204	0	400	149
7	3	90	0	250	149
6	6	155	12	250	149
15	0	285	24	345	149
138	0	567	6	243	149
69	0	203	10	243	149
76	16	382	11	319	149
4	14	0	258	470	149
14	0	122	2	356	149
1	0	7	12	253	149
8	160	8	466	266	149
299	10	792	24	225	149
4	6	0	123	220	149
514	4	1471	0	341	149
1	0	505	26	209	149
137	16	479	4	260	149
0	44	4	141	258	149
150	0	227	18	278	149
15	1	34	4	217	149
18	1	75	0	272	149
27	0	113	11	245	149
1098	4	7860	0	208	149
3	865	0	6552	350	149
604	0	4302	9	240	149
1612	0	12337	9	243	149
0	999	4	8081	392	149
210	0	1518	14	215	149
12	10	274	0	189	149
24	0	221	6	244	149
0	1	40	3	209	149
2	0	116	35	248	149
0	4	38	53	457	149
622	2	565	0	323	149
412	0	286	1	323	149
209	0	56	1	237	149
414	2	335	0	237	149
0	138	1	389	456	149
71	2	358	33	260	149
81	2	275	33	254	149
71	5	293	16	232	149
0	26	20	157	198	149
36	0	60	4	251	149
26	0	406	36	248	149
3	0	17	113	213	149
3	0	30	113	227	149
11	0	232	113	345	149
7	0	25	7	193	149
590	2	242	0	250	149
13	275	19	130	317	149
40026	5	1314	0	294	149
22057	10	511	0	294	149
48579	10	1792	0	2157	149
17112	5	805	0	285	149
20334	2	1262	0	1012	149
18332	10	1224	0	417	149
36460	2	2047	0	417	149
29	6863	0	509	469	149
4	3206	0	697	236	149
348	1	1057	6	450	149
435	1	1289	6	540	149
168	1	634	6	386	149
290	6	1020	6	386	149
96	3	212	0	167	149
212	0	562	23	682	149
0	2	18	140	283	149
34	0	301	11	242	149
2665	18	1613	0	185	149
0	2	41	0	247	149
13	0	70	6	411	149
13	0	142	36	411	149
0	9	13	23	210	149
48	26	43	98	242	149
2	40	4	359	213	149
0	25	25	330	315	149
0	25	5	330	273	149
20975	0	33724	24	221	149
250	17	856	122	206	149
65	0	192	13	206	149
35	5	64	0	244	149
14	2	19	0	244	149
19	2	27	0	227	149
21	5	46	0	230	149
6	0	309	20	1078	149
107	0	286	9	783	149
9	3	34	10	326	149
6	0	17	14	326	149
6	2	19	0	326	149
23	0	246	27	515	149
12	297	28	440	198	149
31	0	179	2	232	149
398	42	1075	130	417	149
791	0	1089	9	299	149
0	3	47	0	191	149
63	123	86	249	334	149
14	23	10	14	334	149
118	123	217	249	204	149
19	2	20	8	276	149
1	34	0	14	267	149
29	38	153	495	224	149
337	3	450	22	235	149
5	2	12	0	286	149
6	0	173	14	381	149
25	3	202	0	381	149
0	6	15	75	233	149
19089	77	1756	49	260	149
7294	77	802	49	273	149
7	55	0	364	222	149
231	3	280	0	283	149
69	2	223	0	260	149
159	8	252	7	245	149
1833	7	614	0	264	149
747	6	201	0	264	149
2221	6	932	0	473	149
1252	6	469	0	285	149
2321	7	868	0	285	149
1327	73	1508	127	572	149
0	23	2	30	197	149
23	23	63	30	375	149
8	54	52	117	375	149
370	20	333	0	320	149
99	28	174	39	287	149
126	2	281	0	254	149
65	2	199	0	296	149
57	0	174	27	200	149
0	41	4	98	223	149
4	4	0	133	314	149
13	0	127	7	259	149
4	0	44	7	209	149
2	0	73	30	365	149
0	4	49	38	247	149
0	4	18	38	307	149
7	6	50	23	244	149
0	1	4	1588	283	149
2	0	3332	7	308	149
10	864	8	1118	267	149
4	4	20	11	344	149
1045	7	102	0	249	149
95	1152	5	73	220	149
0	27	16	60	269	149
0	2	7	42	180	149
0	1	15	0	243	149
1	0	39	6	243	149
0	1	2	0	272	149
1	0	21	67	245	149
16	11	2	0	278	149
6	22	0	22	400	149
183	17	139	0	251	149
1565	17	2334	0	197	149
1390	10	2199	35	172	149
156	6	285	0	172	149
160	12	300	8	172	149
663	6	1613	0	370	149
269	6	587	12	370	149
341	6	809	0	179	149
0	6	20	12	179	149
0	12	20	8	179	149
1561	2	2671	0	179	149
208	6	340	15	179	149
254	6	657	12	203	149
298	12	786	8	203	149
1148	9	2044	0	203	149
1106	2	2547	28	203	149
294	6	786	15	203	149
493	0	1216	6	187	149
1458	0	4368	6	499	149
2495	10	6996	0	179	149
380	0	817	19	189	149
506	0	1462	19	418	149
1839	2	5318	0	185	149
14	0	0	13	178	149
32	2	142	0	170	149
164	8	406	0	281	149
117	7	348	7	248	149
127	0	541	16	236	149
15	67	95	157	212	149
632	6	8	0	287	149
4842	0	6844	25	290	149
32	1680	41	4233	248	149
30	1680	8	4233	251	149
6690	9	30	0	309	149
8347	2	52	0	299	149
10733	4	69	0	310	149
20953	2	53	0	291	149
690	3	366	0	357	149
283	2	258	0	251	149
72	87	14	104	270	149
120	4	137	0	257	149
212	6	248	15	257	149
11	45	49	66	255	149
4	20	11	47	194	149
27	18	1	0	383	149
14	18	1	0	312	149
41	28	1	0	414	149
37	4	1	0	414	149
40	4	1	0	414	149
26	4	2	0	414	149
22	10	2	0	414	149
25	1	2	0	414	149
6	1	22	2	284	149
43	0	75	9	199	149
1	0	16	7	356	149
16	8	24	16	294	149
5410	0	19807	7	233	149
108	3614	593	11690	259	149
5	0	102	5	229	149
27	24	73	57	161	149
9	0	72	43	161	149
117	34	526	95	312	149
54	34	277	95	301	149
139	9	712	0	293	149
42	9	289	0	283	149
13	50	0	238	399	149
0	47	28	352	236	149
122	3	647	0	303	149
184	0	431	39	241	149
31	170	43	150	184	149
5	31	0	131	197	149
39	0	416	6	259	149
18	0	145	6	262	149
5	1	12	0	398	149
8	43	41	159	317	149
102	43	206	159	238	149
8	0	2	14	291	149
7	0	2	4	291	149
5	0	2	14	285	149
8	11	52	72	338	149
10	2	47	0	269	149
142	3	166	25	260	149
166	0	282	15	307	149
16	9	3	15	319	149
33	9	57	15	231	149
127	3	235	0	194	149
40	0	23	2	194	149
74	0	55	2	234	149
158	0	278	7	234	149
61	4	110	0	233	149
2	0	19	20	237	149
19	4	44	0	238	149
18	19	11	44	196	149
27	0	22	12	245	149
34	21	35	0	245	149
8935	12	45941	118	278	149
12339	3	39802	30	274	149
26	0	95	24	188	149
102	0	262	9	349	149
16	0	21	53	182	149
29	2	132	19	337	149
85	0	667	10	295	149
12	362	0	540	235	149
18	186	108	549	252	149
4	186	17	549	271	149
97	0	622	25	248	149
831	141	511	49	1342	149
133	6	75	9	487	149
36	0	186	13	345	149
8	46	8	99	195	149
31	4	28	0	286	149
19	23	11	39	271	149
20	6	0	49	271	149
2	23	3	39	311	149
0	2	3	11	311	149
20	6	39	49	197	149
217	0	1125	4	1408	149
207	0	1083	1	1408	149
304	10	1463	77	1408	149
288	25	1316	0	1408	149
21	10	139	77	244	149
8	25	56	0	244	149
12	0	114	16	216	149
0	17	10	35	343	149
0	1	10	5	343	149
0	17	19	35	346	149
0	1	10	5	346	149
5	3	34	0	266	149
8	0	238	19	207	149
0	181	10	425	285	149
7	181	12	425	224	149
1	135	0	433	434	149
274	0	466	53	201	149
226	0	433	3	179	149
28	168	45	209	203	149
162	168	119	209	221	149
27	136	6	243	221	149
27	168	6	209	272	149
98	136	95	243	246	149
531	136	695	243	281	149
206	20	873	139	296	149
12	40	55	168	312	149
3	39	76	132	376	149
3	15	44	43	190	149
42	122	23	137	268	149
10	122	0	137	242	149
18	4	65	0	248	149
52	1	36	0	318	149
153	0	979	3	233	149
20	0	96	6	237	149
42	0	133	6	247	149
33	0	178	43	289	149
10	0	110	43	241	149
5	4	100	0	282	149
3321	6	1429	0	298	149
6121	130	2843	144	298	149
24	0	223	8	214	149
1	210	25	186	241	149
0	12	8	119	206	149
19	0	118	11	188	149
38	0	1601	10	255	149
38	0	932	29	261	149
15	45	464	404	267	149
40	0	416	27	280	149
157	0	1654	35	313	149
115	0	2058	5	281	149
165	15	2271	66	291	149
10	7	31	9	254	149
0	7	2	9	292	149
2	0	0	13	247	149
7	0	0	13	259	149
154	0	1339	4	244	149
494	2	2151	0	322	149
5748	3	10209	0	196	149
2174	3	4421	0	197	149
2743	3	5386	0	354	149
26	47	4	2	293	149
105	15	131	0	210	149
9	0	22	26	228	149
9	1	53	95	289	149
15	1	120	95	303	149
37	8	114	0	238	149
24404	0	48138	6	275	149
12295	0	25193	6	353	149
13776	127	3	0	233	149
95	0	753	11	242	149
202	0	723	26	242	149
201	4	1223	70	260	149
10	0	68	3	212	149
1	6	34	0	218	149
9	0	75	9	279	149
30	3	620	0	214	149
10	58	41	158	353	149
481	4	760	0	275	149
145	5	384	18	275	149
203	4	195	0	206	149
2	5	0	18	206	149
121	5	124	18	226	149
458	5	494	0	226	149
20	24	125	40	223	149
40	3	332	6	256	149
8	24	0	40	314	149
6	28	0	196	314	149
80	0	326	10	226	149
2	64	0	238	199	149
0	82	17	360	167	149
466	43	575	37	270	149
17	527	39	381	236	149
6	29	0	39	181	149
6	15	14	0	188	149
110	0	26	10	273	149
21	13	0	13	236	149
597	8	298	10	323	149
34	583	48	406	234	149
514	7	312	4	254	149
219	4	142	0	254	149
10	55	14	243	299	149
124	0	404	10	290	149
0	5	6	101	205	149
31	0	157	14	321	149
10	0	249	18	245	149
9	0	442	17	340	149
50	0	198	14	207	149
0	2	20	70	309	149
1	0	0	12	222	149
1	0	0	12	228	149
6	8	3	114	245	149
663	5	1867	2	2028	149
227	5	529	2	253	149
189	2	47	0	239	149
37	8	124	0	198	149
1	23	0	119	207	149
13	23	5	119	227	149
29	16	103	13	237	149
10	16	31	13	191	149
130	0	1557	26	280	149
170	5	737	12	287	149
452	0	2236	2	269	149
262	0	1088	2	262	149
213	0	1012	2	249	149
43	5	334	0	329	149
13	0	89	6	284	149
8	38	0	26	434	149
814	0	2084	9	292	149
3	11	0	18	271	149
28	5	218	9	247	149
101	5	611	9	229	149
0	56	6	416	203	149
4	21	7	408	247	149
5	21	0	408	218	149
0	13	2	48	215	149
0	16	36	0	218	149
12	4	4	17	237	149
14	0	23	32	236	149
36	0	143	39	327	149
0	74	49	607	257	149
87	1	242	0	278	149
10	0	29	13	199	149
0	2	20	0	251	149
0	16	7	24	257	149
0	16	7	24	321	149
14	0	84	1	263	149
52	0	358	18	301	149
32	2	221	0	301	149
1	2	88	0	306	149
21	0	224	17	306	149
122	131	0	65	769	149
422	189	130	43	365	149
225	102	60	0	365	149
692	102	91	0	281	149
709	2	118	0	281	149
1	79	18	340	338	149
3	0	6	7	306	149
2	309	0	35	227	149
2124	1	1511	0	257	149
1371	11	1276	0	217	149
46	0	241	2	293	149
13	0	100	2	231	149
3	0	10	24	243	149
186	0	705	15	381	149
0	48	23	245	255	149
2	0	0	12	303	149
2	3	0	39	167	149
267	13	648	5	319	149
7	384	0	354	278	149
5	709	26	309	227	149
2	2	0	45	290	149
23	17	92	0	208	149
1	45	0	12	257	149
1	45	0	12	209	149
2	76	0	8	209	149
6	154	12	9	209	149
4363	0	501	8	523	149
4181	0	421	8	468	149
2734	0	278	8	299	149
141	2	621	0	315	149
130	0	621	6	315	149
54	2	197	0	217	149
7	0	0	6	217	149
54	13	197	0	217	149
222	0	345	6	228	149
233	2	345	0	228	149
381	12	886	9	228	149
534	10	1103	0	260	149
13	8	62	0	259	149
50	2	156	0	304	149
65	2	213	58	237	149
55	0	168	4	294	149
0	17	7	70	194	149
2	1	78	0	220	149
10	0	112	4	214	149
4	0	2	14	221	149
4	18	13	20	222	149
40	1	40	0	242	149
26	3	25	0	242	149
180	0	524	13	556	149
13	59	202	131	188	149
3	3	27	87	191	149
4	255	11	1174	202	149
134	2	121	0	360	149
13	86	339	1918	205	149
262	9	250	0	342	149
1597	7	429	0	278	149
1285	15	920	34	448	149
464	15	368	34	301	149
1746	15	1275	34	434	149
0	29	4	89	280	149
2	1197	0	1074	257	149
7	1197	0	1074	262	149
7	5	36	9	212	149
4	114	8	210	317	149
6	9	34	147	1694	149
89	0	313	11	227	149
0	5	17	0	273	149
6	56	8	211	188	149
0	34	15	214	246	149
123	0	620	5	245	149
9	77	81	480	245	149
4	0	59	2	227	149
8	249	0	1020	261	149
9	0	85	13	391	149
2	2	54	11	305	149
34	24	0	5	640	149
29	24	0	5	612	149
41	3	28	0	384	149
151	21	12	0	285	149
311	1	31	0	276	149
11	630	0	31	331	149
146	17	88	15	2043	149
0	3	10	0	262	149
337	0	1229	12	248	149
63	0	711	26	319	149
0	9	2	0	228	149
56	2	69	12	225	149
319	1	82	0	204	149
62	2	39	0	204	149
56	1	39	0	233	149
552	2	207	0	753	149
694	7	124	0	344	149
420	2	81	0	344	149
141	2	26	0	195	149
136	7	26	0	195	149
497	14	72	5	226	149
1393	14	214	5	230	149
1879	11	260	0	272	149
15	1187	9	151	197	149
11	1	164	0	1000	149
2602	60	11056	271	229	149
58	62	110	156	223	149
36	5	150	6	452	149
303	2	902	0	192	149
275	2	1146	6	260	149
9	109	8	52	207	149
4	26	9	0	279	149
5	26	7	0	356	149
215	0	459	2	282	149
68	2	76	0	269	149
32	4	50	0	269	149
37	8	21	0	261	149
255	16	175	0	344	149
85	1	61	0	324	149
3	33	16	20	332	149
3	33	16	20	253	149
7	1	9	0	277	149
7	33	9	20	277	149
11	0	23	5	277	149
3	0	0	5	285	149
1	0	2	5	322	149
5	11	2	25	322	149
4	11	0	25	340	149
5	0	111	7	207	149
28	4	281	8	207	149
43	0	322	49	217	149
6	0	100	11	266	149
23	0	275	17	241	149
0	5	65	3	220	149
7	28	0	18	217	149
19	52	0	29	291	149
3663	8	16	0	288	149
3208	9	28	0	285	149
3	0	56	24	289	149
0	76	23	492	529	149
90	13	707	155	233	149
22	0	37	24	349	149
2	0	21	24	227	149
79	2	82	0	320	149
7	8	7	36	192	149
1281	29	2905	110	236	149
4936	4	6451	0	401	149
3048	28	4044	13	401	149
4931	2	6084	0	754	149
1867	2	2003	0	425	149
4741	28	5262	13	425	149
6643	18	7689	20	425	149
0	32	26	70	242	149
4	2906	0	3329	235	149
15	2906	73	3329	682	149
35	28	15	13	268	149
65	2906	85	3329	268	149
5559	10	5733	25	419	149
11244	10	11155	25	1216	149
8780	5	6959	0	266	149
9	71	132	469	221	149
4	0	6	38	258	149
8	79	6	295	258	149
67	79	171	295	266	149
67	4	139	6	266	149
8	264	16	591	182	149
39	4409	49	6805	439	149
15	4409	11	6805	286	149
31	4409	12	6805	239	149
3440	0	7099	6	221	149
28	21	9	0	263	149
140	4	218	0	272	149
72	4	79	0	272	149
55	4	58	0	226	149
121	2	179	4	226	149
0	11	29	61	265	149
13	0	37	9	235	149
0	3	19	20	221	149
19	25	55	157	258	149
6	0	16	11	218	149
214	3	476	14	289	149
55	5	67	0	334	149
224	0	668	6	303	149
33	1	35	0	320	149
2	0	43	11	200	149
141	12	843	77	206	149
4	146	45	864	263	149
32	14	41	91	251	149
9602	50	331	0	377	149
27	4	43	69	322	149
19	4	26	69	318	149
5	0	0	8	326	149
314	44	1232	131	185	149
74	5	341	44	185	149
217	5	774	44	266	149
430	17	1548	30	266	149
6	0	184	1	2624	149
5	0	151	13	248	149
3	0	228	13	253	149
9	0	130	8	190	149
26	1	328	0	233	149
9	10	56	0	227	149
17	10	72	0	230	149
23	6	135	0	219	149
89	29	11	6	438	149
798	2	1159	0	338	149
1045	7	4048	18	176	149
73	7	249	18	192	149
222	989	359	3849	297	149
2069	20	7584	17	311	149
111	0	285	13	240	149
76	0	390	18	239	149
153	3	1183	0	319	149
199	1	371	6	271	149
51	0	96	7	209	149
50	2	158	51	1342	149
0	3	22	0	292	149
22	2	40	0	179	149
41	17	53	8	179	149
6	4	112	0	312	149
233	0	528	4	1510	149
335	0	700	4	1813	149
0	4	12	0	232	149
25	0	46	7	254	149
7	0	0	1	370	149
6	3	0	33	334	149
3	7	0	7	264	149
14	4	16	0	250	149
0	9	8	13	273	149
8	0	265	3	842	149
0	1	4	17	387	149
240	13	914	63	258	149
132	5	354	7	261	149
401	0	3313	29	402	149
264	0	2280	29	523	149
3	168	0	1917	219	149
0	168	7	1917	290	149
126	2	296	0	282	149
14	0	155	18	282	149
53	0	216	18	276	149
163	0	365	8	276	149
4	0	10	27	182	149
725	3	1031	0	279	149
485	2	1194	9	565	149
575	18	563	0	257	149
233	11	486	0	239	149
5	9	0	72	219	149
11	1	24	0	249	149
4	0	24	16	284	149
10	0	70	3	420	149
30	52	24	133	490	149
9354	0	21184	11	255	149
1	8374	0	15880	195	149
9110	8	16769	7	272	149
3	78	10	450	206	149
2	46	0	379	264	149
6	0	62	11	343	149
0	2	6	37	262	149
0	119	13	698	237	149
3	119	25	698	228	149
0	26	14	65	230	149
32	0	103	16	230	149
4	0	163	32	214	149
504	16	176	7	346	149
25	10	108	0	239	149
8	18	2	0	321	149
9	11	25	41	195	149
18	3	31	7	247	149
19	14	129	13	283	149
2	0	0	11	196	149
5	0	0	11	371	149
2	0	22794	1	269	149
8	0	16485	187	344	149
3	0	13551	6	344	149
0	5	31	2968	212	149
5	0	2867	34	179	149
1	0	1016	34	344	149
28	0	126	4	250	149
146	0	609	17	232	149
30	320	69	843	398	149
265	2	480	0	582	149
241	2	429	0	471	149
450	2	1176	0	222	149
128	4	341	0	222	149
486	0	1539	3	251	149
855	2	3046	84	251	149
491	0	1467	3	271	149
508	2	1480	84	271	149
516	0	1643	3	302	149
707	2	2636	84	302	149
21	2	263	84	198	149
34	382	421	1681	198	149
21	17	290	43	198	149
21	191	331	1064	198	149
971	2	594	0	557	149
63	0	0	1	380	149
11	522	0	843	240	149
138	1	400	0	298	149
584	1	944	0	193	149
146	1	506	14	333	149
79	0	228	19	248	149
27	4	123	0	248	149
36	0	30	19	246	149
127	4	269	0	274	149
4	2	10	0	247	149
8	4	5	0	247	149
0	4	5	0	268	149
23	18	38	64	264	149
30	0	90	4	272	149
3	32	2	121	342	149
6	32	4	121	273	149
9	32	0	73	268	149
24	5	4	0	206	149
12	2	87	14	187	149
0	15	26	108	287	149
73	526	45	387	320	149
6	1	676	0	386	149
11	1	892	0	389	149
6	1	616	0	566	149
6	1	633	0	680	149
0	5	4	288	278	149
5	0	337	52	202	149
641	6	808	0	281	149
3	176	3	211	187	149
22	5	86	0	258	149
17	0	70	8	214	149
18	3	55	0	250	149
53	1	90	0	306	149
43	3	101	0	270	149
68	4	54	0	386	149
666	25	674	62	251	149
155	0	156	3	201	149
653	28	742	0	313	149
159	0	582	5	273	149
242	15	842	20	273	149
0	15	5	20	188	149
28	120	107	367	188	149
709	15	749	14	203	149
703	9	1272	18	245	149
0	333	1	748	244	149
1	333	0	748	188	149
12	51	0	81	360	149
141	0	198	7	250	149
33	95	19	252	388	149
127	0	306	7	255	149
587	6	366	0	396	149
31	2	88	0	193	149
2015	4	2073	32	215	149
1418	6	1783	0	313	149
2489	6	2914	0	294	149
8280	118	3889	138	247	149
9620	0	3210	10	222	149
3597	0	1178	10	202	149
94	0	789	37	288	149
810	0	989	13	305	149
207	0	1833	4	323	149
7	1	32	16	194	149
34	1	56	3	194	149
12	10	32	0	194	149
11	1	3	3	211	149
94	6	220	44	318	149
25	34	10	4	544	149
62	16	4	0	275	149
2	5	0	64	251	149
66	2	535	0	207	149
88	2	864	0	1825	149
20	51	109	456	1371	149
37	0	291	24	1542	149
68	0	602	24	197	149
17	0	167	24	194	149
0	60	6	556	328	149
0	28	11	829	247	149
124	0	1037	19	285	149
62	0	362	19	280	149
26	0	275	19	212	149
0	40	26	112	187	149
72	9	213	18	270	149
72	0	268	39	276	149
1269	0	3094	11	385	149
0	42	51	347	329	149
0	42	25	347	189	149
0	232	12	719	189	149
0	232	19	719	239	149
40	232	323	719	161	149
2	31	0	366	292	149
42	16	94	64	264	149
12	0	107	19	302	149
124	0	623	8	302	149
174	2	454	0	307	149
38	7	85	0	219	149
0	18	20	92	215	149
8	0	69	1	276	149
24	0	326	1	1058	149
24	8	361	69	1058	149
24	0	326	14	1058	149
8	0	172	3	192	149
1	52	0	120	168	149
9	52	8	120	319	149
35	5	131	0	207	149
28	3	391	4	245	149
26	3	268	4	242	149
3	0	2	13	267	149
0	17	17	267	207	149
82	22	93	0	382	149
85	22	128	0	393	149
126	22	218	0	426	149
155	10	277	14	564	149
69	10	57	14	214	149
414	0	427	7	839	149
67	0	62	1	226	149
117	0	477	22	702	149
32	0	166	22	262	149
3	4	41	5	195	149
26	6	129	0	195	149
154	0	208	8	272	149
36	4	101	19	185	149
8	6	46	0	239	149
2454	8	878	0	286	149
2767	2	758	0	298	149
19	0	135	20	297	149
0	7	4	46	193	149
13	6	71	7	235	149
2	3	24	5	238	149
385	2	246	0	271	149
396	12	261	12	271	149
384	6	246	8	271	149
518	2	396	0	331	149
594	12	581	12	331	149
563	6	452	8	331	149
10	12	0	12	251	149
9	6	0	8	251	149
10	12	0	15	251	149
12	4	0	20	251	149
13	13	8	25	251	149
22	89	0	193	251	149
19	58	0	64	251	149
219	0	230	1	865	149
550	0	276	1	242	149
247	2	85	0	242	149
271	0	72	1	265	149
967	39	1179	16	320	149
7	0	10	5	415	149
6	0	10	5	251	149
1256	6	2888	4	318	149
1936	1	2134	24	275	149
0	2	57	0	248	149
2	0	45	6	251	149
332	0	532	8	226	149
0	6	32	0	354	149
14	4	119	8	290	149
12	17	10	53	206	149
0	1	39	0	294	149
33	1	68	22	311	149
0	12	18	0	203	149
1447	35	2856	33	268	149
398	13	229	17	1103	149
6	114	12	159	188	149
76	10	117	0	193	149
630	0	1083	18	207	149
486	0	1002	22	254	149
253	0	575	22	299	149
9	263	4	455	284	149
500	3	836	0	269	149
5	95	42	791	349	149
0	95	7	791	252	149
24	4	226	24	213	149
4	0	38	48	239	149
4	0	117	21	398	149
35	4	354	9	299	149
18	0	135	21	254	149
71	0	221	17	261	149
126	9	396	21	240	149
0	9	17	21	564	149
39	0	362	19	265	149
9	0	234	18	1682	149
7	0	18	8	282	149
4	5	86	0	201	149
2	0	137	8	348	149
1	11765	0	15571	225	149
24	0	6	18	254	149
8	0	45	10	252	149
0	13	53	16	255	149
0	51	5	32	240	149
63	0	117	15	343	149
55	4	90	0	303	149
182	11	254	37	376	149
122	4	138	0	376	149
10	4	19	0	241	149
26	13	14	11	202	149
13	8	93	12	224	149
12	0	236	13	309	149
55	2	47	0	361	149
67	2	68	0	330	149
8	2	10	0	200	149
291	127	276	104	200	149
140	127	103	104	197	149
0	5	5	31	183	149
8	14	0	44	167	149
200	6	52	12	402	149
234	5	62	0	307	149
0	5	8	297	288	149
0	1	15	288	402	149
0	2	3	364	395	149
23	0	151	9	371	149
31	0	58	8	339	149
6	0	0	19	189	149
8	2	64	40	332	149
8	0	1	22	185	149
0	14	9	0	259	149
922	0	1393	4	270	149
522	0	1052	14	299	149
236	0	1981	14	306	149
532	13	3620	23	306	149
0	229	16	1972	197	149
0	229	8	1972	227	149
39	7	23	0	233	149
99	0	26	7	357	149
72	0	68	5	326	149
23	0	120	14	290	149
7	0	63	14	296	149
27	0	70	18	197	149
3	28	15	72	254	149
20	70	11	103	341	149
24	70	38	103	346	149
7	0	11	8	260	149
4	0	0	25	360	149
7	3	49	0	326	149
7	44	29	132	326	149
3	44	0	132	1448	149
42	0	76	8	260	149
3	23	14	21	167	149
6	4	13	38	282	149
43	6	112	0	253	149
214	0	690	15	339	149
41	78	54	140	200	149
14	14	47	54	200	149
37	0	53	15	941	149
169	0	735	60	301	149
4	26	36	58	273	149
39	2	262	4	271	149
44	4	97	0	265	149
5	1	10	0	392	149
76	4	498	16	231	149
129	6	269	0	234	149
36	2	108	4	190	149
38	3	147	28	190	149
39	2	75	4	183	149
183	3	530	28	183	149
203	1	585	32	224	149
9	110	0	370	303	149
64	23	233	104	273	149
937	0	6818	11	937	149
372	0	3711	26	272	149
272	0	3711	9	323	149
224	0	2689	16	245	149
17	80	442	943	173	149
42	0	804	5	629	149
70	0	1352	5	350	149
318	1	826	0	254	149
22	27	35	164	212	149
8	186	8	1085	369	149
325	1	769	0	257	149
420	12	211	3	200	149
128	12	80	3	221	149
84	203	10	158	247	149
41	203	10	158	267	149
367	44	191	14	263	149
11	12	33	15	273	149
46	3	35	16	271	149
9	64	22	101	316	149
4	34	25	76	395	149
4	34	21	76	293	149
0	14	158	18	235	149
20	100	7	0	320	149
0	5	12	41	269	149
19	0	32	61	197	149
7	8	47	0	212	149
0	14	2	27	365	149
0	43	98	174	182	149
56	280	207	749	174	149
318	6	883	136	181	149
0	279	8	851	196	149
119	0	117	18	288	149
94	0	73	20	386	149
74	1	108	0	326	149
70	0	185	16	331	149
13	1	47	3	218	149
0	6	4	7	274	149
17	0	49	19	249	149
0	92	24	85	231	149
49	5	141	11	264	149
39	0	82	7	318	149
21	1	42	0	318	149
221	3	342	0	290	149
110	38	142	35	199	149
177	4	49	0	242	149
28	1257	5	195	176	149
3	10	2	40	242	149
0	6	26	13	254	149
298	98	221	140	354	149
366	2	581	0	329	149
0	65	27	272	223	149
100	27	389	53	225	149
2	87	5	316	309	149
9	6	23	0	252	149
13	14	21	54	344	149
19	31	91	25	260	149
11	28	14	171	251	149
325	10	580	0	236	149
55	3	113	0	253	149
132	0	155	16	254	149
0	9	10	80	339	149
289	1	750	0	281	149
183	0	353	15	342	149
83	10	159	0	587	149
100	10	153	0	370	149
0	10	6	0	354	149
245	8	175	0	279	149
34	7	169	0	272	149
122	4	153	9	272	149
496	4	354	3	406	149
257	4	228	3	298	149
3	42	0	114	243	149
7	42	0	114	227	149
13	2	117	14	267	149
0	5	14	51	230	149
58	3	143	0	422	149
1	4	43	26	182	149
11	4	39	22	179	149
0	2	58	72	182	149
54	0	208	9	272	149
41	1	136	0	210	149
8	24	9	98	292	149
0	6	6	90	256	149
1	0	0	4	267	149
139	0	173	9	407	149
81	14	354	11	289	149
51	11	191	20	217	149
9	0	261	10	201	149
3	3	141	5	279	149
3	0	54	2	278	149
3	2	54	0	278	149
6	219	71	1554	278	149
69	2	618	0	1612	149
0	2	2	0	195	149
0	219	2	1554	195	149
2	219	9	1554	249	149
0	3	9	17	249	149
2	219	39	1554	254	149
0	3	39	17	254	149
18	1	34	0	297	149
7	4	9	0	213	149
2	4	47	0	295	149
2	1	47	6	295	149
286	0	1438	8	322	149
2	216	4	1085	346	149
1242	8	1704	7	326	149
7261	10	21824	31	290	149
2	5570	0	18095	204	149
3856	9	13097	48	286	149
8484	9	27904	48	293	149
0	3191	3	11496	245	149
5117	4	19114	13	268	149
2848	4	10269	13	319	149
2852	4	10269	13	332	149
3	44	26	187	384	149
3	292	44	1543	384	149
8	8	11	13	232	149
6	44	11	187	232	149
13	292	72	1543	232	149
9	44	34	187	329	149
0	292	14	1543	268	149
9	44	38	187	223	149
8	292	21	1543	223	149
2	7	8	61	223	149
0	44	1	187	283	149
0	292	1	1543	283	149
26	2	65	12	237	149
110	292	453	1543	237	149
68	0	266	18	237	149
68	7	266	61	237	149
77	5	296	13	237	149
28	2	76	12	257	149
37	292	74	1543	257	149
14	5	25	13	257	149
8	292	31	1543	356	149
3	292	21	1543	287	149
1	89	12	412	287	149
76859	1	441	0	282	149
506649	3	964	0	288	149
925874	21	735	0	282	149
589987	69	442	0	217	149
42	387105	0	256	305	149
41	4	250	0	302	149
229	2	459	0	449	149
352	5	604	2	228	149
70	0	16	4	358	149
1034	49	100	9	221	149
521	38	61	0	221	149
305	38	9	0	221	149
871	93	54	15	221	149
57	0	24	4	302	149
24	18	4	18	210	149
66	19	11	24	230	149
0	1	14	0	206	149
4912	203	9786	281	284	149
2273	79	5019	271	284	149
3476	79	5077	271	281	149
5974	56	9726	156	281	149
72	6	260	27	186	149
0	15	7	53	235	149
47	43	263	203	270	149
91	1	166	0	219	149
880	5	451	0	221	149
0	7	26	110	260	149
4	10	0	37	277	149
80033	4	792	0	337	149
52266	11	428	0	337	149
10020	11	305	0	238	149
0	7	9	0	238	149
37028	37	668	0	238	149
1478	8	30	0	330	149
10629	8	481	0	330	149
5757	4	324	0	229	149
5235	2	344	7	229	149
9759	189	538	0	229	149
65	2	12	7	276	149
365	189	17	0	276	149
664	163	24	32	276	149
1037	4733	29	239	276	149
599	163	12	32	298	149
607	4733	12	239	298	149
2	0	0	9	351	149
990	6	7899	0	273	149
13	0	96	15	161	149
17	0	168	15	164	149
21	0	178	15	167	149
164	0	1863	15	224	149
150	0	941	4	230	149
153	0	983	4	236	149
394	0	3168	4	240	149
618	0	4720	6	240	149
145	0	903	6	261	149
309	0	2616	6	209	149
452	9	4141	44	455	149
2	7	73	31	533	149
2	21	98	37	533	149
1	0	63	10	285	149
6	0	0	10	397	149
90	0	1551	13	205	149
139	2	1249	0	232	149
14	5	174	0	196	149
52	0	282	9	238	149
25	0	75369	1425	308	149
16	0	39513	19	260	149
10	0	36430	30	260	149
8	0	24898	96	318	149
13	0	31149	96	326	149
6	0	24369	96	308	149
4	167	0	211	237	149
87	13	176	0	319	149
921	10	114	0	334	149
20	0	40	6	242	149
52	0	113	2	295	149
27	114	52	92	179	149
25	19	27	12	221	149
0	13	31	55	256	149
6	13	56	55	232	149
0	147	42	231	306	149
5	80	0	169	262	149
108	0	224	5	211	149
75	3	144	0	198	149
6	0	24	8	210	149
1	0	0	13	257	149
11	0	75	16	246	149
103	0	679	5	205	149
125	11	730	14	224	149
50	11	264	14	234	149
0	107	20	328	169	149
30	0	98	5	325	149
0	6	9	25	318	149
55	6	190	25	236	149
33	0	78	9	236	149
0	24	20	161	220	149
51	4	18	0	535	149
0	17	16	31	263	149
27	351	92	2329	202	149
957	68	5741	390	298	149
347	2	2334	0	298	149
1054	68	5182	390	264	149
212	2	1115	0	179	149
855	0	4622	5	179	149
6	1527	8	7429	370	149
15	2	32	5	172	149
0	54	8	317	188	149
0	6	5	39	233	149
21	7	7	0	233	149
17	0	0	10	232	149
57	9	239	72	275	149
93	0	285	5	185	149
105	6	9	0	245	149
319	6	29	0	228	149
660	2	65	0	228	149
709	11	40	0	183	149
16	0	159	3	257	149
12	5	0	101	244	149
311	1	989	3	225	149
287	0	779	16	336	149
0	340	8	300	407	149
2221	3	29	0	263	149
3	3	49	14	384	149
20	1482	35	996	295	149
2325	4	1316	18	280	149
1624	2	1154	6	280	149
46	976	25	396	206	149
14	275	0	234	235	149
14	307	17	244	355	149
152	3	283	0	241	149
322	8	6	14	278	149
780	8	168	14	225	149
585	10	59	14	288	149
1268	10	144	14	231	149
2223	2	278	0	245	149
670	2	58	3	245	149
1183	2	131	3	260	149
193	0	621	8	308	149
94	0	202	5	272	149
6	0	15	5	161	149
33	7	92	0	234	149
161	7	220	0	272	149
0	10	2	27	244	149
82	1	516	15	659	149
145	1	850	15	884	149
560	5	1262	8	213	149
76	2	195	0	213	149
381	2	525	0	337	149
888	8	1605	0	337	149
43	21	19	28	242	149
10	6	130	0	204	149
0	2	5	82	294	149
28	57	60	156	308	149
71	6	1482	76	1112	149
6	10	80	255	203	149
2	7	157	52	185	149
2	0	24	26	185	149
23	0	210	26	244	149
560	0	194	13	251	149
1088	0	358	13	255	149
30	0	211	12	237	149
181	0	218	5	320	149
7	8	39	0	344	149
0	3	6	5	218	149
0	21	36	292	282	149
3	178	41	884	282	149
0	1	47	42	282	149
0	56	37	219	185	149
0	56	3	219	340	149
152	1	453	0	781	149
24	1	63	0	287	149
293	17	1265	37	201	149
7	6	30	32	201	149
538	6	1818	32	435	149
769	2	2953	21	296	149
493	6	1667	32	296	149
532	0	1394	6	285	149
10	0	110	2	232	149
7	184	0	150	172	149
0	5	67	0	176	149
0	5	76	17	206	149
0	3	11	2	191	149
0	3	2	22	227	149
24	0	160	5	287	149
163	0	466	16	319	149
81	1	260	0	319	149
73	0	197	16	274	149
73	1	131	0	252	149
156	1	308	0	252	149
51	1	177	0	335	149
219	1	288	0	222	149
217	9	208	19	277	149
41	0	63	35	244	149
18	0	99	2	267	149
35	6	256	0	274	149
201	0	348	8	240	149
16	16	95	66	207	149
6	32	60	54	254	149
163	7	194	3	236	149
0	4	41	5	278	149
0	12	4	20	284	149
14	5	27	34	313	149
717	4	526	0	287	149
0	3	52	0	217	149
229	3	539	39	276	149
57	0	168	9	291	149
38	6	148	34	291	149
19	0	40	9	291	149
0	19	2	45	323	149
5	6	29	34	237	149
24	0	65	19	237	149
5	6	20	34	233	149
5	0	40	19	233	149
1	12	35	0	264	149
7	11	22	107	260	149
4	3	156	6	289	149
390	4	733	0	240	149
516	13	816	11	254	149
13	0	30	13	198	149
48	7	88	18	198	149
43	19	32	69	198	149
178	48	146	43	235	149
25	7	45	18	222	149
107	1	76	0	222	149
21	9	21	12	222	149
55	126	67	214	222	149
107	9	28	12	247	149
244	2	83	0	247	149
148	0	48	2	228	149
16	126	13	214	228	149
11	37	7	61	228	149
159	126	97	214	285	149
398	12	165	7	285	149
66	126	33	214	300	149
291	12	93	7	300	149
518	19	445	69	254	149
637	81	641	116	254	149
0	5	30	126	272	149
0	106	6	435	345	149
211	5	875	4	298	149
0	105	17	440	277	149
207	0	804	16	275	149
0	118	10	424	398	149
76	0	373	3	551	149
75	1	534	11	251	149
31	1	329	11	368	149
55	0	319	14	200	149
84	14	648	37	392	149
6	65	20	280	289	149
206	13	631	0	207	149
187	3	803	0	231	149
288	4	488	0	254	149
0	3	265	9	289	149
1	8	78	88	233	149
203	3	556	0	251	149
0	11	10	69	266	149
11	3	111	0	203	149
3	4	62	0	276	149
9	0	38	19	355	149
2	17	6	128	271	149
0	17	18	128	271	149
22	0	237	4	273	149
4	0	63	4	246	149
2	103	12	224	284	149
0	72	3	441	198	149
78	0	513	11	212	149
49	1	320	0	223	149
44	2	344	28	215	149
463	0	594	5	273	149
6	71	36	222	234	149
37	2	86	0	198	149
47	0	333	2	543	149
3	0	8	92	429	149
3	0	0	92	214	149
0	2	85	0	236	149
9	0	0	9	213	149
135	4	139	0	428	149
19523	8	33227	1	223	149
7875	0	10183	1	223	149
22345	0	39758	1	614	149
6	0	1	1	240	149
14290	0	29426	1	249	149
5	0	5	4	221	149
7	0	15	13	363	149
19	0	285	14	281	149
28	0	342	8	313	149
0	50	17	188	215	149
20	0	13	2	200	149
0	43	8	14	684	149
10	4	31	0	217	149
12	4	42	0	284	149
60	3	440	16	235	149
100	0	177	19	264	149
148	2	283	0	298	149
17	7	16	27	211	149
31	87	14	103	261	149
20	7	20	15	261	149
184	7	208	15	252	149
109	0	105	6	252	149
1531	4	774	0	841	149
3	38	57	204	222	149
45	0	354	4	300	149
48	3	250	0	233	149
6	9	0	177	240	149
25	6	279	0	287	149
4129	50	3639	0	222	149
1693	5	1340	0	222	149
4	17	0	151	295	149
214	6	1381	6	196	149
287	6	1311	8	258	149
76	0	325	6	202	149
196	0	1051	9	202	149
6	148	0	809	229	149
217	22	247	34	353	149
56	3	134	2	269	149
21	6	98	0	364	149
18	0	70	8	364	149
44	1	187	0	266	149
19	1	217	0	241	149
28	0	123	14	273	149
62	0	344	14	248	149
1114	0	2353	23	198	149
1	896	17	2138	279	149
1441	2	3351	6	252	149
541	0	2414	9	225	149
9	11	15	26	187	149
11	7	41	33	196	149
5	59	0	100	170	149
8	0	88	1	222	149
0	2	46	8	243	149
0	5	42	0	281	149
9	0	0	6	307	149
67	6	119	0	462	149
7	0	7	8	236	149
319	56	1197	122	218	149
732	111	2839	307	261	149
969	27	1934	6	258	149
741	0	972	14	298	149
0	417	36	629	324	149
0	417	18	629	241	149
8	169	0	303	280	149
205	0	1172	7	304	149
6	11	38	2	229	149
11	63	38	351	229	149
13	63	134	351	233	149
14	63	37	351	275	149
3	5	35	0	275	149
338	0	633	26	248	149
641	0	1669	26	240	149
822	38	917	6	239	149
1319	4	1355	0	320	149
482	0	631	14	231	149
17	21	51	95	336	149
225	0	617	6	265	149
3	0	23	17	217	149
2	0	31	17	250	149
5	35	2	94	247	149
4	35	2	94	251	149
1	4	0	116	324	149
80	0	96	26	215	149
307	16	442	8	298	149
209	8	53	0	227	149
113	3	214	0	217	149
134	0	264	13	342	149
30	2	382	14	367	149
0	21	61	23	306	149
49	2	72	0	232	149
27	16	134	26	215	149
20	30	22	94	209	149
6	58	0	135	239	149
9	15	40	0	396	149
63	10	356	0	248	149
65	0	217	10	295	149
0	14	58	224	256	149
0	14	14	224	223	149
293	3	1078	7	203	149
229	0	882	8	203	149
436	12	1426	62	203	149
333	5	1380	29	203	149
31	12	77	62	288	149
16	5	62	29	288	149
64	1	190	21	288	149
65	7	198	3	288	149
92	207	260	544	288	149
77	104	245	498	288	149
2	12	8	62	263	149
2	207	0	544	263	149
0	7	21	3	205	149
54	115	130	254	242	149
150	51	781	101	239	149
199	10	381	5	202	149
24	0	25	10	216	149
67	2	190	0	296	149
11	11	0	25	181	149
3	0	54	17	284	149
11	0	51	1	538	149
8	487	18	312	328	149
26	0	71	7	198	149
18	1215	0	810	255	149
10	1215	0	810	347	149
0	1	99	240	200	149
1	0	380	10	242	149
0	1	62	318	239	149
56	4	42	0	244	149
742	0	535	10	234	149
49	0	151	1	323	149
25	8	64	15	268	149
62	4	297	0	467	149
4	4	15	0	191	149
27	4	86	0	444	149
27	2	86	11	444	149
44	6	115	0	444	149
4	7	53	0	286	149
11	7	81	0	310	149
3	0	13	10	321	149
4	9	13	248	321	149
0	9	23	248	183	149
0	1	13	0	183	149
74	0	1239	6	326	149
12	0	28	36	226	149
2	0	9	16	268	149
2	0	21	54	268	149
4	0	123	6	360	149
441	9	805	29	247	149
252	3	403	9	247	149
125	3	364	9	302	149
305	0	783	46	302	149
172	3	703	11	236	149
0	121	9	475	253	149
58	2	325	2	300	149
79	5	378	0	304	149
41	5	172	0	319	149
531	89	687	25	266	149
92	293	142	669	274	149
111	293	186	669	277	149
23	293	35	669	190	149
13	0	120	27	242	149
87	3	177	0	221	149
260	6	716	0	253	149
104	3	312	0	289	149
61	7	44	0	342	149
64	4	40	14	244	149
78	1	79	0	244	149
319	4	291	14	283	149
354	1	348	0	283	149
34	4	61	0	180	149
131	38	332	24	239	149
2	230	18	399	287	149
372	0	637	5	267	149
19	0	88	3	275	149
0	2	18	44	273	149
0	2	30	44	220	149
0	2	18	44	213	149
7	0	79	8	188	149
33	0	104	18	242	149
10	0	22	18	214	149
18	205	51	281	433	149
6	205	19	281	275	149
899	30	1103	38	352	149
491	30	533	38	273	149
130	30	114	38	174	149
210	5	164	0	207	149
1828	2	979	0	249	149
2998	25	1408	6	249	149
20	0	176	11	202	149
0	26	24	85	227	149
2	10	0	45	230	149
10	2	11	0	285	149
8	0	24	15	285	149
7	47	0	33	293	149
101	0	135	1	263	149
0	60	8	52	235	149
49	549	38	1224	219	149
8	0	121	13	260	149
10	5	164	47	274	149
4	2	166	0	324	149
122	3	459	0	493	149
2	18	6	143	260	149
1409	28	2919	21	284	149
451	3	688	0	351	149
31	12	341	24	215	149
93	19	483	14	248	149
114	0	455	13	274	149
314	10	1067	0	290	149
150	0	562	26	209	149
43	14	98	14	209	149
83	14	359	14	563	149
45	14	228	14	229	149
166	5	659	0	229	149
167	3	527	0	246	149
7	213	10	360	206	149
165	0	265	5	259	149
4412	16	211	0	205	149
1927	220	100	0	217	149
9346	220	857	0	255	149
3493	220	225	0	272	149
1	5934	0	643	337	149
3	51	18	96	334	149
55	0	310	9	247	149
216	16	98	0	270	149
90	0	317	15	258	149
261	9	319	12	260	149
752	17	766	36	479	149
32	7	298	0	257	149
123	11	531	5	293	149
41	4	238	0	358	149
18	0	89	8	206	149
108	6	169	0	380	149
61	5	165	0	223	149
1	69	0	136	247	149
1	0	0	6	261	149
97	3	362	0	194	149
4	491	19	999	386	149
27	6	37	8	264	149
24	259	37	731	264	149
31	259	67	731	269	149
1	31	7	91	262	149
0	5	2	2	288	149
0	5	2	2	205	149
23	0	938	7	366	149
9	0	42	10	310	149
11	0	126	34	235	149
2	8	0	68	305	149
4190	47	62	0	280	149
639	5	30	0	339	149
303	13	5	0	308	149
2	0	198	13	341	149
5	0	23	34	230	149
5	4	11	37	230	149
0	271	4	822	265	149
216	0	1300	4	264	149
309	4	1955	0	264	149
0	93	55	655	384	149
71	26	261	33	225	149
10	50	10	152	230	149
3	0	101	16	187	149
0	4	3	101	270	149
1368	0	2331	4	220	149
516	2	535	2	224	149
0	4	23	32	257	149
8	0	64	7	331	149
10	113	0	160	338	149
1	85	0	250	288	149
2437	3	789	0	253	149
1696	44	591	0	258	149
172	324	49	295	245	149
652	6	763	0	269	149
47	131	103	210	268	149
17	131	31	210	272	149
14154	2	26350	0	250	149
7283	2	13714	0	349	149
7226	2	13624	0	361	149
173	5	138	9	308	149
93	2	1002	26	320	149
5	16	109	123	274	149
30	0	281	6	231	149
321	9	870	11	243	149
0	7	5	0	239	149
65	0	99	27	333	149
1069	1	931	0	2886	149
471	3	1801	0	2999	149
0	32	6	108	250	149
57	1	191	0	298	149
20	0	28	1	272	149
103	0	139	9	192	149
62	14	336	35	199	149
294	0	1038	8	251	149
154	4	469	0	263	149
198	2	610	0	303	149
47	0	367	5	274	149
10	4	228	13	277	149
2	0	56	4	295	149
1	1	0	32	213	149
4	1	91	32	459	149
2	1	70	32	337	149
1	18	0	144	309	149
3	0	54	20	318	149
8	3	8	21	450	149
3	0	28	32	351	149
2	0	0	12	245	149
0	2	14	54	353	149
12	12	6	0	252	149
28	12	36	0	290	149
45	0	90	4	257	149
26	3	89	15	274	149
2	6	143	0	227	149
2	0	74	12	227	149
57	0	123	13	320	149
4	0	20	22	251	149
1	34	0	179	379	149
70	0	210	11	347	149
73	0	214	11	363	149
233	298	220	806	557	149
65	298	43	806	355	149
1	589	0	175	267	149
151	4	68	0	182	149
811	4	331	0	240	149
0	6	17	22	176	149
0	44	1	166	216	149
3	4	0	8	267	149
84	0	207	12	251	149
1	0	26	15	236	149
0	1	5	0	275	149
3	0	120	14	305	149
7	0	64	17	246	149
73	0	246	11	283	149
5	8	10	30	245	149
0	8	3	30	263	149
16	13	7	0	232	149
47	10	39	0	614	149
20	2	33	0	299	149
5	2	0	40	256	149
48	0	227	7	215	149
0	1179	5	1987	436	149
0	445	5	585	436	149
39	1179	7	1987	265	149
30	445	16	585	265	149
4199	1	5883	0	269	149
1479	1	1703	0	234	149
22	0	169	12	316	149
47	456	22	621	382	149
461	0	331	14	318	149
876	5	439	3	252	149
9	0	52	5	343	149
4	5	29	54	307	149
3003	3	3244	0	249	149
115	3	133	0	192	149
3714	497	5155	660	221	149
507	0	770	9	1240	149
507	1630	788	2278	1251	149
15	8	7	15	271	149
17	8	17	15	277	149
30	8	31	15	280	149
4	8	1	15	240	149
8	8	1	15	243	149
0	1630	9	2278	300	149
0	15	6	15	300	149
20	8	12	15	396	149
20	2	12	1	396	149
20	15	18	15	396	149
43	8	44	15	445	149
9	1630	0	2278	328	149
32	1630	32	2278	377	149
28	15	68	15	377	149
23	261	47	451	346	149
11	261	15	451	328	149
6	1630	15	2278	328	149
9	5	0	7	252	149
384	13	583	9	223	149
267	0	511	12	278	149
0	13	13	6	238	149
46	79	20	69	224	149
86	2	79	3	187	149
20	140	4	113	233	149
32	6	96	63	212	149
133	81	228	192	200	149
113	10	168	23	233	149
192	10	285	23	236	149
14	92	0	139	301	149
11	42	21	142	345	149
595	0	3446	68	3530	149
8	2	172	0	245	149
0	4	18	117	164	149
0	2	1	15	188	149
1864	6	1373	9	346	149
639	68	811	37	274	149
672	8	863	0	258	149
91	3	88	0	250	149
291	3	543	0	225	149
3	64	30	71	233	149
28	0	164	13	253	149
49	0	181	13	274	149
344	0	654	14	528	149
309	0	568	14	471	149
87	1	39	19	213	149
15	1	18	19	195	149
127	109	33	217	362	149
217	2	894	15	302	149
2210	7	1497	0	241	149
300	0	345	21	338	149
293	0	329	21	291	149
1180	0	1440	21	187	149
2	13550	5	20113	235	149
25	0	261	12	290	149
5	2	0	28	371	149
2	0	8	12	197	149
9	0	99	12	711	149
7	2	48	8	327	149
7	2	39	8	309	149
7	2	57	8	276	149
5	2	34	8	231	149
12	0	54	17	291	149
2	5	13	0	180	149
4	1	35	2	212	149
1	8	18	0	212	149
106	6	424	6	234	149
41	0	27	28	244	149
33	2	10	0	311	149
34	2	10	0	379	149
5	6	0	20	215	149
51	0	81	33	219	149
121	1	160	4	272	149
108	1	157	0	280	149
0	67	35	120	277	149
38	0	641	56	259	149
17	0	508	37	259	149
0	19	22	507	261	149
1	19	5	388	214	149
0	24	5	410	263	149
6	24	7	410	321	149
18	1	9	31	764	149
558	5	170	0	350	149
2375	2	2645	0	342	149
1645	2	1641	0	340	149
1577	2	1502	0	309	149
12	9	18	0	850	149
0	9	12	0	346	149
11	32	47	72	336	149
89100	2	352	0	244	149
2262	44597	0	193	210	149
9	17	74	206	203	149
3	0	8	7	203	149
53	0	312	7	255	149
319	0	818	46	292	149
842	0	1744	4	324	149
304	0	379	4	232	149
61	2	391	0	228	149
4	0	82	28	224	149
7	0	34	20	357	149
53	0	118	5	419	149
6	1881	19	4953	264	149
0	1881	7	4953	245	149
2	232	0	36	262	149
194	7	55	0	245	149
0	7	51	29	1073	149
32	4	65	32	258	149
0	45	2	74	248	149
20	4	110	0	401	149
13	0	41	3	304	149
103	3	240	0	272	149
71	0	166	51	236	149
45	3	115	31	233	149
25	7	68	0	260	149
1	0	67	7	266	149
1571	8	1931	41	288	149
12	5	24	15	238	149
3	7	8	23	238	149
32	0	230	17	232	149
28	0	290	5	314	149
36	0	156	8	197	149
19	0	111	6	251	149
59	4	286	16	239	149
14	2	137	49	271	149
1	0	92	12	244	149
326	18	315	0	232	149
233	2	232	0	217	149
10	2	11	6	242	149
96	5	55	0	242	149
159	10	142	11	252	149
79	11	75	11	252	149
2	70	9	100	290	149
27	0	36	11	217	149
86	6	115	0	217	149
8	0	46	25	296	149
13	2	24	19	214	149
9	187	0	128	284	149
3	46	0	240	309	149
29	825	131	3115	193	149
11	0	38	39	193	149
3	29	3	159	245	149
2180	0	6493	6	223	149
2100	1	4743	0	222	149
10	13	17	24	284	149
765	1	643	4	315	149
714	19	1391	17	313	149
8	0	1695	10	269	149
56	0	324	10	258	149
75	0	245	7	215	149
124	34	359	60	252	149
18	34	41	60	171	149
15	1	158	0	278	149
45	4	173	0	184	149
56	16	130	45	238	149
29	7	35	13	238	149
168	7	172	13	359	149
179	0	238	16	359	149
410	5	569	0	269	149
1036	4	2160	0	506	149
1174	4	2428	0	510	149
4	0	85	141	690	149
60	2	47	0	253	149
54	8	45	4	253	149
1	0	111	12	255	149
172	0	1550	8	175	149
175	7	2075	0	218	149
13	0	17	17	291	149
72	6	1088	17	193	149
105	0	1901	30	257	149
3	0	0	40	200	149
4	0	34	40	242	149
5	1	47	10	242	149
6	5	12	29	245	149
6	5	16	29	242	149
3	310	0	548	263	149
3	310	0	548	238	149
0	310	14	548	290	149
4	405	36	705	273	149
3	461	0	576	281	149
5	461	0	576	277	149
512	3	720	0	267	149
512	3	720	0	255	149
951	3	1239	0	233	149
378	2	558	0	299	149
177	4	519	0	228	149
6	5	2	20	222	149
6	0	0	5	222	149
13	36	105	397	222	149
5	36	32	397	281	149
0	7	14	105	281	149
5	36	41	397	286	149
5	0	115	7	198	149
558	7	1030	24	194	149
188	4	228	5	194	149
311	4	820	5	242	149
720	47	1645	57	242	149
8	8	87	12	246	149
14	8	160	12	266	149
8	4	122	65	309	149
0	4	173	65	247	149
0	4	97	65	200	149
288	0	1115	3	277	149
0	124	2	1395	284	149
0	10	8	51	260	149
0	124	30	1395	260	149
21	1	32	59	260	149
324	5	798	0	317	149
37	13	8	7	211	149
5	282	0	562	291	149
52	2	24	0	273	149
64	22	24	0	273	149
27	22	7	0	300	149
28	15	7	0	300	149
120	0	1626	8	205	149
3	0	7	11	213	149
13	0	9	5	259	149
14	0	62	1	253	149
3	15	39	96	220	149
12	23	2	132	202	149
2	14	26	51	390	149
8	7	81	0	217	149
86	8	272	4	190	149
24	6	81	0	190	149
58	6	118	0	274	149
37	25	65	27	262	149
19	25	14	27	191	149
170	0	140	25	284	149
0	6	13	0	242	149
81	6	53	0	225	149
124	6	143	0	363	149
156	2	147	0	198	149
334	14	176	0	272	149
520	6	151	0	233	149
2	15	20	159	413	149
4	15	20	159	262	149
141	0	497	18	582	149
11	4	82	0	308	149
21	413	146	1356	308	149
10	0	80	6	308	149
13	413	82	1356	473	149
0	10	30	64	319	149
4	413	6	1356	279	149
0	10	6	64	279	149
3	413	0	1356	266	149
53	0	209	10	325	149
31	139	184	1240	225	149
88	0	985	50	225	149
691	9	450	0	288	149
557	31	338	21	288	149
4	0	0	8	219	149
64	31	28	21	219	149
219	25	169	15	219	149
60	2	28	7	219	149
0	31	8	21	270	149
22	0	69	16	221	149
3	0	166	20	212	149
147	9	190	0	332	149
95	28	156	32	277	149
161	9	463	28	252	149
9	0	116	6	355	149
4	0	99	6	306	149
0	2	60	4	272	149
6	1	178	0	209	149
28	0	157	22	271	149
569	4	1132	0	326	149
11	0	18	2	423	149
0	3	61	0	315	149
12	12	59	22	315	149
27	12	44	22	435	149
24	12	75	29	435	149
22	10	74	0	243	149
23	0	78	20	217	149
12	0	84	28	239	149
8	0	11	4	224	149
17	10	38	0	224	149
15	0	11	10	203	149
15	11	169	0	302	149
0	11	7	0	245	149
0	1	7	41	245	149
160	2	235	0	220	149
92	1	223	10	244	149
120	0	683	2	284	149
278	55	1997	173	288	149
20	8	7	0	236	149
0	9	7	0	289	149
0	10	7	0	289	149
9	10	7	0	237	149
1876	5	1164	0	655	149
14	730	0	643	191	149
655	12	873	0	285	149
6	19	12	15	272	149
5	5	20	0	269	149
0	5	9	20	256	149
45	1	4	0	293	149
0	6	171	19	524	149
3	2	133	8	194	149
10	5	11	26	179	149
3	619	0	721	298	149
6	0	0	31	316	149
851	1	733	0	325	149
1642	1	1421	0	378	149
19	721	18	461	206	149
0	10	33	122	245	149
0	27	14	137	401	149
0	27	14	137	376	149
0	27	14	137	372	149
60	3	196	18	225	149
0	45	9	132	374	149
4	82	0	119	217	149
7	23	6	31	271	149
0	13	25	36	283	149
29	11	36	0	271	149
13	2	36	0	271	149
55	16	21	49	236	149
31	16	73	49	293	149
37	16	146	49	465	149
0	1	11	16	331	149
5	0	66	10	228	149
14	4	128	0	293	149
2898	17	481	0	481	149
2068	35	362	11	481	149
2334	35	367	11	408	149
3167	20	486	0	408	149
1524	10	256	0	408	149
2533	10	299	0	313	149
4160	4	529	0	313	149
85	2265	0	259	262	149
2	0	18	25	280	149
139	0	170	8	393	149
95	0	155	8	2720	149
0	56	6	57	1704	149
87	4	143	0	281	149
14	0	0	18	329	149
4	2	25	2	522	149
0	9	55	79	194	149
24	0	213	3	276	149
6	0	148	22	176	149
3	2	0	5	218	149
0	170	29	209	235	149
140	3	199	0	265	149
0	2	3	162	161	149
2	3	150	37	182	149
148	0	671	6	291	149
8	4	16	0	614	149
10	4	16	0	657	149
399	7	931	34	373	149
199	82	324	98	259	149
696	7	682	0	440	149
2	2	0	14	313	149
16	113	0	432	385	149
258	0	920	2	365	149
85	0	526	21	239	149
0	23	58	328	227	149
7	3	4	33	194	149
33	0	27	13	257	149
391	5	1252	36	196	149
684	0	1585	10	203	149
709	3	1959	0	257	149
134	0	457	10	228	149
562	0	1225	34	248	149
2	0	28	23	253	149
3	0	58	6	234	149
0	2	7	10	158	149
266	0	1094	14	200	149
239	24	1380	274	261	149
6	24	12	167	272	149
21	0	10	22	251	149
12	1	10	18	251	149
3	0	4	10	300	149
34	0	3	2	283	149
72	6	258	0	282	149
1551	0	1744	7	292	149
883	9	1880	0	280	149
406	9	711	0	342	149
4	121	20	503	235	149
0	3	11	0	155	149
24	3	122	0	308	149
37	3	228	0	385	149
116	3	408	0	691	149
117	3	464	0	953	149
97	6	511	71	212	149
76	44	394	78	224	149
16	82	14	13	752	149
26	19	3	2	354	149
80	19	16	2	180	149
75	4	18	0	236	149
153	9	33	5	236	149
42	39	133	126	194	149
228	39	634	126	233	149
172	5	182	0	233	149
352	5	460	0	559	149
179	6	145	0	299	149
262	21	333	9	299	149
12	9	55	0	293	149
54	0	561	4	358	149
2	1	42	0	248	149
88	2	179	0	253	149
60	5	108	18	250	149
1460	0	8280	21	267	149
5	3	0	15	248	149
95	1	846	0	293	149
7	613	0	2592	184	149
15	613	75	2592	257	149
8	83	39	623	257	149
14	876	98	5011	257	149
14	141	39	803	257	149
1791	2	10636	5	285	149
2526	12	14827	97	285	149
1733	0	10456	11	285	149
2263	11	12425	0	285	149
8499	15	29263	54	267	149
139	26	489	140	345	149
184	4	871	0	275	149
228	9	639	0	266	149
0	127	13	326	341	149
0	127	22	326	344	149
133	11	607	91	239	149
1158	37	2263	0	241	149
595	17	953	0	241	149
0	15	7	63	222	149
9	24	0	159	205	149
32	15	123	45	152	149
150	16	122	19	197	149
48	2	182	0	236	149
2	51	8	160	311	149
5	0	75	4	214	149
0	13	36	115	345	149
0	30	10	368	387	149
12	30	25	368	282	149
424	205	357	653	254	149
236	3	227	0	242	149
1138	7	3308	66	320	149
13	0	49	8	208	149
2	0	89	26	263	149
11	1	123	0	320	149
13	1	91	99	180	149
0	19	7	125	307	149
264	22	340	100	209	149
1674	4	1131	0	273	149
99	0	73	5	179	149
828	0	960	5	281	149
0	31	4	195	245	149
16	0	21	71	203	149
5	0	17	71	377	149
0	38	28	93	442	149
86	1	612	0	287	149
145	4	286	4	240	149
298	14	688	22	240	149
25	14	31	22	240	149
56	192	27	402	240	149
18	0	0	2	240	149
379	0	747	2	231	149
369	11	641	55	322	149
824	1	806	0	296	149
110	5	376	0	213	149
1351	1	972	0	242	149
669	22	738	16	343	149
5	12	17	20	316	149
864	11	501	0	266	149
466	4	173	0	294	149
965	238	392	251	294	149
36	238	0	251	339	149
33	503	0	222	339	149
2048	6	589	0	366	149
2647	27	763	12	366	149
2037	2	584	0	366	149
2755	125	677	17	366	149
5	27	0	12	233	149
20	125	5	17	233	149
10	610	0	179	233	149
25	718	5	93	233	149
213	125	93	17	203	149
757	718	260	93	203	149
191	26	81	5	203	149
8	60	0	61	224	149
13	837	0	258	224	149
53	837	49	258	267	149
91	837	73	258	286	149
35	9	12	0	286	149
3	9	0	12	189	149
28	14	96	20	1818	149
0	14	20	20	268	149
21	49	0	20	292	149
827	20	98	0	184	149
452	6	6	0	180	149
6	0	0	9	271	149
964	4	157	0	266	149
631	5	145	0	179	149
54	12	362	18	281	149
6	0	16	6	366	149
26	31	30	40	226	149
1	28	0	61	443	149
116	1	767	0	201	149
7302	34	637	0	268	149
63	0	49	5	277	149
0	4	10	0	276	149
74	0	17	5	197	149
381	3	161	0	1352	149
7	0	234	1	736	149
39	6	163	0	213	149
10	103	20	88	380	149
77	0	65	8	267	149
48	8	127	6	315	149
49	1	198	8	255	149
0	18	16	117	315	149
6	0	325	15	291	149
0	76	11	684	281	149
3	0	7	34	179	149
29	4	228	0	316	149
85	1	171	0	652	149
0	10	9	71	193	149
31	0	143	10	279	149
7	1	171	14	289	149
0	7	1	161	358	149
5	4	44	0	265	149
19	0	42	6	338	149
53	374	104	696	501	149
72	11	71	34	260	149
0	52	10	249	253	149
0	52	10	249	328	149
142	10	394	13	301	149
109	10	138	13	296	149
157	2	289	0	248	149
2	17	6	3	232	149
4	0	3	2	217	149
8	35	0	161	185	149
45	0	77	32	362	149
60	308	38	71	277	149
399	1	136	0	303	149
5	232	0	338	252	149
0	70	9	125	266	149
2	0	70	38	845	149
58	14	471	175	328	149
6123	3	7064	0	215	149
7125	14	9805	0	209	149
3108	9	6361	47	254	149
2	16	0	37	176	149
14	16	132	37	4975	149
22	0	37	51	243	149
17	0	43	6	229	149
4	488	14	459	222	149
0	11	35	82	214	149
16	0	119	12	189	149
53	1	215	0	408	149
7	0	48	34	240	149
0	11	12	55	242	149
28	4	91	28	230	149
623	1	674	34	232	149
86	0	687	24	313	149
11	11	0	35	294	149
5	5	39	0	297	149
40	0	14	14	416	149
3	0	7	14	217	149
0	5	31	11	317	149
4	0	0	10	323	149
2	0	0	10	362	149
2	0	0	10	396	149
5	0	14	32	245	149
6	0	0	8	185	149
16	3	178	3	240	149
119068	158	94	3	323	149
35320	4	113	0	317	149
20425	16	52	0	292	149
587760	5	607	0	220	149
732677	7	562	0	257	149
1615	0	5159	9	250	149
810	0	2348	9	255	149
0	8	3	6	218	149
363	1	223	0	267	149
284	4	191	0	234	149
34	158	8	129	273	149
11	158	11	129	196	149
5	16	9	0	196	149
4	158	0	129	339	149
3	25	0	81	449	149
3	0	332	14	252	149
3	32	0	21	300	149
3	8	0	19	300	149
32	8	55	19	271	149
1927	6	170	0	331	149
1677	19	195	0	276	149
1323	23	138	1	276	149
1412	8	324	0	274	149
827	10	200	0	274	149
19	591	0	127	171	149
386	10	95	0	249	149
949	0	221	3	249	149
709	6	256	0	184	149
364	5	242	0	221	149
8	587	0	518	275	149
24	0	63	8	316	149
28	24	72	61	269	149
24	0	146	8	316	149
72	6	151	24	263	149
14	13	3	109	344	149
20	13	3	109	586	149
0	8	2	130	265	149
14	0	181	2	336	149
41	0	781	24	242	149
0	41	12	770	261	149
2	41	20	770	223	149
0	41	56	770	220	149
16	942	55	5231	497	149
4	1	210	137	1388	149
1	0	134	56	233	149
1	0	116	1	233	149
8	0	46	3	275	149
2	43	39	154	245	149
37	7	119	27	212	149
9	1	46	0	223	149
65	0	281	20	326	149
0	11	10	14	250	149
82	0	106	9	290	149
37283	0	62809	4	309	149
20292	0	31844	9	309	149
33097	0	56169	9	562	149
12042	0	23558	9	323	149
29035	2	54519	0	323	149
12233	0	24988	16	257	149
6	4593	38	10907	336	149
4927	19	13498	75	862	149
9354	19	23981	75	239	149
11813	3	33650	56	329	149
15	51	25	215	314	149
0	25	8	72	233	149
70	16116	64	13962	411	149
46	16116	20	13962	229	149
29	0	115	18	323	149
10	0	78	41	230	149
25	0	133	16	222	149
354	4	478	21	290	149
297	2	330	0	290	149
126	2	181	0	257	149
223	42	354	46	257	149
0	106	4	333	242	149
0	106	32	333	290	149
62	7	165	37	239	149
192	4	925	21	477	149
55	4	383	21	393	149
1	6	93	0	271	149
77	42	105	22	312	149
123	4	36	2	356	149
161	15	184	8	346	149
83	0	94	2	346	149
387	5	190	0	295	149
2	23	0	71	271	149
29	4	66	0	240	149
6	5	7	19	208	149
54	76	50	71	682	149
0	6	1	122	339	149
0	3	36	117	1223	149
0	3	12	117	172	149
6410	6	8054	6	362	149
1287	3	6518	6	332	149
3	97	0	120	235	149
2	56	45	21	182	149
8	3	41	14	265	149
10	12	61	20	265	149
0	3	5	5	186	149
0	3	5	5	242	149
6	42	11	75	260	149
61	2	484	16	257	149
70	2	383	16	727	149
68	0	430	16	335	149
73	0	572	18	236	149
61	6	199	0	196	149
42	161	43	140	242	149
5	63	0	85	514	149
164	5	1282	0	286	149
0	5	4	0	331	149
31	0	139	9	221	149
21	5	60	0	221	149
14	5	95	0	265	149
2	114	79	367	349	149
199	82	590	98	373	149
250	0	356	16	281	149
292	0	215	24	246	149
29	20	16	199	389	149
45	0	307	10	303	149
16	0	120	10	266	149
35	3	243	3	320	149
41	36	33	104	278	149
149	8	248	0	268	149
325	4	365	0	317	149
201	2	366	0	259	149
242	2	517	0	259	149
82	8	233	0	338	149
14	0	172	34	401	149
5	14	0	10	211	149
55	6	92	0	256	149
1438	0	1952	17	2314	149
288	9	118	0	212	149
269	41	69	12	171	149
46	41	36	12	337	149
224	8	49	0	278	149
903	22	361	0	266	149
11	0	156	4	239	149
69	0	104	6	267	149
79	0	85	3	234	149
140	39	99	0	278	149
93	3	451	0	247	149
41	3	90	0	265	149
35	2	199	0	236	149
102	2	503	0	236	149
2	2	24	0	254	149
0	67	41	321	254	149
127	3	574	0	275	149
105	0	470	11	843	149
125	0	512	11	457	149
85	0	431	11	441	149
65	0	410	11	361	149
4	0	0	24	727	149
2	0	187	16	327	149
28	0	103	36	224	149
30	24	43	58	215	149
5	6	0	23	164	149
10	18	23	39	302	149
11	18	40	39	332	149
38	3	258	0	280	149
12	3	3	80	206	149
115	2	933	20	326	149
97	3	832	17	263	149
48	33	282	271	315	149
44	33	259	271	318	149
37	1526	10	328	211	149
98	1526	13	328	591	149
103	37	13	10	591	149
16136	14	1427	0	281	149
26496	5	1894	0	306	149
27116	5	1537	0	215	149
4	11	0	118	1004	149
25	1	186	32	255	149
0	21	48	126	1245	149
1	83	25	192	282	149
104	49	150	105	221	149
58	0	286	15	334	149
561	0	2013	20	362	149
331	0	1326	20	399	149
392	80	391	138	213	149
78	172	466	481	631	149
0	116	1	424	319	149
6	116	0	424	396	149
17	0	102	7	301	149
5	6	11	26	345	149
7	0	40	6	256	149
6	1	36	0	200	149
4	0	38	6	313	149
11	0	74	6	296	149
6	23	12	175	242	149
0	23	18	175	308	149
20	0	112	84	263	149
37	3	98	0	280	149
56	5	362	0	1523	149
4	0	40	1	302	149
28	173	18	156	170	149
0	1	157	0	200	149
0	1	72	0	237	149
53	1380	115	2807	271	149
224	0	185	16	224	149
45	4	0	13	270	149
61	1	16	0	335	149
471	10	11	0	334	149
14	161	0	93	273	149
428	56	168	30	275	149
44	250	0	50	274	149
4	0	68	10	433	149
14	35	0	13	308	149
1	0	0	18	338	149
1	1	0	24	351	149
1	193	0	371	277	149
82	0	300	22	223	149
63	1	217	13	265	149
198	194	92	120	209	149
53	47	14	0	209	149
266	47	163	0	224	149
233	5	121	0	224	149
0	33	16	102	230	149
13	224	0	624	365	149
10	38	0	104	365	149
448	111	1097	95	271	149
374	35	994	2	265	149
507	0	1189	10	311	149
4219	94	1212	16	245	149
561	113	475	38	301	149
128	1	147	0	301	149
1017	113	720	38	216	149
7	1	85	0	216	149
950	1	533	0	402	149
1009	1	544	0	233	149
1996	2	1334	78	233	149
0	2	16	3	325	149
143	0	209	10	224	149
2819	9	1960	0	861	149
3302	9	1930	0	570	149
2079	9	1367	0	516	149
4517	126	49	5	220	149
3527	13	39	0	257	149
5016	6	84	0	188	149
5	3	49	5	152	149
0	71	4	202	205	149
7	87	0	156	336	149
7	87	10	156	333	149
0	8	7	33	288	149
72	0	330	6	250	149
359	0	453	8	311	149
8	0	0	11	265	149
24	0	87	8	264	149
16	0	35	8	243	149
79	0	125	20	223	149
193	1	241	0	239	149
60	2	167	23	218	149
8	39	6	113	258	149
456	2	785	12	261	149
259	4	410	5	286	149
45	4	64	0	277	149
2025	3	424	0	339	149
1923	141	518	0	300	149
578	141	189	0	267	149
130	7	663	0	348	149
0	7	16	0	357	149
1809	0	3331	5	272	149
87	29	399	177	198	149
4	31	31	233	345	149
14	31	118	233	664	149
61	6	194	0	231	149
139	142	286	255	231	149
325	6	17	0	269	149
38	12	17	6	301	149
2723	21	731	33	305	149
4	1267	0	469	223	149
1093	0	415	3	254	149
981	0	781	3	361	149
1744	0	1130	1	361	149
37	160	26	183	355	149
46	160	46	183	277	149
25	160	26	183	274	149
0	160	10	183	218	149
152	1	77	0	238	149
47	1	63	0	224	149
391	0	580	46	481	149
798	0	824	1	282	149
4	235	41	808	229	149
5	111	0	433	229	149
148	111	557	433	283	149
380	111	1310	433	211	149
156	10	606	38	211	149
149	5	543	0	211	149
2	399	6	1495	269	149
1071	31	766	43	242	149
85	1	185	0	253	149
120	61	295	197	253	149
85	11	205	23	253	149
102	79	198	6	253	149
96	12	185	12	253	149
5	35	0	110	321	149
5	15	24	22	299	149
5	0	0	1	299	149
7	35	0	110	299	149
481	0	379	3	299	149
2	0	0	43	198	149
135	18	149	19	358	149
171	18	175	19	280	149
843	0	392	10	602	149
6075	0	24791	26	287	149
0	684	14	3477	423	149
0	667	6	3030	270	149
1095	0	5072	23	315	149
380	0	2141	17	287	149
230	2	1233	24	193	149
104	5	506	48	231	149
54	277	56	196	187	149
2	32	24	248	292	149
59	8	121	0	248	149
16	11	221	14	246	149
6	29	0	216	359	149
15	9	139	45	381	149
4	19	50	73	242	149
4	0	15	91	242	149
4	0	3	35	242	149
10	4	118	24	227	149
20	8	177	0	201	149
40	0	128	10	281	149
47	6	202	0	272	149
207	2	187	6	269	149
99	2	25	6	311	149
22	60	23	66	266	149
29	0	20	2	266	149
6	23	0	97	242	149
9	134	0	156	242	149
23	134	97	156	185	149
4	37	0	287	236	149
2	37	0	287	208	149
8	117	0	184	272	149
1	117	34	184	236	149
96	1	302	0	314	149
36	0	289	14	306	149
3345	34	140	0	215	149
847	8	37	0	215	149
4028	2	138	0	338	149
3002	2	102	0	272	149
8609	6	427	0	317	149
418	3	197	0	247	149
18	384	1	56	252	149
292	12	30	0	250	149
883	12	91	0	250	149
1385	0	152	4	251	149
2	30	7	52	218	149
0	9	7	32	218	149
32	1	52	0	296	149
36	9	82	32	296	149
81	9	260	32	7262	149
7	6	6	30	206	149
7	6	6	30	247	149
6	6	0	30	219	149
3	9	0	32	206	149
2	6	0	30	206	149
0	3	22	76	229	149
0	3	9	76	335	149
30	7	1	0	247	149
11	0	59	37	286	149
168	9	460	0	304	149
162	10	487	14	371	149
76	10	145	14	280	149
58	3	218	0	293	149
45	2	314	4	379	149
3	3	116	50	290	149
59	5	242	0	280	149
48	0	254	10	264	149
0	71	2	41	242	149
17	7	162	0	345	149
3	0	115	8	632	149
18	0	206	5	214	149
57	6	375	0	336	149
107	2	322	0	221	149
4	8	0	49	311	149
27	0	91	16	323	149
0	308	20	1010	287	149
12	487	17	797	263	149
18	11	10	27	248	149
19	11	30	27	288	149
2	15	23	138	227	149
235	2	737	7	230	149
49	3	161	6	218	149
4	65	23	372	298	149
5	65	12	372	280	149
41	0	823	26	245	149
0	22	89	199	302	149
131	2	221	23	238	149
44	2	109	23	263	149
128	0	138	20	258	149
223	5	244	0	258	149
293	3	258	0	270	149
47	0	333	22	224	149
119	3	108	0	281	149
50	1	60	0	281	149
61	1	138	0	368	149
13	71	12	1973	531	149
21796	1	90	0	280	149
31504	3	289	0	281	149
13644	27	87	0	281	149
13638	40	114	0	281	149
14961	27	275	0	362	149
6066	2	59	0	362	149
32894	12	477	0	362	149
5626	37	164	0	307	149
5559	2	149	0	303	149
424	40	7	0	303	149
409	6	7	27	303	149
14464	37	365	0	303	149
4146	40	41	0	271	149
9116	9	190	7	271	149
7	304	16	7	339	149
0	20	23	26	314	149
14	170	40	324	223	149
24	0	15	10	327	149
0	115	8	514	240	149
296	0	991	35	315	149
390	1	1083	0	246	149
389	2	687	11	235	149
5	155	0	922	233	149
48	3	508	55	262	149
0	22	5	109	251	149
0	22	5	109	212	149
0	22	7	109	191	149
718	5	1243	0	253	149
67	29	186	94	286	149
8633	0	22059	2	293	149
4103	9	18087	25	308	149
44	0	220	14	295	149
59	0	164	9	297	149
298	18	117	8	232	149
129	10	43	0	232	149
86	10	14	0	208	149
242	7	85	5	208	149
8	3	62	27	285	149
0	14	8	39	198	149
30	0	372	8	365	149
85	0	724	9	1409	149
8	14	72	0	254	149
0	1	11	3	282	149
1	0	9	2	190	149
3	12	3	5	349	149
7	5	91	7	256	149
6	5	49	7	251	149
4	14	87	16	431	149
468	60	4887	638	263	149
275	0	3799	11	248	149
120	0	1898	13	215	149
0	46	28	451	381	149
0	2	11	56	230	149
4	0	12	20	239	149
0	13	51	71	782	149
21	0	55	28	284	149
609	0	461	24	304	149
21	0	1105	5	306	149
18	0	380	16	294	149
27	0	643	11	233	149
4	5	121	2	220	149
2	5	56	2	224	149
4	0	102	12	347	149
41	12	90	0	260	149
1	0	30	7	302	149
2	1	67	30	307	149
26	0	325	6	327	149
22	0	291	19	268	149
13	0	102	19	277	149
1	0	73	18	245	149
5	0	143	18	398	149
2	0	105	17	263	149
22	0	68	6	291	149
20	0	63	12	291	149
11	0	99	4	321	149
407	18	2008	64	210	149
582	2	2531	11	259	149
214	2	91	6	256	149
106	2	356	0	727	149
2	0	25	4	260	149
1	2	51	6	306	149
2	0	28	18	306	149
0	25	7	165	222	149
0	25	51	165	356	149
62	0	177	7	315	149
179	2	238	0	242	149
541	0	1143	33	216	149
2	72	0	358	191	149
474	0	2467	10	329	149
42	0	107	4	479	149
52	1	152	17	245	149
141	1	358	17	247	149
19	927	214	4967	346	149
3	0	2	30	194	149
2	16	12	39	158	149
41	4	109	0	322	149
2	0	198	5	294	149
410	5	1418	0	335	149
251	5	1001	0	502	149
4	11	0	27	262	149
15	0	43	35	276	149
0	4	11	23	243	149
2	0	3	10	246	149
1	9	3	0	218	149
11	1	21	10	374	149
6	1	21	10	371	149
1	1	27	10	453	149
1	1	27	10	529	149
24	7	13	15	993	149
20	7	13	15	713	149
11	12	0	17	294	149
15	0	13	2	241	149
207	16	374	37	638	149
20	1199	0	1000	310	149
0	13	27	0	1258	149
2	43	27	174	1258	149
25	3	19	0	276	149
13	43	0	174	276	149
8	16	36	33	238	149
17	0	55	13	238	149
20	0	33	17	283	149
31	43	119	174	283	149
8	1	2	0	207	149
4	1	2	0	189	149
1	17	0	86	212	149
8	0	2	17	212	149
0	43	14	174	408	149
114	1	842	2	298	149
452	12	1117	0	209	149
509	4	1862	9	283	149
90	165	542	707	425	149
10	127	0	847	304	149
19	127	0	847	348	149
27	2	151	2	282	149
0	1	34	107	212	149
11	30	107	90	403	149
11	30	107	90	281	149
51	8	189	0	272	149
1	30	0	85	230	149
135	10	1411	0	300	149
193	1	480	0	389	149
8	1	19	39	315	149
14	6	51	9	241	149
13	0	117	7	276	149
17	0	81	7	217	149
2	3	62	29	215	149
15	0	143	48	216	149
132	4	830	5	245	149
361	4	882	0	272	149
622	2	1309	0	278	149
656	2	1093	0	287	149
30	11	253	0	231	149
3	15	0	149	456	149
107	3	309	0	320	149
0	53	10	126	428	149
40	2	98	0	226	149
0	209	28	938	207	149
143	0	887	8	224	149
34	0	116	8	238	149
5	1	33	0	232	149
2	60	6	145	186	149
18	60	56	145	275	149
104	2	273	0	305	149
70	0	246	13	313	149
46	0	140	13	408	149
0	3	25	29	261	149
0	3	17	29	276	149
67	12	167	33	226	149
3	0	59	5	224	149
23	0	198	14	212	149
61	5	165	20	218	149
103	0	282	21	228	149
7	11	42	88	265	149
2	4	35	6	265	149
5	11	5	88	200	149
1	4	8	6	200	149
0	7	30	9	265	149
0	2	30	9	265	149
0	11	11	88	266	149
11	4	93	6	205	149
7	2	14	9	205	149
0	15	5	81	244	149
152	12	340	0	264	149
144	3	279	0	278	149
60	3	107	0	333	149
73	0	159	5	281	149
29	3	404	46	252	149
1	16	20	247	254	149
1	18	16	96	394	149
11	28	28	93	191	149
43	0	180	4	281	149
142	0	90	13	308	149
123	0	74	10	229	149
243	0	277	13	229	149
17	234	81	142	395	149
110	3	208	0	338	149
1097	5	1307	20	416	149
481	5	469	20	274	149
1216	4	1189	8	329	149
5	0	107	5	299	149
2	5	5	97	209	149
52	0	185	8	250	149
143	0	178	5	219	149
15	0	143	26	302	149
56	0	255	9	208	149
155	44	337	25	257	149
126	2	296	0	358	149
0	8	46	4	254	149
27	0	80	2	232	149
0	2	3	0	262	149
1	2	0	31	221	149
0	2	38	31	189	149
0	2	37	3	189	149
728	3	184	0	225	149
1548	54	1134	13	217	149
1093	2	1036	0	209	149
778	11	955	0	207	149
257	0	291	24	212	149
534	65	732	51	176	149
438	14	693	0	490	149
10	70	0	102	249	149
62	0	278	6	286	149
187	5	492	15	224	149
5	118	61	344	306	149
5	47	30	63	306	149
0	118	8	344	439	149
123	47	344	63	242	149
17	327	7	2494	300	149
6	327	118	2494	228	149
5	200	9	1992	225	149
112	2	896	22	225	149
506	0	4569	47	283	149
967	0	4077	16	320	149
122	25	76	7	242	149
0	27	5	0	287	149
38	0	133	16	248	149
83	4	244	0	278	149
29	0	206	43	212	149
25	0	195	4	227	149
526	1	762	0	692	149
1	0	15	6	232	149
5	11	28	27	207	149
6	4	260	22	268	149
3	0	68	10	268	149
13	7	199	124	438	149
5	3	143	54	438	149
9	3	187	0	438	149
1	0	131	8	438	149
9	7	112	124	329	149
31	3	193	54	221	149
27	0	69	8	221	149
32	0	131	6	221	149
176	1	807	0	212	149
12	104	56	603	236	149
0	7	4	126	387	149
28	2	47	20	242	149
46	0	412	4	314	149
5	171	0	82	267	149
7	33	0	53	266	149
0	16	6	83	268	149
0	4	65	58	275	149
0	98	14	163	236	149
6	66	0	132	231	149
21	89	409	1006	295	149
4	89	56	1006	343	149
4	12	62	185	343	149
3	122	0	1117	301	149
42	0	399	19	206	149
340	17	2418	44	308	149
2	0	0	4	227	149
5	0	0	6	273	149
427	11	136	26	192	149
497	6	67	0	263	149
25	256	23	46	404	149
5	256	27	46	227	149
258	0	98	3	287	149
5	0	51	8	225	149
0	1	3	0	1835	149
2	1	27	0	227	149
15	10	59	0	296	149
2	27	4	95	379	149
249	4	72	0	288	149
351	9	97	0	185	149
337	8	151	0	283	149
213	2	79	0	283	149
85	2	35	0	242	149
202	1	107	0	242	149
3	33	0	51	251	149
54	0	145	20	324	149
147	0	388	20	228	149
52	0	206	9	243	149
29	0	59	9	211	149
65	9	148	0	211	149
93	5	226	0	178	149
3	8	0	15	363	149
44	0	129	3	271	149
65	8	377	0	556	149
100	8	462	0	282	149
15	466	0	180	230	149
35	466	4	180	395	149
8	11	44	0	516	149
7	466	44	180	516	149
17	291	0	302	221	149
3	291	9	302	379	149
474	55	434	45	230	149
1	305	0	247	224	149
357	0	353	15	246	149
1	3	38	25	221	149
284	0	571	46	205	149
171	3	415	0	219	149
5	0	3	6	257	149
67	3	339	3	217	149
11	6	67	17	362	149
19	0	309	1	448	149
7	6	39	0	331	149
24	3	238	0	240	149
32	0	87	23	280	149
66	2	50	0	234	149
53	50	91	158	376	149
1227	0	1901	26	288	149
1989	17	3528	36	288	149
4	3	7	8	211	149
22	0	172	9	255	149
46	6	152	0	239	149
43	15	293	77	255	149
16	15	44	77	371	149
108	8	594	22	259	149
40	6	333	0	260	149
74	7	319	19	263	149
0	20	18	111	275	149
0	6	5	0	275	149
16	65	29	156	508	149
33	33	50	14	341	149
46	33	86	14	264	149
24	0	25	22	264	149
46	0	68	22	220	149
220	6	161	0	360	149
521	6	389	0	294	149
364	2	592	5	307	149
191	1	264	37	307	149
118	1	226	37	321	149
292	3	549	0	321	149
14	0	43	9	375	149
517	12	1352	0	249	149
7137	0	19714	13	260	149
598	181	5657	667	341	149
731	181	9461	667	416	149
22	177	5900	2659	419	149
26	48	710	2353	422	149
19	1	41	10	272	149
8	1	16	10	252	149
88	6	94	8	282	149
0	16	1	104	318	149
68	0	59	17	235	149
198	0	414	22	321	149
78	7	184	0	415	149
0	1	10	69	290	149
2	0	103	35	334	149
179	4	623	0	355	149
7	8	7	0	247	149
12	51	104	101	251	149
4	16	92	76	251	149
10	6	40	72	458	149
106	3	674	0	351	149
1	0	6	135	234	149
2	70	0	145	234	149
0	70	132	145	428	149
39	15	36	35	251	149
23	2	12	0	251	149
52	2	92	0	230	149
11	33	15	58	223	149
4	8	6	113	272	149
5	8	36	113	347	149
14	17	177	188	290	149
3	6	23	64	293	149
23	5	144	0	184	149
237	3	1229	8	283	149
339	4	7786	159	171	149
0	340	21	7914	217	149
841	15	445	0	331	149
725	19	478	0	250	149
121	4	400	0	368	149
3	13	27	82	286	149
49	4	144	0	216	149
118	0	686	10	703	149
37	0	149	10	231	149
0	6	7	0	161	149
1559	2	1247	0	195	149
484	2	423	24	214	149
2114	6	1771	5	363	149
874	5	1272	0	360	149
0	244	2	292	388	149
8	15	33	239	215	149
0	42	14	194	286	149
0	42	7	194	289	149
409	2	806	0	274	149
2	0	7	14	283	149
2	0	38	14	309	149
12	0	33	14	433	149
10	1	68	0	315	149
384	2	1927	0	259	149
215	2	1089	0	539	149
6	195	78	961	350	149
18	2	147	0	474	149
435	2	1913	0	309	149
2	93	0	190	312	149
282	1	398	0	231	149
491	8	466	0	249	149
204	5	243	12	279	149
55	22	34	77	279	149
38	22	36	77	191	149
269	47	279	34	191	149
65	0	191	12	188	149
0	2	17	10	188	149
63	2	169	17	222	149
110	11	289	32	265	149
311	0	569	19	178	149
134	0	256	19	332	149
191	9	379	59	196	149
247	15	473	41	200	149
267	139	600	1314	418	149
86	139	294	1314	311	149
18	0	51	4	271	149
5	108	153	377	2480	149
5	108	153	377	2201	149
421	18	1190	29	208	149
18	15	149	138	311	149
15	15	74	138	518	149
4	8	24	93	176	149
0	4	18	30	176	149
67	8	148	93	1629	149
29	4	133	30	194	149
25	0	64	18	194	149
206	2	620	0	275	149
439	2	1849	0	248	149
1	0	28	9	456	149
21	0	19	32	169	149
193	8	209	0	325	149
600	8	497	0	319	149
174	5	225	0	231	149
168	81	176	54	233	149
11	326	0	178	242	149
631	58	293	53	248	149
237	0	111	24	248	149
442	0	169	24	247	149
790	1	324	13	247	149
618	7	256	17	370	149
29	0	395	5	327	149
15	2	202	5	327	149
56	2	302	5	309	149
6	0	240	22	266	149
16	104	207	72	218	149
7925	12	552	13	324	149
3103	12	133	13	251	149
13528	12	914	13	312	149
1748	5	1110	0	357	149
248	1	589	0	397	149
36	234	10	141	265	149
457	0	318	15	243	149
544	8	293	0	334	149
485	2	273	0	314	149
142	6	193	16	292	149
359	0	274	6	375	149
205	0	196	30	375	149
51	0	10	6	186	149
127	0	137	30	299	149
285	4	217	8	299	149
314	2	237	18	268	149
1481	3	611	0	419	149
12	0	50	13	174	149
86	0	540	13	316	149
117	20	334	47	1893	149
131	20	56	47	196	149
0	116	29	41	246	149
7	0	65	18	299	149
0	28	1	80	228	149
0	28	1	80	231	149
3	0	7	23	299	149
4312	3	4499	0	320	149
48	1718	88	1956	192	149
39	0	137	30	218	149
13	0	155	13	281	149
0	67	8	107	275	149
252	10	1323	38	230	149
373	0	589	27	279	149
34	219	48	333	335	149
6	856	0	377	226	149
12144	2	11137	0	232	149
175	1	558	6	286	149
1382	1	4349	6	1788	149
140	5	567	8	1304	149
7	13	0	14	240	149
51	3	50	0	335	149
3	4	18	0	204	149
3	0	21	28	256	149
3	0	0	36	256	149
57	5	8	0	244	149
590	0	582	6	376	149
424	0	293	21	240	149
2158	26	517	17	204	149
207	3	176	0	316	149
4	273	0	156	199	149
33	20	46	123	305	149
5	0	55	10	257	149
9	0	47	10	347	149
9	3	84	11	347	149
420	25	91	28	255	149
515	28	240	0	277	149
226	28	56	0	273	149
750	17	2717	50	290	149
267	2	964	29	264	149
535	0	1148	28	218	149
1105	0	1159	8	258	149
340	0	384	8	267	149
2	0	0	12	259	149
0	35	6	170	261	149
4	10	0	49	190	149
3	0	45	10	231	149
0	10	82	52	343	149
414	1	661	23	248	149
39	0	360	34	249	149
0	16	35	261	291	149
12	52	34	311	198	149
69	0	300	8	249	149
1	1	11	1	216	149
1	1	0	1	281	149
337	3	1433	15	573	149
1688	3	1631	15	840	149
0	11	31	72	323	149
0	11	23	72	251	149
11	0	220	2	359	149
1840	34	1942	257	840	149
21	632	0	462	259	149
4	33	67	37	371	149
204	4	290	2	826	149
86	28	102	10	212	149
2	14	21	3	337	149
15	14	3	3	406	149
11	14	0	3	277	149
5	0	0	21	277	149
1362	12	304	0	284	149
0	7	9	103	271	149
5396	11	1938	5	261	149
2	0	11	4	268	149
685	2	298	0	194	149
361	2	215	0	361	149
283	1	126	0	225	149
676	1	312	0	214	149
108	0	959	11	229	149
655	3	1124	0	329	149
377	2	785	0	329	149
674	2	591	0	338	149
52	0	391	4	232	149
1	2	14	0	185	149
1279	0	14979	3	257	149
0	59	13	28	637	149
15	57	0	168	264	149
12	57	0	168	320	149
1039	4	1992	0	401	149
55	96	15	71	487	149
100	1	276	0	263	149
0	7	28	66	254	149
0	7	51	66	276	149
0	7	8	66	288	149
10	0	163	4	300	149
5	0	261	21	382	149
18	4	172	36	236	149
18	0	164	16	236	149
11	0	125	14	233	149
43	2	179	0	274	149
29	0	39	14	226	149
13	2	164	36	327	149
19	5	4	0	226	149
0	4	50	38	275	149
38	7	2699	0	238	149
3	17	22	77	266	149
0	3	7	0	179	149
90	6	350	32	220	149
97	0	462	6	260	149
116	34	523	129	260	149
0	34	7	129	272	149
16	6	55	0	270	149
423	7	429	19	296	149
0	37	6	49	244	149
0	1	237	230	215	149
112	0	719	17	425	149
30	5	83	0	323	149
0	12	5	53	231	149
2	2	33	8	217	149
11	0	84	28	251	149
2123	10	1726	0	208	149
1930	0	1881	13	234	149
9	0	52	3	275	149
19	531	47	1015	246	149
3	0	108	9	299	149
5	24	0	36	213	149
0	7	7	3	204	149
25	20	137	138	209	149
2	4	58	41	269	149
1	22	5	93	176	149
95	0	216	3	346	149
131	0	285	22	338	149
139	2	266	30	215	149
6	999	0	2815	242	149
3	6	0	8	250	149
123	0	683	21	248	149
638	0	1162	3	270	149
2090	2	1961	0	294	149
66	9	86	18	267	149
131	1899	145	2153	267	149
80	8	93	33	233	149
20085	8	42192	33	280	149
11126	8	22419	33	279	149
5210	23	8131	30	292	149
16434	23	26523	30	244	149
24821	0	36500	32	337	149
13149	0	17958	32	303	149
0	8	12	41	307	149
28	5	0	14	394	149
118	3	557	21	354	149
69	2	320	0	354	149
96	2	325	0	319	149
77	0	338	20	319	149
125	2	549	0	294	149
4	544	0	174	239	149
4	544	0	174	243	149
9	483	0	229	291	149
44	0	16	12	385	149
77	2	431	0	208	149
3	5	0	208	186	149
4	5	0	208	297	149
35	0	12	8	368	149
8	8	0	20	259	149
2	120	0	14	196	149
3	4	17	20	332	149
3	17	18	78	332	149
12	17	20	78	383	149
8	0	0	1	383	149
27	0	89	10	221	149
10	3	26	21	319	149
2	3	26	21	244	149
238	8	216	12	224	149
1820	8	2212	12	293	149
80	214	116	139	224	149
321	8	249	0	222	149
159	3	59	0	222	149
125	3	165	0	247	149
202	14	206	0	255	149
198	1	206	0	255	149
147	8	216	0	289	149
364	14	461	0	289	149
217	1	223	0	289	149
153	1	119	0	289	149
124	1	205	0	289	149
22	2	76	0	276	149
0	41	15	300	207	149
0	5	21	33	396	149
4	5	0	33	285	149
58	8	262	0	317	149
20	0	80	13	251	149
0	96	6	124	321	149
190	9	373	115	253	149
21	0	150	3	269	149
57	3	331	24	269	149
14	78	21	334	234	149
6	85	0	94	214	149
3	0	0	77	214	149
3	0	0	13	214	149
28	19	207	196	260	149
10	116	0	262	221	149
3	50	0	346	221	149
17	116	18	262	280	149
11	50	9	346	280	149
237	50	593	346	321	149
129	2	340	0	321	149
106	2	664	36	271	149
70	7	398	0	240	149
221	7	715	0	343	149
115	6	309	92	242	149
21	6	26	92	179	149
180	4	380	4	320	149
24	263	10	1024	252	149
221	9	848	24	254	149
207	5	718	0	254	149
152	18	705	153	209	149
210	41	1072	146	173	149
158	5	689	0	249	149
167	4	818	23	249	149
97	6	766	12	257	149
11	65	155	445	278	149
16	65	248	445	299	149
23	0	300	29	252	149
38	4	484	0	225	149
3	0	137	11	225	149
48	0	440	11	292	149
81	2	791	0	292	149
23	0	68	16	283	149
73	2	191	0	255	149
0	58	9	97	224	149
420	12	1025	35	387	149
5	246	52	409	313	149
16	154	0	134	254	149
2	0	75	20	293	149
89	1	461	0	248	149
103	10	395	0	292	149
59	2	273	7	247	149
66	7	165	14	543	149
1	0	64	6	215	149
12	26	22	57	197	149
770	5	418	0	252	149
4	0	9	20	269	149
0	65	19	297	301	149
4	9	0	97	227	149
9	3	210	0	3003	149
4	8	0	35	240	149
199	15	197	5	222	149
372	11	322	2	222	149
138	6	112	10	222	149
499	34	363	26	300	149
4	0	0	36	212	149
5	0	322	7	275	149
2	18	20	125	352	149
168	6	335	6	224	149
4	114	0	227	445	149
4	110	0	148	245	149
460	7	472	35	320	149
5	287	0	188	483	149
868	27	507	0	264	149
0	700	10	275	252	149
9	700	0	275	271	149
0	2	87	0	252	149
4	0	17	8	298	149
3	0	14	15	209	149
0	5	6	46	272	149
16	2	47	42	498	149
2	1	42	26	297	149
29	1	154	26	750	149
35	0	112	6	750	149
0	2	27	0	223	149
49	27	20	57	207	149
31	0	192	3	242	149
0	4	8	5	272	149
8	0	14	56	222	149
3	4	142	36	220	149
0	4	29	36	241	149
0	22	8	126	279	149
486	3	687	0	404	149
2	203	0	375	276	149
202	0	375	10	271	149
204	0	392	10	316	149
25	0	132	4	311	149
2	4	22	2	303	149
1466	3	3603	4	217	149
705	15	1485	123	217	149
982	15	2826	123	320	149
1765	14	4995	34	320	149
130	3	479	0	298	149
455	3	1936	0	216	149
2	248	0	1203	278	149
2	248	0	1203	267	149
0	248	21	1203	304	149
8	20	133	63	1318	149
0	20	12	63	306	149
44	0	124	14	323	149
16	12	103	0	243	149
42	414	28	435	243	149
23	17	71	0	197	149
883	6	735	0	267	149
5	7	9	0	225	149
885	8	649	0	250	149
8	2	25	0	237	149
89315	95	34	0	285	149
15	7	131	0	254	149
77	2	210	0	284	149
1790	3	2306	5	262	149
24	0	311	4	424	149
654	10	432	0	274	149
147	6	264	0	248	149
7	24	0	1	210	149
6	24	0	1	322	149
9	0	46	2	307	149
20	268	0	157	278	149
256	19	268	54	216	149
35	1	197	15	346	149
2	0	21	2	239	149
2	18	0	36	239	149
5	853	0	1547	279	149
3954	6	4	0	245	149
5601	9	5	0	288	149
4779	36	4	0	193	149
1801	36	2	0	322	149
2578	11	2	0	211	149
2878	14	1	0	281	149
2	6	0	78	316	149
22	4	67	0	210	149
5	0	53	10	219	149
6	293	0	254	236	149
9	293	0	254	219	149
304	0	1070	27	233	149
101	2	370	10	227	149
119	0	183	14	354	149
4726	0	7524	18	367	149
50	38	77	146	230	149
104	0	114	12	230	149
76995	197	13	1	294	149
195502	197	59	1	217	149
331222	7	83	0	273	149
268767	193	110	0	306	149
10	29	21	118	161	149
23	23	0	244	212	149
86	4	441	0	223	149
1	12	28	36	356	149
14	12	41	36	279	149
115	0	681	41	259	149
26	0	243	41	226	149
7	0	98	16	212	149
21	13	279	133	212	149
112	1386	125	3213	365	149
1	12	3	64	211	149
10	4714	6	10459	211	149
14	4714	61	10459	202	149
7	9	14	3	202	149
2647	5	4503	17	310	149
25	4	74	0	281	149
72	0	697	10	413	149
12	0	16	11	380	149
35	0	199	12	296	149
2	19	51	27	362	149
211	122	17	12	332	149
203	122	15	12	267	149
996	122	40	12	235	149
258	15	52	32	292	149
467	15	99	32	394	149
65	41	20	54	653	149
9	41	0	54	337	149
0	28	6	547	388	149
74	3	63	40	245	149
3	0	39	25	219	149
3	17	114	0	242	149
16	17	399	0	884	149
1	0	130	24	269	149
20	1	94	0	225	149
110	16	278	25	210	149
0	1	88	0	215	149
0	2	13	97	206	149
10	2	242	61	269	149
47	1	475	0	250	149
25	0	111	10	284	149
1023	0	6096	2	232	149
3149	0	23723	2	355	149
2	2	16	16	298	149
8	4	20	0	265	149
0	2	9	0	293	149
4	2	9	0	269	149
0	8	53	178	264	149
20	0	386	10	314	149
757	30	531	0	178	149
1102	23	806	0	284	149
75	7	123	96	352	149
2	7	15	96	288	149
26	7	58	96	286	149
28	2	58	15	286	149
136	4	1300	0	319	149
65	21	651	60	202	149
313	0	929	24	194	149
75	4	211	13	227	149
250	91	755	170	203	149
106	0	212	5	263	149
0	5	13	0	239	149
3	0	57	17	187	149
15	2	16	0	254	149
10	0	23	4	272	149
5	1	14	23	243	149
0	35	4	153	227	149
0	31	29	122	208	149
0	31	6	122	252	149
77	8	257	0	230	149
31	1	147	0	236	149
0	20	2	112	257	149
7	120	108	473	236	149
208	0	563	13	307	149
318	0	885	13	295	149
156	0	478	13	253	149
156	0	464	13	249	149
2	203	0	563	278	149
391	0	547	24	269	149
196	2	253	0	261	149
466	7	650	0	261	149
0	54	22	413	237	149
109	2	800	3	272	149
202	7	591	7	241	149
377	1	926	0	305	149
1703	4	2443	0	338	149
36	0	148	5	265	149
123	0	415	28	573	149
31	6	171	17	218	149
71	1	447	1	402	149
103	1	300	4	209	149
68	1	167	4	206	149
1082	6	900	0	313	149
359	0	611	4	310	149
1132	0	311	12	263	149
23	1	116	27	271	149
54	12	216	7	271	149
190	0	745	9	410	149
9	0	90	8	215	149
51	2	986	11	273	149
200	88	2600	1042	317	149
695	0	4793	30	302	149
48	336	557	2275	185	149
2562	5	12849	12	317	149
95	0	234	4	274	149
26	6	123	1	189	149
6	0	70	13	189	149
25	0	172	4	273	149
3	0	91	22	218	149
25	0	97	30	250	149
5	0	30	5	319	149
36	0	49	14	319	149
48	0	66	5	259	149
109	0	171	7	252	149
450	0	703	7	215	149
208	6	303	0	215	149
58	0	51	7	282	149
541	6	571	0	282	149
8	0	9	8	235	149
1271	11	958	9	268	149
0	19	5	65	311	149
0	9	14	11	188	149
71	0	316	18	239	149
2	163	22	447	275	149
74	0	265	7	226	149
17	7	182	20	270	149
2	30	0	185	369	149
2	30	0	185	325	149
1	9	0	48	200	149
3	0	12	28	209	149
3	9	0	48	209	149
166	1	1273	15	320	149
2095	17	2	0	259	149
6	63	0	9	230	149
1120	0	3467	20	294	149
550	0	2370	22	249	149
158	13	869	63	254	149
297	13	1913	63	284	149
0	78	28	837	232	149
24	34	20	5	228	149
89	2	71	0	258	149
43	0	130	6	305	149
11	24	6	84	219	149
236	0	384	2	236	149
341	10	668	12	249	149
372	2	549	14	225	149
9	222	13	213	200	149
2	283	0	132	260	149
74	97	84	69	245	149
24	3	69	0	248	149
111	97	164	69	248	149
82	0	78	16	248	149
178	0	168	16	344	149
173	14	99	0	344	149
116	6	185	0	344	149
38	29	21	69	302	149
40	24	7	0	302	149
39	4	134	0	365	149
15	4	60	0	338	149
93	0	355	4	206	149
3	57	30	225	267	149
101	6	587	0	323	149
21	26	17	106	244	149
35	0	130	4	264	149
22	0	82	4	352	149
4	0	449	28	1729	149
19	4	44	12	198	149
30	0	149	11	244	149
516	18	1218	5	184	149
2190	27	439	78	186	149
9	123	45	787	245	149
94	2	934	0	270	149
57	3	533	0	251	149
16	10	32	0	236	149
47	6	25	11	256	149
129	3	60	0	314	149
586	4	238	19	331	149
212	0	125	13	237	149
548	0	409	13	231	149
58	5	91	0	208	149
42	0	112	9	415	149
8	0	14	14	233	149
0	4	16	0	215	149
0	2	16	86	215	149
0	5	18	9	295	149
10	15	37	72	221	149
20	1	114	0	298	149
8	18	85	10	268	149
14	4	136	0	268	149
36	5	61	5	220	149
9	4	63	13	201	149
1	10	24	31	182	149
9	8	67	0	283	149
35	0	275	22	629	149
11	0	59	15	290	149
17	0	229	6	534	149
1	4	37	44	230	149
15	3	20	66	221	149
11	1	40	0	230	149
30	0	104	4	204	149
207	5	58	14	231	149
86	8	100	0	229	149
0	2	12	0	428	149
406	1	883	8	271	149
194	3	539	17	291	149
141	7	310	25	291	149
125	7	449	25	361	149
182	6	661	0	361	149
75	2	135	19	275	149
144	6	436	0	255	149
96	8	435	0	189	149
128	1	667	0	260	149
0	9	25	24	285	149
14	0	66	5	238	149
844	3	854	24	269	149
77	6	146	0	196	149
167	1	442	0	3018	149
1083	2	2099	22	233	149
1350	2	745	0	250	149
413	2	322	0	226	149
5	766	0	602	238	149
1752	2	1308	10	297	149
1	0	253	8	238	149
0	13	7	89	423	149
4	1	0	25	391	149
0	1	39	0	226	149
52	2	62	0	313	149
11	67	0	103	155	149
176	0	278	8	230	149
110	0	494	18	271	149
64	17	98	149	236	149
37	23	38	229	236	149
39	23	193	229	323	149
40	23	368	229	326	149
0	20	6	193	230	149
2	38	102	203	164	149
55	0	448	14	326	149
74	3	18	1	304	149
7	6	17	24	278	149
35	6	51	24	292	149
8	38	25	249	200	149
8	38	7	249	242	149
35	2	48	10	263	149
40	3	47	0	251	149
2	122	66	995	236	149
223	3	602	24	216	149
20	1	1	0	272	149
35	1	139	0	227	149
8	0	76	24	290	149
7	0	241	11	198	149
384	1	503	0	447	149
676	1	683	0	417	149
25	142	0	215	246	149
172	2	294	0	303	149
2	0	50	20	243	149
1	13	27	32	266	149
8	1036	1	4061	247	149
6	1036	17	4061	265	149
10	114	0	1428	281	149
159	0	2134	14	245	149
0	160	10	2632	382	149
0	160	17	2632	251	149
0	4	30	20	223	149
0	129	11	2335	223	149
0	129	18	2335	366	149
26	3	14	3	301	149
39	4	32	0	366	149
31	14	157	39	260	149
46	19	88	8	194	149
40	5	117	0	194	149
31	53	62	87	188	149
58	0	147	4	278	149
14	0	39	6	281	149
10	4	117	0	339	149
4	4	0	37	255	149
38	0	5	10	297	149
12	7	17	0	235	149
87	3	97	0	3156	149
68	0	763	4	265	149
65	27	535	35	212	149
0	37	8	144	247	149
0	15	6	58	247	149
74	15	180	58	273	149
33	2	163	39	273	149
37	0	41	3	273	149
0	44	2	36	296	149
42	3	80	0	264	149
85	3	116	0	247	149
45	3	49	19	292	149
12	0	6	17	338	149
26	42	17	49	338	149
33	42	23	49	185	149
33	14	6	11	185	149
65	269	55	497	185	149
53	23	6	85	185	149
38	66	15	80	185	149
94	11	201	0	184	149
16	1	29	0	184	149
66	7	178	26	185	149
98	2	266	12	207	149
163	4	281	0	269	149
28	2	13	0	441	149
46	12	0	26	320	149
16	9	180	0	217	149
36	6	95	0	184	149
26	8	88	43	250	149
9	1	17	0	185	149
0	5347	18	11109	389	149
0	4	32	0	485	149
30	5347	118	11109	5738	149
8	5347	0	11109	209	149
8	8	53	0	1883	149
2533	0	4977	8	221	149
2448	0	4881	8	247	149
2448	0	4889	8	270	149
21	0	100	15	245	149
81	17	99	0	290	149
1	0	53	13	242	149
1017	8	780	19	292	149
491	10	508	0	198	149
613	0	876	4	259	149
58	0	27	21	213	149
1	1	21	39	270	149
5	21	102	89	226	149
25	14	88	6	294	149
15	2	59	0	294	149
14	2	10	0	202	149
10	0	36	3	202	149
39	6	11	0	314	149
4	0	0	23	272	149
371	20	687	42	314	149
24	0	205	9	191	149
80	0	288	14	309	149
169	0	901	16	304	149
4	94	31	505	243	149
302	1	1019	5	444	149
168	1	500	5	292	149
637	39	772	30	187	149
84	1	989	7	231	149
88	0	850	11	296	149
143	0	1210	4	320	149
14	13	155	52	995	149
18	2	67	0	238	149
4	5	10	0	204	149
20	0	193	8	221	149
7	8	240	53	236	149
77	4	279	0	319	149
46	4	136	0	313	149
15	0	95	10	302	149
26	2	216	0	272	149
23	2	134	1	212	149
10	6	38	0	339	149
10	6	51	0	317	149
4	0	62	10	290	149
123	4	1075	62	304	149
0	1	16	49	258	149
37	21	116	86	277	149
8	4	168	20	246	149
83	10	44	0	302	149
2288	0	1664	10	252	149
419	0	310	10	209	149
393	0	244	11	207	149
1343	0	1041	11	243	149
698	5	864	67	236	149
651	8	544	8	236	149
924	1	1311	0	237	149
345	1	721	0	222	149
2	162	3	355	210	149
0	8	6	76	306	149
18	0	101	34	180	149
10	0	31	10	180	149
59	0	201	23	199	149
3	16	0	61	219	149
9	14	2	38	216	149
84	8	65	10	233	149
2	57	0	48	278	149
3	2	0	13	251	149
4	2	26	13	242	149
2	2	13	0	219	149
24	1	255	0	221	149
6	3	46	8	236	149
46	0	440	3	319	149
15	5	305	23	302	149
22	4	142	55	212	149
10	0	180	10	351	149
0	32	13	104	240	149
97	2	5	0	293	149
8	48	0	5	197	149
0	16	7	23	266	149
7	108	0	65	305	149
118	26	32	3	197	149
277	6	61	0	157	149
24	0	239	24	389	149
8	558	10	2273	290	149
883	68	5720	459	431	149
0	11	14	87	7961	149
0	1	17	43	203	149
0	1	30	43	212	149
2	7	0	193	286	149
6	0	148	4	219	149
3	0	87	9	237	149
0	56	24	301	198	149
11	56	46	301	193	149
171	0	207	24	190	149
7	5	22	0	261	149
22	1	26	0	342	149
22	1	22	0	304	149
22	7	15	16	219	149
91	2	438	0	164	149
8	33	0	21	260	149
21	9	195	16	236	149
15	25	23	135	295	149
66	1	544	0	308	149
183	1	239	0	232	149
134	7	178	48	216	149
78	2	223	0	316	149
2	60	0	120	173	149
74	3	99	0	322	149
6	6	21	115	282	149
244	2	14	0	212	149
225	2	66	0	249	149
5	7	18	0	239	149
5041	20	26885	165	297	149
90	0	679	4	299	149
88	8	458	51	225	149
54	0	214	5	306	149
90	0	625	5	292	149
75	1	377	22	258	149
2318	1	3106	0	219	149
0	866	9	2114	374	149
56	0	95	12	317	149
6	4	0	6	155	149
24	5	74	0	255	149
0	4	18	13	242	149
30	48	48	0	254	149
0	2	25	0	317	149
23	0	99	32	275	149
5	6	55	0	191	149
868	22	1	0	257	149
1452	4	1	0	272	149
123	4	408	19	288	149
1	55	0	232	323	149
51	0	230	29	290	149
15	0	105	4	320	149
24	5	154	6	203	149
57	16	149	79	220	149
85	1	538	0	220	149
24	1	81	0	220	149
14	34	26	401	220	149
9	0	166	4	279	149
36	2	186	0	275	149
4	0	3	20	256	149
0	26	18	184	236	149
60	0	558	17	285	149
5	6	52	151	353	149
13	1	23	0	177	149
11	17	156	94	275	149
6	0	0	5	311	149
12	380	18	259	311	149
6	380	18	259	235	149
213	5	358	3	281	149
0	99	5	139	247	149
129	0	321	4	282	149
3	0	190	4	253	149
13	0	174	6	267	149
2	0	17	16	260	149
29	0	111	9	267	149
171	5	28	11	319	149
6856	0	24058	12	215	149
195	7	131	1	152	149
2295	5222	1912	5475	152	149
1961	1527	3011	2248	2936	149
4	5222	1	5475	167	149
0	5222	1	5475	178	149
5222	1527	5475	2248	171	149
16	0	74	9	410	149
5	10	22	0	247	149
1	82	0	118	203	149
8	17	0	8	203	149
129	11	137	0	223	149
92	11	179	0	354	149
44	11	22	0	219	149
44	11	47	0	350	149
6	79	0	47	214	149
0	3	30	21	361	149
0	1	13	7	219	149
0	51	4	209	201	149
160	2	683	1	247	149
1154	23	19	0	272	149
0	2	8	14	316	149
0	2	8	14	350	149
0	8	41	19	234	149
93	0	404	14	238	149
0	14	12	202	279	149
0	11	45	0	264	149
6	0	9	22	254	149
2	5	44	12	209	149
35	488	95	630	219	149
349	8	448	0	253	149
683	13	867	15	253	149
326	3	419	0	253	149
0	381	101	459	457	149
81	381	37	459	298	149
2	12	8	0	206	149
1290	12	1318	0	212	149
2	0	137	6	205	149
110	34	169	45	356	149
239	0	1309	19	291	149
99	1	184	1	325	149
9	1	44	55	292	149
13	0	8	16	255	149
72	0	405	8	262	149
1	35	0	57	369	149
6	35	6	57	336	149
77	6	261	9	271	149
19	0	54	5	312	149
2	6	28	4	467	149
2	6	25	4	351	149
572	0	3256	20	234	149
990	0	6469	7	278	149
18	0	186	13	287	149
27	0	377	11	258	149
25	0	309	27	212	149
1	0	89	4	212	149
2	0	65	4	232	149
0	7	10	175	286	149
380	5	868	5	302	149
6	0	43	18	168	149
121	4	473	10	278	149
75	0	154	7	179	149
2	263	0	103	209	149
22	2	129	27	209	149
9	48	31	127	345	149
20	2050	70	2940	345	149
162	2050	399	2940	436	149
114	11	272	39	436	149
4	0	62	5	336	149
36	0	180	21	247	149
4	0	101	20	237	149
2	7	44	0	221	149
2280	11	4	0	291	149
29	5	86	0	208	149
6	5	50	0	340	149
6	5	14	0	196	149
21	4	131	5	317	149
9	4	101	5	310	149
24	28	0	73	1628	149
9	0	39	9	311	149
39	0	72	9	518	149
2	0	37	9	866	149
4	14	48	17	866	149
27	2	25	45	176	149
0	18	33	22	245	149
2	5	23	8	235	149
0	103	8	253	260	149
205	3	547	0	303	149
61	0	202	13	230	149
16	2	31	0	360	149
4	0	0	18	237	149
13	4	16	0	336	149
746	4	121	6	305	149
469	2	105	0	226	149
39	75	32	3	218	149
246	14	1228	0	199	149
0	152	144	722	152	149
115	0	323	16	268	149
24	6	239	6	294	149
8	0	66	7	255	149
17	0	34	7	233	149
13	69	77	314	329	149
182	0	645	8	397	149
107	0	435	3	397	149
180	0	358	3	344	149
158	39	173	102	197	149
27	0	106	2	220	149
62	0	56	5	245	149
98	5	149	0	262	149
401	2	105	0	270	149
67	90	80	35	369	149
224	9	114	0	304	149
123	41	63	34	177	149
0	30	11	73	280	149
9	29	181	10	214	149
106	32	471	122	322	149
93	103	512	448	322	149
108	29	435	10	322	149
95	249	476	464	322	149
0	3	81	0	249	149
25	0	489	11	296	149
1	24	13	147	342	149
179	0	1060	9	266	149
73	0	616	9	385	149
6	15	56	2	234	149
3	15	36	47	268	149
7	40	21	66	364	149
7	40	19	66	276	149
31	0	285	8	236	149
61	7	26	4	276	149
2	0	0	23	190	149
9	7	0	4	190	149
1228	1	1156	0	438	149
877	1	825	0	376	149
198	0	369	7	256	149
7	0	5	7	382	149
981	21	955	0	251	149
9	400	37	441	285	149
2	42	9	250	222	149
87	0	373	5	252	149
61	0	90	4	203	149
27	15	33	22	220	149
687	1	449	0	870	149
0	2	8	43	268	149
19	0	352	10	386	149
5	0	84	10	243	149
8	0	16	12	306	149
12	20	32	127	306	149
4	0	16	22	306	149
42	20	162	127	938	149
0	20	57	127	247	149
0	4	45	16	247	149
10	1	41	62	255	149
0	10	34	41	239	149
95	0	222	41	602	149
3	0	53	6	230	149
3	0	6	23	158	149
129	0	623	15	200	149
0	17	10	79	247	149
1122	1	531	0	305	149
1634	1	858	0	319	149
1191	1	564	0	423	149
1244	1	582	0	476	149
0	3	9	14	194	149
14	4	97	171	242	149
42	0	298	13	274	149
1	0	136	5	246	149
0	1	342	17	403	149
7	14	6	71	184	149
10	14	5	71	226	149
15	14	0	71	348	149
15	0	86	9	251	149
187	2	1499	22	188	149
45	16	470	39	198	149
1	0	170	51	325	149
15	0	43	43	281	149
0	5	104	62	264	149
0	6	11	307	203	149
18	11	67	240	245	149
0	11	4	82	339	149
1	0	208	10	314	149
70	0	34	2	358	149
103	22	357	43	267	149
60	0	428	14	311	149
15	1	105	12	231	149
39	270	52	79	206	149
0	4	59	17	263	149
19	12	132	137	280	149
9	12	87	137	295	149
8	0	216	23	262	149
8	4	73	0	262	149
160	2	357	0	216	149
397	0	642	3	208	149
407	0	506	9	297	149
29	137	10	365	256	149
32	0	218	23	180	149
94	26	220	143	350	149
5	3	28	0	305	149
6	3	16	0	391	149
0	4	17	8	180	149
0	7	3	40	180	149
8	7	33	40	293	149
4	0	42	6	293	149
156	0	300	13	392	149
156	0	301	13	408	149
5	5	31	33	334	149
10	12	36	79	334	149
67	1	218	0	366	149
71	1	261	0	346	149
69	1	291	0	261	149
35	4	83	0	250	149
411	3	437	0	267	149
76	5	244	0	215	149
4	207	36	427	208	149
0	27	2	241	217	149
17	27	72	241	525	149
70	0	258	11	682	149
30	3	203	0	252	149
4	5	62	40	219	149
13	27	44	96	190	149
6	27	5	96	294	149
7	0	11	6	300	149
41	1	40	12	250	149
0	85	7	657	323	149
0	90	1	420	236	149
79	54	146	42	408	149
824	12	429	2	280	149
4234	0	1401	5	847	149
3579	0	1074	5	842	149
318	114	110	14	232	149
0	2	1	87	278	149
5	0	83	18	253	149
0	4	31	20	250	149
99	2	517	0	329	149
61	1	234	0	229	149
4	0	77	8	298	149
10	0	13	34	251	149
17	0	178	12	258	149
75	27	42	0	351	149
87	27	47	0	354	149
77	27	46	0	369	149
485	2	84	0	283	149
160	1	875	0	247	149
58	1	240	0	270	149
1	2	28	0	278	149
17	3	1	49	1186	149
9	16	93	12	247	149
2	6	23	90	262	149
72	3	31	0	247	149
63	4	417	73	227	149
1	26	0	163	344	149
2883	0	193	8	223	149
2152	11	290	15	218	149
1194	11	78	15	425	149
5276	2	977	0	249	149
55	12	182	0	248	149
119	4	10	0	250	149
4	0	2	6	203	149
2	20	0	71	357	149
8	4	14	0	271	149
8	4	21	0	251	149
19	5	56	0	626	149
0	5	5	2	300	149
5	0	26	5	220	149
139	0	1449	8	627	149
836	0	6045	8	2376	149
126	11	391	54	323	149
261	5	1652	18	196	149
93	0	635	8	196	149
115	0	1056	8	219	149
278	0	2066	10	219	149
0	16	8	287	206	149
428	0	1435	26	294	149
103	2	153	0	231	149
12	64	0	21	262	149
3	99	0	52	238	149
0	5	11	60	210	149
34	10	278	0	522	149
34	10	277	0	421	149
30	10	301	0	359	149
54	10	505	0	401	149
8	3	163	0	307	149
10	0	141	13	251	149
52	14	91	19	216	149
6	1	21	2	216	149
40	1	52	2	229	149
67	6	136	21	229	149
6	59	5	94	288	149
123	1	256	0	224	149
15	1	462	0	323	149
28	5	67	51	301	149
29	862	78	5618	288	149
1531	5	9657	0	280	149
742	2	4839	2	280	149
460	2	4045	2	270	149
1246	15	8941	7	270	149
4	37	0	70	191	149
344	2	788	0	299	149
218	5	975	96	282	149
244	1	887	0	288	149
605	0	1686	12	273	149
326	0	783	4	244	149
0	1	3	334	391	149
33	0	774	22	207	149
0	4	28	481	344	149
27	6	65	41	327	149
36	6	60	41	324	149
70	6	57	41	321	149
53	4	273	0	247	149
83	4	340	0	267	149
147	13	406	115	789	149
27	15	1	40	384	149
11	13	41	115	260	149
22	13	65	115	237	149
37	1	62	9	222	149
177	2	415	0	281	149
32	2	69	0	223	149
1053	5	746	0	452	149
4	0	18	21	261	149
4	3	111	36	289	149
126	6	422	0	354	149
165	11	455	28	225	149
2492	0	1992	5	309	149
5971	3	3196	0	211	149
107	9	560	48	257	149
170	58	446	287	216	149
192	0	649	5	211	149
28	0	134	18	211	149
375	4	1309	22	211	149
308	0	731	18	256	149
3	0	65	6	281	149
31	1	256	0	324	149
43	0	321	1	324	149
7	28	479	178	259	149
21	5	336	0	280	149
10	0	496	12	286	149
0	4	282	36	286	149
26	4	612	36	447	149
36	0	838	24	447	149
1847	3	909	0	228	149
2	1114	0	2386	287	149
765	8	737	0	3441	149
84	1038	0	12	404	149
2851	158	12	0	344	149
1434	92	12	0	344	149
3854	92	3	0	326	149
5188	25	3	0	326	149
2999	25	2	0	278	149
1763	6	10352	43	245	149
1028	17	5818	173	245	149
114	0	598	17	245	149
682	0	4009	17	269	149
1818	0	10673	60	269	149
2667	0	17683	9	458	149
530	1	4130	0	337	149
330	0	2631	20	246	149
202	0	1490	20	249	149
0	617	16	976	252	149
0	617	32	976	231	149
221	4	204	0	284	149
183	1	112	0	270	149
18	3	205	0	299	149
9	0	208	10	305	149
3	0	115	10	281	149
6	0	12	15	254	149
26	6	3	0	319	149
60	2	172	0	274	149
242	4	319	0	243	149
10334	5	38347	0	306	149
2909	15	20753	10	201	149
429	9	10857	7	234	149
515	0	13712	14	318	149
343	2	95	0	269	149
7	1	22	0	275	149
4	4	0	3	279	149
13	4	95	0	253	149
28	4	212	0	1270	149
4	3	10	69	273	149
10	0	11	8	231	149
10	5	91	0	259	149
0	7	6	61	247	149
4	0	31	8	289	149
5	2	8	0	262	149
8	1	286	78	268	149
4	0	292	13	268	149
2	0	198	13	236	149
5	0	178	68	236	149
6	4	345	167	287	149
0	6	25	10	203	149
6	0	22	6	491	149
17	1	435	43	258	149
49	0	1845	12	227	149
18	0	154	18	261	149
0	12	8	50	304	149
30	12	302	50	397	149
776	96	152	6	276	149
303	218	75	83	293	149
361	16	129	15	205	149
494	4	166	0	220	149
311	4	79	0	242	149
472	34	340	23	185	149
48	17	59	0	185	149
153	0	203	18	554	149
1204	23	389	18	229	149
3183	0	783	16	289	149
369	0	26028	44	225	149
3	0	16	4	289	149
6	2	97	0	206	149
6	0	224	17	226	149
0	10	9	196	283	149
0	10	9	196	255	149
0	10	8	196	209	149
8	0	112	24	247	149
4	0	43	20	232	149
10	0	133	10	271	149
107	23	141	45	441	149
104	23	145	45	446	149
172	23	261	45	711	149
55	3	127	18	293	149
67	1	279	0	280	149
311	2	426	9	254	149
329	2	583	9	251	149
273	13	433	15	305	149
68	0	597	13	279	149
1	0	102	4	195	149
20	0	280	4	352	149
368	0	5361	8	284	149
41	42	41	57	293	149
0	753	8	1181	226	149
2183	21	4812	2	324	149
12	0	0	32	327	149
1	7	32	0	231	149
4	10	0	38	302	149
34	0	47	21	1013	149
4	69	0	191	185	149
2	69	0	191	182	149
66	8	237	66	263	149
0	7	20	10	308	149
23	8	248	0	272	149
19	0	118	1	267	149
100	0	396	9	190	149
224	2	380	0	259	149
5	4	12	58	252	149
68	1	349	12	245	149
892	5	161	0	206	149
6	43	0	76	193	149
31	0	137	12	272	149
60	0	164	12	332	149
57	0	168	12	335	149
53	3	47	31	296	149
114	3	214	31	1986	149
19	3	0	31	254	149
8	6	0	42	263	149
14	0	0	2	232	149
3	2	0	37	225	149
2	1	37	0	282	149
2	0	43	20	282	149
4	0	40	4	282	149
1	0	0	20	219	149
0	18	26	190	750	149
26	0	196	8	246	149
19	4	202	0	247	149
51	0	248	16	317	149
86	4	268	0	317	149
52	5	225	0	317	149
950	38	6017	67	5229	149
150	5	270	0	233	149
184	4	337	24	233	149
0	2	20	0	343	149
1	97	9	197	247	149
405	3	708	0	347	149
504	3	1031	0	1508	149
400	3	477	0	255	149
927	0	122	10	261	149
1	0	11	13	302	149
9	0	94	20	333	149
14	0	279	20	657	149
0	18	10	194	355	149
3	0	49	18	234	149
16	6	181	0	271	149
731	4	1339	0	398	149
0	17	30	37	278	149
2	3	11	33	170	149
4	0	279	9	259	149
0	3	8	173	401	149
16	0	120	20	331	149
15	0	1146	9	310	149
3	0	667	8	250	149
5	33	105	203	192	149
39	22	231	292	314	149
33	3	416	0	211	149
2	21	0	287	245	149
114	0	248	32	206	149
182	0	458	7	269	149
24	0	349	17	432	149
7	0	511	17	284	149
172	0	957	7	235	149
20	0	128	7	186	149
6	0	134	11	207	149
20	2	262	0	312	149
0	6	25	31	329	149
3	15	24	132	253	149
4	1	34	0	274	149
2	10	0	39	243	149
7	10	0	39	376	149
16	143	7	677	210	149
71	1	247	6	446	149
74	143	314	677	446	149
9	12	7	67	245	149
10	143	13	677	210	149
18	12	7	67	210	149
75	0	256	6	279	149
34	3	344	0	325	149
5	0	0	7	264	149
43	0	326	7	264	149
62	4	452	14	242	149
206	12	717	230	242	149
62	0	448	3	242	149
62	11	451	88	242	149
74	164	635	751	242	149
102	41	589	293	242	149
93	164	190	751	300	149
8	11	76	88	172	149
93	164	279	751	172	149
18	41	129	293	172	149
31	0	94	7	172	149
207	12	311	191	172	149
52	40	88	153	172	149
57	164	114	751	167	149
8	41	32	293	167	149
57	12	115	191	167	149
8	40	32	153	167	149
8	0	230	23	446	149
1	0	65	36	229	149
4	0	34	13	364	149
4	6	0	16	272	149
12	0	0	7	207	149
505	7	524	0	242	149
38	31	48	14	279	149
22	0	0	5	279	149
31	0	14	5	259	149
50	0	126	9	246	149
9	4	112	55	206	149
1	0	6	16	271	149
37	2	119	28	204	149
32	1	190	0	188	149
525	5	746	13	302	149
535	55	565	49	211	149
711	8	556	0	240	149
2	439	0	335	207	149
1	8	0	65	370	149
50	0	308	44	261	149
12	21	23	64	250	149
1	0	31	6	237	149
223	1	800	47	269	149
266	0	1220	3	223	149
4	142	0	841	245	149
153	0	580	15	234	149
0	103	12	381	319	149
102	0	196	30	288	149
258	0	353	30	914	149
155	0	292	9	269	149
0	10	10	53	363	149
6	3	33	0	246	149
5	16	40	225	276	149
3	627	11	826	221	149
7	627	21	826	209	149
15	35	133	179	1256	149
2	7	95	47	207	149
0	1	8	32	350	149
10	1	23	0	248	149
0	23	16	57	267	149
105	0	373	27	301	149
3	3	20	9	269	149
28	3	82	9	265	149
24	6	63	15	265	149
28	56	99	114	265	149
17	0	63	9	265	149
17	3	63	9	304	149
3	56	18	114	232	149
8	11	38	36	232	149
42	56	119	114	251	149
42	0	119	11	251	149
35	0	119	11	245	149
56	0	163	9	302	149
116	0	229	30	272	149
222	0	475	30	246	149
58	0	109	30	203	149
22	6	179	0	198	149
0	3	3	0	157	149
113	3	288	0	531	149
32	0	333	18	247	149
16	0	223	10	359	149
4	0	43	8	228	149
22	1	37	5	234	149
251	1	1790	0	266	149
499	0	2010	20	287	149
53	0	118	1	214	149
515	1	511	6	275	149
141	5	734	0	284	149
7	1	307	0	194	149
0	7	28	283	234	149
4	6	10	132	246	149
4	6	29	132	270	149
1	0	37	11	292	149
1	0	16	11	313	149
17	4	184	6	1138	149
2173	16	4788	8	252	149
2163	0	4761	30	252	149
2174	205	4811	776	252	149
3520	205	7475	776	586	149
4847	7	9382	72	2235	149
594	21	1089	57	206	149
564	205	1058	776	181	149
3718	21	6673	57	181	149
3	21	19	57	187	149
39	205	33	776	271	149
43	21	40	57	271	149
23	205	55	776	247	149
33	21	32	57	247	149
2027	7	3330	72	224	149
594	205	1082	776	206	149
144	1	210	0	288	149
1	0	40	2	188	149
1573	4	5456	63	532	149
928	4	3259	63	436	149
760	4	2703	63	382	149
683	4	2395	63	356	149
366	4	1281	63	244	149
0	73	38	95	221	149
63	0	259	3	312	149
120	0	516	3	252	149
0	55	7	495	219	149
91	0	42	8	224	149
473	0	856	66	378	149
2	77	10	70	314	149
2	7	7	0	314	149
32	7	23	0	233	149
32	18	39	10	236	149
32	7	23	0	236	149
76	164	70	108	236	149
7	164	0	108	231	149
24	6	87	0	319	149
46	6	298	0	392	149
359	3	1065	0	233	149
56	0	389	6	195	149
13	1	72	0	211	149
299	1	234	34	256	149
178	1	203	34	588	149
4	41	29	213	632	149
34	0	267	90	230	149
52	4	197	6	266	149
43	0	106	5	227	149
17	4	60	35	242	149
0	47	5	164	307	149
140	0	1116	60	277	149
71	0	1062	40	395	149
28	5	599	0	365	149
4	2	200	44	251	149
8	2	306	44	280	149
0	9	11	42	341	149
1	491	0	455	242	149
297	10	466	13	255	149
350	10	698	13	280	149
179	4	256	6	253	149
28	159	29	308	251	149
20	3	25	17	251	149
10227	14	18757	17	172	149
56	29	41	26	215	149
16	37	109	202	242	149
42	8	162	3	218	149
908	28	415	0	347	149
155	0	448	26	545	149
8	0	179	45	208	149
0	11	44	163	247	149
22	0	231	15	236	149
409	0	1583	5	174	149
285	21	1256	34	784	149
530	21	2233	34	212	149
154	15	587	61	212	149
161	15	960	61	239	149
527	22	2561	62	239	149
58	4	497	0	299	149
68	2	341	0	235	149
33	0	259	4	216	149
68	0	251	13	247	149
0	11	12	31	253	149
47	27	349	222	238	149
212	27	1062	222	255	149
59	4	512	6	242	149
69	0	125	13	330	149
118	1	407	0	654	149
8	5	65	0	237	149
1790	1	3014	17	264	149
39	38	28	8	275	149
17	0	0	14	310	149
0	2	9	119	256	149
10	16	0	32	336	149
146	788	0	59	324	149
45	577	0	2	246	149
1459	271	39	9	337	149
1112	36	61	0	263	149
20201	8	41222	17	290	149
95	4	265	0	225	149
6	52	11	84	167	149
80	0	238	26	340	149
36	0	100	10	210	149
367	0	8018	58	228	149
104	27	393	146	358	149
111	0	333	10	288	149
39	10	63	69	313	149
8	1	60	0	257	149
78	1	748	0	257	149
100	0	758	4	251	149
1	0	833	6	245	149
3	396	15	1773	588	149
3	396	7	1773	213	149
18	5	90	18	332	149
6	0	31	8	327	149
41	8	174	0	209	149
0	1	37	0	284	149
7	174	70	1383	515	149
9	29	97	622	352	149
8	174	116	1383	352	149
7	29	61	622	348	149
7	174	61	1383	348	149
0	174	19	1383	269	149
0	29	23	622	265	149
1	174	23	1383	265	149
122	0	799	8	261	149
278	0	2143	8	232	149
145	0	1089	4	232	149
103	0	767	8	225	149
63	5	554	24	218	149
461	0	2356	5	290	149
62	72	640	582	320	149
131	0	598	19	276	149
614	5	2541	0	307	149
1426	0	3060	89	327	149
36	0	113	4	283	149
53	0	133	9	291	149
18	0	93	20	215	149
10	0	60	11	278	149
743	3	559	0	219	149
132	12	367	10	276	149
145	0	426	6	276	149
257	2	626	4	236	149
70	1	241	4	236	149
163	0	324	11	269	149
141	3	518	0	203	149
40	0	102	4	194	149
194	12	805	14	214	149
70	12	267	14	199	149
32	0	414	6	292	149
1	1	0	6	336	149
1	27	0	236	336	149
2	27	6	236	373	149
1	27	0	236	207	149
12	6	148	0	297	149
18	0	58	5	229	149
89	0	310	12	199	149
158	0	408	1	294	149
6	0	87	2	197	149
3	0	17	11	197	149
6	0	2	11	195	149
17	0	163	13	273	149
6	22	11	162	280	149
0	22	11	162	241	149
52	1	393	0	288	149
69	1	319	0	360	149
0	32	5	151	200	149
132	8	240	0	266	149
457	4	306	0	236	149
14	610	0	413	272	149
515	7	513	0	215	149
174	7	117	0	226	149
312	13	411	25	279	149
114	13	155	25	242	149
0	6	9	0	377	149
11	28	0	224	406	149
470	25	628	1	179	149
17	384	0	548	290	149
513	13	853	17	326	149
89	122	47	242	213	149
257	4	475	8	248	149
1	77	41	243	219	149
220	0	1137	3	251	149
628	0	3447	3	230	149
1	0	22	10	291	149
195	25	1586	237	252	149
196	1	1631	19	252	149
410	0	3936	18	235	149
188	1	1654	63	235	149
25	1	255	19	186	149
0	1	36	63	186	149
223	3	2293	10	186	149
13	0	188	8	402	149
3	0	76	4	304	149
4	28	0	72	273	149
4	28	0	72	274	149
34	0	417	8	168	149
10	0	92	39	227	149
1	176	0	371	299	149
286	2	757	0	318	149
799	0	484	6	246	149
603	0	271	6	263	149
272	40	932	66	321	149
0	69	7	469	236	149
216	6	109	0	368	149
2	28	24	63	226	149
0	9	9	74	181	149
16	5	82	24	267	149
0	5	18	9	284	149
116	3	554	14	230	149
44	3	131	14	261	149
266	0	236	18	198	149
3	0	107	32	230	149
19	1	23	40	453	149
30	1	82	40	321	149
0	16	21	0	241	149
0	57	3	339	169	149
1	57	0	339	254	149
16	0	123	6	279	149
4	14	36	28	194	149
8	37	0	64	290	149
17	60	14	157	215	149
13	8	31	0	240	149
1251	38	1593	19	237	149
23	0	25	8	250	149
0	15	1	27	336	149
0	24	18	121	300	149
11	1	127	47	222	149
6	0	40	12	222	149
133	0	608	8	343	149
2	34	25	229	231	149
191	1	973	27	252	149
33	1	189	27	183	149
0	23	11	19	231	149
0	18	11	5	219	149
457	2	598	0	247	149
1	38	0	137	373	149
103	14	5	0	214	149
1048	27	64	9	219	149
347	3	55	0	297	149
302	1	19	0	289	149
129	2	18	0	216	149
113	9	9	14	319	149
472	30	2601	264	232	149
271	30	1591	264	293	149
0	155	72	1601	262	149
5	0	43	12	225	149
16	3	125	0	262	149
681	3	2263	0	1705	149
78	0	1015	16	944	149
0	5	9	47	295	149
21	69	73	24	246	149
1	0	22	14	237	149
221	0	200	18	255	149
0	2	1	0	278	149
1860	4	3597	11	275	149
19	6	10	45	226	149
582	7	1461	0	261	149
379	0	1287	3	231	149
350	0	1748	23	287	149
37	270	23	165	198	149
97	49	40	0	231	149
8	3	0	9	326	149
0	406	27	3477	187	149
0	5	14	23	187	149
0	5948	8	9540	179	149
5	0	94	8	317	149
211	0	367	2	280	149
25	56	26	165	234	149
260	0	819	1	343	149
22	62	0	280	357	149
11	0	60	12	197	149
3	14	76	23	269	149
2	57	31	207	217	149
4	27	5	210	268	149
14	583	55	1426	245	149
1166	0	2330	6	228	149
18	855	7	1733	235	149
14	855	7	1733	249	149
0	1	78	301	531	149
0	1	78	301	358	149
16	3	133	9	567	149
94	4	194	0	261	149
1715	4	242	0	209	149
201	978	15	163	236	149
383	2	92	0	207	149
22	661	0	196	306	149
955	6	268	10	243	149
457	2	125	0	243	149
524	2	195	0	211	149
1036	18	357	20	211	149
12	58	59	43	267	149
111	4	162	0	294	149
210	4	230	0	305	149
257	0	87	12	328	149
505	0	123	12	240	149
5	122	8	537	324	149
5	47	8	324	324	149
13	4	109	9	195	149
1	4	16	8	343	149
10	4	165	8	216	149
42	0	368	19	263	149
118	0	359	57	310	149
3222	2	8130	0	276	149
95	2	591	0	168	149
1359	6	6723	30	226	149
29	0	554	18	270	149
2	2	10	173	444	149
0	2	10	173	322	149
0	4	5	6	322	149
0	9	11	93	217	149
0	1	13	0	217	149
43	1	223	0	259	149
34	0	130	2	259	149
0	38	1	138	443	149
14	16	64	0	275	149
34	2	254	0	997	149
29	0	0	6	312	149
85	16	247	0	312	149
0	6	31	43	242	149
21	4	155	0	291	149
33	0	59	7	300	149
94	9	74	10	290	149
13	135	3	55	287	149
462	23	75	7	293	149
147	5	186	29	294	149
98	20	121	67	293	149
20	6	111	0	223	149
14	0	114	1	225	149
26	3	148	15	247	149
31	8	178	0	258	149
38	5	207	0	239	149
269	4	463	5	337	149
39	1	53	0	223	149
14	1	52	0	295	149
16	0	44	9	254	149
5	0	12	9	314	149
6	5	19	32	314	149
3	13	22	39	213	149
1750	48	2285	171	288	149
10	0	491	17	342	149
21	0	314	2	263	149
8	0	292	7	420	149
0	7	39	150	348	149
2	16	20	41	242	149
33	0	148	2	386	149
12	0	52	19	203	149
7	38	0	70	181	149
12	62	5	110	272	149
660	20	379	10	289	149
450	2	155	0	238	149
8	12	18	0	247	149
2	3	33	0	350	149
82	1	379	0	272	149
71	4	318	58	281	149
20	15	173	73	281	149
20	15	163	73	303	149
60	15	375	73	275	149
107	0	488	10	275	149
114	0	468	13	221	149
83	1	514	24	230	149
35	0	44	8	410	149
4	0	58	23	331	149
22	29	0	9	253	149
0	9	22	70	1048	149
9	0	38	20	195	149
0	12	17	92	326	149
46	0	110	5	253	149
26	4	61	0	253	149
19	4	31	0	230	149
47	8	75	0	230	149
143	0	213	2	326	149
12	16	0	32	323	149
98	5	240	13	439	149
10	35	30	78	224	149
10	35	36	78	199	149
17	4	72	0	280	149
0	40	8	88	269	149
3	5	24	45	265	149
0	40	32	88	265	149
0	6	24	0	265	149
92	6	230	0	365	149
127	6	273	0	354	149
132	0	80	1	268	149
444	2	365	14	310	149
8	2	0	14	296	149
36	0	46	34	293	149
78	2	381	0	396	149
10420	83	10484	716	227	149
41080	83	47695	716	335	149
21668	83	23432	716	366	149
6	4	88	0	217	149
0	6	10	66	302	149
0	6	46	33	266	149
62	0	207	9	314	149
112	13	280	43	314	149
0	13	14	43	206	149
1	51	34	102	206	149
1197	2	1186	0	406	149
11	0	210	60	277	149
8	30	27	201	247	149
16	0	22	5	250	149
14	8	492	19	391	149
12	0	412	2	432	149
8	0	9	18	286	149
2	0	13	33	279	149
147	13	599	5	259	149
471	13	1752	5	406	149
21	31	17	19	232	149
214	31	834	19	407	149
0	70	38	257	197	149
70	0	263	13	297	149
15	0	30	16	165	149
65	0	550	16	246	149
12	22	30	309	326	149
19759	2	2168	0	266	149
17771	4	2494	0	272	149
7256	26	2552	0	253	149
3083	26	932	0	401	149
6192	8	2363	0	239	149
6950	8	3985	61	254	149
2928	2	1801	0	176	149
22	3	2	87	369	149
24	0	117	3	313	149
8	15	72	23	211	149
1	4	8	53	262	149
21	0	51	16	260	149
1	0	257	77	216	149
6	22	0	27	268	149
4	2	63	0	218	149
14	0	41	46	393	149
106	22	631	63	403	149
3	22	51	63	181	149
334	4	917	14	255	149
23	6628	40	5688	299	149
0	46	2	125	334	149
0	8	50	26	183	149
4	8	13	26	269	149
19	0	48	4	271	149
130	0	237	23	209	149
215	0	438	10	340	149
188	2	786	13	216	149
6	62	1	127	210	149
139	13	740	37	374	149
56	13	304	37	236	149
14	0	146	7	242	149
65	0	396	7	299	149
17	0	206	17	254	149
8	0	85	18	202	149
1746	28	124	8	278	149
10	394	0	139	391	149
520	8	203	0	316	149
18	1	119	11	423	149
0	3241	16	12815	279	149
5651	0	24868	27	312	149
2411	1	12064	0	312	149
2410	0	12053	16	312	149
1	0	0	27	287	149
8	1396	36	6977	249	149
0	1396	7	6977	242	149
10	1396	87	6977	495	149
798	0	3780	6	278	149
1562	0	6767	6	313	149
151	0	1046	6	308	149
1	0	6	16	294	149
0	2	6	0	294	149
29	0	1555	7	287	149
6	0	472	7	231	149
2586	19	11	0	246	149
799	4	7	0	254	149
6	6	48	30	275	149
448	24	2902	125	195	149
11	35	14	381	280	149
17	35	20	381	276	149
85	0	519	38	241	149
194	6	140	0	209	149
34	198	10	140	280	149
0	114	20	191	189	149
109	39	283	17	380	149
0	122	1	208	305	149
452	4	395	0	332	149
0	13	2	52	275	149
88	6	121	0	210	149
642	2	2430	0	281	149
2	5	0	45	244	149
3	983	0	2821	244	149
7	5	62	45	505	149
10	983	62	2821	505	149
811	635	1765	1304	188	149
326	31	563	37	188	149
4956	6	6437	0	319	149
689	21	1653	57	741	149
2	89	8	249	225	149
19	2	127	14	311	149
14	0	74	16	226	149
268	1	1351	0	272	149
671	5	2827	5	293	149
275	12	2428	44	271	149
49	18	11	43	274	149
0	7	8	135	271	149
0	7	8	135	267	149
0	7	2	135	322	149
234	4	1329	0	329	149
307	27	1751	91	210	149
0	3	4	168	203	149
30	34	87	42	185	149
2	8	50	2	452	149
43	1	136	0	229	149
8	5	29	88	291	149
0	15	30	5	210	149
4	5	72	0	260	149
1	0	34	10	214	149
0	5	72	0	174	149
21	2	262	0	248	149
1100	0	1457	30	223	149
31	150	18	340	349	149
6	0	106	1	187	149
67	0	445	7	326	149
350	17	135	0	205	149
2	0	965	5	289	149
367	0	10247	5	249	149
253	8	7357	4	220	149
108	5	2799	66	220	149
59	5	2370	66	231	149
197	1	6983	23	231	149
2	0	0	11	355	149
4	104	0	1374	345	149
0	104	5	1374	425	149
0	10	4	78	425	149
256	1	2810	0	208	149
349	6	3626	10	342	149
154	6	1590	10	296	149
4	154	0	1590	251	149
2	154	0	1590	213	149
602	0	3689	17	269	149
311	0	1700	17	265	149
0	2	37	81	210	149
0	8	63	204	235	149
0	8	21	204	231	149
3	2	0	71	266	149
19	172	39	184	253	149
101	0	111	11	233	149
212	0	318	11	269	149
112	10	341	8	304	149
57	4	377	4	267	149
13	0	68	15	276	149
7	0	93	15	279	149
4	28	78	59	185	149
40	0	189	4	245	149
21	0	165	14	262	149
6	4	88	244	233	149
1	0	184	24	239	149
3	0	63	4	239	149
3	0	161	80	239	149
320	96	0	26	382	149
306	96	0	26	403	149
386	96	0	26	561	149
390	96	0	26	564	149
634	96	0	26	1584	149
255	96	0	26	369	149
241	96	0	26	390	149
4	96	0	26	229	149
9	96	0	26	298	149
4	16	21	114	182	149
5	18	0	4	290	149
51	10	153	30	350	149
38	1	119	0	241	149
10	12	19	19	282	149
18	4	83	0	341	149
0	3	4	3	207	149
12	2	72	0	232	149
444	3	642	0	1277	149
45	0	235	7	233	149
34	969	342	694	367	149
30	0	721	18	204	149
55	0	1070	4	364	149
0	15	17	181	283	149
14	72	0	594	408	149
712	0	2163	10	278	149
58	0	194	5	264	149
18	0	67	5	326	149
10	266	0	576	220	149
3	257	0	1196	214	149
297	1	741	0	308	149
0	88	18	433	289	149
2	2	49	0	276	149
6	4	38	17	274	149
4	0	160	19	506	149
55	4	194	0	319	149
0	41	48	287	311	149
58	0	444	35	271	149
16	28	83	219	512	149
60	3	305	0	216	149
11	49	0	209	314	149
8	0	0	195	215	149
45	0	356	7	312	149
166	0	641	5	257	149
1912	19	171	0	224	149
19	1433	0	121	180	149
27	1433	0	121	183	149
845	2	191	0	295	149
1725	2	214	0	265	149
120	7	345	25	266	149
27	3	444	0	347	149
27	1	208	11	239	149
2	45	31	151	471	149
3	45	31	151	397	149
65	0	216	6	230	149
33	25	110	55	230	149
0	25	24	55	847	149
18	4	27	15	223	149
5	6	21	14	199	149
4	0	44	1	308	149
1	37	8	146	392	149
54	2	303	4	214	149
8	0	83	11	277	149
7	0	179	6	208	149
109	0	243	3	258	149
29	0	111	16	212	149
49	2	494	0	244	149
99	0	229	17	227	149
13	214	7	478	235	149
12	1	85	0	227	149
4529	273	353	14	197	149
917	2	115	0	197	149
3148	2	439	0	1937	149
1558	2	102	0	200	149
4929	8	326	0	200	149
1364	34	132	25	206	149
9094	34	1709	25	1727	149
2011	213	89	33	242	149
1056	4	112	0	236	149
352	613	159	68	350	149
252	3	102	0	350	149
0	5	27	233	869	149
5	0	248	58	179	149
87	0	1081	5	242	149
9	0	34	14	257	149
1	2464	0	4111	286	149
3549	19	6209	100	198	149
39	4	74	0	255	149
0	2	10	0	324	149
0	3	24	18	463	149
7	0	17	22	267	149
9	10	78	51	236	149
186	7	194	0	247	149
28	3	57	0	240	149
0	14	59	39	212	149
1	0	0	39	270	149
226	4	328	0	245	149
17	89	23	77	203	149
4	79	16	83	185	149
30	79	81	83	244	149
13	4	50	16	244	149
55	0	306	13	254	149
139	2	481	4	285	149
44	2	424	4	295	149
97	28	743	149	295	149
0	4	41	0	276	149
4	3	11	10	245	149
3	5	0	6	347	149
35	0	110	16	289	149
0	16	16	96	245	149
4	44	0	153	208	149
10	44	23	153	188	149
0	132	54	175	275	149
0	52	34	25	275	149
14	0	154	6	243	149
0	84	4	142	251	149
0	84	17	142	272	149
20	0	64	3	284	149
24	0	120	3	287	149
676	23	555	18	210	149
451	0	423	1	210	149
962	0	1017	1	484	149
316	8	197	0	199	149
2	84	0	526	300	149
90	0	583	16	309	149
1137	0	3038	38	347	149
0	8	10	75	224	149
517	7	1636	0	308	149
610	2	13	0	335	149
14	13	0	32	247	149
44	18	421	89	271	149
28	18	223	89	432	149
36	8	118	18	426	149
104	8	320	18	228	149
38	3	94	0	239	149
165	9	214	0	293	149
4	0	81	16	268	149
