IJC_SAMPLE_1	SJC_SAMPLE_1	IJC_SAMPLE_2	SJC_SAMPLE_2	IncFormLen	SkipFormLen
4	0	2,0	0,5	252	149
6	2	2,0	3,10	298	149
8	0	5,12	2,0	273	149
2	5	0,0	6,6	209	149
0	5	0,2	4,15	298	149
2	0	4,0	0,2	253	149
43	46	34,51	16,13	298	149
83	15	54,39	4,0	212	149
0	3	21,42	10,3	298	149
1	2	28,19	237,234	298	149
4	12	0,0	3,10	298	149
4	12	0,0	3,10	267	149
100	1	186,104	4,0	235	149
149	0	216,88	2,0	298	149
136	0	173,94	0,2	251	149
180	2	255,163	0,0	214	149
8	4	5,2	2,16	203	149
14	48	22,11	64,38	203	149
8	48	9,16	64,38	222	149
8	10	7,2	17,11	222	149
175	2	151,98	0,0	298	149
35	0	29,43	0,1	298	149
11	0	6,0	0,2	295	149
11	15	10,0	12,22	295	149
0	15	2,2	12,22	298	149
2	2	2,0	4,0	298	149
0	15	2,0	12,22	271	149
6	0	10,0	0,4	187	149
2	26	2,4	29,4	243	149
26	2	0,4	0,0	289	149
1	403	0,0	192,264	201	149
351	2	168,229	0,0	262	149
669	0	426,377	0,2	279	149
166	1	58,54	0,0	287	149
210	2	90,112	0,0	298	149
124	8	75,43	2,0	298	149
32	0	17,19	2,0	298	149
81	7	60,56	5,0	216	149
59	0	65,31	1,0	265	149
0	2	2,0	0,0	178	149
3	4	34,21	1,12	298	149
3	4	66,46	1,12	273	149
4	2	77,58	2,0	273	149
6	0	2,8	2,0	239	149
52	2	16,8	0,0	217	149
14	2	25,70	0,0	298	149
2419	4	202,195	1,0	246	149
87	0	52,29	0,4	294	149
51	1	6,6	0,0	212	149
0	11	2,0	11,5	281	149
1	3	5,0	7,0	271	149
2	14	4,2	22,0	271	149
11	26	2,2	37,2	294	149
46	3	53,2	4,0	221	149
2	33	0,0	37,0	298	149
10	2	12,0	0,0	198	149
47	1	27,0	0,0	198	149
2	67	0,0	36,0	247	149
13	67	5,0	36,0	298	149
45	2	22,0	0,0	210	149
62	6	31,0	0,0	210	149
54	3	23,2	2,0	210	149
2	26	0,0	12,0	185	149
2	14	0,0	3,2	185	149
6	26	2,0	12,0	264	149
7	26	2,0	12,0	298	149
7	26	2,0	12,0	298	149
22	3	2,0	2,0	264	149
42	14	14,0	3,2	264	149
4	1	2,2	2,0	198	149
224	10	106,61	3,0	273	149
177	1	106,63	6,0	277	149
77	1	46,17	0,0	245	149
103	2	59,45	0,0	298	149
169	1	66,59	0,0	292	149
12	71	6,0	15,15	245	149
2	0	2,0	4,0	294	149
2	0	0,0	4,4	294	149
2	2	5,2	0,0	217	149
2	0	0,4	5,2	183	149
10	11	2,14	6,6	298	149
1	4	0,4	0,0	298	149
286	0	147,86	0,2	298	149
21	0	8,1	2,2	275	149
22	23	11,2	16,24	275	149
1	23	2,2	16,24	298	149
12	11	1,1	4,2	298	149
10	0	3,4	0,2	262	149
9	0	4,10	1,0	230	149
4	0	9,13	2,0	259	149
2	26	0,3	13,11	297	149
11	258	0,5	176,84	298	149
10	2	0,2	7,0	275	149
15	10	7,6	6,0	298	149
6	1	5,0	0,0	233	149
129	1	142,61	0,0	298	149
7	26	10,5	56,24	284	149
0	6	0,2	2,0	271	149
2	45	10,3	34,31	298	149
2	45	10,3	34,31	298	149
8	45	14,7	34,31	298	149
106	0	101,113	2,0	298	149
184	1	178,131	0,0	268	149
11	0	9,19	2,0	218	149
91	1	177,84	0,2	237	149
0	4	0,2	2,4	214	149
13	0	12,7	0,2	298	149
27	0	60,35	0,2	259	149
12	11	1,0	5,2	298	149
0	26	0,2	8,14	298	149
2	11	1,0	19,6	268	149
273	2	255,113	2,0	235	149
4	15	9,8	34,9	241	149
44	0	85,96	2,0	298	149
73	2	51,39	2,1	232	149
0	53	2,0	32,28	268	149
0	44	4,0	27,29	286	149
0	44	2,0	27,29	241	149
59	2	48,60	0,0	298	149
44	0	27,29	2,0	298	149
2	0	6,0	2,0	216	149
1	8	0,0	13,9	232	149
1	8	0,0	13,9	202	149
0	24	2,0	7,8	298	149
137	2	86,41	0,2	298	149
10	6	16,9	0,8	232	149
2	14	0,0	18,4	298	149
2	14	4,0	18,4	298	149
14	1	18,4	0,0	298	149
3	0	4,0	2,0	289	149
185	0	242,199	1,0	298	149
0	243	4,0	83,90	298	149
863	0	995,527	3,5	291	149
254	4	144,74	1,0	198	149
614	2	266,162	4,3	229	149
262	1	102,94	0,0	229	149
180	1	89,56	0,0	211	149
539	4	254,126	2,0	211	149
478	11	264,191	4,0	230	149
0	375	0,2	211,136	271	149
2	0	0,0	2,2	264	149
0	1	7,2	4,0	248	149
9	10	15,9	16,0	264	149
5	0	0,9	2,0	298	149
1	2	4,4	2,4	212	149
23	1	34,23	0,0	233	149
5	1	6,6	0,0	214	149
5	0	7,5	1,6	298	149
1	1	6,6	2,1	221	149
2	0	2,2	2,0	252	149
66	0	30,17	0,2	298	149
6	40	0,0	39,41	241	149
6	3	0,0	0,10	247	149
1	0	0,0	0,1	168	149
42	2	11,8	0,0	262	149
5	12	12,4	30,41	274	149
5	8	8,0	14,3	274	149
19	0	33,27	3,0	236	149
29	0	47,26	0,2	298	149
21	4	28,27	0,0	260	149
4	4	5,2	3,7	176	149
4	5	0,0	2,0	273	149
5	2	2,0	0,0	247	149
36	0	84,26	2,0	272	149
21	0	24,31	0,4	298	149
1	2	3,7	3,4	194	149
1	2	3,4	3,4	209	149
101	2	106,96	2,0	298	149
23	4	17,10	0,0	187	149
20	4	20,6	0,0	184	149
156	1	66,39	0,0	298	149
87	2	46,9	2,1	294	149
82	0	34,4	2,2	294	149
13	0	15,6	0,2	236	149
4	2	6,8	0,1	211	149
10	1	20,2	0,2	240	149
2	7	0,2	11,0	263	149
0	10	1,1	6,2	278	149
11	3	6,2	0,0	298	149
4	1	1,4	0,0	298	149
78	0	56,30	1,0	298	149
2	1	2,0	2,0	203	149
0	9	3,0	8,6	298	149
1	0	0,1	1,1	277	149
1	0	0,1	2,0	277	149
15	2	15,9	0,0	223	149
2	0	12,0	0,1	201	149
42	0	93,20	1,0	241	149
38	0	71,22	3,0	249	149
2	8	4,4	15,13	298	149
46	0	101,56	1,0	263	149
2	2	13,5	0,0	278	149
0	2	1,0	4,4	298	149
4	2	3,10	4,2	221	149
4	2	3,10	4,2	218	149
56	2	19,18	2,0	298	149
13	3	7,4	5,1	253	149
0	27	0,2	58,17	287	149
44	1	68,44	6,0	298	149
38	0	35,26	0,2	241	149
3	4	0,8	0,8	265	149
6	1	3,4	1,2	269	149
94	4	130,49	0,0	264	149
178	0	138,54	2,0	245	149
2061	2	2,9	0,0	298	149
2	0	0,0	0,3	267	149
11	1	10,8	0,0	298	149
3	0	9,6	2,0	287	149
6	0	31,14	2,0	298	149
4	0	42,13	0,1	298	149
13	0	27,28	2,0	296	149
41	1	90,23	0,0	251	149
191	0	312,76	2,2	215	149
15	0	0,6	1,0	298	149
36	1	4,9	0,0	292	149
12	1	2,4	0,0	298	149
127	1	25,10	0,0	200	149
5	0	6,2	2,0	208	149
12	0	10,4	1,0	297	149
2	52	0,0	53,24	242	149
49	4	64,38	0,4	284	149
6	55	0,0	30,7	237	149
64	0	83,25	2,0	245	149
13	5	9,6	6,0	209	149
1	1	2,0	1,0	298	149
43	11	55,35	5,5	298	149
4	9	2,6	16,20	197	149
10	11	8,1	15,4	239	149
13	11	9,3	13,2	239	149
17	11	13,1	15,4	298	149
11	11	10,1	13,2	298	149
18	11	20,13	13,2	284	149
7	3	5,9	1,2	284	149
111	5	55,27	0,0	248	149
45	10	32,17	5,0	184	149
17	2	18,7	0,0	204	149
82	2	93,24	0,0	199	149
29	0	18,15	1,0	196	149
3	1	5,1	0,0	196	149
31	2	25,15	0,0	243	149
20	18	6,6	15,8	265	149
8	0	13,0	2,0	195	149
8	16	3,0	23,1	209	149
25	2	43,12	0,0	298	149
86	5	70,26	0,1	298	149
47	2	38,25	1,0	283	149
58	2	43,23	0,0	298	149
70	2	55,13	2,0	280	149
32	2	41,15	5,0	298	149
30	0	27,6	2,2	238	149
9	0	181,90	0,1	298	149
2	2	2,0	2,0	219	149
1088	3	405,236	0,0	298	149
9	0	25,33	0,2	241	149
1	5	2,2	9,7	232	149
0	1	2,0	0,2	247	149
0	2	2,0	1,2	276	149
3	6	0,4	12,4	298	149
8	1	3,2	4,0	298	149
7	1	1,2	4,0	298	149
0	2	2,0	4,0	276	149
0	4	7,6	1,0	276	149
0	1	7,6	0,0	276	149
4	1	1,0	0,0	188	149
4	0	4,2	0,2	206	149
8	0	0,9	2,0	276	149
0	1	2,0	4,4	271	149
0	9	2,0	4,5	298	149
21	1	37,20	0,0	276	149
0	2	9,2	0,0	276	149
10	0	5,2	0,2	276	149
2	2	0,2	2,0	298	149
9	3	2,8	2,6	234	149
9	3	2,8	2,6	266	149
9	3	2,8	2,6	290	149
2	3	0,0	0,2	298	149
13	2	21,12	5,1	267	149
2	5	2,0	8,4	298	149
2	5	2,0	8,4	298	149
5	2	18,9	2,0	267	149
3	2	12,4	2,0	267	149
2	2	7,4	0,0	267	149
4	2	6,0	2,0	276	149
2	1	0,0	1,2	297	149
0	4	3,10	12,2	271	149
2	4	15,12	12,2	223	149
0	4	2,0	12,2	247	149
4	3	2,0	16,20	272	149
6	0	18,3	4,0	249	149
1	5	0,0	0,1	263	149
4	6	0,6	24,11	266	149
3	0	2,0	0,1	298	149
4	1	4,1	2,0	250	149
1	0	17,12	0,2	276	149
16	0	12,13	0,2	278	149
0	18	2,0	13,13	247	149
1	3	0,2	27,4	223	149
4	0	6,0	3,0	269	149
13	0	9,0	3,0	182	149
1	0	3,0	3,0	170	149
5	0	4,2	2,0	298	149
5	3	4,2	5,0	298	149
5	0	4,2	2,0	298	149
0	3	2,0	5,0	187	149
6	0	2,0	2,0	298	149
0	3	0,2	15,1	179	149
2	45	2,2	7,6	200	149
0	1	6,0	0,0	197	149
0	2	0,6	0,0	203	149
0	2	2,0	0,2	287	149
5	3	2,0	14,12	209	149
6	3	2,0	14,12	221	149
14	3	2,2	14,12	298	149
19	2	5,18	0,0	253	149
65	0	40,33	6,8	291	149
12	0	18,24	0,2	275	149
7	14	19,19	12,18	298	149
25	4	35,27	1,0	190	149
22	4	36,34	1,0	298	149
42	10	47,34	18,15	293	149
81	10	116,100	18,15	298	149
4	16	4,6	22,26	254	149
4	6	4,3	12,5	254	149
2	0	1,0	0,7	298	149
24	6	23,30	12,5	260	149
8	0	1,11	0,1	260	149
10	0	14,12	3,0	246	149
6	0	12,5	3,0	277	149
13131	4	5,27	0,0	298	149
10007	12	0,18	0,0	244	149
9901	30	0,14	0,0	276	149
5404	4	0,11	0,0	276	149
4717	4	2,24	0,0	298	149
9207	13	2,27	0,0	298	149
13	1	24,28	1,0	261	149
100	0	180,111	2,0	292	149
2	25	0,2	50,80	242	149
0	25	1,0	50,80	298	149
69	2	91,109	2,0	294	149
14	0	14,30	0,2	219	149
77	0	72,41	1,0	298	149
81	0	64,43	1,0	298	149
0	32	0,2	28,18	298	149
25	2	30,47	0,4	221	149
24	0	18,35	0,1	249	149
4	15	2,3	24,6	271	149
107	5	8,6	2,0	211	149
2	1211	0,0	92,42	269	149
3	216	0,0	37,28	269	149
31032	216	5185,4111	37,28	285	149
29824	3	5093,4069	0,0	285	149
1125	216	92,43	37,28	298	149
1128	216	85,39	37,28	298	149
9	29980	6,0	5104,4072	270	149
2	0	0,6	2,0	298	149
6	0	9,2	0,6	173	149
48	0	71,31	0,6	298	149
4	2	0,0	0,2	298	149
12	5	5,12	5,0	298	149
10	0	22,8	0,4	213	149
2	3	3,2	17,10	271	149
9	0	32,27	4,0	276	149
1	17	0,0	22,35	248	149
20	20	19,12	11,6	242	149
15	0	5,4	0,2	241	149
0	20	2,0	11,6	281	149
2	20	0,0	11,6	298	149
7	15	1,0	1,2	202	149
1	6	0,0	2,0	242	149
4	6	2,0	2,0	242	149
38	6	7,12	2,0	298	149
1	0	0,0	3,0	223	149
7	14	4,7	4,6	298	149
84	14	41,51	4,6	275	149
103	2	2,0	0,0	298	149
0	3	0,2	4,3	235	149
0	2	4,0	0,0	197	149
0	22	0,4	8,19	298	149
45	2	40,36	2,2	232	149
19	2	21,17	2,2	228	149
13	2	11,4	0,0	199	149
58	2	42,28	0,0	199	149
53	0	41,18	0,2	246	149
36	0	29,12	0,2	269	149
1	40	5,7	51,41	219	149
154	0	105,89	6,0	227	149
0	4	0,1	2,0	247	149
2	0	0,0	0,1	210	149
2	0	0,0	0,1	270	149
2	6	2,9	12,3	242	149
14	6	23,23	0,0	242	149
1	9	2,1	15,22	298	149
4	4	2,0	16,13	194	149
6	0	16,17	2,0	240	149
1	0	4,7	1,0	245	149
1	0	1,3	1,0	248	149
3	1	2,2	0,0	248	149
5	1	9,6	0,0	245	149
0	2	7,8	0,0	265	149
6	2	2,9	2,0	233	149
10	0	12,3	2,7	265	149
0	7	0,2	6,2	247	149
8	0	14,4	5,4	251	149
7	2	23,8	0,0	298	149
6	0	20,6	2,0	208	149
0	6	5,5	12,4	242	149
4	0	7,4	2,0	187	149
4	10	13,8	2,2	224	149
13	2	44,19	0,4	298	149
25	2	26,22	2,0	298	149
39	2	0,8	0,0	235	149
386	0	434,476	1,2	266	149
253	0	371,391	4,0	250	149
6	0	0,6	0,2	269	149
13	33	2,4	39,11	243	149
103	0	73,30	1,0	233	149
306	5	168,101	2,0	298	149
293	2	146,94	0,4	246	149
73	8	92,124	6,5	298	149
73	2	61,22	2,0	298	149
15	10	11,8	8,2	206	149
56	0	37,58	2,0	225	149
24	0	38,22	5,0	298	149
24	9	27,15	0,2	184	149
1	67	0,0	50,28	191	149
2	1	6,5	0,0	298	149
2	2	6,5	0,0	298	149
2	8	2,2	10,4	264	149
2	2	0,0	2,2	270	149
14	6	16,13	0,0	276	149
1	0	0,0	0,1	245	149
66	2	110,70	13,2	245	149
20	0	38,31	6,0	245	149
21	0	60,23	6,0	276	149
73	0	128,63	2,0	276	149
17	8	6,6	3,3	224	149
0	4	5,8	7,2	192	149
3	1	6,9	18,13	192	149
0	14	6,3	21,10	273	149
9	4	20,10	10,2	276	149
4	4	4,16	10,2	298	149
10	2	7,20	14,4	298	149
8	1	0,2	0,2	245	149
33	1	77,39	0,0	276	149
0	2	2,0	2,0	264	149
0	1	4,0	2,0	238	149
16	0	16,4	0,1	298	149
34	4	20,23	1,0	245	149
1	0	2,0	0,2	272	149
6	0	2,15	1,0	272	149
5	0	20,27	1,0	276	149
10	0	22,31	2,0	210	149
9	0	40,45	0,4	210	149
3	2	8,18	0,0	252	149
3	2	8,18	0,0	242	149
2	7	2,0	38,56	211	149
12	0	49,76	2,0	211	149
0	12	2,2	42,62	262	149
38	0	102,119	0,2	261	149
32	0	45,81	0,4	270	149
21	0	48,42	0,2	281	149
21	0	43,40	0,2	298	149
2	149	2,6	77,57	298	149
2	31	2,6	17,13	298	149
8	2	12,4	0,0	263	149
0	2	4,0	0,2	197	149
8	0	12,23	0,2	268	149
4	168	8,6	121,132	298	149
198	6	153,147	2,4	240	149
4	0	11,31	0,2	273	149
2	0	0,0	0,2	298	149
108	1	56,65	0,0	298	149
144	0	73,74	0,2	271	149
32	0	7,10	2,0	283	149
1	8	4,2	4,3	298	149
3	25	0,0	24,48	236	149
3	25	2,0	24,48	277	149
2	0	2,5	0,2	257	149
11	3	4,3	4,6	281	149
0	1	2,0	0,1	296	149
2	4	1,4	5,6	254	149
27	1	22,13	0,0	210	149
4	0	10,1	2,2	276	149
0	5	2,0	8,0	298	149
2	0	5,2	2,0	276	149
2	3	4,0	2,0	210	149
12	2	14,13	2,0	210	149
59	0	65,61	2,3	210	149
0	2	2,2	0,0	273	149
84	0	10,5	0,2	269	149
406	9	58,56	0,2	289	149
216	1	37,26	0,0	291	149
47	1	7,21	0,0	227	149
43	0	81,71	0,2	298	149
13	2	32,17	11,9	288	149
1	19	7,28	34,81	288	149
8	2	9,8	4,1	161	149
12	0	22,46	2,0	261	149
2	12	0,0	5,14	298	149
18	2	25,40	0,6	241	149
2	0	15,16	2,0	234	149
6	1	6,10	0,0	267	149
0	15	0,2	25,15	270	149
3	1	13,24	0,0	240	149
0	6	2,0	7,5	197	149
0	1	2,0	2,0	240	149
26	73	5,2	64,28	207	149
139	10	95,40	4,6	230	149
4	49	11,2	29,5	298	149
17	0	54,18	6,2	232	149
20	0	31,6	0,1	241	149
0	3	2,0	2,2	248	149
2	3	8,2	2,2	212	149
1	3	6,2	2,2	298	149
1	0	2,0	2,0	298	149
1	3	4,2	2,2	219	149
0	6	2,6	0,2	271	149
50	2	0,1	0,0	262	149
10	172	2,4	73,58	239	149
6	0	2,0	2,0	298	149
4	0	0,0	2,0	298	149
2	6	6,4	16,35	298	149
6	2	4,0	0,0	214	149
50	1	53,72	0,0	298	149
10	0	2,14	0,2	287	149
10	0	2,14	0,2	281	149
0	4	2,0	2,0	242	149
3	10	4,7	2,4	255	149
3	10	4,10	2,4	262	149
23	2	4,4	0,0	235	149
116	2	40,47	0,0	174	149
7	0	10,16	0,2	183	149
4	0	4,2	0,3	206	149
4	0	2,0	0,2	206	149
0	1	0,9	10,8	247	149
2	1	5,2	0,0	231	149
26	3	72,93	4,4	209	149
62	10	31,25	4,2	298	149
4	50	2,9	56,76	194	149
12	27	9,23	21,55	194	149
0	8	6,2	7,15	231	149
48	0	47,47	2,2	231	149
0	2	0,1	0,0	287	149
145	2	134,123	2,0	204	149
2	0	4,4	0,2	247	149
0	1	4,4	5,0	247	149
0	1	0,2	5,0	259	149
241	3	117,36	8,3	218	149
112	3	48,12	8,3	240	149
5	141	1,0	76,24	254	149
4	9	1,0	3,0	254	149
10	141	1,4	76,24	230	149
1	1	0,2	0,0	230	149
242	1	118,38	0,0	245	149
159	1	67,19	1,2	175	149
7	3	9,10	8,14	233	149
0	2	2,0	0,0	298	149
26	3	20,3	2,4	298	149
89	3	98,56	2,4	298	149
63	2	84,57	1,3	298	149
0	26	2,0	20,3	232	149
0	26	2,0	20,3	249	149
112	17	63,62	12,6	235	149
80	44	93,28	18,14	211	149
3	4	8,5	0,0	210	149
4	5	1,0	2,0	298	149
6	36	5,4	51,48	298	149
8	36	4,2	51,48	298	149
3	2	3,2	5,4	298	149
32	2	47,44	0,2	224	149
5	8	8,12	8,10	272	149
131	0	74,46	0,2	253	149
132	1	105,51	0,0	247	149
163	4	98,86	1,0	231	149
78	1	77,82	0,0	298	149
35	1	37,41	0,0	298	149
18	1	24,21	0,0	295	149
55	0	57,62	6,0	258	149
115	0	131,55	1,0	264	149
76	1	87,56	1,0	280	149
93	0	106,54	2,0	298	149
66	0	77,25	2,0	298	149
28	7	121,160	0,0	203	149
13	0	59,53	1,0	209	149
27	0	19,39	0,4	278	149
0	29	2,0	47,50	255	149
78	0	246,225	2,2	241	149
11	0	20,8	0,2	249	149
0	6	0,6	28,22	221	149
302	2	728,237	0,0	298	149
44	4	67,39	2,0	297	149
0	2	10,6	3,2	265	149
2	0	2,12	8,2	298	149
21	0	70,33	3,0	237	149
24	1	69,66	0,0	221	149
4	1	39,28	0,0	298	149
2	19	2,1	32,23	260	149
2	4	4,6	4,7	248	149
13	0	21,12	2,0	298	149
15	2	44,27	0,2	298	149
5	2	4,3	0,4	298	149
5	11	3,4	40,20	298	149
3	0	0,4	2,0	258	149
3	0	0,4	3,0	258	149
2	11	0,6	40,20	258	149
1	0	1,0	0,4	258	149
0	11	4,0	40,20	256	149
1	0	2,0	0,2	256	149
3	9	3,4	17,5	298	149
2	11	7,6	40,20	298	149
3	1	0,8	0,0	298	149
2	0	4,10	0,1	298	149
3	0	4,6	0,2	298	149
2	0	4,6	3,0	298	149
2	11	0,0	9,22	158	149
47	0	100,99	0,2	256	149
45	0	85,90	2,0	298	149
37	0	71,61	1,0	272	149
54	0	98,68	1,0	269	149
0	2	0,2	0,0	298	149
2831	10	3010,4100	0,0	241	149
1342	0	1280,1821	4,1	209	149
1850	2	2595,3225	0,0	226	149
67	0	183,174	1,2	298	149
93	2	66,49	10,8	283	149
4	1	0,0	4,0	256	149
20	0	23,30	0,2	243	149
47	0	59,94	2,0	298	149
295	0	302,335	2,0	245	149
110	2	116,132	0,0	245	149
20	2	18,12	0,0	298	149
206	1	206,216	0,0	298	149
214	13	139,131	0,9	245	149
390	0	361,188	2,0	279	149
17	245	26,12	290,111	197	149
5	0	11,14	2,0	221	149
6	0	17,13	1,0	298	149
5	0	20,4	0,1	298	149
271	1	157,132	5,0	254	149
2	190	0,0	121,113	213	149
290	0	151,121	2,0	298	149
126	0	72,59	2,0	258	149
8	156	0,2	83,70	212	149
194	0	122,127	2,0	222	149
2	2	2,3	2,0	198	149
8	0	25,31	2,0	236	149
66	189	56,30	114,136	260	149
20	2	10,19	2,5	260	149
395	2	281,305	2,5	279	149
254	1	213,186	0,5	279	149
178	2	109,128	2,5	298	149
0	2	2,0	2,8	252	149
0	1	4,2	6,4	298	149
0	2	3,4	0,0	233	149
0	2	3,2	0,0	230	149
6	4	14,9	3,0	292	149
157	2	138,180	0,0	237	149
0	32	0,2	40,25	293	149
0	74	1,0	78,66	164	149
4	90	3,0	28,16	188	149
0	16	0,2	24,20	298	149
1	15	0,0	9,11	266	149
1	83	0,4	65,43	298	149
166	1	117,97	2,0	261	149
231	1	180,132	2,0	240	149
10	208	0,5	155,115	263	149
394	2	270,182	0,0	291	149
24	200	2,10	82,128	272	149
229	9	90,157	5,1	195	149
377	0	161,138	1,0	270	149
34	0	40,32	2,0	298	149
16	2	20,16	0,0	270	149
6	0	16,36	2,0	298	149
5	0	0,0	0,6	246	149
69	2	36,26	4,2	152	149
12	1	2,2	0,0	246	149
13	1	2,4	9,10	246	149
2	0	2,2	4,4	298	149
8	0	12,8	0,4	298	149
25	0	8,19	2,0	271	149
2	52	0,4	43,61	270	149
2	7	0,4	2,6	270	149
0	20	3,0	11,17	298	149
2	29	2,2	46,55	278	149
72	0	125,216	2,0	235	149
2	47	0,0	103,154	250	149
2	47	0,0	103,154	298	149
2	47	2,2	103,154	296	149
0	47	2,2	103,154	298	149
28	14	30,18	16,5	226	149
5	20	14,12	16,2	298	149
19	20	24,23	16,2	249	149
7	0	10,17	2,0	245	149
2	0	5,1	2,0	298	149
5	0	0,6	0,2	298	149
5	0	0,6	0,2	298	149
27	0	36,28	2,0	293	149
6	0	17,14	2,0	239	149
2	2	0,0	4,4	298	149
53	4	34,37	0,0	256	149
231	0	133,166	0,4	298	149
17	0	20,15	2,0	192	149
17	2	8,2	0,0	267	149
29	2	35,22	0,0	298	149
37	11	14,20	6,20	226	149
4	0	24,16	2,0	239	149
3	0	25,14	3,0	272	149
6	0	17,15	3,0	298	149
15	5	42,7	12,8	298	149
13	2	6,2	0,0	257	149
3	0	0,4	0,2	197	149
5	0	3,1	0,4	197	149
41	0	51,40	2,0	253	149
2	34	2,1	50,49	205	149
13	25	27,8	18,7	247	149
24	2	8,11	0,0	205	149
30	0	19,32	2,0	239	149
0	9	0,4	0,9	213	149
2	2	0,0	19,16	195	149
280	2	1,8	0,0	298	149
781	3	35,102	0,0	241	149
26	8	2,0	0,0	269	149
526	4	145,53	6,0	279	149
217	2	44,18	2,0	279	149
5	1	2,0	0,2	217	149
7	313	0,2	103,35	203	149
7	4	0,0	1,0	203	149
218	2	86,34	2,0	235	149
521	0	182,69	2,0	235	149
3	2	13,2	0,0	180	149
5	0	3,6	0,2	290	149
2	0	0,2	0,2	180	149
0	2	2,0	0,0	298	149
193	1	221,99	0,0	211	149
0	146	3,2	107,46	195	149
229	1	190,82	0,0	273	149
148	8	53,18	8,9	225	149
111	1	119,49	0,0	234	149
87	0	59,29	3,0	226	149
85	0	106,91	1,0	263	149
0	8	3,2	0,0	255	149
3	21	0,2	16,8	194	149
3	0	0,0	4,2	194	149
162	6	236,223	4,0	238	149
115	0	163,141	2,0	298	149
136	0	135,137	0,2	248	149
2	0	0,0	0,2	267	149
2	0	0,2	0,2	298	149
243	0	70,43	0,2	263	149
332	3	109,59	0,2	278	149
300	0	124,95	0,1	298	149
87	0	54,35	2,0	202	149
25	0	33,10	2,5	192	149
3	23	7,8	46,42	176	149
67	0	72,90	3,0	240	149
19	4	38,32	0,0	269	149
29	0	30,23	0,2	298	149
21	0	19,19	0,2	228	149
3	14	6,8	8,8	272	149
8	100	8,6	87,110	273	149
1	15	2,0	46,56	155	149
161	4	146,189	2,0	232	149
1	0	0,1	0,3	272	149
7	0	12,20	2,0	267	149
0	2291	0,4	219,205	173	149
3282	20	364,358	4,0	179	149
2324	0	269,264	0,2	278	149
2	39	0,0	16,16	218	149
60	2	13,5	0,0	243	149
96	4	29,19	0,2	298	149
76	6	15,19	0,0	298	149
72	1	21,9	0,2	298	149
0	2	9,1	15,4	200	149
14	0	275,84	2,0	258	149
15	0	264,97	7,0	298	149
7	4	274,147	24,11	298	149
60	3	38,32	4,0	230	149
11	54	3,5	66,31	201	149
15	3	20,19	4,0	195	149
69	7	85,50	6,4	195	149
139	0	113,73	1,0	273	149
106	0	73,24	2,2	292	149
55	2	83,69	0,0	240	149
51	4	83,57	2,2	273	149
0	39	6,0	67,18	251	149
8	12	24,16	2,9	232	149
19	6	44,28	2,2	232	149
30	6	14,15	2,2	232	149
20	13	15,6	24,18	232	149
64	0	95,41	4,0	220	149
356	4	72,33	0,1	207	149
0	1	5,1	1,0	231	149
6	0	40,16	2,0	259	149
0	6	2,0	51,17	298	149
0	4	0,1	33,8	259	149
6	0	62,37	2,0	298	149
9	1	74,62	0,0	298	149
18	0	108,67	4,0	298	149
5	0	81,32	2,0	297	149
2	8	0,0	20,8	208	149
2	8	0,0	20,8	227	149
37	0	25,25	2,0	188	149
3	0	2,0	2,0	209	149
15	16	6,0	39,10	222	149
7	72	10,4	124,66	273	149
135	3	2,0	0,0	257	149
211	22	0,2	2,0	298	149
160	2	2,0	0,0	298	149
98	2	2,0	0,0	252	149
11	2	0,6	2,2	221	149
10	1	6,10	0,0	221	149
26	2	12,21	0,0	231	149
34	1	23,44	0,0	257	149
10	6	0,3	2,6	298	149
8	120	0,3	33,18	298	149
164	6	70,50	4,2	203	149
8	14	0,0	14,6	244	149
82	3	90,40	2,0	298	149
101	0	87,47	0,3	298	149
101	4	80,58	0,0	275	149
1	62	0,0	63,25	226	149
84	2	112,47	0,0	243	149
8	0	5,11	2,0	202	149
1	0	4,0	2,0	247	149
1	39	6,0	52,32	247	149
0	39	4,0	52,32	272	149
2	20	2,0	6,12	298	149
137	0	509,343	3,0	224	149
138	3	393,156	3,0	239	149
2	2	2,0	2,0	247	149
2	2	2,0	0,0	235	149
47	2	38,17	0,0	289	149
62	3	36,45	0,0	240	149
66	4	38,30	2,12	234	149
51	0	26,11	2,0	298	149
1	11	0,0	4,6	250	149
9	14	2,8	33,21	298	149
39	1	36,23	0,0	248	149
16	2	15,14	0,4	227	149
22	2	31,27	0,0	298	149
43	0	51,34	0,2	266	149
2	2	2,0	0,0	285	149
14	0	30,8	2,8	244	149
3	3	3,4	2,0	257	149
40	0	99,85	2,0	298	149
58	0	131,94	1,0	298	149
5	0	19,18	0,2	173	149
45	0	162,91	0,2	278	149
0	10	4,0	36,13	218	149
63	0	45,44	0,2	226	149
29	2	62,39	0,0	298	149
93	0	64,27	2,0	279	149
18	14	6,2	10,10	208	149
2	4	0,0	0,2	247	149
2	0	10,2	1,0	227	149
54	2	29,17	0,0	206	149
113	0	54,37	4,0	261	149
155	0	48,26	1,0	244	149
100	2	83,64	0,0	222	149
63	0	49,39	4,2	257	149
49	2	77,66	7,4	245	149
2	17	0,2	23,17	191	149
8	17	0,0	6,0	195	149
149	5	34,51	0,2	298	149
7	2	0,6	0,0	247	149
103	5	61,57	0,6	284	149
67	2	43,33	0,0	225	149
11	0	24,11	2,0	261	149
11	4	17,9	0,0	224	149
70	1	142,95	7,0	264	149
695	0	594,289	2,0	243	149
860	13	715,365	7,6	257	149
423	0	407,191	1,0	257	149
9	0	6,5	1,0	259	149
342	0	228,132	2,0	259	149
1237	0	1383,1166	0,2	273	149
397	7	223,115	3,6	277	149
109	1	54,27	0,0	204	149
387	1	177,122	0,0	298	149
240	1	179,76	0,0	298	149
4	34	2,0	39,16	247	149
69	0	66,48	2,0	254	149
52	2	33,7	4,2	219	149
10	0	21,13	1,0	250	149
86	0	97,52	1,0	298	149
94	1	109,60	2,0	231	149
0	1	2,0	0,0	264	149
40	6	56,12	3,0	278	149
10	2	18,6	0,0	278	149
65	2	64,28	0,0	298	149
91	2	105,34	6,0	298	149
44	3	39,14	2,0	298	149
55	2	18,1	0,0	290	149
4	6	0,0	2,0	232	149
1	61	4,0	55,23	298	149
146	2	94,86	7,3	298	149
22	0	15,9	10,2	214	149
37	2	29,14	1,2	298	149
17	0	13,4	0,8	298	149
15	2	13,6	1,2	214	149
4	0	0,0	0,8	214	149
1	2	9,2	8,3	276	149
18	0	31,14	0,8	276	149
44	4	42,22	0,0	276	149
42	1	56,40	2,0	280	149
32	1	36,20	0,0	298	149
6	12	0,0	16,12	291	149
45	0	78,40	2,1	298	149
40	0	48,9	2,0	265	149
0	24	9,2	18,7	298	149
4	14	2,2	32,24	242	149
36	2	34,32	0,0	271	149
1	63	0,0	38,30	235	149
4	63	0,0	38,30	242	149
2	30	0,0	1,2	218	149
1	57	0,0	26,8	218	149
4	3	4,0	0,0	239	149
23	57	5,2	26,8	239	149
136	1	91,59	0,0	284	149
7	2	13,18	10,16	298	149
0	19	2,5	21,22	242	149
13	0	8,7	1,2	244	149
19	5	12,7	8,10	244	149
19	17	18,7	8,11	244	149
0	5	2,0	8,10	241	149
0	17	1,0	8,11	241	149
1	0	0,0	0,2	241	149
0	6	2,0	4,0	241	149
0	6	1,0	10,0	241	149
0	5	1,0	8,10	261	149
0	6	1,2	4,0	261	149
1	0	1,0	2,0	261	149
12	17	13,10	8,11	298	149
13	6	9,0	10,0	298	149
7	0	7,0	1,0	298	149
4	17	3,0	8,11	191	149
4	0	3,0	1,0	191	149
140	0	152,74	0,2	200	149
13	0	67,24	2,0	298	149
1	13	0,0	33,6	248	149
9	0	31,0	2,0	221	149
9	0	60,22	2,0	251	149
0	3	1,0	14,2	191	149
27	2	60,26	0,0	298	149
154	2	98,46	2,0	297	149
0	67	2,0	37,21	280	149
61	67	20,1	37,21	218	149
294	0	162,80	2,0	292	149
7	33	1,2	30,23	229	149
116	2	67,46	0,0	293	149
1250	0	670,336	2,0	259	149
637	0	340,160	2,0	272	149
1040	0	620,313	4,0	226	149
67	0	237,179	0,4	298	149
0	18	6,0	165,76	224	149
0	11	2,2	69,35	176	149
0	2	0,2	11,6	176	149
24	2	154,90	11,6	298	149
8	20	6,4	49,9	200	149
31	0	27,9	5,0	241	149
0	4	0,2	2,0	240	149
0	5	0,2	0,5	222	149
2	5	2,0	0,5	210	149
4	5	2,0	0,5	298	149
4	5	2,0	0,5	298	149
6	5	2,0	0,5	298	149
2	0	2,0	1,0	298	149
6	2	29,9	0,6	214	149
4	0	17,12	2,0	246	149
6	0	32,13	14,0	246	149
3	0	10,12	2,0	298	149
3	0	10,12	2,0	298	149
6	172	11,0	360,99	232	149
3	6	11,0	12,0	298	149
71	0	197,72	5,0	286	149
94	0	212,111	4,0	256	149
3	34	27,29	41,11	298	149
63	0	173,101	1,2	254	149
141	0	272,88	2,1	278	149
166	1	345,149	0,0	257	149
4	53	0,2	53,43	247	149
81	2	71,68	0,0	251	149
0	17	2,0	11,14	298	149
6	2	2,6	4,7	298	149
6	2	2,8	4,7	298	149
0	62	0,2	130,97	291	149
92	0	201,272	2,0	236	149
47	0	72,72	0,2	273	149
2	0	3,17	0,1	198	149
6	0	13,30	1,0	198	149
179	1	117,48	2,0	298	149
175	4	91,45	0,0	298	149
208	1	102,72	0,0	294	149
15	62	6,0	38,21	298	149
95	3	55,41	2,0	191	149
5	52	0,4	65,21	298	149
4	12	8,6	27,41	296	149
58	0	176,170	2,1	298	149
8	0	2,2	2,0	298	149
4	2	0,0	3,2	220	149
19	0	16,20	4,0	227	149
18	2	3,11	0,0	253	149
118	0	117,74	0,2	278	149
29	0	24,19	0,1	254	149
28	0	22,19	0,2	254	149
8	32	2,21	65,53	230	149
36	0	68,61	0,1	243	149
2	22	0,0	6,0	298	149
5	79	0,0	16,14	298	149
5	22	0,0	6,0	298	149
62	22	27,13	6,0	298	149
134	22	41,27	6,0	248	149
61	2	25,13	0,0	248	149
367	2	263,177	4,4	238	149
652	0	296,187	0,1	298	149
509	4	278,161	0,1	257	149
69	134	44,54	47,28	298	149
103	10	98,111	2,3	298	149
434	10	143,104	2,3	298	149
302	36	96,76	54,57	298	149
56	5	37,29	5,0	197	149
110	2	89,84	2,0	210	149
3	23	2,0	18,31	232	149
7	0	2,6	0,2	266	149
33	0	13,17	2,0	272	149
0	7	3,4	8,8	283	149
298	0	281,197	1,0	212	149
610	2	546,478	0,0	221	149
427	1	400,348	0,0	280	149
8	2	14,0	0,2	257	149
16	0	31,34	2,2	257	149
4	0	2,5	5,2	212	149
308	2	171,100	0,0	205	149
309	31	174,119	5,0	269	149
418	2	317,187	0,0	267	149
340	8	285,166	0,0	284	149
16	102	14,7	52,22	182	149
204	0	159,68	0,2	298	149
144	0	118,41	1,0	208	149
258	2	187,93	4,0	297	149
2	17	0,0	1,0	268	149
17	12	1,0	2,0	268	149
45	2	66,43	0,0	241	149
18	1	34,15	0,2	263	149
3	0	6,3	1,2	263	149
16	0	17,21	1,2	298	149
10	3	16,26	5,3	238	149
24	3	18,26	1,4	289	149
22	1	53,62	0,0	269	149
15	1	27,11	3,6	298	149
23	0	3,11	0,6	298	149
40	0	68,48	8,5	253	149
6	22	7,6	32,34	231	149
44	0	53,64	2,0	298	149
17	0	21,21	4,0	298	149
909	7	184,122	0,0	229	149
882	0	106,87	2,0	241	149
465	0	70,59	2,0	241	149
643	5	80,63	0,0	227	149
283	0	27,16	2,0	227	149
356	0	65,33	2,0	269	149
734	0	122,93	1,0	269	149
891	1	147,105	2,2	257	149
1261	0	283,114	2,0	289	149
1093	44	232,181	6,0	288	149
614	3	83,60	0,0	298	149
1031	1	173,87	0,0	291	149
537	0	87,59	4,1	291	149
10	0	5,2	4,1	298	149
507	2	91,30	0,0	298	149
1002	9	109,62	5,2	253	149
93	0	43,58	1,0	298	149
17	0	27,49	2,0	238	149
37	0	92,127	2,7	268	149
53672	52	309,324	0,0	298	149
22089	2	129,142	0,0	298	149
24971	2	107,119	0,0	298	149
56506	1	287,301	0,0	298	149
40004	2	192,226	0,0	298	149
34634	5	211,213	0,0	246	149
44043	7	253,248	0,0	298	149
11	1	55,21	0,0	293	149
1	0	4,1	1,0	230	149
3	1	2,5	0,1	221	149
3	0	2,2	2,8	221	149
1	4	3,8	0,2	298	149
2	10	0,0	18,38	298	149
0	2	2,0	1,0	279	149
1	9	3,0	20,10	298	149
1	0	2,0	2,2	298	149
5	0	17,9	2,2	230	149
0	2	2,0	4,3	266	149
4	0	7,2	0,2	298	149
6	0	9,5	0,2	290	149
2	0	24,28	1,0	239	149
86	0	149,160	4,2	172	149
94	0	194,179	2,7	212	149
60	4	57,70	0,0	298	149
1	5	0,3	2,2	220	149
89	2	89,66	3,2	186	149
1	2	0,0	3,0	178	149
6	5	3,0	0,0	207	149
29	15	6,11	24,15	242	149
73	0	63,26	1,0	256	149
102	0	69,63	0,2	250	149
200	3	107,112	0,2	298	149
148	0	129,79	0,2	298	149
224	4	216,152	1,0	260	149
221	3	157,128	2,2	295	149
36	0	23,27	4,0	284	149
6	0	9,6	0,2	277	149
4	1	2,13	0,0	298	149
75	2	32,20	2,4	274	149
0	15	2,0	13,8	260	149
96	2	30,16	0,0	298	149
2	50	0,0	28,5	227	149
80	9	40,6	0,4	250	149
41	6	25,5	3,2	250	149
48	6	0,8	3,2	226	149
81	2	15,5	0,0	226	149
28	0	11,10	0,2	298	149
20	4	14,13	1,4	298	149
9	5	7,5	0,0	298	149
5	0	1,0	2,0	297	149
12	0	11,11	1,0	298	149
309	0	305,195	0,2	285	149
236	5	248,148	5,1	240	149
170	2	158,110	0,0	260	149
326	4	299,222	0,0	298	149
261	3	262,258	0,2	281	149
233	0	293,255	2,0	230	149
126	4	119,96	0,0	211	149
2	67	4,0	53,68	188	149
243	4	389,308	2,0	252	149
198	4	322,248	2,0	235	149
5	12	2,0	0,6	298	149
100	2	114,35	0,4	295	149
54	0	22,22	2,0	236	149
34	2	47,20	2,0	230	149
8	4	6,2	0,0	292	149
19	9	16,10	8,8	298	149
30	9	25,20	8,8	298	149
11	0	10,10	0,2	298	149
8	2	7,4	0,0	236	149
13	0	10,8	0,2	236	149
19	6	48,23	2,2	266	149
18	6	21,14	2,2	293	149
16	0	48,40	0,3	278	149
40	0	37,31	0,2	298	149
27	2	51,17	0,5	200	149
35	0	61,38	2,2	237	149
7	7	0,0	14,8	294	149
11	2	13,17	0,0	210	149
5	2	0,2	0,2	241	149
101	0	143,123	4,0	215	149
195	0	282,197	0,2	289	149
152	2	111,95	0,0	298	149
186	0	275,159	2,2	253	149
130	4	174,95	22,26	250	149
212	7	253,161	52,25	250	149
48	7	68,49	52,25	298	149
83	121	103,50	138,93	298	149
91	0	72,52	2,0	205	149
8	2	7,2	0,2	213	149
1	12	1,2	11,2	179	149
0	18	1,0	31,29	231	149
0	18	6,0	31,29	192	149
22	0	53,32	0,2	198	149
43	0	44,25	2,0	219	149
2	18	4,0	14,2	242	149
0	3	0,2	1,0	248	149
12	0	0,0	4,0	234	149
131	0	14,17	4,0	228	149
295	2	37,30	0,0	228	149
518	2	65,47	0,0	298	149
273	2	36,22	0,0	278	149
2	184	0,0	21,35	298	149
240	0	26,40	0,1	201	149
115	1	74,51	2,2	238	149
11	89	0,4	36,17	219	149
9	62	19,20	82,52	298	149
2	6	12,12	6,14	212	149
1	62	0,6	82,52	208	149
4	37	15,9	35,31	275	149
3	0	13,7	2,0	275	149
13	0	5,2	0,4	298	149
1	59	0,0	66,47	209	149
5	94	1,0	76,36	199	149
18	49	7,0	47,23	227	149
12	4	10,6	2,2	200	149
6	2	10,6	1,0	200	149
6	2	14,8	1,5	200	149
2	2	2,2	1,0	201	149
4	2	2,2	1,5	201	149
8	0	0,0	4,2	201	149
2	2	1,0	1,5	271	149
266	0	273,146	1,2	275	149
1	164	0,0	133,79	187	149
333	2	268,171	0,0	285	149
8	16	2,0	6,6	203	149
0	4	0,4	3,20	290	149
0	1	1,0	0,1	209	149
0	14	2,0	9,8	272	149
27	9	24,38	6,6	239	149
8	10	2,2	18,18	263	149
35	0	28,18	2,0	227	149
59	0	43,36	3,0	241	149
79	1	44,90	0,0	274	149
50	1	28,61	0,0	237	149
117	0	38,88	0,1	203	149
25	4	26,28	0,0	203	149
27	0	26,28	0,1	207	149
5	0	0,0	0,1	164	149
114	4	54,70	0,0	278	149
209	2	68,132	0,0	278	149
1	4	1,0	15,2	271	149
5	23	0,0	25,10	298	149
42	1	38,34	4,0	298	149
0	10	2,0	7,6	293	149
26	1	15,8	0,1	293	149
9	0	9,6	2,0	293	149
9	0	2,7	2,0	221	149
26	0	8,8	2,0	221	149
21	0	7,2	1,0	298	149
24	4	26,2	1,1	221	149
11	1	13,1	0,0	221	149
24	1	17,19	0,0	293	149
34	1	29,19	0,0	293	149
39	1	12,20	0,0	293	149
4	0	0,4	1,0	293	149
2	2	0,4	0,0	298	149
4	2	4,12	2,4	253	149
6	1	4,12	2,0	253	149
2	2	0,0	2,4	211	149
4	1	0,0	2,0	211	149
2	1	2,12	2,0	245	149
0	2	0,8	0,0	245	149
28	0	40,40	0,2	229	149
17	2	40,33	0,0	298	149
0	2	2,0	3,2	271	149
2	1	6,10	0,0	298	149
45	4	103,53	0,0	251	149
4	17	4,2	26,16	224	149
19	0	29,20	4,0	298	149
0	2	0,2	5,6	298	149
2	47	0,0	91,90	247	149
2	65	0,0	100,85	253	149
31	0	101,55	0,4	236	149
6	19	10,4	27,12	194	149
26	0	34,28	2,0	222	149
4	17	0,0	24,20	167	149
19	0	31,20	1,0	224	149
2	4	0,2	8,1	298	149
8	8	10,16	10,11	260	149
2	0	0,0	0,1	298	149
4	67	0,2	50,71	298	149
140	0	111,126	0,6	276	149
70	0	88,53	2,0	259	149
2	0	15,8	3,0	298	149
1318	11	959,701	6,4	298	149
9	0	17,16	0,2	244	149
9	0	17,16	0,2	243	149
22	4	26,20	1,0	204	149
2892	4	1185,744	0,0	255	149
400	4	170,171	0,0	178	149
3821	2	1370,1081	4,2	265	149
145	0	173,146	0,1	254	149
191	0	268,207	1,2	262	149
48	2	56,37	0,0	257	149
156	2	213,152	0,0	218	149
106	1	63,84	0,2	292	149
2	36	0,0	33,22	275	149
0	42	2,2	45,52	251	149
106	0	106,148	2,0	296	149
0	37	6,2	17,54	228	149
26	0	13,25	2,0	298	149
14	0	12,16	2,0	298	149
16	0	36,12	2,0	298	149
24	1	72,47	0,0	270	149
26	1	93,51	8,5	269	149
10	0	47,30	2,0	269	149
4	0	2,3	0,1	229	149
33	0	26,24	0,2	180	149
132	1	262,239	2,4	247	149
3	31	0,0	54,38	272	149
106	1	167,151	0,0	298	149
110	0	223,161	6,0	298	149
25	0	66,54	1,0	257	149
27	2	27,14	0,1	298	149
65	0	85,115	0,2	243	149
96	2	87,77	1,3	298	149
14	70	6,7	70,26	249	149
92	0	98,91	2,0	263	149
1	2	6,6	0,0	298	149
1	8	6,6	20,12	298	149
110	2	62,56	0,0	298	149
46	0	34,26	0,2	298	149
16	0	15,7	0,2	239	149
0	5	0,1	2,0	204	149
0	5	0,1	2,0	244	149
892	4	861,980	2,2	298	149
0	4	2,0	2,0	231	149
9	0	150,18	2,0	285	149
0	14	0,2	17,13	247	149
15	0	36,22	2,0	298	149
29	0	52,35	2,0	254	149
19	0	39,23	2,0	193	149
30	5	21,28	0,6	197	149
102	2	44,24	0,0	298	149
47	0	20,8	2,0	298	149
24	0	8,2	1,0	298	149
1	0	2,0	1,0	176	149
12	0	2,2	2,0	176	149
13	0	3,2	4,4	188	149
12	0	1,2	2,0	234	149
12	5	5,6	4,0	234	149
0	2	2,2	9,19	266	149
11	0	15,30	2,0	265	149
14	1	35,28	0,0	245	149
2	0	58,17	2,0	245	149
1242	1	635,526	0,0	247	149
3258	1	1800,1459	0,1	263	149
2	9	10,12	6,10	274	149
16	2	19,21	0,4	246	149
282	0	192,282	2,0	298	149
96	0	82,120	2,0	250	149
4	2	6,2	0,2	246	149
74	1	61,75	1,0	298	149
95	6	80,47	0,0	225	149
103	3	93,64	1,0	280	149
0	54	0,2	57,43	264	149
25	1	5,19	0,0	256	149
15	2	9,12	2,0	209	149
45	2	32,10	4,2	238	149
33	1	14,6	0,0	222	149
29	1	11,8	0,0	213	149
38	0	30,38	2,0	298	149
92	5	55,46	6,0	270	149
155	0	105,81	3,0	296	149
39	4	41,17	0,0	194	149
82	0	101,49	2,0	246	149
26	11	32,19	4,6	173	149
168	1	152,59	0,0	263	149
10	33	0,4	15,16	260	149
66	0	61,49	2,0	264	149
2	0	0,0	2,0	264	149
30	6	10,24	2,1	264	149
4	25	0,2	27,35	280	149
299	0	43,48	2,4	264	149
5	93	0,0	23,15	197	149
0	1	0,1	13,3	231	149
0	12	6,1	11,8	241	149
40	0	41,27	2,10	225	149
82	0	160,115	2,10	234	149
33	0	32,35	3,0	270	149
6	17	5,6	21,38	191	149
0	9	10,8	72,96	260	149
6	0	236,169	0,11	298	149
8	0	357,201	4,0	298	149
0	1	0,2	0,2	219	149
6	0	0,0	0,2	231	149
3	2	4,4	0,0	225	149
110	2	170,105	2,0	185	149
5	41	7,0	38,25	273	149
117	0	118,69	2,0	280	149
100	1	80,65	0,0	233	149
2	62	2,2	43,34	201	149
25	7	24,22	5,9	245	149
26	20	29,26	14,9	245	149
18	20	10,14	14,9	272	149
21	11	8,11	8,10	272	149
149	0	108,50	6,1	222	149
7	97	0,5	77,34	210	149
97	2	42,48	0,0	298	149
42	2	27,27	1,1	229	149
106	0	57,36	0,2	231	149
93	5	73,60	2,0	268	149
2	33	0,2	20,4	222	149
26	2	20,4	0,0	215	149
0	1	5,0	2,0	230	149
5	0	13,13	2,2	298	149
21	0	15,9	3,0	258	149
55	0	34,24	3,0	298	149
1	2	4,6	0,0	298	149
19	0	8,0	2,0	263	149
2	0	0,0	6,19	273	149
0	3	6,37	21,20	269	149
101	4	81,46	0,4	179	149
186	0	495,221	4,0	259	149
258	4	820,274	18,7	252	149
333	1	849,461	10,2	298	149
39	2	59,38	0,0	296	149
33	2	47,21	0,0	196	149
76	0	82,59	2,0	246	149
67	0	78,93	2,0	263	149
73	0	134,39	2,0	298	149
70	1	174,83	0,0	298	149
223	0	337,228	1,0	182	149
229	0	308,193	7,4	298	149
4	5	15,17	10,29	194	149
2	1	2,0	6,12	241	149
36	2	163,158	0,1	298	149
8	0	52,61	0,2	298	149
33	2	107,208	0,0	298	149
2	0	2,0	2,0	205	149
1	19	0,0	13,15	298	149
1	21	0,2	20,23	237	149
6	0	4,4	0,1	185	149
11	0	15,12	0,1	298	149
0	68	0,6	166,60	271	149
124	2	222,47	1,0	298	149
192	2	386,107	1,0	298	149
68	0	166,60	0,2	298	149
121	2	218,47	1,0	288	149
83	2	150,24	1,0	225	149
319	0	492,164	1,2	281	149
2	50	4,5	49,61	266	149
34	2	106,42	0,0	245	149
10	0	18,0	1,2	202	149
21	0	36,19	3,0	254	149
34	0	56,28	3,0	259	149
78	12	122,96	10,8	273	149
6	0	14,19	0,2	298	149
193	2	13,30	0,0	247	149
15	3	3,9	0,0	263	149
195	15	14,44	0,4	244	149
54	2	8,21	0,0	231	149
0	2	0,2	0,1	272	149
1	8	0,0	4,3	211	149
7	0	26,16	3,0	298	149
201	2	4,24	0,0	272	149
316	26	22,16	0,2	266	149
2	7	4,0	5,0	289	149
24	0	30,12	2,0	298	149
33	0	18,42	0,2	258	149
8	0	3,7	1,4	261	149
31	0	18,16	1,4	223	149
109	4	81,63	0,0	264	149
2	0	0,4	2,0	239	149
177	6	106,86	0,2	230	149
194	1	118,77	0,0	263	149
159	0	99,32	2,2	236	149
215	3	120,64	1,0	298	149
2	133	0,1	72,47	242	149
89	3	71,62	6,1	279	149
78	3	47,48	6,1	298	149
11	6	12,18	0,0	269	149
19	4	34,38	4,10	212	149
17	31	0,0	5,2	298	149
26	2	33,40	0,1	249	149
15	4	4,10	1,0	297	149
2	2	5,11	0,2	298	149
2	2	5,11	0,2	298	149
2	2	5,11	0,2	298	149
13	0	23,6	2,0	294	149
4	0	6,2	2,0	214	149
0	4	0,2	36,31	215	149
31	0	70,48	0,2	274	149
5	3	1,2	0,0	219	149
2	6	0,4	0,2	291	149
81	0	56,37	2,0	252	149
184	9	100,71	1,6	298	149
228	0	41,29	2,0	209	149
1	130	0,0	20,16	197	149
6	2	2,1	0,0	179	149
181	1	141,70	0,0	298	149
35	1	50,30	0,0	254	149
4	2	2,4	0,0	213	149
2	0	2,1	0,6	271	149
0	2	2,0	2,0	190	149
4	0	2,1	2,0	298	149
0	2	0,2	2,1	275	149
2	6	5,0	7,16	236	149
39	2	23,46	0,0	197	149
1127	0	575,681	1,0	282	149
1290	0	870,955	2,0	298	149
1838	0	1388,1582	2,0	229	149
11	2	11,34	0,0	219	149
2	0	2,4	2,0	298	149
1	0	2,3	1,9	298	149
1	0	2,3	3,9	298	149
453	0	441,349	1,0	228	149
61	19	2,32	4,6	266	149
12	0	5,0	0,2	281	149
36	0	12,11	0,2	266	149
2	26	14,2	50,54	298	149
193	3	72,27	0,0	287	149
221	2	105,31	0,0	298	149
14	0	29,15	0,2	298	149
0	2	2,0	3,0	298	149
8	0	23,13	5,3	281	149
0	2	5,5	0,0	298	149
40	14	29,23	4,0	222	149
75	14	49,36	4,0	298	149
107	0	98,47	0,6	243	149
73	7	57,56	7,2	261	149
31	0	23,24	0,2	261	149
33	6	24,24	10,0	261	149
55	0	46,38	0,2	298	149
37	6	20,30	10,0	298	149
82	6	44,42	10,0	298	149
27	0	31,14	0,2	213	149
10	6	3,1	10,0	213	149
56	0	60,43	3,0	213	149
36	2	22,24	4,0	213	149
51	6	24,18	10,0	290	149
51	2	27,16	4,0	290	149
90	12	66,39	0,5	290	149
146	2	69,64	0,0	298	149
141	2	108,69	3,5	240	149
159	3	110,71	8,0	297	149
0	9	2,4	9,16	251	149
0	9	2,4	9,16	276	149
64	0	30,6	0,1	278	149
101	1	62,38	0,0	298	149
95	1	40,56	0,0	269	149
153	0	101,87	0,4	298	149
5	69	0,0	59,45	215	149
123	2	108,59	0,0	290	149
117	4	105,70	3,0	248	149
4	4	2,1	0,0	276	149
0	3	1,0	0,0	293	149
5	2	6,18	0,0	286	149
132	1	77,70	0,0	247	149
2	9	0,0	10,6	264	149
0	7	2,0	6,2	228	149
16	0	60,76	0,1	227	149
1	117	0,1	146,73	203	149
200	7	250,165	2,0	234	149
65	0	106,63	0,3	224	149
147	0	287,160	2,0	252	149
9	0	6,10	2,0	298	149
697	2	0,23	0,0	292	149
1	0	2,0	0,2	203	149
41	0	67,43	0,2	298	149
0	29	0,1	50,31	211	149
118	0	216,193	2,0	298	149
61	0	59,37	0,4	224	149
41	2	44,32	0,0	241	149
20	4	20,18	0,0	295	149
215	0	168,71	1,0	286	149
0	113	3,1	72,49	182	149
51	2	36,30	4,0	298	149
1	28	0,0	36,10	298	149
18	0	65,99	2,0	297	149
20	0	39,70	2,0	244	149
0	12	2,6	25,28	247	149
13	2	28,12	2,6	236	149
6	0	5,3	2,0	298	149
1	10	4,0	11,30	267	149
0	2	2,2	2,0	298	149
0	55	0,2	46,77	298	149
1	0	0,3	4,0	298	149
22	0	58,70	4,0	298	149
2	0	5,17	4,0	298	149
75	0	102,142	4,0	252	149
3	0	9,7	2,0	298	149
0	4	0,3	6,19	298	149
3	4	9,7	6,19	298	149
3	4	9,7	6,19	298	149
3	4	15,7	6,19	298	149
0	4	0,2	4,4	298	149
0	4	0,2	4,4	298	149
2	2	0,0	9,16	298	149
2	2	0,0	9,16	298	149
2	2	0,0	9,16	276	149
42	0	15,11	2,0	247	149
47	0	15,14	2,0	298	149
0	1	12,10	6,15	298	149
3	0	11,20	2,1	292	149
1	0	13,27	2,1	295	149
2	0	0,0	4,1	220	149
0	8	0,2	21,29	228	149
1	37	0,0	248,132	238	149
2	16	2,0	10,15	236	149
4	0	21,12	4,0	298	149
10	0	33,20	4,0	263	149
4	5	1,4	12,6	270	149
2	5	1,0	12,6	202	149
66	0	80,47	2,0	210	149
6	0	13,7	1,0	210	149
52	0	44,19	1,0	298	149
112	0	111,59	2,0	298	149
96	0	91,63	2,0	205	149
0	2	0,2	9,6	298	149
0	2	7,13	3,0	291	149
4	0	16,13	2,0	227	149
5	3	5,4	0,0	196	149
4	3	5,2	0,0	266	149
5	1	5,6	0,0	266	149
1	1	0,4	0,0	278	149
101	0	91,68	0,1	298	149
0	4	1,0	13,8	296	149
0	4	1,2	13,8	263	149
0	2	0,2	35,16	231	149
19	0	70,64	4,0	298	149
35	1	96,64	0,0	279	149
6	6	11,9	36,7	257	149
59	0	93,38	1,0	298	149
48	0	106,41	2,0	244	149
2	25	0,0	61,22	264	149
41	0	138,65	0,4	240	149
0	19	0,2	96,44	251	149
0	12	3,2	37,7	239	149
0	12	3,0	37,7	298	149
0	12	2,0	37,7	207	149
98	0	124,78	4,0	256	149
85	0	115,51	2,0	217	149
16	0	52,56	2,0	212	149
47	14	110,97	14,3	212	149
0	14	2,0	14,3	189	149
112	0	139,80	2,0	298	149
74	0	121,85	3,2	272	149
244	0	268,146	5,0	221	149
840	0	864,441	5,0	281	149
514	0	538,265	6,2	281	149
87	0	121,69	6,2	213	149
406	1	457,245	3,4	213	149
170	1	219,92	0,0	213	149
6	1	9,12	0,0	229	149
236	2	243,158	1,0	229	149
6	28	7,3	65,51	260	149
4	0	14,4	25,7	298	149
2	0	5,0	4,0	238	149
17	0	48,21	2,0	209	149
30	0	63,20	2,0	226	149
16	0	23,23	3,4	251	149
4	30	0,0	18,11	298	149
2	105	0,0	43,14	298	149
64	105	38,27	43,14	259	149
29	11	18,8	0,0	259	149
137	11	82,29	0,0	221	149
59	0	26,8	1,0	221	149
78	2	59,32	0,0	221	149
45	98	4,8	72,30	298	149
24	0	13,4	1,0	265	149
0	18	7,2	18,4	216	149
0	18	4,2	18,4	219	149
0	18	4,2	18,4	298	149
2	18	0,0	18,4	236	149
1	0	3,0	0,2	296	149
9	0	10,7	0,2	298	149
25	0	57,78	1,0	214	149
0	17	2,3	84,51	263	149
0	18	2,1	50,30	263	149
24	1	97,57	0,2	298	149
23	18	88,52	50,30	298	149
12	18	20,13	50,30	243	149
18	6	32,18	4,2	243	149
5	76	23,2	44,43	298	149
6	23	2,16	26,14	278	149
59	0	64,45	2,0	277	149
35	4	9,9	0,1	267	149
58	1	7,4	0,0	276	149
15	1	7,0	0,0	293	149
1	12	0,0	13,21	206	149
40	0	71,83	1,4	229	149
37	0	51,29	0,2	238	149
4	0	37,36	2,0	298	149
341	1	50,19	0,0	251	149
35680	0	9273,5919	0,2	224	149
889	6	162,47	2,0	251	149
408	8247	203,232	1676,921	257	149
9	0	3,0	0,2	249	149
11	3	7,4	0,0	276	149
9	3	0,2	0,1	199	149
151	2	311,207	0,0	237	149
73	0	199,124	4,0	242	149
0	53	2,1	171,97	298	149
79	0	234,140	0,2	198	149
24	0	64,45	0,2	194	149
307	0	676,300	1,0	290	149
240	1	578,219	2,0	245	149
14	124	39,16	301,142	158	149
4	123	1,0	274,164	243	149
0	2	2,0	1,4	192	149
2	0	0,4	4,2	187	149
2	0	0,0	2,0	298	149
13	0	11,9	0,2	298	149
5	2	8,12	0,2	275	149
4	1	10,4	0,0	298	149
5	0	10,3	2,0	211	149
15	1	11,6	0,0	209	149
1	0	0,0	1,0	284	149
0	2	2,0	8,0	298	149
23	2	49,74	0,0	212	149
0	40	3,0	89,70	298	149
2	15	13,8	50,35	298	149
5	42	5,2	120,96	210	149
0	42	1,0	120,96	267	149
2	2	0,4	0,0	298	149
0	40	1,0	98,44	242	149
12	0	66,27	2,2	298	149
4	0	26,12	2,2	298	149
8	0	42,17	2,2	298	149
7	2	14,9	2,0	271	149
11	2	29,10	0,2	267	149
15	0	58,37	0,2	298	149
16	0	77,56	6,3	298	149
0	4	4,2	2,10	203	149
2	0	7,11	2,7	211	149
54	0	144,102	2,0	282	149
109	2	65,49	0,0	290	149
42	2	37,31	10,0	267	149
67	0	44,32	0,2	282	149
100	2	45,30	0,0	207	149
28	1	15,14	0,0	298	149
2	0	3,3	1,0	284	149
0	12	2,0	8,6	245	149
3	0	1,2	0,2	263	149
9	0	8,2	0,2	229	149
0	7	0,2	8,10	237	149
4	0	6,6	2,0	211	149
2	2	5,4	0,0	275	149
28	1	2,2	0,0	230	149
16	11	2,0	2,0	278	149
12	11	0,6	2,0	222	149
81	2	186,81	0,0	199	149
23	2	37,4	0,0	235	149
49	2	103,32	3,4	180	149
1	0	2,3	2,0	210	149
0	4	0,1	4,5	247	149
0	4	0,1	4,5	298	149
33	1	61,33	18,4	298	149
18	2	27,12	0,0	245	149
18	2	27,12	0,0	245	149
47	0	70,28	6,1	245	149
32	2	59,39	0,0	239	149
19	0	23,28	4,0	224	149
0	14	0,2	14,21	244	149
2	2	0,2	0,0	224	149
231	0	212,134	2,0	298	149
51	2	347,155	2,0	233	149
45	0	257,139	4,0	209	149
17	0	89,45	2,0	200	149
9	0	46,29	0,2	203	149
0	7	3,0	5,2	267	149
0	2	3,3	4,0	218	149
0	7	3,2	5,2	218	149
0	7	5,0	5,2	298	149
2	0	3,9	2,0	283	149
799	2	457,613	2,0	224	149
337	2	188,291	2,0	221	149
408	2	257,244	2,2	298	149
445	2	234,280	0,2	298	149
262	0	135,190	0,2	218	149
29	2	32,32	0,0	245	149
7	2	103,70	1,2	273	149
23	2	176,123	1,2	298	149
18	0	80,57	2,0	298	149
41	0	233,154	2,0	275	149
0	74	0,2	149,75	297	149
4	0	17,8	1,0	262	149
2	5	0,0	43,39	268	149
57	0	203,146	0,2	298	149
61	0	201,121	4,2	293	149
67	2	167,95	0,0	229	149
3	2	5,0	15,2	251	149
3	0	15,0	0,4	223	149
13	1	3,4	0,0	224	149
4	24	0,2	10,6	250	149
0	8	2,0	3,3	254	149
7	2	7,6	0,0	276	149
2	2	0,0	2,0	222	149
11	0	3,1	2,1	298	149
36	2	59,28	2,0	298	149
1146	38	869,328	36,13	281	149
1186	5	1077,361	2,0	298	149
4	333	0,2	320,115	255	149
56	0	48,25	0,2	195	149
2	0	2,0	1,2	195	149
2	0	2,0	2,0	195	149
6	8	57,38	13,11	261	149
7	8	56,39	13,11	244	149
73	2	260,81	0,0	249	149
103	0	381,136	2,0	265	149
2	37	28,0	147,49	247	149
13	0	75,33	0,2	213	149
176	6	481,191	2,0	227	149
126	1	380,151	0,2	254	149
86	0	251,101	1,0	207	149
40	0	114,36	6,0	207	149
40	0	137,56	6,0	240	149
89	3	277,121	2,0	240	149
104	2	212,63	0,0	211	149
388	2	879,349	0,0	267	149
101	2	167,51	2,0	228	149
178	0	306,103	2,0	193	149
7	0	57,23	1,0	194	149
3	0	10,4	1,0	173	149
419	2	468,218	2,1	298	149
131	0	223,105	1,2	272	149
192	2	251,135	0,1	298	149
2	0	21,12	2,0	298	149
4	13	0,0	12,9	193	149
6	0	0,1	2,3	298	149
0	25	0,4	29,31	298	149
15	0	9,18	2,0	260	149
15	0	11,26	2,0	201	149
17	2	25,29	0,0	251	149
13	2	17,21	0,0	298	149
4	22	6,6	117,101	201	149
0	4	2,2	6,6	298	149
0	103	10,4	266,190	248	149
2	0	1,3	8,10	298	149
3	0	2,2	2,0	298	149
2	0	0,6	0,2	260	149
2	0	0,6	0,2	237	149
45	0	111,163	0,2	221	149
13	0	28,71	0,1	221	149
12	0	69,74	0,1	220	149
11	2	43,25	0,0	226	149
12	0	29,36	3,2	281	149
11	0	25,10	5,0	281	149
7	0	25,12	5,0	278	149
10	2	39,40	13,4	278	149
14	2	20,34	0,0	270	149
0	29	4,0	40,10	298	149
0	29	2,0	40,10	240	149
2	0	2,8	0,2	242	149
4	1	2,2	1,0	298	149
31	0	66,42	2,2	211	149
9	0	21,14	2,0	197	149
44	4	96,62	2,1	298	149
0	15	8,0	40,32	274	149
7	6	2,5	9,21	298	149
34	0	55,27	2,2	182	149
31	0	80,73	0,4	257	149
17	10	16,20	12,0	251	149
2	20	0,2	66,65	250	149
24	2	43,18	0,0	298	149
12	1	21,10	0,0	237	149
35	1	31,14	1,0	298	149
19	0	16,18	2,0	269	149
3	1	0,0	3,0	217	149
350	0	644,394	2,0	206	149
75	0	132,47	3,0	298	149
125	0	231,128	2,0	298	149
7	0	29,8	1,0	298	149
62	0	325,151	2,0	298	149
2	0	4,1	1,0	188	149
4	2	18,6	6,4	188	149
0	2	0,1	10,11	221	149
0	2	0,2	11,8	285	149
0	1	0,2	0,0	298	149
0	1	0,2	5,0	298	149
0	8	0,4	0,0	298	149
2	1	1,0	5,0	231	149
57	8	53,43	0,0	298	149
56	0	48,43	0,2	298	149
115	1	79,73	0,0	242	149
37	2	48,11	0,0	228	149
67	2	74,19	0,0	233	149
30	2	21,12	2,0	298	149
952	8	2,11	0,0	249	149
1928	1	9,15	0,0	251	149
3028	6	24,38	0,0	298	149
698	2	7,6	0,0	298	149
14	678	0,0	7,6	184	149
51	678	0,0	7,6	235	149
28	0	0,0	2,0	235	149
24	678	0,0	7,6	277	149
26	678	0,0	7,6	298	149
34	561	0,2	0,2	298	149
22	561	0,0	0,2	277	149
49	561	0,0	0,2	235	149
8	561	0,0	0,2	184	149
681	79	0,6	0,0	298	149
164	1268	2,0	0,1	292	149
2109	2	2,1	0,0	293	149
1269	2	0,1	0,0	293	149
1588	2	6,6	0,0	298	149
2428	2	8,6	0,0	298	149
2420	21	6,10	0,0	273	149
1474	3	6,16	0,0	251	149
6	0	32,25	2,0	214	149
8	0	59,65	2,1	247	149
2	0	29,33	0,4	247	149
2	0	7,3	0,4	298	149
47	0	71,30	7,0	274	149
128	0	162,65	7,0	242	149
65	0	97,69	5,2	290	149
61	0	180,96	4,0	298	149
102	0	194,120	6,0	298	149
49	0	92,88	1,2	298	149
5	3	12,7	7,9	207	149
964	2	710,294	0,0	267	149
3	0	67,208	0,2	251	149
1	0	37,91	0,6	251	149
1	0	35,117	0,6	263	149
3	0	73,241	9,9	263	149
13	0	13,10	2,2	298	149
6	0	10,7	0,2	211	149
1	13	9,2	7,20	265	149
18	0	49,52	2,0	287	149
15	0	31,26	0,6	275	149
51	0	71,38	2,0	223	149
6	12	5,0	2,0	267	149
41	2	7,1	0,0	220	149
57	3	121,80	0,0	236	149
0	28	0,4	73,31	247	149
80	2	133,51	2,0	193	149
3	66	2,5	104,46	270	149
46	2	72,46	2,1	298	149
105	2	170,83	2,1	227	149
81	2	189,94	6,0	210	149
21	0	33,28	0,1	210	149
38	0	105,57	0,1	231	149
0	1	0,2	0,0	248	149
12	2	21,6	9,11	298	149
18	0	80,49	2,0	215	149
8	0	41,20	0,2	298	149
6	0	8,9	0,1	287	149
24	8	2,0	0,2	252	149
66	2	31,17	0,0	179	149
10	21	6,3	11,9	262	149
10	0	20,25	2,0	298	149
77	0	188,100	3,0	255	149
14	0	38,28	3,0	193	149
66	7	131,42	7,1	214	149
0	2	2,2	0,0	298	149
144	1	125,67	2,0	298	149
190	14	129,66	2,2	262	149
0	108	0,2	66,37	230	149
213	13	121,64	7,3	279	149
82	1	54,24	0,0	247	149
43	1	146,36	0,4	298	149
32	0	111,76	0,4	298	149
22	0	84,47	2,0	298	149
17	0	71,43	2,0	298	149
0	4	3,0	27,17	195	149
0	8	2,2	2,3	298	149
1	0	8,2	2,4	296	149
14	0	25,8	0,2	233	149
0	2	0,2	0,0	177	149
189	2	289,93	0,0	258	149
169	2	333,127	0,0	250	149
2	6	0,2	5,9	298	149
21	3	19,15	2,0	181	149
0	8	0,2	2,7	278	149
130	8	83,74	2,7	226	149
45	0	35,22	0,2	226	149
75	0	53,54	4,0	241	149
158	5	125,106	8,11	249	149
2	0	0,0	2,0	190	149
2	0	0,0	0,2	298	149
4	0	5,8	0,2	298	149
27	0	29,19	1,0	230	149
42	0	40,22	0,2	208	149
28	0	27,16	0,2	251	149
8	4	2,6	3,0	232	149
11	4	12,5	3,0	184	149
24	2	13,13	0,0	214	149
10	2	10,9	0,0	257	149
4	0	2,0	2,0	173	149
146	0	13,44	0,2	260	149
6	1	0,1	0,0	267	149
2	27	0,0	9,23	223	149
1	2	12,5	0,0	266	149
9	0	10,0	2,0	194	149
55	2	125,80	0,0	298	149
67	0	136,86	0,6	263	149
24	1	66,20	0,0	245	149
2	0	2,0	2,14	288	149
2	0	2,0	2,2	288	149
4	2	7,4	0,0	298	149
6	0	11,5	2,2	298	149
0	4	1,2	0,0	266	149
2	0	0,0	2,4	247	149
39	4	10,16	2,10	216	149
39	4	10,16	2,10	195	149
170	5	71,110	2,6	209	149
73	2	27,58	0,0	209	149
5	2	2,6	0,0	176	149
1	12	0,0	15,12	298	149
5	0	18,11	2,0	260	149
0	2	4,1	0,2	236	149
192	6	139,121	5,0	261	149
137	0	117,103	0,1	193	149
169	2	81,94	0,0	202	149
0	77	2,0	114,81	298	149
8	0	4,7	0,2	203	149
121	8	81,69	17,3	203	149
432	0	580,434	0,1	224	149
174	36	195,156	21,11	206	149
95	2	105,96	4,2	206	149
63	2	45,21	4,2	298	149
18	0	14,35	0,2	204	149
62	3	99,84	4,7	221	149
26	3	40,45	4,7	235	149
0	91	2,5	417,460	245	149
77	0	239,259	1,0	298	149
111	0	375,190	0,2	298	149
4	9	0,0	30,20	298	149
20	1	28,32	0,0	222	149
8	10	20,11	12,7	254	149
33	0	38,27	0,4	267	149
2	10	4,0	4,10	227	149
5	2	4,4	0,0	298	149
58	0	11,8	4,14	188	149
19	115	6,10	40,195	195	149
20	21	4,10	0,2	195	149
44	1	15,31	0,0	298	149
34	0	44,16	0,2	231	149
38	0	48,17	1,2	231	149
8	0	2,2	1,2	298	149
134	4	125,64	2,1	298	149
101	0	128,157	0,1	298	149
2	36	0,0	36,50	173	149
83	12	10,23	10,1	190	149
5	66	0,0	11,20	166	149
13	58	0,1	33,24	232	149
86	5	48,33	2,0	298	149
35	5	15,9	2,0	261	149
24	5	25,34	2,0	298	149
0	6	2,0	6,11	242	149
8	2	15,16	3,2	298	149
11	1	7,15	9,3	298	149
10	1	6,11	0,1	298	149
2	1	3,2	0,2	271	149
2	1	6,2	9,3	271	149
2	1	3,2	0,1	271	149
0	5	11,4	1,4	271	149
0	4	8,4	0,0	271	149
0	1	7,27	5,4	298	149
4	0	6,16	2,0	235	149
3	0	13,32	2,0	235	149
65	0	95,123	2,0	261	149
0	1	0,2	1,2	298	149
2	0	7,13	2,0	245	149
2	0	0,2	4,10	241	149
2	0	8,5	0,4	298	149
1	2	4,0	0,0	252	149
0	2	2,0	5,2	253	149
3	1	2,0	0,0	298	149
10	1	9,1	0,0	298	149
74	0	54,23	2,0	298	149
48	0	42,10	1,2	276	149
14	2	10,45	0,0	298	149
2	2	0,0	0,2	215	149
2	0	2,4	7,10	268	149
4	10	0,0	14,6	263	149
2	10	2,0	14,6	298	149
4	4	0,0	6,2	239	149
244	0	222,471	1,0	298	149
185	1	158,207	0,0	261	149
8	2	5,0	4,4	268	149
23	113	21,8	85,150	268	149
4	113	4,4	85,150	185	149
5	19	2,0	16,8	185	149
28	3	22,12	2,0	265	149
0	1	0,1	1,2	186	149
2	1	0,6	1,2	248	149
11	85	0,0	15,10	291	149
0	4	0,2	0,0	282	149
436	1	141,201	0,0	219	149
13	2	15,27	0,0	266	149
2	5	0,0	12,6	298	149
24	0	95,67	0,2	298	149
10	0	39,24	0,2	298	149
45	12	99,97	20,18	203	149
13	12	36,15	20,18	215	149
30	38	70,49	86,84	215	149
89	0	167,90	2,0	298	149
79	6	0,4	0,0	265	149
3	0	5,3	0,1	298	149
0	19	1,0	14,4	234	149
19	0	5,6	2,0	298	149
0	11	2,4	0,9	298	149
20	0	2,15	2,0	298	149
34	0	19,24	1,0	298	149
2	4	0,1	0,0	205	149
10	0	18,16	2,0	229	149
2	2	0,2	0,0	282	149
0	7	2,8	0,0	298	149
34	2	9,10	0,0	199	149
9	0	0,2	2,0	199	149
3	2	3,4	0,2	298	149
3	0	1,4	2,0	298	149
2	0	0,0	0,1	277	149
1	0	0,0	2,0	207	149
199	0	37,96	0,2	249	149
82	0	20,43	0,2	236	149
2	0	0,0	0,2	214	149
0	5	0,2	7,0	214	149
2	9	0,0	3,0	228	149
0	3	4,2	4,6	298	149
58	9	24,44	3,0	298	149
59	5	28,50	7,0	298	149
56	0	24,44	0,2	298	149
56	2	24,44	0,0	298	149
369	0	285,238	1,0	250	149
0	2	3,0	0,0	298	149
0	4	3,2	25,17	264	149
19	166	12,4	167,95	266	149
10	166	8,0	167,95	263	149
442	1	603,421	1,0	230	149
128	0	136,92	0,3	230	149
845	3	828,594	0,0	298	149
82	0	62,78	0,2	219	149
18	0	17,21	2,0	298	149
3	6	9,18	2,0	239	149
9	0	6,7	0,2	298	149
1	33	0,0	13,12	298	149
69	2	61,106	0,2	264	149
121	2	102,96	0,2	267	149
73	0	80,54	0,2	298	149
2	16	2,0	9,15	242	149
61	0	41,34	2,0	225	149
20	0	71,39	2,0	298	149
41	2	128,78	1,0	298	149
10	4	25,14	29,18	297	149
6	6	29,22	15,7	270	149
4	0	7,13	1,0	212	149
3	636	4,0	420,258	241	149
19	616	6,4	342,202	298	149
22	616	8,4	342,202	298	149
802	0	489,343	0,2	232	149
813	4	610,523	6,4	218	149
2	547	0,10	452,446	272	149
382	1	293,318	0,0	251	149
1237	6	1044,838	0,0	260	149
1117	0	870,606	2,0	249	149
468	0	322,250	2,2	232	149
745	9	575,335	2,2	231	149
426	4	285,175	2,4	296	149
5	14	2,0	13,7	282	149
59	5	93,78	1,10	254	149
97	1	80,45	5,4	290	149
45	2	52,23	0,0	290	149
45	0	51,23	1,2	290	149
15	2	30,14	0,0	234	149
66	0	53,30	2,0	234	149
10	4	17,7	4,2	210	149
23	0	46,24	1,0	240	149
15	5	17,15	5,3	216	149
37	0	48,32	0,1	216	149
3	3	0,4	4,6	230	149
0	9	0,1	22,23	247	149
0	9	2,0	22,23	197	149
9	0	8,26	0,4	215	149
0	2	0,2	0,2	289	149
4	0	7,2	5,0	231	149
2	0	7,2	1,0	231	149
0	2	2,4	0,11	293	149
90	1	87,27	0,0	298	149
73	1	99,41	0,0	291	149
35	0	25,20	0,1	263	149
0	4	2,2	23,13	182	149
4	2	31,24	3,0	218	149
22	2	16,21	0,0	248	149
59	1	64,89	0,0	298	149
53	0	96,78	1,1	212	149
35	0	65,56	0,1	298	149
0	6	0,2	11,4	252	149
5	0	13,21	0,2	201	149
9	0	16,18	2,0	204	149
23	0	35,20	1,2	218	149
2	35	3,4	60,48	217	149
67	1	110,96	4,0	217	149
166	0	220,155	2,0	294	149
131	9	203,164	0,2	256	149
2	47	0,0	61,42	267	149
121	0	72,73	1,0	298	149
50	2	37,52	0,4	298	149
50	2	48,110	0,4	222	149
121	0	81,134	0,3	222	149
76	3	106,135	5,8	260	149
184	2	184,183	6,8	196	149
0	138	4,0	155,125	216	149
1	37	2,0	62,36	240	149
0	2	0,2	0,0	298	149
11	1	27,24	2,0	217	149
17	2	39,25	0,2	198	149
0	14	1,3	28,19	177	149
6	4	19,11	4,0	179	149
4	0	6,4	3,0	176	149
1	0	8,3	0,1	182	149
0	2	2,1	6,0	266	149
6	0	12,0	2,0	278	149
0	1	2,0	8,7	255	149
1	0	2,2	2,4	298	149
2	0	4,6	2,0	298	149
14	0	31,22	2,0	268	149
25	0	13,8	0,1	221	149
153	0	210,161	4,0	227	149
78	0	146,98	2,0	274	149
19	0	15,11	1,0	298	149
14	1	29,10	0,0	225	149
1	143	0,0	55,42	176	149
29	108	15,24	47,27	278	149
31	108	25,21	47,27	281	149
103	0	47,27	2,0	291	149
255	1	108,64	0,0	278	149
266	0	134,74	0,2	250	149
303	2	134,104	0,0	294	149
91	0	69,40	0,2	219	149
291	2	134,85	0,0	298	149
126	1	62,27	0,0	298	149
275	1	109,74	0,0	238	149
402	2	220,168	0,0	298	149
438	0	128,150	2,1	257	149
238	0	109,82	0,2	258	149
369	1	124,116	6,1	230	149
78	0	16,11	0,2	236	149
2	6	0,0	3,0	298	149
1	24	0,0	1,2	254	149
2	0	2,0	0,2	245	149
128	0	122,137	0,2	235	149
8	1	29,11	2,4	298	149
8	0	10,16	2,0	259	149
488	2	94,101	2,0	195	149
258	1	61,63	0,0	195	149
115	1	40,32	0,0	199	149
438	96	104,85	30,11	199	149
214	0	61,33	2,0	298	149
5	0	7,8	0,1	279	149
0	186	0,7	124,49	298	149
0	18	3,0	18,30	298	149
97	4	184,186	1,0	291	149
220	3	398,270	1,1	298	149
81	0	151,74	2,0	298	149
163	0	311,173	2,0	262	149
143	5	204,142	4,1	253	149
121	1	198,140	0,0	209	149
230	0	260,166	0,2	283	149
81	0	98,54	0,2	237	149
185	0	315,144	1,0	286	149
239	0	299,224	0,1	298	149
2	4	0,0	2,6	231	149
107	0	62,57	1,0	298	149
106	0	71,59	3,2	298	149
104	2	86,36	0,0	269	149
21	1	18,3	0,0	251	149
26	1	14,11	0,0	298	149
0	260	0,1	471,468	213	149
0	61	0,2	152,65	254	149
0	61	2,0	152,65	298	149
0	9	4,2	31,30	298	149
0	61	4,0	152,65	298	149
0	9	0,2	31,30	297	149
5	0	15,25	0,4	230	149
13	61	40,29	152,65	230	149
4	0	10,1	0,2	230	149
16	0	64,44	2,6	207	149
34	0	39,24	0,2	252	149
21	0	13,13	2,0	252	149
13	0	29,12	2,0	292	149
26	0	57,21	1,0	292	149
209	2	227,158	0,0	258	149
208	2	207,143	6,4	242	149
73	0	85,38	1,1	268	149
0	87	0,2	99,44	274	149
3	3	6,2	4,2	298	149
3132	2	15,52	0,0	276	149
3485	6	14,30	0,0	287	149
2699	1	15,44	0,0	298	149
4	1	26,7	0,0	263	149
0	1	0,2	10,3	246	149
1	0	22,3	4,0	298	149
5	0	2,9	1,0	247	149
1	1	2,0	0,2	298	149
40	0	32,25	2,0	186	149
73	0	71,31	2,0	268	149
7	41	17,16	92,30	298	149
101	1	145,68	0,0	298	149
96	2	111,82	0,0	289	149
48	0	99,46	1,0	215	149
27	4	62,23	0,4	211	149
44	4	105,31	0,4	218	149
2	2	0,6	0,0	193	149
2	15	0,0	28,6	178	149
114	0	75,63	2,0	298	149
116	2	115,47	0,0	293	149
14	2	33,19	0,0	213	149
66	0	47,20	0,2	281	149
87	0	67,57	0,2	244	149
117	2	99,63	0,0	281	149
82	0	73,19	4,0	298	149
26	0	38,10	4,0	298	149
276	8	228,151	23,11	298	149
399	0	420,269	0,2	271	149
293	0	263,204	0,1	264	149
0	246	2,2	255,149	245	149
116	0	74,62	2,0	218	149
4	14	1,0	44,10	204	149
26	2	70,21	0,0	254	149
10	0	14,6	2,0	254	149
29	0	51,14	2,0	298	149
67	1	31,16	0,0	298	149
166	1	73,21	0,0	218	149
167	12	111,89	12,2	258	149
82	4	82,78	1,0	229	149
108	3	56,49	0,0	298	149
80	0	36,47	2,2	298	149
9	27	0,2	53,16	206	149
2	0	0,2	2,0	206	149
25	0	50,12	2,0	202	149
27	0	51,14	2,0	204	149
4	0	20,19	2,0	298	149
2	2	0,2	11,7	184	149
8	0	14,2	4,0	231	149
0	2	2,0	36,44	201	149
38	0	34,33	1,0	202	149
14	0	14,11	1,0	241	149
20	2	10,18	0,0	227	149
66	2	106,50	3,0	298	149
68	0	87,54	2,0	298	149
37	0	42,32	0,1	226	149
21	1	17,32	0,0	260	149
67	0	69,70	3,2	298	149
587	3	532,403	4,2	298	149
359	2	264,180	0,0	227	149
314	2	238,173	0,0	252	149
89	133	45,58	95,77	203	149
207	0	142,107	1,0	206	149
56	0	45,41	0,1	206	149
147	0	111,57	0,1	224	149
345	2	230,149	0,4	224	149
420	1	341,248	4,0	231	149
523	2	358,213	0,0	298	149
159	0	53,52	4,0	229	149
1	9	8,4	10,0	208	149
22	9	20,10	10,0	298	149
24	1	20,12	11,6	298	149
12	0	11,14	2,0	298	149
173	3	124,76	1,14	294	149
123	0	105,72	1,0	235	149
158	0	129,96	2,0	298	149
152	1	118,120	0,0	294	149
109	2	81,79	0,4	298	149
36	21	24,22	20,21	236	149
0	40	0,2	29,15	262	149
1	10	0,0	9,4	298	149
4	10	2,2	9,4	173	149
4	922	4,0	127,41	298	149
1732	10	217,127	2,2	298	149
16	0	24,29	4,0	297	149
7	9	8,10	17,3	298	149
20	1	35,19	2,4	298	149
45	2	51,21	6,0	298	149
26	0	42,8	4,0	298	149
11	0	20,5	4,0	232	149
31	2	27,16	4,0	232	149
8	0	18,2	2,0	220	149
4	21	4,8	30,11	237	149
2	0	2,0	0,2	237	149
40	0	40,22	0,2	211	149
13	0	9,7	2,0	211	149
26	2	12,19	0,0	211	149
27	2	35,16	0,0	208	149
4	8	0,0	5,4	212	149
4	15	15,22	18,19	271	149
1	15	10,10	18,19	247	149
5	15	4,0	18,19	279	149
2	60	4,0	53,20	279	149
7	90	7,13	71,49	294	149
0	90	2,3	71,49	264	149
82	2	101,121	5,4	248	149
86	0	47,55	3,2	298	149
123	0	86,100	0,2	298	149
0	39	1,4	44,49	231	149
0	39	2,10	44,49	294	149
6	3	7,7	0,0	298	149
25	1	2,4	2,2	298	149
6	0	42,33	2,0	252	149
513	0	285,250	2,0	221	149
296	2	167,227	0,0	298	149
14	0	16,10	2,0	296	149
1	16	0,0	9,10	298	149
10	5142	0,0	33,53	298	149
2	6592	0,0	72,66	245	149
4	0	0,2	2,0	199	149
529	7	2,6	0,0	298	149
1216	7	12,27	0,0	298	149
20	0	62,41	3,0	298	149
23	0	53,28	2,0	298	149
18	0	102,38	6,0	298	149
33	0	141,55	6,0	298	149
35	0	112,60	1,0	298	149
220	4	312,221	6,2	230	149
174	61	155,148	92,45	298	149
3	86	1,4	114,112	298	149
1586	2	1973,1963	0,0	298	149
1492	4	1649,1571	4,0	278	149
3	0	4,0	0,3	298	149
2	3	0,5	2,0	212	149
3	0	2,0	0,2	275	149
9	0	50,29	2,2	298	149
0	9	5,1	31,7	294	149
1	9	7,5	31,7	298	149
22	3	13,28	8,4	230	149
26	4	22,28	2,2	195	149
28	4	36,10	5,3	291	149
27	2	25,24	0,0	254	149
2	0	0,2	4,3	298	149
14	2	12,20	0,0	295	149
41	0	49,46	2,0	237	149
57	2	40,49	0,1	247	149
72	3	59,71	0,0	298	149
63	0	98,59	0,2	249	149
83	0	87,25	2,2	249	149
35	0	42,7	0,2	249	149
46	0	35,17	0,2	298	149
94	1	123,76	0,0	260	149
84	2	80,50	2,0	298	149
0	28	2,0	13,9	269	149
9	2	13,10	0,0	297	149
15	0	40,48	2,0	298	149
3	10	12,9	59,23	267	149
20	3	30,7	0,0	242	149
16	29	13,7	27,4	238	149
72	1	69,31	6,0	282	149
65	2	122,95	0,0	296	149
48	2	74,141	0,0	298	149
36	0	75,64	0,2	298	149
36	2	77,64	5,12	298	149
35	0	23,14	2,0	298	149
2	0	13,28	2,0	211	149
4	66	0,0	30,36	213	149
68	0	48,57	2,0	258	149
83	3	61,46	0,0	258	149
0	3	4,5	0,0	298	149
53	7	75,93	3,5	298	149
27	41	28,41	39,24	298	149
236	14	204,231	17,22	195	149
50	2	52,51	0,0	214	149
116	0	118,157	2,0	214	149
147	0	209,202	1,2	211	149
106	0	127,95	0,4	210	149
22	0	48,68	0,2	261	149
61	2	51,51	0,0	245	149
13	1	26,20	2,2	266	149
11	0	35,20	0,4	258	149
0	66	2,2	70,92	261	149
22	0	30,55	0,1	277	149
7	0	17,12	0,2	290	149
32	0	40,55	3,0	234	149
24	0	37,34	3,0	292	149
13	1	16,25	0,0	292	149
5	1	9,14	0,0	209	149
16	0	27,27	0,4	209	149
48	0	61,32	2,0	298	149
53	2	36,42	0,0	217	149
0	10	0,4	4,6	298	149
10	2	6,2	0,0	265	149
0	1	0,3	2,0	298	149
0	2	4,0	0,0	298	149
2	0	0,0	2,0	298	149
5	2	4,6	2,0	298	149
10	2	4,8	2,0	290	149
0	259	2,0	313,382	189	149
4	259	0,2	313,382	196	149
61	3	63,50	2,2	298	149
87	1	62,31	2,1	298	149
69	0	85,74	2,0	262	149
39	0	54,34	1,0	208	149
35	0	34,26	0,3	247	149
63	2	62,36	0,0	218	149
12	2	7,0	2,0	194	149
327	0	198,194	1,1	298	149
3	0	1,0	2,0	298	149
4	0	3,0	2,0	249	149
5	2	6,0	0,0	230	149
2	8	0,0	6,0	229	149
11	0	18,22	0,2	298	149
5	2	4,10	2,0	294	149
6	0	5,11	0,1	245	149
34	0	12,7	0,4	226	149
89	2	82,82	0,0	254	149
199	2	325,195	0,0	290	149
210	0	301,181	3,0	266	149
1	0	0,0	3,0	277	149
0	2	3,0	6,2	271	149
45	1	84,38	2,0	246	149
137	1	115,51	0,0	298	149
6	6	0,0	5,0	298	149
10	2	35,8	0,0	211	149
53	12	59,40	15,8	279	149
53	12	59,31	2,1	298	149
228	0	184,181	0,1	298	149
139	0	68,42	2,0	217	149
239	0	115,53	2,0	220	149
145	2	66,44	0,0	246	149
234	2	112,56	0,0	246	149
261	1	95,67	0,0	214	149
280	2	108,87	4,0	276	149
238	1	139,72	1,0	278	149
159	2	108,53	0,3	284	149
314	1	115,114	0,0	290	149
217	1	61,77	0,0	284	149
235	1	88,85	2,4	250	149
273	1	110,76	0,0	298	149
270	1	120,90	0,0	274	149
335	0	155,108	2,0	298	149
73	1	58,69	0,0	252	149
3	56	4,0	39,24	283	149
0	2	2,0	4,14	298	149
49	2	43,48	4,14	298	149
4	0	23,14	2,0	298	149
11	0	14,19	1,0	298	149
48	0	37,39	1,0	281	149
100	2	112,75	0,0	200	149
2	76	0,0	76,63	255	149
70	0	123,62	2,0	298	149
70	0	123,62	2,0	298	149
70	0	133,64	2,0	298	149
4	0	16,8	10,2	266	149
0	1	3,2	19,7	269	149
0	5	2,0	15,12	229	149
1	5	0,0	15,12	171	149
0	8	2,1	16,10	298	149
6	2	7,1	0,0	298	149
0	2	1,1	2,1	264	149
237	2	171,80	2,0	298	149
4	56	0,0	48,44	262	149
65	10	13,33	2,4	220	149
8	35	14,7	18,23	220	149
25	10	25,17	2,4	295	149
33	10	27,18	2,4	298	149
45	10	25,15	2,4	298	149
33	35	28,15	18,23	298	149
72	4	63,32	0,2	298	149
68	8	9,23	3,0	262	149
72	35	9,24	18,23	214	149
122	3	12,48	6,2	214	149
81	8	7,20	3,0	214	149
82	4	56,40	0,2	269	149
31	0	18,18	5,0	269	149
3	0	0,2	0,2	213	149
4	0	0,2	5,0	213	149
7	0	4,0	1,0	277	149
9	1	4,0	0,2	277	149
0	1	3,0	0,2	246	149
0	3	1,0	5,2	246	149
0	2	2,0	0,0	246	149
1	3	0,2	5,2	185	149
2	0	4,2	2,0	263	149
2	2	0,2	0,0	280	149
1	35	0,4	32,44	273	149
0	35	0,2	32,44	298	149
98	0	139,113	2,0	298	149
157	0	139,179	2,0	298	149
2	0	0,0	0,6	276	149
57	0	68,70	2,2	298	149
76	0	91,96	4,2	298	149
53	3	30,45	7,5	243	149
76	2	84,99	0,2	285	149
55	0	67,73	0,2	285	149
0	9	0,5	19,33	297	149
0	25	0,2	24,35	281	149
10	1	10,4	0,0	262	149
23	5	21,7	3,0	285	149
39	13	16,22	11,3	271	149
27	0	29,32	0,2	206	149
0	1	2,0	0,4	220	149
2	19	1,0	6,2	298	149
13	1	4,2	1,0	279	149
26	0	109,60	1,0	298	149
2	0	7,8	2,0	298	149
2	0	1,0	1,0	238	149
41	1	21,12	0,0	291	149
56	1	26,19	0,0	276	149
70	2	31,24	0,0	245	149
0	15	0,6	22,22	298	149
68	0	90,128	0,2	251	149
387	10	361,371	2,7	262	149
2	114	2,0	29,29	238	149
146	2	41,38	0,0	197	149
245	9	92,44	2,0	266	149
155	0	55,91	2,0	246	149
2	2	0,0	8,3	225	149
11	1	22,12	2,1	219	149
12	2	20,23	2,2	190	149
5	0	5,0	2,0	261	149
5	333	2,4	183,104	298	149
449	1	278,130	0,0	273	149
0	154	0,2	121,35	298	149
43	5	62,34	0,0	213	149
1	0	1,3	1,6	298	149
2	22	2,0	50,24	270	149
0	22	1,0	50,24	237	149
62	0	74,45	5,0	240	149
0	30	4,1	43,15	240	149
105	2	164,41	4,1	298	149
30	1	48,15	1,0	298	149
29	1	42,18	1,0	203	149
31	0	47,9	0,2	203	149
98	0	154,41	5,0	203	149
0	67	2,0	110,33	298	149
1	67	0,2	110,33	298	149
1	3	0,0	2,4	298	149
0	67	3,0	110,33	243	149
98	3	137,37	2,4	198	149
24	1	55,10	0,0	198	149
31	1	54,31	0,0	215	149
0	1	0,2	0,0	215	149
111	0	129,53	1,1	220	149
3	60	0,0	73,33	218	149
131	1	204,133	0,0	298	149
43	4	25,40	0,0	298	149
19	0	17,6	3,0	176	149
0	23	14,0	11,16	176	149
4	23	9,6	11,16	194	149
23	0	21,12	13,0	194	149
138	6	114,47	2,1	298	149
0	12	2,0	45,60	266	149
1	38	2,0	52,39	182	149
2	2	2,2	3,4	227	149
31	0	105,48	1,0	298	149
93	1	99,67	0,0	279	149
6	0	20,20	0,2	298	149
0	2	2,0	11,6	234	149
0	2	2,0	0,0	162	149
2	7	6,1	13,2	201	149
16	2	19,4	0,0	298	149
2	9	4,4	6,2	242	149
0	26	4,0	94,90	272	149
20	0	38,63	0,2	298	149
38	3	34,15	0,0	298	149
33	0	32,18	5,1	298	149
2	7	0,0	4,0	234	149
2	7	0,0	4,0	258	149
2	2	0,0	2,3	258	149
2	7	0,0	4,0	279	149
3	0	0,0	5,1	217	149
6	2	4,0	2,3	217	149
7	2	4,0	2,3	270	149
3	0	0,0	5,1	273	149
7	2	4,0	2,3	273	149
51	2	54,55	0,0	294	149
2	0	0,0	2,0	185	149
24	0	32,23	6,0	207	149
60	2	26,20	0,0	222	149
347	0	186,107	1,2	298	149
6	0	11,4	0,2	240	149
1	0	0,0	0,2	237	149
2	38	0,0	65,24	214	149
108	0	56,20	2,0	298	149
231	0	159,56	2,0	298	149
0	184	2,0	96,30	298	149
2	115	0,0	67,50	275	149
160	2	145,82	2,9	280	149
7	30	9,3	14,11	292	149
576	20	3,4	0,0	298	149
273	4	0,4	0,0	298	149
326	4	3,0	0,0	298	149
4565	1	1416,1393	0,0	297	149
67321	2	36195,64211	0,0	298	149
119979	2	57916,96819	0,0	298	149
52668	1	21721,32612	0,0	298	149
113	1	24,13	0,0	298	149
67405	4	36219,64223	0,2	298	149
4	111	0,4	24,13	246	149
1	3	0,4	0,0	246	149
108	0	16,12	2,0	250	149
109	1	37,20	20,8	250	149
107	0	16,16	2,0	253	149
114	1	42,18	20,8	253	149
10	1	94,22	20,8	298	149
10	7	94,26	28,6	298	149
10	2	92,22	23,8	298	149
10	7	94,24	28,6	298	149
57	0	67,29	0,2	232	149
59	1	56,25	0,0	276	149
46	1	36,15	0,0	298	149
23	1	17,12	0,0	272	149
3	23	3,10	21,10	287	149
2	23	3,7	21,10	297	149
1	9	2,1	0,0	297	149
4	9	2,3	9,2	197	149
8	9	2,6	9,2	283	149
1382	1	323,271	0,0	298	149
38	4	53,33	20,6	276	149
23	2	53,29	1,0	260	149
62	1	49,31	2,2	245	149
9	0	18,6	2,0	272	149
0	4	0,2	12,12	250	149
8	0	573,153	17,2	298	149
11	0	537,115	6,0	266	149
8	0	229,83	1,0	298	149
31	91	47,17	48,24	298	149
5	0	30,47	0,2	219	149
0	4	0,2	3,0	298	149
18	0	19,14	1,0	271	149
3	68	7,0	43,21	246	149
0	14	2,2	9,2	266	149
200	0	154,59	0,2	246	149
116	0	116,54	2,0	298	149
163	0	184,71	2,0	264	149
177	0	166,82	1,0	190	149
3	103	0,3	80,44	297	149
0	103	0,1	80,44	205	149
0	3	0,2	0,2	205	149
2	0	0,6	0,2	242	149
204	3	289,171	3,0	298	149
149	2	170,118	0,0	298	149
154	0	192,133	2,0	298	149
15	2	16,5	0,0	297	149
38	2	49,36	0,0	224	149
26	0	28,21	2,0	224	149
94	13	150,91	4,5	224	149
79	18	128,63	26,20	224	149
4	0	0,0	2,0	298	149
15	18	4,5	26,20	298	149
110	0	117,101	2,0	298	149
49	32	68,56	45,24	298	149
3	32	2,4	45,24	298	149
66	2	49,49	0,0	298	149
25	32	30,46	45,24	298	149
88	2	77,91	0,0	298	149
215	0	252,170	2,0	256	149
11	0	17,38	0,4	247	149
785	2	449,890	0,0	221	149
651	0	545,244	0,2	298	149
356	5	307,155	3,2	218	149
2	0	2,2	1,4	267	149
2	3	0,0	6,3	265	149
95	5	72,111	0,0	246	149
2	92	0,0	61,42	260	149
184	0	116,108	0,2	257	149
541	2	436,267	8,0	257	149
40	0	25,16	0,2	298	149
68	0	92,73	4,0	243	149
2	1	1,3	6,0	298	149
2	1	1,3	6,0	298	149
0	10	2,0	5,2	298	149
248	13	26,16	0,2	275	149
104	2	7,13	0,0	202	149
2	10	2,0	13,0	227	149
2	2	2,0	0,0	227	149
0	19	4,6	43,32	264	149
31	2	71,53	0,0	235	149
4	65	0,0	63,32	244	149
81	2	41,23	0,0	240	149
46	2	76,39	1,0	290	149
28	0	30,24	1,0	290	149
30	0	38,23	0,1	253	149
52	4	63,51	0,1	260	149
1	483	6,0	484,226	247	149
2	21	0,0	17,24	290	149
0	61	5,4	100,70	298	149
13	0	21,9	11,5	221	149
10	0	19,9	2,0	221	149
1	0	25,2	2,0	222	149
15	0	13,8	2,0	254	149
27	1	40,26	19,2	254	149
6	0	18,10	1,0	254	149
121	2	304,185	0,0	224	149
19	2	11,6	0,0	298	149
19	2	9,7	0,0	298	149
0	18	2,0	36,25	298	149
15	1	25,21	0,0	298	149
8	1	21,13	0,0	298	149
2	10	0,0	20,8	241	149
12	2	10,13	0,0	289	149
21	0	20,15	0,2	277	149
25	1	40,17	0,0	233	149
2381	8	865,478	10,0	298	149
1889	1	689,396	0,0	271	149
2063	0	658,476	4,0	298	149
1327	0	430,298	4,0	298	149
2	0	4,2	4,0	298	149
9	0	36,9	1,1	293	149
6	2	8,2	3,2	220	149
0	3	2,0	0,2	267	149
6	0	7,2	2,0	294	149
2	4	0,0	4,0	257	149
4	2	16,5	1,0	298	149
62	2	19,14	0,0	206	149
291	2	106,61	0,0	290	149
234	2	166,55	2,0	238	149
385	2	288,104	1,0	293	149
5	4	0,3	13,6	266	149
47	0	62,37	3,0	208	149
45	2	32,52	0,0	257	149
52	0	29,29	2,0	298	149
55	0	75,23	2,2	298	149
38	3	58,17	2,2	298	149
50	1	34,14	0,0	189	149
0	1	0,1	2,0	298	149
2	1	2,0	2,2	195	149
17	0	30,31	2,0	259	149
10	2	39,13	0,0	205	149
0	8	0,4	18,7	296	149
24	1	69,53	0,0	290	149
0	11	2,14	16,4	293	149
60	0	54,69	0,2	298	149
96	2	104,104	0,0	290	149
32	0	28,11	2,0	224	149
29	49	22,21	53,37	182	149
41	16	76,39	18,0	234	149
22	0	39,21	1,0	234	149
16	0	24,3	1,0	281	149
21	2	45,23	0,2	281	149
64	0	85,51	2,0	298	149
0	6	4,0	6,1	296	149
41	0	32,16	2,0	216	149
90	0	92,34	1,0	232	149
36	1	42,23	0,0	198	149
0	26	1,0	10,5	191	149
18	0	6,7	4,1	274	149
17	1	8,7	2,6	216	149
20	4	14,4	6,2	216	149
1	4	0,0	2,0	185	149
8	29	3,3	45,19	191	149
23	40	11,2	44,23	202	149
18	2	22,12	0,0	296	149
2	4	4,0	3,8	212	149
67	0	69,47	1,0	258	149
29	0	40,21	1,0	279	149
68	1	89,29	0,0	298	149
50	1	38,21	5,0	286	149
214	12	172,88	11,8	221	149
9	102	8,2	76,46	290	149
181	2	134,78	6,5	298	149
108	1	84,46	0,0	298	149
25	1	33,32	0,0	218	149
102	6	85,59	8,0	218	149
227	1	196,72	0,0	237	149
8	0	2,0	2,0	233	149
12	0	21,13	2,0	298	149
9	0	9,6	2,0	298	149
55	2	61,53	0,0	277	149
0	5	0,1	3,10	222	149
0	1	0,1	2,0	222	149
77	0	90,54	2,0	298	149
173	0	240,156	2,0	298	149
224	1	390,187	0,3	298	149
41	0	46,46	2,0	268	149
222	2	158,147	3,0	211	149
12	14	22,4	7,8	298	149
3	21	6,2	16,15	271	149
4	0	3,6	0,5	259	149
2	2	5,6	15,32	287	149
2	0	18,22	3,0	185	149
3	0	32,26	2,0	272	149
0	2	5,0	0,0	272	149
2	0	0,0	1,0	227	149
150	0	148,97	2,0	216	149
0	43	1,0	56,16	298	149
9	115	3,0	14,14	251	149
20	115	0,2	29,20	188	149
181	2	24,13	0,0	216	149
2	39	0,0	10,5	206	149
81	1	17,7	0,0	192	149
0	4	2,0	32,4	295	149
0	6	2,0	11,15	251	149
26	0	31,13	0,2	298	149
2	18	0,0	21,10	250	149
3	18	0,0	21,10	234	149
0	3	0,2	0,0	230	149
4	2	4,0	8,6	176	149
2	15	0,2	23,74	298	149
142	16	94,37	9,8	223	149
211	16	155,79	9,8	220	149
69	2	39,34	1,0	220	149
4	0	0,4	2,0	219	149
2	8	4,0	24,6	285	149
2	2	15,15	4,0	298	149
5	0	2,0	9,2	232	149
1	0	4,2	2,0	298	149
3	339	2,1	90,99	280	149
2	339	0,0	90,99	298	149
838	0	230,200	2,0	209	149
678	2	203,234	0,0	286	149
390	2	92,131	0,0	261	149
1237	0	358,311	4,0	252	149
880	0	259,233	1,0	226	149
276	2	92,117	0,0	298	149
4	103	0,0	15,15	298	149
2	103	0,0	15,15	298	149
89	2	50,13	0,2	239	149
7	11	4,0	1,0	258	149
77	0	71,29	0,1	258	149
63	3	91,52	0,2	298	149
2	91	6,0	22,31	287	149
1	60	0,0	11,15	243	149
69	1	93,51	0,0	233	149
2	9	0,0	6,6	208	149
76	1	69,37	0,0	298	149
13	5	2,8	3,0	251	149
4	5	0,2	3,0	236	149
4	3	2,2	0,4	236	149
8	4	1,0	2,2	202	149
5	7	0,7	17,2	298	149
66	0	78,38	2,0	298	149
1	28	3,0	34,7	276	149
5	10	0,2	7,2	276	149
58	0	72,16	4,0	273	149
85	0	103,22	4,0	241	149
60	0	65,16	4,0	223	149
8	14	7,3	12,5	237	149
11	44	7,0	34,10	237	149
81	0	95,31	2,0	298	149
96	0	120,35	0,4	239	149
120	0	79,35	2,0	245	149
91	1	35,23	0,0	214	149
49	3	20,11	0,0	237	149
16	1	24,10	0,0	260	149
59	0	44,25	0,2	229	149
25	1	47,25	2,0	247	149
19	3	30,16	0,0	291	149
8	2	7,4	2,0	194	149
56	2	54,22	2,0	298	149
5	20	6,10	0,5	298	149
4	17	14,9	30,14	298	149
4	53	5,12	35,17	222	149
2	53	4,6	35,17	298	149
0	53	9,5	35,17	298	149
560	0	319,177	2,0	273	149
244	0	162,93	2,0	268	149
434	0	357,217	2,1	222	149
145	0	145,79	2,1	211	149
119	0	133,72	2,1	201	149
451	1	402,232	0,0	215	149
519	0	444,212	0,1	196	149
51	0	33,16	2,0	222	149
1	0	3,4	2,0	229	149
75	1	71,53	0,2	185	149
135	0	79,47	1,0	223	149
173	0	73,50	2,0	231	149
4	32	1,8	27,15	272	149
70	0	74,30	0,4	298	149
29	0	24,4	1,0	279	149
24	0	19,4	1,0	232	149
77	0	33,24	2,0	205	149
1	48	0,5	50,31	191	149
12	2	10,2	4,12	278	149
35	0	46,19	2,0	230	149
83	0	116,49	2,0	199	149
1	0	6,1	0,1	232	149
12	551	0,2	94,44	170	149
6	551	1,0	94,44	173	149
2	11	1,0	0,2	173	149
1269	0	249,131	1,0	274	149
29	474	2,0	104,61	182	149
1013	2	246,141	0,0	298	149
0	254	2,0	69,40	168	149
160	4	62,34	0,0	210	149
341	1	287,101	2,2	229	149
481	0	358,205	2,0	273	149
2	0	0,0	2,0	197	149
2	0	2,0	2,0	199	149
1	0	0,0	5,2	164	149
47	0	112,42	0,1	205	149
57	0	119,45	2,0	220	149
75	2	125,60	0,0	253	149
94	0	62,65	2,0	266	149
109	2	65,53	0,0	298	149
122	0	88,65	2,0	253	149
105	0	84,65	5,0	248	149
17	5	7,1	0,0	267	149
26	1	13,1	0,0	228	149
19	1	22,7	0,0	233	149
32	1	12,6	0,0	234	149
14	7	1,6	0,0	227	149
64	12	35,18	5,4	293	149
45	0	40,15	1,0	215	149
4	14	9,0	1,13	216	149
21	7	11,15	6,0	298	149
688	2	121,112	0,0	298	149
9	0	19,10	2,0	227	149
13	0	36,22	2,0	298	149
18	0	36,22	1,0	298	149
2	6	0,0	2,0	254	149
73	2	70,30	0,0	298	149
36	1	54,43	0,0	298	149
5	20	4,6	26,14	213	149
62	1	62,35	0,0	298	149
63	0	44,38	2,0	255	149
42	2	25,20	0,0	298	149
42	1	67,19	0,0	298	149
36	0	55,16	0,1	236	149
428	4	93,44	2,1	283	149
6	248	0,2	44,28	274	149
517	1	135,78	1,0	281	149
410	3	137,62	2,1	171	149
565	9	221,127	12,3	227	149
246	9	84,44	12,3	242	149
28	343	1,0	138,84	176	149
7	15	1,0	0,1	176	149
765	4	292,178	0,0	221	149
253	0	134,85	2,4	232	149
398	6	137,175	14,9	278	149
381	2	397,206	0,4	236	149
358	0	425,227	1,0	298	149
346	0	285,159	3,0	236	149
10	0	2,0	0,2	290	149
12	0	4,0	0,2	268	149
15	2	9,0	0,0	239	149
8	2	10,1	0,0	298	149
10	2	9,7	0,0	298	149
8	0	3,0	2,0	298	149
4	58	4,0	19,7	298	149
90	3	55,29	4,0	247	149
47	9	75,29	2,0	215	149
34	2	65,11	0,0	269	149
0	2	2,0	6,0	262	149
19	3	9,2	0,0	229	149
13	1	5,2	0,0	180	149
85	1	116,31	0,0	298	149
122	1	157,85	0,0	298	149
75	2	87,48	0,0	208	149
108	2	110,62	0,0	275	149
2	43	2,0	50,9	290	149
125	5	202,81	0,0	298	149
9	0	19,3	2,0	204	149
517	6	457,274	2,4	244	149
49	7	69,53	4,0	197	149
40	2	40,24	9,4	298	149
13	0	38,33	2,4	197	149
109	2	92,62	2,4	216	149
8	2	0,2	1,0	267	149
1	0	0,0	0,2	222	149
214	2	107,53	0,0	292	149
234	4	134,83	0,0	298	149
29	2	36,23	5,1	245	149
87	4	41,45	1,0	251	149
7	2	4,2	0,0	298	149
7	54	4,2	11,0	298	149
187	6	111,41	3,4	267	149
0	9	2,0	2,6	293	149
18	0	23,13	0,2	272	149
227	0	182,71	0,2	297	149
126	0	120,39	0,2	294	149
6	56	10,5	39,8	214	149
72	0	64,18	2,0	189	149
16	1	15,10	0,0	240	149
72	5	60,18	0,2	298	149
44	0	57,51	4,0	261	149
113	2	108,50	0,0	298	149
283	5	205,57	0,0	235	149
314	7	235,126	16,0	298	149
253	1	162,94	0,0	204	149
120	2	83,45	0,0	272	149
89	1	56,24	0,0	272	149
0	206	2,0	78,63	258	149
437	1	212,169	0,0	298	149
272	8	144,120	8,4	298	149
295	8	161,126	8,4	298	149
399	1	228,91	0,0	284	149
206	2	220,82	0,0	298	149
77	2	80,52	0,2	280	149
2	3	0,3	0,0	298	149
54	2	30,19	0,0	273	149
79	0	61,30	2,1	220	149
49	0	34,27	0,1	220	149
96	0	85,42	0,2	238	149
85	0	69,47	2,0	240	149
106	0	93,34	2,0	272	149
78	0	76,29	2,0	213	149
243	0	218,92	0,2	239	149
11	150	4,8	123,57	288	149
2	109	4,0	116,37	221	149
150	2	134,65	2,0	229	149
2	162	3,0	81,53	209	149
0	2	0,2	8,9	225	149
2	58	2,0	63,34	260	149
0	2	10,8	12,26	251	149
0	2	0,4	12,26	195	149
10	47	1,0	62,30	284	149
4	47	1,4	62,30	278	149
2	109	2,0	63,48	235	149
34	1	31,17	2,0	283	149
49	1	31,15	2,0	235	149
2	4	2,4	6,6	276	149
64	2	43,24	0,0	182	149
20	2	40,46	0,0	277	149
0	3	8,5	0,0	226	149
66	2	91,87	0,2	237	149
2	11	0,2	24,28	298	149
7	2	13,2	3,0	211	149
31	13	31,81	13,43	269	149
13	35	18,15	82,77	234	149
2	4	0,0	3,1	287	149
71	9	48,39	3,0	284	149
109	9	100,31	1,2	292	149
12	13	0,6	19,8	197	149
2	13	0,0	19,8	216	149
70	2	35,25	0,0	262	149
2	53	0,4	36,17	247	149
2	53	0,4	36,17	271	149
0	53	0,2	36,17	288	149
0	4	0,2	22,10	298	149
2	9	0,0	18,10	223	149
2	0	0,0	0,1	223	149
52	0	69,84	0,1	214	149
5	0	0,1	0,1	221	149
41	2	58,37	0,0	298	149
62	1	98,31	0,0	267	149
6	26	0,0	15,4	298	149
212	0	125,175	2,0	298	149
774	0	453,377	2,0	298	149
0	271	2,0	250,144	212	149
3	271	7,8	250,144	237	149
12	271	5,2	250,144	298	149
256	89	248,144	79,34	175	149
74	89	58,24	79,34	298	149
43	199	17,16	202,126	298	149
5	199	2,2	202,126	195	149
0	2	0,2	2,2	275	149
2	0	8,4	2,2	293	149
6	168	6,0	45,40	186	149
50	32	10,3	8,2	191	149
4	8	3,10	30,24	220	149
2	8	4,6	30,24	232	149
9	2	6,16	4,4	274	149
17	0	40,45	0,1	280	149
55	0	47,39	1,3	263	149
2	41	0,0	8,25	298	149
31	0	14,18	2,0	293	149
38	0	14,18	4,12	263	149
20	0	37,17	2,2	298	149
0	4	2,0	7,0	240	149
40	2	26,11	2,0	297	149
48	0	25,16	4,0	237	149
28	2	19,17	4,0	298	149
54	0	86,27	2,0	271	149
2	25	3,4	45,11	286	149
54	2	68,20	0,4	260	149
15	0	16,13	2,0	298	149
186	0	415,165	3,2	182	149
56	0	121,54	2,0	182	149
2	0	4,0	0,1	245	149
41	0	78,68	0,1	279	149
129	7	60,42	4,6	245	149
390	0	292,248	1,2	235	149
463	3	370,209	0,0	257	149
0	17	2,2	26,16	236	149
0	4	3,5	15,5	260	149
0	4	3,5	15,5	272	149
4	0	7,5	2,2	219	149
84	4	57,63	1,4	253	149
134	0	163,109	4,2	276	149
6	0	6,1	4,2	162	149
15	0	16,10	1,0	207	149
0	2	4,0	5,0	211	149
2	1	4,10	0,0	247	149
10	4	4,8	6,3	247	149
3	0	2,5	2,2	298	149
7	0	8,4	2,2	298	149
2	3	0,0	2,1	275	149
2	45	2,0	40,9	221	149
23	0	24,4	4,0	298	149
68	0	62,13	4,0	193	149
30	3	40,43	4,0	176	149
2	4	0,0	11,2	257	149
25	0	42,13	6,2	298	149
64	1	83,73	0,0	189	149
20	1	24,38	0,0	225	149
183	1	238,112	0,0	255	149
0	114	2,0	182,124	189	149
4	114	5,4	182,124	283	149
190	1	263,175	4,2	260	149
99	2	83,67	0,0	254	149
2	1	3,2	0,0	232	149
5	0	9,11	2,0	298	149
26	1	38,53	0,0	298	149
21	0	25,73	2,0	277	149
2	4	2,2	0,0	246	149
1	102	2,0	76,58	287	149
156	12	104,78	9,10	277	149
8	0	22,7	2,0	298	149
1	1	2,0	3,0	217	149
2	1	3,4	0,0	298	149
35	0	27,17	2,0	298	149
42	0	35,24	0,1	282	149
10	10	17,3	25,4	270	149
12	17	29,6	19,9	298	149
11	2	30,12	4,2	184	149
31	0	47,16	2,0	298	149
18	2	15,20	0,0	279	149
7	5	17,25	9,0	279	149
5	5	17,2	9,0	253	149
14	0	21,4	6,7	253	149
14	3	24,5	22,2	191	149
4	2	3,1	10,2	191	149
12	2	42,7	10,2	198	149
25	2	43,7	0,0	198	149
4	0	12,6	0,2	208	149
0	4	0,2	5,6	298	149
2	9	0,0	11,0	254	149
8	2	15,2	5,0	232	149
5	0	10,2	1,0	232	149
7	0	12,14	1,0	281	149
2	2	9,12	0,0	225	149
34	2	56,25	0,0	277	149
22	2	43,37	0,0	298	149
65	0	113,60	2,0	298	149
91	0	100,68	0,1	298	149
82	3	121,35	1,4	266	149
44	0	41,52	1,0	298	149
8	21	2,0	11,5	272	149
106	14	54,37	11,0	221	149
126	5	94,48	6,0	298	149
65	0	50,39	2,0	298	149
40	2	31,13	0,0	267	149
100	1	57,28	0,0	298	149
150	2	110,71	0,2	228	149
287	1	200,68	4,0	292	149
202	1	196,50	0,0	298	149
161	13	178,49	2,2	220	149
13	3	3,1	2,0	219	149
127	0	164,40	10,2	265	149
20	16	33,33	12,3	230	149
1	74	0,0	140,91	215	149
2	60	0,0	122,100	237	149
104	1	149,140	0,0	288	149
123	0	130,117	2,0	298	149
87	2	226,128	0,2	287	149
3	29	2,0	36,8	298	149
180	0	128,85	1,4	269	149
26	12	31,17	12,6	273	149
447	2	272,200	2,0	290	149
286	1	218,162	0,0	184	149
383	2	343,234	1,2	218	149
4	278	0,0	224,137	238	149
34	148	55,65	89,57	236	149
254	5	139,83	2,0	239	149
114	126	88,48	41,24	233	149
3	206	2,0	142,66	226	149
13	206	4,11	142,66	205	149
3	14	0,0	10,15	283	149
4	0	5,2	2,0	293	149
5	59	2,4	48,28	194	149
0	44	0,2	23,4	298	149
1	1	2,0	0,0	294	149
49	2	102,79	2,0	285	149
35	2	79,43	2,0	291	149
218	2	139,81	0,0	278	149
2326	2	1379,746	0,0	245	149
248	0	213,154	1,0	298	149
451	1	498,288	0,0	263	149
195	1	199,106	0,0	237	149
223	21	163,60	0,0	298	149
47	1	45,26	0,0	243	149
36	1	72,60	3,4	264	149
37	0	48,22	2,0	252	149
81	2	10,10	0,2	298	149
2	2	0,0	4,9	213	149
1	49	0,0	27,26	298	149
146	0	150,101	0,2	253	149
9	64	10,15	82,54	178	149
11	52	3,2	24,0	238	149
2	52	0,0	24,0	252	149
7	26	6,0	15,27	215	149
50	1	32,25	2,0	226	149
36	0	16,20	2,0	226	149
14	32	7,0	52,34	229	149
5	0	9,0	1,0	298	149
120	2	243,172	8,13	284	149
3	3	1,0	3,2	219	149
43	0	38,42	2,0	298	149
5	82	0,0	58,43	211	149
58	0	83,46	1,0	236	149
43	1	63,52	3,0	237	149
68	0	111,74	2,0	298	149
34	2	84,59	0,0	298	149
45	0	75,47	2,0	228	149
0	15	4,1	31,30	224	149
4	15	5,2	31,30	220	149
74	1	62,36	2,0	233	149
27	2	12,46	0,0	208	149
91	0	112,122	2,0	207	149
25	2	86,41	3,0	227	149
7	6	5,0	0,0	298	149
0	2	5,2	12,3	200	149
34	9	28,29	23,8	298	149
30	0	25,29	2,0	298	149
30	9	25,29	23,8	298	149
2	30	5,2	25,29	298	149
113	0	189,75	1,0	298	149
35	2	39,29	0,0	298	149
216	5	294,150	14,0	298	149
70	0	112,22	4,2	298	149
114	0	128,85	2,0	298	149
173	2	263,129	0,0	298	149
2	2	19,11	3,6	298	149
4	2	21,9	3,6	298	149
41	1	83,70	0,2	217	149
4	31	0,0	47,38	263	149
191	0	119,110	6,0	208	149
58	6	88,45	4,0	298	149
28	2	25,27	0,0	281	149
18	0	52,35	2,0	197	149
11	1	21,18	6,2	298	149
46	0	70,43	2,0	272	149
35	4	52,33	0,0	272	149
13	14	37,21	8,7	298	149
46	14	76,55	8,7	269	149
12	7	23,23	17,16	206	149
58	2	55,23	0,0	212	149
65	0	64,31	0,1	244	149
2	0	4,2	2,0	234	149
8	0	10,1	0,4	298	149
101	2	38,26	0,0	298	149
51	4	47,28	0,1	230	149
10	1	14,12	0,0	286	149
213	2	189,115	1,0	274	149
2	190	0,0	177,63	230	149
72	0	86,38	2,0	281	149
0	1	2,0	0,0	234	149
147	0	178,53	1,0	298	149
16	2	8,5	4,0	242	149
64	0	74,45	2,0	298	149
63	2	34,14	5,0	248	149
44	2	48,13	3,0	270	149
65	1	60,29	0,0	298	149
56	1	35,18	2,0	254	149
71	4	56,32	0,0	298	149
10	25	6,2	21,10	209	149
6	0	15,3	1,0	298	149
12	0	23,25	1,0	298	149
5	2	31,26	0,2	270	149
2	2	2,2	0,2	256	149
10	0	14,9	25,5	256	149
9	2	11,3	2,1	250	149
20	0	43,26	6,2	298	149
39	1	75,57	0,0	298	149
2	26	0,0	34,31	298	149
38	1	83,48	2,2	298	149
6	19	2,0	15,6	268	149
22	2	54,40	0,0	291	149
18	2	32,30	0,0	183	149
20	0	36,23	2,0	222	149
9	0	26,18	0,4	248	149
2	0	2,9	2,2	271	149
2	13	2,9	17,21	271	149
2	13	4,4	17,21	272	149
2	0	2,4	0,2	272	149
14	0	20,21	1,0	180	149
0	8	3,2	31,5	296	149
65	2	23,26	0,0	236	149
93	4	56,35	2,1	244	149
0	58	1,0	37,17	298	149
130	0	73,30	1,2	240	149
33	0	64,28	3,0	238	149
10	5	5,3	18,3	279	149
8	2	8,4	0,0	265	149
8	2	12,4	0,0	268	149
1	0	4,2	3,0	298	149
3	0	4,2	3,0	298	149
2	1	0,0	4,0	298	149
0	1	3,0	4,0	211	149
123	0	91,56	2,0	247	149
55	2	48,17	1,0	247	149
98	2	84,65	1,0	283	149
167	0	132,107	4,0	283	149
2	100	2,0	85,65	272	149
3	2	4,10	0,0	298	149
3505	9	336,358	2,2	255	149
1357	1	151,121	0,0	255	149
1464	1	172,151	0,0	240	149
3597	1	356,385	2,0	240	149
2962	2	354,303	0,0	207	149
42	2	24,25	0,0	298	149
40	2	10,15	0,0	285	149
0	1	14,17	0,2	238	149
2	1	4,4	0,2	298	149
7	0	23,22	2,0	298	149
2	15	2,0	47,31	202	149
2	15	0,0	47,31	281	149
2	15	0,0	47,31	284	149
2	15	0,0	47,31	298	149
37	1	55,54	2,0	298	149
42	2	86,62	0,0	298	149
48	4	54,35	0,0	298	149
0	25	2,0	26,24	176	149
7	4	6,2	1,2	245	149
13	0	39,36	0,2	244	149
5	0	28,14	2,0	206	149
0	2	12,5	0,0	201	149
6	0	27,23	3,1	298	149
0	1	12,3	0,0	245	149
0	1	2,0	2,0	288	149
392	4	93,79	3,2	251	149
2	12	4,2	9,19	271	149
100	0	167,113	1,0	256	149
205	2	241,96	4,0	280	149
272	2	375,260	5,1	298	149
174	2	203,154	5,1	298	149
154	2	194,151	2,0	246	149
4	30	8,7	48,60	221	149
294	2	401,253	0,0	262	149
21	0	39,10	2,0	205	149
29	2	73,33	19,5	217	149
7	2	19,10	19,5	188	149
57	0	133,77	2,0	298	149
89	2	136,43	4,3	298	149
1	4	2,0	0,0	223	149
115	6	0,2	0,0	298	149
28	5	1,0	0,0	298	149
112	2	1,2	0,0	298	149
118	2	0,2	0,0	298	149
7	22	0,0	1,0	298	149
1	1	0,0	1,0	298	149
652	1	247,146	1,0	239	149
2	2	0,0	12,6	242	149
19	0	44,33	0,2	215	149
0	12	1,0	34,36	223	149
27	0	53,17	0,2	232	149
13	2	28,6	12,4	199	149
43	98	38,29	56,73	298	149
122	1	140,97	0,0	188	149
5	4	0,0	1,0	278	149
338	1	221,204	0,0	261	149
0	1	0,4	0,0	209	149
184	0	126,82	2,0	228	149
24	0	55,43	2,0	228	149
27	0	73,43	2,0	228	149
33	0	83,39	2,0	231	149
41	0	102,52	2,0	231	149
4	0	24,2	2,0	298	149
4	3	26,10	24,8	298	149
13	17	50,7	47,21	298	149
31	0	76,26	5,0	298	149
0	28	4,0	52,18	298	149
58	0	67,42	0,2	298	149
23	0	46,18	0,2	270	149
92	0	89,37	0,2	192	149
6	2	24,12	0,0	200	149
176	2	184,108	0,0	260	149
3	42	5,4	67,33	242	149
122	1	213,108	0,0	216	149
44	1	133,99	0,0	184	149
0	6	2,0	9,23	203	149
786	10	33,49	2,6	291	149
326	3	11,21	0,0	298	149
26	1	6,2	0,0	298	149
17	1	6,1	0,0	226	149
7	2	34,33	0,0	298	149
53	21	58,24	2,5	210	149
13	4	45,31	0,0	298	149
61	2	22,11	0,0	298	149
33	2	12,4	0,0	298	149
701	1	124,186	2,0	283	149
682	0	167,152	2,0	288	149
1137	0	307,275	0,2	239	149
383	4	112,231	2,0	199	149
278	2	100,178	0,0	199	149
4	2	21,20	0,0	218	149
12	45	24,11	63,43	298	149
12	45	24,11	63,43	298	149
18	45	42,18	63,43	243	149
29	2	44,20	3,0	298	149
31	0	87,53	2,0	239	149
23	0	71,85	1,0	298	149
2	18	0,0	23,18	239	149
6	60	2,2	44,28	240	149
0	46	4,0	64,38	197	149
2	64	8,0	71,51	198	149
127	4	153,103	0,0	298	149
102	2	141,56	1,0	253	149
100	0	122,54	0,4	225	149
176	3	244,187	6,2	298	149
54	0	75,41	0,1	295	149
2	0	13,12	0,2	238	149
5	5	10,17	5,8	296	149
15	1	28,18	0,0	293	149
10	0	17,36	0,2	203	149
134	4	67,41	1,0	298	149
101	4	64,46	1,0	298	149
204	2	92,58	0,0	244	149
168	0	83,51	1,0	236	149
0	11	11,5	27,9	255	149
1	1	3,0	7,2	244	149
6	1	20,12	0,0	232	149
11	2	23,12	7,6	203	149
2	5	3,0	8,0	296	149
2	5	1,0	8,0	199	149
2	0	19,32	2,0	234	149
5	17	2,0	54,22	203	149
3	2	2,0	0,0	212	149
16	0	23,14	0,2	250	149
0	13	4,2	15,16	224	149
0	12	3,0	6,25	203	149
41	0	46,36	2,0	298	149
0	26	1,0	24,9	268	149
35	2	84,51	0,0	298	149
4	8	12,1	5,4	257	149
79	0	105,60	4,0	218	149
52	4	82,46	0,0	218	149
62	4	94,44	0,0	298	149
18	1	16,6	0,0	227	149
125	1	86,39	0,0	187	149
2	0	1,5	0,2	222	149
21	2	0,2	0,0	230	149
35	0	63,34	2,0	216	149
624	1	207,59	0,4	248	149
25	78	7,8	25,8	298	149
10	78	1,2	25,8	163	149
246	94	60,46	50,32	297	149
146	94	26,43	50,32	226	149
205	94	57,46	50,32	222	149
1	2	1,8	2,0	298	149
1	3	1,8	5,1	298	149
3	2	1,8	2,0	298	149
2	3	2,8	5,1	298	149
99	0	206,147	5,0	257	149
111	1	198,86	0,0	298	149
5	5	4,2	8,8	231	149
6	6	8,4	39,24	286	149
4	0	0,2	4,3	298	149
76	2	27,19	0,0	298	149
326	0	169,58	1,0	298	149
181	0	90,21	1,0	298	149
441	2	270,77	0,0	283	149
9	159	20,14	55,37	298	149
12	159	22,8	55,37	298	149
165	0	71,81	2,0	298	149
58	0	95,88	2,2	243	149
251	0	352,285	1,8	298	149
0	20	2,0	15,26	232	149
14	20	17,36	15,26	298	149
42	3	39,21	0,0	172	149
8	0	21,15	0,10	205	149
2	11	1,2	7,8	298	149
2	11	1,2	7,8	296	149
4	0	14,6	3,0	234	149
11	14	17,7	43,22	265	149
7	14	16,4	43,22	229	149
4	18	0,0	55,35	194	149
1	18	0,0	55,35	244	149
1	18	0,0	55,35	298	149
31	78	27,19	37,52	298	149
26	78	23,17	37,52	298	149
30	78	24,19	37,52	272	149
12	78	17,12	37,52	193	149
383	41	222,158	12,19	206	149
2	0	6,4	12,1	233	149
0	2	0,1	7,12	298	149
2	0	8,29	0,2	267	149
2	0	3,0	2,21	291	149
26	1	35,15	0,0	298	149
54	0	53,62	0,2	232	149
27	0	21,23	0,2	298	149
3534	2	427,199	0,0	231	149
6106	2	874,313	0,0	276	149
3060	7	568,163	0,0	220	149
29	1	27,34	2,0	239	149
24	0	50,29	3,0	298	149
48	21	49,5	44,28	254	149
81	1	125,90	4,0	298	149
44	0	30,32	2,0	298	149
27	4	40,20	3,1	188	149
7	1	4,0	0,4	188	149
19	1	46,13	0,4	296	149
37	2	81,32	2,0	296	149
24	0	42,13	5,1	162	149
87	0	37,29	1,0	287	149
43	0	40,24	2,0	298	149
85	2	125,44	0,0	298	149
0	78	2,2	63,43	242	149
139	16	148,57	7,5	203	149
0	11	2,0	25,8	298	149
35	0	46,21	0,2	287	149
38	0	47,26	2,0	211	149
20	5	33,17	7,0	264	149
0	4	2,2	3,2	198	149
5	3	14,32	2,2	298	149
9	0	25,12	4,2	172	149
9	1	16,6	0,0	200	149
8	1	5,2	0,0	245	149
146	0	274,136	2,2	271	149
32	2	63,44	2,0	172	149
11	0	16,1	1,0	254	149
13	13	10,7	18,4	246	149
16	0	68,48	1,0	298	149
379	2	323,191	0,0	223	149
564	0	505,320	0,2	298	149
361	0	336,196	2,1	240	149
2	215	0,0	210,99	270	149
452	7	375,199	15,10	248	149
195	0	180,140	6,0	298	149
12	188	9,2	165,130	298	149
0	41	2,0	50,26	204	149
0	54	0,1	92,55	298	149
72	1	146,95	0,0	298	149
19	2	29,19	0,0	226	149
92	2	60,21	0,0	251	149
103	10	68,25	0,4	251	149
12	2	8,6	4,2	251	149
10	2	3,3	4,2	240	149
227	6	116,59	0,3	240	149
19	1	20,10	0,2	240	149
2	4	0,2	0,0	277	149
2	3	0,0	0,2	198	149
35	7	0,9	2,4	296	149
4	4	2,8	0,0	267	149
9	11	0,0	0,2	193	149
1	11	0,0	0,2	239	149
2	7	0,0	0,4	267	149
4	8	0,4	0,4	280	149
27	0	64,22	7,0	279	149
6	12	5,11	21,3	157	149
21	0	389,220	0,2	290	149
27	0	498,319	4,0	272	149
35	0	419,215	2,0	298	149
33	2	283,113	0,0	269	149
25	0	20,8	2,0	272	149
40	0	32,16	2,0	240	149
29	0	13,14	0,2	235	149
18	0	167,153	4,1	223	149
11	0	132,116	0,2	298	149
28	1	13,31	0,0	269	149
50	0	28,61	2,2	261	149
78	2	66,43	0,0	245	149
81	1	43,41	0,0	261	149
100	0	109,31	1,4	222	149
29	3	30,16	8,2	275	149
46	3	50,21	2,4	218	149
175	0	243,42	1,0	230	149
206	1	291,86	0,0	235	149
58	0	40,27	2,0	244	149
157	1	131,60	5,0	297	149
14	22	13,2	40,0	298	149
2	0	0,7	2,0	192	149
0	62	0,2	56,66	245	149
169	0	181,134	2,1	298	149
5	7	4,8	76,67	255	149
6	7	2,2	0,0	255	149
67	7	306,200	0,0	298	149
61	2	232,141	0,0	298	149
57	0	185,86	2,0	298	149
126	0	292,194	2,0	298	149
71	1	166,132	0,0	298	149
128	0	238,156	2,0	298	149
139	15	179,98	21,18	212	149
97	3	190,120	0,0	298	149
181	2	211,138	0,0	298	149
167	3	194,167	0,0	298	149
151	0	247,142	0,1	257	149
35	2	49,13	2,0	158	149
117	1	195,142	0,0	298	149
18	0	11,8	12,4	167	149
32	9	26,30	41,22	260	149
5	1	5,6	0,0	251	149
4	1	7,6	4,0	251	149
4	0	5,8	2,3	251	149
1	1	1,0	4,0	298	149
1	0	1,0	2,0	298	149
7	2	8,4	0,0	298	149
14	24	4,2	18,14	265	149
70	1	45,30	0,0	281	149
2	47	6,7	27,17	287	149
99	2	88,42	1,6	232	149
57	0	41,25	0,2	232	149
38	0	31,34	0,2	263	149
78	0	77,47	0,2	263	149
2	188	0,0	116,105	244	149
741	0	600,903	0,2	260	149
0	715	4,0	700,850	279	149
3	2	18,14	0,0	298	149
29	0	46,43	2,2	283	149
17	2	31,26	0,0	283	149
5	35	0,0	29,23	187	149
7	2	4,0	2,2	204	149
29	0	73,28	4,0	215	149
3	33	4,4	105,46	294	149
0	1	2,0	8,12	298	149
1	0	17,6	1,0	276	149
28	0	118,65	1,0	207	149
4	49	0,1	43,64	190	149
79	0	60,82	2,0	232	149
20	6	91,40	2,4	240	149
10	28	9,9	17,9	208	149
9	28	4,3	17,9	298	149
0	5	4,0	6,6	216	149
77	1	42,18	0,0	254	149
61	0	229,168	2,0	259	149
2	0	20,29	0,2	298	149
49	0	130,108	10,22	298	149
42	0	136,103	6,7	212	149
2	14	3,0	20,9	298	149
2	14	0,0	20,9	298	149
4	2	0,0	1,0	298	149
2	7	0,0	3,12	203	149
41	2	40,44	6,1	288	149
37	0	40,44	2,6	288	149
4	2	0,0	6,1	234	149
8	0	15,9	2,6	286	149
0	6	3,9	9,8	298	149
0	6	0,4	9,8	217	149
328	1	476,255	0,0	298	149
208	0	266,200	2,0	282	149
15	4	10,0	0,0	298	149
9	2	7,0	1,2	298	149
4	2	0,2	1,2	298	149
7	1	3,2	0,0	298	149
0	12	1,0	13,6	287	149
6	1	1,6	2,0	279	149
175	0	139,103	1,0	218	149
171	2	214,91	1,0	279	149
82	2	49,35	0,0	268	149
154	2	106,73	0,0	298	149
16	36	6,2	36,11	199	149
12	0	23,5	0,4	222	149
10	0	11,1	2,0	298	149
3	0	5,3	1,2	249	149
0	6	0,3	15,19	256	149
0	6	0,3	15,19	252	149
197	2	97,82	0,0	298	149
91	69	69,38	60,27	200	149
0	61	0,2	39,26	173	149
71	3	54,31	6,1	228	149
231	3	179,127	2,0	263	149
192	0	140,51	2,0	211	149
244	0	164,66	2,0	272	149
179	0	130,54	0,3	213	149
169	0	103,67	0,2	202	149
203	0	174,114	4,0	252	149
132	1	157,67	2,0	252	149
178	6	165,76	8,5	253	149
158	4	131,87	2,0	285	149
185	0	181,96	1,0	258	149
152	1	149,66	0,0	206	149
146	0	387,242	4,1	244	149
2	2	5,0	0,0	298	149
0	2	8,0	12,0	298	149
2	2	0,0	12,0	249	149
2	0	0,0	4,0	249	149
10	2	2,0	0,0	298	149
7	2	2,0	5,0	298	149
5	2	5,6	5,0	264	149
7	1	5,6	0,0	264	149
79	0	93,49	7,10	184	149
17	0	26,24	0,4	266	149
4	43	0,0	22,19	272	149
1009	16	291,235	8,6	298	149
382	2	107,67	0,0	298	149
653	0	195,174	1,0	297	149
311	2	211,138	0,0	298	149
2	0	0,0	1,0	251	149
0	2	2,0	0,0	298	149
18	0	20,27	2,0	218	149
39	0	28,15	2,0	254	149
4	3	2,2	1,8	216	149
11	2	41,32	1,0	219	149
2	0	1,1	2,0	298	149
24	0	51,18	0,1	236	149
0	1	2,2	9,0	298	149
4	82	0,0	53,71	293	149
52	3	52,33	2,0	252	149
2	40	3,0	34,31	252	149
2	4	1,0	1,0	252	149
2	2	0,0	0,2	170	149
539	2	19,6	0,0	283	149
538	36	9,9	0,0	257	149
327	2	9,8	0,0	285	149
205	4	209,78	1,9	239	149
91	4	83,25	1,9	258	149
66	0	61,27	1,0	298	149
3	0	31,39	0,2	243	149
4	0	17,0	0,4	269	149
0	2	2,2	3,0	254	149
11	6	2,4	3,10	219	149
4	0	3,4	0,4	218	149
2	286	3,4	311,182	218	149
38	5	67,36	2,2	200	149
1	27	28,12	59,29	214	149
163	6	203,153	4,4	282	149
118	0	196,140	2,0	197	149
506	0	376,287	3,0	295	149
3	6	4,0	42,12	233	149
102	2	145,73	0,0	260	149
3	2	11,1	0,0	298	149
3	3	6,1	2,0	238	149
2	2	2,1	0,0	238	149
8	2	8,6	0,0	289	149
7	1	10,6	0,0	289	149
289	4	209,155	2,0	298	149
214	4	178,149	2,0	298	149
2	117	2,0	49,28	201	149
2	42	4,1	18,22	201	149
125	1	107,117	0,6	224	149
0	34	0,1	9,4	262	149
4	0	27,25	4,0	220	149
2	22	0,0	9,12	197	149
0	60	2,0	54,25	279	149
7	32	4,2	76,23	237	149
90	2	146,78	0,0	249	149
68	2	84,60	0,0	285	149
89	2	90,102	0,0	267	149
0	65	4,0	83,64	274	149
0	38	1,8	15,27	189	149
0	38	7,4	15,27	193	149
4	2	10,10	2,0	189	149
2331	2	2799,1772	2,0	297	149
1924	0	2644,1584	0,2	297	149
3677	51	6005,3740	28,17	244	149
1110	4	1373,805	0,0	244	149
1105	0	1350,784	1,0	244	149
3	2613	16,2	4730,3004	293	149
9	0	11,4	1,0	290	149
8	0	27,23	0,2	290	149
12	2	38,27	6,2	290	149
4	70	4,1	85,45	298	149
1	70	0,0	85,45	275	149
521	4	810,1987	0,0	298	149
1187	0	2008,4888	1,0	249	149
47	6	55,43	7,10	200	149
6	99	2,0	105,98	238	149
139	0	142,149	2,2	298	149
15	2	12,13	2,3	298	149
2	9	0,0	6,14	298	149
14	0	36,36	0,2	269	149
0	7	0,4	17,16	236	149
2	0	0,0	3,1	298	149
4	0	27,12	1,0	287	149
18	4	53,67	0,0	298	149
1188	2	419,234	0,0	236	149
9	592	7,2	167,98	218	149
0	23	4,0	46,38	229	149
9	23	0,0	46,38	222	149
5	0	0,0	4,0	222	149
0	25	3,3	2,10	298	149
67	0	48,52	1,0	278	149
25	4	18,41	10,5	298	149
4	6	2,0	16,9	242	149
2	0	8,5	1,3	272	149
64	0	31,16	2,0	298	149
54	10	10,3	3,2	243	149
2	2	2,0	0,0	298	149
1	2	3,0	0,0	226	149
33	0	114,94	0,4	295	149
2	82	0,0	99,28	268	149
1	32	0,0	14,24	257	149
0	12	1,2	77,12	248	149
2	74	0,2	47,12	258	149
25	0	103,60	0,2	298	149
72	0	32,35	1,0	298	149
2010	0	465,834	0,2	275	149
464	2	81,154	0,0	298	149
214	2	46,55	0,0	182	149
83	0	148,106	1,0	158	149
20	4	16,14	4,8	176	149
47	0	58,46	0,1	214	149
58	0	59,55	0,1	264	149
129	0	180,127	2,0	264	149
4	68	2,1	109,79	244	149
23	0	31,16	2,0	298	149
6	4	8,1	1,0	161	149
0	74	1,0	58,40	298	149
55	3	100,40	3,9	298	149
0	5	2,0	24,12	255	149
0	2	2,0	3,0	298	149
2	3	3,5	1,8	191	149
3	8	2,2	12,20	188	149
10	0	14,19	0,2	224	149
10	0	18,19	1,0	298	149
15	0	19,24	0,4	254	149
4	10	1,0	12,13	242	149
0	6	4,8	6,22	229	149
8	0	6,26	1,0	258	149
83	1	77,73	2,0	298	149
151	1	139,127	2,0	275	149
130	1	107,115	0,0	287	149
8	0	14,24	2,0	243	149
0	45	2,4	32,44	217	149
2	0	2,2	1,1	217	149
2	0	2,3	0,1	298	149
4	2	0,9	0,2	194	149
7	0	5,4	2,0	291	149
10	3	6,1	0,0	280	149
0	9	3,2	2,10	298	149
2	0	0,2	1,0	273	149
2	0	0,2	0,2	273	149
0	3	1,2	0,0	272	149
169	3	128,75	0,0	298	149
169	0	128,73	1,0	298	149
210	2	195,166	2,0	191	149
561	0	561,253	2,0	298	149
484	0	844,352	0,2	298	149
411	2	522,259	1,0	288	149
3	71	4,1	78,72	273	149
2	0	9,2	2,0	283	149
3	29	0,0	52,37	249	149
5	12	34,36	96,63	268	149
10	0	26,36	2,0	240	149
51	0	69,91	2,0	249	149
30	0	49,55	0,2	257	149
29	0	53,66	0,2	260	149
1	1	6,10	0,0	278	149
31	359	39,9	316,164	284	149
2	473	3,0	583,260	215	149
2	153	8,0	116,54	202	149
29	4	15,8	0,0	191	149
12	4	7,5	0,0	219	149
3	13	2,1	11,0	215	149
125	0	469,197	3,0	298	149
141	0	473,228	1,0	244	149
104	1	416,203	0,0	238	149
84	0	317,178	0,1	298	149
90	0	294,154	0,2	195	149
102	0	373,264	20,3	236	149
4	6	13,4	14,8	241	149
48	2	93,42	0,0	298	149
64	0	106,67	0,2	298	149
23	0	53,34	2,0	266	149
42	0	92,56	1,0	247	149
18	2	49,30	7,0	187	149
45	0	78,42	4,2	213	149
2	0	48,88	0,2	298	149
2	1	4,2	2,6	221	149
8	5	1,6	8,9	223	149
8	5	1,6	8,9	251	149
8	5	1,6	8,9	286	149
54	0	151,92	1,0	265	149
128	0	306,141	2,0	296	149
12	17	17,8	34,31	233	149
111	0	257,143	7,1	284	149
35	1	97,82	2,0	298	149
63	0	67,36	2,0	298	149
56	0	124,36	2,0	281	149
42	0	69,20	1,0	293	149
14	6	50,15	5,5	219	149
13	2	40,22	0,0	233	149
36	1	53,32	5,2	231	149
28	1679	13,7	713,762	298	149
6	1679	4,11	713,762	298	149
1	1679	0,0	713,762	298	149
6	1679	4,11	713,762	298	149
2264	0	1076,1130	2,0	254	149
0	5	2,0	0,2	298	149
52	4	106,69	0,0	293	149
22	0	23,10	0,2	205	149
31	0	35,15	0,4	205	149
0	9	6,0	14,5	290	149
41	1	86,76	1,0	278	149
17	0	28,21	1,0	238	149
89	0	95,64	0,2	255	149
16	2	10,10	0,0	232	149
33	6	30,23	0,0	232	149
10	17	1,0	20,13	298	149
8	17	0,0	20,13	255	149
26	1	9,6	0,0	236	149
30	7	13,6	7,5	236	149
2	7	0,0	7,5	195	149
2	6	0,0	4,0	195	149
101	0	79,51	2,0	214	149
185	8	206,114	2,0	255	149
7	36	4,0	66,30	245	149
73	2	106,44	0,0	256	149
30	51	33,8	53,18	173	149
192	2	1,2	0,0	280	149
0	9	2,0	24,31	248	149
113	1	129,64	0,0	293	149
124	4	73,43	1,0	230	149
135	1	133,73	0,2	264	149
113	0	139,64	1,0	203	149
152	2	117,60	0,0	251	149
100	0	71,52	1,0	253	149
31	2	24,9	1,0	200	149
6	0	12,8	2,0	232	149
8	0	12,10	2,0	229	149
31	2	22,34	0,3	277	149
15	1	9,8	0,0	298	149
7	0	13,18	0,2	185	149
28	6	45,26	2,1	185	149
1	6	2,2	2,1	218	149
3	23	7,8	37,16	218	149
7	0	10,10	0,2	280	149
50	0	43,33	0,2	262	149
98	2	124,32	4,2	242	149
49	0	68,22	2,0	242	149
4	52	8,1	56,10	291	149
37	0	61,16	2,0	247	149
86	3	111,24	0,0	247	149
77	3	169,53	1,2	298	149
4	0	7,4	2,0	195	149
8	2	9,4	5,4	195	149
2540	1	3409,1318	1,0	298	149
33	1345	17,12	1849,780	225	149
6	8	19,1	5,2	206	149
7	488	19,1	435,158	206	149
3	0	10,10	2,0	245	149
67	0	88,43	5,0	195	149
109	1	83,43	0,0	213	149
426	2	469,411	0,2	298	149
0	124	0,5	112,112	298	149
1	0	21,20	2,6	238	149
6	0	2,0	2,0	223	149
1	8	0,0	3,0	174	149
9	6	2,0	1,0	227	149
0	6	1,0	1,0	256	149
0	2	1,0	0,0	256	149
6	0	7,4	1,0	298	149
6	0	3,2	4,2	249	149
1	2	6,4	0,0	298	149
3	0	0,0	2,0	203	149
8	0	22,23	1,2	213	149
2	92	0,0	46,15	222	149
91	4	36,4	2,0	210	149
46	4	21,1	2,0	298	149
0	4	1,0	2,2	239	149
164	0	119,51	1,0	296	149
108	0	149,71	0,2	255	149
63	1	23,18	0,0	298	149
218	3	117,39	0,0	298	149
47	5	23,8	3,0	205	149
76	5	50,21	3,0	223	149
103	5	37,16	3,0	275	149
73	1	38,23	2,0	287	149
81	4	51,23	2,0	286	149
53	2	35,12	0,0	220	149
29	5	11,8	2,0	277	149
271	4	207,83	0,0	298	149
24	5	18,22	6,4	230	149
33	1	33,8	1,0	298	149
41	0	54,21	0,4	298	149
12	0	16,8	0,2	298	149
16	1	45,19	4,0	298	149
42	4	223,86	4,1	207	149
30	11	180,60	48,10	298	149
51	0	201,55	6,0	279	149
109	0	326,134	4,0	249	149
63	1	195,67	39,17	298	149
69	6	228,99	25,11	298	149
61	0	178,80	2,2	298	149
11	1	48,5	39,17	298	149
17	6	81,37	25,11	298	149
8	0	75,54	2,2	206	149
13	4	70,37	17,13	206	149
13	0	61,48	2,2	203	149
19	4	102,69	17,13	203	149
2	279	0,0	25,8	228	149
464	7	21,11	2,3	298	149
0	174	1,2	62,29	275	149
213	0	80,53	2,0	207	149
18	0	21,8	2,5	256	149
24	0	15,7	1,0	255	149
1	29	0,0	114,46	274	149
0	45	2,0	93,18	213	149
110	1	188,81	1,1	298	149
8	12	8,0	28,12	227	149
8	11	4,0	42,7	227	149
13	11	36,16	42,7	182	149
3	2	15,5	2,0	182	149
118	0	198,94	0,2	288	149
112	0	91,33	1,0	284	149
109	0	130,54	0,2	298	149
80	2	50,58	2,2	218	149
34	2	15,16	2,2	274	149
57	0	80,55	0,2	221	149
25	0	19,10	1,0	209	149
23	227	57,70	215,95	255	149
62	227	79,77	215,95	215	149
23	0	49,53	5,0	215	149
344	0	320,158	4,2	191	149
39	0	79,44	2,0	191	149
172	0	192,111	2,0	206	149
521	19	526,303	39,26	206	149
681	5	707,432	8,3	230	149
748	1	711,433	0,0	218	149
381	0	314,261	2,0	230	149
174	173	144,161	144,125	188	149
336	1	266,149	2,0	233	149
0	287	2,0	211,166	298	149
397	2	300,262	0,2	200	149
151	2	137,125	2,8	221	149
645	4	592,274	0,0	221	149
12	0	13,7	1,0	215	149
0	8	0,4	4,1	198	149
9	0	11,9	0,4	239	149
0	50	4,0	153,34	250	149
0	10	2,0	43,12	233	149
8	4	0,0	16,2	248	149
12	2	19,2	0,0	232	149
7	7	3,1	13,0	230	149
9	0	11,0	1,0	226	149
1	1	0,0	2,0	207	149
3	0	0,0	3,0	207	149
3	0	25,17	3,0	251	149
23	6	48,45	19,7	276	149
35	0	47,32	2,0	298	149
14	0	22,8	0,4	298	149
43	0	89,17	0,1	298	149
26	2	24,11	7,0	298	149
5	21	0,0	6,3	240	149
8	2	12,9	0,0	281	149
9	1	6,3	0,0	250	149
19	1	20,14	0,0	298	149
44	0	61,49	3,0	298	149
20	0	36,29	2,0	298	149
35	0	64,30	2,0	298	149
13	0	15,6	2,0	215	149
76	3	111,75	1,2	250	149
16	0	37,36	5,2	273	149
6	45	1,0	24,23	214	149
0	279	2,0	204,100	246	149
335	0	162,146	0,1	174	149
1	524	3,4	529,253	247	149
1049	4	999,518	0,0	221	149
1283	4	1052,756	0,4	288	149
1070	0	858,698	2,0	277	149
0	65	1,0	74,41	188	149
149	7	220,171	3,1	285	149
4	27	1,0	94,31	221	149
23	5	48,6	2,5	246	149
37	0	65,31	1,0	298	149
39	0	65,29	1,0	298	149
69	0	108,49	1,0	290	149
2	45	4,2	66,21	298	149
8	45	2,0	66,21	236	149
4	4	0,0	11,5	236	149
68	4	108,33	11,5	247	149
29	1	44,12	0,0	247	149
47	0	48,30	8,0	253	149
3	0	11,14	2,0	284	149
92	3	94,36	11,14	229	149
356	10	306,133	4,0	298	149
5	130	4,2	148,61	191	149
0	7	0,1	35,13	294	149
27	0	85,69	2,0	226	149
0	1913	0,4	1396,874	289	149
1	0	16,0	2,0	252	149
2	0	219,33	0,2	278	149
2	0	103,19	49,15	179	149
2	0	0,2	2,0	224	149
1	0	2,2	0,2	224	149
1	0	4,2	0,2	227	149
2	0	4,2	2,0	227	149
2	2	0,4	0,2	227	149
0	2	4,0	0,0	298	149
4	0	2,0	0,2	271	149
2	0	2,2	0,2	271	149
2	9	5,0	0,0	298	149
20	207	0,0	0,1	210	149
58	2	79,39	0,0	184	149
234	4	252,103	1,0	259	149
2	11	4,4	2,0	201	149
2	0	6,4	1,0	298	149
3	0	8,7	0,2	298	149
252	2	4,27	0,0	283	149
162	7	2,22	0,2	233	149
98	2	94,69	0,1	298	149
19	12	13,16	34,2	219	149
1	0	7,6	2,0	215	149
9	3	32,7	2,2	215	149
20	7	12,8	6,16	254	149
2	3	0,1	2,2	267	149
9	14	6,17	32,13	267	149
13	0	6,6	2,0	267	149
0	14	4,0	32,13	262	149
4	2	4,0	0,1	262	149
2	3	8,0	2,2	219	149
2	14	17,6	32,13	219	149
2	0	7,0	4,0	219	149
50	0	39,41	2,2	261	149
64	0	76,59	0,5	298	149
4	10	0,2	10,11	298	149
22	6	66,52	14,31	209	149
5	22	2,3	50,33	219	149
151	2	190,160	1,0	298	149
191	2	199,115	2,0	278	149
36	0	23,11	2,0	193	149
125	9	92,58	34,8	193	149
35	0	81,49	1,0	236	149
37	4	78,49	4,0	245	149
56	0	140,86	4,0	224	149
40	7	51,45	15,12	195	149
0	46	0,2	54,51	295	149
772	2	1859,1301	0,2	298	149
1553	0	3543,2498	2,0	298	149
12	503	560,684	422,204	289	149
16	2	885,1198	4,19	289	149
738	2	644,409	4,19	286	149
235	4	229,207	339,524	286	149
82	0	285,432	4,0	252	149
1	0	6,2	3,0	298	149
8	2	0,1	0,0	290	149
6	0	2,0	0,2	207	149
9	1	7,0	4,7	207	149
6	0	2,1	0,4	207	149
1	1	0,5	4,7	191	149
1	3	0,3	5,0	191	149
2	2	1,0	0,0	164	149
1	0	2,7	0,4	242	149
5	2	5,2	0,0	242	149
3	0	4,2	0,1	242	149
8	2	2,2	3,3	298	149
10	0	3,4	0,2	298	149
2	0	0,6	0,1	183	149
0	4	0,6	1,2	183	149
2	0	0,8	1,0	298	149
116	2	139,78	1,0	261	149
110	1	107,63	0,0	201	149
127	2	145,84	0,0	251	149
98	3	59,37	0,0	195	149
66	3	41,21	0,0	298	149
126	2	82,59	2,0	253	149
31	2	33,23	0,0	225	149
85	6	83,48	2,5	201	149
3	50	0,0	50,20	298	149
387	0	211,146	2,0	298	149
14	0	17,14	2,0	298	149
14	0	13,12	2,0	298	149
466	0	148,143	1,0	242	149
99	1	149,66	2,0	254	149
36	0	87,44	1,0	254	149
51	0	55,41	1,0	248	149
60	0	136,76	0,2	246	149
111	2	200,105	0,0	194	149
74	2	81,60	0,0	253	149
128	0	122,47	0,1	282	149
158	2	177,158	0,0	244	149
121	34	224,165	38,17	298	149
148	0	179,138	1,2	298	149
88	0	77,45	0,2	245	149
84	1	91,59	0,0	298	149
38	8	57,46	18,7	298	149
18	7	45,42	0,2	298	149
222	2	186,120	0,0	216	149
296	2	259,160	0,0	262	149
175	54	306,201	50,15	263	149
305	0	573,348	4,1	235	149
40	2	25,12	0,0	298	149
44	0	34,16	2,0	289	149
31	0	30,25	4,0	212	149
20	1	22,18	0,0	209	149
13	8	7,12	5,9	235	149
87	2	186,86	2,0	298	149
35	0	80,49	0,1	263	149
25	3	31,24	0,5	247	149
12	1	4,1	2,0	245	149
733	0	543,329	1,0	298	149
13	2	19,11	2,2	200	149
11	0	28,15	1,0	204	149
34	2	33,15	0,0	298	149
9	0	3,0	1,0	286	149
2	13	3,0	13,10	253	149
0	6	3,0	2,0	253	149
25	6	39,26	2,0	298	149
43	2	66,38	0,0	298	149
40	0	68,21	2,0	270	149
34	0	13,16	3,6	212	149
5	0	4,2	3,6	197	149
0	58	2,0	28,15	271	149
47	2	32,31	0,0	272	149
14	4	65,20	23,8	232	149
5	0	26,23	0,4	280	149
23	5	14,22	1,0	266	149
17	0	12,15	2,2	230	149
0	4	2,0	0,4	272	149
0	4	2,0	0,4	298	149
6	0	0,0	2,0	203	149
2	2	0,0	0,4	185	149
2	2	0,2	0,0	230	149
0	2	0,2	0,0	218	149
1	0	30,14	2,0	238	149
22	2	84,29	0,0	235	149
0	7	0,2	10,8	298	149
199	1	204,82	2,4	197	149
1	4	4,4	6,0	298	149
515	0	407,191	2,0	267	149
273	2	327,131	2,2	298	149
3	7	1,11	5,0	293	149
5	70	1,9	51,31	293	149
13	70	10,0	51,31	272	149
6	2	5,4	0,2	272	149
176	48	132,70	74,18	298	149
182	0	177,91	2,0	224	149
0	35	2,0	53,21	278	149
0	6	2,0	8,0	192	149
44	4	45,21	0,0	242	149
0	13	2,1	12,5	186	149
2	28	0,2	24,15	226	149
65	4	88,69	2,2	298	149
3	0	10,4	1,0	298	149
0	22	0,2	21,12	223	149
0	1	0,2	12,17	239	149
64	4	119,67	3,0	213	149
28	6	25,24	0,0	281	149
12	6	14,7	0,0	175	149
80	6	75,59	0,0	199	149
61	2	47,50	0,0	236	149
46	3	79,31	6,0	265	149
16	0	18,9	1,3	226	149
70	0	54,37	2,1	239	149
3	57	0,0	38,24	236	149
4	5	0,0	4,1	236	149
65	5	60,38	4,1	190	149
16	1	24,18	0,0	190	149
2	11	9,7	19,12	239	149
2	8	6,1	3,3	239	149
13	2	20,20	0,2	200	149
20	8	10,4	14,6	173	149
12	4	16,8	25,18	273	149
10	4	16,8	25,18	298	149
17	0	76,46	4,0	276	149
15	0	45,38	4,0	237	149
9	0	64,25	2,0	276	149
0	8	1,0	27,7	221	149
26	13815	0,0	2840,1839	236	149
11791	0	2492,1616	2,0	266	149
20532	16	6712,3790	0,0	255	149
3757	2	1267,1368	6,2	223	149
2455	2	733,856	6,2	258	149
24	4	28,14	1,0	298	149
20	0	25,19	5,2	210	149
97	23738	0,0	26456,18255	199	149
22213	0	30446,21087	2,0	298	149
45917	0	56898,39342	2,0	298	149
58676	2	67684,44310	0,0	298	149
114901	2	124900,84800	2,0	298	149
58672	0	67682,44306	0,1	298	149
48894	0	47596,35413	0,1	263	149
3	0	4,0	2,0	263	149
104639	2	104417,75672	0,0	263	149
32686	0	23410,14672	2,0	275	149
90181	1	77216,54767	2,0	275	149
62470	1	43840,27106	1,0	298	149
40	2	60,33	0,4	278	149
2	4	2,4	0,3	298	149
43	0	42,25	2,0	256	149
107	0	102,47	2,0	285	149
457	0	115,95	4,0	298	149
660	0	191,163	4,0	298	149
789	10	199,165	1,1	272	149
241	1	65,26	2,0	233	149
381	4	85,52	0,2	298	149
3	104	2,0	9,6	286	149
12	2	18,2	0,0	210	149
13	2	19,2	0,0	298	149
36	3	16,12	0,2	239	149
0	3	0,2	0,2	234	149
7	1	46,13	9,2	298	149
13	0	51,21	2,0	176	149
18	2	27,35	0,0	286	149
187	0	214,122	1,0	276	149
107	8	118,39	10,2	259	149
42	8	63,22	10,2	288	149
2	66	1,0	60,17	298	149
0	27	0,2	29,5	298	149
95	2	222,88	0,0	233	149
17	2	7,5	0,0	254	149
15	0	7,5	0,2	254	149
29	51	21,7	123,43	254	149
2	51	0,0	123,43	188	149
2	17	0,0	15,2	188	149
0	51	1,2	123,43	197	149
0	17	1,0	15,2	197	149
103	23	294,97	26,8	298	149
138	0	220,76	1,0	229	149
0	27	3,0	41,6	298	149
53	0	73,13	6,0	241	149
4	1	6,4	0,2	259	149
9	5	11,0	12,18	238	149
0	2	2,0	4,2	205	149
37	1	65,23	0,2	279	149
36	0	40,24	5,2	228	149
87	0	95,55	2,0	255	149
681	3	418,272	4,2	286	149
616	2	402,231	0,0	239	149
607	0	487,209	1,0	254	149
12	0	36,22	1,0	210	149
0	2	7,6	0,0	298	149
3	0	0,0	2,0	214	149
2	11	276,59	1068,711	298	149
2	0	146,42	1,12	298	149
28	0	2393,1737	1,12	298	149
17	0	1456,1043	1,0	298	149
330	0	420,134	5,0	204	149
488	0	585,267	2,0	261	149
42	0	123,45	6,0	298	149
2482	33	20,34	0,6	298	149
2623	1	16,20	0,0	298	149
26	0	40,10	2,0	298	149
33	2	44,10	0,0	298	149
7	7	5,0	9,0	298	149
0	2	2,2	0,0	294	149
0	2	5,0	0,2	294	149
0	7	5,2	9,0	294	149
1	7	0,2	9,0	247	149
30	1	43,20	2,0	294	149
39	2	65,36	0,0	298	149
0	23	1,0	30,20	249	149
4	0	16,8	2,0	262	149
334	3	482,240	4,6	298	149
235	7	341,195	31,2	245	149
227	0	289,201	2,1	292	149
0	49	0,2	25,12	298	149
71	6	22,23	2,0	298	149
0	40	2,0	120,43	235	149
53	0	243,107	2,2	264	149
19	2	24,11	0,0	242	149
13	0	20,16	2,2	228	149
2	0	3,5	2,2	205	149
4337	1	157,270	1,0	282	149
4850	5	165,188	0,0	272	149
4322	17	159,178	4,0	291	149
2188	20	92,79	2,0	291	149
2192	26	94,66	0,0	291	149
1408	20	50,58	2,0	294	149
3526	3	113,170	0,13	294	149
2041	26	56,96	0,0	298	149
2024	7	54,109	2,0	298	149
45	969	0,7	31,50	298	149
63	4	60,79	4,2	293	149
5	18	5,1	18,18	244	149
2	0	8,11	0,1	275	149
60	0	13,16	2,3	233	149
13	3	27,20	0,0	226	149
6	0	12,11	3,0	191	149
2	3	17,18	2,0	191	149
0	16	2,1	61,54	298	149
23	14	70,63	31,19	194	149
54	1	75,62	0,0	218	149
18	0	29,42	0,3	242	149
0	25	2,0	45,43	206	149
30	0	59,57	5,8	196	149
5	0	15,14	2,0	196	149
23	5	38,22	2,2	242	149
30	5	45,37	2,2	298	149
12	4	16,45	9,2	298	149
215	0	607,427	0,1	298	149
344	2	108,86	0,1	251	149
408	2	146,102	0,0	298	149
2	30	0,0	10,2	210	149
6	1	36,11	14,19	257	149
18	0	46,27	1,2	204	149
26	0	77,43	1,0	288	149
9	0	19,22	2,0	298	149
10	17	6,0	29,19	206	149
24	0	70,45	7,6	256	149
28	2	95,60	0,2	298	149
1	23	0,0	37,14	288	149
1	23	2,0	37,14	237	149
3	6	4,9	10,10	251	149
22	0	35,34	2,0	298	149
2	11	1,0	16,7	290	149
2	3	0,0	2,2	298	149
41	1	59,53	3,2	263	149
22	10	36,27	21,13	197	149
8	3	33,27	2,2	197	149
142	0	68,50	2,0	199	149
117	0	83,39	1,0	200	149
112	6	60,48	6,2	298	149
11	0	28,25	2,0	272	149
4	1	0,2	0,14	260	149
2	2	4,0	0,0	182	149
6	0	4,8	2,0	298	149
17	2	15,18	0,0	298	149
4	2	4,8	0,0	298	149
4	0	4,8	2,0	298	149
4	2	4,8	0,0	298	149
4	2	4,8	2,2	298	149
2	50	3,0	59,34	209	149
98	2	106,53	0,0	298	149
39	2	22,23	0,0	298	149
108	0	106,47	2,0	274	149
81	4	109,63	1,3	222	149
14	0	37,19	1,2	210	149
2	144	0,4	148,68	211	149
317	0	255,121	1,0	298	149
64	1	91,33	2,0	219	149
248	1	251,101	2,0	298	149
2	71	0,0	134,29	193	149
28	40	27,6	80,36	206	149
2	23	2,0	25,15	242	149
46	0	35,26	0,1	216	149
1	39	2,1	22,6	298	149
25	2	30,15	0,0	233	149
2	97	6,2	81,29	277	149
34	47	48,29	35,28	245	149
289	2	172,160	0,0	254	149
24	8	21,6	18,3	298	149
65	5	62,26	7,2	206	149
84	11	82,30	0,0	219	149
137	1	96,26	0,0	264	149
92	2	57,24	2,0	236	149
54	0	37,15	1,0	236	149
158	0	81,47	2,0	298	149
13	48	2,7	33,11	273	149
95	4	73,23	4,0	260	149
2	4	4,0	10,23	298	149
9	0	23,29	2,4	202	149
156	2	119,74	2,4	183	149
246	0	156,88	0,3	269	149
8	114	0,4	56,45	261	149
146	0	61,56	2,0	228	149
32	0	51,34	2,0	199	149
26	0	39,23	0,1	193	149
0	24	2,2	64,22	220	149
58	0	100,31	0,4	262	149
39	0	47,30	6,0	262	149
320	8	28,0	0,0	234	149
957	11	93,33	5,0	276	149
25	7	43,18	3,0	271	149
14	0	16,23	9,6	280	149
28	3	57,17	2,0	298	149
37	2	37,20	1,0	298	149
53	0	57,20	2,0	298	149
56	6	89,33	4,4	295	149
1	1	2,0	4,7	223	149
4	10	3,0	1,0	228	149
3	50	1,0	74,8	228	149
12	50	10,8	74,8	267	149
77	7	129,38	5,2	235	149
48	0	61,29	2,2	274	149
101	0	121,77	8,4	269	149
81	0	63,27	2,0	298	149
0	45	2,0	53,21	247	149
1	29	24,4	39,16	222	149
1	29	24,4	39,16	298	149
769	0	416,483	1,0	298	149
768	0	413,485	1,0	280	149
930	0	631,624	2,0	298	149
758	0	583,657	2,0	274	149
138	0	103,176	2,0	167	149
26	2	16,24	4,2	200	149
594	2	988,734	8,5	279	149
0	23	1,2	22,5	261	149
46	0	61,24	0,1	255	149
72	7	79,56	10,6	247	149
190	2	194,107	0,0	269	149
2	34	6,0	58,20	275	149
0	28	0,2	29,15	224	149
7	23	22,15	71,20	298	149
37	0	84,55	2,0	205	149
1	1	0,2	0,0	258	149
1	15	0,2	10,1	258	149
1	0	38,14	1,0	298	149
40	0	41,39	1,0	226	149
41	4	30,24	0,0	233	149
125	5	117,69	0,2	205	149
219	0	222,85	2,0	247	149
0	82	2,0	109,53	268	149
0	59	9,2	42,7	232	149
33	0	14,32	0,2	298	149
11	0	23,17	2,0	298	149
0	27	0,2	39,17	269	149
53	0	42,19	2,0	273	149
46	5	22,22	2,0	267	149
33	3	12,18	0,2	267	149
13	3	3,2	0,2	178	149
24	5	11,8	0,2	178	149
12	2	1,2	0,0	178	149
16	0	68,79	5,0	278	149
2	69	4,0	37,23	220	149
112	0	115,62	4,0	200	149
187	0	150,82	0,2	282	149
293	2	189,96	0,0	297	149
0	9	4,0	7,11	245	149
17	0	21,13	0,2	298	149
2	8	0,0	7,6	216	149
15	0	21,10	2,0	245	149
0	11	0,6	17,2	226	149
7	0	4,6	0,2	219	149
19	0	26,19	0,2	223	149
30	0	27,16	2,0	236	149
0	21	2,2	15,8	270	149
27	0	26,12	0,4	282	149
4	0	2,4	0,2	298	149
4	0	2,4	0,2	298	149
6	3	13,2	5,2	298	149
67	0	47,28	0,2	263	149
53	2	49,24	0,2	279	149
54	0	36,11	1,0	298	149
0	44	4,2	14,11	243	149
86	2	60,14	0,2	267	149
2	238	0,2	36,33	265	149
2	0	2,4	0,2	298	149
235	0	119,42	2,5	194	149
251	2	143,51	1,0	235	149
19	13	14,19	13,15	287	149
74	0	44,46	3,2	291	149
76	2	55,67	1,2	298	149
0	3	4,0	22,40	285	149
18	0	142,215	0,10	277	149
37	1	55,81	0,1	273	149
28	0	27,50	1,0	267	149
12	0	118,48	2,0	226	149
79	2	104,42	0,0	275	149
118	0	136,86	2,0	298	149
96	1	107,46	0,0	236	149
174	1	282,124	0,0	275	149
173	1	185,74	0,2	298	149
165	0	152,49	0,1	298	149
912	7	241,238	3,0	176	149
1765	7	489,504	0,0	298	149
14	15	6,8	10,14	239	149
4	4	1,4	10,8	298	149
11	0	9,7	2,0	288	149
12	0	8,7	2,0	261	149
42	12	47,27	11,8	256	149
26	0	40,26	5,0	298	149
58	6	80,80	1,2	298	149
31	1	30,14	1,2	268	149
56	1	66,31	1,2	298	149
39	2	20,46	0,0	263	149
4	9	0,0	19,10	279	149
3	9	14,0	19,10	298	149
3	2	12,0	2,0	298	149
0	22	2,0	40,24	244	149
1	10	2,2	17,6	298	149
10	10	2,4	17,6	271	149
10	1	2,2	2,2	271	149
130	2	119,102	4,0	197	149
0	52	1,0	54,31	167	149
20	1	69,24	7,10	296	149
4	1	33,22	0,0	298	149
94	0	169,79	1,0	276	149
16	10	5,6	13,6	291	149
18	10	9,10	13,6	248	149
12	2	8,6	0,0	205	149
144	2	116,58	0,0	245	149
91	6	68,24	5,2	215	149
77	2	89,46	1,4	215	149
0	76	1,0	61,22	219	149
112	1	75,43	0,0	203	149
2	96	1,0	52,29	211	149
2	14	2,0	7,19	229	149
2	0	0,0	2,0	229	149
2	96	0,0	31,44	215	149
54	0	155,66	1,0	298	149
2	20	0,0	76,42	178	149
36	0	101,43	2,0	212	149
17	0	67,28	1,0	260	149
70	0	223,81	2,0	298	149
59	0	189,75	0,2	298	149
15	5	51,20	11,7	246	149
11	7	34,14	4,0	187	149
0	5	1,0	1,0	298	149
0	1	7,2	2,0	298	149
0	2	2,0	36,5	298	149
194	3	213,132	0,2	293	149
107	1	125,83	0,0	298	149
209	1	283,143	0,0	298	149
199	1	273,208	0,0	284	149
101	1	118,82	0,0	290	149
0	2	0,1	0,0	239	149
346	0	386,227	0,1	282	149
51	9	20,17	2,2	223	149
30	4	22,19	0,0	298	149
120	1	29,19	2,0	284	149
7	33	0,0	6,0	214	149
194	1	21,7	0,0	246	149
164	0	172,67	4,0	291	149
187	0	202,73	0,2	215	149
2	68	1,0	31,34	242	149
96	0	118,96	2,0	298	149
15	35	14,14	51,26	225	149
17	2	37,34	1,1	298	149
13	0	19,2	0,1	245	149
11	0	15,8	22,4	233	149
18	4	35,22	10,8	281	149
11	0	5,4	1,0	224	149
11	0	8,8	1,0	200	149
33	0	57,39	2,2	298	149
44	2	62,40	5,1	204	149
26	1	64,37	0,0	217	149
2	38	0,0	101,220	238	149
0	30	2,1	32,88	246	149
224	1	381,639	0,0	174	149
53	0	280,204	4,0	248	149
0	41	0,3	212,114	200	149
51	0	146,147	0,1	298	149
2	43	0,0	9,7	243	149
86	2	34,13	0,0	278	149
70	0	22,6	0,2	223	149
93	0	149,48	0,2	250	149
2	48	0,0	81,19	298	149
6	2	2,0	0,0	190	149
56	1	35,29	0,0	234	149
92	1	110,41	2,0	247	149
53	0	57,48	1,0	297	149
59	2	60,33	3,0	298	149
10	4	21,26	7,4	206	149
2	2	6,10	14,8	221	149
0	13	2,0	9,19	272	149
4	2	20,8	7,2	223	149
10	0	23,14	0,2	272	149
13	0	23,20	1,3	298	149
4	2	47,31	0,2	292	149
0	6	4,0	31,5	242	149
129	4	102,77	0,0	216	149
173	0	185,127	0,2	262	149
197	4	245,110	0,0	275	149
191	0	216,114	0,1	298	149
3	2	0,0	15,9	273	149
2	2	0,0	15,9	298	149
0	24	1,6	48,30	298	149
2	24	3,8	48,30	225	149
13	0	19,9	0,2	274	149
19	0	35,33	4,0	274	149
13	0	22,10	4,0	271	149
14	1	9,23	12,2	236	149
1	0	0,2	6,0	294	149
2	2	2,0	2,0	237	149
64	4	92,20	6,0	298	149
3	35	9,8	44,29	298	149
55	4	81,43	0,4	249	149
2	22	1,2	31,23	298	149
2	22	1,4	31,23	298	149
0	27	1,4	18,43	201	149
0	41	8,5	18,15	298	149
63	0	41,29	0,10	298	149
372	2	721,374	4,0	298	149
325	0	562,326	2,0	253	149
378	0	525,254	2,0	275	149
63	4	98,51	13,6	195	149
336	0	505,295	1,0	298	149
290	0	505,339	2,0	232	149
56	1	48,51	0,0	206	149
26	1	35,16	0,0	298	149
17	65	37,15	78,49	167	149
24	15	25,6	23,11	173	149
27	18	16,6	32,15	224	149
27	18	13,6	32,15	272	149
31140	30	3758,1826	7,3	267	149
14333	5	1713,851	0,0	267	149
14300	11	1711,849	5,0	267	149
23297	5	2778,1263	0,0	298	149
8842	5	1058,409	0,0	298	149
25671	45	3100,1381	2,2	298	149
1586	11	106,46	5,0	298	149
1626	12	108,48	0,0	298	149
88	4	2,2	0,0	298	149
10393	3	1159,452	0,1	298	149
20	1581	0,0	106,46	178	149
11	1581	0,0	106,46	237	149
81	1	62,61	0,0	256	149
1	2	1,0	1,0	256	149
41	2	4,14	1,0	272	149
7	4	61,31	0,0	298	149
1173	1	169,167	0,0	298	149
286	1	22,22	0,0	246	149
18	2	26,21	0,1	293	149
15	0	17,16	2,0	246	149
2	2	0,4	0,0	298	149
1	2	2,4	0,0	298	149
0	2	4,0	0,0	298	149
0	11	2,0	40,10	248	149
24	0	69,37	1,0	298	149
0	5	3,0	18,14	193	149
158	2	258,111	0,0	208	149
127	5	212,94	1,2	211	149
191	1	297,95	5,2	271	149
5	72	12,13	114,24	298	149
2	13	1,0	8,4	255	149
143	0	91,58	1,0	257	149
16	2	28,4	0,1	298	149
4	3	2,6	0,0	251	149
5	1	2,7	0,0	295	149
17	1	21,6	0,0	233	149
26	0	35,22	0,1	233	149
28	0	47,37	2,0	242	149
82072	7	54756,44880	10,0	298	149
43903	0	28833,21742	3,3	298	149
49903	0	58733,64206	3,3	298	149
88069	0	84634,87347	0,2	298	149
115677	24	134405,127284	7,4	298	149
67	0	9,4	2,0	283	149
113369	0	131637,106780	2,0	283	149
60927	0	70834,59596	2,0	298	149
43802	0	49993,26323	2,0	298	149
96419	45	110916,73611	2,0	280	149
64382	56	75638,37672	59,35	298	149
110632	56	119196,70678	59,35	298	149
124	2	125,33	4,0	227	149
198	2	178,56	0,0	298	149
94	2	78,24	1,4	219	149
63	4	44,28	0,0	291	149
21	1	20,10	0,0	259	149
107	0	99,55	0,2	298	149
19	2	10,12	0,0	270	149
2	2	9,4	3,0	245	149
4	2	22,20	0,0	298	149
3	3	10,9	3,11	269	149
2	0	8,4	2,0	199	149
238	1	175,184	2,4	285	149
0	3	2,0	2,0	157	149
2	2	10,8	0,0	270	149
2	11	10,8	1,13	270	149
2	3	10,8	2,0	270	149
59	0	180,106	0,2	273	149
25	5	25,4	5,4	199	149
25	0	23,4	0,4	199	149
1	53	5,0	118,129	201	149
563	1	427,298	0,0	251	149
52	0	35,7	0,2	266	149
111	0	95,50	2,2	223	149
32	10	15,8	0,0	298	149
9	0	20,13	2,0	244	149
5	2	22,6	0,0	244	149
230	2	15,2	0,0	204	149
42	6	4,2	0,0	198	149
200	0	25,9	2,2	205	149
2	2	21,2	2,0	277	149
4	0	10,4	5,2	298	149
4	6	23,5	15,4	260	149
28	0	48,18	0,2	233	149
18	2	31,11	6,1	188	149
9	0	19,8	2,0	225	149
69	0	107,50	3,1	286	149
106	2	179,226	0,0	240	149
0	58	0,2	79,55	258	149
4	1	0,0	4,0	298	149
5	2	2,6	1,0	298	149
3	0	0,6	2,6	298	149
3	2	4,0	1,0	265	149
5	0	10,0	2,6	265	149
4	3	0,0	2,6	265	149
6	1	6,0	0,6	265	149
8	2	8,0	0,0	246	149
11	0	3,6	0,2	246	149
5	0	4,8	2,0	298	149
91	1	88,38	0,0	224	149
0	59	1,4	55,26	298	149
0	59	2,4	55,26	243	149
2	26	4,4	23,5	209	149
157	6	107,57	5,0	298	149
189	0	201,115	0,5	298	149
99	4	106,59	0,0	197	149
4	2	7,8	0,0	218	149
10	5	12,10	5,4	298	149
10	5	5,4	5,4	298	149
17	10	18,5	14,6	249	149
24	2	50,24	0,0	276	149
89	0	99,98	2,2	240	149
4	48	4,0	39,30	254	149
2	36	0,0	44,21	273	149
50	0	58,37	0,2	242	149
29	23	2,0	2,0	298	149
2	29	0,0	21,9	298	149
126	29	21,1	21,9	236	149
132	2	21,1	0,0	236	149
239	1	65,22	0,0	214	149
20	0	15,11	0,2	219	149
25	0	196,52	0,2	278	149
4	0	27,11	2,0	252	149
2	0	22,6	2,0	183	149
2	1	0,0	0,1	242	149
36	2	6,2	6,2	254	149
456	0	296,320	4,0	269	149
13	46	6,4	24,8	196	149
60	2	71,98	2,0	298	149
175	0	130,116	2,0	280	149
114	0	65,75	2,0	280	149
31	6	15,15	2,6	298	149
1	25	2,2	20,11	216	149
74	2	41,20	1,0	298	149
49	1	21,9	0,0	298	149
49	2	21,11	1,0	298	149
2	1	10,15	0,0	298	149
0	1	2,0	4,4	287	149
33	0	66,21	2,0	201	149
59	5	50,29	2,0	234	149
1	2	0,2	0,0	260	149
1	0	0,2	0,2	260	149
1	12	11,6	20,16	298	149
8	0	16,8	2,0	277	149
11	0	82,40	1,0	298	149
1	2	0,0	4,0	298	149
0	36	18,11	74,36	271	149
80	2	223,120	9,7	248	149
83	2	213,140	0,3	244	149
47	2	101,99	0,0	207	149
21	2	38,29	0,0	298	149
20	0	20,11	2,0	192	149
14	0	25,14	2,0	205	149
18	0	23,24	1,0	298	149
5	0	2,0	2,0	227	149
214	1	200,59	1,0	264	149
386	1	315,79	1,0	266	149
7	179	12,14	121,20	298	149
25	0	72,41	1,0	188	149
4	0	2,4	2,3	227	149
100	0	120,211	2,0	234	149
87	0	129,188	2,0	209	149
4	90	0,4	107,132	233	149
13	28	5,0	14,6	298	149
131	0	41,22	2,0	245	149
15	57	10,3	11,2	205	149
24	4	19,14	2,0	247	149
28	2	23,18	2,0	247	149
5	10	3,2	4,4	246	149
1	2	0,0	2,0	267	149
2	5	1,0	0,0	267	149
3	10	1,0	4,4	267	149
4	0	17,10	0,4	253	149
2	0	0,0	2,3	176	149
48	2	50,50	0,0	234	149
4	8	4,6	6,17	239	149
0	144	1,0	118,76	298	149
4	105	9,14	121,106	298	149
2	2	7,2	0,0	298	149
354	1	252,142	0,0	293	149
173	4	97,53	0,0	253	149
162	0	79,47	2,0	298	149
382	4	210,114	0,0	298	149
458	5	391,145	0,0	298	149
122	0	102,73	2,0	274	149
236	4	159,63	0,0	246	149
205	2	110,56	1,5	298	149
0	2	2,2	0,0	298	149
18	0	98,72	5,0	271	149
601	0	552,424	2,0	292	149
489	26	643,521	17,33	284	149
504	2	604,567	2,0	264	149
440	0	450,430	2,0	298	149
187	0	184,223	0,2	297	149
428	0	511,675	0,2	298	149
8	0	10,14	0,2	298	149
99	0	61,69	2,0	240	149
326	1	147,59	5,0	252	149
2	152	0,0	66,22	241	149
49	8	26,18	4,1	298	149
151	3	212,140	10,0	269	149
22	101	22,15	120,66	170	149
169	0	159,71	4,0	216	149
22	103	33,30	69,52	209	149
275	1	388,150	2,4	298	149
44	3	47,26	6,0	265	149
31	0	26,17	2,0	265	149
35	0	32,12	2,0	290	149
28	0	23,20	2,2	277	149
4	0	0,0	19,6	298	149
2	1	4,4	4,3	242	149
0	1	15,9	5,2	298	149
0	1	17,20	5,2	298	149
9	0	6,12	2,0	262	149
21768	17	159,154	0,0	298	149
249	2136	0,0	3,8	298	149
1	46	0,0	33,29	293	149
14	46	0,5	33,29	205	149
4	15	0,5	28,2	205	149
139	0	153,87	0,2	298	149
0	18	0,4	34,20	219	149
0	18	5,0	34,20	296	149
8	0	22,6	1,0	201	149
0	15	0,2	26,14	298	149
0	167	2,0	127,135	298	149
167	6	377,319	0,0	243	149
37	0	59,24	2,3	209	149
115	0	190,149	2,3	193	149
46	3	74,84	4,2	193	149
46	1	91,90	0,0	193	149
0	76	2,0	119,68	187	149
64	3	54,74	4,2	287	149
45	1	82,63	0,0	287	149
139	2	170,141	3,0	287	149
120	2	199,128	19,6	287	149
3	1	4,2	0,0	298	149
65	46	53,73	81,62	298	149
0	93	2,0	151,145	282	149
204	0	266,250	2,2	277	149
0	106	2,0	100,58	224	149
9	0	119,64	0,2	231	149
336	2	330,306	0,2	296	149
242	2	237,207	0,1	237	149
11	147	10,5	133,142	262	149
171	4	155,106	6,2	255	149
244	0	325,240	1,0	298	149
205	2	267,232	1,0	298	149
122	0	191,137	1,0	268	149
16	1	19,6	11,6	253	149
0	12	5,12	18,42	298	149
0	12	5,14	18,42	244	149
8	136	7,4	285,209	298	149
1	136	3,2	285,209	235	149
2	0	17,1	0,2	262	149
17	0	32,18	5,0	240	149
649	5	165,164	0,0	185	149
1981	193	508,627	22,41	170	149
152	1774	57,105	451,547	173	149
6	2389	1,6	892,558	298	149
339	2	336,508	2,0	298	149
297	0	364,319	0,2	298	149
977	0	1252,1098	0,2	298	149
1178	4	1198,1124	0,0	287	149
1081	0	1652,1614	2,0	289	149
598	0	859,764	2,0	280	149
700	0	618,299	0,1	216	149
852	3	881,412	0,0	255	149
9	0	27,24	1,0	298	149
235	4	95,60	0,0	291	149
2	177	4,4	76,42	227	149
915	0	692,518	5,4	298	149
3	476	1,5	390,277	223	149
26	1	18,8	0,0	279	149
1	30	1,0	93,64	219	149
56	0	106,59	2,0	298	149
60	3	93,54	2,6	186	149
56	1	121,42	0,0	212	149
6	36	2,0	61,38	197	149
31	2	107,42	2,0	211	149
6	1	24,14	0,0	211	149
39	1	35,32	0,0	211	149
66	1	116,61	0,0	211	149
20	45	20,4	71,26	250	149
20	0	27,17	1,0	223	149
106	2	188,78	0,0	264	149
68	0	114,50	4,0	298	149
6	0	7,10	2,0	298	149
6	3	7,10	2,0	298	149
0	3	2,0	2,0	298	149
2	2	0,1	0,0	209	149
186	2	163,86	0,1	246	149
341	0	292,140	1,0	298	149
0	19	2,0	15,0	271	149
6	19	2,0	15,0	241	149
0	19	2,0	15,0	268	149
16	4	11,0	0,0	260	149
22	2	20,0	0,0	226	149
92	1	106,90	0,0	241	149
0	4	0,4	0,2	272	149
4	29	0,4	37,41	272	149
4	29	2,2	37,41	242	149
0	4	2,0	0,0	242	149
82	0	81,84	5,0	298	149
256	0	219,114	1,0	228	149
2	50	2,6	30,14	268	149
4	50	0,2	30,14	298	149
2	50	0,0	30,14	298	149
7	24	14,7	13,16	236	149
49	6	28,17	9,2	272	149
13	0	24,16	0,1	216	149
178	2	11,12	2,0	286	149
343	34	53,36	3,2	298	149
13	0	13,5	1,2	227	149
3	1	4,4	1,0	254	149
0	1	0,2	1,0	298	149
2	0	9,0	2,0	235	149
0	5	1,0	7,7	232	149
1	6	4,0	11,4	244	149
1	152	1,6	74,32	219	149
216	0	95,37	2,0	253	149
0	25	2,1	30,31	179	149
117	2	211,91	0,0	275	149
0	32	2,0	67,35	292	149
2	24	0,0	27,12	227	149
1	13	0,0	20,21	261	149
7	5	5,4	3,0	267	149
39	0	13,15	2,0	295	149
6	725	2,0	589,329	298	149
0	62	1,1	25,25	298	149
85	1	78,73	0,0	298	149
328	0	292,181	0,1	289	149
7	208	3,0	142,98	242	149
257	0	135,83	2,0	213	149
184	0	160,61	0,1	256	149
0	42	3,1	48,16	298	149
68	2	118,72	2,4	275	149
71	0	76,66	1,0	296	149
0	42	2,0	38,34	217	149
42	0	54,54	4,0	278	149
75	4	141,101	0,4	275	149
40	2	37,24	0,0	218	149
91	1	60,59	0,0	218	149
134	1	77,62	0,0	298	149
61	18	16,9	3,4	234	149
36	5	13,10	1,0	298	149
80	18	53,54	3,4	223	149
58	1	16,7	0,0	230	149
168	18	92,76	3,4	230	149
84	18	56,62	3,4	254	149
118	5	69,68	1,0	298	149
30	0	13,8	2,0	228	149
48	5	16,12	1,0	228	149
594	11	153,157	2,4	298	149
102	2	29,17	0,0	192	149
593	5	199,180	2,0	298	149
245	5	108,58	2,0	241	149
20	280	10,0	123,65	167	149
179	0	83,37	2,0	298	149
9	4	2,0	0,0	276	149
450	2	246,89	0,0	275	149
570	1	276,137	0,0	298	149
317	1	191,58	0,0	298	149
3	3	5,0	2,2	252	149
29	2	4,9	0,0	266	149
61	2	31,5	2,0	254	149
90	0	37,25	2,0	298	149
2	31	0,2	5,17	298	149
97	1	9,27	0,0	298	149
111	1	14,17	0,0	251	149
488	0	259,98	0,1	258	149
89	0	53,27	2,0	201	149
447	0	177,84	2,0	223	149
503	0	209,106	2,0	284	149
271	0	117,65	2,0	284	149
197	0	82,54	2,0	245	149
425	1	170,94	0,0	245	149
449	0	235,87	0,2	238	149
692	6	381,160	0,0	221	149
267	2	505,213	3,4	273	149
248	0	432,199	0,2	266	149
246	1	372,101	18,4	284	149
154	0	232,76	8,3	216	149
235	1	366,144	5,0	246	149
335	4	127,95	0,0	297	149
8	7	2,1	17,6	287	149
51	3	64,46	2,0	298	149
40	0	78,46	6,0	298	149
21	0	34,54	0,2	298	149
64	0	72,101	0,2	298	149
106	1	92,61	0,0	195	149
4	1	6,23	0,0	209	149
56	1	41,50	0,0	205	149
181	2	23,12	0,0	232	149
41	0	87,75	0,2	298	149
25	0	108,93	6,2	298	149
16	0	29,17	2,0	186	149
4	2	29,0	0,0	218	149
12	0	10,16	1,0	298	149
19	7	16,8	5,0	239	149
2	30	0,0	30,11	227	149
2	30	8,0	30,11	209	149
18	3	54,10	0,2	233	149
9	7	8,6	1,3	298	149
1057	0	124,127	0,1	266	149
2	488	1,2	37,48	203	149
935	3	97,77	2,0	281	149
723	2	103,68	0,0	257	149
6	0	2,3	6,3	247	149
0	6	3,0	0,4	208	149
0	2	1,0	6,2	208	149
6	2	0,4	6,2	196	149
28	2	90,48	10,3	298	149
9	0	105,48	2,0	298	149
14	0	85,44	0,2	298	149
4	0	21,9	23,6	206	149
37	0	51,54	0,1	274	149
77	0	111,111	0,1	263	149
1	6	0,0	4,4	214	149
33	0	26,11	2,0	298	149
912	14	169,484	2,2	298	149
781	99	97,301	107,44	266	149
507	4	82,208	0,2	298	149
283	4	144,103	0,2	176	149
1266	4	275,336	1,3	188	149
127	472	45,74	78,137	188	149
378	4	114,210	1,3	203	149
214	472	65,146	78,137	203	149
1495	472	276,492	78,137	298	149
1217	472	201,352	78,137	200	149
2345	2	433,617	3,8	200	149
1432	57	258,454	10,39	200	149
4003	4	668,1454	0,0	266	149
2012	0	572,929	0,2	298	149
19	0	52,22	0,1	298	149
16	7	41,22	11,6	200	149
85	2	101,72	2,0	298	149
4	31	10,6	70,56	233	149
109	2	174,94	1,0	298	149
69	2	131,111	0,0	298	149
75	0	112,91	0,3	298	149
9	26	1,10	53,42	203	149
7	5	2,5	6,2	238	149
11	0	9,3	0,2	249	149
4	0	10,20	0,2	266	149
4	0	8,20	0,2	257	149
1	4	4,15	9,14	161	149
7	0	22,16	1,0	298	149
0	14	4,5	11,27	268	149
67	0	58,59	0,4	283	149
123	2	111,41	4,0	276	149
90	2	46,13	2,0	199	149
114	0	90,45	0,2	284	149
35	0	29,17	2,2	298	149
18	1	13,6	0,1	288	149
33	1	40,24	0,1	292	149
18	2	13,6	0,1	292	149
0	2	4,5	0,1	273	149
11	7	0,4	9,6	264	149
44	0	20,7	2,0	232	149
27	8	16,5	5,0	232	149
4	8	10,4	5,0	223	149
16	0	14,6	2,0	223	149
0	14	1,0	15,4	174	149
526	4	268,148	3,0	298	149
179	2	77,81	0,0	298	149
450	2	247,215	0,0	298	149
315	0	161,142	1,0	217	149
350	4	214,70	0,0	272	149
2	2	2,5	0,0	298	149
31	2	40,44	0,0	298	149
31	1	40,44	0,0	298	149
31	5	40,44	0,0	298	149
1	2	6,1	0,0	243	149
3	31	7,1	40,44	243	149
1	5	6,1	0,0	243	149
1	1	6,1	0,0	243	149
103	0	89,95	0,2	287	149
204	2	165,85	0,2	256	149
522	0	87,66	0,6	273	149
637	2	77,39	0,0	272	149
2	0	7,1	0,2	227	149
3	1	0,0	1,0	227	149
1	2	4,2	7,1	277	149
1	2	4,2	7,1	245	149
20	1	7,11	1,0	288	149
20	3	7,11	0,0	288	149
22	2	7,11	0,0	186	149
4	7	0,0	13,10	236	149
9298	0	557,1488	0,2	287	149
4529	9	602,1299	3,3	298	149
7123	2	1002,2045	0,0	226	149
4	45	6,0	34,21	298	149
0	62	1,0	93,69	258	149
126	2	212,118	0,0	263	149
61	0	113,58	4,0	234	149
95	0	151,131	4,0	263	149
55	0	103,37	1,0	298	149
106	1	216,92	2,0	298	149
112	0	190,126	0,2	260	149
1	0	4,1	1,0	298	149
0	1	4,0	1,0	298	149
4	1	2,2	0,0	298	149
2	0	0,0	5,0	213	149
2	0	2,0	0,2	298	149
2	0	0,0	0,1	268	149
1839	1	2,0	0,0	282	149
185	0	176,76	0,2	298	149
1	11	0,2	7,7	298	149
1	2	2,2	0,0	298	149
1	0	0,0	8,0	217	149
23	6	2,0	0,0	225	149
14	485	2,2	312,189	273	149
210	0	238,251	2,0	288	149
26	0	20,25	2,0	270	149
584	1315	20,49	13,55	298	149
3254	2	52,137	0,0	298	149
1	25	0,0	12,7	272	149
152	0	56,47	0,2	231	149
406	2	234,148	0,0	239	149
402	2	198,129	0,0	226	149
29	14	0,6	1,0	224	149
21	2	0,5	0,0	224	149
10	2	5,4	0,0	183	149
2	0	8,5	2,0	183	149
18	52	2,7	13,15	298	149
10	2	2,6	2,0	255	149
13	1	7,9	0,0	275	149
0	418	0,2	199,119	298	149
725	0	386,287	6,0	240	149
179	0	114,113	6,0	196	149
2	0	0,0	2,0	298	149
6	99	0,2	81,27	275	149
597	1	450,268	0,0	298	149
3	498	1,1	369,241	298	149
3	498	1,0	369,241	284	149
963	1	1091,867	0,0	298	149
128	3	145,137	0,0	298	149
150	2	156,126	0,0	298	149
129	0	169,112	2,0	298	149
44	4	83,48	1,3	298	149
57	31	106,66	10,16	298	149
137	2	148,116	0,0	298	149
2	58	0,0	56,44	298	149
93	2	98,71	0,2	298	149
43	8	70,21	19,7	298	149
122	1	227,99	1,0	298	149
33	1	14,37	10,0	281	149
78	1	69,94	10,0	298	149
2	0	0,0	0,3	298	149
2	0	0,0	2,4	298	149
0	4	1,0	0,0	182	149
41	0	69,46	2,0	213	149
14	2	28,18	0,0	209	149
42	2	92,64	0,0	298	149
9	4	9,8	4,9	298	149
2	4	2,0	4,9	298	149
8	0	4,9	3,0	298	149
31	4	56,40	0,0	298	149
51	4	84,70	0,0	298	149
94	1	128,75	0,2	222	149
25	0	26,24	0,2	298	149
68	1	66,38	2,0	298	149
1	254	0,0	78,45	265	149
12	20	4,0	2,14	254	149
8	5	0,0	1,0	281	149
3534	54	1384,487	25,14	298	149
5	0	0,8	0,4	298	149
70	4	97,60	0,0	298	149
159	4	203,109	0,0	298	149
139	4	170,84	0,6	298	149
10	0	4,3	2,0	298	149
10	3	4,3	2,2	298	149
3	39	0,0	77,46	265	149
6	62	0,1	107,33	226	149
1	0	8,3	0,2	298	149
1	1	0,2	2,0	188	149
2	0	2,0	2,0	258	149
2765	2	69,51	0,0	298	149
602	2	10,4	0,0	237	149
4	2	2,4	0,0	237	149
1491	2	26,42	0,0	281	149
2785	4	61,60	2,4	281	149
59	6	112,74	15,0	203	149
17	7	35,38	4,0	298	149
1	2	4,4	2,2	228	149
320	0	247,105	4,0	280	149
371	7	264,134	4,6	239	149
194	1	130,91	0,0	268	149
15	0	10,6	2,0	255	149
7	2	10,12	0,0	221	149
6	0	28,24	1,0	225	149
35	2	42,22	0,0	222	149
1	9	0,2	9,8	226	149
17	0	46,36	2,0	275	149
0	5	3,2	0,1	298	149
2	0	2,1	7,6	164	149
2	0	12,10	0,2	188	149
16	3	27,20	6,0	298	149
15	3	26,14	6,0	217	149
9	3	12,6	6,0	194	149
124	0	172,79	3,0	266	149
119	0	161,139	4,0	254	149
62	3	92,53	3,0	247	149
52	0	52,53	2,0	244	149
79	0	75,63	2,0	274	149
3	0	43,11	2,0	298	149
268	3	180,63	4,0	297	149
0	89	1,0	65,42	298	149
0	89	1,0	65,42	298	149
250	2	244,196	1,0	298	149
289	0	272,192	4,0	298	149
49	2	36,44	0,2	266	149
119	0	116,73	2,0	247	149
118	0	50,55	2,0	264	149
135	2	67,43	0,0	275	149
560	1	199,93	0,0	248	149
607	2	247,63	0,1	240	149
252	2	129,22	0,1	262	149
403	1	161,42	0,0	298	149
2	2	0,0	1,0	298	149
8	2	6,0	0,0	298	149
0	3	4,0	2,0	238	149
6	0	17,2	0,2	276	149
51	0	86,31	0,2	268	149
4	19	4,2	17,4	298	149
80	3	42,20	0,0	298	149
96	4	20,19	5,2	217	149
4	34	0,2	7,16	247	149
2	34	0,0	7,16	215	149
79	1	95,19	1,3	297	149
63	3	91,25	0,0	297	149
6	64	4,4	71,34	263	149
3	64	2,2	71,34	234	149
139	0	161,72	0,2	298	149
135	0	188,80	1,0	281	149
140	3	214,89	2,0	298	149
44	0	62,17	2,0	246	149
35	1	59,15	2,2	246	149
37	1	69,24	2,2	298	149
81	1	132,44	0,2	298	149
52	2	63,20	0,0	298	149
26	1	59,13	2,2	233	149
36	1	60,17	0,2	233	149
73	2	146,50	0,0	298	149
115	8	218,76	0,0	298	149
2	11	0,0	0,2	252	149
0	16	2,2	28,24	283	149
16	2	31,24	0,0	298	149
90	0	101,66	3,0	284	149
10	14	9,12	22,7	250	149
8	4	4,2	0,0	214	149
12	4	10,0	12,6	214	149
6	0	8,2	2,0	214	149
6	0	4,2	4,4	214	149
0	6	3,0	6,0	298	149
4	4	2,0	12,6	268	149
2	6	2,2	6,0	268	149
0	4	2,0	12,6	231	149
784	3	939,432	6,0	298	149
0	583	0,2	656,441	281	149
1	5	8,4	13,13	240	149
1	6	8,4	3,3	240	149
1	5	8,4	13,13	278	149
5	6	13,13	3,3	212	149
452	0	287,121	0,4	273	149
367	19	171,77	5,2	298	149
95	60	17,14	40,2	273	149
49	21	13,11	12,15	273	149
1	0	6,4	0,1	277	149
33	1	40,25	0,0	298	149
7	5	1,0	8,2	286	149
8	17	5,2	27,4	286	149
4	17	0,4	27,4	208	149
20	0	39,94	0,2	298	149
16	1	28,0	10,2	228	149
248	0	184,110	1,2	267	149
192	4	134,103	9,11	246	149
521	2	248,183	0,0	239	149
520	0	237,133	2,0	222	149
145	0	55,35	2,0	298	149
4	386	2,4	187,104	280	149
52	5	39,32	1,0	219	149
84	0	218,78	3,2	298	149
164	2	330,174	4,0	298	149
170	0	204,125	2,0	258	149
80	0	90,39	2,1	286	149
140	2	161,92	4,1	296	149
102	0	113,45	1,0	298	149
8	2	10,5	0,2	236	149
43	0	132,60	8,0	298	149
3	145	0,0	172,62	266	149
197	0	253,114	0,2	298	149
0	1	0,2	0,0	185	149
74	2	24,21	2,0	298	149
54	2	17,13	0,0	298	149
279	5	333,254	0,0	298	149
130	0	114,99	0,2	217	149
530	2	1414,524	16,0	238	149
26	234	113,85	599,258	298	149
6	234	29,30	599,258	298	149
421	6	960,379	7,11	245	149
102	0	310,153	1,2	253	149
188	173	741,288	255,96	253	149
8	173	30,10	255,96	290	149
8	88	39,14	448,144	290	149
4	312	18,4	699,289	247	149
2	0	12,2	4,3	247	149
632	2	2064,862	0,0	260	149
372	4	579,197	14,3	271	149
280	4	506,172	0,1	271	149
95	4	75,25	14,3	267	149
96	4	138,55	0,1	217	149
206	21	207,78	9,1	217	149
462	0	1268,435	2,0	298	149
17	2	69,23	0,0	219	149
32	3	60,29	0,0	180	149
2	23	10,2	58,23	224	149
0	26	0,2	53,30	227	149
17	9	3,12	2,2	298	149
73	2	23,38	2,0	298	149
71	2	23,38	2,0	298	149
0	2	0,2	3,6	217	149
5	13	2,4	15,6	228	149
2	22	0,2	13,26	212	149
2	17	0,0	20,5	200	149
97	2	74,18	1,3	298	149
0	57	1,0	47,11	280	149
0	52	0,1	97,38	183	149
29	30	55,43	35,20	243	149
2	127	0,0	22,25	185	149
2	126	0,0	13,12	206	149
27	0	33,9	1,0	239	149
56	3	64,44	25,2	239	149
31	0	123,76	1,0	256	149
48	0	130,72	0,4	257	149
21	0	61,42	6,0	257	149
12	0	63,36	6,0	298	149
40	1	132,64	1,1	298	149
61	0	113,57	2,0	298	149
6	7	9,2	23,11	298	149
4	30	5,2	57,38	298	149
18	30	38,27	57,38	262	149
4	0	17,9	12,8	262	149
1	0	18,9	12,8	297	149
28	0	64,42	12,8	197	149
14	0	31,24	2,0	197	149
624	2	260,322	4,0	298	149
359	0	129,134	1,0	298	149
320	0	118,125	1,0	298	149
29	2	18,2	0,0	241	149
11	1	9,2	0,2	241	149
2	1	1,0	0,2	226	149
18	0	14,0	2,0	226	149
91	3	39,17	0,0	298	149
0	21	2,2	81,49	291	149
1	21	2,0	81,49	298	149
61	0	143,101	0,2	255	149
15	0	59,23	0,2	298	149
2	15	0,0	59,23	298	149
3	15	3,0	59,23	269	149
118	0	148,129	0,2	298	149
67	0	71,62	0,4	298	149
39	2	23,39	0,0	298	149
13	0	10,8	2,0	214	149
3	0	0,0	0,2	293	149
32	28	9,8	7,0	218	149
135	0	40,27	2,0	284	149
118	1	41,42	0,0	219	149
2	0	5,6	2,0	221	149
11	0	301,320	3,1	230	149
0	59	3,0	71,41	267	149
113	2	99,87	2,0	298	149
30	0	23,37	3,0	216	149
106	0	110,91	0,2	250	149
117	0	142,70	4,0	268	149
0	2	2,0	8,0	245	149
11	2	41,17	2,2	242	149
5	0	21,10	0,2	234	149
2	2	1,1	1,0	183	149
4	2	10,6	1,0	223	149
4	2	4,1	1,1	223	149
6	0	18,17	0,1	189	149
0	4	2,0	12,6	284	149
35	2	38,15	0,0	266	149
45	4	44,21	4,0	298	149
2	7	0,2	13,6	298	149
45	6	97,68	2,0	203	149
21	0	74,38	1,0	260	149
17	0	38,14	1,0	212	149
130	0	56,38	1,2	242	149
331	6	140,109	0,0	224	149
78	0	99,83	2,2	298	149
8	35	8,15	54,35	256	149
2	31	0,0	11,7	218	149
37	2	16,7	0,0	211	149
11	24	8,3	6,7	232	149
104	1	152,70	0,0	298	149
25	0	51,29	3,0	249	149
0	12	1,0	13,13	224	149
362	2	326,120	0,0	298	149
1	31	4,2	38,25	298	149
2	4	2,2	4,6	293	149
62	1	65,65	0,0	298	149
4	1	4,6	0,0	298	149
55	1	61,65	0,0	298	149
63	1	43,25	0,0	298	149
6	63	0,0	43,25	250	149
119	8	103,73	2,7	298	149
14	66	15,19	193,169	298	149
1	87	6,4	21,26	298	149
6	119	12,2	468,216	298	149
0	4	3,0	9,0	296	149
12	2	28,18	3,0	241	149
4	12	1,0	25,18	230	149
6	12	2,4	25,18	284	149
0	11	4,2	17,17	247	149
2	0	0,2	0,2	298	149
2	11	0,0	17,17	220	149
2	0	0,0	0,2	220	149
0	17	3,0	38,9	267	149
31	1	97,55	0,0	298	149
18	1	24,9	3,0	279	149
51	2	77,43	1,0	283	149
18	1	26,23	3,0	277	149
6	19	2,0	29,23	298	149
1	5	0,0	1,0	264	149
17	2	20,5	0,0	298	149
2	0	6,2	3,0	230	149
4	8	6,2	11,6	230	149
2	0	6,2	2,0	230	149
2	0	6,2	1,0	230	149
29	0	39,29	2,2	217	149
12	1	26,12	11,10	217	149
10	0	21,8	6,0	217	149
11	1	10,7	11,10	240	149
30	2	27,27	6,4	240	149
16	0	17,15	1,0	240	149
5	0	48,18	6,0	284	149
6	0	43,12	1,0	284	149
18	0	47,20	1,0	284	149
4	11	0,0	38,1	298	149
13	11	17,8	38,1	230	149
5	324	0,2	157,104	298	149
355	4	186,104	0,3	298	149
12	268	0,4	163,79	258	149
5	4	0,4	0,0	271	149
0	12	2,0	4,0	298	149
11	0	26,25	2,0	209	149
54	0	113,69	2,2	294	149
0	12	0,1	20,14	208	149
2	0	0,0	0,4	298	149
0	2	0,2	0,0	221	149
6	1	7,17	2,2	258	149
79	0	22,17	2,0	248	149
3	95	7,1	27,20	298	149
0	49	2,2	19,11	215	149
103	2	50,31	0,0	268	149
0	267	0,1	614,311	164	149
164	7	283,131	6,4	250	149
423	7	887,440	6,4	243	149
187	0	446,245	2,3	243	149
128	0	203,96	2,3	228	149
359	0	643,288	2,0	228	149
54	0	127,70	1,4	259	149
36	0	123,57	1,0	297	149
85	0	131,57	1,0	298	149
42	0	78,64	0,1	298	149
60	0	144,59	0,2	242	149
83	0	173,93	2,0	298	149
46	0	106,52	6,1	298	149
41	0	62,39	6,1	298	149
78	0	129,82	2,2	298	149
73	2	133,81	5,3	298	149
23	13	33,19	34,8	270	149
6	5	10,6	0,0	267	149
16	5	19,12	0,0	285	149
125	1	115,88	0,0	232	149
342	0	221,156	3,0	298	149
347	0	264,186	0,2	245	149
2	213	6,0	159,138	253	149
220	0	159,138	2,0	298	149
257	0	191,148	2,0	298	149
0	4	7,1	8,2	237	149
14	0	10,5	2,0	259	149
1	0	9,10	8,8	290	149
0	1	7,0	5,4	244	149
5	16	24,8	12,12	244	149
44	3	62,52	10,4	279	149
2	5	0,0	2,4	245	149
153	2	106,93	0,1	284	149
121	2	28,23	1,0	271	149
124	27	48,31	10,1	273	149
113	0	32,6	4,0	265	149
90	6	32,18	0,0	298	149
49	6	17,12	0,0	260	149
31	0	17,14	0,2	298	149
97	3	40,29	0,0	248	149
1	6	2,2	1,0	242	149
3	2	4,6	0,6	191	149
22	1	22,31	8,0	234	149
49	1	58,66	8,0	278	149
0	23	6,4	21,37	266	149
12	1	22,21	0,0	198	149
0	1	0,2	2,2	298	149
24	0	19,14	2,0	234	149
41	0	44,31	2,0	298	149
2	0	2,4	0,4	235	149
27	1	21,54	0,0	273	149
33	0	330,724	0,8	298	149
130	4	784,1442	0,0	298	149
405	2	671,562	2,0	266	149
1	185	2,0	212,119	251	149
229	0	237,162	6,2	216	149
9	1	43,22	0,0	298	149
248	0	246,220	2,0	298	149
46	3	55,78	2,3	298	149
124	33	121,151	15,15	298	149
0	46	1,0	57,76	210	149
167	2	184,126	1,0	298	149
12	2	10,5	0,0	214	149
2	22	3,0	77,28	230	149
50	2	91,60	0,0	298	149
2	21	0,0	19,13	219	149
27	0	84,43	1,0	295	149
8	0	30,21	4,2	201	149
49	2	25,28	0,4	234	149
41	2	65,28	2,1	298	149
32	0	72,61	0,1	254	149
67	0	144,124	0,1	257	149
14	2	12,6	0,0	251	149
3	14	3,6	12,6	273	149
128	1	147,108	3,0	282	149
115	0	125,66	0,1	298	149
98	2	108,74	0,0	298	149
90	1	126,64	0,2	247	149
150	0	169,102	0,2	298	149
125	1	131,87	0,0	298	149
86	0	97,46	2,0	226	149
6	62	5,4	54,49	212	149
111	0	142,60	1,0	277	149
63	10	93,61	5,0	241	149
20	2	33,28	0,0	298	149
41	4	40,13	0,0	172	149
35	2	43,24	0,0	234	149
56	0	65,63	0,2	280	149
9	31	22,10	39,37	233	149
2	21	0,0	19,15	279	149
54	0	68,82	1,3	285	149
57	1	64,78	5,0	254	149
1	4	1,5	0,0	205	149
4	1	3,4	0,0	286	149
6	1	6,4	0,0	220	149
122	0	102,98	2,0	216	149
6	0	6,3	2,0	221	149
9	0	12,21	2,0	185	149
18	0	33,25	0,2	292	149
207	1	119,93	2,0	214	149
4	163	0,0	48,19	203	149
175	2	88,50	2,0	247	149
12	1	28,9	8,0	232	149
138	8	137,84	8,0	204	149
35	2	133,27	1,0	298	149
4	1	17,1	1,0	298	149
0	22	8,3	42,70	219	149
0	30	2,0	67,36	255	149
108	1	107,72	0,0	261	149
4	76	11,1	68,41	298	149
133	0	148,82	4,2	298	149
37	1	33,30	0,2	196	149
7	21	3,1	20,6	218	149
133	0	138,74	2,0	298	149
85	1	79,53	1,0	285	149
30	1	47,24	1,0	266	149
59	2	32,8	0,0	255	149
26	1	24,9	2,0	298	149
68	2	100,53	4,4	298	149
42	2	79,22	2,2	270	149
33	0	69,27	1,0	298	149
545	2	38,22	0,1	298	149
260	2	29,16	0,1	298	149
501	1	26,15	0,0	298	149
492	1	72,21	2,0	271	149
131	4	23,6	0,0	207	149
262	12	33,8	10,0	207	149
0	1506	2,0	952,564	298	149
3	0	6,1	2,0	224	149
7	17	8,1	6,0	221	149
64	8	61,25	0,0	257	149
2	7	0,0	14,13	298	149
3	101	2,4	84,27	298	149
2	91	2,0	10,19	250	149
15	48	0,2	6,4	298	149
96	2	6,4	0,0	275	149
13	24	4,7	25,5	183	149
9	1	7,3	8,2	246	149
26	1	15,10	8,2	249	149
105	2	84,32	0,0	252	149
124	0	108,53	1,0	270	149
53	2	30,19	3,2	203	149
6	32	0,0	21,17	248	149
0	66	2,0	110,52	234	149
0	6	2,2	6,2	223	149
73	2	70,31	0,1	298	149
83	1	96,42	2,0	287	149
19	0	21,19	1,0	233	149
60	2	59,26	2,2	233	149
2	63	1,0	63,17	254	149
1	6	2,0	10,3	266	149
0	14	2,0	28,14	203	149
51	0	19,23	1,0	271	149
0	1	1,0	0,0	298	149
49	3	36,16	0,0	225	149
60	5	45,24	2,0	232	149
209	3	170,97	0,0	280	149
216	2	143,39	5,0	298	149
139	2	128,41	0,1	227	149
168	8	107,46	9,6	294	149
243	1	170,90	0,0	268	149
139	17	101,57	1,0	229	149
154	1	80,70	0,0	265	149
125	2	89,33	7,0	237	149
153	1	96,40	0,0	281	149
198	5	93,84	8,4	298	149
133	3	117,50	4,0	220	149
21	0	6,7	2,0	249	149
6	0	2,14	1,0	242	149
7	4	2,10	0,0	242	149
0	1	1,0	0,0	225	149
1	15	1,0	18,14	235	149
2	6	0,0	7,8	213	149
0	4	2,2	4,4	293	149
0	4	0,2	4,4	298	149
1	0	4,9	0,8	271	149
1	0	0,0	0,8	264	149
78	0	57,41	3,5	249	149
75	3	46,31	4,0	249	149
68	0	47,32	0,2	249	149
9	17	2,0	14,16	212	149
9	14	2,4	3,4	212	149
9	7	2,0	4,5	212	149
60	3	36,38	4,0	298	149
77	14	47,49	3,4	298	149
60	0	33,33	0,4	298	149
13	0	8,4	0,2	298	149
24	7	7,8	4,5	298	149
86	0	40,43	0,4	298	149
14	10	3,2	4,4	202	149
26	10	6,10	4,4	265	149
26	1	6,10	0,0	265	149
27	10	8,12	4,4	298	149
8	0	4,15	0,1	284	149
11	1	4,13	0,0	284	149
10	1	4,4	0,0	298	149
14	1	6,9	0,0	298	149
0	1	0,1	0,10	156	149
3	1	0,1	0,10	234	149
0	1	0,1	0,10	276	149
0	2	0,2	9,83	271	149
89	0	126,80	3,0	244	149
0	53	0,2	66,52	254	149
0	45	2,0	34,32	170	149
91	4	106,70	0,6	262	149
113	2	159,64	0,0	245	149
65	4	92,33	0,0	194	149
2	73	0,0	65,24	243	149
44	1	45,39	0,0	207	149
137	2	77,35	1,2	210	149
2	92	0,2	48,22	294	149
1590	105	281,281	15,5	285	149
2322	5	380,269	0,0	298	149
14	4	5,3	3,0	237	149
2787	18	594,510	6,5	291	149
22	3	8,6	0,0	287	149
112	0	40,14	1,0	224	149
105	2	33,9	0,0	224	149
234	2	46,45	0,0	298	149
161	2	37,20	0,0	298	149
4	48	0,0	8,2	255	149
4	48	0,0	8,2	298	149
39	2	45,41	0,2	298	149
4	77	0,0	111,57	185	149
104	0	162,93	4,2	223	149
5	0	1,0	4,2	211	149
11	75	1,10	129,76	211	149
110	0	206,122	1,0	252	149
66	0	137,84	2,0	214	149
109	3	205,104	0,2	289	149
75	2	120,113	0,0	228	149
80	0	111,104	1,0	223	149
4	51	1,0	70,83	221	149
2	0	0,2	0,2	262	149
4	2	23,20	2,0	249	149
4	23	1,0	24,11	230	149
73	11	62,18	4,0	253	149
36	11	21,3	4,0	272	149
86	0	100,34	1,0	284	149
20	2	20,2	0,0	203	149
77	2	84,15	0,0	205	149
55	0	47,17	2,0	294	149
3	0	7,3	2,0	294	149
104	0	102,28	2,0	294	149
18	0	31,7	2,0	263	149
70	2	74,24	6,3	263	149
77	0	49,12	1,0	193	149
17	0	30,25	0,2	298	149
4	0	9,4	0,2	298	149
11	24	11,9	38,29	298	149
20	2	0,2	0,0	287	149
19	2	0,2	0,0	298	149
18	5	0,2	0,0	271	149
20	14	0,2	0,0	271	149
16	2	0,2	0,0	271	149
13	4	0,0	2,0	213	149
9	6	1,0	0,0	298	149
22	4	2,2	0,0	298	149
4	8	0,0	18,2	235	149
0	51	2,3	82,26	267	149
0	21	2,0	32,11	233	149
18	1	26,11	0,0	182	149
1	16	1,0	41,21	234	149
4	12	15,20	26,10	298	149
33	0	58,35	0,2	201	149
2	18	6,2	36,17	204	149
18	0	29,14	0,1	272	149
1	18	6,2	30,15	206	149
1	0	4,0	2,0	206	149
105	0	143,80	2,0	298	149
9	1	38,27	0,0	262	149
7	2	4,0	0,0	298	149
0	5	0,1	6,2	298	149
0	5	0,1	6,2	210	149
757	123	380,209	142,32	289	149
331	1	202,128	4,0	255	149
883	1	534,349	4,0	239	149
41	372	46,23	93,36	256	149
59	372	53,23	93,36	260	149
9840	13	165,184	0,0	260	149
11959	2	181,137	0,0	257	149
8988	2	53,48	0,0	230	149
107	1	2,0	0,0	260	149
59	3	41,22	6,3	238	149
1	15	0,0	29,9	269	149
64	4	58,22	1,4	280	149
0	23	3,0	19,4	263	149
47	0	72,16	2,0	298	149
50	0	81,16	2,0	298	149
13	5	9,4	2,10	231	149
25	4	8,14	5,0	298	149
153	3	39,34	0,2	298	149
26	3	2,4	0,2	269	149
38	2	4,6	0,0	269	149
67	3	54,42	4,1	251	149
35	3	24,6	6,8	236	149
126	3	83,34	6,8	298	149
4	5	0,0	3,4	269	149
2	52	0,1	28,23	269	149
178	0	193,57	5,0	199	149
2	148	2,3	129,38	246	149
154	0	156,106	2,0	298	149
241	0	197,139	2,0	277	149
125	1	102,77	0,0	271	149
0	70	2,0	39,16	245	149
111	0	56,23	1,0	286	149
2	0	2,0	0,1	298	149
239	38	97,54	2,10	229	149
61	38	28,8	2,10	224	149
12	38	11,4	2,10	174	149
0	21	3,1	22,13	298	149
39	65	55,36	83,71	241	149
1	0	8,0	6,4	208	149
0	2	6,0	0,0	208	149
1	0	6,0	3,0	269	149
4	0	2,0	0,2	242	149
4	0	23,12	0,1	292	149
1	0	0,0	1,0	242	149
4	5	2,1	17,23	218	149
3	8	15,14	5,6	193	149
13	10	12,8	23,7	286	149
1	6	0,0	5,0	186	149
1	13	0,0	13,8	186	149
5	0	63,39	3,0	267	149
61	0	197,155	1,0	221	149
205	0	152,66	1,0	238	149
17	0	3,0	0,2	210	149
96	1	27,9	0,0	298	149
217	2	171,126	3,5	245	149
42	2	45,17	4,0	235	149
157	2	132,56	4,0	295	149
6423	9	54,23	0,0	282	149
132	2	121,61	3,1	298	149
31	0	28,13	2,0	254	149
91	0	419,383	0,2	298	149
48	2	380,418	0,0	270	149
0	21	14,21	153,128	251	149
0	21	2,0	153,128	257	149
0	22	2,0	42,20	298	149
111	0	199,122	0,2	298	149
24	0	42,18	0,2	234	149
2	39	4,2	94,64	298	149
7	0	12,4	0,2	212	149
11	14	10,10	11,8	211	149
5	2	16,6	1,0	298	149
2	2	10,0	8,0	233	149
38	0	31,12	2,0	298	149
16	0	27,8	1,0	293	149
2	8	0,0	9,5	280	149
29	2	16,3	0,0	298	149
17	4	70,6	2,4	280	149
21	4	87,9	2,4	283	149
20	0	68,5	2,10	283	149
2	4	0,0	6,2	263	149
2	8	5,0	23,5	263	149
2	7	5,0	4,1	263	149
28	0	36,15	2,10	298	149
32	7	57,16	4,1	298	149
0	6	3,0	30,12	298	149
2424	2	976,544	6,2	284	149
1649	2	675,428	6,2	242	149
3246	0	1282,930	3,0	298	149
376	2	126,77	0,0	254	149
168	2	49,31	1,2	254	149
68	2	21,26	1,2	192	149
277	3	98,72	0,0	192	149
139	2	44,16	0,0	287	149
7	14	17,18	11,18	179	149
42	1	51,76	0,0	247	149
60	0	118,45	4,2	244	149
166	0	132,105	2,0	225	149
0	2	2,0	0,2	288	149
193	1	101,74	4,0	298	149
69	10	43,53	4,2	298	149
96	10	67,25	4,2	298	149
224	5	121,46	0,0	298	149
149	2	103,64	0,0	208	149
210	0	225,100	2,2	236	149
7	3	16,13	0,0	261	149
2	6	1,1	9,8	260	149
68	0	94,62	0,4	298	149
68	0	109,43	1,0	248	149
32	0	52,41	0,2	298	149
73	4	20,27	0,0	215	149
112	0	142,61	0,4	247	149
9	31	5,7	38,35	197	149
61	2	129,76	0,0	298	149
38	0	65,49	5,0	248	149
79	2	75,63	0,0	298	149
0	24	2,0	19,6	280	149
40	4	26,12	0,0	256	149
18	2	5,6	0,4	263	149
100	1	17,8	0,0	298	149
65	2	38,21	0,0	298	149
157	9	100,53	13,3	233	149
0	2	3,1	0,0	184	149
0	35	3,1	82,23	184	149
95	5	145,118	2,0	262	149
33	1	88,62	0,0	240	149
1	6	8,5	18,7	218	149
4	6	13,7	18,7	285	149
67	1	71,50	2,2	223	149
28	19	25,1	13,8	176	149
19	0	13,8	0,2	247	149
2	0	0,0	2,0	268	149
58	235	0,2	8,6	292	149
62	235	0,2	8,6	298	149
163	8	6,4	0,0	298	149
3	235	0,0	8,6	263	149
335	8	14,8	0,0	277	149
16	119	0,0	6,2	222	149
193	1	50,28	0,0	242	149
206	7	70,24	0,0	276	149
213	4	72,21	0,0	287	149
108	8	37,13	5,4	227	149
150	1	37,15	2,7	241	149
0	4	7,0	6,2	293	149
4	0	5,3	2,0	298	149
35	0	24,17	0,2	256	149
96	0	57,41	0,2	282	149
7	26	4,4	12,10	200	149
17	2	15,2	0,0	237	149
0	1	2,0	0,0	298	149
13	1	9,5	0,0	298	149
0	4	4,2	22,2	232	149
25	13	8,1	9,2	237	149
1	3	0,0	1,0	289	149
1	1	2,0	4,0	236	149
105	16	91,43	6,1	283	149
193	16	160,68	6,1	262	149
208	1	188,66	0,0	252	149
192	0	139,64	0,2	206	149
228	0	209,115	2,0	298	149
0	169	8,0	195,75	273	149
165	0	231,166	2,4	199	149
0	100	4,4	182,102	298	149
105	6	336,212	6,2	298	149
36	0	36,43	0,2	199	149
9	60	25,14	79,73	206	149
2	4	0,0	1,0	233	149
1	3	0,0	9,6	233	149
8	3	5,8	9,6	298	149
47	36	145,61	67,23	238	149
73	36	229,97	67,23	242	149
46	4	146,61	8,8	242	149
49	10	147,63	14,11	242	149
46	7	146,61	3,4	242	149
21	1	25,6	0,3	199	149
33	4	42,11	8,8	199	149
59	10	67,36	14,11	199	149
22	7	37,8	3,4	199	149
50	3	100,46	1,2	199	149
13	10	11,11	14,11	298	149
15	47	16,9	83,49	298	149
16	10	17,16	14,11	205	149
10	7	7,6	3,4	205	149
12	3	9,8	1,2	205	149
29	47	29,15	83,49	205	149
17	3	20,1	20,5	205	149
2	10	0,0	14,11	201	149
19	7	25,10	5,0	233	149
230	4	95,59	0,0	266	149
5	127	7,2	55,43	206	149
356	0	308,141	1,0	298	149
67	0	55,21	2,0	298	149
3	23	0,1	9,3	226	149
46	0	36,7	2,0	218	149
23	0	13,4	2,0	224	149
14	0	19,9	0,1	207	149
37	0	38,37	0,1	298	149
34	0	41,33	0,2	246	149
51	2	22,39	8,6	208	149
53	0	68,38	2,0	294	149
11	0	99,78	2,1	252	149
2	2	33,22	2,8	180	149
8	2	67,60	2,8	248	149
0	2	2,0	0,0	269	149
0	2	2,0	3,0	298	149
264	2	129,79	3,0	298	149
213	2	94,61	4,0	267	149
123	6	53,33	2,0	267	149
86	6	57,30	2,0	298	149
185	6	95,60	1,2	298	149
101	1	44,30	0,0	298	149
6	1	1,2	0,0	298	149
84	0	53,30	2,0	298	149
46	1	49,37	0,0	223	149
0	2	0,2	0,0	213	149
6	191	0,0	4,0	239	149
412	2	17,0	0,0	283	149
0	18	0,2	32,21	290	149
216	8	129,34	3,0	249	149
248	0	143,76	1,0	233	149
249	1	154,85	0,0	236	149
322	3	164,57	0,1	248	149
251	0	121,49	2,0	237	149
51	6	93,50	10,0	222	149
18	10	16,8	2,4	296	149
2	35	2,0	50,15	267	149
18	4	20,10	6,3	208	149
9	4	4,10	6,3	217	149
14	0	10,10	7,0	237	149
0	26	0,1	13,9	281	149
1	38	0,0	17,11	208	149
95	1	158,92	0,0	275	149
131	0	144,67	2,0	298	149
75	0	54,16	2,0	298	149
91	0	103,28	2,0	223	149
4	53	0,2	46,11	298	149
7	45	1,0	11,14	298	149
58	0	14,20	4,0	201	149
126	0	314,103	2,0	206	149
2	0	15,3	0,2	206	149
0	125	4,0	314,107	267	149
119	0	231,123	0,2	251	149
243	0	540,229	13,3	251	149
119	0	231,123	2,0	251	149
0	176	1,4	346,159	176	149
461	0	1114,613	20,15	298	149
14	44	3,0	25,13	251	149
12	2	3,0	0,0	251	149
2	44	0,0	25,13	205	149
301	0	155,87	0,4	279	149
463	1	241,129	0,0	230	149
114	0	31,40	1,0	298	149
400	8	66,45	4,0	288	149
183	7	29,13	4,2	288	149
141	7	50,13	4,2	227	149
348	1	82,46	0,0	227	149
18	2	16,20	4,0	262	149
2	2	5,2	0,0	208	149
4	0	5,2	1,0	208	149
47	7	18,17	0,0	203	149
21	0	16,21	1,0	298	149
2	15	0,0	18,12	252	149
78	2	65,60	2,0	298	149
63	2	31,35	2,0	298	149
13	3	14,11	0,0	298	149
12	2	12,10	2,0	298	149
336	1	74,102	0,0	298	149
338	1	78,102	0,0	298	149
600	1	151,162	0,0	298	149
311	2	125,107	4,0	298	149
571	2	202,167	4,0	298	149
170	72	68,57	14,4	298	149
83	1	29,20	0,0	175	149
4	54	0,2	23,11	198	149
138	0	135,51	2,0	263	149
82	82	107,30	62,22	212	149
6	58	6,0	32,10	210	149
16	0	7,6	0,2	265	149
1	15	0,0	7,2	200	149
36	4	10,2	4,0	296	149
71	2	69,18	0,0	181	149
139	0	35,38	0,1	230	149
112	3	13,3	0,0	192	149
2	34	4,1	24,20	188	149
79	5	65,40	2,2	263	149
105	0	57,49	2,0	298	149
147	3	112,44	2,0	258	149
167	0	85,37	3,0	285	149
106	2	66,19	2,0	247	149
2	25	1,2	54,9	271	149
3	27	13,4	46,25	298	149
31	5	50,34	11,2	223	149
41	2	190,71	0,4	281	149
18	2	46,11	0,0	298	149
35	2	134,49	0,0	243	149
13	22	13,49	30,5	298	149
7	22	13,41	30,5	273	149
35	9	34,36	6,2	298	149
154	2	84,60	0,6	294	149
101	2	61,24	0,6	291	149
38	0	39,22	2,2	197	149
13	0	47,34	0,1	246	149
0	4	2,0	24,18	298	149
3	0	23,15	0,6	265	149
10	0	52,29	1,0	298	149
4	0	47,21	7,0	285	149
6	2	97,29	2,0	297	149
25	1	127,39	16,3	298	149
0	14	0,1	120,53	246	149
1	0	0,2	0,2	298	149
10	0	12,6	2,0	223	149
89	0	114,58	4,0	298	149
26	0	29,12	2,0	298	149
8	0	4,8	2,2	217	149
10	0	4,9	0,2	252	149
43	2	21,8	4,0	298	149
1	26	2,0	32,31	245	149
5	0	93,22	8,2	298	149
60	0	38,41	0,2	296	149
60	0	35,41	0,2	298	149
83	0	64,103	2,0	298	149
44	0	32,29	2,0	268	149
359	4	306,194	0,0	298	149
75	4	63,35	0,0	219	149
298	1	348,228	0,0	227	149
475	7	426,330	4,6	273	149
0	2	2,0	2,0	226	149
0	16	1,0	6,6	223	149
36	165	14,3	35,16	255	149
18	43	3,0	1,0	255	149
21	4	10,5	0,0	255	149
264	43	47,31	1,0	272	149
125	3	26,18	0,0	272	149
119	1	20,14	0,0	229	149
34	0	28,19	0,2	249	149
46	0	43,27	2,0	271	149
44	1	25,9	0,0	280	149
2	1	0,0	11,2	216	149
1	0	160,34	1,0	248	149
1	0	116,23	1,0	248	149
2	0	147,42	1,0	298	149
2	0	193,53	3,0	298	149
7	2	392,115	14,2	255	149
6	0	395,109	6,2	198	149
11	0	630,150	7,6	242	149
20	1	6,3	4,2	244	149
9	2	3,5	1,0	277	149
8	0	13,0	2,6	233	149
11	8	4,5	23,9	225	149
1	9	0,0	12,14	261	149
2	6	0,0	6,4	298	149
30	0	11,12	2,0	274	149
22	1	30,18	0,0	203	149
139	1	140,85	4,2	298	149
81	0	78,59	9,5	290	149
0	39	2,7	46,23	298	149
22	0	42,31	2,0	298	149
32	2	56,29	0,0	288	149
6	8	30,14	14,2	232	149
7	11	24,11	34,10	247	149
23	2	80,43	0,0	253	149
0	2	6,0	17,6	298	149
0	12	0,2	4,2	298	149
2	43	9,5	68,43	275	149
0	43	4,5	68,43	280	149
92	0	154,56	3,0	298	149
68	2	37,26	0,0	186	149
23	0	16,12	2,0	186	149
68	9	26,21	12,14	202	149
19	0	11,4	1,0	202	149
6	46	0,0	16,11	287	149
0	9	4,0	12,14	242	149
6	6	6,16	2,1	240	149
3	4	2,4	3,4	174	149
38	6	23,12	2,1	174	149
1	7	2,4	4,2	174	149
5	2	7,2	0,0	298	149
14	0	14,12	0,2	283	149
0	29	2,0	17,19	257	149
2	29	1,0	17,19	194	149
90	0	60,36	2,2	224	149
299	1	407,227	1,2	293	149
190	4	114,59	0,0	298	149
108	0	78,25	1,0	298	149
180	1	131,65	0,0	283	149
1	0	6,4	2,0	228	149
0	12	0,4	8,13	298	149
3	0	9,5	2,0	226	149
17	0	12,21	2,0	296	149
0	9	6,0	7,6	298	149
12	2	27,15	0,0	203	149
19	0	49,10	1,0	261	149
18	0	64,8	1,0	251	149
36	0	39,26	2,2	295	149
33	0	44,35	1,0	298	149
81	2	50,35	3,4	275	149
39	4	88,45	7,5	233	149
18	4	31,14	7,5	242	149
32	0	50,45	2,0	287	149
0	19	1,0	12,0	161	149
27	0	39,43	2,0	281	149
38	0	68,35	3,0	294	149
40	0	67,51	0,2	202	149
3	0	4,4	0,2	298	149
0	200	2,0	211,188	222	149
56	1	22,21	0,0	272	149
0	68	0,2	22,30	215	149
0	22	2,2	117,101	298	149
263	5	97,112	2,4	189	149
568	0	96,61	0,2	298	149
413	11	86,56	6,1	239	149
269	3	85,22	0,0	298	149
0	2	2,0	4,8	204	149
2	0	0,0	2,0	298	149
124	0	246,159	1,2	251	149
162	0	253,196	2,0	260	149
163	0	218,178	1,0	254	149
0	60	6,4	62,35	292	149
34	0	32,39	2,0	215	149
4	0	7,0	0,2	298	149
323	2	570,468	0,0	298	149
23	6	8,10	0,0	298	149
7	53	6,4	29,22	196	149
112	0	112,105	0,2	257	149
2	0	2,0	2,5	237	149
68	2	54,54	0,0	282	149
228	0	360,271	1,0	217	149
21	1	18,2	2,0	253	149
0	89	0,2	50,18	242	149
7	42	13,2	26,7	210	149
2	0	0,0	4,0	210	149
5	1	2,2	7,9	290	149
2	31	2,0	47,26	177	149
67	0	106,40	6,0	272	149
50	1	76,16	0,0	185	149
5	99	1,3	12,12	298	149
496	1	40,29	0,0	298	149
283	0	16,13	0,2	251	149
739	2	160,81	0,0	298	149
433	0	127,26	2,0	298	149
38	218	9,4	89,21	260	149
457	8	143,34	0,0	293	149
422	5	78,7	0,0	269	149
0	9	2,0	6,11	228	149
1292	10	64,11	0,0	227	149
7447	10	318,123	0,0	227	149
2836	4	201,43	0,0	182	149
6779	1	429,131	0,0	298	149
4841	1	309,148	0,0	249	149
9318	30	554,226	6,0	251	149
16	4520	0,0	230,117	284	149
4733	1	247,123	0,0	264	149
748	1	37,17	0,0	298	149
165	5	92,29	0,0	264	149
226	0	124,62	4,0	205	149
105	0	145,78	0,2	298	149
97	2	157,61	0,0	252	149
0	1	7,0	1,0	229	149
0	2	4,9	0,0	295	149
8	4	8,2	6,10	199	149
0	6	1,0	5,0	206	149
6	0	6,2	3,0	292	149
12	0	7,9	2,2	298	149
0	11	2,4	46,28	255	149
6	0	28,33	2,0	298	149
166	54	74,38	37,6	284	149
71	0	42,20	2,0	284	149
99	2	50,20	0,1	206	149
243	14	178,46	9,4	251	149
21	54	31,18	27,4	257	149
33	31	32,17	12,12	170	149
33	31	22,19	12,12	167	149
202	6	180,62	10,0	298	149
216	0	212,63	0,2	298	149
19	3	21,17	0,0	298	149
22	0	60,47	2,2	282	149
49	0	100,58	2,0	298	149
40	0	78,68	0,1	244	149
15	0	13,12	0,2	298	149
357	15	311,168	13,12	203	149
142	0	152,88	0,2	267	149
222	0	208,96	0,1	267	149
386	6	375,185	4,1	267	149
268	2	244,129	1,2	267	149
0	6	0,1	4,1	219	149
48	2	29,8	1,2	251	149
207	47	193,96	37,35	251	149
267	0	159,76	4,0	283	149
427	0	251,153	2,0	298	149
307	2	184,168	2,0	298	149
267	1	180,83	0,0	298	149
2	7	7,0	6,6	281	149
33653	6	6065,6851	4,0	239	149
8911	5	2249,3906	0,0	248	149
1482	0	335,965	2,0	298	149
0	1	2,0	2,2	298	149
8	3	16,18	8,0	286	149
9	0	12,21	0,2	298	149
34	2	21,23	7,5	298	149
33	0	47,10	4,0	259	149
29	0	38,14	0,2	259	149
22	4	51,29	3,1	243	149
23	8	35,29	7,10	298	149
122	0	221,234	2,0	281	149
180	1	309,285	0,4	298	149
18	45	34,46	82,81	234	149
38	2	80,122	0,0	234	149
1353	7	1264,880	2,3	216	149
31	0	23,26	2,2	278	149
28	1	21,6	0,0	190	149
114	0	140,76	0,2	298	149
83	0	104,49	0,2	278	149
7	26	12,4	30,13	280	149
8	21	12,4	10,12	280	149
107	10	102,96	11,5	239	149
2	9	0,0	15,1	185	149
0	4	4,1	4,2	278	149
7	18	7,1	18,12	232	149
6	0	26,9	0,1	219	149
173	12	0,5	0,0	298	149
117	2	0,11	0,0	241	149
176	2	0,13	0,0	282	149
258	6	0,22	0,2	238	149
78	0	87,45	1,0	298	149
88	0	106,61	1,0	255	149
239	0	295,100	2,0	298	149
11	2	9,3	10,4	228	149
17	90	15,4	115,80	228	149
2	90	12,4	115,80	278	149
2	8	2,1	6,2	278	149
239	0	178,88	0,6	241	149
165	0	96,64	5,0	289	149
300	8	259,144	4,11	298	149
193	1	148,77	0,0	225	149
137	0	63,25	0,2	298	149
16	0	6,1	0,2	298	149
105	2	61,58	0,0	247	149
126	4	55,21	4,0	250	149
189	0	100,46	0,1	298	149
141	0	67,55	2,0	282	149
16	5	5,4	10,6	257	149
2	22	0,0	22,7	190	149
48	2	131,68	0,0	298	149
159	0	115,50	4,0	280	149
2	0	25,14	15,11	242	149
16	0	14,3	10,8	270	149
16	67	1,2	36,15	201	149
2	54	2,0	61,40	246	149
17	46	9,15	65,55	233	149
180	2	175,212	0,0	298	149
2	0	0,8	2,0	298	149
0	2	1,0	0,0	287	149
2	91	0,2	85,68	298	149
69	0	101,48	0,2	226	149
1	2	4,15	1,4	218	149
33	16	0,2	0,0	283	149
0	21	2,4	33,14	298	149
1	21	2,2	33,14	298	149
1	0	2,2	1,0	272	149
3	0	21,4	1,0	268	149
53	0	46,24	0,1	218	149
6	2	2,2	0,0	197	149
87	0	183,143	1,0	218	149
15	2	12,21	0,0	282	149
18	5	64,23	43,11	298	149
33	0	253,62	2,0	298	149
15	0	80,20	1,0	237	149
6	0	128,22	0,1	287	149
17	0	128,24	6,0	278	149
7	0	69,7	8,5	278	149
2	0	23,7	8,5	215	149
13	1	85,24	6,0	215	149
18	0	108,42	7,7	298	149
18	0	132,60	0,1	298	149
10	3	79,29	0,2	298	149
7	0	62,25	3,0	298	149
6	0	25,6	0,1	288	149
16	2	112,41	1,0	245	149
5	0	5,2	0,2	253	149
14	0	11,6	0,2	259	149
9	0	9,6	1,0	226	149
1	2	4,0	5,0	194	149
10	2	8,2	5,0	248	149
2	12	3,0	12,2	298	149
15	0	8,6	1,0	231	149
9	2	22,2	2,2	287	149
21	0	26,20	0,3	298	149
21	4	21,13	1,2	254	149
240	12	143,72	3,8	245	149
237	0	174,172	1,0	298	149
221	6	175,185	17,9	298	149
121	0	132,94	2,0	260	149
249	4	159,222	0,2	298	149
78	0	70,61	4,0	298	149
114	2	115,88	1,0	207	149
131	3	128,103	1,0	255	149
27	1	8,6	0,0	283	149
7	0	3,12	0,1	298	149
0	2	2,0	0,0	242	149
0	1	1,2	0,0	227	149
3	1	0,3	2,0	298	149
0	22	1,0	17,19	298	149
108	2	86,34	0,1	221	149
159	0	109,45	0,1	297	149
24	38	18,6	11,16	298	149
0	43	6,1	10,20	298	149
55	43	24,4	10,20	298	149
2	4	4,4	0,0	269	149
2	58	1,0	68,20	252	149
200	1	225,100	0,0	217	149
6	156	4,8	171,84	213	149
509	5	401,214	1,1	261	149
4	0	47,35	2,0	258	149
2	0	7,9	0,6	224	149
4	0	16,8	2,0	224	149
2	0	44,17	4,1	221	149
0	1	12,7	9,7	221	149
0	1	20,2	9,7	224	149
2	0	49,11	2,0	224	149
21	0	142,101	3,0	298	149
0	14	2,0	74,54	246	149
4	16	324,45	49,22	298	149
66	58	680,130	99,38	296	149
44	58	368,77	99,38	225	149
4	210	22,5	1148,362	298	149
12	0	16,26	2,0	248	149
37	117	36,39	177,133	248	149
0	117	2,1	177,133	298	149
0	25	0,3	20,15	298	149
65	2	68,33	0,0	231	149
2	0	0,1	0,2	268	149
1	23	0,4	1,7	286	149
8	0	2,0	0,1	281	149
9	23	2,4	1,7	281	149
15	19	6,0	8,8	281	149
8	23	2,0	1,7	298	149
2	19	0,1	8,8	242	149
2	7	0,0	4,0	242	149
29	19	7,7	8,8	270	149
7	7	6,4	4,0	270	149
6	2	6,0	0,1	270	149
20	6	46,57	0,3	229	149
67	1	23,9	0,0	268	149
865	4	362,123	0,0	270	149
388	4	150,68	0,0	289	149
834	2	253,102	0,0	243	149
439	2	160,58	2,0	243	149
621	2	276,135	2,0	298	149
117	2	51,55	2,0	224	149
500	0	147,97	2,0	224	149
138	2	112,41	0,0	273	149
114	0	95,43	2,0	298	149
33	52	34,14	8,7	194	149
24	0	35,10	0,4	292	149
8	1	18,10	1,0	246	149
39	1	23,4	2,0	217	149
28	2	41,33	0,0	287	149
53	4	27,29	0,0	244	149
141	2	26,12	0,0	298	149
31	2	3,3	0,0	221	149
18	0	2,10	2,0	298	149
64	7	86,30	4,2	286	149
2	9	0,0	2,2	236	149
46	0	29,8	2,0	298	149
25	0	11,12	0,4	298	149
1	0	3,0	0,4	298	149
38	0	30,6	2,0	298	149
30	8	19,0	0,4	298	149
9	0	12,6	2,0	298	149
9	8	3,2	0,4	216	149
18	1	13,8	1,0	216	149
60	0	55,72	2,0	271	149
0	1	2,0	2,5	233	149
394	3	12,16	0,0	256	149
288	3	11,10	0,0	298	149
73	3	1,2	0,0	289	149
80	0	0,0	0,2	298	149
8	31	10,6	22,6	266	149
20	0	76,41	0,2	239	149
2	0	75,20	0,2	234	149
3	0	24,17	0,2	298	149
5	0	62,18	8,4	298	149
9	0	52,21	2,0	296	149
1364	36	181,69	3,3	298	149
2	0	2,0	5,0	208	149
1	0	1,0	5,4	298	149
0	2	1,0	10,0	298	149
1775	1	605,471	0,0	298	149
886	3	323,188	0,0	174	149
149	2	27,21	1,0	298	149
86	146	68,13	27,21	245	149
50	0	31,39	2,1	240	149
40	4	77,32	0,0	251	149
5	9	7,5	4,4	298	149
67	0	53,35	0,1	262	149
35	1	40,24	0,0	298	149
25	4	19,17	0,0	285	149
15	2	8,7	2,2	285	149
10	2	11,5	2,2	298	149
19	3	22,16	0,0	298	149
24	2	7,3	0,0	276	149
23	62	16,11	54,31	251	149
109	1	150,122	2,0	262	149
135	1	144,132	0,1	242	149
34	0	17,15	1,0	221	149
42	2	18,3	0,2	222	149
67	1	31,7	0,0	298	149
1	0	1,0	2,0	219	149
976	3	149,169	0,0	225	149
2	28	0,0	25,11	195	149
2	5	1,0	5,8	298	149
34	0	23,24	4,0	220	149
2	8	5,2	8,7	240	149
26	0	6,0	0,2	274	149
36	0	8,0	0,2	199	149
6	2	2,0	0,0	272	149
0	2	0,2	0,0	237	149
6	3	6,4	2,5	257	149
31	2	107,53	2,4	252	149
22	2	51,50	2,1	250	149
47	0	189,223	2,0	298	149
34	2	47,58	0,0	208	149
30	0	41,53	0,2	270	149
2	24	2,2	19,16	245	149
31	7	11,8	0,0	298	149
124	3	12,13	0,0	298	149
2	1	7,11	0,0	298	149
470	2	35,60	0,0	183	149
505	2	49,58	0,0	270	149
238	0	72,53	2,0	247	149
2	0	45,27	2,0	298	149
49	31	41,22	33,19	249	149
47	1	6,8	0,0	237	149
73	14	13,6	16,6	268	149
32	0	14,0	0,2	298	149
9	1	5,0	0,0	298	149
18	0	17,6	2,0	298	149
2	1	2,2	0,0	282	149
29	4	12,0	1,0	282	149
0	1	2,3	0,0	298	149
27	4	12,1	1,0	298	149
24	2	13,7	2,0	297	149
204	0	402,413	1,0	298	149
198	0	282,294	0,5	240	149
322	0	543,449	0,2	298	149
304	2	516,361	5,0	230	149
71	6	91,64	1,0	298	149
5	6	19,12	1,0	298	149
15265	0	11355,6885	2,0	298	149
33298	0	26044,18234	2,0	298	149
0	115	0,2	109,60	189	149
329	0	389,201	2,0	213	149
337	0	436,196	0,2	221	149
59	2	106,62	0,1	298	149
29	3	39,24	0,2	244	149
2	2	2,0	0,0	240	149
0	2	0,2	0,0	247	149
76	0	56,35	0,2	298	149
98	4	56,42	0,0	298	149
57	3	39,25	0,0	298	149
10	44	2,0	17,17	220	149
18	3	3,4	0,0	298	149
58	3	20,21	0,0	298	149
0	2	7,0	2,0	266	149
0	2	2,0	0,0	193	149
56	0	97,36	2,0	208	149
107	1	153,129	7,0	255	149
35	1	61,50	7,0	265	149
0	1	0,2	7,0	278	149
0	73	0,2	94,79	278	149
90	3	110,51	0,0	255	149
0	12	0,2	15,6	252	149
8	2	12,0	2,0	298	149
2	0	2,0	0,2	263	149
15	0	18,5	0,2	298	149
1	0	19,2	2,0	293	149
13	0	14,1	8,0	298	149
4	0	0,0	2,0	257	149
59	2	45,24	0,0	230	149
8	1	4,10	0,4	191	149
86	0	81,49	0,2	251	149
2	0	11,7	2,0	220	149
2	43	0,0	36,27	228	149
60	0	56,28	2,0	286	149
263	0	278,106	2,2	228	149
16	0	25,8	0,2	228	149
24	256	23,16	259,104	298	149
9	256	2,16	259,104	238	149
4	0	15,4	0,2	298	149
260	0	272,106	3,0	298	149
397	2	525,343	0,0	298	149
575	4	787,460	13,2	223	149
37	1	28,13	0,0	298	149
2	38	0,0	35,14	234	149
40	6	35,12	0,0	194	149
39	1	21,16	0,0	219	149
1	1	0,0	1,0	214	149
8	1	8,5	0,0	223	149
7	2	3,13	11,15	206	149
5	0	0,5	1,0	206	149
2	0	0,0	2,0	284	149
2	2	4,0	0,0	298	149
181	2	156,178	0,0	252	149
175	0	113,62	0,2	216	149
108	2	83,46	0,0	267	149
12	2	3,0	0,0	203	149
6	3	0,5	0,0	212	149
12	0	7,2	0,1	214	149
0	33	0,4	27,11	298	149
704	3	10,35	0,0	262	149
292	6	8,22	0,0	262	149
352	6	12,11	0,0	239	149
790	40	18,24	4,0	239	149
0	36	1,0	29,16	238	149
22	2	15,6	2,0	200	149
16	5	21,9	0,0	200	149
15	5	30,11	5,15	200	149
5	5	6,5	0,0	200	149
0	5	3,1	5,15	200	149
16	5	4,6	6,4	200	149
1	4	1,2	15,6	200	149
1	1	0,1	0,0	200	149
12	5	11,0	5,15	212	149
12	4	17,4	15,6	212	149
22	2	15,5	1,1	212	149
36	1	71,32	0,0	209	149
34	2	57,27	0,0	209	149
9	46	2,3	92,43	274	149
62	6	94,82	8,4	272	149
0	38	2,0	48,37	209	149
21	1	39,42	0,0	239	149
66	1	111,60	2,0	252	149
55	0	58,9	1,0	214	149
23	1	39,22	0,0	212	149
665	0	826,510	2,0	259	149
322	0	391,279	4,0	259	149
324	0	393,284	2,0	284	149
183	0	254,216	4,0	230	149
524	2	676,439	0,0	230	149
0	1	0,2	0,0	290	149
2	0	2,0	2,0	274	149
12	2	15,19	0,0	175	149
30	2	21,12	0,0	271	149
2	14	0,0	2,5	241	149
294	1	93,88	0,0	240	149
115	2	126,59	0,0	296	149
20	0	46,35	6,0	298	149
29	0	75,34	0,2	205	149
17	12	17,14	43,34	298	149
9	4	9,13	0,0	298	149
4	2	3,5	0,0	298	149
0	14	2,4	19,8	251	149
0	9	0,2	4,6	227	149
2	3	2,0	4,4	298	149
2	3	0,0	4,4	298	149
2	2	0,0	2,0	298	149
50	1	21,24	0,0	298	149
40	1	17,18	0,0	279	149
13	64	4,1	53,47	194	149
91	1	79,35	0,2	241	149
94	5	63,43	2,4	245	149
87	0	71,47	1,0	235	149
92	1	91,68	0,0	248	149
120	0	105,51	1,0	266	149
3	22	0,0	2,2	266	149
22	0	2,2	2,1	291	149
33	0	46,46	2,0	274	149
5	0	12,9	2,0	163	149
48	47	0,13	4,6	298	149
1	2	0,2	2,0	298	149
2	755	4,0	622,503	234	149
19	0	17,31	2,0	298	149
62	1	64,43	0,0	287	149
2	0	1,8	2,0	212	149
6	7	10,10	2,0	298	149
21	7	23,18	2,0	287	149
9	0	12,12	2,0	298	149
2	5	0,0	7,0	298	149
2	18	10,12	45,44	298	149
4	8	1,2	23,16	243	149
880	2	938,583	0,0	239	149
221	9	218,96	11,2	298	149
170	5	128,74	0,1	298	149
281	0	460,272	1,0	298	149
0	118	2,3	113,60	216	149
151	2	170,78	2,0	210	149
87	2	94,60	1,2	173	149
165	2	210,162	0,0	252	149
77	1	154,106	1,0	264	149
1	17	0,0	29,8	267	149
34	0	48,11	2,0	228	149
19	2	35,21	0,2	254	149
8	7	5,8	18,18	255	149
45	4	100,57	4,2	298	149
50	4	104,73	4,2	298	149
55	16	90,70	31,22	223	149
0	74	3,0	115,97	184	149
0	34	1,0	21,37	203	149
105	0	166,68	2,0	224	149
29	0	52,18	0,2	224	149
39	0	71,39	0,2	247	149
117	0	189,94	2,0	247	149
1	0	2,0	0,1	235	149
3	0	0,0	2,0	230	149
29	0	66,70	2,0	192	149
4	0	0,0	0,1	201	149
0	2	2,0	0,0	298	149
2	0	0,0	0,1	269	149
2	0	4,0	0,1	298	149
2	0	4,0	0,1	296	149
247	4	160,90	0,2	189	149
162	1	67,38	0,0	226	149
128	0	50,37	2,0	249	149
93	5	72,98	0,0	298	149
64	0	47,59	0,1	298	149
20	1	34,18	0,0	298	149
103	0	159,71	2,0	298	149
51	2	55,27	0,0	298	149
3	2	9,12	0,0	267	149
49	0	114,56	3,0	267	149
17	0	19,16	0,2	290	149
27	4	21,29	8,12	290	149
81	1	71,30	1,2	298	149
3	2	6,4	1,2	257	149
76	1	86,20	0,0	232	149
72	7	67,24	3,2	235	149
28	1	19,10	8,0	208	149
9	0	12,7	1,0	208	149
16	1	11,6	8,0	211	149
28	2	14,4	1,1	258	149
0	2	2,0	10,1	231	149
1	0	4,2	2,0	231	149
5	2	7,15	10,1	298	149
7	0	11,17	2,0	298	149
0	99	0,4	162,200	298	149
80	0	144,160	3,2	250	149
153	0	226,266	3,2	275	149
6	0	2,6	2,0	209	149
6	0	2,6	4,0	209	149
6	0	21,5	0,2	211	149
0	5	6,0	0,0	298	149
10	12	1,0	7,0	277	149
11	27	1,0	8,3	277	149
1	4	0,4	0,4	266	149
2	126	0,4	58,38	266	149
271	2	150,85	0,0	298	149
11	0	14,2	4,2	221	149
23	0	33,9	4,2	251	149
17	38	21,5	51,14	251	149
0	38	7,2	51,14	200	149
6	0	14,3	1,0	200	149
79	1	107,66	0,0	298	149
0	8	0,2	9,10	298	149
640	0	65,76	0,2	254	149
10	381	4,0	54,45	180	149
455	6	65,61	2,0	261	149
1	0	2,0	2,0	222	149
0	2	2,0	0,0	222	149
4	0	0,0	2,0	205	149
4	0	1,0	1,0	203	149
3	4	0,0	1,2	203	149
4	4	1,0	1,2	242	149
7	2	1,0	0,0	242	149
4	0	8,7	0,2	280	149
2	0	4,3	0,2	272	149
215	0	356,218	2,2	240	149
168	0	246,111	0,1	229	149
457	0	552,226	1,0	232	149
464	3	501,242	2,0	244	149
94	13	143,95	2,0	240	149
1	0	2,0	2,1	284	149
1	4	2,0	0,0	284	149
368	0	273,151	2,0	237	149
2	2	1,0	0,0	269	149
24	2	51,36	2,2	242	149
27	2	67,73	0,0	298	149
0	44	4,5	87,78	298	149
124	6	299,263	14,7	272	149
165	4	379,301	8,8	263	149
180	2	399,301	17,22	218	149
2	125	4,0	271,211	200	149
10	2	7,0	6,0	298	149
2	0	0,0	2,5	178	149
3	0	0,0	3,3	194	149
9	8	21,17	10,0	298	149
146	0	174,141	2,0	298	149
229	5	260,271	2,0	298	149
1	0	26,8	24,5	233	149
1	8	24,8	25,6	233	149
4	0	53,15	2,0	298	149
3	0	34,6	2,0	298	149
3	0	10,1	2,0	298	149
8	0	27,6	2,0	268	149
14	2	28,12	1,0	295	149
0	8	1,0	3,4	250	149
2	1	0,0	1,0	205	149
4	2	5,0	0,0	298	149
17	0	6,10	2,0	243	149
118	4	87,46	4,0	277	149
136	3	134,72	0,0	288	149
73	3	77,42	0,0	277	149
8	0	21,24	2,0	298	149
3	2	16,11	0,0	298	149
2	13	0,2	10,13	282	149
9	1	18,17	1,0	241	149
2	33	3,2	21,26	298	149
427	7	50,45	0,0	261	149
185	1	25,28	0,0	261	149
251	1	32,20	0,0	298	149
488	2	57,37	0,0	298	149
181	2	22,14	0,0	241	149
5	5	2,1	1,2	199	149
46	0	11,12	2,0	211	149
5	0	6,8	2,0	218	149
11	1	35,21	0,2	298	149
1	0	0,2	1,2	298	149
10	0	14,14	1,2	298	149
9	0	11,6	2,0	212	149
3	3	5,8	7,6	228	149
7	6	5,13	10,10	228	149
17	1	30,21	1,2	298	149
23	0	38,31	0,7	298	149
6	0	3,6	4,0	260	149
0	5	5,0	4,4	278	149
88	4	30,27	0,0	245	149
0	2250	2,0	1150,1222	298	149
4816	2	2956,3524	0,0	236	149
11	11	15,10	15,0	177	149
10	10	8,11	15,0	177	149
2	10	0,0	23,17	241	149
225	2	225,140	0,0	227	149
2	3	10,15	2,3	256	149
8	1	18,15	0,0	260	149
8	1	5,10	0,0	220	149
2	11	0,0	17,11	289	149
11	2	4,10	0,0	248	149
0	2	2,0	0,0	271	149
44	0	65,42	6,0	224	149
132	0	187,147	4,0	298	149
120	6	167,168	0,2	233	149
111	0	153,99	4,0	233	149
20	2	62,46	6,2	224	149
26	0	76,72	0,2	254	149
12	3	33,25	2,4	188	149
2	25	0,2	34,19	211	149
283	2	286,181	0,0	242	149
223	0	157,102	2,0	292	149
80	0	77,52	2,0	298	149
0	246	3,0	212,180	285	149
6	113	10,2	74,41	298	149
6	113	10,2	74,41	298	149
3	0	1,0	2,0	298	149
69	0	67,38	3,0	193	149
20	2	16,16	0,0	193	149
55	2	29,26	0,0	298	149
104	0	79,48	2,0	298	149
128	0	84,57	2,0	298	149
86	0	79,54	1,0	218	149
62	0	72,24	2,6	197	149
16	1	27,8	8,0	197	149
37	1	41,15	8,0	271	149
84	2	88,25	4,0	271	149
10	40	1,0	48,9	252	149
33	2	43,7	0,0	253	149
52	7	60,13	2,1	253	149
4	7	0,0	2,1	184	149
9	26	5,0	23,6	184	149
4	2	7,6	0,0	256	149
375	0	556,255	1,0	298	149
264	0	428,241	2,2	298	149
202	0	342,205	2,0	208	149
97	4	94,41	0,4	239	149
104	0	74,42	4,0	281	149
246	3	253,131	1,1	283	149
204	0	239,146	0,4	249	149
215	0	247,137	0,2	298	149
214	0	197,118	2,0	298	149
207	2	211,95	0,0	298	149
207	2	238,125	2,0	298	149
2	73	0,0	84,42	245	149
19	78	26,15	59,34	298	149
145	2	91,69	0,0	260	149
289	3	518,648	0,2	295	149
2	21	4,4	13,6	298	149
0	1	10,8	2,0	298	149
8	0	23,76	2,2	199	149
74	3	168,138	1,0	246	149
91	2	92,72	0,0	230	149
59	0	55,68	5,2	250	149
86	1	157,47	0,0	288	149
113	0	141,46	2,0	273	149
12	32	12,8	51,12	221	149
91	2	181,113	0,0	298	149
123	2	141,48	2,0	251	149
99	2	148,43	0,0	230	149
22	3	49,10	5,0	215	149
74	3	141,37	5,0	217	149
63	0	75,26	2,0	276	149
97	2	155,62	5,2	213	149
17	1	14,8	0,0	197	149
4	102	8,6	172,112	263	149
12	4	18,0	1,0	298	149
3	35	2,0	9,4	292	149
129	2	114,81	0,0	247	149
62	2	43,29	0,0	239	149
120	2	111,86	0,0	243	149
9	77	8,6	71,60	298	149
3	9	1,0	9,2	252	149
10	9	9,5	9,2	298	149
5	0	0,0	4,4	298	149
10	0	9,5	1,0	298	149
14	9	9,5	9,2	298	149
2	113	0,2	138,135	200	149
0	141	0,2	165,131	298	149
0	141	4,2	165,131	212	149
0	141	2,4	165,131	298	149
2	141	0,0	165,131	245	149
0	4	2,0	4,1	231	149
28	4	55,34	0,0	233	149
9	1	4,10	0,0	260	149
20	0	10,4	1,0	248	149
34	0	54,62	0,2	236	149
1	0	0,0	0,2	298	149
74	2	66,31	1,6	255	149
120	2	106,45	1,6	259	149
55	0	40,16	2,0	230	149
7	0	2,0	2,0	268	149
68	4	110,75	0,0	238	149
59	2	74,35	0,0	298	149
17	0	12,12	2,0	250	149
70	1	84,35	0,0	198	149
39	0	71,42	2,0	258	149
39	0	66,32	1,0	201	149
3	9	6,4	23,16	209	149
0	24	2,0	45,55	191	149
0	22	0,1	59,46	280	149
73	2	134,107	0,0	298	149
9	0	24,22	0,2	228	149
10	2	4,22	2,0	281	149
694	0	9,9	2,0	298	149
23568	44	1069,1223	2,0	298	149
15803	3	635,988	0,0	298	149
241	2	102,49	1,0	287	149
11	7	16,10	9,4	273	149
11	2	15,10	0,0	273	149
39	438	78,21	242,99	273	149
13	18	20,10	2,2	273	149
4	438	4,0	242,99	257	149
2	28	4,0	63,11	257	149
0	12	4,1	18,8	231	149
224	0	117,49	0,2	230	149
224	14	77,58	8,0	275	149
118	14	47,35	8,0	298	149
0	13	1,0	26,8	236	149
21	1	32,9	4,0	201	149
22	0	21,9	3,0	251	149
23	0	20,8	2,0	232	149
1	14	0,7	5,3	193	149
3	14	2,7	5,3	200	149
1	14	0,7	5,3	215	149
1	3	7,0	15,3	188	149
1	3	9,0	15,3	193	149
9	1	32,11	0,0	298	149
2	3	0,0	47,8	236	149
18	8	60,31	5,4	266	149
23	4	18,10	9,5	282	149
26	0	242,269	1,0	185	149
17	0	89,113	0,2	237	149
30	0	261,200	1,2	257	149
0	13	2,4	72,77	298	149
13	2	36,8	6,4	251	149
118	2	2,0	0,0	246	149
52	2	59,50	1,1	238	149
48	2	27,27	1,0	269	149
0	2	4,1	2,0	194	149
0	4	5,0	13,8	298	149
0	8	0,4	31,18	298	149
12	2	5,1	0,0	254	149
18	11	15,6	31,2	221	149
51	0	109,90	2,2	293	149
14	0	44,58	2,4	240	149
0	52	2,0	64,18	195	149
0	52	2,0	64,18	176	149
155	2	226,43	6,4	298	149
108	2	167,23	6,4	271	149
4731	1	2974,2239	0,0	235	149
2313	0	1312,1094	0,2	235	149
12	2428	14,3	1668,1146	246	149
798	7	470,342	3,0	192	149
1475	0	919,575	0,2	229	149
3897	7	2584,1720	3,0	229	149
1	0	0,0	0,2	246	149
1359	7	856,626	3,0	246	149
14	0	71,29	0,2	276	149
8	67	7,10	34,33	279	149
4	0	0,0	0,2	292	149
2	20	0,4	21,28	187	149
2	0	2,10	0,2	191	149
7	2	0,4	2,0	298	149
0	2	4,0	0,0	298	149
349	2	205,80	0,0	298	149
4	13	0,2	2,8	248	149
45	0	19,14	2,0	185	149
2	59	2,7	15,34	298	149
37	0	66,40	0,2	232	149
32	0	72,41	1,2	198	149
0	2	6,3	0,6	229	149
20	2	23,22	2,0	298	149
20	2	23,22	2,0	298	149
2	31	0,0	64,35	252	149
30	0	36,12	2,0	215	149
67	0	109,81	0,2	261	149
5	35	0,6	38,46	263	149
20	6	22,10	0,3	288	149
8	20	1,0	22,10	229	149
65	0	81,57	0,4	298	149
2	0	14,4	2,0	298	149
8	2	14,0	12,4	294	149
50	0	67,55	8,0	298	149
0	2	2,1	0,0	298	149
0	2	6,4	0,0	249	149
10	15	6,16	17,23	255	149
2	117	3,0	81,51	221	149
263	0	224,114	3,0	249	149
208	0	202,92	2,0	298	149
75	0	41,31	2,0	188	149
165	4	123,71	0,0	192	149
100	4	81,55	2,2	258	149
8	53	5,2	42,41	298	149
12	0	6,15	1,0	181	149
72	0	57,52	1,0	195	149
2	29	0,0	20,13	298	149
137	4	62,74	2,0	259	149
76	4	24,23	2,0	224	149
0	47	2,0	28,14	236	149
70	2	42,34	4,2	211	149
2	0	4,2	2,0	298	149
10	4	8,8	1,0	298	149
1	16	2,0	24,20	265	149
9	9	8,7	3,0	248	149
247	5	136,48	9,6	298	149
238	2	86,24	10,1	272	149
3	123	0,0	32,9	185	149
152	4	101,58	0,2	268	149
192	2	97,55	0,0	283	149
692	2	2247,854	0,0	298	149
9	345	42,13	987,574	194	149
467	49	1255,689	402,96	194	149
91	0	270,165	9,1	194	149
185	0	845,227	9,1	191	149
521	2	1515,671	28,2	191	149
188	0	590,244	0,4	188	149
352	334	962,310	1330,505	242	149
1216	2	87,85	0,2	257	149
2	7	0,0	8,4	246	149
43	2	24,24	0,0	262	149
46	72	21,25	64,56	278	149
125	3	100,92	4,0	223	149
1	0	4,3	8,0	298	149
62	3	61,22	8,0	208	149
5	0	17,0	0,1	201	149
39	6	26,11	14,3	244	149
6	30	0,0	42,19	298	149
41	3	42,26	15,6	226	149
14	23	6,4	9,9	287	149
12	0	6,0	2,0	298	149
0	30	7,2	9,13	298	149
1	30	4,7	9,13	298	149
60	6	17,22	0,0	264	149
57	0	132,82	1,0	245	149
29	0	53,30	0,2	298	149
40	0	37,24	2,2	253	149
2	0	6,6	0,4	298	149
380	14	125,57	8,3	230	149
520	4	139,76	1,2	265	149
4	363	2,0	108,58	216	149
43	0	22,24	2,0	298	149
78	0	178,58	2,0	213	149
0	1	1,0	4,0	266	149
0	1	1,0	4,0	298	149
2	3	7,8	19,1	158	149
14	0	32,14	0,2	245	149
2	110	6,3	137,55	298	149
2	3	4,0	9,2	216	149
0	6	10,5	0,4	298	149
0	84	2,0	116,69	298	149
3	79	0,0	119,57	191	149
53	0	55,23	1,0	227	149
93	2	77,81	0,2	228	149
0	2	0,1	0,0	298	149
33	0	70,32	0,1	298	149
4	0	0,0	5,0	240	149
27	2	56,48	0,0	293	149
78	2	97,104	0,0	298	149
0	39	6,2	35,25	198	149
16	39	21,19	35,25	266	149
2	0	1,0	0,1	192	149
8	51	9,15	55,31	298	149
41	7	58,29	7,0	298	149
39	0	48,21	2,2	298	149
34	0	11,12	1,4	256	149
13	1	10,15	0,3	256	149
5	1	13,6	0,3	222	149
28	2	18,5	4,6	222	149
16	11	6,6	12,10	292	149
27	1	22,10	0,0	293	149
126	1	54,26	0,0	298	149
101	2	105,115	4,12	280	149
50	0	48,68	0,2	298	149
0	2	1,4	6,0	281	149
10	0	2,8	2,0	298	149
5	0	19,7	2,0	298	149
0	35	2,0	29,22	287	149
61	4	36,32	0,0	298	149
47	0	42,43	3,0	280	149
84	2	79,83	0,0	233	149
0	5	0,2	4,2	188	149
116	0	104,77	1,0	273	149
128	3	132,97	0,0	291	149
116	1	125,107	0,0	244	149
27	0	31,15	4,0	240	149
62	0	78,42	4,0	298	149
71	0	63,20	2,0	287	149
71	2	57,27	0,0	296	149
153	1	54,34	0,0	212	149
125	9	4,2	0,2	240	149
102	1	4,2	0,0	240	149
91	25	7,12	0,0	297	149
49	1	6,2	0,0	282	149
65	2	6,0	0,0	282	149
91	6	17,5	0,0	298	149
111	2	15,12	0,0	260	149
1	3	2,2	3,6	298	149
228	0	13,2	2,0	264	149
253	4	22,2	1,0	252	149
144	2	6,3	5,1	183	149
149	8	19,7	0,0	272	149
119	1	14,6	0,0	281	149
70	1	0,0	0,1	286	149
146	2	3,2	0,0	298	149
2	1	0,8	0,1	247	149
2	4	0,1	1,0	247	149
31	4	42,31	1,0	298	149
30	4	42,32	1,0	298	149
29	0	42,39	0,1	298	149
0	5	0,2	17,5	272	149
11	1	4,4	0,0	251	149
5	15	2,0	4,4	250	149
4	0	4,6	0,2	250	149
1	10	0,2	25,4	298	149
1	10	0,2	25,4	298	149
2	1	4,0	6,0	226	149
2	3	2,0	7,7	226	149
3	4	7,2	3,4	260	149
5	4	9,9	3,4	257	149
5	0	9,7	1,0	257	149
4	0	4,4	1,0	298	149
125	2	132,122	0,0	298	149
79	1	140,70	0,0	230	149
70	0	76,59	0,2	214	149
35	2	32,15	0,2	298	149
985	7	705,864	4,5	298	149
58	0	131,60	2,0	219	149
0	2	2,0	7,2	298	149
11	10	19,8	47,19	215	149
54	0	261,118	1,0	298	149
40	0	305,209	2,0	224	149
53	0	326,216	2,0	232	149
38	0	350,233	0,2	298	149
2	9	50,23	119,89	221	149
3	9	16,16	119,89	298	149
2	0	4,9	0,2	298	149
0	2	4,3	6,6	173	149
4	0	3,18	2,0	298	149
51	4	108,35	0,0	298	149
9	0	13,2	2,0	298	149
160	20	506,202	69,10	298	149
177	0	566,238	0,3	298	149
23	0	72,12	0,3	298	149
12	26	15,4	72,38	298	149
14	1	24,32	0,0	215	149
28	1	30,39	2,0	298	149
1	8	0,2	7,10	265	149
3	8	1,2	7,10	298	149
4	0	511,35	1,0	231	149
1	0	27,2	4,0	187	149
11	0	402,38	2,0	291	149
4	0	419,36	7,0	286	149
9	0	515,44	2,0	298	149
2	0	4,0	4,0	224	149
2	0	4,0	4,0	245	149
508	47	31,14	2,0	272	149
56	294	5,0	26,28	298	149
6	294	0,0	26,28	278	149
6	7	0,0	1,0	278	149
723	4	42,49	0,0	298	149
65	1	98,89	0,0	227	149
70	0	88,100	0,2	281	149
0	6	1,5	0,4	298	149
10	0	37,8	3,2	298	149
18	6	25,4	3,0	231	149
14	0	35,0	2,0	231	149
11	5	14,0	6,0	298	149
148	1	35,17	0,0	249	149
192	1	45,21	0,0	237	149
532	6	84,68	1,0	250	149
304	0	78,67	1,0	280	149
304	0	126,99	2,0	298	149
621	0	204,164	2,0	258	149
242	0	111,76	2,0	229	149
742	2	204,212	4,2	245	149
223	2	67,80	4,2	298	149
8	527	5,0	143,138	271	149
985	2	241,210	0,0	298	149
8	0	10,5	0,1	298	149
2	0	0,0	3,0	248	149
2	0	20,10	1,0	238	149
57	2	40,34	1,0	298	149
44	1	27,3	0,0	298	149
593	79	811,452	63,57	206	149
46	3	49,19	7,1	276	149
59	0	58,29	1,0	219	149
261	2	136,78	0,0	274	149
50	1	15,15	0,2	195	149
6	2	4,18	0,0	274	149
2	0	10,2	0,6	218	149
0	4	1,0	12,16	200	149
0	4	4,0	12,16	222	149
2	0	10,16	2,2	222	149
13	0	5,2	4,0	230	149
40	0	21,14	4,0	237	149
7	5	4,0	1,0	298	149
2	4	0,0	2,0	298	149
8	0	5,5	2,0	278	149
8	0	5,5	2,0	271	149
28	0	12,24	1,0	258	149
6	0	4,0	2,0	280	149
0	8	0,4	0,3	298	149
116	2	76,199	0,0	298	149
95	2	56,112	2,7	220	149
87	4	49,96	0,0	237	149
21	22	2,27	17,54	298	149
44	4	24,92	5,2	240	149
118	2	67,132	2,0	286	149
53	0	31,48	2,0	210	149
41	0	189,135	0,2	298	149
48	0	19,25	0,5	226	149
3	0	4,0	3,0	259	149
0	1	0,7	1,0	298	149
1	0	2,0	1,7	267	149
1	0	8,12	0,2	236	149
0	4	2,7	1,0	236	149
119	23	55,36	19,10	259	149
443	9	142,116	0,2	298	149
197	1	67,41	0,0	298	149
406	10	85,60	5,4	245	149
0	18	0,7	19,6	242	149
4	18	0,2	19,6	264	149
3	0	0,2	10,4	264	149
0	39	3,0	41,31	298	149
30	2	43,40	0,0	284	149
0	2	0,2	0,0	227	149
12	0	43,9	2,2	273	149
8	0	12,0	0,2	273	149
22	0	85,28	0,2	298	149
76	1	10,14	0,0	298	149
4	0	7,14	0,2	298	149
14	0	48,29	2,0	217	149
2	43	2,0	55,125	285	149
0	6	0,2	8,4	203	149
4	1	2,5	4,4	227	149
34	1	31,18	4,4	245	149
42	2	131,48	2,0	209	149
28	21	38,6	48,32	173	149
17	88	26,15	64,34	298	149
2	42	5,6	38,13	298	149
2	42	0,0	38,13	298	149
0	61	6,10	45,63	258	149
20	0	24,30	0,2	266	149
108	0	140,72	0,2	214	149
1	30	0,0	48,25	298	149
54	2	80,45	0,0	239	149
0	2	2,2	6,6	269	149
24	2	35,28	1,0	240	149
8	4	2,4	2,0	214	149
10	11	10,7	18,6	214	149
140	4	229,172	2,4	266	149
4	0	13,6	4,0	293	149
163	33	254,105	9,2	298	149
157	1	166,88	0,0	284	149
205	13	284,135	30,5	284	149
7	0	44,1	9,0	295	149
12	1	49,2	3,0	295	149
24	0	81,8	2,0	298	149
37	1	92,21	0,0	298	149
3	0	4,2	0,2	297	149
6	2	1,2	0,0	237	149
5	0	1,5	1,0	298	149
43	8	63,57	6,10	251	149
19	0	30,42	0,1	264	149
2	111	5,0	182,96	262	149
1	111	6,2	182,96	298	149
52	0	67,40	2,0	200	149
169	9	249,141	8,5	239	149
212	2	294,146	4,4	256	149
0	126	2,0	173,79	298	149
208	1	273,164	0,4	298	149
6	82	5,5	100,85	239	149
0	9	2,0	6,6	215	149
3	24	4,11	60,27	298	149
30	0	62,27	0,2	298	149
6	0	2,0	0,2	242	149
35	16	101,4	12,4	259	149
218	0	188,115	2,0	249	149
70	0	56,64	0,2	280	149
0	131	6,0	122,86	298	149
21	0	51,43	0,2	298	149
1	0	0,1	0,4	239	149
7	303	12,13	275,127	256	149
785	0	724,460	2,0	298	149
305	0	275,127	0,2	298	149
356	2	339,176	0,0	291	149
353	0	341,175	0,2	267	149
833	2	788,508	0,0	267	149
607	0	605,513	2,0	249	149
581	1	472,457	0,0	298	149
613	0	640,502	3,0	298	149
380	0	379,357	2,0	298	149
41	201	58,30	93,100	274	149
49	233	56,30	261,145	274	149
3	201	13,0	93,100	225	149
5	233	6,0	261,145	218	149
209	0	98,103	8,0	153	149
4	2	1,2	0,0	230	149
2	4	1,4	0,0	292	149
454	7	162,229	1,0	298	149
1212	2	548,437	0,0	265	149
32	0	42,25	0,6	298	149
6	0	1,2	4,4	232	149
9	2	8,6	2,4	259	149
13	0	12,1	2,0	231	149
40	0	56,13	0,4	211	149
54	1	63,19	0,0	258	149
0	6	4,0	2,2	221	149
6	0	5,16	2,0	266	149
4	0	5,15	2,0	266	149
7	1	8,6	11,0	298	149
2	0	1,0	2,1	219	149
24	1	20,13	0,0	226	149
12	0	118,114	2,0	252	149
202	0	250,123	3,0	237	149
131	0	57,33	0,1	219	149
43	1	37,11	3,0	256	149
8	4	2,0	0,0	290	149
16	3	3,0	0,0	195	149
13	2	2,0	0,0	287	149
19	4	8,6	2,0	236	149
0	28	2,0	42,29	261	149
6	0	14,10	0,4	268	149
11	0	244,131	1,0	283	149
2	223	0,2	253,154	271	149
411	0	422,252	0,2	262	149
423	3	461,237	0,0	244	149
3	205	0,0	217,121	215	149
93	0	114,52	0,1	204	149
65	0	84,41	2,0	298	149
1	0	4,0	1,0	205	149
0	2	4,0	0,1	285	149
2	0	0,1	1,0	278	149
6	0	10,21	0,4	208	149
4	1	27,17	0,0	298	149
2	16	4,0	24,13	295	149
19	6	0,1	6,6	182	149
3	0	83,50	0,2	298	149
19	1	31,10	0,0	298	149
19	1	31,10	0,0	231	149
301	2	320,245	1,2	195	149
2	252	3,2	246,216	298	149
174	0	289,230	0,2	276	149
0	149	2,0	227,98	237	149
43	2	137,112	0,8	292	149
48	2	160,137	0,8	298	149
37	0	79,90	0,2	298	149
138	0	233,246	2,2	298	149
34	2	59,60	0,0	205	149
89	0	189,90	0,1	207	149
2	0	3,5	0,2	232	149
7	0	6,4	0,2	268	149
2	0	0,0	6,0	193	149
0	14	12,2	39,24	223	149
1	18	2,2	52,24	266	149
35	13	89,49	39,11	239	149
10	4	7,0	8,2	259	149
29	0	115,103	0,4	203	149
28	2	6,3	0,0	223	149
71	1	27,14	1,0	241	149
39	0	17,6	2,0	241	149
233	4	19,13	0,0	289	149
152	0	4,12	2,0	292	149
173	2	16,1	0,0	298	149
94	9	15,2	4,0	298	149
83	0	212,77	2,0	241	149
81	5	146,34	5,1	231	149
45	0	97,39	4,0	277	149
115	0	193,51	2,0	235	149
69	0	140,43	1,0	233	149
75	2	142,77	14,3	235	149
97	2	151,62	0,0	298	149
153	0	227,103	2,0	298	149
155	1	289,144	3,0	298	149
61	0	107,48	2,0	278	149
93	0	120,44	1,0	274	149
64	2	68,28	2,0	276	149
108	0	121,63	1,0	283	149
42	0	66,18	0,6	254	149
109	0	163,62	4,0	290	149
89	0	146,77	2,0	266	149
48	0	49,25	3,0	239	149
0	54	1,0	243,87	247	149
0	15	4,0	49,24	233	149
9	1	5,2	1,0	251	149
4	3	17,12	0,0	254	149
78	16	34,42	5,4	193	149
262	0	195,90	2,0	260	149
143	9	145,78	8,9	298	149
162	0	312,72	5,0	245	149
65	1	137,44	0,0	245	149
122	0	282,107	5,0	218	149
29	65	6,9	142,48	232	149
4	28	0,1	21,2	298	149
32	0	27,25	2,0	289	149
281	0	254,134	2,0	220	149
202	0	171,100	0,2	298	149
223	0	250,135	3,2	193	149
8	181	2,0	198,79	261	149
407	0	316,118	1,0	262	149
4	225	0,0	171,77	267	149
4	51	2,0	59,28	298	149
381	6	88,72	2,2	290	149
222	1	33,21	0,0	290	149
10	1	2,2	0,0	293	149
346	10	133,112	1,0	293	149
171	5	60,53	1,0	293	149
147	5	37,22	1,0	298	149
316	4	109,81	0,0	298	149
315	0	110,46	2,0	294	149
138	2	50,18	1,0	273	149
159	7	46,23	2,2	273	149
119	1	41,14	0,0	273	149
4	7	0,2	2,2	185	149
19	44	5,4	5,9	185	149
94	1	37,24	0,0	298	149
131	4	40,31	0,0	298	149
45	6	8,11	0,2	298	149
64	6	23,22	0,2	256	149
147	1	56,44	3,2	256	149
133	5	52,23	2,2	259	149
81	7	38,16	2,6	287	149
4	0	4,0	2,0	235	149
110	2	206,59	2,2	298	149
2	0	3,10	9,13	233	149
0	4	11,11	0,1	223	149
0	2	2,2	2,0	202	149
0	2	5,1	5,0	202	149
11	0	8296,4519	8,2	298	149
51	4	8,0	0,0	296	149
114	0	41,17	2,0	298	149
15	0	4,4	4,2	298	149
17	2	3,4	0,0	298	149
6	2	7,10	0,0	223	149
6	2	4,8	0,0	223	149
13	1	13,12	0,2	216	149
2	180	0,0	124,45	205	149
310	0	290,107	2,0	263	149
9	150	16,19	33,32	298	149
14	150	5,0	33,32	272	149
7	58	2,0	62,46	272	149
7	8	2,0	19,7	272	149
202	58	49,42	62,46	209	149
83	8	21,19	19,7	209	149
266	8	193,107	19,7	267	149
208	0	136,61	2,0	267	149
332	2	166,89	0,0	267	149
206	0	125,106	0,2	298	149
389	0	267,184	2,0	238	149
120	0	85,67	2,0	232	149
36	0	35,12	5,0	234	149
89	6	87,47	2,0	192	149
2	64	2,0	52,39	269	149
26	0	54,14	0,2	215	149
90	0	101,53	2,0	215	149
0	46	2,0	72,26	298	149
15	6	15,5	8,11	224	149
35	6	28,29	8,11	198	149
76	3	85,57	0,0	197	149
74	9	99,81	1,2	218	149
0	1	3,0	4,2	284	149
748	2	437,216	0,0	298	149
2	0	0,0	2,0	298	149
2	0	2,0	2,0	250	149
6	1	2,4	7,0	298	149
15	12	0,2	7,2	255	149
22	12	12,6	7,2	252	149
2	3	2,0	0,0	290	149
1	0	1,4	0,1	227	149
1	3	1,4	10,2	227	149
0	14	0,1	13,18	270	149
0	14	0,1	13,18	270	149
33	1	54,62	0,0	294	149
4	1	2,2	1,0	273	149
114	6	528,59	2,0	260	149
15	1	11,2	0,0	242	149
8	1	9,2	0,0	295	149
1	0	0,0	2,0	296	149
23	2	80,31	4,0	221	149
34	0	80,32	2,0	244	149
9	3	3,2	2,2	298	149
66	0	73,99	2,0	266	149
8	0	3,1	2,0	284	149
17	16	16,8	12,3	279	149
8	2	8,2	5,0	279	149
34	16	27,11	12,3	225	149
11	2	4,2	5,0	225	149
56	2	26,19	5,0	226	149
67	5	40,26	4,1	226	149
41	1	35,22	0,0	242	149
111	3	89,42	1,2	242	149
83	6	83,56	2,0	298	149
84	1	52,38	0,0	245	149
76	0	67,29	2,0	245	149
261	2	93,34	0,0	248	149
33	0	26,33	2,0	298	149
107	0	228,74	0,4	259	149
20	0	6,4	0,2	298	149
2	18	2,0	9,15	267	149
2	18	2,0	9,15	271	149
24	2	22,24	0,0	244	149
31	0	45,12	0,2	297	149
2	31	0,2	43,11	298	149
56	0	61,21	2,0	240	149
15	0	25,14	3,0	241	149
12	0	30,28	1,0	249	149
8	0	16,7	0,2	298	149
15	0	16,22	0,2	230	149
2	3	4,0	8,19	240	149
6	2	13,26	0,2	198	149
15	2	41,15	0,0	298	149
65	2	128,44	0,0	298	149
64	2	40,30	1,0	292	149
86	2	66,24	2,0	232	149
1769	6	1122,856	0,2	298	149
893	6	681,502	0,2	298	149
881	6	673,498	0,2	298	149
881	6	672,498	0,2	298	149
0	12	1,0	9,4	298	149
6	888	9,2	450,358	236	149
0	12	3,0	9,4	236	149
10	0	22,24	4,1	272	149
3	320	2,0	237,70	175	149
421	2	332,86	0,0	298	149
537	0	548,187	1,0	241	149
378	1	417,105	1,0	220	149
46	4	36,21	0,0	221	149
0	2	1,0	0,0	243	149
93	0	85,17	2,0	298	149
48	0	74,21	2,0	272	149
29	0	66,10	0,2	289	149
10	0	25,10	2,0	214	149
182	0	319,207	0,2	213	149
145	4	129,91	4,5	240	149
3	0	5,1	0,1	298	149
4	2	2,3	12,4	270	149
0	2	0,2	12,4	298	149
0	4	0,2	2,2	298	149
2	37	3,1	101,32	269	149
72	0	250,72	2,0	298	149
24	0	45,34	4,1	263	149
13	2	25,42	0,0	298	149
0	5	0,2	2,0	238	149
19	12	8,14	47,10	191	149
31	4	57,41	1,0	298	149
5	1	2,0	0,0	264	149
145	8	15,7	0,0	298	149
32	8	0,1	0,0	186	149
33	110	13,2	10,5	298	149
23	110	6,2	10,5	298	149
28	0	42,20	2,0	298	149
20	0	34,19	2,0	298	149
18	2	16,11	0,0	208	149
2	10	0,0	21,15	188	149
13	2	32,23	0,0	196	149
13	2	15,6	3,6	200	149
3	3	10,11	8,13	197	149
1	60	0,0	41,9	268	149
1	60	0,0	41,9	247	149
119	0	60,22	2,0	228	149
229	9	304,158	11,3	207	149
92	2	80,75	6,16	224	149
55	0	52,50	2,0	224	149
11	2	8,10	0,0	190	149
29	2	29,24	8,3	223	149
26	2	22,24	0,0	223	149
1196	0	583,233	1,3	253	149
1126	2	526,323	1,0	298	149
1329	8	707,316	3,1	298	149
737	2	273,175	0,0	298	149
8	2	4,4	0,0	298	149
1465	0	617,303	0,4	298	149
1428	0	570,184	0,2	272	149
1034	4	399,117	17,10	241	149
4	4	5,0	17,0	213	149
12	1	43,17	4,1	298	149
9	1	4,14	0,0	287	149
1	6	0,0	8,0	250	149
1	5	0,0	9,0	226	149
0	32	2,6	41,63	293	149
2	32	6,0	41,63	253	149
947	3	324,237	0,0	229	149
1294	1	566,249	0,0	231	149
503	8	257,114	3,0	298	149
6	2	10,12	0,0	177	149
80	2	87,83	0,0	298	149
129	6	76,69	1,0	298	149
3	36	16,9	21,22	298	149
1	36	12,10	21,22	298	149
46	2	32,36	0,2	241	149
67	6	63,52	6,0	241	149
6	6	5,2	6,0	173	149
19	39	15,7	43,23	173	149
95	2	71,56	0,3	267	149
120	1	97,64	4,1	267	149
67	0	54,44	0,4	267	149
19	56	6,3	45,20	262	149
21	1	6,6	4,1	210	149
2	0	0,0	0,4	210	149
49	56	22,13	45,20	210	149
14	2	6,6	2,0	210	149
5	56	2,0	45,20	273	149
44	0	40,21	0,4	223	149
97	2	81,38	2,0	223	149
72	0	53,31	1,1	223	149
20	12	8,6	10,1	293	149
54	2	22,30	0,3	242	149
3	4	2,2	2,0	274	149
50	8	10,2	4,2	286	149
10	2	4,6	0,0	210	149
0	1	2,1	0,3	298	149
8	2	18,6	2,2	294	149
4	18	0,2	13,3	203	149
0	18	0,2	13,3	173	149
23	0	21,7	1,0	225	149
9	0	15,3	1,0	261	149
76	0	131,64	0,2	298	149
64	2	122,124	0,0	298	149
63	1	122,86	1,0	242	149
42	0	81,59	2,2	251	149
116	6	173,131	2,0	253	149
0	49	2,0	70,46	298	149
0	19	2,1	43,45	298	149
11	19	35,23	43,45	198	149
13	0	43,21	0,1	202	149
14	0	40,27	4,0	298	149
32	0	45,33	4,0	278	149
8	0	24,13	4,0	205	149
68	2	56,59	0,0	298	149
45	3	29,44	0,0	298	149
295	0	1510,544	2,0	272	149
350	0	1241,506	2,0	245	149
106	0	448,233	2,0	292	149
271	0	1170,574	2,0	229	149
273	2	1437,952	0,0	244	149
52	106	9,5	98,81	298	149
17	2	55,17	2,0	260	149
7	2	8,2	2,4	298	149
3	0	2,3	0,1	220	149
2	0	1,5	0,1	227	149
29	2	27,11	0,0	211	149
415	1	278,127	2,4	298	149
373	2	299,143	2,0	298	149
37	2	14,9	2,0	158	149
380	1	229,96	0,0	298	149
2	62	8,2	41,20	261	149
6	1	12,2	0,0	195	149
57	2	38,18	9,4	195	149
0	24	2,0	13,17	213	149
11	0	11,6	2,0	281	149
63	2	61,39	0,0	293	149
52	0	69,29	2,2	283	149
10	0	26,7	4,0	298	149
8	0	16,7	2,0	298	149
14	0	16,10	2,0	280	149
6	2	13,6	0,0	270	149
0	22	2,0	33,20	269	149
14	0	21,18	0,4	298	149
412	2	565,405	0,0	298	149
138	2	224,194	0,0	298	149
0	18	0,2	14,50	285	149
15	0	26,15	0,2	298	149
6	0	15,15	2,0	298	149
10	0	21,10	2,0	298	149
22	3	34,14	2,6	298	149
11	2	29,15	3,0	241	149
4	0	13,7	0,2	298	149
0	31	0,2	29,25	235	149
0	31	0,2	29,25	272	149
20	0	27,44	0,2	223	149
70	1	77,35	0,0	298	149
1	37	2,2	55,31	225	149
19	29	21,19	44,17	298	149
16	29	19,19	44,17	298	149
84	1	76,45	0,0	284	149
13	1	19,24	0,0	286	149
0	2	4,6	2,0	298	149
0	2	9,6	2,0	298	149
5	16	3,1	7,4	188	149
24	2	4,18	0,0	233	149
4	4	3,3	0,0	235	149
2	0	2,0	11,5	235	149
10	2	18,20	4,0	298	149
11	2	16,20	4,0	276	149
5	7	0,0	0,3	276	149
0	8	0,2	16,20	228	149
2	0	4,1	11,5	269	149
39	7	65,40	0,3	254	149
510	3	52,34	0,0	292	149
86	1	134,42	4,0	298	149
8	0	19,4	0,1	202	149
19	3	15,11	2,3	298	149
30	5	15,8	10,0	232	149
28	1	38,24	4,2	240	149
41	1	62,23	4,2	298	149
0	40	0,1	60,19	283	149
93	0	105,62	2,6	236	149
2	122	0,0	83,38	298	149
0	30	2,0	25,18	230	149
23	0	18,18	1,0	190	149
13	2	9,5	0,0	280	149
13	18	5,3	17,11	209	149
77	2	50,48	0,0	228	149
241	0	293,118	3,0	270	149
0	11	2,0	2,6	187	149
12	9	5,6	0,0	170	149
115	7	84,69	2,7	261	149
28	3	11,18	20,7	245	149
112	2	75,40	0,0	298	149
10	31	7,6	23,22	199	149
4	6	4,2	8,2	199	149
84	6	74,37	8,2	258	149
119	2	93,35	1,0	258	149
234	2	124,39	0,0	298	149
157	2	63,28	0,0	224	149
136	0	49,30	2,0	209	149
38	0	123,153	2,0	237	149
21	0	69,40	2,0	225	149
76	3	40,26	2,0	237	149
8	43	5,0	22,13	250	149
136	1	63,60	1,0	298	149
117	0	71,49	2,0	246	149
102	2	43,58	8,0	298	149
95	2	38,34	8,0	298	149
4	114	6,0	137,142	267	149
2	92	0,0	232,119	203	149
135	0	221,165	1,4	257	149
0	48	0,1	19,23	247	149
1	2	0,5	3,3	289	149
13	1	22,12	3,2	199	149
46	0	54,24	4,4	298	149
3	9	3,1	11,5	298	149
9	0	16,5	2,0	254	149
16	4	16,17	3,2	291	149
2	10	2,0	10,1	197	149
38	2	30,29	0,0	243	149
3	14	0,0	11,8	257	149
1	14	2,0	11,8	243	149
26	0	56,19	0,2	276	149
2	5	22,9	10,3	276	149
33	2	78,33	2,0	245	149
0	14	3,2	33,18	266	149
5	0	12,4	0,2	284	149
4	46	1,0	44,55	216	149
205	2	201,158	0,0	227	149
0	2	15,22	0,0	263	149
4	1640	2,0	818,426	270	149
6	6	0,0	8,0	224	149
0	19	2,1	3,4	181	149
3	16	4,2	7,7	182	149
4	0	24,10	0,2	215	149
1	0	41,20	0,2	209	149
0	1	2,0	5,0	298	149
0	1	2,0	5,0	298	149
0	1	10,7	5,0	285	149
0	1	8,7	5,0	298	149
0	2	4,2	0,0	245	149
127	0	142,98	0,1	253	149
4	53	2,0	70,48	298	149
5	1	4,4	0,0	260	149
12	2	6,4	0,0	229	149
11	2	0,3	0,0	229	149
2	2	8,2	0,0	298	149
2	0	5,4	2,0	243	149
1	0	6,6	0,2	235	149
3	2	4,24	0,0	276	149
2	0	0,4	1,11	286	149
33	0	36,78	3,0	287	149
45	0	90,100	2,2	298	149
24	2	63,79	4,0	222	149
82	0	236,179	2,0	298	149
55	0	114,67	2,0	232	149
51	0	175,124	0,1	298	149
0	5	0,2	26,22	298	149
0	5	1,0	26,22	298	149
5	29	0,0	0,1	250	149
58	3	63,25	14,0	281	149
78	0	73,65	1,2	298	149
90	2	161,104	0,0	294	149
34	2	69,23	0,0	298	149
0	63	0,2	97,56	256	149
96	0	183,122	2,0	298	149
1	0	0,0	2,0	284	149
16	0	25,8	0,1	203	149
14	1	18,5	0,0	281	149
26	0	40,12	2,1	229	149
92	0	231,132	2,0	266	149
0	4	2,0	18,14	298	149
124	7	83,75	2,5	201	149
4	0	2,4	0,2	232	149
73	0	83,24	0,2	298	149
10	1	4,1	8,0	298	149
2	2	8,0	2,0	267	149
18	1	14,8	0,0	228	149
5	17	0,0	10,6	209	149
2	17	0,0	10,6	263	149
153	67	42,17	6,0	208	149
47	3	67,53	7,2	298	149
103	3	153,115	7,2	221	149
4	533	0,2	169,216	247	149
541	5	171,217	0,1	260	149
6	0	22,20	2,0	183	149
19	0	32,21	0,2	298	149
49	0	59,24	1,0	298	149
46	0	180,75	9,0	272	149
73	0	86,47	0,1	268	149
56	2	12,25	0,0	280	149
0	17	0,1	5,8	208	149
490	20	558,360	29,7	199	149
120	0	120,74	3,0	199	149
192	0	294,288	3,0	213	149
536	0	701,566	3,0	213	149
2	353	6,2	527,467	190	149
1	0	0,0	0,2	298	149
1	0	0,0	0,2	298	149
1	0	0,0	0,2	298	149
2	0	2,2	0,4	233	149
5	2	2,8	0,0	245	149
60	1	12,36	0,0	218	149
33	0	12,27	1,0	218	149
43	0	10,5	1,0	218	149
70	0	10,16	0,2	218	149
151	12	23,30	4,2	216	149
123	1	13,26	0,2	247	149
62	1	12,11	0,0	226	149
201	4	32,34	0,0	247	149
0	1	2,0	0,0	284	149
0	34	3,0	52,17	298	149
0	1	3,0	0,0	298	149
573	0	514,239	1,0	298	149
434	2	349,163	0,0	298	149
36	5	27,34	3,3	293	149
111	0	68,54	2,0	268	149
8	71	2,2	49,32	273	149
112	0	80,52	2,0	213	149
128	0	86,32	2,0	238	149
79	0	54,34	0,2	256	149
0	13	1,0	6,0	267	149
14	14	8,0	6,4	239	149
136	1	0,2	0,0	170	149
854	24	3,35	0,2	298	149
51	0	57,28	0,2	269	149
0	25	2,2	51,51	248	149
25	0	51,53	2,0	298	149
107	0	145,77	0,2	296	149
2	49	9,6	68,44	298	149
4	19	0,0	5,2	298	149
4	2	4,7	0,0	298	149
4	2	3,4	0,0	262	149
0	2	2,0	0,0	298	149
7	2	7,8	0,0	298	149
20	0	15,16	2,0	298	149
0	2	9,3	0,6	298	149
55	13	39,16	4,0	233	149
34	2	8,2	0,0	267	149
328	0	343,304	2,0	278	149
717	2	825,552	0,0	242	149
295	0	354,201	1,0	238	149
137	0	182,84	1,0	211	149
4	254	0,0	305,176	225	149
14	139	2,0	82,33	191	149
35	54	30,22	40,10	189	149
12	2	20,4	0,0	298	149
143	2	99,122	0,0	167	149
420	2	453,298	4,0	254	149
333	0	273,201	2,0	288	149
519	1	465,361	0,2	230	149
46	1	32,4	1,0	298	149
19	2	12,0	3,0	298	149
5	1	3,0	0,0	298	149
50	2	30,2	0,0	278	149
58	1	28,4	2,0	226	149
17	3	9,0	2,0	293	149
11	3	8,0	2,0	298	149
21	5	17,1	4,0	254	149
19	0	12,4	0,1	273	149
69	2	57,46	0,0	272	149
1	36	4,2	75,39	284	149
5	1	29,4	0,2	184	149
0	2	8,0	9,0	270	149
10	0	4,0	1,0	245	149
46	0	136,69	1,0	264	149
23	0	83,59	2,2	264	149
19	0	14,15	2,2	281	149
41	0	66,27	0,2	281	149
3	20	0,0	14,15	215	149
97	0	111,124	2,0	298	149
111	3	89,102	5,4	298	149
74	12	109,39	10,2	227	149
8	4	15,19	0,0	298	149
2	58	0,0	27,14	298	149
150	6	64,40	7,2	291	149
6	58	4,0	32,25	234	149
0	4	1,2	5,2	298	149
1	0	0,2	0,6	298	149
21	2	9,9	0,0	206	149
34	2	21,17	0,0	209	149
56	2	89,62	0,0	284	149
58	4	88,71	2,0	298	149
0	12	0,2	10,7	225	149
10	0	6,6	3,0	232	149
1	0	0,0	0,2	225	149
2	2	0,0	10,2	225	149
0	2	7,6	10,2	268	149
0	2	0,1	10,2	270	149
0	2	0,2	10,2	210	149
0	1	0,2	1,0	210	149
6	0	5,0	10,4	210	149
2	3	1,0	0,1	210	149
12	0	28,2	2,0	180	149
1	3	4,0	11,0	200	149
59	0	39,22	1,0	252	149
22	2	17,10	9,0	298	149
19	2	35,17	0,2	291	149
8	19	9,0	30,17	180	149
3	60	0,2	43,44	288	149
0	100	0,2	85,30	265	149
98	1	145,74	0,0	258	149
2	0	20,0	3,0	191	149
43	1	77,45	2,2	242	149
1	11	6,5	19,18	298	149
0	1	2,5	4,2	296	149
10	0	63,22	2,0	286	149
0	8	8,4	32,32	268	149
1	13	2,2	15,16	223	149
3	13	4,1	15,16	226	149
0	13	8,2	15,16	215	149
20	0	3,0	0,2	298	149
4	4	24,9	0,0	298	149
34	1	136,91	1,0	298	149
2	0	15,17	1,7	298	149
2	0	13,17	7,4	298	149
2	0	19,24	1,7	298	149
2	0	11,17	7,4	298	149
0	2	8,3	0,0	261	149
4	0	5,0	2,0	298	149
2	0	2,0	2,0	298	149
2	0	10,4	2,0	298	149
2	0	9,2	1,0	243	149
2	0	9,2	7,4	243	149
2	0	11,2	2,0	243	149
2	0	11,2	4,5	243	149
4	0	14,2	2,0	243	149
2	0	22,17	0,2	298	149
9	0	14,13	2,0	298	149
7	2	2,9	18,12	251	149
0	23	2,0	37,20	298	149
25	1	34,24	6,0	270	149
13	0	9,11	1,0	270	149
7	0	17,14	1,0	191	149
23	5	38,30	2,3	191	149
377	26	137,99	9,17	239	149
192	0	64,52	2,0	230	149
523	0	230,129	0,2	238	149
866	2	268,156	0,2	298	149
333	4	91,82	0,2	167	149
770	0	265,153	1,0	298	149
166	1	54,35	0,0	219	149
695	41	176,128	9,5	230	149
96	35	26,23	0,0	191	149
204	1	184,90	0,0	298	149
0	56	2,0	36,18	291	149
1	0	0,0	4,0	291	149
105	0	96,36	4,0	234	149
50	1	63,18	0,0	234	149
136	2	110,84	4,0	255	149
72	2	47,45	2,0	254	149
176	14	94,96	26,38	246	149
182	2	88,71	0,0	243	149
24	0	131,78	3,4	218	149
345	2	183,150	3,0	294	149
0	135	7,0	72,33	253	149
0	135	12,0	72,33	298	149
803	2	516,297	2,4	298	149
641	0	298,119	0,1	233	149
756	5	360,235	2,6	240	149
1160	1	839,627	0,0	292	149
30	4	52,27	6,2	284	149
0	1	0,2	0,0	298	149
0	1	4,2	0,0	298	149
20	0	41,13	3,0	298	149
7	0	12,11	3,0	208	149
17	0	80,17	9,0	298	149
11	0	36,12	9,0	261	149
30	2	29,11	6,7	250	149
22	2	25,16	6,7	287	149
20	2	52,25	2,0	298	149
6	0	2,2	1,0	298	149
121	5	39,24	1,0	262	149
35	1	62,32	2,0	209	149
121	1	119,69	2,0	206	149
120	5	139,85	2,0	191	149
169	1	165,111	4,0	236	149
4	94	0,0	136,81	194	149
98	0	99,47	4,0	222	149
16	45	44,18	29,9	167	149
2	0	3,4	2,1	298	149
1	1	3,5	0,0	298	149
254	2	319,141	4,0	298	149
2	6	0,0	4,1	298	149
0	4	0,2	2,12	228	149
4	0	2,12	0,4	263	149
39	2	36,8	0,0	298	149
74	0	113,65	3,2	259	149
79	1	108,36	0,0	181	149
0	4	0,2	10,1	298	149
50	270	78,149	192,528	298	149
21	3	0,5	4,0	212	149
40	2	33,32	7,0	263	149
0	15	2,0	13,16	204	149
30	0	32,20	2,0	277	149
0	32	1,2	5,4	248	149
121	4	33,18	0,0	298	149
2	109	0,0	195,224	288	149
77	0	136,138	0,1	298	149
1	12	8,2	66,19	206	149
11	0	120,64	2,6	188	149
0	3	1,8	2,2	226	149
0	3	3,0	2,2	223	149
2	20	2,3	28,16	266	149
4	0	0,3	5,3	266	149
5	0	7,7	5,3	187	149
36	0	45,13	5,3	291	149
17	2	19,1	0,0	291	149
20	0	29,12	5,3	298	149
1	20	0,0	22,4	249	149
14	0	24,35	0,2	218	149
2	0	4,0	0,2	247	149
7	2	2,0	0,0	280	149
1	17	1,0	28,9	298	149
64	2	87,53	1,0	298	149
70	8	58,27	3,0	298	149
11	0	14,23	1,2	283	149
2	0	0,3	4,1	298	149
5	9	20,19	9,6	298	149
9	9	12,19	9,6	298	149
4	9	2,1	9,6	298	149
231	1	441,267	1,0	298	149
282	2	361,183	2,2	260	149
74	159	51,30	223,134	298	149
332	0	447,168	0,2	218	149
283	2	342,102	0,0	298	149
1	0	3,12	1,0	234	149
14	0	26,8	2,0	234	149
65	4	132,57	6,15	280	149
69	0	124,50	2,0	298	149
36	2	65,67	2,0	228	149
18	6	74,48	4,0	239	149
7	6	14,2	0,2	243	149
2	137	0,0	124,89	185	149
0	2	1,0	0,0	232	149
5	89	0,0	4,2	178	149
197	3	12,5	0,0	281	149
2	0	0,0	9,0	238	149
479	3	335,232	9,6	298	149
0	7	1,2	8,0	194	149
2	19	3,6	31,13	194	149
0	2	2,0	2,2	210	149
54	8	70,46	16,9	245	149
36	2	13,18	0,0	298	149
24	2	8,15	0,8	252	149
99	2	59,83	0,2	252	149
185	0	116,99	0,2	298	149
180	93	70,32	8,4	298	149
180	93	70,32	8,4	298	149
88	93	36,12	8,4	180	149
398	0	661,444	2,0	298	149
5	365	6,8	646,441	255	149
1	27	0,0	10,4	248	149
2	27	0,0	10,4	298	149
113	5	41,25	0,0	298	149
6	0	25,44	0,4	263	149
5	11	6,0	13,5	298	149
5	2	5,0	0,0	298	149
8	0	32,21	2,0	298	149
13	0	41,38	3,5	298	149
7	1	28,21	0,0	298	149
5	6	14,9	13,17	279	149
17	1	38,18	0,0	296	149
49	2	71,34	4,0	229	149
39	2	57,28	0,0	250	149
70	0	99,77	4,0	278	149
70	2	88,62	0,5	298	149
2	4	0,6	1,0	285	149
225	2	136,52	0,0	265	149
81	1	43,23	1,0	253	149
100	1	63,32	1,0	256	149
2	44	8,0	71,24	207	149
4	4	2,2	1,0	213	149
1	2	11,3	0,0	268	149
30	2	59,15	21,10	196	149
1	2	12,7	0,1	253	149
23	0	86,75	4,0	282	149
18	0	101,43	1,0	225	149
18	0	70,31	11,4	241	149
15	0	97,52	0,2	246	149
21	0	86,73	2,0	241	149
14	0	65,70	4,0	215	149
19	0	95,69	0,4	298	149
12	1	78,47	0,0	283	149
2	126	0,0	91,32	213	149
51	8	25,36	2,2	223	149
126	5	127,97	9,7	210	149
190	10	277,237	10,6	298	149
2	69	5,0	92,74	219	149
41	2	91,37	0,0	235	149
81	3	75,54	8,0	234	149
33	0	30,19	1,0	241	149
26	3	15,21	2,3	276	149
40	1	29,26	0,0	245	149
6	21	3,2	20,11	202	149
4	5	0,0	8,0	285	149
4	5	0,0	8,0	288	149
79	3	140,78	12,4	278	149
89	2	161,49	0,0	298	149
7	14	9,5	13,37	200	149
21	33	34,28	56,27	298	149
14	12	34,41	13,1	212	149
67	0	105,56	2,0	298	149
128	0	46,16	2,0	259	149
143	0	72,38	0,1	277	149
32	1	28,19	4,0	241	149
47	3	84,33	9,4	265	149
57	0	69,50	2,0	265	149
3	4	9,16	0,0	298	149
3	4	4,13	0,0	298	149
1	2	2,0	6,3	182	149
6	5	19,35	6,4	288	149
12	5	26,64	6,4	231	149
4	8	7,7	13,17	298	149
38	0	65,57	1,0	223	149
78	0	186,161	1,0	226	149
2	4	0,0	28,15	271	149
0	16	1,0	51,27	238	149
28	0	26,34	2,0	214	149
43	0	74,60	2,0	214	149
29	0	77,55	2,0	211	149
0	5	5,4	23,9	298	149
5	0	17,13	2,0	241	149
4	5	22,17	23,9	241	149
1565	9	665,486	2,0	226	149
521	9	230,248	2,0	242	149
2	19	0,0	20,6	239	149
138	123	143,111	68,34	298	149
158	0	260,243	2,0	278	149
43	0	251,137	0,2	242	149
33	0	105,81	2,0	257	149
24	0	90,77	2,0	251	149
18	2	12,28	2,0	298	149
9	8	16,4	31,3	260	149
9	16	22,4	52,13	170	149
0	7	1,0	6,2	205	149
0	7	2,0	6,2	298	149
27	3	67,31	2,1	203	149
201	0	143,166	0,1	293	149
372	0	253,254	0,2	298	149
195	0	139,117	0,2	298	149
56	2	43,23	0,0	272	149
78	0	64,36	1,0	298	149
212	1	194,139	0,0	298	149
221	5	189,84	2,1	278	149
13	0	17,20	1,0	260	149
13	1	23,21	0,0	298	149
2	0	2,0	7,0	223	149
8	0	7,2	7,0	223	149
1	0	16,9	5,0	186	149
2	2	8,2	25,16	208	149
23	0	66,47	6,3	298	149
11	0	44,40	1,2	252	149
2	0	1,0	2,0	298	149
10	0	2,1	0,2	217	149
38	2	81,57	0,0	298	149
2	0	23,13	2,0	298	149
1	251	2,2	64,21	298	149
4	2	26,8	0,0	195	149
84	622	125,97	624,540	242	149
1109	3	1058,853	6,7	298	149
2	483	8,3	364,358	296	149
724	10	559,459	13,0	298	149
5	243	4,0	201,102	261	149
104	2	70,42	0,1	298	149
86	2	17,33	0,0	298	149
551	3	804,358	7,0	260	149
644	0	938,453	2,0	279	149
9	45	14,10	42,6	298	149
42	42	52,23	53,26	200	149
49	2	48,23	0,0	213	149
8	22	3,9	16,7	221	149
90	0	88,32	6,0	264	149
112	0	118,51	4,0	294	149
8215	3	124,570	0,0	298	149
7264	31	69,273	0,2	278	149
10188	13	119,704	0,1	298	149
9026	1	122,697	0,0	288	149
3985	1	67,361	0,0	255	149
6	0	0,0	2,0	298	149
9	2	4,4	0,0	298	149
17	0	9,14	0,2	196	149
1	4	2,4	1,1	193	149
2	4	0,4	0,0	193	149
400	0	523,382	1,0	259	149
6	2	2,0	0,0	234	149
7	22	2,0	11,1	234	149
2	22	0,0	11,1	261	149
5	15	5,0	40,11	185	149
30	2	66,25	4,2	279	149
0	45	2,2	28,19	225	149
0	45	3,5	28,19	296	149
0	2	0,2	9,6	210	149
2	4	0,0	6,6	257	149
14	2	10,10	0,4	172	149
2	2	2,0	0,4	298	149
2	2	0,0	0,4	298	149
16	2	26,9	2,0	298	149
16	2	26,9	0,4	298	149
4	6	8,6	2,0	212	149
260	6	186,133	2,0	230	149
500	0	367,240	0,2	230	149
2	417	0,2	285,185	242	149
667	0	507,371	2,0	197	149
897	6	1237,702	8,2	298	149
0	2	2,0	33,25	175	149
0	2	2,0	33,25	172	149
4	7	22,22	4,3	298	149
9	7	34,35	4,3	281	149
63	0	203,109	2,0	287	149
1	39	10,2	101,66	293	149
62	0	261,108	0,3	298	149
56	0	333,97	2,0	296	149
3	33	3,2	172,58	197	149
81	0	302,98	1,0	298	149
702	0	837,528	2,0	281	149
414	2	447,312	2,0	281	149
209	2	195,118	2,0	245	149
508	11	588,336	5,2	245	149
234	0	311,170	5,0	245	149
115	0	117,77	5,0	245	149
0	66	1,0	56,22	290	149
93	0	47,30	1,0	225	149
24	0	19,10	0,3	201	149
0	14	2,0	8,9	268	149
31	1	13,1	0,0	298	149
299	0	387,269	2,0	298	149
115	53	146,87	23,19	298	149
31	6	31,32	2,0	288	149
28	0	46,27	2,0	292	149
269	8	405,235	9,5	298	149
13	106	8,19	156,119	274	149
25	11	38,12	2,2	298	149
9	1	2,8	4,4	246	149
22	3	10,10	0,14	298	149
14	1	10,10	1,0	271	149
8	2	11,12	0,0	298	149
5	4	11,8	0,0	281	149
6	0	6,13	2,0	298	149
0	5	3,4	2,0	298	149
6	1	11,15	0,0	259	149
0	7	0,2	13,15	298	149
25	0	19,15	2,0	284	149
9	4	9,0	0,0	199	149
3	4	5,0	4,0	199	149
2	2	2,4	0,0	298	149
19	1	25,16	5,7	258	149
392	1	307,206	4,4	237	149
156	4	276,196	2,2	298	149
143	0	301,185	0,1	249	149
66	2	44,47	1,0	224	149
17	188	18,3	102,35	227	149
2485	1	299,62	0,0	298	149
5	2	19,19	16,15	212	149
9	0	21,14	4,4	298	149
6	0	21,4	6,2	298	149
1	0	8,4	6,2	298	149
5	1	4,10	0,0	298	149
0	4	2,7	5,0	272	149
0	2	3,5	7,0	272	149
4	2	8,2	1,0	234	149
6	2	8,3	7,0	262	149
5	0	24,19	2,0	283	149
8	0	13,2	0,3	298	149
0	1	7,2	1,0	298	149
4	33	0,8	16,20	245	149
7	22	8,0	31,13	261	149
0	22	6,0	31,13	203	149
84	0	56,28	2,0	225	149
126	2	76,57	0,0	298	149
80	2	97,44	0,0	298	149
162	2	116,78	0,2	298	149
328	2	296,83	0,0	242	149
165	0	174,55	2,0	280	149
181	0	147,47	2,0	209	149
72	0	40,16	4,0	209	149
0	2	1,0	3,4	226	149
23	0	48,53	1,0	178	149
30	13	24,19	37,30	236	149
4	3	3,0	0,0	277	149
2	2	2,1	2,0	298	149
48	3	107,68	2,2	298	149
0	41	2,0	26,5	224	149
41	1	24,5	2,0	223	149
4	100	4,2	66,70	215	149
43	1	33,26	2,0	253	149
16	6	5,5	0,0	270	149
18	6	7,5	0,0	274	149
1	4	5,12	6,1	259	149
2	73	0,2	100,78	297	149
154	2	233,165	0,0	265	149
141	2	143,95	2,0	282	149
213	1	201,134	3,0	254	149
0	125	2,2	121,71	271	149
16	46	6,9	5,14	277	149
9	0	0,8	2,0	277	149
122	0	19,45	2,0	239	149
83	0	20,34	0,2	239	149
220	3	91,92	0,2	298	149
29622	1	10270,8180	0,0	204	149
36074	263	14504,11047	447,255	282	149
15300	0	8572,6673	2,2	244	149
33074	2	16257,12052	0,0	282	149
15555	1	8026,5963	0,0	282	149
2	0	0,0	2,0	298	149
2	5	2,0	12,12	202	149
18	1	35,20	4,0	294	149
14	3	22,3	2,0	259	149
31	0	62,13	3,2	298	149
5	1	5,0	0,0	255	149
2	12	5,0	42,23	255	149
4	0	2,2	1,0	275	149
0	7	6,2	24,12	231	149
5	0	6,8	0,2	298	149
2	13	0,0	7,2	242	149
43	0	72,30	1,0	298	149
43	0	32,31	0,2	273	149
35	0	34,42	0,2	298	149
5	0	4,0	0,2	234	149
4	3	0,2	2,0	284	149
5	4	2,0	2,2	211	149
55	0	46,18	0,2	228	149
131	6	71,57	4,0	227	149
6	6	0,4	4,0	298	149
8	84	0,8	36,30	298	149
4	0	4,0	4,0	214	149
162	2	112,53	8,0	216	149
224	8	163,109	2,2	281	149
74	0	63,20	2,0	245	149
174	10	82,75	3,0	283	149
0	8	2,0	29,15	214	149
32	0	66,45	1,0	250	149
58	0	68,47	7,1	226	149
65	2	96,68	0,0	298	149
0	25	2,2	44,31	247	149
1	0	2,2	7,5	288	149
2	0	0,0	7,5	238	149
0	1	2,0	2,2	238	149
7	7	7,2	11,18	291	149
37	0	108,60	2,0	298	149
19	0	16,13	4,0	249	149
10	10	14,8	29,6	263	149
33	2	139,62	0,0	255	149
1	7	4,2	3,5	271	149
6	1	5,5	0,0	255	149
6	1	5,5	0,0	258	149
69	0	39,24	4,4	253	149
23	0	19,6	0,6	227	149
73	0	38,31	0,6	270	149
36	0	23,10	2,4	258	149
74	1	39,32	0,0	258	149
2	41	0,0	42,11	298	149
52	7	45,21	0,0	298	149
35	0	65,65	3,0	298	149
38	0	74,32	0,2	298	149
3	0	3,4	2,2	246	149
6	3	0,5	0,0	197	149
2	2	0,2	1,2	224	149
0	1	0,2	0,0	288	149
10	66	2,5	44,24	241	149
2	0	0,0	11,8	212	149
8	0	8,0	12,8	194	149
7	9	4,2	2,8	298	149
1	6	2,0	3,6	158	149
4	0	14,4	1,0	229	149
2	6	0,0	10,4	225	149
31	0	12,24	1,0	228	149
2	60	4,4	23,13	298	149
65	0	35,38	1,0	287	149
125	2	58,51	0,2	287	149
48	0	57,28	0,2	238	149
235	2	139,74	0,0	285	149
16	5	20,4	7,12	197	149
3	0	1,0	3,2	242	149
79	3	90,51	3,0	298	149
11	19	19,8	24,18	254	149
200	0	194,90	2,0	259	149
261	3	153,94	0,0	298	149
246	0	190,76	2,0	253	149
1	45	5,3	37,11	186	149
107	0	72,32	2,0	270	149
34	2	18,8	0,0	298	149
26	4	31,38	0,0	298	149
46	2	50,49	0,0	233	149
22	6	18,20	10,9	248	149
0	32	5,0	20,5	233	149
15	47	17,3	20,5	185	149
74	0	32,13	2,0	232	149
58	2	86,167	0,0	239	149
2	39	2,0	37,29	197	149
2	39	4,1	37,29	271	149
7	5	5,5	4,0	298	149
2	11	0,0	10,4	191	149
2	4	2,2	1,0	283	149
6	0	7,0	0,2	298	149
43	0	16,13	0,2	248	149
0	2	7,4	8,7	237	149
60	0	70,68	3,2	298	149
92	0	128,66	0,3	204	149
26	0	46,27	2,0	240	149
102	3	160,53	0,0	241	149
49	4	62,28	0,1	187	149
2091	0	952,1040	1,0	223	149
6565	0	3327,2689	1,0	280	149
7	4	0,0	1,0	279	149
1228	3	121,66	0,0	298	149
1428	4	157,131	0,1	223	149
363	0	217,70	2,0	262	149
519	0	540,174	2,0	298	149
298	0	426,230	0,2	263	149
36	17	1,0	0,0	298	149
43	17	1,0	0,0	192	149
36	4	2,0	0,0	192	149
20	79	0,0	2,0	298	149
5	79	0,0	2,0	171	149
72	1	3,0	0,0	298	149
134	6	5,0	0,0	298	149
15	2	27,25	0,0	298	149
29	2	59,47	0,0	295	149
0	16	2,2	46,28	245	149
10	1	28,22	2,2	230	149
5	9	0,0	14,6	298	149
4	9	0,0	14,6	251	149
0	1	5,4	12,12	266	149
93	0	160,47	2,0	245	149
92	0	281,131	1,0	298	149
29	0	46,17	2,0	264	149
13	0	37,14	8,4	216	149
48	3	97,37	2,0	216	149
2	3	22,6	2,0	291	149
2	36	16,2	62,25	291	149
61	0	106,73	0,2	298	149
35	0	80,70	1,0	298	149
38	0	91,25	2,0	298	149
4	0	4,1	0,2	186	149
17	4	20,18	0,0	298	149
34	0	128,73	2,2	297	149
2	61	2,0	57,72	241	149
349	0	172,157	0,3	252	149
297	0	200,184	2,0	298	149
105	2	99,57	0,0	298	149
48	2	66,47	0,0	298	149
241	1	165,174	0,0	298	149
39	1	3,6	0,0	232	149
2	6	0,6	16,14	294	149
2	2	5,4	2,6	233	149
24	0	19,17	2,0	298	149
38	2	19,17	0,0	293	149
16	2	19,13	0,0	293	149
22	2	9,6	0,0	282	149
47	5	15,18	6,8	282	149
211	0	244,77	3,0	250	149
18	84	22,9	127,85	298	149
84	0	128,85	4,0	298	149
42	0	64,24	4,0	275	149
143	0	198,85	1,0	275	149
28	1	140,67	4,0	298	149
0	19	11,15	38,21	242	149
8	0	11,9	0,2	274	149
11	0	24,11	2,0	298	149
6	0	11,10	2,0	298	149
3	0	16,7	2,0	235	149
14	2	28,20	0,0	230	149
4	2	2,0	0,0	298	149
2	8	0,2	22,16	227	149
4	4	2,0	3,2	202	149
6	0	5,4	4,0	298	149
6	0	5,4	4,0	298	149
4	0	1,0	9,0	251	149
2	0	12,4	2,0	293	149
2	26	0,0	10,2	298	149
67	0	115,51	1,5	298	149
16	0	16,22	1,0	228	149
51	0	51,16	2,0	298	149
2	16	0,0	28,6	236	149
4	4	0,0	2,0	298	149
1	0	5,3	2,0	298	149
3	26	3,4	25,6	281	149
0	26	2,0	25,6	201	149
0	3	0,2	3,2	201	149
84	1	62,41	0,0	252	149
157	0	111,77	2,0	234	149
131	0	121,102	0,2	298	149
67	0	66,62	0,1	293	149
9	0	69,41	1,0	229	149
19	2	34,29	0,0	240	149
50	0	31,8	0,4	298	149
38	0	16,13	2,3	237	149
26	22	23,10	8,5	298	149
0	4	0,2	6,8	263	149
50	0	39,54	2,0	213	149
4	32	0,2	17,26	298	149
85	2	56,44	0,0	256	149
54	2	39,22	0,0	256	149
152	0	82,36	0,2	291	149
41	0	98,52	3,6	275	149
58	0	120,58	2,0	246	149
54	2	63,32	0,0	298	149
9	0	9,2	1,0	219	149
6	2	2,1	3,0	261	149
2	10	0,0	2,0	298	149
0	10	2,2	2,0	298	149
19	2	7,20	0,0	249	149
47	0	30,44	2,0	298	149
64	0	46,57	2,0	298	149
358	3	219,136	0,4	241	149
275	5	171,138	0,0	208	149
34	4	51,34	4,2	298	149
280	0	135,78	2,0	287	149
200	0	74,29	1,0	222	149
11	7	21,6	7,8	243	149
5	1	7,0	2,0	258	149
12	7	24,20	7,8	281	149
14	7	28,31	7,8	298	149
68	0	41,13	0,1	298	149
20	3	19,9	6,4	236	149
16	3	9,6	0,4	298	149
13	20	12,18	13,3	271	149
64	4	47,12	2,2	298	149
113	2	135,91	0,0	255	149
51	0	51,18	2,0	296	149
121	1	104,38	4,0	298	149
0	72	0,4	53,20	183	149
152	1	119,45	0,2	298	149
121	3	102,44	6,3	246	149
140	1	215,165	0,0	297	149
2	183	3,2	101,53	256	149
118	91	72,71	101,77	296	149
19	1	14,12	3,4	206	149
1	0	3,4	4,0	298	149
2249	0	430,344	2,0	298	149
888	0	246,214	2,0	275	149
521	2	2,0	0,0	293	149
484	13	2,0	0,0	298	149
21	0	20,11	0,4	183	149
14	71	8,17	63,41	207	149
0	71	0,1	63,41	179	149
0	6	0,1	8,12	179	149
116	2	108,96	0,0	298	149
111	1	157,61	0,0	298	149
42	1	43,14	0,0	209	149
106	1	133,46	0,0	255	149
77	2	67,24	0,0	181	149
13153	12	1614,815	0,0	298	149
6474	3	766,517	0,0	298	149
1	2	0,4	0,0	207	149
0	2	0,2	0,3	237	149
0	2	2,0	0,4	298	149
14	2	38,13	2,5	252	149
0	4	2,3	2,6	245	149
8	0	14,10	3,0	252	149
14	0	72,23	2,0	273	149
5	1	1,4	4,4	298	149
186	1	158,84	0,2	266	149
77	0	296,94	2,2	261	149
3	47	18,12	195,54	207	149
87	0	211,131	2,0	260	149
43	0	159,90	2,0	298	149
0	27	4,4	75,28	288	149
0	27	6,10	75,28	204	149
97	0	423,288	1,0	211	149
162	0	521,360	1,1	230	149
25	0	23,0	5,6	298	149
8	8	4,0	6,0	216	149
829	3	506,326	0,1	226	149
1	11	0,0	10,0	240	149
24	3	32,9	4,2	212	149
151	1	224,61	0,0	298	149
232	4	255,127	0,0	268	149
3	128	8,2	168,121	197	149
33	0	9,19	6,0	231	149
8	7	2,1	17,6	268	149
38	8	52,30	9,18	173	149
33	2	58,45	0,0	256	149
0	18	4,0	25,10	275	149
16	0	26,18	2,0	298	149
59	2	96,55	0,0	298	149
96	0	110,66	1,0	290	149
37	0	56,25	0,2	298	149
40	0	55,47	2,0	298	149
174	4	251,142	0,0	233	149
190	4	232,197	0,0	298	149
8	35	18,11	55,8	194	149
7	13	21,14	0,1	194	149
76	993	3,6	37,13	276	149
2	240	0,0	2,12	276	149
3295	240	135,74	2,12	298	149
2386	2	101,69	0,0	298	149
4164	74	146,112	4,2	298	149
3409	4	85,92	0,0	222	149
2	0	4,0	2,1	222	149
2	1	16,13	0,0	298	149
25	0	41,32	0,2	209	149
18	0	37,37	1,1	298	149
2	8	7,15	10,11	239	149
0	2	2,0	3,0	298	149
109	1	147,166	2,0	298	149
0	70	3,3	105,60	196	149
2	54	0,0	107,45	298	149
116	3	236,148	0,4	279	149
52	0	101,42	0,2	279	149
5	0	0,4	0,2	298	149
68	2	118,79	0,0	296	149
20	0	18,23	1,0	255	149
21	4	25,12	0,0	298	149
56	0	423,181	2,0	225	149
80	1	904,389	0,0	262	149
4	54	0,7	70,75	298	149
293	2	3080,1723	28,16	281	149
367	0	4933,3259	0,1	271	149
96	0	1535,1036	4,0	202	149
35	0	78,69	5,2	216	149
27	0	109,83	3,1	251	149
40	0	80,20	1,2	256	149
38	1	63,20	7,0	212	149
10	0	33,3	0,2	212	149
6	0	43,20	0,2	298	149
33	0	68,37	2,0	298	149
28	0	32,19	3,0	298	149
5	0	36,20	0,2	298	149
70	1	76,30	0,0	221	149
7	0	15,2	0,2	187	149
0	8	0,4	2,8	238	149
0	8	1,0	2,8	298	149
0	1	2,0	10,3	213	149
46	2	110,29	1,2	220	149
50	2	83,40	0,1	271	149
5	1	0,2	0,0	232	149
66	2	140,59	4,0	234	149
0	13	2,3	41,30	215	149
5	0	15,15	12,5	230	149
33	0	81,49	1,0	292	149
2	31	2,3	59,23	298	149
0	25	8,2	43,24	245	149
1	22	8,4	39,15	248	149
1	10	0,0	18,14	227	149
1	0	2,0	0,2	227	149
26	0	37,41	0,2	273	149
10	0	15,13	4,0	273	149
18	0	19,27	2,0	273	149
20	0	42,18	4,0	298	149
1	0	1,0	14,14	298	149
85	1	37,20	0,0	298	149
26	0	32,78	0,1	263	149
3	6	2,0	4,4	298	149
2698	2	1623,2214	0,4	298	149
4126	11	2343,3682	6,8	298	149
2602	0	1600,2191	0,1	298	149
1533	1	753,1508	0,0	298	149
439	0	178,378	0,1	266	149
1947	7	918,1862	10,13	266	149
1	10	2,0	15,18	298	149
114	1	72,27	6,10	257	149
88	1	49,28	1,0	204	149
91	0	41,32	0,2	298	149
61	0	32,33	1,4	293	149
4	29	6,7	43,52	298	149
53	2	73,81	2,2	298	149
28	3	34,36	0,0	298	149
28	3	34,36	0,0	298	149
38	3	39,38	0,0	298	149
5	0	25,11	2,0	191	149
1	0	4,4	2,0	191	149
15	0	24,11	2,0	196	149
9	0	4,2	2,0	196	149
1	0	4,2	2,0	182	149
4	2	6,12	4,0	255	149
75	1	35,16	0,0	298	149
9	0	7,2	0,1	298	149
30	68	1,0	28,14	298	149
2	0	2,2	0,1	261	149
221	1	56,18	0,0	261	149
60	2	28,13	0,0	261	149
112	2	38,24	0,0	298	149
280	2	70,31	4,2	298	149
169	2	32,9	0,0	298	149
50	2	45,10	0,0	238	149
158	0	79,32	0,2	238	149
1	27	0,2	13,6	250	149
163	4	88,372	4,7	297	149
4	70	2,13	42,176	221	149
44	0	25,144	2,1	270	149
19	2	13,75	0,0	244	149
79	4	45,145	4,16	244	149
0	60	3,0	32,70	242	149
31	0	19,47	2,2	211	149
81	0	32,126	2,3	298	149
2661	0	3641,2282	0,4	296	149
0	2	0,2	0,0	219	149
8	4	0,4	8,1	298	149
28	4	3,4	8,1	298	149
0	7	0,2	4,7	200	149
8	2	10,30	0,0	280	149
2	1	2,17	0,10	216	149
51	2	26,17	1,0	202	149
0	1	0,1	0,0	202	149
17	3	28,25	0,0	222	149
91	0	23,17	1,1	275	149
13	2	51,25	0,0	295	149
36	2	42,41	0,0	298	149
16	1	19,17	0,0	261	149
44	2	48,45	0,0	230	149
2	0	22,13	1,0	236	149
0	3	4,3	3,2	298	149
2	925	3,0	834,580	241	149
0	3	0,2	0,4	246	149
6	2	3,3	0,0	276	149
22	2	24,18	0,0	250	149
0	68	3,0	75,37	243	149
0	12	0,2	23,14	208	149
79	0	67,85	2,0	235	149
152	12	159,146	23,14	235	149
289	0	423,178	4,0	298	149
248	0	440,188	0,2	298	149
146	0	282,163	0,3	248	149
147	0	224,109	1,1	280	149
25	0	55,30	0,1	201	149
8	7	0,0	1,0	298	149
4	1	0,0	0,2	298	149
4	7	0,0	1,0	298	149
15	1	1,2	0,2	298	149
6	8	1,2	0,2	268	149
2	0	0,0	1,0	298	149
24	1	1,2	0,0	245	149
40	0	31,19	2,0	221	149
53	0	75,39	0,4	222	149
32	2	43,21	1,0	298	149
156	0	210,99	1,0	213	149
355	0	274,191	0,2	264	149
0	308	4,4	273,156	298	149
0	308	6,8	273,156	269	149
574	2	600,313	5,0	283	149
0	13	6,2	7,20	239	149
58	1	101,58	0,0	245	149
343	18	461,196	8,3	217	149
399	3	502,232	2,0	286	149
7	20	2,2	18,6	246	149
48	3	62,33	0,0	220	149
52	0	75,51	2,0	298	149
40	2	52,31	0,0	217	149
2	0	18,8	2,0	249	149
4	0	18,4	7,1	298	149
0	2	4,6	0,0	224	149
2	5	0,0	21,4	294	149
107	4	34,74	2,6	212	149
30	2	2,0	0,0	223	149
1	35	0,3	33,19	236	149
1	29	8,4	30,20	274	149
32	1	36,22	1,0	298	149
14	367	21,5	323,206	198	149
384	4	329,209	0,0	298	149
680	0	617,346	0,4	298	149
10	0	3,2	0,4	220	149
23	313	9,5	294,140	220	149
60	0	42,21	2,0	298	149
30	1	38,22	0,0	278	149
0	19	0,3	26,15	298	149
45	0	40,39	1,0	298	149
55	0	76,40	4,0	231	149
45	1	79,32	0,0	269	149
181	0	160,75	2,0	285	149
50	0	52,22	2,0	225	149
38	4	37,11	0,0	226	149
61	2	75,22	1,0	221	149
170	4	179,83	2,0	256	149
93	0	61,33	0,1	256	149
210	0	148,63	2,0	227	149
115	1	183,90	0,0	298	149
5	8	11,16	4,2	215	149
5	8	11,8	4,2	212	149
60	2	50,13	0,0	298	149
4	0	15,5	0,1	252	149
2	2	0,2	0,0	298	149
34	2	51,40	0,0	212	149
2	0	0,0	1,0	283	149
170	2	181,145	1,0	298	149
1466	2	277,87	0,0	298	149
1003	1	211,52	0,0	298	149
7	0	18,6	0,2	298	149
4	0	19,19	2,0	217	149
2	2	5,6	0,1	298	149
1	15	0,2	12,12	217	149
14	2	21,16	4,0	227	149
326	2	223,121	0,0	298	149
4053	0	4773,2529	0,2	283	149
21	0	20,13	1,0	245	149
2649	27	2905,1888	26,12	206	149
403	0	418,323	1,4	219	149
2018	0	1980,1519	4,2	219	149
2413	3	2869,1679	7,2	217	149
2751	4	3310,1831	30,6	238	149
1038	0	1204,740	4,0	238	149
2982	0	3155,1311	4,0	298	149
4753	0	5287,2435	1,0	298	149
4265	2	4523,1807	21,0	257	149
1	0	12,7	2,0	266	149
1	2099	14,9	2242,805	266	149
4	14	0,4	5,8	298	149
12	7	2,0	9,4	223	149
0	10	2,0	13,6	298	149
30	1	43,24	0,0	298	149
4	0	10,13	2,2	298	149
94	0	60,58	2,0	298	149
276	0	181,154	2,0	263	149
259	0	95,61	2,0	265	149
384	2	221,134	0,0	298	149
403	2	506,425	0,0	263	149
8	142	7,5	189,126	206	149
2	6	0,0	1,2	256	149
7	0	3,2	1,0	286	149
1	171	1,0	43,40	193	149
8	0	13,6	0,2	279	149
8	10	4,4	7,2	264	149
178	5	114,70	28,17	233	149
45	1	34,21	0,2	233	149
71	1	64,53	0,2	207	149
204	0	119,89	0,4	207	149
82	18	178,56	8,3	298	149
0	1	2,0	0,0	270	149
0	6	2,0	0,0	270	149
0	13	2,0	8,0	270	149
90	0	52,56	6,0	298	149
85	0	37,40	2,7	192	149
244	9	2,0	0,0	298	149
150	1	2,0	0,0	298	149
867	62	786,346	50,47	221	149
727	4	608,385	9,2	193	149
0	147	1,0	97,76	298	149
195	12	128,98	2,1	233	149
50	3	20,7	3,2	268	149
18	55	15,13	44,6	274	149
82	0	76,38	0,2	277	149
104	0	85,43	2,0	298	149
81	0	55,21	2,4	256	149
1	43	1,5	30,4	205	149
5	0	2,0	3,0	243	149
1	0	2,4	0,2	224	149
2	0	0,0	0,2	273	149
64	2	48,15	2,0	204	149
35	0	38,7	1,0	227	149
2	5	0,0	13,6	204	149
90	4	3,2	0,0	279	149
95	2	4,2	0,0	243	149
76	5	4,0	0,0	275	149
22	1	26,18	0,0	251	149
42	1	52,28	0,0	298	149
4	0	0,0	0,2	207	149
18	0	2,4	0,2	298	149
164	4	146,123	2,0	269	149
102	0	101,67	1,0	298	149
30	0	28,14	0,1	210	149
93	0	114,73	0,1	298	149
20	2	33,48	0,0	284	149
0	2	11,12	2,0	194	149
8	0	6,27	2,0	272	149
4	0	202,68	2,2	288	149
3	27	0,0	28,11	246	149
114	7	104,89	1,2	298	149
1	7	2,0	1,2	243	149
2	57	0,0	73,54	253	149
3	52	0,0	29,22	253	149
211	2	280,133	0,0	242	149
205	1	193,49	0,0	209	149
238	0	188,114	2,0	277	149
229	2	187,119	0,0	251	149
80	1	76,43	0,0	222	149
14	11	21,8	14,8	266	149
69	1	950,1980	2,14	254	149
111	1	1639,3496	2,14	294	149
250	0	177,126	1,2	273	149
6	130	6,5	106,75	220	149
200	0	179,83	1,0	210	149
190	17	157,60	20,2	235	149
161	1	37,23	0,0	298	149
452	1	92,82	0,0	298	149
41	8	32,29	0,0	298	149
3	26	2,17	25,10	298	149
12	43	11,9	40,15	176	149
79	2	62,82	2,0	298	149
4	5	3,0	5,13	268	149
89	0	212,83	2,0	248	149
54	1	78,39	0,0	298	149
43	0	67,49	2,0	298	149
88	0	133,83	4,0	298	149
89	0	113,79	2,0	259	149
1	39	5,2	46,12	239	149
14	49	10,3	51,27	248	149
2	23	4,2	27,12	298	149
2	0	0,2	2,6	233	149
83	0	209,178	2,0	287	149
49	0	104,70	2,2	247	149
4	2	22,33	13,20	298	149
0	8	0,2	16,3	196	149
9	0	9,6	3,0	243	149
7	1	16,7	0,0	298	149
4	0	19,4	2,0	273	149
6	1	20,10	0,0	298	149
2	119	0,0	17,16	259	149
147	2	36,79	0,0	290	149
232	2	39,40	0,0	298	149
0	15	2,2	3,0	243	149
14	11	2,2	0,0	274	149
2	5	0,0	2,4	227	149
141	0	181,133	3,0	230	149
111	0	2,163	0,2	233	149
6	12	4,1	11,7	252	149
6	33	3,10	15,9	267	149
51	1	26,20	0,2	275	149
32	2	16,9	2,0	275	149
9	0	8,6	2,0	201	149
17	4	1,9	1,6	298	149
0	2	0,2	2,0	298	149
22	0	6,11	1,1	298	149
8	2	5,7	2,0	298	149
5	0	0,2	1,0	243	149
2	119	0,2	117,73	264	149
2	13	3,3	12,18	225	149
24	0	45,34	2,0	298	149
35	0	51,48	2,0	298	149
16	2	41,6	6,6	298	149
36	0	63,29	1,0	232	149
28	0	60,48	2,2	225	149
6	0	7,4	4,0	250	149
1	0	0,0	2,0	242	149
4	1	0,0	2,0	298	149
3	2	0,0	8,2	235	149
3	1	0,0	2,0	235	149
0	2	4,0	0,0	230	149
2	2	2,2	0,0	230	149
1	6	0,0	4,0	264	149
8	0	6,3	1,0	298	149
19	0	14,6	2,0	298	149
23	6	20,9	4,0	298	149
19	6	4,1	4,0	298	149
21	6	2,1	6,3	298	149
1	6	0,0	2,0	258	149
72	2	131,79	0,0	248	149
0	6	8,4	12,13	297	149
18	0	26,26	1,0	183	149
2	18	2,0	17,20	279	149
6	0	10,9	2,0	257	149
12	0	16,21	2,0	230	149
10	0	11,7	0,2	281	149
9	0	11,7	0,2	298	149
4	3	14,11	2,0	211	149
3	16	4,4	34,20	272	149
0	79	2,0	94,75	298	149
78	2	79,112	0,0	298	149
9	0	18,26	1,0	282	149
3	2	8,15	0,0	298	149
0	4	2,0	11,17	257	149
0	8	0,2	2,4	284	149
1	3	1,0	2,0	216	149
0	3	2,2	2,0	298	149
0	2	0,2	1,0	298	149
0	8	0,4	6,1	276	149
2517	6	1542,1303	2,2	213	149
1517	0	892,530	2,0	286	149
3	0	0,0	1,0	251	149
12	0	26,45	0,1	241	149
2	0	6,4	4,8	170	149
2	7	1,5	2,7	298	149
2	38	1,0	32,19	222	149
17	1	26,12	0,0	224	149
22	0	52,16	5,1	228	149
0	6	1,0	13,3	223	149
231	0	194,125	0,4	263	149
24	0	40,34	1,0	258	149
49	3	72,41	6,2	298	149
31	2	44,16	0,0	294	149
7	2	2,0	0,0	284	149
70	2	0,3	0,0	284	149
71	5	0,3	0,0	284	149
7	0	25,11	3,1	298	149
2	0	1,2	2,0	298	149
2	2	0,0	1,2	250	149
0	2	0,4	2,0	283	149
3	0	31,23	2,0	285	149
2	31	0,0	26,16	201	149
15	159	15,9	232,159	209	149
45	69	51,50	108,64	212	149
1294	0	77,124	2,0	221	149
2852	41	160,177	5,4	281	149
1014	1	62,76	0,0	281	149
1217	1	67,63	0,0	214	149
3023	7	160,160	2,2	214	149
2214	0	134,117	3,0	276	149
3752	8	263,226	0,3	236	149
6	770	0,0	37,34	298	149
2703	1	293,174	4,1	298	149
3810	38	509,399	17,3	279	149
47	0	71,22	2,0	298	149
19	0	18,10	2,0	202	149
106	1	174,60	0,0	256	149
42	0	75,26	1,2	298	149
0	39	0,2	30,6	241	149
2	39	0,0	30,6	298	149
2	0	0,0	0,2	298	149
152	2	125,66	0,0	283	149
1	0	0,0	2,0	228	149
0	4	0,2	0,0	233	149
12	2	19,11	0,0	200	149
0	16	0,2	12,4	290	149
3	2	0,2	0,0	213	149
10	4	0,0	6,0	298	149
2	66	0,0	57,20	271	149
64	20	17,10	8,0	275	149
12	6	8,3	1,0	249	149
2	104	0,3	46,34	290	149
2	1	0,2	0,0	290	149
124	1	68,36	0,0	283	149
81	0	35,25	1,0	298	149
2	22	0,0	22,14	286	149
2	22	0,0	22,14	283	149
0	16	1,0	20,17	298	149
2	16	4,2	20,17	228	149
35	2	31,39	0,5	197	149
0	83	1,0	73,140	298	149
35	13	13,14	9,8	191	149
2	0	10,0	2,0	273	149
2	0	10,4	1,0	298	149
2	0	7,4	1,0	298	149
6	2	0,2	0,0	298	149
3	0	23,15	6,2	206	149
2	1	21,7	14,9	179	149
18	2	10,7	0,0	215	149
3	0	45,15	2,0	235	149
4	0	16,15	0,2	253	149
4	0	3,10	2,0	183	149
1	4	0,0	3,10	298	149
1	4	2,0	3,10	298	149
1	4	0,0	3,10	242	149
21	1	6,5	0,0	298	149
2	29	2,0	12,27	236	149
3	29	6,0	12,27	242	149
0	4	0,4	1,11	298	149
65	46	58,70	5,8	167	149
57	2	29,49	2,3	298	149
76	10	59,48	16,7	260	149
142	2	70,23	0,4	275	149
248	0	540,283	0,2	260	149
206	2	468,170	5,0	276	149
238	4	615,161	1,2	298	149
45	0	82,33	8,0	298	149
176	15	324,84	28,9	188	149
41	0	114,93	0,2	298	149
21	2	3,4	0,0	238	149
16	2	35,10	0,0	298	149
42	0	43,22	0,2	256	149
25	0	59,34	4,0	298	149
2	28	0,1	29,15	242	149
38	2	88,38	5,0	220	149
0	4	1,0	44,5	262	149
6	0	53,6	2,0	237	149
295	0	223,79	2,0	258	149
236	0	93,28	2,0	298	149
9	0	27,34	2,0	241	149
34	0	61,107	0,2	298	149
30	0	35,39	11,10	233	149
17	0	60,47	0,2	298	149
6	0	14,7	0,2	261	149
193	17	21,14	2,0	298	149
54	1	6,2	0,0	224	149
7	2	10,18	0,0	298	149
28	0	50,18	0,6	260	149
54	0	105,81	0,6	298	149
29	0	89,60	5,0	298	149
2	2	7,8	4,8	176	149
2	0	13,13	0,2	298	149
5	0	22,38	2,4	158	149
12	0	51,38	0,2	298	149
6	10	0,0	6,6	298	149
6	10	0,0	6,6	274	149
79	1	131,30	2,0	185	149
80	2	87,17	0,3	216	149
71	0	170,53	4,0	240	149
96	1	186,90	1,0	298	149
103	2	184,76	0,4	248	149
26	0	27,8	2,0	251	149
18	0	13,31	2,0	210	149
49	0	67,66	2,0	253	149
2	3	0,0	2,3	211	149
4	2	4,0	0,0	274	149
77	2	34,65	4,0	265	149
81	2	13,39	4,0	298	149
1	2	10,0	1,2	195	149
7	0	4,3	0,2	256	149
0	11	0,2	39,20	231	149
15	5	25,27	9,5	298	149
7	5	8,16	9,5	298	149
9	3	19,26	0,0	255	149
0	6	2,0	4,4	212	149
157	0	78,60	1,0	297	149
85	0	39,22	1,0	245	149
328	7	176,74	0,4	278	149
13	2	1,5	0,0	298	149
149	1	204,159	0,0	231	149
1	8	2,0	19,11	298	149
0	8	3,1	14,13	201	149
2	54	0,0	48,34	192	149
21	6	0,0	3,2	298	149
21	94	0,0	9,0	298	149
2	3	0,2	0,0	298	149
0	26	2,0	10,4	292	149
2	37	0,0	16,14	239	149
5	16	0,2	7,1	298	149
1	16	0,0	7,1	186	149
11	0	20,9	2,0	185	149
1	0	0,2	1,0	185	149
11	11	4,1	20,7	266	149
48	0	58,24	1,0	270	149
58	1	74,31	0,0	270	149
74	0	77,46	6,0	243	149
2	29	4,0	51,26	227	149
50	1	78,48	0,0	298	149
17	1	33,21	0,0	265	149
20	4	28,10	9,2	242	149
4	0	19,7	2,0	197	149
44	2	97,51	0,0	250	149
35	0	88,52	3,2	218	149
61	2	91,64	0,0	221	149
0	4	6,0	11,10	257	149
5	0	11,17	1,0	298	149
9	0	19,42	2,0	298	149
1314	2	450,423	0,0	281	149
4	9	6,7	14,3	298	149
4	4	0,4	1,7	276	149
4	4	0,6	1,7	279	149
1	3	0,2	6,2	219	149
125	2	134,85	0,0	298	149
32	2	53,28	0,0	192	149
0	60	0,2	65,59	275	149
6	8	3,7	10,8	206	149
20	6	34,18	9,23	206	149
2	0	2,4	0,2	191	149
0	14	0,2	31,13	191	149
11	6	20,20	9,23	212	149
3	14	10,14	31,13	212	149
5	18	11,2	30,24	185	149
7	18	11,7	30,24	200	149
15	18	10,12	30,24	298	149
43	4	66,53	6,2	278	149
14	1	30,30	0,0	278	149
30	1	32,36	0,0	251	149
56	0	63,63	0,6	251	149
146	14	136,84	18,8	257	149
130	0	184,92	2,0	298	149
172	2	215,102	0,0	298	149
80	0	91,28	0,4	188	149
131	1	271,145	0,4	298	149
8	66	8,0	13,3	298	149
14	66	8,4	13,3	287	149
3	1	2,0	0,0	272	149
3	1	4,2	0,0	298	149
14	4	0,2	0,0	298	149
6	11	0,1	0,0	224	149
3	42	0,0	50,75	200	149
0	106	1,0	126,145	267	149
159	1	126,95	0,0	193	149
53	2	40,42	0,0	193	149
130	2	102,154	0,0	291	149
8	199	4,0	78,40	266	149
166	2	45,17	2,0	298	149
66	71	15,10	41,26	188	149
242	2	86,28	0,0	298	149
30	5	5,2	11,0	280	149
8	483	8,2	817,398	273	149
1126	1	1944,968	8,7	274	149
619	1	1106,545	8,7	267	149
94	1	110,75	0,0	271	149
55	2	71,81	4,8	231	149
39	1	71,63	0,3	298	149
29	6	72,34	21,12	260	149
18	2	8,4	0,0	298	149
82	4	51,32	0,0	209	149
98	0	149,81	2,2	224	149
37	2	43,49	1,0	298	149
7	30	2,2	36,24	298	149
39	8	55,38	7,4	282	149
59	2	60,37	0,0	298	149
45	6	44,12	0,0	211	149
92	0	120,84	0,1	250	149
111	2	165,103	0,2	274	149
126	0	123,119	1,0	298	149
44	0	62,44	1,0	298	149
140	0	154,130	4,10	298	149
7	7	0,4	12,10	273	149
17	7	4,6	12,10	262	149
119	0	76,51	2,0	253	149
1887	2	1231,1006	2,0	274	149
16	2	0,3	0,0	298	149
0	17	1,0	22,7	244	149
320	0	348,171	1,0	277	149
346	1	350,147	0,0	298	149
0	161	2,0	121,33	267	149
165	2	196,83	0,0	281	149
317	2	309,110	0,0	266	149
0	199	2,0	218,84	214	149
40	3	28,20	2,0	298	149
5	0	63,18	2,0	246	149
74	2	111,49	0,4	225	149
2	2	1,0	0,6	298	149
14	12	6,4	15,4	270	149
196	2	127,108	0,0	298	149
7	112	2,4	115,48	197	149
106	1	60,30	0,0	249	149
122	14	59,33	4,7	285	149
207	1	118,46	0,0	295	149
160	0	78,54	0,2	242	149
37	0	19,14	0,2	198	149
145	6	115,62	0,0	178	149
240	0	223,98	0,2	247	149
80	2	37,38	0,0	237	149
68	2	41,55	4,0	298	149
159	1	190,74	0,0	287	149
9	4	9,6	1,1	261	149
2	2	1,0	0,3	261	149
7	2	15,1	0,3	234	149
16	0	30,5	0,2	222	149
0	11	0,3	30,7	187	149
372	0	539,387	0,2	239	149
431	0	657,563	2,0	266	149
353	0	473,357	0,4	233	149
348	0	502,386	2,0	298	149
413	0	585,400	0,3	277	149
273	0	540,360	1,0	272	149
233	2	498,403	10,6	245	149
214	1	435,373	0,0	223	149
17	33	7,0	40,30	219	149
29	13	0,1	0,0	298	149
29	2	0,1	0,0	298	149
337	1	79,46	0,0	227	149
27	202	28,9	50,23	219	149
6	278	0,0	80,25	225	149
401	6	75,42	2,0	245	149
207	2	52,13	2,0	245	149
361	0	153,54	2,0	298	149
742	1	257,99	0,0	298	149
119	0	56,47	2,0	298	149
51	0	27,11	3,0	182	149
20	28	1,4	25,6	248	149
1	49	0,2	35,11	298	149
0	3	6,2	38,11	298	149
1	0	28,18	0,4	272	149
2	0	39,22	2,0	249	149
4	2	54,12	0,0	217	149
3	0	44,22	2,0	203	149
6	0	15,8	2,0	298	149
14	0	12,6	1,0	216	149
0	1	1,0	0,0	298	149
0	2	4,2	0,0	298	149
23	0	53,37	4,2	229	149
22	0	51,32	3,1	289	149
7	0	18,5	5,8	190	149
4	0	24,24	2,0	298	149
4	0	2,2	1,0	166	149
8	2	6,10	1,5	166	149
8	44	1,0	51,14	236	149
120	1	106,61	0,0	254	149
81	1	124,62	3,0	263	149
58	0	71,74	0,1	291	149
2	108	6,0	168,117	298	149
13	42	4,4	58,32	298	149
44	0	211,195	2,0	290	149
38	0	137,69	0,2	218	149
1	26	0,0	27,5	243	149
55	0	59,6	0,2	289	149
38	6	46,10	7,2	242	149
23	1	28,3	2,0	242	149
43	1	42,17	2,0	298	149
52	0	52,23	2,1	298	149
0	37	1,0	35,15	226	149
55	0	67,34	5,0	264	149
67	4	64,43	5,2	298	149
35	3	40,24	2,0	298	149
13	3	19,9	2,0	228	149
41	0	41,26	3,0	228	149
2	2	2,2	0,0	265	149
37	0	36,19	1,0	265	149
45	0	46,27	0,2	204	149
159	5	94,41	1,0	207	149
168	1	120,61	0,0	260	149
13	2	25,30	0,0	244	149
0	2	4,2	1,1	218	149
1	60	0,0	18,4	272	149
73	0	25,13	1,0	216	149
26	4	15,11	3,0	244	149
158	188	11,23	43,64	253	149
18	0	21,12	2,0	239	149
5	76	0,0	133,216	275	149
66	0	204,226	2,0	262	149
1	17	1,0	51,25	231	149
167	4	50,27	6,0	298	149
310	8	149,55	0,0	298	149
4	6	0,2	10,6	297	149
4	6	0,2	10,6	271	149
210	15	301,156	14,10	290	149
8	0	20,11	0,2	228	149
15	2	30,25	4,2	225	149
0	2	2,0	8,6	243	149
3	0	1,0	2,0	224	149
696	0	350,256	2,0	298	149
209	8	90,68	0,0	253	149
0	36	2,0	23,16	232	149
2	16	4,5	34,14	173	149
44	1	84,53	5,4	220	149
6	2	0,4	2,4	298	149
6	18	0,2	24,16	298	149
2	18	2,2	24,16	232	149
23	0	67,27	2,0	298	149
7	0	6,6	4,0	205	149
9	0	24,22	2,0	298	149
3	0	1,2	6,4	275	149
6	0	0,0	6,4	298	149
3	0	0,0	6,4	208	149
6	3	0,0	1,2	208	149
2	0	5,4	5,0	248	149
4	5	8,6	2,2	298	149
9	10	3,6	5,5	271	149
6	11	9,3	43,23	237	149
0	2	2,3	14,11	298	149
0	8	0,2	18,12	298	149
2	8	27,28	18,12	298	149
5	401	7,2	312,192	289	149
481	8	344,239	2,0	224	149
536	0	509,380	0,2	258	149
248	3	195,119	0,0	292	149
554	0	408,341	1,0	263	149
295	16	194,169	0,0	194	149
227	15	117,136	13,16	298	149
148	15	65,78	13,16	298	149
20	1	14,14	0,0	192	149
351	0	220,255	2,1	209	149
275	1	215,219	2,0	245	149
8	17	2,2	23,15	217	149
41	1	36,27	0,0	235	149
14	24	14,16	23,21	287	149
18	1	21,16	0,0	216	149
75	1	63,35	6,2	229	149
47	2	28,32	0,0	298	149
7	125	6,10	132,76	214	149
292	2	163,94	0,0	256	149
152	2	71,35	0,0	228	149
6	0	0,0	0,1	231	149
273	2	113,50	0,0	231	149
341	7	187,80	0,0	298	149
209	0	127,52	0,1	298	149
213	7	127,56	0,0	298	149
322	8	106,40	11,1	223	149
96	8	29,13	11,1	298	149
92	8	24,13	11,1	298	149
135	1	63,20	2,0	260	149
16	1	12,0	2,0	298	149
2	170	0,0	66,22	243	149
9	170	2,0	66,22	298	149
327	4	205,43	1,0	298	149
230	0	111,45	2,0	298	149
11	236	0,0	99,49	239	149
0	34	4,9	50,41	298	149
0	3	0,17	8,19	293	149
0	8	0,11	10,4	293	149
3	8	8,19	10,4	298	149
22	1	16,8	0,0	285	149
24	1	18,9	0,0	276	149
8	0	8,0	6,3	226	149
8	0	6,0	6,3	223	149
117	3	63,41	2,0	295	149
115	1	54,43	0,0	222	149
0	4	0,2	18,17	277	149
3	4	9,7	18,17	203	149
4	58	2,2	59,33	242	149
6	78	11,0	103,66	276	149
111	5	130,63	7,1	298	149
27	5	42,15	7,1	271	149
162	1	152,61	0,0	254	149
171	4	159,51	0,0	298	149
12	3	6,4	9,3	277	149
24	3	9,2	9,3	297	149
2	70	2,0	97,63	224	149
3	14	2,0	6,10	235	149
2	14	0,0	6,10	298	149
2	14	0,0	6,10	243	149
0	9	0,2	19,3	298	149
52	156	5,6	9,12	233	149
680	4	71,66	2,0	214	149
20	325	0,2	32,22	198	149
504	1	50,44	0,0	251	149
481	12	49,29	14,12	195	149
13	0	90,38	3,0	254	149
8	0	60,15	1,2	243	149
2	2	10,3	0,0	188	149
13	0	68,23	2,0	225	149
4	8	2,0	39,10	213	149
9	2	39,23	15,11	205	149
11	0	67,22	2,0	255	149
0	3	5,0	38,8	233	149
108	2	126,69	0,0	281	149
226	4	270,149	0,2	281	149
3	40	1,0	51,14	240	149
0	40	0,4	51,14	272	149
0	3	0,2	1,0	272	149
75	4	98,22	7,0	298	149
15	3	24,15	2,0	216	149
74	3	84,37	2,0	298	149
68	0	94,41	0,1	298	149
16	1	31,23	0,0	260	149
42	0	48,35	0,2	230	149
26	2	48,21	2,2	281	149
1	2	0,0	0,2	219	149
6	5	1,4	27,6	281	149
23	4	47,20	2,0	298	149
42	0	42,23	2,0	255	149
3	3	2,4	2,2	234	149
541	4	551,309	0,0	243	149
502	0	364,308	2,0	246	149
86	0	45,18	1,0	256	149
2	0	0,0	1,2	209	149
0	2	4,0	2,6	219	149
42	0	54,46	3,1	274	149
20	100	2,2	27,28	192	149
0	100	0,2	27,28	215	149
0	1	0,2	0,2	269	149
2	0	2,3	3,6	278	149
9	55	10,2	46,25	217	149
2	37	2,2	45,28	298	149
0	5	1,0	8,8	281	149
438	1	308,304	4,0	251	149
497	0	323,328	4,0	209	149
55	1	62,39	0,0	298	149
39	0	68,61	0,2	228	149
8	2	6,6	4,2	260	149
6	0	6,6	1,0	260	149
6	1	8,6	4,0	260	149
156	8	264,108	32,10	228	149
52	8	79,37	32,10	298	149
4	132	0,0	233,75	218	149
277	5	388,160	7,3	179	149
7	243	8,4	348,131	236	149
5	222	3,3	299,165	298	149
1	2	2,0	11,0	298	149
243	2	326,196	11,0	188	149
195	0	343,247	0,1	298	149
266	0	552,316	4,1	235	149
9	2	15,13	0,1	298	149
19	4	13,12	11,2	298	149
35	0	83,38	2,0	298	149
3	2	2,0	0,0	275	149
14	2	28,12	0,0	284	149
97	14	64,27	21,10	298	149
27	14	23,2	21,10	211	149
115	4	68,48	22,20	298	149
60	3	37,27	1,0	295	149
108	0	60,42	0,1	295	149
8	0	1,0	0,1	241	149
5	48	0,0	23,17	241	149
1	59	2,0	40,47	180	149
316	0	537,296	4,3	221	149
329	0	478,313	4,2	269	149
54	6	50,83	5,9	188	149
41	0	26,33	4,1	188	149
40	5	27,31	44,28	188	149
29	5	26,19	44,28	298	149
41	4	48,63	3,0	298	149
23	5	25,11	44,28	298	149
29	4	23,12	3,0	298	149
6	80	7,6	91,65	242	149
205	2	281,215	0,0	298	149
446	0	670,451	1,0	298	149
40	82	112,59	63,31	227	149
19	147	61,25	276,159	227	149
117	147	91,49	276,159	188	149
60	2	80,61	0,8	188	149
245	2	271,226	0,0	224	149
455	5	770,599	2,8	249	149
163	0	201,187	0,2	290	149
362	8	426,242	2,2	245	149
467	3	437,289	0,0	273	149
183	0	184,110	1,0	232	149
1	0	4,0	9,1	298	149
4	1	4,10	4,0	261	149
46	2	87,51	0,0	298	149
90	2	188,136	0,0	264	149
129	1	160,89	0,0	243	149
133	2	212,130	10,0	280	149
5	87	9,1	144,84	298	149
18	0	37,22	3,0	282	149
33	1	56,23	14,3	226	149
12	1	32,10	14,3	298	149
1	30	0,0	20,8	298	149
34	3	51,39	0,2	261	149
6	0	8,6	0,2	287	149
28	0	77,70	2,0	252	149
2	26	1,4	25,25	155	149
18	0	22,20	0,2	213	149
26	0	25,25	0,2	218	149
100	1	69,33	0,0	218	149
4	106	2,8	71,34	231	149
11	188	6,8	163,158	228	149
12	188	5,10	163,158	274	149
0	92	0,1	102,57	228	149
353	6	318,117	2,0	241	149
1	46	2,2	74,38	232	149
20	21	50,23	34,13	298	149
627	6	855,445	0,0	298	149
105	0	71,50	4,6	298	149
138	1	93,43	0,0	293	149
88	0	91,63	7,2	276	149
14	5	33,22	10,0	260	149
8	0	25,13	0,2	260	149
9	0	12,2	0,2	242	149
10	0	10,13	0,2	242	149
8	0	23,24	2,2	225	149
109	1	69,117	3,0	277	149
157	0	83,157	2,2	199	149
107	0	194,136	0,6	298	149
143	1	259,225	0,0	239	149
114	13	98,90	3,1	196	149
139	0	121,81	1,2	239	149
54	0	39,35	0,1	225	149
12	0	13,14	0,4	286	149
107	0	120,83	2,0	298	149
3	5	2,2	17,11	298	149
34	1	33,40	0,0	263	149
13	0	29,28	2,0	236	149
58	1	51,40	0,0	236	149
101	6	73,67	10,14	298	149
32	0	50,28	0,3	269	149
55	2	46,33	0,0	219	149
115	4	78,66	0,2	266	149
65	2	63,26	2,0	298	149
1	0	0,0	2,0	267	149
169	0	204,98	3,0	226	149
124	28	42,29	116,74	170	149
93	2	101,63	0,0	298	149
6	0	11,2	1,0	180	149
24	0	12,5	2,0	227	149
229	2	242,134	0,0	290	149
259	0	144,69	2,0	275	149
173	0	73,94	1,2	209	149
3	4	0,2	0,6	196	149
19	4	0,10	0,0	196	149
12	12	0,6	0,0	196	149
55	5	2,8	0,0	196	149
34	1	0,2	0,0	196	149
56	11	2,10	0,2	267	149
1	2	7,2	0,0	298	149
157	455	48,37	186,167	283	149
0	2	0,2	0,0	226	149
54	2	54,23	1,2	279	149
35	2	14,12	2,0	238	149
74	2	59,39	0,0	264	149
77	0	66,39	0,4	260	149
72	1	60,32	2,0	298	149
84	0	74,47	2,0	298	149
4	50	7,0	27,19	298	149
41	1	51,23	0,2	246	149
68	2	71,35	1,0	246	149
1	2	0,2	1,0	274	149
10	41	3,2	26,15	274	149
78	0	72,46	0,1	252	149
4	2	4,7	0,0	261	149
0	2	3,0	9,0	247	149
515	0	411,193	0,1	296	149
4	233	2,6	177,100	298	149
0	5	2,0	0,2	194	149
45	2	51,35	4,0	286	149
2	0	2,0	1,0	298	149
1	0	0,0	3,8	298	149
24	2	3,0	0,0	266	149
7	2	6,0	0,0	298	149
21	0	18,6	1,1	298	149
4	0	18,13	2,1	298	149
4	0	16,9	2,0	298	149
30	0	39,15	2,1	298	149
4	0	33,7	2,0	298	149
4	0	11,7	2,1	267	149
4	0	9,7	2,0	267	149
0	4	1,3	9,7	272	149
0	4	15,19	9,7	298	149
0	4	14,18	9,7	298	149
86	4	50,17	1,0	224	149
35	2	87,71	1,2	255	149
39	0	75,66	0,2	293	149
28	0	23,14	2,2	298	149
57	5	89,66	8,0	267	149
41	0	72,71	1,0	265	149
1	2	4,0	2,1	247	149
84	2	50,33	0,0	209	149
5	67	7,0	42,17	294	149
24	1	28,17	0,0	194	149
25	6	23,13	2,0	206	149
26	6	64,24	28,26	230	149
33	15	43,38	42,28	230	149
63	0	32,17	1,0	298	149
67	1	39,17	0,0	293	149
45	3	23,19	5,0	239	149
40	16	10,8	7,10	273	149
61	0	34,10	2,0	281	149
75	0	38,13	1,0	264	149
65	3	42,39	0,0	264	149
30	2	17,20	0,0	298	149
2	1	15,5	9,9	270	149
16	0	59,63	1,0	253	149
70	0	73,54	2,0	270	149
3	27	9,5	16,31	241	149
9	1	8,4	0,0	228	149
7	23	17,7	8,14	289	149
31	12	19,12	6,4	298	149
135	0	355,150	0,4	298	149
172	0	454,231	2,4	221	149
47	2	79,43	5,0	182	149
4	6	2,12	15,4	270	149
181	1	78,60	0,0	189	149
9	89	6,4	55,49	271	149
135	2	100,77	0,0	241	149
82	0	80,40	2,0	258	149
2	32	1,2	20,9	205	149
78	30	45,22	11,4	254	149
32	0	343,238	4,10	215	149
12	0	130,92	3,0	215	149
7	20	153,80	218,151	298	149
29	0	151,114	3,0	254	149
49	0	351,243	0,2	254	149
0	3	9,2	12,17	298	149
0	30	10,1	167,120	298	149
1	30	70,61	167,120	272	149
1	0	61,47	1,1	272	149
1	0	65,47	29,23	272	149
3	30	69,62	167,120	247	149
72	0	72,59	5,0	247	149
50	1	55,22	0,0	211	149
1	9	2,0	13,6	263	149
65	0	81,44	6,0	242	149
59	3	34,19	0,0	215	149
31	3	29,12	0,0	211	149
77	2	70,42	0,0	291	149
0	27	0,1	17,11	214	149
39	5	27,19	2,0	290	149
54	0	82,40	2,0	298	149
3	38	6,14	111,107	227	149
65	2	173,167	0,0	210	149
93	0	290,156	2,0	260	149
2915	2	944,590	1,4	246	149
10	1726	0,2	569,362	298	149
3	1726	0,2	569,362	234	149
3227	5	1326,780	0,0	296	149
3022	3	1257,725	0,0	251	149
1440	2	653,431	0,0	251	149
1311	2	361,185	0,0	298	149
2919	28	970,489	5,10	298	149
1315	2	361,185	0,0	298	149
3761	7	1308,707	2,0	232	149
15	2273	11,2	734,395	195	149
1316	5	391,242	1,2	298	149
1298	2	392,242	1,0	298	149
1302	2	389,242	3,0	298	149
3612	21	994,703	2,0	298	149
1765	3	511,330	3,0	298	149
1664	2	548,235	1,0	270	149
7	2	3,2	3,0	270	149
1680	3	549,233	3,0	270	149
23	7	4,0	0,0	270	149
3530	24	1049,612	19,8	270	149
1744	2	457,366	2,0	270	149
1741	7	457,362	9,7	270	149
1759	2	611,299	3,0	298	149
1760	7	613,299	0,0	298	149
1781	7	629,307	9,7	298	149
3556	2	1207,549	2,0	298	149
1402	7	494,262	0,0	245	149
1404	7	496,262	9,7	245	149
1407	2	496,266	2,0	245	149
1	9	4,3	10,3	193	149
1	9	11,2	10,3	298	149
1	2	9,2	4,3	298	149
15	0	40,38	2,0	298	149
17	0	26,16	2,0	226	149
16	2	31,8	4,0	298	149
15	0	47,21	0,6	298	149
2	2	7,1	2,2	201	149
3	0	9,1	1,0	201	149
122	0	60,10	1,0	298	149
6	0	6,4	4,2	298	149
0	2	1,0	4,2	214	149
9	0	52,49	0,1	224	149
25	0	28,19	5,0	295	149
3	0	11,2	2,0	208	149
9	19	2,4	13,19	224	149
2	19	2,0	13,19	298	149
2	6	4,0	1,0	298	149
76	0	86,65	0,1	212	149
64	2	93,72	1,0	257	149
29	0	166,129	4,0	239	149
24	0	135,118	0,1	263	149
11	1	18,8	1,2	275	149
1	0	0,0	0,8	298	149
35	0	70,23	1,4	273	149
26	2	52,30	2,0	285	149
42	2	45,54	0,0	298	149
0	4	2,0	6,5	227	149
0	4	2,0	6,5	298	149
1	14	6,1	28,27	230	149
24	0	38,27	2,0	258	149
8	2	23,2	4,5	221	149
6	0	39,13	2,0	227	149
24	2	69,39	4,5	227	149
0	2	8,0	4,5	298	149
0	20	22,4	47,30	298	149
18	0	40,26	2,0	260	149
14	0	36,13	2,0	262	149
34	0	81,43	2,0	262	149
19	0	43,20	5,0	291	149
6	0	26,14	5,0	280	149
23	1	65,50	2,2	280	149
12	0	46,22	2,0	238	149
50	0	32,8	0,2	298	149
89	1	81,40	0,0	233	149
0	23	8,1	11038,5430	298	149
0	23	8,1	11038,5430	298	149
44	2	15980,7554	426,168	230	149
16	0	6857,3218	6,4	230	149
7	0	3116,1329	6,4	191	149
38	5	13361,6262	1381,689	191	149
261	2	172,114	0,0	298	149
315	0	211,155	1,0	237	149
2	4	0,0	11,7	240	149
4	2	20,18	1,2	228	149
719	10	708,988	153,41	298	149
733	9	1136,971	0,1	298	149
20	4	7,11	0,2	298	149
573	0	846,854	2,0	298	149
300	4	429,425	0,0	298	149
126	4	140,179	0,0	271	149
407	11	555,615	7,10	271	149
11	152	7,12	160,205	231	149
2	2	3,0	0,0	212	149
86	2	73,35	0,0	298	149
38	6	31,17	0,0	298	149
40	0	31,17	2,0	298	149
80	6	30,9	0,0	298	149
7	0	6,0	2,0	298	149
128	2	72,27	0,0	298	149
55	4	48,18	0,0	298	149
17	0	7,3	2,0	212	149
13	4	7,3	0,0	212	149
86	5	36,11	6,0	212	149
10	18	3,5	4,2	298	149
8	4	3,5	0,0	298	149
0	2	2,0	0,0	220	149
0	18	0,2	4,2	247	149
0	4	0,2	0,0	247	149
23	4	8,14	0,0	271	149
5	4	4,6	0,0	247	149
3	0	3,14	3,2	226	149
13	0	9,12	3,2	298	149
13	0	6,0	3,2	298	149
24	3	9,9	0,4	298	149
13	0	6,0	3,2	298	149
13	3	6,0	0,4	298	149
44	0	84,64	2,0	268	149
43	2	33,18	3,2	298	149
18	2	46,22	0,2	298	149
27	2	89,57	0,2	272	149
34	0	75,31	2,2	264	149
34	0	62,16	0,2	247	149
187	8	183,154	0,2	284	149
4	16	2,2	4,12	298	149
0	3	2,0	0,0	203	149
1	29	7,6	77,26	254	149
3	2	4,2	0,0	274	149
46	0	84,33	3,0	297	149
43	0	37,18	2,4	283	149
4	47	0,0	55,37	298	149
84	2	80,70	0,3	298	149
27	1	8,8	0,0	298	149
67	1	57,25	0,0	287	149
123	2	129,84	0,0	287	149
103	0	123,73	1,0	298	149
107	0	112,75	1,0	298	149
12	11	24,4	9,6	277	149
0	10	1,4	22,18	200	149
121	0	101,62	2,0	298	149
81	2	64,50	2,0	211	149
98	2	81,52	4,0	298	149
22	2	22,15	0,0	219	149
28	1	16,14	2,0	215	149
53	1	25,22	2,0	267	149
43	0	42,26	11,2	247	149
44	0	59,31	1,0	298	149
22	2	35,14	0,0	250	149
0	165	1,0	189,97	267	149
57	0	32,36	2,2	176	149
117	0	93,61	7,3	282	149
0	6	0,2	4,7	196	149
14	1	26,6	6,0	243	149
7	0	7,6	1,0	243	149
28	54	3,3	46,25	248	149
95	7	69,43	4,7	215	149
20	0	7,10	2,0	298	149
206	2	158,81	0,0	298	149
116	2	103,57	0,0	298	149
157	40	132,62	22,17	197	149
20	13	38,21	3,3	197	149
11	13	11,5	3,3	204	149
110	13	90,45	3,3	206	149
212	2	164,69	0,0	206	149
222	1	126,48	0,0	233	149
3	102	0,0	51,14	247	149
184	13	116,46	14,13	170	149
92	110	49,47	110,110	212	149
2	0	0,0	2,0	280	149
310	1	0,1	0,0	298	149
426	2	243,154	0,0	298	149
225	2	134,84	0,0	298	149
403	2	215,148	0,0	251	149
404	1	328,226	0,0	298	149
28	85	22,26	75,49	229	149
0	2	0,3	0,0	298	149
3	0	2,3	0,1	216	149
13	0	16,8	0,1	263	149
4	0	10,5	0,1	263	149
7	0	14,7	0,1	281	149
11	0	7,1	0,1	298	149
0	8	0,4	11,4	271	149
24	2	62,31	0,0	213	149
58	3	36,20	0,4	219	149
6	90	1,0	62,36	287	149
49	0	35,29	2,0	233	149
3423	0	8,19	0,2	291	149
240	2158	0,1	20,22	188	149
4797	24	27,35	0,0	291	149
3048	6	19,36	0,0	298	149
5178	8	23,48	0,0	298	149
0	5	2,0	11,10	234	149
2	0	6,9	1,0	284	149
5	0	18,8	4,0	220	149
59	15	54,55	0,2	200	149
134	15	95,45	0,2	203	149
0	10	3,0	4,2	298	149
0	1	2,1	0,1	233	149
27	0	53,54	0,4	250	149
0	2	2,0	5,8	235	149
0	2	2,2	5,8	263	149
6	0	39,19	3,0	204	149
4957	34	5,26	2,0	298	149
42	0	62,36	0,4	297	149
0	84	0,4	37,40	298	149
173	1	122,102	0,0	263	149
269	0	173,92	2,0	298	149
6	5	3,6	0,0	271	149
2	0	0,2	1,0	269	149
224	0	144,154	0,1	298	149
11	2	2,3	0,0	211	149
10	4	2,5	0,0	298	149
10	4	2,5	0,0	244	149
10	4	2,5	0,0	222	149
87	0	86,86	2,0	206	149
4	125	2,0	20,18	284	149
234	0	30,33	1,0	270	149
248	1	30,17	0,0	215	149
2	55	0,1	39,14	298	149
63	4	50,33	0,1	251	149
129	0	85,67	2,0	208	149
404	0	389,54	2,0	298	149
184	0	260,204	0,4	215	149
5	19	0,0	32,29	204	149
134	4	124,119	4,2	263	149
0	75	6,0	77,74	272	149
56	0	50,41	0,1	255	149
61	0	62,47	4,0	255	149
3	13	0,0	16,12	292	149
0	10	0,2	10,3	219	149
0	10	4,1	10,3	231	149
2	10	7,8	10,3	292	149
0	302	0,4	150,167	249	149
2	0	0,8	12,6	200	149
9	0	22,14	2,0	259	149
0	2	15,10	0,0	298	149
0	2	3,6	0,0	298	149
6288	64	60,261	0,0	203	149
59	0	89,74	2,0	298	149
111	0	217,163	2,0	298	149
57	0	89,74	2,0	298	149
52	0	65,63	8,3	199	149
209	0	256,219	8,3	298	149
5	0	2,5	0,4	190	149
32	0	41,28	2,0	283	149
5	9	9,1	8,0	283	149
39	0	48,33	4,0	283	149
33	9	38,19	8,0	295	149
65	5	76,47	7,1	295	149
94	0	39,24	0,2	222	149
74	1	34,18	0,0	222	149
31	1	16,11	0,0	241	149
80	31	40,20	16,5	241	149
222	3	187,129	8,0	253	149
216	7	225,139	19,9	298	149
94	0	95,61	0,6	298	149
82	3	62,71	0,4	298	149
195	0	256,141	1,2	298	149
2	8	0,0	16,17	197	149
1	252	0,0	137,66	298	149
2	2	0,0	10,10	197	149
2	0	0,1	2,2	197	149
4	0	12,14	2,2	298	149
2	0	2,4	0,1	298	149
16	2	28,15	4,14	263	149
15	2	31,9	0,0	274	149
86	2	89,67	2,0	268	149
79	0	122,51	1,0	287	149
26	1	36,4	1,0	212	149
27	4	37,8	7,1	212	149
30	13	41,10	26,8	212	149
1	4	1,0	7,1	251	149
1	13	1,0	26,8	251	149
2	3	4,0	7,4	251	149
2	6	6,0	11,6	251	149
11	13	12,1	26,8	298	149
10	6	12,4	11,6	298	149
7	0	5,0	2,0	298	149
0	6	0,2	11,6	279	149
214	4	66,12	2,0	298	149
96	4	10,4	2,0	298	149
78	1	22,1	0,0	298	149
64	5	16,1	2,0	265	149
150	5	62,16	0,0	252	149
189	0	55,30	1,0	260	149
17	8	12,5	5,2	242	149
19	10	9,3	0,0	242	149
52	2	33,61	0,0	298	149
78	4	64,61	0,4	213	149
2	15	4,0	7,9	283	149
6	0	12,22	3,4	290	149
0	308	0,2	276,182	284	149
1	41	0,0	28,10	298	149
121	0	113,85	0,4	220	149
2	58	4,0	41,33	242	149
132	6	118,95	0,0	208	149
21	35	6,6	62,30	296	149
65	0	31,23	0,1	298	149
0	8	0,4	8,8	167	149
2	0	0,0	2,0	223	149
4	0	0,2	2,0	282	149
2	2	2,2	16,17	298	149
1	2	74,38	18,19	262	149
0	17	1,0	37,37	285	149
26	0	60,80	0,2	270	149
169	0	149,109	2,6	241	149
14	0	14,8	2,0	248	149
21	6	23,9	11,1	280	149
11	6	11,3	11,1	278	149
2	59	10,0	63,52	298	149
108	1	144,51	3,0	281	149
95	3	88,46	0,0	214	149
105	2	72,37	4,5	298	149
69	1	89,62	0,0	222	149
33	5	12,10	51,24	212	149
8	0	8,8	2,0	260	149
2	0	0,4	2,0	298	149
70	0	85,79	0,2	251	149
3	2	2,0	0,0	244	149
2	8	3,0	3,1	269	149
46	1	79,36	0,0	298	149
58	2	62,38	1,1	298	149
2	1	2,2	0,0	176	149
13	0	4,0	1,0	210	149
2	2	1,0	0,0	298	149
0	2	0,2	0,0	298	149
367	0	387,175	1,0	209	149
3	1	7,5	15,5	233	149
1	0	24,21	2,0	216	149
13	0	30,15	1,0	290	149
65	0	368,127	1,2	242	149
75	2	360,124	0,0	263	149
3	0	0,0	10,0	277	149
0	4	10,0	49,10	220	149
71	0	59,36	2,0	298	149
107	0	91,68	0,4	249	149
54	3	96,34	5,3	248	149
6	63	4,0	57,22	188	149
120	1	99,46	1,0	245	149
114	0	83,53	2,0	247	149
2	78	0,0	116,53	298	149
6	48	5,4	90,37	215	149
24	12	25,20	33,12	268	149
15	4	17,10	10,0	268	149
20	4	50,16	10,0	182	149
18	1	27,14	2,0	182	149
2	0	0,0	1,0	267	149
11711	1	4023,2393	4,2	298	149
2	0	0,4	2,0	294	149
68	2	78,43	4,5	298	149
0	18	0,2	5,1	280	149
65	2	38,27	0,0	228	149
3	0	3,2	13,4	298	149
1	2	0,2	0,0	298	149
2	0	2,0	0,2	188	149
837	2	57,46	0,0	298	149
783	2	47,43	0,0	298	149
1143	2	85,70	0,0	298	149
54	1	24,7	0,0	221	149
115	0	57,52	0,2	298	149
100	0	89,67	0,2	298	149
91	0	83,82	0,2	278	149
99	1	95,107	0,0	291	149
74	0	72,73	0,1	206	149
33	1	27,38	0,1	241	149
39	4	31,65	0,4	242	149
0	29	1,6	14,15	239	149
4	21	0,0	8,9	273	149
91	0	110,56	2,0	298	149
134	0	167,73	2,0	298	149
117	0	206,82	0,1	298	149
96	0	119,70	1,0	205	149
45	0	77,40	0,1	298	149
11	6	14,9	21,14	253	149
4	6	19,5	21,14	238	149
0	2	4,1	1,2	298	149
502	5	85,75	0,0	290	149
308	0	85,125	1,0	292	149
204	0	71,75	0,2	269	149
501	2	100,111	0,0	298	149
607	9	139,139	2,0	298	149
18	215	2,0	58,76	251	149
598	7	262,204	0,0	232	149
523	4	223,163	1,0	260	149
1660	16	614,271	0,0	261	149
96	14	75,28	0,2	216	149
0	98	0,4	52,22	298	149
0	116	2,0	70,39	298	149
291	12	201,131	21,6	298	149
0	8	2,2	32,81	222	149
0	6	2,0	5,6	298	149
456	0	219,201	1,0	234	149
72	1	44,20	0,0	200	149
2	35	3,0	35,11	292	149
16	2	14,15	0,0	261	149
117	2	75,37	0,0	264	149
0	64	4,0	59,41	200	149
2	52	0,0	49,22	267	149
0	52	0,2	49,22	271	149
4	0	35,28	3,0	278	149
3	0	37,5	2,0	282	149
2	1	9,4	14,0	260	149
4	0	17,14	0,1	252	149
7	0	28,22	0,1	298	149
15	2	30,25	7,2	298	149
26	29	7,10	43,36	261	149
225	6	204,98	0,0	290	149
214	0	244,130	1,0	258	149
247	1	260,155	2,0	263	149
14194	0	10194,3818	2,0	298	149
0	2	2,0	2,0	236	149
0	2	1,4	0,0	224	149
0	2	1,4	2,0	224	149
0	2	3,0	2,11	265	149
14	1	8,5	2,0	281	149
2	166	0,0	141,167	241	149
0	165	4,1	172,123	271	149
165	0	174,123	0,6	298	149
0	12	0,2	20,16	296	149
76	1	78,53	0,0	298	149
2	0	0,0	0,4	240	149
3	2	4,8	0,0	245	149
272	1	112,55	0,0	271	149
209	26	107,55	0,0	253	149
7	0	38,16	0,4	197	149
0	10	0,2	33,11	298	149
2	1	4,2	0,1	285	149
34	2	27,25	0,0	245	149
13	9	10,11	13,6	227	149
66	9	34,21	13,6	202	149
38	0	32,25	3,2	216	149
6	21	10,1	58,47	286	149
32	0	57,39	1,0	185	149
48	0	73,34	0,1	202	149
204	6	164,68	13,6	298	149
15	33	14,19	60,24	194	149
60	0	114,49	1,0	298	149
160	2	191,43	0,0	258	149
153	1	220,66	0,0	215	149
2	0	8,2	2,2	242	149
2	31	0,0	36,50	272	149
27	0	107,69	0,2	274	149
70	2	129,57	0,0	298	149
19	1	26,19	0,2	203	149
255	0	585,296	0,1	287	149
2	52	0,0	59,24	298	149
2	0	0,0	13,4	261	149
4	52	0,0	59,24	261	149
10	0	47,8	2,0	229	149
62	3	93,28	8,6	229	149
92	2	40,30	3,0	215	149
0	96	3,0	154,115	272	149
4	96	4,2	154,115	281	149
244	0	436,249	3,0	298	149
2	1	2,0	1,0	278	149
12	2	17,14	12,8	185	149
23	0	12,16	0,2	298	149
201	5	139,110	2,0	298	149
99	0	51,48	4,0	298	149
34	0	16,17	4,0	297	149
15	0	1,8	0,2	223	149
2	0	0,1	2,0	298	149
1	0	1,4	2,0	250	149
3	0	1,4	2,0	298	149
76	41	55,19	22,5	298	149
0	10	0,1	29,23	212	149
22	0	80,37	1,0	255	149
0	7	2,0	24,9	217	149
10	2	37,21	0,0	200	149
22	0	53,39	2,0	298	149
8	0	12,2	2,0	257	149
10	0	8,8	2,0	242	149
52	0	56,82	0,2	298	149
2	10	3,2	1,2	248	149
601	0	1460,783	2,0	245	149
16	0	38,31	2,3	298	149
16	0	38,31	2,3	298	149
128	2	78,88	0,0	298	149
3	57	0,0	54,43	273	149
23	1	22,21	0,0	281	149
6	2	16,11	0,0	281	149
132	0	222,103	1,0	210	149
262	2	401,174	4,0	288	149
2	50	0,0	6,2	248	149
7	50	3,0	6,2	257	149
4	1	4,0	0,0	298	149
38	2	29,34	0,0	275	149
195	2	163,168	0,0	256	149
16	2	6,2	0,0	298	149
40	2	7,6	0,0	298	149
104	5	48,15	2,0	225	149
26	2	10,7	0,0	225	149
105	2	46,26	0,0	298	149
79	2	52,12	0,0	220	149
5	8	1,4	0,2	298	149
5	8	3,4	0,2	298	149
6	8	0,2	0,0	214	149
24	1	17,5	4,0	248	149
186	0	337,119	1,0	264	149
78	2	151,48	0,2	280	149
22	1	56,14	0,0	259	149
11	0	29,13	1,0	246	149
192	2	193,116	2,0	298	149
2	0	2,2	0,2	258	149
270	0	171,73	0,2	295	149
65	0	49,22	1,0	212	149
239	0	185,83	2,1	269	149
329	2	225,105	2,0	286	149
269	2	218,85	0,0	218	149
313	5	294,164	0,0	298	149
351	0	252,194	2,0	265	149
307	2	271,165	3,2	244	149
172	3	90,42	4,2	236	149
2	0	2,2	2,2	298	149
819	0	744,997	1,2	262	149
789	0	718,863	1,2	240	149
624	1	255,124	0,0	296	149
540	4	248,77	2,0	293	149
648	0	351,104	2,0	298	149
189	3	140,74	0,0	298	149
155	2	220,139	0,0	261	149
8	100	4,0	63,61	294	149
4	1	6,0	1,2	294	149
183	1	119,118	1,2	294	149
87	0	58,57	4,0	294	149
105	1	69,67	1,2	298	149
6	83	4,8	56,57	273	149
223	2	198,131	3,4	253	149
0	20	2,0	0,4	186	149
21	11	2,4	10,5	298	149
86	4	57,43	0,0	259	149
895	3	50,34	0,0	266	149
640	2	30,42	0,0	269	149
427	1	17,7	0,0	298	149
3	1	0,4	0,0	298	149
0	2	2,0	0,0	237	149
2	48	0,6	49,51	298	149
212	2	204,142	0,0	298	149
205	4	242,156	3,2	264	149
38	0	39,21	6,14	257	149
47	0	45,41	6,14	272	149
65	2	102,60	8,0	266	149
15	0	22,35	2,0	260	149
90	2	69,75	0,0	298	149
0	11	2,0	4,0	298	149
0	3	2,0	0,2	218	149
191	2	167,173	2,0	298	149
113	1	113,101	0,0	298	149
93	1	67,65	0,0	298	149
169	0	119,137	1,0	298	149
72	0	54,61	4,2	251	149
10	0	9,2	0,4	204	149
55	0	79,54	0,4	176	149
14	0	8,2	2,0	298	149
7	0	9,12	1,0	298	149
1	25	4,3	31,13	215	149
113	0	147,71	4,2	219	149
71	9	83,35	9,20	219	149
4	6	6,2	2,2	243	149
4	19	2,0	21,11	243	149
4	1	2,0	12,6	243	149
9	2	24,4	0,0	273	149
13	7	27,10	3,2	273	149
10	6	18,6	2,2	273	149
9	19	19,4	21,11	273	149
9	1	18,4	12,6	273	149
0	3	6,0	5,2	257	149
4	7	3,4	3,2	285	149
0	6	0,2	2,2	285	149
7	4	8,6	9,6	285	149
3	1	5,4	0,2	285	149
13	6	5,2	2,2	298	149
9	19	3,1	21,11	298	149
7	1	3,1	12,6	298	149
10	1	7,7	0,2	298	149
6	0	5,6	1,0	298	149
10	0	5,5	0,2	298	149
22	19	10,14	21,11	267	149
17	0	8,14	1,0	267	149
22	2	10,13	0,0	267	149
19	1	23,11	12,6	214	149
2	2	3,0	0,0	214	149
2	3	0,0	4,9	225	149
8	2	4,12	0,0	284	149
6	51	0,1	102,29	298	149
46	6	7,2	0,0	298	149
12	1	1,0	0,0	248	149
689	13	393,617	2,2	239	149
112	2	67,91	0,0	298	149
2	0	0,0	1,0	298	149
69	5	28,29	5,1	243	149
24	0	20,12	1,0	230	149
1	0	4,2	1,0	207	149
15	0	4,8	1,0	278	149
45	1	14,13	4,6	278	149
30	1	10,7	4,6	298	149
0	17	0,2	4,8	298	149
57	0	45,36	0,2	261	149
0	2	1,4	12,1	188	149
2	0	0,0	40,25	170	149
1	0	0,0	0,2	298	149
2	2	3,1	0,0	262	149
677	1	835,585	0,2	298	149
1	47	0,0	85,39	298	149
11	19	32,18	21,17	252	149
10	0	24,19	2,6	298	149
15	0	53,25	3,1	266	149
0	13	5,2	58,15	266	149
34	1	104,68	0,0	298	149
15	0	30,17	2,0	224	149
24	0	84,42	3,2	298	149
2	0	0,0	2,0	243	149
0	9	0,4	12,30	298	149
0	19	1,0	10,8	298	149
35	14	22,21	15,33	164	149
206	2	5,4	0,0	264	149
72	1	2,1	0,0	264	149
109	1	68,87	0,0	298	149
251	8	73,90	2,0	298	149
113	0	76,109	4,1	298	149
224	77	174,135	70,31	278	149
229	0	194,101	0,1	260	149
70	1	40,29	0,0	239	149
120	13	86,86	2,4	293	149
100	6	48,24	4,4	290	149
8	125	3,4	112,60	170	149
62	0	55,91	1,0	298	149
58	0	78,85	2,0	298	149
184	0	75,22	2,0	197	149
209	2	96,27	0,0	279	149
129	1	33,18	2,0	248	149
194	0	116,43	1,0	294	149
48	153	34,29	160,158	253	149
1	19	0,0	7,2	273	149
37	0	55,27	1,0	240	149
26	0	26,19	1,0	235	149
120	0	163,54	1,0	241	149
50	2	69,33	0,0	243	149
28	2	37,19	4,0	243	149
24	2	14,13	4,0	298	149
81	0	127,70	2,0	242	149
0	6	2,2	17,7	265	149
15	20	1,4	37,22	195	149
3	1	1,0	0,0	218	149
101	0	89,38	2,0	291	149
65	4	45,35	2,7	298	149
59	2	31,36	0,0	298	149
152	0	117,120	3,1	277	149
79	2	54,27	0,0	212	149
273	4	0,3	0,0	272	149
64	4	29,27	0,0	231	149
17	1	20,22	1,8	298	149
230	0	8,73	0,2	297	149
2	30	0,0	4,4	274	149
5	14	2,0	12,13	237	149
4	13	7,8	5,9	268	149
4	1	34,25	0,7	245	149
0	2	4,0	15,12	232	149
26	0	159,118	0,2	236	149
8	0	108,69	0,2	239	149
0	20	0,2	42,118	298	149
6	90	26,55	149,182	224	149
281	9	261,139	11,7	281	149
2	0	0,0	0,6	298	149
20	184	6,4	100,112	250	149
340	3	158,188	3,0	216	149
606	1	498,438	0,2	298	149
146	0	76,39	2,0	234	149
15	138	56,11	54,38	298	149
4	15	2,0	24,11	298	149
61	0	113,66	0,1	239	149
0	42	3,2	77,36	184	149
0	42	1,0	77,36	298	149
53	0	136,100	2,0	298	149
0	17	0,2	52,32	271	149
16	1	60,46	13,11	298	149
23	1	65,50	4,3	293	149
36	0	63,42	1,0	256	149
0	41	4,0	59,45	298	149
0	41	4,0	59,45	298	149
2	0	0,0	0,1	298	149
33	0	52,35	0,1	258	149
0	2	4,0	0,0	258	149
1	16	0,0	37,29	230	149
21	0	24,11	1,0	251	149
47	2	71,81	1,0	238	149
1	32	0,1	21,20	222	149
28	1	66,22	0,0	298	149
25	2	13,21	12,0	182	149
0	2	3,3	0,2	189	149
28	0	79,79	3,3	212	149
17	1	33,22	4,0	261	149
103	1	122,59	0,0	265	149
125	0	144,61	2,0	250	149
0	46	2,0	71,28	233	149
90	0	160,83	0,1	257	149
97	0	121,65	5,4	204	149
113	2	163,64	0,0	212	149
155	0	174,102	12,6	298	149
0	2	4,8	12,0	298	149
25	1	13,7	5,3	238	149
23	2	13,9	12,0	238	149
1	2	5,3	12,0	207	149
2	0	0,0	1,2	207	149
7	4	10,2	6,4	298	149
10	0	16,8	1,0	298	149
6	2	8,5	0,0	298	149
6	2	6,4	0,0	295	149
1	0	3,0	1,0	295	149
12	2	15,8	2,1	295	149
13	6	3,0	5,4	298	149
8	1	4,0	2,0	298	149
18	1	6,11	2,0	298	149
10	1	6,11	2,0	298	149
11	0	6,11	1,0	263	149
15	1	11,15	2,0	263	149
14	0	9,11	4,0	263	149
3	13	0,0	7,11	255	149
3994	1	4,4	0,0	266	149
2314	34	1,0	0,0	257	149
4	6	2,2	2,0	266	149
4	3	0,0	2,2	298	149
2	2	6,2	0,0	298	149
24	0	19,16	5,1	298	149
62	2	65,29	2,3	298	149
21	1	31,8	2,0	241	149
5	15	0,0	19,4	220	149
66	0	62,54	0,4	280	149
4	0	2,0	2,0	205	149
16	2	8,6	17,9	292	149
57	0	113,52	2,0	233	149
102	1	106,76	0,0	298	149
2	53	0,0	44,42	201	149
4	56	0,0	67,47	234	149
2	0	2,6	2,0	211	149
3	0	18,2	1,0	298	149
4	2	18,0	6,0	298	149
4	2	24,1	6,0	298	149
118	0	103,51	2,0	298	149
8	5	9,2	16,6	298	149
6	5	2,0	0,2	298	149
27	5	37,25	0,2	298	149
65	0	86,60	0,2	298	149
33	2	40,20	2,0	264	149
43	3	46,32	4,11	298	149
2	4	0,0	11,6	298	149
4	14	0,6	24,4	274	149
2	29	5,0	25,17	270	149
4	36	5,0	29,7	242	149
1	46	4,0	40,23	199	149
0	15	2,0	26,7	250	149
2	15	2,0	26,7	281	149
0	15	2,0	26,7	298	149
4	0	3,4	1,0	262	149
4	2	9,15	3,3	224	149
224	0	172,75	2,0	298	149
2	2	2,0	2,0	227	149
0	6	0,2	8,13	185	149
48	7	63,53	0,0	298	149
43	0	90,63	0,1	234	149
43	2	70,41	1,0	298	149
27	2	56,39	1,0	298	149
1	26	3,0	45,22	274	149
0	1	1,0	10,2	274	149
1	5	2,0	3,1	274	149
78	1	103,42	10,2	266	149
0	56	1,2	65,24	298	149
128	0	217,61	1,1	245	149
165	2	368,148	6,1	298	149
0	3	1,0	4,2	298	149
4	3	6,0	2,0	199	149
78	4	49,44	3,0	298	149
81	1	70,32	0,0	298	149
49	4	25,12	17,10	252	149
84	4	46,24	17,10	228	149
49	0	35,27	0,2	265	149
89	1	83,37	0,1	270	149
1	17	0,0	26,12	298	149
61	2	97,98	0,0	292	149
49	8	92,116	0,2	298	149
50	0	135,158	0,6	298	149
66	0	114,97	3,0	237	149
94	0	142,101	2,0	247	149
71	0	120,62	0,2	251	149
86	0	104,74	0,2	298	149
68	5	94,57	8,7	298	149
2	2	0,0	28,21	246	149
4	19	2,2	3,12	298	149
18	2	10,0	0,0	209	149
2	2	0,0	0,6	261	149
83	3	86,99	0,0	234	149
24	2	26,27	0,0	234	149
122	3	65,38	0,0	220	149
5	118	0,0	77,36	269	149
187	21	110,50	0,0	264	149
2	69	0,2	212,81	298	149
53	0	29,29	1,0	231	149
6	63	5,6	48,30	298	149
142	1	112,39	0,0	298	149
155	0	173,65	2,0	245	149
146	0	170,78	0,2	298	149
193	3	56,56	0,0	298	149
28	10	13,23	2,3	298	149
58	1	18,38	2,0	298	149
1325	0	923,462	2,2	298	149
490	18	328,154	2,0	253	149
556	0	449,252	6,0	244	149
451	2	338,345	2,0	242	149
473	0	232,175	1,0	268	149
1049	12	553,489	11,8	291	149
357	2	206,223	10,11	298	149
123	4	79,45	0,0	290	149
3	9	1,7	0,1	298	149
1	9	1,7	0,1	298	149
3	2	4,8	6,9	285	149
1140	1	1467,770	0,0	298	149
1140	11	1467,770	15,2	298	149
138	4	138,77	2,0	290	149
83	2	97,85	0,2	238	149
47	0	55,40	1,0	237	149
4	0	6,7	1,0	221	149
7	0	2,6	10,0	298	149
18	2	7,7	0,0	239	149
7	35	2,0	42,18	206	149
52	0	71,20	1,0	209	149
81	0	102,44	2,2	298	149
31	1	101,63	0,0	298	149
0	12	7,4	0,7	200	149
36	1	94,33	2,0	223	149
2	214	0,0	364,249	263	149
373	8	687,549	4,0	298	149
291	0	961,556	2,0	269	149
127	0	489,282	2,0	298	149
60	0	155,69	0,2	298	149
0	60	0,6	153,69	245	149
182	0	105,112	0,2	265	149
1	31	0,0	10,32	197	149
2112	31	9,21	2,6	298	149
2	632	0,0	1,9	298	149
3	18	0,0	11,1	271	149
185	63	15,16	16,15	239	149
491	1	59,59	0,7	298	149
523	0	316,157	0,2	298	149
137	2	76,42	2,0	280	149
12	0	67,11	5,6	208	149
313	0	153,45	0,2	215	149
66	27	19,6	14,5	224	149
53	131	18,5	76,39	224	149
74	131	20,10	76,39	230	149
85	27	15,8	8,3	230	149
140	1	183,100	0,0	298	149
140	1	191,100	0,0	298	149
142	1	185,100	0,0	298	149
215	2	270,178	0,0	224	149
189	5	215,170	4,0	205	149
6	0	9,2	4,0	298	149
189	2	250,150	2,0	298	149
42	13	94,39	32,25	243	149
104	13	234,102	32,25	247	149
90	0	74,46	4,1	216	149
81	1	64,42	0,0	209	149
1	1	0,0	0,1	298	149
4	4	12,34	2,6	298	149
96	5	104,37	2,0	264	149
143	2	118,42	0,0	263	149
66	1	57,16	2,0	263	149
60	1	44,12	2,0	263	149
138	3	105,37	0,0	263	149
87	0	192,107	2,0	298	149
13	65	12,6	61,30	242	149
85	0	89,34	1,0	237	149
88	1	151,73	0,0	289	149
0	144	0,2	171,115	268	149
2	144	0,0	171,115	298	149
2	144	0,0	171,115	224	149
0	144	2,0	171,115	169	149
2	0	0,0	0,2	209	149
2	132	0,0	181,42	209	149
0	132	0,2	181,42	215	149
77	2	125,30	2,0	217	149
82	2	86,50	2,0	247	149
78	0	26,28	2,0	298	149
9	42	10,2	12,12	298	149
2	4	0,2	8,4	275	149
46	0	51,24	2,0	298	149
20	2	23,18	2,0	283	149
27	0	37,20	2,0	275	149
15	0	20,11	1,0	275	149
10	0	17,10	1,0	298	149
4	16	0,0	1,7	193	149
25	1	4,8	0,0	263	149
2	16	0,2	4,2	246	149
20	0	6,2	0,4	266	149
10	0	0,4	0,2	266	149
0	5	0,2	6,1	206	149
2	2	11,9	8,0	298	149
5	31	0,0	20,11	241	149
1	1	0,0	6,6	219	149
5	1	20,7	28,15	249	149
5	1	7,1	6,6	249	149
7	1	7,1	10,4	249	149
15	1	63,38	6,6	249	149
1	2	2,6	9,2	221	149
1	1	4,6	10,4	221	149
1	0	2,6	2,0	221	149
2	1	9,2	10,4	291	149
1	0	10,4	2,0	275	149
0	1	5,0	3,0	298	149
1	0	4,4	2,0	298	149
45	0	66,46	1,0	250	149
0	12	2,1	17,9	238	149
2	0	10,6	0,2	285	149
6	1	11,3	0,0	298	149
67	2	305,188	6,3	296	149
24	1	158,112	0,0	296	149
23	1	79,56	0,0	231	149
63	1	215,128	0,0	231	149
67	0	216,116	1,0	248	149
0	31	2,2	78,60	287	149
65	0	301,215	2,0	254	149
64	0	252,173	0,2	298	149
6	28	44,44	68,78	260	149
29	2	153,53	2,0	298	149
0	2	4,0	8,6	182	149
0	5	1,0	27,9	182	149
5	5	20,14	27,9	263	149
9	0	56,17	0,6	245	149
22	0	56,63	0,2	278	149
0	1	1,0	0,0	199	149
0	1	1,0	0,0	194	149
3	23	4,2	30,11	238	149
0	2	5,2	1,0	298	149
216	1	201,145	4,0	224	149
260	0	392,188	4,0	285	149
0	1	10,1	0,0	273	149
2240	1	2059,2054	4,0	298	149
747	1	696,736	4,0	221	149
1482	11	1457,1762	0,2	227	149
3	0	52,0	2,0	274	149
2	0	10,0	22,0	279	149
26	2	140,95	8,2	204	149
9	2	39,44	8,2	262	149
0	17	2,0	108,53	261	149
0	1	2,0	5,2	176	149
2	0	0,6	2,0	241	149
47	6	90,44	3,0	278	149
47	0	45,23	1,0	298	149
74	0	73,39	7,0	298	149
22	0	33,15	2,0	298	149
22	16	29,8	12,12	252	149
1	3	2,1	9,2	297	149
0	1	4,0	2,0	273	149
19	1	4,2	0,2	248	149
0	139	2,0	142,98	216	149
179	0	229,162	2,0	221	149
1	112	0,0	124,52	261	149
2	47	0,0	36,12	285	149
2	47	0,0	36,12	269	149
94	7	147,57	2,12	286	149
113	1	162,95	0,0	285	149
126	2	140,59	2,0	298	149
65	5	97,60	0,0	265	149
58	1	70,53	0,2	247	149
22	1	28,9	0,0	298	149
56	1	39,20	1,0	285	149
0	2	2,0	0,0	298	149
4	9	12,2	16,7	212	149
46	0	34,23	0,2	266	149
4	30	3,2	12,10	191	149
4	0	154,69	5,0	298	149
4	0	91,44	5,0	298	149
122	0	169,121	3,0	285	149
116	4	102,40	0,1	241	149
165	0	14,28	1,0	183	149
124	0	5,22	0,1	243	149
1	81	3,1	9,2	225	149
81	2	9,7	0,0	210	149
44	3	9,0	2,1	210	149
18	3	0,1	2,1	178	149
3	0	0,0	0,4	248	149
122	2	11,20	0,0	210	149
41	2	6,2	0,0	298	149
111	2	6,5	0,0	246	149
2	9	0,0	2,2	181	149
38	1	0,6	0,0	259	149
34	2	42,18	0,0	234	149
36	0	48,17	2,0	212	149
22	2	39,27	0,2	262	149
19	0	35,29	2,0	262	149
18	0	46,14	4,0	251	149
26	0	50,22	4,0	230	149
23	0	42,24	4,0	227	149
2	0	0,0	2,0	239	149
0	2	2,0	0,0	188	149
0	2	2,1	9,2	188	149
4	2	5,4	9,2	270	149
2	0	5,4	0,2	270	149
0	6	4,2	4,2	262	149
0	6	4,2	4,2	298	149
0	6	2,2	4,2	298	149
1223	4	504,403	0,0	212	149
1537	2	576,452	0,0	240	149
95	1	34,22	2,0	168	149
204	102	119,97	35,20	256	149
7	0	2,2	2,0	189	149
2	5	0,2	7,4	220	149
4	0	19,36	3,0	169	149
0	2	0,2	4,0	241	149
0	2	0,2	4,0	251	149
0	2	0,2	4,0	298	149
0	13	2,2	14,15	203	149
78	0	99,75	1,2	298	149
37	0	42,25	2,0	237	149
28	2	14,11	0,0	216	149
28	0	13,1	0,3	216	149
21	2	33,11	0,0	235	149
54	0	75,29	1,10	235	149
21	0	31,14	1,10	254	149
15	3	10,8	2,0	191	149
16	0	25,8	3,0	194	149
45	3	69,23	2,0	194	149
11	0	19,3	0,3	298	149
38	5	30,22	0,0	251	149
15	4	26,11	0,2	200	149
12	117	3,5	44,21	265	149
36	6	52,28	6,0	298	149
2	16	0,0	46,48	208	149
39	1	38,50	3,0	298	149
2	10	13,8	23,6	298	149
2	0	0,2	3,0	298	149
0	4	5,0	14,10	298	149
0	4	3,0	14,10	298	149
161	0	114,102	0,1	199	149
78	2	39,23	0,0	244	149
43	0	46,35	2,0	298	149
96	4	87,47	2,0	281	149
70	2	54,42	0,0	264	149
213	0	180,87	0,2	296	149
127	2	72,48	0,0	286	149
244	4	117,78	4,0	279	149
204	4	90,59	4,2	218	149
272	1	213,117	1,0	274	149
214	1	181,102	0,0	298	149
167	0	160,72	0,1	298	149
187	1	170,67	0,0	291	149
36	2	31,32	0,2	283	149
20	0	19,15	0,2	276	149
752	0	1827,1999	2,0	193	149
45	2	72,51	0,0	292	149
0	2	5,4	22,19	278	149
2	0	30,29	18,30	275	149
2	27	22,21	125,94	275	149
2	0	35,41	0,2	278	149
2	0	27,21	18,30	278	149
2	2	39,41	3,0	239	149
0	27	5,4	125,94	239	149
4	0	36,66	0,2	298	149
6	27	39,66	125,94	298	149
4	0	36,66	0,2	298	149
6	0	85,116	7,0	298	149
29	2	23,70	0,0	224	149
12	4	19,56	3,0	298	149
26	4	31,74	3,0	287	149
43	0	57,64	2,4	228	149
7	0	5,17	1,0	298	149
7	1	13,7	0,2	220	149
20	1	20,14	5,0	292	149
18	6	19,10	4,2	292	149
9	1	10,6	0,2	298	149
10	6	15,6	4,2	298	149
12	1	15,10	4,0	298	149
10	1	6,4	5,0	215	149
1	12	2,0	24,20	220	149
12	0	20,5	2,0	291	149
10	2	13,12	18,12	222	149
5	0	5,2	0,2	212	149
4	6	29,13	19,9	222	149
14	1	58,36	0,0	180	149
24	0	49,40	0,2	217	149
328	0	367,260	2,6	298	149
6	233	14,10	268,95	205	149
9	233	9,4	268,95	298	149
2	0	11,0	2,0	228	149
0	4	0,2	6,4	243	149
10	15	10,6	20,8	298	149
4	15	14,0	20,8	252	149
5	24	4,2	20,22	197	149
242	3	140,99	3,0	298	149
244	3	140,105	3,0	298	149
0	27	1,2	22,27	275	149
2	14	0,0	11,19	254	149
2	14	0,0	11,19	189	149
2	14	4,0	11,19	231	149
10	0	20,10	2,2	261	149
12	0	38,23	4,2	295	149
0	4	1,0	26,21	187	149
25	260	2,0	23,16	298	149
0	4	0,2	7,6	298	149
6	0	9,1	6,0	199	149
6	0	1,0	2,0	265	149
140	2	57,29	0,0	237	149
215	0	112,42	2,2	273	149
112	1	45,21	0,0	279	149
179	3	47,40	2,2	223	149
246	0	103,86	0,4	276	149
86	2	24,34	0,0	245	149
8	2	7,2	0,0	270	149
3	2	22,22	19,11	201	149
39	0	18,24	2,0	286	149
32	0	12,18	1,0	271	149
14	2	31,11	0,0	243	149
103	0	67,71	2,0	298	149
2722	0	2237,1849	2,0	268	149
7004	0	5928,5209	2,0	275	149
2	1	0,0	8,4	259	149
253	5	244,116	10,5	293	149
182	2	175,93	0,0	298	149
157	2	175,73	2,0	236	149
0	95	7,0	98,66	295	149
173	0	125,52	4,0	283	149
4	0	0,0	0,2	281	149
6	40	1,6	32,18	281	149
3	40	0,2	32,18	200	149
5	4	0,0	1,6	200	149
199	0	231,98	2,0	274	149
0	2	2,0	0,2	298	149
124	2	83,82	0,2	298	149
31	2	2,4	0,0	298	149
8	0	4,8	1,0	256	149
1	3	4,2	1,0	256	149
2	3	4,0	1,0	195	149
10	1	3,6	0,0	195	149
5	0	13,21	2,0	298	149
2	0	0,0	4,2	298	149
3	13	0,0	6,4	218	149
39	1	12,5	0,0	253	149
4	31	0,0	6,5	256	149
2	1	2,0	3,0	298	149
99	0	123,50	10,0	290	149
78	467	148,39	389,310	158	149
1016	2	1759,1609	0,0	298	149
31	2	57,31	0,2	285	149
0	1	7,1	0,2	248	149
25	4	42,44	0,0	248	149
85	1	107,102	0,0	243	149
88	2	89,8	0,0	298	149
197	2	178,40	0,0	263	149
530	73	39,9	43,47	295	149
31	73	6,0	43,47	210	149
48	530	2,0	39,9	210	149
59	6	35,36	0,0	277	149
414	4	36,9	0,0	277	149
1	4	2,0	0,0	253	149
2	59	0,0	9,0	244	149
5	1543	0,0	218,124	244	149
8	59	0,0	9,0	188	149
53	1543	7,0	218,124	242	149
120	1543	11,5	218,124	298	149
63	5	2,5	0,0	298	149
2949	1	454,239	0,0	257	149
5	1841	0,0	307,160	298	149
20	1841	0,0	307,160	237	149
1256	3	148,55	1,0	238	149
2	8	1,0	16,17	188	149
7	0	18,6	0,2	273	149
2	0	9,2	10,6	298	149
106	1	87,42	4,0	298	149
33	4	37,27	2,0	298	149
2	20	2,4	43,18	185	149
2	5	0,0	4,8	182	149
16	5	37,16	4,8	268	149
2	2	6,2	0,0	268	149
56	0	127,94	4,2	298	149
69	1	64,44	0,0	298	149
95	0	122,90	2,0	298	149
2	0	2,2	0,1	239	149
53	1	85,65	9,2	239	149
146	4	270,165	2,2	288	149
32	15	56,19	63,14	298	149
69	1	130,105	3,0	224	149
72	0	120,90	2,0	298	149
90	2	140,56	0,0	298	149
34	4	102,55	2,2	298	149
0	2	0,1	7,0	220	149
4	4	6,14	7,3	242	149
13	2	39,60	5,12	188	149
46	2	77,89	5,12	221	149
97	0	158,297	0,2	290	149
14	0	26,62	2,0	272	149
1	0	2,0	2,0	245	149
3	60	2,2	46,16	244	149
0	68	2,0	71,55	194	149
138	13	181,102	15,4	298	149
124	0	129,77	3,0	242	149
48	0	37,29	1,0	237	149
109	2	111,51	0,0	205	149
29	2	35,13	0,0	202	149
112	0	118,72	2,2	227	149
105	1	147,96	2,0	218	149
0	5	1,2	19,9	283	149
47	0	47,30	4,0	244	149
0	13	0,2	7,4	206	149
30	0	67,32	2,0	224	149
28	0	83,20	2,0	298	149
42	18	3,4	2,0	298	149
46	18	3,4	2,0	298	149
8037	1	65,142	0,0	288	149
6099	12	45,109	0,0	244	149
7	0	22,24	2,0	298	149
18	1	55,41	0,0	298	149
26	6	72,52	0,2	245	149
14	6	30,20	0,2	298	149
8	2	39,60	2,0	256	149
26	2	67,75	2,0	259	149
0	26	2,2	38,51	279	149
631	11	22,4	0,0	298	149
289	2	10,0	0,0	298	149
351	37	12,4	2,0	298	149
14	139	0,2	7,2	298	149
4	63	18,11	174,48	267	149
2	63	0,0	174,48	242	149
67	0	11,21	6,2	173	149
36	0	8,24	1,2	298	149
3	17	2,12	46,34	239	149
50	0	158,77	2,2	232	149
111	0	62,77	1,0	253	149
1	84	2,2	69,56	241	149
6	89	1,2	40,27	216	149
6	0	6,6	4,0	298	149
73	0	74,20	4,0	239	149
199	0	98,60	0,2	194	149
189	1	111,78	0,0	237	149
0	67	4,0	99,69	198	149
91	2	159,125	0,0	223	149
84	0	199,85	6,0	216	149
33	21	41,54	51,18	298	149
32	0	39,50	12,2	298	149
29	2	37,50	12,6	298	149
30	21	39,50	51,18	298	149
18	0	23,16	1,0	298	149
18	0	19,14	1,0	278	149
99	2	38,39	2,0	257	149
4	0	24,22	2,0	284	149
94	0	47,45	2,0	221	149
179	0	160,140	2,2	244	149
99	1	73,48	0,0	251	149
11	21	6,6	15,7	271	149
4	24	6,5	24,4	298	149
83	0	56,36	2,0	296	149
50	0	48,48	1,0	230	149
6	8	0,2	5,4	236	149
0	2	0,2	6,2	290	149
25	2	24,4	4,0	211	149
33	0	38,18	0,2	298	149
171	4	135,65	0,0	268	149
119	0	59,52	2,0	222	149
10	68	5,0	24,27	298	149
21	37	16,28	30,17	245	149
90	0	153,88	2,1	298	149
194	0	123,134	0,4	279	149
31	5	6,15	6,2	194	149
24	11	12,16	7,0	194	149
18	2	8,14	4,2	194	149
3769	4	87,26	0,0	293	149
70	1	86,65	0,2	270	149
7	5	10,4	7,3	298	149
4	5	0,2	7,3	278	149
6	0	37,12	2,0	298	149
2	0	15,33	0,1	281	149
2939	1	593,439	0,2	298	149
19	2	15,4	9,2	218	149
42	2	61,31	9,2	221	149
19	2	17,6	9,2	298	149
21	2	27,21	2,0	291	149
62	0	47,38	1,0	279	149
64	2	37,27	1,0	251	149
64	1	50,26	0,0	298	149
32	1	24,19	0,0	237	149
53	0	40,26	1,0	211	149
57	4	40,38	0,0	294	149
0	3	5,2	1,0	208	149
8	1	4,0	2,0	298	149
7	7	4,1	14,15	202	149
3	4	3,3	28,19	202	149
7	4	22,27	28,19	230	149
5	1	11,13	2,3	230	149
5	1	37,48	4,0	254	149
1	1	28,33	2,0	191	149
258	0	173,115	1,0	298	149
375	2	186,143	0,0	298	149
384	3	220,180	0,0	298	149
103	3	94,71	0,0	245	149
51	198	35,28	133,112	188	149
1	95	0,0	61,33	278	149
67	95	21,21	61,33	231	149
86	95	33,22	61,33	202	149
0	1	0,4	0,0	202	149
0	83	0,4	27,19	202	149
4	32	0,0	17,17	233	149
0	32	3,2	17,17	298	149
0	2	3,2	0,0	298	149
111	5	99,71	1,0	298	149
69	5	77,52	1,0	272	149
165	0	168,112	3,0	298	149
39	0	36,46	0,2	268	149
47	0	58,37	2,4	298	149
35	47	36,31	38,50	277	149
0	1	4,4	6,3	277	149
118	1	163,112	6,3	241	149
31	0	25,30	0,2	241	149
106	0	163,90	2,0	241	149
39	0	88,70	0,2	298	149
133	0	232,159	0,4	298	149
2	0	0,1	2,0	255	149
2	0	0,5	0,2	212	149
16	2	1,16	0,0	298	149
267	7	198,106	8,3	258	149
966	7	680,458	8,3	234	149
2	277	0,0	242,127	266	149
69	2	36,29	0,0	223	149
60	2	41,33	2,0	224	149
30	1	32,8	1,0	298	149
42	1	68,19	1,0	298	149
8	6	13,7	66,28	225	149
22	66	83,31	73,82	225	149
114	5	188,54	8,2	252	149
98	0	172,71	1,0	231	149
66	0	96,46	2,0	298	149
49	0	85,33	2,0	276	149
144	0	173,62	0,3	276	149
29	0	47,39	1,0	219	149
134	0	310,111	1,0	252	149
186	1	328,111	3,0	298	149
27	4	37,18	10,2	298	149
80	7	67,43	12,6	298	149
82	7	75,47	12,6	298	149
186	7	144,99	12,6	263	149
156	1	158,95	0,0	226	149
26	0	25,11	1,0	298	149
2	2	2,2	10,7	260	149
2	71	0,0	92,69	228	149
1	131	0,0	166,95	211	149
67	89	137,84	82,45	298	149
3	0	123,65	2,0	245	149
1116	2	184,101	0,0	298	149
631	2	129,57	0,0	298	149
826	2	130,69	0,0	298	149
1311	2	186,113	1,0	298	149
851	2	139,60	0,0	298	149
310	1	36,12	0,0	298	149
1	0	1,0	2,0	264	149
4	2	18,5	0,0	298	149
7	1	1,2	0,0	209	149
0	1	2,2	0,0	298	149
0	1	0,2	0,0	298	149
17	0	18,10	2,0	298	149
3	10	4,3	16,4	298	149
30	6	37,14	2,0	257	149
4	0	30,26	1,2	298	149
200	9	301,204	20,30	274	149
1	0	14,6	0,2	298	149
2	1	4,0	10,2	268	149
1	0	2,0	2,0	298	149
2	114	4,4	164,151	262	149
2	66	0,0	153,152	298	149
26	0	121,53	1,0	271	149
580	1	842,808	0,9	281	149
115	40	139,185	36,60	242	149
9	9	9,10	0,9	242	149
243	9	221,302	0,9	191	149
316	7	324,423	9,8	191	149
2	25	0,4	22,10	262	149
0	113	2,0	128,59	298	149
11	113	0,2	128,59	298	149
68	40	62,53	21,15	298	149
194	40	193,136	21,15	298	149
139	1	80,77	0,0	298	149
0	118	7,3	115,47	298	149
0	40	2,0	82,59	298	149
470	2	130,97	0,0	298	149
4300	0	1536,665	1,2	260	149
3948	9	1361,677	3,2	264	149
35	2	25,11	1,0	263	149
3362	35	702,299	25,11	245	149
3627	0	650,264	4,0	298	149
706	2	160,163	2,2	257	149
363	1	77,79	0,0	233	149
757	3	18,60	2,0	245	149
1108	2	59,113	0,0	263	149
1359	8	34,75	0,0	298	149
463	0	656,600	2,4	298	149
249	0	407,338	2,2	288	149
296	0	297,362	2,2	278	149
529	2	520,547	6,2	278	149
334	2	331,396	2,0	298	149
95	0	116,70	0,1	271	149
2	0	19,4	2,0	238	149
5	0	56,35	0,1	296	149
17	0	91,35	0,2	253	149
6	0	54,35	2,0	237	149
12	0	47,30	2,0	205	149
26	0	91,66	0,1	227	149
33	1	61,52	0,4	194	149
27	0	64,43	2,0	182	149
27	1	48,49	6,2	298	149
25	0	13,30	0,2	298	149
42	0	43,59	0,1	298	149
118	3	198,82	0,0	298	149
182	3	305,137	0,0	218	149
115	2	194,77	0,0	218	149
347	5	547,216	5,2	241	149
0	199	0,3	327,137	212	149
44	0	121,46	3,0	298	149
6	1	0,5	0,2	196	149
11599	7	10039,7497	2,0	278	149
17	11	23,12	0,4	243	149
42	11	42,34	0,4	298	149
103	0	144,74	0,2	298	149
45	4	57,33	0,0	182	149
2	70	0,0	82,55	197	149
108	6	147,71	5,6	254	149
60	2	59,17	0,0	254	149
7	0	6,3	4,0	251	149
0	38	0,2	84,67	218	149
13	1	24,12	0,0	235	149
11	1	9,2	0,0	298	149
23	3	28,6	0,0	298	149
35	0	70,49	8,0	242	149
16	6	73,23	7,12	234	149
0	7	2,0	2,2	298	149
0	31	1,0	36,20	298	149
12	210	19,20	329,311	253	149
3	210	8,8	329,311	208	149
60	1	4,7	0,0	298	149
12	2	8,4	2,1	203	149
2	2	2,2	0,4	230	149
0	2	2,0	0,4	218	149
0	2	2,0	0,4	209	149
3	2	8,16	0,1	281	149
74	0	85,86	2,0	241	149
4	23	6,0	28,6	298	149
4	2	6,0	5,0	298	149
4	23	6,0	28,6	298	149
4	2	6,0	5,0	298	149
142	0	80,85	0,2	298	149
186	0	103,101	0,2	291	149
334	4	138,98	2,0	284	149
98	4	35,45	2,0	221	149
4	2	4,0	2,4	298	149
158	0	265,117	2,0	267	149
0	11	2,1	2,3	214	149
400	10	87,69	0,0	298	149
4	0	2,0	1,0	298	149
0	2	4,4	0,10	226	149
12	0	44,41	1,0	237	149
2	0	13,0	0,2	298	149
5	0	41,24	0,2	189	149
111	4	151,73	0,0	267	149
43	0	268,133	0,2	298	149
21	0	122,68	0,2	298	149
10	0	25,23	0,2	298	149
41	29	21,21	23,4	266	149
53	34	49,42	37,4	266	149
74	34	81,18	37,4	293	149
47	14	61,14	33,23	293	149
67	0	50,48	0,2	212	149
73	1	67,59	2,0	216	149
136	4	130,94	9,3	226	149
46	0	45,36	0,2	243	149
56	0	55,44	0,2	285	149
30	0	30,31	1,0	256	149
7	0	7,4	4,0	186	149
7	2	7,4	0,0	186	149
16	2	9,6	0,0	258	149
859	0	72,79	2,0	241	149
890	0	94,111	2,0	257	149
3	0	19,9	0,2	250	149
3	2	0,0	2,0	298	149
2	10	0,0	8,11	205	149
7	159	4,0	153,73	230	149
511	0	480,170	0,2	229	149
519	0	561,181	2,0	221	149
1	2	3,4	0,0	298	149
1	2	3,4	5,0	298	149
0	1	4,0	3,0	298	149
3	2	3,4	0,0	298	149
2	0	4,0	2,0	298	149
27	1	38,27	3,0	298	149
27	0	33,27	2,0	298	149
27	0	33,27	2,0	298	149
26	0	36,31	4,0	298	149
4	6	0,1	19,9	268	149
14	2	25,13	0,0	298	149
4	0	11,2	2,0	208	149
0	2	6,0	5,4	298	149
7	2	22,1	0,0	202	149
13	17	22,20	11,8	298	149
0	8	2,0	11,4	172	149
9	1	37,9	2,0	275	149
35	0	23,8	4,0	298	149
15	0	17,4	0,2	298	149
19	0	42,23	0,2	271	149
39	0	49,29	6,2	271	149
89	2	99,46	2,0	298	149
135	0	97,33	2,0	291	149
4	32	4,2	40,11	233	149
69	1	82,56	0,0	245	149
80	2	58,63	0,0	211	149
20	54	2,4	56,28	213	149
50	0	74,43	1,0	185	149
66	4	52,40	0,0	260	149
66	32	18,26	40,33	218	149
81	0	51,88	4,0	298	149
93	2	22,50	2,0	257	149
4	0	15,10	14,10	222	149
14	3	12,2	2,1	275	149
17	2	12,2	0,2	275	149
0	2	10,4	10,12	298	149
0	55	17,15	110,82	265	149
0	24	5,0	53,21	176	149
2	24	19,5	53,21	251	149
16	2	13,13	0,0	266	149
24	2	20,29	0,0	229	149
2	0	0,0	4,0	232	149
2	765	0,0	884,601	287	149
1046	0	1046,756	2,0	298	149
1627	4	2589,1843	2,2	245	149
655	4	1069,722	2,2	239	149
0	118	0,5	183,411	298	149
2	0	3,3	1,3	242	149
309	0	180,144	0,1	232	149
227	2	136,93	0,0	298	149
4	0	0,0	2,3	265	149
0	8	2,0	11,2	242	149
3	2	0,2	0,0	257	149
0	4	0,2	14,9	298	149
46	1	81,48	0,0	244	149
24	0	38,15	0,2	244	149
36	0	68,46	0,2	298	149
64	5	118,83	7,4	298	149
88	1	119,98	0,0	298	149
25	53	6,1	51,52	253	149
38	53	9,3	51,52	240	149
48	1	50,48	0,0	251	149
60	0	101,93	0,2	251	149
1	0	0,0	0,2	296	149
5	1	6,3	7,0	292	149
2	0	17,21	4,1	222	149
5	11	4,0	12,15	283	149
13	10	13,6	6,10	257	149
7	57	2,0	92,30	244	149
598	3	486,431	2,2	294	149
0	16	6,13	47,19	298	149
25	1	71,43	12,5	252	149
4	10	21,5	33,28	210	149
3	2	24,10	0,0	246	149
8	2	50,16	0,0	281	149
19	6	82,37	5,4	298	149
7	6	52,17	5,4	298	149
12	6	30,20	5,4	297	149
14	6	26,16	5,4	255	149
2	12	5,4	31,20	288	149
20	1	67,50	5,2	298	149
20	0	78,73	0,2	298	149
31	1	124,77	5,2	298	149
0	1	4,8	5,2	271	149
0	11	15,29	57,27	271	149
0	20	8,2	58,48	271	149
60	0	149,151	1,0	280	149
100	2	219,134	1,0	298	149
20	0	28,52	8,0	266	149
57	0	143,133	8,0	298	149
0	32	2,2	89,66	298	149
33	0	150,63	2,2	298	149
42	0	126,80	2,2	203	149
0	22	8,6	96,66	298	149
2	2	10,10	9,3	298	149
0	7	2,0	29,13	298	149
0	2	2,0	9,3	298	149
9	2	39,23	9,3	234	149
7	0	22,12	5,0	234	149
2	0	11,3	5,0	211	149
20	34	7,9	110,70	286	149
71	0	166,61	2,0	298	149
109	1	163,68	0,0	298	149
110	0	190,125	2,0	298	149
41	0	59,50	2,0	298	149
34	2	61,40	1,2	241	149
34	0	53,30	2,0	298	149
58	0	121,51	2,0	270	149
49	1	87,45	0,0	298	149
109	2	205,35	0,0	293	149
139	1	207,84	0,0	298	149
133	8	220,85	6,4	298	149
73	2	113,47	0,0	298	149
28	0	37,11	0,2	266	149
73	0	89,34	0,2	298	149
53	2	88,56	0,0	241	149
12	3	34,15	2,0	222	149
0	2	0,2	6,0	272	149
17	0	8,11	2,0	259	149
26	2	18,28	0,0	287	149
138	6	49,32	2,3	241	149
43	0	19,27	0,2	236	149
1	8	0,0	5,5	211	149
1902	0	5973,2897	2,0	276	149
51	2	20,6	0,0	262	149
34	0	22,6	2,0	298	149
20	0	16,10	0,4	298	149
868	3	580,198	2,0	230	149
589	2	519,171	0,0	199	149
410	45	202,103	12,5	185	149
6	77	4,4	26,17	298	149
30	77	14,11	26,17	298	149
17	1	14,14	0,0	296	149
28	1	26,31	0,0	273	149
46	1	57,27	0,0	298	149
28	1	27,28	0,0	264	149
40	0	19,39	0,2	273	149
6	74	6,2	42,18	208	149
56	0	154,48	2,0	298	149
47	2	96,32	4,0	298	149
25	0	73,10	2,0	272	149
0	11	2,0	2,4	265	149
16	0	15,7	1,0	195	149
19	63	4,9	6,27	298	149
150	2	30,66	0,0	265	149
46	1	17,22	0,0	298	149
12	490	0,0	33,11	268	149
1006	2	76,59	2,0	256	149
587	0	27,36	0,2	289	149
163	12	64,21	1,1	172	149
133	4	138,83	0,0	291	149
86	2	190,82	0,2	235	149
109	2	232,106	0,0	231	149
14	0	69,32	1,0	298	149
1	0	20,16	2,0	298	149
3	0	12,6	5,6	176	149
0	4	0,2	37,6	271	149
6	0	48,36	0,2	227	149
0	2	0,2	16,6	294	149
3	2	0,0	16,6	244	149
4	4	9,8	1,5	208	149
30	0	34,21	2,0	274	149
4	0	23,25	2,0	248	149
2	0	0,2	12,6	298	149
2	0	2,2	12,6	298	149
2	0	5,2	13,7	298	149
0	6	2,1	7,3	298	149
0	6	6,0	7,3	298	149
88	2	141,118	0,0	242	149
0	6	1,4	7,13	218	149
4	6	4,0	7,13	242	149
8	0	6,0	1,4	242	149
12	0	31,42	0,2	298	149
0	5	3,6	11,4	266	149
12	2	0,5	2,0	288	149
70	0	68,58	2,0	260	149
44	0	75,89	1,0	297	149
31	2	43,44	0,0	232	149
48	0	77,65	2,0	298	149
75	0	65,42	1,4	293	149
46	0	41,28	4,0	293	149
1	0	15,2	4,0	298	149
4	0	15,2	1,0	298	149
1	0	16,6	4,0	298	149
30	0	40,16	1,0	298	149
2	9	0,4	8,0	296	149
1	9	3,0	8,0	207	149
198	28	188,72	19,4	257	149
18	28	15,11	19,4	203	149
68	113	46,29	89,42	203	149
158	20	74,50	57,22	260	149
0	20	6,0	57,22	257	149
187	0	193,112	4,2	222	149
0	128	0,2	89,58	298	149
1	1	6,0	0,0	231	149
4	16	0,0	5,0	259	149
55	0	18,4	2,0	298	149
0	39	3,0	13,4	267	149
0	15	2,0	14,14	280	149
0	50	2,0	136,95	180	149
79	0	153,70	2,0	254	149
71	5	146,76	5,0	298	149
50	0	99,59	2,0	298	149
29	7	56,18	11,2	281	149
47	0	29,17	2,0	298	149
70	7	82,36	11,2	298	149
91	0	129,67	3,0	224	149
114	2	160,60	0,0	294	149
45	38	80,71	41,18	224	149
43	46	21,12	16,10	178	149
138	2	68,47	0,0	211	149
227	1	80,44	0,0	211	149
6	5	12,13	2,0	273	149
696	5	898,293	9,4	298	149
527	2	821,273	0,2	298	149
255	2	374,165	0,2	264	149
419	0	446,181	4,0	264	149
9	2	12,14	0,0	298	149
6	2	6,8	0,0	298	149
58	4	87,35	4,2	298	149
28	0	54,31	2,0	298	149
19	4	28,7	4,0	298	149
8	4	30,15	4,0	256	149
17	0	56,39	2,0	256	149
1231	2	437,163	2,0	278	149
3	2	8,3	7,2	247	149
12	2	11,1	0,0	184	149
40	0	68,63	0,2	298	149
110	0	48,41	0,2	251	149
115	0	77,59	1,0	298	149
16	70	15,6	17,12	298	149
393	2	557,244	0,0	291	149
438	0	512,243	2,2	261	149
266	0	344,143	2,0	207	149
432	1	540,221	4,8	298	149
333	0	372,134	0,1	265	149
2	55	0,0	33,30	173	149
7	1	14,23	0,0	287	149
27	2	14,11	0,0	278	149
76	1	132,73	0,0	298	149
113	0	217,108	0,2	298	149
69	0	109,78	1,0	283	149
3	4	1,6	4,5	224	149
7	9	1,6	4,6	224	149
17	0	46,24	0,2	292	149
3	76	4,0	74,48	284	149
49	2	36,19	0,0	261	149
2	6	4,0	12,9	298	149
6	0	23,6	2,0	286	149
48	0	82,42	0,1	189	149
13	68	5,0	91,55	212	149
2	0	81,33	2,0	202	149
13	0	142,88	0,2	245	149
1	20	0,0	16,1	244	149
1	9	0,0	6,4	220	149
346	2	246,91	0,0	230	149
1	0	15,14	1,4	298	149
59	0	110,95	2,0	183	149
359	0	169,95	2,0	240	149
330	1	137,61	0,0	262	149
19	0	68,43	4,2	294	149
2	0	6,1	7,1	257	149
2	2	20,3	0,0	280	149
2	0	13,11	1,6	242	149
2	0	6,2	0,2	234	149
9	0	6,8	2,0	278	149
46	4	23,12	0,0	285	149
8	38	13,2	5,0	176	149
81	2	48,20	0,0	215	149
43	16	47,19	12,15	251	149
89	12	88,57	13,4	298	149
101	4	128,63	0,0	298	149
136	4	154,96	0,0	298	149
97	2	122,71	2,0	298	149
65	2	36,38	2,0	298	149
102	2	72,75	4,12	298	149
52	2	131,99	0,0	206	149
33	1	128,101	1,4	228	149
0	10	11,2	30,58	158	149
14	28	12,28	36,27	298	149
88	0	227,188	2,0	298	149
79	1	42,34	0,2	298	149
58	4	37,29	9,9	298	149
90	0	75,43	3,0	298	149
90	0	54,41	2,0	298	149
88	0	54,65	0,2	298	149
46	0	62,50	0,4	261	149
18	18	44,23	28,26	242	149
6	3	30,14	17,6	242	149
287	0	369,198	2,0	221	149
593	0	970,767	1,0	298	149
4	259	13,4	192,75	244	149
4	259	6,0	192,75	217	149
4	225	1,0	149,93	237	149
259	0	149,115	1,0	241	149
4	67	0,0	42,22	290	149
66	2	89,55	0,0	298	149
78	0	91,42	0,2	270	149
139	2	107,71	0,0	298	149
2	6	10,2	16,12	260	149
2	0	0,6	6,0	215	149
2	6	0,0	2,2	272	149
0	2	0,2	0,0	298	149
0	2	0,2	0,0	298	149
0	2	2,4	0,0	265	149
20	1	3,0	0,0	213	149
2	217	1,0	116,145	193	149
2	217	0,0	116,145	199	149
57	2	54,25	0,0	274	149
2	51	4,2	24,17	217	149
9	51	6,8	24,17	298	149
124	2	125,86	0,0	266	149
80	2	116,64	0,0	249	149
80	0	68,58	2,0	247	149
36	0	84,66	9,6	271	149
18	1	26,20	0,1	298	149
8	2	7,11	0,0	298	149
18	2	13,15	0,0	298	149
10	2	6,4	0,0	298	149
8	2	7,11	0,0	298	149
8	2	7,11	0,0	287	149
1641	0	8,0	1,0	277	149
1550	6	6,3	0,0	238	149
1706	2	4,1	0,0	249	149
116	4	165,93	5,0	260	149
89	0	136,125	0,5	298	149
66	0	48,46	0,6	243	149
12	1	7,6	2,0	298	149
61	4	57,45	0,0	298	149
0	1	4,0	0,0	263	149
2	0	0,0	2,0	277	149
0	2	1,4	6,0	258	149
2	0	0,0	1,0	230	149
2	15	0,0	7,4	219	149
14	0	18,14	0,2	250	149
4	0	4,4	0,2	298	149
15	0	16,20	2,0	298	149
4	73	11,5	34,26	298	149
189	1	86,60	0,2	298	149
152	1	52,34	0,0	283	149
7	0	14,9	2,0	273	149
67	1	48,23	0,0	272	149
86	1	82,36	0,0	287	149
48	0	25,23	3,0	289	149
62	4	56,35	0,0	289	149
28	0	47,23	0,2	289	149
39	0	15,35	0,2	271	149
72	5	35,53	11,8	271	149
35	0	18,17	2,0	271	149
85	2	56,79	0,0	298	149
98	0	99,66	2,0	298	149
65	0	73,42	0,1	228	149
4	20	2,0	15,10	187	149
47	2	41,19	1,1	298	149
0	4	0,2	26,21	239	149
0	4	20,6	26,21	298	149
13	0	63,53	2,0	246	149
0	14	2,0	46,32	236	149
2	0	6,1	2,6	289	149
1	1	2,0	5,0	289	149
3	1	6,10	5,0	298	149
5	1	10,5	2,0	298	149
2	0	6,1	2,0	298	149
0	1	2,3	5,0	298	149
1	0	15,15	2,0	298	149
1	0	12,15	2,0	298	149
2	4	6,9	11,1	298	149
4	1	6,1	0,2	259	149
77	0	79,26	0,2	261	149
121	1	6,5	0,0	298	149
106	2	9,14	0,0	231	149
2	1	0,8	0,0	298	149
49	2	54,36	4,0	298	149
1	3	8,10	2,0	298	149
48	2	46,30	4,0	298	149
0	3	0,4	2,0	298	149
60	0	85,50	0,4	215	149
14	3	43,20	2,0	215	149
1	4	1,0	4,0	298	149
6	0	11,4	0,2	183	149
4	0	9,2	1,0	183	149
20	2	27,6	2,2	218	149
53454	5	64016,57287	4,5	275	149
156	0	84,38	6,2	245	149
84	6	51,18	0,2	296	149
187	10	104,31	0,0	298	149
203	4	119,52	0,0	290	149
76	16	30,18	20,13	296	149
44	24	39,20	22,9	182	149
2	1	0,4	4,5	271	149
0	1140	2,0	419,393	298	149
516	10	117,68	2,0	249	149
228	3	51,42	0,0	249	149
3	307	0,0	69,30	230	149
168	3	40,19	0,0	220	149
465	18	106,49	3,4	220	149
541	0	479,288	0,2	255	149
296	0	235,148	1,0	199	149
211	15	130,53	10,2	281	149
207	0	182,124	0,2	237	149
0	13	2,2	6,8	271	149
56	3	32,28	3,0	249	149
57	0	53,20	2,0	275	149
28	0	32,9	2,0	275	149
24	1	33,8	2,5	275	149
2	1	8,0	2,5	250	149
7	1	9,1	4,0	250	149
9	2	8,8	0,0	217	149
36	4	32,12	0,0	298	149
23	1	6,2	0,0	241	149
39	2	75,79	0,2	298	149
2	2	0,2	4,2	290	149
34	2	41,42	1,0	281	149
34	2	41,40	1,0	298	149
16	63	43,20	72,19	253	149
27	63	45,31	72,19	279	149
18	1	40,21	4,0	279	149
100	1	120,37	4,0	223	149
47	1	53,28	0,0	223	149
117	0	164,66	0,1	241	149
22	1	48,24	0,0	209	149
23	2	46,27	0,0	209	149
2	0	1,0	2,3	287	149
2	1	1,0	0,6	287	149
3	0	17,11	4,0	290	149
17	0	44,63	2,0	293	149
29	0	99,78	2,0	298	149
7	1	15,28	0,0	190	149
40	1	94,87	0,0	297	149
20	135	27,19	119,61	286	149
42	0	111,109	2,0	260	149
78	19	817,167	416,67	250	149
70	14	739,160	78,25	250	149
84	19	859,181	416,67	287	149
85	14	1055,249	78,25	287	149
4	10	4,0	12,17	268	149
40	5	44,14	0,1	266	149
0	37	1,0	83,51	238	149
93	4	89,50	2,0	209	149
72	1	61,36	0,0	298	149
77	0	90,46	2,0	286	149
4	41	7,4	37,20	298	149
0	45	5,3	44,34	263	149
15	16	25,14	21,9	298	149
49	1	106,64	0,0	288	149
101	2	118,125	0,0	240	149
8	2	21,9	2,2	273	149
42	0	76,37	2,0	298	149
56	2	113,62	0,0	298	149
34	2	68,35	0,0	266	149
254	0	108,65	2,0	265	149
1	120	2,0	52,23	252	149
2	2	2,0	4,0	298	149
0	2	7,0	0,0	298	149
0	2	5,0	0,0	298	149
107	1	44,22	0,0	257	149
1	5	6,1	1,2	298	149
9	2	2,4	0,0	242	149
23	2	35,15	1,0	254	149
28	1	20,19	0,2	298	149
27	0	17,11	1,0	272	149
276	0	10,28	0,2	287	149
20	280	0,2	8,32	298	149
106	2	75,70	0,0	298	149
4	1	0,0	1,0	268	149
2	0	0,0	1,0	268	149
0	4	0,2	0,0	167	149
14	0	9,14	0,2	199	149
6	2	5,0	0,0	199	149
21	2	14,6	0,0	298	149
30	1	21,18	3,0	298	149
25	2	31,17	0,0	274	149
4	7	4,1	4,0	199	149
32	1	35,31	4,19	298	149
94	2	157,128	2,0	298	149
57	10	51,19	7,10	298	149
64	10	84,40	7,10	298	149
6	1	18,15	4,4	197	149
142	2	115,102	0,2	298	149
47	0	38,15	2,0	214	149
0	87	7,0	71,58	288	149
107	0	93,84	9,0	237	149
74	0	46,32	0,2	298	149
68	2	57,30	0,0	298	149
396	0	1120,584	15,5	298	149
458	0	1252,745	15,8	287	149
38	2	8,34	0,0	239	149
0	4	2,2	2,2	238	149
112	4	162,91	0,0	200	149
80	0	66,112	0,2	287	149
353	0	313,400	2,2	298	149
2	0	0,0	16,4	225	149
3	5	20,9	0,0	188	149
44	0	79,41	2,0	276	149
8	6	0,0	2,0	268	149
12	0	33,21	1,0	253	149
2	2	1,4	6,2	257	149
145	14	72,37	5,2	241	149
0	1	0,1	4,0	268	149
2	1	10,7	2,0	270	149
1101	10	125,165	2,0	278	149
1635	52	257,231	2,0	298	149
268	654	27,21	185,185	278	149
114	8	12,9	0,0	278	149
1138	8	272,273	0,0	298	149
639	1	102,100	0,0	298	149
105	484	4,6	87,88	298	149
0	30	0,2	17,16	298	149
0	1	7,1	8,6	267	149
44	1	50,14	0,0	298	149
32	13	35,15	19,3	298	149
15	13	6,0	19,3	208	149
14	12	8,2	6,8	208	149
12	0	8,0	4,0	208	149
84	0	65,18	1,0	189	149
2	76	0,0	69,17	216	149
7	2	2,2	0,0	298	149
8	0	2,2	6,3	298	149
8	7	2,2	2,0	298	149
11	76	7,4	69,17	298	149
5	2	5,2	0,0	298	149
3	0	0,0	6,3	245	149
2	76	2,0	69,17	245	149
101	5	58,17	0,0	197	149
57	1	20,5	1,0	195	149
10	2	6,0	17,0	195	149
16	129	6,0	57,10	195	149
0	1	1,0	8,0	189	149
0	2	1,1	17,0	189	149
8	129	5,0	57,10	189	149
48	6	14,2	0,0	189	149
1	2	5,0	17,0	217	149
6	129	4,0	57,10	217	149
2	0	3,0	0,2	217	149
7	40	2,0	7,2	217	149
155	0	84,16	2,0	223	149
6	167	5,0	60,16	219	149
2	31	0,0	44,8	191	149
19	0	41,5	0,2	200	149
0	5	8,0	1,0	268	149
3	11	6,8	26,2	298	149
3	3	8,8	4,0	298	149
108	10	38,16	9,7	251	149
4	0	2,12	2,0	298	149
59	5	102,52	4,4	278	149
13	26	6,14	47,34	245	149
3	0	1,14	2,0	245	149
41	0	63,50	2,0	214	149
21	0	22,20	0,4	214	149
2	3	3,2	7,2	220	149
2	3	1,0	7,2	199	149
2	3	7,8	7,6	246	149
11	0	9,5	1,0	298	149
195	0	175,122	2,0	298	149
142	10	123,90	0,4	236	149
12	17	6,4	23,18	298	149
105	2	68,47	0,0	298	149
61	0	39,12	4,0	229	149
26	0	18,2	4,0	199	149
141	2	99,68	2,0	298	149
40	4	34,16	0,0	224	149
73	0	57,35	2,0	274	149
51	2	35,39	0,0	223	149
55	0	40,53	1,0	224	149
54	0	35,50	2,0	221	149
54	2	68,45	2,0	228	149
2	32	0,0	46,20	298	149
4	446	0,0	861,349	240	149
40	16	61,44	21,5	194	149
63	0	23,15	1,0	230	149
15	1	42,23	0,0	292	149
1	0	2,2	1,0	200	149
0	4	0,2	0,2	265	149
4	0	0,3	10,6	173	149
39	0	57,44	1,0	230	149
22	1	26,60	0,0	298	149
0	23	0,2	23,37	270	149
25	0	15,24	0,2	208	149
354	5	24,239	1,4	290	149
764	1	81,745	0,1	257	149
136	4	47,41	4,0	298	149
176	0	161,78	1,0	232	149
86	0	106,47	6,0	232	149
63	0	73,22	6,0	283	149
158	4	139,60	7,5	283	149
2	93	4,3	94,43	283	149
158	0	180,54	1,0	239	149
159	6	224,56	0,0	278	149
120	3	118,61	0,0	298	149
12	0	6,6	0,2	218	149
12	1	6,4	6,2	218	149
12	4	6,2	1,2	218	149
1	4	6,2	1,2	298	149
2	18	0,0	4,0	272	149
3	18	0,0	4,0	247	149
4	18	0,0	4,0	210	149
1	19	0,0	5,0	212	149
4	9	1,0	2,0	210	149
2	9	0,0	2,0	241	149
7	4	5,2	0,0	244	149
10	4	5,2	0,0	298	149
188	0	75,32	0,1	234	149
45	14	42,10	5,0	298	149
0	8	2,0	1,5	217	149
0	2	2,1	7,0	245	149
4	11	17,5	22,13	298	149
2	21	0,0	79,28	225	149
26	0	79,43	2,0	227	149
16	10	18,2	3,6	282	149
6	0	3,6	2,0	265	149
12	0	9,12	2,0	298	149
12	2	12,0	6,2	187	149
35	1	13,28	0,0	257	149
8	1	4,6	0,0	298	149
313	0	215,111	0,2	278	149
4	0	4,0	0,3	298	149
2	0	4,0	0,2	298	149
2	5	6,6	13,13	268	149
68	1	74,24	0,0	279	149
72	0	59,52	2,0	283	149
22	0	24,16	4,0	216	149
27	0	21,21	2,0	263	149
34	2	21,20	2,2	272	149
21	2	26,18	0,2	248	149
0	15	2,0	25,12	208	149
158	0	142,32	9,2	244	149
98	0	100,56	2,0	275	149
52	0	58,25	1,0	298	149
107	0	130,62	0,2	298	149
3	0	15,6	6,0	298	149
2	57	10,3	84,41	210	149
3	11	7,5	4,4	210	149
81	1	125,64	0,0	239	149
402	1	149,85	0,0	219	149
362	2	109,86	0,0	254	149
13	0	41,14	2,2	204	149
0	14	1,0	46,27	206	149
14	2	22,16	0,0	278	149
3	2	10,7	0,0	223	149
0	2	0,2	0,0	209	149
0	2	0,2	0,0	298	149
2	0	2,0	0,2	298	149
2	0	2,0	0,2	298	149
3	0	1,13	1,0	276	149
0	2	16,10	0,0	298	149
1	0	8,1	0,1	234	149
3	0	7,0	0,1	278	149
7	0	9,4	1,1	278	149
0	35	2,0	86,22	184	149
2	35	12,3	86,22	298	149
99	1	243,94	2,0	298	149
14	1	19,20	0,0	238	149
672	0	360,311	1,0	236	149
824	1	435,413	2,1	217	149
330	1	177,110	0,0	216	149
6024	2	7922,7338	0,0	298	149
60	0	100,59	4,0	193	149
20	1	6,0	2,0	250	149
2	9	0,0	7,0	199	149
4	0	28,12	2,0	255	149
2	0	4,11	0,2	262	149
3	2	17,18	0,0	298	149
6	0	12,19	2,0	298	149
9	11	10,15	2,2	298	149
6	2	6,4	0,0	298	149
19	2	6,6	0,0	298	149
11	0	10,15	2,0	298	149
2	0	13,8	2,0	221	149
4	0	0,0	14,0	298	149
22	0	57,22	0,2	282	149
2	0	0,0	3,4	241	149
317	2	231,49	3,2	298	149
234	1	154,39	0,0	216	149
303	3	201,81	5,0	271	149
5	142	5,0	102,53	228	149
96	0	72,46	1,0	213	149
240	2	188,67	2,0	283	149
20	26	36,6	20,4	251	149
23	26	47,12	20,4	298	149
41	4	85,61	13,8	257	149
30	6	60,57	10,6	298	149
0	12	1,0	34,14	298	149
0	1	1,0	0,0	298	149
77	2	105,54	2,2	266	149
0	18	2,0	54,21	249	149
60	0	96,29	0,1	298	149
1	29	16,7	45,16	200	149
101	0	105,77	4,0	220	149
44	0	71,17	3,4	220	149
70	0	98,27	1,0	247	149
2	0	4,0	2,3	185	149
2	7	0,0	6,0	298	149
9	63	1,2	14,2	298	149
8	0	1,2	2,0	298	149
94	2	29,11	2,0	232	149
51	35	18,10	8,6	218	149
0	60	4,4	24,15	285	149
58	0	21,31	2,0	289	149
3	11	5,4	19,12	278	149
0	25	2,0	23,11	298	149
7	0	26,12	1,0	235	149
27	0	56,24	1,0	231	149
2	11	0,0	36,22	298	149
1	19	2,0	34,23	215	149
1	19	6,0	34,23	226	149
5	19	3,0	34,23	298	149
0	10	2,2	28,19	191	149
1	0	0,0	2,0	216	149
0	7	2,0	10,4	269	149
38	5	54,28	6,2	221	149
0	1	4,6	6,0	229	149
4	1	2,0	0,0	298	149
2	15	7,0	20,18	298	149
4	0	6,0	1,0	298	149
1	1	2,0	9,9	298	149
0	1	3,4	9,9	290	149
0	1	1,0	9,9	298	149
0	1	1,0	9,9	298	149
2	5	0,0	1,4	298	149
119	2	193,87	0,0	267	149
130	0	155,76	0,2	239	149
87	2	180,59	0,0	255	149
98	1	163,85	2,4	227	149
64	0	85,58	0,2	226	149
1	0	6,4	2,0	298	149
16	0	14,10	1,0	206	149
2	16	0,0	12,10	231	149
19	7	20,11	23,13	216	149
5	2	14,2	0,0	243	149
0	2	2,0	4,6	265	149
5	123	8,0	83,33	298	149
5	123	6,0	83,33	298	149
0	5	0,2	6,0	279	149
327	0	201,131	2,0	254	149
54	0	45,40	2,0	246	149
26	0	23,22	0,2	246	149
24	0	38,44	0,2	257	149
53	1	58,62	0,0	257	149
4	0	10,9	0,2	298	149
149	1	76,76	4,0	220	149
2	0	15,15	0,2	298	149
0	2	0,2	10,16	184	149
0	34	8,2	41,12	270	149
4746	5	442,271	0,0	298	149
8667	1	875,472	0,0	298	149
2	0	0,10	2,0	298	149
8	0	5,22	2,0	275	149
2	13	2,0	54,8	298	149
13	4	46,43	4,4	278	149
53	0	122,75	2,0	298	149
34	2	73,49	0,0	298	149
44	2	71,38	0,0	213	149
56	9	104,50	4,1	278	149
39	0	72,19	0,2	248	149
106	0	175,63	1,3	283	149
33	0	31,36	4,0	283	149
0	13	2,0	17,13	283	149
1004	1	67,115	0,0	213	149
152	14	113,80	3,9	282	149
0	69	2,4	545,160	227	149
92	0	211,107	1,0	298	149
28	0	37,15	1,0	251	149
141	0	287,178	3,0	258	149
0	59	1,0	136,91	298	149
0	59	1,0	136,91	298	149
12	71	35,11	146,78	284	149
368	4	360,224	2,0	274	149
283	3	148,94	0,0	207	149
476	8	331,220	4,10	269	149
472	4	362,261	1,0	298	149
230	1	123,104	0,0	259	149
10	88	0,8	35,12	285	149
0	3	2,0	3,0	236	149
0	6	2,0	7,2	236	149
2	6	14,0	7,2	252	149
0	6	10,0	7,2	186	149
6	0	0,0	14,0	197	149
2371	28	474,235	18,7	298	149
2541	65	573,295	29,27	298	149
7	9	2,2	0,0	226	149
24	2	8,4	0,0	289	149
14	0	73,71	0,1	286	149
6	0	74,33	0,1	264	149
10	0	99,64	0,1	274	149
23	1	82,32	0,1	298	149
20	0	113,50	5,2	298	149
6	0	11,6	5,2	245	149
13	6	21,8	41,21	245	149
0	20	2,0	96,62	298	149
39	0	204,102	2,0	298	149
29	4	122,49	2,4	221	149
31	0	85,58	5,6	298	149
45	0	186,91	3,1	247	149
22	4	75,30	13,9	247	149
4	0	236,81	15,6	298	149
9	0	340,136	148,71	298	149
7	0	562,254	2,0	278	149
5	0	469,206	0,2	206	149
3	0	334,93	1,0	292	149
5	0	717,256	7,0	183	149
6	28	2,2	32,10	200	149
23	0	25,21	4,0	258	149
18	1	20,14	0,0	260	149
111	2	175,43	2,2	285	149
69	1	125,21	0,0	241	149
224	7	95,44	0,4	298	149
35	7	23,6	0,4	220	149
56	0	29,42	0,2	202	149
75	2	48,43	1,0	216	149
24	2	9,14	0,0	216	149
59	2	23,17	0,0	298	149
101	1	47,32	0,0	228	149
98	2	77,29	0,0	286	149
88	1	77,27	2,0	227	149
0	2	2,1	38,3	192	149
213	3	0,2	0,0	298	149
121	1	2,0	0,0	268	149
161	0	147,134	2,1	246	149
2	102	0,0	85,30	298	149
26	1	42,13	0,0	298	149
6	1	22,2	0,0	257	149
19	0	40,26	0,4	278	149
9	2	30,6	2,0	250	149
25	0	70,37	4,0	283	149
16	0	52,22	4,0	288	149
2	2	0,0	30,13	248	149
0	2	0,2	14,1	265	149
0	2	2,2	14,1	298	149
14	2	19,15	0,0	236	149
3	3	2,5	4,0	282	149
3	3	4,0	0,0	204	149
57	0	26,22	3,0	261	149
131	3	90,73	0,4	298	149
0	55	10,2	23,22	298	149
129	3	90,73	0,4	298	149
149	3	156,98	1,0	238	149
4	33	13,13	43,43	224	149
3	36	6,2	27,17	224	149
68	2	99,83	3,6	298	149
46	36	43,49	27,17	298	149
16	2	7,17	0,0	298	149
19	36	42,26	27,17	209	149
51	13	95,61	0,6	209	149
274	0	172,107	0,2	257	149
120	4	91,58	4,2	245	149
252	0	156,98	2,2	200	149
7	1	7,14	0,0	290	149
2	19	3,1	13,12	285	149
53	0	32,11	2,0	215	149
38	1	32,22	2,0	225	149
2	16	2,0	16,12	298	149
13	0	9,2	6,0	298	149
29	0	25,14	6,0	298	149
40	2	37,16	0,0	267	149
0	6	5,3	47,87	191	149
19	2	52,75	0,0	255	149
9	0	17,28	26,49	212	149
23	2	62,71	0,0	259	149
4	2	7,0	0,1	293	149
2	2	9,2	1,0	229	149
3	2	3,4	0,0	185	149
4	4	0,4	0,0	195	149
0	12	8,0	8,3	264	149
8	0	13,2	2,0	231	149
0	2	0,2	0,4	278	149
6	2	14,20	0,0	186	149
0	5	0,2	2,2	245	149
2	6	0,0	0,2	298	149
2	6	0,0	0,2	218	149
2	6	0,0	0,2	209	149
13	0	15,17	1,0	298	149
48	2	31,29	0,2	292	149
69	2	50,26	0,0	298	149
62	0	33,15	0,2	211	149
4	246	2,0	39,29	265	149
252	0	51,29	2,2	290	149
1483	1	441,131	2,0	264	149
5	0	13,16	14,14	191	149
2	0	0,0	3,0	276	149
5	18	0,0	4,2	236	149
2	39	0,0	2,2	188	149
2	55	0,0	8,0	241	149
66	2	18,2	0,0	261	149
2	51	0,0	4,1	264	149
0	1	1,2	0,0	281	149
20	10	35,51	27,27	279	149
6	0	2,0	4,0	298	149
8	5	6,2	2,0	203	149
94	0	207,89	2,0	265	149
127	1	217,135	0,0	243	149
63	2	105,95	0,2	229	149
382	1	80,58	1,0	235	149
4	4	0,0	0,1	225	149
70	0	47,29	1,0	246	149
2	1	0,4	0,0	298	149
9	0	14,8	2,0	291	149
17	2	16,9	0,0	291	149
2	1	2,0	2,3	298	149
2	2	9,1	0,0	235	149
3	9	9,4	4,4	235	149
21	1	40,11	0,0	298	149
28	0	68,22	0,4	284	149
64	22	22,11	2,4	224	149
17	2	29,57	4,2	298	149
24	1	19,9	4,0	201	149
3	2	4,5	6,3	201	149
15615	0	4426,6654	0,6	295	149
14440	3	3148,5341	3,0	298	149
12566	0	2865,6249	1,0	298	149
15340	9	4486,6389	2,11	298	149
10408	0	3091,3911	0,2	298	149
9811	1	2229,2813	0,5	298	149
14732	11	5187,7806	6,16	235	149
13833	6	3870,7766	0,2	298	149
62	1	67,43	0,0	242	149
100	1	62,40	0,0	298	149
93	4	82,37	6,0	298	149
111	0	107,63	7,2	288	149
11	12	18,4	16,12	298	149
8	1	10,4	1,0	258	149
10	9	14,2	25,29	268	149
4	4	4,4	10,2	247	149
5	2	13,8	9,6	298	149
43	1	61,45	0,0	254	149
81	7	50,50	12,2	226	149
24	2	24,12	2,0	226	149
48	2	63,29	2,0	292	149
100	2	81,66	4,0	292	149
55	2	67,66	0,0	218	149
158	2	126,81	1,0	292	149
4	99	4,0	83,52	244	149
183	0	111,94	1,0	247	149
115	2	35,47	0,0	277	149
34	2	60,31	0,0	268	149
2	2	4,4	0,0	234	149
2	0	2,2	2,0	218	149
21	4	19,4	4,2	298	149
15	2	17,2	0,0	230	149
0	19	1,0	22,4	298	149
39	4	27,10	0,0	237	149
8	0	7,0	2,4	257	149
1	2	6,4	1,2	206	149
4	2	0,0	2,0	256	149
104	0	114,57	1,0	298	149
90	1	68,47	0,0	286	149
93	0	74,40	0,1	289	149
75	0	44,26	2,0	213	149
5	18	0,4	17,7	216	149
10	1	35,17	3,7	218	149
686	18	102,160	0,4	219	149
958	3	127,118	2,0	298	149
1362	2	79,113	0,0	298	149
20	624	0,0	24,23	252	149
14	2	7,1	2,2	298	149
4	12	13,6	9,2	204	149
1	0	0,0	2,0	230	149
0	3	0,2	2,2	298	149
279	0	302,118	2,0	249	149
266	0	289,126	4,2	194	149
531	2	647,341	0,0	237	149
379	2	380,181	2,0	298	149
164	7	59,61	2,3	258	149
39	0	116,55	2,0	267	149
8	0	14,10	2,0	298	149
23	0	36,19	0,2	284	149
4	7	0,2	9,9	252	149
0	7	0,2	9,9	227	149
7	0	30,35	0,2	273	149
4	2	0,0	7,4	298	149
13	0	17,17	2,0	298	149
75	0	102,112	0,4	282	149
2	0	0,16	0,2	298	149
3	2	1,0	2,0	290	149
3	2	8,0	2,2	222	149
19	0	58,38	2,0	298	149
18	0	37,22	4,2	298	149
24	0	74,32	4,2	254	149
8	2	32,10	0,0	254	149
4	2	11,2	0,0	164	149
22	2	48,24	0,0	164	149
27	0	50,21	1,0	290	149
83	2	43,32	0,0	259	149
5	1	11,12	0,0	267	149
1	56	0,2	28,46	223	149
95	2	49,46	4,4	208	149
2	39	0,0	18,3	187	149
72	2	64,19	4,4	256	149
111	96	82,22	47,46	256	149
390	1	259,127	0,0	298	149
330	2	210,127	0,0	298	149
162	2	91,58	0,0	298	149
304	0	159,87	2,0	224	149
14	4	19,10	0,0	298	149
6	2	13,4	0,0	298	149
0	15	0,1	31,17	267	149
23	7	20,14	17,0	267	149
5	0	16,4	2,2	259	149
2	0	0,0	2,0	298	149
2	0	1,2	4,1	184	149
11	1	24,22	13,6	276	149
51	11	24,16	5,2	245	149
18	11	8,5	5,2	240	149
41	1	36,24	0,0	224	149
46	0	33,28	0,2	221	149
13	0	20,19	0,2	229	149
47	0	45,19	0,4	220	149
35	0	57,33	2,0	230	149
39	1	72,35	0,0	244	149
6	24	6,1	48,25	251	149
37	0	93,52	3,0	221	149
2	0	0,0	0,2	248	149
4	0	7,27	2,2	285	149
249	4	123,55	3,0	227	149
0	2	6,6	0,0	198	149
0	2	2,0	0,0	298	149
0	2	12,14	0,0	284	149
28	0	24,11	0,1	242	149
0	12	2,0	9,5	222	149
14	0	16,12	2,0	275	149
31	1	45,11	0,0	298	149
16	0	15,2	6,8	298	149
11	0	14,12	2,0	298	149
0	7	0,3	4,0	298	149
4	7	1,3	4,0	237	149
1	0	7,3	2,0	179	149
2	0	7,17	2,0	179	149
56	0	67,95	0,1	216	149
17	0	28,32	0,4	298	149
4	0	3,6	3,2	262	149
12	2	20,8	0,0	257	149
49	0	55,26	2,0	230	149
12	3	9,11	3,0	208	149
31	0	21,14	4,0	208	149
4	48	0,0	25,8	221	149
150	2	66,45	2,0	273	149
112	2	61,93	4,2	298	149
43	2	36,28	4,3	298	149
10	0	9,12	1,0	232	149
27	0	32,12	2,0	265	149
4	2	8,10	0,0	205	149
5	0	14,3	4,0	265	149
6	34	14,3	67,20	265	149
2	34	6,0	67,20	266	149
2	1	2,0	0,0	266	149
11	1	6,20	0,0	261	149
9	1	13,24	0,0	248	149
76	0	43,29	2,0	242	149
219	0	176,105	2,0	206	149
167	2	129,80	0,0	298	149
3	11	0,0	12,13	260	149
2	4	6,12	0,0	272	149
13	0	25,24	0,2	246	149
14	0	38,27	2,0	271	149
95	0	66,62	2,0	199	149
65	2	58,38	0,0	209	149
15	2	10,7	0,0	200	149
97	0	103,110	0,1	221	149
3	3	3,0	0,0	221	149
66	3	65,52	0,0	298	149
221	0	223,214	2,0	298	149
61	66	51,41	65,51	241	149
197	66	146,134	65,51	288	149
331	0	296,212	2,0	293	149
2	78	1,2	36,26	283	149
1	0	0,0	0,2	298	149
27	2	30,13	0,0	298	149
1	1	10,6	2,0	287	149
23	2	14,10	0,0	270	149
3	2	4,4	2,1	298	149
6	0	3,0	1,0	298	149
0	13	0,2	16,20	238	149
0	18	1,2	38,8	298	149
357	0	1418,762	0,4	278	149
6	0	3,2	4,2	210	149
161	0	126,73	1,0	298	149
2	63	2,1	56,37	285	149
115	0	63,54	2,0	263	149
124	1	79,50	0,0	242	149
130	4	81,58	0,0	196	149
33	0	21,7	0,2	196	149
2	9	2,0	2,5	298	149
13	86	1,0	32,35	182	149
107	2	81,49	1,2	217	149
58	4	163,99	6,2	193	149
0	37	0,2	63,24	186	149
37	2	1,6	0,0	295	149
101	0	1,12	0,4	233	149
4	13	0,0	0,1	298	149
13	12	4,3	18,15	231	149
105	2	230,156	0,2	264	149
147	1	178,102	0,0	274	149
39	2	63,27	0,0	241	149
150	0	184,97	5,0	255	149
37	2	58,73	0,0	298	149
6	27	4,0	34,44	258	149
50	1	82,74	0,0	265	149
101	2	106,123	0,2	281	149
24	2	16,20	6,2	239	149
57	1	86,43	0,0	263	149
0	45	2,2	43,19	287	149
63	2	132,77	2,6	298	149
27	0	69,59	4,4	298	149
39	1	65,19	2,1	297	149
44	0	46,30	4,4	298	149
79	1	109,43	2,1	298	149
2	7	4,0	3,2	196	149
0	10	2,0	4,2	196	149
175	4	210,111	0,0	298	149
271	2	318,182	4,0	267	149
17	135	9,2	124,89	211	149
0	2	1,0	2,3	167	149
1	3	2,6	13,2	298	149
5	0	13,10	1,0	204	149
0	3	2,0	9,12	237	149
6	0	11,10	2,0	243	149
3	0	4,8	2,0	267	149
9	0	15,10	0,2	250	149
0	1	0,4	0,3	263	149
0	9	0,4	16,7	263	149
1	1	0,6	2,1	296	149
1	9	6,4	16,7	296	149
1	0	0,3	3,0	296	149
1	9	2,3	16,7	298	149
1	9	2,1	16,7	298	149
744	0	576,238	1,0	289	149
869	0	639,256	1,0	294	149
49	2	38,17	0,1	232	149
24	2	12,7	0,0	232	149
30	2	15,4	0,0	241	149
53	0	46,13	2,0	241	149
88	1	51,56	0,0	240	149
112	0	59,23	0,2	257	149
76	0	33,6	2,0	257	149
30	0	44,29	1,0	253	149
34	2	20,12	0,0	253	149
2	2	0,2	12,9	259	149
0	122	3,0	326,145	298	149
2	90	0,0	171,77	283	149
170	2	300,137	0,0	259	149
318	2	216,175	0,0	221	149
1162	1	583,535	0,0	298	149
1	387	0,0	156,130	261	149
2	2	0,4	3,0	298	149
13	2	10,10	2,6	262	149
5	0	6,8	2,0	262	149
1203	1	940,759	0,0	287	149
1	14	0,2	13,17	298	149
30	0	27,22	1,0	298	149
464	1	851,693	0,6	297	149
951	0	1446,927	2,0	288	149
595	0	978,1082	2,0	237	149
1	14	2,0	37,15	298	149
189	1	132,72	0,8	298	149
288	3	239,151	4,0	254	149
174	2	104,80	0,0	203	149
292	5	174,115	8,3	286	149
234	2	143,104	0,0	281	149
295	0	260,117	2,0	298	149
165	2	99,50	0,0	213	149
168	6	140,96	0,0	194	149
15	61	6,2	43,11	298	149
148	12	74,44	0,0	283	149
14	0	0,0	0,2	298	149
140	2	70,29	0,0	251	149
5	12	16,14	23,2	254	149
4	12	3,11	23,2	272	149
60	0	72,38	4,0	241	149
2	6	2,0	6,5	183	149
4	0	0,0	0,2	182	149
2	0	14,0	1,4	197	149
2	0	8,2	4,15	197	149
2	0	13,0	5,2	289	149
5	0	6,2	1,0	298	149
15	0	20,10	1,0	298	149
17	0	82,41	1,0	298	149
22	0	88,41	5,0	298	149
2	0	4,0	1,0	298	149
2	5	8,0	6,2	298	149
0	15	27,7	20,10	298	149
0	15	14,3	20,10	298	149
0	15	12,6	20,10	298	149
5	15	16,2	20,10	273	149
2	0	14,0	23,7	273	149
18	0	8,6	10,0	294	149
22	15	31,27	20,10	298	149
40	0	40,33	10,0	298	149
63	0	39,34	4,0	220	149
16	0	9,8	4,0	298	149
161	0	124,47	2,0	298	149
13157	1	1006,571	1,0	288	149
6603	0	482,302	4,0	288	149
5726	0	520,392	4,0	285	149
12307	40	1043,661	2,0	285	149
4242	7	485,297	0,2	298	149
13194	7	1254,830	0,2	298	149
11568	17	1010,708	3,5	237	149
5492	6	536,380	4,2	237	149
5047	6	527,400	4,2	291	149
11123	21	1004,728	6,6	291	149
1687	0	282,140	2,0	251	149
1710	261	51,26	54,38	177	149
321	85	11,9	2,0	177	149
379	2434	11,9	401,205	177	149
1233	12	33,15	0,0	267	149
1276	70	34,15	0,0	267	149
633	85	75,40	2,0	289	149
2048	2434	187,104	401,205	289	149
1785	12	61,19	0,0	289	149
3207	70	173,83	0,0	289	149
266	2434	53,38	401,205	298	149
348	0	461,282	2,0	298	149
318	0	409,226	1,0	272	149
191	1	242,147	2,0	272	149
192	1	359,148	2,0	298	149
321	0	533,228	4,0	298	149
353	14	502,274	20,9	276	149
22	10	15,5	3,0	291	149
65	0	46,27	2,0	250	149
71	2	61,30	0,0	214	149
4	3	4,2	2,0	296	149
4	68	12,2	42,28	201	149
88	2	71,30	1,0	234	149
8	0	0,4	0,1	256	149
16	2	23,5	0,0	229	149
13	0	18,9	0,1	234	149
32	1	32,32	2,0	234	149
5	2	27,19	0,0	270	149
8	2	1,0	5,2	224	149
12	6	3,2	27,20	224	149
6	6	9,3	27,20	298	149
4	4	4,1	2,2	298	149
110	9	63,38	2,0	250	149
127	0	72,42	2,0	298	149
8	0	37,34	2,0	298	149
1302	3	957,474	0,0	255	149
958	2	669,360	0,0	227	149
2	628	6,2	389,227	241	149
0	628	2,2	389,227	266	149
736	2	507,306	0,0	181	149
196	2	123,67	0,0	201	149
0	3	5,6	0,0	228	149
321	0	276,121	0,2	298	149
196	22	126,44	21,12	298	149
6	2	18,0	0,0	298	149
42	2	27,41	0,0	225	149
98	1	89,53	0,1	267	149
13	1	6,11	0,1	200	149
0	9	1,0	27,11	253	149
12	1	18,27	0,0	250	149
9	2	18,3	0,2	241	149
21	2	27,9	0,2	230	149
28	5	39,10	7,6	233	149
59	0	68,77	2,0	231	149
61	1	63,63	0,0	298	149
10	0	38,18	0,2	233	149
48	2	42,50	0,0	258	149
93	4	93,28	2,0	259	149
0	29	0,1	35,7	298	149
86	5	174,95	8,6	251	149
319	2	243,219	0,2	298	149
280	7	204,112	4,3	298	149
96	64	58,40	86,32	245	149
173	14	154,96	5,5	298	149
14	0	303,97	2,0	298	149
88	0	65,29	1,0	233	149
93	3	72,60	2,0	216	149
4	4	12,3	3,8	191	149
5	3	5,14	15,6	239	149
101	0	197,157	0,1	272	149
75	0	120,86	0,2	248	149
0	22	3,0	42,35	281	149
34	0	25,49	0,1	231	149
10	0	12,16	1,0	231	149
1	0	8,6	1,0	195	149
29	4	22,38	0,0	195	149
4	23	5,0	19,3	194	149
151	8	60,32	1,4	206	149
0	21	4,2	402,41	292	149
0	21	3,2	402,41	294	149
106	0	1556,187	1,0	245	149
60	0	55,41	4,0	216	149
77	0	103,50	2,1	291	149
42	0	86,48	1,1	298	149
32	0	76,41	0,1	224	149
4	15	4,0	27,26	298	149
5	0	4,0	2,0	298	149
7	15	2,0	16,5	298	149
26	5	33,13	0,0	298	149
2	2	2,0	0,0	275	149
10	0	17,19	2,0	298	149
61	5	57,32	0,2	298	149
29	1	23,7	0,0	298	149
9	1	5,9	0,0	274	149
37	3	42,32	0,0	261	149
21	2	16,5	2,0	215	149
0	22	1,2	30,8	196	149
6	0	14,4	4,3	298	149
4	0	10,2	1,0	298	149
0	4	2,2	6,1	298	149
7	0	7,3	1,0	233	149
8	0	7,9	2,0	200	149
1	13	2,2	22,15	298	149
20	0	56,34	2,1	298	149
4	0	27,16	2,1	256	149
645	0	986,774	1,0	298	149
598	0	817,547	2,4	298	149
971	0	1215,654	2,0	298	149
7	404	5,7	593,494	170	149
124	2	168,68	0,0	290	149
24	1	38,15	0,0	216	149
101	1	125,77	0,0	273	149
49	6	58,31	4,3	273	149
75	6	86,59	4,3	274	149
128	1	159,109	0,4	274	149
60	0	102,48	2,0	298	149
60	0	102,46	2,0	298	149
116	0	183,102	2,0	298	149
48	2	91,74	0,0	297	149
62	2	92,51	0,0	194	149
55	2	80,36	0,2	254	149
113	2	150,102	0,4	225	149
131	0	199,134	2,0	215	149
141	6	188,110	3,3	254	149
89	0	106,60	4,2	232	149
86	4	81,44	0,0	233	149
172	0	258,120	0,2	297	149
186	0	227,183	2,1	263	149
159	3	259,161	7,0	232	149
81	1	109,82	2,0	217	149
20	1	45,7	0,2	298	149
10	1	27,17	0,2	228	149
21	2	59,30	2,0	228	149
13	0	20,16	2,0	260	149
48	3	60,33	4,0	250	149
2	0	2,10	2,0	272	149
88	2	43,60	1,0	298	149
21	0	7,24	0,2	235	149
1	0	2,2	2,2	269	149
1	0	0,4	0,2	217	149
36	2	2,0	0,0	298	149
44	0	2,0	2,0	282	149
2	2	2,0	0,0	257	149
144	0	136,48	2,0	248	149
458	2	654,495	0,0	246	149
272	0	484,254	2,0	298	149
40	0	109,51	1,0	219	149
86	2	206,62	1,0	241	149
60	0	170,95	0,4	279	149
5	12	0,1	30,24	176	149
113	2	272,228	5,0	298	149
11	43	6,12	88,50	298	149
13	43	6,4	88,50	298	149
4	43	2,4	88,50	228	149
6	57	4,4	50,24	237	149
5	61	7,0	63,45	223	149
42	1	54,33	0,0	236	149
210	2	222,126	3,0	278	149
127	34	125,74	33,4	246	149
62	0	52,21	2,0	224	149
3	114	3,2	95,25	184	149
155	0	124,40	0,2	248	149
59	1	49,36	4,4	210	149
17	1	25,29	4,4	298	149
5	49	3,2	30,11	233	149
17	2	38,24	2,0	219	149
28	2	35,16	0,0	226	149
9	2	26,23	3,2	206	149
76	0	69,44	2,0	298	149
18	3	43,42	0,0	241	149
226	0	189,148	2,0	261	149
192	0	215,73	2,0	233	149
229	0	230,82	0,1	298	149
127	0	117,54	2,0	282	149
44	90	23,2	68,35	176	149
143	0	124,62	1,0	208	149
244	0	279,200	3,0	298	149
184	1	199,117	1,0	234	149
93	1	114,57	0,0	234	149
1	103	0,2	106,66	275	149
1	1	6,0	0,0	237	149
188	2	172,115	1,2	237	149
68	12	82,43	22,4	237	149
31	12	32,21	22,4	193	149
151	0	128,94	5,0	193	149
12	0	37,27	2,0	298	149
482	0	691,406	2,0	298	149
353	0	642,365	2,0	282	149
2	0	12,18	0,2	282	149
0	9	0,2	24,19	298	149
1	220	0,2	249,85	222	149
479	4	310,119	2,0	298	149
6	4	3,6	1,6	282	149
28	4	59,40	0,0	265	149
0	369	2,0	282,197	202	149
11	140	13,6	80,101	287	149
6	337	6,7	270,363	298	149
931	3	607,522	0,0	215	149
529	4	433,355	6,8	215	149
188	4	160,113	6,8	239	149
7	0	0,1	1,0	221	149
15	320	4,3	316,235	221	149
10	320	2,3	316,235	298	149
0	320	1,0	316,235	204	149
77	87	33,40	33,9	222	149
2	18	0,2	39,18	249	149
4	14	2,5	38,29	242	149
95	0	154,110	0,3	272	149
59	0	102,58	2,0	272	149
88	0	89,99	2,0	251	149
130	6	160,149	17,2	251	149
249	9	386,206	9,13	230	149
64	2	151,73	0,0	209	149
231	0	369,210	7,0	239	149
1	163	9,0	255,170	236	149
245	0	388,222	2,1	267	149
29	0	32,17	2,1	207	149
21	3	45,7	4,1	226	149
7	6	0,4	0,2	298	149
2	104	0,0	89,65	262	149
168	12	133,97	14,11	248	149
181	1	177,72	4,0	262	149
206	15	6,2	1,0	221	149
107	2	1,0	0,0	215	149
12	65	0,0	2,0	298	149
82	2	2,0	0,0	203	149
237	1	188,113	0,0	216	149
8	41	3,4	34,15	298	149
41	2	57,27	2,2	195	149
1	0	1,9	2,0	230	149
222	0	187,108	0,1	256	149
34	5	31,48	2,2	297	149
2	30	0,0	14,14	250	149
4	1	2,2	0,0	196	149
2	3	2,4	2,2	196	149
2	0	2,2	1,0	196	149
6	3	2,0	2,2	298	149
7	0	2,0	0,2	298	149
3	0	2,2	1,0	298	149
1	0	0,0	0,4	242	149
56	31	82,25	14,14	286	149
35	31	58,15	14,14	298	149
5	9	8,6	33,14	251	149
0	2	1,0	4,4	251	149
2	9	8,2	33,14	245	149
2	0	4,2	1,0	245	149
2	1	0,1	0,0	298	149
2	0	0,0	0,2	298	149
16	0	14,11	2,0	199	149
41	6	69,60	8,0	284	149
16	18	26,10	12,3	233	149
5	2	13,2	0,0	196	149
58	3	53,18	5,0	298	149
127	2	113,51	1,0	227	149
8	136	2,2	115,51	246	149
9	210	3,0	102,45	298	149
340	3	269,86	0,0	281	149
194	1	145,51	0,0	281	149
89	1	80,33	0,0	186	149
94	2	62,20	0,0	186	149
55	2	56,19	1,1	186	149
50	2	23,24	0,0	228	149
92	44	55,38	13,1	228	149
167	2	102,26	1,1	252	149
208	3	115,27	7,0	252	149
396	3	271,119	0,0	298	149
6	0	1,0	2,0	260	149
394	5	346,158	4,4	252	149
208	2	208,109	1,2	252	149
61	2	59,35	1,2	252	149
254	12	196,82	2,0	252	149
168	0	123,48	2,0	252	149
66	0	54,40	2,0	248	149
142	0	129,74	2,0	248	149
76	0	74,50	2,0	203	149
71	9	65,41	7,7	290	149
4	24	0,1	20,10	197	149
5	0	55,26	12,2	268	149
56	0	48,12	0,1	190	149
373	2	327,127	0,0	212	149
4	8	2,0	2,1	216	149
35	0	10,8	1,0	179	149
2	28	0,4	12,15	249	149
2	10	0,0	9,13	264	149
149	2	135,74	0,0	207	149
174	2	141,76	2,2	245	149
5	88	0,1	74,49	254	149
55	0	54,23	1,0	206	149
123	0	99,42	1,0	298	149
49	29	25,14	26,10	218	149
32	94	19,13	75,31	257	149
6	2	0,0	2,0	298	149
1	9	2,4	10,10	247	149
1	9	0,0	10,10	199	149
6	1	19,17	0,0	237	149
4	8	2,4	0,2	223	149
6	94	0,0	150,76	298	149
20	94	10,27	150,76	235	149
264	1	875,570	1,2	298	149
94	0	157,82	2,0	298	149
235	0	749,628	2,0	270	149
403	0	1466,1116	7,6	270	149
5	199	10,5	643,375	195	149
350	0	1196,848	1,0	224	149
413	0	1364,966	11,20	296	149
169	4	565,412	1,8	202	149
92	1	257,241	0,0	235	149
434	0	469,173	2,0	277	149
0	174	2,0	50,39	245	149
188	0	82,56	2,0	298	149
13	16	25,17	9,0	250	149
378	0	317,288	2,0	207	149
1208	0	1644,945	2,0	298	149
1773	16	2569,1630	26,11	236	149
85	467	70,70	602,329	298	149
98	5	72,17	12,1	298	149
100	2	74,21	0,0	298	149
111	15	85,25	15,0	298	149
0	163	1,0	166,54	200	149
375	3	315,148	8,0	298	149
419	0	548,304	2,0	296	149
2	140	2,0	128,100	215	149
2	0	7,10	2,0	250	149
0	140	4,0	128,100	298	149
204	3	240,164	5,0	298	149
64	0	97,133	4,0	270	149
60	5	94,131	2,2	254	149
149	0	218,211	4,0	254	149
88	0	142,126	2,0	251	149
2	1	5,6	0,0	298	149
0	15	6,0	37,10	161	149
20	0	72,50	0,1	270	149
18	0	68,48	0,2	218	149
140	0	60,108	0,2	298	149
140	0	60,108	0,2	298	149
50	0	25,27	0,2	262	149
50	8	27,29	2,2	262	149
205	0	87,144	0,2	298	149
65	8	27,36	2,2	298	149
175	8	109,152	2,2	298	149
110	8	82,117	2,2	277	149
110	0	82,115	2,2	277	149
232	0	342,328	0,2	202	149
269	7	153,72	12,0	224	149
1	163	2,0	64,51	185	149
486	4	339,165	0,4	298	149
233	2	134,88	0,0	298	149
8	2	4,11	0,0	263	149
418	3	360,153	2,0	263	149
199	2	168,75	0,0	263	149
194	2	283,106	0,0	278	149
418	8	480,192	5,8	278	149
13	4	25,8	2,0	274	149
26	2	10,2	0,0	298	149
44	7	13,19	2,0	255	149
48	2	15,19	2,0	236	149
65	7	17,28	2,0	236	149
0	37	0,2	2,2	179	149
95	2	7,10	0,0	298	149
80	2	8,1	0,0	298	149
34	19	10,10	40,27	245	149
0	150	0,1	156,58	191	149
3	87	0,2	74,48	222	149
129	2	177,75	0,0	209	149
25	3	17,10	0,0	196	149
1	42	2,2	40,40	205	149
0	1	13,0	0,0	298	149
2	0	2,0	2,4	235	149
8	0	8,11	2,4	262	149
1	0	1,4	0,2	262	149
8	2	8,9	2,0	262	149
19	0	37,29	0,2	298	149
27	1	43,34	1,0	298	149
2	19	0,0	35,25	281	149
1	19	1,0	35,25	255	149
19	1	30,26	1,0	265	149
34	2	44,36	0,0	265	149
0	16	2,0	5,0	298	149
36	14	45,32	19,4	238	149
3	0	0,2	1,0	243	149
0	1	2,0	0,2	298	149
0	1	0,2	0,2	264	149
3	1	2,2	0,2	234	149
25	2	14,8	5,2	266	149
28	2	12,14	5,2	247	149
24	4	12,8	0,0	247	149
106	48	25,36	4,3	284	149
318	4	99,79	1,0	243	149
134	2	55,28	0,0	241	149
335	4	68,39	0,1	279	149
241	5	74,26	0,0	252	149
111	3	23,26	0,1	298	149
3	11	4,0	0,2	298	149
213	1	124,85	0,2	254	149
269	1	140,50	0,0	219	149
256	1	57,27	0,0	278	149
256	0	97,29	1,0	214	149
253	5	73,42	0,0	224	149
218	5	78,22	2,1	280	149
86	5	41,12	2,1	277	149
12	0	17,17	1,0	289	149
0	1	6,0	0,0	298	149
5	2	2,0	0,0	252	149
7	0	4,2	0,2	298	149
1	45	0,0	95,39	298	149
40	2	37,24	0,0	243	149
127	0	149,60	2,4	230	149
114	0	668,574	0,7	274	149
151	1	123,65	2,2	213	149
167	4	69,53	0,0	199	149
296	0	168,99	2,0	222	149
2	206	2,0	108,34	297	149
2	2	0,0	2,0	297	149
100	4	67,29	0,1	215	149
87	15	31,11	5,0	188	149
637	15	232,89	5,0	267	149
94	0	74,31	0,4	230	149
2	146	3,0	66,70	190	149
0	16	2,0	27,21	190	149
0	146	2,0	66,70	297	149
223	16	123,122	27,21	202	149
4	163	0,0	98,103	228	149
2	152	0,0	120,87	210	149
174	0	134,99	0,4	298	149
22	115	3,0	100,63	298	149
113	0	90,52	2,2	234	149
1	4	3,0	3,3	211	149
2	4	3,2	3,3	253	149
129	0	92,72	2,0	298	149
65	2	49,45	0,0	244	149
0	6	1,0	9,2	293	149
44	11	28,17	0,0	259	149
120	0	100,53	2,0	229	149
0	2	2,0	0,2	238	149
1153	2	197,206	0,0	298	149
0	2	0,1	9,6	277	149
0	11	3,9	14,13	298	149
7	16	16,11	24,39	252	149
15	16	22,20	24,39	207	149
51	0	135,84	0,2	293	149
33	0	108,40	0,2	281	149
4	35	0,2	111,45	242	149
0	108	3,0	141,46	298	149
405	4	546,283	0,0	256	149
0	286	0,2	400,186	242	149
0	41	2,0	51,13	207	149
77	331	90,26	261,91	233	149
261	0	218,82	2,0	248	149
710	4	756,286	0,0	276	149
1	0	0,0	0,1	265	149
2	304	0,0	374,163	265	149
0	304	0,1	374,163	267	149
54	2	12,0	0,0	298	149
52	1	24,22	0,0	212	149
3	63	0,0	28,26	298	149
7	26	3,2	22,9	298	149
54	0	38,32	2,0	217	149
98	0	57,62	3,0	217	149
2	0	9,0	3,0	234	149
9	51	9,4	21,34	234	149
34	0	16,15	2,0	204	149
309	2	337,185	0,6	292	149
7	232	5,0	246,137	298	149
321	2	270,162	3,2	293	149
66	0	61,49	2,0	298	149
45	0	65,48	2,0	224	149
49	0	101,66	2,0	208	149
8	1	2,4	0,0	213	149
1	0	0,0	0,2	213	149
19	8	12,4	2,4	271	149
5	2	8,2	0,0	271	149
5	1	8,2	0,0	271	149
5	8	8,2	2,4	298	149
35	0	18,15	0,2	298	149
16	2	9,4	0,0	298	149
42	1	20,19	0,0	298	149
1	1	1,2	0,0	298	149
1	0	1,2	0,2	195	149
3	1	1,2	0,0	195	149
9	34	8,2	18,15	195	149
0	2	2,2	0,2	195	149
2	34	0,0	18,15	180	149
2	11	0,0	6,2	180	149
49	2	52,52	0,2	217	149
28	0	39,39	0,2	217	149
3	2	2,2	0,0	246	149
15	2	7,11	0,0	298	149
138	0	869,436	0,2	298	149
87	1	454,295	1,0	298	149
14	0	75,104	1,0	298	149
132	0	601,462	1,0	298	149
9	0	4,14	0,1	243	149
5	266	0,4	147,78	225	149
24	0	33,45	0,2	178	149
1149	13	883,538	9,2	253	149
173	1	112,90	0,0	187	149
1701	1	1109,984	0,0	260	149
5146	1	2771,2798	0,0	298	149
6029	1	3244,3190	2,4	259	149
2804	1	1539,1668	2,4	251	149
367	0	229,132	2,0	236	149
0	51	2,0	97,59	181	149
23	0	32,43	0,2	298	149
68	3	161,115	0,2	257	149
0	22	2,2	8,14	298	149
95	3	55,55	2,0	298	149
0	1	0,2	0,0	298	149
16	80	16,23	128,50	224	149
5	0	9,7	3,0	224	149
10	71	8,0	78,22	230	149
105	0	181,93	2,0	240	149
142	0	195,62	0,2	293	149
246	8	197,132	0,0	294	149
11	0	20,16	1,0	242	149
2	0	0,0	2,0	188	149
2	4	8,6	13,8	191	149
4	2	10,4	4,0	298	149
2	18	8,4	16,3	233	149
1	0	6,2	2,0	233	149
18	0	16,3	2,0	189	149
401	0	424,180	1,0	295	149
372	0	500,309	2,0	287	149
19	2	28,24	0,0	227	149
22	11	19,20	5,0	270	149
0	3	4,0	2,1	298	149
7	0	8,22	0,2	266	149
7	0	14,12	3,0	282	149
5	5	4,4	2,4	254	149
2	0	6,6	2,0	251	149
6	0	14,10	2,0	298	149
6	0	10,6	2,0	259	149
13	16	26,15	26,33	261	149
10	16	4,12	39,32	274	149
18	0	32,32	2,0	251	149
37	0	75,58	2,0	255	149
1	8	2,6	8,4	298	149
0	2	2,0	4,5	298	149
6	2	8,2	0,0	298	149
6	2	8,2	0,0	298	149
8	4	8,3	2,0	298	149
125	0	75,70	1,0	176	149
0	113	2,0	69,62	221	149
204	2	144,57	0,0	269	149
5	3	2,0	2,2	228	149
4	43	1,2	25,42	269	149
69	3	48,46	8,4	256	149
87	2	111,50	2,2	271	149
116	1	140,78	0,0	298	149
34	2	31,26	3,0	267	149
18	76	8,7	57,27	213	149
436	1	111,71	0,0	298	149
449	0	121,89	0,2	290	149
381	0	166,129	0,2	298	149
5	10	0,4	13,3	247	149
87	0	123,119	2,0	298	149
180	18	206,209	10,2	298	149
87	1	123,119	0,0	298	149
85	2	124,122	0,2	298	149
119	1	90,38	0,0	252	149
16	2	10,2	0,2	252	149
198	2	162,123	0,0	252	149
77	0	67,76	1,3	252	149
76	2	100,66	0,2	270	149
77	0	100,66	1,3	270	149
14	601	0,0	168,197	298	149
1	58	17,0	48,24	267	149
3	5	0,0	11,12	287	149
0	11	3,0	11,10	271	149
0	11	2,2	11,10	217	149
166	0	189,154	2,0	298	149
17	166	12,7	189,154	254	149
1	56	0,0	82,56	223	149
113	0	117,27	1,0	197	149
4	2	4,12	4,3	200	149
4	0	0,13	4,0	200	149
60	4	26,36	0,1	246	149
153	1	63,48	0,0	282	149
150	0	68,56	0,2	259	149
188	0	116,79	2,0	248	149
216	1	136,73	0,0	298	149
106	2	55,31	0,0	181	149
3	0	4,2	1,4	206	149
146	3	172,76	0,2	161	149
169	1	194,79	0,0	196	149
200	2	183,110	2,0	269	149
4	53	4,0	103,41	185	149
17	2	46,27	2,0	241	149
170	0	316,143	2,0	261	149
131	0	192,123	5,6	221	149
42	2	63,36	0,0	221	149
2	91	0,0	135,89	290	149
95	2	173,70	0,0	257	149
185	2	303,152	4,2	257	149
9	9	17,9	3,2	182	149
12	2	11,4	0,0	250	149
4	9	2,6	8,4	250	149
4	2	2,0	0,0	250	149
12	2	9,4	0,6	298	149
89	0	70,61	0,2	265	149
109	2	49,46	0,0	298	149
6	109	2,0	49,44	185	149
92	1	93,44	4,0	298	149
4	46	4,0	31,21	194	149
103	2	123,51	10,4	257	149
62	1	84,30	0,0	277	149
5	10	2,0	5,2	199	149
2	0	22,4	2,0	241	149
0	2	2,0	0,2	288	149
360	2	407,193	0,4	298	149
263	4	362,206	0,0	294	149
509	3	662,345	2,0	298	149
500	0	610,294	2,0	295	149
5	153	2,0	205,95	298	149
2	153	2,0	205,95	298	149
433	11	305,88	4,0	298	149
357	4	198,102	0,2	245	149
2	8	0,0	10,12	259	149
2	8	0,0	10,12	246	149
5	0	6,12	3,2	236	149
5	2	40,14	0,0	298	149
11	0	17,7	4,0	298	149
9	0	13,5	2,0	298	149
14	0	31,7	2,0	298	149
0	3	6,2	7,2	295	149
7	0	25,23	8,2	298	149
106	4	46,48	0,0	240	149
1221	0	604,484	2,0	281	149
48	0	34,19	2,0	256	149
71	0	49,26	2,0	298	149
94	0	130,44	5,0	298	149
17	26	2,2	12,11	298	149
2	460	0,0	5,4	298	149
345	9	1,1	0,0	298	149
874	4	7,6	0,0	254	149
842	2	5,7	0,0	252	149
748	1	1,1	0,0	213	149
1339	3	7,14	0,0	298	149
1031	4	4,1	0,0	298	149
748	15	1,0	0,0	252	149
14	6	0,6	2,4	281	149
33	0	3,0	0,2	245	149
9527	1	8,60	0,0	298	149
468	1	1,0	0,0	298	149
17139	2	56,89	0,0	298	149
4391	2	16,25	0,0	298	149
7	22513	0,0	68,147	210	149
22	1	93,34	2,0	298	149
8	0	6,0	2,0	264	149
5	4	22,15	0,0	266	149
1	6	2,4	10,14	182	149
67	0	33,19	1,0	298	149
68	0	33,19	1,0	237	149
39	0	30,11	2,0	298	149
92	0	190,212	2,0	266	149
67	0	84,127	0,4	253	149
16	0	6,15	1,0	298	149
175	0	352,205	8,2	274	149
149	0	287,130	3,2	291	149
137	0	156,98	1,0	228	149
278	2	399,241	0,0	289	149
242	1	313,144	0,0	258	149
0	26	2,0	39,2	298	149
44	0	45,21	0,4	222	149
49	0	31,20	3,0	236	149
9	7	9,6	6,2	211	149
22	2	16,11	0,0	195	149
22	4	22,9	3,0	298	149
72	2	72,56	0,0	298	149
0	39	4,0	34,20	221	149
58	2	51,46	0,2	298	149
29	0	22,28	0,2	298	149
37	0	22,9	0,2	261	149
66	2	51,25	0,0	261	149
45	2	53,25	0,0	279	149
61	10	2,0	2,2	272	149
49	32	4,0	2,0	298	149
126	2	20,4	0,0	264	149
59	1	122,39	0,0	245	149
54	0	78,56	1,0	216	149
11	11	10,7	51,38	236	149
9	15	15,3	7,2	298	149
675	0	643,377	2,0	298	149
661	0	630,484	2,1	298	149
635	0	722,531	2,0	279	149
645	4	673,401	0,4	278	149
584	0	534,339	2,0	264	149
392	3	376,334	4,9	241	149
18	0	18,15	0,2	214	149
5	0	2,6	2,0	251	149
2	0	0,0	2,0	238	149
23	2	16,14	0,0	298	149
0	9	2,0	36,23	298	149
2	1	0,1	0,0	279	149
0	9	0,3	36,23	279	149
2	9	2,0	36,23	298	149
0	2	1,0	6,5	245	149
5	6	12,7	9,8	227	149
2	2	2,3	4,0	227	149
0	2	1,0	0,0	298	149
0	2	4,0	0,4	267	149
2	0	0,0	2,0	298	149
0	1	6,1	0,0	275	149
1	2	0,0	0,4	298	149
82	0	112,130	2,13	197	149
77	64	108,74	98,91	242	149
2	2	0,3	2,0	248	149
2	44	0,0	73,44	176	149
11	44	0,3	73,44	179	149
58	1	73,45	0,0	177	149
1	16	5,8	4,14	285	149
2	16	9,7	4,14	280	149
62	0	140,57	0,2	283	149
42	2	692,814	1,2	269	149
19	4	413,440	20,12	269	149
15	4	160,196	20,12	269	149
36	0	438,571	0,4	269	149
0	2	4,1	38,41	270	149
0	2	4,1	38,41	298	149
2	0	38,35	11,21	190	149
2	0	3,3	2,4	173	149
2	0	3,3	2,4	218	149
2	0	3,3	2,4	251	149
2	0	3,3	2,4	298	149
2	30	2,2	6,4	245	149
37	0	20,9	2,0	218	149
2	12	0,0	3,0	298	149
2	0	13,13	0,2	239	149
0	2	0,2	0,0	273	149
2	83	0,1	43,26	249	149
2	0	0,8	0,6	263	149
15	16	18,8	26,25	223	149
2	13	0,2	14,8	290	149
5	2	0,0	0,2	266	149
0	34	2,4	24,12	238	149
2	32	0,0	27,18	220	149
91	0	91,67	4,0	267	149
68	0	119,63	3,0	298	149
4	21	5,0	51,46	264	149
1	23	3,0	12,2	253	149
43	1	44,20	0,0	281	149
19	0	26,10	1,0	242	149
16	0	32,16	4,2	261	149
2	7	0,0	5,4	200	149
6	2	4,4	3,2	202	149
40	25	5,6	44,7	161	149
12	0	7,10	0,1	267	149
68	0	49,59	0,2	298	149
0	100	0,2	97,37	212	149
157	1	143,64	0,0	237	149
0	6	0,1	0,0	240	149
2	44	0,2	16,13	239	149
49	0	54,38	2,0	288	149
63	6	16,21	4,0	298	149
62	1	11,4	0,0	298	149
10	56	2,1	7,4	206	149
51	2	8,23	0,0	298	149
88	6	25,9	0,0	298	149
18	6	6,4	3,2	298	149
6	0	16,8	2,0	291	149
2	20	0,0	12,4	236	149
2	223	4,4	135,79	209	149
233	2	115,85	0,0	250	149
1	1	7,6	52,26	243	149
0	2	10,2	61,49	298	149
4	0	70,62	2,0	248	149
5	1	74,55	5,10	287	149
2	0	12,13	105,61	298	149
0	2	2,0	0,0	189	149
0	12	0,1	7,0	286	149
0	12	2,0	7,0	271	149
0	40	2,0	10,4	234	149
4	0	8,12	1,6	266	149
4	0	28,23	4,0	236	149
13	0	39,13	1,0	200	149
6	9	4,8	32,13	199	149
44	1	75,26	0,0	243	149
13	3	29,5	3,4	219	149
49	3	94,49	2,0	285	149
0	13	2,0	26,17	266	149
20	1	20,18	1,0	239	149
20	3	25,23	0,0	298	149
176	2	224,94	0,0	248	149
183	2	229,126	0,0	218	149
16	0	26,20	0,1	251	149
2	24	2,0	12,20	298	149
595	0	211,134	2,0	262	149
699	1	189,128	2,0	237	149
26	0	24,25	2,0	250	149
216	21	7,6	0,5	298	149
230	21	7,6	0,5	285	149
29	2	25,19	7,8	188	149
12	8	9,7	8,5	188	149
6	8	7,11	8,5	210	149
21	2	18,19	2,2	210	149
8	2	11,7	2,2	232	149
49	8	59,42	6,3	197	149
257	5	163,92	0,0	298	149
277	1	197,96	0,0	273	149
143	0	132,71	8,0	244	149
157	1	117,77	0,0	298	149
1	1	4,4	0,0	279	149
0	3	4,4	6,2	279	149
44	7	62,50	0,0	280	149
192	4	187,115	2,0	282	149
130	2	88,37	0,0	298	149
277	0	326,162	1,2	298	149
133	2	168,88	0,0	298	149
2	2	1,2	0,0	298	149
152	6	160,77	2,3	298	149
163	2	170,112	0,0	267	149
43	2	39,28	0,0	286	149
18	9	13,6	3,6	194	149
65	2	75,39	0,0	207	149
27	59	29,17	38,27	218	149
71	13	66,51	12,16	257	149
11	10	7,1	6,4	176	149
68	2	43,22	1,2	298	149
38	2	20,14	1,2	298	149
64	0	31,38	0,2	248	149
0	27	0,2	17,10	298	149
39	2	19,25	1,0	298	149
87	2	33,45	1,0	298	149
59	2	17,25	0,0	298	149
16	0	62,169	1,0	212	149
20	0	41,30	2,0	240	149
3	2	3,6	0,0	221	149
4	0	3,5	4,0	298	149
4	0	3,2	4,0	298	149
2	0	2,4	4,4	265	149
17	2	3,2	0,0	261	149
8	2	8,6	0,3	223	149
4	0	10,2	2,1	243	149
0	354	1,2	518,264	217	149
64	0	23,8	0,1	298	149
39	0	12,8	0,1	246	149
179	0	60,36	1,0	286	149
2	87	0,0	38,12	204	149
94	2	18,20	0,0	298	149
3	15	5,1	22,8	260	149
30	0	38,24	0,1	298	149
34	2	47,31	0,3	196	149
59	18	94,60	17,12	234	149
0	1	0,2	2,6	270	149
10	1	9,7	2,6	191	149
0	1	2,0	18,6	298	149
186	2	84,92	0,0	298	149
2	0	17,8	2,0	240	149
1	0	0,0	0,2	247	149
0	7	2,10	3,0	276	149
2	2	0,4	0,0	285	149
202	508	31,23	202,229	255	149
109	2	22,15	2,2	255	149
783	2	299,341	2,2	268	149
476	1	184,219	0,0	268	149
377	2	111,123	3,0	268	149
839	1	275,283	2,2	258	149
25	616	6,8	312,433	268	149
1059	4	495,697	0,1	206	149
1010	0	430,597	4,0	195	149
9	3	2,0	0,0	298	149
4	2	0,6	0,0	218	149
4	1	26,8	0,0	178	149
0	3	8,7	23,7	222	149
3	0	17,7	0,1	178	149
1	4	0,1	29,9	217	149
5	0	21,8	2,0	287	149
9	0	50,16	3,0	287	149
4	4	33,6	15,3	256	149
10	0	111,102	6,9	298	149
112	1	53,92	0,2	191	149
3910	0	2465,1913	1,0	235	149
1211	0	722,551	1,0	298	149
7	0	19,16	2,0	298	149
10	4	16,3	1,0	216	149
14	4	21,13	0,0	298	149
80	1	149,57	6,1	239	149
24	0	47,52	2,0	298	149
70	33	53,26	21,4	203	149
2	69	2,0	46,32	229	149
2	5	0,0	17,1	267	149
29	1	20,17	1,0	194	149
51	0	41,19	2,0	237	149
21	4	24,17	0,0	298	149
30	5	23,24	5,0	218	149
50	3	51,45	0,0	298	149
95	2	83,33	0,0	298	149
3	51	2,0	41,23	298	149
42	3	21,9	2,0	265	149
16	0	10,3	1,0	212	149
11	2	20,0	0,0	298	149
2	2	11,0	0,0	298	149
0	2	7,2	0,0	298	149
11	0	5,5	5,2	298	149
3	8	10,0	9,1	298	149
6	2	20,2	0,0	224	149
2	0	2,0	0,1	237	149
4	7	2,0	4,0	298	149
7	0	5,2	1,0	295	149
3	3	13,2	2,2	226	149
1	0	0,0	2,2	298	149
1	2	2,0	0,6	298	149
0	2	5,2	6,0	240	149
5	2	1,9	0,0	228	149
3	0	1,5	2,1	228	149
2	2	9,14	4,2	298	149
1	1	1,2	0,0	281	149
5	0	2,2	4,3	298	149
2	0	8,3	1,0	298	149
0	1	2,4	0,0	242	149
4	0	2,2	4,0	242	149
4	0	5,5	1,0	298	149
0	1	1,0	1,5	298	149
185	2	73,93	0,0	222	149
144	0	36,61	3,0	265	149
0	20	2,0	20,16	222	149
73	5	54,34	0,0	152	149
1	4	2,2	4,2	173	149
3	46	8,14	75,50	173	149
1	23	0,0	68,53	257	149
2	2	2,0	0,0	195	149
2	34	6,2	23,14	271	149
21	6	20,11	0,0	298	149
9	0	19,2	1,0	298	149
3	3	0,0	4,2	298	149
3	2	4,2	0,0	298	149
1	0	0,2	2,2	222	149
1	23	0,0	27,14	271	149
35	6	29,19	1,0	218	149
106	6	117,55	1,0	288	149
0	42	1,0	55,24	298	149
43	2	66,19	0,0	298	149
27	2	37,32	0,0	283	149
71	2	95,53	0,0	298	149
20	0	12,7	1,0	289	149
9	3	1,3	5,0	205	149
1	25	4,3	12,2	186	149
13	0	13,22	2,0	221	149
0	64	1,0	126,88	271	149
17	0	14,12	0,2	202	149
2	1	8,4	2,4	298	149
4	15	20,4	13,8	298	149
1	4	2,4	1,0	298	149
7	15	8,12	13,8	298	149
6	2	6,8	12,0	298	149
11	12	10,13	2,0	298	149
4	15	1,6	13,8	222	149
0	6	0,6	6,8	222	149
5	0	8,4	0,2	298	149
7	0	10,8	0,2	287	149
6	0	1,2	0,4	298	149
188	5	28,30	0,2	262	149
169	7	49,47	0,0	298	149
69	2	20,25	0,0	289	149
234	1	161,91	0,0	263	149
9	0	3,0	2,0	210	149
7	0	2,2	2,0	245	149
2	3	4,2	2,1	197	149
1	0	4,2	2,0	197	149
4	9	1,0	9,6	298	149
4	7	2,2	10,9	216	149
51	9	53,40	10,12	295	149
23	2	35,22	0,0	224	149
66	2	72,43	0,0	298	149
63	1	44,40	3,0	245	149
10	1	5,9	0,0	298	149
1	12	0,0	13,18	277	149
4	11	4,5	13,6	284	149
3	0	6,3	0,2	284	149
25	1	21,20	0,0	240	149
12	0	8,3	2,0	298	149
1	0	0,3	2,0	298	149
22	0	17,12	2,0	264	149
15	0	12,8	0,2	260	149
149	0	41,28	2,0	256	149
27	0	1,5	2,0	241	149
20	0	24,13	1,0	268	149
19	0	74,46	4,0	298	149
17	0	44,55	2,0	298	149
7	2	20,21	0,0	298	149
12	0	8,10	10,0	233	149
28	2	31,29	0,0	298	149
8	2	26,16	6,2	278	149
1	0	0,2	1,0	251	149
3	1	0,2	7,2	251	149
0	1	1,0	7,2	170	149
108	2	134,113	0,0	206	149
116	0	150,124	2,0	251	149
66	0	75,68	2,0	277	149
53	2	0,9	0,0	241	149
15	0	20,14	1,2	234	149
6	0	44,7	2,0	298	149
13	0	53,15	2,0	215	149
2	0	8,11	2,0	223	149
2	0	22,9	1,0	269	149
2	0	7,8	0,5	269	149
2	0	13,20	0,5	296	149
1	0	16,7	2,0	298	149
2	0	4,6	2,0	298	149
2	3	0,0	3,6	237	149
170	0	404,226	0,2	285	149
131	3	238,94	6,4	191	149
39	0	41,38	3,0	191	149
47	0	102,47	3,0	194	149
146	10	301,114	14,14	194	149
146	6	367,179	2,2	194	149
8	0	0,0	2,0	206	149
71	18	219,86	0,0	188	149
217	18	424,191	0,0	191	149
169	90	460,217	24,22	206	149
338	30	663,324	47,42	278	149
28	116	31,1	198,102	194	149
10	0	10,15	1,2	232	149
0	8	13,2	4,6	230	149
8	0	4,6	0,2	268	149
3	12	0,3	0,2	214	149
0	14	2,3	10,4	214	149
3	2	0,3	2,2	214	149
2	3	2,1	6,1	214	149
19	13	11,9	11,13	298	149
2	4	2,0	3,2	298	149
265	4	164,124	5,2	298	149
261	4	174,131	3,2	298	149
267	2	174,127	2,0	298	149
352	0	263,170	0,2	224	149
136	3	37,19	0,0	257	149
111	0	101,97	2,0	298	149
53	0	63,32	2,0	298	149
128	0	80,93	1,0	298	149
70	0	39,13	2,4	298	149
11	95	3,2	26,25	287	149
97	0	31,42	2,0	298	149
22	2	8,0	5,0	242	149
8	6	0,2	2,0	242	149
15	2	1,2	0,2	257	149
18	0	21,12	2,3	277	149
35	0	40,17	0,3	184	149
137	4	109,87	3,0	298	149
114	1	87,44	0,0	298	149
23	0	45,24	4,0	298	149
23	0	34,23	2,0	298	149
28	6	39,24	0,0	298	149
2	23	0,0	34,23	225	149
2	39	0,0	77,27	298	149
4	39	2,4	77,27	256	149
64	0	111,36	2,4	253	149
34	0	35,20	0,2	194	149
56	2	67,68	0,0	252	149
92	2	89,107	0,0	189	149
2	2	0,0	2,2	239	149
1	2	0,0	2,2	263	149
2	6	4,10	0,6	191	149
1	0	3,17	3,0	265	149
0	2	1,2	11,3	190	149
9	0	16,14	0,2	247	149
4	4	0,1	3,4	247	149
4	0	0,1	1,0	247	149
4	0	3,4	1,0	217	149
1	2	2,2	0,0	294	149
2	15	8,4	23,3	185	149
6	0	30,8	2,0	298	149
7	0	42,11	0,1	298	149
97	0	93,84	2,4	243	149
65	0	65,63	2,4	239	149
52	0	42,38	2,4	221	149
0	382	2,0	17,15	221	149
51	0	14,29	0,2	298	149
69	0	37,44	0,2	298	149
18	0	23,15	0,2	298	149
18	0	23,15	0,2	298	149
5	2	12,0	0,0	298	149
12	24	1,0	1,2	288	149
6	63	0,0	15,6	288	149
46	63	3,4	15,6	198	149
8	63	4,1	15,6	238	149
8	51	4,1	4,4	238	149
952	2	456,236	1,0	286	149
853	7	389,199	8,4	253	149
437	0	180,91	0,2	203	149
528	60	238,98	9,11	298	149
665	13	209,125	2,4	298	149
720	16	272,157	0,2	298	149
596	5	235,110	8,2	271	149
2	0	14,7	12,4	269	149
2	1	0,0	9,2	296	149
0	4	2,3	1,4	283	149
34	8	21,13	2,2	298	149
3	2	4,2	0,0	230	149
18	2	6,11	0,0	233	149
2	2	0,0	0,2	192	149
2	7	0,0	0,7	198	149
443	16	266,423	2,4	244	149
295	3	139,176	3,2	275	149
5	27	0,0	15,15	267	149
133	2	156,51	9,0	252	149
4	24	3,0	30,22	192	149
2	4	0,0	2,0	204	149
4	2	12,3	6,0	253	149
6	2	16,3	0,1	253	149
2	8	2,0	14,3	212	149
2	9	3,0	4,2	250	149
76	0	147,164	2,1	298	149
103	0	172,186	2,2	240	149
43	0	78,58	0,1	298	149
41	4	90,70	4,2	250	149
2	4	0,8	4,2	219	149
2	27	0,10	65,48	219	149
12	2	12,13	0,0	209	149
95	2	146,37	3,0	212	149
8	64	8,6	90,32	298	149
12	64	2,3	90,32	236	149
143	0	128,81	2,0	282	149
150	0	156,86	4,0	298	149
4	0	0,0	2,2	264	149
200	0	155,135	1,0	298	149
199	3	122,148	1,0	243	149
242	0	298,289	2,0	277	149
273	2	382,303	0,0	252	149
304	0	191,140	0,2	230	149
224	2	126,55	0,0	209	149
208	0	147,102	0,3	242	149
121	2	97,67	0,0	207	149
66	0	65,57	0,2	268	149
6	4	6,10	0,2	298	149
114	0	164,74	0,2	207	149
40	2	44,29	0,0	207	149
1	74	2,0	120,55	203	149
9	2	9,10	0,0	226	149
1	0	3,4	2,0	226	149
57	0	88,45	1,8	226	149
97	18	169,54	17,14	209	149
31	1	69,28	3,4	209	149
36	0	54,25	2,0	218	149
52	1	71,37	3,4	218	149
103	4	149,53	4,4	218	149
30	0	53,16	0,2	218	149
20	0	24,12	2,0	247	149
20	2	28,14	0,4	247	149
109	5	82,47	1,0	247	149
1	10	0,0	24,6	247	149
1	0	0,0	1,0	247	149
124	0	126,158	7,0	224	149
28	1	30,12	0,0	220	149
130	1	80,47	0,0	298	149
65	1	70,35	6,0	275	149
70	5	65,29	4,10	297	149
2	6	3,7	14,10	203	149
128	0	272,136	6,0	219	149
119	0	210,109	2,0	233	149
12	1	35,20	0,0	177	149
35	3	110,60	3,4	218	149
2	2	0,0	6,4	298	149
4	0	0,2	0,2	298	149
52	0	75,19	2,0	193	149
84	2	108,41	0,0	298	149
62	2	102,29	10,12	298	149
35	5	55,18	7,0	298	149
33	5	83,47	7,0	298	149
60	2	122,46	2,0	298	149
29	2	74,26	0,0	245	149
18	3	60,23	13,4	199	149
0	55	6,0	32,16	298	149
8	24	2,2	32,23	239	149
6	24	4,2	32,23	227	149
0	62	2,0	73,45	210	149
90	2	112,80	0,0	298	149
5	48	2,2	62,25	272	149
59	1	86,41	0,0	298	149
101	2	184,166	0,0	270	149
29	0	57,30	0,1	287	149
0	8	0,2	8,17	219	149
10	2	7,17	0,0	222	149
2	6	6,7	0,0	259	149
6	6	2,3	0,0	262	149
3828	10	370,237	0,0	251	149
669	2164	25,28	202,81	269	149
63	0	27,28	2,0	251	149
193	0	110,121	0,2	257	149
114	4	60,37	2,0	269	149
4	8	9,0	8,2	212	149
4	6	0,3	0,2	252	149
7	6	0,3	0,2	298	149
5	6	0,3	0,2	298	149
1	59	2,0	114,49	247	149
150	0	294,186	0,2	267	149
110	0	297,159	2,0	272	149
56	2	73,47	0,0	204	149
0	9	2,1	22,8	298	149
11	13	0,0	4,8	280	149
5	0	74,46	2,2	276	149
20	0	127,40	1,0	298	149
0	2	0,1	41,18	180	149
2	15	0,2	60,17	211	149
18	15	25,15	60,17	196	149
4	111	2,0	138,54	229	149
171	0	280,126	2,0	298	149
143	2	223,109	1,2	275	149
4	997	0,0	104,108	199	149
1358	6	150,147	0,0	298	149
36	585	0,4	78,67	246	149
56	2	67,26	0,0	203	149
3	0	1,0	2,0	203	149
56	0	54,22	2,0	224	149
109	1	126,48	1,0	224	149
220	2	235,147	0,0	296	149
98	2	182,95	0,0	236	149
46	0	64,25	0,4	237	149
191	0	189,183	2,1	282	149
46	0	15,13	2,0	272	149
61	6	114,33	0,0	234	149
0	16	4,0	15,8	193	149
0	21	1,0	47,12	193	149
25	21	39,19	47,12	212	149
9	0	28,11	1,0	212	149
163	2	116,87	0,0	244	149
194	4	97,67	0,0	282	149
30	0	20,11	3,5	298	149
4	8	2,0	2,0	228	149
0	2	2,4	0,0	218	149
0	2	0,2	0,0	214	149
0	1	0,2	0,0	214	149
0	2	0,2	0,0	243	149
2	3	0,6	30,10	267	149
55	0	32,19	0,2	277	149
115	1	42,37	0,0	244	149
96	2	73,29	1,1	242	149
125	2	59,33	1,0	236	149
114	0	106,63	0,1	249	149
129	3	71,55	0,0	298	149
95	22	39,15	28,16	227	149
2171	6	16,12	2,0	297	149
3045	1	15,4	0,0	298	149
0	2	3,9	62,20	242	149
2	0	57,22	2,0	242	149
5	0	188,116	3,1	254	149
2	0	0,0	2,0	254	149
80	0	96,21	2,4	298	149
106	0	121,71	1,0	298	149
99	0	98,92	2,0	232	149
65	2	24,13	0,0	234	149
29	2	19,14	0,0	239	149
1	19	0,0	48,27	195	149
84	0	73,59	4,2	298	149
0	149	2,0	251,198	246	149
138	9	184,74	6,8	279	149
142	2	178,67	2,0	298	149
48	2	48,16	0,0	259	149
0	24	0,1	42,48	239	149
1	17	0,0	28,21	200	149
5	0	12,0	2,0	298	149
3	0	10,1	2,0	260	149
176	0	115,78	0,2	231	149
10	0	51,39	1,0	289	149
10	0	43,34	1,0	286	149
0	2	2,0	7,0	298	149
55	0	108,102	2,0	232	149
165	0	5,5	2,0	205	149
2	157	0,0	3,5	274	149
288	1	10,6	0,0	227	149
13	49	18,47	18,27	253	149
16	0	15,25	0,2	281	149
8	6	16,11	0,5	298	149
0	3	2,0	7,6	298	149
2	0	2,6	0,2	190	149
4	0	2,8	0,2	204	149
2	0	6,4	0,2	222	149
2	0	5,6	0,2	277	149
6	0	20,16	1,0	218	149
2	2	2,0	5,0	158	149
2	0	17,6	0,2	248	149
13	2	19,22	0,0	195	149
2	2	3,4	0,0	216	149
2	6	3,8	0,0	298	149
2	0	0,0	0,1	298	149
0	53	1,0	27,10	238	149
20	0	15,6	0,1	253	149
5	25	7,5	8,12	298	149
57	3	23,33	0,0	298	149
92	2	60,27	0,0	298	149
2	8	0,4	9,10	191	149
2	9	2,0	8,6	235	149
7	2	4,0	0,4	235	149
150	0	151,46	1,0	298	149
362	2	332,173	5,0	298	149
2	1	5,0	0,1	298	149
384	9	394,216	7,6	298	149
182	16	149,62	9,6	198	149
3	0	10,14	1,0	298	149
16	30	18,31	60,43	197	149
142	0	172,123	1,0	229	149
34	1	22,14	0,0	298	149
2	4	6,7	4,1	298	149
2	5	0,1	17,8	247	149
3	0	61,23	2,0	298	149
20	0	80,64	0,4	254	149
19	0	45,15	7,0	288	149
29	0	44,21	1,0	177	149
247	0	385,163	14,8	298	149
134	2	162,68	0,0	298	149
87	2	235,76	0,0	279	149
196	1	441,163	0,0	279	149
2	104	2,2	231,112	255	149
221	0	450,194	2,0	290	149
6	88	0,2	180,50	232	149
81	0	226,100	1,0	286	149
59	0	135,64	1,0	298	149
86	0	203,105	0,2	249	149
0	10	6,0	24,0	243	149
27	0	90,2	2,0	246	149
6	8	8,0	17,0	262	149
7	0	19,10	6,15	260	149
2	1	0,0	10,7	240	149
281	4	254,81	0,0	243	149
20	167	15,8	156,61	281	149
215	3	210,76	3,0	298	149
229	2	221,86	2,2	298	149
1	10	13,7	10,0	227	149
3	10	12,9	10,0	298	149
15	2	9,2	8,3	229	149
10	1	13,6	1,0	298	149
6	8	36,19	15,21	272	149
2	0	2,4	4,3	247	149
0	8	13,8	28,17	247	149
105	0	112,62	0,3	251	149
42	0	51,25	4,0	251	149
2	63	0,0	63,37	198	149
2	63	0,0	63,37	213	149
2	0	0,0	2,0	213	149
2	5	0,0	3,0	189	149
573	6	39,27	2,2	298	149
0	2	9,6	4,0	271	149
0	2	0,2	4,0	243	149
6	32	0,0	22,24	296	149
73	0	66,30	4,1	298	149
37	1	17,1	0,0	298	149
38	2	16,0	0,0	203	149
11	4	0,0	12,4	241	149
7	4	18,0	12,4	241	149
6	19	0,0	20,4	278	149
4	0	5,2	1,0	186	149
70	9	42,23	6,4	284	149
95	6	67,37	9,4	228	149
78	0	54,34	2,0	192	149
11	0	20,4	4,0	215	149
5	0	10,6	2,0	199	149
64	1	120,47	0,0	263	149
29	0	87,45	0,2	263	149
24	0	69,34	0,2	278	149
61	3	123,52	21,16	278	149
48	0	102,58	2,1	278	149
43	0	94,48	0,2	298	149
8	2	24,7	0,0	275	149
13	1	41,9	2,2	218	149
0	1	0,2	1,0	239	149
137	0	161,69	2,0	253	149
37	0	72,39	2,2	283	149
50	0	75,32	5,2	279	149
47	2	98,93	0,4	276	149
12	0	36,31	0,2	298	149
57	0	50,52	2,0	241	149
137	106	12,5	25,17	223	149
57	12	15,19	0,0	185	149
6	0	11,2	8,2	256	149
8	0	11,0	4,0	287	149
1	3	16,8	23,4	217	149
3	1	33,19	14,0	222	149
0	4	3,10	17,6	222	149
4	0	12,4	3,0	222	149
13	0	46,25	2,2	222	149
2	0	18,11	22,14	222	149
4	0	25,35	3,0	222	149
5	0	19,20	3,9	222	149
5	0	12,15	17,12	222	149
5	0	17,6	0,1	291	149
35	0	37,32	1,0	256	149
7	0	12,35	0,1	199	149
22	0	27,41	0,2	298	149
21	0	21,18	2,0	241	149
16	2	15,9	2,0	298	149
6	0	4,0	0,2	273	149
40	0	70,39	1,2	294	149
80	0	126,74	1,2	240	149
2	54	0,3	89,46	209	149
115	0	179,109	2,0	298	149
76	0	81,40	2,0	270	149
31	2	42,17	0,2	228	149
76	5	108,54	0,2	298	149
48	0	20,36	0,2	252	149
51	1	26,32	4,1	272	149
21	21	7,12	26,6	218	149
138	2	106,75	0,0	298	149
0	3	1,0	0,0	251	149
3693	10	1693,874	8,0	211	149
2746	2	1101,772	0,4	262	149
59	0	73,41	2,0	298	149
108	0	186,125	0,1	178	149
64	0	179,117	0,1	285	149
10	0	5,8	1,0	298	149
42	0	81,40	8,4	298	149
41	0	70,105	2,0	212	149
51	4	64,106	0,0	276	149
17	0	27,53	0,2	298	149
11	0	18,19	3,0	217	149
97	0	44,14	1,0	298	149
61	2	27,19	0,0	298	149
0	3	5,0	8,0	227	149
0	2	0,2	2,0	256	149
0	5	2,0	2,0	228	149
2	17	1,11	81,97	200	149
31	5	37,23	24,17	298	149
11	5	50,32	1,2	297	149
34	1	36,27	0,0	240	149
0	55	2,0	16,0	298	149
5	0	6,18	0,2	176	149
11	0	12,11	0,2	232	149
97	2	114,101	0,0	260	149
0	56	0,2	67,52	221	149
109	8	53,44	0,0	167	149
222	0	163,80	1,0	224	149
397	0	451,357	2,0	298	149
288	2	394,231	2,0	298	149
194	0	352,104	2,0	298	149
279	2	497,232	0,0	276	149
329	19	390,186	6,2	298	149
99	2	179,101	11,0	298	149
1	0	66,25	0,2	298	149
353	0	779,295	1,0	254	149
368	2	315,142	0,0	277	149
1	101	0,0	171,64	248	149
37	8	42,69	17,16	252	149
6	47	3,2	44,19	266	149
36	3	5,9	0,0	224	149
6	29	14,0	23,8	246	149
0	3	6,2	4,0	298	149
2	0	3,2	2,0	276	149
87	0	80,62	1,0	244	149
10	45	0,0	16,11	259	149
97	1	157,54	3,0	290	149
2	0	0,2	2,0	233	149
1	248	0,0	297,107	282	149
1	248	0,0	297,107	222	149
0	570	6,0	806,386	298	149
1219	2	1561,801	2,0	258	149
73	0	41,40	2,1	238	149
63	0	69,32	3,0	298	149
65	2	37,46	2,0	298	149
29	0	36,40	6,7	279	149
36	0	64,49	0,2	298	149
0	31	0,3	27,39	230	149
370	2	387,392	0,0	298	149
170	2	242,308	2,4	204	149
0	247	4,0	122,49	298	149
0	247	3,0	122,49	270	149
517	2	280,92	0,2	298	149
108	0	115,91	1,0	211	149
125	2	71,44	1,0	219	149
151	6	149,69	12,2	210	149
163	2	210,98	2,0	201	149
151	3	140,101	2,0	298	149
4705	10	46,232	0,0	281	149
17	996	0,0	18,45	244	149
13	4130	0,0	65,141	244	149
7603	2	95,299	0,0	290	149
4003	0	64,139	0,2	290	149
804	0	7,24	0,2	188	149
4358	2	38,184	0,0	188	149
3020	2	15,111	0,0	257	149
1	0	11,0	4,0	243	149
2	21	0,1	29,10	267	149
33	0	54,22	2,0	249	149
12	0	24,12	2,0	243	149
0	14	3,1	36,21	270	149
3	11	2,0	14,5	173	149
26	4	24,9	6,7	230	149
33	0	33,18	2,0	248	149
5	17	0,0	22,12	217	149
0	12	4,0	23,9	298	149
60	1	79,32	4,0	297	149
56	0	43,33	4,0	298	149
0	12	2,2	21,15	274	149
41	0	25,21	2,0	289	149
0	20	0,2	11,11	298	149
27	6	91,26	30,11	286	149
55	6	209,87	30,11	298	149
27	25	126,65	83,29	217	149
2	21	2,2	89,44	208	149
52	15	25,19	13,4	298	149
112	0	82,47	2,0	298	149
80	0	63,29	2,0	290	149
2	2	2,0	0,0	298	149
2	2	2,0	0,0	298	149
17	13	9,9	10,2	298	149
3	0	13,10	1,0	224	149
4	0	13,14	0,3	203	149
6	3	4,4	20,0	298	149
9	5	12,11	2,6	298	149
0	4	8,0	8,3	254	149
12	2	41,17	0,0	298	149
7	1	14,3	14,5	298	149
19	2	2,2	0,2	256	149
13	2	3,4	9,0	272	149
11	2	0,2	3,0	272	149
4	2	9,0	3,0	298	149
37	4	17,12	0,0	298	149
17	9	3,2	0,0	298	149
9	9	8,5	0,0	267	149
27	2	20,15	0,0	267	149
10	0	28,8	2,0	245	149
44	0	67,6	2,0	265	149
54	2	47,3	0,0	265	149
15	2	0,2	0,0	265	149
49	2	33,10	0,0	282	149
92	2	87,11	0,0	282	149
4	27	0,0	35,8	237	149
61	2	29,6	1,4	298	149
0	24	0,3	21,10	267	149
2	0	0,1	0,2	253	149
128	2	205,94	0,0	278	149
56	12	38,9	2,0	241	149
6	22	12,0	27,20	265	149
52	1	15,7	0,0	298	149
83	1	80,33	2,4	291	149
5	4	6,2	0,0	274	149
8	0	31,10	2,0	275	149
4	8	0,0	16,3	212	149
2	0	20,7	3,0	272	149
3	0	21,3	2,0	272	149
0	1	8,8	6,0	238	149
2	6	0,0	16,8	238	149
9	0	11,11	0,2	288	149
1	0	36,5	2,0	209	149
20	0	50,34	1,0	298	149
13	0	20,32	1,0	298	149
2423	1	273,137	0,0	244	149
2637	1	304,167	2,0	254	149
1791	1	234,169	0,0	298	149
103	54	9,10	2,8	236	149
100	874	16,8	120,70	236	149
260	874	43,32	120,70	236	149
246	38	41,28	7,2	236	149
62	0	74,88	0,2	298	149
34	0	64,32	5,0	213	149
83	0	170,114	0,4	260	149
0	22	0,4	53,36	182	149
102	1	95,71	5,0	228	149
130	0	161,134	3,1	242	149
115	0	171,142	0,2	229	149
92	2	87,87	0,0	245	149
0	20	0,4	15,5	201	149
4	1	6,5	2,1	207	149
2	0	2,0	5,5	224	149
0	2	2,0	2,0	200	149
5	0	129,176	2,0	298	149
11	0	482,459	2,0	298	149
102	0	126,54	4,0	285	149
7	11	3,3	12,0	298	149
7	11	3,3	12,0	266	149
185	2	173,97	0,0	251	149
43	0	25,4	2,0	212	149
0	2	0,2	0,0	224	149
2	2	3,0	0,0	241	149
2	2	0,0	0,2	271	149
14	18	0,0	19,11	286	149
110	2	92,58	0,0	221	149
3	55	0,2	78,58	241	149
0	79	2,2	92,74	289	149
10	39	8,5	72,42	212	149
73	0	125,53	2,0	298	149
61	2	116,46	0,0	298	149
3	3	0,0	3,0	298	149
3	2	4,0	1,2	292	149
10	41	2,0	60,23	292	149
1	2	0,0	1,2	298	149
2	41	0,0	60,23	298	149
11	41	1,2	60,23	298	149
9	7	2,0	0,0	298	149
102	52	97,59	32,29	298	149
1699	0	2313,1020	0,1	244	149
6	27	15,4	28,11	257	149
20	0	9,11	0,2	217	149
5	0	11,0	1,1	190	149
10	0	17,0	2,0	243	149
22	0	39,6	1,1	243	149
1	0	5,4	1,1	255	149
2	13	3,4	22,6	255	149
3	118	4,2	105,35	232	149
1	118	4,2	105,35	172	149
1512	0	449,263	0,4	293	149
945	4	229,131	2,0	239	149
2	739	0,0	150,55	220	149
983	1	204,67	0,0	298	149
739	1	150,55	0,0	298	149
22	0	19,7	0,2	214	149
10	0	21,8	4,2	296	149
4	4	13,8	8,4	296	149
7	4	8,11	8,4	248	149
13	0	12,11	0,2	248	149
361	0	248,238	0,4	255	149
256	2	211,161	2,7	204	149
23	0	49,18	4,0	298	149
21	0	42,20	4,0	298	149
64	0	119,49	2,0	255	149
31	27	16,33	32,26	194	149
18	3	7,21	2,2	194	149
81	3	78,41	2,2	214	149
29	0	67,26	3,0	291	149
1	3	0,0	2,0	243	149
82	2	106,82	0,1	224	149
51	3	68,39	5,2	226	149
192	100	46,35	32,4	187	149
31	0	16,12	3,0	195	149
30	2	16,20	2,0	254	149
14	0	9,9	2,0	254	149
23	0	14,2	2,0	298	149
39	2	22,13	2,0	298	149
2	0	0,2	4,6	249	149
181	3	79,42	2,0	202	149
22	144	10,13	62,23	267	149
297	1	142,75	0,0	271	149
284	13	100,78	2,0	214	149
282	0	112,66	0,4	284	149
203	0	92,52	2,0	276	149
291	1	152,88	6,2	298	149
103	0	173,92	1,0	298	149
112	2	183,108	0,0	298	149
55	2	183,106	0,0	233	149
2	45	0,0	86,100	239	149
56	2	123,150	0,0	231	149
8	1	9,2	0,0	246	149
27	3	18,13	0,0	298	149
16	21	2,6	9,11	240	149
145	0	52,49	0,2	274	149
160	0	68,87	2,0	298	149
33	1	43,14	0,0	268	149
400	7	345,303	9,4	224	149
140	6	129,125	2,2	224	149
244	6	188,144	2,2	280	149
499	4	395,317	0,0	280	149
0	261	0,2	190,152	192	149
443	11	305,251	20,16	242	149
0	12	2,2	8,14	298	149
205	1	128,68	2,0	221	149
2	1	2,1	0,0	298	149
248	1	131,84	0,2	298	149
223	1	135,98	0,1	227	149
364	0	200,134	1,2	298	149
324	0	188,107	4,0	298	149
14	60	9,2	35,11	298	149
2	8	2,0	25,18	207	149
2	8	2,0	25,18	204	149
1	4	4,0	7,2	230	149
2	2	2,0	0,0	268	149
2	6	4,2	10,3	268	149
2	2	2,0	0,0	268	149
2	2	2,0	3,0	268	149
2	6	8,2	10,3	208	149
2	2	2,1	0,0	208	149
2	6	0,2	10,3	247	149
0	6	0,2	10,3	271	149
11	2	20,6	0,0	270	149
16	2	10,3	3,0	270	149
21	2	15,22	3,0	298	149
24	10	25,25	0,0	298	149
19	10	15,22	0,0	298	149
14	0	37,23	3,0	298	149
9	0	19,16	6,0	270	149
29	0	36,8	4,0	298	149
208	1	250,50	0,0	273	149
40	0	40,7	2,0	298	149
2	0	2,2	2,0	198	149
2	0	6,8	1,0	201	149
0	5	2,0	4,0	298	149
18	2	16,32	2,0	280	149
4	5	18,9	0,6	239	149
0	2	0,1	13,6	206	149
0	1	13,6	0,0	230	149
0	1	12,6	0,0	298	149
5	0	4,8	1,0	191	149
243	2	82,42	0,0	298	149
0	1	0,4	0,0	263	149
3	2	0,1	0,0	216	149
6	0	4,0	1,4	209	149
0	3	1,0	0,1	209	149
6	3	3,12	0,1	231	149
11	0	6,8	1,0	231	149
2	32	4,1	39,23	235	149
45	0	79,32	6,2	257	149
1	19	2,2	42,25	298	149
6	0	13,2	2,4	271	149
7	4	6,11	2,12	259	149
1	2	3,0	0,4	272	149
163	3	104,82	0,0	207	149
4	111	6,7	72,61	243	149
141	4	5,9	0,0	249	149
85	2	9,6	0,0	203	149
5940	0	1316,629	0,2	243	149
3164	25	861,379	41,11	243	149
2434	25	389,204	41,11	260	149
5399	191	985,493	141,42	260	149
14	1	35,11	0,0	254	149
5262	10	926,455	0,0	254	149
5679	3	1133,474	3,0	251	149
2333	0	450,216	2,0	251	149
5	0	2,0	2,0	258	149
5776	26	1340,515	7,10	258	149
2973	6	608,241	2,1	258	149
3513	0	867,308	4,0	274	149
27	6	6,10	2,1	274	149
2609	2	706,265	0,0	274	149
1140	6	261,64	2,1	225	149
4768	2	1147,370	0,0	225	149
112	0	171,76	1,2	298	149
98	2	153,76	0,0	271	149
42	0	54,21	2,0	209	149
458	0	296,262	2,0	254	149
559	0	314,265	1,0	298	149
2	0	1,0	2,0	224	149
322	0	881,343	1,0	229	149
848	0	1941,831	1,0	298	149
315	0	575,344	1,0	261	149
461	4	750,270	7,2	298	149
461	4	750,275	7,2	298	149
510	4	848,324	7,2	298	149
6134	0	10722,7214	3,2	206	149
2867	4	5243,3699	0,0	242	149
6599	8	11087,9268	6,7	239	149
6085	0	10207,8501	2,0	248	149
8497	2	16034,12081	0,0	298	149
8033	1	18760,13518	16,4	268	149
4262	0	6451,4984	0,4	213	149
5057	0	9339,7253	2,2	225	149
9	3041	24,13	5940,4530	292	149
2224	2	4518,3546	2,2	227	149
4800	0	6938,8408	1,14	257	149
1925	0	5463,3116	3,0	257	149
0	2899	0,1	3114,5334	184	149
2312	0	2520,4239	3,0	239	149
5164	0	5563,9472	1629,5	239	149
4233	0	7136,7231	2,6	248	149
6360	0	11668,9905	0,4	279	149
8	1	0,3	0,0	253	149
0	2	2,1	0,0	253	149
8	2	2,4	0,0	253	149
4	8	2,0	0,3	274	149
0	1	1,0	5,1	258	149
5	0	16,7	1,4	209	149
7	2	13,9	3,0	298	149
334	1	58,74	2,0	298	149
685	2	84,56	0,0	231	149
2761	0	2483,1000	4,0	285	149
0	664	2,0	674,150	298	149
24	319	10,0	315,60	195	149
2	59	7,5	74,25	172	149
63	0	96,103	2,0	272	149
41	6	33,15	4,3	258	149
2	6	0,2	4,3	249	149
2	13	2,2	11,9	249	149
65	0	39,28	1,0	248	149
72	0	50,35	2,0	298	149
0	6	2,4	2,0	210	149
0	2	4,2	0,0	199	149
6	0	4,8	0,2	191	149
26	2	35,22	2,0	221	149
40	14	29,15	26,21	227	149
0	42	2,0	35,26	269	149
42	3	36,36	0,0	245	149
0	70	2,0	56,35	173	149
7	2	13,16	0,0	293	149
3	2	6,2	0,0	298	149
55	528	22,16	126,52	298	149
44	9	24,16	0,1	298	149
692	9	165,54	0,1	202	149
218	0	48,7	2,0	202	149
0	4	1,0	0,0	265	149
9	0	12,12	3,0	298	149
1	0	0,0	3,0	287	149
129	0	54,36	1,0	222	149
289	2	116,92	0,0	253	149
184	8	141,71	7,4	223	149
127	2	73,61	0,0	246	149
3	0	8,3	4,8	284	149
22	1	37,20	2,0	257	149
10	0	17,11	2,0	288	149
21	0	83,18	1,0	247	149
15	3	40,3	3,0	247	149
6	5	0,2	0,7	259	149
8	3	0,2	2,4	259	149
4	5	0,0	0,7	223	149
58	0	245,60	2,0	219	149
56	0	252,48	2,0	249	149
40	0	275,78	2,0	210	149
40	0	266,60	4,0	298	149
1	0	0,0	1,0	208	149
64	0	70,66	2,2	255	149
1	0	0,0	5,0	223	149
16	0	18,41	4,0	287	149
232	3	264,143	0,0	298	149
33	0	41,35	2,2	280	149
13	3	42,12	3,6	233	149
10	11	7,8	17,14	215	149
87	0	118,50	2,0	298	149
69	0	112,60	1,0	298	149
35	1	54,29	0,0	298	149
18	2	17,18	3,7	298	149
311	0	183,99	1,0	298	149
178	0	108,74	1,0	263	149
2	89	2,9	61,31	244	149
8	89	0,13	61,31	275	149
118	2	79,40	0,2	298	149
2	51	0,0	32,25	260	149
16	0	14,7	2,0	287	149
0	15	0,1	38,32	229	149
50	4	14,32	2,0	266	149
2516	3	3009,1759	0,0	248	149
2383	0	2924,1559	3,0	278	149
9985	0	11988,5249	1,2	298	149
7	7	3,0	5,0	274	149
30	7	27,21	5,0	185	149
648	7	791,613	5,0	293	149
294	7	446,352	5,0	257	149
171	309	108,55	374,392	194	149
0	2	4,0	2,3	226	149
23	1	7,2	0,6	194	149
27	4	30,19	0,2	208	149
1777	6	18,63	0,0	263	149
1681	6	15,34	0,0	278	149
3246	23	34,58	0,10	278	149
2	13	0,0	0,2	256	149
6	13	1,8	0,2	298	149
2	0	0,0	2,0	298	149
4	0	24,4	1,0	227	149
5	0	32,0	1,2	298	149
25	160	2,2	18,26	298	149
280	4	58,55	2,0	265	149
384	5	53,41	2,0	298	149
127	0	23,11	2,0	298	149
204	0	30,19	2,0	297	149
457	1	58,49	0,0	297	149
135	1	13,7	0,0	254	149
145	6	22,9	1,1	254	149
1	279	7,2	294,202	221	149
3147	53	87,26	11,3	298	149
6879	53	169,47	11,3	298	149
3163	4	87,26	0,0	298	149
3481	4	121,43	0,0	298	149
7172	28	192,61	0,0	298	149
6062	42	163,81	1,2	298	149
69	4	24,9	0,0	298	149
169	0	147,103	0,2	240	149
54	3	87,74	3,0	298	149
47	0	0,0	2,0	298	149
6	1	4,4	7,13	228	149
39	0	37,23	0,4	203	149
34	0	68,15	2,0	188	149
0	31	0,4	52,8	298	149
0	1	3,0	1,2	298	149
43	0	43,46	1,0	243	149
22	11	14,6	8,20	206	149
21	0	8,9	2,0	298	149
135	0	127,48	2,0	236	149
254	1	175,88	0,0	258	149
358	3	347,220	0,0	298	149
372	0	301,253	2,0	283	149
320	0	275,213	0,2	243	149
2	35	0,0	37,34	298	149
0	4	2,0	1,2	277	149
1	1	17,10	0,0	293	149
1	3	2,0	2,9	298	149
2	0	0,0	0,1	231	149
0	3	2,0	2,9	186	149
2	2	2,2	0,2	243	149
490	2	82,30	0,0	298	149
1079	7	159,37	2,0	298	149
1030	7	133,47	4,0	298	149
0	7	4,4	6,2	226	149
76	2	20,37	0,0	298	149
2	6	3,6	4,0	209	149
5	47	0,4	64,29	221	149
21	1	31,25	2,0	267	149
44	1	26,22	0,0	283	149
3	44	0,0	26,22	248	149
63	0	34,43	2,1	179	149
4	2	0,4	0,0	179	149
0	62	2,0	34,41	278	149
45	2	23,27	0,0	215	149
98	0	52,66	0,2	215	149
46	9	36,28	4,6	250	149
119	9	71,80	4,6	217	149
137	2	97,85	0,0	220	149
115	0	109,65	0,5	207	149
15	0	11,21	2,2	182	149
4	3	24,29	2,4	212	149
14	0	56,38	0,2	198	149
46	0	56,33	1,0	266	149
0	2	4,0	0,0	214	149
7	0	29,26	0,2	284	149
17	2	50,19	1,1	244	149
2	0	13,12	1,0	239	149
2	3	2,2	2,4	298	149
28	0	68,71	1,0	253	149
78	0	77,55	2,0	237	149
3	11	3,4	18,6	276	149
87	0	82,65	2,0	260	149
17	235	2,6	209,111	298	149
437	2	370,223	0,2	235	149
238	2	235,195	0,0	298	149
2	53	0,0	56,81	240	149
27	0	19,31	2,0	236	149
246	0	235,142	2,0	298	149
0	8	2,0	21,8	298	149
18	0	49,12	0,1	285	149
28	0	35,6	0,2	298	149
5	2	13,8	5,0	298	149
10	7	8,8	0,0	298	149
12	0	19,19	1,0	270	149
1	0	0,0	3,0	240	149
1	0	0,0	3,0	260	149
10	5	14,4	5,5	270	149
7	0	12,6	4,2	271	149
3	3	2,0	18,15	175	149
5	10	19,18	13,0	194	149
10	0	22,4	0,4	216	149
10	14	2,19	25,6	253	149
6	2	8,0	0,1	298	149
2	0	18,9	1,0	211	149
0	1	2,2	2,2	298	149
1	4	2,2	1,0	298	149
5	4	3,2	1,0	298	149
10	4	25,24	1,0	298	149
5	4	4,11	1,0	195	149
4	0	3,2	1,0	298	149
1	0	0,0	1,0	298	149
17	0	30,20	2,2	298	149
20	1	10,9	4,12	250	149
20	40	10,9	87,42	250	149
48	0	98,54	0,2	175	149
1	111	13,4	203,112	298	149
248	3	369,323	1,0	296	149
353	3	564,432	1,0	270	149
2	0	0,2	0,1	244	149
8	0	28,29	1,0	198	149
175	193	96,37	137,69	256	149
366	5	216,133	8,10	194	149
45	2	39,18	4,6	194	149
68	2	41,38	4,6	246	149
552	0	315,209	2,2	246	149
432	4	230,152	6,7	246	149
26	4	23,14	6,7	199	149
265	122	167,125	55,54	199	149
37	1	36,40	0,0	298	149
427	0	239,308	0,2	245	149
0	8	0,4	11,26	298	149
544	5	403,227	0,0	289	149
206	2	201,94	0,0	239	149
108	2	89,27	0,0	249	149
0	221	2,0	188,114	259	149
202	1	191,128	0,0	235	149
31	7	24,27	7,4	259	149
1	0	3,0	2,0	231	149
258	2	363,324	2,6	265	149
74	0	85,49	1,0	298	149
62	0	44,18	0,1	298	149
17	0	19,5	0,1	260	149
63	1	59,24	0,0	298	149
6	36	1,0	17,4	206	149
6	0	12,0	1,0	264	149
8	0	12,0	1,0	244	149
224	6	21,6	3,0	276	149
2	0	27,17	10,2	255	149
2	0	30,22	2,0	272	149
4	48	0,0	38,16	238	149
21	0	27,24	0,2	262	149
8	60	10,2	137,122	298	149
252	2	311,362	2,0	245	149
4	151	2,9	182,219	298	149
2	0	3,14	0,1	298	149
4	0	8,10	0,4	209	149
0	4	0,4	5,2	298	149
0	59	1,2	57,33	272	149
1	39	1,0	40,16	217	149
56	3	58,29	2,0	218	149
221	5	561,183	1,0	281	149
248	2	899,261	0,0	227	149
183	0	498,229	1,0	251	149
0	20	2,0	24,21	293	149
624	6	267,114	0,2	272	149
175	0	139,87	2,0	289	149
213	0	200,152	3,2	239	149
10	3	1,21	0,0	257	149
11	71	6,21	75,52	257	149
3	71	0,0	75,52	166	149
3	4	0,0	5,0	166	149
9	32	7,7	27,14	227	149
3	2	6,4	0,0	227	149
101	2	121,33	0,0	298	149
78	2	100,28	0,0	298	149
12	4	0,0	0,4	252	149
0	6	2,4	17,3	258	149
0	6	0,4	17,3	215	149
0	6	4,6	17,3	298	149
0	6	1,0	17,3	244	149
36	0	49,21	2,2	204	149
47	0	85,41	1,3	266	149
21	4	56,19	0,0	238	149
34	0	49,43	2,2	271	149
16	4	45,18	2,4	298	149
2	0	8,14	0,6	298	149
34	0	7,4	2,0	298	149
25	0	10,7	2,0	272	149
4	0	3,0	2,0	194	149
406	1	127,87	0,0	227	149
409	6	147,108	0,0	298	149
550	0	143,121	0,2	298	149
33	0	38,29	4,0	254	149
29	0	31,3	3,0	233	149
6	2	4,4	2,2	195	149
1	5	4,4	0,2	195	149
4	5	2,4	0,2	298	149
97	0	73,40	2,0	208	149
123	0	97,53	2,0	257	149
49	0	39,14	2,0	245	149
36	4	16,4	2,0	257	149
2	0	31,32	1,6	298	149
2	0	23,26	1,6	298	149
0	2	2,0	23,26	278	149
6	2	80,42	0,2	274	149
2	2	4,0	0,0	298	149
607	10	29,68	4,6	298	149
194	2	12,36	0,0	298	149
390	2	41,57	0,0	298	149
12	6	4,6	0,0	298	149
815	22	54,89	0,6	298	149
246	6	21,28	0,0	291	149
624	2	58,79	0,0	291	149
271	11	13,35	4,0	298	149
2	2	2,0	0,0	298	149
24	0	48,33	0,2	241	149
1	4	0,0	12,11	220	149
0	7	3,0	16,18	253	149
161	0	123,51	0,5	242	149
161	2	141,68	10,8	239	149
25	0	48,19	1,0	250	149
16	0	20,16	4,0	264	149
14	0	41,38	1,0	277	149
121	2	92,40	0,1	298	149
92	2	75,32	0,0	252	149
90	1	68,69	6,1	266	149
97	3	83,72	0,2	272	149
35	2	27,20	1,0	298	149
34	1	27,20	0,2	298	149
52	2	33,22	1,0	298	149
36	1	28,20	0,2	298	149
45	1	37,16	0,2	280	149
61	2	42,18	1,0	280	149
1	5	0,0	11,34	238	149
2	74	0,0	70,139	245	149
174	0	230,380	0,1	222	149
550	0	446,815	0,4	277	149
2	302	7,0	257,418	220	149
391	0	288,379	0,2	272	149
51	1	40,9	2,1	224	149
3	51	6,6	38,9	233	149
113	0	83,66	2,2	298	149
1	4	5,2	2,0	236	149
52	0	94,63	2,2	282	149
15	2	46,32	0,0	298	149
10	0	18,0	2,0	257	149
0	18	2,0	15,5	271	149
0	13	2,4	46,21	155	149
24	0	51,32	7,0	230	149
13	2	38,36	2,0	204	149
5	0	7,2	4,0	249	149
1	0	9,4	8,2	298	149
11	0	17,6	3,6	298	149
3	0	22,31	1,0	298	149
2	0	4,0	2,1	235	149
22	13	0,0	2,4	264	149
17	0	0,0	0,2	264	149
2	13	0,0	2,4	217	149
0	11	1,0	1,0	184	149
40	2	22,8	0,0	239	149
30	1	22,10	0,0	239	149
8	2	2,6	1,2	298	149
6	38	2,0	23,8	298	149
11	9	0,0	0,2	298	149
2	38	1,2	23,8	242	149
5	4	0,2	0,0	242	149
2	101	0,0	85,45	256	149
208	2	230,134	0,0	298	149
137	0	178,107	1,0	249	149
12	24	8,1	18,5	234	149
8	24	8,1	18,5	285	149
4	0	8,6	1,0	267	149
24	106	21,26	70,54	241	149
14	295	13,2	484,302	216	149
17	295	5,9	484,302	298	149
1687	1	2287,1415	0,0	238	149
3279	0	3873,3065	0,2	298	149
0	1862	0,4	2113,2007	269	149
5	0	13,20	0,1	296	149
1	0	6,3	0,2	200	149
119	0	161,60	2,0	246	149
54	2	65,30	0,0	281	149
131	2	150,82	0,2	298	149
68	0	108,45	2,0	298	149
0	37	0,2	89,39	221	149
54	0	138,64	4,0	226	149
10	17	23,4	1,2	298	149
5	0	2,0	1,0	198	149
34	0	24,8	2,0	298	149
4	1	5,14	0,0	298	149
9	0	15,17	2,0	298	149
3	0	78,32	1,0	221	149
2	0	24,10	10,0	173	149
1	0	100,30	13,4	221	149
319	0	405,138	2,2	226	149
53	0	19,18	3,2	230	149
12	4	3,4	0,0	185	149
0	9	4,0	14,2	298	149
19	0	44,39	11,6	246	149
6	0	36,25	11,6	298	149
4	13	5,6	17,18	262	149
0	13	0,2	17,18	298	149
0	38	0,2	5,7	242	149
110	19	31,15	17,2	221	149
4	38	0,0	4,4	224	149
3	4	0,2	0,0	215	149
70	2	23,21	0,0	236	149
106	2	47,20	0,0	294	149
16	67	0,2	29,12	192	149
5	1	1,0	2,0	298	149
15	1	8,2	0,2	288	149
2	25	5,2	45,33	255	149
15	0	49,41	6,0	298	149
8	8	4,4	36,28	298	149
15	2	11,13	0,0	283	149
89	2	61,50	0,0	202	149
0	2	0,6	4,0	298	149
0	2	2,6	4,0	270	149
62	2	78,67	2,4	231	149
11	2	17,17	2,4	160	149
23	0	0,4	2,0	258	149
0	10	0,2	0,0	275	149
16	2	21,32	4,0	194	149
77	0	141,103	1,0	269	149
55	0	128,73	2,0	253	149
73	0	97,55	1,0	231	149
64	2	97,44	2,0	293	149
59	3	65,43	4,0	281	149
9	3	10,6	2,2	298	149
106	2	94,63	1,0	239	149
11	1	1,0	0,0	298	149
4	0	4,18	0,4	267	149
6	2	6,5	4,1	276	149
0	2	4,0	4,1	230	149
28	1	25,23	0,0	181	149
57	3	59,34	0,0	227	149
11	2	14,11	0,0	298	149
2	2	8,7	0,0	298	149
12	0	12,19	4,0	296	149
907	1	237,176	0,0	244	149
10	7	14,7	2,0	206	149
7	10	2,4	13,7	272	149
2	44	0,0	37,28	237	149
72	2	41,43	0,0	209	149
3	56	1,0	33,29	195	149
1	2	3,3	3,0	247	149
2	19	0,0	12,6	245	149
924	0	1312,472	3,0	240	149
565	21	624,284	25,9	298	149
153	2	29,17	6,0	298	149
376	22	97,63	2,0	246	149
156	8	24,24	6,0	246	149
273	8	64,40	6,0	298	149
477	2	135,80	0,0	298	149
532	5	80,64	4,0	274	149
2	0	2,2	2,1	267	149
48	2	38,24	0,0	298	149
2	21	2,0	65,21	298	149
8	0	26,11	0,2	298	149
31	0	246,93	1,0	298	149
23	0	130,45	0,2	263	149
0	12	3,0	56,18	298	149
47	0	64,14	0,2	161	149
70	0	509,91	2,0	274	149
44	0	306,28	3,0	232	149
33	0	196,37	0,2	298	149
86	0	467,88	2,0	298	149
50	0	280,43	5,0	213	149
2	3	9,0	0,5	233	149
0	3	2,0	0,5	261	149
0	2	4,2	1,3	298	149
0	2	6,2	1,3	224	149
0	56	2,0	99,69	155	149
76	0	150,115	2,0	199	149
73	0	163,104	4,0	298	149
109	2	219,96	0,0	256	149
122	1	355,227	0,2	266	149
7	70	14,13	128,72	254	149
5	4	7,4	4,7	182	149
0	1	2,0	0,3	261	149
3	0	5,4	0,4	263	149
43	0	95,63	1,0	272	149
0	5	32,10	6,10	296	149
63	2	15,7	0,0	262	149
2927	103	3316,2118	53,13	222	149
105	1	53,16	0,0	298	149
4611	2	5318,4266	0,0	298	149
962	2	1160,1033	0,3	298	149
3046	2	3664,2308	0,3	244	149
6691	2	7817,5547	0,0	244	149
7311	5	8712,5670	8,9	254	149
3654	1	4890,2485	0,0	286	149
21	2	23,23	0,0	222	149
2	12	2,4	6,4	167	149
158	0	59,45	2,0	222	149
209	0	79,39	1,0	275	149
360	1	124,98	0,0	222	149
128	1	33,35	0,0	222	149
127	1	42,29	0,0	196	149
16	1	0,2	0,0	196	149
246	1	47,46	0,0	258	149
506	4	141,111	0,0	258	149
630	4	172,144	0,0	277	149
4	0	32,11	0,4	298	149
1	0	20,9	1,0	298	149
0	42	0,2	2,0	223	149
28	0	2,0	2,0	238	149
40	0	1,2	2,0	298	149
2	0	0,0	0,2	298	149
0	11	3,4	10,9	230	149
5	0	6,24	0,6	298	149
5	45	15,7	64,23	262	149
50	0	110,37	1,0	298	149
83	1	197,65	6,0	262	149
40	0	82,34	1,2	198	149
85	0	111,51	2,0	298	149
41	0	70,33	6,1	212	149
223	1	67,24	0,0	298	149
17	75	7,1	37,19	298	149
49	10	15,10	21,10	249	149
1	10	4,0	3,0	298	149
90	2	65,41	1,0	274	149
41	0	33,22	0,2	274	149
0	2	5,0	40,7	202	149
389	7	258,187	7,11	298	149
36	33	18,11	14,9	257	149
1	4	21,18	97,55	298	149
1	4	21,22	97,55	298	149
0	13	2,0	54,26	267	149
0	13	2,2	54,26	262	149
0	3	8,0	26,22	277	149
25	8	22,4	15,2	245	149
55	4	44,19	6,0	276	149
3	18	8,0	12,1	298	149
0	113	2,0	128,50	233	149
2	29	10,2	47,16	182	149
519	0	496,628	2,2	298	149
101	1	74,53	0,0	201	149
430	7	325,333	0,1	260	149
0	382	2,0	167,146	298	149
4	5	10,6	4,10	281	149
48	0	31,23	0,2	277	149
204	2	98,46	2,0	255	149
11	68	9,4	25,12	227	149
23	68	12,14	25,12	230	149
0	64	2,3	23,9	251	149
2	16	1,0	4,4	268	149
108	1	116,53	0,0	244	149
138	0	109,76	0,2	225	149
105	0	101,48	7,4	230	149
0	52	0,1	105,53	266	149
0	4	4,0	25,12	298	149
3	101	9,6	106,57	298	149
74	2	77,22	0,0	298	149
908	8	355,200	7,2	298	149
858	2	293,160	0,0	251	149
702	9	197,132	5,7	265	149
2	5	6,8	1,2	167	149
2	488	7,4	131,73	167	149
3	0	4,7	0,2	212	149
3	0	4,7	0,2	263	149
105	7	76,41	0,2	298	149
78	0	81,28	7,4	285	149
42	4	36,21	6,8	218	149
83	3	69,40	6,7	255	149
100	1	111,89	0,0	230	149
52	0	34,46	2,0	230	149
52	0	34,30	2,0	298	149
100	1	112,74	0,0	298	149
5	51	21,24	34,30	298	149
111	2	266,135	0,0	211	149
125	0	414,249	0,4	265	149
91	0	204,156	4,0	298	149
112	2	288,215	2,0	298	149
124	2	364,198	0,0	298	149
174	0	480,240	2,0	298	149
159	0	382,162	2,0	298	149
162	0	300,199	4,2	298	149
47	8	91,66	14,8	188	149
4	12	0,6	4,5	235	149
82	0	47,32	3,0	298	149
64	2	56,25	0,2	212	149
3	24	16,0	32,3	282	149
1	0	0,0	4,0	298	149
2	0	2,0	1,0	288	149
20	0	91,35	4,0	228	149
5	1	14,0	3,8	209	149
3	0	17,3	4,0	197	149
2	0	8,11	2,8	224	149
0	2	2,0	30,10	209	149
12	0	9,2	1,0	298	149
20	2	35,15	1,0	276	149
19	0	22,16	1,0	298	149
15	0	13,10	1,0	298	149
24	1	30,17	0,0	271	149
4	225	1,6	281,254	281	149
270	0	381,321	4,0	187	149
58	0	82,53	4,0	219	149
60	0	82,86	1,0	298	149
2	54	0,0	44,27	191	149
47	2	54,47	2,0	298	149
5	2	4,4	0,0	298	149
357	0	3717,1301	2,2	298	149
21	0	51,73	2,1	298	149
23	0	52,54	6,4	243	149
0	29	3,4	28,17	298	149
101	0	134,57	2,0	255	149
56	1	54,40	0,0	298	149
37	7	56,20	2,0	298	149
1	0	5,6	0,2	208	149
0	4	1,0	6,9	191	149
12	2	23,19	0,2	218	149
86	1	159,76	0,0	298	149
83	0	80,55	2,0	251	149
8	2	12,4	2,1	290	149
15	3	33,12	5,3	298	149
16	3	6,2	2,0	200	149
37	1	82,43	0,0	240	149
3	22	0,4	82,47	296	149
4	0	7,0	0,1	298	149
0	1	3,0	0,0	294	149
0	1	1,0	0,0	225	149
6	0	2,0	3,0	228	149
5	2	4,5	0,0	294	149
17	2	12,23	0,0	298	149
17	2	14,20	0,0	294	149
5	8	21,6	13,13	188	149
16	0	19,13	2,0	216	149
12	3	7,6	6,1	191	149
153	0	412,296	2,0	298	149
2	69	5,2	125,123	197	149
5	4	4,0	8,6	212	149
86	0	116,69	3,0	298	149
105	2	154,43	0,0	298	149
5	80	2,0	95,79	298	149
17	100	10,9	88,70	252	149
351	2	337,314	0,0	298	149
0	3	2,2	0,5	298	149
0	2	0,1	0,0	284	149
116	0	124,58	2,0	240	149
43	0	46,36	2,2	207	149
9	24	6,4	16,24	212	149
49	2	60,20	0,0	298	149
1	44	0,0	10,6	239	149
68	0	63,22	0,1	264	149
111	2	118,43	0,0	279	149
142	0	140,54	2,0	294	149
135	0	119,140	2,0	231	149
77	0	143,138	1,0	255	149
88	0	154,118	0,2	280	149
2	84	4,0	62,46	185	149
2	0	0,5	1,2	188	149
1	16	0,1	13,14	188	149
2	16	1,2	13,14	267	149
29	102	2,2	38,37	242	149
328	5	241,131	2,0	263	149
333	5	237,134	2,0	222	149
292	4	209,91	0,2	179	149
1198	60	4,13	0,0	262	149
655	60	2,6	0,0	249	149
745	400	2,8	0,0	249	149
131	3	98,173	0,2	247	149
39	10	54,73	21,6	298	149
4	2	0,2	0,0	270	149
0	7	2,0	0,2	298	149
27	4	4,7	0,2	298	149
8	21	1,2	4,4	298	149
16069	3	220,343	0,0	264	149
5266	2	73,161	0,0	298	149
5202	2	45,189	0,0	224	149
9697	11	99,367	0,5	290	149
7655	1	99,162	0,0	295	149
1	3	0,4	2,0	266	149
9	0	27,23	0,2	244	149
536	10	60,83	0,0	269	149
156	4	31,19	0,0	245	149
19	10	0,0	9,7	245	149
138	10	34,26	9,7	260	149
342	24	70,53	0,0	260	149
172	4	27,19	0,0	260	149
146	4	36,22	0,0	238	149
304	12	81,56	0,0	238	149
0	4	0,2	3,1	172	149
692	2	640,351	2,0	282	149
12	67	30,11	44,31	298	149
0	67	0,2	44,31	298	149
11	0	173,225	0,2	239	149
109	1	85,48	3,3	238	149
128	1	94,84	0,0	230	149
7	84	6,22	47,41	209	149
91	3	71,27	2,0	218	149
59	7	42,27	2,0	223	149
6	33	2,0	11,5	261	149
2	2	0,0	4,11	282	149
149	0	217,86	2,0	274	149
184	2	230,110	4,0	298	149
161	2	211,117	1,4	298	149
182	4	218,90	7,0	298	149
170	5	209,107	1,0	261	149
64	0	95,27	2,0	270	149
99	2	101,68	2,0	298	149
2	13	5,0	18,1	218	149
0	9	1,2	2,0	285	149
0	9	1,2	2,0	242	149
112	0	106,74	4,4	281	149
137	0	101,88	2,0	298	149
1574	4	937,602	6,4	298	149
6	0	6,7	2,0	179	149
0	16	2,0	10,7	219	149
2	0	1,2	0,1	247	149
108	0	169,112	0,2	259	149
58	2	6,2	0,0	233	149
12	61	0,0	6,2	207	149
8	8	3,1	2,0	283	149
9	89	6,0	35,9	283	149
9	89	4,0	35,9	219	149
4	4	4,1	5,0	219	149
182	1	95,28	0,0	298	149
3	93	0,0	60,19	298	149
143	1	75,17	0,0	298	149
0	6	0,1	2,0	293	149
3	6	0,0	2,0	235	149
4	6	0,0	2,0	205	149
91	2	81,30	0,0	247	149
113	2	79,55	0,0	298	149
41	0	18,26	2,0	233	149
79	2	75,24	0,0	226	149
10	20	19,21	24,18	279	149
0	39	2,0	80,34	275	149
21	33	15,5	42,29	252	149
33	0	42,29	1,0	298	149
67	0	54,82	0,2	298	149
20	0	30,28	0,2	251	149
4009	3	555,390	0,1	288	149
3118	11	475,359	0,0	233	149
3160	21	562,354	13,1	233	149
2038	0	458,328	2,0	255	149
3496	1	568,457	0,0	298	149
4133	4	634,607	1,0	298	149
4010	0	745,531	0,2	298	149
2922	0	570,371	0,6	225	149
3362	4	653,436	0,2	298	149
2804	4	587,418	0,2	239	149
1138	0	270,237	2,0	210	149
3299	2	692,537	3,0	240	149
3470	4	741,440	1,0	298	149
3499	2	794,656	0,0	279	149
4135	4	715,569	4,3	265	149
3478	56	508,322	35,16	232	149
4170	2	899,517	0,0	220	149
4764	8	1028,550	2,3	298	149
25	1	33,8	1,0	298	149
21	2	28,8	0,0	298	149
58	2	111,46	2,4	263	149
0	4	35,48	21,9	218	149
12	0	8,27	2,2	298	149
1	2	0,0	1,2	205	149
2	2	4,0	1,2	222	149
106	0	74,34	2,0	298	149
94	0	51,28	0,2	298	149
40	5	116,31	14,0	182	149
7	0	23,4	2,0	187	149
30	0	224,82	7,2	298	149
15	0	116,47	3,1	298	149
8	0	67,28	3,1	256	149
24	1	170,63	2,2	256	149
33	0	103,33	1,0	214	149
97	0	93,50	4,0	244	149
81	0	53,28	1,0	233	149
0	2	2,4	12,6	258	149
5	124	0,0	127,69	249	149
287	2	236,107	2,0	254	149
113	2	110,46	2,0	252	149
13	6	0,0	0,4	298	149
30	1	4,2	0,0	298	149
69	0	55,79	1,0	298	149
0	3	0,2	4,0	274	149
33	2	87,33	0,0	298	149
376	14	353,222	15,6	206	149
394	2	344,241	0,0	285	149
530	0	449,303	2,0	253	149
15	0	32,47	0,2	247	149
43	0	82,55	2,0	252	149
2	20	0,0	6,3	298	149
14	0	53,39	4,0	249	149
7	2	21,22	0,0	247	149
22	0	40,23	2,0	252	149
198	0	235,161	2,0	230	149
255	0	244,146	2,6	283	149
2	27	0,0	43,22	244	149
79	2	30,57	0,2	298	149
74	2	46,45	1,0	253	149
4	23	0,0	11,10	295	149
28	4	20,4	0,0	193	149
3	8	2,4	5,0	245	149
32	2	37,20	0,0	245	149
36	1	35,19	0,0	242	149
60	0	66,39	8,2	242	149
78	0	78,40	3,0	260	149
12	2	7,0	5,0	278	149
19	2	14,4	0,0	298	149
0	11	2,0	4,4	298	149
52	0	31,29	2,0	298	149
35	4	27,27	0,0	291	149
153	7	94,47	2,0	298	149
112	0	77,39	2,0	257	149
245	4	131,55	0,0	298	149
156	6	90,32	6,0	298	149
35	6	23,14	6,0	219	149
123	9	81,48	17,12	219	149
74	2	40,27	0,1	219	149
68	2	37,29	0,1	293	149
118	6	60,39	0,1	293	149
24	1	11,8	1,0	231	149
27	5	15,8	2,2	231	149
1	4	3,0	0,0	231	149
54	0	25,23	2,0	247	149
58	4	26,25	0,0	247	149
84	0	37,31	1,0	247	149
105	2	68,16	0,0	298	149
2	42	0,0	25,18	269	149
66	0	46,31	0,2	298	149
6	11	2,2	51,25	256	149
2	15	0,0	31,25	298	149
2	15	0,0	31,25	298	149
19	0	42,25	2,0	282	149
23	2	46,25	8,2	282	149
16	0	39,20	2,0	245	149
36	2	63,30	8,2	245	149
0	29	0,2	74,33	251	149
55	0	121,44	2,0	256	149
6	31	2,2	59,14	248	149
54	2	51,27	4,0	256	149
125	0	219,102	0,2	293	149
5	4	2,5	14,7	298	149
2	29	0,0	24,39	221	149
4	29	6,6	24,39	298	149
5	0	13,0	11,0	196	149
1	0	15,0	8,0	196	149
4	0	28,0	10,0	246	149
2	2	0,0	1,0	281	149
1758	2	1265,579	2,0	238	149
37	18	79,56	14,2	298	149
81	0	95,72	0,3	261	149
16	0	0,0	2,0	284	149
5	5	0,2	9,7	175	149
0	23	2,0	23,16	298	149
11	9	0,2	8,2	298	149
11	6	0,2	2,0	298	149
444	2	440,144	0,0	298	149
453	0	405,114	2,0	290	149
150	6	65,13	0,0	228	149
228	2	85,18	2,0	298	149
0	8	12,8	20,9	278	149
230	1	103,122	0,0	236	149
476	2	145,92	1,0	298	149
112	207	72,23	84,50	295	149
70	207	57,13	84,50	298	149
2	163	0,0	48,31	268	149
330	0	438,344	1,0	228	149
2	98	0,2	117,110	280	149
2	4	2,0	3,2	298	149
84	2	459,207	0,0	263	149
355	2	152,144	0,0	298	149
1	0	21,9	6,4	298	149
1	0	43,9	10,2	298	149
158	4	258,92	4,9	298	149
53	0	58,33	1,0	249	149
121	2	155,32	0,0	238	149
77	0	102,38	0,2	288	149
4	19	0,0	15,6	241	149
30	0	32,33	0,2	298	149
71	2	110,98	0,0	289	149
39	5	51,50	0,2	271	149
153	6	158,125	4,6	298	149
132	1	148,119	0,0	298	149
0	45	0,10	42,23	242	149
91	0	95,65	0,3	216	149
160	0	218,179	0,4	295	149
73	2	110,91	1,0	295	149
84	2	97,97	1,0	256	149
174	2	211,181	5,0	256	149
204	3	234,184	0,1	298	149
206	3	210,152	0,0	298	149
136	0	147,120	2,0	277	149
219	0	195,148	2,0	298	149
171	2	245,187	0,0	282	149
22	0	10,10	4,0	247	149
22	4	10,10	6,4	247	149
22	142	12,10	111,62	247	149
4	4	1,3	6,4	237	149
4	142	1,3	111,62	237	149
2	4	2,0	2,0	298	149
15	0	8,6	2,0	209	149
20	7	14,21	9,4	298	149
17	7	14,19	6,9	298	149
10	7	19,13	6,9	298	149
10	4	17,12	7,1	298	149
2	6	0,8	0,7	286	149
13	15	19,16	28,18	190	149
12	46	13,7	75,57	188	149
5	43	2,7	26,41	262	149
0	43	2,0	26,41	213	149
7	32	0,4	31,29	246	149
2	28	0,4	40,55	206	149
0	1	12,7	0,0	298	149
3	0	4,1	2,0	266	149
4	0	11,3	0,2	298	149
3	0	2,4	0,2	298	149
7	61	7,6	125,52	263	149
167	2	33,35	2,2	247	149
20	74	0,2	5,14	234	149
41	0	53,36	2,0	298	149
21	0	31,18	2,0	298	149
12	1	19,3	0,0	183	149
64	1	102,25	0,0	237	149
66	1	87,65	0,0	265	149
5	46	2,0	42,26	298	149
7	3	4,5	14,20	280	149
4	2	2,1	0,0	280	149
81	1	61,58	0,0	298	149
58	1	32,9	1,2	226	149
26	1	24,16	2,0	236	149
47	0	69,18	1,0	265	149
73	0	130,53	0,2	279	149
50	2	72,46	4,0	297	149
18	1	25,3	0,0	297	149
4	2	4,0	11,6	298	149
2	1	6,0	2,0	298	149
2	1	11,6	2,0	298	149
2	9	0,0	5,0	298	149
2	0	0,0	2,0	298	149
23	0	2,26	0,2	298	149
8	0	4,2	2,0	298	149
2	74	4,2	81,38	244	149
134	0	89,67	2,0	249	149
104	11	176,101	4,0	285	149
93	11	167,97	4,0	298	149
148	11	233,179	4,0	298	149
11	11	24,18	4,0	222	149
8	11	30,14	4,0	298	149
63	11	96,96	4,0	298	149
9	21	11,12	17,17	298	149
64	21	77,94	17,17	298	149
5	21	12,9	17,17	187	149
15	0	8,11	0,1	173	149
59	0	49,59	0,1	269	149
10	0	11,12	0,1	245	149
867	0	1377,984	3,0	296	149
89	214	104,104	363,224	185	149
10	22	10,11	12,11	270	149
642	2	800,328	2,0	298	149
437	6	615,275	4,0	286	149
477	2	637,263	0,0	283	149
473	2	631,231	11,6	237	149
528	0	629,226	1,0	270	149
464	2	586,277	1,0	275	149
485	0	564,288	0,6	258	149
505	1	667,270	1,0	296	149
494	4	860,327	2,0	298	149
523	2	659,239	0,0	279	149
673	0	785,294	1,0	298	149
92	2	50,35	0,0	208	149
2	23	2,0	46,25	222	149
7	5	4,4	3,8	247	149
2	4	0,0	3,2	257	149
0	20	13,2	31,14	264	149
3	186	4,0	205,89	271	149
3	186	0,2	205,89	255	149
16	10	7,1	0,1	255	149
1404	1	1431,464	2,3	188	149
1371	8	1367,501	0,0	272	149
103	42	101,53	46,5	180	149
68	103	48,24	107,22	180	149
132	612	121,52	680,291	180	149
24	103	37,4	107,22	221	149
22	4	29,4	0,0	221	149
23	612	41,4	680,291	221	149
51	25	50,20	10,7	221	149
51	89	57,20	83,35	221	149
98	4	96,22	0,0	271	149
348	612	335,76	680,291	271	149
270	89	239,61	83,35	271	149
249	2	239,54	14,0	271	149
8	612	8,6	680,291	283	149
4	2	8,6	14,0	283	149
8	269	8,6	247,54	283	149
729	0	604,361	2,0	293	149
413	3	341,170	0,0	293	149
202	3	154,127	0,0	262	149
520	2	422,318	7,0	262	149
3	77	0,0	53,38	265	149
39	0	36,27	0,2	271	149
45	0	30,17	0,2	298	149
2	32	0,0	23,10	298	149
0	1	2,0	5,15	298	149
2	0	36,11	4,0	264	149
2	0	29,9	1,0	264	149
2	0	7,2	1,1	298	149
2	0	7,2	9,2	298	149
0	1	1,0	7,0	230	149
49	0	117,52	0,3	258	149
58	0	149,47	4,4	226	149
19	0	62,21	0,2	226	149
19	0	61,36	0,2	245	149
57	0	150,64	4,3	245	149
106	0	155,106	0,6	209	149
132	1	198,124	0,0	292	149
0	59	4,0	103,58	206	149
79	2	139,78	0,0	216	149
157	2	200,114	0,0	227	149
0	3	2,0	12,6	178	149
0	4	4,2	1,8	248	149
10	2	28,24	0,2	298	149
14	0	34,12	0,2	223	149
131	2	76,25	0,0	249	149
18	2	15,3	0,0	197	149
5	16	8,10	42,25	241	149
151	0	845,414	2,0	296	149
99	0	762,544	0,1	245	149
0	51	2,0	476,258	298	149
2099	1	162,110	0,0	298	149
156	2	102,26	0,1	298	149
117	2	91,21	0,0	298	149
79	1	75,23	2,0	214	149
162	0	39,47	4,4	290	149
5	6	2,4	2,0	278	149
4	0	0,8	0,2	218	149
26	8	1,8	0,1	298	149
237	3	107,60	1,0	229	149
0	6	0,6	16,9	255	149
5	0	17,10	2,0	233	149
0	1	4,1	2,0	233	149
177	5	294,121	6,2	286	149
127	0	202,62	0,8	234	149
4	76	4,2	89,34	221	149
3	76	4,4	89,34	249	149
62	0	78,34	2,5	266	149
119	0	135,56	2,5	298	149
4	2	11,8	0,0	257	149
1	37	6,0	38,19	246	149
89	2	119,69	0,0	221	149
85	1	123,68	0,0	239	149
59	2	75,13	0,0	267	149
19	1	15,2	0,2	267	149
9	1	10,6	0,2	203	149
48	0	72,16	1,0	203	149
4	0	21,9	2,0	228	149
6	0	22,16	1,0	227	149
4	0	21,10	2,0	266	149
2	0	8,6	1,2	275	149
8	0	8,0	4,0	211	149
37	4	177,94	1,0	219	149
0	12	15,5	90,35	230	149
4	12	24,6	90,35	235	149
9	0	83,35	4,0	204	149
7	6	68,23	6,3	204	149
0	1	3,1	0,0	298	149
2	0	5,2	1,0	228	149
4	0	16,17	8,6	298	149
7	0	1,0	0,2	232	149
22	2	6,10	0,0	249	149
22	2	6,14	1,0	298	149
5	2	0,2	1,0	298	149
16	122	8,4	105,24	251	149
9	122	5,2	105,24	242	149
65	5	58,10	0,0	219	149
206	2	146,53	0,0	247	149
247	1	187,209	0,0	223	149
121	0	178,70	1,0	298	149
107	0	236,115	1,0	236	149
28	0	89,41	1,0	236	149
48	0	78,28	1,0	227	149
127	0	225,101	1,0	227	149
107	0	210,102	4,0	207	149
159	0	229,121	4,0	287	149
12	1	17,0	2,0	276	149
14	0	25,14	0,2	298	149
63	0	65,75	2,2	215	149
45	2	52,11	2,4	263	149
58	1	47,14	0,0	298	149
22	4	14,0	1,0	293	149
20	4	11,4	1,0	221	149
29	4	48,12	1,0	154	149
6	158	3,2	166,64	243	149
7	172	5,0	311,178	273	149
2	22	2,0	35,20	275	149
24	2	49,42	0,0	211	149
4	2	1,2	1,2	276	149
2	3	16,4	2,7	293	149
3	0	6,6	2,0	230	149
16	0	7,9	2,0	298	149
25	0	9,11	2,0	274	149
2	0	16,8	4,4	260	149
1	0	2,0	10,6	203	149
0	2	0,6	2,4	268	149
22	0	45,51	2,3	224	149
58	0	63,84	4,0	249	149
17	4	43,53	2,0	245	149
0	6	2,0	14,11	233	149
2	18	0,2	6,1	269	149
19	0	30,31	0,4	262	149
2	39	0,0	45,62	215	149
62	0	115,82	2,0	254	149
45	0	109,56	2,0	200	149
10	0	58,32	1,0	298	149
10	0	42,21	0,4	298	149
6	145	2,0	121,51	247	149
227	2	199,91	0,0	298	149
312	0	205,176	2,0	298	149
2	11	0,0	6,6	226	149
3	0	2,0	3,2	298	149
0	11	6,2	33,9	243	149
0	22	5,0	40,11	261	149
49	4	80,35	1,10	224	149
12	218	14,16	135,74	298	149
4	6	0,0	7,14	298	149
5	128	0,0	61,50	298	149
329	0	181,111	2,0	298	149
325	15	182,101	5,2	290	149
343	15	160,99	5,2	298	149
431	2	254,117	0,0	249	149
264	2	142,74	0,0	296	149
455	0	250,135	2,0	263	149
0	1	2,8	0,2	272	149
0	6	0,2	18,7	298	149
1	8	0,0	5,0	199	149
46	1	32,13	0,0	241	149
25	0	26,7	1,0	241	149
47	0	25,14	1,0	293	149
69	1	35,20	4,0	293	149
84	0	45,13	2,0	247	149
3	21	3,0	12,9	227	149
1071	4	358,173	0,0	282	149
546	0	193,98	2,0	282	149
19	0	7,0	2,0	226	149
2	14	7,14	8,7	298	149
14	4	22,5	0,2	250	149
15	14	19,9	8,7	250	149
4	14	0,2	8,7	214	149
0	3	4,1	2,5	214	149
2	7	0,0	2,0	271	149
5	70	2,2	139,92	289	149
170	2	378,288	0,0	298	149
49	0	36,22	3,0	263	149
21	1	20,12	4,2	298	149
21	0	20,14	2,2	298	149
0	23	0,2	19,11	272	149
4	0	29,34	75,40	277	149
8	25	0,8	18,10	298	149
4	56	9,4	29,22	271	149
0	4	2,0	10,24	211	149
11	0	28,23	4,0	188	149
17	0	63,34	0,2	261	149
2	0	0,1	1,0	261	149
0	1	3,0	0,0	270	149
3	148	2,0	80,48	298	149
224	2	133,63	0,0	257	149
32	1	9,7	0,2	267	149
1	8	0,2	2,0	196	149
18	2	4,6	2,2	264	149
48	4	6,6	3,3	264	149
134	0	110,122	2,0	298	149
13660	1	130,121	2,0	226	149
24840	1	217,211	2,0	282	149
18869	1	179,163	2,0	298	149
6121	5	46,47	0,0	225	149
1	4	0,2	37,8	298	149
121	1	54,35	2,8	298	149
23	5	23,18	2,2	192	149
9	7	1,0	2,0	194	149
8	8	1,0	2,0	194	149
6	8	2,0	2,0	230	149
421	3	276,90	0,0	249	149
113	1	60,25	0,0	298	149
16	0	25,14	10,10	236	149
228	2	47,12	0,0	298	149
35	2	11,2	0,0	276	149
15	1	19,8	0,2	233	149
82	0	336,168	5,0	225	149
98	0	350,208	7,4	226	149
126	2	277,131	0,0	208	149
490	1	1103,425	0,0	298	149
406	0	856,360	1,2	209	149
417	0	868,370	6,0	203	149
504	2	1071,379	2,0	288	149
102	3	224,108	0,0	244	149
272	3	642,309	0,0	255	149
198	0	421,165	1,0	298	149
477	0	963,410	1,0	263	149
5	251	3,0	468,165	246	149
82	0	62,20	2,0	252	149
2	11	0,2	6,2	245	149
33	11	37,40	7,0	246	149
36	0	120,28	2,2	195	149
0	25	7,0	92,20	276	149
0	25	5,0	92,20	273	149
24	0	111,44	4,1	220	149
4	20	13,2	46,12	206	149
18	2	10,11	0,0	295	149
7	1	1,2	0,0	284	149
7	1	1,0	0,0	298	149
399	1	341,211	9,0	284	149
424	0	332,123	2,0	260	149
295	11	367,243	8,3	252	149
0	2	8,8	17,15	254	149
64	2	127,96	17,15	194	149
38	1	71,56	6,4	194	149
22	0	38,32	1,0	203	149
30	0	81,65	1,0	298	149
15	1	35,54	6,4	205	149
14	0	52,69	2,0	294	149
0	4	6,3	2,2	276	149
7	4	3,1	4,6	298	149
2	4	5,1	4,6	298	149
5	0	11,15	0,2	298	149
0	37	2,0	89,26	286	149
200	4	4,0	0,0	298	149
143	1	2,1	0,0	258	149
209	2	6,1	0,0	258	149
377	3	6,1	0,0	298	149
49	2	88,28	0,8	273	149
33	0	57,21	1,0	273	149
18	0	11,11	1,0	213	149
33	1	41,11	0,1	213	149
63	0	56,24	2,0	298	149
49	2	47,24	0,0	285	149
49	2	46,28	0,0	298	149
0	24	4,0	19,13	267	149
32	0	28,19	1,0	215	149
41	6	47,25	2,2	298	149
2	0	1,6	0,4	184	149
2	0	0,7	0,4	185	149
10	0	6,12	0,2	185	149
2	26	0,1	5,0	298	149
59	0	11,4	0,2	224	149
4	2	5,2	0,2	227	149
98	0	210,101	0,2	287	149
86	0	189,88	1,0	215	149
83	0	201,83	6,2	238	149
53	2	133,84	0,2	298	149
346	0	101,103	0,2	258	149
1290	7	299,326	1,6	248	149
976	2	318,301	0,0	256	149
2	7	2,0	7,2	277	149
22	34	23,7	13,7	263	149
36	4	28,35	12,3	251	149
2	0	2,6	0,2	298	149
177	2	113,60	4,2	274	149
1	90	0,2	46,35	221	149
1	57	2,0	17,8	178	149
98	0	128,68	0,2	259	149
0	4	5,0	10,12	214	149
6	0	16,9	2,0	204	149
8	1	10,14	0,0	205	149
0	8	1,0	7,2	276	149
0	8	2,0	7,2	298	149
0	1	9,0	6,0	280	149
0	7	7,0	4,0	280	149
2	7	6,0	4,0	234	149
7	1	9,0	0,2	201	149
120	0	124,136	2,0	298	149
0	2	0,2	0,0	262	149
4	2	6,8	2,0	227	149
1	2	11,12	2,0	213	149
2	0	0,3	0,1	287	149
0	1	0,1	1,0	287	149
0	4	0,1	10,0	298	149
1	6	0,2	20,13	238	149
9	0	26,12	6,2	276	149
3	3	1,0	7,2	231	149
5	0	5,0	7,0	227	149
4	3	4,0	7,2	227	149
2	3	17,4	7,2	286	149
5	2	12,4	1,0	286	149
31	0	11,21	1,0	265	149
4	90	0,6	66,44	273	149
113	0	98,62	0,2	280	149
28	0	28,15	1,2	221	149
4	0	2,2	1,2	263	149
2	0	0,2	1,2	271	149
1	55	0,2	75,54	298	149
62	0	82,37	0,2	230	149
89	0	135,55	2,0	295	149
73	2	65,49	0,0	273	149
46	0	62,32	2,0	298	149
29	3	39,33	4,4	257	149
4	1	0,2	2,0	296	149
2	3	0,1	4,4	296	149
8	3	3,5	4,4	284	149
10	0	1,7	0,1	284	149
3	9	4,0	10,4	252	149
0	2	2,0	0,0	273	149
83	4	31,35	0,2	234	149
57	0	32,40	2,0	298	149
2	29	0,0	2,11	277	149
2	29	2,0	2,11	201	149
235	2	116,92	1,0	298	149
429	9	191,137	1,2	298	149
267	5	93,64	0,0	200	149
213	1	68,51	0,0	196	149
0	2	0,1	0,4	296	149
4	2	11,5	0,4	253	149
2	2	7,14	0,1	265	149
13	14	11,14	25,11	298	149
6	2	9,0	0,3	298	149
7	8	5,6	9,2	298	149
6	0	3,0	2,1	298	149
3	8	0,3	9,2	187	149
2	0	0,2	2,1	187	149
2	2	4,2	2,6	187	149
0	1	2,0	0,0	187	149
18	0	22,15	2,1	218	149
12	1	15,19	0,0	218	149
12	0	19,16	0,2	218	149
33	2	46,29	5,7	204	149
23	0	28,15	6,0	208	149
13	2	17,19	0,0	208	149
2	2	17,8	0,0	239	149
14	2	29,12	7,6	239	149
8	2	6,7	0,0	283	149
8	14	6,7	25,11	298	149
810	4	846,1048	0,2	272	149
430	4	428,539	2,6	272	149
178	4	109,199	2,6	271	149
550	0	530,705	4,0	271	149
63	2	127,86	3,4	298	149
0	2	2,0	0,2	298	149
199	0	171,63	2,0	298	149
173	0	209,132	1,0	293	149
677	0	516,224	2,1	298	149
150	0	93,55	2,0	283	149
18	3	11,6	7,4	290	149
9	62	7,6	40,16	290	149
12	62	15,11	40,16	260	149
20	2	12,7	0,0	260	149
17	4	28,10	0,0	202	149
27	0	94,67	0,1	298	149
1285	2	471,204	0,0	245	149
395	535	120,53	179,92	215	149
990	0	270,194	1,0	233	149
0	2	5,3	0,0	298	149
4	0	3,3	3,0	259	149
2	0	2,3	3,0	263	149
9	0	9,23	2,2	290	149
5	2	10,3	0,0	221	149
2	0	2,0	4,0	179	149
49	0	51,12	4,0	271	149
56	18	58,12	6,10	271	149
161	0	168,53	11,13	298	149
3	19	7,8	40,31	213	149
24	0	41,49	0,2	241	149
64	16	63,40	16,17	155	149
1	16	2,0	16,17	246	149
14	0	32,44	4,6	225	149
5	3	16,24	0,0	225	149
3	3	6,10	0,0	238	149
12	0	18,24	2,0	238	149
0	4	2,2	6,14	229	149
2622	1	256,536	0,0	298	149
3	0	7,12	4,0	298	149
174	0	425,256	0,4	298	149
95	0	171,167	2,0	248	149
87	0	150,138	2,0	298	149
2	2	2,0	7,0	242	149
18	0	17,17	4,2	298	149
12	0	31,16	0,2	246	149
30	0	44,22	2,0	246	149
6	2	0,6	5,4	271	149
4	3	3,2	4,4	298	149
31	0	50,44	0,2	246	149
18	2	43,26	0,2	298	149
0	21	8,0	19,5	262	149
8	14	2,9	23,12	269	149
4	0	0,6	0,4	244	149
0	7	2,0	27,9	231	149
7	0	42,9	0,2	197	149
6	0	9,5	0,2	298	149
446	0	156,121	4,0	281	149
2	27	0,0	5,3	204	149
17	103	24,23	79,61	209	149
6	0	6,2	4,0	205	149
10	41	5,5	54,30	229	149
0	4	2,0	7,8	220	149
1	5	0,0	3,6	220	149
21	5	19,24	3,6	298	149
17	1	14,16	0,0	298	149
2	8	0,1	16,20	212	149
15	3	18,17	4,0	262	149
4	0	2,8	2,0	298	149
4	2	22,0	8,2	271	149
49	3	35,38	3,3	262	149
36	2	16,16	4,8	295	149
38	1	26,19	2,0	291	149
4	4	2,0	0,0	268	149
153	14	114,45	18,7	265	149
6	0	3,0	2,2	282	149
45	6	161,125	3,0	252	149
5	4	4,0	0,1	267	149
127	6	83,33	0,0	249	149
100	2	65,44	2,4	203	149
49	2	38,15	0,0	219	149
35	2	32,16	0,0	273	149
138	2	126,30	0,0	254	149
144	0	129,54	5,0	238	149
32	2	102,33	4,0	298	149
46	0	105,32	4,0	278	149
12	2	58,6	0,0	281	149
1	0	2,0	2,0	236	149
27	0	64,31	2,0	298	149
22	2	74,37	0,0	225	149
29	0	76,64	2,0	234	149
42	2	114,50	0,0	220	149
70	0	149,66	0,2	298	149
14	1	30,27	0,0	269	149
0	47	2,0	33,45	269	149
20	2	18,20	3,2	298	149
40	2	8,9	0,0	291	149
40	2	8,9	0,0	291	149
41	2	9,9	0,0	271	149
5	2	1,0	0,0	298	149
5	41	2,0	8,9	298	149
2	41	0,0	8,9	240	149
2	40	1,0	7,5	196	149
0	26	2,4	11,6	196	149
45	9	31,9	1,0	235	149
322	1	44,87	0,0	298	149
20	0	18,20	2,0	298	149
921	0	1039,694	2,0	263	149
2456	0	2967,2379	2,0	298	149
299	718	402,171	532,359	298	149
2	0	7,19	1,0	214	149
12	1	8,2	0,0	279	149
7	2	4,0	0,0	281	149
9	0	105,12	1,0	298	149
0	7	2,0	60,31	183	149
4	0	75,36	4,0	298	149
2	0	38,23	2,0	270	149
5	2	5,0	4,0	288	149
9	7	9,4	18,7	288	149
0	4	2,1	4,4	192	149
8	7	12,8	18,7	243	149
6	4	8,8	4,4	243	149
0	30	1,0	76,33	227	149
76	0	287,111	3,0	272	149
0	80	6,0	111,79	222	149
68	6	178,91	3,5	294	149
595	2	748,471	4,3	298	149
2	73	2,0	56,46	298	149
2	73	2,0	56,46	298	149
8	2	24,19	6,4	227	149
6	0	22,17	2,0	227	149
29	2	44,33	6,4	253	149
34	0	34,29	2,0	270	149
74	1	82,45	0,0	298	149
45	1	57,48	0,0	298	149
27	0	12,9	0,1	298	149
19	26	33,11	12,9	275	149
72	0	78,29	4,0	240	149
71	0	78,35	0,4	273	149
33	0	25,13	0,4	250	149
24	0	15,9	4,0	239	149
10	0	7,1	0,2	239	149
2	42	4,0	12,12	213	149
33	17	8,12	5,0	259	149
23	0	28,19	0,2	298	149
65	17	36,31	5,0	298	149
11	17	9,10	5,0	220	149
4	45	0,1	20,7	233	149
66	0	47,38	1,0	269	149
207	2	130,34	2,4	290	149
112	0	83,41	2,0	250	149
170	1	107,65	0,2	254	149
218	0	124,98	2,0	298	149
144	1	77,53	0,0	207	149
21	0	21,19	0,2	298	149
277	0	475,507	0,2	298	149
139	0	252,232	6,2	298	149
59	0	115,162	6,2	207	149
197	0	337,437	0,2	207	149
27	17	20,19	18,2	248	149
55	1	67,79	0,0	224	149
28	3	22,20	0,0	298	149
21	2	15,18	0,0	298	149
58	9	31,7	7,2	241	149
58	2	31,7	0,0	241	149
39	9	15,3	7,2	294	149
71	2	28,15	0,0	294	149
32	2	13,12	0,0	294	149
48	2	53,13	0,0	223	149
54	2	60,15	0,0	223	149
45	2	53,13	0,0	223	149
139	1	167,31	0,0	257	149
4	0	9,6	1,2	213	149
62	0	50,32	2,0	181	149
1	60	0,0	49,32	195	149
0	60	0,2	49,32	221	149
1	60	2,0	49,32	204	149
130	0	110,50	1,0	298	149
111	2	137,40	0,0	244	149
23	0	33,10	2,0	198	149
17111	2	7434,2991	0,0	298	149
4	6	0,0	2,2	255	149
14814	1	6554,2785	0,0	255	149
12135	5	4427,1907	0,1	298	149
5198	2	2569,988	0,0	298	149
6604	2	2975,1588	0,0	298	149
13417	1	5704,2520	7,5	298	149
6373	0	3038,1140	2,2	298	149
6374	3	3038,1140	0,0	298	149
12177	0	5708,1998	0,2	298	149
13947	27	6780,2686	8,3	298	149
5399	1	2131,886	0,1	298	149
48	1	40,5	0,0	298	149
4441	1	1660,672	0,0	298	149
9807	21	3782,1554	32,2	298	149
122	0	94,42	0,1	291	149
3	97	2,0	98,59	188	149
3	97	7,2	98,59	236	149
213	0	205,161	1,0	298	149
73	0	139,77	2,0	298	149
2	62	0,2	67,25	288	149
7	59	0,0	76,28	235	149
75	2	112,48	2,4	203	149
142	4	219,89	4,2	242	149
142	0	250,51	2,0	298	149
20	46	61,23	39,28	290	149
2	93	2,0	119,77	245	149
3	65	0,0	63,24	188	149
87	2	131,51	0,2	254	149
131	3	188,79	0,0	298	149
215	0	250,143	1,0	298	149
169	2	151,66	0,0	271	149
150	7	137,92	12,0	298	149
164	0	146,71	2,0	289	149
47	6	32,25	7,12	232	149
80	2	46,35	0,0	253	149
24	1	11,4	0,0	201	149
61	1	53,11	0,0	197	149
0	39	2,2	30,12	244	149
41	0	35,14	2,0	298	149
3	0	10,1	2,0	238	149
33	0	23,7	12,2	183	149
75	1	36,25	0,1	270	149
45	2	27,28	0,0	194	149
69	2	50,18	0,0	298	149
69	0	34,15	2,0	298	149
443	0	1013,470	8,0	231	149
3	118	2,2	341,111	274	149
0	32	2,5	64,25	224	149
2395	0	1154,1228	2,0	263	149
0	2	2,0	0,0	264	149
2	0	2,6	0,1	296	149
2	216	2,0	37,50	206	149
524	0	53,71	0,2	243	149
278	1	37,20	0,0	289	149
589	27	73,76	4,0	265	149
526	4	82,68	0,0	292	149
0	27	3,2	18,24	229	149
27	0	68,52	2,0	298	149
30	0	86,44	0,2	297	149
54	2	67,50	0,0	298	149
117	2	119,106	0,0	298	149
0	54	3,2	40,25	281	149
100	2	116,85	0,0	258	149
23	9	36,10	10,2	281	149
6	9	4,1	10,2	237	149
0	4	0,1	61,24	237	149
489	8	240,112	0,0	298	149
2	15	4,0	14,8	298	149
2	15	0,0	14,8	212	149
2	105	0,0	124,85	298	149
23	4	45,21	3,2	272	149
322	2	271,176	6,0	266	149
23	6	14,6	0,0	298	149
2535	1	171,62	0,0	298	149
2086	5	103,77	0,0	298	149
990	1	59,34	0,0	298	149
1884	1	117,107	0,0	298	149
2986	11	161,150	0,0	298	149
476	1	35,6	0,0	216	149
2503	13	171,93	0,0	298	149
2100	17	98,30	0,0	298	149
1839	12	179,121	0,0	238	149
1582	12	94,23	0,0	247	149
676	2271	20,28	149,85	257	149
2045	1	142,79	0,0	249	149
1499	335	62,34	28,5	281	149
989	335	42,25	28,5	298	149
271	2671	1,8	117,45	298	149
3	33	30,14	29,11	298	149
105	0	93,46	2,1	233	149
46	0	41,31	0,4	298	149
378	3	10,4	0,0	243	149
14	159	0,0	4,4	271	149
155	82	0,4	0,0	249	149
64	2	0,4	0,0	249	149
192	6	0,2	0,0	263	149
348	5	5,0	0,0	298	149
282	2	4,1	0,0	277	149
244	2	4,1	0,0	277	149
128	4	2,0	0,0	298	149
222	54	8,1	2,0	298	149
230	54	8,1	2,0	298	149
121	2	125,106	0,0	298	149
0	26	0,2	7,6	227	149
12	0	0,0	7,12	298	149
7680	2	601,245	0,0	298	149
8045	2	650,214	0,0	298	149
1294	0	1018,873	0,6	284	149
2	709	0,0	546,547	298	149
2475	2	1395,897	0,0	298	149
3182	2	1941,1444	0,0	298	149
6	1998	1,0	1288,911	238	149
2130	2	1355,1415	2,0	298	149
42	2	25,7	0,0	223	149
180	4	34,28	6,1	232	149
14	0	72,37	0,4	259	149
11	0	83,53	2,6	269	149
12	2	95,55	0,0	251	149
15	6	60,20	12,0	227	149
8	0	24,6	15,0	209	149
2	0	7,0	2,2	209	149
1	0	29,8	2,2	188	149
18	0	51,16	2,0	188	149
0	12	11,6	61,16	268	149
0	12	7,0	61,16	194	149
6	0	57,31	2,0	240	149
2	0	13,4	2,1	298	149
14	2	46,27	0,0	240	149
0	2	0,3	0,4	294	149
21	2	34,61	2,0	229	149
5	2	12,16	2,0	298	149
1	0	0,0	0,1	244	149
2	0	1,0	0,1	251	149
3	0	32,23	0,3	239	149
76	2	127,88	0,0	257	149
42	0	160,89	2,2	197	149
139	0	455,170	2,0	273	149
4	0	10,20	2,2	215	149
3	6	6,4	41,25	298	149
2	5	2,4	3,2	243	149
38	0	91,58	1,0	273	149
48	2	8,10	0,0	298	149
68	4	74,53	4,2	242	149
252	2	325,229	0,0	269	149
175	0	248,170	0,4	298	149
125	2	288,202	0,0	298	149
18	1	13,6	0,0	239	149
0	2	13,5	0,0	236	149
0	2	2,0	0,0	298	149
1212	0	1337,748	1,0	242	149
195	3	2,2	0,0	298	149
27	4	12,6	0,2	259	149
17	1	21,23	0,0	191	149
67	0	42,27	2,0	284	149
9	0	11,6	1,0	259	149
18	0	14,20	0,2	259	149
8	0	4,13	0,2	234	149
15	12	3,2	11,6	254	149
8	139	5,0	107,33	182	149
0	86	2,0	40,36	218	149
1	14	1,0	23,16	218	149
202	14	159,95	23,16	298	149
94	2	44,36	0,4	298	149
116	1	121,59	1,0	298	149
66	2	76,52	0,4	221	149
168	8	170,94	4,0	221	149
5	2	4,0	0,0	185	149
0	23	0,1	13,0	293	149
233	5	142,108	11,8	262	149
275	2	183,106	0,0	298	149
170	2	140,98	0,2	231	149
2	10	2,0	5,2	186	149
105	0	73,30	2,0	240	149
18	2	14,9	1,0	198	149
83	0	335,255	3,0	237	149
0	58	19,6	78,115	227	149
123	2	135,183	0,0	298	149
0	323	0,2	591,475	264	149
8	0	12,10	2,0	232	149
1098	0	1682,1422	0,2	298	149
12	0	8,18	0,6	270	149
7	0	43,45	6,2	232	149
1	4	5,3	6,6	298	149
2	67	4,1	37,24	242	149
39	0	22,15	0,2	227	149
43	0	32,16	0,2	298	149
41	0	26,16	0,2	298	149
3945	4	624,373	0,0	298	149
8122	4	1292,992	0,0	290	149
7	3968	2,7	626,373	298	149
6641	1	963,678	0,0	269	149
1	4364	0,0	504,343	298	149
0	4364	1,0	504,343	228	149
37	4697	5,0	672,594	298	149
37	4697	5,0	672,594	298	149
38	4697	5,0	672,594	298	149
38	4697	5,0	672,594	298	149
4456	2	638,562	0,0	275	149
10077	2	1572,1389	0,0	278	149
4402	12	763,724	0,0	244	149
8507	12	1338,1080	0,0	253	149
4765	12	827,769	0,0	272	149
6481	2	1110,946	3,0	298	149
1725	2	281,178	3,0	298	149
11	0	17,16	2,0	298	149
66	0	108,74	2,0	225	149
0	3	2,0	4,2	298	149
57	0	126,103	0,4	298	149
4	26	0,0	21,20	210	149
3	0	13,3	6,6	198	149
4	0	5,10	4,6	298	149
3	1	6,4	2,0	238	149
7	1	11,1	0,0	271	149
12	3	29,17	2,0	267	149
11	3	13,25	2,0	298	149
0	4	4,0	5,2	277	149
6	0	10,5	0,2	215	149
4	1	2,10	0,0	298	149
42	0	29,13	2,0	298	149
1	11	0,0	5,2	236	149
194	2	534,548	0,0	246	149
1	4	0,0	9,0	208	149
8	0	16,7	2,0	298	149
285	0	169,75	2,0	277	149
148	0	114,69	1,0	261	149
233	0	134,94	0,1	208	149
333	3	202,111	7,2	257	149
244	1	214,166	0,0	229	149
55	2	78,62	8,5	252	149
20	0	71,22	1,0	215	149
2	2	4,2	0,2	231	149
40	0	55,27	2,2	270	149
38	1	76,61	0,0	269	149
24	0	97,39	0,4	208	149
45	1	131,70	0,0	284	149
80	0	200,131	3,20	298	149
11	2	31,12	0,0	284	149
2	2	30,24	2,2	212	149
12	0	58,39	4,0	277	149
0	8	0,2	22,12	298	149
125	1	83,40	2,0	238	149
202	1	180,77	0,0	282	149
36	1	4,0	0,0	277	149
7	7	2,2	2,0	239	149
13	7	4,6	2,0	298	149
9	2	2,2	0,0	298	149
28	0	66,43	1,0	298	149
25	0	51,30	2,0	255	149
33	0	91,32	2,0	201	149
11	0	47,16	4,0	201	149
11	0	44,16	2,0	201	149
16	0	55,24	1,0	201	149
7	0	11,10	4,0	186	149
28	0	59,27	5,0	186	149
10	0	20,6	2,0	206	149
10	0	21,6	2,0	206	149
0	5	4,0	13,8	206	149
41	0	61,21	1,4	245	149
2	1	12,8	4,0	199	149
2	0	0,0	4,0	237	149
10	0	9,4	2,0	235	149
32	0	13,14	2,0	298	149
2	9	2,2	2,2	240	149
49	0	33,44	0,1	261	149
9	3	0,6	0,0	244	149
0	2	2,0	4,0	266	149
14	2	28,15	4,0	272	149
14	0	21,13	2,0	272	149
15	2	26,12	0,0	252	149
7	0	20,10	1,0	252	149
7	9	5,0	6,7	211	149
7	0	7,0	4,2	211	149
7	0	6,0	4,2	234	149
4	9	4,6	6,7	298	149
0	5	2,0	11,11	298	149
3	0	0,3	2,0	298	149
4	9	4,6	6,7	298	149
0	5	2,0	11,11	298	149
6	0	0,2	2,0	298	149
6	0	0,0	0,2	187	149
6	0	0,0	0,2	187	149
8	0	4,4	4,2	187	149
7	5	4,7	11,11	187	149
1	0	2,0	2,0	187	149
3	0	2,2	0,2	187	149
3	0	6,9	2,0	187	149
2	0	0,0	4,2	230	149
2	0	0,0	0,2	230	149
3	2	0,0	4,6	230	149
1	1	0,0	8,9	230	149
16	5	12,7	11,11	298	149
16	0	12,5	2,0	298	149
16	1	12,5	8,9	298	149
16	5	16,7	11,11	298	149
16	0	12,7	2,0	298	149
18	1	16,11	8,9	298	149
2	0	8,7	2,0	237	149
2	6	8,7	4,0	237	149
2	2	8,7	0,0	237	149
4	1	10,7	1,0	264	149
0	10	1,0	5,4	212	149
4	43	0,0	8,0	298	149
197	1	63,23	0,0	266	149
0	2	0,2	0,3	298	149
5	0	15,4	0,4	252	149
38	0	87,61	4,0	235	149
11	0	13,10	0,3	245	149
6	8	0,0	12,5	211	149
21	0	10,18	0,4	203	149
79	2	88,47	3,0	298	149
17	5	15,0	3,0	237	149
1	0	0,0	2,0	289	149
2	2	7,3	0,0	236	149
2	1	4,4	0,0	272	149
4	11	0,0	3,2	199	149
143	1	39,30	0,0	298	149
5	132	1,0	36,28	225	149
159	2	20,13	0,0	298	149
319	2	84,23	0,0	249	149
62	86	6,0	20,0	194	149
105	392	0,0	16,4	194	149
161	17	17,2	0,0	172	149
1010	17	52,10	0,0	269	149
78	2	109,54	0,0	237	149
15	0	109,83	2,0	266	149
16	0	248,173	1,0	170	149
15	7	140,92	31,16	298	149
4	237	1,0	123,90	188	149
8	2	2,6	0,0	298	149
49	0	35,30	2,0	276	149
2	23	0,0	27,26	258	149
2	1	7,0	2,0	298	149
0	10	3,2	18,14	191	149
16	2	11,9	6,0	298	149
13	2	6,7	6,0	298	149
1	0	4,1	0,2	191	149
29	0	39,25	5,2	298	149
13	0	156,58	2,0	287	149
47	4	24,9	2,8	246	149
5	4	2,6	0,0	298	149
37	9	22,4	24,12	209	149
1	34	5,8	38,40	164	149
2	2	9,21	0,0	167	149
138	6	28,12	0,0	298	149
182	2	38,15	0,0	298	149
186	2	24,7	0,0	251	149
232	4	39,6	0,0	296	149
3	27	16,4	186,50	298	149
27	5	190,53	34,10	298	149
2	0	8,2	2,1	298	149
2	5	10,5	34,10	298	149
0	5	2,0	34,10	232	149
4	15	6,9	10,12	267	149
1	8	0,0	6,4	298	149
1	38	0,0	43,26	199	149
2	0	8,0	4,0	170	149
9	14	12,8	12,4	298	149
225	4	143,90	0,0	298	149
177	1	60,45	0,4	264	149
172	0	58,46	1,0	264	149
305	5	160,103	2,0	253	149
145	0	95,43	1,0	248	149
149	0	97,39	0,1	248	149
415	0	255,119	2,2	298	149
9	219	8,6	141,64	219	149
162	0	103,60	0,1	221	149
30	1	22,25	4,2	182	149
38	0	31,22	0,1	224	149
30	13	20,14	8,1	164	149
0	32	1,0	16,23	269	149
65	0	68,49	0,4	291	149
2	29	8,4	54,9	170	149
62	0	99,86	0,2	251	149
90	1	122,77	4,0	289	149
83	0	100,70	4,2	261	149
91	2	132,75	2,0	298	149
3	0	24,8	3,1	238	149
0	2	0,1	0,0	298	149
0	1	6,0	6,20	257	149
0	1	11,4	0,0	298	149
2	7	0,0	3,4	240	149
152	2	97,41	0,0	194	149
36	141	37,21	54,57	290	149
1	7	0,4	9,6	255	149
13	2	22,18	3,1	296	149
0	11	2,0	8,9	271	149
14	2	13,11	0,0	245	149
15	0	14,12	0,2	222	149
1	7	2,0	12,9	270	149
2	0	4,2	2,0	207	149
9	0	18,22	2,0	219	149
4	0	18,14	6,0	208	149
131	2	33,31	0,0	216	149
129	1	37,42	0,0	239	149
136	4	162,174	7,0	263	149
12	1	16,13	0,0	223	149
1	1	0,0	13,10	251	149
33	1	101,35	2,0	298	149
56	2	154,66	0,0	250	149
29	0	53,29	2,0	172	149
2	13	0,0	58,10	298	149
0	10	0,2	12,1	193	149
51	0	36,20	1,0	256	149
33	0	33,16	0,3	215	149
4	13	15,13	14,6	219	149
6	0	11,6	0,6	193	149
20	0	52,31	5,1	245	149
8	0	36,15	0,4	298	149
9	0	41,27	6,2	245	149
56	1	194,115	0,0	242	149
49	1	177,62	3,4	298	149
6	19	5,0	17,18	298	149
95	22	226,102	44,18	298	149
43	80	25,21	66,41	298	149
268	0	358,188	2,2	298	149
49	0	65,90	2,0	298	149
23	0	76,62	2,0	251	149
77	0	172,171	2,0	254	149
132	0	245,213	2,2	234	149
2	1	4,3	0,0	249	149
6	84	2,1	153,139	249	149
6	1	3,2	0,0	239	149
3	84	3,0	153,139	239	149
53	6	22,4	1,2	247	149
10	3	16,2	1,0	247	149
28	84	11,6	153,139	219	149
27	4	13,8	0,0	219	149
33	3	12,8	1,0	219	149
73	5	25,8	12,0	219	149
103	0	180,150	1,0	298	149
6	2	13,5	2,2	247	149
0	21	2,0	25,13	298	149
5	21	16,18	25,13	253	149
8	23	5,12	51,25	223	149
20	23	19,12	51,25	298	149
0	6	1,0	9,2	298	149
76	4	104,46	2,0	221	149
7	1	13,3	0,0	250	149
160	18	103,56	2,2	172	149
202	1	128,77	0,0	206	149
0	65	2,0	188,131	239	149
3	65	4,0	188,131	203	149
12	0	20,2	4,0	236	149
113	0	134,62	0,2	298	149
111	0	141,124	0,2	234	149
95	2	168,126	0,0	289	149
1	0	3,1	1,0	222	149
2	2	9,3	0,0	250	149
88	4	21,51	0,0	251	149
48	0	68,59	2,0	298	149
109	1	65,49	4,1	298	149
145	0	92,83	4,0	278	149
2	10	0,4	8,16	251	149
4	31	7,5	11,21	251	149
25	31	14,25	11,21	278	149
18	2	6,9	7,2	278	149
2	90	2,0	66,44	219	149
0	29	0,4	34,20	222	149
0	8	3,0	8,8	298	149
0	2	2,3	3,26	242	149
4	77	9,4	79,34	271	149
86	3	174,85	0,0	275	149
147	0	306,132	2,0	298	149
3	57	11,2	75,22	194	149
54	15	65,37	21,18	298	149
52	1	49,16	2,0	269	149
24	5	20,5	21,12	269	149
6	5	22,6	21,12	212	149
36	2	52,19	5,2	212	149
0	1	3,0	0,0	256	149
0	54	0,5	54,23	298	149
3	104	3,0	69,34	298	149
1	107	6,0	61,28	298	149
0	107	2,1	61,28	298	149
2	47	0,0	41,35	298	149
117	0	81,55	3,0	251	149
0	87	0,6	34,27	298	149
1	106	0,0	59,11	257	149
1	59	0,0	24,12	298	149
14	0	66,253	6,0	266	149
56	0	157,69	1,0	216	149
92	0	161,87	2,4	298	149
3	0	0,1	2,4	265	149
105	4	182,102	0,0	298	149
29	1	67,50	4,2	298	149
22	1	32,29	4,2	250	149
95	1	152,82	6,4	250	149
0	1	8,0	0,0	243	149
1	0	0,0	2,0	298	149
8	165	0,0	31,30	292	149
215	1	50,51	0,0	298	149
464	0	99,98	2,0	298	149
505	7	108,81	0,0	273	149
212	2	48,28	0,0	298	149
379	0	73,84	1,0	262	149
353	0	110,48	2,0	237	149
89	3	52,26	8,4	298	149
143	2	108,49	4,0	253	149
45	0	114,90	2,0	240	149
1	2	0,1	6,4	226	149
5	2	0,2	6,4	220	149
5	6	0,4	0,2	224	149
170	1	150,128	0,0	248	149
47	2	21,20	2,0	179	149
26	0	17,2	2,2	298	149
46	0	13,3	2,0	281	149
1	15	0,0	5,0	258	149
27	4	72,55	14,8	298	149
51	0	127,69	2,0	284	149
5	31	2,2	83,24	231	149
57	2	68,50	3,0	298	149
5	44	4,8	50,24	229	149
26	0	16,12	3,0	266	149
59	0	55,42	3,0	298	149
29	0	36,29	3,0	298	149
21	3	25,38	5,1	239	149
25	2	56,19	0,0	217	149
29	1	63,39	2,2	189	149
1	34	0,0	39,37	298	149
1	2	0,0	2,0	298	149
18	0	54,45	2,0	298	149
0	253	0,1	104,106	172	149
0	224	0,1	88,63	298	149
246	0	116,129	3,0	260	149
2	0	0,0	3,0	198	149
0	16	1,0	17,15	206	149
0	263	2,1	836,340	298	149
0	9	4,0	6,12	236	149
0	1	3,4	8,4	266	149
0	1	8,7	8,4	298	149
2	4	0,0	6,2	283	149
14	2	4,10	0,0	208	149
29	0	16,22	2,2	242	149
0	10	3,2	10,25	221	149
170	0	845,274	2,0	236	149
1	104	0,0	502,187	276	149
0	4	0,2	7,2	210	149
52	36	32,16	20,12	242	149
4	88	3,0	79,26	213	149
107	2	96,43	0,0	234	149
0	61	11,0	62,28	264	149
3	8	9,0	5,2	285	149
1	2	9,0	0,4	285	149
6	8	4,2	5,2	268	149
4	61	4,0	62,28	268	149
9	2	16,6	0,4	298	149
17	61	5,6	62,28	298	149
4	61	4,4	62,28	273	149
3	9	15,4	0,4	273	149
2	0	8,0	0,2	298	149
614	0	379,332	0,2	221	149
184	2	87,69	0,0	251	149
146	0	72,29	4,1	255	149
125	0	53,28	1,0	285	149
71	1	19,17	3,2	244	149
33	0	7,17	3,4	244	149
27	0	17,3	3,4	227	149
1	0	4,2	0,2	227	149
66	1	25,1	0,0	227	149
15	0	6,6	0,2	222	149
65	1	25,3	3,0	222	149
6	0	19,7	9,4	298	149
0	3	3,0	2,0	246	149
0	2	2,0	0,0	298	149
10	0	4,4	2,1	298	149
113	0	139,27	5,2	298	149
427	8	389,118	7,2	298	149
75	2	111,52	3,4	221	149
0	17	2,4	34,4	290	149
0	17	0,1	34,4	267	149
7	130	2,1	181,90	198	149
203	6	384,305	0,0	232	149
353	1	482,308	2,0	298	149
20	19	70,94	8,5	298	149
2	11	4,0	10,0	208	149
15	40	8,8	28,4	221	149
7	40	8,7	28,4	289	149
4	0	6,5	0,6	191	149
2	0	4,0	1,2	298	149
477	2	41,10	0,0	228	149
572	2	82,44	0,0	298	149
39	42	23,16	32,15	224	149
31	0	12,11	0,2	224	149
200	0	158,147	0,2	283	149
12	0	12,13	1,0	185	149
1121	6	302,655	2,8	260	149
592	6	155,382	2,8	273	149
144	1	171,51	0,2	298	149
257	2	186,107	2,0	200	149
348	2	271,169	4,0	298	149
0	59	1,0	76,54	190	149
105	1	120,94	0,0	276	149
35	21	15,6	10,6	181	149
18	4	9,7	0,0	188	149
9	0	5,5	2,0	188	149
42	0	21,5	2,0	245	149
47	0	27,7	2,0	245	149
73	1	53,26	0,0	258	149
77	1	40,26	0,2	298	149
6	15	0,0	25,32	298	149
27	4	54,32	1,2	259	149
6	4	16,12	1,2	209	149
4	2	4,1	9,3	247	149
101	3	103,55	7,1	257	149
10	0	1,3	0,2	298	149
7	1	2,0	4,0	266	149
2785	4	1118,893	0,0	249	149
643	2979	176,184	1186,931	220	149
8	27	3,2	42,22	269	149
0	7	8,2	15,4	272	149
74	4	37,18	1,0	251	149
181	1	265,207	0,2	197	149
175	5	248,170	4,6	172	149
89	1	129,67	2,0	298	149
57	1	76,36	2,0	179	149
3	2	0,2	2,0	179	149
40	0	33,15	2,0	203	149
59	2	95,39	2,0	203	149
194	2	316,160	0,2	203	149
233	1	233,121	0,0	185	149
17	0	44,50	4,2	170	149
5	3	34,15	5,2	290	149
7	0	24,13	2,0	298	149
5	93	2,0	43,18	182	149
99	2	203,127	4,0	224	149
37	72	28,53	142,64	212	149
1368	1	0,4	0,0	287	149
846	4	78,159	4,0	298	149
9264	3	773,2567	3,2	298	149
4	60	9,5	13,10	270	149
8	2	22,8	0,0	218	149
8	0	9,13	0,2	298	149
2	1	7,2	6,2	194	149
0	2	0,2	0,0	242	149
17	0	67,42	0,2	286	149
34	0	80,48	0,2	298	149
10	6	0,0	2,0	224	149
19	26	1,0	2,0	224	149
25	8	0,2	0,0	224	149
4	6	0,0	2,0	238	149
4	26	0,0	2,0	238	149
20	9	2,2	0,0	298	149
17	8	2,0	0,0	298	149
9	6	2,0	0,0	298	149
12	16	0,0	0,2	298	149
40	9	2,2	0,0	298	149
37	8	2,0	0,0	298	149
29	6	2,0	0,0	298	149
21	16	1,0	0,2	298	149
14	1	1,0	0,0	298	149
13	3	1,0	0,0	298	149
9	6	0,1	0,0	298	149
17	16	0,0	0,2	298	149
0	3	0,1	0,0	298	149
31	11	0,2	0,0	298	149
14	4	0,2	0,0	298	149
16	5	0,2	0,0	298	149
14	3	0,3	0,0	298	149
26	1	0,2	0,0	268	149
34	3	0,2	0,0	268	149
35	0	0,0	0,1	268	149
17	0	0,0	0,1	298	149
15	5	2,0	0,0	298	149
2	0	0,0	0,1	298	149
6	0	23,11	2,0	278	149
6	10	2,0	1,0	265	149
5	1	2,0	0,0	265	149
8	1	7,2	0,0	298	149
40	0	17,7	0,2	298	149
8	0	11,35	0,4	298	149
3	0	4,9	4,2	294	149
2240	2	2196,1100	1,0	233	149
45	1645	24,8	1616,846	259	149
1	0	7,3	0,1	298	149
0	8	2,8	5,8	161	149
0	3	3,4	0,2	161	149
0	8	0,2	5,8	267	149
25	14	38,26	13,11	298	149
17	14	28,24	13,11	298	149
2	54	0,0	40,27	268	149
1	54	2,8	40,27	236	149
94	6	127,110	4,2	241	149
13	6	1,0	13,10	184	149
1	5	2,3	6,11	197	149
4	0	4,6	0,2	298	149
0	25	4,2	47,33	171	149
69	2	131,115	0,0	298	149
29	0	51,75	0,2	239	149
33	47	49,73	68,21	298	149
2	2	0,0	5,4	285	149
24	1	34,19	2,0	298	149
30	1	39,23	2,0	238	149
2	6	4,0	5,6	219	149
10	10	9,6	10,0	291	149
4	10	4,0	10,0	285	149
0	15	3,2	46,16	298	149
1	22	0,2	62,18	274	149
22	5	61,6	31,10	269	149
2	0	13,9	0,1	298	149
4	0	10,1	0,1	223	149
25	0	136,42	2,0	241	149
21	0	16,10	3,0	260	149
10	0	18,2	3,0	298	149
14	0	30,2	1,2	298	149
48	2	68,28	2,0	194	149
62	0	69,46	0,4	234	149
19	1	24,21	0,0	233	149
56	1	2,0	0,0	298	149
0	2	0,1	13,2	265	149
2	15	0,0	28,6	253	149
18	3	31,8	8,0	245	149
73	2	312,243	0,0	278	149
5	1	2,0	0,2	298	149
108	0	41,31	2,0	298	149
71	0	28,26	2,0	298	149
266	0	164,104	2,3	298	149
0	15	4,0	15,11	241	149
17	133	23,10	57,51	182	149
2	108	1,0	48,28	280	149
138	0	68,41	2,0	270	149
206	6	107,62	2,0	298	149
128	1	65,43	0,0	298	149
206	0	117,71	2,0	298	149
111	1	193,97	0,0	296	149
193	1	349,210	0,0	298	149
1	103	4,4	108,27	235	149
4	103	0,0	108,27	244	149
99	2	173,69	0,0	257	149
182	2	332,116	0,0	260	149
20	56	18,5	123,76	252	149
7	56	2,0	123,76	271	149
63	0	154,91	2,0	248	149
14	2	22,16	5,0	298	149
5	0	6,4	17,8	298	149
9	0	4,4	0,2	276	149
6	0	6,3	0,2	273	149
7	15	4,2	28,21	271	149
8	11	6,2	43,13	271	149
4	15	7,0	28,21	298	149
4	1	7,0	0,0	298	149
0	15	2,0	28,21	197	149
24	11	37,17	43,13	197	149
3	0	15,5	2,0	197	149
134	0	156,66	0,2	226	149
133	0	77,37	1,0	238	149
148	1	135,47	2,0	238	149
124	0	86,60	0,2	274	149
13	0	34,8	1,0	274	149
84	0	76,21	1,0	298	149
275	9	209,121	25,0	298	149
239	21	172,87	41,11	298	149
160	0	99,72	4,0	298	149
74	9	74,39	25,0	244	149
56	21	52,9	41,11	244	149
2	0	7,0	4,0	171	149
7	0	18,0	4,0	216	149
84	7	80,43	7,4	216	149
15	2	3,11	0,0	264	149
17	1	44,45	0,0	296	149
2	17	0,0	10,5	285	149
2	17	0,0	10,5	224	149
22	35	24,8	26,34	203	149
46	35	36,17	26,34	221	149
23	9	24,6	9,4	221	149
23	35	24,6	26,34	272	149
26	9	22,27	9,4	246	149
46	9	30,52	9,4	281	149
150	59	119,38	50,17	296	149
61	96	47,36	75,42	298	149
0	143	2,0	168,72	210	149
32	128	28,13	124,57	298	149
26	56	16,27	28,3	190	149
1	19	0,0	18,27	268	149
1	19	0,0	18,27	242	149
60	1	62,50	0,2	248	149
18	0	21,16	0,2	230	149
12	1	24,10	0,0	265	149
6	0	17,15	6,2	289	149
4	0	15,13	6,2	241	149
3	0	2,0	4,0	239	149
2	2	0,0	10,16	230	149
0	2	0,2	0,6	206	149
4	177	0,0	240,244	189	149
830	0	641,630	3,0	184	149
5	549	6,2	391,412	195	149
17	2	12,6	0,4	254	149
1	2	2,2	0,4	292	149
15	0	17,4	2,0	222	149
408	2	627,403	6,0	298	149
4086	2	1859,1785	0,0	245	149
6	1	11,3	0,0	260	149
8	6	8,2	13,5	277	149
6	1	0,4	0,0	266	149
18	22	4,10	15,12	266	149
1	22	1,0	15,12	204	149
3	14	1,0	4,6	204	149
6	2	2,0	0,0	293	149
76	2	92,34	2,0	260	149
13	4	12,4	0,0	246	149
22	1	35,24	2,2	237	149
17	2	26,29	0,0	298	149
32	2	16,18	5,0	274	149
22	0	21,14	2,0	266	149
92	7	42,38	4,6	289	149
171	7	76,61	4,6	298	149
108	5	71,37	0,0	238	149
2044	6	1,2	0,0	233	149
30	2	58,49	0,0	298	149
25	4	34,36	5,2	212	149
28	0	38,15	0,3	218	149
12	0	20,20	0,2	218	149
4	0	23,27	0,2	247	149
23	3	51,33	8,14	247	149
6	0	8,14	0,1	261	149
22	0	67,39	0,2	261	149
1	0	2,2	0,2	266	149
5	20	4,1	63,25	266	149
1	20	0,0	63,25	264	149
13	0	8,7	0,2	279	149
28	0	37,44	2,0	298	149
2	7	0,0	4,6	228	149
1	3	4,0	6,4	298	149
5	34	2,0	34,5	274	149
69	0	94,21	2,2	222	149
4	0	23,17	3,3	223	149
71	0	566,336	14,5	256	149
6	42	6,4	366,220	298	149
53	0	807,495	14,8	226	149
1	41	5,3	446,328	199	149
1	36	8,13	466,409	167	149
67	2	942,423	0,0	228	149
5	58	45,17	479,241	236	149
20	82	5,4	13,10	181	149
47	0	12,1	2,0	215	149
51	16	4,5	8,0	188	149
4	32	0,0	15,4	224	149
6	1	9,7	4,0	272	149
0	22	2,0	25,21	234	149
2	0	7,10	2,0	285	149
221	6	62,38	0,0	296	149
3	137	4,0	39,11	298	149
242	1	75,21	0,0	290	149
0	28	0,4	34,24	205	149
12	2	5,0	0,0	298	149
7	0	7,7	3,2	298	149
3	4	2,7	18,0	298	149
10	4	19,11	18,0	298	149
7	4	20,6	18,0	298	149
7	4	17,4	18,0	298	149
40	2	138,37	3,2	241	149
0	20	3,0	78,24	298	149
30	3	115,36	1,0	298	149
83	0	177,67	1,0	298	149
2	42	11,6	138,47	232	149
56	0	127,40	7,0	242	149
0	16	1,0	28,4	245	149
17	1	25,6	14,1	203	149
2	0	2,0	2,0	231	149
7	0	5,2	0,3	237	149
212	2	465,311	0,0	245	149
98	2	241,150	0,0	241	149
244	3	499,283	2,4	287	149
385	0	778,362	2,0	269	149
192	0	379,154	2,0	262	149
178	0	344,147	2,0	249	149
66	2	126,83	0,0	298	149
76	1	65,21	0,0	292	149
1	6	2,0	19,18	180	149
30	0	40,30	0,2	247	149
31	0	58,46	0,2	229	149
26	0	41,30	2,0	229	149
3	58	8,4	84,65	203	149
6	70	6,12	74,47	218	149
2	0	0,2	2,0	215	149
13	0	8,7	3,0	218	149
2	8	0,0	1,2	237	149
20	168	3,0	36,28	257	149
630	1	183,106	0,0	254	149
17	0	21,17	0,2	225	149
25	0	41,12	1,0	258	149
34	2	37,13	0,0	199	149
0	24	0,4	26,11	206	149
16	0	4,3	1,0	208	149
55	0	34,31	1,0	270	149
83	0	54,35	1,0	243	149
18	5	13,15	2,0	284	149
30	0	26,26	3,0	284	149
20	0	15,6	3,0	298	149
24	21	15,8	15,13	298	149
21	6	22,7	26,7	251	149
4	50	0,0	23,9	298	149
66	0	100,60	4,0	259	149
92	3	77,32	0,0	298	149
146	0	168,111	0,4	298	149
80	2	86,70	2,1	231	149
200	34	7,0	4,0	298	149
623	13	129,37	2,0	298	149
71	0	131,100	1,0	250	149
45	2	75,25	2,4	298	149
38	2	35,21	0,0	220	149
1	0	2,0	0,2	251	149
90	1	92,132	0,0	274	149
507	14	176,105	3,0	298	149
277	2	115,63	2,0	224	149
354	7	197,101	0,0	293	149
132	7	90,51	0,0	231	149
22	1	45,5	0,0	212	149
2	11	0,0	23,4	214	149
0	3	2,0	2,5	243	149
0	6	2,0	0,0	255	149
0	19	0,3	10,5	250	149
303	2	155,129	0,0	289	149
347	11	220,185	2,15	298	149
163	0	121,80	0,2	298	149
4	139	3,0	108,88	278	149
5	66	7,0	33,40	227	149
7	0	13,1	2,0	290	149
10	15	13,4	25,24	290	149
51	8	77,51	0,0	208	149
43	0	61,61	1,0	298	149
28	0	21,30	1,0	228	149
347	10	326,175	9,0	237	149
377	1	297,172	0,0	294	149
25	149	26,22	113,67	194	149
275	2	220,150	0,0	243	149
1	4	0,0	8,2	256	149
1	4	0,0	8,2	298	149
31	40	10,6	35,17	222	149
38	0	28,17	2,2	242	149
59	17	51,31	28,23	242	149
7	3	5,2	0,0	242	149
27	61	42,40	37,22	188	149
98	1	118,128	0,0	217	149
147	0	200,118	2,0	279	149
196	0	131,54	1,0	298	149
169	0	129,83	0,2	271	149
0	94	0,2	77,59	298	149
21	73	26,27	88,52	191	149
171	1	153,114	0,0	244	149
158	2	133,113	0,0	220	149
0	33	0,2	8,12	219	149
4	0	3,5	2,0	298	149
4	0	5,7	2,0	298	149
4	211	0,0	82,78	257	149
2	211	0,0	82,78	262	149
35	0	69,25	2,0	249	149
23	1	33,22	1,4	162	149
0	14	6,0	23,6	249	149
4	14	2,4	38,31	298	149
203	1	161,86	0,0	298	149
262	2	235,140	0,0	214	149
2	15	0,0	6,6	298	149
12	2	18,30	3,0	176	149
2	59	0,0	91,52	188	149
0	59	1,2	91,52	212	149
0	74	2,2	72,49	298	149
8	74	4,0	72,49	246	149
4	0	1,0	2,2	246	149
75	0	73,52	0,2	298	149
2	5	5,3	2,8	245	149
19	0	53,63	2,0	245	149
20	0	48,31	0,2	252	149
11	2	23,16	0,0	298	149
9	10	2,3	20,15	298	149
205	2	81,44	0,0	205	149
4	403	2,4	171,114	298	149
5	403	2,4	171,114	298	149
674	7	423,285	0,2	298	149
460	1	286,284	0,0	298	149
680	0	412,334	2,0	298	149
361	0	248,256	1,0	276	149
818	17	531,500	8,0	285	149
717	0	419,331	1,2	276	149
300	4	180,246	0,1	298	149
2	16	0,0	4,6	298	149
375	3	316,219	0,2	253	149
160	0	127,72	1,0	253	149
114	0	99,68	1,0	298	149
335	4	288,213	0,0	298	149
373	0	274,221	2,0	219	149
489	17	395,277	6,20	298	149
276	0	266,203	0,2	298	149
192	0	147,166	0,2	298	149
392	4	273,220	3,0	298	149
10	0	18,10	3,0	268	149
0	4	4,1	10,10	298	149
13	2	17,4	0,0	272	149
10	1	4,5	2,0	298	149
11	0	20,2	1,0	298	149
20	0	19,3	1,0	197	149
149	2	84,32	0,0	298	149
102	18	31,46	7,8	298	149
299	0	116,102	0,2	298	149
171	0	57,48	0,2	291	149
190	1	52,51	0,0	298	149
0	1	4,2	4,3	298	149
4	13	2,0	7,0	233	149
0	3	0,2	2,2	275	149
0	3	2,2	2,2	279	149
0	3	2,2	2,2	298	149
0	6	2,0	18,5	274	149
6	0	2,6	2,0	282	149
30	0	93,105	0,2	298	149
14	0	28,46	0,4	269	149
36	0	97,88	1,2	269	149
29	0	62,114	2,2	298	149
278	0	379,161	2,0	298	149
256	0	388,169	1,4	244	149
376	2	401,203	5,0	238	149
4	0	0,1	2,0	285	149
102	4	65,25	0,0	277	149
85	4	72,27	1,0	221	149
55	2	72,56	0,0	209	149
42	2	50,27	2,0	207	149
111	2	111,61	4,0	207	149
69	2	95,80	0,0	240	149
152	2	256,129	8,7	217	149
128	1	34,37	2,2	263	149
27	33	0,2	3,3	217	149
4	2	48,15	2,0	298	149
4	2	12,11	0,0	298	149
8898	29	179,644	8,18	288	149
4904	3	77,316	0,0	288	149
3620	3	123,519	0,0	285	149
7577	5	216,826	0,0	285	149
0	32	2,0	27,31	298	149
178	3	168,106	10,8	233	149
71	2	33,50	0,0	298	149
69	2	47,29	3,2	298	149
0	21	0,1	26,7	192	149
2	2	0,0	2,0	235	149
9	1	8,4	0,0	221	149
15	5	1,6	6,0	258	149
13	48	1,6	56,48	258	149
26	48	32,31	56,48	266	149
24	1	26,31	0,0	266	149
8	117	0,6	49,52	182	149
9	960	36,18	868,387	298	149
36	960	91,23	868,387	286	149
9	960	22,16	868,387	239	149
6	4	6,0	6,4	215	149
0	17	2,0	14,12	180	149
10	17	1,4	14,12	265	149
72	4	100,79	8,2	235	149
0	38	0,2	33,29	287	149
0	27	0,5	71,36	229	149
35	2	89,39	0,0	245	149
4	7	5,4	18,21	221	149
18	163	9,6	93,47	258	149
40	0	55,54	1,0	289	149
16	2	7,7	0,0	298	149
0	3	2,1	2,1	298	149
54	7	50,21	3,5	206	149
10	51	12,5	50,21	263	149
125	1	179,126	2,0	271	149
298	1	451,406	2,0	298	149
156	1	260,273	2,0	280	149
44	2	75,56	0,4	280	149
38	0	57,30	1,0	217	149
5	12	8,8	41,18	251	149
181	2	640,801	4,2	298	149
6	0	9,5	1,0	298	149
6	0	1,3	1,0	298	149
6	0	14,6	2,1	298	149
14	0	14,2	0,1	230	149
2	0	11,7	4,2	209	149
0	3	3,0	1,0	268	149
5	1	24,13	2,4	298	149
5	6	26,13	31,14	298	149
5	10	25,13	31,25	298	149
7	2	22,17	26,30	298	149
5	1	22,13	2,4	298	149
5	0	24,13	3,0	298	149
6	6	28,15	31,14	298	149
9	10	22,13	31,25	298	149
5	1	23,13	17,7	298	149
1	6	10,4	31,14	298	149
1	10	2,5	31,25	298	149
3	2	2,4	26,30	298	149
0	1	8,0	6,2	298	149
0	4	0,1	0,0	298	149
0	6	2,0	31,14	185	149
0	1	2,0	6,2	185	149
20	3	34,24	2,1	185	149
18	4	29,21	1,4	266	149
20	0	24,29	1,0	222	149
6	3	10,14	2,5	222	149
59	2	83,63	0,0	298	149
28	0	58,44	1,0	231	149
37	0	59,37	0,2	253	149
3	32	0,0	19,2	232	149
24	0	19,21	0,2	236	149
0	10	1,0	2,2	298	149
4	11	3,1	9,6	207	149
36	4	38,13	2,3	298	149
18	0	20,12	2,0	298	149
6	0	22,7	1,0	298	149
0	4	2,0	12,20	260	149
207	18	243,198	27,31	176	149
33	2	45,48	0,0	176	149
35	18	47,46	27,31	192	149
54	175	35,8	199,153	297	149
288	2	287,316	0,0	298	149
445	0	459,438	0,2	298	149
51	1	137,48	0,0	258	149
25	0	81,78	1,0	298	149
1	27	4,0	57,22	272	149
45	6	95,32	13,9	263	149
68	9	136,50	15,25	263	149
0	53	2,2	89,52	187	149
55	0	117,71	3,0	262	149
540	0	647,252	1,0	240	149
441	2	432,201	4,0	239	149
533	0	539,252	2,0	290	149
318	0	396,155	0,2	290	149
1	8	0,0	16,11	234	149
19	1	20,21	0,0	271	149
0	2	1,2	0,0	292	149
2	2	14,22	0,2	246	149
5	0	30,8	0,2	179	149
7	0	5,0	1,4	298	149
113	0	99,71	0,2	298	149
105	22	80,70	32,12	284	149
1	2	0,0	5,1	258	149
0	2	2,0	5,1	232	149
160	0	38,9	2,0	207	149
71	0	73,28	2,0	254	149
78	2	133,25	0,0	248	149
56	0	91,43	4,0	222	149
133	0	63,5	1,0	298	149
2	9	0,0	15,18	206	149
23	1	30,18	0,0	254	149
35	0	49,15	2,0	298	149
20	4	22,2	10,7	274	149
0	12	1,0	14,2	269	149
0	1	3,0	6,6	269	149
19	1	34,15	6,6	298	149
12	0	14,2	7,0	298	149
7	0	20,13	2,0	298	149
2	0	6,4	7,0	222	149
26	0	48,56	2,0	298	149
14	0	42,17	2,4	298	149
30	6	23,8	1,6	182	149
52	25	62,31	23,9	170	149
74	0	53,40	0,4	258	149
87	4	50,12	0,0	285	149
470	7	264,191	0,0	257	149
382	0	224,158	2,0	233	149
444	1	278,121	0,0	284	149
12	0	224,99	0,2	298	149
4	0	90,36	0,2	232	149
0	5	1,0	47,11	219	149
5	0	9,22	1,0	244	149
21	0	30,44	0,2	296	149
31	0	28,22	3,0	284	149
3	0	0,0	2,2	298	149
4	1166	0,0	865,881	195	149
1872	2	1578,1557	6,0	272	149
2	27	0,4	100,65	206	149
0	14	4,0	43,30	264	149
0	27	0,2	62,47	262	149
4	12	6,4	31,14	230	149
17	2	50,33	0,2	230	149
0	2	2,2	6,8	237	149
51	1	50,34	0,0	298	149
51	0	50,34	1,0	298	149
38	0	22,23	4,0	222	149
110	2	72,25	0,0	247	149
154	2	92,47	1,0	298	149
2	5	6,6	4,2	195	149
2	1	2,5	8,8	247	149
10	2	9,10	0,0	283	149
54	2	47,25	2,0	250	149
99	6	79,34	5,8	250	149
9	6	12,3	5,8	194	149
10	51	13,5	38,13	194	149
81	1	65,51	0,0	251	149
102	0	67,80	4,0	298	149
400	5	608,384	0,0	251	149
599	7	764,523	3,6	251	149
405	5	578,338	0,0	271	149
408	7	582,340	3,6	271	149
455	5	597,368	0,0	298	149
516	7	635,396	3,6	298	149
55	7	39,37	3,6	198	149
75	225	89,85	206,188	198	149
52	6	42,37	7,2	198	149
80	91	49,59	48,50	198	149
15	0	25,35	0,4	298	149
358	1	171,91	0,0	246	149
17	1	34,11	0,0	218	149
0	5	0,2	10,2	240	149
165	4	102,75	0,0	298	149
2	95	0,0	60,26	213	149
0	6	0,2	0,0	247	149
13	9	3,0	4,0	264	149
12	44	10,11	22,9	298	149
11	44	8,15	22,9	273	149
3	46	5,6	28,10	268	149
56	2	23,7	0,0	206	149
11	2	4,3	2,0	206	149
84	0	140,81	0,2	298	149
10	0	23,19	0,2	185	149
2	2	0,0	3,2	287	149
0	2	2,0	3,2	298	149
26	0	41,24	0,2	257	149
27	1	28,18	0,0	283	149
0	6	2,0	43,3	278	149
6	0	43,3	1,0	202	149
15	0	131,5	2,0	202	149
6	2	8,2	0,0	298	149
1	0	403,523	2,5	216	149
8	79	0,6	33,31	187	149
4	3	0,0	19,0	260	149
0	8	4,0	17,22	201	149
27	0	40,29	0,1	258	149
15	4	50,22	4,0	214	149
38	0	57,47	0,4	298	149
6	0	14,20	4,0	298	149
413	3	381,314	1,0	245	149
924	20	965,434	9,17	251	149
244	0	283,163	0,6	201	149
791	6	1050,609	3,9	298	149
574	4	685,404	0,0	273	149
20	5	28,7	2,0	188	149
75	180	113,36	218,133	188	149
151	5	65,53	0,2	158	149
194	0	149,124	0,4	245	149
0	212	4,4	134,109	244	149
6	1	7,5	0,0	259	149
10	0	0,4	2,0	255	149
79	0	114,54	2,4	298	149
28	2	17,20	0,0	298	149
2	20	0,2	15,15	233	149
7	1	5,2	0,0	193	149
43	1	32,24	0,0	275	149
19	0	42,31	1,0	245	149
83	0	127,164	1,0	215	149
222	0	255,451	0,2	284	149
1	1	1,2	0,0	231	149
576	2	246,207	2,0	288	149
9	421	2,2	191,99	254	149
736	2	151,199	0,0	298	149
0	2	5,1	3,4	194	149
2	6	7,1	9,4	194	149
12	5	6,0	0,0	251	149
62	0	155,88	0,2	217	149
20	259	4,8	144,68	298	149
0	187	5,2	54,65	247	149
679	1	483,310	0,0	298	149
291	1	203,128	0,0	298	149
118	1	37,34	0,0	289	149
76	1	17,10	0,0	286	149
28	1	6,1	0,0	289	149
5	42	1,3	47,20	187	149
95	12	94,74	18,18	270	149
57	0	95,49	2,0	276	149
54	0	78,52	0,1	276	149
320	0	367,193	2,0	298	149
0	40	1,0	19,8	239	149
1	0	6,0	2,0	161	149
1	40	10,4	19,8	161	149
0	40	2,0	19,8	292	149
2	2	13,7	6,3	298	149
4	0	26,18	1,0	233	149
101	1	49,34	0,0	206	149
270	1	113,64	0,0	241	149
388	1	188,154	0,0	296	149
74	0	80,38	1,0	298	149
22	2	26,29	0,0	219	149
51	4	75,38	0,0	252	149
7	12	11,0	31,11	215	149
86	0	103,64	6,0	298	149
97	0	176,85	0,2	298	149
46	1	73,31	0,0	298	149
15	0	10,9	2,0	201	149
3	2	1,2	1,0	276	149
77	2	59,40	4,0	298	149
82	0	58,40	2,1	298	149
27	0	26,24	6,0	221	149
118	0	132,87	6,0	228	149
140	0	213,82	1,0	298	149
18	1	4,5	0,0	298	149
3	0	0,0	2,0	170	149
49	0	30,21	4,0	234	149
36	5	36,60	0,4	245	149
30	5	28,61	0,4	242	149
0	2	1,4	6,3	267	149
7	36	14,7	36,59	207	149
0	2	0,2	2,6	267	149
6	0	6,8	2,3	226	149
65	2	42,25	0,0	195	149
149	0	473,195	2,0	298	149
92	12	219,95	48,21	185	149
144	0	414,155	2,0	218	149
113	0	336,133	0,2	236	149
1	32	0,0	32,27	203	149
0	32	2,0	32,27	233	149
0	26	5,1	37,34	250	149
0	26	1,1	37,34	205	149
31	0	75,59	4,0	239	149
0	18	14,4	29,28	173	149
46	0	44,50	0,2	287	149
0	2	0,1	2,0	298	149
11	0	16,13	2,0	297	149
6	1	3,7	3,6	235	149
4	0	11,4	11,3	238	149
4	2	8,0	1,2	238	149
6	2	16,10	1,2	293	149
8	2	10,11	2,0	293	149
172	4	83,42	3,0	271	149
247	4	134,62	3,0	298	149
2	0	2,0	2,2	251	149
2	0	2,2	2,0	251	149
2	5	2,0	1,0	251	149
8	0	6,6	0,6	251	149
8	0	6,6	2,4	251	149
9	45	6,8	45,12	251	149
11	11	6,8	2,3	251	149
2	0	0,0	2,0	260	149
55	2	35,4	2,0	235	149
273	3	157,100	0,0	241	149
282	6	182,100	1,1	234	149
418	0	250,133	0,1	298	149
250	4	92,53	0,0	298	149
42	4	57,34	2,0	251	149
1	2	9,4	0,3	290	149
4	4	11,11	5,18	206	149
7	0	15,7	0,2	294	149
31	5	27,19	5,9	298	149
1	10	0,0	10,6	271	149
0	23	1,0	31,31	298	149
2	9	7,7	21,17	203	149
57	3	69,58	0,1	298	149
326	1	212,103	0,0	268	149
14	1	1,5	0,0	298	149
8	2	13,3	5,4	298	149
12	5	9,10	40,9	280	149
17	6	83,31	13,0	239	149
3	0	28,9	2,0	239	149
30	0	70,18	2,0	229	149
44	2	115,48	2,0	229	149
89	1	167,66	3,2	298	149
53	3	47,28	3,0	298	149
0	31	2,0	30,9	298	149
39	3	104,55	11,8	298	149
41	0	73,32	0,2	298	149
14	3	52,19	11,8	254	149
14	0	51,21	0,2	254	149
54	0	113,79	0,1	255	149
0	10	0,2	11,13	266	149
4558	12	1922,1210	2,0	274	149
3231	0	1449,912	0,2	208	149
2503	36	1264,962	17,2	265	149
12	0	17,8	0,1	201	149
1	15	0,0	13,15	298	149
131	4	46,40	0,0	254	149
218	9	86,58	7,4	254	149
4	9	0,0	7,4	215	149
2	89	0,0	40,18	215	149
218	0	80,43	1,0	298	149
195	3	95,60	5,0	221	149
15	13	28,23	33,13	255	149
55	2	55,48	0,0	262	149
10	1	9,22	2,0	298	149
13	0	24,26	2,0	230	149
6	11	10,0	0,2	202	149
2	0	5,0	2,0	298	149
158	0	120,56	1,0	298	149
92	1	104,42	1,0	233	149
113	6	95,67	0,2	281	149
58	0	53,26	3,0	281	149
78	0	58,60	3,0	298	149
132	3	102,101	2,2	298	149
368	2	97,36	0,0	298	149
356	53	27,45	10,12	200	149
151	53	9,27	10,12	197	149
176	1	32,35	0,0	216	149
7	2	15,12	0,0	218	149
0	2	3,0	0,2	298	149
11	14	2,0	7,2	253	149
2	3	4,4	0,1	282	149
2	0	3,2	2,0	298	149
96	2	97,77	0,0	298	149
288	1	281,269	0,0	298	149
2	94	0,0	97,77	200	149
13	0	25,27	3,0	298	149
32	4	37,40	5,10	290	149
21	4	20,46	5,10	296	149
8	14	0,3	15,6	254	149
97	2	135,107	0,0	227	149
97	0	68,57	2,0	260	149
5	6	8,5	19,5	173	149
50	1	40,13	0,0	263	149
2	28	0,0	23,2	298	149
2	19	0,0	29,19	298	149
6	31	6,0	73,29	167	149
39	1	62,59	5,0	298	149
79	0	143,88	2,0	298	149
64	2	98,58	6,6	272	149
39	1	47,34	0,0	298	149
54	0	329,356	4,4	285	149
106	1	440,313	2,0	274	149
109	0	410,345	0,3	284	149
23	0	79,113	0,3	243	149
55	1	293,282	0,0	261	149
69	2	337,241	0,1	248	149
72	0	363,333	4,0	208	149
32	0	210,219	1,0	298	149
92	0	443,350	0,1	239	149
8	16	14,21	54,42	282	149
4	6	5,2	14,19	232	149
8	0	13,22	4,0	298	149
24	0	62,36	2,0	232	149
26	12	62,17	2,1	239	149
42	0	24,26	1,0	248	149
2	31	0,0	4,0	294	149
86	9	73,83	5,4	298	149
15	32	41,23	82,24	273	149
38	0	75,38	1,0	298	149
1	0	0,0	1,0	244	149
2	0	0,0	4,0	258	149
10	2	14,18	0,0	190	149
39	2	28,38	0,0	183	149
26	0	38,29	0,2	224	149
0	10	0,1	14,12	298	149
8	0	4,16	2,0	273	149
0	18	2,0	61,94	298	149
0	18	2,0	61,94	214	149
0	2	2,5	2,2	273	149
0	6	2,2	20,21	298	149
2	1	2,3	0,2	298	149
141	1	12,7	0,0	271	149
57	1	3,2	0,1	236	149
25	110	7,7	52,34	174	149
127	6	59,44	18,7	181	149
2	113	1,0	46,39	196	149
71	0	71,29	1,0	298	149
3	0	9,6	0,4	218	149
1	0	0,0	4,4	273	149
66	12	172,95	13,10	199	149
106	3	212,131	0,0	242	149
148	2	252,146	0,0	298	149
45	0	29,38	4,0	225	149
2	20	0,0	10,6	298	149
2	26	0,0	17,10	258	149
735	10	2,2	0,0	291	149
5	294	0,0	2,2	207	149
2	0	2,0	1,2	186	149
56	0	37,25	0,4	263	149
32	1	53,37	0,0	263	149
4	17	9,2	10,11	260	149
1	35	2,2	43,20	251	149
84	0	94,23	2,0	236	149
3	0	1312,151	4,0	298	149
2	0	0,0	2,0	270	149
2	3	0,0	1,0	298	149
374	1	391,192	4,0	281	149
169	3	9,34	0,0	268	149
54	2	56,35	2,0	272	149
34	3	51,34	3,0	272	149
0	15	1,2	17,9	243	149
60	0	74,58	0,2	267	149
2	18	2,2	10,12	230	149
1	0	8,2	2,0	284	149
34	0	30,18	2,0	226	149
43	0	92,30	1,4	298	149
24	2	47,13	3,3	207	149
4	2	8,0	2,0	223	149
27	4	25,2	2,0	223	149
0	59	2,0	56,8	242	149
43	39	11,3	29,11	182	149
67	0	59,27	2,0	211	149
40	1	57,27	6,5	179	149
20	29	47,21	23,17	182	149
37	0	104,45	0,2	272	149
4	2	0,0	5,0	298	149
2	15	0,0	27,12	256	149
3	6	1,0	0,0	177	149
115	6	115,123	0,0	289	149
91	2	78,63	0,0	217	149
28	0	28,26	0,2	279	149
13	0	73,43	0,1	295	149
2	12	5,0	38,11	204	149
21	0	13,16	0,2	278	149
23	90	13,20	78,49	278	149
2	2	2,0	0,0	298	149
0	90	0,2	78,49	195	149
0	90	0,2	78,49	249	149
2	2	0,2	0,4	249	149
0	90	3,1	78,49	254	149
2	2	3,1	0,4	254	149
0	2	2,0	3,1	186	149
32	2	24,9	0,2	213	149
32	2	15,8	0,0	213	149
1	13	0,2	15,2	240	149
2	13	0,2	6,1	240	149
12	11	8,1	4,0	247	149
7	2	1,4	0,0	295	149
18	13	16,4	6,1	295	149
6	2	1,2	0,0	295	149
16	13	4,0	6,1	286	149
174	0	100,104	0,2	298	149
82	0	51,46	0,2	208	149
291	2	180,161	0,0	278	149
327	0	112,88	0,2	298	149
824	0	445,453	3,0	290	149
443	1	193,225	2,2	286	149
632	1	279,348	2,2	293	149
405	0	205,291	0,4	264	149
531580	4	3560,5833	0,0	207	149
90132	4	637,1138	0,0	202	149
492412	5	3859,9367	0,0	282	149
795707	3	6492,14739	0,0	288	149
417234	6	3547,8635	0,0	298	149
420	72	9,8	0,0	298	149
544440	72	4852,10299	0,0	282	149
319717	3	2787,5197	0,0	282	149
202767	3	1601,3409	0,0	217	149
427466	41	3669,8512	0,0	217	149
2	323545	0,0	2729,5658	298	149
161	0	70,49	2,2	298	149
131	2	201,108	0,0	298	149
130	1	141,49	0,0	298	149
0	86	4,4	66,78	238	149
145	0	115,124	2,0	224	149
150	2	196,97	0,0	242	149
50	2	81,49	0,0	228	149
6	0	9,2	2,0	298	149
2	2	8,2	0,0	271	149
1	0	0,0	2,0	233	149
2	0	0,2	2,0	217	149
30	2	10,0	0,0	221	149
49	2	15,3	2,0	221	149
8	3	11,6	0,0	298	149
10	0	16,14	2,0	284	149
0	19	1,0	9,0	202	149
38	2	15,3	0,0	186	149
0	2	1,0	0,0	172	149
1	0	0,0	10,4	235	149
23	11	25,19	20,5	270	149
148	0	167,99	0,4	219	149
103	2	106,47	0,0	298	149
237	2	141,78	0,0	298	149
156	3	161,84	6,0	221	149
134	2	129,47	0,0	206	149
44	2	20,12	0,0	298	149
62	2	28,27	0,0	223	149
105	2	66,48	0,0	242	149
3	0	8,10	4,0	260	149
6	7	9,12	7,11	230	149
8	3	22,7	8,13	247	149
4	0	0,0	0,4	247	149
5182	2	2802,1196	0,0	247	149
12963	2	7509,3427	0,0	298	149
2	1	0,4	0,0	298	149
648	1	254,97	0,0	229	149
1124	2	797,227	0,0	229	149
400	2	68,30	0,0	276	149
673	18	318,105	114,24	276	149
1004	1124	261,105	807,218	276	149
572	18	190,72	114,24	298	149
107	2	36,25	0,0	298	149
13	0	23,34	2,2	161	149
21	0	32,46	2,2	164	149
25	0	38,58	2,2	167	149
239	0	475,309	2,2	224	149
150	0	284,198	4,2	230	149
157	0	296,213	4,2	236	149
24	0	61,66	4,2	240	149
176	0	406,279	0,2	240	149
109	0	278,180	0,2	261	149
14	0	32,32	0,2	209	149
1	17	14,3	10,6	298	149
1	2	0,0	9,0	298	149
2	2	0,0	9,0	298	149
0	24	2,3	42,22	177	149
33	1	68,39	2,2	244	149
43	0	154,75	2,0	238	149
61	0	140,76	2,2	285	149
9	33	5,2	40,37	298	149
34	0	75,38	2,0	209	149
0	7	46,53	170,103	298	149
15	0	325,239	6,0	298	149
8	0	250,217	2,0	298	149
11	0	13,4	1,0	298	149
24	0	37,26	0,3	252	149
5	0	17,14	3,0	298	149
17	0	40,18	0,2	231	149
50	3	83,67	0,5	258	149
2	0	0,11	0,2	298	149
141	5	21,59	2,2	298	149
170	5	20,52	3,4	298	149
1117	4	120,225	0,2	298	149
204	4	170,256	0,2	298	149
201	949	167,252	100,173	298	149
2490	6	823,1104	0,2	298	149
670	2	229,410	0,0	298	149
58	0	63,51	2,0	261	149
70	0	91,46	2,0	295	149
2	1	0,0	1,2	179	149
0	2	2,0	0,0	190	149
2	2	0,0	16,1	191	149
30	0	36,12	0,2	263	149
9	2	22,6	0,0	265	149
15	0	30,5	0,2	210	149
2	11	0,0	4,3	220	149
11	1	15,2	4,1	257	149
0	1	2,0	4,1	205	149
10	0	22,7	2,0	244	149
21	0	35,9	2,0	227	149
13	0	15,20	2,0	223	149
2	0	15,5	2,0	298	149
1	4	2,3	6,6	251	149
0	36	1,2	18,15	298	149
52	0	28,21	0,10	236	149
2	134	0,0	31,20	234	149
254	1	96,55	0,0	247	149
55	163	8,3	80,43	220	149
0	163	2,0	80,43	232	149
8	191	2,0	109,49	275	149
14	191	2,0	109,49	270	149
28	1	22,14	0,0	281	149
38	2	24,30	0,0	285	149
2	26	0,0	20,30	298	149
54	2	27,16	0,0	298	149
10	2	25,7	0,0	282	149
6	65	0,0	3,2	298	149
660	2	71,35	0,0	211	149
5	74	2,0	4,1	188	149
15	0	7,7	2,0	233	149
8	0	5,10	4,0	232	149
9	3	5,6	1,0	298	149
260	1	63,49	0,1	235	149
803	0	189,152	0,1	261	149
312	0	76,66	2,0	221	149
627	2	123,105	0,0	183	149
113	2	104,50	0,0	186	149
18	49	9,0	23,19	244	149
36	0	51,32	2,0	288	149
107	0	88,40	3,1	213	149
2	70	0,0	46,42	298	149
0	62	0,2	50,15	220	149
2	0	9,1	2,0	298	149
1	0	11,6	6,0	214	149
2	0	0,2	3,0	185	149
34	0	53,31	2,0	237	149
9000	37	3290,742	6,0	224	149
3667	6	1385,291	0,0	224	149
1084	6	315,117	0,0	182	149
6350	0	2199,559	2,0	182	149
10193	2	3410,973	0,0	298	149
4072	2	1152,370	0,0	257	149
9394	2	2400,646	0,0	275	149
9943	3	2624,832	7,2	298	149
8362	4	2448,785	0,1	263	149
8771	4	2673,782	2,0	261	149
2	0	2,0	2,0	298	149
96	0	135,179	0,2	298	149
4	25	0,1	42,65	295	149
35	1	68,76	1,2	280	149
4	10	13,2	26,11	206	149
0	11	0,2	13,20	298	149
120	0	60,41	0,2	243	149
166	0	210,174	3,0	298	149
166	0	128,52	4,6	272	149
75	1	73,25	0,0	272	149
2	0	2,2	4,6	161	149
55	0	58,19	6,4	234	149
158	0	141,46	6,4	272	149
14	0	36,16	9,0	298	149
24	0	60,39	9,0	298	149
4	0	37,27	2,0	249	149
10	2	36,25	3,0	298	149
15	0	44,21	2,0	208	149
0	10	0,3	16,9	244	149
25	2	36,29	0,0	264	149
48	1	38,32	4,2	217	149
2	41	2,0	38,22	207	149
79	0	64,33	2,0	298	149
18	7	27,32	13,6	298	149
25	7	30,34	13,6	298	149
296	1	212,68	0,0	213	149
171	1	112,44	0,0	209	149
3	0	7,4	0,2	298	149
25	0	27,31	2,0	293	149
16	4	16,12	6,6	242	149
23	2	29,12	0,0	298	149
44	2	13,11	0,0	204	149
2	0	0,0	0,2	294	149
15	12	4,5	6,4	298	149
27	0	36,13	1,0	298	149
29	1	34,13	0,0	298	149
84	0	104,74	2,0	298	149
56	2	85,72	0,2	254	149
51	0	57,29	0,4	222	149
28	1	31,22	1,2	298	149
51	2	95,101	3,4	298	149
0	8	2,2	11,14	238	149
28884	2	4,2	0,0	298	149
390	12400	0,0	2,0	242	149
16623	5	1,0	0,0	202	149
10355	14	3,0	0,0	243	149
153	11	151,147	27,8	298	149
126	2	97,110	0,0	298	149
2	11	4,7	27,8	269	149
2	2	1,1	0,0	269	149
123	4	157,140	3,2	298	149
6	6	9,4	5,2	203	149
4	9	19,13	7,3	185	149
7	12	23,17	15,0	185	149
56	12	73,29	15,0	244	149
47	3	70,26	8,4	244	149
0	3	4,6	8,4	213	149
0	52	3,6	68,26	213	149
20	1	20,9	0,0	257	149
17	0	8,23	2,0	298	149
2	0	2,0	0,1	282	149
0	1	12,19	71,97	185	149
20	0	483,302	0,2	298	149
26	0	38,28	0,2	298	149
37	0	38,33	0,1	298	149
2	7	5,2	12,17	294	149
0	14	0,2	16,21	172	149
2	2	10,6	0,0	277	149
182	0	393,205	0,2	224	149
71	0	149,85	2,0	224	149
71	0	147,85	1,0	224	149
10	112	2,2	254,122	236	149
1	112	14,21	254,122	242	149
264	6	514,292	16,7	283	149
68	0	110,84	2,0	199	149
74	0	126,89	2,0	199	149
0	187	2,0	325,226	249	149
92	1	174,109	1,4	217	149
346	0	662,432	4,2	298	149
162	4	263,207	0,0	298	149
1	84	0,0	31,18	256	149
2439	4	1680,969	0,0	260	149
4	0	13,12	1,0	274	149
19	0	24,37	2,0	240	149
34	8	23,23	6,6	207	149
21	39	14,7	54,35	254	149
5	39	2,2	54,31	256	149
69	0	62,50	3,2	236	149
45	2	83,38	2,0	275	149
32	5	33,26	2,7	278	149
41	0	42,26	2,0	275	149
92	6	69,125	1,19	290	149
2	22	4,0	31,46	284	149
4	8	2,4	17,21	298	149
62	0	85,32	2,0	200	149
75	0	114,49	2,0	217	149
78	0	194,61	2,0	298	149
42	0	73,45	3,2	237	149
1	61	0,0	110,28	155	149
70	0	153,37	1,2	184	149
119	0	243,75	2,0	232	149
219	4	129,73	2,2	254	149
288	0	226,97	2,0	276	149
7	0	11,4	0,2	291	149
89	2	102,30	8,0	291	149
8	0	14,8	0,2	291	149
0	2	0,2	8,0	266	149
6	82	0,4	92,26	298	149
5	6	0,0	4,6	298	149
51	0	42,27	0,2	237	149
131	1	126,53	4,4	237	149
45	0	43,19	2,0	237	149
46	0	33,20	0,2	233	149
52	1	37,26	4,4	233	149
105	0	61,62	2,0	236	149
0	1	1,0	28,38	298	149
287	22	24,20	0,0	264	149
31	0	33,23	0,2	239	149
12	0	9,9	0,3	298	149
6	0	4,5	0,2	206	149
40	0	39,30	2,0	180	149
9	15	10,0	57,45	260	149
0	30	2,2	14,30	298	149
47	0	67,154	2,3	254	149
6	0	20,70	0,2	198	149
9	2	21,14	2,1	235	149
3	12	7,16	33,147	222	149
13	0	4,6	7,2	247	149
2	12	15,21	33,147	228	149
2	3	17,15	9,16	228	149
40	2	54,71	16,16	285	149
22	2	18,38	16,16	298	149
88	0	126,228	2,4	254	149
100	2	159,373	11,20	254	149
0	17	0,2	18,23	272	149
1	38	0,0	28,4	298	149
123	2	84,35	0,0	298	149
3	85	0,0	56,31	277	149
0	84	3,0	75,49	298	149
0	3	8,0	0,2	298	149
10	11	9,7	37,23	298	149
65	0	54,37	2,0	298	149
67	2	45,38	0,0	298	149
33	1	29,30	0,1	223	149
1	1	5,9	0,1	220	149
10	71	8,10	76,25	298	149
143	0	116,56	2,0	252	149
65	0	54,21	1,0	252	149
87	0	78,35	1,0	298	149
4	0	11,0	1,0	298	149
76	0	119,91	9,2	200	149
74	8	105,43	8,6	298	149
0	79	0,2	111,75	298	149
124	0	107,49	1,0	214	149
34	0	49,32	1,0	207	149
105	3	173,84	2,0	207	149
138	0	230,113	1,0	254	149
6	0	102,16	0,1	289	149
0	1	24,10	5,0	233	149
10	1	15,5	0,0	263	149
54	0	80,91	2,0	251	149
44	0	61,75	2,0	275	149
114	1	146,113	0,0	298	149
2	18	0,0	32,17	266	149
27	0	48,29	1,3	203	149
105	2	69,59	0,0	298	149
2	7	1,4	1,5	236	149
0	44	1,2	20,13	236	149
32	2	29,16	0,0	292	149
73	2	57,30	0,0	245	149
3	0	1,3	5,0	271	149
44	0	73,32	4,0	273	149
8	0	13,4	4,0	246	149
2	35	1,2	62,27	284	149
420	0	374,141	1,0	221	149
0	294	1,4	231,102	298	149
559	1	485,210	0,0	296	149
5	159	0,2	127,62	198	149
0	159	0,2	127,62	298	149
0	159	2,2	127,62	298	149
174	0	139,62	4,6	212	149
3	89	2,0	68,27	210	149
229	4	166,83	0,0	251	149
111	0	86,51	2,2	251	149
278	10	173,117	1,0	223	149
7	0	1,0	0,2	220	149
300	2	202,127	2,6	220	149
119	2	69,49	6,0	215	149
197	2	206,111	2,0	273	149
3	18	2,5	45,38	234	149
33	0	86,56	2,0	298	149
1	4	0,0	0,2	298	149
16	2	14,10	0,1	289	149
12	2	9,4	0,1	210	149
31	2	13,11	0,0	210	149
44	0	11,6	0,2	298	149
9	16	0,0	3,4	298	149
2	16	1,0	3,4	214	149
30	2	41,26	0,0	214	149
53	0	74,28	2,0	298	149
77	0	69,42	0,1	298	149
14	0	9,5	0,1	213	149
3552	2	2472,1854	0,0	223	149
2	0	4,0	8,0	298	149
0	8	2,6	12,8	298	149
9	0	30,28	2,0	222	149
39	0	51,38	2,0	298	149
41	1	44,59	0,0	298	149
93	0	44,37	0,2	235	149
87	2	45,38	2,0	264	149
0	2	0,2	0,0	261	149
6	2	5,7	0,0	252	149
8	1	5,1	0,0	222	149
84	2	50,12	0,0	298	149
11	28	5,2	8,2	240	149
2	0	4,0	3,0	240	149
68	0	19,5	3,0	287	149
50	1	12,5	0,0	287	149
8	0	10,12	0,2	291	149
1	0	25,25	1,0	243	149
1	0	6,7	1,0	239	149
7	0	32,28	2,0	258	149
3	0	25,8	2,0	298	149
18	0	48,26	1,0	266	149
301	2	63,43	0,0	260	149
541	13	95,31	5,0	298	149
313	2	58,11	0,0	298	149
53	2	13,2	0,0	298	149
273	4	45,22	0,0	298	149
9	36	7,4	21,25	295	149
1	36	0,0	21,25	180	149
91	0	51,55	1,0	235	149
57	0	32,31	1,0	229	149
15	1	13,4	0,0	265	149
0	12	0,2	8,13	229	149
63	5	51,23	2,0	269	149
75	1	72,28	10,2	298	149
64	3	65,20	0,0	251	149
72	4	21,34	0,0	266	149
74	2	78,37	0,0	241	149
2	18	0,0	20,14	249	149
61	0	44,31	0,2	273	149
133	0	85,49	0,2	248	149
3	90	0,0	59,40	183	149
441	3	222,157	0,0	198	149
792	0	413,197	3,0	252	149
913	4	428,222	1,0	225	149
86	0	64,35	2,0	207	149
22	4	15,8	2,1	187	149
36	0	25,24	2,0	196	149
113	0	127,35	0,2	236	149
0	2	0,2	4,0	205	149
78	0	14,28	8,0	222	149
4	0	4,0	6,0	281	149
2	0	8,4	1,0	281	149
0	3	2,0	4,0	298	149
216	21	191,99	4,4	218	149
114	3	92,39	19,4	261	149
235	2	90,60	0,0	246	149
8	178	16,5	227,78	298	149
3	178	7,2	227,78	241	149
6	0	23,10	1,1	275	149
51	4	0,2	0,0	298	149
1	0	4,5	3,4	229	149
4	37	6,5	53,26	229	149
4	37	13,7	53,26	233	149
1	37	9,6	53,26	275	149
1	3	6,4	2,2	275	149
68	0	120,87	2,0	257	149
45	0	73,66	2,4	239	149
1	9	0,2	11,14	247	149
2	26	0,4	30,10	298	149
2	5	3,0	10,2	262	149
0	18	3,0	5,9	242	149
460	2	231,88	0,1	298	149
382	0	252,111	2,0	276	149
37	2	53,4	0,0	267	149
43	1	32,11	1,0	256	149
31	2	28,17	1,0	230	149
18	0	33,9	2,0	298	149
74	2	95,58	1,0	298	149
91	2	109,47	0,0	298	149
26	1	34,12	15,10	209	149
2	15	4,0	47,37	239	149
3	26	1,0	17,28	224	149
0	28	1,0	23,12	272	149
4	4	0,0	0,2	298	149
158	0	165,559	0,1	248	149
0	1	0,2	3,4	256	149
0	1	0,2	3,4	223	149
277	0	222,124	2,0	293	149
56	0	58,38	3,0	203	149
65	2	48,27	1,0	203	149
0	2	3,0	1,0	288	149
17	3	15,15	0,2	288	149
17	26	15,15	5,4	288	149
0	26	0,5	5,4	263	149
23	167	18,20	68,20	242	149
61	3	53,19	10,2	239	149
29	2	9,6	0,0	298	149
4	1	11,2	2,2	266	149
2	2	16,2	0,0	284	149
24	203	10,9	90,50	298	149
27	0	29,28	4,0	298	149
17	24	12,8	29,28	298	149
10	10	20,2	6,0	292	149
10	0	16,2	6,0	292	149
7	10	22,0	16,2	228	149
0	4	2,0	13,0	205	149
0	4	2,0	13,0	240	149
10	0	16,2	1,0	298	149
48	1	91,45	1,0	212	149
36	1	32,22	1,0	209	149
5	46	2,0	19,14	298	149
0	8	2,1	26,18	297	149
5	0	59,8	1,0	236	149
2	0	16,2	1,0	298	149
98	0	51,54	0,2	268	149
19	1	21,17	0,0	223	149
56	1	55,54	0,0	298	149
55	5	13,10	0,0	298	149
2	0	0,0	2,0	259	149
0	2	1,0	2,6	268	149
2	0	2,1	2,0	298	149
63	0	144,107	2,0	271	149
6	0	33,12	5,0	298	149
7	43	44,16	103,49	298	149
0	43	7,1	103,49	183	149
3	4	4,1	13,4	183	149
123	0	272,215	0,2	298	149
10	0	44,34	2,0	226	149
20	0	71,53	5,11	213	149
0	95	4,2	191,60	298	149
85	1	124,30	3,0	252	149
5	1	10,8	3,0	268	149
22	38	28,14	41,14	268	149
15	3	19,5	2,0	268	149
27	0	32,9	1,1	225	149
38	3	41,20	2,0	225	149
5	0	12,15	1,0	225	149
3	0	0,0	2,0	228	149
2	11	0,0	10,13	228	149
2	11	0,0	10,13	236	149
0	11	2,0	10,13	267	149
1	2	8,6	0,0	298	149
15	0	46,12	2,0	298	149
13	1	10,6	0,0	298	149
24	0	43,16	2,0	298	149
460	11	264,132	1,2	247	149
256	3	132,76	9,4	247	149
2	218	2,0	142,62	292	149
238	3	80,43	9,4	298	149
445	14	221,103	10,6	298	149
465	7	293,124	10,0	236	149
2	259	0,0	178,93	253	149
424	7	286,154	0,0	298	149
167	2	108,61	0,0	298	149
145	0	56,30	2,0	270	149
205	1	117,85	0,0	272	149
203	0	116,83	2,0	272	149
485	1	296,190	0,0	298	149
242	0	142,98	2,0	298	149
240	1	137,100	0,0	298	149
66	0	39,11	2,0	298	149
68	1	40,13	0,0	298	149
312	4	198,103	5,0	298	149
247	4	159,92	5,0	298	149
412	33	307,195	8,2	266	149
98	81	69,20	28,13	274	149
137	81	91,24	28,13	277	149
10	81	10,8	28,13	190	149
128	2	60,28	0,2	242	149
443	0	243,134	1,0	287	149
99	10	59,54	12,1	216	149
335	2	292,134	4,0	221	149
407	0	290,146	2,0	238	149
1	203	2,0	107,66	257	149
447	0	399,145	1,0	270	149
311	2	234,131	2,0	222	149
18	0	27,26	0,2	184	149
28	4	42,29	0,0	244	149
123	4	145,74	0,0	283	149
186	14	151,94	3,5	239	149
3	116	6,4	101,81	287	149
3	116	0,2	101,81	229	149
10	8	0,2	4,9	204	149
15	17	3,2	8,2	273	149
25	17	5,1	8,2	220	149
15	17	3,2	8,2	213	149
4	284	2,2	98,29	298	149
6	284	2,2	98,29	298	149
8	2	1,0	0,0	298	149
1033	15	632,289	1,3	298	149
664	15	516,247	1,3	273	149
167	15	112,66	1,3	174	149
1393	6	682,355	6,4	249	149
2	0	0,1	0,2	298	149
2	0	0,0	0,2	247	149
271	0	234,101	3,2	272	149
78	56	95,58	35,10	255	149
141	1	93,20	0,0	263	149
71	0	53,23	2,0	263	149
5	31	8,13	26,21	289	149
4	2	0,0	5,5	298	149
1	0	18,6	2,0	276	149
1	0	0,0	0,2	222	149
1	0	0,0	0,6	221	149
0	4	3,0	0,0	288	149
4	0	22,12	4,0	285	149
10	5	36,26	9,12	285	149
0	41	4,2	48,50	270	149
2	0	0,0	0,2	298	149
2	0	0,0	0,2	297	149
54	2	47,38	0,0	263	149
0	28	2,4	32,23	235	149
0	37	1,0	40,12	263	149
1	87	0,2	54,48	219	149
67	2	71,36	0,0	298	149
30	2	33,19	0,0	294	149
36	2	47,22	0,0	201	149
23	2	27,9	0,0	255	149
69	11	65,43	10,1	274	149
24	2	18,17	2,0	274	149
62	2	47,19	2,0	240	149
97	0	87,45	3,0	240	149
29	0	27,19	2,0	240	149
51	0	52,14	2,0	271	149
123	0	116,41	1,1	271	149
111	2	117,40	4,0	273	149
96	0	82,24	4,0	284	149
51	0	43,13	0,2	284	149
41	0	70,9	0,2	281	149
87	1	104,22	0,2	281	149
46	2	37,12	0,5	281	149
50	2	36,13	0,5	248	149
92	1	106,21	2,0	248	149
104	4	121,33	0,0	269	149
110	0	83,49	0,2	232	149
54	0	109,54	2,0	298	149
32	2	77,24	1,0	257	149
36	0	75,36	4,0	298	149
25	0	53,26	4,0	274	149
53	4	45,28	0,0	298	149
23	4	29,11	0,0	298	149
13	0	8,0	1,0	183	149
0	26	5,0	39,21	271	149
55	0	59,19	2,0	200	149
126	2	116,24	1,0	298	149
0	12	0,2	2,0	260	149
71	2	29,38	0,0	206	149
646	8	181,153	0,6	284	149
183	0	177,137	2,6	298	149
186	0	143,75	0,2	298	149
311	2	344,234	4,0	251	149
44	0	55,71	1,0	251	149
321	1	409,243	8,0	215	149
517	47	458,298	39,23	248	149
463	0	613,416	0,3	274	149
785	22	1124,618	29,11	290	149
54	3	47,101	1,0	229	149
65	0	50,51	3,3	246	149
19	85	4,2	91,54	206	149
2280	6	1666,507	6,1	205	149
1333	30	1202,444	10,2	217	149
2802	30	2842,839	10,2	255	149
1856	30	1803,615	10,2	272	149
12	989	2,3	1088,232	298	149
118	0	109,86	2,0	298	149
11	58	13,2	86,33	298	149
2	3	0,2	0,0	298	149
4	76	4,3	59,25	250	149
24	0	11,19	6,0	236	149
8	34	11,0	58,9	298	149
83	2	108,21	0,0	264	149
2	0	4,0	4,0	171	149
0	1	3,0	8,0	173	149
207	2	170,99	0,0	225	149
261	2	310,190	0,0	215	149
24	0	182,38	2,0	242	149
26	0	160,49	0,1	298	149
21	0	122,35	0,1	298	149
6	0	4,0	0,1	224	149
153	0	106,65	2,0	293	149
129	2	117,62	0,0	298	149
129	2	63,56	1,0	298	149
70	2	33,36	0,2	298	149
2	3	4,12	21,6	273	149
275	0	242,105	1,0	295	149
26	0	19,18	4,4	298	149
1	90	0,4	28,24	254	149
4	0	2,0	2,0	261	149
2	0	8,7	1,0	264	149
2	9	8,7	19,9	264	149
0	23	2,0	32,13	262	149
2	23	2,0	32,13	211	149
16	0	23,14	1,1	201	149
2	0	2,4	10,0	298	149
2	8	2,4	7,6	298	149
0	8	9,0	7,6	205	149
0	2	7,2	7,2	205	149
10	0	46,51	0,2	298	149
14	4	4,0	0,0	283	149
2	0	6,0	4,0	231	149
194	1	80,39	0,0	295	149
60	1	35,23	0,0	298	149
86	1	25,9	0,0	235	149
225	2	103,38	2,0	235	149
7	35	8,6	31,23	298	149
6	61	4,0	37,29	298	149
85	0	41,43	1,0	235	149
110	1	124,93	0,0	268	149
1408	11	73,196	4,0	280	149
1521	0	53,286	0,2	298	149
767	2	30,223	0,8	298	149
547	32	14,84	1,2	298	149
2	0	0,0	2,0	298	149
5	0	16,11	0,1	256	149
65	0	100,14	2,0	298	149
119	4	161,49	1,0	298	149
40	44	36,7	50,6	230	149
24	29	22,8	32,11	230	149
21	2	21,2	0,0	230	149
89	2	86,18	0,0	298	149
1	681	0,0	367,228	265	149
2	681	0,0	367,228	271	149
609	0	380,181	2,0	267	149
412	0	171,68	2,0	264	149
582	1	381,232	0,0	264	149
2	464	0,0	197,102	294	149
2	464	1,0	197,102	298	149
0	464	0,1	197,102	298	149
74	3	129,83	5,2	225	149
6	42	10,0	87,62	230	149
2	50	0,0	124,57	235	149
41	1	56,14	0,0	187	149
0	44	0,4	58,16	260	149
9	44	10,12	58,16	270	149
269	0	270,171	2,0	233	149
2	44	0,0	41,13	241	149
5	0	0,6	4,0	263	149
20	2	4,0	0,0	257	149
46	3	4,0	0,0	257	149
266	2	68,33	6,4	298	149
115	2	43,14	6,4	252	149
13	0	9,3	4,2	252	149
120	0	59,24	4,2	298	149
253	0	93,33	1,2	298	149
0	96	2,0	60,15	298	149
114	2	98,71	0,0	231	149
111	0	130,49	0,2	256	149
1	41	3,0	36,12	232	149
23	0	4,9	0,2	258	149
2	2	0,2	1,2	245	149
685	6	439,253	2,0	269	149
16	99	1,3	48,30	268	149
16	99	1,3	48,30	272	149
135	0	121,40	1,2	254	149
3	232	0,0	33,33	204	149
2	2	2,1	2,0	298	149
2	8	8,10	32,21	274	149
11	3	37,31	0,0	285	149
307	1	355,195	2,2	243	149
11	3	32,24	0,1	298	149
4	0	31,4	2,0	298	149
0	1	0,2	0,4	264	149
2	42	1,0	27,31	198	149
291	4	253,117	0,0	298	149
219	2	239,97	2,3	298	149
178	2	217,78	0,0	270	149
92	0	116,117	3,0	298	149
83	2	131,65	0,0	298	149
2	0	18,6	2,0	298	149
0	2	21,30	0,0	266	149
19	2	38,16	0,0	265	149
13	0	37,21	4,0	298	149
10	0	24,22	3,0	283	149
7	0	19,18	2,2	298	149
9	0	16,12	9,1	242	149
6	4	17,8	18,11	298	149
4	20	0,8	14,21	298	149
138	19	145,98	8,6	298	149
2	74	1,2	79,42	298	149
2	11	0,3	12,2	250	149
8	11	4,2	4,6	272	149
99	2	84,53	0,0	276	149
2	52	3,0	26,24	261	149
4	1	4,6	2,0	261	149
59	7	95,23	6,4	199	149
11	0	24,4	2,0	199	149
9	0	8,4	2,0	215	149
51	2	73,19	0,0	215	149
41	0	64,32	2,0	298	149
87	0	160,99	4,3	277	149
19	2	40,12	0,0	213	149
39	2	84,21	0,0	298	149
0	2	9,4	0,0	298	149
0	1	12,16	0,0	298	149
2	0	0,0	2,0	298	149
0	1	3,0	0,0	298	149
0	1	1,0	0,0	239	149
1	2	2,0	0,0	260	149
0	2	2,0	0,0	298	149
8	0	10,2	2,2	298	149
0	8	1,0	8,2	269	149
0	8	0,1	8,2	298	149
92	0	88,76	0,4	247	149
103	1	108,63	1,0	241	149
0	27	2,0	7,10	245	149
107	2	112,94	13,2	227	149
98	2	85,76	0,0	227	149
98	0	191,64	0,1	225	149
1	0	2,2	2,1	298	149
0	2	10,6	3,0	276	149
5	0	6,2	4,4	251	149
5	257	2,2	196,78	298	149
1	2	7,5	0,0	220	149
18	2	41,34	0,0	298	149
4	1	35,16	0,0	298	149
4	1	35,16	0,0	298	149
29	0	76,55	2,0	286	149
17	9	0,0	2,0	281	149
0	477	2,2	152,119	267	149
89	0	50,25	2,0	182	149
602	0	347,157	2,0	240	149
3	2	7,7	3,0	176	149
3	0	13,4	2,0	278	149
9	1	1,7	0,0	221	149
0	1	2,0	0,0	230	149
24	0	36,27	2,0	258	149
6	0	9,5	2,0	175	149
1	2	2,3	0,0	280	149
6	2	2,0	1,0	257	149
0	2	2,0	1,0	203	149
5	0	1,0	6,2	284	149
1	2	4,4	0,0	298	149
4	2	4,16	0,0	298	149
6	4	0,0	2,3	245	149
35	34	3,5	37,14	217	149
1	20	0,0	1,3	206	149
56	2	53,22	0,0	241	149
0	8	3,0	6,2	298	149
2	75	5,4	23,37	298	149
2	18	0,4	10,14	298	149
12	0	28,30	2,0	225	149
19	0	49,39	2,0	234	149
9	2	12,0	0,0	298	149
16	0	14,8	2,0	280	149
11	0	16,17	0,2	298	149
9	0	14,15	1,0	298	149
12	0	26,17	1,0	298	149
14	0	30,17	2,0	298	149
11	1	14,10	0,0	265	149
25	2	30,15	0,0	298	149
13	4	18,14	5,1	290	149
13	0	34,16	2,1	291	149
0	3	0,2	4,8	211	149
7	3	8,7	20,13	261	149
9	0	37,14	2,4	265	149
1	0	8,0	0,2	245	149
17	1	27,9	2,2	219	149
79	0	99,66	4,0	259	149
95	6	124,74	19,10	259	149
2	85	7,0	103,66	261	149
0	85	1,2	103,66	298	149
0	85	0,2	103,66	298	149
166	0	178,131	0,1	272	149
18	91	11,3	126,46	214	149
1	31	2,0	25,18	263	149
2	31	5,0	25,18	204	149
4	31	5,0	25,18	298	149
216	0	119,104	2,0	298	149
223	4	77,84	0,2	298	149
2	108	2,0	37,49	218	149
95	0	57,69	3,0	222	149
129	0	65,88	3,0	298	149
21	212	0,0	0,10	210	149
1	0	2,15	0,2	221	149
11	32	15,7	49,23	203	149
87	2	99,31	2,0	292	149
21	0	21,33	2,0	271	149
2	2	8,14	2,2	224	149
5	0	2,4	2,1	245	149
2	0	13,29	1,1	298	149
8	1	13,22	2,0	298	149
800	1	109,71	0,0	298	149
4	114	4,1	88,63	254	149
16	1	9,2	0,0	298	149
13	1	7,10	0,0	284	149
41	0	148,86	0,2	298	149
21	0	101,66	4,2	298	149
27	0	82,27	1,2	298	149
39	0	119,67	2,0	296	149
14	2	63,53	0,0	277	149
2	62	0,0	48,48	264	149
11	0	41,22	0,2	281	149
146	2	37,30	0,0	255	149
83	0	85,44	4,0	298	149
77	1	73,32	0,0	264	149
125	4	94,57	0,0	298	149
8	20	2,2	41,31	298	149
15	2	24,32	0,3	258	149
5	0	4,9	0,2	298	149
3	3	0,7	4,6	248	149
2	1	0,0	1,0	211	149
359	1	79,75	0,0	240	149
324	15	68,78	3,0	236	149
165	0	20,31	2,2	233	149
2	26	0,8	0,3	248	149
82	27	8,13	2,9	260	149
76	1	87,85	4,4	266	149
84	0	123,53	3,0	259	149
72	1	84,43	0,0	238	149
979	2	236,184	0,0	298	149
26	6	88,32	16,17	238	149
15	35	44,21	65,99	238	149
6	2	21,22	0,3	232	149
12	35	26,12	65,99	298	149
90	2	248,175	2,0	203	149
70	3	72,33	1,0	288	149
95	0	189,80	6,2	298	149
59	0	99,43	0,2	298	149
9	0	67,25	0,2	232	149
45	0	153,60	3,0	232	149
27	0	53,28	1,0	232	149
59	0	106,64	1,0	298	149
78	1	207,96	0,0	298	149
7	3	15,7	3,0	239	149
10	0	11,9	0,2	298	149
5	0	18,13	0,2	241	149
10	0	21,29	0,4	244	149
0	8	3,2	15,8	229	149
11	0	6,7	0,2	251	149
2	0	32,25	3,0	276	149
135	2	42,29	0,0	232	149
101	2	49,73	0,0	217	149
24	0	7,11	0,1	217	149
2	0	1,0	0,1	242	149
2	2	6,0	1,0	242	149
56	0	24,39	0,2	242	149
160	1	70,60	1,0	252	149
0	89	2,2	41,38	290	149
45	0	34,26	1,0	217	149
133	0	69,54	8,0	217	149
5	89	2,5	49,46	298	149
163	0	121,25	2,0	298	149
192	0	168,57	2,0	298	149
135	0	102,46	1,0	219	149
130	0	102,43	0,1	298	149
250	7	213,70	4,0	298	149
174	0	109,57	0,1	298	149
181	2	140,58	0,0	280	149
101	0	76,36	0,2	282	149
182	2	159,56	3,0	298	149
108	2	79,36	3,0	298	149
72	30	68,25	12,15	296	149
145	2	120,47	0,0	298	149
157	1	120,65	0,0	298	149
133	0	153,65	1,0	298	149
91	6	95,26	2,0	214	149
264	1	106,53	0,0	223	149
0	115	4,1	60,43	284	149
205	0	113,64	3,0	247	149
0	26	0,2	8,4	298	149
395	2	656,443	0,0	223	149
96	0	172,96	2,0	298	149
66	0	103,72	2,0	298	149
0	8	0,2	30,17	298	149
42	0	123,68	2,0	269	149
18	0	18,24	0,2	252	149
2	0	5,2	2,0	285	149
1	2	0,0	5,2	194	149
33	2	85,26	3,2	254	149
48	0	112,67	2,2	237	149
22	0	67,37	0,1	254	149
0	20	0,2	54,26	279	149
11	0	63,24	2,0	194	149
22	0	84,64	0,1	278	149
13	0	39,34	0,1	278	149
4	0	39,13	0,1	265	149
13	0	85,42	1,0	265	149
42	0	54,38	2,4	238	149
239	1	2,0	0,0	197	149
2	2	0,2	0,0	269	149
3	0	1,2	1,0	290	149
50	6	35,7	11,5	255	149
0	1	0,6	0,0	242	149
2	0	2,1	2,2	242	149
0	119	0,2	139,118	263	149
0	85	0,1	83,79	273	149
36	0	70,36	0,1	298	149
37	0	74,37	1,0	266	149
30	0	35,30	1,0	211	149
27	2	48,39	0,1	251	149
13	0	31,6	0,1	298	149
16	0	32,33	0,2	236	149
31	0	74,74	2,0	253	149
21	0	58,44	2,2	190	149
0	2	2,2	2,0	235	149
0	19	0,2	39,28	235	149
3	19	2,0	39,28	268	149
19	2	40,29	0,0	298	149
0	14	4,0	13,15	298	149
54	2	44,40	0,0	208	149
37	1	58,39	6,2	272	149
0	40	0,1	38,6	200	149
11	1	92,13	0,0	263	149
164	1	167,70	0,0	228	149
2	88	4,0	91,33	277	149
8	1	13,1	2,4	222	149
8	0	13,1	0,2	222	149
8	0	13,1	2,0	222	149
26	28	21,5	36,6	222	149
2	28	2,5	36,6	281	149
1	19	0,1	8,4	281	149
2	28	2,4	36,6	286	149
13	0	13,6	0,4	170	149
18	0	37,24	0,2	198	149
2	8	0,0	22,14	263	149
41	0	47,32	2,0	288	149
5	2	12,11	4,0	298	149
26	2	25,19	0,2	253	149
11	0	10,10	4,0	253	149
26	0	14,11	4,0	256	149
39	0	29,17	1,0	256	149
4	11	2,4	15,4	217	149
363	0	242,210	0,2	287	149
640	17	441,227	8,4	194	149
532	2	372,216	0,0	242	149
4	1	8,11	0,0	246	149
4	1	10,11	0,0	266	149
0	2	3,2	9,8	272	149
0	62	1,2	105,46	272	149
0	62	1,2	105,46	284	149
6	14	19,10	33,6	260	149
2	62	8,8	105,46	260	149
0	5	10,8	12,1	260	149
261	1	226,147	0,0	298	149
135	1	121,68	2,0	260	149
225	0	171,121	2,0	298	149
0	147	0,2	43,37	291	149
3	2	2,0	0,0	273	149
27	0	44,17	1,0	298	149
32	0	26,14	2,2	298	149
74	18	39,41	5,4	217	149
52	0	60,24	4,0	215	149
32	1	45,18	0,0	253	149
1	0	0,0	0,2	204	149
6	19	0,0	24,0	187	149
0	1	0,4	0,0	190	149
48	1	49,37	0,0	274	149
65	1	70,43	2,2	274	149
2	4	9,2	8,9	262	149
0	4	1,0	8,9	191	149
50	4	51,17	0,0	298	149
18	18	14,21	15,4	219	149
10	0	11,4	0,5	219	149
5	773	6,4	296,124	298	149
2	773	0,2	296,124	298	149
2	5	0,2	6,2	298	149
0	773	2,0	296,124	298	149
0	773	4,0	296,124	279	149
0	5	3,0	6,2	279	149
0	773	2,0	296,124	266	149
15	0	39,13	2,0	298	149
36	0	72,42	2,0	223	149
2	12	0,0	45,31	185	149
4	8	2,6	40,29	225	149
0	160	2,0	30,16	211	149
329	0	66,36	1,0	288	149
176	2	36,18	0,0	219	149
2	0	3,9	0,2	224	149
7	0	10,4	0,2	221	149
724	2	94,65	3,0	298	149
524	2	36,14	0,1	298	149
1	0	0,0	0,2	236	149
3	2	26,4	2,1	298	149
3	0	18,0	2,0	298	149
4	0	37,12	2,0	298	149
1	0	0,0	7,2	248	149
6	0	2,4	0,1	235	149
9	52	20,2	47,10	233	149
12	72	0,2	37,7	243	149
10	0	16,23	3,0	228	149
75	2	103,95	1,0	217	149
145	2	164,196	6,0	287	149
189	0	153,82	0,2	274	149
185	1	241,154	0,0	298	149
9	2	10,3	2,0	298	149
5	7	6,2	3,4	298	149
4	0	8,2	2,0	298	149
17	7	16,9	3,4	298	149
21	2	18,10	0,0	298	149
26	0	28,10	2,0	243	149
21	1	25,6	2,0	243	149
9	0	16,8	1,0	217	149
4	0	5,6	2,0	203	149
7	0	15,14	0,2	298	149
2	0	0,0	0,2	245	149
2	2	0,0	5,1	245	149
9	0	47,52	0,2	244	149
38	2	39,44	3,4	288	149
11	4	9,9	4,0	206	149
2	2	0,0	4,2	298	149
2	2	0,0	4,2	233	149
4	2	1,2	4,2	272	149
7	0	7,2	2,0	194	149
25	2	21,6	0,0	236	149
1	5	0,0	5,2	289	149
1	6	0,0	4,0	289	149
5	6	5,2	4,0	237	149
0	27	0,2	31,28	191	149
79	0	102,44	2,0	224	149
41	2	41,41	0,0	231	149
259	0	230,203	2,0	216	149
31	0	33,47	0,2	285	149
2	14	3,3	15,11	272	149
79	0	89,92	0,2	298	149
9	0	22,31	0,1	298	149
37	5	68,64	8,9	298	149
114	0	107,76	0,1	232	149
4	2	9,9	0,0	298	149
54	4	66,51	3,0	260	149
81	0	116,73	0,2	298	149
101	0	157,100	2,0	252	149
23	11	8,7	0,0	194	149
0	20	2,0	15,10	272	149
0	2	0,3	0,0	205	149
5	0	2,1	0,2	179	149
259	2	167,83	0,0	298	149
6	152	0,0	93,57	212	149
943	2	968,593	1,0	298	149
22	0	34,12	4,0	182	149
24	12	10,8	28,6	298	149
19	1	42,17	0,0	206	149
0	2	3,0	22,10	180	149
5	0	7,2	2,0	239	149
19	1	41,19	4,1	298	149
9	1	10,0	1,0	184	149
0	6	14,0	6,1	247	149
5	2	4,6	6,6	248	149
2	0	8,2	1,0	260	149
1	2	15,14	0,0	260	149
0	2	2,0	0,3	233	149
1	2	0,0	9,4	298	149
0	4	2,2	6,12	217	149
2	0	7,17	4,5	236	149
2	0	6,15	4,5	293	149
2	0	6,15	4,5	298	149
3	1	15,6	0,0	274	149
19	2	52,37	7,2	298	149
248	2	355,276	0,0	298	149
80	1	74,39	0,0	239	149
3	0	49,10	1,2	228	149
926	4	95,62	0,0	298	149
287	12	27,34	0,0	298	149
2254	12	221,75	0,0	298	149
9	0	0,0	1,0	298	149
2894	5	289,103	0,0	298	149
1462	0	103,42	1,0	298	149
3700	5	324,117	0,0	298	149
69	1450	5,8	103,42	262	149
19	0	47,11	2,6	188	149
7	22	4,0	10,5	280	149
11	0	12,5	1,0	197	149
16	1	28,17	1,0	218	149
0	6	0,8	20,11	298	149
2	2	0,8	0,1	298	149
14	2	30,18	0,1	281	149
8	2	10,7	0,0	281	149
4	7	0,0	13,4	264	149
27	44	17,14	67,32	227	149
14	49	14,13	35,20	194	149
53	0	66,27	0,2	253	149
12	0	21,7	2,0	176	149
2	4	0,2	0,2	265	149
204	0	88,89	0,2	298	149
829	0	649,518	2,0	246	149
89	1	112,74	0,0	298	149
23	10	16,18	0,0	298	149
32	10	27,22	0,0	259	149
100	4	117,78	2,0	259	149
43	1	35,26	0,0	298	149
13	1	8,8	0,0	231	149
0	4	2,2	10,4	221	149
1	4	0,2	4,4	221	149
12	4	10,4	4,4	295	149
3	11	2,2	11,1	298	149
1	24	0,0	49,46	298	149
12	0	12,10	2,4	239	149
2	0	0,0	6,0	298	149
66	0	98,37	4,0	202	149
87	1	77,33	0,2	221	149
118	0	94,38	1,3	263	149
63	0	91,42	7,2	275	149
32	16	43,15	23,10	194	149
4	0	20,42	6,2	290	149
2	0	13,40	0,2	290	149
1	2	28,13	0,0	298	149
2	0	33,26	3,4	269	149
6	0	63,21	0,1	281	149
2	0	9,12	0,1	298	149
2	2	18,26	17,7	298	149
25	0	134,113	2,0	284	149
63	1	37,40	0,0	298	149
76	1	66,37	0,0	298	149
69	2	90,44	2,0	237	149
0	37	2,0	38,14	298	149
2	63	0,2	70,124	247	149
156	0	309,449	0,1	237	149
0	2	0,3	0,2	255	149
110	0	204,367	0,2	177	149
152	2	311,516	2,2	257	149
109	1	114,137	4,1	217	149
70	1	181,311	0,0	177	149
32	0	84,133	2,0	216	149
50	0	134,218	2,0	284	149
77	2	58,49	0,2	196	149
216	2	139,153	0,3	248	149
96	4	184,73	0,0	298	149
95	0	106,52	0,2	236	149
22	0	37,26	4,0	190	149
110	0	122,63	1,2	298	149
60	0	51,26	0,2	211	149
0	6	16,0	8,2	185	149
5	0	15,4	0,2	252	149
0	4	9,0	4,0	158	149
0	38	0,4	122,94	276	149
77	0	261,176	2,0	232	149
46	0	148,70	2,0	200	149
34	1	82,62	2,4	261	149
75	1	58,28	0,1	245	149
147	1	102,39	1,2	266	149
51	0	25,11	2,0	279	149
200	2	265,202	0,0	281	149
22	110	19,19	153,85	272	149
198	2	289,199	0,0	244	149
0	97	2,0	54,40	259	149
0	2	2,0	2,4	298	149
12	1	10,2	0,0	298	149
6	0	6,6	0,2	298	149
6	0	0,0	0,2	283	149
16	4	8,2	4,6	283	149
119	2	52,96	0,0	282	149
379	2	355,197	2,0	259	149
92	2	92,48	0,0	203	149
223	5	222,179	4,9	271	149
132	5	227,190	2,6	212	149
55	8	96,89	24,23	212	149
83	8	73,74	24,23	224	149
154	0	206,169	1,0	224	149
25	0	76,72	2,0	287	149
15	1	99,47	3,4	218	149
46	0	25,28	0,2	285	149
44	1	9,10	0,0	236	149
47	17	110,41	28,37	194	149
391	17	713,343	28,37	233	149
198	2	224,119	0,0	298	149
204	0	264,160	2,0	298	149
226	2	341,178	0,0	298	149
477	8	712,369	2,0	298	149
1	0	2,0	1,0	265	149
289	1	283,171	0,0	265	149
8	2	3,0	2,4	265	149
115	2	148,128	2,4	298	149
417	0	465,312	2,0	298	149
25	0	51,20	1,0	298	149
2	0	0,0	2,0	298	149
2	37	7,9	594,354	260	149
0	51	4,2	435,338	185	149
33	5	21,14	4,7	293	149
59	2	223,153	0,0	298	149
62	2	66,44	2,0	183	149
75	0	86,38	1,1	264	149
78	0	101,44	4,0	200	149
56	4	71,43	0,0	209	149
299	1	135,58	0,0	263	149
229	0	143,52	2,0	253	149
240	2	99,66	7,0	250	149
38	113	19,16	55,39	270	149
199	2	84,60	2,0	201	149
1	990	0,4	1202,1138	298	149
1837	2	2265,2033	4,1	267	149
2	1026	2,0	1230,1035	265	149
1648	0	1782,1794	0,2	298	149
2779	0	2553,1907	2,1	273	149
1	63	5,9	41,46	255	149
271	4	184,143	2,2	272	149
375	3	239,101	0,0	248	149
4	40	0,0	33,7	230	149
1	58	0,0	3,8	184	149
0	58	0,2	3,8	257	149
0	67	0,2	16,8	257	149
0	29	0,2	15,2	257	149
918	5	184,120	0,0	267	149
188	0	400,223	0,8	298	149
116	0	224,121	2,0	229	149
291	20	528,297	56,38	298	149
418	0	721,502	0,4	298	149
325	0	528,346	2,0	239	149
298	2	469,283	1,1	275	149
477	0	784,495	2,0	266	149
2	0	4,5	0,2	212	149
5	0	2,1	0,5	224	149
44	2	85,52	2,2	239	149
6469	10	59,112	0,3	298	149
1681	3	22,15	0,0	251	149
8103	7	109,98	0,4	298	149
6451	24	99,98	0,0	274	149
2912	92	38,39	2,0	274	149
4306	92	35,25	2,0	298	149
8159	193	100,91	2,6	298	149
1143	4	10,6	0,0	242	149
5220	3	43,31	0,0	242	149
140	1	84,45	0,0	241	149
7	41	2,4	51,33	222	149
0	4	0,2	4,4	205	149
20	36	10,11	10,13	152	149
60	6	155,98	3,5	197	149
25	0	33,19	2,0	236	149
97	6	93,86	0,0	236	149
2	11	0,0	23,1	298	149
154	1	86,82	0,0	287	149
120	0	60,62	1,0	214	149
99	2	58,49	0,0	270	149
2	35	0,4	92,54	298	149
2	0	4,0	2,0	298	149
2	47	4,0	102,23	298	149
4	47	5,0	102,23	298	149
15	47	14,8	102,23	282	149
2	32	2,4	34,22	294	149
9	98	15,7	81,37	254	149
676	0	701,418	2,0	298	149
103	0	102,48	4,6	263	149
74	4	78,80	3,11	298	149
71	0	59,73	2,0	298	149
19	0	30,16	2,1	183	149
109	1	163,68	4,0	267	149
26	0	24,30	0,2	192	149
18	0	9,19	1,0	228	149
4	0	11,11	0,2	179	149
53	0	89,75	0,2	281	149
0	10	2,0	36,30	298	149
4	69	2,6	45,27	245	149
109	4	115,50	0,0	265	149
107	0	115,40	2,0	234	149
12	69	4,4	61,24	297	149
11	19	0,3	11,2	203	149
0	19	4,0	11,2	298	149
107	2	138,92	0,0	298	149
6	2	5,11	0,3	240	149
2	0	0,3	0,6	240	149
428	2	591,185	3,0	298	149
376	2	21,146	0,0	290	149
584	1	37,253	0,0	242	149
34	21	2,24	0,0	298	149
10	2	25,17	5,2	298	149
7	3	13,9	2,0	193	149
154	1	87,49	0,0	266	149
36	24	26,12	14,1	294	149
6	12	3,0	16,6	298	149
8	2	4,2	2,1	233	149
2	6	0,2	0,2	286	149
2	0	6,4	4,2	298	149
2	0	13,7	2,0	298	149
2	0	1,0	2,3	246	149
47	1	32,24	2,0	298	149
1	21	10,6	25,12	173	149
0	4	2,2	7,5	298	149
4	4	0,4	7,5	268	149
3	6	0,0	6,12	298	149
4	0	4,4	0,2	267	149
54	9	42,29	9,9	281	149
7	0	20,26	2,0	276	149
6	2	4,2	0,0	298	149
12	12	17,25	8,0	226	149
2	26	0,0	18,17	298	149
77	0	119,26	0,1	201	149
628	0	626,388	0,2	298	149
207	0	270,172	0,2	239	149
89	0	25,14	2,4	268	149
48	1	4,6	0,0	277	149
175	5	120,86	4,2	271	149
121	5	90,101	3,0	213	149
5	15	19,5	17,9	298	149
38	0	32,8	0,5	298	149
50	1	44,13	0,0	255	149
4	2	0,6	0,2	298	149
0	2	11,2	2,2	298	149
2	39	2,0	51,23	281	149
4	48	0,2	12,2	193	149
0	2	0,2	0,0	298	149
56	1	87,39	0,0	298	149
7	48	4,0	74,37	269	149
85	1	117,60	0,0	215	149
0	71	0,1	94,46	281	149
2	12	1,0	29,14	234	149
6	0	12,3	6,0	265	149
2	12	2,1	29,14	265	149
2	12	7,3	29,14	237	149
10	2	10,5	0,0	237	149
59	0	79,42	3,0	298	149
2	3	1,0	0,2	200	149
19	0	20,0	4,0	298	149
2	0	12,2	2,0	288	149
2	199	1,2	483,522	288	149
13	199	42,46	483,522	298	149
2	2	0,4	10,1	298	149
11	199	40,41	483,522	263	149
0	2	2,2	10,1	263	149
10	2	14,9	0,0	263	149
11	0	50,41	1,0	263	149
30	11	32,61	42,44	260	149
400	2	1066,1042	10,1	228	149
212	0	627,566	0,2	228	149
2	4	0,0	30,17	298	149
8	1	1,0	0,0	253	149
14	117	2,0	35,18	253	149
10	22	1,0	3,0	253	149
10	117	1,0	35,18	281	149
9	22	1,0	3,0	281	149
8	117	1,0	35,18	298	149
1451	2	305,125	0,0	298	149
1354	2	271,107	0,0	296	149
2165	27	429,186	10,0	248	149
1	1	0,2	3,2	182	149
89	0	83,59	1,1	267	149
0	62	1,0	50,37	185	149
0	2	8,0	0,0	298	149
5	0	13,2	2,0	209	149
0	2	0,7	0,0	298	149
0	2	2,9	0,0	220	149
0	2	3,2	0,0	238	149
4	2	10,6	0,0	277	149
0	67	2,0	68,42	249	149
1	73	1,0	61,50	252	149
21	4	20,26	7,0	246	149
2	24	0,0	26,31	242	149
48	0	66,43	2,0	235	149
354	2	1004,580	0,5	281	149
56	1	164,61	3,2	298	149
182	1	535,296	3,2	232	149
97	11	270,150	7,20	298	149
78	1	192,100	0,3	298	149
109	1	237,177	0,3	266	149
117	0	309,206	1,0	266	149
11	0	7,6	0,2	195	149
67	0	53,20	6,7	251	149
42	2	31,14	0,1	251	149
27	0	26,8	2,0	298	149
30	9	35,38	15,6	298	149
864	0	1469,1074	0,8	209	149
135	0	144,110	0,2	254	149
26	2	39,46	0,0	241	149
5	4	0,8	5,16	298	149
23	5	9,25	3,11	243	149
2	24	0,1	32,14	196	149
45	0	24,17	2,0	229	149
4	0	2,2	0,4	298	149
2	0	2,0	11,14	214	149
101	0	142,148	0,2	227	149
47	6	63,83	3,4	298	149
42	3	48,80	14,4	298	149
0	7	1,0	8,5	183	149
40	0	63,12	13,0	240	149
5	21	8,4	47,14	242	149
0	21	4,0	47,14	198	149
20	1	58,16	2,0	230	149
35	1	1,0	2,0	298	149
2	1	0,0	2,0	217	149
0	2	6,0	8,2	298	149
2	3	4,2	0,4	298	149
2	3	0,2	0,4	212	149
4	2	2,11	6,2	194	149
1802	7	206,251	0,0	298	149
5918	2	640,944	0,0	196	149
3632	2	424,650	0,0	298	149
6555	6	468,469	0,0	292	149
90	0	169,76	1,0	250	149
14	0	37,17	1,0	255	149
0	5	2,8	13,6	292	149
28	2	10,3	0,0	250	149
50	1	6,17	0,0	267	149
5	14	2,0	0,6	273	149
1	14	0,2	0,6	298	149
1	0	3,0	4,0	298	149
5	0	7,4	0,2	221	149
616	6	860,462	12,2	298	149
1567	0	2062,992	4,10	276	149
1250	3	1635,699	10,6	276	149
2060	0	1801,1112	2,1	274	149
1005	13	860,517	21,15	274	149
9	0	6,2	2,1	171	149
1	13	0,2	21,15	171	149
887	13	1200,444	21,15	249	149
1929	0	2144,1043	1,7	249	149
1021	1	1250,470	0,0	249	149
2313	17	3570,1209	20,1	184	149
1888	0	2795,1079	1,0	255	149
1622	0	2731,997	2,0	255	149
1445	0	2295,841	6,4	238	149
1143	0	1473,445	6,4	221	149
2835	6	4001,1410	2,4	221	149
142	1996	332,57	2643,924	237	149
75	1996	137,34	2643,924	275	149
18	13	8,4	2,4	269	149
92	4	20,17	0,0	298	149
16	2	31,16	2,0	235	149
47	0	46,38	5,0	237	149
61	0	72,78	2,0	263	149
11	20	4,4	20,35	298	149
8	20	6,4	20,35	298	149
2	24	0,0	22,24	265	149
24	0	8,14	0,2	215	149
0	3	2,0	0,2	298	149
188	0	419,179	1,0	298	149
0	33	3,0	52,11	298	149
58	12	72,12	51,43	233	149
30	3	52,25	23,16	233	149
2	6	15,12	11,10	298	149
2	38	9,7	82,57	298	149
12	38	17,14	82,57	298	149
8	2	19,10	7,1	298	149
238	3	326,135	0,0	266	149
34	2	77,29	4,3	207	149
105	2	199,127	4,3	210	149
0	17	0,2	22,24	191	149
2	45	2,1	42,23	274	149
4	36	0,0	32,12	243	149
53	0	52,29	0,2	182	149
6	36	7,0	34,20	245	149
45	2	65,28	0,2	212	149
62	3	85,32	5,3	223	149
2	33	6,0	47,33	298	149
55	1	106,73	0,0	298	149
0	32	6,1	42,23	239	149
70	0	85,53	2,0	293	149
25	1	22,17	1,0	298	149
36	1	49,31	1,0	298	149
1	2	4,1	0,0	286	149
18	1	7,15	0,0	298	149
549	2	227,118	0,0	297	149
417	0	111,63	2,0	257	149
52	1	10,12	7,0	298	149
52	12	9,12	3,0	298	149
54	6	9,12	8,0	298	149
55	6	9,12	12,2	298	149
0	194	0,2	191,157	298	149
0	194	0,2	191,157	229	149
4	0	0,8	3,6	198	149
3	0	2,1	3,6	266	149
3	4	2,1	0,8	266	149
65	2	77,61	0,0	298	149
114	0	124,74	1,0	275	149
14	38	0,2	14,48	230	149
79	0	100,38	0,1	230	149
1	0	53,5	1,0	290	149
1	0	113,18	47,11	290	149
50	0	71,48	1,0	290	149
49	2	94,55	1,2	290	149
10	2	12,14	1,2	257	149
22	11	22,26	34,19	257	149
77	0	87,106	2,0	298	149
1	32	0,2	89,37	290	149
52	0	83,50	4,0	239	149
68	2	118,71	0,0	298	149
5	2	5,13	0,0	298	149
6	0	12,10	0,1	239	149
554	4	917,843	3,3	298	149
601	2	1143,748	2,0	298	149
0	6	2,2	2,8	182	149
4	2	7,8	6,0	265	149
2	4	0,0	4,8	242	149
3	0	11,2	2,0	271	149
1	19	0,0	14,18	298	149
6	0	10,20	1,0	298	149
4	0	8,13	1,0	266	149
11	12	17,4	22,7	278	149
27	0	51,24	2,0	241	149
30	0	57,25	2,0	251	149
30	1	56,55	0,0	298	149
22	2	47,94	2,2	236	149
2	18	8,7	17,42	254	149
4	2	0,1	2,16	164	149
4	7	0,1	10,0	164	149
2	7	2,16	10,0	298	149
3	7	2,18	10,0	298	149
1	0	2,3	0,1	298	149
5	2	2,0	0,0	279	149
21	0	153,101	1,0	263	149
37	0	149,80	2,0	206	149
8	10	27,23	61,45	206	149
171	1	169,155	2,0	298	149
186	5	177,118	7,6	263	149
2	117	0,0	135,112	250	149
38	6	27,19	18,10	298	149
35	6	27,19	18,10	298	149
4	4	0,0	0,1	211	149
747	2	638,2637	0,0	298	149
1287	0	919,2378	0,2	298	149
1586	1	1265,2862	0,0	215	149
1	5	2,0	7,6	298	149
167	2	132,62	0,0	258	149
238	0	273,137	1,0	215	149
150	0	192,65	2,0	249	149
473	3	423,185	0,0	298	149
472	1	553,317	2,0	263	149
595	0	734,363	0,2	298	149
271	0	349,200	0,2	298	149
6	0	14,15	6,4	213	149
0	1	2,11	2,2	298	149
38	0	82,77	1,0	298	149
0	13	0,2	23,23	298	149
12	0	24,18	0,4	261	149
27	19	55,103	18,23	263	149
17	0	41,30	0,2	257	149
45	2	73,49	1,0	280	149
3844	0	2602,921	2,0	267	149
7415	0	5663,2137	2,0	247	149
10	0	28,25	2,1	253	149
0	4	3,0	22,7	298	149
26956	0	5120,5049	4,0	288	149
291	10537	63,60	2556,1817	271	149
2	5	4,2	2,12	298	149
0	13	1,2	14,15	190	149
20	0	46,34	4,2	291	149
114	2	79,51	0,0	227	149
38	2	21,6	0,0	219	149
63	0	21,30	0,2	265	149
19	0	32,49	2,0	298	149
35	1	60,58	0,0	184	149
39	2	85,35	1,2	255	149
7	27	2,0	26,17	298	149
55	0	118,46	1,0	298	149
0	42	2,0	79,35	188	149
63	0	119,48	2,0	286	149
34	0	55,22	2,0	298	149
11	0	14,8	1,0	298	149
3	15	0,9	14,6	220	149
0	5	2,0	0,2	205	149
2	5	0,0	0,2	298	149
34	0	66,46	4,0	250	149
2	14	3,0	8,11	218	149
281	4	236,181	0,0	270	149
134	0	115,103	1,4	251	149
294	0	217,195	2,11	298	149
134	0	117,72	1,0	251	149
300	3	311,238	0,0	188	149
288	0	446,208	0,4	222	149
135	4	101,60	0,0	298	149
173	0	248,183	2,0	298	149
16	59	20,29	76,52	209	149
77	2	101,68	1,4	265	149
4	0	4,8	1,0	218	149
1	2	2,4	0,2	258	149
26	0	4,0	2,0	289	149
0	6	0,2	2,7	173	149
2	0	2,1	2,0	298	149
29	0	12,8	0,2	240	149
0	25	0,4	29,33	270	149
2	0	8,1	0,2	266	149
6	0	1,0	2,0	274	149
11	1	28,9	0,0	294	149
17	0	0,0	0,1	207	149
0	2	40,20	4,0	283	149
0	2	40,20	4,0	211	149
14	0	23,12	4,0	210	149
0	1	6,0	12,2	298	149
5	0	1,0	0,2	298	149
5	2	5,1	26,12	298	149
0	2	0,2	26,12	291	149
2	187	0,0	129,85	270	149
724	0	631,468	2,0	298	149
530	0	568,226	2,0	276	149
7	3	8,0	7,6	187	149
111	2	136,93	0,1	221	149
3	3	1,0	0,0	292	149
1	1	1,0	3,6	292	149
52	1	51,33	0,0	248	149
381	8	210,161	2,0	246	149
443	1	200,115	0,0	298	149
337	4	146,99	0,3	209	149
4	16	2,4	4,6	298	149
5	1	6,31	9,18	242	149
10	0	21,16	1,0	242	149
4	0	8,11	1,0	242	149
4	0	4,12	2,0	242	149
6	0	5,9	1,0	227	149
17	4	21,32	2,17	227	149
10	0	22,31	0,1	201	149
13	0	33,34	4,0	269	149
13	0	26,31	4,0	298	149
56	127	54,50	114,77	185	149
3	145	2,1	54,30	236	149
0	145	2,0	54,30	208	149
2	15	0,0	26,19	272	149
0	62	2,0	83,38	272	149
34	62	36,29	83,38	236	149
21	0	10,10	2,0	236	149
233	2	315,236	0,0	298	149
242	1	242,122	4,0	298	149
3707	0	1472,1149	2,0	276	149
6966	0	3056,1792	0,2	239	149
5945	1	2279,1489	0,0	242	149
6948	0	2847,1964	2,0	298	149
8151	0	3637,2540	3,6	259	149
6862	0	2909,1986	4,4	298	149
6097	2	2680,1730	5,0	298	149
6929	4	2732,1537	0,0	246	149
3413	2	1227,876	0,0	236	149
4725	41	1551,988	4,6	215	149
1458	2	492,357	0,0	215	149
0	2	2,2	2,11	252	149
262	1	175,137	2,0	251	149
5	228	1,2	132,85	265	149
261	1	180,146	1,0	298	149
3	0	8,2	13,13	218	149
1	3	2,0	0,7	218	149
2	3	13,13	0,7	296	149
0	3	13,13	0,7	298	149
5	0	11,12	2,4	229	149
7	2	15,14	1,2	229	149
3	2	6,12	1,2	248	149
0	2	2,4	1,2	298	149
2	4	5,0	9,2	298	149
2	4	7,0	9,2	298	149
19	0	6,2	2,0	286	149
40	3	28,11	28,32	286	149
76	1	82,41	0,0	241	149
52	1	65,37	3,0	298	149
45	1	47,27	3,0	280	149
154	4	151,92	3,17	298	149
218	1	179,92	0,0	298	149
162	8	123,73	8,5	290	149
271	0	280,162	2,0	289	149
22	0	9,25	0,2	261	149
13	2	15,10	0,0	298	149
199	1	133,60	2,0	288	149
99	0	71,34	2,0	288	149
118	0	67,20	2,0	298	149
430	1	407,152	0,2	298	149
284	4	233,83	5,4	214	149
0	282	0,2	296,150	271	149
263	0	266,112	1,1	221	149
328	5	10,14	0,0	215	149
17	0	106,60	13,1	298	149
12	6	89,61	14,7	298	149
19	6	55,28	14,7	298	149
26	2	69,48	10,22	298	149
51	0	107,48	6,0	288	149
44	0	244,179	2,2	298	149
22	0	103,60	3,0	298	149
9	0	27,25	3,0	192	149
32	1	169,145	6,4	192	149
8	30	25,26	94,65	298	149
34	3	38,53	13,9	298	149
58	0	120,80	4,0	234	149
62	1	132,80	0,0	298	149
18	0	63,58	4,0	257	149
0	8	0,2	49,34	298	149
63	2	17,23	0,0	235	149
2	3	0,0	0,2	298	149
57	0	83,69	2,1	245	149
23	0	58,25	4,0	172	149
3	30	3,0	13,3	298	149
7	0	4,5	3,2	238	149
5	0	2,4	3,2	263	149
59	2	70,22	0,6	247	149
27	2	41,41	0,0	277	149
256	0	122,77	0,2	298	149
267	0	170,101	2,0	224	149
3	0	4,10	0,2	281	149
302	0	936,502	1,0	230	149
5	268	6,11	885,461	268	149
0	268	11,6	885,461	298	149
722	0	2047,1613	2,0	298	149
715	5	48,39	0,0	281	149
3035	3	262,312	0,0	298	149
647	3	41,56	0,0	298	149
9168	5	636,481	0,0	298	149
9171	3	636,481	0,0	298	149
6	2	0,0	2,0	298	149
11558	5	857,737	0,0	298	149
8012	2	532,370	2,0	271	149
17148	3	1166,849	0,0	271	149
10	42	0,0	0,2	298	149
1	22	0,0	34,44	223	149
17	2	18,8	3,2	201	149
0	2	2,15	0,0	298	149
2	0	0,8	3,0	298	149
0	17	2,0	30,36	233	149
11	1	20,10	0,0	239	149
7	0	6,2	0,2	251	149
8	4	9,2	6,8	251	149
3	4	1,0	6,8	212	149
0	4	0,2	6,8	191	149
4	5	0,0	3,0	191	149
29	3	28,18	1,4	242	149
29	2	46,32	2,0	267	149
22	1	45,26	0,0	228	149
5275	2	5842,3077	1,0	275	149
3609	6	3569,1647	0,6	253	149
507	0	355,278	2,0	286	149
552	65	385,296	74,29	286	149
230	6	144,86	2,0	239	149
297	2	154,93	0,2	295	149
275	1	87,42	0,0	246	149
272	7	105,44	0,0	297	149
97	0	54,21	1,0	298	149
224	0	97,35	1,0	298	149
283	0	158,80	2,0	276	149
216	4	153,115	0,0	298	149
243	4	143,28	8,4	298	149
114	2	68,11	0,2	298	149
66	0	105,49	2,0	266	149
29	0	26,20	2,2	232	149
37	1	28,17	0,0	208	149
2	7	4,6	3,2	298	149
8	0	3,6	2,0	254	149
0	4	2,2	3,0	282	149
4	0	0,0	1,0	284	149
253	2	154,72	2,0	288	149
77	0	84,32	1,0	276	149
66	0	69,22	2,0	298	149
74	8	59,28	3,2	278	149
104	0	79,22	2,0	263	149
108	2	100,67	0,0	287	149
16	4	20,13	1,0	298	149
3	69	0,0	60,27	298	149
4	0	0,4	0,2	298	149
154	4	88,64	0,0	257	149
681	164	664,616	65,52	263	149
193	1	341,297	2,0	215	149
4	0	2,0	0,2	216	149
1	0	2,0	6,5	277	149
8	12	0,2	31,31	230	149
25	2	59,49	0,0	298	149
6	5	11,19	15,8	239	149
2	0	18,21	0,2	284	149
10	5	9,18	12,8	212	149
0	3	0,2	6,7	257	149
0	10	0,3	11,9	291	149
75	3	53,21	18,4	298	149
75	3	129,70	15,13	260	149
28	0	47,51	3,0	298	149
0	22	7,0	17,17	161	149
22	0	17,17	1,0	284	149
134	0	150,93	2,0	298	149
232	2	290,140	0,0	290	149
2	2	57,9	0,0	274	149
0	48	0,4	23,24	158	149
16	7	20,7	9,3	298	149
45	1	65,40	0,0	268	149
26	1	36,23	0,0	277	149
83	0	92,29	2,0	245	149
223	0	382,118	2,0	298	149
273	0	842,290	0,7	256	149
334	0	854,204	1,1	263	149
353	0	936,223	6,2	298	149
322	1	774,180	6,0	298	149
130	0	330,88	11,2	298	149
0	4	81,73	0,0	298	149
0	6	2,0	31,6	298	149
0	1	5,2	8,2	265	149
419	1	204,108	0,0	210	149
623	2	422,297	0,0	259	149
80	2	136,50	6,1	298	149
1	27	0,0	35,16	273	149
10	14	2,0	25,8	283	149
72	0	133,104	2,1	256	149
105	2	136,113	0,0	269	149
112	2	120,82	1,0	298	149
59	2	48,33	0,0	298	149
17	2	44,44	0,0	227	149
94	1	129,125	0,4	298	149
106	0	145,126	0,2	283	149
41	2	28,16	0,0	260	149
0	20	0,2	9,15	265	149
31	3	26,23	5,0	298	149
25	0	13,15	2,0	298	149
1	31	0,0	44,21	210	149
1	31	0,0	44,21	222	149
3	31	3,0	44,21	298	149
3	1	5,0	0,0	298	149
99	0	45,36	2,0	243	149
118	1	95,71	0,4	238	149
78	0	106,64	0,2	242	149
9	1	4,2	0,0	267	149
17	1	6,4	2,2	298	149
8	1	4,4	2,2	281	149
17	2	7,0	0,2	267	149
16	3	2,6	0,0	273	149
50	0	38,27	2,0	234	149
2	16	0,0	10,5	191	149
75	28	98,33	12,9	245	149
221	28	270,103	12,9	247	149
4	141	0,2	115,50	188	149
302	2	313,212	2,0	293	149
0	48	0,4	157,98	298	149
2	0	0,0	0,2	192	149
46	0	196,200	0,4	288	149
5	10	41,58	42,74	215	149
11	6	32,71	13,31	194	149
9	23	142,132	60,152	248	149
0	31	4,7	99,177	158	149
22	0	15,6	4,0	199	149
64	2	44,33	2,0	294	149
41	0	41,34	1,2	249	149
39	0	47,34	2,2	228	149
2	96	0,0	9,15	215	149
68	0	162,132	0,2	200	149
63	1	83,113	4,0	298	149
24	1	33,37	4,0	298	149
116	2	125,48	0,0	221	149
55	0	56,20	2,0	221	149
0	9	2,0	5,33	191	149
6	0	6,6	0,2	262	149
3	5	8,0	0,0	218	149
2	3	8,3	0,0	298	149
5	3	15,3	0,0	298	149
4	3	11,0	0,0	298	149
4	3	11,0	0,0	298	149
1	2	2,3	0,0	298	149
2	81	0,0	52,55	236	149
123	2	90,68	2,0	215	149
0	26	4,0	18,28	197	149
2	16	0,2	8,2	203	149
19	4	31,17	5,9	241	149
0	4	0,2	5,9	217	149
16	0	22,15	2,0	227	149
0	1	2,1	7,4	247	149
0	2	2,2	0,0	247	149
3	2	16,4	0,0	298	149
2	0	11,0	2,1	298	149
5	1	14,9	0,0	273	149
79	2	69,43	0,0	298	149
92	0	65,64	1,0	294	149
4	1	4,0	0,0	276	149
5	1	2,4	0,0	283	149
2	0	2,2	2,0	212	149
0	42	2,0	35,29	267	149
0	31	0,2	63,30	298	149
4	21	0,0	8,7	288	149
227	3	94,53	2,2	209	149
69	2	40,34	0,0	283	149
21	3	12,6	4,2	298	149
2	184	0,0	243,108	298	149
2	184	0,0	243,108	298	149
43	1	45,38	0,0	298	149
176	4	35,8	0,0	277	149
396	2	24,23	0,0	298	149
129	0	101,79	2,0	273	149
297	0	295,158	2,0	269	149
46	86	18,8	71,48	212	149
17	3	12,4	0,2	212	149
213	3	183,150	0,2	298	149
157	1	118,106	0,0	298	149
4	72	2,0	44,37	230	149
204	1	97,241	0,0	235	149
245	1	416,269	0,0	298	149
202	1	360,250	4,2	298	149
55	2	115,75	0,0	213	149
71	0	34,38	1,0	298	149
57	0	215,79	2,0	271	149
0	67	0,3	253,99	298	149
32	0	98,60	3,2	284	149
107	1	252,246	5,0	298	149
0	2	8,6	18,17	268	149
3	48	0,0	42,33	223	149
2	48	0,0	42,33	251	149
43	2	64,35	0,0	297	149
168	6	158,113	3,2	245	149
208	2	186,96	0,4	272	149
181	1	152,134	0,0	278	149
120	0	95,128	2,0	287	149
2	35	0,0	16,6	211	149
65	4	57,37	2,6	281	149
0	24	3,2	37,12	298	149
240	0	223,87	2,0	298	149
113	0	113,43	1,0	261	149
204	3	214,105	0,0	289	149
203	4	158,143	2,8	298	149
96	0	60,18	1,0	249	149
43	0	40,30	2,0	254	149
40	0	37,34	2,0	254	149
106	0	98,75	0,2	298	149
0	2	2,0	6,1	275	149
2	0	11,8	2,0	298	149
18	14	30,13	33,7	261	149
11	14	20,13	33,7	276	149
4	0	7,2	3,0	298	149
4	0	6,2	3,0	298	149
7	6	13,8	4,0	265	149
6	0	13,2	6,0	265	149
2	1	2,2	0,0	200	149
4	6	4,6	4,0	200	149
3	0	5,2	6,0	200	149
1	6	0,3	4,0	265	149
1	6	0,3	6,6	265	149
1	6	0,2	4,0	266	149
2	6	0,4	6,6	266	149
21	0	18,8	6,0	205	149
21	4	20,14	8,2	205	149
1	26	0,0	20,13	286	149
6	0	14,19	2,0	281	149
19	0	26,17	0,2	245	149
70	0	124,64	0,2	298	149
96	0	122,98	0,2	298	149
43	1	69,29	0,0	263	149
0	2	2,0	13,12	205	149
0	4	1,0	8,25	298	149
8	4	0,0	6,2	191	149
2	0	0,0	1,0	298	149
6	0	0,0	1,0	229	149
2	9	4,4	0,2	254	149
173	0	116,110	0,6	229	149
125	0	103,98	2,0	284	149
9	44	3,1	13,18	262	149
68	0	22,28	3,8	298	149
0	2	2,5	2,4	221	149
23	0	10,8	0,2	221	149
385	7	171,167	10,4	217	149
62	2	55,55	4,0	212	149
177	5	125,113	3,5	176	149
38	3	53,29	6,0	298	149
5	32	12,6	28,23	249	149
90	2	146,93	3,0	298	149
111	0	119,73	2,0	218	149
79	2	63,69	1,0	247	149
2	31	4,2	37,38	269	149
19	0	39,37	1,0	298	149
0	67	4,0	72,45	246	149
0	67	3,0	72,45	298	149
89	0	90,53	0,2	224	149
2	47	0,0	35,27	298	149
4	4	0,0	2,4	298	149
55	4	49,30	2,4	242	149
12	4	14,3	0,0	242	149
645	1	420,173	0,0	262	149
0	135	0,6	205,128	298	149
6	135	12,4	205,128	228	149
1	200	5,0	246,130	225	149
7	2	11,6	0,0	225	149
265	2	311,161	0,0	225	149
66	6	69,33	8,6	225	149
0	102	3,0	148,64	247	149
188	45	24,2	8,4	242	149
147	0	12,7	1,0	241	149
224	2	37,45	0,0	232	149
256	0	27,21	2,0	298	149
2	33	0,0	2,0	246	149
6	33	4,0	2,0	287	149
89	2	68,44	3,0	248	149
36	2	20,24	0,0	208	149
191	4	124,117	0,0	278	149
15	0	12,6	2,0	259	149
25	0	25,20	2,0	241	149
33	0	32,31	0,2	229	149
36	1	53,39	2,0	296	149
3	0	11,14	0,2	298	149
2	0	3,0	0,5	207	149
25	7	77,57	9,2	268	149
12	80	10,4	31,24	298	149
7	9	9,2	8,6	298	149
5	80	1,2	31,24	298	149
107	9	80,47	8,6	221	149
47	1	53,25	0,0	221	149
325	4	393,163	7,7	212	149
18	179	3,11	176,91	236	149
6	17	16,10	32,13	263	149
6	0	16,16	2,6	242	149
25	0	92,73	1,0	261	149
5	25	4,0	36,21	266	149
0	25	1,0	36,21	194	149
72	2	70,34	0,0	225	149
15	0	15,2	2,0	205	149
92	1	82,16	2,0	252	149
0	43	5,0	38,5	268	149
77	1	59,49	0,0	209	149
19	1	19,13	0,0	190	149
63	0	73,33	1,0	256	149
18	8	15,5	12,5	226	149
11	2	6,2	9,18	226	149
3	0	4,0	2,0	275	149
10	2	16,5	9,18	275	149
14	4	11,3	0,0	275	149
19	19	8,10	9,21	295	149
0	6	0,1	4,4	298	149
56	0	80,56	2,0	298	149
2	37	3,0	71,35	298	149
123	2	140,64	1,0	278	149
164	5	140,104	2,3	298	149
161	2	138,49	0,4	298	149
5	0	9,21	3,6	273	149
0	1	0,2	0,2	298	149
2	4	8,11	5,4	227	149
45	0	47,43	2,0	271	149
0	23	2,0	19,5	230	149
0	23	3,0	19,5	298	149
13	55	6,4	28,26	221	149
0	55	1,0	28,26	298	149
105	9	67,73	0,2	230	149
0	79	2,0	56,57	224	149
126	3	144,77	0,0	233	149
118	0	89,87	1,2	205	149
12	2	8,14	0,0	225	149
5	2	9,2	0,0	298	149
11	0	22,6	3,9	298	149
43	0	46,18	0,4	298	149
61	1	97,56	0,0	298	149
48	2	68,41	5,0	298	149
30	1	39,22	0,0	298	149
33	1	54,35	0,0	298	149
49	0	78,55	0,1	298	149
24	2	28,14	0,0	280	149
40	1	30,18	2,0	234	149
1	0	11,7	15,2	298	149
4	0	0,0	2,0	298	149
8	0	12,20	1,2	211	149
161	0	127,47	2,0	270	149
195	0	145,112	2,0	281	149
9	0	5,8	0,2	239	149
81	2	42,15	0,0	298	149
152	14	124,108	20,21	255	149
25	14	11,22	20,21	298	149
313	1	217,170	3,0	259	149
32	0	23,18	0,2	249	149
37	2	12,20	3,0	260	149
25	0	8,6	1,0	260	149
23	3	6,14	0,0	263	149
0	4	4,0	0,0	267	149
2	0	1,0	2,0	278	149
280	1	354,174	0,0	238	149
258	0	298,123	2,0	198	149
5	0	3,1	2,0	152	149
1634	1113	949,662	880,249	298	149
1987	1113	2323,1773	880,249	298	149
33	1679	640,491	1288,824	298	149
5	24	4,0	490,349	195	149
3980	0	3867,2042	1,0	298	149
4583	0	3182,1734	0,2	298	149
24	1799	183,28	1062,595	298	149
3652	0	3460,2034	1,0	281	149
41	3	91,46	0,0	282	149
1	72	0,4	83,78	298	149
152	0	133,142	0,2	247	149
0	6	2,0	22,12	298	149
18	0	33,9	2,2	235	149
0	40	0,2	42,29	290	149
1	2	2,4	0,0	282	149
2	14	0,0	2,6	252	149
14	14	15,17	2,6	298	149
2	2	0,2	0,0	298	149
0	58	0,2	46,27	265	149
2	1	2,0	0,0	208	149
103	0	82,53	0,1	298	149
0	1	3,0	0,0	277	149
3	4	17,9	0,0	230	149
3	2	2,0	6,1	223	149
3	1	3,6	6,0	298	149
17	32	10,4	14,13	290	149
5	16	0,4	4,4	293	149
120	3	113,62	0,0	287	149
0	9	3,2	9,8	256	149
17	0	33,25	6,0	252	149
201	2	117,167	0,0	298	149
59	28	102,62	19,20	215	149
0	6	0,2	3,3	286	149
0	6	0,2	3,3	289	149
22	0	20,10	1,0	298	149
5	9	0,0	9,10	298	149
6	2	1,0	0,0	298	149
77	2	62,30	0,0	298	149
72	1	101,103	0,0	298	149
2	19	2,2	10,5	298	149
285	0	127,86	2,0	279	149
95	3	56,33	0,2	191	149
106	1	32,17	0,0	188	149
5	4	2,0	0,0	188	149
104	2	22,16	0,0	222	149
55	1	53,13	0,0	298	149
109	0	53,55	4,2	196	149
97	1	74,45	0,0	200	149
9	35	1,4	109,99	298	149
5	35	1,4	109,99	298	149
192	1	286,178	4,6	206	149
62	0	93,57	2,0	206	149
174	0	229,141	2,0	200	149
136	0	188,116	0,2	254	149
273	3	492,364	10,9	208	149
2	0	1,0	2,0	176	149
2	0	1,0	0,2	194	149
83	1	99,27	2,2	229	149
65	0	85,58	0,2	238	149
101	0	123,113	1,0	294	149
66	6	124,76	8,4	260	149
86	0	68,39	6,4	298	149
56	1	70,55	0,1	298	149
35	0	104,84	2,0	298	149
47	0	107,55	2,0	298	149
35	0	63,52	2,0	266	149
121	2	127,160	0,0	284	149
187	2	119,150	0,0	282	149
56	0	66,102	2,0	298	149
0	10	4,2	13,42	298	149
0	1	6,15	0,10	218	149
8065	1	521,534	7,2	298	149
8348	80	522,537	1,10	298	149
7236	80	348,404	1,10	251	149
8162	1	726,626	7,2	298	149
18129	80	983,1098	1,10	298	149
15987	2	993,865	0,0	289	149
14964	8	974,948	2,2	298	149
8216	2	509,426	0,0	298	149
7750	2	514,450	0,0	298	149
14496	4	977,970	0,0	298	149
9044	2	606,545	0,0	298	149
13459	1	1009,1280	0,0	298	149
17086	12	1102,1219	0,0	298	149
8560	5	619,748	0,0	298	149
69	5	10,4	0,0	298	149
17241	5	1062,898	0,0	298	149
8586	4	497,475	4,0	298	149
8288	4	579,429	4,0	298	149
16995	57	1154,856	10,4	298	149
96	8283	9,9	579,429	269	149
0	2	0,2	0,0	265	149
5	5	2,0	0,0	237	149
146	5	53,38	0,0	292	149
1	0	12,2	3,3	265	149
0	1	2,0	15,5	249	149
16	82	0,3	26,30	192	149
2	11	4,2	27,18	176	149
64	2	39,9	0,1	264	149
66	2	97,27	0,0	298	149
90	7	82,71	16,6	256	149
54	0	34,26	0,3	256	149
38	0	55,44	2,0	256	149
8	0	17,6	0,3	276	149
74	2	86,74	3,0	276	149
40	0	55,42	4,0	276	149
27	0	36,21	4,0	238	149
60	1	64,53	2,0	238	149
18	1	14,3	0,0	298	149
2	0	0,0	0,1	244	149
119	0	65,56	2,0	267	149
87	2	41,49	0,0	241	149
72	1	67,47	2,1	263	149
71	2	56,40	0,0	298	149
65	2	33,20	0,0	240	149
171	3	121,71	1,0	260	149
106	14	50,36	0,5	291	149
2	13	3,6	17,15	298	149
542	0	1050,199	2,0	223	149
131	0	306,55	2,0	182	149
52	4	80,46	3,0	298	149
24	5	14,11	0,2	298	149
29	3	33,15	2,0	268	149
113	2	175,152	4,0	290	149
173	0	270,178	2,0	218	149
0	19	1,0	16,5	261	149
0	19	4,0	16,5	242	149
3	19	12,4	16,5	298	149
3	0	12,4	4,0	298	149
1	2	2,1	0,0	298	149
93	0	139,94	3,0	248	149
135	0	147,116	2,0	298	149
177	0	264,151	2,0	232	149
3	40	2,0	54,43	291	149
2	15	0,2	15,6	198	149
12	0	27,5	2,0	298	149
7	1	25,7	0,2	251	149
47	2	90,34	2,0	298	149
4	2	7,13	6,6	298	149
0	3	2,0	1,5	259	149
0	6	2,0	2,4	298	149
6	2	5,4	0,0	298	149
5	2	5,2	0,2	298	149
7	21	10,3	25,37	271	149
38	2	86,39	0,0	265	149
18	0	47,43	0,2	233	149
134	2	242,181	0,0	236	149
343	2	589,334	0,0	296	149
270	1	432,206	0,0	298	149
188	0	241,157	0,3	232	149
6	45	2,5	35,36	298	149
93	0	66,36	4,0	208	149
66	5	84,35	0,1	263	149
8	5	9,10	17,5	254	149
40	5	19,8	17,5	276	149
0	5	2,0	17,5	288	149
1	38	4,2	16,8	288	149
149	0	129,42	1,0	298	149
7	111	7,0	113,34	298	149
7	15	5,0	15,7	298	149
248	15	248,102	15,7	298	149
170	4	154,62	0,0	298	149
148	1	133,54	4,0	287	149
91	0	96,42	1,0	215	149
234	1	212,96	6,7	262	149
107	6	87,52	26,4	236	149
37	2	31,13	0,0	236	149
29	0	28,15	2,0	236	149
29	1	31,13	0,0	236	149
87	0	76,34	4,0	298	149
89	1	92,35	0,0	247	149
161	0	128,70	4,0	247	149
76	1	56,29	0,0	229	149
82	0	60,29	4,0	229	149
58	1	31,13	0,0	196	149
58	0	30,15	4,0	196	149
50	0	94,29	1,0	254	149
33	0	48,14	2,0	250	149
17	2	5,8	0,0	196	149
3	24	0,0	22,12	298	149
55	3	57,35	0,0	270	149
13	2	4,5	0,0	226	149
554	11	595,316	0,1	298	149
242	0	272,135	0,4	298	149
271	2	280,136	0,0	264	149
349	1	308,171	0,0	298	149
89	30	64,84	40,22	275	149
0	12	1,0	4,4	271	149
64	1	111,61	2,0	227	149
1	29	2,0	63,37	170	149
89	2	13,9	0,0	161	149
2	129	9,10	10,7	227	149
2	3	1,0	12,2	208	149
7	0	17,21	2,0	235	149
15	0	35,28	0,2	298	149
0	5	1,0	34,12	202	149
0	2	0,6	0,2	266	149
73	0	91,49	7,0	220	149
34	0	50,42	2,0	260	149
45	8	50,39	16,17	260	149
14	0	8,18	1,0	245	149
20	1	26,18	0,0	196	149
58	0	66,48	2,0	235	149
11	0	10,8	1,0	296	149
61	0	109,80	0,2	298	149
1	43	2,0	54,30	220	149
298	2	313,181	0,0	208	149
206	0	146,150	0,2	198	149
5	4	4,0	0,0	246	149
6	0	6,6	0,1	209	149
2	0	5,4	0,2	269	149
0	23	2,0	16,27	242	149
1	0	2,0	0,2	298	149
924	0	739,368	0,2	294	149
10	191	18,4	87,28	267	149
91	0	55,97	0,2	233	149
1230	0	688,715	0,2	280	149
704	0	415,366	0,2	279	149
61	0	112,70	1,0	298	149
49	0	91,60	3,0	298	149
6	0	33,18	3,0	298	149
18	0	53,30	0,2	298	149
12	0	27,14	2,0	298	149
17	0	32,13	6,0	294	149
23	0	61,31	6,2	294	149
250	0	121,45	1,0	289	149
10	131	2,0	82,36	239	149
16	131	2,0	82,36	243	149
66	0	16,16	0,1	228	149
2	118	0,0	44,34	291	149
4	18	0,0	12,6	195	149
1	13	0,0	14,2	170	149
2	0	0,2	0,2	285	149
13	0	6,4	2,0	298	149
15	0	6,4	2,0	263	149
4	8	0,0	0,4	196	149
3	0	2,2	1,0	298	149
5	12	6,2	41,35	298	149
0	12	1,0	41,35	298	149
25	2	52,33	0,2	256	149
0	24	3,0	23,20	298	149
0	24	1,0	23,20	244	149
9	70	14,0	83,36	224	149
105	0	147,58	0,1	222	149
38	0	48,11	1,2	222	149
25	0	34,20	1,2	247	149
39	3	57,32	2,0	255	149
98	3	103,50	2,0	289	149
108	0	125,67	1,0	253	149
43	1	47,28	0,0	276	149
1	3	10,7	0,0	298	149
4	3	13,7	0,0	245	149
1	85	5,0	68,39	298	149
95	3	53,42	13,5	253	149
5	0	14,5	0,1	269	149
5	3	2,0	1,0	234	149
2	19	0,0	22,4	177	149
6	8	6,4	4,6	214	149
6	3	6,4	0,0	214	149
10	19	11,4	22,4	214	149
4	2	6,4	0,0	214	149
17	78	1,8	106,57	272	149
215	1	209,160	0,0	257	149
30	112	30,18	105,42	260	149
0	2	0,3	0,2	298	149
0	2	0,2	0,2	224	149
2	44	3,0	12,3	221	149
4	8	0,0	12,6	221	149
4	44	4,2	12,3	280	149
4	8	4,5	12,6	280	149
99	8	50,13	12,6	298	149
55	2	41,10	0,0	298	149
55	0	42,10	4,3	298	149
83	0	61,12	0,2	271	149
90	2	62,32	3,6	242	149
15	2	15,10	3,6	179	149
2	4	2,4	0,4	262	149
78	2	95,54	1,0	298	149
4	284	7,8	359,204	252	149
246	0	288,193	9,2	254	149
154	7	176,84	4,4	209	149
126	51	94,67	37,7	173	149
322	0	400,316	2,0	257	149
53	218	22,21	272,242	278	149
107	218	45,45	272,242	298	149
742	0	767,570	2,4	286	149
227	1	273,152	2,1	273	149
364	2	369,209	0,0	191	149
560	1	512,204	0,2	252	149
248	2	252,110	0,0	252	149
6	323	5,12	270,96	275	149
187	2	85,50	0,0	225	149
503	4	351,142	2,1	225	149
5	15	8,18	50,20	224	149
18	78	12,10	77,28	298	149
130	0	124,55	1,0	298	149
16	69	2,4	54,33	254	149
6	0	4,13	1,0	247	149
3	2	9,7	4,4	298	149
104	0	62,23	2,0	277	149
109	0	83,23	0,2	242	149
82	0	43,15	4,0	183	149
42	0	40,1	0,2	215	149
107	13	72,11	7,4	215	149
204	0	136,29	1,0	296	149
5	2	10,7	4,0	269	149
0	2	2,2	2,0	281	149
2	2	2,0	0,1	198	149
3	0	2,3	4,0	248	149
6	2	9,2	0,0	298	149
138	7	124,64	0,2	286	149
146	0	146,87	2,0	279	149
19	31	16,4	42,25	227	149
104	2	39,34	2,0	242	149
1	26	2,4	14,6	224	149
2	22	2,0	15,5	240	149
149	2	83,61	0,0	275	149
166	2	68,67	0,0	298	149
82	4	43,25	0,0	298	149
144	2	73,47	8,9	298	149
0	13	0,2	17,13	212	149
0	7	0,4	6,4	298	149
230	2	69,43	0,0	224	149
381	0	131,93	2,0	203	149
2	303	0,0	116,79	298	149
471	0	187,146	1,0	228	149
756	20	396,223	23,9	298	149
360	0	182,122	0,2	298	149
14	397	0,2	215,101	298	149
7	0	2,0	0,2	185	149
480	1	274,109	0,0	185	149
105	1	67,35	1,0	185	149
337	1	192,80	1,0	264	149
733	4	421,172	4,8	264	149
601	0	287,147	2,0	236	149
0	317	0,2	110,78	252	149
36	0	32,15	4,0	252	149
33	3	36,19	0,0	298	149
3	7	3,0	11,2	298	149
9	2	11,2	4,2	297	149
40	2	60,13	4,2	298	149
7	33	4,0	49,11	215	149
70	0	114,36	2,0	298	149
41	0	76,45	0,4	223	149
49	2	46,16	2,0	201	149
63	1	164,74	2,0	298	149
34	21	30,21	7,3	207	149
30	3	17,15	1,5	207	149
3	15	0,0	7,1	238	149
2	0	0,0	4,4	233	149
4	0	0,0	4,4	272	149
5	6	1,2	2,8	272	149
2	6	6,10	2,8	222	149
2	1	2,6	1,2	222	149
0	6	1,2	2,8	297	149
0	19	2,0	12,15	182	149
4	31	0,0	44,18	291	149
81	0	60,34	0,1	251	149
0	39	0,1	26,9	298	149
1	0	0,4	7,0	298	149
1	0	0,4	7,0	298	149
1	0	0,4	7,0	225	149
2	0	5,8	1,0	225	149
1	11	2,7	2,4	279	149
58	1	17,23	0,0	298	149
1	12	0,0	10,0	276	149
1	376	0,0	385,191	289	149
365	0	384,190	2,0	206	149
67	0	56,28	0,2	265	149
88	34	53,8	6,0	199	149
43	0	40,35	2,0	217	149
56	0	40,23	6,0	298	149
0	4	4,2	0,0	278	149
0	25	4,2	10,4	278	149
4	25	0,0	10,4	267	149
6	0	38,25	3,3	268	149
8	0	28,17	2,0	298	149
0	2	0,3	6,4	298	149
225	1	113,79	2,0	271	149
2	25	0,0	26,12	226	149
53	3	68,39	0,0	243	149
18	2	11,3	0,0	298	149
64	2	70,29	0,0	298	149
6	116	0,0	34,17	243	149
1728	3	538,277	0,0	267	149
282	0	74,45	4,4	267	149
752	1	240,126	0,0	225	149
3	0	0,0	4,4	245	149
2208	4	656,341	4,0	245	149
1006	1	347,168	0,0	245	149
1070	1	195,104	0,0	250	149
2292	4	505,275	0,0	250	149
0	17	6,3	29,14	237	149
0	2	6,6	4,0	237	149
156	4	243,128	2,2	298	149
67	0	75,60	3,2	298	149
156	0	202,123	4,2	298	149
160	2	258,121	0,0	298	149
169	1	259,130	1,3	298	149
68	0	85,42	0,2	275	149
144	1	181,148	2,0	239	149
161	0	267,103	4,0	298	149
138	0	198,89	1,5	232	149
105	2	145,82	3,0	298	149
78	4	97,73	4,0	282	149
48	0	89,42	0,2	245	149
70	0	179,91	1,2	237	149
98	1	159,97	0,1	252	149
2	36	0,0	48,33	266	149
60	0	82,55	6,6	298	149
40	2	50,33	1,0	298	149
2	2	7,6	1,0	298	149
26	4	35,22	2,0	298	149
60	2	53,52	1,0	298	149
6	0	46,28	3,0	267	149
2	1	0,0	8,3	206	149
0	5	2,2	11,10	248	149
4	37	2,0	16,20	291	149
2	37	0,6	16,20	214	149
13	0	15,8	1,0	217	149
4	0	0,0	2,0	219	149
30	4	8,9	0,0	219	149
83	3	21,16	0,0	255	149
1	51	0,0	8,12	185	149
36	10	4,0	6,2	298	149
207	0	191,123	0,1	298	149
0	159	1,0	161,65	253	149
0	2	2,0	3,0	245	149
2	1	0,0	0,1	298	149
0	1	0,2	0,2	243	149
0	2	0,6	0,3	235	149
2	52	1,6	25,4	278	149
5	52	1,0	25,4	298	149
30	0	55,18	0,1	298	149
117	4	87,26	8,2	216	149
28	0	30,7	3,0	203	149
15	0	10,26	4,5	219	149
13	0	6,14	1,0	242	149
12	2	16,20	0,0	271	149
2	20	2,2	39,29	236	149
2	20	0,2	39,29	219	149
52	0	34,28	0,1	227	149
185	0	215,188	0,4	203	149
6	4	11,4	1,2	230	149
27	2	45,42	0,0	270	149
37	2	61,56	0,0	298	149
14	1	14,8	0,0	195	149
0	6	2,0	7,8	161	149
4	0	0,0	13,4	212	149
6	3	2,6	0,0	298	149
6	3	2,6	0,0	279	149
13	1	2,7	0,0	271	149
3	0	8,7	0,4	259	149
1	0	4,3	0,4	226	149
12	2	12,23	2,4	212	149
0	109	2,0	63,48	298	149
2	11	0,0	5,0	298	149
252	0	171,63	2,0	298	149
215	3	143,82	0,0	298	149
244	1	545,282	0,0	266	149
251	3	548,293	4,1	278	149
259	0	377,186	1,0	244	149
274	4	420,218	6,13	296	149
290	0	498,325	0,2	279	149
5	6	4,0	2,0	298	149
46	5	4,6	2,0	298	149
46	5	4,6	2,0	267	149
64	5	5,7	2,0	235	149
31	2	14,8	0,0	298	149
340	2	26,33	0,0	298	149
309	2	12,25	0,0	298	149
0	242	0,2	257,117	298	149
4	0	6,4	0,2	260	149
49	2	78,66	4,7	210	149
52	0	50,33	1,0	214	149
59	0	72,45	0,2	226	149
2	16	0,0	20,5	298	149
195	1	363,171	3,0	173	149
85	0	115,74	2,2	235	149
127	128	233,71	199,103	206	149
252	71	534,312	132,67	269	149
304	0	495,292	1,0	290	149
350	1	519,252	4,0	224	149
321	2	792,583	0,5	298	149
572	0	1087,752	0,1	275	149
230	0	425,220	0,1	264	149
11	0	39,18	0,4	293	149
20	0	33,12	0,2	298	149
134	0	29,23	4,2	298	149
199	0	743,285	2,0	294	149
126	2	353,120	0,0	298	149
4	85	8,2	348,200	201	149
7	1	45,100	0,0	289	149
21	0	92,189	0,2	247	149
2210	1	1443,1134	0,0	232	149
5491	1	3379,2805	0,0	298	149
2	8	5,0	10,0	298	149
2	1	0,0	5,2	298	149
2	8	2,0	10,0	233	149
0	1	5,1	5,2	233	149
5	2	6,6	5,0	233	149
7	2	7,7	0,0	233	149
14	2	32,12	0,0	269	149
1	1	0,1	3,7	264	149
2	0	0,0	2,0	298	149
96	19	104,86	12,4	202	149
51	0	70,81	2,0	185	149
5	0	0,2	0,1	227	149
12	3	4,2	0,3	203	149
6	0	19,23	2,26	298	149
2	0	14,21	2,0	298	149
20	0	22,26	0,2	249	149
22	0	22,26	0,2	262	149
25	0	32,29	0,2	298	149
2	1	4,3	0,0	187	149
2	0	4,0	2,0	272	149
3	2	4,0	0,0	243	149
2	2	2,0	0,0	298	149
2	2	2,0	0,0	298	149
0	2	0,4	0,0	208	149
2	4	0,4	2,8	208	149
2	4	0,0	2,8	252	149
2	0	0,0	0,2	252	149
0	2	2,0	0,0	256	149
21	1	5,15	0,0	215	149
20	0	31,12	2,0	236	149
2	18	0,0	17,5	257	149
20	3	4,5	2,0	236	149
250	0	92,48	0,2	298	149
410	0	120,75	0,2	295	149
187	0	78,42	0,2	253	149
177	0	77,42	0,2	249	149
1	249	0,0	92,48	278	149
1	200	0,0	60,40	298	149
435	3	103,57	1,4	269	149
175	0	43,33	1,0	269	149
239	0	62,44	1,0	261	149
501	1	121,64	0,0	261	149
250	2	57,24	0,0	261	149
182	2	57,36	0,0	261	149
443	7	122,76	0,0	261	149
3	17	0,0	19,4	237	149
169	4	157,65	0,0	272	149
256	1	246,111	0,0	210	149
188	3	209,139	0,0	241	149
42	3	13,5	0,0	298	149
0	2	4,0	3,0	298	149
15	0	17,3	1,0	218	149
21	2	37,29	0,0	242	149
227	0	214,128	4,2	233	149
31	2	2,2	0,0	293	149
60	2	68,35	1,10	271	149
29	0	48,15	2,0	271	149
2	0	0,0	0,1	276	149
62	1	70,83	0,0	298	149
131	0	161,177	0,2	298	149
6	0	17,15	2,0	232	149
6	0	8,6	2,0	215	149
8	2	11,13	2,0	209	149
27	0	69,54	2,0	243	149
294	175	152,93	118,107	298	149
458	2	277,235	4,1	298	149
38	174	40,20	83,48	185	149
2	17	0,0	39,31	256	149
2	34	0,0	23,17	256	149
6	0	23,10	2,0	230	149
5	0	47,12	2,4	218	149
28	1	32,60	5,2	298	149
39	2	36,63	0,2	259	149
10	0	11,16	2,0	215	149
36	2	21,20	0,2	268	149
5	0	11,4	3,0	272	149
3	0	6,2	0,1	264	149
11	2	2,0	0,0	260	149
2	13	0,0	3,0	188	149
23	0	61,27	0,2	215	149
116	2	154,84	3,0	239	149
36	0	32,19	2,0	246	149
0	17	0,2	18,19	275	149
147	0	242,151	0,2	238	149
66	0	104,75	0,2	298	149
421	10	2823,2467	26,10	227	149
452	2	1495,987	1,0	298	149
452	2	1495,993	1,0	298	149
0	2	3,0	1,0	298	149
0	2	2,0	0,0	298	149
33	1	24,34	0,0	259	149
1491	3	106,41	0,0	227	149
998	1	52,47	0,0	259	149
4	0	0,0	2,0	230	149
1077	2	789,532	0,0	298	149
698	20	454,365	9,10	254	149
1499	20	853,629	9,10	284	149
0	39	0,2	24,22	219	149
51	2	57,80	0,0	298	149
0	38	2,0	22,25	200	149
2	0	2,0	0,4	221	149
8	2	24,11	0,0	298	149
8	2	16,7	0,0	298	149
29	0	1052,377	2,0	248	149
7	4	285,61	175,182	298	149
31	2	654,394	9,9	298	149
8	27	157,25	479,212	298	149
6	1	139,15	39,4	298	149
94	0	292,149	1,0	297	149
141	2	281,120	0,0	270	149
2	4	2,0	0,0	198	149
15	17	11,1	17,11	244	149
50	6	32,14	14,4	264	149
32	6	18,7	14,4	298	149
8	0	31,19	0,6	298	149
4	2	0,0	8,0	224	149
22	2	21,8	2,4	244	149
211	4	121,82	0,2	184	149
814	25	506,422	51,37	186	149
2	0	0,0	0,1	298	149
8	147	9,8	91,55	245	149
286	2	212,88	0,0	270	149
234	2	61,20	0,0	298	149
533	0	155,68	2,0	298	149
538	4	179,112	0,0	298	149
312	2	95,50	0,0	298	149
104	2	41,21	0,0	298	149
330	4	125,83	0,0	298	149
230	0	62,36	3,0	298	149
277	2	122,78	2,2	234	149
195	0	67,56	3,4	298	149
105	0	39,12	3,4	256	149
221	1	84,29	0,0	256	149
450	14	178,54	2,4	298	149
0	4	4,0	11,4	282	149
2	2	6,10	0,0	298	149
1340	3	269,99	0,0	284	149
836	1	151,27	0,0	260	149
3	101	6,0	56,26	257	149
61	0	45,28	0,2	215	149
88	13	49,22	6,2	215	149
73	16	48,22	2,0	215	149
65	4	47,22	3,0	215	149
73	5	45,22	3,0	215	149
63	4	45,23	2,2	215	149
1	12	0,0	5,0	193	149
36	2	24,13	4,0	226	149
4	0	4,4	10,4	221	149
66	0	38,34	2,0	237	149
76	4	63,52	8,0	230	149
46	4	44,30	1,0	230	149
37	4	41,28	1,0	220	149
71	8	64,50	10,0	220	149
5	72	0,2	40,17	241	149
86	13	52,26	9,22	201	149
67	0	24,22	0,2	298	149
3	6	1,1	0,2	273	149
4	4	0,0	9,1	283	149
56	14	7,4	0,0	230	149
14	0	7,10	0,7	221	149
2	26	0,0	34,11	253	149
2	0	0,0	2,6	253	149
11	0	10,8	2,6	225	149
1	1	0,2	0,0	225	149
46	0	82,22	0,2	245	149
333	6	91,70	4,2	231	149
214	14	70,17	0,2	229	149
100	14	32,5	6,0	229	149
188	14	52,30	6,0	298	149
14	0	0,2	2,0	298	149
293	4	94,40	4,0	298	149
1	5	0,0	2,0	298	149
367	2	148,69	0,0	297	149
361	9	167,87	2,2	233	149
85	0	73,114	2,2	271	149
41	2	42,46	0,0	294	149
42	0	24,25	1,0	189	149
19	0	16,7	1,0	229	149
2	19	0,0	16,7	248	149
2	0	16,4	2,0	298	149
3	19	26,9	16,7	298	149
1	19	3,0	16,7	201	149
2	2	2,1	11,6	201	149
33	0	35,20	1,0	204	149
72	2	89,74	5,2	245	149
0	2	2,0	3,10	243	149
4	39	13,14	70,23	285	149
11	0	7,13	1,0	182	149
23	13	5,5	16,1	182	149
3	13	3,0	16,1	197	149
6	15	4,8	0,5	197	149
0	15	1,0	0,5	260	149
47	2	53,15	0,0	238	149
119	0	313,169	2,2	269	149
158	0	352,150	2,0	298	149
90	0	106,59	7,1	196	149
34	0	27,18	3,0	282	149
32	0	27,17	3,0	276	149
134	0	84,62	2,0	248	149
22	0	22,3	1,0	298	149
26	5	95,34	5,10	298	149
34	0	124,55	0,2	298	149
46	0	101,49	2,0	284	149
258	2	211,160	0,0	233	149
2	74	0,0	47,32	238	149
124	1	98,63	0,0	297	149
79	2	38,11	0,0	293	149
64	0	33,3	0,2	293	149
63	0	12,18	0,2	298	149
79	3	17,26	0,0	298	149
65	0	118,62	1,4	255	149
0	44	0,2	35,31	179	149
12	2	9,15	0,0	298	149
3	12	0,0	9,15	298	149
0	3	2,0	0,0	298	149
4	2	2,0	2,0	298	149
6	1	25,10	0,0	226	149
35	1	89,94	0,0	233	149
81	1	38,54	0,0	227	149
108	2	93,66	0,3	271	149
22	17	20,9	20,16	236	149
11	8	7,2	1,6	236	149
33	8	24,22	1,6	298	149
30	8	30,20	1,6	298	149
84	1	109,106	0,0	290	149
0	37	9,16	30,40	164	149
2	0	0,0	0,4	278	149
8	0	0,0	0,4	292	149
0	1	0,2	0,0	200	149
0	1	0,2	0,0	242	149
3	0	1,2	1,0	291	149
10	134	4,4	146,21	236	149
46	2	87,49	11,0	248	149
34	15	25,19	24,19	164	149
38	4	48,34	9,6	224	149
47	4	55,36	2,4	230	149
77	9	99,57	16,23	290	149
75	2	59,65	0,0	298	149
201	0	339,193	2,0	210	149
169	2	230,118	2,0	254	149
123	0	172,138	2,3	237	149
2	0	2,0	0,3	255	149
0	2	3,0	0,0	220	149
3	22	0,3	33,19	218	149
3	26	7,5	27,33	266	149
710	2	1652,509	4,0	273	149
8	852	34,20	2042,579	247	149
7	852	26,36	2042,579	265	149
0	852	1,0	2042,579	230	149
1	897	3,4	1536,554	281	149
1396	0	2252,1004	4,0	245	149
116	2	185,65	2,0	244	149
116	2	187,65	2,0	239	149
294	2	601,229	2,0	225	149
594	2	1002,350	2,0	235	149
349	2	655,241	2,0	298	149
15	260	15,8	370,112	298	149
2	260	6,0	370,112	251	149
0	9	2,2	10,3	223	149
0	3	2,6	0,2	223	149
0	51	2,2	66,18	223	149
2	9	2,0	10,3	233	149
9	2	11,3	5,2	298	149
9	51	10,3	66,18	298	149
2	4	16,8	0,2	298	149
36	2	17,7	0,0	298	149
24	2	15,8	0,0	298	149
16	2	2,0	0,0	260	149
35	9	7,3	3,4	260	149
27	1	32,13	18,8	194	149
9	0	11,7	0,1	194	149
63	26	54,37	40,23	188	149
81	2	95,51	6,3	278	149
114	21	87,39	24,4	281	149
61	0	53,27	0,2	255	149
10	0	31,9	0,1	212	149
10	21	0,0	4,4	247	149
4	7	0,0	5,2	247	149
5	0	0,0	5,4	247	149
85	7	15,6	5,2	273	149
14	0	2,4	0,2	273	149
64	0	18,6	2,0	273	149
2	73	2,0	14,2	296	149
67	2	66,8	0,0	264	149
73	0	70,10	0,2	247	149
139	2	79,10	0,0	247	149
21	0	11,8	2,0	292	149
19	6	12,6	2,0	292	149
2	6	8,0	2,0	298	149
21	6	13,8	0,0	298	149
21	19	17,8	12,6	298	149
9	19	0,0	12,6	185	149
5	2	2,0	6,0	185	149
3	2	0,4	2,0	185	149
7	5	0,0	0,1	185	149
104	0	70,29	0,1	224	149
136	4	81,39	4,0	184	149
234	3	120,69	0,4	250	149
102	3	61,33	0,0	250	149
29	3	24,12	0,0	185	149
161	4	82,44	0,0	185	149
2	8	3,7	18,8	298	149
131	0	123,53	2,0	298	149
62	0	50,18	2,0	298	149
50	0	41,31	2,0	231	149
157	5	176,160	3,1	217	149
63	2	46,28	0,0	298	149
11	1	9,0	0,0	184	149
48	5	25,10	3,0	250	149
12	4	3,5	0,0	185	149
40	3	23,9	7,0	201	149
43	2	49,49	0,0	298	149
5	282	0,0	217,112	209	149
279	0	218,112	1,0	221	149
249	0	210,112	1,0	247	149
0	4	1,0	18,6	172	149
31	0	29,12	2,0	298	149
13	0	30,16	0,3	290	149
6	2	9,6	0,0	243	149
1069	4	263,243	2,0	292	149
8	106	0,4	44,29	294	149
22	5	26,7	26,6	226	149
46	3	57,31	6,0	294	149
29	0	32,16	3,2	202	149
8	0	2,5	1,0	253	149
0	8	2,0	2,3	248	149
29	0	87,32	2,0	245	149
181	0	62,88	0,2	298	149
222	2	504,331	2,0	298	149
289	1	164,59	0,0	298	149
266	1	159,52	0,0	292	149
448	0	226,105	2,0	298	149
260	6	95,72	4,2	187	149
4	2	5,2	0,0	298	149
17	9	32,35	19,6	242	149
19	7	14,2	2,0	204	149
25	2	2,2	2,0	298	149
29	5	12,4	2,0	217	149
20	1	2,2	0,0	225	149
39	14	8,11	5,0	225	149
5	14	2,0	5,0	251	149
5	20	2,0	6,9	251	149
18	1	19,0	0,0	298	149
23	0	38,31	2,0	260	149
2	0	8,4	1,0	221	149
32	2	71,75	9,15	236	149
44	0	114,71	1,2	298	149
26	0	76,48	1,2	298	149
4	1	15,7	0,0	298	149
4	0	17,3	2,0	290	149
4	0	8,8	2,0	242	149
12	0	10,6	2,0	298	149
1391	0	760,603	2,0	290	149
1090	4	775,560	8,0	298	149
1148	2	788,598	0,2	238	149
578	20	404,308	0,5	298	149
2	3	1,0	2,0	238	149
4	27	2,0	9,2	258	149
3	27	1,0	9,2	290	149
63	23	31,16	17,4	277	149
2	0	15,2	1,0	233	149
46	4	50,28	4,0	271	149
15	2	16,4	0,0	251	149
10	0	10,4	0,2	251	149
19	0	3,0	0,2	233	149
29	8	9,0	2,0	233	149
1	22	0,0	6,0	288	149
42	0	14,13	1,0	243	149
9	60	0,2	51,23	210	149
1	6	0,2	13,34	228	149
1	6	0,6	13,34	298	149
4	0	12,30	4,4	180	149
2	11	2,0	10,4	265	149
7	0	2,6	2,0	240	149
10	35	9,8	18,9	216	149
35	1	16,11	4,0	233	149
72	17	34,24	7,2	233	149
1	17	4,0	7,2	278	149
26	0	30,36	0,1	280	149
0	1	0,3	3,0	251	149
1	4	3,0	3,2	242	149
11	0	109,81	2,0	298	149
30	9	91,143	36,39	236	149
33	0	276,290	3,1	298	149
21	0	188,221	2,0	252	149
4	1	27,38	0,2	298	149
10	0	62,47	0,1	212	149
0	13	0,6	13,8	275	149
3	26	2,0	16,22	179	149
26	0	42,54	2,0	298	149
56	0	35,25	0,6	252	149
106	1	38,27	0,0	298	149
3	57	0,0	27,17	211	149
0	4	1,0	0,0	240	149
1467	8	221,121	3,3	298	149
11	2	3,3	0,0	298	149
1344	7	177,105	0,0	280	149
623	3	80,56	0,0	280	149
765	0	96,49	2,0	284	149
67	229	6,1	39,16	292	149
58	10	6,1	1,0	292	149
61	73	6,1	0,0	292	149
276	1	49,22	0,0	293	149
269	10	46,18	1,0	293	149
402	73	64,35	0,0	293	149
51	2	8,2	0,0	293	149
184	5	26,19	0,0	293	149
33	10	3,0	1,0	242	149
77	40	14,4	8,2	242	149
29	173	8,2	26,19	242	149
14	73	1,0	0,0	197	149
44	173	8,2	26,19	197	149
61	3	6,4	0,2	197	149
1	22	0,0	8,10	266	149
14	23	6,0	2,15	298	149
4	14	0,8	2,12	248	149
14	14	7,23	0,4	197	149
7	2	13,9	0,0	196	149
6	0	45,57	1,1	203	149
7	0	57,15	1,0	298	149
0	44	2,2	24,15	290	149
55	4	41,12	2,6	298	149
10	3	2,0	13,6	203	149
17	4	5,0	0,0	212	149
7	1	18,2	0,0	248	149
6	0	17,12	2,0	248	149
2	6	0,0	0,3	210	149
2	44	2,0	29,21	286	149
76	3	28,26	0,0	219	149
49	0	31,17	7,0	237	149
44	1	29,16	0,0	255	149
5	60	5,10	35,14	198	149
13	60	1,10	35,14	193	149
9	0	46,46	2,0	298	149
115	0	250,144	0,2	298	149
21	0	76,36	2,0	281	149
2	1	2,0	0,0	261	149
16	0	15,7	2,2	298	149
15	0	15,7	2,2	298	149
116	0	164,128	0,2	164	149
200	2	245,165	0,2	279	149
58	0	93,63	2,2	277	149
182	0	247,208	2,2	253	149
129	2	207,144	0,0	286	149
130	2	172,157	0,0	261	149
1	29	6,0	34,29	274	149
420	2	234,83	0,0	280	149
2	216	0,0	123,40	173	149
202	0	98,38	0,2	211	149
152	70	66,12	41,26	236	149
85	188	48,37	86,36	295	149
80	0	177,70	4,0	232	149
91	1	219,120	0,4	216	149
17	0	42,22	4,0	216	149
52	0	111,53	4,0	298	149
127	2	292,147	0,0	298	149
2	38	5,0	64,13	173	149
0	42	4,3	149,54	251	149
93	2	289,87	0,2	298	149
64	0	81,50	3,0	298	149
0	44	0,2	121,38	242	149
75	0	100,37	1,0	280	149
37	0	50,26	4,0	226	149
41	0	90,53	1,0	298	149
11	38	24,7	92,33	282	149
658	1	120,127	2,0	248	149
6	0	16,15	0,2	267	149
674	0	220,149	0,2	225	149
819	2	251,173	0,0	298	149
893	2	293,156	0,0	298	149
118	1	41,34	0,0	284	149
171	1	21,25	0,2	194	149
1157	2	656,335	0,0	297	149
11	0	8,2	1,0	298	149
66	0	185,92	6,0	225	149
180	2	374,175	0,0	292	149
768	2	1063,650	0,0	219	149
6	619	6,6	760,452	298	149
76	7	54,31	4,0	298	149
81	0	44,33	4,2	268	149
67	3	67,27	1,0	298	149
38	0	46,17	4,0	298	149
9	0	12,0	4,0	233	149
35	0	29,8	0,2	233	149
1	0	0,0	2,0	155	149
47	0	119,18	2,0	272	149
44	3	162,33	6,0	275	149
15	0	52,19	4,0	269	149
30	3	102,22	2,6	275	149
32	0	151,25	2,0	293	149
128	6	0,2	0,0	257	149
205	2	2,5	0,0	272	149
244	5	153,39	17,6	288	149
2	112	0,0	70,18	298	149
217	4	175,90	0,0	290	149
220	0	111,71	0,2	275	149
71	2	37,20	0,0	236	149
104	3	1,1	0,0	238	149
302	6	53,27	2,0	203	149
248	2	43,32	0,0	249	149
262	376	56,22	57,33	220	149
482	21	139,42	2,2	220	149
596	21	103,55	2,2	220	149
279	277	49,26	86,20	220	149
1436	15	345,117	4,0	298	149
1787	6	301,53	0,0	287	149
1158	7	188,46	2,0	246	149
39	0	61,36	2,6	279	149
28	2	17,13	0,0	275	149
2	0	5,0	3,0	298	149
2	0	5,2	2,0	298	149
6	0	5,0	3,0	298	149
2	0	5,0	3,0	284	149
2	0	5,0	2,0	284	149
0	10	2,0	22,17	298	149
10	3	15,8	7,9	236	149
1	12	3,6	16,23	218	149
92	0	173,177	3,0	266	149
37	1	32,15	0,0	236	149
18	0	18,12	2,2	177	149
4	0	10,9	1,0	258	149
19	0	6,3	2,0	209	149
23	0	21,45	10,1	275	149
1	42	0,0	45,21	298	149
1	42	0,0	45,21	235	149
168	12	113,92	5,6	281	149
0	86	2,6	66,43	247	149
4	11	2,2	10,7	229	149
209	4	107,89	0,0	294	149
192	0	145,125	0,1	298	149
217	0	119,120	3,0	298	149
49	0	91,58	5,0	267	149
660	8	23,13	0,0	264	149
0	8	2,8	22,20	298	149
481	3	645,525	8,1	298	149
5	0	2,2	1,2	152	149
173	1105	65,52	595,448	152	149
37	252	28,21	319,295	298	149
0	1105	1,0	595,448	167	149
0	252	0,2	319,295	167	149
20	252	20,16	319,295	174	149
1125	252	612,463	319,295	171	149
20	0	18,15	0,2	171	149
252	2	321,295	0,0	282	149
44	1	71,53	3,7	223	149
19	1	42,32	3,7	298	149
15	1	15,22	3,7	219	149
6	1	5,6	3,7	298	149
0	8	3,0	9,2	244	149
0	1	2,0	1,0	177	149
2	41	3,0	58,17	201	149
887	14	92,152	4,4	272	149
514	2	67,122	1,2	272	149
2691	2	291,248	1,2	227	149
3046	2	312,274	0,0	227	149
0	1	2,0	0,0	227	149
13	0	18,22	1,0	223	149
1000	0	1041,583	2,0	298	149
98	0	85,56	2,0	240	149
84	2	69,58	2,0	298	149
0	40	2,0	67,37	264	149
0	26	2,2	22,8	234	149
208	0	190,91	0,2	247	149
200	0	178,64	1,0	261	149
194	0	197,68	4,0	298	149
161	11	143,61	10,0	298	149
14	1	0,7	2,1	298	149
15	22	7,6	28,12	254	149
8	17	7,17	11,14	250	149
10	0	13,5	2,0	209	149
10	0	11,5	6,0	209	149
0	129	6,8	87,64	219	149
107	2	81,53	2,0	253	149
177	0	104,76	0,2	253	149
4	14	0,0	7,4	219	149
14	84	8,4	30,26	298	149
3580	10	496,375	2,1	212	149
4126	2	640,569	0,0	287	149
2585	1	302,226	0,0	287	149
1530	2	256,200	0,0	230	149
18	0	8,4	0,2	205	149
110	2	62,23	0,0	298	149
165	23	132,38	14,14	298	149
296	4	206,74	2,1	194	149
409	2	211,119	3,0	291	149
39	0	32,29	4,0	298	149
4	0	7,25	2,6	293	149
16	0	41,46	2,1	298	149
34	0	67,59	2,0	287	149
95	1	166,88	0,0	258	149
72	3	110,42	14,2	212	149
95	2	114,43	0,0	232	149
169	1	72,45	0,0	298	149
243	2	224,97	8,2	246	149
184	4	251,126	0,0	209	149
94	27	118,41	22,4	209	149
23	18	24,9	23,13	298	149
23	406	24,7	288,69	298	149
18	406	23,13	288,69	298	149
162	0	228,102	4,0	229	149
260	3	206,90	0,0	247	149
0	1	0,2	11,6	269	149
52	0	49,13	2,0	298	149
108	0	91,35	2,0	298	149
84	0	53,23	1,0	218	149
52	2	48,27	0,0	196	149
6	41	0,0	16,28	287	149
3	2	0,8	4,0	298	149
1	0	0,12	2,0	195	149
3	0	3,0	4,16	239	149
1	2	22,7	0,0	214	149
0	3	2,0	12,7	287	149
358	7	37,58	0,0	291	149
171	2	15,19	0,0	291	149
6950	15	1157,582	6,2	291	149
56	2	46,22	0,0	298	149
29	2	35,21	0,0	275	149
79	0	96,68	0,4	264	149
73	6	99,39	4,3	298	149
49	6	56,18	4,3	298	149
0	13	0,4	7,5	251	149
0	13	2,2	7,5	215	149
0	42	2,0	56,54	215	149
19	42	16,9	56,54	233	149
6	0	12,6	2,0	233	149
0	61	0,1	18,41	278	149
0	61	2,0	18,41	224	149
83	0	104,77	2,2	179	149
15	4	7,6	6,0	298	149
21	4	23,22	6,0	298	149
1	8	0,0	16,16	298	149
4	2	8,16	13,20	176	149
3	11	4,0	13,33	245	149
32	1	115,113	0,0	298	149
0	53	1,2	114,46	260	149
79	0	241,144	2,2	298	149
88	0	213,93	6,5	230	149
118	0	225,151	1,0	258	149
5	1	62,35	2,0	298	149
0	2	4,2	0,0	298	149
28	2	3,0	0,0	218	149
205	0	281,102	2,0	199	149
9	186	0,0	234,78	152	149
216	3	309,217	0,0	207	149
561	8	386,218	0,0	227	149
16	0	2,5	0,3	223	149
6	16	4,0	2,5	214	149
9	16	4,0	2,5	274	149
9	6	4,0	4,0	274	149
24	0	9,14	3,2	293	149
39	0	24,31	3,2	282	149
40	4	38,25	0,0	298	149
19	4	4,6	0,0	298	149
20	0	11,6	3,0	197	149
1	1	7,4	0,0	245	149
1	0	7,4	0,1	245	149
1	0	4,15	0,2	298	149
0	1	2,0	2,10	298	149
2	2	2,0	0,0	298	149
36	12	13,8	7,4	177	149
67	2	45,28	0,0	255	149
0	31	6,7	76,70	280	149
1	0	6,6	4,0	214	149
2	0	6,10	4,0	298	149
41	2	74,40	0,2	280	149
27	0	36,12	2,0	297	149
8	0	5,0	1,0	230	149
4	43	0,1	56,35	298	149
2	84	0,2	121,102	298	149
0	55	4,1	81,62	298	149
145	0	260,100	0,2	293	149
1	0	0,0	0,1	241	149
66	1	60,30	0,0	291	149
62	1	58,26	0,0	252	149
46	4	64,32	0,4	227	149
22	0	10,6	2,0	296	149
25	2	10,14	0,0	251	149
0	48	0,2	70,38	243	149
1	48	0,0	70,38	202	149
4	48	6,4	70,38	268	149
63	1	117,67	2,3	210	149
0	47	4,0	65,68	224	149
0	47	4,0	65,68	248	149
6	0	14,11	2,0	298	149
7	0	24,15	2,0	298	149
14	0	30,29	1,3	298	149
46	0	53,71	0,2	298	149
36	0	111,84	2,0	238	149
34	0	86,56	0,2	243	149
2	0	10,0	0,2	163	149
0	2	3,0	5,8	224	149
5	0	17,8	5,2	230	149
4	0	6,4	6,2	158	149
7	1	12,7	0,0	293	149
26	2	81,50	2,0	257	149
16	0	60,36	4,0	231	149
25	0	72,55	1,0	298	149
17	0	73,28	3,0	298	149
49	4	47,28	0,0	275	149
45	0	18,16	0,2	203	149
71	21	28,14	9,6	209	149
69	1	31,25	1,1	219	149
40	0	34,7	1,0	193	149
0	22	2,2	22,2	298	149
6	1	9,10	1,0	215	149
12	0	23,19	2,0	239	149
23	2	21,18	0,2	298	149
19	0	23,24	2,0	287	149
0	5	0,2	20,10	247	149
79	39	21,11	121,59	242	149
0	24	0,2	20,19	184	149
2	24	0,2	20,19	226	149
1	24	0,2	20,19	298	149
73	4	95,124	1,0	188	149
0	14	1,0	7,4	298	149
4	0	12,19	1,0	281	149
2	0	12,0	1,4	264	149
3	105	1,11	115,96	203	149
211	0	164,147	3,0	298	149
19	81	6,11	78,67	245	149
7	9	16,10	22,9	298	149
9	2	28,18	0,0	267	149
32	0	32,28	1,0	229	149
106	0	89,71	1,0	241	149
98	0	75,41	1,0	231	149
14	145	0,0	8,1	206	149
2	6	20,15	6,16	263	149
0	36	0,2	93,33	278	149
52	0	160,46	2,0	210	149
126	2	131,44	0,0	257	149
48	2	68,21	0,0	282	149
125	2	126,49	2,0	285	149
115	0	112,34	2,0	298	149
6	21	0,0	23,25	284	149
1	38	0,0	48,5	284	149
20	0	24,12	2,0	280	149
41	38	47,37	48,5	280	149
21	38	22,25	48,5	295	149
56	4	78,25	0,0	262	149
4	19	4,0	43,18	289	149
3	0	0,2	0,1	298	149
246	0	435,171	2,0	223	149
11	18	5,6	33,13	209	149
8	47	4,0	34,24	256	149
55	0	50,56	4,2	180	149
32	13	38,16	10,7	298	149
16	2	22,20	9,17	298	149
2	2	0,2	0,1	180	149
3	0	0,1	9,0	293	149
0	1	0,2	2,0	298	149
0	52	0,2	32,22	271	149
0	117	7,4	92,59	208	149
1	90	15,2	68,40	217	149
4	90	10,4	68,40	298	149
2	13	0,0	15,3	191	149
1	0	0,0	4,2	235	149
1	0	0,0	4,2	232	149
5	0	10,8	0,2	286	149
7	0	18,12	0,2	278	149
0	1	1,2	0,0	298	149
1	0	0,3	1,0	204	149
5	0	2,5	1,0	206	149
2	0	12,11	0,2	217	149
3	0	4,0	0,1	270	149
5	0	27,9	4,0	267	149
82	2	71,56	1,0	239	149
63	2	58,52	0,0	270	149
130	1	96,48	0,0	298	149
48	0	41,10	0,2	252	149
124	0	93,40	5,0	252	149
32	2	32,38	0,0	182	149
9	0	17,18	0,1	182	149
38	0	57,24	0,1	278	149
21	11	21,24	25,7	278	149
58	1	79,48	7,4	278	149
37	1	49,24	7,4	278	149
28	39	24,17	59,24	278	149
72	0	90,53	0,4	298	149
153	4	102,69	0,0	253	149
0	9	1,4	3,0	190	149
0	9	7,6	3,0	294	149
8	25	20,5	40,36	224	149
14	0	22,12	4,0	298	149
1396	0	227,123	13,10	250	149
1803	0	288,164	4,0	298	149
1096	1	126,61	0,0	287	149
1377	1	172,119	0,0	249	149
0	119	11,10	1340,1407	298	149
268	3	3133,1996	8,5	298	149
3	55	10,7	720,269	236	149
41	27	28,27	25,35	298	149
117	0	137,114	2,1	242	149
2	105	0,0	105,70	191	149
30	2	13,13	11,6	251	149
4	15	6,0	22,15	210	149
44	0	146,51	2,0	285	149
104	2	180,110	0,0	275	149
86	0	167,118	2,7	258	149
5	0	31,12	0,2	269	149
31	8	16,11	0,4	298	149
31	8	18,14	0,4	298	149
31	8	16,11	0,4	298	149
30	0	4,16	0,4	294	149
2	0	0,0	0,4	294	149
26	4	22,12	0,0	247	149
4	24	2,2	20,12	262	149
6	6	7,2	2,6	179	149
2	0	0,0	2,0	298	149
3	4	1,4	5,3	298	149
643	0	904,329	1,0	196	149
188	4	210,74	6,1	196	149
368	4	443,182	6,1	219	149
826	2	1137,439	2,0	219	149
1	0	2,0	1,2	298	149
287	0	85,39	3,0	231	149
89	107	22,13	46,22	262	149
38	7	4,5	2,0	238	149
28	81	6,4	27,13	238	149
0	19	2,0	2,2	249	149
1	9	2,0	5,1	249	149
3	0	3,0	0,1	200	149
2	1	2,2	2,0	217	149
1	2	2,0	0,0	298	149
0	64	0,2	7,10	271	149
2	20	0,0	6,4	288	149
87	2	142,47	0,0	298	149
86	0	145,49	0,2	298	149
81	0	135,47	2,0	298	149
179	12	219,127	29,11	298	149
122	2	172,102	0,0	298	149
67	2	94,73	0,0	298	149
2	281	2,2	400,299	288	149
553	2	743,597	1,2	270	149
2	0	2,0	14,2	200	149
240	1	92,77	0,0	298	149
66	5	48,30	0,4	282	149
535	4	260,172	1,1	273	149
15	498	37,11	206,142	185	149
2	0	2,5	0,2	207	149
4	0	2,3	2,2	298	149
4	0	4,1	2,2	298	149
8	0	10,8	2,2	298	149
48	1	51,32	5,2	261	149
38	4	43,25	4,0	261	149
77	16	88,39	18,9	289	149
79	0	94,46	3,0	283	149
76	0	108,65	5,2	269	149
2	13	0,0	54,45	244	149
36	0	104,92	0,2	225	149
169	0	98,32	1,0	257	149
128	4	90,30	11,6	216	149
428	0	301,129	0,4	211	149
729	0	656,320	0,2	256	149
1	0	6,0	5,4	259	149
3	145	4,2	192,160	287	149
2	2	2,0	2,1	233	149
2	0	4,1	0,1	298	149
7	0	4,12	4,0	298	149
107	4241	5,9	183,149	298	149
4285	318	220,193	42,43	298	149
8508	318	403,338	42,43	298	149
4267	79	184,149	8,11	298	149
1667	318	134,129	42,43	182	149
3932	79	193,192	8,11	298	149
8004	28	413,386	1,0	298	149
3439	28	143,142	1,0	278	149
283	5	162,124	5,0	245	149
258	2	105,108	0,0	298	149
2	61	2,0	39,36	252	149
2	61	2,0	39,36	231	149
4	0	37,38	2,1	212	149
8	0	59,52	0,2	276	149
180	6	141,74	2,0	284	149
5	108	4,10	109,62	179	149
80	0	55,20	0,2	270	149
0	19	4,0	19,5	197	149
2	19	10,0	19,5	252	149
0	2	0,2	8,4	283	149
5	0	14,20	2,6	298	149
14598	0	7809,9783	2,0	218	149
13168	2	7572,9538	0,0	277	149
14584	0	6681,7111	2,1	298	149
10237	4	5547,8209	0,2	201	149
14215	3	6804,9542	0,0	298	149
9693	1	5159,6821	0,0	270	149
9680	2	5154,6810	0,0	270	149
14068	15	7785,8344	5,11	234	149
4675	2	2494,2667	0,0	234	149
8993	2	4979,5258	0,0	298	149
9007	2	4984,5269	0,0	298	149
18379	0	10278,10939	3,0	298	149
15028	47	8021,9025	52,7	298	149
4	5946	4,1	3166,4089	200	149
3414	0	1842,2028	2,2	252	149
70	0	82,57	0,4	265	149
9	1	37,13	0,0	275	149
6	5	5,4	8,8	279	149
0	1	4,4	17,8	231	149
0	1	5,1	17,8	273	149
31	4	57,31	1,0	230	149
10	0	11,11	2,0	231	149
38	1	37,29	1,0	259	149
6	12	11,8	20,12	247	149
27	4	13,16	3,2	268	149
3	11	10,4	4,11	236	149
13	14	14,6	10,7	287	149
1	3	0,2	2,4	199	149
2	0	0,5	3,3	203	149
537	0	159,52	2,0	226	149
2148	0	683,188	2,0	278	149
2254	1	728,220	0,0	231	149
2657	11	784,273	14,0	276	149
31	1	22,0	0,0	298	149
677	837	274,134	192,76	293	149
1139	20	273,109	8,0	205	149
152	8	162,92	2,0	185	149
85	0	41,29	2,0	185	149
78	0	2835,897	14,0	225	149
1	1	7,2	2,0	238	149
1	10	0,1	10,14	298	149
38	0	28,7	4,0	232	149
40	2	31,24	2,0	297	149
16	0	10,7	2,1	205	149
0	14	6,0	10,11	266	149
9	2	3,5	3,0	213	149
127	0	212,115	2,0	217	149
120	1	142,72	0,0	226	149
6	14	6,0	13,8	209	149
7	0	20,10	1,0	242	149
2	0	0,0	0,3	298	149
4	0	2,2	0,1	298	149
71	2	60,41	1,0	233	149
45	2	32,23	1,0	211	149
0	74	7,0	68,23	249	149
154	0	131,51	3,0	293	149
126	0	152,71	3,0	280	149
62	1	46,9	0,0	280	149
77	1	90,41	0,0	298	149
147	5	202,107	1,1	298	149
2	0	336,38	4,0	298	149
64	2	107,55	11,4	298	149
40	1	68,28	0,0	218	149
38	0	70,31	0,2	264	149
16	0	19,14	4,0	298	149
26	0	61,50	6,0	258	149
102	793	2,0	50,22	264	149
89	1039	39,28	38,26	239	149
1508	2	564,246	0,0	271	149
1297	0	480,208	2,0	271	149
3540	3	1148,605	0,0	296	149
3128	0	1014,693	9,6	248	149
3360	2	1301,860	0,0	298	149
1758	2	590,257	0,0	298	149
1745	3	595,408	8,2	298	149
3461	0	1223,649	3,4	298	149
29	0	73,23	4,0	195	149
71	0	332,419	0,2	284	149
0	25	1,0	125,132	298	149
25	7	125,132	0,0	234	149
5	372	2,4	257,180	226	149
603	4	589,377	3,2	298	149
290	1	29,6	0,0	298	149
39	4	11,8	4,0	224	149
42	2	22,0	0,0	231	149
6	0	29,23	1,0	269	149
5	0	63,17	3,2	260	149
0	6	2,0	7,12	271	149
0	7	2,0	2,2	298	149
25	2	31,22	0,0	298	149
240	3	505,259	0,2	298	149
191	3	406,230	0,2	298	149
3	95	5,2	169,112	194	149
79	4	67,54	36,22	170	149
114	2	196,165	1,0	241	149
4	0	12,9	2,1	243	149
32	0	25,23	1,2	274	149
73	0	43,40	1,2	298	149
17	2	42,26	0,0	298	149
109	33	74,26	31,23	263	149
30	0	34,16	1,0	240	149
0	3	9,2	7,6	298	149
29	0	64,50	2,2	298	149
42	1	48,26	0,0	272	149
43	0	55,16	0,2	273	149
64	1	125,33	1,0	241	149
1	207	0,0	249,75	240	149
412	2	518,167	2,1	259	149
0	11	6,0	2,0	252	149
195	0	203,103	0,4	248	149
165	0	227,109	2,3	245	149
173	0	189,158	0,1	298	149
178	0	203,107	2,0	298	149
110	1	141,85	0,0	284	149
4	20	0,0	14,8	193	149
25	1	25,15	0,1	296	149
12	0	17,5	3,4	296	149
33	0	23,19	3,4	298	149
21	0	6,17	3,4	254	149
32	0	14,28	0,2	254	149
12	11	3,9	21,25	232	149
7	1	14,15	0,0	298	149
47	1	36,5	0,0	298	149
113	2	62,47	2,0	298	149
108	0	48,21	0,2	298	149
19	0	10,4	1,0	215	149
16	1	17,0	0,0	282	149
1	2	0,0	8,0	219	149
101	1	40,37	0,0	286	149
89	0	91,53	0,2	244	149
18	0	13,17	2,2	244	149
45	0	71,52	2,2	298	149
127	11	159,97	10,11	298	149
86	4	92,49	0,0	298	149
74	4	139,75	4,2	298	149
51	2	86,47	0,0	233	149
76	1	154,72	0,0	233	149
2	32	0,0	11,10	247	149
0	2	0,4	2,0	271	149
3	64	2,0	36,12	292	149
119	2	77,20	0,0	298	149
64	1	36,12	0,0	298	149
49	1	57,36	0,0	298	149
152	0	93,31	0,1	298	149
308	0	157,57	0,1	288	149
2	62	0,0	64,34	298	149
2	118	0,0	42,43	281	149
55	0	112,32	0,2	298	149
66	0	198,89	4,0	298	149
41	0	84,44	0,3	271	149
7	2	19,32	1,2	298	149
20	2	32,64	0,0	230	149
131	2	180,138	0,0	298	149
125	4	117,54	4,0	189	149
1	5	4,0	9,9	188	149
4	33	6,0	22,19	188	149
7	33	24,13	22,19	278	149
2	3	15,4	2,0	278	149
60	0	70,34	2,0	298	149
67	0	96,64	2,0	298	149
6	33	0,0	44,31	170	149
14	0	69,51	0,4	218	149
2	17	0,0	9,4	188	149
34	0	33,30	1,1	298	149
2	19	2,0	4,0	270	149
62	0	21,20	1,0	279	149
2	57	0,0	13,7	298	149
58	2	28,15	1,3	298	149
2	24	0,2	7,5	275	149
40	2	21,11	0,0	250	149
43	0	19,8	0,2	298	149
12	10	4,3	16,5	192	149
53	12	105,60	14,5	298	149
48	0	63,22	2,0	211	149
0	57	0,1	93,40	245	149
98	0	194,92	2,0	298	149
79	4	153,93	9,2	206	149
43	0	92,58	2,0	229	149
19	0	16,21	1,0	207	149
1	14	0,2	46,20	253	149
36	0	75,46	3,0	298	149
8	0	13,28	1,0	231	149
8	2	5,13	0,0	274	149
0	8	0,4	4,13	243	149
0	8	0,4	4,13	298	149
0	6	4,0	18,9	210	149
8	6	9,4	18,9	298	149
1	7	0,0	7,2	245	149
1	7	0,0	7,2	210	149
0	2	11,0	11,4	267	149
274	2	259,115	0,2	292	149
306	2	239,120	2,0	262	149
122	2	111,55	0,2	298	149
284	0	338,133	3,8	279	149
201	1	202,73	2,0	252	149
28	0	35,14	0,1	298	149
12	2	47,33	2,0	231	149
50	1	87,31	2,0	248	149
278	2	163,134	0,0	298	149
99	0	58,82	0,2	298	149
146	2	80,37	0,0	246	149
343	0	206,100	0,2	298	149
224	2	121,55	2,0	291	149
359	0	203,134	0,8	264	149
4	0	0,2	2,0	242	149
5	13	0,6	4,0	255	149
7	66	0,6	23,44	255	149
29	66	5,3	23,44	212	149
7	10	2,0	5,0	212	149
19	3	1,3	0,0	212	149
122	10	53,65	5,0	229	149
82	2	33,25	0,0	229	149
397	9	229,109	0,0	292	149
194	0	97,51	2,0	292	149
122	0	27,25	2,0	227	149
322	1	163,84	2,0	227	149
376	1	142,99	0,0	298	149
267	0	133,98	1,0	255	149
71	0	258,112	0,2	298	149
25	0	164,98	2,0	298	149
2	0	6,6	2,0	264	149
6	5	20,18	27,6	272	149
6	8	20,12	8,4	272	149
498	0	686,351	0,2	298	149
414	5	402,127	4,1	258	149
3	0	4,0	2,0	207	149
5	10	6,0	4,2	207	149
15	2	14,4	7,0	207	149
15	9	15,4	15,1	207	149
5	2	10,0	13,13	279	149
4	2	4,6	2,4	206	149
0	6	2,0	15,1	194	149
0	6	2,0	15,1	298	149
128	2	122,83	0,0	241	149
181	1	147,91	0,0	283	149
192	5	212,132	2,2	298	149
140	2	139,81	6,2	211	149
200	0	151,99	1,0	240	149
6	123	6,0	83,54	207	149
0	2	4,4	2,0	237	149
6	18	2,3	19,7	298	149
40	3	30,19	2,2	288	149
3	23	4,0	11,12	298	149
0	51	2,0	29,17	174	149
54	4	52,45	9,1	298	149
30	3	20,9	0,0	195	149
97	0	69,22	2,0	278	149
2	4	1,4	0,0	261	149
7	52	6,3	46,17	219	149
2	4	0,2	13,19	252	149
2	5	0,2	10,25	298	149
4	0	23,5	7,0	276	149
14	0	72,40	0,2	227	149
5	0	14,19	1,0	259	149
21	0	25,17	0,3	298	149
2	0	13,14	1,0	298	149
2	22	2,0	8,10	221	149
3	22	0,0	8,10	209	149
0	15	2,0	36,47	252	149
0	15	2,0	36,47	298	149
9	0	35,10	1,0	298	149
24	0	71,57	1,0	298	149
16	0	51,33	0,2	207	149
95	0	61,51	0,2	283	149
0	4	6,5	26,15	298	149
17	0	53,22	2,2	249	149
5	12	4,6	42,32	298	149
6	12	8,11	42,32	280	149
31	6	28,11	6,2	269	149
57	6	37,23	6,2	265	149
20	0	5,12	3,0	265	149
26	4	5,16	10,17	265	149
20	6	5,12	6,2	298	149
35	0	25,19	3,0	232	149
0	4	3,6	10,17	232	149
20	7	17,9	0,4	232	149
16	0	22,18	3,0	198	149
3	4	7,4	10,17	198	149
77	0	85,59	2,0	298	149
19	4	32,5	10,17	251	149
19	1	34,5	2,4	251	149
19	1	30,5	2,4	245	149
59	0	66,46	2,0	292	149
26	2	71,25	2,0	198	149
14	2	84,38	0,2	298	149
155	0	88,46	0,4	249	149
3	0	24,6	2,4	229	149
8	0	9,11	1,0	234	149
1	125	0,0	60,52	196	149
732	2	367,249	0,0	284	149
0	223	1,0	94,69	268	149
430	0	158,128	4,4	287	149
249	0	336,112	2,0	246	149
316	1	433,210	2,0	298	149
316	2	543,205	0,0	298	149
134	2	214,82	0,0	298	149
327	3	454,188	0,2	284	149
310	2	456,215	0,0	298	149
237	0	419,148	2,0	298	149
75	0	140,48	9,0	298	149
135	0	193,30	2,0	194	149
52	0	61,19	7,0	211	149
0	106	4,0	118,42	234	149
5	2	7,4	0,0	213	149
16	130	16,16	200,57	213	149
1	95	0,2	182,63	243	149
7	24	4,0	37,9	246	149
8	24	4,0	37,9	270	149
290	39	214,184	23,20	252	149
443	39	333,301	23,20	298	149
609	2	545,410	3,8	298	149
133	0	103,100	3,0	206	149
118	39	92,96	23,20	181	149
490	0	362,306	3,0	181	149
0	39	0,2	23,20	271	149
0	39	0,2	23,20	247	149
352	2	349,240	3,8	224	149
132	39	103,100	23,20	206	149
0	7	2,0	11,2	221	149
2	21	2,0	31,22	219	149
88	2	160,100	3,2	285	149
45	1	68,59	0,0	285	149
34	1	64,42	0,0	298	149
24	0	11,6	1,2	298	149
2	0	6,0	0,2	269	149
0	5	4,0	1,2	298	149
74	4	82,63	4,0	230	149
77	2	65,45	0,2	293	149
1	14	0,0	16,0	193	149
111	1	121,105	6,0	257	149
80	3	92,39	0,0	227	149
22	4	25,6	2,0	298	149
2	2	8,1	0,0	242	149
32	0	10,14	0,2	277	149
4	4	4,0	0,0	280	149
249	0	162,143	0,2	298	149
48	0	49,38	0,5	253	149
4	31	4,6	37,26	251	149
3	0	4,6	0,2	251	149
86	1	126,96	0,2	298	149
684	2	408,370	0,0	172	149
5	5	4,2	26,12	242	149
65	0	104,96	0,2	219	149
173	0	163,118	0,1	298	149
68	0	39,63	4,2	298	149
23	0	14,16	2,0	298	149
5	0	8,4	1,0	196	149
7	0	15,27	4,0	243	149
2	0	14,7	2,0	236	149
174	6	234,154	9,4	298	149
450	6	527,308	9,4	212	149
145	3	196,90	4,0	212	149
157	3	172,126	4,0	239	149
460	9	502,339	17,8	239	149
2	34	0,0	67,51	200	149
2	0	7,0	1,0	216	149
4	64	0,0	99,22	248	149
0	2	1,0	6,0	267	149
2	4	3,4	0,0	223	149
0	8	2,0	16,5	200	149
0	16	2,0	20,6	298	149
2	0	1,0	2,0	270	149
2	0	2,0	4,0	270	149
34	254	6,5	29,29	298	149
221	2	24,26	0,0	232	149
4	35	0,0	7,4	246	149
37	2	7,4	0,0	298	149
4397	4	2043,1644	0,6	290	149
3	66	0,0	38,16	227	149
72	1	85,61	2,0	225	149
12	49	5,4	72,30	227	149
81	2	119,53	0,0	213	149
3	79	4,4	121,47	230	149
170	1	249,128	0,0	298	149
244	0	270,129	2,0	254	149
142	0	179,49	2,0	298	149
143	2	137,63	0,0	298	149
44	75	58,12	66,37	167	149
192	1	195,65	3,0	298	149
113	0	114,38	1,4	298	149
68	0	92,41	1,4	210	149
148	2	172,68	4,0	210	149
446	2	184,359	0,0	298	149
219	31	130,88	15,11	298	149
0	2	2,7	4,0	241	149
2	0	4,2	0,2	207	149
25	14	8,13	11,1	298	149
8	0	20,3	0,4	298	149
12	2	20,5	0,0	298	149
0	12	2,0	19,6	211	149
12	5	18,6	0,0	232	149
7	2	14,10	2,0	287	149
0	5	1,1	0,0	258	149
210	2	345,262	2,2	257	149
282	0	393,303	2,0	251	149
348	0	609,302	1,0	268	149
397	1	196,57	0,0	255	149
34	1	15,2	0,0	160	149
260	1	156,86	0,0	195	149
2	37	0,0	24,3	290	149
0	37	1,0	24,3	213	149
56	1	65,25	0,2	264	149
29	2	34,19	0,0	298	149
22	5	26,14	10,1	298	149
5	0	4,0	6,0	275	149
13	0	1,2	2,0	248	149
3	0	8,0	2,0	219	149
5	0	4,4	6,3	179	149
11	2	19,9	0,0	284	149
1	22	0,0	35,37	236	149
16	0	19,20	2,2	298	149
2	17	2,1	1,4	298	149
2	21	2,1	4,2	298	149
2	17	2,1	1,4	298	149
2	21	2,1	4,2	298	149
2	17	2,1	1,4	298	149
2	2	0,0	2,1	252	149
72	2	21,11	2,0	218	149
775	0	511,227	1,0	290	149
68	4	41,82	0,0	291	149
57	0	36,39	0,2	215	149
134	0	127,105	4,0	256	149
110	0	76,71	0,2	233	149
30	1	25,24	0,0	185	149
27	0	27,29	2,0	232	149
14	1	9,11	0,0	278	149
332	0	533,327	0,1	219	149
233	0	378,177	5,0	276	149
260	0	492,290	2,1	276	149
433	4	795,474	8,7	236	149
185	2	349,230	2,0	236	149
191	2	419,273	2,0	269	149
436	0	857,509	2,0	269	149
284	4	661,407	0,2	203	149
70	0	135,107	0,2	194	149
3	212	11,3	520,348	193	149
9	3	2,0	2,0	298	149
11	9	2,0	8,5	298	149
13	94	4,2	61,33	298	149
9	94	10,0	61,33	298	149
14	94	14,5	61,33	207	149
8	4	6,0	2,2	207	149
2	9	4,1	13,3	270	149
1	94	3,1	61,33	298	149
1	2	3,2	5,1	298	149
96	2	131,61	0,0	298	149
0	76	0,6	74,29	214	149
0	8	2,0	14,5	292	149
2	22	2,0	5,2	280	149
2	22	0,0	5,2	189	149
2	22	0,0	5,2	218	149
223	3	162,98	4,0	288	149
108	1	62,42	4,2	288	149
75	1	81,34	4,2	298	149
193	4	181,90	4,0	298	149
39	77	21,33	95,31	200	149
3	162	3,0	109,49	276	149
287	2	239,80	2,0	247	149
10	0	44,15	0,2	238	149
29	0	145,51	0,2	298	149
40	23	41,35	44,28	213	149
49	2	132,65	2,0	248	149
0	1	0,4	0,0	219	149
103	0	140,113	0,4	221	149
79	0	104,93	0,4	193	149
83	2	103,52	0,1	251	149
212	2	271,135	0,1	230	149
94	0	165,113	5,0	252	149
94	0	165,113	0,2	252	149
4	0	8,1	2,0	298	149
4	13	1,8	16,19	273	149
0	13	0,7	16,19	274	149
0	2	0,1	0,0	220	149
6	38	5,7	40,33	186	149
2	14	0,3	16,15	186	149
0	11	2,0	28,8	204	149
46	4	83,36	2,0	253	149
18	46	20,11	48,11	259	149
77	0	100,21	1,0	275	149
72	1	141,47	0,0	244	149
2	21	0,0	29,13	298	149
0	2	2,0	4,4	170	149
27	0	4,4	2,0	284	149
0	57	12,8	170,114	236	149
65	0	210,154	0,2	266	149
17	0	50,45	2,0	267	149
34	2	96,92	0,0	191	149
25	0	76,46	3,0	209	149
115	0	137,54	2,2	298	149
9	58	23,6	20,8	226	149
53	2	44,13	0,0	221	149
88	0	71,24	1,0	268	149
2	2	4,0	3,1	241	149
90	2	51,43	0,0	298	149
26	2	47,6	0,2	260	149
3	26	0,0	9,8	181	149
73	7	23,13	4,0	267	149
4	11	2,0	1,2	284	149
67	0	55,24	0,2	227	149
83	1	56,45	2,2	241	149
3	4	9,11	0,4	233	149
204	7	198,133	4,0	230	149
86	7	103,85	4,0	261	149
205	0	314,208	0,2	298	149
364	10	57,64	0,0	298	149
23	0	62,28	0,4	298	149
7	1	17,19	2,0	230	149
19	2	49,36	6,1	230	149
0	10	0,2	29,27	172	149
56	0	75,50	2,0	218	149
40	2	112,58	0,0	265	149
4	0	7,2	2,0	298	149
20	0	70,19	0,2	298	149
9	0	65,17	2,0	298	149
3	4	13,0	7,2	298	149
3	0	13,2	2,0	298	149
18	4	25,4	7,2	298	149
2	0	181,38	1,0	194	149
3	0	64,7	1,0	202	149
97	1	126,39	0,0	289	149
123	1	116,46	0,0	298	149
81	0	80,61	0,2	215	149
144	0	156,80	2,0	213	149
0	4	0,10	1,0	298	149
0	49	0,11	68,47	298	149
4	49	1,2	68,47	264	149
2	19	0,2	17,21	194	149
0	1	0,2	0,0	260	149
304	4	301,264	14,10	237	149
23	2	12,8	1,0	263	149
28	0	16,10	2,3	250	149
5	33	0,0	39,15	206	149
38	30	27,20	19,13	222	149
26	6	16,10	0,0	222	149
28	1	13,10	2,0	222	149
27	2	17,10	5,2	222	149
57	1	53,27	2,0	239	149
39	2	49,24	0,0	239	149
33	1	34,14	2,0	235	149
27	2	37,14	0,0	235	149
2	36	0,0	49,19	192	149
95	2	93,37	5,2	298	149
96	1	91,37	4,0	298	149
169	1	181,81	0,3	298	149
26	73	12,5	67,33	231	149
1	74	0,0	22,13	233	149
92	0	28,17	2,0	215	149
133	3	76,40	0,0	252	149
30	3	25,15	0,0	183	149
3	0	10,2	4,0	198	149
0	1	3,0	4,0	298	149
0	1	2,0	4,0	298	149
2	22	1,0	2,5	298	149
240	0	140,85	6,2	214	149
249	0	165,102	2,0	298	149
214	20	83,70	28,14	219	149
459	5	227,289	0,0	297	149
7	0	0,0	0,2	197	149
815	8	374,475	2,6	289	149
833	2	396,254	0,0	216	149
300	2	111,85	0,0	222	149
9	2	2,2	0,0	298	149
89	7	67,46	4,9	232	149
36	7	23,24	4,9	293	149
0	85	2,0	73,53	262	149
0	64	5,0	76,80	218	149
2	6	2,2	39,28	266	149
12	2	26,7	0,0	285	149
2	0	4,0	2,0	226	149
227	1	8,4	0,0	298	149
229	2	8,4	0,0	298	149
226	2	8,4	0,0	298	149
226	1	8,4	0,0	298	149
4	0	19,4	1,0	275	149
67	1	67,50	2,0	298	149
100	1	69,34	0,0	268	149
114	2	108,65	0,0	298	149
167	1	164,64	1,0	298	149
16	38	8,7	35,24	295	149
2	0	1,13	0,2	298	149
2	2	1,19	0,0	298	149
1	4	2,4	2,0	177	149
40	0	75,25	2,0	206	149
2	2	2,0	0,0	228	149
3	0	15,6	4,0	298	149
0	2	1,2	0,0	298	149
0	2	3,4	0,0	298	149
247	1	161,104	0,0	282	149
62	0	189,66	1,0	221	149
5	42	34,25	103,40	209	149
72	4	227,75	8,0	298	149
25	0	93,29	0,6	227	149
46	6	133,23	16,10	226	149
5	136	0,0	126,53	263	149
172	0	147,59	2,0	287	149
584	2	206,109	0,0	291	149
2	338	0,4	108,54	298	149
102	0	215,87	2,0	260	149
0	2	1,0	6,3	298	149
13	87	0,0	13,26	198	149
78	3	16,32	1,0	231	149
91	1	8,4	0,0	283	149
113	2	6,2	0,0	197	149
101	2	13,6	0,0	206	149
44	0	0,0	2,0	256	149
1	16	4,0	3,4	298	149
6	304	1,0	84,41	187	149
975	2	665,395	0,0	291	149
674	2	582,355	0,0	289	149
664	2	580,343	0,0	287	149
1740	5	2286,991	0,2	261	149
653	5	659,239	0,2	247	149
35	0	21,22	0,2	298	149
74	1	84,51	0,0	234	149
80	0	78,31	1,2	298	149
100	0	342,135	11,3	280	149
25	28	38,14	102,38	234	149
0	1	10,2	56,65	298	149
2	0	214,284	4,0	298	149
6	11	0,0	13,16	298	149
50	0	63,34	2,0	241	149
68	2	36,6	0,0	269	149
59	4	42,25	2,0	294	149
26	21	25,12	8,0	269	149
2	5	0,0	13,0	292	149
5	0	3,0	2,2	236	149
5	5	2,0	13,0	236	149
10	4	5,2	0,0	217	149
0	11	0,2	6,4	265	149
0	11	0,2	6,4	247	149
25	0	48,21	2,2	298	149
9	0	14,7	2,2	298	149
3	29	4,6	58,50	245	149
186	2	237,295	1,0	228	149
7	67	13,5	132,101	235	149
8	67	11,5	132,101	249	149
7	2	4,2	0,0	298	149
1	3	6,3	0,0	298	149
18	0	24,20	0,2	264	149
1	113	0,0	23,29	298	149
2	94	0,0	32,12	272	149
2	25	2,0	12,5	298	149
39	1	58,53	10,4	195	149
4	0	2,4	2,0	224	149
5	2	2,0	6,4	279	149
4	2	2,2	6,4	282	149
701	2	857,455	0,0	276	149
64	2	89,24	0,0	168	149
2	31	5,0	57,21	298	149
2	31	5,5	57,21	298	149
0	36	2,0	27,18	217	149
61	0	43,29	2,0	259	149
0	27	2,0	21,12	298	149
15	0	35,5	0,2	275	149
4	0	0,0	0,2	298	149
13	0	18,18	0,2	298	149
87	0	55,40	1,0	298	149
5	32	4,3	12,8	242	149
103	0	75,66	2,0	291	149
48	2	57,58	0,4	298	149
37	2	28,30	0,2	298	149
3	2	0,4	0,2	298	149
15	3	29,32	0,4	298	149
2	18	2,0	22,24	287	149
1	2	0,2	0,0	293	149
2	4	12,8	0,0	293	149
76	1	50,34	2,0	247	149
51	5	39,26	2,2	258	149
42	4	30,16	7,0	258	149
39	7	38,34	0,2	239	149
2	33	0,0	21,21	213	149
51	2	35,40	0,0	298	149
61	2	73,38	0,0	254	149
45	2	35,18	0,0	288	149
16	2	15,11	0,0	238	149
23	2	20,14	0,0	254	149
23	2	31,19	0,2	254	149
4	2	0,0	0,2	298	149
8	6	0,2	11,7	298	149
10	0	10,0	0,2	281	149
6	8	3,2	10,0	213	149
243	0	218,233	3,2	288	149
16	37	12,2	37,14	278	149
66	0	87,39	0,2	239	149
68	2	80,45	0,0	298	149
96	2	71,54	0,0	261	149
32	0	25,10	1,0	224	149
85	6	74,41	2,0	268	149
22	2	37,21	0,3	235	149
2	7	0,0	2,0	298	149
2	0	0,4	0,2	281	149
294	2	264,193	3,0	251	149
0	15	1,0	13,11	298	149
2	0	6,24	2,1	242	149
19	0	57,41	0,1	194	149
27	2	42,34	5,0	203	149
13	2	17,22	2,0	221	149
32	0	56,17	2,1	263	149
38	0	55,16	2,0	298	149
40	2	50,39	0,0	254	149
23	2	32,23	0,0	247	149
27	7	38,22	7,2	298	149
23	0	30,17	0,2	298	149
0	2	2,2	8,3	229	149
0	4	2,4	9,0	245	149
0	1	0,4	227,296	279	149
3	0	487,655	10,10	230	149
115	2	51,47	0,0	298	149
9	117	2,1	31,25	184	149
2	0	4,3	2,0	298	149
4	4	2,0	0,0	267	149
52	0	68,73	0,2	231	149
66	0	92,30	2,0	298	149
2	27	14,3	43,9	298	149
21	2	23,10	2,0	253	149
19	0	23,10	0,2	253	149
42	2	18,13	2,0	230	149
104	4	55,39	0,0	230	149
58	0	26,28	0,2	298	149
60	2	24,28	0,0	298	149
1	0	4,6	0,2	298	149
3	81	4,2	38,20	247	149
0	9	2,0	6,1	247	149
156	9	87,47	6,1	298	149
78	0	53,29	2,0	298	149
5	56	0,0	37,37	224	149
3	56	0,0	37,37	199	149
86	1	84,25	0,0	298	149
4	55	0,0	49,21	298	149
137	4	70,29	3,3	298	149
2	2	6,16	2,13	293	149
753	16	568,596	26,45	227	149
2201	16	2097,2316	26,45	298	149
1099	16	741,869	26,45	298	149
76	12	109,75	16,6	217	149
28	73	18,7	104,75	298	149
410	2	561,338	0,0	298	149
54	144	106,97	135,86	266	149
327	0	435,208	1,2	259	149
328	1	413,248	2,0	290	149
308	3	485,328	0,0	298	149
316	1	466,229	1,0	295	149
312	3	443,233	0,0	298	149
118	3	174,110	4,2	298	149
198	72	291,180	121,89	298	149
2	12	0,0	8,12	247	149
7	72	7,4	121,89	206	149
16	92	11,14	125,82	206	149
299	2	346,189	0,0	298	149
0	40	4,6	45,22	298	149
157	0	267,148	0,2	292	149
308	6	381,181	0,0	298	149
130	1	178,104	0,0	230	149
43	2	75,42	1,0	250	149
31	3	48,27	0,12	250	149
1	0	0,2	1,2	250	149
32	3	42,39	0,12	248	149
45	3	68,54	0,0	248	149
31	0	52,47	0,2	195	149
30	0	60,57	6,2	254	149
20	4	37,30	0,0	191	149
4	0	4,14	0,2	298	149
4	0	9,2	0,2	298	149
24	0	16,17	2,0	298	149
7	1	3,0	0,0	246	149
2	7	0,0	3,0	298	149
1092	2	5352,6041	0,2	266	149
2043	0	8480,8690	0,3	272	149
800	0	4373,4990	0,3	272	149
1688	0	7131,8856	0,2	227	149
1995	0	8206,10073	4,7	253	149
1012	0	4927,6141	4,7	298	149
1367	2	4682,5797	7,23	239	149
1352	2	5116,4312	16,11	254	149
0	7	3,4	2,2	298	149
4	2	6,10	0,0	298	149
22	1	23,11	1,0	215	149
43	1	32,18	1,0	298	149
66	2	24,14	2,0	255	149
0	30	0,2	13,4	268	149
0	24	2,0	35,15	298	149
1	1	1,0	1,2	183	149
2	1	4,4	1,2	269	149
8	0	20,23	0,2	298	149
188	6	314,196	2,2	216	149
32	0	14,17	2,0	203	149
2	0	7,1	0,1	276	149
0	5	0,1	0,0	267	149
45	2	17,25	0,0	268	149
21	0	17,13	2,0	241	149
102	0	104,50	2,0	265	149
4	8	0,0	7,2	267	149
319	0	354,503	0,2	298	149
288	2	323,453	0,0	298	149
0	81	0,2	83,140	298	149
165	2	143,103	0,0	298	149
121	0	123,75	2,2	294	149
4	0	0,0	2,2	294	149
2	0	0,0	2,0	294	149
9	11	19,8	21,7	275	149
25	0	18,21	2,0	258	149
0	37	0,2	27,25	283	149
73	0	103,53	4,2	195	149
5	31	0,2	8,7	280	149
1	31	0,1	8,7	276	149
210	0	151,82	1,0	252	149
21	61	29,10	27,26	280	149
0	2	4,1	0,0	218	149
1	29	0,0	15,8	189	149
512	184	486,600	141,145	188	149
184	15	182,299	2,6	188	149
0	32	2,2	41,44	225	149
0	36	2,0	53,28	232	149
173	7	206,112	0,2	298	149
3	1	5,2	0,0	216	149
0	86	2,0	87,60	272	149
93	2	125,75	0,0	214	149
13	57	7,16	77,32	227	149
110	7	122,86	1,2	289	149
3	54	5,0	48,26	247	149
2	54	5,0	48,26	267	149
27	0	171,35	2,0	272	149
696	2	689,367	0,0	293	149
1101	13	1214,755	6,0	254	149
913	1	958,576	0,0	234	149
309	2	283,199	2,0	208	149
1064	0	890,550	0,2	266	149
872	0	785,470	4,4	271	149
429	0	421,264	0,2	213	149
4	20	2,4	37,12	274	149
42	5	80,47	3,10	210	149
21	0	10,15	2,2	185	149
50	0	38,40	0,2	298	149
38	0	49,50	0,4	298	149
19	2	20,20	0,0	227	149
24	2	30,57	0,0	298	149
24	12	22,24	10,4	298	149
50	0	90,66	1,4	229	149
6	1	0,2	7,0	291	149
3	2	13,6	6,0	210	149
1	0	8,7	2,0	210	149
51	2	83,55	1,0	298	149
0	2	0,1	0,0	242	149
1	14	0,0	30,20	203	149
78	7	82,14	5,0	185	149
0	55	1,0	61,6	205	149
94	5	71,52	0,0	174	149
43	5	32,16	0,0	248	149
2	3	15,8	2,2	298	149
4	12	20,2	5,18	245	149
315	0	217,170	3,2	223	149
338	2	284,274	0,0	209	149
0	36	1,0	33,37	174	149
13	58	0,2	60,41	298	149
4	2	8,19	0,0	298	149
53	0	37,65	2,0	263	149
8	0	11,15	0,2	245	149
1489	6	361,40	0,0	298	149
8	80	3,0	21,9	255	149
10	146	1,0	14,8	255	149
43	1	2,5	0,0	218	149
62	1	1,0	0,0	226	149
197	2	8,16	0,0	238	149
6	49	2,2	6,0	220	149
14	1	4,2	0,0	298	149
5	0	0,0	2,0	298	149
3	75	1,5	124,67	298	149
1	75	11,7	124,67	287	149
0	75	5,2	124,67	298	149
0	16	7,0	20,15	298	149
0	75	5,0	124,67	298	149
1557	0	2678,2048	4,0	223	149
439	2	726,533	3,0	223	149
469	2	766,626	3,0	208	149
1598	2	2730,2156	0,0	208	149
6	0	5,4	1,0	291	149
1402	4	2627,1801	2,4	231	149
1816	3	3968,2467	4,0	298	149
915	3	2165,1317	4,0	296	149
2	913	2,0	2168,1323	251	149
0	913	2,0	2168,1323	213	149
982	0	2138,1666	2,0	298	149
1893	0	2642,2450	2,1	276	149
1182	0	1608,1704	2,1	270	149
24	1	26,2	2,0	298	149
2	14	4,0	10,9	235	149
20	0	38,12	0,1	298	149
34	0	48,21	0,1	298	149
18	0	61,30	0,2	247	149
4	57	0,0	57,58	264	149
14	217	8,2	71,33	266	149
406	0	192,82	1,0	258	149
514	2	147,50	0,0	275	149
412	1	89,42	0,0	298	149
298	2	163,100	2,0	245	149
314	1	175,95	0,0	248	149
7	11	11,7	9,17	253	149
5	0	20,18	1,0	233	149
22	0	46,27	1,0	269	149
20	0	37,26	2,0	298	149
22	0	51,30	3,0	252	149
19	0	28,37	3,0	298	149
33	5	55,66	3,4	267	149
47	0	55,14	2,0	221	149
76	2	95,52	5,0	276	149
58	2	81,32	5,0	279	149
0	31	0,1	29,27	212	149
17	18	27,9	25,6	185	149
9	49	591,220	1324,345	233	149
55	0	1018,231	2,0	239	149
86	2	1645,390	69,9	239	149
18	0	509,152	5,2	239	149
34	31	1270,376	637,162	239	149
0	2	20,13	69,9	230	149
0	31	23,15	637,162	230	149
4	20	46,29	791,240	230	149
0	2	2,3	4,0	298	149
88	19	44,31	12,1	298	149
69	2	34,14	0,0	241	149
47	0	99,79	1,0	232	149
8	0	10,10	1,0	298	149
102	0	63,19	0,4	223	149
116	2	123,56	0,0	298	149
120	485	139,42	181,89	298	149
4	4	6,2	6,0	209	149
0	9	0,2	17,0	248	149
26	0	67,28	2,0	182	149
25	0	22,11	2,2	276	149
73	2	105,44	0,0	274	149
72	0	69,27	2,0	217	149
6	337	0,0	173,81	220	149
9	400	8,0	224,151	214	149
122	2	96,51	0,6	298	149
103	0	68,35	2,0	207	149
137	0	196,107	2,0	266	149
6	26	27,2	44,23	274	149
22	0	8,3	2,0	199	149
39	0	41,35	3,0	298	149
0	15	0,2	14,2	185	149
29	0	39,29	0,2	298	149
22	2	27,10	0,0	249	149
25	0	22,13	4,0	298	149
1	2	0,0	3,4	298	149
17	0	25,16	2,0	271	149
2	16	2,0	26,12	298	149
2	45	8,1	80,32	298	149
39	2	33,8	0,0	266	149
0	90	0,1	81,47	250	149
195	2	219,125	4,2	283	149
261	5	247,167	1,0	298	149
252	1	236,176	6,0	298	149
211	2	187,120	0,0	222	149
209	0	161,75	1,0	235	149
96	2	101,60	1,0	295	149
207	0	162,138	2,0	239	149
1	107	2,2	89,78	257	149
215	2	182,191	0,0	245	149
2	7	0,0	6,3	286	149
2	45	2,0	39,16	298	149
22	0	25,14	2,0	230	149
22	2	25,14	6,4	230	149
0	2	2,0	6,4	176	149
24	0	45,21	2,1	223	149
87	0	62,55	4,3	214	149
103	0	82,46	4,2	215	149
103	6	101,59	3,0	227	149
102	2	128,73	0,0	236	149
118	4	153,98	0,0	239	149
2	0	6,9	0,2	277	149
102	2	80,68	2,0	187	149
0	19	1,0	3,5	269	149
8	0	0,2	1,0	244	149
61	0	110,75	2,0	217	149
2	18	4,2	22,8	235	149
3	2	4,0	0,0	227	149
183	1	52,53	2,2	197	149
9	2	0,2	0,0	242	149
10	12	0,0	1,6	245	149
17	2	3,6	0,2	298	149
53	18	71,22	2,4	179	149
46	0	36,8	2,0	206	149
7	26	9,3	47,28	298	149
100	7	147,114	7,2	298	149
15	59	6,14	83,51	224	149
46	2	76,84	0,0	250	149
79	0	129,118	2,2	267	149
45	0	85,56	2,6	257	149
0	83	2,0	125,77	226	149
88	0	111,89	1,0	298	149
165	2	157,141	0,0	237	149
150	2	183,168	0,0	276	149
173	2	134,86	4,4	240	149
484	5	148,138	0,1	283	149
2	671	1,0	423,379	286	149
761	6	495,436	6,6	198	149
2	153	2,0	120,106	298	149
2	6	2,6	2,0	298	149
2	2	2,1	0,0	285	149
10	2	22,16	4,1	295	149
12	0	9,7	0,2	298	149
6	2	4,13	0,0	298	149
6	0	11,2	6,0	283	149
59	0	75,49	2,2	298	149
69	0	77,47	2,0	209	149
49	0	47,29	2,0	263	149
48	4	85,61	0,0	298	149
25	2	23,18	0,0	206	149
29	1	9,4	3,0	236	149
81	1	54,22	3,0	240	149
4	4	0,2	0,0	212	149
15	2	10,15	0,0	266	149
7	2	3,13	0,0	298	149
17	0	39,22	1,2	245	149
6	17	0,0	64,27	270	149
28	0	82,49	4,0	281	149
29	1	94,41	0,0	210	149
3	0	4,2	1,0	249	149
117	3	112,68	4,2	250	149
84	2	126,35	0,0	222	149
43	2	43,19	0,0	222	149
52	2	53,10	0,0	246	149
92	0	150,26	8,0	246	149
940	0	739,350	0,2	298	149
43	3	11,16	2,0	298	149
8	2	11,17	0,2	203	149
10	83	6,0	46,28	185	149
65	83	50,15	46,28	244	149
59	11	46,14	8,0	244	149
7	0	1,10	0,2	298	149
1224	1	687,378	0,0	277	149
932	0	579,308	1,0	274	149
475	0	232,125	2,0	274	149
341	0	214,127	2,0	261	149
801	4	565,309	5,0	261	149
419	1	263,154	1,0	269	149
1277	5	711,324	0,0	298	149
75	1	30,22	2,2	295	149
17	0	21,12	4,0	276	149
236	0	184,107	0,2	249	149
388	0	405,264	4,4	287	149
89	2	93,54	0,0	226	149
111	0	147,90	2,0	283	149
112	2	153,122	0,2	245	149
115	0	109,75	4,0	257	149
123	0	170,95	0,4	262	149
38	0	57,47	0,1	173	149
12	0	25,8	1,0	289	149
8	115	1,0	73,45	245	149
172	0	106,70	3,0	249	149
205	2	142,63	0,0	265	149
13	112	4,4	76,36	208	149
4	0	0,0	2,0	208	149
23	112	28,12	76,36	188	149
4	0	10,4	2,0	188	149
271	0	178,68	2,0	298	149
180	0	120,42	0,2	298	149
3	89	7,2	50,15	275	149
2	13	0,0	8,4	275	149
28	2	33,12	0,0	257	149
81	2	62,9	0,0	298	149
182	0	124,69	2,0	265	149
48	2	60,40	13,2	243	149
21	0	27,6	5,0	243	149
0	15	0,3	13,4	251	149
2	15	0,3	13,4	272	149
2	25	1,0	4,4	207	149
7	1	20,6	0,0	284	149
11	1	20,4	0,0	287	149
46	2	17,5	2,0	290	149
276	0	378,262	2,0	298	149
4	5	0,0	0,2	247	149
5	2	4,5	0,0	256	149
12	2	9,14	4,4	271	149
9	2	0,4	4,4	298	149
4	0	1,8	2,0	228	149
6	0	6,35	0,2	267	149
0	5	0,1	3,2	298	149
