ID	IJC_SAMPLE_1	SJC_SAMPLE_1	IJC_SAMPLE_2	SJC_SAMPLE_2	IncFormLen	SkipFormLen	PValue	FDR
5	0	3	2,0,0,0	78,0,0,0	199	149	1	1.0
7	4	4	3,0,2,0	0,2,0,0	298	149	1	1.0
9	0	2	13,0,0,0	0,0,0,0	273	149	1	1.0
13	3	1	23,115,48,42	7,228,53,80	298	149	0.287371296281	1.0
14	0	1	9,10,6,4	7,228,53,80	199	149	0.0464285050191	0.3293706666494931
15	0	72	16,0,2,1	207,18,6,6	254	149	0.0123275691831	0.13802916820274216
17	3	610	4,0,1,1	530,341,166,154	298	149	1	1.0
19	2	184	0,4,2,1	96,118,52,37	153	149	0.598918304177	1.0
20	8	4	0,2,1,0	0,1,0,0	161	149	1	1.0
21	38	9	28,3,4,2	16,7,2,4	166	149	0.00869699299079	0.11021462026510236
22	32	2	63,123,103,94	8,31,13,4	158	149	0.123741426502	0.6296980697756277
23	11	2	12,9,12,12	8,31,13,4	201	149	0.0127085030766	0.1409556506275016
24	7	28	6,3,9,9	57,117,100,91	192	149	0.0270980178837	0.234842525993321
29	0	2	0,0,0,4	0,0,0,0	159	149	1	1.0
38	5	1	6,0,0,4	0,0,0,0	222	149	1	1.0
39	6	1	6,0,0,4	0,0,0,0	239	149	1	1.0
40	7	1	7,0,0,4	0,0,0,0	298	149	1	1.0
57	0	10	4,0,0,0	17,4,0,1	204	149	1	1.0
59	2	3	1,0,0,0	0,0,0,0	179	149	1	1.0
67	0	696	4,0,0,2	403,333,124,85	220	149	1	1.0
75	5	50	5,1,2,8	1,3,18,3	298	149	0.0111007895304	0.12788843475518677
76	22	2	17,10,2,6	0,2,0,0	153	149	0.138791665291	0.67784725975486
79	3	35	5,2,4,0	50,8,6,10	298	149	0.608898619817	1.0
80	3	35	5,0,0,0	50,8,6,10	298	149	0.288359231519	1.0
83	17	0	21,6,2,0	1,0,0,0	230	149	1	1.0
85	1	0	1,0,0,0	13,0,0,0	196	149	1	1.0
87	73	4	101,20,28,19	0,0,0,0	298	149	0.00743314169834	0.10413868871845186
88	15	4	27,21,11,9	0,0,1,0	204	149	0.000141698846673	0.0056471034248143665
89	9	49	3,5,2,4	9,19,12,27	154	149	0.911747419847	1.0
90	5	6	4,3,3,0	4,1,7,6	154	149	0.433324966025	1.0
95	4	1	10,2,0,0	0,0,0,0	298	149	1	1.0
112	0	14	1,0,0,0	20,10,0,8	160	149	1	1.0
113	16	0	2,5,0,1	0,0,0,2	205	149	1	1.0
122	1	3	5,0,0,2	2,0,0,0	184	149	1	1.0
123	6	2	10,0,0,0	33,7,0,4	184	149	1	1.0
131	0	2	4,0,0,0	2,0,0,0	210	149	1	1.0
144	38	0	12,32,16,27	2,0,0,0	243	149	1	1.0
145	45	1	10,32,14,27	0,0,0,0	243	149	0.303623331186	1.0
149	12	4	10,0,0,0	5,0,0,0	298	149	1	1.0
150	0	1	3,0,0,0	0,0,0,0	153	149	1	1.0
151	3	0	7,0,0,0	2,0,0,2	201	149	1	1.0
165	164	1	1587,327,20,25	2,2,0,0	159	149	1	1.0
166	0	1	50,0,0,0	2,2,0,0	298	149	1	1.0
167	0	164	33,0,0,0	1569,327,20,25	298	149	1	1.0
170	0	11	20,0,0,0	718,1,1,6	173	149	0.246268093535	0.9483362496900277
176	4	0	32,0,0,0	2,0,0,0	298	149	1	1.0
184	113	19	113,41,62,66	0,2,2,4	298	149	1.57406694623e-06	0.00015673209450318713
186	0	5	4,0,0,0	196,10,1,0	232	149	1	1.0
196	44	25939	38,2,2,1	8757,1489,700,3911	183	149	1	1.0
198	23	0	90,44,6,13	21,0,0,0	284	149	0.0106451785666	0.12501393315514286
199	3	0	2,5,0,4	0,0,2,0	161	149	0.514835676892	1.0
201	0	20	4,0,0,0	17,5,2,6	298	149	0.687294715843	1.0
207	0	4	2,1,0,0	49,4,0,0	161	149	1	1.0
219	3	0	0,0,0,2	0,2,0,0	298	149	1	1.0
220	2	0	7,2,1,2	0,1,0,0	298	149	1	1.0
221	4	99	7,2,1,2	33,32,18,8	298	149	0.112352397788	0.6049193999017981
225	0	23	2,0,0,0	11,0,0,0	159	149	1	1.0
226	10	0	73,8,0,2	2,0,0,0	298	149	1	1.0
227	7	0	84,4,1,0	2,1,0,0	212	149	1	1.0
232	0	56	1,4,0,0	68,32,15,16	196	149	0.628429484666	1.0
233	5	0	344,18,0,1	3,0,0,0	200	149	1	1.0
234	51	0	29,19,4,7	0,1,0,0	153	149	1	1.0
237	38	0	367,41,2,12	9,2,0,0	159	149	0.240837884481	0.9390993313748642
246	1	2	0,0,0,0	21,2,0,0	204	149	1	1.0
253	1	0	0,0,0,0	11,0,0,0	298	149	1	1.0
254	52	0	108,50,13,12	2,0,0,0	298	149	1	1.0
260	4	0	6,12,2,5	2,0,3,0	298	149	0.0663827142016	0.42062501635013816
263	2	2	8,0,0,0	1,0,0,0	165	149	1	1.0
267	10	0	3,0,2,6	2,2,0,0	263	149	0.0674474739217	0.42256979167123504
272	0	1	3,0,4,2	0,3,0,8	209	149	0.00282085413481	0.05208305515132636
273	0	18	3,0,4,2	16,23,23,29	226	149	0.076810024181	0.4615223004668707
274	1	18	0,3,0,8	16,23,23,29	166	149	0.367019443768	1.0
278	9	0	5,1,0,0	2,2,0,6	227	149	1	1.0
282	0	8	13,0,0,0	16,3,0,0	298	149	1	1.0
283	15	0	21,13,9,9	2,2,5,6	153	149	0.00148356616078	0.03418332608474909
291	5	9	17,12,7,2	61,5,0,2	182	149	0.166478974479	0.7522583157981394
292	1	0	4,0,0,0	2,0,0,0	298	149	1	1.0
304	17	0	19,6,2,2	1,0,0,0	172	149	1	1.0
305	2	0	0,0,0,3	0,2,0,0	224	149	1	1.0
307	7	2	18,0,0,0	6,0,0,0	225	149	1	1.0
324	0	4	1,0,0,0	64,3,0,0	260	149	1	1.0
337	0	7	0,0,0,1	1,0,0,0	298	149	1	1.0
338	17	19	6,0,4,10	3,0,3,0	298	149	1	1.0
349	0	25	1,2,0,2	119,24,13,12	231	149	1	1.0
351	4	4	30,0,4,6	8,3,0,2	164	149	0.239430803003	0.9365929996565273
357	0	10	4,1,0,0	36,11,2,8	153	149	0.546236854545	1.0
363	4	0	103,1,0,3	4,0,0,0	151	149	1	1.0
367	4	0	30,14,0,1	4,0,0,0	298	149	1	1.0
370	0	2	1,0,0,0	41,2,0,4	151	149	1	1.0
392	0	17	5,0,0,0	70,27,4,6	187	149	0.463611920588	1.0
397	0	4	3,0,0,0	4,4,0,6	173	149	1	1.0
399	25	215	30,13,6,21	83,94,133,126	298	149	0.275265865272	1.0
400	4	2	5,4,15,11	0,1,0,0	298	149	0.00049713089524	0.014729811271592294
401	2	0	4,10,11,11	0,0,1,0	280	149	1	1.0
402	10	109	17,18,2,2	184,151,30,23	171	149	0.94610913371	1.0
403	8	22	4,1,0,0	19,10,6,6	217	149	0.00402106087661	0.06753444412041373
405	0	17	4,0,0,0	222,16,4,2	156	149	1	1.0
411	3	0	38,0,0,0	13,0,0,0	179	149	1	1.0
412	0	6	1,0,0,0	18,1,0,0	228	149	1	1.0
413	8	22	4,6,1,6	23,20,6,13	292	149	0.449093056149	1.0
416	12	42	11,24,33,16	21,21,39,59	160	149	0.0533903005175	0.3561056407722249
418	0	4	7,5,0,6	2,11,1,8	160	149	0.00183363788216	0.039574142473297096
426	2	1	0,0,0,0	9,0,0,0	298	149	1	1.0
436	18	2	25,12,7,2	4,0,0,0	298	149	0.148594300795	0.6999104429013715
437	6	239	4,4,7,2	290,325,147,106	177	149	0.577238580829	1.0
443	9	19	0,0,0,0	0,0,0,4	159	149	1	1.0
445	20	293	5,3,2,0	68,90,92,94	195	149	0.0040894776537	0.06827223771566227
447	6	154	7,7,0,1	205,165,80,57	247	149	0.477815803793	1.0
448	7	154	7,6,0,1	205,165,80,57	298	149	0.22466087238	0.9133124850662998
449	12	1	8,12,6,8	0,2,0,0	298	149	0.612222085124	1.0
450	8	19	15,0,2,8	26,7,40,4	203	149	0.49758351	1.0
464	16	6	28,21,10,11	1,8,3,4	203	149	0.355812416867	1.0
467	2	5	2,6,0,0	15,2,4,2	298	149	0.768063160084	1.0
475	6	1	3,2,3,4	3,1,2,0	203	149	0.590327185706	1.0
487	8	230	14,0,1,4	186,149,96,64	298	149	0.9112765308	1.0
492	47	5	76,16,1,4	38,2,0,0	270	149	0.374423685759	1.0
493	20	0	99,18,2,4	1,0,0,0	187	149	1	1.0
494	65	2	135,26,11,12	0,0,0,0	298	149	0.479692823814	1.0
495	3	27	2,1,13,2	39,30,24,24	161	149	0.874628549958	1.0
501	49	2	85,30,49,51	0,0,0,4	215	149	0.366964682158	1.0
503	1514	0	539,174,68,35	2,0,0,0	298	149	1	1.0
505	1444	2	584,717,870,478	0,4,5,0	222	149	1	1.0
514	1	4	0,1,0,0	3,2,1,0	206	149	1	1.0
515	8	4	5,1,4,2	3,2,1,0	298	149	0.916184333957	1.0
517	11	97	2,5,15,13	15,41,58,59	201	149	0.163348238797	0.7453598850507954
519	2	0	130,7,2,0	1,0,0,0	173	149	1	1.0
521	21	27	19,5,5,6	11,6,4,12	176	149	0.548284932439	1.0
522	0	2	2,0,0,0	33,2,0,2	203	149	1	1.0
523	0	2	2,0,0,0	33,2,0,2	298	149	1	1.0
525	2	2	6,1,0,0	17,1,0,0	155	149	1	1.0
528	1081	0	1400,1095,512,321	0,1,2,0	215	149	1	1.0
529	11	1554	12,9,5,10	950,1052,1220,857	222	149	1	1.0
533	14	0	72,7,2,3	3,0,0,0	298	149	1	1.0
539	178	2	94,99,62,111	0,2,0,0	215	149	0.63525729958	1.0
542	15	0	1,16,6,4	3,0,2,0	229	149	0.0658131570279	0.417966017753497
546	574	12	249,319,330,250	1,6,8,0	292	149	0.122890817581	0.6275084238385129
550	16	0	135,36,4,5	2,0,0,0	189	149	1	1.0
556	4	2	108,3,0,4	2,0,0,0	298	149	1	1.0
559	0	2	7,0,0,0	105,3,0,4	230	149	1	1.0
568	1	21	0,0,0,0	27,3,0,2	283	149	1	1.0
569	4	0	8,15,6,7	0,0,0,1	298	149	1	1.0
572	350	41	62,83,116,93	3,16,18,10	155	149	0.850976967523	1.0
573	67	1722	22,34,53,20	612,798,863,690	162	149	0.672414862474	1.0
576	92	6	65,55,38,23	9,2,0,0	296	149	0.572941951027	1.0
578	42	0	35,11,14,14	1,0,0,0	260	149	1	1.0
579	45	0	39,15,16,19	1,0,0,0	298	149	1	1.0
580	48	0	39,15,16,17	1,0,0,0	298	149	1	1.0
583	34	0	26,1,13,3	0,0,0,2	298	149	1	1.0
584	34	1	15,19,13,12	0,4,0,0	226	149	0.342699248441	1.0
595	1	47	46,2,1,0	1009,209,28,25	250	149	0.224827986988	0.9133124850662998
596	15	0	562,78,2,2	7,2,0,0	298	149	0.356415743488	1.0
597	62	0	1526,285,29,27	7,2,0,0	215	149	1	1.0
598	3	662	5,3,0,0	1646,1212,457,428	202	149	1	1.0
603	0	57	6,0,0,0	530,71,19,30	298	149	1	1.0
605	0	57	6,0,0,0	530,71,19,30	298	149	1	1.0
611	3	0	7,3,2,0	4,0,0,0	298	149	1	1.0
643	0	2	8,2,0,0	1,0,0,0	298	149	1	1.0
644	1	228	3,1,1,1	122,169,189,188	153	149	1	1.0
648	2	76	2,0,0,0	100,59,31,28	208	149	0.52134822762	1.0
654	4	0	7,4,4,10	2,0,2,0	263	149	0.564900876338	1.0
656	0	56	1,0,0,0	106,76,43,57	185	149	1	1.0
664	2	0	21,13,0,0	1,0,2,0	211	149	1	1.0
665	43	167	25,7,24,25	47,41,40,53	165	149	0.0674360145776	0.42256979167123504
667	156	0	31,105,114,60	0,0,1,0	298	149	1	1.0
668	2	0	5,4,2,5	0,2,0,0	158	149	1	1.0
670	16	0	29,2,8,12	0,6,0,0	298	149	0.111087261869	0.601381138040334
671	16	10	28,1,10,12	11,13,7,8	298	149	0.411802947295	1.0
677	7	11	8,11,0,0	7,0,0,2	161	149	1	1.0
687	29	4	17,26,13,6	0,0,2,0	252	149	0.000914633474233	0.02336927509426393
688	2	29	3,0,5,0	11,26,13,6	298	149	0.745087781474	1.0
691	0	2	6,0,0,2	0,0,0,0	298	149	1	1.0
694	1	0	7,3,6,1	2,0,0,0	298	149	1	1.0
697	2	6	3,0,1,0	9,13,2,0	199	149	1	1.0
713	550	2	176,243,168,119	0,0,0,0	233	149	1	1.0
716	2	18	0,0,0,0	7,5,1,8	175	149	0.295794877748	1.0
717	45	2	166,3,2,1	7,0,0,0	298	149	0.469664622016	1.0
718	0	45	2,0,0,0	159,3,0,0	153	149	1	1.0
724	4	1	3,2,4,4	0,0,0,0	191	149	0.305257587602	1.0
735	7	151	9,1,0,1	98,46,40,40	298	149	0.751430294987	1.0
746	13	0	0,8,4,6	0,2,0,0	153	149	1	1.0
752	144	0	102,76,72,68	2,0,0,0	298	149	1	1.0
755	6	48	4,2,0,0	111,39,15,10	188	149	0.00838193276126	0.10920013335697608
756	24	2	6,12,0,17	0,1,0,0	176	149	1	1.0
757	62	0	34,34,27,20	3,0,0,4	176	149	0.106443872582	0.5899910869952605
758	0	6	1,0,0,0	66,22,2,2	188	149	1	1.0
768	7	12	119,2,3,2	13,2,2,2	298	149	0.00911228242457	0.1144371324310863
777	2	21	0,2,0,0	20,14,5,11	298	149	0.339432211099	1.0
779	5	19	4,0,0,2	10,18,12,12	169	149	0.0602179623899	0.3913465714290005
782	26	0	15,1,2,2	49,6,0,2	298	149	6.77950869554e-07	8.399609405876818e-05
783	91	2	96,74,39,53	0,2,0,0	284	149	0.57328896975	1.0
792	5	11	7,1,0,0	10,0,0,6	298	149	1	1.0
796	5	10	4,2,10,8	12,8,1,7	242	149	0.423388157949	1.0
805	181	42	83,39,49,81	11,0,0,10	158	149	0.000128442909002	0.00534475866115785
809	0	21	4,2,0,0	119,34,11,2	285	149	0.966563963161	1.0
810	1	3	0,3,0,0	0,0,0,0	181	149	1	1.0
811	3	3	7,7,4,2	0,0,0,0	233	149	6.69222625469e-05	0.0031623604742501217
812	3	1	7,4,4,2	0,0,0,0	201	149	0.377754057685	1.0
814	61	80	26,27,27,6	19,28,51,40	155	149	0.481468588101	1.0
820	0	1	3,0,0,0	35,4,0,2	276	149	1	1.0
823	23	0	14,5,5,0	1,0,0,0	173	149	1	1.0
824	162	17	123,85,118,106	11,0,7,4	298	149	0.0241544412529	0.22507468552090923
830	256	9	57,169,138,53	0,0,0,0	229	149	0.000564530922816	0.01589810315970715
835	36	0	95,28,3,9	2,0,0,0	298	149	1	1.0
837	3	54	6,0,4,2	22,23,27,29	187	149	0.41203921314	1.0
838	43	0	121,20,6,12	2,0,0,0	243	149	1	1.0
844	138	2	111,116,37,53	0,1,0,0	287	149	0.619103128378	1.0
845	0	4	20,0,0,0	5,2,0,0	298	149	1	1.0
849	46	3	10,23,15,14	0,0,2,5	229	149	0.668826994876	1.0
857	2	0	9,9,0,0	0,2,0,0	291	149	1	1.0
871	0	5	25,0,0,0	547,0,0,0	164	149	1	1.0
872	34	0	475,6,3,2	184,0,0,0	206	149	0.000564221322472	0.01589810315970715
873	2	5	0,0,0,0	15,0,0,2	158	149	1	1.0
875	0	3	5,0,0,2	18,13,4,3	168	149	0.0569842492253	0.37647413943160285
878	2	2	0,0,0,0	5,2,0,2	161	149	1	1.0
879	52	0	90,51,11,19	4,1,0,1	298	149	0.216522556291	0.8974527347342288
885	4	0	76,0,0,0	5,0,0,0	298	149	1	1.0
894	0	1	3,0,0,0	44,0,0,0	159	149	1	1.0
896	0	21	6,0,0,0	27,6,8,4	228	149	0.240135267587	0.9376710448635238
899	870	4	497,502,334,285	0,1,0,0	177	149	1	1.0
901	0	68	3,0,0,2	89,22,9,20	222	149	0.696928710436	1.0
909	4	0	12,2,5,0	12,0,0,0	173	149	1	1.0
910	23	5	17,2,4,1	10,2,6,6	181	149	0.00312921892524	0.05640343877670529
911	5	0	51,2,0,2	4,0,0,0	167	149	1	1.0
913	53	0	103,28,10,20	6,0,0,0	204	149	0.28578064715	1.0
918	12	0	8,7,1,4	0,0,0,1	298	149	1	1.0
931	0	7	9,1,0,0	42,19,13,17	167	149	0.0493642045605	0.3418442775345241
932	0	7	4,0,0,1	42,19,13,17	171	149	0.473755457127	1.0
938	8	0	20,0,0,0	1,0,0,0	180	149	1	1.0
940	0	7	3,0,0,0	30,4,0,2	298	149	1	1.0
941	96	13	57,55,30,35	6,2,1,2	276	149	0.0247823243937	0.22584694139957778
943	0	37	2,0,0,0	99,48,61,66	298	149	1	1.0
959	4	1	6,0,2,0	2,0,4,4	168	149	1	1.0
960	2	161	3,0,0,0	191,82,87,94	153	149	0.754423585363	1.0
962	18	82	13,5,12,17	19,36,55,29	298	149	0.233162738415	0.9246909170711523
968	3	23	6,2,0,1	59,28,30,15	275	149	0.370585534924	1.0
969	0	8	9,3,0,0	185,7,1,0	197	149	1	1.0
976	28	4	17,19,10,4	0,0,2,0	258	149	0.000942976819453	0.023596445557791893
979	67	2	141,22,17,51	0,0,0,0	298	149	0.501406791069	1.0
980	0	106	6,0,0,0	100,40,31,32	216	149	0.727109868437	1.0
986	0	7	14,0,0,0	124,6,6,5	175	149	0.0445553774865	0.32181448816674096
987	7	2	132,6,6,12	0,0,0,0	194	149	0.0441242735725	0.3203606112503385
998	24	50	50,35,30,24	34,17,13,15	180	149	1.13122074791e-05	0.0007167826011756999
1003	741	9	285,11,22,10	15,0,2,0	197	149	0.00785484874289	0.10630737036493845
1004	1	152	0,0,1,0	66,81,123,133	158	149	1	1.0
1027	1100	1	503,262,270,283	0,0,0,0	298	149	1	1.0
1029	8	7	10,10,1,1	90,28,6,2	298	149	0.00213095882732	0.04325969368350417
1032	2	109	0,1,3,0	96,179,158,133	175	149	0.565346873949	1.0
1033	0	1	5,2,0,0	0,0,0,0	298	149	1	1.0
1034	148	4	92,130,236,216	3,1,0,0	177	149	0.203359058249	0.8616490188422675
1050	0	49	5,3,1,3	43,16,26,22	162	149	0.00565735400265	0.08479947827628065
1051	2	2	0,1,0,3	23,2,0,0	166	149	1	1.0
1059	18	2	59,87,67,54	4,15,4,5	170	149	0.666438299762	1.0
1070	0	2	0,0,2,2	2,0,0,0	298	149	1	1.0
1071	4	12	0,0,0,0	0,3,0,2	298	149	1	1.0
1072	104	0	180,45,16,31	2,0,0,0	162	149	1	1.0
1076	0	5	1,0,0,0	37,2,0,0	265	149	1	1.0
1078	0	12	3,0,0,0	548,37,8,5	161	149	1	1.0
1079	2	0	0,0,0,0	4,0,0,0	151	149	1	1.0
1089	2	0	12,0,0,0	8,0,0,0	202	149	1	1.0
1093	0	2	52,0,1,0	8,0,0,0	224	149	1	1.0
1094	38	2	20,0,0,2	0,0,0,0	213	149	1	1.0
1095	0	45	3,0,0,0	27,30,20,46	153	149	1	1.0
1097	4	0	0,0,0,1	0,1,0,0	189	149	1	1.0
1105	111	0	99,51,58,103	2,0,0,0	259	149	1	1.0
1109	0	1	59,0,0,0	90,4,0,0	185	149	1	1.0
1111	2	88	3,0,1,2	69,44,36,30	298	149	1	1.0
1119	139	0	128,90,106,115	6,2,2,0	211	149	0.165761080222	0.750387147149052
1120	2	0	18,1,0,0	10,6,0,1	197	149	1	1.0
1121	0	19	2,0,0,0	27,4,2,10	182	149	1	1.0
1122	123	2	195,63,66,91	0,0,0,0	288	149	0.638322860936	1.0
1125	0	19	2,0,0,2	71,17,13,14	153	149	1	1.0
1128	0	1	2,0,0,0	39,2,0,0	192	149	1	1.0
1134	55	2	58,44,38,24	2,2,0,2	251	149	0.761600410748	1.0
1136	4	0	3,0,0,0	17,0,0,0	206	149	1	1.0
1138	0	2	0,1,0,0	3,2,0,1	215	149	1	1.0
1142	6	2	12,2,2,0	5,0,0,0	204	149	1	1.0
1143	20	2	33,4,3,5	5,0,0,0	181	149	0.849519189091	1.0
1144	129	3	129,34,8,10	22,1,0,2	298	149	0.0160019241042	0.1658489382992922
1148	2	6	0,0,0,0	4,0,0,0	298	149	1	1.0
1149	2	0	0,0,0,0	3,0,0,0	298	149	1	1.0
1150	6	0	4,0,0,0	3,0,0,0	172	149	1	1.0
1151	2	0	12,0,0,2	1,0,0,0	203	149	1	1.0
1171	308	3	417,188,114,122	7,2,6,0	182	149	0.368861336921	1.0
1180	0	184	0,1,0,0	98,65,71,70	153	149	1	1.0
1183	1	4	2,0,0,0	3,0,0,0	203	149	1	1.0
1188	0	2	1,0,0,0	13,2,0,0	252	149	1	1.0
1201	0	8	5,0,0,0	69,0,0,0	186	149	1	1.0
1206	83	8	57,40,39,16	22,1,0,2	297	149	0.821506709435	1.0
1210	17	24	9,6,1,7	12,4,7,2	298	149	0.795687178512	1.0
1211	0	2	3,0,0,0	100,2,2,2	283	149	1	1.0
1213	217	2	201,56,63,51	0,0,0,0	298	149	0.530824061169	1.0
1224	0	2	2,0,0,0	7,0,0,0	194	149	1	1.0
1225	2	0	8,1,2,0	8,0,0,0	298	149	1	1.0
1229	2	0	56,0,0,2	6,0,0,0	298	149	1	1.0
1237	0	2	5,0,0,0	0,0,0,0	298	149	1	1.0
1238	8	2	15,3,0,0	33,2,0,2	298	149	1	1.0
1244	4	10	2,0,2,7	14,21,0,0	156	149	0.528883221223	1.0
1246	3	34	0,0,0,0	15,7,17,7	154	149	0.0673514004725	0.42256979167123504
1247	7	39	4,3,0,0	2,5,2,8	166	149	0.812224936547	1.0
1248	6	3	0,2,0,0	2,0,0,1	166	149	1	1.0
1254	1	3	1,0,0,0	12,0,1,3	298	149	1	1.0
1258	55	0	30,27,19,51	2,0,0,2	154	149	0.774257115712	1.0
1260	56	0	75,54,48,29	0,2,0,0	173	149	1	1.0
1261	3	25	2,1,0,1	22,40,16,21	211	149	0.0437706631006	0.3194570909017613
1264	9	0	129,9,0,4	5,0,0,0	298	149	1	1.0
1265	1	3	43,5,0,1	24,6,2,0	155	149	0.290050698258	1.0
1266	0	2	3,1,0,0	8,0,0,0	153	149	1	1.0
1267	1	2	5,6,0,2	4,0,0,0	153	149	1	1.0
1271	199	6	327,113,135,93	4,0,0,6	263	149	0.11378195866	0.6049193999017981
1272	189	0	200,122,93,99	1,4,1,0	298	149	0.516377192488	1.0
1278	130	1	58,73,109,42	0,0,1,0	156	149	1	1.0
1279	16	322	3,11,11,9	92,120,99,71	215	149	0.120971949295	0.622081191984625
1280	549	2	325,215,236,154	2,4,1,4	261	149	0.529519537351	1.0
1282	7	38	3,5,4,8	10,32,25,14	270	149	0.662387331205	1.0
1283	4	0	3,1,2,1	0,1,2,0	153	149	1	1.0
1288	0	509	1,0,0,0	746,501,192,149	153	149	1	1.0
1289	0	930	0,1,0,0	772,532,386,290	156	149	1	1.0
1290	5	334	9,9,4,2	695,262,118,114	159	149	0.527187506073	1.0
1291	1	2	2,0,1,1	0,0,0,0	174	149	1	1.0
1294	1	0	13,0,0,2	0,2,0,0	278	149	1	1.0
1295	1	2	15,0,0,0	0,0,0,0	298	149	1	1.0
1296	0	2	4,2,0,0	0,0,0,0	242	149	1	1.0
1299	30	1	36,27,40,35	0,0,0,0	251	149	0.256803724743	0.9754343114216403
1300	0	49	6,4,2,1	18,34,41,24	153	149	0.0038516178952	0.0654775042184
1301	702	0	353,390,376,419	2,0,0,0	268	149	1	1.0
1304	373	5	143,151,193,120	1,12,12,6	270	149	0.00313577224189	0.05640343877670529
1305	2	2	0,0,1,0	3,3,0,0	298	149	1	1.0
1307	104	4	61,43,23,26	5,0,2,0	169	149	0.672042772992	1.0
1308	256	1	106,101,108,106	1,1,0,0	244	149	1	1.0
1311	14	730	12,5,9,10	334,346,400,241	298	149	0.463556246714	1.0
1312	7	730	5,5,5,5	334,346,400,241	158	149	0.682104450661	1.0
1313	17	134	21,12,20,16	108,73,90,54	244	149	0.0935113999356	0.5380072341623563
1315	21	1	11,10,14,2	0,0,0,0	189	149	0.2527406596	0.9665856775923181
1316	17	7	50,10,9,3	40,7,2,0	289	149	0.899517934985	1.0
1317	3	117	0,0,0,0	72,78,63,35	153	149	0.679767845374	1.0
1318	48	58	34,22,21,15	14,34,19,17	185	149	0.376411563559	1.0
1320	18	2	46,5,12,7	0,0,0,4	298	149	0.157136140701	0.7252784554807735
1322	27	49	4,7,11,8	49,27,48,17	179	149	0.00457196259639	0.07323748912827749
1325	124	0	154,1,9,0	2,0,0,0	223	149	1	1.0
1331	3	68	0,0,4,0	52,37,21,22	156	149	0.232344327108	0.9240741568860256
1340	0	29	4,0,0,0	20,18,9,6	212	149	0.811576370107	1.0
1341	0	2	3,0,2,0	14,0,0,5	288	149	1	1.0
1344	0	10	6,0,0,0	82,4,2,1	236	149	0.42527523129	1.0
1346	551	2	551,400,477,370	0,0,0,0	298	149	1	1.0
1356	13	87	36,5,16,7	136,34,43,43	170	149	0.156065883914	0.7227768843060333
1357	138	36	217,44,53,72	49,29,21,13	164	149	0.50422985991	1.0
1359	3	18	0,0,0,0	22,10,8,16	178	149	0.0252937655239	0.22670602576754617
1361	26	216	19,2,6,13	102,60,50,48	229	149	0.588032808793	1.0
1366	1	4	2,0,0,0	8,5,0,0	162	149	1	1.0
1367	85	0	73,46,43,43	0,0,0,2	298	149	1	1.0
1368	112	2	51,59,54,44	0,0,2,4	298	149	0.77890427291	1.0
1369	190	2	99,111,139,85	0,0,2,4	298	149	0.930281668253	1.0
1370	165	2	121,100,128,84	0,4,2,0	298	149	0.893940076954	1.0
1373	4	0	1,0,0,2	2,0,0,0	180	149	1	1.0
1374	0	9	0,0,1,0	5,3,1,4	166	149	1	1.0
1377	2	0	6,0,0,0	18,0,2,0	298	149	1	1.0
1385	87	48	65,31,30,23	40,26,23,17	298	149	0.274375695909	1.0
1386	9	3	8,6,9,11	9,19,2,6	197	149	0.14561970102	0.6928118198698976
1387	5	60	8,6,9,11	19,33,10,16	197	149	0.000542400158669	0.015589810746073938
1388	9	13	7,6,9,11	11,5,4,1	197	149	0.10399187663	0.5810207455800401
1389	27	7	12,13,19,11	1,6,6,7	154	149	0.654188864631	1.0
1390	7	0	5,2,5,14	0,4,4,0	237	149	0.00923400419525	0.1149303736444509
1394	13	0	0,2,11,13	0,5,0,6	218	149	1	1.0
1396	1	0	2,0,1,0	3,0,0,0	294	149	1	1.0
1406	6	0	15,4,8,2	0,0,1,0	161	149	1	1.0
1407	2	0	15,4,8,0	0,0,1,0	161	149	1	1.0
1414	79	1	111,128,77,79	0,1,2,0	153	149	0.841908646235	1.0
1425	1	83	0,2,11,0	41,33,50,70	153	149	0.0345572101567	0.2721624347934452
1429	6	0	4,4,3,0	2,0,0,0	153	149	1	1.0
1442	30	74	30,10,5,7	77,18,22,28	298	149	0.551059189888	1.0
1443	6	12	3,1,1,0	21,2,0,0	298	149	1	1.0
1444	223	68306	176,255,70,136	28707,74669,45629,41284	298	149	1	1.0
1445	2	0	0,5,0,0	3,2,0,0	167	149	1	1.0
1446	67	0	66,51,46,73	1,0,3,9	153	149	0.0240758611966	0.22507468552090923
1447	3	4	6,0,2,0	3,11,2,2	298	149	0.400432346573	1.0
1452	119	92	30,27,48,53	90,39,62,78	188	149	0.000402881761296	0.01291073966084193
1455	22	0	157,37,14,15	15,0,0,0	164	149	0.0341912821484	0.27004332756300053
1461	366	4	354,336,207,164	5,0,0,0	165	149	0.741246563978	1.0
1463	2	8	30,1,0,2	10,4,0,0	298	149	1	1.0
1467	5	98	7,0,3,4	60,42,22,37	185	149	0.492967012424	1.0
1469	0	13	1,1,0,0	76,12,4,2	175	149	1	1.0
1470	38	3	27,15,14,16	2,0,0,0	298	149	0.0124024138515	0.138311719271928
1474	713	1	137,210,131,150	0,0,0,0	158	149	1	1.0
1475	0	5	3,0,0,0	14,2,1,0	205	149	1	1.0
1477	933	1	418,157,212,209	0,0,0,0	188	149	1	1.0
1478	65	2	56,27,31,46	7,2,2,5	173	149	0.0710780792263	0.44036818862872085
1479	2	37	0,0,0,0	25,2,4,13	251	149	0.624862323406	1.0
1481	19	23	14,14,2,7	18,17,4,0	161	149	0.489393369197	1.0
1487	222	3	170,127,53,50	2,0,0,0	188	149	0.685183678384	1.0
1488	2	301	0,0,1,0	138,153,119,148	153	149	1	1.0
1490	1	40	6,0,2,2	41,47,30,32	164	149	0.227302914896	0.916908060368
1499	0	10	1,0,0,0	5,0,0,0	298	149	1	1.0
1500	0	10	1,0,0,0	5,0,0,0	280	149	1	1.0
1503	0	78	5,0,0,0	17,27,13,22	298	149	0.840056836034	1.0
1509	1	44	2,0,0,0	21,17,0,2	298	149	1	1.0
1511	1	44	2,0,0,0	21,17,0,2	298	149	1	1.0
1512	1	44	2,0,0,0	21,17,0,2	298	149	1	1.0
1513	2	42	0,0,0,0	5,13,7,5	298	149	0.535422865281	1.0
1514	0	42	0,0,2,0	5,13,7,5	262	149	1	1.0
1516	205	6	104,95,144,141	5,2,1,2	298	149	0.313396159175	1.0
1518	377	5	195,365,238,239	1,0,0,0	286	149	0.239052391237	0.9365929996565273
1520	245	1	93,47,54,78	2,1,4,0	298	149	0.218079615914	0.9020860076680001
1522	89	44	20,22,43,66	6,24,11,9	196	149	0.259492130196	0.9789770757597401
1523	66	3	19,23,34,67	0,9,0,15	196	149	0.081987955812	0.4894698518283854
1524	24	130	4,2,1,4	92,83,54,72	180	149	1.28047997949e-06	0.00013222141417844888
1525	1	261	1,2,0,0	171,176,81,57	298	149	1	1.0
1527	55	35	3,7,10,3	4,5,10,14	173	149	0.0450003184072	0.3233528034001897
1531	532	2	267,269,238,159	1,2,0,2	280	149	1	1.0
1532	6	60	1,3,4,0	29,46,13,30	189	149	0.212073400462	0.8858817097533054
1533	753	7	273,253,305,236	2,5,5,2	259	149	0.798967294833	1.0
1534	26	301	6,12,14,4	203,123,153,141	164	149	0.113910575663	0.6049193999017981
1537	119	22	61,29,28,17	19,16,8,17	298	149	0.00763632263848	0.10487717988217851
1539	1254	8	201,268,297,224	1,0,4,12	292	149	0.0738918237804	0.45078863172812955
1540	991	2	118,180,326,205	1,2,4,5	298	149	0.110716738037	0.601381138040334
1541	380	2	30,55,144,86	1,2,4,5	260	149	0.00987628237193	0.1204681285501151
1542	70	11	93,27,29,28	24,12,3,2	155	149	0.479662843393	1.0
1544	4	85	0,2,8,2	25,37,37,38	212	149	0.584234005409	1.0
1545	1	9	0,0,2,0	0,2,5,2	212	149	1	1.0
1546	46	348	12,10,23,10	157,207,385,278	298	149	9.39463646543e-05	0.004157499438987118
1547	185	2	130,128,64,56	2,0,0,0	298	149	0.637046898856	1.0
1548	413	0	185,183,206,198	2,0,0,0	298	149	1	1.0
1551	2	0	2,4,0,0	4,0,0,0	229	149	1	1.0
1552	2	0	2,4,0,0	4,0,0,0	218	149	1	1.0
1553	2	4	2,4,0,0	9,4,0,1	218	149	1	1.0
1560	1	0	43,6,2,0	16,4,0,0	208	149	1	1.0
1563	106	2	95,103,35,45	0,0,0,0	154	149	0.527376623925	1.0
1564	142	0	154,126,80,62	3,0,0,0	248	149	1	1.0
1565	19	338	5,9,4,0	297,307,107,139	223	149	0.00215677812841	0.04325969368350417
1566	96	2	30,21,31,23	0,0,0,0	203	149	0.584560291682	1.0
1567	2	19	2,0,0,0	38,13,0,2	153	149	1	1.0
1571	45	3	50,21,5,14	0,0,0,0	193	149	0.0640785912495	0.41163850784241013
1572	15	0	40,10,0,2	1,0,0,0	298	149	1	1.0
1574	22	5	54,8,0,2	11,2,0,0	172	149	1	1.0
1575	2	0	6,1,0,0	2,0,0,0	172	149	1	1.0
1582	4	17	10,6,0,1	7,1,5,0	298	149	0.199512625438	0.8492232056811359
1583	0	50	9,0,0,0	233,65,12,24	156	149	0.387829051469	1.0
1590	35	0	45,11,15,2	2,0,2,0	240	149	0.799789607533	1.0
1592	4	2	2,7,4,2	0,0,1,0	251	149	0.000277401627359	0.009667446713461151
1593	2	0	4,1,2,0	0,0,2,0	182	149	1	1.0
1595	151	552	163,153,60,54	760,495,212,208	188	149	0.752095651325	1.0
1600	0	486	5,0,0,0	100,25,20,6	174	149	0.507540242391	1.0
1601	0	323	1,0,0,0	76,20,13,7	219	149	1	1.0
1603	6	7	1,0,0,0	13,0,0,0	203	149	1	1.0
1604	6	7	1,0,0,0	13,0,0,0	193	149	1	1.0
1607	4	0	28,4,0,0	6,0,0,0	210	149	1	1.0
1608	4	0	55,12,0,0	6,0,0,0	215	149	1	1.0
1610	0	4	2,0,0,0	36,7,0,0	219	149	1	1.0
1613	1	33	0,0,0,0	14,24,4,7	161	149	0.343030653751	1.0
1631	0	8	0,0,0,2	94,39,7,8	256	149	1	1.0
1633	2	3	3,0,0,0	10,1,0,4	153	149	1	1.0
1634	17	274	2,1,1,3	14,34,14,21	298	149	0.628602110401	1.0
1638	131	4	19,22,11,7	1,3,0,0	298	149	0.243285321053	0.9459964785157098
1641	36	0	61,31,16,30	1,0,0,0	298	149	1	1.0
1642	19	16	4,6,13,21	35,30,25,27	259	149	0.00376165043042	0.0643403766871838
1644	3	139	1,1,1,4	147,133,85,77	165	149	0.786900434717	1.0
1645	260	6	237,197,104,115	0,0,2,0	188	149	0.0974851929243	0.5547386588321714
1646	17	252	25,4,10,2	174,167,160,72	219	149	0.919585076481	1.0
1653	48	0	47,5,0,2	13,5,0,0	182	149	1	1.0
1654	55	5640	50,6,2,3	2877,2995,1361,1410	182	149	0.860665512473	1.0
1655	578	16	502,345,342,277	7,3,16,4	254	149	0.280239527807	1.0
1656	340	2	407,213,209,232	3,0,0,7	175	149	1	1.0
1657	34	2	13,14,14,5	0,2,2,2	175	149	0.834416927264	1.0
1668	54	24	49,27,34,39	19,5,18,30	206	149	0.984499137982	1.0
1669	1	68	4,5,3,0	16,24,22,27	224	149	0.00958117787543	0.11819612352521612
1675	2	0	0,1,1,2	0,2,0,0	298	149	1	1.0
1678	2	197	3,4,0,0	239,212,92,91	251	149	1	1.0
1685	4	17	4,0,1,0	0,7,2,4	153	149	0.295871634654	1.0
1686	22	6	16,12,16,11	2,7,0,3	298	149	0.46948107673	1.0
1687	12	18	11,8,3,11	17,11,21,12	298	149	0.603729669921	1.0
1688	16	18	9,15,2,14	17,11,21,12	298	149	0.408085360974	1.0
1689	15	3	10,11,3,11	1,2,0,2	298	149	0.254726588129	0.971515359375721
1690	4	1	0,1,0,0	0,0,0,1	159	149	1	1.0
1691	1	5	0,0,0,1	2,4,6,2	159	149	0.259474632299	0.9789770757597401
1692	218	1	88,220,288,152	4,0,0,4	174	149	0.917783732638	1.0
1694	0	2	3,0,0,0	32,0,0,0	191	149	1	1.0
1695	3	0	5,0,0,0	0,3,0,0	172	149	1	1.0
1696	16	41	13,6,1,2	67,39,13,18	216	149	0.0120315517106	0.13580553104920162
1702	17	0	4,6,9,2	0,0,0,1	153	149	1	1.0
1704	223	2	194,138,235,117	1,2,0,0	298	149	0.61264161173	1.0
1712	1	11	9,1,0,0	38,0,2,4	298	149	0.353640219474	1.0
1714	16	2	14,16,2,3	0,0,0,0	203	149	0.130321152908	0.6488131684062571
1716	10	2	29,13,9,17	0,0,0,0	153	149	0.106175243525	0.5896744600551793
1717	0	669	1,0,0,0	79,129,105,134	166	149	1	1.0
1718	0	9	5,0,0,0	137,2,0,0	196	149	1	1.0
1723	0	13	3,0,0,1	21,9,4,3	165	149	1	1.0
1724	2	0	7,0,0,0	1,0,0,0	194	149	1	1.0
1726	330	0	95,114,195,150	0,0,2,0	298	149	1	1.0
1736	12	14	15,6,3,3	28,9,9,13	182	149	0.144616448395	0.6915791734567067
1745	111	852	30,26,26,22	153,138,100,109	298	149	0.018869201758	0.18788333750465716
1746	247	7	87,56,20,29	2,5,1,2	298	149	0.651494956788	1.0
1748	198	90	66,40,17,22	38,20,17,18	224	149	0.115167608046	0.6061202913011579
1749	7	90	2,0,1,4	38,20,17,18	153	149	0.334861647191	1.0
1756	16	222	9,1,3,20	197,129,63,58	298	149	0.859613873153	1.0
1757	13	3	19,6,2,10	4,0,0,0	298	149	0.02495536571	0.22589467402428573
1758	0	3	97,5,3,0	114,6,0,0	200	149	1	1.0
1759	13	1102	11,15,10,5	524,1071,604,457	163	149	0.492384678575	1.0
1760	31	1307	24,18,23,5	669,1217,1055,1002	188	149	0.231871644522	0.92351163561048
1764	3	0	0,0,0,0	1,0,0,2	162	149	1	1.0
1765	109	0	51,33,41,47	1,0,0,0	205	149	1	1.0
1766	8	78	3,1,4,10	23,26,40,42	194	149	0.830461159992	1.0
1767	4	97	3,0,0,0	43,27,31,26	154	149	0.0835196695969	0.4964879292881817
1773	51	108	128,83,7,14	382,67,18,13	298	149	0.335236588245	1.0
1777	0	2	7,0,0,4	0,0,0,0	298	149	1	1.0
1792	1	3	3,3,2,1	0,0,0,0	298	149	1.10208255e-06	0.00011817715959230769
1793	0	35	4,0,0,2	87,28,21,17	298	149	0.798721545636	1.0
1795	1	0	6,0,0,0	48,4,2,0	245	149	1	1.0
1797	2	0	27,4,0,0	4,0,0,0	153	149	1	1.0
1798	2	33	28,4,0,0	2485,122,4,5	153	149	0.429270191217	1.0
1809	2	0	0,0,0,2	1,0,0,0	153	149	1	1.0
1810	59	11	49,37,24,20	6,0,0,0	298	149	0.000501912507461	0.014729811271592294
1817	18	244	19,14,13,13	144,115,100,82	298	149	0.0532831509429	0.3561056407722249
1819	4	0	4,7,0,3	3,4,0,0	251	149	1	1.0
1820	8	2	4,7,0,5	1,0,0,0	285	149	1	1.0
1821	6	2	5,4,0,2	1,0,0,0	183	149	1	1.0
1837	30	0	27,10,4,3	0,2,0,0	172	149	1	1.0
1839	155	0	227,200,187,155	0,0,2,1	179	149	1	1.0
1840	3	0	0,0,0,0	0,1,1,0	157	149	1	1.0
1842	4869	16	2295,2427,2583,2076	15,6,6,2	257	149	1	1.0
1845	0	19	4,0,0,0	49,14,6,4	183	149	0.387708549143	1.0
1847	3	42	16,0,0,5	41,14,20,28	215	149	0.138423203096	0.67784725975486
1850	23	3	16,4,0,6	2,0,0,0	152	149	1	1.0
1851	30	82	7,10,0,1	73,28,18,14	192	149	0.00162924374487	0.03672599166455419
1852	5	2	0,10,3,8	0,0,0,0	234	149	1	1.0
1853	23	182	15,8,27,10	71,75,108,97	152	149	0.362785764443	1.0
1855	1	322	3,0,0,2	143,210,317,268	167	149	1	1.0
1861	24	0	50,9,1,2	1,0,0,0	167	149	1	1.0
1864	6	114	7,0,0,1	81,61,69,42	225	149	0.157102221917	0.7252784554807735
1865	84	59	33,25,16,19	28,36,21,33	155	149	0.0200576582378	0.1969040534048817
1867	100	2	28,55,17,10	0,0,0,0	244	149	0.660929522052	1.0
1868	54	0	53,15,10,42	0,0,0,2	181	149	1	1.0
1871	2	5	1,0,5,4	1,1,0,4	263	149	0.407511548171	1.0
1873	8	4	29,15,2,8	18,5,2,1	237	149	0.715378429015	1.0
1876	0	26	2,1,0,0	159,73,7,5	277	149	1	1.0
1895	2	6	1,0,0,0	13,2,2,0	256	149	1	1.0
1898	5	338	2,0,0,2	282,196,245,167	298	149	1	1.0
1901	0	2	2,0,0,0	0,0,0,0	159	149	1	1.0
1904	0	8	4,2,3,0	19,14,0,4	298	149	0.044417114798	0.3216491326151273
1907	2	6	0,0,0,0	8,9,0,0	154	149	1	1.0
1908	16	0	2,0,3,2	0,2,0,2	226	149	0.0643338478258	0.4116622754164137
1912	0	2	8,0,0,0	15,0,0,0	298	149	1	1.0
1918	12	104	6,11,5,8	49,45,81,75	167	149	0.979129611801	1.0
1921	1	11	0,2,6,2	2,16,5,9	194	149	0.235868414926	0.9314463750902096
1922	0	2	1,0,0,0	43,0,0,0	291	149	1	1.0
1923	1	154	3,0,5,0	36,59,47,47	193	149	0.390694759997	1.0
1924	172	3	41,61,64,80	0,1,0,3	178	149	0.690129375174	1.0
1925	2	45	0,0,1,4	6,9,0,13	163	149	0.541925502464	1.0
1930	113	0	49,53,64,78	0,0,0,2	298	149	1	1.0
1931	2	21	1,0,0,0	11,3,12,22	267	149	0.467711047452	1.0
1936	16	111	10,3,13,10	29,60,28,58	205	149	0.360185000784	1.0
1937	0	109	4,0,2,2	22,52,52,77	194	149	0.489201175001	1.0
1938	133	9	74,23,24,13	5,5,7,0	203	149	0.284410596435	1.0
1939	1	39	0,2,2,0	22,23,10,8	169	149	0.702372516444	1.0
1940	2	253	5,5,4,0	181,165,90,140	169	149	0.275082850678	1.0
1943	1	5	4,0,0,0	27,3,0,0	298	149	1	1.0
1944	933	0	232,292,212,102	2,2,0,0	158	149	1	1.0
1947	1	85	0,1,0,0	37,32,33,38	162	149	1	1.0
1948	2	4	7,3,2,0	0,0,2,0	216	149	1	1.0
1949	1445	147	1541,945,507,508	115,128,48,19	226	149	0.274833430168	1.0
1950	6895	10	2471,3521,4039,3186	8,1,0,7	203	149	1	1.0
1951	1911	10	689,858,865,706	8,1,0,7	298	149	0.91069920767	1.0
1952	11	4993	16,2,11,4	1792,2665,3183,2482	298	149	1	1.0
1954	20	0	4,3,5,14	0,2,0,0	298	149	1	1.0
1955	16	152	7,0,0,0	95,10,0,1	296	149	1	1.0
1956	7	6	2,0,0,6	2,11,0,1	173	149	1	1.0
1957	15	31	5,10,4,2	19,18,8,13	220	149	0.340238335515	1.0
1959	3	2	2,0,0,2	0,0,0,0	227	149	1	1.0
1962	125	30	99,33,34,33	15,7,11,4	176	149	0.330498014478	1.0
1966	8	24	2,0,2,1	22,10,9,17	275	149	0.00163343721894	0.03672599166455419
1967	7	0	2,0,2,1	2,1,2,0	275	149	0.000189247408697	0.007227695554071726
1969	451	88	185,151,373,256	24,47,59,89	161	149	0.509739249223	1.0
1973	39	0	27,33,46,87	0,0,1,2	245	149	1	1.0
1974	13	102	9,9,2,6	46,123,72,56	231	149	0.260813878506	0.9810931124237736
1977	48	0	43,30,30,18	0,1,0,0	298	149	1	1.0
1978	17	0	0,28,34,44	0,1,0,0	195	149	1	1.0
1981	7	47	5,4,8,8	33,6,72,45	158	149	0.860058633441	1.0
1983	69	4	46,46,50,67	1,0,0,0	249	149	0.0101518713239	0.12174047413161546
1984	2	39	1,0,0,0	17,23,20,21	153	149	0.479386715424	1.0
1985	258	0	85,126,132,100	6,0,0,0	298	149	0.941855307701	1.0
1986	258	1	85,126,132,101	6,3,1,0	298	149	0.0873296031475	0.5115019612925
1997	2	28	0,0,0,0	4,2,3,6	202	149	0.624370437227	1.0
1998	32	0	49,20,36,40	1,0,0,0	153	149	1	1.0
2000	0	61	10,0,0,0	236,57,14,13	283	149	0.657883684176	1.0
2004	54	4	26,10,30,46	6,4,7,11	164	149	0.0166157376734	0.17031131115235001
2005	11	18	14,6,4,4	56,34,15,9	156	149	0.0437632743629	0.3194570909017613
2006	3	0	4,0,0,0	6,0,0,0	298	149	1	1.0
2007	21	0	3,5,10,6	2,0,0,0	172	149	1	1.0
2012	2	2	21,8,3,0	1,0,0,0	181	149	1	1.0
2013	0	58	2,0,2,0	47,37,33,9	165	149	1	1.0
2014	1	15	0,0,0,0	25,9,5,11	154	149	0.245351219572	0.9475269868189931
2016	50	6	32,39,26,54	0,0,0,0	298	149	6.1284197711e-06	0.000430305553201396
2018	36	17	0,3,9,2	2,26,6,3	298	149	0.000335080697996	0.011255481759190939
2021	1	3	15,0,2,4	76,8,2,8	298	149	0.427199653402	1.0
2022	0	29	2,1,0,0	91,21,11,12	160	149	1	1.0
2024	0	6	6,0,1,0	27,2,0,1	161	149	0.296826152089	1.0
2025	0	6	7,0,0,0	28,8,0,1	161	149	1	1.0
2027	2	25	3,4,0,2	54,11,1,2	158	149	0.716030000939	1.0
2028	69	0	86,11,14,12	35,8,0,0	298	149	0.000193499558597	0.007290226613086973
2030	11	255	19,10,9,6	154,196,229,192	155	149	0.455240607437	1.0
2032	93	4	90,45,42,38	0,0,0,0	241	149	0.0284790238848	0.2420717030208
2033	0	2	1,0,0,0	5,2,0,2	160	149	1	1.0
2039	47	2	1,7,2,16	0,0,0,0	298	149	0.317006503124	1.0
2042	3	57	1,1,6,19	88,211,99,115	297	149	0.714299294897	1.0
2045	1134	2	1971,1243,655,767	0,0,0,0	151	149	1	1.0
2048	35	2	73,65,15,14	2,2,0,0	193	149	0.165650300438	0.750387147149052
2049	0	9	12,0,2,0	53,12,3,4	174	149	0.0264452625665	0.23267611104278105
2050	2	81	0,6,1,7	35,25,50,32	229	149	0.0517125176138	0.35164511977384005
2051	73	52	10,90,22,74	5,57,33,28	161	149	0.788502639571	1.0
2053	115	0	70,54,95,82	0,2,0,2	298	149	1	1.0
2057	12	1	54,12,23,8	4,2,2,0	236	149	0.448204156774	1.0
2060	18	4	2,2,10,3	0,0,0,0	231	149	9.05105288451e-05	0.004070054103550626
2069	20	0	5,6,6,9	0,0,0,6	179	149	0.170505376682	0.7642588266710868
2071	1	8	2,4,2,5	8,2,0,3	298	149	0.0195150694681	0.19225446528997456
2073	99	4	18,56,80,66	2,0,0,0	195	149	0.0599025215924	0.3902061453261944
2088	46	0	31,27,27,10	3,1,0,0	298	149	0.798585437043	1.0
2090	3	100	5,0,0,3	67,63,41,38	205	149	0.863316958973	1.0
2091	3	100	8,1,0,3	67,63,41,38	298	149	0.41472734098	1.0
2093	4	0	3,0,0,0	0,0,2,0	298	149	1	1.0
2094	11	15	5,13,13,12	0,5,7,4	182	149	0.00659799740796	0.09478843979277067
2095	3	11	5,0,0,0	0,0,0,0	242	149	1	1.0
2096	0	109	7,1,2,0	349,51,34,37	155	149	0.831902345453	1.0
2102	6	99	0,3,1,2	61,70,60,56	154	149	0.0280552219292	0.23922060546547402
2107	18	0	0,12,28,19	0,0,2,0	153	149	1	1.0
2110	188	277	186,126,143,165	309,297,383,426	275	149	0.00475216222414	0.07494605208428318
2111	166	2	119,68,121,147	0,1,0,0	275	149	0.595857991046	1.0
2112	21	27	18,7,20,16	10,15,17,10	197	149	0.331566045082	1.0
2115	12	1	8,3,12,19	1,2,1,0	188	149	0.314080194858	1.0
2116	41	3	43,45,43,60	0,0,1,1	298	149	0.014122814652	0.15144002788375385
2119	73	43	122,90,53,30	48,48,34,37	158	149	0.871219165911	1.0
2120	36	0	83,22,13,26	1,0,0,0	203	149	1	1.0
2121	157009	50	46528,349609,467787,255926	13,178,279,200	298	149	1	1.0
2122	0	1	3,0,0,0	0,0,0,0	205	149	1	1.0
2123	8	0	200,14,8,3	4,0,0,0	153	149	1	1.0
2127	49	0	33,91,45,57	1,0,0,0	187	149	1	1.0
2128	12	0	10,8,3,3	1,0,0,0	199	149	1	1.0
2129	2	39	0,0,0,0	23,83,42,54	161	149	0.714983423522	1.0
2133	7	0	4,4,0,0	0,0,2,0	282	149	1	1.0
2134	243	6	72,91,121,127	2,10,2,2	183	149	0.544057736273	1.0
2135	133	2	164,218,142,149	0,6,6,4	176	149	0.397869416839	1.0
2139	10	0	5,0,0,0	3,5,1,0	298	149	1	1.0
2140	9	24	11,4,0,0	66,12,4,8	274	149	0.0617119670186	0.3991948121760019
2141	104	0	57,52,69,65	1,0,1,0	179	149	1	1.0
2145	0	187	0,0,1,3	47,57,89,109	176	149	1	1.0
2153	3	35	0,0,0,0	9,11,7,2	261	149	0.207645150235	0.8758164581772768
2154	0	83	0,0,0,8	25,16,25,19	153	149	0.0516857298053	0.35164511977384005
2156	0	33	4,1,2,0	35,14,8,5	298	149	0.184792119848	0.8106984901667252
2160	18	5	6,0,6,12	0,4,1,2	224	149	0.691217385642	1.0
2162	53	0	1076,121,36,40	12,0,0,0	298	149	0.619861978488	1.0
2163	1	0	3,2,4,5	0,4,0,0	163	149	0.260974826115	0.9810931124237736
2164	0	4	2,8,0,0	1,0,0,0	169	149	1	1.0
2165	6	0	20,10,3,6	2,0,0,0	298	149	1	1.0
2168	0	20	6,0,0,0	32,8,5,0	159	149	1	1.0
2170	5	94	5,2,2,4	76,52,18,41	177	149	0.947701338026	1.0
2172	151	1	38,121,142,77	0,0,0,6	218	149	0.887242811031	1.0
2173	364	1	65,260,307,176	0,0,0,6	298	149	1	1.0
2174	337	30	42,209,269,148	8,20,47,10	252	149	0.24258323267	0.9445838724636313
2181	38	2515	67,44,22,40	4924,1687,1527,2670	166	149	0.728566190645	1.0
2182	1426	4	2217,1177,880,1241	7,4,1,1	298	149	1	1.0
2183	1022	22	2346,929,547,1019	29,23,12,24	158	149	0.613566923882	1.0
2184	1595	2	2944,1095,1030,1553	4,2,0,1	245	149	1	1.0
2185	1347	4	2715,982,867,1290	0,0,2,2	293	149	1	1.0
2186	5	4	125,7,0,5	0,0,2,2	197	149	0.0101473250946	0.12174047413161546
2188	1	2	0,3,3,2	0,2,0,0	298	149	1	1.0
2189	6	0	56,8,0,2	3,0,0,0	154	149	1	1.0
2190	0	2	1,0,0,0	16,2,0,0	165	149	1	1.0
2192	156	6	120,122,67,60	0,2,4,0	298	149	0.0298974740483	0.24961528055127338
2193	30	88	28,19,3,1	63,60,26,22	298	149	0.390623114767	1.0
2194	1	47	1,0,0,1	49,24,21,35	221	149	0.687087846342	1.0
2195	881	3	719,553,290,279	2,5,1,2	176	149	1	1.0
2196	25	144	14,12,11,4	100,92,96,62	207	149	0.131263266457	0.6523386575438789
2197	5	4	2,2,0,4	21,4,8,11	167	149	0.00615320510917	0.0902901886545577
2199	221	4	178,203,261,352	0,9,6,0	257	149	0.788401705885	1.0
2200	6	765	4,2,4,3	955,1013,327,421	153	149	1	1.0
2201	60	52	29,22,25,30	16,28,17,5	298	149	0.266237073743	0.9910132998604592
2202	822	52	984,1034,350,448	16,28,17,5	298	149	6.17368082068e-06	0.000430305553201396
2203	795	7	962,1024,333,433	7,5,1,4	298	149	0.383673486283	1.0
2204	82	7	23,39,23,17	7,5,1,4	298	149	0.25825426414	0.976951001929878
2206	3	59	1,2,0,2	77,103,17,6	298	149	0.593502168648	1.0
2207	0	3	1,2,0,1	8,1,0,0	298	149	1	1.0
2208	3	59	1,2,0,2	77,103,17,6	298	149	0.593502168648	1.0
2209	0	3	1,2,0,1	8,1,0,0	298	149	1	1.0
2210	59	3	77,103,17,6	8,1,0,0	153	149	0.631225367452	1.0
2211	46	2	30,16,4,12	2,0,0,0	261	149	0.123771356613	0.6296980697756277
2214	34	503	17,5,31,23	133,216,362,356	152	149	0.91294891491	1.0
2215	1	18	0,1,0,0	20,7,13,8	152	149	0.300710858041	1.0
2217	14	378	7,4,3,8	135,115,73,86	153	149	0.529519875279	1.0
2220	41	1	8,18,15,31	2,0,2,4	298	149	0.157386465411	0.7252784554807735
2221	19	32	2,14,2,5	2,30,25,20	164	149	0.0687096895398	0.42855171014980403
2222	176	147	804,102,29,52	95,113,39,45	298	149	0.419394237294	1.0
2223	1565	3	737,827,541,310	4,2,4,0	298	149	1	1.0
2224	0	6	4,0,0,0	25,0,0,0	158	149	1	1.0
2225	16	3	12,9,6,2	0,0,0,0	298	149	0.00230312508148	0.04521910371243831
2226	15	1	11,9,6,0	0,2,0,0	298	149	1	1.0
2227	43	11	22,23,18,7	9,8,0,0	298	149	0.34622123682	1.0
2229	6	31	0,1,5,2	16,14,40,26	159	149	0.0648490031537	0.41278315249432784
2230	6	0	20,21,0,4	0,1,0,0	187	149	1	1.0
2232	19	12	0,5,5,0	1,1,1,2	298	149	0.320099559497	1.0
2233	3741	0	1393,992,343,406	3,0,0,0	298	149	1	1.0
2238	5	2	0,1,2,0	3,5,2,8	220	149	2.61547944245e-05	0.00145839133711012
2239	8	781	5,0,0,0	163,335,294,220	230	149	1	1.0
2240	31	31	15,8,15,6	17,17,46,30	241	149	0.00812766820178	0.10790447117410781
2241	0	3	4,0,0,0	231,6,0,7	234	149	1	1.0
2245	131	1	242,83,35,72	3,0,2,7	221	149	0.115535721628	0.6061202913011579
2248	3	120	11,3,1,1	366,107,28,37	192	149	0.727521308283	1.0
2251	0	3	79,0,1,0	0,0,0,1	294	149	1	1.0
2252	0	3	78,0,0,0	0,0,0,1	298	149	1	1.0
2253	19	0	20,6,0,3	1,0,1,0	170	149	1	1.0
2257	2	50	6,0,2,0	27,20,16,4	298	149	0.38834482792	1.0
2258	2	50	6,0,2,0	27,20,16,4	298	149	0.38834482792	1.0
2263	2	0	0,0,0,0	3,0,0,0	155	149	1	1.0
2264	4	1	1,0,0,0	2,3,2,0	155	149	1	1.0
2265	14	37	10,12,9,6	34,17,18,28	196	149	0.968157951979	1.0
2273	188	1	126,144,177,208	2,1,0,2	214	149	1	1.0
2274	78	0	51,77,61,67	2,0,0,0	214	149	1	1.0
2275	190	0	125,104,256,276	4,1,0,0	298	149	1	1.0
2278	0	11	5,2,0,0	92,25,22,7	171	149	0.277916422196	1.0
2280	29	0	7,21,9,7	0,4,0,0	298	149	0.760229009897	1.0
2281	88	11	57,35,44,45	12,4,4,2	179	149	0.803832086101	1.0
2283	6	2	0,6,0,2	0,0,0,0	180	149	1	1.0
2284	27	2	12,29,13,20	2,0,0,0	233	149	0.139908220392	0.67837237991808
2286	144	27	42,41,38,65	0,10,7,26	298	149	0.824972578238	1.0
2288	467	0	280,1044,987,568	0,1,0,0	286	149	1	1.0
2292	1	0	0,0,0,0	3,8,0,1	298	149	1	1.0
2297	2	0	11,3,14,4	9,0,0,0	167	149	0.0456233847846	0.3255451111712348
2299	224	2	252,84,45,51	0,0,0,0	298	149	0.533807668863	1.0
2300	10	217	4,1,0,3	247,77,43,50	298	149	0.0669797212245	0.42256979167123504
2306	1	4	0,0,0,0	0,1,3,2	298	149	1	1.0
2307	10	26	5,4,5,9	7,19,4,8	236	149	0.384504125216	1.0
2308	13	0	5,2,4,5	0,3,0,0	236	149	0.363094736379	1.0
2310	253	1	286,510,435,292	0,1,0,0	298	149	1	1.0
2311	316	5	263,349,518,355	0,5,0,5	153	149	0.711997769178	1.0
2312	392	0	356,584,763,512	0,5,0,0	298	149	1	1.0
2316	0	16	11,0,0,0	24,4,0,2	298	149	1	1.0
2318	3	32	2,0,1,2	50,27,30,15	249	149	0.12544530354	0.6335896852708696
2334	6	4	9,0,2,0	6,2,0,0	197	149	1	1.0
2336	1	0	0,0,0,0	0,2,0,0	298	149	1	1.0
2338	0	27	38,0,1,2	139,48,27,6	210	149	0.00316559020917	0.05657477886644847
2339	11	1	4,11,10,23	0,2,1,0	203	149	0.352600883952	1.0
2342	3	2	0,0,2,0	0,0,0,0	298	149	1	1.0
2343	8	2	14,10,6,13	0,0,0,0	298	149	0.0157728791405	0.16408502628251492
2344	3	2	0,0,2,0	0,0,0,0	285	149	1	1.0
2345	8	2	14,10,6,13	0,0,0,0	298	149	0.0157728791405	0.16408502628251492
2346	8	3	17,10,6,13	0,0,2,0	189	149	0.000800597568665	0.021202627776371923
2347	4	0	0,0,0,0	1,0,0,0	238	149	1	1.0
2348	3	0	0,0,2,0	1,0,0,0	279	149	1	1.0
2349	8	0	14,10,6,13	1,0,0,0	298	149	1	1.0
2350	3	4	0,0,2,0	0,0,0,0	190	149	1	1.0
2351	8	4	17,10,6,13	0,0,0,0	230	149	1.48793534168e-05	0.0009018182027399652
2354	62	0	154,27,12,21	9,0,0,0	298	149	0.0324809786958	0.2602211741491104
2356	205	0	89,85,78,50	2,0,0,0	263	149	1	1.0
2359	21	8	7,12,0,2	5,3,0,0	298	149	1	1.0
2361	2	0	26,13,1,0	4,0,0,0	298	149	1	1.0
2366	10	0	69,42,11,19	3,0,0,0	197	149	1	1.0
2367	1	2	4,3,0,5	7,1,6,2	179	149	0.746251258453	1.0
2368	11	0	8,9,2,6	3,0,0,2	179	149	0.182791890308	0.8051290808221612
2370	2	0	5,1,0,2	13,2,0,0	185	149	1	1.0
2376	0	1	9,0,0,0	12,0,0,0	298	149	1	1.0
2378	2	4	5,2,0,0	10,0,0,0	298	149	1	1.0
2379	2	0	23,3,0,0	1,0,0,0	173	149	1	1.0
2381	4	16	8,8,2,3	33,21,9,21	165	149	0.851837193745	1.0
2382	0	236	20,3,0,0	343,279,21,33	227	149	0.0573411970477	0.3779367786500889
2383	22	5144	10,22,12,10	2150,3075,1472,1307	166	149	1	1.0
2384	0	11	0,0,0,1	16,8,2,4	170	149	1	1.0
2385	56	0	56,24,25,23	1,1,0,4	233	149	0.223460328354	0.9108295255130877
2386	6	96	6,2,0,1	46,32,32,35	298	149	0.555963926327	1.0
2387	5	129	0,0,0,1	37,53,74,61	156	149	0.0766659630696	0.4615223004668707
2388	4	7	0,0,0,0	5,0,0,2	278	149	1	1.0
2392	0	36	2,0,0,0	85,7,17,11	159	149	1	1.0
2395	0	5	15,2,0,0	20,4,0,0	232	149	1	1.0
2400	33	0	32,30,12,14	1,0,2,0	178	149	1	1.0
2403	6	2	45,3,0,2	18,0,0,0	298	149	1	1.0
2404	4	2	17,4,2,4	0,0,0,0	212	149	0.00762630520231	0.10487717988217851
2405	0	2	43,2,0,2	18,0,0,0	268	149	1	1.0
2406	7	0	10,1,0,0	2,0,0,0	197	149	1	1.0
2407	0	2	43,2,0,2	18,0,0,0	298	149	1	1.0
2408	5	0	13,0,0,0	2,0,0,0	275	149	1	1.0
2409	4	6	14,0,0,0	3,1,0,0	227	149	1	1.0
2410	8	6	14,2,2,2	3,1,0,0	269	149	0.00229590342901	0.04521910371243831
2411	4	0	3,2,2,2	1,0,0,0	191	149	1	1.0
2412	0	2	4,0,0,0	14,0,4,1	172	149	1	1.0
2414	112	0	29,37,38,60	0,0,1,0	229	149	1	1.0
2417	0	2	0,4,0,0	0,0,0,0	153	149	1	1.0
2426	24	0	90,3,3,5	2,0,0,0	185	149	1	1.0
2427	0	19	2,0,0,0	53,11,9,7	153	149	1	1.0
2428	0	67	0,1,0,0	31,18,25,17	155	149	1	1.0
2431	3	79	3,3,0,0	39,37,47,55	162	149	0.504104438677	1.0
2437	0	55	3,0,0,0	181,34,4,5	298	149	1	1.0
2439	0	14	1,0,0,0	157,8,4,8	155	149	1	1.0
2445	13	111	8,6,4,12	17,66,28,24	205	149	0.108424559362	0.5974044839507061
2446	8	4	4,2,4,14	0,2,0,0	205	149	0.000207336580758	0.007674354616925895
2448	462	2	171,249,400,316	1,2,0,0	291	149	1	1.0
2450	407	3	119,203,173,138	0,0,2,2	154	149	1	1.0
2451	541	22	169,235,228,200	5,3,6,5	204	149	0.0351246072909	0.27585184542825125
2452	137	22	50,32,57,64	5,3,6,5	199	149	0.0592522737828	0.388694916015168
2466	24	0	77,58,31,49	1,0,2,2	236	149	0.452584982654	1.0
2467	186	0	10,138,220,194	0,0,0,2	298	149	1	1.0
2468	861	5	1066,365,304,199	47,15,0,1	191	149	3.14214655381e-05	0.0016918631098328232
2471	439	11	120,83,162,108	0,1,2,2	287	149	0.00581343275345	0.08667299741507273
2474	3	49	0,0,0,0	9,9,4,5	164	149	0.158651730452	0.7299026806933597
2476	18	0	74,20,5,8	3,1,0,2	297	149	0.149371131107	0.6999104429013715
2487	124	0	47,59,119,77	0,0,0,2	298	149	1	1.0
2488	0	11	2,0,0,0	10,2,0,0	226	149	1	1.0
2495	88	2	158,118,138,81	0,0,0,0	181	149	0.572941935904	1.0
2496	12	4	15,3,0,6	9,7,4,2	250	149	0.0552557288182	0.3667927903455752
2497	26	5	28,13,18,15	11,3,2,0	153	149	0.780970379943	1.0
2499	3	3	15,8,5,2	13,9,14,10	250	149	0.740086656651	1.0
2500	97	22	70,86,112,68	23,5,16,13	153	149	0.322363962046	1.0
2501	10	7	6,2,0,0	23,3,0,0	161	149	1	1.0
2502	2	64	0,0,5,0	30,29,53,26	155	149	0.633203557325	1.0
2504	0	15	5,1,0,0	39,9,4,7	252	149	0.23923642421	0.9365929996565273
2507	8	94	1,0,3,3	48,53,53,88	266	149	0.00951397605191	0.117888734367667
2514	5	62	7,6,0,0	85,26,8,9	152	149	0.830568790489	1.0
2515	2	1	0,4,0,0	0,1,0,0	220	149	1	1.0
2516	10	155	0,3,3,3	30,60,63,31	155	149	0.227990220009	0.916908060368
2517	0	29	0,1,0,0	37,16,3,0	151	149	1	1.0
2518	5	164	0,0,1,0	69,75,69,59	200	149	0.328850527584	1.0
2520	1	0	4,0,0,0	2,0,0,0	158	149	1	1.0
2521	3	39	2,2,0,0	55,80,4,15	291	149	0.270146385721	0.9983129222133704
2523	0	6	1,0,0,0	207,23,2,8	298	149	1	1.0
2524	90	441	19,47,51,42	72,207,209,227	159	149	0.675113960199	1.0
2525	11	0	3,5,5,5	2,0,0,0	159	149	1	1.0
2527	0	4	0,2,0,0	4,0,2,12	298	149	0.593855205824	1.0
2528	10	9	11,1,0,0	2,7,2,7	298	149	0.027291599147	0.234842525993321
2530	608	1	46,217,194,197	0,0,0,0	298	149	1	1.0
2536	92	25	48,40,42,77	3,17,8,11	212	149	0.219260015984	0.9042853913659644
2538	324	22	167,259,226,141	5,12,8,0	225	149	0.00828011157001	0.10876252738911793
2539	450	8	326,266,241,289	4,2,3,0	298	149	0.0414745328365	0.31000267439185525
2540	30	122	2,2,7,5	26,33,39,23	298	149	0.0187108673607	0.1876471158332072
2541	2	2	17,0,0,0	6,0,0,0	158	149	1	1.0
2543	72	2	33,30,16,23	0,0,0,0	298	149	0.541924650805	1.0
2544	0	4	4,0,0,2	0,0,6,2	154	149	1	1.0
2545	27	92	4,12,2,4	54,47,48,20	215	149	0.00588524025142	0.0872768607497817
2546	2	8	4,1,2,2	0,0,0,0	180	149	1.05371267267e-12	1.46887546570198e-09
2547	16	4	0,5,4,0	2,7,4,5	215	149	0.000268487253557	0.009571253052601368
2551	61	79	35,31,33,41	37,76,95,65	167	149	0.145304091149	0.6928118198698976
2552	84	1	37,57,21,18	0,2,1,0	237	149	1	1.0
2554	2	90	7,0,0,0	223,86,32,25	298	149	1	1.0
2556	204	0	70,71,21,36	3,1,0,1	167	149	0.487127251257	1.0
2557	204	109	74,72,21,36	102,45,21,20	170	149	0.0483788568501	0.337637852526251
2558	0	109	7,2,0,1	102,45,21,20	152	149	0.0340711232396	0.27004332756300053
2559	2	113	0,2,2,1	15,54,30,38	153	149	0.641194289542	1.0
2561	5	9	9,4,0,0	40,16,4,5	298	149	0.113477975812	0.6049193999017981
2565	230	1	338,81,24,58	0,0,0,0	290	149	1	1.0
2570	0	41	1,2,0,0	72,56,45,35	165	149	1	1.0
2571	0	6	1,2,0,0	0,0,0,0	165	149	1	1.0
2572	2	165	2,7,14,9	58,97,170,131	272	149	0.00364046225919	0.06265190604087481
2573	14	0	38,0,0,2	1,0,0,0	191	149	1	1.0
2582	108	9	71,53,69,48	13,4,0,5	298	149	0.883960637017	1.0
2583	91	1	80,31,86,65	4,3,0,4	298	149	0.110829846348	0.601381138040334
2588	55	140	13,9,28,31	73,125,132,162	298	149	0.000102431652716	0.00446217887144075
2590	7	5073	32,9,0,0	4979,2555,760,1191	174	149	1	1.0
2591	13908	0	6212,5565,2659,2981	1,0,1,2	150	149	1	1.0
2592	1	2	5,0,0,2	6,0,0,2	291	149	1	1.0
2593	658	2	290,573,503,594	1,0,0,0	188	149	1	1.0
2594	663	0	304,589,507,599	2,0,2,0	211	149	1	1.0
2595	9	0	17,16,4,5	2,0,2,0	172	149	0.805890083272	1.0
2596	0	97	3,0,0,0	72,101,41,62	298	149	1	1.0
2598	5	23	4,6,2,1	15,4,0,2	152	149	0.0959321810925	0.5503269977075926
2600	91	2	2,14,5,10	0,0,0,0	197	149	0.593973776769	1.0
2601	52	5	12,19,11,11	0,3,5,9	211	149	0.114390290459	0.6052715329665806
2607	585	4	61,188,102,107	1,0,0,1	293	149	0.897963310301	1.0
2608	53	2	46,25,18,35	1,2,0,3	298	149	0.773302103452	1.0
2611	0	16	5,1,0,0	15,4,10,3	213	149	0.118604990656	0.6157741414318957
2614	1	103	7,3,0,0	243,63,52,42	157	149	0.473508879176	1.0
2617	7	0	13,4,4,6	0,2,0,1	186	149	1	1.0
2620	57	2	146,42,12,16	16,0,2,2	175	149	0.149304648169	0.6999104429013715
2625	46	1	3,20,13,14	0,0,2,0	203	149	0.351085158922	1.0
2630	568	1	344,310,295,327	3,0,3,2	298	149	1	1.0
2631	38	166	12,16,7,12	183,138,69,83	298	149	0.000970039403912	0.023723419807953124
2633	13	501	1,5,2,0	212,282,475,444	218	149	0.153814800853	0.7159193068082872
2638	19	524	7,2,7,15	139,212,191,184	168	149	0.882607029596	1.0
2639	221	5	219,103,115,142	0,0,1,0	298	149	0.0385071114434	0.2925281381585809
2640	0	2	2,0,0,0	0,0,0,0	173	149	1	1.0
2642	28	60	13,14,8,6	16,42,30,36	198	149	0.277304828065	1.0
2643	2	2	3,0,2,0	0,0,0,0	198	149	1	1.0
2647	266	8	56,119,108,51	3,0,0,1	248	149	1	1.0
2648	6	8	18,0,7,22	2,3,24,11	298	149	0.757956092898	1.0
2650	4	2	0,0,0,0	0,1,0,0	256	149	1	1.0
2656	6	0	6,4,13,2	0,0,3,4	183	149	0.0272631943315	0.234842525993321
2657	2	1	1,0,7,4	0,0,0,0	152	149	1	1.0
2658	10	13	1,2,3,2	7,5,0,0	161	149	0.395149324806	1.0
2659	6	42	9,18,0,0	7,8,3,6	298	149	0.0483485740407	0.337637852526251
2660	8	4	9,15,0,0	0,0,0,0	298	149	1	1.0
2662	224	1	75,53,65,54	0,0,2,0	298	149	1	1.0
2665	1	4	35,0,1,1	0,0,0,0	298	149	1	1.0
2667	70	2	69,35,18,14	6,8,4,1	154	149	0.0115967822705	0.13196664885777143
2669	0	2	0,0,2,0	5,0,6,1	298	149	1	1.0
2670	28832	2	25451,26789,7529,6806	2,0,0,0	298	149	1	1.0
2671	33572	3	31674,32238,9624,9876	0,2,0,0	158	149	1	1.0
2672	0	48	2,0,0,0	27,27,16,13	212	149	1	1.0
2674	4	198	1,3,1,0	44,109,82,122	159	149	0.602399303175	1.0
2679	11	111	8,3,12,11	36,97,76,79	158	149	0.714399582786	1.0
2680	3	65	6,1,6,2	65,45,35,33	154	149	0.38240699374	1.0
2682	41	18	82,27,17,18	11,12,6,5	251	149	0.142761062616	0.6838794545934844
2683	1	51	5,0,0,0	267,55,15,10	187	149	0.577505941663	1.0
2684	286	3	141,102,115,91	0,1,0,0	176	149	0.68856684965	1.0
2690	10	94	4,7,4,4	54,42,27,13	155	149	0.704150754593	1.0
2691	72	32	19,39,36,40	0,10,18,3	168	149	0.0176797134657	0.179240149608624
2692	141	0	126,48,66,37	2,0,0,0	298	149	1	1.0
2693	0	11	1,2,0,0	27,7,0,3	298	149	1	1.0
2697	18	0	64,6,4,2	2,0,0,0	260	149	1	1.0
2702	17	122	5,5,0,31	6,35,38,71	175	149	0.4197987102	1.0
2706	2	22	2,9,0,0	3,8,4,5	298	149	0.121179438947	0.622081191984625
2709	11	6	19,9,7,7	11,2,0,0	182	149	0.110921893786	0.601381138040334
2716	2	150	9,0,0,0	81,76,33,25	298	149	0.659101026184	1.0
2719	74	0	45,59,72,38	2,0,0,0	298	149	1	1.0
2720	36	0	21,34,25,23	0,0,1,0	298	149	1	1.0
2723	2	0	0,0,0,0	2,0,0,2	173	149	1	1.0
2727	40	0	208,45,7,12	2,0,0,0	182	149	1	1.0
2728	0	7	5,1,0,0	84,14,0,4	224	149	1	1.0
2732	1	90	6,1,2,0	307,82,25,19	198	149	0.731616177277	1.0
2733	90	2	317,85,25,19	0,0,0,0	298	149	0.747002176115	1.0
2734	2	138	7,0,0,0	370,142,49,62	185	149	0.811706830363	1.0
2735	34	0	39,13,5,2	3,0,0,0	164	149	1	1.0
2739	443	0	171,299,275,178	2,0,0,0	298	149	1	1.0
2740	0	29	3,0,0,0	23,21,29,15	250	149	1	1.0
2745	10	0	12,0,2,0	0,0,0,2	194	149	1	1.0
2754	48	2	92,91,73,60	2,1,2,2	298	149	0.527692664003	1.0
2755	45	0	72,90,63,48	4,0,0,0	298	149	1	1.0
2756	39	2	71,62,50,38	11,15,1,0	298	149	0.263152539942	0.9852689337906361
2757	18	0	52,48,19,16	4,0,0,0	298	149	0.799276486496	1.0
2758	12	2	51,20,6,6	11,15,1,0	298	149	0.479106439046	1.0
2759	3	2	26,3,1,0	11,15,1,0	203	149	1	1.0
2760	10	0	49,21,4,4	3,0,0,1	298	149	0.972732281516	1.0
2766	17	0	20,6,11,6	0,0,0,1	258	149	1	1.0
2769	89	0	57,42,32,22	3,0,0,0	158	149	1	1.0
2770	0	46	1,0,0,0	44,8,0,12	156	149	1	1.0
2771	160	4	182,201,64,68	1,0,0,0	298	149	0.0691607113886	0.4304019271236982
2772	45	70	30,15,14,15	58,30,25,47	161	149	0.193437736921	0.8309775200858984
2773	199	69	80,67,73,68	31,22,22,55	176	149	0.391053442578	1.0
2774	0	3	1,0,0,0	3,9,4,3	298	149	1	1.0
2775	6	0	23,2,0,4	1,0,0,0	176	149	1	1.0
2779	14	3	34,4,2,0	0,0,1,0	298	149	1	1.0
2783	206	2	245,132,132,82	0,0,0,0	298	149	0.528665594327	1.0
2784	2	4	4,0,0,0	6,1,2,0	298	149	1	1.0
2786	2	103	7,2,1,2	148,77,26,42	260	149	0.393207998082	1.0
2787	0	4	4,0,0,0	7,6,0,0	184	149	1	1.0
2790	9	103	5,7,6,9	38,115,70,75	164	149	0.929023362272	1.0
2791	0	187	0,1,0,0	55,164,102,158	161	149	1	1.0
2796	18	0	7,7,7,14	1,2,0,4	215	149	0.00776905261106	0.10617705235115332
2803	64	128	104,53,4,14	378,139,7,9	215	149	0.775703573699	1.0
2805	73	10	23,19,19,12	6,7,0,10	155	149	0.177026947772	0.788420336083604
2810	5	8	30,0,0,0	29,6,0,0	167	149	1	1.0
2815	12	0	9,2,0,0	3,0,0,0	152	149	1	1.0
2825	12	3	3,0,0,1	0,0,0,0	169	149	1	1.0
2826	2	85	5,3,2,0	61,98,60,67	298	149	0.815641062588	1.0
2828	0	1	0,0,1,0	0,0,0,0	153	149	1	1.0
2830	2	62	2,4,3,0	19,24,11,22	153	149	0.185785679915	0.8118659492210344
2833	7	315	12,3,1,0	229,115,101,81	269	149	0.766549996165	1.0
2835	4	254	4,2,7,2	115,49,97,76	153	149	0.09926253791	0.5590786983698586
2837	1	3	6,3,0,0	0,0,0,0	246	149	1	1.0
2838	11	3	9,6,4,4	0,0,0,0	294	149	0.000956383912493	0.023596445557791893
2842	140	0	801,435,164,177	0,0,1,2	298	149	1	1.0
2843	1003	3	3458,3248,2128,2191	16,13,12,15	298	149	1	1.0
2845	6	53	0,0,0,0	13,26,22,16	279	149	0.00637864777363	0.09262328121291896
2846	19	2	9,11,2,4	0,0,0,0	273	149	0.105710965373	0.5882678073052374
2849	0	96	0,1,0,0	121,89,34,37	185	149	1	1.0
2850	0	6	0,1,0,2	1,3,1,2	188	149	1	1.0
2851	60	0	103,37,19,22	2,0,0,0	298	149	1	1.0
2852	0	36	3,0,0,0	76,21,2,7	180	149	1	1.0
2853	0	36	5,0,0,0	76,21,2,7	191	149	0.478009240621	1.0
2855	214	0	93,161,108,147	0,0,1,0	298	149	1	1.0
2860	9	0	61,19,16,37	0,2,0,0	298	149	1	1.0
2861	9	0	61,19,16,37	0,1,0,0	298	149	1	1.0
2863	0	5	1,0,0,0	32,21,5,18	153	149	1	1.0
2868	55	18	40,28,15,12	11,10,1,2	152	149	0.333466692056	1.0
2869	27	19	5,1,1,5	6,12,4,5	298	149	0.00428492691125	0.0698618492898538
2877	0	36	2,2,0,0	139,21,15,20	231	149	1	1.0
2878	84	2	106,54,15,23	0,0,0,0	215	149	0.694774898144	1.0
2882	0	12	0,1,0,0	99,19,3,4	153	149	1	1.0
2884	2	12	2,2,3,0	10,10,5,18	164	149	0.66025815814	1.0
2885	7	2	19,11,2,3	2,3,7,2	176	149	0.542866810165	1.0
2889	0	1	10,2,0,0	3,3,6,2	191	149	0.0162519158142	0.16781607885181335
2892	18	5	4,8,3,3	19,5,2,1	298	149	0.013377261065	0.14511985933548638
2894	67	15	47,36,19,31	3,1,2,1	296	149	0.000176598662085	0.0068382926374025
2895	0	2	2,0,0,0	6,0,2,0	247	149	1	1.0
2902	1	76	0,0,0,0	23,1,13,10	156	149	1	1.0
2903	11	1127	2,1,0,0	137,203,170,91	153	149	1	1.0
2904	1347	7	125,208,203,90	0,0,15,2	298	149	0.00221785672332	0.044167032461544
2905	1253	0	148,177,191,104	0,0,0,1	298	149	1	1.0
2906	1185	2	132,161,171,84	0,0,0,0	151	149	1	1.0
2907	54	2	1,11,9,10	0,0,0,0	155	149	0.786770542721	1.0
2908	38	1169	1,10,6,10	132,160,168,84	153	149	0.325878136879	1.0
2909	9	1090	7,5,6,0	309,156,146,136	298	149	0.901333317049	1.0
2910	33	17	16,23,16,23	5,10,0,7	218	149	0.0933253249621	0.5380072341623563
2915	14	0	6,3,1,11	1,0,0,0	298	149	1	1.0
2916	14	0	6,3,1,11	1,0,0,0	298	149	1	1.0
2917	255	5	58,95,85,63	4,2,2,3	167	149	0.552584281207	1.0
2918	0	207	0,2,0,2	74,117,107,61	162	149	1	1.0
2919	31	10	2,3,9,0	0,2,4,12	202	149	0.136217641103	0.6711028957474567
2922	1	4	0,4,0,0	0,0,0,0	177	149	1	1.0
2924	0	10	0,2,0,0	6,2,0,0	164	149	1	1.0
2925	1	2	0,0,0,2	0,0,0,0	235	149	1	1.0
2930	7	31	3,3,4,0	8,23,18,27	298	149	0.163701537131	0.7457514469301111
2935	21	0	14,1,0,0	4,0,0,0	298	149	1	1.0
2938	5	2	2,0,0,0	0,0,0,0	298	149	1	1.0
2939	52	2	65,18,16,2	0,0,0,0	188	149	0.678382911089	1.0
2940	2	23	6,0,6,13	73,5,18,21	241	149	0.125852903723	0.6344062067385343
2943	5	134	5,0,0,0	128,43,49,68	232	149	0.274694710704	1.0
2944	2	4	1,24,0,9	0,0,0,0	227	149	1	1.0
2949	211	8	211,138,235,264	2,3,2,1	150	149	0.0101641989364	0.12174047413161546
2950	10	2	11,6,4,1	7,3,0,1	210	149	0.449602134962	1.0
2954	459	4	534,153,209,216	0,0,0,1	298	149	0.942447351431	1.0
2956	1	0	7,0,0,0	13,1,0,0	298	149	1	1.0
2957	0	6	1,0,0,0	21,3,2,4	290	149	1	1.0
2965	1	2	1,0,5,1	18,3,2,1	224	149	0.428130830727	1.0
2966	2	2	2,12,4,1	16,13,3,0	170	149	0.497342373299	1.0
2971	1	1	0,1,4,8	0,0,0,0	298	149	1	1.0
2972	5	0	95,0,1,2	1,0,0,0	230	149	1	1.0
2973	9	67	3,6,4,4	88,43,22,50	298	149	0.221860147934	0.9095875228991626
2974	107	0	107,42,44,83	0,0,0,1	298	149	1	1.0
2975	117	10	36,110,113,105	4,6,10,5	195	149	0.524838395646	1.0
2976	15	129	2,7,9,11	18,67,72,83	298	149	1	1.0
2980	2	0	0,1,0,0	0,4,0,0	298	149	1	1.0
2982	0	4	2,0,0,0	0,0,0,0	238	149	1	1.0
2983	3	296	3,0,0,0	79,130,132,99	169	149	1	1.0
2984	98	84	47,39,16,16	25,48,16,24	152	149	0.632781633898	1.0
2985	5	0	0,2,2,2	0,1,0,0	153	149	1	1.0
2990	176	41	34,49,87,80	14,4,14,14	298	149	0.402849079204	1.0
2992	0	292	5,0,0,0	248,151,35,54	167	149	1	1.0
2994	15	88	9,5,0,1	49,53,29,31	298	149	0.0504232925475	0.34540574845805894
2999	55	14	39,5,15,22	10,4,0,4	197	149	0.533574191263	1.0
3000	1089	0	861,689,404,419	1,2,0,0	298	149	1	1.0
3001	340	0	154,145,190,225	0,0,2,2	219	149	1	1.0
3002	512	4	206,246,279,263	2,1,0,0	298	149	0.862994736706	1.0
3003	11	2	14,18,8,24	0,0,0,0	153	149	0.12050473863	0.6210114811468392
3004	368	2	244,279,283,226	0,0,0,10	153	149	0.91028604654	1.0
3006	196	1	73,104,90,95	0,0,0,1	179	149	1	1.0
3007	9	6	18,7,8,1	12,2,0,0	298	149	0.110290470487	0.601381138040334
3017	11	0	144,13,0,3	10,2,0,0	288	149	1	1.0
3018	0	2	2,0,0,0	4,0,0,0	189	149	1	1.0
3019	2	11	1,5,0,5	0,6,4,0	298	149	0.212255732466	0.8858817097533054
3020	1	0	1,0,0,0	1,0,0,0	203	149	1	1.0
3021	38	0	24,9,0,3	0,1,0,0	298	149	1	1.0
3023	0	16	5,0,0,0	20,12,1,4	201	149	0.547018870015	1.0
3028	51	10	157,18,17,46	25,1,0,2	164	149	0.145433173631	0.6928118198698976
3029	39	45	30,23,13,20	97,22,25,19	164	149	0.291835962962	1.0
3030	17	549	11,15,0,0	486,935,478,298	212	149	0.0238632734474	0.22400944906178857
3036	342	18	165,463,319,264	4,15,2,6	298	149	0.00632028256748	0.09225627119442009
3041	0	2	3,1,0,0	26,3,2,0	223	149	1	1.0
3049	12	9	11,5,5,4	0,0,1,2	264	149	4.12785115921e-05	0.0020924452785231785
3051	0	61	0,0,0,2	43,15,15,27	298	149	1	1.0
3058	4	84	3,2,0,0	37,34,35,41	188	149	0.182800110531	0.8051290808221612
3059	1	48	4,0,2,2	34,8,15,5	183	149	0.0986029767824	0.5564880552010752
3063	55	1	41,85,105,128	4,4,11,4	298	149	0.0575459723764	0.3783919127014227
3070	2	17	0,1,1,8	4,1,3,8	203	149	0.209219133647	0.8772779096493052
3071	14	6	17,1,2,3	6,2,1,0	227	149	0.664402365208	1.0
3073	0	10	2,0,1,0	241,18,0,7	208	149	1	1.0
3076	68	12	6,34,13,40	0,2,4,15	204	149	0.94981970353	1.0
3082	0	9	5,0,0,0	119,18,0,0	280	149	1	1.0
3085	203	2	37,104,134,103	0,0,0,0	298	149	0.528376211073	1.0
3087	155	1	46,56,48,59	0,0,0,0	163	149	1	1.0
3088	138	11	6,2,16,31	2,0,0,0	205	149	0.000833439771979	0.0217161690119388
3089	0	11	0,0,1,0	3,3,7,3	160	149	1	1.0
3092	192	2	12,56,29,14	0,0,0,0	298	149	0.530045565634	1.0
3093	47	3	190,41,27,14	2,0,0,6	298	149	0.415667862183	1.0
3095	0	13	0,0,2,0	15,5,4,0	196	149	1	1.0
3102	130	2	35,66,96,75	1,0,0,0	298	149	0.946449650358	1.0
3103	12	83	11,13,21,8	29,58,50,37	182	149	0.0381830370407	0.2922769213929008
3104	840	5	966,631,354,334	0,0,0,2	298	149	0.748303349953	1.0
3105	47	300	82,12,31,15	213,317,203,213	298	149	0.549949967892	1.0
3106	56	21	76,54,35,16	15,6,8,4	171	149	0.0259012468069	0.22968807485931303
3109	1	46	0,0,1,0	35,12,13,24	160	149	0.571471657823	1.0
3110	31	20	32,12,11,30	5,2,2,0	153	149	5.64235569178e-06	0.00041397072812322734
3112	30	0	18,41,19,26	0,1,0,0	298	149	1	1.0
3113	5	0	3,0,0,2	0,0,0,1	298	149	1	1.0
3115	0	14	0,2,4,0	3,4,6,2	298	149	0.0730066682805	0.4473463542110637
3117	20	4	52,26,1,17	8,0,0,0	260	149	0.115274880266	0.6061202913011579
3118	7	274	3,2,4,3	94,78,119,80	153	149	0.802739684888	1.0
3119	22	274	3,5,12,11	94,78,119,80	298	149	0.891290330759	1.0
3123	29	1	76,31,7,10	1,1,0,6	298	149	0.818723823571	1.0
3125	31	2	23,6,0,8	0,0,0,0	235	149	1	1.0
3127	2	0	17,0,0,0	16,0,0,0	176	149	1	1.0
3132	2	3	0,0,0,0	2,6,0,2	176	149	1	1.0
3134	15	0	48,11,3,5	2,0,0,0	298	149	1	1.0
3136	8	1	11,4,9,2	6,1,0,0	298	149	0.623748109423	1.0
3141	0	21	2,0,0,0	140,12,3,4	262	149	1	1.0
3147	169	4	63,136,82,150	0,0,0,0	268	149	0.107681724763	0.5956679536492937
3149	23	0	5,15,25,21	0,0,0,2	298	149	1	1.0
3150	36	23	8,23,39,27	2,19,11,11	298	149	0.300384986696	1.0
3151	15	56	4,0,4,4	3,16,34,8	186	149	0.43769051209	1.0
3152	3	0	21,0,0,0	1,0,0,0	154	149	1	1.0
3155	2	0	0,0,0,0	0,0,0,2	287	149	1	1.0
3159	3	329	13,3,0,3	154,104,25,68	298	149	0.0248988688615	0.22589467402428573
3160	23	120	18,3,1,2	100,53,38,38	298	149	0.0305315743807	0.24962471957006332
3161	0	128	1,0,0,0	682,358,61,68	153	149	1	1.0
3163	116	4	87,94,80,113	2,2,10,0	253	149	0.690169636005	1.0
3165	105	51	233,86,67,70	34,30,37,46	254	149	0.336508873905	1.0
3175	4	3	8,0,0,2	2,0,0,2	249	149	1	1.0
3179	192	93	231,325,117,65	75,70,22,1	298	149	0.000444891537281	0.013936602313926159
3181	22	264	24,11,4,6	864,252,79,102	298	149	0.0041520494288	0.06837107840291999
3182	0	38	40,2,0,0	733,36,18,9	298	149	0.0726924745678	0.4464022447027013
3183	87	2	66,21,5,3	1,0,0,0	194	149	0.706687893914	1.0
3185	1	53	0,0,0,0	12,21,10,5	226	149	1	1.0
3188	13	4	0,3,6,2	0,0,0,0	298	149	1	1.0
3192	96	2	153,38,21,8	0,0,0,0	241	149	0.682142702323	1.0
3194	411	2	164,184,297,219	0,0,0,0	282	149	1	1.0
3195	22	111	0,8,3,7	84,77,50,75	254	149	0.000318183347571	0.010951792259604297
3196	3	22	11,0,2,0	9,17,7,12	185	149	0.819912344751	1.0
3198	11	5	3,4,0,2	0,0,0,0	252	149	1	1.0
3199	1	0	0,0,0,0	14,4,1,0	153	149	1	1.0
3200	58	52	21,16,17,7	5,4,3,8	161	149	0.00915962381428	0.11451583495162618
3202	10	24	3,2,0,2	6,6,16,5	273	149	0.0472866946816	0.3329174362936889
3205	53	7	248,56,11,9	14,1,2,0	194	149	0.0563793375677	0.373362454011277
3206	37	114	194,33,1,6	100,78,36,33	298	149	0.740697579054	1.0
3207	1	0	27,4,0,2	5,2,0,0	194	149	1	1.0
3208	15	0	47,33,22,9	0,0,0,2	298	149	1	1.0
3212	390	0	258,165,101,126	2,0,0,0	254	149	1	1.0
3213	10	12	2,8,14,6	2,10,7,5	298	149	0.486591353507	1.0
3214	22	0	9,1,2,5	0,1,0,0	298	149	1	1.0
3215	12	0	3,1,1,1	0,1,0,0	298	149	1	1.0
3216	2	10	4,2,0,4	6,0,1,4	298	149	0.364214756131	1.0
3217	3	11	2,5,0,0	0,0,0,0	164	149	1	1.0
3221	2	54	0,0,0,0	44,25,2,3	165	149	0.665613945089	1.0
3222	3	206	7,0,0,1	77,101,66,49	211	149	0.613211469974	1.0
3224	7	20	30,7,3,6	88,25,7,8	298	149	0.885441346232	1.0
3225	0	20	3,0,0,0	88,25,7,8	298	149	1	1.0
3226	0	20	2,0,0,0	88,25,7,8	298	149	1	1.0
3228	7	0	30,7,3,6	1,0,0,0	247	149	1	1.0
3230	6	264	3,1,4,16	207,186,120,82	228	149	0.244735629272	0.9475269868189931
3231	31	1019	18,5,14,8	408,534,699,509	194	149	0.117700570686	0.6122186400607612
3232	1	12	0,3,0,4	0,0,0,7	152	149	1	1.0
3233	17	4	3,1,6,11	2,6,2,12	298	149	0.0149736031229	0.15813032388880757
3234	5	87	4,2,5,1	13,25,13,17	298	149	0.134204599337	0.6634085513325461
3237	4	0	197,6,2,2	45,2,0,0	155	149	0.0134591087752	0.14544184211340155
3238	0	8	0,0,0,4	0,2,4,2	150	149	1	1.0
3239	18	4	1,1,11,7	0,0,0,0	150	149	0.000988739789125	0.023970491583308693
3240	6	0	2,0,0,0	2,0,4,0	180	149	1	1.0
3241	13	0	9,6,2,6	2,0,4,0	260	149	0.0311151362052	0.25217732482586513
3248	0	1	2,0,0,0	14,4,0,2	165	149	1	1.0
3251	6	118	2,1,2,1	74,83,130,115	156	149	0.0149460556527	0.15813032388880757
3253	4	694	13,1,0,1	492,150,158,140	156	149	0.804944304929	1.0
3269	1	0	10,0,0,0	3,0,0,0	208	149	1	1.0
3275	18	129	3,5,2,5	23,33,48,32	259	149	0.26531984353	0.9889194167936364
3276	2	8	0,3,0,0	7,2,0,0	298	149	1	1.0
3297	4	12	6,2,2,3	14,13,3,11	152	149	0.903092057769	1.0
3305	0	2	2,0,0,0	37,0,0,0	254	149	1	1.0
3309	18	8	9,7,9,19	1,0,0,4	298	149	0.00214129716603	0.04325969368350417
3310	20	2	17,9,6,9	2,0,0,0	298	149	0.0228506873819	0.21706960180179183
3311	26	0	15,7,4,8	0,0,2,0	298	149	1	1.0
3312	26	4	13,7,4,8	3,0,0,2	298	149	0.303630956405	1.0
3313	16	2	11,4,3,4	2,0,0,0	194	149	0.0341772054009	0.27004332756300053
3314	24	0	11,4,3,4	0,0,2,0	205	149	1	1.0
3315	24	4	11,4,3,4	3,0,0,2	212	149	0.408203490754	1.0
3316	10	0	2,0,0,0	0,0,2,0	160	149	1	1.0
3317	10	4	2,0,0,0	3,0,0,2	167	149	1	1.0
3318	0	4	0,0,2,0	3,0,0,2	156	149	1	1.0
3319	0	5	0,1,0,8	0,2,3,0	227	149	1	1.0
3320	2	4	0,0,0,0	0,0,2,0	242	149	1	1.0
3321	192	9040	238,115,45,49	6455,6036,2602,2413	265	149	0.438989387941	1.0
3322	9040	6	6466,6036,2602,2413	13,4,0,0	298	149	1	1.0
3325	1	3	4,0,2,2	0,4,3,4	169	149	0.638019966574	1.0
3326	1	0	2,0,2,2	4,2,4,4	298	149	0.00150074569903	0.03429572958111181
3327	3	0	0,4,3,4	4,2,4,4	289	149	0.000535731074108	0.015558523277219835
3329	1	4	27,8,0,0	0,0,0,0	154	149	1	1.0
3339	0	6	4,3,5,0	4,6,0,4	270	149	0.00356936933791	0.06219626071308175
3340	0	2	1,0,0,0	1,0,0,4	153	149	1	1.0
3346	145	5	48,94,217,102	2,9,5,10	256	149	0.297923044537	1.0
3347	1	55	4,4,7,10	32,42,131,84	298	149	0.0290653396655	0.24555808178004246
3348	0	8	2,0,0,0	1,5,0,0	164	149	1	1.0
3354	0	4	2,0,0,0	32,0,0,0	236	149	1	1.0
3355	88	3	45,37,47,36	4,2,1,0	298	149	0.909174934592	1.0
3358	400	1	310,120,89,81	4,0,0,0	220	149	1	1.0
3360	27	3	2,10,12,9	3,0,2,2	194	149	0.870450372165	1.0
3361	107	0	67,62,49,13	0,0,3,1	196	149	1	1.0
3364	0	1	2,0,0,0	8,1,2,5	161	149	1	1.0
3368	0	1	1,0,0,0	0,0,0,0	154	149	1	1.0
3369	1489	4	486,566,585,497	6,10,1,2	203	149	0.85302983455	1.0
3370	77	2	49,23,33,33	6,4,2,0	197	149	0.125132565661	0.6331571561939529
3372	6	11	10,5,3,2	9,6,15,10	298	149	0.878809945454	1.0
3374	29	0	22,17,9,8	0,1,0,0	160	149	1	1.0
3376	35	3	19,17,7,11	0,9,12,5	298	149	0.029948589939	0.24961528055127338
3377	45	14	104,62,110,82	6,3,8,5	298	149	5.12343698863e-05	0.002534043984425902
3380	41	2	54,13,2,30	2,0,0,0	197	149	0.345690135226	1.0
3381	0	20	2,0,0,0	53,2,2,1	236	149	1	1.0
3382	0	20	2,0,0,0	53,2,2,1	298	149	1	1.0
3385	6	0	17,2,0,2	5,0,0,0	173	149	1	1.0
3386	16	9	3,0,0,0	10,0,0,0	170	149	1	1.0
3393	1	1	6,2,0,0	0,0,0,0	153	149	1	1.0
3397	1	674	9,0,0,0	325,508,69,102	279	149	1	1.0
3400	45	0	71,22,27,9	0,2,0,0	298	149	1	1.0
3401	9	0	26,12,16,18	2,0,0,0	158	149	1	1.0
3403	0	3	2,0,0,0	8,6,0,0	200	149	1	1.0
3407	8	0	16,0,1,0	4,0,0,0	176	149	1	1.0
3409	62	0	34,64,19,33	1,7,2,2	223	149	0.00538559431174	0.081162361843952
3413	10	25	5,4,0,0	7,13,3,4	286	149	0.31151223415	1.0
3419	2	2	0,0,0,0	0,0,0,4	153	149	1	1.0
3421	5	7	17,0,0,0	4,1,0,0	206	149	1	1.0
3423	0	21	1,2,1,0	2,3,14,19	161	149	1	1.0
3427	14	4	17,4,0,0	0,0,0,0	152	149	1	1.0
3428	0	4	7,2,0,0	1,0,0,0	252	149	1	1.0
3434	44	317	11,22,26,31	121,135,71,84	254	149	0.0620046956088	0.3992357768067769
3436	2	6	4,1,0,5	28,15,16,8	159	149	0.727785396087	1.0
3437	51	5	44,48,41,57	13,18,7,8	298	149	0.0532461411371	0.3561056407722249
3438	2	0	37,4,3,2	1,0,0,0	298	149	1	1.0
3439	51	5	44,48,41,57	13,18,7,8	298	149	0.0532461411371	0.3561056407722249
3440	8	0	112,16,54,34	4,0,2,2	173	149	0.232784562322	0.9245062104754075
3441	3	2	2,4,13,4	92,28,50,50	197	149	0.0180559638261	0.182357991057561
3445	0	3	3,0,0,2	0,0,0,0	265	149	1	1.0
3448	5	5	4,10,2,2	6,7,4,12	263	149	0.444773385026	1.0
3449	1	4	2,7,2,0	8,2,2,4	177	149	0.498341015205	1.0
3451	0	11	5,3,0,0	24,6,0,0	298	149	1	1.0
3452	4	32	0,6,0,4	52,35,27,26	164	149	0.350473550283	1.0
3453	1	16	0,0,2,0	11,11,7,7	199	149	0.294713914101	1.0
3457	187	20	107,54,61,89	5,0,1,2	251	149	3.15555529811e-05	0.0016918631098328232
3459	21	29	3,8,0,23	16,14,11,16	176	149	0.189438578493	0.8219949538733811
3462	78	5	46,26,18,36	0,0,2,0	188	149	0.00490271943787	0.07593767662656421
3463	57	0	86,33,17,18	4,3,0,0	298	149	0.0852550312247	0.5022395961518421
3468	0	4	4,0,0,0	34,0,0,0	283	149	1	1.0
3470	7	16	1,5,1,1	7,3,0,4	298	149	0.567804711845	1.0
3473	0	3	0,0,2,0	8,0,0,0	215	149	1	1.0
3474	0	55	3,0,2,0	233,43,23,42	224	149	1	1.0
3475	3	55	11,0,0,0	233,43,23,42	158	149	0.721043236258	1.0
3479	16	0	35,13,14,16	1,0,0,0	182	149	1	1.0
3480	2	0	31,0,0,0	2,0,0,0	213	149	1	1.0
3481	14	0	64,2,4,4	4,0,0,0	298	149	0.492469472404	1.0
3482	2	0	7,0,0,0	3,0,0,0	298	149	1	1.0
3483	4	0	51,1,1,0	6,2,0,0	208	149	1	1.0
3485	2	15	4,4,2,0	11,11,15,6	210	149	0.949600298838	1.0
3488	8	350	8,2,5,7	74,194,236,172	245	149	0.529017642062	1.0
3500	1	26	1,0,2,0	6,8,19,16	298	149	1	1.0
3501	2	6	2,2,0,0	20,2,0,0	269	149	1	1.0
3504	13	35	6,2,2,3	5,14,3,8	269	149	0.866356598788	1.0
3505	8	2	3,0,0,0	0,0,0,0	298	149	1	1.0
3508	4	20	2,0,0,0	22,8,4,2	298	149	0.00662975098981	0.09478843979277067
3513	11	65	12,9,2,2	89,41,10,43	253	149	0.49829972903	1.0
3534	4	117	8,0,4,7	73,61,57,59	298	149	0.165452104442	0.750387147149052
3535	5	15	8,3,3,2	54,26,1,11	176	149	0.543302832023	1.0
3537	2	0	48,0,0,2	4,0,0,0	293	149	1	1.0
3548	0	62	5,0,0,0	101,46,28,47	161	149	1	1.0
3549	119	0	62,63,145,100	0,0,0,4	199	149	1	1.0
3552	2	0	7,0,0,0	1,0,0,0	168	149	1	1.0
3555	6	2	85,10,1,3	0,0,0,0	298	149	0.010671921123	0.12501393315514286
3556	9	0	10,0,2,7	0,1,0,0	267	149	1	1.0
3561	39	8	61,23,22,18	0,0,1,3	298	149	5.57328431474e-05	0.002679020115430193
3562	0	6	1,0,0,0	16,4,0,0	153	149	1	1.0
3566	9	383	3,3,7,4	595,510,612,565	247	149	0.61314284554	1.0
3570	0	12	1,0,0,0	44,4,8,0	153	149	1	1.0
3571	5	61	16,0,3,5	37,9,15,26	252	149	0.0323033490692	0.2602211741491104
3572	83	2	62,29,26,21	0,1,0,0	211	149	0.764832229653	1.0
3575	4	11	1,0,0,2	4,0,0,0	164	149	1	1.0
3578	24	0	26,8,3,0	1,0,0,0	298	149	1	1.0
3579	14	2	15,14,8,8	3,0,0,2	158	149	0.462779688636	1.0
3580	19	0	13,13,0,0	3,0,0,0	158	149	1	1.0
3581	38	144	33,9,10,13	67,49,53,54	298	149	0.905640545277	1.0
3582	2	19	0,0,0,2	7,9,0,1	298	149	1	1.0
3586	19	2	5,13,9,27	0,0,0,0	200	149	0.167474883978	0.7543133708088272
3592	3	0	77,5,1,2	2,0,0,0	290	149	1	1.0
3593	9	170	5,0,7,6	26,65,88,57	298	149	0.64447044721	1.0
3598	4	0	16,3,0,0	1,0,0,0	287	149	1	1.0
3605	14	66	5,0,0,0	44,83,48,46	205	149	1.97948985092e-07	3.4492610652281e-05
3607	2	41	4,2,0,0	38,29,10,10	242	149	0.828807692379	1.0
3614	8	44	34,5,0,0	153,30,9,13	247	149	0.868086920874	1.0
3615	7	37	12,4,2,2	90,52,40,35	295	149	0.152978517486	0.7144122391138492
3618	10	3	1,2,1,1	4,3,0,0	298	149	0.111344495442	0.6016055296362325
3620	0	10	6,0,0,0	153,15,2,0	157	149	1	1.0
3621	40	5	128,38,7,13	29,16,0,0	152	149	0.336374994437	1.0
3622	276	39	234,160,88,72	6,11,12,18	176	149	0.0856274140002	0.5025878531211739
3623	15	445	13,12,1,1	194,180,146,138	269	149	0.808478988264	1.0
3625	2	53	3,2,0,0	117,35,57,51	157	149	0.63129975126	1.0
3626	4	102	28,6,10,2	135,57,46,43	257	149	0.00184830793266	0.039574142473297096
3627	4	102	28,4,8,2	135,57,46,43	298	149	0.00411977976723	0.06836872613712643
3628	5	0	17,2,0,0	1,2,2,0	231	149	1	1.0
3629	14	98	24,3,5,5	107,64,30,37	298	149	0.944997241232	1.0
3630	3	0	5,0,0,0	2,0,0,0	155	149	1	1.0
3632	19	17	2,3,1,6	8,6,10,15	155	149	0.0023805136138	0.04577153072603034
3633	129	2	23,30,44,31	6,5,2,3	209	149	0.00140858160751	0.03300105480452
3634	2	152	0,0,0,0	63,138,75,53	153	149	0.675783605399	1.0
3636	7	4	25,0,0,0	4,0,0,0	298	149	1	1.0
3638	46	37	29,35,4,25	13,30,12,12	169	149	0.942336967627	1.0
3639	44	9	37,22,33,22	1,0,1,0	174	149	8.57694901768e-07	9.963555775538267e-05
3641	2	0	13,4,5,4	2,0,0,0	190	149	1	1.0
3642	24	20	2,8,6,2	2,13,6,2	193	149	0.293247221015	1.0
3643	156	4	54,57,91,133	0,0,2,2	298	149	0.0494129282089	0.3418442775345241
3644	3	0	0,0,0,0	0,0,0,1	197	149	1	1.0
3645	0	4	1,0,0,0	52,4,0,2	195	149	1	1.0
3647	1	104	0,0,0,0	30,54,40,40	298	149	1	1.0
3648	11	73	6,0,3,2	100,38,38,13	298	149	0.0130128832457	0.14339888730834624
3649	19	0	95,27,6,6	3,0,0,0	298	149	1	1.0
3650	0	2	27,7,0,0	0,0,0,0	164	149	1	1.0
3655	19	0	11,13,7,20	2,5,0,0	298	149	0.0156897433846	0.16408502628251492
3656	0	57	2,0,0,0	54,20,24,32	298	149	1	1.0
3658	6	6	20,43,4,6	0,13,3,0	194	149	0.00868523969683	0.11021462026510236
3659	28	0	98,44,19,7	5,0,0,0	194	149	0.463616145673	1.0
3660	1157	0	547,1179,1069,725	0,0,1,4	277	149	1	1.0
3661	8	230	2,4,18,4	59,137,242,204	207	149	0.779769426913	1.0
3662	80	0	95,43,34,36	2,0,0,0	191	149	1	1.0
3663	35	23	58,14,39,21	35,6,30,35	276	149	0.578710678957	1.0
3665	0	1	19,0,0,0	3,0,0,0	209	149	1	1.0
3668	0	2	5,1,1,0	19,6,1,5	185	149	0.0434281504057	0.3186254824502411
3671	4	2	0,2,0,1	1,4,0,0	199	149	1	1.0
3683	686	0	430,703,847,754	0,6,0,2	246	149	1	1.0
3686	5	0	38,4,0,10	15,0,0,0	161	149	1	1.0
3688	6	45	3,0,0,2	16,18,13,19	298	149	0.0502343600354	0.34495910290319015
3692	26	185	20,11,28,24	52,137,110,117	298	149	0.190844076229	0.8233339447334281
3693	53	1	65,54,28,22	8,0,1,4	183	149	0.0846920033974	0.5022395961518421
3694	10	49	6,5,3,10	26,14,18,19	152	149	0.433106311957	1.0
3698	6967	16	854,1802,2198,1979	4,2,2,4	298	149	1	1.0
3699	4	6	0,0,0,0	1,0,2,0	159	149	1	1.0
3707	9	4	23,15,7,2	2,0,3,0	153	149	0.0132281277412	0.14462752997045333
3728	0	35	0,1,2,13	4,42,11,19	243	149	0.00233718141156	0.045566865562442514
3729	101	0	1012,107,16,23	5,0,0,0	254	149	1	1.0
3730	0	20	2,0,0,0	82,45,8,9	222	149	1	1.0
3731	30	0	13,16,4,15	1,0,2,0	194	149	1	1.0
3734	0	1	0,1,4,0	2,0,0,2	179	149	0.0751142283462	0.4572455646925887
3735	2	2	0,0,1,3	0,2,0,0	269	149	1	1.0
3744	90	4	2,0,5,0	0,0,4,0	187	149	1	1.0
3745	161	1853	4,0,11,0	33,20,51,19	187	149	0.764360957612	1.0
3748	2	15	2,2,0,0	8,7,1,1	265	149	0.308059582114	1.0
3750	0	25	14,0,0,2	87,16,15,20	170	149	0.0114767394346	0.13113585878551148
3751	0	1	26,1,1,0	8,0,2,0	191	149	1	1.0
3757	134	75	77,76,27,48	61,49,35,26	298	149	0.182196309048	0.8050131689791188
3761	3	14	7,4,0,0	23,11,2,1	161	149	0.75349854267	1.0
3763	8	0	24,3,3,0	1,4,0,0	298	149	1	1.0
3765	1	29	6,0,0,0	17,9,8,7	298	149	0.632183354163	1.0
3766	1	29	6,0,0,0	17,9,8,7	298	149	0.632183354163	1.0
3767	0	107	0,0,0,1	87,80,23,52	160	149	1	1.0
3768	0	2	4,0,0,0	2,0,0,0	240	149	1	1.0
3769	0	5	5,0,0,0	6,3,2,1	291	149	0.368429781599	1.0
3778	25	6	10,1,0,0	0,0,0,2	298	149	1	1.0
3779	26	1	10,1,0,0	0,0,0,0	298	149	1	1.0
3780	320	31	13,9,6,28	4,0,4,1	207	149	0.786837661978	1.0
3781	93	17	13,3,4,10	5,0,0,0	216	149	0.0849514551828	0.5022395961518421
3782	323	17	26,8,33,37	5,0,0,0	234	149	0.059800077076	0.3902061453261944
3784	0	163	0,3,1,0	65,71,150,199	154	149	1	1.0
3785	0	34	0,0,1,0	4,1,4,10	154	149	1	1.0
3788	3	38	6,0,0,0	251,15,0,7	163	149	1	1.0
3791	0	10	4,0,0,0	16,0,0,0	262	149	1	1.0
3796	0	4	4,8,5,2	2,1,2,0	190	149	7.06038423381e-06	0.0004686750296157686
3801	0	121	0,1,4,0	64,37,39,33	153	149	0.685207488984	1.0
3803	142	200	91,37,72,59	103,75,51,67	282	149	0.364933469868	1.0
3804	5	151	1,2,0,0	98,46,79,71	155	149	0.119641778538	0.6188520938106568
3806	123	3	633,83,3,8	0,0,0,0	275	149	0.226987609067	0.916908060368
3807	2	2	1,0,0,1	0,2,1,0	298	149	0.0307787280401	0.250178115964428
3809	0	3	2,0,0,0	1,0,0,0	298	149	1	1.0
3813	3	43	0,0,2,1	15,27,24,18	161	149	1	1.0
3816	242	6	94,127,149,167	3,4,0,0	250	149	0.0889108743123	0.5164239949639425
3817	25	0	377,1,0,0	5,0,0,0	236	149	1	1.0
3818	20	0	337,1,0,0	1,0,0,0	287	149	1	1.0
3820	10	2	1,1,3,2	4,4,0,2	281	149	0.0220072674626	0.21088742623151754
3824	4	0	0,1,11,2	2,1,0,0	243	149	0.357335269416	1.0
3826	4	127	0,0,0,0	67,61,96,155	153	149	0.244573211967	0.9475269868189931
3830	1	26	2,0,0,0	41,15,0,9	192	149	1	1.0
3831	0	53	8,0,0,0	10,17,4,0	228	149	1	1.0
3836	9	0	2,3,9,0	0,0,0,2	158	149	0.515873276455	1.0
3837	20	5	15,13,5,9	4,0,4,2	179	149	0.762191207873	1.0
3838	7	3	32,9,4,1	18,9,3,1	284	149	0.463790233358	1.0
3839	8	11	0,0,0,2	11,17,4,7	166	149	3.98031517079e-07	5.858092020216e-05
3842	2	48	7,0,0,0	20,31,43,42	163	149	0.542131638628	1.0
3846	37	0	18,53,70,52	0,1,3,0	161	149	1	1.0
3854	2	534	2,1,0,1	365,346,403,478	194	149	1	1.0
3855	12	4	12,2,10,8	0,0,1,2	158	149	0.0014810461324	0.03418332608474909
3857	87	0	50,2,6,2	2,0,0,0	220	149	1	1.0
3859	14	0	35,29,0,6	2,0,0,0	152	149	1	1.0
3864	14	2	0,1,0,0	0,0,0,0	207	149	1	1.0
3865	15	1	0,2,0,3	0,0,0,0	224	149	1	1.0
3866	3	1	0,1,0,3	0,0,0,0	166	149	1	1.0
3867	12	1	0,1,0,0	0,0,0,0	207	149	1	1.0
3868	13	24	0,2,0,3	0,5,3,2	224	149	1	1.0
3869	2	24	0,1,0,3	0,5,3,2	166	149	1	1.0
3878	0	4	5,0,0,0	36,4,0,0	194	149	1	1.0
3881	200	0	152,164,151,117	0,2,0,0	298	149	1	1.0
3885	3	2	0,1,2,0	0,0,0,0	298	149	1	1.0
3886	14	1	0,8,2,1	0,0,0,0	298	149	1	1.0
3887	1	0	0,0,5,3	1,0,0,0	298	149	1	1.0
3888	22	58	22,7,4,19	43,24,23,19	164	149	0.72772978134	1.0
3889	47	232	14,19,10,8	58,83,68,66	177	149	0.573447083213	1.0
3895	2	130	4,1,4,10	30,93,114,69	177	149	0.0264556410332	0.23267611104278105
3896	129	9	43,76,100,131	0,6,2,2	153	149	0.0247880789341	0.22584694139957778
3900	17	37	12,4,11,17	19,15,9,12	298	149	0.229193638002	0.916908060368
3909	51	1	55,68,36,34	1,3,1,0	154	149	0.527632970972	1.0
3911	2	6	10,0,0,1	12,3,3,0	298	149	0.613754819417	1.0
3912	1	6	0,0,0,1	12,3,3,0	177	149	0.274246919189	1.0
3914	2	0	1,0,0,1	1,0,0,2	160	149	1	1.0
3917	0	2	3,0,0,0	63,0,2,0	184	149	1	1.0
3918	0	15	4,0,0,0	46,1,0,2	281	149	1	1.0
3927	3	2	0,10,4,18	0,6,0,7	166	149	1	1.0
3928	16	2	49,13,4,8	19,1,0,0	244	149	0.860616805832	1.0
3931	764	2	89,161,235,201	1,4,4,0	154	149	0.954654412	1.0
3932	31	1	3,10,4,4	0,2,0,0	154	149	0.341393280576	1.0
3936	2	2	6,2,0,4	2,0,0,0	298	149	1	1.0
3940	1	153	5,0,0,0	411,197,37,35	287	149	1	1.0
3941	0	15	1,0,0,0	58,2,5,0	179	149	1	1.0
3942	5	40	7,1,9,8	23,10,4,21	248	149	0.0432923219868	0.3186254824502411
3947	6	4	4,4,2,2	6,0,2,0	155	149	0.335667776803	1.0
3949	0	6	2,4,2,4	6,1,4,5	159	149	0.000954630911281	0.023596445557791893
3951	2	14	0,0,0,2	21,26,58,30	159	149	0.0853879370789	0.5022395961518421
3955	59	422	65,35,3,6	273,141,38,69	215	149	0.146204321086	0.6942370389663605
3957	1	0	5,0,0,0	12,0,2,4	296	149	1	1.0
3958	0	6	4,0,0,0	36,12,1,7	242	149	0.402786360921	1.0
3964	2	4	12,0,0,2	5,0,0,0	298	149	1	1.0
3974	2	0	3,0,0,0	1,0,0,0	201	149	1	1.0
3976	2	2	0,0,0,0	3,2,0,0	159	149	1	1.0
3982	88	16	29,38,30,39	6,3,4,6	298	149	0.352627872861	1.0
3984	5	0	17,5,2,6	2,0,0,0	243	149	1	1.0
3985	5	2	17,4,1,4	0,0,0,0	243	149	0.00858472991448	0.11021462026510236
3986	2	22	0,0,0,0	65,30,6,3	244	149	0.591390602594	1.0
3993	198	2	73,114,102,127	0,2,4,2	167	149	0.816505903002	1.0
3997	686	12	1707,377,171,290	3,0,0,0	298	149	0.00205596058768	0.04214719204744
4002	36	27	23,12,32,20	4,7,11,6	164	149	0.0148249813928	0.15775590886689464
4003	20	192	8,1,2,13	86,66,115,104	289	149	0.0884970261708	0.5150933381298338
4010	0	523	2,0,0,0	5784,1665,152,168	279	149	1	1.0
4011	68	487	261,134,68,71	6412,1456,303,457	176	149	0.0408630715263	0.3070788232218986
4013	2	28	1,0,0,0	11,15,2,8	161	149	0.181169276308	0.8030205760678919
4014	21	17	9,0,0,0	2,0,0,0	298	149	1	1.0
4016	0	13	40,1,0,2	60,19,2,0	298	149	0.0453044424463	0.3247012481755383
4017	9	1	3,2,2,3	1,0,1,0	298	149	0.136483264666	0.6711028957474567
4020	0	132	4,0,0,0	267,130,63,69	153	149	1	1.0
4022	247	85	38,118,126,71	57,67,43,53	277	149	0.0122429353854	0.13763428973586775
4028	674	537	223,186,214,242	317,395,324,286	298	149	2.210463106e-06	0.00020542570465093335
4032	5	36	12,2,5,0	95,10,37,12	268	149	0.704487011364	1.0
4035	71	0	210,104,17,53	1,0,0,0	222	149	1	1.0
4036	78	0	222,106,17,57	3,2,0,0	226	149	1	1.0
4037	7	0	13,2,0,4	3,2,0,0	153	149	1	1.0
4038	25	69	28,17,10,21	26,16,18,24	161	149	0.00360529740727	0.062432106655085466
4042	5	4	10,0,0,3	2,0,0,0	230	149	1	1.0
4045	4	118	10,0,0,3	51,78,13,47	230	149	0.419024211286	1.0
4047	0	16	5,0,0,1	72,9,0,7	196	149	1	1.0
4048	0	16	3,0,0,1	72,9,0,7	156	149	1	1.0
4050	11	113	23,6,7,6	35,59,27,48	298	149	0.0207498444362	0.20156991738022856
4051	11	113	23,6,7,6	35,59,27,48	298	149	0.0207498444362	0.20156991738022856
4055	2	0	5,0,0,2	7,1,0,0	240	149	1	1.0
4064	13	2	168,22,8,5	15,1,0,2	182	149	0.659016298742	1.0
4065	20	3	2,2,2,2	0,0,0,0	298	149	0.0039133906639	0.06612444346032242
4068	0	8	4,4,0,0	3,10,4,0	183	149	1	1.0
4069	2	50	10,6,2,6	28,94,44,40	298	149	0.0645252562256	0.4116622754164137
4074	0	2	0,0,2,0	0,0,4,0	298	149	1	1.0
4077	11	0	9,17,11,4	1,1,4,4	187	149	0.00519033794122	0.07907465672197465
4080	48	6	67,43,33,34	4,6,9,2	222	149	0.882403760066	1.0
4085	8	7	9,1,5,11	8,2,1,0	182	149	0.138844771724	0.67784725975486
4088	16	0	13,28,5,4	4,3,1,0	298	149	0.00784874374352	0.10630737036493845
4089	57	2	44,27,13,11	4,4,2,0	298	149	0.209250290501	0.8772779096493052
4092	8	0	75,8,4,10	6,0,0,0	298	149	0.225052251521	0.9133124850662998
4093	9	1109	1,1,0,1	736,895,471,289	173	149	1	1.0
4094	48	664	60,43,16,13	578,529,303,218	202	149	0.698647816317	1.0
4099	16	1	99,6,3,4	3,0,0,0	298	149	0.396903738562	1.0
4100	20	31	3,0,0,0	72,10,6,3	298	149	4.31655822197e-11	3.00864108071309e-08
4102	8	327	4,8,6,1	184,110,192,183	153	149	0.956786696829	1.0
4109	0	22	2,0,0,0	67,19,3,5	297	149	1	1.0
4124	21	22	26,7,0,7	39,5,1,5	161	149	0.865310350267	1.0
4125	2	27	1,0,0,0	29,12,10,12	155	149	0.333256180775	1.0
4127	4	75	0,0,1,0	41,46,25,26	163	149	0.0714136367721	0.4414661182275273
4134	18	1	2,7,7,3	0,0,4,4	155	149	0.139840745325	0.67837237991808
4135	5	0	3,4,0,0	4,0,0,0	298	149	1	1.0
4136	9	1	4,7,0,0	2,0,0,0	155	149	1	1.0
4142	2	4	4,0,0,0	5,10,7,2	298	149	0.108638476816	0.5974044839507061
4143	0	16	2,0,1,0	22,12,8,9	298	149	1	1.0
4145	26	40	16,13,12,24	13,34,15,15	237	149	0.445123384636	1.0
4149	3	0	21,0,0,1	12,0,1,0	177	149	1	1.0
4155	25	111	3,0,2,4	67,30,21,18	158	149	0.00023431839073	0.008484151602016102
4156	0	29	0,4,2,0	35,8,5,6	298	149	0.382053439347	1.0
4157	6	38	7,0,0,0	93,26,14,9	273	149	0.0142331917345	0.15203884504132567
4158	0	36	1,0,0,0	114,27,9,12	179	149	1	1.0
4160	2503	2	1705,1469,1865,1289	0,0,0,0	298	149	1	1.0
4162	2645	4	2318,1598,1982,1463	2,5,10,0	298	149	1	1.0
4167	2	48	14,0,4,2	412,29,22,31	228	149	0.840114316998	1.0
4168	631	4	504,585,339,298	1,3,0,4	298	149	0.8222803398	1.0
4169	2	2	17,6,1,0	5,0,0,0	213	149	1	1.0
4171	0	55	0,1,0,0	55,15,14,25	161	149	1	1.0
4172	4	27	7,8,6,7	7,13,10,27	162	149	0.0228904099461	0.21706960180179183
4174	0	10	1,0,0,0	38,5,1,2	153	149	1	1.0
4178	3	8	0,0,0,0	2,1,3,0	181	149	1	1.0
4179	14	0	24,23,24,32	0,0,0,6	298	149	0.487351269515	1.0
4180	16	8	34,23,25,37	0,0,0,2	298	149	2.61831500925e-09	1.2166437076314999e-06
4181	6	8	16,0,2,11	0,0,0,2	191	149	1	1.0
4182	6	0	16,0,2,6	0,1,1,0	191	149	1	1.0
4183	1	14	4,1,1,4	11,12,11,9	298	149	0.206179583969	0.8722741731495781
4184	91	0	87,67,146,196	0,1,0,0	298	149	1	1.0
4186	12	29	1,6,12,3	6,18,14,23	168	149	0.563107107875	1.0
4187	0	2	0,1,0,0	2,0,0,0	189	149	1	1.0
4188	236	4	183,48,59,61	10,2,0,2	158	149	0.215011503276	0.8933711939396244
4196	0	2	0,0,0,1	0,0,0,0	298	149	1	1.0
4197	8	508	7,4,1,2	20,37,49,67	180	149	0.00483325639226	0.07527999341687643
4201	2	101	5,1,0,2	304,39,14,22	298	149	1	1.0
4212	2	59	84,1,0,0	1496,104,8,19	298	149	0.295247079868	1.0
4213	1	0	3,7,9,7	0,1,0,0	298	149	1	1.0
4217	4	23	3,0,0,0	17,6,6,6	194	149	0.00888497132274	0.11208733053302769
4218	4	3	3,0,0,0	0,4,0,0	194	149	1	1.0
4220	1	11	4,0,0,0	10,13,0,5	220	149	1	1.0
4229	2	9	1,2,5,0	0,0,0,1	167	149	3.9922434858e-07	5.858092020216e-05
4230	3	34	1,3,7,4	18,23,16,11	167	149	0.185227739683	0.8106984901667252
4231	3	246	3,2,6,3	114,122,112,90	174	149	0.183131480997	0.8053163549205614
4232	1	0	0,0,0,0	9,0,0,0	169	149	1	1.0
4233	0	4	2,0,0,0	42,12,0,0	200	149	1	1.0
4234	0	4	2,0,0,0	48,2,0,3	298	149	1	1.0
4237	14	0	105,11,2,0	1,0,0,0	298	149	1	1.0
4239	10	130	5,0,2,5	33,81,114,102	298	149	0.0458090657822	0.3258052943897286
4240	11	0	8,0,4,0	0,2,2,0	200	149	1	1.0
4241	2	54	12,1,9,0	147,98,43,34	200	149	0.269451477691	0.9983129222133704
4242	0	2	2,0,0,0	13,8,0,2	188	149	1	1.0
4243	108	0	352,176,24,37	5,0,0,0	213	149	1	1.0
4244	101	0	193,130,32,25	0,4,0,0	298	149	1	1.0
4246	60	2	15,8,5,2	0,0,4,0	284	149	0.867515696701	1.0
4250	18	0	36,1,7,9	2,0,0,0	298	149	1	1.0
4251	2	0	51,2,0,6	2,0,0,0	158	149	1	1.0
4252	508	1	253,310,245,274	0,0,0,1	195	149	1	1.0
4254	3	3	7,8,2,2	16,0,0,2	298	149	0.189524525692	0.8219949538733811
4256	2	9	0,0,0,0	41,4,2,6	158	149	0.10533001365	0.5873201561124
4257	65	149	29,33,34,20	64,49,48,55	173	149	0.403187604408	1.0
4261	280	0	134,129,195,180	2,0,1,0	153	149	1	1.0
4267	27	12	0,10,4,2	4,2,2,2	170	149	0.405687986374	1.0
4268	10	237	14,7,9,9	88,137,155,74	242	149	0.0595577914126	0.3897819776017108
4269	2	2	0,0,1,4	1,1,1,0	155	149	0.133710427139	0.6621397351039644
4277	4	0	2,3,0,0	2,0,0,0	199	149	1	1.0
4285	70	4	87,141,149,106	7,2,10,3	151	149	0.861524249786	1.0
4288	4	79	5,1,1,0	18,31,20,17	153	149	0.859867261789	1.0
4292	0	8	1,0,0,0	120,6,0,0	288	149	1	1.0
4295	5	11	19,2,2,0	21,0,0,0	298	149	1	1.0
4296	5	11	18,2,2,0	21,0,0,0	225	149	1	1.0
4297	6	0	19,2,2,0	3,0,0,0	225	149	1	1.0
4300	8	0	12,7,0,6	0,0,0,2	214	149	1	1.0
4301	10	0	13,7,0,6	2,0,0,2	214	149	1	1.0
4304	9	4	17,18,4,0	3,0,2,0	179	149	1	1.0
4309	29	0	164,1009,104,120	0,0,2,0	153	149	1	1.0
4310	33	9	164,1010,116,122	9,112,30,30	153	149	0.207591341667	0.8758164581772768
4311	2	4	0,1,0,1	7,0,4,2	167	149	0.0181180643913	0.182357991057561
4320	287	2	71,122,252,46	2,0,4,4	230	149	0.255184491315	0.9719321882325409
4324	0	4	2,4,0,0	5,0,0,0	189	149	1	1.0
4325	10	1	33,12,3,7	0,0,0,0	298	149	0.263280256698	0.9852689337906361
4326	18	5	56,19,2,0	17,6,0,0	170	149	1	1.0
4327	2	4	0,0,6,4	0,0,0,0	230	149	1	1.0
4331	3	0	12,2,0,0	1,0,0,0	298	149	1	1.0
4334	0	1356	6,0,0,0	1015,552,627,868	153	149	1	1.0
4337	4	2	1,0,1,0	0,0,0,0	207	149	1	1.0
4339	4	206	1,0,3,0	51,149,99,38	207	149	0.831454893635	1.0
4340	5	4	21,3,0,4	9,0,0,0	161	149	1	1.0
4345	17	0	75,32,6,0	4,3,2,0	179	149	1	1.0
4346	32	0	87,38,14,2	4,3,2,0	200	149	0.0433494399365	0.3186254824502411
4347	30	0	87,38,14,2	4,3,2,0	203	149	0.0427099975377	0.3173099066666862
4348	15	0	16,8,8,2	4,2,0,0	170	149	0.146417280815	0.6942370389663605
4349	13	0	16,8,8,2	4,2,0,0	173	149	0.14171617245	0.6828216185027357
4354	3	0	10,0,0,0	0,0,0,2	242	149	1	1.0
4355	3	0	10,0,0,0	0,0,0,2	245	149	1	1.0
4356	3	0	10,0,0,0	0,0,0,2	251	149	1	1.0
4361	6	26	10,2,0,0	6,9,3,8	153	149	0.814610762989	1.0
4362	5	0	1,0,0,0	4,0,0,0	153	149	1	1.0
4366	174	2	162,84,32,31	0,2,0,0	298	149	0.712884702559	1.0
4368	0	8	0,0,1,0	33,29,28,19	158	149	1	1.0
4370	2	0	37,0,0,1	44,1,0,0	288	149	1	1.0
4371	4	6	0,0,0,0	3,0,0,2	153	149	1	1.0
4373	12	0	169,24,1,8	9,0,0,0	176	149	0.219644900579	0.9045346865793974
4375	2	2	14,0,0,2	3,0,0,0	185	149	1	1.0
4377	2	24	8,2,1,3	19,19,20,4	298	149	0.190988087606	0.8233339447334281
4380	22	2	46,20,22,16	0,0,0,0	292	149	0.117604568314	0.6122186400607612
4381	101	4	108,93,82,65	5,0,0,1	292	149	0.0853353845691	0.5022395961518421
4384	5	58	9,3,1,7	39,26,28,22	298	149	0.24846295781	0.9528400637885557
4387	0	2	3,0,0,0	19,0,0,4	298	149	1	1.0
4392	4	172	2,3,0,0	1077,253,14,30	164	149	0.562481474471	1.0
4394	2	0	2,1,0,0	6,7,5,6	199	149	4.02492396923e-06	0.0003117080007281456
4396	76	4	19,63,56,47	3,5,3,4	188	149	0.518907376825	1.0
4399	100	0	51,64,28,41	2,7,0,5	164	149	0.0025258865754	0.04793024330582204
4400	9	50	4,6,3,1	37,101,69,51	230	149	0.00830933225749	0.10876252738911793
4401	7	69	2,0,0,2	30,71,62,49	153	149	1	1.0
4408	228	155	126,78,85,61	40,46,37,37	196	149	0.0525798758893	0.35580750965866115
4411	10	3	77,18,10,0	12,4,2,9	245	149	0.521114064599	1.0
4419	7	32	0,0,0,0	2,0,0,0	160	149	1	1.0
4420	6	30	11,1,0,0	1,0,0,0	235	149	1	1.0
4423	4	0	1,0,1,0	0,0,1,1	298	149	1	1.0
4425	4	33	6,0,0,0	39,6,15,13	262	149	0.210677155203	0.8819337968558019
4426	3	11	2,0,0,0	0,0,2,0	175	149	1	1.0
4427	324	44	137,166,347,314	4,9,15,13	271	149	1.97857306561e-06	0.00019021592092829934
4431	11	39	1,1,2,1	26,12,5,17	298	149	0.000918512955202	0.02336927509426393
4432	0	2	1,0,0,0	0,0,0,0	192	149	1	1.0
4433	9	29	0,4,9,4	6,3,3,5	259	149	0.181905068186	0.8050021112739175
4434	319	4	111,203,170,209	0,0,0,0	298	149	0.382918172718	1.0
4435	10	0	10,13,20,12	0,0,0,2	150	149	1	1.0
4438	19	52	24,11,13,20	32,11,26,22	167	149	0.0324518473189	0.2602211741491104
4439	4	13	0,0,0,0	17,4,0,2	188	149	1	1.0
4443	6	0	0,0,0,2	2,0,0,1	298	149	1	1.0
4451	15	126	2,3,0,0	6,19,13,24	178	149	0.0253702582638	0.22670602576754617
4458	5	0	3,2,3,2	1,0,0,0	210	149	1	1.0
4459	0	2	1,0,0,0	8,0,0,0	289	149	1	1.0
4460	2	6	2,0,0,0	0,1,0,0	289	149	1	1.0
4463	15	7	80,30,18,22	10,12,3,7	263	149	0.177476435476	0.789161566358992
4469	5	62	2,0,4,0	28,45,29,31	153	149	0.0977814575683	0.5552234291250925
4473	113	0	183,67,38,50	2,0,0,0	298	149	1	1.0
4474	13	162	11,2,0,0	176,74,86,65	202	149	0.00844701473857	0.1095361725168984
4475	430	0	150,180,208,128	0,0,2,0	298	149	1	1.0
4477	0	13	2,2,0,0	5,9,1,4	189	149	0.741180934024	1.0
4479	1	55	1,0,1,2	12,9,16,33	167	149	0.317799272748	1.0
4480	9	23	0,4,1,1	2,29,9,11	204	149	0.0032649470548	0.057611850561913924
4481	3135	3	4883,1865,680,908	22,6,2,0	209	149	1	1.0
4484	2	2	0,0,0,0	1,0,0,0	217	149	1	1.0
4490	0	5	1,1,0,0	0,6,0,0	172	149	1	1.0
4496	41	3	32,29,17,30	0,0,2,0	181	149	0.0366375211336	0.28612159361478096
4497	108	3	15,40,55,56	6,0,2,8	298	149	0.0764614966008	0.4615223004668707
4498	6	9	9,0,9,6	10,7,9,3	298	149	0.850027230101	1.0
4502	1	8	2,0,0,0	33,6,2,0	153	149	1	1.0
4503	9	0	44,13,2,0	1,0,0,0	175	149	1	1.0
4504	5	2	35,10,0,1	1,0,0,0	298	149	1	1.0
4505	1	23	0,2,0,0	16,4,5,6	167	149	0.289840212542	1.0
4507	24	2	14,12,26,7	0,0,0,0	298	149	0.128725244557	0.6443195364899749
4508	74	0	98,26,22,9	1,2,0,0	179	149	1	1.0
4509	49	0	89,20,7,8	6,1,0,0	298	149	0.0724714541356	0.44602740426060217
4510	211	3	115,62,86,21	0,0,0,0	158	149	0.632748683817	1.0
4511	772	2	466,207,275,306	4,0,0,0	298	149	1	1.0
4512	0	4	29,0,0,0	26,2,0,0	190	149	1	1.0
4513	40	2	16,21,16,13	0,0,0,1	197	149	0.294420933685	1.0
4515	2	2	0,0,0,0	0,0,0,2	153	149	1	1.0
4516	0	2	2,0,2,4	0,0,0,2	295	149	1	1.0
4517	0	2	2,0,2,4	0,0,0,0	291	149	1	1.0
4518	24	107	20,17,15,18	36,36,42,33	267	149	0.010243637322	0.1220481233065641
4520	260	0	99,159,136,85	0,2,0,0	298	149	1	1.0
4525	2	0	7,0,0,0	3,0,0,0	157	149	1	1.0
4529	7	0	42,9,0,1	2,0,0,0	187	149	1	1.0
4536	16	184	10,7,8,2	244,256,129,151	173	149	0.00659128318356	0.09478843979277067
4538	0	114	0,1,3,1	243,196,61,77	167	149	1	1.0
4559	1	14	0,0,0,1	5,7,6,1	157	149	0.245572497582	0.9475269868189931
4561	6	0	20,0,0,1	5,2,2,2	179	149	3.85594151721e-05	0.0020283707452795246
4562	114	1858	12,2,5,6	277,33,57,20	157	149	1	1.0
4563	5	0	18,2,1,3	1,1,0,0	162	149	1	1.0
4568	1763	0	424,1220,1304,849	0,0,0,2	298	149	1	1.0
4569	5	8	19,12,0,0	2,3,9,4	298	149	0.898864839507	1.0
4570	11	8	21,7,0,2	2,3,9,4	298	149	0.569555211999	1.0
4571	6	0	4,2,0,2	2,7,0,0	152	149	1	1.0
4573	6	14	18,3,0,0	64,22,0,3	298	149	1	1.0
4580	3	31	3,0,0,4	13,14,18,25	160	149	0.952477648876	1.0
4581	43	1	22,16,21,28	0,0,0,0	298	149	0.274653602759	1.0
4586	95	0	65,74,74,66	1,3,2,0	298	149	0.662680047769	1.0
4589	2	2	0,0,0,0	26,0,0,0	158	149	1	1.0
4590	29	27	11,6,11,15	26,24,14,18	164	149	0.0456557168106	0.3255451111712348
4591	10	0	6,3,0,10	0,5,0,0	164	149	1	1.0
4594	126	6	108,72,115,129	4,0,0,0	260	149	0.00176612848987	0.03846848616998094
4596	43	0	25,53,26,40	0,1,0,0	298	149	1	1.0
4597	0	695	4,8,3,3	356,502,670,584	161	149	1	1.0
4598	368	0	128,114,130,139	0,0,0,1	298	149	1	1.0
4599	490	2	428,600,605,514	0,3,0,0	152	149	1	1.0
4604	15	7	3,15,4,0	8,4,1,0	160	149	1	1.0
4605	90	0	28,40,56,49	0,1,0,0	298	149	1	1.0
4606	84	0	33,32,53,49	0,1,0,0	298	149	1	1.0
4607	11	76	9,5,1,11	39,38,39,30	298	149	0.755973861611	1.0
4608	221	14	141,97,176,193	2,1,13,0	153	149	0.0104299375127	0.12373900334216001
4615	12	23	4,2,0,6	18,5,7,5	166	149	0.247870385444	0.9518769071871516
4617	6	25	65,10,0,0	84,35,3,2	218	149	0.361686622244	1.0
4622	2	0	63,0,0,0	5,0,0,0	218	149	1	1.0
4626	145	4	75,54,41,34	4,2,0,4	257	149	0.654847459791	1.0
4637	19	2	10,2,0,2	0,0,0,0	298	149	1	1.0
4638	9	2	4,0,0,0	0,0,0,0	298	149	1	1.0
4640	3	0	21,2,0,4	2,0,0,0	232	149	1	1.0
4645	15	1708	14,19,10,6	1583,1936,916,753	298	149	1	1.0
4646	5	2541	2,5,0,2	2099,2330,1941,1827	153	149	1	1.0
4647	3895	52	3799,3634,4303,3888	39,35,60,42	298	149	0.379799859919	1.0
4651	0	60	2,0,0,1	50,30,52,47	166	149	1	1.0
4652	65	1	59,40,40,49	0,0,0,0	298	149	0.329559996521	1.0
4656	18	2	56,17,10,5	1,1,0,0	186	149	1	1.0
4657	118	2	212,124,24,40	1,1,0,0	298	149	0.767337277698	1.0
4658	100	0	158,107,16,35	2,0,2,0	298	149	1	1.0
4659	4	28	2,0,1,0	142,41,4,13	298	149	0.0288727689597	0.24467258316001095
4660	128	4	183,99,32,50	0,0,0,0	298	149	0.0380268012373	0.2922769213929008
4662	2	6	0,0,0,0	7,2,0,2	168	149	1	1.0
4663	3	13	0,0,0,0	34,2,0,3	168	149	1	1.0
4665	51	38	8,5,2,10	25,11,0,4	193	149	0.626504030911	1.0
4668	532	2	27,0,0,6	0,0,0,0	298	149	1	1.0
4669	4	0	49,2,2,0	1,0,0,0	298	149	1	1.0
4670	0	2	4,0,0,0	0,0,0,0	161	149	1	1.0
4676	0	6	3,0,0,0	1,0,0,2	298	149	1	1.0
4677	1	0	27,0,0,0	14,2,0,0	155	149	1	1.0
4679	4	3	0,0,0,0	11,2,2,2	298	149	8.49862802975e-05	0.0038842909749086884
4680	2	56	2,2,0,0	49,11,10,10	189	149	0.825079447339	1.0
4682	52	463	23,7,29,14	108,159,217,202	298	149	0.701674866849	1.0
4683	1	44	1,0,0,2	35,12,15,17	153	149	0.698254184246	1.0
4684	1	0	12,3,0,0	4,1,0,0	186	149	1	1.0
4685	17	32	21,10,9,11	27,22,18,5	186	149	0.446864453908	1.0
4688	17	77	11,8,20,9	40,79,45,44	221	149	1	1.0
4697	6	12	16,3,0,1	5,3,4,12	281	149	0.91921049181	1.0
4698	0	13	2,0,0,0	42,9,5,5	286	149	1	1.0
4699	0	172	0,0,0,4	50,94,57,33	153	149	1	1.0
4701	19	151	13,2,2,0	126,66,29,34	212	149	0.0302587005223	0.24961528055127338
4704	0	5254	5,1,0,0	2834,4975,1720,1405	298	149	1	1.0
4705	0	5254	5,1,0,0	2834,4975,1720,1405	271	149	1	1.0
4706	5202	1	3026,5183,2943,2865	0,2,0,0	222	149	1	1.0
4707	15269	1	7507,15032,7967,7367	0,2,0,0	298	149	1	1.0
4709	14102	0	5747,13117,7874,7141	0,1,0,1	187	149	1	1.0
4713	2	4	10,0,0,0	37,0,0,0	278	149	1	1.0
4719	113	5	81,46,61,44	0,0,0,2	296	149	0.00277461441238	0.05191694618600966
4721	4	425	0,6,2,2	108,206,292,228	177	149	1	1.0
4725	25	0	38,9,3,4	2,0,0,2	249	149	0.683115289431	1.0
4726	39	0	34,22,22,18	4,0,0,8	298	149	0.00499697112204	0.07654700817718417
4727	57	5	59,27,23,20	8,1,9,8	249	149	0.121381695997	0.622081191984625
4728	4	18	6,0,9,0	24,14,10,14	298	149	0.71249184593	1.0
4729	6	31	7,0,9,0	32,16,15,27	298	149	0.777587629172	1.0
4730	63	1	49,30,37,31	13,8,0,11	153	149	0.000143810740015	0.0056471034248143665
4731	14	0	51,5,3,4	2,0,0,0	194	149	1	1.0
4732	21	1	24,13,20,18	0,0,0,0	298	149	0.231397618654	0.92351163561048
4739	316	4	138,178,89,108	0,0,0,0	171	149	0.697022244249	1.0
4748	2	45	23,1,11,8	105,29,22,23	298	149	0.00280692327795	0.05208305515132636
4749	1	0	0,0,0,0	2,0,0,0	218	149	1	1.0
4757	119	22	25,46,13,28	10,11,0,3	236	149	0.83642245474	1.0
4758	6	69	12,6,8,11	154,124,27,50	298	149	0.58968556755	1.0
4759	53	11	34,22,9,17	18,7,6,0	184	149	0.421317280478	1.0
4762	35	1040	45,2,0,0	1291,16,6,0	234	149	1	1.0
4765	0	2	2,0,0,0	0,0,0,0	219	149	1	1.0
4772	87	0	66,66,51,57	2,0,0,1	233	149	1	1.0
4774	1	486	2,2,0,0	285,251,201,199	187	149	1	1.0
4783	0	9	3,0,0,0	0,2,0,0	154	149	1	1.0
4784	0	1	8,0,0,0	7,0,0,0	266	149	1	1.0
4785	8	2	1,1,0,0	0,0,0,0	188	149	1	1.0
4787	4	47	0,0,0,0	7,1,0,6	298	149	1	1.0
4792	0	28	0,2,0,0	5,7,9,10	153	149	1	1.0
4794	0	1	2,0,0,0	2,2,2,0	154	149	1	1.0
4797	94	1	56,51,60,65	0,1,6,1	298	149	0.318610019799	1.0
4798	10	35	3,0,0,0	17,24,15,13	194	149	1.06115566297e-05	0.0006880237182233396
4802	0	8	1,0,0,0	5,0,0,4	193	149	1	1.0
4806	31	2	19,15,14,20	0,6,0,0	298	149	0.434371503179	1.0
4807	0	10	3,0,0,0	37,9,8,3	298	149	1	1.0
4809	3	81	1,0,0,0	30,18,20,31	227	149	0.62689741277	1.0
4810	50	0	128,52,20,12	2,0,0,0	298	149	1	1.0
4811	2	48	1,5,0,2	18,10,24,18	161	149	0.447189769349	1.0
4818	42	304	17,22,17,29	265,344,202,177	163	149	0.0387584690274	0.29363753165323697
4820	0	8	0,4,1,0	23,3,2,2	298	149	0.410088715279	1.0
4822	2	1	2,0,0,0	2,0,0,0	153	149	1	1.0
4823	7	192	2,5,0,0	43,65,63,76	153	149	0.220376432905	0.9062086946005015
4825	5	87	0,4,0,0	19,67,36,24	158	149	0.0306581280849	0.24992649444649476
4830	2	8	2,0,2,1	0,2,11,4	188	149	0.570855522645	1.0
4831	16	0	1,26,34,37	0,2,4,0	177	149	0.222563707432	0.9095875228991626
4833	1	1	9,1,4,4	1,4,0,3	298	149	0.258145810845	0.976951001929878
4834	2	1	5,1,2,5	1,4,0,3	298	149	0.933294379436	1.0
4835	0	1	7,1,2,2	1,4,0,3	298	149	0.00309171426496	0.056337904383715554
4836	2	1	0,0,0,3	4,0,2,2	168	149	1	1.0
4837	0	1	2,0,2,0	4,0,2,2	191	149	1	1.0
4838	0	2	2,0,2,0	0,0,0,3	172	149	1	1.0
4839	2	2	5,1,2,4	0,0,0,0	298	149	0.000481029938075	0.01457729855818587
4840	0	2	5,1,2,2	0,0,0,0	298	149	9.19576959024e-08	1.9721388936607015e-05
4841	0	2	5,1,2,2	0,0,0,0	298	149	9.19576959024e-08	1.9721388936607015e-05
4843	0	2	0,0,2,0	0,0,0,2	191	149	1	1.0
4846	2	3	13,3,0,0	77,4,1,0	298	149	1	1.0
4847	2	5	2,2,2,2	9,7,2,3	178	149	0.791413862165	1.0
4851	11	0	61,25,0,11	0,2,0,0	159	149	1	1.0
4852	2	0	2,4,0,0	6,3,0,0	209	149	1	1.0
4854	2	17	2,4,0,0	22,19,16,10	216	149	0.673479272231	1.0
4857	0	17	6,3,0,0	22,19,16,10	156	149	0.0244267340743	0.22507468552090923
4864	0	11	2,3,0,0	90,14,0,2	256	149	1	1.0
4865	0	4	4,0,0,0	18,2,0,2	275	149	1	1.0
4868	18	45	7,4,11,20	8,18,54,67	298	149	0.365229715701	1.0
4869	86	0	143,209,241,232	0,1,4,1	218	149	1	1.0
4870	40	0	82,108,143,159	0,0,1,0	218	149	1	1.0
4877	9	243	8,2,6,1	170,128,128,103	250	149	0.542626846344	1.0
4880	168	2	119,106,167,158	1,0,0,0	219	149	0.535402649867	1.0
4881	124	0	196,104,220,256	4,0,0,0	209	149	1	1.0
4884	0	170	2,0,0,0	804,129,40,38	198	149	1	1.0
4885	6	0	37,2,0,6	0,2,0,0	161	149	1	1.0
4887	0	6	1,0,0,0	31,2,0,6	285	149	1	1.0
4888	181	21	84,93,103,127	3,4,3,5	235	149	0.0003564063496	0.01169012826688
4889	4	18	3,4,0,0	12,8,6,13	201	149	0.431497284962	1.0
4892	120	2	82,85,34,40	0,0,0,0	164	149	0.529768697468	1.0
4893	2	5	1,4,0,0	0,0,2,0	167	149	1	1.0
4894	4	70	5,5,2,0	56,22,4,10	167	149	0.341717952474	1.0
4901	0	3	2,0,0,0	0,0,0,0	180	149	1	1.0
4903	0	3	1,0,0,0	33,1,2,0	162	149	1	1.0
4905	273	5	117,221,165,138	0,0,1,0	275	149	0.102009179331	0.5710875340859999
4912	17	0	4,6,12,5	0,2,0,0	173	149	1	1.0
4915	2	46	14,2,9,3	32,15,36,15	298	149	0.00164904900142	0.03678038892767168
4916	0	35	1,2,0,0	38,12,10,24	153	149	1	1.0
4918	8	47	4,4,5,7	4,24,23,21	164	149	0.376699280624	1.0
4921	2	0	2,0,4,0	2,1,1,0	298	149	1	1.0
4924	2	96	0,0,2,1	25,31,44,49	289	149	1	1.0
4925	2	4	1,0,0,0	15,7,4,4	162	149	0.00675760167955	0.095635499911601
4928	6	31	9,4,6,0	73,35,7,10	153	149	0.756520151753	1.0
4931	83	64	19,21,30,8	30,69,59,48	298	149	5.8431213934e-07	7.872241964444972e-05
4932	0	2	1,0,0,0	26,0,0,0	251	149	1	1.0
4933	209	58	205,86,68,101	56,28,39,24	161	149	0.477325277168	1.0
4938	4	8	0,0,0,0	5,2,0,0	209	149	1	1.0
4939	0	14	7,1,0,0	12,4,10,0	292	149	1	1.0
4941	60	0	112,55,26,25	0,0,2,0	298	149	1	1.0
4942	69	3	115,70,16,37	2,2,0,0	209	149	0.0766724936428	0.4615223004668707
4944	0	3	0,0,1,2	2,3,6,7	298	149	1	1.0
4947	2	7	0,0,0,0	0,0,2,0	163	149	1	1.0
4950	3	0	2,1,0,0	0,0,1,0	153	149	1	1.0
4951	76	0	53,63,39,32	0,2,0,2	161	149	1	1.0
4952	2	70	6,0,0,0	538,91,25,19	199	149	0.527459948017	1.0
4957	2	186	0,1,0,0	80,87,114,109	178	149	1	1.0
4959	0	65	2,0,0,0	78,46,28,25	298	149	1	1.0
4967	17	19	8,0,9,4	11,5,2,1	298	149	0.937778098753	1.0
4973	177	111	41,56,47,59	18,30,37,55	158	149	0.796622527495	1.0
4974	0	24	1,1,0,0	18,16,6,1	196	149	1	1.0
4975	43	54	50,32,22,49	89,28,26,32	197	149	0.585499452668	1.0
4976	27	1	10,12,7,17	0,0,0,0	197	149	0.270081789512	0.9983129222133704
4977	2	0	0,4,4,2	0,2,0,0	270	149	1	1.0
4978	45	6	131,30,7,20	69,1,0,2	227	149	0.87056061698	1.0
5002	112	0	116,128,54,48	0,0,2,0	157	149	1	1.0
5003	21	0	13,30,13,8	0,1,0,0	157	149	1	1.0
5006	0	23	0,0,2,0	67,25,2,25	184	149	1	1.0
5007	783	0	727,39,7,6	2,0,0,0	266	149	1	1.0
5010	0	74	5,0,4,2	31,15,18,32	166	149	0.00325949895627	0.057611850561913924
5011	5	11	0,1,0,2	4,0,4,1	182	149	0.0252575261906	0.22670602576754617
5012	24	6	10,22,9,20	0,6,0,1	298	149	0.0644477899196	0.4116622754164137
5017	2	15	2,0,1,0	15,12,3,0	188	149	1	1.0
5023	2	0	0,0,0,2	13,2,2,1	184	149	4.93953454805e-08	1.3771422319963401e-05
5028	9416	10	1985,4009,2588,2570	0,1,0,0	154	149	1	1.0
5040	2	3	0,0,0,0	13,2,0,0	240	149	1	1.0
5041	827	11	489,233,218,173	16,3,3,1	202	149	0.463018935711	1.0
5042	266	10	56,104,133,78	2,15,5,6	228	149	0.112980740103	0.6049193999017981
5043	89	0	19,20,53,28	0,1,0,0	228	149	1	1.0
5046	7	69	7,4,3,7	25,37,28,22	198	149	0.255730599406	0.9726833712741174
5049	7	4	10,4,5,2	3,2,0,2	198	149	0.289410585509	1.0
5050	192	0	70,70,44,67	0,0,2,0	273	149	1	1.0
5052	0	51	8,0,0,1	1179,159,14,14	298	149	1	1.0
5053	2	6	0,0,6,0	1,0,0,0	154	149	1	1.0
5056	276	0	216,181,177,195	0,0,1,0	298	149	1	1.0
5057	200	4	210,131,67,50	4,0,1,0	152	149	0.53180051896	1.0
5060	8	3	12,4,0,4	23,0,2,2	191	149	0.318718818344	1.0
5062	5	18	6,2,2,0	12,19,10,8	159	149	0.429358620842	1.0
5063	11	18	2,2,2,4	13,17,3,9	298	149	0.0252160123813	0.22670602576754617
5064	0	38	3,0,0,0	22,13,6,11	165	149	1	1.0
5067	13	14	161,8,0,2	0,0,0,2	298	149	1	1.0
5069	3	171	0,1,2,4	84,173,160,142	153	149	0.846637789041	1.0
5070	0	8	2,0,0,2	35,19,18,12	155	149	1	1.0
5074	70	1	12,29,30,17	0,2,0,9	171	149	0.0280577969825	0.23922060546547402
5075	3	0	5,6,2,3	2,0,0,0	298	149	1	1.0
5076	26	12	10,5,0,2	3,4,3,0	298	149	0.511659809109	1.0
5078	75	33	14,29,18,29	35,21,15,17	285	149	0.0131122714285	0.14392524701833856
5079	32	0	37,5,9,9	2,0,0,0	216	149	1	1.0
5081	4	2	1,0,0,2	2,0,4,0	161	149	1	1.0
5085	0	2	7,0,0,0	10,0,0,2	236	149	1	1.0
5086	0	2	7,0,0,0	10,0,0,2	249	149	1	1.0
5087	0	2	7,0,0,0	10,0,0,2	255	149	1	1.0
5091	0	3	10,3,2,0	1,2,0,0	272	149	1	1.0
5092	230	8	53,88,93,230	2,9,4,9	176	149	0.437429370513	1.0
5097	10	309	0,0,0,0	12,11,4,13	153	149	0.0136284195792	0.146702833153705
5098	16	340	1,1,0,3	11,12,13,8	298	149	0.588048780312	1.0
5099	63	2	21,28,26,11	0,0,0,1	298	149	0.39475781962	1.0
5102	0	2	26,17,160,8	5,11,11,8	263	149	0.000486645842958	0.014588909786740904
5105	10	311	1,1,0,3	71,37,65,55	153	149	0.0466093425788	0.3298143327657218
5106	0	521	4,0,0,0	305,476,138,161	298	149	1	1.0
5107	0	4	1,0,0,0	58,0,0,0	160	149	1	1.0
5108	7	0	10,0,1,0	3,0,0,0	195	149	1	1.0
5109	11	0	67,0,1,0	3,0,0,0	184	149	1	1.0
5110	2	10	5,4,3,2	59,277,96,125	298	149	0.218597429118	0.9028883442681245
5113	3	0	0,11,1,13	0,0,0,6	279	149	1	1.0
5116	0	2	14,2,0,0	0,0,0,0	178	149	1	1.0
5117	3	2	2,0,2,2	2,0,0,0	201	149	1	1.0
5118	6	2	2,0,4,2	2,0,0,0	228	149	1	1.0
5123	2	6	5,0,2,1	21,1,5,0	253	149	0.575797565281	1.0
5125	2	5	2,0,0,0	27,3,3,9	164	149	0.0341264322191	0.27004332756300053
5128	17	0	13,3,0,3	4,1,1,0	204	149	0.101600558631	0.5699443812137385
5134	2	10	5,0,0,1	2,1,2,0	266	149	0.69623638377	1.0
5135	16	10	14,1,0,2	2,1,2,0	298	149	0.891073992983	1.0
5136	16	2	12,1,0,2	3,0,0,1	216	149	1	1.0
5138	2	13	8,0,4,2	13,29,13,24	151	149	0.697174800749	1.0
5139	21	296	12,4,9,5	177,182,199,204	187	149	0.0382643745726	0.2922769213929008
5145	262	3	1292,232,48,64	7,4,2,2	298	149	0.914952247788	1.0
5146	474	11	2611,489,105,131	10,10,4,2	257	149	0.0105707492886	0.12487817379922374
5147	3	0	19,0,0,2	2,0,0,0	229	149	1	1.0
5148	102	4	418,559,243,182	6,16,2,2	298	149	0.390984168523	1.0
5149	4	5	37,3,2,3	20,12,2,0	158	149	0.515641252471	1.0
5150	164	2	88,25,27,16	2,1,2,0	177	149	0.530733411257	1.0
5159	9	0	8,1,2,8	34,3,0,0	298	149	0.00261293341419	0.04922201593757919
5164	2	47	4,0,0,0	111,27,6,6	192	149	0.814702445689	1.0
5165	0	47	7,0,0,0	111,27,6,6	195	149	0.365235061011	1.0
5166	0	2	4,0,0,0	1,0,0,0	152	149	1	1.0
5167	0	99	0,1,0,0	124,46,30,38	153	149	1	1.0
5172	5	0	1,0,0,0	0,0,0,2	196	149	1	1.0
5173	7	0	5,2,0,0	0,0,0,2	298	149	1	1.0
5182	0	5	0,0,0,2	0,4,0,0	162	149	1	1.0
5183	23	1	22,5,9,5	0,1,0,0	155	149	0.288244817396	1.0
5184	25	9	23,6,9,5	0,0,0,0	159	149	1.16783739346e-08	4.0699133162081e-06
5185	3	9	1,2,0,0	0,0,0,0	153	149	1	1.0
5186	3	11	0,0,0,0	15,1,0,0	172	149	1	1.0
5187	2	2	19,2,0,0	35,17,4,2	179	149	0.350176693203	1.0
5190	17	239	17,2,13,15	165,86,92,96	298	149	0.239523245608	0.9365929996565273
5192	26	0	136,20,10,12	2,0,0,0	298	149	1	1.0
5193	0	239	3,0,3,0	165,86,92,96	193	149	1	1.0
5195	26	0	136,20,10,12	2,0,0,0	295	149	1	1.0
5197	265	0	298,106,102,108	2,0,0,0	251	149	1	1.0
5198	24	0	93,18,9,12	2,0,0,0	221	149	1	1.0
5199	32	0	148,30,13,18	1,0,0,0	151	149	1	1.0
5200	1	32	3,0,0,0	146,29,13,18	178	149	0.361259529807	1.0
5202	0	18	1,1,0,0	147,21,5,3	259	149	1	1.0
5204	5	10	4,0,0,0	11,1,6,0	219	149	1	1.0
5206	49	0	19,23,18,9	0,4,0,0	298	149	0.775759505006	1.0
5209	10	71	3,3,5,2	107,40,11,9	207	149	0.172133824457	0.7703195868155955
5210	25	114	7,7,19,17	187,66,8,16	234	149	0.516658873649	1.0
5211	1	154	7,0,0,1	123,56,36,41	267	149	0.662368636431	1.0
5217	33	13	10,2,2,2	2,0,0,0	155	149	1.84544761408e-05	0.0010849585077114417
5219	0	2	2,0,0,0	6,0,0,0	203	149	1	1.0
5235	32	103	10,10,39,43	15,57,70,29	238	149	0.0765680634657	0.4615223004668707
5246	74	8	10,2,0,0	0,0,0,0	221	149	1	1.0
5247	111	0	43,57,134,96	2,0,1,0	298	149	1	1.0
5251	417	2	338,230,526,430	2,0,0,0	298	149	1	1.0
5253	8	0	27,23,13,14	4,0,0,0	298	149	0.751265774966	1.0
5254	19	0	108,11,1,20	2,0,0,0	298	149	1	1.0
5255	51	47	67,53,72,90	23,25,22,15	239	149	8.41648253502e-05	0.0038842909749086884
5256	7	108	9,7,6,11	160,183,149,112	236	149	0.777493183165	1.0
5257	47	0	3,24,31,16	0,0,0,2	298	149	1	1.0
5262	1	15	0,0,0,0	81,32,12,8	164	149	0.251110808296	0.9616716119907254
5266	50	53	42,30,26,16	83,17,30,50	287	149	0.309723333213	1.0
5268	1	42	3,0,0,0	147,54,6,5	195	149	0.482239112354	1.0
5269	9	76	3,11,1,2	102,40,20,11	162	149	0.562419368848	1.0
5270	5	2	3,0,0,0	0,0,0,0	279	149	1	1.0
5272	3	9	6,0,1,7	5,0,2,0	193	149	1	1.0
5273	72	9	61,53,44,57	5,0,2,0	298	149	0.00167488943739	0.03706025199558191
5277	6	1	15,0,0,0	15,0,0,0	281	149	1	1.0
5278	14	2	7,0,0,2	4,0,0,0	168	149	1	1.0
5279	8	2	4,0,0,2	4,0,0,0	192	149	1	1.0
5280	0	6	1,0,0,0	4,0,0,0	173	149	1	1.0
5286	2	0	0,0,0,0	3,2,0,0	298	149	1	1.0
5288	125	0	23,32,35,35	1,1,0,0	298	149	1	1.0
5289	356	0	181,173,165,151	0,0,2,0	222	149	1	1.0
5290	8	0	55,15,5,6	6,0,0,0	298	149	0.195443070683	0.8366026059013375
5297	423	0	92,385,342,281	0,0,0,2	298	149	1	1.0
5298	96	4	33,17,11,8	1,0,0,0	298	149	0.00827495419384	0.10876252738911793
5299	98	0	58,48,34,63	0,0,1,4	298	149	0.578070237025	1.0
5300	2	18	0,0,0,0	15,0,2,0	278	149	1	1.0
5303	1	0	1,0,0,2	0,3,0,0	162	149	1	1.0
5304	1	6	0,0,0,4	13,10,16,12	162	149	0.300354715398	1.0
5305	1	0	0,0,0,2	0,4,0,0	162	149	1	1.0
5311	78	615	180,68,10,15	3337,564,75,84	285	149	0.0109583329872	0.12740327665136333
5328	3	67	2,0,0,0	27,21,4,7	239	149	0.457980095374	1.0
5329	52	40	14,22,20,4	15,15,1,6	298	149	0.572110649919	1.0
5331	2	10	3,5,4,0	35,8,8,16	298	149	0.573862344171	1.0
5332	0	10	2,0,0,0	35,8,8,16	178	149	1	1.0
5336	0	2	0,1,0,0	0,0,0,0	185	149	1	1.0
5337	3	56	7,2,0,1	23,8,11,8	156	149	0.159662861597	0.7333444120797956
5340	46	0	19,11,1,15	0,2,0,0	270	149	1	1.0
5341	12	17	4,3,0,2	7,8,0,1	157	149	1	1.0
5342	0	4	2,0,0,0	0,0,0,0	155	149	1	1.0
5347	3	1098	1,3,0,0	612,513,406,483	155	149	1	1.0
5350	2	86	1,2,4,5	31,30,12,12	175	149	0.0156929269549	0.16408502628251492
5352	8	115	2,0,0,0	19,40,36,21	227	149	0.00459704469062	0.07323748912827749
5363	9	2	0,3,5,7	0,0,0,0	298	149	1	1.0
5365	261	289	92,126,151,147	135,184,125,146	190	149	0.827800495107	1.0
5366	91	0	66,62,52,36	0,0,0,2	190	149	1	1.0
5367	1	0	8,0,0,0	2,0,0,0	175	149	1	1.0
5368	96	12481	9,0,0,0	959,3,0,0	200	149	1	1.0
5372	2	1	0,0,1,3	0,0,0,0	159	149	1	1.0
5378	0	30	0,2,0,0	14,6,3,2	298	149	1	1.0
5383	5	0	18,1,0,0	2,0,0,0	298	149	1	1.0
5387	40	2	44,12,21,14	9,4,0,0	298	149	0.312932886964	1.0
5390	45	3607	20,4,10,16	1295,826,939,968	164	149	0.856379278585	1.0
5392	0	4	0,0,2,0	4,2,4,0	190	149	1	1.0
5394	11	1	34,14,0,13	2,0,0,0	166	149	1	1.0
5395	24	1	24,15,17,12	0,3,3,2	218	149	0.37554753663	1.0
5396	116	1	36,47,54,50	0,0,0,0	155	149	1	1.0
5398	4	75	0,4,14,21	24,13,29,58	277	149	0.000470575901623	0.014417204546427738
5404	3	0	5,5,1,0	0,5,0,0	298	149	1	1.0
5405	0	44	0,1,0,0	3,46,1,5	233	149	1	1.0
5411	83	32	40,62,27,29	15,21,5,19	292	149	0.905403968338	1.0
5414	2	90	9,0,0,2	155,65,22,21	175	149	0.437751988153	1.0
5417	33	3	35,30,13,17	0,0,2,1	207	149	0.0242573670155	0.22507468552090923
5422	4	0	23,11,9,4	0,2,0,0	152	149	1	1.0
5432	2	51	5,0,0,0	355,44,9,9	233	149	0.538644307479	1.0
5437	4	0	0,3,2,0	0,2,0,2	154	149	1	1.0
5440	2	0	2,0,0,0	7,0,0,1	153	149	1	1.0
5447	9	6890	11,9,4,4	2430,5738,2632,1673	202	149	1	1.0
5448	34	10	11,32,21,15	4,0,0,0	159	149	5.18079293803e-05	0.002534043984425902
5449	0	15	0,0,1,3	12,5,13,8	162	149	1	1.0
5456	2	3	4,0,0,0	0,0,0,0	295	149	1	1.0
5457	81	6	23,29,17,12	4,1,0,1	152	149	0.295403199634	1.0
5458	17	0	8,1,15,11	0,0,1,0	154	149	1	1.0
5460	8	2	2,1,0,2	0,0,0,0	203	149	1	1.0
5461	109	0	67,47,58,57	0,0,0,2	298	149	1	1.0
5462	109	2	67,47,58,59	0,0,2,0	298	149	0.647104578654	1.0
5463	248	4	179,79,144,192	3,0,0,0	298	149	0.196604309938	0.8394070690767902
5464	124	4	79,54,70,61	3,0,0,0	298	149	0.0227658381762	0.21706960180179183
5467	580	4	413,234,318,356	9,6,0,1	298	149	0.371567549606	1.0
5470	29	188	21,20,16,6	171,140,66,64	197	149	0.710782146653	1.0
5475	16	0	13,28,5,16	2,0,0,0	298	149	1	1.0
5476	36	2	5,3,2,2	0,0,0,0	298	149	0.222829368056	0.9095875228991626
5478	33	1	6,5,7,7	0,0,0,0	159	149	0.321050793744	1.0
5479	42	63	6,5,7,7	5,4,4,3	176	149	0.0301716291754	0.24961528055127338
5480	10	63	0,0,0,0	5,4,4,3	166	149	6.6381236935e-06	0.000451392411158
5483	13	48	14,0,0,2	34,11,8,27	158	149	0.141805493943	0.6828216185027357
5488	321	20	112,153,176,147	27,4,22,5	298	149	0.315443232731	1.0
5492	0	25	2,0,0,0	63,14,12,16	161	149	1	1.0
5493	35	17	50,64,52,83	9,4,1,8	241	149	1.29128232581e-05	0.0008000211387462844
5497	11	2	5,9,1,2	3,0,0,0	298	149	0.0390684576266	0.29518390206764444
5501	381	293	97,61,91,119	106,77,97,72	161	149	0.213023939011	0.8877589565959163
5502	10	5	20,22,4,4	30,22,3,0	268	149	0.529974496981	1.0
5507	0	3	4,0,0,0	90,9,2,0	180	149	1	1.0
5508	6	93	25,7,4,2	173,73,58,69	160	149	0.29729286768	1.0
5520	0	13	4,0,0,0	23,10,5,4	207	149	0.745623089943	1.0
5531	7	217	12,12,13,2	602,284,186,307	158	149	0.947274037863	1.0
5532	6	0	558,23,6,2	3,0,0,0	246	149	1	1.0
5534	153	15	6,1,4,0	0,0,0,0	288	149	1	1.0
5535	0	2	0,4,0,0	3,5,0,4	298	149	1	1.0
5536	0	11	2,4,0,0	24,0,4,2	298	149	0.11640316979	0.6088781189015384
5537	2	11	5,5,0,4	24,0,4,2	170	149	0.148750201857	0.6999104429013715
5539	2	12	0,0,0,0	7,2,10,4	213	149	0.234253122206	0.927695603281716
5542	7	7	0,0,0,0	0,0,0,2	157	149	1	1.0
5544	4	0	3,4,29,20	0,8,4,14	298	149	0.00301362702373	0.05527626409315289
5549	5	0	185,6,4,0	2,0,0,0	153	149	1	1.0
5553	82	0	170,22,18,8	2,0,0,0	256	149	1	1.0
5559	1	17	0,0,0,0	2,7,3,2	153	149	0.253147784069	0.9668164684717425
5560	3	11	0,0,0,0	2,4,6,4	208	149	0.0101741500978	0.12174047413161546
5563	2	16	3,2,0,0	4,6,0,1	298	149	1	1.0
5565	10	109	20,9,0,6	82,30,24,41	242	149	0.0817502950286	0.4890983316303365
5566	0	10	4,0,0,0	60,1,1,0	298	149	1	1.0
5570	0	21	2,0,0,0	76,29,8,8	246	149	1	1.0
5571	0	21	2,0,0,0	76,29,8,8	268	149	1	1.0
5572	0	21	2,0,0,0	76,29,8,8	298	149	1	1.0
5578	15	32	5,0,0,3	10,3,4,16	298	149	0.030352647601	0.24962471957006332
5600	22	31	9,20,7,12	6,32,40,66	206	149	0.139070528185	0.67784725975486
5603	19	108	1,0,0,4	8,5,11,5	298	149	0.0703719073393	0.43696409278834836
5604	42	12	2,15,11,0	0,0,11,0	153	149	1	1.0
5612	41	1	41,16,8,13	24,0,0,2	298	149	0.0440079284315	0.3203501422115457
5613	119	0	60,65,78,55	0,1,0,2	172	149	1	1.0
5614	89	0	53,75,88,108	2,0,2,0	232	149	1	1.0
5615	85	0	40,42,54,69	0,0,2,0	232	149	1	1.0
5619	4	1	8,1,8,8	0,0,0,0	197	149	0.311536060527	1.0
5620	203	56	41,81,69,36	9,37,20,6	173	149	0.838016007648	1.0
5621	16	0	2,4,2,3	0,0,2,0	173	149	1	1.0
5622	457	3	97,236,222,123	0,0,0,0	298	149	0.663883486286	1.0
5623	80	3	47,50,34,28	0,7,0,0	154	149	0.777279052765	1.0
5624	12	104	3,3,8,2	49,57,47,72	184	149	0.140724893281	0.6800642438160001
5626	1916	30	1605,2017,2586,2418	29,39,42,39	202	149	0.659495890919	1.0
5627	63	544	113,36,85,70	410,543,456,381	219	149	0.0468229415347	0.33048698987023695
5628	6	65	7,2,4,5	24,32,23,25	152	149	0.291520696326	1.0
5629	0	139	1,0,1,3	19,36,27,33	155	149	0.681007443037	1.0
5630	1	128	0,1,0,0	20,47,39,62	170	149	1	1.0
5631	70	13	9,27,29,36	2,2,7,18	193	149	0.515556157729	1.0
5634	0	2	2,0,0,0	8,3,0,2	265	149	1	1.0
5635	225	0	173,173,145,122	0,0,0,1	298	149	1	1.0
5636	21	111	134,66,18,9	391,222,66,49	167	149	0.0716527345309	0.44196421210652476
5637	4	22	2,0,0,0	0,0,0,0	162	149	1	1.0
5638	21	22	8,0,0,0	0,0,0,0	207	149	1	1.0
5645	5	7	105,7,5,2	55,9,0,0	266	149	0.0609645244474	0.3952769631612818
5647	0	2	9,0,0,0	2,0,0,0	204	149	1	1.0
5648	0	34	0,1,0,1	11,65,9,32	208	149	1	1.0
5658	6	0	32,6,1,4	2,2,0,2	298	149	0.0193027864091	0.1915166139095046
5659	2	2	3,0,0,0	40,0,2,0	218	149	1	1.0
5660	4	23	3,3,0,3	28,23,11,6	163	149	0.524883281675	1.0
5661	436	0	1086,384,222,170	0,5,0,0	163	149	1	1.0
5662	13	2	6,8,2,0	7,2,0,2	171	149	0.213675015398	0.889143198402424
5663	2	0	0,0,0,0	2,0,0,0	298	149	1	1.0
5665	44	343	8,13,23,24	114,283,241,298	298	149	0.0110824605801	0.12788843475518677
5666	39	0	21,13,21,36	2,0,0,0	261	149	1	1.0
5669	10	354	3,10,3,4	137,201,133,94	153	149	0.810705059476	1.0
5670	18	15	8,1,2,4	2,4,3,0	298	149	0.768105695355	1.0
5671	19	568	6,1,1,4	46,310,350,63	298	149	0.140745003114	0.6800642438160001
5672	1	142	11,7,0,0	1097,368,30,14	237	149	1	1.0
5674	5	64	2,0,0,2	36,21,11,12	213	149	0.0427935885605	0.3173099066666862
5680	0	19	1,2,0,0	37,14,13,6	165	149	1	1.0
5683	58	30	32,33,8,4	18,7,6,17	206	149	0.445626171234	1.0
5684	104	2276	11,75,28,49	238,3390,1228,1048	298	149	0.00727608442615	0.10245314838437476
5685	5490	0	458,6071,4869,4411	2,0,1,0	298	149	1	1.0
5686	6290	4	521,7171,5710,5049	0,0,0,0	298	149	1	1.0
5687	829	4	73,1119,855,656	0,0,0,0	210	149	1	1.0
5688	829	2	71,1120,854,656	0,3,0,4	210	149	1	1.0
5689	5084	4	289,5612,5363,4140	0,3,2,0	210	149	1	1.0
5690	36	0	18,24,51,28	0,0,2,0	298	149	1	1.0
5692	17	20	4,15,10,1	17,17,10,10	211	149	0.201333734237	0.8543659833375282
5694	2	3	1,0,2,0	2,0,1,0	187	149	1	1.0
5695	30	0	13,8,21,37	0,0,0,2	298	149	1	1.0
5707	4	2	5,0,1,2	0,0,0,0	207	149	1	1.0
5709	5	2	1,0,0,0	1,2,2,0	180	149	1	1.0
5711	12	1	16,4,1,4	5,2,2,0	298	149	0.112860704189	0.6049193999017981
5712	28	2	15,8,17,16	0,0,2,1	298	149	0.108130888198	0.5969681510812357
5714	3	0	12,3,1,0	0,0,2,0	298	149	1	1.0
5715	3	1	7,0,2,1	5,2,2,0	218	149	0.119389776411	0.6186964621447361
5717	2	0	6,0,2,1	0,0,2,0	298	149	1	1.0
5719	1	0	10,2,2,0	0,0,2,0	277	149	1	1.0
5721	1	0	7,0,0,0	4,0,0,0	218	149	1	1.0
5728	898	61	155,4,22,7	9,2,2,0	246	149	0.54732604774	1.0
5732	3	33	4,0,0,1	9,2,11,26	245	149	0.37776546912	1.0
5733	0	19	0,0,2,0	4,6,5,20	240	149	1	1.0
5734	0	42	7,1,0,0	236,20,2,13	298	149	1	1.0
5735	46	1	448,174,94,117	20,7,0,5	298	149	0.24437779064	0.9475269868189931
5736	15	0	266,43,6,10	1,0,0,0	298	149	1	1.0
5741	0	4	24,3,0,0	12,1,2,1	298	149	0.00604144024111	0.08911923487944275
5745	1	2	3,2,0,0	0,0,0,0	198	149	1	1.0
5752	13	4	18,10,17,23	4,1,0,0	153	149	0.0117756768446	0.13345767090546667
5753	21	36	0,0,2,1	15,10,9,9	208	149	7.79236442039e-08	1.9721388936607015e-05
5756	7	104	0,2,10,0	22,39,40,44	217	149	0.816889411017	1.0
5758	0	131	0,6,2,2	86,153,121,104	165	149	0.735653504749	1.0
5761	2	2	0,2,2,0	0,1,0,2	172	149	1	1.0
5762	0	2	1,0,0,0	8,4,0,0	158	149	1	1.0
5766	22	0	38,24,20,23	0,2,2,0	156	149	1	1.0
5767	15	0	113,16,4,4	2,0,0,0	248	149	1	1.0
5770	0	2	3,4,2,6	5,3,0,2	200	149	0.00111489859089	0.026566985225652307
5771	184	7	72,101,111,69	2,0,0,0	153	149	0.0175841859081	0.17892230040796642
5772	120	0	38,28,64,90	0,0,0,2	214	149	1	1.0
5773	224	2	80,92,158,191	0,0,3,0	214	149	0.805590282594	1.0
5777	0	28	1,0,0,0	31,4,7,0	207	149	1	1.0
5778	63	0	106,32,14,27	3,10,1,2	186	149	0.00190663753205	0.04005540754149143
5781	73	0	45,64,38,44	0,1,0,0	298	149	1	1.0
5782	76	3	42,76,57,76	10,0,0,2	298	149	0.670482344151	1.0
5783	4	0	43,8,1,1	7,0,0,0	186	149	0.0321934038273	0.2601600286101809
5784	77	0	81,68,38,45	0,1,0,0	298	149	1	1.0
5785	80	3	78,80,57,77	10,0,0,2	298	149	0.666303034389	1.0
5786	73	0	51,64,38,44	0,1,0,0	294	149	1	1.0
5787	76	3	49,76,57,76	10,0,0,2	298	149	0.66866057522	1.0
5788	9	3	19,15,19,32	10,0,0,2	187	149	0.216637622122	0.8974527347342288
5791	0	31	4,0,0,0	52,3,0,0	154	149	1	1.0
5794	18	57	26,13,17,9	112,89,37,48	298	149	0.336709356922	1.0
5796	1	79	0,0,0,7	62,30,38,61	158	149	0.440501178714	1.0
5797	5	32	4,2,1,9	36,65,18,29	298	149	0.541731784363	1.0
5799	0	4	3,0,0,0	20,0,0,0	166	149	1	1.0
5803	957	0	2677,1595,495,1099	0,1,0,0	298	149	1	1.0
5804	2	2	87,9,3,4	0,0,0,0	298	149	0.00072830738397	0.019524240254888078
5805	4	368	66,10,1,4	2410,648,168,244	298	149	0.818083936989	1.0
5806	18	0	602,23,5,9	11,0,0,0	298	149	0.267110661052	0.9929393640173013
5807	0	4	0,2,0,0	1,1,6,12	241	149	1	1.0
5809	0	16	0,0,3,0	40,16,0,0	298	149	1	1.0
5819	2	1	3,1,0,0	2,0,0,0	168	149	1	1.0
5822	15	18	9,5,6,13	6,2,0,3	230	149	0.00853667247339	0.11018630951764499
5828	18	0	9,0,0,4	3,0,0,0	203	149	1	1.0
5829	154	885	186,23,7,34	933,110,67,127	162	149	0.429592943177	1.0
5834	0	22	2,2,0,1	13,34,17,13	268	149	0.470966139911	1.0
5835	3	17	9,4,10,8	44,11,2,2	191	149	0.0204420246317	0.19997320937957755
5838	61	2	16,47,63,52	0,0,0,0	174	149	0.782993845634	1.0
5841	1	116	2,3,0,2	36,43,62,52	229	149	0.523912082913	1.0
5842	0	16	3,0,0,0	40,23,12,5	163	149	1	1.0
5847	339	4	706,402,205,135	1,0,0,0	298	149	0.438511415139	1.0
5848	855	16	805,736,377,339	11,17,12,12	298	149	0.52585793168	1.0
5849	79	2	137,131,45,64	0,0,0,0	188	149	0.641330397416	1.0
5850	1124	0	882,1034,617,602	2,0,0,0	298	149	1	1.0
5851	1172	4	984,1133,616,625	2,5,0,4	298	149	1	1.0
5852	79	4	139,129,45,64	2,5,0,4	188	149	0.332578030537	1.0
5853	559	344	628,729,343,402	265,381,141,148	188	149	0.0109672834994	0.12740327665136333
5854	654	1	955,757,299,291	0,0,0,0	298	149	1	1.0
5857	73	11	11,0,4,0	1,0,0,0	298	149	1	1.0
5858	11	4	3,0,0,0	0,0,0,0	163	149	1	1.0
5859	71	54	11,0,4,0	2,0,2,0	298	149	1	1.0
5860	3	0	2,0,0,1	1,1,0,0	164	149	1	1.0
5862	28	2	12,12,0,0	2,0,0,0	259	149	1	1.0
5867	0	2	13,3,0,2	9,2,0,0	200	149	1	1.0
5868	2	60	0,3,0,0	34,17,35,30	160	149	0.756714941582	1.0
5872	1	2	58,0,0,0	6,2,0,0	194	149	1	1.0
5873	57	7	160,66,32,28	3,2,7,0	176	149	0.0377640279841	0.2916512742927169
5874	24	2	3,5,17,11	0,0,0,0	155	149	0.323624326249	1.0
5875	12	15	14,0,11,12	16,4,5,6	237	149	0.66801036756	1.0
5876	3	0	14,11,8,9	4,0,0,1	298	149	0.191067812856	0.8233339447334281
5877	22	0	13,1,10,10	0,1,0,2	171	149	1	1.0
5878	0	3	0,2,0,4	0,1,0,0	155	149	1	1.0
5881	354	3	136,226,207,151	0,7,1,6	298	149	0.257758512071	0.976951001929878
5882	161	2	39,28,46,38	0,0,0,0	199	149	0.54514981096	1.0
5883	685	100	83,181,166,161	16,27,24,15	199	149	0.698475697374	1.0
5884	482	4	104,126,142,162	0,0,0,0	298	149	0.825799680073	1.0
5885	735	0	164,178,198,234	1,0,0,0	298	149	1	1.0
5886	781	7	143,151,165,232	0,6,5,2	298	149	0.31405777832	1.0
5887	328	7	45,44,56,95	0,6,5,2	222	149	0.185194087519	0.8106984901667252
5888	75	35	13,10,8,2	0,7,6,4	214	149	0.97359092132	1.0
5889	365	116	40,62,75,65	32,28,8,31	214	149	0.52570998241	1.0
5890	310	13	31,55,68,63	2,4,4,7	298	149	0.270704651791	0.9983129222133704
5891	4	11	4,0,2,0	0,0,0,0	201	149	1	1.0
5892	40	3	37,6,7,7	3,0,0,0	167	149	0.0411942903848	0.3087357032065118
5893	9	3	9,3,2,4	3,0,0,0	218	149	0.00475805280449	0.07494605208428318
5894	0	31	2,2,0,0	30,5,5,3	200	149	1	1.0
5897	16	0	4,3,7,4	2,0,0,0	236	149	1	1.0
5898	27	11	9,9,13,13	5,9,21,13	236	149	0.023377761392	0.22019323905708105
5899	1	0	9,1,4,1	2,0,0,0	197	149	1	1.0
5901	20	37	2,15,11,10	11,0,8,11	160	149	0.115268629017	0.6061202913011579
5902	411	45	212,299,146,110	14,23,22,23	160	149	0.943310442991	1.0
5904	9	0	23,5,3,5	5,6,0,0	175	149	0.00987992016695	0.1204681285501151
5906	69	0	95,54,24,41	0,0,2,0	163	149	1	1.0
5924	26	0	1,58,46,5	0,1,0,0	298	149	1	1.0
5925	26	1	1,58,46,5	0,0,0,3	298	149	0.23173016713	0.92351163561048
5926	0	1	0,1,0,0	0,0,0,3	153	149	1	1.0
5927	12	0	5,30,17,10	0,1,6,0	153	149	0.087600361985	0.5120121786460796
5928	4	2	0,4,0,0	2,0,0,0	233	149	1	1.0
5929	10	49	5,8,4,6	13,27,32,37	298	149	0.914226633704	1.0
5930	14	49	5,8,6,6	13,27,32,37	298	149	0.457145141716	1.0
5935	1	0	8,5,0,0	2,2,0,1	153	149	1	1.0
5946	614	0	74,476,346,400	0,0,0,2	212	149	1	1.0
5948	9	73	8,5,7,9	28,74,26,28	253	149	0.349080973165	1.0
5950	21	2	21,10,9,20	0,0,0,0	199	149	0.192470910031	0.8281001499481915
5951	0	104	4,0,0,0	53,19,12,6	257	149	1	1.0
5952	0	24	2,1,0,0	8,10,2,11	298	149	1	1.0
5954	10	0	93,0,2,0	2,0,0,0	282	149	1	1.0
5955	24	3	29,13,0,1	16,1,0,0	158	149	1	1.0
5956	0	69	9,3,1,3	60,29,8,11	164	149	0.000323570511157	0.011001397379338
5963	9	361	12,0,2,2	318,47,99,116	259	149	0.874009445846	1.0
5964	248	1	646,283,199,269	1,7,0,0	183	149	1	1.0
5965	3	6	7,1,3,1	4,0,0,0	298	149	0.000678827428323	0.018738325447173507
5967	26	0	105,4,5,1	4,0,0,0	298	149	0.417119253414	1.0
5968	13	0	19,15,7,20	0,2,0,0	298	149	1	1.0
5969	13	0	23,15,7,20	0,1,0,0	298	149	1	1.0
5980	19	4	8,21,1,3	4,1,0,0	298	149	0.136469123283	0.6711028957474567
5981	6	4	29,10,17,3	12,2,4,2	298	149	0.290206000359	1.0
5985	7	1	23,12,0,0	7,2,0,0	161	149	1	1.0
5986	2	1	12,2,0,0	7,2,0,0	234	149	1	1.0
5987	2	1	12,2,0,1	7,2,0,0	240	149	1	1.0
5988	0	5	7,0,0,0	18,10,0,0	222	149	1	1.0
5989	0	5	7,0,0,1	18,10,0,0	228	149	1	1.0
5992	63	4	25,23,22,30	2,0,0,0	210	149	0.00989497899497	0.1204681285501151
5993	255	4	134,143,191,153	2,0,0,0	214	149	0.451048745627	1.0
5994	71	4	36,24,32,40	2,0,0,0	235	149	0.00866340110044	0.11021462026510236
5995	194	2	111,122,169,123	0,2,0,0	153	149	1	1.0
5996	10	2	13,3,10,10	0,2,0,0	174	149	0.0497234381089	0.3430562830221472
5997	10	194	3,2,8,2	101,121,167,115	170	149	0.124848330015	0.6328675346942182
5998	63	4	37,22,24,40	0,0,2,2	214	149	0.0293473869768	0.24719188788917948
5999	65	4	33,22,27,38	0,0,2,2	235	149	0.0302618238258	0.24961528055127338
6000	4	2	0,0,3,0	4,0,0,2	170	149	1	1.0
6011	53	2	10,18,27,43	2,0,0,0	298	149	0.379547667924	1.0
6016	0	164	0,1,0,0	301,119,68,104	164	149	1	1.0
6019	2	0	8,0,1,0	2,0,0,0	158	149	1	1.0
6020	33	0	33,3,17,12	4,0,2,0	158	149	0.129406983836	0.6456429341323292
6041	24	11	14,1,14,6	4,2,10,0	166	149	0.617873243609	1.0
6043	1	1	1,0,0,4	20,12,0,0	269	149	1	1.0
6045	58	0	11,17,25,34	0,1,0,1	295	149	1	1.0
6046	77	1	25,17,40,50	0,1,0,0	295	149	0.414153748219	1.0
6047	0	35	2,0,0,0	265,49,4,7	282	149	1	1.0
6048	2	406	18,10,3,2	942,448,167,132	165	149	0.113252584673	0.6049193999017981
6054	0	16	0,4,0,2	0,2,0,0	185	149	1	1.0
6062	2	0	77,4,0,0	3,0,0,0	298	149	1	1.0
6064	25	3	56,19,10,14	5,3,0,6	298	149	0.815519254318	1.0
6066	3	29	2,2,6,3	71,72,35,18	215	149	0.666233279938	1.0
6067	15	37	22,25,27,36	70,92,51,45	298	149	0.807797333154	1.0
6068	18	0	33,38,31,53	0,0,2,0	298	149	1	1.0
6069	47	0	88,113,67,71	0,0,2,0	185	149	1	1.0
6077	6	8	1,0,0,0	10,10,2,2	161	149	5.92959401913e-07	7.872241964444972e-05
6078	0	2	2,0,0,0	0,0,0,0	298	149	1	1.0
6083	8	89	11,2,7,4	53,42,58,52	163	149	0.698557763995	1.0
6086	3	20	0,0,0,2	13,19,13,15	239	149	0.0527627016222	0.3561056407722249
6087	21	31	4,0,2,12	18,21,11,8	153	149	0.0375079640117	0.2904783435128322
6096	4	15	12,4,0,1	26,8,3,2	274	149	0.585543591691	1.0
6097	228	6	140,116,120,105	2,1,0,2	208	149	0.038191552677	0.2922769213929008
6098	54	6	44,34,40,45	2,1,0,2	214	149	0.00536421664901	0.081162361843952
6099	1	175	2,3,1,7	98,85,81,67	155	149	0.0484415857283	0.337637852526251
6101	0	8	1,0,0,0	7,14,12,6	191	149	1	1.0
6108	463	2	824,220,61,99	2,0,0,0	166	149	1	1.0
6111	21	52	8,4,4,2	26,34,34,45	298	149	0.000806125733248	0.021202627776371923
6117	6	134	8,7,10,3	166,257,191,147	254	149	0.771165481476	1.0
6121	841	4	141,306,301,199	1,0,0,0	298	149	1	1.0
6123	13	806	8,1,4,2	231,427,279,294	298	149	1	1.0
6129	5	11	6,2,4,8	17,12,0,0	227	149	0.0891609801045	0.5168000260526945
6130	3	4	4,2,4,8	2,6,6,2	227	149	0.583741695463	1.0
6131	9	51	17,9,5,0	39,40,21,14	298	149	0.414371384549	1.0
6132	2	172	0,0,0,0	53,88,151,117	153	149	0.914909648014	1.0
6139	32	67	30,25,11,13	82,46,15,30	298	149	0.872173606364	1.0
6140	19	36	16,23,44,28	19,23,53,34	180	149	0.126416404054	0.6350431252298235
6141	22	204	25,23,69,43	222,132,344,293	180	149	0.115658534782	0.6061202913011579
6146	11	0	5,6,10,14	1,2,0,0	154	149	1	1.0
6149	0	5	2,0,0,0	80,2,0,0	298	149	1	1.0
6151	7	30	0,0,1,1	15,22,21,21	152	149	1	1.0
6158	91	2	37,42,42,58	0,2,0,0	194	149	0.937980574822	1.0
6166	14	63	9,11,12,2	18,12,23,11	153	149	0.0513969286474	0.35121234575723337
6169	48	40	39,32,12,28	15,29,19,9	191	149	0.493864703084	1.0
6181	4	0	1,0,2,0	0,0,4,2	298	149	1	1.0
6189	0	2	11,0,0,0	34,4,1,3	182	149	0.0271873258134	0.234842525993321
6196	3	0	2,2,0,0	2,0,0,0	162	149	1	1.0
6197	0	19	0,2,0,0	2,6,0,0	153	149	1	1.0
6199	0	35	4,0,0,0	193,4,3,2	200	149	1	1.0
6203	24	0	140,25,16,14	1,0,0,0	298	149	1	1.0
6204	49	0	156,31,21,12	3,0,0,0	167	149	1	1.0
6207	1	79	4,0,0,3	53,50,32,38	156	149	0.422736305172	1.0
6212	2	19	0,0,0,0	54,30,6,2	298	149	0.653666562608	1.0
6220	0	2	4,0,0,2	3,0,1,0	167	149	1	1.0
6232	2	20	0,0,0,0	8,7,6,9	215	149	0.442428096063	1.0
6233	0	64	6,2,0,0	40,54,51,41	191	149	0.34196057795	1.0
6236	9	11	9,2,0,0	0,4,1,0	293	149	1	1.0
6237	2	0	0,0,0,0	0,2,0,0	217	149	1	1.0
6243	44	27	20,30,18,38	16,5,8,12	158	149	0.173100894224	0.7721684689544192
6244	101	0	25,14,27,19	2,0,0,0	298	149	1	1.0
6245	44	1	13,5,16,7	0,0,4,0	282	149	0.321220499455	1.0
6247	0	4	21,0,0,0	12,2,4,2	182	149	0.0259511275397	0.22968807485931303
6248	5	46	44,2,2,0	81,37,11,11	182	149	0.199945399628	0.8497679484189999
6253	0	1	4,0,0,0	3,0,0,0	184	149	1	1.0
6270	5	5	0,0,2,1	0,3,0,0	258	149	1	1.0
6271	359	4	150,290,214,175	2,2,3,0	193	149	0.889660951161	1.0
6273	17	0	142,13,3,7	12,2,0,2	236	149	0.0127406111758	0.1409556506275016
6274	41	531	15,82,113,126	126,1222,1017,967	180	149	0.165795725482	0.750387147149052
6275	834	0	192,1554,2109,2214	0,2,0,2	298	149	1	1.0
6276	602	2	180,1437,1490,1402	0,0,0,0	179	149	1	1.0
6277	496	0	112,951,842,764	0,2,2,2	180	149	1	1.0
6278	1	9	0,0,0,0	23,24,2,1	231	149	0.235148834176	0.9299219144435291
6281	9	6	27,25,2,1	0,17,10,2	298	149	0.951872347701	1.0
6282	0	6	4,1,0,0	0,17,10,2	298	149	0.188831533175	0.8219949538733811
6283	0	6	4,1,0,0	0,17,10,2	298	149	0.188831533175	0.8219949538733811
6284	0	6	4,2,0,0	0,17,10,2	238	149	0.0882862793862	0.5149417299764134
6291	0	2	2,0,0,0	6,0,0,0	159	149	1	1.0
6292	25	9	18,27,7,14	1,3,5,5	173	149	0.264548182686	0.9885091156983882
6293	1	0	0,0,1,2	0,0,0,10	198	149	1	1.0
6294	3	0	0,0,2,2	0,0,1,1	232	149	1	1.0
6295	6	35	0,5,0,2	17,28,42,38	269	149	0.0194879370926	0.19225446528997456
6296	132	4	25,80,104,133	0,0,2,1	298	149	0.0276597173231	0.2372778212209317
6302	6	6	45,13,3,0	12,3,0,2	298	149	0.189577745818	0.8219949538733811
6307	48	0	49,24,11,13	2,0,1,0	298	149	1	1.0
6308	46	0	64,24,13,13	2,0,2,0	298	149	1	1.0
6318	0	73	4,2,0,0	541,196,275,199	158	149	1	1.0
6320	2	0	5,0,1,0	5,0,0,0	298	149	1	1.0
6324	0	3	2,0,0,0	16,2,0,0	232	149	1	1.0
6326	420	7	498,461,531,646	3,3,6,3	290	149	0.0680713259848	0.4255221005507228
6329	18	0	9,1,0,6	0,2,0,0	254	149	1	1.0
6331	12	26	2,6,16,9	25,6,7,13	218	149	0.557575298729	1.0
6332	0	4	1,0,0,0	0,0,0,0	186	149	1	1.0
6334	9	12	4,6,9,2	6,12,5,6	164	149	0.813220186783	1.0
6337	36	2	30,17,13,11	0,0,0,0	152	149	0.546804104127	1.0
6339	162	2	36,36,69,34	0,0,0,0	165	149	0.623643463478	1.0
6340	477	5	130,247,301,199	2,0,3,2	165	149	0.891336440358	1.0
6344	0	12	0,0,0,1	15,55,40,55	155	149	1	1.0
6346	12	1	33,41,39,57	0,0,0,0	153	149	0.228705351351	0.916908060368
6347	15	2	37,65,86,117	0,3,0,0	298	149	0.0244267709104	0.22507468552090923
6348	7	4	18,41,11,19	0,0,0,0	201	149	1.86793430309e-05	0.0010849585077114417
6355	0	14	2,4,4,0	41,16,6,4	191	149	0.0217208572539	0.20954238762585883
6357	2	150	14,0,0,0	1904,204,24,21	276	149	1	1.0
6358	52	307	10,21,27,22	62,288,292,293	298	149	0.00185947369584	0.039574142473297096
6361	4	12	0,0,0,0	19,12,13,13	191	149	0.000708917462365	0.019188950340520584
6364	29	0	19,12,7,6	0,0,0,2	232	149	1	1.0
6365	0	20	4,2,0,0	19,48,11,12	169	149	0.348812549872	1.0
6366	1	0	0,1,0,7	0,0,1,0	153	149	1	1.0
6367	21	20	8,7,3,9	4,15,8,9	153	149	0.462592490921	1.0
6369	6	3	29,10,2,1	17,8,0,3	174	149	0.649510230169	1.0
6372	0	1	2,0,0,0	12,6,0,0	165	149	1	1.0
6373	0	1	2,1,0,0	12,6,0,0	161	149	1	1.0
6378	2	2	36,4,0,0	7,0,0,0	277	149	1	1.0
6379	8	2	31,0,0,0	2,4,0,0	298	149	1	1.0
6385	0	35	0,0,2,1	29,21,16,28	153	149	1	1.0
6386	20	61	6,8,6,4	67,104,67,38	236	149	0.000108575565741	0.004657056573629354
6388	8	5	19,6,1,8	0,0,0,0	263	149	1.04777216792e-07	2.0865634315435427e-05
6389	0	6	3,0,2,0	47,2,2,0	172	149	1	1.0
6393	70	7	40,37,28,23	0,0,0,0	298	149	3.76799179191e-06	0.00030014746045271655
6394	0	68	0,0,1,2	34,38,42,39	298	149	1	1.0
6395	36	0	26,18,18,4	0,2,0,0	160	149	1	1.0
6398	14	123	15,0,8,3	81,73,68,63	159	149	0.397002236207	1.0
6399	4	4	2,0,0,0	0,0,0,0	151	149	1	1.0
6401	1292	16	63,277,239,325	0,0,2,0	253	149	0.0300979220825	0.24961528055127338
6402	666	49	66,178,53,85	0,14,2,9	298	149	0.348050669836	1.0
6403	70	2	136,58,29,12	2,0,0,6	298	149	0.548729786465	1.0
6405	0	12	0,2,0,3	0,37,25,36	153	149	1	1.0
6406	249	0	68,109,138,190	0,0,2,0	298	149	1	1.0
6407	308	5	98,167,152,209	2,0,0,1	298	149	0.110174309286	0.601381138040334
6408	727	3	335,476,406,390	2,1,2,0	298	149	1	1.0
6411	10	44	5,3,6,4	42,20,9,7	298	149	0.910526251076	1.0
6412	32	0	29,9,13,6	0,0,2,0	298	149	1	1.0
6415	2	2	30,0,0,0	21,2,0,0	298	149	1	1.0
6418	2	12	0,0,0,0	1,0,0,2	158	149	1	1.0
6419	22	19	9,11,10,7	2,5,7,2	152	149	0.0737070103048	0.45064724721443505
6420	2107	19	1771,1184,808,745	2,4,2,0	156	149	1	1.0
6421	7	2	19,11,1,5	0,0,0,0	151	149	0.0671683564578	0.42256979167123504
6422	1971	3	1556,1278,555,413	2,0,0,0	151	149	1	1.0
6423	4174	8	2545,2152,1461,1204	1,1,0,2	236	149	1	1.0
6426	1	20	2,4,4,4	4,20,6,12	180	149	0.0164977563709	0.16972599543198968
6427	5	307	1,0,4,4	190,147,169,154	170	149	0.860913079931	1.0
6428	3	2	1,0,0,1	0,3,0,0	170	149	1	1.0
6432	4	0	18,6,11,11	6,0,4,0	154	149	0.0212840986529	0.2060418994593236
6433	1	1	0,30,16,14	0,5,2,2	236	149	1	1.0
6434	28	1	75,56,37,48	0,0,0,0	153	149	0.300941368502	1.0
6435	3	5	6,6,7,11	2,0,0,0	225	149	3.22285527043e-07	5.2854826435052e-05
6437	4	4	3,2,1,0	2,1,4,0	153	149	1	1.0
6438	34	104	36,40,44,26	77,69,74,47	225	149	0.0362864057595	0.28417555971203934
6439	0	83	5,0,0,0	65,70,24,17	246	149	1	1.0
6441	214	0	207,115,155,147	1,2,0,0	271	149	1	1.0
6442	2	0	7,0,0,0	0,1,0,0	161	149	1	1.0
6454	2	0	2,0,0,0	8,0,0,0	238	149	1	1.0
6462	17	0	23,1,4,3	0,0,1,0	298	149	1	1.0
6464	5	97	5,0,2,0	89,35,49,39	218	149	0.195647381294	0.8366026059013375
6465	1	45	0,0,0,1	70,52,31,38	168	149	0.453220716604	1.0
6466	20	14	18,7,3,19	16,7,14,10	155	149	0.333745104659	1.0
6480	4	42	4,0,0,0	30,16,8,5	211	149	0.0755086634988	0.45864521532604446
6492	1	23	0,0,1,0	6,6,17,5	153	149	0.382483815765	1.0
6495	2	2	7,5,1,0	2,0,0,0	267	149	1	1.0
6496	2	2	7,5,1,0	2,0,0,0	298	149	1	1.0
6497	2	2	7,5,1,0	2,0,0,0	298	149	1	1.0
6502	0	3	10,0,0,2	65,8,0,0	298	149	1	1.0
6512	18	123	7,4,2,0	45,15,0,2	296	149	0.937857957802	1.0
6514	232	10	98,62,89,87	6,2,4,0	298	149	0.366249923967	1.0
6521	0	5	3,0,0,0	87,8,2,0	266	149	1	1.0
6522	0	2	0,9,0,1	0,7,2,1	248	149	1	1.0
6523	4	10	6,5,0,0	9,1,0,0	176	149	1	1.0
6524	151	10	118,76,44,77	1,0,2,2	298	149	0.000351253732488	0.011658278644958857
6526	5	126	3,2,2,0	34,67,45,42	153	149	0.463075868759	1.0
6527	2	270	5,1,4,0	160,47,43,52	196	149	0.408754787457	1.0
6530	0	55	0,2,0,0	36,37,8,19	173	149	1	1.0
6537	4	0	39,3,0,0	0,0,0,1	191	149	1	1.0
6539	11	130	8,0,4,5	208,110,48,52	298	149	0.0519465827462	0.35237730583067056
6543	0	26	4,0,4,0	12,14,10,18	188	149	0.0268358231357	0.23380710906978627
6544	33	13	25,17,20,11	4,14,4,16	161	149	0.729678373605	1.0
6546	15	3	9,2,0,0	12,9,9,7	296	149	6.92937648261e-07	8.399609405876818e-05
6550	3	5	0,0,4,8	7,0,3,2	211	149	1	1.0
6553	4	3	5,4,0,4	0,0,0,0	257	149	1	1.0
6567	6	0	62,0,0,0	2,0,0,0	298	149	1	1.0
6568	4	5	10,0,2,3	16,0,2,2	298	149	1	1.0
6569	4	0	2,2,0,0	1,0,0,0	271	149	1	1.0
6579	10	6	6,2,1,6	4,0,2,6	261	149	0.653333035361	1.0
6580	41	5	6,6,23,12	4,3,5,1	298	149	0.195075023478	0.8366026059013375
6583	22	2	34,6,13,15	0,0,0,0	298	149	0.113664342129	0.6049193999017981
6584	12	2	3,0,4,1	0,1,0,0	194	149	0.110814388223	0.601381138040334
6587	6	39	12,1,0,0	115,55,8,22	269	149	0.0930845396521	0.5380072341623563
6590	0	58	0,0,0,2	29,32,31,20	156	149	1	1.0
6591	2	58	0,5,0,0	29,32,31,20	190	149	0.65247601571	1.0
6592	2	0	0,5,0,0	0,0,0,2	183	149	1	1.0
6597	946	2	1023,962,624,579	1,0,0,0	298	149	1	1.0
6598	7	13	14,7,9,4	15,2,3,2	298	149	0.0371575078845	0.2893718770446536
6600	4	136	0,0,0,2	26,25,8,22	298	149	0.943473511389	1.0
6603	4	0	38,4,2,7	6,0,0,0	298	149	0.137188973794	0.6733853150311127
6604	3	0	41,8,0,0	2,0,0,0	164	149	1	1.0
6605	3	0	102,7,0,4	11,0,0,0	164	149	1	1.0
6607	20	4	132,33,32,20	10,6,2,2	217	149	0.302536859574	1.0
6611	1	0	22,0,0,0	38,0,0,0	179	149	1	1.0
6612	42	2	132,63,25,32	0,0,0,0	197	149	0.474737885843	1.0
6613	15	0	41,6,5,0	2,1,0,0	165	149	1	1.0
6615	325	37	478,225,185,237	35,23,4,19	298	149	0.0486858880045	0.33849440338290776
6617	0	9	4,0,0,0	21,13,7,9	268	149	1	1.0
6619	157	22	37,24,10,6	9,3,0,0	153	149	0.534024542422	1.0
6620	60	22	35,23,1,3	9,3,0,0	298	149	0.0498342161492	0.3430562830221472
6621	60	157	31,23,1,3	33,24,10,6	294	149	0.126062065471	0.6344062067385343
6622	21	4	12,3,2,1	0,0,0,0	222	149	0.000209200484536	0.007674354616925895
6623	13	1228	4,3,0,0	310,384,174,159	298	149	1	1.0
6629	8	131	2,0,0,0	95,50,59,64	175	149	0.00172870462857	0.03794983074372567
6632	64	4	410,51,3,19	2,0,0,0	160	149	0.0325888862989	0.26033757880038166
6633	1	4	0,0,0,0	49,6,0,1	298	149	1	1.0
6634	8	0	91,9,2,7	0,2,0,0	218	149	1	1.0
6649	2	3	0,0,0,0	3,0,0,0	154	149	1	1.0
6651	23	0	48,71,50,46	0,1,0,0	298	149	1	1.0
6653	27	0	47,68,35,67	0,0,2,0	298	149	1	1.0
6654	3	3	5,1,1,0	2,7,1,2	177	149	0.225903879825	0.9154360711513081
6655	5	3	9,1,1,0	2,7,1,2	224	149	0.127857884569	0.6411291046373596
6656	3	1	4,0,0,0	0,0,0,0	196	149	1	1.0
6657	2	1	5,1,1,0	0,0,0,0	177	149	1	1.0
6665	32	34	19,15,9,17	9,17,14,9	158	149	0.470797363168	1.0
6670	0	113	4,0,0,0	51,47,44,44	191	149	1	1.0
6671	7	89	7,2,4,0	100,104,50,66	211	149	0.129452797769	0.6456429341323292
6672	10	110	31,0,3,10	390,238,140,110	257	149	0.153717991443	0.7159193068082872
6673	19	0	23,8,9,11	10,0,0,0	298	149	0.0220115642157	0.21088742623151754
6674	10	0	5,1,0,1	1,1,0,0	153	149	1	1.0
6676	17	10	7,3,7,10	4,6,13,6	158	149	0.245718081589	0.9475269868189931
6677	77	24	56,62,24,37	14,18,26,11	158	149	0.531094720747	1.0
6678	8	0	12,1,2,2	0,0,5,0	193	149	0.167776321822	0.7544522342576387
6679	2	0	15,0,0,0	1,0,0,0	155	149	1	1.0
6680	0	31	0,2,0,0	30,54,20,27	298	149	1	1.0
6681	0	7	0,0,0,3	30,9,3,0	179	149	0.228414019145	0.916908060368
6683	6	25	3,6,0,0	9,14,8,3	232	149	0.703020946587	1.0
6686	5	2	15,12,0,1	0,1,0,1	161	149	1	1.0
6687	55	6	125,29,13,43	9,2,0,4	152	149	0.374430164314	1.0
6689	8	65	7,5,2,8	50,38,31,28	289	149	0.790623155971	1.0
6692	5	718	33,8,1,0	3067,757,427,508	298	149	1	1.0
6695	0	2	0,0,2,0	2,5,5,2	178	149	1	1.0
6696	78	21	119,51,32,31	26,13,8,14	212	149	0.958724950644	1.0
6697	38	0	56,23,12,22	2,2,0,0	212	149	0.885141496496	1.0
6698	30	5	75,12,12,12	1,0,0,2	192	149	0.000441050702748	0.013936602313926159
6699	3	29	4,1,0,1	55,8,14,9	203	149	0.340935138399	1.0
6700	355	4	222,238,276,210	3,4,1,4	233	149	0.911573432304	1.0
6707	2	0	5,0,0,0	34,0,0,0	298	149	1	1.0
6709	2	32	0,0,0,0	36,21,8,3	163	149	0.545383680308	1.0
6711	40	6	51,13,12,15	2,0,0,0	173	149	0.000127129751123	0.00534475866115785
6715	17	4	0,0,0,3	0,0,0,0	184	149	1	1.0
6716	0	2	32,4,0,4	7,9,2,4	206	149	0.00335200325206	0.05877600670907723
6718	24	15	2,7,2,4	30,12,2,1	298	149	0.0174768801167	0.17848183796835018
6719	10	2	14,36,21,32	2,2,2,0	178	149	0.22917189107	0.916908060368
6723	0	46	2,0,0,0	92,20,15,10	167	149	1	1.0
6724	152	0	54,77,80,119	1,0,0,0	153	149	1	1.0
6726	302	8	46,55,87,54	0,0,1,10	233	149	0.73208011306	1.0
6728	0	2	3,0,0,0	16,0,0,0	215	149	1	1.0
6729	0	5	2,0,0,0	20,2,0,0	154	149	1	1.0
6731	0	18	7,0,0,0	40,9,2,2	268	149	0.221623366824	0.9095875228991626
6732	0	18	1,0,0,0	40,9,2,2	175	149	1	1.0
6733	59	0	72,23,14,14	0,0,1,0	298	149	1	1.0
6735	12	3	52,2,4,1	0,0,0,0	191	149	0.00252716849568	0.04793024330582204
6737	0	13	2,0,0,0	9,6,5,11	192	149	1	1.0
6738	19	0	52,12,12,14	3,0,0,0	298	149	1	1.0
6739	1	5	17,2,0,0	12,0,0,0	178	149	1	1.0
6745	0	2	5,0,0,3	37,2,0,1	298	149	1	1.0
6751	0	21	1,0,0,0	52,13,2,8	298	149	1	1.0
6765	2	0	9,0,0,0	1,0,0,0	153	149	1	1.0
6771	5	0	119,1,0,0	2,0,0,0	201	149	1	1.0
6772	6	0	49,0,0,0	2,0,0,0	201	149	1	1.0
6775	2	52	0,1,0,1	35,22,16,6	167	149	0.752505380679	1.0
6781	0	2	2,0,0,0	24,0,0,0	191	149	1	1.0
6786	0	1	5,0,0,0	2,0,0,0	181	149	1	1.0
6787	30	0	2,2,11,14	0,0,0,1	168	149	1	1.0
6789	21	2	20,16,3,17	0,4,0,0	168	149	0.208592395963	0.877157767639282
6791	209	0	134,128,148,126	0,1,0,0	298	149	1	1.0
6792	3	39	9,1,2,5	33,22,12,12	249	149	0.119997347789	0.6195418622883926
6793	17	87	16,6,1,7	96,55,46,51	298	149	0.122118104056	0.6247069249690422
6794	53	87	46,27,13,18	96,55,46,51	200	149	0.097497110053	0.5547386588321714
6798	68	91	21,13,18,13	21,28,40,40	298	149	0.113857557269	0.6049193999017981
6801	35	4	172,14,12,7	8,0,0,4	263	149	0.357767417249	1.0
6803	47	0	70,16,2,3	2,0,0,0	200	149	1	1.0
6805	40	782	14,3,0,2	431,40,33,17	298	149	0.0983379455727	0.5562974602274621
6811	21	0	328,28,6,9	2,0,0,0	202	149	1	1.0
6817	572	137	401,273,124,229	91,102,48,56	298	149	0.238488384105	0.9365929996565273
6818	988	0	518,519,297,399	0,0,4,0	298	149	1	1.0
6819	6	0	12,9,11,23	2,0,2,0	251	149	0.915843409417	1.0
6821	9	0	9,15,22,15	0,2,0,0	265	149	1	1.0
6823	2	4	10,0,5,0	21,0,0,0	153	149	1	1.0
6825	9	72	0,0,5,2	17,43,7,49	158	149	0.0618608440594	0.399231558420387
6827	191	3	196,464,430,296	0,0,0,0	298	149	0.434351495245	1.0
6828	16	10	1,4,0,2	3,4,2,0	191	149	0.169428569249	0.7606551546959934
6835	11	2	4,13,4,7	0,1,0,0	298	149	0.00446796367342	0.07200394636702288
6836	18	3	18,1,3,5	0,1,0,0	283	149	0.00203975653409	0.04212474975587348
6840	0	3	0,2,0,0	7,5,0,0	298	149	1	1.0
6846	0	2	3,0,0,0	0,0,5,0	158	149	1	1.0
6850	2	1	5,6,0,2	0,0,0,0	167	149	1	1.0
6860	1	0	1,2,0,0	2,0,0,1	262	149	1	1.0
6862	4	2	0,0,2,0	0,0,0,0	158	149	1	1.0
6864	1	0	0,0,1,1	2,0,0,0	298	149	1	1.0
6867	2	0	59,2,0,0	3,0,0,0	179	149	1	1.0
6868	9	232	2,2,5,5	58,95,111,74	298	149	0.813683380405	1.0
6883	25	2	59,13,7,2	0,0,0,0	176	149	0.286133944173	1.0
6887	0	4	4,1,0,0	2,0,0,0	158	149	1	1.0
6888	7	4	12,0,0,2	2,0,0,0	161	149	1	1.0
6889	7	0	10,0,0,2	2,1,0,0	152	149	1	1.0
6891	79	0	190,54,17,12	2,0,0,0	212	149	1	1.0
6897	3	1	2,11,2,0	2,7,4,0	173	149	1	1.0
6898	8	0	11,4,2,2	1,0,0,4	173	149	0.149282166418	0.6999104429013715
6900	67	83	16,12,15,17	49,37,42,38	222	149	0.000703756445933	0.019188950340520584
6901	3	11	5,2,2,3	38,17,6,9	171	149	0.616379201073	1.0
6902	59	11	11,11,13,13	38,17,6,9	222	149	1.99871470296e-05	0.0011372278758882612
6903	56	0	7,9,11,10	1,0,0,0	200	149	1	1.0
6904	6	80	8,2,2,3	33,18,17,14	171	149	0.160198549749	0.7345946656253487
6905	92	80	28,13,17,15	33,18,17,14	222	149	0.270118906582	0.9983129222133704
6906	89	3	24,11,15,12	4,0,0,0	200	149	0.282279510744	1.0
6907	56	7	11,10,13,15	4,4,0,2	222	149	0.862178398039	1.0
6908	10	2	17,8,0,1	2,8,0,0	298	149	1	1.0
6909	0	3	0,0,0,2	21,13,2,3	298	149	1	1.0
6910	4	122	2,0,0,4	49,103,79,58	298	149	0.798970363135	1.0
6912	57	2	29,58,15,32	0,0,0,0	298	149	0.409613119824	1.0
6920	26	107	19,17,10,12	367,137,55,39	265	149	0.00445315938131	0.07200394636702288
6927	0	8	2,0,0,0	11,5,0,0	298	149	1	1.0
6930	52	0	217,35,15,23	4,0,0,0	254	149	1	1.0
6934	2	16	0,0,0,0	53,16,4,4	178	149	0.26110871213	0.9810931124237736
6936	32	0	21,7,19,21	0,0,0,2	231	149	1	1.0
6937	0	1	2,0,0,0	0,0,0,0	154	149	1	1.0
6938	1	0	2,0,0,0	2,0,0,0	226	149	1	1.0
6946	0	11	3,0,0,0	70,11,2,13	298	149	1	1.0
6951	104	0	130,89,72,62	0,2,0,0	298	149	1	1.0
6955	2	57	31,4,0,1	279,71,32,16	298	149	0.0822642711052	0.49007005948995214
6959	10	117	8,1,12,17	29,39,49,56	298	149	0.0188580887118	0.18788333750465716
6960	0	211	0,1,0,1	80,88,64,63	167	149	1	1.0
6962	78	273	7,16,9,29	32,392,283,305	161	149	9.65538760056e-12	8.97307354345376e-09
6980	4	3	0,0,0,0	9,0,0,2	217	149	1	1.0
6986	154	2	93,128,160,211	0,0,6,0	286	149	0.637292865735	1.0
6992	0	13	13,0,0,0	120,26,7,2	158	149	0.0420202361134	0.3132417601180727
6994	2	0	8,0,0,0	4,0,0,0	298	149	1	1.0
7001	26	0	55,10,4,2	2,0,0,0	298	149	1	1.0
7005	480	0	780,516,182,276	1,0,1,0	250	149	1	1.0
7008	12	2	3,12,3,4	0,0,0,0	171	149	0.114411082451	0.6052715329665806
7009	96	13	16,54,34,49	15,14,16,0	171	149	0.142605724574	0.6838794545934844
7010	3	10	2,2,0,3	14,15,1,12	152	149	0.322155141699	1.0
7011	14	37	18,8,6,5	81,35,11,11	152	149	0.427918483777	1.0
7012	21	4	33,18,5,3	0,0,0,0	168	149	0.00107053739169	0.02572981248303207
7013	0	6	1,0,0,0	22,0,0,2	154	149	1	1.0
7018	3322	4	1793,2388,636,557	2,7,2,0	196	149	1	1.0
7019	612	0	380,381,129,149	7,0,0,0	169	149	1	1.0
7020	21	0	512,47,6,4	0,1,0,0	298	149	1	1.0
7024	5	80	0,0,2,8	12,36,33,17	298	149	0.795959470392	1.0
7027	12	0	1,2,0,2	0,4,0,0	224	149	1	1.0
7029	176	2	140,146,128,110	0,0,0,5	153	149	1	1.0
7031	0	74	0,0,2,2	89,31,35,21	298	149	1	1.0
7033	11	2	9,16,5,1	1,0,0,0	159	149	0.0265601719112	0.23278276135134798
7036	15	0	11,2,0,11	1,0,0,0	208	149	1	1.0
7037	580	9	165,243,284,281	2,0,9,2	252	149	0.452981182225	1.0
7038	285	14	134,205,138,159	0,13,6,7	171	149	0.45045762976	1.0
7047	14	4	2,0,0,0	0,0,0,0	298	149	1	1.0
7050	3	133	1,1,1,2	70,63,60,50	240	149	0.793281277615	1.0
7051	3	133	5,1,1,2	70,63,60,50	218	149	0.710722918137	1.0
7056	4	44	0,1,0,4	12,4,11,14	298	149	0.365313543426	1.0
7059	3	29	1,2,0,0	9,13,12,7	298	149	1	1.0
7060	1	29	0,0,0,0	9,13,12,7	159	149	0.320721103342	1.0
7064	0	48	0,0,2,2	6,21,2,29	167	149	0.690008366544	1.0
7070	67	0	31,32,63,48	0,0,0,1	194	149	1	1.0
7071	1	374	1,0,0,0	305,231,114,213	231	149	1	1.0
7072	488	0	381,299,141,229	2,0,0,0	176	149	1	1.0
7077	2	30	1,2,0,0	158,32,12,13	213	149	0.555183697698	1.0
7081	59	0	8,89,38,76	0,1,1,6	171	149	0.147186557461	0.6966996981345807
7082	34	6	131,76,114,146	18,13,1,0	157	149	0.109317600012	0.5999556473099528
7085	1	56	2,2,2,2	28,37,25,27	153	149	0.142388735837	0.6838794545934844
7098	6	78	0,3,0,0	3,9,12,19	179	149	0.0257464977953	0.22933302189551563
7099	71	1	2,13,10,6	0,0,0,0	182	149	0.513936934829	1.0
7103	2	2	17,3,0,0	5,0,0,0	177	149	1	1.0
7107	6	0	92,3,0,0	2,0,0,0	298	149	1	1.0
7111	2	0	8,2,0,0	2,0,2,0	298	149	1	1.0
7112	2	0	9,2,0,0	2,2,0,0	298	149	1	1.0
7113	152	0	59,159,138,106	0,0,0,2	182	149	1	1.0
7120	261	2	338,123,126,155	2,0,2,0	298	149	0.701558220507	1.0
7121	3	26	3,1,5,3	12,50,78,46	166	149	0.526477678887	1.0
7123	8	1	10,4,2,11	0,0,0,0	246	149	0.262510611594	0.9850330889960592
7124	9	8	10,3,2,11	4,0,0,0	246	149	0.000136141415286	0.0055817980267260005
7126	8	5	10,4,2,11	5,9,2,0	246	149	0.772818596095	1.0
7127	1	5	0,0,0,0	5,9,2,0	153	149	1	1.0
7128	10	1	10,3,2,13	0,0,0,0	246	149	0.247670765635	0.9518769071871516
7131	149	7	280,180,68,40	0,0,0,0	195	149	0.00191082109147	0.04005540754149143
7136	5	16	68,8,0,0	42,9,2,2	227	149	0.286066241578	1.0
7145	57	0	77,25,1,2	2,0,0,0	194	149	1	1.0
7146	0	1043	0,2,0,0	363,351,179,126	164	149	1	1.0
7147	36	2	15,10,2,5	0,0,0,0	298	149	0.222820788179	0.9095875228991626
7150	2	72	2,0,3,2	72,89,42,54	151	149	0.900895957445	1.0
7151	22	2	17,11,17,11	2,0,0,0	164	149	0.0983696728451	0.5562974602274621
7152	92	2	87,100,56,63	2,0,0,0	162	149	0.604656507464	1.0
7153	2	19	2,0,0,0	63,32,8,14	152	149	0.155165805806	0.7198041041383162
7154	192	0	144,174,159,172	0,0,2,0	298	149	1	1.0
7156	92	1	150,105,50,33	0,2,0,0	191	149	0.695846841825	1.0
7161	114	1	2486,625,380,492	2,7,0,4	298	149	0.464812244701	1.0
7164	13	3	47,10,2,15	4,0,3,0	251	149	0.166764721536	0.7523301677060971
7167	2	0	0,0,0,0	5,15,9,12	298	149	3.33105178141e-06	0.0002814234050476085
7169	2	8	48,10,0,0	110,17,0,2	161	149	1	1.0
7173	30	206	17,10,5,0	262,25,14,13	155	149	0.700803327386	1.0
7175	43	0	58,22,25,51	7,7,5,5	298	149	0.000143726771163	0.0056471034248143665
7178	16	0	19,7,0,0	2,0,0,0	298	149	1	1.0
7182	2	7	26,0,0,0	70,2,2,0	298	149	1	1.0
7183	15	15	2,11,11,16	33,16,15,11	179	149	0.190517121597	0.8233339447334281
7184	17	18	4,12,12,16	8,6,2,3	230	149	0.0935916458281	0.5380072341623563
7185	17	18	35,17,16,11	8,6,2,3	200	149	0.000371240607394	0.012035102481563628
7186	96	39	51,30,74,73	16,19,17,16	298	149	0.356839096163	1.0
7188	153	0	369,167,48,75	6,5,0,2	153	149	0.377672910774	1.0
7189	4	0	3,1,0,0	0,2,0,0	196	149	1	1.0
7190	0	3	10,1,0,0	6,0,1,4	223	149	0.0973783799135	0.5547386588321714
7192	3	0	13,0,1,4	3,4,1,0	183	149	0.00481113351605	0.07527999341687643
7193	27	5	7,18,12,17	0,4,0,0	153	149	0.00748927778609	0.1044005323380946
7196	9	34	1,0,0,4	38,19,30,46	283	149	4.04362919981e-05	0.0020877107794574595
7199	34	61	21,12,14,15	17,21,6,11	298	149	0.0408360277095	0.3070788232218986
7200	126	0	64,39,55,35	2,0,0,0	298	149	1	1.0
7201	3222	0	966,2746,3845,3019	0,0,1,0	298	149	1	1.0
7203	2	1965	0,0,0,1	660,1990,1894,1278	158	149	1	1.0
7204	6	1965	0,0,0,1	660,1990,1894,1278	153	149	1	1.0
7205	86	0	13,31,72,39	0,6,2,5	280	149	0.00122392775033	0.028917886168813897
7206	2	0	11,5,8,1	2,5,1,0	257	149	0.00803042798889	0.10737179065577915
7207	46	0	8,2,2,0	0,0,1,3	152	149	0.132838751541	0.6589936642283061
7208	62	6	42,38,29,28	6,10,10,10	152	149	0.0245418595403	0.22507468552090923
7209	127	19	84,67,46,70	12,0,2,4	239	149	0.0111882921613	0.12836608455022386
7210	72	19	48,39,27,52	12,0,2,4	236	149	0.0075936782082	0.10487717988217851
7211	24	76	22,13,8,5	32,31,11,20	158	149	0.207980488745	0.875905744140574
7212	5	25	3,2,0,2	2,4,2,2	158	149	0.398339118972	1.0
7213	11	11	18,1,5,3	9,2,10,32	298	149	0.172821591372	0.7721580076043847
7215	0	7	3,0,0,0	29,14,1,7	193	149	1	1.0
7218	3	10	8,3,0,0	14,5,3,7	153	149	0.866583836009	1.0
7221	53	132	31,34,35,34	70,53,17,42	155	149	0.0244736673514	0.22507468552090923
7223	5	3	8,2,0,0	0,0,0,0	298	149	1	1.0
7224	0	16	2,0,0,0	10,10,0,3	268	149	1	1.0
7225	2	16	1,2,0,0	10,10,0,3	298	149	1	1.0
7226	2	0	1,2,0,0	2,0,0,0	200	149	1	1.0
7228	217	6	249,82,52,80	8,0,1,7	192	149	0.805609955224	1.0
7229	6	0	4,0,0,2	13,0,0,0	236	149	1	1.0
7230	3	0	90,0,0,0	22,1,0,0	197	149	1	1.0
7231	3	0	32,0,0,0	3,0,0,0	197	149	1	1.0
7232	9	0	107,10,0,0	3,0,0,0	164	149	1	1.0
7233	0	27	42,2,0,0	95,21,11,6	286	149	0.000452753758193	0.014025305309356488
7237	0	1	2,0,0,0	60,26,2,4	298	149	1	1.0
7241	140	3	20,1,2,0	1,0,0,0	185	149	1	1.0
7245	10	169	0,0,2,2	156,66,75,99	173	149	0.000610594034496	0.01702336168174848
7247	0	5	5,0,0,0	36,11,3,25	154	149	0.80288054775	1.0
7252	4	22	0,0,0,0	2,20,2,4	161	149	0.00236486363729	0.04577153072603034
7253	2	111	0,0,0,0	24,4,5,0	152	149	1	1.0
7254	34	32	27,27,11,16	19,12,9,12	173	149	0.238207600993	0.9365929996565273
7255	3	2	1,0,0,0	33,2,0,0	183	149	1	1.0
7257	38	78	14,5,11,0	102,37,14,4	298	149	0.00804903308718	0.10737179065577915
7258	6	82	5,0,0,2	41,48,36,46	180	149	0.100865705389	0.5669628762591371
7259	43	37	42,12,12,17	14,19,1,9	298	149	0.198534686784	0.8463527626204771
7260	46	37	38,11,11,15	14,19,1,9	298	149	0.358306513088	1.0
7261	41	18	23,8,14,22	14,6,10,8	298	149	0.465279103247	1.0
7262	42	6	41,18,19,17	0,0,0,6	298	149	0.0533069683892	0.3561056407722249
7266	2	4	0,0,0,0	0,1,0,0	160	149	1	1.0
7267	85	19	37,26,46,53	6,5,10,8	153	149	0.405751257701	1.0
7269	0	2	2,0,0,1	6,7,0,2	162	149	1	1.0
7275	0	10	2,2,9,0	7,10,7,7	164	149	0.0041689681953	0.06837107840291999
7276	11	0	9,15,13,15	0,3,0,0	298	149	0.905071813745	1.0
7282	58	8	27,36,24,26	0,0,0,0	298	149	1.29369844948e-07	2.404554184766827e-05
7289	60	4	246,259,114,106	63,35,11,16	155	149	0.030497379685	0.24962471957006332
7309	2	0	12,0,0,0	5,0,0,0	164	149	1	1.0
7312	2	0	5,0,0,0	6,0,0,0	155	149	1	1.0
7314	2	1	5,0,0,0	2,0,0,0	173	149	1	1.0
7317	16	0	127,28,5,13	3,0,0,0	185	149	1	1.0
7320	15	0	89,21,11,9	3,0,0,0	298	149	1	1.0
7322	5	0	98,7,2,5	4,0,0,0	254	149	0.396900126975	1.0
7326	5	0	77,12,3,11	2,0,0,0	165	149	1	1.0
7335	0	21	1,1,2,0	73,11,9,24	227	149	1	1.0
7340	0	2	3,0,0,0	16,1,0,0	181	149	1	1.0
7343	2	4	14,0,5,8	14,0,0,5	298	149	1	1.0
7356	69	117	14,19,21,27	19,29,48,24	153	149	0.594031219918	1.0
7363	22	0	62,4,0,0	1,0,0,0	298	149	1	1.0
7364	2	45	9,8,0,2	28,18,6,13	296	149	0.00494999582555	0.07624634453941107
7368	17	2	96,6,3,3	1,0,0,0	267	149	0.0544311912495	0.3621817689823532
7371	1	2	4,0,0,0	14,3,2,3	298	149	0.432533428739	1.0
7372	0	7	10,1,2,0	9,7,4,7	204	149	0.00673668813294	0.095635499911601
7373	0	4	0,1,0,0	11,6,4,9	227	149	1	1.0
7377	0	2	2,0,0,1	0,0,0,0	232	149	1	1.0
7381	0	2	1,0,0,2	2,0,0,0	156	149	1	1.0
7383	0	16	1,0,2,3	4,11,3,9	156	149	0.0430414987785	0.3183015877837082
7384	0	1	1,0,0,0	0,0,3,0	156	149	1	1.0
7385	20	0	15,11,25,7	2,0,0,3	207	149	0.327317794411	1.0
7388	2	0	7,6,0,0	3,0,0,0	298	149	1	1.0
7393	2	7	0,0,0,1	15,19,0,11	178	149	1	1.0
7394	16	33	0,0,2,1	3,9,10,13	179	149	2.73707460274e-06	0.0002394000221555225
7399	4494	20	5879,4650,2413,2874	60,31,10,9	234	149	0.673174576143	1.0
7401	46	52	6,0,15,28	4,5,14,22	224	149	0.875502224408	1.0
7402	10	4	0,0,0,4	0,1,0,0	180	149	1	1.0
7403	92	27	6,22,14,19	4,11,11,9	298	149	0.0383898761847	0.2924343573850918
7404	56	2	4,54,80,158	0,0,0,0	298	149	0.398831784031	1.0
7405	67	1	0,57,81,147	0,4,0,2	298	149	1	1.0
7414	0	206	4,2,12,7	142,91,123,167	153	149	0.000922030222514	0.02336927509426393
7415	210	14	227,125,133,202	0,0,7,0	298	149	2.74777643794e-06	0.0002394000221555225
7421	1	33	1,0,2,0	33,21,6,7	298	149	0.685084266909	1.0
7423	12	0	5,1,7,1	4,0,0,0	177	149	0.413471658236	1.0
7424	0	12	0,0,2,0	2,3,2,5	202	149	1	1.0
7427	5	17	3,0,0,8	5,4,11,19	165	149	0.539687507034	1.0
7428	21	112	3,1,0,4	37,60,57,62	165	149	4.15944929855e-06	0.00031342012552317293
7430	67	31	12,15,9,13	2,0,0,2	254	149	3.46801691775e-06	0.0002843773872555
7434	4	17	3,0,0,2	48,8,0,3	197	149	1	1.0
7435	99	0	298,64,132,73	3,0,0,0	298	149	1	1.0
7438	0	77	0,0,0,1	209,45,30,62	153	149	1	1.0
7439	0	77	4,0,0,0	209,45,30,62	215	149	1	1.0
7441	1	36	9,5,0,0	146,42,41,35	199	149	0.454622212311	1.0
7451	7	40	0,2,1,0	9,29,20,12	216	149	1	1.0
7456	0	4	2,0,0,0	37,3,0,0	191	149	1	1.0
7460	14	223	4,6,3,3	78,94,73,135	184	149	0.161077941398	0.736205410848564
7462	37	12	91,30,54,15	0,0,1,3	217	149	2.16733604397e-08	6.7139254339870674e-06
7463	137	0	304,77,77,52	0,3,0,0	298	149	1	1.0
7464	167	0	230,84,54,86	4,0,0,0	298	149	1	1.0
7465	64	12	24,2,8,3	58,24,33,46	298	149	0	0.0
7470	79	4	0,8,14,23	0,0,0,2	201	149	1	1.0
7471	298	0	123,163,255,174	0,1,0,0	198	149	1	1.0
7472	7	0	10,1,0,8	2,0,0,0	282	149	1	1.0
7473	43	2	6,13,10,12	0,0,0,0	298	149	0.281928661379	1.0
7474	45	2	10,11,12,13	1,0,0,2	298	149	0.238497721769	0.9365929996565273
7475	151	3	74,106,151,206	4,4,0,2	298	149	0.88457653679	1.0
7480	0	4	6,0,0,0	32,0,0,0	263	149	1	1.0
7481	5	0	91,3,1,0	3,0,0,0	155	149	1	1.0
7484	7	58	10,3,7,10	25,41,51,31	274	149	0.270636130804	0.9983129222133704
7485	2	90	4,0,0,0	68,34,31,19	261	149	1	1.0
7490	16	13	2,4,2,4	0,4,2,4	154	149	0.802709919681	1.0
7505	4	10	4,0,0,0	22,12,2,4	295	149	0.00796451367329	0.1072708411648914
7507	12	2	23,3,9,3	2,3,2,1	256	149	0.779592300569	1.0
7508	0	2	2,0,0,0	2,3,2,1	296	149	1	1.0
7510	6	66	2,0,3,2	30,35,19,18	188	149	0.229227015092	0.916908060368
7511	68	17	44,16,10,1	3,0,0,0	298	149	9.45808076414e-07	0.00010547651668168929
7512	2	1	7,0,3,2	0,0,2,0	298	149	1	1.0
7516	119	1240	132,85,43,53	919,936,351,387	164	149	0.154902455404	0.7197800761105866
7520	501	2	201,286,292,255	0,0,0,0	298	149	1	1.0
7521	44	437	20,5,15,31	171,219,336,282	298	149	0.0974430362633	0.5547386588321714
7522	45	85	21,6,18,33	4,32,24,14	298	149	0.124805322603	0.6328675346942182
7523	6	5	11,0,0,0	15,2,2,0	284	149	1	1.0
7525	680	2	464,458,173,189	0,0,0,0	298	149	1	1.0
7527	1276	0	501,759,407,484	0,0,0,1	298	149	1	1.0
7529	6	14	9,4,4,16	11,4,4,1	182	149	0.02663475641	0.23278276135134798
7530	1	3	1,0,1,0	0,0,0,0	193	149	1	1.0
7535	0	14	6,0,0,0	66,9,0,1	156	149	1	1.0
7538	8	383	6,3,1,0	608,332,75,71	179	149	0.347750992981	1.0
7539	22	383	37,12,5,0	608,332,75,71	280	149	0.507764625609	1.0
7540	16	2	33,9,6,2	2,0,0,0	250	149	0.0815010720828	0.48865589025128253
7542	6	9	7,2,0,2	44,8,6,2	161	149	0.0374969287179	0.2904783435128322
7544	9	747	4,13,12,11	553,274,489,503	298	149	0.728919135958	1.0
7552	0	2	0,2,0,0	2,8,2,0	298	149	1	1.0
7555	218	2	113,65,112,110	0,0,0,0	218	149	0.636664701877	1.0
7557	2	0	7,1,0,2	0,2,0,0	298	149	1	1.0
7561	15	8	4,3,8,7	0,0,0,0	298	149	2.20502505144e-10	1.229521968682944e-07
7566	6	0	21,8,9,11	0,0,2,0	298	149	1	1.0
7568	18	26	4,12,15,11	7,10,2,12	158	149	0.152947395086	0.7144122391138492
7572	1	6	0,8,0,2	0,0,0,0	196	149	1	1.0
7574	55	8	19,29,55,36	1,14,7,13	154	149	0.281840134538	1.0
7575	570	0	381,1243,2206,2117	2,0,2,2	164	149	1	1.0
7577	0	236	0,0,0,1	56,128,126,101	160	149	1	1.0
7580	2	1	2,0,0,0	3,0,0,2	242	149	1	1.0
7581	92	1296	7,28,37,23	165,398,566,391	170	149	0.393247870351	1.0
7582	15	0	18,9,9,16	2,0,2,0	298	149	0.658973603209	1.0
7584	2	0	7,5,4,8	0,4,0,0	298	149	0.296620421292	1.0
7590	251	0	81,137,136,139	0,0,1,0	298	149	1	1.0
7591	1	251	2,0,4,0	134,105,133,108	180	149	1	1.0
7594	0	61	1,0,5,1	19,22,54,20	243	149	0.552196990183	1.0
7595	5	3	2,3,4,6	0,0,0,0	234	149	0.000271208389941	0.009571253052601368
7600	4	4	0,4,0,4	0,0,4,0	154	149	1	1.0
7601	299	0	66,159,82,151	0,0,4,0	298	149	1	1.0
7602	5	0	2,5,0,0	5,0,0,0	187	149	1	1.0
7608	32	0	553,430,212,430	5,0,0,0	166	149	1	1.0
7609	430	0	220,244,294,254	0,2,0,0	298	149	1	1.0
7612	137	0	35,25,31,23	1,0,0,2	253	149	1	1.0
7613	2	0	0,0,2,8	0,0,0,3	161	149	1	1.0
7616	15	94	2,11,7,4	42,57,95,104	162	149	0.0475173392324	0.33369859390410883
7617	149	2	67,90,47,39	2,5,2,2	154	149	0.116654229029	0.6090486714098351
7619	40	2098	10,15,10,14	242,1276,1036,350	274	149	0.851013276231	1.0
7620	174	1276	148,28,66,109	981,765,420,509	298	149	0.736255605962	1.0
7622	26	0	24,12,7,14	2,0,0,0	298	149	1	1.0
7623	8	0	13,5,4,2	0,0,2,0	298	149	1	1.0
7632	0	30	0,2,0,0	22,6,15,18	163	149	1	1.0
7633	50	70	14,23,19,14	39,26,20,17	155	149	0.902981513549	1.0
7644	2	2	24,17,3,10	117,86,20,32	154	149	0.287084470191	1.0
7645	42	0	75,37,6,21	6,0,0,1	153	149	0.161058326842	0.736205410848564
7646	4	3	5,2,13,10	10,0,3,5	164	149	0.556827385828	1.0
7649	22	2	48,26,8,9	2,1,0,0	298	149	0.0448641056834	0.32320704559514
7650	10	2	14,14,6,2	2,1,0,0	298	149	0.0232463276502	0.21969749657205964
7652	4	70	32,6,6,2	93,38,22,30	298	149	0.00198069834966	0.041210350737702094
7655	4	0	398,16,1,3	2,0,0,0	190	149	1	1.0
7656	19	1499	36,19,5,4	3330,1449,576,597	160	149	0.748086855194	1.0
7657	327	110	96,280,175,118	28,79,42,41	173	149	0.331637508547	1.0
7668	1	2	12,0,0,0	2,0,0,0	287	149	1	1.0
7669	40	9	92,15,15,38	1,0,0,0	233	149	8.92304685696e-09	3.5539220910292114e-06
7678	0	2	2,0,0,0	24,2,0,0	229	149	1	1.0
7680	498	0	511,511,236,256	0,0,0,2	157	149	1	1.0
7681	457	2	136,226,249,166	0,0,0,0	239	149	1	1.0
7684	9	0	23,6,4,5	4,2,0,0	196	149	0.147798970893	0.6984127641520068
7686	1	75	0,1,0,2	46,64,30,49	163	149	1	1.0
7689	2	9	0,0,0,0	30,6,2,4	298	149	0.264855204242	0.9885091156983882
7691	2	0	7,9,6,0	0,2,0,0	244	149	1	1.0
7693	11	11	0,2,3,7	6,0,1,5	201	149	0.93024341406	1.0
7694	226	33	363,274,155,145	31,33,12,5	202	149	0.0295845792328	0.24843917741279034
7695	3228	0	2848,4046,3138,2694	2,0,0,0	197	149	1	1.0
7696	634	0	690,780,577,586	2,0,0,0	207	149	1	1.0
7697	4	2598	14,7,2,6	2172,3273,2563,2114	159	149	1	1.0
7699	1433	4	1581,1677,1405,1083	2,0,0,0	298	149	1	1.0
7701	4	0	12,5,2,0	2,0,0,0	298	149	1	1.0
7711	27	58	1,9,7,5	14,26,20,40	291	149	0.013281403577	0.14464278583076562
7712	1	117	0,0,0,0	39,67,80,46	154	149	1	1.0
7713	26	21	3,0,0,0	1,0,0,0	162	149	1	1.0
7725	311	0	158,159,168,140	0,1,0,0	298	149	1	1.0
7727	42	62	15,32,40,53	20,26,47,46	158	149	0.13936549044	0.6780994543572775
7731	0	4	6,0,0,0	12,1,4,3	192	149	0.229184181379	0.916908060368
7739	2	0	4,0,0,3	2,0,0,0	199	149	1	1.0
7740	5	3	1,0,4,0	0,0,0,0	160	149	1	1.0
7741	12	167	9,0,6,4	41,26,28,31	160	149	0.178922877879	0.7943264068895732
