ID	IJC_SAMPLE_1	SJC_SAMPLE_1	IJC_SAMPLE_2	SJC_SAMPLE_2	IncFormLen	SkipFormLen	PValue
4	63	0	38	2	279	149	0.135063589184
5	497	0	231	2	1476	149	0.199847250205
40	3	0	0	27	297	149	5.73987730901e-07
43	2	0	10	2	169	149	0.0627063123766
46	10	2	4	24	658	149	2.90953400915e-05
52	151	0	122	4	270	149	0.0388544613416
53	276	131	252	59	1244	149	0.00184076140399
68	0	2	4	5	329	149	0.00740244417894
69	0	1	2	0	329	149	4.44888947688e-05
71	6	1	9	0	204	149	0.630313055677
77	8	0	47	1	269	149	0.297902936246
97	7	0	0	2	279	149	1.73944199788e-06
98	131	0	25	1	264	149	0.243512040639
99	253	11	69	6	212	149	0.303181571374
100	155	0	50	1	256	149	0.309791972302
105	7	3	4	0	474	149	0.000860584417108
107	52	9	7	12	403	149	4.64965936164e-05
109	16	12	38	84	507	149	0.0227813891937
110	16	12	7	84	267	149	1.70452190695e-07
115	315	8	52	2	235	149	0.647598027262
116	0	195	2	20	255	149	0.55491622569
118	455	1	83	0	210	149	1
119	487	4	67	0	251	149	0.680260675392
120	448	5	81	0	214	149	0.685244677103
121	795	3	128	0	476	149	0.728891587672
122	20	8	4	2	203	149	0.786957531581
123	27	170	3	32	203	149	0.233973336474
124	12	170	6	32	222	149	0.15220325464
125	17	20	7	2	222	149	0.0588716501468
126	154	1	79	2	251	149	0.441699872051
127	0	33	2	55	201	149	0.556623375724
128	44	1	22	0	310	149	0.273731136288
129	5	1	4	0	217	149	0.614245211989
130	58	2	24	0	312	149	0.169280820056
131	11	24	2	12	295	149	0.116407841502
132	16	24	7	12	1104	149	0.712558729376
133	6	24	2	12	271	149	0.477649530884
134	29	0	20	4	339	149	0.00135241695897
135	14	0	13	1	238	149	0.261771531408
136	0	17	3	2	243	149	0.000774916873024
147	829	2	307	1	262	149	1
148	1874	8	544	1	279	149	1
149	143	2	288	0	200	149	0.528696021342
150	307	2	87	0	291	149	0.683185059959
151	132	4	24	0	280	149	0.100915254483
152	178	1	56	0	287	149	1
153	314	2	105	0	348	149	0.579503313401
154	0	66	2	25	351	149	0.639397879773
155	403	5	93	1	307	149	0.566996292646
161	133	2	29	2	216	149	0.295360533474
169	6	0	141	1	346	149	0.540305196545
170	7	2	63	6	346	149	0.379204103822
171	2	2	44	6	273	149	0.0856739981581
172	2	1	121	0	273	149	0.130970670874
185	10	0	0	1	294	149	1.40247544405e-05
187	39	0	22	1	245	149	0.239423455852
189	89	0	55	2	217	149	0.567019687434
190	147	4	95	0	317	149	0.0586700665473
191	25	0	60	1	287	149	0.323439226309
195	6136	0	2220	3	246	149	1
196	7507	0	1801	2	219	149	1
197	122	2	17	0	231	149	0.717577746116
201	13	2	25	2	326	149	0.588257187987
204	437	2	99	0	443	149	0.627431395532
207	922	1	364	1	229	149	1
208	2	117	1	220	186	149	0.622206849806
220	15	1	10	0	252	149	0.267655712914
222	315	1	28	0	294	149	1
223	122	2	10	0	294	149	0.478127504399
224	98	2	15	0	234	149	0.536990911512
225	293	2	33	0	234	149	1
226	234	2	31	0	203	149	0.818115022099
261	160	11	4	0	212	149	0.0328939017705
262	799	4	28	0	686	149	0.401106262342
263	0	61	2	6	281	149	0.111230470314
267	13	53	0	5	271	149	0.012009554094
268	2	53	0	5	200	149	0.702089991726
272	3	64	0	8	211	149	0.293104843939
274	3	64	0	8	294	149	0.462982190984
275	8	64	2	8	294	149	0.639068869727
277	118	8	13	0	221	149	0.0211137176396
279	11	78	0	8	344	149	0.032543977493
280	9	127	0	4	344	149	0.133002452498
283	79	118	0	4	825	149	0.00485639761117
284	86	2	4	0	210	149	0.449219010581
285	89	4	4	0	210	149	0.102102449615
286	113	12	4	2	210	149	0.285046558539
287	89	2	4	2	210	149	0.0410588315364
292	4	12	0	2	210	149	0.0126112686716
294	17	12	1	2	337	149	0.184649099288
295	20	32	1	0	337	149	0.00558698519128
296	22	32	3	0	354	149	0.0008441713199
297	28	2	2	2	264	149	0.0358283549135
302	3	2	2	0	198	149	0.0101564675556
303	285	8	70	2	273	149	0.887833803742
304	208	4	46	0	236	149	0.22484936781
305	338	10	49	8	277	149	0.00297290017729
306	150	2	31	0	245	149	0.532777140637
307	344	3	82	0	311	149	0.669666432595
308	302	2	53	0	292	149	0.664154924795
310	12	126	1	18	245	149	0.283926600038
312	1	1	0	5	217	149	0.216826579137
314	0	2	2	5	228	149	0.0554591089049
318	4	0	5	2	201	149	0.0185977118124
319	3	2	0	1	339	149	0.00918259909884
321	2	1	2	0	272	149	0.035650944115
322	2	0	0	3	219	149	6.85597653716e-06
329	11	18	6	5	307	149	0.375611261137
330	8	1	4	0	307	149	0.7452365044
346	0	2	2	6	1300	149	0.678848222311
367	4	2	10	0	198	149	0.00979042620644
373	95	0	48	2	258	149	0.29823859938
377	46	2	9	1	275	149	0.528345633073
378	38	23	12	19	275	149	0.0318700104936
379	2	23	4	19	298	149	0.271092677475
380	17	8	9	8	298	149	0.305949008107
381	18	0	70	1	262	149	0.371908993892
382	5	7	42	8	230	149	0.00322956590274
411	2	6	9	182	297	149	0.379232552295
412	10	184	37	156	330	149	4.78426596414e-05
413	8	1	79	128	275	149	0.00156648089061
414	15	8	42	13	305	149	0.30512184873
415	4	0	17	1	233	149	0.23115369177
416	8	0	15	2	233	149	0.0583570047596
419	0	4	13	10	249	149	0.000508670970197
421	283	1	128	1	352	149	0.478517597002
424	2	16	0	7	284	149	0.199271926801
429	1	59	7	41	305	149	0.00619946332096
430	1	59	7	41	314	149	0.0064677631971
431	11	59	15	41	339	149	0.14410834952
432	7	112	6	53	378	149	0.390482305171
435	324	0	279	2	812	149	0.853561299992
436	108	0	51	2	231	149	0.496430938039
437	183	1	127	0	231	149	1
447	0	3	3	43	214	149	0.206694758719
448	39	2	75	0	236	149	0.220113726043
449	21	2	36	0	287	149	0.0447941309167
451	10	0	265	1	292	149	1
457	173	0	257	1	290	149	1
462	2	0	4	1	466	149	0.0423001721406
465	3	7	0	25	483	149	0.0275094003037
466	7	0	25	128	381	149	1.26002170364e-07
467	4	0	10	128	755	149	3.6497867798e-06
471	6	0	194	2	219	149	0.571800885823
473	8	0	68	2	267	149	0.260742093079
476	10	0	29	1	291	149	0.244884899901
477	18	0	50	1	236	149	0.324929586985
478	0	13	5	31	315	149	0.0343505042818
481	3	0	4	3	402	149	0.000426419288543
487	5	14	0	29	268	149	0.00161134047586
488	2	14	2	29	292	149	0.622352084487
489	8	0	37	1	325	149	0.255925494496
490	8	0	54	1	283	149	0.307284122246
495	175	0	242	2	228	149	0.689443808066
496	4	1	55	2	228	149	0.505086267198
497	142	1	127	2	220	149	0.624895984344
498	316	0	317	3	220	149	0.641688207108
499	108	1	78	2	220	149	0.394738449254
500	375	1	150	2	235	149	0.529610859901
501	578	0	381	1	235	149	1
502	9	0	34	3	265	149	0.0396332036869
503	11	0	73	1	266	149	0.378097968687
504	12	11	7	39	241	149	0.00177803270577
505	58	0	174	1	330	149	1
506	0	101	1	60	268	149	1
507	5	177	0	33	286	149	0.823125247091
509	309	0	72	1	301	149	0.344500842697
510	204	6	37	2	301	149	0.699810646624
511	204	0	37	1	301	149	0.262307756907
512	5	6	9	2	216	149	0.0476758603837
517	6	0	19	1	210	149	0.238834251397
519	0	9	2	27	260	149	0.38345289688
520	0	9	1	27	324	149	0.51830581597
524	2	22	0	124	399	149	0.631897453356
525	69	0	182	2	353	149	0.558292293391
526	245	19	303	0	326	149	1.51853081221e-07
527	6	4	48	5	232	149	0.0287259832936
535	4	9	11	28	383	149	0.803132678476
536	2	9	6	28	299	149	0.883686961793
537	9	0	69	2	300	149	0.23921013959
541	2	0	25	15	214	149	0.00374918446692
542	8	0	5	2	261	149	0.0103594373554
547	0	2	9	6	337	149	0.0018681515108
548	4	0	13	5	289	149	0.00219206125946
553	2288	1	3142	0	4386	149	0.885435396921
554	0	321	73	336	380	149	8.65973959208e-15
555	1102	1	944	0	291	149	1
565	1212	4	682	3	229	149	1
566	445	1	289	2	229	149	1
567	387	1	203	2	211	149	0.611114870292
569	1155	0	591	2	211	149	1
570	795	22	811	15	230	149	0.259832445952
571	0	670	1	524	271	149	1
601	1	0	6	3	248	149	0.0031581115151
602	11	5	11	2	264	149	0.263591942446
630	13	11	4	7	1354	149	0.245314596444
645	2	2	2	0	432	149	0.00109613588239
651	17	0	16	2	186	149	0.0636730136792
661	2	0	2	10	745	149	0.00030937514595
663	7	0	31	1	232	149	0.265471820854
664	5	0	12	1	260	149	0.36689657962
667	11	0	2	3	323	149	0.000103491725242
669	6	2	5	0	221	149	0.0200605474491
676	2	82	1	93	241	149	0.57210449623
679	4	0	6	42	247	149	7.45786877543e-06
680	2	2	120	2	373	149	0.00394049566091
682	7	0	3	2	371	149	0.00241043898563
692	14	20	5	16	274	149	0.157024770687
693	13	9	5	9	274	149	0.144198495664
707	2	0	6	2	263	149	0.017508264247
719	48	0	45	3	236	149	0.0380610673905
720	121	0	39	2	232	149	0.350678740079
722	2	4	1	19	176	149	0.10185500038
723	36	0	62	2	224	149	0.339738498502
726	2	2	12	21	273	149	0.890945750195
731	2	0	2	12	223	149	0.000172927052888
737	2	2	2	24	265	149	0.130418762014
738	27	1	63	3	275	149	0.574246450411
741	44	0	71	2	272	149	0.306290570583
745	1	0	13	2	194	149	0.074193760593
746	1	0	10	2	209	149	0.0497428131637
751	123	2	201	3	317	149	0.879879689911
754	37	0	30	1	187	149	0.284954066695
755	38	0	31	1	184	149	0.289116395618
762	8	9	33	7	246	149	0.00652556254565
763	31	3	29	0	239	149	0.0265711803106
764	28	3	33	0	244	149	0.0197943109875
765	200	9	71	2	294	149	0.37811145786
766	157	6	55	3	294	149	0.908246271741
767	196	1	68	2	197	149	0.808090438647
769	8	2	9	1	211	149	0.43997680631
771	15	0	17	1	240	149	0.229087275006
773	0	2	2	9	278	149	0.128778168724
774	1	2	1	9	242	149	0.670235397919
779	2	15	5	22	393	149	0.403162422151
781	49	4	36	4	310	149	0.698488550245
787	7	4	3	3	301	149	0.528624009953
788	7	0	2	3	301	149	0.000168918886755
799	4	0	7	5	305	149	0.000633654479712
800	1	0	0	5	328	149	3.01982203239e-05
801	1	2	1	0	328	149	0.000680249263857
802	4	0	12	1	356	149	0.58575037499
803	5	0	9	1	356	149	0.679710578306
804	1	2	3	1	241	149	0.154125013552
805	0	1	3	3	241	149	0.0081059483984
807	1	0	0	65	319	149	0.00243255754213
810	141	1	84	0	304	149	0.646412072576
813	0	12	6	21	325	149	0.00662934692844
814	46	1	27	0	240	149	0.307443230603
815	1	1	2	4	277	149	0.587511250574
816	1	6	2	2	277	149	0.187758564162
832	26	1	2	4	223	149	0.000146908459192
833	88	2	22	0	201	149	0.711836067104
834	123	2	23	0	241	149	0.722067226366
835	2	6	2	10	299	149	0.742336512081
865	44	2	226	3	391	149	0.459302224209
866	70	0	307	1	391	149	1
868	0	1	3	17	423	149	0.16830894453
869	0	3	1	9	267	149	0.244831621743
870	7	5	28	6	468	149	0.0764342570932
871	5	2	32	2	468	149	0.0879162808761
872	3	0	28	3	468	149	0.0129535792244
873	20	2	19	2	277	149	0.961950208725
874	19	2	15	6	277	149	0.0836942469017
875	25	0	30	3	320	149	0.0181590558368
876	25	0	34	2	320	149	0.0863579416552
877	16	5	5	16	253	149	0.000352299784538
878	0	39	4	37	287	149	0.0505761638598
879	694	0	377	2	1663	149	0.447937373349
880	276	3	50	0	325	149	0.471684898955
881	106	2	30	0	266	149	0.556868578147
882	2	0	35	1	284	149	0.262500725138
905	2	1	1	1	269	149	0.607329801318
920	229	0	129	2	281	149	0.598373748279
921	130	0	100	2	264	149	0.701139577483
922	321	2	181	0	264	149	1
926	492	0	287	2	245	149	0.864018581452
942	2	0	27	2	362	149	0.0800311266993
957	2	0	36	4	311	149	0.0110269624306
958	0	2	54	0	347	149	5.0738472146e-07
959	7	2	44	0	255	149	0.0114600337089
961	4	0	25	1	320	149	0.230338353789
971	23	0	25	1	412	149	0.252568757789
973	7	0	83	4	296	149	0.0505310321271
988	4	0	230	3	360	149	0.338616321756
989	2	0	172	6	360	149	0.0424172099066
991	2	0	74	1	219	149	0.447386366386
992	610	2	465	0	239	149	1
994	338	2	360	8	215	149	0.0637914943192
1011	5	2	4	0	260	149	0.0124729497387
1013	0	3	26	0	365	149	3.67163517367e-08
1014	14	0	13	14	292	149	3.34242773081e-06
1080	7	0	471	3	280	149	0.734469466947
1081	21	0	471	5	344	149	0.320910668045
1084	0	8	1	42	235	149	0.618492435505
1100	2	0	1	1	271	149	0.01351102121
1101	2	0	0	1	242	149	4.38699460034e-05
1103	2	2	2	0	220	149	0.00448609736189
1104	2	0	8	2	276	149	0.0244217453735
1108	1	0	5	4	276	149	0.00126170427079
1115	2	7	4	6	305	149	0.346519607028
1117	8	4	4	0	246	149	0.00108442098351
1118	14	6	22	1	1082	149	0.00869311325052
1119	8	6	17	1	496	149	0.00350263238906
1131	3	0	4	1	276	149	0.0768626602844
1144	3	0	1	3	225	149	0.000153105954721
1146	1	2	1	3	276	149	0.842554101417
1160	7	4	11	0	311	149	0.000236556721275
1226	22	0	3968	1	272	149	1
1227	56	0	3542	11	336	149	1
1228	53	0	2204	11	598	149	0.267142052575
1229	0	3	136	1483	321	149	0.0785249414985
1236	2	0	4	1	272	149	0.080930728401
1238	7	0	21	1	276	149	0.229471847162
1239	15	2	9	0	276	149	0.0467090137689
1243	2	2	7	0	450	149	0.000755795442249
1244	9	0	3	6	234	149	1.34764856422e-05
1245	9	0	10	6	266	149	0.000322781547405
1246	9	0	4	6	290	149	2.54723342662e-05
1255	2	2	2	0	385	149	0.00141098086402
1256	2	2	2	0	404	149	0.00127022875767
1257	1	5	3	0	267	149	3.67269764667e-05
1263	0	1	1	4	297	149	0.2820385119
1264	2	0	3	3	297	149	0.000553855257399
1285	1	0	0	1	314	149	6.68380957677e-05
1301	0	24	6	6	223	149	3.13426710798e-05
1308	0	1	5	0	456	149	1.76858667036e-05
1309	0	2	5	2	456	149	0.00130601210637
1310	0	1	7	0	582	149	1.21770396969e-05
1312	1	2	0	2	187	149	0.419626051306
1316	6	0	17	1	314	149	0.311081919875
1319	4	1	14	0	224	149	0.583338585864
1324	31	97	0	4	200	149	0.00636417278144
1329	11	0	700	2	212	149	1
1349	1	2	14	0	299	149	0.000246315234819
1352	0	19	11	86	236	149	0.0103506695424
1372	2	0	14	17	203	149	0.00189668250686
1373	8	0	77	1	251	149	0.408284027522
1382	4	0	26	4	247	149	0.00894513752083
1421	80	0	596	75	1623	149	1.56776724425e-06
1459	36	4	32	5	291	149	0.622599596099
1461	11	2	7	13	299	149	0.00218816745721
1462	5	1	1	0	299	149	0.095264160186
1463	45	1	14	1	190	149	0.916284949298
1464	60	1	27	1	486	149	0.956804207658
1465	5	25	0	8	282	149	0.0225212517296
1466	84	16	22	6	293	149	0.557639663475
1467	146	16	45	6	299	149	0.833411928287
1469	5	22	4	13	254	149	0.781713369203
1470	6	13	0	7	254	149	0.0029265109341
1471	23	22	2	13	456	149	0.00251299232626
1472	27	1	2	4	456	149	6.01337532177e-05
1473	22	13	23	7	260	149	0.219320815461
1474	1	2	14	0	260	149	0.000312063440508
1475	13	0	13	2	246	149	0.0397850042323
1476	13	0	6	2	277	149	0.0104293759308
1482	35064	9	57	0	327	149	1
1483	21372	1	33	0	327	149	1
1484	9114	1	11	0	244	149	1
1485	22458	46	33	0	244	149	1
1486	9592	2	16	0	244	149	1
1487	9732	2	7	0	276	149	1
1488	22854	17	24	0	276	149	1
1489	13801	6	16	0	276	149	1
1490	11955	6	22	0	358	149	1
1491	21012	9	30	0	358	149	1
1495	1	93	0	73	207	149	1
1497	2	37	2	63	344	149	0.724750710442
1498	4	56	4	47	307	149	0.832409528191
1499	2	0	6	8	307	149	0.000880442118862
1500	87	0	140	8	294	149	0.00235896997688
1501	33	0	93	2	294	149	0.368003853657
1503	218	0	307	1	263	149	1
1504	149	0	149	1	305	149	0.730941719867
1505	78	1	193	1	299	149	0.367034458008
1506	77	0	251	3	299	149	0.513117816307
1531	2	26	0	47	349	149	0.622642564991
1536	28	0	133	7	221	149	0.0210075618444
1539	2	0	141	3	365	149	0.197027317389
1547	18	8	4928	26	211	149	2.59360088961e-10
1548	43	0	11443	2	227	149	1
1549	0	38	60	11417	269	149	1
1550	1	177	24	210	269	149	1.411503642e-05
1551	47943	177	25690	210	285	149	0.00731542378172
1552	47905	1	14340	7	285	149	1
1553	1768	177	11942	210	319	149	0
1554	1805	177	11940	210	430	149	0
1555	8	46225	0	14155	270	149	1
1560	33	0	124	11	308	149	0.00265044496993
1561	0	2	1	4	266	149	0.311047032333
1562	3	5	5	6	303	149	0.698079038099
1565	2	3	0	6	319	149	0.0314490357348
1567	2	0	9	6	232	149	0.00190345255811
1572	1	2	15	0	262	149	0.000279719507031
1576	0	17	2	20	248	149	0.279259834979
1583	29	8	25	3	242	149	0.203196629301
1584	61	1	12	1	241	149	0.870874305756
1585	31	2	1	0	241	149	0.148397141723
1586	30	12	1	11	241	149	1.02423404145e-05
1587	5	2	1	0	191	149	0.0234431524403
1588	36	2	11	0	191	149	0.184544218
1590	5	8	0	3	281	149	0.00437485762068
1591	6	0	0	2	281	149	2.66692435402e-06
1592	7	12	0	11	281	149	0.000785154278118
1595	0	12	2	11	328	149	0.182414157851
1614	0	24	9	10	202	149	4.85532996186e-06
1617	100	10	49	0	437	149	0.000549098898965
1672	313	5	29	0	353	149	0.153703576167
1674	5	1	0	2	258	149	0.000200994371185
1676	40	1	8	2	1037	149	0.0308052629261
1678	186	1	20	2	275	149	0.077416717452
1689	155	1	6	0	310	149	0.771320115268
1692	138	2	7	0	312	149	0.519641698799
1700	2	0	0	13	342	149	8.21585924182e-06
1706	1	0	7	6	310	149	0.00141397649876
1719	2	20	0	49	300	149	0.723801893221
1725	76	4	34	0	232	149	0.0447387601088
1726	52	4	10	0	228	149	0.0330426875471
1727	104	2	23	0	199	149	0.614523482579
1731	29	2	3	0	199	149	0.162742168413
1732	36	2	1	0	246	149	0.169035478915
1738	2	0	0	11	365	149	8.36834054962e-06
1747	6	47	2	178	219	149	0.00293884962537
1754	16	0	719	2	248	149	1
1756	19	0	275	4	216	149	0.429934878669
1757	79	0	979	2	227	149	1
1773	0	14	2	10	219	149	0.0804066853134
1775	0	14	1	10	210	149	0.236576073978
1776	0	1	1	2	270	149	0.797385279633
1777	2	14	0	10	270	149	0.165128218221
1778	1	14	5	10	242	149	0.0308076342783
1780	0	2	4	0	242	149	6.10077984309e-06
1782	0	10	3	14	340	149	0.0633495349868
1785	11	7	12	15	194	149	0.256612866195
1792	0	2	1	0	248	149	2.64519051228e-05
1794	0	8	2	7	267	149	0.0668234200515
1798	8	1	5	0	276	149	0.755802103229
1800	0	1	3	0	245	149	2.702823727e-05
1813	4	2	2	0	233	149	0.0117781921475
1815	1	0	11	3	265	149	0.0078581537622
1816	0	1	2	5	247	149	0.0656050242096
1819	13	0	23	4	251	149	0.00525761746393
1821	4	0	1	2	208	149	0.00133467429649
1822	1	6	0	6	242	149	0.218543523834
1827	9	0	6	2	271	149	0.012600407079
1833	13	6	5	0	224	149	0.00171497076895
1840	53	1	29	3	368	149	0.076095604821
1860	2	0	4	5	224	149	0.000646483591272
1869	25	0	146	12	235	149	0.00655877421587
1872	4	0	2	10	199	149	1.80738651234e-05
1875	0	2	2	0	212	149	1.72225506226e-05
1880	356	0	1347	2	266	149	1
1881	155	6	1526	2	250	149	0.00422434032586
1888	33	0	202	2	234	149	0.563076072588
1929	1	49	0	15	281	149	1
1930	9	121	3	49	243	149	0.607640356361
1931	346	0	107	6	233	149	0.00116036869347
1932	262	0	58	1	250	149	0.338974121232
1933	635	6	167	0	305	149	0.325042846934
1934	589	9	145	0	246	149	0.109344325855
1937	121	10	116	0	326	149	0.000133312029788
1938	196	0	54	3	332	149	0.0204808801546
1939	43	26	20	9	206	149	0.506212448205
1949	151	1	105	1	324	149	0.536187288915
1951	4	0	76	2	297	149	0.272732412199
1952	21	0	5	1	261	149	0.54119931842
1953	4	0	0	1	272	149	1.82414338883e-05
1956	25	3	5	0	306	149	0.0212443419297
2010	30	12	28	6	184	149	0.24865537111
2011	4	30	0	26	241	149	0.0318653443366
2012	2	30	0	26	355	149	0.555716806831
2013	671	1	219	2	318	149	0.528551478669
2014	7	121	0	28	191	149	0.0521447037043
2030	3	0	2	1	312	149	0.0280335703372
2031	2	4	3	4	312	149	0.691874471359
2037	2	7	4	16	297	149	0.816662935007
2038	4	0	21	1	469	149	0.400883640558
2039	5	0	20	1	409	149	0.35657360089
2041	10	0	36	1	392	149	0.241342951788
2042	3	0	2	6	595	149	6.02407954029e-05
2043	1	0	2	6	475	149	0.000287492366672
2050	50	0	25	1	276	149	0.353407494668
2051	52	0	29	2	276	149	0.0861561833278
2061	98	2	71	0	245	149	0.673722737916
2062	41	4	32	0	245	149	0.0120324622544
2063	49	4	63	0	276	149	0.00860432308279
2064	107	0	113	5	276	149	0.013788830354
2065	12	3	34	9	224	149	0.902285681231
2069	1	5	0	2	234	149	0.29078407159
2070	2	5	4	2	312	149	0.118350228407
2086	0	14	1	10	245	149	0.246612479131
2087	6	14	2	10	345	149	0.292716272998
2090	4	9	6	13	192	149	0.948503202095
2091	3	26	4	7	273	149	0.0868180982974
2092	19	1	13	2	276	149	0.30534175754
2093	18	6	16	1	276	149	0.0459790931349
2094	16	6	7	1	331	149	0.244030339816
2095	22	6	9	7	331	149	0.105769040003
2096	5	0	5	1	245	149	0.486613253224
2097	55	2	54	1	276	149	0.435385013784
2102	322	0	124	2	1976	149	0.034953377996
2108	2	0	14	2	258	149	0.0554056106317
2153	6	178	11	480	406	149	0.743984375346
2154	6	9	12	209	406	149	0.00109564481073
2161	0	2	1	289	254	149	1
2195	2	0	29	1	199	149	0.274120102733
2199	4	2	4	0	263	149	0.00863137141376
2201	10	2	10	0	231	149	0.0324574110809
2206	245	0	178	2	315	149	0.535388413133
2207	216	0	152	2	291	149	0.552731809319
2208	5	147	17	135	506	149	0.00678429371491
2209	150	2	201	27	240	149	1.48210380437e-05
2212	28	1	153	1	202	149	0.270871059227
2216	15	0	26	1	909	149	0.92115391295
2227	0	22	2	79	273	149	0.615801115777
2243	5	286	0	436	242	149	0.894726319367
2244	469	0	732	1	219	149	1
2246	5	260	19	481	779	149	1
2248	262	0	324	2	271	149	1
2249	4	0	140	9	203	149	0.0375453849194
2254	13	0	79	1	283	149	0.382265865764
2265	0	5	2	25	307	149	0.412459626821
2269	6	21	0	13	236	149	0.0035602646208
2270	7	21	1	13	277	149	0.0576143395799
2275	16	0	114	1	255	149	0.610375124904
2295	0	2	3	1	281	149	0.00212125595522
2336	4	0	172	2	275	149	0.588823129115
2338	30	0	982	1	280	149	1
2341	1	2	8	2	229	149	0.0507596695914
2342	11	2	23	2	232	149	0.577916489147
2343	19	0	38	1	266	149	0.273751707727
2347	1	2	8	3	254	149	0.0941019394366
2349	4	2	6	3	276	149	1
2360	2	0	0	8	362	149	7.36424041292e-06
2366	100	2	37	2	210	149	0.482482390187
2378	3	0	8	4	177	149	0.00192146259446
2379	4	0	110	4	298	149	0.0824115359585
2395	100	0	640	1	258	149	1
2397	99	0	462	1	367	149	1
2402	1	0	12	2	414	149	0.0241030339494
2403	2	0	4	2	475	149	0.00309967228964
2404	1	0	17	2	348	149	0.0490126522853
2405	0	1	2	8	327	149	0.143384806882
2406	0	2	2	0	327	149	1.36542246295e-05
2411	401	11	48	2	289	149	0.619534174953
2433	13	7	43	6	288	149	0.032843913022
2434	2	15	5	53	288	149	0.704894779865
2439	7	1	78	2	241	149	0.470573977465
2440	4	0	55	2	247	149	0.24167040595
2441	2	0	5	6	210	149	0.000832444492537
2445	53	1	14	0	220	149	0.345523992957
2446	0	5	2	12	274	149	0.147785691277
2471	1	2	0	4	197	149	0.482033674953
2485	2	0	1	1	226	149	0.0180514295837
2486	2	0	6	1	1172	149	0.0196082309642
2489	2	0	2	1	240	149	0.0421700386052
2490	33	113	15	40	207	149	0.579541537335
2491	154	8	71	1	230	149	0.0572015169134
2492	0	23	4	20	312	149	0.0214496021411
2493	30	1	2	0	232	149	0.263765442216
2499	6	0	5	2	212	149	0.0155569555849
2500	6	0	8	2	371	149	0.0136515716715
2514	2	2	8	11	271	149	0.727689934559
2516	11	0	52	5	420	149	0.00629953289827
2519	2	0	95	3	359	149	0.122412239834
2521	32	0	278	9	263	149	0.0373420080594
2523	2	0	255	1	199	149	1
2525	3	2	18	1	329	149	0.0357935042776
2527	4	0	4	1	306	149	0.0663525154193
2528	3	2	22	1	306	149	0.0310626614703
2531	2	2	5	1	266	149	0.168675389658
2532	2	3	7	18	266	149	0.796536118919
2534	4	0	52	1	355	149	0.276057072886
2535	3	0	68	1	323	149	0.324597658021
2559	291	1	458	0	236	149	1
2560	8	128	15	429	239	149	0.313844882362
2561	10	0	16	2	258	149	0.0536792652744
2582	4	0	34	2	277	149	0.134753181504
2586	12	0	3	3	305	149	0.000264429530598
2587	8	0	4	3	308	149	0.00061177782674
2588	4	13	15	14	353	149	0.0409611094688
2596	0	7	1	11	339	149	0.286894969473
2598	2	7	0	11	343	149	0.106397659626
2599	2	7	0	11	348	149	0.109641569036
2626	0	1	1	135	277	149	1
2630	67	1	38	1	660	149	0.945414974201
2631	38	0	27	1	244	149	0.254207667196
2632	20	1	20	0	660	149	0.708931620399
2667	14	0	89	1	299	149	0.399106492752
2710	481	0	1202	2	295	149	1
2728	34	0	78	4	232	149	0.0470185482857
2732	1	10	6	14	255	149	0.0772452254805
2733	3	10	2	14	262	149	0.430548439284
2737	3	0	65	6	235	149	0.0208439732637
2738	18	0	618	6	174	149	0.77267147043
2767	0	7	2	5	408	149	0.0839400763683
2768	0	7	2	5	392	149	0.0776187018728
2769	0	7	2	5	382	149	0.074676105081
2778	4	4	0	25	265	149	0.000315817323956
2786	40	0	160	14	209	149	0.0025830961388
2789	0	4	1	109	191	149	1
2791	5	0	411	8	483	149	0.0603212706492
2809	93	4	328	3	1670	149	0.0549498725304
2811	0	24	5	101	374	149	0.394323731665
2826	2	0	5	11	273	149	0.000778710087386
2828	3	0	2	11	297	149	5.13087876772e-05
2842	4	0	33	2	194	149	0.186769971766
2843	4	52	40	196	194	149	0.0295572062372
2844	5	38	93	86	194	149	7.45733859109e-07
2846	154	0	964	1	270	149	1
2852	141	7	62	3	231	149	0.901933337721
2873	2	114	2	205	239	149	1
2874	268	2	224	14	204	149	0.000336004785736
2875	20	0	453	2	324	149	1
2876	18	0	394	1	298	149	1
2880	0	2	60	30	247	149	0.00105053037371
2883	0	2	35	30	259	149	0.00225269012872
2917	634	27	241	6	218	149	0.168852869993
2918	269	27	109	6	240	149	0.139486445067
2919	17	380	14	135	254	149	0.0487331829104
2920	17	7	10	3	254	149	0.649049054591
2921	29	380	16	135	230	149	0.267557312109
2922	12	2	4	1	230	149	0.815484711826
2923	652	2	237	1	245	149	1
2925	389	2	147	0	175	149	1
2929	11	4	2	2	233	149	0.263591263282
2940	318	0	158	1	275	149	1
2943	92	5	111	4	487	149	0.544339367394
2944	220	5	194	4	298	149	0.864036521845
2946	1	22	2	70	232	149	0.653963348986
2947	1	22	4	70	249	149	0.521149419477
2949	2	22	0	70	423	149	0.599638212368
2950	2	4	5	0	286	149	6.29499660711e-05
2967	263	8	301	27	235	149	0.00579607697407
2968	158	152	188	84	211	149	0.000543486335255
2969	0	97	1	130	216	149	1
2970	7	1	4	0	210	149	0.552551891638
2971	11	22	3	2	357	149	0.417822378126
2972	6	149	3	95	357	149	0.612132361601
2973	4	2	5	5	357	149	0.458122313768
2974	80	149	8	95	438	149	1.7461124624e-07
2975	65	2	6	0	438	149	0.163095460312
2976	135	2	85	5	224	149	0.0704252455432
2977	19	23	26	24	272	149	0.526994645018
2978	153	0	125	1	245	149	0.815572563901
2979	334	1	212	0	240	149	1
2980	438	2	291	2	317	149	0.586951962714
2981	195	2	125	0	286	149	0.529543370636
2982	340	0	216	1	253	149	1
2983	129	3	101	5	253	149	0.283109882018
2984	194	3	105	5	247	149	0.127230586142
2985	411	6	219	1	247	149	0.21577529168
2990	157	0	116	2	289	149	0.673179215913
2991	32	1	147	1	258	149	0.286979638668
2993	278	1	144	5	267	149	0.0200526326124
2994	18	1	20	1	203	149	0.963382203099
2995	3	0	15	2	209	149	0.0755208589939
3002	18	0	17	4	222	149	0.00294489193392
3003	1	0	1	3	224	149	0.000203122186269
3004	7	0	1	6	224	149	2.10527780631e-06
3007	7	0	8	4	216	149	0.000958333895374
3016	0	10	2	185	316	149	1
3026	2	0	2	32	206	149	9.33508202193e-05
3053	2	4	0	12	221	149	0.023612963575
3061	78	0	106	1	297	149	0.47003125208
3066	16	10	1	7	251	149	0.00306621303493
3072	4	0	41	21	465	149	0.00188368212319
3088	0	1	4	0	242	149	1.65571615439e-05
3089	83	0	46	1	279	149	0.288445198633
3091	45	1	41	0	221	149	0.319366353001
3092	0	39	2	25	260	149	0.792645198351
3104	262	1	755	0	3159	149	0.336287455518
3105	291	0	770	2	3159	149	0.225932272432
3106	2	2	2	1	315	149	0.574720981302
3107	2	29	2	16	315	149	0.673779531111
3113	13	0	4	2	299	149	0.00451597535186
3114	7	7	3	6	299	149	0.381453922117
3115	12	29	5	16	299	149	0.598712937215
3116	7	0	2	2	299	149	0.00172228962362
3124	2	3	9	7	313	149	0.415475711845
3125	2	0	5	2	313	149	0.00995517778051
3127	2	0	4	1	304	149	0.0715434824513
3144	919	1	578	0	213	149	1
3145	2891	13	2386	0	241	149	1
3146	2	0	463	1	329	149	1
3148	89	5	61	3	283	149	0.775080737339
3151	2	13	0	62	247	149	0.319509614509
3156	151	0	1411	1	343	149	1
3158	99	0	567	1	245	149	1
3159	39	0	1015	1	325	149	1
3162	129	13	867	11	245	149	1.0268783215e-05
3163	158	0	544	1	279	149	1
3166	31	318	57	709	197	149	0.522787819497
3167	23	0	6	2	214	149	0.0107365146292
3169	418	11	31	1	254	149	0.673229953583
3170	391	2	30	0	242	149	1
3172	468	1	35	0	241	149	1
3174	228	0	33	2	305	149	0.193028393858
3177	3	164	0	19	212	149	0.67466582327
3178	8	1	28	1	254	149	0.8884909487
3179	73	1	111	1	470	149	0.908139807485
3183	1	2	10	0	185	149	0.000838427010875
3185	32	282	130	504	260	149	0.000697091181491
3186	16	17	72	6	260	149	6.84294685693e-07
3187	611	17	1111	6	279	149	0.000348185452417
3188	357	6	697	29	279	149	0.0251167897529
3189	321	17	500	6	307	149	0.00115771538628
3213	2	0	0	12	185	149	3.20162823464e-06
3231	11	2	39	2	292	149	0.341127064927
3241	3	7	3	450	293	149	0.0125158280215
3243	0	21	4	429	164	149	1
3245	4	0	4	2	220	149	0.0116243810374
3256	4	138	0	33	203	149	0.42856966589
3257	3	138	0	33	188	149	0.639205355891
3259	55	0	57	2	230	149	0.339579997291
3264	0	2	2	115	532	149	1
3266	0	7	1	57	266	149	1
3267	0	9	4	5	327	149	0.00332343238218
3268	0	156	9	68	327	149	0.000603872037603
3269	336	2	104	7	261	149	0.000827330198171
3270	467	2	164	7	240	149	0.00277755336813
3271	11	408	8	133	263	149	0.156665829264
3273	8	636	15	181	272	149	0.000136400559275
3274	715	3	213	3	195	149	0.675450490659
3276	712	1	261	0	222	149	1
3277	249	0	106	2	221	149	0.578297482475
3278	850	1	286	0	238	149	1
3279	469	1	153	0	284	149	1
3280	910	1	194	1	309	149	1
3286	3	6	0	7	231	149	0.0121911241986
3287	71	0	119	2	380	149	0.435093463946
3288	0	23	1	31	191	149	0.369909017339
3289	9	0	85	3	360	149	0.0985175110703
3304	71	0	38	1	187	149	0.318679977541
3305	11	0	8	2	200	149	0.0271304034672
3306	16	0	17	2	203	149	0.0649198661909
3309	1	2	2	2	162	149	0.57122593126
3310	102	4	26	1	152	149	0.701682056538
3311	38	0	5	2	246	149	0.00683583797301
3312	38	2	8	11	246	149	2.90124391977e-06
3313	0	5	3	4	302	149	0.0115900409686
3314	45	0	85	6	367	149	0.0036969811878
3316	46	0	133	2	249	149	0.545433135654
3317	0	35	2	88	270	149	0.697951567159
3330	0	12	4	82	306	149	0.343649293517
3338	5	25	2	145	278	149	0.00336753413053
3342	5	0	31	1	563	149	0.318184711534
3343	2	0	4	1	266	149	0.082903053028
3346	66	0	316	4	233	149	0.49201830218
3347	39	0	142	4	219	149	0.142103024408
3349	6	0	155	3	235	149	0.343776975693
3350	32	0	361	3	235	149	0.664505041094
3351	0	26	2	216	250	149	1
3352	3	26	4	216	316	149	0.160761485513
3354	0	26	6	216	296	149	0.865090992712
3356	0	26	8	216	352	149	0.454543854414
3365	157	30	70	34	226	149	0.00346336423054
3367	5	53	26	37	303	149	2.45196873107e-05
3368	27	53	36	37	249	149	0.0688467450498
3404	7	0	8	1	280	149	0.76383041329
3407	0	1	4	1	267	149	0.000576237074916
3408	13	0	24	2	331	149	0.0642518164555
3411	25	0	74	1	237	149	0.412961869713
3414	3	0	41	1	251	149	0.287387513796
3419	24	1	135	2	293	149	0.526324176422
3436	2	54	0	38	245	149	0.52986169596
3437	21	2	18	4	239	149	0.309605156857
3458	1	0	1	2	248	149	0.00127604236208
3459	306	0	341	2	285	149	1
3460	517	2	485	0	295	149	1
3461	39	0	65	2	240	149	0.328357538231
3463	1	0	4	6	356	149	0.000644658039012
3464	0	1	1	32	477	149	1
3465	235	0	237	3	236	149	0.748217341467
3467	24	0	73	2	192	149	0.548961414723
3470	33	2	185	0	245	149	0.261719293063
3472	19	7	27	31	226	149	0.0227870675017
3475	6	2	18	1	272	149	0.135571895119
3476	11	2	41	4	302	149	0.725416518451
3482	102	11	9	4	343	149	0.0666834023075
3487	133	10	68	11	253	149	0.116328196744
3491	17	44	13	36	247	149	0.867600251113
3499	14	0	8	2	205	149	0.0235024468978
3506	0	1	4	11	213	149	0.0119247438525
3507	0	1	5	2	213	149	0.00109163419833
3508	70	1	57	2	539	149	0.357546837258
3509	69	0	47	2	539	149	0.0560134963903
3510	0	15	1	9	195	149	0.224931871151
3513	5	13	0	40	396	149	0.00164796956086
3514	340	2	392	0	308	149	0.73825034432
3515	1107	7	677	8	241	149	0.289776722418
3518	166	33	17	0	269	149	0.000774172316738
3519	950	0	314	1	287	149	1
3520	1819	0	537	6	279	149	0.30652544418
3521	924	9	226	4	279	149	0.575587110548
3523	2	903	0	315	192	149	1
3524	3	6	0	2	217	149	0.0161301633696
3525	7	903	0	315	217	149	1
3527	6	903	6	315	203	149	0.878661130851
3528	2	5	4	0	203	149	9.7377914166e-05
3529	540	9	222	4	235	149	0.864732715656
3530	1442	8	528	4	235	149	0.717474971849
3531	9	2	4	1	180	149	0.937105758038
3532	20	0	29	1	290	149	0.245353184803
3535	310	3	79	0	242	149	0.635982234783
3536	374	3	72	1	273	149	0.572927685558
3537	275	20	40	8	225	149	0.0638668531128
3554	214	0	326	2	263	149	1
3556	0	3	3	0	255	149	3.6211936435e-06
3557	0	36	4	28	255	149	0.0216725674443
3558	0	3	2	22	255	149	0.263290968313
3559	0	2	6	106	255	149	0.182488468075
3560	6	36	2	28	194	149	0.21901926855
3561	2	3	0	22	194	149	0.0149641876386
3562	70	0	159	2	306	149	0.554522890236
3563	97	2	258	0	331	149	0.732304707857
3564	2	0	3	3	220	149	0.00114562541987
3565	132	0	228	5	238	149	0.0906485508526
3566	35	0	102	3	272	149	0.14180114975
3567	40	0	128	3	276	149	0.182560117743
3572	2	2	2	0	218	149	0.00456650111394
3580	456	2	111	0	263	149	1
3581	594	10	149	3	278	149	0.778174689436
3582	756	3	258	0	355	149	1
3583	232	2	126	0	202	149	0.810392653956
3587	38	0	17	1	228	149	0.228352463428
3588	14	0	8	3	228	149	0.00339538639426
3589	33	0	12	3	192	149	0.00477530443098
3590	68	13	24	4	192	149	0.75833637549
3591	2	59	0	25	239	149	0.524519903827
3592	6	25	4	16	176	149	0.985746685599
3593	62	0	65	1	240	149	0.374881514861
3597	3	11	11	9	272	149	0.0323275680668
3598	2	3	0	19	259	149	0.0266173992209
3599	7	168	4	253	273	149	0.1846624138
3602	70	0	160	3	899	149	0.0519790519683
3604	11	0	146	2	314	149	0.604863809471
3605	14	0	83	2	633	149	0.13751489239
3607	0	19	1	58	155	149	0.535782629844
3608	0	19	2	58	306	149	0.53936851732
3612	226	2	301	0	232	149	0.618807491754
3617	10	0	127	2	345	149	0.384242118449
3618	10	0	221	2	294	149	0.533770785177
3633	6	2	5	6	267	149	0.142411599952
3636	11	0	39	2	234	149	0.166386045033
3652	0	4	2	21	236	149	0.231872498738
3653	0	4	7	21	367	149	0.0134878513905
3655	14	0	269	2	310	149	0.564825822307
3656	5115	2	1201	2	184	149	1
3657	9	4823	3	947	173	149	1
3658	7225	1	1284	1	179	149	1
3665	3	22	2	2	369	149	0.294843428004
3666	1	25	0	7	218	149	0.352134387382
3667	1	8	0	9	238	149	0.226504219131
3670	12	2	10	0	243	149	0.0392910415733
3672	95	0	10	2	304	149	0.0189933776138
3673	61	5	5	1	389	149	0.697546336607
3675	72	1	18	0	338	149	0.326291575373
3681	1	2	0	2	200	149	0.47628899569
3682	24	4	7	0	320	149	0.0041216481138
3683	172	3	41	0	230	149	0.371611111498
3684	90	7	10	0	230	149	0.0189002082274
3685	21	95	4	31	201	149	0.236022813065
3686	32	7	7	0	195	149	0.00510893620737
3687	124	15	38	0	195	149	0.000962425551229
3692	458	10	75	0	292	149	0.0390084771514
3710	115	2	51	0	241	149	0.581841515147
3711	97	2	45	1	273	149	0.898143896807
3712	3	74	0	18	251	149	0.499568252473
3713	20	8	9	1	232	149	0.0952826645465
3714	54	8	16	1	232	149	0.203633886222
3715	13	8	4	1	232	149	0.259030598601
3716	7	36	3	7	232	149	0.576080612296
3721	15	2	198	0	226	149	0.0831771440481
3722	1317	2	751	0	299	149	1
3723	1159	27	367	15	207	149	0.154686200617
3733	64	1	78	0	2512	149	0.655793997712
3735	52	4	15	0	312	149	0.0175336231052
3736	2	0	4	4	250	149	0.000832003942503
3738	24	4	8	5	799	149	0.0688062110959
3745	5	38	1	9	227	149	0.578121379235
3751	2	0	5	1	209	149	0.65001450078
3812	78	4	28	0	275	149	0.0390853441512
3815	41	40	8	35	222	149	0.000441979964175
3816	10	240	9	76	273	149	0.0537436212719
3844	1	0	19	6	221	149	0.00739583493681
3856	16	0	72	1	389	149	0.304476663949
3857	16	0	58	2	383	149	0.15083346404
3858	50	2	52	0	257	149	0.218442565134
3860	4	4	8	106	303	149	0.00924476898481
3861	28	6	110	2	203	149	0.00139575952724
3862	0	143	2	88	337	149	1
3863	3	143	2	88	399	149	1
3864	1	24	2	20	244	149	0.366777516749
3865	142	0	81	2	332	149	0.542305689528
3866	145	1	50	0	252	149	1
3867	1	97	0	25	314	149	1
3868	75	2	60	0	332	149	0.254791542217
3869	4	0	2	5	284	149	6.30135255052e-05
3870	194	1	54	0	275	149	1
3871	3	167	0	27	226	149	0.748203059485
3872	3	98	0	34	216	149	0.90234345245
3873	101	3	42	0	202	149	0.184103999208
3875	8	66	2	29	247	149	0.323981431955
3885	3	0	30	2	199	149	0.168445514619
3886	2	7	15	95	417	149	0.552062709213
3910	376	1	231	2	224	149	0.661458927056
3911	304	1	316	7	239	149	0.0424498842381
3914	82	0	12	4	255	149	0.00011710285659
3915	102	1	6	0	284	149	0.472786323693
3918	1	25	0	6	250	149	0.3820129403
3925	5	33	1	28	332	149	0.0742621634234
3927	5	1404	0	699	332	149	1
3928	5	1404	0	699	335	149	1
3929	161	0	419	2	257	149	1
3931	80	1	24	0	248	149	0.430688217332
3932	49	5	24	2	227	149	0.656232968289
3945	24	1	11	0	203	149	0.25582495242
3946	9	0	18	2	320	149	0.0496906397695
3948	58	0	139	2	216	149	0.52870418398
3951	4	1	90	0	247	149	0.312488037675
3952	6	1	171	0	289	149	0.595296705447
3961	1	0	0	2	240	149	2.7203569025e-05
3967	0	1	4	15	263	149	0.0291488260557
4008	32	1	21	1	244	149	0.982143819108
4010	6	3	2	2	257	149	0.486251123867
4013	9	0	7	2	173	149	0.0289711741121
4014	54	0	93	2	278	149	0.50900314148
4024	29	0	47	1	239	149	0.310731380371
4025	71	0	72	2	266	149	0.424536726693
4026	76	1	100	0	312	149	0.347807874297
4029	216	4	110	0	279	149	0.145199646007
4030	13	4	1	0	208	149	0.00415101997987
4031	15	18	7	36	208	149	0.00581972838477
4032	4	18	0	36	247	149	0.00715399345058
4047	4	0	2	4	405	149	6.91236496203e-05
4049	5	0	12	2	634	149	0.01121599427
4052	32	3	7	2	358	149	0.311854893185
4054	15	3	4	2	347	149	0.317539451691
4064	233	1	24	0	206	149	1
4065	376	1	38	0	257	149	1
4066	150	1	14	0	223	149	1
4072	137	0	167	1	257	149	1
4075	55	9	130	4	245	149	0.005205420152
4078	0	1	3	76	191	149	0.352693092576
4080	55	2	15	0	320	149	0.170719463737
4082	19	39	2	5	195	149	0.68047470705
4083	1	61	0	2	186	149	0.819981551783
4087	11	159	0	37	341	149	0.0537728932492
4088	2	10	0	5	296	149	0.130811117533
4096	125	3	30	1	212	149	0.666666242709
4098	124	2	7	0	257	149	0.657534107863
4099	396	5	34	0	332	149	0.245721905511
4101	208	6	28	0	284	149	0.0553831946241
4105	15	1	1	0	224	149	0.256378441525
4110	3	0	65	2	318	149	0.22614774048
4111	1	0	40	1	203	149	0.310308984224
4118	313	4	167	1	264	149	0.381768287013
4119	1926	28	1545	32	257	149	0.237034491762
4120	2509	1	2198	0	247	149	1
4121	1209	5	1213	4	188	149	1
4122	893	13	150	1	277	149	0.144426270145
4123	444	0	104	1	412	149	0.354826632343
4124	453	1	168	0	257	149	1
4125	301	1	78	0	248	149	1
4129	167	6	62	0	262	149	0.0283644423239
4130	3	154	0	30	247	149	0.757004055902
4131	267	10	47	0	219	149	0.0251461173529
4132	251	2	43	0	246	149	0.652401361409
4133	263	4	46	0	291	149	0.245177132705
4134	9	1	2	1	307	149	0.233614269516
4164	6	0	37	2	300	149	0.131993513635
4165	6	0	154	2	350	149	0.509570089121
4166	6	0	60	2	431	149	0.15245873188
4167	2	0	85	1	268	149	0.418028863329
4168	2	0	155	1	233	149	1
4169	2	0	48	1	233	149	0.321037250779
4171	1	98	0	35	198	149	1
4172	169	1	37	0	210	149	1
4177	2	3	1	0	221	149	0.00061918902812
4184	138	23	24	3	278	149	0.503776432384
4187	839	7	120	2	608	149	0.679837184747
4188	228	4	32	4	416	149	0.0220295670261
4189	2	17	0	1	295	149	0.253274046659
4204	6	159	0	51	324	149	0.493368425942
4205	402	18	58	1	298	149	0.0992770943659
4206	21	1	3	2	214	149	0.0464018600563
4207	84	3	16	0	359	149	0.0909826109354
4208	21	3	3	0	214	149	0.0300144903247
4209	67	0	14	2	276	149	0.0330624558633
4210	25	2	12	0	298	149	0.0771304896545
4212	62	0	18	1	323	149	0.575104771948
4214	4	25	4	6	300	149	0.133003217134
4215	0	28	2	4	242	149	0.0400911859604
4217	2	58	0	24	235	149	0.526765533406
4218	17	58	0	24	242	149	0.000244806346809
4220	12	113	0	33	218	149	0.00632763475757
4222	37	113	0	33	239	149	1.159338198e-05
4223	236	1	57	0	284	149	1
4224	222	1	44	0	248	149	1
4232	2	0	0	6	265	149	5.71763212287e-06
4234	1	18	0	16	408	149	0.436497186526
4238	4	15	6	16	314	149	0.595571375728
4239	5	0	11	1	272	149	0.432475555644
4240	7	0	14	1	429	149	0.619893463309
4241	4	3	10	2	215	149	0.166837848627
4242	4	3	6	2	218	149	0.405511643497
4245	7	2	3	0	244	149	0.0234687990373
4246	11	0	6	2	244	149	0.0135036565346
4247	15	36	3	16	244	149	0.152142570983
4249	2	36	0	16	241	149	0.723908360103
4253	0	36	6	16	365	149	0.000802677516629
4254	4	8	7	0	365	149	1.77028401394e-05
4258	37	0	23	2	256	149	0.0627959009349
4288	405	3	114	0	200	149	1
4289	18	1	28	2	338	149	0.655976752233
4291	1	12	2	1	248	149	0.0397623865248
4292	8	8	3	0	221	149	0.000903691953374
4297	62	0	38	1	180	149	0.323789802115
4304	577	1	43	0	297	149	1
4305	617	9	48	0	297	149	0.122377405073
4306	8	159	0	10	280	149	0.179576818665
4307	6	199	0	15	280	149	0.527146389619
4308	113	9	5	0	218	149	0.0250279879422
4309	271	199	15	15	218	149	0.418922324256
4311	10	66	0	5	229	149	0.0235207138926
4312	3596	1	391	0	4870	149	1
4313	2329	1	475	0	212	149	1
4314	4234	0	756	1	259	149	1
4315	2025	0	375	1	272	149	1
4316	2827	5	637	0	226	149	1
4317	585	2	248	0	226	149	1
4328	149	1	199	2	351	149	0.548733391602
4329	0	45	2	51	224	149	0.546798861875
4331	22	0	96	5	337	149	0.0169157580381
4332	0	25	3	37	200	149	0.0975400876513
4340	5	0	3	2	212	149	0.00742163611843
4341	2	0	14	2	319	149	0.0420493864498
4344	52	0	9	2	220	149	0.0246769078178
4345	31	5	8	0	220	149	0.00656363247165
4346	30	2	18	0	323	149	0.0807072090579
4347	11	0	25	1	252	149	0.244150932727
4348	136	1	30	0	226	149	1
4349	50	8	24	1	241	149	0.0599772535861
4350	26	0	22	2	204	149	0.0808330385626
4351	7	0	1	2	179	149	0.0012577225621
4353	3	0	2	2	240	149	0.00350564149647
4354	0	2	1	3	222	149	0.562937351948
4355	0	5	1	1	222	149	0.233804614249
4356	0	18	2	5	210	149	0.0324206585852
4357	8	18	3	5	321	149	0.808248033528
4358	10	2	1	3	321	149	0.00771490686776
4359	32	18	17	5	466	149	0.250797656028
4360	48	18	26	5	757	149	0.220810206104
4361	48	5	24	1	757	149	0.264200598224
4369	7	2	37	2	214	149	0.227797664473
4372	10	5	48	6	246	149	0.0576368390034
4377	5	0	55	1	333	149	0.288987720628
4378	5	0	53	1	330	149	0.286656610071
4383	24	218	8	657	232	149	8.73972137994e-08
4384	1	26	13	6	311	149	2.30376690502e-07
4385	140	1	84	0	237	149	1
4386	135	0	68	2	217	149	0.834710142321
4387	201	1	121	2	286	149	0.800818769237
4388	22	40	78	0	437	149	0
4389	49	0	76	1	467	149	0.288348446723
4392	2	0	1	6	303	149	5.99038349093e-05
4403	2	0	0	6	341	149	6.93128432394e-06
4409	71	0	28	1	208	149	0.269272834101
4410	204	1	63	0	278	149	1
4414	15	1	27	0	301	149	0.239699968543
4421	3	131	0	81	247	149	0.642625580487
4422	176	0	115	2	251	149	0.598297381416
4430	14	0	206	10	200	149	0.0386791415994
4432	28	0	2452	11	214	149	1
4433	2	0	243	11	184	149	0.0700024252683
4436	4	0	67	1	210	149	0.419696303213
4438	0	12	1	88	336	149	1
4466	4	0	9	20	406	149	0.0001638664524
4492	2	2	13	9	382	149	0.610533497368
4493	2	2	18	9	334	149	0.34038656916
4494	2	0	30	6	263	149	0.00848082900595
4498	4	0	4	17	305	149	3.41127354279e-05
4508	341	8	68	1	344	149	0.35404726709
4509	397	0	91	2	370	149	0.554506109342
4510	12	116	4	23	339	149	0.731155277055
4511	171	2	35	5	191	149	0.00263060447568
4512	16	101	11	27	521	149	0.0664315561452
4513	344	0	77	5	330	149	0.000634613458631
4527	0	4	25	43	296	149	0.00287785290863
4528	20	1	349	0	1305	149	0.196872758374
4561	2	0	9	1	327	149	0.845825237958
4564	2	2	21	0	220	149	0.00161240836914
4579	6	2	35	2	227	149	0.193866186321
4582	0	1	5	54	207	149	0.0696743523545
4583	1	0	215	2	476	149	0.512680356055
4584	60	0	1759	4	2753	149	0.183883332007
4585	60	0	1740	4	2762	149	0.180135768561
4586	2	0	33	8	323	149	0.00677636290186
4587	2	0	63	8	299	149	0.0133243051288
4588	1	0	140	1	341	149	0.54512571314
4605	0	14	2	96	325	149	1
4613	0	2	17	0	358	149	9.3910264487e-07
4614	2	0	13	4	393	149	0.00238675894029
4615	35	2	42	0	254	149	0.121159683541
4616	37	2	42	10	254	149	0.0219783189915
4617	37	0	46	12	254	149	3.61814982808e-05
4619	23	41	8	20	230	149	0.445624369275
4627	50	4	15	83	780	149	0
4628	18	63	6	137	376	149	7.13374430633e-05
4629	14	4	6	83	376	149	7.79320830091e-10
4630	129	4	148	83	819	149	4.05453448593e-13
4631	129	4	268	83	248	149	1.31463046005e-08
4641	25	0	214	8	273	149	0.0320683854154
4644	590	1	581	1	238	149	1
4645	46	0	364	1	295	149	1
4646	838	0	1227	1	257	149	1
4647	829	2	1128	0	257	149	1
4648	2	2	79	0	310	149	0.000576137600564
4649	48	37	497	320	310	149	0.485116873459
4650	82	9	820	8	310	149	2.28931259338e-05
4651	721	9	819	8	310	149	0.634693407213
4652	684	34	502	326	310	149	0
4659	1	54	0	73	314	149	1
4671	165	2	90	0	197	149	0.553671487298
4672	4	133	0	73	251	149	0.881721778847
4674	156	1	85	3	210	149	0.152576708868
4676	1	18	1	45	232	149	0.406927885924
4690	4	0	2	4	223	149	0.000106907826755
4691	5	0	2	4	353	149	6.32109285533e-05
4701	0	4	2	0	318	149	8.25232462842e-06
4708	4	0	45	4	271	149	0.0209360497174
4714	0	6	2	53	283	149	0.523055266191
4720	5	1	2	0	319	149	0.0862888260954
4721	1480	1	1337	0	221	149	1
4722	498	0	579	1	246	149	1
4723	734	0	1306	1	280	149	1
4744	4	1	1	0	187	149	0.534106957483
4745	9	1	2	0	694	149	0.0691568432185
4746	9	4	4	0	257	149	0.00126234386488
4754	18	1	24	4	257	149	0.198184037394
4755	9	6	13	16	212	149	0.313859947333
4762	0	8	3	0	270	149	1.06003204292e-06
4763	391	0	134	1	205	149	1
4764	246	19	150	0	269	149	2.05816878887e-05
4765	238	0	146	1	244	149	1
4766	153	1	53	0	277	149	1
4767	567	4	168	1	351	149	0.559091222775
4768	14	163	0	75	182	149	0.00139493455372
4769	368	1	103	0	297	149	1
4770	134	0	34	1	291	149	0.256480436128
4771	403	2	108	0	379	149	0.691645603601
4772	226	0	74	1	238	149	0.411664973905
4773	3	11	5	10	268	149	0.432862140403
4774	11	5	18	4	268	149	0.328627307706
4779	17	8	4	0	289	149	0.00193345783141
4782	3	2	0	2	208	149	0.00299367586934
4783	10	3	3	0	318	149	0.00431430638995
4784	19	1	2	0	297	149	0.26947512816
4785	47	2	4	0	253	149	0.20561966788
4786	6	29	0	2	231	149	0.0215552324771
4787	1067	14	70	0	229	149	0.185624393646
4788	1895	0	80	1	241	149	0.440818383697
4789	1008	1	38	0	241	149	1
4790	8	1	1	0	227	149	0.532652922863
4791	1480	3	60	0	227	149	1
4792	598	3	30	0	227	149	1
4793	795	3	25	0	269	149	1
4794	1703	9	58	0	269	149	1
4795	918	2	33	0	323	149	1
4796	1601	7	83	0	257	149	1
4797	2002	28	118	0	288	149	0.0627806343324
4798	2298	2	99	0	291	149	1
4799	2328	7	87	0	253	149	1
4801	2	1	0	2	276	149	0.0102722436112
4804	4	61	4	59	235	149	0.970059757286
4806	314	1	185	0	323	149	1
4810	83	0	93	1	238	149	0.514912219074
4812	62	2	95	5	268	149	0.41776121061
4814	232958	197	36141	30	347	149	1
4815	111315	15	17288	2	347	149	1
4816	112548	15	17815	2	329	149	1
4817	234003	11	36643	5	329	149	1
4818	156785	1	23542	0	329	149	1
4819	38807	3	6269	0	338	149	1
4820	38809	1	6269	0	338	149	1
4821	138203	30	33267	11	338	149	1
4822	116015	2	19365	0	338	149	1
4823	16523	2	8271	2	226	149	1
4824	88908	8	23085	16	246	149	1
4825	71683	1	18564	0	326	149	1
4826	71682	4	18566	2	326	149	1
4827	134599	21	32808	3	326	149	1
4832	524	0	151	1	376	149	0.53117470959
4840	15	2	31	0	250	149	0.0339127126425
4841	0	2	8	17	350	149	0.0112124462344
4842	0	13	5	13	266	149	0.00364672500771
4845	49	2	4	0	434	149	0.124250620896
4846	100	0	102	10	172	149	0.000301155754873
4847	126	2	109	0	206	149	0.532624855107
4848	155	3	117	1	212	149	0.354078805969
4850	29	1	130	0	397	149	0.300930709357
4851	19	1	91	0	418	149	0.764981177457
4852	0	4	1	22	315	149	0.41732775413
4855	2	0	0	7	231	149	4.76677489314e-06
4866	49	0	234	2	305	149	0.536414600874
4869	2	0	14	13	220	149	0.00240896671869
4871	2	0	0	5	193	149	6.68060444808e-06
4872	105	0	60	5	186	149	0.0041169221802
4874	15	6	2	1	207	149	0.817347773581
4876	12	24	4	8	242	149	0.990440093063
4877	43	1	10	0	190	149	0.334695686838
4894	368	3	141	2	308	149	0.967835658678
4895	1009	1	528	0	1066	149	1
4896	1197	0	473	1	833	149	1
4897	371	2	136	0	260	149	1
4898	408	0	181	1	312	149	1
4899	518	8	162	1	295	149	0.149512412733
4900	47	0	17	1	314	149	0.236754593552
4904	132	1	33	0	274	149	0.710102828665
4928	11	153	1	47	227	149	0.0550467046841
4929	264	15	76	2	250	149	0.140886739154
4930	122	18	30	2	250	149	0.146475437825
4931	82	18	19	2	226	149	0.188099761075
4932	205	3	64	0	226	149	0.665486967542
4933	44	0	21	2	333	149	0.0360643883488
4934	35	2	12	0	333	149	0.102550690892
4935	19	2	6	0	303	149	0.0603919484497
4936	19	2	8	0	290	149	0.0610247182551
4937	31	3	15	0	290	149	0.0267550777853
4940	55	2	12	0	314	149	0.179277084674
4941	47	2	29	0	366	149	0.108440202267
4943	1	18	0	11	245	149	0.313058288447
4946	21	0	11	4	297	149	0.000513503875974
4950	782	3	428	0	285	149	1
4951	626	13	342	2	240	149	0.0335289733013
4952	289	4	128	2	240	149	0.85810983398
4953	366	4	185	2	260	149	0.862767224867
4954	692	0	393	2	260	149	1
4956	407	1	443	2	281	149	1
4957	578	1	328	0	266	149	1
4958	270	0	208	2	211	149	0.626524993141
4959	7	100	13	152	188	149	0.619042253482
4960	317	1	489	0	252	149	1
4961	290	1	394	0	235	149	1
4962	89	7	58	31	1468	149	6.5731304062e-06
4966	222	0	78	1	295	149	0.369746263121
4967	139	2	71	0	332	149	0.785855673586
4968	135	2	65	1	230	149	0.871704216127
4981	12	3	6	6	231	149	0.0772835708359
4982	15	0	6	1	292	149	0.520562716834
4983	82	42	39	12	346	149	0.189632057699
4984	134	42	51	12	326	149	0.420689345801
4985	88	4	16	0	326	149	0.0428266887236
4988	63	4	13	0	236	149	0.0418091847238
4990	36	8	20	5	266	149	0.865520138731
4991	24	8	14	5	293	149	0.920956316881
4992	29	2	52	0	339	149	0.058393921578
4993	31	0	37	1	278	149	0.265878701961
4994	108	0	77	2	365	149	0.298707372247
4995	55	1	44	1	200	149	0.932381807329
4996	97	1	57	0	274	149	0.466455811928
4998	69	1	42	0	217	149	0.418636576265
5001	14	2	30	0	190	149	0.0507990970726
5002	9	0	29	2	251	149	0.115688890022
5004	63	4	28	1	316	149	0.367290219094
5005	17	24	2	14	294	149	0.0121670340711
5008	43	2	16	0	210	149	0.187947248748
5017	1	1	5	12	241	149	0.72759745153
5021	365	1	74	0	255	149	1
5022	807	1	186	0	270	149	1
5023	330	0	82	1	215	149	0.501660648289
5024	755	2	130	0	289	149	1
5026	460	3	151	0	335	149	0.636150509595
5027	564	0	116	3	253	149	0.240766696924
5028	703	1	130	0	354	149	1
5029	435	12	68	4	250	149	0.435503058186
5030	668	3	96	19	250	149	1.59317004034e-13
5031	146	3	44	19	310	149	5.63179769486e-09
5032	278	377	56	44	310	149	0.037845353057
5033	173	0	311	2	205	149	1
5037	10	0	5	1	216	149	0.681592252767
5040	30	4	31	0	213	149	0.00776838205643
5057	1	0	15	2	247	149	0.0651949376714
5069	0	27	1	46	345	149	1
5070	1	27	0	46	192	149	0.338141853982
5071	74	0	69	2	242	149	0.532145154177
5078	79	1	7	0	263	149	0.401549901794
5079	35	2	4	0	221	149	0.174531219768
5081	4	48	0	9	242	149	0.121754894317
5082	61	1	15	0	224	149	0.376053865162
5086	17	5	19	2	234	149	0.199407012556
5088	301	5	82	2	228	149	0.712159257767
5089	579	1	154	0	228	149	1
5093	855	2	274	0	254	149	1
5094	511	2	164	1	246	149	1
5095	16	303	5	99	352	149	0.808673811406
5096	130	5	51	0	201	149	0.060129696668
5099	6	0	139	2	249	149	0.754127108991
5105	208	2	119	0	217	149	0.608966172076
5107	1	210	2	68	219	149	0.524019990227
5109	445	2	186	0	292	149	1
5115	22	69	24	63	342	149	0.629907427898
5116	14	3	2	10	212	149	8.18527795615e-05
5117	4	69	0	63	208	149	0.0965438442254
5118	10	61	16	62	275	149	0.307554028236
5119	7	0	9	4	275	149	0.000695369104919
5126	2	2	45	0	317	149	0.000738504447262
5164	1	77	0	54	209	149	1
5165	3	169	0	44	199	149	0.656995748382
5166	26	36	7	47	227	149	0.000486920319395
5169	3	6	5	2	200	149	0.0842464467442
5170	3	0	6	2	200	149	0.0253500423027
5171	5	0	10	21	200	149	5.01970312338e-05
5173	6	0	2	2	201	149	0.00385967499808
5174	4	0	2	21	201	149	2.97155594309e-06
5178	0	2	1	5	271	149	0.248146764957
5188	407	0	247	2	339	149	0.531062690558
5189	239	0	124	2	263	149	0.586458379678
5190	0	265	4	138	273	149	0.738255721343
5192	2	265	0	138	221	149	1
5194	463	8	305	2	275	149	0.120878332804
5195	852	4	367	0	272	149	1
5197	716	1	308	0	285	149	1
5202	14	0	195	5	215	149	0.165924684127
5223	4	0	8	44	290	149	1.53016490502e-05
5225	5	0	8	2	209	149	0.0323383331116
5230	6	11	111	50	239	149	0.00655632644306
5231	7	6	3	2	263	149	0.781696348215
5233	39	5	8	0	227	149	0.00920275510715
5236	29	2	2	0	224	149	0.146939259698
5237	40	0	155	1	274	149	1
5238	56	0	313	1	274	149	1
5239	20	0	112	1	237	149	0.685657091438
5240	85	0	304	4	203	149	0.780515940449
5241	36	2	43	0	203	149	0.196566511593
5242	36	0	40	4	207	149	0.0137662888318
5243	2	0	35	4	164	149	0.0348197998335
5244	106	2	214	0	278	149	0.697954117102
5245	155	0	475	5	278	149	0.406738921726
5248	24	0	51	4	208	149	0.0286585250529
5252	10	2	101	0	294	149	0.0212739076453
5256	4	1	2	2	230	149	0.240869441156
5257	1	2	1	1	271	149	0.628681683871
5258	2	45	0	12	395	149	0.538245678969
5260	4	10	2	0	293	149	0.000557141996403
5261	6	13	2	2	293	149	0.741516469735
5262	7	2	2	0	293	149	0.0184459865339
5263	6	2	2	1	293	149	0.721951878644
5264	12	13	0	2	293	149	0.00349625883655
5266	20	2	3	0	221	149	0.0981919401357
5267	9	3	1	0	221	149	0.00796502939734
5268	53	2	13	0	221	149	0.229085324978
5269	41	2	6	2	221	149	0.168105196322
5270	37	2	9	2	293	149	0.276456849818
5271	49	2	16	0	293	149	0.161855761095
5272	103	6	23	0	293	149	0.0145491863702
5273	5	0	5	1	293	149	0.353956054485
5296	4	0	2	33	357	149	1.23774666627e-06
5302	71	0	73	2	290	149	0.35224463264
5309	8	0	16	1	1492	149	0.0520295921932
5310	8	0	13	1	1354	149	0.0449519359018
5311	8	0	10	1	1187	149	0.0375092968569
5312	6	0	8	1	845	149	0.044375363913
5313	1	0	0	1	189	149	7.54401801163e-05
5317	0	1	10	0	338	149	1.2999428647e-05
5319	17	1	53	0	291	149	0.550642445641
5333	2	2	7	1	365	149	0.090386324331
5344	58	2	158	0	266	149	0.48501422439
5345	3	52	0	114	253	149	0.39777175756
5355	7	7	3	8	194	149	0.208362057642
5357	1	12	1	13	167	149	0.973287643326
5360	1	1	0	1	184	149	0.0485715023279
5374	2	4	2	18	532	149	0.369755142558
5375	3	6	14	25	260	149	0.810466065221
5388	0	96	2	68	390	149	1
5400	54	0	38	1	1116	149	0.544522113765
5413	2752	2	6098	35	319	149	0.481574602844
5417	1	0	50	4	244	149	0.0323351671628
5418	56	1	101	5	204	149	0.163558508318
5419	38	0	52	1	241	149	0.327570901259
5420	119	0	92	2	280	149	0.959870994455
5421	63	2	109	2	266	149	0.694778803279
5422	0	2	1	56	247	149	1
5423	0	2	3	56	270	149	0.361969590037
5424	2036	1	3381	0	255	149	1
5425	285	0	1609	2	255	149	1
5426	484	1	378	0	178	149	1
5427	2402	0	1503	2	265	149	1
5428	4175	6	3330	1	265	149	1
5432	2	19	2	64	313	149	0.420248316521
5436	199	0	166	2	254	149	0.52879044848
5437	252	1	207	0	262	149	1
5440	180	5	141	5	292	149	0.737992092263
5457	6	0	11	2	273	149	0.0338421701503
5458	13	0	17	2	258	149	0.0541887392531
5464	57	0	33	3	269	149	0.0153580024268
5465	30	1	14	2	269	149	0.206189160529
5476	64	6	82	0	180	149	0.00266749994176
5480	9	0	136	17	239	149	0.00803875673349
5486	219	2	150	0	247	149	0.572271173137
5487	142	1	88	0	278	149	0.822709401584
5489	1	0	53	2	253	149	0.23624648994
5491	2	24	0	68	272	149	0.803811852106
5492	134	2	166	0	300	149	0.611327038435
5495	1	2	2	36	274	149	0.393448702679
5502	32	0	67	2	306	149	0.205180763104
5508	1	0	13	1	340	149	0.491608744862
5512	255	2	353	1	302	149	0.556379224225
5513	3	178	2	160	249	149	1
5515	115	6	245	2	263	149	0.0119251920462
5521	12	20	3	83	348	149	4.87369798607e-06
5527	126	0	122	2	350	149	0.805180469829
5528	236	1	120	1	312	149	0.506341333675
5529	123	1	74	0	239	149	0.838942775287
5531	9	13	3	22	204	149	0.0177267837
5532	9	13	1	22	244	149	0.000566082970823
5536	1059	1	577	0	313	149	1
5554	3	18	1	54	228	149	0.0450565291471
5558	28	0	42	1	591	149	0.233416765066
5559	18	0	64	1	254	149	0.359996653103
5572	4	0	38	6	236	149	0.00978926803445
5576	170	0	155	1	532	149	0.393682714147
5577	2	12	0	10	275	149	0.13937686893
5578	21	1	14	6	197	149	0.00995293579147
5580	43	1	12	0	310	149	0.272347107261
5584	4	1	3	0	176	149	0.622945402602
5586	18	4	3	1	188	149	0.840259254385
5587	27	1	1	0	234	149	0.255162695696
5588	31	3	2	1	234	149	0.684580153246
5598	14	0	231	1	248	149	1
5601	46	2	20	2	245	149	0.536764779122
5602	16	2	23	0	224	149	0.0456754352919
5615	3033	0	2537	1	247	149	1
5616	2	8	5	7	274	149	0.228416291951
5618	312	1	1054	3	327	149	1
5619	60	1	300	3	250	149	0.588099566128
5631	267	1	138	0	248	149	1
5632	140	1	158	0	299	149	0.674222270632
5634	192	4	112	0	242	149	0.151553334969
5635	176	5	97	0	225	149	0.0654633544904
5638	0	79	1	33	264	149	0.516275840789
5640	28	2	18	0	209	149	0.113453043015
5641	36	4	12	5	238	149	0.076420253844
5642	47	2	12	0	222	149	0.207027695145
5643	39	0	45	2	270	149	0.152325513207
5645	7	2	26	6	173	149	0.905385929822
5646	69	1	82	0	338	149	0.315751758607
5648	15	6	5	21	260	149	0.000186209545421
5651	108	0	101	2	264	149	0.692615977605
5652	7	34	0	34	533	149	0.00971224122509
5655	15	3	5	0	264	149	0.0116933058003
5658	115	9	8	0	264	149	0.0176010956177
5659	1	35	3	35	280	149	0.197192002721
5661	6	122	4	54	197	149	0.70659596761
5669	3	64	1	50	284	149	0.484570434166
5670	2	64	0	50	235	149	0.523575260116
5673	4	9	34	49	191	149	0.367160786937
5701	6	60	0	4	317	149	0.0911887979243
5713	36	90	7	18	273	149	0.883323511799
5714	203	0	63	1	233	149	0.374460184119
5715	2	100	2	25	201	149	0.351877145484
5716	42	17	4	5	245	149	0.100165904588
5717	44	12	13	27	245	149	7.61924324322e-06
5718	45	12	9	27	272	149	2.91994991852e-07
5720	35	9	4	9	272	149	0.000756776570174
5721	0	29	1	4	287	149	0.340850470136
5722	2	29	0	4	293	149	0.4631634128
5724	242	3	121	5	222	149	0.104878759325
5725	3	157	1	74	210	149	0.649063734239
5726	223	2	100	2	231	149	0.578647794224
5727	8	10	0	59	296	149	1.00080787802e-06
5735	3	133	0	2	222	149	0.632110591332
5741	7	0	6	1	312	149	0.428587495179
5742	7	0	11	4	312	149	0.000892928568432
5746	5	1	8	0	290	149	0.367812589337
5747	9	1	12	0	374	149	0.644276308837
5749	2	2	2	3	273	149	0.726383942953
5750	4	9	6	14	267	149	0.988280769716
5751	0	11	1	7	186	149	0.223414324754
5752	3	1	10	11	269	149	0.230282541131
5754	260	1	73	0	241	149	1
5755	5	149	7	41	306	149	0.0130466908571
5756	182	7	60	1	179	149	0.187339729629
5757	577	8	153	0	252	149	0.146195113164
5758	736	1	268	0	345	149	1
5761	86	2	22	0	296	149	0.296634351535
5768	122	2	37	0	263	149	0.796452288963
5769	197	1	75	0	353	149	1
5773	0	2	4	36	1423	149	0.757718824349
5774	7	5	2	24	194	149	0.00052845468118
5777	3	0	44	1	393	149	0.256546438604
5781	0	2	1	28	218	149	0.37661785656
5787	2	3	0	9	241	149	0.0178881139793
5788	1	4	0	4	320	149	0.212228293712
5803	30	0	166	2	355	149	0.748141896297
5804	103	1	107	0	297	149	0.457902650957
5810	4	0	2	11	202	149	1.45298414522e-05
5811	5	0	3	11	205	149	1.45616656653e-05
5823	6	0	5	23	185	149	1.45392473749e-06
5824	28	0	54	23	386	149	2.75679658024e-06
5831	2	0	15	2	312	149	0.047279071576
5834	250	2	48	0	339	149	0.532054525317
5835	312	2	98	0	318	149	0.623607336521
5837	208	2	35	0	288	149	0.530232437755
5838	138	2	18	0	225	149	0.532579803549
5841	71	0	171	8	232	149	0.009069794197
5842	1	69	0	124	225	149	1
5843	4	69	10	124	266	149	0.480542145792
5845	18	0	108	15	197	149	0.00319721216215
5860	137	16	55	6	273	149	0.842637549286
5870	2	0	304	2	251	149	1
5874	18	0	278	1	263	149	1
5875	18	0	107	1	225	149	0.692477478921
5876	195	6	526	22	244	149	0.421247265699
5877	39	0	268	11	231	149	0.0217545716103
5894	22	1	7	2	247	149	0.134325993534
5895	0	5	3	64	211	149	0.306845543059
5921	145	2	698	0	272	149	0.54711115098
5922	117	0	359	6	272	149	0.117883519564
5923	173	0	166	6	266	149	0.00980745219283
5924	207	8	568	60	266	149	0.0045130699775
5925	322	0	611	4	231	149	1
5926	470	0	586	7	265	149	0.223899763385
5927	598	0	422	1	295	149	1
5928	473	2	488	0	264	149	1
5929	2	0	46	128	288	149	0.00118848588632
5930	878	4	639	0	2492	149	0.0355706668594
5931	0	1	2	14	289	149	0.21432091068
5933	12	1	26	0	224	149	0.233936069036
5938	20	0	96	2	256	149	0.458680314303
5968	341	2	171	0	230	149	1
5969	404	0	215	2	263	149	0.547898980816
5970	505	1	223	4	323	149	0.12098731469
5972	583	1	239	0	329	149	1
5974	138	2	182	8	279	149	0.0839370946499
5975	108	2	113	8	298	149	0.042469326671
5977	13	0	64	31	3956	149	0.000215784331087
5980	14	4	43	7	212	149	0.500457002377
5995	88	36	41	29	343	149	0.103928042155
6005	9	0	110	4	315	149	0.07169203076
6007	34	1	13	0	294	149	0.256139883174
6014	0	3	2	3	215	149	0.0258246531473
6027	11	0	43	3	274	149	0.0521798992636
6034	2	2	3	24	291	149	0.236653373796
6047	701	17	77	2	324	149	0.847894578975
6049	539	1	41	0	269	149	1
6050	149	1	22	0	227	149	1
6054	2	0	2	2	302	149	0.00236707128666
6055	2	0	1	1	302	149	0.01129521426
6063	55	0	38	1	327	149	0.257049442013
6064	470	18	71	4	209	149	0.927983343398
6065	1	203	0	45	197	149	1
6066	16	7	37	8	179	149	0.253508193177
6067	1	173	0	114	209	149	1
6068	409	2	252	0	347	149	0.887296911321
6069	56	2	84	0	254	149	0.352240669441
6080	17	1	11	0	242	149	0.229227276648
6081	1	0	15	1	261	149	0.299903005205
6095	10	3	9	0	922	149	0.000328437313137
6096	0	2	2	6	286	149	0.0876632997253
6097	0	2	2	6	353	149	0.109544833377
6142	1	0	2	55	236	149	0.00192925924392
6143	53	0	51	5	197	149	0.00608367123526
6144	2159	3	2992	0	229	149	1
6145	24	0	15	5	219	149	0.000381956794199
6174	29	0	858	10	221	149	0.375726089298
6175	15	10	737	167	266	149	0.0215136013389
6176	12	0	395	6	281	149	0.22208152794
6177	2	2	217	51	281	149	0.177658908786
6178	12	0	1098	6	266	149	1
6179	2	2	882	51	266	149	0.0377175126974
6181	8	0	84	1	353	149	0.343786970341
6184	0	49	6	178	347	149	0.904346664455
6185	2	49	5	178	366	149	0.673446469427
6188	2	2	12	2	243	149	0.0908920138128
6189	0	2	1	6	228	149	0.25278302081
6192	134	20	104	6	287	149	0.0332827041556
6194	66	0	37	2	270	149	0.140928628237
6195	83	0	104	2	278	149	0.71505892381
6196	40	0	52	2	274	149	0.185678532775
6198	8	3	44	0	379	149	0.00045172681901
6214	110	11	24	5	222	149	0.322433945809
6215	158	11	80	5	306	149	0.774911170545
6216	273	3	99	3	243	149	0.322146049599
6218	139	0	77	4	261	149	0.0133414368586
6220	46	15	32	13	261	149	0.63245509098
6222	62	15	47	13	478	149	0.761620779945
6223	224	15	132	13	2390	149	0.345150087648
6225	8	15	12	13	213	149	0.344210319185
6226	137	0	67	1	213	149	0.415159677888
6227	60	2	25	1	213	149	0.803274545865
6228	141	15	64	13	290	149	0.142596407231
6229	141	2	65	1	290	149	0.949879634037
6230	226	8	119	12	290	149	0.0302875704498
6231	133	30	126	13	275	149	0.029984568157
6232	90	30	76	13	323	149	0.0732974016762
6233	142	1	92	0	308	149	0.64011317681
6234	333	0	167	1	248	149	1
6235	370	16	207	3	297	149	0.0335991832091
6236	254	1	134	0	275	149	1
6237	0	21	1	51	251	149	1
6238	0	21	1	51	276	149	1
6239	2	11	0	14	335	149	0.20374194635
6241	306	8	111	0	310	149	0.0177988880823
6242	324	0	69	1	269	149	0.363172092915
6243	11	201	0	57	215	149	0.0246682666124
6244	277	0	81	2	266	149	0.771208779354
6245	150	2	114	0	290	149	0.554520454449
6246	313	5	40	3	248	149	0.152711126846
6247	297	2	50	0	266	149	0.758900964454
6248	7	0	0	2	317	149	1.96596762991e-06
6252	4	0	11	11	293	149	0.000622844163103
6268	9	0	99	1	280	149	0.465933245207
6276	463	1	138	0	273	149	1
6277	550	2	176	0	328	149	1
6280	284	4	92	4	247	149	0.182926720291
6281	129	0	76	2	252	149	0.759277988355
6284	3	2	0	32	228	149	0.000472834095162
6316	0	14	1	14	277	149	0.293110240057
6319	4	176	0	71	203	149	0.809783852787
6320	6	11	0	1	203	149	0.00719441759934
6321	341	11	120	1	234	149	0.0365576818231
6322	165	2	49	0	234	149	0.52845068786
6326	4	3	0	2	363	149	0.00427535950537
6329	6	2	10	0	242	149	0.0142376173719
6331	2	0	237	1	351	149	1
6332	190	0	568	1	354	149	1
6333	2	0	13	1	234	149	0.305688962408
6334	6	0	44	1	216	149	0.319367153832
6338	2	0	1	1	232	149	0.0173272134221
6343	55	0	46	1	224	149	0.320525486902
6351	1094	0	567	2	286	149	1
6352	423	2	233	1	286	149	1
6355	8	93	20	372	182	149	0.433233758027
6361	111	1	134	0	394	149	0.384838923772
6366	0	29	1	74	330	149	1
6378	6	2	12	0	297	149	0.00979629858685
6380	4	27	2	15	299	149	0.758766692327
6381	32	2	25	1	251	149	0.531211424445
6387	13	21	11	6	247	149	0.0716271286349
6389	6	20	5	11	935	149	0.67383424525
6393	27	0	16	3	236	149	0.00809853328469
6403	0	4	4	3	269	149	0.00168427794561
6418	3	2	12	63	316	149	0.100693735133
6420	7	0	113	4	215	149	0.137213729878
6422	2	10	23	86	267	149	0.491224500612
6429	0	2	5	15	376	149	0.0210065163368
6431	10	0	31	1	222	149	0.272485816852
6432	8	0	19	1	222	149	0.234719102923
6446	0	9	2	50	427	149	0.608462752227
6461	0	2	5	51	333	149	0.140025893627
6462	12	2	9	51	552	149	8.1713560085e-07
6463	14	2	14	51	590	149	1.721923644e-06
6464	30	2	74	51	1485	149	0.000119472744209
6475	3	0	32	59	1436	149	0.00198253454307
6485	101	1	11	0	247	149	0.542367240241
6488	202	0	417	2	6727	149	0.0518980035471
6498	2	0	28	2	292	149	0.106575865685
6499	4	0	50	2	295	149	0.1884088687
6512	1	2	0	17	228	149	0.304335448136
6522	2	0	0	2	345	149	1.31189328311e-05
6526	4	0	16	2	309	149	0.0496200265265
6527	1	0	0	3	402	149	3.02294226029e-05
6528	38	0	76	1	349	149	0.329528089963
6529	2	0	26	1	325	149	0.233358552171
6535	0	71	2	64	238	149	0.523689618203
6536	8	4	12	41	236	149	0.00530749314219
6537	4	0	55	2	221	149	0.26379145837
6543	3	1	5	7	226	149	0.130721807401
6560	1	0	7	37	468	149	0.00765788285936
6561	1	0	109	3	244	149	0.233244867275
6573	81	2	63	0	210	149	0.682289611122
6574	15	0	11	4	210	149	0.00137890897987
6575	248	0	322	4	1190	149	0.0233175720367
6576	312	0	378	2	1190	149	0.54648903871
6577	144	6	71	0	294	149	0.0138505685809
6578	72	0	42	2	294	149	0.149799125372
6579	8	0	20	2	215	149	0.0903704534809
6585	1	0	4	5	291	149	0.000675266173916
6593	18	2	17	0	227	149	0.0610899930618
6594	19	6	6	2	196	149	0.995674478925
6595	11	6	4	3	196	149	0.692749353334
6596	9	6	5	3	266	149	0.897814169001
6597	12	0	7	2	266	149	0.0147766624977
6598	8	0	6	2	278	149	0.0126196951346
6599	4	1	2	3	175	149	0.113529393881
6602	176	0	156	1	299	149	0.88638814068
6615	2	5	0	9	291	149	0.0485179827963
6617	18	26	11	17	257	149	0.875058466809
6618	95	1	34	0	244	149	0.512898799731
6619	1	69	0	54	264	149	1
6620	133	1	75	0	240	149	1
6621	1	76	0	30	251	149	1
6623	4	37	5	22	438	149	0.329378260558
6627	113	2	28	3	256	149	0.0801974484214
6628	89	0	64	2	223	149	0.71957085135
6630	71	14	32	21	212	149	0.00388736145372
6632	6	59	0	17	189	149	0.0217286984618
6636	68	2	57	1	272	149	0.500142021373
6643	706	7	217	1	221	149	0.605033798401
6644	2112	7	765	1	281	149	1
6645	1281	16	427	0	281	149	0.0340006747243
6646	232	16	122	0	213	149	0.000231557541924
6647	1044	4	458	1	213	149	1
6648	459	2	180	3	213	149	0.746764996826
6649	17	2	73	3	229	149	0.542275284519
6650	601	0	353	2	229	149	1
6651	10	68	5	161	260	149	0.00575880797998
6652	0	6	10	3	309	149	1.86093009592e-05
6654	72	0	67	2	195	149	0.808865096834
6655	17	0	18	2	405	149	0.0320150445283
6656	83	5	65	0	209	149	0.0162732079216
6658	32	0	28	8	251	149	9.41308370052e-05
6659	4	24	0	23	323	149	0.0332891787804
6660	3	249	0	66	323	149	1
6661	59	249	27	66	259	149	0.090168401052
6662	24	1	19	0	259	149	0.239728464591
6663	28	6	18	2	259	149	0.370956403754
6665	166	1	37	0	221	149	1
6666	360	6	100	2	221	149	0.763632650984
6667	50	0	11	1	221	149	0.59818409592
6668	167	4	44	0	221	149	0.176853018056
6669	4	264	0	72	206	149	0.877140321117
6670	29	6	6	2	353	149	0.545593658593
6671	28	4	7	0	353	149	0.00461731170759
6672	88	264	11	72	353	149	0.0181320042928
6674	291	3	114	3	265	149	0.359996961198
6675	13	24	6	49	216	149	0.00583363533464
6676	13	24	7	49	219	149	0.0113775148235
6677	14	24	4	49	338	149	0.000518300121161
6678	2	24	4	49	236	149	1
6679	0	2	3	0	296	149	9.56368182825e-06
6680	3	0	0	2	240	149	9.95402212678e-06
6682	1	2	3	0	214	149	0.00140875826084
6710	2	0	68	1	298	149	0.336530043302
6716	105	0	200	1	303	149	1
6718	1	32	3	77	263	149	0.563883663904
6719	1	38	0	60	263	149	0.633161452083
6721	36	0	110	1	308	149	0.470628007949
6722	40	38	118	60	308	149	0.0403069618715
6723	11	38	28	60	243	149	0.22966189295
6724	15	8	52	33	243	149	0.698452275701
6735	0	58	12	64	298	149	0.000247172578187
6736	11	50	6	43	278	149	0.377051283261
6738	228	1	102	3	277	149	0.126503395888
6739	103	0	87	3	267	149	0.0850484987484
6746	4	49	0	6	224	149	0.12096161264
6749	0	5	2	7	206	149	0.0606612632615
6751	30	2	51	0	227	149	0.130448938702
6753	2	1	0	23	392	149	0.0121797519192
6773	4	0	2	2	316	149	0.00188491525768
6774	0	59	1	150	319	149	1
6790	19	0	172	1	2917	149	0.302812676493
6791	19	0	171	2	2917	149	0.0562701504884
6800	519	987	43	1269	257	149	0
6802	3	2	2	0	330	149	0.00391886926125
6805	2	2	2	0	295	149	0.00248542077965
6812	155	0	185	1	237	149	1
6814	119	1	101	2	242	149	0.465177355852
6815	9	96	4	93	340	149	0.168428300585
6816	119	0	141	3	198	149	0.535594852817
6817	21	0	49	3	194	149	0.0846363680998
6818	416	1	198	0	277	149	1
6819	471	2	194	0	290	149	1
6820	416	1	123	0	205	149	1
6821	376	2	169	0	245	149	1
6822	21	161	16	92	158	149	0.48526068183
6824	1	2	5	14	192	149	0.762395327448
6825	0	2	4	12	192	149	0.0105976464462
6826	0	2	9	12	187	149	0.00347100535652
6827	0	1	1	0	187	149	7.55327889458e-05
6828	2	0	22	2	285	149	0.0836576444642
6829	2	0	16	40	285	149	0.00123553031149
6835	32	0	0	1	439	149	1.21305343788e-05
6862	0	2	2	0	302	149	1.44257892578e-05
6866	4	37	1	59	308	149	0.0756398900196
6867	8	11	8	82	322	149	0.00198209951334
6874	2	0	28	1	200	149	0.271438874375
6880	98	2	153	0	285	149	0.82194863425
6881	27	2	72	0	268	149	0.0947178619805
6883	10	26	2	80	210	149	4.88845252161e-05
6884	5	26	0	80	267	149	0.00262135772196
6889	2	4	0	103	242	149	0.0737769087847
6893	120	0	108	1	288	149	0.493175717718
6894	163	0	214	1	328	149	1
6895	46	0	88	1	307	149	0.389004992354
6896	44	0	87	1	301	149	0.391318693821
6899	0	69	1	85	295	149	1
6904	6	2	2	5	259	149	0.0391142213594
6905	6	2	0	5	210	149	6.33303586545e-05
6907	3	3	12	1	271	149	0.0191326631036
6908	3	3	10	0	267	149	0.000406212060113
6912	4	0	17	2	276	149	0.0614996941064
6918	10	2	2	12	203	149	6.45694762493e-05
6920	2	0	10	6	211	149	0.00249723682113
6922	45	2	91	0	236	149	0.320675757402
6924	2	0	1	2	251	149	0.00111875750123
6925	49	9	90	6	267	149	0.0700415986592
6929	42	0	23	1	266	149	0.235832730812
6930	2	0	29	1	291	149	0.244884899901
6931	80	2	47	0	323	149	0.268359791216
6932	132	2	67	0	312	149	0.735570590456
6933	217	2	76	2	326	149	0.460962090612
6934	27	0	38	2	301	149	0.102565005252
6949	17	2	39	0	327	149	0.0262653672714
6952	1	0	18	2	258	149	0.0763744351921
6958	2	8	2	12	245	149	0.783967017915
6960	3	0	80	1	282	149	0.386269441396
6963	16	2	6	2	263	149	0.344440398756
6966	19	2	13	2	229	149	0.767459570065
6973	1	0	0	3	244	149	3.07195021765e-05
6976	97	0	209	2	277	149	0.5341051857
6983	6	0	6	1	245	149	0.696147029135
7050	246	2	75	0	233	149	0.68594430877
7051	180	1	54	0	615	149	0.394974274361
7052	78	0	40	6	266	149	0.000250450789407
7053	0	72	3	19	267	149	0.0579599515562
7056	23	0	35	1	230	149	0.281546664483
7057	10	0	11	3	278	149	0.00519585040343
7058	10	4	7	22	278	149	0.00268399711491
7060	0	4	10	22	222	149	0.00429014176668
7066	135	1	127	0	199	149	1
7067	24	1	22	0	235	149	0.247903014227
7068	278	0	169	2	213	149	0.541314677264
7070	61	1	51	0	221	149	0.379220592752
7071	118	5	56	3	180	149	0.860765058028
7075	0	16	1	36	254	149	0.546282418175
7076	0	16	2	36	292	149	0.564810872266
7077	4	16	5	36	247	149	0.524933552174
7078	4	16	3	36	312	149	0.210514569032
7096	135	8	111	34	308	149	2.43541003897e-05
7102	129	16	118	7	245	149	0.104614517426
7110	35	0	110	1	239	149	0.653614822055
7117	14	0	51	2	224	149	0.21800210793
7143	685	1	256	0	324	149	1
7144	334	0	165	2	257	149	0.529575222332
7145	2	129	0	80	231	149	1
7147	6	10	0	29	316	149	0.00020845586975
7181	7	0	76	2	305	149	0.259563978736
7182	85	1	71	0	233	149	0.479753748849
7223	20	0	101	4	265	149	0.0725365916081
7230	5	2	16	8	267	149	0.758542784693
7232	3	2	13	9	267	149	0.970799706781
7233	3	8	15	5	267	149	0.00466572107817
7234	2	2	2	9	218	149	0.270177205046
7235	2	8	2	5	218	149	0.756862735687
7236	2	2	0	9	201	149	0.0073601926337
7237	43	2	35	9	500	149	0.0105987577424
7238	43	8	32	5	500	149	0.76197779809
7240	43	0	27	2	500	149	0.0312407079774
7247	553	2	394	0	224	149	1
7248	254	2	179	0	221	149	0.81115458151
7253	515	2	488	2	255	149	1
7254	34	0	654	4	215	149	1
7255	27	0	203	4	371	149	0.131793883171
7258	2	0	22	5	215	149	0.00771381865299
7262	21	0	50	1	273	149	0.302712458644
7263	50	0	117	1	321	149	0.479549410157
7264	49	0	58	1	301	149	0.308525526068
7265	139	0	139	1	275	149	0.797820938426
7266	1	106	0	83	297	149	1
7267	69	1	41	0	196	149	0.463799717309
7284	2	72	0	55	328	149	0.690971405159
7286	74	3	108	4	293	149	0.909301688152
7287	23	0	78	2	274	149	0.293879872603
7292	0	1	4	1	287	149	0.000697388659843
7311	16	2	2	0	276	149	0.0598529850636
7312	447	0	593	4	3607	149	0.010630918063
7326	10	0	34	2	662	149	0.0460908227109
7327	48	0	30	1	273	149	0.250584306382
7329	2639	104	641	52	281	149	0.00189664425373
7330	1671	10	377	2	272	149	0.850011895431
7331	3316	2	727	0	313	149	1
7333	2	610	4	328	255	149	1
7334	828	2	735	0	357	149	1
7335	636	6	465	2	357	149	0.275770484577
7336	979	6	465	2	340	149	0.764450733786
7337	1169	0	737	2	340	149	1
7338	42	1	16	1	195	149	0.940596564086
7339	7	0	15	1	263	149	0.287878437149
7342	21	0	20	2	287	149	0.0508733773228
7355	21	14	37	23	261	149	0.871488698066
7356	18	14	58	23	244	149	0.130554810442
7357	98	2	192	0	288	149	0.84682700085
7358	4	70	2	75	247	149	0.312062763181
7359	268	3	170	2	227	149	0.938492127601
7360	213	1	193	2	254	149	0.534850488993
7361	151	0	142	3	207	149	0.500589108024
7362	0	97	1	102	240	149	1
7363	71	1	64	0	240	149	0.397550020999
7364	209	1	127	0	211	149	1
7365	871	1	555	0	267	149	1
7367	3	0	4	1	263	149	0.0809086569712
7368	1077	4	638	2	346	149	1
7372	275	0	272	1	272	149	1
7374	5	232	0	151	338	149	1
7375	5	232	0	151	356	149	1
7405	6	34	1	5	193	149	0.743669931243
7406	1	0	22	6	345	149	0.00537869588539
7407	4	0	35	2	296	149	0.129682132217
7410	3	0	84	2	220	149	0.39643266883
7415	2	29	8	149	231	149	0.688578036222
7416	51	0	233	7	259	149	0.0378270131673
7418	49	0	147	7	320	149	0.00953800996939
7426	10	0	124	1	269	149	0.639923793055
7441	4	0	6	1	2965	149	0.00381747725273
7442	0	1	8	0	206	149	1.78174310959e-05
7443	0	1	9	0	203	149	1.79358889411e-05
7471	4	0	142	1	251	149	1
7472	4	0	77	1	367	149	0.324543624656
7473	0	21	102	193	201	149	3.75319789392e-06
7488	12	0	12	5	1087	149	9.96380253605e-05
7491	8	156	5	312	248	149	0.0595530461853
7526	0	4	29	40	374	149	0.00210528077335
7533	0	2	1	0	281	149	2.36157015364e-05
7535	21	0	36	1	270	149	0.265881078195
7536	15	0	46	1	374	149	0.262961183718
7537	2	0	5	1	314	149	0.0877494002057
7538	2	0	2	1	2154	149	0.000962610625107
7539	18	0	29	1	247	149	0.256047060006
7542	6	0	11	7	325	149	0.000496804022557
7543	6	0	7	1	325	149	0.510656821474
7567	17	0	659	3	316	149	1
7604	5	0	4	1	281	149	0.270518182267
7605	5	5	7	2	278	149	0.157193874776
7607	4	0	72	2	1029	149	0.0723767209959
7609	22	0	62	2	334	149	0.174607349578
7614	0	17	2	113	686	149	1
7615	0	17	4	113	240	149	0.380658547284
7616	1	0	0	42	361	149	0.00114531054479
7620	17	4	16	1	242	149	0.141976853098
7631	7	2	6	20	312	149	0.00327248670131
7632	22	0	26	1	241	149	0.249504520583
7634	31	2	31	2	211	149	1
7637	9	0	44	2	247	149	0.184536576183
7643	68	2	24	0	237	149	0.311489831272
7644	7	2	1	4	171	149	0.0104374331931
7645	124	1	51	0	575	149	0.328637727589
7646	6	47	2	16	274	149	0.810179483263
7647	0	2	10	21	326	149	0.010101967574
7649	41	2	14	0	194	149	0.197041678316
7650	0	35	1	10	263	149	0.252564023629
7652	34	11	8	3	251	149	0.844043690916
7658	2	53	1	79	250	149	0.528737079483
7660	15	1	23	2	298	149	0.657308197653
7661	55	0	31	1	311	149	0.24515661151
7662	2	9	3	8	283	149	0.543916979909
7666	6	0	48	2	269	149	0.193136655011
7672	6	2	5	0	227	149	0.01929536325
7680	7	0	0	18	250	149	3.47225248554e-10
7681	82	1	10	0	342	149	0.345077429058
7682	1	3	1	0	217	149	0.000220792464775
7683	463	1	542	1	233	149	1
7689	283	0	142	1	359	149	0.522086415675
7693	2	1	13	3	188	149	0.656383682146
7697	0	4	2	2	221	149	0.0141827692874
7702	1	2	3	0	381	149	0.00040576200884
7703	1	0	3	35	381	149	0.00421900476305
7704	1	4	3	9	381	149	0.547695406799
7705	1	0	2	11	381	149	0.00104424662388
7706	1	0	2	1	381	149	0.0228330669889
7707	2	0	3	35	231	149	0.000210528693859
7709	161	4	109	9	308	149	0.0393447225424
7710	161	0	85	1	308	149	0.379590188678
7718	50	8	49	8	380	149	0.971182992967
7720	0	1	86	10	249	149	0.0016885800151
7722	1	0	141	1	210	149	1
7728	773	2	98	0	249	149	1
7729	240	2	5	0	277	149	0.564213349133
7730	1563	1	128	0	251	149	1
7731	4394	6	225	1	303	149	1
7732	1354	2	129	0	303	149	1
7733	2	1356	0	89	292	149	1
7735	188	2	127	0	334	149	0.535786290061
7736	4	166	2	112	184	149	0.58666646152
7738	21	166	5	112	235	149	0.0217282786782
7739	17	1	6	5	235	149	0.00454149154234
7740	8	166	4	112	277	149	0.542979848533
7741	128	166	10	112	531	149	1.64548374926e-11
7742	253	222	30	43	531	149	0.0727648974245
7743	19	222	2	43	277	149	0.198436302465
7744	33	222	3	43	235	149	0.102786970466
7746	7	222	1	43	184	149	0.420900837173
7749	57	4	76	0	360	149	0.00685867433198
7750	79	566	31	75	292	149	0.000271997330704
7751	738	11	137	0	293	149	0.0633172357321
7752	1193	1	89	0	303	149	1
7753	496	2	42	0	229	149	1
7754	1261	11	64	2	273	149	0.741445489211
7755	526	0	91	1	303	149	0.401639192009
7763	4	0	18	2	414	149	0.0395309352992
7764	2	2	14	2	234	149	0.0822426214919
7771	301	0	124	1	339	149	0.481227049605
7772	75	2	50	2	300	149	0.786993606907
7773	67	1	103	0	368	149	0.302653335724
7774	201	0	160	1	398	149	0.531824729228
7775	279	0	171	2	372	149	0.599013465262
7776	26	3	37	0	305	149	0.0117625553912
7777	6	0	3	2	207	149	0.00724068398984
7779	8	0	1	20	265	149	1.34805400176e-09
7792	14	1	2441	58	251	149	0.314124595491
7793	7	0	1248	6	251	149	1
7794	8	0	1313	6	263	149	1
7795	13	0	2539	104	263	149	0.0334786594115
7808	2	0	416	3	349	149	0.848933938308
7810	2	0	440	7	317	149	0.146728454674
7811	24	0	448	1	293	149	1
7812	3	0	334	6	242	149	0.224868941942
7813	22	0	234	3	281	149	0.4278922416
7816	6	2	7	177	265	149	1.23347765901e-06
7817	10	2	1	0	275	149	0.0342500580798
7842	8	7	11	21	267	149	0.230687060997
7843	0	1	4	13	267	149	0.0239130043372
7844	20	1	46	13	220	149	0.0158723965273
7845	21	0	36	2	220	149	0.139126734098
7846	35	0	53	1	179	149	0.397058092453
7853	124	2	93	0	236	149	0.549182737624
7855	0	58	2	43	266	149	0.543865875459
7859	1	80	0	63	270	149	1
7863	196	0	107	2	210	149	0.557691069344
7864	1	163	0	77	179	149	1
7865	84	1	41	0	231	149	0.478258134145
7877	14	5	0	8	311	149	4.39639272032e-06
7879	0	15	2	8	271	149	0.0904733064824
7882	15	5	2	1	252	149	0.662523830643
7883	13	1	8	0	391	149	0.587974373424
7884	12	14	3	0	307	149	0.000999717721377
7887	173	4	46	0	179	149	0.241340490087
7888	17	45	2	15	262	149	0.0763905299527
7889	3	0	296	7	575	149	0.0401071866543
7903	122	0	60	1	255	149	0.341391656314
7904	30	0	13	1	193	149	0.227805736027
7905	79	4	39	3	214	149	0.747615479857
7908	3	2	2	2	346	149	0.718753424502
7909	667	6	636	0	942	149	0.0136044944365
7910	356	5	151	6	262	149	0.118723206121
7911	2	203	3	70	230	149	0.568837306767
7912	3	203	0	70	271	149	1
7913	397	17	178	5	279	149	0.327873154328
7914	87	0	116	1	247	149	0.676754625561
7924	33	0	34	1	218	149	0.283232876024
7925	18	1	39	0	182	149	0.304753778934
7930	35	3	2	0	234	149	0.0567233721108
7934	191	1	87	0	232	149	1
7935	0	1	7	25	324	149	0.0251331456068
7936	49	10	70	3	181	149	0.0105639850961
7943	5	103	0	91	278	149	0.223943029975
7944	175	3	126	1	226	149	0.389413817933
7945	79	0	48	2	241	149	0.297811709049
7949	168	10	96	7	249	149	0.770557826668
7952	0	2	2	3	190	149	0.0236286802813
7956	2	0	22	2	735	149	0.0238501083192
7969	85	2	19	0	233	149	0.442069618967
7970	18	5	7	2	232	149	0.979880743937
7971	44	5	24	2	184	149	0.560642001197
7972	8	2	14	2	266	149	0.578144034542
7973	16	0	92	4	260	149	0.0666236706912
7974	1	0	31	1	249	149	0.262215103095
7976	10	2	39	0	296	149	0.0141668572806
7990	0	2	1	3	254	149	0.450771092019
8013	16	2	7	0	241	149	0.0623993248715
8014	207	2	37	0	343	149	0.526762554247
8015	93	0	20	1	343	149	0.436707094398
8016	90	0	29	1	260	149	0.254416734015
8017	205	4	46	0	260	149	0.193249227895
8024	0	41	5	91	223	149	0.0989988491254
8027	2	1	64	68	266	149	0.626886635517
8041	47	2	48	0	263	149	0.184915004985
8042	139	0	161	1	862	149	0.306276967849
8055	0	3	6	1	288	149	7.55256821822e-05
8063	4	0	3	16	718	149	3.30951940175e-05
8067	35	1	36	0	265	149	0.265322686822
8080	2	0	0	5	330	149	7.22944464493e-06
8085	0	2	31	0	266	149	8.40977566363e-07
8103	1	0	8	1	667	149	0.0642626652657
8110	1	1	68	45	216	149	0.656051651712
8111	1	1	65	45	195	149	0.702010083795
8114	92	0	183	49	209	149	1.60378654801e-09
8117	41	2	105	0	176	149	0.532611137965
8133	4	0	193	1	272	149	1
8136	79	0	124	2	286	149	0.62421506489
8137	76	0	155	2	286	149	0.542803699983
8138	3	13	2	55	310	149	0.0870824981745
8152	1	0	3	1	300	149	0.0542577562305
8168	0	3	3	3	302	149	0.00958298203487
8170	0	3	2	3	419	149	0.0581005147577
8201	2	0	53	1	274	149	0.308790491701
8228	365	7	77	2	261	149	0.683756059498
8229	320	2	42	1	202	149	0.321963692401
8240	0	2	2	83	282	149	0.68168584803
8252	0	76	2	88	310	149	1
8266	0	1	4	6	301	149	0.00909599819889
8267	0	1	1	6	304	149	0.222567033061
8274	0	1	1	16	347	149	0.353703377934
8275	0	1	1	5	231	149	0.301590348805
8317	105	4	119	6	203	149	0.624294215723
8318	120	9	52	8	206	149	0.207646008539
8321	56	2	90	0	317	149	0.222573885726
8346	0	2	2	5	188	149	0.0435508087546
8352	48	3	45	6	221	149	0.256919484272
8353	33	3	16	6	235	149	0.0498273005472
8354	2	0	11	11	292	149	0.00214136384733
8355	2	0	0	6	202	149	4.75333755889e-06
8357	9	0	3	6	234	149	1.34764856422e-05
8358	3	0	2	11	234	149	4.74471931955e-05
8359	3	0	2	2	234	149	0.00368281576818
8367	0	73	9	395	245	149	0.671898851302
8369	135	0	646	1	260	149	1
8370	245	0	472	4	314	149	0.847429618495
8372	35	2	28	0	222	149	0.137676332239
8373	52	1	25	0	250	149	0.322487081292
8374	11	29	3	14	254	149	0.331109356563
8375	15	0	30	2	273	149	0.100206496948
8376	4	10	1	13	333	149	0.0715793274443
8377	10	34	17	39	227	149	0.389034359026
8379	0	10	2	180	369	149	1
8380	18	0	354	2	279	149	1
8381	45	0	79	85	188	149	1.05693231944e-13
8382	7	48	5	201	195	149	0.00679896028142
8383	7	2	4	14	195	149	0.00261493671006
8386	32	0	144	2	267	149	0.575069055894
8387	14	0	415	1	322	149	1
8388	132	2	442	20	293	149	0.0418043282508
8399	138	1	29	7	231	149	1.87750486035e-05
8400	11	1	4	7	339	149	0.00105637194513
8402	551	4	125	0	353	149	0.852373656968
8411	0	2	2	249	243	149	1
8412	50	4	46	0	190	149	0.0210621792001
8413	210	30	170	13	190	149	0.0756700153966
8416	26	115	16	117	232	149	0.16260741068
8417	13	18	14	9	232	149	0.163903665919
8419	194	10	342	8	356	149	0.119540166124
8420	86	10	122	8	261	149	0.262442620584
8421	78	4	193	17	309	149	0.244648029977
8422	0	2	1	23	243	149	0.356723079892
8425	30	2	28	0	344	149	0.0654870110843
8427	22	4	18	14	344	149	0.0141292603939
8428	2	1	2	0	271	149	0.035831419722
8430	2	4	9	14	271	149	0.704712973253
8431	5	2	3	1	271	149	0.867939937668
8433	10	0	14	4	271	149	0.00169161738616
8434	8	0	16	2	271	149	0.0531474913943
8435	5	4	0	14	272	149	0.000202786952416
8436	4	0	0	9	272	149	2.17315702877e-07
8453	2	0	0	1	238	149	4.37565451199e-05
8482	0	5	2	0	326	149	7.17842430342e-06
8485	14	0	1	1	282	149	0.0426437842134
8518	286	2	74	0	335	149	0.559713969356
8519	2	14	1	21	268	149	0.309509579265
8527	14	0	50	1	320	149	0.284432259639
8536	1	0	23	4	653	149	0.0033389111276
8545	3	0	75	5	359	149	0.0177303036963
8548	4	0	9	2	248	149	0.0312167839604
8553	0	1	2	0	293	149	4.458081611e-05
8554	0	7	5	6	268	149	0.00111517349804
8555	0	8	2	173	254	149	1
8557	1	22	2	29	490	149	0.773648386769
8569	285	4	156	0	221	149	0.586428465252
8570	395	1	218	0	261	149	1
8575	36	6	2	0	268	149	0.0101152594289
8576	58	217	2	107	268	149	6.32637501274e-08
8577	11	217	2	107	185	149	0.0843325374076
8578	10	27	2	0	185	149	0.000845995134014
8581	55	0	109	11	265	149	0.000647257808509
8604	2	4	0	26	186	149	0.0215858900159
8605	3	4	3	26	248	149	0.10190389083
8610	5	0	4	12	306	149	2.47782367916e-05
8611	2	7	2	0	239	149	0.00017121845146
8612	2	220	2	103	239	149	0.744499063117
8614	14	220	1	103	291	149	0.0192431780471
8615	27	4	2	1	238	149	0.65553932758
8617	540	0	283	2	249	149	0.787327636882
8618	182	2	326	0	349	149	0.554022877956
8619	162	0	511	1	317	149	1
8659	12	0	14	3	193	149	0.0137346182306
8660	13	0	145	2	203	149	0.528681048137
8661	94	16	168	34	203	149	0.589577732144
8662	23	16	51	34	215	149	0.91663750453
8663	29	88	102	77	215	149	1.16455995092e-06
8664	440	0	437	1	204	149	1
8665	133	0	131	2	204	149	0.528761461705
8666	331	0	262	2	282	149	0.592546530342
8667	636	0	564	1	282	149	1
8668	959	2	747	0	398	149	1
8669	41	2	20	0	265	149	0.138535285825
8670	5	0	8	1	280	149	0.790046565326
8671	2	0	6	23	262	149	0.000742230968823
8672	4	10	4	40	483	149	0.138341840961
8673	44	0	74	2	238	149	0.437276265273
8678	4	35	0	1	234	149	0.0889226934901
8680	33	2	4	0	276	149	0.131021569307
8681	63	1	4	0	224	149	0.383824143188
8684	30	2	5	0	303	149	0.105245514518
8685	56	1	5	0	266	149	0.324346694577
8688	0	1	2	0	222	149	4.31951555483e-05
8690	1	0	0	6	206	149	2.54664617331e-05
8692	87	1	113	2	198	149	0.565674034649
8695	4	3	15	5	205	149	0.314913486302
8709	2	0	3	3	245	149	0.000887053289503
8713	4	0	0	1	209	149	1.43462293946e-05
8714	4	0	2	1	205	149	0.163321659395
8716	5	2	11	2	229	149	0.438324773647
8717	3	0	11	1	306	149	0.524368279252
8721	90	1	38	0	234	149	0.506184336703
8722	26	1	12	0	217	149	0.256302649148
8723	0	6	3	15	512	149	0.138126474385
8725	6	4	0	5	282	149	0.000434272220842
8727	8	0	18	2	282	149	0.0589047067422
8730	24	3	10	14	393	149	0.000157117974884
8731	99	0	37	3	301	149	0.0119135157196
8732	9	0	16	2	199	149	0.0733196707164
8734	7	2	9	0	199	149	0.0243554285471
8735	11	0	30	2	199	149	0.145778456322
8740	2	1	8	0	347	149	0.0625107815337
8755	474	0	330	1	249	149	1
8756	243	0	144	1	236	149	1
8757	1	11	3	12	214	149	0.229308471026
8758	0	7	1	5	214	149	0.2319582226
8759	2	15	0	38	228	149	0.254268324304
8760	4	11	1	12	301	149	0.0990881252543
8761	235	15	71	38	312	149	4.38473479747e-10
8762	241	7	76	5	312	149	0.264682644009
8763	231	0	69	1	312	149	0.331687148257
8764	230	3	64	0	312	149	0.366180777317
8765	230	1	65	0	312	149	1
8783	26	406	7	118	266	149	0.761282163146
8784	14	406	2	118	263	149	0.211579982886
8785	760	2	216	0	230	149	1
8786	1882	0	534	2	322	149	1
8791	3	0	338	2	301	149	0.767041537225
8792	0	15	7	23	335	149	0.00340179482764
8801	73	2	161	0	243	149	0.752699847319
8802	0	81	1	194	224	149	1
8803	41	0	131	1	243	149	1
8804	432	0	360	1	298	149	1
8808	7	6	8	17	534	149	0.238807625517
8809	19	41	4	32	404	149	0.0118357514018
8810	17	0	4	1	404	149	0.152825535303
8814	98	2	68	1	264	149	0.594332067096
8823	0	27	7	40	547	149	0.0235723054231
8824	99	2	89	0	267	149	0.723669377577
8825	139	0	66	2	260	149	0.589128635335
8826	277	3	78	0	318	149	0.553446490161
8827	167	0	76	2	303	149	0.576000747669
8829	4	7	0	25	242	149	0.00106191779157
8831	18	3	9	3	297	149	0.415645381672
8832	8	7	10	4	270	149	0.284985280379
8834	15	0	5	1	212	149	0.526849318031
8836	12	2070	5	773	241	149	1
8837	3341	4	1312	2	230	149	1
8838	74	2080	16	900	334	149	0.0380038375676
8839	72	2080	20	900	355	149	0.127209457198
8840	580	1	353	0	215	149	1
8841	2003	1	1135	9	232	149	0.913917103288
8842	1151	2	529	0	232	149	1
8843	972	2	462	0	218	149	1
8844	1848	17	1060	9	218	149	0.798599512075
8846	7	1251	21	715	272	149	0.141071917722
8847	971	1	458	0	251	149	1
8848	3429	14	1720	1	260	149	1
8849	1165	4	667	5	232	149	0.755715029768
8850	1152	2	672	5	232	149	0.761748838239
8851	1721	13	1289	6	231	149	0.908932220254
8852	840	0	531	11	231	149	0.007048283695
8853	149	2	352	5	296	149	0.786621296351
8854	158	0	353	11	296	149	0.00427346241032
8855	1033	7	1169	64	296	149	1.2717589204e-09
8856	2	30	0	321	282	149	0.67489866085
8859	78	14	32	1	254	149	0.0116069339897
8860	33	0	5	1	240	149	0.246813786366
8861	20	0	2	1	198	149	0.0923592297579
8862	72	1	23	0	245	149	0.395372201795
8863	28	6	11	1	216	149	0.264667452548
8864	66	2	26	0	216	149	0.356358565584
8874	2	0	0	5	298	149	6.81926768031e-06
8876	171	0	69	1	333	149	0.323328435444
8877	2	0	0	1	247	149	4.39978720986e-05
8882	3	1	10	56	230	149	0.0199945897277
8883	1	0	150	3	339	149	0.230213048216
8884	0	8	4	67	247	149	0.209326605897
8889	8	0	150	14	215	149	0.0160030233611
8891	3	0	153	6	326	149	0.0403812804622
8893	2	0	17	2	356	149	0.0466002780231
8926	13	2	30	0	232	149	0.0312701226146
8958	82	1	70	0	425	149	0.309212479673
8959	0	2	1	24	182	149	0.31303361626
8964	114	0	37	1	270	149	0.271236721024
8969	25	4	40	0	375	149	0.00149301049684
8970	87	5	72	3	375	149	0.587795806313
8971	2	17	2	8	252	149	0.606712386349
8974	5	35	2	18	207	149	0.603134482434
8975	44	2	48	1	261	149	0.397567739425
8976	10	1	9	0	204	149	0.319331518156
8977	19	1	36	0	218	149	0.234754953151
8978	9	0	58	3	351	149	0.0592393982325
8981	0	68	2	54	217	149	0.541981356511
8982	173	3	82	1	217	149	0.485357989442
8983	366	3	148	2	294	149	0.88606875843
8985	184	0	71	1	205	149	0.45706352488
8986	256	4	120	0	256	149	0.257016182496
8991	145	1	349	2	333	149	0.674533371001
8992	49	1	212	4	333	149	0.913054155202
8993	49	1	63	4	222	149	0.152039820759
8994	144	0	200	2	222	149	0.578475633631
8996	123	2	129	0	260	149	0.585006716436
8997	236	0	290	1	196	149	1
8999	1	63	0	186	240	149	1
9029	2	0	3	2	331	149	0.00389537385263
9039	10	10	159	8	290	149	4.15442536483e-07
9040	6	2	91	4	290	149	0.147952059166
9041	10	2	8	4	180	149	0.299448090501
9042	4	0	80	12	180	149	0.0138792238997
9045	10	1	10	0	219	149	0.345424923786
9047	66	0	32	2	198	149	0.222490509804
9049	18	2	10	0	179	149	0.0919136422866
9050	7	0	1	2	176	149	0.00129645118371
9055	4	3	7	10	255	149	0.422803732178
9056	0	1	8	0	422	149	6.88385753334e-06
9064	5853	2	7513	0	233	149	1
9066	138	4	99	0	227	149	0.084683275613
9067	21	0	29	1	225	149	0.263481457048
9075	721	0	538	1	230	149	1
9076	64	0	50	1	176	149	0.38598462664
9077	1	276	1	42	176	149	0.441117914058
9078	519	2	56	0	296	149	1
9079	46	315	9	20	278	149	0.0371172441099
9080	47	315	13	20	281	149	0.0013317542207
9081	617	2	75	0	250	149	1
9082	490	0	46	1	219	149	0.323558956736
9083	1007	3	110	0	399	149	1
9084	1108	1	131	0	482	149	1
9085	176	0	25	2	228	149	0.200730356481
9086	6	0	3	2	221	149	0.00649434123758
9090	610	2	178	1	256	149	1
9091	583	0	180	1	242	149	1
9092	293	5	82	0	304	149	0.132402416666
9093	708	5	183	0	238	149	0.790528872837
9094	627	2	143	0	191	149	1
9095	969	1	242	0	309	149	1
9098	612	6	207	0	230	149	0.755214699184
9101	2	3	3	1	347	149	0.195194157874
9102	2	23	6	53	254	149	0.552044685143
9112	0	5	1	39	236	149	0.551549246864
9113	0	6	2	32	216	149	0.325686024614
9114	13	0	55	12	312	149	0.00129234770065
9116	77	1	45	4	259	149	0.0321137615068
9117	1577	0	4410	1	3622	149	1
9118	0	289	1	2065	194	149	1
9119	2059	0	3540	1	263	149	1
9122	1477	4	299	2	195	149	1
9123	1328	202	303	40	199	149	0.49845265598
9124	4	319	7	204	267	149	0.311947795884
9129	2	4	0	3	278	149	0.0505449132048
9136	6	513	12	364	336	149	0.442625269578
9139	13	12	4	17	329	149	0.0151667481463
9141	303	1	92	0	271	149	1
9142	181	1	55	0	242	149	1
9144	262	2	105	0	209	149	1
9145	483	1	131	0	283	149	1
9146	193	1	31	0	237	149	1
9147	296	1	113	0	212	149	1
9148	89	2	39	0	212	149	0.98624533086
9149	399	2	123	0	321	149	1
9150	609	2	201	0	321	149	1
9151	802	0	328	3	545	149	0.393568421229
9152	5	7	0	5	231	149	0.00173016262525
9156	175	3	38	3	200	149	0.145294355679
9158	255	4	41	0	309	149	0.221418170337
9159	206	1	32	0	269	149	1
9162	45	1	32	0	282	149	0.285776794145
9170	1	418	0	673	213	149	1
9171	603	5	1075	4	249	149	0.763848899622
9174	6	26	0	48	254	149	0.00122469255644
9175	2	45	0	244	254	149	0.544655448485
9176	28	26	12	48	577	149	0.000601789196395
9177	28	45	12	244	577	149	6.78095357642e-11
9178	27	45	12	244	552	149	1.78792425309e-10
9179	8	45	4	244	351	149	0.000564999897757
9181	6	26	21	48	426	149	0.167034863434
9182	6	45	16	244	426	149	0.326043425009
9185	0	26	5	48	297	149	0.0519926465697
9190	27	45	50	244	230	149	0.00124158964299
9196	86	1	20	0	252	149	0.451355606788
9198	193	2	75	0	276	149	0.528556435465
9199	428	5	153	0	242	149	0.469120141164
9200	8	265	0	83	300	149	0.589245577647
9203	3	162	0	43	274	149	1
9211	14	16	1	0	474	149	0.00670313887091
9212	1424	0	118	1	334	149	0.465705812277
9216	4030	5	2157	10	287	149	1
9217	2948	2	3054	0	367	149	1
9225	4	0	5	1	247	149	0.474819540493
9243	0	3	2	6	267	149	0.076049585452
9244	7	1	17	0	297	149	0.698066757422
9245	123	3	16	4	186	149	0.0105785306093
9246	194	0	39	1	268	149	0.275615648377
9247	0	89	1	25	261	149	0.39970644546
9248	181	2	62	0	290	149	0.531632245527
9249	35	79	9	38	394	149	0.109581259635
9250	305	0	70	1	373	149	0.30591058251
9251	82	17	31	6	211	149	0.847524583299
9252	161	17	46	6	218	149	0.873834632124
9259	444	2	47	0	293	149	1
9260	83	2	14	0	213	149	0.479845037442
9261	247	1	21	0	257	149	1
9265	157	3	27	0	220	149	0.332671174904
9268	7664	2	2173	0	1555	149	1
9269	1296	0	404	1	271	149	1
9270	798	1	347	0	226	149	1
9271	2	566	2	245	245	149	1
9272	0	23	1	78	291	149	1
9273	3	45	0	14	204	149	0.165189294873
9275	61	0	34	1	201	149	0.289774383977
9276	53	2	8	2	254	149	0.175373326313
9277	119	2	56	2	363	149	0.586157213228
9282	5	0	1	2	437	149	0.000254014276562
9285	128	1	26	2	313	149	0.0899895708845
9286	269	1	42	2	218	149	0.421824955871
9287	454	2	69	0	258	149	1
9288	121	4	23	1	229	149	0.673704259178
9291	10	50	8	95	206	149	0.103117589252
9292	6	6	5	2	206	149	0.288380980137
9293	48	6	40	2	202	149	0.189163638344
9294	50	1	44	0	204	149	0.348561463437
9295	50	6	53	2	204	149	0.106093619648
9296	6	2	3	0	204	149	0.02463677068
9297	6	1	11	0	239	149	0.830194493971
9302	22	0	19	1	284	149	0.231442969764
9303	0	6	1	9	184	149	0.222289192653
9305	19	2	14	0	231	149	0.0688716051208
9306	0	3	2	14	333	149	0.221489458502
9313	50	2	23	2	202	149	0.577776199105
9316	217	4	31	4	351	149	0.0241170648452
9317	160	1	23	0	328	149	0.728640988748
9318	87	2	8	0	226	149	0.42638796362
9319	129	0	17	1	226	149	0.228300252224
9321	152	3	30	0	377	149	0.17241486479
9328	1301	13	346	0	310	149	0.0971477077896
9329	784	13	199	0	252	149	0.0407465041239
9330	135	381	42	97	203	149	0.462355112606
9331	812	1	215	0	224	149	1
9332	953	1	234	2	231	149	0.64652736242
9333	1317	0	345	2	298	149	0.829032320199
9337	9	7	10	29	208	149	0.0352217514909
9338	34	7	13	29	311	149	1.38053597309e-06
9339	39	11	16	15	311	149	0.0144418239206
9340	96	1	38	0	318	149	0.403162119403
9341	423	6	120	0	294	149	0.147129936767
9346	462	1	118	0	294	149	1
9347	871	4	328	0	734	149	0.38296293721
9348	147	35	33	31	236	149	5.29830670037e-05
9349	563	2	205	0	386	149	1
9352	3	79	0	15	262	149	0.629037683625
9356	8	11	4	15	173	149	0.143787156857
9357	68	1351	1	153	397	149	0.0238724521318
9358	2549	16	345	2	308	149	0.666821975452
9359	2901	2	250	0	240	149	1
9360	50	1	3	0	297	149	0.290396643906
9361	10	14	0	1	331	149	0.00877335603818
9362	94	2	6	0	338	149	0.290896527757
9363	86	6	5	0	308	149	0.0199022559792
9364	51	2	2	0	232	149	0.244232545028
9367	60	1	2	0	211	149	0.386509033498
9368	449	0	15939	56	331	149	1
9369	69	0	11945	2	337	149	1
9370	1955	0	13510	2	374	149	1
9371	4	3	2	0	251	149	0.00140666831233
9375	24	1	1	0	185	149	0.262956904502
9377	52	3	18	0	381	149	0.0399173129203
9378	8	13	0	9	212	149	0.000612959439996
9382	10	28	5	25	271	149	0.309529897627
9383	10	28	6	25	247	149	0.479795656836
9387	13	188	14	135	294	149	0.352097720525
9388	3	188	0	135	264	149	1
9389	167	3	181	5	248	149	0.489858064295
9390	45	1	80	6	248	149	0.101692187828
9391	139	1	112	6	302	149	0.0120824522057
9392	260	2	208	0	302	149	0.562228295598
9393	8	65	1	102	231	149	0.00239821227436
9394	1	65	14	102	294	149	0.00224133470815
9396	509	3	191	0	275	149	1
9397	472	1	140	1	275	149	0.810180823578
9414	10	2	0	2	317	149	0.000241659001936
9428	1298	0	546	5	221	149	0.750410849321
9429	846	1	262	0	203	149	1
9433	2	14	4	15	344	149	0.405205926133
9435	74	7390	8	557	326	149	1
9436	4	6243	1	597	245	149	1
9438	0	2	2	1	225	149	0.00721619172421
9440	2	2	2	0	345	149	0.00178724945274
9444	1	0	23	1	242	149	0.243704245742
9445	1	0	55	1	291	149	0.306264313506
9454	39	0	48	2	308	149	0.132256641325
9461	538	17	189	0	230	149	0.00269953890008
9462	384	152	252	32	317	149	2.65227591245e-06
9469	1	106	0	436	324	149	1
9472	745	0	528	2	258	149	1
9473	2406	0	1254	2	278	149	1
9488	1	26	4	15	294	149	0.0355836136145
9489	2	26	5	15	298	149	0.0694592954415
9491	25	1	15	0	277	149	0.239731308309
9493	8	1	6	0	273	149	0.72241964086
9495	35	4	27	0	210	149	0.0122884713464
9496	27	14	8	3	230	149	0.583372137543
9499	101	9	34	2	195	149	0.431045487173
9500	69	0	56	2	291	149	0.230509328033
9501	166	1	139	0	272	149	1
9502	31	1	32	0	193	149	0.285168183598
9503	125	3	59	5	254	149	0.0915745004867
9506	0	2	2	9	391	149	0.179631135979
9508	5	0	56	2	295	149	0.208633286721
9509	93	2	40	0	246	149	0.602258035359
9510	75	0	31	2	205	149	0.216796966492
9511	78	0	30	4	247	149	0.00205794197575
9512	104	5	54	0	299	149	0.0174189276867
9513	185	0	56	2	249	149	0.506386070484
9515	202	0	36	2	278	149	0.246533345009
9516	182	3	33	1	249	149	0.546116390356
9517	78	2	14	0	249	149	0.313554438309
9518	124	2	36	0	307	149	0.591354992328
9521	259	2	100	0	406	149	0.530861507911
9522	1	41	0	37	269	149	0.759235208198
9526	3	1	8	0	223	149	0.267030074343
9529	15	0	10	2	298	149	0.0202955798012
9530	2	6	3	7	267	149	0.73536985888
9531	7	0	8	1	271	149	0.698973235745
9535	67	0	44	4	242	149	0.00746621372277
9536	58	2	11	0	219	149	0.258307977878
9537	80	2	37	3	219	149	0.224951517917
9538	11	2	2	3	238	149	0.0304000653541
9539	22	34	3	31	238	149	0.000561899131217
9541	274	0	208	5	783	149	0.00423957989554
9543	1048	13	463	7	2333	149	0.749847671965
9544	84	0	41	1	350	149	0.260250839885
9546	91	3	55	3	258	149	0.616848030942
9547	108	0	51	1	258	149	0.311254083114
9548	24	0	13	1	366	149	0.390324797219
9549	74	12	67	12	366	149	0.829143200594
9550	50	46	36	21	366	149	0.217096849929
9551	126	7	130	8	195	149	0.844250664878
9552	74	2	77	0	293	149	0.36794049424
9553	164	1	116	0	253	149	1
9554	302	0	168	1	211	149	1
9555	386	0	183	2	267	149	0.528118858641
9557	214	3	101	2	210	149	0.829169379258
9563	68	0	1177	4	211	149	1
9571	3	0	0	3	338	149	2.78848606305e-06
9579	4	0	36	1	218	149	0.28790813531
9582	22	0	43	1	307	149	0.272898441701
9583	21	0	44	4	266	149	0.0150183986038
9590	26	1	25	1	277	149	0.987134778382
9592	0	3	2	20	270	149	0.253522603584
9593	67	1	23	0	235	149	0.387323346498
9594	41	4	32	0	234	149	0.0129730556208
9595	38	2	39	0	292	149	0.103334402364
9596	13	2	19	0	203	149	0.0414370891165
9606	0	6	1	12	181	149	0.238892884643
9612	2	6	2	21	409	149	0.431693698652
9624	8	0	194	2	239	149	0.546160167432
9634	4	0	0	1	338	149	2.09991058627e-05
9635	4	0	0	2	338	149	6.24226031398e-06
9636	0	1	3	0	306	149	2.96440019617e-05
9637	1	0	1	1	316	149	0.0111910262898
9638	16	2	14	0	455	149	0.0244973001453
9639	13	2	9	0	290	149	0.0362747353386
9641	4	675	2	403	196	149	1
9643	62	0	31	2	233	149	0.142607471363
9644	249	5	46	1	318	149	0.890853931071
9645	305	5	54	0	320	149	0.151446878379
9648	474	0	193	2	217	149	0.573317758773
9655	2	0	0	2	382	149	1.20814352481e-05
9677	6	0	2	3	294	149	0.00019438587658
9678	0	169	2	115	332	149	1
9679	0	112	2	128	273	149	1
9680	345	2	216	1	266	149	1
9682	145	0	214	1	269	149	1
9684	0	5	2	65	277	149	0.543009467966
9686	0	5	4	65	271	149	0.240101737756
9691	141	1	27	0	246	149	1
9692	28	1	32	0	296	149	0.244020604848
9693	6	0	4	1	194	149	0.53014030256
9694	202	2	56	0	239	149	0.557879065526
9697	0	3	2	22	335	149	0.366369458065
9698	12	3	5	22	328	149	5.52571002422e-05
9699	3	3	0	22	221	149	0.00114350632172
9712	5	0	0	2	211	149	3.39707978714e-06
9715	233	33	29	8	279	149	0.207206629416
9716	243	4	22	0	315	149	0.2240509928
9717	702	2	160	0	355	149	1
9718	304	2	64	0	246	149	1
9719	445	0	85	1	246	149	0.456271754274
9720	540	10	108	0	276	149	0.0485711571588
9721	294	1	45	0	284	149	1
9722	521	1	116	0	290	149	1
9723	403	6	93	0	203	149	0.289593744687
9724	384	1	58	0	250	149	1
9725	430	2	55	0	222	149	1
9726	532	4	97	1	324	149	0.675826740493
9727	808	2	157	0	363	149	1
9745	0	95	2	278	313	149	1
9749	73	2	21	0	322	149	0.214117868467
9750	0	63	2	21	283	149	0.703080304945
9751	0	38	2	23	392	149	0.618547061026
9752	64	2	52	0	351	149	0.17411392951
9753	17	14	8	19	1411	149	0.0522088243552
9754	30	2	17	0	362	149	0.0726818943985
9755	52	2	40	0	281	149	0.178177251287
9759	263	0	226	2	260	149	0.565229080016
9763	0	87	1	117	198	149	1
9764	5	87	2	117	255	149	0.138699584895
9766	1	156	0	101	234	149	1
9767	118	2	150	0	304	149	0.682716627656
9768	118	2	152	0	320	149	0.730776372553
9770	120	2	221	0	359	149	0.899865177786
9774	0	2	4	0	266	149	6.23083578866e-06
9775	2	2	11	40	266	149	0.56387135015
9777	1	2	2	40	421	149	0.37247740283
9780	0	8	2	4	269	149	0.0323817243756
9783	5	4	1	0	315	149	0.00100765277492
9792	7	1	2	0	308	149	0.548925696797
9811	1	0	0	4	175	149	2.57948856243e-05
9834	549	6	152	0	305	149	0.223586778374
9835	338	1	82	0	305	149	1
9837	8	69	2	45	262	149	0.134159034816
9839	184	6	22	0	220	149	0.0741470390445
9840	20	61	10	15	220	149	0.190449668115
9841	100	6	25	0	295	149	0.0127360936704
9842	145	6	27	0	311	149	0.0227141615714
9843	241	6	37	0	345	149	0.0485062455662
9844	206	61	35	15	345	149	0.325076671095
9845	855	6	240	0	2290	149	0.0126181384205
9846	179	8	24	3	262	149	0.365478924102
9847	176	61	21	15	214	149	0.074329362846
9848	337	4	33	0	214	149	0.67905033239
9849	213	8	26	3	214	149	0.331333113132
9850	304	6	51	0	269	149	0.117655708319
9851	70	1	17	8	269	149	9.81657726074e-06
9853	6	1	2	8	213	149	0.00121844862922
9854	248	1	37	1	213	149	0.296723501125
9855	34	1	9	0	282	149	0.257591640894
9857	34	16	8	6	282	149	0.400366169305
9858	15	1	2	0	277	149	0.317421919447
9861	1	16	0	6	246	149	0.294921791906
9864	1	16	0	6	185	149	0.265729208153
9873	1	0	3	3	280	149	0.00068823471399
9874	2	23	2	220	273	149	0.746482461664
9875	7	23	1	220	361	149	7.28730254561e-05
9876	213	4	411	0	300	149	0.149087092708
9877	243	0	193	2	318	149	0.525230352793
9878	417	0	358	2	295	149	1
9879	124	0	97	2	219	149	0.612595584483
9880	99	0	78	2	208	149	0.705090151043
9881	3	205	8	177	465	149	0.657675738431
9919	74	1	9	0	243	149	0.405435355988
9920	114	1	40	0	285	149	0.529259407234
9921	0	26	1	53	297	149	1
9924	16	1	11	5	262	149	0.028138546793
9926	26	2	16	3	285	149	0.330349127753
9927	42	2	16	0	285	149	0.139979960087
9928	27	0	20	17	285	149	1.01964933497e-07
9929	57	2	24	3	285	149	0.189121242566
9930	41	12	28	17	285	149	0.10959056338
9931	69	2	30	3	271	149	0.200202247569
9932	70	0	30	17	271	149	7.1574024485e-10
9933	71	12	33	17	271	149	0.0114299267894
9934	99	14	41	15	271	149	0.0293818336362
9939	5	15	2	6	308	149	0.886325636517
9940	133	12	18	1	315	149	0.372784863929
9941	119	1	18	0	315	149	0.49695210974
9942	16	1	1	0	279	149	0.301605118587
9944	12	1	27	0	325	149	0.259772242241
9959	55	2	11	0	245	149	0.224971101611
9963	6	19	28	275	369	149	0.106116412841
9964	58	0	683	1	251	149	1
9965	358	4	1747	11	262	149	0.62285182779
9966	2	323	0	35	238	149	1
9967	477	2	58	0	197	149	1
9968	586	2	139	0	289	149	1
9970	313	0	106	1	266	149	0.526350192017
9988	1	0	0	9	223	149	3.32459991593e-05
10001	0	1	8	5	225	149	0.00247800143233
10003	24	3	18	0	219	149	0.0243426503593
10004	25	2	17	0	190	149	0.110113787601
10049	2	0	191	1	276	149	1
10055	0	589	1	361	304	149	1
10056	961	4	549	0	273	149	1
10057	0	350	2	206	269	149	1
10058	3	350	1	206	418	149	1
10062	5	0	0	39	203	149	8.72511174421e-10
10063	94	0	27	1	347	149	0.321962506179
10064	172	2	65	0	213	149	0.544845679066
10065	1	6	17	14	314	149	0.0118790422768
10067	212	0	73	2	347	149	0.457369996843
10069	5	2	1	0	270	149	0.0134128731854
10070	6	109	4	41	270	149	0.562903224158
10071	1	2	3	0	270	149	0.000862443919153
10072	3	109	1	41	237	149	0.630437579734
10073	178	2	85	0	240	149	0.532023503319
10074	75	0	46	1	240	149	0.307443230603
10081	7	25	3	36	240	149	0.0753574129429
10082	245	4	108	4	341	149	0.324271213646
10083	95	2	53	0	341	149	0.336190013598
10086	1	2	1	0	203	149	0.0019771491409
10087	204	0	75	3	203	149	0.162752160449
10089	9	158	3	49	330	149	0.894657973314
10091	6	158	2	49	458	149	0.889542311878
10092	2	4	1	2	458	149	0.878604330238
10094	2	158	0	49	243	149	1
10095	1	4	0	2	243	149	0.346980158997
10097	202	4	64	2	198	149	0.7621636636
10100	46	1	15	0	198	149	0.338765371912
10107	1	78	0	48	218	149	1
10109	216	2	120	0	367	149	0.52888705679
10112	12	66	14	29	478	149	0.0427528472
10114	79	66	33	29	2204	149	0.826469114306
10120	99	0	96	2	407	149	0.316210384038
10121	14	12	7	3	176	149	0.298831496168
10122	8	33	2	40	176	149	0.0227067243219
10124	19	33	7	40	194	149	0.0132256022475
10125	21	8	10	1	194	149	0.0815071922803
10126	196	13	196	1	358	149	0.000169399793248
10128	2	13	0	9	266	149	0.142282423082
10130	79	0	36	4	244	149	0.00344582529488
10131	1	52	0	33	182	149	0.571447817328
10140	31	1	9	0	233	149	0.265257138778
10142	146	0	171	2	279	149	0.534212738905
10143	37	0	107	1	279	149	0.504748658566
10144	0	113	2	68	286	149	0.565535727215
10146	35	0	14	2	299	149	0.0225462869458
10149	11	7	9	14	201	149	0.149337747579
10151	45	0	28	3	332	149	0.0104476877194
10153	14	20	6	9	242	149	0.911559618837
10154	117	0	149	3	1409	149	0.0204061629505
10155	137	0	158	3	1409	149	0.0210760895824
10164	0	18	3	82	389	149	0.636919654051
10166	3	83	0	125	254	149	0.805321495584
10181	0	1	2	0	282	149	4.45254562479e-05
10184	2	40	4	96	251	149	0.788933701903
10185	2	40	1	96	263	149	0.567317555834
10187	98	5	193	4	321	149	0.212381055354
10188	54	2	148	6	321	149	0.73649324739
10190	54	0	155	7	321	149	0.00974712269301
10193	0	2	1	6	163	149	0.369851728671
10195	4	2	1	6	193	149	0.0225063579964
10197	4	2	1	6	234	149	0.0237204109982
10198	18	0	36	9	234	149	0.000664750319246
10199	30	2	23	6	258	149	0.0720624163011
10201	11	0	5	7	258	149	1.36550422453e-05
10202	56	0	68	9	258	149	0.000291075645625
10203	41	0	46	2	258	149	0.17389056299
10204	33	0	51	16	258	149	1.40870692871e-05
10205	25	2	10	6	279	149	0.0103668117146
10208	60	0	55	9	279	149	8.41173557474e-05
10209	49	0	48	2	279	149	0.171717736894
10211	2	0	4	7	217	149	0.000529342018658
10216	2	0	16	7	273	149	0.00350800551932
10219	23	8	22	0	273	149	0.000126625142113
10220	23	0	31	5	273	149	0.00188488020219
10221	15	4	9	0	273	149	0.00200764453717
10222	45	0	38	5	413	149	0.000715490741406
10224	9	0	66	1	301	149	0.330340016727
10226	2	1	3	25	262	149	0.0902859483562
10227	2	1	3	25	290	149	0.100845451452
10229	2	0	36	4	517	149	0.00485785554711
10234	2	164	0	103	281	149	1
10235	294	2	244	0	308	149	0.608306540241
10243	2	6	0	7	225	149	0.0492114651708
10250	5	17	4	15	524	149	0.848880747972
10252	855	3	201	0	298	149	1
10266	1	0	0	13	329	149	8.65029923274e-05
10268	0	39	1	18	258	149	0.319601036652
10276	68	1	30	1	270	149	0.948404064582
10307	9	63	0	22	214	149	0.00620026973174
10308	159	0	47	1	292	149	0.286557828508
10309	144	0	27	2	304	149	0.117618393341
10326	10	39	6	77	246	149	0.0325512440578
10327	89	0	237	1	340	149	1
10328	2	171	9	115	346	149	0.0191279058624
10329	263	2	167	0	245	149	0.705577218944
10331	1	169	0	44	275	149	1
10332	501	0	55	1	310	149	0.299716201326
10333	398	17	55	2	280	149	0.615313014845
10334	11	42	4	13	292	149	0.83366966618
10335	1	36	1	6	183	149	0.803596306605
10336	1759	0	453	1	815	149	1
10337	1259	0	67	1	423	149	0.286032603701
10338	781	4	52	0	423	149	0.697023263859
10339	677	4	49	0	795	149	0.256688629303
10340	1156	1	63	0	795	149	1
10341	112187	3	44751	0	640	149	1
10342	182408	3	67780	0	420	149	1
10343	158830	2	97307	0	799	149	1
10344	2	24	3	842	246	149	0.681664891269
10345	3	7	2	4	246	149	0.891413300515
10346	29	0	837	61	250	149	0.00475937090989
10348	31	0	847	61	253	149	0.00427358313334
10349	60	2	24	19	359	149	6.9052120022e-08
10350	58	0	24	9	341	149	1.10048535962e-06
10352	58	2	25	19	341	149	1.44685978642e-07
10354	66	6	46	2	276	149	0.273217008279
10355	54	2	30	0	276	149	0.17794070938
10356	71	6	39	2	331	149	0.429130083037
10357	16	6	16	2	272	149	0.152864521161
10358	4	13	8	16	287	149	0.455567024197
10359	7	13	6	16	297	149	0.585826557848
10360	10	7	4	5	297	149	0.433575163682
10361	8	1	8	0	225	149	0.483968665619
10362	25	2	15	0	238	149	0.0922002412354
10363	32	1	29	0	238	149	0.269726406845
10364	1	4	3	14	197	149	0.748390849806
10365	1	4	6	14	283	149	0.4386474305
10366	52	0	64	2	673	149	0.0733790406936
10367	48	5	40	1	276	149	0.0785404839111
10368	58	0	30	2	260	149	0.105805336191
10379	146	2	37	2	245	149	0.343408676794
10388	0	2	1	5	287	149	0.233873078148
10389	0	2	1	5	293	149	0.229002991182
10390	162	8	343	5	341	149	0.0382556068979
10391	111	0	243	6	266	149	0.0486270110677
10392	111	1	265	0	250	149	0.604479428756
10393	93	0	251	1	225	149	1
10397	2	0	222	1	212	149	1
10398	108	131	22	30	305	149	0.668782015699
10409	2	0	0	2	344	149	1.31481732483e-05
10413	31	1	4	0	280	149	0.254469623822
10417	4	87	1	129	246	149	0.288098617783
10421	1	14	4	7	266	149	0.0316187321872
10426	2	141	1	95	208	149	1
10430	5	320	1	117	297	149	1
10432	1	2	4	0	242	149	0.000979974026025
10433	639	7	224	2	305	149	0.572249697875
10434	481	1	151	0	305	149	1
10435	39	1	19	0	224	149	0.297090807317
10436	244	23	88	7	224	149	0.632007876606
10437	186	35	85	6	224	149	0.0178127637238
10440	245	3	123	0	309	149	0.535330036364
10441	50	65	42	34	367	149	0.151644756819
10442	80	65	89	34	382	149	0.00994549878561
10443	333	1	188	0	256	149	1
10447	27	4	2	0	247	149	0.0101485528628
10448	2	2	1	1	272	149	1
10459	1403	0	2954	2	221	149	1
10469	545	6	128	3	218	149	0.576030691969
10470	140	5	42	0	206	149	0.0741638696879
10472	15	2	5	0	800	149	0.0109616996836
10473	5	2	2	0	301	149	0.0106563639724
10492	2	0	0	5	265	149	6.39312306716e-06
10496	218	5	76	0	246	149	0.105434034409
10497	1	187	9	269	260	149	0.204026824608
10498	1630	2	679	0	257	149	1
10502	49	2	21	0	312	149	0.14431511234
10503	159	4	43	0	243	149	0.144280287242
10504	30	1	21	0	284	149	0.249616502012
10506	0	8	1	8	420	149	0.27484526345
10507	0	8	5	8	468	149	0.00563303276334
10508	0	12	1	51	335	149	1
10510	97	0	67	1	201	149	0.442171957193
10513	195	11	84	6	275	149	0.816450196923
10514	10	8	0	13	227	149	1.41686033374e-05
10515	10	2	0	4	227	149	2.37586264609e-05
10516	18	0	62	1	319	149	0.309631841634
10522	104	0	109	1	821	149	0.267855082829
10523	68	1	53	0	229	149	0.398150806002
10525	2	27	2	8	264	149	0.423696081832
10526	1	0	0	52	306	149	0.00117506757184
10527	2	0	1	52	332	149	3.91487233209e-05
10528	89	2	76	0	217	149	0.653842822404
10530	2	2	0	3	244	149	0.0183045376672
10531	2	120	0	61	244	149	1
10532	50	0	71	1	290	149	0.348642415413
10533	43	0	52	1	217	149	0.344300293857
10534	54	1	66	2	260	149	0.509835025971
10535	1	805	0	462	247	149	1
10536	3	30	0	13	423	149	0.250121340603
10537	3	30	0	13	290	149	0.142993270179
10546	12	4	2	0	214	149	0.0031164085827
10549	5	5	10	0	221	149	9.15381463902e-05
10550	2	1	2	8	299	149	0.172008486282
10553	37	9	14	5	254	149	0.542296605999
10556	2392	2	404	0	3492	149	0.530537759685
10558	5	0	58	4	183	149	0.0629627849755
10560	64	0	57	2	198	149	0.571126478095
10568	58	0	17	2	279	149	0.0405322222966
10571	2	34	0	11	300	149	0.717243153806
10573	11	0	11	1	376	149	0.736814734877
10574	11	0	5	1	346	149	0.275852351649
10577	1	0	2	1	242	149	0.0440284385779
10578	1	1	2	3	242	149	0.753577948555
10579	0	1	3	3	255	149	0.00902539160651
10598	39	0	19	2	277	149	0.0422690230135
10599	19	0	12	1	268	149	0.262141047339
10600	5	2	11	0	205	149	0.0127667830054
10601	26	2	25	0	187	149	0.118210835643
10602	42	0	30	3	233	149	0.0199127968199
10603	4819	8	1602	2	329	149	1
10604	4335	2	2025	0	452	149	1
10605	3486	2	1455	0	615	149	1
10607	2	4	4	1	378	149	0.0610163447766
10608	20	1	15	0	293	149	0.231366565351
10609	11	1	10	4	220	149	0.121622227153
10612	734	2	358	0	206	149	1
10613	633	14	538	5	290	149	0.0721841130523
10614	359	0	498	2	238	149	1
10615	722	2	677	2	293	149	1
10616	5	33	0	8	266	149	0.035209798626
10617	36	1	10	0	256	149	0.272605773998
10620	19	0	93	2	257	149	0.42583079347
10621	92	3	106	1	316	149	0.159094686007
10622	155	2	66	0	320	149	0.578219616916
10623	111	3	80	1	359	149	0.296759308782
10629	2	2	0	3	310	149	0.0254611408743
10630	7	1	7	0	195	149	0.469955875459
10636	46	3	16	2	290	149	0.729904414044
10638	0	4	30	15	293	149	0.000146832569696
10640	86	1	67	0	443	149	0.310389881587
10641	62	57	17	11	182	149	0.413197501989
10642	87	2	21	0	224	149	0.511588987241
10643	38	2	6	0	249	149	0.163833081907
10644	80	1	30	0	290	149	0.379428817955
10645	108	12	17	9	234	149	0.00471326730227
10646	2	5	0	6	254	149	0.0474443646517
10660	1	33	2	15	279	149	0.21687975542
10661	1	115	0	35	241	149	1
10666	120	1	27	0	198	149	1
10667	2	49	0	8	191	149	0.570197453159
10668	0	1	2	0	191	149	4.1514107325e-05
10669	90	1	8	0	216	149	0.55488387947
10670	43	0	0	2	216	149	1.24582296113e-06
10672	51	2	16	0	274	149	0.17992544094
10673	13	0	0	3	274	149	1.30343620897e-07
10674	8	0	0	3	216	149	3.03465237161e-07
10675	36	7	9	0	216	149	0.00449017255819
10677	67	9	11	0	216	149	0.00703139755494
10679	2	27	0	2	185	149	0.248328365182
10681	16	70	4	16	191	149	0.819673540692
10683	35	58	3	16	202	149	0.0310970387017
10685	2	6	0	12	212	149	0.0371301883434
10691	771	13	229	10	221	149	0.0546355975776
10699	1297	0	30	1	328	149	0.240952272837
10700	15	144	6	96	290	149	0.26165974672
10701	271	11	217	9	347	149	0.994281232716
10702	63	9	89	2	218	149	0.00519218344
10706	12	2	8	0	233	149	0.0437749611388
10709	4	12	0	6	402	149	0.0298221341216
10711	37	0	52	1	529	149	0.24653649916
10717	177	0	114	1	300	149	0.499946740125
10718	261	0	275	1	339	149	1
10720	377	3	317	0	359	149	0.707426366616
10723	87	2	74	0	268	149	0.620968806229
10727	352	4	171	4	211	149	0.391617793291
10729	11	12	2	56	311	149	2.42973522324e-06
10734	3	40	6	40	271	149	0.289761104285
10737	121	0	53	2	374	149	0.171756259374
10738	56	0	10	2	242	149	0.02426668968
10739	169	0	47	2	354	149	0.215126728736
10740	183	0	68	2	359	149	0.402732913086
10741	5	2	3	20	259	149	0.00319781574657
10742	3	0	4	3	259	149	0.00122766924988
10744	0	7	6	51	287	149	0.0492809591251
10745	10	0	25	3	185	149	0.0402426927193
10746	21	2	58	0	272	149	0.0579434692897
10747	7	0	11	3	191	149	0.0111733665972
10748	33	0	60	1	259	149	0.339099427079
10754	578	1	164	0	301	149	1
10755	2	1	1	0	241	149	0.0442734600859
10757	0	2	2	1	227	149	0.00733081993773
10769	2	98	0	12	251	149	0.74367221933
10770	142	4	19	2	207	149	0.476388749914
10772	160	2	19	0	242	149	0.528132842383
10774	8	59	0	6	188	149	0.021115214643
10776	27	2	31	0	284	149	0.0652274851838
10777	2	12	0	16	206	149	0.0947781428047
10779	79	1	36	0	287	149	0.378898079215
10808	5	31	0	8	251	149	0.0279307574607
10810	3	4	0	16	250	149	0.00303248628537
10811	3	4	0	16	234	149	0.00278829773189
10814	0	2	9	11	176	149	0.00300679762919
10822	4	81	14	502	354	149	0.67796663554
10823	506	36	122	5	223	149	0.163378063616
10824	863	36	218	5	220	149	0.12904882201
10825	274	0	64	1	220	149	0.392502248871
10831	1	0	1	1	284	149	0.0134237640434
10832	8	1	2	2	285	149	0.0706761723078
10833	12	46	2	6	285	149	0.662294252845
10834	22	46	7	6	301	149	0.203728968164
10835	23	6	5	0	301	149	0.0034875420784
10836	2	2	0	2	232	149	0.0190400136244
10837	7	2	5	0	376	149	0.0111446236242
10841	7	410	0	319	280	149	1
10843	3	410	0	319	604	149	1
10845	1428	0	542	2	234	149	1
10846	1929	5	510	0	209	149	1
10848	816	5	283	1	261	149	0.907565751213
10849	1261	0	460	2	247	149	1
10850	174	1	313	0	196	149	1
10851	1451	2	569	4	226	149	1
10852	188	1	414	0	261	149	1
10853	473	0	329	2	257	149	1
10854	367	0	305	1	302	149	1
10856	5	441	4	131	318	149	0.682901776506
10857	3	441	6	131	380	149	0.488623891159
10858	38	441	9	131	521	149	0.467647208405
10869	178	0	36	2	239	149	0.303482900341
10871	6	15	1	7	258	149	0.188314645973
10872	175	0	30	2	269	149	0.202742967866
10873	170	4	39	0	346	149	0.100852684872
10878	2	133	0	112	236	149	1
10879	3	133	2	112	307	149	1
10891	6	74	4	113	287	149	0.214575553983
10893	1	32	0	89	243	149	0.460550851753
10894	135	0	41	2	251	149	0.335752363002
10895	274	2	65	0	233	149	0.878059928822
10896	289	2	71	0	233	149	1
10899	9	6	4	16	496	149	0.0137332826718
10900	0	6	1	16	208	149	0.276730116681
10901	0	6	3	16	419	149	0.119785026129
10909	333	1	106	0	801	149	0.553706781654
10910	3	5	1	9	251	149	0.100790369842
10912	8	5	3	9	236	149	0.0467398952092
10913	11	8	5	0	236	149	0.000699527518164
10914	2	10	2	3	202	149	0.3855229587
10915	202	5	48	5	891	149	0.039382235097
10920	4	50	0	25	276	149	0.108088255337
10921	2	13	0	21	276	149	0.210439296255
10922	159	3	47	1	273	149	0.958692037045
10923	208	3	72	1	241	149	0.711728240277
10924	149	3	61	1	223	149	0.580139454953
10925	13	1	2	6	237	149	0.000136082367134
10926	13	58	2	21	237	149	0.131856568839
10930	91	0	29	2	256	149	0.134213484258
10931	78	0	16	2	210	149	0.0793119020759
10932	187	6	56	0	245	149	0.0453220592521
10933	100	0	24	1	245	149	0.243758134394
10934	45	0	20	1	214	149	0.320206127064
10935	132	4	50	0	214	149	0.117674648322
10936	56	0	19	2	214	149	0.0795479084983
10938	17	0	17	2	237	149	0.0541333044617
10939	90	1	52	4	237	149	0.0309949892971
10943	183	4	27	0	229	149	0.216530212564
10944	101	3	11	0	291	149	0.159353430529
10946	271	7	19	0	356	149	0.0479442345704
10947	23	18	6	11	315	149	0.113783018033
10948	35	36	10	7	315	149	0.525740156098
10949	4	9	0	4	245	149	0.00906081011633
10950	11	7	6	4	222	149	0.950547305817
10951	12	40	15	47	222	149	0.882400994331
10953	180	40	38	47	2195	149	1.70976937053e-08
10954	175	3	34	10	2195	149	2.33446993803e-06
10958	808	5	421	0	215	149	1
10960	1635	1	488	0	214	149	1
10963	190	2	41	2	185	149	0.29928059811
10967	5	76	7	19	272	149	0.0108091978768
10970	6	35	0	34	191	149	0.00322406890063
10972	392	1	52	0	344	149	1
10980	2	2	0	2	240	149	0.0200388707441
10982	18	5	11	7	278	149	0.21421008532
10985	2	3	4	0	232	149	0.000412217111085
10992	28	1011	0	75	170	149	0.0632333285668
10993	21	1011	0	75	173	149	0.171289812973
10995	21	643	2	56	182	149	0.80730332793
10997	258	2	48	4	210	149	0.0107008721062
10998	242	2	48	1	200	149	0.346431581654
10999	708	0	257	1	229	149	1
11000	195	1	45	0	189	149	1
11013	0	3	2	0	197	149	7.52592064457e-06
11014	11	2	2	0	306	149	0.0324471131919
11032	2	0	26	2	315	149	0.0900971183246
11033	4	0	14	1	251	149	0.300712471057
11050	84	4	33	0	205	149	0.0658100403674
11051	105	2	34	1	220	149	0.679454185147
11053	173	0	26	1	266	149	0.244110805771
11054	255	2	37	0	322	149	0.541593479197
11055	249	2	32	0	312	149	0.54301302897
11057	258	5	36	0	353	149	0.104387419159
11059	7	0	76	1	219	149	0.457937256393
11067	877	2	190	0	202	149	1
11069	42	3	7	0	267	149	0.0557875656141
11070	63	2	15	0	228	149	0.267132793238
11072	88	2	14	0	262	149	0.353984104571
11074	2	15	0	3	248	149	0.183103740499
11076	26	6	7	1	204	149	0.528378455681
11078	218	23	80	13	293	149	0.311538475089
11081	70	0	25	1	273	149	0.296916253688
11085	14	4	8	1	248	149	0.368151421198
11086	2	11	3	7	216	149	0.375778541206
11087	132	1	65	17	871	149	4.24309474223e-08
11088	2	13	1	5	302	149	0.735409811067
11089	373	1	3136	1	343	149	1
11092	18	0	4	2	227	149	0.0052884261445
11096	114	0	32	1	306	149	0.250172852923
11097	217	2	77	0	455	149	0.65459215245
11098	128	1	49	0	382	149	0.444627642776
11099	10	47	7	8	213	149	0.0358077090234
11100	94	1	31	0	239	149	0.518613219373
11101	91	1	32	0	308	149	0.397073184664
11102	112	2	68	0	369	149	0.410427834899
11103	74	2	44	1	236	149	0.685450418515
11105	10	0	16	14	441	149	3.91545677533e-05
11107	9	0	2	14	310	149	3.7651953444e-08
11120	1186	14	143	0	283	149	0.112296693753
11121	1	554	6	80	274	149	0.0324978218023
11123	1456	5	171	0	281	149	1
11124	54	0	13	1	281	149	0.80368841888
11125	1033	4	143	0	171	149	1
11126	1090	22	216	0	227	149	0.0138031135476
11127	539	22	105	0	242	149	0.00281965488337
11128	106	619	7	121	176	149	0.00233166721439
11129	24	49	2	9	176	149	0.178073697167
11130	1681	12	319	2	221	149	0.908759027337
11131	1954	4	332	0	288	149	1
11132	549	0	103	2	232	149	0.610836723441
11133	662	14	265	26	278	149	1.76260471866e-05
11135	943	0	491	1	236	149	1
11136	1487	0	558	1	311	149	1
11137	770	3	485	0	303	149	1
11151	16	0	4	2	229	149	0.00579243359843
11152	23	2	1	1	290	149	0.174237821048
11153	21	2	1	1	268	149	0.197969566355
11154	37	3	1	0	322	149	0.0388332470145
11156	10	2	1	0	302	149	0.0299438840786
11166	9	117	2	31	365	149	0.589704715763
11167	189	11	47	2	247	149	0.49507305114
11168	189	19	38	0	215	149	0.00145530441861
11171	43	1	4	0	229	149	0.305007871838
11173	0	1	2	2	152	149	0.0105069846329
11174	18	1	12	2	180	149	0.304416357666
11176	310	4	89	0	389	149	0.181052145378
11179	9	426	6	362	474	149	1
11180	976	3	668	5	244	149	0.732422493547
11182	1597	1	886	0	305	149	1
11187	174	9	92	2	197	149	0.149408791734
11188	213	0	95	1	257	149	0.486057924613
11190	1	26	0	98	234	149	0.375605567092
11191	395	1	251	5	323	149	0.0498825750843
11192	374	1	169	0	216	149	1
11198	72	10	8	2	245	149	0.892643707661
11199	298	1	15	0	251	149	1
11200	4	146	0	10	291	149	0.677849808033
11201	230	10	2	0	380	149	0.0331960753547
11202	230	164	2	24	380	149	5.45029862353e-08
11203	503	3	148	1	267	149	1
11204	9	0	6	2	223	149	0.0166388639454
11206	5	7	2	2	293	149	0.739776284036
11210	542	2	192	2	297	149	0.529621655922
11212	339	2	121	2	294	149	0.629866028361
11215	2	88	0	78	214	149	0.555785625786
11218	121	2	41	2	259	149	0.447134285968
11219	98	0	34	2	324	149	0.106148468973
11220	255	2	85	0	361	149	0.529406495141
11222	759	14	261	0	332	149	0.00804637633861
11223	181	1	65	0	204	149	1
11224	8	296	0	136	258	149	0.51879437033
11225	1655	20	747	3	845	149	0.0255590827891
11226	1754	20	864	3	986	149	0.0166100046393
11227	450	3	324	0	431	149	0.713161931385
11236	140	8	21	6	280	149	0.0156177242997
11238	155	1	36	0	273	149	1
11239	166	6	71	3	220	149	0.821638287859
11244	0	1	2	0	238	149	4.37565451199e-05
11246	447	0	133	1	238	149	1
11248	184	1	39	0	240	149	1
11253	7	272	2	68	389	149	1
11254	2	272	0	68	262	149	1
11265	569	3	168	0	239	149	1
11266	7	296	1	105	288	149	0.780945423073
11268	235	0	40	1	220	149	0.301420439471
11269	480	0	138	1	2337	149	0.529840277713
11270	432	2	139	0	229	149	1
11271	5	331	0	117	209	149	0.892814635905
11273	570	1	185	0	225	149	1
11274	159	1	52	0	203	149	1
11283	105	2	11	2	280	149	0.121515214263
11301	1	2	0	3	311	149	0.526748814067
11304	0	2	2	0	265	149	1.56045656563e-05
11311	6	0	36	2	271	149	0.142204374778
11328	142	0	479	4	340	149	0.611829803887
11336	83	2	124	0	271	149	0.78255620854
11338	86	1	111	0	271	149	0.418220311744
11341	18	76	8	87	284	149	0.0339874469576
11342	16	76	7	87	278	149	0.0394891016779
11344	90	0	258	2	309	149	0.553327051315
11345	0	247	8	272	235	149	0.288737620619
11351	9	0	204	1	335	149	1
11360	2	10	4	26	276	149	0.769768742337
11362	280	0	832	2	204	149	1
11363	384	0	859	4	236	149	1
11364	138	0	486	6	182	149	0.767945627783
11365	104	0	231	2	941	149	0.239711449608
11366	16	2	37	1	277	149	0.191620130943
11368	15	0	29	1	237	149	0.261242383797
11374	0	1	2	167	229	149	1
11377	1	0	440	3	337	149	0.653866662584
11379	187	0	600	2	368	149	1
11380	21	0	399	15	245	149	0.0359081045292
11383	2	2	6	0	284	149	0.00203625009273
11385	2	1	1	0	656	149	0.00926788853424
11391	99	0	226	2	237	149	0.606082765752
11400	22	13	75	35	1507	149	0.507466746725
11401	4	6	0	5	211	149	0.00303141845961
11402	0	34	1	50	228	149	0.832824951343
11403	21	10	32	8	269	149	0.238964034401
11405	19	27	14	278	234	149	1.40340927768e-09
11406	73	0	851	1	456	149	1
11408	29	1	55	0	295	149	0.328934113539
11410	81	7	42	3	284	149	0.679512163457
11411	103	4	49	0	292	149	0.0478724673515
11415	13	0	50	12	203	149	0.00144015073401
11416	33	11	23	34	197	149	0.000618952956751
11417	1	0	5	4	197	149	0.00172841139428
11419	0	11	4	34	216	149	0.0549861848575
11420	178	0	83	4	262	149	0.0144931260613
11422	200	1	68	1	262	149	0.366001413886
11426	176	2	72	0	225	149	0.538888783854
11428	3	28	0	42	247	149	0.0858363023934
11429	3	28	3	42	271	149	0.688924325315
11431	2	28	5	42	288	149	0.406487318327
11435	1	10	1	228	223	149	0.24084679409
11436	0	2	3	13	223	149	0.049357433611
11437	67	2	361	13	214	149	0.578308579496
11438	58	0	136	2	214	149	0.529301761179
11439	2	2	101	13	221	149	0.109209296915
11440	1	0	9	2	221	149	0.0405589085209
11443	26	2	27	0	690	149	0.0246029706201
11452	4	0	24	1	311	149	0.230048179561
11461	0	15	2	53	209	149	0.605916897321
11462	29	0	54	1	329	149	0.28843475282
11463	28	0	148	6	992	149	0.00632963728778
11464	46	0	161	6	1073	149	0.0044436394808
11469	21	65	5	16	398	149	0.843555127894
11472	387	1	278	0	307	149	1
11473	1912	1	954	0	310	149	1
11474	0	525	1	568	212	149	1
11475	21	525	12	568	237	149	0.0937729704247
11477	7	525	26	568	317	149	0.0111040656485
11478	492	92	597	262	175	149	1.00347504945e-05
11479	507	92	154	262	421	149	0
11480	87	382	43	532	312	149	1.39126943119e-05
11481	8	382	3	532	195	149	0.477942837817
11482	0	1	2	0	276	149	4.44753448109e-05
11483	2	6	6	0	469	149	1.06221468389e-05
11492	0	177	3	57	186	149	0.268472692928
11496	35	6	17	8	191	149	0.0957611809671
11507	2	8	3	27	220	149	0.735935911009
11508	0	8	4	27	232	149	0.0455015805404
11523	3	2	12	1	274	149	0.0672956948472
11525	29	2	16	0	274	149	0.0943290941063
11531	20	0	36	2	263	149	0.11978120693
11532	5	2	4	27	427	149	0.00405953682044
11533	7	3	24	4	263	149	0.271667176737
11537	54	2	8	0	329	149	0.175323995687
11540	1	6	0	4	240	149	0.229247653389
11541	52	0	6	3	222	149	0.000511303581859
11543	38	3	11	2	237	149	0.613683722693
11545	10	53	0	20	286	149	0.00449654510194
11546	104	1	23	1	260	149	0.647929586366
11550	206	0	560	1	211	149	1
11551	547	2	533	0	216	149	1
11552	88	2	144	0	289	149	0.771606844294
11553	492	3	473	2	182	149	1
11554	181	3	120	2	182	149	0.879851546899
11556	6	1	4	2	245	149	0.33451909923
11557	19	0	178	8	245	149	0.0308716953553
11559	96	1	353	2	279	149	0.454318346296
11560	120	0	600	8	279	149	0.146460747867
11564	453	2	312	0	261	149	1
11566	207	5	50	0	245	149	0.114163024544
11572	1	66	3	79	236	149	0.5223941266
11577	4	2	0	11	260	149	0.000257251024011
11578	2	2	0	11	272	149	0.0146123675734
11611	95	2	159	4	253	149	0.687781503676
11615	27	11	0	1	207	149	0.00275280745467
11617	4	0	0	2	211	149	5.79207125362e-06
11620	6	2	4	1	247	149	0.791976860198
11627	8	0	0	2	285	149	1.18038540542e-06
11630	2	1	3	0	245	149	0.0389048912339
11631	8	0	57	1	293	149	0.309589953275
11632	16	4	6	4	247	149	0.211815103615
11633	11	0	11	21	386	149	6.62711031052e-07
11634	15	0	14	21	382	149	1.93145757388e-07
11641	1	89	0	7	256	149	1
11642	13	1	0	3	1104	149	3.66164149616e-05
11643	101	1	7	3	193	149	0.00163011169133
11645	1	67	0	4	264	149	1
11647	1	67	0	4	405	149	1
11648	1	67	0	4	230	149	1
11649	1	67	0	4	224	149	1
11653	45	5	0	5	176	149	3.68882053015e-07
11672	2	9	0	2	257	149	0.118799404334
11681	295	0	134	2	1085	149	0.121352014771
11682	502	4	112	0	235	149	0.689917151903
11683	364	8	60	0	189	149	0.126828663444
11684	1	354	0	96	189	149	1
11685	13	354	0	96	283	149	0.123686778519
11686	790	22	191	9	260	149	0.31724510938
11687	49	0	39	1	254	149	0.282516577971
11690	11	18	3	6	232	149	0.733886665628
11696	4	1	36	0	233	149	0.199303015376
11700	2	0	4	14	246	149	0.000531944829829
11702	383	2	71	0	267	149	1
11705	499	24	82	10	277	149	0.0511012217783
11708	15	1	2	4	776	149	0.000807155417415
11711	145	4	77	0	369	149	0.0523547247535
11714	64	0	44	4	282	149	0.00628053373435
11717	11	16	1	8	270	149	0.0251229247082
11718	42	27	17	17	337	149	0.289876177311
11719	22	11	14	1	184	149	0.0108643805455
11720	80	0	38	2	389	149	0.0785565625842
11721	51	0	26	4	279	149	0.00215084958775
11722	48	10	29	0	279	149	0.00026289106299
11723	21	10	9	0	253	149	0.000479442269751
11724	29	5	7	5	253	149	0.0540596716698
11726	32	2	17	0	274	149	0.104562310618
11727	24	4	6	0	191	149	0.0119544743662
11728	5	6	4	1	191	149	0.0956975765893
11729	30	6	9	1	198	149	0.413511625433
11730	47	1	13	2	198	149	0.126483527794
11736	2	0	12	1	208	149	0.291743395828
11737	2	2	2	4	244	149	0.540658417771
11743	14	0	4	2	232	149	0.0063056630947
11748	128	2	39	0	236	149	0.541778665167
11750	231	2	57	2	266	149	0.336087851599
11758	126	11	47	2	392	149	0.213236945548
11759	5	35	3	9	272	149	0.511357064929
11760	140	10	60	10	221	149	0.0974548688557
11761	347	2	135	0	363	149	0.607728957635
11762	472	4	159	0	495	149	0.226124098771
11763	341	6	125	0	495	149	0.0325584764339
11764	534	6	180	0	733	149	0.0378701332159
11765	410	0	153	1	733	149	0.319453854173
11766	671	11	219	5	733	149	0.743336286534
11767	49	0	13	1	267	149	0.736400595282
11768	13	0	10	1	267	149	0.442148857261
11769	168	3	42	2	267	149	0.593902620171
11770	2	0	12	1	267	149	0.389280870063
11771	47	3	24	8	267	149	0.0126127154009
11776	424	6	37	0	292	149	0.210488918717
11777	414	5	61	2	350	149	0.747200382943
11778	234	2	35	0	350	149	0.528857109463
11779	112	2	14	0	220	149	0.884811439784
11780	298	11	40	2	220	149	0.640010633003
11781	108	3	21	0	228	149	0.208960931136
11782	137	5	16	0	233	149	0.0755519330876
11783	135	0	20	1	233	149	0.235037574172
11784	5	0	0	1	219	149	9.00821621408e-06
11785	8	6	2	6	219	149	0.0921675043788
11786	2	0	8	5	635	149	0.000510031834136
11790	183	3	46	10	265	149	2.65064927096e-05
11791	10	5	34	8	230	149	0.271756042674
11792	1	117	0	119	215	149	1
11793	181	0	118	2	240	149	0.57007490763
11794	0	102	1	134	237	149	1
11795	209	1	170	0	203	149	1
11796	294	1	145	0	311	149	1
11797	337	3	155	3	287	149	0.450629664657
11802	0	38	1	91	325	149	1
11803	352	1	152	0	269	149	1
11804	451	5	189	4	255	149	0.466303804676
11809	63	25	25	19	273	149	0.104789088178
11811	1196	1	166	0	290	149	1
11812	733	1	121	0	218	149	1
11813	1090	5	146	0	218	149	1
11814	12	664	0	104	238	149	0.871726845014
11815	184	493	26	67	236	149	0.958059195738
11816	82	28	9	0	236	149	0.000904814743495
11817	876	28	130	0	239	149	0.00420190869663
11818	489	2	80	0	239	149	1
11819	398	476	53	50	233	149	0.362766327991
11820	13	667	0	73	226	149	0.64360252614
11821	44	667	6	73	205	149	0.805372963014
11840	8	14	7	27	283	149	0.215890613338
11842	9	199	1	39	194	149	0.279591999181
11843	344	6	78	4	309	149	0.210068655431
11844	212	0	65	2	216	149	0.761709140127
11845	6	161	0	46	330	149	0.540596629107
11847	2	9	0	10	408	149	0.196537490963
11851	133	2	58	0	285	149	0.601231913298
11853	2579	0	1556	2	221	149	1
11854	11071	0	7804	2	333	149	1
11855	6364	0	4260	3	333	149	1
11856	241	4	806	6	278	149	0.368768033969
11857	219	0	799	3	245	149	1
11858	4901	4	4296	6	245	149	1
11859	149	0	155	2	516	149	0.535004135303
11860	466	0	199	4	326	149	0.101064253587
11863	364	13	229	9	309	149	0.91162917702
11864	53	0	65	5	243	149	0.00796052488543
11866	176	1	141	0	299	149	1
11867	128	3	330	2	299	149	0.179531596617
11880	2	13	2	89	303	149	0.281616381506
11882	258	0	122	1	253	149	0.711459832428
11883	239	2	152	0	315	149	0.534989392154
11884	4	52	10	102	178	149	0.583938768436
11885	128	1	157	0	275	149	0.666213661455
11899	4	67	0	6	238	149	0.209357746771
11900	1	67	0	6	252	149	1
11901	9	24	0	44	215	149	2.6574534703e-05
11902	86	3	34	0	226	149	0.138339618766
11903	35	0	23	2	226	149	0.0775125907109
11904	16	57	0	50	229	149	1.23311244207e-05
11905	4	0	15	1	254	149	0.284177276566
11906	4	0	15	3	267	149	0.0118225748442
11907	2	2	4	0	308	149	0.00198598706072
11908	4	0	4	1	269	149	0.28944107322
11914	66	0	84	1	236	149	0.468684225883
11915	53	0	52	2	247	149	0.250731204292
11916	207	2	128	4	284	149	0.149981572474
11920	4	10	0	9	219	149	0.00632111712981
11921	10	149	0	21	211	149	0.0387459277985
11923	123	0	70	1	240	149	0.393307137038
11924	180	4	92	1	297	149	0.271057880245
11925	310	2	112	0	308	149	0.641668339213
11926	154	2	79	0	237	149	0.528767590789
11927	19	0	62	2	290	149	0.201457573022
11928	1	12	0	24	224	149	0.255443660246
11929	5	12	0	24	220	149	0.00101029293584
11952	96	4	239	2	269	149	0.0621902836992
11979	33	0	18	1	235	149	0.228446188766
11980	2	32	0	17	267	149	0.815260691933
11981	0	1	2	2	267	149	0.0264512677247
11982	57	1	35	0	243	149	0.340783046563
11983	1	1	2	0	289	149	0.0121544065708
11984	1	1	4	0	344	149	0.00796768630094
11987	15	2	18	0	304	149	0.0338261372166
11988	31	0	25	1	304	149	0.233037102267
11999	10	0	10	1	335	149	0.691217758758
12000	9	12	5	9	302	149	0.644494856565
12001	22	0	170	2	285	149	0.526311192239
12007	6	0	90	2	324	149	0.290168166347
12008	6	0	43	2	200	149	0.225658977328
12009	1	4	44	24	254	149	0.0184978353985
12012	114	0	57	2	418	149	0.145316182345
12013	186	39	93	61	418	149	3.22079758721e-05
12014	113	4	57	9	418	149	0.0116064621328
12015	172	2	74	0	418	149	0.775177052237
12016	115	39	49	61	326	149	9.9873829057e-06
12017	42	4	13	9	326	149	0.00168177313377
12018	115	2	50	0	326	149	0.504816044893
12019	15	39	16	61	342	149	0.397094009585
12020	19	76	15	37	342	149	0.281458510318
12021	468	4	226	9	311	149	0.00861966889632
12022	170	2	95	0	311	149	0.541428612655
12023	505	3	202	1	311	149	0.687673426263
12024	227	1	86	2	311	149	0.433521951946
12025	4627	1	1987	2	1932	149	0.659530884502
12026	4926	24	2117	15	1932	149	0.345400538479
12027	861	4	371	0	456	149	0.688299725154
12028	399	1	301	0	297	149	1
12032	6	0	61	2	227	149	0.277306385896
12033	38	0	41	1	415	149	0.245975564277
12034	12	0	22	6	343	149	0.00101694286429
12035	17	4	23	5	343	149	0.917372578976
12036	6	4	14	5	343	149	0.4093738556
12037	6	5	10	3	343	149	0.20913199589
12039	13	4	4	0	338	149	0.00174841416834
12040	30	3	4	0	338	149	0.0247089154705
12042	0	33	1	13	204	149	0.255426943156
12046	374	0	186	1	208	149	1
12047	69	6	34	0	298	149	0.0041274196443
12053	97	0	20	2	261	149	0.0776473523472
12054	69	2	17	0	197	149	0.412273079095
12055	23	26	43	1	362	149	1.77680659075e-09
12056	703	1	211	0	1721	149	0.542107442227
12057	103	0	43	2	272	149	0.232470084332
12058	104	1	36	0	272	149	0.504102627153
12059	0	33	1	17	307	149	0.342480894211
12060	33	21	11	11	344	149	0.342592757345
12061	64	21	25	11	269	149	0.516567566844
12062	111	0	37	1	271	149	0.271035398125
12063	61	3	17	4	206	149	0.0700108734023
12064	105	2	24	0	212	149	0.720057930231
12070	448	18	706	12	1003	149	0.0292341533364
12072	101	9	52	0	230	149	0.00180837483329
12087	18	0	23	1	286	149	0.232715769626
12095	29	2	2	0	234	149	0.140412826466
12096	22	1	2	0	234	149	0.240128040216
12148	0	166	2	53	284	149	0.52216301008
12150	224	0	668	1	281	149	1
12154	66	0	435	3	201	149	1
12158	0	2	1	0	234	149	2.77844546247e-05
12162	10	34	0	2	281	149	0.0169105992494
12176	0	5	4	2	380	149	0.00150444781018
12193	220	4	61	1	320	149	0.6183747996
12194	65	3	11	2	242	149	0.370839752869
12195	211	0	45	1	331	149	0.271367293064
12196	82	11	31	3	248	149	0.53966019543
12197	155	2	24	1	270	149	0.499917405986
12199	133	3	67	0	424	149	0.100008435049
12200	121	4	24	0	254	149	0.100764547121
12201	130	5	44	1	299	149	0.351992780933
12202	11	37	4	22	209	149	0.37820266922
12203	15	4	2	7	256	149	0.00138074427591
12204	11	2	2	1	250	149	0.391603449281
12205	97	1	45	0	440	149	0.331916128025
12206	62	2	11	0	220	149	0.274464203593
12207	2	38	4	7	357	149	0.0148514474332
12208	279	0	171	4	1106	149	0.00493670500279
12209	15	28	3	14	268	149	0.111632961871
12210	65	0	35	1	291	149	0.26263614538
12213	2	26	0	14	271	149	0.46086286461
12214	2	26	0	14	272	149	0.471866443531
12216	0	8	1	13	296	149	0.291239933879
12217	353	7	103	3	244	149	0.836673364904
12218	0	126	6	39	416	149	0.0105783681771
12219	265	0	90	3	240	149	0.16650174468
12220	41	8	28	5	238	149	0.867164676343
12221	6	2	5	0	283	149	0.0138209797947
12222	10	2	2	0	279	149	0.0325470877025
12223	12	6	6	13	279	149	0.0264482142178
12224	5	2	4	3	320	149	0.522985506279
12225	2	0	9	1	211	149	0.405483432101
12228	116	2	171	0	1584	149	0.0426068567276
12229	155	0	66	4	247	149	0.00946217309135
12230	373	4	155	0	283	149	0.55868376338
12231	1	176	0	88	272	149	1
12232	261	2	27	0	216	149	1
12235	2	0	15	1	188	149	0.229980094773
12247	4	2	2	6	317	149	0.0789560416482
12248	15134	21	966	3	255	149	1
12249	5838	4	373	0	255	149	1
12250	7403	4	485	0	240	149	1
12251	16658	7	1076	0	240	149	1
12252	11208	1	1003	0	207	149	1
12253	6720	1	928	0	240	149	1
12255	7	0	38	2	324	149	0.123797297486
12257	26	0	125	1	299	149	0.557340463794
12258	28	0	42	2	285	149	0.120537962247
12263	1	0	3	6	209	149	0.000680155136254
12270	7	3	24	0	238	149	0.0015046678656
12271	1	3	7	0	327	149	3.7383466e-05
12278	0	60	4	45	445	149	0.286037450338
12279	60	2	54	0	284	149	0.236646052548
12280	64	2	62	0	289	149	0.269566884913
12281	0	1	7	5	606	149	0.00669720047888
12282	0	2	5	13	372	149	0.0159424003806
12283	100	1	43	0	374	149	0.372467167326
12284	128	0	48	3	398	149	0.0112326419169
12285	1	39	0	31	176	149	0.415816606224
12286	1	0	12	2	285	149	0.0412355167872
12287	4	0	21	1	343	149	0.279762534031
12290	3	2	16	0	378	149	0.00150017924135
12295	1	0	25	2	279	149	0.100782116324
12296	19	0	43	5	218	149	0.00690274747228
12297	5	0	109	6	223	149	0.0384759642256
12299	11	3	3	3	245	149	0.148218880482
12300	4	0	6	2	183	149	0.0274023730221
12301	17	0	29	2	224	149	0.112851296573
12303	19	2	34	0	201	149	0.0725977303979
12309	459	0	299	1	251	149	1
12310	340	0	175	3	251	149	0.512036968277
12318	0	21	3	19	271	149	0.0507683870211
12323	162	0	118	2	245	149	0.577587032031
12324	318	1	121	0	283	149	1
12325	11	34	6	30	221	149	0.375850964453
12331	847	2	474	0	258	149	1
12332	825	2	378	0	262	149	1
12335	14	0	6	2	217	149	0.0139077075793
12341	42	11	18	0	217	149	0.000521889055691
12342	21	11	4	0	188	149	0.00209205789339
12345	62	3	30	0	310	149	0.0600354208029
12350	32	4	1	0	266	149	0.0123362883445
12351	31	8	1	0	266	149	0.00876106573665
12352	370	4	4	0	440	149	0.27453474233
12353	132	8	1	0	440	149	0.0211368926255
12355	396	8	3	0	342	149	0.0883102016625
12356	256	8	1	0	388	149	0.047447918371
12358	498	8	4	0	388	149	0.0996529001261
12359	60	107	0	1	302	149	0.0107937811017
12365	20	0	28	3	188	149	0.036947690271
12369	29	0	22	3	215	149	0.0162187609741
12370	2	0	38	2	317	149	0.135374455729
12372	32	1	50	2	244	149	0.645011520149
12373	18	0	48	1	222	149	0.327708523813
12374	27	0	54	2	282	149	0.168014723782
12375	6	0	15	1	264	149	0.29148804958
12379	20	5	12	3	249	149	1
12380	139	1	187	0	363	149	0.504050420875
12383	60	0	108	3	232	149	0.161667825781
12384	43	4	77	14	199	149	0.194643554178
12387	106	41	340	217	605	149	0.0438430032784
12396	164	9	33	0	228	149	0.0144774991569
12397	210	9	41	0	231	149	0.0202542683673
12398	61	32	14	6	307	149	0.664599560404
12399	35	4	6	2	307	149	0.352965796921
12400	110	74	14	14	307	149	0.313431995089
12401	84	2	6	4	307	149	0.00046575048396
12402	83	0	15	1	308	149	0.54959889017
12403	147	4	38	2	308	149	0.911760437788
12404	189	2	46	4	308	149	0.0182772364481
12405	145	4	40	0	308	149	0.0901447117927
12406	4	4	4	2	368	149	0.47901266558
12407	8	1	3	0	368	149	0.49943297283
12408	8	68	3	23	368	149	0.819519511782
12422	68	0	33	2	184	149	0.287532584639
12423	54	0	62	1	351	149	0.29951435995
12424	240	0	181	1	192	149	1
12426	208	1	198	0	234	149	1
12427	5	79	9	25	242	149	0.00427074110508
12431	117	0	252	2	219	149	0.813919797336
12435	38	0	93	2	184	149	0.558012055509
12443	1263	12	68	10	291	149	4.39069734903e-07
12444	402	15	79	0	337	149	0.00549638119085
12445	104	2	18	0	617	149	0.175573102565
12446	22	2	6	0	226	149	0.0999042501272
12447	36	0	138	2	242	149	0.533447911557
12448	100	0	140	6	234	149	0.0147819230189
12449	26	0	29	3	192	149	0.0332902738746
12469	3	0	0	2	311	149	9.40831347485e-06
12470	2	5	1	0	337	149	0.000250191928236
12482	24	0	200	1	355	149	1
12483	2	41	2	13	1143	149	0.508209725571
12489	44	5	28	6	210	149	0.339125164726
12490	29	0	83	2	340	149	0.229394169333
12491	9	0	4	2	242	149	0.00766257791609
12492	2	0	780	9	359	149	0.171852740714
12493	27	0	1072	26	335	149	0.0437517826632
12495	579	0	1011	8	283	149	0.573601590883
12496	1146	2	594	6	288	149	0.37497033756
12497	1936	0	1148	1	290	149	1
12498	1439	0	913	1	239	149	1
12499	302	0	363	7	199	149	0.100387761811
12500	231	2	181	6	199	149	0.0612021129401
12502	3	2	22	0	218	149	0.00334259417081
12505	15	0	41	2	203	149	0.186572025957
12514	4	59	36	128	372	149	0.00189658186195
12515	4	59	37	128	368	149	0.00150874522166
12516	4	59	58	128	243	149	1.57445049052e-05
12518	309	3	104	0	2288	149	0.0377886261095
12519	37	3	12	0	239	149	0.0493380427348
12521	2	10	0	13	239	149	0.0910679112431
12523	14	2	12	1	276	149	0.507051867424
12524	14	2	19	1	353	149	0.323012358254
12525	32	169	2	46	240	149	0.00662753477123
12526	111	1	39	0	227	149	0.732421397836
12528	0	49	2	50	197	149	0.598799209941
12532	254	5	181	6	321	149	0.414592023334
12546	2	2	168	23	296	149	0.0875762456242
12556	2	43	0	41	212	149	0.637017256685
12557	2	43	0	41	244	149	0.569723259827
12558	781	2	122	0	326	149	1
12559	394	1	83	0	244	149	1
12560	464	1	95	0	306	149	1
12564	180	1	63	0	343	149	0.914756905811
12565	198	1	43	0	313	149	1
12567	1	17	1	8	244	149	0.906648824789
12569	24	9	7	9	203	149	0.0424162971776
12570	8	30	0	15	296	149	0.00353010185783
12580	4	0	22	1	216	149	0.24766310482
12581	4	0	23	1	282	149	0.232647949618
12587	3	0	6	3	481	149	0.000625871214965
12588	2	0	0	1	272	149	4.44335050881e-05
12589	3	0	0	1	303	149	2.95500134835e-05
12616	14	0	75	1	217	149	0.456273260506
12622	3	36	0	28	203	149	0.091102366372
12630	3	2	13	1	212	149	0.0778998042086
12631	0	2	6	0	212	149	2.01958777379e-06
12632	14	2	4	0	330	149	0.0383284773431
12637	0	10	4	79	224	149	0.225478354763
12647	0	2	2	0	265	149	1.56045656563e-05
12674	70	2	29	0	310	149	0.212180088529
12675	1	31	2	11	268	149	0.17200455325
12677	9	4	7	4	257	149	0.755027186922
12678	3	81	2	3	290	149	0.101699936507
12680	108	2	61	0	218	149	0.565463871441
12682	74	5	15	2	227	149	0.831112246964
12683	401	5	89	2	187	149	0.72158897824
12684	129	0	29	2	189	149	0.315411303983
12685	383	1	119	0	226	149	1
12686	0	5	2	5	222	149	0.0437896955062
12688	220	19	3	1	233	149	0.518100828318
12689	52	1	3	1	230	149	0.844698381858
12690	142	2	19	0	491	149	0.286415996188
12701	2	0	84	2	1279	149	0.0676779687421
12706	15	0	169	1	691	149	0.349236608056
12720	730	2	158	0	248	149	1
12722	44	186	24	48	351	149	0.0322395816574
12723	5	186	2	48	163	149	0.70894053219
12724	214	233	28	79	297	149	0.000323557759094
12725	106	233	15	79	226	149	0.00454683918577
12726	182	233	39	79	222	149	0.0683405343102
12727	20	5	87	3	561	149	0.00851562953029
12729	20	1	94	4	561	149	0.713688473206
12730	20	0	89	1	561	149	0.286575527762
12731	24	5	100	3	625	149	0.00963408784016
12734	1	0	14	1	303	149	0.383194636345
12743	237	0	131	2	254	149	0.555496286776
12744	0	1	11	47	346	149	0.0335604389851
12757	119	0	665	1	257	149	1
12765	1	3	3	1	231	149	0.0735497434275
12766	8	0	6	45	611	149	1.34859161616e-08
12767	4	2	0	5	300	149	0.000926625801842
12771	5	0	9	1	195	149	0.354491528351
12772	2	0	3	1	266	149	0.0603664756312
12773	13	6	6	26	286	149	0.000347862274958
12776	9	3	4	4	306	149	0.204763647901
12779	5	2	2	0	225	149	0.0172682934739
12781	2	344	0	189	185	149	1
12782	703	1	473	2	379	149	1
12783	518	1	324	2	723	149	0.9070311124
12784	250	0	342	1	237	149	1
12785	157	1	109	0	237	149	1
12786	8	0	44	1	182	149	0.345535348296
12788	59	1	104	0	238	149	0.350681756539
12789	154	1	337	0	238	149	1
12790	38	138	19	169	408	149	0.00568634209029
12791	83	138	37	169	666	149	0.000116456647409
12792	258	1	350	0	345	149	1
12793	461	0	301	1	231	149	1
12794	603	4	402	0	268	149	0.71862418638
12798	405	1	447	0	243	149	1
12801	468	0	664	3	315	149	1
12802	0	20	2	167	232	149	1
12803	9	0	52	4	329	149	0.0175452003351
12804	9	20	72	167	329	149	0.88398803937
12806	2	0	8	15	325	149	0.00155457272391
12814	20	1	47	4	248	149	0.389184359424
12816	3	0	0	21	296	149	6.23888470774e-07
12818	24	2	33	0	296	149	0.0513624395414
12835	4	0	17	2	234	149	0.074714232419
12837	19	17	2	13	265	149	0.00268197708176
12838	8	17	3	13	229	149	0.299083001601
12840	2	51	1	37	194	149	0.563170580518
12841	2	51	1	37	244	149	0.562856233096
12842	2	51	2	37	367	149	0.810806872337
12848	85	104	328	660	325	149	0.0228654225319
12849	77	104	243	660	321	149	0.00178658296424
12850	55	104	161	660	272	149	0.0014080917305
12853	24	104	53	660	193	149	0.00110256952646
12854	673	61	825	52	206	149	0.131934972958
12855	117	0	247	2	206	149	1
12913	73	0	12	1	417	149	0.389254666907
12936	0	48	5	271	267	149	1
12937	8661	4	1066	0	278	149	1
12938	12851	2	1378	0	231	149	1
12939	22776	2	2439	0	276	149	1
12940	8885	32	1502	5	220	149	1
12941	104	1	52	1	239	149	0.49002472563
12942	16	2	9	0	188	149	0.0778730183195
12943	33	36	47	10	254	149	7.84746313175e-05
12944	78	5	36	0	188	149	0.0262708982786
12945	42	2	18	0	296	149	0.13166879255
12947	51	0	20	5	162	149	0.000551901802137
12949	47	2	40	0	251	149	0.188617479901
12956	318	20	75	4	203	149	0.625546743295
12965	0	25	2	22	405	149	0.622022395018
12966	111	1	48	0	277	149	0.529726127369
12967	98	0	26	2	275	149	0.102269614171
12968	31	4	14	1	264	149	0.42294416234
12970	6	7	7	1	264	149	0.0189986704858
12971	1	4	0	3	198	149	0.44784982857
12974	17	2	14	0	314	149	0.0424417881678
12975	8	1	2	0	172	149	0.358995811946
12976	5	4	5	0	200	149	0.000490245319022
12977	2	4	3	0	245	149	0.000193293824177
12985	8	18	2	5	246	149	0.849252344095
12988	71	1	31	0	325	149	0.329902714182
12992	10	0	0	2	211	149	2.53999864486e-06
12996	890	1	442	2	223	149	1
12997	475	0	321	1	276	149	1
12998	823	0	349	1	240	149	1
13001	1040	32	447	10	248	149	0.337661262275
13002	633	2	303	0	312	149	1
13003	32	358	18	218	320	149	0.771876711411
13004	2	88	5	208	204	149	0.785983538484
13007	2	27	2	111	300	149	0.84578608775
13008	114	0	508	1	596	149	1
13016	4	0	20	1	216	149	0.238726735964
13017	14	0	5	1	226	149	0.948980193915
13019	2	0	0	1	226	149	4.33526330366e-05
13021	71	4	124	1	226	149	0.0331817267472
13022	150	4	149	1	251	149	0.119129586132
13023	163	22	321	11	251	149	0.000454512438258
13024	13	0	131	4	251	149	0.129291648428
13025	14	7	129	0	251	149	7.98699580917e-08
13026	307	0	180	4	240	149	0.171866821592
13027	5	0	2	1	240	149	0.123746136838
13028	329	0	190	4	240	149	0.193748981371
13029	23	7	9	0	240	149	0.00163617310018
13030	452	0	373	2	240	149	1
13031	52	1	108	0	240	149	0.328172858944
13032	6	0	6	2	277	149	0.0137344418716
13033	4	5	3	6	198	149	0.597011558651
13040	184	3	67	0	202	149	0.741948619471
13089	25	5	2	0	296	149	0.0068350750504
13105	14	2	3	0	279	149	0.0488924452154
13107	6	10	0	3	280	149	0.00479352107206
13114	2	2	0	2	319	149	0.0300606451971
13118	91	3	34	0	279	149	0.11766207414
13119	3	60	7	43	157	149	0.0746152775311
13121	56	4	29	0	272	149	0.0205146306979
13122	76	4	38	0	240	149	0.0402867000493
13124	4	0	0	2	282	149	6.27563354816e-06
13127	8	25	0	2	269	149	0.0146359541285
13128	47	4	4	0	217	149	0.0337463495385
13133	24	5	62	1	235	149	0.00371630829528
13134	62	0	97	1	407	149	0.344882934086
13139	0	2	26	95	296	149	0.0186282679031
13148	189	0	45	1	261	149	0.292251875127
13150	242	2	52	0	245	149	0.629348646703
13151	196	2	47	0	261	149	0.533452106831
13153	400	0	252	2	239	149	0.682547482086
13154	295	2	193	1	222	149	1
13162	92	0	116	7	275	149	0.00252678630847
13163	105	17	126	3	218	149	0.00030982741785
13165	153	0	108	2	244	149	0.614528676089
13166	156	0	240	17	297	149	3.19321200084e-05
13170	38	7	29	28	355	149	0.000368843171349
13182	11	0	40	2	175	149	0.219914188106
13184	2	0	0	4	445	149	9.32817922294e-06
13189	2	0	3	9	192	149	0.00033782341574
13192	295	4	190	0	254	149	0.446758872724
13194	155	3	130	1	304	149	0.241255165485
13195	0	23	1	13	255	149	0.274906574042
13196	2470	3	621	0	5600	149	0.179766863803
13197	335	3	239	0	316	149	0.699092031084
13198	190	27	118	11	212	149	0.249091480116
13199	117	2	185	3	349	149	0.932682885768
13201	220	2	264	0	476	149	0.598310159974
13202	114	1	219	0	391	149	0.393674528891
13203	225	6	171	5	257	149	0.968109370849
13204	330	1	204	0	368	149	1
13205	28	0	64	2	158	149	0.789120128869
13208	18	10	64	3	167	149	0.000110981432466
13210	27	13	67	17	260	149	0.157005550147
13211	2	1	7	0	233	149	0.132170814062
13212	4	0	9	1	233	149	0.45480766666
13213	2	0	11	6	233	149	0.00258153946003
13214	2	2	8	2	251	149	0.181821239789
13217	14	0	14	2	396	149	0.0240900826739
13221	16	0	29	6	555	149	0.000800296773161
13222	18	0	30	4	555	149	0.00161524955702
13229	0	1	2	7	207	149	0.0759887662799
13230	26	0	71	2	201	149	0.479092920911
13233	3	6	14	19	302	149	0.51316259179
13234	2	6	0	19	242	149	0.0552676519169
13235	58	49	9	31	265	149	0.000568541681426
13237	7	111	0	75	287	149	0.0489390647109
13238	200	0	121	1	231	149	0.904914892793
13239	174	1	112	0	232	149	1
13240	62	0	53	2	263	149	0.245293798242
13252	4	2	9	2	261	149	0.424989855888
13253	4	1	1	0	261	149	0.0877772975083
13254	4	1	2	0	246	149	0.0900512620629
13255	2	0	9	1	246	149	0.503608656805
13256	0	24	12	3424	244	149	1
13259	444	0	6570	2	260	149	1
13260	2	557	3	3718	261	149	1
13261	1	557	8	3718	279	149	1
13264	73	361	36	3931	301	149	0
13265	73	361	36	3931	269	149	0
13273	24	0	154	1	283	149	1
13276	14	0	18	14	369	149	1.26676955325e-05
13279	2	4	3	7	187	149	0.886869475164
13280	2	68	1	65	187	149	0.825283069804
13285	7	0	15	2	340	149	0.0377501554828
13286	8	1	0	13	204	149	6.58988417168e-08
13290	65	0	21	1	215	149	0.256146447069
13291	1	90	3	48	294	149	0.404693301183
13303	2	0	0	1	230	149	4.34983593641e-05
13305	8	76	0	61	190	149	0.0029958561344
13306	112	1	78	0	232	149	0.713073064161
13307	68	2	100	0	240	149	0.702019728243
13308	20	51	8	38	208	149	0.165641101347
13309	285	51	88	38	985	149	0.00180324599848
13310	15	3	10	4	216	149	0.393492235557
13311	15	1	9	0	216	149	0.229359669343
13322	2	0	152	105	314	149	0.00360980585489
13323	4	0	84	105	533	149	0.000578986345934
13329	2	0	872	26	235	149	0.0851506857673
13336	9	0	63	2	416	149	0.161958697833
13337	391	0	82	2	803	149	0.141603580462
13338	198	7	25	0	212	149	0.0505967075858
13340	13	19	0	4	314	149	0.00248228144782
13342	11	19	2	4	343	149	0.784958907076
13345	26	0	91	2	288	149	0.348704743567
13354	329	0	138	2	272	149	0.560693673304
13355	1	2	1	0	325	149	0.00069464598738
13356	1	0	0	1	325	149	6.60122023074e-05
13358	1	0	0	1	227	149	7.32276521693e-05
13359	1	0	1	2	227	149	0.00155075719704
13362	18	0	12	1	325	149	0.449014218381
13363	23	0	0	2	320	149	7.05233921816e-07
13364	23	0	0	1	320	149	1.54111662052e-05
13374	1	2	2	4	279	149	1
13376	431	1	106	0	263	149	1
13377	75	2	10	2	305	149	0.148971780553
13378	552	0	137	3	305	149	0.230340396774
13379	373	2	113	3	218	149	0.257162077248
13380	29	151	0	35	199	149	0.000199394757405
13387	2	0	72	2	240	149	0.314881077029
13390	2	2	0	5	256	149	0.0155453420565
13391	2	2	0	5	252	149	0.0152238657488
13394	6	0	15	1	397	149	0.489460842908
13395	2	0	1	1	194	149	0.0227767844901
13396	2	0	5	7	210	149	0.000772749771944
13400	2	0	17	2	455	149	0.0333686367212
13401	286	0	546	1	293	149	1
13402	351	4	552	3	342	149	0.356542043442
13403	239	0	148	2	231	149	0.529339123617
13405	165	98	48	64	200	149	0.00235645066954
13406	7	96	7	34	315	149	0.102690902167
13409	2	96	1	34	173	149	0.706636763598
13422	257	2	135	0	409	149	0.531984573981
13423	349	6	161	0	228	149	0.135312629348
13424	497	1	195	2	263	149	0.532124697115
13425	652	2	160	0	288	149	1
13426	430	2	137	0	257	149	1
13427	319	2	118	0	211	149	1
13428	261	3	122	0	285	149	0.986980783971
13429	373	1	122	2	206	149	0.526523676543
13430	36	0	17	1	294	149	0.234256968299
13431	2	22	0	5	379	149	0.505183997016
13436	26	1	4	0	264	149	0.244802698335
13437	31	2	3	2	266	149	0.0649556995009
13441	201	0	95	2	184	149	0.552873789784
13446	0	15	4	259	272	149	1
13447	571	0	524	1	241	149	1
13448	1809	14	1761	11	341	149	0.606917460243
13449	795	2	927	0	341	149	1
13450	791	0	928	1	341	149	1
13451	234	0	566	1	297	149	1
13452	222	2	78	0	297	149	0.533166574583
13453	1228	6	901	0	297	149	1
13454	290	2	975	0	332	149	0.56713225106
13455	304	2	1463	1	332	149	0.585835630196
13456	224	0	1196	1	378	149	1
13457	228	2	1196	1	378	149	0.526312688305
13472	8	2	2	0	485	149	0.00978152632066
13473	39	4	13	0	218	149	0.0197081223445
13474	5	5	8	10	216	149	0.768234253787
13489	52	2	8	0	219	149	0.240451998337
13491	33	1	12	1	236	149	0.92245963527
13492	4	3	0	4	395	149	0.00368663270781
13496	1	130	0	250	293	149	1
13501	45	0	84	2	233	149	0.607275036644
13504	85	3	13	2	252	149	0.339666326006
13505	71	5	22	2	232	149	0.75541977721
13506	1	62	0	27	252	149	1
13511	263	11	8	0	238	149	0.0474265214206
13512	1387	2	37	0	245	149	1
13513	1570	5	57	0	283	149	1
13514	1010	2	38	0	240	149	1
13515	1339	104	31	1	257	149	0.111570265269
13516	732	1	12	0	243	149	1
13517	2184	4	41	2	324	149	0.236480462171
13518	567	13	412	25	239	149	0.00715330193259
13519	295	13	180	25	258	149	0.00181633369732
13520	193	0	269	2	318	149	0.556951501455
13524	3	0	25	1	266	149	0.240059983016
13540	4	6	13	4	269	149	0.0401752935646
13542	15	12	9	10	219	149	0.570493993899
13543	2	316	12	827	218	149	1
13545	124	1	477	0	200	149	1
13548	0	106	2	891	311	149	1
13550	19	45	6	77	214	149	0.00038120539084
13555	1300	0	1726	3	295	149	1
13557	1307	0	871	1	313	149	1
13561	14	51	2	24	233	149	0.0454546848629
13563	359	1	78	0	260	149	1
13564	2	2	0	1	243	149	0.0229271537925
13565	18	0	4	3	303	149	0.000357908859921
13566	20	2	4	0	303	149	0.0669356362065
13567	15	1	4	0	303	149	0.346530988544
13568	1	2	3	0	238	149	0.00112801881453
13569	1	1	3	0	238	149	0.0154239020561
13572	6	1	5	0	289	149	0.48541547548
13574	5	2	5	0	289	149	0.0100396527531
13575	4	188	2	76	201	149	0.811308233783
13576	1	78	0	27	201	149	1
13578	83	0	75	1	257	149	0.393535518461
13586	19	0	1	2	220	149	0.000471132755321
13588	6	0	574	1	227	149	1
13590	280	0	567	2	254	149	1
13592	0	40	8	432	279	149	1
13595	196	2	267	5	332	149	0.336568684869
13596	5	101	4	122	237	149	0.542373359299
13597	244	0	292	2	279	149	0.675219611111
13601	2	0	6	6	215	149	0.00108902639128
13602	1	0	5	3	215	149	0.00313652839586
13605	1	0	10	3	281	149	0.00595171673001
13606	2	0	10	3	281	149	0.00573111196571
13611	1	0	4	8	166	149	0.00130627718996
13612	1	0	47	8	183	149	0.016977008962
13613	186	0	92	2	285	149	0.889894246439
13614	256	0	154	2	267	149	0.531477160301
13616	2	35	4	62	189	149	0.729488044782
13617	2	35	2	62	193	149	0.6890926355
13619	22	0	45	4	189	149	0.0271935287076
13620	8094	0	3447	4	297	149	1
13621	2450	2	1102	0	297	149	1
13622	4066	2	2172	0	244	149	1
13623	9782	90	4546	45	244	149	0.812727168075
13624	49	5747	12	3080	293	149	1
13625	13	1	13	0	290	149	0.359637116825
13626	14	0	15	2	290	149	0.0391522859191
13627	11	0	14	2	368	149	0.0283053099225
13630	7	1	35	0	316	149	0.315008526088
13635	3	92	0	54	356	149	0.648555602552
13636	1	92	0	54	275	149	1
13645	0	12	35	9041	176	149	1
13646	0	12	155	9041	575	149	1
13647	248	0	24041	11	303	149	1
13648	1093	0	24637	1	249	149	1
13653	0	2	2	0	204	149	1.7436337822e-05
13655	58	18	42	36	200	149	0.00560156546975
13656	250	1	140	1	237	149	1
13657	26	184	0	92	238	149	1.87333634051e-05
13658	292	2	172	3	313	149	0.316494624655
13661	39	5	60	33	369	149	0.00212263014569
13666	24	3	12	4	766	149	0.207081718588
13667	35	0	19	2	269	149	0.043238391487
13671	5	0	9	1	244	149	0.482032407967
13675	1994	2	764	0	236	149	1
13676	3	991	0	359	218	149	1
13677	1269	2	646	0	255	149	1
13683	2	35	0	60	229	149	0.716533188596
13684	3	35	0	60	222	149	0.114468587906
13687	29	1	59	0	260	149	0.277387656938
13688	31	1	59	0	260	149	0.262176595645
13690	69	1	32	0	230	149	0.401040380776
13692	70	1	35	0	259	149	0.374504165138
13693	69	2	35	0	259	149	0.296241730755
13694	68	88	105	36	1166	149	2.66296705687e-06
13695	85	3	124	2	227	149	0.384575441605
13697	60	0	144	5	278	149	0.0397189304755
13700	3253	2	690	0	2718	149	1
13703	2	0	11	1	248	149	0.392996138288
13705	79	0	114	1	268	149	0.569782027488
13706	116	0	158	1	362	149	0.590297089503
13707	13	0	20	22	314	149	2.62490583136e-06
13714	1	2	1	8	242	149	0.691739380028
13718	0	2	4	30	302	149	0.101097738737
13720	19	0	46	1	253	149	0.301772900098
13721	292	0	1473	1	1901	149	1
13722	21	3	29	30	243	149	0.000502500395035
13723	3	0	19	1	198	149	0.24216290406
13724	3	1	21	0	198	149	0.373026358983
13726	15	0	7	13	311	149	1.98286593367e-07
13727	0	1	1	0	226	149	7.32941196581e-05
13730	40	0	30	1	295	149	0.245366305715
13734	180	1	58	0	210	149	1
13739	38	2	13	0	256	149	0.144330856186
13740	77	2	12	0	263	149	0.28683972949
13747	828	1	330	0	331	149	1
13749	419	0	252	1	269	149	1
13753	11	91	3	75	248	149	0.0538057145689
13754	20	299	18	221	258	149	0.614371932541
13755	45	0	200	7	309	149	0.0218738574675
13761	1	2	0	57	294	149	0.234620265413
13762	469	1	157	0	304	149	1
13763	1111	2	232	0	303	149	1
13764	22	0	16	2	224	149	0.0467928184538
13766	179	6	421	21	182	149	0.317180334357
13767	4	0	0	101	300	149	1.71223744072e-08
13769	266	0	134	2	244	149	0.540032280897
13770	253	2	142	0	248	149	0.652272405409
13772	45	4	48	18	176	149	0.00566887654929
13779	574	0	256	2	228	149	0.764962340675
13782	198	0	175	2	266	149	0.529547639888
13783	1	123	2	100	244	149	0.736075612921
13789	0	126	1	107	260	149	1
13793	200	1	9	0	380	149	1
13794	391	0	210	1	278	149	1
13795	0	201	2	115	341	149	1
13796	320	2	166	2	225	149	0.531329868626
13811	17	0	68	2	222	149	0.319225537877
13813	163	0	133	1	234	149	1
13814	203	23	143	28	316	149	0.0974200033312
13818	0	11	2	76	255	149	0.564641188062
13827	2	19	0	8	210	149	0.170152107043
13828	1	0	4	7	191	149	0.00112918045947
13829	0	10	1	6	188	149	0.225734393688
13835	15	0	4	4	224	149	0.000106870994596
13836	18	1	17	0	254	149	0.22992472463
13837	3	8	0	6	242	149	0.0220141695499
13839	58	9	38	0	351	149	0.000320449675451
13840	146	9	56	0	275	149	0.00401596809067
13841	88	3	20	0	275	149	0.130463775063
13842	87	3	32	0	287	149	0.108518553927
13848	23	2	22	0	243	149	0.0712382453303
13850	52	4	34	0	258	149	0.0176880180216
13851	6	60	0	32	217	149	0.0202655332808
13853	2	0	6	1	336	149	0.0985802981132
13859	1	0	16	2	194	149	0.0934425106561
13878	4	6	7	9	325	149	0.825994748182
13883	0	1	2	0	273	149	4.44446185192e-05
13886	0	1	4	0	272	149	1.82414338883e-05
13887	3608	2	1515	0	1238	149	1
13889	549	3	267	6	191	149	0.103437129854
13890	1615	1	660	0	317	149	1
13891	1260	2	805	0	305	149	1
13892	1125	5	879	0	340	149	1
13893	964	0	794	2	288	149	1
13896	7	90	4	261	273	149	0.0202902543656
13902	4	17	0	45	249	149	0.00537748523299
13903	0	17	7	45	274	149	0.0120452404553
13910	31367	3	4649	0	357	149	1
13911	7	0	214	1	305	149	1
13912	5	0	67	50	257	149	0.000598316485081
13915	14	0	57	2	245	149	0.225703936262
13916	68	0	188	2	245	149	0.53608118569
13917	17	18	161	66	268	149	0.0144710754205
13918	18	0	537	1	347	149	1
13920	107	2	335	0	324	149	0.959817401492
13921	11	46	20	84	240	149	0.982254836667
13922	9	0	63	1	240	149	0.367900423134
13923	63	0	162	1	249	149	1
13957	4	0	7	1	278	149	0.69979689691
13958	4	0	5	1	420	149	0.0601038169383
13959	2	165	0	183	242	149	1
13960	1779	0	443	2	230	149	1
13961	108	1040	76	290	284	149	2.5500783055e-05
13973	3	1121	2	889	237	149	1
13974	1	1121	4	889	215	149	1
13975	3	0	1	3	202	149	0.000200441912663
13976	5	240	8	696	202	149	0.939925182557
13978	52	1	29	2	191	149	0.254957041998
13979	16	1	16	2	219	149	0.43436450994
13981	0	10	2	9	266	149	0.0896110296297
13982	11	10	7	9	215	149	0.585233047266
13983	289	2	247	3	244	149	0.64339695229
13984	995	0	1077	2	1067	149	0.644156635334
13986	213	2	126	0	195	149	0.723508249753
13987	170	4	146	6	236	149	0.37718688724
13988	1	3	14	46	241	149	0.74150675208
13995	17	21	1	6	436	149	0.0300486304729
13997	121	1	90	0	330	149	0.482345263063
13998	55	6	29	0	187	149	0.00530798366439
14001	8	0	9	12	1164	149	4.86182239881e-05
14018	0	1	4	14	223	149	0.019334434347
14019	0	1	4	14	251	149	0.024035304658
14020	0	1	7	14	286	149	0.0112987161647
14021	0	2	1	21	302	149	0.391345044828
14029	192	2	101	0	265	149	0.530211935356
14030	167	1	104	0	347	149	0.711342384622
14031	326	1	82	0	235	149	1
14032	21	30	78	5	233	149	2.77080580702e-11
14033	357	5	159	2	284	149	0.71690407487
14034	122	1	68	0	464	149	0.368957585315
14035	127	0	59	1	353	149	0.290443294727
14036	55	7	28	3	219	149	0.719899172245
14037	60	1	27	1	233	149	0.977603962639
14040	42	0	33	2	220	149	0.146498669783
14041	146	7	53	9	231	149	0.0228193298664
14043	99	4525	25	2418	338	149	1
14044	33	4525	31	2418	598	149	1
14045	18	4525	28	2418	624	149	1
14046	33	4525	25	2418	563	149	1
14047	6374	0	4342	4	254	149	1
14048	1	3	1	1	311	149	0.801562819494
14049	83	4	28	1	205	149	0.484809674755
14050	3	4	0	1	290	149	0.0166045158271
14052	0	4	3	6	255	149	0.0178909153666
14053	66	1	8	0	251	149	0.368333802749
14054	90	1	18	0	249	149	0.475554653009
14055	31	2	13	0	249	149	0.117782228076
14056	4	0	94	1	326	149	0.390595390109
14064	305	1	66	0	220	149	1
14065	180	1	54	0	255	149	1
14067	79	2	24	2	232	149	0.401085289887
14068	142	12	39	5	232	149	0.641962891165
14069	10	68	2	16	342	149	0.59926598898
14070	2	12	4	5	232	149	0.0954248481459
14073	4	68	2	16	232	149	0.959747716463
14075	1	68	2	16	332	149	0.544424193255
14076	0	5	2	4	332	149	0.0517238787107
14078	0	5	2	4	255	149	0.038831365112
14081	28	3	22	11	236	149	0.0135653075185
14082	35	22	12	2	236	149	0.0434293066891
14086	4	15	0	2	195	149	0.0159865642864
14089	15	0	2	2	202	149	0.00188707955887
14118	3	22	0	8	351	149	0.137483692699
14125	492	6	175	2	255	149	0.752877331392
14135	17	0	260	2	239	149	0.71825145873
14139	226	3	65	0	190	149	0.636304925145
14140	69	1	25	0	219	149	0.415708579327
14141	9	66	5	49	245	149	0.560848867356
14142	44	82	9	46	173	149	0.0100637929485
14143	6392	1	19	0	441	149	1
14144	2867	11	4	0	280	149	1
14147	1	11	0	16	248	149	0.255039059698
14148	70	0	47	2	254	149	0.238021304002
14151	2	30	0	22	227	149	0.500675418722
14154	434	0	384	1	267	149	1
14155	917	1	496	1	313	149	1
14156	624	1	278	1	310	149	1
14157	628	3	280	3	230	149	0.631649072213
14158	49	0	791	31	277	149	0.010950335395
14159	368	0	741	1	219	149	1
14160	287	64	552	150	281	149	0.353358123187
14161	457	4	1016	0	284	149	0.824062173799
14166	202	2	133	1	264	149	0.771442292269
14167	89	0	82	1	264	149	0.41145550386
14168	206	2	126	0	203	149	0.64786173571
14169	349	0	114	1	251	149	0.625106140391
14170	0	107	2	65	735	149	1
14175	45	1	9	2	200	149	0.0877117905288
14182	9	0	2	30	578	149	3.88923449002e-10
14202	19	0	634	2	282	149	1
14203	2	0	336	4	282	149	0.429541788566
14209	2	12	0	15	269	149	0.151860305586
14210	13	5	6	4	185	149	0.478568133555
14211	35	19	17	7	185	149	0.567879401864
14212	8	19	9	7	218	149	0.0804382117341
14213	6	25	9	15	218	149	0.133607655494
14216	88	0	40	2	255	149	0.21329334317
14217	3	66	2	22	291	149	0.843945329067
14218	88	2	45	1	247	149	0.812582596286
14219	180	5	100	2	304	149	0.523142387099
14220	8	2	8	2	195	149	1
14221	8	4	12	2	195	149	0.211764070918
14222	41	2350	21	1021	225	149	0.675261550094
14223	18	23	8	8	206	149	0.671873075226
14224	19	815	27	673	206	149	0.102326817956
14226	7	65	2	9	273	149	0.675967020224
14229	5	3	4	3	245	149	0.811716543695
14230	22	0	30	2	563	149	0.0414464054424
14231	19	1	4	0	225	149	0.234710723909
14235	244	0	83	2	334	149	0.563171361981
14236	29	0	21	2	195	149	0.0844232734041
14237	175	3	93	3	195	149	0.53577006007
14238	13	0	10	2	249	149	0.0269412090527
14244	686	0	741	2	318	149	1
14245	7	153	21	311	517	149	0.325771052305
14246	595	0	623	2	288	149	1
14247	14	0	21	2	314	149	0.0563426618432
14250	4	2	5	2	174	149	0.833030583684
14251	3	3	2	0	227	149	0.00106406138893
14252	2	3	1	0	227	149	0.000578723005569
14253	2	6	1	0	227	149	0.000385997913808
14260	34	2	21	0	642	149	0.0426321696851
14261	17	0	11	1	627	149	0.350490533753
14262	8	0	2	4	249	149	3.19800077742e-05
14263	2	1	2	0	307	149	0.0300910122627
14265	32	1	3	0	213	149	0.280349049165
14266	4	63	0	38	222	149	0.0970669800971
14267	124	12	28	0	210	149	0.00412224836615
14268	66	12	9	0	306	149	0.00344471185325
14275	10	2	2	0	283	149	0.0319000357215
14276	13	0	4	1	307	149	0.244094815771
14282	280	1	92	0	296	149	1
14283	193	3	72	0	224	149	0.603854303942
14284	911	11	154	0	330	149	0.0846164434468
14285	136	5	24	3	205	149	0.261513008599
14286	240	5	64	3	223	149	0.492865581787
14288	276	5	48	3	275	149	0.257176730162
14289	4	33	2	24	249	149	0.543665351502
14298	183	0	53	4	286	149	0.00330630938184
14299	61	2	16	0	225	149	0.262752672197
14300	161	2	24	0	205	149	0.539395359807
14309	89	3	11	0	277	149	0.143498170381
14323	508	3	299	0	326	149	0.672265803552
14325	0	1	47	14	312	149	0.00218333865998
14326	19	4	60	1	230	149	0.00727311441693
14329	2	2	2	0	493	149	0.000816603530593
14330	2	9	0	76	267	149	0.227917725741
14331	68	1	31	0	343	149	0.312118774539
14332	82	1	10	0	207	149	0.522689955082
14333	48	18	25	5	470	149	0.227545231093
14334	120	1	37	0	249	149	0.710613475161
14335	94	18	13	7	353	149	0.0671581789783
14336	113	11	23	2	353	149	0.795704878444
14337	86	2	14	0	353	149	0.242813438368
14338	40	18	4	7	350	149	0.0275218569854
14339	59	11	14	2	350	149	0.635242837229
14340	24	2	13	0	206	149	0.105176478481
14341	19	5	6	1	206	149	0.576106629157
14342	17	2	8	0	203	149	0.0792522139274
14343	38	5	16	1	203	149	0.297084353076
14348	4	1035	0	41	228	149	1
14349	2276	2	88	0	316	149	1
14350	4	847	0	37	233	149	1
14351	10947	59	644	7	1674	149	0.228775029209
14357	395	1	270	1	250	149	1
14358	6	372	2	241	275	149	1
14359	469	2	296	0	207	149	1
14377	20	0	30	2	256	149	0.0985409030968
14380	6	106	0	52	274	149	0.0929356541601
14383	9	94	2	35	213	149	0.341258054619
14388	223	2	98	1	312	149	0.886952326601
14389	124	0	51	2	312	149	0.255954584383
14390	139	0	53	2	270	149	0.426501672458
14392	2	112	0	48	222	149	0.760441113771
14393	0	35	8	16	227	149	2.90019043432e-05
14394	0	21	2	18	227	149	0.224121540949
14395	39	21	18	18	182	149	0.156273730368
14402	286	0	278	1	990	149	0.384508244742
14405	4	0	2	3	218	149	0.000478564017196
14406	11	0	3	3	274	149	0.000357910077631
14408	6	0	6	2	295	149	0.0124522404463
14410	37	2	80	0	221	149	0.247954346986
14413	76	269	16	227	255	149	2.55121280646e-06
14414	102	269	38	227	215	149	0.000878090997997
14415	69	6	17	2	215	149	0.721068282406
14416	499	0	295	2	191	149	1
14417	898	34	367	26	206	149	0.0463665371995
14418	601	0	223	2	285	149	0.541047934257
14419	1329	0	492	2	263	149	1
14420	1147	11	444	11	230	149	0.0478837692216
14423	1229	1	415	3	218	149	1
14424	2	638	2	202	188	149	1
14425	600	5	462	5	233	149	0.728088481561
14426	286	2	125	0	197	149	1
14427	5	468	10	175	308	149	0.0296384037289
14428	685	1	260	1	200	149	1
14429	96	3	139	0	221	149	0.17257490684
14430	836	1	441	0	194	149	1
14431	978	4	473	2	221	149	1
14432	11	0	2	1	259	149	0.111367959115
14437	2	5	7	23	233	149	0.698590761104
14439	10	16	1	4	248	149	0.213701797569
14440	1	16	2	4	328	149	0.13480645039
14441	46	2	11	0	232	149	0.197044729631
14442	9	2	2	0	230	149	0.0370693069515
14443	13	23	5	5	230	149	0.467172748363
14444	17	1	5	0	226	149	0.228248714542
14445	7	2	1	0	207	149	0.032311686845
14446	8	0	1	2	207	149	0.000862807061753
14449	6	1	14	0	251	149	0.742640149219
14450	24	5	20	7	276	149	0.415095819778
14470	20	2	3	0	309	149	0.0666909939273
14471	69	1	26	0	318	149	0.328865578019
14472	51	3	11	2	300	149	0.435299426606
14476	13	0	11	4	296	149	0.000712266723751
14479	101	0	78	3	368	149	0.0370121311925
14480	141	0	100	5	341	149	0.00473470064618
14481	102	8	82	2	250	149	0.0738173387685
14482	10	0	15	1	251	149	0.266478446556
14483	53	7	17	15	273	149	0.000227373697994
14487	252	0	670	4	203	149	1
14488	1	255	3	511	229	149	1
14489	10	255	3	511	214	149	0.0299757376414
14492	0	821	3	680	246	149	1
14494	3	470	0	940	281	149	1
14495	8	1369	6	1067	247	149	1
14496	2599	3	1563	0	201	149	1
14497	2882	0	1680	1	221	149	1
14498	15	1397	0	1167	214	149	1
14499	2094	0	1705	2	215	149	1
14504	220	0	240	4	285	149	0.184532459457
14505	415	0	286	2	215	149	1
14506	8	75	2	31	221	149	0.360814261429
14507	6	2	2	0	221	149	0.0229053747278
14518	41	7	30	10	246	149	0.218861619581
14519	4	104	4	37	320	149	0.234630949412
14520	23	104	4	37	236	149	0.122401868446
14521	178	15	74	8	247	149	0.692695381715
14522	84	7	97	7	253	149	0.82401519311
14523	71	2	45	0	253	149	0.358185397167
14529	211	12	101	0	229	149	0.00146358602537
14530	1052	4	414	2	313	149	1
14532	11	342	5	168	191	149	0.776455020665
14535	10	41	2	14	294	149	0.346287428999
14536	118	3	36	0	307	149	0.150457731515
14539	2	5409	3	2635	289	149	1
14552	27	65	2	31	210	149	0.00116924615863
14554	369	2	439	10	259	149	0.0257232351535
14555	0	62	2	176	217	149	1
14557	17	3	4	0	697	149	0.00226682148924
14562	347	6	111	4	283	149	0.412958172881
14563	214	11	76	4	233	149	0.878326291214
14564	357	5	71	0	251	149	0.270476600417
14565	404	0	250	3	550	149	0.203809537202
14566	407	0	263	9	550	149	0.000106637801364
14571	355	1	225	0	349	149	1
14572	0	5	2	5	180	149	0.0341291787572
14576	44	17	27	13	219	149	0.632383557742
14578	9	0	13	2	215	149	0.0518619182671
14581	23	9	4	5	254	149	0.0983160565318
14583	13	2	8	0	267	149	0.0412510262592
14584	15	23	5	15	267	149	0.224859503072
14585	4	23	0	15	262	149	0.0312645430011
14586	6	6	3	0	262	149	0.000595239251551
14587	2	23	0	15	286	149	0.437502946765
14589	13	23	24	15	219	149	0.0292503772214
14591	0	31	2	12	215	149	0.139039811227
14592	109	0	63	1	304	149	0.322342708882
14593	3	16	0	8	312	149	0.0767647258229
14603	17	3	36	4	209	149	0.698703011932
14605	2	51	0	57	219	149	0.554756431913
14606	458	2	192	0	387	149	0.906036972479
14607	149	1	46	0	228	149	1
14608	160	1	56	0	216	149	1
14609	293	6	123	0	278	149	0.0671590874688
14610	57	0	30	4	193	149	0.00472953070555
14611	193	17	78	16	193	149	0.0390041835425
14612	276	1	145	0	241	149	1
14613	80	6	30	0	245	149	0.00861914740109
14615	11	0	5	1	195	149	0.819446310229
14616	11	0	193	127	195	149	4.18527261122e-05
14617	12	0	14	127	295	149	6.33715302456e-13
14618	24	17	15	203	295	149	3.6788350144e-12
14619	1814	2	2300	0	547	149	1
14620	4634	4	2124	0	305	149	1
14621	20	3	96	21	289	149	0.422476367907
14622	965	3	1308	21	286	149	0.00334380782952
14625	24	8	20	1	350	149	0.015244776467
14637	1	0	2	3	207	149	0.000729453863028
14663	210	1	102	0	201	149	1
14667	340	6	81	6	352	149	0.0315605945878
14668	189	6	103	0	253	149	0.0290372553622
14669	144	11	48	5	201	149	0.769646213423
14675	1093	0	823	1	342	149	1
14676	3	2	4	5	274	149	0.519819134581
14677	75	2	16	5	2781	149	0.00146881549722
14678	0	2	4	5	286	149	0.00557891778097
14679	21	0	64	3	403	149	0.0494170968704
14680	14	0	39	3	327	149	0.0332247810362
14682	8	0	43	1	304	149	0.273467471464
14691	535	0	150	2	263	149	0.533555621169
14695	114	2	36	0	254	149	0.956319148178
14696	205	0	44	1	248	149	0.29921812891
14697	92	0	81	2	253	149	0.863613514444
14698	337	2	74	0	282	149	1
14699	342	0	98	1	349	149	0.383923450847
14700	566	33	414	27	908	149	0.718823045984
14701	115	0	64	3	245	149	0.0558008028314
14702	34	6	82	9	326	149	0.447081154429
14703	26	0	71	5	326	149	0.0085915295814
14708	355	0	446	2	216	149	1
14709	383	1	423	0	262	149	1
14710	178	66	488	59	263	149	4.32317724797e-06
14711	2	626	2	524	213	149	1
14712	323	1	203	0	274	149	1
14713	323	0	536	1	235	149	1
14726	12	0	2	1	292	149	0.0889911643111
14728	26	1	4	0	209	149	0.261457487345
14729	16	18	4	2	235	149	0.335338048374
14732	21	0	65	4	247	149	0.0363181376432
14735	13	1	10	0	245	149	0.299302727425
14738	0	1820	2	421	251	149	1
14739	3278	7	1025	0	367	149	1
14743	8	0	11	1	245	149	0.365755201486
14744	0	84	2	27	258	149	0.950539515925
14752	4	0	13	6	247	149	0.0019623567386
14755	25	3	27	2	200	149	0.557264716605
14756	25	4	21	0	204	149	0.00731699874204
14759	92	0	43	2	286	149	0.189870847503
14761	11	58	1	37	253	149	0.00583125493275
14762	6	5	1	3	253	149	0.180528152643
14763	142	5	94	3	333	149	0.818325997476
14765	234	7	99	2	407	149	0.447456621552
14766	162	1	48	0	261	149	1
14768	80	1	50	0	207	149	0.508714033094
14769	41	0	32	8	212	149	9.37191046395e-05
14770	2	0	11	8	197	149	0.00255635610582
14771	2	0	76	1	211	149	0.473854950922
14776	0	29	1	28	271	149	0.450292451517
14782	20	5	11	10	232	149	0.0398152973659
14785	26	0	16	2	257	149	0.0371543599925
14788	29	1	1	0	248	149	0.256215248572
14798	55	1	1	0	192	149	0.388256413182
14804	2	0	4	2	181	149	0.0177983524419
14809	0	2	5	3	230	149	0.00106196680354
14817	4	4	1	7	350	149	0.0561179486308
14822	694	0	257	1	294	149	1
14823	589	0	165	1	249	149	1
14824	417	1	143	0	311	149	1
14825	690	1	230	0	323	149	1
14826	5	18	6	1	293	149	0.00127427880662
14827	3	99	6	82	293	149	0.186372860523
14828	32	99	11	82	272	149	0.01914385011
14829	17	1	12	2	272	149	0.313172507858
14830	282	86	224	16	356	149	6.68237905566e-07
14837	2	53	0	32	278	149	0.52227224131
14840	2	3	2	4	192	149	0.794107395565
14842	3	0	8	4	189	149	0.00168437271837
14845	1	4	2	0	269	149	9.59281284291e-05
14846	0	34	1	23	186	149	0.305785126237
14848	1	53	1	24	226	149	0.377638587661
14849	419	0	153	1	597	149	0.363737112614
14859	199	3	48	6	213	149	0.00374505146498
14860	51	0	17	1	213	149	0.338102512679
14866	98	1	39	0	236	149	0.552594796589
14867	0	87	1	110	230	149	1
14868	2	0	0	1	288	149	4.45612545188e-05
14870	185	0	184	6	239	149	0.0156950673948
14871	58	1	89	4	239	149	0.198316332958
14873	49	1	28	4	190	149	0.0319695870512
14874	184	4	127	10	190	149	0.0231777805533
14889	10	62	4	11	239	149	0.417124942063
14890	1	12	5	0	239	149	6.86893518953e-07
14891	45	17	13	6	173	149	0.736772019475
14893	1	9	1	1	273	149	0.598806179751
14894	1	9	1	1	307	149	0.537645341217
14900	44	40320	4	13041	236	149	1
14901	64530	55	22473	7	255	149	1
14902	1974	4	16383	17	223	149	1
14903	1191	4	7060	17	258	149	1
14914	1	17	0	6	182	149	0.268581529364
14915	204	64457	4	17145	199	149	1
14916	42486	2	18269	0	963	149	1
14917	96524	2	35150	0	341	149	1
14919	595726	17	53091	0	377	149	1
14920	378981	1	32563	0	377	149	1
14921	218297	1	19280	0	263	149	1
14922	434045	7	39619	0	263	149	1
14923	32127	2	1528	0	275	149	1
14924	399801	2	37826	2	275	149	1
14925	436532	12	52919	0	435	149	1
14926	0	50	1	11	321	149	0.282204193739
14927	106	7	23	2	278	149	0.697112545721
14928	47	1	9	3	347	149	0.00971486735482
14931	14	2	5	0	215	149	0.0637296772979
14932	56	2	11	0	344	149	0.169137233322
14933	78	2	16	0	352	149	0.220418485356
14936	403	2	137	0	285	149	1
14938	694	8	268	2	272	149	0.386304815889
14939	733	1	207	0	248	149	1
14942	328	5	104	0	233	149	0.241810931993
14944	481	0	208	1	355	149	1
14945	568	3	269	0	355	149	0.689110879337
14946	0	3	1	0	286	149	3.06677912943e-05
14947	5	92	3	64	286	149	0.730831497931
14951	20	0	12	1	239	149	0.236804835351
14952	2	0	2	1	234	149	0.0435870665356
14955	35	2	16	0	350	149	0.0923249968463
14960	0	1	7	0	391	149	8.51137429569e-06
14961	6	1	21	0	245	149	0.355738592102
14962	79	0	201	1	187	149	1
14965	193	16	167	14	259	149	0.993759999425
14966	138	16	73	14	288	149	0.23724938802
14967	5	71	8	99	323	149	0.747037529085
14968	7	27	4	40	382	149	0.146138008453
14972	1	44	0	28	335	149	1
14973	140	1	32	0	247	149	1
14974	5	1	5	0	254	149	0.455135440422
14975	13	108	9	39	254	149	0.239735488548
14976	1	108	0	39	188	149	1
14977	1	108	0	39	197	149	1
14979	211	6	52	0	260	149	0.0556458764464
14980	266	51	103	10	392	149	0.0545615940036
14981	357	1	90	0	298	149	1
14982	0	77	2	36	307	149	0.549867754779
14983	1	3	1	3	307	149	1
14984	158	3	66	3	241	149	0.389273199842
14985	83	1	33	0	241	149	0.454936197701
14986	22	4	41	0	259	149	0.00203549199192
14989	13	9	13	19	238	149	0.177169225958
14990	9	0	26	2	219	149	0.117415214585
14998	57	1	29	2	228	149	0.234013167263
14999	103	1	41	0	263	149	0.516237169675
15015	21	0	33	2	220	149	0.125437876745
15036	1434	0	531	2	286	149	1
15037	1242	4	450	0	239	149	1
15039	33	2	53	0	210	149	0.178861157862
15056	274	15	2561	353	3110	149	0.00134337721733
15057	272	0	2550	7	3110	149	0.0453930502893
15058	1231	0	21250	7	5411	149	0.777870426735
15061	21	0	864	1	263	149	1
15065	1067	2	431	2	204	149	1
15066	1161	0	648	2	261	149	1
15067	915	2	594	0	262	149	1
15073	75	2	38	0	352	149	0.199324034929
15076	4	0	218	2	349	149	0.604344692574
15077	6	0	220	2	418	149	0.788602485019
15078	2	1	1	0	273	149	0.0373283187244
15082	7323	1	310	0	361	149	1
15083	6447	0	313	2	247	149	1
15084	2649	1	164	0	279	149	1
15085	9326	19	512	18	364	149	1.61105551122e-09
15086	9177	1	591	0	373	149	1
15087	132	0	101	2	535	149	0.224938780656
15089	137	0	109	2	535	149	0.254296451421
15090	3	5	0	10	300	149	0.0101390582934
15092	0	1	2	2	294	149	0.030475140371
15094	1	5	4	10	247	149	0.376042275085
15100	139	4	55	2	294	149	0.76884071748
15101	94	1	29	0	294	149	0.420718214832
15102	326	1	176	0	832	149	0.516875809567
15103	370	2	201	0	832	149	0.617086564218
15105	12	1	9	0	197	149	0.255302460789
15111	906	6	351	0	299	149	0.792377684026
15112	732	2	295	0	256	149	1
15113	386	0	199	1	283	149	1
15114	552	2	337	0	272	149	1
15115	663	1	323	0	302	149	1
15116	459	13	219	17	245	149	0.012701169028
15117	529	0	239	4	292	149	0.208478867524
15118	158	0	115	1	385	149	0.400293736935
15119	0	60	5	44	323	149	0.0271259466282
15120	165	4	96	2	325	149	0.708412834414
15121	0	76	8	73	235	149	0.00292333463937
15122	199	2	162	0	296	149	0.528434501844
15123	181	4	178	4	264	149	0.98648422851
15125	5	4	30	3	242	149	0.0172631735871
15128	16	2	31	0	228	149	0.0438836271367
15129	2	2	8	0	205	149	0.00318118265975
15135	9604	2	492	1	282	149	1
15136	13503	7	577	0	272	149	1
15137	19324	4	661	0	350	149	1
15138	10296	24	475	1	291	149	1
15139	6605	5	292	6	291	149	0.0314616065219
15140	6602	32	294	8	291	149	0.00197190332554
15141	2512	5	180	6	294	149	0.00394429833441
15142	6200	15	365	3	294	149	0.627704209019
15143	5891	32	254	8	306	149	0.0013716053562
15144	5901	12	251	5	306	149	0.0582126223646
15145	75	889	5	225	306	149	0.000606266839626
15149	51	2	163	0	293	149	0.363016169701
15150	33	0	71	1	254	149	0.382469230148
15154	41	0	81	2	238	149	0.494305386584
15155	18	0	4	2	226	149	0.00531941257735
15158	77	2	26	2	233	149	0.449136212889
15161	11	2	27	4	191	149	0.790689097522
15162	9	0	5	2	191	149	0.0155188760564
15164	3	1	8	0	233	149	0.247139058517
15165	19	0	25	4	327	149	0.00318749419057
15166	3	4	5	7	277	149	0.971682159097
15168	5	7	6	38	402	149	0.0749839118851
15169	10	6	49	16	194	149	0.335934132446
15173	29	4	86	3	196	149	0.107342589779
15176	6	0	26	5	242	149	0.00538363066162
15177	6	0	75	5	359	149	0.0157979312687
15178	4	7	59	15	368	149	0.00265323938156
15205	779	3	56	0	251	149	1
15206	10	40	1	14	210	149	0.064173483951
15212	12	7	7	5	257	149	0.77273349499
15213	27	4	16	0	204	149	0.00992389491306
15216	14	20	0	7	206	149	0.000498243246144
15217	64	2	22	1	256	149	0.679916801517
15218	103	1	40	0	382	149	0.374379459334
15220	3	49	2	5	288	149	0.282501877526
15221	3	49	2	5	237	149	0.274369968925
15223	1	9	1	0	381	149	0.000301380287975
15228	12	27	1	2	251	149	0.801132179577
15236	2	29	0	8	290	149	0.526746540097
15250	0	5	2	44	310	149	0.523830378024
15252	39	0	111	2	284	149	0.592796222906
15253	0	52	1	39	362	149	1
15254	0	2	1	4	362	149	0.222247118861
15255	1	1	0	3	440	149	0.495690365147
15261	36	0	37	1	263	149	0.273424598638
15262	29	5	13	7	197	149	0.0809449508236
15263	28	1	12	3	197	149	0.0542736218015
15268	1	425	0	379	322	149	1
15269	1	425	0	379	192	149	1
15270	344	6	642	33	310	149	0.00699112507847
15278	0	3	4	14	260	149	0.0227606773767
15285	2	0	8	2	182	149	0.0437283720215
15286	2	0	0	2	182	149	1.79373111227e-05
15288	4	0	12	1	182	149	0.248280900994
15289	23	0	56	2	527	149	0.0990257189298
15290	41	0	85	1	527	149	0.287795279207
15291	2	0	29	1	418	149	0.252830068149
15292	2	0	24	2	362	149	0.0697032113443
15294	2	0	25	1	362	149	0.252638438666
15296	2	2	23	13	362	149	0.381152988748
15297	9	80	0	38	209	149	0.0050339987863
15298	151	0	75	1	311	149	0.345990073717
15299	44	0	28	2	317	149	0.060172342235
15300	138	0	41	2	220	149	0.403191400666
15301	70	0	63	1	225	149	0.382726922405
15302	171	1	97	0	279	149	1
15303	68	0	55	4	210	149	0.0155890324298
15310	244	0	80	1	302	149	0.370183090513
15311	250	0	90	1	322	149	0.3827075667
15321	31	33	38	44	206	149	0.819174178234
15328	19	0	31	2	366	149	0.0728100601739
15331	4	48	0	32	242	149	0.0716092001775
15333	86	0	40	1	216	149	0.30333188726
15334	17	58	4	34	347	149	0.0707248243755
15335	46	4	9	0	233	149	0.0259655816026
15336	31	0	205	1	207	149	1
15337	6	203	2	199	277	149	0.66942933233
15338	80	151	111	139	245	149	0.0787177182594
15339	283	0	239	2	203	149	0.884343909711
15340	739	0	568	2	331	149	1
15343	2	0	2	4	308	149	0.000199696197408
15345	421	0	355	2	249	149	1
15348	12	0	64	2	289	149	0.223341777079
15357	6	2	10	0	265	149	0.0125107907891
15358	44	17	28	18	477	149	0.232735346486
15359	14	17	14	18	262	149	0.912628827882
15360	101	23	54	17	206	149	0.413492564173
15361	97	4	85	4	219	149	0.868370353965
15363	218	2	79	3	236	149	0.156072238498
15364	287	1	95	0	336	149	1
15365	16	106	1	37	273	149	0.00945172474252
15366	126	0	82	3	260	149	0.0819739939708
15370	9	0	18	1	202	149	0.237784078057
15372	152	4	25	0	282	149	0.124817171033
15373	969	22	264	3	183	149	0.129259488524
15374	254	6	60	0	183	149	0.150664629235
15375	688	6	142	0	269	149	0.612965234275
15376	1392	13	346	2	269	149	0.351977437274
15377	4	450	0	133	261	149	1
15381	773	4	175	0	234	149	1
15388	21	0	24	2	206	149	0.0897318025032
15391	85	0	45	2	199	149	0.483356434459
15392	58	0	42	3	193	149	0.0401563780041
15393	10	100	0	3	220	149	0.0488362038159
15395	88	1	48	2	262	149	0.249176615231
15397	2025	1	11	0	234	149	1
15398	792	4	3	0	234	149	1
15399	967	4	2	0	276	149	1
15400	2206	14	10	0	276	149	0.788405575782
15419	62	0	29	2	340	149	0.0621228880837
15422	6	4	6	0	280	149	0.00038288846356
15424	15	2	10	0	295	149	0.0421116468075
15425	65	1	12	0	257	149	0.360235830745
15427	0	6	3	15	223	149	0.0500053245797
15432	3	4	3	0	228	149	0.00035210728715
15433	2	139	2	33	228	149	0.721729814589
15434	9	139	1	33	267	149	0.193805933273
15435	8	2	2	0	267	149	0.0256518885131
15436	246	18	50	1	235	149	0.0391984960464
15437	4	139	0	32	257	149	0.802313324877
15438	141	2	21	2	274	149	0.195089273435
15439	34	2	7	0	274	149	0.130275754659
15440	117	2	31	0	269	149	0.697172976923
15441	238	7	46	2	269	149	0.670399270865
15443	2	134	0	19	366	149	1
15444	7	78	1	18	233	149	0.355224689926
15446	2	49	0	30	247	149	0.532378383393
15447	2	67	4	15	222	149	0.0181879297772
15448	3	67	4	15	477	149	0.0521415009409
15456	1122	3	1208	0	274	149	1
15457	220	3	239	0	167	149	0.633111871222
15461	37	0	24	2	200	149	0.105541323456
15462	0	5	2	34	352	149	0.617150587934
15465	1273	7	1238	4	279	149	1
15466	2	45	8	67	261	149	0.124683858217
15467	0	2	3	4	261	149	0.0124798178199
15468	164	2	123	4	255	149	0.214061677006
15475	136	14	122	6	247	149	0.122586613188
15476	422	2	213	2	269	149	0.541325478829
15477	506	0	216	2	346	149	0.532411278196
15478	268	2	167	0	397	149	0.528978617131
15481	4	123	3	39	275	149	0.453000121896
15482	229	0	85	2	323	149	0.614783995565
15483	15	49	5	26	224	149	0.352145808247
15484	6	48	4	29	305	149	0.904675438018
15490	2	19	0	9	258	149	0.226008536635
15495	1	162	0	86	263	149	1
15496	258	0	101	1	245	149	0.547707226051
15497	225	2	103	0	226	149	0.633454603765
15498	12	2	6	0	233	149	0.0464176865708
15499	234	11	110	9	205	149	0.295860933751
15501	11	76	2	41	232	149	0.0693548778072
15503	87	1	15	0	416	149	0.324025819833
15511	342	2	144	2	1700	149	0.505945294589
15514	2	43	0	13	203	149	0.579560392182
15518	251	12	27	2	267	149	0.625037330507
15519	140	10	12	0	267	149	0.015957717772
15520	32	10	6	0	178	149	0.00320477770328
15525	83	2	84	0	278	149	0.55992432359
15527	3	121	3	68	220	149	0.577496581825
15528	167	2	97	1	200	149	0.753129310035
15533	0	13	1	20	245	149	0.32788515421
15535	107	4	70	0	358	149	0.0311621217894
15536	69	0	48	5	329	149	0.00145420951613
15541	37	0	28	2	287	149	0.0684197112827
15543	0	40	2	20	270	149	0.605272146783
15544	67	0	43	2	282	149	0.163109976055
15546	12	2	6	9	433	149	0.00520582830514
15547	15	2	6	9	512	149	0.00174469029892
15553	10	4	11	0	391	149	0.000341026301648
15561	10	0	156	8	272	149	0.0291534625843
15562	10	0	85	8	293	149	0.0106835131086
15563	35	4	21	3	316	149	0.788436685761
15564	455	0	184	2	789	149	0.517836227597
15565	114	2	42	1	263	149	0.718722441422
15569	304	1	17	0	241	149	1
15571	37	0	437	8	260	149	0.115088289742
15574	1	159	1	248	265	149	1
15578	3	0	58	1	214	149	0.374880895588
15579	15	0	203	2	852	149	0.25362856258
15586	53	2	24	0	243	149	0.205131916626
15587	1	40	0	21	273	149	0.741915649725
15594	672	1	280	0	550	149	1
15595	935	13	251	3	194	149	0.619361467844
15596	259	1	80	0	194	149	1
15597	294	1	76	0	235	149	1
15598	964	5	244	0	235	149	1
15599	1016	1	262	0	224	149	1
15600	1345	1	356	1	282	149	1
15601	1	7	0	23	271	149	0.284746776004
15602	15	28	41	21	287	149	0.00205200131175
15605	0	6	4	114	285	149	0.542259317688
15606	144	1	248	2	277	149	0.69787889361
15607	74	2	52	0	267	149	0.366008616809
15608	52	0	33	2	285	149	0.0972166477651
15618	2	16	0	1	220	149	0.186628271368
15635	283	1	95	0	341	149	1
15636	340	3	84	2	275	149	0.596395999587
15659	34	1	2	0	806	149	0.445890648961
15671	2826	13	291	0	176	149	1
15672	5840	14	673	0	323	149	1
15676	26	35	9	28	239	149	0.0593497649279
15677	2	24	0	9	200	149	0.203470259453
15678	24	0	60	3	285	149	0.0683130708538
15679	0	11	9	17	331	149	0.000908388344259
15680	10	0	28	1	247	149	0.254756603519
15686	6	3	0	14	223	149	1.45740709654e-05
15688	69	3	49	9	256	149	0.0211145597997
15706	196	2	37	0	366	149	0.62829878589
15707	61	1	13	0	268	149	0.335959006827
15708	149	1	20	0	314	149	0.690333463512
15709	111	2	20	0	281	149	0.484230282668
15710	96	2	16	0	314	149	0.299453417831
15711	61	1	10	2	267	149	0.0664278705204
15784	110	5	116	2	234	149	0.174010715895
15788	8	30	41	29	378	149	0.00015693753462
15789	8	4	27	2	378	149	0.0250004592263
15791	163	0	55	2	314	149	0.364671313256
15792	2	32	0	14	244	149	0.532367106076
15795	2	14	6	5	300	149	0.0130219211144
15796	2	0	3	4	271	149	0.000454725663883
15797	39	2	14	0	263	149	0.142785549371
15798	113	0	211	5	197	149	0.119317133274
15799	1	0	136	1	263	149	0.853603493199
15800	2	0	1	11	200	149	5.21909423465e-05
15802	9	0	106	1	525	149	0.315322780176
15803	37	0	244	1	206	149	1
15804	3	0	113	1	203	149	1
15806	0	133	1	41	399	149	1
15807	270	4	51	0	264	149	0.28293932585
15812	0	2	7	0	931	149	2.0032531125e-06
15815	35	2	15	0	296	149	0.110904353755
15819	19	5	14	0	291	149	0.00106796482299
15820	28	5	16	0	248	149	0.00258517323657
15822	14	1	5	0	205	149	0.240556507369
15823	3	1	28	0	310	149	0.545460335009
15824	479	1	305	0	245	149	1
15825	344	10	231	1	215	149	0.017065704426
15826	236	3	248	5	215	149	0.4743595772
15827	377	1	214	0	252	149	1
15830	1	0	0	1	211	149	7.42467532289e-05
15831	435	0	176	1	211	149	1
15835	398	2	190	0	200	149	1
15836	4	312	0	162	219	149	1
15837	377	5	245	1	203	149	0.528419028899
15838	5	238	1	198	211	149	0.849676228964
15840	1	18	2	40	229	149	0.937337369365
15843	4	82	0	166	215	149	0.201440808166
15851	268	1	121	0	354	149	1
15852	176	1	61	0	280	149	1
15859	37	7	8	1	246	149	0.553817759948
15860	35	0	4	1	246	149	0.180243505606
15861	32	4	6	2	187	149	0.541362606612
15862	155	8	48	2	1480	149	0.717979864648
15863	23	0	2	2	402	149	0.000380923507518
15877	345	2	579	6	293	149	0.342901997039
15879	317	0	674	1	250	149	1
15880	103	2	529	0	346	149	0.730661707075
15881	202	2	828	0	331	149	0.524671525769
15882	202	0	779	2	284	149	1
15883	72	0	399	2	290	149	1
15884	421	0	890	4	282	149	1
15885	33	0	23	2	223	149	0.0787384389633
15886	46	9	41	17	223	149	0.103795599088
15892	7	0	55	4	291	149	0.025154295904
15894	51	0	43	7	337	149	0.000191600596299
15901	85	0	90	2	220	149	0.656537335507
15902	0	16	2	23	201	149	0.221625881051
15921	426	1	175	0	291	149	1
15922	384	7	227	5	215	149	0.879335066965
15924	2	114	1	61	240	149	1
15926	72	0	34	1	240	149	0.272849773016
15927	13	31	11	43	225	149	0.309863485566
15928	60	1	8	1	326	149	0.867965953014
15930	24	2	9	4	233	149	0.0542775596053
15931	15	0	7	3	281	149	0.00168988702145
15933	56	1	15	0	301	149	0.30459298764
15934	83	6	15	3	204	149	0.354110537075
15935	66	4	16	0	217	149	0.0496253770524
15936	56	1	16	1	247	149	0.872582191292
15939	0	2	2	750	246	149	1
15944	7	0	2	2	821	149	0.000204099858507
15946	127	2	31	0	248	149	0.633538778604
15947	38	0	13	1	248	149	0.235699221769
15949	232	0	42	1	371	149	0.256140350803
15950	320	0	62	2	371	149	0.339988026871
15969	100	1	32	0	230	149	0.587110425308
15971	244	4	53	0	223	149	0.303318056849
15972	304	0	77	1	250	149	0.408839992564
15973	10	159	0	40	371	149	0.0955748111359
15976	183	0	17	1	285	149	0.23322206475
15977	195	1	20	0	285	149	1
15978	185	2	19	2	234	149	0.132542195292
15979	165	1	21	0	306	149	1
15980	207	1	50	0	316	149	1
15981	51	0	7	2	239	149	0.0138801359918
15982	37	4	9	5	206	149	0.0341441945011
15990	5	0	23	5	443	149	0.00296087607061
15991	16	4	8	3	223	149	0.626337230891
15992	15	1	15	2	272	149	0.435368266653
15995	20	2	20	0	292	149	0.0509416879458
15998	12	12	1	4	917	149	0.0562754509034
16001	0	10	2	6	279	149	0.0581122698794
16005	241	1	112	0	216	149	1
16006	277	4	154	0	262	149	0.309102976061
16007	363	2	133	0	260	149	1
16008	496	0	198	1	275	149	1
16013	3	2	0	12	320	149	0.00174007490122
16015	2	29	0	9	350	149	0.732233084745
16016	9	29	2	9	225	149	0.562864255728
16018	16	2	8	0	247	149	0.059199099025
16025	16	2	3	7	236	149	0.000472469937266
16026	7	3	3	4	237	149	0.208790534957
16027	1	0	0	2	283	149	2.3456833139e-05
16031	0	3	4	0	221	149	2.34179445502e-06
16033	2	0	0	4	310	149	8.17790591878e-06
16035	153	0	61	1	272	149	0.333631265497
16036	77	0	37	1	272	149	0.270836505392
16038	131	0	33	1	343	149	0.244885755606
16040	3	66	5	21	344	149	0.0381222731954
16041	11	34	12	19	456	149	0.213408002304
16042	8	34	6	19	316	149	0.709881089384
16044	154	2	55	0	304	149	0.56073655052
16045	22	79	13	22	317	149	0.11790569737
16046	181	0	48	2	331	149	0.283633795226
16049	2	526	2	170	221	149	1
16050	228	29	62	5	195	149	0.259456774623
16051	468	0	299	2	298	149	0.642487137681
16052	253	3	146	0	232	149	0.67984269945
16054	9	0	13	2	325	149	0.0313650856849
16056	3	0	28	17	255	149	0.00229015692138
16062	104	0	30	1	220	149	0.270238353739
16063	59	91	9	54	167	149	0.000320028435066
16064	24	23	11	34	173	149	0.00946015772369
16065	48	60	30	17	224	149	0.0367093936659
16066	37	60	17	17	272	149	0.277867077711
16067	78296	122	7408	11	267	149	1
16068	35320	4	3266	0	267	149	1
16069	35323	24	3265	8	267	149	1
16070	84695	4	9353	0	2602	149	1
16071	45672	4	4095	0	362	149	1
16072	88595	35	8235	5	362	149	1
16073	67243	3	5708	0	362	149	1
16075	3755	24	5626	8	365	149	0.137064089653
16076	3568	1	2685	0	365	149	1
16077	3599	0	2725	1	365	149	1
16078	3786	37	5631	4	365	149	0.00032390860877
16079	3616	3	2690	0	365	149	1
16080	25106	31	8153	1	365	149	1
16081	24936	1	5212	0	365	149	1
16082	2	0	2	35	178	149	7.64406933196e-05
16083	29	187	6	2941	178	149	0
16084	9	37	8	4	237	149	0.00270542581488
16085	9	187	42	2941	237	149	0.0258015375207
16086	9	28	9	6	237	149	0.0173603196211
16098	4688	20	97	2	313	149	0.794460534453
16099	1156	3	29	0	226	149	1
16100	983	1	29	0	246	149	1
16112	30	5	12	4	293	149	0.34282125244
16113	30	0	22	2	246	149	0.0597405348381
16114	45	2	24	0	330	149	0.119874761049
16124	38	2	6	2	544	149	0.0881932609955
16125	6	2	2	2	333	149	0.298059222471
16126	122	2	5	0	238	149	0.750263349559
16132	5	2	2	1	212	149	0.852387335706
16135	2	5	0	2	242	149	0.0595840960989
16139	1	2	0	1	310	149	0.57199110482
16140	0	17	1	15	248	149	0.289177191807
16141	24	1	35	0	411	149	0.236373470505
16142	2	8	1	8	193	149	0.440482276743
16147	295	11	73	0	211	149	0.0155620989281
16148	497	3	152	0	271	149	1
16149	24	223	7	67	369	149	0.853144486618
16155	3	10	2	46	255	149	0.0761168730183
16156	213	0	262	4	409	149	0.0911102109108
16157	289	1	243	2	257	149	0.601471673742
16160	16	1	4	4	301	149	0.00493242204659
16162	8	2	7	2	251	149	0.895577857606
16173	382151	10	41823	3	319	149	1
16174	264179	4	52649	1	427	149	1
16175	447923	26	55092	0	334	149	1
16176	373468	61	40301	0	280	149	1
16177	343421	146	29044	8	299	149	1
16178	575255	146	54419	8	333	149	1
16179	480673	0	42692	2	567	149	1
16180	52485	0	6464	2	194	149	1
16183	3	9	0	4	245	149	0.0303353932941
16187	279	2	53	1	227	149	0.34026914636
16188	273	0	54	1	208	149	0.365306718934
16189	405	2	85	0	303	149	1
16190	192	8	43	0	219	149	0.023621554796
16191	94	1	18	0	267	149	0.464080061111
16192	438	4	159	0	778	149	0.103646445693
16194	121	0	497	2	194	149	1
16195	432	0	478	1	232	149	1
16220	5	0	11	4	245	149	0.00154788163195
16222	2	0	23	10	269	149	0.00455244093664
16223	2	0	18	2	221	149	0.0893885198096
16224	251	25	51	14	285	149	0.0147474584034
16226	0	14	2	4	157	149	0.0122765418768
16228	14	6	4	8	270	149	0.028941230385
16229	14	5	4	6	270	149	0.0533564169576
16237	112	0	43	1	273	149	0.284664095297
16238	30	0	15	2	284	149	0.0277554647244
16239	65	2	43	7	199	149	0.0192285107471
16240	65	0	40	1	199	149	0.312723066164
16241	2	0	0	3	266	149	5.58746434498e-06
16243	8	151	4	34	201	149	0.402059273043
16244	322	1	75	0	317	149	1
16249	736	2	808	0	289	149	1
16250	369	0	77	1	278	149	0.380349362741
16251	245	3	71	0	197	149	0.64006844695
16252	461	2	113	0	347	149	1
16253	212	3	41	0	209	149	0.828201120654
16255	7	146	0	36	235	149	0.111326482361
16256	1	146	2	36	275	149	0.590606115231
16257	0	4	2	0	275	149	7.84503299478e-06
16261	101	2	38	0	302	149	0.418137290549
16262	251	2	54	0	223	149	0.769215126502
16263	347	0	60	1	253	149	0.342738263214
16264	276	2	51	0	275	149	0.639469414247
16265	51	3	26	0	318	149	0.0446643525805
16268	5	2	11	0	244	149	0.0100084737024
16272	3	0	0	152	375	149	2.65564522162e-06
16273	273	1	21	0	215	149	1
16274	364	1	17	0	177	149	1
16275	302	1	18	0	260	149	1
16276	491	1	24	0	247	149	1
16277	177	2	16	0	228	149	0.53768251616
16284	7	0	4	1	410	149	0.043122020883
16292	19	18	8	12	260	149	0.384085829613
16293	87	0	28	1	233	149	0.257227327598
16294	57	9	24	5	188	149	0.744481580139
16296	124	5	37	0	286	149	0.0341431988163
16303	3	2	25	0	237	149	0.00282067710319
16304	4	0	36	4	237	149	0.0178650321805
16306	2	0	24	2	237	149	0.113376758617
16307	8	0	17	4	333	149	0.00174981141159
16308	4	1	14	1	333	149	0.51614196284
16309	4	2	15	12	333	149	0.532485302342
16310	4	0	14	1	333	149	0.4233484239
16311	6	2	10	12	265	149	0.110189313133
16312	2	0	3	1	265	149	0.0606374832035
16313	12	2	9	1	265	149	0.653760251134
16314	8	2	3	0	265	149	0.0250423777395
16317	1	0	1	2	246	149	0.00129913387677
16318	8	0	26	1	246	149	0.249015492206
16320	8	2	15	0	246	149	0.018189468899
16321	10	2	21	0	246	149	0.0213684657697
16322	13	2	23	1	246	149	0.254976413302
16326	2	0	0	1	181	149	4.07669284455e-05
16330	255	2	111	0	224	149	0.790557229306
16331	0	140	1	67	403	149	1
16332	1	140	1	67	243	149	1
16334	8	70	9	25	209	149	0.0454555396036
16336	476	8	88	1	353	149	0.38858999332
16337	572	4	100	0	288	149	0.679276981243
16338	372	1	62	0	299	149	1
16339	469	1	67	0	262	149	1
16340	1906	2	320	0	927	149	1
16341	330	1	57	1	268	149	0.325697383023
16343	304	0	63	1	197	149	0.427495703513
16344	10	1	3	3	218	149	0.0319026175451
16345	47	19	24	9	484	149	0.880836547794
16346	13	19	8	9	312	149	0.675465679809
16348	23	34	14	12	249	149	0.273698509356
16367	40	0	122	2	274	149	0.920748967624
16369	3	51	0	26	254	149	0.257949549599
16371	30	1	63	0	242	149	0.261910138185
16372	82	36	0	16	313	149	8.22298895642e-10
16373	49	64	0	23	313	149	3.26969193054e-07
16375	222	64	29	23	236	149	0.00358066290699
16376	226	5	13	0	236	149	0.184550041777
16377	252	2	54	4	214	149	0.014660121744
16380	33	0	36	1	219	149	0.287529489157
16381	19	0	22	2	240	149	0.072092967107
16382	94	0	64	2	308	149	0.298502462803
16399	19	0	8	2	278	149	0.0136369601338
16424	41	6	15	2	254	149	0.867024269509
16427	6	0	5	2	227	149	0.0140514169458
16433	471	0	428	5	269	149	0.403740739004
16434	103	1	31	0	230	149	0.611894155323
16435	15	55	4	27	196	149	0.233814535887
16480	47	2	124	0	303	149	0.23883562722
16484	6	0	156	6	341	149	0.0367203858635
16485	38	23	47	23	2052	149	0.581134316357
16487	97	0	44	2	380	149	0.111165297173
16492	843	1	259	2	1081	149	0.362614221441
16495	246	1	111	2	501	149	0.240921464079
16498	6	0	83	1	314	149	0.369754439356
16499	10	0	41	1	368	149	0.25559836719
16509	109	0	84	2	293	149	0.656529959564
16514	0	7	8	19	287	149	0.00348121036967
16531	69	0	47	2	201	149	0.406935189115
16533	38	2	154	0	307	149	0.205282677164
16534	14	0	142	1	266	149	1
16535	48	0	97	2	267	149	0.57851786901
16537	56	1	23	0	234	149	0.34420111447
16540	65	1	13	0	236	149	0.378797169061
16543	3	6	7	10	310	149	0.647300793121
16545	8	0	9	2	277	149	0.0235456839532
16551	11	0	472	3	1913	149	0.109246832164
16552	20	6	10	0	357	149	0.00106053649263
16555	4	56	10	60	271	149	0.13457959977
16556	167	1	99	5	248	149	0.0173502362547
16557	0	2	1	18	321	149	0.362530764528
16558	15	2	171	0	443	149	0.0213754023561
16559	160	1	176	1	404	149	0.754652650281
16561	15	0	105	1	635	149	0.290056436042
16562	7	6	10	34	227	149	0.0464878020783
16565	11	875	3	185	384	149	1
16566	6	875	2	185	309	149	1
16567	809	4	154	2	264	149	0.529318738603
16568	1229	4	304	2	266	149	0.798673381988
16569	31	442	14	166	358	149	0.720150226513
16572	420	2	164	0	194	149	1
16573	315	2	82	0	253	149	1
16574	53	1	17	1	242	149	0.854772431013
16580	12	0	4769	18	344	149	1
16582	1	0	1174	3	206	149	1
16583	4	0	2885	1	247	149	1
16584	6	0	1981	2	227	149	1
16585	6	0	704	1	227	149	1
16586	6	0	700	17	227	149	0.107876861881
16590	23	0	2009	17	1197	149	0.0506453381925
16591	23	0	2866	1	1197	149	1
16592	4	0	938	5	202	149	1
16593	4	0	1915	18	202	149	0.621163022748
16594	3	0	1019	17	212	149	0.203985466075
16595	3	0	1023	1	212	149	1
16596	67	0	2754	8	209	149	1
16597	0	26	9	1914	233	149	1
16598	26	0	2902	6	230	149	1
16603	9	0	20	2	956	149	0.0124643655799
16604	2	0	4	2	200	149	0.0151766821497
16607	19	56	3	9	317	149	0.866684768365
16608	22	108	0	12	205	149	0.00393687295701
16609	111	1	2	0	247	149	0.615107603275
16610	103	2	4	0	247	149	0.458364616725
16611	134	4	11	0	247	149	0.139616144761
16612	2	33	0	9	246	149	0.489161764297
16614	10	2	0	2	267	149	0.000213060454939
16624	11	0	12	2	309	149	0.0284060879704
16626	53	0	67	3	234	149	0.0728675386769
16628	1	7	0	32	239	149	0.265856842587
16629	9	271	10	56	992	149	0.0432977303252
16630	5	169	9	79	444	149	0.0226509229444
16634	23	0	13	2	251	149	0.0298595646449
16635	42	0	31	2	258	149	0.0985920805676
16640	1	0	0	15	380	149	0.000141727941276
16642	559	1	138	0	221	149	1
16644	971	2	170	0	293	149	1
16645	486	1	87	0	253	149	1
16646	1033	1	178	0	298	149	1
16647	848	2	140	2	262	149	0.547739755458
16648	782	4	107	0	232	149	1
16650	530	2	144	0	330	149	1
16651	609	2	114	0	246	149	1
16652	1632	1	371	0	827	149	1
16657	33	4	206	7	271	149	0.133472865822
16658	1173	0	636	2	292	149	1
16659	1132	32	558	22	284	149	0.323629347225
16660	743	1	548	0	264	149	1
16661	561	2	497	0	250	149	1
16662	145	2	148	1	240	149	0.634975470823
16663	296	0	101	1	287	149	0.463957160571
16664	562	4	117	0	252	149	0.71472658519
16665	12	258	1	54	241	149	0.118273462819
16666	464	2	146	0	263	149	1
16667	104	45	32	23	387	149	0.14211292219
16668	2065	0	896	1	1102	149	1
16669	254	4	150	3	269	149	0.920907003356
16670	38	170	27	91	170	149	0.389868445067
16671	343	1	179	2	216	149	0.550918925381
16672	61	184	32	115	209	149	0.513803974834
16673	740	1	357	1	337	149	1
16675	60	4	24	0	265	149	0.0265579549262
16680	51	0	21	1	277	149	0.400763692643
16695	21	5	4	0	6404	149	0.000195070837729
16699	14	2	4	0	364	149	0.0335684294667
16702	15	2	4	0	332	149	0.0416363178332
16710	7023	0	2860	2	214	149	1
16711	48881	2	8025	6	365	149	1
16712	486	3459	68	1966	318	149	6.86117829218e-14
16713	3	119	0	41	293	149	0.675041574968
16714	6	119	5	41	205	149	0.242507210937
16715	0	30	5	21	205	149	0.00304014461251
16718	272	0	79	1	233	149	0.448757047252
16722	6	56	0	15	219	149	0.0274885736141
16723	4	56	2	15	296	149	0.787831708764
16724	55	1	14	0	201	149	0.377013525745
16725	2	30	1	13	311	149	0.892832607945
16727	16	2	16	0	254	149	0.047407291781
16733	0	220	1	134	305	149	1
16734	306	2	201	0	232	149	1
16735	34	2	25	4	209	149	0.21401003374
16736	197	2	120	4	193	149	0.146898639244
16737	78	0	45	1	193	149	0.339317600308
16740	76	0	45	1	287	149	0.284439195123
16743	264	5	145	4	287	149	0.693398393348
16745	73	119	40	69	314	149	0.819177257274
16752	500	7	282	1	237	149	0.189657109479
16753	28	272	12	167	262	149	0.302007301802
16754	782	0	497	2	347	149	1
16755	603	8	381	6	255	149	0.881045713844
16756	244	2	153	0	235	149	0.667626782213
16757	18	2	14	2	253	149	0.844479010473
16758	18	0	14	2	253	149	0.0375855557445
16759	18	5	19	15	253	149	0.0658872826514
16764	15	8	15	83	347	149	8.76583928211e-06
16765	13	8	14	83	244	149	3.12431918605e-05
16766	20	199	7	150	373	149	0.0712736830858
16767	4	199	1	150	235	149	0.683781816099
16768	38	1	16	4	240	149	0.0159509194223
16769	7	2	0	27	380	149	4.06960293353e-07
16771	1373	6	305	2	185	149	1
16772	943	5	191	0	170	149	1
16773	3539	287	965	39	170	149	0.00111249100324
16774	48	287	30	39	173	149	3.31978518098e-06
16775	262	2872	91	843	173	149	0.402325643657
16776	4303	3	1190	0	303	149	1
16777	19527	4	4112	2	420	149	1
16778	100	6217	41	1339	1149	149	1
16779	272	0	496	4	304	149	0.80004007593
16783	1315	1	1002	0	289	149	1
16784	705	1	523	0	280	149	1
16787	1712	4	635	2	216	149	1
16788	2195	1	813	0	255	149	1
16789	33	4	10	0	254	149	0.0115778972739
16790	12	408	0	35	227	149	0.225628041771
16791	503	1	47	0	236	149	1
16793	1615	2	605	0	347	149	1
16794	2791	7	1026	8	347	149	0.310309630047
16795	4	7	0	8	223	149	0.00351546464969
16796	3	1177	1	422	223	149	1
16797	11	0	78	1	279	149	0.383171573424
16800	7879	1	6517	0	253	149	1
16807	140	2	87	8	186	149	0.00623508128591
16808	5	67	2	59	197	149	0.250061420724
16809	106	0	52	1	211	149	0.349368670579
16810	60	2	30	3	211	149	0.249338963479
16811	2	101	0	54	265	149	1
16812	12	70	5	50	250	149	0.288990173867
16814	143	2	69	0	264	149	0.542704423471
16816	28	0	513	4	211	149	0.855310628181
16820	60	0	30	2	314	149	0.0747999341575
16821	2	12	0	9	287	149	0.146610041248
16822	2	1	0	2	287	149	0.0109615448112
16823	13	1	11	1	311	149	0.924193196552
16825	14	1	10	2	311	149	0.351031277496
16827	0	1	2	1	409	149	0.023268346499
16828	13	1	8	2	393	149	0.285431894942
16829	80	1	20	0	246	149	0.433535967165
16830	850	4	80	2	301	149	0.549586708827
16836	8	20	0	1	271	149	0.0140057213555
16838	6	20	0	1	268	149	0.0184027093025
16841	231	1	52	0	266	149	1
16842	22	1	28	0	277	149	0.232548932054
16850	16	2	0	2	272	149	0.000110475008466
16851	17	42	0	10	272	149	0.00118583230061
16852	2	42	2	10	242	149	0.346854127692
16854	115	2	34	0	302	149	0.517829723533
16861	389	9	661	8	263	149	0.221153930183
16862	6	608	4	508	267	149	1
16863	112	0	595	1	241	149	1
16864	3	0	2	15	268	149	3.38307912483e-05
16865	2	28	2	258	268	149	0.773668200692
16866	4	28	29	258	308	149	0.719712139653
16867	11	28	39	258	906	149	0.0549762763865
16871	25	37	15	25	236	149	0.764973318212
16872	81	6	60	2	272	149	0.233474682185
16873	40	2	30	1	216	149	0.559829798463
16874	268	2	55	1	286	149	0.534250204033
16875	608	16	99	14	320	149	0.000107076483529
16876	800	1	139	0	330	149	1
16888	2	0	4	11	247	149	0.000543482555527
16889	4	0	24	2	181	149	0.144298938367
16890	12	1	15	3	227	149	0.332421763672
16904	4	13	1	11	244	149	0.154703151915
16905	2	293	0	87	219	149	1
16907	2	14	0	32	179	149	0.119436571042
16908	225	1	69	0	275	149	1
16909	3	71	0	29	237	149	0.442861095269
16910	2	70	0	24	292	149	0.586204733767
16924	10	2134	7	995	321	149	1
16927	9	56	6	230	369	149	0.00188044573884
16929	270	5	98	0	359	149	0.0788192462875
16930	827	3	349	2	289	149	1
16931	6	509	4	206	242	149	0.735590060782
16932	5	147	3	59	431	149	0.899967306885
16936	141	0	197	2	275	149	0.529573199927
16940	182	7	166	2	296	149	0.0838606850115
16941	4	101	5	87	217	149	0.593197044837
16944	187	2	117	0	278	149	0.528276123745
16945	376	0	224	1	275	149	1
16946	342	2	205	2	293	149	0.659811920774
16947	306	2	231	0	289	149	0.689933196231
16948	178	2	126	0	286	149	0.532166040029
16949	259	2	180	0	278	149	0.593898719292
16963	1308	1	1120	1	218	149	1
16969	566	14	418	18	234	149	0.151987016247
16970	8	4	3	1	234	149	0.667891908604
16971	255	4	147	1	391	149	0.2264168669
16972	514	14	565	18	223	149	0.668347731597
16975	1309	14	1267	18	230	149	0.455661296501
16976	519	4	556	1	230	149	0.720789876381
16977	535	14	566	18	254	149	0.59968679031
16978	778	4	708	1	387	149	0.67940283713
16980	225	4	148	1	228	149	0.287764455445
16981	994	0	843	1	228	149	1
16984	122	3	24	0	192	149	0.283631134777
16988	25	377	2	87	167	149	0.0431118574256
16993	1080	2	225	0	275	149	1
16994	1208	2	230	0	273	149	1
16995	1401	5	291	0	326	149	1
16996	2	185	0	84	223	149	1
17019	3	3	0	5	252	149	0.00554787688041
17022	53	0	3	1	256	149	0.132358052755
17025	4	203	0	1	1112	149	1
17026	1855	2	5	0	681	149	1
17031	935	0	1457	3	328	149	1
17032	416	0	813	2	223	149	1
17033	696	2	1220	9	284	149	0.632433028836
17034	226	0	486	2	245	149	1
17035	1050	87	901	141	221	149	0.00146985427009
17037	699	2	235	0	273	149	1
17038	476	1	216	0	257	149	1
17039	547	6	201	0	266	149	0.324301669632
17040	794	15	258	4	284	149	0.58538157377
17041	1	231	0	115	248	149	1
17042	348	7	177	5	216	149	0.693330203823
17045	900	3	217	0	297	149	1
17046	25	17	5	21	287	149	0.000660519608848
17047	61	0	68	1	404	149	0.290968382428
17048	237	2	41	2	339	149	0.230058524505
17053	71	1	9	0	209	149	0.449403886303
17054	341	1	61	0	205	149	1
17061	79	0	38	2	378	149	0.0825257724979
17062	45	1	10	0	270	149	0.28929426929
17075	29	6	23	9	239	149	0.274079372375
17078	5	61	0	25	209	149	0.0503550343776
17080	22	2	22	3	233	149	0.611870022496
17082	59	0	69	2	389	149	0.168415757863
17084	13	21	8	34	335	149	0.0679061984203
17086	3509	0	1112	1	266	149	1
17087	3123	1	1118	0	287	149	1
17088	2283	2	896	0	256	149	1
17089	3	1366	2	486	203	149	1
17090	2821	14	924	5	281	149	1
17091	1489	0	491	1	281	149	1
17092	810	0	297	1	257	149	1
17093	2123	4	722	0	257	149	1
17102	6	5	2	3	247	149	0.51275598609
17113	14	0	26	2	237	149	0.0988809391553
17114	49	4	82	6	710	149	0.882987513792
17115	12	2	11	3	206	149	0.590431540168
17116	19	0	45	1	253	149	0.299519132679
17121	32	0	52	3	274	149	0.0514957039476
17122	71	0	110	3	263	149	0.132741408933
17127	173	0	2747	23	304	149	0.191830878376
17128	324	70	2361	18	266	149	0
17129	223	0	1777	2	381	149	1
17130	207	0	261	2	176	149	1
17131	438	0	1693	1	224	149	1
17132	1395	2	359	12	188	149	0.000602470371928
17133	85	150	121	719	188	149	4.01197384203e-08
17134	365	2	234	12	203	149	0.000435857738881
17135	163	150	225	719	203	149	2.19944173985e-10
17136	1837	150	585	719	386	149	0
17137	1452	150	311	719	200	149	0
17138	2779	22	542	5	200	149	0.793653116147
17139	1732	80	392	83	200	149	4.29067892327e-12
17140	0	297	2	1799	223	149	1
17141	1493	2	3515	7	266	149	1
17142	366	0	2587	1	260	149	1
17144	37	0	16	1	329	149	0.241254382179
17145	52	4	18	0	303	149	0.0175870822189
17146	124	1	35	0	267	149	0.663659892902
17147	37	12	9	0	200	149	0.00138919018958
17148	198	0	47	1	381	149	0.263136439964
17149	4	55	0	11	233	149	0.136685410617
17150	148	3	23	0	316	149	0.213057798984
17151	135	1	41	0	342	149	0.520880562153
17152	8	41	0	13	203	149	0.00591945214396
17153	17	21	3	8	238	149	0.191548108821
17154	4	2	3	0	238	149	0.0107719784098
17155	36	2	11	0	249	149	0.14372833564
17156	18	0	4	2	249	149	0.00466612991815
17158	2	0	0	2	243	149	1.63021726916e-05
17160	0	1	13	2	266	149	0.000666656980794
17161	1	1	13	2	257	149	0.190096427372
17164	349	0	254	4	216	149	0.478816852241
17165	150	1	379	1	239	149	1
17167	10	41	3	29	268	149	0.150561329981
17171	291	5	85	4	276	149	0.237129590895
17172	227	0	68	2	199	149	0.821128875219
17175	89	1	15	0	292	149	0.405876703795
17176	64	1	15	2	292	149	0.100560073934
17179	0	2	1	1	247	149	0.259153529397
17184	69	1	14	0	232	149	0.398608301204
17187	26	2	5	0	223	149	0.124398611994
17188	58	9	9	2	223	149	0.772667435075
17189	2	9	0	2	174	149	0.0775949807013
17190	2	39	0	4	174	149	0.307267841113
17193	1544	3	237	1	321	149	1
17194	998	2	176	0	272	149	1
17199	25	1	67	8	344	149	0.117171039739
17201	25	2	67	0	344	149	0.0502477904669
17203	25	2	67	0	344	149	0.0502477904669
17204	3	1	6	8	243	149	0.155553113967
17205	3	25	10	60	243	149	0.50097977747
17206	3	2	6	0	243	149	0.00552351793273
17207	3	2	6	0	243	149	0.00552351793273
17216	398	1	148	3	350	149	0.164492169014
17217	278	2	112	0	260	149	0.697535912971
17218	67	0	141	2	287	149	0.570561543725
17219	174	1	107	0	256	149	1
17220	1701	2	25	0	273	149	1
17221	2091	8	24	0	272	149	1
17230	23	1	10	2	1453	149	0.148383909645
17232	1	26	2	9	206	149	0.167474525588
17237	1	5	1	8	277	149	0.930209880046
17239	0	5	2	8	245	149	0.0850767324931
17249	3	8	2	15	236	149	0.298126499445
17250	33	0	22	1	261	149	0.235576298641
17252	0	15	2	657	306	149	1
17255	241	4	26	0	226	149	0.329551750934
17258	22885	1	5928	2	287	149	1
17261	8	109	6	67	451	149	0.829944761254
17262	131	0	84	2	221	149	0.696361504871
17269	1	78	0	86	258	149	1
17270	136	5	79	1	234	149	0.148080215711
17271	230	6	159	0	260	149	0.0316057741694
17277	10	1	2	0	333	149	0.747309023973
17281	244	2	31	1	307	149	0.481707071507
17286	5	9	3	48	307	149	0.0101262701985
17288	2	13	0	4	217	149	0.13401791615
17291	0	2	6	11	286	149	0.00735963910332
17296	5788	2	8689	0	309	149	1
17297	1640	1	812	0	319	149	1
17299	1685	2	622	2	241	149	1
17300	0	462	2	190	293	149	1
17301	19	880	4	371	273	149	0.754641710684
17304	0	2	6	31	229	149	0.0230389740325
17305	455	1	262	0	230	149	1
17306	535	2	269	0	288	149	1
17316	30	5	9	0	425	149	0.00297188744858
17317	2	0	24	27	166	149	0.00209142138017
17320	40435	9	251	0	344	149	1
17322	1504	11035	34	61	349	149	4.0109998467e-07
17323	23141	5	159	0	332	149	1
17325	240	0	126	3	231	149	0.334017039343
17326	935	2	245	0	239	149	1
17334	86	11	1	0	224	149	0.0192790805371
17335	29	11	3	0	183	149	0.00469600508006
17337	269	1	10	0	334	149	1
17338	604	1	41	0	272	149	1
17339	112	273	9	16	329	149	0.686902532111
17340	6	10	0	2	255	149	0.00577869215145
17341	46	4	3	0	275	149	0.0216099284084
17342	52	0	8	4	275	149	6.37124445926e-05
17347	0	7	1	37	161	149	0.371730205919
17348	0	7	3	37	254	149	0.19093195124
17357	728	0	501	2	231	149	1
17359	4	416	2	313	306	149	1
17360	4	2	2	3	306	149	0.301368711022
17361	788	2	543	3	240	149	1
17363	239	2	124	3	196	149	0.330518092727
17364	0	667	2	417	381	149	1
17365	1495	0	974	3	351	149	1
17366	562	0	388	3	289	149	0.635972392356
17380	33	0	0	2	279	149	7.70252671534e-07
17392	10	289	8	78	275	149	0.05735854688
17393	12	1379	2	273	325	149	1
17394	4	1379	0	273	284	149	1
17405	117	2	221	1	398	149	0.356999452894
17406	141	0	203	1	347	149	1
17407	1215	4	1249	0	1783	149	0.104115939485
17408	228	4	256	1	902	149	0.0764042891561
17409	232	10	277	30	902	149	0.0131622443886
17411	2	44	0	57	311	149	0.526328838972
17412	236	3	140	2	346	149	0.848215875361
17413	172	14	72	4	349	149	0.425988690389
17414	248	1	93	0	298	149	1
17415	144	5	81	2	269	149	0.516786645856
17416	95	2	45	0	237	149	0.788553674602
17426	6	0	0	2	203	149	1.9111388182e-06
17428	5	0	1	2	182	149	0.00154499095064
17429	2	4	2	2	182	149	0.533026071937
17431	0	4	1	2	194	149	0.467482007914
17432	27	0	12	2	216	149	0.0310626147314
17433	31	0	11	2	210	149	0.0301137174984
17434	24	1	16	0	213	149	0.253867043558
17435	27	0	9	1	209	149	0.241517218838
17436	84	0	54	1	347	149	0.284302489185
17437	2	2	17	2	359	149	0.0431471331044
17438	0	2	10	2	395	149	0.000274913944363
17439	68	1	33	1	394	149	0.944309451633
17440	82	1	43	1	347	149	0.893131854767
17443	48	2	82	0	285	149	0.210113591545
17444	331	2	203	2	341	149	0.73417265676
17493	7	0	42	2	301	149	0.148723440196
17494	313	2	11	0	330	149	0.603324227131
17495	2	744	2	264	265	149	1
17496	13	70	6	223	254	149	0.000156081745571
17500	13611	160	3001	33	369	149	0.718401022205
17502	115	1	61	0	335	149	0.453877938657
17503	341	1	214	0	899	149	0.499349700143
17504	243	0	162	2	354	149	0.601563098644
17508	4	2	6	1	351	149	0.327551101397
17509	1	74	1	49	265	149	1
17510	1	2	0	1	265	149	0.860893289984
17511	2	56	2	41	226	149	0.846569536703
17512	149	1	120	0	242	149	1
17513	163	0	119	2	263	149	0.604476864923
17527	8091	7	492	0	369	149	1
17528	3642	7	243	0	369	149	1
17529	1324	7	46	0	237	149	1
17530	5725	4	292	0	237	149	1
17531	6972	0	292	1	281	149	1
17534	90	9	37	4	203	149	0.862246069029
17542	35	27	59	18	779	149	0.0166983820101
17543	44	0	21	1	989	149	0.490642941368
17549	536	0	526	8	280	149	0.0444330402536
17550	679	5	632	6	239	149	0.668081253214
17551	648	1	837	0	375	149	1
17552	483	0	700	2	232	149	1
17553	294	0	321	3	240	149	0.633780111304
17554	326	4	712	6	224	149	0.744827362098
17557	153	3	322	3	268	149	0.463851982329
17559	219	0	578	12	268	149	0.0137260453166
17563	8	0	84	1	221	149	0.499888606827
17579	0	6	2	32	226	149	0.356321850504
17594	30	4	9	4	335	149	0.118719321915
17595	26	4	6	4	217	149	0.0768953321693
17596	16	4	4	4	194	149	0.093118613433
17599	116	0	55	2	247	149	0.498694524285
17600	109	0	51	1	244	149	0.323107405477
17601	144	0	75	1	274	149	0.377519902505
17605	795	46	207	13	297	149	0.945841727924
17606	0	178	1	48	347	149	1
17609	398	2	121	0	263	149	1
17610	39	0	52	2	266	149	0.195783782564
17613	847	2	25	0	291	149	1
17618	275	3	46	1	212	149	0.532975328049
17619	405	1	31	0	264	149	1
17620	393	1	40	0	275	149	1
17625	1933	1	298	0	359	149	1
17631	22	0	16	3	276	149	0.00742450860214
17633	126	0	29	1	275	149	0.249440304846
17639	84	0	32	1	239	149	0.265689422489
17640	103	1	15	0	241	149	0.573275544082
17641	17	74	2	8	306	149	0.788118297123
17644	408	1	120	1	512	149	0.341547694374
17645	195	10	61	3	217	149	0.817146725729
17652	168	8	68	3	297	149	0.769280700324
17653	164	5	64	0	297	149	0.045744491836
17654	8	124	2	64	263	149	0.224355259762
17655	4	124	0	64	234	149	0.615882674752
17656	282	2	123	0	302	149	0.59508959236
17657	439	5	162	0	389	149	0.149213564912
17658	1	128	0	62	235	149	1
17660	100	2	43	0	246	149	0.767238870974
17661	256	7	98	0	321	149	0.0209229244558
17662	136	2	51	0	321	149	0.794200938004
17663	82	7	37	0	233	149	0.00475620106895
17664	3	2	4	0	233	149	0.0067161386185
17665	1118	2	379	0	1106	149	0.645296113704
17666	1232	0	426	1	1106	149	0.507458451032
17667	3	11	2	32	252	149	0.158530126123
17668	114	0	153	1	375	149	0.541096370707
17696	52	1	67	1	347	149	0.886402309992
17697	27	0	45	2	347	149	0.110521369954
17698	74	0	33	2	284	149	0.114771597933
17699	99	1	64	10	284	149	0.000154843710426
17710	22	13	7	8	250	149	0.251073728919
17711	44	2	25	0	277	149	0.135702142808
17714	14	27	7	8	214	149	0.417667206797
17715	8	0	6	2	214	149	0.0183935412161
17716	3	8	0	2	355	149	0.0503981455898
17719	4	27	3	8	268	149	0.431325087779
17720	4	8	3	2	268	149	0.276730107174
17721	4	27	0	8	231	149	0.0451936149043
17724	831	4	176	0	259	149	1
17725	424	4	81	0	317	149	0.466523290053
17731	4194	4	1252	0	327	149	1
17743	5	8	5	19	212	149	0.271145422697
17748	1001	2	165	0	273	149	1
17749	818	21	187	7	313	149	0.592049550626
17750	293	3	19	8	273	149	1.13893801723e-07
17751	574	135	38	13	273	149	0.353599789556
17752	283	16	21	22	273	149	2.17581508366e-12
17754	2	0	5	1	277	149	0.0998887129307
17761	1	15	0	2	201	149	0.266256765862
17764	0	10	2	2	257	149	0.0125317254766
17767	10	6	3	2	286	149	0.894767593813
17768	11	8	7	15	286	149	0.0864586568354
17769	3	8	0	15	208	149	0.0101725675344
17775	14	0	16	2	222	149	0.0574555136998
17797	52	6	5	1	228	149	0.545916333485
17798	675	5	239	0	267	149	0.740483121125
17799	443	1	179	0	197	149	1
17801	146	2	55	0	203	149	0.529092020243
17802	175	1	59	0	203	149	1
17803	506	2	219	11	246	149	0.00010633933136
17805	8	12	2	86	521	149	1.98927006888e-05
17813	0	367	3	216	280	149	1
17819	67	1	14	0	219	149	0.406681183195
17820	3	14	0	16	329	149	0.0452709371368
17821	49	1	21	1	328	149	0.981790907006
17822	166	0	91	1	301	149	0.403533078514
17823	1027	8	361	2	1775	149	0.485631469115
17824	178	1	79	0	347	149	0.829660805011
17825	281	3	69	0	258	149	0.679957856824
17826	143	0	53	2	286	149	0.393955411268
17828	252	0	74	1	424	149	0.294318606645
17829	277	1	63	0	324	149	1
17832	4	1	5	0	268	149	0.293129383455
17833	152	2	82	0	305	149	0.565990656334
17838	8	2	16	0	308	149	0.0131541495398
17854	18	0	69	1	750	149	0.243002989198
17865	2	244	0	73	266	149	1
17866	336	6	186	1	315	149	0.11349541443
17867	561	1	190	0	279	149	1
17868	0	8	1	6	185	149	0.232933611811
17870	136	6	86	0	321	149	0.00838731295603
17871	404	0	207	3	337	149	0.404520744168
17875	656	3	977	9	238	149	0.524821185461
17876	37	218	70	502	328	149	0.490354081437
17877	16	218	46	502	352	149	0.440800453558
17878	531	22	878	16	245	149	0.0225681353539
17879	93	0	180	4	253	149	0.123230695739
17880	192	247	285	307	253	149	0.347131199564
17881	11	247	34	307	290	149	0.00990687030726
17882	13	105	42	118	290	149	0.0023058019759
17883	0	317	8	546	247	149	1
17885	635	11	601	0	271	149	0.009580395271
17886	199	11	181	0	267	149	0.000266284010793
17887	358	17	312	21	217	149	0.333308392022
17888	930	1	1233	0	261	149	1
17889	549	1	1453	2	298	149	1
17890	8	0	414	8	367	149	0.0813389146401
17891	8	0	666	8	374	149	0.15582490342
17895	15	2	14	0	260	149	0.0443612110686
17897	5	44	8	35	224	149	0.241970486209
17898	13	2	16	2	233	149	0.887449900048
17899	42	2	43	2	230	149	0.985703320773
17901	26	5	0	3	413	149	5.17954177059e-05
17904	82	4	58	0	361	149	0.0197281616581
17905	112	2	60	6	356	149	0.0193830372947
17906	122	2	37	6	594	149	0.00213095514718
17907	68	0	263	2	1303	149	0.19413992282
17909	35	2	20	0	234	149	0.12913955411
17920	3	8	0	18	228	149	0.0095320420908
17921	2	5	5	14	212	149	0.909990006093
17922	67	2	54	0	350	149	0.189129184713
17923	1	27	0	11	200	149	0.350674396256
17924	68	0	67	1	332	149	0.314264539694
17925	1	53	2	40	183	149	0.342782959082
17926	25	38	38	17	243	149	0.00212705022885
17927	0	22	3	681	185	149	1
17929	0	164	2	781	409	149	1
17930	1	164	2	781	206	149	1
17932	89	13	125	42	239	149	0.0172039306059
17933	127	1	197	1	256	149	0.756714444488
17934	139	1	175	7	257	149	0.0219197560183
17935	79	4	96	5	257	149	0.946584722059
17936	106	4	200	5	344	149	0.654902480656
17937	171	6	282	6	344	149	0.441196976248
17939	190	6	286	9	320	149	1
17940	152	0	258	1	282	149	1
17944	18	0	27	4	305	149	0.00444762137946
17945	24	23	38	31	305	149	0.674934419541
17946	18	67	25	113	305	149	0.642151112562
17947	1	23	5	31	247	149	0.100301924409
17948	0	67	5	113	247	149	0.184288190088
17949	1	6	2	13	247	149	0.886561690774
17951	59	67	84	113	262	149	0.536924652728
17952	28	1	23	4	262	149	0.0762427718289
17954	37	0	55	2	262	149	0.211555271967
17955	5	1	18	4	297	149	0.886587190981
17956	71	1	125	4	197	149	0.232043501045
17957	35	0	82	2	197	149	0.844721570905
17958	1231	3	234	0	350	149	1
17959	353	5	44	0	247	149	0.302801251533
17960	909	5	106	0	251	149	1
17961	737	1	124	1	318	149	0.513882392037
17963	697	1	89	1	343	149	0.365864192199
17964	5	58	0	40	216	149	0.0340565627277
17967	43	11	1	0	241	149	0.00989364169587
17970	26	2	3	0	226	149	0.12746218553
17974	0	14	5	330	291	149	1
17976	0	14	8	330	310	149	0.797813768092
17986	45	1	22	0	430	149	0.25075749475
17989	5	10	0	12	269	149	0.00218070811354
17991	1	24	0	8	188	149	0.317124674388
17993	8	0	16	2	226	149	0.0654646868151
17994	4	0	17	1	226	149	0.228822410622
17998	3	0	0	1	396	149	3.13034498206e-05
17999	46	54	3	1	218	149	0.21615718427
18000	306	1	15	0	294	149	1
18001	177	2	9	0	219	149	0.545080612315
18002	485	7	38	0	503	149	0.062448505131
18011	150	1	69	0	250	149	1
18012	3	111	0	39	222	149	0.659800609677
18013	179	0	76	1	268	149	0.386118804342
18014	160	0	52	1	259	149	0.313179325571
18015	10	0	29	4	190	149	0.0153590115958
18017	42	2	5	0	242	149	0.189309051505
18018	11	1	9	0	234	149	0.341608899637
18019	2	18	0	13	250	149	0.21975713271
18025	2	0	63	20	233	149	0.00686232778763
18041	34	0	19	4	190	149	0.00290174312659
18042	74	2	28	0	247	149	0.338480323841
18047	3	26	0	10	298	149	0.133713935978
18049	180	3	21	3	203	149	0.0470027563536
18050	60	1	17	0	241	149	0.357464111603
18055	15	40	7	56	256	149	0.0260366455808
18056	1	38	2	34	218	149	0.390531638318
18057	53	1	44	0	211	149	0.358543739232
18058	55	0	19	2	231	149	0.0674980577073
18059	22	36	32	3	232	149	8.56181007203e-08
18065	5	59	0	4	224	149	0.0868284999606
18070	858	1	390	0	319	149	1
18071	1	18	2	177	372	149	0.405958229201
18073	1	0	2	24	293	149	0.00183701240801
18075	5	0	0	24	328	149	8.56204496191e-09
18081	5	150	0	75	250	149	0.463253924826
18082	283	9	139	10	311	149	0.106925571407
18083	263	0	446	3	270	149	0.715465848638
18084	106	275	66	179	353	149	0.832064272332
18085	630	3	263	0	195	149	1
18087	42	220	13	20	301	149	0.00788069187439
18089	33	338	15	303	301	149	0.0414588482476
18090	2	220	0	20	229	149	1
18106	7	5	4	7	296	149	0.259457060042
18107	18	9	21	8	241	149	0.63627351723
18108	3	15	4	22	230	149	0.915543307778
18109	10	15	11	22	284	149	0.611592575619
18110	5	1	1	0	247	149	0.115671477319
18111	2	0	1	4	247	149	0.000107658590404
18112	4	30	3	18	247	149	0.931152699512
18113	2	2	0	2	345	149	0.0333697864553
18117	3	2	0	2	220	149	0.00336565079047
18118	4	30	4	18	273	149	0.563072301921
18119	4	2	0	2	273	149	0.00126040301796
18121	0	31	1	32	267	149	0.505665379363
18123	25	0	26	6	277	149	0.000523665961557
18124	4	20	1	24	321	149	0.0739900261967
18125	4	2	1	0	321	149	0.00697764460213
18140	1	0	0	2	276	149	2.40191527819e-05
18145	1	6	0	3	276	149	0.216305403282
18147	5	6	2	3	230	149	0.796373567838
18149	4	0	2	2	230	149	0.00352733540667
18150	14	1	2	0	230	149	0.27871544615
18153	22	0	15	2	217	149	0.0439943515208
18154	19	3	13	3	217	149	0.659708284843
18155	22	0	4	2	240	149	0.00430433440004
18156	48	4	16	2	240	149	0.81110514575
18157	39	3	18	3	284	149	0.426474391977
18158	43	1	18	0	284	149	0.277762413813
18160	0	20	1	5	291	149	0.358213534592
18161	3	11	0	3	310	149	0.0591389704953
18162	17	20	4	5	230	149	0.894792394655
18166	1	352	21	370	374	149	0.0089845746755
18167	29	16	15	285	836	149	0
18168	62	0	652	3	344	149	1
18169	535	2	608	31	311	149	4.11306424475e-07
18170	6	1	3	0	258	149	0.595112526216
18171	6	398	2	321	258	149	1
18172	1	398	1	321	271	149	1
18174	656	0	656	2	276	149	1
18176	4	5	2	153	380	149	0.000670549450747
18180	1039	2	325	0	274	149	1
18190	18	0	242	4	258	149	0.292082251433
18191	14	0	76	1	242	149	0.414793230656
18194	5	184	2	19	373	149	0.674060230832
18195	6	67	0	17	215	149	0.0380727399478
18196	237	5	40	1	268	149	0.766184165615
18199	214	2	34	0	280	149	0.535757234914
18202	1	444	0	503	164	149	1
18203	327	3	217	4	250	149	0.380051478901
18204	770	3	708	4	243	149	1
18205	109	0	15	2	244	149	0.0659120481859
18206	95	0	17	2	204	149	0.108508789276
18207	144	2	91	0	342	149	0.643180105826
18209	155	0	66	1	375	149	0.299274289136
18210	175	0	68	1	300	149	0.335466519339
18211	183	7	103	1	336	149	0.0566768026686
18212	166	2	58	1	396	149	0.696769009881
18213	65	36	16	10	270	149	0.77495109942
18214	10	2	1	0	267	149	0.0357046486454
18215	30	2	2	0	285	149	0.117966265342
18217	11	783	0	140	253	149	1
18218	972	2	185	0	314	149	1
18219	1279	2	272	0	365	149	1
18226	4	1	4	1	237	149	1
18227	5	3	11	0	259	149	0.00118872231562
18228	18	4	3	18	290	149	1.72807487975e-06
18229	77	10	7	14	3072	149	2.92231675636e-07
18232	24	40	1	11	244	149	0.00777156982921
18233	2	40	1	11	222	149	0.605002192804
18234	97	1	20	0	227	149	0.573121865027
18235	45	1	17	0	253	149	0.299519132679
18236	91	5	36	4	279	149	0.40364640385
18266	318	4	149	4	284	149	0.365935703084
18267	7	22	3	26	180	149	0.138785365417
18268	251	2	58	0	274	149	0.585893781489
18269	252	1	60	6	271	149	0.000249342447679
18270	297	18	53	1	273	149	0.0571943090816
18272	275	6	102	0	374	149	0.0369226457924
18273	84	6	43	0	260	149	0.00599851395687
18274	1	0	1	3	230	149	0.000189459988875
18279	650	2	27	0	323	149	1
18280	251	7	9	0	323	149	0.0567851928848
18281	310	7	16	0	248	149	0.107468161897
18287	3	5	3	8	242	149	0.617050586968
18290	1	0	2	4	191	149	0.000624378870522
18300	213	1	232	0	259	149	1
18301	2	82	2	108	258	149	0.602658826611
18307	1	0	59	2	276	149	0.240623647796
18309	6	0	53	3	288	149	0.0712481057137
18310	5	2	10	4	234	149	1
18311	9	2	62	4	278	149	0.417256060392
18312	0	17	1	35	266	149	0.57011183225
18313	6	0	28	1	198	149	0.272025264542
18327	113	1	28	0	229	149	0.747363027495
18328	44	1	11	0	229	149	0.307617608859
18329	329	1	72	0	537	149	1
18330	402	4	89	0	537	149	0.18191226042
18333	4	0	70	1	230	149	0.40520112018
18334	11	0	135	2	332	149	0.459480263125
18335	93	1	122	0	351	149	0.370389221572
18348	662	1	260	6	266	149	0.0261078249645
18349	2	221	2	142	251	149	1
18350	279	8	180	8	216	149	0.437457082297
18352	161	29	154	23	311	149	0.564101783548
18353	4	38	2	54	210	149	0.196378957964
18354	260	0	173	2	345	149	0.565730888165
18357	3	81	1	24	230	149	0.964522539217
18358	1	39	4	15	219	149	0.0137749394572
18359	116	2	42	0	284	149	0.676415562428
18360	114	0	26	1	295	149	0.236485421412
18376	65	3	30	1	234	149	0.510811227305
18377	250	1	94	1	450	149	0.341285266116
18380	64	5	28	3	254	149	0.93424875114
18382	123	5	47	3	257	149	0.768428470943
18383	149	1	88	0	263	149	1
18388	1	0	0	8	314	149	4.18621692344e-05
18393	2	7	0	8	220	149	0.0552445535197
18405	0	11	3	69	177	149	0.2573611053
18407	4	14	2	50	273	149	0.0327156413825
18408	21	0	49	2	275	149	0.162131216097
18409	320	3	113	0	282	149	0.656080441663
18410	330	0	135	1	339	149	0.526388337071
18411	439	1	184	0	362	149	1
18412	382	1	168	2	411	149	0.665564493884
18413	257	0	137	4	341	149	0.0263930241633
18414	46	84	9	43	212	149	0.0137719332481
18416	4	2	1	0	242	149	0.0116398167341
18417	191	4	90	2	241	149	0.944609897074
18418	6	0	14	4	317	149	0.00152473295962
18424	1043	0	209	1	5336	149	0.622810324085
18435	21	0	7	2	203	149	0.0149307884153
18437	299	0	30	2	297	149	0.175747138299
18438	341	3	22	0	206	149	0.718049887412
18439	426	2	40	0	291	149	1
18440	65	1	6	0	172	149	0.497733690621
18443	21	40	10	51	233	149	0.0247645559391
18447	1	0	6	3	279	149	0.00244059020225
18448	3	11	6	20	279	149	0.789497341732
18449	2	88	2	43	217	149	0.620367591029
18451	130	7	51	0	254	149	0.00927629206727
18471	125	0	36	4	254	149	0.00190055231351
18491	2	0	44	2	374	149	0.132602369632
18498	1	0	2	2	294	149	0.00268192923463
18504	591	0	151	1	311	149	0.721506224194
18505	1	268	0	75	203	149	1
18506	613	3	159	0	347	149	0.808734598583
18507	287	1	98	2	247	149	0.679410743557
18508	33	2	20	1	232	149	0.671059321323
18509	226	5	771	6	204	149	0.167195261385
18511	6	2	105	13	644	149	0.27514717808
18517	2	12	2	16	219	149	0.875390512761
18524	42	142	2	21	407	149	0.0342340506644
18525	119	1	27	0	216	149	1
18526	415	7	78	0	338	149	0.076771102812
18527	1	71	0	25	212	149	1
18528	16	48	3	11	218	149	0.663883738
18530	51	0	43	2	214	149	0.247868254892
18534	145	5	20	0	255	149	0.0689257429293
18535	91	0	27	1	281	149	0.2492266192
18537	72	6	20	0	313	149	0.00755137516781
18540	95	1	13	1	270	149	0.836597961105
18541	45	0	3	2	270	149	0.0024154581477
18542	92	0	24	2	421	149	0.036035710357
18543	144	3	34	1	421	149	0.637019043427
18545	893	1	29	0	325	149	1
18546	497	1	26	0	384	149	1
18547	908	4	71	0	271	149	1
18548	191	7	14	0	207	149	0.0604920489071
18549	400	22	38	4	207	149	0.564566393637
18550	1	0	0	1	238	149	7.24769985905e-05
18554	22	0	20	1	231	149	0.235052392406
18558	257	4	47	0	276	149	0.252493583324
18560	21	2	12	0	203	149	0.0929276808514
18561	8	16	6	7	221	149	0.430362649324
18563	120	16	52	2	257	149	0.0314225980802
18564	4	12	0	7	395	149	0.0269992358827
18566	9	284	0	55	322	149	0.535442573345
18568	6	0	3	3	224	149	0.000804125299357
18575	144	65	40	125	796	149	2.08499884025e-13
18583	18	0	47	5	1935	149	0.000671807232133
18584	32	4	23	2	215	149	0.568146643703
18592	3	75	0	11	183	149	0.291100226114
18593	26	13	2	5	246	149	0.0323592369087
18594	61	13	5	5	249	149	0.0315772198466
18596	125	1	49	0	610	149	0.316913121623
18597	207	1	61	0	326	149	1
18598	173	1	57	0	264	149	1
18599	211	1	70	2	270	149	0.417785531614
18603	100	11	32	0	203	149	0.00241962076099
18606	10	63	6	19	248	149	0.342258279888
18610	1451	4	473	4	1693	149	0.176420556254
18611	194	1	81	2	287	149	0.426248333561
18612	31	2	31	0	233	149	0.109016111308
18614	0	139	3	80	254	149	0.891253048507
18615	6	21	0	12	295	149	0.00537814124486
18616	2	21	0	12	329	149	0.465171348633
18617	11	46	2	15	266	149	0.300065067237
18618	0	38	2	27	203	149	0.475259118994
18621	23	0	23	1	580	149	0.437265089376
18631	140	1	20	0	225	149	1
18632	164	3	16	0	232	149	0.348551700517
18633	417	1	35	0	280	149	1
18634	290	4	38	0	227	149	0.407964192268
18635	405	13	34	0	294	149	0.0287921551592
18636	392	2	33	1	268	149	0.261989403794
18637	335	14	39	2	229	149	0.679321317918
18638	271	5	34	0	237	149	0.217626435167
18639	316	2	53	2	340	149	0.228261206862
18640	258	7	28	2	220	149	0.930792104124
18643	23	2	1	0	242	149	0.107971225453
18644	19	10	2	2	242	149	0.396765232644
18646	2	10	0	2	225	149	0.115169324655
18647	2	0	0	1	225	149	4.33143854173e-05
18648	123	2	153	0	1106	149	0.0799737905029
18649	78	0	79	1	249	149	0.418065806619
18665	2	0	2	16	293	149	0.000189791907694
18667	2	0	1	5	271	149	7.05706698004e-05
18673	138	2	31	4	249	149	0.0151325752363
18674	129	2	23	2	249	149	0.236882306355
18675	125	0	23	1	249	149	0.23948372248
18676	34	17	0	9	212	149	1.59775716713e-06
18677	34	4	0	1	212	149	0.00173377721965
18678	107	2	34	2	378	149	0.405202568655
18679	122	10	39	1	378	149	0.0774351093812
18681	43	0	15	1	327	149	0.243904919403
18682	51	4	14	1	327	149	0.729277769147
18683	3	0	0	1	202	149	2.40528245938e-05
18684	5	0	1	1	265	149	0.0112876048115
18686	6	0	18	1	439	149	0.441553082208
18698	2	0	1	3	276	149	0.000103099296559
18705	6	0	1	2	322	149	0.000445951385083
18707	6	0	1	2	319	149	0.000454661555239
18709	6	0	0	2	302	149	2.80193749802e-06
18724	194	3	124	0	244	149	0.646396705611
18725	118	5	121	0	227	149	0.0185903259986
18727	1	123	2	31	254	149	0.726807464615
18728	2	101	0	24	170	149	0.535696967993
18730	203	2	59	0	194	149	0.674881266952
18731	0	208	1	73	243	149	1
18733	5	0	1	1	452	149	0.00472791611382
18734	0	41	2	30	220	149	0.800631564132
18738	4	161	2	69	294	149	0.843588107815
18739	2	0	6	1	302	149	0.109653002458
18740	0	3	2	10	234	149	0.11448555412
18742	2446	219	766	22	285	149	3.39660458737e-06
18743	7362	5	1316	5	366	149	1
18744	16	1	3	2	237	149	0.0578225355425
18745	5426	6	1057	1	291	149	1
18746	16	1	23	0	269	149	0.232836474569
18748	16	0	278	6	287	149	0.108844995202
18749	302	0	235	4	224	149	0.3723966532
18750	780	0	631	34	381	149	3.65464325469e-11
18751	743	0	480	34	402	149	5.71764857682e-13
18752	7	45	8	161	255	149	0.0680042941367
18753	5	45	10	161	393	149	0.504874942179
18756	2	0	3	24	339	149	0.000342987744859
18765	66	4	48	2	299	149	0.539676969309
18766	1	1	2	0	289	149	0.0121544065708
18772	7	0	2	2	250	149	0.00241366309463
18793	214	1	70	2	223	149	0.715004997652
18794	5	1	0	2	211	149	0.000171251925493
18795	17	154	0	40	211	149	0.00265335369845
18796	182	4	122	0	289	149	0.0916190009885
18797	1	14	6	55	221	149	0.392416211825
18798	0	3	1	3	236	149	0.492388473272
18799	0	3	1	3	232	149	0.506694591357
18812	0	65	2	15	230	149	0.345137960081
18813	207	19	55	3	253	149	0.258752511462
18814	82	19	20	3	272	149	0.374392655042
18815	336	2	99	0	284	149	0.904518072162
18816	67	5	26	2	203	149	0.989262329532
18817	66	2	25	0	203	149	0.399179002854
18818	272	5	65	2	205	149	0.714007267503
18819	79	2	33	0	205	149	0.627856171731
18821	0	1	2	2	270	149	0.0268957309075
18823	140	2	46	0	294	149	0.671469867031
18825	136	0	46	1	294	149	0.284335858565
18826	328	4	82	6	294	149	0.0103257715031
18827	234	1	45	0	294	149	1
18829	74	1	28	0	263	149	0.38413301301
18831	78	1	34	0	263	149	0.397965769579
18832	181	13	67	3	263	149	0.339338727188
18835	42	4	33	0	286	149	0.0096015077876
18836	42	4	33	0	300	149	0.00884795612281
18864	1	0	11	40	394	149	0.00634460794501
18865	19	0	117	2	236	149	0.877940687401
18866	9	0	191	1	305	149	1
18868	7	30	47	90	341	149	0.0496386970781
18875	20	5	6	0	346	149	0.00261578973434
18876	11	5	1	0	271	149	0.00312518248507
18878	18	3	4	0	213	149	0.0231813122101
18879	27	9	2	0	366	149	0.00512733819019
18884	152	1	116	0	281	149	1
18886	4	15	4	15	235	149	1
18887	1	84	1	30	267	149	0.47449244283
18888	181	0	60	2	280	149	0.472691675711
18889	2	51	0	27	233	149	0.536409959733
18893	116	2	72	0	217	149	0.544479913752
18894	3	28	0	17	234	149	0.091550541128
18895	22	32	5	10	328	149	0.505905181885
18896	71	1	37	0	201	149	0.465260613148
18897	9	45	0	26	204	149	0.00151022147471
18905	2	12	3	14	206	149	0.708873918931
18914	1	0	12	2	205	149	0.0632821853951
18920	16	0	20	3	213	149	0.0194805854286
18923	1983	198	690	79	289	149	0.512962486415
18924	688	3	268	5	255	149	0.117544395734
18925	1352	3	636	5	239	149	0.729554521591
18926	38	1094	71	307	256	149	2.68673971959e-14
18927	60	1094	77	307	260	149	5.68327607198e-11
18928	19613	19	2565	11	260	149	1
18929	334	0	5	1	257	149	0.331045023997
18930	30441	1	1898	0	257	149	1
18931	633	1	15	0	257	149	1
18932	15896	4	952	0	257	149	1
18933	28865	7	2051	0	236	149	1
18934	14126	1	54	0	266	149	1
18935	9767	1	41	0	230	149	1
18936	485	4	3	0	260	149	0.804098286277
18940	181	23	2	0	237	149	0.0168130772803
18942	552	8	2	0	237	149	0.271780739331
18956	157	8	40	0	238	149	0.0140686270104
18960	0	6	2	1	320	149	0.00747143791948
18961	148	6	29	1	280	149	0.570121245436
18963	5	79	0	18	263	149	0.141552201771
18965	175	2	27	0	222	149	0.540200667158
18987	2	0	9	2	206	149	0.0429846879162
18988	2	0	29	2	243	149	0.134958705202
19001	336	0	674	5	312	149	0.8692646765
19002	333	0	350	5	312	149	0.133707654773
19003	6	0	395	5	269	149	0.371943118397
19004	9	0	720	6	269	149	0.618358256873
19005	0	6	8	431	285	149	1
19014	133	2	43	0	247	149	0.544203427116
19015	86	16	68	0	251	149	6.97692329621e-06
19016	56	10	27	4	236	149	0.719505939356
19017	203	10	80	4	299	149	0.952870893476
19018	11	6	2	0	269	149	0.00219874581496
19019	11	100	0	34	269	149	0.00820452088039
19023	347	2	314	0	221	149	1
19024	251	2	115	0	257	149	0.620518227501
19025	390	0	253	10	199	149	0.000799151797506
19026	11	288	4	186	246	149	0.258705324611
19030	176	6	160	0	245	149	0.0154972031071
19032	8	74	0	91	245	149	0.00236528850315
19034	116	0	177	1	286	149	1
19059	605	111	318	26	229	149	0.00148505042049
19060	137	111	108	26	224	149	1.2088361859e-05
19061	35	111	37	26	174	149	1.11145494562e-05
19062	97	1	23	0	223	149	0.586986982526
19063	73	0	212	1	201	149	1
19067	31	52	11	63	493	149	0.00190892748071
19075	1	39	0	21	230	149	0.533976646963
19076	70	125	45	96	241	149	0.502175396142
19078	10	0	11	2	292	149	0.0276780517958
19082	3	1	4	0	186	149	0.353753469329
19083	0	3	2	2	242	149	0.0180881850089
19085	10	0	60	1	363	149	0.289219494525
19089	0	5	14	4	218	149	1.60872466501e-05
19090	0	5	5	4	253	149	0.000638633538025
19093	0	45	2	16	356	149	0.68366988456
19094	82	0	34	1	221	149	0.28223203685
19104	754	0	702	1	238	149	1
19105	103	1	10	0	238	149	0.582952566677
19106	142	1	12	0	234	149	1
19107	2	0	4	2	205	149	0.0145788268094
19110	2	1	1	43	212	149	0.00829426955245
19113	443	6	189	3	245	149	0.845684607321
19114	297	0	169	2	246	149	0.52793174387
19115	90	2	71	3	235	149	0.457474084785
19116	337	2	184	3	295	149	0.315258425293
19117	11248	4	430	1	282	149	1
19119	217	0	88	1	303	149	0.392423945794
19120	284	2	70	0	276	149	0.659622962587
19122	71	0	96	2	298	149	0.53397450429
19123	154	1	194	0	298	149	0.85151134301
19124	170	2	193	0	270	149	0.531026181265
19127	2	42	6	73	251	149	0.349252431998
19134	12	0	8	1	313	149	0.788808263758
19137	0	28	2	105	334	149	1
19138	2	28	0	105	288	149	0.712456849719
19139	158	0	256	2	300	149	0.559468482628
19140	30	0	49	2	234	149	0.204854430604
19142	4	38	1	124	328	149	0.0832471968922
19143	63	0	264	1	362	149	1
19144	36	0	9	4	212	149	0.000299129476575
19148	2	3	0	2	284	149	0.0409835350413
19149	2	3	0	2	205	149	0.0263770811932
19151	404	8	151	0	4563	149	0.000905604921912
19152	395	0	151	1	4563	149	0.292223751152
19158	31	17	15	19	211	149	0.0690528288258
19164	1	7	2	0	212	149	6.57890556282e-05
19165	67	1	22	0	269	149	0.351761164306
19168	1	29	0	20	280	149	0.479557373339
19169	47	1	20	0	348	149	0.267283413619
19174	56	5	19	4	280	149	0.291460934419
19175	50	4	20	2	280	149	0.817169725613
19176	90	5	43	4	283	149	0.550224660079
19177	57	4	19	2	283	149	0.813855353166
19178	5	6	0	1	263	149	0.00490139630386
19180	8	40	0	24	263	149	0.00305032383645
19182	37	4	27	2	301	149	0.575650918537
19183	38	0	24	2	301	149	0.0506710718184
19184	72	7	47	0	301	149	0.00156173272311
19186	0	1	2	5	272	149	0.0736287969425
19187	0	1	2	5	436	149	0.123925532017
19188	0	1	2	5	472	149	0.134387954731
19190	11	5	9	6	242	149	0.592034925921
19191	5	9	3	22	416	149	0.0912976937325
19206	8856	3	2529	3	284	149	1
19207	5087	3	1647	3	242	149	1
19208	116	4	16	0	242	149	0.10927259307
19209	483	4	1173	0	352	149	0.667459080759
19210	8696	1	5455	0	352	149	1
19211	7912	2	3637	0	352	149	1
19212	36569	2	9156	0	674	149	1
19213	37352	0	10976	2	674	149	1
19214	409	1	90	0	254	149	1
19215	820	7	171	0	192	149	0.816917601136
19216	332	2	87	2	287	149	0.446349163802
19217	6	2	13	8	179	149	0.409288515585
19218	7	3	2	0	179	149	0.00751230980972
19219	37	3	20	0	247	149	0.0407698881962
19220	35	1	23	0	247	149	0.272960181772
19222	117	1	57	0	244	149	0.706136800964
19223	166	0	67	2	288	149	0.528626361294
19224	207	1	71	0	225	149	1
19225	2	5	0	3	288	149	0.0676075276932
19226	268	7	74	0	393	149	0.0195840454845
19227	462	2	132	0	431	149	0.700507711274
19228	206	0	46	2	208	149	0.498791644482
19229	26	0	57	1	255	149	0.33300889817
19237	2	8	2	16	260	149	0.644408596754
19240	22	3	587	24	215	149	0.318100738569
19241	336	1	35	0	247	149	1
19252	6	41	4	10	197	149	0.269479664211
19253	247	4	70	0	396	149	0.132051346725
19254	83	2	28	0	248	149	0.410243705773
19255	142	0	69	2	308	149	0.498369056871
19257	0	19	2	41	280	149	0.541956350726
19259	29	0	55	5	256	149	0.00725498946608
19260	16	1	15	2	263	149	0.407712655259
19263	28	2	5	0	317	149	0.0926353318488
19264	50	1	4	2	317	149	0.0193537578749
19276	161	1	85	4	308	149	0.0256051754526
19277	133	1	81	0	308	149	0.583076880662
19278	423	30	87	4	233	149	0.275978019468
19279	258	1	64	0	232	149	1
19280	287	2	64	0	232	149	1
19282	1	22	0	29	292	149	0.394963273619
19283	22	0	46	1	219	149	0.323558956736
19284	8	5	4	0	184	149	0.00143635106875
19285	0	61	3	18	184	149	0.019293964462
19287	213	1	69	5	262	149	0.00309892355311
19288	93	0	32	1	262	149	0.261664984784
19289	5	0	19	1	240	149	0.232170404365
19290	117	0	51	1	240	149	0.326045341351
19291	1	8	0	26	218	149	0.319610094758
19292	1	8	0	26	285	149	0.23860416673
19293	44	0	52	1	344	149	0.278109704596
19298	32	0	74	1	231	149	0.421130166389
19301	114	1	49	2	223	149	0.246651466031
19303	37	46	5	44	176	149	1.89991629301e-05
19334	254	453	0	3	292	149	0.00419473521266
19335	316	453	0	3	307	149	0.00290009128468
19336	805	8	4	2	556	149	0.00694826472944
19337	35	453	0	3	263	149	0.08064829614
19338	511	1	3	0	277	149	1
19339	656	8	5	2	277	149	0.0298330966973
19340	1	8	0	2	222	149	0.223918730661
19342	27	173	0	2	222	149	0.029161667755
19344	1	173	0	2	195	149	1
19350	432	3	61	0	239	149	0.867491967671
19351	203	2	30	0	239	149	0.557820708837
19352	179	2	32	0	242	149	0.531728047656
19353	410	11	61	0	242	149	0.0367410212423
19354	205	4	28	0	242	149	0.236771188314
19355	262	4	41	0	276	149	0.267326586814
19356	469	17	82	8	276	149	0.0687868554137
19357	211	13	65	9	227	149	0.12190919844
19358	401	17	63	9	241	149	0.0188001776382
19362	0	2	22	3	293	149	0.000150391535605
19363	15	1	7	6	398	149	0.00382105836266
19367	124	0	71	1	238	149	0.399490650928
19369	8	70	8	34	200	149	0.220815097481
19370	0	4	2	9	250	149	0.104234928724
19371	19	0	15	2	237	149	0.0433784471683
19375	0	1	10	0	232	149	1.63891969126e-05
19376	1	0	9	2	222	149	0.0403095794378
19417	26	17	6	16	237	149	0.00832319215925
19420	7	0	11	2	236	149	0.0395699847069
19421	1	1	0	1	194	149	0.0520042760055
19426	4	3	3	1	218	149	0.450714081849
19427	58	0	24	1	325	149	0.419614144641
19428	66	0	31	1	279	149	0.273057850786
19439	49	1	16	0	347	149	0.273708911293
19446	357	11	90	7	283	149	0.119649645386
19447	600	11	228	7	262	149	0.406462745934
19448	482	4	147	0	206	149	0.780499386546
19449	499	2	245	0	306	149	1
19450	3	561	1	153	273	149	1
19451	155	6	45	2	199	149	0.801851578262
19452	9	112	33	34	914	149	8.80432948769e-10
19453	10	109	10	40	1730	149	0.135523716538
19454	149	2	80	1	337	149	0.762971589047
19455	22	41	3	16	206	149	0.0589790005131
19456	4	15	0	1	233	149	0.0234404144919
19457	12	15	3	1	308	149	0.238020703489
19458	50	2	28	1	194	149	0.721433991762
19459	119	136	54	30	791	149	0.0164282975931
19460	63	65	13	11	238	149	0.692767926698
19461	94	65	31	11	242	149	0.0868565797015
19462	66	8	14	0	242	149	0.00620545694092
19463	66	19	14	6	242	149	0.510504433877
19464	64	2	14	0	242	149	0.252859020684
19465	15	2	5	0	199	149	0.0755925458052
19466	29	8	5	0	199	149	0.00454570925518
19467	125	19	25	6	199	149	0.516506820111
19468	26	2	5	0	199	149	0.139754352652
19469	28	2	13	0	199	149	0.130094334123
19470	89	2	32	0	199	149	0.786972765716
19472	16	19	1	6	306	149	0.0315936511128
19473	14	123	3	27	306	149	0.812455025118
19474	17	19	1	6	205	149	0.031879362442
19475	8	2	1	0	205	149	0.0387992858713
19477	15	2	1	0	205	149	0.0816214940917
19479	35	123	1	27	205	149	0.00167089786505
19480	12	14	1	2	205	149	0.451368249171
19483	82	0	21	2	289	149	0.0603188636399
19485	27	13	15	2	233	149	0.0511798465648
19487	7	127	6	98	206	149	0.894374489254
19488	686	2	272	4	310	149	0.228559992101
19490	119	1	127	2	323	149	0.454965125844
19491	1	53	0	27	226	149	1
19492	84	0	53	2	186	149	0.718849938876
19493	128	1	61	0	218	149	1
19494	56	1	37	0	224	149	0.357710008636
19510	28	3	24	1	246	149	0.248565659823
19511	58	3	33	4	208	149	0.296306035913
19516	6	4	8	2	180	149	0.277415276977
19517	13	4	17	2	248	149	0.259038128664
19524	544	4	300	0	365	149	0.821845163348
19525	329	2	152	3	267	149	0.281082650137
19526	208	9	90	1	267	149	0.0415780197483
19527	204	0	91	2	267	149	0.844210564405
19528	274	9	94	1	334	149	0.080072392968
19529	116	0	42	2	334	149	0.151799505607
19530	399	4	154	0	334	149	0.393113340482
19531	241	0	102	1	334	149	0.406565082503
19532	95	0	31	2	715	149	0.0190376271364
19533	90	0	30	1	715	149	0.254705377311
19534	246	2	85	3	715	149	0.133606319894
19536	30	2	44	0	223	149	0.12665650896
19537	9	0	74	1	299	149	0.350698446084
19552	435	6	4	0	311	149	0.229302129574
19553	466	4	3	0	286	149	0.648337736768
19554	420	3	4	0	243	149	0.770172873998
19555	9	264	0	4	239	149	0.28555385135
19556	473	5	2	0	283	149	0.452131958963
19578	273	5	67	0	249	149	0.170589195402
19581	302	2	46	0	237	149	1
19582	209	32	81	3	222	149	0.0038322481921
19583	11	0	2	1	296	149	0.0861928506948
19584	56	9	24	29	296	149	3.48369799075e-06
19585	0	9	2	29	254	149	0.414788054049
19586	2	48	1	22	254	149	0.904598485862
19587	0	32	2	64	424	149	1
19588	3	3	2	0	207	149	0.00132070346111
19592	2	95	0	73	267	149	0.797890312827
19598	29	4	43	9	208	149	0.47478066229
19599	10	4	15	9	217	149	0.538728408395
19600	10	0	28	2	237	149	0.115812763139
19602	69	2	18	0	233	149	0.302457610561
19603	2	39	0	10	202	149	0.445420970835
19605	91	2	14	0	227	149	0.489860930871
19609	4	68	0	20	181	149	0.114478427426
19610	5	68	0	20	281	149	0.113670190143
19613	189	2	38	0	200	149	0.600965995842
19620	1836	5	638	0	1236	149	0.272591158864
19622	0	76	2	87	244	149	0.606444711222
19623	17	76	4	87	369	149	0.00188386779401
19625	2	29	0	3	248	149	0.329859777482
19626	2	0	2	2	221	149	0.00444663212125
19627	14	82	2	14	221	149	0.621971585409
19628	31	82	7	14	306	149	0.804104234489
19629	31	12	5	0	306	149	0.00201661122006
19633	146	1	283	0	206	149	1
19635	1	152	5	286	267	149	1
19637	309	2	457	6	251	149	0.291362769046
19639	502	6	624	13	313	149	0.233942703618
19641	8	55	7	106	251	149	0.175049013428
19642	2	55	0	106	205	149	0.551574297415
19644	537	1	90	0	230	149	1
19645	1423	2	322	0	275	149	1
19646	1016	4	267	0	240	149	1
19647	540	1	133	0	240	149	1
19648	1301	1	319	2	255	149	1
19649	1177	3	293	0	243	149	1
19650	950	1	279	0	230	149	1
19652	1427	1	372	0	271	149	1
19657	75	14	27	9	262	149	0.262321957466
19688	29	2	107	9	203	149	0.620397101102
19689	0	3	2	283	287	149	1
19691	33	0	38	1	331	149	0.256273829326
19692	75	2	64	0	383	149	0.201752486453
19693	5	64	0	24	252	149	0.0775819661967
19698	32	0	28	3	331	149	0.0133618095977
19699	31	2	37	3	331	149	0.726448515866
19705	3	645	0	46	164	149	1
19706	937	9	55	0	307	149	0.289012275568
19707	997	9	57	0	311	149	0.319404352422
19708	2154	9	129	0	659	149	0.328728346376
19709	822	3	42	0	298	149	1
19711	1774	3	101	0	370	149	1
19712	19	1	1	0	192	149	0.242613734225
19713	364	77	51	7	367	149	0.253902280817
19714	143	0	30	4	175	149	0.00248657861137
19716	15	108	3	24	198	149	0.711917408213
19719	85	0	186	2	214	149	0.564972684967
19721	550	2	32	2	263	149	0.227890854831
19722	148	213	5	17	212	149	0.0565271740583
19723	867	2	48	0	262	149	1
19724	46	255	0	4	210	149	0.0165088431525
19727	2	0	10	2	248	149	0.0383054876774
19731	2	0	1	2	274	149	0.000923789024069
19734	4	33	2	14	200	149	0.81936556011
19735	178	4	28	0	235	149	0.201707151972
19736	59	15	12	2	296	149	0.441213697957
19737	1	18	0	31	304	149	0.351487442165
19743	321	5	29	2	192	149	0.450708195593
19744	395	1	37	0	240	149	1
19755	6	70	4	37	188	149	0.934211013789
19756	163	21	40	4	263	149	0.538739474215
19758	509	1	76	1	285	149	0.371587200085
19759	514	3	60	0	263	149	1
19760	397	2	66	0	269	149	1
19761	147	8	18	1	260	149	0.831597905878
19762	349	1	71	0	259	149	1
19763	203	2	36	0	259	149	0.53946619916
19764	50	2	27	0	247	149	0.188181566889
19765	197	2	64	0	247	149	0.542562921931
19766	0	39	1	14	271	149	0.290473759456
19767	16	30	33	13	1232	149	0.000584618292793
19768	37	13	18	4	223	149	0.405589568429
19769	76	2	38	0	281	149	0.30621268471
19770	37	1	11	2	721	149	0.0840378101996
19771	77	1	15	2	243	149	0.0857832039806
19782	282	0	362	1	187	149	1
19783	461	2	292	0	328	149	1
19787	1263	29	875	16	3017	149	0.484781285411
19788	17	29	35	16	273	149	0.00231779259273
19789	192	2	236	7	512	149	0.113920988312
19790	157	1	140	1	294	149	0.733768147079
19791	100	1	74	1	291	149	0.922532411956
19792	1	31	8	123	413	149	0.254000545368
19793	1	0	7	2	413	149	0.0107759159228
19794	67	0	162	5	197	149	0.0859219902932
19809	5	24	2	2	329	149	0.470000714755
19810	79	1	1	0	266	149	0.398365953871
19811	37	0	2	1	285	149	0.0525260462139
19812	57	1	5	0	297	149	0.308038069994
19813	39	12	3	0	340	149	0.00452556784032
19816	11	0	304	4	291	149	0.351327150469
19817	10	0	27	2	223	149	0.118108728268
19820	1	0	0	2	248	149	2.64519051228e-05
19834	19	4	26	2	217	149	0.220888775214
19835	2	0	15	2	217	149	0.0742612578408
19837	25	3	38	4	252	149	0.884529670058
19838	2	0	68	3	327	149	0.088923398061
19839	2	0	67	3	314	149	0.0921227913663
19840	86	2	121	0	363	149	0.391417341872
19841	101	2	99	0	315	149	0.688929948184
19842	0	26	5	48	245	149	0.0378444554089
19843	0	2	1	2	245	149	0.761368247936
19844	5	1	2	0	302	149	0.0914179814665
19851	119	1	48	0	431	149	0.379998171569
19859	1237	1	652	1	312	149	1
19860	249	1	125	1	219	149	1
19861	958	4	496	1	227	149	1
19862	1378	12	721	5	273	149	0.565726272021
19863	10	12	0	7	226	149	0.000420150427639
19864	5	1	2	1	331	149	0.46895134603
19868	31	1	3	1	233	149	0.769287429418
19870	197	0	76	1	244	149	0.412236886982
19872	207	6	63	0	282	149	0.0415070123468
19876	27	206	0	29	255	149	0.00310018193572
19877	12	77	0	4	255	149	0.0277175158158
19879	370	77	43	4	272	149	0.069350492914
19880	188	1	14	0	272	149	1
19883	71	0	23	2	249	149	0.0866822468548
19884	46	6	11	1	200	149	0.515757328383
19887	2	3	0	2	216	149	0.0284043735618
19889	22	1	25	0	316	149	0.231056929935
19890	52	4	5	0	255	149	0.0297694530182
19891	15	2	6	0	244	149	0.0582204246718
19892	20	16	5	4	225	149	0.995769457878
19893	3	10	0	8	261	149	0.0303953196814
19894	2	10	0	8	195	149	0.0762180596615
19896	1	0	8	43	583	149	0.00962847622669
19898	58	3	83	0	354	149	0.0247070894868
19899	123	3	174	0	378	149	0.0855014627917
19903	0	2	31	0	275	149	7.96254087221e-07
19904	2	0	5	2	184	149	0.023528213371
19905	40	2	27	0	203	149	0.191212660038
19917	6	92	2	21	327	149	0.688953365529
19918	170	0	52	2	300	149	0.360785292397
19919	59	0	38	1	290	149	0.265447062953
19920	7	30	2	12	354	149	0.50198465222
19926	310	2	441	0	232	149	1
19927	4	0	1	4	388	149	2.48716595808e-05
19929	87	3	40	0	390	149	0.0693122587047
19930	64	1	18	2	288	149	0.124631834721
19931	13	19	2	6	232	149	0.265118164501
19932	23	18	7	8	247	149	0.481593578905
19933	105	0	23	1	306	149	0.280895033615
19934	5	4	2	4	312	149	0.333187809683
19935	4	14	0	16	299	149	0.0134102460963
19937	5	61	0	41	275	149	0.0558100464064
19938	1	61	0	41	280	149	1
19939	162	0	87	2	304	149	0.707182982047
19962	111	0	30	2	186	149	0.337329870087
19963	70	0	17	2	186	149	0.105237827305
19964	75	1	15	0	202	149	0.488023980051
19965	192	42	30	19	202	149	0.00488958945985
19966	77	13	15	5	202	149	0.352886552848
19967	76	0	15	4	202	149	0.000414521897467
19968	1	0	0	1	202	149	7.47696657943e-05
19969	5	42	0	19	287	149	0.0450366194293
19970	4	117	0	15	287	149	0.639622219868
19972	2	0	2	2	232	149	0.0040426697848
19973	39	0	15	4	232	149	0.000947528557523
19974	71	1	10	0	232	149	0.406843723135
19975	172	2	23	0	271	149	0.531311937826
19976	172	2	23	0	309	149	0.623813289189
19977	174	2	26	0	309	149	0.583634272475
19978	28	4	3	0	240	149	0.0112049117881
19979	20	5	3	3	240	149	0.114614503308
19980	24	0	6	4	174	149	0.000270771238334
19981	16	1	1	0	174	149	0.23719332113
19982	17	2	5	2	174	149	0.356907207211
19983	96	4	39	0	174	149	0.0986310277965
19985	15	5	1	3	174	149	0.0293449196356
19992	1	2	0	3	257	149	0.857215688836
19993	8	38	1	47	194	149	0.00259827126064
19994	199	2	99	3	224	149	0.248623616863
19996	649	1	272	0	293	149	1
19997	283	0	130	1	361	149	0.474109253437
19998	556	2	109	0	371	149	1
20009	5	0	8	1	228	149	0.512201050218
20011	2	6	2	8	302	149	0.862018663152
20012	14	0	6	1	226	149	0.608066920734
20016	0	4	3	13	326	149	0.0744331177131
20017	24	4	18	0	203	149	0.0073887798415
20019	31	0	21	2	209	149	0.0760633695786
20020	64	1	20	0	295	149	0.328728726435
20021	936	1	410	2	1015	149	0.6856396796
20022	970	1	431	2	997	149	0.633072103519
20024	31	0	29	4	293	149	0.00415141496068
20025	107	0	60	4	275	149	0.0075562558271
20026	161	4	115	2	275	149	0.545130935271
20028	63	3	35	0	233	149	0.0821864942074
20029	34	3	25	0	242	149	0.0331873717073
20030	4	21	0	23	161	149	0.00901780938028
20032	40	1	24	0	294	149	0.27108275438
20035	89	0	389	2	275	149	1
20037	91	1	102	0	271	149	0.445197181341
20047	336	4	43	0	189	149	0.712851310194
20048	473	0	70	1	206	149	0.449495602433
20049	584	1	79	0	279	149	1
20050	347	2	50	0	224	149	1
20051	499	13	68	2	239	149	0.772088922269
20054	1	0	5	17	204	149	0.00271679572693
20056	0	1	6	5	401	149	0.00520828237239
20057	4	0	2	17	309	149	6.06119669266e-06
20058	4	1	2	5	309	149	0.0329230359728
20059	150	0	111	2	260	149	0.633140949083
20060	141	2	100	0	254	149	0.538975283303
20061	0	22	2	41	292	149	0.531576243335
20064	2	0	6	1	425	149	0.0767264817608
20065	2	0	1	1	240	149	0.016425931404
20068	421	0	1820	2	269	149	1
20069	1	0	67	1	366	149	0.303213223568
20070	1	0	87	1	277	149	0.414953000042
20071	1	0	56	1	251	149	0.332687099551
20072	1	0	52	1	248	149	0.323576543891
20075	20	0	123	13	358	149	0.00310642022852
20076	5	13	0	96	306	149	0.000337875926732
20078	3	119	0	98	308	149	0.713796500755
20084	176	1	54	0	266	149	1
20085	12	130	7	39	196	149	0.289160905351
20090	156	0	137	2	257	149	0.54684167172
20091	139	2	89	0	200	149	0.527545303518
20094	183	0	107	1	236	149	0.623409025682
20096	2	2	0	4	226	149	0.0146485315939
20097	2	2	0	4	237	149	0.0156747921334
20107	12	63	6	17	210	149	0.397634346296
20116	9	4	0	1	290	149	0.00207512582473
20122	3	0	5	2	224	149	0.0165661994386
20152	3	48	4	34	177	149	0.430265474519
20154	41	4	14	0	240	149	0.0179480075064
20155	254	0	79	1	326	149	0.346922023434
20166	1	1	122	6	322	149	0.182198559392
20167	61	38	41	71	651	149	0.00110814381612
20168	405	5	181	0	316	149	0.188428785384
20169	625	1	209	0	300	149	1
20172	739	2	72	0	256	149	1
20173	54	586	41	161	260	149	0.000197452366962
20174	1427	3	302	0	293	149	1
20175	1285	6	208	0	230	149	1
20176	1452	17	241	6	269	149	0.262313414714
20177	2	16	0	4	247	149	0.187576926704
20181	22	0	134	1	245	149	1
20182	293	4989	13	155	227	149	0.42782081541
20183	766	13	33	0	227	149	0.13973330821
20184	7934	13	247	0	227	149	1
20185	3044	474	93	20	227	149	0.328902044622
20186	9440	35	237	2	251	149	0.600716239787
20187	3	4634	1	143	284	149	1
20188	504	2	289	0	376	149	1
20191	30	0	54	1	986	149	0.308164897432
20208	670	0	168	2	264	149	0.530177783304
20210	551	2	132	2	205	149	0.528797983848
20215	54	0	130	2	272	149	0.584105356759
20217	2	0	1	24	229	149	3.54211952334e-05
20219	2	0	0	2	208	149	1.73311106757e-05
20220	2	1	5	0	464	149	0.0142533049003
20221	4	1	10	1	295	149	0.506645482989
20223	6	3	2	4	199	149	0.143104253397
20224	2	5	0	1	206	149	0.0523090788307
20226	6	2	11	0	345	149	0.00808603171565
20230	384	203	7	8	284	149	0.128880424845
20231	130	0	4	2	284	149	0.00314806634321
20232	128	3	4	0	284	149	0.230103698692
20233	248	0	12	2	206	149	0.0864853208381
20234	299	2	7	0	206	149	1
20235	606	1	21	0	356	149	1
20236	395	2	5	0	251	149	1
20238	834	92	19	1	251	149	0.185836210221
20239	26	98	7	29	257	149	0.763719549291
20240	104	38	19	24	170	149	0.00115342130763
20241	77	38	25	24	167	149	0.0738336286135
20242	141	4	50	0	220	149	0.127361875827
20243	895	1	274	1	577	149	0.690690488205
20244	412	2	167	0	300	149	1
20245	65	2	97	3	346	149	0.957204187968
20249	34	1	24	0	282	149	0.258236602463
20250	128	3	64	1	368	149	0.460504819016
20251	34	1	22	1	272	149	0.957579718122
20261	107	0	850	1	208	149	1
20262	134	2	241	0	316	149	0.638843361152
20264	715	33	906	63	203	149	0.106348584456
20265	137	0	239	2	267	149	0.576048271578
20266	909	0	907	8	267	149	0.491648519636
20267	2	323	0	338	219	149	1
20268	354	61	501	212	251	149	1.80665534131e-05
20269	709	4	299	0	283	149	1
20270	1743	2	527	0	392	149	1
20271	6302	1	2648	0	2395	149	1
20272	896	1	346	0	371	149	1
20273	2	31	9	246	281	149	0.616836795168
20274	1407	0	968	1	226	149	1
20277	3883	2	1371	0	1685	149	1
20281	30381	2	6910	1	239	149	1
20282	6130	0	5130	1	209	149	1
20283	2897	2	5738	0	248	149	1
20284	599	0	3713	2	347	149	1
20289	38	2	12	0	286	149	0.131386957236
20290	61	5	25	2	298	149	0.869803620764
20291	67	1	23	0	259	149	0.364886128032
20292	98	4	27	0	243	149	0.0726207174402
20293	107	6	27	1	312	149	0.433812217827
20308	0	60	2	14	237	149	0.329885141924
20309	36	140	6	268	234	149	6.76880218542e-10
20310	96	5	20	0	234	149	0.035219188496
20313	3182	20	1553	4	216	149	1
20314	4340	0	3028	2	190	149	1
20317	154	0	254	4	627	149	0.0499269165984
20321	31	3	10	0	278	149	0.0313705002105
20323	29	2	7	0	220	149	0.136817526312
20326	103	1	74	1	295	149	0.9256638135
20327	18	0	38	1	295	149	0.264406239914
20328	270	0	146	1	399	149	0.481473281189
20329	358	5	183	1	399	149	0.180416938135
20330	158	5	94	1	278	149	0.141449045823
20331	8	66	7	45	280	149	0.69453329604
20332	8	60	6	6	280	149	0.00839385763759
20333	161	5	84	1	239	149	0.177670515626
20334	1	8	2	5	185	149	0.293692095622
20335	91	3	15	0	218	149	0.186531232333
20342	0	1	2	156	278	149	1
20348	31	49	0	9	232	149	0.000237284192059
20358	104	0	64	1	225	149	0.386673247362
20360	6	0	10	1	220	149	0.362515730897
20370	727	1	120	0	302	149	1
20371	534	0	207	1	250	149	1
20372	203	4	82	4	250	149	0.280797465013
20373	202	4	132	4	243	149	0.607539547867
20374	544	4	258	1	243	149	0.714835750419
20375	590	4	250	11	238	149	0.000770082737697
20376	177	4	75	0	368	149	0.0783411224896
20377	187	4	88	0	255	149	0.13345301528
20378	667	2	202	0	300	149	1
20380	28	3	10	7	228	149	0.00878276568035
20381	46	225	12	67	228	149	0.638685260824
20382	7	225	11	67	278	149	0.00160449938924
20383	8	22	5	3	278	149	0.07884577344
20386	571	0	284	2	315	149	0.57910496513
20387	396	8	280	5	310	149	0.760774356437
20391	940	2	129	0	321	149	1
20393	1084	0	142	1	498	149	0.388032424046
20394	283	0	28	1	354	149	0.233771695001
20397	113	1	57	0	250	149	0.620505577935
20399	10	12	8	11	257	149	0.821882031518
20419	0	2	1	69	253	149	1
20427	337	8	81	0	280	149	0.0375737497088
20428	319	1	153	0	220	149	1
20429	152	2	110	0	199	149	0.53501851931
20434	9	1	6	8	242	149	0.00457321221323
20435	6	0	14	1	276	149	0.329563589503
20436	24	5	17	6	270	149	0.426797892639
20448	157	0	71	1	261	149	0.376011967379
20449	23	158	0	60	201	149	0.00011515843975
20456	2	19	0	39	233	149	0.395794464179
20462	2	0	0	1	224	149	4.32753954039e-05
20479	2	25	0	209	352	149	0.637666630055
20482	1	154	0	148	280	149	1
20483	1	0	0	1	280	149	6.94048278854e-05
20484	170	0	319	1	292	149	1
20486	10	2	9	0	218	149	0.0359830177957
20492	49	10	19	2	283	149	0.287668786428
20493	133	31	45	8	283	149	0.47463080036
20494	5	33	8	18	317	149	0.0924258291046
20495	5	33	10	18	462	149	0.031920629155
20496	60	0	25	1	304	149	0.364389275861
20508	0	1	4	0	272	149	1.82414338883e-05
20512	69	2	60	1	1167	149	0.495219779091
20513	10	2	27	0	287	149	0.0150859140353
20514	19	2	23	4	215	149	0.508721001686
20515	2	0	38	2	362	149	0.117370866084
20516	6	0	23	2	306	149	0.0753070796264
20517	10	4	31	0	345	149	0.000195467253392
20521	2	0	5	4	275	149	0.00102367526114
20522	2	0	4	3	275	149	0.0011367586631
20524	19	0	1	2	253	149	0.000314138507015
20525	25	0	3	2	259	149	0.00225530164665
20526	20	1	3	0	226	149	0.238411853861
20527	11	2	2	0	248	149	0.0432504344061
20531	16	23	1	5	397	149	0.0744615942577
20532	34	4	6	0	287	149	0.0106314815485
20533	53	3	5	0	347	149	0.0555339934737
20534	22	0	1	1	254	149	0.0198784749132
20535	2	248	0	88	216	149	1
20536	517	15	120	2	245	149	0.248636790341
20544	0	1	2	0	597	149	3.88727283667e-05
20569	395	2	158	0	212	149	1
20570	406	3	339	0	317	149	0.636997373212
20571	493	0	413	4	359	149	0.451964212751
20572	177	0	155	3	260	149	0.374525231571
20573	402	4	333	1	314	149	0.482416567587
20575	149	4	269	0	255	149	0.0769615597545
20580	53	1	5	1	283	149	0.866563699651
20585	27	4	4	0	251	149	0.0093142959295
20588	1	0	4	2	242	149	0.0116398167341
20596	0	71	2	84	418	149	1
20599	396	9	33	2	221	149	0.777154138364
20600	522	0	62	1	297	149	0.323296985873
20601	66	164	17	11	406	149	0.00287078322005
20602	64	32	107	155	493	149	0.000189784794178
20603	108	32	131	155	482	149	1.64961275528e-07
20606	5	192	2	59	252	149	0.73447889477
20607	503	0	180	4	217	149	0.216772840469
20609	1511	3	388	0	261	149	1
20610	825	2	317	0	218	149	1
20633	19	63	181	8	389	149	0
20634	210	230	199	28	296	149	0
20635	84	3	20	0	296	149	0.11173636976
20636	95	230	102	28	225	149	3.33066907388e-16
20637	92	456	47	292	4200	149	1
20641	4	251	6	83	398	149	0.145935509843
20645	53	215	21	130	248	149	0.150778186238
20646	4	215	0	130	302	149	1
20647	4	33	0	15	302	149	0.0750557408836
20655	880	2	243	3	323	149	0.586201501936
20660	553	2	132	0	231	149	1
20676	9	21	0	4	286	149	0.00618082355078
20679	24	21	0	4	281	149	0.000619084845492
20680	33	44	1	21	281	149	3.57686085047e-05
20683	18	2	1	0	281	149	0.0688802431368
20684	15	21	0	4	425	149	0.00288566694123
20685	7	21	0	4	360	149	0.0132048031247
20686	2	21	1	4	242	149	0.511129694598
20688	2	9	1	0	242	149	0.000614447430945
20692	54	44	8	21	270	149	0.00773172205606
20695	42	18	4	1	270	149	0.427871044982
20697	46	17	60	3	229	149	0.000278467550519
20699	1	63	2	52	258	149	0.527169472621
20701	725	4	377	0	268	149	1
20702	108	2	96	2	268	149	0.926118155014
20703	1105	2	308	2	270	149	0.79478494487
20704	1699	1	584	1	270	149	1
20705	149	2	28	2	289	149	0.25084086135
20706	718	1	284	1	289	149	1
20708	612	2	383	0	224	149	1
20709	534	0	127	2	354	149	0.767038582335
20710	284	4	88	0	320	149	0.203756727491
20711	43	71	32	24	194	149	0.0268032870648
20717	2	3	1	0	251	149	0.00044797806843
20720	21	0	7	2	348	149	0.00750654578769
20723	147	1	110	0	279	149	1
20724	81	2	10	0	257	149	0.307506249453
20731	1	0	0	2	211	149	3.01495668343e-05
20735	146	2	140	0	286	149	0.559163580525
20737	1	20	0	4	236	149	0.322388986235
20741	126	0	23	2	308	149	0.0790142330103
20743	104	3	21	7	304	149	0.000456634422147
20745	29	3	8	7	216	149	0.00329102734695
20746	103	0	27	2	216	149	0.202896581789
20761	0	55	2	19	389	149	0.751666225606
20762	0	55	2	19	342	149	0.835213718441
20770	2	0	46	4	225	149	0.0317458849052
20774	547	1	102	2	256	149	0.678120036548
20775	301	0	86	4	289	149	0.0110376508668
20776	28	93	44	93	266	149	0.143409585437
20780	80	0	66	1	239	149	0.379443984865
20781	38	2	38	0	234	149	0.154322507302
20782	50	3	47	0	313	149	0.0333016351948
20783	1	15	0	23	271	149	0.297793497852
20809	12431	59	990	10	435	149	0.108049512833
20811	0	3	2	8	208	149	0.079414215642
20812	22	2	8	0	205	149	0.106010030304
20867	3	2	2	3	460	149	0.471427066921
20868	0	5	4	12	395	149	0.0311973282361
20869	2	0	9	2	1463	149	0.00135251090687
20883	4	1	8	4	239	149	0.467182968687
20885	0	3	2	1	238	149	0.00678676635351
20886	5337	0	1249	3	375	149	1
20888	5306	1	952	0	317	149	1
20889	2830	3	546	0	236	149	1
20891	2417	1	459	0	307	149	1
20892	177	322	87	133	245	149	0.439204762409
20898	8	47	4	11	302	149	0.465549935235
20902	6	4	0	7	1049	149	0.00276449353319
20903	5	0	22	2	248	149	0.0922350983331
20906	2	0	21	2	196	149	0.120700508087
20912	186	2	139	0	395	149	0.588264952415
20918	44	2	17	0	285	149	0.145686096363
20919	23	2	13	2	285	149	0.652107140136
20920	119	2	19	2	352	149	0.198171875446
20921	141	3	25	2	352	149	0.402103887672
20922	16	2	2	0	291	149	0.0560152231178
20923	40	1	4	0	256	149	0.283865876933
20924	44	1	16	1	276	149	0.947159927932
20925	43	2	18	0	314	149	0.127833900791
20926	70	141	22	39	251	149	0.763826218772
20932	385	1	90	0	262	149	1
20933	317	8	87	0	242	149	0.0422996113244
20936	2	2	4	1	182	149	0.244516794528
20937	1	2	2	0	359	149	0.00050605429583
20943	757	9	842	2	209	149	0.360952254462
20944	13	0	110	2	209	149	0.745104393931
20945	13	0	109	2	209	149	0.785964763668
20946	3904	0	2370	2	479	149	1
20947	4689	0	3141	2	479	149	1
20948	1116	0	808	2	273	149	1
20949	1116	0	808	1	273	149	1
20950	3340	13	2715	0	358	149	1
20951	2941	0	2247	2	267	149	1
20952	2524	1	1690	0	232	149	1
20953	2161	5	1337	1	225	149	1
20954	934	4	648	1	225	149	1
20958	4	33	0	13	240	149	0.0574480107639
20996	47	1	3	0	244	149	0.30805675942
20997	10	11	0	1	244	149	0.00542092568395
20998	59	13	1	0	274	149	0.0104981315571
20999	53	11	1	1	199	149	0.461449465119
21000	107	13	4	0	199	149	0.0168060065452
21014	6	0	15	2	293	149	0.0466436368933
21015	31	0	25	2	264	149	0.0642525559662
21016	13	5	6	14	257	149	0.00642511065549
21017	26	0	29	1	264	149	0.250437977451
21018	50	2	32	0	252	149	0.188784055473
21019	13	1	12	0	250	149	0.301046083218
21020	36	3	25	0	399	149	0.0182297536173
21023	128	0	488	2	199	149	1
21024	0	128	3	403	549	149	1
21025	37	4	135	0	208	149	0.00305140206731
21026	44	0	92	1	270	149	0.450803244626
21027	0	44	1	106	247	149	1
21032	25	0	6	1	334	149	0.821242281972
21035	482	12	187	0	311	149	0.00604646465647
21039	504	0	51	1	183	149	0.381256823217
21040	384	2	43	0	238	149	1
21041	216	0	192	4	247	149	0.157285875886
21042	343	0	258	2	254	149	0.648748601882
21051	0	9	2	53	244	149	0.53248859722
21053	38	0	102	1	283	149	0.47436263882
21057	54	40	17	48	249	149	0.000199875718237
21058	84	34	21	13	268	149	0.317646730113
21059	67	3	23	0	311	149	0.073126716089
21060	37	2	7	1	311	149	0.563117372684
21061	11	2	4	1	282	149	0.7874699545
21062	57	19	24	5	282	149	0.332101535454
21063	94	2	118	1	1343	149	0.343769761494
21064	140	19	138	5	1343	149	0.00534112898492
21065	42	0	41	4	297	149	0.0072275278371
21068	241	3	132	0	240	149	0.746375708088
21069	557	6	180	2	230	149	1
21072	124	6	83	7	345	149	0.35046877333
21073	60	6	43	7	340	149	0.410280053307
21075	42521	0	37726	3	320	149	1
21076	77689	0	74178	3	329	149	1
21077	61	0	66	1	251	149	0.368333802749
21081	0	206	2	176	189	149	1
21082	675	2	367	1	221	149	1
21107	38	2	26	0	244	149	0.129198774469
21110	21	0	25	2	264	149	0.0746622831121
21113	117	2	284	10	302	149	0.200267972291
21114	107	0	165	6	302	149	0.0135360771352
21115	6	14	0	123	220	149	1.14999660238e-05
21116	9	0	158	6	311	149	0.0387311216039
21117	21	4	271	4	311	149	0.00446782706687
21118	19	0	289	2	299	149	0.615426905088
21121	0	1	2	2	266	149	0.0263032848127
21122	0	4	2	6	193	149	0.0495142713366
21123	151	2	43	0	208	149	0.529795100239
21127	102	1	24	0	255	149	0.528593176478
21128	223	6	64	2	255	149	0.780041097583
21129	105	6	24	2	265	149	0.7145763343
21130	8	6	0	2	278	149	0.00195320102141
21131	9	123	0	40	278	149	0.0336195381503
21133	245	0	73	2	255	149	0.709925431485
21134	268	4	68	1	291	149	0.70178317422
21135	1	67	0	28	242	149	1
21138	2	0	9	1	248	149	0.509979342056
21140	2	108	0	20	252	149	1
21146	9	0	23	3	218	149	0.0286274059094
21153	28	2	14	0	263	149	0.0973728591492
21155	84	0	46	2	1108	149	0.0211158401452
21162	198	2	64	0	203	149	0.61951382118
21164	140	0	46	2	230	149	0.434846862667
21165	14	0	31	4	191	149	0.0155286073415
21166	365	0	72	2	275	149	0.613167027658
21167	279	1	61	0	342	149	1
21168	246	2	83	0	292	149	0.555706645926
21179	70	0	63	7	202	149	0.000854109363661
21180	3	62	2	60	228	149	0.614037533233
21183	2	2	1	0	634	149	0.000483425627198
21188	53	677	24	518	321	149	0.0589699803115
21189	20	677	4	518	238	149	0.0573725394847
21190	1032	3	670	3	322	149	1
21191	1410	13	838	22	223	149	0.00496127294312
21192	109	4	88	4	306	149	0.773953103065
21193	4	101	0	72	234	149	0.357466238533
21194	94	4	89	9	194	149	0.132793694034
21195	2	49	2	66	203	149	0.835033216569
21199	0	2	56	0	216	149	1.33710203432e-06
21209	311	7	126	0	267	149	0.04484177946
21239	14	4	115	4	203	149	0.0178203418382
21241	27	1	7	0	200	149	0.269271611226
21247	13	0	34	12	214	149	0.000455260568445
21248	1	78	0	78	371	149	1
21250	712	1	19	0	262	149	1
21251	3214	15	40	0	239	149	1
21256	6	72	0	21	238	149	0.0497470608206
21257	35	1	10	0	200	149	0.297255894458
21258	38	2	7	0	200	149	0.199197406884
21259	46	20	13	4	200	149	0.486603735957
21262	1	20	0	4	200	149	0.297839359421
21263	16	13	5	2	200	149	0.309996890713
21264	6	20	1	8	200	149	0.240538720777
21265	10	20	0	4	212	149	0.0034485400541
21266	21	20	2	8	212	149	0.0339843622223
21270	61	4	26	0	209	149	0.0388091475857
21271	27	68	8	27	274	149	0.460978285701
21272	128	3	49	2	272	149	0.914354893221
21276	59	3	50	0	239	149	0.0592211502179
21277	141	4	51	0	252	149	0.104620214399
21279	864	2	416	0	275	149	1
21280	1413	0	605	1	221	149	1
21281	1411	4	627	1	259	149	1
21282	771	0	324	2	259	149	1
21283	779	4	331	1	284	149	1
21284	239	0	292	2	230	149	1
21288	0	1	6	81	236	149	0.0993217511527
21295	30	1	19	0	175	149	0.294807097701
21296	5	28	0	19	300	149	0.0196777477567
21298	3	41	0	14	220	149	0.158348487468
21299	49	2	19	0	271	149	0.168123460173
21300	3	13	0	6	241	149	0.045110453053
21308	239	1	129	0	228	149	1
21309	523	1	257	0	236	149	1
21310	2	179	0	85	284	149	1
21311	44	13	32	9	311	149	0.913659007057
21312	154	6	68	0	319	149	0.0144814748243
21313	85	3	66	0	287	149	0.0759757734327
21315	54	0	41	2	240	149	0.188359880406
21328	3	2	0	8	413	149	0.00399585062072
21331	12	2	11	4	262	149	0.362063374158
21334	66	0	7	2	347	149	0.0065419676664
21338	4	12	0	16	227	149	0.00634521037482
21343	0	2	17	0	305	149	9.00978209928e-07
21346	133	0	42	1	307	149	0.271520208142
21348	10	97	1	11	194	149	0.589931447863
21349	201	8	46	2	245	149	0.818858484192
21350	241	2	35	0	218	149	0.740695234402
21351	219	1	53	0	266	149	1
21352	2	23	1	11	266	149	0.869093221726
21355	29	1	18	0	291	149	0.244884899901
21369	23	2	28	4	274	149	0.510126509643
21370	6	2	2	4	163	149	0.0710194268251
21376	26	9	23	100	326	149	8.38802549641e-09
21377	2	0	21	19	326	149	0.00278347331597
21378	532	3	410	0	314	149	0.74298801049
21380	0	1728	4	3124	234	149	1
21382	2	0	0	263	295	149	7.53580959243e-05
21383	2	0	450	5	214	149	0.600837149636
21391	68	0	456	3	229	149	1
21392	83	0	102	1	247	149	0.548861547236
21395	0	3	2	9	242	149	0.106054144589
21402	8	0	257	1	371	149	1
21410	76	11	4	1	313	149	0.711978422378
21411	136	11	7	1	287	149	0.503475968608
21418	55	0	58	1	287	149	0.314196801779
21419	25	0	21	1	215	149	0.243005415577
21420	127	0	114	3	284	149	0.129385061655
21421	24	0	26	3	219	149	0.0242667667164
21422	14	40	8	38	380	149	0.293963625662
21429	1572	0	1731	1	356	149	1
21430	2825	0	2966	1	324	149	1
21431	683	0	781	1	219	149	1
21432	2214	3	1577	0	239	149	1
21440	3672	3	1542	9	1238	149	0.00315404171909
21441	3607	0	1517	2	1238	149	1
21442	3607	4	1515	12	1238	149	0.000310703067816
21443	3607	0	1515	2	1236	149	1
21452	2	0	27	4	239	149	0.010840845223
21453	25	241	4	152	216	149	0.00305718546978
21455	374	1	239	0	280	149	1
21456	290	3	201	0	210	149	0.634811461531
21457	161	3	67	0	173	149	0.871824032595
21459	1	25	0	11	267	149	0.406234660785
21460	71	4	21	0	254	149	0.0408960675403
21461	34	18	10	6	255	149	0.81758297533
21462	28	0	10	2	233	149	0.0208915656845
21463	57	1	10	0	233	149	0.348169277289
21464	31	2	13	0	305	149	0.0960133379249
21468	480	1	350	2	1700	149	0.320365009067
21469	436	1	345	2	1428	149	0.344539544266
21470	35	4	38	11	223	149	0.106239363658
21474	264	1	209	0	315	149	1
21485	20	0	77	1	192	149	0.530009341856
21498	17	2	4	0	624	149	0.0202717466064
21520	2	0	6	18	300	149	0.00100673322485
21522	2	0	6	1	300	149	0.110366420259
21523	2	0	6	18	296	149	0.000997199315119
21525	388	10	334	8	189	149	0.847710919134
21526	471	2	320	0	182	149	1
21532	108	9	25	0	413	149	0.00384969459427
21533	322	2	33	0	410	149	0.540396096157
21535	44	4	37	0	238	149	0.013343593477
21537	39	1	20	0	267	149	0.275145337912
21538	20	4	10	10	290	149	0.0135464550285
21540	203	2	64	0	280	149	0.530366856001
21541	109	1	38	0	280	149	0.512889448691
21542	106	1	47	0	324	149	0.435819232548
21543	200	2	75	2	324	149	0.491055804458
21544	133	1	37	0	324	149	0.545006571797
21545	6	1	20	0	257	149	0.453466253054
21546	75	4	57	3	257	149	0.96048743264
21547	248	2	53	0	232	149	0.697221132997
21548	254	1	60	0	235	149	1
21549	183	1	69	3	208	149	0.104643625648
21550	97	1	36	3	211	149	0.041794873657
21551	145	4	38	0	258	149	0.118106580944
21553	2	2	1	0	231	149	0.00440390621302
21555	3	0	2	2	231	149	0.00377609354808
21557	9	11	16	8	368	149	0.139092625166
21559	67	1	101	0	293	149	0.337184642241
21565	0	83	6	240	327	149	0.767529750754
21566	0	83	2	240	303	149	1
21567	78	0	199	4	250	149	0.160927342186
21568	117	0	430	4	275	149	0.889959387243
21572	42	0	166	4	235	149	0.163462960362
21582	0	3	2	11	209	149	0.112675455892
21584	22	0	209	11	273	149	0.0172135153938
21585	59	0	550	11	224	149	0.0836258618928
21598	25	0	495	2	2845	149	0.192724305685
21599	25	0	517	2	2631	149	0.217294123494
21600	6	0	147	2	975	149	0.168811306855
21601	0	9	3	1	305	149	0.000592326719958
21603	11	20	4	7	277	149	0.96097696068
21604	20	54	5	25	277	149	0.194154345289
21605	43	15	2	2	341	149	0.228313268156
21606	45	371	4	60	341	149	0.141628147502
21607	12	371	2	60	266	149	0.837953399457
21609	1586	2	374	2	730	149	0.563422790511
21610	2	179	0	75	226	149	1
21611	2	179	0	75	203	149	1
21614	20	4	12	1	221	149	0.300219426115
21615	50	4	24	1	251	149	0.332594229183
21616	32	50	10	12	251	149	0.652210727277
21617	12	50	5	12	200	149	0.518292637668
21618	25	1	18	0	200	149	0.26148237591
21619	165	0	45	2	341	149	0.216519224137
21620	117	1	29	0	341	149	0.453897178448
21621	16	1	11	0	245	149	0.241874775222
21622	65	1	25	0	245	149	0.370256334937
21627	4	10	0	4	349	149	0.0203696631402
21628	1181	4	959	0	491	149	0.828258714851
21629	1386	1	546	2	254	149	1
21630	689	0	268	1	254	149	1
21631	25	705	10	289	180	149	0.892904402644
21632	76	0	179	1	261	149	1
21633	766	4	453	11	261	149	0.00637080985494
21634	622	0	564	2	253	149	1
21637	6	3	2	0	205	149	0.00445584045724
21639	9	4	0	2	203	149	0.000693005606404
21640	3	4	2	2	242	149	0.792367941271
21641	5	2	2	0	242	149	0.0153636104608
21652	22	0	6	2	290	149	0.00695328557573
21658	0	1	4	3	216	149	0.00151282444434
21660	3	0	16	4	280	149	0.00303311989191
21661	2	0	13	4	272	149	0.00283512912423
21671	2	0	12	19	362	149	0.00197281678534
21672	2	0	13	9	362	149	0.00246296916477
21673	2	0	6	9	288	149	0.000950735641503
21674	2	0	6	19	288	149	0.000935349322534
21677	1238	3	332	0	229	149	1
21679	1685	0	385	2	316	149	1
21680	638	50	235	1	240	149	9.37528734202e-07
21681	1217	2	337	0	310	149	1
21707	3	3	0	11	234	149	0.00253941228378
21715	46	7	39	4	242	149	0.525483551287
21719	301	16	91	80	3533	149	0
21720	94	6	137	3	272	149	0.113255243767
21721	30	4	72	0	272	149	0.00204799435478
21722	130	4	98	0	263	149	0.057460023677
21723	188	0	163	4	263	149	0.0835836115558
21724	263	4	156	3	218	149	0.93757613484
21725	0	184	1	108	200	149	1
21726	301	0	214	1	391	149	1
21733	44	0	23	4	315	149	0.00150516542353
21734	2	5	1	4	178	149	0.682833868812
21736	36	1	65	0	260	149	0.271722068681
21746	3	0	49	2	209	149	0.252319588891
21764	2	0	77	2	262	149	0.309434316327
21766	28	0	137	2	307	149	0.679889897861
21770	2	0	0	4	260	149	1.19331733438e-05
21774	4	4	20	2	409	149	0.00864006845393
21781	208	14	88	16	626	149	0.0151036137774
21782	5	64	2	21	375	149	0.774215177535
21784	241	0	100	2	321	149	0.801316646384
21787	0	44	3	83	455	149	0.746686241858
21788	4	6	22	53	343	149	0.862329518293
21789	33	2	47	70	233	149	1.77681747093e-09
21790	241	0	960	2	926	149	0.666559467007
21791	71	0	429	2	552	149	0.538956924053
21792	4	0	119	2	322	149	0.372910298754
21793	6	0	111	2	268	149	0.459209332215
21817	65	0	30	1	305	149	0.310812443606
21818	29	0	11	2	295	149	0.0163363505241
21819	26	1	49	0	357	149	0.231604135817
21823	7	16	1	9	250	149	0.0809644090377
21829	38	0	27	1	380	149	0.231738139916
21836	1	9	0	10	189	149	0.222047170977
21837	240	8	60	0	277	149	0.0208731408625
21838	211	0	65	2	248	149	0.617176387943
21839	239	1	85	0	207	149	1
21856	2	3	1	12	282	149	0.136175593183
21857	7	0	17	3	241	149	0.01583376016
21861	16	0	18	2	890	149	0.0107296808176
21864	12	19	16	248	332	149	8.82105897493e-06
21865	0	19	12	248	298	149	0.136137742136
21870	0	26	2	27	400	149	0.549500985968
21874	436	2	82	2	261	149	0.808154398601
21875	167	0	36	2	261	149	0.26895719922
21876	349	0	81	2	336	149	0.540860337917
21877	627	11	128	3	336	149	0.734511313733
21878	221	11	38	3	241	149	0.84895038417
21881	13	9	4	4	199	149	0.605017170296
21882	2	6	0	4	199	149	0.0513246496243
21883	127	6	16	4	211	149	0.0534768320343
21884	133	2	17	0	211	149	0.531235675362
21887	7	0	7	1	240	149	0.695126409644
21889	29	0	26	3	326	149	0.0125645549339
21890	4	5	0	1	228	149	0.00381373866468
21891	3	14	0	13	228	149	0.0338638535219
21895	120	1	48	0	245	149	0.735060851873
21896	86	4	39	0	266	149	0.0433055523319
21911	1816	0	735	2	284	149	1
21912	2740	0	956	1	268	149	1
21914	4	1387	8	12337	307	149	1
21920	23	15	6	2	177	149	0.294474576937
21921	15	29	4	13	177	149	0.344929769145
21922	358	0	843	2	199	149	1
21931	0	1	3	5	267	149	0.019319570496
21939	122	1	101	0	235	149	0.86705775672
21940	13	5	5	8	256	149	0.045728311958
21942	17	0	19	1	242	149	0.231755710241
21943	12	3	16	3	215	149	0.739533082113
21944	12	17	2	29	289	149	0.000480388804258
21947	14	1	4	0	302	149	0.37318786573
21949	6	0	2	1	271	149	0.0994224967887
21950	152	1	65	6	224	149	0.00196463555237
21951	14	149	0	49	231	149	0.00431305281647
21952	298	0	149	1	212	149	1
21953	85	1	9	0	299	149	0.386859489872
21954	219	6	130	2	233	149	0.331419623573
21955	333	2	165	1	302	149	1
21956	275	4	104	4	233	149	0.248465549055
21958	105	2	20	2	224	149	0.252887672748
21959	42	2	16	0	188	149	0.20763678089
21968	4	428	0	206	285	149	1
21969	15	3	17	5	346	149	0.603804736104
21970	15	65	30	140	346	149	0.947058845421
21971	17	65	22	140	575	149	0.212629836103
21974	48	1	94	2	193	149	0.811241404084
21975	33	3	192	0	352	149	0.00593723200346
21976	153	0	84	2	255	149	0.93442428998
21977	146	5	36	0	218	149	0.078029130228
21978	200	0	48	2	197	149	0.561351213378
21979	47	6	7	0	197	149	0.0123354744039
21980	120	6	34	0	271	149	0.016139662321
21981	2	0	1	1	271	149	0.01351102121
21982	273	5	73	0	271	149	0.144725109631
21983	9	125	0	40	252	149	0.0277601980568
21984	5	0	5	1	253	149	0.458434173223
21985	70	2	34	0	253	149	0.316556856834
21986	83	0	40	1	253	149	0.284752838517
21987	127	1	37	0	253	149	0.779135490033
21988	166	4	70	1	253	149	0.353249490194
21989	26	4	5	1	184	149	0.645253562931
21990	58	86	7	35	184	149	0.00327299846895
21992	194	1	56	3	216	149	0.0649913098617
21993	14	1	17	0	256	149	0.235152678916
21994	0	31	2	174	201	149	1
21995	512	0	152	2	287	149	0.549024062147
21996	396	2	207	0	343	149	0.821980618828
21997	531	6	216	0	310	149	0.188694865937
21998	364	2	154	0	208	149	1
21999	3292	6	1079	0	1544	149	0.353904306656
22000	204	8	69	6	239	149	0.227173084117
22001	233	1	94	0	281	149	1
22002	432	2	165	0	283	149	1
22003	261	0	102	2	284	149	0.760544952425
22004	222	0	73	2	296	149	0.561005690708
22005	297	3	226	2	464	149	0.804608919641
22006	502	2	189	0	365	149	1
22007	374	0	117	1	283	149	0.549686206435
22008	418	2	137	0	304	149	1
22009	339	0	130	2	260	149	0.564991199118
22010	25	1	5	0	283	149	0.239615357554
22011	434	2	120	0	277	149	1
22012	954	1	361	0	712	149	1
22013	497	1	203	0	406	149	1
22014	1276	5	540	0	930	149	0.222467795234
22015	5	167	2	61	245	149	0.863151734766
22016	31	151	14	85	322	149	0.507771120886
22017	347	0	672	1	295	149	1
22018	5	38	2	25	333	149	0.414574586909
22021	10	0	51	1	1023	149	0.358518229118
22039	2	0	523	3	199	149	1
22040	175	4	165	0	246	149	0.118578778281
22041	275	1	136	0	247	149	1
22042	102	0	118	7	250	149	0.00291495848304
22044	34	92	6	32	221	149	0.111492542198
22045	292	1	72	0	251	149	1
22046	86	9	24	0	215	149	0.00481967804535
22047	255	9	74	0	217	149	0.0196951212009
22048	284	0	94	4	213	149	0.0387838867749
22050	17	225	6	215	263	149	0.0287810154522
22052	20	0	125	1	354	149	0.465513047752
22055	65	2	503	0	3315	149	0.00449738392825
22058	2	2	2	4	339	149	0.550719444998
22059	2	0	0	2	339	149	1.32952747451e-05
22067	42	4	63	3	335	149	0.375708224694
22068	25	2	42	0	335	149	0.0457049681643
22069	41	2	56	0	547	149	0.0465933053552
22070	17	2	13	0	258	149	0.0541887392531
22071	30	0	32	2	258	149	0.0944682989156
22072	0	24	1	44	200	149	0.522504492819
22073	1	24	1	44	292	149	0.416962699392
22075	102	2	46	0	247	149	0.882408291455
22076	68	2	50	0	239	149	0.39918469738
22077	155	2	113	0	243	149	0.529778035938
22082	10	129	11	48	320	149	0.0334113658125
22088	0	7	1	15	252	149	0.290626704794
22089	20	7	14	15	305	149	0.0442101616204
22091	19	0	17	2	310	149	0.0387850484992
22092	29	7	24	15	310	149	0.066459446341
22099	102	0	216	2	290	149	0.532755344128
22100	102	0	356	2	256	149	1
22101	2	102	0	257	200	149	0.586147830357
22107	382	0	390	3	227	149	0.761314575563
22111	6	241	8	202	744	149	1
22113	1	241	0	202	212	149	1
22114	6	241	8	202	740	149	1
22128	0	2	3	11	231	149	0.0414291524092
22136	0	1	20	0	260	149	1.86527784635e-05
22139	55	0	29	2	236	149	0.118907620865
22140	32	1	48	0	279	149	0.255654502584
22142	2	2	2	0	221	149	0.00444663212125
22144	214	5	12	4	255	149	0.00327993637899
22145	204	2	10	0	255	149	0.543209638784
22146	305	5	27	4	259	149	0.0128939172514
22147	11	2	10	0	230	149	0.0372474649877
22148	18	2	7	0	230	149	0.0758969574832
22150	10	2	7	0	268	149	0.0295176429297
22151	28	0	40	1	272	149	0.275647010044
22152	16	0	33	10	272	149	0.000391498778436
22155	12	0	9	3	237	149	0.00436171571467
22163	2	5	3	0	240	149	0.000121781069802
22165	12	0	38	1	250	149	0.281722082882
22170	171	2	84	0	198	149	0.562745964476
22171	2	109	0	59	258	149	1
22174	17	0	73	2	236	149	0.319883230751
22175	9	0	80	3	256	149	0.140393661303
22176	21	0	54	2	258	149	0.188783427959
22177	24	0	77	2	229	149	0.402841876265
22178	6	7	0	21	209	149	5.88750417339e-05
22182	66	1	55	0	295	149	0.333548121721
22185	0	32	1	15	273	149	0.298574404976
22187	1	52	4	32	280	149	0.0548190092376
22191	19855	8	827	0	800	149	1
22192	49114	169	686	2	423	149	1
22193	15841	2	450	0	300	149	1
22194	1342	23	110	1	287	149	0.181799203452
22195	27	5	70	4	273	149	0.111615211922
22196	41	964	179	533	273	149	0
22197	29	38	76	8	273	149	9.71462466026e-10
22198	14	964	6	533	257	149	1
22199	9	14	2	109	257	149	7.76858843587e-07
22205	0	13	2	34	231	149	0.509126372276
22206	369	7	219	5	275	149	0.880089296447
22207	200	7	138	5	677	149	0.985041953664
22208	418	0	177	2	204	149	0.56839227592
22210	3	35	0	2	236	149	0.188329125333
22211	85	2	5	0	251	149	0.341338488671
22212	37	1	5	1	208	149	0.781740951119
22214	62	1	38	0	229	149	0.374738209525
22215	255	1	133	0	287	149	1
22216	24	1	10	0	181	149	0.267802051299
22221	11	2	5	2	193	149	0.443230626832
22222	15	35	4	15	193	149	0.373145397891
22224	16	2	3	2	200	149	0.162306578177
22225	14	35	7	15	200	149	0.810133167542
22226	4	0	2	2	215	149	0.00400482392551
22227	14	2	3	2	215	149	0.168751448756
22228	15	35	3	15	215	149	0.174463079674
22230	2	20	3	1	308	149	0.00907620724315
22231	11	40	2	18	236	149	0.137703114207
22232	21	29	10	13	266	149	0.937053736978
22233	35	2	20	5	282	149	0.0635210604338
22243	38	0	31	1	185	149	0.288821611634
22244	66	2	79	0	364	149	0.199854367197
22245	80	0	36	3	257	149	0.0162419877995
22246	7	8	0	27	327	149	3.39019131012e-05
22249	42	9	17	4	251	149	0.914788028034
22251	361	5	8	0	250	149	0.359420948356
22252	336	3	8	0	250	149	0.636295652205
22253	356	1	2	0	289	149	1
22254	212	140	0	2	257	149	0.00154813177168
22255	394	1	1	0	262	149	1
22256	589	2	3	0	306	149	1
22257	78	2	19	0	238	149	0.364357355595
22266	1350	0	1483	1	277	149	1
22267	3995	0	2016	1	332	149	1
22268	2197	0	929	2	326	149	1
22292	1	3	0	9	328	149	0.213466671761
22297	0	32	2	5	301	149	0.0974016591778
22302	162	0	119	2	553	149	0.303412309609
22303	31	0	10	1	254	149	0.249320601618
22304	37	0	36	2	254	149	0.121994341453
22305	13	0	2	2	221	149	0.00191525005807
22306	33	37	5	34	221	149	0.000155112015121
22307	6	35	5	41	243	149	0.605307861453
22312	133	0	104	2	278	149	0.713619665677
22316	14	0	135	1	240	149	1
22319	44	0	83	1	249	149	0.442380093869
22320	6	179	0	117	195	149	0.144539783949
22321	6	179	0	117	176	149	0.104664123958
22323	701	4	334	5	319	149	0.18562001667
22325	56	2	17	1	271	149	0.639683088138
22326	396	4	168	5	271	149	0.141481168689
22327	4	6795	0	4228	223	149	1
22328	9830	5	6880	4	235	149	1
22329	11	4131	30	4067	246	149	1
22330	1239	2	1212	5	192	149	1
22331	6874	2	7448	5	229	149	1
22332	2548	2	2035	5	246	149	1
22337	18	67	2	20	279	149	0.0792035329627
22341	2	0	7	1	191	149	0.486404734189
22360	2	0	0	4	234	149	8.10269234297e-06
22367	0	1	40	0	2075	149	2.02361828072e-06
22368	685	0	201	1	344	149	1
22373	10	14	1	20	248	149	0.00060889496524
22376	88	2	42	2	185	149	0.609022394045
22381	4	0	31	1	245	149	0.26291049511
22386	12	300	1	18	370	149	0.608549950475
22392	59	1	6	0	321	149	0.303770749063
22393	133	5	133	1	226	149	0.0563147485763
22394	4	5	39	1	220	149	4.63742014201e-05
22403	3	62	0	12	252	149	0.330866072937
22405	42	1	2	0	215	149	0.309747061201
22406	11	87	1	9	263	149	0.583181858297
22407	112	2	13	0	275	149	0.478519806304
22409	23	2	160	6	288	149	0.971520260527
22410	7	23	2	66	229	149	0.00183050281179
22412	283	1	245	0	245	149	1
22414	16	2	13	11	344	149	0.00708962952752
22415	3	15	6	6	294	149	0.0467690389821
22417	187	13	71	6	316	149	0.856704173075
22418	83	2	31	0	231	149	0.498129432604
22423	3	2	89	0	354	149	0.00149160879622
22426	17	3	4	53	255	149	2.80138134912e-11
22427	5	270	10	175	221	149	0.0385195288947
22428	678	9	420	5	249	149	0.76479970209
22429	892	2	440	2	394	149	0.756022482524
22430	123	2	84	2	188	149	0.792493677502
22431	379	8	238	1	192	149	0.0879372969207
22440	197	3	131	2	258	149	0.948131532316
22441	11	127	17	43	309	149	0.000646942311804
22442	40	33	9	10	181	149	0.525820394737
22443	164	33	56	10	195	149	0.705790918402
22446	4	42	5	33	350	149	0.517328923224
22447	201	1	152	0	300	149	1
22448	97	0	418	5	259	149	0.334793642337
22449	33	0	171	5	224	149	0.104474567972
22451	1	0	5	295	239	149	0.00387757031947
22456	8	0	16	2	355	149	0.0381434022202
22459	118	7	39	1	211	149	0.196424527328
22461	118	0	38	1	511	149	0.372323928966
22462	108	2	44	0	819	149	0.121774580892
22465	44	2	16	3	304	149	0.145350404033
22468	2	109	0	132	298	149	1
22476	101	0	55	2	491	149	0.0946810934325
22480	9	11	7	45	248	149	0.00769550563468
22482	738	10	299	23	304	149	8.10808585616e-06
22484	480	0	178	3	304	149	0.377226867543
22486	696	13	302	2	272	149	0.061770988366
22487	3	319	0	159	185	149	1
22488	400	5	161	2	268	149	0.835869021043
22489	513	6	206	3	283	149	0.839937935886
22513	11	479	12	741	194	149	0.473153688616
22514	643	349	1003	524	194	149	0.820287868909
22515	199	2	193	3	194	149	0.578284892437
22516	177	1	191	0	194	149	1
22517	708	2	927	3	191	149	1
22518	842	24	1228	2	191	149	2.39213245088e-05
22519	455	1	466	0	188	149	1
22520	474	1	465	0	188	149	1
22521	1535	0	1857	1	185	149	1
22523	850	710	720	925	242	149	0.00652391747175
22529	3183	62	1063	11	257	149	0.0445112742053
22530	14	0	32	1	286	149	0.254895206443
22531	2	14	0	25	246	149	0.202362368313
22532	42	3	51	0	262	149	0.0282554374199
22533	71	0	163	2	699	149	0.223355036602
22534	17	0	116	2	622	149	0.196264274965
22535	14	0	75	2	452	149	0.172335186977
22536	38	80	19	42	278	149	0.859917125737
22537	149	2	50	2	223	149	0.446488501042
22543	103	3	23	0	208	149	0.213961687283
22545	38	15	17	0	244	149	0.000100414599129
22546	0	69	1	9	256	149	0.24033988837
22548	64	10	9	1	226	149	0.550655793274
22555	11	54	3	24	287	149	0.3568882565
22556	30	2	9	1	355	149	0.6351283521
22557	23	62	1	9	355	149	0.060451690402
22558	5	62	3	9	305	149	0.225130892504
22559	12	2	10	0	305	149	0.0296441029375
22560	16	62	5	9	429	149	0.417019646311
22561	23	2	12	0	429	149	0.0457269997012
22565	169	18	111	40	264	149	0.000181248673185
22586	27	0	226	4	299	149	0.210246866941
22589	5	0	152	1	257	149	1
22604	433	16	177	2	230	149	0.0320957888928
22605	417	1	176	0	240	149	1
22606	577	3	204	0	265	149	1
22610	134	1	174	4	194	149	0.237876965976
22611	58	0	41	1	194	149	0.32441944511
22614	41	0	69	1	229	149	0.402281674768
22620	306	0	168	2	213	149	0.540224624066
22621	10	0	75	2	259	149	0.288472501619
22622	40	0	214	2	328	149	0.529301804108
22623	7	0	138	2	328	149	0.474944350701
22624	32	0	49	2	241	149	0.198116588682
22625	65	0	125	2	241	149	0.5526514293
22630	513	0	384	4	302	149	0.564834253654
22635	2	2	14	33	217	149	0.648673937903
22636	5	0	41	5	248	149	0.0110823838066
22645	2	4	1	0	158	149	0.000741946146222
22648	13	247	10	106	313	149	0.252284481374
22661	3	4	1	1	584	149	0.61202901722
22669	0	50	2	173	375	149	1
22670	0	119	2	154	376	149	1
22671	6	119	0	154	191	149	0.0322961554519
22672	99	0	115	1	227	149	0.798766986927
22678	91	0	179	5	228	149	0.0697382073709
22689	93	2	86	0	254	149	0.733904079361
22691	5	0	0	5	240	149	2.09365835446e-07
22693	37	0	62	1	293	149	0.325156206685
22697	14	29	8	48	266	149	0.0346485862825
22698	254	0	112	2	287	149	0.679125114488
22700	28	234	13	72	414	149	0.371282877585
22706	83	3	117	21	372	149	0.00209114247988
22707	30	0	14	1	256	149	0.234668715924
22708	31	3	5	0	222	149	0.0483116341197
22709	8	21	3	0	292	149	0.000311400939416
22712	1961	3	195	2	848	149	0.466206004064
22713	520	2	65	0	316	149	1
22721	45	0	189	3	280	149	0.303360187208
22722	11	0	119	1	304	149	0.516036714751
22723	0	2	3	5	281	149	0.0191578983963
22725	3	0	49	3	268	149	0.073681861163
22726	9	2	12	36	347	149	0.00055054365856
22727	13	2	1	0	327	149	0.0378439210971
22731	3	2	2	0	269	149	0.00582491025764
22732	3	0	1	2	269	149	0.000869339427923
22740	91	0	83	2	305	149	0.465152845691
22744	0	3	1	44	229	149	0.638567588515
22745	2	0	0	1	188	149	4.13017636454e-05
22746	2	3	2	44	188	149	0.0889639292714
22747	250	2	193	3	291	149	0.4455900648
22748	189	6	142	0	244	149	0.0225677444994
22752	76	0	69	2	296	149	0.323415852854
22753	2	32	2	38	183	149	0.931413714756
22781	438	0	535	2	212	149	1
22782	250	0	339	4	218	149	0.917163543585
22783	223	7	73	1	240	149	0.192038223608
22784	287	50	59	13	297	149	0.586936333499
22785	192	2	46	0	282	149	0.528376821298
22786	253	3	101	1	311	149	0.591853543167
22787	238	2	72	1	260	149	0.640041663422
22803	2	2	4	3	328	149	0.778523499228
22804	4117	4	1	0	344	149	1
22806	2030	2	43	0	905	149	1
22807	1638	1	38	0	905	149	1
22808	413	2	5	0	232	149	1
22809	212	2	3	0	225	149	0.599503400111
22810	511	3	9	0	252	149	1
22811	451	2	11	0	220	149	1
22812	257	4	7	2	183	149	0.0789873465331
22813	289	22	5	1	272	149	0.46914676027
22814	207	4	4	0	281	149	0.231267414318
22815	92	2	3	0	286	149	0.332477654067
22816	271	2	10	0	319	149	0.558194879264
22817	355	1	9	0	339	149	1
22819	2	0	0	2	247	149	1.61768102588e-05
22842	0	7	2	22	272	149	0.28969686704
22846	0	10	2	30	259	149	0.472849410333
22847	9	11	2	23	250	149	0.00224463969138
22848	2	4	0	19	299	149	0.0515589790576
22849	3	4	0	19	369	149	0.00606489813774
22853	7	0	25	2	301	149	0.0831953195638
22856	5	1	13	9	226	149	0.129136807483
22857	3	5	5	6	226	149	0.697284706676
22858	13	4	18	4	260	149	0.670302826359
22859	17	4	15	4	257	149	0.870056306686
22863	23	0	36	2	336	149	0.0908623285955
22865	11	0	21	2	333	149	0.0557128627221
22866	0	2	2	2	242	149	0.0202893856579
22868	1	0	12	5	271	149	0.00354291984654
22871	164	4	51	0	386	149	0.0743021737878
22872	2703	0	13437	1	257	149	1
22873	700	12	12201	78	312	149	0.0182180080681
22874	36	0	7409	3	312	149	1
22876	0	70	3	23	440	149	0.268765408975
22885	2	0	926	2	341	149	1
22893	14	29	26	31	215	149	0.192918260758
22895	8	21	12	53	221	149	0.394808093347
22896	3	21	5	53	323	149	0.833728430285
22902	556	43	183	12	301	149	0.570396227819
22903	583	10	281	4	301	149	0.624779783203
22904	59	10	22	4	304	149	0.953278028551
22905	32	43	14	102	304	149	7.33276407161e-06
22925	45	0	63	5	215	149	0.0105641363789
22926	36	2	83	0	313	149	0.112939266875
22927	6	8	6	24	265	149	0.142322184571
22929	6	8	7	24	365	149	0.223018597557
22930	3	0	0	1	257	149	2.76733527994e-05
22939	1	0	0	4	224	149	2.68700032773e-05
22940	1	0	0	4	245	149	2.73061773464e-05
22945	556	24	74	7	272	149	0.183387494811
22946	491	11	37	0	272	149	0.0630091176263
22947	368	2	34	0	269	149	1
22948	45	11	6	0	269	149	0.00362018855391
22949	89	2	32	0	269	149	0.408033953419
22951	97	331	6	33	299	149	0.193482684252
22952	8	331	0	33	278	149	0.997721178094
22953	15	26	0	2	278	149	0.00652493678827
22954	3707	11	374	0	2972	149	0.031677550289
22955	4036	7	407	0	2972	149	0.11178733487
22956	117	2	125	0	326	149	0.763357308863
22957	173	2	132	0	320	149	0.543869118977
22958	52	0	70	1	227	149	0.409688779243
22959	0	8	4	4	344	149	0.00266479488687
22960	54	2	3	0	245	149	0.242068558852
22962	37	1	2	0	300	149	0.262714099132
22963	83	2	2	0	344	149	0.263140784452
22964	51	9	1	0	500	149	0.00862442334201
22969	772	5	243	4	249	149	0.303507451112
22971	869	5	456	4	237	149	0.681823591799
22980	3109	9	724	4	250	149	1
22986	37	2	38	2	2373	149	0.977148126266
22987	1421	1	446	0	3896	149	0.480361398908
22988	2958	1	745	0	258	149	1
22990	1088	1	313	0	229	149	1
22993	2319	0	696	5	245	149	0.747604205265
22994	833	0	205	5	590	149	0.00225559009361
22995	7	1494	3	497	271	149	1
23001	36	5	3	0	296	149	0.00915529869225
23006	185	1	63	0	212	149	1
23007	160	2	14	2	365	149	0.0960917750144
23008	1481	83	14	0	369	149	0.013624848786
23009	475	2	6	0	301	149	1
23010	2398	240	9	0	359	149	0.00767588025094
23012	1235	108	387	30	206	149	0.584145579106
23014	114	5	42	5	276	149	0.169605029141
23015	200	1	121	0	475	149	0.562509813597
23016	200	0	115	1	475	149	0.347137342541
23028	1	0	19	12	218	149	0.00559611784438
23035	0	4	1	7	222	149	0.219555569681
23049	0	1	1	1	253	149	0.26637928308
23061	3	0	0	1	247	149	2.71408294767e-05
23065	15	0	1	1	441	149	0.0106086085055
23095	2	0	0	6	268	149	5.76477226222e-06
23098	56	2	30	1	238	149	0.760132252864
23099	74	0	89	2	237	149	0.711349000192
23100	42	52	8	18	315	149	0.161432092813
23101	116	1	40	3	240	149	0.0366840188341
23102	241	2	110	0	286	149	0.555747773348
23103	94	2	48	2	226	149	0.632465055584
23132	7	1	1	0	252	149	0.971126492298
23146	1999	3	157	0	312	149	1
23147	26	1	2	0	254	149	0.248333033023
23148	550	3	63	0	259	149	1
23149	170	38	32	25	259	149	0.000374557440035
23150	702	38	33	25	309	149	2.02837746599e-13
23151	1099	12	67	3	309	149	0.221207755373
23152	1639	41	101	4	245	149	0.864536518074
23161	30	0	40	2	235	149	0.1530953941
23162	9	42	6	10	1111	149	0.189896898671
23166	13	0	18	1	279	149	0.244967049651
23169	2	0	78	29	273	149	0.00567378307652
23173	47	0	130	2	311	149	0.723058287399
23174	45	0	87	2	293	149	0.364064744883
23189	1	4	0	19	191	149	0.557463257503
23190	0	21	1	24	246	149	0.36844458078
23191	1	40	0	12	236	149	0.580738728933
23197	4	2	0	10	203	149	0.00018302825122
23199	5	0	5	1	181	149	0.74836008457
23200	6	6	6	4	227	149	0.612800282675
23201	41	0	24	1	245	149	0.243758134394
23202	58	6	32	4	245	149	0.948421753523
23203	202	2	79	0	290	149	0.528560261012
23204	19	38	12	31	173	149	0.558126975833
23205	51	1	19	0	219	149	0.339606894923
23206	46	128	36	49	435	149	0.0247103753914
23207	16	40	18	55	488	149	0.659495230104
23208	7	40	8	55	313	149	0.789276049236
23209	2	103	0	51	258	149	1
23238	40	0	42	2	180	149	0.299179616239
23240	2	2	1	0	269	149	0.00322881709041
23243	0	1	2	0	316	149	4.45645195017e-05
23244	0	1	2	0	224	149	4.32753954039e-05
23245	33	0	55	2	240	149	0.239285945037
23246	8	0	23	1	214	149	0.248833057607
23247	22	21	41	26	214	149	0.314325070516
23248	198	5	106	0	266	149	0.0614542027165
23259	1117	44	623	16	568	149	0.156904801318
23260	231	2	131	0	284	149	0.546854589021
23261	263	41	250	19	284	149	0.020488302265
23262	24	5	17	6	295	149	0.425920403648
23263	40	1	19	2	295	149	0.213304357377
23264	6	20	0	11	242	149	0.00407471691295
23265	145	1	60	1	323	149	0.465187388235
23268	13	3	1	2	237	149	0.0468978391235
23270	22	0	44	5	251	149	0.00506681805917
23275	4	201	1	126	262	149	0.801141044046
23276	16	201	2	126	335	149	0.00963164952169
23277	320	1	196	2	239	149	0.548505885661
23278	10	226	4	132	360	149	0.432082017343
23279	2	111	0	118	239	149	1
23280	2	10	0	42	215	149	0.135090738243
23281	8	53	18	56	390	149	0.0962851228514
23282	3	0	24	5	242	149	0.00675134552778
23294	122	13	21	0	259	149	0.00390498575321
23298	240	2	110	0	249	149	0.612329690609
23299	97	2	48	0	280	149	0.507641812955
23300	1	244	4	75	299	149	0.355649777946
23302	20	0	20	1	368	149	0.288067071253
23332	5	890	4	827	256	149	1
23333	1399	1	1338	4	358	149	1
23334	1590	2	781	0	291	149	1
23335	2896	2	1748	0	267	149	1
23336	1729	5	1440	7	249	149	1
23337	898	2	564	0	249	149	1
23338	1318	2	697	0	385	149	1
23339	3280	9	2336	7	385	149	1
23342	145	1131	113	762	274	149	0.466700884038
23343	60	12	67	7	274	149	0.195102631753
23344	53	1131	32	762	225	149	0.662978688697
23350	4	9	8	0	230	149	8.06519357999e-06
23351	9	7	3	3	230	149	0.74796072751
23355	0	119	3	290	173	149	1
23356	278	11	786	7	342	149	0.00342403474417
23357	70	2	58	4	378	149	0.251328342902
23358	1	2	1	9	232	149	0.682964421826
23366	2	1	1	0	219	149	0.0502205559503
23370	1013	1	848	0	337	149	1
23371	676	0	1347	2	377	149	1
23376	6	0	52	1	252	149	0.321422353624
23381	157	1	452	1	251	149	1
23382	483	1	546	1	237	149	1
23398	157	3	86	0	211	149	0.46024980125
23399	42	1	14	1	201	149	0.897302853318
23400	66	7	112	2	256	149	0.0117346587028
23405	48	1	1	1	236	149	0.096799191446
23435	2	187	0	27	261	149	1
23436	101	1	23	0	210	149	0.707733953647
23437	15	6	12	0	268	149	0.000502576264349
23445	478	2	397	1	262	149	1
23446	781	1	385	0	244	149	1
23447	4	212	0	235	215	149	0.678511174967
23448	110	0	148	3	204	149	0.514159834492
23449	134	0	31	2	309	149	0.128926270231
23452	8	1	2	1	205	149	0.400258478688
23455	7	1	1	9	285	149	5.76521987736e-05
23458	9	0	5	2	286	149	0.00860129713705
23459	2	1	19	0	272	149	0.218317664874
23462	2	0	4	2	208	149	0.0142360927187
23475	1	3	2	15	182	149	0.520224661604
23479	117	2	31	0	246	149	0.76681490482
23480	94	1	25	0	232	149	0.537686045833
23481	65	0	26	1	178	149	0.273695609005
23490	0	1	2	0	258	149	4.42290206015e-05
23493	116	0	57	2	234	149	0.558263929438
23495	2	61	5	22	274	149	0.0185325777768
23496	88	1	38	0	220	149	0.528513461898
23497	101	2	119	1	324	149	0.372377743365
23498	162	2	101	0	290	149	0.537051477677
23504	788	1	262	6	195	149	0.095429843555
23505	14	602	2	188	345	149	1
23506	4	0	3	2	514	149	0.00142971729078
23507	129	0	385	2	276	149	1
23508	0	137	2	151	237	149	1
23518	66	1	100	1	292	149	0.929061056645
23519	66	1	167	1	316	149	0.362092170221
23526	5	24	0	15	223	149	0.00962527781867
23531	3	53	2	24	266	149	0.873108933798
23532	0	53	1	24	193	149	0.320620990679
23535	437	4	145	0	1158	149	0.0599095361331
23536	68	17	13	4	239	149	0.811703673771
23540	2	1	8	1	259	149	0.278980979699
23698	0	4	2	0	322	149	8.28927451091e-06
23709	4	0	217	3	203	149	0.681814597386
23712	64	3	21	0	241	149	0.0964160437841
23714	446	11	80	1	289	149	0.207875995928
23716	450	2	70	0	292	149	1
23717	567	2	53	0	349	149	1
23718	115	1	11	0	219	149	0.918731963618
23721	148	6	54	1	231	149	0.225599833821
23722	136	1	26	0	277	149	0.738960208559
23723	190	3	52	0	232	149	0.468955790553
23724	138	1	73	0	233	149	1
23725	133	6	71	0	235	149	0.0175151343613
23726	106	0	62	1	274	149	0.335053549959
23727	240	0	106	2	276	149	0.69159968039
23729	163	6	65	0	290	149	0.0210972349863
23730	243	2	98	0	322	149	0.534366903806
23731	161	1	63	0	285	149	1
23733	7	34	4	78	233	149	0.0355956173113
23737	17	3	15	0	251	149	0.0117584883432
23738	26	4	9	4	254	149	0.176545782296
23743	300	3	60	0	217	149	0.634977262774
23744	129	20	34	3	193	149	0.234619459547
23746	425	0	125	3	260	149	0.262151262318
23747	222	16	128	3	326	149	0.0312232825551
23748	277	1	128	0	245	149	1
23749	230	6	101	0	218	149	0.0655889320978
23750	28	183	21	89	232	149	0.233331356677
23752	6	40	4	11	311	149	0.353861167022
23753	237	0	113	1	220	149	0.833348921408
23754	17	257	4	90	261	149	0.354797516583
23756	2	531	0	100	267	149	1
23758	1824	0	916	2	1257	149	0.532231919234
23759	231	2	88	3	258	149	0.168392080198
23760	2	155	0	27	307	149	1
23764	941	12	259	11	290	149	0.0119838895348
23765	542	1	129	0	290	149	1
23766	33	1	19	0	293	149	0.255204493187
23767	751	1	240	0	293	149	1
23768	428	7	140	1	293	149	0.188430845432
23769	448	7	98	1	315	149	0.368044341031
23770	775	5	198	0	315	149	0.75432128876
23771	733	2	198	0	512	149	1
23772	259	1	57	3	273	149	0.0409806369809
23773	287	3	74	1	273	149	0.747623316488
23774	223	6	47	0	273	149	0.0598659558146
23775	6	3	9	1	185	149	0.15307979879
23776	34	66	12	27	185	149	0.680954299886
23777	295	6	77	0	361	149	0.0544867895982
23778	113	0	36	2	361	149	0.099985220121
23779	358	2	103	0	361	149	0.630921186773
23780	79	0	33	2	256	149	0.148156910868
23781	257	2	76	2	256	149	0.399454028303
23782	300	15	68	1	259	149	0.0493961748722
23783	17	1	6	0	277	149	0.271145434209
23784	121	1	40	5	287	149	0.00201485037705
23786	2026	0	1466	11	752	149	0.00251540385958
23789	4	0	5	1	227	149	0.55862557586
23790	4	0	16	1	223	149	0.2339152648
23798	6	1	2	8	233	149	0.00129380817707
23799	1	1	9	0	223	149	0.0472069316712
23800	3	1	5	4	202	149	0.385006686303
23802	0	17	2	17	231	149	0.194491602073
23818	328	2	55	0	274	149	1
23819	63	2	18	2	307	149	0.359825124346
23820	67	14	14	0	307	149	0.00119534280992
23821	22	14	3	0	223	149	0.00219265289582
23822	36	20	7	2	223	149	0.304130558872
23824	358	3	14	0	363	149	0.574374532175
23825	281	1	142	0	211	149	1
23827	766	1	137	0	263	149	1
23828	12	203	0	52	320	149	0.0535933533327
23829	7	203	12	52	272	149	0.000247847657754
23830	294	163	66	37	209	149	0.980626155631
23831	105	11	20	11	209	149	0.00141328630375
23832	608	11	124	11	267	149	0.00122312979282
23833	640	5	140	3	267	149	0.378059121021
23835	939	0	303	2	306	149	0.629800635197
23839	115	4	54	0	236	149	0.0767167760058
23842	73	1	41	1	234	149	0.943726134877
23845	55	1	10	0	192	149	0.388256413182
23846	6	119	6	56	269	149	0.263899794117
23848	72	1	24	0	215	149	0.443971849179
23849	187	1	78	0	215	149	1
23850	1	113	0	46	301	149	1
23851	35	14	13	7	224	149	0.591676003282
23852	72	14	48	7	198	149	0.536045810134
23853	110	0	60	1	197	149	0.405222027236
23854	101	4	64	4	218	149	0.583662749464
23856	5629	1	1783	0	334	149	1
23861	5	0	0	1	353	149	1.50522151909e-05
23862	5	0	0	5	353	149	2.97104896685e-07
23864	3	0	2	5	250	149	0.000115842170002
23866	1	3	0	1	192	149	0.823751738001
23867	5	1	1	12	438	149	0.000333384038013
23872	98	3	11	3	193	149	0.0426592241701
23873	216	97	16	2	255	149	0.0311522610544
23874	276	97	19	2	252	149	0.0354704444142
23882	5	0	3	17	314	149	4.43013343643e-06
23889	2	0	0	17	314	149	8.19766044557e-06
23894	0	5	2	3	227	149	0.0232336260328
23897	0	21	1	12	270	149	0.272665375391
23910	7	2	3	6	273	149	0.0324066019392
23911	202	1	3	0	260	149	1
23912	447	2	13	0	260	149	1
23921	36	0	17	1	221	149	0.228014687578
23923	28	0	334	6	266	149	0.165406332773
23924	4	0	288	6	284	149	0.128822077963
23927	39	13	8	8	279	149	0.0576052393369
23928	19	5	0	1	279	149	0.00176656259338
23929	44	13	11	8	225	149	0.114815898942
23930	24	5	6	1	225	149	0.761580784884
23931	66	5	20	1	226	149	0.426715293584
23932	94	19	20	3	226	149	0.515734484427
23933	142	8	45	0	242	149	0.00935551545235
23935	312	7	53	0	350	149	0.0405962387399
23936	254	1	49	0	299	149	1
23937	1	0	3	9	387	149	0.00113697792989
23938	1410	5	205	0	318	149	1
23939	2335	1	267	0	245	149	1
23940	3240	1	358	0	345	149	1
23948	24	7	56	0	352	149	1.20583012132e-05
23951	256	3	99	0	259	149	0.76633958648
23955	1	44	0	55	319	149	1
23962	28	0	15	1	340	149	0.246282375917
23963	1	28	0	9	162	149	0.318421424686
23964	1	13	0	9	267	149	0.27826089186
23965	1	13	0	9	271	149	0.279413030945
23988	13	2	12	0	310	149	0.0309552652381
23989	3	45	8	36	430	149	0.0625924617715
23992	26	0	20	3	205	149	0.0155977027746
23993	86	0	96	3	312	149	0.0757608698865
23994	7	1	3	0	249	149	0.835865738686
23995	1	1	2	0	201	149	0.0216001611407
23996	60	0	56	2	334	149	0.163605341509
24000	0	14	2	16	240	149	0.179095068603
24001	15	1	21	10	198	149	0.0107000843263
24003	117	0	106	1	309	149	0.453547406243
24007	118	4	13	0	232	149	0.123195184621
24008	4905	0	1853	4	374	149	1
24009	3326	0	1504	4	483	149	1
24010	4042	0	1940	4	744	149	1
24011	5769	0	3500	4	1492	149	0.760458236118
24012	97	11	47	2	306	149	0.0997662222043
24013	3	2068	7	617	236	149	1
24014	0	11	5	2	236	149	4.50674250426e-05
24015	3933	1	1351	0	246	149	1
24016	2864	0	1292	1	315	149	1
24017	2769	0	858	1	353	149	1
24022	57	4	14	0	272	149	0.0270006510546
24031	3	733	0	202	175	149	1
24032	7	8	0	1	237	149	0.00514999358768
24034	979	7	512	0	370	149	0.401186665721
24035	1197	1	333	0	241	149	1
24036	777	0	206	2	320	149	0.530206015717
24037	1422	0	424	2	263	149	1
24038	1100	7	350	0	220	149	1
24054	1230	3	29	0	407	149	1
24059	427	0	69	2	278	149	0.567490828576
24071	9	0	156	3	284	149	0.28016412316
24079	39	5	6	0	214	149	0.0112283935401
24080	23	1	2	0	245	149	0.239632678298
24081	1	3	2	0	248	149	0.000136271951864
24082	220	9	448	2	240	149	0.0014250767286
24085	9	15	20	292	386	149	0.000184714748217
24087	2	15	1	292	270	149	0.430382548036
24088	5	1	2	3	270	149	0.0709310480223
24089	4	15	10	292	306	149	0.0260719920267
24090	4	2	12	1	306	149	0.111730697276
24091	6	196	4	418	269	149	0.563917821024
24092	625	0	1009	10	314	149	0.112005014409
24093	72	12	702	16	263	149	2.46378091745e-05
24094	166	0	345	5	251	149	0.228036061595
24105	25	38	5	5	191	149	0.578970523345
24111	227	11	438	0	709	149	1.90862281524e-06
24112	42	11	29	0	186	149	0.000149379141506
24113	22	182	31	161	335	149	0.153215921544
24114	23	182	37	161	353	149	0.0561351048684
24120	1	3	3	1	200	149	0.0722783229426
24121	6	2	0	4	197	149	0.000101021292245
24123	0	67	4	53	268	149	0.0986436860132
24124	1	67	0	53	247	149	1
24134	8	0	8	1	199	149	0.40282761099
24139	16	0	41	2	272	149	0.142413393624
24159	15	5	43	81	382	149	0.00135406817747
24160	288	4	251	2	207	149	0.509652085581
24161	89	6	126	12	224	149	0.467187074543
24162	47	0	70	1	224	149	0.413362410613
24163	49	0	76	4	224	149	0.0385817869469
24164	8	0	21	5	190	149	0.00392907552645
24165	24	3	31	6	215	149	0.523976727317
24166	24	0	28	5	215	149	0.00214580910174
24167	24	2	27	11	215	149	0.0159840833657
24168	41	3	59	6	223	149	0.562999884308
24169	35	0	44	5	223	149	0.00481464289418
24170	38	2	42	11	223	149	0.0120225748501
24171	1402	1	766	2	253	149	1
24172	1255	2	1071	0	329	149	1
24173	10090	5	6002	10	2970	149	0.0277479733796
24174	1450	0	962	1	362	149	1
24175	595	0	449	1	377	149	1
24176	2389	0	1137	2	327	149	1
24177	2005	5	1004	46	241	149	5.07149877649e-13
24178	0	5	2	4	213	149	0.0314040892517
24180	13	0	231	7	212	149	0.0805529746586
24182	4	0	324	1	311	149	1
24191	15	2	2	0	248	149	0.0632286661642
24195	2	37	0	37	293	149	0.55724898483
24196	9	37	0	37	253	149	0.000432227045437
24198	6688	3	1468	2	247	149	1
24199	4456	4	1393	1	229	149	1
24200	7847	0	2087	2	375	149	1
24201	10907	0	2830	2	380	149	1
24202	107	2	17	0	341	149	0.307581783818
24203	3109	35	759	92	341	149	0
24204	3119	66	744	1	341	149	1.83063660197e-05
24212	2	0	0	1	337	149	4.4422176842e-05
24213	78	1	34	1	280	149	0.955691039199
24231	2	0	11	10	675	149	0.00262631465665
24239	21	85	25	50	341	149	0.0588263814978
24240	9	85	14	50	362	149	0.0407753243951
24241	202	1	105	4	241	149	0.0469730047041
24242	46	103	35	51	173	149	0.175778986828
24243	146	5	71	0	267	149	0.0396810443235
24244	219	3	90	1	267	149	0.569991649586
24245	10	94	8	36	262	149	0.210842604032
24246	15	3	8	1	210	149	0.570827382254
24247	29	94	25	36	210	149	0.0272277742303
24248	7	3	9	0	210	149	0.00385064267335
24249	12	94	0	36	273	149	0.00414167299103
24250	176	3	43	0	223	149	0.418871854556
24251	109	3	28	3	223	149	0.187014491165
24252	28	10	21	8	293	149	0.91040576536
24254	1	2	0	9	271	149	0.244144338156
24272	4	1	34	0	198	149	0.259797097591
24274	51	2	45	10	242	149	0.0073956995427
24276	522	4	7	0	566	149	0.308210077082
24280	95	0	41	2	241	149	0.274686045549
24281	30	11	39	4	286	149	0.0288778812362
24283	44	2	3	0	338	149	0.145779041103
24292	9	4	1	1	294	149	0.402285709737
24294	6	0	220	1	219	149	1
24295	50	0	56	2	220	149	0.346053289117
24296	1	31	1	46	203	149	0.543208558932
24297	1	31	0	46	173	149	0.349849614324
24298	48	0	48	2	203	149	0.313654371249
24299	112	2	43	0	242	149	0.660319277052
24302	73	0	54	1	251	149	0.327224088465
24303	1	35	15	39	386	149	0.000216926121881
24304	1	11	10	23	386	149	0.0302626060856
24305	14	11	14	23	198	149	0.157851470224
24309	123	0	70	1	326	149	0.327380233027
24311	2307	8	1268	0	245	149	1
24312	1936	1	1246	2	263	149	1
24317	356	195	166	109	677	149	0.373590456943
24320	15	2	11	0	254	149	0.0490220834704
24324	36	663	1	15	670	149	0.916389859223
24326	163	1	83	0	318	149	0.827605162243
24330	13	1	1	0	239	149	0.315695903867
24331	12	0	7	2	239	149	0.0170539660876
24333	12	5	6	0	239	149	0.00148468345628
24337	28	0	7	2	323	149	0.00660763545433
24338	41	18	9	15	323	149	0.0066244117473
24339	4	18	1	15	263	149	0.146252318525
24340	35	2	41	0	246	149	0.128325021031
24371	70	2	132	0	230	149	0.779620859734
24375	1214	3	177	0	345	149	1
24376	1184	2	147	0	344	149	1
24377	72	2	9	0	158	149	0.640079603483
24378	1174	1	175	0	301	149	1
24379	713	1	96	0	299	149	1
24382	24	116	4	13	261	149	0.825308783287
24383	9	33	3	21	261	149	0.285027277264
24384	33	8	0	2	195	149	0.000416427450798
24385	114	33	13	21	195	149	3.40880586428e-05
24386	15	1	1	0	195	149	0.22708692511
24400	2	34	0	133	213	149	0.858967882584
24401	34	6	28	2	281	149	0.217248046142
24402	80	2	44	0	293	149	0.319323734963
24403	63	2	55	0	283	149	0.258304386836
24404	10	2	12	0	354	149	0.0175294425908
24405	14	2	16	0	280	149	0.0352610431389
24406	4	0	11	3	280	149	0.00634434530248
24408	7	0	12	3	270	149	0.00713582721365
24411	5	1	74	0	307	149	0.218306628272
24412	45	0	51	1	251	149	0.314627964703
24424	2	2	0	2	279	149	0.0249650778474
24425	45	1	17	0	346	149	0.265330479987
24426	56	12	11	9	342	149	0.0150204548796
24427	0	24	1	7	339	149	0.241098725901
24428	25	3	12	0	241	149	0.0262412393853
24437	57	4	39	0	284	149	0.0169716510383
24438	1	84	4	21	225	149	0.00879170924683
24439	27	57	10	21	432	149	1
24440	20	57	8	21	317	149	0.926454256083
24441	214	2	64	2	247	149	0.406324559638
24442	1	0	1	1	227	149	0.0193881946435
24444	9	77	2	20	478	149	0.606906374826
24450	30	0	104	130	3627	149	3.24944515739e-11
24453	8	2	8	74	188	149	2.46925062852e-06
24467	18	2	24	0	389	149	0.0295530524307
24469	37	4	1	0	288	149	0.0138087392108
24471	4	0	26	5	235	149	0.00686239732023
24472	0	13	9	11	235	149	8.98911136842e-05
24474	14	0	0	1	295	149	1.395918161e-05
24476	4	8	6	0	276	149	3.45169140799e-05
24479	21	13	3	11	269	149	0.00517062282895
24480	68	2	32	5	254	149	0.0332887406423
24483	715	0	153	3	292	149	0.307093469634
24484	1594	1	171	0	316	149	1
24485	164	1	117	0	315	149	0.877712721769
24486	25	2	30	0	361	149	0.047000347324
24487	97	1	85	0	313	149	0.410915246666
24488	3	1	14	0	202	149	0.592190169295
24498	340	1	7	0	251	149	1
24499	194	5	47	5	430	149	0.051875539043
24500	46	16	19	4	232	149	0.335493921043
24520	55	2	57	0	236	149	0.314528980331
24521	255	1	83	0	348	149	1
24522	29	192	9	72	305	149	0.565967326343
24523	229	0	81	1	253	149	0.421026794812
24529	20	2	12	4	280	149	0.157766511489
24532	12	3	10	8	209	149	0.1064855334
24533	167	2	39	0	228	149	0.530719374385
24537	257	0	75	1	222	149	0.447329420144
24539	640	0	189	2	297	149	0.530537960135
24549	105	3	9	0	261	149	0.191777011632
24550	46	1	3	0	245	149	0.305418954498
24551	47	17	3	0	245	149	0.00434593465963
24554	201	1	6	0	322	149	1
24555	234	5	9	0	322	149	0.120978501697
24558	2	50	0	5	199	149	0.60652449878
24560	168	4	13	0	258	149	0.181413066677
24562	222	0	11	2	258	149	0.0375264019333
24563	258	7	9	0	224	149	0.0946102507791
24569	4	0	4	3	232	149	0.00147490029327
24598	129	1	27	0	237	149	1
24599	8	82	3	19	250	149	0.858403270228
24600	276	1	90	0	331	149	1
24601	256	1	52	0	257	149	1
24602	298	3	70	0	355	149	0.476287523378
24603	289	3	75	0	391	149	0.365204857494
24606	8	304	5	145	267	149	0.823111983585
24610	278	1	83	0	257	149	1
24613	6	56	0	19	247	149	0.0312147188811
24614	179	3	38	2	261	149	0.510021490468
24616	1	4	2	10	289	149	0.750334764449
24632	49	5	18	1	199	149	0.342462682191
24633	4	14	3	5	361	149	0.583955069046
24635	20	0	140	1	291	149	0.709514112945
24636	32	14	210	8	291	149	7.12839939632e-07
24637	2	14	1	8	197	149	0.71282874498
24638	2	12	3	74	197	149	0.411614761526
24643	2	4	1	103	243	149	0.064304519778
24651	2	8	3	229	247	149	0.175620783796
24653	1	13	1	12	266	149	0.917883970529
24655	11	0	2	2	259	149	0.00170182208869
24657	368	1	256	0	227	149	1
24658	58	4	70	0	254	149	0.0131016795034
24659	1	4	4	0	273	149	3.17783850018e-05
24660	2	0	2	4	260	149	0.000260044981296
24661	122	2	78	0	383	149	0.469633298098
24662	164	2	49	0	286	149	0.532127822741
24665	7	2950	30	4494	270	149	1
24669	997	0	438	1	241	149	1
24674	79	0	0	2	280	149	8.46468195981e-07
24679	10	141	3	9	181	149	0.179573925017
24680	23	120	2	12	182	149	0.676548810768
24683	4	5	0	2	233	149	0.00361520576307
24693	1	0	41	1	282	149	0.274997457785
24695	4	127	0	53	280	149	0.810453080971
24696	38	65	7	52	1200	149	0.000417660302145
24702	3	5	0	4	239	149	0.0123243948551
24706	7	1	5	0	229	149	0.643399038794
24721	15	3	3	1	243	149	0.662376065679
24722	6	0	7	2	235	149	0.0220225129609
24725	1	0	4	5	265	149	0.000760732162637
24727	6	0	28	2	2261	149	0.0050502506553
24733	23	1	1	0	222	149	0.247979752595
24734	229	2	43	0	317	149	0.53035166071
24735	116	2	6	0	232	149	0.715785347412
24758	71	0	59	2	318	149	0.210203163051
24759	74	0	75	2	321	149	0.303046765992
24760	0	14	3	42	250	149	0.188692390159
24761	2	0	63	1	278	149	0.335316848429
24765	201	3	83	0	281	149	0.37558666273
24766	109	2	49	0	281	149	0.668548234809
24767	118	12	44	4	323	149	0.792387273268
24768	137	0	69	2	221	149	0.827054925713
24769	88	0	42	1	284	149	0.276143160636
24771	164	0	62	2	238	149	0.614453453016
24772	353	2	118	0	294	149	1
24773	174	2	58	0	403	149	0.767367250215
24774	18	201	11	51	256	149	0.0691894866161
24775	557	1	147	0	360	149	1
24787	33	1	6	0	281	149	0.256548785827
24788	6	23	0	2	352	149	0.0254106579075
24789	44	2	17	0	229	149	0.178273614192
24790	84	2	25	0	240	149	0.431747604603
24799	256	1	101	0	199	149	1
24800	37	1	4	0	217	149	0.29073380687
24801	315	14	131	6	201	149	0.932721120056
24806	51	5	22	3	364	149	0.730997136911
24807	2	30	0	9	264	149	0.480491649653
24809	8	23	0	8	209	149	0.00309801871707
24810	3	23	0	8	263	149	0.104259331841
24813	1146	12	549	2	275	149	0.160430605269
24814	163	0	63	4	208	149	0.0124260777614
24815	196	36	200	117	208	149	3.20796039865e-06
24817	96	8	57	4	333	149	0.727674348976
24818	203	8	178	4	221	149	0.311974497001
24823	0	29	2	54	236	149	0.534326015233
24828	1	1531	0	206	247	149	1
24829	1575	21	246	33	260	149	6.33382235549e-13
24834	58	0	29	5	224	149	0.000813929378659
24835	167	1	108	4	272	149	0.0501120122949
24836	248	4	157	1	341	149	0.198482528581
24837	211	0	145	4	284	149	0.0504336514922
24841	9	0	8	1	334	149	0.636228518833
24842	283	0	25	1	570	149	0.328067213025
24844	71	0	40	1	236	149	0.29043085342
24845	21	0	60	1	214	149	0.382985753049
24846	82	1	81	0	270	149	0.404751828859
24849	1178	61	645	40	199	149	0.50230485313
24850	379	0	196	2	199	149	0.625894861001
24851	403	0	268	2	213	149	1
24852	1135	3	673	0	213	149	1
24853	6	763	10	492	190	149	0.379497556209
24860	9	2	27	0	401	149	0.00830257081211
24861	11	0	9	4	291	149	0.000504263038523
24864	3	0	14	1	233	149	0.279962108093
24865	23	0	96	3	245	149	0.163776684857
24866	11	1	61	6	245	149	0.729469343781
24868	6	0	47	3	227	149	0.0832164795364
24870	111	10	7	3	216	149	0.125801474964
24871	88	1	6	0	247	149	0.469139296644
24872	1	0	14	2	304	149	0.0459409753532
24885	31	99	4	22	447	149	0.208855210407
24891	36	8	61	8	293	149	0.339184934452
24893	121	3	72	2	213	149	0.873822753451
24895	285	2	178	0	371	149	0.536854137559
24898	16	66	0	39	239	149	0.000100016810878
24910	479	6	235	5	335	149	0.476427659581
24913	2	142	7	118	328	149	0.101032237267
24917	1	2	5	130	309	149	0.282873024211
24918	4	0	274	4	339	149	0.259699501292
24919	4	0	477	4	335	149	0.528081988079
24921	44	0	626	5	700	149	0.160436666319
24923	33	0	207	5	262	149	0.115740779507
24925	30	4	2	0	431	149	0.00472858449648
24929	0	1	2	15	294	149	0.228831905061
24931	2	0	16	1	871	149	0.100597642426
24934	27	0	40	2	352	149	0.094254056486
24936	6	0	14	2	262	149	0.0490004030277
24941	10	0	31	2	308	149	0.099426352551
24952	198	23	35	6	233	149	0.606187220563
24953	234	1	49	2	267	149	0.294208686353
24956	10	2	20	4	439	149	1
24959	253	2	73	0	175	149	1
24961	18	2	16	4	175	149	0.319923094756
24963	3	2	0	4	239	149	0.00301660073553
24964	432	2	121	0	239	149	1
24965	174	1	48	0	239	149	1
24966	399	2	126	4	238	149	0.0661686761417
24967	401	1	126	0	238	149	1
24968	663	0	200	1	238	149	1
24969	288	0	79	1	211	149	0.492184156439
24971	8	248	7	83	191	149	0.116973706333
24972	396	2	100	0	271	149	1
24973	87	116	72	56	189	149	0.0428097950981
24974	82	0	21	1	192	149	0.248780570966
24978	20	2	24	0	324	149	0.0422870818728
24979	6	291	0	31	384	149	1
24980	648	2	291	0	254	149	1
24981	610	0	343	1	230	149	1
24988	7	3	2	0	338	149	0.00202455632062
24989	2	7	0	2	199	149	0.068655999591
24990	4	2	1	0	306	149	0.00763043972954
24991	3	3	4	0	397	149	0.00023420693855
24993	2	0	2	2	219	149	0.00452605109476
24995	2	2	2	0	330	149	0.001964520729
24996	15	3	2	0	254	149	0.0137346463469
25002	14	1	7	0	273	149	0.322715078334
25008	74	0	48	1	237	149	0.314095344317
25009	19	106	10	50	284	149	0.94558468878
25011	11	0	12	7	431	149	0.000133449654865
25012	5	0	0	7	354	149	1.64769219824e-07
25021	7	1	6	0	245	149	0.746381256194
25022	7	1	4	0	245	149	0.773847349674
25023	2	1	0	2	229	149	0.00744593605044
25025	3	1	2	0	344	149	0.0437683427653
25026	3	1	4	0	344	149	0.0406369366698
25027	1	21	0	24	215	149	0.316611095699
25039	306	0	316	1	499	149	1
25040	146	20	292	7	347	149	5.62778027979e-05
25043	6	53	0	22	296	149	0.0355362005453
25044	120	15	19	11	227	149	0.0023371619229
25045	5	2	43	0	350	149	0.00309116006474
25066	4	136	0	19	507	149	1
25067	335	8	68	1	291	149	0.339487209546
25068	13	225	1	36	234	149	0.164957440443
25069	10	16	0	1	1118	149	0.0355105954268
25070	320	2	51	1	227	149	0.334124577134
25086	24	0	48	11	1072	149	0.000126748514329
25096	0	32	1	11	251	149	0.255558404242
25099	88	1	127	3	284	149	0.309259048391
25103	1	2	0	10	225	149	0.271793316405
25104	1	2	0	10	271	149	0.352665313244
25105	2	1	13	0	232	149	0.178788430557
25108	3	0	4	5	268	149	0.00035405552832
25112	2	1	0	2	210	149	0.00637291562282
25116	0	8	4	12	200	149	0.00810210722577
25129	59	1	27	0	313	149	0.306103612115
25130	25	1	13	0	202	149	0.261062510554
25132	60	7	38	4	373	149	0.851673832291
25133	1	38	0	21	180	149	0.4146760507
25137	2	177	0	40	288	149	1
25138	0	255	1	72	265	149	1
25139	2	167	0	42	308	149	1
25140	337	0	98	1	258	149	0.499651989923
25142	194	0	70	1	277	149	0.360172579144
25164	2	3	16	1	191	149	0.00446323085772
25180	3	15	0	22	312	149	0.0430930813558
25183	10	0	12	1	221	149	0.287853706209
25184	18	0	23	1	300	149	0.230450180629
25185	83	0	75	1	437	149	0.29300366409
25186	33	1	20	0	286	149	0.256168939512
25187	40	2	77	2	370	149	0.630003789048
25189	2	5	0	22	268	149	0.0579310895032
25193	0	11	2	22	223	149	0.224771667285
25194	0	11	2	22	226	149	0.231058952333
25203	0	16	1	98	270	149	1
25204	5	14	0	60	304	149	0.000663710034166
25208	2	0	189	1	374	149	0.793185070999
25209	12	0	159	3	297	149	0.267420809956
25212	57	2	683	3	1385	149	0.151701374735
25214	43	0	71	2	1091	149	0.0533103509563
25217	2	3	5	1	330	149	0.0714012507534
25218	2	0	7	2	371	149	0.012555207081
25220	2	3	6	1	371	149	0.0472443268226
25225	0	3	2	1	261	149	0.00790980966329
25229	0	3	3	1	344	149	0.00257481768121
25230	2	1	2	2	344	149	0.576637634346
25233	0	2	6	0	278	149	2.64542485739e-06
25234	1	0	2	2	243	149	0.00397644676226
25235	1	3	2	1	243	149	0.16295567645
25236	1	0	2	1	243	149	0.0437854231231
25239	3	0	2	1	243	149	0.0393198407973
25240	2	0	0	1	304	149	4.4593535597e-05
25244	0	3	3	3	251	149	0.00693551303114
25245	16	0	95	3	2164	149	0.00654694038422
25246	3	0	17	3	238	149	0.0182137394081
25252	1	3	8	88	534	149	0.308981809235
25259	0	3	3	19	304	149	0.117067681814
25261	0	3	5	88	304	149	0.277870065345
25266	2	3	1	88	371	149	0.106479282227
25270	39	0	35	2	207	149	0.173318755383
25271	81	2	46	0	270	149	0.390785350862
25272	2	56	0	20	223	149	0.527963979635
25273	41	0	15	1	191	149	0.361777993149
25274	95	18	35	1	191	149	0.00500906888
25275	318	36	155	36	239	149	0.0142332188344
25276	9	0	20	2	230	149	0.0822882233649
25277	992	1	157	1	238	149	1
25280	471	4	135	2	167	149	0.544603664654
25281	1604	0	314	2	300	149	0.67531007426
25282	1070	1	170	0	222	149	1
25283	1150	119	189	12	230	149	0.100744631972
25284	203	33	29	0	191	149	0.000432203422825
25286	0	1	1	1	291	149	0.344077720044
25287	82	1	163	1	234	149	0.46202215638
25289	175	0	166	1	255	149	1
25290	73	2	99	0	255	149	0.706735052581
25291	19	2	26	0	254	149	0.048405464852
25292	125	2	94	2	254	149	0.862634636298
25293	2	10	2	23	307	149	0.571153782277
25294	108	4	174	0	1437	149	0.00154923266422
25296	57	4	102	0	294	149	0.00643512245229
25297	180	4	251	0	238	149	0.159631953829
25298	187	10	257	38	246	149	0.0044714121779
25299	478	0	202	2	243	149	0.551884065717
25301	71	0	91	8	218	149	0.0012463450602
25302	0	12	2	0	275	149	5.61196430071e-06
25303	694	2	194	0	260	149	1
25304	973	2	267	0	294	149	1
25305	3	396	1	97	253	149	1
25306	15	396	6	97	330	149	0.527572391801
25307	2	2	0	1	224	149	0.0201877416664
25308	5	47	0	36	224	149	0.0237747446254
25311	20	0	240	2	234	149	0.656743856045
25312	5	0	144	1	254	149	1
25338	3	1	1	0	241	149	0.0708003622003
25348	1283	5	366	0	335	149	1
25349	1056	9	197	0	233	149	0.751863065792
25350	1103	5	222	1	240	149	1
25351	1488	3	362	1	292	149	1
25352	1417	0	317	1	294	149	1
25356	35	1	84	1	284	149	0.951552482246
25374	40	12	4	0	281	149	0.00394657522644
25375	64	20	14	3	413	149	0.480359207282
25376	40	20	1	3	208	149	0.0528348629511
25377	1373	7	63	0	616	149	0.317644605568
25378	270	7	13	0	261	149	0.0767324286192
25379	407	13	16	1	250	149	0.41766831566
25380	285	4	11	0	250	149	0.390400128263
25381	280	13	11	1	287	149	0.431695196635
25382	382	4	24	0	324	149	0.393875492711
25383	499	8	28	0	324	149	0.102186655017
25393	1	0	2	1	229	149	0.0473786904251
25397	7	1	2	0	201	149	0.526904757095
25399	77	1	42	4	262	149	0.0274901000478
25407	251	1	79	2	191	149	0.647514934195
25409	1	161	0	38	194	149	1
25412	66	63	41	48	167	149	0.503067958866
25413	9	7	33	7	444	149	0.0359626960275
25433	498	0	85	3	246	149	0.141479441105
25434	22	1	59	0	245	149	0.312023283305
25435	35	0	49	1	248	149	0.311113414732
25437	961	2	8	0	425	149	1
25438	586	16	15	0	425	149	0.0367871422597
25443	3	3	5	11	361	149	0.556745388222
25472	2	0	1	2	527	149	0.000210622541416
25476	108	0	27	5	300	149	0.000105276614597
25477	192	2	84	0	299	149	0.529794697379
25478	178	1	80	2	259	149	0.47999706525
25479	134	9	115	4	181	149	0.235947254905
25481	14	0	4	3	207	149	0.00095548653994
25482	4	9	0	1	389	149	0.0268402665453
25483	1	0	2	3	215	149	0.000663516953022
25484	13	107	48	138	341	149	0.00188638376751
25489	90	50	147	21	212	149	1.28594432014e-05
25492	292	1	529	7	286	149	0.149285594036
25493	4	68	40	187	220	149	0.00407435554742
25498	28	1	17	0	216	149	0.263604827317
25499	2	26	0	5	204	149	0.24048836732
25500	2	62	0	32	248	149	0.523676526277
25502	521	2	120	0	303	149	1
25504	1255	1	395	0	821	149	1
25505	1108	1	325	0	1025	149	1
25506	561	1	151	0	474	149	1
25507	0	140	3	597	288	149	1
25508	97	0	520	12	477	149	0.0113773170094
25511	0	9	2	7	206	149	0.0489756073706
25512	25	0	10	3	188	149	0.00451281646961
25513	0	8	2	6	343	149	0.0791087220486
25518	2	16	0	12	226	149	0.151873666936
25519	2	16	0	12	223	149	0.149850821636
25526	0	4	4	210	225	149	0.687209065268
25530	71	2	69	0	285	149	0.34335649852
25532	5	26	0	23	266	149	0.0113169482926
25533	6	19	0	3	266	149	0.0121266149588
25534	3	19	0	3	293	149	0.111801111223
25535	7	19	7	3	187	149	0.0139074978299
25536	117	19	46	3	291	149	0.0801425982216
25537	93	2	23	0	291	149	0.342549316867
25538	43	19	28	3	303	149	0.012547041337
25539	5	22	5	37	249	149	0.498379423393
25540	0	22	2	37	211	149	0.624534177952
25543	10	0	54	2	315	149	0.179044025057
25544	6	2	22	4	161	149	0.800516280901
25551	9	0	19	5	280	149	0.00193515309644
25558	1	57	2	29	339	149	0.594715834406
25560	171	3	111	4	334	149	0.361808711564
25564	46	0	27	2	284	149	0.0701660522525
25565	107	0	59	2	267	149	0.423308376148
25566	119	3	67	0	309	149	0.120662727486
25571	45	23	81	8	353	149	0.000155126486458
25572	38	6	75	2	353	149	0.0167682427145
25573	116	23	177	8	458	149	0.000342697293634
25574	56	6	49	2	300	149	0.171561960902
25575	45	23	46	8	306	149	0.0158166787658
25576	2279	0	941	2	1591	149	0.530953428755
25577	564	4	272	0	514	149	0.326883645325
25578	123	0	61	2	209	149	0.724482144879
25579	134	4	68	0	209	149	0.10728175593
25580	335	2	182	1	269	149	1
25581	440	2	224	1	260	149	1
25582	109	194	30	144	315	149	0.000149073709351
25583	963	4	692	0	653	149	0.79493359401
25584	5	0	13	3	236	149	0.0111562238407
25586	9	0	43	2	234	149	0.189613832343
25587	4	0	28	4	234	149	0.0114659416659
25588	0	18	1	28	230	149	0.390077424475
25589	66	0	66	4	280	149	0.0162843320737
25590	84	18	92	13	280	149	0.306321390212
25593	31	0	49	3	239	149	0.0561584287026
25607	918	0	442	2	310	149	1
25610	2	0	27	2	215	149	0.142421092812
25611	2	0	4	5	333	149	0.000385238173975
25612	2	2	31	4	243	149	0.0862823471153
25616	6	0	32	4	283	149	0.00971163293982
25620	57	0	54	2	243	149	0.28432282409
25621	42	1	25	4	208	149	0.0356193076101
25636	3	25	1	0	357	149	0.0034964848197
25648	4	0	14	83	352	149	1.39207856696e-05
25649	0	2	140	5	333	149	2.96925574731e-05
25650	2	0	10	1	254	149	0.456972549519
25653	1	0	160	1	317	149	0.790547782883
25656	103	0	208	2	187	149	0.749556640574
25662	1	214	2	241	185	149	1
25664	0	2	1	2	394	149	0.37643964697
25669	48	1	87	4	331	149	0.261440238121
25670	1	118	0	7	178	149	1
25673	2	2	1	1	238	149	1
25682	1248	2	259	0	233	149	1
25683	750	9	197	2	308	149	0.593828915971
25684	9	2	2	0	261	149	0.0310858642439
25692	1	7	2	17	194	149	0.770773692258
25693	1	34	0	54	194	149	0.397101501281
25694	0	2	2	0	210	149	1.72772249758e-05
25695	103	0	72	1	251	149	0.38897561086
25696	85	25	87	9	245	149	0.0104269603967
25697	29	1	49	0	252	149	0.288738378692
25698	161	141	537	79	353	149	1.11022302463e-16
25699	161	141	578	79	343	149	0
25700	102	141	119	79	180	149	0.0021004922449
25701	429	0	484	6	192	149	0.650273150502
25703	1	600	4	901	255	149	1
25706	8	0	920	1	248	149	1
25708	9	70	4	40	390	149	0.579247658454
25709	13	2	4	0	390	149	0.0275078926741
25710	457	1	82	3	308	149	0.0728748175865
25716	2	8	0	32	236	149	0.101393384179
25717	11	0	46	1	263	149	0.29795177559
25718	9	0	34	1	288	149	0.256835563637
25722	22	0	30	2	253	149	0.0965155158065
25723	40	0	73	2	250	149	0.366192606248
25724	10	20	8	21	328	149	0.630196910905
25725	110	5	43	0	265	149	0.0281313963057
25727	109	1	45	0	311	149	0.462291500123
25728	75	4	35	0	233	149	0.0427464009213
25734	91	1	58	0	261	149	0.460003461941
25735	47	0	25	2	302	149	0.0568282368593
25736	64	4	34	2	302	149	0.830377349195
25738	10	23	0	9	279	149	0.0017632368202
25742	75	4	38	2	229	149	0.888397920512
25743	111	0	46	1	309	149	0.276808132079
25744	171	2	67	3	323	149	0.172874104883
25745	9	4	2	3	285	149	0.171682266241
25749	652	2	100	0	265	149	1
25750	206	1	61	0	253	149	1
25751	248	1	91	0	256	149	1
25753	8	155	2	84	207	149	0.199873784436
25756	9	1	11	0	274	149	0.548482968784
25758	12	0	17	1	253	149	0.23454435938
25780	1	0	146	2	270	149	0.851818332024
25784	8	0	8	5	268	149	0.000384478201597
25791	232	0	31	2	314	149	0.170298323734
25792	65	3	6	0	208	149	0.143778325959
25795	275	0	4443	1	359	149	1
25796	1	0	1626	33	278	149	0.113433933225
25797	34	5	9	4	196	149	0.181024304118
25800	1	0	10	2	253	149	0.038483865438
25805	21	4	38	0	282	149	0.00169281863795
25806	26	0	16	2	241	149	0.0395966587591
25809	80	2	44	0	223	149	0.610210160263
25810	136	7	71	4	210	149	0.849478812633
25811	14	0	2	2	215	149	0.00185462357528
25812	241	8	122	2	310	149	0.236694104235
25813	2	49	3	40	219	149	0.474524332246
25828	21	2	11	0	276	149	0.0688136340426
25829	42	0	17	1	245	149	0.453091933037
25831	108	1	15	0	252	149	0.575395197813
25832	8	62	0	4	202	149	0.0291962005327
25839	2	3	0	8	285	149	0.0240555622623
25840	2	3	0	8	288	149	0.0246144568445
25845	102	1	37	0	229	149	0.607049540543
25846	318	7	158	0	300	149	0.0308674513227
25847	246	0	88	2	247	149	0.766924666039
25848	169	4	137	10	278	149	0.0451513045613
25849	25	57	2	17	200	149	0.0260487346526
25850	36	42	74	15	350	149	1.86137656122e-06
25851	63	12	35	3	212	149	0.156593420473
25853	59	2	14	2	241	149	0.305624589788
25854	95	9	23	0	215	149	0.00653566107982
25855	139	2	24	4	265	149	0.00743498929786
25857	96	0	18	1	262	149	0.288058289959
25858	70	0	19	1	220	149	0.267649042242
25860	2	0	62	1	643	149	0.2466645412
25867	2	4	0	2	242	149	0.0463816211257
25868	10	2	20	0	300	149	0.0174582699082
25872	27	6	68	8	288	149	0.316109659278
25873	36	6	159	8	231	149	0.0700179791109
25874	1	13	8	41	319	149	0.159970269051
25875	16	0	8	2	223	149	0.0197715405797
25876	58	0	35	2	226	149	0.175231949053
25885	5	5	0	1	365	149	0.0054350939851
25887	10	3	0	2	241	149	0.000408959749002
25888	13	5	0	1	241	149	0.00209513100615
25897	3141	2	365	0	226	149	1
25898	907	2	170	0	242	149	1
25909	1	244	0	293	284	149	1
25911	50	0	234	1	254	149	1
25912	99	0	286	1	251	149	1
25913	110	136	543	92	314	149	0
25917	180	0	33	2	208	149	0.326999440452
25919	308	2	60	0	278	149	0.743593721545
25920	96	0	325	2	257	149	1
25932	25	0	333	2	466	149	0.530997057574
25938	41	27	9	18	260	149	0.0161602201255
25939	21	45	14	8	170	149	0.0100636662343
25942	4	0	3	15	205	149	1.95671561946e-05
25946	61	9	48	5	203	149	0.520175085627
25947	180	2	63	0	245	149	0.531266289938
25949	1	0	6	1	393	149	0.085708790356
25950	1	0	4	1	230	149	0.100340004313
25954	991	0	414	2	360	149	0.813881568779
25955	993	0	419	2	363	149	0.821446401845
25956	1907	0	809	2	492	149	1
25957	1	37	0	170	321	149	1
25960	158	0	95	4	272	149	0.0198802021755
25962	280	1	185	0	307	149	1
25963	151	1	71	0	307	149	0.741921019278
25964	109	1	97	0	279	149	0.514889961339
25965	237	0	212	1	279	149	1
25966	144	2	243	0	351	149	0.661063421847
25967	23	2	94	0	298	149	0.0698017740148
25968	372	6	169	17	278	149	7.42600484922e-05
25971	5	0	1	1	223	149	0.0461928477433
25972	46	0	4	1	223	149	0.236812757617
25973	7	2	3	8	186	149	0.0110179789084
25974	0	12	2	0	267	149	5.36817279628e-06
25975	13	11	3	3	208	149	0.807486692408
25976	1	34	0	17	236	149	0.474374201887
25977	79	7	21	2	300	149	0.833648427073
25985	6	0	21	2	217	149	0.0989604394182
25988	105	4	48	0	231	149	0.0706604730541
25989	4	936	1	211	310	149	1
25993	1500	0	644	4	229	149	1
25994	1	1	267	0	378	149	0.0567560681284
25995	1	1	0	1	185	149	0.0489154637032
25998	1	4	0	1	208	149	0.435596542059
26003	124	1541	99	680	242	149	0.00348022607287
26004	3883	8	1846	11	348	149	0.559288638495
26006	22	1293	0	654	296	149	1
26008	4195	8	2041	12	536	149	0.0716126974348
26009	1721	8	801	12	383	149	0.0148145689872
26010	3	431	2	296	261	149	1
26011	415	0	234	3	328	149	0.531089379647
26017	113	1	22	0	221	149	0.821116140985
26019	1124	1	594	1	260	149	1
26020	403	0	212	1	229	149	1
26023	18	40	32	146	456	149	0.0721519977904
26024	20	0	56	4	335	149	0.0165237812759
26025	55	59	33	22	200	149	0.181238705743
26026	8	12	6	16	221	149	0.373371437278
26027	44503	5	31	0	378	149	1
26028	37322	133	12	0	278	149	1
26029	55881	31	26	0	404	149	1
26030	34999	2	14	0	404	149	1
26031	1808	17	2	0	288	149	0.301677747793
26032	1835	2	2	0	288	149	1
26033	22538	5	14	0	288	149	1
26034	4534	2	11	0	255	149	1
26035	3	0	187	3	1083	149	0.0675961895518
26037	16	0	71	1	196	149	0.476367666643
26041	2	0	97	2	210	149	0.554972461553
26047	7	0	3	2	238	149	0.00538832840132
26048	39	1	19	0	276	149	0.273132757461
26049	6	2	0	2	234	149	0.000464482838849
26050	9	20	2	11	234	149	0.184274497995
26051	2	20	0	11	261	149	0.257952116387
26055	6	25	2	23	185	149	0.162380316835
26058	16	2	37	0	234	149	0.0441298178018
26060	51	2	36	0	279	149	0.168669454603
26062	49	0	45	5	179	149	0.00558719667814
26064	0	54	1	41	225	149	0.552397206563
26065	2	54	0	41	296	149	0.524638641088
26069	6	0	1	5	442	149	4.42808717049e-06
26079	2	7	5	29	257	149	0.709328940756
26080	520	0	345	2	410	149	0.55568714292
26082	3	8	0	95	252	149	0.00994479175981
26090	4	0	0	1	477	149	2.38299369092e-05
26095	46	1	7	3	172	149	0.00832075432727
26096	0	1	8	3	321	149	0.00169936897919
26097	0	1	4	3	356	149	0.00480294337421
26098	22	6	28	2	419	149	0.0747462232005
26099	22	1	29	3	419	149	0.345942598129
26100	330	1	89	0	212	149	1
26103	0	2	47	3	212	149	7.79519341259e-05
26104	0	2	10	0	212	149	2.50709201821e-06
26106	560	2	130	0	230	149	1
26107	559	2	130	3	230	149	0.355997267022
26110	1026	1	274	0	319	149	1
26111	1045	1	278	0	364	149	1
26112	2330	4	547	3	302	149	0.874529290781
26123	0	12	2	16	172	149	0.103547900429
26124	3	1	0	2	275	149	0.002025292964
26125	17	4	11	3	467	149	0.854281544684
26126	10	4	19	3	281	149	0.246436515824
26127	10	5	0	19	313	149	6.24808208616e-07
26128	139	2	43	0	287	149	0.66763574155
26129	9	79	0	26	293	149	0.0150046791918
26130	0	81	2	21	197	149	0.425526325693
26132	806	1	281	6	281	149	0.0310003713064
26133	957	10	321	6	245	149	0.399357738789
26137	329	0	154	1	222	149	1
26138	175	0	93	2	340	149	0.653207344616
26139	101	0	23	2	251	149	0.1088292814
26140	90	0	20	2	254	149	0.0784135239789
26142	154	1	41	0	206	149	1
26147	254	2	67	0	590	149	0.65948505497
26148	0	3	1	11	268	149	0.263154742328
26152	20	7	15	0	254	149	0.000426074973191
26153	26	2	15	0	354	149	0.063955774805
26154	564	1	191	0	342	149	1
26155	268	54	167	10	386	149	0.000433714687394
26156	510	5	181	5	319	149	0.157843501018
26158	32	171	21	63	274	149	0.114351942348
26159	86	13	21	0	370	149	0.00108934774436
26160	14	3	2	15	246	149	4.48455485835e-06
26162	19	0	17	3	252	149	0.0104295545822
26163	9	0	8	3	208	149	0.00502478977569
26165	40	6	9	1	318	149	0.6696623886
26166	24	9	4	2	271	149	0.698834756452
26170	15	5	11	2	617	149	0.451767312989
26173	4	0	201	1	194	149	1
26174	5	0	115	2	194	149	0.629374669574
26175	9	0	116	2	194	149	0.589657874999
26176	37	0	610	2	2727	149	0.240470583199
26177	26	0	692	3	302	149	1
26178	28	0	1036	3	308	149	1
26180	0	4	423	4	259	149	1.00698394068e-09
26181	2	0	18	499	299	149	0.000133873071829
26182	51	0	39	2	284	149	0.122940780785
26183	14	0	9	2	199	149	0.0290178040781
26184	9	4	1	6	199	149	0.00421059603371
26185	54	0	32	1	243	149	0.264869656265
26186	41	6	6	10	258	149	0.000110568958967
26190	1283	0	77	5	237	149	0.00214845522791
26191	11	0	15	1	340	149	0.380644186333
26196	376	5	759	5	341	149	0.338556193309
26197	223	0	593	1	258	149	1
26198	0	1	4	8	258	149	0.0104131073651
26200	0	1	10	8	287	149	0.00424659692272
26203	1	0	10	101	237	149	0.00395926049127
26207	63	3	69	0	224	149	0.0642008291498
26210	9	522	5	131	227	149	0.306419773321
26221	10	6	3	4	212	149	0.312978348757
26223	5	1	2	0	352	149	0.0775356985899
26227	21	2	6	0	283	149	0.0738584925594
26232	0	48	6	158	245	149	0.209774516555
26236	27	39	8	35	261	149	0.0126107125095
26237	6	39	6	35	203	149	0.869647605037
26238	179	2	92	0	225	149	0.541921233136
26239	215	3	80	0	311	149	0.338335954048
26240	185	0	87	1	309	149	0.384470745542
26241	118	2	59	0	284	149	0.814174453971
26243	1	14	1	65	267	149	0.289112951467
26246	497	1	240	2	346	149	0.528819548387
26248	622	1	238	4	242	149	0.321595577624
26249	393	1	152	0	280	149	1
26250	141	1	36	0	209	149	1
26251	298	0	87	1	258	149	0.446751214584
26252	565	1	212	0	203	149	1
26260	119	41	5	11	236	149	0.000609730358494
26264	2	2	0	1	212	149	0.0184873426887
26265	2	1	6	0	215	149	0.152011973131
26266	2	0	1	60	409	149	6.99651051241e-05
26267	146	1	65	0	870	149	0.29159670509
26276	10	0	63	9	223	149	0.00667933845221
26280	1	71	3	232	215	149	1
26284	137	12	42	0	253	149	0.00203195731208
26291	2	5	14	26	259	149	0.595953550702
26293	301	1	100	0	254	149	1
26294	2	252	0	86	271	149	1
26298	1	8	179	258	277	149	0.0126040164733
26301	110	0	398	1	239	149	1
26302	328	1	896	3	349	149	1
26303	1122	0	681	3	236	149	1
26307	73701	705	20328	225	282	149	0.393333489853
26309	43762	2	10417	0	303	149	1
26310	44929	2	24474	0	361	149	1
26311	31272	3	6686	0	243	149	1
26312	37	1	3	0	380	149	0.245444750574
26313	32	1	1	0	380	149	0.237747653546
26315	20	2	2	0	389	149	0.0509871336862
26339	39	0	9	3	220	149	0.00161620335295
26340	33	2	8	0	294	149	0.115493220585
26341	21	6	2	0	259	149	0.00591145383019
26342	98	3	16	2	503	149	0.305099985631
26343	1	1	0	2	255	149	0.27485703544
26344	3	25	0	6	255	149	0.120351536747
26345	7	2	1	0	275	149	0.0211331303399
26346	6	28	4	3	231	149	0.0554988551876
26356	2	0	6	4	301	149	0.00119081463412
26377	44	0	184	2	312	149	0.528030745913
26379	105	0	311	3	359	149	0.58446128553
26388	1	3	0	1	242	149	0.499229801667
26398	3284	1	115	0	237	149	1
26399	12836	1	453	0	369	149	1
26401	120	2	100	0	176	149	0.526820230486
26402	30	2	29	0	286	149	0.0771349327634
26403	39	0	87	2	273	149	0.406298832349
26404	121	0	174	2	3542	149	0.0364944854509
26405	4	0	36	2	234	149	0.16975053842
26406	9	4	15	11	284	149	0.444134040591
26407	16	25	4	0	211	149	0.00024961804752
26409	29	1	1	0	246	149	0.256187509532
26423	29	209	21	46	344	149	0.00148575019673
26425	474	9	98	0	216	149	0.0987468661807
26426	651	0	129	2	290	149	0.613667093894
26427	505	0	139	1	250	149	1
26428	591	2	178	0	281	149	1
26429	758	0	174	2	299	149	0.53062292074
26430	200	3	62	1	245	149	1
26431	359	9	132	0	207	149	0.0380175068322
26432	220	0	40	2	222	149	0.384614835966
26433	223	1	168	0	283	149	1
26435	77	1	44	0	261	149	0.396503088796
26437	136	0	115	1	345	149	0.442623770507
26438	64	7	48	14	226	149	0.0461389672623
26439	0	38	1	23	247	149	0.360036666488
26443	3	7	0	10	291	149	0.0173002338879
26444	73	0	17	1	322	149	0.560379752643
26480	475	352	6	4	215	149	0.870206557959
26482	4000	3	29	0	315	149	1
26483	2630	2	22	0	219	149	1
26487	406	2	41	0	284	149	1
26488	27	7	0	9	263	149	1.10729049929e-07
26507	101	1	66	7	253	149	0.00244175685328
26508	76	2	30	2	253	149	0.513977769066
26509	17	2	6	0	189	149	0.0900659332587
26513	52	0	24	2	258	149	0.074403097316
26514	112	4	61	0	258	149	0.0600537478272
26515	0	74	1	38	544	149	1
26517	100	3	78	0	307	149	0.0850124606909
26519	106	3	15	2	323	149	0.302812712688
26521	9	0	5	9	246	149	9.35086589615e-06
26522	456	1	177	0	321	149	1
26529	1088	0	267	2	206	149	1
26530	930	1	245	0	217	149	1
26531	17	108	3	95	241	149	0.00251563918211
26538	4	0	8	15	194	149	0.000172396366806
26542	2	11	0	23	322	149	0.249367312553
26543	2	0	0	7	322	149	6.44572804709e-06
26545	19	0	37	7	351	149	0.00104672175498
26548	0	2	2	10	158	149	0.0780284267493
26550	4	10	2	0	324	149	0.000574884924582
26551	25	2	9	0	237	149	0.103613120243
26563	241	2	67	2	212	149	0.463594018553
26564	173	2	82	0	263	149	0.528592484237
26565	232	0	71	2	221	149	0.891282462253
26570	200	4	96	0	238	149	0.17164608997
26573	5	128	3	53	347	149	0.920588019901
26575	276	8	102	0	287	149	0.0165312038545
26582	31	10	21	3	197	149	0.188568437689
26638	0	5	1	6	347	149	0.229280003274
26639	0	5	1	6	278	149	0.216248346384
26640	0	629	3	256	430	149	1
26644	914	4	489	4	257	149	0.684849654965
26645	11	5	4	9	242	149	0.0292379694733
26646	20	43	17	15	254	149	0.0559507889954
26647	968	3	87	0	268	149	1
26648	3	1	1	0	205	149	0.0850034160573
26649	962	0	100	1	356	149	0.384025977167
26650	851	0	94	2	287	149	0.948645499631
26651	883	1	86	0	253	149	1
26652	1409	0	1098	20	243	149	0.000594926669397
26656	8	71	13	27	186	149	0.00445950227166
26657	51	1	86	4	316	149	0.234158941679
26662	37	0	402	5	274	149	0.329775551801
26663	2	0	527	2	345	149	1
26672	218	3	14	4	233	149	0.00131003111192
26673	68	4	12	0	248	149	0.0448046898977
26681	2	40	0	15	233	149	0.854100392995
26682	20	34	7	15	185	149	0.620322270683
26683	10	12	3	26	372	149	0.00342394637594
26686	119	2	237	1	302	149	0.840148913519
26693	16	1	76	8	323	149	0.402970791215
26694	2	25	4	41	191	149	0.672277582669
26695	81	0	94	1	314	149	0.40075561062
26710	10	16	6	6	283	149	0.514398693377
26734	124	4	122	0	248	149	0.0516004125435
26738	4	0	9	2	258	149	0.029563406757
26740	2	1	3	13	237	149	0.142567469561
26742	13	0	13	3	755	149	0.000888867020303
26743	3	0	6	3	373	149	0.00114910573618
26744	3	0	6	3	328	149	0.00154329663893
26745	3	0	5	3	317	149	0.00117434899281
26746	4	0	5	3	310	149	0.00117391318654
26747	314	4	417	0	508	149	0.0826592453379
26748	295	1	158	0	204	149	1
26749	109	3	62	0	240	149	0.155275221206
26750	82	0	69	2	187	149	0.717778048632
26759	0	4	1	6	240	149	0.229247653389
26760	2414	1	3377	0	411	149	1
26761	10041	1	7506	0	295	149	1
26767	2	1	2	2	279	149	0.572522701422
26768	3826	2	864	0	315	149	1
26769	4019	7	907	0	208	149	1
26770	2061	8	692	6	223	149	0.769874269068
26772	1294	6	758	5	262	149	0.760809255527
26773	346	2	702	0	250	149	1
26776	141	7	6	0	373	149	0.0246565848334
26780	100	10	0	2	192	149	0.000156600455129
26781	31	154	5	5	588	149	0.0727083848786
26782	2	154	2	5	171	149	0.0428830462121
26783	66	4	9	0	328	149	0.027511346649
26784	213	10	14	0	328	149	0.0230441549112
26788	14	2	19	4	230	149	0.634778061642
26794	4	5	8	32	343	149	0.250607566365
26795	0	5	4	32	251	149	0.0757087126507
26797	16	2	8	0	291	149	0.0488237968427
26802	231	0	89	1	341	149	0.367098781297
26803	1	48	0	35	227	149	0.738292324896
26804	47	2	6	1	216	149	0.491379429243
26805	1	79	6	17	291	149	0.000318099954672
26822	21	2	6	0	263	149	0.0802344465801
26828	17	5	7	1	186	149	0.397011119508
26830	7	0	123	3	380	149	0.152670881003
26832	14	0	40	9	259	149	0.00135038788472
26833	239	1	88	0	320	149	1
26834	251	1	66	0	298	149	1
26835	266	2	60	1	297	149	0.561790023111
26837	0	89	2	148	206	149	1
26838	0	89	4	148	241	149	0.810655627536
26840	0	2	1	0	256	149	2.57259033491e-05
26843	10	0	6	18	439	149	2.4742248772e-07
26856	1304	4	1365	0	371	149	1
26857	911	0	775	1	252	149	1
26859	292	4	513	0	345	149	0.22529014218
26860	497	4	671	0	351	149	0.718542153755
26861	1012	2	1139	0	351	149	1
26863	67	2	37	0	343	149	0.177151246109
26866	3	6	2	8	294	149	0.463717237777
26867	7	1	36	0	252	149	0.359138417376
26868	6	2	4	8	233	149	0.0379764105184
26869	2	0	1	2	233	149	0.00131393824573
26871	1	4	6	2	270	149	0.0189499278107
26874	266	0	70	1	653	149	0.252267474321
26875	22	0	4	1	311	149	0.450337130269
26877	83	2	24	1	293	149	0.619422562158
26878	43	2	16	1	282	149	0.694645777681
26879	106	2	35	1	282	149	0.668337792323
26880	64	2	28	0	268	149	0.234468152259
26881	353	0	86	4	250	149	0.0188966397761
26883	77	274	9	46	365	149	0.266344965565
26891	93	1	6	0	344	149	0.374887402646
26892	4	16	0	8	242	149	0.0192759836448
26898	43	2	12	0	304	149	0.141909610214
26913	0	6	2	15	227	149	0.151207573798
26915	3	0	4	15	202	149	0.000123434587612
26927	2	10	0	3	251	149	0.122932868898
26935	76	2	29	0	277	149	0.288538792478
26936	53	2	27	0	673	149	0.069071720368
26937	3	34	5	10	469	149	0.0390940921287
26938	145	8	67	0	383	149	0.00290221455979
26940	443	3	240	0	218	149	1
26941	161	0	102	1	218	149	0.672469636667
26942	215	0	102	1	256	149	0.526243058978
26943	495	1	241	2	256	149	0.599149957397
26946	90	0	53	1	513	149	0.250903653983
26947	5	9	1	4	349	149	0.309923940664
26962	1	40	8	42	281	149	0.00686366820041
26963	1	40	0	42	201	149	0.475556200166
26964	167	0	116	3	252	149	0.200110022404
26977	31	0	60	2	229	149	0.290515078963
26980	6	0	16	2	290	149	0.0513156100375
26990	8	0	49	4	242	149	0.0277861406247
26996	105	0	245	1	240	149	1
26997	195	0	308	5	311	149	0.0946774170423
26998	326	0	499	5	311	149	0.41286869363
26999	87	0	235	2	237	149	0.630623890469
27000	109	0	278	17	237	149	0.000497550229803
27001	75	0	226	17	383	149	0.000332073533017
27002	99	47	317	135	383	149	0.656307542457
27013	1	0	18	6	304	149	0.00481000150694
27015	8	0	73	2	223	149	0.325770101188
27018	21	31	5	53	326	149	7.22433256806e-05
27019	78	0	46	2	256	149	0.240960880937
27021	74	4	77	5	275	149	0.761545463769
27031	1	0	89	3	278	149	0.157907303859
27033	5	0	0	2	219	149	3.50393591453e-06
27034	25	1	2	0	213	149	0.255389169114
27043	11	1	4	0	236	149	0.3624921256
27046	2	0	12	82	315	149	0.000550093536227
27048	47	0	124	1	209	149	1
27049	51	0	102	1	421	149	0.347159485653
27050	70	0	122	1	427	149	0.388444300588
27068	812	0	349	1	241	149	1
27069	163	3	91	1	208	149	0.39987199686
27071	277	2	290	0	231	149	1
27075	10	1	10	0	350	149	0.780200080337
27082	429	34	43	6	330	149	0.391895138606
27086	20	7	13	54	243	149	1.14170025556e-06
27087	2	8	2	6	258	149	0.842408400976
27088	11	7	13	54	281	149	0.00139800605255
27089	17	7	20	54	314	149	0.000250614971939
27096	76	1	8	9	236	149	1.85663391328e-08
27097	48	14	5	6	302	149	0.0296478580187
27098	9	23	7	11	271	149	0.469977501716
27099	8	7	4	0	271	149	0.000576998922887
27100	389	7	185	0	835	149	0.0060208304937
27101	370	3	179	2	835	149	0.839886980946
27102	199	2	93	4	255	149	0.0859024416266
27103	110	0	34	3	296	149	0.0100850024706
27104	2	104	0	36	183	149	0.559450070627
27105	197	6	106	3	302	149	0.806257201139
27106	917	1	518	0	888	149	1
27107	2	1	1	0	226	149	0.0482055661571
27108	184	1	76	1	246	149	0.409747257658
27111	208	1	80	0	297	149	1
27113	4	295	0	57	256	149	1
27114	186	84	51	48	296	149	0.00771482146319
27115	196	0	53	1	318	149	0.289666900022
27122	3990	0	1725	6	314	149	1
27124	3846	0	3965	1	604	149	1
27128	6	414	2	19	359	149	0.908084224708
27133	1102	33	70	0	349	149	0.00986689472398
27138	48	7	26	5	183	149	0.753829190656
27140	30	146	12	76	207	149	0.447889656231
27143	264	1	146	0	342	149	1
27147	256	0	66	2	255	149	0.605089111725
27148	205	5	62	2	274	149	0.727849462109
27154	57247	7	2462	1	344	149	1
27155	39343	1	2039	0	326	149	1
27163	1	3	1	0	204	149	0.000259516230895
27164	3	0	1	24	302	149	3.90552281004e-06
27167	250	1	4	0	301	149	1
27168	8	304	0	4	273	149	0.607529942715
27170	2	0	0	1	252	149	4.41112012365e-05
27171	0	2	2	0	220	149	1.69967948931e-05
27172	2	2	2	1	247	149	0.570871719756
27176	29	0	23	1	252	149	0.239388331007
27185	19	0	5	2	252	149	0.00670054523916
27186	79	0	20	2	759	149	0.00772329703336
27188	32	0	5	4	401	149	1.79077185978e-05
27199	2	79	1	28	207	149	0.706675019614
27200	210	1	72	0	260	149	1
27202	216	2	116	0	371	149	0.53105733051
27203	6	2	4	0	288	149	0.0139831623375
27204	4	42	4	19	288	149	0.36772688314
27205	2	42	0	19	204	149	0.684680633247
27209	227	2	146	0	230	149	0.627391407561
27210	244	2	191	0	263	149	0.591801492869
27211	76	2	46	0	213	149	0.634635522974
27212	105	17	47	5	302	149	0.364664563694
27213	27	25	8	12	216	149	0.322561786355
27214	1332	1	659	0	296	149	1
27215	2824	11	899	1	226	149	1
27217	13	9	6	5	183	149	0.788011820969
27219	45	1	19	0	227	149	0.311321629946
27220	17	8	6	4	240	149	0.618120211473
27221	0	1	4	3	240	149	0.00195482373199
27222	17	14	8	16	240	149	0.104268187566
27224	114	0	44	1	212	149	0.322377683187
27226	108	1	32	3	212	149	0.029871293784
27227	115	0	32	2	212	149	0.305537236589
27229	2057	2	645	0	1130	149	1
27230	502	2	140	1	268	149	0.891851774504
27231	2	0	2	1	290	149	0.0326187898673
27232	13	1	4	0	210	149	0.267078496544
27233	12	0	4	1	210	149	0.524269928041
27242	3	0	0	1	197	149	2.36305929726e-05
27243	24	324	0	308	197	149	3.74100365153e-06
27246	38	2	42	0	232	149	0.161986167009
27249	13	17	4	21	268	149	0.0209580982919
27250	69	7	20	0	173	149	0.00963692361356
27254	49	0	17	2	290	149	0.0352426792314
27255	113	1	37	0	409	149	0.380114925279
27256	117	0	28	2	314	149	0.0961550786003
27262	177	1	106	0	233	149	1
27263	597	1	285	0	824	149	1
27264	1	48	4	19	194	149	0.0140142683882
27265	4	0	3	2	194	149	0.00919551365237
27277	85	1120	54	148	276	149	2.52245890842e-10
27278	9097	23	581	0	338	149	1
27279	4056	0	594	5	349	149	0.477244911614
27280	9936	14	1077	2	505	149	1
27283	15	1	26	0	315	149	0.242050553023
27284	9	0	4	2	268	149	0.00651776477468
27289	0	1	1	41	429	149	1
27290	134	0	67	5	241	149	0.00252653891619
27295	28	1	67	0	490	149	0.237775187777
27296	12	1	25	0	357	149	0.375501974953
27297	2	5	0	8	239	149	0.0387718874284
27300	11	0	24	1	278	149	0.236049016884
27301	7	1	0	2	343	149	0.000152028103558
27303	2	1	0	2	222	149	0.00704518298347
27304	5	2	7	0	303	149	0.00853152332824
27308	3	124	1	39	196	149	0.803802151652
27310	142	0	115	1	279	149	0.547669119316
27316	1	0	9	2	213	149	0.0426407424682
27318	14	0	4	1	205	149	0.797499152527
27319	4	10	6	14	205	149	0.912769702483
27321	3	10	10	14	192	149	0.198919955539
27322	18	4	14	6	192	149	0.349986216411
27324	4	0	113	1	230	149	0.740056527575
27325	1	0	97	11	340	149	0.0152620517856
27326	79	1	6	0	265	149	0.399541070943
27327	0	36	2	1	198	149	0.00229118707322
27328	70	1	5	0	256	149	0.37758150036
27333	79	1	90	0	203	149	0.512522354297
27341	10	79	2	107	312	149	0.00413397874044
27352	292	0	5925	7	231	149	1
27353	532	0	6229	4	245	149	1
27354	807	10	9013	83	281	149	0.632617097918
27355	759	0	8020	2	227	149	1
27356	898	0	11077	1	302	149	1
27357	658	0	10016	1	271	149	1
27358	162	0	2717	2	202	149	1
27359	924	0	13190	3	288	149	1
27361	4	4	18	2	276	149	0.0134209066738
27362	176	2	78	0	952	149	0.163426735157
27368	50	1	40	0	234	149	0.326099897992
27369	84	1	58	0	301	149	0.382260140537
27370	105	1	65	0	316	149	0.441397515535
27371	117	0	31	2	329	149	0.100399101291
27380	57	0	136	3	251	149	0.211748836555
27381	88	7	147	1	257	149	0.00182677116384
27382	61	0	123	3	212	149	0.250724798743
27387	142	0	52	1	187	149	0.381855247211
27397	105	0	44	2	220	149	0.433722024479
27398	90	1	43	0	197	149	0.645663109705
27399	103	0	53	1	230	149	0.337702667614
27400	151	1	59	1	271	149	0.343491939851
27403	22	1	2	0	232	149	0.242870006039
27404	104	2	64	0	234	149	0.611768232614
27435	0	2	3	30	372	149	0.262344401234
27436	1	39	1	29	319	149	0.560928729036
27437	1	37	6	32	361	149	0.0209895518106
27438	2	28	0	31	245	149	0.806424497814
27442	2	78	0	32	248	149	0.564068331474
27443	9	51	3	26	227	149	0.433149532354
27444	4	0	2	4	227	149	0.000106954250753
27445	94	0	51	4	273	149	0.00592775260784
27446	49	0	27	1	273	149	0.331416906813
27447	96	1	71	0	320	149	0.401681931076
27449	8	13	2	20	338	149	0.0143277305593
27450	0	13	1	20	322	149	0.39527481461
27452	205	0	51	2	251	149	0.440971712436
27453	3	32	2	16	281	149	0.831651277088
27462	2	0	31	2	286	149	0.121729920952
27464	0	2	4	6	323	149	0.00942781539898
27466	8117	2	520	0	314	149	1
27467	7486	3	867	2	329	149	1
27468	2858	2	707	11	266	149	0.0187745298273
27470	0	2	5	57	300	149	0.141395921209
27472	261	6	103	4	257	149	0.583517474191
27473	229	2	86	0	204	149	0.764550328529
27474	297	1	89	0	337	149	1
27475	322	2	155	0	376	149	0.560758930247
27476	219	0	103	1	293	149	0.463513830055
27478	0	8	2	45	172	149	0.39225812443
27480	2	8	0	45	286	149	0.218885328873
27482	6	8	0	45	296	149	2.63120134721e-05
27483	5	8	0	45	311	149	0.000180571235693
27484	5	0	0	2	311	149	4.22513648257e-06
27487	1	49	6	56	544	149	0.11691401348
27490	42	2	52	2	335	149	0.838160004614
27491	50	2	59	2	337	149	0.979023074272
27493	76	2	81	2	452	149	0.918483681081
27498	6	7	12	2	191	149	0.016252744494
27502	20	7	18	2	196	149	0.118938138289
27503	16	0	14	2	196	149	0.0518539511495
27504	0	7	5	2	182	149	4.65049076314e-05
27505	0	10	2	13	195	149	0.0967583243666
27509	2	0	6	11	255	149	0.000988293428445
27511	33	2	0	1	333	149	0.000596178468618
27514	166	0	61	1	364	149	0.290406616781
27516	164	3	63	1	364	149	0.626276965954
27517	173	3	58	0	364	149	0.183096197234
27518	120	148	17	33	339	149	0.154806825851
27521	607	1	92	0	261	149	1
27524	743	9	125	2	301	149	0.687539197755
27525	105	1	19	0	238	149	0.598747143572
27526	191	2	53	2	265	149	0.375819036356
27527	10	90	0	11	250	149	0.0277618709575
27529	371	1	1443	0	257	149	1
27530	814	10	2038	46	297	149	0.0666164483016
27531	28	258	68	970	221	149	0.14071487296
27532	196	5	900	9	270	149	0.211109144239
27533	205	20	1116	64	244	149	0.110482601693
27534	33	0	467	1	244	149	1
27535	6	172	3	659	242	149	0.290763993442
27536	11	0	42	1	211	149	0.311651273598
27538	571	0	638	2	316	149	1
27543	140	14	38	8	483	149	0.15405290853
27544	235	14	66	8	517	149	0.177756553825
27547	2	111	0	80	321	149	1
27550	0	163	2	59	271	149	0.525256214833
27554	0	2	1	10	200	149	0.233367715248
27556	3	0	13	1	280	149	0.373130529967
27558	1	0	13	4	280	149	0.00335962816016
27561	0	1	7	3	216	149	0.00128888510883
27564	64	3	65	0	202	149	0.0814418923427
27567	310	0	153	2	268	149	0.5332443723
27568	3	194	0	79	241	149	1
27581	24	4	10	0	319	149	0.00384116218346
27583	87	0	110	3	256	149	0.141673134914
27585	46	1	4	0	230	149	0.312445257219
27593	230	0	58	1	323	149	0.301005019639
27594	121	0	29	1	342	149	0.253526035165
27596	104	0	40	2	299	149	0.167835896996
27611	15	0	6	4	363	149	8.93045834732e-05
27612	16	0	9	16	363	149	8.30190445278e-08
27621	799	0	1392	3	218	149	1
27629	8	0	32	2	236	149	0.139547682802
27636	16	2	37	0	250	149	0.0389490182192
27637	3	119	1	50	243	149	0.917680856983
27638	0	26	1	7	208	149	0.386056775349
27639	262	26	150	7	235	149	0.0611248685677
27640	648	7	295	0	308	149	0.167523202685
27641	358	0	145	3	248	149	0.37799984195
27642	318	0	136	2	321	149	0.639542899172
27643	374	1	210	0	280	149	1
27645	27	0	157	4	318	149	0.108816092353
27646	8	0	129	2	278	149	0.593886008867
27648	6	0	8	5	576	149	0.000229247399567
27650	2	5	1	0	323	149	0.000259787215654
27651	2	1	1	0	323	149	0.0293142251638
27652	34	5	19	0	3448	149	0.000164456370334
27653	8	1	2	0	302	149	0.761330108044
27657	4	2	0	2	268	149	0.00120559901283
27659	0	2	1	2	320	149	0.51990514704
27668	113	4	71	8	674	149	0.0545453624433
27693	688	0	542	2	264	149	1
27695	6	883	18	253	419	149	0.00603206643665
27696	3	883	5	253	269	149	0.843433274202
27698	1443	2	487	0	283	149	1
27702	4	0	100	1	311	149	0.422625806925
27703	4	0	101	13	311	149	0.0106349551003
27704	10	0	161	1	332	149	0.71969190451
27705	5	0	132	13	332	149	0.0126860323974
27706	6	0	71	13	275	149	0.00560279037644
27709	6	1	98	26	225	149	0.404663174477
27710	0	2	1	26	239	149	0.380708213083
27713	619	4	188	6	217	149	0.0267803239077
27714	830	5	282	3	286	149	0.699930466386
27718	35	34	2	9	246	149	0.0169866818318
27720	140	2	18	4	220	149	0.00347749679164
27722	189	2	90	1	714	149	1
27723	81	1	18	0	275	149	0.396117978722
27733	4	2	2	0	224	149	0.0125883101806
27735	56	4	124	4	212	149	0.339850928804
27739	86	0	29	1	280	149	0.249534813932
27741	8	51	2	12	274	149	0.867146179574
27744	20	748	2	282	198	149	0.0649038446799
27745	1150	1	362	0	333	149	1
27746	41	684	19	253	220	149	0.555797121277
27747	7	18	6	1	305	149	0.0037129891898
27748	26	3	6	0	305	149	0.0222697781215
27749	30	3	8	0	314	149	0.0257295863995
27750	14	21	7	0	314	149	2.88512969437e-05
27752	2	12	0	15	262	149	0.145114259368
27754	7	12	0	15	393	149	0.00066575778112
27758	3	0	5	1	190	149	0.900706444396
27764	345	1	19	0	302	149	1
27767	134	2	41	3	231	149	0.1178566952
27768	136	0	72	2	349	149	0.360470342528
27769	193	2	174	0	317	149	0.524775225366
27770	14	5	7	3	215	149	0.827061989181
27771	12	5	1	3	212	149	0.0377403653169
27774	185	2	28	0	286	149	0.529310171859
27775	280	2	43	0	706	149	0.479074806999
27796	2	0	17	2	253	149	0.0715104003217
27797	52	0	39	2	204	149	0.241576884125
27799	4	0	245	5	220	149	0.248942230767
27800	200	2	957	13	234	149	0.448777277004
27808	603	1	186	0	321	149	1
27809	243	0	104	1	303	149	0.453756796509
27810	4644	18	713	0	363	149	1
27811	4939	17	781	0	363	149	1
27812	3173	0	450	2	332	149	1
27813	6004	3	942	0	350	149	1
27814	2875	1	464	0	332	149	1
27815	3261	8	431	0	335	149	1
27816	5307	15	769	0	350	149	1
27819	0	3	8	0	330	149	4.27033988393e-07
27833	21	0	13	2	242	149	0.0327070777068
27834	49	2	25	0	209	149	0.237231960795
27835	12	0	31	1	308	149	0.245315933873
27837	18	4	11	1	227	149	0.308653433725
27843	6463	4	7541	13	283	149	1
27844	3045	42	5088	115	206	149	0.0270858322442
27845	1666	0	5039	2	219	149	1
27846	2635	6	5297	15	217	149	1
27847	1197	0	1537	1	217	149	1
27848	2104	0	2482	1	238	149	1
27849	3520	0	6220	5	238	149	1
27850	12177	1	10634	2	333	149	1
27851	8221	0	8728	2	257	149	1
27852	0	2813	4	5304	281	149	1
27853	6	4	12	1	266	149	0.0333155662309
27854	6	2813	18	5304	266	149	1
27856	2	35	5	33	302	149	0.182027059755
27859	21	0	48	1	190	149	0.359500383092
27864	8	5	6	7	223	149	0.40307213003
27866	5	2	2	15	437	149	0.00404936275746
27882	838	2	14	0	265	149	1
27883	303	2	23	0	349	149	0.565100912043
27884	897	0	20	1	217	149	0.238686428942
27885	884	2	30	0	264	149	1
27887	7	318	4	133	206	149	0.835935356564
27888	396	0	363	2	309	149	0.874131549316
27890	4	0	4	1	258	149	0.310600983723
27891	4	0	0	2	238	149	6.07063673519e-06
27892	15	1	10	0	361	149	0.415546310593
27904	15	5	6	15	264	149	0.00184141092019
27908	515	51	229	50	233	149	0.00218529568606
27911	569	7	260	0	207	149	0.452265801511
27912	262	4	90	6	768	149	0.0281931582348
27914	501	2	281	0	269	149	1
27925	3	2	1	0	270	149	0.00613209856383
27926	3	2	2	0	270	149	0.00578417219211
27927	3	16	1	8	270	149	0.470994923579
27928	28	2	10	0	1115	149	0.0166851741085
27930	2	16	0	8	282	149	0.20258908684
27933	60	0	531	7	329	149	0.154205221263
27934	270	0	338	1	248	149	1
27935	119	0	250	17	192	149	0.000304809333906
27937	5	0	166	1	207	149	1
27940	288	18	18	0	305	149	0.01192671772
27941	184	2	10	2	305	149	0.0557970563017
27942	62	2	4	2	213	149	0.0606708667265
27944	720	134	899	60	221	149	1.26972904713e-06
27945	1245	7	795	6	193	149	1
27946	3	2	142	0	222	149	0.0038432402847
27947	5	319	2	91	333	149	1
27948	487	17	168	0	233	149	0.00219826032245
27951	34	1	36	3	268	149	0.214780900784
27953	18	141	9	14	274	149	0.00474317580889
27954	314	3	64	2	308	149	0.493036366623
27955	182	8	65	0	256	149	0.0105154514371
27956	6	99	0	32	205	149	0.0632810057471
27957	2	8	1	5	383	149	0.649254306686
27963	7	0	0	2	224	149	1.6731920407e-06
27964	5	5	2	0	263	149	0.000744523877086
27970	8	0	9	2	553	149	0.0081698035101
27975	1	0	0	4	296	149	2.82734839571e-05
27977	4	0	0	12	273	149	1.31372278944e-07
27983	0	6	2	26	204	149	0.234858370624
27986	93	1	22	0	279	149	0.442474109057
27987	9	0	6	1	177	149	0.482790799968
27988	76	0	18	1	243	149	0.303736181099
27991	5	0	10	1	200	149	0.326035415141
27994	717	1	162	0	316	149	1
27995	20	0	5	2	275	149	0.00571333105207
27997	6	2	3	0	275	149	0.0156606180835
27999	24	2	4	0	210	149	0.123883957204
28001	20	2	2	0	207	149	0.107977239402
28037	54	0	7	1	234	149	0.496839431628
28046	0	2	9	1	194	149	6.51312959495e-05
28051	6	0	6	1	272	149	0.550491316232
28058	1	0	1316	1	272	149	1
28060	1	0	1407	2	611	149	1
28068	7	165	0	60	246	149	0.124702734886
28069	718	1	95	0	210	149	1
28070	227	14	136	0	315	149	0.000174162719997
28072	0	52	1	57	305	149	1
28073	1	2	4	3	253	149	0.368143038281
28074	2	118	1	63	253	149	1
28076	2	52	1	57	253	149	0.596582387156
28077	456	0	164	1	242	149	1
28080	491	1	124	0	209	149	1
28081	445	6	251	0	277	149	0.151125909192
28083	263	1	86	0	222	149	1
28084	2	48	0	18	547	149	1
28085	51	19	23	9	266	149	0.931324748599
28088	0	2	7	0	279	149	1.73944199788e-06
28091	593	2	220	1	273	149	1
28092	5	283	7	100	220	149	0.0305287423676
28093	528	14	177	4	235	149	0.637437576721
28094	346	0	125	2	200	149	0.530503617201
28095	67	2	60	6	377	149	0.0936065059182
28096	12	27	10	35	323	149	0.387871643716
28097	141	1	170	0	657	149	0.328047736454
28098	191	1	211	0	705	149	0.375868480108
28099	21	107	7	29	176	149	0.85677390136
28100	102	1	51	0	263	149	0.510785939651
28101	55	0	102	1	342	149	0.399774524034
28102	29	0	60	1	367	149	0.288321596097
28104	8	4	8	20	268	149	0.0243201452698
28127	192	0	110	1	380	149	0.391749343864
28128	200	0	66	1	409	149	0.287449346966
28129	281	3	106	3	409	149	0.33431306781
28130	161	0	35	2	259	149	0.261896120476
28131	4	53	0	42	239	149	0.0760844006733
28132	16	53	8	30	248	149	0.76459957556
28133	285	26	71	35	1668	149	1.03851132804e-07
28139	1	0	5	1	265	149	0.107870806602
28140	3	3	2	20	233	149	0.0458647847111
28141	53	4	78	2	247	149	0.179794176516
28142	4	0	46	1	1229	149	0.533053821101
28145	2	3	0	5	196	149	0.0191757257762
28147	22	1	8	1	388	149	0.872085699868
28148	46	4	5	1	178	149	0.462019412251
28149	347	2	230	2	260	149	0.571463898649
28150	1183	2	343	2	302	149	0.785987245407
28152	6	68	4	72	259	149	0.461655591123
28158	35	0	35	1	201	149	0.296782522311
28163	1	33	0	2	212	149	0.421529970543
28164	2	3	0	14	227	149	0.0178793471663
28168	94	3	115	3	230	149	0.852764778243
28169	257	1	279	3	233	149	0.636174578036
28173	182	2	391	2	262	149	0.528268315659
28179	3	110	7	39	252	149	0.00631388568463
28180	7	41	6	11	267	149	0.110469319777
28181	94	16	26	0	275	149	0.000510210543847
28183	3	0	0	1	201	149	2.39697593183e-05
28184	30	0	34	3	469	149	0.0119231091745
28185	35	0	20	1	469	149	0.26843970222
28186	122	4	48	0	469	149	0.0322470170533
28187	11	4	3	0	317	149	0.00177003852665
28188	13	0	7	1	308	149	0.607203420708
28189	4	6	0	2	243	149	0.00532299442096
28190	6	245	2	54	264	149	0.668911779452
28195	120	0	26	1	315	149	0.240387905254
28198	3	6	4	7	225	149	0.873442545521
28199	25	0	49	2	712	149	0.0595493830987
28200	9	0	37	2	354	149	0.106686513906
28201	20	3	25	4	383	149	0.927221261298
28203	2	6	0	5	251	149	0.0625145825895
28224	0	12	6	29	389	149	0.0209699084351
28225	32	9	6	3	250	149	0.467582004386
28229	1	9	0	3	209	149	0.227983820463
28242	2	6	2	2	235	149	0.347971787858
28244	2	1	2	0	235	149	0.0433460383285
28247	9	7	3	0	230	149	0.00120850949303
28252	22	30	4	3	264	149	0.532829727905
28253	14	14	2	7	264	149	0.0696055855027
28254	47	2	12	0	314	149	0.151534389805
28255	42	3	12	0	314	149	0.040875126604
28256	53	1	12	1	314	149	0.8644849644
28257	70	14	15	7	314	149	0.137800454082
28259	48	0	16	2	314	149	0.0274339401302
28260	1	1	0	1	257	149	0.274064577069
28262	5	6	0	3	222	149	0.00209331716579
28263	2	23	0	6	222	149	0.224154997917
28264	14	6	0	3	271	149	0.00030884733761
28266	49	14	12	7	327	149	0.203216114473
28267	54	23	14	6	327	149	0.995649095593
28269	56	0	11	2	327	149	0.0148463578023
28270	51	0	11	1	327	149	0.469300462518
28277	6	0	0	2	439	149	3.17352471624e-06
28278	1	1	2	0	258	149	0.0146331489458
28279	1	1	2	0	258	149	0.0146331489458
28280	0	12	2	0	258	149	5.10085791894e-06
28282	1	0	0	2	266	149	2.48535886933e-05
28289	3	1	4	0	278	149	0.0527400888975
28298	141	1	133	0	248	149	1
28300	1	29	4	33	297	149	0.123080980674
28301	54	0	65	2	312	149	0.222698385319
28302	3	13	10	38	279	149	0.718811574265
28304	1	0	29	4	270	149	0.00995415370906
28320	113	2	88	0	221	149	0.556025805908
28325	9	2	6	0	211	149	0.0360312959753
28326	17	4	13	2	233	149	0.606454597794
28328	4	31	10	77	272	149	0.897121927907
28333	0	94	3	55	338	149	0.771806019473
28334	0	94	3	55	335	149	0.755083399325
28340	6	1	6	2	312	149	0.53114383396
28350	0	9	2	18	206	149	0.153058848476
28353	4379	29	3262	1	213	149	1
28356	203	0	81	2	1220	149	0.0388925727208
28364	2	0	185	1	329	149	1
28395	2	34	0	16	222	149	0.50050098101
28406	30	0	25	2	291	149	0.0582009158841
28417	90	2	221	0	268	149	0.8748836572
28418	248	0	268	2	257	149	0.671708527602
28420	13	0	28	1	258	149	0.249979157023
28421	69	5	48	4	301	149	0.902122320444
28422	80	1	58	0	304	149	0.368748213309
28423	56	2	38	2	294	149	0.795444413184
28424	52	6	26	1	262	149	0.141781626275
28426	2	0	3	30	284	149	0.000252286030634
28427	90	6	41	2	284	149	0.544400752224
28438	1	0	0	16	417	149	0.000191148411442
28445	2	0	0	7	380	149	7.5896130457e-06
28446	1	2	3	0	250	149	0.0010164964586
28447	1	3	5	3	283	149	0.126166846414
28448	2	1	3	1	522	149	0.752180946708
28450	4	65	0	19	201	149	0.124929730017
28453	19	239	7	103	209	149	0.644936574656
28454	224	2	138	0	206	149	0.717635138304
28455	58	86	42	88	212	149	0.226150985541
28459	5135	56	680	6	281	149	0.4610696624
28460	1989	1	282	0	281	149	1
28461	2642	1	205	0	214	149	1
28462	5724	4	601	1	214	149	1
28464	8489	13	675	2	236	149	1
28465	10708	0	935	1	300	149	1
28466	298	470	331	419	2892	149	0.216841664851
28467	4959	2	1326	0	303	149	1
28470	6979	116	1724	34	279	149	0.548618586592
28471	5615	2	1529	0	229	149	1
28475	320	0	68	2	403	149	0.343701048195
28476	48	0	7	2	202	149	0.019682261214
28477	218	2	57	0	260	149	0.55540149419
28480	0	52	17	52	735	149	6.5412734615e-05
28486	29	0	182	2	237	149	0.536128246721
28491	0	1	1	3	233	149	0.53125672731
28497	30	0	36	1	230	149	0.283682574782
28498	2	13	0	20	290	149	0.228179981169
28506	21	2	3	0	247	149	0.091600874457
28514	2	118	0	74	271	149	1
28517	133	8	24	54	275	149	0
28522	69	2	16	1	249	149	0.558506164134
28523	10	5	3	3	211	149	0.407384589572
28524	10	15	5	35	211	149	0.0113993306476
28525	10	1	3	2	211	149	0.100630638919
28526	12	7	3	2	211	149	0.873098515367
28527	0	146	2	90	290	149	0.877150179095
28531	91	1	161	1	375	149	0.502842017609
28532	1	91	2	91	565	149	1
28536	118	0	88	3	203	149	0.16661226834
28537	0	25	2	64	286	149	0.546878763434
28538	0	25	2	64	283	149	0.544309137047
28539	33	2	108	6	273	149	0.824583622782
28544	1	39	2	43	334	149	0.652487275866
28545	0	39	7	43	243	149	0.00325671382085
28546	1	39	0	43	228	149	0.528585949131
28548	0	95	2	40	390	149	0.520656152139
28549	33	14	16	2	191	149	0.0549659651781
28550	17	0	15	1	258	149	0.23304635422
28572	0	3	3	9	179	149	0.019915541447
28583	9	8	11	1	385	149	0.00786686234844
28584	8	8	7	1	351	149	0.0306217436382
28585	2	8	0	1	242	149	0.104294420754
28589	83	12	36	0	484	149	0.000258520976965
28591	0	51	1	18	236	149	0.308281487871
28592	1	51	3	18	242	149	0.0496442986743
28594	9	0	4	1	171	149	0.76639096321
28596	29	33	88	32	167	149	0.00112381205242
28605	7	0	3	2	347	149	0.00273856242516
28606	37	0	346	1	302	149	1
28607	2	0	383	2	337	149	0.787270056194
28609	12	2	4	0	277	149	0.0394494737439
28610	66	2	136	0	173	149	0.690920407491
28626	163	28	98	11	260	149	0.247017132225
28628	154	2	390	0	275	149	0.537057405761
28629	154	0	222	1	275	149	1
28688	470	0	359	2	267	149	1
28692	401	0	384	2	276	149	1
28694	503	8	399	0	306	149	0.02875487726
28695	189	0	288	1	234	149	1
28696	231	0	173	2	413	149	0.649930130913
28697	478	34	108	15	188	149	0.0886510552421
28703	57	2	14	0	298	149	0.191507374366
28706	2	0	44	2	220	149	0.223318383169
28707	101	2	14	0	238	149	0.537959492713
28709	81	2	13	0	214	149	0.441707417049
28712	199	4	61	0	284	149	0.151260633785
28713	65	1	19	0	245	149	0.370256334937
28718	1	48	0	25	242	149	0.900083648055
28719	169	2	40	0	251	149	0.528094576456
28720	123	2	33	0	220	149	0.536811842105
28722	58	1	23	0	255	149	0.335762270227
28736	3	0	5	2	266	149	0.0125706658361
28742	75	0	31	1	193	149	0.285168183598
28744	415	2	272	0	258	149	1
28746	435	1	357	0	236	149	1
28747	615	1	251	0	298	149	1
28748	0	6	3	11	324	149	0.0522589025572
28749	8	0	11	2	344	149	0.0234354180076
28750	20	0	2	3	233	149	9.55329024955e-05
28751	17	2	10	0	207	149	0.0738228624274
28754	21	2	1	0	265	149	0.0881167850363
28759	0	1	10	0	442	149	1.03873109691e-05
28789	610	42	127	3	355	149	0.022626796957
28790	168	1	45	0	224	149	1
28792	3	2	0	2	283	149	0.00556649031057
28794	0	1	13	3	260	149	0.00113575897697
28795	4	2	6	3	197	149	1
28796	5	0	5	1	200	149	0.771244552898
28797	62	3	45	3	260	149	0.751055381816
28798	114	3	91	3	318	149	0.826665130803
28799	49	0	13	1	346	149	0.25653601073
28800	0	4	4	5	176	149	0.00160240827733
28801	4	0	1	5	158	149	2.93565577246e-05
28802	0	5	2	26	350	149	0.581659722625
28803	0	5	1	26	274	149	0.426960312986
28814	156	0	197	2	371	149	0.549922675531
28815	126	4	54	6	185	149	0.0676906664873
28816	176	0	97	2	240	149	0.66662294486
28817	178	1	99	0	248	149	1
28818	139	0	110	2	251	149	0.620043775052
28827	5	0	11	3	416	149	0.00278454435665
28828	5	0	9	2	416	149	0.0140923641846
28829	2	0	9	2	365	149	0.018837283205
28833	5	19	0	31	403	149	0.00674861457838
28845	6	1	23	0	203	149	0.266555119335
28846	24	5	21	2	219	149	0.308772764765
28852	213	1	39	0	265	149	1
28855	124	0	47	2	355	149	0.163780231574
28857	0	2	4	5	195	149	0.0024313308687
28877	26	2	12	0	245	149	0.0991807784081
28883	85	2	196	6	886	149	0.626845995212
28884	9	2	70	6	388	149	0.457344390803
28889	2	0	19	2	246	149	0.0839903303182
28891	0	6	2	32	349	149	0.691068724482
28894	752	25	165	6	278	149	0.831391587806
28914	4	0	268	2	327	149	0.548753000531
28915	4	0	402	2	325	149	1
28916	6	0	86	5	229	149	0.0359760729162
28917	6	0	125	5	210	149	0.085758959058
28918	2282	0	8019	1	245	149	1
28923	8	4	2	0	213	149	0.00193305526539
28925	416	2	770	0	231	149	1
28926	4	2	228	0	329	149	0.00281132241207
28928	1	3	1	3	791	149	1
28936	1	3	0	2	483	149	0.207701062615
28938	1	115	1	30	192	149	0.363827269537
28941	13	0	35	10	505	149	0.000514597667366
28942	13	33	35	306	505	149	0.00605099162942
28949	1	3	1	0	348	149	6.25527553226e-05
28954	0	23	2	9	247	149	0.106434320282
28955	0	23	2	9	271	149	0.128993822473
28956	87	0	30	2	283	149	0.109623886924
28957	2	62	2	18	292	149	0.408508938268
28967	25	29	0	27	324	149	1.49782867775e-07
28968	1	29	0	27	186	149	0.350705915608
28971	483	2	155	0	273	149	1
28973	11	37	13	13	266	149	0.0228618847572
28975	152	2	72	0	243	149	0.530836469816
28976	21	92	1	39	227	149	0.000952730067849
28977	347	0	141	2	512	149	0.653035031793
28978	21	8	31	0	242	149	3.39301691521e-05
28979	54	2	39	0	245	149	0.236412311799
28980	167	5	51	3	218	149	0.588394775925
28981	282	1	109	0	314	149	1
28982	71	0	44	1	259	149	0.290882903495
28987	41	1	33	0	266	149	0.282935740104
28992	3	1	0	15	257	149	0.000282250352706
28999	1	0	14	2	350	149	0.0379369572032
29004	10	2	19	8	2650	149	0.574945232572
29006	10	0	84	2	344	149	0.250227294494
29007	38	2	1	0	482	149	0.0859279765993
29012	4	1	4	0	362	149	0.0547578295836
29013	6	9	5	0	362	149	0.000123041567466
29017	3	2	0	1	279	149	0.00629577612911
29018	7	4	1	2	219	149	0.197175703779
29019	8	1	3	0	219	149	0.491950411545
29025	403	0	123	2	362	149	0.859758637333
29028	226	1	58	0	254	149	1
29029	231	3	78	0	368	149	0.272221480558
29032	9	35	7	15	206	149	0.358917178595
29033	35	15	25	5	206	149	0.148851262982
29034	8	3	2	2	191	149	0.317738431675
29036	50	15	19	5	212	149	0.773957464431
29037	18	29	8	20	212	149	0.367132546569
29042	15	28	0	5	185	149	0.00178699274114
29044	10	8	3	20	200	149	0.00238644255666
29045	12	28	3	5	200	149	0.807663286646
29046	50	28	84	5	599	149	8.74218064939e-07
29047	42	2	67	3	599	149	0.963755419876
29048	75	4	32	3	278	149	0.6169565171
29049	91	3	62	2	251	149	0.931697235087
29054	387	4	130	6	257	149	0.0299239103799
29055	381	0	116	2	290	149	0.677015099034
29056	443	4	125	0	347	149	0.443646014412
29059	48	196	2	4	845	149	0.46508387616
29061	17	196	10	4	287	149	1.90062467764e-07
29062	1027	2	63	0	291	149	1
29064	2	9	4	10	224	149	0.466236422998
29065	47	0	12	1	247	149	0.714479986511
29070	1	156	0	55	267	149	1
29072	112	2	34	0	193	149	0.529394002637
29074	62	0	198	1	293	149	1
29084	3	279	4	49	266	149	0.0990436212294
29086	222	4	96	1	386	149	0.339690723359
29087	3	0	0	2	247	149	9.92821309898e-06
29088	222	153	6	36	188	149	4.76493768886e-08
29091	42	13	5	12	280	149	0.000341366442655
29093	3	13	0	12	220	149	0.0300013770293
29095	3	863	11	1542	273	149	1
29096	2789	11	2897	15	274	149	1
29097	1885	11	1300	15	267	149	0.108434914044
29099	120	7	50	4	231	149	0.81595595268
29101	125	0	71	1	307	149	0.338765848371
29102	87	14	13	12	260	149	0.000574347668468
29103	32	0	13	2	348	149	0.0168644659146
29104	72	4	70	4	209	149	0.973050322887
29105	32	1	77	0	232	149	0.271106802374
29106	117	1	35	0	224	149	0.891359508764
29107	153	1	76	2	224	149	0.546360978727
29111	14	30	1	24	425	149	0.00072256163836
29112	45	0	26	4	221	149	0.00362514117276
29114	199	14	48	7	282	149	0.215608140681
29115	177	3	69	0	381	149	0.169930285314
29116	152	1	40	3	211	149	0.0389187805516
29117	67	1	15	0	211	149	0.418160708038
29118	52	1	32	0	257	149	0.314140070358
29121	55	0	9	2	194	149	0.0331086115298
29122	308	2	71	2	274	149	0.368275725541
29123	336	12	80	3	340	149	0.913443757282
29124	268	4	59	0	338	149	0.195105981842
29127	8	36	4	7	273	149	0.342214290556
29128	24	36	10	7	262	149	0.193007256306
29130	172	0	118	3	253	149	0.210438568633
29134	23	0	65	1	384	149	0.291380041246
29135	23	0	42	1	272	149	0.284161543619
29138	18	1	2	0	209	149	0.234380460829
29139	22	0	0	6	209	149	2.04919081703e-10
29140	8	0	0	2	209	149	2.24634523827e-06
29141	108	7	3	0	280	149	0.0271960075883
29142	42	0	8	2	246	149	0.0149895797603
29143	108	7	1	0	246	149	0.0344098909272
29144	56	5	2	0	246	149	0.019735884432
29145	73	42	2	4	299	149	0.0837557493015
29146	76	5	2	0	213	149	0.0347432301924
29147	159	42	3	4	213	149	0.0456497394459
29148	1	54	0	97	244	149	1
29150	175	0	83	1	219	149	0.498388038211
29151	686	0	311	1	277	149	1
29152	519	2	293	0	250	149	1
29156	975	1	378	0	284	149	1
29157	67	0	273	17	337	149	0.00120318215008
29161	12	0	102	2	297	149	0.352816141922
29184	1	154	0	35	293	149	1
29187	693	2	186	0	232	149	1
29192	9	15	0	114	300	149	1.26348588814e-07
29193	164	0	241	1	337	149	1
29196	23	31	6	25	270	149	0.0213369353884
29197	242	0	88	2	258	149	0.837273545333
29198	427	1	175	0	350	149	1
29199	18	225	7	71	197	149	0.900700788991
29200	196	44	70	7	285	149	0.0408397164139
29201	31	2	5	0	225	149	0.148746635376
29202	353	2	89	0	295	149	1
29207	307	0	90	1	178	149	0.794426658379
29208	210	1	82	0	247	149	1
29210	108	8	89	3	323	149	0.194801317657
29211	484	2	194	0	262	149	1
29212	329	0	248	1	356	149	1
29213	372	3	197	1	325	149	0.784362684677
29225	45	0	31	2	224	149	0.132456705409
29226	10	0	9	4	261	149	0.000683792578096
29228	18	4	6	1	234	149	0.73052662763
29231	372	0	685	2	239	149	1
29232	527	0	529	3	233	149	1
29233	631	1	505	0	269	149	1
29234	443	0	254	1	245	149	1
29235	0	86	9	119	219	149	0.00666764830625
29239	47	11	8	6	321	149	0.0649989259417
29240	43	2	8	1	321	149	0.538178292097
29245	708	3	68	0	227	149	1
29246	114	357	18	49	219	149	0.776364966626
29247	2	601	0	65	225	149	1
29248	789	1	64	1	213	149	0.401392218143
29249	262	1	35	0	213	149	1
29250	304	1	34	0	245	149	1
29251	849	8	65	1	245	149	0.523745151714
29255	134	9	17	0	182	149	0.022414688945
29256	1	94	0	17	192	149	1
29257	21	100	5	19	248	149	0.811959651911
29258	1	152	0	18	308	149	1
29259	885	2	5	0	343	149	1
29260	283	5	2	0	252	149	0.25557871843
29261	1202	1	10	0	395	149	1
29268	5	8	3	12	309	149	0.255203664307
29317	3	0	0	1	620	149	3.05819199713e-05
29319	36	1	20	0	264	149	0.270881524923
29320	30	0	7	1	343	149	0.436515664019
29322	2	5	2	9	324	149	0.695656790049
29333	13	8	6	1	190	149	0.102156182293
29334	7	2	2	3	190	149	0.100114280937
29335	12	2	9	3	332	149	0.446308417022
29336	10	0	14	2	332	149	0.0330734309294
29337	2	1	0	4	296	149	0.00812677367241
29342	22	164	3	73	236	149	0.018761219008
29343	308	7	133	2	247	149	0.415902974368
29344	347	2	178	0	294	149	0.893187421547
29345	243	2	120	0	254	149	0.607980392674
29346	250	2	82	2	263	149	0.439532514644
29349	2	42	1	116	244	149	0.579749575053
29350	529	0	429	2	355	149	1
29351	23	289	7	214	333	149	0.0308492162736
29352	4	0	39	2	320	149	0.134174010571
29353	1	0	38	2	508	149	0.0807599141629
29355	276	7	81	3	282	149	0.833107400073
29356	0	67	2	25	253	149	0.747338411132
29357	5	67	5	25	314	149	0.201064068682
29362	15	15	6	20	243	149	0.0327752418572
29363	42	0	31	2	289	149	0.0807939144352
29366	55	6	21	4	242	149	0.516360266719
29369	105	8	42	1	264	149	0.0876953564709
29370	6	0	2	2	247	149	0.00265529689295
29371	9	2	4	0	247	149	0.0313896991205
29372	9	0	3	1	247	149	0.224694833075
29373	119	4	53	3	304	149	0.657807726401
29374	60	4	26	4	304	149	0.303038673989
29375	22	0	10	1	228	149	0.241908619288
29376	24	4	11	4	228	149	0.311909313402
29377	78	4	36	0	228	149	0.047004361689
29379	51	0	21	2	265	149	0.0580560190896
29380	83	4	57	0	204	149	0.0477661206962
29381	24	0	23	2	181	149	0.103971622168
29382	101	0	60	2	232	149	0.608745467476
29389	193	1	95	0	207	149	1
29390	235	1	124	0	260	149	1
29404	4	0	2	2	257	149	0.00284851074248
29410	141	220	162	271	253	149	0.736687397241
29425	41	0	12	4	239	149	0.00044831071858
29427	34	0	11	2	350	149	0.0118920119648
29428	29	4	5	2	170	149	0.499494563992
29431	61	2	271	3	262	149	0.546911065778
29435	288	7	57	3	298	149	0.557904347237
29436	554	2	147	2	303	149	0.576502336794
29438	4	0	9	1	300	149	0.717224429665
29439	4	0	8	1	276	149	0.767929240204
29440	4	0	5	1	235	149	0.521622056162
29441	6	8	0	9	297	149	0.000805639866326
29442	6	8	1	9	271	149	0.0314933371935
29450	648	17	437	9	290	149	0.53421769318
29461	30	1	13	0	225	149	0.265240504524
29463	59	1	34	0	257	149	0.33728152462
29472	4601	2	887	0	397	149	1
29473	1	0	10	2	270	149	0.0351484948748
29475	402	7	118	0	253	149	0.104333361833
29476	2	36	1	23	232	149	0.634146087398
29477	2	49	0	29	173	149	0.857835427985
29492	38	3	27	0	285	149	0.0311789249614
29493	37	0	47	1	220	149	0.32594407682
29502	0	10	4	58	236	149	0.154387035431
29503	4	0	4	4	312	149	0.000344083226143
29504	4	10	5	58	312	149	0.0979971195548
29506	0	10	5	58	232	149	0.0770645638456
29522	18	0	80	2	263	149	0.310926730931
29527	1	4	2	28	275	149	0.469658768657
29529	6	4	14	28	513	149	0.200916164528
29530	3	4	0	28	208	149	0.00153973492465
29531	6	1	1	1	208	149	0.165701271231
29536	6	0	3	1	248	149	0.218412875476
29538	8	4	11	0	212	149	0.0008019999576
29539	0	3	12	3	398	149	0.000133101390348
29540	12	7	7	7	237	149	0.426290071565
29542	5	6	2	8	298	149	0.172829810683
29544	3	0	1072	10	202	149	0.725469296906
29545	17	591	5	337	289	149	0.296792630567
29546	635	3	416	5	224	149	0.585113529085
29547	1035	2	505	0	263	149	1
29548	577	9	284	0	194	149	0.154096286907
29549	328	0	200	2	256	149	0.538905836918
29559	336	25	344	23	310	149	0.744596278667
29560	170	25	180	23	302	149	0.675664565701
29561	316	2	107	4	391	149	0.0410429584495
29567	400	2	351	0	248	149	1
29568	263	2	198	0	278	149	0.601919440962
29569	263	2	189	0	281	149	0.596211462141
29570	266	2	216	0	300	149	0.572464563111
29572	0	3	2	31	297	149	0.514986614404
29580	3	38	5	6	217	149	0.0062997454557
29581	9	18	8	8	287	149	0.289159794538
29583	84	4	23	0	229	149	0.0634502165006
29585	155	6	17	2	298	149	0.609690213481
29586	13	0	2	2	292	149	0.00120497218425
29609	2	8	25	34	354	149	0.0771628201647
29610	15	314	6	75	214	149	0.492705455463
29611	151	2	210	3	262	149	0.847543894791
29613	3	1	64	0	262	149	0.13988217379
29617	2	1	7	0	264	149	0.104889804116
29618	2	0	7	1	264	149	0.787924501538
29619	236	1	167	7	181	149	0.011514652551
29620	62	1	35	7	189	149	0.00157301043734
29621	3	2	4	0	231	149	0.00681890274051
29624	317	4	339	1	312	149	0.284347318548
29626	205	4	226	1	305	149	0.130987795919
29627	572	1	479	0	305	149	1
29628	244	14	205	12	223	149	0.984229936711
29629	89	14	100	12	331	149	0.532958310962
29630	103	14	153	12	413	149	0.20288689644
29631	149	5	113	3	260	149	0.667365654504
29632	140	5	166	3	609	149	0.322904483454
29633	43	159	24	134	333	149	0.173262982504
29634	354	2	420	10	315	149	0.0195293317056
29635	278	4	315	5	298	149	0.880702783153
29636	6	185	2	181	239	149	0.309688896044
29645	2	6	0	2	293	149	0.089997460732
29646	2	2	0	3	293	149	0.0236210347054
29647	6	2	8	3	416	149	0.899337993108
29656	139	1	7	0	219	149	1
29663	19	7	5	9	226	149	0.0149513453226
29664	16	7	0	9	223	149	2.70952262105e-06
29667	493	2	87	0	301	149	1
29680	7	0	26	2	273	149	0.0968750733609
29681	5	24	2	17	277	149	0.380175393681
29682	28	24	11	17	203	149	0.203548791507
29683	6	158	0	41	242	149	0.213555705254
29684	0	178	2	48	276	149	0.528180041202
29685	716	2	183	0	528	149	1
29686	105	2	32	0	271	149	0.552616696633
29687	359	3	68	0	254	149	0.638083159943
29688	331	2	102	0	230	149	1
29690	369	1	95	0	317	149	1
29691	0	2	3	6	227	149	0.0173880029879
29693	63	7	92	52	277	149	4.59105825132e-05
29694	83	7	123	52	297	149	3.45369535686e-05
29695	1	3	0	5	224	149	0.509192046727
29696	3	237	0	244	224	149	1
29697	9	0	25	1	282	149	0.239922085014
29699	9	0	48	1	259	149	0.303860998013
29700	1	9	0	26	235	149	0.26914402739
29701	9	9	1	26	349	149	6.28072199798e-05
29705	64	2	64	1	260	149	0.431920224948
29713	139	1	13	0	407	149	0.451958041946
29714	0	39	2	3	298	149	0.0343985680626
29717	92	141	16	15	233	149	0.258717439698
29718	1364	8	64	0	214	149	1
29719	47	731	3	28	198	149	0.660091070745
29720	961	36	41	0	195	149	0.0247462188586
29724	25	3	16	0	243	149	0.0236223771372
29726	27	3	3	0	205	149	0.0464488466895
29727	2	2	0	1	233	149	0.0214788377726
29733	2	48	0	10	240	149	0.620828241506
29734	3	48	1	10	272	149	0.600620851649
29737	112	2	28	0	303	149	0.459376006829
29738	156	1	25	0	317	149	0.742790630686
29739	34	3	5	0	216	149	0.0574449550393
29740	162	3	38	0	377	149	0.17920918648
29741	95	1	17	0	230	149	0.548970760903
29743	40	1	12	0	281	149	0.273641102692
29745	0	19	2	5	281	149	0.0594203321495
29746	60	1	13	0	327	149	0.303264277396
29748	12	0	5	1	215	149	0.717214019583
29749	1	7	2	1	234	149	0.0621183469569
29750	1246	5	779	2	243	149	1
29752	5	2	2	7	336	149	0.0273665038035
29753	560	0	371	1	348	149	1
29754	570	2	394	0	348	149	1
29755	678	0	448	1	391	149	1
29756	663	2	469	0	391	149	1
29761	1	2	0	2	209	149	0.519518030946
29772	51	189	9	70	192	149	0.0408814878915
29773	3	189	4	70	215	149	0.146223005272
29776	3	0	19	4	218	149	0.00650667709073
29799	172	0	44	2	454	149	0.107755105259
29802	183	0	49	2	294	149	0.34274209662
29803	169	0	39	2	290	149	0.258164761174
29804	47	0	19	2	197	149	0.0863880768806
29805	17	132	10	38	217	149	0.164942001942
29806	1	0	0	2	239	149	2.72993568834e-05
29807	1	132	0	38	239	149	1
29811	9	33	6	33	334	149	0.465203068405
29814	34	2	59	0	252	149	0.13588304882
29815	546	0	504	3	251	149	1
29817	677	1	444	0	209	149	1
29819	2	0	0	2	286	149	1.49325083755e-05
29820	2	3	3	5	196	149	0.925099830374
29826	11	0	25	4	256	149	0.00636406963555
29828	6	8	4	6	260	149	0.872524864139
29830	6	0	2	8	260	149	6.05093759443e-06
29831	10	0	27	3	257	149	0.028281113861
29832	118	0	102	2	200	149	0.557046400614
29833	27	0	35	2	200	149	0.163291847498
29834	111	0	74	2	228	149	0.938926115528
29835	213	13	141	4	228	149	0.13003917192
29836	100	13	103	4	530	149	0.022530394785
29839	664	32	499	17	179	149	0.275796059896
29840	8	604	10	459	236	149	0.630935319156
29841	707	1	543	0	200	149	1
29842	31	484	26	403	372	149	0.99112397034
29843	23	19	24	17	372	149	0.736584784778
29844	556	19	494	17	188	149	0.991295650994
29845	1	354	0	343	204	149	1
29846	732	0	902	1	262	149	1
29847	563	5	559	6	235	149	0.735215569317
29848	551	0	548	2	213	149	1
29852	23	0	27	2	258	149	0.0814963217678
29856	1	9	0	10	257	149	0.240432136877
29882	349	20	89	26	327	149	3.13782582706e-06
29883	103	20	21	26	211	149	2.50892801545e-06
29884	17	156	7	39	392	149	0.476032252787
29885	406	8	138	17	314	149	3.35577828798e-05
29886	175	3	56	3	295	149	0.262837029882
29887	8	60	3	54	241	149	0.154631311293
29890	2	186	0	39	197	149	1
29891	0	63	2	66	180	149	0.540428206341
29892	1	132	0	43	289	149	1
29898	16	0	77	2	224	149	0.383457550254
29902	511	0	205	1	221	149	1
29903	66	4	62	2	188	149	0.377944467118
29905	42	11	21	4	188	149	0.560353490192
29906	30	11	181	4	491	149	1.11677057679e-06
29907	56	6	220	0	491	149	2.36385172818e-05
29908	26	11	164	4	446	149	8.96354594437e-07
29909	32	6	167	0	446	149	4.8160287458e-06
29910	2	64	3	67	242	149	0.622103724591
29911	189	1	219	1	323	149	1
29912	57	186	31	17	227	149	6.38552355547e-07
29913	20	278	15	95	227	149	0.0572981672621
29914	259	278	30	95	188	149	2.23114990924e-05
29915	114	2	31	2	188	149	0.367472034569
29916	200	0	118	2	290	149	0.664563876594
29917	700	2	213	0	245	149	1
29918	3	483	0	119	199	149	1
29919	794	0	265	1	273	149	1
29923	300	2	43	0	223	149	1
29924	283	2	38	0	280	149	0.644854834997
29925	152	0	73	1	223	149	0.435711604009
29926	4	166	0	37	311	149	0.771502903849
29927	12	1	25	0	282	149	0.246213798983
29928	21	2	28	6	226	149	0.270613844487
29929	13	2	35	6	353	149	0.859456543641
29933	360	69	26	12	1661	149	0.0218721983152
29940	44	4	57	0	255	149	0.00827672419181
29954	195	0	146	3	374	149	0.12776272483
29955	48	5	105	1	261	149	0.00590148802048
29961	5	275	2	208	331	149	1
29962	42	0	104	2	252	149	0.757332247681
29966	140	0	133	2	211	149	0.530067286495
29967	0	38	1	61	191	149	0.915753418909
29968	2	38	16	61	155	149	0.00720791486807
29972	244	3	94	3	218	149	0.352035376007
29973	2	252	1	102	231	149	1
29974	4	258	2	100	228	149	0.657681403616
29975	6	258	2	100	274	149	0.875975532067
29977	261	0	149	1	244	149	1
29978	1154	12	295	1	241	149	0.276045133818
29979	1411	1	365	0	239	149	1
29980	10	69	2	150	232	149	0.000359440019279
29983	38	44	32	15	425	149	0.0244338542598
29984	65	0	29	2	254	149	0.110966667104
29993	1914	7	1301	4	314	149	1
30002	49	0	169	5	1460	149	0.00464005334366
30003	333	6	98	0	335	149	0.0742675178585
30004	300	5	87	0	293	149	0.143515913004
30005	180	1	103	0	276	149	1
30007	18	0	30	3	260	149	0.0279346092383
30008	13	0	19	1	260	149	0.229366104952
30010	5	0	25	4	242	149	0.00840141903246
30011	5	4	18	4	225	149	0.109034360685
30013	0	20	3	67	307	149	0.728451442646
30014	169	7	189	0	277	149	0.00329296289914
30015	0	216	2	162	323	149	1
30016	239	0	153	1	320	149	0.700982910556
30017	333	4	170	1	239	149	0.527561702334
30018	212	1	139	0	196	149	1
30029	301	3	84	0	301	149	0.833260410093
30031	30	34	9	40	303	149	0.00156471530594
30043	101	8	8	0	263	149	0.017581708281
30044	50	2	2	0	239	149	0.233140498632
30045	281	20	26	3	362	149	0.872778918411
30046	107	2	10	0	269	149	0.44729857482
30049	5	2	1	0	267	149	0.0136692417241
30050	0	332	2	134	161	149	0.616799044064
30051	309	111	89	96	170	149	1.85377969564e-06
30052	1330	1	502	2	313	149	1
30053	1619	1	574	0	365	149	1
30054	0	1	1	0	276	149	6.97053604781e-05
30062	1	1	3	0	2651	149	0.000157072545552
30079	165	2	50	0	274	149	0.524990039415
30080	958	1	714	0	389	149	1
30089	582	0	515	2	272	149	1
30092	13	2	16	2	196	149	0.848602984842
30093	7	10	8	14	196	149	0.758801275906
30094	75	2	33	2	196	149	0.561076749461
30095	60	1	21	5	196	149	0.00278490999784
30096	4	10	17	14	267	149	0.0670733805879
30097	4	1	17	5	267	149	0.830367499048
30098	42	9	41	9	267	149	0.964471717087
30103	218	1052	121	1435	283	149	1.10733404723e-06
30106	286	2	168	7	285	149	0.0108651795921
30110	119	1	7	0	279	149	0.571810139584
30113	104	1	6	0	297	149	0.461887585244
30115	79	2	5	0	238	149	0.3348127503
30116	51	1	2	0	238	149	0.327032819262
30119	120	2	68	0	260	149	0.593366575294
30120	297	2	53	0	278	149	0.69662684824
30121	212	2	50	0	298	149	0.52937276556
30122	174	4	44	0	251	149	0.159222987093
30123	276	0	51	1	324	149	0.285028174765
30124	151	4	52	0	257	149	0.114093251958
30125	25	74	2	21	317	149	0.0257014606642
30126	99	2	26	0	226	149	0.730984979832
30127	122	0	32	1	246	149	0.264284475966
30128	163	8	43	2	246	149	0.7702464724
30129	0	8	2	2	274	149	0.0134785607851
30130	4	50	2	13	274	149	0.822717082833
30131	1	0	4	2	254	149	0.0106926849749
30132	122	9	48	0	252	149	0.00342166181174
30133	1	11	0	71	247	149	0.254868117871
30134	4	315	2	143	303	149	1
30135	4	2	2	43	274	149	0.000615820478619
30136	0	2	1	43	194	149	0.493351170894
30138	3	11	0	72	243	149	0.0144860273268
30140	87	10	134	6	286	149	0.0762835182431
30143	1	1	0	2	321	149	0.425944998739
30144	1	0	0	2	321	149	2.06940208789e-05
30148	13	6	2	0	671	149	0.00117891939921
30155	1	11	0	12	348	149	0.289327066471
30156	1	17	2	21	421	149	0.51568039888
30157	3	0	88	6	467	149	0.014835312494
30158	3	0	84	24	434	149	0.00477335610393
30159	3	0	81	6	434	149	0.0145212622661
30160	25	0	190	6	329	149	0.0350825927958
30162	27	0	227	6	326	149	0.0512944040944
30164	2	0	124	6	267	149	0.0407463597306
30167	2	0	110	131	892	149	0.004890150278
30170	2	0	41	131	379	149	0.00131407412814
30180	5	0	12	2	301	149	0.0343926515621
30181	5	1	13	4	301	149	0.630990261558
30182	367	5	15	0	224	149	0.416325251309
30183	67	2	31	0	255	149	0.283361793204
30184	0	49	1	78	309	149	1
30185	100	2	108	3	267	149	0.655070831608
30189	0	2	4	14	247	149	0.0220235747256
30191	12	108	3	57	294	149	0.163064408914
30192	79	3	21	0	194	149	0.165898012138
30193	30	20	19	2	206	149	0.0035205171281
30194	79	1	42	0	279	149	0.385782647709
30197	51	0	236	2	341	149	0.528753914696
30199	26	0	40	2	188	149	0.218508121013
30200	59	16	57	20	230	149	0.518017997493
30201	38	15	39	39	230	149	0.0171410271832
30202	168	1	42	0	293	149	1
30203	123	7	26	0	239	149	0.0171749105564
30204	82	4	10	0	239	149	0.0674934255306
30205	38	46	6	16	273	149	0.0925662042543
30206	113	4	15	0	281	149	0.0844171824337
30207	152	4	31	0	281	149	0.119682656695
30208	170	2	21	2	264	149	0.160617107664
30209	131	2	13	2	210	149	0.126756765312
30212	93	0	127	1	755	149	0.291948320511
30218	4	2	15	5	270	149	0.633179814395
30220	67	1	41	0	248	149	0.374355018596
30222	36	3	24	0	286	149	0.0297739916823
30223	13	39	5	12	289	149	0.894801013533
30224	66	2	62	0	349	149	0.194937390031
30225	159	15	62	12	343	149	0.110988669671
30229	28	1	295	0	303	149	0.240423258686
30230	50	4	152	3	182	149	0.101961968583
30231	3	36	2	19	312	149	0.832009583294
30232	4	36	2	19	270	149	0.809082856772
30233	4	6	3	2	270	149	0.397520813709
30234	474	11	89	2	189	149	0.767505635228
30235	8	384	1	49	271	149	0.9027581597
30237	264	0	57	3	258	149	0.0530136454408
30238	2	82	0	24	281	149	0.666409471528
30239	3	82	2	24	205	149	0.717340286612
30240	181	46	40	10	254	149	0.924623930007
30242	23	0	248	2	215	149	0.819763736548
30243	5	0	91	2	215	149	0.487312462942
30244	6	18	60	162	596	149	0.676444580919
30245	23	18	97	162	394	149	0.0492215898676
30246	47	0	145	2	254	149	0.532381696611
30247	65	0	296	1	254	149	1
30249	0	54	12	163	337	149	0.0264564857082
30251	3	54	112	163	272	149	1.75814957037e-08
30253	3	6	94	47	272	149	0.0323408785368
30254	8	54	92	163	247	149	0.000284021660283
30255	3	6	76	47	247	149	0.0660407419549
30302	2	8	5	97	263	149	0.443504262725
30303	25	0	165	1	241	149	1
30304	79	2	200	2	242	149	0.51562732549
30307	115	3	39	0	221	149	0.202871420143
30309	441	0	188	3	1000	149	0.0266401247333
30314	6806	4	876	5	246	149	1
30315	719	3835	144	489	1030	149	0.0120320429423
30316	12	3835	4	489	234	149	1
30317	7670	14	888	0	290	149	1
30318	7942	2	949	0	296	149	1
30319	6614	13	886	0	251	149	1
30320	3325	2	405	0	251	149	1
30321	5739	2	609	0	332	149	1
30322	9062	40	1099	7	332	149	0.771034239142
30323	7796	3	732	0	360	149	1
30324	9186	36	1077	4	232	149	1
30325	48	5413	8	662	195	149	1
30327	3988	3	419	0	304	149	1
30328	3939	0	417	2	304	149	1
30329	9623	58	1118	2	316	149	0.293089020508
30330	5908	16	678	0	316	149	1
30331	159	0	13	2	270	149	0.0336733605207
30332	4895	16	625	0	270	149	1
30333	210	2	23	0	270	149	0.538269968722
30334	214	9	15	0	270	149	0.0336615153638
30335	8631	80	1071	8	270	149	0.43763039232
30336	3734	5	435	0	270	149	1
30337	3738	15	427	9	270	149	0.00649764202572
30338	12088	9	1282	0	455	149	1
30339	12152	15	1290	9	455	149	0.134591793095
30340	16986	10	1927	0	455	149	1
30341	3338	9	446	0	245	149	1
30342	3341	15	446	9	245	149	0.0146647084199
30343	3342	10	454	0	245	149	1
30344	5740	1	826	1	228	149	1
30347	4	4	0	11	193	149	0.000644181902587
30349	11	4	6	11	341	149	0.0227563137642
30350	9	4	4	0	341	149	0.00107299322306
30352	39	1	18	0	226	149	0.296259509557
30353	73	0	32	1	383	149	0.371692147568
30354	41	1	18	0	344	149	0.258159514874
30356	2	0	106	1	304	149	0.460139119427
30357	14	0	106	2	344	149	0.299172719354
30362	2	0	0	1	201	149	4.2153850793e-05
30363	291	0	11	1	354	149	0.273076461777
30385	0	2	10	68	270	149	0.0405341061735
30386	0	7	137	4	382	149	4.77629047424e-12
30396	32	2	23	0	292	149	0.0898929734171
30397	11	2	3	0	288	149	0.0343246188539
30398	49	6	63	1	295	149	0.0116644496878
30400	5	2	2	23	1107	149	0.00169343493069
30410	6	38	0	10	198	149	0.0131625484423
30411	8	38	4	10	250	149	0.540890836323
30414	2	4	0	2	278	149	0.0550004086939
30417	10	53	6	22	224	149	0.643549742958
30418	7	53	2	22	402	149	0.44257867494
30419	11	8	2	6	402	149	0.062892091659
30428	13	1	12	0	275	149	0.338612344165
30430	47	2	37	0	273	149	0.157917194283
30431	38	4	42	2	285	149	0.298903787911
30438	2	9	0	15	260	149	0.0977297259244
30440	0	9	8	15	335	149	0.0015692666904
30443	0	9	4	15	384	149	0.0335841404406
30445	1	11	5	25	230	149	0.264354850006
30446	34	1	25	0	258	149	0.26511762444
30447	22	1	14	0	258	149	0.235577774842
30450	8	4	5	2	221	149	0.798445077828
30451	17	1	21	0	227	149	0.228299883492
30452	1	2	0	1	227	149	0.603501242656
30453	30	4	34	2	227	149	0.289595643597
30454	23	21	3	29	335	149	2.77095712388e-05
30456	37	2	22	1	262	149	0.690706956432
30464	51	0	34	1	291	149	0.256480436128
30478	105	1	154	0	842	149	0.264995972865
30479	105	1	133	0	489	149	0.327870373444
30480	153	0	159	3	233	149	0.494485643929
30481	39	0	669	1	217	149	1
30482	0	47	2	639	338	149	1
30483	0	47	2	639	347	149	1
30484	56	0	826	24	230	149	0.0280494387586
30485	37	0	534	2	230	149	1
30486	10	0	155	2	191	149	0.545726081427
30487	34	5	594	165	191	149	0.118240132229
30491	12	2	3	1	239	149	0.610130572054
30492	1	10	0	4	240	149	0.246576170288
30495	54	2	22	5	228	149	0.023316808515
30496	18	4	3	2	249	149	0.264509866516
30504	2568	2	1008	0	194	149	1
30505	6906	1	4123	6	720	149	1
30506	2798	7	1528	0	274	149	1
30507	3204	20	1857	2	409	149	0.0939313836392
30508	323	20	212	17	313	149	0.501966402614
30509	1086	12	699	9	313	149	0.808695597274
30510	1262	21	1066	14	271	149	0.506086343887
30511	53	473	36	559	231	149	0.035026230133
30512	157	3	113	0	245	149	0.345484811897
30513	6	76	2	41	212	149	0.392102768361
30514	1818	3	822	1	1705	149	0.537495560838
30515	1709	2	769	0	1705	149	0.638916481923
30516	169	3	54	0	303	149	0.221789155557
30517	49	2	10	0	303	149	0.16783365079
30518	159	4	63	1	303	149	0.386439736966
30519	97	2	10	0	212	149	0.615599004356
30520	213	4	54	1	212	149	0.701547399115
30530	21	0	36	3	525	149	0.0126175523019
30532	19	4	36	13	525	149	0.345848824561
30536	0	4	4	13	220	149	0.0140333128947
30539	2	2	1	0	220	149	0.00485388331096
30548	0	4	2	13	247	149	0.151917397307
30551	4	0	13	1	271	149	0.355615491405
30555	11	2	8	0	271	149	0.0322517947455
30563	0	11	2	8	275	149	0.0842649271127
30564	0	11	4	8	272	149	0.0051274134894
30572	2	2	4	1	226	149	0.241067795508
30573	2	0	3	2	226	149	0.00803610307458
30574	19	8	8	4	226	149	0.810001883071
30575	666	8	174	4	1878	149	0.425695023642
30576	664	8	169	4	1692	149	0.414312598619
30577	666	17	175	6	1692	149	0.635388743526
30580	600	8	150	4	1291	149	0.412576206988
30581	598	17	150	6	1291	149	0.59604336182
30582	87	0	22	2	268	149	0.0786580237009
30583	89	2	25	0	330	149	0.261045578606
30584	40	1	12	0	264	149	0.281647988113
30585	47	2	21	0	258	149	0.163902881454
30587	411	4	194	4	284	149	0.369595179678
30592	8	6	4	17	319	149	0.0180207243648
30593	2	5	5	17	203	149	0.773787583471
30600	0	24	5	161	254	149	0.461376032529
30606	48	2	13	0	283	149	0.169291333359
30607	80	2	34	0	334	149	0.232394367654
30608	1	38	0	10	381	149	1
30609	128	0	31	1	340	149	0.240741986253
30610	152	1	24	0	258	149	1
30611	187	1	23	0	291	149	1
30612	218	3	22	0	342	149	0.310555957775
30613	150	5	23	0	244	149	0.0771602579262
30614	1	28	0	7	256	149	0.42927070739
30615	35	1	9	10	277	149	2.26633282574e-06
30616	0	4	9	0	270	149	8.57050086456e-08
30622	1	142	0	57	320	149	1
30624	149	3	35	0	211	149	0.331269980286
30625	147	4	48	0	325	149	0.0802646289064
30627	60	0	14	3	288	149	0.00194127378287
30629	58	6	18	0	215	149	0.00835509750936
30630	124	4	20	1	247	149	0.571825677768
30631	3	0	1	1	227	149	0.0165845510477
30632	129	1	29	0	322	149	0.529637418874
30639	173	0	110	2	217	149	0.559469225587
30640	86	4	134	1	176	149	0.0667637058346
30641	172	2	178	0	187	149	0.58738436159
30643	322	2	295	7	282	149	0.0490569053824
30644	211	1	199	2	244	149	0.547254955341
30645	196	0	168	4	230	149	0.132168840467
30647	13	23	26	5	243	149	4.47051765587e-05
30648	7	3	5	6	243	149	0.213587644933
30653	133	0	66	1	239	149	0.379862034408
30654	11	0	35	2	239	149	0.144984792689
30655	11	130	0	36	248	149	0.015017914729
30656	59	0	32	2	215	149	0.17209664933
30657	188	5	67	5	215	149	0.16242010204
30658	708	2	283	0	464	149	1
30659	270	67	69	12	197	149	0.270003756602
30661	31	9	3	2	204	149	0.453870164731
30662	168	9	38	2	206	149	0.819948038101
30663	382	7	94	0	233	149	0.121761039744
30664	6	156	0	54	247	149	0.202312541214
30665	6778	3	1615	1	4387	149	0.650759668599
30666	333	27	79	4	170	149	0.248716259491
30667	212	152	76	35	212	149	0.0944791777568
30669	4	0	6	3	1226	149	5.22310322478e-05
30670	2	0	7	3	280	149	0.00305237473201
30676	345	0	81	1	237	149	0.45188170967
30677	405	0	175	4	319	149	0.0701581619754
30678	51	0	96	19	192	149	2.25222155146e-05
30679	40	0	120	2	304	149	0.590577199007
30680	6	2	1	0	222	149	0.0237842151357
30681	2	692	2	207	328	149	1
30682	1446	20	425	1	323	149	0.019351209804
30683	909	1	259	0	323	149	1
30685	473	2	111	0	257	149	1
30687	137	6	111	0	286	149	0.00831546193112
30688	819	2	308	0	286	149	1
30691	778	1	159	0	316	149	1
30692	6521	2	2474	0	6065	149	0.704178922089
30693	8	93	5	49	229	149	0.946968022106
30705	78	0	21	2	290	149	0.0585349990851
30714	6	0	36	1	373	149	0.245881329878
30722	0	2	5	4	271	149	0.00194748558734
30727	2	0	99	1	241	149	0.546027486881
30728	19	0	1749	3	344	149	1
30730	154	16	29	3	219	149	0.88573529073
30732	202	0	41	2	268	149	0.307668476162
30733	5	199	0	42	287	149	0.729996045388
30735	130	0	35	1	233	149	0.276629352326
30737	1	3	1	9	256	149	0.783425315481
30740	2511	2	11	0	377	149	1
30743	17225	3	276	0	291	149	1
30744	240	5553	7	142	188	149	0.78237415657
30745	4872	3	155	0	337	149	1
30746	14961	18	293	0	291	149	1
30747	12265	9	225	2	312	149	0.530213358704
30748	21240	6	339	0	312	149	1
30750	0	1	1	29	234	149	0.411605483017
30760	85	18	40	6	200	149	0.438975628803
30761	217	18	85	6	203	149	0.656042802269
30766	22	2	55	13	2051	149	0.228223558375
30770	0	2	4	16	836	149	0.175911417615
30771	2	10	8	11	235	149	0.090240391047
30772	2	10	15	11	263	149	0.00647546526475
30774	0	1	19	4	218	149	0.00158408220575
30775	2	1	3	4	176	149	0.366269386543
30780	19	1	26	0	204	149	0.238469358025
30783	17821	112	107	1	369	149	0.575674720333
30784	35	0	48	7	214	149	0.00124561052715
30785	0	2	7	2	283	149	0.000419569994847
30787	68	18	11	26	208	149	4.71482951458e-07
30788	206	18	89	26	304	149	0.000667821183248
30795	4	0	10	1	242	149	0.419149927374
30797	72	0	75	1	265	149	0.385604608048
30799	5	75	6	65	353	149	0.598974366396
30800	513	1	233	0	334	149	1
30801	2	0	0	6	266	149	5.73333613096e-06
30804	24	0	38	1	500	149	0.232711293033
30823	29	2	8	0	211	149	0.140067760259
30824	60	1	50	0	219	149	0.377438728599
30825	2	2	10	25	399	149	0.695192128782
30826	2	2	4	25	244	149	0.281458440448
30827	2	2	4	25	222	149	0.260055196807
30831	8	323	0	15	284	149	0.790913055649
30832	632	1	48	0	270	149	1
30833	5	160	1	34	403	149	0.831069783519
30834	215	5	30	4	251	149	0.0430523227712
30836	386	4	61	4	208	149	0.0356901432254
30837	176	5	336	8	215	149	0.932311855996
30843	1	0	0	2	360	149	1.83055217403e-05
30845	0	19	2	0	304	149	8.23082083834e-06
30856	1	135	0	220	223	149	1
30857	316	9	123	0	263	149	0.0143105315254
30858	0	142	4	54	272	149	0.133686874158
30859	126	1	60	2	255	149	0.260458409901
30860	138	3	90	8	255	149	0.026135182568
30863	2	9	0	23	292	149	0.151817133025
30864	0	8	3	15	219	149	0.0447120177211
30865	1	8	9	15	231	149	0.0403501443158
30866	3	8	7	15	292	149	0.721808543503
30868	12	405	16	2300	249	149	0.191303030913
30875	0	4	5	1	305	149	0.000105040575491
30878	2	2	0	19	200	149	0.00865993096376
30880	27	0	23	1	259	149	0.239217078781
30891	14450	0	27941	2	349	149	1
30892	8395	84	6909	3	203	149	0.122399914021
30893	195	2	85	0	318	149	0.53345010484
30895	126	0	138	2	251	149	0.54020378261
30897	43	2	82	4	199	149	0.815352030839
30898	232	2	346	4	321	149	0.589927162356
30904	1	0	5	10	1038	149	0.00439550571337
30906	110	2	50	2	283	149	0.577435969611
30907	40	2	16	7	283	149	0.00344564011946
30909	106	2	52	7	295	149	0.00585504453905
30910	198	22	89	3	295	149	0.0187599893698
30911	124	1	71	2	222	149	0.396336244371
30912	118	15	49	6	241	149	0.899487140833
30913	301	3	64	1	253	149	0.616820643452
30914	321	6	77	0	392	149	0.0566476194506
30915	222	2	60	0	392	149	0.535309716198
30916	543	2	248	0	1029	149	0.552780967349
30918	0	33	2	16	370	149	0.714025864515
30919	0	33	2	16	271	149	0.385693963528
30920	0	16	1	11	197	149	0.238004208582
30922	0	16	2	11	342	149	0.22617870236
30927	22	585	4	384	438	149	0.503351373135
30933	4	0	2	4	268	149	0.000106402438455
30934	2	9	2	8	197	149	0.91780924173
30936	15	0	16	2	317	149	0.0377650339529
30938	16	12	14	6	263	149	0.345207006147
30941	63	1	7	0	212	149	0.398266418687
30942	89	15	11	4	212	149	0.359642188614
30943	84	24	27	13	212	149	0.239486896397
30944	1	15	0	4	251	149	0.290262357376
30945	1	24	0	13	251	149	0.373012944325
30946	1	27	0	4	251	149	0.411002957412
30947	1	22	0	20	251	149	0.354162855067
30948	34	24	13	13	311	149	0.440292666082
30949	46	22	13	20	311	149	0.00773551521946
30953	620	7	15	0	354	149	0.21796013323
30955	474	7	13	0	441	149	0.0873522726983
30956	568	5	13	0	373	149	0.385925302359
30957	236	7	12	0	265	149	0.063028861062
30958	578	8	6	0	252	149	0.259410964635
30959	334	1	4	0	252	149	1
30961	727	4	4	0	278	149	1
30962	609	6	6	0	310	149	0.394288612789
30963	836	1	265	2	223	149	1
30964	831	1	251	3	223	149	0.66130010725
30965	20	1	14	3	242	149	0.130596994219
30966	25	3	29	6	242	149	0.432591373849
30967	17	7	21	0	242	149	0.00011483574821
30968	233	2	101	0	213	149	0.725473690708
30969	38	0	32	2	282	149	0.0862826871119
30970	2	23	0	26	283	149	0.66390701078
30971	58	23	26	26	1268	149	0.0163161775223
30972	2	1	7	4	290	149	0.894193456091
30973	4	0	15	2	238	149	0.0631213179422
30976	5	1065	0	265	284	149	1
30977	232	2	36	0	198	149	0.86488049344
30978	1600	2	399	0	221	149	1
30979	815	5	418	10	224	149	0.0156876737578
30980	0	152	2	275	339	149	1
30984	0	57	1	56	242	149	1
30985	320	4	114	0	208	149	0.981735638107
30986	94	148	16	39	296	149	0.170458991531
31006	0	3	1	4	167	149	0.596717845896
31019	0	7	12	17	453	149	0.00121142406339
31024	12	0	44	4	382	149	0.00905869368341
31027	31	1	12	0	223	149	0.271429867913
31028	57	1	28	0	282	149	0.314188089097
31029	2	1	4	0	214	149	0.151296268635
31031	1	6	4	8	317	149	0.206723845012
31032	2	0	4	2	409	149	0.00418563884297
31034	3	0	27	21	262	149	0.00169839331716
31036	0	2	3	4	222	149	0.00937614289496
31037	36	2	14	0	282	149	0.121901239262
31041	60	2	16	1	270	149	0.591844767909
31094	8	73	6	77	550	149	0.538944010619
31095	181	1	162	0	245	149	1
31096	267	2	193	0	241	149	0.743526992435
31099	7	0	124	33	212	149	0.00271526491983
31100	9	0	107	20	212	149	0.00407085863473
31101	7	0	82	3	212	149	0.186374370104
31102	7	0	82	2	212	149	0.43024127541
31103	7	0	78	2	212	149	0.389428372033
31104	9	0	294	2	269	149	0.724357384933
31105	9	0	127	2	307	149	0.470509499343
31108	32	0	21	2	248	149	0.0561402736829
31111	82	3	41	3	280	149	0.484842676628
31112	51	3	30	3	278	149	0.588397024624
31122	5	94	1	35	377	149	0.366119983618
31123	305	3	55	1	281	149	0.546796137166
31124	194	1	41	0	214	149	1
31125	219	0	41	2	318	149	0.243088654932
31127	142	1	13	0	240	149	1
31129	3	0	5	2	572	149	0.00307259829641
31130	3	0	5	2	572	149	0.00307259829641
31146	63	14	1	5	212	149	0.000431376506316
31149	344	0	207	1	267	149	1
31156	2	4	8	22	269	149	0.701887977566
31157	132	0	76	1	314	149	0.346657126053
31158	189	4	82	11	302	149	0.000997480228115
31175	1	0	0	1	321	149	6.63119178733e-05
31177	1	0	0	1	287	149	6.8877240611e-05
31181	0	2	2	0	263	149	1.56685545898e-05
31197	0	740	2	420	286	149	1
31198	1023	1	641	1	209	149	1
31204	73	0	48	1	237	149	0.314095344317
31206	42	0	41	1	293	149	0.27280861749
31207	47	0	63	1	368	149	0.292317209727
31208	21	2	20	0	298	149	0.0533020766487
31209	11	0	26	2	220	149	0.11254254353
31211	0	5	4	7	220	149	0.00436466203205
31212	0	3	1	27	204	149	0.354438269948
31213	225	1	46	0	302	149	1
31214	1	14	0	34	299	149	0.304976662211
31217	61	1	63	8	248	149	0.00577345934251
31225	5	43	4	53	188	149	0.538030143304
31228	2	5	0	4	255	149	0.0548924117571
31232	148	0	74	2	245	149	0.765086162804
31237	7	131	5	42	403	149	0.301177518143
31238	8	131	6	42	415	149	0.220066243057
31240	8	131	1	42	347	149	0.186790489641
31244	215	0	66	1	247	149	0.371856646163
31246	2	99	0	39	274	149	1
31247	86	1	35	0	246	149	0.461067944965
31249	197	1	56	0	256	149	1
31259	2	120	2	43	318	149	0.52374634301
31260	7	120	1	43	321	149	0.198794710768
31264	16	67	2	31	215	149	0.0257713391618
31265	61	37	12	24	268	149	0.00348603872115
31266	46	20	3	2	268	149	0.591517004351
31267	51	20	37	2	182	149	0.000820947883862
31268	33	4	22	0	182	149	0.015516918169
31273	2	0	346	3	728	149	0.248875290731
31277	26382	4	4882	0	357	149	1
31279	15804	1	2867	0	265	149	1
31280	0	1241	1	1037	364	149	1
31284	92	0	18	2	203	149	0.116075555463
31285	159	6	86	3	346	149	0.79535635965
31286	0	17	9	9	280	149	2.14788599691e-05
31288	6	9	4	1	309	149	0.0783330199731
31289	8	0	2	2	205	149	0.00318118265975
31302	0	5772	1	7617	226	149	1
31303	7009	2	13251	2	234	149	1
31304	1219	4	15	0	353	149	1
31314	114	1	163	0	311	149	0.482176529197
31316	159	0	147	2	266	149	0.539050925282
31317	63	1	73	0	241	149	0.367009741476
31318	104	1	110	2	242	149	0.453029323602
31319	0	28	3	27	239	149	0.0734316217572
31321	8	11	10	22	273	149	0.458550616897
31325	220	2	69	0	290	149	0.534844156514
31326	166	1	48	0	276	149	1
31327	16	10	6	5	253	149	0.657186031961
31328	23	19	6	11	253	149	0.138063188816
31329	14	19	15	11	238	149	0.244446384464
31330	5	8	12	2	238	149	0.00488441538784
31333	0	2	1	2	223	149	0.595960806371
31334	0	2	2	2	358	149	0.0350193038726
31336	1306	4	172	0	290	149	1
31337	298	2	128	0	269	149	0.743443145983
31338	27	2	89	0	270	149	0.105639071091
31339	1020	3	240	0	314	149	1
31340	1403	5	261	1	365	149	1
31341	1842	1	246	2	334	149	0.531919303112
31342	1979	0	238	2	346	149	0.528703752689
31343	29	496	10	66	251	149	0.0516705964319
31344	996	0	191	1	237	149	1
31345	1016	13	236	1	232	149	0.179917376435
31346	841	1	288	2	260	149	0.743857330381
31347	4435	9	1447	2	261	149	1
31348	690	4	445	0	234	149	1
31352	138	2	106	6	216	149	0.0572746750056
31353	5	130	1	100	381	149	0.865759886554
31355	4	224	0	91	327	149	1
31356	565	38	211	10	351	149	0.292209778256
31372	1	70	0	7	292	149	1
31374	10	0	17	1	468	149	0.514617622739
31376	234	0	149	2	230	149	0.528758596898
31377	56	0	127	7	264	149	0.00734526799133
31378	172	1	350	0	277	149	1
31381	8	43	2	9	241	149	0.732456241233
31389	1	98	0	17	271	149	1
31390	59	0	290	1	202	149	1
31391	107	3	480	8	267	149	0.858920853492
31413	55	23	99	9	298	149	0.000279201319437
31415	10	0	49	7	419	149	0.00386268991758
31420	31	29	2	19	261	149	0.000119005570264
31421	510	5	86	0	290	149	0.413139410285
31422	546	6	91	0	263	149	0.332169123661
31423	4	0	731	2	291	149	1
31431	0	3	2	0	213	149	7.0346232619e-06
31439	1	1	0	3	265	149	0.301551572973
31441	3	1	39	9	281	149	0.838158274557
31442	70	6	48	0	290	149	0.00276479256622
31444	2	0	28	1	254	149	0.250385963573
31452	7	246	2	65	271	149	0.915659910992
31454	390	0	102	2	327	149	0.803416352796
31458	1	22	2	16	464	149	0.379256448772
31459	8	23	0	20	296	149	0.000894216064552
31460	62	2	72	0	381	149	0.160231878659
31461	158	1	109	0	462	149	0.452556057784
31462	2	3	4	7	576	149	0.797252236214
31463	9	3	1	7	240	149	0.000979416877017
31464	9	9	2	2	240	149	0.994345194946
31465	285	5	31	0	271	149	0.196340638701
31469	264	5	30	0	253	149	0.192708671187
31471	2	14	0	32	526	149	0.735458261549
31473	3	0	0	1	219	149	2.53634877104e-05
31474	8	2	2	0	285	149	0.0232762049949
31475	8	0	3	4	285	149	5.16736132066e-05
31478	125	0	45	1	245	149	0.302768782206
31480	129	3	45	0	245	149	0.203377168786
31481	125	2	49	1	245	149	0.761991761689
31482	44	22	18	13	227	149	0.413069813863
31483	152	22	54	13	202	149	0.244492902583
31485	139	1	61	0	322	149	0.581055546442
31486	134	0	59	4	265	149	0.00651169872465
31487	6	0	58	1	298	149	0.30967662514
31488	0	5	3	32	254	149	0.169785557595
31492	13	61	8	20	286	149	0.309304889955
31493	77	3	36	0	185	149	0.142515232883
31497	2	0	3	6	364	149	0.000241058384021
31502	923	6	600	16	1733	149	0.00211406453127
31506	67	1	28	0	255	149	0.368215150374
31507	19	57	10	6	194	149	0.00615374721981
31508	0	57	4	31	283	149	0.0293494471462
31520	7	1	11	4	292	149	0.316292739106
31521	341	1	202	1	258	149	1
31523	299	1	229	0	225	149	1
31535	2	27	2	31	272	149	0.889322646449
31558	235	3	128	2	287	149	0.847303879923
31559	30	50	3	34	328	149	0.000240807941314
31560	3	10	2	5	261	149	0.829191040289
31561	66	1	46	0	229	149	0.390090763815
31562	1702	7	714	0	352	149	1
31563	251	1	120	1	215	149	1
31564	2	154	0	49	272	149	1
31566	426	4	117	0	313	149	0.527132758799
31568	24	0	2	1	286	149	0.296291472703
31586	4	0	25	4	210	149	0.0114403251599
31599	8	0	56	21	185	149	0.00113223335144
31600	416	2	181	0	328	149	1
31612	64	2	109	0	213	149	0.761862955241
31623	3	119	0	8	315	149	0.73791026976
31624	322	55	31	14	332	149	0.0150771457794
31628	22	0	27	2	335	149	0.0638863084394
31637	73	0	34	2	200	149	0.260118860561
31639	22	4	7	4	257	149	0.141810991664
31644	10	6	2	4	242	149	0.138503547806
31648	11	0	24	1	815	149	0.849682340536
31649	1	0	0	7	232	149	2.90213171964e-05
31651	6	1	13	0	236	149	0.948059649347
31652	19	0	712	2	309	149	1
31653	29	0	637	2	316	149	1
31654	4	0	248	2	259	149	0.608495414638
31655	150	0	767	5	332	149	0.816738803674
31663	8	2	90	4	346	149	0.205898748552
31664	8	5	91	112	346	149	0.332214676211
31665	8	2	94	4	529	149	0.140641883214
31673	0	97	2	170	427	149	1
31674	122	1	194	0	315	149	0.510122962082
31675	145	0	233	5	264	149	0.0729360451212
31676	0	88	1	142	273	149	1
31677	228	0	351	2	285	149	1
31678	53	2	101	11	281	149	0.0756286055818
31679	54	5	105	16	281	149	0.292524822173
31680	6	3	13	4	269	149	0.558877200315
31681	3	2	4	11	199	149	0.159939295968
31682	3	5	2	16	199	149	0.139931664911
31684	0	2	2	13	199	149	0.132611208355
31694	1	9	0	3	206	149	0.228449859932
31696	9	1	22	0	281	149	0.321430797609
31700	0	3190	1	3155	254	149	1
31707	787	0	494	4	288	149	0.751162925384
31712	4	111	2	67	248	149	0.678397679899
31713	13	111	8	67	257	149	0.960444171491
31718	19	0	3	2	299	149	0.0018941704351
31719	13	0	16	62	377	149	3.52532447678e-10
31730	2	0	17	7	371	149	0.00297242764014
31731	2	0	2	7	264	149	0.000165741368047
31738	44	2	4	0	265	149	0.184050690947
31739	43	2	4	0	265	149	0.17982678024
31741	127	2	3	0	301	149	0.458762894528
31744	193	1	3	0	301	149	1
31747	282	1	21	0	225	149	1
31748	82	1	4	1	225	149	0.785133749666
31749	245	1	29	1	311	149	0.240650355865
31760	14	12	2	0	303	149	0.00265103445687
31761	22	12	4	0	363	149	0.00163352396166
31763	12	0	1	2	214	149	0.000528045619992
31766	525	1	183	0	275	149	1
31771	105	1	24	1	248	149	0.55910333471
31806	488	3	239	0	264	149	1
31807	318	2	136	2	280	149	0.749238259537
31812	27	1	5	0	257	149	0.249050289714
31813	586	2	137	0	502	149	0.852560883457
31814	563	0	63	2	269	149	0.533732220083
31815	437	9	57	0	218	149	0.0981363939866
31816	662	3	93	0	308	149	1
31817	585	3	108	0	244	149	1
31860	982	1	205	0	379	149	1
31861	1464	8	257	0	268	149	1
31862	1784	1	292	0	293	149	1
31863	2638	2	321	0	332	149	1
31867	1	0	0	1	252	149	7.14803091022e-05
31869	384	1	273	3	422	149	0.342450950903
31871	183	1	144	0	317	149	1
31872	0	64	2	97	395	149	1
31873	15	135	7	58	294	149	0.856142587399
31874	9	3	8	1	294	149	0.330413807544
31875	264	3	150	1	294	149	0.449250449953
31876	137	2	92	1	294	149	0.602302627033
31877	242	3	105	1	1789	149	0.568071269447
31878	12	111	3	83	273	149	0.0493522904552
31880	431	5	206	1	253	149	0.403003532575
31881	286	1	121	0	241	149	1
31883	2	2	2	0	186	149	0.00617892242708
31884	4	23	1	8	186	149	0.498629041042
31886	26	17	11	47	331	149	3.17894895481e-05
31889	12	0	15	6	322	149	0.000422389873139
31891	167	3	63	0	259	149	0.292412162115
31893	0	52	2	24	246	149	0.684808754853
31894	27	0	224	6	218	149	0.108534609787
31895	748	7	178	2	269	149	0.750523397829
31899	13	4	2	0	364	149	0.002438788583
31909	4	42	12	38	344	149	0.0343149317829
31910	3134	2	1259	0	2061	149	1
31911	396	0	121	4	264	149	0.0470247014742
31912	46	6	45	6	257	149	0.972771188269
31913	58	6	83	6	272	149	0.581114072567
31914	135	5	44	2	266	149	0.759432370769
31917	42	2	7	0	260	149	0.171870979381
31918	2	4	1	33	316	149	0.0677648681708
31938	2	2	2	6	478	149	0.572262464385
31939	2	0	3	3	478	149	0.000162118565496
31942	24	0	17	8	223	149	3.89970397944e-05
31943	22	0	14	2	223	149	0.0387032644543
31945	8	27	0	20	410	149	0.00253597005261
31953	344	2	75	2	348	149	0.297739413045
31954	344	2	76	2	451	149	0.29606990405
31959	100	1	197	0	251	149	0.526186298347
31974	3	0	1	2	239	149	0.00111808766198
31975	355	0	337	2	1364	149	0.343948231623
31976	5	29	4	30	215	149	0.69820125161
31978	221	0	58	2	252	149	0.52226266461
31979	172	21	46	5	219	149	0.736046233471
31980	2	13	5	4	243	149	0.0209845522342
31982	4	10	3	2	243	149	0.20800094566
31983	2	18	3	0	243	149	2.4555254955e-05
31984	6	35	5	13	243	149	0.311831319858
31985	2	9	5	5	243	149	0.0935652094472
31988	27	10	4	2	273	149	0.677783866179
31989	18	18	4	0	273	149	0.000627933338552
31990	15	35	4	13	273	149	0.518538989405
31991	13	9	4	5	273	149	0.392449999385
31992	2	1	2	0	273	149	0.0354718052431
31993	14	2	2	0	273	149	0.0515652594128
31995	2	4	2	2	273	149	0.543974771662
31997	0	2	2	0	257	149	1.58600864686e-05
31998	2	2	1	0	257	149	0.00354720457723
31999	1	10	0	2	285	149	0.259705588133
32005	47	18	17	0	354	149	7.88043244278e-05
32006	41	35	16	13	354	149	0.944942992838
32007	40	9	15	5	354	149	0.522151241507
32009	33	4	14	2	354	149	0.869211908865
32010	32	0	13	2	354	149	0.0165450677805
32011	51	5	15	0	354	149	0.00596910534201
32012	45	2	14	0	354	149	0.125404597113
32015	72	35	8	13	267	149	0.0121767808149
32016	54	4	8	2	267	149	0.410882878249
32017	59	2	8	0	267	149	0.230465545209
32018	61	1	13	4	267	149	0.00243348827035
32019	29	1	9	0	214	149	0.269768718654
32020	38	9	14	5	214	149	0.53499855528
32021	7	0	3	2	214	149	0.00643124767624
32023	4	0	5	3	214	149	0.00263546719142
32024	3	17	0	10	245	149	0.0572323430623
32027	76	1	15	0	296	149	0.363497413049
32028	42	2	10	0	272	149	0.15812587633
32029	185	0	74	2	308	149	0.541191054489
32030	5	0	14	1	284	149	0.343653599297
32032	1	0	0	2	184	149	3.32010671047e-05
32033	11	69	5	40	331	149	0.578493422765
32048	28	0	72	1	260	149	0.38022222677
32049	24	0	51	2	337	149	0.136167159872
32050	8	0	70	3	282	149	0.105080302448
32051	98	0	88	9	310	149	0.000120588545743
32063	1237	15	1687	6	239	149	0.0716145786366
32064	414	2	1596	0	452	149	0.586142964913
32068	2	0	2	26	301	149	0.000149703499296
32069	102	6	31	0	243	149	0.0144273393574
32078	94	1	29	1	278	149	0.900032890363
32079	202	1	24	1	1059	149	0.926775690855
32080	13	42	2	16	458	149	0.118393199008
32081	117	3	28	2	261	149	0.56710530525
32110	4	0	0	7	301	149	4.51569622806e-07
32113	981	0	800	3	402	149	1
32114	4	91	0	159	347	149	0.758108363247
32116	38	4	24	2	359	149	0.735997422983
32117	36	25	32	28	252	149	0.549883039759
32120	2	0	61	1	305	149	0.313003990821
32133	52	2	71	0	230	149	0.354594693957
32139	5	20	3	37	266	149	0.143327115909
32140	45	0	24	3	224	149	0.0124760462368
32142	38	2	65	0	269	149	0.146949656937
32144	86	4	66	1	347	149	0.157960731764
32147	6	6	2	91	1647	149	0.00511126643338
32149	30	6	69	19	164	149	0.472424686502
32150	310	0	212	1	285	149	1
32156	1114	4	377	0	1498	149	0.156045983854
32157	252	99	48	14	278	149	0.364279222755
32158	126	25	18	0	293	149	0.000667064557696
32159	9	21	6	7	338	149	0.375752190543
32160	57	1	17	0	290	149	0.310794440174
32162	3	83	1	18	170	149	0.61764158744
32174	65	219	45	207	253	149	0.221418908056
32176	0	29	2	7	273	149	0.110072922271
32177	0	18	2	39	406	149	0.521287761766
32178	99	0	90	2	240	149	0.710168442503
32179	81	0	49	2	235	149	0.334677065034
32188	78	3	34	2	243	149	0.86829168151
32189	23	3	62	2	303	149	0.154382064212
32191	1	23	0	56	242	149	0.355902773793
32195	151	0	121	2	314	149	0.689874343548
32200	0	6	2	10	265	149	0.112291853392
32205	2	0	19	2	271	149	0.0749818655142
32210	5	51	3	48	477	149	0.491734045116
32211	10	51	1	48	195	149	0.00199231291839
32214	2	2	0	40	299	149	0.01963186035
32215	245	9	62	2	360	149	0.65721139326
32225	2	0	13	2	245	149	0.054045984319
32226	2	0	15	2	188	149	0.0877180400792
32233	216	4	73	0	277	149	0.168359450225
32234	63	0	23	3	212	149	0.00994767842458
32244	117	0	175	6	223	149	0.0263553276048
32245	86	0	108	6	329	149	0.00399291117517
32246	91	0	192	1	272	149	1
32247	178	1	88	0	338	149	1
32248	69	1	38	0	231	149	0.3998160362
32249	87	0	60	1	626	149	0.246524556936
32260	0	18	1	4	274	149	0.543231849168
32273	2	4	1	78	316	149	0.0978056587185
32274	5	24	0	72	224	149	0.00140913262686
32279	325	10	343	13	281	149	0.623045376865
32282	18	205	2	43	250	149	0.189578672639
32283	400	6	68	0	216	149	0.273713779866
32284	501	4	83	2	339	149	0.617960020873
32286	210	4	44	2	229	149	0.792463492577
32287	783	1	128	0	318	149	1
32290	8	230	9	65	330	149	0.0132589174369
32294	10	21	0	10	322	149	0.00131362715772
32295	2	0	62	2	214	149	0.309556880751
32304	2	50	0	43	400	149	0.575357181717
32305	935	2	696	0	2709	149	0.652383073026
32307	24	4	63	3	420	149	0.12192491366
32308	9	0	56	1	293	149	0.307538596185
32317	4	4	2	408	330	149	0.000263006077764
32318	3	4	2	408	320	149	0.00546708720642
32319	3	0	4	3	320	149	0.000746667529855
32320	10	0	339	3	258	149	0.634780050196
32321	6	0	2	2	258	149	0.00244662225706
32324	0	162	2	525	331	149	1
32326	4	35	2	11	222	149	0.761248397665
32328	19	1	19	0	182	149	0.247115277891
32331	75	2	36	6	212	149	0.0143652049564
32333	9	0	39	1	261	149	0.276610331598
32334	3	0	0	1	352	149	3.07397581157e-05
32335	253	1	74	1	265	149	0.382272571231
32342	134	0	64	1	257	149	0.351662268892
32343	292	4	75	0	204	149	0.614914442833
32344	346	0	113	2	212	149	0.54599667125
32346	292	7	138	7	316	149	0.214296071427
32348	2	3	6	13	337	149	0.712129699454
32350	35	5	10	4	238	149	0.196135670885
32352	35	3	15	13	238	149	0.00016914720161
32354	5	3	6	13	207	149	0.114811387606
32359	8	2	3	0	220	149	0.0325832893999
32361	1	1	3	4	266	149	0.817381406145
32362	13	1	12	4	320	149	0.11829885552
32363	26	0	26	2	471	149	0.0395496806208
32366	0	1	4	12	295	149	0.0252689313505
32367	8	3	10	0	295	149	0.00250503121005
32368	11	3	5	1	374	149	0.746782101038
32369	8	2	4	0	374	149	0.0143116972331
32370	112	0	101	2	3335	149	0.0171878078103
32371	6	2	2	0	261	149	0.0177212842158
32372	4	0	1	2	261	149	0.000837453851805
32373	97	0	89	2	2837	149	0.0181801873756
32374	12	1	3	12	263	149	8.15529671494e-06
32375	12	0	3	2	263	149	0.00340421397323
32376	16	1	4	0	263	149	0.276693247329
32377	5	13	0	4	255	149	0.00697445565521
32378	7471	49	21	0	266	149	0.640517889182
32379	4142	87	22	0	257	149	0.0818429137355
32382	7	3	11	0	266	149	0.00224483690062
32383	0	7	1	4	356	149	0.209848883275
32387	25	3	2	2	303	149	0.0586139906927
32388	195	6	42	1	816	149	0.587519477194
32390	43	2	18	0	241	149	0.163778410177
32391	8	19	2	16	220	149	0.0871970797567
32394	126	0	33	1	272	149	0.261397647752
32399	6	0	6	2	254	149	0.0156663787417
32400	6	0	3	3	254	149	0.000605537706718
32403	124	2	52	0	217	149	0.532017424443
32404	307	0	97	1	220	149	0.598203176862
32411	12	2	6	3	292	149	0.236304994379
32412	12	4	9	2	292	149	0.630775899779
32421	2	0	18	3	527	149	0.00475442074911
32422	2	0	8	1	312	149	0.697063086455
32423	4	1	5	0	316	149	0.221889836066
32424	8	1	15	0	306	149	0.978627213617
32426	151	4	80	0	325	149	0.066614550207
32429	10	20	4	6	352	149	0.954268149968
32430	63	7	18	0	327	149	0.00426277633402
32431	49	3	18	2	264	149	0.784126130729
32432	88	7	32	2	321	149	0.633762102751
32435	1	0	99	3	251	149	0.203986530908
32440	8	16	4	16	305	149	0.289955911026
32441	3	0	2	1	305	149	0.0289442937282
32443	2	0	6	1	202	149	0.69480412331
32444	6	1	2	0	202	149	0.69480412331
32445	8	0	6	2	187	149	0.0220355730511
32446	104	1	29	2	187	149	0.177444812849
32447	0	1	2	2	274	149	0.0274894960389
32448	0	96	1	24	274	149	0.40177406406
32449	5	96	0	24	207	149	0.126617939812
32451	3	149	0	32	270	149	0.876222826998
32452	199	2	45	2	319	149	0.302370294754
32453	125	2	71	0	252	149	0.566352071532
32456	0	36	2	58	242	149	0.524862442857
32459	5	114	1	62	199	149	0.183682064541
32471	6	2	10	11	224	149	0.122723202151
32483	81	2	44	0	399	149	0.184141542654
32484	54	2	33	0	316	149	0.144622347528
32496	2	17	1	23	274	149	0.332566761996
32497	2	0	0	3	274	149	5.39594824966e-06
32498	145	4	131	9	266	149	0.111140476989
32499	126	0	101	3	266	149	0.118776053425
32500	111	2	79	0	266	149	0.646464793222
32501	6	117	5	92	386	149	0.990764797279
32502	302	2	266	0	245	149	1
32504	422	1	353	3	309	149	0.655303006893
32505	0	3	2	38	318	149	0.717669933544
32510	6	0	43	2	171	149	0.256310861397
32513	923	0	190	4	453	149	0.0360034644957
32514	4	2	7	7	199	149	0.409783816347
32515	138	4	52	1	316	149	0.421253908037
32516	116	9	25	0	252	149	0.00779440592128
32517	217	9	66	0	228	149	0.0131708800573
32518	136	6	41	3	265	149	0.772133670186
32519	285	1	86	0	270	149	1
32520	235	0	74	2	261	149	0.696932298155
32522	3	26	0	32	304	149	0.112532555538
32523	46	0	146	2	309	149	0.708298807311
32524	98	1	169	0	378	149	0.365785308237
32526	120	0	128	3	251	149	0.216645658112
32527	118	5	316	7	673	149	0.364761685749
32545	2	0	0	11	303	149	6.32868380235e-06
32547	0	7	2	59	246	149	0.523903323532
32551	97	1	17	0	288	149	0.446381607489
32552	11	66	2	3	308	149	0.689651659117
32553	127	1	18	0	223	149	1
32567	19	0	37	2	274	149	0.120700697414
32570	128	1	66	0	234	149	1
32571	1	0	39	4	246	149	0.0205871447165
32573	218	2	82	0	220	149	0.630117980163
32575	12	0	12	2	343	149	0.0241826816157
32585	242	2	188	1	239	149	0.646205663897
32588	658	51	106	4	264	149	0.0861418702916
32592	3	162	2	142	317	149	1
32593	52	0	54	1	213	149	0.36042002564
32594	55	3	59	0	200	149	0.0621710984076
32595	178	2	123	0	305	149	0.529739121888
32596	42	0	57	4	270	149	0.0175670422841
32597	663	1	259	0	360	149	1
32599	499	3	166	3	328	149	0.286040551911
32600	67	185	17	59	413	149	0.423997353663
32601	382	3	138	0	298	149	0.63668749633
32602	342	3	124	0	299	149	0.653102573233
32603	410	1	141	1	299	149	0.684477039118
32611	351	2	169	0	243	149	1
32612	17	0	47	22	356	149	3.00927017033e-05
32613	34	0	104	7	357	149	0.00560797829457
32620	1	0	47	2	321	149	0.168464951317
32621	1960	4	578	0	393	149	1
32622	406	9	263	2	253	149	0.0813293721114
32623	510	0	267	5	244	149	0.144055276582
32624	932	11	352	5	291	149	0.856837969677
32625	227	2	177	5	307	149	0.114332988873
32633	7	4	5	10	344	149	0.106401669484
32634	9	4	6	10	377	149	0.0722818296838
32635	1935	16	5957	24	316	149	0.122784192684
32636	167	8	60	0	290	149	0.00762455079035
32639	9	3	6	2	1021	149	1
32644	2	30	3	36	206	149	0.73067774111
32645	59	3	62	0	262	149	0.04593293019
32647	107	5	65	0	302	149	0.0161601589305
32650	7	9	11	4	200	149	0.0756552521953
32651	132	5	29	0	223	149	0.0659533473167
32653	2	45	6	229	619	149	1
32655	22	0	142	1	256	149	1
32656	3	303	2	434	263	149	1
32657	669	3	1077	2	345	149	1
32666	0	70	1	345	245	149	1
32671	571	0	685	4	242	149	1
32675	270	5	143	0	269	149	0.10274078073
32676	0	169	1	71	221	149	1
32677	440	0	203	1	359	149	1
32678	0	11	2	83	197	149	0.528933428141
32681	6869	2	13	0	242	149	1
32682	6007	30	34	0	322	149	0.930254235307
32684	785	2	17	2	250	149	0.104186969174
32685	156	93	18	2	239	149	0.00427626931302
32686	1178	4	37	0	351	149	1
32687	908	2	41	0	265	149	1
32688	853	6	403	0	272	149	0.764038116675
32689	1088	0	365	2	276	149	1
32692	2	0	2	3	318	149	0.000222533891991
32695	77	6	73	5	211	149	0.808063080741
32697	84	29	6	3	224	149	0.703103456662
32698	63	132	10	28	224	149	0.398808214935
32699	85	132	4	28	230	149	0.00109880655842
32700	92	17	3	6	230	149	0.00104402788748
32701	346	1	231	0	565	149	1
32703	327	1	253	0	364	149	1
32705	302	1	190	0	312	149	1
32708	410	5	222	1	224	149	0.469208584045
32709	150	1	90	0	224	149	1
32710	105	1	56	0	205	149	0.825670068011
32711	370	5	192	4	205	149	0.650894115097
32712	96	8	48	14	266	149	0.00880216472904
32713	107	4	45	7	266	149	0.0275535016094
32714	55	8	27	14	278	149	0.0104832757424
32715	66	4	25	7	278	149	0.0195874393018
32718	22	2	126	17	289	149	0.420749794395
32719	4	2	43	17	218	149	0.770175871317
32720	646	1	166	0	265	149	1
32721	662	5	227	0	276	149	0.772171516319
32723	285	0	235	2	334	149	0.529132985368
32724	55	6	57	12	243	149	0.201836397614
32725	187	6	114	12	247	149	0.0189715519989
32726	91	0	296	6	216	149	0.130411336842
32732	7	0	15	3	316	149	0.00802032615624
32733	214	4	134	0	238	149	0.204220875486
32734	237	2	146	0	283	149	0.554328923512
32735	242	0	122	1	241	149	0.797054800071
32736	270	1	167	0	320	149	1
32740	260	10	50	0	264	149	0.016853319602
32741	307	2	53	0	309	149	0.632156039988
32742	107	1	29	2	263	149	0.125317733118
32743	224	0	42	1	263	149	0.285657370378
32745	5	115	2	19	242	149	0.862129637425
32746	118	3	29	0	237	149	0.210349020101
32749	6	491	3	189	531	149	1
32750	2	491	1	189	224	149	1
32751	0	491	4	189	169	149	0.75988725258
32757	4	433	1	159	215	149	1
32758	1	2	1	0	215	149	0.00174594333012
32760	296	2	96	0	217	149	1
32761	294	2	87	0	247	149	1
32766	5	3	0	2	324	149	0.00151307003514
32773	167	2	53	0	226	149	0.531486570543
32774	348	3	84	0	404	149	0.514063405457
32775	52	110	15	32	382	149	0.931318203592
32777	1670	1	616	0	6257	149	0.372929590537
32778	21	1	15	0	283	149	0.229770805407
32782	16	2	9	0	275	149	0.0510361723763
32783	31	2	16	0	320	149	0.0873959782265
32784	51	2	32	2	320	149	0.731293018805
32787	4	37	1	48	193	149	0.059555324556
32788	53	0	70	4	263	149	0.0242641046604
32789	4	24	3	33	246	149	0.44828965651
32791	0	4	3	8	246	149	0.0257575041695
32793	32	4	46	8	266	149	0.577457719481
32794	10	1	14	0	266	149	0.435313392237
32795	12	0	15	2	266	149	0.0453714473699
32799	4	0	11	45	600	149	5.71351462014e-05
32803	4	12	0	3	329	149	0.0266389710016
32808	1	15	0	123	241	149	0.286691705903
32818	4	4	0	4	249	149	0.00231553871004
32819	2	3	0	2	249	149	0.0345129965471
32820	2	8	0	30	249	149	0.108671267794
32821	29	3	10	2	249	149	0.703427343078
32823	3	8	7	30	221	149	0.879911390295
32827	3	3	6	7	291	149	0.874110666247
32830	2	2	12	0	275	149	0.00143073018191
32835	8	1	7	0	344	149	0.585913972544
32836	1	0	0	2	335	149	1.97888447111e-05
32840	0	7	1	5	238	149	0.219817641751
32849	1	15	0	9	336	149	0.335808534849
32851	145	2	96	3	296	149	0.368378447449
32853	11	29	19	33	260	149	0.35643235686
32854	337	0	277	2	989	149	0.546745922891
32857	0	6	4	3	182	149	0.000543875854506
32858	0	11	8	19	182	149	0.000956453961284
32859	2	0	4	9	258	149	0.000523095310763
32860	22	11	15	19	263	149	0.0644449973981
32862	11	0	34	1	245	149	0.271660581584
32863	12	0	53	4	278	149	0.0234502146359
32866	2	2	1	2	199	149	0.574349068347
32867	2	2	0	2	194	149	0.0143914999039
32868	0	6	3	3	194	149	0.00313802009952
32869	2	11	0	22	239	149	0.12740039441
32882	185	0	169	1	304	149	1
32883	257	0	127	2	284	149	0.609347501603
32888	123	0	80	4	236	149	0.0195365581018
32889	2	71	0	51	238	149	0.531990948192
32913	382	0	267	3	224	149	0.637652209585
32914	566	3	305	3	285	149	0.852790491833
32915	488	1	313	0	305	149	1
32918	0	3	3	4	246	149	0.0101953161176
32919	3	0	8	2	273	149	0.0239761994696
32922	3879	0	8468	14	317	149	1
32923	1075	0	2487	14	221	149	1
32924	2105	0	4419	2	266	149	1
32925	87	0	76	2	266	149	0.569057800983
32926	1573	0	4205	2	1609	149	1
32927	171	0	3032	2	227	149	1
32928	2478	12	8324	9	227	149	1
32929	8	0	363	1	232	149	1
32931	3	1	35	0	240	149	0.128295341665
32948	224	0	1069	5	320	149	1
32950	39	1	68	2	204	149	0.714571057126
32951	16	1	23	2	262	149	0.600672068683
32957	221	3	63	0	278	149	0.443881910624
32958	299	5	64	0	401	149	0.0962862308075
32959	66	0	11	1	239	149	0.574573299395
32961	53	32	21	19	252	149	0.30362983965
32962	0	11	1	1	297	149	0.187399379084
32964	19	2	8	0	248	149	0.072853757575
32968	4	197	0	57	261	149	0.766609806605
32973	211	9	155	2	286	149	0.0560446100423
32974	176	4	139	0	285	149	0.0850824479304
32976	185	1	162	4	341	149	0.0807498597346
32977	128	1	107	2	265	149	0.440710681068
32978	134	1	144	0	260	149	0.845745128394
32979	219	1	160	2	320	149	0.734456661727
32980	81	2	155	0	247	149	0.953764329069
32981	150	0	154	1	242	149	1
32986	220	1	116	0	833	149	0.370257939878
32987	64	1	18	1	285	149	0.867457427925
32988	12	2	7	0	318	149	0.0303294785464
32989	8	5	1	0	337	149	0.00146051234127
32990	121	2	27	0	285	149	0.607891374479
32991	15	7	0	5	212	149	6.02617162424e-05
32992	49	0	11	2	265	149	0.0220589660577
32993	84	1	19	0	225	149	0.490804396937
32994	9	33	0	14	191	149	0.00189428999163
33006	381	1	78	0	285	149	1
33007	238	0	62	3	210	149	0.104619172849
33008	272	3	72	0	241	149	0.658227782383
33010	267	1	80	0	287	149	1
33020	4	94	0	19	225	149	0.258120916957
33021	0	8	1	3	225	149	0.267355783805
33022	47	8	9	3	210	149	0.513119764928
33023	2	0	0	1	210	149	4.26468626354e-05
33025	235	2	50	6	210	149	0.000622765131932
33026	27	2	35	2	309	149	0.836959375409
33027	180	1	29	4	246	149	0.00177002298448
33028	59	0	19	2	246	149	0.0617975895452
33029	61	10	19	3	246	149	0.913981694169
33030	29	0	8	2	181	149	0.0248940157967
33031	2	10	3	3	181	149	0.116015271553
33032	145	2	14	0	181	149	0.542876887148
33033	45	4	2	0	181	149	0.044739075146
33034	12	10	3	3	184	149	0.801229255754
33035	14	4	1	0	184	149	0.00565023507718
33036	108	6	12	0	184	149	0.0386967646619
33043	47	4	58	0	262	149	0.00915178362952
33044	31	1	39	0	262	149	0.256577957097
33045	56	0	30	2	251	149	0.11119116585
33046	75	0	60	2	230	149	0.472728685761
33047	59	0	40	2	227	149	0.214518104714
33051	8	0	73	5	325	149	0.0156320661457
33052	14	0	499	2	325	149	1
33060	5	9	4	2	188	149	0.133188755369
33074	2	9	0	2	270	149	0.12499755667
33075	2	3	0	4	270	149	0.0316298887097
33080	0	8	2	0	374	149	7.64926014274e-06
33081	46	2	34	0	225	149	0.207576430133
33082	1	98	0	266	234	149	1
33083	1746	2	451	0	212	149	1
33084	1508	0	477	1	243	149	1
33085	121	0	154	2	168	149	0.585690892647
33086	123	3	39	1	168	149	0.802355640406
33087	395	3	212	1	256	149	0.66679588938
33088	520	125	368	40	256	149	0.000636300333286
33095	16	1	54	0	276	149	0.534660693824
33098	11	0	23	4	189	149	0.00957582808562
33099	1	0	9	4	267	149	0.00257466943203
33112	31	1	24	0	169	149	0.301556794855
33114	30	0	44	1	296	149	0.276599526452
33116	162	4	38	0	237	149	0.159863720565
33117	44	0	8	1	214	149	0.664115688629
33119	63	1	9	0	204	149	0.409414976792
33120	122	2	27	0	204	149	0.524594645663
33125	4	0	3	2	345	149	0.00323201599201
33126	0	24	2	8	203	149	0.0623597038156
33133	4	112	0	15	236	149	0.369810771311
33141	78	6	12	2	216	149	0.875211318114
33142	98	6	11	2	235	149	0.600684019848
33144	195	8	18	2	235	149	0.876594633325
33145	77	2	7	0	235	149	0.325038334596
33146	77	8	7	2	254	149	0.525750325894
33148	31	4	1	0	191	149	0.0220457664084
33152	5	2	2	0	194	149	0.0217304198874
33153	132	4	17	0	194	149	0.18156783721
33157	207	8	28	2	314	149	0.680273739936
33162	71	0	17	7	251	149	2.11721070942e-06
33163	3	1	8	3	200	149	0.895699611082
33166	2	0	193	2	302	149	0.587297046533
33167	24	3	7	79	282	149	2.33146835171e-15
33168	62	0	139	2	298	149	0.592804060227
33169	6	97	16	94	265	149	0.0326562685914
33174	51	4	60	2	307	149	0.267485866037
33175	0	41	2	17	208	149	0.259986646481
33176	38	0	67	1	397	149	0.291172854896
33177	3	1	6	10	399	149	0.202418436538
33185	3	4	10	14	299	149	0.966950920789
33186	3	4	7	14	309	149	0.832685356774
33191	2	15	0	54	322	149	0.544433834654
33192	36701	1	8150	0	177	149	1
33194	60	0	58	2	205	149	0.500975899151
33195	103	0	67	2	301	149	0.365528539928
33196	163	0	103	2	283	149	0.743310664167
33199	271	5	82	0	244	149	0.160426469232
33200	151	0	115	1	326	149	0.465052616774
33201	262	5	102	4	281	149	0.4039614863
33203	390	4	124	2	296	149	0.770307315463
33204	414	9	166	2	279	149	0.283318300945
33205	337	2	166	1	218	149	1
33206	290	3	130	0	302	149	0.811321634941
33207	87	0	13	1	283	149	0.526468381344
33208	98	0	32	1	292	149	0.250760062303
33209	72	0	18	1	276	149	0.392534976324
33211	0	28	3	21	346	149	0.0985818852729
33212	127	0	79	2	292	149	0.645654396263
33213	29	0	19	1	316	149	0.233776376481
33215	92	2	19	0	218	149	0.59349972338
33218	9	2	4	3	275	149	0.201845194217
33219	8	51	2	15	275	149	0.627528419284
33224	2	2	0	3	278	149	0.0219933384874
33225	0	2	2	3	281	149	0.0404305607683
33230	0	51	2	15	239	149	0.36402171537
33232	32	51	11	15	353	149	0.826721882978
33233	43	0	19	3	353	149	0.00436721904318
33243	27	1	67	2	228	149	0.773538015293
33248	24	2	13	0	238	149	0.0911165873866
33249	8	1	3	2	220	149	0.146781457613
33250	8	2	4	0	220	149	0.0313698742796
33251	23	5	10	0	292	149	0.00239203140639
33252	43	2	2	0	358	149	0.135574022917
33253	47	5	0	1	358	149	0.00117083700826
33254	38	0	30	2	215	149	0.128124704843
33256	4	6	0	2	210	149	0.00390278808658
33257	2	23	0	3	220	149	0.240795256154
33258	16	1	6	1	291	149	0.949890076998
33260	5	5	3	0	222	149	0.000689726029069
33262	17	7	7	0	222	149	0.00135248510405
33263	1188	1	485	0	364	149	1
33264	1980	1	893	0	366	149	1
33265	269	3	610	0	387	149	0.505476989652
33266	15	628	7	228	205	149	0.782622697988
33267	1201	628	346	228	894	149	0.175173397294
33278	3	0	90	3	284	149	0.152796307432
33279	87	36	76	31	2207	149	0.976364025943
33280	2	36	7	31	252	149	0.0492191035098
33281	13	46	2	25	197	149	0.038168473942
33282	61	0	46	2	324	149	0.131647035983
33292	338	6	337	4	352	149	0.500089065504
33293	317	6	301	4	336	149	0.544390695341
33295	1	0	0	4	215	149	2.66774229452e-05
33298	73	1	88	3	242	149	0.248553398991
33299	0	13	2	49	254	149	0.537369965922
33301	4	13	3	49	231	149	0.0724623162342
33303	1	1	1	0	261	149	0.0154551634521
33306	2	2	1	2	245	149	0.578696415895
33307	61	617	11	112	387	149	0.905137797385
33308	8	1	17	0	300	149	0.8071444646
33312	12	1	14	0	199	149	0.229766337232
33314	4	0	36	1	265	149	0.270677866385
33315	46	0	68	1	236	149	0.390061697164
33320	19	2	52	0	261	149	0.0521759285369
33322	452	2	134	0	258	149	1
33323	581	2	140	3	273	149	0.295669063449
33324	431	7	128	0	223	149	0.152967165222
33325	217	6	100	2	331	149	0.507317112581
33327	336	0	68	1	276	149	0.349745088566
33328	202	1	85	0	245	149	1
33329	190	0	81	1	245	149	0.43935900617
33330	174	0	87	1	254	149	0.45280122575
33331	398	1	184	0	254	149	1
33332	203	0	84	1	254	149	0.439497013691
33333	23	0	64	1	270	149	0.342754218381
33335	215	0	163	3	270	149	0.394288783753
33337	4	10	0	74	368	149	0.00317431680074
33339	4	5	0	1	201	149	0.00286642320199
33342	58	0	4	2	220	149	0.0072988363939
33343	94	1	7	2	286	149	0.0252552203784
33344	55	3	3	0	271	149	0.0850613259873
33345	3	41	0	4	348	149	0.323073187662
33346	0	1	2	0	191	149	4.1514107325e-05
33352	4999	5	2387	0	268	149	1
33353	10554	5	5397	0	275	149	1
33365	24	0	143	2	255	149	0.564316169222
33366	4	0	18	2	182	149	0.105343771482
33367	2	0	14	2	178	149	0.0864662061524
33370	10	0	235	8	340	149	0.0402322030171
33372	355	10	114	7	293	149	0.193354794179
33373	526	3	154	0	378	149	0.636435344274
33374	369	0	104	2	246	149	0.638040277713
33375	3	115	2	50	295	149	0.846064509868
33376	12	0	2	2	281	149	0.00137788699516
33377	11	97	2	51	281	149	0.0723824400141
33378	0	97	2	51	200	149	0.585761086134
33380	3	161	3	55	236	149	0.311873784215
33381	325	1	94	0	274	149	1
33382	248	0	68	1	353	149	0.308762719816
33383	365	0	124	1	329	149	0.495789274014
33392	2	2	5	3	180	149	0.616674940333
33405	12	2	2	0	256	149	0.0462718039573
33406	9	4	1	0	256	149	0.00258626455659
33408	6	1	1	0	195	149	0.653083040475
33410	7	0	30	1	292	149	0.249024914166
33418	0	2	1	27	459	149	1
33427	2	22	0	1	170	149	0.196406373467
33430	5	30	0	1	383	149	0.0768063788197
33433	220	5	85	2	290	149	0.96122849405
33434	66	3	15	0	221	149	0.120946574741
33438	215	2	1116	0	230	149	0.595426666689
33439	51	381	84	977	158	149	0.0670764175248
33440	412	0	1476	1	206	149	1
33441	17	4	29	0	285	149	0.00126453036985
33442	17	2	30	0	285	149	0.0336622466982
33443	3	2	2	0	248	149	0.00678146325973
33444	66	0	16	2	248	149	0.0498740456002
33446	86	0	42	1	248	149	0.290491231388
33457	1970	2	93	2	562	149	0.331273840889
33458	288	1	15	0	263	149	1
33470	2216	203	60	81	295	149	0
33471	50	0	0	2	295	149	6.88424431794e-07
33472	108	203	6	81	210	149	1.27471672551e-07
33473	111	2167	9	60	210	149	0.0327104006002
33474	109	5	5	4	210	149	0.00196874916554
33477	6256	0	291	2	277	149	0.678913943988
33479	8218	1	270	0	277	149	1
33480	4953	1	172	0	253	149	1
33482	22	125	0	3	244	149	0.0239445093526
33483	39	5900	0	223	244	149	1
33484	36	125	0	3	188	149	0.00915046030715
33485	13	5900	0	223	188	149	1
33488	125	5900	2	223	242	149	0.281805974953
33489	25	1	3	0	316	149	0.23324194987
33490	277	5900	9	223	318	149	0.516929830813
33491	154	19	6	0	318	149	0.00883693416944
33492	180	3	6	0	318	149	0.296475708155
33493	5307	1	179	0	257	149	1
33494	5308	16	177	0	257	149	1
33496	16	6277	0	248	361	149	1
33497	79	6277	0	248	237	149	1
33499	31	7168	0	279	365	149	1
33500	6087	13	236	0	238	149	1
33505	508	0	161	2	293	149	0.540747035339
33509	2	1	22	6	395	149	0.463178381327
33510	206	6	192	2	299	149	0.133864385531
33573	41	7	46	2	299	149	0.053234549811
33574	31	2	44	0	299	149	0.0772559293359
33577	12	12	30	2	268	149	6.02114912137e-05
33580	153	2	63	0	357	149	0.965611925012
33581	158	2	63	0	357	149	0.766473663336
33582	239	5	76	0	357	149	0.0694496966554
33583	31	65	23	13	317	149	0.00213722774427
33584	139	1	61	0	328	149	0.567085041759
33585	106	1	37	0	233	149	0.627742241862
33586	70	2	58	1	314	149	0.496201861417
33587	62	0	23	9	209	149	1.41927492603e-06
33589	5	0	99	1	317	149	0.413296351211
33590	11	1	28	49	242	149	9.24826336621e-05
33591	9	2	45	5	188	149	0.950928125604
33592	18	2	118	5	221	149	0.749137832343
33593	5	0	123	2	272	149	0.546266904944
33596	9	86	0	45	244	149	0.00635735433593
33598	255	16	82	0	311	149	0.00076826009521
33599	199	1	51	0	242	149	1
33600	175	0	49	1	237	149	0.321558828731
33601	35	1	19	0	205	149	0.290682114702
33602	140	3	55	0	227	149	0.269261143423
33603	117	0	67	1	268	149	0.352468749945
33604	121	6	56	0	218	149	0.018927672422
33611	2	1	0	309	283	149	0.0177804793184
33612	1	11	0	149	206	149	0.243166820147
33614	49	0	67	3	257	149	0.0685145772838
33615	98	0	81	1	284	149	0.388601340861
33617	109	2	3	0	231	149	0.590404232977
33618	172	2	9	0	253	149	0.528099116723
33619	497	46	20	5	780	149	0.0957487618665
33620	168	46	14	5	314	149	0.695959190192
33622	9736	2	225	0	288	149	1
33623	10043	19	462	0	244	149	1
33625	16	5	91	9	386	149	0.0909336860922
33626	79	1	105	0	382	149	0.317605166505
33627	35	0	82	3	272	149	0.102823423346
33628	78	2	162	0	567	149	0.150262993371
33629	59	0	40	4	245	149	0.00669775122964
33630	22	0	18	4	325	149	0.00138433499208
33631	0	24	2	15	279	149	0.288745782005
33633	43	0	33	2	217	149	0.152092939468
33643	822	1	1012	0	341	149	1
33644	5	220	54	346	267	149	9.93856537956e-07
33646	2	220	0	346	242	149	1
33647	4	220	0	346	255	149	1
33651	14	0	186	16	560	149	0.0050202481907
33652	2	0	0	41	307	149	1.5921549018e-05
33654	5	14	0	47	330	149	0.00108714084688
33655	7	0	0	5	514	149	1.0412541529e-07
33656	2112	1	296	0	221	149	1
33659	0	24	7	37	239	149	0.00368479722736
33660	79	0	101	2	232	149	0.619716311136
33661	13	2	0	2	233	149	0.000141142799524
33662	2	16	7	6	227	149	0.00614394399879
33663	5	8	2	16	244	149	0.0573150574298
33664	5	1	0	7	244	149	2.71945436913e-05
33665	1	1	0	7	372	149	0.25108854751
33666	112	3	127	2	253	149	0.523543341206
33667	2	109	2	45	241	149	0.89699939764
33668	1	134	0	85	216	149	1
33672	2	0	6	2	315	149	0.0130470934469
33674	17	7	51	9	666	149	0.127811298435
33676	75	7	109	9	239	149	0.870863985098
33679	323	2	67	0	224	149	1
33681	0	174	1	50	198	149	0.621436966635
33682	231	1	88	0	223	149	1
33683	109	1	153	0	366	149	0.399422627737
33686	203	2	102	0	216	149	0.598126668361
33687	213	28	138	24	403	149	0.400375622854
33688	200	4	116	4	403	149	0.506945821907
33689	198	8	114	7	403	149	0.484962405448
33690	254	28	168	24	691	149	0.428650695173
33691	248	4	163	4	691	149	0.606688418917
33701	131	0	175	5	257	149	0.0402299975887
33703	4	0	2	2	233	149	0.00344144494984
33704	19	0	5	2	296	149	0.00537955970391
33706	523	5	109	3	244	149	0.350740062225
33707	7	68	0	28	271	149	0.0239958511406
33708	4	1	3	0	366	149	0.0557591998374
33726	18	90	6	19	345	149	0.603346987819
33727	197	1	42	0	230	149	1
33728	2	114	2	20	227	149	0.307126963506
33729	105	2	28	0	274	149	0.5070106083
33730	8	14	1	15	236	149	0.00706988044406
33734	0	6	2	10	290	149	0.122161687502
33735	38	0	20	6	211	149	0.000125927021527
33736	77	2	25	0	312	149	0.231934309233
33737	369	1	78	0	222	149	1
33738	27	179	9	48	315	149	0.79610364429
33741	2	0	10	4	295	149	0.0020805478272
33744	12	17	31	48	245	149	0.88127262743
33745	47	4	52	33	194	149	2.9485730965e-05
33746	40	15	16	17	194	149	0.0251095582817
33747	36	5	14	0	194	149	0.00661896337891
33748	154	6	53	0	270	149	0.0237862005511
33749	0	22	1	9	341	149	0.26688339312
33750	22	33	13	2	316	149	0.000715672433245
33751	2	33	5	2	278	149	0.000197392498956
33758	2412	2	562	0	297	149	1
33759	9465	2	588	0	339	149	1
33760	6655	0	320	1	275	149	1
33763	21	6	4	0	218	149	0.00464006178603
33764	66	6	6	0	221	149	0.0189787979434
33765	28	6	4	0	307	149	0.0052354731073
33768	24	2	8	0	291	149	0.0808428691587
33774	86	1	48	2	251	149	0.255727543029
33775	81	0	31	1	310	149	0.276256442339
33776	42	0	9	1	237	149	0.613618313604
33777	72	4	35	0	294	149	0.0274782489067
33786	3	2	5	19	202	149	0.10806354387
33787	4	11	4	17	202	149	0.614568282902
33788	2	11	34	17	230	149	0.000286210196849
33789	2	3	16	0	230	149	0.000139566926911
33790	13	0	18	1	254	149	0.230099756529
33793	62	116	19	52	1002	149	0.215959823215
33795	42	147	20	76	188	149	0.768258470171
33796	1	152	0	83	194	149	1
33799	0	86	3	62	278	149	0.65015682011
33800	83	86	11	62	231	149	1.18741237021e-06
33801	113	86	11	62	202	149	4.32514268844e-09
33804	3	0	0	3	202	149	4.15391478281e-06
33805	6	99	0	7	202	149	0.0959917379225
33809	2	16	3	43	233	149	0.884849214841
33810	31	16	18	43	468	149	0.000296400890445
33813	8	0	10	1	268	149	0.46686988245
33814	83	0	63	1	316	149	0.312673080931
33815	49	37	30	65	277	149	0.00155573520632
33816	107	2	165	9	241	149	0.0838013797024
33817	178	2	246	4	309	149	0.535149215467
33820	4	0	3	2	255	149	0.00571594126388
33831	12	4	59	0	304	149	0.000154277681383
33838	418	1	20	0	356	149	1
33841	445	12	601	3	258	149	0.00379006488412
33842	1983	12	1939	3	234	149	1
33843	1198	1	967	0	234	149	1
33845	119	1	459	0	239	149	0.763375775789
33847	0	246	2	807	266	149	1
33849	1	2	0	32	351	149	0.366715113498
33852	11	2	31	0	210	149	0.0301137174984
33855	4	0	64	9	329	149	0.0090652863662
33858	2	0	55	3	296	149	0.0763494307678
33867	75	2	34	0	916	149	0.0732429863252
33868	87	2	46	0	378	149	0.231301454848
33870	161	1	26	2	299	149	0.0868974768593
33871	38	0	15	2	226	149	0.0434573528433
33880	0	2	12	158	275	149	0.0967406453179
33881	2	0	195	4	275	149	0.222240060674
33884	0	9	136	23	225	149	1.02392216927e-09
33885	30	181	32	318	225	149	0.109181494727
33886	6	4	4	6	228	149	0.330969476733
33887	8	4	7	6	276	149	0.483883268756
33888	77	4	60	6	1068	149	0.306846310925
33889	14	3	16	0	339	149	0.00481794070297
33890	234	9	71	10	252	149	0.0123442841708
33892	191	2	82	3	276	149	0.19892059076
33893	106	4	27	0	219	149	0.0970145584131
33894	302	0	147	2	252	149	0.529729332951
33895	464	3	199	0	302	149	0.66478584346
33896	88	8	44	32	328	149	4.11512724563e-07
33897	1	0	2	9	307	149	0.00066335450276
33898	175	6	102	29	390	149	4.10948120977e-07
33899	177	6	100	29	340	149	2.76404054866e-07
33901	286	6	234	29	263	149	1.57097519938e-05
33905	58	2	3	1	372	149	0.548004899326
33906	57	26	3	0	372	149	0.00316839732931
33907	2	23	0	4	219	149	0.233502321426
33911	10	6	0	11	260	149	1.17362865645e-05
33917	2	0	2	2	316	149	0.0021527893018
33919	2	242	1	109	211	149	1
33920	260	147	96	79	341	149	0.101547608067
33921	0	1	2	2	279	149	0.0282334214923
33923	4345	6	930	2	367	149	1
33924	2150	0	434	1	280	149	1
33925	2458	2	740	0	315	149	1
33926	1921	4	466	0	354	149	1
33927	1917	6	465	6	354	149	0.0826683626697
33928	2753	5	570	1	314	149	1
33929	28	6	2	6	244	149	0.000887593882824
33930	23	0	0	2	244	149	1.02400107205e-06
33931	27	1	3	0	244	149	0.254634089846
33932	485	1	159	0	248	149	1
33933	280	0	180	2	324	149	0.538864325092
33934	285	6	178	0	324	149	0.0344547660865
33935	882	2	363	0	324	149	1
33948	24	2	8	4	323	149	0.0367021808112
33949	7	5	2	6	2848	149	0.086508967341
33951	0	20	1	11	220	149	0.291876418231
33952	125	13	80	6	2880	149	0.523793239987
33953	40	20	15	11	257	149	0.416650562761
33958	0	5	2	18	183	149	0.154449920068
33960	6	0	20	1	248	149	0.231912163591
33962	245	6	83	10	274	149	0.00337961467301
33998	5	195	0	93	262	149	0.813518470842
34001	63	46	32	59	5078	149	0.00380984223657
34014	374	2	538	5	281	149	0.526706192555
34015	61	18	351	154	242	149	0.185138196735
34016	2	2	133	14	242	149	0.0791929225735
34017	155	2	295	14	191	149	0.0227872753565
34018	198	2	382	5	191	149	0.579024765852
34020	0	265	1	135	299	149	1
34021	29	265	6	135	381	149	0.0279860557506
34023	371	62	180	47	496	149	0.0820190103468
34024	526	62	281	47	458	149	0.166315031208
34025	22	190	19	135	376	149	0.616167565532
34026	11	62	5	80	395	149	0.054562496226
34027	11	18	4	20	395	149	0.0695516066012
34052	1776	1	846	0	327	149	1
34053	13241	0	2109	1	260	149	1
34054	11503	17	1953	1	264	149	1
34055	6446	2	1076	0	264	149	1
34056	6446	0	1075	1	264	149	1
34057	5810	2	896	0	263	149	1
34058	210	0	48	1	263	149	0.302260352097
34059	10875	1	1762	1	263	149	1
34060	4832	1	820	0	263	149	1
34061	4920	0	701	1	245	149	1
34062	4919	1	702	0	245	149	1
34063	11062	122	1701	57	245	149	7.39220450297e-07
34064	18087	3	2798	1	416	149	1
34067	13	2	5	0	387	149	0.0271865509884
34084	2	1	1	182	281	149	0.0174975559966
34087	1837	4	94	0	230	149	1
34088	1103	9	72	3	245	149	0.149256130355
34089	3774	16	166	5	331	149	0.0106195444997
34094	972	0	473	2	380	149	1
34095	748	1	322	0	278	149	1
34096	475	1	243	0	306	149	1
34105	38	1	22	0	296	149	0.264252324373
34106	35	0	16	4	253	149	0.00111130908645
34115	64	0	92	1	272	149	0.447953951811
34116	20	0	54	9	194	149	0.00212530368412
34118	47	7	113	2	360	149	0.00291564706433
34120	162	0	154	2	335	149	0.596917510987
34121	166	1	116	0	389	149	0.572280926517
34123	199	4	208	3	302	149	0.640427170175
34124	373	4	384	3	218	149	0.718970151759
34126	699	1	635	2	241	149	1
34127	309	2	269	0	241	149	1
34128	99	2	132	0	205	149	0.575086394576
34141	1	1	0	1	270	149	0.299809076057
34152	291	1	11	0	352	149	1
34165	0	2	4	0	306	149	6.29243703176e-06
34168	100	0	23	4	212	149	0.000952334273429
34169	349	2	117	0	250	149	1
34170	319	0	78	2	192	149	0.659204419883
34171	381	1	74	0	229	149	1
34178	4	4	0	1	196	149	0.0018783687782
34181	23110	8	7902	4	278	149	1
34182	5	0	9	1	243	149	0.47901794277
34183	34	0	22	1	314	149	0.23134890423
34185	0	93	1	28	197	149	0.354841548598
34186	162	6	45	4	254	149	0.309832504638
34187	330	0	120	2	362	149	0.947497537041
34188	179	2	75	0	215	149	0.552108292323
34190	204	1	86	0	264	149	1
34191	2	75	0	38	218	149	0.528456350188
34218	65	1	23	0	564	149	0.257716385097
34220	39	1	8	0	235	149	0.288557334422
34222	185	5	53	0	242	149	0.0910866760367
34225	214	0	64	1	220	149	0.392502248871
34236	68	0	86	5	234	149	0.0140656130962
34237	68	1	38	0	294	149	0.338941857532
34238	119	1	77	0	238	149	0.771971247676
34239	37	1	25	5	249	149	0.0204384298624
34240	0	2	3	23	375	149	0.195494234546
34241	98	0	120	1	303	149	0.522751210012
34242	2	47	0	191	327	149	0.521535113749
34243	61	0	103	2	199	149	0.551919500691
34244	501	2	504	0	199	149	1
34245	9	2	11	0	253	149	0.0240866561013
34246	16	451	16	408	253	149	0.80950689868
34247	7	451	3	408	208	149	0.802654666968
34248	10	0	28	1	286	149	0.244465296777
34249	79	2	49	0	344	149	0.239743243651
34250	18	2	18	0	307	149	0.0433910101098
34255	15	17	4	4	203	149	0.866336966969
34257	0	1	2	0	209	149	4.25957094001e-05
34261	9	5	2	0	281	149	0.00176340346302
34265	0	53	6	53	362	149	0.0238888152995
34266	0	9	6	4	362	149	0.000209712027208
34267	0	53	6	53	326	149	0.0183275924896
34268	0	9	6	4	326	149	0.000162588404315
34269	358	0	250	2	312	149	0.54380332704
34270	406	0	245	2	291	149	0.555523224924
34272	10	1	0	2	334	149	7.67175647884e-05
34274	404	1	140	0	287	149	1
34275	306	1	123	0	280	149	1
34293	1323	2	460	0	290	149	1
34339	80	50	15	29	266	149	0.00240554655521
34340	125	46	28	42	266	149	1.21369475096e-05
34341	148	46	61	42	293	149	0.00702366956606
34342	110	57	33	14	293	149	0.58054355414
34343	153	6	57	1	212	149	0.216912169018
34344	205	3	77	0	216	149	0.86980300756
34345	168	6	35	1	226	149	0.504338133084
34346	406	9	142	11	226	149	0.0115677884428
34378	176	1	25	0	285	149	1
34379	92	0	12	1	256	149	0.436402131661
34380	8	0	3	4	186	149	0.000158612484941
34381	35	1	18	0	241	149	0.274450767462
34382	18	0	4	1	241	149	0.960941968255
34383	23	0	15	1	258	149	0.23304635422
34384	40	1	29	0	258	149	0.283291779751
34389	1181	3	155	0	292	149	1
34418	1	45	0	5	288	149	1
34421	14	411	2	225	230	149	0.0689543590703
34422	623	3	194	0	229	149	1
34423	1569	2	472	1	229	149	1
34424	1621	0	455	2	221	149	1
34426	2	3	0	4	244	149	0.0278812411453
34427	4	3	3	4	205	149	0.546294208891
34429	4	1	3	0	205	149	0.459928653995
34430	12	2	5	0	205	149	0.055835100464
34433	0	3	2	4	338	149	0.0630368448933
34435	4	1	7	0	404	149	0.0438892936188
34436	4	3	11	4	404	149	0.388613062503
34437	1	2	9	1	404	149	0.0116728316082
34438	92	2	39	1	312	149	0.811289702963
34443	91	1	8	0	236	149	0.507559921704
34444	2	35	0	3	268	149	0.526528258611
34445	22	0	58	3	338	149	0.053184483096
34446	16	0	42	3	325	149	0.0365848282575
34487	8	1	21	0	284	149	0.408235570295
34491	28	0	67	2	220	149	0.363559053211
34492	446	20	180	25	1677	149	0.000833430764327
34503	43	2	8	0	265	149	0.170648530936
34504	27	4	8	0	265	149	0.0075270559921
34505	27	4	6	0	275	149	0.0073588813544
34506	44	3	6	0	275	149	0.0582062870809
34507	65	6	27	0	354	149	0.00386916875438
34508	50	0	23	2	354	149	0.0379585348501
34509	61	0	11	2	271	149	0.0228985406492
34510	75	5	17	2	271	149	0.819347019529
34511	285	4	49	1	347	149	0.614776145285
34516	231	0	42	1	252	149	0.289118560469
34526	96	1	78	0	245	149	0.516490919642
34527	10	90	3	32	213	149	0.628059106839
34530	51	0	24	1	303	149	0.233029342752
34531	120	81	30	32	218	149	0.149439811174
34532	212	1	95	0	414	149	0.824952423559
34533	111	9	53	5	257	149	0.951609978914
34535	30	4	29	1	190	149	0.112591850477
34540	69	0	47	68	275	149	0
34541	69	1	30	12	275	149	2.90176656026e-06
34542	0	1	2	79	347	149	1
34544	6	31	14	59	265	149	0.639508434057
34546	0	39	2	37	251	149	0.620896971191
34556	0	55	1	158	356	149	1
34570	2908	1	2699	0	249	149	1
34571	0	1637	8	1608	287	149	1
34573	3551	1	2339	2	1369	149	1
34574	4532	5	2712	1	245	149	1
34575	1800	5	1247	1	239	149	1
34576	1310	0	2179	1	325	149	1
34577	25	0	402	1	278	149	1
34578	6	7	57	458	446	149	0.00941769099758
34579	4	7	40	458	421	149	0.0538542388532
34580	0	7	22	458	329	149	0.194563317465
34585	4	54	9	358	684	149	0.754771122988
34588	533	1	575	1	232	149	1
34589	136	0	456	2	187	149	1
34590	13	0	43	1	240	149	0.30012652996
34592	286	0	208	2	242	149	0.561464980793
34608	1	11	0	3	265	149	0.261819316763
34614	5791	1	2283	0	258	149	1
34615	4051	2	2143	0	244	149	1
34616	1766	7	959	10	244	149	0.28811500853
34617	581	7	787	10	255	149	0.887203005067
34618	2844	1	1942	0	255	149	1
34620	0	644	2	939	182	149	1
34622	52	1	66	0	316	149	0.288566154714
34624	128	7	82	3	329	149	0.4705011449
34625	1017	1	569	0	891	149	1
34626	90	80	7	63	253	149	7.11224412697e-10
34627	111	80	16	63	240	149	1.1704567604e-07
34628	3	8	0	29	296	149	0.0119054391071
34630	512	0	199	1	668	149	0.399851957286
34631	4	0	9	1	288	149	0.652806317616
34632	4	9	10	2	292	149	0.00314971813961
34633	4	0	9	1	292	149	0.672735503991
34635	2	0	84	2	227	149	0.376913790709
34636	9	2	102	4	275	149	0.249539068203
34641	3	0	129	1	239	149	1
34642	4	0	116	2	222	149	0.810704332414
34644	19	8	13	8	257	149	0.528575199221
34645	1	96	0	37	244	149	1
34646	1359	1	896	4	294	149	1
34659	4	7	0	13	299	149	0.00384755899011
34660	1	3	2	4	299	149	0.582481257893
34661	13	3	20	4	252	149	0.867902591674
34662	10	1	8	2	252	149	0.414849950897
34664	4	9	3	8	210	149	0.835927665987
34668	99	16	93	1	1559	149	8.24500443504e-05
34669	95	16	89	1	1583	149	8.80702689136e-05
34670	6	16	9	1	297	149	0.000236786482103
34671	4	16	4	1	255	149	0.00963423503725
34672	4	1	10	0	939	149	0.0127204418953
34673	4	4	4	6	288	149	0.649486078729
34674	3	1	4	0	288	149	0.0505848917255
34676	26	2	17	1	308	149	0.647380266159
34677	46	2	26	1	312	149	0.735033220156
34678	3	19	0	8	271	149	0.0827021524729
34679	4	26	0	11	314	149	0.060046314049
34680	0	43	2	17	271	149	0.500211923414
34681	121	3	49	1	280	149	0.590913670777
34685	15	4	8	1	266	149	0.405274450228
34686	68	4	32	1	302	149	0.332963003456
34687	0	50	1	14	334	149	0.319020749526
34689	79	2	35	1	203	149	0.860758517759
34690	10	45	0	23	345	149	0.0027183903597
34691	55	8	8	7	735	149	0.00352702786355
34692	5	14	2	1	320	149	0.310754134473
34693	5	8	2	7	320	149	0.343308045435
34694	5	2	2	3	320	149	0.203660485894
34695	22	8	1	7	234	149	0.000361346929624
34696	10	2	1	3	234	149	0.00892609052941
34699	8	2	7	3	211	149	0.56490944832
34702	20	31	12	49	286	149	0.0280453727046
34703	115	1	93	0	293	149	0.518523008747
34704	36	1	29	0	241	149	0.276347539796
34705	68	2	66	0	314	149	0.256342882529
34706	102	3	59	0	356	149	0.0851271099514
34707	71	0	70	1	280	149	0.352528925466
34708	201	1	126	4	341	149	0.0438607383373
34709	53	1	29	0	266	149	0.312286409874
34710	530	1	283	0	1027	149	0.847038409549
34720	64	0	36	1	283	149	0.26390599705
34729	35	0	18	17	259	149	6.4473613115e-09
34732	38	4	15	0	287	149	0.0109589276782
34733	39	2	16	0	194	149	0.181336933131
34734	27	4	3	2	219	149	0.209788543659
34738	223	4	18	0	241	149	0.284895806949
34741	73	2	54	2	236	149	0.823600394671
34745	2356	0	991	1	276	149	1
34746	75	2	32	1	331	149	0.814601244616
34747	35	0	12	1	230	149	0.235053993007
34748	81	2	34	0	262	149	0.368936417773
34751	2990	3	3106	3	230	149	1
34752	3581	2	3152	0	280	149	1
34753	375	41	124	4	185	149	0.00545220504855
34755	126	49	43	63	425	149	4.20296888348e-06
34756	235	49	105	63	598	149	5.20016012796e-05
34764	95	2	21	0	340	149	0.267315886944
34765	14	112	2	25	208	149	0.356376062023
34784	104	2	29	0	299	149	0.41539017166
34785	18	2	25	0	272	149	0.0426973878545
34792	5	32	13	23	326	149	0.022156844377
34793	18	0	0	18	375	149	1.24344978758e-14
34795	68	0	266	5	424	149	0.0678825965851
34796	148	0	524	2	269	149	1
34799	11	1409	0	17	268	149	1
34800	2488	2	31	0	256	149	1
34801	2116	1	47	0	289	149	1
34802	1	1129	0	497	256	149	1
34803	305	12	263	17	172	149	0.217427490545
34811	330	1	58	0	291	149	1
34819	125	0	126	1	235	149	1
34821	84	2	113	0	185	149	0.599917611777
34827	981	1	622	4	272	149	0.732322099356
34829	92	2	41	0	346	149	0.283246475365
34830	67	0	32	1	298	149	0.284435249208
34844	1	0	1952	2	224	149	1
34855	2	0	22	2	248	149	0.0980599904995
34858	12	4	48	0	329	149	0.000196862618339
34863	1	0	10	25	176	149	0.00337183785643
34872	4	0	125	2	227	149	0.834801610464
34874	1	4	2	0	294	149	8.55818924049e-05
34876	3	4	2	0	244	149	0.000542644012626
34880	4	5	4	0	208	149	0.000364879251864
34882	43	2	16	0	274	149	0.149192878252
34887	0	16	1	5	409	149	0.255232230867
34888	0	16	3	5	413	149	0.0115984699788
34893	3	11	2	8	311	149	0.854799785077
34897	2	0	1	7	323	149	5.83824105892e-05
34930	3	0	15	2	207	149	0.0763670133662
34931	3	0	17	1	264	149	0.26403852658
34932	2	0	17	2	194	149	0.0972068486019
34942	71	0	208	2	288	149	0.53016129118
34952	1	0	52	2	218	149	0.26301396185
34953	4	2	72	13	218	149	0.460557923726
34955	0	2	2	13	242	149	0.161493743802
34956	1	4	10	30	242	149	0.587135568043
34957	19	2	160	0	372	149	0.0453301712908
34959	0	15	2	6	266	149	0.060574895512
34960	19	1	16	6	377	149	0.0196231670651
34961	0	1	3	0	288	149	2.90317983694e-05
34968	167	0	93	9	384	149	1.60853718226e-05
34969	26	0	19	1	319	149	0.234077043523
34970	70	0	54	6	293	149	0.000698896416972
34971	109	2	71	5	293	149	0.076078462266
34974	42	0	32	2	323	149	0.0692544875065
34976	80	0	49	2	305	149	0.18435377774
34981	14	11	5	36	207	149	0.000139749974483
34982	604	0	314	1	468	149	1
34984	416	12	124	1	257	149	0.0444039431137
34985	24	12	12	1	203	149	0.019170675902
34986	14	2	8	2	203	149	0.642629697739
34987	70	175	39	51	203	149	0.0286582023897
34988	198	51	114	21	260	149	0.263561059077
34989	12	51	2	21	257	149	0.123234640637
34992	348	0	125	2	224	149	0.536263875338
34993	361	4	97	0	222	149	0.800056308593
34994	0	268	2	81	244	149	0.572111665686
35017	2	0	40	2	230	149	0.19770035358
35020	2	0	0	61	321	149	3.04509775361e-05
35025	1	131	0	39	180	149	1
35026	2	131	0	39	162	149	0.608083484133
35030	105	7	59	0	326	149	0.00294146605401
35032	46	18	20	3	281	149	0.0932595987499
35034	139	18	47	3	317	149	0.161639969762
35036	169	3	39	2	224	149	0.55446981593
35038	33	48	65	23	224	149	4.65407545691e-05
35040	81	38	58	85	178	149	8.15241508758e-05
35041	360	8	218	0	211	149	0.039659908675
35045	19	0	6	1	250	149	0.460164184367
35047	86	2	60	4	215	149	0.190652533929
35048	13	10	0	2	273	149	0.00200371539169
35049	886	7	193	0	308	149	0.454592082976
35050	778	4	139	0	308	149	1
35051	365	4	64	0	264	149	0.508618880766
35052	465	0	118	1	264	149	0.610205467826
35054	2	0	0	6	236	149	5.2668690671e-06
35062	67	3	104	2	336	149	0.352094699527
35063	8	0	22	1	248	149	0.238972354272
35067	84	0	401	1	348	149	1
35069	354	0	924	1	775	149	1
35071	224	0	364	1	337	149	1
35072	224	0	364	2	337	149	0.709423377673
35073	4961	2	628	0	266	149	1
35084	2	0	18	2	325	149	0.0562801157012
35085	0	2	21	0	297	149	8.12476364631e-07
35086	0	4	1	7	208	149	0.232849165338
35087	2	4	7	0	247	149	3.63207508125e-05
35088	13	3	10	0	184	149	0.0139969711508
35089	0	4	22	2	362	149	1.88520370525e-06
35090	2	0	5	2	234	149	0.0162203455166
35091	2	0	8	2	237	149	0.0304850412435
35092	201	1	66	1	251	149	0.368333802749
35093	34	111	11	42	345	149	0.628322666274
35095	1045	1	498	0	261	149	1
35096	799	4	478	0	265	149	1
35097	123	0	50	2	207	149	0.554838722874
35100	2	2	2	9	224	149	0.277291055317
35114	4	1	373	2	633	149	0.352822147951
35115	144	1	729	2	281	149	0.826975603617
35147	2	5	11	5	331	149	0.0370314679539
35148	1	0	0	2	256	149	2.57259033491e-05
35154	8	2	13	0	286	149	0.0160168029286
35156	1	0	2	2	244	149	0.00394346465168
35157	1	0	0	2	249	149	2.63597626813e-05
35158	3	144	1	66	212	149	0.64468758513
35160	1	25	0	7	244	149	0.376096459974
35166	2	0	45	2	230	149	0.22166281536
35168	2	0	106	2	265	149	0.416901326387
35169	2	0	52	2	310	149	0.190852829009
35174	2	65	2	41	244	149	0.742988193408
35175	124	0	81	1	260	149	0.412363180817
35176	2	14	5	32	220	149	0.750199189293
35180	674	2	145	2	230	149	0.530377525678
35182	2	0	49	28	356	149	0.00404869096151
35184	139	2	68	0	183	149	0.534073264355
35187	957	4	187	1	230	149	1
35188	969	1	175	0	262	149	1
35195	0	2	3	36	289	149	0.243023236725
35196	0	2	2	36	286	149	0.623785672889
35200	1	0	7	1	257	149	0.85453529946
35201	1	2	4	2	242	149	0.224690863109
35212	93	3	11	0	285	149	0.146799224639
35213	22	47	0	8	176	149	0.000806927416509
35214	76	35	15	8	251	149	0.7524794529
35215	219	8	29	4	443	149	0.101072506781
35216	144	3	37	0	311	149	0.191384304758
35217	166	3	42	0	317	149	0.220014770901
35218	146	0	32	2	317	149	0.13743933917
35219	76	0	27	2	338	149	0.0610680863411
35220	97	4	39	2	338	149	0.783502599976
35221	62	1	48	2	228	149	0.340404027144
35222	24	0	57	3	311	149	0.0563656048403
35224	2	0	7	17	311	149	0.00124007569838
35227	0	3	2	21	158	149	0.165779193571
35228	11	16	35	26	341	149	0.134396146135
35229	101	1	45	3	301	149	0.0564567969991
35230	205	0	106	1	416	149	0.362291234542
35237	16	30	6	13	242	149	0.756165897289
35238	15	5	8	16	242	149	0.00394516120522
35241	2	8	0	15	201	149	0.051909265322
35243	7	5	17	2	218	149	0.0318381608748
35244	634	1	410	0	221	149	1
35250	5	0	59	1	415	149	0.274498775495
35254	12	577	9	88	244	149	0.00324564140935
35255	8	577	2	88	217	149	0.560091618055
35257	314	2	60	0	185	149	1
35258	180	2	31	0	219	149	0.548987572341
35261	8	156	0	64	290	149	0.0883303692652
35267	6	11	6	10	203	149	0.893367550804
35269	270	2	90	2	308	149	0.445404707685
35272	7	2	0	7	260	149	1.701252208e-05
35273	155	0	60	2	204	149	0.731314189928
35274	34	0	5	2	630	149	0.00101057283205
35275	34	0	6	62	630	149	0
35277	3	0	6	2	265	149	0.0166049109459
35279	819	1	843	0	248	149	1
35294	4	0	2	1	215	149	0.150042841011
35296	1	4	1	0	272	149	0.000160310608923
35311	64	0	298	6	274	149	0.100927658202
35312	81	0	6	2	276	149	0.00957151357477
35313	0	7	2	14	329	149	0.211715726531
35314	12	97	3	67	217	149	0.0672087203875
35315	15	97	18	67	333	149	0.178770055615
35321	208	5	80	0	266	149	0.0819127958988
35322	164	2	82	0	247	149	0.528152074088
35329	303	2	294	0	269	149	0.775786837073
35331	99	0	79	3	323	149	0.0484784264625
35332	50	0	131	2	392	149	0.415781632087
35333	34	2	81	3	271	149	0.88161909071
35334	39	0	84	1	371	149	0.335571185753
35335	37	0	65	1	371	149	0.294468214456
35336	5	0	39	1	344	149	0.255963720728
35337	14	7	60	3	344	149	0.000966634251807
35351	781	1	6	0	298	149	1
35352	523	8	12	0	238	149	0.231689196702
35357	237	1	27	0	380	149	1
35358	945	2	201	0	1429	149	0.53060606669
35369	1	7	0	2	193	149	0.261455986115
35370	19	7	25	2	430	149	0.036736249613
35371	3	115	0	30	271	149	0.633990133733
35373	85	1	79	1	263	149	0.98271158473
35375	2	7	0	4	258	149	0.0816727452345
35377	10	19	2	20	219	149	0.0153040072427
35380	98	4	57	0	295	149	0.0393604479922
35384	6	0	97	1	221	149	0.594380623669
35385	4	2	41	0	221	149	0.0062985202692
35387	2	0	99	1	403	149	0.349644268915
35388	2	0	105	1	403	149	0.366890404244
35396	23	159	1	20	316	149	0.0710752900366
35397	538	11	59	0	339	149	0.0418515433627
35398	1	0	11	4	273	149	0.00295910726354
35399	6	0	20	2	208	149	0.0979395529896
35405	85	0	27	1	272	149	0.248393474287
35406	154	0	35	1	287	149	0.261806384576
35409	43	0	22	2	289	149	0.0499299457337
35411	102	0	29	1	289	149	0.244997770341
35412	75	1	14	0	289	149	0.365702831233
35413	2	1	2	0	271	149	0.035831419722
35415	49	16	20	3	271	149	0.16360696753
35416	31	2	13	0	271	149	0.108287283821
35417	74	0	40	1	315	149	0.264162460862
35419	0	19	2	5	187	149	0.0261690375783
35425	53	0	2	4	299	149	6.73621004754e-07
35432	17	8	9	12	414	149	0.0804868730447
35433	15	0	8	1	414	149	0.432370131077
35447	262	0	233	2	1342	149	0.174178059115
35467	1	2	0	4	267	149	0.706732879196
35468	7	2	6	0	306	149	0.0149561798447
35469	6	5	6	3	306	149	0.546358548659
35499	81	2	44	0	555	149	0.125549515458
35500	24	2	14	0	288	149	0.073422807921
35503	292	0	106	2	330	149	0.864583063787
35504	163	0	72	1	231	149	0.412389838778
35508	4	0	12	1	324	149	0.500719194625
35516	13	0	8	1	252	149	0.554786668533
35520	1	6	0	3	177	149	0.328682267413
35523	170	3	311	7	610	149	0.600915589857
35524	92	5	234	19	610	149	0.35909062871
35525	169	3	277	7	607	149	0.500324768111
35526	91	5	200	19	607	149	0.222852903466
35527	148	3	137	9	215	149	0.0511615756219
35528	70	5	58	19	215	149	0.0017032053263
35530	1	2	0	1	262	149	0.923773095974
35534	6	60	21	42	236	149	0.000642454966248
35535	81	1	54	3	183	149	0.11004822275
35538	35	1	34	0	218	149	0.285542302698
35543	1017620	1	241431	0	1530	149	1
35544	111494	4	38910	2	275	149	1
35545	378	1	75	0	245	149	1
35546	159	3	30	0	245	149	0.291525782839
35547	333	3	78	0	296	149	0.660490105064
35548	568	14	125	2	296	149	0.348175306559
35549	304	2	61	0	296	149	0.658001571861
35550	343	2	77	0	308	149	0.751935064528
35551	604	11	139	0	308	149	0.0307044670498
35552	382	1	84	0	308	149	1
35553	238	1	46	0	290	149	1
35554	454	5	104	3	290	149	0.400329226499
35555	261	1	48	0	284	149	1
35556	137	41	23	3	296	149	0.1121592295
35557	91	29	5	17	182	149	2.80317328527e-06
35558	104	0	38	2	203	149	0.40654449242
35559	322	2	80	0	247	149	1
35560	358	0	79	2	224	149	0.77719831023
35561	3	1	2	6	271	149	0.0523130800129
35569	2776	4	3168	11	219	149	1
35570	6	2311	8	2591	303	149	1
35571	2397	4	2634	0	284	149	1
35577	1811	21	563	22	249	149	0.00052699899177
35578	609	5	262	1	249	149	0.755233508739
35579	14	1234	1	317	230	149	1
35580	736	5	240	1	220	149	1
35581	1946	30	533	16	220	149	0.0789862490021
35585	5	0	55	2	327	149	0.185447870552
35589	1292	0	772	1	255	149	1
35590	695	10	93	0	281	149	0.105538013824
35591	550	2	103	0	237	149	1
35592	201	1	31	0	233	149	1
35594	3	8	1	12	271	149	0.123133581367
35595	74	0	60	2	249	149	0.374385300631
35596	128	2	33	3	275	149	0.0849350256
35597	56	0	18	1	275	149	0.45032193145
35598	56	2	18	2	275	149	0.410660792808
35599	2	2	1	2	250	149	0.579170212706
35600	3	1	2	2	250	149	0.357807061374
35605	84	5	30	1	320	149	0.356224557488
35606	61	3	5	0	241	149	0.111222288968
35607	76	4	11	0	243	149	0.057007261674
35608	101	2	17	0	294	149	0.371032214764
35624	0	2	2	27	220	149	0.285930669938
35625	0	2	7	27	290	149	0.0209558789791
35627	6	0	21	18	528	149	0.000305723568103
35628	6	0	25	18	324	149	0.000410304425062
35629	2	0	39	18	248	149	0.00472605294214
35632	10	0	175	3	281	149	0.316918013627
35633	10	0	114	3	314	149	0.171188795755
35635	243	1	91	0	279	149	1
35636	10	127	41	56	253	149	1.90155147184e-09
35637	19	127	63	56	279	149	1.91424764928e-10
35638	11	5	41	0	279	149	4.06090751415e-05
35639	226	5	93	0	223	149	0.119635727143
35640	108	0	60	2	223	149	0.64772781675
35642	62	0	43	2	209	149	0.296375644118
35646	4	0	4	1	499	149	0.036559053234
35648	2	2	6	2	259	149	0.298546939578
35654	30	4	8	1	190	149	0.767480599274
35655	76	4	60	1	297	149	0.149065870717
35663	11	0	38	2	250	149	0.151892444373
35664	24	282	10	139	286	149	0.615144356808
35665	361	1	258	0	311	149	1
35667	125	0	157	1	260	149	1
35679	197	27	115	5	250	149	0.00925716524643
35680	189	27	106	7	250	149	0.0579178995016
35681	332	27	218	5	287	149	0.00353910812044
35682	340	27	223	7	287	149	0.0207396895152
35684	6	2	7	42	268	149	0.000786543543763
35688	0	6	1	13	339	149	0.310609700112
35696	248	0	162	5	209	149	0.0418982239635
35698	216	0	240	2	286	149	0.55459588351
35699	3	111	5	19	305	149	0.00585499571997
35700	2	80	4	35	263	149	0.0799314257641
35701	79	22	38	4	407	149	0.0559429767335
35710	20	0	4	2	273	149	0.00372712820546
35711	86	2	25	0	284	149	0.322770019364
35713	7	0	141	11	333	149	0.0148652598725
35714	7	0	484	11	198	149	0.141851003036
35715	45	0	741	1	219	149	1
35716	721	3	69	1	265	149	0.366923905908
35717	3	302	0	34	252	149	1
35725	1	7	1	3	331	149	0.830177087503
35728	144	6	145	4	233	149	0.498745005517
35729	309	6	162	2	341	149	0.402379951956
35730	96	2	78	0	198	149	0.571828168259
35739	4	0	0	1	320	149	2.03624861218e-05
35742	31	0	9	2	259	149	0.0147600001515
35743	6	0	16	2	254	149	0.0601513005252
35744	24	1	32	0	413	149	0.236362457076
35748	811	1	526	0	249	149	1
35749	9	0	141	3	220	149	0.325310600274
35750	2	0	369	1	300	149	1
35752	43	51	17	337	333	149	0
35755	778	1	231	2	841	149	0.521641932594
35756	0	4	2	1	292	149	0.00796310140243
35757	4	4	2	1	268	149	0.515051325975
35767	1	0	19	4	203	149	0.00809366049058
35768	37	0	131	1	199	149	1
35771	71	5	334	5	372	149	0.037023687461
35772	93	2	346	0	274	149	0.850371782794
35774	2	10	0	8	442	149	0.240172800998
35776	9	0	9	4	199	149	0.00133275360371
35777	1	2	5	7	199	149	0.692905804571
35778	86	4	72	3	330	149	0.834802988582
35779	238	5	94	2	299	149	0.882542692332
35780	271	17	162	8	564	149	0.556936405625
35781	304	17	179	8	618	149	0.578972528284
35782	37	2	9	1	197	149	0.568291066355
35783	530	6	174	0	347	149	0.152039649475
35784	5	134	1	63	288	149	0.423503054209
35785	2	5	0	1	288	149	0.0787208050839
35786	153	2	93	0	237	149	0.529020247876
35787	2	0	2	2	238	149	0.00384358788828
35788	6	0	6	2	326	149	0.0106136605384
35789	97	1	119	0	258	149	0.494407576492
35791	99	0	84	2	333	149	0.39904956803
35794	11	0	67	4	321	149	0.0285691391072
35795	218	2	1286	6	362	149	0.675288024148
35796	403	0	1015	4	287	149	1
35804	1	0	66	1	397	149	0.289870239872
35805	6	0	145	1	255	149	1
35807	18	0	105	5	253	149	0.0376005710316
35811	37	5	52	0	239	149	0.0017615025373
35815	0	1	2	4	238	149	0.0492021757101
35819	132	1	70	2	200	149	0.559750525707
35820	4	0	97	6	254	149	0.0297176771416
35821	5	0	56	6	233	149	0.0153345743853
35822	540	4	194	0	331	149	0.796894496644
35833	3	7	0	9	225	149	0.0130995289695
35834	18	0	9	5	188	149	0.000181231358032
35836	96	2	27	0	245	149	0.554287628607
35851	2	0	10	2	268	149	0.0344314231116
35854	17	1	12	0	253	149	0.23454435938
35855	29	0	28	1	368	149	0.230928001971
35856	1	9	1	5	257	149	0.928794688923
35857	355	12	65	3	241	149	0.741987151383
35858	403	0	64	1	345	149	0.304526033278
35859	596	7	108	0	350	149	0.14816007166
35869	1	3	9	7	270	149	0.114112287224
35874	1676	2	735	0	303	149	1
35875	5928	4	521	0	278	149	1
35876	10191	51	945	0	390	149	0.257555641831
35877	11050	2	826	0	347	149	1
35878	454	1437	29	390	278	149	1.37274192014e-10
35879	2239	2	450	0	306	149	1
35880	2726	0	859	1	306	149	1
35881	272	0	9	1	371	149	0.307548898905
35882	431	650	15	415	371	149	0
35887	157	0	346	2	299	149	0.827846034954
35888	319	0	586	2	266	149	1
35902	0	76	2	84	321	149	1
35906	2	76	3	84	305	149	0.657215212363
35913	130	0	117	2	305	149	0.692860590356
35919	15	0	9	2	209	149	0.0264942742541
35924	13	23	0	15	311	149	0.000164012231723
35925	5	23	0	15	288	149	0.0140070154509
35926	4	23	0	15	277	149	0.0339503992732
35939	39	0	505	4	1754	149	0.0510411224764
35940	25	12	37	11	313	149	0.333570901489
35941	7	12	0	11	208	149	0.000529606831505
35942	6	7	1	10	208	149	0.0174465646322
35944	13	0	5	1	189	149	0.473184010575
35946	1	83	0	45	216	149	1
35947	35	0	0	2	302	149	6.69300451728e-07
35948	48	83	0	45	302	149	5.32332999903e-09
35949	34	9	0	2	302	149	0.00040942512537
35952	1	83	1	45	245	149	0.758571087373
35953	114	9	33	2	197	149	0.554387877318
35954	11	0	4	2	197	149	0.00932465331081
35955	65	1	10	0	197	149	0.438410556799
35956	72	0	9	1	195	149	0.424887409923
35957	15	1	4	17	195	149	2.25245294416e-07
35958	20	176	6	29	195	149	0.415436729502
35959	0	3	3	0	189	149	4.26112182572e-06
35960	11	176	2	29	189	149	0.795791445164
35961	54	9	5	2	189	149	0.618143236401
35962	6	176	0	29	217	149	0.247042580021
35963	3	30	2	1	217	149	0.0591436489025
35964	236	5	34	0	223	149	0.188218689431
35965	123	2	21	0	223	149	0.58478515051
35966	8	170	6	25	219	149	0.0188188533607
35967	29	2	4	0	188	149	0.168972083789
35968	151	1	27	0	188	149	1
35969	1	66	0	14	191	149	1
35971	5	3	7	0	268	149	0.00137943301658
35972	5	6	6	0	268	149	0.000134307210193
35973	21	4	10	4	345	149	0.327145696672
35992	136	9	153	23	251	149	0.0406120350274
35994	81	0	99	1	201	149	0.74537405667
36002	128	7	57	20	278	149	3.26196903552e-05
36003	35	52	10	39	245	149	0.0171917093144
36004	188	1	106	0	338	149	1
36007	2	2	0	2	269	149	0.0236954014883
36010	4	9	6	2	246	149	0.0267533889107
36011	10	0	22	4	327	149	0.00302353886477
36024	369	2	106	0	500	149	0.532607498387
36025	582	1	129	0	342	149	1
36026	348	22	68	10	236	149	0.0803002124831
36027	40	70	5	10	308	149	0.694423224471
36028	0	14	1	2	271	149	0.388999303363
36029	271	1	70	0	315	149	1
36030	591	1	111	0	387	149	1
36031	5	0	11	1	234	149	0.355264630116
36032	102	3	58	0	229	149	0.149902813818
36033	42	3	14	0	199	149	0.0733780943993
36035	311	1	159	0	313	149	1
36036	64	3	21	0	224	149	0.105433274513
36040	83	0	79	1	351	149	0.334563137199
36041	84	1	58	0	274	149	0.407536328168
36042	89	4	23	0	223	149	0.073134307047
36043	81	0	19	1	221	149	0.241257201556
36044	85	1	41	0	282	149	0.402606959046
36045	1	36	4	25	308	149	0.0506054564428
36046	1	5	3	0	271	149	3.6240274164e-05
36047	1	951	6	529	271	149	1
36048	5	951	0	529	240	149	1
36051	3	8	0	180	262	149	0.0123531756418
36053	86	8	72	180	194	149	0
36055	2	77	2	38	265	149	0.628928224109
36056	2	77	2	38	269	149	0.629175225318
36075	2	0	91	6	368	149	0.0203727455639
36079	3	3	4	0	173	149	0.00166681711296
36080	5	1	2	3	173	149	0.0728886185117
36081	0	3	2	0	177	149	8.16019260563e-06
36085	17	0	269	13	208	149	0.0324327144984
36093	792	0	169	4	257	149	0.122585286343
36095	424	3	193	0	579	149	0.404084203025
36096	454	7	101	0	355	149	0.0775473680136
36097	427	1	111	0	285	149	1
36098	54	4	18	0	228	149	0.0306970998217
36099	51	0	22	1	268	149	0.369596481973
36100	4	0	98	2	327	149	0.310845167838
36101	239	2	150	1	232	149	0.659270253964
36102	113	5	72	0	232	149	0.0270840187084
36103	97	5	64	0	283	149	0.0143932940261
36104	226	2	144	2	283	149	0.758829770147
36105	1	148	0	73	283	149	1
36106	2	62	0	49	228	149	0.524980106736
36107	139	6	85	0	257	149	0.0141709944768
36108	308	0	120	2	239	149	0.56308886201
36109	333	12	125	0	278	149	0.0040103784057
36111	9	2	14	8	218	149	0.200071470144
36112	8	7	10	24	218	149	0.117945545443
36113	2	7	12	24	299	149	0.356424144347
36114	1	0	9	1	299	149	0.738967790614
36142	2	2	1	25	272	149	0.0450716281857
36143	2	2	3	25	247	149	0.204810876293
36144	3	2	3	3	227	149	0.698111440549
36146	0	2	2	33	266	149	0.445774840417
36150	31	0	24	1	195	149	0.260638983599
36151	18	26	6	15	210	149	0.289274725486
36152	5	26	0	15	241	149	0.0133468779852
36153	17	10	17	4	244	149	0.145724897013
36154	44	10	44	4	411	149	0.114564435856
36156	360	2	139	0	263	149	1
36157	124	10	50	16	307	149	0.00197377992995
36158	128	1	57	0	307	149	0.555482308598
36159	10	1	17	0	217	149	0.239289693847
36160	0	4	2	7	217	149	0.0678503750219
36163	2	4	4	10	245	149	0.894777680167
36164	15	17	21	10	496	149	0.0963982962347
36165	14	19	2	36	225	149	5.56814150297e-05
36166	22	0	18	2	207	149	0.0596107441095
36168	7	16	11	7	282	149	0.044002585555
36170	17	0	5	2	265	149	0.00682920769877
36172	42	0	43	2	391	149	0.0791473659086
36173	22	4	15	12	187	149	0.0153480830648
36184	0	268	2	144	270	149	1
36185	351	4	273	0	278	149	0.556202796569
36187	10	0	2	2	363	149	0.000977747301027
36188	7	6	0	4	268	149	0.000918065327986
36189	3	33	0	17	289	149	0.148703929476
36191	47	2	24	1	216	149	0.789087861068
36192	48	2	24	0	272	149	0.154540065106
36194	47	2	37	0	248	149	0.18733382373
36199	414	2	137	15	244	149	1.01643957695e-07
36200	167	0	85	1	333	149	0.362428365284
36201	13	1	9	0	372	149	0.534305808301
36202	6	195	0	51	210	149	0.242136028377
36203	6	2	0	1	210	149	0.000819930760267
36204	283	2	93	0	299	149	0.602122038259
36219	1237	4	284	0	219	149	1
36220	1447	0	299	1	247	149	1
36221	951	0	272	1	219	149	1
36222	2	0	27	4	204	149	0.0147923244769
36223	35	20	7	6	206	149	0.474714413053
36224	21	2	18	0	278	149	0.0595619385099
36227	2	10	0	6	209	149	0.089083027176
36230	11	1	9	0	263	149	0.398150208405
36231	1	0	2	1	633	149	0.00986631144062
36240	8	0	0	1	241	149	1.63840666931e-05
36247	2	0	4	1	234	149	0.0948176671092
36248	3	3	6	0	278	149	0.000491418943343
36249	1	5	1	2	305	149	0.756419399038
36250	5	1	3	0	326	149	0.0818586434669
36273	41	2	42	0	241	149	0.167976172608
36274	0	105	2	67	184	149	0.532735832079
36275	7	105	3	67	315	149	0.451938065203
36276	224	2	122	0	328	149	0.528560597005
36281	0	25	5	25	238	149	0.00777109779865
36282	0	25	10	25	243	149	0.000133170022818
36283	91	1	30	0	219	149	0.553004494161
36285	2	3	1	10	224	149	0.156608649213
36288	1971	0	2990	3	268	149	1
36289	1893	0	1574	3	283	149	1
36290	1188	1	967	1	217	149	1
36291	33	0	11	1	276	149	0.250028727074
36292	498	0	634	4	216	149	1
36297	6193	1	93763	2	362	149	1
36299	216	0	109	2	288	149	0.705236140752
36301	150	1	74	0	252	149	1
36302	198	1	3	0	234	149	1
36303	106	1	1	0	312	149	0.449767234391
36304	93	1	6	0	250	149	0.489115841459
36310	4	2	3	0	245	149	0.0102560888656
36320	4	0	98	1	259	149	0.497658471211
36323	2	0	4	4	309	149	0.000580678848105
36324	23	0	10	3	224	149	0.00379208955684
36325	7	0	2	3	221	149	0.000347893648423
36329	7	1	1	0	215	149	0.599831102349
36331	1	1	2	0	221	149	0.0186892602644
36338	6	4	4	2	379	149	0.762636213584
36349	0	3	2	0	242	149	6.20493842551e-06
36350	2	0	0	26	241	149	6.11308180531e-06
36353	459	3	250	3	312	149	0.550224929685
36354	90	0	51	2	216	149	0.50410147982
36355	338	2	201	5	271	149	0.0681766800215
36356	2	132	0	82	228	149	1
36357	311	2	168	0	283	149	0.731833270947
36358	18	20	10	43	251	149	0.0047304189593
36359	21	20	14	43	331	149	0.0091815739023
36360	190	12	18	0	257	149	0.0150737752633
36361	221	2	19	0	263	149	0.554872575416
36362	89	8	12	2	324	149	0.874488507305
36365	5	79	3	20	521	149	0.503858522995
36366	3	10	3	0	521	149	0.000151370552774
36367	239	2	25	0	310	149	0.537136214198
36368	88	3	39	2	266	149	0.875621737698
36369	119	2	59	0	356	149	0.468749993124
36371	8	69	0	18	200	149	0.0132866576707
36376	149	1	46	0	220	149	1
36378	152	2	45	2	247	149	0.395601339123
36388	113	1	4	0	297	149	0.50058608567
36390	92	2	3	3	917	149	0.000148223357522
36399	27	76	4	25	352	149	0.0918433647144
36402	150	1	35	0	232	149	1
36404	72	38	11	16	218	149	0.0219511214339
36407	140	1	21	0	252	149	1
36413	135	0	21	1	289	149	0.230483074268
36415	8	26	1	30	278	149	0.00393941227392
36416	80	0	62	2	347	149	0.201684246513
36417	14	38	14	21	1756	149	0.243698565675
36420	0	53	3	23	459	149	0.291495003895
36422	3	52	2	13	215	149	0.635477148867
36423	5	52	4	13	226	149	0.195927570332
36424	6	52	17	13	367	149	6.25985562763e-06
36425	0	11	2	31	191	149	0.281691062697
36426	5	5	5	0	210	149	0.000392984494755
36427	10	1	0	2	335	149	7.69082124764e-05
36434	42	13	11	0	221	149	0.000933415964614
36439	8	3	10	0	229	149	0.00403667525237
36473	15	38	5	14	330	149	0.806865487702
36478	10	29	12	3	589	149	0.000374743656683
36479	10	10	12	0	589	149	1.3446563908e-05
36481	2	29	0	3	290	149	0.434087466219
36491	0	19	1	3	363	149	0.40929234982
36493	27	2	3	7	336	149	2.26656684534e-05
36495	2	5	2	0	262	149	0.000181554924593
36496	2	2	13	0	269	149	0.00138744622813
36499	321	1	76	0	255	149	1
36500	350	1	67	0	227	149	1
36501	21	0	4	1	206	149	0.321372015439
36502	0	21	1	4	231	149	0.743690060538
36503	6	28	0	11	240	149	0.00836465142534
36504	49	28	7	11	216	149	0.051327896657
36511	0	7	6	5	265	149	0.000349095986856
36513	525	0	73	1	254	149	0.389485507839
36514	4	406	3	40	383	149	0.536364794381
36515	2	406	3	40	349	149	0.452078497536
36516	3	406	0	40	279	149	1
36517	991	1	107	0	254	149	1
36529	8	0	11	2	181	149	0.052465184266
36530	28	0	88	2	254	149	0.430630074883
36532	375	1	246	2	220	149	0.758029862298
36542	150	2	1	0	371	149	0.416355989732
36543	218	1	3	0	209	149	1
36544	145	1	2	0	243	149	1
36545	102	1	4	0	263	149	0.510785939651
36546	242	4	4	0	260	149	0.311993398404
36547	287	1	8	0	316	149	1
36549	3	0	19	6	257	149	0.00433804976911
36551	8	0	75	2	336	149	0.235959336822
36554	2	68	3	30	270	149	0.218257284205
36555	2	137	0	50	176	149	0.715914711823
36560	20	0	12	2	473	149	0.0130241582769
36570	8588	4	1938	0	418	149	1
36571	9395	4	2556	0	316	149	1
36572	15065	2	2085	0	335	149	1
36573	0	11059	1	1553	245	149	1
36574	12553	2	1731	0	320	149	1
36575	23298	2	2990	2	320	149	1
36590	0	2	2	67	425	149	1
36591	0	1	2	11	425	149	0.243297396994
36592	0	2	2	1	425	149	0.0200661105248
36593	704	0	360	2	765	149	0.59369052208
36599	3	0	14	1	275	149	0.336176299061
36600	9	54	3	13	342	149	0.758962876982
36601	13	33	0	21	252	149	0.000165834348478
36604	52	2	5	0	419	149	0.136114447379
36605	9	4	51	4	278	149	0.0380057939026
36606	89	0	52	1	288	149	0.301338090535
36608	234	1	138	0	368	149	1
36609	105	0	68	2	260	149	0.598575048984
36611	107	5	76	5	278	149	0.623725577749
36612	110	1	38	2	283	149	0.158745858428
36613	118	1	69	0	283	149	0.555490637144
36624	3	0	0	1	255	149	2.75708150419e-05
36628	259	6	94	7	282	149	0.057712483722
36629	76	2	37	0	271	149	0.326065628231
36633	219	0	82	1	258	149	0.418668573119
36634	40	69	24	27	373	149	0.271378602353
36635	35	69	17	27	349	149	0.643440475196
36636	16	120	9	47	284	149	0.540767659425
36638	943	2	399	0	274	149	1
36640	457	2	264	2	245	149	0.706486311844
36642	818	5	535	2	207	149	1
36644	3	499	0	313	187	149	1
36645	1464	19	786	12	269	149	0.766178157172
36646	130	0	30	1	299	149	0.245134023359
36647	1563	9	816	4	299	149	0.820460801772
36648	612	0	531	2	259	149	1
36650	28	164	25	275	285	149	0.0544250723045
36653	1	13	0	2	236	149	0.266116875541
36655	3	13	0	2	186	149	0.0378087675932
36658	731	1	258	0	301	149	1
36659	3911	79	1511	47	326	149	0.0754169993549
36660	4039	70	1467	15	299	149	0.0665659828366
36670	79	1	5	0	202	149	0.515618126057
36675	26	6	4	0	226	149	0.00607185370892
36676	64	1	10	0	308	149	0.322726768291
36677	32	1	8	0	289	149	0.254593901758
36680	28	4	55	0	321	149	0.00189677830879
36681	7	14	8	36	245	149	0.222890408355
36683	32	0	52	2	236	149	0.224958013322
36684	68	7	70	7	221	149	0.961644067192
36685	16	0	54	3	311	149	0.0575240143121
36686	61	0	60	2	247	149	0.33377283184
36687	48	1	55	5	247	149	0.0692838637034
36688	333	1	159	0	270	149	1
36696	1	36	10	45	200	149	0.00415900961164
36697	4	37	3	47	208	149	0.501836732816
36699	20	2	43	0	258	149	0.0532960913461
36701	20	0	62	2	260	149	0.219801037976
36704	415	0	176	3	234	149	0.589039597549
36707	366	2	78	0	342	149	0.69860301497
36708	476	10	110	4	342	149	0.613639330351
36709	15	2	7	0	220	149	0.0639461840977
36710	54	10	32	4	220	149	0.480584070423
36712	94	1	57	0	216	149	0.58767750162
36713	27	0	24	2	216	149	0.0836401236778
36714	99	0	37	2	299	149	0.144472805735
36717	90	0	44	2	195	149	0.515833522817
36718	344	5	126	0	278	149	0.176188478101
36719	193	2	57	4	281	149	0.0298865929324
36720	284	2	119	4	341	149	0.0675722995022
36724	21	2	37	0	298	149	0.0419281197279
36729	226	0	1	1	268	149	0.165132114703
36730	34	0	7	2	364	149	0.00487257469062
36731	21	4	2	2	258	149	0.120554248308
36732	264	1	5	0	353	149	1
36733	7	135	4	248	327	149	0.151422741122
36747	4	31	0	10	276	149	0.0698885979902
36754	2	36	0	11	248	149	0.634880128108
36757	40	2	10	0	236	149	0.171989547096
36758	17	18	7	14	282	149	0.239057476879
36760	5	3	3	7	220	149	0.127968403419
36761	152	0	87	7	261	149	0.000385712727807
36762	19	4	37	16	261	149	0.186006194691
36764	485	4	263	16	2318	149	5.65216845936e-05
36765	1	133	0	53	203	149	1
36766	3	133	0	53	241	149	0.640179448062
36767	25	133	7	53	327	149	0.362436421374
36768	324	0	195	3	401	149	0.258405433731
36769	311	4	201	16	370	149	0.000273461356776
36770	444	0	247	3	370	149	0.470194995808
36771	304	6	161	0	238	149	0.0816999075964
36772	31	2	8	0	224	149	0.14196847734
36773	39	53	19	67	224	149	0.00658167248655
36774	36	110	8	54	224	149	0.0447405291858
36775	2	53	0	67	237	149	0.536866712921
36777	113	12	159	3	308	149	0.00237145217148
36778	83	110	92	54	308	149	0.00193922454084
36779	38	5	36	0	308	149	0.00164411524239
36780	75	110	32	54	209	149	0.6176410177
36781	100	7	117	21	209	149	0.029202509772
36782	594	12	225	0	200	149	0.0367335161037
36787	4	0	284	1	309	149	1
36788	2	0	179	1	307	149	1
36805	99	0	25	2	265	149	0.10616209521
36806	5	39	2	11	285	149	0.721620213675
36807	106	1	22	0	276	149	0.505502048201
36809	3	5	3	24	308	149	0.170834399151
36810	11	1	20	3	349	149	0.597714918015
36811	16	1	44	3	310	149	0.751272292882
36813	0	61	2	19	216	149	0.425780138536
36814	42	2	10	2	220	149	0.302356924061
36815	82	2	36	0	267	149	0.369762686761
36816	0	5	3	12	327	149	0.0633669822152
36818	0	26	3	18	191	149	0.0256692490259
36819	4	6	15	13	212	149	0.388242745515
36826	15	1	4	0	185	149	0.229907209681
36827	10	1	2	0	195	149	0.327314806954
36829	5	3	3	0	198	149	0.00329451467284
36830	9	3	3	9	264	149	0.00731209291033
36831	16	2	13	1	231	149	0.527165751305
36839	16	0	10	1	442	149	0.566716729308
36857	20	1	86	0	292	149	0.344233659042
36863	171	1	63	0	299	149	1
36864	133	3	26	0	211	149	0.281235154026
36865	7	206	4	301	265	149	0.305664708647
36866	124	0	859	2	290	149	1
36868	1779	0	884	3	264	149	1
36881	0	4	2	4	306	149	0.0517432494131
36882	27	13	8	21	1259	149	0.000987309771402
36885	12	0	12	15	191	149	4.63830578168e-06
36887	0	1	3	7	270	149	0.0306070425155
36888	2	1	0	7	321	149	0.00792966859539
36890	0	1	2	7	302	149	0.116069969579
36891	0	1	2	7	276	149	0.105329601846
36900	15	3	7	0	243	149	0.0126542004345
36902	5	11	1	4	236	149	0.459100900767
36910	2	42	0	6	188	149	0.394828899004
36925	130	0	200	2	323	149	0.53458806977
36926	27	18	66	57	279	149	0.498826401954
36927	6	2	3	0	303	149	0.0133921299894
36951	4	0	40	35	301	149	0.000808558873716
36952	2	0	12	18	203	149	0.00153611793822
36955	329	0	263	1	302	149	1
36956	239	0	189	1	284	149	1
36957	448	1	204	0	243	149	1
36959	13	3	2	0	314	149	0.00731001502051
36961	2	0	31	1	335	149	0.240854571265
36977	204	2	63	0	253	149	0.544808740446
36978	195	0	82	2	265	149	0.79722269682
36980	10	2	9	0	291	149	0.0249158582758
36981	10	6	5	8	334	149	0.173272627513
36982	15	17	16	6	235	149	0.0501246752503
36983	83	2	35	0	284	149	0.333384062342
36985	152	20	58	5	224	149	0.330023961897
36986	236	2	128	0	2267	149	0.0894632441976
36998	23282	2	11017	0	264	149	1
36999	977926	4	376869	0	7721	149	1
37000	21305	0	15060	4	360	149	1
37001	14565	15	12190	0	341	149	1
37002	12557	3	6371	2	309	149	1
37003	11992	3	11451	5	235	149	1
37004	12242	4	13972	3	303	149	1
37007	159	1	63	0	327	149	0.723705700332
37008	132	3	59	3	288	149	0.424912016631
37009	116	0	51	2	291	149	0.286201022582
37010	30	43	9	19	304	149	0.358214423773
37011	63	0	31	2	255	149	0.119559247997
37018	7	4	11	9	268	149	0.61408312644
37019	1	7	6	9	247	149	0.0773470912458
37020	9	2	9	18	378	149	0.00484197308702
37021	252	14	88	12	226	149	0.0502892466615
37022	125	4	24	3	226	149	0.196667146307
37023	150	4	70	3	292	149	0.713063782443
37024	271	3	121	0	292	149	0.896032895866
37025	164	3	89	5	218	149	0.128787944062
37026	5	8	0	7	281	149	0.00224745152966
37030	4	178	1	54	244	149	0.872735824543
37031	380	4	141	0	258	149	0.80319326163
37032	198	1	76	0	248	149	1
37033	362	3	105	0	247	149	0.646287420025
37051	20	0	14	1	204	149	0.228137393588
37052	1	21	2	15	266	149	0.325552441162
37053	109	0	35	2	288	149	0.154968773142
37054	138	2	58	0	308	149	0.696314625203
37056	1	18	2	6	228	149	0.165161992897
37057	90	0	36	1	268	149	0.266254319691
37058	81	1	31	0	192	149	0.563592269407
37059	18	1	10	0	234	149	0.228800348972
37061	95	8	12	1	341	149	0.877361891418
37062	33	1	2	0	230	149	0.273508337907
37063	10	46	1	3	404	149	0.501275912041
37064	93	4	9	2	237	149	0.295403532167
37066	4	0	4	1	287	149	0.241635324051
37071	6	2	0	4	256	149	0.000135254790323
37073	2	0	0	7	181	149	3.92745638933e-06
37075	332	0	50	1	355	149	0.273596672563
37076	226	1	57	0	286	149	1
37079	9	32	3	16	216	149	0.486220506175
37081	64	0	44	1	300	149	0.275736806266
37084	15	2	11	2	218	149	0.792879415896
37087	995	26	132	1	219	149	0.0404869901548
37088	1790	1	319	0	495	149	1
37089	9	880	2	51	252	149	0.532954898402
37090	4	2	1	24	252	149	0.00055180046076
37091	20	2	2	0	310	149	0.0677586809904
37092	3	6	0	1	235	149	0.0199177016684
37093	9	14	0	2	204	149	0.004534941598
37114	879	11	452	7	194	149	0.788555205554
37115	653	1	133	0	412	149	1
37116	685	14	71	3	258	149	0.721467556564
37117	138	2	20	0	198	149	0.527589283049
37118	24	0	16	1	175	149	0.237144562343
37140	2	0	66	2	260	149	0.275267327353
37142	0	2	2	35	252	149	0.448000923406
37147	5	0	0	5	368	149	3.22906393069e-07
37157	4	2	3	1	290	149	0.721054915104
37162	0	23	2	9	293	149	0.152717336192
37163	33	1	10	0	446	149	0.231954508944
37164	70	1	17	0	254	149	0.379037531096
37167	39	1	16	2	164	149	0.191118683674
37168	16	1	21	0	332	149	0.283771127995
37182	56	0	127	1	267	149	0.69277299716
37188	0	12	2	51	258	149	0.529102228927
37189	0	12	2	51	283	149	0.522596927287
37191	133	2	119	1	208	149	0.718591915962
37193	103	2	26	1	256	149	0.584004631001
37194	126	135	33	106	256	149	3.21313404738e-05
37196	628	0	303	1	327	149	1
37197	807	0	497	1	1986	149	0.35388594435
37198	386	0	271	1	259	149	1
37199	61	0	90	1	235	149	0.50390779196
37200	438	0	369	1	300	149	1
37201	212	2	183	0	322	149	0.529157911303
37202	680	2	385	0	2069	149	0.470338526424
37203	519	2	293	0	224	149	1
37205	4	3	5	4	276	149	0.946119811738
37206	13	0	5	1	295	149	0.370472218245
37207	13	3	10	4	295	149	0.495717226662
37208	24	6	6	0	240	149	0.00381322124849
37209	20	0	3944	1	230	149	1
37210	52	0	8158	1	215	149	1
37211	121	0	18282	6	342	149	1
37225	0	46	3	37	267	149	0.181226733862
37226	2	91	0	30	219	149	0.575729213046
37229	167	0	104	6	257	149	0.00211729563464
37230	94	23	37	24	267	149	0.00885974533941
37231	30	1	27	0	259	149	0.255726586093
37237	2	8	0	10	228	149	0.0611657392124
37244	82	1	17	0	285	149	0.389899717182
37253	12	2	26	8	276	149	0.372643326307
37273	77	5	34	3	245	149	0.9372081322
37274	38	5	17	3	240	149	0.825562470239
37276	80	1	33	0	224	149	0.470126401985
37280	116	3	26	0	220	149	0.228790129933
37282	7	52	0	29	251	149	0.00906472281404
37283	85	6	38	0	221	149	0.00929953323083
37291	16	0	5	1	285	149	0.420209244484
37293	611	9	176	0	227	149	0.131210586536
37294	766	5	207	2	263	149	0.690292461333
37303	11	1	20	0	299	149	0.35500525477
37310	96	2	33	5	348	149	0.0127537315137
37311	80	0	25	1	348	149	0.384062950997
37312	214	0	124	1	2509	149	0.248307935879
37313	18	17	20	8	508	149	0.107781858969
37314	3	17	3	8	237	149	0.487324222843
37315	4	0	5	2	179	149	0.0220235861617
37316	4	0	4	1	179	149	0.609887389095
37317	15	1	8	0	179	149	0.233042438946
37322	2	0	4	1	273	149	0.0806091166787
37326	12	0	8	2	316	149	0.0144164271471
37357	0	5	2	0	288	149	6.69033212286e-06
37359	12	0	0	2	262	149	1.67031612253e-06
37361	0	21	2	5	224	149	0.039260510518
37364	1	15	0	3	188	149	0.259161602234
37365	33	1	9	0	380	149	0.237443260914
37369	19	0	10	1	208	149	0.236720860262
37371	114	2	23	0	248	149	0.74573669742
37373	2	86	0	17	221	149	0.558525807739
37374	185	2	41	0	273	149	0.52826216593
37375	630	0	103	2	1092	149	0.148458665314
37378	12	2	7	0	205	149	0.0524821535065
37380	8	0	8	1	281	149	0.75961449519
37382	270	2	210	1	286	149	0.600713785974
37383	0	3	9	2	265	149	9.32477376002e-05
37384	0	60	13	100	265	149	0.00091615088809
37385	9	60	2	100	266	149	0.00266897063969
37386	6	0	0	4	266	149	3.21082189503e-07
37394	10	0	22	3	261	149	0.0197651258055
37395	10	0	62	3	248	149	0.102485345279
37398	1	13	0	4	164	149	0.239341691505
37399	1311	1	645	0	581	149	1
37400	399	8	163	0	206	149	0.0762490810203
37405	1	65	4	53	260	149	0.116815533767
37406	0	65	2	53	395	149	0.597467794262
37407	1	0	25	7	272	149	0.00764498203034
37410	31	0	29	2	350	149	0.0588813380212
37414	99	2	182	6	199	149	0.381711573865
37415	159	2	80	4	209	149	0.100529586302
37416	12	2	11	4	200	149	0.365468737269
37418	88	6	174	2	328	149	0.0154571096695
37419	197	39	55	56	241	149	1.27336703404e-08
37420	426	39	191	56	288	149	9.98574042954e-06
37421	654	7	286	2	293	149	0.401063246042
37424	0	101	5	137	283	149	0.513549723338
37430	2	0	7	5	321	149	0.000977497790048
37435	463	0	105	1	248	149	0.566307473786
37436	744	3	174	0	326	149	1
37437	47	0	75	1	227	149	0.439050233706
37439	6	13	4	3	270	149	0.253201457705
37440	16	22	0	10	342	149	0.000221344256538
37443	1	11	0	30	238	149	0.253380372058
37446	327	0	127	1	441	149	0.3905056195
37447	12	81	7	29	502	149	0.484609887972
37448	222	0	104	2	249	149	0.645284514382
37449	135	1	58	0	220	149	1
37454	25	8	18	11	210	149	0.240579297378
37456	403	4	333	0	301	149	0.632711608548
37457	247	0	229	1	301	149	1
37458	10	158	2	104	285	149	0.0603027761648
37459	44	0	31	1	209	149	0.275378468047
37461	197	2	135	0	209	149	0.599641658138
37463	218	1	116	0	263	149	1
37464	356	9	201	0	263	149	0.0126661017095
37465	409	2	253	0	242	149	1
37466	384	4	293	2	196	149	0.678890157442
37467	126	4	73	2	196	149	0.70944435334
37475	3	23	0	33	303	149	0.0891455731319
37477	9	218	5	73	182	149	0.544080143652
37478	483	1	132	0	299	149	1
37479	834	2	183	0	301	149	1
37480	99	0	110	4	217	149	0.0548849343465
37483	0	16	2	54	186	149	0.845186685874
37486	8	0	212	5	295	149	0.11906468775
37488	0	11	4	139	308	149	0.676375282843
37489	16	27	2	17	231	149	0.0107946027428
37490	241	1	104	0	272	149	1
37502	11	0	64	1	281	149	0.336137532446
37503	36	0	55	1	303	149	0.301990948402
37506	28	0	32	1	281	149	0.255429269731
37508	1	0	0	1	239	149	7.24071724497e-05
37510	30	0	15	1	241	149	0.230955269635
37511	74	1	39	0	241	149	0.407877570024
37513	103	1	114	1	360	149	0.919901864652
37514	63	0	42	1	301	149	0.272807223194
37515	23	3	57	0	362	149	0.00484271754533
37516	46	3	88	0	370	149	0.0136313878131
37522	501	2	445	1	267	149	1
37523	31	212	23	217	211	149	0.311966638743
37532	16	0	37	2	322	149	0.10736609625
37533	54	0	83	2	248	149	0.547876929456
37536	7	8	2	2	282	149	0.904094662907
37537	1	6	0	5	237	149	0.218511210815
37538	11	0	22	2	281	149	0.0714925748727
37553	6	13	0	3	263	149	0.00675287221162
37557	3	13	0	3	296	149	0.0693142082961
37558	2	0	1	4	296	149	8.48619967979e-05
37562	1	13	4	3	368	149	0.00788085693428
37563	1	0	3	4	368	149	0.000373089595063
37564	3	13	3	3	371	149	0.226995699563
37565	2	1	3	0	371	149	0.0217873206591
37566	6389	5	2787	1	278	149	1
37567	1426	3	1441	6	289	149	1
37568	1499	3	2093	6	294	149	1
37578	174	1	41	0	334	149	0.880163431633
37580	36	0	11	2	232	149	0.0258665667999
37581	39	0	14	2	241	149	0.0349601466812
37582	77	8	44	0	241	149	0.00165734396921
37583	334	8	68	0	307	149	0.0347111106813
37584	89	2	10	0	257	149	0.3571095664
37586	1	3	1	45	259	149	0.368108836655
37591	2	198	4	103	302	149	0.725539662723
37592	361	1	193	0	235	149	1
37593	1	196	1	108	283	149	1
37601	860	0	271	1	221	149	1
37611	5	0	1788	2	399	149	1
37612	2747	1	1268	0	342	149	1
37613	2577	1	1307	0	359	149	1
37614	2	791	0	445	261	149	1
37616	10	0	0	1	321	149	1.33512832293e-05
37617	37	0	25	4	262	149	0.00306294443135
37618	10	0	16	3	262	149	0.0113908989431
37621	64	2	105	0	215	149	0.749593840964
37622	0	43	1	78	382	149	1
37623	6	16	3	58	345	149	0.00917471052803
37624	37	1	96	2	292	149	0.7687760998
37625	19	1	55	2	289	149	0.687845929508
37628	2	7	0	4	258	149	0.0816727452345
37632	7	26	4	7	376	149	0.491545076935
37633	443	0	98	1	312	149	0.415077115466
37635	369	1	88	0	254	149	1
37636	420	0	63	2	275	149	0.517154222331
37637	306	10	73	0	219	149	0.0227546664014
37638	464	4	103	0	286	149	0.810141299949
37639	425	2	98	0	281	149	1
37640	337	1	58	0	205	149	1
37641	391	1	54	0	205	149	1
37643	304	1	47	1	272	149	0.292554409836
37644	137	0	26	2	194	149	0.264668532057
37645	3	110	0	22	215	149	0.739833645035
37646	11	137	1	12	320	149	0.768437104726
37647	211	1	14	0	203	149	1
37648	4804	0	972	1	6130	149	0.287714745206
37649	325	9	40	7	283	149	0.0029828416868
37650	73	1	16	0	325	149	0.334143472393
37716	22	23	17	42	254	149	0.0448770659466
37717	0	23	1	42	272	149	0.841084782862
37718	187	0	59	2	241	149	0.560034361462
37719	242	2	129	0	398	149	0.52500892218
37770	31	1	1	3	245	149	0.000118903252591
37772	0	2	2	0	259	149	1.57963314105e-05
37773	1	2	2	0	255	149	0.00108095362693
37777	2	6	0	2	640	149	0.193062499716
37802	15	0	42	1	399	149	0.250689924376
37804	6	14	0	6	197	149	0.00303219703539
37805	5	6	2	0	289	149	0.000606600340644
37807	11	3	4	0	245	149	0.00814150832167
37808	23	1	3	0	270	149	0.235816313576
37809	5	2	4	0	219	149	0.0163404928311
37811	1	3	5	1	224	149	0.0207193469879
37814	117	3	87	1	304	149	0.286366665825
37816	302	0	138	1	304	149	0.624650935529
37817	302	1	135	0	304	149	1
37819	360	6	198	10	304	149	0.036277861048
37820	0	1	5	0	278	149	1.20761902743e-05
37821	1	6	1	10	278	149	0.942314325365
37822	2	2	12	5	278	149	0.306745942966
37823	3	60	8	68	278	149	0.162130276529
37824	1	0	0	4	270	149	2.77976604945e-05
37825	1	6	3	10	301	149	0.39300762345
37826	21	3	18	1	306	149	0.288294668234
37827	22	6	18	10	306	149	0.225106258185
37828	4	1	8	2	306	149	1
37829	2	0	9	2	306	149	0.0246679270003
37830	23	60	23	68	306	149	0.739504374863
37831	21	1	22	0	306	149	0.231573715335
37833	6	60	5	68	328	149	0.635163575165
37834	5	60	3	68	351	149	0.357975431542
37841	4	60	4	68	373	149	0.951676442684
37842	2	5	4	7	373	149	0.593162279721
37843	4	21	3	15	373	149	0.950700393913
37847	130	0	193	2	248	149	0.538222443698
37851	745	3	178	0	304	149	1
37857	24718	4	667	0	288	149	1
37858	35040	28	1187	0	285	149	1
37859	21823	9	838	0	327	149	1
37860	66777	9	2137	0	381	149	1
37862	36745	34	1198	2	237	149	1
37863	20950	26	535	2	237	149	1
37864	7845	26	670	2	291	149	1
37865	23686	48	1331	0	291	149	1
37866	4823	2	241	0	251	149	1
37867	1607	489	47	66	177	149	2.44434250618e-10
37868	95	139	9	3	177	149	0.0173984514306
37869	150	5318	10	382	177	149	0.683962304506
37870	1671	10	38	0	267	149	0.873672405861
37871	1697	65	41	1	267	149	0.271987977735
37872	1529	139	90	3	289	149	0.0256523029632
37873	4031	5318	168	382	289	149	0.00123316794146
37874	2718	10	65	0	289	149	1
37875	5222	65	141	1	289	149	0.190773195562
37876	1123	139	83	3	363	149	0.00734796988914
37877	1146	5318	83	382	363	149	0.987497217602
37880	1204	1	150	1	436	149	0.454890823734
37881	810	2	116	0	272	149	1
37882	1771	2	266	0	583	149	1
37883	999	29	110	5	276	149	0.693545953666
37884	69	4	14	14	291	149	5.81767339969e-07
37885	220	1	26	2	214	149	0.192853673937
37889	7	8	8	4	296	149	0.26768283458
37890	21	149	4	45	201	149	0.286326717827
37891	234	4	69	0	234	149	0.250514044946
37892	142	0	41	2	308	149	0.21038636132
37895	37	0	51	2	256	149	0.196438173278
37896	54	0	112	4	256	149	0.0649511522393
37897	19	0	50	2	229	149	0.197293444824
37898	19	0	52	4	229	149	0.0278763871768
37899	35	1	59	2	229	149	0.688560063144
37901	47	0	92	3	234	149	0.129796022475
37902	40	0	89	2	270	149	0.432898139215
37903	9	0	5	12	224	149	2.29541228758e-06
37904	11	13	7	44	224	149	0.00386001911268
37905	4	13	39	44	416	149	0.039770931313
37906	4	2	27	2	416	149	0.0790711322923
37908	250	18	70	0	250	149	0.000842276030113
37916	2	0	6	20	270	149	0.000854363021399
37917	2	0	10	20	274	149	0.00137565110964
37925	60	2	3	0	232	149	0.276718760244
37929	35	1	2	0	381	149	0.24160706558
37934	10	1117	0	420	241	149	1
37935	11	1117	0	420	266	149	1
37936	2	1	2	1	228	149	1
37937	2	0	2	2	228	149	0.00418342932822
37938	467	0	456	1	284	149	1
37939	467	0	494	1	301	149	1
37942	95	0	26	2	327	149	0.069237644489
37948	181	0	45	1	227	149	0.311540563555
37949	70	1	21	0	213	149	0.43706136202
37950	767	2	249	2	373	149	0.529063673769
37951	389	45	130	14	311	149	0.778331458955
37952	488	0	156	4	227	149	0.138157941839
37964	42	0	131	2	351	149	0.508994793035
37967	0	17	3	7	253	149	0.00886142420478
37973	6	3	15	0	1408	149	2.75055049634e-05
37976	318	3	43	0	242	149	0.63403172165
37977	417	2	52	0	337	149	1
37978	304	0	49	2	339	149	0.281437726042
37979	23	0	25	1	188	149	0.268141368913
37980	27	1	15	2	181	149	0.253557729559
37995	36	2	8	0	241	149	0.155154919246
37997	75	2	14	0	230	149	0.339608159203
38001	27	16	2	10	233	149	0.00158097580219
38003	143	7	40	0	295	149	0.0123191201874
38004	134	1	49	0	293	149	0.631925778398
38015	43	0	15	2	233	149	0.0429669646497
38016	307	1	190	6	259	149	0.0151917105517
38017	12	57	2	64	335	149	0.00216409054021
38018	126	0	108	2	227	149	0.582123598327
38020	241	0	101	2	309	149	0.929627381579
38021	109	0	55	2	251	149	0.456521472886
38022	250	7	122	1	251	149	0.0793706707478
38029	653	11	160	2	308	149	0.476236627152
38030	59	3	13	0	191	149	0.127279011531
38031	198	208	38	38	245	149	0.89285082405
38032	1174	31	331	0	773	149	3.88751747655e-05
38045	188	0	101	2	233	149	0.624656960053
38046	224	1	108	0	256	149	1
38048	145	1	100	0	197	149	1
38053	0	1	2	0	191	149	4.1514107325e-05
38054	7	9	1	6	239	149	0.0715496382243
38055	23	0	10	1	228	149	0.241908619288
38056	3	5	3	0	218	149	0.000280416858799
38057	0	5	2	0	404	149	8.15513492636e-06
38066	247	3	14	0	279	149	0.464797364096
38069	6	1	3	0	276	149	0.520513458683
38083	61	2	23	0	233	149	0.268533169852
38084	9	38	0	16	194	149	0.00224113196797
38086	76	1	18	3	250	149	0.017830089526
38097	12	256	0	21	292	149	0.137254565581
38098	11	256	0	21	294	149	0.188962994101
38099	60	2	25	0	216	149	0.307428572605
38100	92	0	54	1	291	149	0.304247116788
38101	64	2	24	0	224	149	0.312337807399
38102	11	61	3	13	363	149	0.728070142951
38103	10	9	3	2	363	149	0.730034843034
38104	107	44	12	7	432	149	0.454420932481
38105	63	6	28	0	347	149	0.00350122646267
38117	1	3	0	2	212	149	0.615402991638
38118	1	4	1	0	212	149	0.000224256754478
38124	8	0	328	1	560	149	1
38125	111	7	289	0	346	149	0.000117051883363
38129	62	3	14	0	261	149	0.0911165743127
38130	68	1	17	0	222	149	0.407057119399
38131	102	2	19	0	259	149	0.490768657477
38136	31	0	12	1	289	149	0.247887242974
38137	44	1	40	1	799	149	0.896359082957
38139	0	4	2	8	323	149	0.118224571463
38141	3	1	11	3	200	149	0.86807056744
38142	9	1	9	0	214	149	0.382250252014
38143	157	0	139	2	2400	149	0.0379674231381
38144	14	0	21	2	209	149	0.0864188961446
38147	632	2	226	0	314	149	1
38149	5	35	2	22	339	149	0.449592170329
38150	105	3	131	0	648	149	0.0268348027058
38151	19	3	24	0	256	149	0.0109777048858
38153	1392	1	838	0	323	149	1
38154	2	651	0	386	292	149	1
38155	21	839	6	518	170	149	0.0712631417114
38156	214	1	92	0	293	149	1
38157	239	0	82	1	290	149	0.385472786792
38158	296	1	91	0	276	149	1
38159	162	1	55	0	307	149	1
38163	179	1	78	0	297	149	1
38164	256	1	137	0	310	149	1
38165	201	1	60	0	232	149	1
38166	184	2	106	0	359	149	0.558077958141
38167	308	3	80	1	232	149	0.752725562815
38169	133	1	37	1	217	149	0.290473066702
38170	170	2	65	0	200	149	0.557792611251
38174	3	38	0	34	235	149	0.132430619301
38175	89	3	72	1	333	149	0.258651611307
38176	2	0	1	2	228	149	0.00137656428187
38177	40	0	49	2	228	149	0.237444779405
38178	77	0	106	3	250	149	0.13858925385
38179	5	4	9	5	272	149	0.645227187022
38181	314	1	201	0	431	149	1
38183	37	0	869	1	331	149	1
38184	83	0	752	7	325	149	0.299313794332
38188	2	0	6	1	356	149	0.0928797984437
38192	27	1	32	0	564	149	0.332774517477
38193	0	1	1	0	217	149	7.38764988737e-05
38225	3	79	0	1	251	149	0.485537124375
38230	0	526	1	262	273	149	1
38231	5	526	8	262	654	149	1
38232	2	526	1	262	338	149	1
38233	770	4	657	1	246	149	1
38240	70	1	34	0	247	149	0.385860864898
38241	158	3	58	0	314	149	0.189778590065
38244	0	81	1	40	242	149	0.601164551595
38249	4	29	1	55	176	149	0.026310504852
38268	59	11	21	30	461	149	1.59129005406e-06
38270	52	11	19	30	450	149	3.2634484779e-06
38271	4	11	2	30	228	149	0.0614303524677
38274	7	119	0	32	237	149	0.0729109635376
38276	9	124	5	40	223	149	0.524885830511
38279	467	2	105	0	278	149	1
38280	226	44	40	24	246	149	0.00104620465633
38283	7	186	0	44	184	149	0.111907095866
38284	3284	2	901	0	2116	149	1
38285	138	2	73	2	210	149	0.65369317572
38286	164	2	76	2	1937	149	0.516822993337
38287	5	97	3	49	233	149	0.860091963835
38288	14	0	35	1	212	149	0.287798858995
38290	10	0	72	1	383	149	0.306139260615
38291	5	0	341	2	219	149	1
38296	145	2	76	0	227	149	0.529457898254
38300	66	1	4	0	206	149	0.42817189455
38301	3	62	0	2	267	149	0.398196560241
38303	2	8	0	19	255	149	0.0890122092277
38304	129	0	57	1	309	149	0.303724739314
38306	287	1	73	0	245	149	1
38307	737	7	294	5	314	149	0.452101418475
38308	616	2	297	0	282	149	1
38309	101	278	6	165	176	149	8.8011042898e-11
38310	175	9	51	0	208	149	0.0116392212296
38311	549	2	171	0	264	149	1
38312	271	2	103	0	260	149	0.671264796004
38313	462	0	168	2	230	149	0.530513854093
38314	655	1	255	0	306	149	1
38315	344	0	141	1	306	149	0.639541388905
38316	19	0	11	1	234	149	0.239135752844
38317	569	4	175	2	234	149	0.602022870622
38318	231	1	92	0	234	149	1
38319	0	363	2	105	275	149	1
38320	4	1	2	0	237	149	0.0935892670536
38321	537	0	209	2	237	149	0.570211048081
38322	245	24	62	22	237	149	0.00039291139092
38323	75	24	34	22	193	149	0.0663879690602
38324	369	1	180	1	193	149	1
38337	38	1	59	0	425	149	0.241711263765
38340	11	1	4	0	182	149	0.26948359541
38343	2	231	0	110	272	149	1
38344	710	6	234	0	295	149	0.565622490827
38359	18	0	66	1	610	149	0.252745101431
38360	18	0	142	36	734	149	0.000189571378568
38361	18	0	100	1	734	149	0.269052909544
38362	18	0	132	1	734	149	0.302220868257
38363	18	0	90	1	734	149	0.260627506706
38370	1	22	0	6	300	149	0.402517440562
38371	4	361	0	78	222	149	1
38372	1111	4	180	0	316	149	1
38374	1	5	0	1	230	149	0.303046905732
38387	4	1	0	5	262	149	0.000214465043516
38388	13	0	5	12	282	149	2.17450304651e-07
38389	243	3	226	13	637	149	0.00508971580908
38391	249	3	228	13	654	149	0.00471233830459
38394	105	4	50	2	265	149	0.884151878736
38396	91	4	45	0	265	149	0.0453462541445
38399	0	423	1	292	202	149	1
38400	19	80	17	132	287	149	0.120361658596
38401	347	2	346	0	227	149	1
38402	10	337	23	280	305	149	0.00898108220174
38403	1447	1	688	1	215	149	1
38404	312	0	171	2	200	149	0.559569357661
38405	806	0	498	2	203	149	1
38407	679	13	465	10	215	149	0.857469068717
38408	290	13	173	10	239	149	0.622901955909
38410	22	452	9	326	221	149	0.145681020255
38411	583	452	167	326	1045	149	3.00755163107e-07
38414	3	169	28	128	304	149	2.34869516058e-07
38415	88	169	51	128	222	149	0.280965338162
38419	3	38	14	115	242	149	0.362628060487
38420	78	0	277	8	272	149	0.023655645701
38421	72	0	147	4	272	149	0.0861689517663
38422	82	0	141	4	251	149	0.0822825456241
38423	96	8	270	5	251	149	0.0120970828703
38425	407	16	322	9	230	149	0.407789110628
38426	257	0	328	2	239	149	1
38428	257	0	364	3	267	149	0.634351000393
38429	18	0	79	3	207	149	0.161228738075
38432	825	2	561	0	2260	149	0.741088720207
38433	161	2	82	0	488	149	0.456867865378
38434	49	2	23	0	249	149	0.173295951236
38435	8	14	8	15	481	149	0.915349948647
38437	0	14	1	15	228	149	0.278236443949
38438	0	6	1	6	228	149	0.219764228902
38445	213	1	138	0	245	149	1
38446	350	2	172	0	242	149	1
38447	399	0	173	2	298	149	0.530867621515
38449	1	3	0	70	209	149	0.287414441555
38450	285	17	146	10	248	149	0.834731499413
38451	234	4	129	3	262	149	0.850474456099
38464	125	182	2	0	353	149	0.00227442496553
38479	4	0	50	2	289	149	0.192234564914
38490	554	3	123	0	216	149	1
38491	1	4	0	2	226	149	0.380666238521
38492	1	4	0	2	226	149	0.380666238521
38493	16	108	10	30	375	149	0.126256210193
38498	58	7	93	1	195	149	0.00211157764141
38499	541	1	310	0	224	149	1
38509	150	5	12	4	297	149	0.00826147320242
38510	1	71	0	14	231	149	1
38512	9	20	0	13	264	149	0.000750667544039
38517	5	0	3	1	196	149	0.325945423414
38520	43	0	9	1	362	149	0.300589095774
38521	45	2	9	3	362	149	0.0410838697457
38526	23	0	15	2	293	149	0.0314736954864
38531	2	0	143	10	212	149	0.0359591250932
38533	1	2	1	2	242	149	1
38537	167	23	37	4	286	149	0.548883188902
38538	129	23	25	4	381	149	0.775529735798
38549	1	3	0	4	245	149	0.45067763684
38550	9	0	1	5	405	149	1.17260398969e-06
38557	55	1	19	1	199	149	0.937687935421
38558	164	4	44	2	284	149	0.834282818739
38559	90	45	51	18	233	149	0.307119787003
38560	25	3	8	0	196	149	0.0390459398754
38561	129	4	78	5	310	149	0.308350145602
38562	278	2	79	2	227	149	0.568993743131
38563	23	290	0	56	246	149	0.00489232916367
38564	13	158	5	63	312	149	0.849315920031
38565	493	2	139	3	281	149	0.236391414698
38566	282	3	62	0	281	149	0.85779967236
38567	283	3	62	0	281	149	0.873267412991
38568	10	3	4	0	186	149	0.0113477624434
38569	6	3	2	0	186	149	0.00541593302387
38570	153	2	84	0	186	149	0.548823066583
38571	102	2	35	0	186	149	0.537912128654
38572	72	3	35	0	186	149	0.131110997444
38573	114	2	32	0	228	149	0.623056478106
38575	199	41	85	3	228	149	0.00022994369507
38576	72	10	33	3	228	149	0.445572571193
38577	456	3	77	0	252	149	0.871201752062
38578	457	3	77	0	252	149	0.87898022464
38579	496	10	80	3	252	149	0.79460351742
38580	584	1	130	0	252	149	1
38582	1062	1	256	0	260	149	1
38583	969	5	254	2	252	149	0.642671930877
38584	529	0	137	1	252	149	1
38585	123	0	82	1	252	149	0.433714878932
38586	550	7	203	4	252	149	0.702474930055
38587	51	2	57	0	203	149	0.388390436475
38588	151	15	160	8	290	149	0.126702994499
38589	1	12	2	64	197	149	0.52824605791
38590	16	0	15	5	268	149	0.000533410918346
38593	128	2	47	0	190	149	0.52718850476
38594	123	0	41	2	190	149	0.486510174702
38595	664	3	453	3	212	149	1
38596	8	16	1	15	216	149	0.0103773030447
38605	11	37	2	58	324	149	0.000847350918972
38607	0	82	1	58	222	149	1
38609	2	11	2	31	264	149	0.487370395016
38611	65	1	16	0	207	149	0.414579866925
38612	482	1	53	2	245	149	0.480153381885
38613	3	329	0	30	254	149	1
38614	116	38	11	5	218	149	0.655748608034
38616	116	178	22	30	257	149	0.791087996641
38624	5	18	6	6	247	149	0.0933821836616
38625	4	18	0	6	199	149	0.0187931067365
38635	98	2	54	0	251	149	0.840594814371
38637	2	0	10	1	446	149	0.122777765644
38638	2	0	11	2	446	149	0.0184883432152
38653	47	0	161	6	241	149	0.0355546120975
38654	20	0	57	2	226	149	0.244516741092
38655	6	25	19	81	223	149	0.942387834812
38658	0	11	2	29	247	149	0.412934389651
38659	30	1	14	0	1061	149	0.834569510439
38660	0	2	11	0	179	149	2.08705723748e-06
38661	23	131	24	356	353	149	0.00631941472169
38662	69	131	17	356	235	149	2.22044604925e-16
38663	42	0	11	198	235	149	0
38664	710	4	830	0	337	149	0.685821953238
38665	154	0	447	198	337	149	0
38666	50	0	108	11	337	149	0.000596302206237
38667	1305	0	752	2	270	149	1
38668	333	2	215	0	232	149	1
38670	2	594	7	345	195	149	0.603223597896
38671	1279	0	1214	2	221	149	1
38672	404	0	372	1	224	149	1
38673	1452	17	1403	10	296	149	0.222228918966
38674	654	4	599	4	202	149	1
38675	169	0	156	2	202	149	0.536636142428
38676	354	0	268	2	235	149	0.794202128795
38677	834	2	706	0	235	149	1
38678	13	19	10	45	250	149	0.0291640134149
38685	2854	1	2756	0	207	149	1
38689	4602	48	3795	32	236	149	0.425655473296
38691	674	1523	633	1167	914	149	0.197980619037
38697	3334	10	1154	3	1994	149	0.658200787384
38699	3283	16	1133	2	1668	149	0.059137245731
38701	5	281	2	100	200	149	0.843007226099
38702	975	3	382	0	448	149	1
38703	2	316	0	79	215	149	1
38704	487	2	131	0	221	149	1
38705	599	1	124	0	218	149	1
38706	550	3	119	0	275	149	1
38707	2669	8	741	0	1374	149	0.0986220733733
38708	176	1	59	2	270	149	0.30775824256
38709	177	1	60	0	254	149	1
38710	393	1	133	2	254	149	0.551603487957
38711	216	2	81	0	251	149	0.561897273227
38722	0	2	25	0	485	149	5.30625619333e-07
38728	2	0	2	2	309	149	0.00225640286518
38732	8	0	22	2	470	149	0.0409085458387
38733	11	0	29	2	470	149	0.0563523211716
38735	1	14	0	10	161	149	0.244291257318
38737	39	1	13	0	218	149	0.299718987918
38748	114	0	242	2	365	149	0.529124319236
38749	114	0	240	2	321	149	0.533316667511
38750	8	0	208	2	262	149	0.54177071109
38751	6	2	210	1	262	149	0.0145250345742
38753	122	0	489	2	299	149	1
38754	18	2	268	1	299	149	0.0639898568423
38755	123	2	483	1	509	149	0.44257984552
38756	102	2	214	1	277	149	0.697787153475
38758	104	0	212	2	277	149	0.535928268305
38760	110	3	325	0	223	149	0.277237452875
38766	1	93	0	250	245	149	1
38772	533	3	434	3	224	149	1
38775	5	422	0	193	185	149	1
38777	3189	4	1441	2	721	149	1
38778	2577	4	1158	0	721	149	1
38779	37	4	18	0	263	149	0.0114375237511
38780	1042	12	518	0	263	149	0.0886082660754
38781	573	2	249	0	263	149	1
38782	557	2	290	0	278	149	1
38783	1033	17	573	14	278	149	0.347836499721
38784	4	3	139	3	328	149	0.00132324077589
38787	67	4	48	9	255	149	0.0548296740626
38788	67	0	49	4	236	149	0.0101315811377
38789	2	0	6	1	236	149	0.723400706816
38790	78	4	126	9	236	149	0.508409707637
38792	10	0	62	1	257	149	0.345809635628
38793	13	0	61	2	257	149	0.230999227
38795	83	0	121	1	257	149	0.680373362107
38796	3	9	0	2	179	149	0.0210644148754
38797	144	1	8	0	307	149	0.675294658053
38798	98	0	6	1	370	149	0.226369993311
38799	78	34	22	26	245	149	0.00739330964794
38800	91	0	10	1	195	149	0.292776444577
38801	409	0	101	1	198	149	0.815102184552
38802	5	308	1	95	191	149	0.728001302403
38805	4	137	1	75	222	149	0.515736442797
38807	246	2	103	0	244	149	0.64285393613
38808	197	2	56	0	326	149	0.525243356366
38809	82	3	27	0	196	149	0.161508985689
38814	72	4	90	2	364	149	0.236954254654
38815	3	45	5	61	205	149	0.693848314541
38816	28	0	47	3	251	149	0.0516297816852
38825	4	0	1	19	235	149	7.27909494458e-07
38826	16	0	44	19	262	149	7.12055094807e-05
38827	44	0	68	7	337	149	0.0012864953989
38828	2	26	6	31	281	149	0.187760628514
38829	1	26	2	31	255	149	0.500645736983
38830	40	3	49	2	265	149	0.478440310755
38831	993	1	4	0	368	149	1
38832	406	3	1	0	330	149	0.761383679265
38839	278	5	2	0	299	149	0.190461101182
38842	773	4	2	0	264	149	1
38843	1510	81	1	0	261	149	0.0403718222488
38845	721	8	2	0	333	149	0.236466750771
38846	117	26	87	26	238	149	0.384898942514
38847	0	6	2	52	1134	149	1
38850	0	2	2	3	204	149	0.0261932008029
38851	1	0	2	2	243	149	0.00397644676226
38852	4	2	2	3	243	149	0.298138280361
38853	0	2	2	3	221	149	0.0293281140527
38874	28	0	22	5	266	149	0.000618401448019
38875	28	2	20	7	266	149	0.0306401116769
38876	24	2	25	7	247	149	0.094725259202
38877	26	0	35	5	247	149	0.00268692414528
38885	70	12	4	8	284	149	0.000154418262068
38890	227	2	92	0	283	149	0.54388805833
38896	650	2	66	0	279	149	1
38897	299	4	20	0	252	149	0.395423911303
38898	244	2	59	0	304	149	0.544109761001
38899	10	19	8	17	404	149	0.839407499043
38900	0	19	1	17	286	149	0.325863887701
38913	4	0	76	10	245	149	0.012594781742
38914	220	0	160	2	337	149	0.585404884538
38915	538	4	151	10	254	149	0.000159973119261
38916	938	1	181	0	228	149	1
38917	1381	4	226	0	247	149	1
38918	854	5	119	2	278	149	0.84544899095
38919	803	2	134	1	224	149	1
38920	441	26	133	15	280	149	0.100308099923
38921	235	26	57	15	277	149	0.0311581517474
38923	6	0	354	12	289	149	0.0531351579977
38924	1307	2	258	0	1924	149	0.530364366532
38938	331	4	74	4	213	149	0.0822250809024
38940	23	531	0	111	297	149	0.0361595256711
38941	19	2	0	2	297	149	8.80993828872e-05
38942	957	0	177	1	277	149	1
38943	176	4	146	8	215	149	0.133577316194
38944	162	35	34	3	188	149	0.0695833080119
38945	1470	35	263	3	267	149	0.0966649516078
38947	3	302	2	81	190	149	0.525289829055
38949	4	302	1	81	297	149	1
38950	509	40	119	21	202	149	0.0173670309011
38954	755	0	197	1	371	149	1
38956	6	77	1	26	187	149	0.259280226129
38963	18	206	3	46	319	149	0.456089705538
38965	2	1	0	15	211	149	0.00346619583726
38969	2	0	92	1	263	149	0.462028139332
38977	2	89	0	147	276	149	0.741180328999
38983	28	0	198	2	319	149	0.532578568464
38985	1	3	4	6	293	149	0.469868270781
38986	1	0	4	65	293	149	0.00472185225583
38991	39	2	15	1	259	149	0.73049435732
38992	205	1	18	0	229	149	1
38998	1	5	0	22	277	149	0.366749352259
39000	11	14	2	8	299	149	0.100589419043
39001	18	85	9	41	252	149	0.908114584203
39002	31	85	16	41	207	149	0.900468935866
39005	945	1	599	0	256	149	1
39006	0	601	2	301	242	149	1
39009	0	653	1	308	207	149	1
39010	202	653	75	308	233	149	0.234646265834
39011	86	0	33	1	233	149	0.273087958608
39012	1327	0	634	2	248	149	1
39017	529	0	669	1	256	149	1
39027	201	0	1068	3	336	149	1
39031	1	55	0	2	181	149	0.626750464829
39032	105	0	47	1	235	149	0.312493429937
39033	0	92	2	43	274	149	0.536790354457
39035	9	78	2	33	320	149	0.259842524085
39036	98	0	57	2	258	149	0.405743956185
39037	37	33	20	31	474	149	0.151024392323
39045	104	2	52	4	217	149	0.099908239926
39046	187	6	123	2	217	149	0.277692459444
39047	21	6	7	2	234	149	0.997223926133
39048	32	96	6	74	234	149	0.000905133635688
39050	508	0	134	1	292	149	0.635355864708
39051	62	367	6	61	320	149	0.142760242025
39056	109	2	41	0	208	149	0.548995531136
39060	17	0	21	2	213	149	0.0795340112821
39064	12	16	31	13	271	149	0.0196535428638
39065	2	0	21	2	271	149	0.0841174429635
39067	5	16	20	13	403	149	0.0052333309106
39070	92	0	116	2	501	149	0.26530588938
39072	86	0	115	2	501	149	0.253812567974
39079	9	37	3	19	195	149	0.45002329206
39081	0	8	1	3	180	149	0.528605532637
39085	13	0	24	1	253	149	0.244009546798
39094	3	0	109	2	229	149	0.596694230994
39095	264	2	164	0	338	149	0.539263835162
39101	2	441	0	212	225	149	1
39103	0	45	2	130	261	149	1
39104	2969	10	2853	5	253	149	1
39108	13733	10	9925	1	259	149	1
39109	6043	10	5035	1	251	149	1
39111	968	0	511	2	236	149	1
39112	1092	2	723	0	324	149	1
39113	275	2	176	0	212	149	1
39114	156	0	277	2	242	149	0.801994260706
39115	0	147	1	217	181	149	1
39117	28	0	78	2	240	149	0.393378452865
39118	255	0	438	1	233	149	1
39121	153	7	106	7	257	149	0.54178603254
39122	4	27	2	40	313	149	0.186418886556
39127	233	0	258	1	308	149	1
39130	39	0	31	1	287	149	0.250272302248
39134	24	139	7	49	224	149	0.600854434434
39135	18	5	2	1	224	149	0.619168470683
39136	11	140	7	51	230	149	0.381673819669
39137	101	0	54	1	255	149	0.32501592927
39139	185	2	63	2	240	149	0.45566414577
39142	392	5	328	1	294	149	0.22004732742
39173	11	0	17	2	242	149	0.0608901056707
39183	4	0	2	3	191	149	0.000653170063451
39185	7	0	16	1	329	149	0.348440786058
39188	0	6	7	4	308	149	0.000190369034885
39193	8	15	4	9	233	149	0.773431291315
39201	0	1	3	0	308	149	2.97049588398e-05
39205	701	0	210	2	243	149	0.563223050973
39206	1274	4	308	0	368	149	1
39207	678	1	179	0	282	149	1
39208	707	3	211	0	295	149	1
39209	270	1	89	0	206	149	1
39210	571	2	181	0	292	149	1
39215	45	5	35	2	270	149	0.343954827711
39224	14	0	53	4	403	149	0.0115350264505
39225	2	0	8	4	254	149	0.00174897673319
39226	2	0	48	2	282	149	0.193618116241
39227	6	2	6	21	283	149	0.00662044135936
39228	2	2	9	21	254	149	0.687628669496
39231	4	0	6	2	312	149	0.0122871692138
39236	12	10	20	26	261	149	0.401897153585
39238	2	21	2	23	274	149	0.909832654148
39259	1	4	5	0	345	149	1.77371613701e-05
39261	1	8	6	61	371	149	0.665142801366
39264	0	8	1	61	304	149	1
39269	1	8	1	61	289	149	0.238932814284
39270	3	0	1	3	350	149	4.92784749729e-05
39271	3	8	1	61	534	149	0.0538973488159
39274	2	2	2	0	251	149	0.00345657823506
39278	269	4	3	2	226	149	0.0175432291538
39279	319	5	7	0	215	149	0.373869431328
39284	21	0	0	1	299	149	1.5991725095e-05
39285	24	1	0	2	299	149	1.91777880477e-05
39287	1	87	0	79	221	149	1
39288	66	2	267	0	380	149	0.358385035275
39293	1473	1	10	0	348	149	1
39294	464	1	226	0	269	149	1
39300	9	134	13	57	269	149	0.0113231759848
39301	225	13	85	7	256	149	0.585791767933
39302	108	2	40	0	256	149	0.772119456104
39303	199	2	53	0	271	149	0.53129481153
39304	317	3	97	0	271	149	0.643278352392
39305	327	4	108	0	312	149	0.278280998019
39306	65	7	86	0	267	149	0.000353391179699
39307	17	204	0	60	213	149	0.00316153716209
39313	1257	1	255	0	648	149	1
39314	491	1	123	0	290	149	1
39315	629	3	104	0	326	149	1
39316	1	17	4	45	262	149	0.413863530358
39317	0	1	2	1	262	149	0.0111413584291
39318	0	17	2	45	248	149	0.552459172678
39320	14	17	12	45	247	149	0.0247203202255
39321	114	1	108	1	355	149	0.988957231819
39323	98	0	66	1	355	149	0.304810677922
39324	641	11	372	9	423	149	0.519735653969
39325	442	2	265	0	423	149	0.673790202571
39327	246	3	130	0	252	149	0.783660180477
39328	9	2	9	0	252	149	0.025857515526
39329	169	0	86	3	252	149	0.106655621241
39330	225	2	150	0	270	149	0.552663093139
39331	484	1	284	2	270	149	0.680150276166
39332	282	0	188	2	347	149	0.545196226588
39333	44	970	17	1306	395	149	0.0216717692825
39335	0	4	1	16	417	149	0.404362879393
39349	4	118	12	118	267	149	0.0408774892351
39355	5	28	0	5	287	149	0.0333776459395
39358	1	2	1	25	271	149	0.647554029646
39360	65	1	36	0	199	149	0.434807580477
39361	142	2	40	0	207	149	0.527422213531
39362	11	97	2	39	254	149	0.163048207022
39363	17	13	3	5	211	149	0.235744330171
39364	2	64	0	23	223	149	0.524616332497
39371	0	1	4	8	501	149	0.0351355518767
39378	37	1	15	0	210	149	0.298074517896
39379	114	1	36	0	246	149	0.661193800831
39380	90	1	34	0	282	149	0.420091893766
39383	2	0	1	4	206	149	0.000140070217467
39385	696	0	205	1	219	149	1
39386	449	9	148	3	161	149	0.873578795908
39387	257	2	103	0	233	149	0.737027917555
39388	392	2	211	3	269	149	0.503263593128
39394	0	3	2	25	273	149	0.308858167124
39403	10	193	11	192	185	149	0.829247293303
39404	596	1	390	4	241	149	0.812664358556
39405	91	0	123	8	241	149	0.0018864464377
39406	416	0	261	8	261	149	0.00250184057175
39407	918	0	532	2	261	149	1
39408	483	1	241	0	261	149	1
39409	213	1	143	0	221	149	1
39410	652	12	426	4	221	149	0.182310418963
39411	244	0	143	1	221	149	1
39412	0	428	3	292	290	149	1
39413	328	0	197	1	257	149	1
39414	743	18	484	6	257	149	0.120997906621
39416	0	312	1	222	197	149	1
39418	2	0	28	2	304	149	0.101901919055
39419	10	2	20	15	182	149	0.0529352992993
39420	126	8	14	1	250	149	0.754750548921
39421	8	4	7	2	250	149	0.524641405741
39422	713	0	53	5	748	149	4.87091789914e-06
39424	114	2	32	1	265	149	0.622176377378
39429	272	5	212	0	347	149	0.0507133041511
39430	3	109	3	85	194	149	0.815121931888
39432	223	6	132	3	257	149	0.700582335727
39434	96	1	129	4	277	149	0.158755467101
39435	10	16	4	16	199	149	0.150208565884
39441	380	1	124	0	288	149	1
39447	683	2	745	0	300	149	1
39451	448	1	665	2	294	149	1
39452	23	446	3	149	345	149	0.0682297299164
39453	14	446	2	149	304	149	0.313602948725
39454	255	0	410	2	232	149	1
39455	311	1	87	0	276	149	1
39456	1401	26	317	1	423	149	0.00634016903384
39459	722	9	194	2	245	149	0.564787500801
39461	2	23	0	14	259	149	0.34317839847
39464	15	1	2	2	327	149	0.020285335274
39465	8	2	5	0	324	149	0.0173657620132
39467	10	2	8	0	312	149	0.0233320017239
39471	8	2	21	1	366	149	0.148226911462
39473	0	2	7	8	251	149	0.00338895653708
39478	313	0	187	2	240	149	0.538360024007
39480	2443	2	2052	0	281	149	1
39481	37	2	9	0	256	149	0.148402412292
39482	91	2	26	0	315	149	0.298947386037
39483	124	0	28	1	322	149	0.236784028566
39485	196	3	38	0	302	149	0.289587690591
39486	79	46	16	16	306	149	0.17610289249
39488	2	283	0	3	309	149	1
39489	234	2	2	0	311	149	0.533967911544
39490	775	5	6	0	254	149	0.833206026871
39491	449	2	5	0	314	149	1
39492	603	1	4	0	213	149	1
39493	1444	1	16	0	324	149	1
39494	1098	3	7	0	321	149	1
39495	1530	18	17	0	388	149	0.131481667993
39496	230	1	2	0	201	149	1
39498	1108	10	8	0	252	149	0.508537380197
39500	14	1	1	0	245	149	0.300590784305
39502	6419	0	7470	3	322	149	1
39503	3224	0	3288	3	407	149	1
39504	1299	0	4647	1	282	149	1
39505	6349	0	5378	1	205	149	1
39506	2	26034	0	4643	210	149	1
39510	78	1	113	0	373	149	0.3238750401
39511	55	0	92	5	344	149	0.0098001165213
39513	99	2	16	0	266	149	0.424969429204
39514	25	2	5	0	342	149	0.0744525939762
39515	49	0	17	2	326	149	0.0280535043201
39516	18	2	4	0	288	149	0.062628163825
39517	30	9	12	3	288	149	0.761211768383
39526	103	0	108	1	326	149	0.440639843733
39527	161	0	195	1	237	149	1
39528	76	4	45	2	246	149	0.723001550043
39532	0	2	15	247	467	149	0.265120234643
39534	0	2	11	247	400	149	0.421658086982
39540	0	43	11	46	496	149	0.000857995911272
39550	6	0	421	18	789	149	0.0151816965761
39555	3	0	11	10	275	149	0.00121682758398
39556	444	2	323	0	274	149	1
39557	318	3	284	0	218	149	0.644792337456
39559	6	99	4	61	371	149	0.932549281215
39560	276	2	81	0	286	149	0.613149311208
39561	142	1	53	0	236	149	1
39562	11	5	12	2	211	149	0.22265905628
39563	196	2	73	0	322	149	0.524310645013
39564	1	74	1	26	221	149	0.362855195353
39565	87	4	68	0	279	149	0.0295801528148
39567	52	10	8	4	272	149	0.206852103727
39568	53	19	7	2	305	149	0.667795404221
39569	165	1	14	0	264	149	1
39570	7	20	11	23	236	149	0.570310245536
39572	41	2	62	12	543	149	0.0287298686751
39573	1395	3	624	0	279	149	1
39574	1248	1	555	3	278	149	1
39575	1109	2	534	0	295	149	1
39576	1992	0	763	2	335	149	1
39579	539	0	471	5	241	149	0.659501573032
39585	0	13	2	27	279	149	0.514608105816
39586	2	13	10	27	429	149	0.164196392098
39589	0	20	1	34	227	149	0.457562366278
39593	0	1	3	5	327	149	0.0268770803817
39595	0	1	2	5	267	149	0.0720303433438
39607	14	0	3	2	335	149	0.00204050056847
39610	79	4	104	10	197	149	0.238182711646
39611	88	36	45	104	242	149	2.49843978839e-09
39632	3	0	9	3	240	149	0.0062318273042
39634	0	2	1	2	248	149	0.793953513829
39640	2	9	3	1	302	149	0.0352861509727
39642	9	0	8	2	260	149	0.0208620483933
39656	9	58	3	28	176	149	0.487345261653
39657	28	58	5	28	179	149	0.0364771562671
39658	70	3	37	0	177	149	0.128112803701
39659	9	0	8	10	223	149	2.8716222391e-05
39661	71	2	91	0	260	149	0.548487656277
39662	9	2	13	39	285	149	0.000431163668505
39663	1	2	7	39	280	149	0.388992824057
39677	22	0	14	2	254	149	0.0338532746259
39679	71	2	4	0	269	149	0.279963179577
39693	3	0	144	78	1302	149	0.00478511553555
39695	28	147	25	17	2064	149	4.85158628827e-07
39696	4	50	2	14	245	149	0.785678334154
39697	79	3	18	0	218	149	0.151715046651
39709	337	1	174	0	333	149	1
39717	151	2	79	0	227	149	0.529140588273
39718	3	140	2	57	249	149	0.88556165397
39726	2	0	5	5	311	149	0.000594988057427
39733	39	15	14	15	223	149	0.0327345476968
39734	1	36	2	10	290	149	0.150594122012
39737	0	80	1	11	220	149	0.247250816807
39738	9	32	0	13	264	149	0.00297396050429
39743	2	12	0	9	253	149	0.117554715556
39744	0	1	1	0	226	149	7.32941196581e-05
39745	30	8	10	0	261	149	0.00166428897335
39747	4	2	3	7	202	149	0.100911254876
39758	62	57	6	34	161	149	2.62072026579e-05
39765	40	0	108	1	302	149	0.470919984559
39777	3	2	0	1	423	149	0.0137337882761
39779	3	2	0	1	222	149	0.00393257978802
39791	1	1	2	142	705	149	0.177989185169
39793	0	259	1	160	212	149	1
39794	334	2	217	2	237	149	0.585545421987
39797	0	1	3	35	302	149	0.254257976416
39802	2	95	1	27	239	149	0.471913393187
39803	60	0	29	1	288	149	0.307062985023
39804	249	4	18	0	315	149	0.233945260252
39805	19	99	2	8	206	149	0.64261489777
39806	103	3	18	0	311	149	0.141888103518
39807	77	1	8	0	308	149	0.352651274318
39808	78	7	2	0	474	149	0.0124924806088
39822	2	23	0	93	236	149	0.599216901305
39825	3	403	0	142	209	149	1
39829	5	677	4	180	209	149	0.743220714016
39830	313	1	318	0	250	149	1
39832	0	2	11	32	243	149	0.0119959071465
39833	0	7	2	43	308	149	0.527295805677
39834	1	0	54	4	287	149	0.0275594002028
39835	1	0	5	29	374	149	0.00603331478188
39841	0	4	4	6	428	149	0.012669384969
39843	2	1	6	4	220	149	0.771660206141
39851	4	4	1	0	204	149	0.00144889123717
39852	100	1	23	4	399	149	0.00272157822969
39854	122	2	28	0	399	149	0.310315529582
39855	70	2	18	0	399	149	0.174816971588
39858	42	2	8	0	255	149	0.172808479898
39867	23	50	9	50	199	149	0.0295291517619
39868	49	6	19	5	219	149	0.29115009966
39869	88	0	38	1	219	149	0.296697085269
39872	176	4	117	0	285	149	0.0874555231956
39874	5	38	3	37	266	149	0.470321083712
39880	52	4	23	1	354	149	0.398886124791
39882	522	1	271	0	320	149	1
39885	33	2	20	0	232	149	0.121364024042
39889	5	13	8	36	554	149	0.555279260655
39890	158	0	90	3	314	149	0.067014991603
39892	903	2	268	0	629	149	1
39894	90	0	50	2	244	149	0.341727594531
39895	79	0	61	2	238	149	0.459495476654
39898	2	256	6	310	235	149	0.745608289332
39899	2	0	1	1	235	149	0.016980947428
39903	186	26	10	4	470	149	0.134440130612
39904	184	26	17	4	285	149	0.572370065471
39906	44	9	13	6	188	149	0.215319396611
39907	11	0	4	46	188	149	9.64994750774e-12
39908	13	0	15	46	210	149	2.47089304573e-09
39909	42	1	21	2	210	149	0.227877593156
39910	12	1	1	2	232	149	0.0093163871076
39914	77	10	16	3	197	149	0.834982868674
39922	6	0	0	6	254	149	5.18581073639e-08
39923	2	0	18	3	256	149	0.0181656673993
39933	543	2	140	0	342	149	1
39934	558	1	192	0	331	149	1
39935	26	2	15	0	244	149	0.0943426038688
39936	9790	1	3233	0	5301	149	1
39938	10	2	6	0	279	149	0.0288307969934
39939	14	3	9	34	279	149	8.24312801073e-06
39940	4	3	0	34	239	149	8.43162627548e-05
39942	27	1	4	0	280	149	0.244095718682
39944	4	136	11	40	307	149	0.000120864028275
39946	409	3	145	0	282	149	0.643587399546
39947	226	1	88	0	318	149	1
39948	867	3	218	2	336	149	0.529876682644
39949	528	1	127	0	336	149	1
39950	524	0	127	2	336	149	0.708958691624
39951	432	1	84	0	345	149	1
39952	428	0	83	2	345	149	0.538659769759
39953	772	4	173	0	345	149	0.714697981815
39955	498	4	131	1	267	149	0.672004883809
39958	6	0	23	8	222	149	0.00229441275869
39959	1	0	21	2	218	149	0.109956817108
39962	162	0	72	8	218	149	5.73389853278e-05
39965	49	0	49	1	620	149	0.235691193752
39972	96	2	119	0	286	149	0.873905974854
39977	20	6	11	5	194	149	0.550290756738
39978	72	92	10	9	218	149	0.531155116077
39979	97	23	24	5	257	149	0.738431703908
39980	19	12	1	11	176	149	0.000224468923446
39983	132	1	39	1	248	149	0.324537290274
40001	1522	5	910	0	249	149	1
40003	4	9	9	323	359	149	0.00422649372149
40004	144	1	21	0	336	149	0.575489084113
40005	283	2	40	1	470	149	0.491179685872
40006	623	2	99	1	698	149	0.508774374534
40008	30	0	11	2	345	149	0.0133446518799
40012	96	1	21	0	200	149	0.704964310795
40014	30	2	1	0	266	149	0.129194094678
40017	45	2	1	0	248	149	0.208846834817
40029	1	14	0	55	400	149	0.354646082368
40032	176	2	115	0	281	149	0.531617848783
40036	30	0	116	5	180	149	0.072503821167
40037	17	0	41	4	196	149	0.0238031058676
40038	29	0	94	4	217	149	0.0779667409291
40050	131	0	48	1	314	149	0.282748763428
40051	6	0	1	1	243	149	0.0387647472863
40052	1405	0	1585	1	292	149	1
40053	1	458	3	702	217	149	1
40054	1	7	2	18	241	149	0.760470088652
40059	170	1	92	0	282	149	1
40061	8	0	10	4	289	149	0.000745730078855
40063	13	0	9	4	445	149	0.000182363650199
40065	13	0	9	4	464	149	0.000176971538968
40084	1	0	0	8	232	149	3.15454352248e-05
40086	20	42	3	6	260	149	0.922169225415
40087	172	1	30	0	298	149	1
40088	115	2	16	0	298	149	0.445857455177
40089	4	2	1	0	196	149	0.0166195479334
40090	77	0	19	2	196	149	0.118056042372
40091	33	4	7	3	196	149	0.202520311767
40092	31	4	15	3	234	149	0.67064008753
40093	93	17	29	3	234	149	0.255623476025
40094	5	3	0	2	189	149	0.000902013460759
40097	40	0	26	1	259	149	0.244527960619
40098	1	39	0	23	279	149	0.736031126548
40100	31	18	30	10	191	149	0.23503691068
40101	2	89	4	28	287	149	0.0417421399027
40102	107	0	64	2	245	149	0.613779019002
40103	77	0	20	2	245	149	0.0767855497979
40106	2	1	3	18	324	149	0.15542935492
40107	324	1	153	0	351	149	1
40110	237	0	26	1	2457	149	0.568617247837
40111	2	2	1	0	252	149	0.00369277504871
40113	4	4	0	2	276	149	0.00366015735525
40125	24	0	71	1	269	149	0.369729914782
40127	5	2	7	0	179	149	0.0187922233227
40128	12	2	46	0	183	149	0.0518597696247
40129	6	6	0	11	161	149	0.000104417781827
40136	286	991	164	805	255	149	0.049762030312
40137	1342	12	1185	7	268	149	0.373010987918
40138	1028	0	787	2	268	149	1
40139	1839	3	1105	9	258	149	0.628590598764
40140	1592	3	2391	0	317	149	1
40141	92	940	42	898	268	149	0.00152572185378
40142	1539	1	1538	0	206	149	1
40146	3	1	2	0	178	149	0.374238581522
40147	1	3	0	2	222	149	0.562937351948
40148	6	4	2	4	217	149	0.230397935346
40154	10	2	97	6	306	149	0.469272742854
40155	64	0	146	2	257	149	0.533246682816
40159	167	0	236	1	248	149	1
40165	496	6	19	0	191	149	0.570414358865
40172	31	0	23	1	318	149	0.23064411319
40173	41	0	22	5	320	149	0.000273489102304
40181	7	0	211	2	579	149	0.367649688405
40183	222	6	91	0	239	149	0.0543485917046
40187	682	0	278	1	524	149	1
40188	212	104	67	20	203	149	0.0961338915805
40189	30	120	13	87	468	149	0.152405065188
40190	5	60	0	96	229	149	0.022252228751
40221	71	5	12	1	194	149	0.736202353128
40222	114	2	31	2	237	149	0.365933643551
40223	100	1	26	0	238	149	0.560792706926
40224	26	0	10	2	1661	149	0.000923246744142
40225	36	0	8	2	322	149	0.00809123541568
40226	80	10	13	0	218	149	0.0066038865953
40227	137	0	30	1	308	149	0.244680818491
40228	109	1	49	0	316	149	0.455761115438
40229	281	0	168	5	299	149	0.0152553630777
40230	4	117	0	74	382	149	0.690358179054
40231	104	1	59	3	265	149	0.0838871642614
40232	80	1	36	4	212	149	0.0172637370009
40233	26	9	21	8	400	149	0.864896034716
40235	27	1	3	1	247	149	0.732820862791
40236	16	0	1	1	247	149	0.0917969721464
40237	14	0	4	1	316	149	0.233400660469
40238	28	2	5	0	316	149	0.0929610497667
40239	23	12	21	5	519	149	0.17563504811
40240	15	14	2	5	321	149	0.142860861401
40241	20	0	14	3	224	149	0.00834636853053
40242	1	3	7	0	237	149	7.97751199374e-05
40243	12	3	15	8	403	149	0.278611072196
40244	17	2	1	5	295	149	9.21027638457e-05
40245	17	6	9	1	226	149	0.164492983433
40246	10	2	2	0	226	149	0.043384397832
40247	17	2	3	0	321	149	0.052157670847
40248	19	1	11	2	321	149	0.253683527517
40249	9	1	2	2	306	149	0.0547886708095
40251	5	0	0	7	365	149	1.73263075665e-07
40252	7	0	0	7	240	149	1.38705673614e-08
40254	6	1	5	2	228	149	0.439758013151
40255	3	0	3	2	228	149	0.0074276791758
40256	17	0	7	1	379	149	0.413530744828
40258	24	1	18	2	308	149	0.332475942433
40259	5	2	2	1	317	149	0.845267540797
40262	2	7	0	4	242	149	0.0763436516682
40265	2	2	2	2	235	149	1
40266	178	1	86	0	222	149	1
40267	210	1	50	0	265	149	1
40276	21	2	40	0	268	149	0.0524462894274
40278	0	1	2	35	267	149	0.490580509865
40286	2	50	0	12	173	149	0.520640244778
40291	152	3	55	0	247	149	0.265885465453
40292	3	0	0	2	225	149	9.97801025926e-06
40299	11	64	2	26	271	149	0.166507079312
40304	180	0	110	1	246	149	0.610557360308
40306	220	0	273	1	229	149	1
40307	45	11	17	1	326	149	0.0518994139359
40315	0	1	6	2	366	149	0.00147670238725
40316	1	0	9	2	622	149	0.00779111695707
40322	1	0	0	10	222	149	3.62807656514e-05
40323	1	0	0	1	222	149	7.35566155609e-05
40328	45	1	21	0	218	149	0.321159291012
40329	195	1	69	0	288	149	1
40330	3	115	0	19	314	149	0.7003138469
40334	12	0	5	2	205	149	0.0121585891707
40335	12	26	1	14	186	149	0.0113914849746
40341	2	0	3	22	782	149	0.00076683270811
40342	2	0	3	22	475	149	0.000485722589083
40362	0	1	2	1	271	149	0.0118253805636
40363	0	1	3	1	302	149	0.00307367542284
40369	0	88	2	929	271	149	1
40370	11	3	4	0	312	149	0.00514892711833
40371	12	2	4	0	312	149	0.0336392381654
40372	13	20	8	6	312	149	0.282259755689
40373	5	2	2	0	305	149	0.0104151090485
40375	15	20	6	6	305	149	0.694952753319
40376	2	1	2	0	305	149	0.030373152446
40377	12	2	6	4	305	149	0.116014689644
40378	12	7	11	2	305	149	0.127181591124
40379	22	19	15	5	305	149	0.0962168398662
40380	13	20	0	6	222	149	0.00096663157739
40381	12	2	0	4	222	149	1.3039946637e-05
40382	18	19	2	5	222	149	0.192480652706
40383	13	12	2	6	222	149	0.0955547652027
40384	1	20	0	6	238	149	0.323671931637
40386	134	1	36	0	400	149	0.444565391486
40389	2	3	2	1	324	149	0.36050576751
40392	323	5	43	4	262	149	0.0388945861052
40394	144	1	52	0	279	149	0.847570373555
40395	5	1	6	2	289	149	0.643561252222
40413	19	3	10	2	197	149	0.860543655027
40414	17	2	3	2	197	149	0.156113785735
40415	4	19	0	10	304	149	0.0342066498485
40417	13	39	1	12	216	149	0.0444523553931
40418	104	15	41	7	295	149	0.785051834531
40419	40	1	23	5	245	149	0.0130788791526
40420	14	0	10	2	245	149	0.0266326484897
40421	44	0	14	2	330	149	0.0199233177951
40422	70	1	24	2	330	149	0.151896969457
40423	8	11	4	5	277	149	0.921049835308
40425	11	0	6	3	246	149	0.00191227073743
40426	6	27	3	3	284	149	0.213791615394
40427	8	2	12	0	316	149	0.0144164271471
40428	9	2	2	0	345	149	0.0205650000018
40429	18	2	14	0	264	149	0.0557174301968
40446	0	2	2	0	273	149	1.53482937015e-05
40456	0	4	2	8	233	149	0.0851893521751
40460	0	1	4	0	213	149	1.4634925927e-05
40461	13	237	1	74	256	149	0.0512679383442
40462	495	1	203	0	283	149	1
40463	177	2	154	1	256	149	0.583729900297
40464	6	2	48	1	241	149	0.0470110745682
40465	46	2	19	0	262	149	0.161606008296
40466	59	1	25	0	311	149	0.306807984412
40467	13	1	38	0	408	149	0.272607760869
40468	13	1	8	0	229	149	0.282149342631
40469	21	1	7	0	233	149	0.239529116573
40472	42	0	5	1	278	149	0.205996720366
40480	93	0	86	1	251	149	0.452918439513
40481	65	0	34	1	277	149	0.261965887127
40483	29	0	88	2	316	149	0.28637865283
40484	17	0	52	4	316	149	0.0165917300548
40485	5	0	19	4	215	149	0.00624723059955
40486	16	1	53	0	215	149	0.351102111652
40487	9	0	16	1	223	149	0.228469023446
40488	24	0	40	2	269	149	0.125991437145
40489	32	2	37	2	296	149	0.947647240332
40490	2	3	2	5	330	149	0.764340517203
40491	8	0	9	3	267	149	0.00413502106822
40493	3	5	2	5	310	149	0.65120221595
40494	3	5	1	5	209	149	0.301616312243
40496	3	1	1	0	209	149	0.0832171182331
40498	7	2	9	0	232	149	0.0199260178352
40499	15	0	21	1	232	149	0.238831752972
40500	2	0	11	2	316	149	0.0310013825071
40511	2	0	4	4	331	149	0.00051747688446
40512	2	0	4	4	236	149	0.000854914239355
40523	398	5	99	3	191	149	0.458172901328
40524	120	2	37	0	191	149	0.529578999889
40525	92	2	25	2	191	149	0.368974951538
40526	165	2	48	0	194	149	0.557926853112
40527	457	30	118	13	194	149	0.224059060455
40528	375	5	125	2	194	149	0.777831510521
40529	238	12	84	3	188	149	0.450247972714
40530	548	12	196	3	191	149	0.427023156337
40531	487	273	266	93	206	149	0.0173399900932
40532	797	133	510	43	278	149	0.00242662495493
40533	109	253	40	160	194	149	0.0269315485713
40540	0	23	2	31	230	149	0.574448912844
40552	4	6	5	22	214	149	0.236784177242
40553	3	9	6	53	214	149	0.368412825627
40554	4	0	5	18	214	149	4.05314376888e-05
40555	3	3	5	28	214	149	0.123905188721
40557	43	14	49	36	475	149	0.038070209149
40558	37	4	45	20	475	149	0.00764471077806
40559	43	7	47	30	475	149	0.00241566283131
40560	37	4	43	15	475	149	0.0319096636737
40561	374	4	280	15	318	149	0.00143785892336
40562	381	4	286	20	318	149	6.84482458405e-05
40563	378	5	258	4	318	149	0.915044443131
40564	463	2	321	0	224	149	1
40573	269	9	12	0	257	149	0.0548070071194
40576	287	5	170	0	326	149	0.0743448121169
40577	271	2	163	0	310	149	0.567352389512
40578	296	0	86	1	321	149	0.37276437557
40579	1	188	12	78	287	149	2.66907255124e-05
40581	214	1	107	0	311	149	1
40594	4	1	0	2	237	149	0.00033270442122
40595	4	2	11	3	242	149	0.522832424801
40596	18	3	6	0	242	149	0.0177936634394
40597	1	4	1	4	224	149	1
40601	6	0	22	2	277	149	0.0799686912775
40614	65	2	30	1	184	149	0.944166468189
40615	5	0	2	1	184	149	0.199408842452
40616	567	3	217	0	454	149	0.628605289306
40617	415	0	153	1	454	149	0.446876192851
40618	337	1	188	0	363	149	1
40620	288	3	116	0	319	149	0.767190250578
40623	69	2	30	0	332	149	0.184299171804
40625	92	10	37	4	332	149	0.971310742931
40629	2	36	0	22	272	149	0.593263876699
40632	20	10	0	4	873	149	0.000416579645327
40635	2	77	2	17	400	149	0.632391078587
40636	1	77	0	17	207	149	1
40637	0	77	2	17	256	149	0.460120767747
40640	183	1	54	0	305	149	1
40644	1	0	15	50	191	149	0.00353436707657
40649	2	0	0	1	275	149	4.44655336047e-05
40650	2	4	0	5	190	149	0.027235771463
40654	18	2	8	4	247	149	0.0834417346534
40658	0	2	2	9	247	149	0.113984937641
40660	2	0	11	3	217	149	0.0109760041367
40666	11	12	0	7	185	149	0.000249302292626
40676	3	0	11	4	318	149	0.00177778268383
40686	2	5	0	52	298	149	0.0859869459094
40687	3	99	3	658	221	149	0.756220356444
40688	326	0	1194	7	288	149	0.787369248174
40689	385	0	345	2	272	149	1
40690	210	1	339	0	223	149	1
40699	1	0	2	6	710	149	0.00027937556112
40708	10	9	2	7	288	149	0.0720829379799
40709	8	60	3	31	288	149	0.510924348318
40710	8	1	3	1	288	149	0.444303634364
40711	6	1	4	1	288	149	0.752976695805
40714	23	60	16	31	198	149	0.490457470238
40715	15	4	9	4	198	149	0.514809300858
40716	17	0	9	1	198	149	0.238266377786
40718	1	60	2	31	269	149	0.695183484364
40720	1	26	0	17	269	149	0.420822759308
40721	2	60	0	31	238	149	0.524185199937
40722	4	26	0	17	238	149	0.0318146401999
40724	1460	6	330	0	253	149	1
40725	680	3	162	0	203	149	1
40726	959	57	265	7	362	149	0.0255300617738
40727	787	10	291	0	362	149	0.0395538779059
40728	337	0	123	2	198	149	0.530964786536
40729	805	2	217	3	311	149	0.510432844325
40730	715	9	182	0	271	149	0.134176818327
40731	10	0	18	2	287	149	0.0553007725043
40733	4	1	4	0	269	149	0.28944107322
40734	1	1	2	3	288	149	0.758781850256
40735	1	4	2	2	296	149	0.272270628305
40743	2	0	7	2	238	149	0.0253221778967
40744	4	0	4	6	283	149	0.000168114780801
40745	29	3	157	5	348	149	0.258602779378
40752	30	0	11	1	230	149	0.238215161284
40753	46	0	22	1	233	149	0.331774948782
40765	597	0	323	8	244	149	0.0077757713527
40767	19	12	0	199	267	149	0
40768	542	9	128	9	252	149	0.0076768780819
40770	285	0	132	1	244	149	1
40779	87	0	134	2	239	149	0.53534241549
40780	43	0	51	2	243	149	0.228757932827
40781	0	46	3	97	248	149	0.673495213798
40782	17	46	6	97	192	149	0.000227133085975
40784	18	3	4	0	253	149	0.0175088604337
40785	2	18	0	5	212	149	0.177468508315
40793	0	6	4	17	250	149	0.0251092481339
40795	132	1	60	0	240	149	1
40797	17	0	123	2	305	149	0.485663533324
40798	1	2	45	3	250	149	0.0104358156919
40799	23	2	90	1	250	149	0.115061801274
40800	4	2	3	1	219	149	0.721248013793
40801	3	23	0	49	219	149	0.0455877462692
40806	8	0	8	3	238	149	0.00411562624285
40807	7	0	5	3	218	149	0.00211636484587
40812	162	1	49	0	210	149	1
40813	133	2	48	0	212	149	0.53011455152
40814	38	91	4	30	345	149	0.0154217069941
40815	28	91	0	30	236	149	3.92576050312e-05
40819	2	19	0	50	257	149	0.536086552964
40821	463	5	200	7	243	149	0.0590422487241
40822	365	2	183	0	204	149	1
40823	430	4	243	0	277	149	0.931894315677
40824	413	1	209	0	252	149	1
40826	692	1	250	0	230	149	1
40827	409	0	230	4	242	149	0.297357893884
40835	8	139	1	81	203	149	0.0462762411871
40836	90	1	46	0	226	149	0.525864914625
40837	205	28	96	19	209	149	0.313843375259
40838	75	3	38	0	209	149	0.118086894117
40839	118	3	60	0	218	149	0.216662938869
40840	228	11	99	2	218	149	0.125194967484
40842	2	0	0	1	247	149	4.39978720986e-05
40843	224	0	99	8	247	149	8.05914013521e-05
40844	106	1	64	0	209	149	0.801335853404
40849	97	1	40	0	265	149	0.481413032361
40850	4	201	4	53	352	149	0.2157596414
40853	176	1	68	4	275	149	0.0155360236599
40854	222	4	99	3	297	149	0.669459371801
40862	0	1	2	7	203	149	0.0742536558149
40863	2	11	2	10	203	149	0.935813820313
40866	13	2	17	0	218	149	0.0407243392164
40875	3	4	2	62	316	149	0.0100787297219
40876	0	3	4	16	310	149	0.0381565871117
40877	159	0	52	1	418	149	0.263726680337
40878	123	9	32	3	344	149	0.802181094865
40879	101	8	19	8	344	149	0.00429939602426
40880	93	8	33	8	347	149	0.0660313638236
40881	118	12	46	3	347	149	0.401352232958
40882	78	8	29	2	199	149	0.463925130526
40883	12	98	1	37	345	149	0.0247704625244
40884	7	54	7	20	239	149	0.125092871279
40885	15	54	7	20	227	149	0.77723162507
40888	9	67	0	29	272	149	0.00699117389552
40890	201	1	62	0	270	149	1
40892	4	2	0	2	219	149	0.000731606145893
40893	6	2	9	0	259	149	0.0134649765246
40894	0	2	4	0	262	149	6.21475077989e-06
40896	1	20	0	5	270	149	0.349619081731
40898	8743	42	54	0	251	149	1
40899	673	6267	17	19	269	149	1.70972563995e-07
40905	72	1	125	0	305	149	0.342219388103
40906	100	1	248	0	296	149	0.447566747287
40910	123	0	180	2	257	149	0.530140426312
40913	82	4	156	2	269	149	0.10936634937
40917	1	10	0	57	337	149	0.273664092771
40925	0	12	5	2	212	149	2.97645065932e-05
40930	3	0	21	95	299	149	0.000132125009923
40931	7	0	15	95	770	149	9.82576443542e-08
40936	1	156	0	255	247	149	1
40938	117	2	59	0	204	149	0.530670338606
40939	2	34	1	28	316	149	0.507093198319
40942	3	16	0	1	280	149	0.0928849760613
40957	0	3	1	6	180	149	0.322158410936
40958	4	15	4	12	211	149	0.810576155419
40959	6	17	2	19	211	149	0.111489673792
40960	27	17	20	19	196	149	0.365307939794
40961	12	2	10	0	196	149	0.0503345867565
40962	969	0	333	1	1006	149	0.433062438908
40963	4	147	2	73	229	149	0.843198104266
40964	227	1	92	0	184	149	1
40965	278	1	92	1	275	149	0.443812093043
40973	1	720	0	206	199	149	1
40974	4007	2	1012	0	806	149	1
40975	13	1297	3	154	246	149	0.751494664987
40984	99	2	72	1	237	149	0.561660060395
40985	78	1	48	0	247	149	0.416562022403
40988	107	2	134	12	272	149	0.00948644274036
41001	188	0	108	2	261	149	0.652105675169
41003	144	3	40	0	234	149	0.257253504873
41004	4	31	0	10	193	149	0.040477051662
41005	39	60	17	25	212	149	0.941384677068
41006	40	0	19	1	207	149	0.337419701653
41007	323	3	50	0	282	149	0.653646954672
41012	4	13	0	14	326	149	0.0147377938269
41013	15	1	11	0	186	149	0.230360985724
41014	1	18	0	7	234	149	0.302786391429
41015	1	3	0	7	258	149	0.229713722916
41016	55	3	20	7	316	149	0.00664638095199
41019	0	8	2	21	228	149	0.206377557816
41024	3	0	0	2	214	149	9.96374689433e-06
41025	3	3	0	6	243	149	0.00465802585229
41028	169	1	47	0	244	149	1
41029	222	3	47	6	242	149	0.00219124331213
41030	166	2	50	0	267	149	0.531646144029
41031	177	4	35	2	236	149	0.728639646915
41032	136	25	19	25	227	149	4.2946579959e-07
41033	3	5	0	3	279	149	0.0172656833113
41034	2385	12	226	0	297	149	1
41035	1019	1	172	0	332	149	1
41036	2	0	62	5	242	149	0.0226774764172
41039	5	1	11	29	242	149	0.00680875320124
41040	5	0	13	33	242	149	2.83814641526e-05
41041	1	0	5	3	242	149	0.00241948061825
41042	1	0	6	6	242	149	0.00146876443498
41046	2	1	0	29	242	149	0.00379524075367
41047	2	0	4	3	242	149	0.00152993284401
41049	1	0	78	33	242	149	0.00759772678931
41053	5	0	352	4	254	149	0.508413995133
41054	8	0	257	22	260	149	0.0147861761944
41055	264	1	111	0	303	149	1
41056	2	0	0	2	248	149	1.61453315968e-05
41057	246	0	92	2	219	149	0.642271354345
41058	66	1	60	2	234	149	0.390944454185
41067	108	4	99	4	276	149	0.913132704576
41068	21	3	244	2	239	149	0.0108196534702
41069	2	0	204	1	298	149	1
41070	2	0	619	1	716	149	1
41071	2	0	1042	1	1073	149	1
41076	0	46	2	23	195	149	0.391852985328
41078	96	1	35	0	276	149	0.459059091788
41079	124	1	67	0	369	149	0.445687723326
41085	0	170	2	244	246	149	1
41095	178	2	78	4	279	149	0.0742680942061
41096	201	4	103	0	305	149	0.109869817073
41097	83	0	50	2	259	149	0.279837896979
41126	3	0	0	5	319	149	2.15748818588e-06
41138	1	54	0	28	274	149	1
41141	0	54	2	27	260	149	0.90120389408
41142	82	1	95	0	227	149	0.475219566149
41143	261	0	264	2	323	149	0.548106001469
41145	284	0	228	2	287	149	0.542027584026
41148	15	53	6	13	253	149	0.539735154806
41149	15	0	17	3	281	149	0.00983453037754
41174	2	0	0	1	189	149	4.13736376821e-05
41175	2	0	0	1	211	149	4.26971418064e-05
41178	19	0	158	2	238	149	0.528011031144
41184	10	2	9	0	218	149	0.0359830177957
41190	10	5	3	0	311	149	0.00147829762212
41198	74	51	4	5	1413	149	0.211772525311
41199	111	1	5	0	311	149	0.470072430266
41203	5	2	1	0	191	149	0.0234431524403
41204	1	23	0	23	191	149	0.313550240856
41205	9	23	2	23	235	149	0.0287960861799
41206	7	18	2	9	235	149	0.417821758036
41207	13	1	3	0	235	149	0.304324770345
41208	506	0	122	1	316	149	0.508394820293
41209	984	5	242	2	342	149	0.700724414705
41210	869	8	201	4	317	149	0.412508660566
41211	463	1	93	0	317	149	1
41212	2617	1	795	0	1248	149	1
41214	372	4	108	4	198	149	0.147526573261
41217	23	29	8	28	197	149	0.0292889868736
41220	2	2	3	0	372	149	0.00142901212253
41226	0	5	2	7	312	149	0.0930102458518
41232	14	0	43	1	326	149	0.266261613228
41233	39	0	58	3	355	149	0.0406814904451
41234	22	0	32	3	377	149	0.0168792593496
41236	30	3	36	0	288	149	0.0171028454466
41240	12	0	25	2	247	149	0.0938921734913
41241	360	2	155	0	335	149	0.703364056743
41242	250	0	52	2	279	149	0.397672017633
41243	7	166	2	92	255	149	0.268121680449
41244	5	133	0	55	232	149	0.238534996758
41248	0	57	2	37	249	149	0.627839757059
41249	4	0	6	1	260	149	0.591788962046
41251	0	4	1	214	456	149	1
41255	0	4	4	33	520	149	0.227243713791
41273	1357	2	255	0	208	149	1
41274	565	2	264	3	243	149	0.680262699318
41275	236	0	133	1	230	149	1
41276	142	1	72	0	245	149	1
41277	130	1	60	0	298	149	0.58943786873
41278	682	1	237	0	224	149	1
41279	37	348	4	150	281	149	0.00170125855009
41280	543	3	229	0	306	149	0.818252777363
41281	500	2	221	4	306	149	0.139544165712
41323	1	15	5	12	227	149	0.0384385130485
41324	4	15	7	12	311	149	0.260454110187
41325	29	0	15	1	229	149	0.229665389209
41328	65	0	46	1	812	149	0.240032143607
41329	8	0	6	3	296	149	0.00152712976009
41331	7	11	14	11	272	149	0.248979666026
41334	3	7	0	5	180	149	0.0121215356696
41335	1	4	1	13	180	149	0.791049417124
41336	9	2	2	1	247	149	0.473342289681
41337	15	4	7	13	247	149	0.00338621553749
41338	11	0	2	1	247	149	0.121877175452
41350	141	2	166	0	233	149	0.53433337031
41351	193	0	218	5	251	149	0.0626564509062
41352	2	107	0	134	198	149	0.605666173043
41353	2	107	0	134	213	149	0.65693449082
41356	71	0	17	2	309	149	0.0358755008021
41357	104	2	27	1	284	149	0.594492030162
41359	68	0	1083	3	278	149	1
41360	168	1	1174	14	331	149	0.170171614692
41364	61	1	22	0	303	149	0.31381174334
41366	2	53	0	12	220	149	0.584172954987
41367	2	53	0	12	296	149	0.523344140813
41369	212	3	43	0	316	149	0.297346628128
41377	126	2	1	0	291	149	0.474642982729
41380	47	10	2	0	241	149	0.00956516757122
41381	21	36	2	0	241	149	0.00155185581751
41383	2	41	1	2	278	149	0.384510415562
41398	106	4	24	9	284	149	0.000202915940969
41399	186	35	38	3	228	149	0.0770562937977
41400	164	3	31	0	192	149	0.484401912956
41404	74	2	29	0	263	149	0.304279518313
41405	54	2	32	0	278	149	0.180699168461
41406	112	16	62	6	278	149	0.391726489658
41407	289	1	148	0	636	149	0.626197704362
41408	269	2	107	0	548	149	0.575138856581
41409	7	0	2	2	275	149	0.00202052841952
41410	49	5	28	2	218	149	0.53218868867
41412	2	28	1	10	267	149	0.700674561561
41413	5	28	2	10	239	149	0.836934751668
41415	354	1	143	0	253	149	1
41417	46	0	28	2	283	149	0.0744517446679
41418	90	0	46	1	279	149	0.288445198633
41419	79	2	33	2	276	149	0.529875637648
41420	73	4	23	3	252	149	0.415236564517
41421	125	100	38	81	223	149	0.000279903587802
41422	4	2	96	46	185	149	0.941809008932
41424	19	5	1	1	256	149	0.293111169314
41425	26	3	8	1	287	149	0.799167558949
41426	25	3	3	1	217	149	0.649716186006
41427	5	1	3	0	178	149	0.747794902806
41428	39	4	5	0	222	149	0.0227896622954
41429	7	5	0	1	222	149	0.00269496166343
41430	13	4	2	1	222	149	0.624256544519
41431	16	3	5	2	222	149	0.452860584113
41432	31	4	2	2	222	149	0.0951071901504
41435	1	0	2	3	196	149	0.00083518383979
41444	79	1	48	3	256	149	0.0941373609615
41448	28	2	10	0	304	149	0.0894800647816
41451	0	3	3	8	273	149	0.0321637924232
41453	0	3	4	8	343	149	0.0150028280593
41475	12	65	5	57	209	149	0.153983622174
41476	388	2	155	0	296	149	1
41487	150	0	49	1	254	149	0.308372378839
41488	211	2	64	0	225	149	0.597039311326
41489	71	0	31	1	225	149	0.270928873247
41490	115	0	38	1	270	149	0.272821984253
41498	57	0	265	5	228	149	0.19517522901
41499	196	1	912	4	322	149	1
41500	128	1	83	0	232	149	1
41501	84	2	58	0	252	149	0.565074054231
41502	31	2	21	0	252	149	0.102515794725
41503	33	2	20	0	272	149	0.104492065135
41504	84	0	59	2	272	149	0.325815498503
41505	39	1	23	4	343	149	0.0362437274199
41506	26	5	25	4	218	149	0.790157556662
41507	38	39	32	12	218	149	0.0143913996685
41510	107	1	35	0	227	149	0.684083892437
41517	11074	24	5737	7	211	149	1
41518	7416	4	4221	0	262	149	1
41519	331	0	83	1	342	149	0.347246428326
41520	281	2	96	1	224	149	0.581781389868
41521	26	3	9	0	212	149	0.0361492024599
41522	175	2	41	0	242	149	0.529884985761
41523	68	0	27	2	338	149	0.0584667229973
41525	76	0	51	1	208	149	0.34839096815
41538	13	0	27	1	217	149	0.261951506162
41539	32	0	45	2	222	149	0.201991716113
41540	12	1	37	0	232	149	0.706209915628
41544	3	28	1	22	218	149	0.270371717068
41545	3	18	1	1	218	149	0.576741876998
41546	98	0	64	2	317	149	0.286870536073
41547	35	0	17	2	226	149	0.0507953324745
41552	689	3	17	0	275	149	1
41557	73	2	35	0	465	149	0.13922331335
41558	25	1	11	0	314	149	0.23384066352
41561	2	6	0	3	200	149	0.0547593241354
41565	3	12	1	5	227	149	0.600863869858
41572	3	5	0	1	228	149	0.0147418846531
41574	4	9	0	1	241	149	0.0109728093811
41588	422	2	214	0	301	149	1
41589	2	14	6	84	200	149	0.702780355815
41600	43	16	18	14	311	149	0.110569384049
41601	54	1	28	0	214	149	0.359483159256
41602	75	0	39	2	288	149	0.143127071639
41621	2	76	0	226	309	149	0.685036345575
41641	67	1	4	0	244	149	0.378121590816
41642	223	1	16	0	320	149	1
41653	7	1	4	0	176	149	0.420738609476
41655	0	1	1	0	289	149	6.87262305005e-05
41659	2	0	11	2	226	149	0.0488370487447
41660	2	0	8	2	317	149	0.0197807882325
41661	3	0	6	9	326	149	0.000457664579328
41664	119	1	47	0	167	149	1
41665	965	1	185	0	476	149	1
41666	589	2	174	0	309	149	1
41667	960	1	148	0	467	149	1
41668	1094	23	188	8	383	149	0.194449570726
41669	721	2	132	0	302	149	1
41670	7077	10	564	0	5657	149	0.0452496870464
41671	1453	4	167	0	2879	149	0.118047945698
41672	575	2	113	0	242	149	1
41673	3	476	0	89	248	149	1
41685	42	10	43	5	252	149	0.202551427648
41688	13	196	8	37	266	149	0.0404631181432
41689	8	4	6	0	266	149	0.000682105488975
41692	44	0	6	2	224	149	0.0119550317395
41693	38	1	5	0	259	149	0.27534946025
41694	71	0	0	2	200	149	1.76887583103e-06
41699	5	75	5	11	246	149	0.0178045424999
41700	0	2	2	1	291	149	0.0112143167338
41701	2	2	2	0	309	149	0.00225640286518
41704	285	3	49	0	244	149	0.646096076953
41707	11	3	4	1	259	149	0.916335723206
41708	19	67	8	24	259	149	0.88277198974
41713	262	1	109	0	290	149	1
41716	0	448	1	554	282	149	1
41717	0	448	1	554	222	149	1
41719	2655	0	1809	3	272	149	1
41720	1134	1	833	4	272	149	1
41721	4	1524	5	988	451	149	1
41722	1861	1	945	4	258	149	1
41723	3359	2	1929	1	258	149	1
41724	62	6	63	0	264	149	0.0015876578156
41725	600	0	334	2	1080	149	0.770824958326
41727	2	27	0	4	231	149	0.280279517125
41728	46	0	16	1	335	149	0.242217309222
41731	39	2	2	0	901	149	0.0398001400728
41733	51	1	4	0	279	149	0.302554659754
41736	8	0	3633	1	333	149	1
41737	573	0	4169	1	204	149	1
41738	2	423	2	179	307	149	1
41739	2	423	1	179	270	149	1
41740	1130	0	440	2	340	149	1
41741	1	398	0	179	248	149	1
41744	193	0	67	3	211	149	0.111038411614
41745	263	0	111	1	219	149	0.799852078931
41746	153	2	83	1	244	149	0.73288469306
41749	2	68	0	28	252	149	0.53382345908
41752	358	0	126	2	210	149	0.524963760079
41754	484	4	148	0	544	149	0.204608184909
41767	0	3	2	15	280	149	0.205022952039
41769	5202	9	1820	2	281	149	1
41771	6751	2	1491	0	230	149	1
41772	9324	2	2228	0	233	149	1
41773	27	1580	3	521	244	149	1
41774	29	4082	1	1236	244	149	1
41775	6396	3	1823	0	290	149	1
41776	8900	0	2540	1	290	149	1
41777	887	0	420	3	188	149	1
41778	1799	4	2475	4	257	149	1
41784	0	8	2	8	272	149	0.0801507415746
41786	0	37	2	17	267	149	0.463374907341
41787	83	1	45	0	249	149	0.442380093869
41788	46	1	26	0	243	149	0.306166924476
41789	1	57	4	29	270	149	0.0383433912283
41791	5	20	0	12	173	149	0.00437210756093
41792	33	6	21	7	230	149	0.325198056844
41796	58	1	20	0	248	149	0.34031175313
41799	58	2	38	0	220	149	0.323883696929
41800	1	28	0	19	191	149	0.349011046671
41802	2	33	6	15	401	149	0.0161442654034
41806	57	5	18	2	302	149	0.772790921961
41809	2	12	0	20	274	149	0.18105429458
41810	33	0	23	1	289	149	0.232776848218
41811	4	18	1	12	354	149	0.199863273121
41812	5	18	0	12	345	149	0.0131980361106
41813	1	19	2	4	324	149	0.113661982088
41818	220	43	74	11	286	149	0.411736616709
41819	401	43	145	11	314	149	0.290851098758
41820	74	0	22	1	217	149	0.247307647029
41821	130	85	45	52	217	149	0.0421434605874
41822	1	85	4	52	208	149	0.0664839481356
41823	9	68	6	28	208	149	0.511162330907
41825	56	14	65	16	314	149	0.976008204738
41826	233	5	135	0	446	149	0.03197246414
41831	39	0	18	2	612	149	0.0133254777874
41832	4	0	0	2	206	149	5.72454157355e-06
41835	14	73	11	8	301	149	0.000622589345131
41836	296	4	16	0	235	149	0.432128726265
41841	6	3	0	1	313	149	0.00221428819747
41842	7	1	1	0	253	149	0.939764913906
41843	12	7	4	5	330	149	0.294415853143
41844	11	7	16	2	351	149	0.0326820231544
41845	5	2	5	6	254	149	0.21408205372
41846	23	2	4	2	311	149	0.123136581896
41847	75	6	2	0	256	149	0.0237797729364
41848	36	7	0	1	272	149	0.00174749115119
41849	35	8	1	0	272	149	0.00947340645987
41850	20	8	1	0	308	149	0.00554021674361
41851	86	6	1	0	308	149	0.0240452741744
41852	44	24	0	1	308	149	0.00346306916156
41853	44	24	4	1	267	149	0.33403646985
41854	82	4	5	0	267	149	0.0602510280414
41855	0	39	1	4	349	149	0.210217464877
41858	228	7	9	0	265	149	0.0632215951428
41859	88	9	3	0	265	149	0.0172511062525
41860	238	9	8	0	282	149	0.0452752411364
41861	377	4	14	0	282	149	0.473440242171
41862	12	190	0	10	237	149	0.0745329943944
41863	373	3	17	0	287	149	0.635299068208
41864	319	25	36	1	326	149	0.0868926942671
41865	2	38	0	10	267	149	0.857460336557
41874	2	82	0	21	238	149	0.567366920648
41875	148	17	43	11	241	149	0.0903957656945
41878	296	0	358	4	228	149	0.890851328671
41879	90	1	19	0	212	149	0.568214201503
41880	37	75	6	18	265	149	0.336187305969
41881	51	0	13	2	232	149	0.0376903282219
41882	107	0	25	2	245	149	0.137019861877
41883	344	1	36	0	402	149	1
41884	228	1	21	0	291	149	1
41885	10	1	2	3	274	149	0.0122577527972
41886	1	6	0	2	205	149	0.283075275766
41887	2	17	0	2	212	149	0.184462844404
41889	19	3	8	0	272	149	0.0152289387279
41892	24	3	0	3	238	149	2.16930467682e-05
41893	1	16	0	1	238	149	0.291744811235
41894	25	0	2	2	209	149	0.00193525452088
41896	4069	6	114	0	248	149	1
41897	5343	2	204	0	268	149	1
41899	2137	2	109	0	218	149	1
41900	885	1	50	0	236	149	1
41901	114	32	25	2	236	149	0.029016234888
41902	108	1163	21	72	236	149	0.000628764198073
41903	386	1163	19	72	236	149	0.36201678456
41904	435	76	27	5	236	149	0.866791956572
41905	55	2	298	0	334	149	0.334804947125
41906	40	0	360	1	681	149	1
41907	12	0	150	1	300	149	0.772882959086
41908	8	5	7	4	364	149	0.91187731633
41909	8	11	5	8	364	149	0.815614446041
41910	19	11	8	8	271	149	0.354876767897
41911	15	1	6	0	271	149	0.300105709275
41912	5	2	5	0	239	149	0.0136142882264
41913	50	0	144	2	213	149	0.527572285679
41914	41	0	109	1	260	149	0.559248941735
41920	2	90	1	71	343	149	1
41921	4	24	1	54	182	149	0.0177486313466
41922	274	0	157	2	258	149	0.534090689419
41923	153	0	78	1	283	149	0.379190743114
41924	216	1	147	0	228	149	1
41925	225	2	94	0	242	149	0.592781919859
41926	248	4	148	0	229	149	0.340406567172
41927	170	2	103	1	245	149	0.672705239364
41949	122	1	100	0	302	149	0.534738124807
41950	1	0	0	2	207	149	3.05833239144e-05
41951	4	70	4	38	377	149	0.483785253294
41952	189	0	76	2	285	149	0.632085325543
41955	7	19	8	67	301	149	0.0844931285436
41956	7	19	16	67	266	149	0.546003199607
41959	547	1	131	0	299	149	1
41960	1041	3	187	0	342	149	1
41963	120	1	67	2	212	149	0.396735519273
41984	4	64	4	17	286	149	0.137844997165
41985	51	1	6	0	243	149	0.323667555105
41986	158	10	41	0	221	149	0.00757690391189
41987	2	57	0	17	241	149	0.526142913428
41988	1	114	0	46	289	149	1
41990	24	107	2	34	212	149	0.0170272874215
41991	174	3	45	0	345	149	0.209823785189
41993	5	4	2	37	353	149	0.000936630294232
41995	67	0	49	2	199	149	0.434546086927
41996	5	2	1	5	292	149	0.019341433075
41997	5	73	2	48	292	149	0.40953731414
41998	1	2	0	5	380	149	0.212027168146
41999	1	73	0	48	380	149	1
42000	30	73	5	48	300	149	0.0026259610663
42001	29	1	0	1	300	149	0.000250120656615
42004	474	2	125	0	258	149	1
42005	222	110	65	57	356	149	0.0249832301543
42006	349	2	127	0	208	149	1
42010	4083	9	1038	2	272	149	1
42013	9	100	12	44	257	149	0.026776670977
42014	12	3	13	8	190	149	0.200511856634
42015	12	14	11	11	190	149	0.789814132291
42016	139	14	48	11	243	149	0.0859928708445
42017	3	14	4	11	231	149	0.513915918435
42018	5	14	18	11	255	149	0.0102915752542
42020	1	99	0	61	218	149	1
42022	78	2	41	0	222	149	0.552477405939
42030	1	310	4	177	232	149	0.689113978404
42031	0	310	2	177	172	149	1
42032	4089	5	815	2	293	149	1
42033	1752	4	570	3	239	149	1
42035	3	2119	0	391	220	149	1
42036	3121	2	855	0	338	149	1
42037	3006	2	582	0	420	149	1
42038	1665	1	594	0	248	149	1
42043	25	1	63	4	296	149	0.409657071226
42044	9	0	29	3	248	149	0.0341141462503
42047	877	0	561	5	567	149	0.101988552461
42049	0	2	2	5	267	149	0.0668780271046
42050	418	2	137	5	204	149	0.0303027476764
42051	126	0	45	2	204	149	0.499099605218
42052	72	2	35	0	200	149	0.565855623082
42053	74	2	40	0	199	149	0.682039197102
42054	385	1	460	0	660	149	1
42055	4	258	0	6	248	149	1
42058	189	1	119	0	480	149	0.519548717699
42060	168	1	107	0	454	149	0.486852131946
42063	121	1	77	0	255	149	0.689642091345
42064	49	39	32	17	194	149	0.285341304999
42065	12	3	9	0	194	149	0.0116611882721
42066	95	3	54	0	214	149	0.149556340947
42068	52	2	30	1	291	149	0.700397396305
42070	0	2	2	4	243	149	0.0466225445632
42071	130	2	48	0	224	149	0.529235843525
42072	73	0	38	3	226	149	0.0235881848778
42075	268	139	11	7	187	149	0.743283762769
42077	2	3	0	8	219	149	0.0171028767068
42078	2011	0	744	1	292	149	1
42079	107	4	15	3	195	149	0.115254909574
42080	18	2	3	0	254	149	0.0743389970633
42081	132	1	16	1	254	149	0.384943614129
42082	78	13	9	0	299	149	0.00409019975837
42088	4	1	2	0	361	149	0.0584973531692
42089	4	1	2	0	367	149	0.0573380279599
42094	296	5	84	2	202	149	0.708274922766
42095	42	225	14	61	267	149	0.687621697475
42096	357	2	78	0	214	149	1
42097	327	3	137	2	313	149	0.877621886276
42098	255	8	138	0	369	149	0.0053653529207
42100	147	0	237	1	285	149	1
42103	245	3	24	2	492	149	0.199214044733
42104	55	55	1	6	240	149	0.0173176915997
42105	2368	1	111	0	2527	149	1
42107	709	11	258	0	224	149	0.0719475443447
42108	363	1	86	2	224	149	0.687983332419
42109	546	1	159	2	280	149	0.534420915682
42111	429	1	189	0	280	149	1
42112	1	501	2	153	192	149	1
42114	385	1	110	0	242	149	1
42115	864	49	262	13	242	149	0.614337539841
42117	7	0	2	1	359	149	0.0191717601866
42118	7	0	2	2	359	149	0.00120150216373
42119	7	14	2	63	359	149	0.000342165228775
42120	612	5	364	4	341	149	0.781485784858
42121	483	1	233	0	227	149	1
42122	0	333	2	163	275	149	1
42123	1017	4	470	0	366	149	1
42124	1031	2	368	0	331	149	1
42125	464	0	249	2	273	149	0.585244494231
42126	17	85	3	93	336	149	0.000664917483357
42132	482	2	98	1	292	149	0.445055663189
42148	0	14	9	172	207	149	0.079237754648
42149	0	14	16	172	204	149	0.0224596133806
42153	11	22	0	3	268	149	0.00570273854978
42156	15	22	0	3	208	149	0.00269252740461
42161	38	2	8	0	270	149	0.146981211163
42162	22	1	5	0	270	149	0.232434301854
42164	13	1	2	0	270	149	0.359928133544
42165	36	1	10	0	377	149	0.245102920161
42166	34	1	10	0	377	149	0.241021186299
42167	52	0	15	2	377	149	0.0179032848285
42168	32	0	8	2	354	149	0.00677374780694
42169	45	2	23	1	234	149	0.808122080231
42171	1	28	0	10	252	149	0.424158136974
42172	67	4	16	2	312	149	0.765752741153
42173	93	3	46	0	519	149	0.0509735990923
42175	606	0	421	2	273	149	1
42176	741	2	546	6	289	149	0.284244855865
42178	4	0	12	15	1555	149	0.00126708688118
42181	3	0	25	6	198	149	0.0075328887362
42189	2	4	4	3	330	149	0.33204221973
42201	2	0	5	3	248	149	0.00216229906349
42206	2	0	16	3	239	149	0.0169324094966
42211	2	0	10	2	191	149	0.0539000475343
42212	695	1	81	0	226	149	1
42215	3	0	0	2	216	149	9.96858098223e-06
42216	13	3	5	1	216	149	0.866839449545
42217	48	13	6	2	209	149	0.908267589407
42218	7	3	2	0	209	149	0.00556526039417
42219	55	3	14	0	231	149	0.089758874123
42220	83	0	18	2	231	149	0.0791361970733
42221	16	61	12	24	235	149	0.193566359714
42222	198	1	49	0	227	149	1
42223	157	1	40	0	257	149	1
42224	2	52	0	19	334	149	0.534628378166
42233	5	1	4	0	274	149	0.394589115648
42235	5	1	6	0	298	149	0.346068742668
42236	5	3	4	4	298	149	0.57616578353
42237	37	3	16	4	430	149	0.146686725155
42238	39	3	18	0	430	149	0.02077691442
42239	0	2	2	3	259	149	0.0363650266734
42241	1657	0	495	2	2231	149	0.478013764341
42242	16	210	1	55	243	149	0.0269757179128
42251	332	4	8	0	203	149	0.67349805098
42252	2	247	0	4	380	149	1
42255	20544	1	4341	0	352	149	1
42256	5392	31	1389	26	243	149	0.00024483422288
42257	13870	397	2449	152	260	149	8.94344930136e-06
42258	14333	27	2417	3	254	149	1
42259	13912	1	2322	4	251	149	1
42260	11640	81	2464	34	258	149	0.0103055658844
42261	6960	1	1165	5	258	149	1
42262	8439	3	1906	1	274	149	1
42263	2616	1	645	5	225	149	0.753551402319
42265	223	2	79	0	332	149	0.528711535221
42266	1100	4	463	0	1851	149	0.104116875416
42267	105	2	62	0	305	149	0.554186210153
42268	124	0	41	1	209	149	0.309846803603
42270	791	4	321	0	321	149	0.899811982761
42313	1056	8	317	7	301	149	0.0774804625936
42314	1145	8	379	7	324	149	0.107556234562
42315	1183	8	559	7	328	149	0.307358782359
42316	1	29	0	166	194	149	0.358863175024
42317	4	1	5	6	269	149	0.0965879330146
42318	3	1	1	6	383	149	0.0248426020402
42319	13649	2	12238	2	206	149	1
42320	13204	3	13564	1	239	149	1
42321	7405	2	7582	0	278	149	1
42322	10062	2	14727	1	288	149	1
42323	10569	1	22904	0	360	149	1
42324	16720	1	18674	1	326	149	1
42325	14344	3	15166	3	268	149	1
42326	7968	0	18361	1	344	149	1
42327	83	5087	24	6696	292	149	1
42328	4278	3	4896	0	227	149	1
42329	4639	0	12471	6	257	149	1
42330	5969	0	12036	2	239	149	1
42331	4719	4	11208	4	248	149	1
42332	1	0	11	1	239	149	0.378767037475
42340	2	5	2	3	274	149	0.648837105756
42343	11	2	4	0	209	149	0.0505538975506
42344	28	3	1	6	373	149	7.0381662054e-06
42345	234	2	45	1	204	149	0.33862027539
42365	2	264	0	416	229	149	1
42367	754	1	330	4	319	149	0.358646090976
42369	1155	2	407	1	231	149	1
42374	1	1451	0	432	364	149	1
42376	22	0	3	2	195	149	0.00436327397845
42377	31	569	5	316	195	149	0.00337676440044
42378	9	113	2	67	172	149	0.111728055477
42379	79	0	119	1	272	149	0.591772545628
42382	9	0	54	2	253	149	0.219397714433
42383	9	0	95	5	253	149	0.0345804639596
42386	23	0	13	1	258	149	0.237883981087
42387	35	18	23	12	258	149	0.977988452559
42388	4	18	1	12	249	149	0.211324445534
42389	8	16	0	10	249	149	0.00105041185141
42406	0	2	2	25	242	149	0.290184292078
42407	2	0	30	3	184	149	0.0645390560804
42416	4	2	2	2	345	149	0.526344158297
42421	18	0	38	3	272	149	0.0386899982537
42426	49	0	272	1	203	149	1
42441	60	17	25	9	227	149	0.633279053004
42442	51	0	376	11	320	149	0.0234075022758
42445	0	4	1	24	388	149	0.569739716276
42447	0	76	2	21	245	149	0.558588751521
42448	140	5	75	0	314	149	0.0262007026842
42449	51	1	9	1	245	149	0.816261297895
42450	4	92	2	34	173	149	0.775703375965
42451	0	6	2	11	279	149	0.130910142208
42454	0	6	2	11	358	149	0.172813939013
42457	1	6	0	11	325	149	0.225381298799
42465	184	1393	102	262	439	149	9.4975260434e-08
42466	8	6	0	4	280	149	0.000673909040549
42467	1881	4	305	4	202	149	0.868324565085
42468	2635	3	335	0	257	149	1
42469	1925	1	307	0	243	149	1
42477	6	0	120	1	330	149	0.478484483987
42483	6	1	73	0	378	149	0.184666683868
42484	6	0	32	4	261	149	0.0113742744049
42490	1	0	1	2	204	149	0.001956303999
42499	218	4	109	11	223	149	0.00227218018288
42502	1	3	13	2	284	149	0.00406483204069
42503	21	0	10	2	257	149	0.0203435107511
42504	57	2	46	0	288	149	0.200075741661
42506	8	0	17	1	247	149	0.236664589042
42509	61	1	24	0	282	149	0.33006498643
42510	6	7	0	12	259	149	0.000263229841667
42511	6	7	0	6	259	149	0.000976934006592
42512	3	7	0	12	223	149	0.010568056575
42523	7	3	7	4	354	149	0.735375751431
42525	84	0	474	3	255	149	1
42527	0	3	2	4	223	149	0.0386820805375
42533	541	0	216	1	268	149	1
42561	2	0	41	3	258	149	0.0615961364449
42562	60	0	70	2	280	149	0.323422827017
42563	66	1	39	0	204	149	0.431497031347
42564	2	6	3	16	322	149	0.895484093218
42565	39	2	7	0	245	149	0.168578258483
42566	58	3	8	3	233	149	0.0555015393463
42567	10	17	0	5	215	149	0.00184979198152
42568	58	5	21	0	214	149	0.0137298125787
42569	438	3	82	0	305	149	0.641898757326
42570	122	1	34	0	291	149	0.559314332392
42571	45	14	18	0	341	149	0.000167745822324
42572	2	22	10	5	246	149	5.1766502892e-05
42575	561	2	106	0	336	149	1
42576	459	0	78	2	284	149	0.659665031368
42577	409	4	67	0	263	149	0.714725462181
42578	19	198	5	27	244	149	0.456543696088
42579	28	198	8	27	275	149	0.209042331557
42588	3	0	2	11	1018	149	0.000103968390123
42595	3	0	25	2	281	149	0.0964161728547
42599	2	11	1	2	229	149	0.498505956828
42600	35	2	19	0	277	149	0.111833499012
42643	4	0	141	2	363	149	0.402857863157
42644	28	0	224	6	266	149	0.0739552375988
42646	2341	0	12191	7	248	149	1
42647	3230	2	9994	0	233	149	1
42648	3724	0	11413	3	278	149	1
42649	5775	2	12354	0	302	149	1
42650	29696	0	14706	1	308	149	1
42652	7	2	11	14	274	149	0.0569998097026
42653	36	2	44	14	185	149	0.00480873764802
42654	396	2	3622	14	293	149	1
42655	242	2	1530	14	257	149	0.634202693387
42656	247	171	621	989	194	149	3.62811834731e-06
42660	0	56	2	21	267	149	0.637676181122
42661	51	7	10	0	194	149	0.00873234546735
42663	62	4	12	2	208	149	0.653987612117
42664	4	52	0	5	374	149	0.26878908074
42680	8173	4	206	0	174	149	1
42681	1050	2	35	0	174	149	1
42682	424	2	17	0	263	149	1
42683	12709	5	312	0	263	149	1
42684	7007	8	175	0	263	149	1
42685	185	5855	11	151	739	149	0.484579221428
42686	5221	8	137	0	278	149	1
42687	11064	113	288	14	278	149	7.07095540076e-05
42689	4	2	2	22	256	149	0.00365328058342
42690	41	2	10	22	360	149	4.34757341239e-10
42695	33	2	4986	2	1127	149	0.0245470719506
42696	33	0	4625	2	1127	149	1
42697	2	0	516	2	293	149	1
42701	0	2	3	0	227	149	9.97752893483e-06
42704	1	2	0	3	230	149	0.661588682427
42708	320	4	72	0	276	149	0.340292343144
42713	0	2	4	62	607	149	0.836119739341
42718	68	239	14	128	327	149	0.00234294291372
42721	112	0	65	2	208	149	0.830057178491
42722	430	3	171	4	265	149	0.149695277443
42723	915	0	296	2	332	149	0.574657552671
42724	1081	1	301	0	297	149	1
42725	356	3	100	0	244	149	0.644994925321
42726	652	2	159	0	254	149	1
42742	4	146	0	149	226	149	0.842077409823
42744	5	347	0	124	221	149	1
42745	4503	45	1633	36	341	149	0.00395367123772
42746	12661	45	4107	36	502	149	0.00102560286033
42747	8546	4	2881	2	502	149	1
42748	5022	4	1898	2	349	149	1
42749	9117	24	3112	24	349	149	0.0441657933643
42750	10703	10	3167	40	338	149	8.66023450297e-06
42762	730	1	561	0	287	149	1
42763	0	12	6	341	252	149	1
42767	452	0	451	2	418	149	0.708154707428
42770	158	1	174	5	284	149	0.0651267668224
42771	6	6	18	4	228	149	0.0407970357157
42772	4	0	16	2	228	149	0.071697364582
42774	5	0	10	1	237	149	0.403506107372
42779	2	95	0	7	322	149	1
42783	7	2	28	19	206	149	0.202083199817
42798	4	2	35	0	317	149	0.00249701868013
42810	540	0	260	1	258	149	1
42811	940	3	304	0	313	149	1
42812	3	69	0	91	316	149	0.749411667629
42814	2	0	4	1	277	149	0.0793423339549
42837	0	1	1	0	186	149	7.55779152619e-05
42852	4	0	51	279	243	149	1.21708803085e-05
42859	936	3	10	0	332	149	1
42860	2300	1	21	0	347	149	1
42861	1735	22	12	0	326	149	0.153693859626
42862	8859	6	39	0	332	149	1
42874	1	2	0	44	350	149	0.220551433489
42875	22	0	83	1	329	149	0.360045927456
42876	35	0	99	1	371	149	0.372014056845
42878	2	4	1	17	209	149	0.117413460024
42880	2	10	0	4	209	149	0.097342970952
42881	5	92	2	38	221	149	0.811155419512
42882	57	0	18	1	267	149	0.424592936823
42883	41	5	22	0	254	149	0.00415559494894
42899	0	53	2	57	248	149	0.524272763425
42902	93	1	73	0	179	149	0.869997151132
42904	42	2	18	0	179	149	0.230444105283
42909	63	9	35	0	250	149	0.000792364488641
42910	175	9	110	0	217	149	0.00308355204514
42912	80	1	56	2	220	149	0.316145539857
42913	229	1	102	0	207	149	1
42915	203	2	125	0	212	149	0.608357004741
42916	9	0	5	2	212	149	0.0134368944058
42933	38	1	81	2	330	149	0.892576171451
42935	36	1	129	0	303	149	0.257253219992
42936	1	0	65	5	315	149	0.0189519518693
42939	2	0	0	6	284	149	6.01751167539e-06
42945	2	14	1	13	276	149	0.463897413505
42947	27	0	55	2	205	149	0.301789426282
42949	61	0	67	1	315	149	0.325974278684
42964	317	0	310	1	258	149	1
42965	36	304	42	195	354	149	0.0350217739826
42967	655	0	506	2	3393	149	0.136337273618
42971	464	0	371	3	318	149	0.646104724299
42975	0	6	2	9	371	149	0.141287359048
42976	16	2	18	0	285	149	0.0399179480854
42977	8	1	9	0	285	149	0.780795837361
42978	30	1	18	0	308	149	0.244680818491
42980	5	1	8	0	278	149	0.396433748332
42981	52	1	34	0	894	149	0.284011881577
42982	40	0	27	2	270	149	0.0734333174293
42989	33	10	16	0	270	149	0.000394549554368
42990	21	3	8	0	271	149	0.0181167091215
42991	2	3	0	3	175	149	0.0192757841811
42992	3	1	1	0	194	149	0.0902361878109
42993	1	4	6	10	194	149	0.312571084699
42994	11	13	10	11	253	149	0.907163956924
43003	1	2	1	2	229	149	1
43007	181	0	141	4	1458	149	0.00296289887738
43008	6	0	13	4	195	149	0.00346498822983
43012	61	0	84	4	648	149	0.00760293755068
43015	3	5	2	9	268	149	0.330716369766
43017	3	59	4	43	268	149	0.446994604936
43019	2	59	4	43	283	149	0.210409658965
43022	3	59	0	43	260	149	0.447454950081
43023	27	5	11	9	250	149	0.0180180768005
43025	27	59	11	43	250	149	0.147270571166
43026	0	2	1	0	250	149	2.62680202642e-05
43027	27	3	11	1	250	149	0.65165691279
43028	27	2	14	0	250	149	0.0980922999839
43032	1	59	0	43	234	149	1
43035	2	0	1	1	175	149	0.0264865611189
43036	128	2	56	0	175	149	0.53093016641
43038	96	0	26	1	175	149	0.274792417104
43040	0	170	5	78	403	149	0.314821897444
43041	488	0	157	2	296	149	0.549108262891
43042	485	0	155	1	270	149	1
43044	654	0	233	2	270	149	0.56287476989
43045	1	287	0	183	179	149	1
43048	249	0	278	1	233	149	1
43062	204	252	145	78	256	149	0.000143097669896
43063	454	11	147	9	194	149	0.0788353270222
43064	82	0	25	1	194	149	0.262836684473
43065	127	0	71	1	246	149	0.390550252782
43066	620	0	274	2	246	149	0.751757475515
43067	450	1	255	1	246	149	1
43068	27	1	41	1	199	149	0.9420789047
43069	359	165	147	93	199	149	0.139005761361
43075	656	6	510	2	258	149	0.657694203223
43077	2	0	85	2	202	149	0.459143425742
43078	272	4	66	0	249	149	0.302971272649
43086	2	406	0	193	259	149	1
43088	45	4	201	15	259	149	0.813062461524
43092	0	2	3	6	293	149	0.0261456574268
43093	0	1	3	17	293	149	0.106270451821
43110	2	0	230	2	582	149	0.406872964213
43111	2	0	0	47	230	149	8.34123611337e-06
43120	1	1	5	5	281	149	0.998301166396
43121	519	0	658	3	265	149	1
43127	2	0	17	10	260	149	0.00347540752333
43130	11	0	12	2	481	149	0.0153965174989
43131	71	0	43	3	1013	149	0.00351488850832
43132	12	0	8	3	264	149	0.00284806892363
43133	12	0	9	1	264	149	0.508288507182
43134	10	0	9	3	244	149	0.00450116552766
43135	125	2	4	0	264	149	0.590902506483
43138	373	19	10	0	276	149	0.0273040780553
43141	189	0	15	2	263	149	0.051768417372
43142	153	2	6	0	263	149	0.665482060687
43143	2	0	8	2	255	149	0.0274389582209
43145	311	2	20	0	271	149	0.807745627782
43146	8	178	0	14	238	149	0.155720363417
43147	388	2	27	0	299	149	1
43157	80	0	163	2	329	149	0.568180052449
43167	87	0	80	2	262	149	0.66685609745
43170	6	61	5	179	338	149	0.0669935603707
43171	306	5	274	4	245	149	0.84757447882
43172	6	215	5	157	321	149	0.925660735186
43183	0	5	3	7	268	149	0.0223886935744
43187	8	102	0	23	217	149	0.0292064474287
43188	123	4	30	0	218	149	0.121817000811
43191	575	1	273	0	281	149	1
43193	400	2	336	0	251	149	1
43194	4	7	5	95	293	149	0.0130875737838
43195	654	4	127	0	272	149	0.827410284523
43196	1	17	1	19	267	149	0.969066217903
43197	232	0	97	4	317	149	0.0126556026546
43345	2	6	0	9	274	149	0.0548560470475
43346	10	6	11	0	290	149	0.00019057980526
43360	2	0	13	1	296	149	0.403326534004
43362	0	3	1	68	183	149	1
43363	6	3	0	68	327	149	4.51019543712e-07
43378	422	3	107	2	239	149	0.807688129918
43379	5	1	2	0	257	149	0.146474666023
43380	7	150	4	55	257	149	0.7040022604
43381	1	150	0	55	166	149	1
43382	1	3	0	2	166	149	0.650908297533
43383	11	119	6	47	227	149	0.700938490032
43386	0	26	3	42	257	149	0.186612452939
43393	10255	2	7904	0	287	149	1
43396	4	0	1	2	258	149	0.000857930794465
43397	2	4	2	2	258	149	0.542285338611
43399	2	0	1	2	215	149	0.00156025616711
43401	7	4	10	2	395	149	0.231676477222
43402	9	0	9	2	395	149	0.0137114322155
43406	108	2	53	0	266	149	0.856832126068
43409	10	0	72	4	308	149	0.0354425625487
43410	32	0	58	2	230	149	0.274969907252
43419	0	2	1	0	425	149	1.51205531543e-05
43428	54	1	13	0	325	149	0.29066815197
43429	42	1	8	0	272	149	0.283131421262
43430	7	1	3	0	194	149	0.491664702958
43431	3	29	0	7	283	149	0.160256113815
43432	25	8	5	0	267	149	0.00288383816944
43433	87	8	6	0	396	149	0.0108800376261
43436	1	0	2	1	256	149	0.0407991209566
43451	1678	3	338	0	292	149	1
43452	1710	0	388	2	320	149	1
43454	1739	2	381	0	287	149	1
43465	2	8	0	1	195	149	0.0816994705931
43467	12	5	6	0	298	149	0.00124181889239
43470	229	3	73	0	208	149	0.670160728278
43471	188	0	99	2	279	149	0.775766053086
43472	78	0	16	1	245	149	0.338977200851
43473	38	1	11	0	245	149	0.283172918055
43474	40	1	19	0	257	149	0.283577139454
43475	81	0	24	1	257	149	0.256210379911
43482	1	3	0	2	278	149	0.395868617623
43487	1339	16	367	5	310	149	0.809036220225
43488	330	2	162	1	310	149	1
43489	1188	2	238	1	326	149	1
43490	2218	38	456	18	326	149	0.0182042489071
43492	0	3	2	0	291	149	5.01217876459e-06
43493	1	61	0	22	249	149	1
43494	72	1	32	0	336	149	0.327130125076
43495	38	1	49	0	236	149	0.286022268609
43500	1	11	2	8	253	149	0.335328031493
43501	316	14	85	5	239	149	0.903926056778
43541	17	0	16	2	288	149	0.0403468763918
43542	67	4	40	0	385	149	0.0142690074456
43544	2	0	1	7	173	149	7.11004752807e-05
43545	45	0	16	7	245	149	7.67337548191e-06
43547	1	1	4	1	275	149	0.284451174698
43548	245	0	89	1	332	149	0.372933112812
43551	162	2	58	0	252	149	0.529274798019
43552	148	3	55	0	266	149	0.220519720035
43553	155	1	66	0	272	149	1
43555	89	0	39	4	381	149	0.0018932268052
43556	241	0	93	4	635	149	0.00241285957423
43562	153	4	31	0	234	149	0.156485329947
43565	51	0	70	1	327	149	0.326944577407
43569	7	0	6	1	301	149	0.457419593411
43573	2	33	1	656	245	149	0.701381610934
43574	139	0	1066	17	222	149	0.0731547848098
43575	3	0	15	1	230	149	0.258476511477
43576	286	2	1134	0	230	149	1
43577	299	0	752	2	277	149	1
43578	701	1	1439	7	277	149	1
43579	2	1	16	7	220	149	0.891608539659
43580	29	429	24	698	220	149	0.0336281654497
43582	621	1	1185	1	272	149	1
43583	165	8	46	21	224	149	2.71002980834e-07
43584	156	0	28	2	224	149	0.238906025094
43585	14	164	0	43	233	149	0.00813166771
43586	82	2	78	0	320	149	0.358663178769
43587	932	5	833	1	1551	149	0.0635047133752
43588	129	5	158	1	285	149	0.0317348210809
43589	3	6	5	55	236	149	0.137618408825
43594	73	5	5	0	257	149	0.022621189489
43606	9	48	3	39	155	149	0.144673134607
43607	86	1	59	0	230	149	0.491959114041
43609	41	0	151	14	322	149	0.00119356907265
43610	2	0	13	14	179	149	0.00207950597389
43611	1	0	10	14	176	149	0.00373274588433
43616	27	0	109	4	555	149	0.0231685037229
43617	27	0	94	4	327	149	0.0425214101409
43618	15	0	2	2	230	149	0.00155224334463
43621	13	0	0	2	264	149	1.69347502044e-06
43622	16	1	0	5	264	149	2.52953503477e-07
43623	1	1	0	2	264	149	0.293105838239
43624	4	1	0	5	217	149	0.000137525295697
43626	6	0	4	2	271	149	0.00742172119075
43627	25	0	22	2	267	149	0.0578339445473
43636	0	13	10	40	184	149	0.00245417558464
43637	5	6	2	31	184	149	0.00377334938629
43638	126	6	93	31	239	149	3.42448347979e-06
43639	116	5	68	1	239	149	0.147646529932
43640	54	5	2	3	378	149	0.00436821824319
43641	9	116	3	68	242	149	0.303649329975
43642	9	300	0	179	256	149	0.310503899661
43643	0	300	2	179	297	149	1
43644	371	5	72	0	249	149	0.291842616449
43645	18	20	0	28	234	149	1.58015005525e-07
43646	24	20	0	28	285	149	8.46028180845e-09
43651	1	2	1	0	217	149	0.0017111189834
43653	15	142	32	97	241	149	0.00126097838541
43655	0	461	2	4136	251	149	1
43656	12	461	26	4136	216	149	0.179173789786
43657	29	461	45	4136	306	149	3.85016159122e-05
43660	6288	0	8539	1	322	149	1
43661	0	2162	2	4122	269	149	1
43663	4	5	0	1	349	149	0.00936264878982
43664	230	0	162	2	246	149	0.528453540348
43665	127	0	88	2	246	149	0.759427350107
43666	5	0	16	2	281	149	0.0545731130639
43667	105	2	86	0	281	149	0.71491086727
43668	384	1	291	2	452	149	0.530583778959
43669	211	0	115	2	234	149	0.569973751912
43670	110	0	60	2	283	149	0.378170281347
43671	223	4	138	3	263	149	0.952388931518
43674	91	2	8	0	311	149	0.299396286219
43677	81	1	10	1	226	149	0.822017405407
43680	2	186	0	5	243	149	1
43682	1095	1	50	4	637	149	0.000159297818926
43693	2	2	1	0	249	149	0.00378412000708
43696	6	0	0	2	335	149	2.96388430177e-06
43705	64	0	183	4	201	149	0.208090318595
43706	170	1	200	0	223	149	1
43707	272	1	198	1	226	149	1
43708	140	0	68	2	220	149	0.808070158825
43710	190	4	66	0	292	149	0.130377758404
43711	186	1	69	0	233	149	1
43712	188	1	98	0	267	149	1
43713	98	0	61	2	230	149	0.632185893583
43718	2	0	8	1	322	149	0.647079645432
43720	4	31	0	19	314	149	0.0619020765758
43726	0	42	1	37	418	149	1
43728	68	12	49	4	246	149	0.155807682858
43731	43	12	39	4	475	149	0.0739332145516
43732	6	38	8	24	262	149	0.221157202175
43733	0	4	2	10	343	149	0.157798595856
43734	0	4	1	10	288	149	0.260227886293
43755	212	1	78	0	282	149	1
43756	1	2	0	1	251	149	0.787295001075
43758	8	95	2	21	242	149	0.792382511654
43760	336	39	46	27	221	149	1.37431517844e-06
43766	45	2	23	2	206	149	0.622632033759
43768	31	211	11	41	192	149	0.209939684915
43769	30	1	4	0	286	149	0.249482190329
43770	28	0	11	5	288	149	6.74695800148e-05
43771	18	0	18	4	181	149	0.00488447745411
43772	1	6	3	26	255	149	0.623032097314
43773	4	13	7	14	299	149	0.474193681729
43786	2	1	6	3	400	149	1
43787	2	1	3	3	270	149	0.541693899017
43793	0	2	2	1	218	149	0.00681895983585
43794	109	2	69	1	231	149	0.643157558843
43796	17	2	13	1	160	149	0.541517793761
43805	2	0	48	6	258	149	0.0143924038609
43808	6	0	37	39	407	149	0.000161203671292
43810	2	0	1	39	212	149	2.25935714113e-05
43814	5	0	24	1	188	149	0.262215390692
43815	17	3	16	0	194	149	0.0167642037171
43816	83	3	48	0	414	149	0.0555807554677
43817	101	2	61	0	269	149	0.782004934822
43818	126	2	39	0	293	149	0.738713722426
43819	101	2	44	0	281	149	0.531662162285
43828	2	0	0	4	309	149	8.16855604968e-06
43832	23	3	3	10	301	149	1.20721307555e-05
43833	13	0	0	6	286	149	2.02229555324e-09
43834	104	3	29	10	326	149	6.25558496197e-05
43835	52	0	13	3	326	149	0.00157801880005
43836	105	7	23	2	326	149	0.705494760538
43837	52	0	9	1	332	149	0.349942622822
43838	256	8	76	0	239	149	0.0253070369279
43854	3	0	0	1	248	149	2.71963490834e-05
43857	1	0	49	4	267	149	0.0265086142963
43862	2	0	33	1	276	149	0.257181287697
43863	2	0	2	1	230	149	0.0445713385788
43866	211	3	49	0	1099	149	0.0665840215898
43867	119	3	25	0	691	149	0.0589140195708
43877	527	1	225	0	290	149	1
43878	1	0	1	11	244	149	0.000323562205229
43881	56	4	45	4	296	149	0.799850657275
43882	39	1	28	1	285	149	0.961842220403
43883	165	0	89	1	1004	149	0.239853523295
43889	1831	7	173	1	244	149	1
43890	37	9	48	2	206	149	0.00868232382836
43892	0	37	2	46	366	149	0.528937727882
43894	8	37	1	46	272	149	0.00278353793717
43895	92	1	37	1	194	149	0.407061916125
43896	264	2	134	2	236	149	0.94625428603
43899	3	169	1	93	237	149	0.861380057762
43901	63	2	42	2	209	149	0.781588763558
43902	193	10	130	2	209	149	0.0459691927495
43903	2	10	2	2	195	149	0.224608980567
43904	5	137	2	90	195	149	0.406903126298
43905	3	2	6	29	247	149	0.0898219172666
43907	5	0	9	1	341	149	0.763216890816
43908	10	1	3	0	239	149	0.416226986264
43909	4	17	1	1	245	149	0.535024707687
43910	50	2	4	0	280	149	0.19824433301
43914	2848	2	443	0	240	149	1
43915	1849	5	306	2	319	149	0.60965876671
43916	593	13	162	5	363	149	0.770454382638
43917	767	50	153	4	246	149	0.0311104855291
43918	298	21	75	2	246	149	0.0675576899134
43919	1001	21	179	2	319	149	0.180497600239
43920	1435	1	257	0	319	149	1
43921	1179	15	258	2	274	149	0.284939692169
43932	3	3	2	0	226	149	0.0010752282983
43934	166	2	4	0	370	149	0.523972833163
43935	102	2	6	0	263	149	0.4155322317
43936	642	2	25	0	223	149	1
43937	68	0	194	2	290	149	0.528441486996
43938	0	61	4	28	404	149	0.0629756270729
43957	2	4	2	0	383	149	0.000145482070993
43959	71	0	53	2	232	149	0.35493374024
43960	104	1	76	0	319	149	0.434575838909
43964	87	0	245	2	292	149	0.555824982584
43971	181	3	57	0	199	149	0.672172070827
43972	120	43	30	55	2417	149	1.33343461939e-07
43973	358	3	101	0	266	149	0.633977291008
43975	14	1	2	0	254	149	0.309913655038
43976	9	118	4	30	254	149	0.62740041954
43977	2	118	0	30	182	149	0.613823648738
43978	9	3	0	2	182	149	0.000395196024105
43979	85	0	71	2	253	149	0.554632953141
43981	2	3	0	3	261	149	0.0333700058672
43993	1	6	4	1	203	149	0.00438793723619
43995	3	0	0	2	251	149	9.90980089877e-06
43996	9	8	1	3	296	149	0.146241814647
44000	286	1	37	0	310	149	1
44001	172	3	21	0	262	149	0.314472623711
44005	1254	2	1095	0	222	149	1
44006	4631	200	3402	73	222	149	0.000323681809163
44007	773	2	1027	0	348	149	1
44008	773	2	1027	0	348	149	1
44009	1194	0	3833	1	348	149	1
44010	944	2	1093	0	324	149	1
44011	944	2	1093	0	324	149	1
44012	4629	0	6180	1	324	149	1
44013	8021	0	6621	2	309	149	1
44014	1234	14	3086	7	309	149	0.0242430237455
44015	48	2	9	0	244	149	0.201490807838
44016	7046	14	2375	7	244	149	1
44017	46	0	11	2	244	149	0.0253068697373
44018	13822	2	5908	2	244	149	1
44019	5734	0	2778	2	254	149	1
44020	15113	9	6326	1	254	149	1
44021	7988	1	3393	0	286	149	1
44022	36	0	16	1	222	149	0.228368278691
44023	0	5	2	10	167	149	0.0734805071449
44027	28	2	11	0	181	149	0.147706176874
44030	287	7	114	0	275	149	0.0362333920222
44031	546	2	169	0	210	149	1
44032	662	5	172	2	222	149	0.643375265582
44033	177	5	39	2	196	149	0.723788214218
44034	842	4	158	0	258	149	1
44035	988	1	169	0	281	149	1
44036	1125	3	204	0	277	149	1
44038	650	2	150	0	201	149	1
44052	2	2	11	1	285	149	0.0356664237396
44053	0	8	8	92	497	149	0.183516774414
44065	79	2	2	0	238	149	0.343746727134
44066	194	2	2	0	381	149	0.685878071606
44075	6	11	4	10	230	149	0.669283393866
44079	27	10	11	2	303	149	0.280989497974
44099	8	73	14	35	262	149	0.00882506122203
44100	92	0	57	1	193	149	0.39642009777
44101	126	1	78	0	327	149	0.50735036448
44102	169	1	84	0	262	149	1
44103	47	0	66	2	246	149	0.343249415469
44104	95	2	75	0	270	149	0.790565497438
44105	93	0	60	2	253	149	0.439680493325
44106	112	2	70	2	316	149	0.734399101008
44107	96	7	37	5	212	149	0.412559787106
44108	86	0	30	2	233	149	0.167919535043
44109	211	0	339	1	389	149	1
44110	267	0	109	3	270	149	0.188809326457
44111	28	136	0	59	306	149	2.1631866935e-05
44112	81	32	35	16	249	149	0.712545771447
44113	5	8	4	1	390	149	0.0856965197041
44114	0	5	2	1	252	149	0.00539818625878
44116	170	0	160	2	251	149	0.529922631941
44117	110	1	157	1	274	149	0.528940199738
44118	80	0	87	1	274	149	0.419391722955
44119	229	0	103	1	249	149	0.550001726249
44129	7	12	0	3	202	149	0.00362569535042
44130	959	2	140	10	311	149	4.85484637935e-07
44131	68	0	117	3	299	149	0.1210225453
44138	22	13	10	2	257	149	0.114190317775
44155	0	4	1	7	262	149	0.224490303363
44160	0	8	22	25	304	149	0.00016751964927
44161	1	8	20	25	348	149	0.0111807719401
44162	0	10	4	27	267	149	0.0524439047621
44163	0	10	4	27	262	149	0.0509691473348
44165	0	2	2	2	187	149	0.0135585744417
44175	105	16	12	2	245	149	0.844242859611
44176	155	5	41	0	276	149	0.0561675725085
44177	34	34	13	12	477	149	0.917718752964
44179	3	346	0	68	233	149	1
44180	14	143	0	41	182	149	0.00360713560059
44184	1051	0	999	3	314	149	1
44185	961	1	687	4	260	149	1
44189	1	26	0	9	323	149	0.495893320947
44190	21	5	4	2	281	149	0.399384120637
44191	328	10	52	0	255	149	0.0297123632856
44194	19	0	7	1	219	149	0.268446739068
44195	90	0	14	1	222	149	0.282583590005
44196	13	0	5	1	241	149	0.549867749493
44197	16	78	6	18	227	149	0.537607862026
44198	18	78	9	18	230	149	0.168929308877
44199	0	58	2	21	251	149	0.580139900108
44212	230	0	64	4	230	149	0.00930124024571
44213	0	57	3	166	266	149	1
44214	0	5	2	56	199	149	0.876857826329
44215	0	5	23	56	494	149	0.00733099046076
44216	4	201	6	107	314	149	0.163583150101
44220	1081	4	346	0	5723	149	0.0194818979321
44222	1792	8	642	7	305	149	0.185609655174
44223	1675	3	447	1	251	149	1
44224	0	51	4	6	295	149	0.000511870030515
44225	1453	29	374	8	265	149	0.852810520645
44226	0	16	3	6	167	149	0.00404707090868
44227	5	1598	2	264	167	149	1
44229	0	259	2	91	293	149	1
44230	516	2	168	0	324	149	1
44231	321	20	92	4	285	149	0.390173668244
44232	0	129	1	38	267	149	0.645639150271
44233	26	1	23	0	253	149	0.248411959003
44236	76	10	18	2	218	149	0.713079236108
44237	145	3	54	1	255	149	0.649358791394
44245	4	47	18	32	389	149	0.000367392346299
44250	226	1	70	0	418	149	1
44251	74	8	20	2	188	149	0.759527387878
44252	9	2	22	0	242	149	0.0177503152368
44269	2	30	0	2	235	149	0.327153883534
44271	184	5	43	0	328	149	0.0582349851873
44272	60	2	12	2	212	149	0.261492735598
44273	2	23	6	5	282	149	0.00225092444162
44274	2	0	13	2	242	149	0.054894103122
44328	23	0	5	1	217	149	0.296880968255
44330	4	6	2	2	209	149	0.686582044671
44338	2	23	0	21	283	149	0.531725761253
44363	69	1	3	0	271	149	0.361661903444
44366	0	2	2	12	161	149	0.0972894318454
44368	8	362	3	290	281	149	0.798329961725
44370	1141	0	636	2	269	149	1
44371	996	0	357	2	266	149	1
44373	37	0	12	2	245	149	0.0266056017828
44380	1	0	33	2	263	149	0.144395990803
44382	0	2	3	5	195	149	0.0102812692095
44383	4	98	0	15	191	149	0.233509568857
44384	75	7	50	0	302	149	0.00157613602396
44385	13	1	6	0	280	149	0.364145522232
44386	18	4	6	2	384	149	0.639388474933
44390	1	102	2	35	407	149	0.518642239718
44393	194	1	48	0	250	149	1
44400	112	2	4	0	357	149	0.324181348176
44406	4	0	3	4	208	149	0.000232983384669
44407	0	7	1	3	191	149	0.558028181743
44409	176	1	19	0	251	149	1
44410	17	0	6	5	290	149	3.02563485117e-05
44412	2	27	0	2	467	149	0.611804853287
44419	16	1	2	0	200	149	0.230459139119
44422	1	54	1	23	296	149	0.411902222073
44432	2	0	2	2	267	149	0.00305077883857
44438	7	0	4	2	373	149	0.00403939927921
44446	2	4	3	0	290	149	0.000156030535303
44457	2	0	3	2	294	149	0.00491469594938
44458	2	0	1	2	225	149	0.00141615818024
44459	8	2	7	3	228	149	0.563985332424
44464	26	30	4	0	188	149	0.000460013013801
44465	50	2	1	0	216	149	0.259484967602
44468	0	2	8	0	182	149	3.14712609717e-06
44469	15	9	46	11	191	149	0.0982806977988
44470	38	0	41	2	279	149	0.124302518754
44472	6	9	6	6	281	149	0.589914340971
44473	75	1	38	0	341	149	0.330979927255
44474	36	1	38	0	242	149	0.276075217957
44485	119	4	48	3	191	149	0.593929089983
44486	88	0	53	2	237	149	0.402702874118
44488	12	0	45	2	391	149	0.115924529268
44489	5	0	42	4	322	149	0.0130313307498
44491	16	0	15	2	284	149	0.0382804320567
44492	2	12	0	10	212	149	0.0949626432757
44493	197	3	45	0	311	149	0.273060444798
44494	173	2	67	0	305	149	0.534272040665
44500	2	0	0	4	243	149	9.39814317003e-06
44506	32	156	14	51	463	149	0.545626054751
44507	1	173	2	54	252	149	0.528569608486
44510	1	0	0	42	459	149	0.00244577407118
44511	1	0	0	42	239	149	0.000364275342125
44513	86	1	53	0	253	149	0.449814049654
44514	204	1	68	2	240	149	0.514333014224
44519	139	2	80	0	212	149	0.528004462929
44520	7	100	5	24	212	149	0.154650898094
44525	320	0	42	1	279	149	0.277311053956
44526	342	2	66	0	294	149	0.842131722447
44528	59	2	66	0	283	149	0.256148060401
44529	42	3	75	2	344	149	0.28845456034
44530	254	0	135	2	567	149	0.522863315734
44531	306	0	165	2	659	149	0.563277274678
44533	212	0	326	1	381	149	1
44534	96	0	363	1	231	149	1
44535	16	0	181	1	200	149	1
44537	1	0	4	75	319	149	0.00518880020908
44540	0	69	1	37	185	149	0.414846862471
44544	2	1	3	2	188	149	0.805788852266
44545	4	23	4	54	188	149	0.323398667255
44546	3	23	2	54	267	149	0.207652850118
44547	24	183	8	40	242	149	0.514682160406
44548	677	21	246	5	263	149	0.297534441992
44549	815	21	302	5	222	149	0.274202558841
44550	584	5	287	0	179	149	1
44553	877	5	6	0	262	149	1
44554	1114	45	2	0	262	149	0.0524562984426
44555	512	45	1	0	249	149	0.025738463659
44556	528	263	6	1	249	149	0.153578716379
44558	116	0	87	5	247	149	0.00703676681801
44559	47	12	47	5	364	149	0.103005982227
44561	16	0	0	3	308	149	8.57126858378e-08
44562	6	15	0	1	307	149	0.0151322917443
44563	65	2	19	0	309	149	0.200073124131
44564	133	1	3	0	290	149	0.634730405626
44565	2852	0	2106	2	312	149	1
44566	5189	2	2364	0	298	149	1
44567	5033	0	1972	1	243	149	1
44568	2595	0	837	2	243	149	1
44569	8995	7	2931	3	290	149	1
44577	2	15	0	9	266	149	0.172549828615
44582	57	1	9	0	397	149	0.275017676478
44585	383	9	159	0	269	149	0.0205812404077
44586	245	1	71	0	245	149	1
44587	27	13	4	2	245	149	0.971199664193
44588	189	13	48	2	260	149	0.319257374285
44589	441	16	130	6	260	149	0.851860223164
44590	204	3	61	0	260	149	0.4325935323
44591	137	3	57	0	238	149	0.238623414033
44592	364	5	120	0	238	149	0.297956533785
44596	1	0	2	4	327	149	0.000266102833992
44599	1818	7	204	0	282	149	1
44600	72	208	6	77	365	149	0.000117255451428
44601	45	208	0	77	378	149	1.79493644537e-06
44603	228	5	49	2	238	149	0.726431687755
44605	10	109	9	17	209	149	0.00260305324546
44606	176	2	57	1	218	149	0.668464854164
44607	2	164	5	36	276	149	0.00922571921485
44608	59	2	6	0	189	149	0.310718816427
44609	276	2	90	0	1358	149	0.187666095533
44610	1	2	2	0	254	149	0.00109023492616
44612	115	1	56	6	223	149	0.00240547534949
44613	114	0	80	3	225	149	0.106321423555
44614	15	32	2	31	261	149	0.00142556770136
44624	8	0	127	2	275	149	0.590113873256
44634	402	1	97	0	274	149	1
44635	301	4	87	1	306	149	0.582370375766
44637	413	2	116	0	330	149	1
44638	292	2	71	0	243	149	1
44639	279	5	70	1	198	149	0.497631051117
44640	69	2	18	0	198	149	0.41456813678
44641	326	2	70	0	293	149	0.751413074189
44642	533	1	122	0	293	149	1
44643	394	2	102	0	261	149	1
44644	390	0	110	2	253	149	0.622304626621
44647	2172	2	550	1	1279	149	0.578288878588
44649	6	20	0	28	218	149	0.00100239005077
44657	0	1	1	4	285	149	0.295109800839
44660	323	4	74	0	281	149	0.33473162887
44661	109	0	25	1	204	149	0.260657550059
44662	553	1	87	0	318	149	1
44663	407	1	101	0	246	149	1
44665	2604	10	1862	2	315	149	1
44685	2	27	3	16	576	149	0.339506152581
44687	11	0	74	4	218	149	0.0647919437711
44688	1	15	1	11	189	149	0.90758183424
44689	2	9	0	25	219	149	0.0874020443689
44691	0	1	4	4	393	149	0.00869830198299
44694	176	2	70	0	305	149	0.531804601393
44695	161	1	62	4	259	149	0.0147482666433
44696	89	5	13	0	227	149	0.0352703583845
44697	160	5	31	0	233	149	0.0876542958606
44698	35	1	1	0	233	149	0.276629352326
44699	180	18	16	2	233	149	0.670469138235
44700	28	18	0	2	207	149	0.00143621350024
44701	62	180	0	16	207	149	0.00021995027502
44702	15	58	2	0	321	149	0.000936195018486
44704	15	0	0	1	283	149	1.47579312452e-05
44705	19	122	0	73	283	149	8.95744873584e-05
44706	0	122	1	73	219	149	1
44708	2	223	7	86	330	149	0.0259061776955
44709	0	223	4	86	329	149	0.589116578243
44710	9	223	2	86	364	149	0.416928894601
44711	1	223	1	86	254	149	1
44713	448	1	154	0	349	149	1
44714	16	7	0	5	293	149	5.77046681403e-05
44715	6	7	1	5	235	149	0.112492186677
44716	4	7	1	5	205	149	0.284783713434
44723	134	1	30	0	179	149	1
44724	78	4	28	2	226	149	0.758195610586
44727	10	0	233	2	337	149	0.530342729019
44729	3	0	2	16	247	149	2.98230242339e-05
44730	32	0	120	2	323	149	0.476415036419
44731	3	18	17	46	279	149	0.133404360368
44732	0	57	2	74	275	149	0.584296413971
44733	43	60	1	31	252	149	8.1735428592e-07
44734	15	0	20	1	322	149	0.255295867487
44743	11407	2	740	0	288	149	1
44744	8155	35	513	3	233	149	1
44745	7524	41	528	0	233	149	1
44746	10497	1	762	0	321	149	1
44747	11473	1	846	2	362	149	1
44748	6950	5	535	2	239	149	1
44749	14951	6	903	0	359	149	1
44750	11842	2	691	0	265	149	1
44751	11086	41	553	4	232	149	0.810148026217
44752	16261	2	833	0	342	149	1
44762	5	0	54	1	228	149	0.342332365523
44763	115	1	30	0	274	149	0.560073350373
44764	118	1	40	1	263	149	0.464553174894
44766	1	0	71	21	218	149	0.00983109533807
44771	2	0	54	4	341	149	0.019680428945
44778	6	0	2	1	247	149	0.118029348844
44780	0	1	2	0	205	149	4.2382163456e-05
44781	3	3	1	0	222	149	0.0012136640342
44782	3	1	2	0	222	149	0.0743020407433
44786	322	4	126	0	388	149	0.169440472175
44787	169	3	109	1	341	149	0.335537257778
44794	28	2	50	0	302	149	0.0682672482019
44795	97	10	11	4	182	149	0.139463347833
44796	183	1	47	1	331	149	0.304459768373
44799	1	0	20	1	395	149	0.349884764088
44800	4	0	22	1	405	149	0.319235031449
44803	371	4	101	2	221	149	0.815479357153
44804	297	3	70	2	244	149	0.570978159256
44807	1	71	0	21	343	149	1
44808	233	1	78	0	332	149	1
44812	3	5	0	18	258	149	0.00449304934217
44816	4	225	6	214	249	149	0.515847370836
44817	648	2	434	0	254	149	1
44818	267	2	164	0	252	149	0.687598873073
44828	156	2	1	0	491	149	0.333769463629
44830	286	0	279	2	281	149	0.631652414491
44862	2	0	26	4	347	149	0.00488431133401
44865	2	0	8	8	320	149	0.00129860406646
44866	2	0	8	8	274	149	0.00136539981482
44874	4	7	2	6	274	149	0.542957724057
44875	69	2	28	3	303	149	0.178354760546
44876	2	1	2	0	360	149	0.0238234803201
44878	931	19	431	5	206	149	0.186938561776
44881	3	46	0	12	342	149	0.356308969489
44883	1	21	0	11	194	149	0.299982825002
44889	0	2	5	4049	312	149	1
44890	79	0	146	3	1011	149	0.0366299738099
44895	513	2	211	0	283	149	1
44897	61	0	48	1	248	149	0.308813829033
44898	107	0	32	2	299	149	0.12295583857
44899	82	0	19	2	283	149	0.0544608406549
44902	8	29	6	17	295	149	0.793380751473
44904	35	3	16	0	193	149	0.055762486234
44905	10	11	15	8	245	149	0.228170990367
44907	147	0	53	2	242	149	0.490046798653
44914	1	1	20	0	272	149	0.0170764880611
44916	18	0	17	1	408	149	0.400012706802
44917	18	0	34	1	408	149	0.237709813872
44918	11	0	3	1	321	149	0.142494444789
44920	236	1	103	1	273	149	0.496991579572
44921	0	3	3	2	243	149	0.00358116018077
44922	26	6	0	6	278	149	1.64792217539e-06
44923	106	4	34	4	1010	149	0.122676885577
44924	4	15	0	1	300	149	0.0366934027853
44929	406	6	503	2	329	149	0.0932972239792
44935	179	3	37	0	286	149	0.275332715836
44936	154	2	30	0	291	149	0.639246249456
44940	268	2	146	2	320	149	0.674241183632
44941	185	0	72	2	257	149	0.683761610034
44942	258	4	235	3	306	149	0.757361924642
44943	185	0	151	7	306	149	0.00177575510928
44945	35	0	80	7	219	149	0.00523423336774
44947	111	7	175	15	219	149	0.475372708827
44948	60	2	62	7	219	149	0.0765166375659
44950	45	2	78	7	293	149	0.273727646647
44951	94	1	179	4	293	149	0.258436918707
44953	3	2	4	0	231	149	0.00681890274051
44954	23	2	0	2	231	149	7.594283765e-05
44955	3	3	1	4	231	149	0.219906218682
44956	56	2	6	0	247	149	0.240382773391
44957	58	3	8	4	247	149	0.0106734817598
44958	89	3	7	2	247	149	0.148125888411
44959	8	66	0	6	339	149	0.0518193233142
44960	131	4	204	0	281	149	0.0397210657264
44963	4	43	2	36	256	149	0.448946525493
44964	1	43	0	36	330	149	1
44965	2	38	0	23	353	149	0.523619085238
44968	50	5	46	4	282	149	0.799733412424
44969	55	5	57	4	245	149	0.689223779535
44970	6	102	0	74	291	149	0.0881774449453
44971	22	115	7	64	248	149	0.181695811475
44972	106	1	98	0	256	149	0.550679066568
44974	137	0	92	1	226	149	0.539438699129
44976	3	7	3	36	310	149	0.146026691557
44986	9	0	0	2	236	149	1.8211577576e-06
44987	4	3	2	0	249	149	0.00143287954337
44988	7	7	2	0	249	149	0.00115369248278
44992	6	101	2	15	363	149	0.717831568975
45047	292	25	161	5	937	149	0.0232116266605
45048	138	0	78	1	309	149	0.36008931989
45049	178	2	49	0	245	149	0.531212785872
45050	0	111	1	32	176	149	0.359373261858
45058	3	0	1	2	237	149	0.00113807464679
45060	6	12	1	8	327	149	0.0923631373304
45062	2	12	0	8	213	149	0.103112988261
45064	24	7	12	43	343	149	6.79786111291e-07
45065	24	9	8	10	343	149	0.0387752420713
45067	682	2	181	0	213	149	1
45068	1078	2	238	0	309	149	1
45069	1125	1	264	0	290	149	1
45070	540	0	176	2	203	149	0.564063890862
45071	968	9	80	0	363	149	0.206494574885
45074	1	0	1	1	278	149	0.0139142145336
45095	342	1	213	2	236	149	0.579295146698
45097	788	0	148	2	265	149	0.53706375164
45098	1650	2	332	0	323	149	1
45099	272	264	85	98	295	149	0.424018243575
45100	201	264	53	98	316	149	0.139914037538
45104	0	301	2	571	240	149	1
45105	5	103	3	400	280	149	0.245190927577
45109	17	0	34	89	616	149	9.48232603548e-11
45110	16	0	13	1	301	149	0.368887404354
45111	15	0	21	89	491	149	1.0595968547e-11
45112	11	0	15	89	487	149	1.6780865586e-10
45114	2	16	3	140	244	149	0.297482717324
45124	53	0	25	1	248	149	0.302361165087
45136	0	4	2	4	257	149	0.0424646188512
45137	1374	1	186	0	291	149	1
45139	2	1	8	2	318	149	0.534729369219
45140	3	0	7	1	395	149	0.0954482849637
45141	11	0	7	1	292	149	0.674427271745
45143	6	0	14	5	356	149	0.00139988041341
45144	2	0	6	5	405	149	0.000565578751196
45149	321	8	79	2	311	149	0.884510210474
45150	136	1	44	2	187	149	0.358282885764
45151	284	3	78	0	254	149	0.66278006022
45152	8	239	1	50	312	149	0.49414046064
45157	4	29	4	23	241	149	0.803590287899
45162	3	97	2	68	221	149	0.849797815329
45163	177	0	142	4	312	149	0.0391848884709
45164	253	0	91	1	350	149	0.366311962534
45165	268	0	141	1	309	149	0.629709914692
45166	293	0	111	2	355	149	0.805184974149
45167	6	101	0	54	242	149	0.0632219375363
45168	193	1	92	0	216	149	1
45169	250	2	129	6	256	149	0.0163909315523
45170	485	2	176	0	363	149	1
45171	453	1	147	0	326	149	1
45172	360	2	179	0	282	149	1
45178	212	0	87	2	243	149	0.760403776342
45179	1134	2	883	0	190	149	1
45180	8	7	14	15	247	149	0.748619088294
45181	8	13	14	31	247	149	0.626445908567
45182	12	637	17	506	247	149	0.151530759593
45183	4	13	0	31	237	149	0.00357752523825
45184	4	637	1	506	237	149	1
45185	32	4	28	4	684	149	0.853727535319
45188	10	3	25	8	374	149	0.916930472857
45189	19	6	29	3	374	149	0.116285933614
45190	35	6	24	3	342	149	0.637645571735
45191	34	11	16	4	342	149	0.653589528913
45192	2	0	0	6	286	149	6.04924815983e-06
45193	2	3	8	16	190	149	0.743744438244
45195	12	37	2	18	188	149	0.0811751648369
45196	3	6	0	8	262	149	0.0135565984555
45197	0	6	2	8	213	149	0.069951155828
45198	2	40	9	14	246	149	0.000361722732978
45199	0	15	1	27	206	149	0.356346505528
45215	400	0	118	2	272	149	0.62629574376
45216	8	121	2	60	263	149	0.244717951154
45217	236	2	145	0	275	149	0.561124034822
45227	104	1	52	2	305	149	0.227999194974
45229	4	15	1	25	234	149	0.0390669577227
45240	1	2	0	29	327	149	0.516191282399
45241	129	10	52	2	445	149	0.235969768851
45242	71	10	30	2	364	149	0.22432556534
45244	18	3	2	0	183	149	0.0313639414157
45245	170	3	29	0	237	149	0.334717408457
45247	201	3	39	0	265	149	0.377523886047
45248	254	2	63	0	251	149	0.645762981174
45249	0	148	1	24	337	149	0.477279274838
45250	143	0	29	1	228	149	0.262881865061
45253	7	18	2	5	280	149	0.878571993451
45258	150	4	41	0	226	149	0.146799504694
45259	78	0	17	1	236	149	0.298948692074
45260	2	91	0	27	207	149	0.555959164675
45261	2	91	0	27	224	149	0.585554785071
45266	190	3	49	0	293	149	0.284878368873
45267	125	5	21	0	265	149	0.0474787251627
45268	163	7	35	5	297	149	0.0986244462669
45269	87	4	25	2	297	149	0.831918307941
45270	86	2	10	0	297	149	0.291288949623
45271	143	2	41	0	382	149	0.486629638262
45272	93	4	46	2	419	149	1
45273	164	2	51	0	419	149	0.557837911999
45274	171	2	53	0	419	149	0.611665394123
45276	4	11	0	3	318	149	0.0218536571004
45277	2	9	0	2	318	149	0.14730804534
45281	25	0	14	6	326	149	5.71952600972e-05
45283	1	0	2	2	208	149	0.00542101259849
45284	26	0	14	2	318	149	0.0241415001087
45285	31	0	22	1	318	149	0.231163290413
45288	3	159	3	84	244	149	0.586779831968
45289	1	143	0	79	267	149	1
45295	153	6	41	0	285	149	0.0237336599291
45296	617	6	211	0	807	149	0.041193466718
45298	3710	6	1216	0	1495	149	0.620839124414
45299	13	6	6	0	222	149	0.00135375877861
45300	434	6	164	0	744	149	0.02279305512
45301	3527	6	1169	0	1432	149	0.608374434463
45302	171	18	51	4	378	149	0.503809066514
45303	3264	18	1056	4	1066	149	0.364342765753
45304	7	18	7	4	187	149	0.0373148138348
45308	16	1	4	0	173	149	0.237245244625
45309	87	1	61	0	269	149	0.424448110917
45310	17	1	24	0	245	149	0.229446053503
45311	73	120	65	176	185	149	0.0460763100449
45312	6	4	2	5	277	149	0.146965122731
45313	3	71	2	8	277	149	0.303435615772
45314	29	71	8	8	270	149	0.155443470005
45315	31	3	3	0	270	149	0.0376729382066
45316	1081	4	754	0	302	149	1
45317	786	1	563	0	286	149	1
45318	1310	0	664	3	296	149	1
45319	1179	6	852	2	323	149	0.804467827758
45320	1105	2	806	0	291	149	1
45321	1652	1	934	0	335	149	1
45322	244	2	45	0	276	149	0.571286448342
45323	2	28	0	8	205	149	0.256922604427
45324	180	2	10	0	251	149	0.530869670531
45326	0	13	4	7	247	149	0.00281606795689
45328	0	2	2	0	258	149	1.5828221822e-05
45329	95	0	45	1	383	149	0.257527038814
45330	3	3	2	1	257	149	0.540734716617
45331	3	50	4	15	264	149	0.0942036552448
45334	0	193	1	65	271	149	1
45335	0	193	1	65	255	149	1
45343	23	0	1	1	329	149	0.0114625360628
45345	3674	8	301	2	188	149	1
45346	4464	1	380	0	347	149	1
45347	3148	2	360	0	272	149	1
45348	146	77	28	15	180	149	0.974277576653
45349	100	152	14	14	180	149	0.34825968339
45350	236	1450	23	170	180	149	0.420149734333
45351	60	152	13	14	221	149	0.0675402183517
45352	57	1	13	0	221	149	0.364024516891
45353	65	1450	14	170	221	149	0.127697154819
45354	62	18	12	5	221	149	0.597186330981
45355	64	152	13	14	221	149	0.0908692860578
45356	153	1	12	0	271	149	1
45357	625	1450	65	170	271	149	0.527863227179
45358	491	152	56	14	271	149	0.478185228692
45360	478	8	51	1	271	149	0.774277626169
45361	22	1450	6	170	283	149	0.44188200404
45362	21	8	6	1	283	149	0.273267966231
45363	22	474	6	53	283	149	0.193226275182
45364	1891	1	435	0	293	149	1
45365	1266	2	265	0	293	149	1
45366	572	2	194	0	262	149	1
45367	1220	24	364	1	262	149	0.00710760201657
45368	1	587	0	214	197	149	1
45369	605	0	290	1	218	149	1
45370	4	188	0	172	265	149	0.734920355889
45376	295	0	528	2	286	149	1
45377	361	10	829	19	573	149	0.755396213723
45378	334	0	558	1	272	149	1
45379	71	2	639	0	311	149	0.512170951297
45380	11	65	25	286	435	149	0.171416372002
45387	2	1	2	0	221	149	0.0469102971183
45388	7	1	2	0	911	149	0.03564662399
45415	1	14	0	2	335	149	0.319441416342
45454	0	18	5	10	409	149	0.00282928877174
45455	139	1	33	0	226	149	1
45458	185	1	49	0	209	149	1
45459	220	0	57	2	292	149	0.423112967076
45460	2	89	0	19	206	149	0.548485105919
45461	286	1	73	0	227	149	1
45462	224	2	67	0	180	149	1
45465	0	5	2	11	335	149	0.162062457935
45466	1	212	0	47	200	149	1
45471	1	0	2	6	248	149	0.000364182489911
45472	57	0	36	4	473	149	0.00179867013983
45475	34	4	39	0	323	149	0.00427714791109
45476	163	2	112	0	249	149	0.52869394804
45477	36	2	27	0	197	149	0.174452457249
45479	242	2	62	0	294	149	0.549663570349
45480	0	3	5	515	282	149	1
45491	6	15	0	13	241	149	0.00157919919844
45494	4923	1	140	1	271	149	0.850465849732
45495	390	3	5	0	296	149	0.634536594316
45496	3349	1	89	0	248	149	1
45497	6615	1	180	0	392	149	1
45498	4415	6	103	0	392	149	1
45499	2558	6	68	0	314	149	1
45500	4758	2	145	0	314	149	1
45501	246	0	14	1	315	149	0.245566832287
45511	167	5	197	10	290	149	0.307573953383
45512	7	0	4	69	278	149	6.78043954316e-10
45513	3	0	89	5	218	149	0.0442960073815
45515	4	0	12	18	236	149	0.00028240696946
45516	2	0	35	4	362	149	0.00765832989873
45517	12	1	115	3	318	149	0.440232063068
45518	116	2	136	1	237	149	0.691400970072
45519	74	2	144	0	236	149	0.831717193622
45520	417	0	140	2	236	149	0.52685321763
45521	304	4	54	0	255	149	0.359754194984
45522	435	9	106	4	229	149	0.56204276091
45525	11	0	6	2	233	149	0.0143877348613
45527	1	0	1	3	233	149	0.000183090947147
45529	0	2	2	0	239	149	1.64265150484e-05
45532	385	1	198	2	286	149	0.528402341664
45533	193	1	116	0	286	149	1
45534	141	1	48	0	234	149	1
45535	333	4	124	2	234	149	0.767323541813
45536	150	0	45	1	234	149	0.307770265504
45537	2	189	4	84	221	149	0.199422339245
45538	1	189	2	84	249	149	0.598176428185
45539	178	5	71	4	266	149	0.418692800168
45540	156	0	78	1	347	149	0.334654629673
45541	341	5	160	4	347	149	0.547958338959
45554	7	249	0	9	246	149	0.46615776041
45555	66	0	68	1	270	149	0.359458878157
45557	125	1	106	0	235	149	1
45558	199	2	90	0	221	149	0.578265101482
45559	231	0	93	1	239	149	0.512567868836
45560	47	2	81	0	284	149	0.202641887369
45578	6	0	1	2	317	149	0.000460602883191
45585	9	0	0	1	269	149	1.50626321871e-05
45586	9	0	3	4	211	149	0.000104969347161
45589	136	0	302	2	239	149	1
45590	140	1	277	0	235	149	1
45591	4	45	13	144	230	149	0.858336318284
45592	12	45	26	144	235	149	0.420777507211
45593	40	0	134	1	204	149	1
45594	23	10	72	27	204	149	0.760428703383
45595	4	0	12	5	377	149	0.00130447773843
45597	9	1	17	5	356	149	0.257883366082
45614	38	367	11	91	251	149	0.887080076754
45615	26	367	6	91	242	149	0.766357949189
45616	479	1	116	0	219	149	1
45617	220	11	46	0	219	149	0.0117586606807
45618	210	11	54	0	247	149	0.00693356805397
45619	488	1	123	0	247	149	1
45633	233	3	72	0	236	149	0.817580038535
45634	106	1	30	0	236	149	0.614602552768
45635	197	1	49	0	207	149	1
45652	16	0	18	1	276	149	0.23115877184
45653	10	1	9	1	276	149	0.945575087636
45654	15	1	4	1	245	149	0.8859530797
45655	23	2	12	0	245	149	0.0856552617108
45657	8	0	80	2	282	149	0.289470498056
45659	310	5	84	2	473	149	0.705467114668
45660	123	3	28	2	263	149	0.535518310315
45661	160	5	59	0	227	149	0.0711521879336
45662	23	7	6	0	293	149	0.00238730198897
45663	16	7	4	0	221	149	0.00251263536259
45664	83	7	19	0	154	149	0.0173651202648
45665	10	1	1	2	154	149	0.0221968605372
45666	29	7	8	0	692	149	0.00132882541582
45671	5	428	1	105	243	149	1
45673	3	433	2	87	273	149	0.697510675364
45679	30	2	15	0	293	149	0.0933117105766
45684	145	0	46	2	838	149	0.0296010757426
45685	147	0	46	2	838	149	0.0298067503073
45686	26	2	6	0	226	149	0.12037680674
45688	51	5	10	2	274	149	0.724997479022
45691	2	0	8	2	260	149	0.0266727106525
45692	1	0	12	2	198	149	0.0660572022845
45696	33	0	759	2	289	149	1
45697	11	0	396	6	289	149	0.21371427311
45699	22	0	562	5	266	149	0.590006599183
45700	11	0	1209	3	402	149	1
45702	73	6	2	0	224	149	0.0266475409275
45703	173	2	7	0	249	149	0.528148101655
45704	44	0	8	4	245	149	0.000111766887805
45705	1	2	0	5	233	149	0.744482282701
45708	1	24	0	2	269	149	0.396625426951
45713	22	1	30	0	262	149	0.235578320127
45715	52	4	36	0	254	149	0.0175376433815
45722	22	0	37	2	358	149	0.0894056579573
45726	8	508	0	114	247	149	1
45736	6	2	7	3	393	149	0.788828808507
45737	2	2	4	13	395	149	0.70267387052
45746	0	15	2	43	243	149	0.634500174186
45747	209	1	111	0	287	149	1
45748	3	76	2	26	261	149	0.838178770191
45749	103	6	79	0	224	149	0.00834442077779
45750	62	0	35	1	188	149	0.303516410203
45752	22	492	30	230	316	149	0.000968719007461
45753	38	63	22	50	321	149	0.355235834811
45754	23	360	14	124	321	149	0.178207910523
45755	532	0	358	1	515	149	1
45756	1331	7	667	8	515	149	0.1439630609
45757	889	1	482	1	515	149	1
45758	778	25	280	10	290	149	0.957175176328
45759	865	25	298	10	302	149	0.865184245654
45760	1215	2	320	0	249	149	1
45761	775	2	166	0	296	149	1
45770	1	0	25	4	206	149	0.0130018303892
45773	2	16	0	44	327	149	0.597104380225
45774	2	17	0	39	199	149	0.223920888918
45776	172	1	117	8	293	149	0.0010910780367
45777	98	0	61	2	245	149	0.532343915008
45778	4	101	4	52	227	149	0.435460039478
45783	2719	8	774	0	282	149	1
45784	1465	5	364	0	282	149	1
45785	61	5	30	0	226	149	0.011682531459
45787	2942	3	618	0	3089	149	0.651870177815
45788	1	354	0	252	209	149	1
45795	4	8	25	9	369	149	0.00825998885907
45796	20	0	47	2	250	149	0.170663568575
45797	6	8	43	9	250	149	0.00339332147423
45798	5	8	4	9	270	149	0.66529265205
45799	17	0	19	11	270	149	2.8170550665e-05
45800	5	5	2	4	203	149	0.447131915881
45802	0	8	2	9	214	149	0.0735173579576
45803	2	4	5	1	214	149	0.0331055573563
45814	6	27	0	20	268	149	0.00550620617144
45816	13	2	8	0	171	149	0.0688426696158
45817	22	2	10	0	176	149	0.118101698866
45837	18	160	6	135	289	149	0.0395188556572
45859	41	0	315	2	296	149	0.692349847905
45861	2	0	1	1	309	149	0.0108689946102
45862	43	4	133	0	279	149	0.0024494034505
45863	182	0	246	1	279	149	1
45864	16	1	189	2	263	149	0.454488913353
45868	26	1	26	2	323	149	0.432119017617
45876	4	3	2	18	272	149	0.0150535854494
45878	182	1	94	1	298	149	0.420392352121
45879	157	2	69	0	292	149	0.545907387662
45890	0	1	4	8	230	149	0.00826100285409
45892	0	5	7	10	277	149	0.00193940110089
45894	5	35	9	8	344	149	0.00216532892912
45895	3	42	0	8	271	149	0.234862177386
45907	0	4	2	5	263	149	0.0568106383846
45919	9	118	2	19	406	149	0.650906358411
45920	13	90	2	20	356	149	0.42110631432
45929	33	0	13	1	264	149	0.23862189426
45934	3121	9	886	0	225	149	1
45937	11	8	5	9	429	149	0.184374237717
45940	538	0	15	2	376	149	0.0453459028644
45941	195	5	8	0	376	149	0.0666063432494
45942	73	5	2	0	192	149	0.0394448540724
45943	414	1	7	0	192	149	1
45965	7	0	0	2	290	149	1.81083605033e-06
45977	853	1	686	0	249	149	1
45981	12	0	58	1	260	149	0.33272766038
45982	9	0	55	6	329	149	0.00796615252791
45983	5	0	47	4	329	149	0.0154850300622
45984	10	0	18	4	236	149	0.00389841990118
45985	14	0	25	5	236	149	0.00250253853758
46002	16	3	16	4	233	149	0.713980666283
46003	193	0	640	3	287	149	1
46004	188	0	450	6	225	149	0.301655424446
46005	185	0	462	6	226	149	0.322690343684
46006	587	1	560	0	208	149	1
46007	956	0	612	1	209	149	1
46008	995	8	659	2	203	149	0.829186042092
46009	113	0	262	2	244	149	0.702354734804
46010	382	0	651	2	255	149	1
46011	577	0	607	1	325	149	1
46012	737	2	860	0	263	149	1
46013	7	577	4	409	246	149	1
46015	1	5	0	10	245	149	0.218831627947
46017	124	11	84	19	246	149	0.0237224536739
46018	315	0	182	1	1207	149	0.279524014445
46020	3	79	0	28	276	149	0.753172257421
46021	3	79	0	28	273	149	0.766986849711
46022	27	4	11	0	244	149	0.00817128735438
46023	80	0	31	3	220	149	0.0161244961644
46024	5	14	1	11	206	149	0.106356815459
46025	2	0	17	2	284	149	0.0621389278092
46026	2	0	10	2	358	149	0.0226066627266
46029	572	5	414	3	284	149	0.705207744403
46030	437	4	389	11	252	149	0.0374092316387
46034	0	5	50	22	254	149	3.12393409769e-05
46035	91	5	293	22	194	149	0.426833102403
46036	77	1	81	1	194	149	0.83763957145
46037	77	2	80	0	194	149	0.674583861118
46038	14	0	95	3	203	149	0.215938535226
46039	9	1	242	1	300	149	0.443540678159
46040	18	0	436	3	300	149	0.644179688931
46041	1	2	90	0	205	149	0.000488280458013
46051	1	0	12	1	276	149	0.40948526267
46053	1	0	3	2	279	149	0.00575667197395
46060	11	2	5	1	209	149	0.953994371781
46069	1	184	0	69	286	149	1
46070	1267	16	12	0	439	149	0.106477832435
46071	528	6	2	0	253	149	0.436973171791
46072	675	2	12	0	304	149	1
46073	531	187	5	0	318	149	0.00225374440334
46074	535	4	4	0	225	149	0.805719829393
46075	472	192	4	0	225	149	0.00275594096697
46076	1018	4	9	0	364	149	1
46077	389	1	1	0	258	149	1
46080	1313	192	5	0	353	149	0.00725696064615
46081	1733	2	7	0	353	149	1
46082	108	8	42	5	273	149	0.533054518965
46085	80	0	39	1	213	149	0.302074766115
46086	102	2	71	0	320	149	0.497836325746
46088	142	3	70	4	313	149	0.222527510667
46090	77	6	36	3	215	149	0.882836445419
46091	57	0	29	3	234	149	0.0137217075285
46095	33	4	41	0	332	149	0.00364478348934
46101	22	1	160	2	320	149	0.485868807968
46105	1	0	0	25	287	149	0.000208866952502
46106	13	0	64	1	299	149	0.326793570336
46110	9	2	21	0	185	149	0.0255824788749
46111	18	2	48	0	257	149	0.0482313133208
46113	16	118	0	10	392	149	0.0320599062568
46114	225	0	18	1	224	149	0.231393541817
46120	7	4	16	0	227	149	0.000381355095228
46130	131	2	76	0	238	149	0.538694550543
46139	4274	18	1471	2	248	149	1
46140	2144	1	776	0	248	149	1
46141	1858	1	982	0	256	149	1
46142	3901	1	1661	1	256	149	1
46146	1	60	0	65	206	149	1
46147	3	19	0	2	277	149	0.10858201587
46148	5	60	0	65	277	149	0.0430610895441
46149	51	60	3	65	263	149	3.7292480215e-10
46150	32	2	1	0	263	149	0.139875869692
46151	46	2	50	17	251	149	0.000611707179508
46152	837	2	345	0	474	149	1
46154	50	0	18	7	293	149	6.61574765515e-06
46155	50	3	22	14	293	149	5.6506314881e-05
46157	393	2	91	2	274	149	0.659696886657
46158	3	94	0	18	178	149	0.372759228825
46162	25	0	113	2	269	149	0.585637900192
46166	325	0	313	8	278	149	0.00645448771878
46171	0	7	2	6	471	149	0.135781855013
46173	2	11	4	5	280	149	0.115373266811
46174	2	11	0	5	234	149	0.115837446114
46176	111	0	100	1	260	149	0.506247055161
46179	1	0	1	22	445	149	0.000937585437345
46184	9	1	6	0	227	149	0.428857558161
46185	0	2	6	1	287	149	0.000172249500392
46186	2	0	1	2	287	149	0.000834156250854
46189	3	11	4	0	950	149	6.95881949779e-05
46190	1	33	0	3	307	149	0.644536798848
46196	17	5	31	6	276	149	0.531564833431
46197	9	2	6	3	231	149	0.388594249244
46198	5	2	0	1	227	149	0.00114619941256
46199	14	2	4	3	227	149	0.0788807877115
46200	14	2	10	3	286	149	0.415447666527
46201	14	11	9	5	286	149	0.593598190379
46203	0	1	2	1	192	149	0.00626466524563
46205	9	246	4	38	273	149	0.251882238793
46206	308	0	66	2	280	149	0.527497075911
46209	27	1	22	0	221	149	0.260879719902
46210	9	1	4	0	263	149	0.549789405989
46211	7	1	4	0	271	149	0.750328854799
46215	133	1	20	0	273	149	0.726649618158
46216	0	77	1	12	271	149	0.272912642631
46217	6	91	2	21	337	149	0.681261521378
46218	65	5	15	1	257	149	0.63269500961
46219	4	7	2	1	296	149	0.323599998904
46222	0	1	2	16	252	149	0.212833251264
46224	182	0	917	1	257	149	1
46225	10	0	244	1	198	149	1
46258	28	0	20	2	259	149	0.0491132181634
46260	16	0	83	12	302	149	0.00251551229032
46262	13	2	5	0	305	149	0.0376281264545
46263	54	2	58	0	292	149	0.200832606615
46264	56	2	112	2	334	149	0.619280103763
46265	0	2	18	2	227	149	9.87386292336e-05
46270	14	0	38	1	264	149	0.27415916719
46271	10	0	58	2	244	149	0.237440208411
46273	3	0	23	4	188	149	0.0125381262792
46274	4	0	29	2	219	149	0.145051322298
46280	1056	9	20	0	348	149	0.316498256991
46281	72	2	8	0	200	149	0.383359799472
46282	5	2	3	2	360	149	0.625624721182
46283	6	0	2	1	296	149	0.0267064448819
46285	4	0	1	1	253	149	0.0130279628341
46286	0	2	8	0	265	149	1.29866034704e-06
46288	14	1	8	0	241	149	0.277503840344
46289	43	16	6	0	319	149	0.0015845705357
46290	2	0	0	1	344	149	4.43524569991e-05
46291	0	1	2	1	187	149	0.00595286408886
46293	42	2	17	0	204	149	0.185415418361
46294	17	0	4	1	208	149	0.497154014672
46295	8	5	5	3	239	149	0.960803778375
46299	27	16	5	0	317	149	0.000965801915044
46300	1388	4	1236	2	272	149	1
46301	816	2	689	6	272	149	0.657421743282
46302	334	2	306	6	271	149	0.0993473987293
46303	897	0	852	6	271	149	0.762340172373
46304	366	0	536	2	266	149	1
46305	0	1	1	4	359	149	0.231620350335
46331	4	98	2	33	266	149	0.757803383671
46332	122	2	246	0	322	149	0.706080061995
46333	63	1	271	0	245	149	0.363554990926
46334	141	0	259	2	400	149	0.530204014938
46339	4	0	5	17	247	149	4.97897201881e-05
46341	88	0	166	1	333	149	0.765582349803
46342	226	0	129	1	293	149	0.597843208391
46343	549	0	267	2	293	149	0.583603411596
46344	1678	3	730	0	314	149	1
46346	63	15	26	11	290	149	0.227752779892
46347	56	122	21	25	290	149	0.116901479554
46348	55	122	17	25	260	149	0.328541245563
46349	49	2	12	1	260	149	0.570291940867
46350	455	2	109	0	231	149	1
46353	34	0	50	6	202	149	0.00301292498704
46354	20	0	72	2	259	149	0.277655183073
46356	2743	1	988	1	245	149	1
46357	947	938	288	502	215	149	0.000639352674873
46358	1378	2	849	0	228	149	1
46360	1623	1	1027	3	233	149	1
46361	4	0	5	2	272	149	0.0115889076082
46362	7	0	27	2	278	149	0.0992046091519
46363	0	7	1	20	408	149	0.48096546914
46371	1	2	7	0	302	149	0.000463095638668
46372	1	5	0	2	521	149	0.245433397644
46388	71	24	31	34	271	149	0.00106955720978
46389	255	3	91	0	314	149	0.492761515784
46396	0	13	1	22	213	149	0.321844394069
46397	7	0	23	1	241	149	0.243185733197
46403	212	0	532	1	415	149	1
46404	48	0	313	1	484	149	1
46405	27	9	119	93	155	149	0.0313898740156
46406	1	9	3	93	246	149	0.421484423693
46408	190	0	397	2	269	149	1
46414	3	3	12	0	225	149	0.000503965486128
46415	1	3	19	0	238	149	1.77163970518e-05
46416	11	0	19	2	238	149	0.0713208039037
46418	0	1	2	23	244	149	0.278971110991
46419	0	1	4	2	331	149	0.00238460010367
46420	0	1	4	23	331	149	0.0820092939656
46422	1	1	3	23	229	149	0.49967245442
46427	2625	0	9430	1	494	149	1
46428	468	0	7200	1	269	149	1
46429	5	0	10	33	307	149	1.52312201844e-05
46430	284	0	109	2	312	149	0.801745938724
46432	61	0	77	2	248	149	0.512418088655
46433	0	1	1	38	242	149	0.550162746792
46437	2	2	2	35	183	149	0.066402802138
46442	60	0	43	2	246	149	0.203852860436
46444	0	9	6	15	271	149	0.00316423267459
46455	27	0	146	1	246	149	1
46469	6	25	0	3	269	149	0.018426008219
46471	15	1	2	0	244	149	0.277077581494
46478	42	2	2	0	197	149	0.237102371506
46480	12	2	4	0	393	149	0.0242786979119
46481	22	4	1	0	203	149	0.0106046505293
46500	697	8	114	0	281	149	0.211915776703
46501	4	61	0	32	204	149	0.0902356737093
46503	2	0	0	152	320	149	8.90915219034e-05
46506	30	165	38	235	209	149	0.714811841638
46513	9	119	8	50	229	149	0.195498894813
46514	1	2	21	4	227	149	0.0432312573519
46515	1	1	21	0	227	149	0.0250390293245
46523	56	9	22	2	391	149	0.366606948695
46524	1	12	0	9	212	149	0.249788073336
46525	21	10	14	9	262	149	0.595715890229
46529	2	0	4	3	308	149	0.00086765680523
46533	12	1	29	37	271	149	0.000300657466141
46534	38	2	51	6	262	149	0.247014633035
46535	31	14	47	10	295	149	0.115523485865
46537	126	1	36	0	211	149	1
46552	1	0	0	1	385	149	6.16520068115e-05
46562	1	10	2	6	268	149	0.286397558495
46576	349	7	123	8	265	149	0.0404847995182
46580	65	5	78	2	252	149	0.136799165495
46581	3	7	2	0	267	149	0.000302943369061
46582	302	5	21	1	249	149	0.391435754575
46583	172	2	16	5	220	149	0.000156718316055
46585	283	6	43	0	278	149	0.100203801626
46586	231	3	37	5	203	149	0.00365472783437
46587	456	4	50	0	254	149	0.708418896452
46590	105	3	11	0	278	149	0.177006736989
46591	56	3	8	4	281	149	0.0108239772758
46592	108	0	21	1	305	149	0.297253467434
46597	15	0	24	1	234	149	0.24798795557
46598	5	0	8	3	234	149	0.00486857870779
46600	1	0	3	3	211	149	0.00136951695758
46630	44	4	126	0	707	149	0.000599223767498
46636	73	4	3	0	271	149	0.049707384905
46637	267	4	7	0	3994	149	0.00525012151906
46643	106	2	1	0	302	149	0.363570017864
46644	2	33	0	2	196	149	0.304464813044
46646	21	1	2	0	235	149	0.238750679065
46662	4	0	14	96	315	149	8.61359133186e-06
46666	987	0	890	1	310	149	1
46667	1438	1	1051	4	329	149	1
46669	888	1	556	3	204	149	1
46676	2801	1	7	0	262	149	1
46677	681	1133	1	2	474	149	0.575674065429
46690	8	0	25	2	258	149	0.0965970591169
46691	8	0	46	2	279	149	0.174188550444
46692	0	12	2	5	223	149	0.0318518000584
46693	0	4	3	8	183	149	0.0163068004983
46694	12	0	20	4	345	149	0.00206779415924
46699	13	10	8	17	288	149	0.0833489172382
46701	0	10	2	17	243	149	0.180121511345
46702	8	4	2	0	243	149	0.0017945040678
46705	111	2	54	0	266	149	0.838935026579
46706	148	5	58	0	272	149	0.0446657798467
46708	0	53	2	25	222	149	0.615794041246
46712	145	5	52	4	294	149	0.343333872026
46713	1013	2	483	0	313	149	1
46714	6	105	2	118	336	149	0.172404507758
46715	0	105	2	118	309	149	1
46717	82	6	85	47	340	149	6.66944782846e-07
46719	52	5	26	0	227	149	0.00855725875151
46720	37	4	22	5	227	149	0.304160503319
46721	95	5	39	0	253	149	0.0230600573745
46722	83	4	10	5	270	149	0.00300594554428
46723	128	3	57	0	305	149	0.145058035616
46724	151	1	73	0	610	149	0.351392465112
46725	61	8	29	14	275	149	0.0082411659605
46726	181	0	53	1	273	149	0.309403060841
46727	94	0	21	1	250	149	0.241638822062
46729	12	48	4	14	213	149	0.818730154643
46730	47	8	13	3	259	149	0.760015696367
46731	109	8	32	3	303	149	0.791430610163
46732	35	8	6	3	220	149	0.382744243768
46736	4	152	4	73	233	149	0.389455785156
46737	198	3	144	0	269	149	0.530453531857
46738	283	1	267	0	347	149	1
46739	786	40	190	19	290	149	0.0515502140165
46740	372	3	78	0	290	149	0.638044219328
46741	482	3	138	0	250	149	1
46742	856	2	234	0	250	149	1
46743	994	2	304	1	353	149	1
46744	501	4	163	2	254	149	0.766984282646
46745	8	185	0	73	222	149	0.0724478425199
46746	322	1	176	0	274	149	1
46747	1100	6	281	2	341	149	0.714909976502
46748	656	0	181	1	341	149	1
46749	183	0	55	1	207	149	0.370330465385
46750	611	2	154	2	207	149	0.531953041641
46752	311	2	269	0	207	149	1
46758	5	158	0	27	291	149	0.662273948287
46761	42	36	0	1	248	149	0.00484278965133
46779	112	1	50	0	224	149	0.772012666444
46782	156	12	68	2	343	149	0.0926702572412
46783	228	1	51	0	241	149	1
46784	103	11	30	9	241	149	0.0538287396628
46785	150	11	52	9	294	149	0.101708723796
46786	283	9	78	5	294	149	0.352697004152
46787	167	7	34	3	294	149	0.565914392232
46788	154	7	42	3	223	149	0.87783506022
46789	264	2	81	0	223	149	0.907849828494
46790	295	2	95	0	202	149	1
46791	424	4	130	0	257	149	0.779357799005
46794	11	2	3	0	278	149	0.0360219059914
46795	14	1	3	0	181	149	0.22648006903
46796	12	39	5	7	195	149	0.282069960244
46799	8	8	0	3	204	149	0.00146757726804
46800	286	4	46	0	395	149	0.187834059399
46804	254	2	34	0	229	149	0.745267897254
46805	90	2	11	0	273	149	0.32930773068
46806	31	0	17	1	198	149	0.233987776572
46808	53881	2	3656	0	335	149	1
46809	31559	1	2075	0	335	149	1
46810	40150	1	2845	0	255	149	1
46811	57695	4	3967	0	341	149	1
46812	23302	1	1830	0	326	149	1
46813	17500	1	1208	0	326	149	1
46814	30944	12	2037	5	326	149	1
46815	18585	4	1118	0	326	149	1
46816	17241	3	1102	0	326	149	1
46817	4775	1	263	0	326	149	1
46818	34438	57	2257	3	332	149	1
46819	17234	1	1252	0	335	149	1
46820	24612	49	1764	3	323	149	1
46821	22761	4	1808	0	1582	149	1
46822	11066	4	865	0	326	149	1
46832	304	0	159	2	291	149	0.541960985014
46833	562	2	169	0	278	149	1
46834	2	306	0	120	188	149	1
46835	4	306	5	120	236	149	0.213524960167
46837	3	13	0	28	185	149	0.0120711331625
46839	21	111	0	37	288	149	0.000419765478791
46840	34	0	9	2	194	149	0.0271112511597
46841	22	134	1	39	235	149	0.00436658070552
46842	177	1	62	1	203	149	0.406084819557
46843	245	7	59	4	242	149	0.332543412704
46844	49	79	13	27	290	149	0.461389698625
46845	2	370	1	55	245	149	1
46846	942	0	141	2	355	149	0.66849896901
46847	416	0	103	1	312	149	0.439022954709
46848	6	350	0	48	188	149	0.81345499869
46849	1049	2	110	0	382	149	1
46852	430	3	86	3	254	149	0.127108669124
46853	787	5	118	2	302	149	0.81763288247
46854	3913	2	451	0	1223	149	1
46855	567	16	106	2	338	149	0.358849882933
46856	0	225	1	24	404	149	0.602021822225
46857	567	2	78	2	792	149	0.176494689837
46858	756	2	94	2	369	149	0.584210415419
46860	368	0	110	1	382	149	0.390380001056
46862	76	0	31	1	289	149	0.262505615475
46867	14	1	2	0	279	149	0.344578394606
46868	499	0	71	2	279	149	0.587710078547
46869	288	1	40	0	289	149	1
46870	564	0	79	1	289	149	0.377267218515
46878	77	0	58	2	320	149	0.210644182486
46879	139	3	38	3	232	149	0.208252411369
46880	274	4	37	1	269	149	0.510962762982
46881	33	1	8	0	268	149	0.261989403794
46882	119	1	32	0	233	149	0.818178709157
46883	59	4	12	2	201	149	0.698647256723
46884	141	4	26	2	197	149	0.685426992315
46885	1	23	0	27	248	149	0.360873208538
46888	111	3	6	2	250	149	0.0909276056202
46889	573	1	99	0	1663	149	0.455839668212
46890	5	46	0	8	244	149	0.0573550836029
46892	42	4	14	3	183	149	0.447225800751
46894	115	2	33	0	270	149	0.684820759765
46895	222	1	22	0	364	149	1
46900	1509	7	1156	2	231	149	1
46901	19	430	6	360	274	149	0.0342020105456
46903	0	73	3	254	224	149	1
46906	243	2	175	0	290	149	0.554212164145
46908	597	1	159	0	230	149	1
46909	21	2	51	0	234	149	0.0737500403281
46910	882	6	183	0	243	149	0.796456676778
46911	1215	36	193	14	265	149	0.024258436771
46912	1261	0	188	1	292	149	1
46915	2	76	2	48	229	149	0.743930974971
46921	0	62	4	21	281	149	0.0102926803533
46922	81	4	18	5	281	149	0.0229791368879
46923	15	4	3	5	237	149	0.0222713606326
46927	1075	4	291	2	318	149	0.585527086365
46928	0	32	12	84	308	149	0.00431453248506
46930	0	32	2	84	212	149	0.541636473789
46931	2	22	0	38	227	149	0.461453383117
46932	46	0	75	1	258	149	0.392562649852
46934	71	0	239	5	240	149	0.136444234852
46945	317	2	88	0	285	149	0.749611342443
46946	272	2	70	0	282	149	0.613518357628
46950	26	1	18	0	272	149	0.244374155397
46953	59	0	97	1	307	149	0.417331711941
46954	549	0	889	8	266	149	0.467212847766
46962	1	4	0	5	310	149	0.213110477494
46963	2098	6	174	1	376	149	0.646626550449
46964	1453	3	103	0	376	149	1
46965	1297	3	85	0	310	149	1
46966	1940	4	155	0	310	149	1
46967	2082	7	88	0	298	149	1
46968	1949	4	73	0	298	149	1
46969	1036	1	93	0	238	149	1
46970	1221	1	55	0	247	149	1
46971	308	1458	19	92	257	149	0.832842515701
46972	1015	319	66	10	281	149	0.0284449374507
46973	604	319	47	10	299	149	0.0094254838377
46974	1162	1075	64	97	409	149	0.019799674382
46975	21	20	16	52	330	149	0.00526056072285
46977	2	54	4	82	258	149	0.611154870581
46978	120	0	143	1	233	149	1
46979	43	1	56	0	215	149	0.312287514663
46980	157	1	143	0	316	149	0.759409383183
46982	207	1	255	0	372	149	1
46985	253	0	435	1	443	149	1
46986	291	0	465	3	345	149	0.634401688522
46987	5	0	3	2	229	149	0.00650638113842
46988	135	3	349	0	262	149	0.299100172371
46992	3	109	0	4	271	149	0.630420710545
46996	157	63	0	4	249	149	6.34656012551e-05
46999	138	4	6	0	321	149	0.10314135706
47002	331	2	6	0	298	149	0.747471368921
47003	46	90	3	0	270	149	0.00049057936253
47007	177	2	4	0	277	149	0.561265417381
47010	190	56	1	2	315	149	0.0624039469653
47011	185	56	2	2	312	149	0.217403812644
47012	59	1	75	0	172	149	0.453003583752
47013	191	1	158	0	380	149	0.782430999334
47014	2	20	4	50	227	149	0.77765078553
47026	14388	2	8477	0	425	149	1
47027	17616	5	7510	0	410	149	1
47028	86	2	40	0	425	149	0.178661293391
47037	0	124	3	1312	334	149	1
47042	4	2559	0	836	238	149	1
47043	3497	2	1982	0	418	149	1
47045	118	1	43	0	223	149	1
47046	313	3	92	2	232	149	0.713072337859
47051	10	0	5	1	368	149	0.24685707434
47053	20	4	10	4	269	149	0.364851751429
47054	10	13	3	0	227	149	0.000780914796597
47057	16	1	4	0	188	149	0.234054064341
47063	26	0	111	2	240	149	0.848210172806
47083	4	0	19	2	383	149	0.0469845917567
47084	41	0	71	1	240	149	0.397167764415
47128	16	0	58	5	239	149	0.0121211885602
47130	2	0	51	6	1058	149	0.00407465639696
47132	18	0	54	10	226	149	0.00153513604024
47133	11	0	17	10	257	149	0.000147577728761
47136	179	2	120	0	257	149	0.528284447975
47145	333	7	312	4	223	149	0.382492823399
47150	19	0	12	3	271	149	0.00472508259319
47151	0	1	14	6	710	149	0.00375149822603
47152	1	0	10	1	228	149	0.399212534668
47153	7	0	7	2	214	149	0.0240548861427
47156	6	0	2	12	243	149	1.43594792812e-06
47158	31	4	85	16	242	149	0.43276121503
47159	35	1	141	0	355	149	0.245434385872
47160	90	0	87	1	281	149	0.41053112302
47161	226	0	166	1	301	149	1
47162	120	2	278	0	357	149	0.888734557483
47163	72	0	213	2	398	149	0.547187325195
47164	192	0	180	2	302	149	0.527185774721
47165	220	2	114	0	224	149	0.625844315116
47174	2242	1	4843	2	377	149	1
47176	2682	0	3057	2	359	149	1
47177	2467	9	3263	8	242	149	1
47178	1871	0	2601	2	223	149	1
47182	648	0	40	1	408	149	0.245788947654
47186	58	1	25	1	259	149	0.935691040176
47187	9	4	3	0	259	149	0.00155467674535
47188	85	3	21	3	191	149	0.176842498414
47189	101	0	36	4	284	149	0.00186211207277
47196	0	2	2	11	290	149	0.163720176691
47198	14	51	27	24	254	149	0.000748502156269
47199	10	370	6	146	182	149	0.5742004146
47200	1	197	0	80	218	149	1
47202	0	1	1	2	218	149	0.553528088512
47203	507	51	201	24	326	149	0.6036575335
47204	288	1	105	2	326	149	0.649622161601
47206	92	0	25	1	326	149	0.31773568892
47207	202	1	90	2	221	149	0.674330450989
47208	152	0	66	1	221	149	0.399706748813
47209	376	7	161	2	221	149	0.415365967824
47222	390	1	162	13	262	149	1.48941879874e-06
47230	397	0	192	2	266	149	0.529965771273
47235	2	13	0	35	243	149	0.224303061936
47251	152	1	43	0	262	149	1
47252	1	100	0	23	317	149	1
47258	15	269	8	83	227	149	0.348107367972
47266	2	1	1	0	275	149	0.0369489030135
47267	2	1	2	0	317	149	0.0287364506743
47268	101	4	2	0	297	149	0.0737850322396
47273	1244	2	2978	0	353	149	1
47282	19	0	50	8	232	149	0.00228243864923
47283	1	4	6	20	303	149	0.585954773561
47284	2	0	11	5	218	149	0.00347611501959
47285	5	0	11	2	301	149	0.0305429878003
47286	7	14	10	11	301	149	0.336923825479
47287	4	2	0	2	222	149	0.000757243903867
47289	5	1	4	0	376	149	0.0681506985823
47290	1	4	0	44	402	149	0.208294810144
47302	15433	14	418	0	537	149	1
47303	23542	14	869	0	290	149	1
47304	72	12868	3	356	300	149	1
47305	21230	3	562	0	269	149	1
47306	17535	2	441	0	364	149	1
47307	30341	2	909	0	375	149	1
47308	144	12131	4	449	311	149	1
47309	10	58	0	2	228	149	0.0273283727404
47310	11	12131	0	449	228	149	1
47311	540	14484	34	522	331	149	0.0285776839616
47312	594	14484	37	522	335	149	0.0266366530036
47313	1343	14484	72	522	451	149	0.0496305361593
47314	1561	14484	96	522	491	149	0.00455464501793
47315	13050	2	420	0	244	149	1
47316	13490	2	429	0	247	149	1
47317	25719	2	823	0	253	149	1
47318	13961	2	441	0	253	149	1
47319	14716	2	454	0	272	149	1
47320	22493	2	1009	0	2383	149	1
47321	11279	4	340	0	271	149	1
47322	5357	2	361	0	306	149	1
47323	17104	4	741	0	306	149	1
47324	2315	4	192	0	245	149	1
47325	29	2	11	0	241	149	0.116495298691
47326	23	2	2	0	256	149	0.0993928100794
47327	71	2	5	0	212	149	0.336080376598
47328	231	1	75	0	329	149	1
47332	0	6	4	14	398	149	0.0380413801364
47334	1041	25	236	5	755	149	0.690789687805
47335	5166	2	1097	0	3187	149	1
47337	98	1	20	0	210	149	0.669182171868
47341	2	2	6	4	198	149	0.671870277816
47346	2	0	0	8	243	149	4.76564978424e-06
47348	42	1	34	1	267	149	0.951172515107
47349	37	1	24	1	329	149	0.947203482334
47375	0	10	2	18	236	149	0.182283671238
47376	2	10	4	18	323	149	0.765459123124
47377	62	0	218	1	233	149	1
47382	140	1	59	1	345	149	0.581175298255
47383	6	1	1	0	383	149	0.0881486124385
47385	507	0	184	2	218	149	0.555868891942
47387	3	388	0	157	233	149	1
47395	2	18	0	1	275	149	0.253533803021
47402	442	0	338	2	261	149	1
47403	710	0	283	2	257	149	0.735720549578
47404	413	4	229	0	229	149	0.704583178365
47405	1	2	0	2	293	149	0.616009403288
47408	123	5	94	9	252	149	0.124649163154
47409	51	2	171	4	286	149	0.793483314677
47410	4	19	2	67	217	149	0.0312234670942
47416	101	2	22	0	243	149	0.577530912981
47420	125	4	21	0	225	149	0.130389090692
47422	297	1	50	2	306	149	0.268972057584
47427	11	1	10	1	212	149	0.959256556389
47430	0	3	5	14	322	149	0.0125844217253
47431	416	9	133	0	238	149	0.0434193418064
47441	21	1	10	0	226	149	0.239580570131
47444	31	2	31	0	201	149	0.1412521925
47445	16	0	14	1	201	149	0.227841680328
47446	17	0	18	2	201	149	0.0689739331385
47448	17	0	0	1	186	149	2.61340204953e-05
47449	19	0	10	1	206	149	0.236229940062
47451	71	2	26	2	245	149	0.471383697571
47452	12	2	5	0	199	149	0.0578348084132
47477	11	0	10	1	187	149	0.263681390057
47478	109	0	58	1	424	149	0.272284763125
47479	21	2	8	2	235	149	0.453238069486
47480	441	2	131	2	1405	149	0.376821621076
47522	118	0	2062	7	273	149	1
47523	16	0	31	2	215	149	0.129049982456
47524	110	6	32	0	261	149	0.0149396081019
47555	2	0	0	5	371	149	7.74700516948e-06
47556	2	0	0	5	419	149	8.33782434073e-06
47567	0	2	4	1	266	149	0.000449023089237
47570	31	0	6	5	272	149	1.00199386369e-05
47579	2	0	0	3	211	149	7.09490486384e-06
47584	4	0	0	3	234	149	2.31403671747e-06
47587	2	1	0	1	404	149	0.0228329598308
47596	2	1	3	1	346	149	0.751568843516
47600	0	9	3	2	346	149	0.0026798660919
47604	1	0	0	2	187	149	3.28482248547e-05
47606	1	0	0	1	187	149	7.55327889458e-05
47607	1	0	5	1	187	149	0.907456687475
47608	1	9	1	2	187	149	0.723486562999
47613	2	0	4	1	187	149	0.540867540032
47626	15	9	13	2	330	149	0.0570130542296
47628	15	0	12	2	330	149	0.0236013906223
47630	15	9	13	2	299	149	0.0563328162322
47632	17	0	17	2	299	149	0.0421247713627
47635	3	6	2	3	237	149	0.787958965527
47640	1	21	2	44	336	149	0.83526125238
47642	23	65	2	57	433	149	4.19967310423e-05
47643	159	0	169	2	266	149	0.530312157512
47651	99	2	79	2	235	149	0.883073238174
47656	12	1	9	4	245	149	0.0813382644252
47660	14	7	4	3	211	149	0.596380818267
47662	53	2	15	0	203	149	0.251544332112
47664	3	0	106	1	364	149	0.393297792876
47667	6	0	361	4	340	149	0.367553545123
47668	49	0	586	6	292	149	0.357993851733
47679	18	8	4	13	237	149	0.00176119239812
47682	7	2	2	1	236	149	0.626400604955
47687	1	1	7	59	199	149	0.567687352027
47688	1	148	0	90	225	149	1
47689	251	3	89	0	303	149	0.518767728431
47690	653	3	207	0	249	149	1
47691	835	0	340	2	296	149	0.811312231003
47693	825	2	317	2	380	149	0.55329129313
47694	710	2	313	0	331	149	1
47697	135	251	4	13	194	149	0.22347960503
47698	190	506	15	77	194	149	0.0262820955658
47699	328	34	12	6	172	149	0.0174760127538
47700	2307	34	137	6	269	149	0.0924896454187
47701	157	0	145	2	237	149	0.533182314683
47704	380	0	237	1	272	149	1
47712	35	6	25	1	422	149	0.0714677454859
47713	6	693	5	358	188	149	0.820136059823
47721	0	25	1	11	258	149	0.260944686267
47728	2	2	1	5	191	149	0.186662885684
47729	20	5	7	3	302	149	0.488347450811
47730	15	5	10	3	299	149	0.884893235666
47731	37	3	30	0	404	149	0.0174352299708
47732	40	2	11	1	314	149	0.595278018288
47735	48	0	28	1	650	149	0.271521820124
47738	0	2	1	3	414	149	0.244481294075
47739	50	0	33	2	644	149	0.0300083484788
47741	46	1	24	3	307	149	0.0722376462227
47745	85	0	350	2	281	149	1
47748	100	9	17	4	246	149	0.251510523486
47750	72	1	4	0	410	149	0.294848470665
47754	52	20	103	14	209	149	0.0100991807966
47756	3	12	14	102	164	149	0.841547700337
47758	1	0	60	2	167	149	0.370915304844
47760	4	190	0	6	330	149	1
47762	349	11	11	0	333	149	0.0440249623731
47764	298	1	3	0	256	149	1
47765	587	1	8	0	225	149	1
47766	583	6	2	0	251	149	0.511428215448
47768	13	52	50	181	423	149	0.700345258533
47769	62	6	527	80	469	149	0.244450028132
47770	0	6	184	80	309	149	8.05947610838e-06
47771	4	21	15	95	267	149	0.76097076368
47772	13	0	213	1	273	149	1
47774	0	8	20	88	1129	149	0.0589582790432
47775	33	0	61	3	613	149	0.0222035147501
47776	41	0	141	3	216	149	0.293021677755
47777	120	0	204	2	255	149	0.543209638784
47778	54	6	52	0	221	149	0.00189145264151
47780	2	82	1	96	199	149	0.528692744395
47782	39	2	33	0	200	149	0.204954221062
47792	25	0	4	4	234	149	4.63665653413e-05
47793	69	27	9	0	343	149	0.00055310319574
47803	803	7	525	8	313	149	0.318378147007
47804	628	2	233	0	264	149	1
47805	1300	6	510	6	253	149	0.351077647677
47806	491	0	196	2	248	149	0.54085415594
47807	1759	8	689	2	344	149	1
47808	33	779	12	309	219	149	0.737402560896
47809	95	2	22	0	224	149	0.622096833771
47810	47	26	15	4	164	149	0.161922771262
47811	6	40	0	17	269	149	0.0174510791979
47812	119	0	36	1	291	149	0.26247949247
47814	7	76	6	9	170	149	0.00642232797438
47816	88	1	48	0	261	149	0.446710360858
47817	252	3	50	0	386	149	0.289680848071
47818	137	2	31	0	230	149	0.527019530086
47828	4	0	38	16	290	149	0.00247207504125
47829	139	0	456	1	1025	149	0.606240874311
47844	2	0	0	2	251	149	1.60506072291e-05
47849	3	0	0	2	302	149	9.50326564964e-06
47861	131	2	82	0	194	149	0.527173103636
47862	46	217	14	64	290	149	0.91222398764
47863	0	8	3	4	255	149	0.00662172562083
47864	21	1	10	2	296	149	0.206599400306
47866	8	26	5	10	270	149	0.583436084347
47867	8	3	0	2	207	149	0.000497509359187
47868	28	0	20	1	219	149	0.23861189167
47870	81	0	34	2	216	149	0.234427361366
47885	226	4	250	0	263	149	0.21390681476
47891	2	3	0	22	251	149	0.0265810216911
47896	98	3	85	0	250	149	0.121189021969
47898	0	37	7	25	303	149	0.000864659971246
47900	4	1	0	10	193	149	3.79855510533e-05
47901	62	1	48	0	256	149	0.346482440009
47902	47	0	50	2	215	149	0.297731723258
47903	14	5	8	2	219	149	0.651308558712
47904	16	0	33	3	245	149	0.0369317469202
47905	17	2	38	3	245	149	0.971418913606
47906	29	4	27	9	242	149	0.150730073367
47907	15	0	16	4	208	149	0.00325599606864
47909	106	23	22	34	964	149	7.9808555431e-08
47920	47	0	72	3	307	149	0.0640361399269
47921	34	2	30	0	251	149	0.10764071304
47922	111	2	83	0	254	149	0.620125623994
47923	178	0	57	2	234	149	0.556431539393
47924	9	101	0	46	249	149	0.0115372933048
47925	5	101	1	46	239	149	0.217351321632
47926	138	3	35	1	247	149	0.697220095905
47928	220	25	43	4	247	149	0.589578677267
47929	90	2	21	1	247	149	0.566046814013
47931	81	2	23	1	219	149	0.625167601304
47932	194	9	59	15	219	149	0.000221132180588
47942	0	127	2	41	183	149	0.807356379316
47945	3	127	0	41	309	149	0.809622904071
47946	68	1	78	0	311	149	0.330344717089
47947	260	0	169	2	4823	149	0.0183023783609
47949	0	3	8	1	247	149	3.09386303243e-05
47950	2	0	7	2	247	149	0.0239648816176
47952	11	21	9	20	253	149	0.777279992408
47955	8	49	3	30	223	149	0.390715379289
47956	49	49	11	30	354	149	0.0113692923084
47957	37	4	24	2	1138	149	0.741244619343
47958	143	2	29	0	221	149	0.529262415652
47965	425	56	164	4	172	149	6.56733472181e-05
47966	257	1	53	0	206	149	1
47973	4	89	2	196	203	149	0.185864013039
47975	3	39	0	32	466	149	0.759843614305
47976	5	2	9	0	320	149	0.00718429008839
47978	2	2	0	5	186	149	0.00989778748495
47979	13	2	23	7	236	149	0.341539555027
47980	196	0	128	2	234	149	0.541088865929
47991	2	0	5	1	365	149	0.074461791388
48002	102	3	10	0	251	149	0.191941835755
48003	300	4	130	2	299	149	0.849566926444
48004	302	1	119	0	224	149	1
48005	477	1	190	3	278	149	0.492844886173
48006	781	1	264	1	378	149	1
48007	897	0	281	1	665	149	0.565136264919
48008	5	0	0	1	192	149	4.5457492624e-05
48011	0	23	3	4	251	149	0.00251676639319
48012	1	77	5	20	251	149	0.00214442302667
48014	69	77	11	20	278	149	0.204380295284
48015	48	1	8	3	278	149	0.00804326833765
48018	9	246	0	38	219	149	0.143506174412
48022	0	44	1	29	222	149	0.390095767593
48024	0	1	6	11	242	149	0.00837688922079
48026	2	0	11	4	197	149	0.00300338470898
48033	3	0	0	4	202	149	1.76911549654e-06
48035	272	1	99	0	275	149	1
48036	545	2	172	0	373	149	1
48037	25	127	10	65	194	149	0.503229130909
48038	76	45	54	20	323	149	0.171505676322
48039	11	18	29	5	269	149	6.12680824215e-05
48040	64	2	53	0	212	149	0.494316162614
48047	4	120	0	28	417	149	0.737737492051
48052	2	252	0	36	234	149	1
48053	1	268	0	45	249	149	1
48054	7	268	0	45	563	149	1
48056	4	268	1	45	401	149	1
48058	4	204	2	48	355	149	0.53098262958
48059	7	204	3	48	356	149	0.766844098401
48062	0	107	1	28	312	149	0.517578392557
48065	12	146	2	43	374	149	0.265489278389
48066	75	0	9	2	223	149	0.02880689005
48067	280	0	40	2	226	149	0.375439971484
48068	123	0	18	2	221	149	0.125487112484
48069	1	201	0	30	257	149	1
48073	5	150	0	33	358	149	0.757141609457
48079	2	0	0	5	267	149	6.41898091358e-06
48080	19	0	1646	11	266	149	0.824772750236
48081	0	6	6	738	196	149	1
48082	44	0	1303	3	232	149	1
48083	11	0	446	3	290	149	0.665241044022
48086	32	0	13	2	216	149	0.0366842975519
48089	175	1	53	2	313	149	0.192781078424
48091	2	4	0	1	265	149	0.0564297200483
48093	332	2	104	2	400	149	0.420967559993
48094	197	0	58	2	400	149	0.254380217968
48095	32	0	15	2	250	149	0.0340262313703
48096	163	1	60	1	250	149	0.346777937844
48103	0	1	4	3	470	149	0.00854996144372
48113	3	1	141	0	536	149	0.0457768494367
48117	12	275	0	55	292	149	0.112671471988
48118	639	1	91	0	353	149	1
48119	732	1	138	0	261	149	1
48120	411	7	72	1	252	149	0.493985502525
48121	659	0	110	1	247	149	0.606932667683
48122	738	1	118	0	273	149	1
48123	493	3	119	0	252	149	1
48124	612	5	81	0	262	149	0.802288859288
48125	672	1	114	0	247	149	1
48126	702	2	122	0	237	149	1
48131	149	9	101	17	356	149	0.0183284205659
48132	140	4	86	1	253	149	0.207899025438
48138	3062	58	8	0	317	149	0.0932253431606
48139	1611	2	5	0	317	149	1
48140	1983	2	4	0	266	149	1
48141	3378	2	7	0	266	149	1
48142	1618	1	4	0	227	149	1
48143	1648	80	8	0	272	149	0.0309358213866
48145	3513	18	12	0	232	149	1
48157	2	6	0	18	266	149	0.0652896410793
48158	6	0	19	1	327	149	0.290158730554
48161	0	4	2	20	220	149	0.207596770227
48162	3	1	0	2	224	149	0.00128815387596
48163	67	0	167	1	341	149	0.73487561098
48164	1	25	0	29	228	149	0.361038063863
48180	8	0	42	2	401	149	0.109202518404
48184	44	6	28	0	303	149	0.00169733966104
48185	1	52	0	33	231	149	1
48187	144	1	23	2	1108	149	0.0461944178506
48190	28	92	4	20	229	149	0.326598417024
48196	49	1	23	0	217	149	0.33430078428
48197	0	1	2	0	211	149	4.26971418064e-05
48199	1573	11	1308	0	208	149	1
48202	7	658	0	930	350	149	1
48203	4	159	0	797	392	149	1
48204	88	0	88	2	346	149	0.363645500822
48205	133	0	151	2	329	149	0.597817061515
48206	121	0	103	2	215	149	0.578449502541
48216	5	33	0	34	266	149	0.0136142296571
48219	11	2	30	0	353	149	0.0129918005633
48221	1	12	2	6	294	149	0.245394903657
48232	1	8	1	0	588	149	0.000292725238141
48247	0	2	2	0	218	149	1.70542135144e-05
48261	0	8	2	7	218	149	0.0547343738144
48263	615	1	226	0	189	149	1
48264	19	398	1	125	456	149	0.197340424907
48266	556	3	215	4	273	149	0.183688832689
48267	778	1	384	0	271	149	1
48268	501	1	187	0	377	149	1
48269	502	1	187	0	385	149	1
48270	419	4	272	3	260	149	0.884195826339
48272	4	15	8	68	336	149	0.414076938616
48273	15	0	57	3	232	149	0.0926257353342
48285	22	2	6	0	280	149	0.0790057095192
48307	611	1	5773	0	294	149	1
48308	695	0	9729	2	2157	149	1
48309	178	1	3038	0	285	149	1
48310	81	0	6643	2	417	149	1
48311	15	25	17	3115	469	149	2.62531107964e-11
48312	617	0	23183	1	1008	149	1
48313	611	0	22207	1	1133	149	1
48324	4	5	4	0	266	149	0.000256748721589
48325	72	4	69	2	840	149	0.408188954798
48326	29	5	34	0	682	149	0.000273991528923
48334	8	3	6	1	208	149	0.426027112589
48337	45	1	9	2	242	149	0.0840552522718
48338	1111	0	1411	2	278	149	1
48339	7	0	729	7	185	149	0.775852233432
48340	25	1	949	0	243	149	0.248249846184
48341	0	27	4	21	221	149	0.0124804067695
48342	65	1	53	0	359	149	0.302039251703
48347	2	0	43	9	411	149	0.00699604952355
48349	0	1	2	7	210	149	0.0772879112412
48350	49	32	4	30	242	149	5.44512361977e-07
48351	18	117	0	31	213	149	0.00133375361342
48353	12	14	0	1	264	149	0.00619035561772
48354	11	9	0	2	264	149	0.00216416819042
48355	9	171	0	33	264	149	0.0888188761029
48356	15	14	0	1	285	149	0.00523618010991
48357	14	9	0	2	285	149	0.00155712634266
48358	12	14	2	1	268	149	0.474130706714
48359	12	171	1	33	268	149	0.133553253161
48360	2	171	0	33	290	149	1
48361	47	9	3	2	315	149	0.224605571232
48362	59	171	4	33	315	149	0.0199445172926
48363	36	2	2	0	315	149	0.12871011067
48366	36	0	3	1	315	149	0.0794811184642
48367	48	3	4	0	315	149	0.0560664125305
48368	25	171	3	33	273	149	0.264927182682
48370	16	3	2	0	273	149	0.0134390551369
48371	19	15	1	1	273	149	0.710676236352
48372	164	2	45	0	226	149	0.531034587858
48379	878	1	5261	0	221	149	1
48393	494	0	130	2	251	149	0.55423719324
48394	396	1	117	0	233	149	1
48396	136	0	48	1	285	149	0.290340606384
48398	214	12	40	4	227	149	0.586591020739
48407	4	0	20	9	307	149	0.00214311619658
48417	17	0	18	2	373	149	0.0353657708416
48418	249	2	173	0	336	149	0.532491827865
48420	1526	8	403	0	515	149	0.280629999651
48421	155	13	128	2	221	149	0.00477429837577
48428	2	170	2	223	198	149	1
48429	190	2	310	0	241	149	0.540365050862
48430	320	4	365	0	232	149	0.678524826268
48439	52	12	103	27	417	149	0.734492999464
48453	4	3	0	7	208	149	0.000652151765301
48454	25	30	5	6	221	149	0.988920005695
48455	28	30	6	6	289	149	0.959034209841
48471	1	0	1022	2	278	149	1
48472	1	0	572	2	348	149	1
48477	80	75	23	30	224	149	0.318989309818
48481	1	0	0	10	233	149	3.83389490919e-05
48506	71	0	47	2	257	149	0.233439995564
48511	1229	17	2053	13	260	149	0.0507838857146
48512	511	17	1074	13	273	149	0.0118438389554
48539	70	2	119	0	302	149	0.450904082048
48540	7	0	67	2	254	149	0.271340418387
48541	6	0	51	2	296	149	0.187256512565
48542	504	2	98	0	200	149	1
48543	15	0	0	1	240	149	1.75724661594e-05
48544	768	6	162	0	313	149	0.527583140744
48554	1	117	2	47	235	149	0.555246885328
48555	201	1	63	0	276	149	1
48559	5	2	23	0	219	149	0.00769705704137
48563	80	31	5	3	181	149	0.684674667746
48564	53	1	2	0	188	149	0.384152034116
48565	96	6	5	3	245	149	0.027444611325
48566	255	5	40	0	307	149	0.125598099596
48567	1	19	0	18	223	149	0.30375088074
48568	4	22	0	13	314	149	0.0408501934924
48569	57	0	21	2	259	149	0.0633106619503
48570	11	0	5	2	209	149	0.0124368116209
48572	2	25	7	12	247	149	0.00956724166027
48579	194	1	133	6	257	149	0.0113335562057
48581	5	3	21	0	307	149	0.00050491163904
48588	2	4	2	0	251	149	0.000275189409249
48589	554	0	378	2	271	149	1
48590	8	107	0	74	270	149	0.0184725640403
48591	2	1	1	0	296	149	0.0332864507408
48594	34	1	12	0	202	149	0.289343937577
48596	3	5	0	1	266	149	0.01919845091
48601	6171	3	937	4	249	149	1
48602	12289	1	2500	2	249	149	1
48603	1930	6192	349	1036	220	149	0.631847241205
48604	11	70	1	19	269	149	0.0817530782308
48605	16	1	15	0	358	149	0.367299338382
48609	17	0	7	1	243	149	0.431017407729
48617	4	15	0	7	261	149	0.0205337245548
48623	0	2	5	6	400	149	0.00551322836965
48625	219	7	178	8	251	149	0.538803345143
48627	224	0	549	2	197	149	1
48628	233	4	478	3	172	149	0.657033778021
48629	23	2	79	0	172	149	0.223480620117
48630	172	2	274	0	370	149	0.594780403717
48631	82	1	135	0	370	149	0.332238644009
48632	77	2	121	0	179	149	0.623894435024
48633	0	1	3	0	179	149	2.19621504725e-05
48634	280	0	530	4	179	149	1
48635	46	1	122	0	203	149	0.335225523575
48636	247	1	472	3	203	149	1
48637	219	2	333	0	203	149	0.707832370569
48639	254	2	114	0	283	149	0.577172320495
48640	109	0	42	2	305	149	0.1781040114
48646	33	1	15	1	170	149	0.923040541669
48648	9	1	22	1	290	149	0.915097988473
48653	1	205	0	28	182	149	1
48655	21	0	80	2	248	149	0.355176697408
48656	118	0	140	1	236	149	1
48657	119	1	93	0	224	149	1
48658	93	75	72	39	212	149	0.162580197744
48661	1813	1	733	0	272	149	1
48662	3648	2	852	0	287	149	1
48667	432	7	11677	2	309	149	0.0365895669473
48670	469	0	11553	2	299	149	1
48671	16894	0	16082	1	310	149	1
48672	1679	1	8385	0	310	149	1
48675	199	0	107	2	251	149	0.633236719278
48676	21	118	18	55	270	149	0.128709764139
48679	3	0	3	3	194	149	0.00141067234855
48691	5	10	0	1	224	149	0.00767290957359
48692	8	4	0	2	224	149	0.000876286215229
48693	13	0	0	1	224	149	1.78355739546e-05
48696	4	10	0	1	238	149	0.012684541046
48697	2	4	0	2	238	149	0.0454172147263
48698	2	0	0	1	238	149	4.37565451199e-05
48701	85	4	5	2	383	149	0.0902377701762
48702	119	0	3	1	383	149	0.0921783130137
48703	91	0	3	2	383	149	0.00120513836677
48704	105	19	4	0	383	149	0.00631779960699
48705	87	4	5	0	383	149	0.0361014359586
48706	121	9	3	0	383	149	0.0176234656504
48707	107	9	4	0	383	149	0.014389311594
48711	59	4	5	2	312	149	0.161310663418
48712	93	0	3	1	312	149	0.12323254101
48713	65	0	3	2	312	149	0.00186839839922
48714	79	19	4	0	312	149	0.00500701627445
48715	50	4	4	0	312	149	0.0195426387595
48716	84	9	2	0	312	149	0.0155163477897
48717	70	9	3	0	312	149	0.0115937718042
48720	46	0	4	1	414	149	0.0778337529414
48721	31	0	3	2	414	149	0.000707614954391
48722	40	19	4	0	414	149	0.00203811357476
48723	46	9	2	0	414	149	0.00737102021871
48724	40	9	2	0	414	149	0.00661996716581
48727	52	44	4	0	414	149	0.000939933742551
48728	37	16	3	0	414	149	0.00322782057147
48729	40	1	3	0	414	149	0.246077214693
48731	46	30	4	1	414	149	0.362602692538
48732	11	0	1	2	268	149	0.000396451265468
48733	31	19	3	0	268	149	0.00227251597923
48734	39	9	2	0	268	149	0.00809427472538
48738	44	1	1	0	268	149	0.28798736236
48739	71	30	2	1	268	149	0.83406931866
48741	19	3	2	0	268	149	0.0183194684016
48743	46	9	3	1	268	149	0.834195810129
48744	212	9	14	1	596	149	0.539843560914
48746	2	4	0	1	202	149	0.0395511384064
48748	2	4	0	1	199	149	0.0387489253375
48749	33	19	5	0	345	149	0.0010126058832
48750	66	1	3	0	345	149	0.307932442357
48752	49	30	3	1	345	149	0.556574885477
48753	61	4	3	1	345	149	0.700677150382
48754	44	31	3	2	345	149	0.970808194069
48755	55	2	3	0	345	149	0.179559564191
48756	38	19	5	0	359	149	0.00128980512403
48757	63	1	4	0	359	149	0.2989155915
48758	54	30	3	1	359	149	0.61112104883
48759	58	4	4	1	359	149	0.774609459775
48760	49	31	3	2	359	149	0.889027831049
48761	52	2	4	0	359	149	0.161224862956
48762	27	4	1	1	313	149	0.198524286335
48764	45	30	0	1	337	149	0.00422983066541
48766	47	9	0	1	337	149	0.00161337648563
48767	48	31	1	2	337	149	0.168142866705
48771	8	30	0	1	263	149	0.0216922753208
48774	108	0	131	1	342	149	0.504192497104
48776	12	2	4	0	227	149	0.0508618797278
48785	124	0	51	1	199	149	0.362518709518
48790	100	2	10	0	341	149	0.297293266331
48804	2	1	19	0	339	149	0.100640928133
48805	1	0	24	2	339	149	0.0767293769145
48806	3	0	0	2	253	149	9.89965948317e-06
48807	2	0	0	5	253	149	6.23803995781e-06
48808	1	2	5	0	231	149	0.000968914877835
48809	3	0	10	1	356	149	0.938254054541
48810	0	1	4	0	223	149	1.53315372693e-05
48815	77	3469	88	3729	259	149	0.795720453949
48816	14	0	6	1	229	149	0.648657531615
48817	0	2	10	8	161	149	0.00170075395056
48819	1	2	0	8	267	149	0.246030072208
48820	10	5	39	1	312	149	0.000998141264861
48821	10	5	22	1	301	149	0.00817620375838
48822	73	1	101	2	293	149	0.564959589507
48823	40	1	53	2	283	149	0.545610624007
48827	5	18	27	23	399	149	0.00584352929684
48829	17	159	19	102	236	149	0.152577588163
48830	248	5	155	0	241	149	0.104536337413
48832	20	6	18	33	184	149	0.000452324192177
48833	1	0	0	4	197	149	2.62842079446e-05
48836	52	2	48	0	245	149	0.244881279907
48853	47	1	117	2	248	149	0.798765899246
48854	21	56	77	33	398	149	7.47541464285e-08
48855	304	0	255	2	302	149	0.557159789475
48856	7	1	2	54	285	149	5.75838592365e-08
48857	82	2	53	9	317	149	0.00350287221978
48858	93	2	108	9	238	149	0.0343346782577
48859	4	16	4	5	219	149	0.198468984562
48860	18	16	17	19	291	149	0.639307610788
48861	0	16	11	19	285	149	0.000140503567041
48862	6	39	13	36	338	149	0.103840733206
48863	5	46	0	29	274	149	0.0380535502209
48864	60	30	35	11	269	149	0.253275811619
48865	51	0	26	4	269	149	0.00228158956791
48867	11	1	43	1	260	149	0.871873461552
48868	8	0	26	2	260	149	0.100239975424
48869	76	0	28	2	307	149	0.0779656648477
48870	79	1	46	2	307	149	0.262096467797
48873	6	0	6	1	319	149	0.409237700914
48874	6	0	13	1	231	149	0.290375965204
48877	132	0	189	2	234	149	0.545048834165
48878	709	10	4	0	568	149	0.0750474777184
48890	5	2	1	0	227	149	0.0178727312497
48891	2	2	1	0	205	149	0.00557709318507
48898	1	20	1	14	253	149	0.950893941254
48899	28	2	20	3	245	149	0.404956762283
48900	30	2	65	0	278	149	0.0973632639308
48901	34	4	14	0	490	149	0.00303715664044
48903	5	22	0	2	291	149	0.0252594269116
48907	81	0	119	2	349	149	0.595400217108
48909	1008	6	167	3	353	149	0.336146999576
48912	102	197	24	57	182	149	0.454318258516
48915	485	1	117	0	270	149	1
48919	130	0	58	6	217	149	0.000514689640537
48920	84	4	26	0	197	149	0.0764461139237
48921	661	9	222	1	723	149	0.0827004990145
48922	239	1	99	0	334	149	1
48923	226	0	109	1	337	149	0.425161201452
48924	86	1	25	0	337	149	0.362391523122
48925	382	2	164	3	337	149	0.216871476496
48927	4	140	0	85	213	149	0.652598892367
48928	6	222	7	157	235	149	0.405705054721
48929	2	222	0	157	244	149	1
48930	282	0	174	4	257	149	0.118598132304
48931	503	0	315	4	260	149	0.509010839348
48933	19	209	8	126	252	149	0.368254298915
48934	1	209	2	126	271	149	1
48935	249	0	183	1	248	149	1
48936	133	0	111	4	1342	149	0.00237774858717
48938	0	3	2	13	402	149	0.240327090534
48939	1	0	33	4	487	149	0.00507367258448
48940	15	2	10	0	219	149	0.0593908152279
48941	38	2	16	0	203	149	0.171414957593
48945	8	4	4	1	271	149	0.46763511919
48946	9	1	4	0	271	149	0.579586020362
48947	13	35	9	21	271	149	0.807987749038
48948	8	15	9	39	271	149	0.180249345309
48949	10	1	4	0	311	149	0.625776974196
48950	12	35	6	21	311	149	0.694589480719
48951	7	2	3	0	311	149	0.0162011577377
48952	9	6	5	5	311	149	0.590039776841
48953	1	35	0	21	197	149	0.417002052044
48954	3	6	0	5	197	149	0.011007947186
48955	3	4	1	3	197	149	0.457694918897
48956	43	15	19	39	197	149	1.43047530412e-05
48962	907	1	210	0	238	149	1
48963	452	2	102	4	238	149	0.0360867437587
48964	448	1	100	0	238	149	1
48966	228	2	73	4	274	149	0.0365562254699
48967	32	1	4	0	274	149	0.257015560563
48968	678	4	172	2	274	149	0.607978902865
48970	483	2	108	0	274	149	1
48971	180	4	72	2	224	149	0.80061269438
48972	3916	2	1442	0	1408	149	1
48973	4218	30	1540	19	1408	149	0.113491540608
48974	4132	34	1527	22	1408	149	0.0856419844354
48975	68	2	52	0	244	149	0.389198876912
48976	132	30	60	19	244	149	0.369883102354
48977	69	34	53	22	244	149	0.621404083379
48978	140	9	59	10	216	149	0.0608276225203
48985	11	0	6	155	434	149	2.88657986403e-15
48988	17	43	17	65	203	149	0.328011835619
48989	28	43	40	65	221	149	0.883471558682
48990	18	11	18	41	221	149	0.00616507503715
48991	18	43	18	65	272	149	0.320970771889
48992	44	11	53	41	246	149	0.00422531218673
48993	56	11	175	41	281	149	0.595675165221
48995	339	55	95	28	296	149	0.0490287851987
48996	124	178	5	33	312	149	0.000297867820761
48997	1	222	0	39	210	149	1
48998	58	199	22	61	376	149	0.580711753998
48999	29	63	8	11	190	149	0.451682099149
49000	0	25	4	52	268	149	0.111604306853
49002	184	0	143	1	323	149	0.601842115226
49003	215	2	115	0	319	149	0.528572915222
49004	48	1	84	0	248	149	0.308652211504
49005	48	1	71	0	230	149	0.322772663774
49006	33	2	67	0	318	149	0.0873352113419
49010	2	15	1	4	399	149	0.581382538371
49011	5	5	2	0	239	149	0.00084972535668
49012	761	0	288	2	233	149	1
49015	6	0	11	3	289	149	0.00556710145395
49016	4	0	7	3	241	149	0.00378938613115
49036	3	0	28	1	214	149	0.264044531039
49052	1517	1	1704	2	184	149	1
49053	4	1098	0	1047	195	149	1
49054	31	6	9	3	254	149	0.522740343541
49055	3	6	2	3	292	149	0.792581312483
49056	44	0	15	1	269	149	0.619129220711
49059	4	12	2	3	259	149	0.812143575752
49060	477	0	947	2	244	149	1
49061	1047	0	1244	2	294	149	1
49062	1008	2	1394	8	322	149	0.8465448809
49067	21	0	3	8	260	149	4.39105739547e-08
49068	19	22	6	3	277	149	0.268897242889
49069	9	4	6	1	266	149	0.300558598559
49070	23	57	13	21	266	149	0.383936610372
49071	8	57	0	21	204	149	0.00713666325879
49072	5	15	0	7	204	149	0.00453248663894
49073	12	9	2	0	332	149	0.00227948005257
49076	184	10	44	4	290	149	0.63391670302
49078	4	0	3	6	293	149	9.18511475352e-05
49082	1	2	5	0	239	149	0.000904828011701
49083	1	2	12	0	242	149	0.000429418368268
49088	3	2	2	1	262	149	0.80780107275
49090	2	0	0	3	280	149	5.25693631104e-06
49091	2	2	0	1	280	149	0.0283824207626
49096	21	5	32	0	224	149	0.000691428740917
49097	36	1	42	0	304	149	0.257137083902
49102	43	0	24	5	274	149	0.00047046097164
49107	111	23	26	2	289	149	0.0840721697838
49108	188	23	67	2	303	149	0.0116206767765
49109	143	3	57	0	238	149	0.25534812325
49110	2773	0	427	2	251	149	1
49111	959	0	193	2	251	149	0.536416928677
49112	12	0	104	2	233	149	0.59164135214
49113	1834	0	336	1	233	149	1
49117	6	0	22	2	260	149	0.0858134732506
49125	79	5	16	2	212	149	0.819424040758
49126	94	1	110	0	965	149	0.24822478954
49127	11	0	20	3	218	149	0.0216277540513
49130	21	5	14	1	247	149	0.155975265578
49131	12	1	7	0	261	149	0.362224062509
49143	8	17	8	40	353	149	0.172432799132
49144	28	85	2	38	274	149	0.0010720037765
49145	12	2	0	4	274	149	1.43978475183e-05
49146	189	2	73	4	222	149	0.0571708746705
49147	122	1	38	0	222	149	1
49148	302	1	122	1	275	149	0.603586556224
49149	80	1	35	1	206	149	0.653485685306
49150	226	1	99	0	226	149	1
49151	328	2	785	0	223	149	1
49152	11	2	176	7	223	149	0.411232612337
49153	302	2	549	7	256	149	0.281228819693
49154	620	6	1173	11	256	149	0.943536061327
49155	17	371	12	688	314	149	0.0319680457716
49156	580	2	1135	2	227	149	1
49157	531	5	1128	8	226	149	0.846063173647
49158	1	326	5	616	199	149	1
49159	1	254	14	646	167	149	0.108689493623
49160	342	1	787	0	185	149	1
49161	200	5	400	2	217	149	0.0836772812714
49162	20	403	100	697	236	149	7.55724089851e-05
49164	71	85	0	6	181	149	0.000286794511903
49166	164	1	5	0	215	149	1
49167	74	1	2	0	215	149	0.454588344692
49168	49	8	6	2	188	149	0.771785094107
49169	154	2	12	0	316	149	0.696481438208
49170	1	77	0	3	224	149	1
49174	10	0	0	1	278	149	1.45067084246e-05
49178	0	1	2	2	236	149	0.0219118962305
49247	315	5	66	0	296	149	0.171363616877
49249	2	238	2	35	299	149	0.567283871314
49250	0	112	2	38	265	149	0.584543226667
49254	4	62	3	37	271	149	0.953122006262
49257	81	0	72	1	321	149	0.333905889241
49258	0	14	4	28	215	149	0.0349226345733
49259	32	1	52	0	311	149	0.249307354153
49260	0	15	1	16	428	149	0.412289412629
49263	49	3	17	5	301	149	0.0393854792484
49264	104	3	33	5	1097	149	0.0204910935621
49266	44	3	14	5	326	149	0.0294029673801
49273	4	42	2	20	232	149	0.921162878051
49278	2	2	7	2	228	149	0.232512581443
49284	3	2	0	5	215	149	0.00215207055457
49288	6	49	7	20	245	149	0.108861906489
49289	2	38	0	10	300	149	0.571755589946
49296	5	0	11	6	203	149	0.00135781363324
49299	30	18	2	0	231	149	0.0037755244161
49302	2	0	0	23	207	149	4.22058599003e-06
49304	3	2	23	7	237	149	0.398760264327
49306	76	0	396	3	280	149	0.638320096186
49307	332	0	585	2	245	149	1
49308	163	0	238	2	241	149	0.62783201117
49309	451	4	478	9	287	149	0.17474761357
49311	2	397	0	458	232	149	1
49312	790	2	687	0	269	149	1
49313	398	2	301	0	262	149	1
49314	372	2	276	0	249	149	1
49316	184	1	94	0	329	149	1
49322	12	534	0	6	284	149	0.837513833794
49323	303	0	222	2	282	149	0.540352290531
49326	0	3	1	72	180	149	1
49328	20	0	57	4	247	149	0.0288037632106
49329	23	0	128	4	229	149	0.129618786814
49331	0	68	3	80	203	149	0.572323955442
49334	4	101	9	82	218	149	0.0796228287829
49335	2	0	4	8	215	149	0.000526705238879
49345	19	3	11	0	218	149	0.0198570176905
49346	2	12	0	9	237	149	0.109429048169
49348	18	267	4	161	257	149	0.0366731657185
49350	140	5	30	1	199	149	0.645435140025
49351	3	112	0	21	206	149	0.870608161556
49352	66	0	13	1	208	149	0.353011941392
49353	172	1	38	0	270	149	1
49355	155	1	59	0	248	149	1
49356	53	11	14	2	284	149	0.51978430525
49357	52	2	12	0	284	149	0.185803817546
49358	77	2	27	0	305	149	0.243518645886
49359	79	12	30	3	305	149	0.437321868727
49360	79	48	16	17	251	149	0.162534063887
49361	2	12	2	17	612	149	0.831918936832
49363	58	0	11	1	214	149	0.498277924185
49366	3	119	4	28	257	149	0.0517474158889
49367	9	119	4	28	321	149	0.559919298482
49371	91	1	40	0	325	149	0.38315234043
49372	109	1	48	0	298	149	0.481182050478
49373	194	3	125	2	301	149	0.904113657891
49374	106	7	78	0	231	149	0.00340667802715
49375	30	1	15	1	324	149	0.958392015032
49376	43	1	22	1	343	149	0.988964916871
49377	60	1	39	1	346	149	0.973954261283
49379	31	1	27	0	209	149	0.275378468047
49380	48	2	26	0	233	149	0.194088022925
49382	7	0	15	2	306	149	0.0431630111925
49383	830	70	98	176	769	149	0
49384	1138	693	381	210	365	149	0.567217670716
49385	1427	116	408	27	281	149	0.381497980755
49389	71	0	59	4	304	149	0.0103328160457
49390	108	2	78	2	272	149	0.808884761049
49393	18	1	9	0	308	149	0.281128583845
49397	2	0	4	20	251	149	0.000463495031488
49399	452	0	560	1	257	149	1
49401	1645	26	341	8	320	149	0.526733649647
49402	842	6	195	0	224	149	0.865640572019
49403	1037	4	262	0	293	149	1
49404	424	4	78	0	231	149	0.694378011592
49405	165	3	139	1	696	149	0.244252591463
49407	436	0	295	2	257	149	0.808252049595
49409	2	0	6	4	243	149	0.00131111893047
49411	54	0	73	2	288	149	0.309923139575
49428	392	2	98	0	289	149	1
49429	947	12	169	1	319	149	0.158171767814
49431	223	6	123	0	302	149	0.0279234955489
49432	7	195	0	70	278	149	0.281260233875
49433	11	109	6	46	227	149	0.790753830778
49434	6	3	3	2	290	149	0.767813289664
49435	72	3	77	3	208	149	0.944588557183
49439	176	0	153	3	315	149	0.205744890261
49442	104	1	69	0	238	149	0.591662658135
49444	17	0	36	3	217	149	0.0490079274466
49446	16	0	36	2	217	149	0.151855478726
49450	111	0	176	1	228	149	1
49459	952	8	307	2	237	149	0.674133714534
49460	1010	6	280	0	294	149	0.752812252977
49461	91	349	16	86	194	149	0.241612175383
49462	772	0	201	1	243	149	1
49463	0	2	1	6	240	149	0.239800465139
49477	8	1	3	4	349	149	0.0205283879755
49478	11	32	9	25	222	149	0.944405542602
49479	34	0	15	2	242	149	0.0369033543865
49480	39	12	22	15	242	149	0.0938429857481
49481	2	4	8	3	242	149	0.068617778077
49482	10	1	8	0	214	149	0.342692094731
49484	41	190	5	75	188	149	0.00570517297598
49485	363	3	151	0	263	149	0.635160882742
49486	291	1	147	2	321	149	0.598750617307
49487	251	2	123	0	300	149	0.553842219843
49488	462	2	217	0	345	149	1
49489	357	0	208	2	279	149	0.532784071902
49491	0	200	2	96	164	149	0.526898372786
49493	31	77	26	69	191	149	0.840115702252
49494	330	2	147	0	300	149	0.733194658173
49495	1	69	3	43	202	149	0.150177945453
49502	15	4	57	1	272	149	0.00434941853473
49506	0	2	4	72	219	149	0.222516310073
49519	305	2	228	0	314	149	0.617180301608
49520	50	0	162	2	229	149	0.528526622495
49522	28	0	145	2	220	149	0.527912225989
49523	4	210	0	300	257	149	0.85378893199
49524	4	210	0	300	262	149	1
49526	77	1	15	0	162	149	0.691747546695
49530	0	10	2	44	317	149	0.522264059318
49532	457	1	170	0	368	149	1
49533	8428	1	2279	0	2867	149	1
49534	548	2	126	2	214	149	0.527575406165
49535	139	41	36	56	1694	149	3.56881731944e-08
49541	10	0	2	2	219	149	0.00243722124071
49542	7	166	2	83	188	149	0.324639336895
49543	3	166	3	83	212	149	0.505739361755
49544	4	5	3	0	325	149	0.000275415205022
49545	2	177	4	85	325	149	0.559251873509
49546	5	177	3	85	246	149	0.853650030224
49547	3	1	4	2	246	149	0.720951327194
49548	34	0	78	1	330	149	0.342539184177
49558	4	5	7	42	245	149	0.0964992970356
49566	8	2	26	1	391	149	0.113864692988
49567	14	15	4	12	304	149	0.0926828121367
49587	879	1	1454	0	323	149	1
49588	846	2	899	0	205	149	1
49589	25	475	30	607	640	149	0.881364333466
49590	25	475	35	607	612	149	0.756351969473
49591	938	11	1417	2	384	149	0.011399900912
49592	594	2	1021	1	384	149	1
49593	1114	0	1328	1	327	149	1
49594	612	0	1076	1	326	149	1
49595	1136	1	1107	0	330	149	1
49596	950	8	1259	14	285	149	0.500950196274
49597	947	0	983	2	369	149	1
49598	157	1	707	2	349	149	0.616826057057
49599	727	6	1226	6	276	149	0.703000113725
49600	265	3	1002	1	308	149	0.772383483161
49601	2	1	3	372	331	149	0.0251028124934
49603	10	4	46	5	2043	149	0.0590912713784
49607	599	2	417	0	304	149	1
49608	1104	0	447	2	281	149	1
49609	1369	11	710	6	338	149	0.894946924029
49610	935	0	637	1	319	149	1
49614	34	2	4	2	268	149	0.0962952437813
49617	25	0	10	1	227	149	0.24163790805
49618	57	0	42	1	360	149	0.257529211192
49619	9	0	12	1	239	149	0.319014607263
49620	15	0	33	2	346	149	0.0882033189454
49621	0	8	3	55	332	149	0.448813101249
49651	4	12	0	9	274	149	0.0131546393988
49669	55	14	125	7	452	149	0.00171264412913
49671	19	2	63	0	241	149	0.0663202870917
49672	107	2	578	0	592	149	0.372329067755
49675	1	4	0	1	260	149	0.32769518127
49693	3	12	0	7	233	149	0.0364166075333
49694	0	7	2	7	275	149	0.0728936175584
49695	2	7	2	7	279	149	1
49696	0	7	5	7	356	149	0.00281499325389
49701	8	0	44	2	282	149	0.164552775072
49707	184	4	50	5	269	149	0.0423657126925
49708	84	0	26	2	261	149	0.103532299105
49709	136	2	44	0	344	149	0.591706020672
49710	134	1	55	0	344	149	0.51333965289
49714	745	1	320	0	238	149	1
49762	204	1	77	0	277	149	1
49763	160	4	55	0	221	149	0.151955488495
49764	105	1	47	3	209	149	0.0608852523181
49769	269	3	149	4	207	149	0.281200915263
49770	139	2	90	0	240	149	0.529804458795
49771	348	9	192	8	217	149	0.398955605782
49772	92	2	70	0	241	149	0.693491699092
49773	509	2	40	0	222	149	1
49785	3	2	3	0	329	149	0.00373833411195
49787	30973	54	1743	7	288	149	1
49788	19334	7	1011	0	288	149	1
49789	8382	7	1133	0	285	149	1
49790	19990	45	1855	4	285	149	1
49791	17209	2	1670	0	251	149	1
49825	579	23	226	13	233	149	0.397630946602
49829	181	2	68	1	320	149	0.757979163103
49830	142	6	68	2	320	149	0.484272684333
49831	4	39	8	11	192	149	0.00393899740762
49837	243	0	348	2	401	149	0.56506474088
49840	89	0	451	2	425	149	0.689386689569
49849	8	1	11	27	221	149	0.000365186062219
49850	6	13	0	86	182	149	1.0472418525e-05
49851	24	0	8	3	258	149	0.00178844636888
49852	25	24	4	27	258	149	0.000236838332251
49853	38	24	54	27	266	149	0.530282810577
49854	39	2	56	0	266	149	0.145970424267
49855	197	0	145	2	231	149	0.530731042186
49856	6	111	0	114	182	149	0.0249496325225
49857	14	2978	9	1475	439	149	1
49858	9	2978	5	1475	286	149	1
49859	31	2978	24	1475	239	149	1
49860	2152	2	1196	0	221	149	1
49862	163	2	159	1	251	149	0.56020423527
49863	155	0	178	3	248	149	0.540021600957
49885	5	2	8	9	265	149	0.19840550604
49886	49	1	19	1	229	149	0.89554989928
49887	110	1	30	0	235	149	0.672780047047
49888	1	26	0	16	287	149	0.443621289189
49889	0	37	2	15	229	149	0.252413522217
49891	7	10	0	1	221	149	0.00623639096989
49892	15	190	6	55	258	149	0.743899939249
49901	4	0	32	2	242	149	0.145267222002
49906	115	8	209	11	206	149	0.643174182514
49908	12	119	24	194	263	149	0.556715614682
49909	0	119	1	194	257	149	1
49919	49	2	54	0	325	149	0.136360635777
49921	48	1	31	0	217	149	0.331079882288
49923	3	37	4	26	251	149	0.4309647055
49925	142	0	5750	2	274	149	1
49926	142	0	2874	1	274	149	1
49927	84	0	1674	1	377	149	1
49928	84	0	4560	9	377	149	1
49929	92	0	948	4	241	149	1
49930	92	0	932	5	241	149	1
49931	44	0	4384	19	289	149	1
49950	12	5	3	0	326	149	0.00189765033069
49955	133	4	54	8	299	149	0.00990644949534
49956	132	4	69	8	295	149	0.0276070552236
49957	205	4	60	8	312	149	0.00207168664701
49959	9	241	0	111	317	149	0.306762343262
49960	293	0	121	2	290	149	0.647843888645
49961	511	0	248	2	358	149	0.528857731136
49962	296	16	159	7	286	149	0.604842745446
49974	18	15	5	7	351	149	0.373823649132
49975	18	21	5	12	351	149	0.187508180614
49976	21	4	5	14	351	149	4.72913294426e-05
49977	18	1	7	0	355	149	0.334935460177
49978	20	15	7	7	355	149	0.602349073748
49979	20	21	7	12	355	149	0.342242808252
49980	18	3	7	5	355	149	0.0618389794572
49981	2	15	2	7	405	149	0.618161161338
49982	2	21	1	12	405	149	0.696019528321
49983	1	2	2	0	405	149	0.000385092026605
49984	1	2	1	0	405	149	0.000418996976965
49986	118	6	15	0	185	149	0.0434990503344
49987	67	3	3	0	185	149	0.179714339756
49988	6	3	6	0	266	149	0.00210596608871
49989	55	4	21	3	266	149	0.52624364907
49992	48	0	23	2	264	149	0.0646274939622
49993	37	1	7	3	222	149	0.0113671181936
50000	167	2	102	2	269	149	0.726734686275
50001	89	0	52	1	269	149	0.309297781466
50002	2	0	1	1	236	149	0.0168677724323
50009	14	14	2	3	207	149	0.54603581136
50014	156	0	480	1	250	149	1
50023	166	1	175	0	176	149	1
50024	394	39	760	68	176	149	0.724083789084
50025	98	1	119	0	176	149	1
50026	97	39	127	68	192	149	0.296191751719
50027	4	39	71	68	297	149	2.519969865e-07
50028	74	306	129	646	297	149	0.391693815152
50029	593	1	834	0	311	149	1
50030	860	4	1412	2	311	149	1
50031	158	0	60	1	245	149	0.34844920587
50032	4	47	1	25	223	149	0.256256119984
50035	123	11	28	7	263	149	0.0834359391783
50036	184	10	38	6	263	149	0.101413635786
50039	1636	6	650	1	240	149	1
50040	1108	13	481	4	239	149	0.431465733115
50041	1306	0	606	1	290	149	1
50042	743	1	403	3	290	149	0.635967926838
50044	2	2	2	0	271	149	0.00295973640794
50058	4	0	0	2	292	149	6.28931699498e-06
50060	5	5	5	0	179	149	0.000444555713636
50063	312	1	80	0	317	149	1
50064	210	40	48	9	284	149	0.922240076099
50070	27	2	3	0	296	149	0.0991587690986
50072	2	4	0	2	258	149	0.0502268524568
50112	4	0	10	2	461	149	0.0144560428848
50113	218	2	81	0	248	149	0.569093001005
50114	149	0	64	2	222	149	0.726591644336
50116	1185	1	8	0	395	149	1
50122	0	14	1	10	206	149	0.236278757482
50128	124	3	12	0	254	149	0.236765185283
50129	44	19	1	7	274	149	0.000371802396396
50134	13	0	4	2	199	149	0.00823015384014
50135	38	0	24	3	269	149	0.0116116277526
50136	1	33	0	11	387	149	1
50147	38	0	226	4	287	149	0.206412808475
50148	2	0	176	1	233	149	1
50151	5	17	0	4	269	149	0.011784422873
50152	5	15	2	20	269	149	0.126912754897
50153	28	15	20	20	300	149	0.172269841586
50154	11	0	16	2	300	149	0.044003115743
50157	22	0	37	2	269	149	0.117847289115
50160	77	7	8	4	182	149	0.0483094474214
50161	211	2	52	4	254	149	0.0194255238671
50162	128	34	29	5	170	149	0.299471016693
50163	291	6	70	0	264	149	0.0988645229766
50166	1416	11	563	3	257	149	0.593568438121
50167	1247	2	497	0	233	149	1
50168	1739	4	606	0	284	149	1
50176	35	1	27	0	284	149	0.262228920738
50177	46	0	22	1	420	149	0.240356280686
50179	2	0	2	1	265	149	0.0369431106164
50182	2	3	8	44	490	149	0.835063075459
50183	26	2	4	0	212	149	0.133631805596
50186	4048	2	4483	0	272	149	1
50192	2	63	2	156	206	149	0.53305496343
50194	1	38	2	140	264	149	0.634065045296
50195	0	10	2	102	272	149	1
50198	0	57	2	31	262	149	0.71217457916
50203	15	31	8	27	230	149	0.322956372126
50204	45	0	52	2	230	149	0.269445382653
50214	2	5	2	0	256	149	0.000186350051828
50216	67	2	8	1	600	149	0.743278009066
50220	19	2	8	2	346	149	0.381310100558
50223	1451	6	111	0	297	149	1
50224	407	10	39	3	247	149	0.337613976013
50225	1688	2	226	0	1038	149	1
50231	0	2	2	5	321	149	0.0822762282553
50243	0	5	3	6	195	149	0.0108253327519
50244	3	2	18	2	247	149	0.120591029817
50245	37	0	15	2	321	149	0.0222930299056
50246	2	21	0	6	199	149	0.190481375648
50258	47	1	26	0	260	149	0.301234814142
50260	83	0	77	1	258	149	0.399703251681
50261	126	8	54	0	250	149	0.00497996016395
50262	177	9	76	4	250	149	0.978444447505
50263	15	9	5	4	194	149	0.682663537429
50264	32	77	17	34	194	149	0.663736565748
50265	216	0	44	4	251	149	0.00243469988483
50266	601	1	162	0	528	149	1
50267	2	4	2	0	318	149	0.000190308514808
50270	2	0	7	31	398	149	0.000951284552436
50272	1109	2	380	1	251	149	1
50273	1533	27	587	17	251	149	0.184104805262
50274	1078	2	371	1	271	149	1
50275	1106	27	384	17	271	149	0.109993447195
50276	1164	2	405	1	302	149	1
50277	1298	27	469	17	302	149	0.135983525971
50278	65	27	50	17	198	149	0.58880177428
50279	156	522	83	241	198	149	0.517941509882
50280	66	31	54	18	198	149	0.343294213127
50281	104	176	66	81	198	149	0.203354952057
50295	1	83	0	80	276	149	1
50296	39	0	30	2	215	149	0.128760800897
50297	39	1	30	0	215	149	0.301113441468
50306	5	1	8	0	380	149	0.231618255238
50307	766	0	535	1	246	149	1
50308	175	1	40	0	390	149	0.613834615057
50310	91	0	19	2	218	149	0.104540023382
50311	2	7	0	28	240	149	0.0810324078123
50341	56	19	21	4	264	149	0.25772231777
50342	222	0	49	2	272	149	0.380304808784
50343	19	184	4	38	342	149	1
50344	22	184	8	38	273	149	0.348330574989
50345	1	184	0	38	371	149	1
50346	7	192	0	31	268	149	0.278272881059
50347	186	1	24	0	206	149	1
50348	34	0	5	2	206	149	0.00987769424714
50349	167	0	107	2	282	149	0.70254820193
50360	18	3	4	0	202	149	0.0252141754392
50363	13	0	7	1	260	149	0.78803837423
50365	327	0	221	2	225	149	0.624144057294
50367	463	1	261	0	281	149	1
50385	11	114	9	60	187	149	0.424758939221
50388	10	2	14	0	516	149	0.00955699416501
50389	3	13	3	13	201	149	1
50390	19	1	26	0	231	149	0.23151715127
50391	37	0	4	1	258	149	0.168622872903
50397	4	0	1	1	386	149	0.00656518227567
50398	1526	0	1383	1	245	149	1
50399	1648	31	1246	40	251	149	0.0560222038717
50400	1605	2	1614	1	299	149	1
50401	1058	1	756	0	299	149	1
50402	64	1	58	0	201	149	0.419604358934
50403	421	10	540	11	201	149	0.757711830321
50404	1149	91	1411	150	313	149	0.133017206462
50405	1006	13	1004	13	273	149	1
50406	36	7	37	7	188	149	0.964131699578
50407	177	404	229	306	188	149	0.0045151475786
50409	133	3	179	2	158	149	0.48038646444
50410	232	0	395	7	245	149	0.069421859574
50411	1	440	0	250	244	149	1
50412	1	440	0	250	188	149	1
50415	10	0	7	1	321	149	0.540288394218
50420	6	0	12	2	255	149	0.0414991645247
50421	50	0	196	4	554	149	0.0596353941941
50422	77	0	194	4	767	149	0.0302957537846
50426	235	0	81	3	396	149	0.0334069544122
50432	12	38	7	22	233	149	0.979580724809
50433	62	0	33	1	193	149	0.290625328218
50434	42	1	34	0	245	149	0.291564256171
50444	56	0	367	2	215	149	1
50450	155	0	772	9	247	149	0.221616884481
50451	2	3	0	2	231	149	0.0311783752434
50452	892	5	194	0	288	149	0.871615752475
50453	1983	2	237	0	337	149	1
50454	18	877	4	100	254	149	0.587870402453
50455	1366	3	216	0	246	149	1
50456	551	1	86	0	234	149	1
50459	1	2	2	16	224	149	0.458223195006
50463	2	58	0	23	274	149	0.524728887142
50478	3	7	9	0	194	149	7.70612409262e-06
50479	7	0	26	1	194	149	0.268723490379
50480	7	0	12	3	194	149	0.0126115660996
50504	4	1	39	53	251	149	0.0851842288751
50506	310	0	229	2	388	149	0.529214584644
50507	180	0	145	1	217	149	1
50508	1	79	0	92	321	149	1
50521	787	535	165	183	1371	149	0.00774969136595
50522	1186	4	229	0	1542	149	0.194469158971
50523	813	4	232	0	197	149	1
50524	248	4	54	0	194	149	0.42620779255
50525	46	741	2	167	328	149	0.00477663257356
50526	4	374	1	193	247	149	1
50527	1725	0	313	1	285	149	1
50528	497	0	113	1	280	149	0.534086110618
50529	162	0	70	1	212	149	0.438752964928
50530	672	2	240	0	235	149	1
50539	9	87	1	31	187	149	0.0761052596473
50540	4	23	0	19	187	149	0.0160286547094
50541	136	0	58	2	270	149	0.474958356556
50542	222	23	89	19	270	149	0.0513794104817
50543	141	1	59	0	270	149	0.890436210188
50544	137	0	121	1	276	149	0.593489604579
50546	0	25	2	34	222	149	0.68156360139
50552	1381	7	484	1	385	149	0.873553265047
50553	15	1	2	2	329	149	0.0202182895155
50555	1	7	2	10	189	149	0.601637355343
50556	1	62	0	60	189	149	1
50558	1	62	0	60	239	149	1
50560	7	62	9	60	161	149	0.587558848645
50562	0	3	2	10	292	149	0.142742173065
50567	998	2	310	0	302	149	1
50574	98	2	46	0	252	149	0.696247904601
50575	7	32	6	20	215	149	0.668878583439
50576	164	2	86	0	329	149	0.567627323581
50577	255	1	97	0	305	149	1
50578	150	1	50	0	316	149	0.690137898894
50581	1100	0	463	3	1058	149	0.215477202638
50582	1112	0	479	3	1058	149	0.229855624021
50583	1116	2	470	1	1058	149	0.68160713048
50584	98	2	45	0	221	149	0.667649805491
50585	381	2	125	0	228	149	1
50586	581	1	135	0	350	149	1
50596	59	0	85	14	245	149	3.98182469424e-05
50597	54	0	71	14	242	149	2.25333469314e-05
50599	0	7	10	1	267	149	4.17625456994e-07
50600	16	59	5	72	207	149	0.00652078973264
50614	195	1	55	0	323	149	1
50615	149	4	39	0	195	149	0.18025689664
50620	497	1	364	0	634	149	1
50621	235	52	140	94	185	149	5.04764434839e-06
50622	485	0	403	2	218	149	1
50629	10	32	1	21	419	149	0.00960283730324
50630	52	1	66	9	239	149	0.00694707961474
50633	4	33	10	65	173	149	0.607905527511
50634	1	9	3	42	277	149	0.615895355101
50635	57	0	114	3	287	149	0.130345032947
50636	17	0	84	2	327	149	0.248207489029
50640	6	9	1	3	193	149	0.42554351857
50641	13	5	12	9	235	149	0.304613995906
50642	0	2	1	17	242	149	0.299867359086
50644	2	15	0	2	238	149	0.182698029614
50645	17	2	6	11	293	149	0.000203512550164
50646	501	3	138	6	271	149	0.00622914673802
50647	499	1	134	5	271	149	0.00933381884768
50648	770	3	252	6	331	149	0.0160100925517
50649	722	1	233	5	331	149	0.0315177220102
50651	3	2	1	6	251	149	0.0572772378388
50652	3	0	0	2	251	149	9.90980089877e-06
50653	17	0	3	1	251	149	0.3862135261
50654	17	4	3	1	251	149	0.733156587088
50655	17	68	4	41	251	149	0.0608430503991
50656	17	20	3	22	251	149	0.00208329743531
50667	760	13	183	1	234	149	0.0950204277618
50668	884	3	235	1	298	149	1
50669	702	1	217	0	223	149	1
50670	1142	2	253	0	320	149	1
50679	64	4	48	1	251	149	0.163002088798
50686	1	0	6	2	290	149	0.015561352981
50687	7	1	6	1	206	149	0.923458083563
50688	7	1	4	0	294	149	0.614162096563
50691	43	30	27	5	311	149	0.00799611448637
50692	86	2	28	0	225	149	0.551932756867
50695	67	0	53	1	302	149	0.298589608054
50698	84	1	107	0	528	149	0.286713188486
50699	8	51	6	17	203	149	0.250747741827
50700	156	3	78	0	364	149	0.141224324496
50701	819	0	580	2	268	149	1
50702	40	0	249	2	3553	149	0.0684547972016
50712	109	0	550	2	1103	149	0.772209408718
50717	10	3	2	0	354	149	0.00358227809093
50718	5	45	0	10	280	149	0.0657432814874
50719	71	9	17	2	239	149	0.822756994856
50720	29	0	8	1	239	149	0.259623941529
50721	64	0	9	1	229	149	0.745869564256
50722	99	3	17	0	229	149	0.192659574203
50724	2	88	2	32	226	149	0.49101916135
50736	3	37	0	9	349	149	0.254314673785
50740	25	2	46	0	398	149	0.0339097116223
50741	72	0	56	9	299	149	4.35705262192e-05
50743	29	1	36	0	261	149	0.254305401408
50750	8	1	57	2	240	149	0.497158946836
50751	0	1	4	2	564	149	0.00761421240774
50754	12783	14	1991	0	274	149	1
50755	7939	1	1179	0	231	149	1
50756	9030	102	1296	3	265	149	0.00459868294391
50758	33	0	111	1	281	149	0.521208432817
50767	7	31	0	21	305	149	0.00413406343121
50775	9	0	10	2	271	149	0.0273717098593
50794	3	6694	0	6941	270	149	1
50796	341	1	45	0	254	149	1
50797	646	15	79	0	254	149	0.034116022664
50801	744	0	87	2	331	149	0.613389960727
50802	620	18	60	0	221	149	0.0297004953835
50803	618	2	41	0	231	149	1
50804	732	3	87	0	257	149	1
50805	45	9	23	4	255	149	0.793027596301
50806	0	45	3	15	240	149	0.0239999944456
50807	55	0	32	4	242	149	0.00421053426999
50808	44	0	18	4	246	149	0.00119435178389
50811	8	1	102	1	376	149	0.8457257609
50813	2	0	62	2	376	149	0.187651874691
50835	22	9	12	17	202	149	0.0197006754099
50862	266	1	113	1	361	149	0.414105618079
50863	147	0	62	1	255	149	0.347187133116
50865	281	3	77	3	281	149	0.209594244646
50866	155	4	41	0	281	149	0.114523717406
50867	121	4	33	0	309	149	0.0691793169684
50868	251	7	66	0	309	149	0.0275545547802
50870	8	0	48	2	344	149	0.148194430997
50871	6	0	4	2	209	149	0.0112920248755
50872	1726	2	245	0	338	149	1
50873	1400	4	177	0	338	149	1
50874	452	4	63	0	200	149	0.721934560595
50875	856	82	142	11	200	149	0.444193544331
50876	497	82	85	11	197	149	0.412358932025
50877	238	1	10	0	330	149	1
50878	2	74	0	1	183	149	0.631714643181
50879	1	105	0	4	237	149	1
50887	12	0	57	2	402	149	0.146519628675
50907	678	1	516	0	299	149	1
50909	2	1	0	17	221	149	0.00410544010132
50911	598	1	711	17	306	149	0.000387271545375
50912	290	2	300	0	306	149	0.602836483837
50913	0	171	3	243	197	149	1
50914	0	171	2	243	227	149	1
50922	23	0	35	1	208	149	0.289913837528
50923	12	0	125	6	290	149	0.0279052261609
50924	7	0	79	6	296	149	0.016995164584
50926	0	8	5	37	254	149	0.0405200893252
50928	190	1	146	0	305	149	1
50936	301	4	82	0	260	149	0.347133440435
50939	15	11	0	7	173	149	5.53653006569e-05
50947	29	0	18	2	225	149	0.0526485308711
50949	55	0	28	2	263	149	0.0914503700529
50950	0	26	1	14	360	149	0.335366822666
50954	0	6	8	46	326	149	0.026798084827
50955	27	6	15	46	1448	149	2.47060845115e-07
50956	110	0	10	1	260	149	0.457597954322
50957	8	65	0	7	167	149	0.01996773005
50958	90	4	34	0	317	149	0.0381376883732
50961	54	4	16	1	300	149	0.6389711836
50963	103	2	29	0	236	149	0.74597356471
50964	198	6	21	0	272	149	0.0576431265084
50965	137	2	21	2	329	149	0.19473637178
50970	73	1	79	2	285	149	0.456693078575
50972	65	2	64	2	248	149	0.991922200722
50973	5	22	5	13	282	149	0.505244270122
50977	2	7	2	3	232	149	0.524804835261
50979	42	0	95	2	339	149	0.3145347308
50987	20	0	79	1	232	149	0.45042194643
50988	24	8	60	17	239	149	0.761142821469
50994	16	0	3	2	941	149	0.000253602710402
51006	211	5	140	7	301	149	0.215800443112
51023	48	87	23	23	273	149	0.121680751631
51025	159	2	76	0	328	149	0.575828464123
51039	34	0	150	1	194	149	1
51048	0	11	2	91	303	149	1
51051	0	4	2	8	346	149	0.126221619807
51053	0	23	1	20	261	149	0.343333343625
51055	3	2	1	0	388	149	0.00296764200367
51056	2	2	4	0	463	149	0.000840636565671
51059	0	23	1	20	317	149	0.391067654235
51062	29	4	26	8	273	149	0.202889945316
51084	618	1	483	0	257	149	1
51093	0	4	10	1	273	149	5.70827086199e-06
51094	0	5	5	5	316	149	0.00142836938838
51095	0	1	6	6	395	149	0.00647132608909
51098	2	0	11	16	320	149	0.00189804505874
51101	5	3	13	3	282	149	0.273161741671
51121	331	2	31	0	305	149	0.715247320756
51122	321	4	26	0	266	149	0.396579174553
51125	258	1	16	0	218	149	1
51126	275	1	25	0	362	149	1
51127	126	0	6	1	236	149	0.536459005651
51138	6	68	1	13	182	149	0.586026852309
51139	81	268	18	33	174	149	0.116586012017
51140	294	30	38	0	181	149	0.00137156757968
51141	2	285	2	42	196	149	0.696777450052
51143	88	3	100	0	326	149	0.0586752396962
51147	3	0	6	1	218	149	0.860850885052
51148	2	3	1	2	274	149	0.808542665905
51152	1	4	0	3	206	149	0.422603401627
51175	2	0	0	6	273	149	5.84352138699e-06
51177	19	0	19	1	236	149	0.231604263362
51184	180	0	179	1	253	149	1
51185	263	22	241	10	199	149	0.0720926755048
51186	72	2	62	0	199	149	0.740092955736
51187	157	2	144	0	242	149	0.52885212061
51188	324	0	318	4	242	149	0.608272031466
51189	0	9	5	147	176	149	0.249970885126
51200	47	0	62	1	225	149	0.37884515881
51201	0	15	7	35	309	149	0.0089353826847
51208	213	0	179	2	312	149	0.532735896883
51209	194	1	53	0	299	149	1
51210	1458	9	120	1	310	149	0.639449390198
51211	31	974	0	65	271	149	0.139685727757
51212	794	20	76	3	291	149	0.717173161307
51213	1028	0	144	2	291	149	0.569170303729
51214	22	0	3	2	207	149	0.00379234033809
51215	15	250	0	68	207	149	0.00976646163569
51217	1	0	4	12	186	149	0.00172861224071
51219	1	0	4	2	172	149	0.0204960272492
51220	2	0	81	4	356	149	0.0375124591408
51230	3	13	33	19	260	149	0.000725558055549
51239	3	54	0	22	251	149	0.273350602759
51243	72	1	23	0	286	149	0.359454336869
51244	30	0	54	1	305	149	0.299476031229
51245	14	0	3558	5	369	149	1
51252	0	2	5	9	270	149	0.00635664421765
51262	877	5	464	0	281	149	0.899312855315
51267	8	0	21	4	260	149	0.00469460668047
51277	15	0	173	2	587	149	0.300125031646
51278	16	0	215	2	370	149	0.633622150925
51284	188	2	312	3	268	149	0.938458579489
51288	25	3	45	4	272	149	0.826589856915
51303	6	9	4	17	230	149	0.159773748015
51306	4	0	6	2	207	149	0.02304857547
51307	31	1	17	0	207	149	0.276012153713
51310	36	5	30	0	223	149	0.00322824657511
51313	3	140	0	37	242	149	0.659907898109
51314	72	70	0	23	182	149	9.05948593921e-09
51315	35	3	25	7	179	149	0.0830166345723
51316	29	42	20	12	182	149	0.0473972808253
51325	112	1	14	0	259	149	0.582361109684
51326	81	4	23	0	439	149	0.0204057988379
51338	72	2	52	1	279	149	0.56732396519
51341	2	11	4	13	204	149	0.476254816655
51343	19	2	7	0	278	149	0.0654268832375
51344	22	152	10	168	278	149	0.0259044144441
51345	326	2	115	0	1612	149	0.183802685853
51347	1	2	1	0	195	149	0.00215561471827
51351	4	152	0	168	249	149	0.735694474294
51352	2	4	0	3	249	149	0.0443328250474
51353	4	152	1	168	254	149	0.719501378095
51354	2	4	1	3	254	149	0.638114648589
51367	8	44	3	9	240	149	0.771707320145
51368	5	4	3	8	240	149	0.165346757622
51369	8	28	4	22	240	149	0.443928251458
51370	44	4	9	8	247	149	0.000681971548951
51371	45	28	8	22	247	149	0.00113966242144
51372	65	4	10	8	295	149	0.000118478905805
51373	96	28	16	22	295	149	0.000118898919802
51374	25	0	2	1	295	149	0.0462703690365
51375	56	3	8	2	295	149	0.265293586241
51376	29	28	12	22	286	149	0.143461330892
51377	25	3	5	2	286	149	0.277906997362
51378	27	3	5	0	286	149	0.0267513680772
51379	26	32	5	7	286	149	0.762090111904
51380	4	8	4	3	206	149	0.261267248734
51393	4	2	1	22	346	149	0.000920871365038
51396	483	2	160	0	365	149	1
51397	660	2	258	0	341	149	1
51398	346	2	112	0	286	149	1
51399	650	3	194	1	326	149	1
51402	425	8	831	2	286	149	0.0160407521197
51403	613	8	1530	2	293	149	0.0788206268087
51404	2	61	0	538	245	149	0.523244066381
51421	14	0	3	30	283	149	3.69904107345e-12
51422	16	0	5	346	283	149	0
51423	14	0	2	3	283	149	0.000108723270587
51432	0	2	20	2	237	149	8.71325271803e-05
51436	4	0	3	346	356	149	4.97820117351e-08
51448	1624510	36	49071	0	207	149	1
51449	654746	2	22042	0	207	149	1
51451	328938	36	6943	0	202	149	1
51452	322	2	13	0	202	149	1
51453	1380768	2	33539	0	282	149	1
51455	2351040	6	60577	1	282	149	1
51459	647178	728	16093	18	361	149	1
51461	1972396	1	49845	0	361	149	1
51462	1972387	2	49845	0	361	149	1
51463	339575	1	27120	0	282	149	1
51464	83812	2	1248	0	282	149	1
51465	1251357	10	51337	0	282	149	1
51466	977147	1	23849	0	282	149	1
51467	462233	1	20753	0	247	149	1
51468	240078	2	18791	0	247	149	1
51469	1200688	3	59653	0	279	149	1
51470	1592002	5	50056	0	364	149	1
51471	199593	1	2496	0	288	149	1
51472	2305941	2	70620	0	288	149	1
51473	1342314	1	34713	0	288	149	1
51474	1396075	1	53706	0	373	149	1
51475	654569	1	20915	0	373	149	1
51476	1618173	4	56813	0	373	149	1
51477	234	29	28	0	324	149	0.000852083994954
51478	473297	1	23416	0	282	149	1
51479	1214568	29	56044	0	282	149	1
51480	927516	47	35576	0	217	149	1
51481	153	788646	24	24152	305	149	1
51526	200	1	104	1	309	149	0.44611238073
51527	285	3	104	0	302	149	0.935209602284
51528	131	0	148	2	258	149	0.532006442097
51529	7	131	0	95	238	149	0.0434914478634
51530	185	0	128	1	228	149	1
51532	5	0	3	1	271	149	0.18626205057
51533	6	1	17	0	209	149	0.326179032181
51536	1	7	0	20	444	149	0.263844213345
51544	24	0	24	4	221	149	0.00532817620858
51549	20	0	22	2	221	149	0.0765671063319
51551	44	0	33	3	221	149	0.0245434636978
51566	0	2	6	0	302	149	2.80193749802e-06
51567	3	2	0	4	210	149	0.00234424709501
51568	15	2	17	0	230	149	0.0470582592069
51569	7	0	9	2	225	149	0.03204125145
51579	10	0	903	20	284	149	0.0860722685238
51580	11	0	354	1	284	149	1
51581	7	0	487	1	281	149	1
51582	7	1	1019	4	281	149	0.294060524812
51584	64	4	52	0	186	149	0.0336758836831
51599	54	37	48	23	270	149	0.311297130837
51601	289	4	119	1	219	149	0.424443218194
51602	460	2	152	0	334	149	1
51603	665	0	167	2	386	149	0.628998441933
51604	318	3	121	0	221	149	0.641377218224
51605	101	0	104	1	450	149	0.339095432192
51606	122	0	238	1	223	149	1
51608	177	3	17	4	270	149	0.00400329217571
51609	200	2	30	0	282	149	0.530246059074
51611	8	0	9	2	260	149	0.0256427770716
51612	2	7	1	8	230	149	0.396760061412
51620	57621	2	16671	0	337	149	1
51621	26345	4	9262	0	337	149	1
51622	30605	4	5995	0	238	149	1
51623	186	2	10	0	238	149	0.538838269123
51624	60900	1	13200	0	238	149	1
51625	1729	0	1056	1	330	149	1
51626	26474	8	7569	0	330	149	1
51627	519	5	4696	11	229	149	0.856246415472
51628	5275	0	7138	53	229	149	0.636695352427
51629	2284	388	18	462	276	149	0
51630	3401	5542	16	3038	276	149	0
51631	2047	388	18	462	298	149	0
51632	2038	5542	18	3038	298	149	0
51635	2	742	0	137	305	149	1
51636	72	2	10	0	161	149	0.633998047494
51637	110	2	16	0	164	149	0.526616746355
51638	117	2	20	0	167	149	0.528150303545
51639	1059	2	173	0	224	149	1
51650	3	2	2	0	386	149	0.00285463578709
51652	4	6	113	11	455	149	0.000106274248052
51655	2	34	0	2	299	149	0.613725189428
51657	2	2	6	8	533	149	0.686157414963
51659	10	34	2	2	267	149	0.589514893052
51661	0	54	1	18	177	149	0.270692752304
51662	85	4	36	0	244	149	0.0500292729379
51663	63	1	36	0	213	149	0.396965170006
51664	85	1	41	1	285	149	0.93557266121
51665	37	0	16	2	246	149	0.0401560308204
51666	4	50	3	20	397	149	0.620486907556
51670	6	0	35	2	251	149	0.149089651341
51671	4	5	40	25	436	149	0.223897548531
51672	16	2	316	0	1079	149	0.00357776620341
51673	0	2	11	33	301	149	0.0152829246457
51674	0	2	9	33	268	149	0.0180150820054
51678	41	1	13	0	298	149	0.271762061409
51693	109	0	47	2	215	149	0.491660158883
51694	33	0	19	2	242	149	0.0517564566917
51695	58	4	53	0	238	149	0.018668542775
51696	36	2	16	0	257	149	0.129622879605
51715	36	0	330	2	336	149	0.625758560677
51716	838	7	294	0	319	149	0.35835047372
51717	205	7	270	0	319	149	0.00264854345078
51718	1286	0	302	1	272	149	1
51719	2094	2	1014	0	334	149	1
51722	109	1	48	0	289	149	0.496077324642
51734	0	2	3	17	306	149	0.107320296729
51736	7	0	37	2	211	149	0.184290646649
51737	3	2	6	0	190	149	0.00831927713625
51742	519	2	77	0	297	149	1
51748	19	0	5	2	227	149	0.00766304328579
51750	41	2	26	0	246	149	0.140698010995
51763	0	2	2	29	169	149	0.244215293979
51781	4	1	0	5	251	149	0.000194192133376
51784	4	71	2	47	318	149	0.607968248081
51785	4	3	5	1	318	149	0.212340911001
51786	106	3	77	1	236	149	0.289341462165
51787	37	0	30	3	236	149	0.0216652964425
51789	6	328	0	35	234	149	0.75404450541
51790	676	2	53	0	247	149	1
51792	115	430	11	27	220	149	0.409421991639
51793	1	430	0	27	232	149	1
51794	3	77	0	7	232	149	0.404671133023
51795	21	493	0	50	275	149	0.0766277765443
51796	24	493	0	50	270	149	0.0453604757504
51801	63	2	32	0	281	149	0.219067698447
51802	0	55	2	28	351	149	0.585685243549
51805	15	74	0	2	323	149	0.0314114684628
51807	6	124	0	39	202	149	0.0932580430072
51808	132	2	109	6	298	149	0.0700541976367
51809	25	2	91	6	264	149	0.732318522235
51812	2	0	25	3	172	149	0.0551764213939
51814	835	2	98	0	211	149	1
51815	780	1	96	0	212	149	1
51818	21	50	3	27	188	149	0.0147525934789
51825	17	4	4	3	309	149	0.157344318778
51836	747	0	239	2	235	149	0.649722398556
51837	969	0	181	4	183	149	0.327605946258
51838	8	2	3	0	251	149	0.0270837030323
51839	3	3	0	1	272	149	0.0101828611938
51842	205	2	46	0	186	149	0.735859150196
51843	63	109	11	13	244	149	0.482913958162
51845	20	0	40	2	249	149	0.142591311746
51846	43	1	43	0	288	149	0.277243753615
51847	148	4	37	0	213	149	0.160753878995
51863	183	0	87	5	266	149	0.00332973673997
51865	397	0	187	2	336	149	0.538695827292
51866	0	166	2	82	407	149	1
51868	17849	44	3152	0	224	149	1
51869	6946	0	1334	1	224	149	1
51870	1839	0	364	1	182	149	1
51871	12623	2	2170	0	182	149	1
51872	17678	0	4506	4	319	149	1
51873	6575	2	3580	0	254	149	1
51874	7467	0	3361	2	278	149	1
51875	16787	1	3451	0	266	149	1
51876	16946	1	3220	0	275	149	1
51877	18386	4	5183	2	335	149	1
51878	13234	6	3554	11	263	149	1
51879	1	6	9	4	384	149	0.00420774841737
51881	2	12	2	46	295	149	0.371323994468
51882	0	2	2	13	206	149	0.137401116948
51884	1	2	2	14	355	149	0.445573378028
51885	245	1	64	0	243	149	1
51886	334	1	95	0	332	149	1
51888	1	123	0	33	179	149	1
51889	307	0	39	2	278	149	0.273262416981
51890	307	0	116	2	225	149	0.554771659215
51893	1503	2	76	1	245	149	0.410983895653
51895	1633	31	187	2	260	149	0.195122753042
51900	69	0	213	2	236	149	0.579295146698
51901	0	102	1	88	367	149	1
51902	0	102	1	88	264	149	1
51903	226	5	98	0	272	149	0.084258147011
51904	4	5	1	0	161	149	0.0015143594003
51905	97	3	27	0	234	149	0.166639812405
51906	306	3	100	0	272	149	0.660481732819
51907	310	2	121	0	272	149	0.792916455467
51908	202	2	82	0	224	149	0.578892345924
51909	32	0	32	2	351	149	0.0662833617639
51910	52	0	55	2	320	149	0.165333122434
51911	16	1	25	0	260	149	0.23180411879
51912	47	0	37	1	265	149	0.272657443229
51913	12	0	67	2	430	149	0.163085454454
51915	1030	1	169	0	323	149	1
51916	24	1	8	0	262	149	0.239634037569
51919	53	1	12	0	217	149	0.347747905471
51920	3	114	0	52	207	149	0.686006678563
51921	86	27	129	4	659	149	5.98886449432e-07
51922	83	27	159	4	884	149	2.41386550748e-08
51923	635	1	434	5	213	149	0.733819355087
51924	371	1	202	5	209	149	0.087545718078
51925	1878	6	806	2	337	149	1
51928	28	5	7	2	242	149	0.704680829797
51930	82	1	10	0	204	149	0.531449229587
51947	3	2	2	2	294	149	0.717322749253
51949	18	2	75	35	308	149	0.0196482722901
51951	112	2	42	0	254	149	0.844060333132
51952	75	1	98	2	776	149	0.544615348382
51961	74422	5	17	0	312	149	1
51962	841	28100	0	7	242	149	0.251793624331
51963	40796	3	8	0	202	149	1
51964	19604	31	5	0	243	149	1
51967	1808	1	659	1	1112	149	1
51968	1793	1	610	0	1112	149	1
51969	1	1	0	1	269	149	0.297785795442
51970	6	177	0	74	269	149	0.397297643166
51972	74	3	191	4	353	149	0.554104632713
51973	7	3	41	35	203	149	0.286531565611
51975	63	0	94	2	303	149	0.45530380706
51978	16	6	11	50	185	149	5.16072192014e-06
51979	9	47	2	9	185	149	0.74278046722
51980	6	1	38	0	244	149	0.315644302527
51981	96	47	85	9	244	149	4.2671553817e-05
51983	1	47	0	9	213	149	0.632124290389
51985	41	0	27	9	257	149	1.4243172449e-05
52000	3	0	2	2	211	149	0.00449062528029
52001	12	1	1	1	218	149	0.206293043176
52011	8	0	13	2	282	149	0.0385449933043
52012	4	0	14	116	282	149	4.67960510975e-06
52013	4	0	13	1	282	149	0.373412302236
52014	710	0	260	1	252	149	1
52024	10	0	4	106	340	149	6.40598685209e-14
52026	1965	0	6805	2	4217	149	1
52027	144	0	638	2	479	149	1
52028	221	0	655	2	464	149	1
52036	2	0	0	34	294	149	1.18125257276e-05
52037	2	3	0	56	172	149	0.0107088997966
52049	2	0	8	1	281	149	0.848243313177
52055	251	0	30	1	252	149	0.256668844668
52092	394	1	259	0	224	149	1
52097	5	6	2	0	236	149	0.00073668447349
52098	9	265	4	146	236	149	0.618188355887
52099	15	265	2	146	242	149	0.0188169341771
52100	9	5	4	4	242	149	0.465548322427
52103	704	0	380	4	283	149	0.6371794748
52104	1	0	0	4	194	149	2.62178559965e-05
52105	1	404	0	233	194	149	1
52115	238	2	140	0	217	149	0.730221352362
52122	812	3	423	0	310	149	1
52129	3	84	0	389	256	149	0.77490231289
52136	6	0	40	2	240	149	0.179077738871
52138	62	12	43	6	207	149	0.512876056792
52140	44	113	3	42	254	149	0.00056042230722
52141	21	102	2	63	256	149	0.000955157185399
52142	163	8	98	1	236	149	0.0263694040993
52144	79	6	38	0	388	149	0.00356662449856
52145	34	17	23	6	278	149	0.201609158702
52146	34	0	13	1	266	149	0.239287113782
52147	87	2	21	0	275	149	0.335040269653
52149	154	2	53	0	290	149	0.547619739565
52150	6	9	4	21	284	149	0.0985084603319
52151	0	14	1	8	204	149	0.220901030458
52152	7	14	2	8	313	149	0.330113900947
52153	892	0	154	2	287	149	0.545842260951
52155	31	0	12	2	222	149	0.0306797476265
52156	138	1	39	0	200	149	1
52157	187	2	55	0	282	149	0.528544875273
52158	241	3	83	0	351	149	0.329076905154
52159	237	2	62	0	290	149	0.547953957097
52161	2	100	0	34	155	149	0.526470014225
52162	670	1	209	0	276	149	1
52164	55	0	76	9	291	149	0.000406470220369
52166	259	5	140	11	291	149	0.00848929639805
52167	78	1	81	0	291	149	0.372763970277
52168	62	0	80	14	291	149	1.80091869408e-05
52170	45	0	6	1	291	149	0.246579461352
52172	0	5	7	11	161	149	0.00136802439899
52173	0	5	6	11	266	149	0.00329632011771
52174	10	204	0	64	323	149	0.107617281365
52177	146	0	54	14	237	149	7.15048031896e-09
52178	141	0	43	1	237	149	0.301393131255
52179	344	7	104	4	237	149	0.497002831248
52180	140	0	43	14	233	149	1.39647482467e-09
52181	162	7	48	4	233	149	0.482517047451
52182	476	1	133	3	236	149	0.353948835217
52185	7	0	25	1	241	149	0.248981149731
52190	5	0	33	1	245	149	0.269930253588
52194	190	15	19	0	264	149	0.00844141230183
52195	12	0	9	1	1165	149	0.0316980740845
52198	82	2	41	0	180	149	0.595668738598
52199	56	2	39	3	310	149	0.386598482575
52201	2	37	4	25	260	149	0.187004182314
52216	42	0	113	2	240	149	0.638584220923
52217	5	3	12	271	298	149	7.90774182431e-05
52218	40	0	527	13	254	149	0.0533659115027
52220	26	0	78	3	198	149	0.150476477676
52221	8	0	18	14	198	149	0.000164165957175
52222	9	0	74	40	235	149	0.000230221292908
52223	1	0	18	16	222	149	0.00497469774588
52224	8	44	49	225	222	149	0.551771896574
52225	4	0	68	8	247	149	0.0142748376241
52226	3	0	19	3	228	149	0.0232820359655
52229	3	44	30	225	228	149	0.141926998006
52230	0	10	12	41	228	149	0.00294587570201
52231	3	7	23	37	228	149	0.457068492048
52232	32	44	50	225	285	149	0.000221144238662
52233	32	3	103	24	285	149	0.0816697630091
52234	11	44	22	225	300	149	0.0518386712662
52235	11	3	75	24	300	149	0.724279663315
52236	147	0	327	14	254	149	0.00126465318318
52237	191	10	549	41	254	149	0.27822736068
52238	150	0	347	3	254	149	0.634374339941
52244	0	24	1	47	272	149	1
52246	2	60	6	27	345	149	0.0129153502338
52247	300	5	84	1	298	149	0.432534509225
52248	6	205	2	47	277	149	0.677076384466
52249	3	210	0	50	398	149	1
52250	23	0	8	19	320	149	3.01174973849e-10
52257	23	24	5	36	306	149	0.000137725299385
52258	84	0	84	1	296	149	0.386405841688
52261	97	2	14	0	308	149	0.307094001222
52267	9	208	8	51	341	149	0.0276688297617
52268	413	1	102	0	252	149	1
52271	1423	6	318	0	551	149	0.653661208632
52272	1020	6	223	0	535	149	0.265262477875
52274	8	0	2	2	273	149	0.00191048344235
52275	48	0	42	2	223	149	0.215450577
52276	60	0	79	6	200	149	0.0063798404214
52277	101	6	148	18	392	149	0.111510054111
52278	3	114	4	99	348	149	0.636049337522
52292	425	2	139	0	214	149	1
52293	381	1	151	0	231	149	1
52295	379	2	137	1	254	149	1
52310	292	4	170	0	328	149	0.19686091341
52311	68	0	75	1	342	149	0.330544276868
52312	2	10	0	46	266	149	0.257779768679
52313	36	0	75	2	203	149	0.601363982239
52314	182	1	139	0	263	149	1
52316	1	123	0	31	255	149	1
52317	309	2	72	0	288	149	0.701481646392
52319	4	14	2	5	236	149	0.751438893362
52320	3	128	0	24	236	149	0.63122506775
52321	2	92	0	11	360	149	1
52334	9	0	20	10	271	149	0.000405218847276
52335	121	5	100	0	273	149	0.0181523718217
52336	39	5	34	0	246	149	0.00295374228443
52337	4	58	5	77	284	149	0.964713209458
52338	1	687	0	123	324	149	1
52339	13	391	2	93	198	149	0.345294398983
52340	12	391	0	93	344	149	0.624092695359
52341	14	391	1	93	350	149	0.319095791929
52342	429	7	117	1	212	149	0.275737496601
52343	4	174	0	73	210	149	0.775935908679
52345	274	1	199	0	251	149	1
52347	576	8	352	3	223	149	0.36199574645
52348	644	3	340	0	220	149	1
52349	263	2	153	0	220	149	1
52350	28	2	23	0	197	149	0.11679064622
52351	1	0	0	1	197	149	7.50406420575e-05
52353	18	0	61	1	215	149	0.385963850786
52354	192	4	177	6	215	149	0.429856801564
52355	0	48	3	118	273	149	0.642555498993
52357	307	0	188	2	273	149	0.528217556029
52358	2	18	4	19	234	149	0.390889058935
52359	51	1	58	0	311	149	0.288239793858
52361	18	6	3	23	252	149	1.29664005577e-06
52364	70	1	21	0	289	149	0.346679189084
52365	40	1	9	0	210	149	0.30639794845
52366	94	0	21	2	210	149	0.137774913309
52370	8	33	6	11	429	149	0.286373515294
52371	4	33	3	11	214	149	0.480383631217
52373	84	2	30	2	214	149	0.4686225419
52374	121	1	56	0	236	149	0.828358107911
52375	297	1	92	1	456	149	0.316491385596
52376	0	2	21	0	428	149	6.73496914905e-07
52377	8552	1	5592	5	223	149	1
52379	3	0	8	4	508	149	0.000687874145228
52384	6	14	0	3	318	149	0.00933280499363
52395	26	0	13	2	211	149	0.0361479794231
52396	1	8	0	5	336	149	0.250788717845
52400	2	0	0	25	215	149	4.71567262994e-06
52402	39	0	5	1	242	149	0.255257061152
52403	24	25	2	1	684	149	0.573184695254
52410	165	5	51	3	264	149	0.59580997046
52411	485	1	131	0	212	149	1
52418	3	0	42	1	252	149	0.289118560469
52420	12	2	4	17	222	149	2.07204556196e-05
52421	220	7	73	0	300	149	0.0192568302201
52422	205	4	56	0	233	149	0.210950941825
52423	35	81	0	17	240	149	8.61044157633e-05
52424	177	10	42	0	287	149	0.00704700061036
52444	5	0	20	2	238	149	0.0865245565652
52451	0	10	4	13	272	149	0.0142117056783
52452	1240	8	148	4	260	149	0.10062744514
52453	2579	67	374	8	343	149	0.481555588553
52454	1793	7	259	1	343	149	1
52455	236	7	38	1	303	149	0.596874548895
52456	956	1	149	4	303	149	0.0568276791762
52458	5	0	229	2	222	149	0.661695899533
52459	9	72	3	32	295	149	0.525334931177
52460	0	72	1	32	180	149	0.364023331208
52461	145	0	68	1	235	149	0.391171461436
52462	71	0	32	1	229	149	0.271975411745
52463	2245	1	942	0	1748	149	1
52474	62	0	99	2	258	149	0.99106710483
52481	95	6	65	3	269	149	0.563416544919
52482	1	1	0	2	218	149	0.206017411677
52483	129	1	47	2	234	149	0.234971003683
52485	71	0	51	2	364	149	0.130564369709
52487	47	0	23	2	251	149	0.0711085822602
52488	95	2	45	2	251	149	0.597002906227
52492	265	1	71	2	266	149	0.563677764031
52495	4	22	0	44	249	149	0.0103233487073
52497	100	2	95	0	273	149	0.736443406905
52498	188	2	180	0	248	149	0.534481028295
52499	1	124	1	130	183	149	1
52500	35	0	20	2	251	149	0.0527848704212
52501	706	1	1582	0	198	149	1
52502	0	1225	8	1535	279	149	1
52503	1725	2	2535	5	252	149	1
52504	1518	2	1105	0	225	149	1
52505	1239	0	1740	1	207	149	1
52507	32	0	21	5	187	149	0.00100412892807
52510	97	2	30	0	196	149	0.611573070747
52514	2	0	0	3	243	149	6.17792421254e-06
52522	201	0	43	2	262	149	0.337855576022
52523	156	4	23	0	305	149	0.117994669849
52525	5	3	6	0	281	149	0.0013150093356
52526	0	3	5	0	307	149	1.3591509308e-06
52527	11	2	7	0	462	149	0.0155806135674
52530	7	0	0	14	258	149	1.03163877441e-09
52533	99	1	20	0	236	149	0.559646813957
52535	564	19	306	10	218	149	0.898420583111
52536	329	10	258	26	261	149	0.00155644706191
52543	9	394	4	174	324	149	1
52544	6	394	0	174	241	149	1
52545	13	134	0	135	374	149	0.00185864470846
52561	229	0	194	1	304	149	1
52562	4	27	0	18	253	149	0.0361363384277
52563	3	159	0	106	253	149	0.875947511511
52564	21	1	15	8	229	149	0.00245371251568
52565	25	159	18	106	229	149	0.876435355877
52566	20	1	16	8	233	149	0.00381097104381
52567	31	159	20	106	233	149	0.898685938649
52568	9	1	6	0	233	149	0.445233482565
52569	8	159	19	106	275	149	0.00345956486616
52570	8	5	13	5	275	149	0.506236262374
52571	7	11	14	7	275	149	0.0722332189464
52572	585	4	317	0	276	149	0.687426721486
52573	393	22	284	18	239	149	0.755572643588
52576	12	4	4	5	336	149	0.0955482490553
52577	3	0	16	2	265	149	0.0614487244152
52579	3	35	0	40	247	149	0.130052716796
52582	3	83	0	55	207	149	0.611683173425
52583	0	83	2	55	196	149	0.565773651144
52584	2	83	2	55	324	149	0.562382672638
52587	156	2	114	0	293	149	0.547032285234
52590	0	3	1	5	262	149	0.2508493241
52591	12	18	7	25	242	149	0.120447761822
52594	1174	6	590	1	298	149	1
52595	30	2	16	2	267	149	0.638630264952
52596	75	1	28	0	256	149	0.395015028765
52597	69	0	19	1	230	149	0.286272299188
52598	85	1	28	0	238	149	0.470187017088
52599	148	0	32	3	408	149	0.00420854037213
52613	152	0	79	1	217	149	0.479779958221
52615	182	2	95	0	235	149	0.537367923152
52617	90	1	141	0	342	149	0.368875492862
52618	334	1	181	2	367	149	0.571344243279
52619	1	0	0	2	306	149	2.17287288291e-05
52627	82	30	8	7	209	149	0.136630648752
52629	5	59	0	14	239	149	0.0759389124585
52632	3	15	0	9	272	149	0.0563846985297
52634	352	2	358	5	248	149	0.294671954424
52635	140	0	153	1	295	149	0.863540644105
52645	0	1	2	24	256	149	0.297733684991
52646	0	1	2	24	223	149	0.267261537477
52647	843	0	347	1	293	149	1
52648	216	0	75	1	203	149	0.485636726935
52649	39	0	30	1	288	149	0.249309563741
52650	39	24	44	22	288	149	0.591935437368
52652	27	252	13	67	242	149	0.177629590518
52655	342	20	15	2	239	149	0.683091703117
52662	5	4	2	5	181	149	0.218223434444
52666	2	0	0	3	463	149	1.15756315124e-05
52667	10	1	3	0	266	149	0.484178049438
52673	8	0	8	1	284	149	0.785461836433
52674	8	0	13	1	263	149	0.331553680409
52677	56	505	12	152	328	149	0.262573649958
52686	3	2	0	15	219	149	0.000661510756097
52695	61	2	7	2	305	149	0.11284755856
52697	49	52	8	5	311	149	0.440189538647
52698	46	9	3	7	292	149	0.000430735649156
52700	44	2	1	0	292	149	0.17361726542
52701	18	34	9	1	228	149	0.00039886905183
52702	1	7	0	5	205	149	0.231856011878
52703	2	7	0	5	240	149	0.0714413782854
52706	111	0	70	1	350	149	0.313611949125
52707	63	1	36	0	212	149	0.398266418687
52708	56	1	18	0	209	149	0.37292466986
52709	102	2	38	0	311	149	0.401266569077
52710	3	6	0	269	255	149	0.00658406008427
52712	1	59	0	18	297	149	1
52713	7	6	2	4	208	149	0.31923087398
52714	62	2	42	0	330	149	0.174704303164
52715	37	0	23	1	223	149	0.247885762971
52721	134	3	88	0	244	149	0.233097042701
52722	168	1	80	0	268	149	1
52723	152	1	70	0	343	149	0.602685772627
52738	2	0	10	5	268	149	0.00223273677656
52741	4	0	22	2	312	149	0.072456876341
52748	27	20	13	0	321	149	1.72757079487e-05
52749	27	91	15	57	321	149	0.721299848495
52750	21	91	0	57	183	149	7.4582444578e-06
52751	3	2	3	5	183	149	0.355837518344
52752	210	1	105	0	326	149	1
52753	10	0	18	1	226	149	0.231764308355
52754	14	0	39	2	213	149	0.173892945331
52758	43	2	8	0	182	149	0.235561442024
52760	4	272	0	68	355	149	1
52763	199	7	60	6	252	149	0.113371923109
52766	7	7	4	6	268	149	0.595730209984
52767	30	79	18	32	268	149	0.343625286682
52768	23	4	14	2	268	149	0.797946950669
52769	0	79	4	32	226	149	0.0166639239901
52772	75	0	21	2	225	149	0.0980353423849
52773	74	0	22	1	225	149	0.244414003655
52775	83	4	31	2	225	149	0.771531363043
52776	14	0	6	1	225	149	0.601979079921
52778	2	14	0	18	228	149	0.147879779555
52779	0	4	2	2	236	149	0.0155814369485
52780	2	14	4	18	236	149	0.512160355599
52781	0	4	1	2	267	149	0.706732879196
52782	1	14	7	18	267	149	0.0326485824204
52792	23	1	7	3	355	149	0.0255105995186
52793	38	1	12	0	343	149	0.251637402655
52794	66	2	22	0	343	149	0.182484522039
52795	26	1	6	2	297	149	0.0843168154469
52797	58	1	47	1	360	149	0.951072045131
52798	663	3	227	1	247	149	1
52799	345	10	117	3	247	149	0.680109859679
52800	7	330	0	120	292	149	0.842793665351
52801	352	10	176	3	302	149	0.326270133427
52802	679	12	295	10	302	149	0.18784644203
52803	429	1	151	0	230	149	1
52804	14	1	10	0	230	149	0.258686362942
52806	195	1	74	0	236	149	1
52807	701	7	266	1	236	149	0.498174302311
52808	354	2	116	0	236	149	1
52809	5	354	0	152	253	149	1
52810	635	8	349	2	327	149	0.189353591065
52811	240	2	289	0	321	149	0.533316667511
52813	432	2	129	1	272	149	0.688986436779
52814	520	2	166	1	300	149	1
52815	146	1	89	1	304	149	0.479336527525
52816	560	0	234	5	304	149	0.0472641181617
52817	508	0	162	5	319	149	0.00956425649136
52819	1380	108	594	22	266	149	0.00384423165393
52821	5	311	2	182	277	149	1
52822	75	311	37	182	190	149	0.488838725453
52838	552	2	144	0	334	149	1
52840	769	1	158	0	245	149	1
52841	647	1	132	2	221	149	0.52589364518
52842	12	415	0	82	257	149	0.246518129467
52843	676	2	123	0	222	149	1
52846	44	0	21	1	342	149	0.233789362484
52847	32	4	25	0	244	149	0.00823299657081
52848	19	0	17	1	244	149	0.229371975974
52849	270	4	139	0	283	149	0.231176050363
52850	37	0	12	1	180	149	0.430572380237
52851	57	1	22	0	180	149	0.424102725103
52852	460	41	165	21	239	149	0.29633292879
52853	5	308	1	140	287	149	1
52854	4	308	2	140	229	149	1
52856	4	0	6	1	222	149	0.922156129853
52860	7	2	3	0	275	149	0.0196190818881
52863	3	5	0	1	273	149	0.0200500220543
52864	3	5	1	1	220	149	0.660454056218
52865	1	5	0	1	213	149	0.330707592577
52882	18	359	17	219	433	149	0.268416693342
52883	26	359	17	219	547	149	0.923397420698
52884	25	2	8	0	391	149	0.0606260095004
52885	9	359	6	219	275	149	0.917368484208
52886	3161	13	897	14	352	149	0.00226873877719
52887	1853	13	464	14	273	149	0.000811108595469
52888	450	13	96	14	174	149	0.000278803938196
52889	5393	2	928	0	297	149	1
52890	2981	1	472	0	297	149	1
52891	1700	1	347	0	249	149	1
52892	4103	5	799	0	249	149	1
52893	1043	2	216	1	222	149	1
52894	4406	3	939	0	296	149	1
52905	2	0	4	5	227	149	0.000634679980925
52906	643	2	267	0	1036	149	0.525281019474
52907	178	2	133	0	393	149	0.604698003857
52911	788	3	117	3	272	149	0.213310468036
52912	915	0	164	2	318	149	0.556940613782
52913	819	1	170	0	364	149	1
52914	664	2	124	0	239	149	1
52917	308	141	46	26	255	149	0.489572741918
52919	7	54	3	35	289	149	0.454465223213
52920	6	6	2	3	478	149	0.637319045258
52922	4	0	29	3	285	149	0.0306955816231
52923	19	7	37	9	285	149	0.47137062092
52924	0	108	4	77	270	149	0.299015992867
52927	9	1	2	2	336	149	0.0541265116457
52928	3	1	2	2	297	149	0.358529490223
52929	25	0	12	2	451	149	0.0124918531197
52931	157	0	78	2	296	149	0.620031244697
52934	165	9	17	1	263	149	0.812089556814
52935	2	69	0	10	235	149	0.527280039663
52938	1	0	3	4	217	149	0.000888951654458
52942	0	69	10	536	219	149	0.818876975914
52944	2	0	2	1	386	149	0.0214291655391
52953	217	12	39	5	274	149	0.254596648678
52954	112	4	19	0	274	149	0.0830328196559
52955	110	4	20	0	240	149	0.0973026412113
52956	206	4	36	0	240	149	0.229769898937
52957	295	2	70	2	284	149	0.331382683998
52958	296	1	57	2	281	149	0.396569986268
52959	294	7	54	0	248	149	0.072604811596
52960	242	0	48	1	232	149	0.32160857491
52961	58	0	30	4	324	149	0.00210540618802
52963	95	4	40	0	221	149	0.0680805005206
52964	129	1	38	0	257	149	0.779010740406
52965	57	3	23	2	257	149	0.898704889558
52966	109	3	40	2	305	149	0.833003449717
52967	185	3	57	0	305	149	0.25294892195
52968	95	3	40	0	274	149	0.121264931273
52969	176	0	62	1	250	149	0.350835451461
52970	212	0	73	2	291	149	0.575123073667
52971	256	2	96	0	325	149	0.540645242393
52972	176	2	58	0	334	149	0.55020695687
52973	91	2	40	0	344	149	0.278272206643
52975	0	60	2	25	189	149	0.495591655975
52976	0	60	1	25	191	149	0.325030111418
52981	43	2	5	0	245	149	0.191559533222
52983	277	1	57	0	311	149	1
52984	1	10	0	22	260	149	0.252631498371
52988	791	3	13	0	251	149	1
52989	224	1	2	0	206	149	1
52991	1877	13	30	0	284	149	0.60535846279
52992	935	2	23	0	310	149	1
52999	326	0	236	1	357	149	1
53001	269	7	206	1	351	149	0.0261862941555
53005	683	2	317	6	215	149	0.131643814393
53006	698	61	369	30	248	149	0.755878912916
53007	608	2	288	0	274	149	1
53008	1433	4	537	14	290	149	9.29081974865e-05
53012	45	0	84	1	563	149	0.278083590644
53013	71	0	123	1	229	149	1
53014	56	3	109	2	246	149	0.26192893398
53015	56	183	3	89	206	149	1.40444561936e-06
53016	6776	9	2330	1	205	149	1
53017	3186	21	941	28	217	149	4.6447018599e-06
53018	5387	21	3605	28	255	149	0.346172805135
53019	4535	21	1507	28	272	149	3.69384943287e-05
53020	280	1	65	0	275	149	1
53021	47	195	5	35	334	149	0.187865010798
53022	5	4	1	1	298	149	0.819202098318
53023	376	1	62	0	287	149	1
53024	3	147	0	21	250	149	0.716682306168
53025	49	5	1	2	236	149	0.0210045987443
53026	72	106	8	16	376	149	0.397858587455
53028	233	1	43	0	264	149	1
53030	164	2	106	0	247	149	0.528216192638
53033	120	6	28	0	270	149	0.0186998724277
53035	212	1	27	0	258	149	1
53036	49	2	16	0	260	149	0.18082071805
53037	360	0	39	2	479	149	0.0945395285986
53042	908	4	269	0	257	149	1
53044	65	3	4	2	242	149	0.0896847763862
53049	2	0	1	3	286	149	9.39125527727e-05
53052	650	2	241	3	293	149	0.699348145925
53053	396	1	138	0	293	149	1
53054	373	1	169	0	363	149	1
53057	685	13	241	0	358	149	0.00754191552923
53058	3155	0	703	3	916	149	0.603339160826
53059	2	8	5	10	273	149	0.383015438192
53061	2	0	29	2	206	149	0.160123082499
53062	632	0	178	2	293	149	0.529017261252
53063	122	0	37	2	239	149	0.307362323467
53064	1	3	54	0	298	149	3.38950530732e-06
53066	2	198	0	30	254	149	1
53067	171	1	20	0	252	149	1
53069	0	37	1	14	288	149	0.296457431068
53075	2	0	33	1	223	149	0.275448059826
53077	8	3	3	0	261	149	0.00429474191068
53080	58	0	41	2	194	149	0.309382422934
53083	12	123	5	95	386	149	0.216654377745
53084	2	0	5	2	264	149	0.0133156782836
53085	2	22	3	42	264	149	0.835069634963
53097	2	21	0	33	262	149	0.563062273596
53098	2	21	0	33	211	149	0.309714133962
53105	2	6	2	36	288	149	0.251522429104
53108	0	6	2	36	312	149	0.709297288938
53111	1	6	0	36	269	149	0.220737383023
53112	3	0	0	2	269	149	9.79845997273e-06
53114	1	6	0	36	239	149	0.275081294909
53117	3	6	2	36	205	149	0.0477662339748
53119	3	0	2	2	205	149	0.00474152572782
53120	7	1	2	0	205	149	0.544351274879
53121	2	6	2	2	347	149	0.509757170449
53122	18	0	4	2	400	149	0.00226221185495
53124	4	2	1	2	236	149	0.224397373104
53126	2	0	0	2	236	149	1.65189863763e-05
53141	20	4	9	0	226	149	0.00547077778498
53162	3	0	3	3	428	149	0.000204801046966
53168	493	4	138	0	295	149	0.765427515927
53170	263	0	45	1	310	149	0.275148336385
53171	142	0	33	1	235	149	0.272233242403
53172	333	5	99	1	235	149	0.38636863553
53173	18	59	9	19	305	149	0.468174313154
53175	224	2	70	1	285	149	0.645126394147
53176	212	1	50	2	235	149	0.364022175966
53177	207	1	96	0	263	149	1
53178	153	0	61	2	268	149	0.513795606395
53179	171	2	68	0	310	149	0.539603267041
53180	1706	28	457	9	280	149	0.868557869039
53182	1693	2	639	0	306	149	1
53183	1305	1	390	0	306	149	1
53184	408	1	440	0	339	149	1
53185	795	1	691	2	339	149	1
53186	781	38	527	16	308	149	0.130652326506
53194	396	7	147	2	334	149	0.531871699046
53195	92	132	39	48	230	149	0.618622130008
53196	53	63	18	16	230	149	0.499053851988
53198	393	3	143	0	223	149	0.803846987163
53227	0	2038	2	1378	230	149	1
53228	5	2038	2	1378	271	149	1
53230	1747	0	1210	4	267	149	1
53232	1263	0	675	4	264	149	1
53234	3231	2	1926	11	264	149	1
53236	163	2	66	11	177	149	3.91061388627e-05
53238	11	1412	4	794	384	149	1
53239	0	1412	1	794	320	149	1
53246	4	138	0	40	233	149	0.688775784746
53247	215	4	57	6	225	149	0.0133124705054
53248	12	140	2	40	230	149	0.289390948865
53249	3	124	0	51	235	149	0.630859060895
53250	117	0	44	1	258	149	0.291418183631
53251	107	2	73	1	187	149	0.595130010228
53254	1	113	11	76	270	149	0.000362072920848
53256	717	0	182	3	236	149	0.617544413988
53257	434	0	244	2	386	149	0.531655656579
53259	117	0	106	3	304	149	0.0969223086665
53266	167	1	2	1	361	149	0.107037198997
53267	103	0	0	5	361	149	4.83635353987e-12
53268	62	0	3	5	257	149	1.49516136583e-07
53269	132	8	4	0	257	149	0.0311398009312
53270	579	24	97	8	331	149	0.203643222949
53271	280	24	38	8	252	149	0.0947960895126
53274	728	4	110	0	406	149	0.707028888302
53279	7	185	0	82	338	149	0.49668841005
53281	7	146	0	25	232	149	0.126222280041
53282	1	0	479	15	258	149	0.0752951522565
53283	2	0	37	62	245	149	0.00164207879387
53291	1569	2	736	0	215	149	1
53292	1	1094	0	523	271	149	1
53293	1664	1	790	0	269	149	1
53295	10	205	46	240	268	149	8.21020313742e-05
53296	10	205	15	240	272	149	0.54304649713
53305	0	1	5	0	253	149	1.08530754027e-05
53308	156	0	84	1	308	149	0.376798347962
53309	499	5	146	1	254	149	0.49656180093
53310	625	2	59	0	269	149	1
53311	9	262	0	38	204	149	0.144132008953
53312	30	5	2	0	410	149	0.00642274569223
53313	25	1	2	0	410	149	0.286489129095
53318	97	0	85	7	320	149	0.000549142463628
53324	6	36	7	14	274	149	0.104003719078
53325	31	2	29	0	285	149	0.0808291599186
53326	933	1	514	0	271	149	1
53327	770	2	488	2	243	149	1
53328	704	0	502	1	273	149	1
53329	32	1	14	0	373	149	0.237842130245
53343	17	4	33	11	239	149	0.541539287076
53344	3	14	14	121	239	149	0.885017011017
53345	65	0	259	3	240	149	0.683351764467
53346	763	1	1802	1	748	149	1
53349	2	2	0	3	258	149	0.0198218082461
53350	204	1	93	0	333	149	1
53351	152	0	81	2	266	149	0.772160380497
53352	128	2	60	2	258	149	0.595376429414
53353	182	1	84	0	253	149	1
53354	214	1	101	2	299	149	0.556628262004
53355	121	0	312	1	2886	149	0.253837613169
53361	8	1	14	0	314	149	0.807382371526
53368	27	0	32	2	283	149	0.0873482958191
53369	35	0	30	1	382	149	0.234639085907
53371	15	3	15	0	242	149	0.00990956072011
53372	26	1	21	0	344	149	0.23126843582
53376	23	10	532	903	488	149	0.000815562940213
53381	6212	79	1859	10	2999	149	0.00725671556405
53382	1	209	4	65	334	149	0.333429764175
53383	468	0	131	1	539	149	0.347933624113
53385	19	0	34	2	249	149	0.119549863113
53386	5	23	14	26	250	149	0.0997014229944
53388	3	9	1	18	254	149	0.0776728287806
53391	4	17	79	79	272	149	0.00346503008547
53392	6	96	4	56	261	149	0.887837769134
53393	6	2	7	0	261	149	0.014439162565
53394	56	0	16	2	289	149	0.0338625032083
53395	2	0	0	3	213	149	7.0346232619e-06
53396	63	0	33	2	213	149	0.190719871537
53398	138	17	116	2	199	149	0.000621276799386
53399	41	1	25	0	199	149	0.320816710061
53401	29	1	6	0	215	149	0.269520332581
53402	109	0	93	2	215	149	0.622870305116
53405	83	0	104	1	237	149	0.594224167853
53406	168	0	156	2	277	149	0.536083706048
53412	27	0	16	1	247	149	0.230447430569
53413	0	1	1	0	271	149	7.00796720948e-05
53496	1	0	3	3	450	149	0.000201533027192
53556	89	3	42	0	251	149	0.11938303268
53560	61	5	3	0	262	149	0.0193136065112
53561	16	0	2	1	251	149	0.207004279655
53562	170	14	97	0	241	149	0.000211163880482
53564	276	4	82	0	237	149	0.35591148628
53565	213	14	67	8	227	149	0.289147160634
53567	3	165	1	44	328	149	1
53568	4	32	1	31	270	149	0.105668443779
53571	9	2	9	0	640	149	0.00619499548138
53574	2	0	1	1	251	149	0.0152946442615
53583	651	2	149	0	241	149	1
53584	28	477	4	108	379	149	0.243703585956
53585	392	3	153	0	199	149	1
53616	3	0	9	2	291	149	0.0257425614562
53617	56	1	17	0	238	149	0.341275888638
53618	51	0	26	1	274	149	0.339646726476
53621	3	38	0	14	213	149	0.13901778102
53623	2	38	0	14	248	149	0.908372384565
53624	17	38	0	14	281	149	0.000330723407428
53626	3	1971	2	580	267	149	1
53644	2	0	17	12	176	149	0.00324237721862
53648	39	0	27	1	258	149	0.248964721463
53649	14	0	5	1	175	149	0.32629072986
53658	9	2	2	0	306	149	0.0246679270003
53659	11	7	4	0	257	149	0.00111826763521
53661	5	3	0	3	203	149	0.000575529568676
53667	7	2	10	0	246	149	0.0177116145258
53671	5	0	2	19	245	149	8.72418776776e-07
53673	2	0	0	19	263	149	6.18915476791e-06
53674	20	75	2	20	217	149	0.0803922175895
53675	1	14	0	2	206	149	0.264146323438
53677	242	1	37	0	336	149	1
53678	195	0	32	2	313	149	0.178434978126
53685	0	2	9	0	614	149	1.54263893293e-06
53689	66	2	78	0	215	149	0.785204184694
53709	0	1	2	39	382	149	0.519749922883
53712	2	0	875	1	249	149	1
53713	2	0	358	2	249	149	1
53720	0	79	157	535	1251	149	2.16157466626e-06
53730	0	79	2	535	300	149	1
53736	0	79	2	535	328	149	1
53738	0	79	2	535	377	149	1
53740	4	21	13	66	346	149	0.820533477277
53742	0	21	6	66	328	149	0.0741405223062
53743	0	79	10	535	328	149	1
53752	0	2	3	5	238	149	0.0145551231393
53764	6	23	6	40	345	149	0.431453920354
53773	50	0	44	1	224	149	0.310175198057
53799	1	2	12	0	256	149	0.000389743804176
53801	0	8	2	2133	235	149	1
53802	15	1	1	0	322	149	0.380910963012
53803	37	6	3	0	280	149	0.00895845206514
53804	36	2	16	0	326	149	0.102665130956
53805	35	0	7	2	276	149	0.00901648636022
53806	14	2	6	2	290	149	0.396505708574
53808	2	0	0	3	371	149	2.39776391261e-05
53816	26	0	9	1	255	149	0.25674578771
53817	33	3	12	0	180	149	0.0607498499008
53819	14	14	6	6	261	149	0.993408189987
53824	5	0	1	2	391	149	0.000323183290548
53831	6	2	3	0	318	149	0.0123658484099
53838	2	0	75	2	234	149	0.333480218192
53844	2	3	5	2	193	149	0.200903606081
53846	0	3	4	2	311	149	0.00142980974397
53847	0	3	7	2	379	149	0.000255309664871
53851	17	0	14	1	219	149	0.229656831178
53854	6	2	1	13	277	149	0.000233800640379
53856	65	9	250	31	259	149	0.93934251099
53857	65	1	168	5	259	149	0.280777707326
53859	0	65	2	177	226	149	1
53860	0	65	1	177	261	149	1
53862	0	65	3	177	341	149	1
53863	0	65	4	177	490	149	1
53865	449	2	374	0	242	149	1
53866	163	0	204	2	257	149	0.541713357702
53867	383	0	402	2	245	149	1
53868	0	38	1	194	286	149	1
53872	21	213	3	181	214	149	0.00042864796336
53874	1	51	9	73	263	149	0.011485007096
53875	3	51	2	73	204	149	0.399413387509
53876	3	51	15	73	321	149	0.0214482960838
53885	244	7	197	4	347	149	0.523458896834
53886	98	2	68	0	258	149	0.831321493991
53887	769	4	218	0	389	149	0.679920890968
53903	8	0	23	3	850	149	0.00259078157239
53914	19	48	0	34	210	149	6.70870797048e-06
53919	0	54	2	40	402	149	0.522705999558
53933	26	89	12	44	203	149	0.826088353639
53935	238	2	118	0	292	149	0.547354882018
53945	47	0	72	2	203	149	0.676028505105
53949	0	2	2	10	273	149	0.140454643768
53950	4	0	53	6	357	149	0.0101395595474
53952	2	0	50	1	357	149	0.2732733601
53953	36	0	112	1	635	149	0.295803155777
53954	36	0	120	2	635	149	0.181572337368
53957	2	0	0	2	277	149	1.52201620648e-05
53959	2	570	0	148	192	149	1
53961	1048	1	271	0	254	149	1
53962	5	262	0	128	254	149	0.800847491328
53970	2	52	2	68	198	149	0.856111763583
53971	61	0	77	1	302	149	0.362084459719
53972	81	8	151	2	340	149	0.00324982850904
53973	58	5	76	12	324	149	0.244433303893
53976	0	58	2	283	245	149	1
53979	0	83	2	74	262	149	0.564705140646
53983	39	0	29	1	310	149	0.241057335844
53984	68	1	57	0	325	149	0.323753961452
53985	184	0	76	1	343	149	0.332108959525
53986	74	6	18	22	1073	149	2.2355755025e-08
53987	15	2	18	1	258	149	0.366861454961
53988	18	2	29	0	258	149	0.0413541641409
53989	1	0	2	3	248	149	0.000462008842432
54000	464	2	96	0	240	149	1
54001	356	19	93	3	236	149	0.25880984938
54002	211	2	43	8	233	149	2.35653299439e-05
54003	815	2	103	0	241	149	1
54004	5	39	0	18	248	149	0.0308738048432
54005	149	32	29	21	260	149	0.00121605409387
54009	60	0	31	2	266	149	0.107838777725
54010	107	1	29	2	259	149	0.125523797052
54011	1763	0	823	1	348	149	1
54012	488	0	598	2	288	149	1
54014	25	4	13	3	238	149	0.657314457663
54015	22	45	12	39	238	149	0.270543434881
54018	3	5	2	0	308	149	0.000273529988895
54022	120	1	52	0	232	149	0.854460921927
54024	4	2	24	2	239	149	0.149370560564
54025	6	0	17	1	368	149	0.375650253869
54026	2	0	7	1	244	149	0.79349207873
54027	12	0	29	1	230	149	0.262497399715
54028	19	2	17	0	244	149	0.060955565985
54029	6	2	2	7	229	149	0.0132029935116
54031	17	2	39	0	298	149	0.0314777164541
54036	5121	2	324	0	284	149	1
54037	9267	2	391	0	331	149	1
54038	1279	4	414	0	345	149	1
54039	305	1	202	3	232	149	0.803378858544
54040	137	2	106	0	228	149	0.525126744912
54041	327	2	222	3	217	149	0.824986683851
54042	78	1	57	1	217	149	0.797496844933
54043	4	4	9	2	242	149	0.100885760619
54044	3	1	5	1	242	149	0.694060285235
54045	405	1	248	0	242	149	1
54046	177	1	110	0	242	149	1
54047	1	1	5	0	252	149	0.0121796016527
54048	395	1	268	7	252	149	0.0149879883026
54049	188	1	123	4	252	149	0.0668429149659
54050	1	255	7	180	290	149	0.28338390064
54051	356	6	235	5	217	149	0.802360047977
54052	23	194	8	149	319	149	0.0503283742347
54054	703	5	147	2	388	149	0.731058041308
54055	373	5	135	0	325	149	0.155001997894
54056	399	0	87	2	295	149	0.722889224192
54057	348	0	85	2	280	149	0.764415885337
54058	482	3	89	0	356	149	0.634524509183
54059	373	3	67	0	360	149	0.904537406833
54060	147	50	71	14	296	149	0.110065166584
54061	1	93	0	38	221	149	1
54062	391	6	72	0	325	149	0.127308605513
54063	449	1	147	0	395	149	1
54064	264	8	82	0	300	149	0.0170088772673
54065	209	13	44	2	214	149	0.475399788762
54067	18	102	10	135	284	149	0.0406948703815
54073	602	2	232	0	230	149	1
54075	0	332	2	137	282	149	1
54082	0	35	3	92	309	149	0.633220068825
54084	0	217	1	430	193	149	1
54086	637	2	1446	0	223	149	1
54087	89	0	369	1	207	149	1
54088	243	3	1280	0	222	149	0.675217271582
54092	152	0	209	6	313	149	0.017552186098
54093	1	27	0	3	505	149	1
54098	16	0	58	5	252	149	0.0108666448315
54131	60	1	24	5	254	149	0.00410816390848
54135	6	1	28	0	265	149	0.306167944155
54137	98	0	53	6	238	149	0.00057279946515
54138	67	0	29	4	238	149	0.00252417912023
54140	66	0	49	4	359	149	0.00546295379764
54141	97	0	70	1	359	149	0.31020234316
54150	47	0	41	1	253	149	0.286747975008
54154	20	0	26	1	350	149	0.231253152844
54155	93	1	43	0	276	149	0.446519642651
54156	12	1	6	0	245	149	0.338050010626
54157	46	14	36	8	255	149	0.513074153526
54161	1	0	2	42	200	149	0.00155596389425
54162	1	0	0	42	242	149	0.000376215808955
54164	2	0	54	14	242	149	0.00800346483593
54165	0	2	34	27	245	149	0.00198631143912
54166	0	2	9	27	242	149	0.0125059395077
54167	0	125	4	286	263	149	1
54168	0	125	4	286	238	149	1
54169	2	125	9	286	290	149	0.396393072024
54178	1	0	63	1	230	149	0.377457831376
54183	88	6	21	0	317	149	0.0104617795158
54185	76	3	12	0	215	149	0.156934892086
54186	41	4	18	0	251	149	0.0152880499733
54190	43	0	26	1	253	149	0.248411959003
54192	2	13	2	26	268	149	0.641147608137
54193	58	0	68	6	272	149	0.00218124384117
54194	0	118	4	51	200	149	0.0417350159008
54200	470	2	129	0	228	149	1
54201	7	194	0	81	277	149	0.278126792871
54203	47	7	20	1	222	149	0.131565637621
54206	99	63	30	28	222	149	0.247704192422
54207	2	63	0	28	182	149	0.547773640676
54208	10	63	2	28	281	149	0.178088237891
54209	5	55	2	11	281	149	0.741556397628
54210	7	63	1	28	286	149	0.105233576692
54214	0	49	6	40	444	149	0.0178815880827
54215	102	1	34	0	229	149	0.607049540543
54216	258	2	102	0	663	149	0.606786257606
54217	54	4	20	0	239	149	0.0274319957921
54225	39	0	39	2	292	149	0.108413127167
54226	34	2	16	0	253	149	0.123170670385
54228	3	8	0	182	217	149	0.00780501911833
54230	798	0	991	2	333	149	1
54231	774	0	1169	2	309	149	1
54233	2177	33	797	12	194	149	0.936221616437
54234	1801	24	780	20	242	149	0.0638615067515
54237	4	2	8	2	246	149	0.498099129864
54238	4	2	8	2	266	149	0.496517009072
54239	4	0	4	2	309	149	0.00650357604548
54240	4	0	4	3	247	149	0.00128277659218
54241	12	0	5	2	247	149	0.00939874324949
54243	1849	0	257	2	277	149	0.591862598672
54246	0	39	4	2	284	149	4.38580379198e-05
54247	1	15	2	0	284	149	5.38628463654e-05
54248	0	120	2	97	284	149	1
54249	45	15	2	0	260	149	0.00616217282255
54250	41	2	2	0	260	149	0.179454219978
54251	42	120	2	97	260	149	1.98438230292e-08
54252	8	1	2	0	260	149	0.678246076102
54255	4	3	14	9	260	149	0.825596823606
54256	555	2	269	2	317	149	0.559060017308
54257	221	2	243	0	260	149	0.558141840959
54258	339	0	149	2	302	149	0.570450068929
54260	13	6	15	0	211	149	0.000276029690625
54261	14	216	6	77	291	149	0.889981087615
54264	8	1	9	1	273	149	0.908102635411
54265	2	1	0	1	300	149	0.01409748708
54271	858	0	222	1	274	149	1
54273	1053	0	298	1	293	149	1
54306	39	0	61	2	363	149	0.141795027161
54307	63	1	58	0	339	149	0.304689720338
54308	93	19	32	5	217	149	0.538564387366
54310	93	3	35	0	260	149	0.130698097994
54311	4	40	0	11	187	149	0.0584905857034
54326	174	4	115	10	274	149	0.0191005152793
54339	12	3	15	4	262	149	0.930337706038
54340	4	3	7	4	191	149	0.759131839603
54342	8	0	64	7	363	149	0.00795397579578
54346	6	0	174	6	233	149	0.0693282569401
54354	32	10	21	5	219	149	0.627930034366
54355	160	3	125	0	582	149	0.0685465836698
54360	5	1399	26	896	308	149	0.266792416249
54361	5	3	20	4	308	149	0.178986635371
54362	5	1399	34	896	473	149	0.573154149262
54363	7	5	3	18	319	149	0.00750960339337
54364	3	1399	5	896	298	149	1
54365	3	5	6	18	298	149	0.754960801893
54366	7	1399	4	896	279	149	1
54367	7	5	4	18	279	149	0.0166348991244
54368	2	1399	3	896	266	149	1
54369	0	1399	1	896	388	149	1
54370	0	5	1	18	388	149	0.419091490677
54371	12357	2	4558	0	225	149	1
54375	9	0	101	1	374	149	0.37471531313
54376	6	0	105	3	329	149	0.150410527628
54381	15	0	29	1	179	149	0.285608118946
54382	2	0	3	1	249	149	0.0652370288568
54383	82	2	129	1	267	149	0.337727034728
54384	0	6	2	58	185	149	0.758228588803
54385	628	21	154	71	8396	149	0
54388	32	0	61	2	239	149	0.276879600235
54395	0	2	2	0	344	149	1.31481732483e-05
54397	4	5	6	17	225	149	0.358125875333
54398	2	0	13	1	225	149	0.292997514741
54400	585	0	298	1	288	149	1
54401	275	0	194	3	288	149	0.479743864113
54403	312	4	114	6	219	149	0.0395429571262
54404	1	60	5	35	270	149	0.0201261465641
54418	1277	4	62	0	302	149	1
54419	1587	2	66	2	355	149	0.392473856469
54420	1624	3	60	0	355	149	1
54423	1	1	2	0	236	149	0.0168677724323
54424	19	0	7	4	344	149	0.000124826819511
54426	54	5	12	0	282	149	0.0098259446154
54427	137	5	35	0	334	149	0.0324789629666
54438	145	1	50	0	255	149	1
54439	0	92	2	23	233	149	0.587483929176
54440	11	78	4	80	243	149	0.0613515580806
54441	27	0	78	2	274	149	0.304465924782
54442	54	1	71	0	293	149	0.303524982394
54446	1	0	7	2	258	149	0.0233222341038
54447	4	0	8	1	274	149	0.751826914439
54448	6	0	8	1	386	149	0.466120077843
54453	1	0	4	1	195	149	0.118348890896
54454	360	2	213	0	282	149	1
54455	66	3	30	4	315	149	0.190379034739
54456	33	4	17	0	315	149	0.00658811284628
54457	58	4	32	0	435	149	0.00939456073895
54458	90	2	41	0	435	149	0.18315102111
54459	86	0	18	2	243	149	0.0722572286805
54470	0	2	5	0	224	149	3.56659171985e-06
54478	1	9	1	1	245	149	0.67562135839
54486	61	0	19	2	288	149	0.04586184886
54495	14	7	8	0	206	149	0.000741752690754
54497	1	5	0	7	366	149	0.218607089631
54499	1	5	0	7	233	149	0.220792752968
54501	6	5	3	7	272	149	0.218887454771
54502	6	1	4	0	272	149	0.540141433224
54503	27	1	3	0	194	149	0.271057208418
54504	64	2	24	0	236	149	0.282526254651
54505	2	5	0	3	294	149	0.0691555288587
54506	2	10	0	6	289	149	0.121772216381
54507	2	5	0	3	289	149	0.0678660105186
54508	10	5	7	3	237	149	0.843704285622
54510	1	2	1	2	209	149	1
54512	0	17	2	101	191	149	0.563805692043
54524	2	3	0	13	272	149	0.0256453423161
54528	2	0	8	2	269	149	0.025370781977
54529	0	1	1	6	256	149	0.230082231893
54531	125	8	55	4	389	149	0.918069854182
54532	1	0	56	1	312	149	0.300893514969
54533	88	2	50	0	260	149	0.520383484191
54535	43	10	34	10	194	149	0.649615024284
54537	1	0	0	11	205	149	3.6147684382e-05
54544	13	0	3	4	179	149	0.00010712559176
54546	1	551	1	165	298	149	1
54547	1363	1	314	0	314	149	1
54552	1306	2	311	0	290	149	1
54555	15	413	2	139	212	149	0.0951107222539
54561	2625	1	1941	2	344	149	1
54562	286	0	79	2	294	149	0.636764357892
54563	23	0	13	3	182	149	0.00875072720504
54564	16	15	8	0	182	149	9.17151672432e-05
54565	55	15	27	0	316	149	6.27252942118e-05
54566	71	9	31	2	316	149	0.278683977285
54568	2	0	0	2	225	149	1.68507404161e-05
54571	9	11	0	2	180	149	0.00303164994447
54572	1	5	0	1	180	149	0.40730821333
54574	290	6	35	2	371	149	0.743186754899
54576	38	2	4	0	184	149	0.222729979487
54577	76	8	9	0	184	149	0.0154937291055
54578	5	43	4	6	247	149	0.0634633553627
54579	168	2	27	0	423	149	0.488737043124
54580	1	0	0	1	248	149	7.17689266705e-05
54586	3	2	2	1	260	149	0.807730360407
54587	2	5	2	0	260	149	0.000183119189942
54588	4	5	2	0	263	149	0.000519906372912
54589	5	2	1	0	263	149	0.0140220176795
54591	2	0	2	2	257	149	0.00329608584553
54594	2	2	6	11	245	149	0.619595245959
54600	0	2	3	4	401	149	0.0249933710481
54601	0	2	3	4	376	149	0.0226502335757
54602	0	2	3	4	372	149	0.0222786331026
54617	2	0	6	2	236	149	0.0207314759919
54618	2	0	6	2	293	149	0.0147096735727
54619	2	0	8	2	465	149	0.0105292331018
54620	0	1	2	0	270	149	4.44099421814e-05
54627	22	0	23	4	331	149	0.00238469649321
54628	6	0	12	6	752	149	0.00035320421857
54633	2223	48	2390	10	481	149	7.42836148482e-07
54634	607	63	1689	3	481	149	0
54635	606	2	1687	0	481	149	1
54636	12413	63	1992	3	408	149	0.142422148277
54637	4569	2	832	0	408	149	1
54638	13982	2	2685	2	408	149	1
54639	6138	1	1525	0	408	149	1
54640	8578	2	1177	0	313	149	1
54641	8517	1	1176	0	313	149	1
54642	16379	17	2336	2	313	149	1
54643	283	4801	32	878	262	149	0.0302249244709
54644	38	4	12	2	188	149	0.806479219052
54645	8	20	2	9	280	149	0.372040742298
54648	45	0	47	2	393	149	0.0871016224509
54649	53	0	83	2	2720	149	0.019909217481
54650	7	4	42	22	1704	149	0.797033725159
54651	7	1	50	0	281	149	0.332179199468
54652	2	0	0	1	302	149	4.45941662316e-05
54653	0	10	1	21	264	149	0.354746426073
54667	20	0	10	2	522	149	0.00820088072974
54670	89	114	15	66	227	149	0.000134269312497
54671	23	129	7	42	194	149	0.816385928229
54672	398	1	155	0	276	149	1
54673	384	1	169	0	282	149	1
54674	215	0	77	1	182	149	0.565626269117
54675	256	0	86	2	219	149	0.686635286161
54676	252	0	119	1	253	149	0.678621198107
54677	201	0	80	2	253	149	0.8336671059
54692	0	2	2	0	265	149	1.56045656563e-05
54696	707	2	781	0	270	149	1
54697	2167	2	841	2	246	149	1
54706	159	6	66	5	373	149	0.336388359835
54707	245	1	86	0	259	149	1
54728	9	2	2	0	340	149	0.0210327812288
54730	10	0	4	3	231	149	0.00100448053113
54731	13	2	5	0	212	149	0.0592025694601
54732	7	0	0	1	212	149	1.80064337602e-05
54735	3	7	1	6	295	149	0.268509964401
54737	12	0	4	1	269	149	0.306556753983
54738	17	1	10	0	269	149	0.254632822652
54739	110	2	22	0	449	149	0.237762171644
54741	100	10	24	3	449	149	0.840582846765
54744	6	10	0	3	313	149	0.0053575411889
54745	14	0	0	2	313	149	1.18847721264e-06
54748	2	62	3	44	385	149	0.421217871752
54750	3	0	80	6	239	149	0.0263086955252
54752	5	0	98	2	260	149	0.393851562849
54766	257	4	102	0	221	149	0.371257150077
54767	249	1	80	0	304	149	1
54768	262	3	112	4	263	149	0.173046466673
54769	207	5	95	2	275	149	0.697346023577
54770	54	65	11	33	194	149	0.0183069414626
54771	215	1	113	0	245	149	1
54773	4	0	121	19	290	149	0.00878013437092
54777	16	2	138	7	269	149	0.824082684426
54778	25	0	210	2	281	149	0.533052286007
54779	16	9	127	77	320	149	0.875361605779
54780	29	0	255	2	318	149	0.543977450963
54781	85	0	276	2	284	149	0.61744254228
54789	184	0	37	2	237	149	0.318022138046
54791	8	41	4	165	247	149	0.00117517917118
54792	2	113	2	206	267	149	1
54793	142	2	245	0	177	149	0.543123645594
54794	284	2	368	1	257	149	0.739752600895
54795	119	0	223	1	177	149	1
54796	3189	2	3451	0	263	149	1
54797	7764	0	6913	1	278	149	1
54798	6431	0	4522	3	211	149	1
54800	222	1	104	0	196	149	1
54801	438	5	165	2	248	149	0.938694322773
54805	1	0	1	1	253	149	0.0162678749306
54807	9	104	0	24	272	149	0.0300220396142
54808	3384	18	547	1	3179	149	0.0744399237041
54809	213	3	31	0	236	149	0.526456959522
54810	59	3	14	0	190	149	0.126249598847
54811	362	17	65	0	425	149	0.00265868454807
54812	71	7	54	0	386	149	0.000820086806023
54815	71	0	185	2	200	149	0.590120868054
54818	32	0	176	2	261	149	0.529066379983
54819	237	1	93	0	286	149	1
54820	269	6	88	0	266	149	0.0727979233038
54822	349	1	116	0	432	149	1
54823	160	0	50	3	279	149	0.0256199002776
54826	422	0	203	2	275	149	0.531791596073
54827	302	1	252	0	281	149	1
54828	21	188	13	134	272	149	0.683980671592
54829	350	0	234	1	244	149	1
54833	8	0	42	3	251	149	0.0598057161909
54835	13	0	28	2	251	149	0.103790004511
54836	9	197	7	97	259	149	0.471971584764
54837	1	3	4	3	300	149	0.20464163439
54838	17	2	6	2	283	149	0.315760018459
54843	2	0	1	2	155	149	0.00306595862074
54847	25	0	154	2	953	149	0.168919030957
54852	937	8	314	0	259	149	0.595972997269
54853	260	4	44	0	203	149	0.421556173817
54854	536	1	181	0	271	149	1
54855	439	14	181	0	212	149	0.00445253911839
54856	156	15	55	3	212	149	0.248441537418
54857	211	15	61	3	224	149	0.414615496572
54858	492	1	189	0	224	149	1
54860	8	0	36	2	245	149	0.152674078897
54864	2	0	14	11	752	149	0.00367510768198
54865	11	2	3	4	354	149	0.0304402681533
54866	10	2	12	4	180	149	0.548835994372
54868	61	45	45	27	194	149	0.537844942817
54869	482	45	282	27	233	149	0.971532301786
54870	563	2	525	0	384	149	1
54871	269	1	347	0	384	149	1
54872	573	1	292	0	308	149	1
54873	112	0	52	1	308	149	0.29072780403
54874	867	2	470	0	308	149	1
54875	1185	0	495	1	412	149	1
54876	1652	7	735	0	412	149	0.776597873589
54884	105	0	117	13	299	149	2.40142456185e-05
54889	3	211	42	2032	260	149	0.581979484947
54890	6	130	11	1394	185	149	0.0444369427246
54891	108	0	3076	1	308	149	1
54892	25	0	3069	2	302	149	1
54893	1	0	1575	2	302	149	1
54895	24	0	2432	1	257	149	1
54896	82	3	23	3	293	149	0.205288166822
54898	105	2	15	0	358	149	0.288842969053
54899	70	1	60	0	183	149	0.503083402815
54900	43	1	61	2	248	149	0.578181016674
54904	487	6	109	0	250	149	0.27811387274
54905	39	138	13	54	270	149	0.605592091755
54906	302	2	105	0	276	149	0.725912229947
54907	388	2	104	0	201	149	1
54908	611	1	191	0	327	149	1
54909	452	1	207	0	331	149	1
54914	0	2125	2	828	340	149	1
54915	3713	2	1662	5	267	149	1
54917	3	1661	0	897	265	149	1
54919	4942	4	2128	0	323	149	1
54920	5074	3	1912	0	273	149	1
54921	8	56	14	60	255	149	0.298324569618
54923	393	1	217	2	272	149	0.542761456082
54937	766	10	334	5	248	149	0.871563249939
54938	3	58	0	147	230	149	0.4054620199
54940	10	88	2	63	257	149	0.0402327288634
54941	10	195	0	60	257	149	0.0540392651405
54942	10	37	0	26	257	149	0.00061918542778
54948	1744	2	417	0	267	149	1
54949	102	0	144	1	229	149	1
54950	300	9	524	21	345	149	0.438250076381
54951	490	1	487	0	329	149	1
54952	543	0	478	3	266	149	0.849603392506
54990	0	30	1	46	271	149	1
54991	119	2	109	6	239	149	0.0919007374306
54994	12347	14	412	3	353	149	0.646921215214
54995	8615	2	284	0	251	149	1
54996	15045	9	416	0	312	149	1
54997	12991	9	366	0	274	149	1
54998	6157	100	191	9	274	149	0.0295057733618
54999	15081	100	458	9	412	149	0.026287473914
55000	22601	333	655	10	412	149	0.905666452703
55001	11215	5	292	0	242	149	1
55008	41	2	11	0	194	149	0.20578048145
55009	261	2	187	0	274	149	0.605577283486
55013	8	0	536	1	348	149	1
55014	7	41	3	32	222	149	0.327555968166
55018	15	28	0	21	152	149	1.70192891126e-05
55021	117	8	118	3	197	149	0.107758434705
55022	248	2	119	3	236	149	0.238545005585
55023	12	43	2	49	311	149	0.00226184249178
55024	202	1	65	0	296	149	1
55025	87	0	46	1	206	149	0.332433055872
55032	4	148	2	52	345	149	0.677771466544
55034	2	134	0	48	322	149	1
55035	4	134	0	48	387	149	0.777204003702
55037	37	134	13	48	282	149	0.907642476474
55038	2	87	2	42	294	149	0.813339710109
55042	12	411	20	92	254	149	7.97931310581e-07
55043	784	0	353	5	320	149	0.146624891823
55044	233	6	55	4	263	149	0.225752823171
55045	144	12	93	3	320	149	0.084299321437
55046	298	0	108	3	458	149	0.0462091492094
55047	213	2	74	2	267	149	0.4657744758
55050	1	34	0	7	165	149	0.35875441167
55052	190	1	18	0	192	149	1
55053	4	123	0	10	296	149	0.785556584142
55054	22	0	11	1	228	149	0.2377613961
55055	189	1	20	0	313	149	1
55056	50	0	10	2	218	149	0.0288101830864
55064	4	7	0	5	327	149	0.0092015751799
55067	2	145	1	38	245	149	0.570204453452
55069	27	168	5	53	297	149	0.195322932451
55070	7	18	16	22	203	149	0.234270624375
55071	0	18	2	22	377	149	0.669790083888
55072	5	80	3	64	442	149	0.623315712667
55074	2	33	0	118	170	149	0.606968264867
55079	0	3	32	7	240	149	6.63419336138e-05
55083	1	0	1	18	240	149	0.000483853742838
55086	2031	19	621	5	322	149	0.634916234141
55091	664	2	1231	0	290	149	1
55092	1184	0	1038	2	242	149	1
55093	7	34	542	15	343	149	0
55094	11	1	25	0	316	149	0.296170892683
55095	4	2	8	2	339	149	0.492605610821
55097	120	4	83	1	266	149	0.178227832475
55098	44	45	68	15	294	149	2.21612929094e-05
55099	4	22	3	33	339	149	0.401552780402
55109	13	0	8	69	233	149	8.12350187118e-13
55110	5	0	6	51	233	149	5.97031818983e-07
55114	0	2	2	87	224	149	0.56700338284
55115	0	2	12	87	267	149	0.0429604227577
55116	0	2	23	87	286	149	0.019048356065
55117	0	2	2	87	301	149	0.891738491328
55119	18	0	11	8	215	149	2.06204970059e-05
55131	121	4	41	2	327	149	0.76771079637
55132	5	31	5	12	173	149	0.220638144087
55133	237	11	42	10	1818	149	0.000803033776803
55135	6	11	0	10	268	149	0.00128223965768
55138	1	9	5	15	292	149	0.169802052487
55139	21	9	9	15	725	149	0.0161325975492
55140	1	0	1	2	339	149	0.00063089730851
55144	45	0	60	3	266	149	0.0572559114103
55145	20	0	33	2	311	149	0.0916931445417
55148	106	59	74	27	281	149	0.165238613843
55150	20	4	19	0	366	149	0.00150723205501
55151	4	5	0	12	351	149	0.00268030129883
55152	33	5	19	12	226	149	0.01263955763
55155	2	0	5	1	229	149	0.537099613951
55159	1	0	4	1	262	149	0.0874139372066
55160	3	2	2	0	1069	149	0.000295898792859
55163	29	2	25	0	290	149	0.0773850289617
55164	82	1	60	0	277	149	0.398156525525
55165	69	6	25	0	197	149	0.00988300496696
55167	64	0	39	2	261	149	0.161549928652
55169	242	4	131	0	271	149	0.198301502661
55170	100	2	91	1	213	149	0.466424446512
55171	19	75	24	23	380	149	0.000552906186884
55178	5	0	1	1	315	149	0.00861894504661
55181	2	38	1	79	281	149	0.560705530176
55182	744	6	582	3	336	149	0.44054063306
55183	320	6	270	3	267	149	0.38335525276
55186	7	116	0	4	193	149	0.0795815678576
55187	24	52	3	4	358	149	0.749265164667
55232	1	0	2	5	323	149	0.000259787215654
55240	1	22	0	19	311	149	0.413293120996
55241	229	2	88	0	334	149	0.528611593985
55242	5	139	2	56	269	149	0.855678945473
55244	176	0	65	1	265	149	0.348859441509
55245	11	9	1	1	234	149	0.793669013941
55246	6	28	2	17	234	149	0.355147306334
55248	14	28	1	17	265	149	0.00308955840812
55249	12	1	1	2	265	149	0.00748625323103
55250	12	28	4	17	237	149	0.297154756062
55251	23	4	11	0	237	149	0.00623356076633
55252	90	0	63	2	317	149	0.264071142029
55253	115	2	75	0	330	149	0.615252038588
55254	82	0	81	1	362	149	0.333687265585
55263	5	243	13	460	288	149	0.481414401247
55265	95	0	176	1	501	149	0.463500554004
55266	96	243	194	460	501	149	0.731809653948
55267	30	1	58	1	263	149	0.935903372483
55268	35	243	69	460	260	149	0.843742892527
55269	54	22	90	40	260	149	0.790959521023
55270	548	1	1017	0	228	149	1
55271	26	0	30	2	272	149	0.0846561396445
55272	53	0	39	1	272	149	0.274001147925
55274	15	326	1	135	253	149	0.0316417361489
55275	16	59	1	10	253	149	0.108680104145
55276	12	326	5	135	281	149	0.883155796491
55277	12	59	5	10	281	149	0.28102501415
55279	13	326	10	135	328	149	0.221398545871
55280	2819	1	1009	6	301	149	0.747587845923
55281	2971	0	1102	2	301	149	1
55282	2426	1	841	6	296	149	0.965326378943
55283	338	1	92	0	296	149	1
55284	2376	0	833	2	296	149	1
55285	1283	1	410	0	248	149	1
55286	3397	31	1164	14	248	149	0.535764734251
55289	4	3	0	2	232	149	0.00157787012016
55290	0	2	7	4	217	149	0.00104264120124
55291	2	0	0	5	268	149	6.43191006444e-06
55294	5	2	10	2	271	149	0.492323315822
55297	0	35	2	60	265	149	0.524983295306
55298	261	2	143	5	267	149	0.0488849372012
55299	6	166	2	86	185	149	0.410602366766
55309	7	1	12	3	362	149	0.565370081909
55318	1	103	5	89	249	149	0.108422808336
55321	3	112	0	75	252	149	0.632868409597
55327	21	6	26	0	246	149	0.000290690359736
55329	53	0	40	1	235	149	0.290984325217
55333	224	0	474	1	250	149	1
55334	582	0	737	3	281	149	1
55335	184	3	164	0	340	149	0.243562946393
55336	382	3	452	0	232	149	0.712363077335
55337	279	0	397	2	254	149	1
55339	89	1	330	0	319	149	0.382255201442
55340	172	13	698	20	383	149	0.0222188006339
55341	52	19	35	0	251	149	3.22725759982e-06
55342	198	0	169	6	845	149	0.000829327712126
55344	22	0	60	28	328	149	6.49334366565e-06
55346	3053	3	5461	2	209	149	1
55347	181	4	1936	3	254	149	0.150790250926
55355	468	17	122	0	4975	149	0.000180779316892
55357	35	12	3	3	243	149	0.200364012041
55358	21	2	0	2	243	149	8.19436093138e-05
55359	113	2	30	2	401	149	0.337922142053
55360	125	6	32	0	401	149	0.0112143367182
55361	4	62	0	13	196	149	0.124629614826
55362	118	2	25	0	229	149	0.650682012038
55363	30	0	153	1	275	149	1
55370	227	3	115	8	319	149	0.00902786291701
55371	197	2	93	4	319	149	0.0869190305225
55373	1	7	1	36	183	149	0.836673471706
55375	97	0	51	3	240	149	0.0365436742177
55376	5	50	4	27	242	149	0.679446708658
55377	4	50	3	27	198	149	0.840641587332
55379	50	1	48	1	260	149	0.990061694016
55384	23	11	0	1	294	149	0.00292953612094
55391	2	0	4	5	317	149	0.000409167256379
55392	0	2	1	11	387	149	0.30501360372
55401	2	0	9	6	209	149	0.00214252679802
55406	49	1	9	0	240	149	0.319903237931
55408	701	0	18559	67	323	149	1
55409	1210	4	15319	0	251	149	1
55417	1	8	0	1	251	149	0.230028396548
55419	5	2	2	2	218	149	0.393143462778
55420	4	8	6	12	273	149	1
55422	0	8	2	12	339	149	0.189107055206
55423	0	4	2	34	449	149	0.518024156743
55428	16	2	8	0	902	149	0.00954325708805
55430	2	0	1	2	300	149	0.000756260058071
55431	2	0	0	2	300	149	1.44886839314e-05
55438	782	1	5492	0	331	149	1
55439	327	11	3639	14	331	149	1.7793694141e-05
55440	1396	11	2449	14	276	149	0.517732097277
55441	1853	3	4315	14	276	149	1
55442	1605	12	2766	43	276	149	0.0243298010065
55443	52	1	38	0	254	149	0.320381596749
55444	1229	3	2452	9	274	149	1
55445	2027	2	5709	9	274	149	1
55446	1230	36	2452	24	274	149	0.000246250046907
55447	7	2	19	9	171	149	0.4608242838
55449	6	809	14	3278	171	149	1
55451	980	36	1788	24	249	149	0.000757694931732
55452	1777	3	5002	4	249	149	1
55453	1126	2	1886	0	249	149	1
55454	3350	15	4198	6	184	149	1
55455	5286	2	7424	0	255	149	1
55456	2892	3	3150	0	255	149	1
55457	25	3	10	0	238	149	0.0280188030299
55459	2037	1	2860	3	238	149	1
55460	1872	1	2017	3	221	149	1
55461	3352	6	5705	1	221	149	1
55462	180	2713	149	3768	237	149	0.00450451234041
55463	64	2713	96	3768	275	149	0.730933127727
55467	55	26	4	3	269	149	0.513130765084
55468	309	2	6	2	316	149	0.0140661882927
55469	30	0	51	1	235	149	0.3283727095
55471	6	24	2	22	344	149	0.158908119705
55472	18	24	12	22	586	149	0.50044796701
55473	3	23	2	14	265	149	0.881593395748
55489	13	0	712	4	274	149	1
55490	3452	2	1234	0	222	149	1
55501	123	6	105	39	1388	149	7.84908349871e-07
55502	18	14	41	27	233	149	0.698399550084
55503	8	0	40	6	233	149	0.00730659584768
55504	6	2	35	21	608	149	0.56369258038
55505	2	10	37	50	608	149	0.025559494321
55506	18	10	55	50	428	149	0.31035123416
55507	20	0	36	4	428	149	0.00410933696981
55508	272	0	136	2	266	149	0.558261721886
55516	6	70	2	45	274	149	0.29067401124
55517	2	45	0	44	243	149	0.557623355978
55540	84	1	37	0	193	149	0.587401149563
55541	5	73	2	33	245	149	0.708655691648
55543	65	2	18	0	212	149	0.330453969327
55544	185	8	42	2	223	149	0.8136016639
55545	215	0	39	1	236	149	0.28820283849
55549	34	0	65	1	331	149	0.31091636742
55550	1	2	0	2	250	149	0.81890058321
55551	76	0	58	2	348	149	0.177100346609
55552	18	0	14	2	210	149	0.0457481157093
55553	43	46	9	37	437	149	0.00101211220081
55554	95	1	105	0	384	149	0.350910098125
55555	92	2	67	0	307	149	0.437845775121
55556	11	35	8	23	239	149	0.873871522409
55561	92	1	33	0	307	149	0.401029850161
55562	144	1	68	0	315	149	0.63151629183
55563	0	50	1	25	257	149	0.389109953737
55564	8	0	16	2	286	149	0.0498510251459
55568	6	583	0	2559	336	149	1
55569	15	0	530	4	862	149	0.176021721114
55570	582	0	2976	4	239	149	1
55572	1579	3	196	0	281	149	1
55573	1102	1	157	0	296	149	1
55574	2015	2	233	2	294	149	0.545056127205
55575	372	0	68	2	221	149	0.793539459072
55576	1459	7	264	2	257	149	0.658120627262
55577	166	26	12	43	309	149	0
55578	165	9	12	15	309	149	8.78488282119e-10
55579	165	36	12	4	309	149	0.592691788258
55580	166	4	12	0	309	149	0.13868169993
55589	0	401	3	4180	411	149	1
55590	0	401	3	4180	229	149	1
55591	0	4	3	8	299	149	0.0341326631575
55593	1	5	6	3	299	149	0.022818599282
55594	3	0	5	1	198	149	0.761574645578
55595	2	0	4	1	198	149	0.485045602193
55596	13	5	13	3	198	149	0.504237954029
55598	0	5	2	3	271	149	0.0288690229712
55599	0	1	1	3	271	149	0.42188073565
55600	1	0	3	1	271	149	0.0615597585765
55601	1	11	3	10	271	149	0.185253501861
55602	4	5	6	3	266	149	0.295530825706
55603	4	11	5	10	266	149	0.678337448982
55605	94	2	55	0	275	149	0.541442733204
55606	116	3	73	5	275	149	0.17965574637
55607	52	1	86	0	290	149	0.300645105056
55608	7	20	6	28	230	149	0.445941414262
55610	122	0	61	7	230	149	0.000183793214397
55611	4	1	7	3	347	149	0.595884647206
55612	2	2	20	6	294	149	0.187711545486
55613	5	0	20	2	299	149	0.0666568162194
55615	3	0	19	4	196	149	0.00809380111727
55616	3	0	5	2	196	149	0.0203207516564
55617	2	0	8	2	216	149	0.0347201254818
55618	3	0	16	2	216	149	0.0783107081891
55619	2	0	10	4	216	149	0.0024790196746
55620	2	0	7	4	182	149	0.00183750106366
55621	4	1	14	3	182	149	0.867096159393
55622	5	0	24	1	245	149	0.243758134394
55623	27	0	45	13	299	149	6.05143383702e-05
55624	8	1	16	17	290	149	0.0110646732058
55625	1	0	21	5	238	149	0.00785616589721
55626	1	0	2	7	305	149	0.000417768892091
55630	72	0	114	5	290	149	0.0188144078089
55631	13	16	68	37	257	149	0.056651607186
55632	100	0	226	3	326	149	0.352464946422
55634	0	48	2	100	290	149	1
55636	383	3	335	3	477	149	0.927716131969
55637	118	3	134	3	393	149	0.891418921652
55638	0	2	5	43	337	149	0.107886088462
55639	1	0	0	2	233	149	2.78827108567e-05
55640	9	2	4	0	239	149	0.0328263491381
55641	5	1	2	0	242	149	0.484160478532
55646	2	2	38	2	295	149	0.0219407462286
55665	2	0	11	3	682	149	0.000996543527963
55668	6	0	2	3	1223	149	2.12019236674e-05
55678	996	6	2029	13	362	149	0.822032102856
55679	87	2	62	0	161	149	0.540431310567
55680	1688	2	1579	0	308	149	1
55681	813	6	1811	2	332	149	0.600005246651
55684	2	2	5	35	182	149	0.201400487087
55686	29	1	46	0	277	149	0.249279846195
55687	54	1	71	0	263	149	0.320838468981
55688	8	0	8	4	265	149	0.000557567135751
55689	12	2	17	30	265	149	0.000570161990259
55699	0	2	2	61	242	149	0.523386740543
55700	3	0	0	20	514	149	2.18734549529e-06
55708	4	26	4	31	349	149	0.872126446612
55709	2	99	0	44	247	149	0.734636070292
55715	0	5	1	173	224	149	1
55716	2	0	164	2	279	149	0.691260140848
55726	2	0	29	1	303	149	0.244310154707
55727	2	0	19	1	266	149	0.241565687806
55728	21	0	25	2	320	149	0.0614665811922
55730	10	33	10	24	278	149	0.566334615716
55735	16	0	8	1	234	149	0.366461617456
55744	1	0	20	4	337	149	0.00432922269133
55746	2	0	32	2	266	149	0.136017331299
55757	37	0	94	2	236	149	0.653674244562
55758	6	15	21	45	254	149	0.709188053758
55769	71	2	131	3	329	149	0.836318406802
55770	74	0	126	15	321	149	5.22721101067e-05
55771	49	1	117	7	235	149	0.118390312208
55775	3	223	0	98	269	149	1
55781	4	9	8	8	164	149	0.262249483059
55782	6	17	6	1	164	149	0.00155531630765
55783	2	2	3	4	245	149	0.792616205261
55784	9	17	9	1	302	149	0.000850694797807
55785	13	17	10	1	332	149	0.00189141425306
55786	4	2	8	4	332	149	1
55787	6	0	2	2	332	149	0.00149703341876
55790	53	1	52	0	263	149	0.313676701157
55791	82	0	51	2	206	149	0.528631464887
55792	14	30	11	21	206	149	0.830036154197
55794	156	4	73	0	326	149	0.0742660344743
55795	331	2	143	0	326	149	0.650388242392
55796	240	8	109	4	263	149	0.852980917709
55797	4	182	0	76	250	149	0.677764453626
55798	103	9	25	30	315	149	3.34932193091e-10
55799	103	9	30	30	318	149	3.34454142159e-09
55801	2	0	16	11	211	149	0.00315222451148
55802	2	0	302	5070	211	149	0.000164943014605
55806	330	0	25079	1	259	149	1
55807	487	0	31024	5	218	149	1
55808	427	0	41809	23	338	149	1
55809	402	0	27566	1	338	149	1
55810	142	0	8793	1	206	149	1
55811	167	0	22793	6	206	149	1
55812	88	0	10095	1	224	149	1
55813	469	0	40648	19	281	149	1
55814	540	2	41899	9	306	149	1
55815	904	0	11079	1	215	149	1
55816	28	10	27	28	1004	149	0.0238636434951
55817	19	55	17	52	1245	149	0.890319669344
55820	48	0	63	4	269	149	0.0200355300409
55821	1	0	31	2	241	149	0.148397141723
55822	567	2	216	0	215	149	1
55823	1156	2	396	1	263	149	1
55824	1767	5	627	0	362	149	1
55825	1034	5	384	0	399	149	0.732774607686
55836	1	0	42	1	213	149	0.310517101128
55837	2	2	9	22	631	149	0.568210912542
55841	2	6	0	50	319	149	0.130785624965
55843	0	2	22	4	301	149	0.000225263932865
55880	32	22	79	24	263	149	0.0327899105896
55881	20	1	34	0	257	149	0.22896202587
55882	115	2	93	0	1523	149	0.0574262384594
55887	0	7	1	25	241	149	0.373194435942
55889	13	7	2	25	342	149	9.10976140112e-06
55891	5	0	31	2	253	149	0.132006578045
55893	4	6	2	10	245	149	0.186788075285
55894	8	6	5	10	368	149	0.18054278109
55899	0	8	4	33	170	149	0.0391372664168
55910	71668	1	7902	0	288	149	1
55911	485	27440	57	2760	271	149	0.647581666298
55937	2	3	12	9	351	149	0.350645677226
55951	39	4	15	0	291	149	0.0112576382463
55953	18	0	14	1	230	149	0.23107964249
55955	2	10	1	13	353	149	0.353741638518
55956	60	1	14	0	219	149	0.377438728599
55957	128	1	91	0	265	149	0.713861385625
55969	1	0	0	2	224	149	2.87856914394e-05
55970	6	0	0	2	661	149	2.90813497705e-06
55977	5	0	78	5	245	149	0.026291962777
55980	1	0	355	1	233	149	1
55981	1	44	1	17	325	149	0.351519150879
55982	0	22	4	20	408	149	0.0322933143056
55985	2	0	902	24	220	149	0.105983285774
55986	2	0	978	4	257	149	1
55987	4	0	763	3	279	149	1
55988	6	0	1722	3	251	149	1
55995	4	92	0	34	249	149	0.277113662626
55996	0	92	1	34	258	149	0.520291634724
55997	147	1	66	0	286	149	0.835220723095
55999	9	12	0	23	220	149	1.46365643618e-05
56010	50	0	185	2	250	149	0.531837282133
56015	2	432	0	57	325	149	1
56016	713	6	99	0	270	149	0.638594353841
56017	856	1	132	0	307	149	1
56018	778	4	54	0	188	149	1
56019	1111	2	96	0	257	149	1
56020	1013	0	120	2	258	149	0.59193001889
56021	29	60	4	20	209	149	0.0758171176379
56022	71	2	39	0	265	149	0.307970508755
56029	4	0	22	2	218	149	0.108322985027
56048	0	2	1	2	173	149	0.364462260654
56060	1	16	0	76	270	149	0.30957554945
56062	1	0	2	49	418	149	0.00339060017038
56063	2	0	26	3	198	149	0.0474709352264
56064	5	4	6	8	345	149	0.530067741754
56065	17	4	18	8	664	149	0.335792847284
56071	2	0	229	1	305	149	1
56079	2	0	97	15	713	149	0.0076941459163
56080	2	0	101	15	731	149	0.00782427087394
56083	7	0	333	10	242	149	0.075805601278
56094	2	0	39	30	283	149	0.00317579552819
56095	2	0	86	30	211	149	0.00658910868673
56096	2	0	40	2	211	149	0.214954584944
56100	0	2	1	93	269	149	1
56101	4	0	269	2	224	149	1
56114	2	0	75	2	301	149	0.270852699082
56118	21	3	25	0	210	149	0.0170007297711
56142	10	0	152	5	358	149	0.0445339914382
56143	10	0	218	5	280	149	0.134463717062
56151	1923	3	215	0	315	149	1
56152	1841	2	363	0	377	149	1
56157	16	5	10	30	187	149	8.91019748136e-05
56160	246	1	87	0	221	149	1
56165	1	9	0	3	199	149	0.224859917852
56168	12	11	0	15	292	149	1.13991946118e-05
56171	74	0	79	1	248	149	0.419362235962
56176	588	2	275	0	246	149	1
56177	739	2	213	0	209	149	1
56178	0	557	1	157	359	149	1
56179	24	2	9	0	215	149	0.109232267525
56180	562	2	47	0	272	149	1
56182	4	10	26	20	381	149	0.0396036753036
56187	2	6	6	7	242	149	0.265338542647
56190	20	0	11	3	227	149	0.00507693021916
56194	0	3	1	13	240	149	0.267100588232
56199	18	3	48	0	269	149	0.00494639356707
56200	18	3	26	0	311	149	0.00702375482792
56203	1	293	1	51	242	149	1
56204	97	293	6	51	185	149	0.00821635840566
56205	22	1	2	1	185	149	0.744216583074
56206	818	1	160	0	281	149	1
56207	13	321	6	80	236	149	0.38617645816
56208	7	321	4	80	208	149	0.368369922721
56209	2	128	0	57	272	149	1
56210	33	128	15	57	236	149	0.956387121504
56211	292	1	85	0	299	149	1
56212	10106	3	1937	0	4325	149	1
56213	484	1	132	0	259	149	1
56214	799	2	175	0	360	149	1
56215	392	1	119	0	333	149	1
56216	3643	2	2036	0	276	149	1
56217	13036	5	1961	1	239	149	1
56218	7365	1	1169	0	294	149	1
56219	10135	5	1637	1	242	149	1
56220	12256	0	2108	1	259	149	1
56221	8837	5	2194	0	319	149	1
56222	4203	2	1453	0	236	149	1
56223	7935	1	1546	0	224	149	1
56224	8938	62	1408	9	215	149	1
56225	2667	11	451	0	215	149	1
56226	9811	0	1714	1	338	149	1
56227	1399	0	469	1	272	149	1
56228	6375	2	1686	0	317	149	1
56232	0	2	1	182	252	149	1
56233	4	0	304	3	250	149	0.752520005924
56242	49	3	5	0	327	149	0.0539576832498
56249	520	3	149	0	251	149	1
56250	1	527	2	164	265	149	1
56251	5028	1	1243	0	1512	149	1
56257	1	5	4	14	218	149	0.526920636251
56258	1	10	0	11	218	149	0.237092890866
56259	7	1	14	0	296	149	0.676539290053
56260	5	10	17	11	296	149	0.0650756563757
56262	245	10	266	11	7262	149	0.980831415043
56267	2	0	0	3	206	149	7.247109443e-06
56269	0	2	2	1	295	149	0.0114681448344
56271	3	0	13	2	229	149	0.0571624213039
56272	2	0	16	19	229	149	0.0020085035016
56273	4	0	7	19	248	149	8.14029124748e-05
56276	1	0	6	9	335	149	0.00214791138479
56277	6	0	6	9	433	149	6.72917476547e-05
56282	1040	2	246	0	247	149	1
56286	93	13	11	10	286	149	0.000585693633046
56287	1	117	0	31	158	149	1
56288	274	2	63	0	241	149	0.787991758291
56291	71	0	162	6	371	149	0.0117517015033
56292	62	0	65	6	280	149	0.00165229984858
56294	295	2	191	2	379	149	0.769350066777
56295	142	2	168	12	290	149	0.00700106807568
56296	163	5	57	1	388	149	0.338104307303
56297	182	5	61	1	288	149	0.342589414431
56298	247	5	97	1	237	149	0.268930228849
56299	12	0	297	2	276	149	0.704908766791
56306	49	2	39	2	380	149	0.864367584158
56307	343	1	129	3	288	149	0.18966587721
56314	792	2	256	0	350	149	1
56318	1324	18	117	4	215	149	0.33793463431
56321	27	6	9	15	338	149	0.000465811164082
56322	26	8	10	4	338	149	0.695435639694
56323	30	8	27	4	338	149	0.34487528589
56324	29	4	15	4	338	149	0.376998561263
56325	112	0	49	2	288	149	0.265156397705
56326	39	1	32	0	300	149	0.264908764169
56327	23	0	45	1	192	149	0.340190058516
56328	28	41	6	38	311	149	0.00153133696155
56329	81	0	81	2	301	149	0.419095524802
56330	114	10	42	9	323	149	0.0896454194356
56335	0	2	2	8	248	149	0.101375822225
56336	0	2	2	8	288	149	0.118609661749
56339	5	34	17	73	302	149	0.318811353069
56355	23	0	64	1	230	149	0.381230648559
56356	40	0	25	1	218	149	0.295358233861
56361	230	9	66	0	245	149	0.0138649222202
56363	11	101	2	15	302	149	0.697030227343
56365	58	0	66	3	300	149	0.0503800906585
56366	32	0	23	2	195	149	0.0984889797308
56367	4	2	199	1	238	149	0.00916686844012
56368	4	2	103	1	263	149	0.0102374424681
56369	30	2	7	2	247	149	0.267941395082
56374	287	4	140	0	226	149	0.530312402448
56376	533	0	152	1	224	149	1
56382	3334	0	2444	2	930	149	1
56383	4353	0	3077	2	781	149	1
56385	1172	2	649	0	230	149	1
56386	7	1117	2	585	268	149	1
56387	11	1117	2	585	531	149	1
56389	3198	3	1457	0	345	149	1
56397	5588	0	5324	1	280	149	1
56398	5273	4	2353	0	280	149	1
56399	651	4	146	0	281	149	0.745467689759
56400	653	0	147	2	281	149	0.552149261459
56401	965	2	3080	0	281	149	1
56402	967	0	3076	1	281	149	1
56403	969	9	3077	8	281	149	0.300733079185
56404	1323	0	8762	4	362	149	1
56405	128	2	5470	0	362	149	0.787314437801
56406	127	4	5471	1	362	149	0.0218270382381
56407	24518	3	2802	2	307	149	1
56408	24478	0	2761	1	303	149	1
56409	24476	2	2765	0	303	149	1
56410	25674	3	6055	2	303	149	1
56411	16700	0	3011	2	271	149	1
56412	16696	9	3012	8	271	149	1
56413	16698	4	3011	1	271	149	1
56414	16699	2	3013	3	271	149	1
56415	298	0	1463	2	221	149	1
56416	13	26	0	4	339	149	0.00503635165626
56420	0	31	4	68	223	149	0.126837205146
56426	1	1	4	0	201	149	0.018327184724
56442	2	2	2	5	212	149	0.408997542206
56443	0	4	2	0	320	149	8.27082160393e-06
56444	2	0	47	1	501	149	0.242318059897
56448	15	14	2	2	251	149	0.899083436288
56449	3	14	0	2	212	149	0.0507369740894
56451	7	2	2	0	191	149	0.0346580342032
56452	6	4	1	1	191	149	0.692015561401
56453	70	0	14	1	229	149	0.373375064279
56454	83	0	16	1	242	149	0.315306927271
56455	27	1	5	0	242	149	0.254688057018
56456	32	1	14	0	267	149	0.257156335426
56457	89	2	26	0	267	149	0.38752806466
56461	0	46	2	18	332	149	0.709541860646
56462	35	2	23	0	264	149	0.110551576481
56465	5658	5	2584	2	253	149	1
56467	1346	66	568	124	286	149	1.23057120049e-12
56471	541	6	68	3	239	149	0.214523622156
56472	760	3	109	0	295	149	1
56473	451	2	69	0	297	149	1
56474	203	1	41	0	330	149	1
56475	858	1	165	0	592	149	1
56476	509	2	63	0	303	149	1
56477	71	0	30	1	232	149	0.263765442216
56480	74	0	38	2	208	149	0.284619861776
56498	0	1	15	0	365	149	1.16795645112e-05
56499	2	0	39	1	1409	149	0.148665572337
56523	490	1	75	2	288	149	0.607263239371
56524	1	858	0	22	248	149	1
56527	6	0	0	2	349	149	3.01611864029e-06
56529	184	0	26	2	276	149	0.161206676429
56535	185	0	21	2	259	149	0.0937314737341
56536	218	16	26	4	278	149	0.409051368886
56537	286	1	46	2	263	149	0.33558907237
56538	154	1	40	3	287	149	0.0241406834026
56546	142	0	340	1	318	149	1
56547	38	0	32	5	318	149	0.000907445870811
56553	2	208	0	52	338	149	1
56565	5	0	0	2	418	149	4.3106204124e-06
56566	4	0	0	3	418	149	1.55791476197e-06
56570	185	2	44	0	257	149	0.529719780829
56571	771	130	530	46	263	149	0.00289900450591
56577	0	5	4	38	381	149	0.179581555147
56582	10	12	2	2	230	149	0.840918164358
56583	8	10	9	9	239	149	0.731134510008
56591	13	0	21	2	233	149	0.0790921659131
56594	13	0	32	2	357	149	0.0845218510721
56595	2	2	4	0	212	149	0.00411100204816
56597	0	2	2	2	257	149	0.0221768014349
56600	213	12	68	7	347	149	0.308724058278
56601	146	11	60	14	260	149	0.0124037985821
56602	49	0	28	4	302	149	0.00239931806113
56603	15	1	19	0	212	149	0.228152069227
56605	1	2	29	0	284	149	0.000248617084086
56606	202	0	80	1	323	149	0.350935379481
56617	65	13	19	7	307	149	0.278868574028
56618	3	13	0	7	220	149	0.037990386908
56629	352	0	305	4	256	149	0.49110446395
56630	359	1	321	2	263	149	1
56631	376	2	385	4	349	149	0.354381911761
56632	475	0	434	2	353	149	1
56633	266	0	74	3	782	149	0.00624081126358
56644	1231	4	439	2	210	149	1
56645	1515	7	635	2	259	149	1
56656	122	0	66	2	366	149	0.255997091644
56658	142	0	31	1	249	149	0.262215103095
56659	4	147	0	39	273	149	0.697114554964
56660	371	1	71	0	376	149	1
56687	13	42	0	23	283	149	0.000396637143103
56688	277	2	80	1	256	149	0.446073023609
56690	1707	4	311	0	727	149	0.761581442343
56694	428	3	70	0	283	149	0.65755966729
56695	110	2	32	0	260	149	0.675793700138
56696	2	27	2	21	265	149	0.887690115979
56697	75	13	35	2	306	149	0.0661286105278
56700	1	2	2	0	210	149	0.00164006653607
56701	7	50	4	46	210	149	0.414276943908
56702	2	50	0	46	222	149	0.554907802329
56703	20	50	2	46	356	149	0.000139985890049
56704	18	7	4	4	356	149	0.184730680513
56706	318	1	157	1	315	149	0.765260482552
56707	179	2	109	0	242	149	0.531728047656
56721	0	66	4	52	191	149	0.0399925981164
56728	225	41	70	3	245	149	0.00286500723006
56729	262	2	56	1	247	149	0.403578393136
56730	565	41	147	3	247	149	0.00688076239635
56731	5	336	2	63	188	149	0.780838981195
56732	834	0	210	2	337	149	0.532526114775
56733	448	2	143	1	212	149	1
56734	185	2	60	0	212	149	0.566330778381
56735	457	2	161	0	293	149	1
56736	721	2	244	0	293	149	1
56737	0	13	1	29	346	149	0.634045680062
56740	9	3	37	22	215	149	0.325095929262
56741	3	0	25	16	194	149	0.00225633712046
56742	20	28	20	51	248	149	0.151452201051
56743	1	11	0	43	158	149	0.29127583214
56744	1	0	85	1	268	149	0.418028863329
56747	23	0	21	2	199	149	0.076469796066
56749	81	2	61	0	249	149	0.56125834934
56750	76	0	52	1	228	149	0.335999492607
56758	186	2	101	0	213	149	0.56657462287
56759	31	0	517	6	335	149	0.244845683806
56760	11	0	311	6	502	149	0.0524905890866
56767	2	0	9	1	257	149	0.539993380694
56768	682	3	98	0	218	149	1
56769	178	0	50	3	221	149	0.0478641346891
56773	2	2	1	8	191	149	0.11869067751
56788	6	4	13	0	374	149	9.13822494172e-05
56789	10	4	11	0	371	149	0.000360769339032
56790	10	4	4	0	453	149	0.00110357191815
56791	10	4	6	0	529	149	0.000676160539347
56794	18	0	4	8	993	149	1.43040293832e-07
56795	18	0	4	8	713	149	1.49083173029e-07
56803	7	146	1	51	229	149	0.168519481517
56804	19	5	1	0	236	149	0.00715306215042
56808	0	4	1	37	203	149	0.446912180956
56809	1	4	2	37	294	149	0.444096988696
56810	15	0	34	8	241	149	0.00121121300382
56822	498	0	118	3	638	149	0.0284706844668
56826	19	9	19	7	1625	149	0.681199223321
56827	11	2	15	1	273	149	0.324495623392
56831	64	2	44	0	294	149	0.227853299422
56836	21	37	5	7	1258	149	0.727676227767
56837	81	4	13	0	276	149	0.0504163044644
56838	42	5	9	19	276	149	1.94857426083e-07
56839	32	5	19	2	238	149	0.57063356173
56840	66	1	23	0	238	149	0.380447278982
56841	10	5	8	19	283	149	0.0188195621036
56845	0	7	1	7	189	149	0.223299637384
56846	2	7	0	7	212	149	0.056139910335
56847	5	0	2	1	212	149	0.154842727666
56848	15	5	11	19	408	149	0.00698610713814
56849	144	0	111	1	271	149	0.543501043114
56853	1	90	0	68	267	149	1
56856	0	128	2	49	330	149	0.524861525533
56860	4	37	0	49	288	149	0.0488207167041
56876	19	0	9	2	196	149	0.024695073288
56881	319	2	108	1	209	149	0.852093641405
56882	48	0	130	2	283	149	0.717567400331
56885	236	0	42	58	425	149	0
56886	0	289	4	346	304	149	1
56887	6	289	10	346	348	149	0.914061557341
56903	321	1	28	0	313	149	1
56904	200	2	21	0	282	149	0.52911867878
56907	1279	2	158	0	275	149	1
56908	5556	0	1039	1	1248	149	1
56909	2	319	0	34	258	149	1
56910	114	153	11	45	212	149	0.00139008594825
56911	807	3	148	1	446	149	0.439805376113
56918	562	2	138	0	272	149	1
56920	5	124	3	73	230	149	1
56923	2	0	2	1	461	149	0.0162068642075
56924	404	2	390	2	300	149	1
56925	0	6	1	40	416	149	1
56926	89	2	74	8	250	149	0.0199634589079
56928	96	0	63	2	250	149	0.51340809601
56929	106	0	164	2	324	149	0.561305835981
56930	235	3	102	1	308	149	0.531278732203
56931	1	0	1	1	214	149	0.0212857965412
56933	2	260	0	207	220	149	1
56934	6	260	18	207	342	149	0.00371971298505
56935	40	8	472	4	284	149	1.7814120773e-06
56936	346	6	682	10	383	149	0.899013607614
56938	2	2	18	243	268	149	0.166296588195
56948	147	3	53	0	389	149	0.140005306091
56949	0	63	2	32	223	149	0.884666978372
56951	2	0	0	2	236	149	1.65189863763e-05
56978	315	7	199	3	245	149	0.45297205851
56979	601	2	220	1	272	149	1
56981	304	1	240	2	278	149	0.563035273101
56982	165	0	236	2	287	149	0.550159789751
56986	1	48	5	41	211	149	0.0350511102494
56988	272	0	130	1	254	149	0.823640686871
56990	208	4	113	0	281	149	0.131474481123
56991	104	2	66	0	281	149	0.75594641975
56992	118	2	35	0	231	149	0.573496023842
56994	24	46	14	84	456	149	0.00426110172153
56995	663	1	316	0	319	149	1
56996	502	2	204	0	265	149	1
56997	530	18	305	19	320	149	0.101896996932
57000	1	0	3	2	235	149	0.00796716012152
57001	159	2	67	0	287	149	0.538742355532
57002	124	0	26	1	224	149	0.255191191963
57003	66	1	49	0	254	149	0.365800132687
57018	132	0	89	1	232	149	0.504791389223
57021	2	0	2	1	259	149	0.0381064566966
57022	5	10	1	3	308	149	0.552246791002
57056	2	0	70	1	238	149	0.395812592354
57060	2	2	0	1	275	149	0.027638133024
57065	1	26	0	6	247	149	0.389111903788
57067	44	36	6	3	261	149	0.492024299432
57068	32	36	2	3	276	149	0.554341955859
57083	1	0	0	2	270	149	2.45153459338e-05
57085	15	4	29	26	265	149	0.0346840536051
57086	8	5	17	12	265	149	0.851351799811
57089	7	4	14	26	200	149	0.0881180315909
57090	3	5	3	12	200	149	0.386631330761
57092	0	5	2	12	265	149	0.14325385376
57093	0	13	4	19	265	149	0.0240393197462
57094	0	6	4	4	265	149	0.00208694175792
57095	0	5	2	12	247	149	0.134051125201
57096	0	6	2	4	247	149	0.0346032756119
57097	1	4	2	26	266	149	0.480405057553
57098	34	5	51	12	205	149	0.372453356582
57099	43	6	44	4	205	149	0.49400830285
57100	30	0	28	2	205	149	0.116892662012
57103	2	6	0	4	261	149	0.0694984958304
57108	18	1	108	0	286	149	0.305566218346
57109	38	0	119	1	264	149	0.617936557537
57110	7	2	68	0	281	149	0.0108418714029
57115	47	0	66	2	263	149	0.298862204148
57117	5	0	14	2	252	149	0.0527372673124
57122	1	3	0	11	394	149	0.498379687247
57124	16	0	113	1	281	149	0.532430804413
57141	2	0	85	2	229	149	0.37791366313
57146	36	0	175	3	329	149	0.233882823606
57149	12	2	33	0	306	149	0.0168691238441
57152	1	2	0	9	203	149	0.419741334956
57153	4	0	19	2	250	149	0.0788527129895
57156	7	4	21	0	219	149	0.000310247981958
57171	0	11	13	4	254	149	4.08057550305e-07
57172	123	0	154	2	229	149	0.527748901914
57173	96	3	115	0	281	149	0.0934970175605
57174	349	3	259	0	284	149	0.63034963348
57175	14	68	0	44	262	149	0.000219307392837
57176	134	3	61	0	301	149	0.153525414212
57177	92	0	47	27	301	149	9.20485909717e-13
57178	10	1	2	0	221	149	0.379996135188
57179	5	0	5	27	221	149	3.19216195965e-06
57180	35	0	19	1	221	149	0.234725372111
57181	1	0	0	27	189	149	9.86371701019e-05
57182	1	0	2	2	189	149	0.00652477478444
57184	9	2	3	5	189	149	0.0269320084587
57190	1049	10	446	6	217	149	0.667511725826
57191	669	3	466	0	209	149	1
57192	646	2	422	2	207	149	1
57193	225	9	146	0	212	149	0.00566872629155
57194	214	3	144	1	212	149	0.706581085469
57195	431	10	307	8	176	149	0.861204160047
57196	33	13	35	3	490	149	0.0104413346812
57197	12	35	1	3	249	149	0.861417377972
57198	163	3	81	1	360	149	0.459580879435
57201	34	2	39	0	210	149	0.161069698824
57206	0	114	5	61	403	149	0.162074419412
57208	23	100	2	65	306	149	0.000324798394699
57209	12	8	0	6	306	149	0.000139239020868
57211	4	100	0	65	439	149	0.688978056826
57212	147	8	71	6	242	149	0.520018618586
57214	1688	4	132	0	340	149	1
57215	1202	2	135	0	297	149	1
57216	1542	1	147	0	392	149	1
57218	18	279	17	250	228	149	0.901899837716
57220	5	403	4	265	225	149	1
57221	8	1	5	0	225	149	0.501391892491
57222	429	1	463	0	225	149	1
57223	36	4	206	5	225	149	0.0769704558571
57225	232	3	441	0	283	149	0.694267292125
57231	1983	4	1077	0	320	149	1
57232	322	82	20	5	242	149	0.896169056166
57233	231	1	15	0	231	149	1
57234	219	1	12	2	241	149	0.0506210939223
57235	375	1	25	0	336	149	1
57236	562	2	43	0	336	149	1
57237	2	40	0	9	202	149	0.455927669924
57238	3	40	3	9	246	149	0.17297778149
57239	4	40	3	9	287	149	0.294292741937
57240	132	6	90	0	248	149	0.0123929906874
57241	486	9	163	0	278	149	0.0416062940698
57244	16	0	0	1	259	149	1.66042907622e-05
57245	19	0	3	1	241	149	0.602656023101
57255	1	0	20	2	321	149	0.0662170236674
57265	14	3	2	5	207	149	0.0049746536425
57271	72	12	39	26	268	149	0.000614826014248
57272	60	0	21	4	268	149	0.00100962476911
57274	24	1	22	5	268	149	0.0486363911531
57275	19	104	127	56	438	149	0
57276	14	15	81	9	438	149	5.56615226388e-06
57277	8	24	106	26	438	149	8.92032048228e-09
57278	3	1	60	0	438	149	0.0475225850552
57279	5	104	78	56	331	149	0
57280	5	104	74	56	329	149	0
57281	162	15	93	9	221	149	0.979771192909
57282	83	1	63	0	221	149	0.495026964604
57283	64	0	90	7	221	149	0.00282622808826
57285	761	1	272	0	264	149	1
57286	697	3	268	4	212	149	0.559918933824
57287	16	310	20	120	236	149	0.00226204690725
57288	6	24	16	7	236	149	0.000192584434399
57290	7	39	3	3	263	149	0.14815027027
57291	17	0	0	2	188	149	1.61750152461e-06
57292	10	0	6	1	240	149	0.796663678992
57293	8	0	4	3	272	149	0.000806427827883
57294	0	7	2	5	245	149	0.0425998890095
57296	0	1	1	41	342	149	1
57297	2	0	48	5	242	149	0.0168523543188
57298	3	0	89	2	314	149	0.302028771312
57305	5	47	0	22	266	149	0.0462640044781
57306	0	47	2	22	194	149	0.372628354098
57312	300	4	69	8	332	149	0.000582653437695
57313	96	1	36	0	228	149	0.562273983728
57314	192	12	49	0	209	149	0.00572136993448
57316	199	1	34	0	256	149	1
57317	69	19	20	16	226	149	0.015484335592
57318	37	5	7	11	226	149	8.47561739946e-05
57321	32	5	34	11	275	149	0.193180596092
57323	45	0	33	2	275	149	0.0991276315069
57330	145	0	31	1	509	149	0.405002853727
57331	27	0	12	1	335	149	0.280150966453
57335	43	24	0	10	295	149	1.210254575e-06
57336	0	24	1	10	343	149	0.274971100222
57339	183	0	17	2	309	149	0.0703831920952
57340	4	153	0	7	301	149	0.679151741874
57342	469	4	11	0	278	149	0.727647988163
57343	139	4	1	0	206	149	0.209358239327
57344	587	5	12	0	308	149	0.516770174771
57347	710	1	213	1	392	149	1
57348	616	3	237	0	347	149	0.820305996706
57351	1	2	4	5	273	149	0.638577364432
57352	4	0	0	1	288	149	1.90221980552e-05
57358	2	0	16	2	225	149	0.0766275479785
57361	0	4	2	2	227	149	0.0147417508979
57368	14	0	514	3	185	149	1
57370	10	0	1187	1	328	149	1
57371	1	0	673	2	328	149	1
57373	9	0	947	5	283	149	1
57376	1	0	682	10	242	149	0.214162286901
57379	3	0	18	1	211	149	0.234366835109
57385	38	0	62	2	271	149	0.240463844838
57390	0	19	4	62	230	149	0.138915708159
57391	0	19	14	62	395	149	0.00338255833993
57393	3	19	9	62	516	149	0.856627834363
57396	11	82	6	83	221	149	0.226862893981
57398	0	82	2	83	379	149	1
57399	212	8	200	4	230	149	0.261336576116
57400	3	185	0	154	224	149	1
57401	3	185	0	154	185	149	0.665437591646
57405	166	2	156	0	205	149	0.545377609874
57406	310	1	166	1	219	149	1
57411	30	0	7	3	362	149	0.000572842276994
57413	196	8	83	0	331	149	0.00621713801379
57415	211	0	72	4	315	149	0.00578353272958
57416	172	1	63	0	300	149	1
57417	56	0	30	1	280	149	0.299916665205
57418	128	3	48	0	234	149	0.216012239561
57420	2	4	8	2	301	149	0.0320753048335
57429	224	1	149	0	281	149	1
57431	220	14	198	13	255	149	0.94957465171
57432	63	14	27	13	371	149	0.0916321212446
57434	84	0	43	2	249	149	0.243904637577
57435	62	1	37	0	260	149	0.343742511995
57436	58	2	27	1	263	149	0.94655755791
57459	2	0	0	19	282	149	7.08956549123e-06
57480	985	2	488	0	249	149	1
57481	505	1	439	0	198	149	1
57482	4	1	1	0	152	149	0.957018078256
57484	1284	910	1925	471	341	149	1.02503561195e-11
57485	2180	910	3501	471	416	149	2.36810571153e-13
57486	164	883	1534	1160	419	149	0
57487	1	96	0	462	195	149	1
57488	4696	1	3665	0	332	149	1
57489	150	913	227	1487	422	149	0.703410776512
57490	1080	0	3458	1	326	149	1
57491	2559	0	3462	1	281	149	1
57492	3868	0	3949	2	287	149	1
57500	102	4	22	6	282	149	0.00616070603409
57504	5	79	0	162	341	149	0.206146023901
57506	1	81	0	226	299	149	1
57514	0	9	4	28	318	149	0.0750727539595
57517	23	0	30	2	235	149	0.101738833428
57518	4	21	0	8	274	149	0.0382283271844
57527	1	0	3	3	281	149	0.000682135441416
57531	89	0	36	1	358	149	0.283139970624
57533	270	4	36	0	242	149	0.337881245872
57534	310	5	59	0	365	149	0.123412734603
57550	12	0	8	4	428	149	0.000165451442049
57558	1	0	32	2	230	149	0.160859521818
57561	39	14	5	0	347	149	0.00217863029796
57562	30	28	2	4	290	149	0.232866307881
57563	11	16	1	2	293	149	0.627721196477
57564	485	2	19	0	287	149	1
57565	516	4	16	0	283	149	0.787021931251
57570	7	2	82	3	331	149	0.133423835209
57576	6	20	0	23	199	149	0.00107114698452
57580	11	0	49	2	214	149	0.226091958369
57583	38	2	20	0	234	149	0.142211330935
57585	16	0	21	2	191	149	0.090292206545
57586	12	1	4	0	275	149	0.397464146393
57588	6	0	0	42	388	149	3.32980087947e-10
57589	133	0	376	1	262	149	1
57590	44	11	153	195	215	149	2.84555960595e-06
57592	0	8	2	54	286	149	0.522821718077
57593	0	8	2	54	289	149	0.523233664968
57600	8	14	1	100	350	149	3.66263403517e-06
57604	1	5	0	32	278	149	0.270441829021
57606	2	4	3	57	312	149	0.199300010444
57607	87	6	84	2	191	149	0.127530171358
57608	147	2	83	2	188	149	0.699473872297
57612	70	0	103	3	265	149	0.118479966995
57616	32	5	81	0	196	149	0.000760115754563
57619	26	4	80	1	200	149	0.00789406820162
57628	17	8	76	393	418	149	2.99596428666e-07
57629	17	8	38	393	311	149	1.12108100581e-10
57634	356	11	126	0	206	149	0.0138551494419
57635	2	2	0	64	305	149	0.0302702930597
57641	115	2	23	36	2480	149	0
57643	100	2	23	36	2201	149	0
57644	2	2	0	36	227	149	0.0162778984229
57646	434	7	260	0	208	149	0.164252144968
57650	1	0	7	5	176	149	0.00298843858318
57654	2	0	17	2	194	149	0.0972068486019
57655	80	0	56	2	257	149	0.329404645257
57656	118	1	45	4	229	149	0.011781352298
57657	110	1	38	1	238	149	0.436835054507
57658	109	4	43	5	260	149	0.118584046844
57668	8	3	19	16	212	149	0.214311987701
57669	20	3	98	16	260	149	0.818149267006
57679	2	0	70	2	370	149	0.21485044698
57681	367	5	68	0	327	149	0.192562424592
57685	140	1	45	0	284	149	0.745669133982
57686	64	0	13	2	245	149	0.0371409290395
57687	117	3	14	2	308	149	0.251935009383
57692	547	1	56	0	323	149	1
57699	1	12	2	20	384	149	0.680403874463
57700	4	4	20	20	218	149	0.995650323675
57701	32180	19	1164	7	324	149	0.864974587328
57702	33206	248	1189	11	324	149	0.781901437255
57703	24626	248	653	11	251	149	0.262551456355
57704	32212	19	1217	7	312	149	0.779673311651
57705	64003	248	2138	11	312	149	0.870060105086
57706	56429	1	1889	0	278	149	1
57707	5724	11	93	0	289	149	1
57708	5729	1	94	0	289	149	1
57709	60631	1	1978	0	289	149	1
57710	54286	7	2453	0	357	149	1
57711	39716	12	1434	1	357	149	1
57712	32679	1	1364	0	362	149	1
57713	32675	12	1364	1	362	149	1
57714	48089	853	2403	20	362	149	0.00170841775636
57715	32721	22	1367	0	362	149	1
57716	30232	0	1921	1	302	149	1
57717	80892	43	2272	0	323	149	1
57718	47691	8	1329	0	323	149	1
57719	15813	8	582	0	362	149	1
57720	78169	3	2524	0	362	149	1
57721	48979	8	1525	0	362	149	1
57722	64290	8	1938	0	397	149	1
57723	93523	46	2945	8	397	149	1
57724	328	31850	16	1033	269	149	1
57725	1	2	0	7	265	149	0.292326300092
57727	6	0	4	8	237	149	3.77174401106e-05
57728	308	0	300	8	292	149	0.00508269104888
57762	10	128	10	59	192	149	0.134432149095
57774	41	0	124	2	371	149	0.401440341807
57775	12	0	109	2	260	149	0.505231212829
57776	1	19	1	42	176	149	0.926089596711
57785	0	26	1	55	335	149	1
57796	108	1	23	0	264	149	0.543234197316
57806	143	8	51	3	256	149	0.935421340462
57807	72	3	25	0	256	149	0.10141430962
57808	86	0	29	3	256	149	0.0102294201222
57809	18	3	8	0	276	149	0.0135618537
57810	121	3	53	0	276	149	0.153453622179
57813	70	0	49	3	238	149	0.0356790943734
57815	46	4	1	2	241	149	0.0161389943903
57816	94	1	8	0	263	149	0.470581855672
57817	48	0	6	2	323	149	0.005323125371
57818	86	0	7	1	257	149	0.603556544455
57819	56	3	9	0	291	149	0.0729088628158
57820	14	7	0	2	365	149	0.00118529672945
57833	100	0	80	2	290	149	0.54928514397
57854	101	6	500	1	290	149	0.000434745282624
57861	5	2	9	0	243	149	0.0110311580957
57867	7	28	1	26	261	149	0.0169456169173
57868	10	7	2	0	335	149	0.00158554202062
57870	0	28	1	26	242	149	0.383824583439
57871	16	28	10	26	434	149	0.411404667524
57873	15	0	10	1	434	149	0.585125287748
57877	39	0	115	3	284	149	0.15318488596
57892	7	4	1	0	360	149	0.00135151283799
57893	4	2	1	0	360	149	0.0056067178091
57897	200	2	57	1	248	149	0.617783383979
57898	229	1	73	0	232	149	1
57899	91	0	34	2	249	149	0.181093082186
57900	0	30	1	17	291	149	0.328511328595
57901	2	8	5	23	198	149	0.792079836235
57904	1	2	0	1	216	149	0.543156754757
57905	1	2	0	1	281	149	0.70790956409
57911	74	0	175	2	573	149	0.354021112759
57912	16	0	165	2	840	149	0.211831448793
57914	3	3	0	7	242	149	0.00413812203882
57915	0	2	2	0	272	149	1.53803367163e-05
57916	23	3	7	0	323	149	0.0162221023826
57917	16	3	8	7	251	149	0.0371190832714
57918	16	3	7	0	251	149	0.0133744284942
57920	93	3	91	0	403	149	0.0489291544573
57921	22	2	213	7	840	149	0.449874075896
57923	11	0	8	4	371	149	0.000219296554992
57927	2	0	7	2	212	149	0.0299455525675
57928	0	6	1	56	265	149	1
57932	26	0	24	1	337	149	0.231118139486
57933	26	0	22	20	337	149	4.95073311235e-08
57942	16	31	5	14	271	149	0.471890480135
57947	683	2	341	0	231	149	1
57950	146	1	213	0	236	149	1
57951	576	1	602	0	296	149	1
57955	124	3	397	0	232	149	0.321119235901
57956	409	0	318	2	216	149	1
57976	2	0	0	3	327	149	1.29326611759e-05
57990	2	47	12	17	487	149	2.3973118086e-05
57991	113	1	26	0	208	149	1
57992	38	1	37	0	263	149	0.274391527091
57993	9	0	18	4	203	149	0.00546466274485
57995	13	0	4	1	254	149	0.343143087594
57996	22	26	5	13	254	149	0.132932169427
57997	19	0	5	1	276	149	0.75771969765
57998	95	26	14	13	276	149	0.00808402069111
57999	6	26	5	13	288	149	0.538883771416
58000	8	11	5	2	288	149	0.150473184453
58001	11	82	5	10	288	149	0.102776074816
58003	111	1	23	0	300	149	0.487446034216
58004	28	282	3	66	345	149	0.0911165506662
58005	588	1	138	0	382	149	1
58006	870	39	204	6	382	149	0.246473261449
58007	571	1	99	0	336	149	1
58008	403	3	90	0	317	149	0.637247868755
58009	591	3	147	0	302	149	1
58010	184	1	83	0	235	149	1
58011	242	24	65	14	236	149	0.0618854161432
58012	105	3	27	1	236	149	0.703608765796
58013	92	0	28	1	236	149	0.256268514131
58014	553	0	89	2	280	149	0.847747859429
58017	11	23	8	11	413	149	0.540850255448
58018	11	2	6	0	413	149	0.0189181965923
58019	90	1	58	0	222	149	0.536811315861
58024	42	1	40	0	261	149	0.286254524172
58025	8	57	1	38	338	149	0.02335569919
58026	147	0	80	1	295	149	0.375437925318
58027	65	1	70	3	255	149	0.214508531436
58032	1087	6	340	0	314	149	0.756060029989
58033	238	1	153	0	250	149	1
58034	109	34	53	32	275	149	0.0429188323169
58036	0	1	1	0	271	149	7.00796720948e-05
58042	3	12	0	38	170	149	0.00792263824286
58045	27	0	0	4	215	149	6.20176709987e-09
58054	11	2	19	0	357	149	0.0168374681478
58055	3	4	0	8	202	149	0.00458807570334
58056	3	43	0	34	307	149	0.31328386992
58060	6	0	0	12	266	149	6.98695235002e-09
58062	0	4	2	0	179	149	3.69660260235e-06
58064	123	1	29	0	315	149	0.514652432642
58065	98	0	29	2	220	149	0.207421557349
58066	39	12	94	26	260	149	0.81830071649
58067	2	12	0	26	272	149	0.209046754691
58069	7	0	51	2	245	149	0.218526863341
58074	2	0	44	1	217	149	0.319127737134
58080	109	1	44	0	230	149	0.688015204794
58084	122	1	29	0	425	149	0.390082513703
58085	6	35	0	5	220	149	0.0194182357725
58096	706	2	597	0	208	149	1
58100	10	0	20	260	246	149	6.58362253603e-13
58104	6	0	19	1	298	149	0.262842646629
58120	2	40	0	50	242	149	0.60335636468
58123	6	0	0	2	317	149	2.88271099336e-06
58130	2	0	259	2	248	149	0.673111991314
58131	9	202	23	283	267	149	0.122777477359
58133	228	2	147	0	233	149	0.621702573282
58134	2379	2	2785	0	280	149	1
58137	2	0	795	4	292	149	1
58138	400	0	1762	4	244	149	1
58149	226	0	240	6	354	149	0.0130525726836
58154	12	0	90	5	319	149	0.0188911819358
58156	61	2	113	1	294	149	0.248392173267
58157	638	1	43	0	289	149	1
58158	222	2	26	0	289	149	0.53650842058
58159	16	418	1	18	239	149	0.544372381265
58160	28	418	2	18	243	149	0.539677849318
58161	297	2	10	0	228	149	1
58162	699	2	27	1	228	149	0.256046977754
58163	2	512	0	20	291	149	1
58164	66	0	61	1	230	149	0.370091502059
58172	1	43	0	18	275	149	1
58175	0	42	1	11	220	149	0.247250816807
58176	2	42	1	11	217	149	0.594744032682
58180	70	0	23	2	251	149	0.0850038667238
58181	49	0	13	2	793	149	0.00430178164666
58182	1	28	0	12	170	149	0.325002418523
58184	3	0	36	4	285	149	0.0128333089417
58188	3	0	19	3	266	149	0.0180589737478
58191	32	1	8	0	209	149	0.282627143202
58192	7	3	5	0	332	149	0.00185596633642
58193	3	8	0	12	383	149	0.0260787844527
58195	4	27	4	15	319	149	0.511502720599
58196	2	27	2	15	244	149	0.70663712157
58197	1511	2	357	4	224	149	0.841897287575
58198	2276	2	671	4	293	149	0.733722163773
58199	18	169	25	90	224	149	0.00798783730991
58202	2	1	2	0	247	149	0.0406014727386
58203	2	0	3	2	247	149	0.00683233121836
58206	138	0	103	2	255	149	0.66714242709
58207	140	0	98	3	255	149	0.126746862254
58208	264	0	232	2	289	149	0.544079516557
58209	159	0	109	3	289	149	0.121237045717
58210	160	0	109	1	289	149	0.496077324642
58211	0	105	2	123	197	149	0.722230529214
58212	133	0	111	2	289	149	0.690862271688
58213	132	0	113	3	289	149	0.125189131598
58214	9	0	12	1	289	149	0.407231488732
58215	132	2	117	1	289	149	0.476156922287
58218	113	1	129	0	289	149	0.515371844026
58220	247	2	257	0	270	149	0.585266568016
58221	1	178	0	88	244	149	1
58222	1	178	1	88	242	149	1
58223	166	0	106	2	221	149	0.578284022573
58225	354	0	222	2	343	149	0.530078738719
58227	101	0	49	2	339	149	0.16931978857
58228	38	0	59	2	228	149	0.3071242874
58231	191	0	159	2	228	149	0.528012495721
58232	125	0	68	2	231	149	0.731697698514
58234	24	74	10	91	1469	149	0.00811736578377
58237	5	74	3	91	553	149	0.528036129866
58251	6	2	12	0	474	149	0.00462431179197
58252	17	2	14	0	245	149	0.0560280550872
58259	9	1	5	1	267	149	0.781853817467
58261	3	297	1	76	321	149	1
58262	446	0	101	2	203	149	0.564717099317
58263	407	31	65	2	253	149	0.0775677416438
58266	14	15	2	23	234	149	0.000335785813445
58268	28	13	17	14	214	149	0.246895040091
58269	38	30	25	29	214	149	0.314837381908
58271	29	184	2	75	272	149	0.00102247677487
58272	443	2	130	1	257	149	0.795342697293
58273	514	4	144	0	278	149	0.693786406303
58274	62	237	57	93	260	149	0.00121981925449
58296	0	18	2	19	221	149	0.212001701712
58297	9	47	12	19	280	149	0.0255536785154
58298	13	18	11	19	280	149	0.674261594184
58300	195	18	64	19	321	149	0.00258156325333
58301	151	7	50	4	321	149	0.564241216021
58303	248	0	55	1	271	149	0.314630470247
58305	189	4	212	3	242	149	0.583685757027
58306	32	4	35	3	179	149	0.599920789102
58307	90	0	44	2	343	149	0.131158923
58308	246	0	196	2	321	149	0.524424776729
58309	513	0	411	2	343	149	1
58312	178	0	140	3	320	149	0.164116992768
58316	3	460	4	152	252	149	0.725439663574
58317	413	4	118	1	254	149	0.586240748907
58318	273	8	94	3	209	149	0.827862136791
58319	233	71	111	15	173	149	0.00916080165365
58320	479	0	178	1	257	149	1
58321	188	230	24	120	278	149	9.25641534533e-08
58322	343	230	42	120	299	149	6.49294951138e-10
58323	1665	4	281	0	252	149	1
58324	769	3	117	2	252	149	0.592655501007
58325	30	919	3	169	275	149	0.185514590649
58326	413	3	81	2	225	149	0.643197050508
58327	2	0	0	2	225	149	1.68507404161e-05
58328	1312	12	245	5	225	149	0.302897748083
58329	295	0	99	2	292	149	0.855779933562
58330	1133	1	270	0	292	149	1
58331	211	2	52	0	232	149	0.582545822078
58332	42	0	24	2	231	149	0.0846386980411
58333	34	0	26	1	283	149	0.240153262652
58334	81	2	36	2	255	149	0.559607709976
58335	3	48	7	19	224	149	0.0116582305544
58336	2	15	8	63	323	149	0.920050122159
58337	311	0	187	5	387	149	0.0101612476207
58338	17	183	13	82	313	149	0.235655993039
58339	28	177	9	41	254	149	0.609785629881
58341	0	2	1	0	271	149	2.44317220507e-05
58344	24	0	4	4	543	149	6.75269507566e-06
58352	40	0	31	1	277	149	0.25478110005
58353	235	1	60	0	242	149	1
58354	140	3	34	0	183	149	0.395531527325
58355	219	6	52	5	215	149	0.0902211799553
58359	0	2	4	0	269	149	6.2415598836e-06
58360	154	4	2	0	242	149	0.190986183687
58367	0	4	2	1	281	149	0.00751424815859
58381	216	2	73	2	286	149	0.450273282197
58384	40	106	4	55	227	149	0.000328872824423
58385	103	1	24	0	242	149	0.570173556842
58388	235	2	70	1	242	149	0.551964122333
58389	1	77	1	49	224	149	0.750644427759
58390	7	0	62	1	276	149	0.333915541079
58391	2	35	2	36	240	149	0.985252045919
58395	0	1	1	42	364	149	1
58396	97	0	31	2	222	149	0.220141165156
58398	204	1	118	0	346	149	1
58399	983	1	168	3	543	149	0.11072675224
58400	279	20	125	10	300	149	0.897111834437
58401	0	47	2	65	296	149	0.561620989133
58402	84	4	48	0	373	149	0.021992035866
58405	3	30	3	12	212	149	0.389572464971
58406	3	6	4	7	212	149	0.873439976632
58410	10	13	0	7	352	149	0.000837239618931
58413	11	827	6	127	445	149	0.689481202845
58414	1315	1	187	0	228	149	1
58415	2	779	0	116	245	149	1
58416	2385	19	193	20	320	149	3.10197423303e-11
58417	68	1027	4	82	483	149	0.353167329592
58418	1229	2	104	0	185	149	1
58419	341	2	29	0	185	149	1
58420	883	2	130	0	264	149	1
58421	1804	14	224	1	264	149	0.51983855093
58423	1	600	0	112	252	149	1
58426	131	2	31	0	303	149	0.655026861593
58427	134	0	35	2	333	149	0.129302312099
58428	142	2	52	0	386	149	0.512717433049
58429	53	0	32	2	298	149	0.0862317628319
58436	11	12	11	18	498	149	0.492125749906
58437	61	2	22	5	297	149	0.0154811069639
58438	703	2	211	5	750	149	0.00815638514547
58439	702	1	195	2	750	149	0.4863005742
58440	8	1	2	2	215	149	0.0741274356352
58441	14	136	4	31	215	149	0.776571805918
58442	409	2	97	0	370	149	0.74027251244
58444	93	3	27	0	223	149	0.166143063982
58450	56	33	13	13	207	149	0.241847330175
58451	24	2	4	1	207	149	0.545958552192
58452	3	2	0	8	238	149	0.0017357134007
58453	3	8	0	4	238	149	0.0245203110306
58460	0	6	2	7	272	149	0.0765252488419
58463	5	6	5	7	222	149	0.847229090557
58464	2	0	3	2	222	149	0.00829853704634
58465	0	6	2	7	297	149	0.0833641993731
58492	2	40	0	2	182	149	0.337742068537
58493	212	2	10	0	491	149	0.496528971135
58494	6	125	0	24	291	149	0.219699604756
58496	0	57	4	15	428	149	0.0143671663948
58532	15	20	6	11	279	149	0.557173915901
58535	2	174	0	27	272	149	1
58536	785	3	117	0	404	149	1
58537	13	41	8	79	276	149	0.0218766457755
58539	137	2	105	0	316	149	0.625141606049
58540	2379	0	606	2	1021	149	0.530098152178
58542	8	808	7	995	289	149	1
58550	206	31	43	8	199	149	0.788546240293
58552	46	0	181	3	320	149	0.239061603259
58565	1	2	4	0	220	149	0.00119149111342
58588	1	0	3	2	401	149	0.0027703798794
58590	5	0	17	10	1318	149	0.00126086697102
58591	3	0	2	10	306	149	5.59783301557e-05
58595	471	4	167	2	271	149	0.758836659037
58601	1	48	2	19	226	149	0.219849450913
58602	168	2	46	1	239	149	0.608100646757
58603	4	1	1	0	243	149	0.0947462029918
58604	517	2	130	0	802	149	0.531225369818
58605	126	2	50	0	243	149	0.552891250685
58607	51	0	13	1	406	149	0.272060036356
58608	28	1	5	0	220	149	0.262766731007
58611	413	5	120	0	326	149	0.199423882015
58612	249	0	67	1	243	149	0.379092793148
58613	151	0	38	1	280	149	0.270795046023
58614	187	0	94	1	311	149	0.403490443929
58615	330	1	87	0	268	149	1
58616	172	1	41	0	273	149	1
58618	16	397	7	557	243	149	0.0190427770679
58619	16	0	4	1	243	149	0.568083745582
58621	1	16	0	6	248	149	0.295730570743
58622	1263	0	812	2	197	149	1
58623	6	0	190	3	197	149	0.542213809
58624	5001	1	1498	0	267	149	1
58625	4	6	0	2	225	149	0.00452618178569
58626	65	6	10	2	245	149	0.786983115102
58627	5976	13	1347	0	245	149	1
58628	5809	9	1327	2	250	149	1
58630	5395	0	1161	2	214	149	1
58632	12	25	9	28	237	149	0.441724156087
58633	7	1	3	0	237	149	0.717770247274
58637	365	6	127	3	314	149	0.880994491704
58638	406	5	127	0	388	149	0.143252500572
58639	435	2	120	0	319	149	1
58640	83	3	29	0	275	149	0.109766328745
58641	240	2	76	0	239	149	0.639807202931
58642	353	1	116	2	349	149	0.945328018107
58645	269	0	72	2	314	149	0.514823616768
58650	155	0	71	2	252	149	0.693587506131
58652	215	2	70	0	308	149	0.528739001114
58653	175	1	74	0	236	149	1
58657	1211	2	164	0	219	149	1
58658	1218	1	164	0	219	149	1
58659	1403	2	2	0	274	149	1
58660	2984	4	2	0	274	149	1
58665	94	1	28	0	254	149	0.486609158636
58666	0	62	1	14	266	149	0.288775609745
58667	159	5	28	0	344	149	0.0448034795372
58668	95	2	21	0	344	149	0.264587902154
58680	120	1	7	0	310	149	0.509825815216
58681	87	2	45	0	276	149	0.415478118336
58682	5	65	0	16	214	149	0.0727443705291
58683	37	0	135	2	290	149	0.85555530995
58684	36	0	112	1	290	149	0.508537968953
58685	20	0	102	4	260	149	0.0759547973693
58686	14	0	119	2	261	149	0.622040323794
58687	6	2	3	0	219	149	0.0222084556508
58688	39	4	11	0	255	149	0.0155621775398
58689	1	27	0	4	185	149	0.332102681538
58690	19	11	2	1	352	149	0.859897529255
58692	10	1	3	0	318	149	0.661895926494
58693	10	0	40	2	210	149	0.191847975141
58698	650	1	223	0	245	149	1
58700	0	182	2	64	290	149	0.550536854331
58702	0	45	2	36	357	149	0.530039140408
58705	2	5	1	0	341	149	0.000247648287128
58707	230	1	44	0	248	149	1
58712	3	37	2	15	210	149	0.899749216869
58713	10	37	2	15	322	149	0.239518731949
58714	2	37	1	15	261	149	0.802703673872
58717	5	76	2	32	278	149	0.79269578646
58719	12	76	9	32	371	149	0.310545671778
58726	2	50	5	62	280	149	0.290674175162
58727	238	5	189	8	216	149	0.217526163962
58730	35	0	22	1	203	149	0.248794859503
58735	115	5	603	2	287	149	0.00510519298165
58736	371	5	1203	2	294	149	0.216745082883
58739	1	0	0	2	313	149	2.12372137351e-05
58741	4	0	96	2	193	149	0.694748114728
58743	1	0	254	2	333	149	0.535749367718
58745	2	0	0	2	567	149	8.17109488027e-06
58755	26	0	25	3	219	149	0.0215930186301
58759	58	2	16	0	271	149	0.205617922272
58760	4	30	2	23	236	149	0.517173252189
58773	3	0	76	2	354	149	0.237300241808
58784	7	2	11	6	230	149	0.417044398894
58788	30	2	121	0	270	149	0.156423491096
58789	36	2	207	0	311	149	0.210997254483
58790	6	0	3170	20	294	149	0.640135674911
58791	32	0	5176	20	217	149	1
58792	2654	0	11728	10	306	149	1
58801	2	0	2	6	356	149	0.000140348272023
58807	31	2	1	1	212	149	0.317862425532
58810	2	247	3	272	365	149	1
58812	0	9	6	633	202	149	1
58813	908	1	634	0	310	149	1
58822	2	7	5	67	313	149	0.591055912862
58823	856	2	314	0	413	149	1
58824	326	4	234	0	354	149	0.222813297231
58826	595	3	219	3	278	149	0.542609262557
58827	347	4	210	2	296	149	0.67589002968
58828	211	0	72	2	254	149	0.697509823021
58829	420	0	131	2	213	149	0.532215894805
58837	9	2	0	6	362	149	1.3041915422e-05
58840	29	4	25	8	332	149	0.181990403815
58841	29	4	22	8	267	149	0.128001796273
58842	29	4	99	8	235	149	0.587153781539
58843	60	0	67	2	308	149	0.249018593809
58844	2	0	83	3	292	149	0.134417652487
58845	2	0	165	3	394	149	0.214334795426
58848	0	2	3	19	653	149	0.28750438891
58851	6	531	12	191	388	149	0.0368928796298
58852	0	2	5	0	260	149	3.93039062019e-06
58862	53	0	16	1	260	149	0.483304982682
58863	0	23	1	13	315	149	0.302405083965
58877	284	168	163	210	206	149	9.73023287404e-05
58878	629	2	334	0	227	149	1
58879	327	0	216	2	227	149	0.604847364391
58880	81	0	114	2	269	149	0.638402547639
58881	495	108	314	76	269	149	0.642115574253
58882	583	7	415	0	224	149	0.382063402865
58883	533	3	376	0	182	149	1
58884	436	1	745	2	362	149	1
58893	450	0	470	1	284	149	1
58894	5	172	1	196	201	149	0.389757079112
58895	312	1	305	0	213	149	1
58896	3	0	32	1	232	149	0.271106802374
58901	50	17	24	13	298	149	0.302842388619
58902	46	18	18	24	298	149	0.00370145508789
58903	4	17	1	13	233	149	0.17261457418
58904	4	18	5	24	233	149	0.896759225245
58905	6	7	3	6	233	149	0.50382097307
58906	7	3	7	0	233	149	0.00349936067118
58910	0	3	3	25	264	149	0.138826687376
58912	7	0	0	2	354	149	2.1345938459e-06
58914	3	0	0	2	239	149	9.95700182782e-06
58926	164	17	113	2	202	149	0.00203852071766
58927	123	5	40	0	185	149	0.069324390983
58930	31	0	17	1	227	149	0.228299883492
58931	60	1	28	5	203	149	0.00674395646613
58935	20	0	37	2	236	149	0.136790448968
58940	8	4	2	0	272	149	0.00171909664659
58947	2	5	1	0	208	149	0.000415288131
58948	4	5	1	5	208	149	0.175486133573
58949	4	1	1	4	208	149	0.0169955837225
58950	5	5	0	5	252	149	0.000996445677559
58951	5	1	0	4	252	149	6.28881600662e-05
58958	2	0	330	7	228	149	0.159449516193
58969	1	42	0	2	257	149	0.725036854754
58970	35	8	12	38	236	149	2.74786675636e-08
58971	455	5	139	0	307	149	0.275095505104
58972	708	5	242	0	295	149	0.771837787041
58973	383	5	97	0	253	149	0.28929327406
58974	380	5	93	0	249	149	0.296060992557
58975	10	419	3	128	278	149	0.82532625417
58976	13	309	0	132	320	149	0.098330696812
58977	537	0	254	2	269	149	0.600774820347
58978	297	2	134	0	261	149	0.789755375521
58979	752	9	287	5	261	149	0.693716341685
58980	500	0	245	1	224	149	1
58981	10	25	5	90	237	149	0.000825688656104
58983	360	2	362	0	272	149	1
58984	149	2	83	0	210	149	0.528432403727
58985	375	2	349	0	305	149	1
58988	168	1	69	1	220	149	0.414276893112
58991	263	1	121	0	715	149	0.484124324996
58992	238	10	105	2	573	149	0.174514800903
58993	0	17	3	10	315	149	0.0224565973127
59000	105	2	36	2	402	149	0.43721748299
59001	111	1	40	0	377	149	0.396290098622
59002	89	1	459	0	313	149	0.38696208183
59004	17	0	92	35	293	149	6.40943654494e-05
59005	152	4	538	30	392	149	0.086037211717
59006	151	0	573	1	392	149	1
59018	43	2	10	0	271	149	0.162731123288
59032	4	2	21	0	232	149	0.00461535907171
59048	9	0	1	3	261	149	4.98672516392e-05
59055	362	285	599	144	317	149	1.515675363e-10
59056	417	6	736	0	302	149	0.103835504239
59057	32	95	86	328	185	149	0.401810952086
59058	0	36	1	5	256	149	0.282752699921
59059	1	23	0	12	256	149	0.367684647385
59060	1859	0	250	1	1223	149	0.317023149268
59075	38	0	9	2	218	149	0.0222527023242
59081	54	1	100	1	319	149	0.95653834112
59088	4	0	0	2	235	149	6.04628008272e-06
59093	22	1	191	0	268	149	0.232383954867
59099	46	1	10	0	312	149	0.276183069652
59100	6	24	0	10	311	149	0.00937940298166
59101	7	26	0	4	188	149	0.00910930438061
59105	2	0	24	4	242	149	0.00846450778284
59107	223	6	202	5	253	149	0.877657580696
59108	224	0	150	4	239	149	0.0901225580145
59118	0	4	2	55	275	149	0.523745222763
59119	32	0	61	2	226	149	0.309275389845
59126	2	0	0	2	246	149	1.62082364485e-05
59129	0	3	1	12	209	149	0.249179327805
59141	1962	25	7839	28	227	149	0.0208059268675
59142	4854	0	9082	2	1616	149	1
59143	3224	0	4614	2	1616	149	1
59144	1707	0	4541	2	266	149	1
59145	96	0	99	2	266	149	0.720048848627
59146	1536	0	6085	2	317	149	1
59147	3289	2	11330	2	317	149	1
59152	8	2	42	17	227	149	0.395042045188
59153	2	4	13	28	305	149	0.825787518303
59155	5	0	31	1	259	149	0.25698958988
59156	17	1	27	0	272	149	0.231837027026
59160	5673	0	1602	2	317	149	1
59161	4374	1	1458	0	227	149	1
59162	2641	0	1386	2	259	149	1
59171	3385	2	1392	0	294	149	1
59172	1556	0	726	2	321	149	1
59173	1641	32	649	31	254	149	0.00274211133338
59174	4089	32	1570	31	284	149	0.00192054746028
59178	10	0	4	1	228	149	0.406941819173
59180	31	0	17	3	305	149	0.005668683669
59181	0	23	2	11	219	149	0.109732510297
59182	64	3	187	0	745	149	0.0056578619851
59183	121	0	70	1	225	149	0.411788347621
59189	3	0	2	2	344	149	0.00168682850705
59191	2	0	0	1	302	149	4.45941662316e-05
59196	21	5	23	14	749	149	0.109668194029
59197	30	0	98	2	734	149	0.130050772906
59198	13	13	12	20	752	149	0.363231957478
59199	28	5	4	3	767	149	0.0644264648097
59211	46	2	36	0	219	149	0.223638067517
59212	144	3	72	0	297	149	0.173831705574
59218	5	8	0	1	198	149	0.00528570330359
59219	11	26	6	24	244	149	0.346383921191
59220	68	2	48	7	264	149	0.0237558690951
59221	44	2	26	7	352	149	0.0141124697576
59234	104	0	123	1	1729	149	0.235433909169
59247	51	0	40	2	244	149	0.17236802727
59248	656	2	664	6	184	149	0.789044792074
59250	2007	0	819	2	281	149	1
59251	2667	0	1455	2	281	149	1
59252	3730	3	1333	0	293	149	1
59253	3	1469	2	637	206	149	1
59254	1815	0	751	2	305	149	1
59255	2673	0	1286	2	246	149	1
59256	2412	62	912	15	186	149	0.123086936277
59267	722	2	153	0	218	149	1
59268	589	1	98	0	294	149	1
59269	1073	1	203	0	298	149	1
59270	17	439	4	121	245	149	0.622721950091
59271	422	2	137	0	251	149	1
59289	1012	0	945	3	361	149	1
59290	603	7	772	10	344	149	0.78744509628
59291	377	10	885	4	419	149	0.00185826033879
59294	451	0	556	2	321	149	1
59295	362	3	472	0	348	149	0.715388603735
59296	137	4	330	7	234	149	0.820966679543
59297	168	0	552	2	300	149	1
59298	44	0	127	1	256	149	0.757369174957
59299	470	1	522	21	314	149	1.11756170399e-05
59300	552	2	475	0	232	149	1
59301	928	0	658	2	319	149	1
59303	2	16	3	0	282	149	3.20010748904e-05
59305	0	2	2	1	303	149	0.0119787930403
59311	3066	6	639	0	284	149	1
59312	451	2	556	0	331	149	1
59313	1323	21	133	8	231	149	0.0146267225598
59314	4340	2	554	0	318	149	1
59315	809	11	92	0	208	149	0.232262595568
59320	1	748	0	222	252	149	1
59324	149	14	16	3	215	149	0.641192567167
59325	129	1	16	2	215	149	0.0756381352661
59326	124	4	16	0	215	149	0.144219341066
59327	130	7	17	1	215	149	0.837935555639
59328	138	1	25	24	215	149	3.33066907388e-16
59335	19	0	9	1	295	149	0.481243148524
59336	20	0	7	4	281	149	0.000190826165964
59337	126	0	61	4	821	149	0.00121411986804
59338	859	11	44	0	274	149	0.170048972307
59339	312	1	25	0	345	149	1
59348	73	3	12	0	226	149	0.140077273561
59349	0	1	3	3	221	149	0.00685058946508
59350	4	0	10	10	268	149	0.000599548610101
59351	4	0	12	2	268	149	0.0411918088923
59352	187	12	32	3	230	149	0.765860181524
59353	248	12	22	4	220	149	0.124038533353
59354	9	211	1	39	241	149	0.308437279427
59355	255	69	51	11	201	149	0.472614048827
59358	8	8	21	10	283	149	0.212314558485
59360	195	0	242	1	629	149	0.506750636816
59361	195	0	245	3	629	149	0.11688563986
59362	172	1	134	4	290	149	0.071550378661
59364	104	21	16	7	230	149	0.18318836798
59366	29	6	7	2	221	149	0.808548355092
59371	27	0	51	2	234	149	0.211864885471
59373	86	2	43	0	204	149	0.760899484607
59387	852	4	70	0	294	149	1
59388	864	4	55	2	231	149	0.539533752046
59389	736	0	53	2	303	149	0.364061973847
59390	640	14	43	2	229	149	0.600155246881
59391	246	23	20	2	229	149	0.794319044271
59392	642	23	55	2	305	149	0.877877027783
59393	1046	25	79	3	305	149	0.701265319929
59394	15	2	4	0	428	149	0.0294575242502
59395	372	2	97	0	210	149	1
59396	1044	2	197	0	297	149	1
59397	931	15	165	6	233	149	0.221098502433
59398	53	0	206	4	271	149	0.179024386699
59399	63	0	271	1	294	149	1
59400	34	0	131	4	291	149	0.0862334698163
59401	5	0	281	4	361	149	0.249021201943
59402	37	0	75	2	275	149	0.309989645249
59403	29	0	108	3	189	149	0.240058517269
59406	2	0	1	4	238	149	0.000113393568971
59411	11	2	8	0	353	149	0.0226042454531
59412	19	30	18	26	353	149	0.845609885194
59413	7	30	0	26	201	149	0.00130236912383
59414	6	9	1	11	201	149	0.0235558084382
59415	45	0	40	2	204	149	0.229663502262
59417	64	2	38	0	245	149	0.304602814427
59418	0	46	2	30	243	149	0.824545277833
59419	14	46	0	30	285	149	0.000152789612538
59420	28	0	14	2	194	149	0.0478366043367
59421	14	0	5	1	182	149	0.364633493789
59422	16	20	4	10	182	149	0.23262505419
59423	1	20	3	10	197	149	0.0755796669523
59424	7	8	5	2	197	149	0.197585054311
59427	61	2	61	0	238	149	0.375578851424
59431	267	10	143	0	196	149	0.00735809909524
59433	97	0	71	1	282	149	0.359455402951
59434	90	0	40	1	276	149	0.274729961427
59435	1005	1	390	0	3018	149	0.435338005458
59438	108	20	37	3	443	149	0.120829147676
59439	252	2	101	0	626	149	0.66860994857
59448	2	68	1	96	238	149	0.527039626658
59450	179	5	209	0	518	149	0.00784630257028
59451	11	72	1	31	423	149	0.0241788358839
59453	104	2	62	0	255	149	0.718910910319
59455	4	39	0	37	231	149	0.0386614084617
59462	17	40	3	9	310	149	0.609762841824
59463	1	0	0	4	197	149	2.62842079446e-05
59464	0	6	4	2	400	149	0.00137024710014
59467	4	8	0	6	404	149	0.0150742686425
59481	146	1	1	0	293	149	0.764814094372
59483	52	16	28	14	236	149	0.278832127743
59484	12	5	14	1	236	149	0.0501808220382
59485	41	5	37	1	323	149	0.0684838420643
59486	65	0	38	1	323	149	0.280489434909
59487	42	5	87	1	326	149	0.0069856411392
59488	66	0	88	1	326	149	0.374486947556
59489	1	2	0	62	230	149	0.405185288775
59490	12	39	5	41	164	149	0.0903367332346
59493	14	0	1	1	304	149	0.0318281481586
59500	6	1	5	0	288	149	0.48855637663
59503	23	372	2	109	236	149	0.0232079566234
59504	803	0	221	2	216	149	0.654640755148
59510	3	0	68	2	268	149	0.272564551862
59522	117	51	66	36	164	149	0.461765457898
59523	114	10	72	10	224	149	0.361424408988
59524	131	2	84	2	230	149	0.746875225262
59525	193	36	142	35	290	149	0.34899317785
59526	306	4	260	0	413	149	0.128601123253
59545	388	0	123	1	254	149	0.717576541219
59546	1	0	0	19	246	149	9.58350899641e-05
59551	9	39	3	5	218	149	0.441394893164
59552	10	29	2	14	266	149	0.166669270756
59554	10	1532	11	596	247	149	0.849078206651
59555	14	1532	12	596	265	149	0.871448854837
59556	2	1532	0	596	230	149	1
59558	3	1638	0	671	281	149	1
59559	2799	0	1014	2	245	149	1
59560	311	0	176	1	244	149	1
59561	308	0	175	1	239	149	1
59562	749	0	233	1	225	149	1
59563	1402	0	552	1	235	149	1
59564	999	0	298	1	1218	149	0.349551781453
59565	75	566	19	297	382	149	0.00953422527858
59566	26	566	4	297	251	149	0.0108444774204
59567	0	20	9	12	331	149	4.7980297155e-05
59568	0	20	2	12	223	149	0.1200703353
59569	0	3	1	1	223	149	0.218071144251
59570	0	61	5	167	223	149	0.405097793123
59572	2	20	1	12	233	149	0.66872227623
59573	38	61	25	167	366	149	1.19346700682e-05
59574	18	0	15	5	366	149	0.00029828052214
59575	17	4	6	1	301	149	0.688798811331
59576	4	1	1	0	280	149	0.0812552584471
59582	98	5	24	14	260	149	4.83568870435e-06
59583	48	4	30	0	194	149	0.0252967712747
59584	51	20	36	29	188	149	0.0584236880655
59585	114	1	64	0	278	149	0.54427343467
59586	132	3	65	7	281	149	0.0190714637572
59588	1	1	0	22	366	149	0.456257544235
59591	5	0	46	1	339	149	0.271322362855
59592	189	3	87	0	266	149	0.380724056027
59593	161	3	35	0	232	149	0.3191281839
59595	11	1	5	2	255	149	0.192117469546
59597	163	2	30	0	280	149	0.53221430564
59599	44	1	1	0	265	149	0.288920335677
59602	13	30	0	6	247	149	0.00280913982452
59604	13	10	0	6	247	149	0.000161979552676
59605	159	4	27	5	273	149	0.00975827989132
59606	46	0	7	3	273	149	0.000509201840813
59608	4	123	0	22	296	149	0.805310520702
59610	169	1	47	1	264	149	0.298827446406
59612	286	1	68	1	247	149	0.378753665505
59614	28	2	19	1	292	149	0.618214091738
59615	24	7	22	1	292	149	0.0191251687448
59617	9	7	13	1	338	149	0.00631546699836
59618	22	7	16	0	338	149	0.000366809031806
59619	22	12	22	12	338	149	1
59620	7	12	0	12	185	149	0.000375899826557
59622	2	18	2	11	185	149	0.726877231102
59624	16	31	4	3	185	149	0.265540984701
59632	233	8	60	1	184	149	0.220215274523
59633	28	4	13	0	184	149	0.0139543718333
59634	25	0	11	2	184	149	0.0363034556138
59635	215	4	56	0	250	149	0.207638756255
59636	417	6	104	2	250	149	0.705706765049
59637	182	3	30	1	250	149	0.518496631625
59638	58	3	25	1	185	149	0.552023706224
59639	289	5	95	0	185	149	0.315047845827
59641	28	0	55	1	441	149	0.263957349581
59643	10	37	19	5	320	149	2.56257352793e-06
59646	2	1	0	2	322	149	0.0132058561871
59662	306	0	107	2	369	149	0.715264316604
59664	295	7	101	2	217	149	0.599172692076
59665	110	21	45	5	250	149	0.226722211653
59666	30	2	17	0	250	149	0.105809827783
59667	36	2	8	0	185	149	0.199489532364
59668	95	2	33	0	185	149	0.553569623273
59669	103	11	29	5	201	149	0.563638706757
59670	0	167	1	2131	389	149	1
59671	0	2	3	1	485	149	0.00624271835146
59672	12	167	13	2131	5738	149	1
59673	2	167	1	2131	209	149	1
59684	4	0	23	2	443	149	0.0498076090354
59685	34	2	72	0	239	149	0.16909009048
59687	88	6	54	0	247	149	0.00621468421156
59688	161	1	86	0	224	149	1
59689	75	2	28	0	290	149	0.257278601944
59690	20	3	7	0	243	149	0.0204137347079
59691	80	2	30	0	334	149	0.225483034338
59693	2	0	1	4	303	149	8.24497943319e-05
59699	2092	10	231	2	292	149	0.541274807868
59700	976	4	123	0	198	149	1
59701	12	172	0	58	294	149	0.020157730141
59708	53	13	56	38	226	149	0.00721898649974
59709	69	6	169	6	294	149	0.172862023472
59710	44	0	94	9	202	149	0.00240819816252
59724	0	2	4	1	253	149	0.000394567177566
59725	3	2	6	0	253	149	0.00514862420341
59728	9	0	6	1	245	149	0.730492776894
59729	0	2	2	0	272	149	1.53803367163e-05
59731	232	5	91	4	314	149	0.409077141351
59732	160	0	135	1	283	149	0.696586159447
59741	655	4	669	0	309	149	0.687549961727
59746	84	0	468	4	304	149	0.705034713691
59749	0	2	11	145	243	149	0.0831873141414
59752	920	0	449	4	444	149	0.339476818621
59753	915	0	422	2	444	149	0.604602854251
59754	393	0	192	4	292	149	0.122810775555
59755	392	0	187	2	292	149	0.530066334501
59756	138	0	58	2	233	149	0.574279727489
59757	652	0	255	3	245	149	0.712691267366
59758	302	2	177	4	187	149	0.254318361512
59761	19	0	29	28	995	149	2.78437139012e-07
59762	20	0	40	2	238	149	0.148595965565
59763	19	27	35	23	242	149	0.0614735826956
59765	7	6	0	2	204	149	0.00190537147792
59766	292	6	63	2	1304	149	0.787068082469
59767	313	1	63	0	1304	149	0.346148689045
59768	53	2	20	0	297	149	0.166791102734
59769	3	35	1	16	330	149	0.501924799553
59770	57	6	5	3	217	149	0.0804969753686
59771	25	0	4	2	225	149	0.00518711208742
59772	61	33	4	1	225	149	0.315236136943
59773	8	33	5	1	251	149	0.00196660831403
59774	10	38	4	1	251	149	0.00986761458052
59777	81	0	53	4	314	149	0.00653663869068
59779	77	3	46	2	236	149	0.878890688024
59791	0	1730	2	778	238	149	1
59792	10230	2	5968	5	1133	149	1
59793	2346	1	1258	0	238	149	1
59794	243	1	58	0	290	149	1
59795	1114	4	1045	6	304	149	0.753065663586
59796	4	138	2	342	246	149	0.957441909954
59799	35	33	2	7	258	149	0.0446614422391
59801	19	33	3	7	290	149	0.554924446558
59802	82	39	19	4	277	149	0.115254938919
59811	120	5	40	3	271	149	0.637937675542
59812	2	25	0	20	337	149	0.666285833763
59839	14	0	18	1	251	149	0.229652688431
59840	59	14	26	6	233	149	0.93125924121
59841	1	41	0	17	288	149	1
59842	136	1	47	0	234	149	1
59843	11	10	2	2	356	149	0.873299451107
59847	7	0	141	6	237	149	0.0476576909108
59848	5	0	66	6	222	149	0.0200829951988
59849	36	1	149	0	410	149	0.24144609395
59850	194	1	247	0	422	149	0.637212857889
59856	757	0	725	1	610	149	1
59857	21	161	11	115	210	149	0.414933698316
59859	1	6	3	3	216	149	0.110483673069
59860	9	7	6	4	216	149	0.838282581134
59861	9	44	5	34	216	149	0.52870755258
59862	0	9	8	89	228	149	0.0430601718861
59863	0	9	11	89	306	149	0.0332635551009
59864	7	0	99	8	180	149	0.0269507338782
59867	167	1	8	0	293	149	1
59871	0	5	1	4	265	149	0.257098880918
59879	19	87	5	16	216	149	0.786177181116
59880	60	0	13	1	233	149	0.469716379458
59881	194	25	24	1	233	149	0.0707806669469
59882	7	25	2	1	278	149	0.236051360586
59883	9	137	1	11	278	149	0.590034017157
59885	31	0	15	2	280	149	0.0275253957486
59886	1	2	2	2	251	149	0.579264767694
59887	1	0	2	2	251	149	0.00372288015225
59888	3	0	6	2	242	149	0.0191128683995
59893	48	9	18	20	236	149	0.000176509606355
59894	58	0	93	1	319	149	0.393485099584
59897	21	0	22	1	212	149	0.247779802542
59898	3	31	3	20	275	149	0.6804784812
59899	38	0	23	1	221	149	0.248076075155
59900	1	24	1	22	179	149	0.923316033132
59902	31	4	4	0	214	149	0.01644584112
59904	2	158	0	39	211	149	1
59906	3248	6	710	18	314	149	1.2106263525e-06
59907	2514	4	384	1	314	149	1
59908	999	4	316	1	388	149	1
59909	3414	2	882	0	388	149	1
59910	1735	8	628	4	388	149	0.891960711244
59911	153	8	9	4	280	149	0.0118180126141
59912	3432	13	546	3	280	149	1
59913	1729	4	245	4	280	149	0.244622260161
59914	245	4	27	4	284	149	0.0126431249922
59915	2065	2	551	0	284	149	1
59916	1920	16	297	0	284	149	0.237628534601
59917	111	228	11	260	292	149	3.33066907388e-16
59918	113	1	7	0	292	149	0.509640956614
59919	119	9	7	1	292	149	0.490193494294
59920	120	83	11	6	292	149	0.675649166528
59921	524	16	203	0	293	149	0.00163004307665
59922	350	1	297	0	293	149	1
59923	415	9	321	1	293	149	0.0187048541167
59924	750	83	461	6	293	149	1.17968257385e-09
59925	124	4	43	0	293	149	0.0715262564613
59926	189	10	67	0	293	149	0.00392674985017
59927	524	11	207	4	293	149	0.747658614741
59928	72	9	0	1	242	149	0.00172946594252
59929	2	83	0	6	242	149	0.578792598589
59931	5	11	0	4	242	149	0.00501160206616
59932	168	164	9	34	242	149	0.000257638722496
59933	54	499	5	174	242	149	0.000950536009664
59934	18	83	1	6	197	149	0.542658352827
59935	19	11	0	4	197	149	0.000209145715691
59936	171	499	34	174	197	149	0.0188450824214
59937	126	3	2	1	197	149	0.649218218773
59938	0	49	2	17	266	149	0.487061235672
59940	75	1	40	2	307	149	0.242866898475
59942	5	2	31	0	279	149	0.00485866349426
59943	5	6	4	18	248	149	0.111602859084
59944	18	4	31	2	197	149	0.14080390503
59956	2	48	0	2	290	149	0.539302689107
59965	64	19	25	43	7961	149	2.86228724633e-06
59967	26	19	15	43	2732	149	0.00193479158826
59973	4	13	5	2	203	149	0.0189988868847
59974	0	2	5	0	203	149	3.28190568233e-06
59975	23	2	7	0	212	149	0.110006304165
59976	14	0	8	3	212	149	0.00384627562152
59977	1	2	6	0	248	149	0.000757229284506
59984	5	98	0	18	286	149	0.236498889992
59985	171	1	36	0	219	149	1
59986	115	1	16	0	237	149	0.720569421165
59987	18	78	0	28	198	149	0.000297067447885
59988	19	78	4	28	193	149	0.25626975824
59989	6	1	40	3	380	149	0.66445751586
59994	262	0	121	1	328	149	0.485227861739
59997	2	13	0	11	221	149	0.10866885356
59998	9	4	15	0	256	149	0.000563637399557
59999	7	0	2	3	261	149	0.000237039456546
60001	10	0	5	1	342	149	0.279870739858
60003	10	0	4	1	304	149	0.243647857581
60007	221	4	192	0	373	149	0.0761790427566
60008	149	1	120	0	164	149	1
60016	0	1	2	31	237	149	0.346493956572
60018	5	98	3	14	274	149	0.210248063859
60019	2	451	0	58	173	149	1
60020	481	5	41	1	211	149	0.428383955783
60021	387	2	50	0	211	149	1
60023	172	2	17	0	236	149	0.530397803393
60024	368	103	24	17	236	149	0.0136167158367
60025	479	2	75	0	294	149	1
60026	181	304	12	48	295	149	0.00781058569849
60028	279	2	109	0	232	149	1
60029	272	2	124	1	216	149	1
60030	194	2	85	0	316	149	0.533320403592
60031	243	2	119	0	248	149	0.622606315491
60032	16	112	6	40	173	149	0.907028245031
60033	5	175	0	41	251	149	0.61867529305
60035	7	110	1	76	221	149	0.0537408425456
60036	129	3	84	0	309	149	0.133150292058
60039	19	96	5	49	282	149	0.147697557159
60040	314	0	358	3	179	149	1
60041	610	5	457	0	248	149	0.753844417218
60042	5	1	9	0	254	149	0.47252457167
60043	8	1	22	0	374	149	0.599792041886
60044	17	2	26	0	267	149	0.0391503668266
60047	907	1	216	0	299	149	1
60048	677	3	212	2	311	149	0.528609796266
60049	3	0	32	1	232	149	0.271106802374
60050	3027	1	235	2	297	149	0.541332346671
60052	166	13	54	0	225	149	0.00185667963767
60055	259	2	92	0	218	149	1
60056	398	5	150	2	292	149	0.950097322168
60057	77	1	37	0	234	149	0.437615623176
60074	4	0	0	7	235	149	2.91770183236e-07
60079	323	4	248	0	192	149	0.756327538203
60080	1382	0	2141	4	219	149	1
60081	0	1369	6	1435	374	149	1
60082	701	0	1122	3	208	149	1
60087	354	13	263	7	311	149	0.466928870583
60088	218	0	139	2	311	149	0.611948702953
60089	174	0	122	2	268	149	0.602183557309
60090	295	1	247	9	268	149	0.00308128553796
60091	235	2	203	0	236	149	0.634315800127
60092	305	4	236	3	322	149	0.932492158091
60093	184	2	126	1	322	149	0.593292115218
60094	51	2	14	1	233	149	0.611571482263
60095	164	2	111	1	233	149	0.803656485609
60101	9	2	11	0	317	149	0.0178349673227
60102	52	3	8	0	275	149	0.0718067474508
60105	9	0	26	2	191	149	0.134413121951
60109	277	0	184	1	288	149	1
60110	472	5	321	7	288	149	0.230585939096
60111	0	5	4	7	323	149	0.00900199893203
60112	1	196	4	138	323	149	0.67486545332
60113	416	8	268	0	290	149	0.0235330416334
60114	388	1	195	0	210	149	1
60115	401	3	249	0	275	149	0.644975943799
60118	69	7	163	9	238	149	0.315789837351
60126	495	10	29	0	199	149	0.135189227895
60127	507	10	33	0	203	149	0.133668893093
60129	346	480	28	33	220	149	0.633930484626
60130	711	23	90	1	220	149	0.0640771126441
60131	762	23	63	1	220	149	0.184597810101
60132	330	406	30	62	220	149	0.0469436553756
60133	3100	6	211	0	346	149	1
60134	2559	9	166	0	287	149	1
60135	2318	13	169	0	246	149	1
60136	90	1	48	0	279	149	0.423609311333
60137	9	0	29	3	275	149	0.0292592846933
60146	5	13	7	33	236	149	0.467832821878
60147	2	0	110	3	285	149	0.196819035809
60148	2	2	9	63	218	149	0.257393594458
60149	92	0	187	2	341	149	0.541238225177
60152	107	1	20	0	236	149	0.623409025682
60153	117	1	20	0	248	149	0.682327819846
60155	73	4	13	0	177	149	0.0848057131659
60156	0	1	2	0	417	149	4.31673420579e-05
60157	99	1	25	0	258	149	0.504995167866
60160	27	3	8	0	209	149	0.0400501926384
60162	200	2	108	0	294	149	0.528325973913
60163	29	22	37	17	275	149	0.232834027447
60169	49	4	31	0	311	149	0.0120203217314
60171	6	61	9	72	311	149	0.627769104551
60172	9	61	3	72	235	149	0.0406052306727
60173	420	16	128	9	281	149	0.237299685488
60178	3	2	2	3	384	149	0.466435715035
60179	5	21	5	28	384	149	0.712339335245
60181	7	2	3	0	384	149	0.0114704959864
60184	9	21	4	28	229	149	0.0805896036915
60185	10	2	1	0	229	149	0.0440745358991
60186	8	3	1	3	229	149	0.0338900196594
60208	554	5	58	2	264	149	0.533143650681
60209	6	0	939	2	265	149	1
60210	31	0	3693	2	408	149	1
60211	6	0	72	1323	315	149	1.41189604452e-09
60213	1465	1	2758	6	319	149	1
60214	16126	0	13339	2	359	149	1
60215	21	4	42	8	152	149	0.987167766692
60216	533	2218	1418	1314	152	149	0
60217	1074	483	1052	868	2936	149	0.000133619380324
60218	4	2218	1	1314	167	149	1
60219	0	515	2	1388	167	149	1
60221	173	483	30	868	174	149	0
60222	2369	483	1339	868	171	149	1.18904885937e-13
60226	2	0	4	2	410	149	0.00416550270189
60232	9	5	0	2	203	149	0.00101286807435
60234	20	3	18	0	233	149	0.0162077137131
60235	15	3	14	0	223	149	0.0116193505488
60236	67	0	49	4	223	149	0.0109849474421
60237	50	0	28	4	354	149	0.00178743935297
60238	25	0	19	4	219	149	0.00307331985724
60239	22	0	9	4	350	149	0.000203168151905
60240	3	39	0	30	214	149	0.116829281366
60252	2	11	0	16	244	149	0.115745101338
60253	2	0	0	11	244	149	4.65898082025e-06
60254	2	4	1	6	177	149	0.338063178414
60255	4	40	8	50	201	149	0.402532159076
60257	802	0	1931	2	452	149	1
60258	202	6	1911	47	272	149	0.795398672736
60261	2	0	0	2	269	149	1.54764640784e-05
60265	1520	1	286	0	314	149	1
60274	674	0	2045	2	338	149	1
60284	183	1	53	0	240	149	1
60285	216	2	33	0	345	149	0.531823292681
60286	4	165	1	24	264	149	0.541117900457
60287	0	43	8	17	234	149	2.2348845473e-05
60292	121	1	59	0	238	149	0.806958433287
60293	216	0	161	1	314	149	0.828453971901
60294	424	1	103	0	261	149	1
60295	487	3	159	0	377	149	0.636239896656
60296	315	23	93	6	302	149	0.708682602147
60297	256	1	51	0	268	149	1
60299	0	6	1	8	316	149	0.24841259398
60302	32	39	12	27	254	149	0.136456301875
60303	11	23	7	5	250	149	0.12594359881
60305	13	0	12	2	209	149	0.0427767674134
60313	19	311	11	158	219	149	0.856660305503
60315	408	0	229	1	253	149	1
60316	0	138	4	108	457	149	0.726396655972
60317	2	19	0	9	219	149	0.171545518934
60318	19	138	18	108	298	149	0.632981951788
60320	4139	29	1027	2	212	149	1
60323	82	1	28	0	205	149	0.528471047248
60324	89	0	54	2	205	149	0.628472457296
60325	389	59	129	31	356	149	0.110668961777
60357	773	6	144	2	194	149	0.531045369073
60358	1068	6	248	0	291	149	0.812995138819
60359	82	1	38	0	325	149	0.360054156349
60360	84	1	30	0	308	149	0.377143038908
60361	50	0	14	2	292	149	0.026343109824
60362	33	1	17	0	255	149	0.264153732394
60367	114	2	49	0	507	149	0.208263929532
60368	87	0	34	2	287	149	0.12829701357
60383	258	29	73	4	212	149	0.105488516751
60384	321	5	65	0	232	149	0.258425769286
60390	1	0	4	2	245	149	0.0113922793572
60395	47	4	27	1	179	149	0.248020690284
60400	519	21	159	5	246	149	0.496015074771
60401	519	0	105	1	209	149	0.780831389313
60402	164	47	74	19	209	149	0.707441115867
60409	90	36	152	48	345	149	0.419082247827
60410	90	767	218	547	345	149	3.04177238952e-10
60411	50	767	99	547	436	149	6.75883044188e-06
60412	14	0	54	69	436	149	2.71460837697e-07
60413	401	2	112	0	336	149	1
60414	373	2	70	0	247	149	1
60418	247	0	96	1	305	149	0.415711250947
60419	167	0	54	2	305	149	0.370816837705
60420	66	0	12	2	218	149	0.0430747359256
60421	141	0	51	1	218	149	0.340134350883
60422	201	3	61	0	329	149	0.255854924527
60423	1	48	4	18	287	149	0.0168111182294
60434	3	0	5	2	195	149	0.0204768187767
60441	1	3	0	6	300	149	0.218183687119
60445	807	1	313	2	291	149	0.704391461323
60446	657	0	166	1	291	149	1
60452	11000	2	1877	7	291	149	1
60453	4154	3	1025	1	337	149	1
60464	109	3	122	16	317	149	0.00358962896508
60465	65	3	60	16	310	149	0.00146760746133
60466	0	100	12	71	1628	149	0.392279461523
60468	3	22	0	9	251	149	0.0894043925204
60469	0	56	1	39	251	149	0.610932710323
60470	6	22	1	9	215	149	0.222957278118
60472	36	56	15	39	233	149	0.167833626405
60473	17	0	6	1	233	149	0.449613832903
60475	0	91	3	43	278	149	0.342995542157
60477	2	91	2	43	224	149	0.608421111818
60478	2	0	2	1	224	149	0.0461107815669
60479	62	3	74	9	179	149	0.12490396216
60480	11	17	13	39	311	149	0.221969128108
60482	13	17	64	39	518	149	0.0620980383876
60483	0	17	10	39	866	149	0.0182620157452
60484	0	2	10	18	866	149	0.0229371180656
60485	2	0	36	31	176	149	0.00281245353092
60486	0	8	2	46	245	149	0.711963124458
60487	16	0	42	2	235	149	0.167637921469
60488	2	78	0	114	260	149	0.582861321442
60489	113	2	219	6	287	149	0.411489598585
60491	128	1	202	8	230	149	0.0230878791326
60494	120	1	233	0	258	149	0.665367232059
60504	168	4	44	0	226	149	0.173286680581
60505	39	2	14	9	218	149	0.000349729563055
60509	553	0	308	5	199	149	0.377897797521
60511	29	466	0	264	152	149	8.88232964991e-06
60515	8	2	5	0	223	149	0.0296606440503
60521	2	8	3	6	214	149	0.476879953204
60522	11	8	0	6	274	149	0.000176086505672
60523	15	1	0	2	274	149	3.59515894459e-05
60524	56	12	14	3	293	149	0.989547669502
60525	11	1	4	0	293	149	0.485918345935
60526	90	12	24	3	282	149	0.862383235892
60527	44	1	14	0	282	149	0.284017553471
60528	41	1	41	0	437	149	0.242329973653
60529	76	1	50	2	437	149	0.290925507005
60537	2	0	0	12	310	149	6.74753026708e-06
60538	5	0	16	12	329	149	0.000624461868633
60540	6	0	69	2	344	149	0.21647840026
60541	30	5	27	8	197	149	0.344218055504
60553	930	0	5287	5	300	149	1
60554	405	0	5899	5	331	149	1
60555	12	0	295	2	350	149	0.556015665216
60560	4	6	13	13	362	149	0.519125239407
60562	6	0	1	3	342	149	3.74758450278e-05
60563	73	23	42	9	177	149	0.351153907257
60565	0	23	1	43	280	149	1
60570	2	0	53	2	322	149	0.18730198026
60571	2	0	44	38	322	149	0.00303033349927
60573	80	1	33	0	249	149	0.422169937989
60574	10	2	13	0	230	149	0.0296302405462
60577	2	106	2	194	332	149	1
60578	388	0	477	2	296	149	1
60579	6	184	3	249	299	149	0.632580863197
60581	664	0	437	3	302	149	0.643088064204
60582	6	180	4	178	342	149	0.756081115032
60583	489	0	321	1	254	149	1
60584	454	1	332	0	293	149	1
60594	117	0	63	1	281	149	0.333638147908
60611	0	1	6	15	222	149	0.0110402517833
60613	1	0	39	2	252	149	0.178668845636
60627	3	12	6	5	238	149	0.0533069988222
60637	6	70	3	35	268	149	0.902971170147
60638	1	70	0	35	330	149	1
60639	1	6	0	2	223	149	0.258703093284
60642	32	1	40	0	210	149	0.281340038447
60644	0	27	2	41	248	149	0.580664424569
60649	10	0	91	4	361	149	0.0409647617534
60653	25	0	75	2	344	149	0.201131376527
60687	3	0	8	2	938	149	0.00270920540772
60689	1	0	3	1	255	149	0.0662428894767
60691	1	7	1	1	224	149	0.855909592224
60692	9	4	4	1	230	149	0.53947755144
60695	121	1	28	0	275	149	0.597776875289
60696	172	28	21	2	209	149	0.275553965435
60697	189	5	27	3	219	149	0.183236723351
60698	103	1	22	0	269	149	0.503878218398
60699	154	0	21	2	199	149	0.193346099645
60700	91	0	16	2	193	149	0.109773427975
60701	8	52	5	9	360	149	0.119824036225
60702	90	2	49	1	200	149	0.731900734382
60703	3	0	1	2	673	149	0.000111946831952
60704	2	0	2226	1	365	149	1
60710	0	20	1	13	223	149	0.263059814149
60720	292	2	91	0	278	149	0.67874311935
60721	2636	3	621	0	1505	149	0.792354386588
60722	192	66	53	12	242	149	0.222873623424
60723	0	95	2	34	221	149	0.789433561239
60724	326	1	98	0	274	149	1
60731	4	0	2	7	358	149	3.06343155654e-05
60734	2	32	0	24	184	149	0.36019021399
60735	11	32	6	24	226	149	0.553495896722
60736	10	32	5	24	348	149	0.451459268941
60738	5	2	15	1	251	149	0.131692753885
60741	56	0	52	8	198	149	0.000301499999551
60743	0	10	2	4	325	149	0.0473532565101
60744	2	0	7	1	281	149	0.665710138197
60745	1	0	9	4	264	149	0.0025739697693
60750	3	2	0	5	207	149	0.00199998315976
60751	2	18	0	30	207	149	0.220989389005
60754	11	140	8	92	203	149	0.921125037649
60756	342	3	177	0	301	149	0.657745033144
60757	250	0	124	1	273	149	0.625596889763
60758	45	103	54	34	245	149	3.05467105114e-05
60759	14	30	7	8	339	149	0.383933244418
60761	87	4	28	1	188	149	0.522380784351
60762	234	0	67	1	257	149	0.366517779819
60764	68	0	60	3	267	149	0.0431670007172
60765	65	0	60	2	267	149	0.295460164214
60766	192	2	132	1	311	149	0.596951448452
60767	61	0	25	1	229	149	0.255706778085
60768	161	0	69	1	241	149	0.388434490046
60780	16	129	0	1	206	149	0.0406466311821
60788	15	9	7	19	263	149	0.00986206628713
60789	3	143	0	34	278	149	0.841240902503
60790	237	1	59	0	210	149	1
60791	251	3	103	0	257	149	0.782142954214
60792	131	3	42	0	282	149	0.181500981406
60794	405	0	80	2	285	149	0.683137206923
60795	199	2	41	0	285	149	0.52999106977
60796	141	2	42	0	309	149	0.905175682335
60797	65	2	20	0	309	149	0.198250615362
60799	333	1	69	0	309	149	1
60800	348	2	79	0	309	149	0.770280890277
60801	6	61	0	12	284	149	0.0606355013428
60802	4	76	0	22	284	149	0.244372106426
60803	107	2	15	0	280	149	0.441233312865
60804	167	76	27	22	280	149	0.0907424446999
60806	17	2	3	0	295	149	0.0579787614238
60807	77	76	15	22	295	149	0.269065088987
60812	157	6	45	2	262	149	0.784759816522
60813	124	2	33	0	262	149	0.80689648662
60817	272	1	346	0	208	149	1
60818	1036	2	622	0	297	149	1
60821	5	31	1	10	209	149	0.397045409184
60826	4	171	2	99	256	149	0.886038297562
60828	42	17	105	15	350	149	0.0125056454789
60829	541	13	258	1	1726	149	0.00730650901236
60832	0	2	12	28	293	149	0.0104871555972
60833	2	0	11	2	293	149	0.0344826319463
60835	2	12	28	3	392	149	6.64960086993e-08
60837	0	12	31	3	408	149	4.9040882466e-11
60838	0	12	5	3	334	149	0.000202959608035
60839	1	10	1	31	334	149	0.408025324442
60840	0	2	4	0	334	149	6.25223600825e-06
60842	295	0	41	1	366	149	0.255756435346
60843	283	0	68	1	346	149	0.311082639611
60845	352	1	50	0	229	149	1
60850	232	2	136	0	267	149	0.565133945269
60851	158	0	101	2	265	149	0.697455862749
60852	4	0	44	6	176	149	0.015865503979
60854	1	200	0	79	208	149	1
60855	6	115	0	44	217	149	0.0830418127449
60856	21	115	13	44	525	149	0.30828697729
60867	10	0	8	2	217	149	0.0254864021952
60868	6	1	10	0	270	149	0.582987176103
60873	21	1	34	0	270	149	0.229253205608
60874	158	0	75	1	252	149	0.398895980071
60887	193	2	115	2	249	149	0.724337869165
60888	57	22	26	58	278	149	7.49444828196e-07
60889	162	0	53	8	278	149	6.45166890811e-06
60890	78	0	106	8	278	149	0.00120538552368
60891	61	109	50	31	278	149	0.000609423022725
60892	592	0	193	1	395	149	0.731217291412
60893	311	3	87	4	253	149	0.0694973099185
60894	49	3	23	8	219	149	0.00912028212402
60895	301	1	103	0	195	149	1
60896	203	1	50	0	247	149	1
60903	4	31	6	27	224	149	0.405904484303
60907	4311	9	781	4	250	149	1
60908	6446	3	1365	3	356	149	1
60909	2304	2	547	1	320	149	1
60910	2793	1	715	0	287	149	1
60911	3831	2	817	0	249	149	1
60916	677	0	8870	1	278	149	1
60917	615	0	11457	1	272	149	1
60918	7	596	54	5497	323	149	1
60919	1074	0	7462	2	377	149	1
60920	2246	1	13911	29	377	149	1
60921	56	3	232	94	236	149	1.27443469327e-05
60922	55	222	146	2778	236	149	3.72447628294e-11
60923	3	222	148	2778	269	149	0.00292885032005
60924	11	10	173	34	269	149	0.00261330609933
60950	27	55	42	25	408	149	0.000711765491475
60953	372	2	177	2	379	149	0.606087504578
60955	3	0	19	2	253	149	0.0795170478543
60960	2	0	1	5	250	149	7.54976340107e-05
60961	2	0	0	4	250	149	1.03820390797e-05
60964	200	1	71	0	229	149	1
60967	295	2	56	4	242	149	0.0110086060187
60968	1	251	0	57	191	149	1
60972	2	19	6	8	210	149	0.016142112232
60973	59	2	43	0	410	149	0.113264066752
60974	2	14	0	7	275	149	0.161083623825
60990	105	0	149	1	252	149	1
60991	46	0	107	14	351	149	0.000207233093865
60992	44	0	114	14	354	149	0.000309643743097
60993	49	0	105	14	369	149	0.000144293756816
60999	12	0	269	19	294	149	0.0137477421044
61004	38	1	10	1	278	149	0.885633136959
61007	15	13	17	7	1186	149	0.218626220155
61008	95	4	19	2	247	149	0.695605175942
61009	4	94	2	19	262	149	0.794780021672
61010	30	15	2	1	179	149	0.991763916515
61038	6	0	109	2	262	149	0.469339252918
61041	0	2	6	83	513	149	0.380810586484
61049	0	1	1	1	332	149	0.442234655739
61051	0	3	2	27	357	149	0.591749182581
61064	3327	1	981	0	208	149	1
61065	2848	4	930	1	196	149	1
61066	873	7	273	6	196	149	0.134470487291
61067	1196	7	459	6	219	149	0.379207118022
61068	3204	4	1120	0	219	149	1
61069	158	1	108	2	2549	149	0.291120718684
61070	1	4	2	30	206	149	0.465591011123
61074	470	7	41	2	231	149	0.692062303285
61075	514	2	77	0	306	149	1
61076	86	185	7	21	262	149	0.356281547119
61077	41	12	2	2	238	149	0.236949466451
61078	42	113	2	17	238	149	0.0387933430885
61079	8	27	0	2	249	149	0.0150564692758
61080	70	0	28	4	255	149	0.0019329519611
61081	241	0	67	4	270	149	0.00664883231879
61092	2	25	0	160	271	149	0.884021327051
61099	0	4	1	6	283	149	0.216665514081
61101	32	0	10	1	216	149	0.239017571912
61105	198	7	159	0	323	149	0.00554568318521
61106	197	0	177	1	323	149	1
61107	306	17	198	15	301	149	0.448952762567
61108	192	1	90	0	301	149	1
61109	190	4	85	7	301	149	0.0325942622547
61110	481	1	428	0	677	149	1
61111	582	4	526	5	677	149	0.614317329436
61112	133	4	178	7	378	149	0.592985585745
61113	136	2	183	0	378	149	0.762280119029
61117	0	249	9	644	288	149	1
61119	806	0	919	2	270	149	1
61128	2	6	3	1	200	149	0.0405037562019
61135	635	0	212	1	299	149	1
61137	195	17	293	20	282	149	0.527385637704
61138	690	0	395	2	288	149	1
61140	473	0	350	2	244	149	1
61141	1507	3	725	0	210	149	1
61142	3	1093	0	552	185	149	1
61145	1	0	12	2	207	149	0.0625232022365
61151	2	0	2	2	327	149	0.00200288137663
61152	2	0	2	2	324	149	0.00204229006736
61153	3	0	9	2	321	149	0.02227409657
61154	1	1	9	0	247	149	0.0379724746241
61155	1	1	11	0	267	149	0.0324606834566
61160	387	1	74	0	206	149	1
61161	480	2	155	0	322	149	1
61168	59	4	34	6	261	149	0.154330197847
61170	83	18	39	8	289	149	0.877716049936
61171	150	6	35	3	269	149	0.530756787265
61179	52	0	105	2	225	149	0.587901409797
61181	0	13	2	13	204	149	0.097815339076
61182	640	0	299	1	257	149	1
61183	3	682	0	361	209	149	1
61184	367	13	203	13	216	149	0.179963994877
61185	0	2	1	1	216	149	0.202560904491
61187	0	2	3	1	211	149	0.00112438481165
61188	1213	1	615	4	211	149	1
61189	390	1	213	2	211	149	0.643755242703
61190	843	1	392	2	256	149	1
61191	1646	1	788	2	256	149	1
61197	2	0	6	1	447	149	0.0724851995558
61201	6	171	2	157	287	149	0.426462270531
61203	132	0	186	2	3441	149	0.0407453734722
61206	235	11462	8	286	404	149	1
61207	108	322	6	32	404	149	0.121486501511
61208	14787	832	450	27	363	149	0.896599642945
61209	25726	832	724	27	344	149	0.663384639385
61210	16323	2	407	0	344	149	1
61211	16397	291	407	20	344	149	0.00126868129204
61212	3801	832	132	27	182	149	0.718851237371
61213	10268	291	257	20	326	149	0.00142475677637
61214	19086	112	568	0	326	149	0.260447348869
61215	5372	291	150	20	278	149	0.00462279185879
61216	5408	112	150	0	278	149	0.0101667728938
61217	1013	26	7	0	245	149	0.0878119899931
61220	1	80	0	178	252	149	1
61221	1	80	4	178	231	149	0.687365370898
61236	689	9	115	3	284	149	0.687989835746
61237	7	365	1	62	179	149	0.509683911294
61239	4	37	0	50	197	149	0.0209554709481
61240	10	37	11	50	252	149	0.723014886541
61245	2	18	0	1	233	149	0.220331961767
61247	2	25	0	1	334	149	0.40571101904
61256	2	0	0	2	283	149	1.50282519455e-05
61259	1280	0	9429	3	224	149	1
61260	5027	4	9638	0	201	149	1
61261	8596	4	19257	6	377	149	1
61262	8821	1	10217	0	311	149	1
61263	8151	4	12289	1	234	149	1
61264	12468	4	17856	5	318	149	1
61265	11254	16	18774	34	309	149	1
61266	9	2277	9	8920	200	149	1
61267	1228	0	6269	1	252	149	1
61276	2	3	0	1	279	149	0.0442594604377
61282	0	5	2	1	231	149	0.00471821021787
61284	2	5	0	1	273	149	0.0739480868081
61296	68	3	48	0	230	149	0.0807410745391
61297	26	0	20	2	231	149	0.0570313395493
61299	87	1	44	0	259	149	0.445745855702
61300	14	20	12	14	247	149	0.707936742163
61310	52	1	4	0	268	149	0.309107961068
61311	84	7	5	0	268	149	0.0187934606349
61312	11	7	3	0	236	149	0.00166810428376
61313	12	34	3	1	236	149	0.0647983863151
61315	56	30	2	0	287	149	0.00420884930696
61322	13	2	2	0	203	149	0.0681534909618
61352	4385	12	1018	2	276	149	1
61353	615	1310	403	370	293	149	4.06227220751e-07
61354	1714	4	555	2	205	149	1
61361	277	8	139	1	185	149	0.0713447821259
61362	22	2	7	0	185	149	0.120278283833
61364	66	4	45	0	185	149	0.0403135201807
61368	1	15	0	32	252	149	0.290626704794
61369	650	1	243	0	294	149	1
61376	10	0	297	7	229	149	0.120670148199
61386	8	0	14	1	238	149	0.273681183676
61391	0	5	5	24	400	149	0.0458576577158
61393	66	0	8	4	232	149	5.70709396754e-05
61395	110	1	16	1	205	149	0.34716003651
61396	2	17	3	8	266	149	0.253722572627
61397	9	0	1	2	213	149	0.000734673552817
61398	9	2	1	3	213	149	0.0118217987949
61401	34	0	133	1	286	149	0.665183778652
61402	96	0	76	2	232	149	0.948022074226
61404	268	2	139	0	226	149	0.917096846153
61405	2	18	0	26	283	149	0.414453166058
61406	2	18	0	26	255	149	0.323871438939
61407	5	18	2	26	209	149	0.101887926876
61415	1	0	0	1	323	149	6.61619640362e-05
61419	32	1	2	0	242	149	0.265070282092
61429	104	1	95	0	233	149	0.608927373639
61430	72	1	36	0	211	149	0.45142168028
61431	5	121	0	69	249	149	0.229940825377
61432	265	3	109	0	293	149	0.778931543452
61433	237	3	68	2	280	149	0.683809987025
61434	117	5	28	0	280	149	0.0345972750237
61435	189	5	75	0	336	149	0.0465856382514
61436	311	4	116	3	336	149	0.536397852816
61437	6	0	8	6	213	149	0.000518137473739
61443	95	6	27	0	305	149	0.0103872047629
61446	24	0	492	2	353	149	1
61448	16	837	3	14	264	149	0.0403842636014
61449	103	2339	9	59	239	149	0.0139371484488
61450	13747	5	2788	2	291	149	1
61451	6338	38	1213	8	282	149	0.83508399397
61452	13011	5	2541	0	296	149	1
61453	9513	17	1952	25	248	149	0.00804181886655
61454	18177	30	3501	0	392	149	1
61455	12406	1	2410	0	392	149	1
61456	6528	1	1379	0	314	149	1
61457	12273	3	2470	0	314	149	1
61458	8283	30	1549	23	315	149	0.000123979356861
61459	8288	1	1542	0	315	149	1
61460	13790	3	3028	9	334	149	1
61461	7902	0	1828	1	214	149	1
61462	46	4	26	0	195	149	0.024913432247
61463	43	2	22	2	195	149	0.644682952829
61464	57	2	43	2	352	149	0.813808570956
61474	29	33	233	0	234	149	0
61481	5	1071	3	694	226	149	1
61482	1750	0	1507	3	324	149	1
61485	272	2	3	0	322	149	0.556561087718
61486	567	3	4	0	360	149	0.678620003179
61488	17	7	4	0	224	149	0.00273094234133
61493	0	1	2	0	271	149	4.44219479442e-05
61510	0	2	1	23	302	149	0.418215901878
61513	21	0	52	1	307	149	0.291009757024
61514	21	0	52	1	369	149	0.2737176202
61516	396	1	180	0	313	149	1
61517	324	1	169	0	310	149	1
61518	0	77	2	76	194	149	0.52487353638
61519	51	24	19	25	170	149	0.0110265724559
61524	41	2	15	0	360	149	0.109541894403
61525	40	2	15	0	317	149	0.120938243239
61530	151	3	75	1	320	149	0.463991498384
61531	109	1	60	0	239	149	0.629124496613
61532	123	1	65	0	239	149	0.845473677072
61533	0	1	2	0	301	149	4.45940054611e-05
61534	5	58	0	45	307	149	0.0579459019968
61535	184	95	32	11	263	149	0.274528780362
61537	429	0	568	2	2498	149	0.247634596928
61539	4	4	21	14	308	149	0.504942664452
61540	31	0	42	2	325	149	0.103070815861
61541	0	27	2	37	320	149	0.532288960148
61543	1	7	0	2	278	149	0.227855627459
61544	8	84	6	10	197	149	0.0107497897241
61545	134	11	28	0	272	149	0.00494097877855
61547	188	1	29	0	241	149	1
61553	108	0	345	7	190	149	0.13170916603
61554	2	537	2	241	240	149	1
61555	1042	9	515	6	259	149	0.702432721627
61556	1	9	0	17	252	149	0.304896917701
61559	504	2	192	3	245	149	0.638993198182
61563	27	2	55	2	206	149	0.614636016867
61564	314	1	101	0	310	149	1
61565	218	2	48	0	284	149	0.536378203161
61567	3	17	3	9	193	149	0.549745863234
61569	23	5	12	1	296	149	0.258895841984
61570	100	5	39	1	1986	149	0.401006999705
61571	35	5	6	1	254	149	0.755159674882
61572	42	1	16	0	254	149	0.288456020747
61573	126	1	22	0	317	149	0.524904383186
61574	13	49	9	6	232	149	0.00589416528245
61575	129	1	20	0	388	149	0.441743069468
61576	19	2	6	0	365	149	0.0481123285579
61577	19	0	8	2	365	149	0.00950843734269
61579	3	8	0	11	263	149	0.0177349824514
61591	160	1	41	0	337	149	0.691777771286
61592	141	1	29	2	271	149	0.111105263839
61593	31	2	23	0	243	149	0.102770574615
61594	517	1	178	1	686	149	0.366386871748
61597	33	2	11	1	215	149	0.656354598531
61599	2	1	0	6	261	149	0.00484006384468
61608	4	0	4	47	750	149	5.23330841706e-06
61610	330	0	203	2	247	149	0.549069284521
61611	50	0	35	2	244	149	0.140557855082
61612	577	22	201	12	317	149	0.314492222885
61613	432	15	124	4	317	149	0.752957210314
61614	351	6	93	8	317	149	0.00625559338664
61615	10623	95	5105	32	5229	149	0.135621828458
61616	10484	14	5027	1	5229	149	0.00802011928888
61617	260	6	105	8	233	149	0.0401549604671
61618	338	14	133	1	233	149	0.0101237574246
61619	384	0	181	2	233	149	0.537825713928
61627	2	85	3	49	247	149	0.311312395494
61628	1227	3	1118	0	347	149	1
61630	695	3	679	0	255	149	1
61631	1	16	0	1	271	149	0.310023637441
61632	8	132	0	30	292	149	0.0916103027952
61633	480	8	83	0	333	149	0.0660747160581
61634	304	4	50	0	333	149	0.251312489232
61635	710	4	110	0	657	149	0.314711191651
61636	879	1	143	0	657	149	1
61637	15	476	0	33	249	149	0.206971517339
61638	1119	6	102	3	306	149	0.124905150467
61639	594	1	44	0	307	149	1
61640	1040	1	88	0	288	149	1
61641	779	0	103	1	322	149	0.420940500854
61642	0	329	2	38	242	149	0.628413150392
61643	672	0	79	2	275	149	0.711493896013
61644	696	1	87	0	290	149	1
61647	373	1	122	0	339	149	1
61648	1	152	2	47	281	149	0.528299177976
61649	72	1	91	1	285	149	0.952616595593
61654	99	2	66	2	234	149	0.770216155444
61655	56	1	34	0	217	149	0.364113292371
61656	0	77	1	60	247	149	1
61657	254	1	77	0	254	149	1
61658	179	2	87	4	271	149	0.0927982775843
61659	36	0	48	3	348	149	0.0313077295248
61660	375	2	173	0	344	149	0.72100239988
61661	274	0	161	4	275	149	0.0753443024137
61662	449	2	59	0	253	149	1
61665	56	1	36	0	288	149	0.309500264997
61666	135	1	71	0	286	149	0.683016335537
61669	5	9	0	3	188	149	0.00338853444729
61670	11	48	1	34	188	149	0.00409609193905
61671	24	48	5	34	278	149	0.0112848223075
61672	16	8	2	1	278	149	1
61675	59	0	74	2	210	149	0.828747328606
61676	1	34	0	41	170	149	0.364914070398
61677	33	4	40	0	218	149	0.00750147791924
61678	1	60	0	48	188	149	0.805604562753
61679	108	3	79	0	265	149	0.127682844309
61693	1	30	0	2	270	149	0.478784665261
61695	58	0	0	2	274	149	8.13950772005e-07
61696	6	115	0	5	401	149	0.411566814997
61697	218	4	2	2	331	149	0.00638769878245
61699	6	86	0	2	275	149	0.144165943341
61700	222	2	5	0	337	149	0.531272522079
61701	202	2	3	0	250	149	0.545231092134
61702	193	2	1	0	343	149	0.827068586296
61703	63	3	2	0	203	149	0.150521822224
61710	24	8	7	27	192	149	5.68723025929e-06
61712	219	27	109	9	314	149	0.284384659412
61713	2	120	4	36	245	149	0.0447639699965
61716	176	10	88	8	206	149	0.408595412764
61723	53	8	48	2	207	149	0.0554259717516
61724	101	0	59	3	293	149	0.0329307532878
61731	130	1	25	0	182	149	1
61732	2	0	0	1	329	149	4.44888947688e-05
61736	0	2	4	0	324	149	6.27287202815e-06
61737	2	25	1	12	253	149	0.865396999209
61738	5	1	5	2	231	149	0.538817467218
61740	6	1	0	2	243	149	0.000154672385354
61741	13	1	0	2	376	149	4.94864337294e-05
61747	2	21	0	86	210	149	0.455844212312
61748	64	21	44	86	446	149	5.10018394184e-08
61751	7	12	7	9	245	149	0.672951758457
61753	10	12	9	9	210	149	0.771978179962
61756	670	1	148	0	292	149	1
61757	572	0	147	2	262	149	0.535978633638
61758	369	2	103	0	371	149	0.633003169669
61759	669	5	134	0	279	149	0.774913427041
61760	441	0	112	1	252	149	0.605154132627
61762	85	4	59	0	248	149	0.0370412096723
61766	441	1	53	2	291	149	0.384188627108
61768	667	2	76	0	295	149	1
61770	15	3	2	0	242	149	0.0149475161797
61772	15	0	0	1	242	149	1.74115221383e-05
61776	3	0	0	1	172	149	2.12476013379e-05
61784	1210	6	4	0	446	149	0.638616058763
61790	2	3	0	18	255	149	0.0251545613403
61791	19	80	24	55	212	149	0.10625449996
61792	266	20	121	9	229	149	0.943899176227
61793	4	254	0	126	310	149	1
61794	499	1	208	0	227	149	1
61796	369	0	198	1	255	149	1
61798	293	0	260	2	364	149	0.532115920727
61803	66	0	121	1	264	149	0.63407865994
61805	11	3	6	36	272	149	9.16117370542e-06
61806	10	5	7	24	272	149	0.00384589862246
61807	635	3	136	0	258	149	1
61808	462	0	137	2	261	149	0.550981533958
61810	4	0	0	4	207	149	9.85632311101e-07
61811	3	0	0	3	207	149	4.10882266666e-06
61812	4	8	0	2	207	149	0.00616090258211
61813	9	0	22	2	314	149	0.0655764487024
61814	11	0	50	2	320	149	0.160830497476
61815	4	2	0	9	279	149	0.000405985963795
61818	15	0	0	1	306	149	1.36702560776e-05
61819	8	2	1	0	221	149	0.0349431854954
61833	0	4	2	3	294	149	0.0350389282465
61841	23	0	37	1	204	149	0.30095130926
61842	287	4	164	2	302	149	0.717043611127
61843	331	4	209	1	240	149	0.537193792247
61844	0	201	1	144	207	149	1
61850	4	1	0	1	261	149	0.000542354099543
61851	1	38	0	24	261	149	0.624324950786
61852	6	1	2	1	237	149	0.394985320165
61853	8	38	2	24	370	149	0.15473585118
61854	110	1	51	4	288	149	0.0180525101664
61855	6	61	0	27	310	149	0.0474932825325
61856	4	33	3	15	273	149	0.722631910418
61860	4	127	1	48	174	149	0.404355076426
61864	60	12	51	1	313	149	0.00106911582322
61866	2	2	22	0	261	149	0.00103682221371
61869	5	644	0	260	186	149	1
61870	20	92	2	97	219	149	2.92006437901e-05
61930	1	6	7	110	209	149	0.375961183307
61932	4	7	7	13	1256	149	0.956582721002
61935	1	11	0	8	369	149	0.299709520025
61937	9	1	4	0	200	149	0.370199181554
61947	1	39	0	30	267	149	0.674894371475
61948	1	5	4	6	315	149	0.194977377198
61949	1	5	0	4	346	149	0.215628295109
61950	15	0	12	1	260	149	0.331697623677
61951	1	10	6	15	382	149	0.0853272354331
61952	0	10	6	15	280	149	0.00285286809485
61955	27	0	93	2	301	149	0.334449675209
61956	47	4	32	3	269	149	0.933480344213
61957	127	4	89	3	265	149	0.902900347347
61958	82	4	55	3	265	149	0.922609817786
61959	80	1	55	0	265	149	0.402992196884
61960	81	0	57	2	265	149	0.31822451265
61961	84	7	75	29	265	149	0.000266468677099
61962	83	4	58	3	304	149	0.908111792356
61963	34	1	38	0	232	149	0.274925627082
61964	5	0	4	2	232	149	0.0101042230971
61965	4	7	7	29	232	149	0.366940912827
61967	28	1	24	2	232	149	0.371093774907
61968	27	1	23	0	232	149	0.255447202204
61969	27	4	27	20	232	149	0.003120107385
61970	20	1	17	0	198	149	0.246696229426
61971	1	7	3	29	198	149	0.652128537791
61973	0	4	2	20	198	149	0.190815251755
61974	93	0	79	2	336	149	0.342746327389
61975	92	1	79	2	336	149	0.376362248831
61976	147	1	127	1	336	149	0.698857897107
61977	4	0	12	2	184	149	0.0654621455156
61978	15	7	49	29	251	149	0.606328233538
61979	16	4	49	20	251	149	0.33891904683
61980	16	0	48	4	251	149	0.0216370064706
61982	16	4	46	20	245	149	0.288282492474
61983	15	0	46	4	245	149	0.0211841046511
61986	1	2	118	2	272	149	0.00160750139505
61987	30	2	203	2	246	149	0.200814254676
61988	1	2	58	2	203	149	0.00609200973914
62001	2	0	46	2	245	149	0.213062188606
62006	16	0	21	1	229	149	0.239147730375
62013	0	207	5	291	196	149	0.731897097253
62014	438	0	1075	2	287	149	1
62015	1612	0	1783	2	266	149	1
62016	6	1040	0	1180	262	149	1
62017	1534	3	1896	2	284	149	1
62018	7	401	2	673	268	149	1
62019	581	3	1567	5	287	149	1
62020	1422	0	1699	2	255	149	1
62022	0	4	2	0	199	149	3.32500457623e-06
62026	4	2	0	2	203	149	0.000602543613916
62031	2	0	59	2	275	149	0.238897822732
62034	524	2	240	2	246	149	0.619806234677
62035	833	2	349	0	333	149	1
62036	496	2	199	0	494	149	0.639990057472
62037	645	8	253	11	284	149	0.0118682752246
62039	411	3	236	0	331	149	0.628283489672
62040	318	1	210	5	194	149	0.122908914777
62041	144	0	65	6	211	149	0.000674016780558
62043	4	271	2	168	234	149	1
62044	18	5	4	0	213	149	0.00448821702056
62045	71	331	10	146	213	149	0.000631066270833
62046	7	269	1	129	243	149	0.524338738622
62047	2	38	1	52	246	149	0.585583303776
62048	0	38	3	52	270	149	0.348209559079
62061	449	0	467	1	252	149	1
62062	449	0	458	2	252	149	1
62063	450	24	460	71	252	149	7.91993409258e-05
62064	816	24	691	71	586	149	2.45114617659e-06
62065	1349	0	899	1	2235	149	0.532432711525
62066	299	1	169	3	206	149	0.698789720443
62067	293	24	167	71	181	149	2.61099986076e-09
62068	690	1	680	3	181	149	1
62069	0	1	6	3	187	149	0.00124624135092
62070	1	24	6	71	271	149	0.251493274766
62071	1	1	12	3	271	149	0.210848984804
62072	1	24	4	71	247	149	0.475694367159
62073	1	1	3	3	247	149	1
62074	791	0	404	1	224	149	1
62076	299	24	167	71	206	149	1.60979873876e-09
62078	7	0	18	1	489	149	0.515215227095
62081	19	0	73	2	305	149	0.225399065637
62083	8	0	37	2	312	149	0.123344211721
62084	8	0	66	2	252	149	0.266778775054
62086	0	13	1	21	219	149	0.319056732692
62100	3	0	114	3	275	149	0.209916841522
62101	2	0	53	2	275	149	0.218593974636
62102	1	2	265	2	378	149	0.000343476503047
62110	0	9	2	9	314	149	0.117347884019
62114	10	0	8	15	236	149	2.19634065413e-06
62135	98	6	92	4	230	149	0.560632961265
62139	8	17	0	45	288	149	3.15142224508e-05
62140	0	17	8	45	193	149	0.00480103663173
62143	628	1	212	0	266	149	1
62144	408	0	138	10	257	149	5.11181284479e-06
62145	238	0	63	2	257	149	0.559407065541
62146	98	0	60	2	227	149	0.629832890338
62147	279	8	130	2	227	149	0.278208382506
62148	5	2	150	0	496	149	0.00120781621382
62149	5	2	160	0	491	149	0.00124175073392
62150	5	2	114	0	403	149	0.00306565760596
62151	5	2	81	0	344	149	0.00398682784883
62152	7	0	180	2	408	149	0.510558535127
62172	74	2	110	2	253	149	0.776553736937
62173	11	66	8	114	251	149	0.0891799842127
62174	11	0	7	10	251	149	6.98917099773e-06
62188	352	0	2334	2	172	149	1
62191	2	4	12	16	242	149	0.534325674589
62192	71	3	42	0	219	149	0.0981881374554
62193	7	0	4	2	227	149	0.00940400992318
62194	8	0	25	2	218	149	0.115061066758
62197	52	4	102	6	347	149	0.802438841519
62205	750	1	307	0	174	149	1
62206	505	9	203	6	784	149	0.442808148708
62207	1063	9	417	6	212	149	0.451021818855
62208	348	0	124	5	212	149	0.0166159712394
62209	456	0	175	5	239	149	0.0404268658356
62210	1156	22	454	5	239	149	0.182403757725
62212	4	30	2	48	198	149	0.161501002089
62231	25	2	41	2	188	149	0.724497268087
62237	201	0	350	2	264	149	1
62238	1	0	49	2	278	149	0.202804452291
62261	1	2	2	25	336	149	0.398811179812
62262	22	186	16	49	324	149	0.0146111735776
62263	0	7	2	48	246	149	0.655987062803
62264	7	0	105	6	337	149	0.021717397981
62265	3	0	35	1	263	149	0.265694732724
62266	7505	3	8713	5	290	149	1
62269	7968	0	8560	2	322	149	1
62270	6015	0	5541	2	345	149	1
62273	6	2	2	0	359	149	0.010437435235
62283	3	37	5	29	227	149	0.295288355115
62284	68	2	37	0	213	149	0.44656703389
62286	6	61	0	29	230	149	0.02558581015
62287	184	2	68	0	277	149	0.528419217063
62288	192	0	37	2	281	149	0.251817693088
62289	149	1	72	0	254	149	1
62290	186	2	72	0	251	149	0.531979837979
62292	100	1	34	0	312	149	0.421569131236
62293	290	1	73	0	443	149	1
62294	67	88	25	22	167	149	0.268208205295
62296	692	1	324	1	228	149	1
62298	936	68	106	8	358	149	0.891255640747
62303	21	45	19	30	313	149	0.470459678413
62306	29	0	21	2	271	149	0.0494861452373
62307	2	15	0	12	215	149	0.128504000221
62309	40	9	7	2	287	149	0.765627883546
62318	263	3	400	2	257	149	0.786728009978
62319	413	1	427	0	251	149	1
62320	603	0	563	2	317	149	1
62334	1385	1	166	0	267	149	1
62335	3	119	0	70	290	149	0.668988429434
62336	23	119	6	70	588	149	0.0599788647504
62337	1	119	1	70	213	149	1
62339	217	1	13	0	301	149	1
62340	64	0	15	6	327	149	5.27766115133e-06
62352	16	1	25	0	209	149	0.228234341305
62353	7	2	15	2	179	149	0.560987328277
62354	23	5	15	0	284	149	0.00155497259745
62355	5	1	6	0	284	149	0.3760884126
62366	16	30	11	36	515	149	0.236289687232
62367	16	17	9	18	352	149	0.230643334568
62368	16	30	9	36	352	149	0.11816911884
62369	4	1	4	0	352	149	0.0565910170245
62370	16	17	10	18	348	149	0.311619605427
62371	16	30	9	36	348	149	0.118137649627
62372	4	1	4	0	348	149	0.0573503467205
62373	0	30	1	36	269	149	0.60330502977
62374	0	17	1	18	265	149	0.323358622406
62375	0	30	1	36	265	149	0.588968815327
62376	1	16	0	5	252	149	0.297365361235
62377	260	1	73	0	261	149	1
62378	289	1	109	0	232	149	1
62380	275	4	78	0	232	149	0.370204970326
62381	247	1	69	0	225	149	1
62383	130	1	45	0	218	149	1
62392	81	2	85	0	291	149	0.474636981159
62393	93	2	78	6	215	149	0.0745568880108
62394	95	1	62	0	303	149	0.4147291858
62395	229	0	93	2	256	149	0.744439599219
62396	183	5	74	0	233	149	0.0805020354802
62398	191	4	19	2	264	149	0.338632780616
62399	56	0	34	2	260	149	0.12482992516
62400	1	0	0	2	319	149	2.08280035296e-05
62407	79	0	45	2	262	149	0.223338657014
62408	32	0	24	2	249	149	0.0678882232023
62410	854	0	339	2	276	149	1
62411	1374	14	595	4	236	149	0.368309833082
62413	1422	1	558	1	269	149	1
62414	795	3	308	0	269	149	1
62416	286	3	116	0	203	149	0.637210928332
62417	915	9	371	4	203	149	0.859414613592
62419	241	2	69	0	194	149	1
62420	20	653	0	321	193	149	0.0108034961772
62421	656	1	361	2	214	149	1
62422	9	1	34	2	199	149	0.582242087871
62423	13	8	16	3	336	149	0.0880384531253
62424	23	44	24	7	336	149	9.44531586384e-05
62425	13	90	24	49	336	149	0.00229492105996
62428	43	90	16	49	373	149	0.25890056232
62429	69	90	7	49	207	149	2.03443975269e-05
62430	39	4	8	8	207	149	0.000832698144714
62431	9	5	9	1	270	149	0.0766997826795
62432	9	61	17	15	270	149	4.51495217303e-05
62433	37	90	3	49	310	149	0.000117371739734
62434	41	4	3	8	310	149	7.14504946009e-06
62435	196	2	72	0	216	149	0.581484031934
62436	111	0	28	1	216	149	0.263604827317
62437	123	1	36	1	216	149	0.305402837897
62438	10	0	5	1	297	149	0.357788302967
62439	96	3	50	1	297	149	0.440163155605
62440	247	2	99	3	332	149	0.17940992982
62441	83	1	35	1	229	149	0.827883561343
62442	86	15	35	9	229	149	0.45754146761
62443	210	2	79	0	229	149	0.586215699737
62444	69	2	19	0	205	149	0.395942262901
62445	4	227	0	61	214	149	0.717727344227
62464	12	0	22	4	190	149	0.0083978263725
62468	15	0	10	1	254	149	0.388233179722
62469	92	2	48	0	299	149	0.394084255803
62470	101	2	51	0	348	149	0.347745534709
62473	2	65	2	11	280	149	0.25022380312
62476	2	65	0	11	241	149	0.525807716531
62477	416	5	70	3	288	149	0.243486067318
62480	529	1	89	0	360	149	1
62481	45	199	5	40	200	149	0.147656732044
62482	703	1	116	0	266	149	1
62483	0	343	2	50	276	149	0.524634103541
62484	761	2	83	0	247	149	1
62507	8	0	51	4	297	149	0.0207457501611
62508	8	0	96	4	278	149	0.0706565943298
62523	47	2	89	5	326	149	0.590412876359
62524	7	20	38	20	213	149	0.000562867965056
62528	238	8	69	0	251	149	0.0206425684123
62529	526	8	153	0	230	149	0.138811157758
62530	1	302	0	106	227	149	1
62531	233	5	67	0	252	149	0.123023833177
62533	285	0	132	1	235	149	1
62539	18	0	25	3	402	149	0.0104678528244
62541	14	0	15	1	304	149	0.322831997641
62543	53	2	27	0	290	149	0.158274677272
62544	3	50	1	27	259	149	0.422853242979
62546	1	37	0	21	256	149	0.583301264245
62547	34	0	67	1	322	149	0.322981969318
62548	24	59	7	23	273	149	0.485899028734
62549	16	59	4	23	274	149	0.357493530668
62550	0	34	3	24	433	149	0.236541502991
62551	3	1	0	4	220	149	0.000847452976745
62552	6	34	0	24	220	149	0.00576932142208
62554	419	1	97	0	237	149	1
62555	471	0	83	1	239	149	0.458304901516
62559	13	44	7	26	186	149	0.831700858193
62560	4	23	0	9	186	149	0.0230363823644
62564	1	125	0	105	193	149	1
62567	2	42	0	24	204	149	0.886717509503
62568	146	0	48	2	253	149	0.410039030422
62570	0	97	2	26	286	149	0.779094909552
62571	8	56	18	14	259	149	1.35405140811e-05
62573	162	2	36	0	244	149	0.528506253687
62574	2	31	2	31	299	149	1
62581	48	3	5	0	260	149	0.0724035132426
62588	2	0	214	3	227	149	0.510071262183
62589	7	0	339	16	321	149	0.0295023653923
62596	0	63	6	58	236	149	0.00998187388707
62600	48	0	149	1	266	149	1
62612	178	2	161	0	368	149	0.57721960584
62613	24	17	9	65	226	149	4.34090411505e-07
62616	12	1	20	0	222	149	0.233955072479
62617	8	1	14	0	419	149	0.420579683867
62631	228	0	19	2	319	149	0.0542978118335
62632	165	1	27	0	309	149	1
62634	1	0	0	5	314	149	2.96671026343e-05
62635	110	2	18	0	260	149	0.552600950207
62640	172	9	31	9	267	149	0.00202602278541
62641	526	1	102	0	347	149	1
62642	12	6	4	21	284	149	0.000447553185981
62643	115	0	66	2	241	149	0.663725198871
62644	8	1	8	0	233	149	0.512438536446
62645	26	0	10	2	212	149	0.0244665633996
62648	332	6	283	8	230	149	0.415040984394
62649	138	6	138	8	261	149	0.593965128973
62652	301	0	437	1	275	149	1
62654	99	2	75	2	368	149	0.87989808952
62655	33	4	28	0	230	149	0.00908404132827
62656	63	14	42	9	230	149	0.922875885371
62659	85	0	69	2	329	149	0.271443680249
62660	16	14	26	7	453	149	0.0306707105691
62661	26	14	35	7	321	149	0.0552357309344
62671	2767	1	3120	0	386	149	1
62677	240	1	62	0	289	149	1
62678	191	0	57	1	305	149	0.305108292648
62679	107	1	43	0	277	149	0.508619742136
62680	1	29	0	10	266	149	0.457013446658
62681	0	7	2	7	260	149	0.0690278562502
62683	4	322	0	87	169	149	0.879301010551
62684	5	322	2	87	254	149	0.632340219947
62688	7	8	0	1	325	149	0.00655582615685
62689	8	45	0	39	325	149	0.00313012606968
62690	19	45	4	39	264	149	0.00627123724887
62691	13	1	3	0	264	149	0.347538364208
62692	0	23	1	35	267	149	0.572897996922
62693	53	0	92	2	283	149	0.469600301311
62694	4	9	2	23	239	149	0.0734100282429
62695	3	38	2	35	194	149	0.647535702475
62701	0	2	1	3	215	149	0.598290039628
62703	2	0	11	16	240	149	0.00165714415503
62707	796	15	394	4	237	149	0.188494301711
62709	48	2	57	0	263	149	0.203929802316
62710	33	1	37	3	263	149	0.228101389245
62711	31	1	22	3	250	149	0.119992907578
62712	44	0	43	1	250	149	0.291922628598
62714	0	1	2	0	206	149	4.24369093814e-05
62715	1	116	0	45	206	149	1
62717	1	116	0	45	250	149	1
62719	0	1	1	0	300	149	6.78947986463e-05
62720	6	116	2	45	218	149	0.645996880632
62722	5	1	2	0	218	149	0.592827305609
62723	91	87	27	19	222	149	0.399555341649
62724	35	6	17	3	222	149	0.971928264998
62725	52	4	19	4	222	149	0.230920098565
62726	32	6	17	3	222	149	0.910350386537
62727	130	4	29	4	239	149	0.0798034070058
62728	103	20	20	2	239	149	0.218987876087
62729	49	4	13	4	235	149	0.112653019621
62730	46	20	10	2	235	149	0.211141065941
62732	2	84	0	19	192	149	0.527813688668
62733	222	6	72	3	325	149	0.866492464109
62736	431	2	91	0	343	149	1
62737	337	0	59	1	250	149	0.341874113904
62738	35	121	0	42	231	149	6.05395271591e-06
62742	0	153	3	104	233	149	0.67113286399
62744	102	1	63	0	215	149	0.689373259275
62745	247	1	114	0	252	149	1
62746	418	0	191	3	252	149	0.596893221009
62747	81	0	48	3	183	149	0.0567726368478
62773	0	34	1	11	373	149	0.300783738176
62774	640	6	300	4	214	149	0.761710439255
62775	124	11	202	12	219	149	0.403770784112
62776	504	2	390	2	297	149	1
62777	12	0	1	2	197	149	0.000604316772459
62778	882	30	345	0	289	149	4.0111879016e-05
62779	5	952	0	135	180	149	1
62780	2	4	0	5	180	149	0.025406383767
62781	1389	4	188	5	216	149	0.0714007994405
62782	459	2	61	1	216	149	0.384799929672
62783	496	4	133	2	222	149	0.819092095478
62784	669	2	246	0	210	149	1
62785	12	10	3	0	319	149	0.00136373105929
62786	154	10	135	7	232	149	0.624775975343
62787	56	10	55	7	293	149	0.515126375418
62788	3	188	0	91	262	149	1
62789	2	182	0	94	218	149	1
62791	263	1	89	0	262	149	1
62792	3606	1	1097	0	1705	149	1
62798	27	2	31	0	285	149	0.0650126919121
62806	1007	4	11	0	398	149	1
62810	8	2	4	0	1304	149	0.00132395484292
62824	2	0	123	69	275	149	0.00415150404947
62835	2169	0	2682	1	329	149	1
62848	202	3	70	0	343	149	0.243175254754
62849	306	1	122	2	343	149	0.838640709263
62851	658	0	144	2	339	149	0.638556568591
62852	14	68	5	32	295	149	0.538271129773
62854	4	0	22	1	331	149	0.257770884688
62856	5	0	5	4	425	149	0.000276630952573
62863	174	1	28	0	206	149	1
62868	23	1	2	0	376	149	0.284606640096
62869	7	3	4	2	188	149	0.879332120485
62870	3	1	2	0	295	149	0.0532387263109
62874	653	2	121	0	354	149	1
62875	595	1	124	0	266	149	1
62876	1	211	2	54	161	149	0.677420133809
62877	2	238	0	80	212	149	1
62879	111	0	128	2	221	149	0.530208076001
62880	16	65	15	86	209	149	0.415991792869
62881	9	0	7	2	209	149	0.0228702273427
62882	1	65	3	86	228	149	0.554130012339
62883	190	0	187	2	334	149	0.537774584138
62884	134	1	109	0	334	149	0.530526572994
62885	144	2	103	2	227	149	0.825500368502
62886	66	1	77	0	227	149	0.392395851926
62887	41	1	48	0	226	149	0.301465828621
62888	121	4	97	25	226	149	1.25475501415e-05
62898	9	472	1	139	263	149	0.855480629341
62899	628	7	205	0	287	149	0.197782836412
62900	1527	1	353	1	291	149	1
62901	12	906	7	163	342	149	0.351774050729
62902	1	763	0	151	307	149	1
62904	1673	1	321	0	281	149	1
62905	1918	2	366	4	260	149	0.71085377203
62906	255	1	173	4	260	149	0.113277026472
62907	0	2	1	1	326	149	0.439374064554
62909	15	137	2	19	198	149	0.775059016722
62910	133	7	10	0	231	149	0.0337852117286
62919	13	2	2	0	256	149	0.0511051871758
62923	10	1225	0	440	187	149	1
62928	201	1	49	0	317	149	1
62930	4	77	0	17	230	149	0.201357933323
62931	385	3	284	0	280	149	0.634951135227
62932	35	119	26	128	234	149	0.241725065808
62938	4	15	10	46	357	149	0.810965779807
62944	45	3	22	0	244	149	0.0547937629833
62945	2	13	0	7	272	149	0.147146315144
62946	28	11	10	7	269	149	0.316799064772
62947	6	7	0	5	292	149	0.00147979473069
62948	6	2	1	0	236	149	0.0216478596001
62949	8	7	0	5	236	149	0.000510952007648
62950	41	6	9	19	217	149	7.89936003054e-07
62951	5	44	2	8	265	149	0.761070420297
62952	4	44	2	8	247	149	0.727578640373
62953	2	66	0	51	268	149	0.540423043307
62954	70	2	28	0	464	149	0.140055993394
62955	56	4	19	1	235	149	0.495418252881
62958	11	81	3	76	245	149	0.0331198710535
62959	8	43	1	211	235	149	4.25007484161e-05
62960	10	43	2	211	249	149	4.55914528708e-06
62961	0	43	2	211	246	149	1
62962	0	1	2	1	246	149	0.00995330199293
62969	16	6	5	5	567	149	0.170051389912
62980	10	0	34	1	255	149	0.265692144801
62985	532	2	105	0	243	149	1
62986	231	0	54	1	243	149	0.332012757009
62987	0	308	1	57	272	149	1
62988	3	0	29	1	211	149	0.270537299151
62989	306	1	83	5	211	149	0.00510668397719
62991	0	6	2	15	267	149	0.175358274796
62993	8	0	20	2	294	149	0.0640301395897
62994	2	0	19	2	305	149	0.0650232358595
62995	4	2	36	4	305	149	0.18806894402
63003	0	7	1	75	324	149	1
63004	0	28	1	19	324	149	0.377230522713
63005	38	2	37	0	195	149	0.216084156616
63006	210	2	54	0	263	149	0.542880198084
63007	119	2	55	2	310	149	0.579959817813
63008	11	0	6	1	224	149	0.775928974891
63009	9	2	5	0	279	149	0.0256550990661
63010	10	2	12	0	282	149	0.0237672310433
63013	1361	0	585	3	226	149	1
63014	210	1	194	0	274	149	1
63019	20	0	42	2	270	149	0.139998505471
63022	3	53	3	31	444	149	0.60379320663
63023	3	53	3	31	322	149	0.612284350451
63024	0	2	3	2	322	149	0.00710049724449
63027	76	0	57	1	259	149	0.330767171022
63030	0	49	3	12	443	149	0.0799371241663
63047	111	2	51	0	344	149	0.417781501085
63048	16	35	3	28	242	149	0.0109301939624
63049	113	0	79	2	309	149	0.498103056018
63052	7	0	38	2	331	149	0.121069597166
63053	2	0	13	2	300	149	0.0415079298666
63056	3	0	29	3	290	149	0.0304886295915
63059	6	0	25	9	294	149	0.00177710167182
63060	2	0	28	1	294	149	0.244099949098
63061	8	0	7	8	293	149	6.10664468402e-05
63062	4	0	11	1	293	149	0.485918345935
63063	56	0	33	2	223	149	0.162394502924
63065	99	2	44	1	225	149	0.89354214407
63066	80	4	52	0	247	149	0.0357499261034
63067	58	3	26	0	247	149	0.075622179887
63068	60	1	24	0	247	149	0.34697061647
63069	28	3	14	0	258	149	0.02736255786
63070	20	1	7	0	258	149	0.228997154673
63071	49	2	41	2	258	149	0.954454086103
63072	41	4	32	0	258	149	0.0110440892319
63073	39	1	11	0	239	149	0.287165581914
63074	54	10	28	8	239	149	0.429103061619
63077	5	0	9	1	223	149	0.422837608707
63078	11	0	10	1	294	149	0.526931111399
63079	146	0	45	1	3094	149	0.256115035008
63082	154	1	32	0	233	149	1
63084	104	6	17	4	254	149	0.0948229472332
63085	4	6	3	4	314	149	0.907843411043
63086	10	14	2	2	314	149	0.932576012547
63087	14	32	3	6	314	149	0.798861667665
63088	16	32	2	6	201	149	0.467149158302
63089	2	4	2	3	201	149	0.794742978467
63090	24	25	9	6	213	149	0.434113952595
63091	10	10	1	2	234	149	0.377584241845
63092	451	4	937	16	288	149	0.15846485738
63093	78	0	16	1	215	149	0.268300279237
63094	2	26	9	8	278	149	0.000346530960989
63095	86	1	24	0	239	149	0.473509264512
63096	37	0	12	2	224	149	0.0316089664312
63098	53	0	16	1	235	149	0.405975142088
63099	2	22	1	4	350	149	0.498365887878
63104	512	8	151	0	263	149	0.0967591257323
63105	195	1	127	0	262	149	1
63111	0	24	2	16	348	149	0.577208700311
63116	2	0	8	4	242	149	0.00179046693686
63122	0	2	2	1	272	149	0.0100238478099
63129	93	1	35	0	263	149	0.466790488395
63130	71	2	17	0	247	149	0.288488025588
63131	123	5	14	1	350	149	0.501461184344
63170	307	0	184	2	244	149	0.533809042634
63171	6	169	15	103	184	149	0.00345519984813
63174	2	0	10	7	267	149	0.00185615328584
63177	75	1	62	0	231	149	0.432856737679
63178	34	51	16	37	1048	149	0.245056070628
63180	6	38	1	20	326	149	0.118653012217
63182	0	18	2	12	291	149	0.192764089684
63183	1	18	2	12	371	149	0.312681493281
63186	91	0	44	2	253	149	0.260211211985
63189	8	0	3	4	323	149	4.66934766207e-05
63191	0	1	2	0	194	149	4.17167897089e-05
63194	0	130	6	103	247	149	0.0494713335871
63195	0	2	4	2	247	149	0.000988231751445
63196	442	2	302	2	439	149	0.795703562493
63197	312	0	204	2	439	149	0.595794736196
63199	0	68	16	59	224	149	2.71199226587e-06
63200	1	68	10	59	199	149	0.000853625931683
63202	2	16	9	69	269	149	0.77363730204
63203	1	4	2	7	265	149	0.739748882934
63204	1	16	3	69	265	149	0.65294144969
63212	44	0	2	2	321	149	0.000707815905763
63214	2	132	1	73	313	149	1
63215	23	0	4	2	268	149	0.00339032267682
63216	147	2	61	0	268	149	0.540979400505
63217	220	8	161	1	310	149	0.0137930637713
63223	10	0	79	2	302	149	0.264944772929
63225	1257	10	2863	16	227	149	0.94383035637
63226	2775	10	10877	16	335	149	1
63227	1565	10	5365	16	366	149	0.396652851709
63232	196	9	103	0	217	149	0.0052728478142
63233	32	211	2	107	302	149	9.29079978597e-05
63234	409	4	121	0	267	149	0.934122024563
63235	166	206	86	44	266	149	0.000443652259947
63236	598	3	244	0	290	149	1
63237	694	7	329	2	340	149	0.352127658097
63238	650	4	295	0	295	149	0.70464814466
63239	364	4	127	1	314	149	0.448415005824
63240	557	121	206	59	314	149	0.231708535524
63242	8	121	1	59	206	149	0.0511397169928
63243	30	219	8	87	206	149	0.277310590372
63244	916	1	377	0	406	149	1
63246	3	62	2	42	344	149	0.968847802728
63247	328	5	116	2	292	149	0.819217279383
63248	261	2	146	0	230	149	0.784282313471
63249	325	1	133	0	230	149	1
63260	6	32	3	32	247	149	0.293480283495
63261	106	10	171	6	250	149	0.0627726325581
63262	33	1	85	4	250	149	0.402985767005
63263	59	2	71	0	250	149	0.349591505703
63264	96	1	111	4	248	149	0.122599498307
63265	162	1	198	6	248	149	0.0514028186858
63266	257	1	357	0	281	149	1
63267	147	0	221	5	216	149	0.102134292005
63268	124	0	213	2	195	149	0.723508249753
63269	93	3	151	6	254	149	0.660373003261
63270	41	4	19	6	222	149	0.0886221159645
63272	10	1	14	0	263	149	0.427876399977
63273	1	0	3	1	272	149	0.0612838703895
63274	4	0	8	2	272	149	0.0232854740084
63275	4	2	11	12	272	149	0.349204771888
63277	65	0	32	2	391	149	0.0559072668257
63287	2	0	20	2	279	149	0.0768758498888
63288	2	0	85	1	259	149	0.436755209821
63289	16	0	371	1	406	149	1
63292	23	0	333	2	407	149	0.5485706598
63303	715	0	50907	11	266	149	1
63304	1470	0	54769	9	272	149	1
63305	1245	0	50062	26	253	149	1
63306	888	0	22294	26	401	149	1
63307	434	0	47146	19	239	149	1
63308	370	0	16827	1	239	149	1
63309	39	0	31222	4	254	149	1
63310	578	0	63413	126	254	149	1
63311	378	0	22699	10	176	149	1
63312	3	0	515	5	361	149	0.362053382253
63314	9	0	335	1	251	149	1
63316	10	0	11	2	227	149	0.0378348731662
63318	2	11	9	2	369	149	0.000274962839749
63319	12	0	11	2	323	149	0.0229774538823
63320	2	178	0	67	243	149	1
63330	39	1	13	0	215	149	0.301113441468
63331	106	1	26	0	434	149	0.348649178163
63333	117	1	35	1	255	149	0.455108567852
63334	4	56	2	17	268	149	0.758539737452
63335	70	1	22	0	224	149	0.413358858319
63344	4	2	50	0	459	149	0.00106906467322
63345	1	2	37	0	702	149	1.64642315266e-05
63346	1	2	37	0	1207	149	4.98651169423e-06
63347	1	2	37	0	1536	149	3.27026004177e-06
63348	2	0	7	9	183	149	0.00130765754878
63349	6	0	13	9	269	149	0.000505861864242
63350	103	2	76	3	281	149	0.422701528365
63353	518	4	132	0	216	149	0.821910712147
63358	15	4	2	0	227	149	0.00391262817665
63367	22	0	16	2	264	149	0.0396000111864
63377	2	18	0	81	279	149	0.548483966667
63382	0	58	2	122	242	149	1
63383	2	58	9	122	495	149	0.227528129645
63388	213	4	122	0	220	149	0.245093138057
63389	299	1	144	0	191	149	1
63390	1	155	1	60	244	149	1
63391	344	0	161	2	308	149	0.552806420503
63392	191	0	77	2	308	149	0.572416467929
63393	324	0	103	2	294	149	0.795625773853
63395	35	0	4	1	294	149	0.133635550818
63396	478	1	185	0	294	149	1
63425	6	0	221	3	246	149	0.477471979132
63433	13	34	0	9	275	149	0.00207143179965
63434	23	0	24	1	258	149	0.239762788128
63438	0	1	9	6	183	149	0.00258951853738
63439	128	1	444	6	195	149	0.468052332407
63440	2	785	0	645	200	149	1
63441	13	52	3	44	280	149	0.0221471652551
63442	13	52	3	44	276	149	0.0221411671998
63443	238	1	75	0	241	149	1
63446	180	0	137	1	209	149	1
63447	39	1	23	0	280	149	0.272303841857
63448	33	0	22	2	280	149	0.0488186932094
63449	35	170	21	134	280	149	0.386204816482
63450	1	0	0	2	218	149	2.94064263867e-05
63451	4	170	0	134	218	149	0.758296873913
63452	4	0	3	2	218	149	0.00754370128325
63453	9	2	3	1	218	149	0.732207350352
63454	11	0	29	1	380	149	0.231628150262
63462	264	176	356	113	188	149	0.000229473820135
63463	116	18	148	10	188	149	0.0480030534994
63465	135	0	150	3	741	149	0.0439235757225
63469	0	4	2	16	245	149	0.186170748168
63473	52	0	19	1	276	149	0.441084788068
63474	39	1	11	0	231	149	0.290020889627
63478	235	3	102	0	311	149	0.436807193847
63479	83	4	7	3	226	149	0.0377362521146
63480	137	4	30	0	226	149	0.138431116797
63481	3	116	0	34	272	149	0.636186887339
63482	12	92	4	34	227	149	0.715186468096
63483	230	4	56	1	289	149	0.770766608579
63485	13	82	6	28	247	149	0.756144428504
63486	13	82	4	28	267	149	0.730210288224
63497	1689	1	677	1	310	149	1
63498	3048	2	1487	5	293	149	1
63499	2626	7	1129	3	254	149	1
63500	685	1	270	0	220	149	1
63501	1109	2	467	0	270	149	1
63502	2396	2	1030	0	266	149	1
63503	1969	3	910	0	271	149	1
63507	3	49	1	27	274	149	0.407780784089
63516	60	0	219	2	329	149	0.528826797035
63517	126	12	161	14	210	149	0.848691974776
63522	63	0	47	1	304	149	0.283510309671
63524	16	2	10	0	185	149	0.0770918929914
63531	19	8	15	2	452	149	0.107833742681
63534	130	3	103	3	229	149	0.805997198258
63535	2	6	1	8	293	149	0.351674290744
63536	6	1	10	0	291	149	0.499926961928
63537	6	7	18	17	291	149	0.697068436049
63539	0	7	2	17	196	149	0.145976852092
63543	6	15	9	9	210	149	0.159243324357
63547	4	0	7	2	234	149	0.0239763064238
63552	165	6	40	6	185	149	0.0370846153053
63554	180	7	67	2	174	149	0.523096947863
63556	42	2	66	2	248	149	0.743894297937
63565	650	3	568	0	223	149	1
63566	331	1	199	0	223	149	1
63567	377	1	199	0	230	149	1
63568	694	1	567	0	230	149	1
63571	14	0	72	1	220	149	0.435609321245
63572	92	0	160	1	224	149	1
63573	52	81	9	88	349	149	6.22379582094e-07
63574	564	1	103	0	258	149	1
63577	0	4	24	0	397	149	3.26151672336e-09
63578	9	1	12	0	245	149	0.450172304985
63582	6564	5	891	3	321	149	1
63583	96	1	117	0	250	149	0.505365604569
63584	132	0	135	2	336	149	0.675113000155
63591	41	180	0	3	255	149	0.0168028940462
63592	30	276	0	2	255	149	0.0531349678635
63593	319	4	2	0	238	149	0.49404796937
63594	355	0	2	1	238	149	0.772467399073
63596	4	34	0	5	220	149	0.0680383533811
63600	6	125	4	898	345	149	0.327442269001
63601	2	3	0	2	299	149	0.043741712759
63604	1	125	17	898	425	149	1
63605	1	31	15	80	425	149	0.00962624552496
63606	1	125	16	898	364	149	1
63608	609	0	1428	2	323	149	1
63611	1369	0	1699	2	223	149	1
63617	3089	1	4565	1	208	149	1
63618	3056	1	4087	0	231	149	1
63619	5	2305	2	2650	251	149	1
63620	3	2305	0	2650	213	149	1
63624	1234	2	4086	0	269	149	1
63625	1229	2	2045	0	265	149	1
63626	3592	0	5423	1	276	149	1
63627	2287	0	3033	1	270	149	1
63668	5	12	2	4	341	149	0.76624872682
63669	6	3	0	3	216	149	0.000445368000053
63670	13	2	9	0	401	149	0.0236385766754
63673	4	2	0	1	207	149	0.000798135188483
63676	2	4	0	2	210	149	0.0386420456262
63677	12	0	22	14	216	149	7.14559949136e-05
63679	2	2	2	14	210	149	0.187337461691
63680	8	31	7	22	235	149	0.78293116397
63681	2	31	2	22	231	149	0.819916357278
63682	130	0	56	2	540	149	0.0900472153294
63683	161	0	78	2	361	149	0.453321838945
63684	58	1	61	0	247	149	0.340992402823
63686	3	86	0	6	264	149	0.673395906233
63687	154	2	22	0	349	149	0.60013092009
63688	240	2	28	0	344	149	0.528934774469
63691	6	0	0	4	294	149	3.06435203545e-07
63692	885	1	199	0	245	149	1
63693	48	581	12	105	266	149	0.515164493213
63694	589	2	138	0	207	149	1
63695	340	1	139	0	194	149	1
63696	519	1	207	0	296	149	1
63697	493	1	148	0	236	149	1
63700	45	0	57	9	267	149	0.000258362014518
63701	69	1	38	2	221	149	0.254438748826
63702	59	2	42	0	206	149	0.401735002629
63703	106	2	49	0	276	149	0.654828216691
63704	70	2	34	0	279	149	0.262911043816
63705	4	58	4	24	212	149	0.308872720053
63706	51	14	22	7	185	149	0.80683275987
63709	26	47	1	2	233	149	0.78717213433
63710	90	4	2	0	239	149	0.0870783237671
63711	43	39	3	0	239	149	0.00140084355746
63712	8	15	0	1	230	149	0.00890772436489
63713	8	7	0	4	339	149	0.00113862863863
63714	3	3	2	3	235	149	0.698611102956
63721	145	190	6	0	1584	149	0.000229863826807
63735	55	190	1	0	298	149	0.00517955656348
63736	59	1	1	0	298	149	0.311722417382
63747	494	46	123	5	350	149	0.0431901543873
63748	203	0	41	1	241	149	0.29082433563
63754	0	2	6	6	282	149	0.00300978922113
63756	524	0	220	1	293	149	1
63757	345	5	158	1	223	149	0.354343179092
63758	465	0	354	2	437	149	0.54650373166
63760	0	1	2	1	207	149	0.0072329617273
63765	2	0	0	6	401	149	7.90535208961e-06
63766	829	2	210	5	599	149	0.00612799052695
63767	343	2	94	0	233	149	1
63769	786	0	226	1	449	149	0.784680976197
63771	456	673	176	729	367	149	3.0903807291e-09
63772	2480	0	1210	2	363	149	1
63773	1080	0	900	1	268	149	1
63777	0	1	3	0	209	149	2.46153644193e-05
63783	2	0	18	2	369	149	0.0478067760006
63784	119	2	110	0	250	149	0.581252636183
63785	95	2	77	1	182	149	0.516885886032
63787	3	0	524	1	303	149	1
63794	0	47	2	166	408	149	1
63799	28	1	24	1	276	149	0.944779783498
63801	1878	2	861	0	317	149	1
63802	2159	0	1162	1	248	149	1
63803	0	1076	1	604	220	149	1
63804	28	1088	15	714	214	149	0.530239029561
63806	203	0	124	2	308	149	0.672991184481
63807	223	2	160	0	281	149	0.541802106223
63808	190	1	116	2	207	149	0.534712244023
63809	388	1	171	0	320	149	1
63810	2	20	3	16	289	149	0.481766168503
63811	233	1	115	2	292	149	0.876065572805
63812	125	4	53	0	254	149	0.0816174782294
63820	5	42	28	64	274	149	0.00509532838841
63821	400	2	190	2	506	149	0.601126382091
63822	8	59	16	27	185	149	0.00248735052733
63823	87	2	52	0	246	149	0.610806186224
63824	59	2	44	1	243	149	0.55907436808
63825	3	4	3	13	311	149	0.309088622686
63826	0	1	2	0	311	149	4.4581692398e-05
63827	3	4	6	1	311	149	0.044383408022
63828	83	1	35	0	271	149	0.407237916457
63829	82	0	24	1	271	149	0.276282187089
63830	14	79	24	63	512	149	0.0503333887174
63831	129	2	85	0	214	149	0.534181562316
63832	139	1	77	0	216	149	1
63833	5	129	4	55	314	149	0.485455321806
63834	329	2	168	1	312	149	0.883323176209
63842	67	0	58	5	266	149	0.00389451429571
63845	345	1	130	0	283	149	1
63846	422	1	90	0	240	149	1
63847	562	1	175	2	353	149	0.569646590612
63849	498	0	122	2	235	149	0.553166143151
63850	321	4	108	3	239	149	0.471345575225
63851	12	147	0	75	257	149	0.00480161607414
63853	345	0	87	1	245	149	0.467698415832
63863	194	0	128	2	264	149	0.575666407608
63864	1	62	2	41	471	149	0.560846111302
63865	1	62	3	41	397	149	0.537661156237
63866	105	0	59	1	230	149	0.36295712026
63868	42	6	22	1	230	149	0.130282937159
63871	4	6	0	1	847	149	0.0563100934144
63896	36	0	24	1	223	149	0.249065798163
63897	4	0	50	4	276	149	0.0245046430998
63900	0	2	2	0	308	149	1.42380324415e-05
63902	256	4	88	3	227	149	0.489753093722
63922	4	1	7	0	267	149	0.299046545156
63933	110	2	56	0	187	149	0.52745128572
63947	78	2	32	0	213	149	0.541934695105
63956	26	1	194	11	197	149	0.399483062336
63958	5	0	61	1	200	149	0.405659611425
63960	505	0	676	4	1727	149	0.0406359657248
63963	10	15	2	12	245	149	0.048383824063
63965	124	0	67	60	350	149	0
63966	122	0	70	2	350	149	0.310048847826
63967	18	0	7	14	311	149	2.85123847865e-08
63971	2	0	0	2	325	149	1.37148251739e-05
63974	1	0	0	2	322	149	2.06274768761e-05
63979	54	25	17	19	431	149	0.0338854973222
63980	61	176	78	61	869	149	8.36008975824e-07
63981	204	25	71	19	179	149	0.0372144067912
63982	847	1	387	0	582	149	1
63986	44	0	106	1	258	149	0.545490033128
63988	711	1	250	0	1793	149	0.523860943431
63990	1	24	0	13	251	149	0.373012944325
63991	7	24	5	13	329	149	0.788386360308
63992	130	4	42	2	374	149	0.771802848759
63993	25	56	1	12	224	149	0.01491701763
63994	68	0	46	3	257	149	0.0274648311731
63995	1	133	0	54	226	149	1
63996	127	2	72	2	303	149	0.691487379765
63997	210	0	180	1	276	149	1
63998	243	1	108	4	240	149	0.0442980282986
63999	458	0	140	1	283	149	0.75969305542
64014	2	1659	0	1142	286	149	1
64015	720	0	434	2	198	149	1
64016	1792	15	1440	19	198	149	0.228416463972
64018	788	2	266	0	274	149	1
64019	233	2	56	0	214	149	0.719307590573
64020	4	3	4	0	299	149	0.00082745441928
64032	6	1	10	0	295	149	0.486853778554
64035	10	0	1	5	283	149	1.04615802143e-06
64041	0	2	8	0	290	149	1.2079592252e-06
64045	77	2	68	0	304	149	0.337484754105
64046	102	1	80	2	408	149	0.34287460937
64047	151	0	66	2	263	149	0.579041421908
64048	113	8	55	0	303	149	0.0026667533595
64049	66	1	41	0	187	149	0.464836400477
64050	146	0	48	1	275	149	0.297856486988
64051	124	1	42	0	231	149	1
64053	75	2	1	0	206	149	0.375012671276
64054	38	5	3	0	236	149	0.0121670367402
64055	583	6	59	0	240	149	0.479608843504
64057	11	0	1	11	212	149	5.05977182375e-09
64061	101	0	60	2	332	149	0.240888701539
64062	53	1	49	0	245	149	0.327981683307
64063	8	23	3	35	270	149	0.0361011191504
64064	73	0	49	3	210	149	0.0447355236828
64065	1	125	0	45	227	149	1
64066	248	2	88	0	250	149	0.63096495361
64067	268	1	78	0	246	149	1
64068	485	0	284	2	245	149	0.836819262459
64069	12299	2	1023	0	927	149	1
64070	151	5	186	1	413	149	0.0284807338253
64071	32	4	9	27	203	149	1.0100754011e-08
64072	0	2	2	12	185	149	0.113112709973
64073	17	165	4	28	185	149	0.830085732459
64074	132	165	30	28	244	149	0.384222676253
64075	130	17	22	4	244	149	0.831821910969
64078	4	0	0	18	256	149	6.05955290389e-08
64088	0	7	2	16	242	149	0.165896768036
64096	2668	0	1132	1	277	149	1
64097	1911	1	806	3	261	149	1
64098	3157	6	1282	0	321	149	1
64103	2	0	4	2	478	149	0.00306007707811
64109	138	0	143	15	295	149	6.03751769146e-06
64111	11	1	20	0	276	149	0.289949981118
64112	8	2	7	5	245	149	0.219719521346
64115	159	1	24	0	245	149	1
64116	228	2	19	0	199	149	0.804083247663
64117	263	1	19	0	257	149	1
64120	0	228	2	77	245	149	0.555900949341
64121	376	0	151	2	313	149	0.578687073148
64122	417	0	96	1	226	149	0.568678371714
64124	15	203	11	54	208	149	0.0370347231828
64125	50	203	25	54	188	149	0.0595961082601
64126	3	138	5	66	275	149	0.0980967497189
64127	1	7	3	10	275	149	0.327500958823
64128	98	1	14	0	257	149	0.501675567588
64129	91	0	19	2	239	149	0.0842692097065
64142	465	2	135	0	611	149	0.536087427807
64143	205	0	122	1	294	149	0.552213461382
64144	156	12	58	2	243	149	0.150389736432
64145	53	0	23	2	243	149	0.0794206726641
64156	2	0	51	4	305	149	0.021868561657
64158	6	0	5	23	251	149	1.62237877999e-06
64159	1	0	8	23	272	149	0.00447684880655
64160	0	37	5	26	207	149	0.00420224594391
64162	19	4	20	0	284	149	0.00219634126283
64163	17	4	19	0	287	149	0.00171102037969
64190	10	0	361	1	310	149	1
64193	10	0	247	6	174	149	0.222772951765
64195	6	3	12	101	215	149	0.000405150641916
64196	95	0	688	2	271	149	1
64197	503	0	954	4	308	149	1
64199	10	1	119	0	322	149	0.849383743602
64203	2	2	0	2	247	149	0.0209169340148
64206	4	0	11	1	426	149	0.687261588756
64207	2	0	34	1	228	149	0.276050532136
64212	4	7	4	1	194	149	0.0400888678935
