ID	IJC_SAMPLE_1	SJC_SAMPLE_1	IJC_SAMPLE_2	SJC_SAMPLE_2	IncFormLen	SkipFormLen	PValue
1	0,0,0,0,0	0,185,0,0,2	0,0,0,0,11,0,0,0,0,0,27,0,0,0,9,2	0,0,0,0,1153,0,0,0,4,0,3553,0,0,0,118,168	197	149	1
2	0,9,0,0,0	0,78,0,0,0	0,0,0,0,39,0,0,0,0,0,73,0,0,0,0,0	0,0,0,0,385,0,0,0,0,0,993,0,0,0,8,7	442	149	1
5	0,192,0,0,0	0,979,0,0,6	0,0,0,0,47,0,0,0,0,0,114,0,0,0,0,14	0,0,0,0,148,0,0,0,0,0,672,0,0,0,0,38	152	149	1
7	0,4,0,0,0	0,194,0,0,6	0,0,0,0,23,0,0,0,0,0,11,0,0,0,0,0	0,0,0,0,868,0,0,0,0,2,464,0,0,0,0,20	192	149	1
13	0,10,0,0,0	0,204,0,0,2	0,0,0,0,26,0,0,0,0,0,29,0,0,0,0,1	0,0,0,0,620,0,0,0,0,2,558,0,0,0,132,27	204	149	1
14	0,29,0,0,0	0,489,0,0,0	0,0,0,0,18,0,0,0,0,0,24,0,0,0,0,12	0,0,0,0,1553,0,0,0,0,0,825,0,0,0,81,26	370	149	1
17	0,176,0,0,4	0,0,0,0,0	0,0,0,0,659,0,0,0,0,2,510,0,0,0,36,67	0,0,0,0,0,0,0,0,0,0,4,0,0,0,0,0	2480	149	1
18	0,194,0,0,0	0,956,0,0,0	0,0,0,0,200,0,0,0,0,0,32,0,0,0,0,14	0,0,0,0,592,0,0,0,0,0,751,0,0,0,113,26	378	149	1
20	0,5,0,0,0	0,67,0,0,0	0,0,0,0,5,0,0,0,0,0,8,0,0,0,8,0	0,0,0,0,16,0,0,0,0,0,78,0,0,0,60,3	374	149	1
21	0,3,0,0,0	0,0,0,0,0	0,0,0,0,17,0,0,0,0,0,1,0,0,0,2,3	0,0,0,0,0,0,0,0,0,0,3,0,0,0,0,0	198	149	1
22	0,3,0,0,0	0,5,0,0,0	0,0,0,0,17,0,0,0,0,0,3,0,0,0,2,4	0,0,0,0,0,0,0,0,0,0,0,0,0,0,5,0	198	149	1
23	0,4,0,0,0	0,6,0,0,0	0,0,0,0,66,0,0,0,0,0,10,0,0,0,7,11	0,0,0,0,18,0,0,0,0,0,33,0,0,0,16,8	198	149	1
25	0,29,0,0,0	0,1925,0,0,2	0,0,0,0,11,0,0,0,0,0,26,0,0,0,3,0	0,0,0,0,1753,0,0,2,2,2,2663,0,0,0,670,128	166	149	1
32	0,71,0,0,0	0,9,0,0,0	0,0,0,0,41,0,0,0,0,0,66,0,0,0,8,0	0,0,0,0,32,0,0,0,0,0,12,0,0,0,0,0	215	149	1
46	0,13,0,0,0	0,13,0,0,0	0,0,0,0,101,0,0,0,0,0,37,0,0,0,0,3	0,0,0,0,59,0,0,0,0,0,61,0,0,0,0,5	845	149	1
47	0,99,0,0,0	0,0,0,0,0	0,0,0,0,58,0,0,0,2,0,25,0,0,0,2,4	0,0,0,0,0,0,0,0,0,0,0,0,0,0,0,1	155	149	1
48	0,53,0,0,0	0,3,0,0,0	0,0,0,0,31,0,0,0,0,0,4,0,0,0,8,13	0,0,0,0,0,0,0,0,0,0,0,0,0,0,0,1	193	149	1
49	0,40,0,0,0	0,181,0,0,0	0,0,0,0,26,0,0,0,0,0,54,0,0,0,7,3	0,0,0,0,201,0,0,0,0,0,230,0,0,0,14,31	152	149	1
52	0,5,0,0,0	0,4,0,0,0	0,0,0,0,24,0,0,0,0,0,32,0,0,0,11,12	0,0,0,0,97,0,0,0,0,0,79,0,0,0,3,15	152	149	1
53	0,16,0,0,0	0,125,0,0,0	0,0,0,0,38,0,0,0,0,0,2,0,0,0,16,8	0,0,0,0,177,0,0,0,0,0,165,0,0,0,136,69	152	149	1
54	0,46,0,0,0	0,582,0,0,0	0,0,0,0,0,0,0,0,0,0,23,0,0,0,0,3	0,0,0,0,325,0,0,0,0,0,343,0,0,0,35,30	152	149	1
55	0,7,0,0,0	0,759,0,0,0	0,0,0,0,0,0,0,0,0,0,10,0,0,0,0,1	0,0,0,0,199,0,0,0,0,0,342,0,0,0,1,35	170	149	1
56	0,963,0,0,0	0,17,0,0,0	0,0,0,0,195,0,0,0,0,0,328,0,0,0,19,19	0,0,0,0,0,0,0,0,0,0,0,0,0,0,0,0	153	149	1
57	0,10,0,0,0	0,0,0,0,0	0,0,0,0,100,0,0,0,0,0,6,0,0,0,0,0	0,0,0,0,0,0,0,0,0,0,9,0,0,0,0,0	235	149	1
59	0,1015,0,0,0	0,0,0,0,0	0,0,0,0,2064,0,0,0,0,4,1054,0,0,0,104,220	0,0,0,0,0,0,0,0,0,0,3,0,0,0,0,5	2008	149	1
60	0,39,0,0,0	0,0,0,0,0	0,0,0,0,99,0,0,0,0,0,44,0,0,0,27,10	0,0,0,0,0,0,0,0,0,0,0,0,0,0,0,3	153	149	1
61	0,449,0,0,0	0,0,0,0,0	0,0,0,0,870,0,0,0,0,0,365,0,0,0,39,145	0,0,0,0,0,0,0,0,0,0,1,0,0,0,0,0	401	149	1
64	0,2,0,0,0	0,2,0,0,0	0,0,0,0,7,0,0,0,0,0,7,0,0,0,1,3	0,0,0,0,0,0,0,0,0,0,7,0,0,0,2,11	152	149	1
66	0,0,0,0,0	0,2,0,0,0	0,0,0,0,16,0,0,0,0,0,0,0,0,0,0,0	0,0,0,0,59,0,0,0,0,0,23,0,0,0,0,0	200	149	1
68	0,0,0,0,0	0,22,2,0,0	0,0,0,0,0,0,0,0,0,0,0,0,0,0,14,4	0,0,0,0,118,2,0,0,0,0,85,0,0,0,52,15	200	149	1
69	0,25,0,0,0	0,102,0,0,2	0,0,0,0,20,0,0,0,0,0,18,0,0,0,0,16	0,0,0,0,361,0,0,0,0,0,424,0,0,0,45,53	309	149	1
70	0,22,0,0,0	0,4,0,0,0	0,0,0,0,14,0,0,0,0,0,24,0,0,0,1,1	0,0,0,0,23,0,0,0,0,0,9,0,0,0,12,1	182	149	1
73	0,618,0,0,0	0,0,0,0,0	0,0,0,0,462,0,0,2,0,0,200,0,0,0,99,59	0,0,0,0,25,0,0,0,0,0,6,0,0,0,5,1	463	149	1
74	0,0,0,0,0	0,6,0,0,0	0,0,0,0,0,0,0,0,0,0,5,0,0,0,3,0	0,0,0,0,20,0,0,0,0,0,90,0,0,0,134,13	191	149	1
76	0,23,0,0,0	0,2,0,0,2	0,0,0,0,90,0,0,0,0,0,82,0,0,0,10,5	0,0,0,0,25,0,0,0,0,0,21,0,0,0,24,0	235	149	1
77	0,44,0,0,0	0,10,0,0,0	0,0,0,0,192,0,0,0,0,0,126,0,0,0,1,13	0,0,0,0,0,0,0,0,0,0,14,0,0,0,0,1	428	149	1
78	0,446,0,0,0	0,0,0,0,0	0,0,0,0,534,0,0,2,0,0,695,0,0,0,18,57	0,0,0,0,0,0,0,0,0,0,7,0,0,0,0,0	152	149	1
79	0,0,0,0,0	0,160,0,0,0	0,0,0,0,0,0,0,0,0,0,2,0,0,0,0,0	0,0,0,0,299,0,0,0,0,0,500,0,0,0,11,18	212	149	1
80	0,210,0,0,0	0,0,0,0,0	0,0,0,0,467,0,0,0,0,0,342,0,0,0,174,126	0,0,0,0,7,0,0,0,0,0,0,0,0,0,0,0	644	149	1
81	0,16,0,0,0	0,146,0,0,0	0,0,0,0,52,0,0,0,0,0,16,0,0,0,0,0	0,0,0,0,318,0,0,0,0,0,379,0,0,0,74,4	266	149	1
84	0,15,0,0,2	0,0,0,0,0	0,0,0,0,185,0,0,0,0,0,112,0,0,0,13,7	0,0,0,0,4,0,0,0,0,0,0,0,0,0,0,0	154	149	1
85	0,10,0,0,0	0,0,0,0,0	0,0,0,0,133,0,0,0,0,0,59,0,0,0,0,10	0,0,0,0,36,0,0,0,0,0,2,0,0,0,0,0	154	149	1
88	0,4,0,0,0	0,21,0,0,0	0,0,0,0,2,0,0,0,0,0,0,0,0,0,0,0	0,0,0,0,104,0,0,0,2,0,30,0,0,0,0,12	167	149	1
92	0,3,0,0,0	0,15,0,0,0	0,0,0,0,0,0,0,0,0,0,6,0,0,0,5,0	0,0,0,0,0,0,0,0,2,0,6,0,0,0,23,1	176	149	1
93	0,9,0,0,0	0,0,0,0,0	0,0,0,0,0,0,0,0,0,0,11,0,0,0,14,3	0,0,0,0,22,0,0,0,0,0,0,0,0,0,28,2	271	149	1
94	0,21,0,0,0	0,0,0,0,0	0,0,0,0,0,0,0,0,2,0,11,0,0,0,32,4	0,0,0,0,22,0,0,0,0,0,0,0,0,0,28,2	244	149	1
95	0,11,0,0,0	0,51,0,0,0	0,0,0,0,0,0,0,0,0,0,1,0,0,0,6,0	0,0,0,0,52,0,0,1,0,0,38,0,0,0,9,7	232	149	1
98	0,17,0,0,0	0,0,0,0,0	0,0,0,0,0,0,0,0,0,0,0,0,0,0,0,0	0,0,0,0,12,0,0,0,0,0,8,0,0,0,0,2	214	149	1
100	0,71,0,0,0	0,0,0,0,0	0,0,0,0,220,0,0,0,0,0,458,0,0,0,34,3	0,0,0,0,0,0,0,0,0,0,12,0,0,0,0,0	161	149	1
101	0,0,0,0,0	0,3,0,0,0	0,0,0,0,0,0,0,0,0,0,1,0,0,0,0,0	0,0,0,0,117,0,0,0,0,0,51,0,0,0,0,0	195	149	1
104	0,2,0,0,0	0,8,0,0,0	0,0,0,0,0,0,0,0,0,0,24,0,0,0,0,0	0,0,0,0,23,0,0,0,0,0,34,0,0,0,3,0	193	149	1
105	0,4,0,0,0	0,5,0,0,0	0,0,0,0,0,0,0,0,0,0,12,0,0,0,0,0	0,0,0,0,19,0,0,0,0,0,12,0,0,0,0,0	193	149	1
106	0,6,0,0,0	0,13,0,0,0	0,0,0,0,32,0,0,0,0,0,5,0,0,0,0,0	0,0,0,0,89,0,0,0,0,0,55,0,0,0,0,5	152	149	1
107	0,0,0,0,0	0,7,0,0,0	0,0,0,0,0,0,0,0,0,0,2,0,0,0,1,0	0,0,0,0,64,0,0,0,0,0,9,0,0,0,33,17	166	149	1
110	0,99,0,0,0	0,0,0,0,0	0,0,0,0,1122,2,0,1,0,0,981,0,0,0,309,29	0,0,0,0,0,0,0,0,0,0,3,0,0,0,0,0	155	149	1
111	0,17,0,0,0	0,131,0,0,0	0,0,0,0,67,0,0,0,0,0,73,0,0,0,25,0	0,0,0,0,1266,2,0,1,0,0,1163,0,0,0,395,33	152	149	1
113	0,30,0,0,0	0,43,0,0,0	0,0,0,0,165,0,0,0,0,0,190,0,0,0,57,4	0,0,0,0,211,0,0,0,0,0,277,0,0,0,45,1	152	149	1
114	0,353,0,0,0	0,0,0,0,0	0,0,0,0,827,0,0,0,0,0,780,0,0,0,238,22	0,0,0,0,8,0,0,0,0,0,0,0,0,0,0,0	161	149	1
116	0,48,0,0,0	0,0,0,0,0	0,0,0,0,134,0,0,0,0,0,50,0,0,0,73,38	0,0,0,0,11,0,0,0,0,0,2,0,0,0,0,1	182	149	1
117	0,2,0,0,0	0,0,0,0,0	0,0,0,0,1,0,0,0,0,0,22,0,0,0,9,2	0,0,0,0,0,0,0,0,0,0,0,0,0,0,0,1	235	149	1
119	0,0,0,0,0	0,16,0,0,0	0,0,0,0,0,0,0,0,0,0,1,0,0,0,0,0	0,0,0,0,20,0,0,0,0,0,27,0,0,0,15,5	258	149	1
128	0,7,0,0,0	0,12,0,0,0	0,0,0,0,5,0,0,0,0,0,74,0,0,0,10,16	0,0,0,0,26,0,0,0,0,0,223,0,0,0,63,28	152	149	1
129	0,25,0,0,0	0,0,0,0,0	0,0,0,0,14,0,0,4,0,0,141,0,0,0,73,8	0,0,0,0,0,0,0,0,2,0,104,0,0,0,30,2	257	149	1
130	0,3,0,0,0	0,8,0,0,0	0,0,0,0,0,0,0,0,0,0,6,0,0,0,9,1	0,0,0,0,0,0,0,0,0,0,9,0,0,0,51,0	152	149	1
131	0,23,0,0,0	0,0,0,0,0	0,0,0,0,14,0,0,4,0,0,141,0,0,0,73,7	0,0,0,0,0,0,0,0,0,0,0,0,0,0,3,0	257	149	1
132	0,56,0,0,0	0,64,0,0,0	0,0,0,0,37,0,0,5,0,0,237,0,0,0,173,22	0,0,0,0,7,0,0,0,0,0,213,0,0,0,75,19	257	149	1
133	0,16,0,0,0	0,4,0,0,0	0,0,0,0,18,0,0,0,0,0,106,0,0,0,27,1	0,0,0,0,0,0,0,0,0,0,12,0,0,0,15,0	190	149	1
134	0,36,0,0,0	0,9,0,0,0	0,0,0,0,17,0,0,2,0,0,312,0,0,0,69,2	0,0,0,0,18,0,0,0,0,0,82,0,0,0,1,0	152	149	1
135	0,2,0,0,0	0,127,0,0,2	0,0,0,0,5,0,0,0,0,0,33,0,0,0,14,3	0,0,0,0,120,0,0,2,0,0,567,0,0,0,129,29	171	149	1
136	0,16,0,0,2	0,196,0,0,0	0,0,0,0,18,0,0,0,0,0,48,0,0,0,2,5	0,0,0,0,244,0,0,2,0,0,263,0,0,0,119,28	152	149	1
139	0,7,0,0,0	0,0,0,0,0	0,0,0,0,30,0,0,0,0,0,36,0,0,0,67,5	0,0,0,0,11,0,0,0,0,0,3,0,0,0,7,0	153	149	1
140	0,0,0,0,0	0,9,0,0,0	0,0,0,0,0,0,0,0,0,0,2,0,0,0,0,0	0,0,0,0,12,0,0,0,0,0,35,0,0,0,1,1	485	149	1
142	0,6,0,0,0	0,16,0,0,0	0,0,0,0,0,0,0,0,0,0,2,0,0,0,0,0	0,0,0,0,0,0,0,0,0,0,0,0,0,0,0,0	224	149	1
143	0,0,0,0,0	0,2,0,0,0	0,0,0,0,10,0,0,0,0,0,1,0,0,0,0,0	0,0,0,0,15,0,0,0,0,2,44,0,0,0,3,1	587	149	1
146	0,13,0,0,0	0,737,0,0,0	0,0,0,0,0,0,0,0,0,0,7,0,0,0,0,1	0,0,0,0,104,0,0,0,0,0,292,0,0,0,0,46	170	149	1
155	0,225,0,0,0	0,4,0,0,0	0,0,0,0,377,0,0,0,0,0,22,0,0,0,26,0	0,0,0,0,0,0,0,0,0,0,8,0,0,0,0,0	753	149	1
157	0,4,0,0,0	0,26,0,0,0	0,0,0,0,0,0,0,0,0,0,0,0,0,0,0,0	0,0,0,0,46,0,0,0,0,0,15,0,0,0,1,0	197	149	1
158	0,3,0,0,0	0,11,0,0,0	0,0,0,0,14,0,0,0,0,0,0,0,0,0,0,0	0,0,0,0,69,0,0,0,0,0,4,0,0,0,0,0	188	149	1
166	0,7,0,0,0	0,0,0,0,0	0,0,0,0,104,0,0,0,0,0,112,0,0,0,6,2	0,0,0,0,0,0,0,0,0,0,2,0,0,0,0,0	160	149	1
170	0,6,0,0,0	0,1,0,0,0	0,0,0,0,0,0,0,0,0,0,2,0,0,0,0,3	0,0,0,0,37,0,0,0,0,0,20,0,0,0,9,2	152	149	1
171	0,606,0,0,2	0,168,0,0,0	0,0,0,0,1453,0,0,2,6,0,451,0,0,0,286,72	0,0,0,0,190,0,0,0,0,0,101,0,0,0,11,19	2845	149	1
173	0,3,0,0,0	0,0,0,0,0	0,0,0,0,0,0,0,0,0,0,0,0,0,0,0,0	0,0,0,0,0,0,0,1,0,0,4,0,0,0,7,8	395	149	1
175	0,1,0,0,0	0,4,0,0,0	0,0,0,0,0,0,0,0,0,0,4,0,0,0,0,0	0,0,0,0,15,0,0,0,0,0,20,0,0,0,0,4	197	149	1
176	0,29,0,0,0	0,290,0,0,0	0,0,0,0,20,0,0,0,0,0,6,0,0,0,0,3	0,0,0,0,215,0,0,2,0,0,282,0,0,0,50,6	837	149	1
178	0,13,0,0,0	0,0,0,0,0	0,0,0,0,64,0,0,0,2,0,117,0,0,0,84,7	0,0,0,0,0,0,0,0,0,0,0,0,0,0,4,0	182	149	1
180	0,596,0,0,0	0,9,0,0,0	0,0,0,0,567,0,0,0,0,0,488,0,0,0,11,34	0,0,0,0,5,0,0,0,0,0,12,0,0,0,0,1	239	149	1
182	0,61,0,0,0	0,19,0,0,0	0,0,0,0,563,0,0,0,0,0,41,0,0,0,0,0	0,0,0,0,33,0,0,0,0,0,50,0,0,0,0,0	600	149	1
183	0,0,0,0,0	0,14,0,0,0	0,0,0,0,19,0,0,0,0,0,2,0,0,0,0,0	0,0,0,0,94,0,0,0,0,0,23,0,0,0,0,0	256	149	1
194	0,20,0,0,0	0,2,0,0,0	0,0,0,0,39,0,0,0,0,0,179,0,0,0,90,17	0,0,0,0,20,0,0,0,2,0,96,0,0,0,51,9	184	149	1
201	0,0,0,0,0	0,0,2,0,0	0,0,0,0,24,0,0,0,0,0,1,0,0,0,4,0	0,0,0,0,0,0,0,0,0,0,0,0,0,0,1,0	236	149	1
202	0,0,0,0,0	0,0,2,0,0	0,0,0,0,24,0,0,0,0,0,0,0,0,0,13,0	0,0,0,0,0,0,0,0,0,0,0,0,0,0,1,0	463	149	1
205	0,0,0,0,0	0,4,0,0,0	0,0,0,0,0,0,0,0,0,0,15,0,0,0,12,0	0,0,0,0,12,0,0,0,0,0,8,0,0,0,0,0	152	149	1
207	0,164,0,0,0	0,53,0,0,0	0,0,0,0,155,0,0,0,0,0,212,0,0,0,3,8	0,0,0,0,74,0,0,0,0,0,103,0,0,0,0,6	152	149	1
209	0,489,0,0,0	0,370,0,0,0	0,0,0,0,387,0,0,0,0,0,756,0,0,0,3,21	0,0,0,0,262,0,0,0,0,0,480,0,0,0,1,10	152	149	1
210	0,366,0,0,0	0,2428,0,0,0	0,0,0,0,26,0,0,0,0,0,226,0,0,0,0,11	0,0,0,0,501,0,0,0,0,0,2325,0,0,0,12,89	197	149	1
211	0,130,0,0,0	0,17,0,0,0	0,0,0,0,13,0,0,0,0,0,98,0,0,0,0,1	0,0,0,0,15,0,0,0,0,0,102,0,0,0,4,0	197	149	1
213	0,5,0,0,0	0,3,0,0,0	0,0,0,0,245,2,0,0,0,0,46,0,0,0,0,3	0,0,0,0,181,0,0,0,0,0,17,0,0,0,0,2	198	149	1
222	0,14,0,0,0	0,0,0,0,0	0,0,0,0,134,0,0,0,0,0,86,0,0,0,14,14	0,0,0,0,0,0,0,0,0,0,16,0,0,0,0,0	229	149	1
223	0,40,0,0,0	0,33,0,0,0	0,0,0,0,226,0,0,0,0,0,99,0,0,0,3,1	0,0,0,0,76,0,0,0,0,0,76,0,0,0,3,0	152	149	1
224	0,13,0,0,0	0,100,0,0,0	0,0,0,0,38,0,0,0,0,0,56,0,0,0,1,1	0,0,0,0,320,0,0,0,2,2,158,0,0,0,19,11	152	149	1
225	0,100,0,0,0	0,33,0,0,0	0,0,0,0,189,0,0,0,0,2,138,0,0,0,8,12	0,0,0,0,207,0,0,0,2,0,112,0,0,0,25,7	152	149	1
229	0,26,0,0,0	0,0,0,0,0	0,0,0,0,547,0,0,0,0,0,107,0,0,0,39,4	0,0,0,0,4,0,0,0,0,0,0,0,0,0,0,0	280	149	1
230	0,18,0,0,0	0,0,0,0,0	0,0,0,0,687,0,0,0,0,0,161,0,0,0,2,17	0,0,0,0,102,0,0,0,0,0,24,0,0,0,0,2	152	149	1
231	0,2,0,0,0	0,0,0,0,0	0,0,0,0,110,0,0,0,0,0,9,0,0,0,2,0	0,0,0,0,102,0,0,0,0,0,24,0,0,0,0,2	186	149	1
232	0,1,0,0,0	0,17,0,0,0	0,0,0,0,57,0,0,0,0,0,7,0,0,0,2,0	0,0,0,0,634,0,0,0,0,0,159,0,0,0,2,17	183	149	1
233	0,26,0,0,0	0,11,0,0,0	0,0,0,0,266,0,0,0,0,0,28,0,0,0,2,3	0,0,0,0,704,0,0,0,0,0,146,0,0,0,2,10	305	149	1
234	0,4,0,0,0	0,0,0,0,0	0,0,0,0,191,0,0,0,0,0,16,0,0,0,2,3	0,0,0,0,17,0,0,0,0,0,0,0,0,0,0,1	305	149	1
235	0,2283,0,0,0	0,15974,0,0,4	0,0,0,0,2476,0,0,2,0,0,846,0,0,0,257,278	0,0,0,0,13655,0,0,15,2,0,13402,0,0,0,2108,528	994	149	1
237	0,15,0,0,0	0,55,0,0,0	0,0,0,0,0,0,0,0,0,0,29,0,0,0,8,0	0,0,0,0,209,0,0,0,0,0,303,0,0,0,142,6	172	149	1
238	0,5,0,0,0	0,256,0,0,0	0,0,0,0,17,0,0,0,0,0,12,0,0,0,1,1	0,0,0,0,200,0,0,0,0,0,505,0,0,0,16,35	177	149	1
239	0,330,0,0,0	0,0,0,0,0	0,0,0,0,401,0,0,0,0,0,668,0,0,0,15,76	0,0,0,0,8,0,0,0,0,0,0,0,0,0,0,2	167	149	1
240	0,258,0,0,0	0,0,0,0,0	0,0,0,0,472,0,0,0,0,0,239,0,0,0,25,16	0,0,0,0,12,0,0,0,0,0,3,0,0,0,0,0	186	149	1
242	0,2,0,0,0	0,0,0,0,0	0,0,0,0,29,0,0,0,0,0,19,0,0,0,4,0	0,0,0,0,0,0,0,0,0,0,0,0,0,0,1,0	181	149	1
243	0,1,0,0,0	0,0,0,0,0	0,0,0,0,24,0,0,0,0,0,4,0,0,0,4,0	0,0,0,0,0,0,0,0,0,0,0,0,0,0,1,0	205	149	1
244	0,1,0,0,0	0,2,0,0,0	0,0,0,0,24,0,0,0,0,0,4,0,0,0,1,0	0,0,0,0,29,0,0,0,0,0,19,0,0,0,1,0	173	149	1
253	0,5,0,0,0	0,10,0,0,0	0,0,0,0,62,0,0,0,0,0,2,0,0,0,0,0	0,0,0,0,115,0,0,0,0,0,63,0,0,0,11,8	226	149	1
261	0,25,0,0,0	0,12,0,0,0	0,0,0,0,43,0,0,0,0,0,97,0,0,0,0,1	0,0,0,0,34,0,0,0,0,0,45,0,0,0,0,0	152	149	1
263	0,5,0,0,0	0,22,0,0,0	0,0,0,0,15,0,0,0,0,0,6,0,0,0,5,0	0,0,0,0,19,0,0,0,0,0,2,0,0,0,0,0	197	149	1
265	0,2,0,0,0	0,0,0,0,0	0,0,0,0,5274,0,0,0,0,0,0,0,0,0,0,0	0,0,0,0,102,0,0,0,0,0,0,0,0,0,0,0	176	149	1
266	0,997,0,0,0	0,6,0,0,0	0,0,0,0,802,0,0,2,0,0,1357,0,0,0,90,107	0,0,0,0,0,0,0,0,0,0,6,0,0,0,0,0	154	149	1
267	0,1931,0,0,0	0,12,0,0,0	0,0,0,0,1104,0,0,0,0,3,2043,0,0,0,268,126	0,0,0,0,26,0,0,0,0,0,14,0,0,0,0,2	219	149	1
268	0,2559,0,0,0	0,27,0,0,0	0,0,0,0,1379,0,0,0,0,3,2432,0,0,0,288,142	0,0,0,0,16,0,0,0,0,0,15,0,0,0,0,0	257	149	1
269	0,640,0,0,0	0,27,0,0,0	0,0,0,0,301,0,0,0,0,0,403,0,0,0,20,18	0,0,0,0,16,0,0,0,0,0,15,0,0,0,0,0	187	149	1
270	0,486,0,0,0	0,1996,0,0,2	0,0,0,0,164,0,0,0,0,2,273,0,0,0,9,12	0,0,0,0,781,0,0,0,0,4,1322,0,0,0,114,19	197	149	1
274	0,85,0,0,0	0,5,0,0,0	0,0,0,0,217,0,0,0,0,0,264,0,0,0,0,10	0,0,0,0,5,0,0,0,0,0,26,0,0,0,0,0	152	149	1
275	0,7,0,0,0	0,14,0,0,0	0,0,0,0,16,0,0,0,0,0,1,0,0,0,10,0	0,0,0,0,38,0,0,0,0,0,67,0,0,0,54,0	316	149	1
276	0,1002,0,0,0	0,0,0,0,0	0,0,0,0,551,0,0,4,0,0,1314,0,0,0,5,77	0,0,0,0,0,0,0,0,0,0,1,0,0,0,0,0	228	149	1
277	0,51,0,0,0	0,387,0,0,0	0,0,0,0,225,0,0,0,0,0,21,0,0,0,11,3	0,0,0,0,530,0,0,0,0,0,889,0,0,0,120,26	845	149	1
278	0,101,0,0,0	0,387,0,0,0	0,0,0,0,237,0,0,0,0,0,28,0,0,0,36,8	0,0,0,0,530,0,0,0,0,0,889,0,0,0,120,26	1099	149	1
279	0,478,0,0,0	0,0,0,0,0	0,0,0,0,897,0,0,0,2,0,1045,0,0,0,377,62	0,0,0,0,6,0,0,0,0,0,7,0,0,0,0,2	1878	149	1
280	0,396,0,0,0	0,5,0,0,0	0,0,0,0,611,0,0,0,2,0,1022,0,0,0,303,52	0,0,0,0,17,0,0,0,0,0,1,0,0,0,2,0	154	149	1
281	0,28136,0,0,0	0,0,0,0,0	0,0,0,0,39890,0,0,6,2,0,44237,0,0,0,4026,472	0,0,0,0,13,0,0,0,0,0,5,0,0,0,0,0	531	149	1
282	0,58,0,0,0	0,41374,0,0,0	0,0,0,0,72,0,0,0,0,0,50,0,0,0,41,49	0,0,0,0,60342,0,0,17,0,8,62732,0,0,0,9077,987	254	149	1
283	0,41484,0,0,0	0,0,0,0,0	0,0,0,0,60490,0,0,17,0,8,62780,0,0,0,9094,1033	0,0,0,0,9,0,0,0,0,0,11,0,0,0,0,0	392	149	1
284	0,41175,0,0,8	0,17,0,0,0	0,0,0,0,58388,0,0,26,14,12,54948,0,0,0,10650,2556	0,0,0,0,16,0,0,0,0,0,26,0,0,0,4,0	154	149	1
285	0,6,0,0,0	0,103,0,0,0	0,0,0,0,28,0,0,0,0,0,10,0,0,0,0,0	0,0,0,0,123,0,0,0,0,0,106,0,0,0,9,0	166	149	1
286	0,8,0,0,0	0,80,0,0,0	0,0,0,0,0,0,0,0,0,0,8,0,0,0,0,0	0,0,0,0,60,0,0,0,0,0,66,0,0,0,5,1	177	149	1
287	0,53,0,0,0	0,31,0,0,0	0,0,0,0,44,0,0,0,0,0,67,0,0,0,0,1	0,0,0,0,51,0,0,0,0,0,29,0,0,0,5,0	203	149	1
288	0,20,0,0,0	0,51,0,0,0	0,0,0,0,6,0,0,0,0,0,9,0,0,0,6,1	0,0,0,0,31,0,0,0,0,0,48,0,0,0,19,0	200	149	1
289	0,674,2,0,0	0,5,0,0,0	0,0,0,0,392,0,0,1,0,0,740,0,0,0,498,104	0,0,0,0,0,0,0,0,0,0,13,0,0,0,7,0	248	149	1
290	0,321,2,0,0	0,5,0,0,0	0,0,0,0,133,0,0,0,0,0,261,0,0,0,314,18	0,0,0,0,0,0,0,0,0,0,13,0,0,0,7,0	348	149	1
291	0,40,0,0,0	0,393,0,0,0	0,0,0,0,32,0,0,0,0,0,37,0,0,0,25,4	0,0,0,0,291,0,0,1,0,0,516,0,0,0,209,90	249	149	1
292	0,50,0,0,0	0,1,0,0,0	0,0,0,0,25,0,0,0,0,0,66,0,0,0,3,0	0,0,0,0,1,0,0,0,0,0,6,0,0,0,0,0	152	149	1
293	0,732,0,0,0	0,1,0,0,0	0,0,0,0,522,0,0,0,0,0,1285,0,0,0,331,26	0,0,0,0,1,0,0,0,0,0,6,0,0,0,0,0	199	149	1
294	0,687,0,0,0	0,5,0,0,0	0,0,0,0,516,0,0,0,0,0,1229,0,0,0,328,26	0,0,0,0,19,0,0,0,0,0,10,0,0,0,0,0	196	149	1
295	0,40,0,0,0	0,0,0,0,0	0,0,0,0,78,0,0,0,0,0,60,0,0,0,12,5	0,0,0,0,0,0,0,0,0,0,14,0,0,0,0,0	162	149	1
299	0,6,0,0,0	0,0,0,0,0	0,0,0,0,4,0,0,0,0,0,0,0,0,0,34,4	0,0,0,0,0,0,0,0,0,0,0,0,0,0,1,0	173	149	1
301	0,0,0,0,0	0,117,0,0,0	0,0,0,0,0,0,0,0,0,0,16,0,0,0,0,1	0,0,0,0,492,0,0,2,4,0,1641,0,0,0,31,93	219	149	1
302	0,1,0,0,0	0,297,0,0,0	0,0,0,0,0,0,0,0,0,0,3,0,0,0,0,0	0,0,0,0,247,0,0,0,0,0,43,0,0,0,1,0	169	149	1
306	0,52,0,0,0	0,0,0,0,0	0,0,0,0,112,0,0,0,0,0,299,0,0,0,4,9	0,0,0,0,0,0,0,0,0,0,3,0,0,0,0,0	326	149	1
307	0,17,0,0,0	0,0,0,0,0	0,0,0,0,33,0,0,0,0,0,83,0,0,0,0,3	0,0,0,0,0,0,0,0,0,0,3,0,0,0,0,0	267	149	1
309	0,103,0,0,0	0,14016,2,0,12	0,0,0,0,165,0,0,1,0,0,200,0,0,0,4,11	0,0,0,0,12125,0,2,9,2,12,14715,0,0,0,3233,816	167	149	1
310	0,12960,0,0,2	0,34,0,0,0	0,0,0,0,14408,2,4,11,2,2,18782,0,0,0,6278,438	0,0,0,0,65,0,0,0,0,0,20,0,0,0,0,0	157	149	1
311	0,40,0,0,0	0,11,0,0,0	0,0,0,0,214,0,0,0,0,0,76,0,0,0,19,12	0,0,0,0,20,0,0,0,0,0,31,0,0,0,0,0	152	149	1
312	0,10,0,0,0	0,3,0,0,0	0,0,0,0,90,2,0,0,0,0,5,0,0,0,38,21	0,0,0,0,70,0,0,0,0,0,49,0,0,0,21,7	445	149	1
313	0,18,0,0,0	0,0,0,0,0	0,0,0,0,86,5,2,0,2,0,85,0,0,0,126,13	0,0,0,0,6,0,0,0,0,0,1,0,0,0,0,0	155	149	1
314	0,7,0,0,0	0,8,0,0,0	0,0,0,0,35,0,0,0,0,0,9,0,0,0,0,3	0,0,0,0,53,0,0,0,0,0,65,0,0,0,0,11	220	149	1
315	0,0,0,0,1	0,11,0,0,0	0,0,0,0,41,0,0,0,0,0,36,0,0,0,28,33	0,0,0,0,0,0,0,0,0,0,24,0,0,0,24,10	152	149	1
316	0,32,0,0,0	0,714,0,0,2	0,0,0,0,140,0,0,0,0,0,108,0,0,0,46,1	0,0,0,0,1889,0,0,10,0,2,1813,0,0,0,829,39	191	149	1
318	0,16,0,0,0	0,60,0,0,0	0,0,0,0,25,0,0,0,0,0,89,0,0,0,5,7	0,0,0,0,136,0,0,0,0,0,217,0,0,0,23,15	170	149	1
319	0,15,0,0,0	0,60,0,0,0	0,0,0,0,33,0,0,0,0,0,28,0,0,0,0,7	0,0,0,0,136,0,0,0,0,0,217,0,0,0,23,15	294	149	1
320	0,15,0,0,0	0,16,0,0,0	0,0,0,0,33,0,0,0,0,0,19,0,0,0,0,3	0,0,0,0,25,0,0,0,0,0,80,0,0,0,5,3	273	149	1
321	0,14,0,0,0	0,60,0,0,0	0,0,0,0,25,0,0,0,0,0,13,0,0,0,0,0	0,0,0,0,201,0,0,0,0,0,287,0,0,0,34,12	268	149	1
322	0,12,0,0,0	0,0,0,0,0	0,0,0,0,34,0,0,0,0,0,1,0,0,0,0,0	0,0,0,0,0,0,0,0,0,0,10,0,0,0,0,0	174	149	1
325	0,27,0,0,0	0,292,0,0,0	0,0,0,0,17,0,0,0,0,0,24,0,0,0,0,2	0,0,0,0,227,0,0,2,0,0,454,0,0,0,9,23	186	149	1
326	0,60,0,0,0	0,29,0,0,0	0,0,0,0,116,0,0,0,0,0,96,0,0,0,0,0	0,0,0,0,171,0,0,0,0,0,93,0,0,0,0,0	153	149	1
331	0,4,0,0,0	0,3,0,0,0	0,0,0,0,59,0,0,0,0,0,18,0,0,0,0,0	0,0,0,0,0,0,0,0,0,0,5,0,0,0,0,0	218	149	1
332	0,43,0,0,0	0,4,0,0,0	0,0,0,0,14,0,0,0,0,0,32,0,0,0,0,1	0,0,0,0,0,0,0,0,0,0,5,0,0,0,0,0	251	149	1
336	0,0,0,0,0	0,1,2,0,0	0,0,0,0,0,0,0,0,0,0,3,0,0,0,7,9	0,0,0,0,71,2,0,0,0,2,98,0,0,0,174,69	176	149	1
338	0,260,0,0,0	0,0,0,0,0	0,0,0,0,252,0,0,0,0,0,403,0,0,0,85,6	0,0,0,0,16,0,0,0,0,0,7,0,0,0,0,0	283	149	1
339	0,0,0,0,0	0,31,0,0,0	0,0,0,0,0,0,0,0,0,0,3,0,0,0,0,0	0,0,0,0,0,0,0,0,0,0,8,0,0,0,1,0	173	149	1
340	0,74,0,0,0	0,14,0,0,0	0,0,0,0,145,0,0,0,0,0,122,0,0,0,0,8	0,0,0,0,15,0,0,0,0,0,6,0,0,0,0,0	152	149	1
341	0,87,0,0,0	0,45,0,0,0	0,0,0,0,109,0,0,0,0,2,109,0,0,0,0,17	0,0,0,0,66,0,0,0,4,0,22,0,0,0,0,13	152	149	1
342	0,12,0,0,0	0,161,0,0,0	0,0,0,0,23,0,0,0,0,0,4,0,0,0,0,2	0,0,0,0,77,0,0,0,0,0,95,0,0,0,1,5	178	149	1
343	0,11,0,0,0	0,419,0,0,0	0,0,0,0,27,0,0,0,0,0,42,0,0,0,2,0	0,0,0,0,518,0,0,0,0,0,736,0,0,0,110,6	170	149	1
350	0,10,0,0,0	0,104,0,0,0	0,0,0,0,0,0,0,0,0,0,11,0,0,0,0,0	0,0,0,0,263,0,0,0,0,0,459,0,0,0,82,17	174	149	1
353	0,5,0,0,0	0,0,0,0,0	0,0,0,0,0,0,0,0,0,0,19,0,0,0,0,0	0,0,0,0,0,0,0,0,0,0,2,0,0,0,0,0	197	149	1
354	0,5,0,0,0	0,5,0,0,0	0,0,0,0,0,0,0,0,0,0,0,0,0,0,0,0	0,0,0,0,0,0,0,0,0,0,4,0,0,0,0,0	215	149	1
355	0,74,0,0,0	0,0,0,0,0	0,0,0,0,594,0,0,0,2,0,298,0,0,0,9,20	0,0,0,0,0,0,0,0,0,0,2,0,0,0,0,1	455	149	1
356	0,24,0,0,0	0,214,0,0,0	0,0,0,0,59,0,0,0,0,0,5,0,0,0,0,8	0,0,0,0,538,0,0,0,1,0,360,0,0,0,32,27	200	149	1
357	0,41,0,0,0	0,361,0,0,0	0,0,0,0,83,0,0,0,0,0,18,0,0,0,0,4	0,0,0,0,997,0,0,0,0,0,628,0,0,0,6,34	319	149	1
360	0,4,0,0,0	0,19,0,0,0	0,0,0,0,22,0,0,0,0,0,6,0,0,0,4,0	0,0,0,0,27,0,0,0,0,0,26,0,0,0,31,0	232	149	1
361	0,1,0,0,0	0,5,0,0,0	0,0,0,0,11,0,0,0,0,0,2,0,0,0,0,0	0,0,0,0,27,0,0,0,0,0,14,0,0,0,0,0	152	149	1
362	0,6,0,0,0	0,5,0,0,0	0,0,0,0,109,0,0,0,0,0,3,0,0,0,2,0	0,0,0,0,23,0,0,0,0,0,0,0,0,0,0,0	175	149	1
363	0,6,0,0,0	0,5,0,0,0	0,0,0,0,139,0,0,0,0,0,3,0,0,0,2,0	0,0,0,0,23,0,0,0,0,0,0,0,0,0,0,0	189	149	1
364	0,4,0,0,0	0,4,0,0,0	0,0,0,0,37,0,0,0,0,0,0,0,0,0,0,0	0,0,0,0,7,0,0,0,0,0,0,0,0,0,0,0	163	149	1
365	0,343,2,0,0	0,4,0,0,0	0,0,0,0,808,0,0,0,0,0,138,0,0,0,74,0	0,0,0,0,0,0,0,0,0,0,0,0,0,0,0,0	928	149	1
366	0,6,0,0,0	0,471,0,0,0	0,0,0,0,0,0,0,0,0,0,29,0,0,0,7,2	0,0,0,0,142,0,0,0,0,0,510,0,0,0,150,46	224	149	1
368	0,6,0,0,0	0,12,0,0,0	0,0,0,0,1,0,0,0,0,0,5,0,0,0,0,0	0,0,0,0,0,0,0,0,0,0,14,0,0,0,0,0	245	149	1
369	0,4,0,0,0	0,9,0,0,0	0,0,0,0,0,0,0,0,0,0,1,0,0,0,23,13	0,0,0,0,6,0,0,0,0,0,17,0,0,0,99,30	152	149	1
370	0,314,0,0,2	0,0,0,0,0	0,0,0,0,1109,4,0,0,0,0,2970,0,0,0,1470,163	0,0,0,0,15,0,0,0,0,0,16,0,0,0,13,1	242	149	1
371	0,9,0,0,0	0,14,0,0,0	0,0,0,0,36,0,0,0,0,0,56,0,0,0,0,5	0,0,0,0,48,0,0,0,0,0,50,0,0,0,6,11	269	149	1
372	0,14695,0,0,2	0,0,0,0,0	0,0,0,0,19848,0,0,2,4,4,27896,0,0,0,39,56	0,0,0,0,0,0,0,0,0,0,1,0,0,0,0,0	341	149	1
373	0,14042,0,0,2	0,64,0,0,0	0,0,0,0,18779,0,0,0,4,4,28550,0,0,0,41,113	0,0,0,0,77,0,0,0,0,0,186,0,0,0,0,0	152	149	1
377	0,82,0,0,0	0,0,0,0,0	0,0,0,0,131,0,0,0,0,0,499,0,0,0,156,59	0,0,0,0,0,0,0,0,0,0,3,0,0,0,0,0	364	149	1
380	0,178,0,0,0	0,220,0,0,0	0,0,0,0,0,0,0,0,0,0,0,0,0,0,8,0	0,0,0,0,8,0,0,0,0,0,9,0,0,0,2,0	308	149	1
383	0,7,0,0,0	0,7,0,0,0	0,0,0,0,707,0,0,0,0,0,675,0,0,0,17,0	0,0,0,0,2238,0,0,0,0,0,3648,0,0,0,17,5	208	149	1
387	0,0,0,0,0	0,6,0,0,0	0,0,0,0,5,0,0,0,0,0,0,0,0,0,0,1	0,0,0,0,37,0,0,0,0,0,53,0,0,0,8,32	397	149	1
391	0,0,0,0,2	0,0,0,0,0	0,0,0,0,0,0,0,0,0,0,7,0,0,0,12,2	0,0,0,0,0,0,0,0,0,0,14,0,0,0,23,2	152	149	1
392	0,4,0,0,0	0,7,0,0,0	0,0,0,0,0,0,0,0,0,0,0,0,0,0,0,2	0,0,0,0,13,0,0,0,0,0,6,0,0,0,20,0	152	149	1
399	0,2,0,0,0	0,0,0,0,0	0,0,0,0,45,0,0,0,0,0,18,0,0,0,493,14	0,0,0,0,5,0,0,0,0,0,0,0,0,0,0,0	1432	149	1
400	0,3,0,0,0	0,0,0,0,0	0,0,0,0,52,0,0,0,0,0,19,0,0,0,480,15	0,0,0,0,5,0,0,0,0,0,0,0,0,0,0,0	1487	149	1
401	0,2,0,0,0	0,0,0,0,0	0,0,0,0,45,0,0,0,0,0,19,0,0,0,479,15	0,0,0,0,5,0,0,0,0,0,0,0,0,0,0,0	1537	149	1
405	0,1,0,0,0	0,0,0,0,0	0,0,0,0,7,0,0,0,0,0,1,0,0,0,3,1	0,0,0,0,0,0,0,0,0,0,0,0,0,0,16,0	204	149	1
410	0,0,0,0,0	0,797,0,0,0	0,0,0,0,0,0,0,0,0,0,6,0,0,0,2,0	0,0,0,0,3174,0,2,0,4,6,3923,0,0,0,1239,153	179	149	1
411	0,1437,0,0,0	0,25,0,0,0	0,0,0,0,4042,2,6,4,0,0,5337,0,0,0,1314,56	0,0,0,0,3,0,0,0,0,0,15,0,0,0,6,0	200	149	1
412	0,87,0,0,0	0,30,0,0,0	0,0,0,0,91,0,0,0,0,0,295,0,0,0,44,6	0,0,0,0,38,0,0,2,0,0,46,0,0,0,0,1	187	149	1
413	0,16,0,0,0	0,79,0,0,0	0,0,0,0,40,0,0,0,0,0,26,0,0,0,7,0	0,0,0,0,66,0,0,0,0,0,263,0,0,0,43,4	181	149	1
414	0,4,0,0,0	0,79,0,0,0	0,0,0,0,3,0,0,0,0,0,0,0,0,0,3,0	0,0,0,0,66,0,0,0,0,0,263,0,0,0,43,4	169	149	1
416	0,23,0,0,0	0,11,0,0,0	0,0,0,0,26,0,0,0,0,0,53,0,0,0,0,1	0,0,0,0,12,0,0,0,0,0,5,0,0,0,0,0	187	149	1
417	0,0,0,0,0	0,9,0,0,0	0,0,0,0,33,0,0,0,0,0,0,0,0,0,0,0	0,0,0,0,1412,0,0,0,0,0,0,0,0,0,0,0	166	149	1
418	0,1736,0,0,2	0,267,0,0,0	0,0,0,0,4670,0,0,0,0,0,1514,0,0,0,84,82	0,0,0,0,836,0,0,0,0,0,237,0,0,0,14,16	152	149	1
419	0,78,0,0,0	0,267,0,0,0	0,0,0,0,230,0,0,0,0,0,58,0,0,0,10,0	0,0,0,0,836,0,0,0,0,0,237,0,0,0,14,16	245	149	1
420	0,29,0,0,0	0,1687,0,0,2	0,0,0,0,99,0,0,0,0,0,7,0,0,0,3,0	0,0,0,0,4539,0,0,0,0,0,1463,0,0,0,77,82	242	149	1
421	0,6,0,0,0	0,2,0,0,0	0,0,0,0,21,0,0,0,0,0,1,0,0,0,0,3	0,0,0,0,20,0,0,0,0,0,2,0,0,0,0,5	194	149	1
423	0,4,0,0,0	0,4,0,0,0	0,0,0,0,8,0,0,0,0,0,0,0,0,0,0,0	0,0,0,0,5,0,0,0,0,0,2,0,0,0,0,1	152	149	1
424	0,315,0,0,0	0,3,0,0,0	0,0,0,0,260,0,0,0,0,0,167,0,0,0,83,43	0,0,0,0,2,0,0,0,0,0,7,0,0,0,0,3	333	149	1
425	0,72,0,0,0	0,101,0,0,0	0,0,0,0,38,0,0,0,0,0,4,0,0,0,10,1	0,0,0,0,123,0,0,0,0,0,84,0,0,0,19,14	551	149	1
426	0,4,0,0,0	0,3,0,0,0	0,0,0,0,0,0,0,0,0,0,0,0,0,0,0,0	0,0,0,0,7,0,0,0,0,0,0,0,0,0,0,0	152	149	1
427	0,29,0,0,0	0,3,0,0,0	0,0,0,0,20,0,0,0,0,0,9,0,0,0,1,1	0,0,0,0,7,0,0,0,0,0,0,0,0,0,0,0	289	149	1
428	0,29,0,0,0	0,4,0,0,0	0,0,0,0,20,0,0,0,0,0,9,0,0,0,1,1	0,0,0,0,0,0,0,0,0,0,0,0,0,0,0,0	286	149	1
429	0,123,0,0,0	0,4,0,0,0	0,0,0,0,167,0,0,0,0,0,63,0,0,0,39,85	0,0,0,0,4,0,0,0,0,0,14,0,0,0,2,1	466	149	1
430	0,213,0,0,0	0,4,0,0,0	0,0,0,0,391,0,0,0,0,0,112,0,0,0,34,100	0,0,0,0,4,0,0,0,0,0,14,0,0,0,2,1	709	149	1
431	0,18,0,0,0	0,33,0,0,0	0,0,0,0,80,0,0,0,0,0,35,0,0,0,17,0	0,0,0,0,45,0,0,0,0,0,69,0,0,0,18,25	174	149	1
432	0,582,2,0,0	0,0,0,0,0	0,0,0,0,894,0,0,0,0,2,2324,0,0,0,683,63	0,0,0,0,7,0,0,0,0,0,0,0,0,0,0,1	596	149	1
433	0,21,0,0,0	0,0,0,0,0	0,0,0,0,39,0,0,0,0,0,26,0,0,0,29,10	0,0,0,0,0,0,0,0,0,0,0,0,0,0,0,1	295	149	1
434	0,25,0,0,0	0,0,0,0,0	0,0,0,0,34,0,0,0,0,0,20,0,0,0,61,2	0,0,0,0,0,0,0,0,0,0,9,0,0,0,24,0	325	149	1
435	0,0,0,0,0	0,10,0,0,0	0,0,0,0,51,0,0,0,0,0,0,0,0,0,0,0	0,0,0,0,186,0,0,0,0,0,0,0,0,0,0,0	212	149	1
436	0,700,0,0,0	0,156,0,0,0	0,0,0,0,165,0,0,2,0,0,865,0,0,0,76,12	0,0,0,0,38,0,0,0,0,0,149,0,0,0,9,2	152	149	1
437	0,148,0,0,0	0,1700,0,0,0	0,0,0,0,22,0,0,0,0,0,0,0,0,0,0,0	0,0,0,0,162,0,0,0,0,0,152,0,0,0,12,1	203	149	1
438	0,262,0,0,0	0,2255,0,0,0	0,0,0,0,49,0,0,0,0,0,1,0,0,0,0,0	0,0,0,0,118,0,0,0,0,0,17,0,0,0,0,0	306	149	1
439	0,32,0,0,0	0,5075,0,0,4	0,0,0,0,0,0,0,0,0,0,0,0,0,0,0,0	0,0,0,0,163,0,0,0,0,0,134,0,0,0,14,0	242	149	1
440	0,0,0,0,0	0,2,0,0,0	0,0,0,0,95,0,0,0,0,0,0,0,0,0,0,0	0,0,0,0,2244,0,0,0,0,0,13,0,0,0,4,0	236	149	1
442	0,6,0,0,0	0,4,2,0,0	0,0,0,0,2,0,0,0,0,0,20,0,0,0,46,13	0,0,0,0,80,0,2,0,0,0,63,0,0,0,34,28	152	149	1
443	0,11,2,0,0	0,11,0,0,0	0,0,0,0,60,0,2,0,0,0,1,0,0,0,24,0	0,0,0,0,54,0,0,0,0,0,66,0,0,0,70,24	409	149	1
444	0,2,0,0,0	0,0,0,0,0	0,0,0,0,0,0,0,0,0,0,4,0,0,0,0,0	0,0,0,0,0,0,0,0,0,0,1,0,0,0,0,0	152	149	1
445	0,5,0,0,0	0,30,0,0,0	0,0,0,0,60,0,0,0,0,0,27,0,0,0,0,0	0,0,0,0,34,0,0,0,0,0,30,0,0,0,0,0	152	149	1
446	0,2,0,0,0	0,8,0,0,0	0,0,0,0,0,0,0,0,0,0,15,0,0,0,13,1	0,0,0,0,0,0,0,0,0,0,17,0,0,0,9,0	152	149	1
447	0,63,0,0,0	0,554,0,0,2	0,0,0,0,63,0,0,0,0,0,29,0,0,0,10,2	0,0,0,0,588,0,0,0,0,0,365,0,0,0,33,24	227	149	1
455	0,432,0,0,0	0,0,0,0,0	0,0,0,0,523,0,0,0,2,0,1194,0,0,0,87,157	0,0,0,0,0,0,0,0,0,0,0,0,0,0,0,1	271	149	1
456	0,412,0,0,0	0,0,0,0,0	0,0,0,0,514,0,0,0,4,2,1450,0,0,0,89,215	0,0,0,0,0,0,0,0,0,0,3,0,0,0,0,0	173	149	1
465	0,10,0,0,0	0,0,0,0,0	0,0,0,0,27,0,0,0,0,0,16,0,0,0,205,4	0,0,0,0,0,0,0,0,0,0,4,0,0,0,0,5	1707	149	1
471	0,5,0,0,0	0,0,0,0,0	0,0,0,0,26,0,0,0,0,0,11,0,0,0,21,2	0,0,0,0,0,0,0,0,0,0,6,0,0,0,8,0	152	149	1
472	0,47,0,0,0	0,20,0,0,0	0,0,0,0,128,0,0,0,0,2,490,0,0,0,101,70	0,0,0,0,24,0,0,0,0,0,33,0,0,0,0,5	219	149	1
473	0,11,0,0,0	0,3,0,0,0	0,0,0,0,110,0,0,0,0,0,110,0,0,0,0,2	0,0,0,0,36,0,0,0,0,0,12,0,0,0,2,2	301	149	1
474	0,5,0,0,0	0,0,0,0,0	0,0,0,0,157,0,0,0,0,0,71,0,0,0,2,2	0,0,0,0,0,0,0,0,0,0,19,0,0,0,0,0	158	149	1
475	0,3,0,0,0	0,45,0,0,0	0,0,0,0,28,0,0,0,0,0,2,0,0,0,7,2	0,0,0,0,84,0,0,0,0,0,119,0,0,0,42,11	204	149	1
476	0,35,0,0,0	0,0,0,0,0	0,0,0,0,57,0,0,0,0,0,123,0,0,0,23,26	0,0,0,0,0,0,0,0,0,0,0,0,0,0,0,4	191	149	1
478	0,2,0,0,0	0,11,0,0,0	0,0,0,0,23,0,0,0,0,0,7,0,0,0,1,9	0,0,0,0,49,0,0,0,0,2,96,0,0,0,13,11	214	149	1
479	0,7,0,0,0	0,11,0,0,0	0,0,0,0,36,0,0,0,0,0,10,0,0,0,1,10	0,0,0,0,49,0,0,0,0,2,96,0,0,0,13,11	345	149	1
480	0,5,0,0,0	0,0,0,0,0	0,0,0,0,15,0,0,0,0,0,8,0,0,0,0,1	0,0,0,0,2,0,0,0,0,0,5,0,0,0,0,0	280	149	1
481	0,41,0,0,0	0,0,0,0,0	0,0,0,0,165,0,0,0,0,0,164,0,0,0,54,33	0,0,0,0,13,0,0,0,0,0,3,0,0,0,3,0	220	149	1
482	0,70,0,0,0	0,66,0,0,0	0,0,0,0,153,0,0,0,0,0,259,0,0,0,35,30	0,0,0,0,320,0,0,0,0,0,290,0,0,0,37,16	152	149	1
484	0,87,0,0,0	0,18,0,0,0	0,0,0,0,165,0,0,2,0,0,787,0,0,0,123,59	0,0,0,0,0,0,0,0,0,0,25,0,0,0,14,8	224	149	1
485	0,11,0,0,0	0,76,0,0,0	0,0,0,0,26,0,0,0,0,0,27,0,0,0,0,2	0,0,0,0,144,0,0,2,0,0,725,0,0,0,12,105	245	149	1
486	0,2505,4,0,2	0,19,0,0,0	0,0,0,0,4469,0,4,2,0,0,2459,0,0,0,1422,243	0,0,0,0,26,0,0,0,0,0,3,0,0,0,0,0	2740	149	1
487	0,800,0,0,0	0,217,0,0,0	0,0,0,0,491,0,0,0,0,0,1605,0,0,0,2,80	0,0,0,0,185,0,0,0,0,0,751,0,0,0,0,17	215	149	1
488	0,35,0,0,0	0,604,0,0,0	0,0,0,0,61,0,0,0,0,0,25,0,0,0,5,8	0,0,0,0,396,0,0,0,0,4,1089,0,0,0,12,308	729	149	1
489	0,19,0,0,0	0,493,0,0,0	0,0,0,0,9,0,0,0,0,0,16,0,0,0,0,0	0,0,0,0,221,0,0,0,0,0,796,0,0,0,81,243	168	149	1
490	0,10644,2,0,8	0,0,0,0,0	0,0,0,0,16971,0,0,22,0,4,21289,0,0,0,9164,907	0,0,0,0,0,0,0,0,0,0,4,0,0,0,5,0	336	149	1
491	0,13228,0,0,10	0,0,0,0,0	0,0,0,0,15633,0,0,30,0,4,20340,0,0,0,13918,1975	0,0,0,0,11,0,0,0,0,0,0,0,0,0,0,0	195	149	1
492	0,105,0,0,0	0,2102,0,0,0	0,0,0,0,59,0,0,0,0,0,83,0,0,0,3,4	0,0,0,0,1741,0,0,0,2,2,2779,0,0,0,78,36	168	149	1
493	0,1016,0,0,0	0,536,0,0,0	0,0,0,0,1071,0,0,0,2,4,1525,0,0,0,45,90	0,0,0,0,512,0,0,0,0,2,678,0,0,0,19,46	152	149	1
494	0,57,0,0,0	0,4,0,0,0	0,0,0,0,42,0,0,0,0,0,44,0,0,0,0,0	0,0,0,0,0,0,0,0,0,0,0,0,0,0,0,0	152	149	1
503	0,37,0,0,0	0,4,0,0,0	0,0,0,0,43,0,0,0,0,0,42,0,0,0,0,21	0,0,0,0,0,0,0,0,0,0,0,0,0,0,0,0	188	149	1
504	0,0,0,0,0	0,57,0,0,0	0,0,0,0,0,0,0,0,0,0,3,0,0,0,0,0	0,0,0,0,21,0,0,0,0,0,72,0,0,0,0,0	163	149	1
505	0,69,0,0,0	0,0,0,0,0	0,0,0,0,172,0,0,0,0,2,309,0,0,0,19,28	0,0,0,0,12,0,0,0,0,0,2,0,0,0,0,0	199	149	1
506	0,2,0,0,0	0,21,0,0,0	0,0,0,0,0,0,0,0,0,0,4,0,0,0,0,0	0,0,0,0,100,0,0,0,0,0,129,0,0,0,6,0	168	149	1
507	0,2,0,0,0	0,15,0,0,0	0,0,0,0,0,0,0,0,0,0,23,0,0,0,0,4	0,0,0,0,13,0,0,0,0,0,124,0,0,0,0,6	258	149	1
509	0,85,0,0,0	0,4,0,0,0	0,0,0,0,60,0,0,0,0,0,188,0,0,0,4,15	0,0,0,0,0,0,0,0,0,0,34,0,0,0,0,0	212	149	1
510	0,51,0,0,0	0,11,0,0,0	0,0,0,0,76,0,0,0,0,0,30,0,0,0,0,7	0,0,0,0,34,0,0,0,0,0,111,0,0,0,17,0	707	149	1
512	0,52,0,0,0	0,40,0,0,0	0,0,0,0,268,0,0,0,0,0,113,0,0,0,32,37	0,0,0,0,177,2,0,0,0,0,68,0,0,0,19,24	152	149	1
513	0,10,0,0,0	0,0,0,0,0	0,0,0,0,31,0,0,0,0,0,26,0,0,0,10,2	0,0,0,0,52,0,0,0,0,0,9,0,0,0,0,0	152	149	1
514	0,4,0,0,0	0,0,0,0,0	0,0,0,0,45,0,0,0,0,0,6,0,0,0,0,0	0,0,0,0,8,0,0,0,0,0,0,0,0,0,0,0	152	149	1
515	0,0,0,0,0	0,17,0,0,0	0,0,0,0,0,0,0,0,0,0,4,0,0,0,0,0	0,0,0,0,74,0,0,0,0,0,64,0,0,0,33,8	162	149	1
516	0,52,0,0,0	0,0,0,0,0	0,0,0,0,415,0,0,0,0,0,265,0,0,0,52,23	0,0,0,0,13,0,0,0,0,0,2,0,0,0,0,0	1247	149	1
519	0,0,0,0,0	0,1,0,0,0	0,0,0,0,8,0,0,0,0,0,2,0,0,0,0,0	0,0,0,0,6,0,0,2,0,0,81,0,0,0,36,8	214	149	1
521	0,10,0,0,0	0,26,0,0,0	0,0,0,0,0,0,0,0,0,0,2,0,0,0,0,1	0,0,0,0,34,0,0,0,4,4,16,0,0,0,0,6	160	149	1
523	0,125,2,0,0	0,0,0,0,0	0,0,0,0,417,0,2,0,2,0,493,0,0,0,420,165	0,0,0,0,8,0,0,0,0,0,1,0,0,0,6,2	169	149	1
524	0,341,0,0,0	0,0,0,0,0	0,0,0,0,3793,2,0,4,0,0,2648,0,0,0,1181,1126	0,0,0,0,0,0,0,0,0,0,2,0,0,0,0,0	1167	149	1
526	0,18,0,0,0	0,16,0,0,0	0,0,0,0,4,0,0,0,0,2,38,0,0,0,24,0	0,0,0,0,0,0,0,0,0,0,4,0,0,0,0,0	183	149	1
527	0,213,0,0,0	0,17,0,0,0	0,0,0,0,49,0,0,0,0,0,124,0,0,0,69,0	0,0,0,0,0,0,0,0,0,0,5,0,0,0,0,0	418	149	1
528	0,0,0,0,0	0,16,0,0,0	0,0,0,0,0,0,0,0,0,0,3,0,0,0,0,4	0,0,0,0,48,0,0,0,0,2,68,0,0,0,70,34	166	149	1
530	0,294,0,0,0	0,0,0,0,0	0,0,0,0,260,0,0,0,0,0,765,0,0,0,171,438	0,0,0,0,0,0,0,0,0,0,1,0,0,0,0,0	1642	149	1
532	0,11,0,0,0	0,2,0,0,0	0,0,0,0,34,0,0,0,0,0,3,0,0,0,0,0	0,0,0,0,0,0,0,0,0,0,0,0,0,0,0,0	182	149	1
533	0,18,0,0,0	0,0,0,0,0	0,0,0,0,115,0,0,0,0,0,0,0,0,0,2,11	0,0,0,0,24,0,0,0,0,0,0,0,0,0,0,0	726	149	1
536	0,114,0,0,0	0,0,0,0,0	0,0,0,0,132,0,0,0,0,0,192,0,0,0,0,23	0,0,0,0,50,0,0,0,0,0,27,0,0,0,0,4	152	149	1
538	0,80,0,0,0	0,0,0,0,0	0,0,0,0,127,0,0,2,0,0,151,0,0,0,10,41	0,0,0,0,8,0,0,0,0,0,2,0,0,0,0,0	160	149	1
543	0,120,0,0,4	0,10,0,0,0	0,0,0,0,119,0,0,5,0,0,611,0,0,0,63,49	0,0,0,0,0,0,0,0,0,0,6,0,0,0,0,1	493	149	1
544	0,194,0,0,0	0,4,0,0,0	0,0,0,0,124,0,0,0,0,0,583,0,0,0,319,29	0,0,0,0,0,0,0,0,0,0,3,0,0,0,5,0	184	149	1
545	0,436,0,0,0	0,4,0,0,0	0,0,0,0,154,0,0,0,0,0,652,0,0,0,86,26	0,0,0,0,3,0,0,0,0,0,0,0,0,0,2,0	549	149	1
546	0,213,0,0,0	0,0,0,0,0	0,0,0,0,605,0,0,0,0,0,814,0,0,0,106,28	0,0,0,0,15,0,0,0,0,0,13,0,0,0,3,1	180	149	1
549	0,42,0,0,0	0,32,0,0,0	0,0,0,0,315,0,0,0,0,0,38,0,0,0,1,0	0,0,0,0,419,0,0,0,0,0,84,0,0,0,0,4	664	149	1
550	0,687,0,0,0	0,12,0,0,0	0,0,0,0,394,0,0,0,0,2,1258,0,0,0,322,30	0,0,0,0,0,0,0,0,0,0,7,0,0,0,0,0	270	149	1
551	0,15,0,0,0	0,66,0,0,0	0,0,0,0,5,0,0,0,0,0,11,0,0,0,0,1	0,0,0,0,21,0,0,0,0,0,36,0,0,0,0,1	253	149	1
552	0,3,0,0,0	0,0,0,0,0	0,0,0,0,23,0,0,0,0,0,1,0,0,0,0,0	0,0,0,0,14,0,0,0,0,0,0,0,0,0,0,0	182	149	1
553	0,6,0,0,0	0,26,0,0,0	0,0,0,0,45,0,0,0,0,0,21,0,0,0,0,2	0,0,0,0,85,0,0,0,0,0,254,0,0,0,8,13	190	149	1
554	0,17,0,0,0	0,10,0,0,0	0,0,0,0,139,0,0,0,0,0,387,0,0,0,30,6	0,0,0,0,25,0,0,0,0,0,39,0,0,0,0,7	224	149	1
555	0,261,0,0,0	0,2,0,0,0	0,0,0,0,165,0,0,2,0,0,339,0,0,0,139,15	0,0,0,0,0,0,0,0,0,0,11,0,0,0,6,0	258	149	1
556	0,266,0,0,0	0,0,0,0,0	0,0,0,0,165,0,0,2,0,0,332,0,0,0,139,15	0,0,0,0,0,0,0,0,0,0,33,0,0,0,20,3	258	149	1
558	0,8,0,0,0	0,11,0,0,0	0,0,0,0,0,0,0,0,0,0,14,0,0,0,0,5	0,0,0,0,95,0,0,0,0,0,106,0,0,0,6,63	173	149	1
559	0,8,0,0,0	0,209,0,0,0	0,0,0,0,14,0,0,0,0,0,0,0,0,0,4,30	0,0,0,0,291,0,0,0,0,0,144,0,0,0,86,118	211	149	1
563	0,11,0,0,0	0,0,0,0,0	0,0,0,0,97,0,0,0,0,0,189,0,0,0,43,74	0,0,0,0,0,0,0,0,0,0,13,0,0,0,1,0	152	149	1
564	0,0,0,0,0	0,24,0,0,0	0,0,0,0,0,0,0,0,0,0,1,0,0,0,0,3	0,0,0,0,182,0,0,0,0,0,329,0,0,0,98,54	201	149	1
566	0,28,0,0,0	0,55,0,0,0	0,0,0,0,109,0,0,0,0,0,140,0,0,0,0,74	0,0,0,0,141,0,0,0,0,0,300,0,0,0,9,78	158	149	1
567	0,4,0,0,0	0,0,0,0,0	0,0,0,0,0,0,0,0,0,0,10,0,0,0,0,4	0,0,0,0,0,0,0,0,0,0,2,0,0,0,0,0	152	149	1
569	0,77,0,0,0	0,19,0,0,0	0,0,0,0,158,0,0,0,0,0,261,0,0,0,19,50	0,0,0,0,131,0,0,0,0,0,140,0,0,0,6,15	152	149	1
570	0,4,0,0,0	0,0,0,0,0	0,0,0,0,0,0,0,0,0,0,6,0,0,0,0,1	0,0,0,0,0,0,0,0,0,0,1,0,0,0,0,0	152	149	1
572	0,78,0,0,0	0,106,0,0,0	0,0,0,0,396,0,0,0,0,2,241,0,0,0,65,77	0,0,0,0,418,0,0,2,0,0,299,0,0,0,43,122	161	149	1
573	0,141,0,0,0	0,0,0,0,0	0,0,0,0,479,4,0,6,2,0,421,0,0,0,326,123	0,0,0,0,18,0,0,0,0,0,3,0,0,0,0,0	592	149	1
574	0,4,0,0,0	0,155,0,0,0	0,0,0,0,105,0,0,0,0,0,40,0,0,0,2,0	0,0,0,0,661,0,0,0,0,0,399,0,0,0,77,5	531	149	1
577	0,39,0,0,0	0,0,0,0,0	0,0,0,0,171,0,0,0,0,0,113,0,0,0,30,46	0,0,0,0,0,0,0,0,0,0,4,0,0,0,0,0	165	149	1
578	0,119,0,0,0	0,678,0,0,0	0,0,0,0,69,0,0,0,0,0,143,0,0,0,15,54	0,0,0,0,1845,0,2,0,4,6,2544,0,0,0,382,487	302	149	1
579	0,36,0,0,0	0,0,0,0,0	0,0,0,0,288,0,0,0,0,0,243,0,0,0,161,77	0,0,0,0,0,0,0,0,0,0,3,0,0,0,0,0	196	149	1
580	0,80,0,0,2	0,8,0,0,0	0,0,0,0,349,2,0,1,0,2,335,0,0,0,103,105	0,0,0,0,22,0,0,0,0,0,0,0,0,0,0,3	239	149	1
582	0,6,0,0,0	0,0,0,0,0	0,0,0,0,56,0,0,0,0,0,8,0,0,0,0,3	0,0,0,0,21,0,0,0,0,0,0,0,0,0,0,0	168	149	1
583	0,19,0,0,0	0,0,0,0,0	0,0,0,0,110,0,0,0,0,0,117,0,0,0,8,0	0,0,0,0,0,0,0,0,0,0,1,0,0,0,0,1	208	149	1
584	0,172,0,0,0	0,14,0,0,0	0,0,0,0,265,0,0,0,0,2,236,0,0,0,11,33	0,0,0,0,0,0,0,0,0,0,1,0,0,0,0,0	755	149	1
586	0,3,0,0,0	0,0,0,0,0	0,0,0,0,34,0,0,0,2,0,102,0,0,0,57,35	0,0,0,0,0,0,0,0,0,0,0,0,0,0,0,1	189	149	1
587	0,4,0,0,0	0,0,0,0,0	0,0,0,0,40,0,0,0,0,0,73,0,0,0,52,74	0,0,0,0,0,0,0,0,0,0,0,0,0,0,0,1	198	149	1
589	0,6,0,0,0	0,0,0,0,2	0,0,0,0,0,0,0,0,0,0,12,0,0,0,6,3	0,0,0,0,8,0,0,0,0,0,2,0,0,0,6,3	227	149	1
591	0,6,0,0,0	0,74,0,0,0	0,0,0,0,37,0,0,0,0,0,1,0,0,0,0,0	0,0,0,0,485,0,0,0,0,0,72,0,0,0,4,3	198	149	1
592	0,246,0,0,0	0,0,0,0,0	0,0,0,0,327,0,0,2,0,0,334,0,0,0,204,6	0,0,0,0,0,0,0,0,0,0,2,0,0,0,0,0	354	149	1
593	0,214,0,0,0	0,6,0,0,0	0,0,0,0,453,0,0,0,0,0,1256,0,0,0,4,87	0,0,0,0,0,0,0,0,0,0,9,0,0,0,0,2	264	149	1
594	0,22,0,0,0	0,132,0,0,0	0,0,0,0,45,0,0,0,0,0,3,0,0,0,25,2	0,0,0,0,109,0,0,0,0,0,6,0,0,0,73,1	181	149	1
595	0,61,0,0,0	0,0,0,0,0	0,0,0,0,76,0,0,0,0,0,11,0,0,0,29,2	0,0,0,0,14,0,0,0,0,0,0,0,0,0,0,0	215	149	1
596	0,171,0,0,0	0,0,0,0,0	0,0,0,0,140,0,0,0,0,0,14,0,0,0,77,1	0,0,0,0,14,0,0,0,0,0,0,0,0,0,0,0	183	149	1
597	0,15,0,0,0	0,44,0,0,0	0,0,0,0,5,0,0,0,0,0,0,0,0,0,7,2	0,0,0,0,7,0,0,0,0,0,0,0,0,0,4,0	181	149	1
599	0,21,0,0,0	0,147,0,0,0	0,0,0,0,5,0,0,0,0,0,10,0,0,0,0,6	0,0,0,0,148,0,0,0,0,0,251,0,0,0,100,24	152	149	1
601	0,18,0,0,0	0,90,0,0,0	0,0,0,0,54,0,0,0,0,0,22,0,0,0,5,3	0,0,0,0,489,0,0,0,0,0,738,0,0,0,160,5	182	149	1
602	0,18,0,0,0	0,0,0,0,0	0,0,0,0,73,0,0,0,0,0,24,0,0,0,5,3	0,0,0,0,0,0,0,0,0,0,3,0,0,0,0,3	191	149	1
603	0,90,0,0,0	0,0,0,0,0	0,0,0,0,508,0,0,0,0,0,740,0,0,0,160,5	0,0,0,0,0,0,0,0,0,0,3,0,0,0,0,3	158	149	1
604	0,13,0,0,0	0,302,0,0,0	0,0,0,0,154,0,0,0,0,0,30,0,0,0,0,0	0,0,0,0,860,0,0,0,4,0,977,0,0,0,12,28	226	149	1
605	0,497,0,0,0	0,0,0,0,0	0,0,0,0,939,0,0,0,0,0,1043,0,0,0,22,30	0,0,0,0,29,0,0,0,0,0,36,0,0,0,7,0	298	149	1
606	0,28,0,0,0	0,5,0,0,0	0,0,0,0,332,0,0,0,0,0,87,0,0,0,68,7	0,0,0,0,0,0,0,0,0,0,0,0,0,0,6,0	236	149	1
607	0,12,0,0,0	0,0,0,0,0	0,0,0,0,258,0,0,0,0,0,158,0,0,0,10,2	0,0,0,0,17,0,0,0,0,0,6,0,0,0,1,0	532	149	1
608	0,1152,0,0,0	0,0,0,0,0	0,0,0,0,1006,0,0,3,0,0,2276,0,0,0,848,74	0,0,0,0,0,0,0,0,0,0,2,0,0,0,0,0	291	149	1
609	0,558,0,0,0	0,23,0,0,0	0,0,0,0,483,0,0,1,0,0,1426,0,0,0,260,56	0,0,0,0,10,0,0,0,0,0,69,0,0,0,27,3	206	149	1
610	0,568,0,0,0	0,2,0,0,0	0,0,0,0,595,0,0,0,0,0,1495,0,0,0,234,32	0,0,0,0,0,0,0,0,0,0,0,0,0,0,0,0	197	149	1
615	0,12,0,0,0	0,61,0,0,0	0,0,0,0,39,0,0,0,0,0,8,0,0,0,0,5	0,0,0,0,205,0,0,0,0,0,320,0,0,0,95,19	326	149	1
616	0,0,0,0,0	0,7,0,0,0	0,0,0,0,10,0,0,0,0,0,0,0,0,0,0,3	0,0,0,0,0,0,0,0,0,0,1,0,0,0,0,2	152	149	1
617	0,1,0,0,0	0,0,0,0,0	0,0,0,0,51,0,0,0,0,0,56,0,0,0,29,2	0,0,0,0,0,0,0,0,0,0,0,0,0,0,2,0	187	149	1
620	0,8,0,0,0	0,0,0,0,0	0,0,0,0,12,0,0,0,0,0,0,0,0,0,0,0	0,0,0,0,6,0,0,0,0,0,0,0,0,0,0,0	551	149	1
621	0,74,0,0,0	0,131,0,0,0	0,0,0,0,94,0,0,0,0,0,65,0,0,0,0,17	0,0,0,0,38,0,0,0,0,0,281,0,0,0,0,26	223	149	1
622	0,1,0,0,0	0,136,0,0,0	0,0,0,0,0,0,0,0,0,0,9,0,0,0,1,4	0,0,0,0,149,0,0,2,0,2,709,0,0,0,124,143	217	149	1
623	0,22,0,0,0	0,2,0,0,0	0,0,0,0,35,0,0,0,0,0,34,0,0,0,0,0	0,0,0,0,0,0,0,0,0,0,4,0,0,0,0,0	153	149	1
625	0,83,0,0,0	0,177,0,0,2	0,0,0,0,221,0,0,0,0,0,137,0,0,0,19,29	0,0,0,0,190,0,0,0,0,0,190,0,0,0,32,16	152	149	1
626	0,590,0,0,0	0,171,0,0,0	0,0,0,0,332,0,0,0,0,0,379,0,0,0,1,7	0,0,0,0,68,0,0,0,0,0,155,0,0,0,0,7	155	149	1
627	0,88,0,0,0	0,0,0,0,0	0,0,0,0,620,0,0,0,0,0,851,0,0,0,30,94	0,0,0,0,0,0,0,0,0,0,13,0,0,0,0,0	185	149	1
647	0,50,0,0,2	0,0,0,0,0	0,0,0,0,338,0,0,0,0,0,442,0,0,0,80,32	0,0,0,0,0,0,0,0,0,0,0,0,0,0,0,1	153	149	1
648	0,95,0,0,2	0,0,0,0,0	0,0,0,0,688,0,0,0,0,2,363,0,0,0,8,7	0,0,0,0,4,0,0,0,0,0,4,0,0,0,0,0	212	149	1
649	0,213,0,0,0	0,0,0,0,0	0,0,0,0,74,0,0,0,0,0,180,0,0,0,30,19	0,0,0,0,0,0,0,0,0,0,4,0,0,0,0,0	236	149	1
650	0,456,0,0,0	0,20,0,0,0	0,0,0,0,181,0,0,0,0,0,284,0,0,0,23,26	0,0,0,0,0,0,0,0,0,0,8,0,0,0,0,0	236	149	1
651	0,3,0,0,0	0,491,0,0,0	0,0,0,0,11,0,0,0,0,0,17,0,0,0,0,5	0,0,0,0,143,0,0,0,0,0,279,0,0,0,154,18	281	149	1
652	0,423,0,0,0	0,544,0,0,0	0,0,0,0,140,0,0,0,0,0,254,0,0,0,33,1	0,0,0,0,117,0,0,2,0,0,462,0,0,0,178,0	284	149	1
653	0,482,0,0,0	0,544,0,0,0	0,0,0,0,106,0,0,0,0,0,331,0,0,0,64,1	0,0,0,0,117,0,0,2,0,0,462,0,0,0,178,0	287	149	1
654	0,160,0,0,0	0,101,0,0,0	0,0,0,0,32,0,0,0,0,0,182,0,0,0,35,0	0,0,0,0,66,0,0,0,0,0,105,0,0,0,4,0	152	149	1
655	0,492,0,0,2	0,493,0,0,0	0,0,0,0,1,0,0,1,0,0,134,0,0,0,2,106	0,0,0,0,0,0,0,0,0,2,107,0,0,0,4,67	152	149	1
656	0,1422,0,0,2	0,9,0,0,0	0,0,0,0,1,0,0,0,0,0,209,0,0,0,8,132	0,0,0,0,0,0,0,0,0,0,1,0,0,0,0,0	155	149	1
658	0,10,0,0,0	0,2,0,0,0	0,0,0,0,27,0,0,0,0,0,46,0,0,0,0,1	0,0,0,0,0,0,0,0,0,0,0,0,0,0,0,0	152	149	1
659	0,0,0,0,0	0,4,0,0,0	0,0,0,0,6,0,0,0,0,0,0,0,0,0,0,0	0,0,0,0,61,0,0,0,0,0,44,0,0,0,0,2	227	149	1
660	0,0,0,0,0	0,9,0,0,0	0,0,0,0,0,0,0,1,0,0,1,0,0,0,0,0	0,0,0,0,41,0,0,1,0,0,78,0,0,0,3,22	179	149	1
661	0,6,0,0,0	0,185,0,0,0	0,0,0,0,0,0,0,0,0,0,0,0,0,0,9,0	0,0,0,0,357,0,0,0,0,0,918,0,0,0,38,96	256	149	1
663	0,111,0,0,0	0,70,0,0,0	0,0,0,0,235,0,0,0,0,0,510,0,0,0,52,29	0,0,0,0,337,0,0,0,0,0,484,0,0,0,42,23	152	149	1
664	0,302,0,0,0	0,0,0,0,0	0,0,0,0,219,0,0,0,0,0,467,0,0,0,20,50	0,0,0,0,0,0,0,0,0,0,28,0,0,0,0,0	185	149	1
665	0,477,0,0,0	0,0,0,0,0	0,0,0,0,336,0,0,0,0,0,819,0,0,0,39,71	0,0,0,0,9,0,0,0,0,0,0,0,0,0,0,0	159	149	1
668	0,159,0,0,0	0,0,0,0,0	0,0,0,0,329,0,0,2,0,0,884,0,0,0,83,109	0,0,0,0,0,0,0,0,0,0,2,0,0,0,0,0	615	149	1
669	0,33,0,0,0	0,0,0,0,0	0,0,0,0,18,0,0,0,0,0,25,0,0,0,2,11	0,0,0,0,0,0,0,0,0,0,4,0,0,0,0,4	153	149	1
670	0,32,0,0,0	0,2,0,0,0	0,0,0,0,18,0,0,0,0,0,15,0,0,0,2,0	0,0,0,0,19,0,0,0,0,0,4,0,0,0,0,4	153	149	1
671	0,679,0,0,0	0,182,0,0,0	0,0,0,0,1227,0,0,1,0,0,1702,0,0,0,393,41	0,0,0,0,219,0,0,0,0,4,233,0,0,0,97,2	153	149	1
673	0,435,0,0,2	0,0,0,0,0	0,0,0,0,277,0,0,0,0,0,623,0,0,0,13,104	0,0,0,0,16,0,0,0,0,0,4,0,0,0,0,0	153	149	1
675	0,617,0,0,0	0,3,0,0,0	0,0,0,0,1164,0,0,4,0,0,1419,0,0,0,2,15	0,0,0,0,0,0,0,0,0,0,5,0,0,0,0,0	153	149	1
676	0,22,0,0,0	0,4,0,0,0	0,0,0,0,30,0,0,0,0,0,100,0,0,0,5,4	0,0,0,0,0,0,0,0,0,0,0,0,0,0,0,0	259	149	1
678	0,0,0,0,0	0,10800,0,0,18	0,0,0,0,7,0,0,0,0,0,22,0,0,0,0,15	0,0,0,0,15263,0,0,18,12,9,25602,0,0,0,75,1109	207	149	1
679	0,1102,0,0,4	0,19,0,0,0	0,0,0,0,1320,0,0,2,0,0,1822,0,0,0,3,79	0,0,0,0,19,0,0,0,0,0,58,0,0,0,0,1	214	149	1
680	0,0,0,0,0	0,10800,0,0,18	0,0,0,0,8,0,0,0,0,0,6,0,0,0,0,14	0,0,0,0,15263,0,0,18,12,9,25602,0,0,0,75,1109	200	149	1
681	0,1102,0,0,4	0,19,0,0,0	0,0,0,0,1321,0,0,2,0,0,1806,0,0,0,3,78	0,0,0,0,19,0,0,0,0,0,58,0,0,0,0,1	207	149	1
682	0,11902,0,0,22	0,19,0,0,0	0,0,0,0,16576,0,0,20,12,9,27402,0,0,0,78,1173	0,0,0,0,19,0,0,0,0,0,58,0,0,0,0,1	156	149	1
683	0,91,0,0,0	0,22,0,0,2	0,0,0,0,339,0,0,0,0,0,329,0,0,0,98,108	0,0,0,0,57,0,0,0,0,0,63,0,0,0,49,28	152	149	1
684	0,957,0,0,2	0,0,0,0,0	0,0,0,0,1235,0,0,2,0,0,3020,0,0,0,2,82	0,0,0,0,0,0,0,0,0,0,3,0,0,0,0,0	457	149	1
685	0,8,0,0,0	0,1316,0,0,2	0,0,0,0,1,0,0,0,0,0,43,0,0,0,0,1	0,0,0,0,1622,0,0,3,0,0,3855,0,0,0,6,118	239	149	1
686	0,4560,0,0,0	0,5,0,0,0	0,0,0,0,1152,0,0,3,4,4,5065,0,0,0,38,154	0,0,0,0,0,0,0,0,0,0,14,0,0,0,1,0	153	149	1
687	0,2,0,0,0	0,0,0,0,0	0,0,0,0,0,0,0,0,0,0,9,0,0,0,0,1	0,0,0,0,14,0,0,0,0,0,2,0,0,0,0,0	190	149	1
690	0,144,0,0,0	0,0,0,0,0	0,0,0,0,542,0,0,0,0,0,215,0,0,0,0,38	0,0,0,0,0,0,0,0,0,0,1,0,0,0,0,1	179	149	1
691	0,134,0,0,0	0,5488,1,0,2	0,0,0,0,95,0,0,0,0,0,23,0,0,0,16,0	0,0,0,0,4443,0,2,6,0,2,7348,0,0,0,1888,271	210	149	1
692	0,106,0,0,0	0,5679,1,0,2	0,0,0,0,102,0,0,0,0,0,147,0,0,0,27,4	0,0,0,0,4414,0,2,6,0,2,7432,0,0,0,1789,286	171	149	1
693	0,7609,0,0,4	0,77,0,0,0	0,0,0,0,5072,0,2,4,4,8,8533,0,0,0,1283,341	0,0,0,0,88,0,0,0,0,0,141,0,0,0,11,5	182	149	1
694	0,143,0,0,0	0,1578,0,0,0	0,0,0,0,82,0,0,2,0,0,116,0,0,0,0,0	0,0,0,0,1437,0,0,0,0,0,2492,0,0,0,64,17	171	149	1
695	0,1278,0,0,0	0,0,0,0,0	0,0,0,0,1015,0,0,2,0,2,1950,0,0,0,173,40	0,0,0,0,0,0,0,0,0,0,1,0,0,0,0,0	153	149	1
696	0,236,0,0,0	0,0,0,0,0	0,0,0,0,118,0,0,0,0,0,738,0,0,0,28,16	0,0,0,0,10,0,0,0,0,0,1,0,0,0,0,0	156	149	1
697	0,325,0,0,0	0,12,0,0,0	0,0,0,0,187,0,0,0,0,0,948,0,0,0,2,17	0,0,0,0,4,0,0,0,0,0,0,0,0,0,0,0	189	149	1
698	0,269,0,0,0	0,0,0,0,0	0,0,0,0,832,0,0,0,0,0,710,0,0,0,0,98	0,0,0,0,0,0,0,0,0,0,6,0,0,0,0,0	212	149	1
699	0,0,0,0,0	0,60,0,0,0	0,0,0,0,0,0,0,0,0,0,6,0,0,0,0,9	0,0,0,0,126,0,0,0,0,0,460,0,0,0,20,39	328	149	1
700	0,98,0,0,0	0,0,0,0,0	0,0,0,0,467,0,0,0,0,2,806,0,0,0,37,78	0,0,0,0,0,0,0,0,0,0,4,0,0,0,0,1	158	149	1
701	0,105,0,0,0	0,0,0,0,0	0,0,0,0,439,0,0,0,0,0,639,0,0,0,50,21	0,0,0,0,16,0,0,0,0,0,10,0,0,0,0,0	170	149	1
704	0,1051,0,0,0	0,7,0,0,0	0,0,0,0,312,0,0,0,0,0,1204,0,0,0,71,48	0,0,0,0,0,0,0,0,0,0,10,0,0,0,0,0	156	149	1
705	0,1524,0,0,2	0,24,0,0,0	0,0,0,0,176,0,0,0,0,0,646,0,0,0,5,46	0,0,0,0,0,0,0,0,0,0,2,0,0,0,0,0	226	149	1
706	0,920,0,0,2	0,13,0,0,0	0,0,0,0,103,0,0,0,0,0,262,0,0,0,5,42	0,0,0,0,0,0,0,0,0,0,3,0,0,0,0,0	226	149	1
707	0,85,0,0,2	0,0,0,0,0	0,0,0,0,250,2,4,0,0,0,149,0,0,0,380,44	0,0,0,0,6,0,0,0,0,0,5,0,0,0,16,1	230	149	1
708	0,678,0,0,0	0,11,0,0,0	0,0,0,0,103,0,0,0,0,0,92,0,0,0,39,7	0,0,0,0,0,0,0,0,0,0,0,0,0,0,0,0	152	149	1
709	0,21,0,0,0	0,900,0,0,0	0,0,0,0,0,0,0,0,0,0,0,0,0,0,0,0	0,0,0,0,131,0,0,0,0,0,84,0,0,0,24,2	161	149	1
710	0,220,0,0,0	0,104,0,0,0	0,0,0,0,74,0,0,0,0,0,206,0,0,0,0,2	0,0,0,0,25,0,0,0,0,0,83,0,0,0,0,1	184	149	1
711	0,140,0,0,0	0,15,0,0,0	0,0,0,0,25,0,0,0,0,0,90,0,0,0,0,1	0,0,0,0,4,0,0,0,0,0,5,0,0,0,0,0	324	149	1
712	0,358,0,0,0	0,1,0,0,0	0,0,0,0,131,0,0,0,0,0,261,0,0,0,0,19	0,0,0,0,0,0,0,0,0,0,0,0,0,0,0,0	173	149	1
714	0,0,0,0,0	0,10,0,0,2	0,0,0,0,0,0,0,0,0,0,2,0,0,0,4,2	0,0,0,0,34,0,0,0,0,0,29,0,0,0,56,12	299	149	1
715	0,0,0,0,0	0,10,0,0,2	0,0,0,0,0,0,0,0,0,0,0,0,0,0,4,0	0,0,0,0,34,0,0,0,0,0,29,0,0,0,56,12	221	149	1
716	0,18,0,0,0	0,73,0,0,0	0,0,0,0,0,0,0,0,0,0,3,0,0,0,0,4	0,0,0,0,87,0,0,0,0,0,84,0,0,0,10,0	270	149	1
717	0,7,0,0,0	0,53,0,0,0	0,0,0,0,0,0,0,0,0,0,0,0,0,0,0,0	0,0,0,0,143,0,0,0,0,0,97,0,0,0,4,7	202	149	1
720	0,0,0,0,0	0,4,0,0,0	0,0,0,0,0,0,0,0,0,0,8,0,0,0,0,2	0,0,0,0,0,0,0,0,0,0,770,0,0,0,0,69	201	149	1
721	0,0,0,0,0	0,1,0,0,0	0,0,0,0,0,0,0,0,0,0,7,0,0,0,0,2	0,0,0,0,23,0,0,0,0,0,455,0,0,0,3,25	243	149	1
729	0,1602,0,0,0	0,0,0,0,0	0,0,0,0,306,0,0,12,0,0,2264,0,0,0,109,84	0,0,0,0,0,0,0,0,0,0,2,0,0,0,0,0	783	149	1
730	0,1453,0,0,0	0,3,0,0,0	0,0,0,0,1032,0,0,0,2,0,2190,0,0,0,454,545	0,0,0,0,0,0,0,0,0,0,11,0,0,0,0,0	2550	149	1
731	0,0,0,0,0	0,14,0,0,0	0,0,0,0,0,0,0,0,0,0,3,0,0,0,10,1	0,0,0,0,12,0,0,0,0,0,25,0,0,0,12,11	294	149	1
732	0,463,0,0,0	0,251,0,0,1	0,0,0,0,1596,0,0,2,0,2,2364,0,0,0,196,329	0,0,0,0,751,0,0,0,0,2,1231,0,0,0,126,94	152	149	1
733	0,33,0,0,2	0,157,0,0,0	0,0,0,0,267,0,0,0,0,0,315,0,0,0,40,33	0,0,0,0,869,0,0,6,9,0,1204,0,0,0,171,203	152	149	1
744	0,7,2,0,0	0,1,0,0,0	0,0,0,0,0,0,0,0,0,0,8,0,0,0,4,0	0,0,0,0,1,0,0,0,0,0,2,0,0,0,1,0	171	149	1
745	0,7,2,0,0	0,8,0,0,0	0,0,0,0,0,0,0,0,0,0,9,0,0,0,4,0	0,0,0,0,20,0,0,1,0,0,47,0,0,0,22,0	171	149	1
746	0,7,2,0,0	0,191,0,0,0	0,0,0,0,0,0,0,0,0,0,9,0,0,0,11,0	0,0,0,0,254,2,0,0,0,0,408,0,0,0,405,9	171	149	1
747	0,1526,10,0,8	0,2,0,0,0	0,0,0,0,4556,22,12,9,6,4,4944,0,0,0,8698,525	0,0,0,0,0,0,0,0,0,0,1,0,0,0,0,0	4704	149	1
750	0,3,0,0,0	0,36,0,0,1	0,0,0,0,42,0,0,0,0,0,59,0,0,0,53,3	0,0,0,0,246,0,0,2,0,0,390,0,0,0,288,11	167	149	1
751	0,0,0,0,0	0,6,0,0,0	0,0,0,0,20,0,0,0,0,0,69,0,0,0,318,41	0,0,0,0,10,0,0,0,0,0,11,0,0,0,138,10	152	149	1
755	0,126,0,0,0	0,1,0,0,0	0,0,0,0,250,4,2,0,0,0,610,0,0,0,93,26	0,0,0,0,11,0,0,0,0,0,13,0,0,0,0,0	158	149	1
758	0,5,0,0,0	0,0,0,0,0	0,0,0,0,74,0,0,0,0,0,59,0,0,0,91,8	0,0,0,0,19,0,0,0,0,0,17,0,0,0,38,1	178	149	1
759	0,212,0,0,0	0,7,0,0,0	0,0,0,0,201,0,0,0,0,0,362,0,0,0,108,19	0,0,0,0,0,0,0,0,0,0,20,0,0,0,8,0	212	149	1
760	0,80,0,0,0	0,7,0,0,0	0,0,0,0,62,0,0,0,0,0,138,0,0,0,48,13	0,0,0,0,0,0,0,0,0,0,20,0,0,0,8,0	250	149	1
761	0,7,0,0,0	0,139,0,0,0	0,0,0,0,0,0,0,0,0,0,7,0,0,0,0,2	0,0,0,0,139,0,0,0,0,0,231,0,0,0,60,8	187	149	1
762	0,149,0,0,2	0,18,0,0,0	0,0,0,0,148,0,0,0,0,0,610,0,0,0,84,11	0,0,0,0,7,0,0,0,0,0,18,0,0,0,0,0	220	149	1
764	0,115,0,0,0	0,0,0,0,0	0,0,0,0,909,0,2,0,2,2,2083,0,0,0,501,73	0,0,0,0,0,0,0,0,0,0,12,0,0,0,1,0	274	149	1
766	0,260,2,0,2	0,0,0,0,0	0,0,0,0,1022,0,0,2,0,0,2659,0,0,0,652,27	0,0,0,0,0,0,0,0,0,0,1,0,0,0,0,0	159	149	1
767	0,38,0,0,0	0,368,0,0,4	0,0,0,0,264,0,0,0,0,0,22,0,0,0,48,11	0,0,0,0,1360,0,0,6,0,0,2643,0,0,0,517,56	658	149	1
769	0,445,0,0,2	0,0,0,0,0	0,0,0,0,1675,0,0,2,0,0,2629,0,0,0,479,83	0,0,0,0,0,0,0,0,0,0,2,0,0,0,3,0	158	149	1
770	0,605,0,0,2	0,0,0,0,0	0,0,0,0,2164,0,0,2,0,0,2515,0,0,0,483,98	0,0,0,0,4,0,0,0,0,0,0,0,0,0,0,0	437	149	1
771	0,24,0,0,0	0,265,0,0,0	0,0,0,0,47,0,0,0,0,0,35,0,0,0,17,2	0,0,0,0,161,0,0,0,0,0,271,0,0,0,77,0	200	149	1
772	0,6,0,0,0	0,15,0,0,0	0,0,0,0,0,0,0,0,0,0,11,0,0,0,1,0	0,0,0,0,0,0,0,0,0,0,9,0,0,0,0,0	154	149	1
776	0,160,0,0,0	0,4,0,0,0	0,0,0,0,274,0,0,2,0,0,631,0,0,0,7,7	0,0,0,0,0,0,0,0,0,0,0,0,0,0,0,0	164	149	1
777	0,3,0,0,0	0,185,0,0,0	0,0,0,0,21,0,0,0,0,0,3,0,0,0,4,0	0,0,0,0,432,0,0,0,0,0,626,0,0,0,37,2	221	149	1
778	0,36,0,0,0	0,0,0,0,0	0,0,0,0,68,0,0,0,0,0,39,0,0,0,34,2	0,0,0,0,26,0,0,0,0,0,0,0,0,0,8,0	297	149	1
779	0,14,0,0,0	0,0,0,0,0	0,0,0,0,0,0,0,0,0,0,3,0,0,0,4,0	0,0,0,0,0,0,0,0,0,0,4,0,0,0,0,0	175	149	1
780	0,16,0,0,0	0,47,0,0,0	0,0,0,0,9,0,0,0,0,0,7,0,0,0,10,0	0,0,0,0,256,0,0,0,0,0,349,0,0,0,53,11	206	149	1
781	0,2,0,0,0	0,47,0,0,0	0,0,0,0,9,0,0,0,0,0,8,0,0,0,6,0	0,0,0,0,256,0,0,0,0,0,349,0,0,0,53,11	180	149	1
782	0,0,0,0,0	0,36,0,0,0	0,0,0,0,11,0,0,0,0,0,0,0,0,0,0,0	0,0,0,0,197,0,0,0,0,0,297,0,0,0,88,11	163	149	1
786	0,128,0,0,0	0,17,0,0,0	0,0,0,0,314,0,0,0,0,0,384,0,0,0,2,8	0,0,0,0,52,0,0,0,0,0,29,0,0,0,0,0	152	149	1
788	0,3,0,0,0	0,0,0,0,0	0,0,0,0,6,0,0,0,0,0,0,0,0,0,7,11	0,0,0,0,0,0,0,0,0,0,4,0,0,0,0,8	323	149	1
794	0,0,0,0,0	0,3,0,0,0	0,0,0,0,17,0,0,0,0,0,0,0,0,0,0,1	0,0,0,0,4,0,0,0,0,0,4,0,0,0,0,0	278	149	1
796	0,5,0,0,0	0,5,0,0,0	0,0,0,0,71,0,0,0,0,0,21,0,0,0,35,9	0,0,0,0,24,0,0,0,0,0,32,0,0,0,38,5	161	149	1
797	0,15,0,0,0	0,12,0,0,0	0,0,0,0,59,0,0,0,0,0,50,0,0,0,70,5	0,0,0,0,15,0,0,0,0,0,48,0,0,0,61,0	152	149	1
798	0,19,0,0,0	0,0,0,0,0	0,0,0,0,24,0,0,0,0,0,60,0,0,0,28,3	0,0,0,0,9,0,0,0,0,0,12,0,0,0,0,1	153	149	1
800	0,11,0,0,0	0,75,0,0,0	0,0,0,0,0,0,0,0,0,0,11,0,0,0,16,3	0,0,0,0,64,0,0,0,0,0,55,0,0,0,57,2	223	149	1
801	0,325,2,0,0	0,4,0,0,0	0,0,0,0,252,0,0,0,0,0,95,0,0,0,166,28	0,0,0,0,0,0,0,0,0,0,0,0,0,0,10,0	1292	149	1
802	0,378,2,0,0	0,3,0,0,0	0,0,0,0,235,0,0,0,0,0,73,0,0,0,177,27	0,0,0,0,13,0,0,0,0,0,26,0,0,0,42,5	1292	149	1
803	0,359,2,0,0	0,3,0,0,0	0,0,0,0,233,0,0,0,0,0,46,0,0,0,172,26	0,0,0,0,13,0,0,0,0,0,26,0,0,0,42,5	1419	149	1
804	0,41,0,0,0	0,60,0,0,0	0,0,0,0,24,0,0,0,0,0,0,0,0,0,6,0	0,0,0,0,26,0,0,0,0,0,27,0,0,0,11,1	276	149	1
805	0,2,0,0,0	0,2,0,0,0	0,0,0,0,0,0,0,0,0,0,0,0,0,0,0,2	0,0,0,0,17,0,0,0,0,0,12,0,0,0,18,0	153	149	1
806	0,3,0,0,0	0,5,0,0,0	0,0,0,0,0,0,0,0,0,0,1,0,0,0,20,6	0,0,0,0,0,0,0,0,0,0,9,0,0,0,13,1	230	149	1
808	0,5,0,0,0	0,93,0,0,0	0,0,0,0,9,0,0,0,0,0,25,0,0,0,3,0	0,0,0,0,520,0,0,0,0,0,719,0,0,0,111,9	186	149	1
809	0,0,0,0,0	0,0,4,0,0	0,0,0,0,14,0,0,0,0,0,4,0,0,0,0,0	0,0,0,0,442,0,0,0,0,0,176,0,0,0,200,18	196	149	1
810	0,10,0,0,0	0,0,0,0,0	0,0,0,0,16,0,0,0,0,0,27,0,0,0,62,0	0,0,0,0,0,0,0,0,0,0,0,0,0,0,4,0	196	149	1
811	0,21,0,0,0	0,0,0,0,0	0,0,0,0,130,0,0,0,2,0,220,0,0,0,337,39	0,0,0,0,0,0,0,0,0,0,0,0,0,0,4,0	365	149	1
812	0,11,0,0,0	0,0,0,0,0	0,0,0,0,114,0,0,0,2,0,194,0,0,0,279,39	0,0,0,0,0,0,0,0,0,0,1,0,0,0,4,0	318	149	1
813	0,2,0,0,0	0,0,0,0,0	0,0,0,0,0,0,0,0,0,0,49,0,0,0,12,3	0,0,0,0,18,0,0,0,0,0,44,0,0,0,18,6	152	149	1
818	0,0,0,0,0	0,474,4,0,4	0,0,0,0,0,0,0,0,0,0,1,0,0,0,0,0	0,0,0,0,1008,2,2,2,0,0,2336,0,0,0,2204,42	185	149	1
819	0,9,0,0,0	0,2,0,0,0	0,0,0,0,15,0,0,0,0,0,3,0,0,0,3,0	0,0,0,0,28,0,0,0,0,0,13,0,0,0,0,0	227	149	1
820	0,57,0,0,0	0,1270,2,0,8	0,0,0,0,44,0,0,0,0,0,142,0,0,0,36,0	0,0,0,0,1497,4,0,2,0,0,3227,0,0,0,2312,41	245	149	1
821	0,50,0,0,0	0,1270,2,0,8	0,0,0,0,57,0,0,0,0,0,152,0,0,0,33,0	0,0,0,0,1497,4,0,2,0,0,3227,0,0,0,2312,41	167	149	1
823	0,4,0,0,0	0,11,2,0,0	0,0,0,0,15,0,0,0,0,0,25,0,0,0,40,0	0,0,0,0,129,2,0,0,0,0,181,0,0,0,303,18	170	149	1
824	0,25,4,0,4	0,0,0,0,0	0,0,0,0,188,2,2,1,0,2,184,0,0,0,382,40	0,0,0,0,0,0,0,0,0,0,0,0,0,0,0,1	214	149	1
825	0,0,0,0,0	0,26,0,0,0	0,0,0,0,0,0,0,0,0,0,6,0,0,0,0,0	0,0,0,0,32,0,0,0,0,0,143,0,0,0,47,2	169	149	1
826	0,21,0,0,0	0,2,0,0,0	0,0,0,0,83,0,0,0,0,0,12,0,0,0,8,10	0,0,0,0,0,0,0,0,0,0,0,0,0,0,1,4	152	149	1
827	0,162,0,0,0	0,0,0,0,0	0,0,0,0,98,2,0,0,0,0,299,0,0,0,174,37	0,0,0,0,0,0,0,0,0,0,1,0,0,0,0,0	152	149	1
828	0,29,0,0,0	0,8,0,0,0	0,0,0,0,149,2,0,2,0,0,196,0,0,0,45,24	0,0,0,0,12,0,0,0,0,0,0,0,0,0,0,1	177	149	1
829	0,5,0,0,0	0,25,0,0,0	0,0,0,0,2,0,0,0,0,0,39,0,0,0,4,5	0,0,0,0,96,0,0,0,0,0,227,0,0,0,88,18	179	149	1
830	0,6,0,0,0	0,15,0,0,0	0,0,0,0,18,0,0,0,0,0,1,0,0,0,0,0	0,0,0,0,102,0,0,0,0,2,236,0,0,0,126,17	211	149	1
831	0,10,0,0,0	0,0,0,0,0	0,0,0,0,162,0,0,0,0,0,176,0,0,0,110,18	0,0,0,0,0,0,0,0,0,0,0,0,0,0,0,1	178	149	1
832	0,6,0,0,0	0,0,0,0,0	0,0,0,0,30,0,0,0,0,0,101,0,0,0,5,9	0,0,0,0,10,0,0,0,0,0,3,0,0,0,0,0	154	149	1
834	0,5,0,0,0	0,0,0,0,0	0,0,0,0,76,0,0,0,0,0,132,0,0,0,40,0	0,0,0,0,0,0,0,0,0,0,10,0,0,0,6,0	193	149	1
838	0,19,0,0,0	0,2,0,0,0	0,0,0,0,22,0,0,0,0,0,66,0,0,0,29,12	0,0,0,0,0,0,0,0,0,0,69,0,0,0,0,4	167	149	1
839	0,16,0,0,0	0,15,0,0,0	0,0,0,0,25,0,0,0,0,0,61,0,0,0,61,0	0,0,0,0,10,0,0,0,0,0,39,0,0,0,29,1	167	149	1
844	0,24,0,0,0	0,370,0,0,0	0,0,0,0,16,0,0,0,0,0,96,0,0,0,26,9	0,0,0,0,698,4,0,4,0,2,3186,0,0,0,924,25	213	149	1
845	0,51,0,0,0	0,0,0,0,0	0,0,0,0,63,0,0,0,0,0,195,0,0,0,87,14	0,0,0,0,0,0,0,0,0,0,1,0,0,0,0,0	539	149	1
846	0,24,0,0,0	0,9,0,0,0	0,0,0,0,16,0,0,0,0,0,96,0,0,0,28,9	0,0,0,0,19,0,0,0,0,0,21,0,0,0,20,0	213	149	1
847	0,720,0,0,0	0,0,0,0,0	0,0,0,0,1026,0,2,2,0,0,3624,0,0,0,721,74	0,0,0,0,5,0,0,0,0,0,0,0,0,0,0,0	163	149	1
870	0,0,0,0,0	0,19,0,0,0	0,0,0,0,0,0,0,0,0,0,4,0,0,0,0,0	0,0,0,0,69,0,0,0,0,0,28,0,0,0,63,6	276	149	1
871	0,2,0,0,0	0,37,0,0,0	0,0,0,0,2,0,0,0,0,0,19,0,0,0,0,1	0,0,0,0,160,0,0,0,0,0,354,0,0,0,189,88	319	149	1
872	0,9,0,0,0	0,10,0,0,0	0,0,0,0,40,0,0,0,0,0,44,0,0,0,30,3	0,0,0,0,46,0,0,2,0,0,23,0,0,0,11,1	152	149	1
873	0,71,0,0,0	0,199,0,0,0	0,0,0,0,80,0,0,0,0,2,102,0,0,0,34,2	0,0,0,0,253,0,0,0,0,0,307,0,0,0,120,12	192	149	1
880	0,22,0,0,0	0,28,0,0,0	0,0,0,0,95,0,0,0,0,0,39,0,0,0,39,7	0,0,0,0,130,0,0,0,0,0,75,0,0,0,67,4	169	149	1
881	0,62,0,0,0	0,3,0,0,0	0,0,0,0,139,0,0,0,0,0,141,0,0,0,44,22	0,0,0,0,0,0,0,0,0,0,0,0,0,0,0,6	171	149	1
884	0,2,0,0,0	0,0,0,0,0	0,0,0,0,71,0,0,0,0,0,21,0,0,0,64,6	0,0,0,0,12,0,0,0,0,0,0,0,0,0,0,0	197	149	1
894	0,5,0,0,0	0,2,0,0,0	0,0,0,0,18,0,0,2,0,0,51,0,0,0,18,14	0,0,0,0,4,0,0,0,0,0,24,0,0,0,27,11	153	149	1
896	0,32,0,0,0	0,0,0,0,0	0,0,0,0,90,0,0,1,0,3,188,0,0,0,24,4	0,0,0,0,8,0,0,0,0,0,2,0,0,0,0,0	154	149	1
897	0,233,0,0,2	0,0,0,0,0	0,0,0,0,371,0,0,2,2,0,337,0,0,0,101,2	0,0,0,0,0,0,0,0,0,0,1,0,0,0,0,0	543	149	1
898	0,28,0,0,2	0,7,0,0,0	0,0,0,0,103,0,0,0,0,4,155,0,0,0,15,5	0,0,0,0,9,0,0,0,0,0,5,0,0,0,1,0	153	149	1
899	0,25,0,0,0	0,0,0,0,0	0,0,0,0,154,0,0,0,0,0,57,0,0,0,14,3	0,0,0,0,0,0,0,0,0,0,0,0,0,0,0,2	191	149	1
900	0,12,0,0,0	0,6,0,0,0	0,0,0,0,34,0,0,0,0,0,0,0,0,0,0,0	0,0,0,0,9,2,0,0,0,0,0,0,0,0,0,1	152	149	1
906	0,43,0,0,0	0,3,0,0,0	0,0,0,0,27,0,0,0,0,0,2,0,0,0,0,1	0,0,0,0,3,0,0,0,0,0,0,0,0,0,0,0	265	149	1
907	0,1470,0,0,0	0,11,0,0,0	0,0,0,0,1681,0,0,17,0,2,1298,0,0,0,1285,81	0,0,0,0,0,0,2,0,0,0,6,0,0,0,10,0	464	149	1
911	0,44,0,0,0	0,497,0,0,0	0,0,0,0,220,0,0,0,0,0,88,0,0,0,28,6	0,0,0,0,1048,0,0,4,0,0,884,0,0,0,359,44	468	149	1
912	0,304,0,0,0	0,4,0,0,0	0,0,0,0,662,2,0,2,2,0,969,0,0,0,312,55	0,0,0,0,39,0,0,0,0,0,19,0,0,0,39,0	244	149	1
913	0,14,0,0,0	0,10,0,0,0	0,0,0,0,0,0,0,0,0,0,0,0,0,0,26,5	0,0,0,0,47,0,0,0,0,0,32,0,0,0,8,0	300	149	1
919	0,137,0,0,0	0,42,0,0,0	0,0,0,0,629,0,0,0,0,0,795,0,0,0,147,38	0,0,0,0,114,0,0,0,0,0,330,0,0,0,87,8	204	149	1
920	0,76,0,0,0	0,12,0,0,0	0,0,0,0,362,0,0,0,0,0,338,0,0,0,60,22	0,0,0,0,0,0,0,0,0,0,7,0,0,0,23,3	204	149	1
921	0,80,0,0,0	0,0,0,0,0	0,0,0,0,362,0,0,0,0,0,335,0,0,0,63,22	0,0,0,0,4,0,0,0,0,0,6,0,0,0,4,0	204	149	1
922	0,4,0,0,0	0,259,2,0,2	0,0,0,0,15,2,0,0,0,0,13,0,0,0,8,10	0,0,0,0,1090,2,0,0,4,2,1275,0,0,0,401,133	266	149	1
923	0,6942,48,0,16	0,39,0,0,0	0,0,0,0,7416,10,6,11,4,6,1137,0,0,0,2307,51	0,0,0,0,0,0,0,0,0,0,0,0,0,0,16,0	5318	149	1
934	0,8,0,0,0	0,0,0,0,0	0,0,0,0,47,0,0,0,0,0,120,0,0,0,158,17	0,0,0,0,0,0,0,0,0,0,3,0,0,0,3,0	161	149	1
935	0,29,0,0,0	0,5,0,0,0	0,0,0,0,90,0,0,0,0,0,41,0,0,0,63,5	0,0,0,0,0,0,0,0,0,0,0,0,0,0,0,0	504	149	1
941	0,7,0,0,0	0,0,0,0,0	0,0,0,0,34,0,0,0,0,0,29,0,0,0,190,8	0,0,0,0,0,0,0,0,0,0,2,0,0,0,4,0	218	149	1
947	0,87,0,0,0	0,10,0,0,0	0,0,0,0,11,0,0,0,0,0,11,0,0,0,0,3	0,0,0,0,0,0,0,0,0,0,2,0,0,0,0,0	213	149	1
948	0,148,0,0,0	0,12,0,0,0	0,0,0,0,269,0,0,0,0,0,219,0,0,0,51,23	0,0,0,0,20,0,0,0,0,0,32,0,0,0,9,7	194	149	1
949	0,32,0,0,0	0,3,0,0,0	0,0,0,0,147,0,0,0,0,0,148,0,0,0,14,3	0,0,0,0,0,0,0,0,0,0,16,0,0,0,0,0	152	149	1
950	0,37,0,0,0	0,0,0,0,0	0,0,0,0,269,0,0,0,0,0,271,0,0,0,88,17	0,0,0,0,0,0,0,0,0,0,4,0,0,0,0,0	157	149	1
951	0,16,0,0,0	0,107,2,0,0	0,0,0,0,13,0,0,0,0,0,56,0,0,0,18,2	0,0,0,0,561,0,0,2,0,2,628,0,0,0,468,41	188	149	1
952	0,4,0,0,0	0,0,0,0,0	0,0,0,0,13,0,0,0,0,0,18,0,0,0,5,2	0,0,0,0,22,0,0,0,0,0,1,0,0,0,3,0	188	149	1
954	0,0,0,0,0	0,4,0,0,0	0,0,0,0,92,0,0,0,0,0,39,0,0,0,67,5	0,0,0,0,0,0,0,0,0,0,4,0,0,0,5,0	152	149	1
955	0,1188,0,0,0	0,16,0,0,0	0,0,0,0,443,0,0,2,2,0,265,0,0,0,143,152	0,0,0,0,3,0,0,0,0,0,2,0,0,0,1,0	180	149	1
956	0,1499,0,0,4	0,56,0,0,0	0,0,0,0,541,0,0,2,0,2,269,0,0,0,17,449	0,0,0,0,0,0,0,0,0,0,44,0,0,0,0,20	257	149	1
960	0,4,0,0,0	0,252,0,0,8	0,0,0,0,0,0,0,0,0,0,16,0,0,0,15,10	0,0,0,0,2171,0,0,10,0,4,3568,0,0,0,1206,320	165	149	1
962	0,55,0,0,0	0,0,0,0,0	0,0,0,0,240,0,0,0,0,0,71,0,0,0,100,6	0,0,0,0,8,0,0,0,0,0,0,0,0,0,18,0	2549	149	1
964	0,7,0,0,0	0,383,0,0,0	0,0,0,0,68,0,0,0,0,0,96,0,0,0,56,0	0,0,0,0,403,0,0,0,0,0,580,0,0,0,309,12	435	149	1
966	0,86,0,0,0	0,0,0,0,0	0,0,0,0,293,0,0,0,0,0,580,0,0,0,139,26	0,0,0,0,0,0,0,0,0,0,4,0,0,0,0,0	196	149	1
968	0,83,0,0,0	0,14,0,0,0	0,0,0,0,88,0,0,0,0,0,94,0,0,0,81,0	0,0,0,0,21,0,0,0,0,0,12,0,0,0,9,0	246	149	1
971	0,71,0,0,2	0,0,0,0,0	0,0,0,0,495,0,0,0,0,0,257,0,0,0,323,22	0,0,0,0,0,0,0,0,0,0,2,0,0,0,0,0	185	149	1
972	0,0,0,0,0	0,12,2,0,0	0,0,0,0,0,0,0,0,0,0,8,0,0,0,0,1	0,0,0,0,21,0,0,0,0,0,76,0,0,0,27,8	152	149	1
973	0,18,0,0,0	0,0,0,0,0	0,0,0,0,32,0,0,0,0,0,3,0,0,0,46,0	0,0,0,0,12,0,0,0,0,0,9,0,0,0,0,0	533	149	1
978	0,466,6,0,0	0,0,0,0,0	0,0,0,0,1151,10,0,8,2,2,860,0,0,0,2437,136	0,0,0,0,0,0,0,0,0,0,0,0,0,0,1,0	2520	149	1
981	0,16,2,0,0	0,0,0,0,0	0,0,0,0,298,0,0,0,0,0,150,0,0,0,412,71	0,0,0,0,0,0,0,0,2,0,0,0,0,0,0,0	197	149	1
983	0,21,2,0,0	0,0,0,0,0	0,0,0,0,119,2,0,0,0,0,81,0,0,0,294,22	0,0,0,0,0,0,0,0,0,0,1,0,0,0,0,0	200	149	1
987	0,0,0,0,0	0,64,0,0,0	0,0,0,0,0,0,0,0,0,0,2,0,0,0,32,3	0,0,0,0,308,0,0,0,0,0,1256,0,0,0,607,50	229	149	1
989	0,0,0,0,0	0,2,0,0,0	0,0,0,0,0,0,0,0,0,0,7,0,0,0,4,0	0,0,0,0,15,0,0,0,0,0,19,0,0,0,5,1	301	149	1
990	0,0,0,0,0	0,2,0,0,0	0,0,0,0,0,0,0,0,0,0,7,0,0,0,14,0	0,0,0,0,15,0,0,0,0,0,19,0,0,0,5,1	166	149	1
992	0,17,0,0,0	0,79,0,0,2	0,0,0,0,19,0,0,2,0,0,39,0,0,0,8,0	0,0,0,0,239,0,0,0,2,4,1290,0,0,0,358,18	180	149	1
995	0,149,0,0,0	0,0,0,0,0	0,0,0,0,334,0,0,4,2,0,1363,0,0,0,485,19	0,0,0,0,0,0,0,0,0,0,0,0,0,0,1,0	166	149	1
996	0,0,0,0,0	0,159,0,0,0	0,0,0,0,11,0,0,0,0,0,49,0,0,0,30,1	0,0,0,0,612,0,0,4,2,0,1430,0,0,0,556,29	169	149	1
997	0,10,0,0,0	0,157,0,0,0	0,0,0,0,40,0,0,0,0,0,34,0,0,0,0,0	0,0,0,0,565,0,0,2,2,0,1547,0,0,0,624,113	169	149	1
999	0,5,0,0,0	0,6,0,0,0	0,0,0,0,15,0,0,0,0,0,4,0,0,0,2,2	0,0,0,0,0,0,0,0,0,0,0,0,0,0,0,0	1103	149	1
1004	0,113,0,0,0	0,5,0,0,0	0,0,0,0,361,2,0,2,4,0,426,0,0,0,1328,79	0,0,0,0,13,0,0,0,0,0,6,0,0,0,5,0	2246	149	1
1008	0,3,0,0,0	0,0,0,0,0	0,0,0,0,0,0,0,0,0,0,0,0,0,0,14,4	0,0,0,0,0,0,0,0,0,0,5,0,0,0,0,0	152	149	1
1009	0,22,0,0,0	0,13,0,0,0	0,0,0,0,48,0,0,0,0,0,25,0,0,0,57,6	0,0,0,0,10,0,0,0,0,0,17,0,0,0,18,2	152	149	1
1010	0,39,0,0,0	0,6,0,0,0	0,0,0,0,248,0,0,0,0,0,79,0,0,0,64,40	0,0,0,0,0,0,0,0,0,0,0,0,0,0,0,1	249	149	1
1011	0,79,0,0,0	0,0,0,0,0	0,0,0,0,459,0,0,0,0,0,175,0,0,0,147,62	0,0,0,0,0,0,0,0,0,0,0,0,0,0,0,4	249	149	1
1013	0,0,0,0,0	0,11,0,0,0	0,0,0,0,15,0,0,0,0,0,4,0,0,0,0,0	0,0,0,0,0,0,0,0,0,0,10,0,0,0,6,6	190	149	1
1014	0,8,0,0,0	0,61,0,0,0	0,0,0,0,40,0,0,0,0,0,15,0,0,0,0,11	0,0,0,0,79,0,0,4,0,0,264,0,0,0,57,32	245	149	1
1015	0,31,0,0,0	0,5,0,0,0	0,0,0,0,113,0,0,0,0,0,149,0,0,0,82,19	0,0,0,0,0,0,0,0,0,0,21,0,0,0,8,1	306	149	1
1016	0,21,0,0,0	0,30,0,0,0	0,0,0,0,14,0,0,0,0,0,45,0,0,0,36,0	0,0,0,0,65,0,0,0,0,0,127,0,0,0,36,7	152	149	1
1017	0,26,0,0,0	0,0,0,0,0	0,0,0,0,64,0,0,0,0,0,60,0,0,0,46,15	0,0,0,0,0,0,0,0,0,0,5,0,0,0,0,0	159	149	1
1021	0,7,0,0,0	0,0,0,0,0	0,0,0,0,0,0,0,0,0,0,13,0,0,0,88,1	0,0,0,0,0,0,0,0,0,0,0,0,0,0,6,0	233	149	1
1022	0,15,0,0,0	0,0,0,0,0	0,0,0,0,32,0,0,0,0,0,36,0,0,0,0,14	0,0,0,0,0,0,0,0,0,0,2,0,0,0,0,0	241	149	1
1029	0,1,0,0,0	0,0,0,0,0	0,0,0,0,0,0,0,0,0,0,13,0,0,0,0,6	0,0,0,0,3,0,0,0,0,0,0,0,0,0,0,0	542	149	1
1030	0,7,0,0,0	0,16,0,0,0	0,0,0,0,17,0,0,0,0,0,8,0,0,0,0,0	0,0,0,0,132,0,0,0,0,0,37,0,0,0,5,11	177	149	1
1031	0,96,0,0,0	0,16,0,0,0	0,0,0,0,152,0,0,0,0,0,67,0,0,0,7,29	0,0,0,0,132,0,0,0,0,0,37,0,0,0,5,11	542	149	1
1032	0,89,0,0,0	0,0,0,0,0	0,0,0,0,152,0,0,0,0,0,60,0,0,0,7,29	0,0,0,0,17,0,0,0,0,0,1,0,0,0,0,0	514	149	1
1034	0,8,0,0,0	0,44,0,0,0	0,0,0,0,0,0,0,0,0,0,0,0,0,0,0,0	0,0,0,0,75,0,0,0,0,0,211,0,0,0,42,11	171	149	1
1035	0,113,0,0,0	0,0,0,0,0	0,0,0,0,72,0,0,2,0,0,70,0,0,0,1,2	0,0,0,0,0,0,0,0,0,0,8,0,0,0,0,0	300	149	1
1036	0,102,1,0,0	0,7,0,0,2	0,0,0,0,229,2,0,0,0,0,343,0,0,0,408,53	0,0,0,0,30,0,0,0,2,0,12,0,0,0,10,8	183	149	1
1039	0,629,0,0,0	0,82,0,0,0	0,0,0,0,365,0,0,0,0,0,1023,0,0,0,214,42	0,0,0,0,58,0,0,0,0,0,176,0,0,0,52,5	157	149	1
1041	0,755,0,0,2	0,0,0,0,0	0,0,0,0,630,0,0,0,0,0,1259,0,0,0,287,182	0,0,0,0,0,0,0,0,0,0,0,0,0,0,1,0	182	149	1
1042	0,84,0,0,0	0,10404,0,0,6	0,0,0,0,28,0,0,0,0,0,7,0,0,0,2,0	0,0,0,0,841,0,0,20,0,0,1939,0,0,0,821,60	163	149	1
1043	0,6601,0,0,4	0,8,0,0,0	0,0,0,0,580,0,0,7,0,0,1513,0,0,0,619,99	0,0,0,0,0,0,0,0,0,0,10,0,0,0,0,0	289	149	1
1044	0,4259,0,0,0	0,0,0,0,0	0,0,0,0,620,0,0,9,0,0,1420,0,0,0,192,122	0,0,0,0,0,0,0,0,0,0,7,0,0,0,0,0	484	149	1
1045	0,257,0,0,0	0,9867,0,0,10	0,0,0,0,122,0,0,0,0,0,287,0,0,0,72,45	0,0,0,0,3960,4,0,12,16,22,20288,0,0,0,4385,1546	222	149	1
1046	0,4587,2,0,4	0,0,0,0,0	0,0,0,0,3287,2,0,7,6,4,16550,0,0,0,3820,422	0,0,0,0,0,0,0,0,0,0,4,0,0,0,21,0	398	149	1
1049	0,3422,8,0,10	0,42,0,0,0	0,0,0,0,3340,14,8,20,0,4,17544,0,0,0,6348,549	0,0,0,0,2,0,0,2,4,2,44,0,0,0,55,8	153	149	1
1050	0,1964,0,0,3	0,0,0,0,0	0,0,0,0,1655,0,6,7,6,3,9542,0,0,0,3211,842	0,0,0,0,0,0,0,0,0,0,25,0,0,0,8,5	205	149	1
1051	0,5344,8,0,13	0,0,0,0,0	0,0,0,0,4993,14,14,25,2,5,27042,0,0,0,9504,1383	0,0,0,0,0,0,0,0,0,0,25,0,0,0,8,5	209	149	1
1052	0,870,0,0,0	0,3,0,0,0	0,0,0,0,1264,0,0,4,0,4,6650,0,0,0,1098,176	0,0,0,0,11,0,0,0,0,0,18,0,0,0,7,7	223	149	1
1053	0,2372,0,0,10	0,3,0,0,0	0,0,0,0,3776,0,0,25,0,8,19678,0,0,0,3055,809	0,0,0,0,11,0,0,0,0,0,18,0,0,0,7,7	230	149	1
1054	0,975,0,0,0	0,3,0,0,0	0,0,0,0,1375,0,0,8,0,4,7210,0,0,0,1158,209	0,0,0,0,11,0,0,0,0,0,18,0,0,0,7,7	332	149	1
1055	0,1504,0,0,10	0,2,0,0,0	0,0,0,0,2512,0,0,21,0,4,13081,0,0,0,1962,633	0,0,0,0,0,0,0,0,0,0,53,0,0,0,5,0	156	149	1
1056	0,107,0,0,0	0,2,0,0,0	0,0,0,0,111,0,0,4,0,0,613,0,0,0,65,33	0,0,0,0,0,0,0,0,0,0,53,0,0,0,5,0	258	149	1
1057	0,52,0,0,0	0,1449,0,0,10	0,0,0,0,37,0,0,4,0,0,244,0,0,0,28,27	0,0,0,0,2438,0,0,21,0,4,12712,0,0,0,1925,627	251	149	1
1058	0,0,0,0,0	0,312,0,0,0	0,0,0,0,0,0,0,0,0,0,4,0,0,0,0,5	0,0,0,0,56,0,0,0,0,2,508,0,0,0,24,32	280	149	1
1059	0,723,0,0,2	0,11,0,0,0	0,0,0,0,134,0,0,0,0,0,943,0,0,0,288,33	0,0,0,0,0,0,0,0,0,0,3,0,0,0,9,0	232	149	1
1060	0,5,0,0,0	0,7,0,0,0	0,0,0,0,0,0,0,0,0,0,16,0,0,0,0,0	0,0,0,0,0,0,0,0,0,0,1,0,0,0,0,0	212	149	1
1061	0,5,0,0,0	0,411,0,0,0	0,0,0,0,0,0,0,0,0,0,21,0,0,0,2,1	0,0,0,0,81,0,0,0,0,0,549,0,0,0,186,8	239	149	1
1062	0,7,0,0,0	0,411,0,0,0	0,0,0,0,0,0,0,0,0,0,6,0,0,0,2,1	0,0,0,0,81,0,0,0,0,0,549,0,0,0,186,8	176	149	1
1064	0,1,0,0,0	0,40,0,0,0	0,0,0,0,26,0,0,0,0,0,16,0,0,0,8,0	0,0,0,0,228,0,0,0,0,2,306,0,0,0,286,68	203	149	1
1065	0,105,0,0,0	0,0,0,0,0	0,0,0,0,496,0,0,0,0,0,503,0,0,0,531,76	0,0,0,0,0,0,0,0,0,0,0,0,0,0,2,0	197	149	1
1067	0,12,0,0,0	0,0,0,0,0	0,0,0,0,0,0,0,0,0,0,0,0,0,0,2,0	0,0,0,0,6,0,0,0,0,0,0,0,0,0,0,0	187	149	1
1068	0,0,0,0,0	0,111,0,0,0	0,0,0,0,0,0,0,0,0,0,3,0,0,0,0,0	0,0,0,0,283,0,0,0,0,0,386,0,0,0,54,52	167	149	1
1070	0,115,0,0,0	0,0,0,0,0	0,0,0,0,347,0,0,0,0,2,459,0,0,0,19,48	0,0,0,0,0,0,0,0,0,0,4,0,0,0,0,2	155	149	1
1071	0,2,0,0,0	0,101,0,0,0	0,0,0,0,0,0,0,0,0,0,5,0,0,0,2,2	0,0,0,0,189,0,0,0,0,2,395,0,0,0,21,26	167	149	1
1074	0,125,0,0,0	0,0,0,0,0	0,0,0,0,318,0,0,0,0,2,502,0,0,0,16,32	0,0,0,0,0,0,0,0,0,0,6,0,0,0,0,0	185	149	1
1075	0,9,0,0,0	0,0,0,0,0	0,0,0,0,0,0,0,0,0,0,32,0,0,0,0,0	0,0,0,0,0,0,0,0,0,0,6,0,0,0,0,0	152	149	1
1076	0,12,0,0,0	0,94,0,0,0	0,0,0,0,0,0,0,0,0,0,8,0,0,0,4,2	0,0,0,0,232,0,0,0,0,0,266,0,0,0,34,21	168	149	1
1083	0,258,0,0,2	0,1,0,0,2	0,0,0,0,474,0,0,2,0,0,495,0,0,0,3,104	0,0,0,0,0,0,0,0,0,0,4,0,0,0,0,0	200	149	1
1084	0,305,0,0,2	0,0,0,0,0	0,0,0,0,534,0,0,2,0,0,629,0,0,0,3,121	0,0,0,0,23,0,0,0,0,0,9,0,0,0,0,0	239	149	1
1085	0,48,0,0,2	0,0,0,0,0	0,0,0,0,60,0,0,0,0,0,138,0,0,0,0,17	0,0,0,0,23,0,0,0,0,0,9,0,0,0,0,0	188	149	1
1086	0,170,0,0,2	0,0,0,0,0	0,0,0,0,305,0,0,0,0,0,476,0,0,0,0,35	0,0,0,0,28,0,0,0,0,0,12,0,0,0,0,1	155	149	1
1087	0,406,0,0,0	0,8,0,0,0	0,0,0,0,690,0,0,0,0,0,630,0,0,0,23,64	0,0,0,0,0,0,0,0,0,0,2,0,0,0,0,0	254	149	1
1088	0,6,0,0,0	0,279,0,0,0	0,0,0,0,27,0,0,0,0,0,6,0,0,0,0,0	0,0,0,0,355,0,0,0,0,0,429,0,0,0,23,37	185	149	1
1089	0,0,0,0,0	0,2,0,0,0	0,0,0,0,16,0,0,0,0,0,1,0,0,0,0,0	0,0,0,0,13,0,0,0,0,0,7,0,0,0,0,0	178	149	1
1090	0,175,0,0,0	0,6,0,0,0	0,0,0,0,372,0,0,4,0,0,382,0,0,0,24,20	0,0,0,0,0,0,0,0,0,0,0,0,0,0,0,0	235	149	1
1092	0,52,0,0,0	0,11,0,0,0	0,0,0,0,47,0,0,2,0,0,41,0,0,0,180,44	0,0,0,0,57,0,0,0,0,0,105,0,0,0,85,15	675	149	1
1093	0,37,0,0,0	0,2,0,0,0	0,0,0,0,233,0,0,0,0,0,159,0,0,0,93,34	0,0,0,0,14,0,0,0,0,0,0,0,0,0,0,0	600	149	1
1094	0,0,0,0,0	0,9,0,0,0	0,0,0,0,16,0,0,0,0,0,0,0,0,0,0,2	0,0,0,0,18,0,0,0,0,0,3,0,0,0,0,0	221	149	1
1095	0,44,0,0,0	0,1906,0,0,4	0,0,0,0,187,0,0,0,0,0,141,0,0,0,10,128	0,0,0,0,10118,0,0,10,10,10,12433,0,0,0,581,414	326	149	1
1096	0,2578,0,0,6	0,0,0,0,0	0,0,0,0,16693,0,0,9,16,12,18917,0,0,0,232,3389	0,0,0,0,0,0,0,0,0,0,2,0,0,0,0,2	176	149	1
1097	0,12,0,0,0	0,22,0,0,0	0,0,0,0,0,0,0,0,0,0,0,0,0,0,0,0	0,0,0,0,92,0,0,0,0,0,78,0,0,0,3,7	215	149	1
1098	0,18,0,0,0	0,3,0,0,0	0,0,0,0,0,0,0,0,0,0,0,0,0,0,0,0	0,0,0,0,0,0,0,0,0,0,64,0,0,0,7,2	215	149	1
1099	0,0,0,0,0	0,59,0,0,0	0,0,0,0,0,0,0,0,0,0,0,0,0,0,0,1	0,0,0,0,33,0,0,0,0,0,95,0,0,0,21,2	182	149	1
1101	0,5,0,0,0	0,4,0,0,0	0,0,0,0,100,0,0,0,0,0,34,0,0,0,0,0	0,0,0,0,4,0,0,0,0,0,11,0,0,0,0,0	152	149	1
1102	0,2,0,0,0	0,0,0,0,0	0,0,0,0,45,0,0,0,0,0,1,0,0,0,0,1	0,0,0,0,12,0,0,0,0,0,0,0,0,0,0,0	279	149	1
1111	0,52,0,0,0	0,53,0,0,0	0,0,0,0,15,0,0,0,0,0,18,0,0,0,6,1	0,0,0,0,42,0,0,0,0,0,66,0,0,0,0,5	172	149	1
1114	0,50,0,0,0	0,4,0,0,0	0,0,0,0,268,0,0,0,0,0,80,0,0,0,17,10	0,0,0,0,15,0,0,0,0,0,2,0,0,0,0,0	207	149	1
1115	0,91,0,0,0	0,22,0,0,0	0,0,0,0,368,0,0,0,0,0,154,0,0,0,3,18	0,0,0,0,212,0,0,0,0,0,11,0,0,0,0,6	222	149	1
1116	0,0,0,0,0	0,8,0,0,0	0,0,0,0,1,0,0,0,0,0,3,0,0,0,3,36	0,0,0,0,40,0,0,0,0,0,87,0,0,0,20,56	173	149	1
1118	0,29,0,0,0	0,0,0,0,0	0,0,0,0,225,0,0,0,0,6,203,0,0,0,42,5	0,0,0,0,0,0,0,0,0,0,4,0,0,0,0,0	153	149	1
1119	0,44,0,0,0	0,0,0,0,0	0,0,0,0,357,0,0,0,0,0,147,0,0,0,132,10	0,0,0,0,6,0,0,0,0,0,4,0,0,0,0,0	156	149	1
1120	0,1,0,0,0	0,11,0,0,0	0,0,0,0,16,0,0,0,0,0,11,0,0,0,0,1	0,0,0,0,53,0,0,0,0,0,79,0,0,0,0,4	236	149	1
1122	0,6,0,0,0	0,4,0,0,0	0,0,0,0,0,0,0,0,0,0,0,0,0,0,0,0	0,0,0,0,36,0,0,0,0,0,23,0,0,0,0,4	191	149	1
1123	0,200,0,0,0	0,0,0,0,0	0,0,0,0,348,0,0,2,0,2,504,0,0,0,54,15	0,0,0,0,0,0,0,0,0,0,0,0,0,0,6,0	199	149	1
1124	0,309,0,0,0	0,15,0,0,0	0,0,0,0,291,0,0,0,0,0,418,0,0,0,44,10	0,0,0,0,0,0,0,0,0,0,5,0,0,0,0,0	153	149	1
1125	0,545,0,0,0	0,0,0,0,0	0,0,0,0,715,0,0,0,0,2,945,0,0,0,11,27	0,0,0,0,0,0,0,0,0,0,1,0,0,0,0,0	161	149	1
1126	0,64,0,0,0	0,1,0,0,0	0,0,0,0,340,0,0,0,0,2,39,0,0,0,1,1	0,0,0,0,16,0,0,0,0,0,0,0,0,0,0,0	252	149	1
1127	0,0,0,0,0	0,53,0,0,0	0,0,0,0,10,0,0,0,0,0,5,0,0,0,0,0	0,0,0,0,218,0,0,0,0,0,36,0,0,0,17,5	187	149	1
1131	0,10,0,0,0	0,399,0,0,0	0,0,0,0,0,0,0,0,0,0,17,0,0,0,2,0	0,0,0,0,96,0,0,4,4,0,868,0,0,0,67,12	181	149	1
1132	0,60,0,0,0	0,252,0,0,0	0,0,0,0,185,0,0,0,0,0,94,0,0,0,32,10	0,0,0,0,418,0,0,0,0,2,519,0,0,0,222,31	546	149	1
1135	0,60,0,0,0	0,353,0,0,0	0,0,0,0,93,0,0,0,0,0,20,0,0,0,0,9	0,0,0,0,465,0,0,0,0,0,422,0,0,0,21,86	251	149	1
1136	0,346,0,0,0	0,107,0,0,0	0,0,0,0,398,0,0,0,0,0,367,0,0,0,8,72	0,0,0,0,282,0,0,0,0,0,99,0,0,0,2,29	306	149	1
1137	0,283,0,0,0	0,159,0,0,0	0,0,0,0,355,0,0,0,0,0,249,0,0,0,1,19	0,0,0,0,256,0,0,0,0,0,173,0,0,0,3,13	152	149	1
1138	0,67,0,0,0	0,3,0,0,0	0,0,0,0,147,0,0,0,0,0,137,0,0,0,76,9	0,0,0,0,0,0,0,0,0,0,6,0,0,0,0,1	157	149	1
1139	0,5,0,0,0	0,80,0,0,0	0,0,0,0,6,0,0,0,0,0,1,0,0,0,1,3	0,0,0,0,127,0,0,0,0,0,160,0,0,0,70,17	203	149	1
1140	0,14,0,0,0	0,72,0,0,0	0,0,0,0,0,0,0,0,0,0,0,0,0,0,2,1	0,0,0,0,111,0,0,0,0,0,152,0,0,0,64,23	178	149	1
1142	0,26,0,0,0	0,15,0,0,0	0,0,0,0,24,0,0,0,0,0,5,0,0,0,0,3	0,0,0,0,0,0,0,0,0,0,2,0,0,0,0,0	174	149	1
1143	0,250,0,0,2	0,0,0,0,0	0,0,0,0,569,0,2,0,0,0,388,0,0,0,111,9	0,0,0,0,0,0,0,0,0,0,6,0,0,0,0,0	448	149	1
1144	0,0,0,0,0	0,12,0,0,0	0,0,0,0,22,0,0,0,0,0,5,0,0,0,7,0	0,0,0,0,139,0,0,0,0,0,107,0,0,0,61,6	241	149	1
1145	0,31,0,0,0	0,3,0,0,0	0,0,0,0,234,0,0,4,0,0,180,0,0,0,170,27	0,0,0,0,0,0,0,0,0,0,0,0,0,0,0,0	159	149	1
1146	0,88,0,0,0	0,0,0,0,0	0,0,0,0,146,0,0,1,2,0,232,0,0,0,146,10	0,0,0,0,12,0,0,0,0,0,0,0,0,0,1,0	154	149	1
1148	0,4,0,0,0	0,37,0,0,4	0,0,0,0,0,0,0,0,0,0,6,0,0,0,0,0	0,0,0,0,89,0,0,0,0,0,288,0,0,0,28,48	167	149	1
1149	0,26,0,0,0	0,0,0,0,0	0,0,0,0,136,0,0,0,0,0,198,0,0,0,13,14	0,0,0,0,0,0,0,0,0,0,6,0,0,0,0,0	173	149	1
1150	0,0,0,0,0	0,6,0,0,0	0,0,0,0,11,0,0,0,0,0,31,0,0,0,9,7	0,0,0,0,34,0,0,1,0,0,161,0,0,0,10,25	152	149	1
1151	0,0,0,0,0	0,6,0,0,0	0,0,0,0,11,0,0,0,0,0,7,0,0,0,0,0	0,0,0,0,34,0,0,1,0,0,161,0,0,0,10,25	171	149	1
1152	0,0,0,0,0	0,6,0,0,0	0,0,0,0,11,0,0,0,0,0,7,0,0,0,1,0	0,0,0,0,34,0,0,1,0,0,161,0,0,0,10,25	278	149	1
1161	0,14,0,0,0	0,57,0,0,0	0,0,0,0,0,0,0,0,0,0,1,0,0,0,0,1	0,0,0,0,62,0,0,0,0,0,80,0,0,0,28,0	187	149	1
1163	0,1,0,0,0	0,1,0,0,0	0,0,0,0,31,0,0,0,0,0,73,0,0,0,74,0	0,0,0,0,6,0,0,0,0,0,9,0,0,0,2,0	153	149	1
1164	0,6,0,0,0	0,0,0,0,0	0,0,0,0,7,0,0,0,0,0,18,0,0,0,12,0	0,0,0,0,0,0,0,0,0,0,3,0,0,0,0,0	153	149	1
1169	0,16,0,0,0	0,0,0,0,0	0,0,0,0,47,0,0,0,0,0,3,0,0,0,4,4	0,0,0,0,0,0,0,0,0,0,0,0,0,0,2,0	174	149	1
1170	0,17,0,0,0	0,0,0,0,0	0,0,0,0,22,0,0,0,0,0,3,0,0,0,32,2	0,0,0,0,0,0,0,0,0,0,0,0,0,0,0,1	174	149	1
1171	0,26,0,0,0	0,0,0,0,0	0,0,0,0,65,0,0,0,0,0,61,0,0,0,18,0	0,0,0,0,0,0,0,0,0,0,2,0,0,0,0,0	174	149	1
1172	0,14,0,0,0	0,0,0,0,2	0,0,0,0,113,0,0,0,0,0,136,0,0,0,74,15	0,0,0,0,0,0,0,0,0,0,5,0,0,0,2,1	155	149	1
1173	0,0,0,0,0	0,24,0,0,0	0,0,0,0,24,0,0,0,0,0,7,0,0,0,6,0	0,0,0,0,100,0,0,0,0,0,139,0,0,0,53,22	170	149	1
1175	0,264,0,0,2	0,0,0,0,0	0,0,0,0,490,0,0,0,0,0,318,0,0,0,117,15	0,0,0,0,20,0,0,0,0,0,3,0,0,0,0,0	213	149	1
1178	0,12,0,0,0	0,16,0,0,2	0,0,0,0,10,0,0,0,0,0,9,0,0,0,25,0	0,0,0,0,189,4,4,0,0,0,190,0,0,0,275,35	176	149	1
1179	0,231,0,0,0	0,0,0,0,0	0,0,0,0,711,0,0,0,0,0,366,0,0,0,6,26	0,0,0,0,0,0,0,0,0,0,2,0,0,0,0,0	269	149	1
1180	0,2,0,0,0	0,126,0,0,0	0,0,0,0,4,0,0,0,0,0,0,0,0,0,0,0	0,0,0,0,430,0,0,0,0,0,172,0,0,0,0,8	193	149	1
1181	0,16,0,0,0	0,0,0,0,0	0,0,0,0,18,0,0,0,0,0,12,0,0,0,2,0	0,0,0,0,0,0,0,0,0,0,5,0,0,0,0,0	196	149	1
1183	0,0,0,0,0	0,43,0,0,0	0,0,0,0,0,0,0,0,0,0,0,0,0,0,8,0	0,0,0,0,125,0,0,0,0,0,56,0,0,0,6,1	227	149	1
1184	0,13,0,0,0	0,0,0,0,0	0,0,0,0,130,0,0,0,0,0,358,0,0,0,0,6	0,0,0,0,0,0,0,0,0,0,1,0,0,0,0,0	225	149	1
1185	0,31,0,0,0	0,4,0,0,0	0,0,0,0,302,0,0,0,0,0,552,0,0,0,0,11	0,0,0,0,12,0,0,0,0,0,14,0,0,0,0,0	225	149	1
1186	0,70,2,0,2	0,0,0,0,0	0,0,0,0,365,2,0,3,0,2,1022,0,0,0,827,62	0,0,0,0,0,0,0,0,0,0,0,0,0,0,0,3	230	149	1
1187	0,67,0,0,0	0,0,0,0,0	0,0,0,0,261,2,4,0,0,0,163,0,0,0,241,32	0,0,0,0,27,0,0,0,0,0,4,0,0,0,15,9	166	149	1
1188	0,8,0,0,0	0,26,0,0,0	0,0,0,0,14,0,0,0,0,0,3,0,0,0,25,2	0,0,0,0,50,0,0,0,0,0,88,0,0,0,119,18	176	149	1
1189	0,1,0,0,0	0,6,0,0,0	0,0,0,0,0,0,0,0,0,0,0,0,0,0,2,0	0,0,0,0,0,0,0,0,0,0,12,0,0,0,0,2	152	149	1
1190	0,3,0,0,0	0,52,0,0,0	0,0,0,0,0,0,0,0,0,0,5,0,0,0,2,0	0,0,0,0,94,0,0,0,0,0,84,0,0,0,44,6	152	149	1
1196	0,2,0,0,0	0,19,0,0,0	0,0,0,0,51,0,0,0,0,0,2,0,0,0,6,0	0,0,0,0,26,0,0,0,0,0,20,0,0,0,8,0	304	149	1
1197	0,4,0,0,0	0,21,0,0,0	0,0,0,0,8,0,0,0,0,0,2,0,0,0,0,0	0,0,0,0,46,0,0,0,0,0,37,0,0,0,29,3	225	149	1
1198	0,5,0,0,0	0,3,0,0,0	0,0,0,0,0,0,0,0,0,0,7,0,0,0,0,0	0,0,0,0,31,0,0,0,0,0,55,0,0,0,36,15	209	149	1
1200	0,0,0,0,0	0,34,0,0,0	0,0,0,0,8,0,0,0,0,0,5,0,0,0,2,0	0,0,0,0,178,0,0,0,0,0,198,0,0,0,30,11	221	149	1
1201	0,38,0,0,0	0,0,0,0,0	0,0,0,0,86,0,0,0,0,0,93,0,0,0,340,43	0,0,0,0,0,0,0,0,0,0,0,0,0,0,4,0	153	149	1
1202	0,5,0,0,0	0,15,0,0,0	0,0,0,0,33,0,0,0,0,0,21,0,0,0,7,3	0,0,0,0,105,0,0,0,0,0,44,0,0,0,0,17	203	149	1
1203	0,26,0,0,0	0,0,0,0,0	0,0,0,0,168,0,0,0,0,0,40,0,0,0,162,15	0,0,0,0,0,0,0,0,0,0,0,0,0,0,6,0	207	149	1
1204	0,730,18,0,8	0,2,0,0,0	0,0,0,0,847,6,4,17,0,0,977,0,0,0,4781,123	0,0,0,0,6,0,0,0,0,0,17,0,0,0,12,0	1752	149	1
1205	0,27,0,0,0	0,0,0,0,0	0,0,0,0,77,0,0,0,0,0,174,0,0,0,277,11	0,0,0,0,36,0,0,0,0,0,7,0,0,0,15,0	154	149	1
1206	0,32,0,0,0	0,0,0,0,0	0,0,0,0,240,0,0,0,0,0,175,0,0,0,289,9	0,0,0,0,0,0,0,0,0,0,2,0,0,0,4,0	170	149	1
1207	0,90,2,0,0	0,1,0,0,0	0,0,0,0,168,2,0,0,0,0,248,0,0,0,211,13	0,0,0,0,0,0,0,0,0,0,20,0,0,0,42,2	182	149	1
1208	0,631,0,0,2	0,124,0,0,0	0,0,0,0,690,0,0,0,0,0,1329,0,0,0,105,155	0,0,0,0,166,0,0,0,0,0,343,0,0,0,11,21	200	149	1
1210	0,16,0,0,0	0,0,0,0,0	0,0,0,0,51,0,0,2,0,0,25,0,0,0,45,0	0,0,0,0,0,0,0,0,0,0,0,0,0,0,0,2	154	149	1
1211	0,23,0,0,0	0,30,0,0,0	0,0,0,0,54,0,0,0,0,0,10,0,0,0,8,0	0,0,0,0,56,0,0,0,0,0,181,0,0,0,77,0	204	149	1
1215	0,20,0,0,0	0,0,0,0,0	0,0,0,0,68,0,0,0,0,0,14,0,0,0,25,4	0,0,0,0,0,0,0,0,0,0,2,0,0,0,0,0	372	149	1
1222	0,9,0,0,0	0,45,0,0,0	0,0,0,0,39,0,0,0,0,0,14,0,0,0,0,23	0,0,0,0,348,0,0,0,0,0,242,0,0,0,11,47	280	149	1
1224	0,117,0,0,0	0,0,0,0,0	0,0,0,0,497,2,2,2,0,0,741,0,0,0,718,23	0,0,0,0,0,0,0,0,0,0,6,0,0,0,14,0	225	149	1
1226	0,134,0,0,2	0,271,0,0,2	0,0,0,0,73,0,0,0,0,0,70,0,0,0,13,14	0,0,0,0,130,0,0,0,0,2,596,0,0,0,143,78	433	149	1
1227	0,27,0,0,0	0,4,0,0,0	0,0,0,0,60,0,0,0,0,0,36,0,0,0,0,1	0,0,0,0,0,0,0,0,0,0,4,0,0,0,0,0	419	149	1
1228	0,29,0,0,0	0,4,0,0,0	0,0,0,0,157,0,0,0,0,0,69,0,0,0,4,1	0,0,0,0,0,0,0,0,0,0,4,0,0,0,0,0	691	149	1
1231	0,113,0,0,2	0,2,0,0,0	0,0,0,0,321,0,0,0,0,0,780,0,0,0,594,126	0,0,0,0,30,0,0,0,0,0,32,0,0,0,10,8	182	149	1
1232	0,111,0,0,4	0,0,0,0,0	0,0,0,0,110,0,0,4,0,2,318,0,0,0,493,51	0,0,0,0,0,0,0,0,0,0,4,0,0,0,0,0	188	149	1
1233	0,24,0,0,0	0,204,0,0,0	0,0,0,0,13,0,0,0,0,0,28,0,0,0,0,1	0,0,0,0,84,0,0,0,0,0,210,0,0,0,17,19	172	149	1
1234	0,35,0,0,0	0,83,0,0,0	0,0,0,0,82,0,0,0,0,0,7,0,0,0,43,3	0,0,0,0,74,0,0,0,0,0,169,0,0,0,44,5	364	149	1
1235	0,14,0,0,0	0,2,0,0,0	0,0,0,0,110,0,0,0,0,0,3,0,0,0,1,4	0,0,0,0,20,0,0,0,0,0,0,0,0,0,0,0	193	149	1
1236	0,1,0,0,0	0,8,0,0,0	0,0,0,0,0,0,0,0,0,0,3,0,0,0,0,0	0,0,0,0,43,0,0,0,0,0,1,0,0,0,0,2	242	149	1
1238	0,121,0,0,0	0,0,0,0,0	0,0,0,0,414,0,0,0,0,0,519,0,0,0,305,29	0,0,0,0,0,0,0,0,0,0,4,0,0,0,1,0	153	149	1
1239	0,7,0,0,0	0,0,0,0,0	0,0,0,0,41,0,0,0,0,0,32,0,0,0,5,1	0,0,0,0,0,0,0,0,0,0,1,0,0,0,0,0	153	149	1
1240	0,168,0,0,0	0,8,0,0,0	0,0,0,0,472,0,0,1,0,0,632,0,0,0,420,43	0,0,0,0,27,0,0,2,0,0,18,0,0,0,55,1	152	149	1
1263	0,24,0,0,0	0,391,0,0,0	0,0,0,0,81,0,0,0,0,0,129,0,0,0,34,0	0,0,0,0,2135,0,0,3,6,7,2475,0,0,0,148,132	191	149	1
1264	0,471,0,0,0	0,0,0,0,0	0,0,0,0,2454,0,0,0,4,2,2233,0,0,0,77,65	0,0,0,0,3,0,0,0,0,0,6,0,0,0,0,0	169	149	1
1269	0,8,0,0,0	0,17,0,0,0	0,0,0,0,36,0,0,0,0,0,39,0,0,0,14,0	0,0,0,0,22,0,0,0,0,0,14,0,0,0,0,6	152	149	1
1270	0,9,0,0,0	0,388,0,0,0	0,0,0,0,0,0,0,0,0,0,1,0,0,0,0,0	0,0,0,0,42,0,0,0,0,0,70,0,0,0,0,0	173	149	1
1273	0,117,0,0,0	0,0,0,0,0	0,0,0,0,270,0,0,0,0,0,650,0,0,0,80,51	0,0,0,0,0,0,0,0,0,0,7,0,0,0,12,2	205	149	1
1275	0,106,22,0,8	0,3,2,0,0	0,0,0,0,10,18,2,21,0,2,1486,0,0,0,10539,490	0,0,0,0,0,0,0,2,0,0,32,0,0,0,165,12	226	149	1
1276	0,1,0,0,0	0,59,2,0,0	0,0,0,0,14,0,0,0,0,0,20,0,0,0,18,3	0,0,0,0,437,4,0,0,0,0,665,0,0,0,508,68	188	149	1
1277	0,734,0,0,2	0,20,0,0,0	0,0,0,0,965,0,0,2,0,0,1016,0,0,0,480,59	0,0,0,0,17,0,0,0,0,0,46,0,0,0,7,1	152	149	1
1278	0,11,0,0,0	0,173,0,0,0	0,0,0,0,18,0,0,0,0,0,6,0,0,0,0,0	0,0,0,0,562,0,0,0,0,0,364,0,0,0,15,1	164	149	1
1281	0,121,0,0,0	0,15,0,0,0	0,0,0,0,572,0,0,0,0,2,919,0,0,0,258,18	0,0,0,0,25,0,0,2,0,2,111,0,0,0,65,6	516	149	1
1282	0,443,0,0,0	0,0,0,0,0	0,0,0,0,979,0,0,0,0,0,1727,0,0,0,726,47	0,0,0,0,28,0,0,0,0,0,6,0,0,0,0,0	264	149	1
1283	0,4,0,0,0	0,6,0,0,0	0,0,0,0,0,0,0,0,0,0,3,0,0,0,0,0	0,0,0,0,0,0,0,0,0,0,0,0,0,0,0,0	152	149	1
1287	0,4,0,0,0	0,498,0,0,0	0,0,0,0,51,0,0,0,0,0,0,0,0,0,0,0	0,0,0,0,660,0,0,6,2,0,660,0,0,0,388,77	349	149	1
1289	0,333,0,0,0	0,0,0,0,0	0,0,0,0,664,0,0,4,0,0,583,0,0,0,527,99	0,0,0,0,0,0,0,0,0,0,0,0,0,0,6,0	154	149	1
1290	0,7,0,0,0	0,87,2,0,2	0,0,0,0,16,0,0,0,0,0,6,0,0,0,0,0	0,0,0,0,567,0,0,0,2,0,454,0,0,0,485,92	188	149	1
1293	0,0,0,0,0	0,48,0,0,0	0,0,0,0,0,0,0,0,0,0,6,0,0,0,0,0	0,0,0,0,79,0,0,0,0,0,33,0,0,0,1,5	276	149	1
1294	0,5,0,0,0	0,167,0,0,0	0,0,0,0,41,0,0,0,0,0,30,0,0,0,5,1	0,0,0,0,618,0,0,1,0,0,559,0,0,0,397,28	167	149	1
1297	0,23,0,0,0	0,99,0,0,0	0,0,0,0,20,0,0,0,0,0,96,0,0,0,8,1	0,0,0,0,243,0,0,0,0,0,695,0,0,0,52,49	152	149	1
1298	0,773,0,0,2	0,0,0,0,0	0,0,0,0,296,0,0,0,0,4,393,0,0,0,25,30	0,0,0,0,13,0,0,0,0,0,24,0,0,0,0,0	266	149	1
1299	0,306,0,0,0	0,151,0,0,0	0,0,0,0,127,0,0,0,0,0,580,0,0,0,21,10	0,0,0,0,82,0,0,0,0,0,209,0,0,0,2,0	154	149	1
1300	0,708,2,0,0	0,2,0,0,0	0,0,0,0,174,0,0,0,2,0,21,0,0,0,72,18	0,0,0,0,0,0,0,0,0,0,0,0,0,0,0,0	865	149	1
1301	0,7,0,0,0	0,0,0,0,0	0,0,0,0,24,0,0,0,0,0,0,0,0,0,45,3	0,0,0,0,0,0,0,0,0,0,6,0,0,0,15,13	456	149	1
1302	0,14583,6,0,10	0,0,0,0,0	0,0,0,0,26095,0,0,25,18,15,28836,0,0,0,11112,745	0,0,0,0,0,0,0,0,0,0,3,0,0,0,0,0	821	149	1
1303	0,5,0,0,0	0,0,0,0,0	0,0,0,0,50,0,0,0,0,0,94,0,0,0,43,7	0,0,0,0,2,0,0,0,0,0,67,0,0,0,9,0	513	149	1
1308	0,4,0,0,0	0,9,0,0,0	0,0,0,0,0,0,0,0,0,0,2,0,0,0,0,0	0,0,0,0,14,0,0,0,0,0,5,0,0,0,0,0	281	149	1
1311	0,380,0,0,0	0,5,0,0,0	0,0,0,0,416,0,0,1,0,0,552,0,0,0,226,8	0,0,0,0,0,0,0,0,0,0,2,0,0,0,0,0	154	149	1
1313	0,21,0,0,0	0,2,0,0,0	0,0,0,0,149,0,0,0,0,0,22,0,0,0,170,6	0,0,0,0,5,0,0,0,0,0,2,0,0,0,4,3	855	149	1
1315	0,0,0,0,0	0,2,0,0,0	0,0,0,0,21,0,0,0,0,0,0,0,0,0,25,2	0,0,0,0,5,0,0,0,0,0,2,0,0,0,4,3	338	149	1
1321	0,0,0,0,0	0,5,0,0,0	0,0,0,0,26,0,0,0,0,0,0,0,0,0,25,2	0,0,0,0,65,0,0,0,0,0,8,0,0,0,9,1	338	149	1
1325	0,0,0,0,0	0,5,0,0,0	0,0,0,0,21,0,0,0,0,0,0,0,0,0,23,2	0,0,0,0,65,0,0,0,0,0,8,0,0,0,9,1	318	149	1
1328	0,0,0,0,0	0,5,0,0,0	0,0,0,0,31,0,0,0,0,0,0,0,0,0,23,2	0,0,0,0,65,0,0,0,0,0,8,0,0,0,9,1	297	149	1
1330	0,0,0,0,0	0,5,0,0,0	0,0,0,0,21,0,0,0,0,0,0,0,0,0,17,0	0,0,0,0,65,0,0,0,0,0,8,0,0,0,9,1	267	149	1
1332	0,5,0,0,0	0,0,0,0,0	0,0,0,0,82,0,0,0,0,0,11,0,0,0,11,7	0,0,0,0,12,0,0,0,0,0,0,0,0,0,1,0	164	149	1
1333	0,376,0,0,0	0,0,0,0,0	0,0,0,0,285,0,0,0,0,0,416,0,0,0,170,43	0,0,0,0,0,0,0,0,0,0,2,0,0,0,0,0	357	149	1
1334	0,94,0,0,0	0,36,0,0,0	0,0,0,0,199,0,0,0,0,0,1,0,0,0,3,2	0,0,0,0,11,0,0,0,0,0,0,0,0,0,0,0	200	149	1
1338	0,49,0,0,2	0,0,0,0,0	0,0,0,0,570,0,0,2,0,0,609,0,0,0,593,26	0,0,0,0,0,0,0,0,0,0,0,0,0,0,5,0	222	149	1
1341	0,19,0,0,0	0,0,0,0,0	0,0,0,0,440,0,0,0,0,0,66,0,0,0,40,3	0,0,0,0,17,0,0,0,0,0,0,0,0,0,0,0	1141	149	1
1346	0,993,0,0,0	0,194,0,0,0	0,0,0,0,195,0,0,0,0,0,130,0,0,0,1,11	0,0,0,0,0,0,0,0,0,0,20,0,0,0,0,2	151	149	1
1347	0,2071,0,0,0	0,0,0,0,0	0,0,0,0,305,0,0,0,0,0,222,0,0,0,33,32	0,0,0,0,0,0,0,0,0,0,6,0,0,0,0,0	468	149	1
1348	0,2071,0,0,0	0,11,0,0,0	0,0,0,0,321,0,0,0,0,0,220,0,0,0,33,32	0,0,0,0,10,0,0,0,0,0,18,0,0,0,0,0	466	149	1
1349	0,2084,0,0,0	0,11,0,0,0	0,0,0,0,342,0,0,0,0,0,241,0,0,0,33,32	0,0,0,0,10,0,0,0,0,0,18,0,0,0,0,0	468	149	1
1350	0,13,0,0,0	0,0,0,0,0	0,0,0,0,42,0,0,0,0,0,21,0,0,0,0,0	0,0,0,0,21,0,0,0,0,0,0,0,0,0,0,0	151	149	1
1351	0,14,0,0,0	0,0,0,0,0	0,0,0,0,61,0,0,0,0,0,53,0,0,0,80,2	0,0,0,0,0,0,0,0,0,0,0,0,0,0,2,0	190	149	1
1352	0,23,0,0,0	0,0,0,0,0	0,0,0,0,78,2,0,0,0,0,54,0,0,0,110,18	0,0,0,0,17,0,0,0,0,0,0,0,0,0,0,1	154	149	1
1357	0,53,0,0,0	0,317,0,0,0	0,0,0,0,56,0,0,0,0,0,6,0,0,0,0,0	0,0,0,0,191,0,0,0,0,0,101,0,0,0,1,15	174	149	1
1360	0,1,0,0,0	0,336,0,0,0	0,0,0,0,0,0,0,0,0,0,10,0,0,0,3,0	0,0,0,0,208,0,0,0,0,0,310,0,0,0,43,12	170	149	1
1361	0,45,0,0,2	0,0,0,0,0	0,0,0,0,436,0,0,0,0,0,283,0,0,0,275,2	0,0,0,0,0,0,0,0,0,0,4,0,0,0,0,0	211	149	1
1362	0,5,0,0,0	0,18,0,0,0	0,0,0,0,40,0,0,0,0,0,14,0,0,0,3,0	0,0,0,0,293,0,0,0,0,0,188,0,0,0,88,7	152	149	1
1363	0,28,0,0,0	0,0,0,0,0	0,0,0,0,230,0,0,0,0,0,118,0,0,0,0,0	0,0,0,0,0,0,0,0,0,0,1,0,0,0,0,0	176	149	1
1364	0,53,0,0,0	0,0,0,0,0	0,0,0,0,273,0,0,0,0,0,181,0,0,0,0,0	0,0,0,0,0,0,0,0,0,0,1,0,0,0,0,0	371	149	1
1365	0,53,0,0,0	0,0,0,0,0	0,0,0,0,294,0,0,0,0,0,193,0,0,0,0,0	0,0,0,0,0,0,0,0,0,0,1,0,0,0,0,0	398	149	1
1366	0,25,0,0,0	0,0,0,0,0	0,0,0,0,176,0,0,0,0,0,141,0,0,0,0,0	0,0,0,0,133,0,0,0,0,0,78,0,0,0,0,0	344	149	1
1367	0,25,0,0,0	0,0,0,0,0	0,0,0,0,197,0,0,0,0,0,153,0,0,0,0,0	0,0,0,0,133,0,0,0,0,0,78,0,0,0,0,0	371	149	1
1369	0,57,0,0,0	0,2,0,0,0	0,0,0,0,582,0,0,0,0,0,350,0,0,0,0,3	0,0,0,0,40,0,0,0,0,0,43,0,0,0,2,2	283	149	1
1370	0,57,0,0,0	0,0,0,0,0	0,0,0,0,449,0,0,0,0,0,278,0,0,0,0,3	0,0,0,0,0,0,0,0,0,0,2,0,0,0,0,0	283	149	1
1371	0,0,0,0,0	0,4,0,0,0	0,0,0,0,50,0,0,0,0,0,3,0,0,0,0,2	0,0,0,0,25,0,0,0,0,0,8,0,0,0,10,0	330	149	1
1376	0,8,2,0,0	0,0,0,0,0	0,0,0,0,333,2,0,0,0,0,34,0,0,0,385,163	0,0,0,0,13,0,0,0,0,0,2,0,0,0,5,2	741	149	1
1380	0,417,0,0,1	0,0,0,0,0	0,0,0,0,222,0,2,2,0,0,1261,0,0,0,825,53	0,0,0,0,0,0,0,0,0,0,3,0,0,0,5,2	203	149	1
1381	0,592,4,0,0	0,6,0,0,0	0,0,0,0,441,0,0,2,2,0,484,0,0,0,799,5	0,0,0,0,0,0,0,0,0,0,2,0,0,0,0,0	225	149	1
1382	0,83,0,0,0	0,1,0,0,0	0,0,0,0,837,0,2,0,2,2,306,0,0,0,166,16	0,0,0,0,58,0,0,0,0,0,8,0,0,0,0,0	220	149	1
1383	0,67,2,0,0	0,0,0,0,0	0,0,0,0,1876,4,2,0,2,0,460,0,0,0,502,25	0,0,0,0,16,0,0,0,0,0,0,0,0,0,10,0	242	149	1
1384	0,173,12,0,2	0,25,2,0,0	0,0,0,0,3744,14,4,0,12,3,576,0,0,0,2097,31	0,0,0,0,207,0,0,0,0,0,147,0,0,0,194,9	1505	149	1
1387	0,9,0,0,0	0,0,2,0,0	0,0,0,0,130,0,0,0,0,2,79,0,0,0,84,3	0,0,0,0,0,0,0,0,0,0,8,0,0,0,0,2	153	149	1
1390	0,7,0,0,0	0,0,0,0,0	0,0,0,0,55,0,0,0,0,0,97,0,0,0,59,17	0,0,0,0,0,0,0,0,0,0,2,0,0,0,0,0	180	149	1
1391	0,28,0,0,0	0,2,0,0,0	0,0,0,0,69,0,0,0,0,0,110,0,0,0,2,2	0,0,0,0,0,0,0,0,0,0,9,0,0,0,0,0	230	149	1
1401	0,32,0,0,0	0,11,0,0,0	0,0,0,0,189,0,0,0,0,0,248,0,0,0,8,64	0,0,0,0,180,0,0,0,0,0,150,0,0,0,7,54	152	149	1
1402	0,56,0,0,0	0,0,0,0,0	0,0,0,0,556,0,0,0,0,2,571,0,0,0,126,28	0,0,0,0,7,0,0,0,0,0,3,0,0,0,0,0	212	149	1
1403	0,38,0,0,0	0,0,0,0,0	0,0,0,0,206,0,0,0,0,0,220,0,0,0,6,17	0,0,0,0,0,0,0,0,0,0,2,0,0,0,0,0	1456	149	1
1406	0,6,0,0,0	0,0,0,0,0	0,0,0,0,3,0,0,0,0,0,0,0,0,0,0,0	0,0,0,0,0,0,0,0,0,0,0,0,0,0,0,2	199	149	1
1408	0,21,0,0,0	0,65,0,0,0	0,0,0,0,16,0,0,0,0,0,26,0,0,0,19,0	0,0,0,0,259,0,4,2,4,2,508,0,0,0,564,21	217	149	1
1409	0,7,0,0,0	0,0,0,0,0	0,0,0,0,5,0,0,0,0,0,6,0,0,0,8,0	0,0,0,0,0,0,0,0,0,0,4,0,0,0,7,0	217	149	1
1410	0,2,0,0,0	0,55,0,0,0	0,0,0,0,37,0,0,0,0,0,46,0,0,0,54,0	0,0,0,0,274,0,0,0,0,0,504,0,0,0,405,25	168	149	1
1413	0,351,0,0,0	0,54,0,0,0	0,0,0,0,112,0,0,0,0,0,619,0,0,0,546,30	0,0,0,0,6,0,0,0,0,0,126,0,0,0,69,5	797	149	1
1414	0,0,0,0,0	0,6,0,0,0	0,0,0,0,22,0,0,0,0,0,10,0,0,0,10,0	0,0,0,0,0,0,0,0,0,0,6,0,0,0,9,0	236	149	1
1416	0,99,0,0,0	0,0,0,0,0	0,0,0,0,1451,0,0,0,0,4,786,0,0,0,124,4	0,0,0,0,24,0,0,0,0,0,0,0,0,0,0,0	160	149	1
1417	0,25,0,0,0	0,2,0,0,0	0,0,0,0,243,0,0,0,0,0,174,0,0,0,9,1	0,0,0,0,7,0,0,0,0,0,0,0,0,0,0,0	375	149	1
1420	0,10,0,0,0	0,4,0,0,0	0,0,0,0,43,0,0,0,0,0,29,0,0,0,25,8	0,0,0,0,6,0,0,0,0,0,18,0,0,0,8,9	152	149	1
1421	0,21,0,0,0	0,0,0,0,0	0,0,0,0,47,0,0,0,2,0,47,0,0,0,78,13	0,0,0,0,0,0,0,0,0,0,1,0,0,0,0,0	155	149	1
1423	0,0,0,0,0	0,102,2,0,0	0,0,0,0,29,0,0,0,0,0,12,0,0,0,7,0	0,0,0,0,172,0,2,2,0,0,217,0,0,0,404,35	184	149	1
1426	0,23,0,0,0	0,4,0,0,0	0,0,0,0,82,0,0,0,0,0,18,0,0,0,4,3	0,0,0,0,72,0,0,0,0,0,9,0,0,0,0,0	152	149	1
1430	0,43,0,0,0	0,38,0,0,0	0,0,0,0,43,0,0,0,0,0,9,0,0,0,0,12	0,0,0,0,69,0,0,0,0,0,28,0,0,0,6,9	317	149	1
1433	0,8,0,0,0	0,0,0,0,0	0,0,0,0,33,0,0,0,0,0,73,0,0,0,59,36	0,0,0,0,8,0,0,0,0,0,0,0,0,0,0,0	406	149	1
1434	0,2,0,0,0	0,0,0,0,0	0,0,0,0,6,0,0,0,0,0,25,0,0,0,8,4	0,0,0,0,0,0,0,0,0,0,103,0,0,0,0,4	401	149	1
1435	0,33,0,0,0	0,2,0,0,0	0,0,0,0,101,0,0,0,0,0,77,0,0,0,7,5	0,0,0,0,16,0,0,0,0,0,0,0,0,0,0,0	195	149	1
1437	0,0,0,0,0	0,16,0,0,0	0,0,0,0,0,0,0,0,0,0,0,0,0,0,1,0	0,0,0,0,74,0,0,0,0,0,17,0,0,0,1,7	152	149	1
1439	0,7,0,0,0	0,20,0,0,0	0,0,0,0,0,0,0,0,0,0,3,0,0,0,0,1	0,0,0,0,206,0,0,0,0,0,138,0,0,0,29,4	167	149	1
1440	0,151,0,0,0	0,3,0,0,0	0,0,0,0,154,0,0,0,0,0,363,0,0,0,0,66	0,0,0,0,0,0,0,0,0,0,0,0,0,0,0,5	295	149	1
1442	0,1,0,0,0	0,21,0,0,0	0,0,0,0,90,0,0,0,0,0,6,0,0,0,12,1	0,0,0,0,119,0,0,0,0,0,34,0,0,0,34,10	277	149	1
1443	0,95,0,0,0	0,117,0,0,0	0,0,0,0,86,0,0,0,0,0,66,0,0,0,4,0	0,0,0,0,197,0,0,0,0,0,68,0,0,0,8,13	152	149	1
1444	0,2,0,0,0	0,2,0,0,0	0,0,0,0,11,0,0,0,0,0,0,0,0,0,0,0	0,0,0,0,0,0,0,0,0,0,0,0,0,0,0,0	152	149	1
1445	0,2,0,0,0	0,0,0,0,0	0,0,0,0,93,0,0,0,0,0,29,0,0,0,19,22	0,0,0,0,77,0,0,0,0,0,58,0,0,0,23,8	161	149	1
1447	0,14,0,0,0	0,13,0,0,0	0,0,0,0,126,0,0,0,0,0,38,0,0,0,16,0	0,0,0,0,174,0,0,0,0,0,111,0,0,0,22,0	152	149	1
1452	0,16,0,0,0	0,306,0,0,0	0,0,0,0,8,0,0,0,0,0,15,0,0,0,1,3	0,0,0,0,191,0,0,0,0,0,498,0,0,0,37,54	183	149	1
1455	0,192,0,0,0	0,0,0,0,0	0,0,0,0,368,0,0,2,0,0,309,0,0,0,21,10	0,0,0,0,0,0,0,0,0,0,6,0,0,0,0,3	251	149	1
1456	0,118,0,0,0	0,9,0,0,0	0,0,0,0,116,0,0,2,0,0,316,0,0,0,12,10	0,0,0,0,15,0,0,0,0,0,2,0,0,0,0,0	221	149	1
1457	0,63,0,0,0	0,4,0,0,0	0,0,0,0,60,0,0,2,0,0,110,0,0,0,11,7	0,0,0,0,0,0,0,0,0,0,2,0,0,0,0,0	221	149	1
1459	0,0,0,0,0	0,9,0,0,0	0,0,0,0,23,0,0,0,0,0,0,0,0,0,0,0	0,0,0,0,28,0,0,0,0,0,32,0,0,0,0,1	164	149	1
1462	0,0,0,0,0	0,102,0,0,0	0,0,0,0,64,0,0,0,0,0,0,0,0,0,20,4	0,0,0,0,56,0,0,0,0,0,108,0,0,0,70,14	260	149	1
1463	0,22,0,0,0	0,27,0,0,0	0,0,0,0,17,0,0,0,0,0,2,0,0,0,0,0	0,0,0,0,84,0,0,0,0,0,63,0,0,0,10,2	166	149	1
1464	0,6,0,0,0	0,0,0,0,0	0,0,0,0,25,0,0,0,0,0,45,0,0,0,12,5	0,0,0,0,0,0,0,0,0,0,3,0,0,0,0,0	153	149	1
1465	0,15,0,0,0	0,2,0,0,0	0,0,0,0,53,0,0,0,0,2,67,0,0,0,71,7	0,0,0,0,0,0,0,0,0,0,0,0,0,0,0,0	248	149	1
1467	0,799,0,0,0	0,12,0,0,0	0,0,0,0,368,0,0,0,0,0,982,0,0,0,159,116	0,0,0,0,0,0,0,0,0,0,9,0,0,0,0,0	176	149	1
1469	0,0,0,0,0	0,6,0,0,0	0,0,0,0,0,0,0,0,0,0,2,0,0,0,0,0	0,0,0,0,0,0,0,0,0,0,11,0,0,0,0,0	152	149	1
1470	0,265,2,0,0	0,2,0,0,0	0,0,0,0,575,0,0,0,0,0,699,0,0,0,541,39	0,0,0,0,20,0,0,0,0,0,14,0,0,0,65,0	350	149	1
1472	0,0,0,0,0	0,14,0,0,0	0,0,0,0,0,0,0,0,0,0,1,0,0,0,0,0	0,0,0,0,63,0,0,0,0,0,46,0,0,0,15,18	177	149	1
1474	0,1,0,0,0	0,9,0,0,0	0,0,0,0,3,0,0,0,2,0,84,0,0,0,14,4	0,0,0,0,23,0,0,0,0,0,53,0,0,0,17,1	230	149	1
1475	0,62,0,0,0	0,2,0,0,0	0,0,0,0,89,0,0,0,0,0,115,0,0,0,13,5	0,0,0,0,7,0,0,0,0,0,0,0,0,0,0,0	286	149	1
1476	0,20,0,0,0	0,7,0,0,0	0,0,0,0,62,0,0,2,0,0,133,0,0,0,0,29	0,0,0,0,83,0,0,0,0,0,13,0,0,0,0,3	158	149	1
1477	0,31,0,0,0	0,3,0,0,0	0,0,0,0,41,0,0,0,0,0,25,0,0,0,6,0	0,0,0,0,0,0,0,0,0,0,6,0,0,0,4,0	153	149	1
1478	0,233,0,0,0	0,423,0,0,0	0,0,0,0,230,0,0,0,0,0,216,0,0,0,45,0	0,0,0,0,546,0,0,0,2,0,449,0,0,0,97,0	153	149	1
1480	0,20,0,0,0	0,111,4,0,2	0,0,0,0,0,0,0,0,0,0,0,0,0,0,0,4	0,0,0,0,0,0,0,0,0,0,4,0,0,0,0,15	271	149	1
1481	0,275,4,0,4	0,6,0,0,0	0,0,0,0,0,0,0,2,0,0,4,0,0,0,0,12	0,0,0,0,0,0,0,0,0,0,0,0,0,0,0,0	260	149	1
1483	0,11,0,0,0	0,0,0,0,0	0,0,0,0,22,0,0,0,0,0,25,0,0,0,87,0	0,0,0,0,0,0,0,0,0,0,2,0,0,0,4,0	201	149	1
1488	0,191,2,0,0	0,0,0,0,0	0,0,0,0,220,0,0,0,0,0,341,0,0,0,188,5	0,0,0,0,8,0,0,0,0,0,5,0,0,0,0,0	233	149	1
1490	0,163,2,0,0	0,25,0,0,0	0,0,0,0,338,0,0,0,0,0,281,0,0,0,383,20	0,0,0,0,28,0,0,0,0,0,70,0,0,0,38,3	414	149	1
1491	0,237,4,0,0	0,0,0,0,0	0,0,0,0,646,0,0,0,0,0,309,0,0,0,514,41	0,0,0,0,18,0,0,0,0,0,0,0,0,0,0,0	2249	149	1
1492	0,366,0,0,2	0,0,0,0,0	0,0,0,0,113,0,2,0,0,0,335,0,0,0,642,59	0,0,0,0,0,0,0,0,0,0,1,0,0,0,1,0	190	149	1
1493	0,10,0,0,0	0,126,2,0,0	0,0,0,0,5,0,0,0,0,0,0,0,0,0,11,0	0,0,0,0,68,0,0,0,0,0,233,0,0,0,332,24	197	149	1
1496	0,14,0,0,0	0,0,0,0,0	0,0,0,0,69,0,0,0,0,0,23,0,0,0,104,1	0,0,0,0,0,0,0,0,0,0,0,0,0,0,7,0	249	149	1
1498	0,7,0,0,0	0,13,0,0,0	0,0,0,0,0,0,0,0,0,0,0,0,0,0,6,6	0,0,0,0,138,0,0,0,0,0,187,0,0,0,135,84	167	149	1
1499	0,23,0,0,0	0,5,0,0,0	0,0,0,0,160,0,0,0,0,0,7,0,0,0,24,25	0,0,0,0,70,0,0,0,0,0,144,0,0,0,0,19	444	149	1
1500	0,35,0,0,0	0,0,0,0,0	0,0,0,0,193,0,0,0,0,0,187,0,0,0,2,29	0,0,0,0,10,0,0,0,0,0,17,0,0,0,0,4	209	149	1
1501	0,23,0,0,0	0,3,0,0,0	0,0,0,0,111,0,0,0,0,0,73,0,0,0,17,13	0,0,0,0,0,0,0,0,0,0,0,0,0,0,0,0	439	149	1
1502	0,61,0,0,0	0,0,0,0,0	0,0,0,0,301,0,0,0,0,2,101,0,0,0,31,11	0,0,0,0,0,0,0,0,0,0,1,0,0,0,0,0	444	149	1
1503	0,895,0,0,0	0,28,0,0,0	0,0,0,0,1556,2,0,6,0,0,3700,0,0,0,1341,140	0,0,0,0,50,0,0,0,0,0,62,0,0,0,55,0	184	149	1
1504	0,6,0,0,0	0,75,0,0,0	0,0,0,0,0,0,0,0,0,0,7,0,0,0,0,0	0,0,0,0,77,0,0,0,2,0,141,0,0,0,84,43	173	149	1
1507	0,5,0,0,0	0,0,0,0,0	0,0,0,0,10,0,0,0,0,0,8,0,0,0,25,1	0,0,0,0,10,0,0,0,0,0,0,0,0,0,0,4	232	149	1
1508	0,3,0,0,0	0,4,0,0,0	0,0,0,0,0,0,0,0,0,0,0,0,0,0,21,7	0,0,0,0,14,0,0,0,0,0,1,0,0,0,3,0	152	149	1
1510	0,20,0,0,0	0,23,0,0,0	0,0,0,0,50,0,0,0,0,0,25,0,0,0,0,1	0,0,0,0,25,0,0,0,0,0,15,0,0,0,13,1	465	149	1
1515	0,37,0,0,0	0,36,0,0,2	0,0,0,0,24,0,0,0,0,0,189,0,0,0,26,51	0,0,0,0,33,0,0,0,0,0,141,0,0,0,7,17	152	149	1
1516	0,47,0,0,0	0,0,0,0,0	0,0,0,0,118,0,0,2,4,0,348,0,0,0,83,102	0,0,0,0,0,0,0,0,0,0,1,0,0,0,0,0	192	149	1
1519	0,0,0,0,0	0,88,0,0,0	0,0,0,0,10,0,0,0,0,0,0,0,0,0,3,3	0,0,0,0,61,0,0,0,0,0,237,0,0,0,65,10	249	149	1
1520	0,1297,0,0,2	0,3,0,0,0	0,0,0,0,973,0,0,2,0,0,2424,0,0,0,630,128	0,0,0,0,0,0,0,0,0,0,2,0,0,0,0,6	520	149	1
1522	0,0,0,0,0	0,5,0,0,0	0,0,0,0,0,0,0,0,0,0,0,0,0,0,5,0	0,0,0,0,54,0,0,0,0,0,95,0,0,0,29,1	180	149	1
1523	0,7,0,0,0	0,132,0,0,0	0,0,0,0,10,0,0,0,0,0,15,0,0,0,16,0	0,0,0,0,399,0,0,4,0,0,398,0,0,0,427,10	216	149	1
1525	0,6,0,0,0	0,0,0,0,0	0,0,0,0,0,0,0,0,0,0,7,0,0,0,39,12	0,0,0,0,0,0,0,0,0,0,1,0,0,0,0,0	1069	149	1
1526	0,32,0,0,0	0,13,0,0,0	0,0,0,0,95,0,0,0,0,0,253,0,0,0,0,1	0,0,0,0,23,0,0,0,0,0,148,0,0,0,0,3	152	149	1
1527	0,24,0,0,0	0,0,0,0,0	0,0,0,0,101,0,0,0,0,0,253,0,0,0,0,2	0,0,0,0,0,0,0,0,0,0,27,0,0,0,0,0	297	149	1
1529	0,32,0,0,0	0,0,0,0,0	0,0,0,0,113,0,0,2,0,0,316,0,0,0,7,10	0,0,0,0,0,0,0,0,0,0,2,0,0,0,0,0	195	149	1
1530	0,1,0,0,0	0,74,0,0,0	0,0,0,0,29,0,0,0,0,0,8,0,0,0,0,4	0,0,0,0,216,0,0,0,0,0,637,0,0,0,7,64	187	149	1
1531	0,29,0,0,0	0,0,0,0,0	0,0,0,0,121,0,0,0,0,0,194,0,0,0,5,25	0,0,0,0,0,0,0,0,0,0,0,0,0,0,0,1	214	149	1
1532	0,29,0,0,0	0,0,0,0,0	0,0,0,0,142,0,0,0,0,0,219,0,0,0,5,25	0,0,0,0,0,0,0,0,0,0,6,0,0,0,0,0	217	149	1
1533	0,102,0,0,0	0,0,0,0,0	0,0,0,0,308,0,0,0,0,0,823,0,0,0,12,85	0,0,0,0,0,0,0,0,0,0,0,0,0,0,0,1	176	149	1
1534	0,102,0,0,0	0,0,0,0,0	0,0,0,0,329,0,0,0,0,0,848,0,0,0,12,85	0,0,0,0,0,0,0,0,0,0,6,0,0,0,0,0	179	149	1
1536	0,39,0,0,0	0,1,0,0,0	0,0,0,0,77,0,0,0,0,0,127,0,0,0,2,26	0,0,0,0,13,0,0,0,0,0,66,0,0,0,0,5	200	149	1
1537	0,334,0,0,0	0,0,0,0,0	0,0,0,0,763,0,0,2,0,0,1839,0,0,0,421,55	0,0,0,0,0,0,0,0,0,0,0,0,0,0,0,2	210	149	1
1538	0,75,0,0,0	0,2,0,0,0	0,0,0,0,122,0,0,0,0,0,286,0,0,0,25,10	0,0,0,0,0,0,0,0,0,0,0,0,0,0,0,0	194	149	1
1539	0,306,0,0,0	0,12,0,0,0	0,0,0,0,436,0,0,0,0,0,1558,0,0,0,273,65	0,0,0,0,27,0,0,0,0,0,62,0,0,0,5,3	194	149	1
1540	0,103,0,0,0	0,0,0,0,0	0,0,0,0,126,0,0,0,0,2,73,0,0,0,3,35	0,0,0,0,0,0,0,0,0,0,0,0,0,0,0,1	272	149	1
1541	0,147,0,0,0	0,5,0,0,0	0,0,0,0,144,0,0,0,0,0,101,0,0,0,1,26	0,0,0,0,0,0,0,0,0,0,4,0,0,0,0,3	168	149	1
1542	0,390,0,0,0	0,0,0,0,0	0,0,0,0,494,0,0,0,0,0,405,0,0,0,274,36	0,0,0,0,0,0,0,0,0,0,0,0,0,0,4,0	273	149	1
1543	0,98,0,0,0	0,344,0,0,0	0,0,0,0,65,0,0,0,0,0,26,0,0,0,5,16	0,0,0,0,234,0,0,0,0,0,271,0,0,0,18,38	245	149	1
1544	0,1634,0,0,2	0,51,0,0,0	0,0,0,0,649,0,0,0,0,0,777,0,0,0,39,86	0,0,0,0,12,0,0,0,0,0,18,0,0,0,14,12	283	149	1
1545	0,45933,0,0,10	0,0,0,0,0	0,0,0,0,34635,0,0,51,12,12,72678,0,0,0,31,2267	0,0,0,0,0,0,0,0,0,0,2,0,0,0,0,0	500	149	1
1546	0,50775,0,0,12	0,0,0,0,0	0,0,0,0,38074,0,2,59,16,16,79021,0,0,0,1073,4088	0,0,0,0,0,0,0,0,0,0,0,0,0,0,0,24	518	149	1
1547	0,4842,0,0,2	0,0,0,0,0	0,0,0,0,3439,0,2,8,4,4,6345,0,0,0,1042,1821	0,0,0,0,0,0,0,0,0,0,0,0,0,0,0,24	167	149	1
1548	0,31300,0,0,8	0,0,0,0,0	0,0,0,0,20162,0,2,23,10,12,41483,0,0,0,1501,6321	0,0,0,0,0,0,0,0,0,0,0,0,0,0,0,3	167	149	1
1549	0,24,0,0,0	0,15,0,0,0	0,0,0,0,120,0,0,0,0,0,29,0,0,0,86,24	0,0,0,0,87,0,0,0,0,0,337,0,0,0,60,7	672	149	1
1552	0,22,0,0,0	0,78,0,0,0	0,0,0,0,0,0,0,0,0,0,13,0,0,0,45,6	0,0,0,0,106,0,0,0,0,0,461,0,0,0,375,46	994	149	1
1553	0,141,0,0,0	0,4,0,0,0	0,0,0,0,174,0,0,0,2,0,545,0,0,0,527,61	0,0,0,0,0,0,0,0,0,0,3,0,0,0,0,10	1355	149	1
1555	0,95,0,0,2	0,0,0,0,0	0,0,0,0,108,0,0,0,0,2,477,0,0,0,172,41	0,0,0,0,0,0,0,0,0,0,2,0,0,0,0,2	170	149	1
1556	0,3,0,0,0	0,0,0,0,0	0,0,0,0,14,0,0,0,0,0,7,0,0,0,37,25	0,0,0,0,0,0,0,0,0,0,6,0,0,0,0,0	198	149	1
1557	0,25,0,0,0	0,144,0,0,0	0,0,0,0,34,0,0,0,0,0,31,0,0,0,16,10	0,0,0,0,207,0,0,0,0,0,591,0,0,0,127,52	935	149	1
1560	0,5,0,0,0	0,231,0,0,0	0,0,0,0,22,0,0,0,0,0,17,0,0,0,0,2	0,0,0,0,374,0,0,1,0,0,761,0,0,0,137,37	276	149	1
1563	0,4,0,0,0	0,318,0,0,0	0,0,0,0,0,0,0,0,0,0,13,0,0,0,0,4	0,0,0,0,234,0,0,0,0,0,698,0,0,0,60,50	204	149	1
1564	0,0,0,0,0	0,331,0,0,2	0,0,0,0,0,0,0,0,0,0,4,0,0,0,0,0	0,0,0,0,334,0,0,0,0,0,703,0,0,0,58,46	165	149	1
1568	0,7,0,0,0	0,2,0,0,0	0,0,0,0,28,0,0,0,0,0,27,0,0,0,101,0	0,0,0,0,0,0,0,0,0,0,10,0,0,0,22,0	187	149	1
1571	0,2,0,0,0	0,8,0,0,0	0,0,0,0,0,0,0,0,0,0,5,0,0,0,4,3	0,0,0,0,0,0,0,0,0,0,5,0,0,0,0,6	152	149	1
1572	0,11,0,0,0	0,5,0,0,0	0,0,0,0,26,0,0,0,0,0,91,0,0,0,30,85	0,0,0,0,113,0,0,0,0,0,25,0,0,0,20,38	152	149	1
1574	0,8,0,0,0	0,2,0,0,0	0,0,0,0,201,0,0,0,0,0,0,0,0,0,7,4	0,0,0,0,116,0,0,0,0,0,2,0,0,0,8,47	192	149	1
1575	0,794,0,0,0	0,0,0,0,0	0,0,0,0,683,0,0,0,0,0,894,0,0,0,4,23	0,0,0,0,0,0,0,0,0,0,6,0,0,0,0,0	291	149	1
1576	0,26,0,0,0	0,33,0,0,0	0,0,0,0,8,0,0,0,0,0,8,0,0,0,0,3	0,0,0,0,98,0,0,0,0,1,454,0,0,0,47,23	362	149	1
1578	0,165,0,0,0	0,404,0,0,0	0,0,0,0,56,0,0,0,0,0,18,0,0,0,1,12	0,0,0,0,140,0,0,0,0,0,397,0,0,0,0,23	406	149	1
1579	0,590,0,0,0	0,4,0,0,0	0,0,0,0,604,0,0,0,0,0,520,0,0,0,64,58	0,0,0,0,0,0,0,0,0,0,0,0,0,0,0,0	596	149	1
1580	0,2040,0,0,4	0,0,0,0,0	0,0,0,0,7173,2,0,9,2,16,7265,0,0,0,766,414	0,0,0,0,0,0,0,0,0,0,1,0,0,0,0,0	790	149	1
1582	0,93,0,0,0	0,35,0,0,0	0,0,0,0,71,0,0,0,0,0,79,0,0,0,7,17	0,0,0,0,20,0,0,0,0,0,57,0,0,0,0,8	158	149	1
1583	0,1,0,0,0	0,0,0,0,0	0,0,0,0,6,0,0,0,0,0,29,0,0,0,8,0	0,0,0,0,16,0,0,0,0,0,12,0,0,0,15,0	152	149	1
1592	0,6,0,0,0	0,0,0,0,0	0,0,0,0,0,0,0,0,0,0,21,0,0,0,123,18	0,0,0,0,0,0,0,0,0,0,1,0,0,0,6,0	152	149	1
1595	0,4,0,0,0	0,0,0,0,0	0,0,0,0,0,0,0,0,0,0,0,0,0,0,0,1	0,0,0,0,0,0,0,0,0,0,2,0,0,0,0,0	152	149	1
1596	0,4,0,0,0	0,0,0,0,0	0,0,0,0,0,0,0,0,0,0,0,0,0,0,0,3	0,0,0,0,25,0,0,0,0,0,24,0,0,0,4,0	268	149	1
1604	0,7,0,0,0	0,112,0,0,0	0,0,0,0,26,0,0,0,0,0,4,0,0,0,0,0	0,0,0,0,32,0,0,0,0,0,241,0,0,0,90,5	202	149	1
1606	0,1,0,0,0	0,38,0,0,0	0,0,0,0,31,0,0,0,0,0,1,0,0,0,1,0	0,0,0,0,46,0,0,0,0,0,142,0,0,0,16,12	193	149	1
1607	0,31,0,0,0	0,4,0,0,0	0,0,0,0,47,0,0,0,0,0,134,0,0,0,23,1	0,0,0,0,0,0,0,0,0,0,5,0,0,0,0,0	165	149	1
1610	0,2,0,0,0	0,140,0,0,0	0,0,0,0,17,0,0,0,0,0,15,0,0,0,11,3	0,0,0,0,205,0,0,0,0,0,176,0,0,0,88,51	756	149	1
1612	0,76,0,0,0	0,0,0,0,0	0,0,0,0,148,0,0,0,0,0,128,0,0,0,2,20	0,0,0,0,0,0,0,0,0,0,1,0,0,0,0,1	382	149	1
1613	0,57,0,0,0	0,0,0,0,0	0,0,0,0,111,0,0,0,0,0,140,0,0,0,7,10	0,0,0,0,0,0,0,0,0,0,2,0,0,0,0,0	156	149	1
1616	0,0,0,0,0	0,74,0,0,0	0,0,0,0,0,0,0,0,0,0,12,0,0,0,0,0	0,0,0,0,353,0,0,0,0,0,219,0,0,0,3,30	169	149	1
1617	0,0,0,0,0	0,16,0,0,0	0,0,0,0,25,0,0,0,0,0,11,0,0,0,0,0	0,0,0,0,14,0,0,0,0,0,23,0,0,0,2,6	223	149	1
1619	0,380,0,0,0	0,12,0,0,0	0,0,0,0,395,0,0,0,0,2,863,0,0,0,31,70	0,0,0,0,0,0,0,0,0,0,6,0,0,0,0,0	236	149	1
1620	0,39012,209,0,399	0,6,0,0,0	0,0,0,0,805,28,42,48,31,120,1977,0,0,0,130,569	0,0,0,0,0,0,0,0,0,0,3,0,0,0,1,0	152	149	1
1621	0,1599664,2070,0,1261	0,35,4,0,0	0,0,0,0,9332,566,600,447,84,357,24652,0,0,0,97118,4298	0,0,0,0,0,0,0,0,0,0,0,0,0,0,4,0	700	149	1
1622	0,131,0,0,0	0,3,0,0,0	0,0,0,0,238,0,0,0,0,0,542,0,0,0,207,8	0,0,0,0,7,0,0,0,0,0,15,0,0,0,0,1	153	149	1
1624	0,0,0,0,0	0,6,0,0,0	0,0,0,0,0,0,0,0,0,0,23,0,0,0,23,3	0,0,0,0,36,0,0,0,0,0,9,0,0,0,10,0	199	149	1
1625	0,5,0,0,0	0,0,0,0,0	0,0,0,0,13,0,0,0,0,0,26,0,0,0,17,1	0,0,0,0,0,0,0,0,0,0,12,0,0,0,9,0	199	149	1
1626	0,7,2,0,0	0,0,0,0,0	0,0,0,0,64,0,0,0,0,0,74,0,0,0,83,6	0,0,0,0,0,0,0,0,0,0,3,0,0,0,3,0	927	149	1
1627	0,3,0,0,0	0,0,0,0,0	0,0,0,0,35,0,0,0,0,0,49,0,0,0,36,17	0,0,0,0,8,0,0,0,0,0,12,0,0,0,0,0	152	149	1
1628	0,183,0,0,0	0,0,0,0,0	0,0,0,0,456,0,0,1,0,0,968,0,0,0,58,9	0,0,0,0,0,0,0,0,0,0,15,0,0,0,3,0	233	149	1
1629	0,127,0,0,0	0,9,0,0,0	0,0,0,0,267,0,0,0,0,2,717,0,0,0,266,68	0,0,0,0,26,0,0,0,0,0,17,0,0,0,20,1	201	149	1
1631	0,40,0,0,0	0,0,0,0,0	0,0,0,0,50,0,0,0,0,0,183,0,0,0,0,13	0,0,0,0,0,0,0,0,0,0,3,0,0,0,0,0	165	149	1
1633	0,22,0,0,0	0,0,0,0,0	0,0,0,0,5,0,0,0,0,0,254,0,0,0,2,24	0,0,0,0,0,0,0,0,0,0,7,0,0,0,0,0	247	149	1
1634	0,42,0,0,0	0,78,0,0,2	0,0,0,0,110,0,0,0,0,0,32,0,0,0,5,8	0,0,0,0,77,0,0,0,0,0,242,0,0,0,13,3	532	149	1
1637	0,14,0,0,2	0,35,0,0,0	0,0,0,0,0,2,0,0,0,0,2,0,0,0,20,11	0,0,0,0,116,0,0,0,0,0,455,0,0,0,255,23	301	149	1
1638	0,717,2,0,2	0,2,0,0,0	0,0,0,0,733,2,0,2,0,0,1411,0,0,0,702,44	0,0,0,0,0,0,0,0,0,0,5,0,0,0,2,8	2530	149	1
1639	0,9,0,0,0	0,344,0,0,2	0,0,0,0,6,0,0,0,0,0,13,0,0,0,5,0	0,0,0,0,332,0,0,2,0,0,1058,0,0,0,344,13	176	149	1
1640	0,373,2,0,0	0,7,0,0,0	0,0,0,0,401,2,0,0,0,0,361,0,0,0,358,31	0,0,0,0,0,0,0,0,0,0,1,0,0,0,0,0	2530	149	1
1641	0,653,0,0,0	0,0,0,0,0	0,0,0,0,716,0,0,0,0,6,1878,0,0,0,704,198	0,0,0,0,0,0,0,0,0,0,8,0,0,0,0,0	1118	149	1
1643	0,301,0,0,0	0,0,0,0,0	0,0,0,0,268,2,0,2,0,0,1055,0,0,0,446,164	0,0,0,0,0,0,0,0,0,0,1,0,0,0,0,0	189	149	1
1644	0,0,0,0,0	0,96,0,0,2	0,0,0,0,0,0,0,0,0,0,2,0,0,0,4,0	0,0,0,0,204,0,0,0,0,0,574,0,0,0,122,28	165	149	1
1645	0,2,0,0,0	0,83,0,0,0	0,0,0,0,0,0,0,0,0,0,14,0,0,0,0,0	0,0,0,0,186,2,2,0,0,0,588,0,0,0,220,8	220	149	1
1647	0,0,0,0,0	0,8,0,0,0	0,0,0,0,29,0,0,0,0,0,4,0,0,0,10,3	0,0,0,0,44,0,0,0,0,0,25,0,0,0,46,26	231	149	1
1648	0,18,0,0,0	0,149,0,0,0	0,0,0,0,21,2,0,0,0,0,0,0,0,0,22,11	0,0,0,0,74,0,0,0,0,0,72,0,0,0,305,50	200	149	1
1649	0,0,0,0,0	0,2,0,0,0	0,0,0,0,0,0,6,0,0,0,14,0,0,0,126,0	0,0,0,0,0,0,0,0,0,0,14,0,0,0,23,0	152	149	1
1651	0,42,0,0,0	0,64,0,0,0	0,0,0,0,64,0,0,0,0,0,17,0,0,0,3,3	0,0,0,0,62,0,0,0,0,0,304,0,0,0,6,10	246	149	1
1652	0,0,0,0,0	0,7,0,0,0	0,0,0,0,14,0,0,0,0,0,0,0,0,0,0,0	0,0,0,0,57,0,0,0,0,0,101,0,0,0,14,12	209	149	1
1653	0,10,0,0,0	0,4,0,0,0	0,0,0,0,148,0,0,0,0,0,89,0,0,0,12,1	0,0,0,0,9,0,0,0,0,0,17,0,0,0,1,0	334	149	1
1654	0,17,0,0,0	0,4,0,0,0	0,0,0,0,191,0,0,0,0,0,190,0,0,0,26,13	0,0,0,0,9,0,0,0,0,0,17,0,0,0,1,0	274	149	1
1655	0,0,0,0,0	0,40,0,0,0	0,0,0,0,3,0,0,0,0,0,0,0,0,0,6,0	0,0,0,0,18,0,0,0,0,0,206,0,0,0,116,5	179	149	1
1656	0,0,0,0,0	0,30,0,0,0	0,0,0,0,13,0,0,0,0,0,2,0,0,0,5,0	0,0,0,0,64,0,0,0,0,0,18,0,0,0,3,1	219	149	1
1657	0,40,0,0,0	0,11,0,0,0	0,0,0,0,56,0,0,0,0,0,32,0,0,0,0,3	0,0,0,0,0,0,0,0,0,0,2,0,0,0,3,0	207	149	1
1658	0,8,0,0,0	0,45,0,0,0	0,0,0,0,0,0,0,0,0,0,24,0,0,0,2,2	0,0,0,0,35,0,0,0,0,0,81,0,0,0,0,15	152	149	1
1660	0,254,0,0,0	0,0,0,0,0	0,0,0,0,524,0,0,0,0,0,478,0,0,0,24,53	0,0,0,0,0,0,0,0,0,0,2,0,0,0,0,0	483	149	1
1661	0,70,0,0,0	0,0,0,0,0	0,0,0,0,103,0,0,0,0,0,236,0,0,0,94,12	0,0,0,0,21,0,0,0,0,0,11,0,0,0,15,0	155	149	1
1663	0,0,0,0,0	0,14,0,0,0	0,0,0,0,0,0,0,0,0,0,7,0,0,0,0,4	0,0,0,0,158,0,0,0,0,0,138,0,0,0,0,1	161	149	1
1665	0,0,0,0,0	0,61,0,0,0	0,0,0,0,0,0,0,0,0,0,9,0,0,0,0,1	0,0,0,0,116,0,0,0,0,0,218,0,0,0,24,16	176	149	1
1666	0,91,0,0,0	0,5,0,0,0	0,0,0,0,190,0,0,0,0,0,232,0,0,0,0,2	0,0,0,0,25,0,0,0,0,0,23,0,0,0,0,0	152	149	1
1668	0,512,0,0,0	0,2,0,0,0	0,0,0,0,1966,0,0,0,0,0,2525,0,0,0,332,37	0,0,0,0,55,0,0,0,0,0,44,0,0,0,0,1	201	149	1
1669	0,11,0,0,0	0,0,0,0,0	0,0,0,0,115,0,0,0,0,0,15,0,0,0,0,2	0,0,0,0,8,0,0,0,0,0,0,0,0,0,0,0	308	149	1
1675	0,1,0,0,0	0,22,0,0,0	0,0,0,0,18,0,0,0,0,0,3,0,0,0,0,0	0,0,0,0,184,0,0,0,0,0,113,0,0,0,24,0	168	149	1
1677	0,0,0,0,0	0,5,0,0,0	0,0,0,0,16,0,0,0,0,0,5,0,0,0,0,0	0,0,0,0,107,0,0,0,0,0,76,0,0,0,15,5	173	149	1
1678	0,23,0,0,0	0,26,0,0,0	0,0,0,0,0,0,0,0,0,0,6,0,0,0,0,0	0,0,0,0,14,0,0,0,0,0,36,0,0,0,44,0	175	149	1
1679	0,4,0,0,0	0,26,0,0,0	0,0,0,0,15,0,0,0,2,0,5,0,0,0,0,1	0,0,0,0,14,0,0,0,0,0,36,0,0,0,44,0	851	149	1
1680	0,4,0,0,0	0,26,0,0,0	0,0,0,0,30,0,0,0,2,0,5,0,0,0,0,1	0,0,0,0,14,0,0,0,0,0,36,0,0,0,44,0	900	149	1
1681	0,4,0,0,0	0,23,0,0,0	0,0,0,0,15,0,0,0,2,0,4,0,0,0,0,1	0,0,0,0,0,0,0,0,0,0,5,0,0,0,0,0	825	149	1
1682	0,4,0,0,0	0,23,0,0,0	0,0,0,0,30,0,0,0,2,0,4,0,0,0,0,1	0,0,0,0,0,0,0,0,0,0,5,0,0,0,0,0	874	149	1
1685	0,1,0,0,0	0,30,0,0,0	0,0,0,0,0,0,0,0,0,0,0,0,0,0,0,0	0,0,0,0,75,0,0,0,0,0,29,0,0,0,6,1	164	149	1
1686	0,139,0,0,0	0,0,0,0,0	0,0,0,0,251,0,0,2,0,0,788,0,0,0,8,22	0,0,0,0,0,0,0,0,0,0,5,0,0,0,0,0	295	149	1
1689	0,7,0,0,0	0,30,0,0,0	0,0,0,0,0,0,0,0,0,0,3,0,0,0,0,0	0,0,0,0,37,0,0,0,0,0,53,0,0,0,20,24	163	149	1
1690	0,57,0,0,0	0,104,0,0,0	0,0,0,0,39,0,0,0,0,0,37,0,0,0,6,16	0,0,0,0,132,0,0,0,0,0,62,0,0,0,11,20	253	149	1
1691	0,84,0,0,0	0,0,0,0,0	0,0,0,0,62,0,0,1,0,0,34,0,0,0,3,21	0,0,0,0,0,0,0,0,0,0,2,0,0,0,0,1	154	149	1
1694	0,5,0,0,0	0,0,0,0,0	0,0,0,0,12,0,0,0,0,0,59,0,0,0,20,1	0,0,0,0,0,0,0,0,0,0,1,0,0,0,0,0	175	149	1
1696	0,8,0,0,0	0,198,0,0,0	0,0,0,0,4,0,0,0,0,0,0,0,0,0,8,4	0,0,0,0,187,6,0,0,0,0,509,0,0,0,459,16	185	149	1
1698	0,0,0,0,0	0,73,0,0,0	0,0,0,0,16,0,0,0,0,0,6,0,0,0,0,0	0,0,0,0,216,0,0,0,0,0,211,0,0,0,20,10	273	149	1
1704	0,4,0,0,0	0,185,0,0,0	0,0,0,0,0,0,0,0,0,0,1,0,0,0,0,0	0,0,0,0,245,2,0,0,0,0,449,0,0,0,335,22	200	149	1
1710	0,6,0,0,0	0,10,0,0,0	0,0,0,0,3,0,0,0,0,0,4,0,0,0,1,0	0,0,0,0,23,0,0,0,0,0,99,0,0,0,36,7	216	149	1
1711	0,27,0,0,0	0,0,0,0,0	0,0,0,0,70,0,0,0,0,2,140,0,0,0,57,12	0,0,0,0,0,0,0,0,0,0,1,0,0,0,0,0	374	149	1
1713	0,7,0,0,0	0,0,0,0,0	0,0,0,0,50,0,0,0,0,0,223,0,0,0,196,10	0,0,0,0,0,0,0,0,0,0,4,0,0,0,4,0	244	149	1
1716	0,0,0,0,0	0,2,0,0,0	0,0,0,0,0,0,0,0,0,0,1,0,0,0,0,0	0,0,0,0,17,0,0,0,0,0,10,0,0,0,0,0	241	149	1
1717	0,0,0,0,0	0,2,0,0,0	0,0,0,0,0,0,0,0,0,0,1,0,0,0,0,0	0,0,0,0,17,0,0,0,0,0,10,0,0,0,0,0	203	149	1
1722	0,45,0,0,0	0,68,0,0,0	0,0,0,0,44,0,0,2,0,0,140,0,0,0,3,7	0,0,0,0,140,0,0,0,0,0,348,0,0,0,1,15	200	149	1
1724	0,10,0,0,0	0,2,0,0,0	0,0,0,0,0,0,0,0,0,0,30,0,0,0,4,2	0,0,0,0,25,0,0,0,0,0,124,0,0,0,21,0	153	149	1
1725	0,0,0,0,0	0,9,0,0,0	0,0,0,0,10,0,0,0,0,0,40,0,0,0,4,1	0,0,0,0,140,0,0,2,0,0,571,0,0,0,129,16	164	149	1
1726	0,3,0,0,0	0,0,0,0,0	0,0,0,0,49,0,0,0,0,0,252,0,0,0,53,1	0,0,0,0,0,0,0,0,0,0,19,0,0,0,16,0	207	149	1
1727	0,16,0,0,0	0,0,0,0,0	0,0,0,0,164,2,0,0,0,0,709,0,0,0,198,1	0,0,0,0,0,0,0,0,0,0,3,0,0,0,5,0	320	149	1
1728	0,22,0,0,0	0,0,0,0,0	0,0,0,0,246,2,0,0,0,0,1184,0,0,0,327,4	0,0,0,0,12,0,0,0,0,0,2,0,0,0,0,0	446	149	1
1729	0,12,0,0,0	0,0,0,0,0	0,0,0,0,179,0,0,2,0,0,783,0,0,0,178,16	0,0,0,0,0,0,0,0,0,0,19,0,0,0,16,0	192	149	1
1730	0,25,0,0,0	0,0,0,0,0	0,0,0,0,294,2,0,2,0,0,1240,0,0,0,323,16	0,0,0,0,0,0,0,0,0,0,3,0,0,0,5,0	305	149	1
1731	0,31,0,0,0	0,0,0,0,0	0,0,0,0,376,2,0,2,0,0,1715,0,0,0,452,19	0,0,0,0,12,0,0,0,0,0,2,0,0,0,0,0	431	149	1
1732	0,13,0,0,0	0,0,0,0,0	0,0,0,0,115,2,0,0,0,0,476,0,0,0,161,0	0,0,0,0,0,0,0,0,0,0,3,0,0,0,5,0	262	149	1
1733	0,19,0,0,0	0,0,0,0,0	0,0,0,0,197,2,0,0,0,0,951,0,0,0,290,3	0,0,0,0,12,0,0,0,0,0,2,0,0,0,0,0	388	149	1
1734	0,6,0,0,0	0,0,0,0,0	0,0,0,0,82,0,0,0,0,0,478,0,0,0,134,3	0,0,0,0,12,0,0,0,0,0,2,0,0,0,0,0	275	149	1
1735	0,0,0,0,0	0,33,0,0,0	0,0,0,0,18,0,0,0,0,0,349,0,0,0,16,1	0,0,0,0,79,0,0,0,0,0,472,0,0,0,44,0	167	149	1
1737	0,7,0,0,0	0,0,0,0,0	0,0,0,0,0,0,0,0,0,0,151,0,0,0,0,0	0,0,0,0,17,0,0,0,0,0,29,0,0,0,1,0	152	149	1
1739	0,5,0,0,0	0,15,0,0,0	0,0,0,0,17,0,0,0,0,0,304,0,0,0,0,23	0,0,0,0,0,0,0,0,0,0,41,0,0,0,0,2	152	149	1
1741	0,65,0,0,0	0,1,0,0,0	0,0,0,0,169,2,2,0,0,0,868,0,0,0,526,63	0,0,0,0,12,0,0,0,0,0,86,0,0,0,39,33	188	149	1
1743	0,0,0,0,0	0,41,0,0,0	0,0,0,0,0,0,0,0,0,0,2,0,0,0,10,0	0,0,0,0,425,0,0,0,0,0,663,0,0,0,221,81	174	149	1
1745	0,82,0,0,0	0,0,0,0,0	0,0,0,0,257,0,0,0,0,0,388,0,0,0,264,97	0,0,0,0,0,0,0,0,0,0,2,0,0,0,0,0	222	149	1
1747	0,398,14,0,0	0,25,0,0,0	0,0,0,0,702,2,6,0,0,0,1498,0,0,0,366,373	0,0,0,0,58,0,0,0,0,0,67,0,0,0,12,47	152	149	1
1749	0,65914,0,0,0	0,14342,0,0,0	0,0,0,0,273,0,0,0,0,0,215,0,0,0,86,0	0,0,0,0,43,0,0,0,0,0,37,0,0,0,25,2	152	149	1
1750	0,6,0,0,0	0,23,0,0,0	0,0,0,0,37,0,0,0,0,0,49,0,0,0,35,18	0,0,0,0,106,0,0,0,0,0,628,0,0,0,201,66	277	149	1
1751	0,0,0,0,0	0,7,4,0,2	0,0,0,0,8,0,0,0,0,0,1,0,0,0,10,0	0,0,0,0,94,7,0,4,0,0,252,0,0,0,247,42	184	149	1
1754	0,3,0,0,0	0,0,0,0,0	0,0,0,0,28,0,0,0,0,0,15,0,0,0,7,0	0,0,0,0,46,0,0,0,0,0,55,0,0,0,9,0	160	149	1
1755	0,14,0,0,0	0,0,0,0,0	0,0,0,0,322,2,0,0,0,0,132,0,0,0,135,0	0,0,0,0,46,0,0,0,0,0,55,0,0,0,9,0	232	149	1
1756	0,14,0,0,0	0,3,0,0,0	0,0,0,0,294,2,0,0,0,0,130,0,0,0,135,0	0,0,0,0,0,0,0,0,0,0,13,0,0,0,7,0	221	149	1
1763	0,61,0,0,0	0,11,0,0,0	0,0,0,0,56,0,0,0,0,0,180,0,0,0,248,26	0,0,0,0,41,0,0,0,0,0,44,0,0,0,30,3	290	149	1
1764	0,93,3,0,6	0,0,0,0,0	0,0,0,0,164,4,2,6,0,0,722,0,0,0,1657,224	0,0,0,0,0,0,0,0,0,0,0,0,0,0,0,2	219	149	1
1767	0,560,2,0,0	0,13,0,0,0	0,0,0,0,644,10,4,2,0,0,2724,0,0,0,1296,33	0,0,0,0,3,0,0,0,0,0,15,0,0,0,18,0	205	149	1
1768	0,469,4,0,0	0,0,0,0,0	0,0,0,0,366,4,2,2,0,2,2573,0,0,0,1361,41	0,0,0,0,0,0,0,0,0,0,16,0,0,0,26,0	212	149	1
1769	0,5,2,0,0	0,53,0,0,0	0,0,0,0,0,0,0,1,0,0,6,0,0,0,10,1	0,0,0,0,277,0,2,0,0,0,308,0,0,0,284,218	236	149	1
1771	0,17,0,0,0	0,42,0,0,0	0,0,0,0,9,0,0,0,0,0,7,0,0,0,8,0	0,0,0,0,157,0,0,0,0,0,281,0,0,0,23,3	253	149	1
1773	0,0,0,0,0	0,7,0,0,0	0,0,0,0,18,0,0,0,0,0,0,0,0,0,10,0	0,0,0,0,19,0,0,0,0,0,9,0,0,0,0,0	179	149	1
1774	0,15,0,0,0	0,7,0,0,0	0,0,0,0,136,0,0,0,2,0,19,0,0,0,36,0	0,0,0,0,19,0,0,0,0,0,9,0,0,0,0,0	323	149	1
1777	0,0,0,0,0	0,7,0,0,0	0,0,0,0,0,0,0,0,0,0,2,0,0,0,0,0	0,0,0,0,0,0,0,0,0,0,7,0,0,0,10,0	214	149	1
1778	0,266,0,0,2	0,0,0,0,0	0,0,0,0,288,0,0,0,0,0,734,0,0,0,100,70	0,0,0,0,0,0,0,0,0,0,6,0,0,0,0,0	155	149	1
1779	0,8,0,0,0	0,0,0,0,0	0,0,0,0,128,0,0,0,0,0,23,0,0,0,0,5	0,0,0,0,182,0,0,0,0,0,30,0,0,0,0,0	152	149	1
1780	0,84,0,0,0	0,38,0,0,0	0,0,0,0,622,0,0,0,0,0,2937,0,0,0,49,37	0,0,0,0,329,0,0,0,0,0,1227,0,0,0,24,7	152	149	1
1781	0,1,0,0,0	0,251,0,0,0	0,0,0,0,51,0,0,0,0,0,81,0,0,0,0,1	0,0,0,0,1087,4,2,0,0,0,3169,0,0,0,94,73	152	149	1
1782	0,73,0,0,0	0,148,0,0,0	0,0,0,0,54,0,0,0,0,0,153,0,0,0,2,17	0,0,0,0,100,0,0,0,0,0,744,0,0,0,6,8	342	149	1
1784	0,194,0,0,0	0,0,0,0,0	0,0,0,0,224,0,0,0,0,0,205,0,0,0,2,19	0,0,0,0,0,0,0,0,0,0,0,0,0,0,0,2	182	149	1
1785	0,208,0,0,4	0,0,0,0,0	0,0,0,0,506,0,0,0,0,0,1453,0,0,0,238,256	0,0,0,0,0,0,0,0,0,0,0,0,0,0,0,2	438	149	1
1786	0,2,0,0,0	0,4,0,0,0	0,0,0,0,76,0,0,0,0,0,9,0,0,0,0,1	0,0,0,0,69,0,0,0,0,0,33,0,0,0,10,2	248	149	1
1787	0,3,0,0,0	0,2,0,0,0	0,0,0,0,46,0,0,0,0,0,9,0,0,0,0,5	0,0,0,0,65,0,0,0,0,0,25,0,0,0,5,1	234	149	1
1788	0,0,0,0,0	0,3,0,0,0	0,0,0,0,0,0,0,0,0,0,5,0,0,0,1,6	0,0,0,0,45,0,0,0,0,0,36,0,0,0,1,24	152	149	1
1789	0,0,0,0,0	0,2,0,0,0	0,0,0,0,0,0,0,0,0,0,0,0,0,0,0,1	0,0,0,0,37,0,0,0,4,2,29,0,0,0,4,11	166	149	1
1790	0,0,0,0,0	0,18,0,0,0	0,0,0,0,6,0,0,0,0,0,2,0,0,0,3,0	0,0,0,0,5,0,0,0,0,0,12,0,0,0,0,7	152	149	1
1794	0,466,0,0,0	0,6,0,0,0	0,0,0,0,821,0,0,0,2,2,783,0,0,0,220,25	0,0,0,0,31,0,0,0,0,0,58,0,0,0,20,1	591	149	1
1799	0,0,0,0,0	0,32,0,0,0	0,0,0,0,0,0,0,0,0,0,2,0,0,0,0,0	0,0,0,0,104,0,0,0,0,0,168,0,0,0,5,7	187	149	1
1800	0,44,0,0,0	0,268,0,0,0	0,0,0,0,108,0,0,0,0,0,104,0,0,0,15,4	0,0,0,0,485,0,0,0,0,2,1632,0,0,0,104,41	208	149	1
1801	0,650,1,0,0	0,27,0,0,0	0,0,0,0,706,0,0,0,0,0,1777,0,0,0,279,38	0,0,0,0,29,0,0,0,0,0,112,0,0,0,20,4	797	149	1
1803	0,74,0,0,0	0,218,0,0,0	0,0,0,0,128,0,0,0,0,0,223,0,0,0,44,75	0,0,0,0,152,0,0,0,0,0,542,0,0,0,10,90	351	149	1
1804	0,117,0,0,0	0,0,0,0,0	0,0,0,0,174,0,0,0,0,0,294,0,0,0,45,98	0,0,0,0,28,0,0,0,0,0,11,0,0,0,0,5	402	149	1
1805	0,261,0,0,0	0,0,0,0,0	0,0,0,0,198,0,0,0,0,0,613,0,0,0,11,113	0,0,0,0,28,0,0,0,0,0,11,0,0,0,0,5	200	149	1
1806	0,0,0,0,0	0,3,0,0,0	0,0,0,0,0,0,0,0,0,0,0,0,0,0,0,5	0,0,0,0,0,0,0,0,0,0,17,0,0,0,1,5	162	149	1
1807	0,0,0,0,0	0,5,0,0,0	0,0,0,0,0,0,0,0,0,0,0,0,0,0,0,13	0,0,0,0,19,0,0,0,0,0,9,0,0,0,0,3	162	149	1
1814	0,6,0,0,0	0,0,0,0,0	0,0,0,0,145,0,0,0,0,0,5011,0,0,0,3,58	0,0,0,0,0,0,0,0,0,0,4,0,0,0,0,0	341	149	1
1815	0,18,0,0,0	0,0,0,0,0	0,0,0,0,157,0,0,0,0,0,6099,0,0,0,5,47	0,0,0,0,0,0,0,0,0,0,44,0,0,0,0,0	341	149	1
1817	0,2,0,0,0	0,0,0,0,0	0,0,0,0,1,0,0,0,0,2,857,0,0,0,17,251	0,0,0,0,0,0,0,0,0,0,35,0,0,0,4,5	359	149	1
1823	0,10,0,0,0	0,0,0,0,0	0,0,0,0,41,0,0,0,0,0,193,0,0,0,66,2	0,0,0,0,0,0,0,0,0,0,1,0,0,0,0,0	253	149	1
1824	0,57,0,0,0	0,25,0,0,0	0,0,0,0,96,0,0,0,0,0,682,0,0,0,325,12	0,0,0,0,161,0,0,2,0,0,601,0,0,0,275,22	253	149	1
1827	0,0,0,0,0	0,15,0,0,0	0,0,0,0,0,0,0,0,0,0,0,0,0,0,0,1	0,0,0,0,30,0,0,0,0,0,29,0,0,0,0,1	176	149	1
1828	0,0,0,0,0	0,10,0,0,0	0,0,0,0,0,0,0,0,0,0,0,0,0,0,0,1	0,0,0,0,53,0,0,0,0,0,4,0,0,0,0,0	179	149	1
1829	0,15,0,0,0	0,10,0,0,0	0,0,0,0,30,0,0,0,0,0,29,0,0,0,0,1	0,0,0,0,53,0,0,0,0,0,4,0,0,0,0,0	152	149	1
1832	0,64,0,0,0	0,0,0,0,0	0,0,0,0,236,0,0,0,0,0,270,0,0,0,84,37	0,0,0,0,0,0,0,0,0,0,6,0,0,0,0,1	192	149	1
1834	0,96,0,0,0	0,2,0,0,0	0,0,0,0,463,0,0,0,0,0,440,0,0,0,23,34	0,0,0,0,60,0,0,0,0,0,20,0,0,0,0,0	172	149	1
1835	0,9,0,0,0	0,59,0,0,0	0,0,0,0,49,0,0,0,0,0,33,0,0,0,0,2	0,0,0,0,496,0,0,0,0,0,298,0,0,0,48,24	167	149	1
1836	0,210,0,0,0	0,0,0,0,0	0,0,0,0,438,0,0,0,0,0,322,0,0,0,14,26	0,0,0,0,5,0,0,0,0,0,0,0,0,0,0,0	166	149	1
1837	0,0,0,0,0	0,268,0,0,0	0,0,0,0,0,0,0,0,0,0,27,0,0,0,0,0	0,0,0,0,520,0,0,0,0,2,334,0,0,0,2,7	152	149	1
1838	0,4,0,0,0	0,7,0,0,0	0,0,0,0,14,0,0,0,0,0,41,0,0,0,0,0	0,0,0,0,0,0,0,0,0,0,3,0,0,0,0,0	158	149	1
1839	0,272,0,0,0	0,7,0,0,0	0,0,0,0,534,0,0,0,0,2,348,0,0,0,2,7	0,0,0,0,0,0,0,0,0,0,3,0,0,0,0,0	155	149	1
1840	0,67,0,0,0	0,0,0,0,0	0,0,0,0,115,0,0,0,0,0,67,0,0,0,0,0	0,0,0,0,0,0,0,0,0,0,1,0,0,0,0,0	169	149	1
1841	0,81,0,0,0	0,0,0,0,0	0,0,0,0,115,0,0,0,0,0,77,0,0,0,2,0	0,0,0,0,8,0,0,0,0,0,1,0,0,0,0,0	172	149	1
1842	0,14,0,0,0	0,0,0,0,0	0,0,0,0,0,0,0,0,0,0,11,0,0,0,2,0	0,0,0,0,8,0,0,0,0,0,1,0,0,0,0,0	152	149	1
1843	0,77,0,0,0	0,0,0,0,0	0,0,0,0,129,0,0,0,0,0,77,0,0,0,2,0	0,0,0,0,0,0,0,0,0,0,6,0,0,0,0,0	172	149	1
1845	0,176,0,0,0	0,1,0,0,0	0,0,0,0,355,0,0,0,0,0,1235,0,0,0,104,42	0,0,0,0,0,0,0,0,0,0,0,0,0,0,0,0	1270	149	1
1846	0,1,0,0,0	0,3,0,0,0	0,0,0,0,16,0,0,0,0,0,52,0,0,0,24,10	0,0,0,0,17,0,0,0,0,0,5,0,0,0,0,0	1270	149	1
1856	0,34,2,0,0	0,0,0,0,0	0,0,0,0,86,0,2,0,0,0,94,0,0,0,182,7	0,0,0,0,33,0,0,0,0,0,6,0,0,0,1,2	218	149	1
1864	0,4,0,0,0	0,2,0,0,0	0,0,0,0,172,0,0,0,2,0,61,0,0,0,5,2	0,0,0,0,10,0,0,0,0,0,27,0,0,0,27,2	256	149	1
1866	0,0,0,0,0	0,6,0,0,0	0,0,0,0,0,0,0,0,0,0,4,0,0,0,0,0	0,0,0,0,34,0,0,2,0,0,84,0,0,0,133,9	171	149	1
1868	0,14,0,0,0	0,8,0,0,0	0,0,0,0,0,0,0,1,0,0,0,0,0,0,78,1	0,0,0,0,0,0,0,0,0,0,0,0,0,0,0,0	182	149	1
1869	0,0,0,0,0	0,5,0,0,0	0,0,0,0,0,0,0,0,0,0,0,0,0,0,9,0	0,0,0,0,0,0,0,0,0,0,1,0,0,0,111,0	153	149	1
1873	0,5,0,0,0	0,28,0,0,0	0,0,0,0,32,0,0,0,0,0,0,0,0,0,0,0	0,0,0,0,0,0,0,0,0,0,0,0,0,0,0,0	193	149	1
1874	0,8,0,0,0	0,0,0,0,0	0,0,0,0,5,0,0,0,0,0,0,0,0,0,0,0	0,0,0,0,4,0,0,0,0,0,1,0,0,0,0,0	165	149	1
1876	0,24,0,0,0	0,0,0,0,0	0,0,0,0,80,0,0,0,0,0,161,0,0,0,210,116	0,0,0,0,0,0,0,0,0,0,0,0,0,0,6,0	152	149	1
1881	0,12,0,0,0	0,0,0,0,0	0,0,0,0,115,0,0,0,0,0,12,0,0,0,35,9	0,0,0,0,64,0,0,0,0,0,16,0,0,0,21,3	152	149	1
1884	0,0,0,0,0	0,6,0,0,0	0,0,0,0,85,0,0,0,0,0,5,0,0,0,0,3	0,0,0,0,166,0,0,0,0,0,37,0,0,0,1,25	195	149	1
1886	0,100,0,0,0	0,5,0,0,0	0,0,0,0,427,0,0,4,0,0,355,0,0,0,392,10	0,0,0,0,0,0,0,0,0,0,0,0,0,0,0,0	154	149	1
1887	0,142,0,0,0	0,1,0,0,0	0,0,0,0,405,0,0,0,0,2,301,0,0,0,384,21	0,0,0,0,0,0,0,0,0,0,0,0,0,0,0,3	183	149	1
1888	0,17,0,0,0	0,0,0,0,0	0,0,0,0,8,0,0,0,0,0,17,0,0,0,9,6	0,0,0,0,3,0,0,0,0,0,0,0,0,0,0,0	240	149	1
1890	0,5,0,0,0	0,0,0,0,0	0,0,0,0,7,0,0,0,0,0,1,0,0,0,34,10	0,0,0,0,0,0,0,0,0,0,3,0,0,0,0,0	358	149	1
1891	0,5,0,0,0	0,0,0,0,0	0,0,0,0,7,0,0,0,0,0,0,0,0,0,14,0	0,0,0,0,0,0,0,0,0,0,3,0,0,0,0,0	178	149	1
1893	0,118,0,0,0	0,10,0,0,0	0,0,0,0,163,0,2,2,0,2,571,0,0,0,441,78	0,0,0,0,0,0,0,0,0,0,0,0,0,0,0,0	153	149	1
1895	0,4,0,0,0	0,84,0,0,0	0,0,0,0,0,0,0,0,0,0,0,0,0,0,0,0	0,0,0,0,61,0,0,0,0,0,109,0,0,0,19,0	177	149	1
1897	0,4,0,0,0	0,68,0,0,0	0,0,0,0,0,0,0,0,0,0,10,0,0,0,0,0	0,0,0,0,101,0,0,0,0,0,176,0,0,0,4,4	170	149	1
1901	0,0,0,0,0	0,57,0,0,0	0,0,0,0,0,0,0,0,0,0,7,0,0,0,2,0	0,0,0,0,180,0,0,0,0,0,1113,0,0,0,291,19	165	149	1
1903	0,57,0,0,0	0,0,0,0,0	0,0,0,0,206,0,0,0,0,0,1167,0,0,0,291,22	0,0,0,0,0,0,0,0,0,0,6,0,0,0,0,0	159	149	1
1905	0,9,0,0,0	0,154,0,0,0	0,0,0,0,6,0,0,0,0,0,10,0,0,0,0,0	0,0,0,0,357,0,0,0,0,0,264,0,0,0,11,7	283	149	1
1906	0,23,0,0,0	0,0,0,0,0	0,0,0,0,127,0,0,0,0,0,37,0,0,0,7,15	0,0,0,0,0,0,0,0,0,0,10,0,0,0,0,0	154	149	1
1907	0,7,0,0,0	0,0,0,0,0	0,0,0,0,2,0,0,0,0,0,21,0,0,0,18,2	0,0,0,0,20,0,0,0,0,0,0,0,0,0,0,0	153	149	1
1908	0,4,0,0,0	0,0,0,0,0	0,0,0,0,19,0,0,0,0,0,16,0,0,0,13,21	0,0,0,0,20,0,0,0,0,0,0,0,0,0,0,0	227	149	1
1909	0,4,0,0,0	0,7,0,0,0	0,0,0,0,19,0,0,0,0,0,11,0,0,0,13,21	0,0,0,0,2,0,0,0,0,0,16,0,0,0,18,2	223	149	1
1910	0,4,0,0,0	0,41,0,0,0	0,0,0,0,17,0,0,0,0,0,83,0,0,0,33,14	0,0,0,0,273,0,0,1,0,0,335,0,0,0,120,72	152	149	1
1911	0,397,0,0,0	0,113,0,0,0	0,0,0,0,901,0,0,0,0,0,332,0,0,0,25,163	0,0,0,0,245,0,0,0,0,0,401,0,0,0,0,14	2686	149	1
1912	0,80,0,0,0	0,969,0,0,0	0,0,0,0,61,0,0,0,0,0,101,0,0,0,0,7	0,0,0,0,555,0,0,0,0,0,2768,0,0,0,3,63	228	149	1
1913	0,138,0,0,0	0,969,0,0,0	0,0,0,0,82,0,0,0,0,0,160,0,0,0,6,3	0,0,0,0,555,0,0,0,0,0,2768,0,0,0,3,63	317	149	1
1914	0,84,0,0,0	0,26,0,0,0	0,0,0,0,58,0,0,0,0,0,83,0,0,0,6,0	0,0,0,0,37,0,0,0,0,0,24,0,0,0,0,4	238	149	1
1915	0,3,0,0,0	0,0,0,0,0	0,0,0,0,52,0,0,0,0,0,112,0,0,0,105,9	0,0,0,0,0,0,0,0,0,0,0,0,0,0,1,0	242	149	1
1916	0,1,0,0,0	0,0,0,0,0	0,0,0,0,0,0,0,0,0,0,0,0,0,0,1,0	0,0,0,0,24,0,2,0,0,0,55,0,0,0,10,23	179	149	1
1917	0,31,0,0,0	0,246,0,0,2	0,0,0,0,17,0,0,0,0,0,86,0,0,0,9,24	0,0,0,0,284,0,0,2,0,0,1493,0,0,0,250,84	252	149	1
1918	0,14,0,0,0	0,10,0,0,0	0,0,0,0,0,0,0,0,0,0,5,0,0,0,0,0	0,0,0,0,7,0,0,0,0,0,10,0,0,0,1,0	184	149	1
1922	0,53,0,0,0	0,0,0,0,0	0,0,0,0,45,0,0,0,0,0,207,0,0,0,3,2	0,0,0,0,0,0,0,0,0,0,8,0,0,0,0,0	220	149	1
1924	0,7,0,0,0	0,6,0,0,0	0,0,0,0,99,0,0,0,0,0,0,0,0,0,2,0	0,0,0,0,0,0,0,0,0,0,0,0,0,0,0,0	324	149	1
1929	0,446,0,0,0	0,1199,0,0,2	0,0,0,0,35,0,0,0,0,0,344,0,0,0,33,11	0,0,0,0,474,0,0,0,0,2,954,0,0,0,119,57	152	149	1
1930	0,55,0,0,0	0,68,0,0,0	0,0,0,0,0,0,0,0,0,0,31,0,0,0,12,8	0,0,0,0,11,0,0,0,0,0,71,0,0,0,13,15	152	149	1
1931	0,4935,4,0,8	0,3,0,0,0	0,0,0,0,762,0,0,2,0,4,3187,0,0,0,419,879	0,0,0,0,0,0,0,0,0,0,0,0,0,0,0,0	215	149	1
1932	0,25327,4,0,12	0,0,0,0,0	0,0,0,0,1968,0,0,2,0,4,8001,0,0,0,182,863	0,0,0,0,0,0,0,0,0,0,1,0,0,0,0,0	440	149	1
1933	0,26,0,0,0	0,1583,0,0,0	0,0,0,0,16,0,0,0,0,0,93,0,0,0,0,0	0,0,0,0,1231,0,0,0,0,0,15431,0,0,0,0,16	175	149	1
1935	0,15,0,0,0	0,0,0,0,0	0,0,0,0,24,0,0,0,0,0,149,0,0,0,15,10	0,0,0,0,16,0,0,0,0,0,57,0,0,0,6,0	152	149	1
1940	0,1,0,0,0	0,94,0,0,0	0,0,0,0,3,0,0,0,0,0,18,0,0,0,0,0	0,0,0,0,234,0,0,0,0,0,111,0,0,0,12,13	152	149	1
1941	0,10,0,0,0	0,30,0,0,0	0,0,0,0,61,0,0,0,0,0,4,0,0,0,0,0	0,0,0,0,73,0,0,0,0,0,93,0,0,0,37,1	173	149	1
1942	0,4,0,0,0	0,5,0,0,0	0,0,0,0,14,0,0,0,2,0,13,0,0,0,13,9	0,0,0,0,0,0,0,0,0,0,9,0,0,0,0,13	172	149	1
1948	0,25,0,0,0	0,3,0,0,0	0,0,0,0,55,0,0,0,0,0,30,0,0,0,0,6	0,0,0,0,8,0,0,0,0,0,60,0,0,0,0,3	179	149	1
1949	0,85,0,0,0	0,0,0,0,0	0,0,0,0,221,0,0,0,0,0,576,0,0,0,11,27	0,0,0,0,0,0,0,0,0,0,50,0,0,0,12,0	152	149	1
1950	0,0,0,0,0	0,1,0,0,0	0,0,0,0,0,0,0,0,0,0,8,0,0,0,0,0	0,0,0,0,8,0,0,0,0,0,4,0,0,0,0,0	154	149	1
1951	0,0,0,0,0	0,79,0,0,0	0,0,0,0,7,0,0,0,0,0,41,0,0,0,0,1	0,0,0,0,168,0,0,0,0,0,606,0,0,0,26,26	167	149	1
1952	0,12,0,0,0	0,0,0,0,0	0,0,0,0,67,0,0,0,0,0,231,0,0,0,10,5	0,0,0,0,0,0,0,0,0,0,6,0,0,0,0,0	225	149	1
1953	0,1,0,0,0	0,79,0,0,0	0,0,0,0,15,0,0,0,0,0,37,0,0,0,0,1	0,0,0,0,168,0,0,0,0,0,606,0,0,0,26,26	162	149	1
1954	0,13,0,0,0	0,0,0,0,0	0,0,0,0,75,0,0,0,0,0,227,0,0,0,10,5	0,0,0,0,0,0,0,0,0,0,6,0,0,0,0,0	220	149	1
1955	0,91,0,0,0	0,0,0,0,0	0,0,0,0,228,0,0,0,0,0,796,0,0,0,36,30	0,0,0,0,0,0,0,0,0,0,6,0,0,0,0,0	207	149	1
1956	0,82,0,0,0	0,0,0,0,0	0,0,0,0,151,0,0,0,0,0,663,0,0,0,8,18	0,0,0,0,0,0,0,0,0,0,0,0,0,0,0,1	153	149	1
1957	0,177,0,0,0	0,12,0,0,0	0,0,0,0,217,0,0,4,0,0,898,0,0,0,35,12	0,0,0,0,14,0,0,0,0,0,9,0,0,0,0,3	389	149	1
1958	0,27,0,0,0	0,2,0,0,0	0,0,0,0,88,0,0,0,0,0,66,0,0,0,1,54	0,0,0,0,18,0,0,0,0,0,36,0,0,0,1,7	152	149	1
1959	0,21,0,0,0	0,15,0,0,0	0,0,0,0,0,0,0,0,0,0,13,0,0,0,0,6	0,0,0,0,51,0,0,0,0,0,84,0,0,0,0,24	382	149	1
1963	0,0,0,0,0	0,4,0,0,2	0,0,0,0,0,0,0,0,0,0,12,0,0,0,2,2	0,0,0,0,111,0,0,0,0,0,154,0,0,0,74,11	365	149	1
1965	0,0,0,0,0	0,7,0,0,0	0,0,0,0,0,0,0,0,0,0,3,0,0,0,0,0	0,0,0,0,55,0,0,0,0,0,129,0,0,0,18,11	175	149	1
1966	0,16,0,0,0	0,0,0,0,0	0,0,0,0,50,0,0,0,0,2,122,0,0,0,87,43	0,0,0,0,0,0,0,0,0,0,0,0,0,0,0,2	181	149	1
1967	0,14,0,0,0	0,20,0,0,0	0,0,0,0,79,0,0,0,0,0,103,0,0,0,42,4	0,0,0,0,53,0,0,0,0,0,88,0,0,0,44,0	152	149	1
1968	0,5,0,0,0	0,0,0,0,0	0,0,0,0,23,0,0,0,0,0,12,0,0,0,9,0	0,0,0,0,0,0,0,0,0,0,1,0,0,0,0,0	152	149	1
1970	0,328,0,0,0	0,3,0,0,0	0,0,0,0,227,0,0,0,2,0,595,0,0,0,37,14	0,0,0,0,30,0,0,0,0,0,4,0,0,0,1,1	184	149	1
1972	0,0,0,0,0	0,8,0,0,0	0,0,0,0,0,0,0,0,0,0,11,0,0,0,0,0	0,0,0,0,101,0,0,0,0,0,321,0,0,0,3,37	165	149	1
1973	0,295,0,0,0	0,0,0,0,0	0,0,0,0,104,0,0,0,0,2,717,0,0,0,0,23	0,0,0,0,0,0,0,0,0,0,2,0,0,0,0,0	151	149	1
1974	0,10,0,0,0	0,6,0,0,0	0,0,0,0,18,0,0,0,0,0,29,0,0,0,12,13	0,0,0,0,36,0,0,0,0,0,48,0,0,0,8,15	152	149	1
1975	0,258,0,0,0	0,81,0,0,0	0,0,0,0,296,0,0,0,0,0,1028,0,0,0,7,64	0,0,0,0,95,0,0,0,0,0,357,0,0,0,7,13	179	149	1
1976	0,11,0,0,0	0,200,0,0,0	0,0,0,0,14,0,0,0,0,0,25,0,0,0,0,1	0,0,0,0,126,0,0,0,0,0,250,0,0,0,10,45	162	149	1
1982	0,81,0,0,0	0,0,0,0,0	0,0,0,0,216,0,0,0,0,0,66,0,0,0,0,0	0,0,0,0,16,0,0,0,0,0,0,0,0,0,0,0	236	149	1
1983	0,29,0,0,0	0,300,2,0,0	0,0,0,0,172,0,0,0,0,0,54,0,0,0,30,11	0,0,0,0,1014,0,0,4,0,2,1410,0,0,0,175,25	621	149	1
1984	0,0,0,0,0	0,6,0,0,0	0,0,0,0,0,0,0,0,0,0,0,0,0,0,9,0	0,0,0,0,0,0,0,0,0,0,0,0,0,0,0,0	360	149	1
1987	0,1,0,0,2	0,0,0,0,0	0,0,0,0,11,0,0,0,0,0,23,0,0,0,85,19	0,0,0,0,0,0,0,0,0,0,1,0,0,0,1,2	211	149	1
1988	0,12,0,0,0	0,5,0,0,0	0,0,0,0,99,0,0,0,0,0,10,0,0,0,2,7	0,0,0,0,39,0,0,0,0,0,4,0,0,0,0,1	182	149	1
1990	0,71,0,0,0	0,0,0,0,0	0,0,0,0,88,0,0,0,0,0,459,0,0,0,4,30	0,0,0,0,0,0,0,0,0,0,55,0,0,0,0,0	248	149	1
1993	0,11,0,0,0	0,0,0,0,0	0,0,0,0,26,0,0,0,0,0,48,0,0,0,0,15	0,0,0,0,4,0,0,0,0,0,9,0,0,0,0,2	154	149	1
1994	0,186,0,0,0	0,0,0,0,0	0,0,0,0,502,0,0,0,0,0,790,0,0,0,0,70	0,0,0,0,53,0,0,0,0,0,22,0,0,0,0,3	154	149	1
1995	0,185,0,0,0	0,0,0,0,0	0,0,0,0,501,0,0,1,2,0,813,0,0,0,3,107	0,0,0,0,9,0,0,0,0,0,0,0,0,0,0,0	317	149	1
1998	0,119,0,0,0	0,3,0,0,0	0,0,0,0,282,0,0,1,2,0,562,0,0,0,19,67	0,0,0,0,0,0,0,0,0,0,2,0,0,0,0,0	152	149	1
1999	0,95,0,0,0	0,31,0,0,0	0,0,0,0,413,0,0,0,0,0,454,0,0,0,67,38	0,0,0,0,54,0,0,0,0,0,48,0,0,0,7,8	166	149	1
2000	0,12,0,0,0	0,93,0,0,0	0,0,0,0,51,0,0,0,0,0,48,0,0,0,0,6	0,0,0,0,155,0,0,0,0,0,296,0,0,0,4,41	152	149	1
2001	0,102,0,0,0	0,15,0,0,0	0,0,0,0,176,0,0,0,0,0,418,0,0,0,2,28	0,0,0,0,62,0,0,0,0,0,3,0,0,0,0,0	181	149	1
2003	0,0,0,0,0	0,10,0,0,0	0,0,0,0,0,0,0,0,0,0,5,0,0,0,0,0	0,0,0,0,30,0,0,0,0,0,38,0,0,0,0,3	209	149	1
2004	0,2,0,0,0	0,0,0,0,0	0,0,0,0,55,0,0,0,0,0,64,0,0,0,1,10	0,0,0,0,0,0,0,0,0,0,2,0,0,0,0,0	155	149	1
2005	0,33,0,0,0	0,0,0,0,0	0,0,0,0,67,0,0,0,0,0,108,0,0,0,6,1	0,0,0,0,0,0,0,0,0,0,9,0,0,0,0,0	367	149	1
2006	0,120,0,0,0	0,252,0,0,0	0,0,0,0,218,0,0,0,0,0,175,0,0,0,20,15	0,0,0,0,251,0,0,0,0,0,513,0,0,0,60,32	256	149	1
2008	0,139,0,0,0	0,5,0,0,0	0,0,0,0,241,0,0,0,2,0,1126,0,0,0,80,6	0,0,0,0,0,0,0,0,0,0,11,0,0,0,0,0	207	149	1
2009	0,168,0,0,0	0,13,0,0,0	0,0,0,0,277,0,0,0,2,0,1216,0,0,0,76,24	0,0,0,0,0,0,0,0,0,0,0,0,0,0,0,0	824	149	1
2011	0,171,0,0,0	0,13,0,0,0	0,0,0,0,37,0,0,0,0,0,82,0,0,0,28,8	0,0,0,0,0,0,0,0,0,0,36,0,0,0,9,2	200	149	1
2012	0,32,0,0,0	0,0,0,0,0	0,0,0,0,12,0,0,0,0,0,19,0,0,0,0,0	0,0,0,0,0,0,0,0,0,0,7,0,0,0,0,0	183	149	1
2013	0,61,0,0,0	0,658,0,0,0	0,0,0,0,24,0,0,0,0,0,35,0,0,0,0,0	0,0,0,0,23,0,0,0,0,0,750,0,0,0,109,10	183	149	1
2014	0,378,0,0,2	0,0,0,0,0	0,0,0,0,401,0,0,0,0,0,1364,0,0,0,102,45	0,0,0,0,0,0,0,0,0,0,2,0,0,0,0,0	158	149	1
2017	0,20,0,0,0	0,351,0,0,0	0,0,0,0,34,0,0,0,0,0,12,0,0,0,4,0	0,0,0,0,395,0,0,0,0,2,524,0,0,0,64,2	172	149	1
2018	0,1,0,0,0	0,118,2,0,0	0,0,0,0,0,0,0,0,0,0,0,0,0,0,0,0	0,0,0,0,215,0,0,0,0,0,413,0,0,0,250,17	163	149	1
2019	0,11,0,0,0	0,10,0,0,0	0,0,0,0,169,0,0,0,0,0,139,0,0,0,41,3	0,0,0,0,87,0,0,0,0,0,35,0,0,0,4,0	181	149	1
2020	0,79,0,0,0	0,0,0,0,0	0,0,0,0,76,0,0,0,0,0,192,0,0,0,2,3	0,0,0,0,12,0,0,0,0,0,13,0,0,0,0,0	183	149	1
2021	0,15,0,0,0	0,0,0,0,0	0,0,0,0,12,0,0,0,0,0,46,0,0,0,2,2	0,0,0,0,0,0,0,0,0,0,1,0,0,0,0,0	183	149	1
2022	0,108,0,0,0	0,6,0,0,0	0,0,0,0,178,0,0,0,0,0,229,0,0,0,37,5	0,0,0,0,0,0,0,0,0,0,0,0,0,0,0,0	371	149	1
2023	0,80,0,0,0	0,42,0,0,2	0,0,0,0,57,0,0,0,0,0,34,0,0,0,2,0	0,0,0,0,52,0,0,0,0,0,166,0,0,0,29,0	421	149	1
2025	0,0,0,0,0	0,4,0,0,0	0,0,0,0,0,0,0,0,0,0,16,0,0,0,0,0	0,0,0,0,59,0,0,0,0,0,138,0,0,0,3,1	271	149	1
2028	0,0,0,0,0	0,84,0,0,0	0,0,0,0,2,0,0,0,0,0,0,0,0,0,0,0	0,0,0,0,24,0,0,0,0,2,26,0,0,0,2,1	200	149	1
2029	0,5,0,0,0	0,7,0,0,0	0,0,0,0,2,0,0,0,0,0,7,0,0,0,0,0	0,0,0,0,14,0,0,0,0,0,4,0,0,0,18,0	205	149	1
2030	0,89,0,0,0	0,7,0,0,0	0,0,0,0,24,0,0,0,0,2,33,0,0,0,2,1	0,0,0,0,14,0,0,0,0,0,4,0,0,0,18,0	154	149	1
2032	0,111,0,0,0	0,3,0,0,0	0,0,0,0,160,2,0,1,0,2,295,0,0,0,535,11	0,0,0,0,0,0,0,0,0,0,7,0,0,0,28,0	244	149	1
2033	0,59,0,0,0	0,0,0,0,0	0,0,0,0,36,0,0,1,0,0,102,0,0,0,211,8	0,0,0,0,0,0,0,0,0,0,0,0,0,0,22,0	244	149	1
2034	0,5,0,0,0	0,0,0,0,0	0,0,0,0,19,0,0,2,0,0,17,0,0,0,36,7	0,0,0,0,0,0,0,0,0,0,3,0,0,0,0,0	326	149	1
2035	0,0,0,0,0	0,7,0,0,0	0,0,0,0,17,0,0,0,0,0,7,0,0,0,0,2	0,0,0,0,26,0,0,0,0,0,94,0,0,0,74,2	217	149	1
2039	0,1,0,0,0	0,0,0,0,0	0,0,0,0,0,0,0,0,0,0,6,0,0,0,25,4	0,0,0,0,0,0,0,0,0,0,0,0,0,0,2,2	154	149	1
2040	0,103,0,0,0	0,3,0,0,0	0,0,0,0,135,0,0,0,0,0,179,0,0,0,36,40	0,0,0,0,2,0,0,0,0,0,15,0,0,0,0,0	152	149	1
2044	0,304,0,0,0	0,0,0,0,0	0,0,0,0,859,0,0,0,0,0,589,0,0,0,100,2	0,0,0,0,12,0,0,0,0,0,0,0,0,0,0,0	154	149	1
2047	0,6,0,0,0	0,0,0,0,0	0,0,0,0,0,0,0,0,0,0,13,0,0,0,4,0	0,0,0,0,0,0,0,0,0,0,3,0,0,0,0,0	1235	149	1
2054	0,0,0,0,0	0,2,0,0,0	0,0,0,0,15,0,0,0,0,0,10,0,0,0,12,0	0,0,0,0,15,0,0,0,0,0,72,0,0,0,110,13	189	149	1
2057	0,0,0,0,0	0,35,0,0,0	0,0,0,0,37,0,0,0,0,0,5,0,0,0,26,11	0,0,0,0,141,0,0,0,0,0,210,0,0,0,94,65	297	149	1
2058	0,13,0,0,0	0,268,0,0,0	0,0,0,0,26,0,0,0,0,0,45,0,0,0,36,12	0,0,0,0,217,0,0,0,0,0,864,0,0,0,675,67	300	149	1
2059	0,26,0,0,2	0,0,0,0,0	0,0,0,0,170,0,0,2,0,0,177,0,0,0,126,182	0,0,0,0,0,0,0,0,0,0,1,0,0,0,0,14	226	149	1
2061	0,10,0,0,0	0,35,0,0,0	0,0,0,0,0,0,0,0,0,0,7,0,0,0,0,0	0,0,0,0,157,0,0,0,0,0,160,0,0,0,31,47	167	149	1
2062	0,25,0,0,0	0,1,0,0,0	0,0,0,0,67,0,0,0,0,0,53,0,0,0,2,7	0,0,0,0,0,0,0,0,0,0,0,0,0,0,0,2	198	149	1
2063	0,50,0,0,0	0,1,0,0,0	0,0,0,0,224,0,0,0,0,0,206,0,0,0,33,54	0,0,0,0,0,0,0,0,0,0,0,0,0,0,0,2	180	149	1
2064	0,41,0,0,0	0,24,0,0,0	0,0,0,0,72,0,0,0,0,0,73,0,0,0,57,43	0,0,0,0,121,0,0,0,0,0,113,0,0,0,36,21	174	149	1
2065	0,227,0,0,0	0,2,0,0,0	0,0,0,0,431,0,0,0,0,0,469,0,0,0,150,109	0,0,0,0,0,0,0,0,0,0,1,0,0,0,0,0	190	149	1
2066	0,35,0,0,0	0,8,0,0,0	0,0,0,0,244,0,0,0,0,0,117,0,0,0,0,137	0,0,0,0,24,0,0,0,0,0,1,0,0,0,0,2	154	149	1
2067	0,23,0,0,0	0,0,0,0,0	0,0,0,0,49,0,0,0,0,0,15,0,0,0,7,22	0,0,0,0,0,0,0,0,0,0,0,0,0,0,0,2	154	149	1
2068	0,28,0,0,0	0,98,0,0,0	0,0,0,0,70,0,0,0,0,0,42,0,0,0,24,197	0,0,0,0,226,0,0,0,0,0,70,0,0,0,7,239	184	149	1
2069	0,21,0,0,0	0,113,0,0,0	0,0,0,0,0,0,0,0,0,0,0,0,0,0,8,9	0,0,0,0,145,0,0,0,0,0,92,0,0,0,75,80	203	149	1
2070	0,428,0,0,0	0,7,0,0,0	0,0,0,0,435,0,0,0,0,0,177,0,0,0,98,411	0,0,0,0,0,0,0,0,0,0,0,0,0,0,0,3	207	149	1
2071	0,10,0,0,0	0,0,0,0,0	0,0,0,0,54,0,0,0,0,0,34,0,0,0,62,3	0,0,0,0,31,0,0,0,0,0,4,0,0,0,1,2	152	149	1
2075	0,197,0,0,0	0,2273,0,0,0	0,0,0,0,96,0,0,0,0,0,40,0,0,0,92,9	0,0,0,0,3603,0,0,2,0,0,7962,0,0,0,910,121	269	149	1
2076	0,24,0,0,2	0,0,0,0,0	0,0,0,0,120,0,0,0,0,4,206,0,0,0,470,71	0,0,0,0,0,0,0,0,0,0,4,0,0,0,7,0	185	149	1
2085	0,16,0,0,0	0,6,0,0,0	0,0,0,0,23,0,0,0,0,0,18,0,0,0,71,5	0,0,0,0,0,0,0,0,0,0,0,0,0,0,0,0	211	149	1
2086	0,14,0,0,0	0,136,0,0,0	0,0,0,0,22,0,0,0,0,0,24,0,0,0,12,2	0,0,0,0,199,0,0,0,2,0,350,0,0,0,55,44	207	149	1
2087	0,176,0,0,0	0,2,0,0,0	0,0,0,0,247,0,0,0,0,0,261,0,0,0,24,15	0,0,0,0,27,0,0,0,0,0,0,0,0,0,0,0	397	149	1
2088	0,4,0,0,0	0,82,0,0,0	0,0,0,0,8,0,0,0,0,0,4,0,0,0,1,0	0,0,0,0,124,0,0,0,0,0,330,0,0,0,127,15	190	149	1
2089	0,2,0,0,0	0,70,0,0,0	0,0,0,0,0,0,0,0,0,0,0,0,0,0,2,2	0,0,0,0,143,0,0,0,2,0,222,0,0,0,129,61	165	149	1
2090	0,67,0,0,0	0,0,0,0,0	0,0,0,0,264,0,0,0,0,0,259,0,0,0,239,94	0,0,0,0,0,0,0,0,0,0,0,0,0,0,3,3	1335	149	1
2100	0,24,0,0,0	0,0,2,0,0	0,0,0,0,176,0,0,2,2,0,241,0,0,0,630,119	0,0,0,0,0,0,0,0,0,0,20,0,0,0,60,2	152	149	1
2101	0,49,0,0,0	0,0,0,0,0	0,0,0,0,407,0,0,0,0,0,242,0,0,0,1103,52	0,0,0,0,0,0,0,0,0,0,1,0,0,0,0,0	820	149	1
2102	0,0,0,0,0	0,7,0,0,0	0,0,0,0,45,0,0,0,0,0,6,0,0,0,24,2	0,0,0,0,7,0,0,0,0,0,40,0,0,0,62,4	191	149	1
2103	0,9,0,0,0	0,144,0,0,0	0,0,0,0,0,0,0,0,0,0,96,0,0,0,0,74	0,0,0,0,498,2,0,0,0,4,3585,0,0,0,867,127	306	149	1
2106	0,2,0,0,0	0,0,0,0,0	0,0,0,0,114,0,0,0,0,0,171,0,0,0,65,36	0,0,0,0,20,0,0,0,0,0,3,0,0,0,0,2	152	149	1
2107	0,3,0,0,0	0,66,0,0,0	0,0,0,0,0,0,0,2,0,0,5,0,0,0,38,19	0,0,0,0,118,0,0,0,0,0,36,0,0,0,236,80	182	149	1
2108	0,0,0,0,0	0,66,0,0,0	0,0,0,0,0,0,0,0,0,0,4,0,0,0,7,14	0,0,0,0,118,0,0,0,0,0,36,0,0,0,236,80	200	149	1
2109	0,0,0,0,0	0,3,0,0,0	0,0,0,0,0,0,0,0,0,0,0,0,0,0,3,0	0,0,0,0,0,0,0,2,0,0,1,0,0,0,34,5	167	149	1
2110	0,2,0,0,0	0,9,0,0,0	0,0,0,0,50,0,0,0,0,0,4,0,0,0,0,2	0,0,0,0,79,0,0,0,0,0,60,0,0,0,135,34	171	149	1
2117	0,0,0,0,0	0,21,0,0,0	0,0,0,0,0,0,0,0,0,0,2,0,0,0,20,0	0,0,0,0,62,0,0,0,0,0,38,0,0,0,164,11	156	149	1
2119	0,35,0,0,0	0,32,0,0,0	0,0,0,0,47,0,0,0,0,0,50,0,0,0,31,5	0,0,0,0,32,0,0,0,0,0,20,0,0,0,6,0	152	149	1
2124	0,616,2,0,2	0,0,0,0,0	0,0,0,0,235,0,0,2,0,0,543,0,0,0,1039,18	0,0,0,0,0,0,0,0,0,0,2,0,0,0,0,0	162	149	1
2125	0,241,0,0,0	0,0,0,0,0	0,0,0,0,663,0,0,0,0,2,789,0,0,0,1511,82	0,0,0,0,0,0,0,2,0,0,7,0,0,0,13,0	185	149	1
2126	0,4,0,0,0	0,0,0,0,0	0,0,0,0,46,0,0,0,0,0,39,0,0,0,29,0	0,0,0,0,0,0,0,0,0,0,7,0,0,0,0,0	152	149	1
2128	0,78,0,0,0	0,223,0,0,0	0,0,0,0,209,0,0,2,0,0,45,0,0,0,167,19	0,0,0,0,297,0,0,1,0,0,642,0,0,0,971,52	534	149	1
2129	0,0,0,0,0	0,140,0,0,0	0,0,0,0,1,0,0,0,0,0,11,0,0,0,9,5	0,0,0,0,577,0,0,4,0,0,746,0,0,0,1162,30	246	149	1
2130	0,3,0,0,0	0,56,0,0,0	0,0,0,0,18,2,0,0,0,0,12,0,0,0,158,2	0,0,0,0,304,0,0,0,0,0,702,0,0,0,606,80	789	149	1
2134	0,60,0,0,0	0,0,0,0,0	0,0,0,0,781,4,0,2,0,0,997,0,0,0,1127,61	0,0,0,0,0,0,0,0,0,0,1,0,0,0,0,0	254	149	1
2135	0,3,0,0,0	0,49,0,0,0	0,0,0,0,0,0,0,0,0,0,2,0,0,0,11,0	0,0,0,0,394,0,0,0,0,0,400,0,0,0,443,42	174	149	1
2136	0,4,0,0,0	0,47,0,0,0	0,0,0,0,0,0,0,0,0,0,1,0,0,0,2,3	0,0,0,0,312,0,0,2,0,0,289,0,0,0,440,75	186	149	1
2138	0,15,0,0,0	0,0,0,0,0	0,0,0,0,134,6,0,0,0,0,246,0,0,0,252,66	0,0,0,0,0,0,0,0,0,0,4,0,0,0,0,0	237	149	1
2142	0,991,0,0,0	0,124,0,0,0	0,0,0,0,815,0,0,2,0,0,583,0,0,0,46,54	0,0,0,0,75,0,0,0,2,0,41,0,0,0,0,6	218	149	1
2143	0,82,0,0,0	0,415,0,0,2	0,0,0,0,111,0,0,0,0,0,28,0,0,0,6,0	0,0,0,0,531,0,0,1,0,0,466,0,0,0,40,50	162	149	1
2144	0,0,0,0,0	0,177,0,0,0	0,0,0,0,0,0,0,0,0,0,8,0,0,0,12,4	0,0,0,0,433,0,0,0,0,0,229,0,0,0,161,73	227	149	1
2145	0,17,0,0,0	0,172,0,0,2	0,0,0,0,23,0,0,0,0,0,2,0,0,0,0,14	0,0,0,0,423,0,0,0,0,0,296,0,0,0,74,248	160	149	1
2146	0,2,0,0,0	0,172,0,0,2	0,0,0,0,54,0,0,0,0,0,0,0,0,0,69,2	0,0,0,0,423,0,0,0,0,0,296,0,0,0,74,248	492	149	1
2147	0,2,0,0,0	0,17,0,0,0	0,0,0,0,54,0,0,0,0,0,0,0,0,0,69,1	0,0,0,0,23,0,0,0,0,0,2,0,0,0,0,13	481	149	1
2148	0,195,0,0,0	0,0,0,0,0	0,0,0,0,397,0,0,0,0,0,440,0,0,0,18,54	0,0,0,0,22,0,0,0,0,0,9,0,0,0,0,3	188	149	1
2149	0,42,0,0,0	0,322,0,0,0	0,0,0,0,88,0,0,0,0,0,25,0,0,0,14,3	0,0,0,0,1037,0,0,3,0,0,1461,0,0,0,848,41	219	149	1
2150	0,624,0,0,0	0,0,0,0,0	0,0,0,0,1208,0,0,3,0,0,1737,0,0,0,758,49	0,0,0,0,45,0,0,0,0,0,8,0,0,0,5,0	201	149	1
2151	0,167,0,0,6	0,0,0,0,0	0,0,0,0,375,0,0,0,2,2,731,0,0,0,465,5	0,0,0,0,0,0,0,0,0,0,5,0,0,0,0,0	205	149	1
2152	0,4,0,0,0	0,2,0,0,0	0,0,0,0,33,0,0,0,0,0,3,0,0,0,0,0	0,0,0,0,1,0,0,0,0,0,7,0,0,0,1,0	221	149	1
2155	0,142,0,0,0	0,3,0,0,0	0,0,0,0,233,0,0,0,0,0,470,0,0,0,523,51	0,0,0,0,14,0,0,0,0,0,7,0,0,0,33,2	226	149	1
2156	0,9,0,0,0	0,0,0,0,0	0,0,0,0,21,0,0,0,0,0,35,0,0,0,24,1	0,0,0,0,0,0,0,0,0,0,0,0,0,0,5,0	152	149	1
2157	0,8,0,0,0	0,0,0,0,0	0,0,0,0,0,0,0,0,0,0,20,0,0,0,38,1	0,0,0,0,0,0,0,0,0,0,0,0,0,0,5,0	181	149	1
2158	0,7,0,0,0	0,8,0,0,0	0,0,0,0,0,0,0,0,0,0,4,0,0,0,18,0	0,0,0,0,21,0,0,0,0,0,19,0,0,0,4,0	178	149	1
2159	0,7,0,0,0	0,0,0,0,0	0,0,0,0,0,0,0,0,0,0,4,0,0,0,4,0	0,0,0,0,0,0,0,0,0,0,15,0,0,0,34,3	178	149	1
2160	0,0,0,0,0	0,0,4,0,0	0,0,0,0,0,0,0,0,0,0,0,0,0,0,0,3	0,0,0,0,0,0,0,0,0,0,0,0,0,0,0,0	501	149	1
2161	0,14,0,0,0	0,1,0,0,0	0,0,0,0,0,0,0,0,0,0,2,0,0,0,0,0	0,0,0,0,51,0,0,0,0,0,12,0,0,0,0,1	152	149	1
2162	0,1408,2,0,0	0,7,0,0,0	0,0,0,0,811,0,0,4,2,8,1297,0,0,0,1433,65	0,0,0,0,0,0,0,0,0,0,2,0,0,0,0,0	1178	149	1
2165	0,0,0,0,0	0,1,0,0,0	0,0,0,0,27,0,0,0,0,0,87,0,0,0,232,25	0,0,0,0,0,0,0,0,0,0,51,0,0,0,95,2	209	149	1
2166	0,0,0,0,0	0,11,0,0,0	0,0,0,0,4,0,0,0,0,0,0,0,0,0,4,0	0,0,0,0,37,0,0,0,0,0,98,0,0,0,289,12	197	149	1
2167	0,79,0,0,0	0,70,0,0,0	0,0,0,0,345,0,0,0,0,0,331,0,0,0,340,13	0,0,0,0,330,0,0,0,0,0,281,0,0,0,459,10	152	149	1
2169	0,0,0,0,0	0,9,0,0,0	0,0,0,0,15,0,0,0,0,0,3,0,0,0,6,0	0,0,0,0,32,0,0,0,0,0,61,0,0,0,160,16	154	149	1
2170	0,2,0,0,0	0,36,4,0,0	0,0,0,0,2,0,0,0,0,0,9,0,0,0,4,6	0,0,0,0,333,1,2,2,0,0,179,0,0,0,446,20	162	149	1
2171	0,4,0,0,0	0,113,0,0,0	0,0,0,0,60,0,0,0,0,0,57,0,0,0,68,4	0,0,0,0,793,0,2,0,0,0,1070,0,0,0,807,118	182	149	1
2172	0,11,0,0,0	0,9,0,0,0	0,0,0,0,12,0,0,0,0,0,2,0,0,0,1,3	0,0,0,0,8,0,0,0,0,0,0,0,0,0,0,0	152	149	1
2174	0,28,0,0,0	0,17,0,0,0	0,0,0,0,2,0,0,0,0,0,21,0,0,0,638,79	0,0,0,0,0,0,0,0,0,0,6,0,0,0,262,20	179	149	1
2177	0,30,0,0,0	0,25,0,0,0	0,0,0,0,0,0,0,0,0,0,35,0,0,0,250,24	0,0,0,0,0,0,0,0,0,0,28,0,0,0,431,41	917	149	1
2184	0,0,0,0,0	0,1,0,0,0	0,0,0,0,14,0,0,0,0,0,11,0,0,0,13,2	0,0,0,0,82,0,0,0,0,0,64,0,0,0,65,2	244	149	1
2185	0,60,0,0,0	0,0,0,0,0	0,0,0,0,27,0,0,0,0,0,35,0,0,0,78,4	0,0,0,0,0,0,0,0,0,0,3,0,0,0,0,0	270	149	1
2186	0,3036,12,0,10	0,0,0,0,0	0,0,0,0,12430,2,12,41,6,8,16428,0,0,0,33309,957	0,0,0,0,0,0,0,0,0,0,3,0,0,0,0,0	563	149	1
2187	0,2976,12,0,10	0,0,0,0,0	0,0,0,0,12403,2,12,41,6,8,16394,0,0,0,33231,953	0,0,0,0,0,0,0,0,0,0,1,0,0,0,0,0	442	149	1
2192	0,7009,6,0,14	0,8,0,0,0	0,0,0,0,8914,6,4,19,4,13,17853,0,0,0,24951,2163	0,0,0,0,6,0,0,0,0,0,2,0,0,0,8,0	153	149	1
2198	0,0,0,0,0	0,2,0,0,0	0,0,0,0,15,0,0,0,0,0,0,0,0,0,0,0	0,0,0,0,624,0,0,0,0,0,0,0,0,0,0,0	173	149	1
2199	0,6,4,0,2	0,0,0,0,0	0,0,0,0,92,0,0,0,0,0,93,0,0,0,158,8	0,0,0,0,15,2,0,0,0,0,8,0,0,0,28,6	309	149	1
2200	0,0,0,0,2	0,0,0,0,0	0,0,0,0,0,0,0,0,0,0,0,0,0,0,0,0	0,0,0,0,0,0,0,0,0,0,3,0,0,0,0,0	186	149	1
2203	0,130,8,0,2	0,8,0,0,0	0,0,0,0,904,0,9,0,0,0,710,0,0,0,1488,137	0,0,0,0,0,0,0,0,0,0,2,0,0,0,18,4	620	149	1
2204	0,26,0,0,0	0,19,0,0,0	0,0,0,0,49,0,0,0,0,0,87,0,0,0,429,84	0,0,0,0,39,0,0,0,0,0,31,0,0,0,126,32	156	149	1
2207	0,81,0,0,1	0,0,0,0,0	0,0,0,0,265,0,4,0,0,0,1857,0,0,0,2278,167	0,0,0,0,5,0,0,0,0,0,0,0,0,0,6,0	163	149	1
2212	0,17,0,0,0	0,1,0,0,0	0,0,0,0,79,0,0,0,0,0,80,0,0,0,154,22	0,0,0,0,11,0,0,0,0,0,1,0,0,0,15,7	152	149	1
2214	0,0,0,0,0	0,41,0,0,0	0,0,0,0,12,0,0,0,0,0,10,0,0,0,0,0	0,0,0,0,175,0,0,0,0,0,242,0,0,0,335,22	166	149	1
2215	0,11,0,0,0	0,7,0,0,0	0,0,0,0,90,0,0,2,0,0,85,0,0,0,410,53	0,0,0,0,52,0,0,0,0,2,90,0,0,0,494,123	170	149	1
2216	0,19,0,0,0	0,327,2,0,0	0,0,0,0,40,0,0,0,0,0,12,0,0,0,16,1	0,0,0,0,781,0,0,2,0,2,476,0,0,0,586,59	201	149	1
2218	0,104,0,0,0	0,4,0,0,0	0,0,0,0,300,0,0,0,0,0,188,0,0,0,10,9	0,0,0,0,2,0,0,0,0,0,1,0,0,0,0,0	168	149	1
2219	0,8,0,0,0	0,4,0,0,0	0,0,0,0,43,0,0,0,0,0,16,0,0,0,0,0	0,0,0,0,2,0,0,0,0,0,1,0,0,0,0,0	195	149	1
2220	0,0,0,0,0	0,96,0,0,0	0,0,0,0,15,0,0,0,0,0,3,0,0,0,0,0	0,0,0,0,272,0,0,0,0,0,175,0,0,0,10,9	176	149	1
2221	0,196,0,0,0	0,0,0,0,0	0,0,0,0,209,0,0,0,0,0,490,0,0,0,45,36	0,0,0,0,23,0,0,0,0,0,0,0,0,0,0,0	199	149	1
2222	0,6,0,0,0	0,107,0,0,0	0,0,0,0,11,0,0,0,0,0,2,0,0,0,10,2	0,0,0,0,294,0,0,0,0,0,371,0,0,0,26,57	177	149	1
2223	0,19,0,0,0	0,65,0,0,0	0,0,0,0,0,0,0,0,0,0,10,0,0,0,21,3	0,0,0,0,148,0,0,0,0,0,217,0,0,0,3,24	184	149	1
2224	0,25,0,0,0	0,65,0,0,0	0,0,0,0,6,0,0,0,0,0,18,0,0,0,21,3	0,0,0,0,148,0,0,0,0,0,217,0,0,0,3,24	188	149	1
2225	0,14,0,0,0	0,8,0,0,0	0,0,0,0,6,0,0,0,0,0,8,0,0,0,0,0	0,0,0,0,0,0,0,0,0,0,0,0,0,0,0,0	153	149	1
2226	0,0,0,0,0	0,4,0,0,0	0,0,0,0,27,0,0,0,0,0,2,0,0,0,0,1	0,0,0,0,27,0,0,0,0,0,0,0,0,0,0,0	154	149	1
2228	0,15,0,0,0	0,1381,95,0,4	0,0,0,0,0,0,0,0,0,0,1,0,0,0,0,0	0,0,0,0,25,0,0,8,0,0,380,0,0,0,494,68	165	149	1
2230	0,13,6,0,0	0,178,2,0,2	0,0,0,0,10,0,0,2,0,0,30,0,0,0,43,1	0,0,0,0,178,0,0,2,0,4,157,0,0,0,498,11	234	149	1
2231	0,7,0,0,0	0,0,0,0,0	0,0,0,0,0,0,0,0,0,0,6,0,0,0,0,0	0,0,0,0,12,0,0,0,0,0,1,0,0,0,0,2	157	149	1
2232	0,1,0,0,0	0,0,0,0,0	0,0,0,0,29,2,0,0,0,0,109,0,0,0,124,4	0,0,0,0,0,0,0,0,0,0,2,0,0,0,0,0	215	149	1
2233	0,1,0,0,0	0,0,0,0,0	0,0,0,0,40,0,0,0,0,0,80,0,0,0,41,3	0,0,0,0,0,0,0,0,0,0,2,0,0,0,0,0	218	149	1
2237	0,45,0,0,0	0,0,0,0,0	0,0,0,0,47,0,0,0,0,0,31,0,0,0,11,28	0,0,0,0,0,0,0,0,0,0,7,0,0,0,0,0	342	149	1
2238	0,381,0,0,0	0,19782,0,0,0	0,0,0,0,285,0,0,0,0,0,445,0,0,0,144,50	0,0,0,0,23908,0,0,15,0,6,28192,0,0,0,12305,2653	172	149	1
2239	0,13,0,0,0	0,9,0,0,0	0,0,0,0,31,0,0,0,0,0,4,0,0,0,0,8	0,0,0,0,30,0,0,0,0,0,0,0,0,0,0,0	224	149	1
2240	0,0,0,0,2	0,2,0,0,0	0,0,0,0,0,0,0,0,0,0,4,0,0,0,4,0	0,0,0,0,0,0,0,0,0,0,3,0,0,0,2,0	152	149	1
2241	0,8,0,0,0	0,0,0,0,0	0,0,0,0,20,0,0,0,0,0,0,0,0,0,3,0	0,0,0,0,0,0,0,0,0,0,3,0,0,0,29,0	152	149	1
2253	0,2,0,0,0	0,0,0,0,0	0,0,0,0,0,0,0,0,0,0,3,0,0,0,0,7	0,0,0,0,0,0,0,0,0,0,0,0,0,0,1,6	238	149	1
2256	0,16,0,0,0	0,0,0,0,0	0,0,0,0,73,0,0,2,0,0,261,0,0,0,321,10	0,0,0,0,0,0,0,0,0,0,2,0,0,0,1,0	228	149	1
2261	0,0,0,0,0	0,3,0,0,0	0,0,0,0,6,0,0,0,0,0,3,0,0,0,2,1	0,0,0,0,15,2,0,0,0,0,7,0,0,0,29,37	231	149	1
2264	0,2,2,0,0	0,6,0,0,0	0,0,0,0,219,1,2,0,0,0,166,0,0,0,308,55	0,0,0,0,31,0,0,0,0,0,27,0,0,0,125,7	410	149	1
2267	0,56,0,0,0	0,0,0,0,0	0,0,0,0,210,0,0,0,0,0,129,0,0,0,8,23	0,0,0,0,4,0,0,0,0,0,5,0,0,0,0,0	379	149	1
2268	0,2,0,0,0	0,27,0,0,0	0,0,0,0,0,0,0,0,0,0,0,0,0,0,0,3	0,0,0,0,126,0,0,0,0,0,164,0,0,0,71,13	245	149	1
2272	0,23,0,0,0	0,0,0,0,0	0,0,0,0,91,0,0,0,0,0,123,0,0,0,30,0	0,0,0,0,0,0,0,0,0,0,4,0,0,0,0,0	164	149	1
2273	0,83,0,0,0	0,1,0,0,0	0,0,0,0,49,0,0,0,0,0,14,0,0,0,0,0	0,0,0,0,20,0,0,0,0,0,0,0,0,0,0,0	265	149	1
2274	0,4,0,0,0	0,25,0,0,2	0,0,0,0,0,0,0,0,0,0,3,0,0,0,0,0	0,0,0,0,40,0,0,0,0,0,0,0,0,0,0,6	164	149	1
2275	0,1,0,0,0	0,2,0,0,0	0,0,0,0,97,0,0,0,0,0,16,0,0,0,90,43	0,0,0,0,1,0,0,0,0,0,1,0,0,0,10,3	152	149	1
2276	0,1,0,0,0	0,0,0,0,0	0,0,0,0,119,0,0,0,0,0,20,0,0,0,102,46	0,0,0,0,23,0,0,0,0,0,5,0,0,0,34,7	194	149	1
2277	0,2,0,0,0	0,0,0,0,0	0,0,0,0,23,0,0,0,0,0,5,0,0,0,22,6	0,0,0,0,23,0,0,0,0,0,5,0,0,0,34,7	191	149	1
2278	0,4,0,0,0	0,0,0,0,0	0,0,0,0,46,0,0,0,0,0,26,0,0,0,42,9	0,0,0,0,70,2,0,0,0,0,9,0,0,0,40,12	152	149	1
2280	0,14,0,0,0	0,14,0,0,0	0,0,0,0,5,0,0,0,0,0,23,0,0,0,2,0	0,0,0,0,17,0,0,0,0,0,5,0,0,0,56,2	164	149	1
2281	0,38,0,0,0	0,124,0,0,2	0,0,0,0,13,0,0,0,0,0,19,0,0,0,20,16	0,0,0,0,96,0,0,0,0,0,184,0,0,0,68,42	258	149	1
2283	0,17,0,0,0	0,1,0,0,0	0,0,0,0,52,0,0,0,0,0,28,0,0,0,0,6	0,0,0,0,22,0,0,0,0,0,11,0,0,0,1,1	152	149	1
2284	0,32,0,0,0	0,22,0,0,0	0,0,0,0,5,0,0,0,0,0,37,0,0,0,9,1	0,0,0,0,47,0,0,4,0,0,44,0,0,0,7,1	158	149	1
2285	0,33,0,0,0	0,0,0,0,0	0,0,0,0,23,0,0,0,0,0,14,0,0,0,20,7	0,0,0,0,0,0,0,0,0,0,15,0,0,0,0,1	314	149	1
2288	0,0,0,0,0	0,8,0,0,0	0,0,0,0,0,0,0,0,0,0,2,0,0,0,0,3	0,0,0,0,37,0,0,0,0,0,29,0,0,0,0,19	152	149	1
2289	0,0,0,0,0	0,4,0,0,0	0,0,0,0,0,0,0,0,0,0,0,0,0,0,0,1	0,0,0,0,22,0,0,0,0,0,3,0,0,0,0,4	319	149	1
2295	0,0,0,0,0	0,3,0,0,0	0,0,0,0,17,0,0,0,0,0,0,0,0,0,0,0	0,0,0,0,17,0,0,0,0,0,47,0,0,0,6,3	342	149	1
2297	0,11,0,0,0	0,18,2,0,0	0,0,0,0,0,0,0,0,0,0,10,0,0,0,41,0	0,0,0,0,0,0,0,0,0,0,18,0,0,0,109,3	170	149	1
2298	0,9,0,0,0	0,0,0,0,0	0,0,0,0,13,0,0,0,0,0,16,0,0,0,8,5	0,0,0,0,0,0,0,0,0,0,1,0,0,0,0,0	172	149	1
2300	0,4,0,0,0	0,0,0,0,0	0,0,0,0,181,0,2,0,2,0,288,0,0,0,644,41	0,0,0,0,0,0,0,0,0,0,16,0,0,0,47,3	152	149	1
2301	0,8,0,0,0	0,0,0,0,0	0,0,0,0,96,0,0,0,0,4,41,0,0,0,58,13	0,0,0,0,0,0,0,0,0,0,2,0,0,0,0,0	219	149	1
2311	0,13,0,0,0	0,6,0,0,0	0,0,0,0,62,0,0,0,0,0,23,0,0,0,284,18	0,0,0,0,1,0,0,0,0,0,20,0,0,0,131,9	152	149	1
2319	0,0,0,0,0	0,10,0,0,0	0,0,0,0,0,0,0,0,0,0,1,0,0,0,6,2	0,0,0,0,91,0,0,0,0,0,58,0,0,0,380,25	230	149	1
2320	0,13,0,0,0	0,22,0,0,0	0,0,0,0,0,0,0,0,0,0,1,0,0,0,16,0	0,0,0,0,30,2,0,0,0,0,77,0,0,0,124,26	180	149	1
2328	0,85,2,0,2	0,0,0,0,0	0,0,0,0,252,0,0,2,2,0,228,0,0,0,1084,75	0,0,0,0,0,0,0,0,0,0,0,0,0,0,0,1	1120	149	1
2338	0,104,2,0,2	0,0,0,0,0	0,0,0,0,207,0,0,0,0,0,484,0,0,0,1432,35	0,0,0,0,0,0,0,0,0,0,3,0,0,0,0,0	225	149	1
2339	0,151,2,0,2	0,0,0,0,0	0,0,0,0,255,0,0,0,0,0,624,0,0,0,1778,37	0,0,0,0,0,0,0,0,0,0,1,0,0,0,0,0	236	149	1
2340	0,47,0,0,0	0,0,0,0,0	0,0,0,0,48,0,0,0,0,0,143,0,0,0,346,2	0,0,0,0,0,0,0,0,0,0,1,0,0,0,0,0	160	149	1
2341	0,14,0,0,0	0,246,2,0,0	0,0,0,0,33,0,0,0,0,0,6,0,0,0,43,0	0,0,0,0,735,0,2,0,0,0,1268,0,0,0,2954,42	172	149	1
2342	0,115,2,0,2	0,2,0,0,0	0,0,0,0,224,0,0,0,0,0,443,0,0,0,1396,34	0,0,0,0,0,0,0,0,0,0,34,0,0,0,17,0	248	149	1
2343	0,162,2,0,2	0,10,0,0,0	0,0,0,0,272,0,0,0,0,0,583,0,0,0,1742,36	0,0,0,0,8,0,0,0,0,0,32,0,0,0,66,0	259	149	1
2344	0,347,4,0,2	0,2,0,0,0	0,0,0,0,926,0,2,0,0,0,1705,0,0,0,4307,76	0,0,0,0,0,0,0,0,0,0,34,0,0,0,17,0	225	149	1
2345	0,394,4,0,2	0,10,0,0,0	0,0,0,0,974,0,2,0,0,0,1845,0,0,0,4653,78	0,0,0,0,8,0,0,0,0,0,32,0,0,0,66,0	236	149	1
2346	0,49,0,0,0	0,10,0,0,0	0,0,0,0,48,0,0,0,0,0,174,0,0,0,363,2	0,0,0,0,8,0,0,0,0,0,32,0,0,0,66,0	160	149	1
2354	0,0,0,0,0	0,17,0,0,0	0,0,0,0,0,0,0,0,0,0,2,0,0,0,32,2	0,0,0,0,9,0,0,0,0,0,51,0,0,0,115,14	195	149	1
2361	0,0,0,0,0	0,21,0,0,0	0,0,0,0,0,0,0,0,0,0,0,0,0,0,3,0	0,0,0,0,68,0,0,0,0,0,51,0,0,0,23,5	164	149	1
2362	0,156,0,0,0	0,0,0,0,0	0,0,0,0,141,2,0,0,0,0,335,0,0,0,208,0	0,0,0,0,10,0,0,0,0,0,7,0,0,0,13,0	179	149	1
2364	0,95,0,0,0	0,0,0,0,0	0,0,0,0,127,0,0,0,0,0,156,0,0,0,0,12	0,0,0,0,0,0,0,0,0,0,0,0,0,0,0,5	329	149	1
2365	0,33,0,0,0	0,21,0,0,0	0,0,0,0,123,0,0,0,0,0,115,0,0,0,0,7	0,0,0,0,0,0,0,0,0,0,0,0,0,0,0,2	180	149	1
2366	0,10,0,0,0	0,0,0,0,0	0,0,0,0,9,0,0,0,0,0,20,0,0,0,0,8	0,0,0,0,30,0,0,0,0,0,3,0,0,0,0,0	180	149	1
2367	0,1,0,0,0	0,42,0,0,0	0,0,0,0,17,0,0,0,0,0,13,0,0,0,0,1	0,0,0,0,88,0,0,0,0,0,95,0,0,0,8,5	179	149	1
2368	0,7,0,0,0	0,22,0,0,0	0,0,0,0,29,0,0,0,0,0,8,0,0,0,5,2	0,0,0,0,86,0,0,0,0,0,114,0,0,0,20,9	211	149	1
2369	0,1,0,0,0	0,21,0,0,0	0,0,0,0,0,0,0,0,0,0,0,0,0,0,0,0	0,0,0,0,134,0,0,0,0,0,91,0,0,0,21,8	165	149	1
2370	0,13,0,0,0	0,0,0,0,0	0,0,0,0,1,0,0,0,0,0,6,0,0,0,0,9	0,0,0,0,0,0,0,0,0,0,0,0,0,0,0,1	440	149	1
2371	0,2,0,0,0	0,0,0,0,0	0,0,0,0,40,0,0,0,0,0,31,0,0,0,0,6	0,0,0,0,0,0,0,0,0,0,2,0,0,0,0,0	190	149	1
2372	0,87,0,0,0	0,5,0,0,0	0,0,0,0,165,0,0,0,0,0,113,0,0,0,25,11	0,0,0,0,18,0,0,0,0,0,9,0,0,0,1,12	196	149	1
2373	0,8,0,0,0	0,21,0,0,0	0,0,0,0,0,0,0,0,0,0,0,0,0,0,0,11	0,0,0,0,24,0,0,0,0,0,47,0,0,0,24,67	215	149	1
2374	0,0,0,0,0	0,3,0,0,0	0,0,0,0,0,0,0,0,0,0,5,0,0,0,0,0	0,0,0,0,54,0,0,0,0,0,23,0,0,0,111,13	176	149	1
2376	0,1,0,0,0	0,0,0,0,0	0,0,0,0,22,0,0,0,0,0,42,0,0,0,0,0	0,0,0,0,0,0,0,0,0,0,3,0,0,0,0,0	249	149	1
2378	0,39,0,0,0	0,0,0,0,0	0,0,0,0,62,0,0,0,0,0,359,0,0,0,5,18	0,0,0,0,0,0,0,0,0,0,1,0,0,0,0,0	744	149	1
2382	0,0,0,0,0	0,112,0,0,0	0,0,0,0,16,0,0,0,0,0,0,0,0,0,0,0	0,0,0,0,249,0,0,0,0,0,506,0,0,0,6,8	204	149	1
2385	0,170,0,0,0	0,0,0,0,0	0,0,0,0,373,0,0,0,0,0,990,0,0,0,12,10	0,0,0,0,0,0,0,0,0,0,6,0,0,0,0,0	154	149	1
2386	0,9,0,0,0	0,153,0,0,0	0,0,0,0,8,0,0,0,0,0,43,0,0,0,0,0	0,0,0,0,186,0,0,2,6,4,890,0,0,0,14,28	154	149	1
2387	0,192,0,0,0	0,0,0,0,0	0,0,0,0,255,0,0,0,0,0,870,0,0,0,5,3	0,0,0,0,0,0,0,0,0,0,10,0,0,0,0,0	153	149	1
2388	0,412,0,0,0	0,12,0,0,0	0,0,0,0,414,0,0,0,0,0,1772,0,0,0,8,20	0,0,0,0,0,0,0,0,0,0,0,0,0,0,0,0	230	149	1
2390	0,5,0,0,0	0,280,0,0,0	0,0,0,0,0,0,0,0,0,0,50,0,0,0,1,0	0,0,0,0,304,0,0,0,0,0,989,0,0,0,35,1	152	149	1
2392	0,13,0,0,0	0,77,0,0,2	0,0,0,0,0,0,0,0,0,0,30,0,0,0,0,4	0,0,0,0,261,0,0,1,0,0,265,0,0,0,1,15	336	149	1
2393	0,9,0,0,0	0,0,0,0,0	0,0,0,0,153,0,0,0,0,0,555,0,0,0,1,166	0,0,0,0,0,0,0,0,0,0,3,0,0,0,0,0	178	149	1
2397	0,67,2,0,0	0,17,0,0,0	0,0,0,0,272,2,0,0,0,0,273,0,0,0,387,20	0,0,0,0,32,0,0,0,0,0,24,0,0,0,130,2	197	149	1
2398	0,71,2,0,0	0,0,0,0,0	0,0,0,0,272,2,0,0,0,0,276,0,0,0,396,20	0,0,0,0,0,0,0,0,0,0,4,0,0,0,0,1	202	149	1
2399	0,21,0,0,0	0,0,0,0,0	0,0,0,0,32,0,0,0,0,0,27,0,0,0,139,2	0,0,0,0,0,0,0,0,0,0,4,0,0,0,0,1	154	149	1
2403	0,66,0,0,0	0,226,0,0,0	0,0,0,0,489,2,0,0,0,0,48,0,0,0,121,8	0,0,0,0,423,0,6,0,0,0,253,0,0,0,211,20	974	149	1
2405	0,285,10,0,2	0,0,2,0,0	0,0,0,0,561,8,2,0,0,2,1031,0,0,0,2174,384	0,0,0,0,7,0,0,0,0,0,5,0,0,0,9,3	288	149	1
2406	0,0,0,0,0	0,137,0,0,0	0,0,0,0,0,0,0,0,0,0,4,0,0,0,2,0	0,0,0,0,534,0,0,0,0,0,99,0,0,0,36,6	197	149	1
2408	0,579,0,0,2	0,22,0,0,0	0,0,0,0,418,0,0,2,0,4,257,0,0,0,89,38	0,0,0,0,13,0,0,0,0,0,7,0,0,0,21,6	929	149	1
2409	0,2,0,0,0	0,0,0,0,0	0,0,0,0,124,0,0,0,0,0,10,0,0,0,3,0	0,0,0,0,109,0,0,0,0,0,16,0,0,0,9,0	262	149	1
2410	0,0,0,0,0	0,3,0,0,0	0,0,0,0,122,0,0,0,0,0,6,0,0,0,0,0	0,0,0,0,28,0,0,0,0,0,7,0,0,0,0,0	152	149	1
2416	0,10,0,0,0	0,0,0,0,0	0,0,0,0,157,0,0,0,0,2,372,0,0,0,350,173	0,0,0,0,1,0,0,0,0,0,9,0,0,0,6,0	210	149	1
2418	0,28,2,0,2	0,0,0,0,0	0,0,0,0,180,2,0,0,0,2,270,0,0,0,541,65	0,0,0,0,0,0,0,0,0,0,0,0,0,0,11,0	159	149	1
2421	0,10,0,0,0	0,227,0,0,0	0,0,0,0,24,0,0,0,0,0,0,0,0,0,82,10	0,0,0,0,599,0,0,4,0,0,827,0,0,0,286,44	662	149	1
2422	0,6,0,0,0	0,227,0,0,0	0,0,0,0,24,0,0,0,0,0,0,0,0,0,48,3	0,0,0,0,599,0,0,4,0,0,827,0,0,0,286,44	372	149	1
2423	0,212,0,0,0	0,0,0,0,0	0,0,0,0,387,0,0,6,0,0,759,0,0,0,331,127	0,0,0,0,0,0,0,0,0,0,0,0,0,0,2,1	154	149	1
2425	0,21,0,0,0	0,1262,0,0,0	0,0,0,0,10,0,0,0,0,0,8,0,0,0,6,2	0,0,0,0,1154,0,0,2,4,0,1391,0,0,0,483,40	170	149	1
2427	0,17,0,0,0	0,204,0,0,0	0,0,0,0,6,0,0,0,0,0,2,0,0,0,0,0	0,0,0,0,67,0,0,0,0,0,90,0,0,0,21,16	203	149	1
2429	0,13,0,0,0	0,47,0,0,0	0,0,0,0,61,0,0,0,0,0,7,0,0,0,0,0	0,0,0,0,46,0,0,0,0,0,64,0,0,0,4,1	182	149	1
2430	0,20,0,0,0	0,404,0,0,0	0,0,0,0,99,0,0,0,0,0,46,0,0,0,2,0	0,0,0,0,760,0,0,0,2,0,1949,0,0,0,280,29	214	149	1
2431	0,54,0,0,0	0,404,0,0,0	0,0,0,0,84,0,0,0,0,0,103,0,0,0,6,1	0,0,0,0,760,0,0,0,2,0,1949,0,0,0,280,29	181	149	1
2432	0,3,0,0,0	0,358,0,0,0	0,0,0,0,14,0,0,0,0,0,8,0,0,0,0,0	0,0,0,0,649,0,0,0,2,0,1418,0,0,0,167,26	178	149	1
2433	0,105,0,0,0	0,0,0,0,0	0,0,0,0,150,0,0,2,0,0,479,0,0,0,132,14	0,0,0,0,0,0,0,0,0,0,6,0,0,0,0,0	213	149	1
2434	0,460,0,0,0	0,0,0,0,0	0,0,0,0,785,0,0,2,2,0,1889,0,0,0,299,40	0,0,0,0,0,0,0,0,0,0,6,0,0,0,0,0	184	149	1
2436	0,10,0,0,0	0,0,0,0,0	0,0,0,0,240,0,0,1,0,0,34,0,0,0,1,0	0,0,0,0,0,0,0,0,0,0,3,0,0,0,7,0	214	149	1
2437	0,17,0,0,0	0,0,0,0,0	0,0,0,0,264,0,0,0,0,0,24,0,0,0,0,0	0,0,0,0,0,0,0,0,0,0,3,0,0,0,7,0	235	149	1
2438	0,11,0,0,0	0,4,0,0,0	0,0,0,0,155,0,0,0,0,0,13,0,0,0,0,0	0,0,0,0,131,0,0,1,0,0,23,0,0,0,1,0	170	149	1
2439	0,4,0,0,0	0,0,0,0,0	0,0,0,0,0,0,0,0,0,0,5,0,0,0,1,0	0,0,0,0,0,0,0,0,0,0,3,0,0,0,0,0	177	149	1
2440	0,48,3,0,0	0,22,0,0,0	0,0,0,0,169,0,0,0,0,0,10,0,0,0,8,13	0,0,0,0,6,0,0,0,0,0,0,0,0,0,1,0	445	149	1
2444	0,33,0,0,0	0,0,0,0,0	0,0,0,0,95,0,0,0,0,0,50,0,0,0,29,8	0,0,0,0,0,0,0,0,0,0,2,0,0,0,15,0	155	149	1
2446	0,1,0,0,0	0,32,2,0,0	0,0,0,0,0,0,0,0,0,0,0,0,0,0,7,1	0,0,0,0,79,0,0,0,0,0,39,0,0,0,44,10	184	149	1
2447	0,1,0,0,0	0,4,0,0,0	0,0,0,0,0,0,0,0,0,0,0,0,0,0,9,1	0,0,0,0,15,0,0,0,0,0,0,0,0,0,5,0	187	149	1
2449	0,32,2,0,0	0,4,0,0,0	0,0,0,0,79,0,0,0,0,0,39,0,0,0,46,10	0,0,0,0,15,0,0,0,0,0,0,0,0,0,5,0	152	149	1
2458	0,9,0,0,0	0,4,0,0,0	0,0,0,0,32,0,0,0,0,0,5,0,0,0,25,15	0,0,0,0,15,0,0,0,0,0,0,0,0,0,0,0	154	149	1
2460	0,6,2,0,0	0,0,0,0,0	0,0,0,0,151,2,0,0,2,0,78,0,0,0,549,65	0,0,0,0,0,0,0,0,0,0,5,0,0,0,6,2	264	149	1
2462	0,20,0,0,0	0,28,0,0,0	0,0,0,0,79,0,0,0,0,0,29,0,0,0,0,7	0,0,0,0,74,0,0,0,0,0,1,0,0,0,0,3	152	149	1
2463	0,1,0,0,0	0,0,0,0,0	0,0,0,0,3,0,0,0,0,0,26,0,0,0,0,0	0,0,0,0,0,0,0,0,0,0,0,0,0,0,0,2	152	149	1
2464	0,14,0,0,0	0,28,0,0,0	0,0,0,0,14,0,0,0,0,0,32,0,0,0,49,0	0,0,0,0,78,0,0,0,0,0,69,0,0,0,175,10	204	149	1
2465	0,4,0,0,0	0,7,0,0,0	0,0,0,0,24,0,0,0,0,0,1,0,0,0,16,2	0,0,0,0,12,0,0,0,0,0,11,0,0,0,14,5	159	149	1
2466	0,10,0,0,0	0,0,0,0,0	0,0,0,0,14,0,0,0,0,0,15,0,0,0,20,0	0,0,0,0,10,0,0,0,0,0,2,0,0,0,5,0	204	149	1
2467	0,30,0,0,0	0,7,0,0,0	0,0,0,0,35,0,0,0,0,0,83,0,0,0,177,8	0,0,0,0,0,0,0,0,0,0,16,0,0,0,18,3	162	149	1
2470	0,97,0,0,0	0,0,0,0,0	0,0,0,0,466,0,2,0,0,0,632,0,0,0,1157,389	0,0,0,0,4,0,0,0,0,0,3,0,0,0,0,0	275	149	1
2471	0,3326,4,0,0	0,0,0,0,0	0,0,0,0,4312,2,4,2,2,2,2784,0,0,0,1207,1181	0,0,0,0,0,0,0,0,0,0,0,0,0,0,0,3	3527	149	1
2472	0,0,0,0,0	0,68,0,0,0	0,0,0,0,0,0,0,0,0,0,0,0,0,0,3,0	0,0,0,0,248,0,0,0,0,0,180,0,0,0,135,75	167	149	1
2474	0,33,0,0,0	0,2662,0,0,0	0,0,0,0,35,0,0,0,0,0,27,0,0,0,0,0	0,0,0,0,1736,0,0,4,0,0,4559,0,0,0,347,267	208	149	1
2475	0,123,0,0,0	0,8,0,0,0	0,0,0,0,225,4,0,0,2,0,144,0,0,0,297,160	0,0,0,0,9,0,0,0,0,0,3,0,0,0,35,7	167	149	1
2478	0,29,0,0,0	0,0,0,0,0	0,0,0,0,61,0,0,0,0,0,33,0,0,0,7,19	0,0,0,0,0,0,0,0,0,0,4,0,0,0,0,2	153	149	1
2480	0,185,0,0,2	0,1,0,0,0	0,0,0,0,1474,2,2,0,2,2,1314,0,0,0,1047,146	0,0,0,0,0,0,0,0,0,0,0,0,0,0,0,0	288	149	1
2482	0,0,0,0,0	0,36,0,0,0	0,0,0,0,9,0,0,0,0,0,8,0,0,0,0,2	0,0,0,0,166,0,0,0,0,0,183,0,0,0,114,23	286	149	1
2483	0,0,0,0,0	0,36,0,0,0	0,0,0,0,9,0,0,0,0,0,6,0,0,0,0,2	0,0,0,0,166,0,0,0,0,0,183,0,0,0,114,23	198	149	1
2484	0,44,0,0,0	0,0,0,0,0	0,0,0,0,72,0,0,0,0,0,214,0,0,0,14,31	0,0,0,0,0,0,0,0,0,0,7,0,0,0,0,0	153	149	1
2485	0,0,0,0,0	0,65,2,0,0	0,0,0,0,10,2,0,0,0,0,9,0,0,0,153,2	0,0,0,0,90,0,0,0,0,0,145,0,0,0,468,7	330	149	1
2486	0,188,0,0,0	0,6,0,0,0	0,0,0,0,159,2,0,0,0,0,268,0,0,0,727,49	0,0,0,0,6,0,0,0,0,0,1,0,0,0,50,1	157	149	1
2487	0,7,0,0,0	0,198,0,0,0	0,0,0,0,0,0,0,0,0,0,3,0,0,0,25,3	0,0,0,0,147,0,0,0,0,0,116,0,0,0,358,37	182	149	1
2488	0,11,0,0,0	0,115,0,0,0	0,0,0,0,0,0,0,0,0,0,5,0,0,0,44,3	0,0,0,0,69,2,0,0,0,0,98,0,0,0,257,8	185	149	1
2489	0,38,2,0,0	0,0,0,0,0	0,0,0,0,26,0,0,0,0,0,29,0,0,0,59,5	0,0,0,0,4,0,0,0,0,0,7,0,0,0,37,0	197	149	1
2490	0,202,0,0,0	0,115,0,0,0	0,0,0,0,147,0,0,0,0,0,118,0,0,0,377,37	0,0,0,0,69,2,0,0,0,0,98,0,0,0,257,8	152	149	1
2491	0,229,2,0,0	0,0,0,0,0	0,0,0,0,173,0,0,0,0,0,142,0,0,0,392,39	0,0,0,0,4,0,0,0,0,0,7,0,0,0,37,0	164	149	1
2492	0,142,2,0,0	0,0,0,0,0	0,0,0,0,95,2,0,0,0,0,122,0,0,0,272,10	0,0,0,0,4,0,0,0,0,0,7,0,0,0,37,0	161	149	1
2495	0,7,4,0,2	0,0,0,0,0	0,0,0,0,288,0,2,0,0,2,333,0,0,0,856,100	0,0,0,0,0,0,0,0,0,0,17,0,0,0,18,6	212	149	1
2498	0,1272,4,0,0	0,29,0,0,0	0,0,0,0,1043,10,0,2,0,0,1221,0,0,0,2892,112	0,0,0,0,4,0,0,0,0,0,33,0,0,0,31,1	155	149	1
2499	0,33,0,0,0	0,0,0,0,0	0,0,0,0,36,0,0,0,0,0,52,0,0,0,105,10	0,0,0,0,6,0,0,0,0,0,10,0,0,0,0,0	204	149	1
2500	0,0,0,0,0	0,14,0,0,0	0,0,0,0,0,0,0,0,0,0,11,0,0,0,5,0	0,0,0,0,128,0,0,0,0,0,98,0,0,0,141,34	229	149	1
2501	0,22,0,0,0	0,532,2,0,0	0,0,0,0,10,0,0,0,0,0,4,0,0,0,0,1	0,0,0,0,248,0,0,4,0,0,155,0,0,0,225,8	228	149	1
2503	0,4,0,0,0	0,14,0,0,0	0,0,0,0,0,0,0,0,0,0,0,0,0,0,18,1	0,0,0,0,82,0,0,0,0,0,95,0,0,0,237,27	417	149	1
2504	0,4,0,0,0	0,65,0,0,0	0,0,0,0,0,0,0,0,0,0,0,0,0,0,16,4	0,0,0,0,123,0,0,0,0,0,43,0,0,0,64,11	162	149	1
2505	0,0,0,0,0	0,55,0,0,0	0,0,0,0,0,0,0,0,0,0,2,0,0,0,9,0	0,0,0,0,211,0,2,0,0,0,276,0,0,0,104,8	174	149	1
2508	0,56,4,0,2	0,0,0,0,0	0,0,0,0,212,6,2,0,0,2,324,0,0,0,253,53	0,0,0,0,10,0,0,0,0,0,0,0,0,0,0,0	151	149	1
2509	0,2,0,0,0	0,52,6,0,4	0,0,0,0,0,0,0,0,0,0,9,0,0,0,21,0	0,0,0,0,200,2,4,0,0,0,392,0,0,0,253,38	168	149	1
2511	0,0,0,0,0	0,3,0,0,0	0,0,0,0,9,0,0,0,0,0,0,0,0,0,0,0	0,0,0,0,26,0,0,0,0,0,49,0,0,0,57,1	165	149	1
2513	0,107,0,0,2	0,5,0,0,0	0,0,0,0,197,0,0,0,0,0,95,0,0,0,72,18	0,0,0,0,0,0,0,0,0,0,3,0,0,0,0,0	528	149	1
2514	0,14,0,0,0	0,76,0,0,2	0,0,0,0,10,0,0,0,0,0,0,0,0,0,2,1	0,0,0,0,51,0,0,0,0,0,70,0,0,0,27,1	180	149	1
2515	0,14,0,0,0	0,76,0,0,2	0,0,0,0,10,0,0,0,0,0,6,0,0,0,2,3	0,0,0,0,51,0,0,0,0,0,70,0,0,0,27,1	211	149	1
2517	0,7,0,0,0	0,0,0,0,0	0,0,0,0,35,0,0,0,0,0,35,0,0,0,140,1	0,0,0,0,0,0,0,0,0,0,5,0,0,0,14,0	155	149	1
2518	0,0,0,0,0	0,9,0,0,0	0,0,0,0,0,0,0,0,0,0,0,0,0,0,4,0	0,0,0,0,55,0,0,0,0,0,64,0,0,0,235,7	167	149	1
2519	0,5,0,0,0	0,36,9,0,0	0,0,0,0,0,0,0,0,0,0,0,0,0,0,16,3	0,0,0,0,34,0,0,14,0,0,278,0,0,0,2312,24	312	149	1
2520	0,197,2,0,0	0,5,0,0,0	0,0,0,0,280,0,0,0,0,0,296,0,0,0,618,45	0,0,0,0,0,0,0,0,0,0,0,0,0,0,0,0	973	149	1
2521	0,0,0,0,0	0,24,2,0,0	0,0,0,0,19,0,0,0,0,0,5,0,0,0,0,0	0,0,0,0,281,2,0,0,0,0,193,0,0,0,136,6	174	149	1
2525	0,0,0,0,0	0,16,0,0,0	0,0,0,0,0,0,0,0,0,0,1,0,0,0,0,1	0,0,0,0,210,2,0,0,0,0,199,0,0,0,31,6	173	149	1
2527	0,2,0,0,0	0,0,0,0,0	0,0,0,0,74,0,0,0,0,0,21,0,0,0,25,35	0,0,0,0,0,0,0,0,0,0,1,0,0,0,0,1	181	149	1
2528	0,3,0,0,0	0,0,0,0,0	0,0,0,0,27,0,0,0,0,0,18,0,0,0,46,11	0,0,0,0,0,0,0,0,0,0,0,0,0,0,0,5	153	149	1
2529	0,6,0,0,0	0,14,0,0,0	0,0,0,0,3,0,0,0,0,0,22,0,0,0,16,8	0,0,0,0,14,0,0,0,0,0,2,0,0,0,16,1	152	149	1
2530	0,14,0,0,0	0,83,2,0,0	0,0,0,0,32,0,0,0,0,0,3,0,0,0,5,0	0,0,0,0,147,0,4,0,0,0,86,0,0,0,89,51	170	149	1
2531	0,72,2,0,0	0,0,0,0,0	0,0,0,0,291,2,0,0,0,0,45,0,0,0,152,60	0,0,0,0,0,0,0,0,0,0,0,0,0,0,0,3	198	149	1
2532	0,0,0,0,0	0,6,0,0,0	0,0,0,0,0,0,0,0,0,0,0,0,0,0,1,0	0,0,0,0,70,2,0,0,0,0,77,0,0,0,134,11	194	149	1
2533	0,24,0,0,0	0,39,0,0,0	0,0,0,0,89,0,2,4,0,0,20,0,0,0,58,6	0,0,0,0,154,0,0,0,0,0,121,0,0,0,51,13	650	149	1
2534	0,138,0,0,0	0,82,0,0,0	0,0,0,0,109,0,0,0,0,0,100,0,0,0,112,2	0,0,0,0,64,0,0,0,0,0,78,0,0,0,23,3	152	149	1
2535	0,2,0,0,0	0,55,0,0,0	0,0,0,0,4,0,0,0,0,0,5,0,0,0,5,0	0,0,0,0,48,0,0,0,0,0,86,0,0,0,124,57	170	149	1
2540	0,524,2,0,0	0,443,0,0,0	0,0,0,0,1,0,0,0,0,0,568,0,0,0,577,46	0,0,0,0,4,0,2,0,0,6,602,0,0,0,469,87	152	149	1
2541	0,7,0,0,0	0,0,0,0,0	0,0,0,0,38,0,0,0,0,0,60,0,0,0,165,14	0,0,0,0,2,0,0,0,0,0,0,0,0,0,0,0	223	149	1
2542	0,43,0,0,0	0,0,0,0,0	0,0,0,0,169,0,0,0,0,0,51,0,0,0,110,2	0,0,0,0,0,0,0,0,0,0,1,0,0,0,0,0	230	149	1
2543	0,71,0,0,0	0,0,0,0,0	0,0,0,0,230,0,0,0,0,0,72,0,0,0,184,4	0,0,0,0,0,0,0,0,0,0,1,0,0,0,0,0	233	149	1
2544	0,28,0,0,0	0,0,0,0,0	0,0,0,0,90,0,0,0,0,0,39,0,0,0,74,2	0,0,0,0,29,0,0,0,0,0,18,0,0,0,0,0	152	149	1
2546	0,62,0,0,0	0,4,0,0,0	0,0,0,0,87,0,0,0,0,0,97,0,0,0,310,6	0,0,0,0,9,0,0,0,0,0,3,0,0,0,6,1	152	149	1
2554	0,51,0,0,0	0,306,0,0,0	0,0,0,0,152,0,0,0,0,0,64,0,0,0,131,16	0,0,0,0,578,0,0,0,0,0,275,0,0,0,751,29	152	149	1
2560	0,0,0,0,0	0,319,0,0,4	0,0,0,0,92,0,0,0,0,2,13,0,0,0,3,2	0,0,0,0,2413,0,0,0,2,0,1064,0,0,0,154,24	681	149	1
2561	0,0,0,0,0	0,319,0,0,4	0,0,0,0,93,0,0,0,0,2,10,0,0,0,3,6	0,0,0,0,2413,0,0,0,2,0,1064,0,0,0,154,24	684	149	1
2564	0,2,0,0,0	0,0,0,0,0	0,0,0,0,76,0,0,0,0,0,4,0,0,0,18,0	0,0,0,0,31,0,0,0,0,0,3,0,0,0,0,0	222	149	1
2565	0,2,0,0,0	0,257,0,0,0	0,0,0,0,133,0,0,0,0,0,6,0,0,0,18,0	0,0,0,0,3701,0,0,2,0,0,1393,0,0,0,165,192	222	149	1
2571	0,12,0,0,0	0,41,0,0,0	0,0,0,0,27,0,0,0,0,0,18,0,0,0,105,3	0,0,0,0,59,0,0,0,0,0,38,0,0,0,28,3	274	149	1
2572	0,562,0,0,0	0,8,0,0,0	0,0,0,0,1904,2,0,4,0,4,1514,0,0,0,1350,84	0,0,0,0,15,0,0,0,0,0,12,0,0,0,2,2	154	149	1
2573	0,1025,0,0,2	0,8,0,0,0	0,0,0,0,1257,2,2,12,0,0,1505,0,0,0,1575,281	0,0,0,0,0,0,0,0,0,0,4,0,0,0,0,0	160	149	1
2574	0,1079,0,0,2	0,6,0,0,0	0,0,0,0,1301,2,2,12,0,0,1551,0,0,0,1644,285	0,0,0,0,0,0,0,0,0,0,3,0,0,0,0,0	170	149	1
2575	0,62,0,0,0	0,6,0,0,0	0,0,0,0,44,0,0,0,0,0,50,0,0,0,69,4	0,0,0,0,0,0,0,0,0,0,3,0,0,0,0,0	159	149	1
2576	0,119,0,0,0	0,7,0,0,0	0,0,0,0,0,0,0,0,0,0,0,0,0,0,352,11	0,0,0,0,0,0,0,0,0,0,69,0,0,0,89,4	152	149	1
2577	0,17,0,0,0	0,5,0,0,0	0,0,0,0,0,0,0,0,0,0,13,0,0,0,48,2	0,0,0,0,0,0,0,0,0,0,41,0,0,0,80,0	182	149	1
2580	0,276,0,0,0	0,10,0,0,0	0,0,0,0,420,0,0,0,0,0,35,0,0,0,71,90	0,0,0,0,6,0,0,0,0,0,5,0,0,0,0,0	2079	149	1
2582	0,0,0,0,0	0,31,0,0,0	0,0,0,0,17,0,0,0,0,0,15,0,0,0,52,2	0,0,0,0,286,0,0,0,0,0,104,0,0,0,338,14	152	149	1
2583	0,4,0,0,0	0,0,0,0,0	0,0,0,0,218,0,0,1,0,2,55,0,0,0,66,15	0,0,0,0,0,0,0,0,0,0,1,0,0,0,2,0	152	149	1
2584	0,73,0,0,0	0,23,2,0,0	0,0,0,0,113,2,0,0,2,0,65,0,0,0,120,14	0,0,0,0,136,0,0,0,0,2,90,0,0,0,505,16	1452	149	1
2596	0,0,0,0,0	0,14,0,0,0	0,0,0,0,0,0,0,0,0,0,8,0,0,0,3,4	0,0,0,0,29,0,0,0,0,0,42,0,0,0,3,0	156	149	1
2600	0,0,0,0,0	0,37,0,0,0	0,0,0,0,0,0,0,0,0,0,2,0,0,0,16,1	0,0,0,0,371,0,0,0,0,0,80,0,0,0,107,22	170	149	1
2601	0,2909,0,0,2	0,22,0,0,0	0,0,0,0,2697,0,0,11,8,6,1008,0,0,0,691,1216	0,0,0,0,0,0,0,0,0,0,4,0,0,0,0,1	278	149	1
2602	0,1,0,0,0	0,709,0,0,0	0,0,0,0,0,0,0,0,0,0,3,0,0,0,0,0	0,0,0,0,1665,2,2,6,0,0,1240,0,0,0,1369,384	167	149	1
2603	0,7,0,0,0	0,1,0,0,0	0,0,0,0,135,0,0,0,0,0,57,0,0,0,294,13	0,0,0,0,68,0,0,0,0,0,17,0,0,0,84,5	152	149	1
2604	0,5,0,0,2	0,3,0,0,0	0,0,0,0,180,0,2,0,0,0,169,0,0,0,909,81	0,0,0,0,81,2,0,0,0,0,87,0,0,0,400,18	290	149	1
2609	0,0,0,0,0	0,24,0,0,0	0,0,0,0,3,0,0,0,0,0,0,0,0,0,22,0	0,0,0,0,117,0,0,0,0,0,75,0,0,0,325,40	167	149	1
2610	0,8,0,0,0	0,0,0,0,0	0,0,0,0,12,0,0,0,0,0,14,0,0,0,114,7	0,0,0,0,0,0,0,0,0,0,1,0,0,0,0,0	226	149	1
2611	0,32,0,0,0	0,0,0,0,0	0,0,0,0,126,0,0,0,0,0,89,0,0,0,417,47	0,0,0,0,0,0,0,0,0,0,1,0,0,0,0,0	208	149	1
2612	0,4,0,0,0	0,109,4,0,0	0,0,0,0,11,0,0,0,0,0,1,0,0,0,22,0	0,0,0,0,257,0,0,0,4,0,297,0,0,0,669,183	171	149	1
2613	0,114,0,0,0	0,6,0,0,0	0,0,0,0,334,0,0,0,0,0,274,0,0,0,639,109	0,0,0,0,0,0,0,0,0,0,0,0,0,0,0,0	156	149	1
2614	0,61,0,0,0	0,2,0,0,0	0,0,0,0,99,0,0,0,0,0,139,0,0,0,409,39	0,0,0,0,0,0,0,0,0,0,1,0,0,0,4,0	152	149	1
2615	0,1,0,0,0	0,0,0,0,0	0,0,0,0,36,0,0,0,0,0,1,0,0,0,14,0	0,0,0,0,15,0,0,0,0,0,0,0,0,0,0,0	195	149	1
2617	0,0,0,0,0	0,1,0,0,0	0,0,0,0,0,0,0,0,0,0,3,0,0,0,0,0	0,0,0,0,21,0,0,0,0,0,0,0,0,0,0,0	150	149	1
2618	0,0,0,0,0	0,15,0,0,0	0,0,0,0,0,0,0,0,0,0,0,0,0,0,3,0	0,0,0,0,178,0,0,0,0,0,42,0,0,0,41,5	165	149	1
2619	0,18,0,0,0	0,4,0,0,0	0,0,0,0,238,0,0,0,0,0,50,0,0,0,26,0	0,0,0,0,0,0,0,0,0,0,0,0,0,0,0,0	633	149	1
2620	0,1,0,0,0	0,0,0,0,0	0,0,0,0,20,0,0,0,0,0,18,0,0,0,0,0	0,0,0,0,12,0,0,0,0,0,30,0,0,0,17,0	181	149	1
2621	0,12,0,0,0	0,6,0,0,0	0,0,0,0,0,0,0,0,0,0,1,0,0,0,0,0	0,0,0,0,104,0,0,0,0,0,59,0,0,0,0,2	188	149	1
2626	0,185,0,0,0	0,5,0,0,0	0,0,0,0,214,0,0,0,0,0,271,0,0,0,0,0	0,0,0,0,18,0,0,0,0,0,0,0,0,0,0,0	157	149	1
2628	0,13,0,0,0	0,27,0,0,0	0,0,0,0,23,0,0,0,0,0,15,0,0,0,4,0	0,0,0,0,49,0,0,0,0,0,220,0,0,0,32,14	200	149	1
2629	0,4,0,0,0	0,15,0,0,0	0,0,0,0,50,0,0,0,0,0,9,0,0,0,12,7	0,0,0,0,21,0,0,0,0,0,209,0,0,0,10,11	228	149	1
2631	0,0,0,0,0	0,151,0,0,0	0,0,0,0,20,0,0,0,0,0,13,0,0,0,16,3	0,0,0,0,336,0,0,0,0,0,334,0,0,0,479,68	178	149	1
2632	0,515,2,0,0	0,0,0,0,0	0,0,0,0,1564,0,0,0,0,0,1088,0,0,0,408,34	0,0,0,0,0,0,0,0,0,0,3,0,0,0,0,0	229	149	1
2634	0,306,0,0,0	0,4,0,0,0	0,0,0,0,659,0,0,2,0,0,823,0,0,0,615,38	0,0,0,0,1,0,0,0,0,0,6,0,0,0,2,0	211	149	1
2635	0,1,0,0,0	0,86,0,0,0	0,0,0,0,0,0,0,0,0,0,2,0,0,0,0,0	0,0,0,0,139,0,0,0,0,0,338,0,0,0,103,16	169	149	1
2636	0,54,0,0,0	0,9,0,0,0	0,0,0,0,207,0,0,0,0,0,367,0,0,0,30,45	0,0,0,0,37,0,0,0,0,0,3,0,0,0,0,0	157	149	1
2639	0,71,0,0,0	0,0,0,0,0	0,0,0,0,60,0,0,0,0,0,326,0,0,0,1,48	0,0,0,0,0,0,0,0,0,0,0,0,0,0,3,0	181	149	1
2640	0,4,0,0,0	0,44,0,0,0	0,0,0,0,0,0,0,0,0,0,2,0,0,0,0,1	0,0,0,0,124,0,0,0,2,0,357,0,0,0,2,6	160	149	1
2641	0,1336,0,0,0	0,2,0,0,0	0,0,0,0,2461,2,2,5,2,6,1812,0,0,0,2620,59	0,0,0,0,0,0,0,0,0,0,0,0,0,0,0,0	836	149	1
2642	0,1865,0,0,2	0,10,0,0,0	0,0,0,0,4432,0,0,5,0,6,3917,0,0,0,4851,221	0,0,0,0,0,0,0,0,0,0,0,0,0,0,0,0	169	149	1
2643	0,374,0,0,0	0,10,0,0,0	0,0,0,0,854,0,0,2,0,0,512,0,0,0,869,140	0,0,0,0,0,0,0,0,0,0,0,0,0,0,0,0	293	149	1
2644	0,150,0,0,0	0,1641,0,0,2	0,0,0,0,395,0,0,2,0,0,95,0,0,0,277,41	0,0,0,0,3973,0,0,5,0,6,3500,0,0,0,4259,122	273	149	1
2645	0,153,0,0,0	0,93,0,0,0	0,0,0,0,230,0,0,0,0,0,32,0,0,0,20,9	0,0,0,0,66,0,0,0,0,0,99,0,0,0,77,6	324	149	1
2646	0,109,0,0,0	0,93,0,0,0	0,0,0,0,161,0,0,0,0,0,22,0,0,0,17,7	0,0,0,0,66,0,0,0,0,0,99,0,0,0,77,6	351	149	1
2647	0,10,0,0,0	0,54,0,0,0	0,0,0,0,8,0,0,0,0,0,3,0,0,0,0,0	0,0,0,0,77,0,0,0,0,0,13,0,0,0,3,2	176	149	1
2648	0,5,0,0,0	0,35,0,0,0	0,0,0,0,7,0,0,0,0,0,30,0,0,0,41,53	0,0,0,0,44,0,0,0,0,0,126,0,0,0,15,54	177	149	1
2649	0,186,0,0,0	0,0,0,0,0	0,0,0,0,251,0,0,0,0,0,231,0,0,0,566,58	0,0,0,0,0,0,0,0,0,0,13,0,0,0,6,3	204	149	1
2650	0,213,0,0,0	0,1,0,0,0	0,0,0,0,263,0,0,0,0,0,270,0,0,0,652,63	0,0,0,0,18,0,0,0,0,0,9,0,0,0,4,0	220	149	1
2651	0,27,0,0,0	0,1,0,0,0	0,0,0,0,12,0,0,0,0,0,52,0,0,0,92,8	0,0,0,0,18,0,0,0,0,0,9,0,0,0,4,0	165	149	1
2652	0,57,0,0,0	0,2,0,0,0	0,0,0,0,119,0,0,0,0,0,131,0,0,0,286,23	0,0,0,0,20,0,0,0,0,0,23,0,0,0,31,6	204	149	1
2653	0,15412,2,0,12	0,353,0,0,0	0,0,0,0,1044,0,0,7,0,0,1187,0,0,0,1612,95	0,0,0,0,0,0,0,2,0,0,15,0,0,0,33,4	481	149	1
2655	0,190,0,0,0	0,0,0,0,0	0,0,0,0,456,0,0,0,6,0,162,0,0,0,28,20	0,0,0,0,0,0,0,0,0,0,2,0,0,0,1,0	178	149	1
2656	0,32,0,0,0	0,8,0,0,0	0,0,0,0,183,0,0,0,0,0,13,0,0,0,53,6	0,0,0,0,285,0,0,0,0,0,88,0,0,0,32,4	211	149	1
2658	0,19,0,0,0	0,35,0,0,0	0,0,0,0,12,0,0,0,0,0,5,0,0,0,0,0	0,0,0,0,165,0,0,0,0,0,89,0,0,0,0,0	317	149	1
2659	0,102,0,0,0	0,22,0,0,0	0,0,0,0,613,0,0,0,2,2,314,0,0,0,131,63	0,0,0,0,62,0,0,0,0,0,39,0,0,0,26,8	185	149	1
2660	0,101,0,0,0	0,35,0,0,0	0,0,0,0,518,0,0,0,0,2,260,0,0,0,249,26	0,0,0,0,112,0,0,0,0,0,64,0,0,0,38,3	152	149	1
2662	0,3,0,0,0	0,86,0,0,0	0,0,0,0,23,0,0,0,0,0,9,0,0,0,0,0	0,0,0,0,367,0,0,0,0,0,248,0,0,0,139,59	169	149	1
2664	0,83,0,0,0	0,106,0,0,2	0,0,0,0,228,0,0,2,0,0,15,0,0,0,173,26	0,0,0,0,114,0,2,4,0,0,228,0,0,0,267,37	1957	149	1
2665	0,50,0,0,0	0,0,0,0,0	0,0,0,0,271,0,0,3,2,0,182,0,0,0,396,16	0,0,0,0,0,0,0,0,0,0,1,0,0,0,0,0	174	149	1
2666	0,0,0,0,0	0,4,0,0,0	0,0,0,0,0,0,0,0,0,0,0,0,0,0,2,3	0,0,0,0,58,0,0,0,0,0,42,0,0,0,76,22	168	149	1
2669	0,150,0,0,2	0,0,0,0,0	0,0,0,0,1803,2,0,0,0,0,1446,0,0,0,150,35	0,0,0,0,3,0,0,0,0,0,0,0,0,0,0,0	318	149	1
2672	0,0,0,0,0	0,5,0,0,0	0,0,0,0,36,0,0,0,0,0,9,0,0,0,32,1	0,0,0,0,121,0,0,0,0,0,21,0,0,0,100,8	173	149	1
2674	0,2,0,0,2	0,0,0,0,0	0,0,0,0,294,0,0,0,0,0,136,0,0,0,262,12	0,0,0,0,0,0,0,0,0,0,3,0,0,0,1,0	223	149	1
2678	0,0,0,0,0	0,15,0,0,0	0,0,0,0,0,0,0,0,0,0,0,0,0,0,13,0	0,0,0,0,19,0,0,0,0,0,1,0,0,0,0,0	152	149	1
2679	0,1961,6,0,0	0,80,0,0,0	0,0,0,0,4592,2,2,12,4,4,2414,0,0,0,3410,577	0,0,0,0,139,0,0,0,0,0,75,0,0,0,51,19	152	149	1
2680	0,32,4,0,0	0,764,0,0,2	0,0,0,0,195,0,2,4,6,0,58,0,0,0,383,54	0,0,0,0,4326,2,2,6,0,2,3452,0,0,0,3181,643	395	149	1
2681	0,95,10,0,4	0,764,0,0,2	0,0,0,0,585,0,2,4,6,0,329,0,0,0,941,163	0,0,0,0,4326,2,2,6,0,2,3452,0,0,0,3181,643	642	149	1
2682	0,1398,0,0,10	0,0,0,0,0	0,0,0,0,238,0,0,0,0,0,617,0,0,0,334,7	0,0,0,0,0,0,0,0,0,0,3,0,0,0,0,0	182	149	1
2685	0,13,0,0,0	0,100,0,0,0	0,0,0,0,0,0,0,0,0,0,7,0,0,0,0,0	0,0,0,0,108,0,0,0,0,0,256,0,0,0,41,3	192	149	1
2691	0,40,0,0,0	0,3,0,0,0	0,0,0,0,142,0,0,0,0,0,88,0,0,0,58,10	0,0,0,0,0,0,0,0,0,0,0,0,0,0,0,0	171	149	1
2692	0,24,0,0,0	0,0,0,0,0	0,0,0,0,80,0,0,0,0,0,36,0,0,0,22,8	0,0,0,0,0,0,0,0,0,0,0,0,0,0,0,1	174	149	1
2694	0,25,0,0,0	0,0,0,0,0	0,0,0,0,49,0,0,0,0,0,104,0,0,0,56,6	0,0,0,0,18,0,0,0,0,0,3,0,0,0,0,1	175	149	1
2695	0,12,0,0,0	0,0,0,0,0	0,0,0,0,61,0,0,0,0,0,44,0,0,0,44,20	0,0,0,0,0,0,0,0,0,0,1,0,0,0,0,0	153	149	1
2696	0,4,0,0,0	0,0,0,0,0	0,0,0,0,56,0,2,0,0,0,99,0,0,0,115,27	0,0,0,0,21,0,0,0,0,0,11,0,0,0,0,1	444	149	1
2697	0,2,0,0,0	0,170,0,0,0	0,0,0,0,0,0,0,0,0,0,4,0,0,0,29,3	0,0,0,0,0,6,0,2,0,0,60,0,0,0,176,42	222	149	1
2698	0,131,0,0,0	0,6,0,0,0	0,0,0,0,0,2,2,2,0,0,39,0,0,0,243,37	0,0,0,0,0,0,0,0,0,0,2,0,0,0,16,0	444	149	1
2700	0,3,0,0,0	0,2,0,0,0	0,0,0,0,0,0,0,0,0,0,0,0,0,0,9,14	0,0,0,0,0,0,0,0,0,0,8,0,0,0,7,0	271	149	1
2701	0,7,0,0,0	0,14,0,0,0	0,0,0,0,12,0,0,0,0,0,5,0,0,0,0,0	0,0,0,0,10,0,0,0,0,0,23,0,0,0,27,0	211	149	1
2702	0,38,0,0,0	0,153,0,0,0	0,0,0,0,0,0,0,0,0,0,22,0,0,0,11,1	0,0,0,0,97,0,0,0,0,0,189,0,0,0,100,36	186	149	1
2705	0,694,0,0,0	0,0,0,0,0	0,0,0,0,440,0,0,2,0,0,1076,0,0,0,504,20	0,0,0,0,0,0,0,0,0,0,1,0,0,0,0,0	263	149	1
2709	0,111,0,0,0	0,10,0,0,0	0,0,0,0,910,0,0,0,0,0,446,0,0,0,20,11	0,0,0,0,1,0,0,0,0,0,0,0,0,0,0,0	204	149	1
2711	0,2,0,0,0	0,83,2,0,0	0,0,0,0,0,0,0,0,0,0,5,0,0,0,0,0	0,0,0,0,240,0,2,0,0,0,165,0,0,0,97,23	164	149	1
2722	0,0,0,0,0	0,9,0,0,0	0,0,0,0,4,0,0,0,0,0,0,0,0,0,23,0	0,0,0,0,174,0,0,0,0,0,89,0,0,0,28,0	1001	149	1
2731	0,80,0,0,0	0,0,0,0,0	0,0,0,0,177,0,0,5,0,0,331,0,0,0,341,65	0,0,0,0,0,0,0,0,0,0,3,0,0,0,9,0	229	149	1
2733	0,31,0,0,0	0,0,0,0,0	0,0,0,0,122,0,0,0,0,0,200,0,0,0,213,40	0,0,0,0,0,0,0,0,0,0,15,0,0,0,10,1	198	149	1
2735	0,2,0,0,0	0,0,0,0,0	0,0,0,0,13,2,0,0,0,0,19,0,0,0,62,5	0,0,0,0,14,0,0,0,0,0,0,0,0,0,0,0	162	149	1
2738	0,2,0,0,0	0,33,0,0,0	0,0,0,0,0,0,0,0,0,0,0,0,0,0,1,3	0,0,0,0,0,0,0,0,0,0,0,0,0,0,35,20	182	149	1
2739	0,8,0,0,0	0,33,0,0,0	0,0,0,0,0,0,0,0,0,0,0,0,0,0,16,8	0,0,0,0,0,0,0,0,0,0,0,0,0,0,35,20	168	149	1
2740	0,52,0,0,0	0,1,0,0,0	0,0,0,0,0,0,0,0,0,0,3,0,0,0,33,118	0,0,0,0,0,0,0,0,0,0,0,0,0,0,0,1	188	149	1
2741	0,23,0,0,0	0,0,0,0,0	0,0,0,0,90,0,0,0,0,0,31,0,0,0,61,88	0,0,0,0,0,0,0,0,0,0,2,0,0,0,0,0	333	149	1
2742	0,179,0,0,2	0,0,0,0,0	0,0,0,0,686,0,0,0,0,0,862,0,0,0,592,61	0,0,0,0,31,0,0,0,0,0,10,0,0,0,0,0	152	149	1
2743	0,59,0,0,0	0,6,0,0,0	0,0,0,0,445,4,0,0,0,0,335,0,0,0,460,104	0,0,0,0,14,0,0,0,0,0,2,0,0,0,4,0	1100	149	1
2744	0,140,4,0,0	0,0,0,0,0	0,0,0,0,681,4,2,2,0,4,446,0,0,0,843,263	0,0,0,0,0,0,0,0,0,0,1,0,0,0,0,0	2972	149	1
2746	0,59,2,0,0	0,0,0,0,0	0,0,0,0,433,0,4,0,0,0,375,0,0,0,809,143	0,0,0,0,16,0,0,0,0,0,4,0,0,0,1,0	153	149	1
2749	0,10,0,0,0	0,0,0,0,0	0,0,0,0,10,0,0,0,4,0,3,0,0,0,18,3	0,0,0,0,5,0,0,0,0,0,1,0,0,0,0,0	610	149	1
2751	0,6228,26,0,2	0,0,0,0,0	0,0,0,0,8148,2,6,19,6,2,6683,0,0,0,10337,784	0,0,0,0,0,0,0,0,0,0,4,0,0,0,0,0	261	149	1
2752	0,23183,52,0,55	0,103,0,0,0	0,0,0,0,38612,20,8,70,26,28,30016,0,0,0,34690,1380	0,0,0,0,147,0,0,0,0,0,184,0,0,0,128,4	261	149	1
2753	0,233,0,0,2	0,34,0,0,0	0,0,0,0,546,0,0,0,0,0,499,0,0,0,83,23	0,0,0,0,53,0,0,0,0,0,82,0,0,0,26,8	152	149	1
2754	0,25,0,0,0	0,0,0,0,0	0,0,0,0,13,0,0,0,0,0,26,0,0,0,8,0	0,0,0,0,0,0,0,0,0,0,10,0,0,0,0,0	152	149	1
2755	0,239,0,0,0	0,0,0,0,0	0,0,0,0,738,0,0,4,0,2,605,0,0,0,614,48	0,0,0,0,0,0,0,0,0,0,0,0,0,0,1,0	236	149	1
2761	0,0,0,0,0	0,2,0,0,0	0,0,0,0,6,0,0,0,0,0,2,0,0,0,1,2	0,0,0,0,10,0,0,0,0,0,0,0,0,0,15,1	152	149	1
2762	0,7,0,0,0	0,0,0,0,0	0,0,0,0,61,0,0,0,0,0,38,0,0,0,71,19	0,0,0,0,13,0,0,0,0,0,27,0,0,0,47,8	152	149	1
2766	0,0,0,0,0	0,22,0,0,0	0,0,0,0,0,0,0,0,0,0,0,0,0,0,2,0	0,0,0,0,11,0,0,4,0,0,182,0,0,0,201,13	158	149	1
2776	0,0,0,0,0	0,3,0,0,0	0,0,0,0,15,0,0,0,0,0,0,0,0,0,0,0	0,0,0,0,0,0,0,0,0,0,0,0,0,0,0,0	154	149	1
2777	0,42,0,0,0	0,0,0,0,0	0,0,0,0,320,0,0,0,0,0,48,0,0,0,16,2	0,0,0,0,36,0,0,0,0,0,0,0,0,0,0,0	615	149	1
2778	0,79,0,0,0	0,11,0,0,0	0,0,0,0,256,0,0,0,0,0,182,0,0,0,420,233	0,0,0,0,9,0,0,0,0,0,13,0,0,0,0,5	279	149	1
2779	0,0,0,0,0	0,33,0,0,0	0,0,0,0,23,0,0,0,0,0,16,0,0,0,0,2	0,0,0,0,128,0,0,0,2,0,120,0,0,0,47,5	227	149	1
2780	0,1,0,0,0	0,0,0,0,0	0,0,0,0,6,0,0,0,0,0,0,0,0,0,0,0	0,0,0,0,6,0,0,0,0,0,0,0,0,0,0,0	201	149	1
2782	0,1,0,0,0	0,0,0,0,0	0,0,0,0,12,0,0,0,0,0,0,0,0,0,0,0	0,0,0,0,355,0,0,0,0,0,1,0,0,0,0,0	235	149	1
2783	0,98,0,0,0	0,0,0,0,0	0,0,0,0,142,0,0,0,0,0,292,0,0,0,73,18	0,0,0,0,0,0,0,0,0,0,11,0,0,0,0,0	397	149	1
2789	0,2,0,0,0	0,2,0,0,0	0,0,0,0,20,0,0,0,0,0,6,0,0,0,0,740	0,0,0,0,0,0,0,0,0,0,0,0,0,0,0,16	266	149	1
2803	0,2,0,0,0	0,3,0,0,0	0,0,0,0,19,2,0,0,0,0,17,0,0,0,17,8	0,0,0,0,6,0,0,0,0,0,11,0,0,0,48,7	152	149	1
2804	0,14,0,0,0	0,0,0,0,0	0,0,0,0,30,0,0,0,0,0,8,0,0,0,59,0	0,0,0,0,0,0,0,0,0,0,2,0,0,0,12,0	152	149	1
2805	0,14,0,0,0	0,216,2,0,0	0,0,0,0,43,0,0,0,0,0,27,0,0,0,19,0	0,0,0,0,216,0,0,0,0,0,377,0,0,0,222,3	252	149	1
2806	0,75,0,0,0	0,0,0,0,0	0,0,0,0,248,4,0,0,0,0,376,0,0,0,287,5	0,0,0,0,0,0,0,0,0,0,2,0,0,0,0,0	194	149	1
2808	0,469,0,0,0	0,69,0,0,0	0,0,0,0,262,0,0,6,0,0,2358,0,0,0,94,21	0,0,0,0,14,0,0,0,2,0,58,0,0,0,48,9	387	149	1
2809	0,1349,50,0,26	0,10,0,0,0	0,0,0,0,486,8,10,23,4,6,2218,0,0,0,3008,1362	0,0,0,0,0,0,0,0,0,0,8,0,0,0,0,0	309	149	1
2810	0,382,0,0,0	0,2,0,0,0	0,0,0,0,209,0,0,0,0,0,568,0,0,0,26,19	0,0,0,0,0,0,0,0,0,0,6,0,0,0,0,0	245	149	1
2812	0,4,0,0,0	0,14,0,0,0	0,0,0,0,12,0,0,0,0,0,7,0,0,0,8,3	0,0,0,0,54,0,0,0,0,0,86,0,0,0,13,14	201	149	1
2813	0,4,0,0,0	0,16,0,0,0	0,0,0,0,12,0,0,0,0,0,10,0,0,0,12,3	0,0,0,0,30,0,0,0,0,0,62,0,0,0,6,11	204	149	1
2814	0,14,0,0,0	0,16,0,0,0	0,0,0,0,54,0,0,0,0,0,89,0,0,0,17,14	0,0,0,0,30,0,0,0,0,0,62,0,0,0,6,11	152	149	1
2815	0,10,0,0,0	0,40,0,0,0	0,0,0,0,13,0,0,0,0,0,5,0,0,0,21,8	0,0,0,0,115,0,0,0,0,0,132,0,0,0,41,50	962	149	1
2816	0,4,0,0,0	0,53,0,0,0	0,0,0,0,0,0,0,0,0,0,5,0,0,0,37,0	0,0,0,0,52,2,2,0,0,0,72,0,0,0,59,5	238	149	1
2817	0,2,0,0,0	0,0,0,0,0	0,0,0,0,16,0,0,0,0,0,10,0,0,0,0,0	0,0,0,0,0,0,0,0,0,0,2,0,0,0,0,0	231	149	1
2818	0,2,0,0,0	0,0,0,0,0	0,0,0,0,8,0,0,0,0,0,2,0,0,0,0,0	0,0,0,0,0,0,0,0,0,0,2,0,0,0,0,0	392	149	1
2821	0,1,0,0,0	0,12,0,0,0	0,0,0,0,0,0,0,0,0,0,3,0,0,0,1,0	0,0,0,0,32,0,0,0,0,0,122,0,0,0,19,17	166	149	1
2824	0,0,0,0,0	0,101,0,0,0	0,0,0,0,1,0,0,0,0,0,0,0,0,0,0,0	0,0,0,0,206,0,0,0,0,0,356,0,0,0,305,63	179	149	1
2827	0,0,0,0,0	0,5,0,0,0	0,0,0,0,0,0,0,0,0,0,0,0,0,0,15,3	0,0,0,0,16,4,0,2,0,0,56,0,0,0,419,129	179	149	1
2828	0,18,0,0,0	0,30,0,0,0	0,0,0,0,39,0,0,0,0,0,99,0,0,0,116,6	0,0,0,0,22,0,2,0,0,0,32,0,0,0,34,1	158	149	1
2829	0,1,0,0,0	0,24,0,0,0	0,0,0,0,49,0,0,0,0,0,29,0,0,0,26,0	0,0,0,0,58,0,0,0,0,0,51,0,0,0,61,23	164	149	1
2833	0,598,0,0,0	0,23,0,0,0	0,0,0,0,85,0,0,0,0,0,22,0,0,0,92,0	0,0,0,0,22,0,0,0,0,0,0,0,0,0,8,0	323	149	1
2834	0,84,0,0,0	0,73,0,0,0	0,0,0,0,55,0,0,0,0,0,0,0,0,0,17,0	0,0,0,0,9,0,0,0,0,0,8,0,0,0,48,0	195	149	1
2835	0,0,0,0,0	0,119,0,0,0	0,0,0,0,11,0,0,0,0,0,3,0,0,0,0,0	0,0,0,0,16,0,0,0,0,0,5,0,0,0,45,0	152	149	1
2839	0,0,0,0,0	0,8,0,0,0	0,0,0,0,32,0,0,0,0,0,5,0,0,0,10,2	0,0,0,0,42,0,0,0,0,0,69,0,0,0,63,33	164	149	1
2840	0,22,0,0,0	0,0,0,0,0	0,0,0,0,134,0,0,0,0,0,185,0,0,0,26,2	0,0,0,0,23,0,0,0,0,0,2,0,0,0,0,0	153	149	1
2841	0,0,0,0,0	0,30,2,0,0	0,0,0,0,6,0,0,0,0,0,1,0,0,0,20,1	0,0,0,0,219,0,0,2,0,0,242,0,0,0,399,32	176	149	1
2842	0,66,0,0,0	0,10,0,0,0	0,0,0,0,130,2,2,0,0,0,129,0,0,0,324,48	0,0,0,0,20,0,0,0,0,4,14,0,0,0,106,8	217	149	1
2843	0,1,0,0,0	0,0,0,0,0	0,0,0,0,8,0,0,0,0,0,13,0,0,0,58,1	0,0,0,0,0,0,0,0,0,0,7,0,0,0,11,1	152	149	1
2845	0,8,0,0,0	0,7,0,0,0	0,0,0,0,79,0,0,0,0,0,32,0,0,0,123,10	0,0,0,0,9,0,0,0,0,0,23,0,0,0,73,1	152	149	1
2846	0,25,0,0,0	0,0,0,0,0	0,0,0,0,108,0,0,0,0,0,104,0,0,0,198,59	0,0,0,0,0,0,0,0,0,0,1,0,0,0,1,6	180	149	1
2847	0,14,0,0,0	0,14,0,0,0	0,0,0,0,6,0,0,0,0,0,31,0,0,0,34,12	0,0,0,0,34,0,0,0,0,0,10,0,0,0,36,1	152	149	1
2848	0,462,4,0,0	0,0,0,0,0	0,0,0,0,548,6,7,0,0,2,822,0,0,0,940,138	0,0,0,0,0,0,0,0,0,0,6,0,0,0,2,0	3869	149	1
2849	0,447,0,0,0	0,7,0,0,0	0,0,0,0,308,2,10,0,0,4,1046,0,0,0,743,79	0,0,0,0,0,2,0,0,0,0,15,0,0,0,7,0	209	149	1
2853	0,167,0,0,0	0,0,0,0,0	0,0,0,0,108,0,0,0,0,0,196,0,0,0,65,20	0,0,0,0,0,0,0,0,0,0,6,0,0,0,0,0	157	149	1
2854	0,84,0,0,0	0,134,0,0,0	0,0,0,0,104,0,0,0,0,0,96,0,0,0,29,10	0,0,0,0,81,0,0,0,0,0,102,0,0,0,14,4	160	149	1
2855	0,45,0,0,0	0,6,0,0,0	0,0,0,0,39,0,0,0,0,0,35,0,0,0,3,5	0,0,0,0,0,0,0,0,0,0,39,0,0,0,3,0	175	149	1
2856	0,501,0,0,0	0,75,0,0,0	0,0,0,0,304,0,0,0,0,0,478,0,0,0,26,21	0,0,0,0,33,0,0,0,0,0,24,0,0,0,1,1	152	149	1
2857	0,271,0,0,0	0,0,0,0,0	0,0,0,0,574,0,2,0,0,2,234,0,0,0,94,9	0,0,0,0,9,0,0,0,0,0,2,0,0,0,0,0	324	149	1
2858	0,115,0,0,0	0,0,0,0,0	0,0,0,0,388,0,2,0,0,2,601,0,0,0,604,36	0,0,0,0,0,0,0,0,0,0,5,0,0,0,0,0	173	149	1
2860	0,5,0,0,0	0,0,0,0,0	0,0,0,0,0,0,0,0,0,0,5,0,0,0,0,0	0,0,0,0,0,0,0,0,0,0,0,0,0,0,1,0	214	149	1
2861	0,112,0,0,0	0,10,0,0,0	0,0,0,0,68,0,0,0,0,0,148,0,0,0,101,14	0,0,0,0,30,0,0,0,0,0,27,0,0,0,13,0	540	149	1
2864	0,151,0,0,0	0,4,0,0,0	0,0,0,0,184,0,0,0,0,0,980,0,0,0,0,93	0,0,0,0,0,0,0,0,0,0,1,0,0,0,0,1	813	149	1
2865	0,57,0,0,0	0,99,2,0,0	0,0,0,0,51,0,0,0,0,0,78,0,0,0,27,5	0,0,0,0,114,0,0,0,0,0,112,0,0,0,114,13	161	149	1
2866	0,4,0,0,0	0,1413,2,0,0	0,0,0,0,0,0,0,0,0,0,26,0,0,0,21,2	0,0,0,0,1974,0,2,0,0,4,4429,0,0,0,2628,166	172	149	1
2867	0,240,0,0,0	0,0,0,0,0	0,0,0,0,188,0,0,0,0,0,406,0,0,0,240,2	0,0,0,0,0,0,0,0,0,0,0,0,0,0,4,0	176	149	1
2868	0,1774,0,0,0	0,14,0,0,0	0,0,0,0,2204,0,2,0,0,4,5054,0,0,0,2873,187	0,0,0,0,14,0,0,0,0,0,12,0,0,0,37,0	176	149	1
2869	0,54,0,0,0	0,4,0,0,0	0,0,0,0,197,0,0,2,0,4,295,0,0,0,526,93	0,0,0,0,0,0,0,0,0,0,1,0,0,0,0,0	294	149	1
2870	0,52,0,0,0	0,112,0,0,0	0,0,0,0,83,0,0,0,0,0,34,0,0,0,32,15	0,0,0,0,100,0,0,0,2,0,292,0,0,0,96,47	212	149	1
2871	0,6,0,0,0	0,831,14,0,8	0,0,0,0,0,0,0,0,0,0,0,0,0,0,3,0	0,0,0,0,538,2,0,4,2,2,1176,0,0,0,2284,164	193	149	1
2872	0,15452,2,0,6	0,56,0,0,0	0,0,0,0,1440,0,0,2,0,8,4005,0,0,0,1908,179	0,0,0,0,7,0,0,0,0,0,10,0,0,0,13,0	433	149	1
2873	0,19838,4,0,10	0,413,0,0,0	0,0,0,0,2130,0,0,6,0,12,5843,0,0,0,3045,226	0,0,0,0,31,2,0,0,0,0,38,0,0,0,78,7	433	149	1
2874	0,332,0,0,0	0,1,0,0,0	0,0,0,0,606,0,0,2,0,0,2831,0,0,0,821,177	0,0,0,0,0,0,0,0,0,0,36,0,0,0,0,0	235	149	1
2875	0,165,0,0,0	0,5,0,0,0	0,0,0,0,603,0,0,2,2,0,1537,0,0,0,722,176	0,0,0,0,0,0,0,0,0,0,0,0,0,0,0,2	978	149	1
2876	0,0,0,0,0	0,17,0,0,0	0,0,0,0,5,0,0,0,0,0,1,0,0,0,6,0	0,0,0,0,25,0,0,0,0,0,7,0,0,0,10,0	153	149	1
2877	0,43,0,0,0	0,145,0,0,0	0,0,0,0,36,0,0,0,0,0,28,0,0,0,43,16	0,0,0,0,299,2,0,0,1,0,389,0,0,0,82,13	278	149	1
2878	0,60,0,0,0	0,145,0,0,0	0,0,0,0,56,0,0,0,0,0,34,0,0,0,47,16	0,0,0,0,299,2,0,0,1,0,389,0,0,0,82,13	274	149	1
2879	0,0,0,0,0	0,2,0,0,0	0,0,0,0,30,0,0,0,0,0,2,0,0,0,6,0	0,0,0,0,94,0,0,0,0,2,39,0,0,0,65,70	210	149	1
2881	0,11,4,0,0	0,33,0,0,0	0,0,0,0,31,0,0,0,0,0,54,0,0,0,182,18	0,0,0,0,72,2,0,2,0,0,136,0,0,0,196,27	329	149	1
2882	0,95,0,0,0	0,1,0,0,0	0,0,0,0,269,0,0,0,0,0,257,0,0,0,314,12	0,0,0,0,0,0,0,0,0,0,4,0,0,0,0,0	153	149	1
2883	0,187,2,0,0	0,0,0,0,0	0,0,0,0,625,0,4,2,0,0,382,0,0,0,520,54	0,0,0,0,0,0,0,0,0,0,12,0,0,0,4,1	1049	149	1
2884	0,0,0,0,0	0,17,0,0,2	0,0,0,0,20,0,0,0,0,0,0,0,0,0,0,0	0,0,0,0,98,0,0,0,0,0,35,0,0,0,54,7	167	149	1
2887	0,184,0,0,0	0,25,0,0,0	0,0,0,0,342,0,0,0,0,0,760,0,0,0,10,40	0,0,0,0,113,0,0,0,0,0,155,0,0,0,1,8	152	149	1
2888	0,16,0,0,0	0,35,0,0,0	0,0,0,0,51,0,0,0,0,0,55,0,0,0,2,2	0,0,0,0,168,0,0,0,0,0,449,0,0,0,2,12	182	149	1
2889	0,6,0,0,0	0,4,0,0,0	0,0,0,0,124,0,0,0,0,0,104,0,0,0,194,32	0,0,0,0,39,0,0,0,0,0,47,0,0,0,91,21	152	149	1
2890	0,8,0,0,0	0,3,0,0,0	0,0,0,0,23,0,0,0,0,0,0,0,0,0,11,0	0,0,0,0,40,0,0,0,0,0,15,0,0,0,9,0	169	149	1
2891	0,22,0,0,0	0,2,0,0,0	0,0,0,0,21,0,0,0,0,0,0,0,0,0,0,0	0,0,0,0,5,0,0,0,0,0,2,0,0,0,0,0	169	149	1
2894	0,1,0,0,0	0,0,0,0,0	0,0,0,0,38,0,0,0,0,0,3,0,0,0,4,0	0,0,0,0,0,0,0,0,0,0,6,0,0,0,9,0	215	149	1
2895	0,1,0,0,0	0,0,0,0,0	0,0,0,0,38,0,0,0,0,0,3,0,0,0,4,0	0,0,0,0,0,0,0,0,0,0,0,0,0,0,8,0	215	149	1
2900	0,199,0,0,0	0,4251,0,0,0	0,0,0,0,196,0,0,0,0,0,394,0,0,0,12,16	0,0,0,0,4104,0,0,1,4,2,8474,0,0,0,486,254	218	149	1
2902	0,0,0,0,0	0,4,0,0,0	0,0,0,0,0,0,0,0,0,0,2,0,0,0,1,1	0,0,0,0,43,0,0,0,0,0,57,0,0,0,78,29	152	149	1
2903	0,52,0,0,2	0,0,0,0,0	0,0,0,0,68,0,0,0,0,0,140,0,0,0,145,23	0,0,0,0,27,0,0,0,0,0,15,0,0,0,5,7	203	149	1
2905	0,0,0,0,0	0,87,0,0,2	0,0,0,0,0,0,0,0,0,0,1,0,0,0,0,0	0,0,0,0,196,0,2,0,0,2,435,0,0,0,334,13	189	149	1
2918	0,45,2,0,2	0,7,4,0,0	0,0,0,0,111,2,0,2,0,0,33,0,0,0,232,32	0,0,0,0,80,0,0,2,0,0,288,0,0,0,626,8	1372	149	1
2919	0,92,2,0,2	0,7,0,0,0	0,0,0,0,1192,0,0,2,0,0,13,0,0,0,34,13	0,0,0,0,51,0,0,0,0,0,0,0,0,0,0,0	1325	149	1
2921	0,0,0,0,0	0,34,0,0,0	0,0,0,0,4,0,0,0,0,0,9,0,0,0,4,0	0,0,0,0,110,0,0,0,0,0,66,0,0,0,217,7	153	149	1
2924	0,1,0,0,0	0,0,0,0,0	0,0,0,0,0,0,0,0,0,0,0,0,0,0,3,1	0,0,0,0,0,0,0,0,0,0,1,0,0,0,0,0	185	149	1
2925	0,33,0,0,0	0,23,0,0,0	0,0,0,0,40,0,0,0,0,0,7,0,0,0,2,0	0,0,0,0,110,0,0,0,0,0,87,0,0,0,108,2	201	149	1
2926	0,157,2,0,0	0,11,0,0,0	0,0,0,0,759,3,0,0,0,0,489,0,0,0,569,58	0,0,0,0,0,0,0,0,0,0,0,0,0,0,3,0	282	149	1
2927	0,48,0,0,0	0,117,0,0,0	0,0,0,0,113,2,0,0,2,0,12,0,0,0,84,8	0,0,0,0,264,4,2,0,1,0,188,0,0,0,144,15	608	149	1
2928	0,622,0,0,2	0,0,0,0,0	0,0,0,0,2161,0,0,0,0,2,1240,0,0,0,121,37	0,0,0,0,0,0,0,0,0,0,6,0,0,0,0,0	153	149	1
2929	0,750,0,0,2	0,201,0,0,0	0,0,0,0,2572,2,0,0,0,2,1543,0,0,0,330,60	0,0,0,0,782,0,0,0,0,0,604,0,0,0,76,10	202	149	1
2930	0,993,2,0,2	0,35,0,0,0	0,0,0,0,3094,2,0,2,0,2,1963,0,0,0,455,115	0,0,0,0,260,0,0,0,0,0,307,0,0,0,162,8	281	149	1
2931	0,128,0,0,0	0,201,0,0,0	0,0,0,0,411,2,0,0,0,0,309,0,0,0,209,23	0,0,0,0,782,0,0,0,0,0,604,0,0,0,76,10	198	149	1
2932	0,371,2,0,0	0,35,0,0,0	0,0,0,0,933,2,0,2,0,0,729,0,0,0,334,78	0,0,0,0,260,0,0,0,0,0,307,0,0,0,162,8	277	149	1
2933	0,444,2,0,0	0,35,0,0,0	0,0,0,0,1304,0,0,2,0,0,1024,0,0,0,201,65	0,0,0,0,260,0,0,0,0,0,307,0,0,0,162,8	228	149	1
2934	0,697,4,0,0	0,0,0,0,0	0,0,0,0,1241,0,0,0,6,0,703,0,0,0,942,321	0,0,0,0,59,0,0,0,0,0,4,0,0,0,4,0	679	149	1
2935	0,768,4,0,0	0,1558,0,0,14	0,0,0,0,1342,0,0,0,6,0,716,0,0,0,973,329	0,0,0,0,6428,0,0,2,0,4,2873,0,0,0,2530,214	753	149	1
2936	0,71,0,0,0	0,1558,0,0,14	0,0,0,0,160,0,0,0,0,0,17,0,0,0,35,8	0,0,0,0,6428,0,0,2,0,4,2873,0,0,0,2530,214	223	149	1
2937	0,81,2,0,0	0,449,0,0,0	0,0,0,0,101,0,0,0,0,0,22,0,0,0,36,8	0,0,0,0,1214,2,0,2,0,0,1264,0,0,0,285,72	223	149	1
2938	0,1958,2,0,0	0,209,0,0,0	0,0,0,0,5057,0,0,6,0,0,2915,0,0,0,2046,357	0,0,0,0,617,0,0,0,0,0,223,0,0,0,139,23	443	149	1
2939	0,18,0,0,0	0,1752,10,0,0	0,0,0,0,74,0,0,0,0,0,67,0,0,0,41,2	0,0,0,0,4203,4,0,12,0,0,2681,0,0,0,1563,321	160	149	1
2940	0,7,0,0,0	0,2,0,0,0	0,0,0,0,2,0,0,0,0,0,12,0,0,0,0,7	0,0,0,0,44,0,0,0,0,0,6,0,0,0,0,0	152	149	1
2949	0,10,0,0,0	0,776,0,0,0	0,0,0,0,35,0,0,0,0,0,65,0,0,0,16,12	0,0,0,0,1797,0,0,4,2,0,3184,0,0,0,681,535	233	149	1
2952	0,8,0,0,0	0,93,0,0,0	0,0,0,0,6,0,0,0,0,0,7,0,0,0,6,0	0,0,0,0,42,0,0,0,0,0,54,0,0,0,14,14	199	149	1
2953	0,3,0,0,0	0,32,0,0,0	0,0,0,0,17,0,0,0,0,0,1,0,0,0,3,1	0,0,0,0,48,0,0,0,0,0,87,0,0,0,16,2	194	149	1
2955	0,303,0,0,0	0,23,0,0,0	0,0,0,0,337,0,2,0,0,0,130,0,0,0,85,35	0,0,0,0,17,0,0,0,0,0,9,0,0,0,0,0	263	149	1
2966	0,5,0,0,0	0,14,0,0,0	0,0,0,0,0,0,0,0,0,0,11,0,0,0,0,6	0,0,0,0,27,0,0,0,0,0,46,0,0,0,22,11	181	149	1
2967	0,0,0,0,0	0,11,0,0,0	0,0,0,0,8,0,0,2,0,0,16,0,0,0,6,0	0,0,0,0,61,0,0,0,0,0,77,0,0,0,64,9	178	149	1
2968	0,6,0,0,0	0,25,0,0,0	0,0,0,0,16,0,0,0,0,0,13,0,0,0,10,0	0,0,0,0,90,0,0,0,0,0,152,0,0,0,52,8	152	149	1
2969	0,4,0,0,0	0,0,0,0,0	0,0,0,0,0,0,0,0,0,0,8,0,0,0,17,1	0,0,0,0,25,0,0,0,0,0,28,0,0,0,2,2	229	149	1
2970	0,188,0,0,0	0,0,0,0,0	0,0,0,0,172,0,0,2,0,0,288,0,0,0,105,8	0,0,0,0,0,0,0,0,0,0,1,0,0,0,0,0	291	149	1
2971	0,184,0,0,0	0,0,0,0,0	0,0,0,0,197,0,0,2,0,0,308,0,0,0,90,9	0,0,0,0,0,0,0,0,0,0,1,0,0,0,0,0	211	149	1
2972	0,4,0,0,0	0,500,0,0,0	0,0,0,0,0,0,0,0,0,0,12,0,0,0,17,1	0,0,0,0,520,4,0,0,0,0,1090,0,0,0,676,184	229	149	1
2973	0,188,0,0,0	0,2,0,0,0	0,0,0,0,172,0,0,2,0,0,292,0,0,0,105,8	0,0,0,0,3,0,0,0,0,0,3,0,0,0,4,3	291	149	1
2974	0,684,0,0,0	0,2,0,0,0	0,0,0,0,692,4,0,2,0,0,1370,0,0,0,764,191	0,0,0,0,3,0,0,0,0,0,3,0,0,0,4,3	211	149	1
2979	0,152,0,0,0	0,6,0,0,0	0,0,0,0,123,0,0,0,0,0,162,0,0,0,67,9	0,0,0,0,0,0,0,0,0,0,1,0,0,0,0,0	160	149	1
2980	0,109,0,0,0	0,0,0,0,0	0,0,0,0,46,0,0,0,0,0,170,0,0,0,75,10	0,0,0,0,8,0,0,0,0,0,0,0,0,0,0,0	227	149	1
2982	0,7,0,0,0	0,4,0,0,0	0,0,0,0,0,0,0,0,0,0,15,0,0,0,20,4	0,0,0,0,7,0,0,0,0,0,6,0,0,0,22,0	166	149	1
2984	0,2,0,0,0	0,10,0,0,0	0,0,0,0,0,0,0,0,0,0,0,0,0,0,0,0	0,0,0,0,0,0,0,0,0,0,4,0,0,0,3,0	183	149	1
2985	0,5,0,0,0	0,4,0,0,0	0,0,0,0,4,0,0,0,0,0,11,0,0,0,0,0	0,0,0,0,0,0,0,0,0,0,0,0,0,0,0,0	182	149	1
2986	0,306,0,0,2	0,8727,0,0,4	0,0,0,0,258,2,0,0,0,0,68,0,0,0,211,39	0,0,0,0,5295,0,0,28,10,12,7206,0,0,0,7908,2043	426	149	1
2987	0,23,0,0,0	0,2,0,0,0	0,0,0,0,57,0,0,0,0,0,15,0,0,0,6,1	0,0,0,0,7,0,0,0,0,0,27,0,0,0,0,5	167	149	1
2988	0,4456,8,0,8	0,0,0,0,0	0,0,0,0,6616,10,14,31,0,0,7839,0,0,0,5306,1057	0,0,0,0,0,0,0,0,0,0,4,0,0,0,0,0	225	149	1
2989	0,11422,8,0,12	0,0,0,0,0	0,0,0,0,18059,12,14,82,4,14,21607,0,0,0,12282,5101	0,0,0,0,0,0,0,0,0,0,5,0,0,0,0,0	225	149	1
2990	0,11886,2,0,2	0,0,0,0,0	0,0,0,0,23077,6,0,85,6,8,25060,0,0,0,10590,4458	0,0,0,0,0,0,0,0,0,0,0,0,0,0,0,4	281	149	1
2993	0,339,0,0,0	0,55,0,0,0	0,0,0,0,700,0,0,2,0,0,2019,0,0,0,153,66	0,0,0,0,81,0,0,0,0,0,186,0,0,0,5,5	739	149	1
2994	0,106,0,0,0	0,0,0,0,0	0,0,0,0,267,0,0,0,0,0,638,0,0,0,174,37	0,0,0,0,0,0,0,0,0,0,0,0,0,0,1,0	184	149	1
2995	0,34,0,0,0	0,17,0,0,0	0,0,0,0,61,0,0,0,0,0,15,0,0,0,10,0	0,0,0,0,4,0,0,0,0,0,12,0,0,0,0,2	161	149	1
2996	0,3,0,0,0	0,0,0,0,0	0,0,0,0,54,4,0,0,0,0,20,0,0,0,185,30	0,0,0,0,0,0,0,0,0,0,0,0,0,0,4,1	926	149	1
2997	0,3,0,0,0	0,7,0,0,0	0,0,0,0,54,4,0,0,0,0,18,0,0,0,185,30	0,0,0,0,0,0,0,0,0,0,16,0,0,0,6,5	926	149	1
2999	0,106,0,0,0	0,1581,0,0,0	0,0,0,0,110,0,0,0,0,0,101,0,0,0,2,31	0,0,0,0,2016,0,0,3,0,2,3253,0,0,0,10,325	189	149	1
3000	0,22,0,0,0	0,2367,0,0,4	0,0,0,0,15,0,0,0,0,0,42,0,0,0,0,10	0,0,0,0,2743,0,0,3,2,2,3963,0,0,0,304,1224	162	149	1
3001	0,0,0,0,0	0,32,0,0,0	0,0,0,0,13,0,0,0,0,0,5,0,0,0,0,1	0,0,0,0,0,0,0,0,0,0,11,0,0,0,0,10	162	149	1
3002	0,2324,0,0,4	0,107,0,0,0	0,0,0,0,2600,0,0,0,2,2,3727,0,0,0,312,619	0,0,0,0,159,0,0,0,0,0,145,0,0,0,0,20	168	149	1
3003	0,3694,0,0,0	0,7,0,0,0	0,0,0,0,3277,0,0,10,3,0,4528,0,0,0,84,578	0,0,0,0,26,0,0,0,0,0,38,0,0,0,0,3	155	149	1
3004	0,8,0,0,0	0,0,0,0,0	0,0,0,0,106,0,0,0,0,0,30,0,0,0,0,0	0,0,0,0,10,0,0,0,0,0,0,0,0,0,0,0	222	149	1
3005	0,30,0,0,0	0,0,0,0,0	0,0,0,0,111,0,0,0,0,0,159,0,0,0,14,7	0,0,0,0,0,0,0,0,0,0,3,0,0,0,3,0	152	149	1
3007	0,5,0,0,0	0,16,0,0,0	0,0,0,0,0,0,0,0,0,0,36,0,0,0,51,30	0,0,0,0,0,0,0,0,0,0,71,0,0,0,45,30	170	149	1
3013	0,3,0,0,0	0,1,0,0,0	0,0,0,0,0,0,0,0,0,0,0,0,0,0,4,0	0,0,0,0,10,0,0,0,0,0,2,0,0,0,0,0	162	149	1
3014	0,3,0,0,0	0,0,0,0,0	0,0,0,0,0,0,0,0,0,0,0,0,0,0,2,0	0,0,0,0,0,0,0,0,0,0,0,0,0,0,3,0	162	149	1
3015	0,3,0,0,0	0,10,0,0,0	0,0,0,0,0,0,0,0,0,0,2,0,0,0,9,2	0,0,0,0,0,0,0,0,0,0,0,0,0,0,11,3	162	149	1
3017	0,10,0,0,0	0,4,0,0,0	0,0,0,0,47,0,0,0,0,0,17,0,0,0,10,1	0,0,0,0,0,0,0,0,0,0,6,0,0,0,9,0	152	149	1
3019	0,4,6,0,0	0,0,0,0,0	0,0,0,0,142,0,4,0,0,0,149,0,0,0,336,11	0,0,0,0,0,0,0,0,0,0,0,0,0,0,3,0	190	149	1
3020	0,83,0,0,0	0,4,0,0,0	0,0,0,0,111,0,2,0,2,0,60,0,0,0,25,11	0,0,0,0,0,0,0,0,0,0,15,0,0,0,0,5	218	149	1
3021	0,267,0,0,0	0,15,0,0,0	0,0,0,0,496,0,0,0,0,0,221,0,0,0,19,78	0,0,0,0,66,0,0,0,0,0,6,0,0,0,0,0	408	149	1
3022	0,75,0,0,0	0,0,0,0,0	0,0,0,0,215,0,0,0,0,0,67,0,0,0,9,31	0,0,0,0,7,0,0,0,0,0,0,0,0,0,0,0	254	149	1
3024	0,0,0,0,0	0,8,0,0,0	0,0,0,0,20,0,0,0,0,0,3,0,0,0,0,0	0,0,0,0,50,2,2,0,0,0,177,0,0,0,114,58	229	149	1
3025	0,0,0,0,0	0,165,2,0,0	0,0,0,0,40,0,0,2,2,0,12,0,0,0,4,7	0,0,0,0,815,0,2,6,0,2,2433,0,0,0,1914,362	298	149	1
3026	0,95,0,0,0	0,2,0,0,0	0,0,0,0,592,2,0,0,0,2,769,0,0,0,509,25	0,0,0,0,9,0,0,0,0,0,11,0,0,0,0,0	269	149	1
3027	0,131,0,0,0	0,0,0,0,0	0,0,0,0,602,2,0,0,0,2,752,0,0,0,571,28	0,0,0,0,13,0,0,0,0,0,0,0,0,0,0,0	534	149	1
3032	0,31,0,0,0	0,445,0,0,0	0,0,0,0,147,0,0,0,0,0,239,0,0,0,91,7	0,0,0,0,948,0,0,6,0,2,1905,0,0,0,1012,10	152	149	1
3034	0,0,0,0,0	0,117,0,0,0	0,0,0,0,7,0,0,0,0,0,5,0,0,0,5,0	0,0,0,0,321,0,0,0,0,0,356,0,0,0,478,38	168	149	1
3036	0,50,0,0,0	0,0,0,0,0	0,0,0,0,155,0,0,0,0,0,874,0,0,0,61,22	0,0,0,0,0,0,0,0,0,0,27,0,0,0,0,0	152	149	1
3040	0,244,2,0,2	0,0,0,0,0	0,0,0,0,1329,4,0,6,2,0,1815,0,0,0,1939,588	0,0,0,0,35,0,0,0,0,0,12,0,0,0,22,2	152	149	1
3041	0,7,0,0,0	0,6,0,0,0	0,0,0,0,78,0,0,0,0,0,11,0,0,0,69,4	0,0,0,0,0,0,0,0,0,0,1,0,0,0,1,0	576	149	1
3042	0,7,0,0,0	0,70,0,0,0	0,0,0,0,78,0,0,0,0,0,9,0,0,0,69,4	0,0,0,0,337,0,0,0,0,0,561,0,0,0,270,20	576	149	1
3044	0,855,8,0,0	0,6,0,0,0	0,0,0,0,2767,4,4,14,2,4,3600,0,0,0,3540,272	0,0,0,0,0,0,0,0,0,0,5,0,0,0,0,0	290	149	1
3045	0,45,0,0,0	0,0,0,0,0	0,0,0,0,278,0,2,0,4,2,244,0,0,0,165,12	0,0,0,0,7,0,0,0,2,0,14,0,0,0,12,2	191	149	1
3046	0,5,0,0,0	0,0,0,0,0	0,0,0,0,114,0,0,0,0,2,56,0,0,0,71,8	0,0,0,0,0,0,0,0,0,0,2,0,0,0,0,0	191	149	1
3047	0,161,0,0,0	0,35,0,0,2	0,0,0,0,363,0,2,0,0,0,228,0,0,0,145,44	0,0,0,0,57,0,0,4,0,0,355,0,0,0,473,58	203	149	1
3048	0,41,0,0,0	0,0,0,0,0	0,0,0,0,201,0,0,0,0,0,130,0,0,0,175,44	0,0,0,0,0,0,0,0,0,0,1,0,0,0,0,0	244	149	1
3053	0,0,0,0,0	0,183,2,0,0	0,0,0,0,2,0,0,0,0,0,26,0,0,0,0,2	0,0,0,0,613,0,0,0,0,0,1391,0,0,0,138,19	167	149	1
3057	0,84,0,0,2	0,1,0,0,0	0,0,0,0,692,0,0,0,0,0,766,0,0,0,16,6	0,0,0,0,14,0,0,0,0,0,26,0,0,0,0,0	269	149	1
3063	0,12,0,0,2	0,0,0,0,0	0,0,0,0,47,0,0,0,0,0,20,0,0,0,43,28	0,0,0,0,0,0,0,0,0,0,3,0,0,0,0,0	155	149	1
3064	0,0,0,0,0	0,42,4,0,0	0,0,0,0,0,0,0,0,0,0,0,0,0,0,4,0	0,0,0,0,259,0,4,0,0,2,294,0,0,0,105,52	168	149	1
3066	0,9,0,0,0	0,58,0,0,0	0,0,0,0,36,0,0,0,0,0,1,0,0,0,22,0	0,0,0,0,106,0,0,2,0,0,89,0,0,0,103,21	388	149	1
3067	0,500,0,0,0	0,2,0,0,0	0,0,0,0,2034,0,0,0,0,0,908,0,0,0,196,1	0,0,0,0,0,0,0,0,0,0,4,0,0,0,0,0	333	149	1
3068	0,219,2,0,0	0,0,0,0,0	0,0,0,0,974,0,2,4,0,2,1339,0,0,0,6248,720	0,0,0,0,0,0,0,0,0,0,0,0,0,0,15,17	249	149	1
3070	0,8,0,0,0	0,261,0,0,0	0,0,0,0,0,0,0,0,0,0,27,0,0,0,27,75	0,0,0,0,321,0,0,1,2,2,1286,0,0,0,2880,1404	214	149	1
3071	0,8,0,0,0	0,0,0,0,0	0,0,0,0,48,0,0,0,0,0,35,0,0,0,5,4	0,0,0,0,12,0,0,0,0,0,0,0,0,0,0,0	154	149	1
3072	0,1,0,0,0	0,0,0,0,0	0,0,0,0,0,0,0,0,0,0,0,0,0,0,0,0	0,0,0,0,0,0,0,0,0,0,0,0,0,0,0,2	184	149	1
3074	0,0,0,0,0	0,115,0,0,0	0,0,0,0,0,0,0,0,0,0,4,0,0,0,0,0	0,0,0,0,138,0,0,0,0,0,231,0,0,0,15,14	168	149	1
3075	0,3,0,0,0	0,12,0,0,0	0,0,0,0,14,0,0,0,0,0,4,0,0,0,4,2	0,0,0,0,42,0,0,0,0,0,59,0,0,0,20,3	154	149	1
3078	0,1,0,0,0	0,0,0,0,0	0,0,0,0,0,0,0,0,0,0,0,0,0,0,0,0	0,0,0,0,0,0,0,0,0,0,1,0,0,0,0,0	158	149	1
3082	0,15,14,0,0	0,0,0,0,0	0,0,0,0,296,2,8,2,2,0,681,0,0,0,1391,137	0,0,0,0,0,0,0,0,0,0,2,0,0,0,0,0	293	149	1
3083	0,3,0,0,0	0,264,0,0,0	0,0,0,0,0,2,2,0,0,0,12,0,0,0,12,2	0,0,0,0,512,0,0,0,0,0,980,0,0,0,537,61	196	149	1
3085	0,16,0,0,0	0,0,0,0,0	0,0,0,0,207,0,0,0,0,0,158,0,0,0,442,6	0,0,0,0,7,0,0,0,0,0,0,0,0,0,0,0	213	149	1
3087	0,6,0,0,2	0,18,0,0,0	0,0,0,0,54,0,0,0,0,2,125,0,0,0,93,17	0,0,0,0,28,0,0,0,0,0,98,0,0,0,92,12	152	149	1
3089	0,14,0,0,0	0,2,0,0,0	0,0,0,0,0,0,0,0,0,0,1,0,0,0,0,1	0,0,0,0,0,0,0,0,0,0,2,0,0,0,0,0	178	149	1
3090	0,0,0,0,0	0,140,0,0,0	0,0,0,0,0,0,0,0,0,0,1,0,0,0,0,1	0,0,0,0,364,0,0,2,0,0,402,0,0,0,174,17	178	149	1
3091	0,102,0,0,0	0,7,0,0,0	0,0,0,0,292,0,0,4,2,0,347,0,0,0,60,32	0,0,0,0,0,0,0,0,0,0,0,0,0,0,0,0	172	149	1
3092	0,15,0,0,0	0,282,0,0,0	0,0,0,0,45,0,0,0,0,0,2,0,0,0,0,10	0,0,0,0,248,0,0,0,0,0,346,0,0,0,34,15	378	149	1
3094	0,0,0,0,0	0,5,0,0,0	0,0,0,0,25,0,0,0,0,0,15,0,0,0,5,0	0,0,0,0,11,0,0,0,0,0,19,0,0,0,0,2	152	149	1
3095	0,6,0,0,0	0,0,0,0,0	0,0,0,0,157,0,0,0,0,0,212,0,0,0,120,52	0,0,0,0,30,0,0,0,0,0,26,0,0,0,25,12	230	149	1
3096	0,6,0,0,0	0,0,0,0,0	0,0,0,0,22,0,0,0,0,0,63,0,0,0,18,6	0,0,0,0,33,0,0,0,0,0,54,0,0,0,53,5	152	149	1
3098	0,0,0,0,0	0,6,0,0,0	0,0,0,0,0,0,0,0,0,0,6,0,0,0,25,0	0,0,0,0,22,0,0,0,0,0,63,0,0,0,18,6	161	149	1
3099	0,103,0,0,0	0,9,0,0,0	0,0,0,0,1099,0,0,0,0,0,525,0,0,0,4,5	0,0,0,0,8,0,0,0,0,0,2,0,0,0,0,0	955	149	1
3101	0,69,0,0,0	0,316,0,0,0	0,0,0,0,235,0,0,0,0,0,66,0,0,0,87,21	0,0,0,0,665,0,0,0,0,2,915,0,0,0,231,49	805	149	1
3102	0,589,0,0,0	0,0,0,0,0	0,0,0,0,1625,2,2,0,0,2,861,0,0,0,418,47	0,0,0,0,21,0,0,0,0,0,0,0,0,0,0,1	1198	149	1
3103	0,257,0,0,0	0,2,0,0,0	0,0,0,0,730,2,2,0,0,2,711,0,0,0,246,18	0,0,0,0,21,0,0,0,0,0,1,0,0,0,0,0	156	149	1
3104	0,542,0,0,0	0,0,0,0,0	0,0,0,0,762,0,0,0,2,0,669,0,0,0,248,61	0,0,0,0,0,0,0,0,0,0,12,0,0,0,8,0	161	149	1
3106	0,8,0,0,0	0,0,0,0,0	0,0,0,0,0,0,0,0,0,0,1,0,0,0,72,1	0,0,0,0,0,0,0,0,0,0,0,0,0,0,0,1	181	149	1
3107	0,175,2,0,0	0,317,0,0,0	0,0,0,0,386,0,0,0,0,0,202,0,0,0,263,177	0,0,0,0,941,4,2,0,0,0,1171,0,0,0,1302,529	293	149	1
3112	0,30,0,0,0	0,110,2,0,0	0,0,0,0,568,0,0,0,0,0,380,0,0,0,232,20	0,0,0,0,570,0,0,0,0,0,597,0,0,0,314,39	152	149	1
3113	0,4,0,0,0	0,110,2,0,0	0,0,0,0,53,0,2,2,0,0,12,0,0,0,11,6	0,0,0,0,570,0,0,0,0,0,597,0,0,0,314,39	325	149	1
3114	0,4,0,0,0	0,30,0,0,0	0,0,0,0,48,0,2,2,0,0,11,0,0,0,11,3	0,0,0,0,563,0,0,0,0,0,379,0,0,0,232,17	322	149	1
3128	0,0,0,0,0	0,25,0,0,0	0,0,0,0,13,0,0,0,0,0,14,0,0,0,17,0	0,0,0,0,127,0,0,0,0,0,58,0,0,0,113,15	177	149	1
3129	0,52,0,0,0	0,0,0,0,0	0,0,0,0,96,2,0,0,0,0,68,0,0,0,86,21	0,0,0,0,7,0,0,0,0,0,6,0,0,0,0,3	269	149	1
3130	0,43,0,0,0	0,9,0,0,0	0,0,0,0,37,0,0,0,0,0,83,0,0,0,116,11	0,0,0,0,7,0,0,0,0,0,0,0,0,0,3,0	235	149	1
3141	0,536,0,0,0	0,0,0,0,0	0,0,0,0,520,0,0,0,0,0,407,0,0,0,92,41	0,0,0,0,18,0,0,0,0,0,0,0,0,0,2,0	226	149	1
3142	0,257,0,0,0	0,0,0,0,0	0,0,0,0,193,0,0,0,0,0,215,0,0,0,18,13	0,0,0,0,18,0,0,0,0,0,0,0,0,0,2,0	266	149	1
3143	0,23,0,0,0	0,302,0,0,0	0,0,0,0,6,0,0,0,0,0,11,0,0,0,0,0	0,0,0,0,333,0,0,0,0,0,203,0,0,0,74,28	189	149	1
3144	0,322,0,0,0	0,220,0,0,0	0,0,0,0,732,0,0,0,0,0,268,0,0,0,50,53	0,0,0,0,129,0,0,0,0,0,208,0,0,0,88,19	1060	149	1
3145	0,5,0,0,0	0,0,0,0,0	0,0,0,0,64,0,0,0,0,0,2,0,0,0,0,1	0,0,0,0,0,0,0,0,0,0,6,0,0,0,0,0	177	149	1
3146	0,39,0,0,0	0,0,0,0,0	0,0,0,0,90,0,0,0,0,0,37,0,0,0,4,4	0,0,0,0,0,0,0,0,0,0,6,0,0,0,0,0	212	149	1
3147	0,34,0,0,0	0,0,0,0,0	0,0,0,0,64,0,0,0,0,0,35,0,0,0,4,3	0,0,0,0,38,0,0,0,0,0,0,0,0,0,0,0	184	149	1
3148	0,161,0,0,0	0,220,0,0,0	0,0,0,0,426,0,0,0,0,0,136,0,0,0,22,22	0,0,0,0,179,0,0,0,0,0,217,0,0,0,104,27	723	149	1
3151	0,144,0,0,0	0,2,0,0,0	0,0,0,0,566,2,0,2,0,2,467,0,0,0,415,49	0,0,0,0,0,0,0,0,0,0,0,0,0,0,0,0	309	149	1
3152	0,4,0,0,0	0,0,0,0,0	0,0,0,0,24,0,0,0,0,0,7,0,0,0,20,0	0,0,0,0,0,0,0,0,0,0,0,0,0,0,0,2	239	149	1
3153	0,117,0,0,0	0,0,0,0,0	0,0,0,0,488,0,0,2,0,4,382,0,0,0,361,29	0,0,0,0,0,0,0,0,0,0,0,0,0,0,0,2	476	149	1
3155	0,0,0,0,0	0,1,0,0,0	0,0,0,0,3,0,0,0,0,0,7,0,0,0,10,0	0,0,0,0,37,0,0,0,0,0,13,0,0,0,53,18	175	149	1
3161	0,36,0,0,0	0,315,0,0,0	0,0,0,0,78,0,0,0,0,0,38,0,0,0,0,0	0,0,0,0,264,0,0,0,0,0,398,0,0,0,26,15	165	149	1
3163	0,7,0,0,0	0,11,0,0,0	0,0,0,0,27,0,0,0,0,0,36,0,0,0,86,4	0,0,0,0,19,2,0,0,0,0,36,0,0,0,82,17	152	149	1
3164	0,40,0,0,0	0,7,0,0,0	0,0,0,0,34,0,0,0,0,4,50,0,0,0,0,0	0,0,0,0,22,0,0,0,0,0,39,0,0,0,0,0	152	149	1
3165	0,30,0,0,0	0,0,0,0,0	0,0,0,0,3,0,0,0,0,0,34,0,0,0,0,1	0,0,0,0,0,0,0,0,0,0,3,0,0,0,13,0	152	149	1
3166	0,34,0,0,0	0,483,0,0,2	0,0,0,0,6,0,0,0,0,0,66,0,0,0,5,2	0,0,0,0,523,0,0,2,0,2,2043,0,0,0,453,86	174	149	1
3167	0,4,0,0,0	0,483,0,0,2	0,0,0,0,3,0,0,0,0,0,35,0,0,0,18,1	0,0,0,0,523,0,0,2,0,2,2043,0,0,0,453,86	171	149	1
3168	0,75,0,0,2	0,0,0,0,0	0,0,0,0,976,0,0,0,2,2,632,0,0,0,544,65	0,0,0,0,17,0,0,0,0,0,6,0,0,0,8,0	152	149	1
3171	0,9,0,0,0	0,11,0,0,0	0,0,0,0,32,0,0,0,0,0,74,0,0,0,6,79	0,0,0,0,36,0,0,0,0,0,32,0,0,0,0,29	152	149	1
3173	0,0,0,0,0	0,278,0,0,2	0,0,0,0,32,0,0,0,0,0,0,0,0,0,3,0	0,0,0,0,2237,0,0,0,0,2,1652,0,0,0,309,74	208	149	1
3175	0,0,0,0,0	0,10,0,0,0	0,0,0,0,0,0,0,0,0,0,12,0,0,0,21,6	0,0,0,0,28,0,0,0,8,0,18,0,0,0,16,4	152	149	1
3179	0,0,0,0,0	0,11,0,0,0	0,0,0,0,12,0,0,0,0,0,1,0,0,0,17,0	0,0,0,0,204,0,0,0,0,0,237,0,0,0,140,7	245	149	1
3180	0,2,0,0,0	0,0,0,0,0	0,0,0,0,29,0,0,0,0,0,51,0,0,0,20,0	0,0,0,0,16,0,0,0,0,0,0,0,0,0,0,0	155	149	1
3183	0,8,0,0,0	0,0,0,0,0	0,0,0,0,205,1,0,0,0,2,84,0,0,0,307,23	0,0,0,0,16,0,0,0,0,0,10,0,0,0,26,0	167	149	1
3184	0,6,0,0,0	0,0,0,0,0	0,0,0,0,128,0,0,0,0,0,37,0,0,0,272,14	0,0,0,0,16,0,0,0,0,0,10,0,0,0,26,0	219	149	1
3185	0,6,0,0,0	0,8,0,0,0	0,0,0,0,117,0,0,0,0,0,30,0,0,0,239,12	0,0,0,0,194,1,0,0,0,2,77,0,0,0,274,21	201	149	1
3186	0,3,0,0,0	0,28,0,0,2	0,0,0,0,153,0,0,0,0,0,13,0,0,0,12,6	0,0,0,0,318,0,0,0,0,2,805,0,0,0,129,28	507	149	1
3187	0,71,0,0,0	0,0,0,0,0	0,0,0,0,581,2,0,0,0,0,1114,0,0,0,185,34	0,0,0,0,36,0,0,0,0,0,6,0,0,0,0,0	213	149	1
3191	0,0,0,0,0	0,31,0,0,2	0,0,0,0,27,0,0,0,0,0,1,0,0,0,5,0	0,0,0,0,70,0,0,0,0,0,28,0,0,0,21,6	211	149	1
3192	0,1639,0,0,2	0,33,0,0,0	0,0,0,0,1067,0,0,0,10,6,1494,0,0,0,416,138	0,0,0,0,52,0,0,0,0,0,29,0,0,0,25,3	173	149	1
3193	0,68,2,0,0	0,5,0,0,0	0,0,0,0,367,0,0,0,0,0,359,0,0,0,159,14	0,0,0,0,62,0,0,0,0,0,46,0,0,0,12,0	152	149	1
3194	0,13,0,0,0	0,8,0,0,0	0,0,0,0,247,0,2,0,0,2,144,0,0,0,59,13	0,0,0,0,61,2,0,0,0,0,83,0,0,0,23,3	152	149	1
3195	0,41,0,0,0	0,38,0,0,0	0,0,0,0,164,0,0,0,0,0,96,0,0,0,41,7	0,0,0,0,246,0,0,0,2,2,247,0,0,0,78,15	152	149	1
3200	0,26,0,0,0	0,13,0,0,0	0,0,0,0,106,0,2,0,0,0,85,0,0,0,128,2	0,0,0,0,11,0,0,0,0,0,12,0,0,0,44,0	312	149	1
3206	0,0,0,0,0	0,29,0,0,0	0,0,0,0,40,0,0,0,0,0,4,0,0,0,11,3	0,0,0,0,152,0,0,0,2,0,130,0,0,0,19,11	189	149	1
3207	0,0,0,0,0	0,74,2,0,2	0,0,0,0,0,0,0,0,0,0,27,0,0,0,21,0	0,0,0,0,700,4,0,4,0,0,828,0,0,0,743,99	171	149	1
3208	0,254,2,0,2	0,110,0,0,0	0,0,0,0,741,0,0,4,0,2,724,0,0,0,691,50	0,0,0,0,139,0,0,0,4,0,154,0,0,0,126,8	152	149	1
3209	0,21,0,0,2	0,97,0,0,0	0,0,0,0,218,0,0,0,6,0,132,0,0,0,50,17	0,0,0,0,741,0,0,0,3,6,513,0,0,0,79,25	185	149	1
3210	0,3,0,0,0	0,0,0,0,0	0,0,0,0,90,0,0,0,0,0,40,0,0,0,13,1	0,0,0,0,15,0,0,0,0,0,2,0,0,0,11,0	185	149	1
3211	0,18,0,0,0	0,17,0,0,0	0,0,0,0,0,0,0,0,0,0,5,0,0,0,0,0	0,0,0,0,0,0,0,0,0,0,0,0,0,0,0,0	187	149	1
3214	0,397,0,0,4	0,9,0,0,0	0,0,0,0,1625,0,2,0,0,0,1533,0,0,0,721,23	0,0,0,0,8,0,0,0,0,0,14,0,0,0,6,0	189	149	1
3215	0,0,0,0,0	0,123,4,0,6	0,0,0,0,0,0,0,0,0,0,4,0,0,0,40,1	0,0,0,0,718,0,2,4,0,2,1028,0,0,0,1098,197	177	149	1
3216	0,1506,14,0,6	0,40,0,0,0	0,0,0,0,1173,12,16,18,0,2,1981,0,0,0,2378,75	0,0,0,0,22,0,0,0,0,0,23,0,0,0,18,0	156	149	1
3217	0,1277,0,0,0	0,0,0,0,0	0,0,0,0,1290,0,0,2,0,0,2162,0,0,0,255,62	0,0,0,0,0,0,0,0,0,0,3,0,0,0,0,0	309	149	1
3218	0,25,0,0,0	0,948,0,0,0	0,0,0,0,22,0,0,0,0,0,45,0,0,0,23,0	0,0,0,0,676,0,0,0,0,0,1781,0,0,0,176,21	167	149	1
3219	0,308,0,0,0	0,358,0,0,0	0,0,0,0,173,0,0,0,0,0,405,0,0,0,16,4	0,0,0,0,521,0,0,0,0,0,1591,0,0,0,293,18	173	149	1
3220	0,39,0,0,0	0,0,0,0,0	0,0,0,0,39,0,0,0,0,0,61,0,0,0,0,0	0,0,0,0,0,0,0,0,0,0,20,0,0,0,0,0	173	149	1
3221	0,44,0,0,0	0,0,0,0,0	0,0,0,0,47,0,0,0,0,0,51,0,0,0,53,21	0,0,0,0,0,0,0,0,0,0,0,0,0,0,0,1	372	149	1
3225	0,1,0,0,0	0,0,0,0,0	0,0,0,0,38,4,0,0,0,0,24,0,0,0,106,11	0,0,0,0,0,0,0,0,0,0,0,0,0,0,28,6	187	149	1
3227	0,4,0,0,0	0,50,0,0,0	0,0,0,0,0,0,0,0,0,0,3,0,0,0,11,3	0,0,0,0,158,4,0,0,0,0,171,0,0,0,208,21	239	149	1
3229	0,44,0,0,0	0,17,0,0,0	0,0,0,0,253,0,0,0,6,0,53,0,0,0,49,0	0,0,0,0,55,0,0,0,0,0,27,0,0,0,13,1	225	149	1
3230	0,5,0,0,0	0,0,0,0,0	0,0,0,0,28,0,0,0,0,0,17,0,0,0,6,1	0,0,0,0,0,0,0,0,0,0,2,0,0,0,0,0	152	149	1
3231	0,17,0,0,0	0,69,0,0,0	0,0,0,0,77,0,0,0,0,0,8,0,0,0,5,0	0,0,0,0,250,0,0,0,0,0,48,0,0,0,1,0	173	149	1
3232	0,5,0,0,0	0,0,0,0,0	0,0,0,0,17,0,0,0,0,0,8,0,0,0,1,0	0,0,0,0,0,0,0,0,0,0,0,0,0,0,8,0	152	149	1
3233	0,13,0,0,0	0,24,0,0,0	0,0,0,0,13,0,0,0,0,0,2,0,0,0,4,0	0,0,0,0,0,0,0,0,0,0,6,0,0,0,0,0	173	149	1
3236	0,23,0,0,2	0,0,0,0,0	0,0,0,0,83,0,0,0,0,0,121,0,0,0,201,36	0,0,0,0,0,0,0,0,0,0,12,0,0,0,17,4	167	149	1
3237	0,4,0,0,0	0,0,0,0,0	0,0,0,0,124,0,0,0,2,0,86,0,0,0,172,52	0,0,0,0,0,0,0,0,0,0,0,0,0,0,0,1	152	149	1
3239	0,16,0,0,0	0,14,0,0,0	0,0,0,0,68,0,0,0,0,0,42,0,0,0,0,2	0,0,0,0,100,0,0,0,0,0,136,0,0,0,1,9	186	149	1
3240	0,44,0,0,0	0,53,0,0,0	0,0,0,0,53,0,0,0,0,0,40,0,0,0,2,1	0,0,0,0,182,0,0,0,0,0,303,0,0,0,3,1	648	149	1
3241	0,145,0,0,0	0,18,0,0,0	0,0,0,0,260,0,0,0,0,0,509,0,0,0,13,9	0,0,0,0,45,0,0,0,0,0,136,0,0,0,28,6	834	149	1
3242	0,13,0,0,0	0,7,0,0,0	0,0,0,0,61,0,0,0,0,0,65,0,0,0,119,3	0,0,0,0,41,0,0,0,0,0,64,0,0,0,108,5	161	149	1
3244	0,24,0,0,0	0,0,0,0,0	0,0,0,0,6,0,0,0,0,0,5,0,0,0,21,0	0,0,0,0,0,0,0,0,0,0,0,0,0,0,0,1	239	149	1
3250	0,0,2,0,0	0,20,4,0,6	0,0,0,0,0,0,0,0,0,0,7,0,0,0,4,2	0,0,0,0,110,0,0,2,0,2,399,0,0,0,639,11	184	149	1
3251	0,24,2,0,2	0,0,0,0,0	0,0,0,0,72,0,0,0,0,2,542,0,0,0,808,17	0,0,0,0,0,0,0,0,0,0,4,0,0,0,3,0	154	149	1
3252	0,4,2,0,2	0,0,0,0,0	0,0,0,0,4,0,0,0,0,0,35,0,0,0,52,3	0,0,0,0,0,0,0,0,0,0,4,0,0,0,3,0	172	149	1
3253	0,0,2,0,2	0,20,2,0,2	0,0,0,0,0,0,0,0,0,0,23,0,0,0,44,0	0,0,0,0,68,0,0,0,0,2,530,0,0,0,800,14	167	149	1
3254	0,89,0,0,0	0,15,0,0,0	0,0,0,0,353,0,2,0,0,0,169,0,0,0,73,52	0,0,0,0,37,0,0,2,0,0,88,0,0,0,18,20	200	149	1
3259	0,20,0,0,0	0,8,0,0,0	0,0,0,0,5,0,0,0,0,0,36,0,0,0,11,5	0,0,0,0,0,0,0,0,0,0,21,0,0,0,6,0	152	149	1
3260	0,9,0,0,0	0,32,0,0,0	0,0,0,0,20,0,0,0,0,0,0,0,0,0,0,1	0,0,0,0,41,0,0,0,0,0,74,0,0,0,29,4	207	149	1
3261	0,8,0,0,0	0,1,0,0,0	0,0,0,0,11,0,0,0,0,0,17,0,0,0,2,5	0,0,0,0,0,0,0,0,0,0,22,0,0,0,0,0	151	149	1
3264	0,114,2,0,0	0,0,0,0,0	0,0,0,0,77,0,0,0,0,0,157,0,0,0,236,18	0,0,0,0,0,0,0,0,0,0,2,0,0,0,0,0	170	149	1
3265	0,43,0,0,0	0,5,0,0,0	0,0,0,0,138,0,0,2,0,0,240,0,0,0,183,24	0,0,0,0,0,0,0,0,0,0,0,0,0,0,0,0	151	149	1
3266	0,7,0,0,0	0,6,0,0,0	0,0,0,0,39,0,0,0,0,0,104,0,0,0,137,31	0,0,0,0,15,0,0,0,0,0,104,0,0,0,71,17	161	149	1
3267	0,4,0,0,0	0,3,0,0,0	0,0,0,0,34,0,2,0,0,0,36,0,0,0,78,21	0,0,0,0,11,0,0,0,0,0,26,0,0,0,14,9	152	149	1
3269	0,19,0,0,0	0,0,0,0,0	0,0,0,0,353,0,0,0,0,0,92,0,0,0,10,19	0,0,0,0,0,0,0,0,0,0,1,0,0,0,0,2	203	149	1
3270	0,5,0,0,0	0,0,0,0,0	0,0,0,0,6,0,0,0,0,0,5,0,0,0,0,8	0,0,0,0,2,0,0,0,0,0,13,0,0,0,0,1	182	149	1
3273	0,78,0,0,2	0,64,0,0,0	0,0,0,0,98,0,0,0,0,0,67,0,0,0,25,3	0,0,0,0,112,0,0,1,0,0,69,0,0,0,31,6	161	149	1
3274	0,9,0,0,0	0,26,0,0,0	0,0,0,0,39,0,0,0,0,0,45,0,0,0,32,3	0,0,0,0,131,0,0,0,0,0,88,0,0,0,56,8	152	149	1
3275	0,1,0,0,0	0,0,0,0,0	0,0,0,0,121,0,0,0,0,0,63,0,0,0,201,37	0,0,0,0,0,0,0,0,0,0,0,0,0,0,0,1	154	149	1
3276	0,29,0,0,0	0,1,0,0,0	0,0,0,0,171,0,0,0,0,0,132,0,0,0,166,43	0,0,0,0,0,0,0,0,0,0,1,0,0,0,0,0	210	149	1
3277	0,28,2,0,0	0,4,0,0,0	0,0,0,0,115,0,0,0,0,0,241,0,0,0,432,127	0,0,0,0,38,0,0,0,0,0,4,0,0,0,9,0	1401	149	1
3279	0,1,0,0,0	0,6,0,0,0	0,0,0,0,0,0,0,0,0,0,2,0,0,0,6,2	0,0,0,0,0,0,0,0,0,0,1,0,0,0,1,0	183	149	1
3280	0,280,4,0,0	0,38983,102,0,83	0,0,0,0,193,0,0,0,0,0,237,0,0,0,153,27	0,0,0,0,33852,30,16,148,40,33,27419,0,0,0,53331,1308	314	149	1
3282	0,389,78,0,0	0,10736,201,0,305	0,0,0,0,96,8,4,2,0,0,1285,0,0,0,2239,67	0,0,0,0,9031,272,102,174,52,246,116882,0,0,0,212039,8787	771	149	1
3287	0,22,0,0,0	0,6,0,0,0	0,0,0,0,7,0,0,0,0,0,45,0,0,0,115,16	0,0,0,0,12,0,0,0,0,0,13,0,0,0,83,0	225	149	1
3288	0,53,4,0,0	0,1,0,0,0	0,0,0,0,151,0,2,0,0,0,231,0,0,0,500,60	0,0,0,0,0,0,0,0,0,0,0,0,0,0,12,3	153	149	1
3289	0,0,0,0,0	0,18,0,0,0	0,0,0,0,13,0,0,0,0,0,27,0,0,0,45,0	0,0,0,0,237,0,0,0,0,0,125,0,0,0,285,0	164	149	1
3290	0,42,0,0,0	0,0,0,0,0	0,0,0,0,333,0,0,0,0,0,151,0,0,0,218,10	0,0,0,0,0,0,0,0,0,0,2,0,0,0,0,0	305	149	1
3291	0,0,0,0,0	0,9,0,0,0	0,0,0,0,20,0,0,0,0,0,1,0,0,0,8,2	0,0,0,0,57,0,0,0,0,0,51,0,0,0,41,15	295	149	1
3292	0,0,0,0,0	0,81,0,0,0	0,0,0,0,0,0,0,0,0,0,23,0,0,0,0,1	0,0,0,0,275,0,2,0,0,0,547,0,0,0,656,86	176	149	1
3293	0,5,0,0,0	0,64,0,0,0	0,0,0,0,39,0,2,0,0,0,21,0,0,0,16,2	0,0,0,0,270,0,0,0,0,0,473,0,0,0,605,52	198	149	1
3294	0,0,0,0,0	0,87,0,0,0	0,0,0,0,13,0,0,0,0,0,10,0,0,0,9,1	0,0,0,0,550,0,0,0,0,0,653,0,0,0,766,56	178	149	1
3298	0,24,0,0,0	0,217,0,0,2	0,0,0,0,106,0,0,0,0,0,48,0,0,0,0,8	0,0,0,0,517,0,0,0,0,0,571,0,0,0,40,29	171	149	1
3300	0,21,0,0,0	0,0,0,0,0	0,0,0,0,202,4,0,7,0,0,139,0,0,0,1295,52	0,0,0,0,0,0,0,0,0,0,1,0,0,0,0,1	153	149	1
3304	0,122,0,0,0	0,215,0,0,0	0,0,0,0,12,0,0,0,0,0,188,0,0,0,3,14	0,0,0,0,18,0,0,0,0,0,332,0,0,0,0,2	218	149	1
3305	0,4,0,0,0	0,0,0,0,0	0,0,0,0,16,0,0,0,0,0,24,0,0,0,5,9	0,0,0,0,0,0,0,0,0,0,2,0,0,0,0,0	154	149	1
3307	0,2,0,0,0	0,25,0,0,0	0,0,0,0,9,0,0,0,0,0,4,0,0,0,4,0	0,0,0,0,77,0,0,0,0,0,50,0,0,0,76,2	181	149	1
3309	0,0,0,0,0	0,1,0,0,0	0,0,0,0,0,2,0,0,0,0,0,0,0,0,0,0	0,0,0,0,284,4,0,0,0,2,141,0,0,0,361,96	188	149	1
3310	0,0,0,0,0	0,1,0,0,0	0,0,0,0,0,0,0,0,0,0,6,0,0,0,29,4	0,0,0,0,284,4,0,0,0,2,141,0,0,0,361,96	155	149	1
3311	0,160,0,0,0	0,54,0,0,0	0,0,0,0,71,0,0,0,0,0,139,0,0,0,4,10	0,0,0,0,55,0,0,0,0,0,13,0,0,0,1,1	152	149	1
3313	0,14,0,0,0	0,3,0,0,0	0,0,0,0,78,0,0,0,0,0,134,0,0,0,89,32	0,0,0,0,10,0,0,0,0,0,0,0,0,0,0,4	153	149	1
3314	0,6,0,0,0	0,109,1,0,0	0,0,0,0,0,0,0,0,0,0,10,0,0,0,34,4	0,0,0,0,211,0,1,0,0,0,551,0,0,0,430,24	299	149	1
3316	0,42,0,0,0	0,0,0,0,0	0,0,0,0,359,0,0,0,0,0,328,0,0,0,275,20	0,0,0,0,0,0,0,0,0,0,0,0,0,0,17,0	218	149	1
3317	0,8,0,0,0	0,0,0,0,0	0,0,0,0,62,0,0,0,0,0,42,0,0,0,59,3	0,0,0,0,0,0,0,0,0,0,0,0,0,0,17,0	182	149	1
3319	0,50,0,0,0	0,0,0,0,0	0,0,0,0,225,0,0,2,0,0,257,0,0,0,95,13	0,0,0,0,0,0,0,0,0,0,13,0,0,0,0,0	266	149	1
3324	0,20,0,0,0	0,0,0,0,0	0,0,0,0,0,0,0,0,0,0,1,0,0,0,4,2	0,0,0,0,0,0,0,0,0,0,2,0,0,0,0,2	191	149	1
3325	0,2,0,0,2	0,0,0,0,0	0,0,0,0,123,0,2,2,0,0,30,0,0,0,316,36	0,0,0,0,0,0,0,0,0,0,0,0,0,0,0,2	210	149	1
3327	0,6,0,0,0	0,0,0,0,0	0,0,0,0,28,0,0,0,0,0,6,0,0,0,104,3	0,0,0,0,0,0,0,0,0,0,0,0,0,0,10,3	203	149	1
3334	0,0,2,0,0	0,0,0,0,0	0,0,0,0,103,2,4,0,0,0,60,0,0,0,204,28	0,0,0,0,20,0,0,0,0,0,5,0,0,0,0,0	3023	149	1
3337	0,27,0,0,0	0,0,0,0,0	0,0,0,0,79,0,0,6,0,0,713,0,0,0,510,31	0,0,0,0,0,0,0,0,0,0,2,0,0,0,0,0	194	149	1
3339	0,0,0,0,0	0,6,0,0,0	0,0,0,0,38,0,0,0,0,0,12,0,0,0,0,0	0,0,0,0,95,0,0,0,0,0,96,0,0,0,228,4	169	149	1
3341	0,6,0,0,0	0,15,0,0,0	0,0,0,0,55,0,0,0,0,0,77,0,0,0,18,13	0,0,0,0,50,0,0,0,0,0,181,0,0,0,317,52	184	149	1
3342	0,12,0,0,0	0,151,0,0,0	0,0,0,0,96,0,0,0,0,0,96,0,0,0,18,13	0,0,0,0,587,0,0,0,0,0,954,0,0,0,91,59	184	149	1
3343	0,6,0,0,0	0,4,0,0,0	0,0,0,0,18,0,0,0,0,0,0,0,0,0,0,0	0,0,0,0,81,0,0,0,0,0,10,0,0,0,0,0	196	149	1
3344	0,0,0,0,0	0,9,0,0,0	0,0,0,0,3,0,0,0,0,0,2,0,0,0,56,3	0,0,0,0,168,0,0,0,0,0,146,0,0,0,809,37	304	149	1
3347	0,8,5,0,0	0,0,0,0,0	0,0,0,0,95,0,2,3,0,0,88,0,0,0,232,81	0,0,0,0,0,0,0,0,0,0,3,0,0,0,0,0	182	149	1
3348	0,14,5,0,0	0,0,0,0,0	0,0,0,0,109,0,2,3,0,0,100,0,0,0,235,81	0,0,0,0,0,0,0,0,0,0,8,0,0,0,15,11	191	149	1
3349	0,6,0,0,0	0,0,0,0,0	0,0,0,0,14,0,0,0,0,0,15,0,0,0,3,0	0,0,0,0,0,0,0,0,0,0,8,0,0,0,15,11	158	149	1
3350	0,4,0,0,0	0,0,0,0,0	0,0,0,0,66,0,2,2,0,0,96,0,0,0,259,60	0,0,0,0,0,0,0,0,0,0,2,0,0,0,16,6	197	149	1
3351	0,41,0,0,0	0,8,0,0,0	0,0,0,0,118,0,0,0,0,0,87,0,0,0,34,16	0,0,0,0,17,0,0,0,0,0,20,0,0,0,2,0	200	149	1
3352	0,93,2,0,0	0,11,0,0,0	0,0,0,0,315,0,0,0,0,0,183,0,0,0,327,81	0,0,0,0,4,0,0,0,0,0,5,0,0,0,28,3	228	149	1
3353	0,2,2,0,0	0,0,0,0,0	0,0,0,0,55,2,0,0,0,0,133,0,0,0,310,31	0,0,0,0,0,0,0,0,0,0,7,0,0,0,11,4	373	149	1
3355	0,55,0,0,0	0,1338,2,0,0	0,0,0,0,61,0,0,0,0,0,68,0,0,0,31,2	0,0,0,0,952,0,4,0,0,0,2765,0,0,0,2535,43	259	149	1
3356	0,384,0,0,2	0,1,0,0,0	0,0,0,0,478,0,0,0,0,0,342,0,0,0,502,79	0,0,0,0,0,0,0,0,0,0,17,0,0,0,0,0	1186	149	1
3362	0,28,0,0,0	0,2,0,0,0	0,0,0,0,221,0,0,0,0,0,71,0,0,0,72,5	0,0,0,0,47,0,0,0,0,0,38,0,0,0,42,18	164	149	1
3363	0,2,0,0,0	0,62,0,0,0	0,0,0,0,0,0,0,0,0,0,6,0,0,0,0,0	0,0,0,0,206,0,0,0,0,0,94,0,0,0,151,35	170	149	1
3364	0,159,0,0,2	0,19,0,0,0	0,0,0,0,539,0,0,0,0,0,254,0,0,0,148,32	0,0,0,0,0,0,0,0,0,0,0,0,0,0,0,0	304	149	1
3365	0,592,0,0,0	0,15,0,0,0	0,0,0,0,297,0,0,0,0,0,272,0,0,0,16,10	0,0,0,0,3,0,0,0,0,0,20,0,0,0,0,0	217	149	1
3366	0,13,0,0,0	0,0,0,0,0	0,0,0,0,3,0,0,0,0,0,4,0,0,0,0,2	0,0,0,0,11,0,0,0,0,0,0,0,0,0,0,0	152	149	1
3367	0,22,0,0,0	0,0,0,0,0	0,0,0,0,54,0,0,0,0,0,84,0,0,0,1,20	0,0,0,0,0,0,0,0,0,0,2,0,0,0,0,0	152	149	1
3368	0,20,0,0,0	0,45,0,0,0	0,0,0,0,33,0,0,0,0,0,45,0,0,0,11,6	0,0,0,0,39,0,0,0,2,0,77,0,0,0,7,2	239	149	1
3373	0,160,0,0,0	0,0,0,0,0	0,0,0,0,3744,0,0,6,0,6,9478,0,0,0,59,958	0,0,0,0,26,0,0,0,0,0,126,0,0,0,25,4	288	149	1
3374	0,4,0,0,0	0,18,0,0,0	0,0,0,0,205,0,0,0,0,0,204,0,0,0,2,65	0,0,0,0,206,0,0,0,0,0,70,0,0,0,2,31	210	149	1
3376	0,0,0,0,0	0,5,0,0,2	0,0,0,0,0,0,0,0,0,0,0,0,0,0,0,1	0,0,0,0,76,0,0,0,0,0,144,0,0,0,94,22	169	149	1
3379	0,0,0,0,0	0,1102,5,0,2	0,0,0,0,23,0,0,0,0,0,21,0,0,0,3,1	0,0,0,0,7876,2,0,18,2,7,8681,0,0,0,7874,110	173	149	1
3380	0,18,0,0,0	0,0,0,0,0	0,0,0,0,124,0,0,0,0,0,96,0,0,0,66,7	0,0,0,0,7,0,0,0,0,0,43,0,0,0,27,4	175	149	1
3381	0,1120,5,0,2	0,0,0,0,0	0,0,0,0,7977,2,0,18,2,7,8756,0,0,0,7937,116	0,0,0,0,7,0,0,0,0,0,43,0,0,0,27,4	151	149	1
3382	0,1192,3,0,2	0,0,0,0,0	0,0,0,0,4923,0,0,9,2,4,6875,0,0,0,6178,722	0,0,0,0,2,0,0,0,0,0,18,0,0,0,9,6	155	149	1
3384	0,4135,34,0,2	0,0,0,0,0	0,0,0,0,10743,10,16,30,2,8,12531,0,0,0,11318,2104	0,0,0,0,0,0,0,0,0,0,1,0,0,0,0,0	239	149	1
3385	0,229,0,0,0	0,5421,12,0,0	0,0,0,0,336,0,0,0,0,0,244,0,0,0,321,16	0,0,0,0,8809,6,4,21,0,2,10320,0,0,0,7984,728	194	149	1
3386	0,2762,8,0,0	0,7,0,0,0	0,0,0,0,3530,2,0,5,0,2,4000,0,0,0,3873,84	0,0,0,0,53,0,0,0,0,0,27,0,0,0,8,0	256	149	1
3387	0,7954,20,0,0	0,7,0,0,0	0,0,0,0,12003,8,4,26,0,4,14076,0,0,0,11536,796	0,0,0,0,53,0,0,0,0,0,27,0,0,0,8,0	211	149	1
3389	0,540,0,0,0	0,0,0,0,0	0,0,0,0,458,0,0,2,0,0,620,0,0,0,266,94	0,0,0,0,0,0,0,0,0,0,23,0,0,0,0,2	210	149	1
3393	0,19,0,0,2	0,0,0,0,0	0,0,0,0,65,0,0,0,0,0,203,0,0,0,24,19	0,0,0,0,0,0,0,0,0,0,0,0,0,0,0,3	211	149	1
3394	0,32,0,0,0	0,4,0,0,0	0,0,0,0,21,0,0,0,0,0,156,0,0,0,11,20	0,0,0,0,0,0,0,0,0,0,25,0,0,0,1,0	152	149	1
3398	0,27,0,0,0	0,14,0,0,0	0,0,0,0,4,0,0,0,0,0,23,0,0,0,41,9	0,0,0,0,0,0,0,0,0,0,36,0,0,0,80,6	270	149	1
3406	0,367,0,0,0	0,0,0,0,0	0,0,0,0,318,0,0,0,0,0,145,0,0,0,36,38	0,0,0,0,18,0,0,0,0,0,0,0,0,0,0,0	1005	149	1
3409	0,13,0,0,0	0,0,0,0,0	0,0,0,0,23,0,0,0,0,0,18,0,0,0,19,23	0,0,0,0,10,0,0,0,0,0,0,0,0,0,0,0	433	149	1
3416	0,19,0,0,0	0,15,0,0,0	0,0,0,0,58,0,0,0,0,0,49,0,0,0,33,0	0,0,0,0,33,0,0,0,0,0,22,0,0,0,29,0	152	149	1
3426	0,29,0,0,0	0,14,0,0,0	0,0,0,0,51,0,0,0,0,0,38,0,0,0,17,1	0,0,0,0,23,0,0,0,0,0,19,0,0,0,3,0	176	149	1
3427	0,152,0,0,0	0,9,0,0,0	0,0,0,0,12,0,0,0,0,0,17,0,0,0,15,0	0,0,0,0,0,0,0,0,0,0,12,0,0,0,18,0	152	149	1
3428	0,6,0,0,0	0,0,0,0,0	0,0,0,0,11,0,0,0,0,0,1,0,0,0,0,0	0,0,0,0,0,0,0,0,0,0,0,0,0,0,0,2	153	149	1
3429	0,111,0,0,1	0,39,0,0,0	0,0,0,0,207,0,0,0,0,0,108,0,0,0,37,26	0,0,0,0,34,0,2,0,0,0,18,0,0,0,0,1	204	149	1
3430	0,112,0,0,1	0,7,0,0,0	0,0,0,0,218,0,0,0,0,0,108,0,0,0,37,26	0,0,0,0,34,0,0,0,0,0,4,0,0,0,0,0	208	149	1
3431	0,40,0,0,0	0,7,0,0,0	0,0,0,0,45,0,2,0,0,0,18,0,0,0,0,1	0,0,0,0,34,0,0,0,0,0,4,0,0,0,0,0	153	149	1
3434	0,110,0,0,0	0,0,0,0,0	0,0,0,0,89,0,0,0,0,2,162,0,0,0,23,42	0,0,0,0,0,0,0,0,0,0,1,0,0,0,0,0	159	149	1
3444	0,5,2,0,0	0,0,0,0,0	0,0,0,0,21,0,0,0,0,0,0,0,0,0,26,4	0,0,0,0,26,0,0,0,0,0,0,0,0,0,0,1	243	149	1
3445	0,378,0,0,2	0,374,0,0,0	0,0,0,0,0,0,0,0,0,0,72,0,0,0,38,2	0,0,0,0,0,0,0,0,0,0,209,0,0,0,95,16	153	149	1
3446	0,210,0,0,0	0,1,0,0,0	0,0,0,0,0,0,0,0,0,0,53,0,0,0,27,2	0,0,0,0,0,0,0,0,0,0,0,0,0,0,0,0	184	149	1
3447	0,1529,0,0,2	0,107,0,0,0	0,0,0,0,0,0,0,0,0,0,625,0,0,0,330,70	0,0,0,0,0,0,0,0,0,0,1,0,0,0,0,4	184	149	1
3448	0,1376,0,0,0	0,12,0,0,0	0,0,0,0,1,0,0,0,0,0,439,0,0,0,48,120	0,0,0,0,0,0,0,0,0,0,5,0,0,0,0,0	206	149	1
3449	0,28,0,0,0	0,0,0,0,0	0,0,0,0,47,0,0,0,0,0,35,0,0,0,3,0	0,0,0,0,0,0,0,0,0,0,1,0,0,0,0,0	152	149	1
3450	0,1042,0,0,0	0,100,0,0,0	0,0,0,0,1215,0,0,0,0,0,1547,0,0,0,327,70	0,0,0,0,199,0,0,0,0,0,149,0,0,0,31,1	152	149	1
3451	0,16,0,0,0	0,1,0,0,0	0,0,0,0,47,0,0,0,0,0,34,0,0,0,3,0	0,0,0,0,0,0,0,0,0,0,1,0,0,0,0,0	152	149	1
3453	0,1,0,0,0	0,0,0,0,0	0,0,0,0,17,0,0,0,0,0,1,0,0,0,16,0	0,0,0,0,0,0,0,0,0,0,25,0,0,0,32,1	192	149	1
3454	0,3,0,0,0	0,7,0,0,0	0,0,0,0,26,0,0,0,0,0,8,0,0,0,0,0	0,0,0,0,8,0,0,0,0,0,0,0,0,0,0,1	178	149	1
3456	0,0,0,0,0	0,2,2,0,0	0,0,0,0,0,0,0,0,0,0,0,0,0,0,6,0	0,0,0,0,25,0,0,0,0,0,31,0,0,0,522,13	174	149	1
3463	0,134,2,0,0	0,2,0,0,0	0,0,0,0,0,2,0,0,0,0,0,0,0,0,0,0	0,0,0,0,0,0,0,0,0,0,0,0,0,0,0,0	3561	149	1
3467	0,73,2,0,0	0,2,0,0,0	0,0,0,0,0,2,0,0,0,0,0,0,0,0,0,0	0,0,0,0,0,0,0,0,0,0,0,0,0,0,0,0	2690	149	1
3470	0,70,2,0,0	0,2,0,0,0	0,0,0,0,0,2,0,0,0,0,0,0,0,0,0,0	0,0,0,0,0,0,0,0,0,0,0,0,0,0,0,0	2555	149	1
3472	0,70,2,0,0	0,2,0,0,0	0,0,0,0,0,2,0,0,0,0,0,0,0,0,0,0	0,0,0,0,0,0,0,0,0,0,0,0,0,0,0,0	2478	149	1
3473	0,70,2,0,0	0,2,0,0,0	0,0,0,0,0,2,0,0,0,0,0,0,0,0,0,0	0,0,0,0,0,0,0,0,0,0,0,0,0,0,0,0	2426	149	1
3475	0,101,10,0,2	0,0,0,0,0	0,0,0,0,574,6,5,11,2,0,377,0,0,0,1028,435	0,0,0,0,0,0,0,0,0,0,0,0,0,0,0,1	1424	149	1
3476	0,0,0,0,0	0,78,2,0,0	0,0,0,0,8,0,0,0,0,0,10,0,0,0,11,0	0,0,0,0,292,0,0,0,0,0,460,0,0,0,688,75	164	149	1
3499	0,18,0,0,0	0,267,2,0,0	0,0,0,0,86,0,0,0,0,0,25,0,0,0,32,3	0,0,0,0,1751,7,4,10,0,6,1154,0,0,0,3850,249	190	149	1
3502	0,13,0,0,0	0,0,0,0,0	0,0,0,0,22,0,2,0,0,0,40,0,0,0,11,6	0,0,0,0,11,0,0,0,0,0,25,0,0,0,0,0	152	149	1
3503	0,5,0,0,0	0,4,0,0,0	0,0,0,0,25,0,0,0,0,0,18,0,0,0,31,10	0,0,0,0,0,0,0,0,0,0,0,0,0,0,0,0	155	149	1
3505	0,3,0,0,0	0,0,0,0,0	0,0,0,0,14,0,0,0,0,0,2,0,0,0,2,1	0,0,0,0,12,0,0,0,0,0,0,0,0,0,0,0	152	149	1
3506	0,18,0,0,2	0,0,0,0,0	0,0,0,0,92,0,0,0,0,0,45,0,0,0,79,13	0,0,0,0,8,0,0,0,0,0,0,0,0,0,9,0	152	149	1
3512	0,2142,131,0,30	0,9,0,0,0	0,0,0,0,3288,22,2,51,0,6,2806,0,0,0,5252,388	0,0,0,0,22,0,0,0,0,0,5,0,0,0,0,0	2484	149	1
3516	0,8,0,0,0	0,12,0,0,0	0,0,0,0,14,0,0,0,0,0,11,0,0,0,10,5	0,0,0,0,2,0,0,0,0,2,16,0,0,0,42,2	152	149	1
3517	0,8,0,0,0	0,0,0,0,0	0,0,0,0,40,0,0,0,0,0,12,0,0,0,41,2	0,0,0,0,10,0,0,0,0,0,0,0,0,0,1,1	152	149	1
3520	0,90,0,0,0	0,49,0,0,0	0,0,0,0,0,0,0,0,0,0,6,0,0,0,8,10	0,0,0,0,0,0,0,0,0,0,14,0,0,0,37,13	152	149	1
3521	0,85,0,0,0	0,3428,2,0,4	0,0,0,0,214,0,0,0,0,0,410,0,0,0,39,24	0,0,0,0,8160,0,0,2,12,8,2617,0,0,0,1764,193	167	149	1
3523	0,0,0,0,0	0,17,0,0,0	0,0,0,0,0,0,0,0,0,0,1,0,0,0,0,0	0,0,0,0,70,0,0,0,0,0,70,0,0,0,0,18	152	149	1
3524	0,66,0,0,0	0,0,0,0,0	0,0,0,0,326,0,0,0,0,0,139,0,0,0,2,52	0,0,0,0,17,0,0,0,0,0,11,0,0,0,0,2	254	149	1
3525	0,26,0,0,0	0,4,0,0,2	0,0,0,0,107,2,0,0,0,0,32,0,0,0,73,3	0,0,0,0,45,0,0,0,0,0,117,0,0,0,152,14	667	149	1
3526	0,2,0,0,0	0,7,0,0,2	0,0,0,0,0,0,0,0,0,0,8,0,0,0,10,4	0,0,0,0,45,0,0,0,0,0,98,0,0,0,112,24	184	149	1
3527	0,1332,28,0,0	0,18693,640,0,91	0,0,0,0,92,12,6,0,0,0,3722,0,0,0,5200,161	0,0,0,0,4813,698,552,290,24,83,78805,0,0,0,107669,3531	173	149	1
3528	0,11486,638,0,261	0,0,4,0,0	0,0,0,0,2662,695,376,213,46,223,43926,0,0,0,104672,4608	0,0,0,0,0,0,0,0,0,0,1,0,0,0,0,0	583	149	1
3529	0,5774,651,0,164	0,35,2,0,4	0,0,0,0,2588,674,460,283,12,169,52470,0,0,0,167474,3225	0,0,0,0,0,0,0,0,0,0,10,0,0,0,137,6	183	149	1
3530	0,0,0,0,0	0,8,0,0,0	0,0,0,0,14,0,0,0,0,0,5,0,0,0,1,0	0,0,0,0,112,2,0,0,0,0,115,0,0,0,90,6	278	149	1
3531	0,10,0,0,0	0,0,0,0,0	0,0,0,0,92,0,0,0,0,0,122,0,0,0,89,15	0,0,0,0,0,0,0,0,0,0,16,0,0,0,0,0	377	149	1
3532	0,18,0,0,0	0,0,0,0,0	0,0,0,0,190,2,0,0,0,0,232,0,0,0,178,21	0,0,0,0,0,0,0,0,0,0,16,0,0,0,0,0	248	149	1
3534	0,26,0,0,0	0,293,0,0,4	0,0,0,0,8,0,0,0,0,0,22,0,0,0,0,5	0,0,0,0,435,0,0,2,0,0,791,0,0,0,478,110	197	149	1
3540	0,167,12,0,0	0,0,0,0,0	0,0,0,0,538,0,0,19,0,0,1063,0,0,0,501,156	0,0,0,0,0,0,0,0,0,0,13,0,0,0,11,2	152	149	1
3542	0,2,0,0,0	0,0,0,0,0	0,0,0,0,0,0,0,0,0,0,4,0,0,0,20,3	0,0,0,0,0,0,0,0,0,0,1,0,0,0,0,0	152	149	1
3545	0,128,0,0,0	0,6,0,0,0	0,0,0,0,203,0,0,2,0,0,451,0,0,0,575,15	0,0,0,0,0,0,0,0,0,0,0,0,0,0,0,0	175	149	1
3546	0,0,0,0,0	0,0,2,0,0	0,0,0,0,0,0,0,0,0,0,3,0,0,0,26,10	0,0,0,0,23,0,0,0,0,0,8,0,0,0,1,5	152	149	1
3547	0,32,0,0,0	0,0,0,0,0	0,0,0,0,164,0,0,2,0,0,277,0,0,0,336,4	0,0,0,0,6,0,0,0,0,0,0,0,0,0,0,0	330	149	1
3548	0,697,4,0,0	0,0,0,0,0	0,0,0,0,1619,2,0,2,4,0,1233,0,0,0,1592,367	0,0,0,0,0,0,0,0,0,0,0,0,0,0,2,0	158	149	1
3549	0,2974,10,0,4	0,105,4,0,4	0,0,0,0,5254,10,6,6,4,0,928,0,0,0,3222,517	0,0,0,0,179,0,0,12,0,2,635,0,0,0,488,94	1105	149	1
3550	0,1609,2,0,2	0,109,0,0,0	0,0,0,0,1356,2,0,0,0,0,758,0,0,0,697,223	0,0,0,0,142,0,0,0,0,0,82,0,0,0,33,21	152	149	1
3562	0,6,0,0,0	0,0,0,0,0	0,0,0,0,25,0,0,0,0,0,25,0,0,0,43,0	0,0,0,0,1,0,0,0,0,0,0,0,0,0,0,0	153	149	1
3563	0,41,0,0,0	0,0,0,0,0	0,0,0,0,126,0,0,0,0,0,176,0,0,0,293,52	0,0,0,0,0,0,0,0,0,0,0,0,0,0,0,3	187	149	1
3565	0,85,0,0,0	0,4,0,0,0	0,0,0,0,155,0,0,0,0,0,75,0,0,0,18,8	0,0,0,0,0,0,0,0,0,0,0,0,0,0,0,0	186	149	1
3566	0,47,0,0,0	0,2,0,0,0	0,0,0,0,80,0,0,0,0,0,100,0,0,0,10,2	0,0,0,0,12,0,0,0,0,0,2,0,0,0,0,1	219	149	1
3568	0,2,0,0,0	0,0,0,0,0	0,0,0,0,92,0,0,0,0,0,24,0,0,0,10,0	0,0,0,0,8,0,0,0,0,0,9,0,0,0,0,0	1315	149	1
3569	0,0,0,0,0	0,189,0,0,0	0,0,0,0,0,0,0,0,0,0,11,0,0,0,2,0	0,0,0,0,191,0,0,2,0,0,538,0,0,0,9,46	180	149	1
3570	0,53,0,0,2	0,0,0,0,0	0,0,0,0,164,2,0,0,0,2,260,0,0,0,857,28	0,0,0,0,0,0,0,0,0,0,9,0,0,0,0,0	729	149	1
3572	0,8,0,0,0	0,0,0,0,0	0,0,0,0,0,0,0,0,0,0,0,0,0,0,3,1	0,0,0,0,0,0,0,0,0,0,0,0,0,0,1,0	157	149	1
3576	0,19,0,0,0	0,132,0,0,0	0,0,0,0,12,0,0,0,0,0,34,0,0,0,0,4	0,0,0,0,152,0,0,0,0,0,453,0,0,0,15,17	209	149	1
3580	0,8,0,0,0	0,0,0,0,0	0,0,0,0,122,0,0,2,0,0,257,0,0,0,495,138	0,0,0,0,0,0,0,0,0,0,5,0,0,0,5,1	185	149	1
3581	0,449,2,0,0	0,5,0,0,0	0,0,0,0,287,0,0,3,0,0,583,0,0,0,511,49	0,0,0,0,0,0,0,0,0,0,14,0,0,0,12,2	273	149	1
3582	0,0,0,0,0	0,6,0,0,0	0,0,0,0,294,0,12,2,0,0,58,0,0,0,206,14	0,0,0,0,14,0,0,0,0,0,7,0,0,0,45,2	2385	149	1
3584	0,6,0,0,0	0,0,0,0,0	0,0,0,0,39,0,0,0,0,0,16,0,0,0,57,5	0,0,0,0,0,0,0,0,0,0,0,0,0,0,7,0	212	149	1
3585	0,434,4,0,4	0,5,0,0,0	0,0,0,0,1258,12,2,0,2,2,2428,0,0,0,2294,223	0,0,0,0,0,0,0,0,0,0,35,0,0,0,45,0	5059	149	1
3586	0,10,4,0,0	0,351,0,0,4	0,0,0,0,27,0,0,0,0,2,80,0,0,0,88,3	0,0,0,0,881,0,0,0,2,0,1810,0,0,0,1231,123	208	149	1
3587	0,1794,0,0,0	0,4,0,0,0	0,0,0,0,443,0,0,13,0,0,618,0,0,0,974,130	0,0,0,0,0,0,0,0,0,0,0,0,0,0,0,0	1134	149	1
3588	0,1679,0,0,0	0,9,0,0,2	0,0,0,0,433,4,2,15,0,0,744,0,0,0,1053,155	0,0,0,0,0,0,0,0,0,0,10,0,0,0,13,6	2212	149	1
3592	0,0,0,0,0	0,8,0,0,0	0,0,0,0,2,0,0,0,0,0,0,0,0,0,0,0	0,0,0,0,9,0,0,0,0,0,25,0,0,0,46,3	165	149	1
3593	0,24,0,0,0	0,13,0,0,0	0,0,0,0,137,0,0,0,0,0,157,0,0,0,55,0	0,0,0,0,8,0,0,0,0,0,22,0,0,0,0,0	156	149	1
3594	0,44,0,0,0	0,0,0,0,0	0,0,0,0,356,4,0,1,0,0,344,0,0,0,1052,30	0,0,0,0,0,0,0,0,0,0,4,0,0,0,19,1	196	149	1
3595	0,41,2,0,0	0,3,0,0,0	0,0,0,0,189,4,0,0,0,0,312,0,0,0,918,50	0,0,0,0,0,0,0,0,0,0,4,0,0,0,39,1	194	149	1
3596	0,5,0,0,0	0,3,0,0,0	0,0,0,0,0,0,0,0,0,0,2,0,0,0,0,2	0,0,0,0,13,0,0,0,0,0,24,0,0,0,5,21	167	149	1
3597	0,194,2,0,0	0,3,0,0,0	0,0,0,0,231,0,0,0,0,0,317,0,0,0,385,27	0,0,0,0,0,0,0,0,0,0,21,0,0,0,7,7	194	149	1
3602	0,5,0,0,0	0,0,0,0,0	0,0,0,0,73,0,0,0,0,0,13,0,0,0,37,2	0,0,0,0,23,0,0,0,0,0,1,0,0,0,13,0	201	149	1
3606	0,30,0,0,0	0,0,0,0,0	0,0,0,0,561,2,4,0,0,0,356,0,0,0,1410,182	0,0,0,0,18,0,0,0,0,0,4,0,0,0,9,7	365	149	1
3607	0,0,0,0,0	0,48,0,0,0	0,0,0,0,29,0,0,0,0,0,17,0,0,0,35,0	0,0,0,0,278,2,0,0,0,0,322,0,0,0,869,19	165	149	1
3608	0,15,4,0,0	0,3,0,0,0	0,0,0,0,137,4,0,2,0,0,9,0,0,0,618,10	0,0,0,0,7,0,0,0,0,0,30,0,0,0,18,4	903	149	1
3609	0,19,4,0,2	0,16,0,0,4	0,0,0,0,147,6,2,2,0,0,33,0,0,0,1013,30	0,0,0,0,198,0,0,0,0,0,151,0,0,0,571,24	903	149	1
3610	0,21,0,0,2	0,0,0,0,0	0,0,0,0,136,2,2,2,0,0,119,0,0,0,928,31	0,0,0,0,0,0,0,0,0,0,3,0,0,0,7,0	209	149	1
3612	0,1083,6,0,0	0,0,0,0,0	0,0,0,0,5613,6,12,8,2,8,4985,0,0,0,2869,739	0,0,0,0,0,0,0,0,0,0,1,0,0,0,0,1	207	149	1
3614	0,4,0,0,0	0,0,0,0,0	0,0,0,0,0,0,0,0,0,0,5,0,0,0,0,0	0,0,0,0,11,0,0,0,0,0,2,0,0,0,0,0	152	149	1
3615	0,13,4,0,0	0,135,1,0,0	0,0,0,0,18,0,0,0,0,0,13,0,0,0,35,0	0,0,0,0,248,0,0,0,0,0,376,0,0,0,297,13	151	149	1
3620	0,2,0,0,0	0,0,0,0,0	0,0,0,0,55,0,0,0,0,0,22,0,0,0,43,2	0,0,0,0,0,0,0,0,0,0,1,0,0,0,0,1	2752	149	1
3622	0,4,0,0,0	0,0,0,0,0	0,0,0,0,2,0,0,0,0,0,8,0,0,0,20,5	0,0,0,0,0,0,0,0,0,0,9,0,0,0,8,9	152	149	1
3624	0,95,0,0,0	0,0,0,0,0	0,0,0,0,200,0,0,0,0,0,203,0,0,0,229,34	0,0,0,0,0,0,0,0,0,0,0,0,0,0,4,0	151	149	1
3625	0,5,0,0,0	0,172,0,0,0	0,0,0,0,27,0,0,0,0,0,10,0,0,0,1,0	0,0,0,0,278,0,0,0,0,2,373,0,0,0,149,17	212	149	1
3628	0,13,0,0,0	0,0,0,0,0	0,0,0,0,0,0,0,0,0,0,4,0,0,0,36,0	0,0,0,0,0,0,0,0,0,0,6,0,0,0,0,0	499	149	1
3631	0,8,0,0,0	0,4,0,0,0	0,0,0,0,35,0,0,2,0,0,104,0,0,0,47,5	0,0,0,0,46,0,0,0,0,0,202,0,0,0,167,6	152	149	1
3632	0,30,0,0,0	0,3,0,0,0	0,0,0,0,100,0,0,2,0,0,477,0,0,0,494,4	0,0,0,0,21,0,0,0,0,0,38,0,0,0,19,1	152	149	1
3634	0,0,0,0,0	0,2680,0,0,0	0,0,0,0,0,0,0,0,0,0,0,0,0,0,11,0	0,0,0,0,3287,0,0,7,0,2,616,0,0,0,1382,36	173	149	1
3636	0,2804,4,0,0	0,122,0,0,0	0,0,0,0,5813,0,0,0,2,0,864,0,0,0,1651,90	0,0,0,0,316,0,0,0,0,0,131,0,0,0,42,6	532	149	1
3637	0,2795,0,0,0	0,82,0,0,0	0,0,0,0,5784,0,0,0,2,0,850,0,0,0,1564,54	0,0,0,0,120,0,0,0,0,0,10,0,0,0,37,2	156	149	1
3638	0,94,0,0,0	0,82,0,0,0	0,0,0,0,106,0,0,0,0,0,13,0,0,0,86,0	0,0,0,0,120,0,0,0,0,0,10,0,0,0,37,2	180	149	1
3639	0,39,0,0,0	0,2740,0,0,0	0,0,0,0,12,0,0,0,0,0,5,0,0,0,37,0	0,0,0,0,5690,0,0,0,2,0,842,0,0,0,1515,54	173	149	1
3640	0,2436,4,0,0	0,40,0,0,0	0,0,0,0,5986,0,0,4,0,0,962,0,0,0,1403,81	0,0,0,0,83,0,0,0,0,0,94,0,0,0,16,4	689	149	1
3641	0,55,2,0,6	0,2,0,0,0	0,0,0,0,313,0,8,4,2,0,785,0,0,0,893,19	0,0,0,0,4,0,0,0,0,0,23,0,0,0,19,3	476	149	1
3642	0,38,0,0,0	0,53,0,0,0	0,0,0,0,0,0,0,0,0,0,140,0,0,0,0,0	0,0,0,0,48,0,0,0,0,0,154,0,0,0,0,0	194	149	1
3647	0,0,0,0,0	0,11,0,0,2	0,0,0,0,27,0,0,0,0,0,6,0,0,0,34,0	0,0,0,0,98,2,0,0,2,2,121,0,0,0,618,16	161	149	1
3648	0,75,0,0,0	0,181,2,0,0	0,0,0,0,128,0,0,0,2,0,53,0,0,0,51,0	0,0,0,0,456,2,0,0,0,1,724,0,0,0,239,6	869	149	1
3649	0,9,0,0,0	0,0,0,0,0	0,0,0,0,25,0,0,0,0,0,23,0,0,0,62,24	0,0,0,0,0,0,0,0,0,0,0,0,0,0,0,2	552	149	1
3650	0,3,0,0,0	0,0,0,0,0	0,0,0,0,32,0,0,0,0,0,18,0,0,0,62,4	0,0,0,0,0,0,0,0,0,0,0,0,0,0,0,1	514	149	1
3654	0,0,0,0,0	0,24,0,0,0	0,0,0,0,4,0,0,0,0,0,3,0,0,0,0,0	0,0,0,0,43,0,0,0,0,0,39,0,0,0,0,2	308	149	1
3655	0,23,0,0,0	0,24,0,0,0	0,0,0,0,56,0,0,0,0,0,64,0,0,0,4,7	0,0,0,0,43,0,0,0,0,0,39,0,0,0,0,2	1095	149	1
3657	0,5,0,0,0	0,20,0,0,0	0,0,0,0,0,0,0,0,0,0,3,0,0,0,0,0	0,0,0,0,37,0,0,0,0,0,81,0,0,0,0,5	193	149	1
3659	0,0,0,0,0	0,5,0,0,0	0,0,0,0,0,0,0,2,0,0,6,0,0,0,6,2	0,0,0,0,23,0,0,0,0,0,22,0,0,0,8,4	158	149	1
3660	0,1,0,0,0	0,5,0,0,0	0,0,0,0,0,0,0,0,0,0,9,0,0,0,9,3	0,0,0,0,23,0,0,0,0,0,22,0,0,0,8,4	237	149	1
3661	0,1,0,0,0	0,0,0,0,0	0,0,0,0,0,0,0,0,0,0,3,0,0,0,3,1	0,0,0,0,0,0,0,2,0,0,0,0,0,0,0,0	228	149	1
3662	0,2,0,0,0	0,117,0,0,0	0,0,0,0,32,0,0,0,0,0,14,0,0,0,9,1	0,0,0,0,928,0,0,0,10,0,483,0,0,0,315,28	160	149	1
3664	0,1137,0,0,2	0,2790,10,0,4	0,0,0,0,0,0,0,2,0,4,393,0,0,0,446,31	0,0,0,0,19,4,4,2,0,2,1631,0,0,0,970,7	164	149	1
3665	0,758,6,0,0	0,22,0,0,0	0,0,0,0,0,0,0,0,0,2,364,0,0,0,404,31	0,0,0,0,0,0,0,0,0,0,58,0,0,0,16,2	164	149	1
3666	0,10615,8,0,10	0,22,0,0,0	0,0,0,0,181,4,4,2,2,6,2265,0,0,0,3046,163	0,0,0,0,0,0,0,0,0,0,58,0,0,0,16,2	347	149	1
3667	0,9934,8,0,10	0,77,6,0,0	0,0,0,0,181,4,4,2,2,6,2121,0,0,0,2888,133	0,0,0,0,0,0,0,0,0,2,220,0,0,0,246,1	332	149	1
3668	0,5011,24,0,50	0,4,0,0,0	0,0,0,0,171,0,6,23,6,16,4518,0,0,0,5836,794	0,0,0,0,0,0,0,0,0,0,11,0,0,0,10,0	185	149	1
3670	0,18,0,0,0	0,5,0,0,0	0,0,0,0,234,0,0,0,0,0,111,0,0,0,207,13	0,0,0,0,0,0,0,0,0,0,0,0,0,0,0,0	1973	149	1
3673	0,4,0,0,0	0,80,6,0,0	0,0,0,0,30,0,0,0,0,0,40,0,0,0,37,14	0,0,0,0,118,0,0,0,0,0,53,0,0,0,37,32	152	149	1
3675	0,0,0,0,0	0,20,0,0,0	0,0,0,0,0,0,0,0,0,0,0,0,0,0,7,4	0,0,0,0,96,0,0,0,0,0,87,0,0,0,90,2	180	149	1
3677	0,29,0,0,0	0,780,0,0,4	0,0,0,0,47,0,0,0,0,0,52,0,0,0,15,177	0,0,0,0,1718,0,0,4,0,4,5129,0,0,0,149,1753	218	149	1
3678	0,5,0,0,0	0,0,0,0,0	0,0,0,0,35,0,0,0,0,0,42,0,0,0,130,0	0,0,0,0,9,0,0,0,0,0,5,0,0,0,35,0	153	149	1
3679	0,4438,4,0,54	0,0,0,0,0	0,0,0,0,881,2,4,21,10,30,5006,0,0,0,5369,3923	0,0,0,0,0,0,0,0,0,0,0,0,0,0,0,3	578	149	1
3680	0,0,0,0,0	0,0,2,0,2	0,0,0,0,0,0,0,0,0,0,1,0,0,0,6,0	0,0,0,0,89,0,0,2,0,0,53,0,0,0,161,1	191	149	1
3681	0,48,2,0,0	0,4,0,0,0	0,0,0,0,180,2,0,0,0,0,109,0,0,0,213,23	0,0,0,0,32,0,0,0,0,0,30,0,0,0,17,1	152	149	1
3683	0,5,0,0,0	0,0,0,0,0	0,0,0,0,43,0,0,2,0,0,21,0,0,0,132,27	0,0,0,0,0,0,0,0,0,0,12,0,0,0,174,7	167	149	1
3685	0,5,0,0,0	0,8,0,0,0	0,0,0,0,20,0,0,0,0,0,3,0,0,0,38,3	0,0,0,0,0,0,0,0,0,0,0,0,0,0,0,0	913	149	1
3686	0,4,2,0,0	0,0,0,0,0	0,0,0,0,71,0,0,0,0,0,0,0,0,0,0,0	0,0,0,0,9,0,0,0,0,0,4,0,0,0,0,0	179	149	1
3687	0,5,0,0,0	0,0,0,0,0	0,0,0,0,74,0,0,0,0,0,42,0,0,0,11,1	0,0,0,0,12,0,0,0,0,0,0,0,0,0,0,0	153	149	1
3689	0,282,8,0,0	0,7,0,0,0	0,0,0,0,1084,4,2,6,0,0,1024,0,0,0,1351,131	0,0,0,0,0,0,0,0,0,0,0,0,0,0,0,0	3067	149	1
3692	0,0,0,0,0	0,39,0,0,0	0,0,0,0,14,0,0,0,0,0,5,0,0,0,4,0	0,0,0,0,333,0,2,2,0,0,438,0,0,0,625,35	215	149	1
3693	0,80,10,0,2	0,0,0,0,0	0,0,0,0,867,2,0,4,0,8,824,0,0,0,1136,64	0,0,0,0,0,0,0,0,4,0,3,0,0,0,9,0	158	149	1
3698	0,46,0,0,0	0,2,0,0,0	0,0,0,0,43,0,2,7,0,0,261,0,0,0,450,1229	0,0,0,0,0,0,0,4,0,0,34,0,0,0,67,189	270	149	1
3699	0,17,0,0,0	0,0,0,0,0	0,0,0,0,66,0,2,4,0,0,272,0,0,0,251,465	0,0,0,0,2,0,0,0,0,0,17,0,0,0,0,9	327	149	1
3701	0,20,0,0,0	0,1723,10,0,4	0,0,0,0,6,0,0,0,0,0,5,0,0,0,8,4	0,0,0,0,3035,10,12,16,2,0,4332,0,0,0,1629,973	188	149	1
3703	0,47,0,0,0	0,10,0,0,0	0,0,0,0,329,2,6,0,0,0,586,0,0,0,1021,115	0,0,0,0,125,0,0,0,0,0,106,0,0,0,195,45	180	149	1
3705	0,22,1,0,0	0,0,0,0,0	0,0,0,0,293,2,0,0,0,0,337,0,0,0,947,111	0,0,0,0,3,0,0,0,0,0,6,0,0,0,2,1	1469	149	1
3706	0,0,0,0,0	0,81,4,0,2	0,0,0,0,0,0,0,0,0,0,14,0,0,0,3,1	0,0,0,0,460,2,0,4,0,0,623,0,0,0,1457,237	179	149	1
3707	0,55,6,0,0	0,0,0,0,0	0,0,0,0,309,0,0,0,2,2,291,0,0,0,631,61	0,0,0,0,0,0,0,0,0,0,0,0,0,0,9,0	241	149	1
3708	0,136,10,0,2	0,0,0,0,0	0,0,0,0,769,2,0,4,2,2,900,0,0,0,2085,297	0,0,0,0,0,0,0,0,0,0,0,0,0,0,9,0	211	149	1
3709	0,157,4,0,2	0,0,0,0,0	0,0,0,0,688,2,0,0,0,2,813,0,0,0,1194,261	0,0,0,0,0,0,0,0,0,0,4,0,0,0,9,0	159	149	1
3711	0,0,0,0,0	0,164,0,0,0	0,0,0,0,24,0,0,0,0,0,9,0,0,0,8,7	0,0,0,0,492,2,0,0,0,0,454,0,0,0,529,89	496	149	1
3712	0,0,0,0,0	0,164,0,0,0	0,0,0,0,0,0,0,0,0,0,3,0,0,0,0,0	0,0,0,0,492,2,0,0,0,0,454,0,0,0,529,89	172	149	1
3717	0,0,0,0,0	0,35,0,0,0	0,0,0,0,4,0,0,0,0,0,0,0,0,0,0,0	0,0,0,0,126,0,0,0,2,0,109,0,0,0,229,49	167	149	1
3718	0,31,0,0,0	0,0,0,0,0	0,0,0,0,110,0,0,0,2,0,229,0,0,0,452,22	0,0,0,0,0,0,0,0,0,0,7,0,0,0,5,0	291	149	1
3721	0,29,0,0,0	0,0,0,0,0	0,0,0,0,209,2,0,0,0,0,74,0,0,0,129,10	0,0,0,0,0,0,0,0,0,0,1,0,0,0,0,0	287	149	1
3722	0,1,0,0,0	0,31,0,0,0	0,0,0,0,11,0,0,0,0,0,1,0,0,0,0,0	0,0,0,0,82,0,0,0,0,0,46,0,0,0,16,6	185	149	1
3731	0,5,0,0,0	0,2,0,0,0	0,0,0,0,4,0,0,0,0,0,0,0,0,0,0,0	0,0,0,0,0,0,0,0,0,0,0,0,0,0,0,0	290	149	1
3735	0,0,0,0,0	0,16,0,0,0	0,0,0,0,52,0,0,0,0,0,21,0,0,0,0,2	0,0,0,0,11,0,0,0,0,0,68,0,0,0,0,5	164	149	1
3739	0,17,0,0,2	0,63,0,0,0	0,0,0,0,80,0,2,0,0,0,70,0,0,0,84,7	0,0,0,0,178,0,0,0,0,0,181,0,0,0,91,3	173	149	1
3747	0,0,0,0,0	0,31,0,0,0	0,0,0,0,0,0,0,0,0,0,2,0,0,0,8,0	0,0,0,0,84,0,0,0,0,0,106,0,0,0,10,6	214	149	1
3749	0,6,0,0,0	0,5,0,0,0	0,0,0,0,14,0,0,0,0,0,19,0,0,0,3,13	0,0,0,0,0,0,0,0,0,0,1,0,0,0,0,2	169	149	1
3752	0,9,0,0,0	0,0,0,0,0	0,0,0,0,75,0,0,0,0,0,39,0,0,0,60,6	0,0,0,0,13,0,0,0,0,0,0,0,0,0,5,0	475	149	1
3753	0,5,0,0,0	0,0,2,0,0	0,0,0,0,68,0,0,2,0,0,111,0,0,0,113,4	0,0,0,0,0,0,0,0,0,0,0,0,0,0,0,2	232	149	1
3755	0,8,2,0,0	0,0,0,0,0	0,0,0,0,82,2,0,0,0,0,66,0,0,0,189,30	0,0,0,0,0,0,0,0,0,2,0,0,0,0,6,2	237	149	1
3760	0,34,0,0,0	0,401,4,0,4	0,0,0,0,70,0,0,0,0,0,23,0,0,0,23,3	0,0,0,0,720,0,0,0,2,4,388,0,0,0,417,19	207	149	1
3764	0,90,0,0,2	0,33,0,0,0	0,0,0,0,212,0,0,0,0,0,36,0,0,0,102,12	0,0,0,0,68,0,0,0,0,2,73,0,0,0,58,8	240	149	1
3765	0,73,0,0,0	0,75,0,0,0	0,0,0,0,156,0,0,0,0,0,14,0,0,0,63,12	0,0,0,0,77,0,0,0,4,0,107,0,0,0,48,0	240	149	1
3766	0,13,0,0,0	0,265,0,0,0	0,0,0,0,22,0,0,0,0,0,0,0,0,0,0,0	0,0,0,0,298,0,0,2,0,0,160,0,0,0,185,19	184	149	1
3769	0,749,4,0,0	0,14,0,0,0	0,0,0,0,440,6,2,0,0,0,1468,0,0,0,212,11	0,0,0,0,0,0,0,0,0,0,13,0,0,0,0,0	1313	149	1
3772	0,19,0,0,0	0,49,0,0,0	0,0,0,0,119,0,0,0,0,0,25,0,0,0,0,0	0,0,0,0,156,0,0,0,0,0,33,0,0,0,2,1	152	149	1
3773	0,11,0,0,0	0,0,0,0,0	0,0,0,0,156,2,0,0,0,0,39,0,0,0,2,3	0,0,0,0,16,0,0,0,0,0,1,0,0,0,0,0	264	149	1
3775	0,5,2,0,0	0,4,0,0,0	0,0,0,0,58,12,2,6,2,0,94,0,0,0,260,35	0,0,0,0,7,0,0,0,0,0,1,0,0,0,0,0	1462	149	1
3777	0,76,4,0,0	0,0,0,0,0	0,0,0,0,201,8,2,2,0,0,499,0,0,0,1799,31	0,0,0,0,0,0,0,0,0,0,2,0,0,0,0,0	171	149	1
3778	0,64,4,0,2	0,12,0,0,0	0,0,0,0,246,10,2,10,4,2,547,0,0,0,2395,116	0,0,0,0,0,0,0,0,0,0,2,0,0,0,12,2	213	149	1
3779	0,20,2,0,2	0,12,0,0,0	0,0,0,0,118,8,0,4,4,2,194,0,0,0,1101,78	0,0,0,0,0,0,0,0,0,0,2,0,0,0,12,2	273	149	1
3780	0,2,0,0,0	0,46,2,0,0	0,0,0,0,29,0,0,0,0,0,32,0,0,0,65,4	0,0,0,0,157,2,2,6,0,0,385,0,0,0,1359,42	209	149	1
3781	0,0,0,0,0	0,43,2,0,2	0,0,0,0,31,0,0,2,0,0,10,0,0,0,20,7	0,0,0,0,86,4,8,0,0,0,388,0,0,0,1533,68	180	149	1
3782	0,6,0,0,0	0,0,0,0,0	0,0,0,0,53,0,0,0,0,4,407,0,0,0,712,37	0,0,0,0,0,0,0,0,0,0,0,0,0,0,10,2	156	149	1
3783	0,0,0,0,0	0,14,0,0,2	0,0,0,0,22,0,0,0,0,0,15,0,0,0,24,0	0,0,0,0,199,0,0,0,0,0,152,0,0,0,381,32	152	149	1
3784	0,18,0,0,0	0,57,0,0,0	0,0,0,0,30,0,0,0,0,0,17,0,0,0,0,7	0,0,0,0,68,0,0,0,0,0,41,0,0,0,13,3	346	149	1
3785	0,0,0,0,0	0,4,0,0,0	0,0,0,0,8,0,0,0,0,0,2,0,0,0,10,6	0,0,0,0,16,0,0,0,0,0,103,0,0,0,28,101	387	149	1
3786	0,0,0,0,0	0,16,0,0,2	0,0,0,0,10,0,0,0,0,0,0,0,0,0,0,0	0,0,0,0,77,0,0,0,0,0,114,0,0,0,16,8	152	149	1
3787	0,13,0,0,0	0,0,0,0,0	0,0,0,0,104,0,0,0,0,0,129,0,0,0,18,9	0,0,0,0,28,0,0,0,0,0,5,0,0,0,0,0	287	149	1
3789	0,1,0,0,0	0,36,0,0,0	0,0,0,0,0,0,0,0,0,0,4,0,0,0,22,0	0,0,0,0,259,0,0,0,0,0,288,0,0,0,207,53	174	149	1
3790	0,0,0,0,0	0,34,0,0,0	0,0,0,0,14,0,0,0,0,0,42,0,0,0,57,8	0,0,0,0,240,0,0,4,0,2,563,0,0,0,221,92	329	149	1
3791	0,121,2,0,4	0,0,0,0,0	0,0,0,0,324,6,0,9,0,4,1037,0,0,0,456,134	0,0,0,0,0,0,0,0,0,0,4,0,0,0,0,0	219	149	1
3792	0,136,2,0,0	0,70,0,0,2	0,0,0,0,125,0,0,0,0,0,39,0,0,0,16,12	0,0,0,0,268,6,0,7,0,4,686,0,0,0,361,42	687	149	1
3793	0,141,2,0,0	0,0,0,0,0	0,0,0,0,159,0,0,0,0,0,79,0,0,0,45,25	0,0,0,0,0,0,0,0,0,0,0,0,0,0,0,3	702	149	1
3794	0,75,0,0,2	0,0,0,0,0	0,0,0,0,302,6,0,7,0,4,726,0,0,0,390,55	0,0,0,0,0,0,0,0,0,0,0,0,0,0,0,3	164	149	1
3796	0,4,0,0,0	0,16,0,0,0	0,0,0,0,129,0,0,0,0,0,256,0,0,0,96,6	0,0,0,0,13,0,0,0,0,0,33,0,0,0,22,1	426	149	1
3798	0,22,0,0,0	0,0,0,0,0	0,0,0,0,267,0,0,0,0,0,167,0,0,0,22,10	0,0,0,0,0,0,0,0,0,0,3,0,0,0,0,0	238	149	1
3799	0,4,0,0,0	0,7,0,0,0	0,0,0,0,62,0,0,0,0,0,74,0,0,0,7,6	0,0,0,0,0,0,0,0,0,0,3,0,0,0,0,0	238	149	1
3800	0,0,0,0,0	0,14,0,0,0	0,0,0,0,24,0,0,0,0,0,11,0,0,0,0,0	0,0,0,0,128,0,0,0,0,0,72,0,0,0,29,0	164	149	1
3801	0,10,0,0,0	0,14,0,0,0	0,0,0,0,31,0,0,0,0,0,18,0,0,0,3,0	0,0,0,0,128,0,0,0,0,0,72,0,0,0,29,0	216	149	1
3802	0,10,0,0,0	0,0,0,0,0	0,0,0,0,16,0,0,0,0,0,16,0,0,0,3,0	0,0,0,0,9,0,0,0,0,0,9,0,0,0,0,0	201	149	1
3803	0,0,0,0,0	0,15,0,0,0	0,0,0,0,94,0,0,0,0,0,62,0,0,0,85,0	0,0,0,0,32,0,0,0,0,0,51,0,0,0,120,0	155	149	1
3804	0,887,0,0,0	0,6,0,0,0	0,0,0,0,1762,0,0,0,0,0,1416,0,0,0,140,310	0,0,0,0,28,0,0,0,0,0,4,0,0,0,9,0	272	149	1
3806	0,3,0,0,0	0,1,0,0,0	0,0,0,0,3,0,0,0,0,0,2,0,0,0,0,3	0,0,0,0,0,0,0,0,0,0,6,0,0,0,0,0	341	149	1
3807	0,4,0,0,0	0,1,0,0,0	0,0,0,0,3,0,0,0,0,0,11,0,0,0,0,3	0,0,0,0,0,0,0,0,0,0,6,0,0,0,0,0	338	149	1
3808	0,0,0,0,0	0,31,0,0,0	0,0,0,0,3,0,0,0,0,0,0,0,0,0,0,0	0,0,0,0,244,1,0,0,0,2,76,0,0,0,127,5	174	149	1
3812	0,4,4,0,0	0,23,0,0,2	0,0,0,0,0,0,0,0,0,0,10,0,0,0,11,0	0,0,0,0,0,0,0,0,0,2,3,0,0,0,14,0	164	149	1
3813	0,23,0,0,0	0,30,0,0,0	0,0,0,0,76,0,0,0,0,0,0,0,0,0,2,2	0,0,0,0,56,0,0,0,0,0,14,0,0,0,0,0	438	149	1
3815	0,1,0,0,0	0,4,0,0,0	0,0,0,0,0,0,0,0,0,0,25,0,0,0,125,6	0,0,0,0,0,0,4,2,2,0,120,0,0,0,233,19	180	149	1
3818	0,2,0,0,0	0,0,0,0,0	0,0,0,0,0,0,0,0,0,0,39,0,0,0,93,19	0,0,0,0,0,0,0,0,0,0,0,0,0,0,8,0	152	149	1
3819	0,0,0,0,0	0,4,0,0,0	0,0,0,0,14,0,0,0,0,0,0,0,0,0,12,0	0,0,0,0,34,0,0,0,0,0,6,0,0,0,51,4	177	149	1
3821	0,406,4,0,4	0,0,0,0,0	0,0,0,0,1976,6,8,10,0,6,2610,0,0,0,4460,482	0,0,0,0,0,0,0,0,0,0,1,0,0,0,9,0	353	149	1
3822	0,98,4,0,2	0,0,0,0,0	0,0,0,0,951,4,0,2,0,8,942,0,0,0,1298,481	0,0,0,0,0,0,0,0,0,0,0,0,0,0,9,1	153	149	1
3823	0,6,0,0,0	0,6,0,0,0	0,0,0,0,32,0,0,0,0,0,0,0,0,0,0,2	0,0,0,0,12,0,0,0,0,0,0,0,0,0,0,0	232	149	1
3825	0,113,2,0,2	0,5,0,0,0	0,0,0,0,323,0,0,0,0,0,398,0,0,0,668,43	0,0,0,0,0,0,0,0,0,0,14,0,0,0,13,0	224	149	1
3826	0,42,0,0,0	0,16,0,0,0	0,0,0,0,53,0,0,0,0,0,33,0,0,0,3,0	0,0,0,0,58,0,0,0,0,0,9,0,0,0,4,1	152	149	1
3827	0,6,0,0,0	0,39,0,0,0	0,0,0,0,12,0,0,0,0,0,3,0,0,0,4,0	0,0,0,0,89,0,0,0,0,0,51,0,0,0,4,2	202	149	1
3828	0,31,0,0,0	0,15,0,0,0	0,0,0,0,35,0,0,0,0,0,13,0,0,0,22,3	0,0,0,0,71,0,0,0,0,0,27,0,0,0,4,7	152	149	1
3829	0,671,0,0,0	0,0,0,0,0	0,0,0,0,731,0,0,0,0,0,818,0,0,0,114,5	0,0,0,0,0,0,0,0,0,0,10,0,0,0,0,0	189	149	1
3836	0,2,0,0,0	0,210,0,0,0	0,0,0,0,0,0,0,0,0,0,14,0,0,0,14,2	0,0,0,0,347,0,0,0,0,0,595,0,0,0,215,32	332	149	1
3837	0,1,0,0,0	0,94,0,0,0	0,0,0,0,0,0,0,0,0,0,4,0,0,0,0,0	0,0,0,0,121,0,0,0,0,0,280,0,0,0,41,18	152	149	1
3839	0,5,0,0,0	0,0,0,0,0	0,0,0,0,39,2,0,0,0,0,24,0,0,0,99,1	0,0,0,0,0,0,0,0,0,0,0,0,0,0,3,0	385	149	1
3841	0,3,0,0,0	0,0,0,0,0	0,0,0,0,53,0,0,0,0,0,14,0,0,0,25,8	0,0,0,0,4,0,0,0,0,0,3,0,0,0,0,0	152	149	1
3843	0,1,0,0,0	0,121,2,0,0	0,0,0,0,27,0,0,0,0,0,9,0,0,0,24,0	0,0,0,0,853,0,0,0,2,0,495,0,0,0,655,36	198	149	1
3845	0,161,2,0,0	0,0,0,0,0	0,0,0,0,288,0,0,0,0,0,271,0,0,0,44,5	0,0,0,0,22,0,0,0,0,0,5,0,0,0,0,0	170	149	1
3846	0,93,0,0,0	0,3,0,0,0	0,0,0,0,261,0,0,0,0,0,253,0,0,0,208,8	0,0,0,0,0,0,0,0,0,0,0,0,0,0,0,0	423	149	1
3847	0,64,0,0,0	0,2,0,0,0	0,0,0,0,251,0,0,0,0,0,169,0,0,0,116,6	0,0,0,0,35,0,0,0,0,0,14,0,0,0,14,0	152	149	1
3848	0,0,0,0,0	0,20,0,0,0	0,0,0,0,14,0,0,0,0,0,14,0,0,0,7,4	0,0,0,0,118,0,0,0,0,0,159,0,0,0,109,54	169	149	1
3851	0,1,0,0,0	0,0,0,0,0	0,0,0,0,71,2,0,0,0,0,136,0,0,0,211,68	0,0,0,0,0,0,0,0,0,0,1,0,0,0,5,0	161	149	1
3854	0,28,0,0,0	0,15,0,0,0	0,0,0,0,15,0,0,0,0,0,60,0,0,0,2,3	0,0,0,0,7,0,0,0,0,0,7,0,0,0,0,2	165	149	1
3856	0,0,2,0,0	0,0,0,0,0	0,0,0,0,35,0,0,2,0,0,54,0,0,0,111,33	0,0,0,0,6,0,0,0,0,0,1,0,0,0,0,2	152	149	1
3857	0,45,0,0,0	0,0,0,0,0	0,0,0,0,210,0,0,0,0,0,445,0,0,0,29,23	0,0,0,0,18,0,0,0,0,0,1,0,0,0,0,0	330	149	1
3858	0,2,0,0,0	0,10,0,0,0	0,0,0,0,0,0,0,0,0,0,7,0,0,0,0,0	0,0,0,0,16,0,0,0,0,0,7,0,0,0,0,0	182	149	1
3859	0,39,0,0,0	0,58,0,0,0	0,0,0,0,49,0,0,0,0,0,23,0,0,0,2,0	0,0,0,0,131,0,0,0,0,0,49,0,0,0,0,6	232	149	1
3860	0,0,0,0,0	0,7,0,0,0	0,0,0,0,10,0,0,0,0,0,0,0,0,0,0,0	0,0,0,0,16,0,0,0,0,0,2,0,0,0,0,0	175	149	1
3861	0,0,0,0,0	0,51,0,0,0	0,0,0,0,25,0,0,0,0,0,0,0,0,0,0,0	0,0,0,0,139,0,0,0,0,0,40,0,0,0,0,4	175	149	1
3863	0,49,0,0,0	0,159,0,0,2	0,0,0,0,160,0,0,0,2,0,67,0,0,0,67,9	0,0,0,0,110,0,0,0,0,0,175,0,0,0,12,33	1104	149	1
3864	0,3,0,0,0	0,159,0,0,2	0,0,0,0,0,0,0,0,0,0,4,0,0,0,9,6	0,0,0,0,110,0,0,0,0,0,175,0,0,0,12,33	220	149	1
3865	0,1045,0,0,0	0,0,0,0,0	0,0,0,0,666,0,0,0,0,0,315,0,0,0,9,14	0,0,0,0,22,0,0,0,0,0,0,0,0,0,0,0	1345	149	1
3870	0,3345,0,0,0	0,254,0,0,0	0,0,0,0,1722,0,0,6,0,8,11357,0,0,0,533,206	0,0,0,0,222,0,0,0,0,0,1082,0,0,0,290,21	283	149	1
3871	0,231,0,0,0	0,1,0,0,0	0,0,0,0,871,0,0,0,6,0,113,0,0,0,13,11	0,0,0,0,6,0,0,0,0,0,0,0,0,0,0,0	557	149	1
3873	0,5,0,0,0	0,0,0,0,0	0,0,0,0,13,0,0,0,0,0,8,0,0,0,9,1	0,0,0,0,31,0,0,0,0,0,0,0,0,0,2,1	152	149	1
3875	0,0,0,0,0	0,45,0,0,0	0,0,0,0,16,0,0,0,0,0,7,0,0,0,3,2	0,0,0,0,236,0,0,0,0,0,233,0,0,0,206,91	170	149	1
3876	0,3403,0,0,0	0,41,0,0,0	0,0,0,0,822,0,0,1,2,2,1789,0,0,0,118,83	0,0,0,0,21,0,0,0,0,0,32,0,0,0,0,0	164	149	1
3877	0,396,0,0,0	0,3,0,0,0	0,0,0,0,43,0,0,0,0,0,130,0,0,0,5,13	0,0,0,0,0,0,0,0,0,0,0,0,0,0,0,0	164	149	1
3878	0,71,0,0,0	0,0,0,0,0	0,0,0,0,22,0,0,0,0,0,53,0,0,0,1,5	0,0,0,0,0,0,0,0,0,0,2,0,0,0,0,0	203	149	1
3879	0,2232,0,0,0	0,24,0,0,0	0,0,0,0,668,0,0,0,0,2,1253,0,0,0,152,52	0,0,0,0,0,0,0,0,0,0,36,0,0,0,6,0	152	149	1
3880	0,1216,0,0,0	0,7,0,0,0	0,0,0,0,328,0,0,0,0,2,1051,0,0,0,0,25	0,0,0,0,22,0,0,0,0,0,13,0,0,0,0,0	151	149	1
3881	0,27,0,0,0	0,7,0,0,0	0,0,0,0,10,0,0,0,0,0,11,0,0,0,0,1	0,0,0,0,22,0,0,0,0,0,13,0,0,0,0,0	176	149	1
3882	0,12,0,0,0	0,1201,0,0,0	0,0,0,0,10,0,0,0,0,0,8,0,0,0,0,0	0,0,0,0,328,0,0,0,0,2,1048,0,0,0,0,24	174	149	1
3884	0,6,0,0,0	0,0,0,0,0	0,0,0,0,54,0,0,0,0,0,115,0,0,0,53,1	0,0,0,0,0,0,0,0,0,0,0,0,0,0,7,0	152	149	1
3886	0,20,0,0,0	0,79,2,0,0	0,0,0,0,29,0,0,0,0,0,22,0,0,0,0,2	0,0,0,0,106,0,0,2,0,0,241,0,0,0,46,0	185	149	1
3887	0,15,0,0,0	0,493,0,0,4	0,0,0,0,41,0,0,0,0,0,53,0,0,0,0,9	0,0,0,0,295,0,0,0,6,0,868,0,0,0,75,22	490	149	1
3888	0,262,0,0,0	0,0,0,0,0	0,0,0,0,402,0,0,0,0,0,496,0,0,0,98,13	0,0,0,0,0,0,0,0,0,0,1,0,0,0,0,0	1039	149	1
3889	0,97,0,0,0	0,0,0,0,0	0,0,0,0,188,0,0,0,0,0,64,0,0,0,0,8	0,0,0,0,0,0,0,0,0,0,2,0,0,0,0,0	298	149	1
3890	0,46,2,0,0	0,3,0,0,0	0,0,0,0,318,0,0,0,0,0,696,0,0,0,477,18	0,0,0,0,0,0,0,0,0,0,0,0,0,0,49,0	168	149	1
3891	0,21,0,0,0	0,26,0,0,2	0,0,0,0,8,0,0,0,0,0,2,0,0,0,9,0	0,0,0,0,64,0,0,0,0,0,35,0,0,0,62,0	208	149	1
3892	0,0,0,0,0	0,25,0,0,0	0,0,0,0,16,0,0,0,0,0,7,0,0,0,6,0	0,0,0,0,117,0,0,0,0,0,202,0,0,0,338,33	165	149	1
3894	0,13,0,0,0	0,2,0,0,0	0,0,0,0,108,0,0,0,0,0,100,0,0,0,92,10	0,0,0,0,78,0,0,0,0,0,35,0,0,0,29,1	152	149	1
3895	0,16,0,0,0	0,32,0,0,0	0,0,0,0,34,0,0,0,0,0,25,0,0,0,2,5	0,0,0,0,103,0,2,0,0,0,176,0,0,0,181,11	274	149	1
3896	0,38,0,0,0	0,16,0,0,0	0,0,0,0,33,0,0,0,0,0,2,0,0,0,0,0	0,0,0,0,6,0,0,0,0,0,2,0,0,0,0,0	154	149	1
3900	0,60,2,0,0	0,2,0,0,0	0,0,0,0,13,0,0,0,0,0,4,0,0,0,40,14	0,0,0,0,0,0,0,0,0,0,0,0,0,0,9,0	467	149	1
3901	0,2,0,0,0	0,0,0,0,0	0,0,0,0,15,0,0,0,0,0,0,0,0,0,29,2	0,0,0,0,0,0,0,0,0,0,2,0,0,0,0,0	259	149	1
3910	0,57,0,0,0	0,0,0,0,0	0,0,0,0,201,0,0,0,0,0,204,0,0,0,305,30	0,0,0,0,0,0,0,0,0,0,4,0,0,0,6,0	200	149	1
3911	0,8,0,0,0	0,0,0,0,0	0,0,0,0,0,0,0,0,0,0,54,0,0,0,0,0	0,0,0,0,0,0,0,0,0,0,2,0,0,0,0,0	547	149	1
3912	0,18,0,0,0	0,0,0,0,0	0,0,0,0,36,0,0,0,0,0,99,0,0,0,46,1	0,0,0,0,0,0,0,0,0,0,0,0,0,0,3,0	1292	149	1
3913	0,10,0,0,0	0,0,0,0,0	0,0,0,0,36,0,0,0,0,0,47,0,0,0,46,1	0,0,0,0,0,0,0,0,0,0,0,0,0,0,3,0	894	149	1
3915	0,4,0,0,0	0,5,0,0,0	0,0,0,0,0,0,0,0,0,0,0,0,0,0,0,0	0,0,0,0,69,0,0,0,0,0,0,0,0,0,0,0	277	149	1
3916	0,144,0,0,2	0,7,0,0,0	0,0,0,0,225,0,0,0,0,0,84,0,0,0,188,28	0,0,0,0,13,0,0,0,0,0,20,0,0,0,0,9	211	149	1
3917	0,257,0,0,2	0,7,0,0,0	0,0,0,0,423,0,0,0,0,0,231,0,0,0,308,51	0,0,0,0,13,0,0,0,0,0,20,0,0,0,0,9	226	149	1
3918	0,115,0,0,0	0,2,0,0,0	0,0,0,0,214,0,0,0,0,0,151,0,0,0,126,23	0,0,0,0,16,0,0,0,0,0,4,0,0,0,6,0	164	149	1
3920	0,68,0,0,0	0,141,0,0,0	0,0,0,0,122,0,0,0,0,0,73,0,0,0,78,20	0,0,0,0,203,0,0,0,4,0,116,0,0,0,264,40	152	149	1
3922	0,27,0,0,0	0,140,0,0,0	0,0,0,0,9,0,0,0,0,0,10,0,0,0,2,6	0,0,0,0,275,0,0,0,0,0,148,0,0,0,210,40	294	149	1
3925	0,57,0,0,2	0,21,0,0,0	0,0,0,0,189,0,0,0,0,0,271,0,0,0,12,9	0,0,0,0,29,0,0,0,0,0,25,0,0,0,0,0	247	149	1
3926	0,13,2,0,2	0,0,0,0,0	0,0,0,0,158,0,0,0,2,0,152,0,0,0,225,56	0,0,0,0,6,0,0,0,0,0,21,0,0,0,59,10	152	149	1
3929	0,26,2,0,0	0,5,0,0,0	0,0,0,0,20,0,0,0,0,0,29,0,0,0,145,8	0,0,0,0,12,0,0,0,0,0,2,0,0,0,2,0	341	149	1
3931	0,2,2,0,0	0,0,0,0,0	0,0,0,0,7,0,0,0,0,0,28,0,0,0,133,9	0,0,0,0,0,0,0,0,0,0,0,0,0,0,2,0	151	149	1
3932	0,7,0,0,0	0,0,0,0,0	0,0,0,0,7,0,0,0,0,0,1,0,0,0,23,0	0,0,0,0,0,0,0,0,0,0,2,0,0,0,0,0	151	149	1
3933	0,12,0,0,0	0,0,0,0,0	0,0,0,0,27,0,0,0,0,2,116,0,0,0,54,11	0,0,0,0,0,0,0,0,0,0,3,0,0,0,0,0	151	149	1
3937	0,46,0,0,0	0,0,0,0,0	0,0,0,0,4,0,0,0,0,0,202,0,0,0,174,28	0,0,0,0,0,0,0,0,0,0,12,0,0,0,0,1	152	149	1
3938	0,0,0,0,0	0,1,0,0,0	0,0,0,0,0,0,0,0,0,0,0,0,0,0,0,13	0,0,0,0,0,0,0,0,0,0,1,0,0,0,1,24	170	149	1
3941	0,131,2,0,0	0,259,0,0,2	0,0,0,0,386,0,0,0,0,0,362,0,0,0,409,5	0,0,0,0,1217,0,0,4,2,2,722,0,0,0,659,25	152	149	1
3942	0,25,0,0,0	0,1420,4,0,4	0,0,0,0,20,2,0,0,0,0,23,0,0,0,137,49	0,0,0,0,3036,4,2,4,0,0,1760,0,0,0,1967,571	165	149	1
3943	0,24578,275,0,87	0,3,0,0,0	0,0,0,0,16,0,6,35,0,8,961,0,0,0,18651,208	0,0,0,0,0,0,0,0,0,0,0,0,0,0,0,0	2332	149	1
3945	0,11,0,0,0	0,113,0,0,0	0,0,0,0,14,0,0,0,0,0,44,0,0,0,10,2	0,0,0,0,296,0,0,0,0,0,493,0,0,0,97,26	245	149	1
3946	0,114,0,0,0	0,2,0,0,0	0,0,0,0,382,0,0,0,0,0,387,0,0,0,92,13	0,0,0,0,0,0,0,0,0,0,10,0,0,0,0,0	153	149	1
3947	0,23,0,0,0	0,335,0,0,0	0,0,0,0,36,0,0,0,0,0,27,0,0,0,0,0	0,0,0,0,332,0,0,0,2,0,461,0,0,0,98,22	167	149	1
3949	0,38,0,0,0	0,0,0,0,0	0,0,0,0,6,0,0,0,0,0,36,0,0,0,3,7	0,0,0,0,3,0,0,0,0,0,9,0,0,0,0,0	273	149	1
3952	0,2,0,0,0	0,1,0,0,0	0,0,0,0,19,0,0,0,0,0,34,0,0,0,74,3	0,0,0,0,0,0,0,0,0,0,1,0,0,0,35,0	152	149	1
3954	0,2,0,0,0	0,2,0,0,0	0,0,0,0,0,0,0,0,0,0,24,0,0,0,12,4	0,0,0,0,0,0,0,0,0,0,0,0,0,0,0,0	200	149	1
3955	0,11,0,0,0	0,2,0,0,0	0,0,0,0,0,0,0,0,0,0,5,0,0,0,0,1	0,0,0,0,0,0,0,0,0,0,0,0,0,0,0,0	256	149	1
3956	0,9,0,0,0	0,0,0,0,0	0,0,0,0,0,0,0,0,0,0,2,0,0,0,0,1	0,0,0,0,0,0,0,0,0,0,21,0,0,0,12,4	205	149	1
3958	0,0,0,0,0	0,2,0,0,0	0,0,0,0,0,0,0,0,0,0,0,0,0,0,2,0	0,0,0,0,25,0,0,0,0,0,10,0,0,0,19,0	215	149	1
3962	0,0,0,0,0	0,8,0,0,0	0,0,0,0,0,0,0,0,0,0,14,0,0,0,10,1	0,0,0,0,41,0,0,0,0,0,102,0,0,0,14,12	209	149	1
3963	0,27,0,0,0	0,5,0,0,0	0,0,0,0,214,0,0,2,0,2,523,0,0,0,330,28	0,0,0,0,0,0,0,0,0,0,7,0,0,0,16,0	179	149	1
3964	0,27,0,0,0	0,0,0,0,0	0,0,0,0,218,0,0,2,0,2,537,0,0,0,333,34	0,0,0,0,0,0,0,0,0,0,7,0,0,0,5,0	182	149	1
3965	0,5,0,0,0	0,0,0,0,0	0,0,0,0,4,0,0,0,0,0,21,0,0,0,19,6	0,0,0,0,0,0,0,0,0,0,7,0,0,0,5,0	152	149	1
3966	0,4,0,0,0	0,17,0,0,0	0,0,0,0,0,0,0,0,0,0,8,0,0,0,2,2	0,0,0,0,233,0,0,0,0,2,527,0,0,0,218,64	233	149	1
3967	0,2,0,0,0	0,8,0,0,0	0,0,0,0,12,0,0,0,0,0,3,0,0,0,5,0	0,0,0,0,0,0,0,0,0,0,9,0,0,0,0,1	152	149	1
3968	0,48,0,0,0	0,64,0,0,2	0,0,0,0,157,0,0,2,0,0,407,0,0,0,17,98	0,0,0,0,349,0,0,0,0,0,695,0,0,0,66,200	152	149	1
3969	0,81,0,0,0	0,2475,0,0,2	0,0,0,0,83,0,0,0,0,0,107,0,0,0,71,0	0,0,0,0,1505,0,0,0,0,2,3248,0,0,0,1332,156	180	149	1
3972	0,18,0,0,0	0,72,0,0,2	0,0,0,0,1,0,0,0,0,0,0,0,0,0,13,0	0,0,0,0,196,0,0,0,0,2,429,0,0,0,182,33	182	149	1
3974	0,6,0,0,0	0,17,0,0,2	0,0,0,0,0,0,0,0,0,0,11,0,0,0,0,0	0,0,0,0,0,0,0,0,0,0,133,0,0,0,0,12	170	149	1
3978	0,0,0,0,0	0,5,0,0,0	0,0,0,0,0,0,0,0,0,0,0,0,0,0,4,0	0,0,0,0,37,0,0,0,0,0,53,0,0,0,24,1	184	149	1
3979	0,13,0,0,0	0,0,0,0,0	0,0,0,0,108,0,0,0,0,0,22,0,0,0,98,2	0,0,0,0,0,0,0,0,0,0,6,0,0,0,27,0	218	149	1
3980	0,28,0,0,0	0,0,0,0,0	0,0,0,0,323,5,10,2,2,0,144,0,0,0,253,17	0,0,0,0,0,0,0,0,0,0,0,0,0,0,0,1	4640	149	1
3982	0,788,0,0,2	0,20,0,0,0	0,0,0,0,158,0,0,2,0,0,127,0,0,0,91,4	0,0,0,0,0,0,0,0,0,0,2,0,0,0,11,1	171	149	1
3983	0,395,0,0,0	0,1,0,0,0	0,0,0,0,222,0,0,0,0,0,65,0,0,0,0,21	0,0,0,0,0,0,0,0,0,0,0,0,0,0,0,0	1576	149	1
3984	0,10,0,0,0	0,355,0,0,0	0,0,0,0,22,0,0,0,0,0,9,0,0,0,4,0	0,0,0,0,188,0,0,0,0,0,254,0,0,0,52,29	224	149	1
3987	0,24,0,0,0	0,0,0,0,0	0,0,0,0,389,2,0,4,2,0,589,0,0,0,964,110	0,0,0,0,0,0,0,0,0,0,6,0,0,0,4,0	215	149	1
3988	0,53,0,0,2	0,0,0,0,0	0,0,0,0,317,0,0,2,0,2,654,0,0,0,641,93	0,0,0,0,0,0,0,0,0,0,2,0,0,0,0,0	221	149	1
3989	0,363,2,0,2	0,12,0,0,0	0,0,0,0,1336,0,0,0,6,0,315,0,0,0,159,36	0,0,0,0,10,0,0,0,0,0,0,0,0,0,5,0	5452	149	1
3990	0,0,0,0,0	0,3,0,0,0	0,0,0,0,0,0,0,0,0,0,10,0,0,0,0,0	0,0,0,0,10,0,0,0,0,0,111,0,0,0,10,5	512	149	1
3998	0,16,0,0,0	0,5,0,0,0	0,0,0,0,100,0,0,0,0,0,102,0,0,0,138,5	0,0,0,0,6,0,0,0,0,0,25,0,0,0,60,1	152	149	1
4001	0,4,0,0,0	0,136,0,0,0	0,0,0,0,0,0,0,0,0,0,11,0,0,0,1,0	0,0,0,0,119,0,0,0,0,0,478,0,0,0,150,10	173	149	1
4002	0,420,0,0,0	0,16,0,0,0	0,0,0,0,616,0,0,0,0,0,1656,0,0,0,62,129	0,0,0,0,6,0,0,0,0,0,23,0,0,0,0,1	166	149	1
4003	0,187,0,0,0	0,280,0,0,0	0,0,0,0,323,0,0,0,0,0,863,0,0,0,18,57	0,0,0,0,373,0,0,0,0,0,744,0,0,0,30,35	152	149	1
4004	0,18,0,0,0	0,41,0,0,0	0,0,0,0,70,0,0,0,0,0,101,0,0,0,58,8	0,0,0,0,85,0,0,0,0,0,110,0,0,0,121,19	152	149	1
4005	0,331,0,0,0	0,280,2,0,2	0,0,0,0,435,2,0,0,0,0,206,0,0,0,227,16	0,0,0,0,2562,0,0,4,2,0,643,0,0,0,1039,90	216	149	1
4006	0,13,0,0,0	0,0,0,0,0	0,0,0,0,83,0,0,0,0,0,27,0,0,0,20,1	0,0,0,0,0,0,0,0,0,0,1,0,0,0,0,0	152	149	1
4007	0,282,2,0,2	0,20,0,0,0	0,0,0,0,1867,0,0,4,2,0,446,0,0,0,564,57	0,0,0,0,160,0,0,0,0,0,58,0,0,0,66,12	152	149	1
4008	0,35659,4,0,2	0,678,0,0,0	0,0,0,0,1206,8,2,12,4,0,1776,0,0,0,234,250	0,0,0,0,38,0,0,0,0,0,34,0,0,0,21,25	563	149	1
4010	0,14,0,0,0	0,0,0,0,0	0,0,0,0,72,0,0,0,0,0,29,0,0,0,171,7	0,0,0,0,0,0,0,0,0,0,2,0,0,0,7,4	161	149	1
4012	0,0,0,0,0	0,9,0,0,0	0,0,0,0,85,0,0,0,0,0,44,0,0,0,0,0	0,0,0,0,44,0,0,0,0,0,34,0,0,0,0,0	212	149	1
4013	0,0,0,0,0	0,9,0,0,0	0,0,0,0,112,0,0,0,0,0,38,0,0,0,0,0	0,0,0,0,44,0,0,0,0,0,34,0,0,0,0,0	209	149	1
4015	0,0,0,0,0	0,1,0,0,0	0,0,0,0,85,0,0,0,0,0,22,0,0,0,0,0	0,0,0,0,0,0,0,0,0,0,14,0,0,0,3,0	212	149	1
4016	0,0,0,0,0	0,1,0,0,0	0,0,0,0,106,0,0,0,0,0,24,0,0,0,10,0	0,0,0,0,0,0,0,0,0,0,14,0,0,0,3,0	209	149	1
4020	0,0,0,0,2	0,21,0,0,0	0,0,0,0,0,0,0,0,0,0,9,0,0,0,5,0	0,0,0,0,175,0,0,0,0,0,249,0,0,0,158,8	179	149	1
4024	0,26,0,0,0	0,10,0,0,0	0,0,0,0,212,0,0,0,0,0,126,0,0,0,5,12	0,0,0,0,23,0,0,0,0,0,3,0,0,0,0,0	204	149	1
4025	0,61,0,0,0	0,2,0,0,0	0,0,0,0,132,0,0,0,2,0,142,0,0,0,7,21	0,0,0,0,0,0,0,0,0,0,2,0,0,0,0,0	167	149	1
4026	0,61,0,0,0	0,2,0,0,0	0,0,0,0,132,0,0,0,2,0,151,0,0,0,7,21	0,0,0,0,26,0,0,0,0,0,12,0,0,0,0,1	170	149	1
4027	0,2,0,0,0	0,2,0,0,0	0,0,0,0,0,0,0,0,0,0,11,0,0,0,0,0	0,0,0,0,26,0,0,0,0,0,12,0,0,0,0,1	152	149	1
4028	0,1,0,0,0	0,0,0,0,0	0,0,0,0,17,0,0,0,0,0,6,0,0,0,2,0	0,0,0,0,10,0,0,0,0,0,1,0,0,0,0,2	260	149	1
4029	0,0,0,0,0	0,28,0,0,0	0,0,0,0,0,0,0,0,0,0,1,0,0,0,0,1	0,0,0,0,22,0,0,0,0,0,2,0,0,0,23,13	217	149	1
4038	0,30,0,0,0	0,183,0,0,0	0,0,0,0,28,0,0,0,0,0,0,0,0,0,0,0	0,0,0,0,71,0,0,0,0,0,72,0,0,0,55,5	195	149	1
4041	0,39,0,0,0	0,6,0,0,0	0,0,0,0,597,0,2,2,0,2,506,0,0,0,162,34	0,0,0,0,0,0,0,0,0,0,18,0,0,0,5,1	153	149	1
4044	0,7,0,0,4	0,0,0,0,0	0,0,0,0,119,0,2,2,0,6,438,0,0,0,777,122	0,0,0,0,26,0,2,0,0,2,188,0,0,0,183,20	218	149	1
4046	0,6,0,0,0	0,0,0,0,0	0,0,0,0,0,0,0,0,0,0,26,0,0,0,40,20	0,0,0,0,0,0,0,0,0,0,0,0,0,0,1,0	153	149	1
4047	0,815,0,0,0	0,11,0,0,0	0,0,0,0,795,0,0,0,0,0,1207,0,0,0,167,3	0,0,0,0,8,0,0,0,0,0,9,0,0,0,0,0	295	149	1
4048	0,34,0,0,0	0,0,0,0,0	0,0,0,0,60,0,0,0,0,0,170,0,0,0,337,8	0,0,0,0,11,0,0,0,0,0,5,0,0,0,5,0	174	149	1
4049	0,36,0,0,0	0,0,0,0,0	0,0,0,0,69,0,0,0,0,0,179,0,0,0,383,8	0,0,0,0,0,0,0,0,0,0,0,0,0,0,6,0	199	149	1
4050	0,2,0,0,0	0,0,0,0,0	0,0,0,0,20,0,0,0,0,0,14,0,0,0,51,0	0,0,0,0,0,0,0,0,0,0,0,0,0,0,6,0	174	149	1
4052	0,16,0,0,0	0,3,0,0,0	0,0,0,0,105,0,0,0,0,0,29,0,0,0,0,7	0,0,0,0,0,0,0,0,0,0,0,0,0,0,0,0	448	149	1
4054	0,39,0,0,0	0,15,0,0,0	0,0,0,0,83,0,0,0,0,0,51,0,0,0,56,0	0,0,0,0,10,0,0,0,0,0,6,0,0,0,17,1	167	149	1
4055	0,300,2,0,0	0,15,0,0,0	0,0,0,0,617,0,0,2,0,0,575,0,0,0,777,43	0,0,0,0,10,0,0,0,0,0,6,0,0,0,17,1	169	149	1
4058	0,104,0,0,0	0,0,0,0,0	0,0,0,0,266,0,0,0,0,0,263,0,0,0,461,59	0,0,0,0,0,0,0,0,0,0,3,0,0,0,16,0	152	149	1
4060	0,58,0,0,2	0,1,0,0,0	0,0,0,0,159,0,0,0,0,0,190,0,0,0,388,19	0,0,0,0,2,0,0,0,0,0,21,0,0,0,63,3	152	149	1
4061	0,2,0,0,2	0,8,0,0,0	0,0,0,0,216,0,0,0,0,2,122,0,0,0,319,34	0,0,0,0,41,0,0,0,0,0,34,0,0,0,71,16	188	149	1
4062	0,0,0,0,0	0,7,2,0,0	0,0,0,0,34,2,0,2,0,0,99,0,0,0,224,61	0,0,0,0,93,0,0,0,0,0,87,0,0,0,281,38	170	149	1
4065	0,409,0,0,0	0,86,0,0,0	0,0,0,0,356,0,0,0,0,0,746,0,0,0,0,14	0,0,0,0,88,0,0,0,0,0,153,0,0,0,0,0	152	149	1
4068	0,30,0,0,2	0,0,0,0,0	0,0,0,0,191,0,2,0,0,0,51,0,0,0,208,62	0,0,0,0,0,0,0,0,0,0,0,0,0,0,8,1	2047	149	1
4069	0,5,0,0,0	0,390,0,0,4	0,0,0,0,6,0,0,0,0,0,6,0,0,0,0,0	0,0,0,0,1095,0,0,2,0,0,707,0,0,0,99,39	171	149	1
4071	0,124,0,0,0	0,53,2,0,0	0,0,0,0,58,0,0,0,0,0,32,0,0,0,252,5	0,0,0,0,124,0,0,4,0,0,214,0,0,0,321,3	324	149	1
4075	0,3912,2,0,0	0,2,0,0,0	0,0,0,0,2383,0,0,9,0,0,6543,0,0,0,1812,250	0,0,0,0,0,0,0,0,0,0,4,0,0,0,1,0	193	149	1
4076	0,4073,0,0,0	0,12,0,0,0	0,0,0,0,2177,0,6,0,0,0,5721,0,0,0,1453,292	0,0,0,0,0,0,0,0,0,0,18,0,0,0,0,0	182	149	1
4077	0,38,2,0,0	0,1,0,0,0	0,0,0,0,88,0,0,0,0,0,60,0,0,0,157,3	0,0,0,0,15,0,0,0,0,0,1,0,0,0,15,0	180	149	1
4078	0,0,0,0,0	0,5,0,0,0	0,0,0,0,10,0,0,0,0,0,2,0,0,0,35,0	0,0,0,0,23,0,0,0,0,0,42,0,0,0,120,5	161	149	1
4080	0,2,0,0,0	0,1,0,0,0	0,0,0,0,17,0,0,0,0,0,61,0,0,0,83,3	0,0,0,0,34,0,2,0,0,0,119,0,0,0,145,6	152	149	1
4083	0,8,0,0,0	0,0,0,0,0	0,0,0,0,0,0,0,0,0,0,65,0,0,0,9,0	0,0,0,0,0,0,0,0,0,0,0,0,0,0,7,0	1863	149	1
4084	0,482,8,0,0	0,0,0,0,0	0,0,0,0,1492,0,2,0,0,0,162,0,0,0,204,26	0,0,0,0,3,0,0,0,0,0,0,0,0,0,0,0	153	149	1
4087	0,351,2,0,0	0,0,0,0,0	0,0,0,0,1195,0,2,0,0,0,212,0,0,0,303,41	0,0,0,0,0,0,0,0,0,0,2,0,0,0,0,0	497	149	1
4088	0,316,2,0,0	0,9,0,0,0	0,0,0,0,1128,0,2,0,0,0,197,0,0,0,272,35	0,0,0,0,17,0,0,0,0,0,0,0,0,0,5,0	221	149	1
4090	0,1561,0,0,0	0,0,0,0,0	0,0,0,0,420,0,0,0,0,0,1071,0,0,0,273,50	0,0,0,0,0,0,0,0,0,0,4,0,0,0,0,0	156	149	1
4091	0,13,0,0,0	0,156,0,0,0	0,0,0,0,20,0,0,0,0,0,0,0,0,0,0,2	0,0,0,0,656,0,0,0,0,0,282,0,0,0,27,6	185	149	1
4092	0,585,0,0,0	0,0,0,0,0	0,0,0,0,3147,0,0,0,0,0,565,0,0,0,250,49	0,0,0,0,0,0,0,0,0,0,4,0,0,0,0,0	1208	149	1
4093	0,13,0,0,0	0,2,0,0,0	0,0,0,0,56,0,0,0,0,0,8,0,0,0,5,0	0,0,0,0,137,0,0,0,0,0,101,0,0,0,3,7	178	149	1
4095	0,0,0,0,0	0,1,0,0,0	0,0,0,0,8,0,0,0,0,0,4,0,0,0,4,2	0,0,0,0,0,0,0,0,0,0,3,0,0,0,0,0	153	149	1
4096	0,10,0,0,0	0,1,0,0,0	0,0,0,0,38,0,0,0,0,0,8,0,0,0,8,4	0,0,0,0,0,0,0,0,0,0,3,0,0,0,0,0	616	149	1
4097	0,10,0,0,0	0,0,0,0,0	0,0,0,0,30,0,0,0,0,0,6,0,0,0,4,2	0,0,0,0,0,0,0,0,0,0,2,0,0,0,0,0	612	149	1
4099	0,19,0,0,0	0,0,0,0,0	0,0,0,0,48,0,0,0,0,0,33,0,0,0,166,3	0,0,0,0,0,0,0,0,0,0,1,0,0,0,3,0	256	149	1
4100	0,50,0,0,0	0,0,0,0,0	0,0,0,0,156,0,0,0,0,0,73,0,0,0,275,3	0,0,0,0,0,0,0,0,0,0,1,0,0,0,3,0	259	149	1
4101	0,36,0,0,0	0,5,0,0,0	0,0,0,0,108,0,0,0,0,0,46,0,0,0,137,0	0,0,0,0,0,0,0,0,0,0,6,0,0,0,28,0	152	149	1
4103	0,29,0,0,0	0,3,0,0,0	0,0,0,0,99,2,0,0,0,0,97,0,0,0,9,10	0,0,0,0,28,0,0,0,0,0,23,0,0,0,15,8	152	149	1
4104	0,4,0,0,0	0,16,0,0,0	0,0,0,0,11,0,0,0,0,0,2,0,0,0,0,4	0,0,0,0,28,0,0,0,0,0,59,0,0,0,0,1	173	149	1
4105	0,348,0,0,0	0,0,0,0,0	0,0,0,0,231,0,0,0,2,0,421,0,0,0,303,17	0,0,0,0,0,0,0,0,0,0,2,0,0,0,0,0	526	149	1
4107	0,268,0,0,0	0,2890,0,0,8	0,0,0,0,973,0,0,0,0,0,687,0,0,0,266,221	0,0,0,0,8151,2,12,2,7,4,5841,0,0,0,3074,2405	152	149	1
4108	0,4077,6,0,8	0,0,0,0,0	0,0,0,0,12046,4,5,14,13,10,7725,0,0,0,4320,1950	0,0,0,0,0,0,0,0,0,0,1,0,0,0,0,0	158	149	1
4109	0,26,5,0,0	0,0,0,0,0	0,0,0,0,199,28,7,2,0,0,153,0,0,0,1687,572	0,0,0,0,11,0,0,0,0,0,14,0,0,0,0,1	2893	149	1
4110	0,0,0,0,0	0,34,0,0,0	0,0,0,0,79,0,0,0,0,0,32,0,0,0,135,40	0,0,0,0,149,0,2,2,0,0,139,0,0,0,174,114	324	149	1
4111	0,106,2,0,0	0,13,0,0,0	0,0,0,0,357,2,0,2,0,0,197,0,0,0,143,207	0,0,0,0,46,0,0,0,0,0,10,0,0,0,17,31	152	149	1
4112	0,13,0,0,0	0,30,0,0,4	0,0,0,0,0,0,0,0,0,0,1,0,0,0,7,5	0,0,0,0,201,0,0,2,0,0,120,0,0,0,31,48	188	149	1
4113	0,80,0,0,0	0,9,0,0,0	0,0,0,0,228,0,0,4,0,0,149,0,0,0,74,95	0,0,0,0,13,0,0,0,0,0,2,0,0,0,0,0	185	149	1
4114	0,37,0,0,0	0,9,0,0,0	0,0,0,0,105,0,0,0,0,0,46,0,0,0,49,27	0,0,0,0,13,0,0,0,0,0,2,0,0,0,0,0	222	149	1
4115	0,16,0,0,0	0,59,0,0,0	0,0,0,0,70,0,0,0,0,0,25,0,0,0,23,18	0,0,0,0,193,0,0,4,0,0,128,0,0,0,48,86	186	149	1
4116	0,11,0,0,0	0,4,0,0,0	0,0,0,0,0,0,0,0,0,0,5,0,0,0,1,7	0,0,0,0,8,0,0,0,0,0,4,0,0,0,8,0	247	149	1
4117	0,11,0,0,0	0,33,0,0,0	0,0,0,0,11,0,0,0,0,0,6,0,0,0,2,7	0,0,0,0,90,0,0,4,0,0,81,0,0,0,29,56	247	149	1
4120	0,486,0,0,0	0,1,0,0,0	0,0,0,0,717,0,0,2,0,0,1963,0,0,0,305,187	0,0,0,0,3,0,0,0,0,0,9,0,0,0,0,0	1164	149	1
4122	0,0,0,0,0	0,8,0,0,0	0,0,0,0,0,0,0,0,0,0,5,0,0,0,11,0	0,0,0,0,211,2,0,2,0,0,147,0,0,0,527,68	177	149	1
4123	0,0,0,0,0	0,6,0,0,0	0,0,0,0,52,0,0,2,4,0,22,0,0,0,84,37	0,0,0,0,2,0,0,0,0,0,12,0,0,0,39,14	176	149	1
4124	0,105,0,0,2	0,20,0,0,0	0,0,0,0,283,0,0,2,0,0,427,0,0,0,250,97	0,0,0,0,46,0,0,0,0,0,74,0,0,0,24,15	152	149	1
4125	0,14,0,0,0	0,0,0,0,0	0,0,0,0,35,0,0,2,0,0,43,0,0,0,13,0	0,0,0,0,34,0,0,0,0,0,2,0,0,0,0,0	152	149	1
4126	0,255,0,0,0	0,8,0,0,0	0,0,0,0,368,0,0,1,2,0,569,0,0,0,631,17	0,0,0,0,8,0,0,0,0,0,24,0,0,0,12,0	203	149	1
4127	0,442,0,0,4	0,0,0,0,0	0,0,0,0,1815,4,0,2,0,0,2500,0,0,0,3553,255	0,0,0,0,13,0,0,0,0,0,2,0,0,0,0,2	455	149	1
4128	0,543,2,0,4	0,8,0,0,0	0,0,0,0,1882,4,0,2,0,2,3035,0,0,0,4583,183	0,0,0,0,20,0,0,0,0,0,13,0,0,0,27,3	242	149	1
4129	0,19,0,0,0	0,0,0,0,0	0,0,0,0,56,0,0,0,0,0,49,0,0,0,104,5	0,0,0,0,7,0,0,0,0,0,0,0,0,0,0,0	287	149	1
4131	0,0,0,0,0	0,9,0,0,0	0,0,0,0,0,0,0,0,0,0,2,0,0,0,0,0	0,0,0,0,122,0,0,2,0,0,68,0,0,0,185,2	164	149	1
4134	0,6,0,0,0	0,8,0,0,0	0,0,0,0,44,0,0,0,0,0,57,0,0,0,15,0	0,0,0,0,85,0,0,2,0,0,91,0,0,0,28,12	194	149	1
4137	0,10,0,0,0	0,15,0,0,0	0,0,0,0,29,0,0,0,0,0,0,0,0,0,18,0	0,0,0,0,62,0,0,0,0,0,31,0,0,0,74,5	1196	149	1
4138	0,0,0,0,0	0,2,0,0,0	0,0,0,0,0,0,0,0,0,0,8,0,0,0,9,0	0,0,0,0,49,0,0,0,0,0,60,0,0,0,125,6	193	149	1
4140	0,9,0,0,0	0,12,0,0,0	0,0,0,0,23,0,0,0,0,2,17,0,0,0,0,2	0,0,0,0,50,0,0,0,0,0,7,0,0,0,12,6	187	149	1
4141	0,34,0,0,0	0,87,0,0,0	0,0,0,0,62,0,0,0,0,0,74,0,0,0,46,9	0,0,0,0,282,2,0,0,0,0,333,0,0,0,520,20	187	149	1
4142	0,9,0,0,0	0,5,0,0,0	0,0,0,0,2,0,0,0,0,0,5,0,0,0,0,0	0,0,0,0,18,0,0,0,0,0,5,0,0,0,6,0	187	149	1
4144	0,15,0,0,0	0,10,0,0,0	0,0,0,0,12,0,0,0,0,0,82,0,0,0,5,19	0,0,0,0,35,0,0,0,0,0,20,0,0,0,20,11	155	149	1
4145	0,2,0,0,0	0,0,0,0,0	0,0,0,0,31,0,2,0,0,0,74,0,0,0,158,8	0,0,0,0,9,0,0,0,0,0,21,0,0,0,61,4	194	149	1
4146	0,0,0,0,0	0,129,0,0,0	0,0,0,0,13,0,0,0,0,0,13,0,0,0,45,0	0,0,0,0,113,0,0,0,4,2,506,0,0,0,223,18	455	149	1
4149	0,15,0,0,0	0,9,0,0,0	0,0,0,0,25,0,0,0,0,0,1,0,0,0,0,0	0,0,0,0,64,0,0,0,0,0,11,0,0,0,0,4	326	149	1
4151	0,0,0,0,0	0,11,0,0,0	0,0,0,0,40,0,0,0,0,0,23,0,0,0,33,0	0,0,0,0,60,0,0,0,0,0,61,0,0,0,51,0	152	149	1
4152	0,79,0,0,0	0,368,2,0,0	0,0,0,0,506,0,0,1,0,0,528,0,0,0,595,94	0,0,0,0,1570,0,0,2,0,2,1677,0,0,0,1687,210	152	149	1
4153	0,18,0,0,0	0,368,2,0,0	0,0,0,0,155,0,0,1,0,0,120,0,0,0,125,3	0,0,0,0,1570,0,0,2,0,2,1677,0,0,0,1687,210	155	149	1
4154	0,3,0,0,0	0,64,0,0,0	0,0,0,0,40,0,0,0,0,0,39,0,0,0,24,3	0,0,0,0,391,0,0,0,0,0,447,0,0,0,494,94	152	149	1
4155	0,360,0,0,0	0,20,0,0,0	0,0,0,0,1347,2,0,0,0,0,1127,0,0,0,973,182	0,0,0,0,60,0,0,0,0,2,56,0,0,0,120,42	179	149	1
4156	0,322,0,0,0	0,0,0,0,0	0,0,0,0,1193,0,0,0,0,0,1470,0,0,0,1108,170	0,0,0,0,0,0,0,0,0,0,1,0,0,0,14,0	179	149	1
4157	0,92,0,0,0	0,0,0,0,0	0,0,0,0,355,0,0,0,0,0,398,0,0,0,425,104	0,0,0,0,0,0,0,0,0,0,0,0,0,0,0,1	179	149	1
4158	0,88,0,0,0	0,2,0,0,0	0,0,0,0,105,0,0,0,2,0,120,0,0,0,63,17	0,0,0,0,0,0,0,0,0,0,11,0,0,0,0,2	214	149	1
4160	0,4,0,0,0	0,35,0,0,0	0,0,0,0,9,0,0,0,0,0,5,0,0,0,12,2	0,0,0,0,82,0,0,0,0,0,155,0,0,0,188,10	238	149	1
4164	0,630,0,0,0	0,0,0,0,0	0,0,0,0,2908,4,2,5,0,2,3106,0,0,0,1104,95	0,0,0,0,0,0,0,0,0,0,6,0,0,0,0,0	1320	149	1
4165	0,0,0,0,0	0,117,0,0,2	0,0,0,0,19,0,0,0,0,0,2,0,0,0,10,0	0,0,0,0,410,0,0,0,0,0,514,0,0,0,481,105	185	149	1
4167	0,1,0,0,0	0,2,0,0,2	0,0,0,0,0,0,0,0,0,0,6,0,0,0,0,3	0,0,0,0,26,0,0,0,0,0,32,0,0,0,0,92	168	149	1
4180	0,14,0,0,0	0,42,0,0,0	0,0,0,0,3,0,0,0,0,0,24,0,0,0,11,0	0,0,0,0,143,2,0,0,0,0,77,0,0,0,29,10	152	149	1
4182	0,4,0,0,0	0,0,0,0,0	0,0,0,0,63,0,0,0,0,0,73,0,0,0,202,17	0,0,0,0,0,0,0,0,0,0,0,0,0,0,0,2	152	149	1
4183	0,63,0,0,0	0,0,0,0,0	0,0,0,0,120,0,0,0,0,0,236,0,0,0,258,9	0,0,0,0,0,0,0,0,0,0,1,0,0,0,2,1	153	149	1
4187	0,2,0,0,0	0,27,0,0,0	0,0,0,0,0,0,0,0,0,0,0,0,0,0,0,0	0,0,0,0,13,0,0,0,0,0,22,0,0,0,92,4	175	149	1
4188	0,1381,26,0,10	0,0,0,0,0	0,0,0,0,1038,2,0,0,0,0,496,0,0,0,228,41	0,0,0,0,11,0,0,0,0,0,9,0,0,0,2,0	179	149	1
4192	0,69,0,0,0	0,0,0,0,0	0,0,0,0,103,0,0,0,0,0,759,0,0,0,479,75	0,0,0,0,0,0,0,0,0,0,18,0,0,0,0,2	644	149	1
4193	0,6,0,0,0	0,0,0,0,0	0,0,0,0,0,0,0,0,0,0,111,0,0,0,42,1	0,0,0,0,0,0,0,0,0,0,6,0,0,0,0,0	159	149	1
4195	0,8,0,0,0	0,2,0,0,0	0,0,0,0,42,0,0,0,0,0,3,0,0,0,0,1	0,0,0,0,5,0,0,0,0,0,5,0,0,0,0,0	152	149	1
4197	0,0,0,0,0	0,5,2,0,0	0,0,0,0,11,0,0,0,0,0,0,0,0,0,10,1	0,0,0,0,0,0,0,0,0,0,2,0,0,0,12,2	152	149	1
4198	0,0,0,0,0	0,5,0,0,0	0,0,0,0,36,0,0,1,0,0,49,0,0,0,54,19	0,0,0,0,23,0,0,0,0,0,35,0,0,0,46,4	152	149	1
4199	0,271,0,0,0	0,0,0,0,0	0,0,0,0,173,0,0,0,0,0,269,0,0,0,49,20	0,0,0,0,0,0,0,0,0,0,3,0,0,0,0,0	773	149	1
4201	0,303,2,0,2	0,0,0,0,0	0,0,0,0,1063,0,10,2,0,0,185,0,0,0,704,99	0,0,0,0,4,0,0,0,0,0,0,0,0,0,5,0	735	149	1
4206	0,469,0,0,0	0,18433,130,0,61	0,0,0,0,58,0,0,0,0,0,447,0,0,0,294,2	0,0,0,0,2959,10,35,44,2,20,15009,0,0,0,16101,2210	188	149	1
4207	0,1200,2,0,80	0,0,0,0,0	0,0,0,0,1517,0,0,21,14,16,6523,0,0,0,7178,7335	0,0,0,0,0,0,0,0,0,0,10,0,0,0,19,1	170	149	1
4209	0,15,0,0,0	0,4,0,0,0	0,0,0,0,225,0,0,0,0,0,246,0,0,0,324,48	0,0,0,0,9,0,0,0,0,0,21,0,0,0,34,2	270	149	1
4210	0,14,1,0,0	0,9,0,0,0	0,0,0,0,78,2,0,2,2,0,83,0,0,0,318,35	0,0,0,0,15,0,0,0,0,0,11,0,0,0,87,5	263	149	1
4211	0,10,1,0,0	0,0,0,0,0	0,0,0,0,28,2,0,0,2,0,49,0,0,0,171,27	0,0,0,0,0,0,0,0,0,0,6,0,0,0,0,0	263	149	1
4212	0,15,0,0,0	0,215,0,0,0	0,0,0,0,15,0,0,0,0,0,21,0,0,0,59,10	0,0,0,0,242,0,0,0,0,0,312,0,0,0,294,14	275	149	1
4213	0,88,2,0,0	0,9,0,0,0	0,0,0,0,0,0,0,2,0,0,81,0,0,0,42,2	0,0,0,0,0,0,0,0,0,0,4,0,0,0,0,0	260	149	1
4218	0,485,0,0,0	0,4,0,0,0	0,0,0,0,342,0,0,0,0,2,940,0,0,0,86,31	0,0,0,0,4,0,0,0,0,0,27,0,0,0,0,0	164	149	1
4219	0,173,0,0,0	0,0,0,0,0	0,0,0,0,162,0,0,0,0,0,202,0,0,0,7,6	0,0,0,0,12,0,0,0,0,0,0,0,0,0,0,0	192	149	1
4220	0,452,0,0,0	0,11,0,0,0	0,0,0,0,377,0,0,0,0,0,426,0,0,0,74,14	0,0,0,0,0,0,0,0,0,0,5,0,0,0,0,0	308	149	1
4221	0,770,0,0,2	0,35,0,0,0	0,0,0,0,405,0,0,0,0,2,345,0,0,0,209,25	0,0,0,0,0,0,0,0,0,0,23,0,0,0,0,0	254	149	1
4223	0,0,0,0,0	0,36,0,0,0	0,0,0,0,2,0,0,0,0,0,8,0,0,0,0,0	0,0,0,0,96,0,0,0,0,0,146,0,0,0,1,3	201	149	1
4224	0,0,0,0,0	0,20,0,0,0	0,0,0,0,28,0,0,0,0,0,0,0,0,0,3,1	0,0,0,0,127,0,0,0,0,0,78,0,0,0,57,8	208	149	1
4227	0,99,0,0,0	0,0,0,0,0	0,0,0,0,159,0,0,0,0,0,109,0,0,0,28,86	0,0,0,0,0,0,0,0,0,0,7,0,0,0,0,2	317	149	1
4228	0,7,0,0,0	0,156,0,0,0	0,0,0,0,5,0,0,0,0,0,14,0,0,0,0,0	0,0,0,0,105,0,0,0,0,0,139,0,0,0,60,15	215	149	1
4229	0,147,0,0,0	0,7,0,0,0	0,0,0,0,82,0,0,0,0,0,105,0,0,0,84,21	0,0,0,0,13,0,0,0,0,0,9,0,0,0,0,0	174	149	1
4230	0,4,0,0,0	0,0,0,0,0	0,0,0,0,31,0,0,0,0,0,40,0,0,0,140,15	0,0,0,0,0,0,0,0,0,0,2,0,0,0,0,0	215	149	1
4236	0,0,0,0,0	0,17,0,0,0	0,0,0,0,0,0,0,0,0,0,3,0,0,0,38,0	0,0,0,0,66,0,0,0,4,4,40,0,0,0,197,27	152	149	1
4237	0,13,0,0,0	0,0,0,0,0	0,0,0,0,134,0,0,0,0,0,141,0,0,0,99,6	0,0,0,0,0,0,0,0,0,0,6,0,0,0,0,0	200	149	1
4238	0,1279,0,0,0	0,0,0,0,0	0,0,0,0,427,2,0,2,0,0,1615,0,0,0,2139,243	0,0,0,0,0,0,0,0,0,0,2,0,0,0,2,0	213	149	1
4239	0,362,0,0,0	0,0,0,0,0	0,0,0,0,139,0,0,0,0,0,452,0,0,0,656,167	0,0,0,0,0,0,0,0,0,0,2,0,0,0,2,0	240	149	1
4240	0,27,0,0,0	0,944,0,0,0	0,0,0,0,0,0,0,0,0,0,43,0,0,0,30,1	0,0,0,0,288,2,0,2,0,0,1206,0,0,0,1513,77	176	149	1
4243	0,313,0,0,2	0,0,0,0,0	0,0,0,0,393,0,0,2,0,0,882,0,0,0,944,40	0,0,0,0,8,0,0,0,0,0,0,0,0,0,5,2	153	149	1
4245	0,133,2,0,2	0,0,0,0,0	0,0,0,0,309,0,0,0,2,0,942,0,0,0,1509,156	0,0,0,0,0,0,0,0,0,0,6,0,0,0,0,0	152	149	1
4248	0,0,0,0,0	0,57,0,0,2	0,0,0,0,0,0,0,0,0,0,25,0,0,0,14,0	0,0,0,0,144,0,0,0,0,2,605,0,0,0,1100,42	208	149	1
4251	0,27,0,0,0	0,0,0,0,0	0,0,0,0,138,0,0,0,0,0,128,0,0,0,323,11	0,0,0,0,12,0,0,0,0,0,4,0,0,0,0,0	397	149	1
4253	0,0,0,0,0	0,26,0,0,0	0,0,0,0,0,0,0,0,0,0,2,0,0,0,0,0	0,0,0,0,490,0,0,0,0,0,530,0,0,0,172,17	179	149	1
4254	0,0,0,0,0	0,38,0,0,0	0,0,0,0,0,0,0,0,0,0,0,0,0,0,3,0	0,0,0,0,468,2,0,0,0,0,402,0,0,0,164,22	177	149	1
4264	0,0,0,0,0	0,2,0,0,0	0,0,0,0,0,0,0,0,0,0,0,0,0,0,0,1	0,0,0,0,22,0,0,0,0,0,11,0,0,0,99,7	171	149	1
4266	0,1,0,0,0	0,3,0,0,2	0,0,0,0,32,0,0,0,0,0,6,0,0,0,76,2	0,0,0,0,0,0,0,0,0,0,0,0,0,0,25,3	326	149	1
4267	0,11,0,0,0	0,0,0,0,0	0,0,0,0,8,0,0,0,0,0,4,0,0,0,20,6	0,0,0,0,9,0,0,0,0,0,0,0,0,0,2,0	749	149	1
4269	0,0,0,0,0	0,31,0,0,0	0,0,0,0,0,0,0,0,0,0,1,0,0,0,8,2	0,0,0,0,331,2,2,0,0,0,574,0,0,0,373,30	173	149	1
4276	0,0,0,0,0	0,0,2,0,0	0,0,0,0,0,0,0,0,0,0,0,0,0,0,3,1	0,0,0,0,95,0,0,0,0,0,89,0,0,0,233,14	173	149	1
4278	0,0,0,0,0	0,4,0,0,0	0,0,0,0,8,0,0,0,0,0,0,0,0,0,0,0	0,0,0,0,0,0,0,0,0,0,0,0,0,0,0,0	152	149	1
4279	0,63,0,0,0	0,0,0,0,0	0,0,0,0,99,0,0,0,0,0,38,0,0,0,1,26	0,0,0,0,0,0,0,0,0,0,0,0,0,0,0,4	268	149	1
4280	0,67,0,0,0	0,0,0,0,0	0,0,0,0,91,0,0,0,0,0,38,0,0,0,1,26	0,0,0,0,0,0,0,0,0,0,0,0,0,0,0,4	265	149	1
4281	0,5,0,0,0	0,0,0,0,0	0,0,0,0,17,0,0,0,0,0,5,0,0,0,0,3	0,0,0,0,0,0,0,0,0,0,3,0,0,0,1,0	152	149	1
4282	0,74,0,0,0	0,0,0,0,0	0,0,0,0,108,0,0,0,0,0,48,0,0,0,1,29	0,0,0,0,0,0,0,0,0,0,8,0,0,0,0,0	271	149	1
4283	0,69,0,0,0	0,0,0,0,0	0,0,0,0,91,0,0,0,0,0,46,0,0,0,2,26	0,0,0,0,0,0,0,0,0,0,8,0,0,0,0,0	268	149	1
4284	0,11,0,0,0	0,38,0,0,0	0,0,0,0,7,0,0,0,0,0,20,0,0,0,2,1	0,0,0,0,68,0,0,0,0,0,176,0,0,0,0,24	189	149	1
4285	0,42,0,0,0	0,138,0,0,0	0,0,0,0,41,0,0,0,0,2,147,0,0,0,8,18	0,0,0,0,220,0,0,4,0,0,522,0,0,0,23,83	161	149	1
4286	0,205,0,0,0	0,28,0,0,0	0,0,0,0,195,0,0,0,2,0,775,0,0,0,95,16	0,0,0,0,36,0,0,0,0,0,111,0,0,0,18,1	152	149	1
4287	0,762,0,0,2	0,0,0,0,0	0,0,0,0,610,0,0,0,0,0,1252,0,0,0,116,76	0,0,0,0,0,0,0,0,0,0,1,0,0,0,0,0	362	149	1
4293	0,13,0,0,0	0,36,0,0,2	0,0,0,0,20,0,0,0,0,0,5,0,0,0,7,1	0,0,0,0,59,0,0,0,0,0,46,0,0,0,25,0	229	149	1
4295	0,61,0,0,0	0,20,0,0,0	0,0,0,0,271,0,0,0,0,0,195,0,0,0,290,25	0,0,0,0,45,0,0,0,0,0,109,0,0,0,70,5	152	149	1
4308	0,3,0,0,0	0,0,0,0,0	0,0,0,0,83,0,0,0,0,0,27,0,0,0,17,1	0,0,0,0,6,0,0,0,0,0,18,0,0,0,2,0	186	149	1
4309	0,3,0,0,0	0,0,0,0,0	0,0,0,0,63,0,0,0,0,0,3,0,0,0,13,1	0,0,0,0,9,0,0,0,0,0,10,0,0,0,0,4	152	149	1
4311	0,4,0,0,0	0,2,0,0,0	0,0,0,0,85,2,0,0,0,0,27,0,0,0,135,8	0,0,0,0,15,0,0,0,0,0,59,0,0,0,73,6	1406	149	1
4313	0,2,0,0,0	0,0,0,0,0	0,0,0,0,101,0,0,0,0,0,12,0,0,0,34,12	0,0,0,0,0,0,0,0,0,0,0,0,0,0,2,0	197	149	1
4315	0,132,0,0,0	0,2,0,0,0	0,0,0,0,247,0,0,0,0,0,236,0,0,0,36,74	0,0,0,0,9,0,0,0,0,0,8,0,0,0,0,7	372	149	1
4317	0,34,0,0,0	0,0,0,0,0	0,0,0,0,215,0,0,0,0,0,28,0,0,0,11,0	0,0,0,0,6,0,0,0,0,0,0,0,0,0,0,0	224	149	1
4318	0,47,0,0,0	0,85,0,0,0	0,0,0,0,305,0,0,0,0,0,54,0,0,0,11,0	0,0,0,0,643,0,0,0,2,0,107,0,0,0,14,2	224	149	1
4319	0,6,0,0,0	0,0,0,0,0	0,0,0,0,0,0,0,0,0,0,4,0,0,0,31,4	0,0,0,0,8,0,0,0,0,0,13,0,0,0,16,0	278	149	1
4320	0,6,0,0,0	0,15,0,0,0	0,0,0,0,15,2,0,0,0,0,162,0,0,0,324,1	0,0,0,0,35,0,0,0,0,0,27,0,0,0,65,4	201	149	1
4321	0,0,0,0,0	0,12,0,0,0	0,0,0,0,0,0,0,0,0,0,0,0,0,0,8,2	0,0,0,0,48,0,0,0,0,0,145,0,0,0,214,10	178	149	1
4322	0,2,0,0,0	0,9,0,0,0	0,0,0,0,25,0,0,0,0,0,7,0,0,0,14,2	0,0,0,0,14,0,0,0,0,0,24,0,0,0,26,4	200	149	1
4323	0,1,0,0,0	0,4,0,0,0	0,0,0,0,86,0,0,0,0,0,49,0,0,0,22,2	0,0,0,0,11,0,0,0,0,0,0,0,0,0,0,0	325	149	1
4324	0,9,0,0,0	0,0,0,0,0	0,0,0,0,58,0,0,0,0,0,16,0,0,0,0,0	0,0,0,0,19,0,0,0,0,0,9,0,0,0,0,0	155	149	1
4325	0,5,0,0,0	0,23,0,0,0	0,0,0,0,0,0,0,0,0,0,12,0,0,0,6,1	0,0,0,0,31,0,0,0,0,0,19,0,0,0,0,0	162	149	1
4326	0,80,0,0,0	0,0,0,0,0	0,0,0,0,240,0,0,0,0,0,728,0,0,0,38,16	0,0,0,0,0,0,0,0,0,0,2,0,0,0,0,0	157	149	1
4328	0,0,0,0,0	0,238,0,0,0	0,0,0,0,32,0,0,0,0,0,19,0,0,0,14,0	0,0,0,0,724,0,0,4,0,0,1077,0,0,0,416,89	173	149	1
4329	0,0,0,0,0	0,238,0,0,0	0,0,0,0,18,0,0,0,0,0,2,0,0,0,0,0	0,0,0,0,724,0,0,4,0,0,1077,0,0,0,416,89	161	149	1
4334	0,0,0,0,0	0,46,0,0,0	0,0,0,0,28,0,0,0,0,0,3,0,0,0,12,0	0,0,0,0,221,0,0,0,0,0,198,0,0,0,252,74	194	149	1
4338	0,102705,92,0,62	0,0,0,0,0	0,0,0,0,171163,38,69,278,59,34,229341,0,0,0,144448,20425	0,0,0,0,0,0,0,0,0,0,0,0,0,0,1,0	479	149	1
4339	0,22883,214,0,110	0,0,0,0,0	0,0,0,0,107614,201,150,467,65,96,105564,0,0,0,144649,22386	0,0,0,0,42,0,0,0,0,0,3,0,0,0,0,0	437	149	1
4340	0,20336,177,0,92	0,0,0,0,0	0,0,0,0,97248,165,116,387,63,92,95168,0,0,0,128820,20112	0,0,0,0,1,0,0,0,0,0,3,0,0,0,0,0	158	149	1
4342	0,49,0,0,0	0,0,0,0,0	0,0,0,0,492,0,0,0,0,0,261,0,0,0,97,11	0,0,0,0,35,0,0,0,0,0,6,0,0,0,0,0	238	149	1
4343	0,94,0,0,2	0,0,0,0,0	0,0,0,0,1443,0,0,2,0,0,688,0,0,0,247,76	0,0,0,0,0,0,0,0,0,0,2,0,0,0,0,0	238	149	1
4344	0,58,0,0,2	0,0,0,0,0	0,0,0,0,1136,0,0,2,0,0,434,0,0,0,182,67	0,0,0,0,0,0,0,0,0,0,4,0,0,0,0,0	1361	149	1
4346	0,4,0,0,0	0,0,0,0,0	0,0,0,0,53,0,0,0,0,0,24,0,0,0,7,0	0,0,0,0,5,0,0,0,0,0,0,0,0,0,0,0	170	149	1
4347	0,90,0,0,0	0,0,0,0,0	0,0,0,0,1109,0,0,2,0,0,559,0,0,0,192,25	0,0,0,0,5,0,0,0,0,0,0,0,0,0,0,0	154	149	1
4348	0,7,0,0,0	0,0,0,0,0	0,0,0,0,10,0,0,0,0,0,6,0,0,0,14,0	0,0,0,0,24,0,0,0,0,0,0,0,0,0,1,0	286	149	1
4350	0,0,0,0,0	0,8,0,0,0	0,0,0,0,0,0,0,0,0,0,1,0,0,0,0,1	0,0,0,0,169,0,0,0,0,0,65,0,0,0,14,17	168	149	1
4351	0,30,0,0,0	0,0,0,0,0	0,0,0,0,373,0,0,2,2,2,111,0,0,0,88,21	0,0,0,0,0,0,0,0,0,0,4,0,0,0,0,0	173	149	1
4358	0,38,0,0,0	0,0,0,0,0	0,0,0,0,30,0,0,0,0,2,115,0,0,0,31,3	0,0,0,0,0,0,0,0,0,0,6,0,0,0,0,0	232	149	1
4360	0,2,0,0,0	0,756,0,0,2	0,0,0,0,0,0,0,0,0,0,24,0,0,0,4,0	0,0,0,0,1367,0,0,2,0,0,2277,0,0,0,883,95	175	149	1
4361	0,1366,2,0,0	0,0,0,0,0	0,0,0,0,1344,0,2,5,0,2,2585,0,0,0,771,27	0,0,0,0,0,0,0,0,0,0,11,0,0,0,0,0	158	149	1
4363	0,11,0,0,0	0,0,0,0,0	0,0,0,0,0,0,0,0,0,0,9,0,0,0,0,4	0,0,0,0,0,0,0,0,0,0,1,0,0,0,0,0	271	149	1
4368	0,39,0,0,0	0,221,0,0,0	0,0,0,0,30,2,0,0,0,0,33,0,0,0,21,1	0,0,0,0,469,0,2,0,0,0,745,0,0,0,764,11	291	149	1
4369	0,18,0,0,0	0,16,0,0,0	0,0,0,0,95,0,0,0,0,0,75,0,0,0,17,1	0,0,0,0,40,0,0,0,0,0,7,0,0,0,15,0	152	149	1
4370	0,1539,0,0,0	0,2,0,0,0	0,0,0,0,1,0,0,0,0,0,47,0,0,0,2,0	0,0,0,0,0,0,0,0,0,0,0,0,0,0,0,0	220	149	1
4374	0,14,0,0,0	0,554,4,0,0	0,0,0,0,0,0,0,0,0,0,19,0,0,0,9,7	0,0,0,0,1257,4,4,2,2,2,2489,0,0,0,2598,215	174	149	1
4375	0,4,0,0,0	0,116,0,0,2	0,0,0,0,0,0,0,0,0,0,1,0,0,0,1,2	0,0,0,0,31,0,0,2,0,0,118,0,0,0,48,37	180	149	1
4376	0,64,0,0,0	0,0,0,0,0	0,0,0,0,23,0,0,0,0,0,74,0,0,0,31,17	0,0,0,0,0,0,0,0,0,0,5,0,0,0,1,0	246	149	1
4377	0,176,0,0,2	0,0,0,0,0	0,0,0,0,54,0,0,2,0,0,191,0,0,0,78,52	0,0,0,0,0,0,0,0,0,0,5,0,0,0,1,0	215	149	1
4378	0,3,0,0,0	0,12,0,0,0	0,0,0,0,0,0,0,0,0,0,4,0,0,0,0,2	0,0,0,0,89,0,0,0,0,0,23,0,0,0,148,26	181	149	1
4381	0,1924,2,0,0	0,6,0,0,0	0,0,0,0,1057,0,0,0,0,0,815,0,0,0,527,68	0,0,0,0,0,0,0,0,0,0,0,0,0,0,4,0	157	149	1
4383	0,0,0,0,0	0,32,0,0,0	0,0,0,0,0,0,0,0,0,0,0,0,0,0,0,1	0,0,0,0,210,0,0,0,0,2,113,0,0,0,11,1	258	149	1
4384	0,48,0,0,0	0,0,0,0,0	0,0,0,0,14,0,0,0,0,0,3,0,0,0,4,1	0,0,0,0,7,0,0,0,0,0,1,0,0,0,0,0	209	149	1
4385	0,10,0,0,0	0,18,0,0,0	0,0,0,0,20,0,2,0,0,0,6,0,0,0,68,25	0,0,0,0,73,0,0,2,0,0,103,0,0,0,8,6	1306	149	1
4386	0,400,0,0,0	0,0,0,0,0	0,0,0,0,171,0,0,0,0,0,684,0,0,0,2,22	0,0,0,0,0,0,0,0,0,0,6,0,0,0,0,0	450	149	1
4387	0,22,0,0,0	0,254,0,0,0	0,0,0,0,9,0,0,0,0,0,47,0,0,0,0,5	0,0,0,0,92,0,0,0,0,0,499,0,0,0,0,11	168	149	1
4388	0,51,0,0,0	0,316,0,0,0	0,0,0,0,78,0,0,0,0,0,125,0,0,0,14,8	0,0,0,0,130,0,0,0,0,0,350,0,0,0,41,4	521	149	1
4389	0,1015,0,0,0	0,227,0,0,0	0,0,0,0,334,0,0,0,0,0,854,0,0,0,201,13	0,0,0,0,106,0,0,0,0,0,154,0,0,0,75,0	355	149	1
4391	0,89,0,0,0	0,28,0,0,0	0,0,0,0,79,0,0,0,0,0,36,0,0,0,12,51	0,0,0,0,0,0,0,0,0,0,3,0,0,0,0,4	209	149	1
4393	0,0,2,0,0	0,0,0,0,0	0,0,0,0,143,2,0,0,0,0,56,0,0,0,147,1	0,0,0,0,0,0,0,0,0,0,5,0,0,0,8,1	152	149	1
4394	0,9,0,0,0	0,0,0,0,0	0,0,0,0,4,0,0,0,0,0,5,0,0,0,30,6	0,0,0,0,0,0,0,0,0,0,6,0,0,0,8,2	152	149	1
4395	0,3,0,0,0	0,25,0,0,0	0,0,0,0,10,0,0,0,0,0,35,0,0,0,0,1	0,0,0,0,90,0,0,0,0,0,107,0,0,0,0,3	152	149	1
4396	0,39,0,0,0	0,0,0,0,0	0,0,0,0,155,0,0,0,0,0,184,0,0,0,0,5	0,0,0,0,0,0,0,0,0,0,9,0,0,0,0,0	297	149	1
4397	0,29,0,0,0	0,184,0,0,0	0,0,0,0,6,0,0,0,0,0,32,0,0,0,14,9	0,0,0,0,342,0,0,0,0,0,537,0,0,0,210,77	218	149	1
4398	0,111,0,0,0	0,7,0,0,0	0,0,0,0,232,0,0,4,0,0,514,0,0,0,158,27	0,0,0,0,0,0,0,0,0,0,36,0,0,0,10,1	203	149	1
4399	0,112,0,0,0	0,0,0,0,0	0,0,0,0,230,0,0,2,0,0,356,0,0,0,125,36	0,0,0,0,0,0,0,0,0,0,0,0,0,0,0,1	680	149	1
4400	0,1210,2,0,4	0,1,0,0,0	0,0,0,0,1718,2,8,2,6,0,565,0,0,0,973,378	0,0,0,0,0,0,0,0,0,0,4,0,0,0,0,0	859	149	1
4401	0,2211,8,0,4	0,37,0,0,0	0,0,0,0,5062,6,12,2,6,0,1495,0,0,0,3383,619	0,0,0,0,93,0,0,0,0,0,60,0,0,0,24,5	2087	149	1
4402	0,49,0,0,0	0,0,0,0,0	0,0,0,0,134,0,0,0,0,0,48,0,0,0,4,0	0,0,0,0,0,0,0,0,0,0,6,0,0,0,0,0	170	149	1
4403	0,185,0,0,0	0,0,0,0,0	0,0,0,0,829,0,0,0,0,0,519,0,0,0,2,26	0,0,0,0,0,0,0,0,0,0,6,0,0,0,0,0	175	149	1
4404	0,146,0,0,0	0,10,0,0,0	0,0,0,0,725,0,0,0,0,0,475,0,0,0,2,26	0,0,0,0,30,0,0,0,0,0,4,0,0,0,4,0	154	149	1
4405	0,19,0,0,2	0,0,0,0,0	0,0,0,0,54,0,0,0,0,0,62,0,0,0,65,14	0,0,0,0,0,0,0,0,0,0,9,0,0,0,12,0	160	149	1
4406	0,125,0,0,0	0,5,0,0,0	0,0,0,0,17,0,0,0,0,0,428,0,0,0,321,34	0,0,0,0,0,0,0,0,0,0,33,0,0,0,16,0	189	149	1
4407	0,2,0,0,0	0,475,0,0,0	0,0,0,0,0,0,0,0,0,0,16,0,0,0,12,0	0,0,0,0,196,0,0,4,0,0,2207,0,0,0,571,23	176	149	1
4408	0,0,0,0,0	0,460,0,0,4	0,0,0,0,0,0,0,0,0,0,0,0,0,0,2,2	0,0,0,0,43,0,0,3,0,0,1092,0,0,0,581,44	192	149	1
4411	0,0,0,0,0	0,21,0,0,0	0,0,0,0,16,0,0,0,0,0,8,0,0,0,0,0	0,0,0,0,41,0,0,0,0,0,45,0,0,0,6,10	208	149	1
4413	0,17,0,0,0	0,0,0,0,0	0,0,0,0,214,0,0,0,0,0,145,0,0,0,214,17	0,0,0,0,17,0,0,0,0,0,0,0,0,0,0,5	221	149	1
4417	0,307,0,0,0	0,11306,0,0,12	0,0,0,0,411,0,0,0,0,0,348,0,0,0,246,10	0,0,0,0,20525,0,0,3,14,22,15202,0,0,0,3850,838	292	149	1
4418	0,294,0,0,0	0,11306,0,0,12	0,0,0,0,376,0,0,0,0,0,346,0,0,0,224,10	0,0,0,0,20525,0,0,3,14,22,15202,0,0,0,3850,838	194	149	1
4419	0,4,0,0,0	0,19113,12,0,14	0,0,0,0,17,0,0,0,0,0,3,0,0,0,14,3	0,0,0,0,30876,0,0,5,22,24,21669,0,0,0,9141,1275	181	149	1
4420	0,11699,4,0,6	0,75,0,0,0	0,0,0,0,12394,4,6,22,10,10,10658,0,0,0,10603,619	0,0,0,0,259,0,0,0,0,0,168,0,0,0,21,3	286	149	1
4421	0,30808,16,0,20	0,75,0,0,0	0,0,0,0,43253,4,6,27,32,34,32324,0,0,0,19730,1891	0,0,0,0,259,0,0,0,0,0,168,0,0,0,21,3	254	149	1
4425	0,100,0,0,0	0,0,0,0,0	0,0,0,0,136,0,0,0,0,0,116,0,0,0,141,9	0,0,0,0,0,0,0,0,0,0,4,0,0,0,0,0	915	149	1
4426	0,103,0,0,0	0,0,0,0,0	0,0,0,0,176,0,0,0,0,0,140,0,0,0,148,9	0,0,0,0,0,0,0,0,0,0,15,0,0,0,0,0	915	149	1
4427	0,46,0,0,0	0,0,0,0,0	0,0,0,0,130,0,0,0,0,2,110,0,0,0,6,5	0,0,0,0,0,0,0,0,0,0,1,0,0,0,0,0	266	149	1
4429	0,33,0,0,0	0,46,0,0,0	0,0,0,0,244,0,0,0,0,0,43,0,0,0,160,8	0,0,0,0,136,0,0,0,0,0,56,0,0,0,124,10	421	149	1
4430	0,3,0,0,0	0,213,0,0,0	0,0,0,0,39,0,0,0,0,0,2,0,0,0,11,0	0,0,0,0,454,2,0,0,0,0,148,0,0,0,222,21	166	149	1
4431	0,33,0,0,0	0,653,0,0,0	0,0,0,0,13,0,0,0,0,0,9,0,0,0,3,0	0,0,0,0,598,0,4,0,0,0,224,0,0,0,543,53	177	149	1
4432	0,0,0,0,0	0,18,0,0,0	0,0,0,0,0,0,0,0,0,0,0,0,0,0,15,3	0,0,0,0,70,0,0,2,0,0,110,0,0,0,183,16	247	149	1
4436	0,6,0,0,0	0,33,0,0,2	0,0,0,0,31,0,0,0,0,0,18,0,0,0,2,5	0,0,0,0,83,0,0,0,0,0,59,0,0,0,27,7	242	149	1
4438	0,0,0,0,0	0,2,0,0,0	0,0,0,0,0,0,0,0,0,0,3,0,0,0,17,2	0,0,0,0,23,0,0,0,0,0,45,0,0,0,50,9	152	149	1
4439	0,1344,0,0,0	0,4,0,0,0	0,0,0,0,849,6,12,0,0,4,1685,0,0,0,1129,57	0,0,0,0,0,0,0,0,0,0,3,0,0,0,0,0	174	149	1
4443	0,0,0,0,0	0,121,0,0,2	0,0,0,0,0,0,0,0,0,0,14,0,0,0,0,12	0,0,0,0,159,0,0,0,0,0,652,0,0,0,457,169	171	149	1
4444	0,1,0,0,0	0,121,0,0,2	0,0,0,0,6,0,0,0,0,0,15,0,0,0,15,13	0,0,0,0,159,0,0,0,0,0,652,0,0,0,457,169	206	149	1
4445	0,1,0,0,0	0,0,0,0,0	0,0,0,0,6,0,0,0,0,0,4,0,0,0,15,3	0,0,0,0,0,0,0,0,0,0,3,0,0,0,0,2	184	149	1
4446	0,6,0,0,0	0,120,0,0,0	0,0,0,0,43,0,0,0,0,0,20,0,0,0,36,2	0,0,0,0,287,0,0,1,0,0,742,0,0,0,329,22	275	149	1
4447	0,163,0,0,0	0,0,0,0,0	0,0,0,0,518,0,0,2,0,2,1253,0,0,0,229,83	0,0,0,0,0,0,0,0,0,0,3,0,0,0,0,0	155	149	1
4448	0,478,0,0,2	0,0,0,0,0	0,0,0,0,1292,0,0,6,0,2,1710,0,0,0,467,90	0,0,0,0,3,0,0,0,0,0,2,0,0,0,0,3	161	149	1
4449	0,313,0,0,4	0,0,0,0,0	0,0,0,0,1635,0,0,16,0,0,3152,0,0,0,571,266	0,0,0,0,0,0,0,0,0,0,8,0,0,0,0,0	190	149	1
4450	0,86,0,0,0	0,32,0,0,0	0,0,0,0,198,0,0,1,0,0,241,0,0,0,128,4	0,0,0,0,15,0,0,0,0,0,49,0,0,0,13,1	175	149	1
4451	0,78,0,0,0	0,0,0,0,0	0,0,0,0,459,0,0,0,0,0,235,0,0,0,0,3	0,0,0,0,0,0,0,0,0,0,2,0,0,0,0,0	254	149	1
4453	0,0,0,0,0	0,67,2,0,0	0,0,0,0,12,0,0,0,0,0,0,0,0,0,14,0	0,0,0,0,356,2,2,0,2,0,230,0,0,0,462,22	152	149	1
4457	0,2,0,0,0	0,21,0,0,0	0,0,0,0,0,0,0,0,0,0,0,0,0,0,0,0	0,0,0,0,322,0,0,0,0,0,189,0,0,0,7,0	178	149	1
4458	0,3,0,0,0	0,4,0,0,0	0,0,0,0,8,0,0,0,0,0,6,0,0,0,0,5	0,0,0,0,0,0,0,0,0,0,0,0,0,0,0,0	152	149	1
4460	0,3,0,0,0	0,1,0,0,0	0,0,0,0,8,0,0,0,0,0,5,0,0,0,10,5	0,0,0,0,0,0,0,0,0,0,11,0,0,0,0,0	152	149	1
4461	0,18,0,0,0	0,0,0,0,0	0,0,0,0,11,0,0,0,0,0,36,0,0,0,38,12	0,0,0,0,0,0,0,0,0,0,4,0,0,0,1,2	562	149	1
4463	0,24,0,0,0	0,24,0,0,0	0,0,0,0,11,0,0,0,0,0,19,0,0,0,6,4	0,0,0,0,72,0,0,0,0,0,33,0,0,0,35,3	152	149	1
4464	0,1042,6,0,0	0,0,0,0,0	0,0,0,0,1765,6,2,0,6,2,578,0,0,0,761,642	0,0,0,0,6,0,0,0,0,0,0,0,0,0,0,0	1048	149	1
4465	0,0,0,0,0	0,6,0,0,0	0,0,0,0,0,0,0,0,0,0,0,0,0,0,6,0	0,0,0,0,8,0,0,0,0,0,24,0,0,0,6,11	150	149	1
4466	0,15,0,0,0	0,81,0,0,2	0,0,0,0,0,0,0,0,0,0,1,0,0,0,0,0	0,0,0,0,937,0,0,0,0,0,356,0,0,0,486,27	167	149	1
4468	0,14,0,0,0	0,22,0,0,0	0,0,0,0,18,0,0,2,0,0,37,0,0,0,28,5	0,0,0,0,54,0,0,0,0,0,71,0,0,0,73,12	152	149	1
4470	0,6,0,0,0	0,12,0,0,0	0,0,0,0,78,0,0,0,0,0,35,0,0,0,3,3	0,0,0,0,27,0,0,0,0,0,1,0,0,0,0,0	153	149	1
4471	0,13,0,0,0	0,0,0,0,0	0,0,0,0,127,0,0,0,2,0,48,0,0,0,41,5	0,0,0,0,11,0,0,0,0,0,0,0,0,0,0,0	208	149	1
4472	0,0,0,0,0	0,6,0,0,0	0,0,0,0,6,0,0,0,0,0,0,0,0,0,0,0	0,0,0,0,103,0,0,0,0,0,59,0,0,0,16,17	190	149	1
4474	0,4,0,0,0	0,0,0,0,0	0,0,0,0,13,0,0,0,0,0,9,0,0,0,6,0	0,0,0,0,0,0,0,0,0,0,3,0,0,0,0,0	152	149	1
4475	0,0,0,0,0	0,294,0,0,0	0,0,0,0,12,0,0,0,0,0,5,0,0,0,0,0	0,0,0,0,90,0,0,0,0,0,352,0,0,0,5,10	208	149	1
4478	0,108,0,0,0	0,0,0,0,0	0,0,0,0,35,0,0,0,0,0,110,0,0,0,12,3	0,0,0,0,0,0,0,0,0,0,1,0,0,0,0,0	184	149	1
4479	0,257,0,0,0	0,0,0,0,0	0,0,0,0,152,0,0,0,0,0,284,0,0,0,119,2	0,0,0,0,0,0,0,0,0,0,0,0,0,0,2,0	184	149	1
4481	0,8,0,0,0	0,0,0,0,0	0,0,0,0,0,0,0,0,0,0,20,0,0,0,0,1	0,0,0,0,0,0,0,0,0,0,13,0,0,0,0,1	152	149	1
4482	0,28,0,0,0	0,160,0,0,0	0,0,0,0,0,0,0,0,0,0,26,0,0,0,1,1	0,0,0,0,77,0,0,0,0,0,199,0,0,0,69,6	152	149	1
4487	0,40,0,0,0	0,176,0,0,0	0,0,0,0,30,0,0,0,0,0,41,0,0,0,0,12	0,0,0,0,91,0,0,0,0,0,322,0,0,0,2,57	152	149	1
4488	0,16,0,0,0	0,0,0,0,0	0,0,0,0,239,0,0,2,0,0,10,0,0,0,1,5	0,0,0,0,0,0,0,0,0,0,1,0,0,0,0,0	558	149	1
4489	0,2,0,0,0	0,4,0,0,0	0,0,0,0,49,0,0,0,0,0,9,0,0,0,0,2	0,0,0,0,14,0,0,0,0,0,0,0,0,0,0,2	182	149	1
4490	0,0,2,0,0	0,0,0,0,0	0,0,0,0,55,4,0,2,0,0,32,0,0,0,91,29	0,0,0,0,0,0,0,0,0,0,0,0,0,0,6,0	430	149	1
4498	0,25,2,0,2	0,0,0,0,0	0,0,0,0,166,2,0,0,0,0,184,0,0,0,315,26	0,0,0,0,0,0,0,0,0,0,0,0,0,0,0,1	160	149	1
4500	0,168,0,0,0	0,2,0,0,0	0,0,0,0,992,6,7,2,4,8,564,0,0,0,1189,151	0,0,0,0,10,0,0,0,0,0,19,0,0,0,13,2	4740	149	1
4501	0,3,0,0,0	0,0,0,0,0	0,0,0,0,0,0,0,0,0,0,3,0,0,0,36,0	0,0,0,0,0,0,0,0,0,0,1,0,0,0,0,0	182	149	1
4502	0,1167,0,0,0	0,0,0,0,0	0,0,0,0,1600,0,0,2,0,0,4723,0,0,0,1595,280	0,0,0,0,7,0,0,0,0,0,7,0,0,0,0,0	170	149	1
4504	0,239,2,0,0	0,0,0,0,0	0,0,0,0,536,0,0,0,0,2,370,0,0,0,345,69	0,0,0,0,0,0,0,0,0,0,2,0,0,0,0,0	244	149	1
4505	0,6,0,0,0	0,0,0,0,0	0,0,0,0,0,0,0,0,0,0,0,0,0,0,0,0	0,0,0,0,0,0,0,0,0,0,2,0,0,0,3,0	152	149	1
4506	0,147,0,0,0	0,15215,10,0,4	0,0,0,0,292,0,0,0,0,0,368,0,0,0,500,5	0,0,0,0,29118,6,6,44,0,2,32407,0,0,0,41045,331	190	149	1
4507	0,3,0,0,0	0,0,0,0,0	0,0,0,0,78,0,0,0,0,0,135,0,0,0,65,8	0,0,0,0,1,0,0,0,0,0,4,0,0,0,0,0	152	149	1
4508	0,8,0,0,0	0,0,0,0,0	0,0,0,0,82,0,0,0,0,0,146,0,0,0,69,8	0,0,0,0,0,0,0,0,0,0,23,0,0,0,7,0	152	149	1
4509	0,25,1,0,0	0,134,0,0,0	0,0,0,0,152,0,0,0,0,0,116,0,0,0,47,3	0,0,0,0,583,0,0,0,0,0,804,0,0,0,146,15	262	149	1
4510	0,13,1,0,0	0,0,0,0,0	0,0,0,0,75,0,0,0,0,0,61,0,0,0,40,3	0,0,0,0,0,0,0,0,0,0,1,0,0,0,1,0	262	149	1
4511	0,6,0,0,0	0,154,0,0,0	0,0,0,0,11,0,0,0,0,0,6,0,0,0,3,5	0,0,0,0,302,0,0,0,0,0,297,0,0,0,423,16	171	149	1
4512	0,56,0,0,0	0,68,0,0,0	0,0,0,0,253,0,0,0,0,0,45,0,0,0,2,11	0,0,0,0,90,0,0,0,0,0,52,0,0,0,5,3	534	149	1
4513	0,241,0,0,0	0,0,0,0,0	0,0,0,0,318,0,0,0,0,0,140,0,0,0,17,16	0,0,0,0,0,0,0,0,0,0,2,0,0,0,0,0	318	149	1
4514	0,25,0,0,0	0,5,0,0,0	0,0,0,0,35,0,0,0,0,0,33,0,0,0,77,17	0,0,0,0,10,0,0,0,0,0,5,0,0,0,27,11	152	149	1
4515	0,3,0,0,0	0,17,0,0,0	0,0,0,0,0,0,0,0,0,0,0,0,0,0,0,0	0,0,0,0,0,0,0,0,0,0,0,0,0,0,4,0	193	149	1
4516	0,8,0,0,0	0,8,0,0,0	0,0,0,0,198,0,4,0,0,0,48,0,0,0,66,27	0,0,0,0,25,0,0,0,0,0,48,0,0,0,82,27	209	149	1
4517	0,0,0,0,0	0,4,0,0,0	0,0,0,0,61,0,0,0,0,0,2,0,0,0,0,2	0,0,0,0,148,0,0,0,0,0,0,0,0,0,0,0	318	149	1
4519	0,1567,0,0,0	0,6,0,0,0	0,0,0,0,3672,2,2,0,2,4,3363,0,0,0,550,99	0,0,0,0,7,0,0,0,0,0,2,0,0,0,2,0	1034	149	1
4520	0,32,0,0,0	0,0,0,0,0	0,0,0,0,147,0,0,0,0,2,255,0,0,0,9,33	0,0,0,0,0,0,0,0,0,0,8,0,0,0,0,0	182	149	1
4521	0,8,0,0,0	0,2,0,0,0	0,0,0,0,15,0,0,0,0,0,18,0,0,0,0,0	0,0,0,0,20,0,0,2,0,0,8,0,0,0,0,2	152	149	1
4523	0,2268,10,0,2	0,0,0,0,0	0,0,0,0,3112,8,2,2,0,4,2122,0,0,0,4725,141	0,0,0,0,0,0,0,0,0,0,24,0,0,0,18,0	2340	149	1
4524	0,2,0,0,0	0,65,0,0,0	0,0,0,0,8,0,0,2,0,0,9,0,0,0,19,1	0,0,0,0,561,0,0,4,0,0,566,0,0,0,1277,39	174	149	1
4526	0,0,0,0,0	0,4,0,0,0	0,0,0,0,75,0,0,0,0,0,28,0,0,0,109,2	0,0,0,0,46,0,0,0,0,0,51,0,0,0,105,8	152	149	1
4527	0,11,0,0,0	0,75,0,0,0	0,0,0,0,44,0,0,0,0,0,60,0,0,0,36,5	0,0,0,0,150,0,0,0,0,0,143,0,0,0,82,32	152	149	1
4528	0,365,0,0,0	0,5,0,0,0	0,0,0,0,2059,0,0,0,2,0,167,0,0,0,171,34	0,0,0,0,238,0,0,0,0,0,88,0,0,0,5,0	1348	149	1
4530	0,11,2,0,0	0,0,0,0,0	0,0,0,0,107,6,0,0,0,2,81,0,0,0,141,21	0,0,0,0,0,0,0,0,0,0,1,0,0,0,8,1	263	149	1
4534	0,14,0,0,0	0,0,0,0,0	0,0,0,0,12,0,0,0,0,0,27,0,0,0,111,2	0,0,0,0,0,0,0,0,0,0,1,0,0,0,0,0	361	149	1
4537	0,14,0,0,0	0,0,0,0,0	0,0,0,0,131,0,0,2,0,0,175,0,0,0,365,22	0,0,0,0,0,0,0,0,0,0,2,0,0,0,0,0	299	149	1
4542	0,10,0,0,2	0,0,0,0,0	0,0,0,0,15,0,0,0,0,0,36,0,0,0,97,13	0,0,0,0,0,0,0,0,0,0,2,0,0,0,0,0	203	149	1
4543	0,15,0,0,0	0,470,2,0,0	0,0,0,0,54,0,0,0,0,0,41,0,0,0,25,0	0,0,0,0,666,2,0,1,0,2,1131,0,0,0,803,97	163	149	1
4545	0,973,2,0,0	0,0,0,0,0	0,0,0,0,910,0,2,0,0,2,1534,0,0,0,805,360	0,0,0,0,2,0,0,0,0,0,4,0,0,0,8,0	1178	149	1
4546	0,452,2,0,0	0,0,0,0,0	0,0,0,0,918,2,0,3,0,0,1277,0,0,0,794,244	0,0,0,0,0,0,0,0,0,0,0,0,0,0,0,1	342	149	1
4556	0,8,0,0,0	0,5,0,0,0	0,0,0,0,54,0,0,0,0,0,140,0,0,0,117,14	0,0,0,0,46,0,0,0,0,0,45,0,0,0,41,1	152	149	1
4557	0,49,0,0,2	0,0,0,0,0	0,0,0,0,168,2,0,0,0,0,234,0,0,0,106,11	0,0,0,0,11,0,0,0,0,0,11,0,0,0,10,9	153	149	1
4558	0,10,0,0,0	0,333,0,0,6	0,0,0,0,183,0,0,0,0,0,28,0,0,0,0,2	0,0,0,0,6917,4,4,0,2,0,1219,0,0,0,239,17	165	149	1
4559	0,14,0,0,0	0,102,0,0,0	0,0,0,0,5,0,0,0,0,0,14,0,0,0,0,30	0,0,0,0,354,0,0,2,0,0,779,0,0,0,5,136	238	149	1
4561	0,0,0,0,0	0,8,0,0,0	0,0,0,0,84,0,0,0,0,0,26,0,0,0,14,2	0,0,0,0,36,0,0,0,0,0,9,0,0,0,5,1	158	149	1
4562	0,43,0,0,0	0,0,0,0,0	0,0,0,0,160,0,0,0,0,2,188,0,0,0,335,10	0,0,0,0,0,0,0,0,0,0,3,0,0,0,0,0	156	149	1
4564	0,4,0,0,0	0,0,0,0,0	0,0,0,0,57,0,0,0,0,0,7,0,0,0,0,6	0,0,0,0,0,0,0,0,0,0,0,0,0,0,0,1	232	149	1
4565	0,29,0,0,0	0,102,0,0,0	0,0,0,0,125,0,0,0,0,0,25,0,0,0,21,1	0,0,0,0,271,0,0,0,0,0,176,0,0,0,94,3	617	149	1
4566	0,149,0,0,0	0,0,0,0,0	0,0,0,0,468,0,0,0,0,0,191,0,0,0,142,22	0,0,0,0,15,0,0,0,0,0,1,0,0,0,0,0	1526	149	1
4567	0,139,0,0,0	0,12,0,0,0	0,0,0,0,367,0,0,0,0,0,188,0,0,0,134,18	0,0,0,0,112,0,0,0,0,0,11,0,0,0,10,0	789	149	1
4570	0,10,0,0,0	0,27,2,0,0	0,0,0,0,33,0,0,0,0,0,16,0,0,0,50,5	0,0,0,0,103,0,0,0,2,0,75,0,0,0,474,10	551	149	1
4571	0,1201,6,0,0	0,0,0,0,0	0,0,0,0,2629,4,0,4,0,0,1428,0,0,0,2159,139	0,0,0,0,0,0,0,0,0,0,2,0,0,0,0,0	1196	149	1
4572	0,1,0,0,0	0,178,0,0,0	0,0,0,0,17,0,0,0,2,0,4,0,0,0,14,0	0,0,0,0,623,0,0,2,0,0,290,0,0,0,396,7	168	149	1
4573	0,9,0,0,0	0,0,0,0,0	0,0,0,0,0,0,0,0,0,2,151,0,0,0,157,3	0,0,0,0,0,0,0,0,0,0,9,0,0,0,7,0	154	149	1
4601	0,22,0,0,0	0,4,0,0,0	0,0,0,0,120,0,0,0,0,0,58,0,0,0,37,2	0,0,0,0,12,0,0,0,0,0,14,0,0,0,0,0	168	149	1
4602	0,848,0,0,4	0,17,0,0,0	0,0,0,0,1647,0,0,0,0,0,784,0,0,0,576,78	0,0,0,0,68,0,0,0,0,0,20,0,0,0,34,7	520	149	1
4604	0,67,0,0,0	0,18,0,0,0	0,0,0,0,89,0,0,1,2,0,327,0,0,0,279,11	0,0,0,0,6,0,0,0,0,0,54,0,0,0,56,3	197	149	1
4605	0,1,0,0,0	0,0,0,0,0	0,0,0,0,0,0,0,0,0,0,4,0,0,0,14,2	0,0,0,0,3,0,0,0,0,0,9,0,0,0,6,1	166	149	1
4606	0,13,0,0,0	0,0,0,0,0	0,0,0,0,0,0,0,0,2,0,95,0,0,0,105,4	0,0,0,0,0,0,0,0,0,0,6,0,0,0,0,0	197	149	1
4607	0,249,0,0,0	0,0,0,0,0	0,0,0,0,343,0,2,6,0,0,217,0,0,0,474,118	0,0,0,0,0,0,0,0,0,0,1,0,0,0,0,0	1870	149	1
4608	0,17530,24,0,12	0,2,0,0,0	0,0,0,0,25153,24,6,81,16,21,29186,0,0,0,23712,2965	0,0,0,0,0,0,0,0,0,0,3,0,0,0,0,0	186	149	1
4609	0,2896,0,0,0	0,2,0,0,0	0,0,0,0,3673,4,0,12,0,0,4373,0,0,0,2729,165	0,0,0,0,0,0,0,0,0,0,3,0,0,0,0,0	203	149	1
4610	0,14,0,0,0	0,14648,24,0,12	0,0,0,0,55,0,0,0,0,0,25,0,0,0,25,17	0,0,0,0,21535,20,6,69,16,21,24838,0,0,0,21008,2817	166	149	1
4611	0,0,0,0,0	0,66,0,0,0	0,0,0,0,25,0,0,0,0,0,2,0,0,0,0,0	0,0,0,0,202,0,0,0,0,0,414,0,0,0,48,29	184	149	1
4612	0,246,0,0,0	0,0,0,0,0	0,0,0,0,509,0,0,2,0,4,852,0,0,0,210,136	0,0,0,0,0,0,0,0,0,0,0,0,0,0,0,1	535	149	1
4614	0,24,0,0,0	0,0,0,0,0	0,0,0,0,67,0,0,2,0,0,158,0,0,0,149,24	0,0,0,0,0,0,0,0,0,0,0,0,0,0,18,0	239	149	1
4616	0,40,0,0,0	0,2,0,0,0	0,0,0,0,108,0,0,0,1,0,103,0,0,0,62,10	0,0,0,0,44,0,0,0,0,0,42,0,0,0,4,2	152	149	1
4617	0,16,0,0,0	0,0,0,0,0	0,0,0,0,128,0,0,0,0,0,30,0,0,0,66,6	0,0,0,0,35,0,0,0,0,0,2,0,0,0,0,0	992	149	1
4618	0,5,0,0,0	0,65,0,0,0	0,0,0,0,16,0,0,0,0,0,36,0,0,0,0,1	0,0,0,0,92,0,0,0,0,0,314,0,0,0,0,16	202	149	1
4619	0,6,0,0,0	0,0,0,0,0	0,0,0,0,7,0,0,0,0,0,10,0,0,0,0,0	0,0,0,0,0,0,0,0,0,0,8,0,0,0,0,0	219	149	1
4620	0,38,0,0,0	0,92,0,0,0	0,0,0,0,82,0,0,2,0,0,46,0,0,0,6,4	0,0,0,0,23,0,0,0,0,0,240,0,0,0,1,12	231	149	1
4621	0,28,0,0,0	0,1,0,0,0	0,0,0,0,80,0,0,2,0,0,40,0,0,0,5,5	0,0,0,0,0,0,0,0,0,0,4,0,0,0,0,0	231	149	1
4622	0,3,0,0,0	0,0,0,0,0	0,0,0,0,40,0,0,0,0,0,81,0,0,0,80,48	0,0,0,0,0,0,0,0,0,0,0,0,0,0,3,0	303	149	1
4623	0,6,0,0,0	0,0,0,0,0	0,0,0,0,23,0,2,0,0,0,50,0,0,0,25,30	0,0,0,0,0,0,0,0,0,0,0,0,0,0,5,0	632	149	1
4628	0,0,0,0,0	0,4,0,0,0	0,0,0,0,2,0,0,0,0,0,6,0,0,0,0,0	0,0,0,0,64,0,0,0,0,0,55,0,0,0,0,7	177	149	1
4631	0,17,0,0,0	0,0,0,0,0	0,0,0,0,85,0,0,0,0,0,69,0,0,0,1,4	0,0,0,0,0,0,0,0,0,0,0,0,0,0,20,1	188	149	1
4632	0,22,0,0,0	0,0,0,0,0	0,0,0,0,91,0,0,0,0,0,39,0,0,0,21,2	0,0,0,0,0,0,0,0,0,0,19,0,0,0,0,0	154	149	1
4636	0,0,0,0,0	0,230,0,0,0	0,0,0,0,0,0,0,0,0,0,0,0,0,0,22,6	0,0,0,0,217,0,0,0,0,0,243,0,0,0,26,25	220	149	1
4637	0,6,0,0,0	0,2,0,0,0	0,0,0,0,0,0,0,0,0,0,12,0,0,0,7,1	0,0,0,0,11,0,0,0,0,0,31,0,0,0,20,6	573	149	1
4638	0,6,0,0,0	0,0,0,0,0	0,0,0,0,0,0,0,0,0,0,11,0,0,0,7,1	0,0,0,0,2,0,0,0,0,0,27,0,0,0,23,18	573	149	1
4639	0,7,0,0,0	0,0,0,0,0	0,0,0,0,4,0,0,0,0,0,11,0,0,0,0,228	0,0,0,0,0,0,0,0,0,0,1,0,0,0,0,1	153	149	1
4640	0,8,0,0,0	0,0,0,0,0	0,0,0,0,2,0,0,0,0,0,3,0,0,0,2,0	0,0,0,0,78,0,0,0,0,0,35,0,0,0,0,5	167	149	1
4641	0,91,0,0,0	0,0,0,0,0	0,0,0,0,952,2,4,0,4,0,173,0,0,0,80,9	0,0,0,0,0,0,0,0,0,0,0,0,0,0,11,0	1679	149	1
4645	0,6,0,0,0	0,141,0,0,0	0,0,0,0,44,0,0,0,0,0,18,0,0,0,18,1	0,0,0,0,419,0,0,0,2,0,412,0,0,0,209,22	185	149	1
4646	0,0,0,0,0	0,204,2,0,2	0,0,0,0,0,0,0,0,0,0,12,0,0,0,27,0	0,0,0,0,49,0,0,0,0,0,526,0,0,0,378,11	173	149	1
4647	0,20,0,0,0	0,0,0,0,0	0,0,0,0,70,0,0,0,0,0,0,0,0,0,1,0	0,0,0,0,8,0,0,0,0,0,0,0,0,0,0,0	152	149	1
4648	0,18,0,0,0	0,0,0,0,0	0,0,0,0,47,0,0,2,0,0,155,0,0,0,233,19	0,0,0,0,0,0,0,0,0,0,2,0,0,0,0,0	163	149	1
4649	0,17,2,0,0	0,0,0,0,0	0,0,0,0,126,2,0,2,0,0,380,0,0,0,400,19	0,0,0,0,8,0,0,0,0,0,16,0,0,0,21,0	153	149	1
4650	0,27,2,0,0	0,0,0,0,0	0,0,0,0,132,2,0,0,0,0,369,0,0,0,336,15	0,0,0,0,0,0,0,0,0,0,2,0,0,0,7,0	170	149	1
4651	0,1212,0,0,6	0,1,0,0,0	0,0,0,0,2170,0,0,3,2,8,4587,0,0,0,1351,100	0,0,0,0,1,0,0,0,0,0,32,0,0,0,7,0	155	149	1
4652	0,1340,0,0,0	0,102,0,0,0	0,0,0,0,2145,0,0,3,0,0,2369,0,0,0,1465,120	0,0,0,0,183,0,0,0,0,0,335,0,0,0,47,7	184	149	1
4653	0,85,0,0,0	0,89,0,0,0	0,0,0,0,143,0,0,0,0,0,78,0,0,0,31,0	0,0,0,0,128,0,0,0,0,0,170,0,0,0,48,7	300	149	1
4654	0,17,0,0,0	0,0,0,0,0	0,0,0,0,25,0,0,0,0,0,55,0,0,0,275,19	0,0,0,0,0,0,0,0,0,0,12,0,0,0,12,0	390	149	1
4656	0,4,0,0,0	0,242,0,0,0	0,0,0,0,0,0,0,0,0,0,23,0,0,0,20,0	0,0,0,0,656,0,0,0,0,0,789,0,0,0,467,4	173	149	1
4657	0,76,0,0,0	0,0,0,0,0	0,0,0,0,176,0,0,0,2,0,507,0,0,0,277,53	0,0,0,0,0,0,0,0,0,0,1,0,0,0,2,0	199	149	1
4659	0,151,0,0,0	0,0,0,0,0	0,0,0,0,76,0,0,0,0,0,333,0,0,0,205,41	0,0,0,0,0,0,0,0,0,0,2,0,0,0,0,0	212	149	1
4663	0,0,0,0,0	0,13,0,0,0	0,0,0,0,28,0,0,0,0,2,139,0,0,0,14,0	0,0,0,0,69,0,0,1,4,0,457,0,0,0,96,0	344	149	1
4664	0,360,3,0,2	0,0,0,0,2	0,0,0,0,2847,20,4,25,2,6,2661,0,0,0,5442,1267	0,0,0,0,49,0,0,0,0,0,63,0,0,0,44,25	186	149	1
4666	0,20,0,0,2	0,0,0,0,0	0,0,0,0,262,0,0,1,0,0,198,0,0,0,325,32	0,0,0,0,0,0,0,0,0,0,3,0,0,0,25,0	226	149	1
4667	0,29,0,0,2	0,1,0,0,0	0,0,0,0,481,0,0,1,0,0,364,0,0,0,511,80	0,0,0,0,0,0,0,0,0,0,6,0,0,0,19,3	396	149	1
4668	0,9,0,0,0	0,1,0,0,0	0,0,0,0,219,0,0,0,0,0,169,0,0,0,211,48	0,0,0,0,0,0,0,0,0,0,6,0,0,0,19,3	319	149	1
4669	0,2,0,0,2	0,0,0,0,0	0,0,0,0,141,0,0,0,0,0,60,0,0,0,116,9	0,0,0,0,26,0,0,0,0,0,52,0,0,0,57,1	152	149	1
4670	0,64,0,0,0	0,7,0,0,0	0,0,0,0,80,0,0,0,0,0,6,0,0,0,31,2	0,0,0,0,0,0,0,0,0,0,5,0,0,0,0,0	306	149	1
4671	0,64,0,0,0	0,4,0,0,0	0,0,0,0,72,0,0,0,0,0,12,0,0,0,31,2	0,0,0,0,0,0,0,0,0,0,0,0,0,0,0,0	306	149	1
4673	0,139,0,0,0	0,139,0,0,0	0,0,0,0,241,0,0,0,0,0,365,0,0,0,114,23	0,0,0,0,251,0,0,0,0,0,205,0,0,0,81,24	152	149	1
4674	0,91,0,0,6	0,16,0,0,0	0,0,0,0,351,0,0,2,0,0,271,0,0,0,336,55	0,0,0,0,0,0,0,0,0,0,4,0,0,0,5,0	153	149	1
4676	0,265,0,0,0	0,15,0,0,0	0,0,0,0,627,0,0,0,0,4,917,0,0,0,60,77	0,0,0,0,39,0,0,0,0,0,25,0,0,0,3,4	209	149	1
4679	0,0,0,0,0	0,2,0,0,0	0,0,0,0,5,0,0,0,0,0,0,0,0,0,0,0	0,0,0,0,72,0,0,0,0,0,5,0,0,0,11,0	279	149	1
4680	0,55,0,0,0	0,0,0,0,0	0,0,0,0,297,2,0,0,0,0,156,0,0,0,251,21	0,0,0,0,0,0,0,0,0,0,1,0,0,0,0,0	3390	149	1
4681	0,103,0,0,0	0,0,0,0,0	0,0,0,0,672,2,0,2,0,0,448,0,0,0,456,154	0,0,0,0,0,0,0,0,0,0,6,0,0,0,0,0	3390	149	1
4682	0,20,0,0,0	0,167,0,0,0	0,0,0,0,16,0,0,0,0,0,7,0,0,0,8,2	0,0,0,0,296,0,0,0,0,0,406,0,0,0,320,65	334	149	1
4684	0,136,0,0,2	0,0,0,0,0	0,0,0,0,3,0,0,0,0,0,164,0,0,0,106,22	0,0,0,0,7,0,0,0,0,0,0,0,0,0,0,0	215	149	1
4685	0,571,0,0,0	0,3,0,0,0	0,0,0,0,1189,0,0,2,0,6,2218,0,0,0,1637,188	0,0,0,0,14,0,0,0,0,0,3,0,0,0,0,0	231	149	1
4687	0,29,0,0,0	0,1,0,0,0	0,0,0,0,166,0,0,0,0,0,73,0,0,0,36,23	0,0,0,0,0,0,0,0,0,0,0,0,0,0,0,0	391	149	1
4689	0,9,0,0,0	0,0,0,0,0	0,0,0,0,18,0,0,0,0,0,5,0,0,0,0,3	0,0,0,0,0,0,0,0,0,0,3,0,0,0,0,0	178	149	1
4690	0,12,0,0,0	0,178,0,0,1	0,0,0,0,27,0,0,0,0,0,18,0,0,0,0,28	0,0,0,0,219,0,0,0,0,0,309,0,0,0,1,45	191	149	1
4691	0,3,0,0,0	0,178,0,0,1	0,0,0,0,9,0,0,0,0,0,16,0,0,0,0,25	0,0,0,0,219,0,0,0,0,0,309,0,0,0,1,45	162	149	1
4692	0,0,0,0,0	0,304,1,0,0	0,0,0,0,3,0,0,0,0,0,3,0,0,0,0,0	0,0,0,0,410,2,0,0,0,0,496,0,0,0,27,187	187	149	1
4693	0,1114,0,0,0	0,3,0,0,0	0,0,0,0,922,0,0,0,0,0,1272,0,0,0,47,93	0,0,0,0,0,0,0,0,0,0,0,0,0,0,3,2	342	149	1
4694	0,929,0,0,0	0,0,0,0,0	0,0,0,0,1255,0,0,0,0,0,3150,0,0,0,354,31	0,0,0,0,2,0,0,0,0,0,4,0,0,0,0,0	313	149	1
4696	0,0,0,0,0	0,12,0,0,0	0,0,0,0,14,0,0,0,0,0,13,0,0,0,0,0	0,0,0,0,62,0,0,0,0,0,44,0,0,0,0,1	164	149	1
4702	0,2,0,0,0	0,0,0,0,0	0,0,0,0,0,0,0,0,0,0,0,0,0,0,0,0	0,0,0,0,39,0,0,0,0,0,0,0,0,0,0,0	282	149	1
4703	0,120,0,0,0	0,12,0,0,0	0,0,0,0,144,0,0,0,0,0,123,0,0,0,21,24	0,0,0,0,0,0,0,0,0,0,13,0,0,0,0,0	202	149	1
4704	0,449,0,0,0	0,12,0,0,0	0,0,0,0,285,0,0,2,0,0,453,0,0,0,139,42	0,0,0,0,0,0,0,0,0,0,13,0,0,0,0,0	237	149	1
4705	0,341,0,0,0	0,12,0,0,0	0,0,0,0,189,0,0,2,0,0,352,0,0,0,129,18	0,0,0,0,48,0,0,0,0,0,22,0,0,0,11,0	184	149	1
4707	0,8,0,0,0	0,80,0,0,0	0,0,0,0,0,0,0,0,0,0,1,0,0,0,1,0	0,0,0,0,180,0,0,0,0,0,238,0,0,0,212,11	182	149	1
4708	0,243,0,0,0	0,0,0,0,0	0,0,0,0,1478,0,0,0,0,0,2043,0,0,0,21,5	0,0,0,0,0,0,0,0,0,0,4,0,0,0,0,3	258	149	1
4709	0,6,0,0,0	0,9,0,0,0	0,0,0,0,27,0,0,0,0,0,11,0,0,0,4,9	0,0,0,0,341,0,0,0,0,0,515,0,0,0,69,52	227	149	1
4710	0,18,0,0,0	0,4,0,0,0	0,0,0,0,87,0,0,2,0,0,89,0,0,0,131,21	0,0,0,0,0,0,0,0,0,0,4,0,0,0,9,1	209	149	1
4711	0,14,0,0,0	0,0,0,0,0	0,0,0,0,37,0,0,0,0,0,123,0,0,0,481,50	0,0,0,0,0,0,0,0,0,0,0,0,0,0,0,2	253	149	1
4713	0,943,0,0,0	0,2,0,0,0	0,0,0,0,2555,0,0,0,0,0,1873,0,0,0,1258,85	0,0,0,0,0,0,0,0,0,0,0,0,0,0,0,0	485	149	1
4714	0,1005,0,0,0	0,0,0,0,0	0,0,0,0,1874,0,0,3,2,0,1204,0,0,0,1754,31	0,0,0,0,0,0,0,0,0,0,0,0,0,0,1,0	296	149	1
4715	0,0,0,0,0	0,27,0,0,4	0,0,0,0,2,0,0,0,0,0,12,0,0,0,0,1	0,0,0,0,150,0,0,0,0,0,284,0,0,0,64,23	172	149	1
4716	0,2,0,0,0	0,0,0,0,0	0,0,0,0,11,0,0,0,0,0,17,0,0,0,7,4	0,0,0,0,0,0,0,0,0,0,2,0,0,0,0,0	154	149	1
4718	0,9,0,0,0	0,6,0,0,0	0,0,0,0,16,0,0,0,0,0,25,0,0,0,158,44	0,0,0,0,32,0,0,0,0,0,82,0,0,0,113,28	1207	149	1
4719	0,8,0,0,0	0,0,0,0,0	0,0,0,0,29,0,0,0,0,0,66,0,0,0,69,14	0,0,0,0,0,0,0,0,0,0,6,0,0,0,0,0	191	149	1
4720	0,15,0,0,0	0,4,0,0,0	0,0,0,0,12,0,0,0,0,0,10,0,0,0,4,6	0,0,0,0,6,0,0,0,0,0,7,0,0,0,11,26	152	149	1
4722	0,1,0,0,0	0,0,0,0,0	0,0,0,0,0,0,0,0,0,0,4,0,0,0,19,4	0,0,0,0,0,0,0,0,0,0,2,0,0,0,9,8	152	149	1
4723	0,6,0,0,0	0,5,0,0,0	0,0,0,0,17,0,0,0,0,0,18,0,0,0,71,42	0,0,0,0,0,0,0,0,0,0,0,0,0,0,0,6	152	149	1
4724	0,23091,18,0,20	0,0,0,0,0	0,0,0,0,36308,8,2,53,12,8,38735,0,0,0,23889,1061	0,0,0,0,0,0,0,0,0,0,0,0,0,0,2,0	810	149	1
4727	0,352,0,0,0	0,0,0,0,0	0,0,0,0,1523,0,0,0,0,0,1406,0,0,0,161,150	0,0,0,0,0,0,0,0,0,0,4,0,0,0,0,2	259	149	1
4729	0,41,0,0,0	0,0,0,0,0	0,0,0,0,81,0,0,0,0,0,27,0,0,0,0,5	0,0,0,0,13,0,0,0,0,0,4,0,0,0,0,2	250	149	1
4737	0,307,0,0,0	0,0,0,0,0	0,0,0,0,165,0,0,0,0,0,429,0,0,0,13,51	0,0,0,0,22,0,0,0,0,0,0,0,0,0,0,0	271	149	1
4738	0,0,0,0,0	0,124,0,0,2	0,0,0,0,0,0,0,0,0,0,3,0,0,0,0,0	0,0,0,0,378,0,2,3,0,0,655,0,0,0,436,19	164	149	1
4741	0,13,0,0,0	0,170,2,0,2	0,0,0,0,150,4,4,0,0,0,33,0,0,0,221,21	0,0,0,0,214,0,4,4,0,0,533,0,0,0,468,34	3787	149	1
4747	0,426,6,0,0	0,28,0,0,0	0,0,0,0,1,0,0,0,0,0,1,0,0,0,68,0	0,0,0,0,0,0,0,0,0,0,0,0,0,0,17,0	224	149	1
4752	0,3340,6,0,10	0,2,0,0,0	0,0,0,0,23925,16,4,2,10,16,7367,0,0,0,4430,213	0,0,0,0,62,0,0,0,0,0,31,0,0,0,0,0	224	149	1
4755	0,1,0,0,0	0,18,0,0,0	0,0,0,0,0,0,0,0,0,0,37,0,0,0,0,0	0,0,0,0,25,0,0,0,0,0,149,0,0,0,0,4	164	149	1
4756	0,2,0,0,0	0,0,0,0,0	0,0,0,0,0,0,0,0,0,0,0,0,0,0,0,0	0,0,0,0,0,0,0,0,0,0,5,0,0,0,0,0	152	149	1
4761	0,6,0,0,0	0,214,0,0,0	0,0,0,0,6,0,0,0,0,0,15,0,0,0,0,0	0,0,0,0,822,0,0,3,0,0,969,0,0,0,115,29	167	149	1
4762	0,0,0,0,0	0,2,0,0,0	0,0,0,0,22,0,0,0,0,0,9,0,0,0,7,0	0,0,0,0,39,0,0,0,0,0,61,0,0,0,66,4	232	149	1
4768	0,37,0,0,0	0,13,0,0,0	0,0,0,0,17,0,0,0,0,2,50,0,0,0,0,16	0,0,0,0,58,0,0,0,0,0,46,0,0,0,0,19	191	149	1
4769	0,128,0,0,0	0,0,0,0,0	0,0,0,0,127,0,0,0,0,0,134,0,0,0,0,21	0,0,0,0,21,0,0,0,0,0,5,0,0,0,0,0	161	149	1
4770	0,463,0,0,0	0,0,0,0,0	0,0,0,0,464,0,0,0,0,0,197,0,0,0,6,41	0,0,0,0,0,0,0,0,0,0,6,0,0,0,0,2	1253	149	1
4771	0,18,0,0,0	0,264,0,0,0	0,0,0,0,4,0,0,0,0,0,0,0,0,0,0,3	0,0,0,0,58,0,0,0,0,0,136,0,0,0,0,9	248	149	1
4772	0,4,0,0,2	0,0,0,0,0	0,0,0,0,65,0,2,0,0,0,57,0,0,0,54,22	0,0,0,0,0,0,0,0,0,0,0,0,0,0,6,0	153	149	1
4777	0,5,0,0,0	0,0,0,0,0	0,0,0,0,78,0,0,0,0,0,19,0,0,0,11,1	0,0,0,0,7,0,0,0,0,0,6,0,0,0,5,0	152	149	1
4778	0,2449,0,0,0	0,27256,0,0,10	0,0,0,0,841,0,0,0,0,0,855,0,0,0,74,1	0,0,0,0,18838,0,0,7,0,20,24710,0,0,0,1375,136	189	149	1
4779	0,48,0,0,0	0,0,0,0,0	0,0,0,0,43,0,0,0,0,2,110,0,0,0,168,24	0,0,0,0,0,0,0,0,0,0,0,0,0,0,10,0	182	149	1
4780	0,229,0,0,2	0,0,0,0,0	0,0,0,0,396,0,0,0,0,6,788,0,0,0,582,107	0,0,0,0,0,0,0,0,0,0,0,0,0,0,10,0	240	149	1
4781	0,120,0,0,0	0,0,0,0,0	0,0,0,0,158,0,0,0,0,2,401,0,0,0,372,53	0,0,0,0,0,0,0,0,0,0,0,0,0,0,10,0	291	149	1
4782	0,193,0,0,2	0,12,0,0,0	0,0,0,0,353,0,0,0,0,4,685,0,0,0,418,83	0,0,0,0,0,0,0,0,0,0,7,0,0,0,4,0	207	149	1
4783	0,84,0,0,0	0,12,0,0,0	0,0,0,0,115,0,0,0,0,0,298,0,0,0,208,29	0,0,0,0,0,0,0,0,0,0,7,0,0,0,4,0	258	149	1
4784	0,9,0,0,0	0,118,0,0,2	0,0,0,0,45,0,0,0,0,0,78,0,0,0,64,5	0,0,0,0,283,0,0,0,0,4,465,0,0,0,274,59	200	149	1
4786	0,0,0,0,0	0,25,2,0,0	0,0,0,0,0,0,0,0,0,0,5,0,0,0,0,0	0,0,0,0,190,0,0,0,0,2,314,0,0,0,102,3	166	149	1
4789	0,2,0,0,0	0,22,0,0,0	0,0,0,0,0,0,0,0,0,0,1,0,0,0,10,0	0,0,0,0,0,0,0,0,0,0,4,0,0,0,34,0	152	149	1
4793	0,2,0,0,0	0,30,0,0,0	0,0,0,0,12,0,4,0,0,0,5,0,0,0,0,1	0,0,0,0,151,0,0,0,0,0,316,0,0,0,123,3	172	149	1
4795	0,15,0,0,0	0,48,0,0,0	0,0,0,0,44,0,0,0,0,0,81,0,0,0,25,17	0,0,0,0,30,0,0,0,0,0,264,0,0,0,96,25	152	149	1
4796	0,5,0,0,0	0,45,2,0,0	0,0,0,0,17,0,0,0,0,0,61,0,0,0,23,2	0,0,0,0,121,0,0,2,0,0,252,0,0,0,117,11	154	149	1
4797	0,6,0,0,0	0,1,0,0,0	0,0,0,0,0,0,0,0,0,0,21,0,0,0,2,0	0,0,0,0,0,0,0,0,0,0,7,0,0,0,0,0	154	149	1
4800	0,3,0,0,0	0,0,0,0,0	0,0,0,0,50,0,0,3,0,0,20,0,0,0,24,44	0,0,0,0,0,0,0,0,0,0,1,0,0,0,5,2	236	149	1
4801	0,34,0,0,0	0,4,0,0,0	0,0,0,0,332,0,0,0,0,0,111,0,0,0,40,15	0,0,0,0,10,0,0,0,0,0,6,0,0,0,0,0	161	149	1
4802	0,0,0,0,0	0,22,0,0,0	0,0,0,0,13,0,0,0,2,0,0,0,0,0,3,5	0,0,0,0,84,0,0,0,0,0,63,0,0,0,44,89	232	149	1
4804	0,2,0,0,0	0,24,0,0,0	0,0,0,0,5,0,0,0,0,0,0,0,0,0,0,1	0,0,0,0,68,0,0,0,2,0,34,0,0,0,46,26	171	149	1
4810	0,42,0,0,0	0,73,0,0,0	0,0,0,0,14,0,0,0,0,0,79,0,0,0,62,0	0,0,0,0,0,0,0,0,0,0,124,0,0,0,65,6	152	149	1
4811	0,43,0,0,0	0,37,0,0,0	0,0,0,0,192,0,0,0,0,0,51,0,0,0,68,14	0,0,0,0,120,0,0,2,0,0,41,0,0,0,13,0	185	149	1
4816	0,5,0,0,0	0,85,0,0,0	0,0,0,0,0,0,0,0,0,0,22,0,0,0,0,0	0,0,0,0,253,0,0,0,0,0,554,0,0,0,101,16	229	149	1
4817	0,5,0,0,0	0,85,0,0,0	0,0,0,0,0,0,0,0,0,0,28,0,0,0,0,0	0,0,0,0,253,0,0,0,0,0,554,0,0,0,101,16	225	149	1
4820	0,177,0,0,0	0,0,0,0,0	0,0,0,0,240,0,0,0,0,0,404,0,0,0,35,9	0,0,0,0,0,0,0,0,0,0,0,0,0,0,1,0	428	149	1
4822	0,90,0,0,0	0,15735,18,0,34	0,0,0,0,170,0,0,0,0,0,189,0,0,0,69,7	0,0,0,0,33550,14,2,17,27,70,39544,0,0,0,21861,411	170	149	1
4827	0,72,0,0,0	0,0,0,0,0	0,0,0,0,23,0,0,0,0,0,74,0,0,0,314,23	0,0,0,0,0,0,0,0,0,0,0,0,0,0,0,5	408	149	1
4829	0,3,0,0,0	0,0,0,0,0	0,0,0,0,13,0,0,0,0,0,1,0,0,0,1,2	0,0,0,0,0,0,0,0,0,0,0,0,0,0,6,3	193	149	1
4830	0,9,0,0,0	0,0,0,0,0	0,0,0,0,92,0,0,0,0,0,45,0,0,0,65,7	0,0,0,0,0,0,0,0,0,0,1,0,0,0,5,0	357	149	1
4841	0,0,0,0,0	0,1,0,0,0	0,0,0,0,50,0,0,0,0,0,16,0,0,0,1,0	0,0,0,0,658,0,0,0,0,0,80,0,0,0,2,2	507	149	1
4844	0,0,0,0,0	0,14,0,0,0	0,0,0,0,0,0,0,0,0,0,0,0,0,0,4,0	0,0,0,0,35,0,0,2,0,0,40,0,0,0,87,0	204	149	1
4850	0,3,0,0,0	0,20,0,0,0	0,0,0,0,0,0,0,0,0,0,6,0,0,0,3,0	0,0,0,0,68,0,0,0,0,0,19,0,0,0,50,5	169	149	1
4851	0,62,0,0,0	0,10,0,0,0	0,0,0,0,202,0,0,6,0,0,329,0,0,0,421,66	0,0,0,0,32,0,0,0,0,0,56,0,0,0,87,16	173	149	1
4852	0,19,0,0,0	0,0,0,0,0	0,0,0,0,116,0,0,0,0,0,105,0,0,0,71,55	0,0,0,0,0,0,0,0,0,0,3,0,0,0,0,0	152	149	1
4853	0,2,0,0,0	0,0,0,0,0	0,0,0,0,32,0,0,0,0,0,1,0,0,0,8,0	0,0,0,0,0,0,0,0,0,0,1,0,0,0,0,0	218	149	1
4859	0,982,0,0,1	0,6992,0,0,0	0,0,0,0,613,0,0,2,0,0,1552,0,0,0,133,33	0,0,0,0,2672,0,0,5,2,0,7343,0,0,0,1459,173	300	149	1
4861	0,234,0,0,2	0,81,0,0,0	0,0,0,0,557,0,0,2,4,0,651,0,0,0,401,61	0,0,0,0,277,0,0,0,0,0,397,0,0,0,238,30	152	149	1
4862	0,20,0,0,0	0,70,0,0,0	0,0,0,0,40,0,0,0,0,0,72,0,0,0,0,0	0,0,0,0,47,0,0,0,0,0,203,0,0,0,0,1	152	149	1
4868	0,4,0,0,0	0,12,0,0,0	0,0,0,0,17,0,0,0,0,0,13,0,0,0,17,1	0,0,0,0,33,0,0,0,0,0,44,0,0,0,122,12	238	149	1
4870	0,21,0,0,0	0,0,0,0,0	0,0,0,0,34,2,0,4,0,2,107,0,0,0,238,22	0,0,0,0,0,0,0,0,0,0,0,0,0,0,8,0	248	149	1
4871	0,79,0,0,0	0,0,0,0,0	0,0,0,0,178,0,0,0,0,0,100,0,0,0,0,0	0,0,0,0,10,0,0,0,0,0,2,0,0,0,0,0	152	149	1
4872	0,34,0,0,0	0,0,0,0,0	0,0,0,0,71,0,0,0,0,0,70,0,0,0,9,50	0,0,0,0,6,0,0,0,0,0,0,0,0,0,0,0	154	149	1
4873	0,0,0,0,0	0,49,0,0,0	0,0,0,0,0,0,0,0,0,0,2,0,0,0,0,9	0,0,0,0,73,0,0,0,0,0,117,0,0,0,9,23	173	149	1
4874	0,76,0,0,0	0,11,0,0,0	0,0,0,0,165,0,0,0,0,0,185,0,0,0,2,27	0,0,0,0,53,0,0,0,0,0,21,0,0,0,0,7	220	149	1
4875	0,111,0,0,0	0,4,0,0,0	0,0,0,0,260,0,0,0,0,0,223,0,0,0,11,62	0,0,0,0,4,0,0,0,0,0,29,0,0,0,1,4	310	149	1
4876	0,168,0,0,2	0,0,0,0,0	0,0,0,0,555,0,0,0,0,0,224,0,0,0,46,18	0,0,0,0,22,0,0,0,0,0,0,0,0,0,0,0	263	149	1
4880	0,0,0,0,0	0,2,2,0,0	0,0,0,0,0,0,0,0,0,0,0,0,0,0,8,0	0,0,0,0,41,0,0,0,0,0,43,0,0,0,110,4	175	149	1
4881	0,11,0,0,0	0,26,0,0,0	0,0,0,0,16,0,0,0,2,0,5,0,0,0,0,2	0,0,0,0,25,0,0,0,0,0,21,0,0,0,0,0	152	149	1
4885	0,10,0,0,0	0,0,0,0,0	0,0,0,0,87,0,0,0,0,0,55,0,0,0,102,7	0,0,0,0,2,0,0,0,0,0,9,0,0,0,0,0	180	149	1
4886	0,17,0,0,0	0,0,0,0,0	0,0,0,0,33,0,0,0,0,0,76,0,0,0,103,26	0,0,0,0,12,0,0,0,0,0,0,0,0,0,0,0	191	149	1
4891	0,0,0,0,0	0,4,0,0,0	0,0,0,0,14,0,0,0,0,0,0,0,0,0,0,0	0,0,0,0,0,0,0,0,0,0,0,0,0,0,0,0	154	149	1
4894	0,4320,0,0,4	0,1,0,0,0	0,0,0,0,12169,0,0,0,27,10,18619,0,0,0,1334,1082	0,0,0,0,100,0,0,0,0,0,15,0,0,0,0,11	708	149	1
4895	0,3434,0,0,4	0,7,0,0,0	0,0,0,0,7886,2,0,0,11,8,12142,0,0,0,1198,340	0,0,0,0,11,0,0,0,0,0,65,0,0,0,4,4	153	149	1
4897	0,12,0,0,2	0,0,0,0,2	0,0,0,0,72,0,0,0,0,0,64,0,0,0,91,26	0,0,0,0,25,0,0,0,0,0,24,0,0,0,63,1	152	149	1
4899	0,2,0,0,0	0,0,0,0,0	0,0,0,0,13,0,0,2,0,0,46,0,0,0,147,5	0,0,0,0,0,0,0,0,0,0,17,0,0,0,22,1	152	149	1
4902	0,9,0,0,0	0,15,0,0,0	0,0,0,0,0,0,0,2,0,0,97,0,0,0,161,11	0,0,0,0,0,0,0,0,0,0,57,0,0,0,190,5	152	149	1
4910	0,1178,4,0,0	0,40,0,0,0	0,0,0,0,1684,5,10,6,0,4,422,0,0,0,1003,158	0,0,0,0,26,0,0,0,0,0,25,0,0,0,81,1	258	149	1
4911	0,1197,4,0,0	0,570,12,0,0	0,0,0,0,1772,5,10,6,0,4,455,0,0,0,1005,158	0,0,0,0,1220,0,6,6,4,0,1728,0,0,0,2284,401	258	149	1
4912	0,2528,22,0,2	0,570,12,0,0	0,0,0,0,4644,25,16,10,0,8,964,0,0,0,2616,324	0,0,0,0,1220,0,6,6,4,0,1728,0,0,0,2284,401	519	149	1
4913	0,6058,38,0,4	0,570,12,0,0	0,0,0,0,16458,53,42,21,12,12,3128,0,0,0,8277,1313	0,0,0,0,1220,0,6,6,4,0,1728,0,0,0,2284,401	1267	149	1
4914	0,1350,18,0,2	0,19,0,0,0	0,0,0,0,2960,20,6,4,0,4,542,0,0,0,1615,166	0,0,0,0,88,0,0,0,0,0,33,0,0,0,4,0	410	149	1
4915	0,4880,34,0,4	0,19,0,0,0	0,0,0,0,14774,48,32,15,12,8,2706,0,0,0,7276,1155	0,0,0,0,88,0,0,0,0,0,33,0,0,0,4,0	1158	149	1
4916	0,3547,16,0,2	0,8,0,0,0	0,0,0,0,11814,28,26,11,12,4,2171,0,0,0,5688,990	0,0,0,0,0,0,0,0,0,0,6,0,0,0,19,1	897	149	1
4917	0,0,0,0,0	0,487,0,0,12	0,0,0,0,17,0,0,0,0,0,5,0,0,0,6,9	0,0,0,0,2527,0,0,5,10,14,1646,0,0,0,1210,732	187	149	1
4918	0,38,0,0,0	0,3,0,0,0	0,0,0,0,287,0,0,0,0,0,178,0,0,0,50,5	0,0,0,0,20,0,0,0,0,0,14,0,0,0,0,0	152	149	1
4919	0,21,0,0,0	0,102,6,0,2	0,0,0,0,18,0,0,0,0,0,11,0,0,0,37,3	0,0,0,0,211,6,0,2,0,0,438,0,0,0,625,134	206	149	1
4920	0,161,2,0,2	0,6,0,0,0	0,0,0,0,246,0,0,0,0,0,508,0,0,0,662,83	0,0,0,0,29,2,0,0,0,0,27,0,0,0,29,6	152	149	1
4921	0,266,0,0,0	0,0,0,0,0	0,0,0,0,240,0,0,0,0,0,44,0,0,0,29,14	0,0,0,0,0,0,0,0,0,0,2,0,0,0,0,1	1383	149	1
4922	0,177,0,0,0	0,4,0,0,0	0,0,0,0,235,0,0,0,0,0,32,0,0,0,29,12	0,0,0,0,8,0,0,0,0,0,0,0,0,0,0,4	1383	149	1
4923	0,0,0,0,0	0,4,0,0,0	0,0,0,0,23,0,0,0,0,0,11,0,0,0,28,13	0,0,0,0,0,0,0,0,0,0,2,0,0,0,0,0	152	149	1
4924	0,186,0,0,4	0,19,0,0,0	0,0,0,0,1109,0,0,0,0,0,439,0,0,0,454,10	0,0,0,0,98,0,0,0,0,2,61,0,0,0,29,2	152	149	1
4925	0,44,0,0,0	0,427,0,0,0	0,0,0,0,28,0,0,0,0,0,21,0,0,0,2,0	0,0,0,0,283,0,0,0,0,0,512,0,0,0,14,18	169	149	1
4927	0,2,0,0,0	0,30,0,0,0	0,0,0,0,9,0,0,0,0,0,8,0,0,0,9,0	0,0,0,0,35,0,0,0,0,0,51,0,0,0,53,7	168	149	1
4928	0,2,0,0,0	0,4,0,0,0	0,0,0,0,0,0,0,0,0,0,0,0,0,0,11,0	0,0,0,0,0,0,0,0,0,0,0,0,0,0,167,0	167	149	1
4930	0,6,0,0,0	0,0,0,0,0	0,0,0,0,8,0,0,0,0,0,12,0,0,0,34,4	0,0,0,0,14,0,0,0,0,0,3,0,0,0,23,2	152	149	1
4932	0,569,0,0,0	0,0,0,0,0	0,0,0,0,911,0,0,2,0,0,283,0,0,0,308,65	0,0,0,0,0,0,0,0,0,0,0,0,0,0,0,1	185	149	1
4933	0,238,0,0,0	0,5,0,0,0	0,0,0,0,188,0,0,0,0,0,136,0,0,0,184,132	0,0,0,0,0,0,0,0,0,0,3,0,0,0,0,0	174	149	1
4935	0,276,0,0,0	0,0,0,0,0	0,0,0,0,424,0,0,0,0,0,163,0,0,0,233,30	0,0,0,0,0,0,0,0,0,0,0,0,0,0,0,1	196	149	1
4937	0,176,0,0,0	0,0,0,0,0	0,0,0,0,373,0,0,0,2,0,145,0,0,0,249,122	0,0,0,0,6,0,0,0,0,0,11,0,0,0,0,0	153	149	1
4938	0,20,0,0,0	0,0,0,0,0	0,0,0,0,1,0,0,0,0,0,7,0,0,0,26,8	0,0,0,0,6,0,0,0,0,0,11,0,0,0,0,0	177	149	1
4939	0,6,0,0,0	0,162,0,0,0	0,0,0,0,0,0,0,0,0,0,1,0,0,0,11,1	0,0,0,0,372,0,0,0,2,0,139,0,0,0,234,115	173	149	1
4940	0,215,2,0,2	0,0,0,0,0	0,0,0,0,501,0,0,0,2,2,239,0,0,0,279,372	0,0,0,0,0,0,0,0,0,0,0,0,0,0,12,0	230	149	1
4943	0,0,0,0,0	0,56,0,0,0	0,0,0,0,0,0,0,0,0,0,0,0,0,0,7,12	0,0,0,0,135,0,0,0,0,0,100,0,0,0,55,102	176	149	1
4949	0,7,0,0,0	0,0,0,0,0	0,0,0,0,8,0,0,0,0,0,24,0,0,0,44,8	0,0,0,0,0,0,0,0,0,0,0,0,0,0,0,1	174	149	1
4950	0,22,0,0,0	0,0,0,0,0	0,0,0,0,92,0,0,0,0,0,75,0,0,0,110,21	0,0,0,0,0,0,0,0,0,0,0,0,0,0,0,1	182	149	1
4951	0,15,0,0,0	0,0,0,0,0	0,0,0,0,86,0,0,0,0,0,56,0,0,0,66,13	0,0,0,0,2,0,0,0,0,0,5,0,0,0,0,0	157	149	1
4954	0,67,0,0,0	0,489,0,0,0	0,0,0,0,44,0,0,0,0,0,45,0,0,0,2,2	0,0,0,0,502,0,0,2,0,4,1000,0,0,0,518,36	168	149	1
4955	0,10,0,0,0	0,35,0,0,0	0,0,0,0,0,0,0,0,0,0,0,0,0,0,1,0	0,0,0,0,0,0,0,0,0,0,19,0,0,0,2,2	184	149	1
4956	0,42,0,0,0	0,489,0,0,0	0,0,0,0,44,0,0,0,0,0,26,0,0,0,1,0	0,0,0,0,502,0,0,2,0,4,1000,0,0,0,518,36	203	149	1
4959	0,0,0,0,0	0,3,0,0,0	0,0,0,0,48,0,0,0,0,0,0,0,0,0,0,0	0,0,0,0,203,0,0,0,0,0,0,0,0,0,0,0	189	149	1
4960	0,19,8,0,0	0,0,0,0,0	0,0,0,0,0,0,6,14,0,2,130,0,0,0,1686,54	0,0,0,0,0,0,0,0,0,0,8,0,0,0,34,0	154	149	1
4961	0,11,0,0,0	0,0,0,0,0	0,0,0,0,0,0,0,0,0,0,12,0,0,0,85,42	0,0,0,0,0,0,0,0,0,0,0,0,0,0,8,0	154	149	1
4966	0,118,0,0,0	0,0,0,0,0	0,0,0,0,863,0,0,0,0,0,433,0,0,0,473,40	0,0,0,0,2,0,0,0,0,0,0,0,0,0,0,0	298	149	1
4967	0,0,0,0,0	0,3,0,0,0	0,0,0,0,20,0,0,0,0,0,9,0,0,0,0,3	0,0,0,0,31,0,0,0,0,0,19,0,0,0,10,6	170	149	1
4971	0,346,0,0,0	0,41,0,0,0	0,0,0,0,136,0,0,0,0,0,149,0,0,0,66,4	0,0,0,0,4,0,0,0,0,0,4,0,0,0,9,4	168	149	1
4973	0,5,2,0,0	0,0,6,0,0	0,0,0,0,11,2,0,0,0,0,41,0,0,0,165,23	0,0,0,0,0,0,0,0,0,0,10,0,0,0,35,4	155	149	1
4974	0,0,0,0,0	0,10,0,0,0	0,0,0,0,0,0,0,0,0,0,0,0,0,0,9,0	0,0,0,0,56,0,2,0,0,0,64,0,0,0,231,34	154	149	1
4975	0,0,0,0,0	0,3,4,0,0	0,0,0,0,0,0,0,0,0,0,2,0,0,0,13,1	0,0,0,0,9,0,0,0,0,0,51,0,0,0,463,29	211	149	1
4976	0,14,0,0,0	0,0,0,0,0	0,0,0,0,20,0,0,0,0,0,35,0,0,0,224,44	0,0,0,0,0,0,0,0,0,0,1,0,0,0,12,1	284	149	1
4977	0,17,4,0,0	0,0,0,0,0	0,0,0,0,29,0,0,0,0,0,84,0,0,0,674,72	0,0,0,0,0,0,0,0,0,0,1,0,0,0,12,1	222	149	1
4980	0,482,0,0,0	0,0,0,0,0	0,0,0,0,416,0,0,0,0,0,183,0,0,0,85,22	0,0,0,0,3,0,0,0,0,0,2,0,0,0,0,0	353	149	1
4981	0,328,0,0,0	0,0,0,0,0	0,0,0,0,331,0,0,0,0,0,103,0,0,0,69,9	0,0,0,0,0,0,0,0,0,0,6,0,0,0,0,0	353	149	1
4982	0,213,0,0,0	0,6,0,0,0	0,0,0,0,311,0,0,0,0,0,90,0,0,0,73,7	0,0,0,0,0,0,0,0,0,0,4,0,0,0,0,4	302	149	1
4983	0,0,0,0,0	0,17,0,0,0	0,0,0,0,0,0,0,0,0,0,0,0,0,0,0,1	0,0,0,0,7,0,0,0,0,0,1,0,0,0,0,2	175	149	1
4984	0,17,0,0,2	0,29,0,0,0	0,0,0,0,38,0,0,0,0,0,43,0,0,0,10,4	0,0,0,0,194,0,0,0,0,0,119,0,0,0,29,8	213	149	1
4985	0,3,2,0,2	0,5,0,0,0	0,0,0,0,279,0,0,0,0,2,488,0,0,0,259,230	0,0,0,0,34,0,0,2,0,1,125,0,0,0,57,53	152	149	1
4986	0,0,0,0,0	0,19,0,0,0	0,0,0,0,0,0,0,0,0,0,10,0,0,0,15,1	0,0,0,0,11,0,0,0,0,0,39,0,0,0,99,8	222	149	1
4987	0,41,0,0,0	0,0,0,0,0	0,0,0,0,62,0,0,2,0,2,63,0,0,0,157,11	0,0,0,0,10,0,0,0,0,0,8,0,0,0,19,0	445	149	1
4988	0,60,0,0,0	0,0,0,0,0	0,0,0,0,73,0,0,2,0,2,92,0,0,0,241,18	0,0,0,0,10,0,0,0,0,0,8,0,0,0,19,0	372	149	1
4989	0,5,0,0,0	0,0,0,0,0	0,0,0,0,13,0,0,0,0,0,0,0,0,0,20,0	0,0,0,0,5,2,2,2,0,0,16,0,0,0,80,9	307	149	1
4995	0,4,0,0,0	0,3,0,0,0	0,0,0,0,55,0,0,0,0,0,37,0,0,0,38,6	0,0,0,0,0,0,0,0,0,0,2,0,0,0,2,0	214	149	1
4996	0,0,0,0,0	0,5,0,0,0	0,0,0,0,20,0,0,0,0,0,4,0,0,0,0,5	0,0,0,0,20,0,0,0,0,0,9,0,0,0,31,2	243	149	1
4998	0,16,0,0,0	0,0,0,0,0	0,0,0,0,66,2,0,0,0,0,200,0,0,0,52,3	0,0,0,0,35,0,0,0,0,0,46,0,0,0,5,1	155	149	1
5001	0,23,0,0,0	0,3,0,0,0	0,0,0,0,190,2,0,2,2,0,106,0,0,0,578,41	0,0,0,0,12,0,0,0,0,0,4,0,0,0,79,6	276	149	1
5007	0,30,0,0,0	0,63,0,0,0	0,0,0,0,8,0,0,0,0,0,8,0,0,0,2,10	0,0,0,0,58,0,0,0,0,0,149,0,0,0,121,7	251	149	1
5008	0,19,0,0,0	0,62,0,0,0	0,0,0,0,5,0,0,0,0,0,5,0,0,0,0,0	0,0,0,0,97,0,0,0,0,2,189,0,0,0,61,28	198	149	1
5009	0,0,0,0,0	0,59,0,0,0	0,0,0,0,0,0,0,0,0,0,10,0,0,0,0,10	0,0,0,0,80,0,0,0,0,0,63,0,0,0,0,37	167	149	1
5010	0,18,0,0,0	0,7,0,0,0	0,0,0,0,41,0,0,0,0,0,53,0,0,0,0,26	0,0,0,0,0,0,0,0,0,0,9,0,0,0,0,7	193	149	1
5011	0,189,2,0,0	0,47,0,0,0	0,0,0,0,559,0,2,0,0,2,168,0,0,0,240,59	0,0,0,0,43,0,0,0,0,0,100,0,0,0,76,13	1196	149	1
5015	0,0,0,0,0	0,10,0,0,0	0,0,0,0,7,0,0,0,0,0,17,0,0,0,10,0	0,0,0,0,10,0,0,0,0,0,6,0,0,0,4,0	152	149	1
5020	0,4306,0,0,1	0,0,0,0,0	0,0,0,0,11614,0,0,2,2,4,4715,0,0,0,790,109	0,0,0,0,0,0,0,0,0,0,0,0,0,0,0,3	344	149	1
5021	0,35,0,0,0	0,7,0,0,0	0,0,0,0,12,0,0,0,0,0,0,0,0,0,7,3	0,0,0,0,0,0,0,0,0,0,1,0,0,0,2,0	152	149	1
5024	0,40,0,0,0	0,37,0,0,0	0,0,0,0,14,0,0,0,0,0,1,0,0,0,0,0	0,0,0,0,9,0,0,0,0,0,1,0,0,0,0,0	180	149	1
5025	0,146,0,0,0	0,2796,0,0,4	0,0,0,0,145,0,0,0,0,0,54,0,0,0,19,2	0,0,0,0,6693,0,2,0,0,0,2343,0,0,0,388,112	189	149	1
5027	0,248,0,0,0	0,3,0,0,0	0,0,0,0,84,0,0,0,0,0,174,0,0,0,54,38	0,0,0,0,0,0,0,0,0,0,0,0,0,0,0,0	234	149	1
5028	0,4,0,0,0	0,33,0,0,0	0,0,0,0,0,0,0,0,0,0,2,0,0,0,20,1	0,0,0,0,120,0,0,0,0,0,457,0,0,0,102,12	266	149	1
5030	0,52,0,0,0	0,0,0,0,0	0,0,0,0,178,0,0,2,0,0,709,0,0,0,337,31	0,0,0,0,0,0,0,0,0,0,18,0,0,0,1,3	223	149	1
5031	0,29,0,0,0	0,382,2,0,0	0,0,0,0,56,0,0,0,0,0,151,0,0,0,17,1	0,0,0,0,1387,0,0,0,6,2,5819,0,0,0,1284,106	185	149	1
5036	0,10,0,0,2	0,21,0,0,0	0,0,0,0,45,0,0,0,0,2,107,0,0,0,358,117	0,0,0,0,48,0,0,0,0,0,14,0,0,0,65,15	152	149	1
5037	0,87,0,0,0	0,8,0,0,0	0,0,0,0,0,0,0,0,0,0,4,0,0,0,0,11	0,0,0,0,0,0,0,0,0,0,0,0,0,0,0,1	153	149	1
5038	0,446,0,0,0	0,6,0,0,0	0,0,0,0,31,0,0,2,0,0,80,0,0,0,54,33	0,0,0,0,0,0,0,0,0,0,3,0,0,0,0,0	178	149	1
5039	0,1576,0,0,0	0,277,0,0,0	0,0,0,0,48,0,0,0,0,0,156,0,0,0,79,61	0,0,0,0,0,0,0,0,0,0,55,0,0,0,10,9	152	149	1
5041	0,66,0,0,0	0,0,0,0,0	0,0,0,0,157,0,0,0,0,0,345,0,0,0,706,43	0,0,0,0,0,0,0,0,0,0,2,0,0,0,0,0	610	149	1
5042	0,66,0,0,0	0,0,0,0,0	0,0,0,0,171,0,0,0,0,0,358,0,0,0,756,43	0,0,0,0,19,0,0,0,0,0,35,0,0,0,33,0	629	149	1
5044	0,3,0,0,0	0,0,0,0,0	0,0,0,0,0,0,0,0,0,0,2,0,0,0,5,0	0,0,0,0,0,0,0,0,0,0,5,0,0,0,0,0	154	149	1
5045	0,3,0,0,0	0,40,0,0,0	0,0,0,0,14,0,0,0,0,0,15,0,0,0,55,0	0,0,0,0,143,0,0,2,0,0,232,0,0,0,248,2	173	149	1
5046	0,0,0,0,0	0,40,0,0,0	0,0,0,0,14,0,0,0,0,0,18,0,0,0,50,0	0,0,0,0,143,0,0,2,0,0,232,0,0,0,248,2	168	149	1
5048	0,29,0,0,0	0,7,0,0,0	0,0,0,0,135,0,0,0,0,0,51,0,0,0,70,19	0,0,0,0,29,0,0,0,0,0,11,0,0,0,39,16	177	149	1
5049	0,2,0,0,0	0,43,0,0,2	0,0,0,0,0,0,0,0,0,0,1,0,0,0,4,0	0,0,0,0,104,0,0,0,0,0,81,0,0,0,80,29	162	149	1
5050	0,3,0,0,0	0,32,0,0,0	0,0,0,0,0,0,0,0,0,0,14,0,0,0,4,0	0,0,0,0,85,0,0,2,0,0,121,0,0,0,30,5	163	149	1
5052	0,21,0,0,0	0,0,0,0,0	0,0,0,0,607,0,0,0,0,0,60,0,0,0,40,29	0,0,0,0,4,0,0,0,0,0,0,0,0,0,0,0	262	149	1
5053	0,30,0,0,0	0,36,0,0,0	0,0,0,0,186,2,0,2,0,0,86,0,0,0,179,15	0,0,0,0,17,0,2,0,0,0,44,0,0,0,56,11	209	149	1
5054	0,64,0,0,0	0,0,0,0,0	0,0,0,0,104,0,0,0,0,0,107,0,0,0,147,35	0,0,0,0,1,0,0,0,0,0,0,0,0,0,11,4	153	149	1
5055	0,0,0,0,0	0,24,2,0,0	0,0,0,0,27,0,0,0,0,0,3,0,0,0,2,0	0,0,0,0,177,0,0,0,0,0,128,0,0,0,221,8	167	149	1
5056	0,0,0,0,0	0,16,0,0,0	0,0,0,0,0,0,0,0,0,0,0,0,0,0,1,0	0,0,0,0,26,0,0,0,0,2,18,0,0,0,4,1	150	149	1
5057	0,4,0,0,0	0,0,0,0,0	0,0,0,0,0,0,0,0,0,0,38,0,0,0,31,8	0,0,0,0,22,0,0,0,0,0,1,0,0,0,15,7	227	149	1
5059	0,0,0,0,0	0,4,2,0,0	0,0,0,0,0,0,0,0,0,0,0,0,0,0,2,1	0,0,0,0,0,0,0,0,0,0,0,0,0,0,29,4	170	149	1
5061	0,0,0,0,0	0,57,0,0,0	0,0,0,0,33,0,0,0,0,0,0,0,0,0,11,4	0,0,0,0,130,2,0,0,0,0,92,0,0,0,118,12	284	149	1
5062	0,1,0,0,0	0,22,0,0,0	0,0,0,0,0,0,0,0,0,0,0,0,0,0,0,0	0,0,0,0,21,0,0,0,0,0,62,0,0,0,18,2	162	149	1
5063	0,17,0,0,0	0,22,0,0,0	0,0,0,0,43,0,0,0,0,0,1,0,0,0,9,0	0,0,0,0,21,0,0,0,0,0,62,0,0,0,18,2	229	149	1
5064	0,17,0,0,0	0,1,0,0,0	0,0,0,0,43,0,0,0,0,0,1,0,0,0,9,0	0,0,0,0,0,0,0,0,0,0,0,0,0,0,0,0	216	149	1
5070	0,5,0,0,0	0,13,0,0,0	0,0,0,0,0,0,0,0,0,0,0,0,0,0,0,0	0,0,0,0,10,0,0,0,0,0,11,0,0,0,0,0	222	149	1
5074	0,568,0,0,4	0,2,0,0,0	0,0,0,0,690,2,0,0,0,0,939,0,0,0,486,31	0,0,0,0,0,0,0,0,0,0,2,0,0,0,0,0	157	149	1
5077	0,446,0,0,2	0,0,0,0,0	0,0,0,0,1568,0,4,2,0,0,1057,0,0,0,813,84	0,0,0,0,0,0,0,0,0,0,0,0,0,0,0,3	292	149	1
5078	0,0,0,0,0	0,153,0,0,0	0,0,0,0,17,0,0,0,0,0,12,0,0,0,9,0	0,0,0,0,1054,0,0,2,0,0,777,0,0,0,558,32	168	149	1
5079	0,9,0,0,0	0,5,0,0,0	0,0,0,0,93,0,0,0,0,0,47,0,0,0,0,10	0,0,0,0,2,0,0,0,0,0,1,0,0,0,0,3	176	149	1
5080	0,23,0,0,0	0,0,0,0,0	0,0,0,0,157,0,0,0,0,0,68,0,0,0,0,17	0,0,0,0,0,0,0,0,0,0,2,0,0,0,0,0	201	149	1
5081	0,19,0,0,0	0,0,0,0,0	0,0,0,0,66,0,0,0,0,0,22,0,0,0,0,10	0,0,0,0,0,0,0,0,0,0,2,0,0,0,0,0	174	149	1
5082	0,24,0,0,0	0,174,0,0,2	0,0,0,0,95,0,0,0,0,0,63,0,0,0,3,0	0,0,0,0,776,0,0,0,0,0,397,0,0,0,27,11	152	149	1
5084	0,0,0,0,0	0,6,0,0,0	0,0,0,0,0,0,0,0,0,0,4,0,0,0,6,0	0,0,0,0,183,0,0,0,0,0,301,0,0,0,129,13	173	149	1
5088	0,6,0,0,0	0,0,0,0,0	0,0,0,0,0,0,0,0,0,0,3,0,0,0,0,0	0,0,0,0,0,0,0,0,0,0,2,0,0,0,0,0	641	149	1
5090	0,154,2,0,0	0,0,0,0,0	0,0,0,0,1454,2,0,2,6,0,452,0,0,0,144,31	0,0,0,0,0,0,0,0,0,0,2,0,0,0,0,2	234	149	1
5091	0,77,0,0,0	0,125,0,0,0	0,0,0,0,113,0,0,0,0,0,38,0,0,0,0,16	0,0,0,0,392,0,0,0,0,0,323,0,0,0,58,26	257	149	1
5092	0,110,0,0,0	0,0,0,0,0	0,0,0,0,329,0,0,0,2,0,256,0,0,0,100,29	0,0,0,0,6,0,0,0,0,0,0,0,0,0,0,0	185	149	1
5093	0,0,0,0,0	0,132,0,0,0	0,0,0,0,0,0,0,0,0,0,1,0,0,0,0,0	0,0,0,0,231,0,0,0,0,0,281,0,0,0,26,20	182	149	1
5094	0,44,0,0,0	0,19,0,0,0	0,0,0,0,125,0,0,0,0,0,136,0,0,0,149,9	0,0,0,0,44,0,0,0,0,0,30,0,0,0,41,0	152	149	1
5096	0,6,0,0,0	0,177,0,0,0	0,0,0,0,0,0,0,0,0,0,2,0,0,0,3,1	0,0,0,0,102,0,0,0,0,0,330,0,0,0,643,10	167	149	1
5097	0,0,0,0,0	0,83,0,0,0	0,0,0,0,12,0,0,0,0,0,10,0,0,0,3,0	0,0,0,0,1148,0,0,0,0,0,476,0,0,0,280,12	219	149	1
5098	0,2,0,0,0	0,0,0,0,0	0,0,0,0,7,2,0,0,0,0,1,0,0,0,6,0	0,0,0,0,2,0,0,0,0,0,5,0,0,0,0,0	153	149	1
5099	0,94,0,0,2	0,0,0,0,0	0,0,0,0,873,2,0,0,4,2,453,0,0,0,85,47	0,0,0,0,2,0,0,0,0,0,5,0,0,0,0,0	156	149	1
5103	0,32,0,0,0	0,7,0,0,0	0,0,0,0,6,0,0,0,0,0,6,0,0,0,1,2	0,0,0,0,3,0,0,0,0,0,1,0,0,0,0,1	163	149	1
5104	0,42,0,0,0	0,44,0,0,0	0,0,0,0,6,0,0,0,0,0,9,0,0,0,1,5	0,0,0,0,20,0,0,0,0,0,26,0,0,0,0,7	163	149	1
5105	0,432,0,0,0	0,44,0,0,0	0,0,0,0,92,0,0,0,0,0,60,0,0,0,10,30	0,0,0,0,20,0,0,0,0,0,26,0,0,0,0,7	370	149	1
5106	0,400,0,0,0	0,10,0,0,0	0,0,0,0,86,0,0,0,0,0,55,0,0,0,9,28	0,0,0,0,0,0,0,0,0,0,4,0,0,0,0,3	356	149	1
5107	0,5,0,0,0	0,152,0,0,0	0,0,0,0,13,0,0,0,0,0,0,0,0,0,5,8	0,0,0,0,125,0,0,0,0,0,269,0,0,0,296,45	165	149	1
5112	0,237,4,0,0	0,3,0,0,0	0,0,0,0,207,2,0,0,0,0,254,0,0,0,93,20	0,0,0,0,0,0,0,0,0,0,8,0,0,0,0,0	245	149	1
5113	0,67,0,0,2	0,8,0,0,0	0,0,0,0,86,0,0,0,0,0,186,0,0,0,39,13	0,0,0,0,4,0,0,0,2,0,9,0,0,0,1,6	329	149	1
5116	0,5779,0,0,16	0,88,0,0,0	0,0,0,0,1,0,0,0,0,6,242,0,0,0,270,11	0,0,0,0,0,0,0,0,0,0,0,0,0,0,0,0	192	149	1
5119	0,545,0,0,4	0,12,0,0,0	0,0,0,0,1208,0,0,7,0,2,845,0,0,0,1107,63	0,0,0,0,0,0,0,0,0,0,1,0,0,0,0,0	197	149	1
5120	0,9,0,0,0	0,37,0,0,0	0,0,0,0,30,0,0,0,0,0,20,0,0,0,0,0	0,0,0,0,15,0,0,0,0,0,32,0,0,0,10,0	152	149	1
5122	0,11,0,0,0	0,0,0,0,0	0,0,0,0,102,0,0,0,0,0,109,0,0,0,0,5	0,0,0,0,0,0,0,0,0,0,5,0,0,0,0,0	153	149	1
5123	0,635,0,0,0	0,0,0,0,0	0,0,0,0,1053,0,0,13,4,10,3278,0,0,0,922,144	0,0,0,0,0,0,0,0,0,0,32,0,0,0,10,2	176	149	1
5124	0,206,0,0,0	0,0,0,0,0	0,0,0,0,240,0,0,2,0,4,155,0,0,0,167,34	0,0,0,0,8,0,0,0,0,0,0,0,0,0,0,0	176	149	1
5126	0,97,2,0,0	0,0,0,0,0	0,0,0,0,195,0,0,2,0,0,234,0,0,0,387,110	0,0,0,0,22,0,0,0,0,0,0,0,0,0,4,0	170	149	1
5127	0,80,2,0,0	0,0,0,0,0	0,0,0,0,285,0,0,0,0,0,150,0,0,0,211,30	0,0,0,0,0,0,0,0,0,0,2,0,0,0,0,0	368	149	1
5131	0,40,0,0,0	0,0,0,0,0	0,0,0,0,76,0,0,0,0,0,209,0,0,0,233,48	0,0,0,0,0,0,0,0,0,0,2,0,0,0,8,1	153	149	1
5132	0,0,0,0,0	0,84,0,0,0	0,0,0,0,0,0,0,0,0,0,11,0,0,0,14,7	0,0,0,0,224,0,4,2,0,0,233,0,0,0,245,33	188	149	1
5134	0,1,0,0,0	0,1,0,0,0	0,0,0,0,0,0,0,2,0,0,5,0,0,0,4,2	0,0,0,0,0,0,0,0,0,0,17,0,0,0,0,0	403	149	1
5135	0,1,0,0,0	0,0,0,0,0	0,0,0,0,19,0,0,2,0,0,8,0,0,0,4,2	0,0,0,0,0,0,0,0,0,0,1,0,0,0,0,0	455	149	1
5136	0,1,0,0,0	0,0,0,0,0	0,0,0,0,19,0,0,0,0,0,20,0,0,0,0,0	0,0,0,0,0,0,0,0,0,0,1,0,0,0,0,0	201	149	1
5139	0,200,0,0,0	0,14,0,0,0	0,0,0,0,860,0,0,0,0,0,0,0,0,0,0,6	0,0,0,0,193,0,0,0,0,0,0,0,0,0,0,0	152	149	1
5142	0,0,0,0,0	0,10,0,0,0	0,0,0,0,26,0,0,0,0,0,12,0,0,0,15,1	0,0,0,0,180,0,0,0,0,0,12,0,0,0,10,0	194	149	1
5144	0,24,0,0,0	0,0,0,0,0	0,0,0,0,64,0,0,0,0,0,38,0,0,0,114,18	0,0,0,0,20,0,0,0,0,0,21,0,0,0,24,4	152	149	1
5146	0,92,2,0,0	0,1,0,0,0	0,0,0,0,376,2,4,0,2,0,278,0,0,0,570,41	0,0,0,0,0,0,0,0,0,0,0,0,0,0,0,0	209	149	1
5150	0,9,0,0,0	0,116,0,0,0	0,0,0,0,29,0,0,0,0,0,74,0,0,0,2,1	0,0,0,0,272,0,0,0,0,0,331,0,0,0,3,21	179	149	1
5151	0,90,0,0,0	0,2,0,0,0	0,0,0,0,205,0,0,0,0,0,268,0,0,0,6,27	0,0,0,0,0,0,0,0,0,0,0,0,0,0,0,0	335	149	1
5152	0,197,0,0,0	0,2,0,0,0	0,0,0,0,448,0,0,0,0,0,525,0,0,0,7,47	0,0,0,0,0,0,0,0,0,0,0,0,0,0,0,0	305	149	1
5155	0,107,0,0,0	0,0,0,0,0	0,0,0,0,388,0,0,0,0,0,67,0,0,0,104,0	0,0,0,0,0,0,0,0,0,0,4,0,0,0,0,0	204	149	1
5157	0,6,0,0,0	0,0,0,0,0	0,0,0,0,0,0,0,0,0,0,1,0,0,0,8,2	0,0,0,0,0,0,0,0,0,0,2,0,0,0,7,0	152	149	1
5159	0,0,0,0,0	0,5,0,0,0	0,0,0,0,1,0,0,0,0,0,7,0,0,0,4,0	0,0,0,0,0,0,0,0,0,0,5,0,0,0,0,0	190	149	1
5164	0,0,0,0,0	0,2,0,0,0	0,0,0,0,0,0,0,0,0,0,2,0,0,0,0,4	0,0,0,0,19,0,0,0,0,0,26,0,0,0,0,0	152	149	1
5165	0,0,0,0,0	0,6,0,0,0	0,0,0,0,0,0,0,0,0,0,2,0,0,0,0,7	0,0,0,0,0,0,0,0,0,0,60,0,0,0,0,1	392	149	1
5166	0,0,0,0,0	0,3,0,0,0	0,0,0,0,0,0,0,0,0,0,4,0,0,0,0,1	0,0,0,0,0,0,0,0,0,0,43,0,0,0,0,0	194	149	1
5167	0,2,0,0,0	0,0,0,0,0	0,0,0,0,0,2,0,0,0,0,8,0,0,0,90,26	0,0,0,0,0,0,0,0,0,0,1,0,0,0,0,0	1292	149	1
5168	0,8,0,0,0	0,51,0,0,0	0,0,0,0,0,2,0,0,0,0,11,0,0,0,127,26	0,0,0,0,52,0,0,0,0,0,150,0,0,0,213,51	1348	149	1
5169	0,6,0,0,0	0,51,0,0,0	0,0,0,0,0,0,0,0,0,0,4,0,0,0,37,0	0,0,0,0,52,0,0,0,0,0,150,0,0,0,213,51	205	149	1
5171	0,2,0,0,0	0,99,0,0,0	0,0,0,0,0,0,0,0,0,0,32,0,0,0,9,3	0,0,0,0,340,0,0,0,0,0,1661,0,0,0,36,125	161	149	1
5172	0,6,0,0,4	0,0,0,0,0	0,0,0,0,22,0,0,0,0,0,26,0,0,0,6,6	0,0,0,0,0,0,0,0,0,0,3,0,0,0,0,0	192	149	1
5173	0,24,0,0,0	0,578,0,0,4	0,0,0,0,16,0,0,0,0,0,33,0,0,0,0,49	0,0,0,0,1586,0,0,3,0,0,1868,0,0,0,41,666	189	149	1
5174	0,2145,0,0,4	0,3,0,0,0	0,0,0,0,3520,0,0,0,6,4,2637,0,0,0,151,676	0,0,0,0,14,0,0,0,0,0,7,0,0,0,0,1	983	149	1
5180	0,121,0,0,0	0,1,0,0,0	0,0,0,0,136,0,0,0,0,0,301,0,0,0,203,6	0,0,0,0,0,0,0,0,0,0,0,0,0,0,0,0	211	149	1
5186	0,7,0,0,0	0,1,2,0,0	0,0,0,0,63,0,0,0,0,0,66,0,0,0,216,62	0,0,0,0,91,0,0,0,0,0,81,0,0,0,1,35	152	149	1
5187	0,24,0,0,0	0,51,0,0,0	0,0,0,0,29,0,0,2,0,0,89,0,0,0,95,2	0,0,0,0,57,0,0,0,0,0,80,0,0,0,145,7	152	149	1
5188	0,7,0,0,0	0,0,0,0,0	0,0,0,0,58,0,0,2,0,0,32,0,0,0,27,4	0,0,0,0,0,0,0,0,0,0,2,0,0,0,0,0	199	149	1
5189	0,47,0,0,0	0,0,0,0,0	0,0,0,0,203,0,0,2,0,0,181,0,0,0,35,40	0,0,0,0,0,0,0,0,0,0,7,0,0,0,0,0	199	149	1
5191	0,325,0,0,0	0,24,0,0,0	0,0,0,0,1012,0,0,2,0,0,1200,0,0,0,453,65	0,0,0,0,143,0,0,0,0,0,107,0,0,0,42,2	152	149	1
5195	0,105,0,0,0	0,0,0,0,0	0,0,0,0,16,0,0,0,0,0,20,0,0,0,0,2	0,0,0,0,0,0,0,0,0,0,3,0,0,0,0,0	226	149	1
5201	0,96,0,0,0	0,3586,6,0,6	0,0,0,0,472,0,0,0,0,0,116,0,0,0,55,21	0,0,0,0,15749,4,16,2,34,25,8522,0,0,0,1333,736	640	149	1
5202	0,7,0,0,0	0,0,0,0,0	0,0,0,0,39,0,0,0,0,0,11,0,0,0,21,4	0,0,0,0,0,0,0,0,0,0,4,0,0,0,3,1	192	149	1
5203	0,186,6,0,2	0,0,0,0,0	0,0,0,0,264,0,0,0,0,2,605,0,0,0,458,97	0,0,0,0,0,0,0,0,0,0,7,0,0,0,0,0	496	149	1
5205	0,139,0,0,0	0,2454,2,0,2	0,0,0,0,271,0,0,0,0,0,63,0,0,0,138,45	0,0,0,0,1941,0,0,6,0,2,3957,0,0,0,3265,435	2781	149	1
5206	0,1493,0,0,0	0,0,0,0,0	0,0,0,0,1790,0,0,1,0,0,3892,0,0,0,86,65	0,0,0,0,18,0,0,0,0,0,2,0,0,0,0,0	413	149	1
5207	0,16,0,0,0	0,0,0,0,0	0,0,0,0,60,2,0,0,0,0,28,0,0,0,53,6	0,0,0,0,0,0,0,0,0,0,2,0,0,0,0,0	173	149	1
5209	0,0,0,0,0	0,11,0,0,0	0,0,0,0,12,0,0,0,0,0,0,0,0,0,0,1	0,0,0,0,140,0,0,0,0,0,71,0,0,0,55,13	255	149	1
5211	0,2,0,0,0	0,0,0,0,0	0,0,0,0,13,0,0,0,0,0,34,0,0,0,22,0	0,0,0,0,0,0,0,0,0,0,10,0,0,0,7,0	152	149	1
5213	0,90,0,0,0	0,4,0,0,0	0,0,0,0,208,0,0,0,0,0,12,0,0,0,11,7	0,0,0,0,0,0,0,0,0,0,0,0,0,0,0,0	225	149	1
5214	0,0,0,0,0	0,62,2,0,0	0,0,0,0,0,0,0,0,0,0,8,0,0,0,1,2	0,0,0,0,48,0,0,0,0,0,93,0,0,0,213,16	166	149	1
5216	0,160,2,0,0	0,0,0,0,0	0,0,0,0,229,0,4,0,0,0,117,0,0,0,274,8	0,0,0,0,0,0,0,0,0,0,3,0,0,0,0,0	2285	149	1
5217	0,23,4,0,0	0,0,0,0,0	0,0,0,0,242,2,0,3,2,0,163,0,0,0,599,99	0,0,0,0,0,0,0,0,0,0,32,0,0,0,39,0	454	149	1
5218	0,43,0,0,0	0,315,0,0,0	0,0,0,0,101,0,0,0,0,0,39,0,0,0,58,9	0,0,0,0,614,4,4,2,0,0,363,0,0,0,503,57	169	149	1
5221	0,5,0,0,0	0,48,0,0,0	0,0,0,0,0,0,0,0,0,0,43,0,0,0,10,2	0,0,0,0,45,0,2,0,0,0,237,0,0,0,349,62	244	149	1
5222	0,5,0,0,0	0,2,0,0,0	0,0,0,0,5,0,0,0,0,0,61,0,0,0,17,7	0,0,0,0,0,0,0,0,0,0,31,0,0,0,9,3	261	149	1
5223	0,48,0,0,0	0,2,0,0,0	0,0,0,0,50,0,2,0,0,0,255,0,0,0,356,67	0,0,0,0,0,0,0,0,0,0,31,0,0,0,9,3	166	149	1
5224	0,76,4,0,0	0,0,0,0,0	0,0,0,0,138,0,0,3,0,0,613,0,0,0,917,66	0,0,0,0,0,0,0,0,0,0,0,0,0,0,0,2	153	149	1
5225	0,1,0,0,0	0,28,0,0,0	0,0,0,0,10,0,0,0,0,0,6,0,0,0,0,1	0,0,0,0,29,0,0,0,0,0,21,0,0,0,13,4	152	149	1
5229	0,45,0,0,0	0,40,0,0,0	0,0,0,0,24,0,0,0,0,0,7,0,0,0,10,16	0,0,0,0,36,0,0,0,0,0,37,0,0,0,25,16	244	149	1
5230	0,4,0,0,0	0,87,0,0,0	0,0,0,0,1,0,0,0,0,0,2,0,0,0,0,1	0,0,0,0,43,0,0,0,0,0,45,0,0,0,40,8	167	149	1
5231	0,3,2,0,0	0,0,0,0,0	0,0,0,0,166,0,0,0,0,0,226,0,0,0,309,25	0,0,0,0,0,0,0,0,0,0,1,0,0,0,0,0	187	149	1
5232	0,15,0,0,0	0,11,0,0,0	0,0,0,0,47,0,0,0,0,0,22,0,0,0,3,0	0,0,0,0,116,0,0,2,0,0,9,0,0,0,30,0	194	149	1
5233	0,45,0,0,0	0,344,0,0,0	0,0,0,0,30,0,0,0,0,0,61,0,0,0,0,3	0,0,0,0,290,0,0,0,0,0,413,0,0,0,9,15	159	149	1
5234	0,1553,2,0,0	0,16,0,0,0	0,0,0,0,1411,0,0,6,0,0,1218,0,0,0,519,254	0,0,0,0,37,0,0,0,0,0,37,0,0,0,134,1	322	149	1
5235	0,1852,2,0,0	0,16,0,0,0	0,0,0,0,1671,0,0,6,0,0,1570,0,0,0,528,266	0,0,0,0,37,0,0,0,0,0,37,0,0,0,134,1	312	149	1
5237	0,7,0,0,0	0,175,0,0,0	0,0,0,0,2,0,0,0,0,0,10,0,0,0,0,2	0,0,0,0,142,0,0,0,0,0,281,0,0,0,121,53	152	149	1
5238	0,1,0,0,0	0,0,0,0,0	0,0,0,0,2,0,0,0,0,0,4,0,0,0,1,0	0,0,0,0,0,0,0,0,0,0,6,0,0,0,4,6	152	149	1
5242	0,1,0,0,0	0,131,0,0,0	0,0,0,0,0,0,0,0,0,0,0,0,0,0,2,1	0,0,0,0,570,0,0,0,0,0,357,0,0,0,57,26	183	149	1
5243	0,44,0,0,0	0,10,0,0,0	0,0,0,0,0,0,0,0,0,0,120,0,0,0,1,0	0,0,0,0,0,0,0,0,0,0,2,0,0,0,0,1	202	149	1
5247	0,2821,0,0,0	0,3,0,0,0	0,0,0,0,18,0,0,0,0,0,69,0,0,0,185,29	0,0,0,0,0,0,0,0,0,0,0,0,0,0,0,0	269	149	1
5248	0,5585,0,0,8	0,407,0,0,0	0,0,0,0,72,0,0,0,0,0,192,0,0,0,220,84	0,0,0,0,0,0,0,0,0,0,0,0,0,0,12,1	153	149	1
5249	0,140,0,0,0	0,0,0,0,0	0,0,0,0,0,0,0,0,0,0,23,0,0,0,15,1	0,0,0,0,0,0,0,0,0,0,5,0,0,0,0,0	153	149	1
5250	0,6789,0,0,10	0,4,0,0,0	0,0,0,0,100,0,0,2,0,0,201,0,0,0,36,105	0,0,0,0,0,0,0,0,0,0,0,0,0,0,0,0	438	149	1
5251	0,2836,0,0,2	0,33,0,0,0	0,0,0,0,35,0,0,2,0,0,127,0,0,0,236,95	0,0,0,0,0,0,0,0,0,0,0,0,0,0,0,0	342	149	1
5253	0,236,10,0,0	0,0,0,0,0	0,0,0,0,1733,18,16,8,4,0,366,0,0,0,671,79	0,0,0,0,65,0,0,0,0,0,20,0,0,0,9,0	2700	149	1
5255	0,43,0,0,0	0,0,0,0,0	0,0,0,0,599,0,0,0,0,0,861,0,0,0,367,22	0,0,0,0,0,0,0,0,0,0,6,0,0,0,5,0	264	149	1
5262	0,51,0,0,0	0,0,0,0,0	0,0,0,0,62,0,0,0,0,0,138,0,0,0,34,3	0,0,0,0,0,0,0,0,0,0,2,0,0,0,0,0	363	149	1
5263	0,13,0,0,0	0,10,0,0,0	0,0,0,0,37,0,0,0,0,0,44,0,0,0,0,1	0,0,0,0,0,0,0,0,0,0,60,0,0,0,1,2	170	149	1
5266	0,34,0,0,0	0,64,0,0,0	0,0,0,0,26,0,0,0,0,0,0,0,0,0,13,0	0,0,0,0,97,0,0,0,0,0,280,0,0,0,206,39	389	149	1
5267	0,3,0,0,0	0,64,0,0,0	0,0,0,0,0,0,0,0,0,0,0,0,0,0,4,0	0,0,0,0,97,0,0,0,0,0,280,0,0,0,206,39	206	149	1
5269	0,0,0,0,0	0,2,4,0,2	0,0,0,0,0,0,0,0,0,0,0,0,0,0,2,0	0,0,0,0,137,0,0,0,0,0,82,0,0,0,170,1	167	149	1
5270	0,7,0,0,0	0,0,0,0,0	0,0,0,0,41,0,0,0,0,0,39,0,0,0,69,6	0,0,0,0,0,0,0,0,0,0,6,0,0,0,1,0	152	149	1
5271	0,4,2,0,0	0,24,12,0,0	0,0,0,0,4,0,2,0,0,0,65,0,0,0,24,6	0,0,0,0,177,4,2,3,0,4,707,0,0,0,426,26	165	149	1
5276	0,11,0,0,0	0,183,0,0,2	0,0,0,0,34,0,0,0,0,2,150,0,0,0,99,5	0,0,0,0,876,0,0,2,0,2,2239,0,0,0,1898,188	193	149	1
5277	0,46,0,0,0	0,91,0,0,2	0,0,0,0,152,0,0,2,2,0,335,0,0,0,220,70	0,0,0,0,361,0,0,2,0,0,1034,0,0,0,724,216	152	149	1
5278	0,33,0,0,0	0,573,0,0,0	0,0,0,0,31,0,0,0,0,0,114,0,0,0,25,0	0,0,0,0,545,0,0,2,0,4,1726,0,0,0,605,6	155	149	1
5279	0,50,0,0,0	0,159,0,0,0	0,0,0,0,116,0,0,0,0,0,50,0,0,0,2,3	0,0,0,0,194,0,0,0,0,0,425,0,0,0,21,2	667	149	1
5281	0,42,0,0,0	0,0,0,0,0	0,0,0,0,294,2,0,5,0,0,326,0,0,0,714,72	0,0,0,0,0,0,0,0,0,0,3,0,0,0,0,0	167	149	1
5283	0,32,0,0,4	0,0,0,0,0	0,0,0,0,411,2,8,5,2,0,625,0,0,0,1249,94	0,0,0,0,0,0,0,0,0,0,1,0,0,0,8,0	281	149	1
5284	0,32,0,0,4	0,0,0,0,0	0,0,0,0,411,2,6,5,2,0,621,0,0,0,1245,94	0,0,0,0,0,0,0,0,0,0,4,0,0,0,22,1	278	149	1
5285	0,30,0,0,2	0,25,0,0,0	0,0,0,0,88,0,4,2,0,0,92,0,0,0,217,38	0,0,0,0,196,2,0,3,0,0,331,0,0,0,483,50	3099	149	1
5288	0,0,0,0,0	0,7,0,0,0	0,0,0,0,0,0,0,0,0,0,2,0,0,0,4,0	0,0,0,0,24,0,0,0,2,0,1,0,0,0,8,0	188	149	1
5290	0,203,0,0,0	0,2,0,0,0	0,0,0,0,186,0,0,0,0,0,288,0,0,0,53,12	0,0,0,0,5,0,0,0,0,0,0,0,0,0,0,0	267	149	1
5292	0,193,2,0,0	0,185,2,0,0	0,0,0,0,107,0,0,0,0,0,91,0,0,0,145,2	0,0,0,0,103,0,0,0,0,0,86,0,0,0,105,1	206	149	1
5293	0,7,0,0,2	0,5,0,0,0	0,0,0,0,12,0,0,0,2,0,32,0,0,0,146,20	0,0,0,0,85,0,0,0,0,0,16,0,0,0,57,9	279	149	1
5301	0,15,0,0,0	0,8,0,0,0	0,0,0,0,123,0,0,0,0,0,41,0,0,0,10,0	0,0,0,0,105,0,0,0,0,0,11,0,0,0,3,2	152	149	1
5303	0,2,0,0,0	0,190,0,0,0	0,0,0,0,17,0,0,0,0,0,31,0,0,0,0,0	0,0,0,0,872,0,0,0,0,0,1533,0,0,0,122,18	254	149	1
5304	0,560,0,0,0	0,2,0,0,0	0,0,0,0,753,0,0,0,0,0,2098,0,0,0,115,37	0,0,0,0,0,0,0,0,0,0,9,0,0,0,2,0	274	149	1
5307	0,0,0,0,0	0,5,0,0,0	0,0,0,0,24,0,0,0,0,0,5,0,0,0,22,9	0,0,0,0,37,0,0,0,0,0,5,0,0,0,64,9	152	149	1
5309	0,246,0,0,0	0,3,0,0,0	0,0,0,0,142,0,0,0,0,0,566,0,0,0,43,0	0,0,0,0,0,0,0,0,0,0,7,0,0,0,0,0	179	149	1
5311	0,328,0,0,0	0,0,0,0,0	0,0,0,0,1106,2,0,4,0,0,1676,0,0,0,625,303	0,0,0,0,0,0,0,0,0,0,5,0,0,0,0,0	2574	149	1
5313	0,5,0,0,0	0,0,0,0,0	0,0,0,0,0,0,0,0,0,0,2,0,0,0,4,5	0,0,0,0,0,0,0,0,0,0,0,0,0,0,17,0	335	149	1
5314	0,0,0,0,0	0,2,0,0,0	0,0,0,0,0,0,0,0,0,0,1,0,0,0,0,0	0,0,0,0,0,0,0,0,0,0,14,0,0,0,43,0	224	149	1
5315	0,110,0,0,0	0,0,0,0,0	0,0,0,0,279,0,0,2,0,0,766,0,0,0,507,353	0,0,0,0,16,0,0,2,0,0,8,0,0,0,16,18	152	149	1
5316	0,9,0,0,0	0,115,0,0,0	0,0,0,0,6,0,0,0,0,0,25,0,0,0,4,0	0,0,0,0,22,0,0,0,0,0,130,0,0,0,15,1	166	149	1
5317	0,0,0,0,0	0,5,0,0,0	0,0,0,0,0,0,0,0,0,0,8,0,0,0,0,0	0,0,0,0,0,0,0,0,0,0,6,0,0,0,0,0	196	149	1
5320	0,5,0,0,0	0,9,0,0,0	0,0,0,0,14,4,0,0,0,2,22,0,0,0,85,0	0,0,0,0,34,0,0,0,0,0,4,0,0,0,11,3	152	149	1
5322	0,34,0,0,0	0,0,0,0,0	0,0,0,0,97,4,0,0,0,0,44,0,0,0,110,18	0,0,0,0,0,0,0,0,0,0,1,0,0,0,13,0	152	149	1
5324	0,0,0,0,0	0,9,0,0,0	0,0,0,0,55,0,0,0,0,0,0,0,0,0,0,0	0,0,0,0,7,0,0,0,0,0,8,0,0,0,2,0	208	149	1
5325	0,7,0,0,0	0,1,0,0,0	0,0,0,0,48,0,0,0,0,0,6,0,0,0,9,0	0,0,0,0,1,0,0,0,0,0,9,0,0,0,0,0	196	149	1
5326	0,7,0,0,0	0,6,0,0,0	0,0,0,0,48,0,0,0,0,0,7,0,0,0,10,0	0,0,0,0,53,0,0,0,0,0,11,0,0,0,22,0	199	149	1
5327	0,1,0,0,0	0,6,0,0,0	0,0,0,0,1,0,0,0,0,0,10,0,0,0,1,0	0,0,0,0,53,0,0,0,0,0,11,0,0,0,22,0	152	149	1
5331	0,2878,84,0,42	0,14,0,0,0	0,0,0,0,199,48,32,161,2,45,26516,0,0,0,63901,3980	0,0,0,0,0,0,0,0,0,0,53,0,0,0,104,24	207	149	1
5335	0,6,0,0,0	0,0,0,0,0	0,0,0,0,254,0,0,0,0,0,4,0,0,0,0,4	0,0,0,0,19,0,0,0,0,0,1,0,0,0,0,0	176	149	1
5337	0,129,0,0,0	0,0,0,0,0	0,0,0,0,183,0,0,0,0,0,82,0,0,0,19,3	0,0,0,0,6,0,0,0,0,0,3,0,0,0,0,0	191	149	1
5341	0,323,0,0,2	0,75,0,0,0	0,0,0,0,479,0,0,2,0,4,1379,0,0,0,19,41	0,0,0,0,125,0,0,0,0,0,39,0,0,0,0,0	183	149	1
5342	0,507,0,0,0	0,0,0,0,0	0,0,0,0,389,0,0,0,2,2,1349,0,0,0,23,182	0,0,0,0,0,0,0,0,0,0,4,0,0,0,20,1	161	149	1
5347	0,0,0,0,0	0,74,0,0,0	0,0,0,0,0,0,0,0,0,0,1,0,0,0,0,0	0,0,0,0,209,0,0,0,0,0,272,0,0,0,106,15	225	149	1
5348	0,232,0,0,0	0,6,0,0,0	0,0,0,0,238,0,0,0,0,0,446,0,0,0,185,10	0,0,0,0,0,0,0,0,0,0,15,0,0,0,15,6	188	149	1
5349	0,11,0,0,0	0,0,0,0,0	0,0,0,0,10,0,0,0,2,0,33,0,0,0,28,1	0,0,0,0,6,0,0,0,0,0,8,0,0,0,0,2	152	149	1
5350	0,9,0,0,0	0,0,0,0,0	0,0,0,0,17,0,0,0,0,0,30,0,0,0,18,1	0,0,0,0,20,0,0,0,0,0,2,0,0,0,0,1	195	149	1
5352	0,81,0,0,0	0,1,0,0,0	0,0,0,0,80,0,0,0,0,0,103,0,0,0,228,3	0,0,0,0,0,0,0,0,0,0,0,0,0,0,0,0	204	149	1
5353	0,246,6,0,0	0,25,0,0,0	0,0,0,0,237,0,0,2,0,0,373,0,0,0,735,49	0,0,0,0,28,2,0,0,0,0,7,0,0,0,0,0	201	149	1
5354	0,250,6,0,0	0,9,0,0,0	0,0,0,0,237,0,0,2,0,0,377,0,0,0,735,49	0,0,0,0,0,0,0,0,0,0,0,0,0,0,0,1	204	149	1
5355	0,29,0,0,0	0,9,0,0,0	0,0,0,0,28,2,0,0,0,0,11,0,0,0,0,0	0,0,0,0,0,0,0,0,0,0,0,0,0,0,0,1	152	149	1
5356	0,5,0,0,0	0,0,0,0,0	0,0,0,0,118,0,0,0,0,0,52,0,0,0,71,50	0,0,0,0,0,0,0,0,0,0,1,0,0,0,7,0	152	149	1
5360	0,31,0,0,0	0,15,0,0,0	0,0,0,0,54,0,0,0,0,0,33,0,0,0,0,3	0,0,0,0,52,0,0,0,0,0,32,0,0,0,1,5	162	149	1
5361	0,57,0,0,0	0,0,0,0,0	0,0,0,0,79,0,0,0,0,0,95,0,0,0,8,15	0,0,0,0,0,0,0,0,0,0,1,0,0,0,0,1	654	149	1
5362	0,18,0,0,0	0,0,0,0,0	0,0,0,0,0,0,0,0,0,0,50,0,0,0,7,3	0,0,0,0,0,0,0,0,0,0,0,0,0,0,0,2	157	149	1
5366	0,81,0,0,0	0,7,0,0,0	0,0,0,0,77,0,2,0,0,0,296,0,0,0,166,32	0,0,0,0,0,0,0,0,0,0,20,0,0,0,18,6	192	149	1
5367	0,33,0,0,0	0,0,0,0,0	0,0,0,0,32,0,0,0,0,0,73,0,0,0,64,7	0,0,0,0,0,0,4,0,0,0,35,0,0,0,28,4	192	149	1
5368	0,0,0,0,0	0,2,0,0,0	0,0,0,0,6,0,0,0,0,0,0,0,0,0,0,8	0,0,0,0,0,0,0,0,0,0,5,0,0,0,0,0	197	149	1
5369	0,6,0,0,0	0,21,0,0,0	0,0,0,0,11,0,0,0,0,0,28,0,0,0,5,0	0,0,0,0,44,0,0,0,0,0,169,0,0,0,49,10	262	149	1
5370	0,1,0,0,0	0,0,0,0,0	0,0,0,0,41,0,0,0,0,0,21,0,0,0,9,39	0,0,0,0,0,0,0,0,0,0,29,0,0,0,0,8	430	149	1
5374	0,0,0,0,0	0,2,0,0,0	0,0,0,0,0,0,0,0,0,0,10,0,0,0,54,0	0,0,0,0,31,0,0,0,0,0,32,0,0,0,102,5	152	149	1
5384	0,0,0,0,0	0,9,2,0,0	0,0,0,0,0,0,0,0,0,0,2,0,0,0,5,0	0,0,0,0,0,0,0,0,0,0,0,0,0,0,3,0	156	149	1
5391	0,1,0,0,0	0,1,0,0,0	0,0,0,0,23,0,0,0,0,0,34,0,0,0,85,1	0,0,0,0,21,0,0,0,0,0,23,0,0,0,28,4	152	149	1
5392	0,59,0,0,0	0,0,0,0,0	0,0,0,0,0,0,0,0,0,0,57,0,0,0,84,1	0,0,0,0,27,0,0,0,0,0,0,0,0,0,0,0	152	149	1
5394	0,19,0,0,0	0,30,0,0,0	0,0,0,0,5,0,0,0,0,0,40,0,0,0,12,3	0,0,0,0,33,0,0,0,0,0,61,0,0,0,0,0	184	149	1
5396	0,160,0,0,0	0,6,0,0,0	0,0,0,0,196,0,0,0,0,0,595,0,0,0,9,8	0,0,0,0,22,0,0,0,0,0,84,0,0,0,0,0	199	149	1
5398	0,1,0,0,0	0,0,0,0,0	0,0,0,0,26,0,0,0,0,0,3,0,0,0,9,1	0,0,0,0,0,0,0,0,0,0,0,0,0,0,2,0	152	149	1
5399	0,0,0,0,0	0,0,2,0,0	0,0,0,0,19,0,0,0,0,0,1,0,0,0,24,0	0,0,0,0,39,2,0,0,0,0,18,0,0,0,38,0	152	149	1
5401	0,2,0,0,0	0,0,0,0,0	0,0,0,0,410,0,0,0,0,0,0,0,0,0,0,0	0,0,0,0,66,0,0,0,0,0,0,0,0,0,0,0	196	149	1
5402	0,9,0,0,0	0,207,0,0,0	0,0,0,0,0,0,0,0,0,0,4,0,0,0,0,1	0,0,0,0,597,0,0,0,0,0,879,0,0,0,36,11	168	149	1
5403	0,31,0,0,0	0,254,0,0,0	0,0,0,0,93,0,0,0,0,0,57,0,0,0,2,1	0,0,0,0,533,0,0,0,0,0,815,0,0,0,128,31	1296	149	1
5404	0,49,0,0,0	0,254,0,0,0	0,0,0,0,144,0,0,0,0,0,79,0,0,0,2,4	0,0,0,0,533,0,0,0,0,0,815,0,0,0,128,31	1815	149	1
5405	0,20,0,0,0	0,2,0,0,0	0,0,0,0,59,0,0,0,0,0,22,0,0,0,0,3	0,0,0,0,8,0,0,0,0,0,0,0,0,0,0,0	668	149	1
5406	0,4,0,0,0	0,180,0,0,0	0,0,0,0,15,0,0,0,2,0,30,0,0,0,2,0	0,0,0,0,471,0,0,0,2,2,886,0,0,0,136,32	172	149	1
5407	0,4,0,0,0	0,180,0,0,0	0,0,0,0,15,0,0,0,2,0,30,0,0,0,2,0	0,0,0,0,471,0,0,0,2,2,886,0,0,0,136,32	204	149	1
5414	0,119,0,0,0	0,0,0,0,0	0,0,0,0,110,0,0,0,0,0,77,0,0,0,12,13	0,0,0,0,0,0,0,0,0,0,3,0,0,0,0,0	1121	149	1
5415	0,13,0,0,0	0,0,0,0,0	0,0,0,0,27,0,0,0,0,0,65,0,0,0,0,5	0,0,0,0,4,0,0,0,0,0,0,0,0,0,0,0	198	149	1
5419	0,19750,30,0,16	0,243,0,0,0	0,0,0,0,24351,16,24,64,18,22,23125,0,0,0,30636,1232	0,0,0,0,459,2,0,0,0,0,421,0,0,0,556,27	206	149	1
5420	0,5383,6,0,0	0,0,0,0,0	0,0,0,0,4857,0,0,4,4,2,5619,0,0,0,11047,183	0,0,0,0,0,0,0,0,0,0,1,0,0,0,0,0	206	149	1
5426	0,4,0,0,0	0,2,0,0,0	0,0,0,0,19,0,0,0,0,0,21,0,0,0,17,0	0,0,0,0,14,0,0,0,0,0,44,0,0,0,18,1	206	149	1
5427	0,6,0,0,0	0,12,0,0,0	0,0,0,0,6,0,0,0,0,0,11,0,0,0,22,0	0,0,0,0,52,0,0,0,0,0,88,0,0,0,27,2	206	149	1
5428	0,12,0,0,0	0,144,0,0,0	0,0,0,0,0,0,0,0,0,0,23,0,0,0,0,0	0,0,0,0,57,0,0,0,0,0,234,0,0,0,4,3	152	149	1
5429	0,906,0,0,4	0,3,0,0,0	0,0,0,0,349,0,0,0,0,0,576,0,0,0,211,24	0,0,0,0,0,0,0,0,0,0,4,0,0,0,0,0	319	149	1
5431	0,4,0,0,0	0,0,0,0,0	0,0,0,0,0,0,0,0,0,0,185,0,0,0,227,10	0,0,0,0,0,0,0,0,0,0,18,0,0,0,52,4	154	149	1
5432	0,787,0,0,2	0,6,0,0,0	0,0,0,0,1206,0,0,0,0,0,1053,0,0,0,335,73	0,0,0,0,0,0,0,0,0,0,0,0,0,0,0,0	248	149	1
5434	0,1,0,0,0	0,0,0,0,0	0,0,0,0,110,0,0,0,0,0,8,0,0,0,0,2	0,0,0,0,155,0,0,0,0,0,0,0,0,0,3,0	347	149	1
5435	0,26,0,0,0	0,0,0,0,0	0,0,0,0,321,0,0,0,0,0,29,0,0,0,1,0	0,0,0,0,3,0,0,0,0,0,0,0,0,0,0,0	270	149	1
5436	0,8,0,0,2	0,0,0,0,0	0,0,0,0,31,0,0,0,0,0,36,0,0,0,83,3	0,0,0,0,0,0,0,0,0,0,2,0,0,0,0,0	1688	149	1
5437	0,1,0,0,0	0,0,0,0,0	0,0,0,0,61,0,0,0,0,0,67,0,0,0,33,0	0,0,0,0,0,0,0,0,0,0,1,0,0,0,0,0	199	149	1
5440	0,2,2,0,0	0,9,0,0,0	0,0,0,0,16,0,0,0,0,0,14,0,0,0,18,6	0,0,0,0,115,0,0,0,0,2,347,0,0,0,155,16	260	149	1
5444	0,4,0,0,0	0,99,2,0,2	0,0,0,0,36,0,0,0,0,0,9,0,0,0,0,9	0,0,0,0,519,0,2,0,0,0,250,0,0,0,70,43	217	149	1
5445	0,0,0,0,0	0,155,0,0,0	0,0,0,0,14,0,0,0,0,0,2,0,0,0,0,0	0,0,0,0,126,0,0,0,0,0,283,0,0,0,22,6	178	149	1
5446	0,7,0,0,0	0,0,0,0,0	0,0,0,0,45,0,0,0,0,0,17,0,0,0,8,1	0,0,0,0,0,0,0,0,0,0,0,0,0,0,2,0	276	149	1
5447	0,17,0,0,0	0,1,0,0,0	0,0,0,0,45,0,0,0,0,0,17,0,0,0,9,3	0,0,0,0,0,0,0,0,0,0,27,0,0,0,0,6	276	149	1
5448	0,0,0,0,0	0,13,0,0,0	0,0,0,0,0,0,0,0,0,0,0,0,0,0,2,0	0,0,0,0,58,0,0,0,0,0,27,0,0,0,12,0	169	149	1
5449	0,0,2,0,0	0,0,0,0,0	0,0,0,0,60,0,0,0,0,0,17,0,0,0,99,17	0,0,0,0,1,0,0,0,0,0,6,0,0,0,20,0	194	149	1
5450	0,25,0,0,0	0,7,0,0,0	0,0,0,0,95,0,0,0,0,0,61,0,0,0,42,13	0,0,0,0,0,0,0,0,0,0,5,0,0,0,6,6	155	149	1
5451	0,2,0,0,0	0,0,0,0,0	0,0,0,0,31,0,0,0,0,0,8,0,0,0,15,2	0,0,0,0,30,0,0,0,0,0,19,0,0,0,101,7	210	149	1
5452	0,9,0,0,0	0,0,0,0,0	0,0,0,0,378,0,2,1,0,0,109,0,0,0,52,12	0,0,0,0,0,0,0,0,0,0,15,0,0,0,5,4	195	149	1
5454	0,0,0,0,0	0,23,0,0,0	0,0,0,0,0,0,0,0,0,0,0,0,0,0,0,5	0,0,0,0,60,0,0,0,0,0,14,0,0,0,0,6	155	149	1
5455	0,10,0,0,0	0,2,0,0,0	0,0,0,0,67,2,0,0,0,0,78,0,0,0,88,40	0,0,0,0,0,0,0,0,0,0,0,0,0,0,5,0	224	149	1
5464	0,279,2,0,2	0,0,0,0,0	0,0,0,0,2461,4,6,2,4,6,3282,0,0,0,4018,420	0,0,0,0,0,0,0,0,0,0,1,0,0,0,0,0	241	149	1
5465	0,355,0,0,0	0,4,0,0,0	0,0,0,0,378,0,0,0,0,0,650,0,0,0,257,92	0,0,0,0,19,0,0,0,2,0,9,0,0,0,14,0	168	149	1
5468	0,14,0,0,2	0,4,0,0,0	0,0,0,0,35,0,0,0,0,0,42,0,0,0,12,5	0,0,0,0,25,0,0,0,0,0,92,0,0,0,16,4	182	149	1
5469	0,124,0,0,0	0,1,0,0,0	0,0,0,0,162,0,2,0,0,0,996,0,0,0,156,24	0,0,0,0,0,0,0,0,0,0,0,0,0,0,0,0	176	149	1
5470	0,10,0,0,0	0,25,2,0,0	0,0,0,0,8,0,0,0,0,0,19,0,0,0,10,0	0,0,0,0,90,0,0,0,0,0,132,0,0,0,251,5	165	149	1
5471	0,173,2,0,0	0,6,0,0,0	0,0,0,0,78,0,0,0,0,0,136,0,0,0,480,56	0,0,0,0,0,0,0,0,0,0,0,0,0,0,0,0	152	149	1
5472	0,156,0,0,0	0,0,0,0,0	0,0,0,0,590,0,0,0,2,0,334,0,0,0,42,6	0,0,0,0,0,0,0,0,0,0,2,0,0,0,0,0	155	149	1
5475	0,34,0,0,0	0,8,0,0,0	0,0,0,0,27,0,0,0,0,0,115,0,0,0,65,6	0,0,0,0,9,0,0,0,0,0,6,0,0,0,0,0	155	149	1
5476	0,22,0,0,0	0,41,0,0,2	0,0,0,0,83,0,0,0,0,0,60,0,0,0,2,23	0,0,0,0,84,0,0,0,0,0,103,0,0,0,74,24	364	149	1
5479	0,62,0,0,0	0,36,0,0,0	0,0,0,0,101,0,0,0,0,0,60,0,0,0,20,6	0,0,0,0,43,0,0,0,0,0,71,0,0,0,21,14	152	149	1
5482	0,1,0,0,0	0,0,0,0,0	0,0,0,0,50,0,0,0,0,0,22,0,0,0,47,2	0,0,0,0,0,0,0,0,0,0,8,0,0,0,0,0	182	149	1
5484	0,3,0,0,0	0,3,0,0,0	0,0,0,0,197,2,2,4,2,2,106,0,0,0,409,18	0,0,0,0,19,0,0,0,0,0,28,0,0,0,84,17	272	149	1
5485	0,246,0,0,0	0,4,0,0,0	0,0,0,0,276,0,2,0,0,0,207,0,0,0,35,41	0,0,0,0,0,0,0,0,0,0,1,0,0,0,0,0	808	149	1
5486	0,31,0,0,0	0,12,0,0,0	0,0,0,0,13,0,0,0,0,0,24,0,0,0,0,1	0,0,0,0,0,0,0,0,0,0,33,0,0,0,8,1	195	149	1
5487	0,23,0,0,0	0,12,0,0,0	0,0,0,0,0,0,0,0,0,0,21,0,0,0,0,1	0,0,0,0,0,0,0,0,0,0,33,0,0,0,8,1	198	149	1
5488	0,14,0,0,0	0,12,0,0,0	0,0,0,0,0,0,0,0,0,0,15,0,0,0,0,1	0,0,0,0,0,0,0,0,0,0,33,0,0,0,8,1	221	149	1
5489	0,13,0,0,0	0,21,0,0,0	0,0,0,0,0,0,0,0,0,0,7,0,0,0,0,0	0,0,0,0,13,0,0,0,0,0,10,0,0,0,0,0	152	149	1
5490	0,4,0,0,0	0,21,0,0,0	0,0,0,0,0,0,0,0,0,0,1,0,0,0,0,0	0,0,0,0,13,0,0,0,0,0,10,0,0,0,0,0	175	149	1
5491	0,0,0,0,0	0,9,0,0,0	0,0,0,0,0,0,0,0,0,0,1,0,0,0,0,0	0,0,0,0,0,0,0,0,0,0,7,0,0,0,0,0	172	149	1
5497	0,2,0,0,0	0,0,0,0,0	0,0,0,0,9,0,0,0,0,0,36,0,0,0,48,4	0,0,0,0,9,0,0,0,0,0,13,0,0,0,23,7	152	149	1
5499	0,6,0,0,0	0,0,0,0,0	0,0,0,0,0,0,0,0,0,0,12,0,0,0,32,5	0,0,0,0,2,0,0,0,0,0,7,0,0,0,3,5	152	149	1
5502	0,906,4,0,0	0,0,0,0,0	0,0,0,0,2326,2,2,2,0,0,2206,0,0,0,785,286	0,0,0,0,0,0,0,0,0,0,4,0,0,0,0,0	155	149	1
5503	0,5,0,0,0	0,15,0,0,0	0,0,0,0,0,0,0,0,0,0,0,0,0,0,0,0	0,0,0,0,0,0,0,0,0,0,4,0,0,0,0,0	165	149	1
5505	0,1,0,0,0	0,0,0,0,0	0,0,0,0,34,0,0,0,0,0,35,0,0,0,66,5	0,0,0,0,12,0,0,0,0,0,0,0,0,0,0,1	205	149	1
5506	0,0,0,0,2	0,0,0,0,0	0,0,0,0,5,0,0,0,0,0,54,0,0,0,62,2	0,0,0,0,31,0,0,0,0,0,30,0,0,0,19,2	152	149	1
5508	0,697,0,0,0	0,0,0,0,0	0,0,0,0,1281,9,0,0,3,4,290,0,0,0,1290,506	0,0,0,0,0,0,0,0,0,0,38,0,0,0,6,1	740	149	1
5509	0,729,0,0,0	0,472,0,0,0	0,0,0,0,1344,9,0,0,0,4,284,0,0,0,1253,509	0,0,0,0,1356,0,0,2,0,0,138,0,0,0,36,61	740	149	1
5512	0,646,0,0,0	0,0,0,0,0	0,0,0,0,585,0,0,4,0,0,2049,0,0,0,19,162	0,0,0,0,0,0,0,0,0,0,15,0,0,0,0,0	1289	149	1
5513	0,10,0,0,0	0,315,0,0,0	0,0,0,0,38,0,0,0,0,0,40,0,0,0,4,0	0,0,0,0,287,0,0,2,0,0,1589,0,0,0,21,33	168	149	1
5514	0,961,0,0,0	0,10,0,0,0	0,0,0,0,507,0,0,2,0,0,2257,0,0,0,20,45	0,0,0,0,6,0,0,0,0,0,2,0,0,0,0,0	172	149	1
5515	0,0,0,0,0	0,0,0,0,2	0,0,0,0,0,0,0,0,0,0,3,0,0,0,0,0	0,0,0,0,0,4,2,0,0,2,63,0,0,0,162,30	170	149	1
5516	0,11,0,0,0	0,0,0,0,0	0,0,0,0,79,0,0,0,0,0,131,0,0,0,88,16	0,0,0,0,18,0,0,0,0,0,3,0,0,0,0,0	154	149	1
5517	0,0,0,0,0	0,33,0,0,0	0,0,0,0,8,0,0,0,0,0,0,0,0,0,0,0	0,0,0,0,33,0,0,0,0,0,122,0,0,0,23,6	190	149	1
5519	0,1930,0,0,4	0,4,0,0,0	0,0,0,0,0,0,0,2,0,0,0,0,0,0,18,0	0,0,0,0,0,0,0,0,0,0,0,0,0,0,0,0	411	149	1
5520	0,11,0,0,0	0,0,0,0,0	0,0,0,0,15,0,0,0,0,0,11,0,0,0,6,5	0,0,0,0,0,0,0,0,0,0,8,0,0,0,0,0	152	149	1
5521	0,25,0,0,0	0,14,0,0,0	0,0,0,0,0,0,2,0,0,0,10,0,0,0,4,0	0,0,0,0,24,0,0,0,0,0,7,0,0,0,0,5	152	149	1
5522	0,8,0,0,0	0,53,0,0,0	0,0,0,0,0,0,0,0,0,0,2,0,0,0,0,0	0,0,0,0,58,0,0,0,0,0,50,0,0,0,59,0	191	149	1
5525	0,5,0,0,0	0,8,0,0,0	0,0,0,0,19,0,0,0,0,0,2,0,0,0,10,1	0,0,0,0,104,0,0,0,0,2,44,0,0,0,53,12	155	149	1
5526	0,0,0,0,0	0,2,0,0,0	0,0,0,0,42,0,0,0,0,0,6,0,0,0,0,0	0,0,0,0,47,0,0,0,0,0,13,0,0,0,23,0	152	149	1
5527	0,8,0,0,0	0,0,0,0,0	0,0,0,0,10,0,0,0,0,0,26,0,0,0,173,1	0,0,0,0,18,0,0,0,0,0,0,0,0,0,62,2	164	149	1
5528	0,13,2,0,2	0,0,0,0,0	0,0,0,0,86,0,0,0,0,0,47,0,0,0,288,41	0,0,0,0,0,0,0,0,0,0,6,0,0,0,0,2	155	149	1
5529	0,8,0,0,0	0,0,0,0,0	0,0,0,0,42,0,0,0,0,0,19,0,0,0,18,3	0,0,0,0,0,0,0,0,0,0,8,0,0,0,1,0	178	149	1
5530	0,1,0,0,0	0,74,0,0,0	0,0,0,0,35,0,0,0,0,0,3,0,0,0,14,12	0,0,0,0,321,0,0,0,0,0,77,0,0,0,7,8	448	149	1
5531	0,122,0,0,0	0,0,0,0,0	0,0,0,0,676,0,0,0,6,0,125,0,0,0,6,37	0,0,0,0,0,0,0,0,0,0,2,0,0,0,0,0	1070	149	1
5534	0,0,0,0,0	0,222,0,0,0	0,0,0,0,40,0,0,0,0,0,0,0,0,0,0,0	0,0,0,0,885,0,0,0,0,2,538,0,0,0,105,27	173	149	1
5538	0,0,0,0,0	0,6,0,0,0	0,0,0,0,3,0,0,0,0,0,0,0,0,0,6,1	0,0,0,0,107,0,0,0,0,0,11,0,0,0,28,28	177	149	1
5540	0,117894,403,0,83	0,18,0,0,0	0,0,0,0,48007,189,300,57,130,191,18184,0,0,0,21833,7296	0,0,0,0,0,0,0,0,0,0,15,0,0,0,0,1	3489	149	1
5541	0,0,0,0,0	0,10,0,0,0	0,0,0,0,16,0,0,0,0,0,0,0,0,0,0,1	0,0,0,0,40,0,0,0,0,0,55,0,0,0,0,3	178	149	1
5545	0,21,0,0,0	0,40,0,0,0	0,0,0,0,87,0,4,0,0,0,111,0,0,0,118,48	0,0,0,0,40,0,0,0,0,0,56,0,0,0,34,21	264	149	1
5546	0,45,0,0,0	0,5,0,0,0	0,0,0,0,45,0,0,0,0,0,64,0,0,0,37,21	0,0,0,0,0,0,0,0,0,0,0,0,0,0,0,0	151	149	1
5547	0,26,0,0,0	0,5,0,0,0	0,0,0,0,92,0,4,0,0,0,119,0,0,0,121,48	0,0,0,0,0,0,0,0,0,0,0,0,0,0,0,0	266	149	1
5549	0,4,0,0,0	0,0,0,0,0	0,0,0,0,10,0,0,0,0,0,9,0,0,0,8,0	0,0,0,0,0,0,0,0,0,0,3,0,0,0,5,0	154	149	1
5550	0,26,0,0,0	0,5,0,0,0	0,0,0,0,89,0,4,0,0,0,116,0,0,0,134,52	0,0,0,0,32,0,0,0,0,0,39,0,0,0,70,0	264	149	1
5551	0,68,0,0,0	0,5,0,0,0	0,0,0,0,193,0,4,0,2,0,259,0,0,0,316,123	0,0,0,0,32,0,0,0,0,0,39,0,0,0,70,0	547	149	1
5552	0,47,0,0,0	0,5,0,0,0	0,0,0,0,106,0,0,0,2,0,148,0,0,0,198,75	0,0,0,0,2,0,0,0,0,0,5,0,0,0,16,4	432	149	1
5553	0,50,0,0,0	0,48,0,0,0	0,0,0,0,106,0,0,0,2,0,149,0,0,0,179,61	0,0,0,0,89,0,0,0,0,0,87,0,0,0,78,63	154	149	1
5554	0,7,0,0,0	0,1,0,0,0	0,0,0,0,44,0,0,0,0,0,29,0,0,0,19,0	0,0,0,0,7,0,0,0,0,0,2,0,0,0,0,0	181	149	1
5555	0,21,0,0,0	0,162,0,0,0	0,0,0,0,8,2,0,0,0,0,15,0,0,0,36,5	0,0,0,0,290,2,0,0,0,0,316,0,0,0,166,43	224	149	1
5556	0,287,2,0,0	0,0,0,0,0	0,0,0,0,811,0,0,2,0,0,430,0,0,0,457,27	0,0,0,0,0,0,0,0,0,0,11,0,0,0,0,0	181	149	1
5557	0,40,0,0,0	0,3,0,0,0	0,0,0,0,81,0,0,0,0,0,51,0,0,0,3,7	0,0,0,0,14,0,0,0,0,0,13,0,0,0,0,0	154	149	1
5558	0,160,0,0,0	0,0,0,0,0	0,0,0,0,222,0,0,1,0,0,104,0,0,0,1,40	0,0,0,0,0,0,0,0,0,0,0,0,0,0,0,1	352	149	1
5560	0,21,0,0,2	0,0,0,0,0	0,0,0,0,405,0,0,0,0,0,322,0,0,0,109,7	0,0,0,0,0,0,0,0,0,0,0,0,0,0,0,2	174	149	1
5561	0,0,0,0,0	0,1,0,0,0	0,0,0,0,4,0,0,0,0,0,0,0,0,0,24,0	0,0,0,0,25,0,0,0,0,0,16,0,0,0,96,17	203	149	1
5566	0,56,2,0,0	0,0,0,0,0	0,0,0,0,173,0,0,0,0,0,125,0,0,0,74,16	0,0,0,0,0,0,0,0,0,0,1,0,0,0,0,0	1380	149	1
5567	0,0,0,0,0	0,27,0,0,0	0,0,0,0,0,0,2,0,0,0,0,0,0,0,10,0	0,0,0,0,85,0,0,2,0,0,189,0,0,0,232,34	285	149	1
5568	0,133,0,0,2	0,0,0,0,0	0,0,0,0,212,4,2,3,0,0,240,0,0,0,476,27	0,0,0,0,0,0,0,0,0,0,1,0,0,0,7,0	191	149	1
5571	0,0,0,0,0	0,199,4,0,4	0,0,0,0,0,0,0,0,0,0,8,0,0,0,8,0	0,0,0,0,680,4,0,0,0,6,1330,0,0,0,1115,108	164	149	1
5572	0,159,0,0,0	0,6,0,0,0	0,0,0,0,321,0,0,0,0,0,206,0,0,0,201,0	0,0,0,0,0,0,0,0,0,0,0,0,0,0,0,0	152	149	1
5573	0,12013,12,0,10	0,2,0,0,0	0,0,0,0,19565,6,10,13,4,4,13118,0,0,0,11599,1124	0,0,0,0,1,0,0,0,0,0,4,0,0,0,17,0	1287	149	1
5577	0,1,0,0,0	0,14,0,0,0	0,0,0,0,9,0,0,0,0,0,1,0,0,0,0,0	0,0,0,0,159,0,0,0,0,0,137,0,0,0,17,7	197	149	1
5578	0,15,0,0,0	0,31,0,0,0	0,0,0,0,56,0,0,0,0,0,11,0,0,0,0,2	0,0,0,0,93,0,0,0,0,2,160,0,0,0,13,8	167	149	1
5581	0,29,0,0,0	0,8,0,0,0	0,0,0,0,252,0,0,0,0,0,187,0,0,0,68,34	0,0,0,0,15,0,0,0,0,0,18,0,0,0,0,2	196	149	1
5582	0,5,0,0,0	0,135,0,0,0	0,0,0,0,52,0,0,0,0,0,0,0,0,0,23,0	0,0,0,0,310,0,0,0,0,0,237,0,0,0,185,13	238	149	1
5585	0,0,0,0,0	0,10,0,0,2	0,0,0,0,7,0,0,0,0,0,4,0,0,0,20,3	0,0,0,0,15,0,0,0,0,0,2,0,0,0,6,0	164	149	1
5588	0,4,0,0,0	0,11,6,0,0	0,0,0,0,4,0,0,0,0,0,4,0,0,0,38,0	0,0,0,0,110,0,0,0,0,0,46,0,0,0,97,0	797	149	1
5591	0,12,0,0,0	0,8,0,0,0	0,0,0,0,14,0,0,0,0,0,18,0,0,0,3,1	0,0,0,0,148,0,0,0,0,0,85,0,0,0,9,7	164	149	1
5592	0,49,0,0,0	0,0,0,0,0	0,0,0,0,74,0,0,0,0,0,124,0,0,0,10,9	0,0,0,0,0,0,0,0,0,0,13,0,0,0,0,0	155	149	1
5593	0,41,0,0,0	0,0,0,0,0	0,0,0,0,43,0,0,0,0,0,170,0,0,0,0,17	0,0,0,0,10,0,0,0,0,0,15,0,0,0,0,5	152	149	1
5594	0,9,0,0,0	0,39,0,0,0	0,0,0,0,27,0,0,0,0,0,92,0,0,0,0,4	0,0,0,0,61,0,0,0,0,0,151,0,0,0,1,7	185	149	1
5599	0,0,0,0,0	0,0,2,0,0	0,0,0,0,0,0,0,0,0,0,7,0,0,0,10,0	0,0,0,0,27,0,0,0,0,0,15,0,0,0,45,3	169	149	1
5604	0,0,0,0,0	0,9,0,0,0	0,0,0,0,0,0,0,0,0,0,28,0,0,0,108,4	0,0,0,0,11,0,0,0,0,0,21,0,0,0,73,5	152	149	1
5605	0,5,0,0,0	0,19,0,0,0	0,0,0,0,6,0,0,0,0,0,0,0,0,0,5,0	0,0,0,0,66,0,0,0,0,0,114,0,0,0,163,6	165	149	1
5607	0,0,0,0,0	0,10,0,0,0	0,0,0,0,0,0,0,0,0,0,0,0,0,0,7,0	0,0,0,0,5,0,0,0,0,0,12,0,0,0,5,13	152	149	1
5613	0,15,0,0,0	0,0,0,0,0	0,0,0,0,7,0,0,0,0,0,7,0,0,0,4,5	0,0,0,0,0,0,0,0,0,0,0,0,0,0,0,3	204	149	1
5614	0,35,0,0,0	0,0,0,0,0	0,0,0,0,54,0,0,0,0,0,107,0,0,0,22,2	0,0,0,0,0,0,0,0,0,0,7,0,0,0,14,0	180	149	1
5616	0,25,0,0,0	0,206,2,0,0	0,0,0,0,52,0,0,0,0,0,19,0,0,0,95,39	0,0,0,0,183,0,0,0,0,0,327,0,0,0,532,189	700	149	1
5618	0,12,0,0,0	0,132,0,0,2	0,0,0,0,10,0,0,0,0,0,21,0,0,0,11,11	0,0,0,0,242,0,0,0,0,0,974,0,0,0,307,50	265	149	1
5619	0,12,0,0,0	0,0,0,0,0	0,0,0,0,0,0,0,0,0,0,20,0,0,0,11,12	0,0,0,0,0,0,0,0,0,0,2,0,0,0,0,0	265	149	1
5620	0,179,0,0,2	0,0,0,0,0	0,0,0,0,460,0,0,0,0,0,1196,0,0,0,251,100	0,0,0,0,0,0,0,0,0,0,2,0,0,0,0,0	756	149	1
5621	0,167,0,0,2	0,0,0,0,0	0,0,0,0,460,0,0,0,0,0,1176,0,0,0,240,89	0,0,0,0,0,0,0,0,0,0,0,0,0,0,0,1	640	149	1
5623	0,6,0,0,0	0,4,0,0,0	0,0,0,0,89,0,0,0,0,0,112,0,0,0,134,60	0,0,0,0,135,0,0,0,0,0,81,0,0,0,80,42	200	149	1
5633	0,0,0,0,0	0,5,0,0,0	0,0,0,0,0,0,0,0,0,0,0,0,0,0,7,0	0,0,0,0,0,0,0,0,0,0,8,0,0,0,34,1	192	149	1
5639	0,0,0,0,0	0,11,0,0,0	0,0,0,0,20,0,0,0,0,0,0,0,0,0,8,2	0,0,0,0,127,4,0,0,0,0,37,0,0,0,174,41	174	149	1
5645	0,39,0,0,0	0,1448,0,0,6	0,0,0,0,23,0,0,0,0,0,46,0,0,0,0,0	0,0,0,0,971,0,0,2,2,2,1024,0,0,0,241,71	219	149	1
5646	0,31,0,0,0	0,1448,0,0,6	0,0,0,0,23,0,0,0,0,0,46,0,0,0,0,0	0,0,0,0,971,0,0,2,2,2,1024,0,0,0,241,71	196	149	1
5647	0,6990,0,0,4	0,455,0,0,0	0,0,0,0,968,0,12,0,0,12,147,0,0,0,3208,964	0,0,0,0,41,0,0,0,0,0,7,0,0,0,42,14	189	149	1
5648	0,112,0,0,0	0,0,0,0,0	0,0,0,0,71,0,0,0,0,0,325,0,0,0,13,76	0,0,0,0,0,0,0,0,0,0,0,0,0,0,0,1	374	149	1
5649	0,1,0,0,0	0,29,0,0,0	0,0,0,0,0,0,0,0,0,0,5,0,0,0,1,0	0,0,0,0,130,2,0,0,0,0,89,0,0,0,245,36	284	149	1
5650	0,111,2,0,0	0,7,0,0,0	0,0,0,0,184,0,0,0,0,2,171,0,0,0,439,6	0,0,0,0,0,0,0,0,0,0,0,0,0,0,0,0	317	149	1
5652	0,5,0,0,0	0,0,0,0,0	0,0,0,0,111,0,0,0,0,0,154,0,0,0,134,37	0,0,0,0,0,0,0,0,0,0,1,0,0,0,4,0	152	149	1
5655	0,28,0,0,0	0,5,0,0,0	0,0,0,0,147,0,0,0,0,0,115,0,0,0,138,24	0,0,0,0,0,0,0,0,0,0,7,0,0,0,35,1	197	149	1
5656	0,230,0,0,0	0,159,0,0,0	0,0,0,0,282,0,0,0,2,0,58,0,0,0,40,43	0,0,0,0,174,0,2,0,0,2,63,0,0,0,57,28	152	149	1
5659	0,5,0,0,0	0,0,0,0,0	0,0,0,0,18,0,0,0,0,0,52,0,0,0,109,1	0,0,0,0,0,0,0,0,0,0,0,0,0,0,0,3	195	149	1
5660	0,0,0,0,0	0,26,0,0,0	0,0,0,0,0,0,0,0,0,0,2,0,0,0,0,0	0,0,0,0,167,2,0,0,0,0,147,0,0,0,455,26	168	149	1
5661	0,5,0,0,0	0,1,0,0,0	0,0,0,0,18,0,0,0,0,0,54,0,0,0,106,1	0,0,0,0,90,0,0,0,0,0,27,0,0,0,31,0	214	149	1
5662	0,31,0,0,0	0,1,0,0,0	0,0,0,0,185,2,0,0,0,0,199,0,0,0,561,27	0,0,0,0,90,0,0,0,0,0,27,0,0,0,31,0	195	149	1
5664	0,17,0,0,0	0,0,0,0,0	0,0,0,0,3,0,0,0,0,0,3,0,0,0,1360,172	0,0,0,0,0,0,0,0,0,0,0,0,0,0,14,0	1481	149	1
5665	0,9,0,0,0	0,31,0,0,0	0,0,0,0,18,0,0,0,0,0,23,0,0,0,10,6	0,0,0,0,74,0,0,0,0,0,62,0,0,0,27,0	195	149	1
5666	0,203,8,0,4	0,106,0,0,2	0,0,0,0,205,4,0,2,0,0,89,0,0,0,254,103	0,0,0,0,53,2,1,0,0,0,46,0,0,0,131,40	152	149	1
5667	0,6,0,0,0	0,4,0,0,0	0,0,0,0,16,0,0,0,0,0,4,0,0,0,0,0	0,0,0,0,0,0,0,0,0,0,0,0,0,0,0,0	152	149	1
5668	0,0,0,0,0	0,73,0,0,12	0,0,0,0,2,0,0,0,0,0,0,0,0,0,3,0	0,0,0,0,104,0,0,2,0,0,7,0,0,0,56,4	188	149	1
5669	0,612,2,0,2	0,4,0,0,0	0,0,0,0,185,0,0,4,0,0,35,0,0,0,131,3	0,0,0,0,0,0,0,0,0,0,0,0,0,0,9,0	325	149	1
5670	0,2,0,0,0	0,197,0,0,0	0,0,0,0,16,0,0,0,0,0,5,0,0,0,0,0	0,0,0,0,375,0,0,1,0,0,713,0,0,0,381,27	170	149	1
5673	0,10,0,0,0	0,5,0,0,0	0,0,0,0,4,0,0,0,0,0,6,0,0,0,73,11	0,0,0,0,29,0,0,0,0,0,24,0,0,0,71,11	507	149	1
5676	0,2,0,0,0	0,0,0,0,0	0,0,0,0,0,0,0,0,0,0,0,0,0,0,1,5	0,0,0,0,0,0,0,0,0,0,0,0,0,0,0,3	175	149	1
5679	0,4,0,0,0	0,17,0,0,0	0,0,0,0,0,0,0,0,0,0,0,0,0,0,0,0	0,0,0,0,84,0,0,0,0,0,114,0,0,0,94,57	151	149	1
5680	0,0,0,0,0	0,22,0,0,0	0,0,0,0,12,0,0,0,0,0,2,0,0,0,1,2	0,0,0,0,27,0,0,0,0,0,96,0,0,0,43,6	175	149	1
5681	0,15,0,0,0	0,0,0,0,0	0,0,0,0,13,0,0,0,0,0,34,0,0,0,13,0	0,0,0,0,0,0,0,0,0,0,8,0,0,0,1,0	152	149	1
5682	0,37,0,0,0	0,75,0,0,2	0,0,0,0,121,2,0,2,0,0,34,0,0,0,121,14	0,0,0,0,49,0,0,3,0,0,170,0,0,0,257,39	181	149	1
5683	0,217,2,0,0	0,26,0,0,0	0,0,0,0,101,0,0,0,0,0,156,0,0,0,146,13	0,0,0,0,28,0,0,0,0,0,13,0,0,0,2,0	176	149	1
5684	0,3,0,0,0	0,0,0,0,0	0,0,0,0,30,0,0,0,0,0,6,0,0,0,82,9	0,0,0,0,4,0,0,0,0,0,0,0,0,0,2,0	190	149	1
5686	0,259,0,0,0	0,1,0,0,0	0,0,0,0,540,0,0,0,0,0,621,0,0,0,109,48	0,0,0,0,5,0,0,0,0,0,0,0,0,0,0,0	251	149	1
5687	0,231,0,0,0	0,304,0,0,0	0,0,0,0,240,0,0,0,2,0,342,0,0,0,17,22	0,0,0,0,316,0,0,0,0,2,389,0,0,0,24,7	461	149	1
5690	0,9,0,0,0	0,0,0,0,0	0,0,0,0,89,0,0,0,0,0,94,0,0,0,69,19	0,0,0,0,0,0,0,0,0,0,6,0,0,0,0,1	265	149	1
5691	0,4,0,0,0	0,9,0,0,0	0,0,0,0,28,0,0,0,0,0,9,0,0,0,0,2	0,0,0,0,2,0,0,0,0,0,10,0,0,0,0,0	152	149	1
5692	0,33,0,0,0	0,0,0,0,0	0,0,0,0,86,0,0,0,0,0,80,0,0,0,148,12	0,0,0,0,0,0,0,0,0,0,3,0,0,0,1,0	201	149	1
5698	0,0,0,0,0	0,4,0,0,0	0,0,0,0,19,0,2,0,0,0,2,0,0,0,110,29	0,0,0,0,20,0,4,0,0,0,50,0,0,0,36,43	2160	149	1
5701	0,0,0,0,0	0,14,0,0,0	0,0,0,0,0,0,0,0,0,0,1,0,0,0,1,12	0,0,0,0,66,0,0,4,0,0,85,0,0,0,102,14	173	149	1
5704	0,17,0,0,0	0,62,0,0,0	0,0,0,0,64,0,0,0,0,0,66,0,0,0,18,7	0,0,0,0,116,0,0,0,0,0,132,0,0,0,23,11	224	149	1
5705	0,20,0,0,0	0,16,0,0,0	0,0,0,0,64,0,0,0,0,0,67,0,0,0,18,7	0,0,0,0,16,0,0,0,0,0,27,0,0,0,3,5	227	149	1
5706	0,65,0,0,0	0,16,0,0,0	0,0,0,0,116,0,0,0,0,0,133,0,0,0,23,11	0,0,0,0,16,0,0,0,0,0,27,0,0,0,3,5	152	149	1
5707	0,14,0,0,0	0,0,0,0,0	0,0,0,0,16,0,0,2,0,0,34,0,0,0,19,10	0,0,0,0,0,0,0,0,0,0,8,0,0,0,0,0	196	149	1
5715	0,36,0,0,0	0,0,0,0,0	0,0,0,0,61,0,0,0,0,0,92,0,0,0,200,18	0,0,0,0,0,0,0,0,0,0,2,0,0,0,0,0	244	149	1
5718	0,96,2,0,0	0,0,0,0,0	0,0,0,0,83,2,2,2,0,0,143,0,0,0,184,7	0,0,0,0,0,0,0,0,0,0,44,0,0,0,9,0	1951	149	1
5719	0,0,0,0,0	0,155,0,0,0	0,0,0,0,0,0,0,0,0,0,5,0,0,0,5,0	0,0,0,0,109,0,0,0,0,0,108,0,0,0,107,25	335	149	1
5724	0,31,0,0,0	0,0,0,0,0	0,0,0,0,171,0,0,0,0,4,222,0,0,0,297,21	0,0,0,0,10,0,0,0,0,0,8,0,0,0,13,0	178	149	1
5725	0,46,0,0,0	0,0,0,0,0	0,0,0,0,171,0,0,0,0,4,272,0,0,0,281,63	0,0,0,0,6,0,0,0,0,0,17,0,0,0,2,2	187	149	1
5726	0,5,0,0,0	0,0,0,0,0	0,0,0,0,36,0,0,0,2,0,128,0,0,0,189,44	0,0,0,0,0,0,0,0,0,0,16,0,0,0,27,4	152	149	1
5727	0,43,0,0,0	0,3298,0,0,2	0,0,0,0,27,0,0,0,0,0,64,0,0,0,7,3	0,0,0,0,2384,0,0,0,0,4,4150,0,0,0,367,120	224	149	1
5728	0,99,0,0,0	0,37,0,0,0	0,0,0,0,110,0,0,0,0,0,130,0,0,0,8,4	0,0,0,0,50,0,0,0,0,0,36,0,0,0,2,0	209	149	1
5734	0,40,0,0,0	0,0,0,0,0	0,0,0,0,137,2,0,0,0,2,158,0,0,0,95,12	0,0,0,0,3,0,0,0,0,0,0,0,0,0,0,0	154	149	1
5735	0,0,0,0,0	0,48,0,0,0	0,0,0,0,0,0,0,0,0,0,0,0,0,0,0,1	0,0,0,0,111,0,0,2,0,2,139,0,0,0,98,4	165	149	1
5736	0,101,0,0,0	0,3,0,0,0	0,0,0,0,186,0,0,2,0,2,161,0,0,0,113,6	0,0,0,0,0,0,0,0,0,0,2,0,0,0,0,2	615	149	1
5738	0,55,0,0,0	0,2,0,0,0	0,0,0,0,11,0,0,0,0,0,61,0,0,0,0,2	0,0,0,0,0,0,0,0,0,0,8,0,0,0,0,0	652	149	1
5741	0,43,0,0,0	0,2,0,0,0	0,0,0,0,173,0,0,0,0,2,193,0,0,0,120,8	0,0,0,0,0,0,0,0,0,0,6,0,0,0,14,0	152	149	1
5742	0,142,0,0,0	0,0,0,0,0	0,0,0,0,241,0,0,0,0,0,222,0,0,0,41,11	0,0,0,0,0,0,0,0,0,0,4,0,0,0,0,0	207	149	1
5743	0,1,0,0,0	0,29,0,0,0	0,0,0,0,21,0,0,0,0,0,0,0,0,0,0,0	0,0,0,0,1946,0,0,0,0,0,180,0,0,0,0,10	199	149	1
5765	0,1,0,0,0	0,15,0,0,0	0,0,0,0,69,0,0,2,0,0,12,0,0,0,19,4	0,0,0,0,122,0,0,0,0,0,199,0,0,0,217,15	184	149	1
5766	0,9,0,0,0	0,0,0,0,0	0,0,0,0,73,0,0,0,0,0,13,0,0,0,14,0	0,0,0,0,38,0,0,0,0,0,9,0,0,0,7,0	152	149	1
5767	0,8,0,0,0	0,1,0,0,0	0,0,0,0,56,0,0,0,0,0,5,0,0,0,14,2	0,0,0,0,0,0,0,0,0,0,1,0,0,0,0,0	186	149	1
5768	0,12,0,0,0	0,0,0,0,0	0,0,0,0,43,0,0,0,0,0,95,0,0,0,176,22	0,0,0,0,0,0,0,0,0,0,1,0,0,0,0,0	158	149	1
5772	0,18,0,0,0	0,354,0,0,0	0,0,0,0,9,0,0,0,0,0,21,0,0,0,0,0	0,0,0,0,705,0,0,0,2,0,933,0,0,0,40,41	183	149	1
5773	0,954,0,0,0	0,0,0,0,0	0,0,0,0,975,0,0,0,0,2,1643,0,0,0,81,69	0,0,0,0,0,0,0,0,0,0,4,0,0,0,0,0	239	149	1
5774	0,1203,0,0,0	0,22,0,0,0	0,0,0,0,1114,0,0,0,0,2,1913,0,0,0,138,79	0,0,0,0,19,0,0,0,0,0,23,0,0,0,1,2	281	149	1
5775	0,249,0,0,0	0,22,0,0,0	0,0,0,0,139,0,0,0,0,0,274,0,0,0,57,10	0,0,0,0,19,0,0,0,0,0,23,0,0,0,1,2	191	149	1
5776	0,15,0,0,0	0,0,0,0,0	0,0,0,0,52,0,0,0,2,0,24,0,0,0,108,5	0,0,0,0,0,0,0,0,0,0,5,0,0,0,0,0	310	149	1
5778	0,53,0,0,0	0,1243,0,0,0	0,0,0,0,18,0,0,0,0,0,3,0,0,0,0,0	0,0,0,0,1114,0,0,0,0,1,537,0,0,0,0,111	164	149	1
5779	0,86,0,0,0	0,658,0,0,4	0,0,0,0,251,0,0,0,0,0,87,0,0,0,0,40	0,0,0,0,2747,0,0,0,0,2,1411,0,0,0,0,137	177	149	1
5780	0,110,0,0,0	0,658,0,0,4	0,0,0,0,218,0,0,0,0,3,108,0,0,0,0,36	0,0,0,0,2747,0,0,0,0,2,1411,0,0,0,0,137	184	149	1
5781	0,32,0,0,0	0,8,0,0,0	0,0,0,0,45,0,0,0,0,3,40,0,0,0,0,2	0,0,0,0,78,0,0,0,0,0,19,0,0,0,0,6	156	149	1
5783	0,177,0,0,0	0,50,0,0,0	0,0,0,0,34,0,0,0,0,0,80,0,0,0,0,1	0,0,0,0,34,0,0,0,0,0,27,0,0,0,0,0	902	149	1
5784	0,147,0,0,0	0,0,0,0,0	0,0,0,0,13,0,0,0,0,0,85,0,0,0,0,0	0,0,0,0,7,0,0,0,0,0,0,0,0,0,0,0	413	149	1
5785	0,6,0,0,0	0,18,0,0,0	0,0,0,0,7,0,0,0,0,0,11,0,0,0,0,0	0,0,0,0,57,0,0,0,0,0,12,0,0,0,0,0	152	149	1
5786	0,0,0,0,0	0,4,0,0,0	0,0,0,0,15,0,0,0,0,0,0,0,0,0,0,0	0,0,0,0,0,0,0,0,0,0,1,0,0,0,0,0	152	149	1
5792	0,49,2,0,0	0,0,0,0,0	0,0,0,0,51,0,2,0,0,0,119,0,0,0,173,10	0,0,0,0,0,0,0,0,0,0,3,0,0,0,8,6	207	149	1
5793	0,9,0,0,0	0,3,0,0,0	0,0,0,0,44,0,2,0,0,0,93,0,0,0,153,2	0,0,0,0,11,0,0,0,0,0,1,0,0,0,22,3	314	149	1
5795	0,45,0,0,0	0,0,0,0,0	0,0,0,0,422,0,0,0,0,0,325,0,0,0,220,11	0,0,0,0,0,0,0,0,0,0,2,0,0,0,0,0	154	149	1
5800	0,109,0,0,0	0,1,0,0,0	0,0,0,0,209,0,0,0,0,0,246,0,0,0,157,56	0,0,0,0,0,0,0,0,0,0,0,0,0,0,0,2	196	149	1
5802	0,9,0,0,0	0,0,0,0,0	0,0,0,0,20,0,0,2,0,0,34,0,0,0,4,3	0,0,0,0,0,0,0,0,0,0,0,0,0,0,0,1	153	149	1
5803	0,24,0,0,0	0,0,0,0,0	0,0,0,0,135,0,0,0,0,0,133,0,0,0,36,25	0,0,0,0,0,0,0,0,0,0,2,0,0,0,0,0	153	149	1
5804	0,18,0,0,0	0,0,0,0,0	0,0,0,0,73,0,0,0,0,0,15,0,0,0,73,6	0,0,0,0,0,0,0,0,0,0,0,0,0,0,0,4	435	149	1
5805	0,0,0,0,0	0,3,0,0,0	0,0,0,0,3,0,0,0,0,0,0,0,0,0,8,1	0,0,0,0,20,0,0,0,0,0,10,0,0,0,27,5	200	149	1
5806	0,0,0,0,0	0,3,0,0,0	0,0,0,0,0,0,0,0,0,0,0,0,0,0,4,0	0,0,0,0,35,0,0,0,0,0,15,0,0,0,42,17	164	149	1
5809	0,13,0,0,0	0,9,0,0,0	0,0,0,0,0,0,0,0,0,0,6,0,0,0,14,3	0,0,0,0,70,0,0,0,0,0,29,0,0,0,32,5	152	149	1
5810	0,38,0,0,0	0,0,0,0,0	0,0,0,0,25,0,0,0,0,0,3,0,0,0,47,23	0,0,0,0,0,0,0,0,0,0,0,0,0,0,0,1	197	149	1
5811	0,118,0,0,0	0,86,0,0,0	0,0,0,0,105,0,0,0,0,0,237,0,0,0,4,2	0,0,0,0,56,0,0,0,0,0,210,0,0,0,0,0	152	149	1
5812	0,100,2,0,0	0,0,0,0,0	0,0,0,0,123,2,0,0,0,0,788,0,0,0,454,15	0,0,0,0,12,0,0,0,0,0,0,0,0,0,4,0	192	149	1
5815	0,10,0,0,2	0,0,0,0,0	0,0,0,0,77,0,2,0,0,0,124,0,0,0,90,17	0,0,0,0,7,0,0,0,0,0,3,0,0,0,0,3	260	149	1
5816	0,0,0,0,0	0,12,0,0,0	0,0,0,0,3,0,0,0,0,0,1,0,0,0,0,1	0,0,0,0,73,0,0,0,0,2,69,0,0,0,69,19	171	149	1
5819	0,16,0,0,0	0,15,0,0,0	0,0,0,0,46,0,0,0,0,0,25,0,0,0,21,1	0,0,0,0,3,0,0,0,0,0,23,0,0,0,32,5	257	149	1
5821	0,87,0,0,4	0,6,0,0,0	0,0,0,0,344,0,0,0,0,0,603,0,0,0,328,15	0,0,0,0,0,0,0,0,0,0,2,0,0,0,6,0	201	149	1
5823	0,871,0,0,2	0,21,0,0,0	0,0,0,0,111,0,0,2,2,0,2457,0,0,0,314,242	0,0,0,0,0,0,0,0,0,0,34,0,0,0,0,2	187	149	1
5824	0,816,0,0,0	0,0,0,0,0	0,0,0,0,83,0,0,4,0,0,2160,0,0,0,319,211	0,0,0,0,0,0,0,0,0,0,2,0,0,0,0,2	376	149	1
5825	0,9,0,0,0	0,965,0,0,2	0,0,0,0,0,0,0,0,0,0,0,0,0,0,0,1	0,0,0,0,110,0,0,2,0,0,307,0,0,0,148,43	151	149	1
5826	0,219,0,0,0	0,11691,6,0,4	0,0,0,0,243,0,0,0,0,0,116,0,0,0,10,33	0,0,0,0,13197,8,10,28,6,6,11231,0,0,0,6031,1500	329	149	1
5829	0,2,0,0,0	0,35,0,0,0	0,0,0,0,0,0,0,0,0,0,0,0,0,0,0,0	0,0,0,0,108,0,0,0,0,0,53,0,0,0,126,10	171	149	1
5830	0,43,2,0,0	0,4,0,0,0	0,0,0,0,75,0,0,0,0,0,88,0,0,0,163,18	0,0,0,0,0,0,0,0,0,0,0,0,0,0,0,0	169	149	1
5833	0,20,0,0,0	0,1,0,0,0	0,0,0,0,32,0,0,0,0,0,53,0,0,0,150,42	0,0,0,0,0,0,0,0,0,0,24,0,0,0,28,15	152	149	1
5839	0,0,0,0,0	0,4,0,0,0	0,0,0,0,0,0,0,0,0,0,1,0,0,0,0,0	0,0,0,0,0,0,0,0,0,0,0,0,0,0,0,0	178	149	1
5840	0,0,0,0,0	0,37,0,0,0	0,0,0,0,0,0,0,0,0,0,3,0,0,0,0,0	0,0,0,0,9,0,0,0,0,0,74,0,0,0,33,7	178	149	1
5842	0,0,0,0,0	0,2,0,0,0	0,0,0,0,22,0,0,0,0,0,8,0,0,0,0,0	0,0,0,0,44,0,0,0,0,0,20,0,0,0,30,0	209	149	1
5848	0,3,0,0,0	0,0,0,0,0	0,0,0,0,18057,0,0,0,0,0,0,0,0,0,0,0	0,0,0,0,3509,0,0,0,0,0,0,0,0,0,0,0	161	149	1
5852	0,4,0,0,0	0,8,0,0,0	0,0,0,0,0,0,0,0,0,0,0,0,0,0,0,5	0,0,0,0,4,0,0,0,0,0,0,0,0,0,2,0	152	149	1
5856	0,0,0,0,0	0,11,0,0,0	0,0,0,0,0,0,0,0,0,0,10,0,0,0,5,0	0,0,0,0,20,0,0,0,0,2,100,0,0,0,59,58	166	149	1
5857	0,20,0,0,0	0,5,0,0,0	0,0,0,0,68,0,0,2,0,0,103,0,0,0,50,38	0,0,0,0,10,0,0,0,0,0,12,0,0,0,23,6	152	149	1
5861	0,27,0,0,0	0,14,0,0,0	0,0,0,0,30,0,0,0,0,0,99,0,0,0,1,0	0,0,0,0,28,0,0,0,0,0,42,0,0,0,0,0	290	149	1
5862	0,170,0,0,2	0,0,0,0,0	0,0,0,0,1059,2,6,2,0,0,708,0,0,0,878,55	0,0,0,0,4,0,0,0,0,0,6,0,0,0,0,5	235	149	1
5863	0,14,0,0,0	0,149,0,0,0	0,0,0,0,25,0,2,0,0,0,6,0,0,0,25,3	0,0,0,0,672,0,0,0,0,0,481,0,0,0,771,78	192	149	1
5866	0,87,0,0,0	0,4,0,0,0	0,0,0,0,211,0,2,0,0,0,79,0,0,0,450,10	0,0,0,0,60,0,0,0,0,0,39,0,0,0,0,1	546	149	1
5867	0,59,0,0,0	0,27,0,0,0	0,0,0,0,64,0,0,0,0,0,47,0,0,0,7,2	0,0,0,0,142,0,0,0,0,0,23,0,0,0,12,0	471	149	1
5869	0,0,2,0,0	0,8,0,0,0	0,0,0,0,69,0,0,0,0,0,81,0,0,0,90,4	0,0,0,0,9,0,0,0,0,0,16,0,0,0,14,3	152	149	1
5872	0,254,0,0,0	0,6,0,0,0	0,0,0,0,309,0,0,0,0,0,345,0,0,0,419,14	0,0,0,0,20,0,0,0,0,0,5,0,0,0,9,1	258	149	1
5873	0,69,0,0,0	0,51,0,0,0	0,0,0,0,68,0,0,0,0,0,87,0,0,0,88,3	0,0,0,0,89,0,0,0,0,0,114,0,0,0,108,18	152	149	1
5874	0,3,0,0,0	0,23,0,0,0	0,0,0,0,17,0,0,0,0,0,4,0,0,0,4,0	0,0,0,0,117,0,0,0,0,0,34,0,0,0,3,8	152	149	1
5875	0,12,0,0,0	0,10,0,0,0	0,0,0,0,13,0,0,0,0,0,1,0,0,0,58,28	0,0,0,0,82,0,0,0,2,0,60,0,0,0,123,11	235	149	1
5876	0,111,2,0,0	0,41,0,0,0	0,0,0,0,78,0,0,0,0,0,78,0,0,0,40,1	0,0,0,0,94,0,0,0,0,0,29,0,0,0,26,0	181	149	1
5877	0,49,0,0,0	0,5,0,0,0	0,0,0,0,260,0,0,0,0,0,173,0,0,0,334,4	0,0,0,0,7,0,0,0,0,0,7,0,0,0,27,0	152	149	1
5878	0,54,0,0,0	0,7,0,0,0	0,0,0,0,145,0,0,0,0,0,117,0,0,0,5,0	0,0,0,0,8,0,0,0,0,0,19,0,0,0,6,0	152	149	1
5883	0,67,0,0,0	0,853,0,0,0	0,0,0,0,0,0,0,0,0,0,0,0,0,0,0,0	0,0,0,0,0,0,0,0,0,0,0,0,0,0,4,0	235	149	1
5884	0,0,0,0,0	0,62,2,0,2	0,0,0,0,11,0,0,0,0,0,14,0,0,0,18,2	0,0,0,0,227,0,0,2,0,2,265,0,0,0,469,29	164	149	1
5885	0,0,0,0,0	0,2,0,0,0	0,0,0,0,347,0,0,0,0,0,8,0,0,0,4,1	0,0,0,0,644,0,0,0,0,0,7,0,0,0,0,1	169	149	1
5886	0,536,0,0,0	0,23,0,0,0	0,0,0,0,572,0,0,2,0,0,634,0,0,0,14,70	0,0,0,0,52,0,0,0,0,0,7,0,0,0,0,2	282	149	1
5887	0,48,0,0,0	0,185,0,0,0	0,0,0,0,97,0,0,0,0,0,27,0,0,0,13,28	0,0,0,0,222,0,0,0,2,0,390,0,0,0,118,118	333	149	1
5889	0,98,0,0,0	0,9,0,0,0	0,0,0,0,516,0,0,0,0,0,695,0,0,0,224,287	0,0,0,0,21,0,0,0,0,0,15,0,0,0,16,10	240	149	1
5890	0,10,0,0,0	0,42,0,0,0	0,0,0,0,75,0,0,0,0,0,15,0,0,0,13,13	0,0,0,0,382,0,0,0,0,0,532,0,0,0,133,41	302	149	1
5894	0,50,0,0,0	0,0,0,0,0	0,0,0,0,243,0,0,1,0,0,131,0,0,0,333,8	0,0,0,0,0,0,0,0,0,0,0,0,0,0,12,0	193	149	1
5895	0,8,0,0,0	0,121,0,0,0	0,0,0,0,11,0,0,0,0,0,14,0,0,0,2,11	0,0,0,0,65,0,0,0,0,0,177,0,0,0,6,8	223	149	1
5897	0,0,0,0,0	0,601,2,0,0	0,0,0,0,0,0,0,0,0,0,2,0,0,0,4,0	0,0,0,0,885,2,2,1,2,0,890,0,0,0,931,75	150	149	1
5900	0,0,0,0,0	0,2,0,0,0	0,0,0,0,20,0,0,0,0,0,0,0,0,0,7,0	0,0,0,0,0,0,0,0,0,0,2,0,0,0,2,1	152	149	1
5903	0,27,0,0,0	0,39,0,0,0	0,0,0,0,41,0,0,0,0,0,33,0,0,0,1,0	0,0,0,0,66,0,0,0,0,0,122,0,0,0,11,2	181	149	1
5904	0,27,0,0,0	0,39,0,0,0	0,0,0,0,29,0,0,0,0,0,21,0,0,0,0,0	0,0,0,0,66,0,0,0,0,0,122,0,0,0,11,2	165	149	1
5905	0,16,0,0,0	0,34,0,0,0	0,0,0,0,38,0,0,0,0,0,11,0,0,0,0,0	0,0,0,0,37,0,0,0,0,0,114,0,0,0,7,3	168	149	1
5906	0,19,0,0,0	0,2,0,0,0	0,0,0,0,48,0,0,0,0,0,13,0,0,0,0,3	0,0,0,0,3,0,0,0,0,0,2,0,0,0,0,0	181	149	1
5907	0,37,0,0,0	0,2,0,0,0	0,0,0,0,47,0,0,0,0,0,116,0,0,0,7,6	0,0,0,0,3,0,0,0,0,0,2,0,0,0,0,0	162	149	1
5908	0,4,0,0,0	0,66,0,0,0	0,0,0,0,4,0,0,0,0,0,4,0,0,0,2,0	0,0,0,0,41,0,0,0,0,0,99,0,0,0,0,7	172	149	1
5910	0,83,0,0,0	0,4,0,0,0	0,0,0,0,84,0,0,0,0,0,80,0,0,0,28,18	0,0,0,0,15,0,0,0,0,0,5,0,0,0,4,3	213	149	1
5911	0,31,0,0,0	0,4,0,0,0	0,0,0,0,122,0,0,0,0,0,44,0,0,0,32,13	0,0,0,0,15,0,0,0,0,0,5,0,0,0,4,3	216	149	1
5912	0,32,0,0,0	0,4,0,0,0	0,0,0,0,74,0,0,0,0,0,38,0,0,0,28,11	0,0,0,0,15,0,0,0,0,0,5,0,0,0,4,3	246	149	1
5913	0,30,0,0,0	0,4,0,0,0	0,0,0,0,74,0,0,0,0,0,38,0,0,0,25,11	0,0,0,0,15,0,0,0,0,0,5,0,0,0,4,3	255	149	1
5914	0,3,0,0,0	0,55,0,0,0	0,0,0,0,58,0,0,0,0,0,11,0,0,0,16,3	0,0,0,0,20,0,0,0,0,0,47,0,0,0,12,8	152	149	1
5915	0,4,0,0,0	0,55,0,0,0	0,0,0,0,10,0,0,0,0,0,5,0,0,0,12,1	0,0,0,0,20,0,0,0,0,0,47,0,0,0,12,8	182	149	1
5916	0,2,0,0,0	0,55,0,0,0	0,0,0,0,10,0,0,0,0,0,5,0,0,0,9,1	0,0,0,0,20,0,0,0,0,0,47,0,0,0,12,8	191	149	1
5917	0,3,0,0,0	0,2,0,0,0	0,0,0,0,0,0,0,0,0,0,2,0,0,0,5,1	0,0,0,0,48,0,0,0,0,0,8,0,0,0,9,3	179	149	1
5918	0,1,0,0,0	0,2,0,0,0	0,0,0,0,0,0,0,0,0,0,2,0,0,0,2,1	0,0,0,0,48,0,0,0,0,0,8,0,0,0,9,3	188	149	1
5919	0,0,0,0,0	0,2,0,0,0	0,0,0,0,0,0,0,0,0,0,0,0,0,0,1,0	0,0,0,0,0,0,0,0,0,0,0,0,0,0,4,0	158	149	1
5920	0,601,0,0,0	0,50,0,0,0	0,0,0,0,121,0,0,0,0,0,375,0,0,0,86,15	0,0,0,0,0,0,0,0,0,0,29,0,0,0,0,1	197	149	1
5921	0,2,0,0,0	0,0,0,0,0	0,0,0,0,10,2,0,0,0,0,23,0,0,0,48,17	0,0,0,0,1,0,0,0,0,0,6,0,0,0,12,4	152	149	1
5922	0,0,0,0,0	0,6,0,0,0	0,0,0,0,0,0,0,0,0,0,0,0,0,0,8,0	0,0,0,0,0,0,0,0,0,0,0,0,0,0,0,0	152	149	1
5923	0,15,0,0,0	0,21,0,0,0	0,0,0,0,48,0,0,0,0,0,79,0,0,0,63,13	0,0,0,0,80,0,0,0,0,0,97,0,0,0,97,20	152	149	1
5924	0,8,0,0,0	0,2,0,0,0	0,0,0,0,14,0,0,0,0,0,6,0,0,0,0,9	0,0,0,0,4,0,0,0,0,0,0,0,0,0,0,0	152	149	1
5926	0,6,0,0,0	0,0,0,0,0	0,0,0,0,51,0,0,0,0,0,108,0,0,0,77,17	0,0,0,0,5,0,0,0,0,0,7,0,0,0,9,0	200	149	1
5929	0,0,0,0,0	0,2,0,0,0	0,0,0,0,0,0,0,0,0,0,10,0,0,0,4,0	0,0,0,0,107,0,0,0,0,0,111,0,0,0,78,20	193	149	1
5930	0,0,2,0,0	0,2,0,0,0	0,0,0,0,0,0,0,4,0,0,43,0,0,0,28,11	0,0,0,0,107,0,0,0,0,0,111,0,0,0,78,20	224	149	1
5932	0,390,0,0,0	0,0,0,0,0	0,0,0,0,137,0,0,0,0,0,406,0,0,0,170,42	0,0,0,0,0,0,0,0,0,0,5,0,0,0,1,0	249	149	1
5933	0,123,0,0,0	0,77,0,0,0	0,0,0,0,225,0,0,0,2,0,193,0,0,0,49,22	0,0,0,0,6,0,0,0,0,0,128,0,0,0,55,11	222	149	1
5934	0,35,0,0,0	0,2,0,0,0	0,0,0,0,0,0,0,0,0,0,16,0,0,0,12,1	0,0,0,0,0,0,0,0,0,0,0,0,0,0,0,0	293	149	1
5937	0,6,0,0,0	0,0,0,0,0	0,0,0,0,0,0,0,2,0,0,6,0,0,0,0,3	0,0,0,0,8,0,0,0,0,0,12,0,0,0,0,0	295	149	1
5938	0,12,0,0,0	0,0,0,0,0	0,0,0,0,0,0,0,0,0,0,9,0,0,0,0,3	0,0,0,0,8,0,0,0,0,0,12,0,0,0,0,0	999	149	1
5939	0,6,0,0,0	0,0,0,0,0	0,0,0,0,0,0,0,0,0,0,6,0,0,0,0,0	0,0,0,0,0,0,0,2,0,0,3,0,0,0,0,0	853	149	1
5941	0,0,0,0,0	0,6,0,0,0	0,0,0,0,28,0,0,0,0,0,19,0,0,0,7,0	0,0,0,0,16,0,0,0,0,0,46,0,0,0,117,14	254	149	1
5943	0,0,0,0,4	0,15,0,0,0	0,0,0,0,28,0,0,0,0,0,5,0,0,0,3,0	0,0,0,0,147,0,0,0,0,0,144,0,0,0,37,6	164	149	1
5944	0,17,0,0,0	0,0,0,0,0	0,0,0,0,210,0,0,0,2,0,131,0,0,0,41,0	0,0,0,0,0,0,0,0,0,0,2,0,0,0,0,0	220	149	1
5949	0,59,0,0,0	0,0,0,0,0	0,0,0,0,231,0,0,0,0,0,47,0,0,0,17,5	0,0,0,0,0,0,0,0,0,2,0,0,0,0,0,0	1256	149	1
5952	0,402,2,0,0	0,0,0,0,0	0,0,0,0,1111,4,4,4,0,2,619,0,0,0,868,89	0,0,0,0,56,0,0,0,0,0,5,0,0,0,0,0	3423	149	1
5953	0,683,4,0,0	0,18,0,0,0	0,0,0,0,1404,6,4,4,0,4,896,0,0,0,1783,259	0,0,0,0,47,0,0,0,0,0,46,0,0,0,30,19	3423	149	1
5957	0,12,0,0,0	0,173,0,0,0	0,0,0,0,29,0,0,0,0,0,68,0,0,0,18,1	0,0,0,0,414,0,0,2,0,0,556,0,0,0,220,83	172	149	1
5958	0,163,0,0,0	0,1,0,0,0	0,0,0,0,279,0,0,0,0,2,654,0,0,0,153,159	0,0,0,0,16,0,0,0,0,0,26,0,0,0,3,1	273	149	1
5961	0,88,0,0,2	0,5,0,0,0	0,0,0,0,585,0,0,0,2,6,755,0,0,0,551,112	0,0,0,0,0,0,0,0,0,0,8,0,0,0,8,4	232	149	1
5962	0,137,0,0,0	0,0,0,0,0	0,0,0,0,394,0,0,2,0,0,717,0,0,0,493,89	0,0,0,0,22,0,0,0,0,0,5,0,0,0,3,0	201	149	1
5963	0,60,0,0,0	0,0,0,0,0	0,0,0,0,646,2,0,2,2,2,537,0,0,0,633,176	0,0,0,0,0,0,0,0,0,0,0,0,0,0,3,0	233	149	1
5969	0,0,0,0,0	0,6,0,0,0	0,0,0,0,5,0,0,0,0,0,0,0,0,0,0,0	0,0,0,0,48,0,0,0,0,0,22,0,0,0,15,2	200	149	1
5971	0,8,0,0,0	0,0,0,0,0	0,0,0,0,138,0,0,0,0,0,27,0,0,0,8,1	0,0,0,0,0,0,0,0,0,0,0,0,0,0,0,2	180	149	1
5972	0,31,0,0,0	0,59,0,0,0	0,0,0,0,111,0,0,0,0,0,17,0,0,0,8,1	0,0,0,0,252,0,0,0,0,0,52,0,0,0,4,0	475	149	1
5973	0,76,2,0,0	0,96,0,0,0	0,0,0,0,110,0,0,0,0,0,69,0,0,0,92,30	0,0,0,0,83,0,1,0,0,0,47,0,0,0,70,8	187	149	1
5974	0,749,2,0,6	0,96,0,0,0	0,0,0,0,1115,0,0,0,0,4,654,0,0,0,894,65	0,0,0,0,83,0,1,0,0,0,47,0,0,0,70,8	199	149	1
5976	0,188,0,0,4	0,0,0,0,0	0,0,0,0,899,4,0,2,0,0,534,0,0,0,1058,134	0,0,0,0,0,0,0,0,0,0,0,0,0,0,9,0	170	149	1
5977	0,0,0,0,0	0,47,2,0,6	0,0,0,0,0,0,0,0,0,0,6,0,0,0,18,0	0,0,0,0,266,2,2,0,0,0,264,0,0,0,732,96	164	149	1
5979	0,19,0,0,0	0,49,0,0,2	0,0,0,0,153,0,0,2,0,0,177,0,0,0,49,69	0,0,0,0,296,0,0,0,0,0,202,0,0,0,35,102	152	149	1
5980	0,90,0,0,0	0,49,0,0,2	0,0,0,0,655,0,0,0,0,2,389,0,0,0,96,122	0,0,0,0,296,0,0,0,0,0,202,0,0,0,35,102	171	149	1
5981	0,90,0,0,0	0,19,0,0,0	0,0,0,0,643,0,0,0,0,2,377,0,0,0,79,122	0,0,0,0,141,0,0,2,0,0,165,0,0,0,32,69	168	149	1
5992	0,32,0,0,0	0,103,0,0,4	0,0,0,0,4,0,0,0,0,0,8,0,0,0,14,0	0,0,0,0,35,0,0,2,0,0,87,0,0,0,93,15	231	149	1
5993	0,9,7,0,0	0,0,0,0,0	0,0,0,0,42,0,0,0,0,0,63,0,0,0,322,59	0,0,0,0,0,0,0,0,0,0,0,0,0,0,8,0	177	149	1
5994	0,12,2,0,0	0,0,0,0,0	0,0,0,0,66,0,0,0,0,2,85,0,0,0,346,17	0,0,0,0,17,0,0,0,0,0,0,0,0,0,0,0	156	149	1
5995	0,2,0,0,0	0,0,0,0,0	0,0,0,0,7,0,0,0,0,0,0,0,0,0,13,0	0,0,0,0,0,0,0,0,0,0,0,0,0,0,5,0	174	149	1
5997	0,14,0,0,0	0,18,0,0,0	0,0,0,0,202,0,0,0,0,0,91,0,0,0,42,5	0,0,0,0,60,0,0,0,0,0,150,0,0,0,70,1	1383	149	1
5998	0,0,0,0,0	0,2,0,0,0	0,0,0,0,3,0,0,0,0,0,9,0,0,0,0,0	0,0,0,0,26,0,0,0,0,0,13,0,0,0,4,2	158	149	1
6003	0,85,0,0,0	0,188,0,0,0	0,0,0,0,518,0,0,0,0,0,157,0,0,0,287,23	0,0,0,0,914,0,0,2,0,0,550,0,0,0,539,125	193	149	1
6004	0,15,0,0,0	0,106,0,0,0	0,0,0,0,6,0,0,2,0,0,5,0,0,0,8,0	0,0,0,0,269,0,0,0,0,0,480,0,0,0,81,16	172	149	1
6005	0,14,0,0,0	0,0,0,0,0	0,0,0,0,6,0,0,2,0,0,4,0,0,0,8,0	0,0,0,0,0,0,0,0,0,0,2,0,0,0,0,0	172	149	1
6006	0,10,0,0,0	0,0,0,0,0	0,0,0,0,27,0,0,0,0,0,24,0,0,0,23,3	0,0,0,0,9,0,0,0,0,0,1,0,0,0,0,0	255	149	1
6007	0,6,0,0,0	0,140,0,0,0	0,0,0,0,9,0,0,0,0,0,14,0,0,0,0,3	0,0,0,0,288,0,0,0,0,0,535,0,0,0,107,14	172	149	1
6008	0,218,0,0,0	0,7,0,0,0	0,0,0,0,206,0,0,0,0,0,388,0,0,0,93,13	0,0,0,0,10,0,0,0,0,0,19,0,0,0,0,1	185	149	1
6009	0,346,0,0,0	0,23,0,0,0	0,0,0,0,303,0,0,0,0,0,524,0,0,0,131,19	0,0,0,0,16,0,0,0,0,0,66,0,0,0,39,8	258	149	1
6010	0,135,0,0,0	0,23,0,0,0	0,0,0,0,107,0,0,0,0,0,155,0,0,0,38,7	0,0,0,0,16,0,0,0,0,0,66,0,0,0,39,8	222	149	1
6013	0,75,0,0,0	0,0,0,0,0	0,0,0,0,151,0,0,0,0,0,320,0,0,0,280,51	0,0,0,0,0,0,0,0,0,0,0,0,0,0,0,3	192	149	1
6014	0,116,0,0,0	0,0,0,0,0	0,0,0,0,321,0,0,0,0,0,463,0,0,0,486,52	0,0,0,0,8,0,0,0,0,0,9,0,0,0,18,3	192	149	1
6015	0,4,0,0,0	0,60,0,0,0	0,0,0,0,6,0,0,0,0,0,6,0,0,0,6,0	0,0,0,0,177,0,0,0,0,0,257,0,0,0,364,15	208	149	1
6016	0,25,0,0,0	0,0,0,0,0	0,0,0,0,2586,0,0,0,0,0,8,0,0,0,23,1	0,0,0,0,19,0,0,0,0,0,0,0,0,0,0,0	191	149	1
6019	0,20,0,0,0	0,3,0,0,0	0,0,0,0,67,0,0,0,0,4,182,0,0,0,267,7	0,0,0,0,27,0,0,0,0,0,36,0,0,0,26,4	153	149	1
6021	0,35,0,0,2	0,0,0,0,0	0,0,0,0,165,0,0,0,0,0,248,0,0,0,199,111	0,0,0,0,0,0,0,0,0,0,0,0,0,0,3,0	164	149	1
6022	0,353,0,0,4	0,5,0,0,0	0,0,0,0,1001,2,2,0,0,4,538,0,0,0,224,13	0,0,0,0,63,0,0,0,0,0,43,0,0,0,17,0	842	149	1
6023	0,0,0,0,0	0,22,2,0,2	0,0,0,0,0,0,0,0,0,0,0,0,0,0,0,1	0,0,0,0,86,2,4,0,0,0,597,0,0,0,993,27	173	149	1
6025	0,4,0,0,0	0,3,0,0,0	0,0,0,0,119,0,0,0,0,2,81,0,0,0,58,5	0,0,0,0,10,0,0,0,0,0,2,0,0,0,18,0	176	149	1
6026	0,13,0,0,0	0,38,0,0,0	0,0,0,0,23,0,0,0,0,0,0,0,0,0,0,1	0,0,0,0,180,0,0,0,0,0,106,0,0,0,68,17	450	149	1
6029	0,347,0,0,0	0,194,0,0,0	0,0,0,0,575,0,0,0,0,0,439,0,0,0,26,22	0,0,0,0,157,0,0,0,0,0,88,0,0,0,10,1	250	149	1
6034	0,12,0,0,0	0,0,0,0,0	0,0,0,0,14,0,0,0,0,0,18,0,0,0,5,3	0,0,0,0,6,0,0,0,0,0,0,0,0,0,0,0	756	149	1
6035	0,90,0,0,2	0,173,0,0,0	0,0,0,0,185,0,0,0,0,0,42,0,0,0,30,7	0,0,0,0,123,2,0,0,0,0,219,0,0,0,139,1	376	149	1
6038	0,8,0,0,2	0,0,0,0,0	0,0,0,0,47,0,0,0,0,0,77,0,0,0,72,5	0,0,0,0,8,0,0,0,0,0,4,0,0,0,2,0	152	149	1
6039	0,29,0,0,0	0,8,2,0,0	0,0,0,0,360,4,0,0,0,0,455,0,0,0,480,24	0,0,0,0,74,0,0,0,2,0,128,0,0,0,61,12	152	149	1
6040	0,0,0,0,0	0,13,8,0,0	0,0,0,0,0,0,0,0,0,0,1,0,0,0,2,1	0,0,0,0,73,2,2,2,0,0,125,0,0,0,127,9	190	149	1
6041	0,7,0,0,2	0,0,0,0,0	0,0,0,0,82,0,2,0,0,0,204,0,0,0,189,26	0,0,0,0,0,0,0,0,0,0,1,0,0,0,13,1	237	149	1
6042	0,2,0,0,0	0,21,0,0,0	0,0,0,0,0,0,0,0,0,0,6,0,0,0,3,2	0,0,0,0,118,0,0,0,0,0,208,0,0,0,181,17	169	149	1
6043	0,59,4,0,0	0,0,0,0,0	0,0,0,0,216,2,2,0,0,0,66,0,0,0,451,54	0,0,0,0,0,0,0,0,0,0,0,0,0,0,0,3	707	149	1
6044	0,270,2,0,0	0,76,0,0,0	0,0,0,0,2157,0,0,0,2,2,1123,0,0,0,293,93	0,0,0,0,1071,0,0,0,0,2,350,0,0,0,74,54	152	149	1
6049	0,137,0,0,0	0,0,0,0,0	0,0,0,0,500,2,0,0,0,0,909,0,0,0,422,59	0,0,0,0,0,0,0,0,0,0,0,0,0,0,0,1	430	149	1
6050	0,2,0,0,0	0,2,0,0,0	0,0,0,0,15,0,0,0,0,0,1,0,0,0,33,1	0,0,0,0,0,0,0,0,0,0,5,0,0,0,0,0	195	149	1
6051	0,0,0,0,0	0,29,0,0,0	0,0,0,0,22,0,0,0,0,0,6,0,0,0,6,2	0,0,0,0,409,0,2,0,0,0,324,0,0,0,249,48	254	149	1
6052	0,68,2,0,0	0,0,0,0,0	0,0,0,0,657,0,4,0,4,2,272,0,0,0,941,56	0,0,0,0,4,0,0,0,0,0,0,0,0,0,0,0	155	149	1
6058	0,0,0,0,0	0,11,0,0,0	0,0,0,0,0,0,0,0,0,0,2,0,0,0,0,0	0,0,0,0,94,0,0,0,0,0,64,0,0,0,5,6	167	149	1
6060	0,29,2,0,0	0,0,0,0,0	0,0,0,0,131,4,2,2,0,0,404,0,0,0,568,43	0,0,0,0,0,0,0,0,0,0,13,0,0,0,8,3	178	149	1
6061	0,29,0,0,0	0,59,2,0,0	0,0,0,0,37,0,0,0,0,0,11,0,0,0,19,1	0,0,0,0,184,0,2,0,0,2,620,0,0,0,304,39	230	149	1
6062	0,32,0,0,0	0,59,2,0,0	0,0,0,0,44,0,0,0,0,0,11,0,0,0,22,6	0,0,0,0,184,0,2,0,0,2,620,0,0,0,304,39	252	149	1
6063	0,4,0,0,0	0,1,0,0,0	0,0,0,0,7,0,0,0,0,0,2,0,0,0,3,5	0,0,0,0,0,0,0,0,0,0,2,0,0,0,0,0	171	149	1
6067	0,14,0,0,0	0,134,0,0,4	0,0,0,0,15,0,0,0,0,0,2,0,0,0,4,11	0,0,0,0,652,0,0,2,0,0,1007,0,0,0,10,98	218	149	1
6068	0,27,0,0,0	0,3,0,0,0	0,0,0,0,27,0,0,0,0,0,2,0,0,0,6,2	0,0,0,0,59,0,0,0,0,0,7,0,0,0,31,13	161	149	1
6069	0,26,0,0,0	0,3,0,0,0	0,0,0,0,61,0,0,0,0,0,19,0,0,0,1,5	0,0,0,0,59,0,0,0,0,0,7,0,0,0,31,13	164	149	1
6070	0,1,0,0,0	0,2,0,0,0	0,0,0,0,47,0,0,0,0,0,17,0,0,0,1,5	0,0,0,0,13,0,0,0,0,0,0,0,0,0,6,2	152	149	1
6078	0,148,0,0,0	0,5,0,0,0	0,0,0,0,307,2,2,0,0,2,285,0,0,0,119,18	0,0,0,0,0,0,0,0,0,0,42,0,0,0,0,1	1018	149	1
6079	0,67,0,0,0	0,9,0,0,0	0,0,0,0,55,0,0,0,2,0,112,0,0,0,0,10	0,0,0,0,17,0,0,0,0,0,7,0,0,0,0,5	152	149	1
6082	0,31,0,0,0	0,3,0,0,0	0,0,0,0,85,0,0,0,0,0,192,0,0,0,0,12	0,0,0,0,27,0,0,0,0,0,17,0,0,0,0,0	152	149	1
6087	0,8,0,0,0	0,0,0,0,0	0,0,0,0,51,0,0,0,0,0,41,0,0,0,52,2	0,0,0,0,8,0,0,0,0,0,4,0,0,0,7,0	152	149	1
6089	0,7,0,0,0	0,0,0,0,0	0,0,0,0,37,0,0,0,0,0,9,0,0,0,7,3	0,0,0,0,0,0,0,0,0,0,0,0,0,0,1,3	152	149	1
6092	0,135,8,0,2	0,0,0,0,0	0,0,0,0,365,10,4,2,2,2,466,0,0,0,1135,142	0,0,0,0,0,0,0,0,0,0,6,0,0,0,0,0	4217	149	1
6093	0,97,0,0,0	0,0,0,0,0	0,0,0,0,175,0,0,0,0,0,232,0,0,0,40,5	0,0,0,0,0,0,0,0,0,0,2,0,0,0,0,0	154	149	1
6095	0,7,0,0,0	0,0,0,0,0	0,0,0,0,30,0,0,0,0,0,2,0,0,0,12,0	0,0,0,0,0,0,0,0,0,0,1,0,0,0,0,0	202	149	1
6096	0,448,0,0,0	0,5,0,0,0	0,0,0,0,713,0,0,2,0,0,1122,0,0,0,240,12	0,0,0,0,0,0,0,0,0,0,0,0,0,0,0,0	153	149	1
6097	0,32,0,0,0	0,122,2,0,0	0,0,0,0,2,0,0,0,0,0,69,0,0,0,55,0	0,0,0,0,124,0,0,2,0,2,281,0,0,0,289,4	152	149	1
6098	0,0,0,0,0	0,3,0,0,0	0,0,0,0,0,0,0,0,0,0,47,0,0,0,17,0	0,0,0,0,36,0,0,0,0,0,108,0,0,0,91,6	152	149	1
6099	0,299,0,0,0	0,0,0,0,0	0,0,0,0,263,0,0,0,0,0,703,0,0,0,433,29	0,0,0,0,0,0,0,0,0,0,15,0,0,0,6,0	152	149	1
6100	0,31,0,0,0	0,2,0,0,0	0,0,0,0,55,0,0,0,0,0,179,0,0,0,135,7	0,0,0,0,0,0,0,0,0,0,0,0,0,0,0,0	662	149	1
6106	0,1018,0,0,0	0,0,0,0,0	0,0,0,0,552,0,0,2,0,0,1743,0,0,0,765,51	0,0,0,0,0,0,0,0,0,0,1,0,0,0,0,0	185	149	1
6108	0,13,0,0,0	0,0,0,0,0	0,0,0,0,0,0,2,0,0,0,47,0,0,0,50,5	0,0,0,0,7,0,0,0,0,0,8,0,0,0,0,0	271	149	1
6109	0,13,0,0,0	0,0,0,0,0	0,0,0,0,0,0,2,0,0,0,38,0,0,0,37,2	0,0,0,0,0,0,0,0,0,0,28,0,0,0,0,0	271	149	1
6110	0,86,0,0,0	0,0,0,0,0	0,0,0,0,311,0,2,4,0,0,1078,0,0,0,1115,121	0,0,0,0,0,0,0,0,0,0,1,0,0,0,0,0	269	149	1
6127	0,9,0,0,0	0,93,0,0,0	0,0,0,0,10,0,0,0,0,0,57,0,0,0,1,7	0,0,0,0,360,0,0,4,2,2,952,0,0,0,455,151	170	149	1
6128	0,3,0,0,0	0,0,0,0,0	0,0,0,0,43,0,2,0,0,0,38,0,0,0,102,4	0,0,0,0,0,0,2,0,0,0,0,0,0,0,12,1	153	149	1
6130	0,0,0,0,0	0,13,0,0,0	0,0,0,0,0,0,0,0,0,0,2,0,0,0,6,0	0,0,0,0,67,0,0,0,0,0,77,0,0,0,129,2	370	149	1
6132	0,5,0,0,0	0,0,0,0,0	0,0,0,0,27,0,0,0,0,0,23,0,0,0,63,4	0,0,0,0,0,0,0,0,0,0,0,0,0,0,0,1	155	149	1
6133	0,186,0,0,0	0,4,0,0,0	0,0,0,0,647,0,0,0,0,0,582,0,0,0,9,1	0,0,0,0,0,0,0,0,0,0,27,0,0,0,0,0	248	149	1
6134	0,101,0,0,0	0,0,0,0,0	0,0,0,0,272,0,0,0,0,0,251,0,0,0,1,1	0,0,0,0,0,0,0,0,0,0,1,0,0,0,0,0	248	149	1
6136	0,0,0,0,0	0,1,0,0,0	0,0,0,0,0,0,0,0,0,0,1,0,0,0,3,2	0,0,0,0,94,0,0,0,0,0,35,0,0,0,110,17	168	149	1
6137	0,13,0,0,0	0,75,0,0,0	0,0,0,0,93,0,0,0,0,0,21,0,0,0,0,0	0,0,0,0,234,0,0,0,0,0,157,0,0,0,11,2	195	149	1
6138	0,119,0,0,0	0,0,0,0,0	0,0,0,0,258,0,0,0,0,0,109,0,0,0,4,8	0,0,0,0,0,0,0,0,0,0,10,0,0,0,0,0	350	149	1
6139	0,112,2,0,0	0,23,0,0,0	0,0,0,0,120,0,0,0,0,0,372,0,0,0,61,28	0,0,0,0,27,0,0,0,0,0,156,0,0,0,0,4	545	149	1
6140	0,51,0,0,0	0,41,0,0,0	0,0,0,0,89,0,0,0,0,0,147,0,0,0,59,26	0,0,0,0,178,0,0,0,0,0,435,0,0,0,191,19	590	149	1
6141	0,114,0,0,0	0,81,0,0,0	0,0,0,0,60,0,0,0,0,0,37,0,0,0,18,10	0,0,0,0,124,1,0,0,0,0,197,0,0,0,59,7	949	149	1
6142	0,16,0,0,0	0,4,0,0,0	0,0,0,0,16,0,0,0,0,0,2,0,0,0,1,1	0,0,0,0,0,0,0,0,0,0,12,0,0,0,5,0	257	149	1
6143	0,41,0,0,0	0,1,0,0,0	0,0,0,0,70,0,0,0,0,0,113,0,0,0,119,5	0,0,0,0,12,0,0,0,0,0,8,0,0,0,0,0	152	149	1
6144	0,5,0,0,0	0,1,0,0,0	0,0,0,0,0,0,0,0,0,0,3,0,0,0,12,0	0,0,0,0,12,0,0,0,0,0,8,0,0,0,0,0	156	149	1
6145	0,2,0,0,0	0,38,0,0,0	0,0,0,0,0,0,0,0,0,0,0,0,0,0,7,0	0,0,0,0,70,0,0,0,0,0,110,0,0,0,114,5	153	149	1
6146	0,22,0,0,0	0,9,0,0,0	0,0,0,0,57,2,0,0,0,0,184,0,0,0,125,6	0,0,0,0,0,0,0,0,0,0,1,0,0,0,0,0	155	149	1
6148	0,11,0,0,0	0,712,0,0,0	0,0,0,0,0,0,0,0,0,0,0,0,0,0,0,0	0,0,0,0,5,0,0,0,0,0,73,0,0,0,5,0	215	149	1
6150	0,200,6,0,2	0,0,0,0,0	0,0,0,0,604,2,0,2,0,0,1434,0,0,0,771,85	0,0,0,0,0,0,0,0,0,0,6,0,0,0,0,0	158	149	1
6151	0,0,0,0,0	0,18,0,0,0	0,0,0,0,3,0,0,0,0,0,1,0,0,0,0,0	0,0,0,0,160,0,0,0,0,0,169,0,0,0,26,5	173	149	1
6152	0,376,0,0,0	0,19,0,0,0	0,0,0,0,307,0,0,0,0,0,463,0,0,0,98,80	0,0,0,0,37,0,0,0,0,0,18,0,0,0,9,4	152	149	1
6153	0,192,0,0,0	0,28,0,0,0	0,0,0,0,252,0,0,0,0,0,311,0,0,0,31,61	0,0,0,0,0,0,0,0,0,0,11,0,0,0,2,1	164	149	1
6155	0,6,2,0,0	0,7,0,0,0	0,0,0,0,27,0,2,0,0,0,52,0,0,0,163,3	0,0,0,0,51,2,0,0,0,0,23,0,0,0,46,3	152	149	1
6162	0,1,0,0,0	0,0,0,0,0	0,0,0,0,0,0,0,0,0,0,0,0,0,0,0,0	0,0,0,0,0,0,0,0,0,0,0,0,0,0,3,0	152	149	1
6163	0,38,0,0,0	0,0,0,0,0	0,0,0,0,47,0,0,0,0,0,26,0,0,0,26,2	0,0,0,0,15,0,0,0,0,0,0,0,0,0,0,0	335	149	1
6176	0,0,0,0,0	0,6,0,0,0	0,0,0,0,8,0,0,2,0,0,0,0,0,0,20,1	0,0,0,0,5,0,0,0,0,0,8,0,0,0,36,12	189	149	1
6178	0,3,0,0,0	0,52,0,0,0	0,0,0,0,0,0,0,0,0,0,3,0,0,0,0,2	0,0,0,0,133,0,0,0,0,0,58,0,0,0,12,11	176	149	1
6179	0,39,0,0,0	0,8,0,0,0	0,0,0,0,64,0,0,0,0,0,92,0,0,0,79,23	0,0,0,0,61,0,0,0,0,0,40,0,0,0,31,19	152	149	1
6182	0,34,2,0,0	0,127,2,0,0	0,0,0,0,81,0,0,0,0,0,42,0,0,0,16,0	0,0,0,0,327,2,2,2,0,0,220,0,0,0,183,8	202	149	1
6183	0,4,0,0,0	0,37,0,0,0	0,0,0,0,45,0,0,2,0,0,28,0,0,0,43,3	0,0,0,0,150,0,0,0,0,0,72,0,0,0,59,12	152	149	1
6186	0,0,0,0,0	0,6,2,0,0	0,0,0,0,4,0,0,0,0,0,3,0,0,0,19,8	0,0,0,0,11,0,0,0,0,0,19,0,0,0,19,7	167	149	1
6189	0,77,12,0,0	0,0,0,0,0	0,0,0,0,0,0,0,0,0,0,171,0,0,0,677,0	0,0,0,0,0,0,0,0,0,0,3,0,0,0,0,0	483	149	1
6190	0,80,0,0,0	0,0,0,0,0	0,0,0,0,137,0,0,0,0,0,59,0,0,0,86,32	0,0,0,0,0,0,0,0,0,0,4,0,0,0,0,0	152	149	1
6191	0,37,0,0,0	0,9,0,0,0	0,0,0,0,117,0,0,0,0,0,65,0,0,0,7,17	0,0,0,0,8,0,0,0,0,0,0,0,0,0,0,1	210	149	1
6192	0,41,0,0,0	0,9,0,0,0	0,0,0,0,86,0,0,0,0,0,40,0,0,0,91,11	0,0,0,0,40,0,0,0,0,0,43,0,0,0,0,11	307	149	1
6193	0,62,0,0,0	0,9,0,0,0	0,0,0,0,131,0,0,0,0,0,42,0,0,0,91,11	0,0,0,0,40,0,0,0,0,0,43,0,0,0,0,11	324	149	1
6194	0,21,0,0,0	0,0,0,0,0	0,0,0,0,54,0,0,0,0,0,2,0,0,0,0,0	0,0,0,0,9,0,0,0,0,0,0,0,0,0,0,0	166	149	1
6195	0,6,0,0,0	0,16,0,0,0	0,0,0,0,6,0,0,0,0,0,2,0,0,0,0,0	0,0,0,0,25,0,0,0,0,0,38,0,0,0,4,9	239	149	1
6196	0,140,6,0,0	0,35,0,0,0	0,0,0,0,348,2,0,2,0,0,409,0,0,0,438,98	0,0,0,0,167,0,0,0,0,0,133,0,0,0,134,11	152	149	1
6202	0,563,2,0,6	0,0,0,0,0	0,0,0,0,0,0,0,0,0,0,3,0,0,0,128,0	0,0,0,0,0,0,0,0,0,0,0,0,0,0,3,0	245	149	1
6209	0,24,0,0,0	0,527,0,0,0	0,0,0,0,30,0,0,0,0,0,43,0,0,0,2,2	0,0,0,0,1040,0,2,0,0,0,1512,0,0,0,350,14	165	149	1
6210	0,76,0,0,0	0,24,0,0,0	0,0,0,0,227,0,0,0,2,0,2877,0,0,0,2954,1232	0,0,0,0,184,0,0,0,0,0,608,0,0,0,643,236	152	149	1
6211	0,1851,0,0,0	0,37,0,0,0	0,0,0,0,956,2,6,2,4,2,704,0,0,0,615,1509	0,0,0,0,114,0,0,0,0,0,6,0,0,0,0,19	376	149	1
6213	0,5,0,0,0	0,2,0,0,0	0,0,0,0,0,0,0,0,0,0,0,0,0,0,9,0	0,0,0,0,25,0,0,0,0,0,0,0,0,0,0,0	155	149	1
6218	0,2,0,0,0	0,0,0,0,0	0,0,0,0,0,0,0,0,0,0,42,0,0,0,1,6	0,0,0,0,0,0,0,0,0,0,3,0,0,0,0,0	333	149	1
6220	0,64,0,0,0	0,0,0,0,0	0,0,0,0,443,0,0,0,0,2,201,0,0,0,2,7	0,0,0,0,2,0,0,0,0,0,0,0,0,0,0,0	154	149	1
6221	0,3,0,0,0	0,57,0,0,0	0,0,0,0,0,0,0,0,0,0,7,0,0,0,0,0	0,0,0,0,293,0,0,0,0,2,171,0,0,0,0,6	161	149	1
6222	0,254,0,0,0	0,14,0,0,0	0,0,0,0,169,0,0,0,0,2,497,0,0,0,130,9	0,0,0,0,0,0,0,0,0,0,74,0,0,0,10,2	152	149	1
6224	0,3,0,0,0	0,0,0,0,0	0,0,0,0,0,0,0,0,0,0,0,0,0,0,0,0	0,0,0,0,0,0,0,0,0,0,4,0,0,0,0,0	177	149	1
6225	0,68,0,0,0	0,51,0,0,0	0,0,0,0,144,0,0,0,0,0,101,0,0,0,64,24	0,0,0,0,104,0,0,0,0,0,339,0,0,0,43,18	3969	149	1
6226	0,37,0,0,0	0,12,0,0,0	0,0,0,0,111,0,0,0,0,0,71,0,0,0,26,7	0,0,0,0,0,0,0,0,0,0,0,0,0,0,0,0	1617	149	1
6228	0,4,0,0,0	0,0,0,0,0	0,0,0,0,10,0,0,0,0,0,1,0,0,0,1,0	0,0,0,0,0,0,0,0,0,0,4,0,0,0,0,0	582	149	1
6230	0,2,0,0,0	0,88,0,0,2	0,0,0,0,41,0,0,0,0,0,1,0,0,0,3,0	0,0,0,0,122,0,0,0,0,0,365,0,0,0,68,8	318	149	1
6231	0,15,0,0,0	0,44,0,0,0	0,0,0,0,109,0,0,0,0,0,30,0,0,0,40,2	0,0,0,0,77,0,0,2,0,0,348,0,0,0,139,5	501	149	1
6232	0,7,0,0,0	0,12,0,0,0	0,0,0,0,101,0,0,0,0,0,5,0,0,0,15,0	0,0,0,0,12,0,0,0,0,0,2,0,0,0,5,0	152	149	1
6233	0,157,0,0,0	0,0,0,0,0	0,0,0,0,739,0,0,1,0,0,918,0,0,0,1219,149	0,0,0,0,0,0,0,0,0,0,1,0,0,0,0,3	271	149	1
6234	0,0,0,0,0	0,99,0,0,0	0,0,0,0,25,0,0,0,0,0,7,0,0,0,15,6	0,0,0,0,484,0,0,1,2,0,563,0,0,0,772,490	184	149	1
6235	0,73,0,0,0	0,60,0,0,0	0,0,0,0,129,0,0,0,2,0,20,0,0,0,73,3	0,0,0,0,132,0,0,0,0,0,185,0,0,0,119,30	758	149	1
6239	0,498,4,0,0	0,0,0,0,0	0,0,0,0,1527,4,2,3,0,2,1082,0,0,0,992,197	0,0,0,0,18,0,0,0,0,0,4,0,0,0,3,0	172	149	1
6240	0,246,0,0,0	0,2,0,0,0	0,0,0,0,1331,2,0,4,2,0,725,0,0,0,608,42	0,0,0,0,31,0,0,0,0,0,19,0,0,0,10,0	154	149	1
6244	0,38,0,0,0	0,0,0,0,0	0,0,0,0,0,0,0,0,0,0,32,0,0,0,38,7	0,0,0,0,0,0,0,0,0,0,2,0,0,0,0,0	1380	149	1
6245	0,15,0,0,0	0,29,0,0,0	0,0,0,0,133,0,0,0,0,0,18,0,0,0,0,2	0,0,0,0,136,0,0,0,0,0,216,0,0,0,2,10	257	149	1
6246	0,0,0,0,0	0,28,0,0,0	0,0,0,0,32,0,0,0,0,0,9,0,0,0,0,0	0,0,0,0,158,0,0,0,0,0,208,0,0,0,1,4	190	149	1
6247	0,0,0,0,0	0,4,0,0,0	0,0,0,0,0,0,0,0,0,0,0,0,0,0,0,1	0,0,0,0,25,0,0,0,0,0,6,0,0,0,0,23	170	149	1
6248	0,61,2,0,0	0,4,0,0,0	0,0,0,0,97,4,0,0,0,0,10,0,0,0,32,33	0,0,0,0,10,0,0,0,0,0,2,0,0,0,2,0	493	149	1
6250	0,48,0,0,0	0,6,0,0,0	0,0,0,0,135,0,0,0,0,0,28,0,0,0,23,22	0,0,0,0,0,0,0,0,0,0,0,0,0,0,0,1	154	149	1
6251	0,2,0,0,0	0,25,0,0,0	0,0,0,0,0,0,0,0,0,0,0,0,0,0,0,3	0,0,0,0,154,0,0,0,0,0,24,0,0,0,15,37	169	149	1
6252	0,3,0,0,0	0,0,0,0,0	0,0,0,0,9,0,0,0,0,0,4,0,0,0,7,3	0,0,0,0,13,0,0,0,0,0,0,0,0,0,0,0	173	149	1
6253	0,26,0,0,0	0,0,0,0,0	0,0,0,0,163,0,0,0,0,0,28,0,0,0,22,37	0,0,0,0,13,0,0,0,0,0,0,0,0,0,0,0	153	149	1
6255	0,1,0,0,0	0,73,0,0,0	0,0,0,0,0,0,0,0,0,0,0,0,0,0,0,0	0,0,0,0,251,0,0,0,0,0,24,0,0,0,60,14	238	149	1
6256	0,323,0,0,0	0,2,0,0,0	0,0,0,0,546,0,2,0,0,0,112,0,0,0,141,39	0,0,0,0,8,0,0,0,0,0,1,0,0,0,0,1	488	149	1
6257	0,0,0,0,0	0,14,2,0,0	0,0,0,0,15,0,0,0,0,0,8,0,0,0,8,3	0,0,0,0,66,0,0,0,0,0,66,0,0,0,83,2	154	149	1
6258	0,4,0,0,0	0,14,2,0,0	0,0,0,0,0,0,0,0,2,0,6,0,0,0,69,24	0,0,0,0,66,0,0,0,0,0,66,0,0,0,83,2	1271	149	1
6259	0,4,0,0,0	0,0,0,0,0	0,0,0,0,0,0,0,0,2,0,6,0,0,0,69,24	0,0,0,0,15,0,0,0,0,0,8,0,0,0,8,3	1266	149	1
6261	0,15,2,0,0	0,0,0,0,0	0,0,0,0,180,0,0,0,2,0,82,0,0,0,234,35	0,0,0,0,0,0,0,0,0,0,0,0,0,0,4,0	2171	149	1
6262	0,0,0,0,0	0,9,0,0,2	0,0,0,0,35,0,0,0,0,0,5,0,0,0,3,1	0,0,0,0,119,0,0,0,0,0,53,0,0,0,148,8	169	149	1
6267	0,0,0,0,0	0,33,0,0,0	0,0,0,0,29,0,0,0,0,0,0,0,0,0,0,5	0,0,0,0,10,0,0,0,0,0,134,0,0,0,3,90	293	149	1
6268	0,11,0,0,0	0,0,0,0,0	0,0,0,0,218,0,0,0,0,0,90,0,0,0,2,1	0,0,0,0,28,0,0,0,0,0,6,0,0,0,0,0	181	149	1
6271	0,6,0,0,0	0,0,0,0,0	0,0,0,0,59,0,0,0,0,0,40,0,0,0,27,0	0,0,0,0,109,0,0,0,0,0,77,0,0,0,95,4	833	149	1
6282	0,52,2,0,0	0,21,0,0,0	0,0,0,0,216,4,2,5,0,0,135,0,0,0,252,20	0,0,0,0,26,0,0,0,0,0,35,0,0,0,49,0	152	149	1
6283	0,6,0,0,0	0,6,0,0,0	0,0,0,0,183,0,0,0,0,0,56,0,0,0,161,22	0,0,0,0,0,0,0,0,0,0,0,0,0,0,0,0	180	149	1
6286	0,243,3,0,2	0,0,0,0,0	0,0,0,0,665,0,0,4,0,6,661,0,0,0,1538,91	0,0,0,0,0,0,0,0,0,0,0,0,0,0,4,0	236	149	1
6287	0,144,0,0,0	0,2663,29,0,12	0,0,0,0,95,0,0,0,0,0,148,0,0,0,159,1	0,0,0,0,2423,8,4,13,8,12,2480,0,0,0,4864,168	179	149	1
6289	0,515,0,0,0	0,42,0,0,0	0,0,0,0,410,0,0,2,0,2,718,0,0,0,203,80	0,0,0,0,81,0,2,0,0,0,219,0,0,0,67,12	240	149	1
6290	0,188,0,0,0	0,0,0,0,0	0,0,0,0,166,0,0,2,0,0,257,0,0,0,34,14	0,0,0,0,0,0,0,0,0,0,1,0,0,0,0,0	240	149	1
6291	0,11,0,0,0	0,370,0,0,0	0,0,0,0,0,0,0,0,0,0,13,0,0,0,0,0	0,0,0,0,417,0,0,2,0,0,931,0,0,0,77,69	183	149	1
6303	0,196,2,0,0	0,24,0,0,0	0,0,0,0,271,0,0,0,0,2,777,0,0,0,705,110	0,0,0,0,57,0,0,0,0,0,39,0,0,0,39,8	187	149	1
6304	0,0,0,0,0	0,86,0,0,0	0,0,0,0,15,0,0,0,0,0,0,0,0,0,0,0	0,0,0,0,255,0,0,0,0,0,134,0,0,0,229,18	170	149	1
6305	0,70,0,0,0	0,6,0,0,0	0,0,0,0,406,0,0,0,2,0,155,0,0,0,402,61	0,0,0,0,15,0,0,0,0,0,6,0,0,0,11,5	181	149	1
6306	0,222,0,0,0	0,0,0,0,0	0,0,0,0,180,0,0,2,0,0,215,0,0,0,398,21	0,0,0,0,7,0,0,0,0,0,0,0,0,0,0,0	178	149	1
6310	0,47,0,0,0	0,0,0,0,0	0,0,0,0,447,0,0,0,0,0,109,0,0,0,167,7	0,0,0,0,0,0,0,0,0,0,2,0,0,0,0,0	862	149	1
6312	0,6,0,0,0	0,0,0,0,0	0,0,0,0,35,0,0,0,0,2,193,0,0,0,1,0	0,0,0,0,7,0,0,0,0,0,509,0,0,0,6,0	184	149	1
6314	0,6,0,0,0	0,14,0,0,0	0,0,0,0,17,0,0,0,0,0,29,0,0,0,0,4	0,0,0,0,28,0,0,0,0,0,31,0,0,0,0,2	187	149	1
6315	0,35,0,0,0	0,14,0,0,0	0,0,0,0,79,0,0,0,0,2,164,0,0,0,10,9	0,0,0,0,28,0,0,0,0,0,31,0,0,0,0,2	379	149	1
6317	0,6,0,0,0	0,0,0,0,0	0,0,0,0,56,0,0,0,0,0,30,0,0,0,0,21	0,0,0,0,0,0,0,0,0,0,0,0,0,0,0,1	356	149	1
6319	0,0,0,0,0	0,16,0,0,0	0,0,0,0,6,0,0,0,0,0,5,0,0,0,0,0	0,0,0,0,85,0,0,0,0,0,4,0,0,0,7,1	166	149	1
6320	0,23,0,0,0	0,4,0,0,0	0,0,0,0,35,0,0,0,0,0,332,0,0,0,6,0	0,0,0,0,43,0,0,0,0,0,56,0,0,0,24,0	334	149	1
6324	0,6,0,0,0	0,24,0,0,0	0,0,0,0,9,0,0,0,0,0,17,0,0,0,0,1	0,0,0,0,464,0,0,0,0,0,631,0,0,0,31,23	167	149	1
6327	0,2,0,0,0	0,192,0,0,0	0,0,0,0,10,0,0,0,0,0,48,0,0,0,2,0	0,0,0,0,199,0,0,0,0,0,722,0,0,0,12,6	152	149	1
6330	0,0,0,0,0	0,9,0,0,0	0,0,0,0,22,0,0,0,0,0,13,0,0,0,35,14	0,0,0,0,23,0,0,0,0,0,17,0,0,0,27,16	152	149	1
6331	0,2,0,0,0	0,4,0,0,0	0,0,0,0,12,0,0,0,0,0,6,0,0,0,4,1	0,0,0,0,0,0,0,0,0,0,6,0,0,0,0,0	152	149	1
6332	0,130,0,0,0	0,0,0,0,0	0,0,0,0,511,0,0,0,0,2,150,0,0,0,344,55	0,0,0,0,5,0,0,0,0,0,2,0,0,0,0,5	207	149	1
6333	0,55,0,0,0	0,0,0,0,0	0,0,0,0,256,0,0,0,0,0,146,0,0,0,299,70	0,0,0,0,7,0,0,0,0,0,0,0,0,0,0,0	154	149	1
6334	0,15,2,0,0	0,3,0,0,0	0,0,0,0,250,0,0,0,2,0,87,0,0,0,126,40	0,0,0,0,30,0,0,0,0,0,14,0,0,0,32,10	153	149	1
6335	0,37,0,0,2	0,5,0,0,0	0,0,0,0,64,0,0,0,0,0,35,0,0,0,50,0	0,0,0,0,15,0,0,0,0,0,6,0,0,0,0,0	181	149	1
6336	0,236,1,0,2	0,7,0,0,0	0,0,0,0,305,0,0,0,0,0,212,0,0,0,152,2	0,0,0,0,0,0,0,0,0,0,0,0,0,0,0,0	251	149	1
6337	0,204,1,0,0	0,7,0,0,0	0,0,0,0,256,0,0,0,0,0,183,0,0,0,102,2	0,0,0,0,0,0,0,0,0,0,0,0,0,0,0,0	219	149	1
6338	0,79,0,0,0	0,0,0,0,0	0,0,0,0,32,0,0,0,0,0,35,0,0,0,70,9	0,0,0,0,0,0,0,0,0,0,3,0,0,0,2,0	387	149	1
6340	0,0,0,0,0	0,10,0,0,0	0,0,0,0,0,0,0,0,0,0,0,0,0,0,2,0	0,0,0,0,171,0,0,0,0,0,8,0,0,0,10,0	167	149	1
6346	0,617,0,0,4	0,20,0,0,0	0,0,0,0,783,0,0,0,0,0,144,0,0,0,0,6	0,0,0,0,41,0,0,0,0,0,0,0,0,0,0,0	1230	149	1
6347	0,93,0,0,2	0,122,0,0,0	0,0,0,0,101,0,0,0,0,0,47,0,0,0,0,0	0,0,0,0,93,0,0,0,0,0,40,0,0,0,0,1	152	149	1
6348	0,151,0,0,0	0,6,0,0,0	0,0,0,0,206,0,0,0,0,0,152,0,0,0,0,2	0,0,0,0,0,0,0,0,0,0,0,0,0,0,0,0	265	149	1
6350	0,16,0,0,0	0,0,0,0,0	0,0,0,0,20,0,0,0,0,0,44,0,0,0,27,18	0,0,0,0,0,0,0,0,0,0,2,0,0,0,0,0	627	149	1
6352	0,9,0,0,0	0,0,0,0,0	0,0,0,0,56,0,0,2,0,0,125,0,0,0,215,30	0,0,0,0,25,0,0,0,0,0,14,0,0,0,0,7	180	149	1
6357	0,9,0,0,0	0,249,0,0,2	0,0,0,0,136,0,0,0,0,0,117,0,0,0,35,10	0,0,0,0,3278,8,6,4,0,2,2381,0,0,0,1881,120	173	149	1
6358	0,253,0,0,2	0,0,0,0,0	0,0,0,0,3712,10,2,4,8,12,2936,0,0,0,1748,1025	0,0,0,0,16,0,0,0,0,0,0,0,0,0,0,0	317	149	1
6359	0,0,0,0,0	0,18,0,0,0	0,0,0,0,0,0,0,0,0,0,12,0,0,0,0,0	0,0,0,0,132,0,0,0,0,0,146,0,0,0,11,0	224	149	1
6362	0,0,0,0,0	0,12,0,0,0	0,0,0,0,0,0,0,0,0,0,1,0,0,0,0,0	0,0,0,0,18,0,0,0,0,0,57,0,0,0,30,0	185	149	1
6366	0,8048,8,0,14	0,19,0,0,0	0,0,0,0,8024,4,2,43,4,4,9959,0,0,0,14888,297	0,0,0,0,4,0,0,0,0,0,58,0,0,0,31,4	183	149	1
6367	0,54,0,0,2	0,1,0,0,0	0,0,0,0,248,0,0,0,0,0,228,0,0,0,30,51	0,0,0,0,8,0,0,0,0,0,13,0,0,0,0,2	732	149	1
6368	0,231,4,0,2	0,162,0,0,0	0,0,0,0,177,4,0,1,0,0,85,0,0,0,344,64	0,0,0,0,58,0,0,0,0,0,82,0,0,0,113,5	2494	149	1
6369	0,106,0,0,0	0,666,0,0,0	0,0,0,0,228,0,0,0,0,0,111,0,0,0,76,64	0,0,0,0,1481,0,0,2,0,0,1968,0,0,0,722,181	210	149	1
6370	0,23,0,0,0	0,2,0,0,0	0,0,0,0,50,0,0,0,0,0,39,0,0,0,14,8	0,0,0,0,0,0,0,0,0,0,4,0,0,0,0,0	338	149	1
6371	0,677,0,0,0	0,0,0,0,0	0,0,0,0,1515,0,0,2,0,0,1977,0,0,0,764,183	0,0,0,0,0,0,0,0,0,0,0,0,0,0,0,1	361	149	1
6372	0,689,0,0,0	0,2,0,0,0	0,0,0,0,1545,0,0,2,0,0,2010,0,0,0,774,190	0,0,0,0,0,0,0,0,0,0,4,0,0,0,0,0	550	149	1
6373	0,921,0,0,8	0,2,0,0,0	0,0,0,0,2082,0,0,5,10,0,1894,0,0,0,932,258	0,0,0,0,0,0,0,0,0,0,9,0,0,0,14,2	338	149	1
6374	0,11,0,0,0	0,898,0,0,8	0,0,0,0,20,0,0,0,0,0,6,0,0,0,4,0	0,0,0,0,2032,0,0,5,10,0,1855,0,0,0,918,251	168	149	1
6384	0,96,0,0,0	0,34,0,0,0	0,0,0,0,3,0,0,0,0,0,164,0,0,0,25,34	0,0,0,0,0,0,0,0,0,0,17,0,0,0,0,4	226	149	1
6385	0,22,0,0,0	0,0,0,0,0	0,0,0,0,26,0,0,0,0,6,19,0,0,0,62,27	0,0,0,0,36,4,0,0,0,0,131,0,0,0,365,27	1644	149	1
6386	0,16,0,0,0	0,27,0,0,0	0,0,0,0,0,0,0,0,0,0,28,0,0,0,8,0	0,0,0,0,109,2,0,0,0,0,386,0,0,0,144,14	175	149	1
6388	0,143,0,0,0	0,0,0,0,0	0,0,0,0,46,0,0,0,0,0,128,0,0,0,0,21	0,0,0,0,2,0,0,0,0,0,10,0,0,0,1,0	174	149	1
6389	0,0,0,0,0	0,0,1,0,0	0,0,0,0,32,0,0,0,0,0,12,0,0,0,138,19	0,0,0,0,0,0,2,0,0,0,11,0,0,0,91,4	164	149	1
6394	0,4,0,0,0	0,0,0,0,0	0,0,0,0,23,0,0,0,0,0,31,0,0,0,47,9	0,0,0,0,44,0,0,0,0,0,2,0,0,0,9,0	176	149	1
6402	0,29,0,0,0	0,1,0,0,0	0,0,0,0,9,0,0,0,0,0,5,0,0,0,4,0	0,0,0,0,21,0,0,0,0,0,6,0,0,0,0,2	170	149	1
6403	0,18,0,0,0	0,0,0,0,0	0,0,0,0,7,0,0,0,0,0,5,0,0,0,0,1	0,0,0,0,0,0,0,0,0,0,14,0,0,0,10,12	170	149	1
6407	0,45,0,0,0	0,11,0,0,0	0,0,0,0,6,0,0,0,0,0,7,0,0,0,5,0	0,0,0,0,0,0,0,0,0,0,2,0,0,0,0,0	159	149	1
6415	0,82,0,0,0	0,16,0,0,0	0,0,0,0,14,0,0,0,0,0,54,0,0,0,23,7	0,0,0,0,0,0,0,0,0,0,5,0,0,0,4,1	163	149	1
6416	0,191,0,0,2	0,4,0,0,0	0,0,0,0,872,0,0,2,0,2,957,0,0,0,608,24	0,0,0,0,0,0,0,0,0,0,0,0,0,0,0,0	154	149	1
6417	0,0,0,0,0	0,18,0,0,0	0,0,0,0,0,0,0,0,0,0,1,0,0,0,4,4	0,0,0,0,104,0,0,0,0,0,80,0,0,0,86,8	227	149	1
6418	0,66,0,0,0	0,15,0,0,0	0,0,0,0,116,0,0,0,0,4,122,0,0,0,34,0	0,0,0,0,76,0,0,0,0,0,55,0,0,0,7,0	152	149	1
6424	0,0,0,0,0	0,2,0,0,0	0,0,0,0,0,0,0,0,0,0,0,0,0,0,0,1	0,0,0,0,5,0,0,0,0,0,35,0,0,0,27,6	169	149	1
6432	0,0,0,0,0	0,21,0,0,0	0,0,0,0,16,0,0,0,0,0,29,0,0,0,0,0	0,0,0,0,42,0,0,0,0,0,58,0,0,0,13,2	287	149	1
6434	0,0,0,0,0	0,36,0,0,0	0,0,0,0,0,0,0,0,0,0,0,0,0,0,0,1	0,0,0,0,87,0,0,0,0,0,80,0,0,0,95,22	153	149	1
6435	0,24,0,0,0	0,201,0,0,0	0,0,0,0,0,0,0,0,0,0,1,0,0,0,14,0	0,0,0,0,12,0,0,2,0,0,25,0,0,0,57,0	255	149	1
6436	0,13,0,0,0	0,0,0,0,0	0,0,0,0,46,0,0,0,0,0,21,0,0,0,9,0	0,0,0,0,6,0,0,0,0,0,1,0,0,0,0,0	288	149	1
6437	0,322,0,0,2	0,5,0,0,0	0,0,0,0,86,0,0,0,0,0,67,0,0,0,89,1	0,0,0,0,0,0,0,0,0,0,0,0,0,0,0,0	246	149	1
6438	0,312,0,0,2	0,0,0,0,0	0,0,0,0,79,0,0,0,0,0,67,0,0,0,84,1	0,0,0,0,0,0,0,0,0,0,1,0,0,0,0,0	235	149	1
6440	0,2,0,0,0	0,1590,0,0,0	0,0,0,0,0,0,0,0,0,0,0,0,0,0,0,0	0,0,0,0,99,0,0,0,0,0,43,0,0,0,3,0	168	149	1
6441	0,7,0,0,0	0,15,0,0,0	0,0,0,0,16,0,0,0,0,0,72,0,0,0,10,5	0,0,0,0,82,0,0,0,0,0,351,0,0,0,48,5	152	149	1
6442	0,90,0,0,0	0,6,0,0,0	0,0,0,0,121,0,0,0,0,0,232,0,0,0,33,6	0,0,0,0,8,0,0,0,0,0,20,0,0,0,0,0	180	149	1
6443	0,3,0,0,0	0,28,0,0,0	0,0,0,0,0,0,0,0,0,0,12,0,0,0,26,1	0,0,0,0,121,0,0,0,0,0,272,0,0,0,190,8	207	149	1
6444	0,7,2,0,0	0,0,0,0,0	0,0,0,0,261,4,0,0,0,0,61,0,0,0,112,5	0,0,0,0,14,0,0,0,0,0,0,0,0,0,0,0	259	149	1
6445	0,101,8,0,0	0,0,0,0,0	0,0,0,0,1086,10,0,2,2,0,261,0,0,0,816,61	0,0,0,0,4,0,0,0,0,0,0,0,0,0,6,2	242	149	1
6446	0,5,0,0,0	0,2,0,0,0	0,0,0,0,32,0,0,0,0,0,14,0,0,0,4,1	0,0,0,0,61,0,0,0,0,0,40,0,0,0,28,0	176	149	1
6447	0,13,2,0,0	0,11,0,0,0	0,0,0,0,3,0,0,0,0,0,46,0,0,0,43,10	0,0,0,0,24,0,0,0,0,0,58,0,0,0,46,29	173	149	1
6448	0,1336,0,0,2	0,209,0,0,0	0,0,0,0,466,0,0,0,0,0,2892,0,0,0,532,77	0,0,0,0,87,0,0,0,0,0,144,0,0,0,32,17	211	149	1
6449	0,53,0,0,0	0,20,0,0,0	0,0,0,0,52,0,0,0,0,0,265,0,0,0,27,14	0,0,0,0,15,0,0,0,0,0,41,0,0,0,0,1	158	149	1
6450	0,540,0,0,0	0,0,0,0,0	0,0,0,0,459,0,0,0,0,0,1824,0,0,0,593,37	0,0,0,0,0,0,0,0,0,0,6,0,0,0,0,0	342	149	1
6451	0,239,0,0,0	0,3,0,0,0	0,0,0,0,233,0,0,0,0,0,316,0,0,0,8,6	0,0,0,0,0,0,0,0,0,0,3,0,0,0,0,2	192	149	1
6461	0,206,0,0,0	0,1420,0,0,0	0,0,0,0,153,0,0,0,0,0,39,0,0,0,55,2	0,0,0,0,1800,2,0,0,0,4,2932,0,0,0,1713,230	827	149	1
6462	0,14,0,0,0	0,1459,0,0,6	0,0,0,0,17,0,0,0,0,0,5,0,0,0,4,0	0,0,0,0,2503,2,0,6,2,0,3695,0,0,0,2151,357	153	149	1
6463	0,5,0,0,0	0,33,0,0,0	0,0,0,0,6,0,0,0,0,0,8,0,0,0,28,1	0,0,0,0,45,0,0,0,0,0,21,0,0,0,63,0	188	149	1
6464	0,0,0,0,0	0,21,0,0,0	0,0,0,0,0,0,0,0,0,0,0,0,0,0,0,2	0,0,0,0,50,0,0,0,0,0,26,0,0,0,91,21	273	149	1
6465	0,14,0,0,0	0,0,0,0,0	0,0,0,0,80,0,0,0,0,0,143,0,0,0,246,31	0,0,0,0,0,0,0,0,0,0,0,0,0,0,0,1	315	149	1
6467	0,100,0,0,0	0,0,0,0,0	0,0,0,0,243,2,0,2,0,0,63,0,0,0,215,59	0,0,0,0,0,0,0,0,0,0,11,0,0,0,0,2	3221	149	1
6469	0,100,0,0,0	0,12,0,0,0	0,0,0,0,253,2,0,2,0,0,63,0,0,0,220,59	0,0,0,0,10,0,0,0,0,0,13,0,0,0,6,0	3221	149	1
6470	0,100,0,0,0	0,12,0,0,0	0,0,0,0,217,0,0,2,0,0,58,0,0,0,162,59	0,0,0,0,10,0,0,0,0,0,13,0,0,0,6,0	2723	149	1
6474	0,122,0,0,0	0,34,0,0,0	0,0,0,0,113,0,0,0,0,0,172,0,0,0,88,7	0,0,0,0,100,0,0,0,0,0,48,0,0,0,20,5	152	149	1
6475	0,25,0,0,0	0,0,0,0,0	0,0,0,0,260,0,0,0,0,2,120,0,0,0,68,11	0,0,0,0,10,0,0,0,0,0,6,0,0,0,0,0	153	149	1
6476	0,4,0,0,0	0,0,0,0,0	0,0,0,0,30,0,0,0,0,0,7,0,0,0,0,3	0,0,0,0,0,0,0,0,0,0,2,0,0,0,0,0	230	149	1
6477	0,6,0,0,0	0,28,0,0,0	0,0,0,0,66,0,0,0,0,0,7,0,0,0,0,5	0,0,0,0,117,0,0,0,0,4,98,0,0,0,6,32	230	149	1
6478	0,0,0,0,0	0,36,0,0,0	0,0,0,0,0,0,0,0,0,0,0,0,0,0,2,0	0,0,0,0,119,0,0,0,0,0,86,0,0,0,89,9	202	149	1
6480	0,82,0,0,0	0,0,0,0,0	0,0,0,0,203,0,0,0,0,0,553,0,0,0,7,25	0,0,0,0,0,0,0,0,0,0,0,0,0,0,0,2	203	149	1
6485	0,2242,0,0,0	0,26,0,0,0	0,0,0,0,3836,0,0,0,0,0,4024,0,0,0,1710,125	0,0,0,0,58,0,0,0,0,0,62,0,0,0,39,1	175	149	1
6486	0,12,0,0,0	0,0,0,0,0	0,0,0,0,137,0,0,0,0,2,226,0,0,0,46,8	0,0,0,0,12,0,0,0,0,0,25,0,0,0,7,0	161	149	1
6487	0,45,0,0,0	0,12,0,0,0	0,0,0,0,171,0,0,2,0,0,74,0,0,0,135,19	0,0,0,0,35,0,2,0,0,0,28,0,0,0,64,3	1525	149	1
6489	0,89,0,0,0	0,0,0,0,0	0,0,0,0,337,0,0,0,0,0,259,0,0,0,59,10	0,0,0,0,12,0,0,0,0,0,0,0,0,0,0,0	158	149	1
6492	0,1,0,0,0	0,66,0,0,0	0,0,0,0,24,0,0,0,0,0,15,0,0,0,2,0	0,0,0,0,219,0,0,0,0,0,290,0,0,0,12,0	182	149	1
6494	0,29,0,0,0	0,49,0,0,0	0,0,0,0,0,0,0,0,0,0,6,0,0,0,0,2	0,0,0,0,103,0,0,0,0,0,223,0,0,0,0,5	291	149	1
6495	0,2,0,0,0	0,0,0,0,0	0,0,0,0,15,0,0,0,0,0,8,0,0,0,9,7	0,0,0,0,0,0,0,0,0,0,3,0,0,0,0,0	157	149	1
6498	0,23,0,0,0	0,162,2,0,0	0,0,0,0,65,0,0,0,0,0,51,0,0,0,96,16	0,0,0,0,87,0,0,0,0,0,144,0,0,0,145,55	152	149	1
6500	0,95,0,0,0	0,0,0,0,0	0,0,0,0,262,0,0,2,0,0,963,0,0,0,179,101	0,0,0,0,0,0,0,0,0,0,1,0,0,0,0,0	156	149	1
6501	0,80,0,0,0	0,0,0,0,0	0,0,0,0,105,0,0,0,0,2,631,0,0,0,111,14	0,0,0,0,0,0,0,0,0,0,53,0,0,0,2,2	176	149	1
6502	0,0,0,0,0	0,1,0,0,0	0,0,0,0,35,0,0,0,0,0,0,0,0,0,0,0	0,0,0,0,1326,0,0,0,0,0,0,0,0,0,0,0	164	149	1
6504	0,12,0,0,0	0,0,0,0,0	0,0,0,0,14,0,0,0,0,0,1,0,0,0,1,2	0,0,0,0,30,0,0,0,0,0,6,0,0,0,0,5	152	149	1
6505	0,26,0,0,0	0,0,0,0,0	0,0,0,0,99,0,0,0,0,0,91,0,0,0,0,10	0,0,0,0,24,0,0,0,0,0,9,0,0,0,0,0	190	149	1
6506	0,38,0,0,0	0,6,0,0,0	0,0,0,0,94,0,0,0,0,0,79,0,0,0,8,7	0,0,0,0,12,0,0,0,0,0,14,0,0,0,4,9	152	149	1
6507	0,46,0,0,2	0,0,0,0,0	0,0,0,0,141,0,0,0,0,2,296,0,0,0,100,74	0,0,0,0,0,0,0,0,0,0,0,0,0,0,0,4	343	149	1
6508	0,68,0,0,0	0,16,0,0,0	0,0,0,0,203,0,0,0,0,0,419,0,0,0,126,6	0,0,0,0,33,0,0,0,0,0,10,0,0,0,4,1	175	149	1
6509	0,21,0,0,0	0,39,0,0,0	0,0,0,0,157,0,0,0,0,0,150,0,0,0,72,10	0,0,0,0,116,0,0,0,0,0,79,0,0,0,65,7	152	149	1
6511	0,3,2,0,0	0,0,0,0,0	0,0,0,0,76,0,0,0,0,0,127,0,0,0,296,21	0,0,0,0,0,0,0,0,0,0,0,0,0,0,0,2	154	149	1
6513	0,57,0,0,0	0,4,0,0,0	0,0,0,0,155,0,0,0,0,0,135,0,0,0,89,5	0,0,0,0,18,0,0,0,0,0,9,0,0,0,0,0	219	149	1
6519	0,101,0,0,0	0,0,0,0,0	0,0,0,0,963,0,0,1,0,0,533,0,0,0,345,26	0,0,0,0,0,2,0,0,0,0,0,0,0,0,0,0	192	149	1
6520	0,25,0,0,0	0,0,0,0,0	0,0,0,0,169,0,0,0,0,0,276,0,0,0,0,18	0,0,0,0,0,0,0,0,0,0,1,0,0,0,0,0	232	149	1
6521	0,26,0,0,0	0,0,0,0,0	0,0,0,0,169,0,0,0,0,0,292,0,0,0,0,18	0,0,0,0,0,0,0,0,0,0,14,0,0,0,0,1	236	149	1
6522	0,1,0,0,0	0,0,0,0,0	0,0,0,0,0,0,0,0,0,0,17,0,0,0,0,0	0,0,0,0,0,0,0,0,0,0,14,0,0,0,0,1	153	149	1
6523	0,1,0,0,0	0,13,0,0,0	0,0,0,0,17,0,0,0,0,0,47,0,0,0,0,0	0,0,0,0,53,0,0,0,0,0,7,0,0,0,0,0	153	149	1
6524	0,8,0,0,0	0,81,0,0,0	0,0,0,0,0,0,0,0,0,0,13,0,0,0,0,5	0,0,0,0,164,0,0,0,0,0,579,0,0,0,13,8	164	149	1
6526	0,54,0,0,0	0,3,0,0,0	0,0,0,0,160,0,0,0,0,0,210,0,0,0,215,13	0,0,0,0,0,0,0,0,0,0,3,0,0,0,0,0	200	149	1
6527	0,4,0,0,0	0,39,0,0,0	0,0,0,0,2,0,0,0,0,0,3,0,0,0,21,1	0,0,0,0,155,0,0,0,0,0,176,0,0,0,199,11	214	149	1
6531	0,0,0,0,0	0,10,0,0,0	0,0,0,0,3,0,0,0,0,0,0,0,0,0,12,1	0,0,0,0,26,0,4,0,0,0,77,0,0,0,87,7	167	149	1
6535	0,20,0,0,0	0,2,0,0,0	0,0,0,0,18,0,0,0,0,2,90,0,0,0,168,2	0,0,0,0,0,0,0,0,0,0,1,0,0,0,3,0	154	149	1
6537	0,57,0,0,0	0,0,0,0,0	0,0,0,0,310,2,4,0,0,0,391,0,0,0,343,13	0,0,0,0,0,0,0,0,0,0,3,0,0,0,0,0	212	149	1
6538	0,112,0,0,2	0,26,0,0,0	0,0,0,0,396,0,0,0,0,0,371,0,0,0,161,18	0,0,0,0,96,0,0,0,0,0,52,0,0,0,11,2	155	149	1
6541	0,5,0,0,0	0,1,0,0,0	0,0,0,0,0,0,0,0,0,0,0,0,0,0,1,0	0,0,0,0,13,0,0,0,0,0,10,0,0,0,0,0	301	149	1
6542	0,14,0,0,0	0,107,0,0,2	0,0,0,0,99,0,0,0,0,0,6,0,0,0,4,7	0,0,0,0,26,0,0,1,0,0,68,0,0,0,41,19	233	149	1
6544	0,1049,0,0,0	0,106,0,0,0	0,0,0,0,135,0,0,0,0,0,88,0,0,0,47,2	0,0,0,0,0,0,0,2,0,0,0,0,0,0,21,0	303	149	1
6545	0,247,0,0,0	0,300,0,0,0	0,0,0,0,0,0,0,2,0,0,0,0,0,0,23,0	0,0,0,0,0,0,0,0,0,0,0,0,0,0,0,0	164	149	1
6546	0,25,0,0,0	0,62,0,0,0	0,0,0,0,0,0,0,2,0,0,0,0,0,0,0,0	0,0,0,0,0,0,0,0,0,0,0,0,0,0,0,0	164	149	1
6547	0,280,0,0,0	0,62,0,0,0	0,0,0,0,0,0,0,2,0,0,1,0,0,0,20,3	0,0,0,0,0,0,0,0,0,0,0,0,0,0,0,0	476	149	1
6548	0,263,0,0,0	0,8,0,0,0	0,0,0,0,0,0,0,0,0,0,1,0,0,0,20,3	0,0,0,0,0,0,0,0,0,0,0,0,0,0,0,0	461	149	1
6549	0,113,0,0,0	0,286,0,0,0	0,0,0,0,0,0,0,0,0,0,1,0,0,0,0,0	0,0,0,0,0,0,0,0,0,0,0,0,0,0,32,0	161	149	1
6550	0,10,0,0,0	0,0,0,0,0	0,0,0,0,352,4,0,0,0,4,444,0,0,0,688,30	0,0,0,0,0,0,0,0,0,0,12,0,0,0,6,2	153	149	1
6551	0,5,0,0,0	0,277,2,0,0	0,0,0,0,7,0,0,0,0,0,10,0,0,0,4,0	0,0,0,0,542,0,0,2,0,2,671,0,0,0,371,107	177	149	1
6552	0,0,0,0,0	0,19,2,0,0	0,0,0,0,0,0,0,0,0,0,7,0,0,0,41,4	0,0,0,0,9,0,0,0,0,0,45,0,0,0,94,16	153	149	1
6553	0,7,0,0,0	0,19,2,0,0	0,0,0,0,7,0,0,0,0,0,0,0,0,0,0,0	0,0,0,0,9,0,0,0,0,0,45,0,0,0,94,16	188	149	1
6554	0,7,0,0,0	0,0,0,0,0	0,0,0,0,7,0,0,0,0,0,0,0,0,0,0,0	0,0,0,0,0,0,0,0,0,0,7,0,0,0,41,4	184	149	1
6555	0,1,0,0,0	0,0,0,0,0	0,0,0,0,75,0,0,0,0,0,31,0,0,0,14,9	0,0,0,0,0,0,0,0,0,0,6,0,0,0,0,0	175	149	1
6557	0,0,0,0,0	0,16,0,0,2	0,0,0,0,0,0,0,0,0,0,13,0,0,0,5,3	0,0,0,0,126,0,0,0,0,0,222,0,0,0,270,55	178	149	1
6558	0,110,4,0,0	0,0,0,0,0	0,0,0,0,465,4,2,4,0,4,585,0,0,0,684,26	0,0,0,0,0,0,0,0,0,0,4,0,0,0,2,0	216	149	1
6559	0,8,2,0,0	0,17,0,0,0	0,0,0,0,23,0,0,0,0,0,14,0,0,0,7,4	0,0,0,0,14,0,0,0,0,0,6,0,0,0,2,0	203	149	1
6563	0,0,0,0,0	0,4,0,0,0	0,0,0,0,16,2,0,0,0,0,2,0,0,0,12,9	0,0,0,0,0,0,0,0,0,0,1,0,0,0,4,0	210	149	1
6566	0,8,0,0,0	0,9,0,0,0	0,0,0,0,67,0,0,0,0,0,97,0,0,0,54,9	0,0,0,0,39,0,0,0,0,0,122,0,0,0,21,7	152	149	1
6570	0,7,0,0,0	0,0,0,0,0	0,0,0,0,8,0,0,0,0,0,11,0,0,0,13,7	0,0,0,0,7,0,0,0,0,0,22,0,0,0,8,3	169	149	1
6580	0,4,0,0,0	0,14,0,0,0	0,0,0,0,47,0,0,0,0,0,49,0,0,0,14,12	0,0,0,0,14,0,0,0,0,0,28,0,0,0,10,1	159	149	1
6582	0,0,0,0,0	0,8,0,0,0	0,0,0,0,34,0,0,0,0,0,14,0,0,0,6,0	0,0,0,0,56,0,0,2,0,0,143,0,0,0,242,16	207	149	1
6583	0,0,0,0,0	0,27,0,0,0	0,0,0,0,7,0,0,0,0,0,0,0,0,0,8,4	0,0,0,0,94,0,0,0,0,0,9,0,0,0,32,15	225	149	1
6585	0,14,0,0,0	0,0,0,0,0	0,0,0,0,330,0,0,0,0,2,366,0,0,0,432,13	0,0,0,0,0,0,0,0,0,0,1,0,0,0,11,0	275	149	1
6586	0,6,0,0,0	0,0,0,0,0	0,0,0,0,63,0,0,0,0,0,88,0,0,0,94,1	0,0,0,0,0,0,0,0,0,0,1,0,0,0,11,0	217	149	1
6587	0,5,0,0,0	0,22,0,0,0	0,0,0,0,0,0,0,0,0,0,6,0,0,0,0,0	0,0,0,0,21,0,0,0,0,0,62,0,0,0,23,2	203	149	1
6588	0,7,0,0,0	0,21,0,0,0	0,0,0,0,3,0,0,0,0,0,10,0,0,0,0,0	0,0,0,0,46,0,0,0,0,0,67,0,0,0,21,2	169	149	1
6590	0,23,0,0,0	0,5,0,0,0	0,0,0,0,38,0,0,0,0,0,47,0,0,0,5,0	0,0,0,0,98,0,0,0,0,0,18,0,0,0,6,0	181	149	1
6591	0,23,0,0,0	0,0,0,0,0	0,0,0,0,38,0,0,0,0,0,47,0,0,0,5,0	0,0,0,0,0,0,0,0,0,0,4,0,0,0,0,0	184	149	1
6592	0,5,0,0,0	0,0,0,0,0	0,0,0,0,98,0,0,0,0,0,18,0,0,0,6,0	0,0,0,0,0,0,0,0,0,0,4,0,0,0,0,0	152	149	1
6593	0,38,0,0,0	0,105,0,0,0	0,0,0,0,21,0,0,0,0,0,0,0,0,0,11,1	0,0,0,0,42,0,0,0,0,0,18,0,0,0,1,1	187	149	1
6594	0,33,0,0,0	0,1,0,0,0	0,0,0,0,21,0,0,0,0,0,2,0,0,0,12,1	0,0,0,0,0,0,0,0,0,0,0,0,0,0,0,0	187	149	1
6596	0,13,0,0,0	0,13,0,0,0	0,0,0,0,38,0,0,0,0,0,1,0,0,0,2,5	0,0,0,0,20,0,0,0,0,0,45,0,0,0,94,26	170	149	1
6597	0,13,0,0,0	0,11,0,0,0	0,0,0,0,38,0,0,0,0,0,4,0,0,0,13,6	0,0,0,0,65,0,0,0,0,0,29,0,0,0,64,9	173	149	1
6598	0,13,0,0,0	0,11,0,0,0	0,0,0,0,20,0,0,0,0,0,48,0,0,0,105,27	0,0,0,0,65,0,0,0,0,0,29,0,0,0,64,9	152	149	1
6600	0,4,0,0,0	0,0,0,0,0	0,0,0,0,0,2,0,0,0,0,2,0,0,0,4,1	0,0,0,0,0,0,0,0,0,0,1,0,0,0,0,0	152	149	1
6603	0,6,0,0,0	0,23,0,0,0	0,0,0,0,30,0,0,0,0,0,10,0,0,0,6,4	0,0,0,0,51,0,0,0,0,0,142,0,0,0,29,0	227	149	1
6616	0,19,0,0,0	0,174,2,0,0	0,0,0,0,12,0,0,0,0,0,24,0,0,0,35,12	0,0,0,0,513,0,0,3,4,0,456,0,0,0,505,91	236	149	1
6622	0,0,0,0,0	0,5,0,0,0	0,0,0,0,9,0,0,0,0,0,0,0,0,0,0,3	0,0,0,0,25,0,0,0,0,0,1,0,0,0,12,17	159	149	1
6623	0,30,0,0,0	0,16,0,0,0	0,0,0,0,0,0,0,0,0,0,25,0,0,0,32,16	0,0,0,0,35,2,0,0,0,0,51,0,0,0,53,7	209	149	1
6624	0,8,0,0,0	0,0,0,0,0	0,0,0,0,157,0,0,0,0,0,68,0,0,0,68,20	0,0,0,0,9,0,0,0,0,0,11,0,0,0,0,0	154	149	1
6625	0,6,0,0,0	0,10,0,0,0	0,0,0,0,26,0,0,0,0,0,18,0,0,0,16,6	0,0,0,0,119,0,0,0,0,0,92,0,0,0,47,11	268	149	1
6626	0,866,0,0,0	0,2,0,0,0	0,0,0,0,2908,2,0,6,0,0,3251,0,0,0,2139,34	0,0,0,0,0,0,0,0,0,0,0,0,0,0,0,0	160	149	1
6627	0,0,0,0,0	0,0,2,0,0	0,0,0,0,0,0,0,0,0,0,2,0,0,0,0,2	0,0,0,0,37,0,0,0,0,0,94,0,0,0,143,9	167	149	1
6628	0,0,4,0,0	0,0,0,0,0	0,0,0,0,0,0,0,0,0,0,75,0,0,0,172,3	0,0,0,0,0,0,0,0,0,0,3,0,0,0,17,0	183	149	1
6630	0,23,0,0,0	0,48,0,0,0	0,0,0,0,47,0,0,0,0,0,67,0,0,0,50,15	0,0,0,0,129,0,0,0,0,0,179,0,0,0,31,59	152	149	1
6638	0,1189,4,0,0	0,2,0,0,0	0,0,0,0,2085,8,2,6,0,0,1048,0,0,0,1437,157	0,0,0,0,0,0,0,0,0,0,0,0,0,0,0,0	151	149	1
6639	0,108,8,0,0	0,14,0,0,0	0,0,0,0,675,8,0,5,0,2,87,0,0,0,1090,69	0,0,0,0,27,0,0,0,0,0,10,0,0,0,1,2	838	149	1
6641	0,115,0,0,2	0,0,0,0,0	0,0,0,0,542,2,0,0,2,0,306,0,0,0,149,62	0,0,0,0,7,0,0,0,0,0,1,0,0,0,2,0	152	149	1
6646	0,16,0,0,0	0,191,0,0,4	0,0,0,0,46,0,0,0,0,0,20,0,0,0,2,9	0,0,0,0,220,0,0,0,0,0,224,0,0,0,150,56	164	149	1
6648	0,236,0,0,0	0,5,0,0,0	0,0,0,0,1213,0,0,2,0,2,1257,0,0,0,778,34	0,0,0,0,0,0,0,0,0,0,10,0,0,0,8,0	158	149	1
6651	0,34044,62,0,39	0,9,1,0,0	0,0,0,0,130253,58,47,38,112,83,41015,0,0,0,8537,951	0,0,0,0,111,0,0,0,0,0,14,0,0,0,3,0	156	149	1
6655	0,9,0,0,0	0,207,0,0,0	0,0,0,0,29,0,0,0,0,0,11,0,0,0,21,2	0,0,0,0,415,0,0,0,0,2,1027,0,0,0,287,3	238	149	1
6656	0,9,0,0,0	0,5,0,0,0	0,0,0,0,29,0,0,0,0,0,12,0,0,0,25,2	0,0,0,0,27,0,0,0,0,0,188,0,0,0,14,1	238	149	1
6657	0,340,1,0,0	0,5,0,0,0	0,0,0,0,1309,0,2,0,4,0,2247,0,0,0,485,17	0,0,0,0,27,0,0,0,0,0,188,0,0,0,14,1	517	149	1
6658	0,331,1,0,0	0,0,0,0,0	0,0,0,0,1280,0,2,0,4,0,2236,0,0,0,464,15	0,0,0,0,0,0,0,0,0,0,1,0,0,0,4,0	428	149	1
6660	0,6,0,0,0	0,34,0,0,0	0,0,0,0,0,0,0,0,0,0,17,0,0,0,9,0	0,0,0,0,57,0,0,2,0,0,156,0,0,0,326,10	173	149	1
6661	0,3,0,0,0	0,0,0,0,0	0,0,0,0,428,0,0,0,0,0,133,0,0,0,21,0	0,0,0,0,0,0,0,0,0,0,1,0,0,0,0,0	182	149	1
6662	0,38,0,0,0	0,1,0,0,0	0,0,0,0,78,0,0,0,0,0,139,0,0,0,6,0	0,0,0,0,0,0,0,0,0,0,20,0,0,0,0,0	209	149	1
6663	0,43,0,0,0	0,0,0,0,0	0,0,0,0,0,0,0,0,0,0,9,0,0,0,0,0	0,0,0,0,22,0,0,0,0,0,2,0,0,0,0,0	204	149	1
6664	0,5,0,0,0	0,6,0,0,0	0,0,0,0,0,0,0,0,0,0,1,0,0,0,0,0	0,0,0,0,0,0,0,0,0,0,0,0,0,0,0,0	376	149	1
6665	0,16,0,0,0	0,0,0,0,0	0,0,0,0,154,0,0,0,0,0,8,0,0,0,20,3	0,0,0,0,23,0,0,0,0,0,5,0,0,0,0,0	185	149	1
6666	0,4,0,0,0	0,33,0,0,0	0,0,0,0,16,0,0,0,0,0,20,0,0,0,5,9	0,0,0,0,39,0,0,0,0,0,86,0,0,0,94,27	1597	149	1
6667	0,48,0,0,0	0,0,0,0,0	0,0,0,0,61,0,0,0,0,0,149,0,0,0,46,83	0,0,0,0,0,0,0,0,0,0,0,0,0,0,0,2	154	149	1
6668	0,0,0,0,0	0,26,0,0,0	0,0,0,0,0,0,0,0,0,0,0,0,0,0,0,1	0,0,0,0,38,0,0,0,0,0,65,0,0,0,86,14	226	149	1
6669	0,33,0,0,0	0,14,0,0,0	0,0,0,0,81,0,0,0,0,0,122,0,0,0,55,3	0,0,0,0,40,0,0,0,0,0,40,0,0,0,28,1	152	149	1
6671	0,23,0,0,0	0,0,0,0,0	0,0,0,0,18,0,0,0,0,0,0,0,0,0,0,0	0,0,0,0,0,0,0,0,0,0,8,0,0,0,0,0	174	149	1
6672	0,2,0,0,0	0,0,0,0,0	0,0,0,0,18,0,0,0,0,0,8,0,0,0,19,11	0,0,0,0,5,0,0,0,0,0,0,0,0,0,5,1	152	149	1
6673	0,0,0,0,0	0,10,0,0,0	0,0,0,0,64,0,0,0,0,0,17,0,0,0,0,0	0,0,0,0,357,0,0,0,0,0,254,0,0,0,17,0	205	149	1
6674	0,60,0,0,0	0,1141,2,0,19	0,0,0,0,157,0,0,0,0,0,161,0,0,0,54,3	0,0,0,0,7612,2,0,10,12,26,9082,0,0,0,4210,599	158	149	1
6675	0,1,0,0,0	0,161,0,0,0	0,0,0,0,0,0,0,0,0,0,0,0,0,0,2,1	0,0,0,0,448,0,0,0,2,0,184,0,0,0,261,20	177	149	1
6676	0,91,0,0,2	0,3,0,0,0	0,0,0,0,495,0,0,0,0,0,196,0,0,0,329,9	0,0,0,0,5,0,0,0,0,0,2,0,0,0,0,0	179	149	1
6677	0,34,0,0,0	0,3,0,0,0	0,0,0,0,160,0,0,0,0,0,39,0,0,0,68,1	0,0,0,0,5,0,0,0,0,0,2,0,0,0,0,0	203	149	1
6678	0,0,0,0,0	0,57,0,0,2	0,0,0,0,12,0,0,0,0,0,4,0,0,0,7,1	0,0,0,0,347,0,0,0,0,0,161,0,0,0,268,9	173	149	1
6679	0,4,0,0,0	0,0,0,0,0	0,0,0,0,0,0,0,0,0,0,2,0,0,0,1,2	0,0,0,0,18,0,0,0,0,0,11,0,0,0,0,0	196	149	1
6680	0,4,0,0,0	0,0,0,0,0	0,0,0,0,0,0,0,0,0,0,2,0,0,0,1,6	0,0,0,0,0,0,0,0,0,0,0,0,0,0,0,2	196	149	1
6681	0,48,2,0,0	0,11,0,0,0	0,0,0,0,133,2,0,0,0,2,69,0,0,0,344,42	0,0,0,0,76,0,0,0,0,0,30,0,0,0,55,11	161	149	1
6682	0,63,0,0,0	0,4,0,0,0	0,0,0,0,244,2,2,0,0,0,106,0,0,0,363,20	0,0,0,0,0,0,0,0,0,0,0,0,0,0,0,1	153	149	1
6685	0,7,0,0,0	0,19,0,0,0	0,0,0,0,0,0,0,0,0,0,4,0,0,0,4,0	0,0,0,0,69,0,0,0,0,0,284,0,0,0,50,3	209	149	1
6688	0,1059,22,0,8	0,0,0,0,0	0,0,0,0,1623,0,0,4,0,2,1618,0,0,0,2279,52	0,0,0,0,0,0,0,0,0,0,1,0,0,0,0,0	331	149	1
6689	0,177,8,0,0	0,10,0,0,0	0,0,0,0,130,0,2,0,0,0,132,0,0,0,266,1	0,0,0,0,7,0,0,0,0,0,5,0,0,0,0,0	167	149	1
6691	0,2487,37,0,8	0,0,0,0,0	0,0,0,0,1758,4,2,8,2,2,1827,0,0,0,2218,43	0,0,0,0,0,0,0,0,0,0,1,0,0,0,0,0	2828	149	1
6693	0,10,0,0,0	0,25,0,0,0	0,0,0,0,43,0,0,0,0,0,0,0,0,0,1,0	0,0,0,0,116,0,0,0,0,0,40,0,0,0,10,6	241	149	1
6694	0,12,0,0,0	0,0,0,0,0	0,0,0,0,0,4,0,0,0,0,0,0,0,0,17,6	0,0,0,0,0,0,0,0,0,0,2,0,0,0,7,1	224	149	1
6705	0,0,0,0,0	0,15,0,0,0	0,0,0,0,0,0,0,0,0,0,0,0,0,0,2,1	0,0,0,0,23,0,0,0,0,0,12,0,0,0,22,2	282	149	1
6706	0,31,0,0,0	0,0,0,0,0	0,0,0,0,134,0,0,0,0,0,246,0,0,0,434,6	0,0,0,0,12,0,0,0,0,0,12,0,0,0,11,0	152	149	1
6707	0,1,0,0,0	0,0,0,0,0	0,0,0,0,0,0,0,0,0,0,0,0,0,0,0,0	0,0,0,0,2,0,0,0,0,0,0,0,0,0,0,2	231	149	1
6710	0,57,0,0,0	0,2,0,0,0	0,0,0,0,0,0,0,0,0,0,0,0,0,0,0,0	0,0,0,0,0,0,0,0,0,0,0,0,0,0,2,0	152	149	1
6712	0,0,0,0,0	0,6,0,0,0	0,0,0,0,0,0,0,0,0,0,3,0,0,0,9,2	0,0,0,0,47,4,0,2,0,0,52,0,0,0,226,51	229	149	1
6713	0,0,0,0,0	0,5,0,0,0	0,0,0,0,45,2,0,2,0,0,24,0,0,0,101,5	0,0,0,0,0,0,0,0,0,0,0,0,0,0,4,0	152	149	1
6716	0,223,2,0,0	0,4,0,0,0	0,0,0,0,736,0,0,0,0,0,18,0,0,0,0,19	0,0,0,0,10,0,0,0,0,0,0,0,0,0,0,3	191	149	1
6717	0,51,0,0,0	0,0,0,0,0	0,0,0,0,340,0,0,2,0,2,253,0,0,0,552,76	0,0,0,0,0,0,0,0,0,0,5,0,0,0,10,3	213	149	1
6718	0,0,0,0,0	0,23,4,0,0	0,0,0,0,6,0,0,0,0,0,1,0,0,0,3,0	0,0,0,0,138,0,0,2,0,0,175,0,0,0,260,6	211	149	1
6719	0,91,0,0,0	0,0,0,0,0	0,0,0,0,166,2,0,0,0,0,266,0,0,0,334,73	0,0,0,0,0,0,0,0,0,0,4,0,0,0,6,0	158	149	1
6722	0,10,0,0,0	0,34,0,0,0	0,0,0,0,0,0,0,0,0,0,3,0,0,0,0,0	0,0,0,0,127,0,0,2,0,0,150,0,0,0,27,6	152	149	1
6723	0,125,0,0,0	0,0,0,0,0	0,0,0,0,443,0,0,0,0,0,335,0,0,0,5,24	0,0,0,0,0,0,0,0,0,0,10,0,0,0,0,0	241	149	1
6724	0,0,0,0,0	0,8,0,0,0	0,0,0,0,0,0,0,0,0,2,0,0,0,0,15,0	0,0,0,0,0,0,0,0,0,0,7,0,0,0,1,0	331	149	1
6726	0,28,0,0,0	0,0,0,0,0	0,0,0,0,152,0,0,0,0,0,44,0,0,0,36,28	0,0,0,0,0,0,0,0,0,0,0,0,0,0,0,2	223	149	1
6727	0,0,0,0,0	0,2,0,0,0	0,0,0,0,0,0,0,0,0,0,0,0,0,0,8,0	0,0,0,0,0,0,0,0,0,0,3,0,0,0,1,1	152	149	1
6728	0,9,0,0,0	0,0,0,0,0	0,0,0,0,105,0,0,0,0,0,0,0,0,0,0,0	0,0,0,0,2,0,0,0,0,0,0,0,0,0,0,0	176	149	1
6729	0,15,0,0,0	0,107,0,0,0	0,0,0,0,10,0,0,0,2,0,3,0,0,0,62,12	0,0,0,0,182,0,0,0,2,0,121,0,0,0,199,104	207	149	1
6732	0,0,0,0,0	0,11,0,0,0	0,0,0,0,10,0,0,0,0,0,0,0,0,0,0,0	0,0,0,0,208,0,0,0,0,0,106,0,0,0,79,4	224	149	1
6735	0,0,0,0,0	0,7,0,0,0	0,0,0,0,2,0,0,0,0,0,3,0,0,0,12,0	0,0,0,0,176,0,0,0,0,0,82,0,0,0,50,7	235	149	1
6738	0,0,0,0,0	0,9,0,0,2	0,0,0,0,30,2,0,0,0,0,0,0,0,0,75,1	0,0,0,0,131,0,0,0,0,0,66,0,0,0,308,8	1162	149	1
6739	0,3,0,0,0	0,6,0,0,2	0,0,0,0,22,0,0,0,0,0,14,0,0,0,102,2	0,0,0,0,0,0,0,0,0,2,23,0,0,0,91,5	178	149	1
6746	0,10,0,0,0	0,12,0,0,0	0,0,0,0,0,0,0,0,0,0,15,0,0,0,44,8	0,0,0,0,31,0,0,0,0,0,84,0,0,0,60,9	687	149	1
6748	0,3,2,0,0	0,3,0,0,0	0,0,0,0,25,0,0,0,0,0,2,0,0,0,6,2	0,0,0,0,169,0,0,0,0,0,35,0,0,0,27,20	847	149	1
6749	0,17,0,0,0	0,7,0,0,0	0,0,0,0,34,2,0,0,0,0,149,0,0,0,256,24	0,0,0,0,25,0,0,0,0,0,63,0,0,0,74,13	173	149	1
6750	0,9,0,0,0	0,0,0,0,0	0,0,0,0,206,0,2,2,0,0,119,0,0,0,328,15	0,0,0,0,0,0,0,0,0,0,2,0,0,0,8,3	154	149	1
6751	0,0,0,0,0	0,8,0,0,0	0,0,0,0,0,0,0,0,0,0,0,0,0,0,2,0	0,0,0,0,22,0,0,0,0,0,19,0,0,0,11,0	199	149	1
6752	0,9,0,0,0	0,80,0,0,0	0,0,0,0,11,0,0,0,0,0,5,0,0,0,17,0	0,0,0,0,417,2,0,2,0,0,837,0,0,0,678,16	276	149	1
6753	0,17,0,0,0	0,80,0,0,0	0,0,0,0,33,0,0,0,0,0,24,0,0,0,26,0	0,0,0,0,417,2,0,2,0,0,837,0,0,0,678,16	226	149	1
6754	0,0,0,0,2	0,0,0,0,0	0,0,0,0,0,0,0,0,0,0,0,0,0,0,9,9	0,0,0,0,0,0,0,0,0,0,0,0,0,0,3,3	153	149	1
6756	0,13,0,0,0	0,84,0,0,0	0,0,0,0,8,0,0,0,0,0,23,0,0,0,0,2	0,0,0,0,56,0,0,0,0,0,100,0,0,0,1,27	278	149	1
6757	0,0,0,0,0	0,81,0,0,0	0,0,0,0,3,0,0,0,0,0,21,0,0,0,10,0	0,0,0,0,158,0,0,0,0,0,91,0,0,0,0,12	272	149	1
6758	0,0,0,0,0	0,5,0,0,0	0,0,0,0,24,0,0,0,0,0,0,0,0,0,0,1	0,0,0,0,0,0,0,0,0,0,7,0,0,0,0,0	293	149	1
6760	0,94,0,0,0	0,0,0,0,0	0,0,0,0,79,0,0,0,0,0,107,0,0,0,0,28	0,0,0,0,0,0,0,0,0,0,15,0,0,0,0,1	342	149	1
6761	0,1738,0,0,0	0,0,0,0,0	0,0,0,0,778,0,0,3,0,0,1809,0,0,0,17,110	0,0,0,0,0,0,0,0,0,0,15,0,0,0,0,1	594	149	1
6762	0,1691,0,0,0	0,0,0,0,0	0,0,0,0,699,0,0,3,0,0,1765,0,0,0,17,82	0,0,0,0,0,0,0,0,0,0,2,0,0,0,0,0	401	149	1
6763	0,5,0,0,0	0,48,0,0,0	0,0,0,0,7,0,0,0,0,0,0,0,0,0,0,0	0,0,0,0,595,0,0,0,0,0,224,0,0,0,94,1	189	149	1
6783	0,1,0,0,0	0,23,0,0,0	0,0,0,0,43,0,0,0,0,0,54,0,0,0,59,20	0,0,0,0,200,0,0,0,0,0,153,0,0,0,94,76	167	149	1
6784	0,66,0,0,4	0,0,0,0,0	0,0,0,0,279,0,2,0,0,0,369,0,0,0,378,44	0,0,0,0,0,0,0,0,0,0,0,0,0,0,6,0	156	149	1
6785	0,84,6,0,0	0,0,0,0,0	0,0,0,0,312,2,2,2,0,4,414,0,0,0,389,33	0,0,0,0,0,0,0,0,0,0,2,0,0,0,5,2	151	149	1
6786	0,0,0,0,0	0,63,4,0,0	0,0,0,0,0,0,0,0,0,0,6,0,0,0,16,3	0,0,0,0,400,0,0,2,0,0,419,0,0,0,356,25	187	149	1
6788	0,120,0,0,0	0,34,0,0,0	0,0,0,0,394,2,0,2,0,2,312,0,0,0,305,6	0,0,0,0,210,0,0,0,0,0,145,0,0,0,111,3	152	149	1
6791	0,132,0,0,0	0,336,4,0,4	0,0,0,0,652,0,0,2,0,0,367,0,0,0,477,82	0,0,0,0,1131,0,0,12,2,2,1338,0,0,0,928,278	194	149	1
6792	0,218,0,0,0	0,104,0,0,0	0,0,0,0,721,0,0,0,0,0,828,0,0,0,490,55	0,0,0,0,850,0,0,0,0,2,702,0,0,0,522,56	167	149	1
6795	0,10,0,0,0	0,0,0,0,0	0,0,0,0,0,0,0,0,0,0,83,0,0,0,6,5	0,0,0,0,0,0,0,0,0,0,5,0,0,0,0,0	212	149	1
6796	0,1421,2,0,0	0,7,0,0,0	0,0,0,0,323,0,0,2,2,2,718,0,0,0,928,46	0,0,0,0,0,0,0,0,0,0,12,0,0,0,16,0	257	149	1
6801	0,0,0,0,0	0,2,0,0,0	0,0,0,0,1148,0,0,0,0,0,1,0,0,0,0,0	0,0,0,0,1385,0,0,0,0,0,0,0,0,0,0,0	152	149	1
6804	0,11,0,0,0	0,220,0,0,0	0,0,0,0,0,0,0,0,0,0,1,0,0,0,0,0	0,0,0,0,149,0,0,0,0,0,8,0,0,0,64,1	231	149	1
6808	0,11,0,0,0	0,160,0,0,0	0,0,0,0,2,0,0,0,0,0,3,0,0,0,10,0	0,0,0,0,248,0,0,0,0,0,168,0,0,0,32,38	530	149	1
6810	0,80,0,0,0	0,0,0,0,0	0,0,0,0,39,0,0,0,0,0,37,0,0,0,6,1	0,0,0,0,32,0,0,0,0,0,15,0,0,0,1,1	152	149	1
6814	0,6,0,0,0	0,9,0,0,0	0,0,0,0,16,0,0,0,0,0,0,0,0,0,0,0	0,0,0,0,17,0,0,0,0,0,6,0,0,0,0,0	169	149	1
6815	0,37,0,0,0	0,6,0,0,0	0,0,0,0,38,0,0,0,0,0,31,0,0,0,15,0	0,0,0,0,41,0,0,0,0,0,15,0,0,0,0,0	253	149	1
6819	0,6,0,0,0	0,0,0,0,0	0,0,0,0,153,0,0,0,0,0,31,0,0,0,21,5	0,0,0,0,0,0,0,2,0,0,3,0,0,0,0,1	218	149	1
6820	0,14,0,0,0	0,0,0,0,0	0,0,0,0,129,0,0,0,0,0,86,0,0,0,66,8	0,0,0,0,0,0,0,2,0,0,3,0,0,0,0,1	221	149	1
6821	0,8,0,0,0	0,0,0,0,0	0,0,0,0,56,0,0,0,0,0,60,0,0,0,45,3	0,0,0,0,80,0,0,0,0,0,5,0,0,0,0,0	152	149	1
6823	0,3,0,0,0	0,0,0,0,0	0,0,0,0,42,0,0,0,0,0,42,0,0,0,48,1	0,0,0,0,17,0,0,0,0,0,14,0,0,0,5,0	217	149	1
6824	0,11,0,0,0	0,0,0,0,0	0,0,0,0,47,0,0,0,0,0,65,0,0,0,73,8	0,0,0,0,17,0,0,0,0,0,14,0,0,0,5,0	220	149	1
6825	0,8,0,0,0	0,0,0,0,0	0,0,0,0,8,0,0,0,0,0,36,0,0,0,38,7	0,0,0,0,3,0,0,0,0,0,13,0,0,0,13,0	152	149	1
6827	0,0,0,0,0	0,2,0,0,0	0,0,0,0,0,0,0,0,0,0,3,0,0,0,39,4	0,0,0,0,8,0,2,0,0,0,30,0,0,0,217,28	152	149	1
6828	0,5,0,0,0	0,0,0,0,0	0,0,0,0,14,0,0,0,0,0,0,0,0,0,0,0	0,0,0,0,0,0,0,0,0,0,8,0,0,0,0,2	198	149	1
6837	0,0,0,0,0	0,6,0,0,0	0,0,0,0,15,0,0,0,0,0,2,0,0,0,0,2	0,0,0,0,0,0,0,0,0,0,3,0,0,0,0,0	439	149	1
6841	0,0,0,0,0	0,9,2,0,0	0,0,0,0,8,0,0,0,0,0,1,0,0,0,10,0	0,0,0,0,63,2,0,0,0,0,62,0,0,0,56,21	205	149	1
6851	0,8,0,0,0	0,0,0,0,0	0,0,0,0,26,0,0,0,0,0,21,0,0,0,0,3	0,0,0,0,0,0,0,0,0,0,4,0,0,0,0,0	153	149	1
6854	0,142,2,0,0	0,13,0,0,0	0,0,0,0,263,0,0,0,0,0,170,0,0,0,52,18	0,0,0,0,3,0,0,0,0,0,15,0,0,0,0,6	170	149	1
6855	0,4190,0,0,0	0,15,0,0,0	0,0,0,0,1895,2,0,0,0,2,1733,0,0,0,705,159	0,0,0,0,0,0,0,0,0,0,38,0,0,0,18,1	212	149	1
6864	0,22,0,0,0	0,3,0,0,0	0,0,0,0,73,0,0,0,0,0,48,0,0,0,97,22	0,0,0,0,0,0,0,0,0,0,4,0,0,0,9,4	154	149	1
6865	0,0,0,0,0	0,12,0,0,0	0,0,0,0,20,0,0,0,0,0,0,0,0,0,0,0	0,0,0,0,142,0,0,0,0,0,47,0,0,0,46,2	172	149	1
6866	0,49,0,0,0	0,0,0,0,0	0,0,0,0,171,0,0,0,0,0,52,0,0,0,83,2	0,0,0,0,0,0,0,0,0,0,0,0,0,0,0,1	331	149	1
6867	0,4,0,0,0	0,0,0,0,0	0,0,0,0,17,0,0,0,0,0,11,0,0,0,62,4	0,0,0,0,31,0,0,0,0,0,0,0,0,0,4,0	215	149	1
6869	0,0,0,0,0	0,3,0,0,0	0,0,0,0,105,0,0,2,2,0,148,0,0,0,178,51	0,0,0,0,10,0,0,0,0,0,10,0,0,0,0,3	199	149	1
6870	0,1,0,0,0	0,0,0,0,0	0,0,0,0,185,4,0,2,2,0,255,0,0,0,396,88	0,0,0,0,0,0,0,0,0,0,3,0,0,0,0,0	328	149	1
6871	0,4,0,0,0	0,0,0,0,0	0,0,0,0,90,4,0,0,0,0,117,0,0,0,225,40	0,0,0,0,0,0,0,0,0,0,3,0,0,0,0,0	278	149	1
6877	0,0,0,0,0	0,17,0,0,0	0,0,0,0,21,0,0,0,0,0,0,0,0,0,0,0	0,0,0,0,197,0,0,0,0,0,68,0,0,0,48,6	277	149	1
6881	0,3,0,0,2	0,0,0,0,0	0,0,0,0,185,0,0,0,0,0,101,0,0,0,7,9	0,0,0,0,8,0,0,0,0,0,0,0,0,0,0,0	259	149	1
6882	0,1,0,0,0	0,2,0,0,0	0,0,0,0,0,0,0,0,0,0,16,0,0,0,0,0	0,0,0,0,221,0,0,0,0,0,97,0,0,0,51,9	167	149	1
6883	0,2,0,0,0	0,66,2,0,2	0,0,0,0,6,0,0,0,0,0,14,0,0,0,0,3	0,0,0,0,534,2,0,4,0,0,683,0,0,0,1449,99	169	149	1
6884	0,41,0,0,0	0,0,0,0,0	0,0,0,0,75,0,0,0,0,0,38,0,0,0,72,6	0,0,0,0,17,2,0,0,0,0,3,0,0,0,8,0	197	149	1
6885	0,11,0,0,0	0,32,0,0,0	0,0,0,0,19,0,0,0,0,0,6,0,0,0,3,0	0,0,0,0,74,0,0,0,0,0,36,0,0,0,59,0	200	149	1
6892	0,58,0,0,0	0,0,0,0,0	0,0,0,0,266,0,0,0,0,0,161,0,0,0,10,21	0,0,0,0,0,0,0,0,0,0,8,0,0,0,0,0	209	149	1
6894	0,18,0,0,0	0,0,0,0,0	0,0,0,0,182,0,0,0,0,0,111,0,0,0,56,32	0,0,0,0,0,0,0,0,0,0,25,0,0,0,12,5	176	149	1
6897	0,0,0,0,0	0,10,0,0,0	0,0,0,0,0,0,0,0,0,0,1,0,0,0,6,0	0,0,0,0,77,2,0,0,0,0,98,0,0,0,250,8	169	149	1
6898	0,0,0,0,0	0,23,0,0,0	0,0,0,0,9,0,0,0,0,0,0,0,0,0,0,0	0,0,0,0,36,0,0,0,0,2,62,0,0,0,284,11	168	149	1
6901	0,3,0,0,0	0,10,0,0,0	0,0,0,0,43,0,0,0,0,0,30,0,0,0,26,2	0,0,0,0,0,0,0,0,0,0,1,0,0,0,5,0	170	149	1
6902	0,0,0,0,0	0,24,0,0,0	0,0,0,0,23,0,0,0,0,0,3,0,0,0,4,0	0,0,0,0,31,0,0,0,0,0,59,0,0,0,115,6	168	149	1
6903	0,13,0,0,0	0,0,0,0,0	0,0,0,0,179,0,0,0,0,0,91,0,0,0,80,12	0,0,0,0,0,0,0,0,0,0,2,0,0,0,0,0	186	149	1
6905	0,8,0,0,0	0,178,0,0,0	0,0,0,0,5,0,0,0,0,0,3,0,0,0,0,2	0,0,0,0,238,0,0,0,0,0,299,0,0,0,47,67	294	149	1
6906	0,5,0,0,0	0,0,0,0,0	0,0,0,0,12,0,0,0,0,0,17,0,0,0,11,0	0,0,0,0,0,0,0,0,0,0,0,0,0,0,0,1	154	149	1
6909	0,1754,8,0,2	0,12,0,0,0	0,0,0,0,3567,6,6,16,2,2,6356,0,0,0,5363,2105	0,0,0,0,0,0,0,0,0,0,1,0,0,0,0,1	1198	149	1
6910	0,21,0,0,0	0,0,0,0,0	0,0,0,0,266,0,0,0,2,0,367,0,0,0,62,43	0,0,0,0,0,0,0,0,0,0,5,0,0,0,0,0	1242	149	1
6911	0,0,0,0,0	0,11,0,0,0	0,0,0,0,0,0,0,0,0,0,1,0,0,0,10,0	0,0,0,0,13,0,0,0,0,0,30,0,0,0,20,5	194	149	1
6912	0,69,0,0,0	0,0,0,0,0	0,0,0,0,206,0,0,0,2,2,148,0,0,0,119,49	0,0,0,0,0,0,0,0,0,0,0,0,0,0,0,3	1112	149	1
6913	0,1862,0,0,0	0,5,0,0,0	0,0,0,0,1900,0,0,5,2,2,3499,0,0,0,1234,1163	0,0,0,0,0,0,0,0,0,0,35,0,0,0,8,1	387	149	1
6914	0,154,0,0,0	0,11,0,0,0	0,0,0,0,142,0,0,0,2,0,99,0,0,0,114,25	0,0,0,0,0,0,0,0,0,0,0,0,0,0,0,0	296	149	1
6915	0,18,0,0,0	0,203,0,0,0	0,0,0,0,46,0,0,0,0,0,49,0,0,0,22,6	0,0,0,0,259,0,0,0,0,0,308,0,0,0,105,33	161	149	1
6919	0,2,0,0,0	0,20,0,0,0	0,0,0,0,0,0,0,0,0,0,3,0,0,0,0,0	0,0,0,0,129,0,0,0,0,0,73,0,0,0,117,40	164	149	1
6920	0,8,0,0,0	0,0,0,0,0	0,0,0,0,8,0,6,0,0,0,61,0,0,0,96,35	0,0,0,0,0,0,0,0,0,0,0,0,0,0,7,0	152	149	1
6921	0,0,0,0,0	0,2,0,0,0	0,0,0,0,6,0,0,0,0,0,2,0,0,0,1,0	0,0,0,0,35,2,0,0,0,0,27,0,0,0,162,18	164	149	1
6922	0,98,0,0,0	0,0,0,0,0	0,0,0,0,282,0,0,0,0,0,1043,0,0,0,395,32	0,0,0,0,5,0,0,0,0,0,2,0,0,0,0,0	154	149	1
6923	0,12,0,0,0	0,0,0,0,0	0,0,0,0,146,0,0,0,0,0,199,0,0,0,246,35	0,0,0,0,0,0,0,0,0,0,1,0,0,0,0,0	163	149	1
6924	0,14,0,0,0	0,15,0,0,0	0,0,0,0,177,0,0,0,0,0,11,0,0,0,43,26	0,0,0,0,191,0,0,0,0,0,171,0,0,0,144,68	278	149	1
6929	0,107,2,0,0	0,11,0,0,0	0,0,0,0,317,5,4,0,0,0,175,0,0,0,233,51	0,0,0,0,102,0,0,0,0,0,40,0,0,0,71,3	2408	149	1
6930	0,0,0,0,0	0,1,0,0,0	0,0,0,0,0,0,0,0,0,0,2,0,0,0,0,0	0,0,0,0,3,0,0,0,0,0,34,0,0,0,10,1	173	149	1
6932	0,2,0,0,0	0,0,0,0,0	0,0,0,0,37,2,2,0,0,0,43,0,0,0,140,14	0,0,0,0,0,0,0,0,0,0,0,0,0,0,0,1	192	149	1
6939	0,27,0,0,0	0,0,0,0,0	0,0,0,0,247,0,0,0,0,0,73,0,0,0,16,5	0,0,0,0,22,0,0,0,0,0,0,0,0,0,0,0	154	149	1
6940	0,95,0,0,0	0,0,0,0,0	0,0,0,0,67,0,0,0,0,0,66,0,0,0,36,6	0,0,0,0,0,0,0,0,0,0,0,0,0,0,4,0	206	149	1
6941	0,6,0,0,0	0,0,0,0,0	0,0,0,0,45,0,0,0,0,0,74,0,0,0,16,32	0,0,0,0,26,0,0,0,0,0,1,0,0,0,0,0	152	149	1
6943	0,20,0,0,0	0,0,0,0,0	0,0,0,0,176,0,0,0,0,0,36,0,0,0,1,31	0,0,0,0,48,0,0,0,0,0,1,0,0,0,0,0	243	149	1
6944	0,18,0,0,0	0,0,0,0,0	0,0,0,0,71,0,0,0,0,0,27,0,0,0,1,16	0,0,0,0,48,0,0,0,0,0,1,0,0,0,0,0	228	149	1
6945	0,490,0,0,0	0,0,0,0,0	0,0,0,0,577,2,0,0,2,0,203,0,0,0,300,114	0,0,0,0,25,0,0,0,0,0,2,0,0,0,0,1	322	149	1
6949	0,0,0,0,0	0,4,0,0,0	0,0,0,0,0,0,0,0,0,0,0,0,0,0,1,6	0,0,0,0,82,0,0,0,0,0,12,0,0,0,118,17	151	149	1
6950	0,86,0,0,0	0,2,0,0,0	0,0,0,0,396,0,0,0,0,2,108,0,0,0,211,50	0,0,0,0,0,0,0,0,0,0,5,0,0,0,2,1	275	149	1
6951	0,99,0,0,0	0,0,0,0,0	0,0,0,0,418,0,0,0,0,2,115,0,0,0,228,50	0,0,0,0,0,0,0,0,0,0,2,0,0,0,0,1	298	149	1
6952	0,15,0,0,0	0,0,0,0,0	0,0,0,0,22,0,0,0,0,0,12,0,0,0,19,1	0,0,0,0,0,0,0,0,0,0,2,0,0,0,0,1	172	149	1
6953	0,199,0,0,0	0,6,0,0,0	0,0,0,0,196,0,0,0,0,0,253,0,0,0,39,4	0,0,0,0,0,0,0,0,0,0,1,0,0,0,0,0	186	149	1
6954	0,138,0,0,0	0,0,0,0,0	0,0,0,0,381,0,0,0,0,0,372,0,0,0,141,49	0,0,0,0,0,0,0,0,0,0,0,0,0,0,1,0	478	149	1
6956	0,5,0,0,0	0,0,0,0,0	0,0,0,0,61,0,0,0,0,0,29,0,0,0,0,6	0,0,0,0,0,0,0,0,0,0,4,0,0,0,0,0	153	149	1
6961	0,3,0,0,0	0,0,0,0,0	0,0,0,0,239,0,0,0,4,0,95,0,0,0,32,2	0,0,0,0,0,0,0,0,0,0,2,0,0,0,0,0	302	149	1
6963	0,90,0,0,0	0,173,0,0,0	0,0,0,0,63,0,0,0,0,0,1,0,0,0,12,0	0,0,0,0,145,0,0,0,0,0,87,0,0,0,68,5	174	149	1
6964	0,224,2,0,2	0,100,0,0,0	0,0,0,0,165,0,0,0,0,0,45,0,0,0,179,19	0,0,0,0,66,0,0,0,0,0,3,0,0,0,23,8	153	149	1
6965	0,56,4,0,0	0,1,0,0,0	0,0,0,0,5,0,0,0,0,2,230,0,0,0,174,4	0,0,0,0,0,0,0,0,0,0,4,0,0,0,0,0	199	149	1
6971	0,9237,0,0,0	0,7,0,0,0	0,0,0,0,16299,0,0,7,2,2,17324,0,0,0,7447,755	0,0,0,0,5,0,0,0,0,0,1,0,0,0,0,0	583	149	1
6972	0,33,0,0,0	0,0,0,0,0	0,0,0,0,914,0,6,2,6,2,553,0,0,0,548,23	0,0,0,0,29,0,0,0,0,0,30,0,0,0,4,0	1121	149	1
6975	0,4,0,0,0	0,3,0,0,0	0,0,0,0,27,0,0,0,0,0,26,0,0,0,13,1	0,0,0,0,1,0,0,0,0,0,2,0,0,0,6,0	152	149	1
6976	0,18,0,0,0	0,114,0,0,2	0,0,0,0,0,0,0,0,0,0,0,0,0,0,0,0	0,0,0,0,0,0,0,0,0,0,0,0,0,0,4,0	275	149	1
6978	0,0,0,0,0	0,31,0,0,0	0,0,0,0,0,0,0,0,0,0,4,0,0,0,0,0	0,0,0,0,1,0,0,0,0,0,84,0,0,0,49,1	172	149	1
6979	0,2,0,0,0	0,20,0,0,0	0,0,0,0,0,0,0,0,0,0,2,0,0,0,7,2	0,0,0,0,25,0,0,0,0,0,54,0,0,0,22,6	250	149	1
6980	0,2,0,0,0	0,28,0,0,0	0,0,0,0,10,0,0,0,0,0,1,0,0,0,0,0	0,0,0,0,62,0,0,0,0,0,56,0,0,0,12,8	181	149	1
6986	0,23,0,0,0	0,0,0,0,0	0,0,0,0,0,0,0,0,0,0,28,0,0,0,0,0	0,0,0,0,13,0,0,0,0,0,20,0,0,0,0,0	152	149	1
6991	0,0,0,0,0	0,1,0,0,0	0,0,0,0,13,0,0,0,0,0,2,0,0,0,0,0	0,0,0,0,3,0,0,0,0,0,0,0,0,0,0,0	307	149	1
6992	0,0,0,0,0	0,8,0,0,2	0,0,0,0,0,0,0,0,0,0,12,0,0,0,0,5	0,0,0,0,29,0,0,0,2,0,9,0,0,0,13,4	233	149	1
6993	0,478,0,0,0	0,0,0,0,0	0,0,0,0,546,0,0,0,0,2,1408,0,0,0,129,427	0,0,0,0,0,0,0,0,0,0,3,0,0,0,0,0	413	149	1
6994	0,996,0,0,0	0,0,0,0,0	0,0,0,0,848,0,0,4,0,0,1732,0,0,0,1187,120	0,0,0,0,0,0,0,0,0,0,2,0,0,0,0,0	205	149	1
6995	0,1289,0,0,0	0,1,0,0,0	0,0,0,0,856,0,0,2,0,2,1892,0,0,0,1624,148	0,0,0,0,0,0,0,0,0,0,10,0,0,0,2,1	212	149	1
6997	0,0,0,0,0	0,2,2,0,0	0,0,0,0,0,0,0,0,0,0,2,0,0,0,7,0	0,0,0,0,31,0,0,0,0,0,113,0,0,0,444,31	315	149	1
7001	0,15,0,0,0	0,133,0,0,0	0,0,0,0,33,0,0,0,0,0,28,0,0,0,21,2	0,0,0,0,955,0,4,0,0,0,611,0,0,0,180,45	282	149	1
7002	0,1,0,0,0	0,11,0,0,0	0,0,0,0,29,0,0,0,0,0,4,0,0,0,106,1	0,0,0,0,177,2,0,0,2,0,74,0,0,0,158,24	900	149	1
7005	0,0,0,0,0	0,2,0,0,0	0,0,0,0,2,0,0,0,0,0,2,0,0,0,22,0	0,0,0,0,17,0,0,0,0,0,17,0,0,0,58,0	170	149	1
7009	0,608,0,0,0	0,0,0,0,0	0,0,0,0,347,0,0,0,4,2,749,0,0,0,84,34	0,0,0,0,0,0,0,0,0,0,7,0,0,0,0,1	212	149	1
7010	0,0,0,0,0	0,14,0,0,0	0,0,0,0,29,0,0,0,0,0,26,0,0,0,32,0	0,0,0,0,41,0,0,0,0,0,20,0,0,0,50,2	244	149	1
7012	0,13,0,0,0	0,492,0,0,0	0,0,0,0,12,0,0,0,0,0,17,0,0,0,14,0	0,0,0,0,680,0,0,0,0,0,1060,0,0,0,1045,174	173	149	1
7013	0,31,0,0,0	0,818,0,0,0	0,0,0,0,51,0,0,0,0,0,20,0,0,0,7,4	0,0,0,0,748,4,0,0,0,2,1350,0,0,0,876,319	225	149	1
7014	0,14,0,0,0	0,12,0,0,0	0,0,0,0,66,0,0,0,0,0,67,0,0,0,3,6	0,0,0,0,27,0,0,0,0,0,10,0,0,0,0,1	152	149	1
7015	0,21,0,0,0	0,12,0,0,0	0,0,0,0,163,0,0,0,0,0,56,0,0,0,10,21	0,0,0,0,22,0,0,0,0,0,20,0,0,0,7,14	152	149	1
7016	0,0,0,0,0	0,1,0,0,0	0,0,0,0,0,0,0,0,0,0,0,0,0,0,27,0	0,0,0,0,44,0,0,0,0,0,12,0,0,0,32,10	152	149	1
7019	0,19,0,0,0	0,437,0,0,0	0,0,0,0,0,0,0,0,0,0,20,0,0,0,0,10	0,0,0,0,74,0,0,0,0,0,2898,0,0,0,240,71	501	149	1
7029	0,62,0,0,0	0,346,0,0,0	0,0,0,0,124,0,0,0,0,0,43,0,0,0,0,2	0,0,0,0,103,0,0,0,0,0,295,0,0,0,7,19	223	149	1
7030	0,2524,4,0,0	0,4,0,0,0	0,0,0,0,9696,4,0,0,2,10,14375,0,0,0,4503,1041	0,0,0,0,0,0,0,0,0,0,7,0,0,0,0,3	150	149	1
7033	0,19,0,0,0	0,16,0,0,0	0,0,0,0,34,0,0,0,2,0,84,0,0,0,186,18	0,0,0,0,146,0,0,0,0,0,134,0,0,0,304,21	152	149	1
7034	0,541,0,0,0	0,0,0,0,0	0,0,0,0,1034,2,0,2,0,0,1001,0,0,0,445,47	0,0,0,0,0,0,0,0,0,0,1,0,0,0,1,0	492	149	1
7035	0,85,0,0,0	0,1,0,0,0	0,0,0,0,300,0,0,0,0,0,214,0,0,0,48,12	0,0,0,0,0,0,0,0,0,0,14,0,0,0,2,0	184	149	1
7036	0,210,0,0,0	0,21,0,0,0	0,0,0,0,1091,0,0,0,0,0,1125,0,0,0,132,27	0,0,0,0,57,0,0,0,0,0,78,0,0,0,11,1	184	149	1
7037	0,88,0,0,0	0,21,0,0,0	0,0,0,0,313,0,0,0,0,0,216,0,0,0,50,9	0,0,0,0,57,0,0,0,0,0,78,0,0,0,11,1	229	149	1
7038	0,18,0,0,0	0,140,0,0,0	0,0,0,0,13,0,0,0,0,0,14,0,0,0,8,0	0,0,0,0,791,0,0,0,0,0,923,0,0,0,90,18	194	149	1
7039	0,6,0,0,0	0,3,0,0,0	0,0,0,0,42,0,0,0,0,0,55,0,0,0,16,12	0,0,0,0,4,0,0,0,0,0,2,0,0,0,7,0	210	149	1
7040	0,0,0,0,0	0,206,0,0,0	0,0,0,0,0,0,0,0,0,0,2,0,0,0,0,0	0,0,0,0,200,0,0,0,0,0,650,0,0,0,5,28	218	149	1
7041	0,6,0,0,0	0,13,0,0,0	0,0,0,0,35,0,0,0,0,0,21,0,0,0,3,0	0,0,0,0,7,0,0,0,0,0,12,0,0,0,0,0	152	149	1
7042	0,533,0,0,2	0,2,0,0,0	0,0,0,0,380,0,0,0,0,0,747,0,0,0,181,49	0,0,0,0,0,0,0,0,0,0,9,0,0,0,14,1	363	149	1
7043	0,861,0,0,0	0,0,0,0,0	0,0,0,0,373,0,0,2,0,0,1160,0,0,0,45,14	0,0,0,0,0,0,0,0,0,0,7,0,0,0,0,0	556	149	1
7044	0,137,0,0,0	0,2,0,0,0	0,0,0,0,365,0,0,0,0,0,425,0,0,0,16,17	0,0,0,0,0,0,0,0,0,0,8,0,0,0,0,0	322	149	1
7047	0,7,0,0,0	0,20,0,0,0	0,0,0,0,349,0,0,0,0,0,212,0,0,0,34,31	0,0,0,0,104,0,0,0,0,0,115,0,0,0,31,5	242	149	1
7048	0,33,0,0,0	0,2,0,0,0	0,0,0,0,216,0,0,2,0,0,170,0,0,0,43,29	0,0,0,0,21,0,0,0,0,0,56,0,0,0,3,1	152	149	1
7050	0,106,4,0,4	0,0,0,0,0	0,0,0,0,906,5,6,4,0,0,728,0,0,0,1476,484	0,0,0,0,0,0,0,0,0,0,0,0,0,0,0,1	155	149	1
7051	0,22,0,0,0	0,0,0,0,0	0,0,0,0,26,0,0,0,0,0,15,0,0,0,3,30	0,0,0,0,0,0,0,0,0,0,0,0,0,0,0,6	193	149	1
7052	0,97,0,0,0	0,0,0,0,0	0,0,0,0,193,4,0,0,0,0,431,0,0,0,472,27	0,0,0,0,0,0,0,0,0,0,0,0,0,0,11,0	152	149	1
7055	0,0,0,0,0	0,36,0,0,0	0,0,0,0,0,0,0,0,0,0,1,0,0,0,0,2	0,0,0,0,12,0,0,0,0,0,2,0,0,0,0,8	183	149	1
7058	0,397,2,0,4	0,0,0,0,0	0,0,0,0,433,0,0,2,0,0,1508,0,0,0,690,24	0,0,0,0,0,0,0,0,0,0,1,0,0,0,0,0	154	149	1
7059	0,238,2,0,4	0,3,0,0,0	0,0,0,0,317,0,0,2,0,0,838,0,0,0,484,8	0,0,0,0,0,0,0,0,0,0,6,0,0,0,0,0	154	149	1
7060	0,144,0,0,0	0,0,0,0,0	0,0,0,0,63,0,0,0,0,0,136,0,0,0,0,186	0,0,0,0,0,0,0,0,0,0,1,0,0,0,0,1	366	149	1
7061	0,263,0,0,0	0,0,0,0,0	0,0,0,0,129,0,0,0,0,0,198,0,0,0,8,356	0,0,0,0,0,0,0,0,0,0,0,0,0,0,0,1	1236	149	1
7062	0,186,0,0,0	0,0,0,0,0	0,0,0,0,128,0,0,0,0,0,189,0,0,0,0,64	0,0,0,0,0,0,0,0,0,0,2,0,0,0,0,0	327	149	1
7063	0,0,0,0,0	0,4,0,0,0	0,0,0,0,11,0,0,0,0,0,6,0,0,0,10,4	0,0,0,0,0,0,0,0,0,0,0,0,0,0,7,0	221	149	1
7064	0,0,0,0,0	0,93,0,0,0	0,0,0,0,21,0,0,0,0,0,2,0,0,0,0,0	0,0,0,0,307,0,0,0,2,0,140,0,0,0,18,18	164	149	1
7066	0,19,0,0,0	0,5,0,0,0	0,0,0,0,150,0,0,0,0,0,44,0,0,0,27,1	0,0,0,0,0,0,0,0,0,0,2,0,0,0,0,1	211	149	1
7068	0,112,0,0,0	0,5,0,0,0	0,0,0,0,436,0,0,0,2,0,182,0,0,0,45,19	0,0,0,0,0,0,0,0,0,0,2,0,0,0,0,1	196	149	1
7069	0,19,0,0,0	0,5,0,0,0	0,0,0,0,91,0,0,0,0,0,34,0,0,0,9,1	0,0,0,0,0,0,0,0,0,0,2,0,0,0,0,1	191	149	1
7071	0,70,0,0,0	0,0,0,0,0	0,0,0,0,359,0,0,0,0,2,136,0,0,0,25,0	0,0,0,0,0,0,0,0,0,0,2,0,0,0,3,3	247	149	1
7072	0,326,0,0,0	0,45,0,0,0	0,0,0,0,472,0,0,0,0,2,960,0,0,0,10,22	0,0,0,0,56,0,0,0,0,0,82,0,0,0,0,3	182	149	1
7073	0,0,0,0,0	0,11,0,0,2	0,0,0,0,13,0,0,0,0,0,0,0,0,0,3,1	0,0,0,0,97,0,0,0,0,0,128,0,0,0,121,2	181	149	1
7074	0,19,0,0,0	0,15,0,0,0	0,0,0,0,20,0,0,0,0,0,4,0,0,0,19,0	0,0,0,0,39,0,0,0,0,0,44,0,0,0,16,7	257	149	1
7076	0,525,0,0,0	0,3,0,0,0	0,0,0,0,961,0,0,0,0,0,166,0,0,0,0,31	0,0,0,0,0,0,0,0,0,0,0,0,0,0,0,0	173	149	1
7077	0,59,0,0,0	0,145,0,0,0	0,0,0,0,134,0,0,0,0,0,7,0,0,0,0,2	0,0,0,0,245,0,0,0,0,0,114,0,0,0,0,17	195	149	1
7078	0,53,0,0,0	0,0,2,0,0	0,0,0,0,53,2,0,0,0,0,65,0,0,0,103,10	0,0,0,0,0,0,0,0,0,0,13,0,0,0,15,5	164	149	1
7080	0,0,0,0,0	0,25,0,0,0	0,0,0,0,31,0,0,0,0,0,0,0,0,0,16,0	0,0,0,0,65,2,0,0,0,0,19,0,0,0,71,9	392	149	1
7081	0,0,0,0,0	0,4,0,0,0	0,0,0,0,7,0,0,0,0,0,2,0,0,0,26,1	0,0,0,0,11,0,0,0,0,0,8,0,0,0,4,3	231	149	1
7086	0,19,0,0,0	0,0,0,0,0	0,0,0,0,193,0,0,0,0,0,205,0,0,0,245,48	0,0,0,0,0,0,0,0,0,0,3,0,0,0,0,0	416	149	1
7093	0,26,0,0,0	0,1,2,0,0	0,0,0,0,48,0,0,0,0,0,14,0,0,0,69,12	0,0,0,0,49,0,0,0,0,0,8,0,0,0,46,4	152	149	1
7095	0,97,0,0,0	0,29,0,0,0	0,0,0,0,232,2,2,0,0,0,224,0,0,0,185,23	0,0,0,0,25,0,0,0,0,0,7,0,0,0,4,0	662	149	1
7096	0,59,0,0,0	0,1460,0,0,4	0,0,0,0,36,0,0,0,0,0,56,0,0,0,6,4	0,0,0,0,1572,0,0,2,2,4,2054,0,0,0,494,145	166	149	1
7097	0,16,0,0,0	0,192,0,0,0	0,0,0,0,6,0,0,0,0,0,15,0,0,0,0,0	0,0,0,0,91,0,0,0,0,0,328,0,0,0,3,4	198	149	1
7098	0,115,0,0,0	0,34,0,0,0	0,0,0,0,114,0,0,0,0,0,272,0,0,0,1,0	0,0,0,0,49,0,0,0,0,0,129,0,0,0,0,0	267	149	1
7099	0,291,0,0,0	0,34,0,0,0	0,0,0,0,199,0,0,0,0,0,585,0,0,0,4,4	0,0,0,0,49,0,0,0,0,0,129,0,0,0,0,0	218	149	1
7102	0,3,0,0,0	0,905,0,0,0	0,0,0,0,0,0,0,0,0,0,0,0,0,0,0,0	0,0,0,0,153,0,0,0,0,2,682,0,0,0,7,17	166	149	1
7104	0,189,0,0,0	0,0,0,0,0	0,0,0,0,117,0,2,0,0,0,605,0,0,0,469,73	0,0,0,0,0,0,0,0,0,0,0,0,0,0,3,0	229	149	1
7105	0,782,0,0,0	0,0,0,0,0	0,0,0,0,1107,2,0,0,2,0,2127,0,0,0,772,60	0,0,0,0,0,0,0,0,0,0,2,0,0,0,0,0	651	149	1
7106	0,887,6,0,0	0,0,0,0,0	0,0,0,0,1867,2,0,6,0,0,3847,0,0,0,953,102	0,0,0,0,16,0,0,0,0,0,6,0,0,0,0,0	1403	149	1
7107	0,20,4,0,0	0,0,0,0,0	0,0,0,0,29,0,0,0,0,0,49,0,0,0,53,6	0,0,0,0,0,0,0,0,0,0,1,0,0,0,0,0	175	149	1
7110	0,23,2,0,0	0,0,0,0,0	0,0,0,0,229,2,0,2,0,0,86,0,0,0,103,21	0,0,0,0,0,0,0,0,0,0,0,0,0,0,0,3	155	149	1
7111	0,11,0,0,0	0,451,0,0,0	0,0,0,0,29,0,0,0,0,0,22,0,0,0,0,0	0,0,0,0,381,0,0,0,0,0,456,0,0,0,384,18	161	149	1
7112	0,129,0,0,0	0,74,0,0,0	0,0,0,0,217,0,0,0,0,0,214,0,0,0,118,3	0,0,0,0,142,0,0,2,0,4,88,0,0,0,39,3	154	149	1
7113	0,37,0,0,0	0,0,0,0,0	0,0,0,0,32,0,0,0,0,0,62,0,0,0,47,3	0,0,0,0,0,0,0,0,0,0,5,0,0,0,0,0	154	149	1
7115	0,9024,2,0,8	0,293,0,0,0	0,0,0,0,165,6,0,3,6,28,41,0,0,0,1762,102	0,0,0,0,0,0,0,0,0,0,0,0,0,0,2,1	186	149	1
7116	0,9073,0,0,8	0,21,0,0,0	0,0,0,0,165,2,0,3,6,26,41,0,0,0,1801,105	0,0,0,0,0,0,0,0,0,0,0,0,0,0,1,0	186	149	1
7119	0,12,0,0,0	0,14,0,0,0	0,0,0,0,30,0,0,0,0,0,12,0,0,0,7,5	0,0,0,0,0,0,0,0,0,0,14,0,0,0,0,0	152	149	1
7120	0,4,0,0,0	0,100,0,0,0	0,0,0,0,30,0,0,0,0,0,14,0,0,0,4,2	0,0,0,0,348,0,0,0,0,0,305,0,0,0,115,46	191	149	1
7121	0,89,0,0,2	0,0,0,0,0	0,0,0,0,270,0,0,0,0,0,209,0,0,0,85,74	0,0,0,0,6,0,0,0,0,0,7,0,0,0,0,0	523	149	1
7122	0,52,0,0,0	0,1287,0,0,2	0,0,0,0,110,0,0,0,0,0,114,0,0,0,51,9	0,0,0,0,3016,0,0,4,0,4,10567,0,0,0,400,76	284	149	1
7123	0,0,0,0,0	0,6,0,0,0	0,0,0,0,17,0,0,0,0,0,10,0,0,0,0,0	0,0,0,0,0,0,0,0,0,0,8,0,0,0,0,0	155	149	1
7124	0,1,0,0,0	0,74,0,0,0	0,0,0,0,0,0,0,0,0,0,2,0,0,0,0,0	0,0,0,0,170,0,0,0,0,0,241,0,0,0,0,9	181	149	1
7125	0,16,0,0,0	0,47,0,0,0	0,0,0,0,47,0,0,0,0,0,5,0,0,0,0,2	0,0,0,0,134,0,0,0,0,0,197,0,0,0,0,13	208	149	1
7126	0,69,0,0,0	0,145,0,0,0	0,0,0,0,215,0,0,0,0,0,66,0,0,0,24,9	0,0,0,0,114,0,0,0,2,0,221,0,0,0,8,10	1030	149	1
7127	0,211,0,0,0	0,0,0,0,0	0,0,0,0,161,0,0,0,0,0,233,0,0,0,2,5	0,0,0,0,0,0,0,0,0,0,6,0,0,0,0,0	420	149	1
7128	0,143,0,0,0	0,4,0,0,0	0,0,0,0,126,0,0,0,0,0,183,0,0,0,0,7	0,0,0,0,0,0,0,0,0,0,7,0,0,0,0,0	152	149	1
7130	0,0,0,0,0	0,12,0,0,0	0,0,0,0,38,0,0,0,0,0,44,0,0,0,41,2	0,0,0,0,20,0,0,0,0,0,10,0,0,0,10,3	178	149	1
7131	0,4,0,0,0	0,166,8,0,0	0,0,0,0,0,0,0,0,0,0,6,0,0,0,13,0	0,0,0,0,0,0,0,0,0,0,262,0,0,0,213,14	574	149	1
7132	0,125,0,0,0	0,0,0,0,0	0,0,0,0,0,0,0,4,0,0,312,0,0,0,80,41	0,0,0,0,0,0,0,0,0,0,1,0,0,0,0,0	155	149	1
7135	0,84,0,0,2	0,0,0,0,0	0,0,0,0,54,0,0,2,0,0,143,0,0,0,54,29	0,0,0,0,0,0,0,0,0,0,9,0,0,0,0,0	507	149	1
7137	0,40,0,0,0	0,1,0,0,0	0,0,0,0,160,0,0,0,0,6,210,0,0,0,30,6	0,0,0,0,65,0,0,0,0,0,119,0,0,0,4,3	152	149	1
7138	0,6,0,0,0	0,0,0,0,0	0,0,0,0,100,2,0,0,2,0,204,0,0,0,172,32	0,0,0,0,15,0,0,2,0,0,30,0,0,0,118,4	203	149	1
7140	0,0,0,0,0	0,46,0,0,2	0,0,0,0,0,0,6,0,0,0,8,0,0,0,0,8	0,0,0,0,223,2,0,1,2,0,168,0,0,0,262,142	170	149	1
7143	0,37,0,0,0	0,433,2,0,0	0,0,0,0,0,0,0,0,0,0,31,0,0,0,11,0	0,0,0,0,179,0,0,0,0,0,415,0,0,0,378,0	169	149	1
7144	0,821,25,0,0	0,8,0,0,0	0,0,0,0,94,9,3,4,0,8,1874,0,0,0,2737,309	0,0,0,0,0,0,0,0,0,0,53,0,0,0,14,7	7322	149	1
7145	0,0,0,0,0	0,4,0,0,0	0,0,0,0,0,0,0,0,0,0,0,0,0,0,0,1	0,0,0,0,0,0,0,0,0,0,0,0,0,0,10,3	154	149	1
7149	0,0,0,0,0	0,180,0,0,0	0,0,0,0,6,0,0,0,0,0,0,0,0,0,0,0	0,0,0,0,746,0,0,0,0,0,680,0,0,0,102,34	196	149	1
7152	0,13,0,0,0	0,0,0,0,0	0,0,0,0,45,0,0,0,0,0,34,0,0,0,11,3	0,0,0,0,0,0,0,0,0,0,1,0,0,0,0,0	210	149	1
7154	0,16,0,0,0	0,1128,0,0,12	0,0,0,0,98,0,0,0,0,0,67,0,0,0,22,14	0,0,0,0,9934,2,0,2,2,6,7195,0,0,0,1486,207	182	149	1
7155	0,0,0,0,0	0,1147,0,0,8	0,0,0,0,15,0,0,0,0,0,1,0,0,0,0,5	0,0,0,0,10976,10,2,3,2,6,7589,0,0,0,1374,582	187	149	1
7157	0,2,0,0,0	0,73,0,0,0	0,0,0,0,0,0,0,0,0,0,5,0,0,0,0,0	0,0,0,0,487,0,0,0,0,0,315,0,0,0,16,3	165	149	1
7159	0,47,0,0,0	0,1723,0,0,2	0,0,0,0,126,0,0,0,0,0,145,0,0,0,24,6	0,0,0,0,6057,0,0,0,0,0,6401,0,0,0,350,35	182	149	1
7160	0,46,0,0,0	0,1723,0,0,2	0,0,0,0,126,0,0,0,0,0,141,0,0,0,13,4	0,0,0,0,6057,0,0,0,0,0,6401,0,0,0,350,35	169	149	1
7162	0,1790,0,0,2	0,1,0,0,0	0,0,0,0,6285,0,0,0,0,0,6623,0,0,0,365,36	0,0,0,0,0,0,0,0,0,0,0,0,0,0,0,0	153	149	1
7163	0,5,0,0,0	0,2,0,0,0	0,0,0,0,15,0,0,0,0,0,17,0,0,0,0,2	0,0,0,0,8,0,0,0,0,0,6,0,0,0,0,0	155	149	1
7167	0,382,0,0,2	0,0,0,0,0	0,0,0,0,1759,0,0,0,0,0,1414,0,0,0,86,16	0,0,0,0,0,0,0,0,0,0,1,0,0,0,0,0	170	149	1
7168	0,56,0,0,0	0,3148,2,0,4	0,0,0,0,117,0,0,0,0,0,80,0,0,0,19,3	0,0,0,0,12307,0,0,2,2,6,9489,0,0,0,802,340	167	149	1
7181	0,17,0,0,0	0,25,0,0,0	0,0,0,0,167,2,0,2,0,0,82,0,0,0,147,23	0,0,0,0,164,0,0,0,0,0,113,0,0,0,184,23	185	149	1
7183	0,0,0,0,0	0,13,0,0,0	0,0,0,0,5,0,0,0,0,0,1,0,0,0,2,0	0,0,0,0,76,0,2,0,0,0,41,0,0,0,107,7	157	149	1
7188	0,158,0,0,0	0,2,0,0,0	0,0,0,0,571,0,0,2,0,0,175,0,0,0,201,53	0,0,0,0,0,0,0,0,0,0,17,0,0,0,0,1	529	149	1
7189	0,15,0,0,0	0,656,0,0,0	0,0,0,0,94,0,0,0,0,0,189,0,0,0,24,1	0,0,0,0,1875,0,0,0,0,2,3393,0,0,0,193,120	166	149	1
7191	0,82,0,0,0	0,0,0,0,0	0,0,0,0,291,0,0,0,0,0,88,0,0,0,210,18	0,0,0,0,0,0,0,0,0,0,1,0,0,0,0,8	519	149	1
7192	0,16,2,0,0	0,5,0,0,0	0,0,0,0,29,0,0,0,0,0,7,0,0,0,16,3	0,0,0,0,0,0,0,0,0,0,0,0,0,0,0,0	152	149	1
7193	0,26,0,0,0	0,0,0,0,0	0,0,0,0,47,0,0,0,0,0,23,0,0,0,41,8	0,0,0,0,8,0,0,0,0,0,0,0,0,0,0,0	335	149	1
7196	0,105,0,0,0	0,1299,0,0,2	0,0,0,0,90,0,0,0,0,0,84,0,0,0,5,3	0,0,0,0,955,0,0,0,0,4,3050,0,0,0,189,130	265	149	1
7197	0,11,0,0,0	0,735,0,0,0	0,0,0,0,2,0,0,0,0,0,7,0,0,0,0,2	0,0,0,0,770,0,0,2,2,0,2708,0,0,0,226,35	165	149	1
7198	0,55,0,0,0	0,735,0,0,0	0,0,0,0,75,0,0,0,0,0,14,0,0,0,0,3	0,0,0,0,770,0,0,2,2,0,2708,0,0,0,226,35	227	149	1
7199	0,45,0,0,0	0,1,0,0,0	0,0,0,0,73,0,0,0,0,0,7,0,0,0,0,1	0,0,0,0,0,0,0,0,0,0,0,0,0,0,0,0	211	149	1
7202	0,2,0,0,0	0,0,0,0,0	0,0,0,0,0,0,0,0,0,0,0,0,0,0,0,0	0,0,0,0,13,0,0,0,0,0,17,0,0,0,74,0	170	149	1
7204	0,24,0,0,0	0,0,0,0,0	0,0,0,0,58,0,0,0,0,2,230,0,0,0,407,10	0,0,0,0,0,0,0,0,0,0,1,0,0,0,1,0	152	149	1
7205	0,28,0,0,0	0,0,0,0,0	0,0,0,0,109,0,0,0,0,0,195,0,0,0,461,9	0,0,0,0,0,0,0,0,0,0,1,0,0,0,5,0	153	149	1
7206	0,0,0,0,0	0,4,0,0,0	0,0,0,0,0,0,0,0,0,0,13,0,0,0,63,0	0,0,0,0,0,0,0,0,0,0,0,0,0,0,0,0	153	149	1
7207	0,5,0,0,0	0,0,0,0,0	0,0,0,0,0,0,0,0,0,0,7,0,0,0,0,0	0,0,0,0,0,0,0,0,0,0,5,0,0,0,0,0	161	149	1
7209	0,2,0,0,0	0,1,0,0,0	0,0,0,0,0,0,0,0,0,0,0,0,0,0,0,0	0,0,0,0,10,0,0,0,0,0,4,0,0,0,0,0	169	149	1
7210	0,13,0,0,0	0,0,0,0,0	0,0,0,0,0,0,0,0,0,0,0,0,0,0,0,1	0,0,0,0,0,0,0,0,0,0,2,0,0,0,0,0	242	149	1
7211	0,12,0,0,0	0,0,0,0,0	0,0,0,0,10,0,0,0,0,0,4,0,0,0,0,1	0,0,0,0,0,0,0,0,0,0,2,0,0,0,0,0	222	149	1
7215	0,12,0,0,0	0,48,0,0,0	0,0,0,0,0,0,0,0,0,0,0,0,0,0,0,0	0,0,0,0,57,0,0,0,0,0,62,0,0,0,41,1	238	149	1
7216	0,6,0,0,0	0,0,0,0,0	0,0,0,0,6,0,0,0,0,0,4,0,0,0,2,0	0,0,0,0,10,0,0,0,0,0,0,0,0,0,0,0	185	149	1
7218	0,372,0,0,0	0,14,0,0,0	0,0,0,0,274,0,0,0,0,0,82,0,0,0,55,3	0,0,0,0,10,0,0,0,0,0,2,0,0,0,0,0	1213	149	1
7220	0,4,0,0,0	0,0,0,0,0	0,0,0,0,0,0,0,0,0,0,0,0,0,0,0,0	0,0,0,0,0,0,0,0,0,0,0,0,0,0,0,1	152	149	1
7221	0,20,0,0,0	0,1,0,0,0	0,0,0,0,11,0,0,0,0,0,21,0,0,0,0,2	0,0,0,0,0,0,0,0,0,0,1,0,0,0,2,0	154	149	1
7222	0,6,0,0,0	0,2,0,0,0	0,0,0,0,21,0,0,0,0,0,0,0,0,0,22,0	0,0,0,0,266,0,0,0,0,0,11,0,0,0,155,1	169	149	1
7228	0,0,0,0,0	0,3,0,0,0	0,0,0,0,13,0,0,0,0,0,13,0,0,0,16,1	0,0,0,0,10,0,0,0,0,0,23,0,0,0,99,1	152	149	1
7233	0,5,0,0,0	0,0,0,0,0	0,0,0,0,16,0,0,0,0,0,0,0,0,0,0,0	0,0,0,0,15,0,0,0,0,0,0,0,0,0,4,1	290	149	1
7234	0,5,0,0,0	0,0,0,0,0	0,0,0,0,0,0,0,0,0,0,0,0,0,0,0,0	0,0,0,0,0,0,0,0,0,0,0,0,0,0,0,3	228	149	1
7238	0,59,0,0,0	0,0,0,0,0	0,0,0,0,78,2,0,0,0,2,140,0,0,0,85,34	0,0,0,0,0,0,0,0,0,0,5,0,0,0,10,1	152	149	1
7239	0,4,0,0,0	0,0,0,0,0	0,0,0,0,18,0,0,0,0,0,5,0,0,0,3,12	0,0,0,0,0,0,0,0,0,0,5,0,0,0,31,6	152	149	1
7241	0,5,0,0,0	0,0,0,0,0	0,0,0,0,51,0,0,0,0,0,25,0,0,0,1,18	0,0,0,0,143,0,0,0,0,0,155,0,0,0,10,5	272	149	1
7242	0,5,0,0,0	0,0,0,0,0	0,0,0,0,61,0,0,0,0,0,22,0,0,0,1,18	0,0,0,0,143,0,0,0,0,0,155,0,0,0,10,5	258	149	1
7245	0,52,0,0,0	0,0,0,0,0	0,0,0,0,212,0,0,2,2,2,113,0,0,0,136,9	0,0,0,0,0,0,0,0,0,0,2,0,0,0,0,0	288	149	1
7246	0,3,0,0,0	0,14,0,0,0	0,0,0,0,40,0,0,0,0,0,7,0,0,0,65,3	0,0,0,0,39,0,0,0,0,0,1,0,0,0,16,2	326	149	1
7249	0,3,0,0,0	0,8,0,0,0	0,0,0,0,40,0,0,0,0,0,6,0,0,0,71,3	0,0,0,0,99,0,0,0,0,0,60,0,0,0,121,6	326	149	1
7256	0,0,0,0,0	0,11,0,0,0	0,0,0,0,0,0,0,0,0,0,8,0,0,0,14,1	0,0,0,0,160,0,0,2,2,0,27,0,0,0,119,11	152	149	1
7257	0,12,0,0,0	0,0,0,0,0	0,0,0,0,14,0,0,0,0,0,35,0,0,0,102,1	0,0,0,0,0,0,0,0,0,0,4,0,0,0,0,3	152	149	1
7258	0,7,0,0,0	0,4,0,0,0	0,0,0,0,22,0,0,0,0,0,7,0,0,0,13,6	0,0,0,0,2,2,0,0,0,0,45,0,0,0,35,9	197	149	1
7260	0,8,0,0,0	0,5,0,0,0	0,0,0,0,0,0,0,0,0,0,28,0,0,0,0,4	0,0,0,0,0,0,0,0,0,0,46,0,0,0,0,2	152	149	1
7266	0,16,0,0,0	0,10,0,0,0	0,0,0,0,71,0,0,0,0,0,92,0,0,0,103,6	0,0,0,0,11,0,0,0,0,0,37,0,0,0,52,8	152	149	1
7268	0,382,0,0,0	0,427,0,0,0	0,0,0,0,150,0,0,2,0,0,265,0,0,0,8,23	0,0,0,0,208,0,0,0,0,0,333,0,0,0,4,20	152	149	1
7274	0,0,0,0,0	0,0,2,0,0	0,0,0,0,119,0,0,0,0,0,114,0,0,0,242,1	0,0,0,0,27,0,0,0,0,0,86,0,0,0,179,3	152	149	1
7275	0,17,0,0,0	0,7,0,0,0	0,0,0,0,141,0,0,0,0,2,41,0,0,0,174,8	0,0,0,0,79,0,0,0,0,0,31,0,0,0,75,5	158	149	1
7278	0,2,0,0,0	0,1,0,0,0	0,0,0,0,13,0,0,0,0,2,8,0,0,0,12,0	0,0,0,0,0,0,0,0,0,0,0,0,0,0,0,0	215	149	1
7279	0,29,0,0,0	0,0,0,0,0	0,0,0,0,89,2,0,0,0,0,64,0,0,0,151,17	0,0,0,0,0,0,0,0,0,0,12,0,0,0,6,0	251	149	1
7282	0,18,0,0,0	0,0,0,0,0	0,0,0,0,98,0,0,0,0,0,57,0,0,0,116,2	0,0,0,0,0,0,0,0,0,0,4,0,0,0,46,0	152	149	1
7285	0,30,0,0,0	0,7,0,0,0	0,0,0,0,0,0,0,0,0,0,3,0,0,0,0,0	0,0,0,0,0,0,0,0,0,0,5,0,0,0,0,0	152	149	1
7286	0,0,0,0,0	0,3,0,0,0	0,0,0,0,17,0,0,0,0,0,8,0,0,0,0,0	0,0,0,0,0,0,0,0,0,0,1,0,0,0,0,0	152	149	1
7295	0,7,0,0,0	0,0,0,0,0	0,0,0,0,34,0,0,0,0,0,57,0,0,0,43,2	0,0,0,0,8,0,0,0,0,0,0,0,0,0,0,0	225	149	1
7296	0,8,0,0,0	0,0,0,0,0	0,0,0,0,71,0,0,0,0,0,94,0,0,0,65,7	0,0,0,0,14,0,0,0,0,0,0,0,0,0,0,0	225	149	1
7297	0,1,0,0,0	0,62,2,0,0	0,0,0,0,6,0,0,0,0,0,0,0,0,0,11,0	0,0,0,0,106,0,2,0,0,0,236,0,0,0,163,20	180	149	1
7298	0,157,0,0,0	0,0,0,0,0	0,0,0,0,383,0,0,4,0,0,653,0,0,0,265,64	0,0,0,0,0,0,0,0,0,0,3,0,0,0,0,1	304	149	1
7305	0,0,0,0,0	0,3,0,0,0	0,0,0,0,7,0,0,0,0,0,5,0,0,0,0,0	0,0,0,0,67,0,0,0,0,0,86,0,0,0,8,5	195	149	1
7310	0,79,0,0,0	0,0,0,0,0	0,0,0,0,93,0,0,0,2,0,170,0,0,0,149,14	0,0,0,0,0,0,0,0,0,0,5,0,0,0,0,1	190	149	1
7317	0,10,0,0,0	0,0,0,0,0	0,0,0,0,27,0,0,0,0,0,30,0,0,0,7,8	0,0,0,0,0,0,0,0,0,0,7,0,0,0,0,0	200	149	1
7318	0,14,0,0,0	0,81,0,0,0	0,0,0,0,27,0,0,0,0,0,44,0,0,0,7,12	0,0,0,0,407,0,0,0,0,0,437,0,0,0,10,105	303	149	1
7319	0,10,0,0,0	0,81,0,0,0	0,0,0,0,27,0,0,0,0,0,29,0,0,0,6,3	0,0,0,0,407,0,0,0,0,0,437,0,0,0,10,105	179	149	1
7320	0,7,0,0,0	0,4,0,0,0	0,0,0,0,34,0,0,0,0,0,9,0,0,0,3,1	0,0,0,0,14,0,0,0,0,0,10,0,0,0,0,0	234	149	1
7321	0,7,0,0,0	0,130,0,0,0	0,0,0,0,34,0,0,0,0,0,13,0,0,0,3,1	0,0,0,0,458,0,0,0,0,2,555,0,0,0,131,77	237	149	1
7322	0,4,0,0,0	0,130,0,0,0	0,0,0,0,14,0,0,0,0,0,14,0,0,0,0,0	0,0,0,0,458,0,0,0,0,2,555,0,0,0,131,77	152	149	1
7323	0,6,0,0,0	0,0,0,0,0	0,0,0,0,7,0,0,0,0,0,5,0,0,0,0,0	0,0,0,0,29,0,0,0,0,0,0,0,0,0,0,0	152	149	1
7324	0,31,0,0,0	0,30,0,0,2	0,0,0,0,112,0,0,0,0,0,279,0,0,0,0,32	0,0,0,0,70,0,0,0,0,0,304,0,0,0,0,33	152	149	1
7325	0,5,0,0,0	0,122,0,0,0	0,0,0,0,15,0,0,0,0,0,2,0,0,0,10,0	0,0,0,0,428,0,0,0,0,2,579,0,0,0,87,10	164	149	1
7326	0,4,0,0,0	0,3,0,0,0	0,0,0,0,15,0,0,0,0,0,16,0,0,0,48,0	0,0,0,0,0,0,0,0,0,0,22,0,0,0,20,1	164	149	1
7327	0,7,0,0,0	0,70,0,0,0	0,0,0,0,0,0,0,2,0,0,11,0,0,0,29,14	0,0,0,0,359,0,0,0,0,0,504,0,0,0,258,73	243	149	1
7328	0,162,0,0,0	0,57,0,0,0	0,0,0,0,163,0,0,0,0,0,622,0,0,0,416,34	0,0,0,0,100,0,2,2,0,0,174,0,0,0,107,1	167	149	1
7332	0,2,0,0,0	0,1,0,0,0	0,0,0,0,31,0,0,0,0,0,25,0,0,0,0,2	0,0,0,0,0,0,0,0,0,0,1,0,0,0,0,0	160	149	1
7333	0,2,0,0,0	0,286,0,0,0	0,0,0,0,0,0,0,0,0,0,12,0,0,0,1,0	0,0,0,0,214,0,0,0,0,0,549,0,0,0,89,24	178	149	1
7337	0,0,0,0,0	0,3,0,0,0	0,0,0,0,12,0,0,0,0,0,0,0,0,0,2,0	0,0,0,0,22,0,0,0,0,0,33,0,0,0,18,13	203	149	1
7338	0,11,0,0,0	0,0,0,0,0	0,0,0,0,38,0,0,0,0,0,75,0,0,0,216,9	0,0,0,0,30,0,0,0,0,0,4,0,0,0,28,0	152	149	1
7345	0,163,0,0,2	0,0,0,0,0	0,0,0,0,99,0,0,0,0,0,266,0,0,0,266,35	0,0,0,0,4,0,0,0,0,0,0,0,0,0,0,0	1123	149	1
7346	0,2,0,0,0	0,0,0,0,0	0,0,0,0,5,0,0,0,0,0,8,0,0,0,18,0	0,0,0,0,11,0,0,0,0,0,2,0,0,0,6,0	152	149	1
7348	0,49,0,0,0	0,20,0,0,0	0,0,0,0,19,0,0,0,0,0,112,0,0,0,148,3	0,0,0,0,38,0,0,0,0,0,98,0,0,0,104,3	152	149	1
7349	0,6,2,0,0	0,0,0,0,0	0,0,0,0,227,0,0,0,0,0,72,0,0,0,123,22	0,0,0,0,10,0,0,0,0,0,24,0,0,0,46,11	381	149	1
7351	0,0,0,0,0	0,23,0,0,0	0,0,0,0,3,0,0,0,0,0,0,0,0,0,0,0	0,0,0,0,20,0,0,0,0,0,60,0,0,0,22,5	219	149	1
7352	0,76,0,0,0	0,0,0,0,0	0,0,0,0,227,0,0,2,0,0,202,0,0,0,311,135	0,0,0,0,0,0,0,0,0,0,0,0,0,0,0,2	499	149	1
7353	0,3,0,0,0	0,0,0,0,0	0,0,0,0,78,0,0,0,0,2,115,0,0,0,59,53	0,0,0,0,12,0,0,0,0,0,1,0,0,0,1,0	191	149	1
7354	0,2,0,0,0	0,0,0,0,0	0,0,0,0,28,0,0,0,0,0,76,0,0,0,24,2	0,0,0,0,25,0,0,0,2,0,29,0,0,0,7,8	152	149	1
7356	0,0,0,0,0	0,2,0,0,0	0,0,0,0,0,0,0,0,0,0,8,0,0,0,5,4	0,0,0,0,28,0,0,0,0,0,76,0,0,0,24,2	165	149	1
7360	0,1,0,0,0	0,0,0,0,0	0,0,0,0,354,0,0,0,0,0,0,0,0,0,0,0	0,0,0,0,8,0,0,0,0,0,0,0,0,0,0,0	203	149	1
7362	0,28,0,0,0	0,0,0,0,0	0,0,0,0,18,0,0,0,0,0,7,0,0,0,4,1	0,0,0,0,0,0,0,0,0,0,2,0,0,0,7,0	174	149	1
7363	0,33,0,0,0	0,69,0,0,0	0,0,0,0,80,0,0,0,0,0,13,0,0,0,1,8	0,0,0,0,168,0,0,0,2,0,493,0,0,0,205,17	263	149	1
7364	0,37,0,0,0	0,2573,2,0,4	0,0,0,0,23,0,0,0,0,0,36,0,0,0,29,2	0,0,0,0,6282,0,2,0,6,2,4616,0,0,0,3402,258	170	149	1
7365	0,1858,0,0,2	0,31,0,0,0	0,0,0,0,2773,0,0,1,0,0,2286,0,0,0,896,192	0,0,0,0,22,0,0,0,0,0,30,0,0,0,47,1	164	149	1
7367	0,0,0,0,0	0,0,2,0,0	0,0,0,0,0,0,0,0,0,0,0,0,0,0,49,2	0,0,0,0,31,0,0,0,0,0,7,0,0,0,76,5	341	149	1
7368	0,3,0,0,0	0,1,0,0,0	0,0,0,0,12,0,0,0,0,0,16,0,0,0,1,4	0,0,0,0,3,0,0,0,0,0,8,0,0,0,0,1	152	149	1
7369	0,20,0,0,0	0,0,0,0,0	0,0,0,0,53,0,0,0,0,0,10,0,0,0,0,4	0,0,0,0,8,0,0,0,0,0,4,0,0,0,0,0	182	149	1
7371	0,38,0,0,0	0,222,0,0,0	0,0,0,0,0,0,0,0,0,0,23,0,0,0,0,1	0,0,0,0,237,0,0,1,0,2,702,0,0,0,34,32	152	149	1
7372	0,6,2,0,0	0,0,0,0,0	0,0,0,0,195,2,0,2,0,0,361,0,0,0,570,29	0,0,0,0,0,0,0,0,0,0,3,0,0,0,9,0	173	149	1
7373	0,53,2,0,0	0,0,0,0,0	0,0,0,0,326,2,0,2,0,0,575,0,0,0,602,144	0,0,0,0,2,0,0,0,0,0,0,0,0,0,0,0	1577	149	1
7374	0,129,0,0,0	0,0,0,0,0	0,0,0,0,518,2,2,2,0,2,661,0,0,0,1034,147	0,0,0,0,18,0,0,0,0,0,1,0,0,0,5,0	1994	149	1
7375	0,914,0,0,0	0,999,0,0,2	0,0,0,0,303,0,0,0,0,0,871,0,0,0,24,8	0,0,0,0,555,0,0,0,0,0,1574,0,0,0,163,29	164	149	1
7378	0,2,0,0,0	0,0,0,0,0	0,0,0,0,198,0,0,0,0,0,16,0,0,0,0,5	0,0,0,0,0,0,0,0,0,0,2,0,0,0,0,0	264	149	1
7382	0,10,0,0,0	0,7,0,0,0	0,0,0,0,25,0,0,0,0,0,31,0,0,0,110,32	0,0,0,0,8,0,0,0,0,0,33,0,0,0,79,27	152	149	1
7388	0,9,0,0,0	0,6,0,0,0	0,0,0,0,57,0,0,0,0,0,30,0,0,0,38,15	0,0,0,0,69,0,0,0,0,0,21,0,0,0,14,4	152	149	1
7389	0,50,2,0,4	0,0,0,0,0	0,0,0,0,731,0,2,0,0,0,135,0,0,0,908,35	0,0,0,0,41,0,0,0,0,0,0,0,0,0,8,1	2479	149	1
7395	0,49,0,0,0	0,7,0,0,0	0,0,0,0,8,0,0,0,0,0,8,0,0,0,0,4	0,0,0,0,0,0,0,0,0,0,0,0,0,0,0,0	252	149	1
7397	0,0,0,0,0	0,17,0,0,0	0,0,0,0,0,0,0,0,0,0,5,0,0,0,0,1	0,0,0,0,85,2,0,0,0,0,453,0,0,0,194,18	175	149	1
7398	0,0,0,0,0	0,8,0,0,0	0,0,0,0,0,0,0,0,0,0,2,0,0,0,14,0	0,0,0,0,114,0,0,0,2,0,377,0,0,0,162,9	210	149	1
7399	0,0,0,0,0	0,1,0,0,0	0,0,0,0,0,0,0,0,0,0,0,0,0,0,3,0	0,0,0,0,34,0,0,0,0,0,7,0,0,0,29,18	179	149	1
7401	0,0,0,0,0	0,100,0,0,0	0,0,0,0,0,0,0,0,0,0,3,0,0,0,0,0	0,0,0,0,334,4,0,0,0,2,278,0,0,0,82,17	247	149	1
7402	0,269,0,0,0	0,0,0,0,0	0,0,0,0,486,0,0,0,0,0,255,0,0,0,196,19	0,0,0,0,4,0,0,0,0,0,1,0,0,0,1,0	581	149	1
7404	0,0,0,0,0	0,97,0,0,0	0,0,0,0,14,0,0,0,0,0,0,0,0,0,0,2	0,0,0,0,148,0,0,0,0,0,266,0,0,0,214,26	162	149	1
7405	0,5,0,0,0	0,156,0,0,0	0,0,0,0,59,0,0,0,0,0,8,0,0,0,0,0	0,0,0,0,131,0,0,0,0,0,315,0,0,0,186,37	200	149	1
7406	0,343,0,0,0	0,0,0,0,0	0,0,0,0,212,0,0,1,0,0,386,0,0,0,179,18	0,0,0,0,0,0,0,0,0,0,4,0,0,0,0,0	489	149	1
7407	0,12,0,0,0	0,124,0,0,0	0,0,0,0,0,0,0,0,0,0,9,0,0,0,0,0	0,0,0,0,36,0,0,0,0,0,323,0,0,0,192,7	228	149	1
7408	0,75,0,0,0	0,6,0,0,0	0,0,0,0,98,0,0,2,0,0,296,0,0,0,261,14	0,0,0,0,19,0,0,0,0,0,8,0,0,0,4,1	153	149	1
7409	0,1,0,0,0	0,0,0,0,0	0,0,0,0,36,0,0,0,0,0,13,0,0,0,13,0	0,0,0,0,0,0,0,0,0,0,2,0,0,0,0,0	154	149	1
7410	0,71,0,0,0	0,0,0,0,0	0,0,0,0,56,0,0,0,2,0,126,0,0,0,72,6	0,0,0,0,0,0,0,0,0,0,0,0,0,0,5,0	483	149	1
7411	0,26,0,0,0	0,21,0,0,0	0,0,0,0,118,0,0,0,0,0,226,0,0,0,115,5	0,0,0,0,0,0,0,0,0,0,35,0,0,0,11,0	154	149	1
7412	0,8,0,0,0	0,0,0,0,0	0,0,0,0,24,0,0,0,0,0,22,0,0,0,22,0	0,0,0,0,14,0,0,0,0,0,5,0,0,0,0,0	154	149	1
7413	0,0,0,0,0	0,4,0,0,0	0,0,0,0,0,0,0,0,0,0,0,0,0,0,4,0	0,0,0,0,38,0,0,0,0,0,24,0,0,0,75,1	172	149	1
7415	0,4,0,0,0	0,40,0,0,0	0,0,0,0,26,0,0,0,2,0,44,0,0,0,35,11	0,0,0,0,304,0,0,0,0,0,267,0,0,0,148,8	172	149	1
7418	0,6,0,0,0	0,0,0,0,0	0,0,0,0,14,0,0,0,0,0,236,0,0,0,13,2	0,0,0,0,0,0,0,0,0,0,1,0,0,0,0,0	216	149	1
7419	0,1,0,0,0	0,0,0,0,0	0,0,0,0,35,0,0,0,0,0,24,0,0,0,61,17	0,0,0,0,0,0,0,0,0,0,0,0,0,0,16,0	167	149	1
7420	0,1275,0,0,0	0,8,0,0,0	0,0,0,0,73,0,0,2,0,0,93,0,0,0,221,1	0,0,0,0,0,0,0,0,0,0,4,0,0,0,2,0	545	149	1
7423	0,13,0,0,0	0,0,0,0,0	0,0,0,0,26,0,0,0,0,0,4,0,0,0,0,0	0,0,0,0,0,0,0,0,0,0,4,0,0,0,0,0	222	149	1
7424	0,20,0,0,0	0,0,0,0,0	0,0,0,0,26,0,0,0,0,0,8,0,0,0,0,0	0,0,0,0,12,0,0,0,0,0,14,0,0,0,0,0	295	149	1
7425	0,7,0,0,0	0,0,0,0,0	0,0,0,0,0,0,0,0,0,0,8,0,0,0,0,0	0,0,0,0,12,0,0,0,0,0,14,0,0,0,0,0	222	149	1
7426	0,12,0,0,0	0,0,0,0,0	0,0,0,0,21,0,0,0,0,0,100,0,0,0,108,3	0,0,0,0,0,0,0,0,0,0,7,0,0,0,15,0	152	149	1
7428	0,10,0,0,0	0,21,0,0,0	0,0,0,0,32,0,0,0,0,0,0,0,0,0,11,9	0,0,0,0,46,0,0,0,0,0,134,0,0,0,2,38	249	149	1
7429	0,7,0,0,0	0,0,0,0,0	0,0,0,0,0,0,0,0,0,0,0,0,0,0,3,6	0,0,0,0,0,0,0,0,0,0,0,0,0,0,0,1	249	149	1
7430	0,13,0,0,0	0,25,0,0,0	0,0,0,0,87,0,0,0,0,0,10,0,0,0,38,14	0,0,0,0,108,0,0,2,1,0,128,0,0,0,65,22	223	149	1
7431	0,8,0,0,0	0,0,0,0,0	0,0,0,0,6,0,0,0,0,0,0,0,0,0,0,0	0,0,0,0,102,0,0,0,0,0,5,0,0,0,6,0	287	149	1
7435	0,0,0,0,0	0,2,0,0,0	0,0,0,0,0,0,0,0,0,0,3,0,0,0,0,1	0,0,0,0,6,0,0,0,0,0,0,0,0,0,0,0	152	149	1
7436	0,135,0,0,0	0,2,0,0,0	0,0,0,0,137,0,0,0,0,0,240,0,0,0,178,0	0,0,0,0,0,0,0,0,0,0,1,0,0,0,0,0	154	149	1
7437	0,141,0,0,0	0,0,0,0,0	0,0,0,0,156,0,0,0,0,0,300,0,0,0,192,21	0,0,0,0,0,0,0,0,0,0,7,0,0,0,4,0	154	149	1
7440	0,161,0,0,2	0,5,0,0,0	0,0,0,0,476,0,0,0,0,0,636,0,0,0,35,31	0,0,0,0,57,0,0,0,0,0,21,0,0,0,1,3	467	149	1
7441	0,95,0,0,2	0,5,0,0,0	0,0,0,0,245,0,0,0,0,0,380,0,0,0,7,23	0,0,0,0,57,0,0,0,0,0,21,0,0,0,1,3	437	149	1
7442	0,34,0,0,0	0,2,0,0,0	0,0,0,0,243,0,0,0,2,0,46,0,0,0,19,12	0,0,0,0,45,0,0,0,0,0,7,0,0,0,1,0	152	149	1
7443	0,96,0,0,0	0,0,0,0,0	0,0,0,0,426,0,0,0,0,0,1015,0,0,0,1148,147	0,0,0,0,0,0,0,0,0,0,18,0,0,0,18,2	219	149	1
7445	0,996,2,0,0	0,0,0,0,0	0,0,0,0,582,1,0,0,0,0,1747,0,0,0,1256,80	0,0,0,0,0,0,0,0,0,0,3,0,0,0,0,0	948	149	1
7446	0,1292,0,0,0	0,0,0,0,0	0,0,0,0,2726,0,0,0,0,4,2166,0,0,0,323,335	0,0,0,0,0,0,0,0,0,0,2,0,0,0,0,0	154	149	1
7447	0,4,0,0,0	0,10,0,0,0	0,0,0,0,11,0,0,0,0,0,4,0,0,0,0,2	0,0,0,0,79,0,0,0,0,0,39,0,0,0,15,3	175	149	1
7448	0,34,0,0,0	0,0,0,0,0	0,0,0,0,222,0,0,0,0,0,44,0,0,0,22,3	0,0,0,0,12,0,0,0,0,0,1,0,0,0,0,0	155	149	1
7449	0,72,0,0,0	0,27,0,0,0	0,0,0,0,189,0,0,0,0,0,41,0,0,0,44,22	0,0,0,0,205,0,0,0,0,0,52,0,0,0,5,15	1503	149	1
7450	0,0,0,0,0	0,1,0,0,0	0,0,0,0,0,0,0,0,0,0,0,0,0,0,11,0	0,0,0,0,11,0,0,0,0,0,7,0,0,0,0,0	153	149	1
7451	0,35,0,0,0	0,0,0,0,0	0,0,0,0,46,2,0,0,0,0,42,0,0,0,132,30	0,0,0,0,0,0,0,0,0,0,4,0,0,0,1,5	152	149	1
7463	0,0,0,0,0	0,101,0,0,0	0,0,0,0,56,0,0,0,0,0,14,0,0,0,0,0	0,0,0,0,466,0,0,0,0,0,617,0,0,0,67,21	180	149	1
7467	0,81,0,0,0	0,5,0,0,0	0,0,0,0,30,0,0,0,0,0,53,0,0,0,6,9	0,0,0,0,0,0,0,0,0,0,2,0,0,0,0,0	169	149	1
7468	0,0,0,0,0	0,2,0,0,0	0,0,0,0,0,0,0,0,0,0,0,0,0,0,4,1	0,0,0,0,17,0,0,0,0,0,28,0,0,0,31,20	853	149	1
7469	0,8,2,0,0	0,0,0,0,0	0,0,0,0,6,0,0,0,0,2,10,0,0,0,73,25	0,0,0,0,0,0,0,0,0,0,4,0,0,0,0,0	169	149	1
7470	0,144,0,0,0	0,37,0,0,0	0,0,0,0,65,0,0,0,0,0,41,0,0,0,6,9	0,0,0,0,8,0,0,0,0,0,4,0,0,0,4,0	153	149	1
7471	0,5,0,0,0	0,140,0,0,0	0,0,0,0,0,0,0,0,0,0,9,0,0,0,0,0	0,0,0,0,402,0,0,0,0,0,296,0,0,0,42,42	162	149	1
7473	0,0,0,0,0	0,16,0,0,0	0,0,0,0,0,0,0,0,0,0,0,0,0,0,9,1	0,0,0,0,26,0,0,0,0,0,59,0,0,0,236,27	166	149	1
7477	0,0,0,0,0	0,606,4,0,0	0,0,0,0,0,0,0,0,0,0,2,0,0,0,0,0	0,0,0,0,2113,1,2,1,0,2,1951,0,0,0,1211,43	169	149	1
7478	0,404,0,0,2	0,0,0,0,0	0,0,0,0,1706,2,0,0,0,0,2611,0,0,0,140,404	0,0,0,0,0,0,0,0,0,0,1,0,0,0,0,0	166	149	1
7479	0,289,0,0,0	0,45,0,0,0	0,0,0,0,1258,0,0,0,2,0,811,0,0,0,90,77	0,0,0,0,617,0,0,0,0,0,720,0,0,0,13,9	357	149	1
7480	0,95,0,0,0	0,0,0,0,0	0,0,0,0,690,2,0,0,0,0,575,0,0,0,265,11	0,0,0,0,0,0,0,0,0,0,1,0,0,0,0,0	166	149	1
7482	0,1609,0,0,2	0,4,0,0,0	0,0,0,0,1288,0,0,0,0,2,1813,0,0,0,240,18	0,0,0,0,0,0,0,0,0,0,7,0,0,0,0,0	220	149	1
7483	0,1439,0,0,2	0,1,0,0,0	0,0,0,0,1561,0,0,0,0,0,1765,0,0,0,264,110	0,0,0,0,2,0,0,0,0,0,2,0,0,0,0,0	396	149	1
7484	0,30,0,0,0	0,3,0,0,0	0,0,0,0,216,2,0,4,0,0,347,0,0,0,365,88	0,0,0,0,0,0,0,0,0,0,3,0,0,0,4,0	180	149	1
7485	0,294,0,0,0	0,10,0,0,0	0,0,0,0,591,0,0,0,0,0,738,0,0,0,464,61	0,0,0,0,23,0,0,0,0,0,4,0,0,0,1,0	216	149	1
7487	0,138,0,0,0	0,6,0,0,0	0,0,0,0,524,0,0,0,0,0,385,0,0,0,84,76	0,0,0,0,10,0,0,0,0,0,24,0,0,0,1,1	240	149	1
7488	0,191,6,0,4	0,7,0,0,0	0,0,0,0,2230,8,0,0,4,2,734,0,0,0,1514,42	0,0,0,0,37,0,0,0,0,0,17,0,0,0,35,0	2958	149	1
7489	0,9,0,0,0	0,2,0,0,0	0,0,0,0,39,0,0,0,0,0,54,0,0,0,151,2	0,0,0,0,0,0,0,0,0,0,9,0,0,0,0,0	152	149	1
7490	0,2,0,0,0	0,0,0,0,0	0,0,0,0,12,0,0,0,0,0,28,0,0,0,153,7	0,0,0,0,15,0,0,0,0,0,3,0,0,0,41,0	152	149	1
7491	0,10,0,0,1	0,0,0,0,0	0,0,0,0,350,0,0,0,0,0,87,0,0,0,4,22	0,0,0,0,72,0,0,0,0,0,58,0,0,0,6,3	293	149	1
7493	0,59,0,0,0	0,18,0,0,0	0,0,0,0,165,0,0,0,2,0,122,0,0,0,1,8	0,0,0,0,376,0,0,0,0,0,122,0,0,0,10,8	152	149	1
7494	0,0,0,0,0	0,45,0,0,0	0,0,0,0,14,0,0,0,0,0,20,0,0,0,0,0	0,0,0,0,242,0,0,0,2,0,631,0,0,0,205,43	161	149	1
7501	0,294,0,0,0	0,0,0,0,0	0,0,0,0,211,0,0,0,0,0,458,0,0,0,9,100	0,0,0,0,0,0,0,0,0,0,6,0,0,0,0,0	309	149	1
7505	0,0,0,0,0	0,5,0,0,0	0,0,0,0,0,0,0,0,0,0,0,0,0,0,3,0	0,0,0,0,36,0,0,0,0,0,22,0,0,0,72,15	185	149	1
7510	0,4,0,0,0	0,182,0,0,0	0,0,0,0,14,0,0,0,0,0,3,0,0,0,8,20	0,0,0,0,210,0,0,0,0,0,287,0,0,0,27,101	1188	149	1
7511	0,241,0,0,0	0,65,0,0,0	0,0,0,0,246,0,0,0,0,0,225,0,0,0,0,14	0,0,0,0,65,0,0,0,0,0,61,0,0,0,0,1	152	149	1
7512	0,665,0,0,0	0,0,0,0,0	0,0,0,0,3508,0,0,2,0,4,3718,0,0,0,970,72	0,0,0,0,6,0,0,0,0,0,10,0,0,0,0,0	156	149	1
7517	0,98,0,0,0	0,0,0,0,0	0,0,0,0,227,0,0,0,0,0,195,0,0,0,87,51	0,0,0,0,0,0,0,0,0,0,1,0,0,0,0,0	566	149	1
7518	0,79,0,0,0	0,0,0,0,0	0,0,0,0,128,0,0,0,0,0,187,0,0,0,87,50	0,0,0,0,0,0,0,0,0,0,1,0,0,0,0,0	566	149	1
7519	0,13,0,0,0	0,0,0,0,0	0,0,0,0,40,0,0,0,0,0,19,0,0,0,0,0	0,0,0,0,18,0,0,0,0,0,7,0,0,0,0,0	167	149	1
7521	0,283,0,0,0	0,266,0,0,0	0,0,0,0,213,0,0,0,0,0,31,0,0,0,25,16	0,0,0,0,94,0,0,0,2,0,6,0,0,0,16,13	152	149	1
7524	0,103,0,0,0	0,5,0,0,0	0,0,0,0,190,0,0,0,0,0,211,0,0,0,208,11	0,0,0,0,53,0,0,0,0,0,6,0,0,0,6,0	152	149	1
7525	0,357,4,0,0	0,28,0,0,0	0,0,0,0,938,0,4,0,4,0,233,0,0,0,547,187	0,0,0,0,364,0,0,0,0,0,482,0,0,0,196,17	741	149	1
7526	0,2,0,0,0	0,1,0,0,0	0,0,0,0,7,0,0,0,0,0,0,0,0,0,0,1	0,0,0,0,0,0,0,0,0,0,0,0,0,0,12,0	181	149	1
7528	0,759,2,0,2	0,0,0,0,0	0,0,0,0,3864,14,2,4,2,2,7149,0,0,0,2759,673	0,0,0,0,0,0,0,0,0,0,3,0,0,0,0,0	925	149	1
7529	0,62,0,0,0	0,2600,0,0,0	0,0,0,0,71,0,0,1,0,2,146,0,0,0,66,10	0,0,0,0,4599,0,0,6,0,0,4916,0,0,0,1865,88	315	149	1
7530	0,14,0,0,0	0,9,0,0,0	0,0,0,0,90,0,0,0,0,0,96,0,0,0,115,2	0,0,0,0,70,0,0,0,0,0,73,0,0,0,78,7	152	149	1
7531	0,25,0,0,0	0,0,0,0,0	0,0,0,0,107,0,0,0,0,0,180,0,0,0,2,35	0,0,0,0,0,0,0,0,0,0,5,0,0,0,0,1	206	149	1
7532	0,3,0,0,0	0,0,0,0,0	0,0,0,0,83,0,0,2,0,0,73,0,0,0,338,6	0,0,0,0,8,4,0,0,0,0,13,0,0,0,61,1	152	149	1
7535	0,20,0,0,0	0,0,0,0,0	0,0,0,0,23,0,0,0,0,0,241,0,0,0,259,10	0,0,0,0,0,0,0,0,0,0,0,0,0,0,9,0	191	149	1
7538	0,1,0,0,0	0,0,0,0,0	0,0,0,0,49,0,0,0,0,0,8,0,0,0,12,0	0,0,0,0,7,0,0,0,0,0,0,0,0,0,0,0	289	149	1
7539	0,39,0,0,0	0,8,0,0,0	0,0,0,0,63,0,0,0,0,0,13,0,0,0,7,41	0,0,0,0,0,0,0,0,0,0,6,0,0,0,0,0	202	149	1
7540	0,50,0,0,0	0,190,0,0,0	0,0,0,0,20,0,0,0,0,0,86,0,0,0,0,1	0,0,0,0,108,0,0,0,0,0,179,0,0,0,16,1	152	149	1
7541	0,607,0,0,0	0,0,0,0,0	0,0,0,0,404,0,0,2,0,0,1470,0,0,0,32,49	0,0,0,0,0,0,0,0,0,0,9,0,0,0,0,0	154	149	1
7542	0,12,0,0,0	0,29,0,0,0	0,0,0,0,10,0,0,0,0,0,42,0,0,0,0,1	0,0,0,0,58,0,0,0,0,0,11,0,0,0,0,2	152	149	1
7543	0,482,4,0,0	0,389,0,0,0	0,0,0,0,633,4,0,0,0,0,436,0,0,0,438,43	0,0,0,0,339,0,2,4,0,0,368,0,0,0,442,56	167	149	1
7544	0,86,2,0,0	0,389,0,0,0	0,0,0,0,82,0,0,0,0,0,52,0,0,0,103,10	0,0,0,0,339,0,2,4,0,0,368,0,0,0,442,56	202	149	1
7545	0,21,0,0,0	0,417,2,0,0	0,0,0,0,9,0,0,0,0,0,8,0,0,0,20,1	0,0,0,0,560,4,0,0,0,0,392,0,0,0,355,34	184	149	1
7546	0,65,2,0,0	0,14,0,0,0	0,0,0,0,73,0,0,0,0,0,47,0,0,0,83,9	0,0,0,0,0,0,0,0,0,0,5,0,0,0,9,0	167	149	1
7547	0,429,4,0,0	0,6,0,0,0	0,0,0,0,1266,4,4,10,0,0,799,0,0,0,1007,382	0,0,0,0,12,0,0,0,0,0,10,0,0,0,25,10	152	149	1
7549	0,41,6,0,0	0,13,0,0,0	0,0,0,0,71,6,4,6,2,0,36,0,0,0,410,64	0,0,0,0,8,0,0,0,0,0,10,0,0,0,12,5	973	149	1
7551	0,0,0,0,0	0,30,0,0,2	0,0,0,0,11,0,0,0,0,0,1,0,0,0,0,4	0,0,0,0,31,0,0,2,0,0,136,0,0,0,143,13	166	149	1
7552	0,563,4,0,4	0,6,0,0,0	0,0,0,0,782,2,0,4,2,0,1216,0,0,0,768,102	0,0,0,0,0,0,0,0,0,0,4,0,0,0,0,0	209	149	1
7553	0,6,0,0,0	0,7,0,0,0	0,0,0,0,51,2,0,0,0,0,15,0,0,0,489,8	0,0,0,0,26,0,0,0,0,0,49,0,0,0,197,18	2667	149	1
7554	0,71,2,0,0	0,0,0,0,0	0,0,0,0,534,0,10,0,0,4,826,0,0,0,3464,214	0,0,0,0,0,0,0,0,0,0,5,0,0,0,9,0	1921	149	1
7555	0,126,2,0,0	0,12,0,0,0	0,0,0,0,587,2,10,0,0,4,1001,0,0,0,3860,222	0,0,0,0,22,0,0,0,0,0,9,0,0,0,6,0	2160	149	1
7556	0,55,0,0,0	0,12,0,0,0	0,0,0,0,53,2,0,0,0,0,180,0,0,0,405,8	0,0,0,0,22,0,0,0,0,0,9,0,0,0,6,0	388	149	1
7560	0,0,0,0,0	0,137,0,0,0	0,0,0,0,15,0,0,0,0,0,0,0,0,0,0,1	0,0,0,0,308,0,0,0,0,0,378,0,0,0,102,5	223	149	1
7561	0,76,0,0,0	0,0,0,0,0	0,0,0,0,280,0,0,0,0,0,380,0,0,0,350,3	0,0,0,0,0,0,0,0,0,0,3,0,0,0,0,0	516	149	1
7562	0,19,0,0,0	0,0,0,0,0	0,0,0,0,70,0,0,0,0,0,135,0,0,0,131,0	0,0,0,0,0,0,0,0,0,0,7,0,0,0,0,0	153	149	1
7567	0,32,0,0,0	0,1,0,0,0	0,0,0,0,131,0,0,0,0,0,37,0,0,0,14,3	0,0,0,0,64,0,0,0,0,0,0,0,0,0,0,0	152	149	1
7569	0,2,0,0,0	0,36,0,0,0	0,0,0,0,12,0,0,0,0,0,11,0,0,0,3,8	0,0,0,0,50,0,0,0,0,0,63,0,0,0,38,56	244	149	1
7570	0,21,0,0,0	0,20,0,0,0	0,0,0,0,26,0,0,2,0,0,131,0,0,0,108,23	0,0,0,0,71,0,4,0,2,0,35,0,0,0,28,15	174	149	1
7574	0,12,0,0,0	0,35,0,0,0	0,0,0,0,172,0,0,0,0,0,0,0,0,0,5,56	0,0,0,0,257,0,0,0,0,0,26,0,0,0,36,44	365	149	1
7575	0,32,0,0,0	0,0,0,0,0	0,0,0,0,155,0,0,0,0,2,491,0,0,0,306,104	0,0,0,0,0,0,0,0,0,0,2,0,0,0,0,0	176	149	1
7579	0,102,0,0,0	0,29,0,0,0	0,0,0,0,15,0,0,0,0,0,10,0,0,0,26,4	0,0,0,0,7,0,0,0,0,0,12,0,0,0,9,0	383	149	1
7580	0,89,0,0,0	0,29,0,0,0	0,0,0,0,15,0,0,0,0,0,9,0,0,0,23,4	0,0,0,0,7,0,0,0,0,0,12,0,0,0,9,0	361	149	1
7581	0,22,0,0,0	0,52,0,0,0	0,0,0,0,13,0,0,0,0,0,1,0,0,0,0,2	0,0,0,0,18,0,0,0,0,0,10,0,0,0,2,0	225	149	1
7586	0,1451,6,0,0	0,0,0,0,0	0,0,0,0,6884,10,8,17,2,4,6711,0,0,0,5356,3436	0,0,0,0,0,0,0,0,0,0,0,0,0,0,0,2	835	149	1
7587	0,723,6,0,2	0,0,0,0,0	0,0,0,0,1306,4,0,8,0,0,1757,0,0,0,3372,332	0,0,0,0,11,0,0,0,0,0,4,0,0,0,0,0	881	149	1
7588	0,807,8,0,2	0,1035,10,0,0	0,0,0,0,1404,10,0,8,0,0,1785,0,0,0,3645,442	0,0,0,0,3340,0,2,4,2,2,3575,0,0,0,2633,175	1452	149	1
7589	0,47,0,0,0	0,0,0,0,0	0,0,0,0,160,0,0,0,0,0,14,0,0,0,0,11	0,0,0,0,8,0,0,0,0,0,4,0,0,0,0,0	870	149	1
7592	0,129,0,0,0	0,0,0,0,0	0,0,0,0,820,0,0,2,0,0,1493,0,0,0,916,7	0,0,0,0,0,0,0,0,0,0,2,0,0,0,0,0	152	149	1
7594	0,9,0,0,0	0,392,0,0,0	0,0,0,0,14,0,0,0,0,0,20,0,0,0,7,3	0,0,0,0,1550,0,0,0,0,2,2316,0,0,0,1138,81	215	149	1
7595	0,9,0,0,0	0,392,0,0,0	0,0,0,0,14,0,0,0,0,0,22,0,0,0,7,0	0,0,0,0,1550,0,0,0,0,2,2316,0,0,0,1138,81	171	149	1
7596	0,432,0,0,0	0,0,0,0,0	0,0,0,0,1550,0,0,0,0,2,2335,0,0,0,1172,84	0,0,0,0,0,0,0,0,0,0,14,0,0,0,0,0	381	149	1
7597	0,2111,2,0,2	0,0,0,0,0	0,0,0,0,2136,4,2,0,0,0,3686,0,0,0,2387,158	0,0,0,0,0,0,0,0,0,0,7,0,0,0,9,0	294	149	1
7598	0,1449,0,0,0	0,0,0,0,0	0,0,0,0,1691,4,2,0,0,0,2958,0,0,0,1759,127	0,0,0,0,0,0,0,0,0,0,16,0,0,0,0,2	155	149	1
7599	0,303,2,0,0	0,3,0,0,0	0,0,0,0,200,0,0,2,0,0,445,0,0,0,308,5	0,0,0,0,7,0,0,0,0,0,11,0,0,0,17,0	232	149	1
7600	0,12,0,0,0	0,50,0,0,0	0,0,0,0,7,0,0,0,0,0,2,0,0,0,0,0	0,0,0,0,51,0,0,0,0,0,161,0,0,0,102,11	248	149	1
7601	0,14,0,0,0	0,8,0,0,0	0,0,0,0,7,0,0,0,0,0,14,0,0,0,5,0	0,0,0,0,9,0,0,0,0,0,3,0,0,0,0,0	267	149	1
7602	0,52,0,0,0	0,8,0,0,0	0,0,0,0,51,0,0,0,0,0,173,0,0,0,107,11	0,0,0,0,9,0,0,0,0,0,3,0,0,0,0,0	168	149	1
7606	0,19,2,0,0	0,0,0,0,0	0,0,0,0,218,2,0,2,0,0,105,0,0,0,126,41	0,0,0,0,75,0,0,0,0,0,24,0,0,0,4,3	152	149	1
7608	0,0,0,0,0	0,26,0,0,0	0,0,0,0,0,0,0,0,0,0,1,0,0,0,0,0	0,0,0,0,428,0,0,0,0,0,162,0,0,0,25,2	532	149	1
7610	0,174,2,0,0	0,6,0,0,0	0,0,0,0,165,0,0,0,0,0,170,0,0,0,181,6	0,0,0,0,0,0,0,0,0,0,0,0,0,0,16,0	191	149	1
7611	0,26,0,0,0	0,6,0,0,0	0,0,0,0,12,0,0,0,0,0,22,0,0,0,46,1	0,0,0,0,0,0,0,0,0,0,0,0,0,0,16,0	175	149	1
7612	0,122,0,0,0	0,0,0,0,0	0,0,0,0,341,0,0,0,0,0,442,0,0,0,281,106	0,0,0,0,0,0,0,0,0,0,2,0,0,0,0,2	394	149	1
7613	0,7,0,0,0	0,55,0,0,0	0,0,0,0,0,0,0,0,0,0,0,0,0,0,0,0	0,0,0,0,31,0,0,0,0,0,104,0,0,0,0,0	257	149	1
7614	0,0,0,0,0	0,18,0,0,0	0,0,0,0,1,0,0,0,0,0,5,0,0,0,0,0	0,0,0,0,12,0,0,0,0,0,52,0,0,0,1,0	152	149	1
7615	0,47,0,0,0	0,17,0,0,0	0,0,0,0,157,0,0,0,0,0,45,0,0,0,43,2	0,0,0,0,10,0,0,0,0,0,187,0,0,0,4,5	354	149	1
7616	0,48,0,0,0	0,3,0,0,0	0,0,0,0,153,0,0,0,0,0,45,0,0,0,43,2	0,0,0,0,4,0,0,0,0,0,24,0,0,0,0,0	354	149	1
7617	0,47,0,0,0	0,45,0,0,0	0,0,0,0,166,0,0,0,0,0,39,0,0,0,43,2	0,0,0,0,47,0,0,0,0,0,58,0,0,0,44,2	354	149	1
7619	0,0,0,0,0	0,5,0,0,0	0,0,0,0,13,0,0,0,0,0,1,0,0,0,0,1	0,0,0,0,143,0,0,0,0,0,25,0,0,0,0,4	255	149	1
7620	0,10,0,0,0	0,5,0,0,0	0,0,0,0,83,0,0,0,0,0,4,0,0,0,0,1	0,0,0,0,143,0,0,0,0,0,25,0,0,0,0,4	201	149	1
7621	0,48,0,0,0	0,0,0,0,0	0,0,0,0,207,0,0,0,0,0,30,0,0,0,0,0	0,0,0,0,19,0,0,0,0,0,2,0,0,0,0,0	158	149	1
7622	0,66,0,0,0	0,0,0,0,0	0,0,0,0,103,0,0,0,0,0,114,0,0,0,195,19	0,0,0,0,0,0,0,0,0,0,5,0,0,0,0,3	368	149	1
7623	0,3,0,0,0	0,15,0,0,0	0,0,0,0,8,0,0,0,0,0,6,0,0,0,0,1	0,0,0,0,89,0,0,0,0,0,71,0,0,0,40,2	209	149	1
7624	0,2,0,0,0	0,18,0,0,0	0,0,0,0,0,0,0,0,0,0,3,0,0,0,8,1	0,0,0,0,20,0,0,0,0,0,41,0,0,0,12,5	209	149	1
7625	0,38,0,0,0	0,0,0,0,0	0,0,0,0,103,0,0,0,0,0,110,0,0,0,15,7	0,0,0,0,6,0,0,0,0,0,1,0,0,0,0,0	179	149	1
7626	0,33,0,0,0	0,0,0,0,0	0,0,0,0,69,0,0,0,0,0,68,0,0,0,5,7	0,0,0,0,0,0,0,0,0,0,5,0,0,0,0,2	152	149	1
7627	0,4,0,0,0	0,223,0,0,0	0,0,0,0,5,0,0,0,0,0,0,0,0,0,0,0	0,0,0,0,231,2,0,0,0,0,305,0,0,0,196,8	179	149	1
7629	0,2,0,0,0	0,0,0,0,0	0,0,0,0,9,0,0,0,0,0,2,0,0,0,44,9	0,0,0,0,0,0,0,0,0,0,0,0,0,0,23,2	152	149	1
7630	0,4,0,0,0	0,0,0,0,0	0,0,0,0,14,0,0,0,0,0,5,0,0,0,51,2	0,0,0,0,48,0,6,0,0,0,91,0,0,0,596,13	161	149	1
7631	0,73,0,0,0	0,0,0,0,0	0,0,0,0,344,0,0,0,0,0,691,0,0,0,45,26	0,0,0,0,0,0,0,0,0,0,2,0,0,0,0,0	186	149	1
7632	0,24,0,0,0	0,0,0,0,0	0,0,0,0,71,0,0,0,0,0,171,0,0,0,29,0	0,0,0,0,0,0,0,0,0,0,4,0,0,0,0,0	186	149	1
7633	0,19,2,0,0	0,101,0,0,2	0,0,0,0,10,0,0,0,0,0,66,0,0,0,42,2	0,0,0,0,216,0,0,0,2,0,452,0,0,0,139,38	154	149	1
7634	0,5,0,0,0	0,0,0,0,0	0,0,0,0,0,0,0,0,0,0,0,0,0,0,0,0	0,0,0,0,0,0,0,0,0,0,14,0,0,0,6,1	256	149	1
7635	0,0,0,0,0	0,74,0,0,0	0,0,0,0,16,0,0,0,0,0,4,0,0,0,10,0	0,0,0,0,265,0,0,0,0,0,301,0,0,0,374,13	163	149	1
7638	0,23,2,0,0	0,0,0,0,0	0,0,0,0,161,2,0,0,0,0,126,0,0,0,106,26	0,0,0,0,11,0,0,0,0,0,7,0,0,0,0,1	176	149	1
7639	0,16,0,0,0	0,12,0,0,0	0,0,0,0,13,0,0,0,0,0,47,0,0,0,31,3	0,0,0,0,0,0,0,0,0,0,0,0,0,0,0,0	152	149	1
7642	0,6630,0,0,4	0,0,0,0,0	0,0,0,0,27638,0,0,3,6,4,23821,0,0,0,436,143	0,0,0,0,10,0,0,0,0,0,3,0,0,0,4,0	158	149	1
7643	0,6009,0,0,10	0,1,0,0,0	0,0,0,0,23556,0,0,6,12,20,23560,0,0,0,534,254	0,0,0,0,64,0,0,0,0,0,31,0,0,0,0,2	170	149	1
7644	0,22,0,0,0	0,3176,0,0,8	0,0,0,0,119,0,0,0,0,0,7,0,0,0,2,3	0,0,0,0,16190,0,0,12,6,14,16122,0,0,0,952,353	266	149	1
7645	0,1738,0,0,8	0,0,0,0,0	0,0,0,0,12278,0,0,6,10,12,15550,0,0,0,1385,157	0,0,0,0,0,0,0,0,0,0,17,0,0,0,0,0	155	149	1
7646	0,47,0,0,0	0,1217,0,0,2	0,0,0,0,602,0,0,0,0,0,282,0,0,0,13,1	0,0,0,0,5959,0,0,2,6,8,13268,0,0,0,51,152	292	149	1
7648	0,0,0,0,0	0,1,0,0,0	0,0,0,0,28,2,0,0,0,0,4,0,0,0,0,0	0,0,0,0,0,0,0,0,0,0,14,0,0,0,12,2	194	149	1
7650	0,6,0,0,0	0,0,0,0,0	0,0,0,0,88,0,0,0,0,0,32,0,0,0,63,14	0,0,0,0,22,0,0,0,0,0,0,0,0,0,0,0	202	149	1
7651	0,11,0,0,0	0,118,0,0,0	0,0,0,0,25,0,0,0,0,0,15,0,0,0,2,2	0,0,0,0,244,0,0,0,0,0,345,0,0,0,14,48	240	149	1
7652	0,46,0,0,0	0,360,0,0,0	0,0,0,0,79,0,0,0,0,0,145,0,0,0,13,18	0,0,0,0,1122,0,0,0,0,0,4199,0,0,0,43,388	247	149	1
7653	0,0,0,0,0	0,2,0,0,0	0,0,0,0,12,0,0,0,0,0,8,0,0,0,0,4	0,0,0,0,5,0,0,0,0,0,14,0,0,0,0,2	152	149	1
7654	0,8,0,0,0	0,2,0,0,0	0,0,0,0,58,0,0,0,0,0,75,0,0,0,0,42	0,0,0,0,5,0,0,0,0,0,14,0,0,0,0,2	213	149	1
7655	0,8,0,0,0	0,0,0,0,0	0,0,0,0,46,0,0,0,0,0,71,0,0,0,0,42	0,0,0,0,0,0,0,0,0,0,4,0,0,0,0,4	210	149	1
7656	0,46,0,0,0	0,15,0,0,0	0,0,0,0,355,0,0,0,0,2,413,0,0,0,206,25	0,0,0,0,32,0,0,0,0,0,44,0,0,0,41,6	173	149	1
7657	0,78,0,0,0	0,7,2,0,0	0,0,0,0,451,0,0,0,0,2,134,0,0,0,221,39	0,0,0,0,181,0,0,0,0,0,64,0,0,0,79,0	1428	149	1
7658	0,46,2,0,4	0,25,0,0,0	0,0,0,0,701,8,4,2,0,0,254,0,0,0,409,13	0,0,0,0,137,2,0,0,0,0,236,0,0,0,154,9	924	149	1
7661	0,0,0,0,0	0,128,0,0,2	0,0,0,0,15,0,0,0,0,0,6,0,0,0,1,0	0,0,0,0,983,0,0,0,0,0,1255,0,0,0,475,83	178	149	1
7662	0,0,0,0,0	0,128,0,0,2	0,0,0,0,36,0,0,0,0,0,24,0,0,0,16,2	0,0,0,0,983,0,0,0,0,0,1255,0,0,0,475,83	265	149	1
7664	0,25,0,0,0	0,94,0,0,2	0,0,0,0,83,0,0,0,0,0,23,0,0,0,6,2	0,0,0,0,203,0,0,1,0,0,102,0,0,0,15,4	333	149	1
7665	0,53,0,0,0	0,9,0,0,2	0,0,0,0,96,0,0,0,0,0,44,0,0,0,27,4	0,0,0,0,88,0,0,0,0,0,85,0,0,0,3,4	439	149	1
7666	0,26,0,0,0	0,0,0,0,0	0,0,0,0,145,0,0,0,0,0,77,0,0,0,0,4	0,0,0,0,6,0,0,0,0,0,7,0,0,0,0,0	174	149	1
7668	0,1016,2,0,0	0,0,0,0,0	0,0,0,0,2671,0,0,8,0,2,2623,0,0,0,2560,361	0,0,0,0,0,0,0,0,0,0,4,0,0,0,0,0	261	149	1
7670	0,61,0,0,0	0,116,0,0,0	0,0,0,0,199,0,0,0,0,0,251,0,0,0,133,7	0,0,0,0,336,0,0,0,2,0,381,0,0,0,255,6	152	149	1
7671	0,65,2,0,0	0,0,0,0,0	0,0,0,0,376,0,0,0,0,0,431,0,0,0,449,38	0,0,0,0,0,0,2,0,0,0,5,0,0,0,0,0	152	149	1
7672	0,0,0,0,0	0,4,0,0,2	0,0,0,0,0,0,0,0,0,0,3,0,0,0,0,0	0,0,0,0,17,0,0,0,0,0,4,0,0,0,0,0	152	149	1
7673	0,263,0,0,0	0,0,0,0,0	0,0,0,0,246,0,0,0,0,0,569,0,0,0,226,19	0,0,0,0,0,0,0,0,0,0,6,0,0,0,0,0	524	149	1
7674	0,1,0,0,0	0,17,0,0,0	0,0,0,0,72,0,0,0,0,0,79,0,0,0,108,33	0,0,0,0,110,4,0,0,0,2,107,0,0,0,94,58	152	149	1
7677	0,125,0,0,0	0,10,0,0,0	0,0,0,0,1402,0,0,2,2,0,639,0,0,0,228,161	0,0,0,0,25,0,0,0,0,0,24,0,0,0,6,6	153	149	1
7678	0,5,0,0,0	0,0,0,0,0	0,0,0,0,175,0,0,0,0,0,64,0,0,0,59,2	0,0,0,0,0,0,0,0,0,0,4,0,0,0,0,0	152	149	1
7679	0,145,0,0,0	0,6,0,0,0	0,0,0,0,224,0,0,0,0,0,86,0,0,0,129,11	0,0,0,0,0,0,0,0,0,0,0,0,0,0,12,0	230	149	1
7680	0,20,4,0,0	0,0,0,0,0	0,0,0,0,355,4,0,0,0,0,155,0,0,0,277,31	0,0,0,0,0,0,0,0,0,0,0,0,0,0,5,0	1681	149	1
7681	0,3,0,0,0	0,10,0,0,0	0,0,0,0,0,0,0,0,0,0,0,0,0,0,14,0	0,0,0,0,114,0,0,0,0,0,54,0,0,0,40,6	189	149	1
7694	0,9,0,0,0	0,0,0,0,0	0,0,0,0,48,0,0,0,0,0,50,0,0,0,336,27	0,0,0,0,0,0,0,0,0,0,5,0,0,0,4,1	241	149	1
7696	0,0,0,0,0	0,4,0,0,0	0,0,0,0,0,0,0,0,0,0,7,0,0,0,310,2	0,0,0,0,3,0,0,0,0,0,18,0,0,0,87,7	2185	149	1
7698	0,0,0,0,0	0,6,0,0,0	0,0,0,0,20,0,0,0,0,0,0,0,0,0,9,0	0,0,0,0,28,0,0,0,0,0,100,0,0,0,129,4	182	149	1
7699	0,26,0,0,0	0,0,0,0,0	0,0,0,0,342,2,2,4,0,2,261,0,0,0,1115,40	0,0,0,0,0,0,0,0,0,0,0,0,0,0,8,0	2260	149	1
7700	0,39,0,0,0	0,4,0,0,0	0,0,0,0,191,0,0,0,0,0,112,0,0,0,193,1	0,0,0,0,0,0,0,0,0,0,13,0,0,0,19,0	152	149	1
7702	0,0,0,0,0	0,3,0,0,0	0,0,0,0,0,0,0,0,0,0,2,0,0,0,0,0	0,0,0,0,0,0,0,0,0,0,7,0,0,0,0,0	308	149	1
7707	0,2028,0,0,0	0,19,0,0,0	0,0,0,0,38,0,0,0,0,0,0,0,0,0,0,0	0,0,0,0,0,0,0,0,0,0,0,0,0,0,0,0	601	149	1
7708	0,2,0,0,0	0,0,0,0,0	0,0,0,0,0,0,0,0,0,0,7,0,0,0,20,0	0,0,0,0,0,0,0,0,0,0,2,0,0,0,33,0	152	149	1
7709	0,72,0,0,0	0,19,0,0,0	0,0,0,0,223,0,0,2,0,0,493,0,0,0,132,28	0,0,0,0,127,0,0,2,0,0,187,0,0,0,47,16	152	149	1
7727	0,29,2,0,0	0,0,0,0,0	0,0,0,0,180,0,0,0,0,0,175,0,0,0,70,4	0,0,0,0,21,0,0,0,0,0,0,0,0,0,3,2	152	149	1
7730	0,11,0,0,0	0,0,0,0,0	0,0,0,0,0,0,0,0,0,0,0,0,0,0,9,7	0,0,0,0,0,0,0,0,0,0,0,0,0,0,0,1	201	149	1
7732	0,417,2,0,0	0,0,0,0,0	0,0,0,0,680,4,4,2,0,2,1485,0,0,0,833,89	0,0,0,0,0,0,0,0,0,0,4,0,0,0,0,0	196	149	1
7737	0,0,0,0,0	0,17,0,0,0	0,0,0,0,29,0,0,0,0,0,17,0,0,0,3,0	0,0,0,0,18,0,0,0,0,0,198,0,0,0,9,1	171	149	1
7740	0,50,4,0,0	0,0,0,0,0	0,0,0,0,239,0,0,0,0,0,38,0,0,0,55,3	0,0,0,0,0,0,0,0,0,0,1,0,0,0,2,0	208	149	1
7741	0,2,0,0,0	0,7,0,0,0	0,0,0,0,37,0,0,0,0,0,11,0,0,0,9,1	0,0,0,0,20,0,0,0,0,0,9,0,0,0,3,0	152	149	1
7743	0,12,2,0,0	0,12,2,0,0	0,0,0,0,4,0,0,0,0,0,0,0,0,0,0,0	0,0,0,0,33,0,0,0,0,0,19,0,0,0,5,0	189	149	1
7747	0,0,0,0,0	0,7,0,0,0	0,0,0,0,0,0,0,0,0,0,0,0,0,0,0,5	0,0,0,0,33,0,0,0,0,0,0,0,0,0,30,10	269	149	1
7750	0,7,0,0,0	0,0,0,0,0	0,0,0,0,33,0,0,0,0,0,1,0,0,0,30,10	0,0,0,0,0,0,0,0,0,0,0,0,0,0,0,2	154	149	1
7754	0,10,0,0,0	0,16,0,0,0	0,0,0,0,4,0,0,0,0,0,4,0,0,0,47,1	0,0,0,0,64,0,0,0,0,0,23,0,0,0,11,1	229	149	1
7756	0,435,2,0,10	0,1,0,0,0	0,0,0,0,694,0,0,5,0,6,2349,0,0,0,479,250	0,0,0,0,0,0,0,0,0,0,1,0,0,0,0,0	185	149	1
7758	0,898,0,0,4	0,0,0,0,0	0,0,0,0,1002,0,0,4,0,6,1593,0,0,0,483,141	0,0,0,0,21,0,0,0,0,0,0,0,0,0,0,0	763	149	1
7759	0,1580,0,0,2	0,5,0,0,0	0,0,0,0,1134,0,0,3,0,0,2016,0,0,0,312,99	0,0,0,0,0,0,0,0,0,0,0,0,0,0,3,1	223	149	1
7760	0,2050,0,0,2	0,3,0,0,0	0,0,0,0,1371,0,0,3,0,0,2501,0,0,0,348,122	0,0,0,0,22,0,0,0,0,0,8,0,0,0,2,0	268	149	1
7761	0,475,0,0,0	0,3,0,0,0	0,0,0,0,237,0,0,0,0,0,485,0,0,0,39,24	0,0,0,0,22,0,0,0,0,0,8,0,0,0,2,0	194	149	1
7762	0,404,0,0,0	0,24,0,0,0	0,0,0,0,677,0,0,0,0,0,508,0,0,0,18,4	0,0,0,0,26,0,0,0,0,0,15,0,0,0,0,1	259	149	1
7763	0,44,0,0,2	0,2,0,0,0	0,0,0,0,213,0,0,0,0,0,174,0,0,0,4,14	0,0,0,0,0,0,0,0,0,0,6,0,0,0,0,2	187	149	1
7764	0,7,0,0,0	0,18,0,0,0	0,0,0,0,38,0,0,0,0,0,44,0,0,0,3,3	0,0,0,0,65,0,0,2,0,0,77,0,0,0,6,4	152	149	1
7765	0,74,0,0,0	0,0,0,0,0	0,0,0,0,139,0,0,2,0,0,45,0,0,0,170,37	0,0,0,0,42,0,0,0,0,0,26,0,0,0,35,16	217	149	1
7766	0,61,0,0,2	0,0,0,0,0	0,0,0,0,161,0,0,0,0,0,97,0,0,0,130,89	0,0,0,0,0,0,0,0,0,0,10,0,0,0,3,6	248	149	1
7767	0,715,0,0,0	0,15,0,0,0	0,0,0,0,700,0,0,4,0,0,422,0,0,0,374,351	0,0,0,0,0,0,0,0,0,0,10,0,0,0,0,15	358	149	1
7768	0,12,2,0,0	0,3,0,0,0	0,0,0,0,99,0,0,0,0,0,348,0,0,0,768,214	0,0,0,0,0,0,0,0,0,0,7,0,0,0,18,5	168	149	1
7771	0,40,0,0,0	0,31,0,0,0	0,0,0,0,47,0,0,0,0,0,13,0,0,0,5,4	0,0,0,0,17,0,0,0,0,0,0,0,0,0,6,5	233	149	1
7772	0,4,0,0,0	0,21,0,0,0	0,0,0,0,68,0,0,0,0,0,17,0,0,0,0,0	0,0,0,0,48,0,0,0,0,2,21,0,0,0,20,0	308	149	1
7773	0,179,0,0,0	0,0,0,0,0	0,0,0,0,354,0,0,0,0,2,1289,0,0,0,71,48	0,0,0,0,0,0,0,0,0,0,12,0,0,0,0,0	211	149	1
7774	0,5,0,0,0	0,0,0,0,0	0,0,0,0,50,2,0,0,0,0,57,0,0,0,98,21	0,0,0,0,0,0,0,0,0,0,3,0,0,0,2,0	154	149	1
7779	0,158,0,0,0	0,0,0,0,0	0,0,0,0,923,0,2,0,0,0,629,0,0,0,18,88	0,0,0,0,7,0,0,0,0,0,0,0,0,0,0,0	494	149	1
7786	0,0,0,0,0	0,73,0,0,0	0,0,0,0,17,0,0,0,0,0,0,0,0,0,0,1	0,0,0,0,954,0,0,0,0,0,517,0,0,0,511,101	182	149	1
7787	0,0,0,0,0	0,10,0,0,0	0,0,0,0,48,4,0,0,0,0,27,0,0,0,32,5	0,0,0,0,314,0,0,0,0,0,239,0,0,0,48,5	393	149	1
7788	0,7,0,0,0	0,0,0,0,0	0,0,0,0,8,0,0,0,0,0,1,0,0,0,6,0	0,0,0,0,10,0,0,0,0,0,4,0,0,0,6,0	205	149	1
7789	0,208,0,0,0	0,0,0,0,0	0,0,0,0,280,0,0,0,0,0,951,0,0,0,169,1	0,0,0,0,0,0,0,0,0,0,3,0,0,0,0,0	194	149	1
7790	0,196,0,0,0	0,0,0,0,0	0,0,0,0,276,0,0,0,0,0,939,0,0,0,169,1	0,0,0,0,0,0,0,0,0,0,1,0,0,0,0,0	194	149	1
7791	0,250,0,0,0	0,5,0,0,0	0,0,0,0,310,0,0,0,0,0,1043,0,0,0,184,1	0,0,0,0,29,0,0,0,0,0,109,0,0,0,8,0	227	149	1
7792	0,99,0,0,0	0,448,0,0,0	0,0,0,0,382,0,0,0,0,0,179,0,0,0,99,0	0,0,0,0,641,0,0,0,0,0,2430,0,0,0,161,10	1233	149	1
7795	0,3,0,0,0	0,5,0,0,0	0,0,0,0,19,0,0,0,0,0,0,0,0,0,0,0	0,0,0,0,24,0,0,0,0,0,0,0,0,0,0,1	520	149	1
7796	0,0,1,0,0	0,0,0,0,0	0,0,0,0,4,0,0,0,0,0,1,0,0,0,3,0	0,0,0,0,23,0,0,0,0,0,14,0,0,0,11,1	152	149	1
7797	0,17,0,0,0	0,0,0,0,0	0,0,0,0,32,0,0,0,0,0,47,0,0,0,0,13	0,0,0,0,4,0,0,0,0,0,22,0,0,0,0,4	170	149	1
7798	0,1,0,0,0	0,128,0,0,0	0,0,0,0,51,0,0,0,0,0,22,0,0,0,0,2	0,0,0,0,640,0,0,2,2,2,1202,0,0,0,148,52	212	149	1
7801	0,35,0,0,4	0,0,0,0,0	0,0,0,0,12,0,0,2,2,0,69,0,0,0,8,108	0,0,0,0,0,0,0,0,0,0,6,0,0,0,0,0	200	149	1
7803	0,73,0,0,0	0,0,0,0,0	0,0,0,0,94,0,0,0,0,0,40,0,0,0,0,40	0,0,0,0,0,0,0,0,0,0,6,0,0,0,0,0	486	149	1
7808	0,90,0,0,0	0,0,0,0,0	0,0,0,0,255,0,0,0,0,0,294,0,0,0,176,2	0,0,0,0,0,0,0,0,0,0,3,0,0,0,0,0	221	149	1
7810	0,637,0,0,4	0,0,0,0,0	0,0,0,0,5816,0,0,2,4,0,4057,0,0,0,589,147	0,0,0,0,31,0,0,0,0,0,14,0,0,0,4,0	188	149	1
7812	0,52,0,0,0	0,232,0,0,0	0,0,0,0,179,0,0,0,0,0,31,0,0,0,23,0	0,0,0,0,251,0,0,0,0,2,888,0,0,0,239,15	553	149	1
7813	0,5,0,0,0	0,3,0,0,0	0,0,0,0,54,0,0,0,0,0,47,0,0,0,1,13	0,0,0,0,43,0,0,0,0,0,20,0,0,0,1,5	152	149	1
7814	0,12,0,0,0	0,0,0,0,0	0,0,0,0,40,0,0,0,0,0,45,0,0,0,11,1	0,0,0,0,2,0,0,0,0,0,2,0,0,0,0,1	152	149	1
7816	0,7,0,0,0	0,227,0,0,0	0,0,0,0,0,0,0,0,0,0,18,0,0,0,0,0	0,0,0,0,112,0,0,0,0,0,431,0,0,0,0,16	170	149	1
7817	0,14,0,0,0	0,9,0,0,2	0,0,0,0,0,0,0,0,0,0,4,0,0,0,5,2	0,0,0,0,85,0,2,0,0,0,114,0,0,0,125,17	255	149	1
7818	0,47,0,0,0	0,8,0,0,0	0,0,0,0,93,0,0,2,0,0,122,0,0,0,53,27	0,0,0,0,0,0,0,0,0,0,0,0,0,0,0,0	154	149	1
7819	0,55,0,0,0	0,0,0,0,0	0,0,0,0,104,0,0,0,0,0,201,0,0,0,124,20	0,0,0,0,0,0,0,0,0,0,2,0,0,0,0,0	969	149	1
7820	0,26,0,0,0	0,0,0,0,0	0,0,0,0,93,2,0,0,0,0,298,0,0,0,104,10	0,0,0,0,0,0,0,0,0,0,16,0,0,0,14,0	224	149	1
7822	0,172,12,0,0	0,0,0,0,0	0,0,0,0,641,2,0,0,0,3,601,0,0,0,1672,242	0,0,0,0,0,0,0,0,0,0,0,0,0,0,0,1	502	149	1
7825	0,0,0,0,0	0,1,0,0,0	0,0,0,0,3,0,0,0,0,0,23,0,0,0,14,0	0,0,0,0,13,0,2,0,2,2,86,0,0,0,222,7	215	149	1
7831	0,24,0,0,2	0,0,0,0,0	0,0,0,0,175,2,0,0,0,0,292,0,0,0,468,85	0,0,0,0,0,0,0,0,0,0,1,0,0,0,5,0	200	149	1
7836	0,0,0,0,0	0,6,0,0,0	0,0,0,0,9,0,0,0,0,0,1,0,0,0,0,0	0,0,0,0,50,0,2,0,0,0,3,0,0,0,22,4	190	149	1
7838	0,7,2,0,0	0,0,0,0,0	0,0,0,0,101,0,0,0,0,2,59,0,0,0,78,0	0,0,0,0,0,0,0,0,0,0,3,0,0,0,0,0	377	149	1
7843	0,162,0,0,0	0,1,0,0,0	0,0,0,0,285,0,0,0,0,2,486,0,0,0,179,16	0,0,0,0,0,0,0,0,0,0,3,0,0,0,1,0	170	149	1
7844	0,9,0,0,0	0,0,0,0,0	0,0,0,0,155,0,2,0,0,0,174,0,0,0,270,23	0,0,0,0,0,0,0,0,0,0,1,0,0,0,0,0	167	149	1
7845	0,4,0,0,0	0,0,0,0,0	0,0,0,0,6,0,0,0,0,0,0,0,0,0,3,0	0,0,0,0,11,0,0,0,0,0,2,0,0,0,6,0	166	149	1
7846	0,4,0,0,0	0,0,0,0,0	0,0,0,0,6,0,0,0,0,0,6,0,0,0,15,0	0,0,0,0,12,0,0,0,0,0,0,0,0,0,0,0	241	149	1
7851	0,906,2,0,4	0,0,0,0,0	0,0,0,0,3939,4,0,0,0,8,723,0,0,0,193,28	0,0,0,0,9,0,0,0,0,0,0,0,0,0,0,0	1028	149	1
7853	0,4,0,0,0	0,0,0,0,0	0,0,0,0,214,0,0,0,2,0,124,0,0,0,0,3	0,0,0,0,0,0,0,0,0,0,6,0,0,0,0,3	194	149	1
7854	0,161,0,0,0	0,37,0,0,0	0,0,0,0,133,0,0,2,0,0,350,0,0,0,1,3	0,0,0,0,0,0,0,0,0,0,8,0,0,0,0,0	668	149	1
7855	0,0,0,0,0	0,3,0,0,0	0,0,0,0,91,0,0,0,0,0,6,0,0,0,1,0	0,0,0,0,143,0,0,0,0,0,10,0,0,0,0,16	153	149	1
7858	0,7,0,0,0	0,0,0,0,0	0,0,0,0,30,0,0,0,0,0,2,0,0,0,0,0	0,0,0,0,0,0,0,0,0,0,0,0,0,0,1,0	152	149	1
7859	0,24,0,0,0	0,0,0,0,0	0,0,0,0,148,0,0,0,0,0,121,0,0,0,441,62	0,0,0,0,10,0,0,0,0,0,1,0,0,0,0,0	153	149	1
7860	0,5,0,0,0	0,0,0,0,0	0,0,0,0,30,0,0,2,0,0,57,0,0,0,49,0	0,0,0,0,0,0,0,0,0,0,2,0,0,0,0,0	155	149	1
7863	0,105,0,0,0	0,0,0,0,0	0,0,0,0,144,2,2,2,0,0,400,0,0,0,561,39	0,0,0,0,0,0,0,0,0,0,8,0,0,0,0,0	206	149	1
7864	0,0,0,0,2	0,43,0,0,0	0,0,0,0,22,0,0,0,0,0,0,0,0,0,25,1	0,0,0,0,216,2,0,0,2,0,267,0,0,0,292,316	333	149	1
7865	0,183,0,0,0	0,23,0,0,0	0,0,0,0,578,0,0,0,0,0,205,0,0,0,2,7	0,0,0,0,64,0,0,0,0,0,15,0,0,0,0,1	187	149	1
7866	0,17394,15,0,7	0,0,0,0,0	0,0,0,0,26396,12,4,23,6,8,18919,0,0,0,17045,2078	0,0,0,0,33,0,0,0,0,0,5,0,0,0,0,0	861	149	1
7867	0,185,0,0,2	0,5,0,0,0	0,0,0,0,898,0,0,0,2,2,1243,0,0,0,106,59	0,0,0,0,0,0,0,0,0,0,22,0,0,0,6,0	1043	149	1
7870	0,0,0,0,0	0,1,0,0,0	0,0,0,0,0,0,0,0,0,0,2,0,0,0,0,0	0,0,0,0,0,0,0,0,0,0,0,0,0,0,0,0	336	149	1
7871	0,0,0,0,0	0,2,0,0,0	0,0,0,0,0,0,0,0,0,0,4,0,0,0,0,0	0,0,0,0,10,0,0,0,0,0,8,0,0,0,73,4	170	149	1
7880	0,18,0,0,0	0,0,0,0,0	0,0,0,0,95,0,0,0,0,0,35,0,0,0,136,22	0,0,0,0,15,0,0,0,0,0,0,0,0,0,4,2	152	149	1
7883	0,0,0,0,0	0,33,0,0,0	0,0,0,0,0,0,0,0,0,0,3,0,0,0,8,0	0,0,0,0,105,2,0,0,0,0,95,0,0,0,189,1	163	149	1
7885	0,14,0,0,0	0,16,0,0,0	0,0,0,0,22,0,0,0,0,0,22,0,0,0,23,2	0,0,0,0,27,0,0,0,0,0,24,0,0,0,6,2	152	149	1
7886	0,38,0,0,0	0,0,0,0,0	0,0,0,0,103,0,0,0,0,0,64,0,0,0,18,17	0,0,0,0,0,0,0,0,0,0,0,0,0,0,0,3	272	149	1
7887	0,19,0,0,0	0,0,0,0,0	0,0,0,0,84,0,0,0,2,0,17,0,0,0,35,10	0,0,0,0,10,0,0,0,0,0,7,0,0,0,0,0	456	149	1
7888	0,64,0,0,0	0,52,0,0,0	0,0,0,0,205,0,0,0,0,0,89,0,0,0,30,21	0,0,0,0,101,0,0,0,0,0,69,0,0,0,12,16	152	149	1
7889	0,406,0,0,2	0,94,0,0,0	0,0,0,0,272,0,0,0,0,0,282,0,0,0,35,20	0,0,0,0,155,0,0,0,0,0,52,0,0,0,20,8	161	149	1
7890	0,436,0,0,0	0,10,0,0,0	0,0,0,0,415,0,0,0,0,0,278,0,0,0,18,24	0,0,0,0,15,0,0,0,0,0,0,0,0,0,0,0	170	149	1
7891	0,4961,0,0,10	0,22,0,0,0	0,0,0,0,6639,0,0,6,2,16,18534,0,0,0,4066,1034	0,0,0,0,4,0,0,0,0,0,64,0,0,0,13,5	153	149	1
7892	0,12,0,0,0	0,0,0,0,0	0,0,0,0,111,0,0,2,0,0,125,0,0,0,236,34	0,0,0,0,18,0,0,0,0,0,0,0,0,0,0,0	580	149	1
7893	0,11,0,0,0	0,93,0,0,0	0,0,0,0,0,0,0,0,0,0,11,0,0,0,12,3	0,0,0,0,0,0,0,0,0,0,55,0,0,0,0,0	502	149	1
7895	0,25,0,0,0	0,388,0,0,0	0,0,0,0,0,0,0,0,0,0,0,0,0,0,1,4	0,0,0,0,398,0,0,0,0,0,157,0,0,0,133,23	324	149	1
7897	0,23,0,0,0	0,388,0,0,0	0,0,0,0,0,0,0,0,0,0,0,0,0,0,1,4	0,0,0,0,398,0,0,0,0,0,157,0,0,0,133,23	257	149	1
7902	0,6,0,0,0	0,8,0,0,0	0,0,0,0,0,0,0,0,0,0,0,0,0,0,0,0	0,0,0,0,41,0,0,0,0,0,0,0,0,0,0,0	227	149	1
7904	0,0,0,0,0	0,3,0,0,0	0,0,0,0,0,0,0,0,0,0,4,0,0,0,6,0	0,0,0,0,35,0,0,0,0,0,15,0,0,0,4,0	288	149	1
7907	0,63,0,0,0	0,69,0,0,0	0,0,0,0,12,0,0,0,0,0,19,0,0,0,8,0	0,0,0,0,22,0,0,0,0,0,50,0,0,0,13,0	194	149	1
7908	0,61,0,0,0	0,269,0,0,0	0,0,0,0,65,0,0,0,0,0,79,0,0,0,6,4	0,0,0,0,16,0,0,0,0,0,166,0,0,0,9,3	164	149	1
7909	0,16,0,0,0	0,146,0,0,0	0,0,0,0,31,0,0,0,0,0,9,0,0,0,0,1	0,0,0,0,174,0,0,0,0,0,153,0,0,0,8,18	170	149	1
7913	0,269,0,0,0	0,10,0,0,0	0,0,0,0,1043,0,0,0,0,0,572,0,0,0,122,17	0,0,0,0,14,0,0,0,0,0,18,0,0,0,4,1	233	149	1
7914	0,4,0,0,0	0,78,0,0,0	0,0,0,0,28,0,0,0,2,0,13,0,0,0,12,0	0,0,0,0,474,0,0,0,2,0,274,0,0,0,174,40	175	149	1
7915	0,0,0,0,0	0,4,0,0,0	0,0,0,0,41,0,0,0,0,0,9,0,0,0,4,0	0,0,0,0,21,0,0,0,0,0,4,0,0,0,0,0	319	149	1
7916	0,0,0,0,0	0,4,0,0,0	0,0,0,0,48,0,0,0,0,0,14,0,0,0,4,0	0,0,0,0,21,0,0,0,0,0,4,0,0,0,0,0	347	149	1
7918	0,11,0,0,0	0,30,0,0,0	0,0,0,0,18,0,0,0,0,0,0,0,0,0,0,1	0,0,0,0,24,0,0,0,0,0,148,0,0,0,9,8	390	149	1
7921	0,0,0,0,0	0,44,0,0,0	0,0,0,0,27,0,0,0,0,0,13,0,0,0,0,5	0,0,0,0,58,0,0,0,0,0,132,0,0,0,8,8	287	149	1
7924	0,0,0,0,0	0,49,0,0,0	0,0,0,0,0,0,0,0,0,0,8,0,0,0,0,1	0,0,0,0,207,0,0,2,0,0,185,0,0,0,49,14	163	149	1
7926	0,233,0,0,0	0,0,0,0,0	0,0,0,0,480,0,0,0,0,0,485,0,0,0,55,32	0,0,0,0,0,0,0,0,0,0,2,0,0,0,0,0	200	149	1
7927	0,22,0,0,0	0,1,0,0,0	0,0,0,0,394,0,2,0,0,0,591,0,0,0,696,103	0,0,0,0,83,0,2,0,0,0,99,0,0,0,148,32	152	149	1
7928	0,23,0,0,0	0,7,0,0,0	0,0,0,0,1063,0,0,0,0,0,16,0,0,0,0,6	0,0,0,0,10,0,0,0,0,0,2,0,0,0,1,0	225	149	1
7929	0,52,0,0,0	0,0,0,0,0	0,0,0,0,2009,0,0,0,0,0,50,0,0,0,2,6	0,0,0,0,54,0,0,0,0,0,0,0,0,0,0,0	225	149	1
7930	0,332,0,0,0	0,0,0,0,0	0,0,0,0,5554,0,0,0,0,0,19,0,0,0,14,3	0,0,0,0,41,0,0,0,0,0,0,0,0,0,0,0	1015	149	1
7931	0,368,0,0,0	0,37,0,0,0	0,0,0,0,5979,0,0,0,0,0,21,0,0,0,14,3	0,0,0,0,832,0,0,0,0,0,22,0,0,0,0,0	1015	149	1
7932	0,20,0,0,2	0,47,0,0,2	0,0,0,0,315,0,0,4,0,2,262,0,0,0,162,35	0,0,0,0,817,0,0,0,0,4,567,0,0,0,349,31	152	149	1
7933	0,7,0,0,0	0,0,0,0,2	0,0,0,0,49,0,0,0,0,0,41,0,0,0,32,15	0,0,0,0,0,0,0,0,0,0,0,0,0,0,0,0	152	149	1
7934	0,7,0,0,0	0,0,0,0,0	0,0,0,0,103,0,0,2,0,0,51,0,0,0,42,15	0,0,0,0,0,0,0,0,0,0,23,0,0,0,2,2	152	149	1
7935	0,157,0,0,4	0,17,2,0,0	0,0,0,0,2305,0,0,2,2,2,1560,0,0,0,1344,347	0,0,0,0,201,0,0,0,0,0,141,0,0,0,71,47	152	149	1
7939	0,304,0,0,0	0,0,0,0,0	0,0,0,0,343,0,0,0,0,0,549,0,0,0,278,54	0,0,0,0,0,0,0,0,0,0,0,0,0,0,0,4	333	149	1
7940	0,35,0,0,0	0,62,0,0,0	0,0,0,0,91,0,0,0,0,0,18,0,0,0,7,10	0,0,0,0,76,0,0,0,0,0,183,0,0,0,6,20	232	149	1
7944	0,2,0,0,0	0,2,0,0,0	0,0,0,0,66,0,0,0,0,0,87,0,0,0,23,9	0,0,0,0,0,0,0,0,0,0,9,0,0,0,0,0	179	149	1
7948	0,67,0,0,0	0,10,0,0,0	0,0,0,0,503,0,0,2,0,0,159,0,0,0,55,25	0,0,0,0,33,0,0,0,0,0,24,0,0,0,2,0	152	149	1
7949	0,14,0,0,0	0,0,0,0,0	0,0,0,0,120,0,0,0,0,0,59,0,0,0,22,2	0,0,0,0,18,0,0,0,0,0,1,0,0,0,0,0	152	149	1
7950	0,14,0,0,0	0,8,0,0,0	0,0,0,0,59,0,0,0,0,0,19,0,0,0,28,9	0,0,0,0,12,0,0,0,0,0,5,0,0,0,5,4	233	149	1
7954	0,32,0,0,0	0,0,0,0,0	0,0,0,0,154,2,2,0,0,0,205,0,0,0,129,21	0,0,0,0,0,0,0,0,0,0,0,0,0,0,8,0	171	149	1
7956	0,1,0,0,0	0,46,2,0,0	0,0,0,0,0,0,0,0,0,0,1,0,0,0,0,0	0,0,0,0,209,2,4,2,0,0,253,0,0,0,246,33	185	149	1
7958	0,15,0,0,0	0,171,0,0,0	0,0,0,0,53,0,0,0,0,0,9,0,0,0,1,1	0,0,0,0,223,0,0,0,0,0,419,0,0,0,90,17	426	149	1
7959	0,3,0,0,0	0,157,0,0,0	0,0,0,0,36,0,0,0,0,0,5,0,0,0,0,0	0,0,0,0,144,0,0,0,0,0,372,0,0,0,136,19	199	149	1
7960	0,11,0,0,0	0,136,0,0,0	0,0,0,0,27,0,0,0,0,0,4,0,0,0,18,1	0,0,0,0,146,0,0,0,0,2,298,0,0,0,66,4	243	149	1
7961	0,2,0,0,0	0,226,0,0,0	0,0,0,0,10,0,0,0,0,0,8,0,0,0,22,8	0,0,0,0,272,0,0,2,0,0,300,0,0,0,112,26	499	149	1
7962	0,27,0,0,0	0,471,0,0,0	0,0,0,0,0,0,0,0,0,0,20,0,0,0,17,3	0,0,0,0,535,0,0,0,0,2,766,0,0,0,382,56	201	149	1
7963	0,1322,0,0,0	0,7,0,0,0	0,0,0,0,430,0,0,0,0,0,1112,0,0,0,0,51	0,0,0,0,0,0,0,0,0,0,0,0,0,0,0,2	201	149	1
7964	0,365,0,0,0	0,12,0,0,0	0,0,0,0,112,0,0,0,0,0,269,0,0,0,0,14	0,0,0,0,0,0,0,0,0,0,0,0,0,0,0,0	201	149	1
7968	0,143,0,0,0	0,0,0,0,0	0,0,0,0,264,0,0,0,0,0,354,0,0,0,110,31	0,0,0,0,6,0,0,0,0,0,0,0,0,0,0,2	181	149	1
7973	0,0,0,0,0	0,6,0,0,0	0,0,0,0,15,0,0,0,0,0,11,0,0,0,36,3	0,0,0,0,62,0,0,4,0,0,94,0,0,0,303,89	167	149	1
7975	0,15,0,0,0	0,0,0,0,0	0,0,0,0,34,0,0,0,0,0,41,0,0,0,40,0	0,0,0,0,0,0,0,0,0,0,0,0,0,0,12,0	182	149	1
7976	0,6,0,0,0	0,7,0,0,0	0,0,0,0,0,0,0,0,0,0,0,0,0,0,0,0	0,0,0,0,5,0,0,0,0,0,0,0,0,0,19,4	223	149	1
7977	0,5,0,0,0	0,10,0,0,0	0,0,0,0,0,0,0,0,0,0,0,0,0,0,14,1	0,0,0,0,0,0,0,0,0,0,0,0,0,0,8,0	152	149	1
7978	0,61,0,0,0	0,32,0,0,0	0,0,0,0,65,0,2,0,0,0,101,0,0,0,190,27	0,0,0,0,37,0,0,0,0,0,39,0,0,0,104,10	299	149	1
7982	0,24,0,0,0	0,1,0,0,0	0,0,0,0,103,0,0,2,0,0,47,0,0,0,71,4	0,0,0,0,25,0,0,0,0,0,2,0,0,0,7,0	152	149	1
7986	0,50,0,0,0	0,275,0,0,0	0,0,0,0,79,0,0,0,0,2,107,0,0,0,83,18	0,0,0,0,508,0,2,0,0,0,792,0,0,0,453,56	164	149	1
7987	0,251,0,0,0	0,0,0,0,0	0,0,0,0,471,0,4,0,0,2,707,0,0,0,365,79	0,0,0,0,0,0,0,0,0,0,0,0,0,0,0,7	258	149	1
7988	0,476,0,0,0	0,0,0,0,0	0,0,0,0,900,0,6,0,0,0,1392,0,0,0,735,117	0,0,0,0,0,0,0,0,0,0,0,0,0,0,0,7	243	149	1
7990	0,3,0,0,0	0,0,0,0,0	0,0,0,0,0,0,0,0,0,0,0,0,0,0,5,1	0,0,0,0,8,0,0,0,0,0,12,0,0,0,31,0	169	149	1
7992	0,8,0,0,0	0,0,0,0,0	0,0,0,0,0,0,0,0,0,0,0,0,0,0,7,0	0,0,0,0,0,0,0,0,0,0,0,0,0,0,17,1	169	149	1
7996	0,15,0,0,0	0,9,0,0,0	0,0,0,0,19,0,0,0,0,0,380,0,0,0,0,1	0,0,0,0,30,0,0,0,0,0,410,0,0,0,8,0	152	149	1
7998	0,2,0,0,0	0,57,0,0,0	0,0,0,0,0,0,0,0,0,0,121,0,0,0,0,0	0,0,0,0,13,0,0,0,0,0,1257,0,0,0,0,2	164	149	1
7999	0,0,0,0,0	0,40,0,0,0	0,0,0,0,21,0,0,0,0,0,54,0,0,0,2,2	0,0,0,0,72,0,0,0,0,0,1574,0,0,0,12,0	236	149	1
8000	0,73,0,0,0	0,0,0,0,0	0,0,0,0,214,0,0,0,0,2,180,0,0,0,27,3	0,0,0,0,0,0,0,0,0,0,4,0,0,0,0,0	206	149	1
8002	0,41,0,0,0	0,0,0,0,0	0,0,0,0,185,0,0,0,0,0,239,0,0,0,622,11	0,0,0,0,0,0,0,0,0,0,2,0,0,0,3,1	213	149	1
8003	0,12,0,0,0	0,6,0,0,0	0,0,0,0,44,0,0,0,0,0,64,0,0,0,136,4	0,0,0,0,48,0,0,0,0,0,64,0,0,0,183,12	152	149	1
8004	0,0,0,0,0	0,11,0,0,0	0,0,0,0,0,0,0,2,0,0,12,0,0,0,28,1	0,0,0,0,150,0,0,0,0,2,111,0,0,0,328,8	167	149	1
8005	0,1,0,0,0	0,0,0,0,0	0,0,0,0,16,0,0,0,0,0,18,0,0,0,21,0	0,0,0,0,115,0,0,0,0,2,86,0,0,0,345,8	227	149	1
8006	0,2,2,0,0	0,0,0,0,0	0,0,0,0,106,4,0,0,2,2,141,0,0,0,563,26	0,0,0,0,0,0,0,0,0,0,3,0,0,0,0,0	290	149	1
8008	0,7,0,0,0	0,0,0,0,0	0,0,0,0,41,0,0,0,0,0,0,0,0,0,8,2	0,0,0,0,0,0,0,0,0,0,1,0,0,0,0,0	256	149	1
8009	0,38,0,0,0	0,56,0,0,0	0,0,0,0,34,0,0,0,0,0,18,0,0,0,27,3	0,0,0,0,87,0,0,0,0,0,103,0,0,0,147,4	169	149	1
8012	0,0,0,0,0	0,3,0,0,0	0,0,0,0,0,0,0,0,0,0,0,0,0,0,13,3	0,0,0,0,3,0,0,0,0,0,29,0,0,0,112,13	180	149	1
8013	0,0,0,0,0	0,11,2,0,0	0,0,0,0,0,0,0,0,0,0,0,0,0,0,13,5	0,0,0,0,142,0,0,0,4,0,91,0,0,0,153,46	183	149	1
8014	0,3,0,0,0	0,11,2,0,0	0,0,0,0,3,0,0,0,0,0,29,0,0,0,112,15	0,0,0,0,142,0,0,0,4,0,91,0,0,0,153,46	152	149	1
8015	0,3,0,0,0	0,0,0,0,0	0,0,0,0,49,0,0,0,0,0,94,0,0,0,3,0	0,0,0,0,0,0,2,0,0,0,27,0,0,0,3,3	152	149	1
8017	0,2,0,0,0	0,0,0,0,0	0,0,0,0,52,0,0,0,0,2,79,0,0,0,63,4	0,0,0,0,11,0,0,0,0,0,0,0,0,0,3,0	152	149	1
8018	0,28,0,0,0	0,53,0,0,0	0,0,0,0,69,0,0,0,0,0,16,0,0,0,0,0	0,0,0,0,180,0,0,0,0,0,19,0,0,0,20,3	152	149	1
8020	0,0,0,0,0	0,39,0,0,2	0,0,0,0,39,0,0,0,0,0,0,0,0,0,2,0	0,0,0,0,790,0,0,0,2,0,91,0,0,0,52,29	181	149	1
8022	0,3,0,0,0	0,218,0,0,0	0,0,0,0,0,0,0,0,0,0,8,0,0,0,2,0	0,0,0,0,295,2,2,0,0,0,1257,0,0,0,172,8	175	149	1
8023	0,10,0,0,0	0,131,0,0,0	0,0,0,0,4,0,0,0,0,0,21,0,0,0,0,0	0,0,0,0,162,2,2,0,0,0,1014,0,0,0,199,10	186	149	1
8026	0,164,0,0,0	0,0,0,0,0	0,0,0,0,254,0,0,0,0,0,1049,0,0,0,27,36	0,0,0,0,0,0,0,0,0,0,3,0,0,0,0,0	474	149	1
8027	0,13,0,0,0	0,12,0,0,0	0,0,0,0,43,0,0,0,0,0,149,0,0,0,198,2	0,0,0,0,4,0,0,0,0,0,3,0,0,0,10,0	196	149	1
8028	0,23,0,0,0	0,12,0,0,0	0,0,0,0,42,0,0,0,0,0,21,0,0,0,49,4	0,0,0,0,4,0,0,0,0,0,3,0,0,0,10,0	667	149	1
8029	0,19,0,0,0	0,9,0,0,0	0,0,0,0,42,0,0,0,0,0,7,0,0,0,6,4	0,0,0,0,43,0,0,0,0,0,135,0,0,0,155,2	620	149	1
8030	0,322,0,0,0	0,10,0,0,0	0,0,0,0,847,0,0,0,0,0,718,0,0,0,2,118	0,0,0,0,22,0,0,0,0,0,29,0,0,0,0,3	153	149	1
8031	0,5,0,0,0	0,0,0,0,0	0,0,0,0,44,0,0,0,0,0,0,0,0,0,0,0	0,0,0,0,0,0,0,0,0,0,2,0,0,0,0,0	207	149	1
8032	0,13,0,0,0	0,7,0,0,4	0,0,0,0,119,0,2,0,0,0,2,0,0,0,16,0	0,0,0,0,16,0,0,0,0,0,28,0,0,0,6,0	346	149	1
8033	0,8,0,0,0	0,7,0,0,4	0,0,0,0,75,0,2,0,0,0,4,0,0,0,16,0	0,0,0,0,16,0,0,0,0,0,28,0,0,0,6,0	288	149	1
8035	0,2,0,0,0	0,4,0,0,0	0,0,0,0,0,0,0,0,0,0,0,0,0,0,0,0	0,0,0,0,49,0,0,0,0,0,0,0,0,0,8,3	223	149	1
8040	0,172,2,0,0	0,5,0,0,0	0,0,0,0,506,0,0,2,0,0,290,0,0,0,335,73	0,0,0,0,6,0,0,0,0,0,36,0,0,0,4,7	152	149	1
8042	0,0,0,0,0	0,55,0,0,0	0,0,0,0,0,0,0,0,0,0,2,0,0,0,0,0	0,0,0,0,61,0,0,0,0,0,130,0,0,0,20,6	209	149	1
8045	0,0,0,0,0	0,69,0,0,0	0,0,0,0,20,0,0,0,0,0,12,0,0,0,12,34	0,0,0,0,222,0,0,0,0,0,232,0,0,0,278,33	172	149	1
8046	0,0,2,0,0	0,0,0,0,0	0,0,0,0,21,0,0,0,0,0,47,0,0,0,167,3	0,0,0,0,0,0,0,0,0,0,3,0,0,0,37,0	152	149	1
8048	0,1659,0,0,3	0,61,0,0,0	0,0,0,0,322,0,0,0,0,0,6983,0,0,0,706,195	0,0,0,0,0,0,0,0,0,0,57,0,0,0,31,0	567	149	1
8049	0,2191,0,0,9	0,61,0,0,0	0,0,0,0,896,0,0,2,0,2,16945,0,0,0,1688,300	0,0,0,0,0,0,0,0,0,0,57,0,0,0,31,0	924	149	1
8050	0,754,0,0,6	0,222,0,0,0	0,0,0,0,575,0,0,2,0,2,10065,0,0,0,1108,120	0,0,0,0,1,0,0,0,0,0,103,0,0,0,126,15	506	149	1
8051	0,2121,0,0,2	0,20,0,0,0	0,0,0,0,1812,0,2,6,2,10,2899,0,0,0,1421,244	0,0,0,0,12,0,0,0,0,0,55,0,0,0,24,1	160	149	1
8052	0,1600,2,0,4	0,13,0,0,0	0,0,0,0,1836,2,2,4,0,2,3200,0,0,0,2000,286	0,0,0,0,0,0,0,0,0,0,15,0,0,0,0,0	152	149	1
8054	0,0,0,0,0	0,323,0,0,4	0,0,0,0,1,0,0,0,0,0,3,0,0,0,8,0	0,0,0,0,977,0,0,0,2,0,1852,0,0,0,1840,169	167	149	1
8055	0,0,0,0,0	0,336,8,0,0	0,0,0,0,0,0,0,0,0,0,12,0,0,0,4,11	0,0,0,0,938,4,2,6,4,2,2063,0,0,0,2349,201	166	149	1
8057	0,3,0,0,0	0,148,0,0,2	0,0,0,0,13,0,0,0,0,0,28,0,0,0,77,33	0,0,0,0,992,2,1,4,0,0,1360,0,0,0,1895,119	232	149	1
8058	0,84,2,0,2	0,0,0,0,0	0,0,0,0,549,2,0,2,0,0,939,0,0,0,1406,366	0,0,0,0,0,0,0,0,0,0,0,0,0,0,0,1	155	149	1
8059	0,5,0,0,0	0,0,0,0,0	0,0,0,0,53,0,0,0,0,0,90,0,0,0,56,0	0,0,0,0,0,0,0,0,0,0,0,0,0,0,0,1	176	149	1
8060	0,5,0,0,0	0,0,0,0,0	0,0,0,0,53,0,0,0,0,0,90,0,0,0,56,0	0,0,0,0,0,0,0,0,0,0,0,0,0,0,0,1	191	149	1
8061	0,5,0,0,0	0,0,0,0,0	0,0,0,0,53,0,0,0,0,0,90,0,0,0,57,34	0,0,0,0,0,0,0,0,0,0,0,0,0,0,0,1	258	149	1
8062	0,0,0,0,0	0,79,2,0,2	0,0,0,0,19,0,0,0,0,0,17,0,0,0,10,0	0,0,0,0,515,2,0,2,0,0,866,0,0,0,1360,366	170	149	1
8063	0,0,0,0,0	0,79,2,0,2	0,0,0,0,19,0,0,0,0,0,17,0,0,0,10,0	0,0,0,0,515,2,0,2,0,0,866,0,0,0,1360,366	185	149	1
8064	0,0,0,0,0	0,79,2,0,2	0,0,0,0,19,0,0,0,0,0,17,0,0,0,11,34	0,0,0,0,515,2,0,2,0,0,866,0,0,0,1360,366	252	149	1
8068	0,32,0,0,0	0,0,0,0,0	0,0,0,0,67,0,0,0,0,0,31,0,0,0,41,4	0,0,0,0,0,0,0,0,0,0,0,0,0,0,2,0	537	149	1
8069	0,135,0,0,0	0,158,0,0,0	0,0,0,0,538,0,0,0,0,0,164,0,0,0,388,37	0,0,0,0,449,2,0,2,0,0,889,0,0,0,396,11	2765	149	1
8070	0,103,0,0,0	0,158,0,0,0	0,0,0,0,471,0,0,0,0,0,133,0,0,0,349,33	0,0,0,0,449,2,0,2,0,0,889,0,0,0,396,11	2377	149	1
8072	0,39,0,0,0	0,0,0,0,0	0,0,0,0,84,0,0,0,0,0,94,0,0,0,55,1	0,0,0,0,0,0,0,0,0,0,2,0,0,0,0,0	191	149	1
8073	0,3,0,0,0	0,20,0,0,0	0,0,0,0,17,0,0,0,0,0,25,0,0,0,13,6	0,0,0,0,50,0,0,0,0,0,21,0,0,0,36,2	152	149	1
8074	0,30,0,0,0	0,0,0,0,0	0,0,0,0,150,0,0,2,0,4,296,0,0,0,552,92	0,0,0,0,0,0,0,0,0,0,0,0,0,0,1,0	179	149	1
8075	0,47,0,0,0	0,11,0,0,2	0,0,0,0,437,0,0,0,0,0,24,0,0,0,79,47	0,0,0,0,296,0,0,0,0,0,10,0,0,0,8,13	588	149	1
8084	0,10,0,0,0	0,0,0,0,0	0,0,0,0,363,2,4,0,2,0,34,0,0,0,121,70	0,0,0,0,24,0,0,0,0,0,0,0,0,0,9,5	1561	149	1
8086	0,4,0,0,0	0,0,0,0,0	0,0,0,0,18,0,0,0,0,0,3,0,0,0,11,1	0,0,0,0,11,0,0,0,0,0,7,0,0,0,0,13	181	149	1
8088	0,4,0,0,0	0,0,0,0,0	0,0,0,0,18,0,0,0,0,0,3,0,0,0,5,1	0,0,0,0,11,0,0,0,0,0,0,0,0,0,0,7	167	149	1
8090	0,0,0,0,0	0,4,0,0,0	0,0,0,0,31,0,0,0,0,0,0,0,0,0,2,7	0,0,0,0,0,0,0,0,0,0,3,0,0,0,0,1	204	149	1
8095	0,0,0,0,0	0,52,0,0,0	0,0,0,0,0,0,0,0,0,0,1,0,0,0,0,0	0,0,0,0,169,0,1,0,0,0,144,0,0,0,248,16	167	149	1
8096	0,5,0,0,0	0,43,0,0,0	0,0,0,0,38,0,0,0,0,0,9,0,0,0,9,2	0,0,0,0,165,0,0,0,0,0,90,0,0,0,169,11	170	149	1
8097	0,508,0,0,0	0,19,0,0,0	0,0,0,0,1241,0,2,0,0,0,1089,0,0,0,113,53	0,0,0,0,35,0,0,0,0,0,23,0,0,0,4,16	186	149	1
8098	0,34,0,0,0	0,143,0,0,0	0,0,0,0,28,0,0,0,0,0,20,0,0,0,3,8	0,0,0,0,428,0,0,0,2,2,409,0,0,0,45,92	268	149	1
8100	0,277,0,0,0	0,2,0,0,0	0,0,0,0,562,0,0,4,0,0,1546,0,0,0,97,216	0,0,0,0,0,0,0,0,0,0,2,0,0,0,0,0	191	149	1
8101	0,3,0,0,0	0,221,0,0,0	0,0,0,0,0,0,0,0,0,0,20,0,0,0,2,1	0,0,0,0,456,0,0,0,0,0,1197,0,0,0,51,76	172	149	1
8104	0,773,0,0,0	0,0,0,0,0	0,0,0,0,840,0,0,0,0,2,2417,0,0,0,47,89	0,0,0,0,0,0,0,0,0,0,4,0,0,0,0,0	433	149	1
8105	0,14,0,0,0	0,0,0,0,0	0,0,0,0,72,2,0,0,2,0,70,0,0,0,101,19	0,0,0,0,10,0,0,0,0,0,1,0,0,0,8,0	266	149	1
8106	0,0,0,0,0	0,4,2,0,0	0,0,0,0,0,0,0,0,0,0,0,0,0,0,2,0	0,0,0,0,62,0,0,0,0,0,30,0,0,0,70,22	171	149	1
8107	0,38,0,0,0	0,0,0,0,0	0,0,0,0,327,0,0,2,0,0,246,0,0,0,238,119	0,0,0,0,0,0,0,0,0,0,3,0,0,0,0,0	167	149	1
8108	0,0,0,0,0	0,2,0,0,0	0,0,0,0,7,0,0,0,0,0,3,0,0,0,0,1	0,0,0,0,56,0,0,0,0,2,116,0,0,0,109,28	214	149	1
8109	0,0,0,0,0	0,26,0,0,0	0,0,0,0,0,0,0,0,0,0,3,0,0,0,0,2	0,0,0,0,49,0,0,0,0,0,98,0,0,0,138,35	214	149	1
8110	0,47,0,0,2	0,0,0,0,0	0,0,0,0,562,0,0,0,0,0,352,0,0,0,497,221	0,0,0,0,6,0,0,0,0,0,3,0,0,0,4,0	206	149	1
8115	0,48,0,0,0	0,25,0,0,0	0,0,0,0,9,0,0,0,0,0,16,0,0,0,45,2	0,0,0,0,0,0,0,0,0,0,45,0,0,0,66,7	202	149	1
8119	0,9,0,0,0	0,0,0,0,0	0,0,0,0,50,0,0,0,0,0,4,0,0,0,16,3	0,0,0,0,0,0,0,0,0,0,5,0,0,0,15,3	233	149	1
8120	0,61,0,0,0	0,1,0,0,0	0,0,0,0,194,0,0,0,0,0,42,0,0,0,109,11	0,0,0,0,11,0,0,0,0,0,5,0,0,0,6,1	254	149	1
8122	0,71,2,0,2	0,0,0,0,0	0,0,0,0,117,2,4,2,2,0,64,0,0,0,432,37	0,0,0,0,0,0,0,0,0,0,3,0,0,0,0,0	1530	149	1
8125	0,0,0,0,0	0,8,0,0,0	0,0,0,0,5,0,0,0,0,0,1,0,0,0,0,1	0,0,0,0,0,0,0,0,0,0,1,0,0,0,4,0	164	149	1
8127	0,6,2,0,0	0,12,2,0,0	0,0,0,0,69,0,0,0,0,0,5,0,0,0,62,7	0,0,0,0,25,0,0,0,0,0,48,0,0,0,57,9	3884	149	1
8130	0,12,0,0,0	0,0,0,0,0	0,0,0,0,58,0,0,0,0,0,13,0,0,0,97,5	0,0,0,0,0,0,0,0,0,0,0,0,0,0,0,2	192	149	1
8131	0,16,0,0,0	0,0,0,0,0	0,0,0,0,83,7,0,2,0,0,17,0,0,0,282,24	0,0,0,0,0,0,0,0,0,0,0,0,0,0,0,2	4028	149	1
8132	0,12,0,0,0	0,0,0,0,0	0,0,0,0,58,0,0,0,0,0,13,0,0,0,97,5	0,0,0,0,0,0,0,0,0,0,0,0,0,0,8,3	189	149	1
8133	0,16,0,0,0	0,0,0,0,0	0,0,0,0,83,7,0,2,0,0,17,0,0,0,282,24	0,0,0,0,0,0,0,0,0,0,0,0,0,0,8,3	4025	149	1
8134	0,11,0,0,0	0,7,0,0,0	0,0,0,0,83,7,0,2,0,0,14,0,0,0,252,24	0,0,0,0,58,0,0,0,0,0,10,0,0,0,67,5	3985	149	1
8137	0,42,0,0,0	0,15,0,0,0	0,0,0,0,181,0,0,0,0,0,20,0,0,0,11,0	0,0,0,0,38,0,0,0,0,0,17,0,0,0,2,1	212	149	1
8138	0,39,0,0,0	0,3,0,0,0	0,0,0,0,181,0,0,0,0,0,25,0,0,0,11,0	0,0,0,0,6,0,0,0,0,0,5,0,0,0,0,0	212	149	1
8143	0,0,0,0,0	0,5,0,0,0	0,0,0,0,0,0,0,0,0,0,0,0,0,0,3,8	0,0,0,0,0,0,0,0,0,0,8,0,0,0,0,0	177	149	1
8144	0,97,2,0,0	0,0,0,0,0	0,0,0,0,9,0,0,4,0,0,161,0,0,0,789,10	0,0,0,0,0,0,0,0,0,0,0,0,0,0,10,0	254	149	1
8145	0,0,0,0,0	0,0,2,0,0	0,0,0,0,7,0,0,0,0,0,0,0,0,0,37,9	0,0,0,0,12,0,0,0,0,0,4,0,0,0,27,9	152	149	1
8147	0,3,0,0,0	0,0,0,0,0	0,0,0,0,70,0,0,0,0,0,81,0,0,0,75,3	0,0,0,0,0,0,0,0,0,0,2,0,0,0,2,0	231	149	1
8149	0,0,0,0,0	0,34,0,0,0	0,0,0,0,0,0,0,0,0,0,12,0,0,0,0,0	0,0,0,0,44,0,0,0,0,0,184,0,0,0,156,8	254	149	1
8150	0,0,0,0,0	0,65,0,0,2	0,0,0,0,0,0,0,0,0,0,4,0,0,0,0,1	0,0,0,0,678,0,0,0,0,0,396,0,0,0,301,17	203	149	1
8151	0,261,2,0,0	0,21,0,0,0	0,0,0,0,899,0,0,2,4,0,747,0,0,0,437,53	0,0,0,0,85,0,0,0,0,0,45,0,0,0,28,4	152	149	1
8154	0,0,0,0,0	0,4,0,0,0	0,0,0,0,0,0,0,0,0,0,0,0,0,0,20,0	0,0,0,0,38,10,0,0,0,0,65,0,0,0,125,5	179	149	1
8155	0,1,0,0,0	0,0,0,0,0	0,0,0,0,68,0,0,4,0,0,95,0,0,0,114,25	0,0,0,0,0,0,0,0,0,0,23,0,0,0,2,9	194	149	1
8156	0,98,0,0,0	0,8,0,0,0	0,0,0,0,87,0,0,0,0,0,120,0,0,0,112,6	0,0,0,0,45,0,0,0,0,0,41,0,0,0,54,1	154	149	1
8159	0,11,0,0,0	0,117,0,0,0	0,0,0,0,0,0,0,0,0,0,37,0,0,0,0,11	0,0,0,0,144,0,0,0,0,0,325,0,0,0,0,11	170	149	1
8160	0,11,0,0,0	0,14,0,0,0	0,0,0,0,22,0,0,0,0,0,55,0,0,0,0,14	0,0,0,0,0,0,0,0,0,0,27,0,0,0,0,10	173	149	1
8161	0,117,0,0,0	0,14,0,0,0	0,0,0,0,166,0,0,0,0,0,343,0,0,0,0,14	0,0,0,0,0,0,0,0,0,0,27,0,0,0,0,10	152	149	1
8162	0,138,0,0,0	0,0,0,0,0	0,0,0,0,182,0,0,0,0,0,754,0,0,0,5,25	0,0,0,0,0,0,0,0,0,0,32,0,0,0,0,0	170	149	1
8163	0,138,0,0,0	0,0,0,0,0	0,0,0,0,204,0,0,0,0,0,772,0,0,0,5,28	0,0,0,0,0,0,0,0,0,0,3,0,0,0,0,0	173	149	1
8166	0,151,0,0,0	0,231,0,0,2	0,0,0,0,127,0,0,0,0,0,202,0,0,0,0,13	0,0,0,0,270,0,0,0,0,0,331,0,0,0,2,15	152	149	1
8167	0,177,0,0,0	0,123,0,0,0	0,0,0,0,198,0,0,0,0,0,231,0,0,0,11,1	0,0,0,0,186,0,0,0,0,0,145,0,0,0,1,1	152	149	1
8173	0,121,2,0,0	0,4,0,0,0	0,0,0,0,92,0,0,0,0,0,6,0,0,0,2,4	0,0,0,0,1,0,0,0,0,0,1,0,0,0,0,0	225	149	1
8176	0,16,0,0,0	0,15,0,0,0	0,0,0,0,0,0,0,0,0,0,4,0,0,0,0,0	0,0,0,0,0,0,0,0,0,0,0,0,0,0,0,0	243	149	1
8178	0,0,0,0,0	0,14,0,0,0	0,0,0,0,4,0,0,0,0,0,2,0,0,0,0,0	0,0,0,0,32,0,0,0,0,0,13,0,0,0,0,0	152	149	1
8182	0,0,0,0,0	0,18,0,0,0	0,0,0,0,0,0,0,0,0,0,7,0,0,0,0,0	0,0,0,0,249,0,0,2,0,0,227,0,0,0,173,9	191	149	1
8183	0,0,0,0,0	0,1,0,0,0	0,0,0,0,205,0,0,0,0,0,48,0,0,0,156,9	0,0,0,0,5,0,0,0,0,0,3,0,0,0,35,8	220	149	1
8184	0,2,0,0,0	0,50,0,0,0	0,0,0,0,0,0,0,0,0,0,0,0,0,0,14,0	0,0,0,0,172,2,0,0,0,0,133,0,0,0,231,5	168	149	1
8185	0,0,0,0,0	0,4,0,0,0	0,0,0,0,0,0,0,0,0,0,0,0,0,0,4,4	0,0,0,0,0,0,0,0,0,0,9,0,0,0,13,0	212	149	1
8190	0,4,0,0,0	0,0,0,0,0	0,0,0,0,0,2,0,0,0,0,7,0,0,0,32,0	0,0,0,0,0,0,0,0,0,0,0,0,0,0,6,0	267	149	1
8191	0,39,0,0,0	0,0,0,0,0	0,0,0,0,464,0,0,0,2,0,504,0,0,0,520,48	0,0,0,0,14,0,0,0,0,0,5,0,0,0,14,0	151	149	1
8195	0,1,0,0,0	0,46,2,0,0	0,0,0,0,0,0,0,0,0,0,4,0,0,0,11,0	0,0,0,0,425,0,0,1,0,2,419,0,0,0,624,23	175	149	1
8198	0,0,0,0,0	0,37,0,0,0	0,0,0,0,0,0,0,0,0,0,0,0,0,0,0,1	0,0,0,0,372,0,0,2,0,0,419,0,0,0,665,13	171	149	1
8199	0,179,0,0,0	0,0,0,0,0	0,0,0,0,640,2,0,0,0,2,648,0,0,0,1116,88	0,0,0,0,0,0,0,0,0,0,3,0,0,0,14,0	182	149	1
8200	0,272,2,0,0	0,0,0,0,0	0,0,0,0,321,0,6,0,0,2,683,0,0,0,891,42	0,0,0,0,13,0,0,0,0,0,5,0,0,0,0,1	1306	149	1
8201	0,2857,43,0,23	0,661,6,0,0	0,0,0,0,1099,2,2,11,2,0,5395,0,0,0,47,188	0,0,0,0,380,0,0,8,0,0,1502,0,0,0,19,40	152	149	1
8202	0,75,0,0,0	0,0,0,0,0	0,0,0,0,19,0,0,0,0,0,115,0,0,0,0,2	0,0,0,0,0,0,0,0,0,0,16,0,0,0,0,0	152	149	1
8205	0,1,0,0,0	0,0,0,0,0	0,0,0,0,50,0,0,0,0,0,51,0,0,0,77,7	0,0,0,0,0,0,0,0,0,0,4,0,0,0,3,0	158	149	1
8206	0,90,0,0,0	0,0,0,0,0	0,0,0,0,157,0,0,0,0,0,61,0,0,0,104,79	0,0,0,0,1,0,0,0,0,0,1,0,0,0,0,0	154	149	1
8208	0,11,0,0,0	0,0,0,0,0	0,0,0,0,267,2,0,0,0,0,174,0,0,0,261,3	0,0,0,0,0,0,0,0,0,0,5,0,0,0,17,0	177	149	1
8209	0,242,0,0,0	0,21,0,0,0	0,0,0,0,601,0,2,0,2,0,63,0,0,0,75,13	0,0,0,0,113,0,0,0,0,0,37,0,0,0,11,2	555	149	1
8216	0,3,0,0,0	0,70,0,0,0	0,0,0,0,10,0,0,0,0,0,1,0,0,0,0,0	0,0,0,0,91,0,0,0,0,0,30,0,0,0,0,0	167	149	1
8218	0,47,0,0,0	0,0,0,0,0	0,0,0,0,56,0,0,0,0,0,32,0,0,0,20,2	0,0,0,0,3,0,0,0,0,0,3,0,0,0,0,0	154	149	1
8219	0,18,0,0,0	0,25,0,0,0	0,0,0,0,7,0,0,0,0,0,1,0,0,0,0,0	0,0,0,0,49,0,0,0,0,0,25,0,0,0,0,0	257	149	1
8220	0,0,0,0,0	0,15,0,0,0	0,0,0,0,0,0,0,0,0,0,26,0,0,0,114,4	0,0,0,0,51,0,0,2,4,0,0,0,0,0,106,0	152	149	1
8224	0,247,0,0,0	0,2784,0,0,2	0,0,0,0,296,0,0,0,0,0,218,0,0,0,146,23	0,0,0,0,1438,0,0,2,2,0,3706,0,0,0,986,383	211	149	1
8225	0,722,0,0,2	0,0,0,0,0	0,0,0,0,1182,0,0,1,0,0,2648,0,0,0,11,127	0,0,0,0,0,0,0,0,0,0,1,0,0,0,0,0	366	149	1
8226	0,874,0,0,2	0,4,0,0,0	0,0,0,0,1345,2,2,3,0,2,466,0,0,0,455,65	0,0,0,0,14,2,0,0,0,0,7,0,0,0,0,0	3399	149	1
8229	0,11,0,0,0	0,34,0,0,0	0,0,0,0,23,0,0,0,0,0,51,0,0,0,41,1	0,0,0,0,171,2,0,0,0,0,192,0,0,0,231,14	164	149	1
8247	0,1,0,0,0	0,0,0,0,0	0,0,0,0,191,0,0,0,0,0,42,0,0,0,14,3	0,0,0,0,28,0,0,0,0,0,6,0,0,0,0,4	152	149	1
8248	0,0,0,0,0	0,70,0,0,0	0,0,0,0,22,0,0,0,0,0,3,0,0,0,12,0	0,0,0,0,66,0,0,0,0,0,140,0,0,0,15,4	184	149	1
8249	0,444,0,0,0	0,9,0,0,0	0,0,0,0,245,0,0,0,0,0,495,0,0,0,46,261	0,0,0,0,7,0,0,0,0,2,14,0,0,0,0,10	152	149	1
8259	0,9,0,0,0	0,6,0,0,0	0,0,0,0,68,0,0,0,0,0,6,0,0,0,0,0	0,0,0,0,23,0,0,0,0,0,8,0,0,0,0,2	387	149	1
8261	0,23,0,0,0	0,0,0,0,0	0,0,0,0,51,0,2,0,0,0,83,0,0,0,82,9	0,0,0,0,14,0,0,0,0,0,6,0,0,0,1,0	185	149	1
8262	0,24,0,0,0	0,6,0,0,0	0,0,0,0,71,0,2,0,0,0,100,0,0,0,110,9	0,0,0,0,8,0,0,0,0,0,9,0,0,0,0,3	224	149	1
8263	0,1,0,0,0	0,6,0,0,0	0,0,0,0,34,0,0,0,0,0,23,0,0,0,29,0	0,0,0,0,8,0,0,0,0,0,9,0,0,0,0,3	188	149	1
8264	0,93,0,0,0	0,33,0,0,0	0,0,0,0,407,0,0,0,0,0,35,0,0,0,22,1	0,0,0,0,30,0,0,0,0,0,0,0,0,0,0,0	448	149	1
8268	0,1021,2,0,0	0,40,0,0,0	0,0,0,0,556,0,0,4,0,6,1434,0,0,0,886,142	0,0,0,0,21,0,0,0,0,0,75,0,0,0,3,0	1973	149	1
8269	0,5,0,0,0	0,472,2,0,4	0,0,0,0,13,0,0,0,0,0,28,0,0,0,8,0	0,0,0,0,385,6,0,2,0,0,1070,0,0,0,750,42	231	149	1
8270	0,95,2,0,2	0,139,2,0,0	0,0,0,0,128,0,0,0,0,0,601,0,0,0,363,14	0,0,0,0,437,0,0,0,0,0,637,0,0,0,319,12	159	149	1
8271	0,3,0,0,0	0,0,0,0,0	0,0,0,0,0,0,0,0,0,0,0,0,0,0,0,0	0,0,0,0,0,0,0,0,0,0,0,0,0,0,3,0	150	149	1
8272	0,10,0,0,0	0,0,0,0,0	0,0,0,0,0,0,0,0,0,0,23,0,0,0,98,0	0,0,0,0,13,0,0,0,0,0,13,0,0,0,39,0	175	149	1
8273	0,10,0,0,0	0,0,0,0,0	0,0,0,0,40,0,0,2,0,0,14,0,0,0,34,3	0,0,0,0,0,0,0,0,0,0,10,0,0,0,0,0	175	149	1
8274	0,22,0,0,0	0,230,0,0,0	0,0,0,0,212,0,0,0,0,0,0,0,0,0,0,0	0,0,0,0,1759,0,0,0,0,0,32,0,0,0,0,0	230	149	1
8275	0,6,0,0,0	0,273,0,0,0	0,0,0,0,64,0,0,0,0,0,0,0,0,0,0,0	0,0,0,0,2381,0,0,0,0,0,43,0,0,0,12,2	177	149	1
8276	0,126,0,0,0	0,6,0,0,0	0,0,0,0,1226,0,0,0,0,0,14,0,0,0,8,8	0,0,0,0,25,0,0,0,0,0,0,0,0,0,0,0	642	149	1
8277	0,2,0,0,0	0,0,0,0,0	0,0,0,0,1513,0,0,0,0,0,6,0,0,0,0,0	0,0,0,0,41,0,0,0,0,0,0,0,0,0,0,0	272	149	1
8280	0,5,0,0,0	0,0,0,0,0	0,0,0,0,20,0,0,0,0,0,22,0,0,0,90,19	0,0,0,0,14,0,0,0,0,0,2,0,0,0,0,0	200	149	1
8281	0,2,0,0,0	0,95,0,0,0	0,0,0,0,15,0,0,0,0,0,0,0,0,0,0,0	0,0,0,0,410,0,0,0,0,0,92,0,0,0,5,13	180	149	1
8285	0,66,0,0,0	0,186,0,0,0	0,0,0,0,46,0,0,0,0,0,67,0,0,0,11,3	0,0,0,0,56,0,0,0,0,2,173,0,0,0,12,10	152	149	1
8288	0,184,0,0,0	0,5,0,0,0	0,0,0,0,521,0,0,0,4,0,80,0,0,0,68,134	0,0,0,0,33,0,0,0,0,0,2,0,0,0,9,3	1461	149	1
8289	0,230,0,0,0	0,0,0,0,0	0,0,0,0,345,0,0,0,0,0,257,0,0,0,76,46	0,0,0,0,0,0,0,0,0,0,0,0,0,0,3,0	227	149	1
8291	0,5,0,0,0	0,0,0,0,0	0,0,0,0,21,0,0,0,0,0,0,0,0,0,22,191	0,0,0,0,4,0,2,0,0,2,0,0,0,0,9,12	221	149	1
8292	0,5,0,0,0	0,0,0,0,0	0,0,0,0,42,0,0,0,0,0,0,0,0,0,28,198	0,0,0,0,0,0,0,0,0,0,0,0,0,0,0,1	225	149	1
8294	0,5,0,0,0	0,33,0,0,0	0,0,0,0,40,0,0,0,0,0,0,0,0,0,29,191	0,0,0,0,96,1,0,0,0,2,1,0,0,0,202,1142	221	149	1
8295	0,5,0,0,0	0,0,0,0,0	0,0,0,0,61,0,0,0,0,0,0,0,0,0,35,198	0,0,0,0,1,0,0,0,0,0,0,0,0,0,5,10	225	149	1
8296	0,33,0,0,0	0,0,0,0,0	0,0,0,0,117,1,0,0,0,2,1,0,0,0,208,1149	0,0,0,0,1,0,0,0,0,0,0,0,0,0,5,10	153	149	1
8297	0,0,0,0,0	0,1,0,0,0	0,0,0,0,13,0,0,0,0,0,0,0,0,0,4,0	0,0,0,0,48,0,0,0,0,0,0,0,0,0,80,249	169	149	1
8300	0,0,0,0,0	0,27,0,0,4	0,0,0,0,19,0,0,0,0,0,1,0,0,0,5,2	0,0,0,0,319,0,0,0,0,0,57,0,0,0,21,8	204	149	1
8303	0,0,0,0,0	0,8,0,0,0	0,0,0,0,2,0,0,0,0,0,0,0,0,0,0,1	0,0,0,0,1,0,0,0,0,0,1,0,0,0,0,0	152	149	1
8304	0,9,0,0,0	0,2,0,0,0	0,0,0,0,19,0,0,0,0,0,4,0,0,0,11,0	0,0,0,0,0,0,0,0,0,0,2,0,0,0,0,0	152	149	1
8309	0,54,0,0,0	0,3,0,0,0	0,0,0,0,109,0,0,0,0,0,113,0,0,0,58,5	0,0,0,0,0,0,0,0,0,0,0,0,0,0,0,0	152	149	1
8310	0,164,0,0,0	0,9,0,0,0	0,0,0,0,304,0,0,0,0,0,240,0,0,0,153,24	0,0,0,0,28,0,0,0,0,0,51,0,0,0,8,0	476	149	1
8313	0,1147,0,0,2	0,0,0,0,0	0,0,0,0,3010,2,0,4,0,2,1563,0,0,0,1270,69	0,0,0,0,0,0,0,0,0,0,4,0,0,0,8,0	2133	149	1
8314	0,1150,0,0,2	0,0,0,0,0	0,0,0,0,3003,2,0,4,0,2,1554,0,0,0,1270,66	0,0,0,0,0,0,0,0,0,0,5,0,0,0,0,0	2133	149	1
8316	0,2,0,0,0	0,2,0,0,0	0,0,0,0,52,0,0,0,0,0,1,0,0,0,3,0	0,0,0,0,0,0,0,0,0,0,0,0,0,0,0,2	152	149	1
8320	0,254,3,0,0	0,0,0,0,0	0,0,0,0,294,0,2,0,0,0,536,0,0,0,687,82	0,0,0,0,0,0,0,0,0,0,0,0,0,0,6,0	593	149	1
8321	0,28,0,0,0	0,27,0,0,0	0,0,0,0,18,0,0,0,0,0,5,0,0,0,25,1	0,0,0,0,38,0,0,0,0,0,46,0,0,0,18,17	207	149	1
8322	0,15,0,0,0	0,4,0,0,0	0,0,0,0,29,0,0,0,0,0,16,0,0,0,0,0	0,0,0,0,0,0,0,0,0,0,0,0,0,0,0,0	164	149	1
8323	0,28,0,0,0	0,0,0,0,0	0,0,0,0,29,0,0,0,0,0,3,0,0,0,0,0	0,0,0,0,0,0,0,0,0,0,2,0,0,0,0,1	164	149	1
8324	0,51,0,0,0	0,0,0,0,0	0,0,0,0,41,0,0,0,0,0,7,0,0,0,2,3	0,0,0,0,11,0,0,0,0,0,0,0,0,0,0,0	164	149	1
8325	0,10,0,0,0	0,232,0,0,0	0,0,0,0,12,0,0,0,0,0,5,0,0,0,0,0	0,0,0,0,179,0,0,2,0,0,70,0,0,0,9,13	165	149	1
8326	0,65,0,0,0	0,2,0,0,0	0,0,0,0,122,0,0,0,0,0,26,0,0,0,14,2	0,0,0,0,0,0,0,0,0,0,2,0,0,0,0,0	206	149	1
8327	0,287,0,0,0	0,2,0,0,0	0,0,0,0,289,0,0,2,0,0,91,0,0,0,23,15	0,0,0,0,0,0,0,0,0,0,2,0,0,0,0,0	190	149	1
8328	0,2049,0,0,2	0,2,0,0,0	0,0,0,0,4441,9,4,8,10,9,6427,0,0,0,5558,218	0,0,0,0,14,0,0,0,0,0,24,0,0,0,11,0	221	149	1
8334	0,111,0,0,0	0,6,0,0,0	0,0,0,0,62,0,0,0,0,0,129,0,0,0,70,26	0,0,0,0,0,0,0,0,0,0,29,0,0,0,1,0	176	149	1
8335	0,799,0,0,0	0,6,0,0,0	0,0,0,0,563,0,0,0,0,6,1048,0,0,0,349,96	0,0,0,0,0,0,0,0,0,0,29,0,0,0,1,0	213	149	1
8336	0,688,0,0,0	0,0,0,0,0	0,0,0,0,501,0,0,0,0,6,923,0,0,0,283,72	0,0,0,0,0,0,0,0,0,0,4,0,0,0,4,2	186	149	1
8337	0,111,0,0,0	0,3,0,0,0	0,0,0,0,64,0,0,0,0,0,129,0,0,0,66,24	0,0,0,0,3,0,0,0,0,0,3,0,0,0,0,1	176	149	1
8338	0,355,0,0,0	0,3,0,0,0	0,0,0,0,274,0,0,0,0,0,363,0,0,0,109,65	0,0,0,0,3,0,0,0,0,0,3,0,0,0,0,1	213	149	1
8339	0,244,0,0,0	0,0,0,0,0	0,0,0,0,212,0,0,0,0,0,238,0,0,0,43,41	0,0,0,0,2,0,0,0,0,0,4,0,0,0,0,0	186	149	1
8340	0,25,0,0,0	0,6,0,0,0	0,0,0,0,57,0,0,0,0,0,17,0,0,0,1,11	0,0,0,0,18,0,0,0,0,0,8,0,0,0,0,3	257	149	1
8341	0,23,0,0,0	0,164,0,0,2	0,0,0,0,57,0,0,0,0,0,17,0,0,0,1,11	0,0,0,0,208,0,0,0,0,0,563,0,0,0,338,36	257	149	1
8347	0,1,0,0,0	0,0,0,0,0	0,0,0,0,2,0,0,0,0,0,234,0,0,0,4,32	0,0,0,0,0,0,0,0,0,0,60,0,0,0,0,47	549	149	1
8350	0,2,0,0,0	0,110,1,0,0	0,0,0,0,2,0,0,0,0,0,9,0,0,0,0,9	0,0,0,0,455,0,0,0,0,0,637,0,0,0,102,26	171	149	1
8351	0,10,0,0,0	0,0,0,0,0	0,0,0,0,182,0,0,0,0,0,131,0,0,0,41,4	0,0,0,0,20,0,0,0,0,0,15,0,0,0,8,0	152	149	1
8352	0,266,0,0,0	0,13,0,0,0	0,0,0,0,106,0,0,0,0,0,186,0,0,0,66,28	0,0,0,0,0,0,0,0,0,0,0,0,0,0,3,2	177	149	1
8353	0,24,0,0,0	0,303,0,0,4	0,0,0,0,77,0,0,0,0,0,13,0,0,0,32,0	0,0,0,0,1167,0,2,0,2,2,1595,0,0,0,964,24	340	149	1
8356	0,0,0,0,0	0,14,2,0,2	0,0,0,0,0,0,0,1,0,0,25,0,0,0,100,5	0,0,0,0,100,0,0,0,0,0,448,0,0,0,1680,75	206	149	1
8358	0,139,0,0,0	0,11,0,0,0	0,0,0,0,144,0,0,0,0,0,217,0,0,0,60,7	0,0,0,0,6,0,0,0,0,0,11,0,0,0,0,0	154	149	1
8359	0,356,0,0,0	0,4,0,0,0	0,0,0,0,385,2,0,0,0,0,394,0,0,0,162,27	0,0,0,0,0,0,0,0,0,0,0,0,0,0,8,0	258	149	1
8360	0,5,0,0,0	0,28,0,0,0	0,0,0,0,0,0,0,0,0,0,5,0,0,0,6,2	0,0,0,0,58,0,0,0,0,0,206,0,0,0,151,6	174	149	1
8362	0,5,0,0,0	0,0,0,0,0	0,0,0,0,150,0,0,3,0,0,61,0,0,0,46,1	0,0,0,0,0,0,0,0,0,0,5,0,0,0,1,0	176	149	1
8363	0,14,0,0,0	0,1,0,0,0	0,0,0,0,59,0,0,0,0,0,52,0,0,0,71,1	0,0,0,0,2,0,0,0,0,0,3,0,0,0,7,0	212	149	1
8364	0,54,0,0,0	0,0,0,0,0	0,0,0,0,100,0,0,0,0,0,75,0,0,0,21,6	0,0,0,0,0,0,0,0,0,0,2,0,0,0,0,0	198	149	1
8367	0,197,6,0,2	0,3,0,0,0	0,0,0,0,86,0,0,2,0,0,312,0,0,0,435,14	0,0,0,0,0,0,0,0,0,0,10,0,0,0,13,0	152	149	1
8372	0,3,0,0,0	0,0,0,0,0	0,0,0,0,0,0,0,0,0,0,4,0,0,0,4,0	0,0,0,0,0,0,0,0,0,0,1,0,0,0,0,0	185	149	1
8373	0,0,0,0,0	0,24,0,0,0	0,0,0,0,0,0,0,0,0,0,9,0,0,0,16,0	0,0,0,0,16,0,0,0,0,0,23,0,0,0,57,0	218	149	1
8374	0,1,0,0,0	0,13,0,0,0	0,0,0,0,19,0,0,0,0,0,67,0,0,0,156,2	0,0,0,0,0,0,0,0,0,0,14,0,0,0,14,0	331	149	1
8389	0,420,0,0,2	0,0,0,0,0	0,0,0,0,100,0,0,4,0,4,1384,0,0,0,581,43	0,0,0,0,0,0,0,0,0,0,5,0,0,0,16,0	339	149	1
8390	0,0,0,0,0	0,460,0,0,4	0,0,0,0,0,0,0,0,0,0,3,0,0,0,2,2	0,0,0,0,43,0,0,3,0,0,1092,0,0,0,581,44	184	149	1
8391	0,0,0,0,0	0,47,0,0,0	0,0,0,0,0,0,0,0,0,0,0,0,0,0,0,1	0,0,0,0,33,0,0,0,0,0,40,0,0,0,15,9	210	149	1
8392	0,7,0,0,0	0,6,0,0,2	0,0,0,0,9,0,0,0,0,0,4,0,0,0,0,2	0,0,0,0,35,0,0,0,0,0,29,0,0,0,26,8	179	149	1
8397	0,191,0,0,0	0,7813,0,0,41	0,0,0,0,662,0,0,2,0,0,572,0,0,0,418,7	0,0,0,0,32994,0,2,6,10,2,24771,0,0,0,9282,197	152	149	1
8398	0,250,0,0,0	0,9394,0,0,53	0,0,0,0,1220,0,0,0,0,0,870,0,0,0,396,65	0,0,0,0,39467,0,2,11,18,4,29151,0,0,0,12095,770	238	149	1
8399	0,11413,2,0,57	0,0,0,0,0	0,0,0,0,46974,0,2,15,20,6,34423,0,0,0,15004,873	0,0,0,0,25,0,0,0,0,0,18,0,0,0,4,3	185	149	1
8400	0,9461,2,0,53	0,47,0,0,0	0,0,0,0,39787,0,2,13,18,4,29278,0,0,0,12194,884	0,0,0,0,395,0,0,0,0,2,125,0,0,0,96,8	537	149	1
8401	0,2953,0,0,0	0,21,0,0,0	0,0,0,0,9202,0,0,7,0,2,7408,0,0,0,3388,1152	0,0,0,0,83,0,0,0,0,0,59,0,0,0,20,0	199	149	1
8404	0,22,0,0,0	0,7,0,0,0	0,0,0,0,51,0,0,0,0,0,8,0,0,0,0,5	0,0,0,0,14,0,0,0,0,0,1,0,0,0,0,0	685	149	1
8405	0,33,0,0,0	0,302,0,0,0	0,0,0,0,84,0,0,0,0,0,53,0,0,0,0,5	0,0,0,0,922,0,0,0,0,0,982,0,0,0,4,20	979	149	1
8406	0,18,0,0,0	0,302,0,0,0	0,0,0,0,47,0,0,0,0,0,46,0,0,0,0,0	0,0,0,0,922,0,0,0,0,0,982,0,0,0,4,20	443	149	1
8407	0,45,0,0,0	0,1351,0,0,0	0,0,0,0,61,0,0,0,0,0,19,0,0,0,11,3	0,0,0,0,1547,0,0,0,0,2,1020,0,0,0,51,28	207	149	1
8409	0,3,0,0,0	0,0,0,0,0	0,0,0,0,0,0,0,0,0,0,15,0,0,0,2,0	0,0,0,0,5,0,0,0,0,0,12,0,0,0,0,0	286	149	1
8413	0,533,6,0,0	0,0,0,0,0	0,0,0,0,1717,6,5,0,2,6,2766,0,0,0,2211,250	0,0,0,0,0,0,0,0,0,0,16,0,0,0,9,1	194	149	1
8414	0,177,4,0,0	0,0,0,0,0	0,0,0,0,509,4,2,0,0,6,746,0,0,0,579,119	0,0,0,0,0,0,0,0,0,0,16,0,0,0,9,1	425	149	1
8415	0,46,0,0,0	0,402,2,0,0	0,0,0,0,31,0,0,0,0,0,47,0,0,0,74,58	0,0,0,0,1239,2,3,0,2,0,2067,0,0,0,1706,189	380	149	1
8417	0,3,0,0,0	0,0,0,0,0	0,0,0,0,59,0,0,0,0,0,15,0,0,0,0,1	0,0,0,0,0,0,0,0,0,0,0,0,0,0,3,0	165	149	1
8419	0,1595,0,0,0	0,0,0,0,0	0,0,0,0,2221,2,0,3,0,4,1435,0,0,0,264,102	0,0,0,0,0,0,0,0,0,0,3,0,0,0,0,0	516	149	1
8422	0,1198,2,0,0	0,0,0,0,0	0,0,0,0,2136,6,0,2,6,1,876,0,0,0,2375,231	0,0,0,0,11,0,0,0,0,0,14,0,0,0,14,0	1388	149	1
8423	0,5,0,0,0	0,9,0,0,0	0,0,0,0,35,0,0,0,0,0,21,0,0,0,21,4	0,0,0,0,33,0,0,0,0,0,29,0,0,0,15,1	152	149	1
8424	0,0,0,0,0	0,2,0,0,0	0,0,0,0,124,0,0,0,0,0,57,0,0,0,16,27	0,0,0,0,5,0,0,0,0,0,0,0,0,0,2,0	166	149	1
8434	0,163,0,0,0	0,9,0,0,0	0,0,0,0,1677,0,0,0,2,0,69,0,0,0,59,43	0,0,0,0,0,0,0,0,0,0,1,0,0,0,0,0	211	149	1
8436	0,830,0,0,0	0,0,0,0,0	0,0,0,0,1130,0,0,2,2,0,1198,0,0,0,751,113	0,0,0,0,0,0,0,0,0,0,3,0,0,0,0,0	155	149	1
8437	0,6,0,0,0	0,2,0,0,0	0,0,0,0,2,0,0,0,0,0,1,0,0,0,0,9	0,0,0,0,0,0,0,0,0,0,3,0,0,0,0,3	155	149	1
8439	0,29,0,0,0	0,3,0,0,0	0,0,0,0,0,0,0,0,0,0,4,0,0,0,21,0	0,0,0,0,0,0,0,0,0,0,0,0,0,0,0,3	318	149	1
8440	0,211,0,0,0	0,26,0,0,0	0,0,0,0,113,0,0,0,0,0,199,0,0,0,57,0	0,0,0,0,13,0,0,0,0,0,27,0,0,0,0,2	196	149	1
8441	0,212,0,0,0	0,81,0,0,0	0,0,0,0,113,0,0,0,0,0,216,0,0,0,57,0	0,0,0,0,104,0,0,2,2,0,299,0,0,0,73,0	196	149	1
8443	0,13,0,0,0	0,55,0,0,0	0,0,0,0,0,0,0,0,0,0,0,0,0,0,0,0	0,0,0,0,8,0,0,0,0,0,2,0,0,0,0,0	206	149	1
8448	0,0,0,0,0	0,4,0,0,0	0,0,0,0,0,0,0,0,0,0,0,0,0,0,14,0	0,0,0,0,0,0,0,0,0,0,0,0,0,0,0,0	1106	149	1
8451	0,0,0,0,0	0,142,0,0,0	0,0,0,0,5,0,0,0,0,0,3,0,0,0,10,1	0,0,0,0,425,0,0,0,0,0,331,0,0,0,246,26	182	149	1
8452	0,17,0,0,0	0,3,0,0,0	0,0,0,0,8,0,0,0,0,0,124,0,0,0,108,16	0,0,0,0,0,0,0,0,0,0,1,0,0,0,4,0	153	149	1
8453	0,10,0,0,0	0,92,0,0,0	0,0,0,0,0,0,0,0,0,0,1,0,0,0,0,0	0,0,0,0,50,0,0,0,0,2,175,0,0,0,0,6	181	149	1
8456	0,1,0,0,0	0,14,0,0,0	0,0,0,0,15,0,0,0,0,0,73,0,0,0,11,25	0,0,0,0,140,0,0,0,0,0,187,0,0,0,61,77	164	149	1
8458	0,21,2,0,0	0,3,0,0,0	0,0,0,0,139,0,0,0,0,0,246,0,0,0,259,43	0,0,0,0,73,0,0,0,0,0,167,0,0,0,174,33	152	149	1
8462	0,449,2,0,0	0,0,0,0,0	0,0,0,0,679,0,0,3,0,0,871,0,0,0,488,83	0,0,0,0,0,0,0,0,0,0,5,0,0,0,0,0	185	149	1
8463	0,2,0,0,0	0,0,0,0,0	0,0,0,0,10,0,0,0,0,0,18,0,0,0,24,1	0,0,0,0,18,0,0,0,0,0,7,0,0,0,12,0	263	149	1
8465	0,0,0,0,0	0,1,0,0,0	0,0,0,0,0,0,0,0,0,0,12,0,0,0,0,3	0,0,0,0,14,0,0,0,0,0,0,0,0,0,0,0	152	149	1
8466	0,8,0,0,0	0,107,0,0,0	0,0,0,0,33,0,0,0,0,0,27,0,0,0,17,0	0,0,0,0,1426,4,0,0,2,0,1106,0,0,0,417,25	175	149	1
8467	0,0,0,0,0	0,86,0,0,0	0,0,0,0,43,0,0,0,0,0,37,0,0,0,33,0	0,0,0,0,1267,4,3,4,2,0,972,0,0,0,554,65	165	149	1
8468	0,539,0,0,2	0,0,0,0,0	0,0,0,0,4005,0,0,0,4,0,1067,0,0,0,542,309	0,0,0,0,0,0,0,0,0,0,1,0,0,0,0,0	531	149	1
8469	0,72,0,0,0	0,20,0,0,0	0,0,0,0,55,0,0,0,0,0,68,0,0,0,7,5	0,0,0,0,39,0,0,0,0,0,19,0,0,0,6,20	166	149	1
8470	0,6,0,0,0	0,9,0,0,0	0,0,0,0,0,0,0,0,0,0,2,0,0,0,0,2	0,0,0,0,17,0,0,0,0,0,4,0,0,0,0,0	154	149	1
8471	0,362,0,0,0	0,0,0,0,0	0,0,0,0,277,0,0,0,0,0,238,0,0,0,23,68	0,0,0,0,0,0,0,0,0,0,2,0,0,0,0,0	953	149	1
8472	0,358,0,0,0	0,88,0,0,0	0,0,0,0,277,0,0,0,0,0,235,0,0,0,23,67	0,0,0,0,53,0,0,0,0,0,49,0,0,0,6,8	953	149	1
8473	0,372,0,0,0	0,0,0,0,0	0,0,0,0,296,0,0,0,0,0,256,0,0,0,23,100	0,0,0,0,0,0,0,0,0,0,11,0,0,0,0,0	953	149	1
8475	0,6,0,0,0	0,0,0,0,0	0,0,0,0,0,0,0,0,0,0,2,0,0,0,0,0	0,0,0,0,0,0,0,0,0,0,6,0,0,0,0,0	152	149	1
8480	0,179,0,0,0	0,151,0,0,0	0,0,0,0,212,0,0,0,0,0,280,0,0,0,30,7	0,0,0,0,92,0,0,0,0,0,212,0,0,0,26,16	167	149	1
8481	0,7,0,0,0	0,0,0,0,0	0,0,0,0,0,0,0,0,0,0,7,0,0,0,6,1	0,0,0,0,0,0,0,0,0,0,5,0,0,0,0,0	152	149	1
8482	0,232,0,0,0	0,165,0,0,0	0,0,0,0,154,0,0,2,0,0,312,0,0,0,60,18	0,0,0,0,127,0,0,0,0,2,248,0,0,0,45,22	152	149	1
8483	0,70,0,0,0	0,6,0,0,0	0,0,0,0,94,0,0,0,0,0,65,0,0,0,25,9	0,0,0,0,13,0,0,0,0,0,7,0,0,0,0,2	157	149	1
8484	0,0,2,0,0	0,0,0,0,0	0,0,0,0,31,0,0,0,0,0,9,0,0,0,18,0	0,0,0,0,0,0,0,0,0,0,7,0,0,0,12,0	152	149	1
8489	0,0,0,0,0	0,5,0,0,0	0,0,0,0,28,0,0,0,0,0,52,0,0,0,2,4	0,0,0,0,0,0,0,0,0,0,4,0,0,0,0,0	274	149	1
8494	0,10,0,0,0	0,5,0,0,0	0,0,0,0,88,0,0,0,0,0,61,0,0,0,0,6	0,0,0,0,0,0,0,0,0,0,0,0,0,0,0,0	337	149	1
8497	0,0,0,0,0	0,5,0,0,0	0,0,0,0,0,0,0,0,0,0,1,0,0,0,2,1	0,0,0,0,51,0,0,0,0,0,78,0,0,0,125,18	194	149	1
8508	0,92,0,0,0	0,86,0,0,0	0,0,0,0,228,0,0,0,0,0,189,0,0,0,142,19	0,0,0,0,310,0,0,0,0,0,140,0,0,0,74,13	152	149	1
8509	0,8,0,0,0	0,10,0,0,0	0,0,0,0,37,0,0,0,0,0,7,0,0,0,25,16	0,0,0,0,0,0,0,0,0,0,10,0,0,0,13,17	171	149	1
8510	0,9,0,0,0	0,69,0,0,0	0,0,0,0,49,0,0,0,0,0,6,0,0,0,20,10	0,0,0,0,246,0,0,2,0,0,279,0,0,0,173,22	171	149	1
8511	0,9,0,0,0	0,3,0,0,0	0,0,0,0,6,0,0,0,0,0,12,0,0,0,0,0	0,0,0,0,0,0,0,0,0,0,1,0,0,0,0,0	152	149	1
8512	0,4133,10,0,4	0,9,0,0,0	0,0,0,0,16816,4,0,12,0,2,14575,0,0,0,12339,1398	0,0,0,0,0,0,0,0,0,0,7,0,0,0,7,0	151	149	1
8527	0,47,0,0,0	0,43,0,0,0	0,0,0,0,0,0,0,0,0,0,1,0,0,0,0,0	0,0,0,0,9,0,0,0,0,0,17,0,0,0,0,0	153	149	1
8528	0,2,0,0,0	0,0,0,0,0	0,0,0,0,126,0,0,0,0,0,81,0,0,0,12,66	0,0,0,0,10,0,0,0,0,0,5,0,0,0,0,0	153	149	1
8529	0,0,0,0,0	0,6,0,0,0	0,0,0,0,6,0,0,0,0,0,25,0,0,0,0,0	0,0,0,0,127,0,0,0,0,0,117,0,0,0,2,12	152	149	1
8536	0,0,0,0,0	0,5,0,0,0	0,0,0,0,0,0,0,0,0,0,1,0,0,0,10,0	0,0,0,0,39,0,0,0,0,0,30,0,0,0,1,1	263	149	1
8538	0,2,0,0,0	0,3,0,0,0	0,0,0,0,0,0,0,0,0,0,0,0,0,0,4,0	0,0,0,0,92,0,0,0,0,0,86,0,0,0,49,41	246	149	1
8539	0,1,0,0,0	0,7,0,0,0	0,0,0,0,47,0,0,0,0,0,0,0,0,0,12,4	0,0,0,0,79,0,0,0,0,0,33,0,0,0,93,9	264	149	1
8540	0,22,0,0,0	0,5,0,0,0	0,0,0,0,46,2,0,0,0,0,25,0,0,0,117,3	0,0,0,0,46,0,0,0,0,0,15,0,0,0,61,1	226	149	1
8542	0,2,0,0,0	0,0,0,0,0	0,0,0,0,0,0,0,0,0,0,0,0,0,0,0,0	0,0,0,0,1,0,0,0,0,0,0,0,0,0,0,0	183	149	1
8545	0,235,0,0,0	0,0,0,0,0	0,0,0,0,582,0,0,4,0,0,2121,0,0,0,370,11	0,0,0,0,5,0,0,0,0,0,33,0,0,0,4,1	172	149	1
8547	0,67,2,0,0	0,130,0,0,2	0,0,0,0,160,0,2,0,0,0,56,0,0,0,125,218	0,0,0,0,390,4,2,3,0,0,502,0,0,0,433,72	331	149	1
8548	0,800,2,0,0	0,17,0,0,0	0,0,0,0,1003,0,0,0,0,0,900,0,0,0,782,583	0,0,0,0,33,0,0,0,0,0,17,0,0,0,23,16	196	149	1
8549	0,10,0,0,0	0,0,0,0,0	0,0,0,0,104,0,0,0,0,0,29,0,0,0,8,0	0,0,0,0,0,0,0,0,0,0,7,0,0,0,0,2	213	149	1
8550	0,2,0,0,0	0,4,0,0,0	0,0,0,0,7,2,2,0,0,0,4,0,0,0,15,14	0,0,0,0,26,0,2,0,3,2,67,0,0,0,230,61	198	149	1
8553	0,2,0,0,0	0,0,0,0,0	0,0,0,0,82,0,0,0,0,0,35,0,0,0,27,5	0,0,0,0,15,0,0,0,0,0,0,0,0,0,0,0	154	149	1
8554	0,6,0,0,0	0,0,0,0,0	0,0,0,0,275,0,0,0,0,0,56,0,0,0,58,1	0,0,0,0,0,0,0,0,0,0,4,0,0,0,0,0	217	149	1
8556	0,62,0,0,0	0,13,0,0,0	0,0,0,0,161,0,0,0,0,0,169,0,0,0,56,10	0,0,0,0,26,0,0,0,0,0,6,0,0,0,6,2	155	149	1
8557	0,19,0,0,0	0,97,0,0,0	0,0,0,0,8,0,0,0,0,0,16,0,0,0,7,1	0,0,0,0,93,0,0,0,0,0,228,0,0,0,75,25	217	149	1
8558	0,228,0,0,0	0,0,0,0,0	0,0,0,0,146,0,0,2,0,0,290,0,0,0,144,26	0,0,0,0,0,0,0,0,0,0,6,0,0,0,0,0	156	149	1
8560	0,0,0,0,0	0,39,0,0,2	0,0,0,0,69,0,0,0,0,0,13,0,0,0,0,0	0,0,0,0,179,0,0,0,0,2,132,0,0,0,27,3	220	149	1
8561	0,10,0,0,0	0,0,0,0,0	0,0,0,0,167,0,0,0,0,0,62,0,0,0,14,0	0,0,0,0,11,0,0,0,0,0,0,0,0,0,0,0	254	149	1
8562	0,86,0,0,2	0,0,0,0,0	0,0,0,0,474,0,0,0,0,0,190,0,0,0,14,2	0,0,0,0,0,0,0,0,0,0,5,0,0,0,0,0	350	149	1
8563	0,49,0,0,2	0,0,0,0,0	0,0,0,0,277,0,0,0,0,2,181,0,0,0,41,3	0,0,0,0,11,0,0,0,0,0,0,0,0,0,0,0	183	149	1
8564	0,125,0,0,4	0,0,0,0,0	0,0,0,0,584,0,0,0,0,2,309,0,0,0,41,5	0,0,0,0,0,0,0,0,0,0,5,0,0,0,0,0	279	149	1
8565	0,76,0,0,2	0,0,0,0,0	0,0,0,0,318,0,0,0,0,0,128,0,0,0,0,2	0,0,0,0,0,0,0,0,0,0,5,0,0,0,0,0	245	149	1
8566	0,12,0,0,0	0,221,0,0,0	0,0,0,0,56,0,0,0,0,0,12,0,0,0,0,1	0,0,0,0,633,0,0,0,0,2,201,0,0,0,57,37	292	149	1
8567	0,33,0,0,0	0,17,0,0,0	0,0,0,0,72,0,0,0,0,0,55,0,0,0,37,5	0,0,0,0,110,0,0,0,1,0,155,0,0,0,81,1	378	149	1
8570	0,0,0,0,0	0,19,0,0,0	0,0,0,0,0,0,0,0,0,0,11,0,0,0,20,6	0,0,0,0,90,0,0,0,0,0,87,0,0,0,128,68	211	149	1
8571	0,1,0,0,0	0,248,2,0,0	0,0,0,0,19,0,0,0,0,0,6,0,0,0,7,0	0,0,0,0,430,2,0,4,0,0,713,0,0,0,473,55	309	149	1
8574	0,11,0,0,0	0,0,0,0,0	0,0,0,0,221,0,2,0,0,0,294,0,0,0,363,22	0,0,0,0,0,0,0,0,0,0,2,0,0,0,0,1	1056	149	1
8576	0,7,0,0,0	0,0,0,0,0	0,0,0,0,115,0,2,0,0,0,37,0,0,0,53,4	0,0,0,0,0,0,0,0,0,0,2,0,0,0,0,1	985	149	1
8577	0,25,0,0,0	0,0,0,0,0	0,0,0,0,85,0,0,0,0,0,181,0,0,0,251,30	0,0,0,0,0,0,0,0,0,0,1,0,0,0,0,0	210	149	1
8581	0,34,2,0,0	0,4,0,0,0	0,0,0,0,94,0,0,0,0,2,93,0,0,0,306,6	0,0,0,0,0,0,0,0,0,0,27,0,0,0,34,0	152	149	1
8583	0,87,0,0,0	0,6,0,0,0	0,0,0,0,324,0,0,0,0,0,290,0,0,0,111,5	0,0,0,0,0,0,0,0,0,0,1,0,0,0,0,0	189	149	1
8584	0,34,0,0,0	0,13,0,0,0	0,0,0,0,215,0,0,0,0,0,212,0,0,0,80,5	0,0,0,0,14,0,0,0,0,0,17,0,0,0,0,4	198	149	1
8585	0,4,0,0,0	0,4,0,0,0	0,0,0,0,47,0,0,0,0,0,43,0,0,0,21,1	0,0,0,0,16,0,0,0,0,0,5,0,0,0,0,0	198	149	1
8586	0,55,0,0,0	0,0,0,0,0	0,0,0,0,128,0,0,0,0,0,174,0,0,0,82,4	0,0,0,0,0,0,0,0,0,0,3,0,0,0,0,0	572	149	1
8587	0,0,0,0,0	0,15,0,0,0	0,0,0,0,43,0,0,0,0,0,5,0,0,0,0,0	0,0,0,0,133,0,0,0,0,0,114,0,0,0,28,12	267	149	1
8590	0,70,0,0,0	0,0,0,0,0	0,0,0,0,285,0,0,0,0,4,647,0,0,0,6,34	0,0,0,0,0,0,0,0,0,0,4,0,0,0,0,0	372	149	1
8593	0,0,0,0,0	0,12,0,0,0	0,0,0,0,3,0,0,0,0,0,0,0,0,0,0,0	0,0,0,0,180,0,0,0,0,0,71,0,0,0,0,16	163	149	1
8594	0,28,0,0,0	0,0,0,0,0	0,0,0,0,91,0,0,0,0,0,58,0,0,0,30,12	0,0,0,0,31,0,0,0,0,0,2,0,0,0,3,0	203	149	1
8595	0,33,0,0,0	0,0,0,0,0	0,0,0,0,250,0,0,0,0,0,201,0,0,0,2,93	0,0,0,0,0,0,0,0,0,0,5,0,0,0,0,2	170	149	1
8596	0,104,0,0,0	0,7,0,0,0	0,0,0,0,116,0,0,0,0,0,104,0,0,0,171,10	0,0,0,0,0,0,0,0,0,0,8,0,0,0,0,1	666	149	1
8597	0,8,0,0,0	0,76,0,0,0	0,0,0,0,14,0,0,0,0,0,1,0,0,0,3,0	0,0,0,0,108,0,0,0,0,0,94,0,0,0,142,1	195	149	1
8598	0,6,0,0,0	0,3,0,0,0	0,0,0,0,3,0,0,0,0,0,7,0,0,0,2,0	0,0,0,0,0,0,0,0,0,0,11,0,0,0,8,0	176	149	1
8599	0,4,0,0,0	0,0,0,0,0	0,0,0,0,0,0,0,0,0,0,19,0,0,0,2,0	0,0,0,0,53,0,0,0,0,0,35,0,0,0,7,0	197	149	1
8600	0,36,0,0,0	0,0,0,0,0	0,0,0,0,355,0,0,0,2,0,236,0,0,0,74,24	0,0,0,0,12,0,0,0,0,0,0,0,0,0,0,0	180	149	1
8601	0,0,0,0,0	0,143,0,0,0	0,0,0,0,0,0,0,0,0,0,11,0,0,0,0,1	0,0,0,0,390,0,0,0,0,6,850,0,0,0,84,47	250	149	1
8611	0,82,0,0,0	0,0,0,0,0	0,0,0,0,335,2,0,2,0,0,196,0,0,0,319,28	0,0,0,0,4,0,0,0,0,0,0,0,0,0,0,0	168	149	1
8612	0,3,0,0,0	0,0,0,0,0	0,0,0,0,20,0,0,0,0,0,9,0,0,0,11,0	0,0,0,0,6,0,0,0,0,0,2,0,0,0,0,0	152	149	1
8614	0,10,0,0,0	0,6,0,0,0	0,0,0,0,37,0,0,0,0,0,22,0,0,0,0,7	0,0,0,0,0,0,0,0,0,0,0,0,0,0,0,0	151	149	1
8616	0,242,2,0,0	0,21,0,0,0	0,0,0,0,103,2,4,1,0,2,50,0,0,0,322,13	0,0,0,0,0,0,0,0,0,0,8,0,0,0,19,11	1018	149	1
8617	0,0,0,0,0	0,880,24,0,2	0,0,0,0,0,0,0,0,0,0,4,0,0,0,0,13	0,0,0,0,141,8,4,17,2,4,190,0,0,0,1875,824	173	149	1
8618	0,2,0,0,0	0,0,0,0,0	0,0,0,0,2,0,0,4,0,0,63,0,0,0,275,0	0,0,0,0,0,0,0,0,0,0,5,0,0,0,3,0	175	149	1
8622	0,23,0,0,0	0,2000,0,0,0	0,0,0,0,0,0,0,0,0,0,15,0,0,0,18,3	0,0,0,0,401,0,0,0,0,0,902,0,0,0,707,35	178	149	1
8623	0,1851,0,0,0	0,19,0,0,0	0,0,0,0,387,0,0,1,0,0,1183,0,0,0,703,44	0,0,0,0,0,0,0,0,0,0,16,0,0,0,0,0	179	149	1
8627	0,7,0,0,0	0,0,0,0,0	0,0,0,0,142,0,0,0,0,0,50,0,0,0,14,19	0,0,0,0,13,0,0,0,0,0,0,0,0,0,0,0	568	149	1
8628	0,39,0,0,0	0,1,0,0,0	0,0,0,0,241,0,0,0,0,0,128,0,0,0,3,9	0,0,0,0,10,0,0,0,0,0,4,0,0,0,0,0	232	149	1
8630	0,172,0,0,0	0,7,0,0,0	0,0,0,0,171,0,0,0,0,0,141,0,0,0,15,21	0,0,0,0,0,0,0,0,0,0,4,0,0,0,0,0	161	149	1
8631	0,0,0,0,0	0,18,0,0,0	0,0,0,0,0,0,0,0,0,0,11,0,0,0,6,0	0,0,0,0,133,0,0,0,0,2,234,0,0,0,222,21	169	149	1
8632	0,0,0,0,0	0,13,0,0,2	0,0,0,0,0,0,0,0,0,0,1,0,0,0,10,0	0,0,0,0,80,0,0,0,0,0,177,0,0,0,191,9	192	149	1
8639	0,76,0,0,4	0,0,0,0,0	0,0,0,0,250,4,0,0,0,0,82,0,0,0,178,3	0,0,0,0,0,0,0,0,0,0,0,0,0,0,6,0	222	149	1
8642	0,186,0,0,0	0,0,0,0,0	0,0,0,0,471,0,2,0,0,0,367,0,0,0,220,13	0,0,0,0,0,0,0,0,0,0,0,0,0,0,0,4	363	149	1
8645	0,28,0,0,2	0,4,0,0,0	0,0,0,0,24,0,0,0,0,0,82,0,0,0,44,20	0,0,0,0,90,0,0,0,0,0,20,0,0,0,9,1	152	149	1
8646	0,0,0,0,0	0,4,0,0,0	0,0,0,0,0,0,0,0,0,0,4,0,0,0,0,0	0,0,0,0,90,0,0,0,0,0,20,0,0,0,9,1	171	149	1
8647	0,0,0,0,0	0,28,0,0,2	0,0,0,0,0,0,0,0,0,0,4,0,0,0,0,0	0,0,0,0,24,0,0,0,0,0,82,0,0,0,44,20	168	149	1
8648	0,524,0,0,0	0,34,0,0,0	0,0,0,0,20,0,0,0,0,0,93,0,0,0,536,48	0,0,0,0,4,0,0,0,0,0,6,0,0,0,12,4	154	149	1
8649	0,0,0,0,0	0,19,0,0,0	0,0,0,0,0,0,0,0,0,0,11,0,0,0,0,0	0,0,0,0,76,2,0,7,0,0,122,0,0,0,562,68	170	149	1
8650	0,12,0,0,0	0,69,0,0,0	0,0,0,0,0,0,0,0,0,0,0,0,0,0,28,1	0,0,0,0,13,0,0,2,0,0,19,0,0,0,94,4	390	149	1
8651	0,2,0,0,0	0,23,0,0,0	0,0,0,0,10,0,0,0,0,0,21,0,0,0,0,5	0,0,0,0,595,0,0,0,0,0,1308,0,0,0,5,234	200	149	1
8652	0,0,0,0,0	0,24,0,0,0	0,0,0,0,50,0,0,0,0,0,6,0,0,0,0,3	0,0,0,0,208,0,0,0,0,0,29,0,0,0,2,0	246	149	1
8658	0,0,0,0,0	0,3,0,0,0	0,0,0,0,0,0,0,0,0,0,0,0,0,0,5,0	0,0,0,0,0,0,0,0,0,0,9,0,0,0,14,3	168	149	1
8663	0,152,0,0,0	0,272,0,0,0	0,0,0,0,114,0,0,0,0,0,15,0,0,0,17,1	0,0,0,0,250,0,0,0,0,0,337,0,0,0,71,3	270	149	1
8664	0,619,4,0,0	0,0,0,0,0	0,0,0,0,445,0,0,0,0,0,377,0,0,0,137,21	0,0,0,0,9,0,0,0,0,0,0,0,0,0,0,1	696	149	1
8665	0,5,0,0,0	0,2,0,0,0	0,0,0,0,8,0,0,0,0,0,29,0,0,0,7,1	0,0,0,0,97,0,0,0,0,0,154,0,0,0,91,2	196	149	1
8669	0,10,0,0,0	0,0,0,0,0	0,0,0,0,41,0,0,0,0,0,18,0,0,0,0,0	0,0,0,0,0,0,0,0,0,0,2,0,0,0,0,0	152	149	1
8670	0,114,0,0,0	0,11,0,0,0	0,0,0,0,299,0,0,0,0,0,95,0,0,0,12,2	0,0,0,0,25,0,0,0,0,0,1,0,0,0,0,0	152	149	1
8674	0,735,6,0,0	0,0,0,0,0	0,0,0,0,1875,4,6,10,0,0,1353,0,0,0,1254,122	0,0,0,0,14,0,0,0,0,0,3,0,0,0,0,0	308	149	1
8675	0,53,0,0,0	0,238,0,0,0	0,0,0,0,113,0,0,0,0,0,91,0,0,0,104,1	0,0,0,0,315,2,0,0,8,0,247,0,0,0,193,3	168	149	1
8676	0,973,6,0,0	0,110,0,0,2	0,0,0,0,2141,6,6,10,8,0,1598,0,0,0,1447,125	0,0,0,0,671,2,0,0,0,0,374,0,0,0,317,33	308	149	1
8679	0,18,0,0,2	0,0,0,0,0	0,0,0,0,259,2,0,2,0,0,64,0,0,0,422,20	0,0,0,0,0,0,0,0,0,0,0,0,0,0,4,0	4704	149	1
8680	0,0,0,0,0	0,35,0,0,0	0,0,0,0,0,0,0,0,0,0,0,0,0,0,0,2	0,0,0,0,107,0,0,0,0,0,120,0,0,0,88,19	175	149	1
8688	0,10,0,0,0	0,0,0,0,0	0,0,0,0,17,0,0,0,0,0,16,0,0,0,24,0	0,0,0,0,0,0,0,0,0,0,1,0,0,0,0,0	223	149	1
8689	0,10,0,0,0	0,0,0,0,0	0,0,0,0,35,0,0,0,0,0,20,0,0,0,18,0	0,0,0,0,0,0,0,0,0,0,1,0,0,0,0,0	199	149	1
8690	0,10,0,0,0	0,2,0,0,0	0,0,0,0,17,0,0,0,0,0,17,0,0,0,24,0	0,0,0,0,0,0,0,0,0,0,0,0,0,0,2,0	223	149	1
8691	0,4,0,0,0	0,6,0,0,0	0,0,0,0,16,0,0,0,0,0,8,0,0,0,0,0	0,0,0,0,26,0,0,0,0,0,5,0,0,0,13,0	270	149	1
8693	0,6,0,0,0	0,0,0,0,0	0,0,0,0,14,0,0,0,0,0,6,0,0,0,53,1	0,0,0,0,0,0,0,0,0,0,3,0,0,0,0,0	228	149	1
8696	0,0,0,0,0	0,5,0,0,0	0,0,0,0,0,0,0,0,0,0,0,0,0,0,2,1	0,0,0,0,0,0,0,0,0,0,0,0,0,0,0,0	176	149	1
8699	0,27,0,0,0	0,2,0,0,0	0,0,0,0,74,0,0,0,0,0,11,0,0,0,0,2	0,0,0,0,0,0,0,0,0,0,0,0,0,0,2,1	218	149	1
8701	0,34,0,0,0	0,14,0,0,0	0,0,0,0,12,0,0,0,0,0,11,0,0,0,12,0	0,0,0,0,0,0,0,0,0,0,6,0,0,0,12,0	193	149	1
8703	0,10,0,0,0	0,6,0,0,0	0,0,0,0,2,0,0,0,0,0,2,0,0,0,2,0	0,0,0,0,0,0,0,0,0,0,0,0,0,0,0,0	152	149	1
8704	0,537,0,0,0	0,12,0,0,0	0,0,0,0,2554,0,0,2,2,12,1929,0,0,0,24,35	0,0,0,0,0,0,0,0,0,0,1,0,0,0,0,0	261	149	1
8705	0,170,0,0,0	0,13,0,0,0	0,0,0,0,561,0,0,0,0,0,379,0,0,0,12,32	0,0,0,0,21,0,0,0,0,0,3,0,0,0,0,0	223	149	1
8706	0,424,0,0,2	0,5,0,0,0	0,0,0,0,1606,0,0,0,0,0,813,0,0,0,221,137	0,0,0,0,30,0,0,0,0,0,18,0,0,0,9,7	154	149	1
8707	0,312,0,0,0	0,0,0,0,0	0,0,0,0,1498,6,0,2,0,2,393,0,0,0,281,29	0,0,0,0,0,0,0,0,0,0,0,0,0,0,0,1	541	149	1
8709	0,127,0,0,0	0,0,0,0,0	0,0,0,0,0,0,0,2,0,0,212,0,0,0,150,7	0,0,0,0,0,0,0,0,0,0,10,0,0,0,0,0	534	149	1
8711	0,132,0,0,0	0,82,0,0,0	0,0,0,0,0,0,0,2,0,0,248,0,0,0,179,7	0,0,0,0,0,0,0,0,0,0,476,0,0,0,195,2	534	149	1
8712	0,309,0,0,1	0,0,0,0,0	0,0,0,0,448,0,0,2,0,6,1212,0,0,0,152,73	0,0,0,0,0,0,0,0,0,0,4,0,0,0,0,0	358	149	1
8726	0,0,0,0,0	0,86,0,0,0	0,0,0,0,17,0,0,0,0,0,0,0,0,0,0,1	0,0,0,0,341,0,0,0,0,0,139,0,0,0,180,51	166	149	1
8727	0,62,2,0,0	0,8,0,0,0	0,0,0,0,252,0,0,0,0,0,193,0,0,0,104,23	0,0,0,0,40,0,0,2,0,0,38,0,0,0,10,12	241	149	1
8728	0,11,0,0,0	0,6,0,0,0	0,0,0,0,100,0,0,0,0,4,186,0,0,0,181,33	0,0,0,0,5,0,0,0,0,0,10,0,0,0,14,0	152	149	1
8729	0,2,0,0,0	0,24,0,0,0	0,0,0,0,46,0,0,0,0,0,4,0,0,0,0,1	0,0,0,0,16,0,0,0,0,2,51,0,0,0,55,5	152	149	1
8731	0,4,0,0,0	0,0,0,0,0	0,0,0,0,24,0,0,0,0,0,0,0,0,0,4,0	0,0,0,0,94,0,0,0,0,0,4,0,0,0,2,0	427	149	1
8735	0,3,0,0,0	0,82,0,0,0	0,0,0,0,0,0,0,0,0,0,1,0,0,0,4,0	0,0,0,0,160,0,0,0,0,0,45,0,0,0,10,5	194	149	1
8738	0,22,0,0,0	0,0,0,0,0	0,0,0,0,118,0,0,0,0,0,176,0,0,0,8,4	0,0,0,0,0,0,0,0,0,0,5,0,0,0,0,0	152	149	1
8740	0,45,0,0,0	0,0,0,0,0	0,0,0,0,140,0,0,0,0,0,124,0,0,0,29,2	0,0,0,0,0,0,0,0,0,0,15,0,0,0,3,0	154	149	1
8741	0,41,0,0,0	0,0,0,0,0	0,0,0,0,182,0,0,0,0,0,90,0,0,0,0,6	0,0,0,0,0,0,0,0,0,0,3,0,0,0,0,0	183	149	1
8744	0,3,0,0,0	0,1,0,0,0	0,0,0,0,0,0,0,0,0,0,28,0,0,0,0,0	0,0,0,0,15,0,0,0,0,0,227,0,0,0,53,17	182	149	1
8745	0,51,0,0,0	0,2,0,0,0	0,0,0,0,57,2,0,0,0,0,164,0,0,0,102,32	0,0,0,0,35,0,0,0,0,0,33,0,0,0,41,3	155	149	1
8747	0,7,0,0,0	0,0,0,0,0	0,0,0,0,53,0,0,0,0,0,92,0,0,0,106,14	0,0,0,0,0,0,0,0,0,0,9,0,0,0,17,1	154	149	1
8748	0,20,0,0,0	0,63,0,0,0	0,0,0,0,18,0,0,2,0,0,45,0,0,0,15,8	0,0,0,0,147,0,0,0,4,2,323,0,0,0,96,19	315	149	1
8749	0,84,0,0,0	0,0,0,0,0	0,0,0,0,225,0,0,0,0,0,649,0,0,0,12,31	0,0,0,0,19,0,0,0,0,0,20,0,0,0,0,1	153	149	1
8750	0,10,0,0,0	0,29,0,0,0	0,0,0,0,219,0,0,0,0,0,26,0,0,0,20,6	0,0,0,0,162,0,0,0,0,0,103,0,0,0,0,7	814	149	1
8752	0,25,0,0,0	0,0,0,0,0	0,0,0,0,313,0,0,0,0,0,172,0,0,0,28,7	0,0,0,0,0,0,0,0,0,0,7,0,0,0,0,0	221	149	1
8760	0,2,0,0,0	0,0,0,0,0	0,0,0,0,18,0,0,0,0,0,1,0,0,0,23,1	0,0,0,0,0,0,0,0,0,0,9,0,0,0,0,10	638	149	1
8761	0,0,0,0,0	0,8,4,0,0	0,0,0,0,0,0,0,0,0,0,2,0,0,0,0,0	0,0,0,0,80,0,0,0,0,2,89,0,0,0,59,0	173	149	1
8763	0,12,0,0,0	0,0,0,0,0	0,0,0,0,161,0,0,0,0,0,21,0,0,0,0,0	0,0,0,0,0,0,0,0,0,0,0,0,0,0,0,2	152	149	1
8764	0,50,0,0,0	0,9,0,0,0	0,0,0,0,126,0,4,1,0,0,147,0,0,0,208,16	0,0,0,0,0,0,0,0,0,0,1,0,0,0,18,0	198	149	1
8765	0,104,0,0,0	0,11,0,0,0	0,0,0,0,93,0,0,0,0,0,473,0,0,0,190,118	0,0,0,0,12,0,0,0,0,0,16,0,0,0,3,0	259	149	1
8767	0,0,0,0,2	0,0,0,0,0	0,0,0,0,0,0,0,0,0,0,0,0,0,0,1,0	0,0,0,0,19,0,0,0,0,0,0,0,0,0,0,0	813	149	1
8769	0,12,0,0,0	0,0,0,0,0	0,0,0,0,76,0,0,0,2,0,79,0,0,0,143,31	0,0,0,0,0,0,0,0,0,0,4,0,0,0,0,1	284	149	1
8770	0,4,0,0,0	0,0,0,0,0	0,0,0,0,44,0,0,0,2,0,29,0,0,0,30,6	0,0,0,0,0,0,0,0,0,0,4,0,0,0,0,1	509	149	1
8771	0,0,0,0,0	0,8,0,0,0	0,0,0,0,0,0,0,0,0,0,0,0,0,0,0,4	0,0,0,0,32,0,0,0,0,0,50,0,0,0,113,29	374	149	1
8773	0,30,0,0,0	0,24,0,0,0	0,0,0,0,196,0,0,0,0,0,197,0,0,0,0,1	0,0,0,0,37,0,0,0,0,0,22,0,0,0,0,4	153	149	1
8774	0,317,0,0,0	0,0,0,0,0	0,0,0,0,968,0,0,0,0,2,734,0,0,0,39,72	0,0,0,0,0,0,0,0,0,0,0,0,0,0,3,0	1949	149	1
8775	0,1,0,0,0	0,4,0,0,0	0,0,0,0,256,0,0,0,0,0,697,0,0,0,183,17	0,0,0,0,103,0,0,0,0,0,129,0,0,0,15,0	281	149	1
8776	0,22,0,0,0	0,6,0,0,0	0,0,0,0,25,0,0,0,0,0,75,0,0,0,1,6	0,0,0,0,7,0,0,0,0,0,14,0,0,0,0,0	251	149	1
8778	0,7,0,0,0	0,6,0,0,0	0,0,0,0,0,0,0,0,0,0,4,0,0,0,21,1	0,0,0,0,0,0,0,0,0,0,0,0,0,0,14,0	160	149	1
8779	0,1436,0,0,0	0,788,0,0,0	0,0,0,0,585,0,0,0,0,0,2697,0,0,0,129,57	0,0,0,0,282,0,0,0,0,0,1049,0,0,0,119,18	224	149	1
8792	0,21,0,0,0	0,24,0,0,0	0,0,0,0,60,0,0,0,0,0,86,0,0,0,4,11	0,0,0,0,62,0,0,0,0,0,117,0,0,0,1,15	398	149	1
8793	0,2,0,0,0	0,54,0,0,0	0,0,0,0,36,0,0,0,0,0,31,0,0,0,4,0	0,0,0,0,132,0,0,0,0,0,174,0,0,0,45,10	187	149	1
8795	0,77,0,0,0	0,22,0,0,0	0,0,0,0,92,0,0,0,0,0,48,0,0,0,33,9	0,0,0,0,46,0,0,0,0,0,103,0,0,0,6,4	394	149	1
8796	0,16,0,0,0	0,22,0,0,0	0,0,0,0,2,0,0,0,0,0,8,0,0,0,6,2	0,0,0,0,46,0,0,0,0,0,103,0,0,0,6,4	219	149	1
8797	0,246,0,0,2	0,0,0,0,0	0,0,0,0,424,0,0,0,0,0,455,0,0,0,32,83	0,0,0,0,0,0,0,0,0,0,2,0,0,0,0,0	286	149	1
8802	0,2,0,0,0	0,8,0,0,0	0,0,0,0,13,0,0,0,0,0,0,0,0,0,47,5	0,0,0,0,19,0,0,0,0,0,46,0,0,0,147,24	418	149	1
8803	0,0,0,0,0	0,18,0,0,0	0,0,0,0,57,0,4,0,0,0,33,0,0,0,115,55	0,0,0,0,13,2,0,0,0,0,77,0,0,0,276,17	320	149	1
8804	0,1,0,0,0	0,1,0,0,0	0,0,0,0,9,0,0,0,0,0,44,0,0,0,152,1	0,0,0,0,0,0,0,0,0,0,0,0,0,0,3,0	198	149	1
8806	0,4,0,0,0	0,0,0,0,0	0,0,0,0,10,0,0,0,0,0,21,0,0,0,8,0	0,0,0,0,1,0,0,0,0,0,1,0,0,0,64,0	152	149	1
8807	0,8,0,0,0	0,14,0,0,0	0,0,0,0,10,0,0,0,0,0,82,0,0,0,63,0	0,0,0,0,118,0,0,0,0,0,197,0,0,0,159,3	186	149	1
8808	0,0,0,0,0	0,2,0,0,0	0,0,0,0,0,0,0,0,0,0,0,0,0,0,10,2	0,0,0,0,100,0,0,0,0,0,266,0,0,0,353,31	251	149	1
8809	0,91,0,0,0	0,0,0,0,0	0,0,0,0,276,0,0,1,0,0,538,0,0,0,43,72	0,0,0,0,0,0,0,0,0,0,6,0,0,0,0,1	233	149	1
8810	0,0,0,0,0	0,46,0,0,0	0,0,0,0,5,0,0,0,0,0,1,0,0,0,0,0	0,0,0,0,192,0,0,0,0,0,318,0,0,0,16,157	177	149	1
8811	0,0,0,0,0	0,46,0,0,0	0,0,0,0,0,0,0,0,0,0,2,0,0,0,0,3	0,0,0,0,114,0,0,0,0,0,189,0,0,0,8,192	213	149	1
8812	0,4,0,0,0	0,4,0,0,0	0,0,0,0,13,0,0,0,0,0,3,0,0,0,0,9	0,0,0,0,18,0,0,0,0,0,23,0,0,0,3,1	152	149	1
8813	0,2,0,0,0	0,0,0,0,0	0,0,0,0,31,0,0,0,0,0,78,0,0,0,16,1	0,0,0,0,6,0,0,0,0,0,2,0,0,0,0,0	168	149	1
8814	0,12,2,0,0	0,0,0,0,0	0,0,0,0,157,0,0,0,0,0,189,0,0,0,33,1	0,0,0,0,6,0,0,0,0,0,2,0,0,0,0,0	171	149	1
8815	0,12,2,0,0	0,2,0,0,0	0,0,0,0,141,0,0,0,0,0,162,0,0,0,23,1	0,0,0,0,15,0,0,0,0,0,51,0,0,0,6,1	152	149	1
8816	0,14,0,0,0	0,0,0,0,0	0,0,0,0,121,0,0,0,0,0,135,0,0,0,10,1	0,0,0,0,0,0,0,0,0,0,32,0,0,0,6,0	214	149	1
8820	0,6,0,0,0	0,0,0,0,0	0,0,0,0,43,0,0,0,0,0,28,0,0,0,79,7	0,0,0,0,0,0,0,0,0,0,1,0,0,0,0,0	182	149	1
8821	0,11,0,0,0	0,11,0,0,0	0,0,0,0,63,0,0,0,0,0,20,0,0,0,17,0	0,0,0,0,20,0,0,0,0,0,34,0,0,0,49,9	318	149	1
8822	0,16,0,0,0	0,1,0,0,0	0,0,0,0,46,0,0,0,0,0,51,0,0,0,115,3	0,0,0,0,0,0,0,0,0,0,0,0,0,0,2,1	154	149	1
8825	0,17,0,0,0	0,0,0,0,0	0,0,0,0,38,0,0,0,0,0,23,0,0,0,50,7	0,0,0,0,0,0,0,0,0,0,2,0,0,0,0,2	152	149	1
8827	0,46,0,0,0	0,1,0,0,0	0,0,0,0,205,0,0,0,0,0,42,0,0,0,61,7	0,0,0,0,0,0,0,0,0,0,12,0,0,0,21,0	416	149	1
8828	0,0,0,0,0	0,7,0,0,0	0,0,0,0,0,0,0,0,0,0,0,0,0,0,7,5	0,0,0,0,139,0,0,0,0,0,57,0,0,0,182,6	170	149	1
8829	0,38,0,0,0	0,1093,2,0,4	0,0,0,0,35,0,0,0,0,0,61,0,0,0,4,2	0,0,0,0,1763,2,0,4,0,6,2635,0,0,0,883,106	169	149	1
8830	0,13,0,0,0	0,1037,2,0,2	0,0,0,0,61,0,0,0,0,0,16,0,0,0,6,4	0,0,0,0,1917,4,0,10,10,6,2740,0,0,0,1396,215	184	149	1
8831	0,12,0,0,0	0,382,4,0,0	0,0,0,0,52,0,0,0,0,0,69,0,0,0,19,33	0,0,0,0,1018,0,0,2,0,2,1516,0,0,0,884,303	191	149	1
8832	0,241,14,0,10	0,0,0,0,0	0,0,0,0,1482,8,8,12,4,0,1703,0,0,0,2371,375	0,0,0,0,0,0,0,0,0,0,9,0,0,0,40,7	218	149	1
8835	0,5,0,0,0	0,0,0,0,0	0,0,0,0,0,0,0,0,0,0,10,0,0,0,45,13	0,0,0,0,6,0,0,0,0,0,46,0,0,0,248,13	182	149	1
8836	0,9,2,0,0	0,0,0,0,0	0,0,0,0,98,2,0,0,0,0,83,0,0,0,237,21	0,0,0,0,0,0,0,0,0,0,0,0,0,0,1,0	156	149	1
8837	0,1,0,0,0	0,0,0,0,0	0,0,0,0,114,0,0,0,0,0,15,0,0,0,50,5	0,0,0,0,41,0,0,0,0,0,9,0,0,0,43,1	206	149	1
8838	0,0,0,0,0	0,4,0,0,0	0,0,0,0,0,0,0,0,0,0,1,0,0,0,3,5	0,0,0,0,54,0,0,0,0,0,25,0,0,0,62,15	152	149	1
8839	0,6,0,0,0	0,1,0,0,0	0,0,0,0,18,0,0,0,0,0,2,0,0,0,16,0	0,0,0,0,113,0,0,0,0,0,53,0,0,0,86,55	186	149	1
8841	0,0,0,0,0	0,14,0,0,0	0,0,0,0,7,0,0,0,0,0,0,0,0,0,0,0	0,0,0,0,57,0,0,0,0,0,61,0,0,0,36,0	216	149	1
8843	0,89,0,0,0	0,0,0,0,0	0,0,0,0,482,2,0,0,0,0,286,0,0,0,202,14	0,0,0,0,0,0,0,0,0,0,7,0,0,0,0,0	166	149	1
8845	0,356,0,0,0	0,6,0,0,0	0,0,0,0,3462,0,2,0,10,6,1117,0,0,0,153,20	0,0,0,0,72,0,0,0,0,0,36,0,0,0,0,0	251	149	1
8846	0,919,2,0,6	0,0,0,0,0	0,0,0,0,8689,6,2,0,8,10,2066,0,0,0,693,90	0,0,0,0,0,0,0,0,0,0,2,0,0,0,0,0	1165	149	1
8853	0,0,0,0,0	0,0,2,0,0	0,0,0,0,0,0,0,0,0,0,0,0,0,0,17,0	0,0,0,0,23,0,0,0,0,0,23,0,0,0,122,8	173	149	1
8854	0,8,0,0,0	0,0,0,0,0	0,0,0,0,11,0,0,0,0,0,13,0,0,0,15,1	0,0,0,0,0,0,0,0,0,0,0,0,0,0,0,1	170	149	1
8859	0,8488,28,0,10	0,48,0,0,0	0,0,0,0,18856,58,18,14,12,15,9379,0,0,0,8108,1672	0,0,0,0,91,0,0,0,0,0,74,0,0,0,9,1	2027	149	1
8860	0,715,2,0,0	0,257,0,0,0	0,0,0,0,1406,2,0,0,0,0,504,0,0,0,658,164	0,0,0,0,219,0,0,0,0,0,233,0,0,0,83,9	671	149	1
8861	0,7628,22,0,10	0,257,0,0,0	0,0,0,0,17710,42,18,12,10,15,9002,0,0,0,7306,1272	0,0,0,0,219,0,0,0,0,0,233,0,0,0,83,9	1359	149	1
8862	0,6927,20,0,10	0,14,0,0,0	0,0,0,0,16355,40,18,12,10,15,8533,0,0,0,6680,1108	0,0,0,0,51,0,0,0,0,0,35,0,0,0,32,0	837	149	1
8864	0,1425,0,0,2	0,10,0,0,0	0,0,0,0,5240,10,0,0,2,0,3788,0,0,0,1429,227	0,0,0,0,0,0,0,0,0,0,29,0,0,0,24,2	470	149	1
8865	0,2375,2,0,2	0,0,0,0,0	0,0,0,0,8176,4,0,0,0,2,5907,0,0,0,2290,78	0,0,0,0,0,0,0,0,0,0,9,0,0,0,0,0	245	149	1
8866	0,1379,0,0,4	0,0,0,0,0	0,0,0,0,6465,2,0,2,0,0,4129,0,0,0,1919,462	0,0,0,0,0,0,0,0,0,0,0,0,0,0,0,2	154	149	1
8867	0,21,0,0,0	0,18,0,0,0	0,0,0,0,45,0,0,0,0,0,66,0,0,0,28,6	0,0,0,0,29,0,0,0,0,0,39,0,0,0,0,2	152	149	1
8870	0,0,0,0,0	0,6,0,0,0	0,0,0,0,0,0,0,0,0,0,21,0,0,0,4,1	0,0,0,0,4,0,0,0,0,0,11,0,0,0,0,0	212	149	1
8871	0,0,0,0,0	0,6,0,0,0	0,0,0,0,112,0,0,0,0,0,0,0,0,0,5,0	0,0,0,0,76,0,0,0,0,0,12,0,0,0,1,0	154	149	1
8874	0,6,0,0,0	0,0,0,0,0	0,0,0,0,46,0,0,0,0,0,15,0,0,0,18,0	0,0,0,0,21,0,0,0,0,0,0,0,0,0,0,0	296	149	1
8875	0,0,0,0,0	0,6,0,0,0	0,0,0,0,8,2,0,0,0,0,0,0,0,0,14,0	0,0,0,0,46,0,0,0,0,0,15,0,0,0,12,0	839	149	1
8881	0,14,0,0,2	0,0,0,0,0	0,0,0,0,75,2,2,0,2,2,224,0,0,0,1355,219	0,0,0,0,0,0,0,0,0,0,6,0,0,0,15,2	2666	149	1
8884	0,7,0,0,0	0,3257,0,0,2	0,0,0,0,0,0,0,0,0,0,10,0,0,0,0,0	0,0,0,0,3737,0,0,2,0,0,4833,0,0,0,1497,209	260	149	1
8887	0,0,0,0,0	0,334,0,0,0	0,0,0,0,0,0,0,0,0,0,4,0,0,0,0,5	0,0,0,0,551,0,0,0,0,0,720,0,0,0,90,124	160	149	1
8893	0,185,0,0,0	0,1,0,0,0	0,0,0,0,51,2,0,0,0,0,30,0,0,0,51,1	0,0,0,0,0,0,0,0,0,0,0,0,0,0,5,0	188	149	1
8900	0,0,0,0,0	0,0,2,0,0	0,0,0,0,2,0,0,0,0,0,6,0,0,0,14,0	0,0,0,0,0,0,0,0,0,0,2,0,0,0,0,3	221	149	1
8901	0,98,2,0,0	0,2,0,0,0	0,0,0,0,963,0,2,0,2,2,730,0,0,0,639,17	0,0,0,0,59,0,0,0,0,0,58,0,0,0,42,2	155	149	1
8902	0,2,0,0,0	0,0,0,0,0	0,0,0,0,105,0,0,0,0,0,169,0,0,0,60,43	0,0,0,0,0,0,0,0,0,0,5,0,0,0,0,3	192	149	1
8903	0,0,0,0,0	0,18,0,0,0	0,0,0,0,0,0,0,0,0,0,0,0,0,0,0,1	0,0,0,0,83,0,0,0,0,0,160,0,0,0,179,53	166	149	1
8906	0,5,0,0,0	0,0,0,0,0	0,0,0,0,0,0,0,0,0,0,0,0,0,0,0,0	0,0,0,0,6,0,0,0,0,0,0,0,0,0,0,0	187	149	1
8907	0,5,0,0,0	0,29,0,0,2	0,0,0,0,0,0,0,0,0,0,2,0,0,0,0,0	0,0,0,0,175,0,0,0,0,0,69,0,0,0,138,11	169	149	1
8910	0,50,0,0,0	0,72,0,0,0	0,0,0,0,265,0,0,4,0,0,134,0,0,0,85,1	0,0,0,0,260,0,0,0,0,0,498,0,0,0,33,1	538	149	1
8913	0,8,0,0,0	0,182,0,0,2	0,0,0,0,0,0,0,0,0,0,7,0,0,0,17,0	0,0,0,0,2,0,0,2,0,0,213,0,0,0,428,22	154	149	1
8915	0,134,0,0,0	0,0,0,0,0	0,0,0,0,179,0,2,0,0,0,118,0,0,0,370,12	0,0,0,0,25,0,0,0,0,0,0,0,0,0,0,0	4245	149	1
8916	0,568,2,0,4	0,0,0,0,0	0,0,0,0,1654,0,0,0,0,2,3381,0,0,0,2309,54	0,0,0,0,0,0,0,0,0,0,4,0,0,0,0,0	3015	149	1
8918	0,13,0,0,0	0,271,0,0,0	0,0,0,0,109,0,0,0,0,0,12,0,0,0,8,1	0,0,0,0,1534,0,0,0,0,3,408,0,0,0,212,60	185	149	1
8919	0,9,0,0,0	0,0,0,0,0	0,0,0,0,0,0,0,0,0,0,26,0,0,0,18,8	0,0,0,0,0,0,0,0,0,0,0,0,0,0,0,1	154	149	1
8921	0,6,0,0,0	0,0,0,0,0	0,0,0,0,98,0,0,0,0,0,0,0,0,0,10,0	0,0,0,0,8,0,0,0,0,0,0,0,0,0,0,0	209	149	1
8922	0,11,0,0,0	0,0,0,0,0	0,0,0,0,273,0,0,0,0,0,0,0,0,0,10,8	0,0,0,0,8,0,0,0,0,0,0,0,0,0,0,0	213	149	1
8924	0,2395,0,0,0	0,79,0,0,0	0,0,0,0,778,0,0,2,0,0,2015,0,0,0,1039,36	0,0,0,0,2,0,0,0,0,0,35,0,0,0,20,2	191	149	1
8925	0,991,0,0,2	0,7,0,0,0	0,0,0,0,654,0,0,0,0,0,1302,0,0,0,393,92	0,0,0,0,0,0,0,0,0,0,6,0,0,0,0,0	212	149	1
8926	0,35,0,0,0	0,225,0,0,0	0,0,0,0,13,0,0,0,0,0,125,0,0,0,91,4	0,0,0,0,396,0,0,0,0,0,812,0,0,0,151,49	235	149	1
8927	0,3,0,0,0	0,2,0,0,0	0,0,0,0,0,0,0,0,0,0,0,0,0,0,0,0	0,0,0,0,7,0,0,0,0,0,0,0,0,0,1,0	152	149	1
8928	0,0,0,0,0	0,5,0,0,0	0,0,0,0,39,0,0,0,0,0,3,0,0,0,0,0	0,0,0,0,39,0,0,0,0,0,11,0,0,0,26,0	339	149	1
8940	0,13,0,0,0	0,402,0,0,0	0,0,0,0,40,0,0,0,0,0,24,0,0,0,13,3	0,0,0,0,360,0,0,0,0,0,1067,0,0,0,449,233	162	149	1
8941	0,57,0,0,0	0,0,0,0,0	0,0,0,0,216,0,0,0,0,0,661,0,0,0,234,50	0,0,0,0,0,0,0,0,0,0,0,0,0,0,0,4	153	149	1
8942	0,34,0,0,0	0,0,0,0,0	0,0,0,0,62,0,0,0,0,0,238,0,0,0,3,6	0,0,0,0,0,0,0,0,0,0,3,0,0,0,2,0	166	149	1
8944	0,15,0,0,0	0,0,0,0,0	0,0,0,0,188,0,0,0,0,0,276,0,0,0,5,12	0,0,0,0,27,0,0,0,0,0,21,0,0,0,0,4	245	149	1
8945	0,2,0,0,0	0,0,0,0,0	0,0,0,0,32,0,0,0,0,0,76,0,0,0,0,2	0,0,0,0,27,0,0,0,0,0,21,0,0,0,0,4	217	149	1
8947	0,0,0,0,0	0,7,0,0,0	0,0,0,0,14,0,0,0,0,0,0,0,0,0,11,0	0,0,0,0,217,0,0,0,0,0,14,0,0,0,9,3	198	149	1
8950	0,71,0,0,0	0,16,0,0,0	0,0,0,0,82,0,0,0,0,0,24,0,0,0,79,15	0,0,0,0,25,0,0,0,0,0,8,0,0,0,0,2	1384	149	1
8953	0,28,0,0,0	0,76,0,0,0	0,0,0,0,325,0,0,0,0,0,55,0,0,0,2,8	0,0,0,0,332,0,0,0,0,2,229,0,0,0,4,20	348	149	1
8954	0,5,0,0,0	0,33,0,0,0	0,0,0,0,3,0,0,0,0,0,23,0,0,0,0,0	0,0,0,0,569,0,0,0,0,0,249,0,0,0,0,4	200	149	1
8955	0,5,0,0,0	0,33,0,0,0	0,0,0,0,3,0,0,0,0,0,23,0,0,0,0,0	0,0,0,0,569,0,0,0,0,0,249,0,0,0,0,4	219	149	1
8957	0,130,0,0,0	0,4,0,0,0	0,0,0,0,602,0,0,0,0,0,602,0,0,0,69,31	0,0,0,0,0,0,0,0,0,0,0,0,0,0,0,0	294	149	1
8959	0,0,0,0,0	0,30,0,0,0	0,0,0,0,4,0,0,0,0,0,5,0,0,0,0,0	0,0,0,0,178,0,0,0,0,0,361,0,0,0,5,6	195	149	1
8961	0,63,0,0,0	0,6,0,0,0	0,0,0,0,116,0,0,0,0,0,147,0,0,0,0,3	0,0,0,0,0,0,0,0,0,0,4,0,0,0,0,0	209	149	1
8962	0,271514,112,0,104	0,3574,4,0,2	0,0,0,0,138,2,0,16,12,12,437,0,0,0,5971,264	0,0,0,0,3,0,0,2,0,0,11,0,0,0,87,0	205	149	1
8963	0,102149,43,0,38	0,3574,4,0,2	0,0,0,0,44,2,0,4,8,2,130,0,0,0,2053,89	0,0,0,0,3,0,0,2,0,0,11,0,0,0,87,0	421	149	1
8964	0,7688,0,0,0	0,177053,69,0,66	0,0,0,0,0,0,0,0,0,0,1,0,0,0,122,1	0,0,0,0,94,0,0,12,4,10,308,0,0,0,4040,176	365	149	1
8965	0,94564,43,0,38	0,5,0,0,0	0,0,0,0,44,2,0,4,8,2,129,0,0,0,1931,88	0,0,0,0,0,0,0,0,0,0,0,0,0,0,0,0	205	149	1
8978	0,7232,0,0,2	0,0,0,0,0	0,0,0,0,8730,4,0,11,2,8,15603,0,0,0,2739,132	0,0,0,0,8,0,0,0,0,0,4,0,0,0,0,0	1118	149	1
8983	0,2,0,0,0	0,151,0,0,2	0,0,0,0,27,0,0,0,0,0,67,0,0,0,47,3	0,0,0,0,548,0,0,0,6,0,2340,0,0,0,1157,74	209	149	1
8984	0,2,0,0,0	0,2,0,0,0	0,0,0,0,0,0,0,0,0,0,6,0,0,0,0,3	0,0,0,0,0,0,0,0,0,0,0,0,0,0,10,1	152	149	1
8986	0,13,0,0,0	0,41,0,0,0	0,0,0,0,32,0,0,0,0,0,4,0,0,0,4,2	0,0,0,0,97,0,0,0,0,0,41,0,0,0,12,10	217	149	1
8989	0,0,0,0,0	0,15,0,0,0	0,0,0,0,68,0,0,0,0,0,5,0,0,0,0,2	0,0,0,0,50,0,0,0,0,0,26,0,0,0,8,0	185	149	1
8990	0,2,0,0,0	0,0,0,0,0	0,0,0,0,34,0,0,0,0,0,47,0,0,0,21,17	0,0,0,0,17,0,0,0,0,0,10,0,0,0,1,0	170	149	1
8991	0,21,0,0,0	0,0,0,0,0	0,0,0,0,82,0,0,0,0,0,235,0,0,0,0,7	0,0,0,0,4,0,0,0,0,0,3,0,0,0,0,0	154	149	1
8992	0,6,0,0,0	0,7,0,0,0	0,0,0,0,0,0,0,0,0,0,0,0,0,0,0,0	0,0,0,0,9,0,0,0,0,0,17,0,0,0,0,0	297	149	1
8993	0,10,0,0,0	0,0,0,0,0	0,0,0,0,78,0,0,0,0,0,18,0,0,0,0,5	0,0,0,0,27,0,0,0,0,0,0,0,0,0,0,0	273	149	1
8994	0,2,0,0,0	0,0,0,0,0	0,0,0,0,82,0,0,0,0,0,17,0,0,0,2,4	0,0,0,0,19,0,0,0,0,0,23,0,0,0,21,31	170	149	1
8995	0,2,0,0,0	0,48,0,0,0	0,0,0,0,0,0,0,0,0,0,0,0,0,0,0,0	0,0,0,0,86,0,0,0,0,0,100,0,0,0,19,5	329	149	1
8998	0,2,0,0,0	0,0,0,0,0	0,0,0,0,45,0,0,0,0,0,28,0,0,0,120,53	0,0,0,0,0,0,0,0,0,0,6,0,0,0,18,5	152	149	1
9001	0,340,0,0,0	0,1,0,0,0	0,0,0,0,1834,0,0,0,0,0,1918,0,0,0,232,30	0,0,0,0,18,0,0,0,0,0,15,0,0,0,0,0	211	149	1
9002	0,1,0,0,0	0,1,2,0,0	0,0,0,0,0,0,0,0,0,0,14,0,0,0,7,2	0,0,0,0,9,0,0,0,0,0,37,0,0,0,32,2	153	149	1
9003	0,197,0,0,2	0,0,0,0,0	0,0,0,0,692,2,0,0,0,0,722,0,0,0,454,48	0,0,0,0,0,0,0,0,0,0,0,0,0,0,0,3	154	149	1
9004	0,728,0,0,0	0,0,0,0,0	0,0,0,0,2847,2,0,8,0,6,4244,0,0,0,653,435	0,0,0,0,0,0,0,0,0,0,7,0,0,0,0,1	208	149	1
9013	0,2,0,0,0	0,0,0,0,0	0,0,0,0,104,0,0,0,0,0,28,0,0,0,8,0	0,0,0,0,16,0,0,0,0,0,0,0,0,0,0,0	356	149	1
9017	0,11,0,0,0	0,0,0,0,0	0,0,0,0,37,0,0,0,0,0,14,0,0,0,0,0	0,0,0,0,5,0,0,0,0,0,8,0,0,0,23,0	152	149	1
9018	0,49,0,0,0	0,32,0,0,0	0,0,0,0,34,0,0,0,0,0,8,0,0,0,14,0	0,0,0,0,78,0,0,0,0,0,6,0,0,0,8,0	152	149	1
9019	0,24,0,0,0	0,53,0,0,2	0,0,0,0,89,0,0,0,0,0,67,0,0,0,104,6	0,0,0,0,175,0,2,0,2,0,423,0,0,0,433,101	179	149	1
9020	0,1,0,0,0	0,0,0,0,0	0,0,0,0,0,0,0,0,0,0,0,0,0,0,0,0	0,0,0,0,0,0,0,0,0,0,10,0,0,0,0,0	152	149	1
9026	0,1550,0,0,0	0,2,0,0,0	0,0,0,0,1241,0,0,6,0,4,1752,0,0,0,907,835	0,0,0,0,16,0,0,0,0,0,0,0,0,0,0,0	3223	149	1
9028	0,78,0,0,0	0,7,0,0,0	0,0,0,0,192,0,0,2,0,0,375,0,0,0,32,21	0,0,0,0,11,0,0,0,0,0,13,0,0,0,0,3	153	149	1
9030	0,87,0,0,2	0,0,0,0,0	0,0,0,0,337,0,0,0,0,0,459,0,0,0,45,32	0,0,0,0,8,0,0,0,0,0,0,0,0,0,0,0	945	149	1
9034	0,11,0,0,0	0,49,0,0,0	0,0,0,0,0,0,0,0,0,0,5,0,0,0,12,3	0,0,0,0,160,0,0,0,0,0,631,0,0,0,58,27	207	149	1
9035	0,1801,0,0,0	0,29,0,0,0	0,0,0,0,0,0,0,0,0,0,165,0,0,0,53,27	0,0,0,0,0,0,0,0,0,0,7,0,0,0,0,0	206	149	1
9037	0,998,0,0,0	0,4,0,0,0	0,0,0,0,0,0,0,0,0,0,30,0,0,0,58,13	0,0,0,0,0,0,0,0,0,0,0,0,0,0,0,0	459	149	1
9038	0,402,0,0,0	0,195,0,0,0	0,0,0,0,0,0,0,0,0,0,14,0,0,0,10,7	0,0,0,0,0,0,0,0,0,0,24,0,0,0,0,2	152	149	1
9042	0,12,0,0,0	0,0,0,0,0	0,0,0,0,23,0,0,0,0,0,3,0,0,0,1,5	0,0,0,0,9,0,0,0,0,0,14,0,0,0,0,0	259	149	1
9044	0,34,0,0,0	0,0,0,0,0	0,0,0,0,190,0,0,0,0,0,110,0,0,0,1,7	0,0,0,0,6,0,0,0,0,0,0,0,0,0,0,0	170	149	1
9047	0,12,0,0,0	0,2,0,0,0	0,0,0,0,44,0,0,0,0,0,3,0,0,0,28,5	0,0,0,0,0,0,0,0,0,0,6,0,0,0,6,8	152	149	1
9048	0,7,0,0,0	0,0,0,0,2	0,0,0,0,0,0,0,0,0,0,25,0,0,0,2,0	0,0,0,0,163,0,0,0,0,0,310,0,0,0,9,11	164	149	1
9049	0,6,0,0,0	0,0,0,0,0	0,0,0,0,30,0,0,0,0,0,23,0,0,0,0,32	0,0,0,0,120,0,0,0,0,0,156,0,0,0,1,2	167	149	1
9050	0,17,0,0,0	0,0,0,0,0	0,0,0,0,205,0,0,0,0,0,267,0,0,0,1,8	0,0,0,0,12,0,0,0,0,0,0,0,0,0,0,0	210	149	1
9051	0,7,0,0,0	0,0,0,0,0	0,0,0,0,28,0,0,0,0,0,42,0,0,0,4,12	0,0,0,0,0,0,0,0,0,0,7,0,0,0,0,2	215	149	1
9052	0,0,0,0,0	0,7,0,0,0	0,0,0,0,0,0,0,0,0,0,1,0,0,0,0,0	0,0,0,0,38,0,0,0,0,0,62,0,0,0,10,34	193	149	1
9053	0,2,0,0,0	0,140,0,0,0	0,0,0,0,45,0,0,0,0,0,0,0,0,0,0,0	0,0,0,0,206,0,0,0,0,0,157,0,0,0,10,23	196	149	1
9054	0,356,0,0,0	0,0,0,0,0	0,0,0,0,934,0,0,0,0,0,205,0,0,0,101,71	0,0,0,0,0,0,0,0,0,0,2,0,0,0,0,0	660	149	1
9055	0,102,0,0,0	0,4,0,0,0	0,0,0,0,250,0,0,0,0,0,68,0,0,0,10,33	0,0,0,0,0,0,0,0,0,0,0,0,0,0,0,0	271	149	1
9056	0,89,0,0,0	0,0,0,0,0	0,0,0,0,245,0,0,0,0,0,77,0,0,0,10,25	0,0,0,0,0,0,0,0,0,0,1,0,0,0,0,0	271	149	1
9057	0,54,0,0,0	0,8195,0,0,2	0,0,0,0,194,0,0,0,0,2,126,0,0,0,9,6	0,0,0,0,6150,0,0,0,6,8,4689,0,0,0,10,808	174	149	1
9058	0,413,0,0,0	0,0,0,0,0	0,0,0,0,584,0,0,0,0,2,420,0,0,0,13,20	0,0,0,0,0,0,0,0,0,0,4,0,0,0,0,0	179	149	1
9059	0,8554,0,0,2	0,0,0,0,0	0,0,0,0,6540,0,0,0,6,8,4983,0,0,0,14,822	0,0,0,0,0,0,0,0,0,0,4,0,0,0,0,0	154	149	1
9062	0,8,0,0,0	0,40,0,0,0	0,0,0,0,0,0,0,0,0,0,1,0,0,0,2,0	0,0,0,0,71,0,0,0,0,0,28,0,0,0,15,0	185	149	1
9063	0,19,0,0,0	0,32,0,0,0	0,0,0,0,61,0,0,0,0,0,21,0,0,0,30,4	0,0,0,0,81,0,0,0,0,0,26,0,0,0,18,0	464	149	1
9065	0,20,0,0,0	0,0,0,0,0	0,0,0,0,85,0,0,0,0,0,70,0,0,0,29,3	0,0,0,0,0,0,0,0,0,0,0,0,0,0,1,2	437	149	1
9068	0,0,0,0,0	0,0,2,0,0	0,0,0,0,0,0,0,0,0,0,34,0,0,0,4,5	0,0,0,0,0,0,0,0,0,0,10,0,0,0,15,1	182	149	1
9070	0,0,2,0,0	0,0,0,0,0	0,0,0,0,0,0,0,0,0,0,10,0,0,0,15,1	0,0,0,0,0,0,0,0,0,0,3,0,0,0,0,3	152	149	1
9071	0,11,0,0,0	0,271,0,0,0	0,0,0,0,25,0,0,0,0,0,4,0,0,0,1,0	0,0,0,0,496,0,0,0,0,0,166,0,0,0,92,11	271	149	1
9075	0,13,0,0,0	0,0,0,0,0	0,0,0,0,31,0,0,0,0,0,45,0,0,0,209,0	0,0,0,0,4,0,0,0,0,0,0,0,0,0,0,0	168	149	1
9080	0,3,0,0,0	0,14,0,0,0	0,0,0,0,0,0,0,0,0,0,4,0,0,0,0,0	0,0,0,0,82,0,0,0,0,0,103,0,0,0,13,11	188	149	1
9081	0,11,0,0,0	0,2,0,0,4	0,0,0,0,87,0,0,0,0,0,30,0,0,0,1021,0	0,0,0,0,50,0,0,0,0,0,15,0,0,0,1012,0	164	149	1
9085	0,7,0,0,2	0,8,0,0,0	0,0,0,0,59,0,0,0,0,0,22,0,0,0,22,12	0,0,0,0,37,0,0,0,0,0,26,0,0,0,49,23	188	149	1
9086	0,31,0,0,2	0,16,0,0,0	0,0,0,0,167,0,0,0,0,0,97,0,0,0,142,54	0,0,0,0,99,0,0,0,0,0,48,0,0,0,96,52	360	149	1
9087	0,32,0,0,0	0,16,0,0,0	0,0,0,0,145,0,0,0,0,0,101,0,0,0,169,65	0,0,0,0,99,0,0,0,0,0,48,0,0,0,96,52	321	149	1
9088	0,3,0,0,0	0,34,0,0,0	0,0,0,0,11,0,0,0,0,0,14,0,0,0,12,4	0,0,0,0,183,0,0,0,0,0,85,0,0,0,113,2	202	149	1
9092	0,2,0,0,2	0,0,0,0,0	0,0,0,0,24,0,0,0,0,6,23,0,0,0,100,27	0,0,0,0,21,0,0,0,0,0,1,0,0,0,47,8	193	149	1
9093	0,331,0,0,2	0,1349,0,0,4	0,0,0,0,0,0,0,0,0,0,21,0,0,0,64,6	0,0,0,0,17,0,0,0,0,0,78,0,0,0,187,17	170	149	1
9098	0,9165,133,0,26	0,0,0,0,4	0,0,0,0,1729,91,28,19,6,22,7861,0,0,0,15570,1817	0,0,0,0,11,0,0,0,0,0,37,0,0,0,50,23	1405	149	1
9099	0,4,0,0,0	0,12,0,0,1	0,0,0,0,58,0,0,0,0,0,37,0,0,0,101,19	0,0,0,0,67,0,0,0,2,2,130,0,0,0,394,20	572	149	1
9103	0,4,2,0,0	0,8,0,0,0	0,0,0,0,56,1,2,0,0,0,50,0,0,0,136,27	0,0,0,0,8,0,0,0,0,0,9,0,0,0,6,6	190	149	1
9105	0,2181,0,0,2	0,0,0,0,0	0,0,0,0,19518,0,0,3,2,2,3487,0,0,0,845,142	0,0,0,0,9,0,0,0,0,0,0,0,0,0,0,0	720	149	1
9106	0,61,0,0,0	0,561,0,0,2	0,0,0,0,80,0,0,0,0,0,155,0,0,0,274,5	0,0,0,0,1977,0,4,5,4,12,1920,0,0,0,4847,53	174	149	1
9107	0,290,0,0,4	0,31,0,0,2	0,0,0,0,1442,8,4,7,8,18,1967,0,0,0,5609,54	0,0,0,0,100,4,4,0,2,0,414,0,0,0,1372,17	185	149	1
9109	0,125,4,0,2	0,0,0,0,0	0,0,0,0,1379,2,0,11,7,2,1692,0,0,0,3368,63	0,0,0,0,0,0,0,0,0,0,2,0,0,0,0,0	165	149	1
9110	0,182,2,0,2	0,0,0,0,0	0,0,0,0,1683,2,0,15,4,2,2281,0,0,0,3828,118	0,0,0,0,10,0,0,0,0,0,2,0,0,0,0,0	201	149	1
9113	0,7,0,0,0	0,58,2,0,2	0,0,0,0,0,0,0,0,0,0,20,0,0,0,28,0	0,0,0,0,16,0,0,0,0,2,444,0,0,0,499,13	152	149	1
9114	0,75,0,0,0	0,113,0,0,0	0,0,0,0,21,0,0,0,0,0,10,0,0,0,37,0	0,0,0,0,114,0,0,0,0,0,562,0,0,0,86,1	223	149	1
9115	0,48,0,0,0	0,0,0,0,0	0,0,0,0,76,0,0,0,0,0,619,0,0,0,132,4	0,0,0,0,0,0,0,0,0,0,9,0,0,0,0,0	223	149	1
9116	0,4,0,0,0	0,13,0,0,0	0,0,0,0,26,0,0,0,0,0,3,0,0,0,0,0	0,0,0,0,0,0,0,0,0,0,18,0,0,0,0,0	160	149	1
9117	0,32,0,0,0	0,21,0,0,0	0,0,0,0,165,0,0,0,0,0,160,0,0,0,53,0	0,0,0,0,103,0,0,0,0,0,174,0,0,0,26,3	169	149	1
9118	0,1162,0,0,0	0,22,0,0,0	0,0,0,0,3350,0,0,2,0,0,3628,0,0,0,142,145	0,0,0,0,32,0,0,0,0,0,68,0,0,0,0,4	153	149	1
9119	0,11,0,0,0	0,359,0,0,2	0,0,0,0,0,0,0,0,0,0,41,0,0,0,15,7	0,0,0,0,962,0,0,0,0,0,2255,0,0,0,216,129	169	149	1
9120	0,85,0,0,0	0,1,0,0,0	0,0,0,0,156,0,0,0,0,0,188,0,0,0,86,23	0,0,0,0,23,0,0,0,0,0,14,0,0,0,5,2	152	149	1
9121	0,24,0,0,0	0,58,0,0,0	0,0,0,0,860,0,0,0,0,0,188,0,0,0,59,12	0,0,0,0,917,0,0,0,0,0,205,0,0,0,106,0	152	149	1
9123	0,24,2,0,2	0,1584,0,0,0	0,0,0,0,49,0,0,0,0,2,84,0,0,0,116,1	0,0,0,0,2338,0,0,6,0,4,4741,0,0,0,3866,259	179	149	1
9124	0,47,0,0,0	0,251,5,0,4	0,0,0,0,0,0,0,0,0,0,27,0,0,0,49,24	0,0,0,0,11,0,0,2,0,2,137,0,0,0,0,67	168	149	1
9125	0,568,10,0,0	0,40,0,0,0	0,0,0,0,8,2,4,0,0,0,206,0,0,0,121,132	0,0,0,0,38,2,0,0,0,0,294,0,0,0,2263,38	385	149	1
9126	0,19,2,0,0	0,133,2,0,0	0,0,0,0,1,0,0,0,0,0,7,0,0,0,0,1	0,0,0,0,0,0,2,0,0,0,137,0,0,0,0,25	167	149	1
9127	0,175,16,0,6	0,333,30,0,2	0,0,0,0,18,0,0,0,0,0,61,0,0,0,296,51	0,0,0,0,24,0,0,2,0,2,587,0,0,0,3093,179	517	149	1
9128	0,9,0,0,0	0,0,0,0,0	0,0,0,0,28,4,0,2,0,2,44,0,0,0,164,15	0,0,0,0,0,0,0,0,0,0,2,0,0,0,0,1	250	149	1
9129	0,44,0,0,0	0,0,0,0,0	0,0,0,0,424,4,0,2,0,2,179,0,0,0,551,21	0,0,0,0,0,0,0,0,0,0,2,0,0,0,0,1	306	149	1
9130	0,35,0,0,0	0,0,0,0,0	0,0,0,0,396,0,0,0,0,0,135,0,0,0,393,6	0,0,0,0,0,0,0,0,0,0,0,0,0,0,6,0	205	149	1
9134	0,0,0,0,0	0,37,0,0,0	0,0,0,0,13,0,0,0,0,0,0,0,0,0,0,5	0,0,0,0,172,0,0,0,0,0,151,0,0,0,70,6	231	149	1
9135	0,24,0,0,0	0,1559,0,0,6	0,0,0,0,86,0,0,0,0,0,92,0,0,0,26,9	0,0,0,0,2139,0,2,2,0,0,4450,0,0,0,804,88	164	149	1
9136	0,85,0,0,0	0,5377,0,0,20	0,0,0,0,37,0,0,0,0,0,19,0,0,0,6,2	0,0,0,0,3381,6,6,12,0,10,5272,0,0,0,1497,134	556	149	1
9137	0,8279,0,0,38	0,0,0,0,0	0,0,0,0,5035,8,6,16,2,16,7441,0,0,0,2044,149	0,0,0,0,0,0,0,0,0,0,2,0,0,0,0,0	547	149	1
9138	0,94,0,0,0	0,16,0,0,0	0,0,0,0,37,0,0,0,0,0,19,0,0,0,12,2	0,0,0,0,0,0,0,0,0,0,2,0,0,0,9,0	556	149	1
9139	0,99,0,0,0	0,6617,36,0,18	0,0,0,0,45,0,0,0,0,0,49,0,0,0,4,0	0,0,0,0,3514,12,4,7,2,8,5048,0,0,0,1785,117	176	149	1
9140	0,18175,40,0,40	0,9,0,0,0	0,0,0,0,6765,30,22,19,6,8,8341,0,0,0,3235,182	0,0,0,0,0,0,0,0,0,0,7,0,0,0,10,0	203	149	1
9141	0,21423,44,0,44	0,55,0,0,0	0,0,0,0,7719,36,22,22,6,8,9753,0,0,0,3702,185	0,0,0,0,0,0,0,1,0,0,24,0,0,0,15,0	260	149	1
9142	0,3257,4,0,4	0,55,0,0,0	0,0,0,0,954,6,0,3,0,0,1419,0,0,0,477,3	0,0,0,0,0,0,0,1,0,0,24,0,0,0,15,0	206	149	1
9144	0,601,0,0,0	0,0,0,0,0	0,0,0,0,540,0,0,2,0,0,587,0,0,0,240,274	0,0,0,0,0,0,0,0,0,0,3,0,0,0,4,0	671	149	1
9145	0,71,0,0,0	0,296,0,0,0	0,0,0,0,169,0,0,0,0,0,68,0,0,0,40,140	0,0,0,0,363,0,0,5,0,0,195,0,0,0,152,269	505	149	1
9146	0,312,0,0,0	0,4,0,0,0	0,0,0,0,433,0,0,0,0,0,242,0,0,0,84,114	0,0,0,0,0,0,0,0,0,0,18,0,0,0,0,1	193	149	1
9147	0,799,0,0,0	0,18,0,0,0	0,0,0,0,781,0,0,6,2,0,482,0,0,0,449,381	0,0,0,0,35,0,0,0,0,0,7,0,0,0,8,13	392	149	1
9148	0,136,0,0,0	0,2,0,0,0	0,0,0,0,757,0,0,0,0,0,104,0,0,0,9,8	0,0,0,0,0,0,0,0,0,0,1,0,0,0,0,0	187	149	1
9150	0,59,0,0,0	0,0,0,0,0	0,0,0,0,130,0,0,0,0,0,435,0,0,0,171,6	0,0,0,0,0,0,0,0,0,0,1,0,0,0,0,0	203	149	1
9151	0,192,0,0,0	0,3,0,0,0	0,0,0,0,491,0,0,0,0,0,2162,0,0,0,661,22	0,0,0,0,12,0,2,0,0,0,32,0,0,0,8,0	203	149	1
9152	0,1110,0,0,0	0,46,0,0,0	0,0,0,0,1550,0,0,0,0,0,1259,0,0,0,36,81	0,0,0,0,118,0,0,0,0,0,22,0,0,0,0,0	1097	149	1
9154	0,9,0,0,0	0,457,0,0,0	0,0,0,0,22,0,0,0,0,0,27,0,0,0,10,2	0,0,0,0,484,0,2,0,0,0,705,0,0,0,293,59	259	149	1
9155	0,656,0,0,0	0,0,0,0,0	0,0,0,0,763,2,2,0,0,0,1094,0,0,0,452,46	0,0,0,0,0,0,0,0,0,0,3,0,0,0,3,0	231	149	1
9156	0,17,0,0,0	0,1,0,0,0	0,0,0,0,11,0,0,0,0,0,38,0,0,0,41,24	0,0,0,0,10,0,0,0,2,0,16,0,0,0,0,13	185	149	1
9157	0,2,0,0,0	0,63,0,0,2	0,0,0,0,32,0,0,0,0,0,11,0,0,0,0,1	0,0,0,0,203,0,0,0,0,0,472,0,0,0,13,111	199	149	1
9158	0,11,0,0,0	0,36,0,0,0	0,0,0,0,74,0,0,0,0,0,24,0,0,0,10,0	0,0,0,0,251,0,0,0,0,0,134,0,0,0,31,14	275	149	1
9159	0,96,0,0,0	0,0,0,0,0	0,0,0,0,282,0,0,0,0,0,401,0,0,0,3,15	0,0,0,0,6,0,0,0,0,0,14,0,0,0,0,0	199	149	1
9160	0,19,0,0,0	0,0,0,0,0	0,0,0,0,17,0,0,0,0,0,16,0,0,0,21,7	0,0,0,0,0,0,0,0,0,0,1,0,0,0,0,0	170	149	1
9161	0,123,0,0,0	0,1,0,0,0	0,0,0,0,0,0,0,0,0,0,2,0,0,0,0,0	0,0,0,0,0,0,0,0,0,0,1,0,0,0,0,0	438	149	1
9162	0,2,0,0,0	0,0,0,0,0	0,0,0,0,48,0,0,0,0,0,3,0,0,0,0,0	0,0,0,0,22,0,0,0,0,0,0,0,0,0,0,0	153	149	1
9167	0,33,0,0,0	0,0,0,0,0	0,0,0,0,277,0,0,0,0,0,333,0,0,0,141,5	0,0,0,0,2,0,0,0,0,0,0,0,0,0,0,0	159	149	1
9168	0,13,0,0,0	0,87,0,0,0	0,0,0,0,0,0,0,0,0,0,10,0,0,0,19,3	0,0,0,0,299,0,0,0,2,0,302,0,0,0,153,22	190	149	1
9169	0,53,0,0,0	0,8,0,0,0	0,0,0,0,203,0,0,0,0,0,464,0,0,0,116,24	0,0,0,0,29,0,0,0,0,0,126,0,0,0,12,3	155	149	1
9170	0,6,2,0,0	0,1,0,0,0	0,0,0,0,30,0,0,0,0,0,45,0,0,0,49,22	0,0,0,0,0,0,0,0,0,0,0,0,0,0,0,0	455	149	1
9171	0,427,0,0,0	0,0,0,0,0	0,0,0,0,452,0,0,0,0,0,416,0,0,0,215,7	0,0,0,0,0,0,0,0,0,0,0,0,0,0,8,0	214	149	1
9174	0,5,0,0,0	0,696,0,0,0	0,0,0,0,19,0,0,0,0,0,12,0,0,0,5,0	0,0,0,0,981,0,0,0,0,2,792,0,0,0,364,32	174	149	1
9177	0,30,0,0,0	0,0,0,0,0	0,0,0,0,75,0,0,0,0,0,248,0,0,0,28,14	0,0,0,0,0,0,0,0,0,0,44,0,0,0,0,1	240	149	1
9178	0,0,0,0,0	0,91,0,0,0	0,0,0,0,0,0,0,0,0,0,1,0,0,0,0,1	0,0,0,0,177,0,0,0,0,0,526,0,0,0,29,28	203	149	1
9179	0,4,0,0,0	0,218,0,0,0	0,0,0,0,0,0,0,0,0,0,4,0,0,0,0,0	0,0,0,0,199,0,0,0,0,0,709,0,0,0,17,17	176	149	1
9181	0,0,0,0,0	0,6,0,0,0	0,0,0,0,0,0,0,0,0,0,1,0,0,0,4,0	0,0,0,0,0,0,0,0,0,0,0,0,0,0,0,0	190	149	1
9183	0,38,0,0,0	0,68,0,0,0	0,0,0,0,46,0,0,0,4,0,149,0,0,0,69,3	0,0,0,0,98,2,0,0,0,4,279,0,0,0,160,20	1250	149	1
9185	0,2,0,0,0	0,108,0,0,2	0,0,0,0,0,0,0,0,0,0,12,0,0,0,18,28	0,0,0,0,628,0,0,11,4,4,2301,0,0,0,328,720	192	149	1
9186	0,111,0,0,2	0,0,0,0,0	0,0,0,0,643,0,0,11,4,4,2395,0,0,0,423,768	0,0,0,0,0,0,0,0,0,0,1,0,0,0,0,0	154	149	1
9191	0,73,0,0,0	0,4,0,0,0	0,0,0,0,55,0,0,0,0,0,41,0,0,0,74,4	0,0,0,0,0,0,0,0,0,0,4,0,0,0,11,0	174	149	1
9193	0,134,0,0,0	0,0,0,0,0	0,0,0,0,332,0,2,0,0,2,335,0,0,0,632,61	0,0,0,0,0,0,0,0,0,0,1,0,0,0,0,0	158	149	1
9195	0,370,6,0,0	0,1,0,0,0	0,0,0,0,693,0,8,6,2,0,869,0,0,0,1688,237	0,0,0,0,0,0,0,0,0,0,1,0,0,0,8,0	293	149	1
9199	0,8,6,0,0	0,0,0,0,0	0,0,0,0,101,4,0,0,0,0,140,0,0,0,376,44	0,0,0,0,12,0,0,2,0,0,34,0,0,0,56,0	152	149	1
9202	0,8,0,0,0	0,93,0,0,0	0,0,0,0,33,0,0,0,0,0,13,0,0,0,0,4	0,0,0,0,106,0,0,0,0,0,66,0,0,0,7,4	322	149	1
9203	0,4,0,0,0	0,93,0,0,0	0,0,0,0,11,0,0,0,0,0,9,0,0,0,0,0	0,0,0,0,106,0,0,0,0,0,66,0,0,0,7,4	348	149	1
9205	0,177,0,0,2	0,13,2,0,0	0,0,0,0,814,0,0,0,0,4,1785,0,0,0,1469,58	0,0,0,0,16,0,0,0,0,0,150,0,0,0,139,6	152	149	1
9206	0,20263,2,0,39	0,0,0,0,0	0,0,0,0,29113,6,8,36,2,26,44862,0,0,0,29858,3834	0,0,0,0,0,0,0,0,0,0,1,0,0,0,0,0	648	149	1
9207	0,2,0,0,0	0,2,0,0,0	0,0,0,0,0,0,0,0,0,0,21,0,0,0,0,0	0,0,0,0,0,0,0,0,0,0,1,0,0,0,0,0	152	149	1
9209	0,160,0,0,0	0,136,0,0,0	0,0,0,0,34,0,0,0,0,0,193,0,0,0,87,1	0,0,0,0,20,0,0,0,0,0,191,0,0,0,45,0	187	149	1
9210	0,213,0,0,0	0,0,0,0,0	0,0,0,0,78,0,0,0,2,0,306,0,0,0,79,6	0,0,0,0,0,0,0,0,0,0,3,0,0,0,0,0	159	149	1
9211	0,0,0,0,0	0,64,0,0,0	0,0,0,0,0,0,0,0,0,0,6,0,0,0,0,4	0,0,0,0,169,0,0,0,0,0,135,0,0,0,182,18	173	149	1
9213	0,0,0,0,0	0,60,0,0,0	0,0,0,0,0,0,0,0,0,0,1,0,0,0,0,0	0,0,0,0,97,0,0,0,0,0,201,0,0,0,219,12	172	149	1
9214	0,1,0,0,0	0,0,0,0,0	0,0,0,0,23,0,0,0,0,0,2,0,0,0,7,0	0,0,0,0,18,0,0,0,0,0,6,0,0,0,0,2	203	149	1
9215	0,1,0,0,0	0,80,0,0,0	0,0,0,0,23,0,0,0,0,0,3,0,0,0,7,1	0,0,0,0,141,0,0,2,0,0,279,0,0,0,156,15	207	149	1
9216	0,0,0,0,0	0,80,0,0,0	0,0,0,0,18,0,0,0,0,0,7,0,0,0,0,3	0,0,0,0,141,0,0,2,0,0,279,0,0,0,156,15	153	149	1
9217	0,175,0,0,0	0,1,0,0,0	0,0,0,0,237,0,0,0,4,0,401,0,0,0,282,53	0,0,0,0,0,0,0,0,0,0,0,0,0,0,0,0	210	149	1
9218	0,11,0,0,0	0,225,0,0,2	0,0,0,0,6,0,0,0,0,0,4,0,0,0,2,4	0,0,0,0,155,0,0,0,0,0,278,0,0,0,219,6	160	149	1
9219	0,476,0,0,2	0,3,0,0,0	0,0,0,0,530,0,0,0,0,0,322,0,0,0,319,21	0,0,0,0,0,0,0,0,0,0,0,0,0,0,0,0	806	149	1
9220	0,345,0,0,0	0,2,0,0,0	0,0,0,0,161,0,0,0,0,0,364,0,0,0,227,13	0,0,0,0,0,0,0,0,0,0,7,0,0,0,0,0	178	149	1
9221	0,6,0,0,0	0,321,0,0,0	0,0,0,0,0,0,0,0,0,0,1,0,0,0,0,0	0,0,0,0,151,0,0,0,0,0,314,0,0,0,201,5	169	149	1
9222	0,0,0,0,0	0,31,0,0,0	0,0,0,0,13,0,0,0,0,0,8,0,0,0,17,0	0,0,0,0,202,0,0,0,0,0,170,0,0,0,157,7	213	149	1
9224	0,1854,40,0,4	0,5,0,0,0	0,0,0,0,3271,0,0,2,0,8,774,0,0,0,1556,675	0,0,0,0,10,0,0,0,0,0,0,0,0,0,5,0	160	149	1
9225	0,3,0,0,0	0,10,0,0,0	0,0,0,0,0,0,0,0,0,0,0,0,0,0,0,1	0,0,0,0,0,0,0,0,0,0,0,0,0,0,10,0	153	149	1
9226	0,5,12,0,0	0,10,0,0,0	0,0,0,0,62,0,4,2,8,0,2,0,0,0,41,28	0,0,0,0,0,0,0,0,0,0,0,0,0,0,10,0	269	149	1
9227	0,5,14,0,0	0,10,0,0,0	0,0,0,0,61,2,4,2,8,0,2,0,0,0,78,28	0,0,0,0,0,0,0,0,0,0,0,0,0,0,10,0	309	149	1
9228	0,5,12,0,0	0,3,0,0,0	0,0,0,0,62,0,4,2,8,0,2,0,0,0,41,28	0,0,0,0,0,0,0,0,0,0,0,0,0,0,0,1	265	149	1
9229	0,5,14,0,0	0,3,0,0,0	0,0,0,0,61,2,4,2,8,0,2,0,0,0,78,28	0,0,0,0,0,0,0,0,0,0,0,0,0,0,0,1	305	149	1
9230	0,0,2,0,0	0,0,0,0,0	0,0,0,0,0,2,0,0,0,0,0,0,0,0,37,0	0,0,0,0,1,0,0,0,0,0,0,0,0,0,0,0	189	149	1
9231	0,945,52,0,10	0,1,0,0,0	0,0,0,0,4174,7,6,6,4,0,824,0,0,0,1984,127	0,0,0,0,0,0,0,0,0,0,0,0,0,0,18,1	152	149	1
9235	0,613,14,0,4	0,0,0,0,0	0,0,0,0,3405,4,0,6,0,0,573,0,0,0,1352,186	0,0,0,0,0,0,0,0,0,0,0,0,0,0,6,0	155	149	1
9236	0,63,4,0,2	0,0,0,0,0	0,0,0,0,419,3,2,0,0,0,60,0,0,0,149,5	0,0,0,0,0,0,0,0,0,0,0,0,0,0,6,0	174	149	1
9237	0,34,4,0,0	0,584,14,0,2	0,0,0,0,99,3,2,0,0,0,25,0,0,0,94,4	0,0,0,0,3085,4,0,6,0,0,538,0,0,0,1297,185	168	149	1
9239	0,1055,10,0,14	0,3,0,0,0	0,0,0,0,6386,9,0,4,12,2,1047,0,0,0,928,268	0,0,0,0,10,0,0,0,0,0,12,0,0,0,2,0	184	149	1
9240	0,227,0,0,2	0,2,0,0,0	0,0,0,0,1576,0,0,0,0,0,347,0,0,0,43,85	0,0,0,0,35,0,0,0,0,0,0,0,0,0,1,0	199	149	1
9266	0,9,0,0,0	0,41,3,0,4	0,0,0,0,11,0,0,0,0,0,6,0,0,0,14,0	0,0,0,0,138,1,0,2,1,0,488,0,0,0,751,64	244	149	1
9268	0,4,0,0,0	0,25,0,0,0	0,0,0,0,62,0,0,0,0,0,6,0,0,0,2,13	0,0,0,0,52,0,0,0,0,0,104,0,0,0,0,18	152	149	1
9269	0,5,0,0,0	0,4,0,0,0	0,0,0,0,22,0,0,0,0,0,13,0,0,0,0,1	0,0,0,0,79,0,0,0,0,0,21,0,0,0,4,7	202	149	1
9270	0,5,0,0,0	0,34,0,0,0	0,0,0,0,22,0,0,0,0,0,13,0,0,0,0,1	0,0,0,0,118,0,0,0,0,0,141,0,0,0,35,16	205	149	1
9271	0,4,0,0,0	0,34,0,0,0	0,0,0,0,79,0,0,0,0,0,21,0,0,0,4,7	0,0,0,0,118,0,0,0,0,0,141,0,0,0,35,16	152	149	1
9273	0,15,0,0,0	0,107,0,0,0	0,0,0,0,42,0,0,0,0,0,13,0,0,0,4,0	0,0,0,0,186,0,0,0,0,0,140,0,0,0,12,0	367	149	1
9274	0,0,0,0,0	0,29,0,0,0	0,0,0,0,0,0,0,0,0,0,3,0,0,0,0,0	0,0,0,0,30,0,0,0,0,0,148,0,0,0,21,1	234	149	1
9275	0,11,0,0,0	0,0,0,0,0	0,0,0,0,297,0,0,0,0,0,273,0,0,0,546,27	0,0,0,0,0,0,0,0,0,0,9,0,0,0,10,3	153	149	1
9276	0,1,0,0,0	0,0,0,0,0	0,0,0,0,0,0,0,2,0,0,7,0,0,0,73,0	0,0,0,0,0,0,0,0,0,0,0,0,0,0,6,0	293	149	1
9280	0,35,0,0,0	0,0,0,0,0	0,0,0,0,163,0,0,0,0,0,227,0,0,0,541,44	0,0,0,0,26,0,0,0,0,0,0,0,0,0,4,0	386	149	1
9281	0,10,2,0,0	0,0,0,0,0	0,0,0,0,70,0,2,2,0,0,283,0,0,0,1372,114	0,0,0,0,0,0,0,0,0,0,0,0,0,0,9,0	1319	149	1
9299	0,0,0,0,0	0,2,0,0,0	0,0,0,0,3,0,0,0,0,0,0,0,0,0,3,0	0,0,0,0,0,0,0,0,0,0,0,0,0,0,4,0	181	149	1
9301	0,8,0,0,0	0,15,0,0,0	0,0,0,0,15,0,0,0,0,0,1,0,0,0,26,0	0,0,0,0,13,0,0,0,0,0,7,0,0,0,23,0	165	149	1
9302	0,318,2,0,4	0,17,0,0,0	0,0,0,0,196,4,0,0,0,0,73,0,0,0,356,8	0,0,0,0,7,0,0,0,0,0,9,0,0,0,27,0	1444	149	1
9303	0,1,0,0,0	0,12,0,0,0	0,0,0,0,0,0,0,0,0,0,3,0,0,0,13,0	0,0,0,0,0,0,0,0,0,0,1,0,0,0,5,0	172	149	1
9304	0,18,0,0,0	0,12,0,0,0	0,0,0,0,48,0,0,0,0,0,13,0,0,0,67,1	0,0,0,0,0,0,0,0,0,0,1,0,0,0,5,0	351	149	1
9306	0,1,0,0,0	0,0,0,0,0	0,0,0,0,0,0,0,0,0,0,3,0,0,0,13,0	0,0,0,0,0,0,0,0,0,0,0,0,0,0,27,0	169	149	1
9307	0,1,0,0,0	0,0,0,0,0	0,0,0,0,0,0,0,0,0,0,3,0,0,0,13,0	0,0,0,0,0,0,0,0,0,0,0,0,0,0,27,0	172	149	1
9311	0,90,0,0,0	0,5,0,0,0	0,0,0,0,732,4,8,0,2,2,1284,0,0,0,902,138	0,0,0,0,14,0,0,0,0,0,45,0,0,0,0,6	1341	149	1
9312	0,0,0,0,0	0,13,0,0,0	0,0,0,0,40,0,0,0,0,0,28,0,0,0,14,0	0,0,0,0,30,0,0,0,0,0,34,0,0,0,17,0	152	149	1
9316	0,3,0,0,0	0,199,0,0,0	0,0,0,0,0,0,0,0,0,0,2,0,0,0,0,1	0,0,0,0,709,2,0,0,2,0,783,0,0,0,794,61	156	149	1
9318	0,29,0,0,0	0,0,0,0,0	0,0,0,0,87,0,0,0,0,2,52,0,0,0,9,18	0,0,0,0,0,0,0,0,0,0,1,0,0,0,0,0	154	149	1
9325	0,182,0,0,4	0,351,0,0,0	0,0,0,0,390,0,0,0,0,0,112,0,0,0,107,30	0,0,0,0,314,0,0,1,0,0,250,0,0,0,22,3	1810	149	1
9326	0,68,0,0,0	0,430,0,0,0	0,0,0,0,42,0,0,2,0,0,3,0,0,0,14,2	0,0,0,0,338,0,0,1,0,0,373,0,0,0,129,11	272	149	1
9328	0,3,0,0,0	0,0,0,0,0	0,0,0,0,16,0,0,0,0,0,13,0,0,0,37,0	0,0,0,0,0,0,0,0,0,0,0,0,0,0,4,0	205	149	1
9330	0,10,0,0,0	0,7,2,0,0	0,0,0,0,171,0,0,0,0,0,119,0,0,0,96,29	0,0,0,0,181,0,0,0,0,0,108,0,0,0,52,42	152	149	1
9331	0,0,0,0,0	0,28,6,0,0	0,0,0,0,12,0,0,0,0,0,1,0,0,0,0,1	0,0,0,0,192,0,2,0,0,0,214,0,0,0,306,22	177	149	1
9335	0,1159,0,0,2	0,0,0,0,0	0,0,0,0,1239,4,2,6,0,2,1882,0,0,0,719,108	0,0,0,0,0,0,0,0,0,0,6,0,0,0,0,0	730	149	1
9336	0,1662,0,0,2	0,0,0,0,0	0,0,0,0,1206,0,0,3,0,0,2784,0,0,0,606,31	0,0,0,0,0,0,0,0,0,0,0,0,0,0,3,0	155	149	1
9341	0,4580,0,0,2	0,2,0,0,0	0,0,0,0,1363,0,0,0,0,0,2752,0,0,0,69,64	0,0,0,0,0,0,0,0,0,0,4,0,0,0,0,0	497	149	1
9342	0,3,0,0,0	0,21,0,0,0	0,0,0,0,0,0,0,0,0,0,5,0,0,0,9,0	0,0,0,0,66,0,2,0,0,2,87,0,0,0,112,41	185	149	1
9344	0,6,0,0,0	0,0,0,0,0	0,0,0,0,49,4,2,0,0,0,65,0,0,0,95,33	0,0,0,0,0,0,0,0,0,0,9,0,0,0,19,0	152	149	1
9346	0,3,0,0,0	0,5,0,0,0	0,0,0,0,72,0,0,0,0,0,17,0,0,0,0,0	0,0,0,0,61,0,0,0,0,0,18,0,0,0,0,0	197	149	1
9347	0,0,0,0,0	0,10,0,0,0	0,0,0,0,18,0,0,0,0,0,20,0,0,0,34,1	0,0,0,0,12,0,0,0,0,0,34,0,0,0,25,2	172	149	1
9348	0,33,0,0,0	0,0,0,0,0	0,0,0,0,36,0,0,0,0,0,71,0,0,0,105,9	0,0,0,0,8,0,0,0,0,0,0,0,0,0,0,0	280	149	1
9349	0,0,0,0,0	0,25,2,0,0	0,0,0,0,0,0,0,0,0,0,10,0,0,0,7,0	0,0,0,0,290,0,0,0,0,0,166,0,0,0,329,1	279	149	1
9350	0,2,0,0,0	0,0,0,0,0	0,0,0,0,64,0,0,0,0,0,47,0,0,0,81,0	0,0,0,0,0,0,0,0,0,0,0,0,0,0,4,0	322	149	1
9351	0,27,2,0,0	0,0,0,0,0	0,0,0,0,354,0,0,0,0,0,203,0,0,0,403,1	0,0,0,0,0,0,0,0,0,0,0,0,0,0,4,0	192	149	1
9352	0,18,0,0,0	0,3,0,0,0	0,0,0,0,32,0,0,0,0,0,29,0,0,0,0,8	0,0,0,0,0,0,0,0,0,0,0,0,0,0,0,0	160	149	1
9353	0,1,0,0,0	0,3,0,0,0	0,0,0,0,63,0,0,0,0,0,25,0,0,0,39,2	0,0,0,0,17,0,0,0,0,0,21,0,0,0,6,9	154	149	1
9355	0,93,0,0,0	0,0,0,0,0	0,0,0,0,94,0,0,0,0,0,366,0,0,0,182,8	0,0,0,0,0,0,0,0,0,0,16,0,0,0,0,0	278	149	1
9356	0,44,0,0,0	0,0,0,0,0	0,0,0,0,134,0,0,0,0,0,130,0,0,0,7,38	0,0,0,0,0,0,0,0,0,0,0,0,0,0,0,4	244	149	1
9359	0,0,0,0,0	0,3,0,0,0	0,0,0,0,14,0,0,0,0,0,0,0,0,0,2,0	0,0,0,0,267,0,0,0,0,0,29,0,0,0,1,9	171	149	1
9360	0,63,2,0,0	0,0,0,0,0	0,0,0,0,807,2,0,0,0,0,111,0,0,0,127,21	0,0,0,0,31,0,0,0,0,0,0,0,0,0,0,0	179	149	1
9362	0,2,0,0,0	0,3,0,0,0	0,0,0,0,7,0,0,0,0,0,3,0,0,0,1,0	0,0,0,0,236,0,0,0,0,0,155,0,0,0,6,19	253	149	1
9364	0,0,0,0,0	0,23,0,0,0	0,0,0,0,7,0,0,0,0,0,0,0,0,0,12,0	0,0,0,0,21,0,0,0,0,0,13,0,0,0,74,15	169	149	1
9365	0,52,0,0,0	0,0,0,0,0	0,0,0,0,249,0,0,0,2,0,186,0,0,0,76,2	0,0,0,0,0,0,0,0,0,0,5,0,0,0,0,0	266	149	1
9366	0,33,0,0,0	0,0,0,0,0	0,0,0,0,141,0,0,0,2,0,114,0,0,0,49,0	0,0,0,0,0,0,0,0,0,0,3,0,0,0,5,0	266	149	1
9367	0,25,1,0,0	0,0,0,0,0	0,0,0,0,143,0,0,0,0,0,63,0,0,0,54,6	0,0,0,0,12,0,0,0,0,0,5,0,0,0,0,0	153	149	1
9368	0,13,0,0,0	0,0,0,0,0	0,0,0,0,232,0,0,0,0,0,125,0,0,0,161,20	0,0,0,0,5,0,0,0,0,0,0,0,0,0,1,0	226	149	1
9370	0,19,2,0,0	0,0,0,0,0	0,0,0,0,167,0,0,2,0,0,103,0,0,0,245,39	0,0,0,0,0,0,0,0,0,0,0,0,0,0,4,0	207	149	1
9374	0,23,2,0,2	0,0,0,0,0	0,0,0,0,86,0,0,0,0,4,64,0,0,0,229,4	0,0,0,0,0,0,0,0,0,0,0,0,0,0,0,1	181	149	1
9379	0,95,0,0,2	0,6,0,0,0	0,0,0,0,225,0,0,0,0,0,160,0,0,0,335,31	0,0,0,0,0,0,0,0,0,0,0,0,0,0,0,0	817	149	1
9380	0,2,0,0,0	0,50,0,0,2	0,0,0,0,0,0,0,0,0,0,0,0,0,0,9,0	0,0,0,0,199,0,0,0,0,0,102,0,0,0,273,10	314	149	1
9383	0,21,0,0,0	0,0,0,0,0	0,0,0,0,53,4,0,2,0,0,39,0,0,0,222,0	0,0,0,0,0,0,0,0,0,0,0,0,0,0,7,0	153	149	1
9385	0,0,2,0,0	0,0,0,0,0	0,0,0,0,36,0,0,2,0,0,35,0,0,0,38,5	0,0,0,0,0,0,0,0,0,0,9,0,0,0,0,1	209	149	1
9388	0,5,0,0,0	0,12,0,0,0	0,0,0,0,64,0,0,0,0,0,27,0,0,0,42,5	0,0,0,0,20,0,0,0,0,0,16,0,0,0,0,2	230	149	1
9389	0,110,0,0,0	0,16,0,0,0	0,0,0,0,304,0,0,1,0,0,360,0,0,0,422,144	0,0,0,0,4,0,0,0,0,0,0,0,0,0,0,0	816	149	1
9391	0,0,2,0,0	0,0,0,0,0	0,0,0,0,52,0,0,0,0,0,72,0,0,0,205,24	0,0,0,0,0,0,0,0,0,0,0,0,0,0,22,0	201	149	1
9396	0,19,0,0,0	0,0,0,0,0	0,0,0,0,58,0,0,0,0,0,103,0,0,0,87,17	0,0,0,0,0,0,0,0,0,0,0,0,0,0,0,2	155	149	1
9398	0,1012,2,0,8	0,1,0,0,0	0,0,0,0,8166,2,4,8,6,4,13074,0,0,0,6637,232	0,0,0,0,45,0,0,0,0,0,106,0,0,0,116,1	152	149	1
9399	0,0,0,0,0	0,188,0,0,0	0,0,0,0,12,0,0,0,0,0,15,0,0,0,15,0	0,0,0,0,766,0,0,1,0,0,450,0,0,0,724,16	166	149	1
9400	0,4,0,0,0	0,0,0,0,0	0,0,0,0,83,0,0,0,0,0,120,0,0,0,231,2	0,0,0,0,0,0,0,0,0,0,0,0,0,0,4,0	160	149	1
9408	0,5,0,0,0	0,104,0,0,0	0,0,0,0,6,0,0,2,0,0,28,0,0,0,22,17	0,0,0,0,565,0,2,2,0,0,391,0,0,0,459,25	255	149	1
9409	0,2,0,0,0	0,104,0,0,0	0,0,0,0,6,0,0,2,0,0,6,0,0,0,18,16	0,0,0,0,565,0,2,2,0,0,391,0,0,0,459,25	263	149	1
9412	0,2,0,0,0	0,58,0,0,0	0,0,0,0,19,0,0,0,0,0,4,0,0,0,2,1	0,0,0,0,274,0,0,0,0,0,81,0,0,0,104,10	171	149	1
9415	0,8,0,0,0	0,0,0,0,0	0,0,0,0,265,0,0,0,0,0,19,0,0,0,6,0	0,0,0,0,7,0,0,0,0,0,0,0,0,0,0,0	281	149	1
9417	0,26553,0,0,8	0,2,0,0,0	0,0,0,0,1281,8,4,41,2,20,41085,0,0,0,14596,5745	0,0,0,0,0,0,0,0,0,0,0,0,0,0,0,1	2012	149	1
9418	0,28130,12,0,54	0,0,0,0,0	0,0,0,0,3566,36,15,168,18,184,132325,0,0,0,38281,24593	0,0,0,0,0,0,0,0,0,0,18,0,0,0,0,0	4802	149	1
9419	0,203,0,0,0	0,28,0,0,0	0,0,0,0,612,0,0,0,0,0,1083,0,0,0,3,235	0,0,0,0,39,0,0,0,0,0,82,0,0,0,4,26	239	149	1
9420	0,87,0,0,0	0,0,0,0,0	0,0,0,0,232,0,0,0,0,0,472,0,0,0,3,156	0,0,0,0,0,0,0,0,0,0,7,0,0,0,0,0	239	149	1
9422	0,1512,2,0,0	0,0,0,0,0	0,0,0,0,2140,2,0,4,2,0,4585,0,0,0,2464,252	0,0,0,0,0,0,0,0,0,0,1,0,0,0,0,3	593	149	1
9428	0,8409,0,0,6	0,8,0,0,0	0,0,0,0,14405,0,0,8,4,2,12901,0,0,0,12098,1937	0,0,0,0,37,0,0,0,0,0,11,0,0,0,14,15	158	149	1
9429	0,7631,4,0,2	0,0,0,0,0	0,0,0,0,8783,10,14,6,0,4,7931,0,0,0,8729,713	0,0,0,0,0,0,0,0,0,0,10,0,0,0,0,0	221	149	1
9430	0,18660,6,0,6	0,36,0,0,0	0,0,0,0,25659,14,14,25,0,6,20250,0,0,0,19200,3168	0,0,0,0,39,0,0,0,0,0,31,0,0,0,10,5	221	149	1
9434	0,120,0,0,2	0,2,0,0,0	0,0,0,0,199,0,0,0,0,0,263,0,0,0,2,5	0,0,0,0,0,0,0,0,0,0,0,0,0,0,0,0	313	149	1
9436	0,35,0,0,0	0,0,0,0,0	0,0,0,0,226,2,0,0,0,0,289,0,0,0,381,6	0,0,0,0,0,0,0,0,0,0,0,0,0,0,9,0	202	149	1
9439	0,0,0,0,0	0,1,0,0,0	0,0,0,0,12,0,0,0,0,0,2,0,0,0,6,1	0,0,0,0,2,0,0,0,0,0,2,0,0,0,0,0	152	149	1
9440	0,407,0,0,0	0,42,0,0,0	0,0,0,0,387,0,0,0,0,0,315,0,0,0,11,16	0,0,0,0,9,0,0,0,0,0,9,0,0,0,13,0	153	149	1
9441	0,379,0,0,0	0,14,0,0,0	0,0,0,0,833,0,0,0,6,4,453,0,0,0,49,31	0,0,0,0,24,0,0,0,0,0,16,0,0,0,6,3	211	149	1
9442	0,5432,0,0,30	0,47,0,0,0	0,0,0,0,30908,0,0,7,6,14,35680,0,0,0,3247,1298	0,0,0,0,226,0,0,0,0,0,364,0,0,0,12,4	197	149	1
9443	0,110,0,0,0	0,2521,0,0,2	0,0,0,0,501,0,0,2,0,0,878,0,0,0,0,169	0,0,0,0,11918,0,0,10,0,18,20625,0,0,0,4,432	219	149	1
9444	0,19,0,0,0	0,0,0,0,0	0,0,0,0,52,0,0,0,0,0,15,0,0,0,33,4	0,0,0,0,23,0,0,0,0,0,1,0,0,0,10,0	152	149	1
9445	0,3,0,0,0	0,0,0,0,0	0,0,0,0,0,0,0,0,0,0,2,0,0,0,0,0	0,0,0,0,14,0,0,0,0,0,0,0,0,0,0,0	152	149	1
9456	0,468,0,0,0	0,11,0,0,0	0,0,0,0,881,0,0,0,0,2,1342,0,0,0,14,236	0,0,0,0,26,0,0,0,0,0,28,0,0,0,0,5	1710	149	1
9457	0,435,0,0,0	0,0,0,0,0	0,0,0,0,728,0,0,0,0,0,1229,0,0,0,1,187	0,0,0,0,0,0,0,0,0,0,2,0,0,0,0,0	1710	149	1
9458	0,1562,0,0,4	0,7,0,0,0	0,0,0,0,775,0,0,0,0,0,1913,0,0,0,72,28	0,0,0,0,0,0,0,0,0,0,1,0,0,0,0,0	358	149	1
9459	0,423,0,0,0	0,0,0,0,0	0,0,0,0,384,0,0,0,2,0,707,0,0,0,65,62	0,0,0,0,0,0,0,0,0,0,3,0,0,0,0,0	151	149	1
9460	0,48,0,0,0	0,1,0,0,0	0,0,0,0,14,0,0,0,0,0,166,0,0,0,25,4	0,0,0,0,0,0,0,0,0,0,1,0,0,0,0,0	151	149	1
9461	0,0,0,0,0	0,14,2,0,2	0,0,0,0,0,0,0,0,0,0,0,0,0,0,15,3	0,0,0,0,176,0,0,2,0,0,344,0,0,0,292,66	164	149	1
9463	0,1,0,0,0	0,8,0,0,0	0,0,0,0,0,0,0,0,0,0,0,0,0,0,0,5	0,0,0,0,19,0,0,0,0,0,3,0,0,0,0,0	213	149	1
9464	0,17,0,0,0	0,44,0,0,0	0,0,0,0,39,0,0,0,0,0,10,0,0,0,166,140	0,0,0,0,105,4,0,0,0,0,191,0,0,0,193,39	963	149	1
9465	0,10,0,0,0	0,3,0,0,0	0,0,0,0,37,0,0,0,0,0,61,0,0,0,4,39	0,0,0,0,10,0,0,0,0,0,31,0,0,0,2,10	152	149	1
9468	0,4,0,0,0	0,0,0,0,0	0,0,0,0,121,0,0,0,0,0,76,0,0,0,152,25	0,0,0,0,0,0,0,0,0,0,0,0,0,0,0,1	301	149	1
9469	0,2,0,0,0	0,0,0,0,0	0,0,0,0,81,0,0,0,0,0,23,0,0,0,88,21	0,0,0,0,0,0,0,0,0,0,0,0,0,0,0,1	303	149	1
9470	0,0,0,0,0	0,2,0,0,0	0,0,0,0,0,0,0,0,0,0,0,0,0,0,9,0	0,0,0,0,40,0,0,0,0,0,53,0,0,0,73,4	151	149	1
9476	0,3,0,0,0	0,0,0,0,0	0,0,0,0,0,0,0,0,0,0,0,0,0,0,2,0	0,0,0,0,0,0,0,0,0,0,1,0,0,0,0,2	164	149	1
9477	0,8,0,0,0	0,201,2,0,0	0,0,0,0,17,0,0,0,0,0,12,0,0,0,12,0	0,0,0,0,249,0,0,0,0,0,360,0,0,0,132,10	165	149	1
9478	0,260,2,0,0	0,0,0,0,0	0,0,0,0,323,0,0,0,0,0,477,0,0,0,259,26	0,0,0,0,0,0,0,0,0,0,3,0,0,0,0,0	194	149	1
9481	0,377,0,0,0	0,239,0,0,0	0,0,0,0,595,0,0,2,0,0,357,0,0,0,234,45	0,0,0,0,369,0,0,0,2,2,257,0,0,0,95,31	152	149	1
9484	0,5,0,0,0	0,20,0,0,0	0,0,0,0,31,0,0,0,0,0,16,0,0,0,8,2	0,0,0,0,65,0,0,0,0,0,24,0,0,0,7,2	152	149	1
9486	0,1680,2,0,2	0,6,0,0,0	0,0,0,0,3388,2,2,8,3,2,2034,0,0,0,2234,504	0,0,0,0,0,0,0,0,0,0,0,0,0,0,0,0	549	149	1
9487	0,1620,2,0,2	0,2,0,0,0	0,0,0,0,3149,2,2,8,3,2,2010,0,0,0,1962,445	0,0,0,0,0,0,0,0,0,0,0,0,0,0,0,0	347	149	1
9488	0,260,0,0,0	0,6,0,0,0	0,0,0,0,762,0,0,0,0,0,112,0,0,0,646,157	0,0,0,0,12,0,0,0,0,0,3,0,0,0,0,0	549	149	1
9489	0,1375,3,0,2	0,6,0,0,0	0,0,0,0,3193,4,6,7,4,2,1340,0,0,0,2494,710	0,0,0,0,12,0,0,0,0,0,3,0,0,0,0,0	1127	149	1
9490	0,1149,3,0,2	0,9,0,0,0	0,0,0,0,2467,4,6,7,4,2,1256,0,0,0,1890,559	0,0,0,0,0,0,0,0,0,0,1,0,0,0,0,0	727	149	1
9492	0,2213,2,0,0	0,10,0,0,0	0,0,0,0,6340,6,0,2,0,2,3837,0,0,0,3180,636	0,0,0,0,0,0,0,0,0,0,0,0,0,0,0,1	461	149	1
9493	0,1539,0,0,0	0,2,0,0,0	0,0,0,0,4928,6,4,2,0,2,2930,0,0,0,2440,496	0,0,0,0,0,0,0,0,0,0,0,0,0,0,0,0	378	149	1
9496	0,5,0,0,0	0,34,0,0,0	0,0,0,0,0,0,0,0,0,0,0,0,0,0,0,0	0,0,0,0,163,0,0,0,0,0,139,0,0,0,223,7	163	149	1
9497	0,31,0,0,0	0,10,0,0,0	0,0,0,0,155,0,0,0,0,2,211,0,0,0,271,11	0,0,0,0,0,0,0,0,0,0,11,0,0,0,1,0	305	149	1
9498	0,37,0,0,0	0,2,0,0,0	0,0,0,0,163,0,0,0,0,0,145,0,0,0,169,3	0,0,0,0,0,0,0,0,0,0,15,0,0,0,52,0	261	149	1
9502	0,6398,145,0,0	0,5,0,0,0	0,0,0,0,33,14,34,88,0,2,14439,0,0,0,9441,44	0,0,0,0,0,0,0,0,0,0,6,0,0,0,0,0	169	149	1
9504	0,22,0,0,0	0,9,0,0,0	0,0,0,0,0,0,0,0,0,0,0,0,0,0,0,0	0,0,0,0,0,0,0,0,0,0,2,0,0,0,12,0	220	149	1
9505	0,1,0,0,0	0,3,0,0,0	0,0,0,0,0,0,0,0,0,0,0,0,0,0,4,0	0,0,0,0,0,0,0,0,0,0,2,0,0,0,10,0	220	149	1
9507	0,1,0,0,0	0,0,0,0,0	0,0,0,0,0,0,0,0,0,0,0,0,0,0,0,0	0,0,0,0,0,0,0,0,0,0,5,0,0,0,10,0	220	149	1
9510	0,93,0,0,0	0,16,0,0,0	0,0,0,0,110,0,0,0,0,0,115,0,0,0,32,1	0,0,0,0,30,0,0,0,0,0,16,0,0,0,1,9	183	149	1
9519	0,2,0,0,0	0,0,0,0,0	0,0,0,0,0,0,0,0,0,0,5,0,0,0,0,0	0,0,0,0,0,0,0,0,0,0,1,0,0,0,0,0	152	149	1
9520	0,63,0,0,0	0,0,0,0,0	0,0,0,0,250,0,0,0,0,0,190,0,0,0,3,8	0,0,0,0,1,0,0,0,0,0,0,0,0,0,0,0	160	149	1
9521	0,97,0,0,0	0,0,0,0,0	0,0,0,0,423,0,0,2,2,0,196,0,0,0,106,35	0,0,0,0,0,0,0,0,0,0,0,0,0,0,0,5	159	149	1
9523	0,16,0,0,0	0,0,0,0,0	0,0,0,0,54,0,0,0,0,0,34,0,0,0,104,32	0,0,0,0,16,0,0,0,0,0,0,0,0,0,0,0	482	149	1
9524	0,16,0,0,0	0,0,0,0,0	0,0,0,0,30,0,0,0,0,0,34,0,0,0,110,32	0,0,0,0,0,0,0,0,0,0,0,0,0,0,5,0	482	149	1
9525	0,16,0,0,0	0,0,0,0,0	0,0,0,0,36,0,0,0,0,0,34,0,0,0,104,32	0,0,0,0,0,0,0,0,0,0,0,0,0,0,15,0	482	149	1
9526	0,10,0,0,0	0,0,0,0,0	0,0,0,0,125,0,0,0,0,0,61,0,0,0,116,7	0,0,0,0,0,0,0,0,0,0,1,0,0,0,0,0	152	149	1
9529	0,88,2,0,0	0,50,0,0,0	0,0,0,0,474,2,4,0,0,0,145,0,0,0,122,17	0,0,0,0,187,0,0,0,0,0,94,0,0,0,72,3	1761	149	1
9530	0,88,2,0,0	0,0,0,0,0	0,0,0,0,474,2,4,0,0,0,145,0,0,0,126,19	0,0,0,0,11,0,0,0,0,0,3,0,0,0,0,0	1763	149	1
9531	0,50,0,0,0	0,0,0,0,0	0,0,0,0,187,0,0,0,0,0,94,0,0,0,76,5	0,0,0,0,11,0,0,0,0,0,3,0,0,0,0,0	151	149	1
9533	0,26,0,0,0	0,0,0,0,0	0,0,0,0,160,2,0,0,0,0,198,0,0,0,133,10	0,0,0,0,13,0,0,0,0,0,14,0,0,0,0,0	152	149	1
9535	0,0,0,0,0	0,21,0,0,0	0,0,0,0,29,0,0,0,0,0,33,0,0,0,36,1	0,0,0,0,300,2,0,0,0,0,235,0,0,0,208,22	152	149	1
9536	0,85,0,0,0	0,2,0,0,0	0,0,0,0,156,0,0,4,0,0,58,0,0,0,190,51	0,0,0,0,0,4,0,0,2,0,16,0,0,0,26,8	813	149	1
9537	0,98,0,0,0	0,0,0,0,0	0,0,0,0,177,0,2,6,0,0,63,0,0,0,204,57	0,0,0,0,0,0,0,0,0,0,13,0,0,0,52,12	813	149	1
9541	0,4,0,0,0	0,0,0,0,0	0,0,0,0,26,0,0,0,0,0,5,0,0,0,0,9	0,0,0,0,0,0,0,0,0,0,0,0,0,0,5,3	332	149	1
9542	0,4,0,0,0	0,0,0,0,0	0,0,0,0,37,0,0,0,0,0,6,0,0,0,0,8	0,0,0,0,0,0,0,0,0,0,0,0,0,0,5,3	329	149	1
9548	0,3,0,0,0	0,0,0,0,0	0,0,0,0,20,0,0,0,0,0,37,0,0,0,6,3	0,0,0,0,0,0,0,0,0,0,6,0,0,0,0,0	159	149	1
9549	0,42,2,0,2	0,0,0,0,0	0,0,0,0,76,0,0,2,0,0,133,0,0,0,632,23	0,0,0,0,0,0,0,0,0,0,0,0,0,0,9,0	605	149	1
9550	0,62,0,0,0	0,1,0,0,0	0,0,0,0,465,0,2,2,0,0,1197,0,0,0,590,67	0,0,0,0,0,0,0,0,0,0,13,0,0,0,6,3	176	149	1
9551	0,220,0,0,0	0,15,0,0,0	0,0,0,0,445,2,0,2,2,0,194,0,0,0,353,28	0,0,0,0,71,0,0,0,0,0,28,0,0,0,46,4	152	149	1
9552	0,18,0,0,0	0,0,0,0,0	0,0,0,0,73,0,0,0,0,0,69,0,0,0,243,64	0,0,0,0,28,2,0,0,0,0,9,0,0,0,111,26	264	149	1
9553	0,5,0,0,0	0,18,0,0,0	0,0,0,0,4,0,0,0,0,0,9,0,0,0,23,2	0,0,0,0,42,0,0,0,0,0,14,0,0,0,8,0	152	149	1
9554	0,0,0,0,0	0,114,0,0,0	0,0,0,0,0,0,0,0,0,0,1,0,0,0,0,0	0,0,0,0,285,0,0,0,0,0,302,0,0,0,34,21	179	149	1
9564	0,58,0,0,4	0,0,0,0,0	0,0,0,0,164,2,2,0,0,0,211,0,0,0,553,58	0,0,0,0,0,0,0,0,0,0,0,0,0,0,2,0	152	149	1
9565	0,55,2,0,6	0,15,4,0,0	0,0,0,0,778,2,2,2,0,2,427,0,0,0,1530,213	0,0,0,0,43,0,0,0,0,0,3,0,0,0,57,1	668	149	1
9566	0,20,1,0,2	0,0,0,0,0	0,0,0,0,194,4,0,0,1,0,113,0,0,0,490,49	0,0,0,0,0,0,0,0,0,0,17,0,0,0,24,7	155	149	1
9572	0,10,0,0,0	0,267,0,0,0	0,0,0,0,8,0,0,0,0,0,6,0,0,0,0,1	0,0,0,0,343,0,0,0,0,0,414,0,0,0,21,10	226	149	1
9573	0,18,0,0,0	0,210,0,0,0	0,0,0,0,53,0,0,0,0,0,6,0,0,0,0,1	0,0,0,0,186,0,0,0,0,0,269,0,0,0,36,9	278	149	1
9574	0,1,0,0,0	0,15,0,0,0	0,0,0,0,1,0,0,0,0,0,22,0,0,0,4,1	0,0,0,0,113,0,0,0,0,0,179,0,0,0,82,5	185	149	1
9575	0,9,0,0,0	0,0,0,0,0	0,0,0,0,80,0,0,0,0,0,2,0,0,0,4,1	0,0,0,0,5,0,0,0,0,0,7,0,0,0,5,0	464	149	1
9576	0,8,0,0,0	0,11,0,0,0	0,0,0,0,68,0,0,0,0,0,64,0,0,0,104,3	0,0,0,0,41,0,0,0,0,0,76,0,0,0,83,3	171	149	1
9577	0,3177,6,0,0	0,4,0,0,0	0,0,0,0,3562,4,4,28,0,2,9878,0,0,0,3899,362	0,0,0,0,6,0,0,0,0,0,6,0,0,0,24,0	164	149	1
9581	0,13,4,0,0	0,0,0,0,0	0,0,0,0,216,0,0,2,0,2,157,0,0,0,182,38	0,0,0,0,0,0,0,0,0,0,0,0,0,0,0,1	154	149	1
9582	0,61,0,0,0	0,4179,0,0,16	0,0,0,0,0,0,0,0,0,0,0,0,0,0,0,0	0,0,0,0,0,0,0,1,0,0,0,0,0,0,99,0	152	149	1
9583	0,3,0,0,0	0,0,0,0,0	0,0,0,0,47,0,0,2,0,0,48,0,0,0,40,9	0,0,0,0,10,0,0,0,0,0,0,0,0,0,0,0	152	149	1
9587	0,281,0,0,0	0,0,0,0,0	0,0,0,0,568,0,0,1,0,0,865,0,0,0,337,35	0,0,0,0,0,0,0,0,0,0,3,0,0,0,0,0	218	149	1
9588	0,5,0,0,0	0,0,0,0,0	0,0,0,0,0,0,0,0,0,0,34,0,0,0,6,21	0,0,0,0,0,0,0,0,0,0,20,0,0,0,5,3	209	149	1
9592	0,646,0,0,0	0,10,0,0,0	0,0,0,0,481,2,0,0,0,0,689,0,0,0,202,9	0,0,0,0,0,0,0,0,0,0,6,0,0,0,0,0	161	149	1
9593	0,942,0,0,0	0,47,0,0,0	0,0,0,0,659,0,2,4,0,0,1223,0,0,0,553,44	0,0,0,0,68,0,0,0,0,0,53,0,0,0,32,9	239	149	1
9594	0,11,0,0,0	0,583,2,0,0	0,0,0,0,10,0,0,0,0,0,29,0,0,0,6,1	0,0,0,0,406,0,0,4,0,0,764,0,0,0,334,15	182	149	1
9595	0,29,0,0,0	0,318,0,0,0	0,0,0,0,44,0,0,0,0,0,71,0,0,0,35,9	0,0,0,0,183,0,0,0,0,0,599,0,0,0,228,138	152	149	1
9596	0,54,0,0,0	0,318,0,0,0	0,0,0,0,59,0,0,0,0,0,10,0,0,0,11,27	0,0,0,0,183,0,0,0,0,0,599,0,0,0,228,138	203	149	1
9597	0,79,0,0,0	0,318,0,0,0	0,0,0,0,59,0,0,0,0,0,10,0,0,0,11,29	0,0,0,0,183,0,0,0,0,0,599,0,0,0,228,138	224	149	1
9598	0,48,0,0,0	0,23,0,0,0	0,0,0,0,28,0,0,0,0,0,7,0,0,0,9,27	0,0,0,0,13,0,0,0,0,0,68,0,0,0,33,9	200	149	1
9599	0,73,0,0,0	0,23,0,0,0	0,0,0,0,28,0,0,0,0,0,7,0,0,0,9,29	0,0,0,0,13,0,0,0,0,0,68,0,0,0,33,9	221	149	1
9601	0,10,0,0,0	0,7,0,0,0	0,0,0,0,31,0,0,0,0,0,12,0,0,0,2,3	0,0,0,0,4,0,0,0,0,0,37,0,0,0,1,12	152	149	1
9605	0,676,6,0,4	0,6,0,0,0	0,0,0,0,610,0,2,0,2,2,803,0,0,0,1460,158	0,0,0,0,0,0,0,0,0,0,6,0,0,0,0,0	1771	149	1
9607	0,27,0,0,0	0,1,0,0,0	0,0,0,0,98,0,0,0,0,0,44,0,0,0,55,4	0,0,0,0,0,0,0,0,0,0,4,0,0,0,0,0	395	149	1
9611	0,18,0,0,0	0,9,0,0,0	0,0,0,0,31,0,0,0,0,0,41,0,0,0,34,18	0,0,0,0,15,0,0,0,0,0,39,0,0,0,45,23	251	149	1
9614	0,1717,0,0,0	0,0,0,0,0	0,0,0,0,3167,6,6,2,0,0,1654,0,0,0,3166,213	0,0,0,0,0,0,0,0,0,0,0,0,0,0,7,0	2075	149	1
9615	0,44,0,0,0	0,5,0,0,0	0,0,0,0,124,0,0,0,0,0,99,0,0,0,210,14	0,0,0,0,31,0,0,0,0,2,37,0,0,0,23,0	152	149	1
9616	0,12,0,0,0	0,0,0,0,0	0,0,0,0,12,0,0,0,0,0,18,0,0,0,24,1	0,0,0,0,0,0,0,0,0,0,0,0,0,0,6,0	169	149	1
9617	0,23,0,0,0	0,0,0,0,0	0,0,0,0,215,0,0,0,0,0,131,0,0,0,172,3	0,0,0,0,0,0,0,0,0,0,1,0,0,0,0,0	668	149	1
9620	0,0,0,0,0	0,182,4,0,0	0,0,0,0,10,0,0,0,0,0,0,0,0,0,0,0	0,0,0,0,783,12,2,4,0,2,1205,0,0,0,1517,104	178	149	1
9624	0,222,2,0,4	0,32,0,0,0	0,0,0,0,1148,2,0,0,0,0,1265,0,0,0,1665,79	0,0,0,0,0,0,0,0,0,0,2,0,0,0,9,0	156	149	1
9627	0,297,0,0,6	0,0,0,0,0	0,0,0,0,1398,10,0,6,0,0,1288,0,0,0,1274,71	0,0,0,0,0,0,0,0,0,0,10,0,0,0,0,0	152	149	1
9628	0,2,0,0,0	0,12,0,0,2	0,0,0,0,53,0,0,0,0,0,13,0,0,0,38,0	0,0,0,0,30,0,0,0,2,0,70,0,0,0,18,14	1341	149	1
9629	0,184,0,0,0	0,68,0,0,0	0,0,0,0,110,0,0,2,0,0,256,0,0,0,28,3	0,0,0,0,51,0,0,0,0,0,238,0,0,0,9,11	209	149	1
9631	0,279,0,0,0	0,0,0,0,0	0,0,0,0,901,2,0,2,0,2,1413,0,0,0,691,83	0,0,0,0,0,0,0,0,0,0,1,0,0,0,0,0	153	149	1
9632	0,23,0,0,2	0,3,0,0,0	0,0,0,0,408,0,0,0,0,4,237,0,0,0,391,20	0,0,0,0,4,0,0,0,0,0,8,0,0,0,6,0	153	149	1
9633	0,10,0,0,0	0,4,0,0,0	0,0,0,0,0,0,0,0,0,0,4,0,0,0,4,0	0,0,0,0,41,0,0,0,0,4,59,0,0,0,18,8	169	149	1
9634	0,0,4,0,0	0,2,0,0,0	0,0,0,0,4,2,0,0,0,0,5,0,0,0,109,14	0,0,0,0,0,0,0,0,0,0,15,0,0,0,116,8	924	149	1
9635	0,8,0,0,0	0,0,0,0,0	0,0,0,0,68,0,0,0,0,0,60,0,0,0,221,37	0,0,0,0,0,0,0,0,0,0,0,0,0,0,3,0	208	149	1
9636	0,2,0,0,0	0,16,0,0,0	0,0,0,0,31,0,0,0,0,0,3,0,0,0,86,3	0,0,0,0,24,0,0,0,0,0,59,0,0,0,136,10	1017	149	1
9637	0,37,2,0,0	0,4,0,0,0	0,0,0,0,57,0,0,0,0,0,87,0,0,0,71,9	0,0,0,0,0,0,0,0,0,0,24,0,0,0,28,0	152	149	1
9638	0,0,0,0,0	0,11,0,0,0	0,0,0,0,10,0,0,0,0,0,3,0,0,0,10,2	0,0,0,0,78,0,0,0,0,0,87,0,0,0,63,5	175	149	1
9640	0,214,0,0,2	0,0,0,0,0	0,0,0,0,765,2,0,0,0,0,1932,0,0,0,841,92	0,0,0,0,6,0,0,0,0,0,11,0,0,0,14,1	279	149	1
9641	0,12,0,0,0	0,1,0,0,0	0,0,0,0,34,0,0,0,2,0,68,0,0,0,6,20	0,0,0,0,7,0,0,0,0,0,48,0,0,0,1,9	235	149	1
9643	0,33,4,0,2	0,0,0,0,0	0,0,0,0,143,4,0,2,0,4,174,0,0,0,624,21	0,0,0,0,2,0,0,0,0,0,0,0,0,0,0,0	211	149	1
9649	0,100,0,0,0	0,34,0,0,0	0,0,0,0,121,0,0,2,0,0,279,0,0,0,52,9	0,0,0,0,127,0,0,0,0,0,89,0,0,0,3,9	155	149	1
9652	0,3,0,0,0	0,0,0,0,0	0,0,0,0,0,0,0,0,0,0,51,0,0,0,2,0	0,0,0,0,0,0,0,0,0,0,4,0,0,0,0,0	258	149	1
9653	0,5,0,0,0	0,0,0,0,0	0,0,0,0,23,0,0,0,0,0,77,0,0,0,5,0	0,0,0,0,0,0,0,0,0,0,11,0,0,0,7,0	220	149	1
9655	0,4,0,0,0	0,2,0,0,0	0,0,0,0,16,0,0,0,0,0,8,0,0,0,19,4	0,0,0,0,45,0,0,0,0,0,118,0,0,0,139,7	292	149	1
9656	0,4,0,0,0	0,2,0,0,0	0,0,0,0,16,0,0,0,0,0,10,0,0,0,23,4	0,0,0,0,0,0,0,0,0,0,4,0,0,0,0,0	292	149	1
9657	0,214,0,0,0	0,2,0,0,0	0,0,0,0,76,0,0,0,0,0,85,0,0,0,103,6	0,0,0,0,0,0,0,0,0,0,4,0,0,0,0,0	204	149	1
9658	0,1739,0,0,0	0,6,0,0,0	0,0,0,0,220,0,0,4,0,0,441,0,0,0,346,42	0,0,0,0,12,0,0,0,0,0,0,0,0,0,0,0	373	149	1
9659	0,1527,0,0,0	0,6,0,0,0	0,0,0,0,144,0,0,4,0,0,360,0,0,0,243,36	0,0,0,0,12,0,0,0,0,0,0,0,0,0,0,0	318	149	1
9660	0,21,0,0,0	0,0,0,0,0	0,0,0,0,6,0,0,0,0,0,35,0,0,0,4,2	0,0,0,0,0,0,0,0,0,0,2,0,0,0,0,0	410	149	1
9661	0,37,0,0,2	0,0,0,0,0	0,0,0,0,358,2,0,2,0,0,219,0,0,0,400,47	0,0,0,0,10,0,0,0,0,0,4,0,0,0,17,2	194	149	1
9663	0,5,0,0,0	0,24,0,0,0	0,0,0,0,0,0,0,0,0,0,0,0,0,0,0,0	0,0,0,0,15,0,0,0,0,0,0,0,0,0,0,0	152	149	1
9665	0,37,0,0,0	0,0,0,0,0	0,0,0,0,96,0,0,0,0,0,184,0,0,0,257,73	0,0,0,0,7,0,0,0,0,0,0,0,0,0,0,0	198	149	1
9666	0,1,0,0,0	0,462,0,0,0	0,0,0,0,0,0,0,0,0,0,3,0,0,0,2,0	0,0,0,0,355,0,0,0,0,2,586,0,0,0,183,102	163	149	1
9667	0,1301,0,0,0	0,15,0,0,0	0,0,0,0,921,0,0,2,0,2,1362,0,0,0,288,244	0,0,0,0,34,0,0,0,0,0,10,0,0,0,3,2	648	149	1
9668	0,28,0,0,0	0,23,0,0,0	0,0,0,0,61,0,0,0,0,0,152,0,0,0,10,5	0,0,0,0,0,0,0,0,0,0,51,0,0,0,6,3	152	149	1
9670	0,277,0,0,0	0,21,0,0,0	0,0,0,0,192,0,0,0,0,0,201,0,0,0,262,22	0,0,0,0,10,0,0,0,0,0,20,0,0,0,14,6	246	149	1
9671	0,1858,0,0,22	0,21,0,0,0	0,0,0,0,1521,2,0,37,18,12,1728,0,0,0,14481,2227	0,0,0,0,10,0,0,0,0,0,20,0,0,0,14,6	690	149	1
9672	0,1614,0,0,22	0,33,0,0,0	0,0,0,0,1329,2,0,37,18,12,1537,0,0,0,14219,2207	0,0,0,0,0,0,0,0,0,0,10,0,0,0,0,2	593	149	1
9673	0,1173,1,0,2	0,4,0,0,0	0,0,0,0,1051,0,8,0,0,2,1680,0,0,0,1089,53	0,0,0,0,0,0,0,0,0,0,1,0,0,0,0,0	157	149	1
9674	0,51,0,0,0	0,4,0,0,0	0,0,0,0,60,0,0,0,0,0,43,0,0,0,44,2	0,0,0,0,0,0,0,0,0,0,1,0,0,0,0,0	270	149	1
9675	0,27,0,0,0	0,1149,1,0,2	0,0,0,0,12,0,0,0,0,0,17,0,0,0,20,2	0,0,0,0,1003,0,8,0,0,2,1654,0,0,0,1065,53	262	149	1
9678	0,1400,30,0,5	0,10,0,0,0	0,0,0,0,3735,14,13,7,8,6,1619,0,0,0,3768,199	0,0,0,0,13,0,0,0,0,0,0,0,0,0,6,2	3034	149	1
9679	0,46,0,0,0	0,9,0,0,0	0,0,0,0,131,0,4,0,0,0,112,0,0,0,27,20	0,0,0,0,7,0,0,0,0,0,39,0,0,0,7,1	214	149	1
9680	0,14,0,0,0	0,73,0,0,0	0,0,0,0,23,0,0,0,0,0,8,0,0,0,2,0	0,0,0,0,90,0,0,0,0,0,152,0,0,0,69,13	152	149	1
9681	0,163,0,0,0	0,0,0,0,0	0,0,0,0,218,0,0,0,0,0,180,0,0,0,78,16	0,0,0,0,4,0,0,0,0,0,0,0,0,0,0,0	173	149	1
9682	0,300,2,0,0	0,14,0,0,0	0,0,0,0,288,0,0,0,0,0,373,0,0,0,96,30	0,0,0,0,22,0,0,0,2,0,3,0,0,0,12,3	247	149	1
9683	0,5,0,0,0	0,0,0,0,0	0,0,0,0,0,0,0,0,0,0,0,0,0,0,26,14	0,0,0,0,0,0,0,0,0,0,1,0,0,0,3,1	177	149	1
9684	0,33,0,0,0	0,24,0,0,0	0,0,0,0,13,0,0,0,0,0,44,0,0,0,13,13	0,0,0,0,5,0,0,0,0,0,21,0,0,0,26,0	152	149	1
9686	0,11,0,0,0	0,0,0,0,0	0,0,0,0,108,0,2,6,0,0,93,0,0,0,131,11	0,0,0,0,2,0,0,0,0,0,0,0,0,0,2,3	270	149	1
9687	0,16,0,0,0	0,0,0,0,0	0,0,0,0,32,0,0,0,0,0,32,0,0,0,0,31	0,0,0,0,57,0,0,0,0,0,27,0,0,0,4,17	194	149	1
9688	0,0,0,0,0	0,33,0,0,0	0,0,0,0,12,0,0,0,0,0,3,0,0,0,0,0	0,0,0,0,50,0,0,0,0,0,77,0,0,0,36,4	268	149	1
9689	0,276,0,0,0	0,1,0,0,0	0,0,0,0,145,0,0,0,0,0,148,0,0,0,7,118	0,0,0,0,0,0,0,0,0,0,0,0,0,0,0,0	558	149	1
9690	0,577,0,0,2	0,5,0,0,0	0,0,0,0,200,0,0,0,0,0,276,0,0,0,53,166	0,0,0,0,0,0,0,0,0,0,6,0,0,0,0,0	707	149	1
9691	0,302,0,0,2	0,5,0,0,0	0,0,0,0,55,0,0,0,0,0,128,0,0,0,46,48	0,0,0,0,0,0,0,0,0,0,6,0,0,0,0,0	298	149	1
9694	0,16,0,0,0	0,5,0,0,0	0,0,0,0,44,0,0,0,0,0,16,0,0,0,12,26	0,0,0,0,0,0,0,0,0,0,1,0,0,0,4,3	766	149	1
9699	0,493,0,0,2	0,0,0,0,0	0,0,0,0,2661,2,0,6,0,2,3215,0,0,0,4348,279	0,0,0,0,0,0,0,0,0,0,0,0,0,0,4,0	545	149	1
9700	0,1553,0,0,2	0,0,0,0,0	0,0,0,0,2663,0,0,7,0,0,3223,0,0,0,1058,183	0,0,0,0,0,0,0,0,0,0,0,0,0,0,2,5	782	149	1
9705	0,344,0,0,0	0,0,0,0,0	0,0,0,0,298,0,0,0,0,2,608,0,0,0,241,92	0,0,0,0,0,0,0,0,0,0,0,0,0,0,0,4	1406	149	1
9706	0,77,0,0,0	0,16,0,0,0	0,0,0,0,2,0,0,2,0,0,194,0,0,0,61,6	0,0,0,0,0,0,0,0,0,0,85,0,0,0,6,2	165	149	1
9707	0,4,0,0,0	0,0,0,0,0	0,0,0,0,9,0,0,0,0,0,6,0,0,0,0,0	0,0,0,0,0,0,0,0,0,0,0,0,0,0,5,0	153	149	1
9708	0,5,0,0,0	0,0,0,0,0	0,0,0,0,7,2,0,0,0,0,11,0,0,0,3,1	0,0,0,0,0,0,0,0,0,0,0,0,0,0,5,0	230	149	1
9709	0,5,0,0,0	0,4,0,0,0	0,0,0,0,7,2,0,0,0,0,9,0,0,0,3,1	0,0,0,0,9,0,0,0,0,0,4,0,0,0,0,0	226	149	1
9710	0,6,0,0,0	0,0,0,0,0	0,0,0,0,0,0,0,0,0,0,0,0,0,0,1,3	0,0,0,0,0,0,0,0,0,0,1,0,0,0,0,0	236	149	1
9715	0,6,0,0,0	0,17,0,0,0	0,0,0,0,0,0,0,0,0,0,0,0,0,0,1,3	0,0,0,0,32,0,0,0,0,0,8,0,0,0,31,1	236	149	1
9716	0,6,0,0,0	0,17,0,0,0	0,0,0,0,0,0,0,0,0,0,0,0,0,0,1,3	0,0,0,0,32,0,0,0,0,0,8,0,0,0,31,1	240	149	1
9717	0,6,0,0,0	0,17,0,0,0	0,0,0,0,0,0,0,0,0,0,0,0,0,0,1,3	0,0,0,0,32,0,0,0,0,0,8,0,0,0,31,1	251	149	1
9721	0,0,0,0,0	0,8,0,0,0	0,0,0,0,0,0,0,0,0,0,7,0,0,0,0,0	0,0,0,0,20,0,0,0,0,0,81,0,0,0,0,5	152	149	1
9728	0,37,0,0,0	0,17,0,0,0	0,0,0,0,35,0,0,0,0,2,23,0,0,0,47,8	0,0,0,0,44,0,0,0,0,0,76,0,0,0,52,0	373	149	1
9730	0,0,0,0,0	0,6,0,0,0	0,0,0,0,12,0,0,0,0,0,6,0,0,0,5,1	0,0,0,0,82,0,0,0,0,0,79,0,0,0,132,23	177	149	1
9737	0,0,0,0,0	0,3,0,0,0	0,0,0,0,0,0,0,0,0,0,1,0,0,0,0,0	0,0,0,0,72,0,0,0,0,0,2,0,0,0,0,2	153	149	1
9740	0,20,0,0,0	0,0,0,0,0	0,0,0,0,22,0,0,0,0,0,20,0,0,0,29,14	0,0,0,0,6,0,0,0,2,0,51,0,0,0,5,0	271	149	1
9741	0,5,0,0,0	0,4,0,0,0	0,0,0,0,0,0,0,0,0,0,18,0,0,0,62,3	0,0,0,0,0,0,0,0,0,0,0,0,0,0,5,0	158	149	1
9742	0,9,0,0,0	0,264,0,0,2	0,0,0,0,35,0,0,0,0,0,10,0,0,0,5,6	0,0,0,0,591,0,2,0,0,0,359,0,0,0,401,115	170	149	1
9743	0,8,0,0,0	0,6,0,0,0	0,0,0,0,7,0,0,0,0,0,1,0,0,0,4,5	0,0,0,0,16,0,0,0,0,0,4,0,0,0,31,20	170	149	1
9745	0,7,0,0,0	0,0,0,0,0	0,0,0,0,0,0,0,0,0,0,4,0,0,0,5,2	0,0,0,0,3,0,0,0,0,0,1,0,0,0,0,0	295	149	1
9746	0,6,0,0,0	0,0,0,0,0	0,0,0,0,76,0,0,0,0,0,10,0,0,0,56,7	0,0,0,0,6,0,0,0,0,0,3,0,0,0,62,0	152	149	1
9753	0,13,0,0,0	0,0,0,0,0	0,0,0,0,10,0,0,0,0,0,31,0,0,0,25,0	0,0,0,0,11,0,0,0,0,0,1,0,0,0,0,0	152	149	1
9754	0,31,0,0,0	0,0,0,0,0	0,0,0,0,62,0,0,0,0,0,8,0,0,0,2,0	0,0,0,0,0,0,0,0,0,0,1,0,0,0,0,0	152	149	1
9755	0,0,0,0,0	0,27,0,0,0	0,0,0,0,0,0,0,0,0,0,2,0,0,0,0,0	0,0,0,0,28,0,0,0,0,0,71,0,0,0,54,31	155	149	1
9756	0,14,0,0,0	0,220,0,0,0	0,0,0,0,2,0,0,0,0,0,31,0,0,0,10,1	0,0,0,0,568,0,0,2,0,0,1166,0,0,0,742,574	165	149	1
9757	0,6,0,0,0	0,200,0,0,0	0,0,0,0,20,0,0,0,0,0,9,0,0,0,13,19	0,0,0,0,481,0,0,4,0,0,946,0,0,0,527,264	397	149	1
9758	0,353,0,0,0	0,0,0,0,0	0,0,0,0,429,0,2,3,2,0,112,0,0,0,279,105	0,0,0,0,0,0,0,0,0,0,0,0,0,0,0,2	1030	149	1
9759	0,200,0,0,0	0,2,0,0,0	0,0,0,0,482,0,0,4,0,0,959,0,0,0,555,264	0,0,0,0,0,0,0,0,0,0,0,0,0,0,1,1	153	149	1
9760	0,547,0,0,0	0,0,0,0,0	0,0,0,0,895,0,2,7,2,0,1055,0,0,0,795,350	0,0,0,0,0,0,0,0,0,0,0,0,0,0,0,2	782	149	1
9766	0,3,0,0,0	0,0,0,0,0	0,0,0,0,47,0,2,0,0,2,42,0,0,0,81,17	0,0,0,0,0,0,0,0,0,0,5,0,0,0,0,0	201	149	1
9774	0,0,2,0,0	0,0,0,0,0	0,0,0,0,0,0,4,0,0,0,2,0,0,0,33,4	0,0,0,0,0,0,0,0,0,0,1,0,0,0,0,0	235	149	1
9775	0,0,2,0,0	0,0,0,0,0	0,0,0,0,0,0,4,0,0,0,2,0,0,0,14,0	0,0,0,0,0,0,0,0,0,0,1,0,0,0,37,0	196	149	1
9777	0,3,0,0,0	0,0,0,0,0	0,0,0,0,13,0,0,0,0,0,88,0,0,0,96,6	0,0,0,0,0,0,0,0,0,0,1,0,0,0,0,0	211	149	1
9780	0,0,0,0,0	0,5,0,0,0	0,0,0,0,0,0,0,0,0,0,1,0,0,0,0,1	0,0,0,0,0,0,0,0,0,0,0,0,0,0,0,2	152	149	1
9781	0,11,0,0,0	0,3,0,0,0	0,0,0,0,50,0,0,0,0,0,33,0,0,0,35,83	0,0,0,0,34,0,0,0,0,0,58,0,0,0,28,61	152	149	1
9786	0,0,0,0,0	0,41,0,0,0	0,0,0,0,6,0,0,0,0,0,8,0,0,0,0,0	0,0,0,0,44,0,0,0,0,0,114,0,0,0,4,0	170	149	1
9794	0,12,0,0,0	0,884,0,0,0	0,0,0,0,4,0,0,0,0,0,21,0,0,0,0,0	0,0,0,0,96,0,0,0,2,0,1346,0,0,0,93,14	166	149	1
9795	0,6,0,0,0	0,856,0,0,0	0,0,0,0,22,0,0,0,0,0,8,0,0,0,0,1	0,0,0,0,103,0,0,0,0,0,1536,0,0,0,118,18	241	149	1
9796	0,2,0,0,0	0,856,0,0,0	0,0,0,0,22,0,0,0,0,0,6,0,0,0,0,1	0,0,0,0,103,0,0,0,0,0,1536,0,0,0,118,18	244	149	1
9798	0,935,0,0,0	0,21,0,0,0	0,0,0,0,161,0,0,0,2,0,1987,0,0,0,95,10	0,0,0,0,0,0,0,0,0,0,20,0,0,0,0,0	193	149	1
9800	0,482,0,0,4	0,0,0,0,0	0,0,0,0,229,0,0,0,0,0,1283,0,0,0,569,36	0,0,0,0,0,0,0,0,0,0,7,0,0,0,0,0	152	149	1
9801	0,52,0,0,0	0,0,0,0,0	0,0,0,0,0,0,0,0,0,0,86,0,0,0,19,0	0,0,0,0,0,0,0,0,0,0,7,0,0,0,0,0	317	149	1
9802	0,8,0,0,0	0,438,0,0,4	0,0,0,0,0,0,0,0,0,0,14,0,0,0,7,0	0,0,0,0,229,0,0,0,0,0,1211,0,0,0,557,36	314	149	1
9803	0,414,0,0,2	0,0,0,0,0	0,0,0,0,225,0,0,2,0,0,1180,0,0,0,567,34	0,0,0,0,0,0,0,0,0,0,3,0,0,0,0,0	151	149	1
9810	0,10,0,0,0	0,358,2,0,2	0,0,0,0,0,0,0,0,0,0,34,0,0,0,10,0	0,0,0,0,287,0,2,0,2,0,1146,0,0,0,619,28	190	149	1
9811	0,196,2,0,4	0,0,0,0,0	0,0,0,0,270,0,0,0,0,0,855,0,0,0,323,7	0,0,0,0,9,0,0,0,0,0,6,0,0,0,0,2	152	149	1
9812	0,8,0,0,0	0,145,2,0,4	0,0,0,0,6,0,0,0,0,0,21,0,0,0,5,0	0,0,0,0,166,0,0,0,2,0,739,0,0,0,348,22	191	149	1
9816	0,3,0,0,0	0,0,0,0,0	0,0,0,0,5,0,0,0,0,0,1,0,0,0,0,0	0,0,0,0,0,0,0,0,0,0,20,0,0,0,2,2	318	149	1
9817	0,3,0,0,0	0,0,0,0,0	0,0,0,0,0,0,0,0,0,0,0,0,0,0,0,1	0,0,0,0,0,0,0,0,0,0,20,0,0,0,2,2	199	149	1
9818	0,3,0,0,0	0,0,0,0,0	0,0,0,0,0,0,0,0,0,0,0,0,0,0,0,0	0,0,0,0,0,0,0,0,0,0,0,0,0,0,0,1	199	149	1
9821	0,35,0,0,0	0,0,0,0,0	0,0,0,0,35,0,0,0,0,0,34,0,0,0,1,2	0,0,0,0,15,0,0,0,0,0,0,0,0,0,0,0	181	149	1
9822	0,173,0,0,0	0,2,0,0,0	0,0,0,0,706,0,0,0,0,0,335,0,0,0,8,8	0,0,0,0,23,0,0,0,0,0,36,0,0,0,0,0	252	149	1
9823	0,75,0,0,0	0,1,0,0,0	0,0,0,0,363,0,0,0,0,0,287,0,0,0,1,12	0,0,0,0,11,0,0,0,0,0,13,0,0,0,0,1	181	149	1
9824	0,0,0,0,0	0,137,0,0,0	0,0,0,0,56,0,0,0,0,0,7,0,0,0,0,3	0,0,0,0,1089,0,0,0,0,0,2263,0,0,0,41,294	270	149	1
9825	0,152,0,0,2	0,0,0,0,0	0,0,0,0,300,0,0,6,0,2,973,0,0,0,814,58	0,0,0,0,0,0,0,0,0,0,1,0,0,0,0,1	471	149	1
9826	0,8,0,0,0	0,712,0,0,0	0,0,0,0,0,0,0,0,0,0,22,0,0,0,10,1	0,0,0,0,403,0,0,0,0,0,1351,0,0,0,331,10	164	149	1
9828	0,0,0,0,0	0,4,0,0,0	0,0,0,0,22,0,0,0,0,0,6,0,0,0,11,2	0,0,0,0,0,0,0,0,0,0,29,0,0,0,99,16	176	149	1
9829	0,0,0,0,0	0,9,0,0,0	0,0,0,0,0,0,0,0,0,0,3,0,0,0,0,0	0,0,0,0,72,2,0,0,0,0,75,0,0,0,126,9	173	149	1
9831	0,45,0,0,0	0,52,0,0,0	0,0,0,0,75,0,0,0,0,0,71,0,0,0,141,15	0,0,0,0,133,0,0,0,0,0,307,0,0,0,161,7	1890	149	1
9832	0,188,0,0,0	0,21,0,0,0	0,0,0,0,75,0,0,0,0,0,127,0,0,0,49,5	0,0,0,0,10,0,0,0,0,0,4,0,0,0,0,1	271	149	1
9836	0,4,0,0,0	0,0,0,0,0	0,0,0,0,29,0,0,0,0,0,5,0,0,0,0,6	0,0,0,0,0,0,0,0,0,0,0,0,0,0,1,0	221	149	1
9837	0,0,0,0,0	0,6,0,0,0	0,0,0,0,54,0,0,0,0,0,27,0,0,0,4,2	0,0,0,0,61,0,0,0,0,0,42,0,0,0,37,2	193	149	1
9838	0,3,0,0,0	0,2,0,0,0	0,0,0,0,97,0,0,0,0,0,43,0,0,0,28,0	0,0,0,0,15,0,0,0,0,0,8,0,0,0,0,0	161	149	1
9848	0,9,0,0,0	0,0,0,0,0	0,0,0,0,0,0,0,0,0,0,2,0,0,0,0,1	0,0,0,0,0,0,0,0,0,0,0,0,0,0,0,5	154	149	1
9852	0,14,0,0,0	0,0,0,0,0	0,0,0,0,6,0,0,0,0,0,9,0,0,0,3,17	0,0,0,0,0,0,0,0,0,0,1,0,0,0,0,0	253	149	1
9854	0,62,0,0,0	0,320,0,0,2	0,0,0,0,58,0,0,0,0,0,35,0,0,0,9,11	0,0,0,0,843,0,0,0,0,0,937,0,0,0,365,38	398	149	1
9855	0,18,0,0,0	0,13,0,0,0	0,0,0,0,102,0,0,0,0,0,67,0,0,0,162,47	0,0,0,0,174,0,0,0,0,0,352,0,0,0,228,52	169	149	1
9856	0,43,0,0,0	0,13,0,0,0	0,0,0,0,278,0,0,0,0,0,261,0,0,0,473,92	0,0,0,0,174,0,0,0,0,0,352,0,0,0,228,52	200	149	1
9857	0,25,0,0,0	0,0,0,0,0	0,0,0,0,206,0,0,0,0,0,212,0,0,0,326,46	0,0,0,0,30,0,0,0,0,0,18,0,0,0,15,1	180	149	1
9858	0,35,0,0,0	0,382,2,0,0	0,0,0,0,115,2,0,0,0,0,137,0,0,0,224,51	0,0,0,0,1681,2,2,0,0,0,2365,0,0,0,1943,124	169	149	1
9859	0,234,0,0,0	0,382,2,0,0	0,0,0,0,1271,0,0,2,0,0,546,0,0,0,956,102	0,0,0,0,1681,2,2,0,0,0,2365,0,0,0,1943,124	200	149	1
9860	0,216,0,0,0	0,17,0,0,0	0,0,0,0,1199,0,0,2,0,0,497,0,0,0,809,56	0,0,0,0,43,2,0,0,0,0,88,0,0,0,77,5	180	149	1
9866	0,0,0,0,0	0,480,0,0,0	0,0,0,0,31,0,0,0,0,0,0,0,0,0,0,9	0,0,0,0,695,0,0,1,0,0,401,0,0,0,18,52	182	149	1
9870	0,5,0,0,0	0,0,0,0,0	0,0,0,0,0,0,0,0,0,0,23,0,0,0,0,0	0,0,0,0,0,0,0,0,0,0,2,0,0,0,0,0	163	149	1
9871	0,0,0,0,0	0,3,0,0,0	0,0,0,0,1,0,0,0,0,0,22,0,0,0,2,0	0,0,0,0,3,0,0,0,0,0,1,0,0,0,0,0	218	149	1
9872	0,23,0,0,0	0,0,0,0,0	0,0,0,0,147,0,0,0,4,0,216,0,0,0,157,2	0,0,0,0,11,0,0,0,0,0,6,0,0,0,8,0	195	149	1
9873	0,8,0,0,0	0,0,0,0,0	0,0,0,0,52,0,0,0,2,0,49,0,0,0,87,0	0,0,0,0,0,0,0,0,0,0,0,0,0,0,0,1	195	149	1
9874	0,5,0,0,0	0,0,0,0,0	0,0,0,0,290,0,0,0,0,4,40,0,0,0,546,3	0,0,0,0,74,0,0,0,0,2,22,0,0,0,118,1	152	149	1
9877	0,0,0,0,0	0,5,0,0,0	0,0,0,0,12,0,0,0,0,0,3,0,0,0,122,0	0,0,0,0,288,0,0,0,0,4,40,0,0,0,541,3	326	149	1
9878	0,0,0,0,0	0,5,0,0,0	0,0,0,0,29,2,0,0,0,0,5,0,0,0,174,0	0,0,0,0,288,0,0,0,0,4,40,0,0,0,541,3	440	149	1
9881	0,243,0,0,0	0,8,0,0,0	0,0,0,0,5,0,0,0,0,0,16,0,0,0,0,5	0,0,0,0,0,0,0,0,0,0,14,0,0,0,1,0	209	149	1
9882	0,240,0,0,0	0,92,0,0,2	0,0,0,0,8,0,0,0,0,0,22,0,0,0,0,5	0,0,0,0,116,0,0,0,0,0,220,0,0,0,7,10	209	149	1
9883	0,0,0,0,0	0,1,0,0,0	0,0,0,0,0,0,0,0,0,0,4,0,0,0,34,4	0,0,0,0,7,3,10,6,0,6,302,0,0,0,1977,431	183	149	1
9884	0,106,2,0,0	0,3,0,0,0	0,0,0,0,317,0,0,0,0,0,274,0,0,0,342,23	0,0,0,0,17,0,0,0,0,0,48,0,0,0,6,11	253	149	1
9885	0,561,0,0,0	0,0,0,0,0	0,0,0,0,558,0,0,2,0,2,991,0,0,0,806,18	0,0,0,0,0,0,0,0,0,0,7,0,0,0,8,0	287	149	1
9886	0,104,0,0,0	0,0,0,0,0	0,0,0,0,258,0,0,0,0,0,205,0,0,0,191,45	0,0,0,0,18,0,0,0,0,0,1,0,0,0,4,0	155	149	1
9887	0,58,0,0,0	0,10,0,0,0	0,0,0,0,89,0,0,0,0,0,36,0,0,0,118,24	0,0,0,0,69,0,0,0,0,0,136,0,0,0,129,24	362	149	1
9888	0,1694,0,0,6	0,4,0,0,0	0,0,0,0,1750,0,0,4,2,2,4345,0,0,0,187,483	0,0,0,0,32,0,0,0,0,0,25,0,0,0,140,5	289	149	1
9889	0,11,0,0,0	0,1088,0,0,6	0,0,0,0,17,0,0,0,0,0,11,0,0,0,7,0	0,0,0,0,1159,0,0,3,0,0,3237,0,0,0,448,68	168	149	1
9890	0,5676,0,0,8	0,272,0,0,0	0,0,0,0,2122,0,0,7,4,6,6710,0,0,0,428,305	0,0,0,0,232,0,0,0,3,0,146,0,0,0,33,18	153	149	1
9891	0,164,0,0,0	0,0,0,0,0	0,0,0,0,91,0,0,0,0,2,168,0,0,0,34,4	0,0,0,0,10,0,0,0,0,0,2,0,0,0,0,1	243	149	1
9893	0,6,0,0,0	0,36,0,0,0	0,0,0,0,24,0,0,0,0,2,14,0,0,0,5,12	0,0,0,0,966,0,0,0,2,2,465,0,0,0,0,38	270	149	1
9894	0,0,0,0,0	0,26,0,0,0	0,0,0,0,10,0,0,0,0,0,0,0,0,0,0,0	0,0,0,0,53,0,0,0,0,0,50,0,0,0,64,7	166	149	1
9896	0,12,0,0,0	0,6,0,0,0	0,0,0,0,80,0,0,0,0,0,8,0,0,0,51,1	0,0,0,0,45,0,0,0,0,0,32,0,0,0,12,1	375	149	1
9898	0,20,8,0,0	0,51,2,0,0	0,0,0,0,126,10,3,0,4,0,35,0,0,0,672,654	0,0,0,0,456,0,0,2,2,0,764,0,0,0,1495,287	1494	149	1
9899	0,20,8,0,0	0,0,0,0,0	0,0,0,0,145,10,3,0,4,0,36,0,0,0,693,654	0,0,0,0,21,0,0,0,0,0,24,0,0,0,30,6	1497	149	1
9900	0,51,2,0,0	0,0,0,0,0	0,0,0,0,475,0,0,2,2,0,765,0,0,0,1516,287	0,0,0,0,21,0,0,0,0,0,24,0,0,0,30,6	152	149	1
9905	0,0,0,0,0	0,102,0,0,0	0,0,0,0,0,0,0,0,0,0,0,0,0,0,0,3	0,0,0,0,492,8,4,2,0,0,636,0,0,0,606,86	160	149	1
9906	0,108,0,0,2	0,42,0,0,0	0,0,0,0,441,0,0,0,0,0,469,0,0,0,85,21	0,0,0,0,145,0,0,0,0,0,200,0,0,0,17,12	152	149	1
9907	0,498,4,0,2	0,0,0,0,0	0,0,0,0,1925,0,2,2,0,8,1854,0,0,0,701,108	0,0,0,0,0,0,0,0,0,0,0,0,0,0,2,0	369	149	1
9909	0,13,0,0,0	0,0,0,0,0	0,0,0,0,105,0,0,0,0,0,98,0,0,0,73,12	0,0,0,0,0,0,0,0,0,0,1,0,0,0,0,0	152	149	1
9910	0,281,4,0,6	0,116,2,0,0	0,0,0,0,787,4,8,2,0,2,862,0,0,0,1347,101	0,0,0,0,155,0,0,0,0,0,126,0,0,0,164,7	2559	149	1
9911	0,124,2,0,0	0,0,0,0,0	0,0,0,0,185,0,0,0,0,0,172,0,0,0,276,37	0,0,0,0,40,0,2,0,0,0,22,0,0,0,42,1	155	149	1
9912	0,15,0,0,0	0,78,0,0,0	0,0,0,0,98,0,0,0,0,0,46,0,0,0,61,19	0,0,0,0,137,0,0,0,0,0,172,0,0,0,296,43	230	149	1
9915	0,19,0,0,0	0,17,0,0,0	0,0,0,0,220,0,0,0,0,0,131,0,0,0,185,44	0,0,0,0,88,0,0,0,0,0,78,0,0,0,162,20	152	149	1
9916	0,112,0,0,0	0,22,0,0,0	0,0,0,0,220,0,0,0,0,0,291,0,0,0,1,45	0,0,0,0,0,0,0,0,0,0,2,0,0,0,0,5	499	149	1
9917	0,6,0,0,0	0,16,0,0,0	0,0,0,0,22,0,0,0,0,0,4,0,0,0,6,1	0,0,0,0,12,0,0,0,0,0,31,0,0,0,16,4	227	149	1
9918	0,99,0,0,0	0,0,0,0,0	0,0,0,0,187,0,0,0,0,0,366,0,0,0,243,210	0,0,0,0,0,0,0,0,0,0,0,0,0,0,0,1	219	149	1
9919	0,2,0,0,0	0,0,0,0,0	0,0,0,0,0,0,0,0,0,0,0,0,0,0,8,0	0,0,0,0,0,0,0,0,0,0,2,0,0,0,0,0	179	149	1
9920	0,7,0,0,0	0,0,0,0,0	0,0,0,0,102,0,0,0,0,0,93,0,0,0,163,0	0,0,0,0,21,0,0,0,0,0,31,0,0,0,26,0	153	149	1
9921	0,0,0,0,1	0,2,0,0,0	0,0,0,0,54,0,0,0,0,0,84,0,0,0,15,70	0,0,0,0,0,0,0,0,0,0,13,0,0,0,0,4	153	149	1
9922	0,134,2,0,0	0,1,0,0,0	0,0,0,0,150,0,2,0,0,0,236,0,0,0,292,54	0,0,0,0,0,0,0,0,0,0,4,0,0,0,7,0	209	149	1
9924	0,25,0,0,0	0,308,0,0,2	0,0,0,0,0,0,0,0,0,0,58,0,0,0,0,2	0,0,0,0,204,0,0,1,0,0,1654,0,0,0,91,149	172	149	1
9925	0,53,6,0,0	0,0,0,0,0	0,0,0,0,254,0,2,2,0,0,364,0,0,0,680,44	0,0,0,0,0,0,0,0,0,0,0,0,0,0,1,0	157	149	1
9926	0,8,0,0,0	0,0,0,0,0	0,0,0,0,5,0,0,0,0,0,0,0,0,0,0,1	0,0,0,0,5,0,0,0,0,0,3,0,0,0,10,0	171	149	1
9929	0,18,0,0,0	0,8,0,0,0	0,0,0,0,22,0,0,0,0,0,11,0,0,0,4,2	0,0,0,0,48,0,0,0,0,0,6,0,0,0,0,0	153	149	1
9930	0,1,0,0,0	0,0,0,0,0	0,0,0,0,0,0,0,0,0,0,1,0,0,0,0,4	0,0,0,0,0,0,0,0,0,0,0,0,0,0,0,2	217	149	1
9931	0,67,0,0,0	0,4,0,0,0	0,0,0,0,303,2,0,2,0,0,267,0,0,0,724,11	0,0,0,0,8,0,0,0,0,0,2,0,0,0,0,0	1078	149	1
9932	0,9,0,0,0	0,9,0,0,0	0,0,0,0,33,0,0,0,0,0,73,0,0,0,121,13	0,0,0,0,39,0,0,0,0,0,40,0,0,0,60,4	152	149	1
9935	0,21,0,0,0	0,7,0,0,0	0,0,0,0,66,0,0,0,0,0,8,0,0,0,0,2	0,0,0,0,4,0,0,0,0,0,11,0,0,0,0,1	194	149	1
9936	0,27,0,0,0	0,263,0,0,0	0,0,0,0,66,0,0,0,0,0,8,0,0,0,0,2	0,0,0,0,455,0,0,0,0,0,922,0,0,0,18,58	194	149	1
9937	0,13,0,0,0	0,0,0,0,0	0,0,0,0,45,0,0,0,0,0,17,0,0,0,9,0	0,0,0,0,0,0,0,0,0,0,3,0,0,0,0,0	246	149	1
9938	0,190,0,0,0	0,0,0,0,0	0,0,0,0,649,2,0,2,2,0,105,0,0,0,177,13	0,0,0,0,120,0,0,0,0,0,54,0,0,0,91,2	1491	149	1
9939	0,1,0,0,0	0,0,2,0,0	0,0,0,0,23,0,0,0,0,0,60,0,0,0,75,23	0,0,0,0,4,0,0,0,0,0,4,0,0,0,8,3	152	149	1
9941	0,12,2,0,0	0,0,0,0,0	0,0,0,0,76,0,0,0,0,0,36,0,0,0,80,5	0,0,0,0,0,0,0,0,0,0,5,0,0,0,0,0	166	149	1
9942	0,0,0,0,0	0,6,0,0,0	0,0,0,0,14,0,0,0,0,0,0,0,0,0,0,0	0,0,0,0,120,0,0,0,0,0,60,0,0,0,112,21	162	149	1
9949	0,0,0,0,0	0,9,0,0,0	0,0,0,0,0,0,0,0,0,0,0,0,0,0,0,10	0,0,0,0,5,0,0,0,0,0,21,0,0,0,89,18	168	149	1
9953	0,1,0,0,0	0,13,0,0,0	0,0,0,0,9,0,0,0,0,0,8,0,0,0,26,4	0,0,0,0,30,0,0,0,0,2,105,0,0,0,69,28	180	149	1
9954	0,47,0,0,0	0,0,0,0,0	0,0,0,0,47,0,0,0,0,0,189,0,0,0,176,21	0,0,0,0,10,0,0,0,0,0,9,0,0,0,5,3	310	149	1
9955	0,59,0,0,0	0,0,0,0,0	0,0,0,0,68,0,0,0,0,2,286,0,0,0,219,45	0,0,0,0,10,0,0,0,0,0,9,0,0,0,5,3	279	149	1
9956	0,193,6,0,0	0,34,0,0,0	0,0,0,0,246,0,0,0,0,0,204,0,0,0,250,9	0,0,0,0,52,0,0,0,0,2,52,0,0,0,57,2	152	149	1
9961	0,18,0,0,0	0,0,0,0,0	0,0,0,0,85,0,0,0,0,0,57,0,0,0,0,4	0,0,0,0,2,0,0,0,0,0,7,0,0,0,0,0	152	149	1
9962	0,0,0,0,0	0,14,0,0,0	0,0,0,0,92,0,0,0,0,0,7,0,0,0,68,8	0,0,0,0,0,0,0,0,0,0,2,0,0,0,11,1	191	149	1
9964	0,202,0,0,0	0,4,0,0,0	0,0,0,0,182,0,0,0,0,0,513,0,0,0,143,69	0,0,0,0,0,0,0,0,0,0,0,0,0,0,4,0	315	149	1
9965	0,53,0,0,0	0,0,0,0,0	0,0,0,0,5,0,0,2,0,0,65,0,0,0,102,0	0,0,0,0,0,0,0,0,0,0,4,0,0,0,2,0	154	149	1
9966	0,1,0,0,0	0,16,0,0,0	0,0,0,0,0,0,0,0,0,0,27,0,0,0,11,2	0,0,0,0,57,0,0,0,0,0,161,0,0,0,132,34	155	149	1
9968	0,0,0,0,0	0,84,0,0,4	0,0,0,0,1,0,0,0,0,0,0,0,0,0,1,5	0,0,0,0,105,0,0,0,0,1,601,0,0,0,690,122	161	149	1
9969	0,0,0,0,2	0,0,0,0,0	0,0,0,0,9,0,0,0,0,0,40,0,0,0,91,8	0,0,0,0,0,0,0,0,0,0,0,0,0,0,26,8	152	149	1
9972	0,2,0,0,0	0,0,0,0,0	0,0,0,0,2,0,0,0,0,0,4,0,0,0,27,4	0,0,0,0,0,0,0,0,0,0,5,0,0,0,0,0	250	149	1
9973	0,127,0,0,0	0,38,0,0,0	0,0,0,0,146,0,0,0,0,0,155,0,0,0,43,6	0,0,0,0,75,0,0,0,0,0,50,0,0,0,0,2	152	149	1
9983	0,97,0,0,0	0,0,0,0,0	0,0,0,0,157,0,0,0,0,0,176,0,0,0,75,36	0,0,0,0,0,0,0,0,0,0,8,0,0,0,0,0	176	149	1
9986	0,87,0,0,0	0,0,0,0,0	0,0,0,0,483,0,0,0,0,2,147,0,0,0,0,6	0,0,0,0,0,0,0,0,0,0,2,0,0,0,0,0	194	149	1
9987	0,0,0,0,0	0,20,0,0,0	0,0,0,0,13,0,0,0,0,0,31,0,0,0,0,1	0,0,0,0,96,0,0,0,0,0,160,0,0,0,0,15	152	149	1
9988	0,6,0,0,0	0,29,0,0,0	0,0,0,0,31,0,0,0,0,0,45,0,0,0,3,1	0,0,0,0,55,0,0,0,0,0,120,0,0,0,0,11	281	149	1
9994	0,1862,0,0,0	0,0,0,0,0	0,0,0,0,10202,0,0,0,8,2,1349,0,0,0,330,119	0,0,0,0,11,0,0,0,0,0,0,0,0,0,0,0	1638	149	1
9995	0,0,0,0,0	0,178,0,0,2	0,0,0,0,0,0,0,0,0,0,3,0,0,0,0,0	0,0,0,0,1993,0,0,0,12,0,658,0,0,0,112,165	166	149	1
9997	0,0,0,0,0	0,112,0,0,0	0,0,0,0,5,0,0,0,0,0,33,0,0,0,2,0	0,0,0,0,721,0,0,0,2,0,1248,0,0,0,150,98	193	149	1
9998	0,12,0,0,0	0,0,0,0,0	0,0,0,0,10,0,0,0,0,2,0,0,0,0,7,0	0,0,0,0,0,0,0,0,0,0,2,0,0,0,0,0	304	149	1
9999	0,0,0,0,0	0,178,0,0,0	0,0,0,0,0,0,0,0,0,0,28,0,0,0,2,4	0,0,0,0,172,0,0,0,0,0,490,0,0,0,127,52	253	149	1
10001	0,214,0,0,4	0,0,0,0,0	0,0,0,0,455,0,0,1,4,2,944,0,0,0,4,2574	0,0,0,0,0,0,0,0,0,0,2,0,0,0,0,10	178	149	1
10002	0,59,0,0,0	0,346,0,0,0	0,0,0,0,29,0,0,0,0,0,124,0,0,0,1,6	0,0,0,0,160,0,0,0,0,0,448,0,0,0,25,32	170	149	1
10003	0,23,0,0,0	0,312,0,0,0	0,0,0,0,51,0,0,0,0,0,31,0,0,0,2,3	0,0,0,0,143,0,0,0,0,0,539,0,0,0,40,35	204	149	1
10004	0,34,0,0,0	0,312,0,0,0	0,0,0,0,75,0,0,0,0,0,53,0,0,0,4,5	0,0,0,0,143,0,0,0,0,0,539,0,0,0,40,35	363	149	1
10005	0,20,0,0,0	0,9,0,0,0	0,0,0,0,34,0,0,0,0,0,34,0,0,0,4,2	0,0,0,0,10,0,0,0,0,0,12,0,0,0,2,0	308	149	1
10006	0,0,0,0,0	0,43,0,0,0	0,0,0,0,0,0,0,0,0,0,1,0,0,0,0,0	0,0,0,0,0,0,0,0,0,0,124,0,0,0,31,0	169	149	1
10007	0,13,0,0,0	0,51,0,0,0	0,0,0,0,10,0,0,0,0,0,1,0,0,0,8,0	0,0,0,0,16,0,0,0,0,0,15,0,0,0,12,1	184	149	1
10009	0,1,0,0,0	0,33,0,0,0	0,0,0,0,30,0,0,0,0,0,0,0,0,0,0,0	0,0,0,0,400,0,0,0,4,2,151,0,0,0,73,4	287	149	1
10010	0,0,0,0,0	0,48,0,0,0	0,0,0,0,27,0,0,0,0,2,14,0,0,0,3,0	0,0,0,0,427,0,0,0,0,0,226,0,0,0,74,5	152	149	1
10011	0,15,0,0,0	0,4,0,0,0	0,0,0,0,18,0,0,0,0,0,75,0,0,0,26,2	0,0,0,0,21,0,0,0,0,0,29,0,0,0,0,1	152	149	1
10013	0,7,0,0,0	0,0,0,0,0	0,0,0,0,14,0,0,0,0,0,24,0,0,0,0,1	0,0,0,0,0,0,0,0,0,0,3,0,0,0,3,1	808	149	1
10015	0,30,0,0,0	0,3,0,0,0	0,0,0,0,26,0,0,0,0,0,23,0,0,0,45,21	0,0,0,0,38,0,0,0,0,0,59,0,0,0,28,7	1089	149	1
10016	0,18,0,0,0	0,3,0,0,0	0,0,0,0,35,0,0,0,0,0,14,0,0,0,16,1	0,0,0,0,0,0,0,0,0,0,7,0,0,0,4,0	319	149	1
10017	0,30,0,0,0	0,11,0,0,0	0,0,0,0,15,0,0,0,0,0,12,0,0,0,0,2	0,0,0,0,103,0,0,0,0,0,50,0,0,0,15,9	215	149	1
10018	0,0,0,0,0	0,6,0,0,0	0,0,0,0,0,0,0,0,2,0,35,0,0,0,2,13	0,0,0,0,10,0,0,0,0,0,13,0,0,0,5,0	158	149	1
10019	0,92,0,0,0	0,12,0,0,0	0,0,0,0,85,0,0,0,0,0,101,0,0,0,59,21	0,0,0,0,0,0,0,0,0,0,2,0,0,0,16,5	152	149	1
10020	0,2,0,0,0	0,82,0,0,0	0,0,0,0,0,0,0,0,0,0,2,0,0,0,0,0	0,0,0,0,76,0,0,0,0,0,131,0,0,0,93,8	170	149	1
10026	0,27,0,0,0	0,0,0,0,0	0,0,0,0,63,2,2,0,0,0,29,0,0,0,82,53	0,0,0,0,0,0,0,0,0,0,0,0,0,0,3,0	152	149	1
10027	0,9,0,0,0	0,0,0,0,0	0,0,0,0,48,0,0,0,0,0,94,0,0,0,10,12	0,0,0,0,0,0,0,0,0,0,1,0,0,0,0,0	291	149	1
10028	0,3,0,0,0	0,9,0,0,0	0,0,0,0,0,0,0,0,0,0,3,0,0,0,8,0	0,0,0,0,48,0,0,0,0,0,91,0,0,0,10,10	215	149	1
10030	0,3,0,0,0	0,0,0,0,0	0,0,0,0,55,0,0,0,0,0,66,0,0,0,87,9	0,0,0,0,3,0,0,0,0,0,0,0,0,0,0,0	153	149	1
10031	0,46,0,0,0	0,0,0,0,0	0,0,0,0,194,2,0,0,0,0,168,0,0,0,162,46	0,0,0,0,6,0,0,0,0,0,10,0,0,0,0,15	213	149	1
10032	0,0,0,0,0	0,34,0,0,0	0,0,0,0,0,0,0,0,0,0,1,0,0,0,0,0	0,0,0,0,45,0,0,0,0,0,157,0,0,0,42,5	155	149	1
10033	0,1077,0,0,0	0,98,0,0,0	0,0,0,0,903,0,0,0,0,0,896,0,0,0,21,73	0,0,0,0,140,0,0,0,0,0,137,0,0,0,0,12	786	149	1
10034	0,235,0,0,0	0,8,0,0,0	0,0,0,0,383,0,0,0,0,0,322,0,0,0,5,9	0,0,0,0,34,0,0,0,0,0,45,0,0,0,0,0	154	149	1
10035	0,17,0,0,0	0,8,0,0,0	0,0,0,0,31,0,0,0,0,0,36,0,0,0,0,1	0,0,0,0,34,0,0,0,0,0,45,0,0,0,0,0	178	149	1
10036	0,0,0,0,0	0,218,0,0,0	0,0,0,0,0,0,0,0,0,0,6,0,0,0,0,1	0,0,0,0,352,0,0,0,0,0,292,0,0,0,5,9	173	149	1
10037	0,2,0,0,0	0,326,0,0,0	0,0,0,0,0,0,0,0,0,0,10,0,0,0,10,4	0,0,0,0,342,0,0,0,0,0,639,0,0,0,344,48	170	149	1
10038	0,0,0,0,0	0,3,0,0,0	0,0,0,0,0,0,0,0,0,0,5,0,0,0,31,2	0,0,0,0,128,0,0,2,0,0,152,0,0,0,197,32	174	149	1
10039	0,61,0,0,0	0,6,0,0,0	0,0,0,0,37,0,0,0,0,0,25,0,0,0,10,28	0,0,0,0,12,0,0,0,0,0,4,0,0,0,0,6	165	149	1
10040	0,25,0,0,0	0,0,0,0,0	0,0,0,0,125,0,2,0,0,0,171,0,0,0,303,22	0,0,0,0,6,0,0,0,0,0,5,0,0,0,29,5	173	149	1
10042	0,17,0,0,0	0,3,0,0,0	0,0,0,0,107,0,0,0,0,0,97,0,0,0,113,0	0,0,0,0,0,0,0,0,0,0,18,0,0,0,9,0	163	149	1
10043	0,1,0,0,0	0,3,0,0,0	0,0,0,0,16,0,0,0,0,0,9,0,0,0,2,0	0,0,0,0,0,0,0,0,0,0,18,0,0,0,9,0	187	149	1
10045	0,6,0,0,0	0,0,0,0,0	0,0,0,0,14,0,0,0,0,0,49,0,0,0,33,3	0,0,0,0,40,0,0,0,0,0,84,0,0,0,26,6	152	149	1
10048	0,73,0,0,0	0,0,0,0,0	0,0,0,0,3,0,0,0,0,0,177,0,0,0,17,18	0,0,0,0,0,0,0,0,0,0,0,0,0,0,0,1	220	149	1
10055	0,0,0,0,0	0,2,0,0,0	0,0,0,0,15,0,0,0,0,0,11,0,0,0,4,0	0,0,0,0,0,0,0,0,0,0,0,0,0,0,4,0	172	149	1
10056	0,114,0,0,2	0,2,0,0,0	0,0,0,0,120,0,0,0,0,0,209,0,0,0,247,20	0,0,0,0,0,0,0,0,0,0,0,0,0,0,4,0	152	149	1
10057	0,57,0,0,0	0,0,0,0,0	0,0,0,0,101,0,2,0,0,0,88,0,0,0,185,33	0,0,0,0,4,0,0,0,0,0,2,0,0,0,0,0	153	149	1
10058	0,4,0,0,0	0,146,0,0,2	0,0,0,0,29,0,0,0,0,0,8,0,0,0,5,0	0,0,0,0,141,0,0,0,0,0,256,0,0,0,225,20	222	149	1
10065	0,66,0,0,0	0,0,0,0,0	0,0,0,0,570,2,0,2,0,0,120,0,0,0,667,33	0,0,0,0,0,0,0,0,0,0,2,0,0,0,0,0	1483	149	1
10067	0,58,0,0,0	0,660,0,0,4	0,0,0,0,67,0,0,0,0,0,209,0,0,0,28,17	0,0,0,0,523,0,0,2,0,0,876,0,0,0,88,68	173	149	1
10068	0,103,0,0,0	0,415,0,0,0	0,0,0,0,115,0,0,0,0,0,471,0,0,0,46,24	0,0,0,0,355,0,0,0,0,0,631,0,0,0,71,44	173	149	1
10069	0,3516,0,0,0	0,0,0,0,0	0,0,0,0,2176,0,0,4,0,0,3340,0,0,0,695,649	0,0,0,0,0,0,0,0,0,0,3,0,0,0,0,0	300	149	1
10070	0,11,0,0,0	0,8,0,0,0	0,0,0,0,6,0,0,0,0,0,9,0,0,0,119,0	0,0,0,0,5,0,0,0,0,0,46,0,0,0,47,6	1339	149	1
10072	0,2,0,0,0	0,0,0,0,0	0,0,0,0,47,0,0,0,0,0,20,0,0,0,42,0	0,0,0,0,0,0,0,0,0,0,0,0,0,0,7,0	197	149	1
10075	0,543,0,0,2	0,4,0,0,0	0,0,0,0,1258,8,4,0,0,0,1007,0,0,0,928,134	0,0,0,0,0,0,0,0,0,0,0,0,0,0,6,0	204	149	1
10078	0,20,0,0,0	0,2289,0,0,26	0,0,0,0,41,0,0,0,0,0,26,0,0,0,0,1	0,0,0,0,8893,0,0,10,36,56,4869,0,0,0,708,123	200	149	1
10079	0,24,0,0,0	0,2289,0,0,26	0,0,0,0,41,0,0,0,0,0,28,0,0,0,0,1	0,0,0,0,8893,0,0,10,36,56,4869,0,0,0,708,123	213	149	1
10081	0,2,0,0,0	0,0,0,0,0	0,0,0,0,11,0,0,0,0,0,1,0,0,0,0,4	0,0,0,0,0,0,0,0,0,0,3,0,0,0,0,0	169	149	1
10082	0,1,0,0,2	0,1,0,0,0	0,0,0,0,47,0,2,0,0,0,14,0,0,0,18,15	0,0,0,0,12,0,0,0,0,0,3,0,0,0,0,0	284	149	1
10083	0,11,0,0,0	0,89,0,0,2	0,0,0,0,9,0,0,0,0,0,9,0,0,0,0,4	0,0,0,0,412,0,0,0,0,0,400,0,0,0,2,12	169	149	1
10084	0,26411,2479,0,456	0,6,0,0,0	0,0,0,0,238,22,34,314,10,40,27930,0,0,0,185502,124	0,0,0,0,0,0,0,0,0,0,10,0,0,0,18,0	154	149	1
10102	0,2,0,0,0	0,0,0,0,0	0,0,0,0,101,0,0,0,0,0,6,0,0,0,0,2	0,0,0,0,0,0,0,0,0,0,1,0,0,0,0,0	152	149	1
10105	0,4,0,0,0	0,88,0,0,0	0,0,0,0,41,0,0,0,0,0,1,0,0,0,0,0	0,0,0,0,208,0,0,0,0,0,245,0,0,0,123,4	188	149	1
10106	0,88,0,0,0	0,4,0,0,0	0,0,0,0,232,0,0,0,0,0,103,0,0,0,113,11	0,0,0,0,2,0,0,0,0,0,0,0,0,0,4,0	154	149	1
10108	0,35,0,0,2	0,0,0,0,0	0,0,0,0,212,0,0,0,0,0,158,0,0,0,40,18	0,0,0,0,5,0,0,0,0,0,3,0,0,0,0,0	161	149	1
10109	0,11,0,0,0	0,0,0,0,0	0,0,0,0,96,0,0,0,0,0,21,0,0,0,0,1	0,0,0,0,0,0,0,0,0,0,2,0,0,0,0,0	152	149	1
10117	0,147,6,0,6	0,4,0,0,0	0,0,0,0,1714,12,8,4,6,10,516,0,0,0,1835,104	0,0,0,0,0,0,0,0,0,0,3,0,0,0,0,0	206	149	1
10120	0,7,0,0,0	0,481,0,0,2	0,0,0,0,0,0,0,0,0,0,0,0,0,0,0,0	0,0,0,0,3833,2,0,2,4,6,2122,0,0,0,843,133	170	149	1
10122	0,11,0,0,0	0,1,0,0,0	0,0,0,0,15,0,0,0,0,0,115,0,0,0,0,26	0,0,0,0,4,0,0,0,0,0,11,0,0,0,0,6	152	149	1
10125	0,7,0,0,0	0,2,0,0,0	0,0,0,0,12,0,0,0,0,0,23,0,0,0,4,0	0,0,0,0,6,0,0,0,0,0,15,0,0,0,6,0	152	149	1
10126	0,21,0,0,0	0,15,0,0,0	0,0,0,0,9,0,0,0,0,0,0,0,0,0,54,5	0,0,0,0,8,0,0,0,0,0,6,0,0,0,26,14	164	149	1
10130	0,7,0,0,0	0,0,0,0,0	0,0,0,0,16430,0,0,0,0,0,0,0,0,0,0,0	0,0,0,0,9650,0,0,0,0,0,0,0,0,0,0,2	167	149	1
10134	0,57,0,0,0	0,14,0,0,0	0,0,0,0,61,0,0,0,0,0,19,0,0,0,0,4	0,0,0,0,43,0,0,0,0,0,3,0,0,0,0,0	303	149	1
10135	0,97,0,0,0	0,19,0,0,0	0,0,0,0,127,0,0,0,0,0,55,0,0,0,3,11	0,0,0,0,12,0,0,0,0,0,12,0,0,0,5,0	451	149	1
10137	0,108,0,0,0	0,0,0,0,0	0,0,0,0,127,0,0,0,0,0,65,0,0,0,3,11	0,0,0,0,7,0,0,0,0,0,0,0,0,0,0,0	474	149	1
10138	0,54,0,0,0	0,19,0,0,0	0,0,0,0,109,0,0,0,0,0,39,0,0,0,3,7	0,0,0,0,12,0,0,0,0,0,12,0,0,0,5,0	297	149	1
10140	0,65,0,0,0	0,0,0,0,0	0,0,0,0,109,0,0,0,0,0,49,0,0,0,3,7	0,0,0,0,7,0,0,0,0,0,0,0,0,0,0,0	320	149	1
10142	0,30,0,0,0	0,0,0,0,0	0,0,0,0,12,0,0,0,0,0,22,0,0,0,5,0	0,0,0,0,7,0,0,0,0,0,0,0,0,0,0,0	172	149	1
10143	0,7,0,0,0	0,0,0,0,0	0,0,0,0,0,0,0,0,0,0,7,0,0,0,0,0	0,0,0,0,7,0,0,0,0,0,0,0,0,0,0,0	161	149	1
10144	0,0,0,0,0	0,6,0,0,0	0,0,0,0,0,0,0,0,0,0,52,0,0,0,8,4	0,0,0,0,25,0,0,0,0,0,15,0,0,0,0,0	173	149	1
10147	0,34,0,0,0	0,0,0,0,0	0,0,0,0,55,0,0,0,0,0,230,0,0,0,101,7	0,0,0,0,0,0,0,0,0,0,3,0,0,0,0,0	251	149	1
10148	0,63,0,0,0	0,108,0,0,0	0,0,0,0,191,0,0,0,0,0,249,0,0,0,9,34	0,0,0,0,429,0,0,0,0,2,500,0,0,0,34,49	152	149	1
10149	0,13,0,0,0	0,189,0,0,0	0,0,0,0,102,0,0,0,0,0,25,0,0,0,15,5	0,0,0,0,711,0,0,2,0,0,860,0,0,0,96,73	173	149	1
10152	0,5,0,0,0	0,4,0,0,0	0,0,0,0,9,0,0,0,0,0,6,0,0,0,48,0	0,0,0,0,91,2,0,0,0,0,135,0,0,0,99,14	277	149	1
10155	0,701,0,0,0	0,70,0,0,0	0,0,0,0,3652,0,0,0,0,0,2070,0,0,0,134,28	0,0,0,0,268,0,0,0,0,0,0,0,0,0,0,0	158	149	1
10159	0,1,0,0,0	0,0,0,0,0	0,0,0,0,4,0,0,0,0,0,4,0,0,0,2,0	0,0,0,0,0,0,0,0,0,0,1,0,0,0,0,0	189	149	1
10162	0,10,0,0,0	0,468,0,0,0	0,0,0,0,0,0,0,0,0,0,0,0,0,0,0,0	0,0,0,0,162,0,0,0,0,0,0,0,0,0,0,0	202	149	1
10163	0,1,0,0,0	0,684,0,0,0	0,0,0,0,0,0,0,0,0,0,0,0,0,0,0,0	0,0,0,0,91,0,0,2,0,0,0,0,0,0,0,4	206	149	1
10164	0,7,0,0,0	0,0,0,0,0	0,0,0,0,86,0,0,0,0,0,36,0,0,0,94,6	0,0,0,0,0,0,0,0,0,0,3,0,0,0,0,0	227	149	1
10172	0,14,0,0,0	0,0,0,0,0	0,0,0,0,54,0,0,0,0,0,22,0,0,0,64,4	0,0,0,0,0,0,0,0,0,0,1,0,0,0,0,0	296	149	1
10173	0,14,0,0,0	0,0,0,0,0	0,0,0,0,54,0,0,0,0,0,42,0,0,0,82,9	0,0,0,0,0,0,0,0,0,0,3,0,0,0,50,1	296	149	1
10174	0,1,0,0,0	0,86,2,0,0	0,0,0,0,0,0,0,0,0,0,7,0,0,0,0,0	0,0,0,0,275,2,0,0,0,2,519,0,0,0,347,6	179	149	1
10177	0,12,0,0,0	0,0,0,0,0	0,0,0,0,469,0,0,0,0,0,261,0,0,0,469,32	0,0,0,0,12,0,0,0,0,0,3,0,0,0,3,0	254	149	1
10178	0,581,0,0,0	0,40,0,0,0	0,0,0,0,175,0,0,0,0,2,743,0,0,0,41,65	0,0,0,0,11,0,0,0,0,0,4,0,0,0,0,0	153	149	1
10179	0,0,0,0,0	0,14,0,0,0	0,0,0,0,5,0,0,0,0,0,2,0,0,0,6,0	0,0,0,0,56,0,0,0,0,0,53,0,0,0,16,6	181	149	1
10182	0,1,0,0,0	0,112,2,0,4	0,0,0,0,16,0,0,0,0,0,10,0,0,0,13,4	0,0,0,0,861,6,0,0,0,0,622,0,0,0,858,69	160	149	1
10187	0,8,0,0,0	0,243,2,0,0	0,0,0,0,5,0,0,0,0,0,21,0,0,0,0,1	0,0,0,0,372,0,0,0,0,0,846,0,0,0,481,191	208	149	1
10201	0,2,0,0,0	0,3,0,0,0	0,0,0,0,0,0,0,0,0,0,9,0,0,0,0,3	0,0,0,0,169,0,0,0,0,0,163,0,0,0,21,11	165	149	1
10202	0,18,0,0,0	0,0,0,0,0	0,0,0,0,40,0,0,0,0,0,209,0,0,0,12,4	0,0,0,0,0,0,0,0,0,0,5,0,0,0,0,0	274	149	1
10203	0,7,0,0,0	0,0,0,0,0	0,0,0,0,23,0,0,0,0,0,36,0,0,0,41,6	0,0,0,0,0,0,0,0,0,0,2,0,0,0,0,0	154	149	1
10204	0,27,0,0,0	0,0,0,0,0	0,0,0,0,62,0,0,0,0,0,96,0,0,0,57,8	0,0,0,0,0,0,0,0,0,0,0,0,0,0,9,0	194	149	1
10205	0,20,0,0,0	0,0,0,0,0	0,0,0,0,39,0,0,0,0,0,62,0,0,0,16,2	0,0,0,0,0,0,0,0,0,0,0,0,0,0,9,0	189	149	1
10206	0,118,0,0,0	0,12,0,0,0	0,0,0,0,192,0,0,0,0,0,236,0,0,0,48,10	0,0,0,0,11,0,0,0,0,0,46,0,0,0,0,0	166	149	1
10207	0,11,0,0,0	0,0,0,0,0	0,0,0,0,23,0,0,0,0,0,19,0,0,0,5,0	0,0,0,0,0,0,0,0,0,0,1,0,0,0,0,0	166	149	1
10208	0,1,0,0,0	0,1,0,0,0	0,0,0,0,47,0,0,0,0,0,15,0,0,0,12,0	0,0,0,0,0,0,0,0,0,0,5,0,0,0,0,4	235	149	1
10209	0,7,0,0,0	0,175,0,0,0	0,0,0,0,81,0,0,0,0,0,30,0,0,0,10,0	0,0,0,0,184,0,0,0,0,0,191,0,0,0,63,24	235	149	1
10212	0,9,0,0,0	0,3,0,0,0	0,0,0,0,117,0,0,0,0,0,91,0,0,0,69,35	0,0,0,0,14,0,0,0,0,0,5,0,0,0,7,3	174	149	1
10213	0,22,0,0,0	0,0,0,0,0	0,0,0,0,233,0,0,0,0,0,181,0,0,0,130,62	0,0,0,0,0,0,0,0,0,0,0,0,0,0,1,10	202	149	1
10214	0,28,0,0,0	0,0,0,0,0	0,0,0,0,28,0,0,0,0,0,11,0,0,0,22,11	0,0,0,0,0,0,0,0,0,0,2,0,0,0,0,1	209	149	1
10215	0,30,0,0,0	0,495,0,0,0	0,0,0,0,6,0,0,0,0,0,33,0,0,0,2,2	0,0,0,0,319,2,0,0,0,0,605,0,0,0,310,45	430	149	1
10218	0,19,0,0,0	0,0,0,0,0	0,0,0,0,45,0,0,0,0,0,143,0,0,0,398,38	0,0,0,0,20,0,0,0,0,0,9,0,0,0,5,3	153	149	1
10220	0,233,0,0,0	0,0,0,0,0	0,0,0,0,506,0,0,0,0,0,774,0,0,0,0,42	0,0,0,0,24,0,0,0,0,0,0,0,0,0,0,0	830	149	1
10221	0,0,0,0,0	0,28,0,0,0	0,0,0,0,20,0,0,0,0,0,12,0,0,0,0,0	0,0,0,0,78,0,0,0,0,0,120,0,0,0,17,4	239	149	1
10222	0,0,0,0,0	0,2,0,0,0	0,0,0,0,17,0,0,0,0,0,6,0,0,0,8,0	0,0,0,0,0,0,0,0,0,0,8,0,0,0,36,0	160	149	1
10226	0,4,0,0,0	0,48,0,0,0	0,0,0,0,45,0,0,0,0,0,9,0,0,0,10,8	0,0,0,0,236,0,0,0,0,0,674,0,0,0,68,14	266	149	1
10227	0,38,0,0,0	0,6,0,0,0	0,0,0,0,230,0,0,0,0,0,494,0,0,0,122,12	0,0,0,0,14,0,2,0,0,0,115,0,0,0,30,4	167	149	1
10229	0,0,0,0,0	0,2,0,0,0	0,0,0,0,0,0,0,0,0,0,6,0,0,0,8,0	0,0,0,0,91,0,0,0,0,0,116,0,0,0,136,0	164	149	1
10231	0,34,0,0,0	0,11,0,0,0	0,0,0,0,176,0,0,0,0,0,201,0,0,0,0,20	0,0,0,0,45,0,0,0,0,0,43,0,0,0,1,4	152	149	1
10232	0,12,0,0,0	0,150,0,0,0	0,0,0,0,23,0,0,0,0,0,27,0,0,0,5,0	0,0,0,0,141,0,0,0,0,0,240,0,0,0,26,6	238	149	1
10233	0,7,0,0,0	0,81,0,0,0	0,0,0,0,21,0,0,0,0,0,5,0,0,0,1,0	0,0,0,0,57,0,0,0,0,0,241,0,0,0,19,35	223	149	1
10236	0,50,0,0,0	0,0,0,0,0	0,0,0,0,237,0,0,2,0,0,347,0,0,0,248,39	0,0,0,0,0,0,0,0,0,0,2,0,0,0,1,0	279	149	1
10237	0,34,0,0,0	0,0,0,0,0	0,0,0,0,131,0,0,2,0,0,194,0,0,0,281,18	0,0,0,0,0,0,0,0,0,0,5,0,0,0,0,0	279	149	1
10238	0,18,0,0,0	0,0,0,0,0	0,0,0,0,174,0,0,2,0,1,189,0,0,0,304,1	0,0,0,0,0,0,0,0,0,0,0,0,0,0,5,0	176	149	1
10242	0,64,4,0,0	0,4,0,0,0	0,0,0,0,322,0,2,4,0,2,529,0,0,0,1348,90	0,0,0,0,1,0,0,0,0,0,18,0,0,0,47,5	191	149	1
10243	0,1,0,0,0	0,0,0,0,0	0,0,0,0,0,0,0,0,0,0,5,0,0,0,0,0	0,0,0,0,0,0,0,0,0,0,0,0,0,0,0,3	184	149	1
10244	0,8,0,0,0	0,2,0,0,0	0,0,0,0,39,0,0,0,0,0,15,0,0,0,0,1	0,0,0,0,0,0,0,0,0,0,13,0,0,0,0,0	184	149	1
10254	0,0,0,0,0	0,34,0,0,0	0,0,0,0,0,0,0,0,0,0,1,0,0,0,0,0	0,0,0,0,221,0,0,0,0,0,167,0,0,0,208,20	174	149	1
10255	0,135,0,0,0	0,21,0,0,0	0,0,0,0,70,2,0,0,0,0,73,0,0,0,26,3	0,0,0,0,0,0,0,0,0,0,31,0,0,0,0,0	498	149	1
10257	0,8,0,0,0	0,934,0,0,0	0,0,0,0,12,0,0,0,0,0,0,0,0,0,0,1	0,0,0,0,1931,0,0,2,0,0,808,0,0,0,731,26	170	149	1
10258	0,677,8,0,0	0,0,0,0,0	0,0,0,0,1492,2,2,4,0,0,1194,0,0,0,1209,103	0,0,0,0,14,0,0,0,0,0,1,0,0,0,0,0	2792	149	1
10260	0,0,0,0,0	0,303,0,0,0	0,0,0,0,0,0,0,0,0,0,0,0,0,0,0,3	0,0,0,0,1036,0,0,2,0,0,1136,0,0,0,886,29	157	149	1
10261	0,2,0,0,0	0,5,0,0,0	0,0,0,0,31,0,0,0,0,0,7,0,0,0,10,0	0,0,0,0,56,0,0,0,0,0,4,0,0,0,1,0	182	149	1
10262	0,13,0,0,0	0,0,0,0,0	0,0,0,0,45,0,0,0,0,0,157,0,0,0,157,21	0,0,0,0,11,0,0,0,0,0,22,0,0,0,26,0	152	149	1
10272	0,0,0,0,0	0,9,2,0,0	0,0,0,0,24,0,0,0,0,0,6,0,0,0,0,0	0,0,0,0,319,0,0,0,0,0,207,0,0,0,171,24	180	149	1
10273	0,0,0,0,0	0,1,0,0,0	0,0,0,0,10,0,0,0,0,0,0,0,0,0,0,0	0,0,0,0,172,0,0,0,0,0,0,0,0,0,0,0	177	149	1
10275	0,3,0,0,0	0,0,0,0,0	0,0,0,0,20,0,0,0,0,0,88,0,0,0,93,20	0,0,0,0,18,0,0,0,0,0,40,0,0,0,65,7	152	149	1
10276	0,6,2,0,0	0,0,0,0,0	0,0,0,0,57,0,0,0,0,0,105,0,0,0,181,17	0,0,0,0,0,0,0,0,0,0,0,0,0,0,2,0	155	149	1
10277	0,9,0,0,0	0,228,0,0,0	0,0,0,0,11,0,0,0,0,0,2,0,0,0,11,0	0,0,0,0,215,0,0,2,0,0,293,0,0,0,132,62	185	149	1
10279	0,0,0,0,0	0,97,0,0,0	0,0,0,0,19,0,0,0,0,0,9,0,0,0,6,3	0,0,0,0,207,0,0,0,0,0,248,0,0,0,166,39	209	149	1
10281	0,34,4,0,2	0,0,0,0,0	0,0,0,0,127,2,2,0,0,0,107,0,0,0,800,89	0,0,0,0,0,0,0,0,0,0,0,0,0,0,13,0	153	149	1
10283	0,50,0,0,0	0,0,0,0,0	0,0,0,0,204,2,0,4,0,2,282,0,0,0,586,7	0,0,0,0,0,0,2,0,0,0,0,0,0,0,0,0	177	149	1
10284	0,9,0,0,0	0,0,0,0,0	0,0,0,0,52,0,0,0,0,0,57,0,0,0,57,0	0,0,0,0,0,0,2,0,0,0,0,0,0,0,0,0	267	149	1
10285	0,0,0,0,0	0,41,0,0,0	0,0,0,0,7,0,0,0,0,0,9,0,0,0,0,0	0,0,0,0,159,2,0,4,0,2,234,0,0,0,529,7	239	149	1
10286	0,8,0,0,0	0,9,0,0,0	0,0,0,0,66,0,0,0,0,0,70,0,0,0,53,9	0,0,0,0,36,0,0,0,0,0,23,0,0,0,34,5	152	149	1
10289	0,28,0,0,0	0,838,0,0,0	0,0,0,0,101,0,0,0,0,0,78,0,0,0,42,21	0,0,0,0,1979,0,0,6,0,4,4083,0,0,0,1551,241	211	149	1
10290	0,611,10,0,0	0,94,0,0,0	0,0,0,0,974,4,4,6,0,2,2098,0,0,0,2096,119	0,0,0,0,37,0,0,0,0,0,0,0,0,0,0,8	2028	149	1
10291	0,324,2,0,0	0,11,0,0,0	0,0,0,0,286,2,0,0,0,2,437,0,0,0,426,55	0,0,0,0,12,2,0,0,0,0,24,0,0,0,54,3	188	149	1
10296	0,10,0,0,0	0,13,0,0,0	0,0,0,0,23,0,0,2,2,0,58,0,0,0,120,3	0,0,0,0,4,0,0,0,0,0,34,0,0,0,119,3	152	149	1
10297	0,0,0,0,0	0,34,0,0,0	0,0,0,0,22,0,0,0,0,0,1,0,0,0,13,0	0,0,0,0,109,0,0,0,2,0,125,0,0,0,142,5	244	149	1
10298	0,0,0,0,0	0,15,0,0,0	0,0,0,0,19,0,0,0,0,0,9,0,0,0,13,0	0,0,0,0,68,0,0,0,0,0,110,0,0,0,117,2	164	149	1
10301	0,26,0,0,0	0,607,20,0,2	0,0,0,0,16,0,0,0,0,0,31,0,0,0,20,0	0,0,0,0,645,2,0,12,4,0,1262,0,0,0,1132,71	242	149	1
10302	0,1307,0,0,0	0,14,0,0,0	0,0,0,0,1011,0,0,2,0,0,4692,0,0,0,300,216	0,0,0,0,0,0,0,0,0,0,49,0,0,0,0,12	188	149	1
10305	0,2,0,0,0	0,0,0,0,0	0,0,0,0,30,0,0,0,0,0,5,0,0,0,0,3	0,0,0,0,13,0,0,0,0,0,2,0,0,0,23,9	191	149	1
10308	0,0,0,0,0	0,19,0,0,0	0,0,0,0,59,2,0,0,0,0,29,0,0,0,79,9	0,0,0,0,59,0,0,0,2,0,75,0,0,0,99,8	203	149	1
10312	0,3,0,0,0	0,0,0,0,0	0,0,0,0,174,0,0,2,0,0,82,0,0,0,118,21	0,0,0,0,5,0,0,0,0,0,12,0,0,0,9,4	180	149	1
10313	0,0,0,0,0	0,74,4,0,0	0,0,0,0,0,0,0,0,0,0,0,0,0,0,1,0	0,0,0,0,330,0,0,0,0,2,533,0,0,0,545,78	173	149	1
10314	0,36,0,0,0	0,213,0,0,0	0,0,0,0,117,2,0,0,0,0,111,0,0,0,54,2	0,0,0,0,360,2,0,0,2,0,460,0,0,0,614,85	483	149	1
10315	0,1647,6,0,2	0,0,0,0,0	0,0,0,0,114,0,0,0,0,0,2098,0,0,0,1985,4	0,0,0,0,0,0,0,0,0,0,0,0,0,0,3,0	187	149	1
10317	0,0,0,0,0	0,9,0,0,0	0,0,0,0,0,0,0,0,0,0,5,0,0,0,0,0	0,0,0,0,23,0,0,0,0,0,11,0,0,0,16,0	152	149	1
10319	0,8,0,0,0	0,1,0,0,0	0,0,0,0,30,0,0,0,0,0,0,0,0,0,0,0	0,0,0,0,0,0,0,0,0,0,25,0,0,0,0,0	154	149	1
10322	0,92,0,0,0	0,16,0,0,0	0,0,0,0,172,0,0,0,0,0,79,0,0,0,6,18	0,0,0,0,0,0,0,0,0,0,4,0,0,0,0,2	153	149	1
10323	0,141,0,0,0	0,94,0,0,0	0,0,0,0,472,0,0,0,0,0,546,0,0,0,68,18	0,0,0,0,40,0,0,0,0,0,10,0,0,0,2,3	1029	149	1
10326	0,19,0,0,0	0,0,0,0,0	0,0,0,0,0,0,0,0,0,0,2,0,0,0,18,2	0,0,0,0,0,0,0,0,0,0,5,0,0,0,0,5	194	149	1
10328	0,11,0,0,0	0,2329,8,0,4	0,0,0,0,12,0,0,0,0,0,0,0,0,0,0,9	0,0,0,0,2117,8,6,16,6,6,3242,0,0,0,2259,356	176	149	1
10329	0,317,8,0,4	0,0,0,0,0	0,0,0,0,2262,3,4,4,2,0,2376,0,0,0,2936,869	0,0,0,0,0,0,0,0,0,0,2,0,0,0,8,0	154	149	1
10330	0,6,0,0,0	0,243,4,0,3	0,0,0,0,36,0,0,0,0,0,25,0,0,0,7,8	0,0,0,0,1506,4,6,18,0,0,1565,0,0,0,2038,409	172	149	1
10332	0,759,0,0,4	0,0,0,0,0	0,0,0,0,1518,2,0,9,10,4,2335,0,0,0,1021,136	0,0,0,0,0,0,0,0,0,0,6,0,0,0,10,0	154	149	1
10333	0,55,0,0,0	0,1009,1,0,0	0,0,0,0,91,0,0,0,0,0,43,0,0,0,24,3	0,0,0,0,1548,0,0,2,0,0,2044,0,0,0,1185,65	194	149	1
10334	0,68,0,0,0	0,66,0,0,0	0,0,0,0,101,0,0,0,0,0,70,0,0,0,32,6	0,0,0,0,137,0,0,0,0,0,100,0,0,0,24,3	196	149	1
10335	0,1022,1,0,0	0,66,0,0,0	0,0,0,0,1558,0,0,2,0,0,2071,0,0,0,1193,68	0,0,0,0,137,0,0,0,0,0,100,0,0,0,24,3	151	149	1
10336	0,8,2,0,0	0,0,0,0,0	0,0,0,0,35,0,0,2,0,0,59,0,0,0,186,6	0,0,0,0,8,0,0,0,0,0,4,0,0,0,10,4	228	149	1
10338	0,402,14,0,2	0,0,0,0,0	0,0,0,0,528,2,2,8,0,0,1560,0,0,0,1513,63	0,0,0,0,0,0,0,0,0,0,3,0,0,0,0,0	200	149	1
10339	0,158,0,0,0	0,14175,39,0,42	0,0,0,0,221,0,0,0,0,0,194,0,0,0,123,3	0,0,0,0,26274,12,6,56,18,20,26384,0,0,0,20217,714	203	149	1
10344	0,2,0,0,0	0,12,0,0,0	0,0,0,0,2,0,0,0,0,0,9,0,0,0,0,0	0,0,0,0,344,0,0,0,0,0,193,0,0,0,47,2	219	149	1
10345	0,6,0,0,0	0,0,0,0,0	0,0,0,0,66,0,0,0,0,0,1,0,0,0,120,8	0,0,0,0,0,0,0,0,0,0,1,0,0,0,0,3	191	149	1
10346	0,10,0,0,0	0,0,0,0,0	0,0,0,0,43,0,0,0,0,0,28,0,0,0,61,1	0,0,0,0,0,0,0,0,0,0,0,0,0,0,3,0	152	149	1
10347	0,4,0,0,0	0,0,0,0,0	0,0,0,0,43,0,2,0,0,0,27,0,0,0,68,6	0,0,0,0,0,0,0,0,0,0,0,0,0,0,0,3	203	149	1
10350	0,66,0,0,0	0,117,0,0,0	0,0,0,0,0,2,2,6,0,0,66,0,0,0,108,104	0,0,0,0,0,0,0,12,0,0,36,0,0,0,208,85	677	149	1
10351	0,6,4,0,0	0,0,0,0,0	0,0,0,0,102,2,2,0,0,0,23,0,0,0,87,22	0,0,0,0,5,0,0,0,0,0,0,0,0,0,0,2	172	149	1
10352	0,2,0,0,2	0,0,0,0,0	0,0,0,0,80,0,0,0,0,0,23,0,0,0,118,67	0,0,0,0,0,0,0,0,0,0,0,0,0,0,0,1	151	149	1
10358	0,3,0,0,0	0,0,0,0,0	0,0,0,0,13,0,0,0,0,0,14,0,0,0,0,0	0,0,0,0,0,0,0,0,0,0,2,0,0,0,0,0	175	149	1
10369	0,11,0,0,0	0,10,0,0,0	0,0,0,0,20,0,0,0,0,0,41,0,0,0,52,15	0,0,0,0,34,0,0,0,0,0,68,0,0,0,139,61	152	149	1
10372	0,141,0,0,0	0,0,0,0,0	0,0,0,0,266,0,0,0,0,0,783,0,0,0,247,16	0,0,0,0,0,0,0,0,0,0,6,0,0,0,0,0	267	149	1
10373	0,35,0,0,0	0,0,0,0,0	0,0,0,0,66,0,0,0,0,0,292,0,0,0,129,3	0,0,0,0,0,0,0,0,0,0,10,0,0,0,0,0	226	149	1
10374	0,68,0,0,0	0,0,0,0,0	0,0,0,0,149,2,0,0,0,2,831,0,0,0,364,5	0,0,0,0,0,0,0,0,0,0,10,0,0,0,0,0	242	149	1
10375	0,46,0,0,0	0,0,0,0,0	0,0,0,0,91,0,0,0,0,0,339,0,0,0,138,4	0,0,0,0,0,0,0,0,0,0,10,0,0,0,0,0	276	149	1
10376	0,40,0,0,0	0,7,0,0,0	0,0,0,0,83,2,0,0,0,2,542,0,0,0,235,2	0,0,0,0,0,0,0,0,0,0,3,0,0,0,0,0	165	149	1
10377	0,18,0,0,0	0,7,0,0,0	0,0,0,0,25,0,0,0,0,0,50,0,0,0,9,1	0,0,0,0,0,0,0,0,0,0,3,0,0,0,0,0	199	149	1
10378	0,15,0,0,0	0,37,0,0,0	0,0,0,0,21,0,0,0,0,0,5,0,0,0,2,0	0,0,0,0,79,2,0,0,0,2,497,0,0,0,228,1	183	149	1
10379	0,3,0,0,0	0,17,0,0,0	0,0,0,0,0,0,0,0,0,0,6,0,0,0,0,0	0,0,0,0,25,0,0,0,0,0,60,0,0,0,0,6	233	149	1
10382	0,674,0,0,4	0,0,0,0,0	0,0,0,0,306,0,0,8,0,4,511,0,0,0,1311,200	0,0,0,0,0,0,0,0,0,0,0,0,0,0,0,1	207	149	1
10383	0,264,0,0,0	0,52,0,0,0	0,0,0,0,573,0,0,0,0,2,228,0,0,0,140,26	0,0,0,0,53,0,0,0,0,0,41,0,0,0,11,4	177	149	1
10384	0,36,0,0,0	0,0,0,0,0	0,0,0,0,98,0,0,0,0,0,34,0,0,0,36,0	0,0,0,0,0,0,0,0,0,0,2,0,0,0,0,0	177	149	1
10388	0,0,0,0,0	0,14,0,0,0	0,0,0,0,0,0,0,0,0,0,8,0,0,0,0,10	0,0,0,0,5,0,0,0,0,0,9,0,0,0,0,8	152	149	1
10390	0,1235,0,0,0	0,445,0,0,0	0,0,0,0,2107,0,0,0,0,2,609,0,0,0,8,10	0,0,0,0,585,0,0,0,0,0,208,0,0,0,10,1	154	149	1
10392	0,70,0,0,0	0,5,0,0,0	0,0,0,0,120,0,0,0,0,0,30,0,0,0,3,3	0,0,0,0,9,0,0,0,0,0,2,0,0,0,0,0	154	149	1
10393	0,2774,0,0,4	0,2,0,0,0	0,0,0,0,4286,0,1,0,0,8,1143,0,0,0,68,37	0,0,0,0,0,0,0,0,0,0,2,0,0,0,0,0	184	149	1
10395	0,10,0,0,0	0,0,0,0,0	0,0,0,0,183,0,0,0,0,0,74,0,0,0,0,13	0,0,0,0,0,0,0,0,0,0,0,0,0,0,0,1	382	149	1
10396	0,93,0,0,0	0,5,0,0,0	0,0,0,0,130,0,0,0,0,0,163,0,0,0,1,0	0,0,0,0,0,0,0,0,0,0,13,0,0,0,0,0	165	149	1
10397	0,1208,0,0,0	0,5,0,0,0	0,0,0,0,856,0,0,0,0,0,804,0,0,0,30,13	0,0,0,0,3,0,0,0,0,0,0,0,0,0,0,0	517	149	1
10398	0,1357,0,0,0	0,20,0,0,0	0,0,0,0,800,0,0,0,0,2,913,0,0,0,4,30	0,0,0,0,7,0,0,0,0,0,17,0,0,0,0,0	157	149	1
10400	0,5057,0,0,6	0,1,0,0,0	0,0,0,0,2580,0,0,9,8,6,3663,0,0,0,2520,631	0,0,0,0,10,0,0,0,0,0,16,0,0,0,0,0	155	149	1
10401	0,7625,0,0,6	0,78,0,0,0	0,0,0,0,7452,0,0,10,18,4,10772,0,0,0,785,2215	0,0,0,0,77,0,0,0,0,0,118,0,0,0,0,75	244	149	1
10402	0,2858,0,0,2	0,0,0,0,0	0,0,0,0,3808,0,0,3,2,0,5114,0,0,0,256,308	0,0,0,0,0,0,0,0,0,0,1,0,0,0,0,0	323	149	1
10403	0,116,0,0,0	0,2718,0,0,2	0,0,0,0,168,0,0,0,0,0,28,0,0,0,12,21	0,0,0,0,3531,0,0,3,2,0,4930,0,0,0,253,276	527	149	1
10404	0,122,0,0,0	0,6,0,0,0	0,0,0,0,224,0,0,0,0,0,242,0,0,0,44,161	0,0,0,0,11,0,0,0,0,0,7,0,0,0,0,2	152	149	1
10407	0,72,0,0,0	0,17,0,0,0	0,0,0,0,180,0,0,0,0,0,163,0,0,0,34,5	0,0,0,0,32,0,0,2,2,0,11,0,0,0,0,0	152	149	1
10408	0,23,0,0,0	0,0,0,0,0	0,0,0,0,32,0,0,0,0,0,15,0,0,0,5,63	0,0,0,0,0,0,0,0,0,0,0,0,0,0,0,2	198	149	1
10409	0,72,0,0,0	0,5,0,0,0	0,0,0,0,180,0,0,0,0,0,167,0,0,0,34,2	0,0,0,0,0,0,0,0,0,0,9,0,0,0,0,0	152	149	1
10410	0,7,0,0,0	0,0,0,0,0	0,0,0,0,66,0,0,0,0,0,25,0,0,0,61,86	0,0,0,0,0,0,0,0,0,0,0,0,0,0,0,2	286	149	1
10411	0,30,0,0,0	0,0,0,0,0	0,0,0,0,78,0,0,0,0,0,63,0,0,0,70,112	0,0,0,0,0,0,0,0,0,0,0,0,0,0,0,2	382	149	1
10412	0,25,0,0,0	0,0,0,0,0	0,0,0,0,31,0,0,0,0,0,45,0,0,0,15,28	0,0,0,0,0,0,0,0,0,0,0,0,0,0,6,1	245	149	1
10413	0,76,0,0,0	0,0,0,0,0	0,0,0,0,188,0,0,0,0,0,259,0,0,0,66,4	0,0,0,0,0,0,0,0,0,0,4,0,0,0,0,0	152	149	1
10416	0,15,0,0,0	0,2,0,0,0	0,0,0,0,15,0,0,0,0,0,36,0,0,0,8,3	0,0,0,0,1,0,0,0,0,0,2,0,0,0,0,0	152	149	1
10419	0,23,0,0,0	0,0,0,0,0	0,0,0,0,32,0,0,0,0,0,15,0,0,0,5,63	0,0,0,0,0,0,0,0,0,0,5,0,0,0,0,2	198	149	1
10421	0,393,0,0,0	0,13,0,0,0	0,0,0,0,523,0,0,2,0,0,2210,0,0,0,360,97	0,0,0,0,9,0,0,0,0,0,2,0,0,0,4,0	393	149	1
10422	0,6,0,0,0	0,195,0,0,0	0,0,0,0,47,0,0,1,0,0,110,0,0,0,13,1	0,0,0,0,620,0,0,2,0,2,2286,0,0,0,373,40	369	149	1
10424	0,279,0,0,0	0,0,0,0,0	0,0,0,0,144,0,0,0,0,0,487,0,0,0,0,33	0,0,0,0,0,0,0,0,0,0,3,0,0,0,0,1	153	149	1
10425	0,16,0,0,0	0,0,0,0,0	0,0,0,0,0,0,0,0,0,0,32,0,0,0,0,1	0,0,0,0,0,0,0,0,0,0,8,0,0,0,0,0	152	149	1
10426	0,15,0,0,0	0,42,0,0,0	0,0,0,0,56,0,0,0,0,0,6,0,0,0,4,0	0,0,0,0,142,0,0,4,0,0,225,0,0,0,133,7	184	149	1
10427	0,0,0,0,0	0,8,0,0,0	0,0,0,0,0,0,0,0,0,0,0,0,0,0,4,0	0,0,0,0,16,0,0,0,0,0,37,0,0,0,10,1	765	149	1
10428	0,67,0,0,0	0,0,0,0,0	0,0,0,0,59,0,0,0,2,0,234,0,0,0,28,64	0,0,0,0,0,0,0,0,0,0,3,0,0,0,0,0	168	149	1
10429	0,296,0,0,0	0,0,0,0,0	0,0,0,0,286,0,0,2,0,0,558,0,0,0,5,24	0,0,0,0,0,0,0,0,0,0,7,0,0,0,0,0	288	149	1
10430	0,338,0,0,0	0,0,0,0,0	0,0,0,0,842,0,0,0,0,2,1232,0,0,0,47,116	0,0,0,0,13,0,0,0,0,0,4,0,0,0,0,4	641	149	1
10435	0,150,0,0,0	0,5,0,0,0	0,0,0,0,293,0,0,0,0,0,370,0,0,0,0,20	0,0,0,0,33,0,0,0,0,0,12,0,0,0,0,0	160	149	1
10436	0,17,0,0,0	0,191,0,0,0	0,0,0,0,0,0,0,0,0,0,26,0,0,0,0,1	0,0,0,0,170,0,0,0,0,0,331,0,0,0,3,10	167	149	1
10438	0,1534,0,0,0	0,7,0,0,0	0,0,0,0,1092,0,0,0,0,0,1675,0,0,0,24,45	0,0,0,0,0,0,0,0,0,0,4,0,0,0,0,0	359	149	1
10439	0,1194,0,0,0	0,96,0,0,0	0,0,0,0,1352,0,0,2,0,0,1932,0,0,0,424,52	0,0,0,0,76,0,0,0,0,0,161,0,0,0,17,4	200	149	1
10444	0,2,0,0,0	0,0,0,0,0	0,0,0,0,14,0,0,0,0,0,27,0,0,0,35,6	0,0,0,0,0,0,0,0,0,0,5,0,0,0,6,0	245	149	1
10446	0,2,0,0,0	0,0,0,0,0	0,0,0,0,5,0,0,0,0,0,27,0,0,0,37,5	0,0,0,0,0,0,0,0,0,0,5,0,0,0,6,0	227	149	1
10447	0,2,0,0,0	0,0,0,0,0	0,0,0,0,23,0,0,0,0,0,47,0,0,0,50,14	0,0,0,0,0,0,0,0,0,0,5,0,0,0,6,0	194	149	1
10448	0,7,0,0,2	0,0,0,0,0	0,0,0,0,49,0,0,0,2,0,63,0,0,0,59,24	0,0,0,0,0,0,0,0,0,0,1,0,0,0,16,0	152	149	1
10449	0,2,0,0,0	0,1,0,0,2	0,0,0,0,0,0,0,0,0,0,11,0,0,0,1,1	0,0,0,0,28,0,0,0,0,0,35,0,0,0,3,2	164	149	1
10453	0,119,8,0,2	0,0,0,0,0	0,0,0,0,153,0,0,2,0,0,205,0,0,0,794,50	0,0,0,0,0,0,0,0,0,0,5,0,0,0,25,2	2519	149	1
10456	0,0,0,0,0	0,6,0,0,0	0,0,0,0,16,0,0,0,0,0,0,0,0,0,0,1	0,0,0,0,14,0,0,0,0,0,54,0,0,0,13,5	261	149	1
10457	0,0,0,0,0	0,6,0,0,0	0,0,0,0,0,0,0,0,0,0,0,0,0,0,0,1	0,0,0,0,14,0,0,0,0,0,54,0,0,0,13,5	188	149	1
10466	0,72,0,0,0	0,0,0,0,0	0,0,0,0,53,0,0,0,0,0,102,0,0,0,18,10	0,0,0,0,0,0,0,0,0,0,0,0,0,0,0,1	181	149	1
10469	0,55,0,0,0	0,0,0,0,0	0,0,0,0,214,0,2,0,0,0,261,0,0,0,204,13	0,0,0,0,0,0,0,0,0,0,1,0,0,0,5,0	154	149	1
10473	0,550,0,0,0	0,6,0,0,0	0,0,0,0,1383,4,0,0,0,0,1719,0,0,0,1378,14	0,0,0,0,10,0,0,0,0,0,5,0,0,0,1,2	241	149	1
10478	0,4,0,0,0	0,37,0,0,0	0,0,0,0,17,0,0,0,0,0,6,0,0,0,9,0	0,0,0,0,66,0,0,0,0,2,54,0,0,0,115,2	171	149	1
10483	0,1,0,0,0	0,0,0,0,0	0,0,0,0,72,0,0,0,0,0,5,0,0,0,28,13	0,0,0,0,0,0,0,0,0,0,0,0,0,0,5,3	153	149	1
10484	0,3,0,0,0	0,0,0,0,0	0,0,0,0,52,0,0,0,0,0,9,0,0,0,42,9	0,0,0,0,0,0,0,0,0,0,0,0,0,0,7,8	219	149	1
10486	0,46,0,0,0	0,4,0,0,0	0,0,0,0,225,0,0,0,0,0,236,0,0,0,8,0	0,0,0,0,0,0,0,0,0,0,20,0,0,0,0,0	154	149	1
10487	0,86,0,0,0	0,0,0,0,0	0,0,0,0,35,0,0,0,0,2,97,0,0,0,130,7	0,0,0,0,0,0,0,0,0,0,4,0,0,0,0,0	179	149	1
10488	0,280,0,0,0	0,0,0,0,0	0,0,0,0,244,0,0,0,0,2,539,0,0,0,665,53	0,0,0,0,0,0,0,0,0,0,4,0,0,0,0,0	188	149	1
10489	0,96,0,0,0	0,0,0,0,0	0,0,0,0,53,0,0,0,0,2,123,0,0,0,184,34	0,0,0,0,0,0,0,0,0,0,4,0,0,0,0,0	206	149	1
10492	0,0,0,0,0	0,184,0,0,0	0,0,0,0,1,0,0,0,0,0,0,0,0,0,14,0	0,0,0,0,192,0,0,0,0,0,416,0,0,0,495,19	167	149	1
10493	0,1,0,0,0	0,3,0,0,0	0,0,0,0,13,0,0,0,0,0,11,0,0,0,14,0	0,0,0,0,0,0,0,0,0,0,1,0,0,0,0,1	192	149	1
10494	0,26,0,0,0	0,29,0,0,0	0,0,0,0,173,0,0,1,0,0,144,0,0,0,211,5	0,0,0,0,159,0,0,0,0,0,17,0,0,0,3,6	235	149	1
10495	0,93,0,0,0	0,0,0,0,0	0,0,0,0,265,0,0,0,0,0,230,0,0,0,0,18	0,0,0,0,0,0,0,0,0,0,6,0,0,0,0,0	329	149	1
10500	0,38,0,0,0	0,0,0,0,0	0,0,0,0,118,0,0,0,0,0,247,0,0,0,276,9	0,0,0,0,6,0,0,0,0,0,10,0,0,0,5,0	152	149	1
10501	0,127,0,0,1	0,0,0,0,0	0,0,0,0,132,0,0,0,0,0,319,0,0,0,388,19	0,0,0,0,0,0,0,0,0,0,1,0,0,0,0,0	153	149	1
10502	0,1184,0,0,0	0,10,0,0,0	0,0,0,0,1533,0,0,0,0,0,915,0,0,0,44,21	0,0,0,0,0,0,0,0,0,0,3,0,0,0,0,0	198	149	1
10503	0,309,0,0,0	0,5,0,0,0	0,0,0,0,565,0,0,0,0,0,217,0,0,0,23,6	0,0,0,0,0,0,0,0,0,0,0,0,0,0,0,0	198	149	1
10505	0,0,0,0,0	0,201,0,0,0	0,0,0,0,28,0,0,0,0,0,23,0,0,0,11,1	0,0,0,0,560,0,0,0,0,2,2292,0,0,0,130,210	161	149	1
10506	0,0,0,0,0	0,2,0,0,0	0,0,0,0,0,0,0,0,0,0,2,0,0,0,0,0	0,0,0,0,0,0,0,0,0,0,0,0,0,0,0,0	153	149	1
10508	0,18,0,0,0	0,461,0,0,0	0,0,0,0,44,0,0,0,0,0,48,0,0,0,3,0	0,0,0,0,576,0,0,1,2,2,1419,0,0,0,130,31	183	149	1
10509	0,18,0,0,0	0,461,0,0,0	0,0,0,0,44,0,0,0,0,0,48,0,0,0,3,0	0,0,0,0,576,0,0,1,2,2,1419,0,0,0,130,31	171	149	1
10511	0,0,0,0,0	0,53,0,0,0	0,0,0,0,0,0,0,0,0,0,2,0,0,0,0,0	0,0,0,0,85,0,0,0,0,0,62,0,0,0,69,21	152	149	1
10512	0,26,0,0,0	0,0,0,0,0	0,0,0,0,35,0,0,2,6,0,88,0,0,0,66,82	0,0,0,0,0,0,0,0,0,0,0,0,0,0,10,0	216	149	1
10513	0,0,0,0,2	0,0,0,0,0	0,0,0,0,50,0,0,2,2,2,6,0,0,0,102,60	0,0,0,0,0,0,0,0,0,0,0,0,0,0,0,1	511	149	1
10514	0,0,0,0,0	0,55,0,0,0	0,0,0,0,0,0,0,0,0,0,0,0,0,0,6,0	0,0,0,0,97,0,0,0,0,0,187,0,0,0,211,21	166	149	1
10516	0,2,0,0,0	0,0,0,0,0	0,0,0,0,67,2,0,0,0,0,35,0,0,0,0,2	0,0,0,0,0,0,0,0,0,0,12,0,0,0,7,0	169	149	1
10517	0,99,3,0,2	0,0,0,0,0	0,0,0,0,1132,5,3,0,4,2,1166,0,0,0,793,81	0,0,0,0,0,0,0,0,0,0,2,0,0,0,0,0	251	149	1
10519	0,78,0,0,0	0,7,0,0,0	0,0,0,0,70,0,0,0,0,0,261,0,0,0,121,8	0,0,0,0,1,0,0,0,0,0,65,0,0,0,34,0	152	149	1
10520	0,32,0,0,0	0,0,0,0,0	0,0,0,0,0,0,0,0,0,0,18,0,0,0,49,0	0,0,0,0,0,0,0,0,0,0,5,0,0,0,0,1	467	149	1
10523	0,0,0,0,0	0,6,0,0,0	0,0,0,0,56,0,0,0,0,0,7,0,0,0,2,13	0,0,0,0,5,0,0,0,0,0,0,0,0,0,1,1	164	149	1
10524	0,4,0,0,0	0,7,0,0,0	0,0,0,0,0,0,0,0,0,0,1,0,0,0,2,4	0,0,0,0,52,0,0,0,2,0,13,0,0,0,9,4	185	149	1
10528	0,136,0,0,0	0,0,0,0,0	0,0,0,0,242,0,0,0,0,0,223,0,0,0,33,2	0,0,0,0,0,0,0,0,0,0,11,0,0,0,4,0	215	149	1
10529	0,110,0,0,0	0,7,0,0,0	0,0,0,0,134,0,0,0,0,0,205,0,0,0,13,1	0,0,0,0,5,0,0,0,0,0,6,0,0,0,1,0	153	149	1
10530	0,3,0,0,0	0,180,0,0,0	0,0,0,0,9,0,0,0,0,0,3,0,0,0,2,0	0,0,0,0,217,0,0,0,0,0,319,0,0,0,30,0	227	149	1
10532	0,75,0,0,2	0,1,0,0,0	0,0,0,0,0,0,0,0,0,0,1,0,0,0,0,0	0,0,0,0,0,0,0,0,0,0,0,0,0,0,0,0	399	149	1
10535	0,0,0,0,0	0,14,0,0,0	0,0,0,0,14,0,0,0,0,0,0,0,0,0,0,0	0,0,0,0,16,0,0,0,0,0,24,0,0,0,2,0	161	149	1
10556	0,18,0,0,0	0,155,0,0,0	0,0,0,0,13,0,0,0,0,0,19,0,0,0,5,3	0,0,0,0,123,0,0,0,0,0,372,0,0,0,73,30	166	149	1
10557	0,67,0,0,0	0,0,0,0,0	0,0,0,0,115,0,0,0,0,0,166,0,0,0,46,15	0,0,0,0,0,0,0,0,0,0,11,0,0,0,0,0	215	149	1
10558	0,204,0,0,0	0,0,0,0,0	0,0,0,0,225,0,0,0,0,0,519,0,0,0,114,42	0,0,0,0,0,0,0,0,0,0,11,0,0,0,0,0	198	149	1
10559	0,172,0,0,0	0,6,0,0,0	0,0,0,0,263,0,0,0,0,0,445,0,0,0,158,62	0,0,0,0,0,0,0,0,0,0,2,0,0,0,6,3	489	149	1
10561	0,18,0,0,0	0,0,0,0,0	0,0,0,0,120,0,0,0,0,0,71,0,0,0,100,25	0,0,0,0,0,0,0,0,0,0,0,0,0,0,2,0	723	149	1
10562	0,3,0,0,0	0,0,0,0,0	0,0,0,0,14,0,0,0,0,0,4,0,0,0,2,1	0,0,0,0,0,0,0,0,0,0,0,0,0,0,2,0	216	149	1
10563	0,148,0,0,0	0,2,0,0,0	0,0,0,0,186,0,0,0,2,0,426,0,0,0,137,34	0,0,0,0,0,0,0,0,0,0,0,0,0,0,0,0	324	149	1
10564	0,7,0,0,0	0,188,0,0,0	0,0,0,0,14,0,0,0,0,0,13,0,0,0,2,1	0,0,0,0,110,0,0,0,0,0,445,0,0,0,131,22	216	149	1
10565	0,4,0,0,0	0,0,0,0,0	0,0,0,0,0,0,0,0,0,0,9,0,0,0,0,1	0,0,0,0,0,0,0,0,0,0,9,0,0,0,3,0	193	149	1
10566	0,3,0,0,0	0,188,0,0,0	0,0,0,0,14,0,0,0,0,0,13,0,0,0,5,0	0,0,0,0,110,0,0,0,0,0,445,0,0,0,131,22	172	149	1
10567	0,147,0,0,2	0,14,0,0,0	0,0,0,0,244,0,0,0,0,0,342,0,0,0,244,31	0,0,0,0,0,0,0,0,0,0,4,0,0,0,0,0	577	149	1
10568	0,0,0,0,0	0,2,0,0,0	0,0,0,0,0,0,0,0,0,0,3,0,0,0,0,12	0,0,0,0,0,0,0,0,0,0,17,0,0,0,0,0	300	149	1
10571	0,22,0,0,0	0,1900,8,0,8	0,0,0,0,0,0,0,0,0,0,19,0,0,0,57,3	0,0,0,0,4137,8,6,26,0,12,7649,0,0,0,8816,396	180	149	1
10573	0,11,0,0,0	0,1,0,0,0	0,0,0,0,163,0,0,0,0,0,6,0,0,0,0,0	0,0,0,0,65,0,0,0,0,0,7,0,0,0,0,0	171	149	1
10574	0,39,0,0,0	0,1,0,0,0	0,0,0,0,399,0,0,0,0,0,0,0,0,0,13,0	0,0,0,0,65,0,0,0,0,0,7,0,0,0,0,0	217	149	1
10575	0,32,0,0,0	0,4,0,0,0	0,0,0,0,353,0,0,0,0,0,0,0,0,0,13,0	0,0,0,0,117,0,0,0,0,0,6,0,0,0,0,0	195	149	1
10576	0,741,0,0,0	0,2,0,0,0	0,0,0,0,346,0,0,0,0,2,2003,0,0,0,499,66	0,0,0,0,11,0,0,0,0,0,9,0,0,0,21,0	169	149	1
10579	0,105,0,0,0	0,4,0,0,0	0,0,0,0,147,0,0,0,0,0,282,0,0,0,4,5	0,0,0,0,0,0,0,0,0,0,22,0,0,0,0,0	189	149	1
10584	0,209,0,0,0	0,8,0,0,0	0,0,0,0,401,0,0,1,0,0,1346,0,0,0,103,178	0,0,0,0,0,0,0,0,0,0,25,0,0,0,0,8	228	149	1
10595	0,356,0,0,0	0,7,0,0,0	0,0,0,0,395,0,0,2,2,0,539,0,0,0,412,10	0,0,0,0,0,0,0,0,0,0,4,0,0,0,1,0	202	149	1
10596	0,1036,0,0,0	0,7,0,0,0	0,0,0,0,1216,0,0,0,0,2,1606,0,0,0,1391,24	0,0,0,0,0,0,0,0,0,0,4,0,0,0,1,0	222	149	1
10597	0,697,0,0,0	0,17,0,0,0	0,0,0,0,834,0,0,0,0,2,1117,0,0,0,1016,14	0,0,0,0,13,0,0,2,2,0,50,0,0,0,37,0	169	149	1
10598	0,211,0,0,0	0,84,0,0,0	0,0,0,0,425,0,0,3,0,0,544,0,0,0,671,56	0,0,0,0,166,4,0,2,0,0,254,0,0,0,375,25	188	149	1
10600	0,5,0,0,0	0,0,0,0,0	0,0,0,0,0,0,0,0,0,0,0,0,0,0,0,0	0,0,0,0,0,0,0,0,0,0,2,0,0,0,10,0	152	149	1
10602	0,63,0,0,2	0,9,0,0,0	0,0,0,0,255,0,0,0,2,0,168,0,0,0,189,15	0,0,0,0,0,0,0,0,0,0,8,0,0,0,15,0	164	149	1
10603	0,0,0,0,0	0,9,0,0,2	0,0,0,0,9,0,0,0,0,0,2,0,0,0,0,0	0,0,0,0,86,0,0,1,0,4,82,0,0,0,153,87	183	149	1
10605	0,7,0,0,0	0,0,0,0,0	0,0,0,0,97,0,6,0,0,0,59,0,0,0,119,10	0,0,0,0,0,0,0,0,0,0,6,0,0,0,2,0	152	149	1
10606	0,162,2,0,2	0,0,0,0,0	0,0,0,0,418,0,6,0,0,0,526,0,0,0,1084,11	0,0,0,0,0,0,0,0,0,0,1,0,0,0,0,0	2922	149	1
10612	0,7,0,0,0	0,25,0,0,0	0,0,0,0,129,0,0,0,0,0,27,0,0,0,15,16	0,0,0,0,4,0,0,0,0,0,1,0,0,0,4,5	378	149	1
10613	0,58,0,0,0	0,0,0,0,0	0,0,0,0,380,0,2,2,0,0,134,0,0,0,195,97	0,0,0,0,0,0,0,0,0,0,0,0,0,0,2,0	1738	149	1
10614	0,4,0,0,0	0,0,0,0,0	0,0,0,0,22,0,0,0,0,0,15,0,0,0,4,1	0,0,0,0,0,0,0,0,0,0,2,0,0,0,0,1	239	149	1
10615	0,4,0,0,0	0,0,0,0,0	0,0,0,0,12,0,0,0,0,0,0,0,0,0,0,0	0,0,0,0,0,0,0,0,0,0,2,0,0,0,0,0	169	149	1
10618	0,12,0,0,0	0,56,0,0,0	0,0,0,0,42,2,0,0,0,0,8,0,0,0,63,17	0,0,0,0,57,0,0,2,0,0,45,0,0,0,47,23	2476	149	1
10620	0,9,0,0,0	0,2,0,0,0	0,0,0,0,79,0,0,0,0,0,26,0,0,0,195,12	0,0,0,0,79,0,0,0,0,0,17,0,0,0,100,8	152	149	1
10622	0,5,0,0,0	0,151,0,0,0	0,0,0,0,71,0,0,0,0,0,6,0,0,0,8,1	0,0,0,0,115,0,0,0,2,0,142,0,0,0,33,8	474	149	1
10626	0,560,4,0,2	0,0,0,0,0	0,0,0,0,454,0,0,0,0,0,195,0,0,0,106,6	0,0,0,0,0,0,0,0,0,0,4,0,0,0,0,0	1929	149	1
10630	0,2,0,0,0	0,6,0,0,0	0,0,0,0,20,0,0,0,0,0,10,0,0,0,9,0	0,0,0,0,26,0,0,0,0,0,1,0,0,0,2,1	152	149	1
10632	0,11,0,0,0	0,489,0,0,0	0,0,0,0,29,0,0,0,0,0,14,0,0,0,5,3	0,0,0,0,1227,0,2,2,0,0,1571,0,0,0,608,133	211	149	1
10633	0,120,0,0,0	0,0,0,0,0	0,0,0,0,397,0,0,0,0,0,933,0,0,0,192,40	0,0,0,0,0,0,0,0,0,0,1,0,0,0,0,0	685	149	1
10634	0,11,0,0,0	0,132,4,0,2	0,0,0,0,0,0,0,0,0,0,6,0,0,0,6,1	0,0,0,0,522,6,2,0,2,0,305,0,0,0,491,42	191	149	1
10635	0,61,4,0,0	0,1785,6,0,4	0,0,0,0,160,0,0,0,0,0,15,0,0,0,11,18	0,0,0,0,10290,4,2,6,2,0,2450,0,0,0,1359,351	218	149	1
10638	0,2926,2,0,6	0,4,0,0,0	0,0,0,0,14521,4,4,0,2,2,2732,0,0,0,1610,108	0,0,0,0,0,0,0,0,0,0,0,0,0,0,0,0	153	149	1
10639	0,15,0,0,2	0,0,0,0,0	0,0,0,0,290,0,0,0,2,0,158,0,0,0,570,257	0,0,0,0,25,0,0,2,0,0,14,0,0,0,42,29	179	149	1
10640	0,5,0,0,0	0,86,0,0,0	0,0,0,0,0,0,0,0,0,0,0,0,0,0,0,0	0,0,0,0,183,0,0,0,0,0,168,0,0,0,107,0	177	149	1
10643	0,244,0,0,0	0,5,0,0,0	0,0,0,0,330,0,0,0,0,0,599,0,0,0,235,36	0,0,0,0,22,0,0,0,0,0,5,0,0,0,1,5	330	149	1
10644	0,218,0,0,0	0,5,0,0,0	0,0,0,0,256,0,0,0,0,0,488,0,0,0,186,34	0,0,0,0,22,0,0,0,0,0,5,0,0,0,1,5	351	149	1
10645	0,48,0,0,0	0,74,0,0,0	0,0,0,0,70,0,0,0,0,0,70,0,0,0,27,8	0,0,0,0,144,0,0,0,0,0,181,0,0,0,76,10	170	149	1
10646	0,10,0,0,0	0,127,0,0,0	0,0,0,0,32,0,0,0,0,0,14,0,0,0,20,5	0,0,0,0,326,0,0,0,0,0,210,0,0,0,108,39	676	149	1
10650	0,15,0,0,0	0,0,0,0,0	0,0,0,0,114,0,0,0,0,0,139,0,0,0,42,10	0,0,0,0,0,0,0,0,0,0,2,0,0,0,0,0	158	149	1
10651	0,104,0,0,0	0,5,0,0,0	0,0,0,0,418,0,0,4,0,0,560,0,0,0,220,17	0,0,0,0,0,0,0,0,0,0,7,0,0,0,0,0	158	149	1
10652	0,13,0,0,0	0,1049,0,0,8	0,0,0,0,59,0,0,0,0,0,23,0,0,0,16,0	0,0,0,0,2042,0,0,3,2,2,2421,0,0,0,244,52	329	149	1
10653	0,200,0,0,0	0,4,0,0,0	0,0,0,0,327,0,0,0,0,0,404,0,0,0,91,7	0,0,0,0,0,0,0,0,0,0,7,0,0,0,0,1	368	149	1
10654	0,1236,0,0,8	0,4,0,0,0	0,0,0,0,2310,0,0,3,2,2,2802,0,0,0,319,59	0,0,0,0,0,0,0,0,0,0,7,0,0,0,0,1	188	149	1
10655	0,218,0,0,0	0,773,0,0,16	0,0,0,0,75,0,0,0,0,0,7,0,0,0,70,5	0,0,0,0,1156,0,0,7,0,0,1461,0,0,0,547,92	344	149	1
10656	0,2109,6,0,16	0,59,0,0,0	0,0,0,0,1235,2,3,13,0,0,1202,0,0,0,1673,110	0,0,0,0,23,0,0,0,0,0,6,0,0,0,19,0	154	149	1
10657	0,15,0,0,0	0,0,0,0,0	0,0,0,0,63,0,0,0,0,0,50,0,0,0,85,18	0,0,0,0,0,2,0,0,0,0,3,0,0,0,11,0	152	149	1
10660	0,2,0,0,0	0,0,0,0,0	0,0,0,0,81,8,0,0,0,0,92,0,0,0,391,24	0,0,0,0,0,0,0,0,0,0,0,0,0,0,10,0	265	149	1
10661	0,11,0,0,0	0,13,0,0,0	0,0,0,0,99,0,0,0,0,0,14,0,0,0,10,0	0,0,0,0,47,0,0,0,0,0,0,0,0,0,0,0	152	149	1
10662	0,739,0,0,2	0,0,0,0,0	0,0,0,0,905,0,0,4,0,0,3508,0,0,0,1264,26	0,0,0,0,0,0,0,0,0,0,29,0,0,0,0,1	251	149	1
10663	0,12,0,0,0	0,7,0,0,0	0,0,0,0,30,0,0,0,0,0,22,0,0,0,24,14	0,0,0,0,0,0,0,0,0,0,0,0,0,0,3,0	244	149	1
10664	0,29,0,0,0	0,7,0,0,0	0,0,0,0,274,0,0,2,2,0,824,0,0,0,127,29	0,0,0,0,31,0,0,0,0,0,71,0,0,0,9,9	152	149	1
10665	0,9,0,0,0	0,0,0,0,0	0,0,0,0,21,0,0,0,0,0,9,0,0,0,0,0	0,0,0,0,0,0,0,0,0,0,20,0,0,0,0,0	410	149	1
10668	0,42,0,0,0	0,8,0,0,0	0,0,0,0,24,0,0,0,0,0,21,0,0,0,38,3	0,0,0,0,0,0,0,0,0,0,2,0,0,0,0,0	168	149	1
10672	0,1,0,0,0	0,35,0,0,0	0,0,0,0,0,0,0,0,0,0,2,0,0,0,0,0	0,0,0,0,0,0,0,0,0,0,24,0,0,0,28,2	171	149	1
10676	0,593,8,0,0	0,0,0,0,0	0,0,0,0,2603,2,2,0,2,4,2530,0,0,0,2700,206	0,0,0,0,20,0,0,0,0,0,47,0,0,0,52,4	222	149	1
10678	0,21,0,0,0	0,0,0,0,0	0,0,0,0,477,0,0,0,0,0,149,0,0,0,100,15	0,0,0,0,3,0,0,0,0,0,7,0,0,0,0,2	153	149	1
10681	0,0,0,0,0	0,5,0,0,0	0,0,0,0,5,0,0,0,0,0,19,0,0,0,10,2	0,0,0,0,41,0,0,0,0,0,14,0,0,0,32,0	152	149	1
10690	0,0,0,0,0	0,0,2,0,0	0,0,0,0,18,0,0,8,0,0,9,0,0,0,46,6	0,0,0,0,0,0,0,0,0,0,0,0,0,0,5,4	154	149	1
10693	0,0,0,0,0	0,2,2,0,0	0,0,0,0,1,0,0,0,0,0,26,0,0,0,18,5	0,0,0,0,19,0,0,0,0,0,28,0,0,0,47,6	247	149	1
10694	0,2,0,0,0	0,0,0,0,0	0,0,0,0,79,0,0,0,0,0,2,0,0,0,5,2	0,0,0,0,0,0,0,0,0,0,0,0,0,0,3,0	153	149	1
10698	0,92,0,0,0	0,0,0,0,0	0,0,0,0,34,0,0,0,0,0,91,0,0,0,0,306	0,0,0,0,0,0,0,0,0,0,3,0,0,0,0,0	151	149	1
10700	0,35,0,0,0	0,27,0,0,0	0,0,0,0,12,0,0,0,0,0,21,0,0,0,35,2	0,0,0,0,45,0,0,0,0,0,47,0,0,0,47,0	252	149	1
10701	0,237,0,0,0	0,0,0,0,0	0,0,0,0,338,0,0,0,0,0,326,0,0,0,361,86	0,0,0,0,0,0,0,0,0,0,12,0,0,0,0,0	156	149	1
10702	0,0,0,0,0	0,26,0,0,0	0,0,0,0,0,0,0,0,0,0,0,0,0,0,3,0	0,0,0,0,52,0,0,0,0,0,82,0,0,0,303,3	171	149	1
10703	0,16,0,0,0	0,0,0,0,0	0,0,0,0,132,2,0,0,0,0,46,0,0,0,289,37	0,0,0,0,0,0,0,0,0,0,0,0,0,0,1,0	151	149	1
10704	0,28,0,0,0	0,2,0,0,0	0,0,0,0,127,0,0,0,0,0,105,0,0,0,268,20	0,0,0,0,0,0,0,0,0,0,0,0,0,0,5,0	160	149	1
10705	0,0,0,0,0	0,19,0,0,0	0,0,0,0,0,0,1,1,0,0,0,0,0,0,0,1	0,0,0,0,137,0,1,3,0,0,114,0,0,0,344,30	180	149	1
10707	0,70,4,0,0	0,0,0,0,0	0,0,0,0,285,4,4,2,0,0,150,0,0,0,652,112	0,0,0,0,0,0,0,0,0,0,0,0,0,0,4,1	1828	149	1
10708	0,16,2,0,0	0,0,0,0,0	0,0,0,0,45,0,0,0,0,0,69,0,0,0,407,90	0,0,0,0,0,0,0,0,0,0,0,0,0,0,4,0	157	149	1
10709	0,8,0,0,0	0,0,0,0,0	0,0,0,0,15,0,0,0,0,0,41,0,0,0,130,18	0,0,0,0,20,0,0,0,0,0,0,0,0,0,5,0	151	149	1
10719	0,1316,0,0,0	0,18966,18,0,50	0,0,0,0,0,0,0,0,0,0,232,0,0,0,338,4	0,0,0,0,38,0,0,66,4,0,7125,0,0,0,12632,1409	310	149	1
10720	0,0,0,0,0	0,5,0,0,0	0,0,0,0,27,0,0,0,0,0,9,0,0,0,0,0	0,0,0,0,46,0,0,0,0,0,53,0,0,0,16,3	363	149	1
10726	0,623,0,0,0	0,0,0,0,0	0,0,0,0,3120,0,0,4,0,4,8488,0,0,0,171,6	0,0,0,0,22,0,0,0,0,0,16,0,0,0,0,0	201	149	1
10727	0,33,0,0,0	0,112,2,0,0	0,0,0,0,140,0,0,2,0,0,9,0,0,0,53,16	0,0,0,0,182,0,0,2,0,0,132,0,0,0,190,83	943	149	1
10728	0,6,0,0,0	0,0,0,0,0	0,0,0,0,3,0,0,0,0,0,5,0,0,0,32,15	0,0,0,0,3,0,0,0,0,0,0,0,0,0,0,1	391	149	1
10730	0,893,0,0,0	0,0,0,0,0	0,0,0,0,2362,0,0,2,0,2,4547,0,0,0,128,1166	0,0,0,0,0,0,0,0,0,0,13,0,0,0,0,0	153	149	1
10733	0,0,0,0,0	0,0,0,0,2	0,0,0,0,70,0,0,0,0,0,41,0,0,0,51,17	0,0,0,0,52,2,0,0,0,0,18,0,0,0,20,1	152	149	1
10738	0,15,0,0,2	0,0,0,0,0	0,0,0,0,72,0,0,0,0,0,80,0,0,0,223,48	0,0,0,0,0,0,0,0,0,0,0,0,0,0,0,1	199	149	1
10739	0,6,0,0,0	0,0,0,0,0	0,0,0,0,122,0,2,2,0,0,44,0,0,0,222,56	0,0,0,0,21,0,0,0,0,0,9,0,0,0,41,12	169	149	1
10740	0,28,0,0,0	0,0,0,0,0	0,0,0,0,87,0,0,0,0,0,63,0,0,0,231,23	0,0,0,0,0,0,0,0,0,0,2,0,0,0,0,0	287	149	1
10741	0,17,0,0,0	0,0,0,0,0	0,0,0,0,77,0,0,0,0,0,57,0,0,0,184,17	0,0,0,0,0,0,0,0,0,0,0,0,0,0,1,0	287	149	1
10743	0,18074,0,0,4	0,0,0,0,0	0,0,0,0,32426,0,2,14,6,6,48051,0,0,0,817,1497	0,0,0,0,4,0,0,0,0,0,6,0,0,0,0,0	535	149	1
10744	0,12808,4,0,11	0,2,0,0,0	0,0,0,0,24325,0,0,22,6,10,39697,0,0,0,1881,4001	0,0,0,0,0,0,0,0,0,0,1,0,0,0,0,0	402	149	1
10749	0,70,0,0,0	0,0,0,0,0	0,0,0,0,63,0,0,0,0,0,80,0,0,0,2,1	0,0,0,0,2,0,0,0,0,0,4,0,0,0,0,0	227	149	1
10750	0,148,0,0,0	0,9,0,0,0	0,0,0,0,145,0,0,0,0,2,236,0,0,0,4,35	0,0,0,0,0,0,0,0,0,0,5,0,0,0,0,1	227	149	1
10751	0,6,0,0,0	0,0,0,0,0	0,0,0,0,30,0,0,0,0,0,47,0,0,0,14,12	0,0,0,0,0,0,0,0,0,0,2,0,0,0,0,0	159	149	1
10753	0,12,0,0,0	0,23,0,0,0	0,0,0,0,10,0,0,0,0,0,4,0,0,0,26,1	0,0,0,0,71,0,0,0,0,0,68,0,0,0,32,5	445	149	1
10754	0,7,0,0,0	0,23,0,0,0	0,0,0,0,10,0,0,0,0,0,4,0,0,0,21,0	0,0,0,0,71,0,0,0,0,0,68,0,0,0,32,5	421	149	1
10755	0,34,0,0,0	0,0,0,0,0	0,0,0,0,52,0,0,0,0,0,67,0,0,0,23,33	0,0,0,0,26,0,0,0,0,0,1,0,0,0,8,1	154	149	1
10756	0,6,0,0,0	0,1,0,0,0	0,0,0,0,7,0,0,0,0,0,0,0,0,0,0,0	0,0,0,0,0,0,0,0,0,0,0,0,0,0,0,0	191	149	1
10757	0,4,0,0,0	0,5,0,0,0	0,0,0,0,22,0,0,0,0,0,2,0,0,0,0,4	0,0,0,0,19,0,0,0,0,0,71,0,0,0,32,3	330	149	1
10758	0,5,0,0,0	0,5,0,0,0	0,0,0,0,15,0,0,0,0,0,2,0,0,0,0,4	0,0,0,0,19,0,0,0,0,0,71,0,0,0,32,3	288	149	1
10760	0,4,0,0,0	0,2,0,0,0	0,0,0,0,20,0,0,0,0,0,2,0,0,0,5,4	0,0,0,0,9,0,0,0,0,0,8,0,0,0,0,0	330	149	1
10761	0,4,0,0,0	0,2,0,0,0	0,0,0,0,15,0,0,0,0,0,2,0,0,0,0,4	0,0,0,0,9,0,0,0,0,0,8,0,0,0,0,0	288	149	1
10769	0,5,0,0,0	0,0,0,0,0	0,0,0,0,157,0,0,0,0,0,16,0,0,0,0,0	0,0,0,0,49,0,0,0,0,0,0,0,0,0,0,0	253	149	1
10772	0,7343,0,0,4	0,0,0,0,0	0,0,0,0,5440,0,4,0,0,0,3202,0,0,0,919,160	0,0,0,0,0,0,0,0,0,0,3,0,0,0,0,0	1594	149	1
10773	0,27,0,0,0	0,19,0,0,0	0,0,0,0,95,0,0,0,0,0,155,0,0,0,3,9	0,0,0,0,197,0,0,0,0,0,222,0,0,0,26,25	619	149	1
10774	0,43,0,0,0	0,307,0,0,2	0,0,0,0,63,0,0,0,0,0,99,0,0,0,2,14	0,0,0,0,225,0,0,0,0,0,460,0,0,0,4,18	316	149	1
10775	0,212,0,0,0	0,14,0,0,0	0,0,0,0,136,0,0,0,0,0,424,0,0,0,207,109	0,0,0,0,0,0,0,0,0,0,16,0,0,0,10,2	153	149	1
10776	0,76,0,0,0	0,0,0,0,0	0,0,0,0,108,0,0,0,0,0,209,0,0,0,54,21	0,0,0,0,0,0,0,0,0,0,4,0,0,0,0,0	351	149	1
10777	0,29,0,0,0	0,21,0,0,0	0,0,0,0,174,0,0,0,0,0,137,0,0,0,20,14	0,0,0,0,22,0,0,0,0,0,11,0,0,0,9,2	164	149	1
10779	0,43,0,0,0	0,0,0,0,0	0,0,0,0,58,0,0,0,0,0,51,0,0,0,10,10	0,0,0,0,12,0,0,0,0,0,8,0,0,0,4,0	269	149	1
10780	0,61,0,0,0	0,153,0,0,0	0,0,0,0,206,0,0,0,0,0,113,0,0,0,20,12	0,0,0,0,371,0,0,0,0,0,316,0,0,0,55,55	269	149	1
10781	0,24,0,0,0	0,236,0,0,0	0,0,0,0,22,0,0,0,0,0,37,0,0,0,7,0	0,0,0,0,343,2,0,0,0,0,903,0,0,0,228,35	190	149	1
10782	0,29,0,0,0	0,0,0,0,0	0,0,0,0,204,0,0,3,0,0,72,0,0,0,187,40	0,0,0,0,17,0,0,0,0,0,17,0,0,0,11,1	186	149	1
10784	0,2,0,0,0	0,35,0,0,0	0,0,0,0,0,0,0,0,0,0,0,0,0,0,0,0	0,0,0,0,134,0,0,0,0,0,162,0,0,0,33,22	166	149	1
10785	0,3,0,0,0	0,25,0,0,0	0,0,0,0,5,0,0,0,0,0,15,0,0,0,1,0	0,0,0,0,34,0,0,0,0,0,108,0,0,0,6,9	181	149	1
10786	0,3,0,0,0	0,10,0,0,0	0,0,0,0,9,0,0,0,0,0,10,0,0,0,5,1	0,0,0,0,15,0,0,0,0,0,1,0,0,0,6,4	255	149	1
10787	0,3,0,0,0	0,8,0,0,2	0,0,0,0,17,0,0,0,0,0,12,0,0,0,6,2	0,0,0,0,20,0,0,0,0,0,104,0,0,0,30,18	255	149	1
10789	0,12,0,0,0	0,7,0,0,0	0,0,0,0,124,0,4,0,0,0,129,0,0,0,120,11	0,0,0,0,18,0,0,0,0,0,3,0,0,0,13,0	182	149	1
10790	0,15,0,0,0	0,44,0,0,0	0,0,0,0,0,0,0,0,0,0,2,0,0,0,0,4	0,0,0,0,111,0,0,0,0,0,80,0,0,0,20,18	220	149	1
10792	0,20,0,0,0	0,89,0,0,0	0,0,0,0,31,0,0,0,0,0,0,0,0,0,0,1	0,0,0,0,73,0,0,0,0,0,82,0,0,0,10,9	352	149	1
10793	0,12,0,0,0	0,89,0,0,0	0,0,0,0,31,0,0,0,0,0,0,0,0,0,0,1	0,0,0,0,73,0,0,0,0,0,82,0,0,0,10,9	328	149	1
10794	0,7,0,0,0	0,27,0,0,0	0,0,0,0,21,0,0,0,0,0,22,0,0,0,0,0	0,0,0,0,63,0,0,0,0,0,36,0,0,0,18,1	535	149	1
10796	0,44,0,0,0	0,4,0,0,0	0,0,0,0,176,0,0,0,0,0,64,0,0,0,1,0	0,0,0,0,116,0,0,0,0,0,8,0,0,0,4,1	631	149	1
10798	0,64,0,0,0	0,4,0,0,0	0,0,0,0,218,0,0,0,0,0,78,0,0,0,19,1	0,0,0,0,116,0,0,0,0,0,8,0,0,0,4,1	245	149	1
10799	0,24,0,0,0	0,4,0,0,0	0,0,0,0,137,0,0,0,0,0,39,0,0,0,1,0	0,0,0,0,116,0,0,0,0,0,8,0,0,0,4,1	229	149	1
10804	0,40,0,0,0	0,0,0,0,0	0,0,0,0,161,0,0,0,0,0,93,0,0,0,6,6	0,0,0,0,0,0,0,0,0,0,2,0,0,0,0,0	552	149	1
10805	0,9,0,0,0	0,3,0,0,0	0,0,0,0,0,0,0,0,0,0,33,0,0,0,53,0	0,0,0,0,0,0,0,0,0,0,6,0,0,0,0,0	206	149	1
10806	0,10,0,0,0	0,3,0,0,0	0,0,0,0,17,0,0,0,0,0,71,0,0,0,105,3	0,0,0,0,0,0,0,0,0,0,6,0,0,0,0,0	236	149	1
10807	0,5,0,0,0	0,4,0,0,0	0,0,0,0,17,0,0,0,0,0,53,0,0,0,80,3	0,0,0,0,0,0,0,0,0,0,15,0,0,0,28,0	179	149	1
10808	0,17,0,0,0	0,62,4,0,0	0,0,0,0,111,0,0,0,0,0,82,0,0,0,104,24	0,0,0,0,516,2,0,2,2,0,475,0,0,0,623,48	158	149	1
10810	0,208,0,0,0	0,6,0,0,0	0,0,0,0,861,0,0,0,4,0,565,0,0,0,277,89	0,0,0,0,8,0,0,0,0,0,7,0,0,0,2,5	226	149	1
10817	0,13,0,0,0	0,57,0,0,0	0,0,0,0,37,0,0,0,0,0,7,0,0,0,0,3	0,0,0,0,82,0,0,0,0,0,93,0,0,0,27,15	288	149	1
10818	0,2,0,0,0	0,68,0,0,0	0,0,0,0,0,0,0,0,0,0,2,0,0,0,6,9	0,0,0,0,97,0,0,0,0,0,97,0,0,0,4,30	454	149	1
10819	0,11,0,0,0	0,6,0,0,0	0,0,0,0,1,0,0,0,0,0,10,0,0,0,9,9	0,0,0,0,0,0,0,0,0,0,0,0,0,0,0,0	459	149	1
10820	0,77,0,0,0	0,6,0,0,0	0,0,0,0,98,0,0,0,0,0,105,0,0,0,7,30	0,0,0,0,0,0,0,0,0,0,0,0,0,0,0,0	154	149	1
10821	0,0,0,0,0	0,129,0,0,0	0,0,0,0,13,0,0,0,0,0,1,0,0,0,0,2	0,0,0,0,141,0,0,0,0,0,153,0,0,0,15,4	216	149	1
10827	0,0,0,0,0	0,20,0,0,0	0,0,0,0,4,0,0,0,0,0,16,0,0,0,25,2	0,0,0,0,114,0,0,0,0,0,215,0,0,0,54,7	207	149	1
10828	0,106607,76,0,117	0,688,0,0,0	0,0,0,0,2360,48,20,179,0,24,887,0,0,0,64883,1690	0,0,0,0,41,0,0,4,0,0,2,0,0,0,488,17	211	149	1
10837	0,0,0,0,0	0,9,0,0,0	0,0,0,0,6,0,0,0,0,0,0,0,0,0,0,0	0,0,0,0,147,0,0,0,0,0,71,0,0,0,3,0	186	149	1
10838	0,0,0,0,0	0,1,0,0,0	0,0,0,0,93,0,0,0,0,0,54,0,0,0,2,0	0,0,0,0,0,0,0,0,0,0,0,0,0,0,0,0	278	149	1
10843	0,1638,0,0,0	0,0,0,0,0	0,0,0,0,1817,0,0,5,0,0,1264,0,0,0,440,419	0,0,0,0,0,0,0,0,0,0,0,0,0,0,15,0	4172	149	1
10848	0,44,0,0,0	0,94,0,0,0	0,0,0,0,92,0,0,0,0,0,112,0,0,0,100,20	0,0,0,0,318,0,0,0,0,0,761,0,0,0,482,34	287	149	1
10849	0,104,0,0,0	0,9,0,0,0	0,0,0,0,160,0,0,0,0,0,299,0,0,0,187,26	0,0,0,0,11,0,0,0,0,0,49,0,0,0,51,0	318	149	1
10850	0,154,0,0,0	0,9,0,0,0	0,0,0,0,386,0,0,0,0,0,948,0,0,0,569,40	0,0,0,0,11,0,0,0,0,0,49,0,0,0,51,0	180	149	1
10855	0,51,0,0,0	0,145,0,0,0	0,0,0,0,32,0,0,0,0,0,82,0,0,0,12,5	0,0,0,0,105,0,0,0,0,0,351,0,0,0,30,2	215	149	1
10856	0,0,0,0,0	0,13,0,0,0	0,0,0,0,6,0,0,0,0,0,0,0,0,0,0,2	0,0,0,0,90,0,0,0,0,0,54,0,0,0,0,19	436	149	1
10858	0,13,0,0,0	0,2,0,0,0	0,0,0,0,0,0,0,0,0,0,6,0,0,0,0,0	0,0,0,0,0,0,0,0,0,0,1,0,0,0,0,0	152	149	1
10859	0,1110,0,0,0	0,2,0,0,0	0,0,0,0,848,0,0,4,0,2,1967,0,0,0,714,91	0,0,0,0,78,0,0,0,0,0,33,0,0,0,34,1	453	149	1
10861	0,9,0,0,0	0,509,0,0,0	0,0,0,0,31,0,0,0,0,0,49,0,0,0,16,7	0,0,0,0,475,0,0,0,0,2,1242,0,0,0,353,86	179	149	1
10862	0,18,0,0,0	0,509,0,0,0	0,0,0,0,14,0,0,0,0,0,41,0,0,0,12,25	0,0,0,0,475,0,0,0,0,2,1242,0,0,0,353,86	209	149	1
10863	0,9,0,0,0	0,0,0,0,0	0,0,0,0,0,0,0,0,0,0,1,0,0,0,2,20	0,0,0,0,17,0,0,0,0,0,9,0,0,0,6,2	179	149	1
10866	0,0,0,0,0	0,22,0,0,0	0,0,0,0,0,0,0,0,0,0,5,0,0,0,0,0	0,0,0,0,31,0,0,0,0,0,318,0,0,0,5,16	196	149	1
10867	0,3,0,0,0	0,0,0,0,0	0,0,0,0,42,0,0,0,0,0,292,0,0,0,3,24	0,0,0,0,0,0,0,0,0,0,9,0,0,0,0,0	190	149	1
10868	0,29,0,0,0	0,3,0,0,0	0,0,0,0,85,0,0,0,0,0,291,0,0,0,34,6	0,0,0,0,5,0,0,0,0,0,16,0,0,0,3,3	937	149	1
10870	0,13,0,0,0	0,0,0,0,0	0,0,0,0,3,0,0,0,0,0,4,0,0,0,7,2	0,0,0,0,0,0,0,0,0,0,12,0,0,0,0,0	263	149	1
10871	0,13,0,0,0	0,5,0,0,0	0,0,0,0,39,0,0,0,0,0,38,0,0,0,118,16	0,0,0,0,0,0,0,0,0,0,9,0,0,0,91,1	193	149	1
10872	0,11,0,0,0	0,0,0,0,0	0,0,0,0,41,0,0,0,0,0,65,0,0,0,61,2	0,0,0,0,18,0,0,0,0,0,52,0,0,0,36,0	223	149	1
10875	0,0,0,0,0	0,35,0,0,0	0,0,0,0,6,0,0,0,0,0,7,0,0,0,0,2	0,0,0,0,38,0,0,0,0,0,53,0,0,0,21,8	176	149	1
10880	0,381,0,0,0	0,10,0,0,0	0,0,0,0,565,0,0,0,0,2,1032,0,0,0,123,83	0,0,0,0,69,0,0,0,0,0,177,0,0,0,0,0	2179	149	1
10883	0,30,0,0,0	0,83,0,0,0	0,0,0,0,70,0,0,0,0,0,32,0,0,0,1,5	0,0,0,0,142,0,0,0,0,0,377,0,0,0,23,34	196	149	1
10884	0,9,0,0,0	0,83,0,0,0	0,0,0,0,56,0,0,0,0,0,20,0,0,0,0,5	0,0,0,0,142,0,0,0,0,0,377,0,0,0,23,34	186	149	1
10885	0,233,0,0,0	0,0,0,0,0	0,0,0,0,438,0,0,2,0,0,569,0,0,0,58,25	0,0,0,0,0,0,0,0,0,0,2,0,0,0,0,0	257	149	1
10887	0,18,0,0,0	0,110,0,0,0	0,0,0,0,96,0,0,0,0,0,1,0,0,0,0,0	0,0,0,0,171,0,0,0,0,0,11,0,0,0,5,7	169	149	1
10888	0,379,0,0,0	0,26,0,0,0	0,0,0,0,510,0,0,0,0,0,34,0,0,0,35,4	0,0,0,0,0,0,0,0,0,0,4,0,0,0,0,0	225	149	1
10889	0,655,0,0,0	0,11,0,0,0	0,0,0,0,897,0,0,0,0,0,65,0,0,0,18,7	0,0,0,0,12,0,0,0,0,0,6,0,0,0,0,0	203	149	1
10892	0,87,0,0,0	0,2,0,0,0	0,0,0,0,227,0,0,0,0,0,67,0,0,0,3,3	0,0,0,0,0,0,0,0,0,0,0,0,0,0,0,0	183	149	1
10893	0,117,0,0,0	0,0,0,0,0	0,0,0,0,163,0,0,0,0,0,138,0,0,0,1,9	0,0,0,0,17,0,0,0,0,0,9,0,0,0,0,0	274	149	1
10894	0,181,0,0,0	0,6,0,0,0	0,0,0,0,309,0,0,0,0,0,405,0,0,0,20,13	0,0,0,0,0,0,0,0,0,0,0,0,0,0,0,0	274	149	1
10895	0,3,0,0,0	0,4,0,0,0	0,0,0,0,0,0,0,0,0,0,11,0,0,0,0,13	0,0,0,0,0,0,0,0,0,0,1,0,0,0,1,0	152	149	1
10896	0,23,0,0,0	0,2,0,0,2	0,0,0,0,9,0,0,0,0,0,37,0,0,0,10,38	0,0,0,0,0,0,0,0,0,0,14,0,0,0,2,9	152	149	1
10897	0,9,0,0,0	0,0,0,0,0	0,0,0,0,37,0,0,0,0,0,67,0,0,0,21,4	0,0,0,0,15,0,0,0,0,0,15,0,0,0,0,1	152	149	1
10898	0,529,0,0,2	0,0,0,0,0	0,0,0,0,490,0,0,0,0,0,557,0,0,0,19,61	0,0,0,0,0,0,0,0,0,0,3,0,0,0,0,0	315	149	1
10899	0,146,0,0,0	0,83,0,0,0	0,0,0,0,0,0,0,0,0,0,424,0,0,0,0,0	0,0,0,0,0,0,0,0,0,0,134,0,0,0,4,0	167	149	1
10900	0,352,0,0,0	0,2,0,0,0	0,0,0,0,0,0,0,4,2,0,1429,0,0,0,12,1	0,0,0,0,0,0,0,0,0,0,22,0,0,0,0,0	182	149	1
10901	0,227,0,0,0	0,0,0,0,0	0,0,0,0,0,0,0,2,0,0,1638,0,0,0,61,4	0,0,0,0,0,0,0,0,0,0,1,0,0,0,0,0	218	149	1
10902	0,12,0,0,0	0,158,0,0,0	0,0,0,0,0,0,0,0,0,0,77,0,0,0,8,0	0,0,0,0,1,0,0,2,0,0,912,0,0,0,87,3	302	149	1
10903	0,127,0,0,0	0,260,0,0,2	0,0,0,0,114,0,0,0,0,0,12,0,0,0,3,3	0,0,0,0,231,0,0,0,0,0,281,0,0,0,43,13	543	149	1
10904	0,39,0,0,0	0,193,0,0,2	0,0,0,0,45,0,0,0,0,0,28,0,0,0,0,0	0,0,0,0,181,0,0,0,0,0,200,0,0,0,8,12	197	149	1
10905	0,3,0,0,0	0,235,0,0,2	0,0,0,0,55,0,0,0,0,0,150,0,0,0,18,1	0,0,0,0,808,2,0,1,0,0,2003,0,0,0,177,8	221	149	1
10906	0,1191,0,0,2	0,0,0,0,0	0,0,0,0,3801,0,2,4,0,0,5750,0,0,0,503,147	0,0,0,0,0,0,0,0,0,0,1,0,0,0,0,0	667	149	1
10909	0,0,0,0,0	0,5,0,0,0	0,0,0,0,0,0,0,0,0,0,0,0,0,0,0,1	0,0,0,0,17,0,0,0,0,0,51,0,0,0,0,2	194	149	1
10911	0,5,0,0,0	0,0,0,0,0	0,0,0,0,17,0,0,0,0,0,53,0,0,0,0,2	0,0,0,0,14,0,0,0,0,0,0,0,0,0,0,0	152	149	1
10913	0,17,0,0,0	0,220,0,0,0	0,0,0,0,4,0,0,0,0,0,39,0,0,0,0,0	0,0,0,0,148,0,0,2,0,0,454,0,0,0,57,28	335	149	1
10914	0,7,0,0,0	0,56,0,0,0	0,0,0,0,39,0,0,0,0,0,5,0,0,0,13,1	0,0,0,0,286,0,0,0,0,0,470,0,0,0,440,30	185	149	1
10915	0,1,0,0,0	0,0,0,0,0	0,0,0,0,10,0,0,0,0,0,8,0,0,0,1,2	0,0,0,0,0,0,0,0,0,0,4,0,0,0,0,0	223	149	1
10917	0,2,0,0,0	0,0,0,0,0	0,0,0,0,20,0,0,0,0,0,8,0,0,0,1,2	0,0,0,0,0,0,0,0,0,0,9,0,0,0,0,1	223	149	1
10918	0,3,0,0,0	0,25,2,0,0	0,0,0,0,24,0,0,0,0,0,8,0,0,0,9,0	0,0,0,0,89,2,0,0,0,0,99,0,0,0,237,32	212	149	1
10920	0,4982,2,0,5	0,463,0,0,0	0,0,0,0,511,0,0,0,0,2,703,0,0,0,103,183	0,0,0,0,57,0,0,0,0,0,55,0,0,0,2,11	155	149	1
10922	0,8567,2,0,14	0,7,0,0,0	0,0,0,0,826,0,4,0,0,4,1366,0,0,0,194,280	0,0,0,0,0,0,0,0,0,0,0,0,0,0,0,0	206	149	1
10923	0,75,0,0,0	0,0,0,0,0	0,0,0,0,10,0,0,0,0,0,63,0,0,0,0,1	0,0,0,0,0,0,0,0,0,0,2,0,0,0,0,0	153	149	1
10924	0,8,0,0,0	0,41,0,0,6	0,0,0,0,5,0,0,0,0,0,17,0,0,0,0,3	0,0,0,0,21,0,0,0,0,0,65,0,0,0,0,1	158	149	1
10928	0,69,0,0,0	0,0,0,0,0	0,0,0,0,278,2,0,0,0,0,179,0,0,0,196,33	0,0,0,0,0,0,0,0,0,0,0,0,0,0,0,2	227	149	1
10929	0,1055,6,0,0	0,8,0,0,0	0,0,0,0,36,0,4,6,0,2,165,0,0,0,633,40	0,0,0,0,0,0,0,0,0,0,1,0,0,0,2,0	215	149	1
10930	0,3579,36,0,4	0,28,0,0,0	0,0,0,0,139,14,8,14,0,2,551,0,0,0,3967,69	0,0,0,0,0,0,0,0,0,0,1,0,0,0,15,1	215	149	1
10934	0,0,0,0,0	0,2,0,0,0	0,0,0,0,0,0,0,0,0,0,0,0,0,0,4,0	0,0,0,0,23,0,0,0,0,0,12,0,0,0,6,2	245	149	1
10935	0,51,6,0,0	0,6,0,0,0	0,0,0,0,208,0,0,6,0,10,81,0,0,0,901,36	0,0,0,0,30,0,0,0,0,0,23,0,0,0,8,2	7115	149	1
10942	0,14,0,0,2	0,15,2,0,0	0,0,0,0,394,0,4,0,0,0,66,0,0,0,10,5	0,0,0,0,309,0,0,0,0,0,260,0,0,0,41,4	471	149	1
10943	0,530,0,0,0	0,0,0,0,0	0,0,0,0,4721,4,2,2,6,6,2615,0,0,0,699,261	0,0,0,0,2,0,0,0,0,0,33,0,0,0,0,1	6296	149	1
10945	0,8,0,0,0	0,8,0,0,0	0,0,0,0,0,0,0,0,0,0,8,0,0,0,5,0	0,0,0,0,6,0,0,0,0,0,8,0,0,0,24,0	242	149	1
10946	0,0,0,0,0	0,6,0,0,0	0,0,0,0,0,0,0,0,0,0,8,0,0,0,5,0	0,0,0,0,0,0,0,0,0,0,1,0,0,0,2,0	242	149	1
10949	0,13,0,0,0	0,0,0,0,0	0,0,0,0,11,0,0,0,0,0,28,0,0,0,45,2	0,0,0,0,0,0,0,0,0,0,2,0,0,0,18,0	217	149	1
10955	0,76,0,0,0	0,158,0,0,0	0,0,0,0,73,0,0,0,0,0,54,0,0,0,2,10	0,0,0,0,164,0,0,0,0,0,304,0,0,0,12,30	285	149	1
10958	0,334,0,0,0	0,9,0,0,0	0,0,0,0,482,0,0,0,0,0,271,0,0,0,67,47	0,0,0,0,0,0,0,0,0,0,0,0,0,0,0,0	571	149	1
10960	0,2,0,0,0	0,19,0,0,0	0,0,0,0,30,0,0,0,0,0,7,0,0,0,4,0	0,0,0,0,135,0,0,0,0,0,85,0,0,0,35,16	443	149	1
10962	0,8,0,0,0	0,134,0,0,0	0,0,0,0,19,0,0,0,0,0,11,0,0,0,25,11	0,0,0,0,252,0,0,0,0,0,517,0,0,0,335,47	248	149	1
10966	0,6,0,0,0	0,0,0,0,0	0,0,0,0,9,0,0,0,0,0,1,0,0,0,13,1	0,0,0,0,9,0,0,0,0,0,0,0,0,0,0,0	179	149	1
10967	0,237,2,0,0	0,1,0,0,0	0,0,0,0,676,0,0,2,0,0,786,0,0,0,523,17	0,0,0,0,0,0,0,0,0,0,4,0,0,0,0,1	339	149	1
10968	0,182,0,0,0	0,2,0,0,0	0,0,0,0,1053,0,0,0,0,2,1199,0,0,0,474,37	0,0,0,0,0,0,0,0,0,0,3,0,0,0,0,0	166	149	1
10970	0,147,0,0,4	0,0,0,0,0	0,0,0,0,1373,0,0,0,2,6,1382,0,0,0,681,86	0,0,0,0,0,0,0,0,0,0,0,0,0,0,8,0	1288	149	1
10973	0,30,0,0,4	0,0,0,0,0	0,0,0,0,98,6,0,0,0,2,187,0,0,0,33,131	0,0,0,0,1,0,0,0,0,0,3,0,0,0,0,2	152	149	1
10974	0,79,0,0,0	0,0,0,0,0	0,0,0,0,219,4,0,6,0,0,333,0,0,0,808,40	0,0,0,0,0,0,0,0,0,0,0,0,0,0,7,0	411	149	1
10976	0,6,0,0,0	0,2,0,0,0	0,0,0,0,12,0,0,0,0,0,0,0,0,0,0,0	0,0,0,0,11,0,0,0,0,0,0,0,0,0,0,0	236	149	1
10978	0,2,0,0,0	0,3,0,0,0	0,0,0,0,12,0,0,0,0,0,0,0,0,0,0,0	0,0,0,0,27,0,0,0,0,0,0,0,0,0,0,0	236	149	1
10982	0,31,0,0,0	0,13,0,0,0	0,0,0,0,151,0,0,0,0,0,5,0,0,0,37,10	0,0,0,0,168,0,0,0,0,0,64,0,0,0,26,3	1040	149	1
10985	0,3,0,0,0	0,15,0,0,0	0,0,0,0,31,0,0,0,0,0,5,0,0,0,1,0	0,0,0,0,121,0,0,0,0,0,61,0,0,0,32,0	192	149	1
10987	0,0,0,0,0	0,2,4,0,2	0,0,0,0,0,0,0,0,0,0,5,0,0,0,10,0	0,0,0,0,41,0,0,0,0,0,19,0,0,0,265,3	156	149	1
10990	0,1,0,0,0	0,66,0,0,0	0,0,0,0,0,0,0,0,0,0,12,0,0,0,38,3	0,0,0,0,456,0,0,0,0,0,1038,0,0,0,801,85	225	149	1
10991	0,1,0,0,0	0,0,0,0,0	0,0,0,0,18,0,0,0,0,0,66,0,0,0,88,7	0,0,0,0,0,0,0,0,0,0,8,0,0,0,7,0	236	149	1
10992	0,1,0,0,0	0,66,0,0,0	0,0,0,0,0,0,0,0,0,0,11,0,0,0,36,2	0,0,0,0,456,0,0,0,0,0,1038,0,0,0,801,85	202	149	1
10993	0,1,0,0,0	0,0,0,0,0	0,0,0,0,18,0,0,0,0,0,65,0,0,0,86,6	0,0,0,0,0,0,0,0,0,0,8,0,0,0,7,0	213	149	1
10994	0,66,0,0,0	0,0,0,0,0	0,0,0,0,474,0,0,0,0,0,1092,0,0,0,851,89	0,0,0,0,0,0,0,0,0,0,8,0,0,0,7,0	160	149	1
10996	0,12,0,0,0	0,0,0,0,0	0,0,0,0,123,0,0,0,0,0,78,0,0,0,13,4	0,0,0,0,0,0,0,0,0,0,4,0,0,0,0,0	531	149	1
10999	0,0,0,0,0	0,3,0,0,0	0,0,0,0,0,0,0,0,0,0,0,0,0,0,0,2	0,0,0,0,0,0,0,0,0,0,19,0,0,0,0,0	152	149	1
11001	0,10,0,0,0	0,3,0,0,0	0,0,0,0,410,0,0,0,0,0,177,0,0,0,210,8	0,0,0,0,29,0,0,0,0,0,2,0,0,0,7,0	186	149	1
11004	0,613,0,0,0	0,0,0,0,0	0,0,0,0,453,0,0,0,0,0,598,0,0,0,78,68	0,0,0,0,24,0,0,0,0,0,0,0,0,0,0,0	598	149	1
11009	0,68,0,0,0	0,13,0,0,0	0,0,0,0,84,0,0,0,0,0,246,0,0,0,170,7	0,0,0,0,28,0,0,0,0,0,20,0,0,0,5,1	385	149	1
11010	0,60,0,0,0	0,0,0,0,0	0,0,0,0,177,0,2,0,4,2,298,0,0,0,305,15	0,0,0,0,0,0,0,0,0,0,5,0,0,0,6,0	558	149	1
11045	0,205,0,0,0	0,406,0,0,2	0,0,0,0,191,2,2,0,0,0,995,0,0,0,803,61	0,0,0,0,719,0,4,1,0,2,2879,0,0,0,1997,144	152	149	1
11046	0,11,0,0,0	0,170,2,0,2	0,0,0,0,48,0,0,0,0,0,66,0,0,0,55,25	0,0,0,0,465,2,0,1,0,2,1730,0,0,0,1497,125	316	149	1
11049	0,5,0,0,0	0,0,2,0,0	0,0,0,0,0,0,0,0,0,0,3,0,0,0,0,0	0,0,0,0,0,4,0,0,0,0,3,0,0,0,2,1	152	149	1
11050	0,5,0,0,0	0,1,0,0,0	0,0,0,0,0,0,0,0,0,0,0,0,0,0,17,15	0,0,0,0,0,0,0,0,0,0,1,0,0,0,0,0	429	149	1
11051	0,3,0,0,0	0,8,0,0,0	0,0,0,0,5,0,0,0,0,0,1,0,0,0,0,0	0,0,0,0,0,0,0,0,0,0,7,0,0,0,0,4	171	149	1
11053	0,3,0,0,0	0,3,0,0,0	0,0,0,0,13,0,0,0,0,0,14,0,0,0,20,3	0,0,0,0,6,0,0,2,0,0,51,0,0,0,64,9	152	149	1
11054	0,369,0,0,0	0,14,0,0,0	0,0,0,0,987,0,0,0,0,0,629,0,0,0,667,21	0,0,0,0,20,0,0,0,0,0,8,0,0,0,3,0	152	149	1
11055	0,16,0,0,0	0,319,2,0,0	0,0,0,0,0,0,0,0,0,0,15,0,0,0,11,1	0,0,0,0,884,0,0,0,0,2,685,0,0,0,621,80	173	149	1
11058	0,54,0,0,0	0,0,0,0,0	0,0,0,0,287,0,0,0,0,0,388,0,0,0,132,21	0,0,0,0,0,0,0,0,0,0,8,0,0,0,0,0	513	149	1
11062	0,13,0,0,0	0,0,0,0,0	0,0,0,0,42,0,0,0,0,0,23,0,0,0,1,0	0,0,0,0,7,0,0,0,0,0,0,0,0,0,0,0	536	149	1
11064	0,31,0,0,0	0,9,0,0,0	0,0,0,0,171,0,0,0,0,0,128,0,0,0,279,12	0,0,0,0,142,0,0,0,0,2,112,0,0,0,209,2	154	149	1
11065	0,24,0,0,0	0,0,0,0,0	0,0,0,0,50,0,0,0,0,0,78,0,0,0,0,5	0,0,0,0,10,0,0,0,0,0,0,0,0,0,0,0	151	149	1
11066	0,96,0,0,0	0,0,0,0,0	0,0,0,0,172,0,0,0,0,0,184,0,0,0,34,28	0,0,0,0,0,0,0,0,0,0,4,0,0,0,0,0	327	149	1
11079	0,8,0,0,0	0,0,0,0,0	0,0,0,0,75,0,0,0,0,0,8,0,0,0,2,0	0,0,0,0,6,0,0,0,0,0,2,0,0,0,0,0	279	149	1
11081	0,16,0,0,0	0,0,0,0,0	0,0,0,0,58,0,0,0,0,0,4,0,0,0,2,0	0,0,0,0,0,0,0,0,0,0,3,0,0,0,0,0	238	149	1
11082	0,0,0,0,0	0,24,0,0,0	0,0,0,0,33,0,0,0,0,0,2,0,0,0,9,0	0,0,0,0,128,0,2,0,0,0,44,0,0,0,18,0	244	149	1
11083	0,11,0,0,0	0,0,0,0,0	0,0,0,0,83,0,0,0,0,0,50,0,0,0,0,10	0,0,0,0,10,0,0,0,0,0,8,0,0,0,0,0	152	149	1
11084	0,0,0,0,0	0,3,0,0,0	0,0,0,0,34,0,0,0,0,0,3,0,0,0,11,0	0,0,0,0,82,0,0,0,0,0,28,0,0,0,78,21	170	149	1
11087	0,62,0,0,0	0,0,0,0,0	0,0,0,0,246,0,0,0,0,0,77,0,0,0,9,17	0,0,0,0,0,0,0,0,0,0,0,0,0,0,0,2	274	149	1
11088	0,7,0,0,0	0,0,0,0,0	0,0,0,0,17,0,0,0,0,0,22,0,0,0,2,11	0,0,0,0,51,0,0,0,0,0,7,0,0,0,1,3	152	149	1
11089	0,65,0,0,0	0,0,0,0,0	0,0,0,0,92,0,0,0,0,0,173,0,0,0,28,8	0,0,0,0,0,0,0,0,0,0,4,0,0,0,0,0	152	149	1
11090	0,47,0,0,0	0,10,0,0,0	0,0,0,0,137,0,0,0,0,0,127,0,0,0,33,5	0,0,0,0,10,0,0,0,2,0,50,0,0,0,3,0	152	149	1
11091	0,8,0,0,0	0,52,0,0,0	0,0,0,0,12,0,0,0,0,0,3,0,0,0,12,1	0,0,0,0,137,0,0,0,0,0,183,0,0,0,14,17	279	149	1
11092	0,25,0,0,0	0,83,0,0,0	0,0,0,0,25,0,0,0,0,0,22,0,0,0,0,1	0,0,0,0,76,0,0,0,0,0,118,0,0,0,1,1	246	149	1
11093	0,0,0,0,0	0,193,0,0,2	0,0,0,0,8,0,0,0,0,0,0,0,0,0,0,0	0,0,0,0,251,0,0,0,0,2,259,0,0,0,0,14	164	149	1
11098	0,0,0,0,0	0,84,0,0,0	0,0,0,0,11,0,0,0,0,0,1,0,0,0,0,0	0,0,0,0,183,0,0,0,6,0,265,0,0,0,95,5	204	149	1
11100	0,2,0,0,0	0,24,0,0,0	0,0,0,0,0,0,0,0,0,0,9,0,0,0,4,0	0,0,0,0,127,0,0,0,0,0,85,0,0,0,6,0	169	149	1
11101	0,0,0,0,0	0,18,0,0,0	0,0,0,0,28,0,0,0,0,0,22,0,0,0,0,0	0,0,0,0,87,0,0,0,0,0,84,0,0,0,0,0	167	149	1
11102	0,7,0,0,0	0,61,0,0,0	0,0,0,0,64,0,0,0,0,0,32,0,0,0,21,3	0,0,0,0,121,0,0,0,0,0,280,0,0,0,86,9	191	149	1
11103	0,8,0,0,0	0,61,0,0,0	0,0,0,0,7,0,0,0,0,0,6,0,0,0,3,3	0,0,0,0,121,0,0,0,0,0,280,0,0,0,86,9	224	149	1
11104	0,4,0,0,0	0,3,0,0,0	0,0,0,0,0,0,0,0,0,0,0,0,0,0,1,0	0,0,0,0,57,0,0,0,0,0,26,0,0,0,19,0	182	149	1
11105	0,0,0,0,0	0,44,0,0,0	0,0,0,0,7,0,0,0,0,0,1,0,0,0,4,0	0,0,0,0,185,0,0,0,0,0,244,0,0,0,197,9	249	149	1
11106	0,57,0,0,0	0,234,0,0,0	0,0,0,0,50,0,0,0,0,0,28,0,0,0,8,1	0,0,0,0,142,0,0,0,0,0,170,0,0,0,92,3	154	149	1
11107	0,622,0,0,0	0,5,0,0,0	0,0,0,0,838,0,0,0,4,2,492,0,0,0,116,75	0,0,0,0,0,0,0,0,0,0,5,0,0,0,0,0	291	149	1
11108	0,737,0,0,0	0,4,0,0,0	0,0,0,0,1012,0,0,0,0,0,514,0,0,0,150,63	0,0,0,0,8,0,0,0,0,0,5,0,0,0,5,0	521	149	1
11109	0,0,0,0,0	0,7,0,0,0	0,0,0,0,4,0,0,0,0,0,5,0,0,0,2,0	0,0,0,0,0,0,0,0,0,0,0,0,0,0,0,0	162	149	1
11110	0,4,0,0,0	0,144,0,0,0	0,0,0,0,0,0,0,0,0,0,13,0,0,0,0,0	0,0,0,0,328,0,0,0,0,0,405,0,0,0,19,0	170	149	1
11111	0,3,0,0,0	0,5,0,0,0	0,0,0,0,43,0,0,1,0,0,90,0,0,0,139,18	0,0,0,0,80,0,0,0,0,0,57,0,0,0,44,15	152	149	1
11112	0,29,0,0,0	0,3,0,0,0	0,0,0,0,118,0,0,0,0,0,110,0,0,0,164,14	0,0,0,0,42,0,0,0,0,0,17,0,0,0,77,15	161	149	1
11113	0,25,2,0,2	0,0,0,0,0	0,0,0,0,65,0,2,0,2,0,128,0,0,0,353,43	0,0,0,0,0,0,0,0,0,0,1,0,0,0,13,0	152	149	1
11114	0,0,2,0,0	0,0,0,0,0	0,0,0,0,5,0,0,0,0,0,1,0,0,0,53,3	0,0,0,0,0,0,0,0,0,0,17,0,0,0,19,0	306	149	1
11115	0,140,0,0,0	0,0,0,0,0	0,0,0,0,409,0,2,0,0,0,485,0,0,0,615,7	0,0,0,0,0,0,0,0,0,0,0,0,0,0,7,0	176	149	1
11124	0,9,0,0,0	0,2,0,0,0	0,0,0,0,159,0,0,0,0,0,56,0,0,0,41,43	0,0,0,0,6,0,0,0,0,0,2,0,0,0,0,2	186	149	1
11125	0,0,0,0,0	0,9,0,0,0	0,0,0,0,16,0,0,0,0,0,8,0,0,0,3,0	0,0,0,0,79,0,0,2,0,0,77,0,0,0,39,9	167	149	1
11127	0,7,0,0,0	0,44,0,0,0	0,0,0,0,2,0,0,0,0,0,1,0,0,0,3,0	0,0,0,0,133,0,0,0,0,0,107,0,0,0,13,6	475	149	1
11131	0,3,0,0,0	0,0,0,0,0	0,0,0,0,132,0,2,0,0,0,190,0,0,0,148,27	0,0,0,0,0,0,0,0,0,0,10,0,0,0,16,0	256	149	1
11136	0,4,0,0,0	0,0,0,0,0	0,0,0,0,47,2,0,0,0,0,62,0,0,0,245,15	0,0,0,0,0,0,0,0,0,0,0,0,0,0,2,4	234	149	1
11137	0,4,0,0,0	0,0,0,0,0	0,0,0,0,34,2,0,0,0,0,25,0,0,0,79,1	0,0,0,0,0,0,0,0,0,0,0,0,0,0,4,0	234	149	1
11138	0,0,2,0,0	0,0,0,0,0	0,0,0,0,19,0,0,0,0,0,81,0,0,0,311,29	0,0,0,0,0,0,0,0,0,0,2,0,0,0,0,0	308	149	1
11142	0,262,0,0,0	0,17,0,0,0	0,0,0,0,2271,7,2,0,0,0,809,0,0,0,235,6	0,0,0,0,44,0,0,0,0,0,18,0,0,0,3,0	3690	149	1
11146	0,363,0,0,0	0,16,0,0,0	0,0,0,0,78,0,0,0,2,0,811,0,0,0,86,52	0,0,0,0,1,0,0,0,0,0,133,0,0,0,7,10	173	149	1
11147	0,119,0,0,0	0,16,0,0,0	0,0,0,0,10,0,0,0,0,0,228,0,0,0,18,19	0,0,0,0,1,0,0,0,0,0,133,0,0,0,7,10	204	149	1
11148	0,63,0,0,0	0,307,0,0,0	0,0,0,0,0,0,0,0,0,0,77,0,0,0,0,5	0,0,0,0,68,0,0,0,2,0,660,0,0,0,68,38	180	149	1
11150	0,86,0,0,0	0,256,0,0,0	0,0,0,0,59,0,0,0,0,0,211,0,0,0,7,71	0,0,0,0,46,0,0,0,0,2,700,0,0,0,33,38	1148	149	1
11151	0,20,0,0,0	0,71,0,0,0	0,0,0,0,0,0,0,0,0,0,54,0,0,0,21,10	0,0,0,0,0,0,0,4,0,0,365,0,0,0,158,31	194	149	1
11154	0,28,0,0,0	0,8,0,0,0	0,0,0,0,4,0,0,0,0,0,15,0,0,0,1,4	0,0,0,0,0,0,0,0,0,0,32,0,0,0,0,0	314	149	1
11157	0,0,0,0,0	0,37,0,0,0	0,0,0,0,14,0,0,0,0,0,20,0,0,0,0,3	0,0,0,0,74,0,0,0,0,0,107,0,0,0,20,19	227	149	1
11158	0,13,0,0,2	0,1125,0,0,0	0,0,0,0,1,0,2,0,0,0,28,0,0,0,13,0	0,0,0,0,840,0,0,1,0,6,1217,0,0,0,325,37	172	149	1
11159	0,14,0,0,0	0,27,0,0,0	0,0,0,0,0,0,0,0,0,0,4,0,0,0,0,0	0,0,0,0,36,0,0,0,0,0,47,0,0,0,26,5	226	149	1
11160	0,59,0,0,0	0,0,0,0,0	0,0,0,0,223,0,0,0,0,0,501,0,0,0,145,12	0,0,0,0,0,0,0,0,0,0,4,0,0,0,0,0	193	149	1
11165	0,0,0,0,2	0,12,0,0,0	0,0,0,0,6,0,0,0,0,0,4,0,0,0,0,2	0,0,0,0,13,0,0,0,0,0,43,0,0,0,0,1	254	149	1
11169	0,0,0,0,0	0,1,0,0,0	0,0,0,0,4,0,0,0,0,0,43,0,0,0,0,1	0,0,0,0,0,0,0,0,0,0,8,0,0,0,0,0	152	149	1
11171	0,1098,2,0,2	0,2,0,0,0	0,0,0,0,1600,4,2,2,0,0,1690,0,0,0,2304,263	0,0,0,0,0,0,0,0,0,0,29,0,0,0,21,0	195	149	1
11172	0,0,0,0,0	0,2,0,0,0	0,0,0,0,22,0,0,0,0,0,30,0,0,0,0,2	0,0,0,0,0,0,0,0,0,0,11,0,0,0,0,0	152	149	1
11173	0,326,12,0,10	0,181,6,0,2	0,0,0,0,4588,20,2,4,4,12,7111,0,0,0,7227,292	0,0,0,0,667,6,6,2,0,0,1649,0,0,0,1216,23	434	149	1
11174	0,459,18,0,27	0,181,6,0,2	0,0,0,0,8392,30,14,20,8,14,14485,0,0,0,15820,810	0,0,0,0,667,6,6,2,0,0,1649,0,0,0,1216,23	509	149	1
11175	0,230,14,0,17	0,97,8,0,0	0,0,0,0,4526,20,14,16,4,12,8783,0,0,0,9710,536	0,0,0,0,722,10,2,0,0,10,1409,0,0,0,1117,18	224	149	1
11176	0,98,43,0,8	0,0,0,0,0	0,0,0,0,5213,50,29,25,8,2,9926,0,0,0,12635,742	0,0,0,0,0,0,0,0,0,0,0,0,0,0,4,0	3157	149	1
11178	0,2,0,0,0	0,797,4,0,0	0,0,0,0,0,0,0,0,0,0,0,0,0,0,0,1	0,0,0,0,591,0,0,6,0,4,1353,0,0,0,1001,133	153	149	1
11181	0,0,0,0,0	0,119,2,0,0	0,0,0,0,4,0,0,0,0,0,14,0,0,0,18,0	0,0,0,0,367,0,0,2,0,0,685,0,0,0,857,47	168	149	1
11182	0,63,0,0,0	0,0,0,0,0	0,0,0,0,330,0,0,0,0,0,782,0,0,0,1277,64	0,0,0,0,53,0,0,0,0,0,11,0,0,0,20,0	157	149	1
11183	0,0,0,0,0	0,14,0,0,0	0,0,0,0,0,0,0,0,0,0,12,0,0,0,22,5	0,0,0,0,181,0,0,4,0,0,334,0,0,0,562,63	258	149	1
11184	0,98,0,0,0	0,0,0,0,0	0,0,0,0,182,0,0,2,0,0,329,0,0,0,120,34	0,0,0,0,0,0,0,0,0,0,2,0,0,0,0,0	164	149	1
11186	0,0,0,0,0	0,18,0,0,0	0,0,0,0,0,0,0,0,0,0,6,0,0,0,4,0	0,0,0,0,121,0,0,0,0,0,64,0,0,0,45,4	195	149	1
11188	0,3,0,0,0	0,0,0,0,0	0,0,0,0,95,0,0,0,0,0,31,0,0,0,185,19	0,0,0,0,0,2,0,0,0,0,3,0,0,0,2,2	164	149	1
11189	0,24,0,0,0	0,12,0,0,0	0,0,0,0,168,0,0,0,0,0,28,0,0,0,0,6	0,0,0,0,67,0,0,0,0,0,34,0,0,0,0,2	293	149	1
11190	0,38,0,0,0	0,51,0,0,0	0,0,0,0,204,0,0,0,0,0,28,0,0,0,0,6	0,0,0,0,101,0,0,0,0,0,50,0,0,0,2,1	293	149	1
11192	0,10,0,0,0	0,325,0,0,0	0,0,0,0,20,0,0,0,0,0,6,0,0,0,6,2	0,0,0,0,612,0,0,0,4,0,369,0,0,0,47,5	176	149	1
11193	0,364,0,0,0	0,0,0,0,0	0,0,0,0,761,0,0,0,0,2,254,0,0,0,157,49	0,0,0,0,0,0,0,0,0,0,0,0,0,0,6,1	657	149	1
11194	0,296,0,0,0	0,7,0,0,0	0,0,0,0,514,0,0,0,0,2,287,0,0,0,138,36	0,0,0,0,0,0,0,0,0,0,0,0,0,0,0,0	1401	149	1
11195	0,44,0,0,0	0,25,0,0,0	0,0,0,0,130,0,2,0,4,2,77,0,0,0,63,6	0,0,0,0,82,0,0,0,0,0,90,0,0,0,4,10	1033	149	1
11196	0,104,0,0,0	0,4,0,0,0	0,0,0,0,598,0,0,0,0,0,123,0,0,0,48,46	0,0,0,0,0,0,0,0,0,0,0,0,0,0,0,0	621	149	1
11197	0,193,0,0,0	0,0,0,0,0	0,0,0,0,501,0,0,0,0,0,208,0,0,0,0,6	0,0,0,0,0,0,0,0,0,0,3,0,0,0,0,0	206	149	1
11198	0,10,0,0,0	0,0,0,0,0	0,0,0,0,0,0,0,0,0,0,1,0,0,0,21,3	0,0,0,0,5,0,0,0,0,0,0,0,0,0,0,0	273	149	1
11199	0,2,0,0,0	0,4,0,0,0	0,0,0,0,14,0,0,0,0,0,53,0,0,0,3,4	0,0,0,0,0,0,0,0,0,0,5,0,0,0,0,0	181	149	1
11200	0,740,0,0,0	0,26,0,0,0	0,0,0,0,514,0,0,0,0,0,392,0,0,0,42,18	0,0,0,0,6,0,0,0,0,0,38,0,0,0,0,0	191	149	1
11201	0,448,0,0,0	0,0,0,0,0	0,0,0,0,510,0,0,0,0,0,293,0,0,0,91,25	0,0,0,0,9,0,0,0,0,0,1,0,0,0,0,0	152	149	1
11202	0,140,0,0,0	0,6,0,0,0	0,0,0,0,233,0,0,2,0,0,314,0,0,0,90,24	0,0,0,0,12,0,0,0,0,0,4,0,0,0,0,6	301	149	1
11203	0,79,0,0,0	0,56,0,0,0	0,0,0,0,63,0,0,0,0,0,34,0,0,0,79,16	0,0,0,0,157,0,0,0,0,0,327,0,0,0,425,23	263	149	1
11204	0,79,0,0,0	0,0,0,0,0	0,0,0,0,48,0,0,0,0,0,36,0,0,0,79,18	0,0,0,0,0,0,0,0,0,0,14,0,0,0,0,0	263	149	1
11205	0,263,0,0,0	0,0,0,0,0	0,0,0,0,405,0,0,0,0,0,350,0,0,0,653,131	0,0,0,0,0,0,0,0,0,0,14,0,0,0,0,0	794	149	1
11206	0,186,0,0,0	0,2,0,0,0	0,0,0,0,367,0,0,0,0,0,316,0,0,0,574,116	0,0,0,0,10,0,0,0,0,0,2,0,0,0,0,3	680	149	1
11207	0,55,2,0,0	0,225,0,0,0	0,0,0,0,157,0,0,0,0,0,40,0,0,0,84,12	0,0,0,0,453,0,0,0,0,0,261,0,0,0,243,29	303	149	1
11208	0,5,0,0,0	0,167,0,0,0	0,0,0,0,0,0,0,0,0,0,1,0,0,0,22,1	0,0,0,0,318,0,0,0,0,0,172,0,0,0,160,39	165	149	1
11209	0,206,2,0,0	0,9,0,0,0	0,0,0,0,395,0,0,0,0,0,217,0,0,0,278,64	0,0,0,0,59,0,0,0,0,0,8,0,0,0,17,0	380	149	1
11210	0,229,2,0,0	0,15,0,0,0	0,0,0,0,563,0,0,0,0,0,300,0,0,0,418,68	0,0,0,0,41,0,0,0,0,0,15,0,0,0,0,1	536	149	1
11211	0,211,2,0,2	0,0,0,0,0	0,0,0,0,647,2,0,2,0,0,237,0,0,0,476,151	0,0,0,0,0,0,0,0,0,0,0,0,0,0,0,1	814	149	1
11212	0,32,2,0,0	0,58,0,0,0	0,0,0,0,205,0,0,2,0,0,42,0,0,0,188,43	0,0,0,0,73,0,0,0,0,0,52,0,0,0,36,6	428	149	1
11214	0,187,2,0,2	0,6,0,0,0	0,0,0,0,306,0,0,0,0,0,197,0,0,0,92,74	0,0,0,0,0,0,0,0,0,0,2,0,0,0,0,0	256	149	1
11216	0,0,0,0,0	0,9,0,0,0	0,0,0,0,6,0,0,0,0,0,28,0,0,0,0,2	0,0,0,0,71,0,0,0,0,0,76,0,0,0,7,5	152	149	1
11217	0,1,0,0,0	0,242,0,0,0	0,0,0,0,0,0,0,0,0,0,3,0,0,0,0,0	0,0,0,0,1240,0,0,0,0,0,1080,0,0,0,904,99	176	149	1
11218	0,0,0,0,0	0,255,0,0,0	0,0,0,0,0,0,0,0,0,0,4,0,0,0,0,0	0,0,0,0,642,0,0,2,0,0,809,0,0,0,286,15	152	149	1
11220	0,0,0,0,0	0,12,0,0,0	0,0,0,0,13,0,0,0,0,0,1,0,0,0,0,0	0,0,0,0,114,0,0,0,0,0,30,0,0,0,16,1	271	149	1
11221	0,11,0,0,0	0,0,0,0,0	0,0,0,0,49,0,0,0,0,0,14,0,0,0,0,0	0,0,0,0,25,0,0,0,0,0,0,0,0,0,0,0	324	149	1
11222	0,23,0,0,0	0,0,0,0,0	0,0,0,0,150,0,0,0,0,0,43,0,0,0,16,1	0,0,0,0,25,0,0,0,0,0,0,0,0,0,0,0	202	149	1
11223	0,527,0,0,0	0,22,0,0,0	0,0,0,0,202,0,0,0,0,0,373,0,0,0,546,30	0,0,0,0,52,0,0,0,0,0,25,0,0,0,30,1	197	149	1
11224	0,264,0,0,2	0,5,0,0,0	0,0,0,0,556,0,0,2,0,0,249,0,0,0,77,24	0,0,0,0,0,0,0,0,0,0,0,0,0,0,0,0	759	149	1
11226	0,48,2,0,0	0,0,0,0,0	0,0,0,0,154,4,0,0,0,0,58,0,0,0,143,46	0,0,0,0,0,0,0,0,0,0,0,0,0,0,0,2	186	149	1
11228	0,133,0,0,0	0,239,0,0,0	0,0,0,0,112,0,0,0,0,0,16,0,0,0,16,5	0,0,0,0,146,0,0,0,0,0,92,0,0,0,48,22	191	149	1
11229	0,3,0,0,0	0,287,0,0,0	0,0,0,0,0,0,0,0,0,0,0,0,0,0,0,0	0,0,0,0,230,0,0,0,0,0,53,0,0,0,22,15	162	149	1
11230	0,17,0,0,0	0,285,0,0,0	0,0,0,0,0,0,0,0,0,0,1,0,0,0,0,0	0,0,0,0,222,0,0,0,0,0,39,0,0,0,0,19	165	149	1
11231	0,301,0,0,0	0,285,0,0,0	0,0,0,0,230,0,0,0,0,0,54,0,0,0,22,15	0,0,0,0,222,0,0,0,0,0,39,0,0,0,0,19	152	149	1
11232	0,10751,110,0,14	0,133,0,0,0	0,0,0,0,805,4,2,10,4,2,114,0,0,0,2006,21	0,0,0,0,0,0,0,2,0,0,0,0,0,0,24,0	210	149	1
11233	0,23,0,0,0	0,348,0,0,0	0,0,0,0,1,0,0,0,0,0,7,0,0,0,0,1	0,0,0,0,217,0,0,0,0,0,185,0,0,0,17,8	185	149	1
11234	0,69,0,0,0	0,561,0,0,0	0,0,0,0,31,0,0,0,0,0,38,0,0,0,10,5	0,0,0,0,342,0,0,0,0,0,275,0,0,0,39,14	152	149	1
11236	0,584,0,0,0	0,51,0,0,0	0,0,0,0,297,0,0,1,0,2,1058,0,0,0,60,115	0,0,0,0,45,0,0,0,0,0,94,0,0,0,14,1	152	149	1
11237	0,0,0,0,0	0,19,0,0,0	0,0,0,0,5,0,0,0,0,0,0,0,0,0,0,0	0,0,0,0,77,0,0,0,0,0,8,0,0,0,0,3	169	149	1
11238	0,88,0,0,0	0,62,0,0,0	0,0,0,0,0,0,0,0,0,0,2,0,0,0,0,0	0,0,0,0,0,0,0,0,0,0,1,0,0,0,0,0	1635	149	1
11239	0,143,0,0,0	0,106,0,0,0	0,0,0,0,51,0,0,0,0,0,104,0,0,0,0,0	0,0,0,0,50,0,0,0,0,0,78,0,0,0,0,0	152	149	1
11240	0,109,0,0,0	0,11,0,0,0	0,0,0,0,61,0,0,0,0,0,99,0,0,0,0,3	0,0,0,0,0,0,0,0,0,0,3,0,0,0,0,0	158	149	1
11247	0,48,0,0,0	0,0,0,0,0	0,0,0,0,108,0,0,0,0,0,69,0,0,0,0,8	0,0,0,0,26,0,0,0,0,0,4,0,0,0,0,0	229	149	1
11248	0,31,0,0,0	0,6,0,0,0	0,0,0,0,145,0,0,0,0,2,92,0,0,0,19,4	0,0,0,0,0,0,0,0,0,0,8,0,0,0,0,0	173	149	1
11254	0,52,0,0,0	0,219,0,0,0	0,0,0,0,87,0,0,0,0,0,37,0,0,0,12,10	0,0,0,0,333,0,0,0,0,2,702,0,0,0,248,33	543	149	1
11257	0,6,0,0,0	0,1,0,0,0	0,0,0,0,0,0,0,0,0,0,0,0,0,0,15,0	0,0,0,0,0,0,0,0,0,0,0,0,0,0,7,1	208	149	1
11259	0,6,0,0,0	0,3,0,0,0	0,0,0,0,0,0,0,0,0,0,3,0,0,0,9,0	0,0,0,0,40,0,0,0,0,2,28,0,0,0,15,5	208	149	1
11261	0,813,0,0,0	0,12,0,0,0	0,0,0,0,544,0,0,0,0,0,739,0,0,0,76,43	0,0,0,0,0,0,0,0,0,0,4,0,0,0,0,0	154	149	1
11262	0,826,0,0,0	0,194,0,0,0	0,0,0,0,491,0,0,0,0,0,601,0,0,0,49,18	0,0,0,0,115,0,0,0,0,0,234,0,0,0,62,7	200	149	1
11263	0,1145,0,0,0	0,60,0,0,0	0,0,0,0,495,0,0,0,2,0,761,0,0,0,65,11	0,0,0,0,74,0,0,0,0,0,57,0,0,0,9,1	152	149	1
11264	0,1487,0,0,0	0,29,0,0,0	0,0,0,0,650,0,0,0,2,0,1095,0,0,0,45,17	0,0,0,0,6,0,0,0,0,0,8,0,0,0,0,0	186	149	1
11265	0,1924,0,0,0	0,26,0,0,0	0,0,0,0,569,0,0,0,0,0,990,0,0,0,10,71	0,0,0,0,17,0,0,0,0,0,13,0,0,0,1,0	321	149	1
11266	0,1777,0,0,0	0,42,0,0,0	0,0,0,0,446,0,0,0,0,0,885,0,0,0,4,48	0,0,0,0,27,0,0,0,0,0,13,0,0,0,0,0	154	149	1
11268	0,4,0,0,0	0,0,0,0,0	0,0,0,0,94,0,0,0,2,2,170,0,0,0,204,38	0,0,0,0,0,0,0,0,0,0,1,0,0,0,0,7	242	149	1
11270	0,128,0,0,0	0,13,0,0,0	0,0,0,0,522,0,0,0,4,2,594,0,0,0,230,30	0,0,0,0,0,0,0,0,0,0,4,0,0,0,3,0	314	149	1
11271	0,0,0,0,0	0,151,0,0,0	0,0,0,0,0,0,0,0,0,0,7,0,0,0,0,0	0,0,0,0,109,0,0,0,0,0,113,0,0,0,2,7	239	149	1
11272	0,137,0,0,0	0,2,0,0,0	0,0,0,0,143,0,0,0,0,0,216,0,0,0,10,6	0,0,0,0,0,0,0,0,0,0,6,0,0,0,0,0	200	149	1
11274	0,7,0,0,0	0,857,0,0,0	0,0,0,0,14,0,0,0,0,0,24,0,0,0,3,0	0,0,0,0,836,0,0,0,0,0,1185,0,0,0,132,92	170	149	1
11278	0,0,0,0,0	0,27,0,0,0	0,0,0,0,0,0,0,0,0,0,3,0,0,0,0,0	0,0,0,0,122,0,0,0,0,0,152,0,0,0,9,7	217	149	1
11279	0,0,0,0,0	0,69,0,0,0	0,0,0,0,5,0,0,0,0,0,2,0,0,0,0,0	0,0,0,0,273,0,0,0,0,0,194,0,0,0,23,15	190	149	1
11280	0,52,0,0,0	0,5,0,0,0	0,0,0,0,119,0,0,0,0,2,342,0,0,0,48,52	0,0,0,0,16,0,0,0,0,0,34,0,0,0,7,4	152	149	1
11281	0,45,0,0,0	0,4,0,0,0	0,0,0,0,401,0,0,0,0,0,549,0,0,0,64,90	0,0,0,0,42,0,0,0,0,0,34,0,0,0,4,9	152	149	1
11282	0,962,0,0,2	0,15,0,0,0	0,0,0,0,1524,0,0,0,0,0,1374,0,0,0,718,43	0,0,0,0,0,0,0,0,0,0,16,0,0,0,6,0	152	149	1
11283	0,452,0,0,0	0,0,0,0,0	0,0,0,0,560,0,0,0,0,0,1110,0,0,0,320,158	0,0,0,0,8,0,0,0,0,0,0,0,0,0,0,0	453	149	1
11284	0,14,0,0,0	0,35,0,0,0	0,0,0,0,6,0,2,0,0,0,1,0,0,0,32,3	0,0,0,0,170,0,0,0,0,0,141,0,0,0,74,45	350	149	1
11285	0,0,0,0,0	0,1,0,0,0	0,0,0,0,0,0,0,0,0,0,9,0,0,0,0,0	0,0,0,0,0,0,0,0,0,0,0,0,0,0,2,0	186	149	1
11286	0,2,0,0,0	0,15,0,0,0	0,0,0,0,17,0,0,0,0,0,42,0,0,0,0,3	0,0,0,0,133,0,0,0,0,0,101,0,0,0,3,0	186	149	1
11288	0,7,0,0,0	0,0,0,0,0	0,0,0,0,64,0,0,0,0,0,61,0,0,0,0,4	0,0,0,0,0,0,0,0,0,0,2,0,0,0,0,0	335	149	1
11290	0,29,0,0,0	0,3,0,0,0	0,0,0,0,23,0,0,0,0,0,17,0,0,0,8,0	0,0,0,0,30,0,0,0,0,0,0,0,0,0,0,0	189	149	1
11292	0,2,0,0,0	0,10,0,0,0	0,0,0,0,70,0,0,0,0,0,164,0,0,0,1,0	0,0,0,0,55,0,0,0,0,0,138,0,0,0,1,1	152	149	1
11295	0,4,0,0,0	0,0,0,0,0	0,0,0,0,75,0,0,0,0,0,95,0,0,0,66,1	0,0,0,0,8,0,0,0,0,0,6,0,0,0,0,0	153	149	1
11296	0,205,2,0,0	0,0,0,0,0	0,0,0,0,885,0,0,2,0,0,165,0,0,0,122,4	0,0,0,0,14,0,0,0,0,0,0,0,0,0,0,0	355	149	1
11297	0,3,0,0,0	0,0,0,0,0	0,0,0,0,28,0,0,0,0,0,5,0,0,0,3,1	0,0,0,0,14,0,0,0,0,0,0,0,0,0,0,1	152	149	1
11298	0,76,0,0,0	0,472,0,0,0	0,0,0,0,137,0,0,0,0,0,20,0,0,0,85,6	0,0,0,0,258,0,0,2,0,0,443,0,0,0,139,54	334	149	1
11300	0,31,0,0,0	0,5,0,0,0	0,0,0,0,93,0,0,0,0,0,134,0,0,0,11,0	0,0,0,0,38,0,0,0,0,0,17,0,0,0,0,0	153	149	1
11301	0,652,2,0,2	0,4,0,0,0	0,0,0,0,73,0,0,0,0,0,528,0,0,0,276,50	0,0,0,0,0,0,0,0,0,0,3,0,0,0,2,0	244	149	1
11302	0,15,0,0,0	0,312,0,0,2	0,0,0,0,0,0,0,0,0,0,11,0,0,0,8,1	0,0,0,0,25,0,0,0,0,0,251,0,0,0,148,22	217	149	1
11303	0,12,0,0,0	0,0,0,0,0	0,0,0,0,74,0,0,0,0,0,76,0,0,0,221,23	0,0,0,0,21,0,0,0,0,0,0,0,0,0,11,0	174	149	1
11304	0,160,0,0,2	0,0,0,0,0	0,0,0,0,145,0,0,0,0,0,784,0,0,0,0,5	0,0,0,0,0,0,0,0,0,0,18,0,0,0,0,0	316	149	1
11305	0,175,0,0,2	0,481,0,0,0	0,0,0,0,163,0,0,0,0,0,812,0,0,0,0,5	0,0,0,0,246,0,0,0,0,0,855,0,0,0,35,11	316	149	1
11306	0,120,0,0,0	0,17,0,0,0	0,0,0,0,64,0,0,0,0,0,130,0,0,0,0,5	0,0,0,0,35,0,0,0,0,0,26,0,0,0,0,0	176	149	1
11307	0,529,0,0,0	0,105,0,0,0	0,0,0,0,259,0,0,0,0,0,965,0,0,0,36,40	0,0,0,0,123,0,0,0,0,0,432,0,0,0,15,7	176	149	1
11308	0,363,2,0,0	0,0,0,0,0	0,0,0,0,922,0,2,4,0,2,1392,0,0,0,1742,60	0,0,0,0,3,0,0,0,0,0,0,0,0,0,6,4	209	149	1
11310	0,5,0,0,0	0,89,2,0,2	0,0,0,0,27,0,0,0,0,0,26,0,0,0,129,12	0,0,0,0,343,0,4,2,0,2,438,0,0,0,966,95	176	149	1
11313	0,2,0,0,0	0,538,0,0,2	0,0,0,0,84,0,0,0,0,0,6,0,0,0,0,2	0,0,0,0,7874,0,0,0,2,4,1268,0,0,0,83,28	249	149	1
11315	0,142,0,0,0	0,394,0,0,0	0,0,0,0,391,0,2,0,0,0,339,0,0,0,203,183	0,0,0,0,595,0,0,0,0,6,6549,0,0,0,500,664	2024	149	1
11316	0,240,0,0,0	0,22,0,0,0	0,0,0,0,503,0,2,0,0,0,1241,0,0,0,369,304	0,0,0,0,34,0,0,0,0,0,362,0,0,0,22,24	2084	149	1
11317	0,492,0,0,0	0,22,0,0,0	0,0,0,0,707,0,0,0,0,6,7451,0,0,0,666,785	0,0,0,0,34,0,0,0,0,0,362,0,0,0,22,24	209	149	1
11319	0,2,0,0,0	0,4,0,0,0	0,0,0,0,0,0,0,0,0,0,5,0,0,0,51,5	0,0,0,0,36,0,0,0,0,0,71,0,0,0,93,1	278	149	1
11320	0,2,0,0,0	0,0,0,0,0	0,0,0,0,0,0,0,0,0,0,18,0,0,0,83,5	0,0,0,0,0,0,0,0,0,0,5,0,0,0,14,0	296	149	1
11321	0,4,0,0,0	0,0,0,0,0	0,0,0,0,1,0,0,0,0,0,39,0,0,0,169,10	0,0,0,0,16,0,0,0,0,0,4,0,0,0,15,0	329	149	1
11322	0,4,0,0,0	0,0,0,0,0	0,0,0,0,36,0,0,0,0,0,84,0,0,0,125,1	0,0,0,0,0,0,0,0,0,0,5,0,0,0,14,0	167	149	1
11323	0,6,0,0,0	0,0,0,0,0	0,0,0,0,37,0,0,0,0,0,105,0,0,0,211,6	0,0,0,0,16,0,0,0,0,0,4,0,0,0,15,0	200	149	1
11324	0,2,0,0,0	0,0,0,0,0	0,0,0,0,1,0,0,0,0,0,26,0,0,0,100,5	0,0,0,0,16,0,0,0,0,0,4,0,0,0,15,0	182	149	1
11325	0,2,0,0,0	0,0,2,0,0	0,0,0,0,29,0,0,0,0,0,5,0,0,0,61,4	0,0,0,0,22,2,0,0,0,0,123,0,0,0,301,11	278	149	1
11326	0,2,0,0,0	0,0,0,0,0	0,0,0,0,29,0,0,0,0,0,18,0,0,0,93,4	0,0,0,0,0,0,0,0,0,0,3,0,0,0,35,7	296	149	1
11327	0,4,0,0,0	0,0,0,0,0	0,0,0,0,30,0,0,0,0,0,39,0,0,0,179,9	0,0,0,0,14,0,0,0,0,0,25,0,0,0,13,1	329	149	1
11328	0,0,2,0,0	0,0,0,0,0	0,0,0,0,22,2,0,0,0,0,136,0,0,0,333,11	0,0,0,0,0,0,0,0,0,0,3,0,0,0,35,7	167	149	1
11329	0,2,2,0,0	0,0,0,0,0	0,0,0,0,23,2,0,0,0,0,157,0,0,0,419,16	0,0,0,0,14,0,0,0,0,0,25,0,0,0,13,1	200	149	1
11330	0,2,0,0,0	0,0,0,0,0	0,0,0,0,1,0,0,0,0,0,24,0,0,0,121,12	0,0,0,0,14,0,0,0,0,0,25,0,0,0,13,1	182	149	1
11337	0,8,2,0,0	0,0,0,0,0	0,0,0,0,74,0,2,0,0,0,79,0,0,0,320,27	0,0,0,0,0,0,0,0,0,0,14,0,0,0,37,0	230	149	1
11338	0,6,2,0,0	0,0,0,0,0	0,0,0,0,161,0,2,0,0,0,166,0,0,0,608,36	0,0,0,0,12,0,0,0,0,0,13,0,0,0,119,8	230	149	1
11339	0,8,0,0,0	0,0,0,0,0	0,0,0,0,130,0,4,4,4,0,240,0,0,0,659,36	0,0,0,0,0,0,0,0,0,0,7,0,0,0,18,0	167	149	1
11340	0,6,0,0,0	0,46,0,0,0	0,0,0,0,18,0,0,0,0,0,1,0,0,0,0,1	0,0,0,0,289,0,0,0,2,0,183,0,0,0,54,13	152	149	1
11342	0,13,0,0,0	0,318,0,0,2	0,0,0,0,0,0,0,0,0,0,2,0,0,0,0,0	0,0,0,0,831,0,0,3,0,0,1049,0,0,0,59,20	171	149	1
11343	0,10,0,0,0	0,20,0,0,0	0,0,0,0,0,0,0,0,0,0,2,0,0,0,10,0	0,0,0,0,74,0,0,0,0,4,217,0,0,0,121,13	329	149	1
11344	0,12,0,0,0	0,0,0,0,0	0,0,0,0,56,0,0,0,0,0,83,0,0,0,38,19	0,0,0,0,0,0,0,0,0,0,0,0,0,0,4,2	154	149	1
11349	0,1,0,0,0	0,0,0,0,0	0,0,0,0,49,0,0,0,0,0,6,0,0,0,12,0	0,0,0,0,0,0,0,0,0,0,0,0,0,0,1,0	313	149	1
11352	0,223,0,0,0	0,18,0,0,0	0,0,0,0,421,0,0,0,2,0,280,0,0,0,8,23	0,0,0,0,11,0,0,0,0,0,19,0,0,0,0,4	210	149	1
11353	0,4,0,0,0	0,11,0,0,0	0,0,0,0,5,0,0,0,0,0,4,0,0,0,6,5	0,0,0,0,72,0,0,0,0,0,64,0,0,0,50,12	307	149	1
11354	0,529,0,0,0	0,12,0,0,0	0,0,0,0,593,2,0,0,0,0,601,0,0,0,217,17	0,0,0,0,17,0,0,0,0,0,49,0,0,0,0,2	178	149	1
11356	0,8996,8,0,10	0,12,0,0,0	0,0,0,0,19866,0,2,8,8,2,12305,0,0,0,8289,1094	0,0,0,0,1,0,0,0,0,0,1,0,0,0,0,0	150	149	1
11357	0,195,0,0,0	0,11447,0,0,4	0,0,0,0,323,0,0,0,0,0,232,0,0,0,205,109	0,0,0,0,18868,0,6,12,0,8,11447,0,0,0,7875,381	197	149	1
11358	0,7364,0,0,2	0,0,0,0,0	0,0,0,0,9085,0,0,2,0,0,5749,0,0,0,5687,606	0,0,0,0,4,0,0,0,0,0,0,0,0,0,0,0	237	149	1
11359	0,11708,0,0,2	0,36,0,0,0	0,0,0,0,18584,0,0,12,0,4,12343,0,0,0,7091,605	0,0,0,0,15,0,0,0,0,0,16,0,0,0,20,9	183	149	1
11360	0,4,0,0,0	0,4,0,0,0	0,0,0,0,0,0,0,0,0,0,1,0,0,0,8,2	0,0,0,0,0,0,0,0,0,0,1,0,0,0,0,0	153	149	1
11362	0,13,0,0,0	0,0,0,0,0	0,0,0,0,322,0,0,0,0,0,3187,0,0,0,429,63	0,0,0,0,7,0,0,0,0,0,1,0,0,0,0,0	238	149	1
11363	0,1,0,0,0	0,0,0,0,0	0,0,0,0,117,0,0,0,0,0,866,0,0,0,109,15	0,0,0,0,0,0,0,0,0,0,1,0,0,0,0,0	192	149	1
11364	0,22,0,0,0	0,0,0,0,0	0,0,0,0,580,0,0,0,0,0,5461,0,0,0,663,154	0,0,0,0,0,0,0,0,0,0,1,0,0,0,0,0	200	149	1
11365	0,1,0,0,0	0,0,0,0,0	0,0,0,0,130,0,0,0,0,0,1066,0,0,0,128,16	0,0,0,0,0,0,0,0,0,0,1,0,0,0,0,0	262	149	1
11366	0,21,0,0,0	0,0,0,0,0	0,0,0,0,463,0,0,0,0,0,4598,0,0,0,555,139	0,0,0,0,0,0,0,0,0,0,3,0,0,0,1,0	157	149	1
11368	0,0,0,0,0	0,21,0,0,0	0,0,0,0,9,0,0,0,0,0,66,0,0,0,0,1	0,0,0,0,459,0,0,0,0,0,4461,0,0,0,535,139	211	149	1
11370	0,11,0,0,0	0,23,0,0,0	0,0,0,0,20,0,0,0,0,0,13,0,0,0,3,0	0,0,0,0,27,0,0,0,0,0,47,0,0,0,3,0	263	149	1
11371	0,13,0,0,0	0,23,0,0,0	0,0,0,0,55,0,0,0,0,0,57,0,0,0,17,0	0,0,0,0,14,0,0,0,0,0,16,0,0,0,22,0	152	149	1
11374	0,6,0,0,0	0,30,0,0,0	0,0,0,0,35,0,0,0,0,0,1,0,0,0,0,0	0,0,0,0,98,0,0,0,0,0,42,0,0,0,7,1	442	149	1
11376	0,166,2,0,0	0,7,0,0,0	0,0,0,0,255,2,0,0,2,0,492,0,0,0,369,8	0,0,0,0,0,0,0,0,0,0,4,0,0,0,10,0	183	149	1
11377	0,19,0,0,0	0,0,0,0,0	0,0,0,0,17,0,0,0,0,0,54,0,0,0,55,6	0,0,0,0,0,0,0,0,0,0,7,0,0,0,0,1	183	149	1
11378	0,0,0,0,0	0,13,0,0,0	0,0,0,0,0,2,0,0,0,0,0,0,0,0,0,0	0,0,0,0,19,2,0,2,2,0,191,0,0,0,527,7	183	149	1
11379	0,0,0,0,0	0,41,0,0,0	0,0,0,0,0,0,0,0,0,0,9,0,0,0,11,0	0,0,0,0,300,0,0,2,0,0,567,0,0,0,629,8	152	149	1
11381	0,1,0,0,0	0,0,0,0,0	0,0,0,0,0,0,0,0,0,0,0,0,0,0,4,3	0,0,0,0,2,0,0,0,0,0,15,0,0,0,40,5	378	149	1
11382	0,0,0,0,0	0,101,0,0,2	0,0,0,0,0,0,0,0,0,0,7,0,0,0,14,0	0,0,0,0,153,0,0,0,0,0,156,0,0,0,331,8	172	149	1
11387	0,4,0,0,0	0,0,0,0,0	0,0,0,0,0,0,0,0,0,0,11,0,0,0,33,5	0,0,0,0,6,0,0,0,0,0,12,0,0,0,31,4	363	149	1
11388	0,0,0,0,0	0,94,0,0,0	0,0,0,0,13,0,0,0,0,0,12,0,0,0,43,4	0,0,0,0,236,0,2,5,0,0,480,0,0,0,657,7	171	149	1
11391	0,72,0,0,2	0,56,1,0,0	0,0,0,0,562,0,0,0,0,0,514,0,0,0,579,6	0,0,0,0,349,0,6,2,0,0,293,0,0,0,224,12	164	149	1
11392	0,6,0,0,0	0,1,0,0,0	0,0,0,0,93,0,0,0,0,0,100,0,0,0,429,3	0,0,0,0,0,0,0,0,0,0,11,0,0,0,23,0	170	149	1
11393	0,0,0,0,0	0,2,0,0,0	0,0,0,0,0,0,0,0,0,0,0,0,0,0,1,0	0,0,0,0,29,0,0,0,0,0,97,0,0,0,0,0	192	149	1
11394	0,9,0,0,0	0,29,0,0,0	0,0,0,0,0,0,0,0,0,0,1,0,0,0,0,2	0,0,0,0,117,0,0,0,0,0,31,0,0,0,4,0	244	149	1
11395	0,8,0,0,0	0,65,0,0,0	0,0,0,0,0,0,0,0,0,0,2,0,0,0,0,6	0,0,0,0,68,0,0,0,2,0,127,0,0,0,18,27	170	149	1
11396	0,12,0,0,0	0,0,0,0,0	0,0,0,0,74,0,0,0,0,0,243,0,0,0,83,30	0,0,0,0,0,0,0,0,0,0,50,0,0,0,6,1	167	149	1
11398	0,26,0,0,0	0,65,0,0,0	0,0,0,0,296,0,0,0,0,0,5,0,0,0,0,1	0,0,0,0,450,0,0,0,0,0,15,0,0,0,0,9	152	149	1
11399	0,23,0,0,0	0,48,0,0,0	0,0,0,0,158,0,0,0,0,0,1,0,0,0,0,0	0,0,0,0,381,0,0,0,0,0,16,0,0,0,0,0	177	149	1
11400	0,1263,16,0,2	0,4,0,0,0	0,0,0,0,2444,8,10,8,0,2,1754,0,0,0,2846,184	0,0,0,0,0,0,0,0,0,0,9,0,0,0,0,0	5682	149	1
11401	0,0,0,0,0	0,18,0,0,2	0,0,0,0,0,0,0,0,0,0,4,0,0,0,0,0	0,0,0,0,107,0,0,0,0,2,141,0,0,0,138,27	172	149	1
11402	0,10,0,0,0	0,0,0,0,0	0,0,0,0,97,0,0,0,0,0,154,0,0,0,188,15	0,0,0,0,0,0,0,0,0,0,2,0,0,0,4,0	155	149	1
11404	0,45,0,0,0	0,0,0,0,0	0,0,0,0,114,2,0,0,0,0,101,0,0,0,275,28	0,0,0,0,0,0,0,0,0,0,3,0,0,0,0,0	284	149	1
11406	0,27,0,0,0	0,0,0,0,0	0,0,0,0,69,0,0,0,0,0,15,0,0,0,63,8	0,0,0,0,0,0,0,0,0,0,4,0,0,0,10,3	152	149	1
11407	0,0,0,0,0	0,8,0,0,0	0,0,0,0,0,0,0,0,0,0,0,0,0,0,4,0	0,0,0,0,14,0,0,0,0,0,8,0,0,0,4,0	224	149	1
11415	0,4,0,0,0	0,0,2,0,0	0,0,0,0,26,0,0,0,0,0,52,0,0,0,129,3	0,0,0,0,10,0,0,0,0,0,28,0,0,0,102,2	215	149	1
11423	0,122,0,0,0	0,3,0,0,0	0,0,0,0,407,0,0,1,0,0,1014,0,0,0,404,36	0,0,0,0,43,0,0,0,0,0,171,0,0,0,79,10	164	149	1
11424	0,13,0,0,0	0,17,0,0,0	0,0,0,0,5,0,0,0,0,0,17,0,0,0,6,5	0,0,0,0,65,0,0,0,0,0,9,0,0,0,20,2	152	149	1
11429	0,4,0,0,0	0,0,0,0,0	0,0,0,0,7,0,0,0,0,0,8,0,0,0,21,1	0,0,0,0,0,0,0,0,0,0,0,0,0,0,0,2	154	149	1
11435	0,23,0,0,0	0,41,0,0,0	0,0,0,0,26,0,0,0,0,0,33,0,0,0,56,0	0,0,0,0,15,2,0,0,0,0,114,0,0,0,229,8	170	149	1
11437	0,7259,0,0,0	0,224,0,0,0	0,0,0,0,1,0,0,2,0,0,88,0,0,0,0,17	0,0,0,0,0,0,0,0,0,0,4,0,0,0,0,1	169	149	1
11438	0,90,0,0,0	0,1007,0,0,10	0,0,0,0,0,0,0,0,0,0,7,0,0,0,0,5	0,0,0,0,1,0,0,0,0,0,58,0,0,0,0,34	174	149	1
11439	0,0,0,0,0	0,3,0,0,0	0,0,0,0,0,0,0,0,0,0,2,0,0,0,7,0	0,0,0,0,86,0,0,0,0,0,51,0,0,0,67,14	167	149	1
11440	0,48,2,0,0	0,0,0,0,0	0,0,0,0,375,2,0,2,0,0,118,0,0,0,152,16	0,0,0,0,0,0,0,0,0,0,0,0,0,0,5,0	153	149	1
11441	0,21,4,0,0	0,20,0,0,0	0,0,0,0,223,0,0,2,0,0,60,0,0,0,157,4	0,0,0,0,106,0,0,0,0,0,24,0,0,0,39,6	152	149	1
11442	0,39,0,0,0	0,203,2,0,0	0,0,0,0,33,0,0,0,0,0,21,0,0,0,96,2	0,0,0,0,525,0,0,0,0,0,733,0,0,0,405,41	535	149	1
11443	0,193,0,0,0	0,0,0,0,0	0,0,0,0,330,0,0,0,0,0,358,0,0,0,272,5	0,0,0,0,2,0,0,0,0,0,0,0,0,0,0,0	580	149	1
11444	0,357,2,0,0	0,0,0,0,0	0,0,0,0,822,0,0,0,0,0,1070,0,0,0,581,44	0,0,0,0,2,0,0,0,0,0,0,0,0,0,0,0	194	149	1
11445	0,30,0,0,0	0,0,0,0,0	0,0,0,0,264,0,0,0,2,0,248,0,0,0,67,23	0,0,0,0,27,0,0,0,0,0,16,0,0,0,5,0	170	149	1
11448	0,5,0,0,0	0,0,0,0,0	0,0,0,0,0,0,0,0,0,0,17,0,0,0,2,0	0,0,0,0,2,0,0,0,0,0,2,0,0,0,0,0	152	149	1
11450	0,34,0,0,0	0,0,0,0,0	0,0,0,0,28,0,0,0,0,0,13,0,0,0,0,0	0,0,0,0,0,0,0,0,0,0,3,0,0,0,0,0	298	149	1
11451	0,53,0,0,0	0,0,0,0,0	0,0,0,0,46,0,0,0,0,0,29,0,0,0,2,2	0,0,0,0,0,0,0,0,0,0,3,0,0,0,0,0	245	149	1
11452	0,74,0,0,0	0,6,0,0,0	0,0,0,0,71,0,0,0,0,0,49,0,0,0,2,2	0,0,0,0,0,0,0,0,0,0,0,0,0,0,0,0	409	149	1
11453	0,13,0,0,0	0,0,0,0,0	0,0,0,0,41,0,0,0,0,0,12,0,0,0,0,0	0,0,0,0,0,0,0,0,0,0,1,0,0,0,0,0	152	149	1
11456	0,0,0,0,0	0,92,0,0,0	0,0,0,0,0,0,0,0,0,0,1,0,0,0,0,0	0,0,0,0,178,2,0,0,0,0,52,0,0,0,96,1	168	149	1
11458	0,121,0,0,0	0,0,0,0,0	0,0,0,0,70,0,0,0,0,0,98,0,0,0,6,1	0,0,0,0,6,0,0,0,0,0,2,0,0,0,1,0	175	149	1
11459	0,22,0,0,0	0,71,0,0,0	0,0,0,0,4,0,0,0,0,0,17,0,0,0,0,1	0,0,0,0,41,0,0,0,0,0,79,0,0,0,0,4	152	149	1
11460	0,458,0,0,0	0,11,0,0,0	0,0,0,0,343,0,0,0,0,0,540,0,0,0,98,18	0,0,0,0,0,0,0,0,0,0,10,0,0,0,12,0	852	149	1
11462	0,13,0,0,0	0,0,0,0,0	0,0,0,0,321,0,0,0,0,0,2,0,0,0,0,1	0,0,0,0,24,0,0,0,0,0,0,0,0,0,0,0	791	149	1
11465	0,0,0,0,0	0,4,4,0,0	0,0,0,0,5,0,0,0,0,0,1,0,0,0,5,1	0,0,0,0,38,0,0,0,0,0,27,0,0,0,17,6	271	149	1
11472	0,5,0,0,0	0,54,13,0,0	0,0,0,0,0,0,0,0,0,0,4,0,0,0,0,1	0,0,0,0,100,0,0,2,6,0,79,0,0,0,213,20	170	149	1
11474	0,2,0,0,0	0,0,0,0,0	0,0,0,0,76,0,0,0,0,0,49,0,0,0,71,12	0,0,0,0,13,0,0,0,0,0,0,0,0,0,0,0	250	149	1
11475	0,1842,50,0,10	0,0,0,0,0	0,0,0,0,12718,26,15,74,4,20,14908,0,0,0,17299,1598	0,0,0,0,0,0,0,0,0,0,0,0,0,0,0,6	206	149	1
11478	0,0,0,0,0	0,0,2,0,0	0,0,0,0,0,0,0,0,0,0,0,0,0,0,0,1	0,0,0,0,0,0,0,2,0,0,1,0,0,0,0,1	152	149	1
11485	0,148,0,0,0	0,2,0,0,0	0,0,0,0,273,0,0,1,0,0,322,0,0,0,65,25	0,0,0,0,0,0,0,0,0,0,0,0,0,0,0,0	158	149	1
11488	0,6,0,0,0	0,28,0,0,0	0,0,0,0,49,0,0,0,0,0,23,0,0,0,0,0	0,0,0,0,92,0,0,0,0,0,42,0,0,0,0,0	152	149	1
11491	0,47,0,0,0	0,0,0,0,0	0,0,0,0,176,0,0,0,0,0,98,0,0,0,104,12	0,0,0,0,10,0,0,0,0,0,1,0,0,0,4,2	196	149	1
11492	0,1,0,0,0	0,14,0,0,0	0,0,0,0,0,0,0,0,0,0,6,0,0,0,0,3	0,0,0,0,52,0,0,0,0,0,10,0,0,0,14,1	183	149	1
11495	0,0,0,0,0	0,16,0,0,0	0,0,0,0,0,0,0,0,0,0,8,0,0,0,0,3	0,0,0,0,98,0,0,0,0,0,82,0,0,0,12,0	183	149	1
11497	0,0,0,0,0	0,2,0,0,0	0,0,0,0,5,2,0,4,0,0,1,0,0,0,812,0	0,0,0,0,0,0,0,0,0,0,0,0,0,0,97,0	167	149	1
11498	0,5,0,0,0	0,115,2,0,0	0,0,0,0,0,0,0,0,0,0,1,0,0,0,0,3	0,0,0,0,322,0,0,0,0,0,541,0,0,0,386,160	161	149	1
11499	0,52,4,0,0	0,0,0,0,0	0,0,0,0,99,0,0,0,0,0,226,0,0,0,173,13	0,0,0,0,14,0,0,0,0,0,17,0,0,0,0,0	203	149	1
11501	0,162,6,0,0	0,0,0,0,0	0,0,0,0,421,0,0,0,0,0,766,0,0,0,559,170	0,0,0,0,14,0,0,0,0,0,17,0,0,0,0,0	191	149	1
11504	0,28,0,0,0	0,23,2,0,0	0,0,0,0,100,0,4,0,0,2,7,0,0,0,150,38	0,0,0,0,88,0,0,0,0,0,177,0,0,0,468,15	1807	149	1
11505	0,56,0,0,0	0,17,0,0,0	0,0,0,0,181,0,0,0,0,0,101,0,0,0,122,1	0,0,0,0,35,0,0,0,0,0,78,0,0,0,36,0	152	149	1
11506	0,9,0,0,0	0,12,0,0,0	0,0,0,0,0,0,0,0,0,0,4,0,0,0,4,0	0,0,0,0,32,0,0,0,0,0,69,0,0,0,39,4	153	149	1
11509	0,24,0,0,0	0,19,0,0,0	0,0,0,0,13,0,0,0,0,0,24,0,0,0,4,2	0,0,0,0,73,0,0,0,0,3,105,0,0,0,31,1	186	149	1
11511	0,313,0,0,0	0,0,0,0,0	0,0,0,0,706,0,0,0,2,0,428,0,0,0,81,18	0,0,0,0,0,0,0,0,0,0,0,0,0,0,4,1	970	149	1
11514	0,55,0,0,0	0,13,0,0,0	0,0,0,0,100,2,2,0,0,0,82,0,0,0,132,36	0,0,0,0,34,0,0,0,0,0,5,0,0,0,5,2	200	149	1
11515	0,3,0,0,0	0,56,0,0,2	0,0,0,0,0,0,0,0,0,0,1,0,0,0,10,1	0,0,0,0,223,0,0,2,2,0,140,0,0,0,141,13	280	149	1
11516	0,50,0,0,0	0,0,0,0,0	0,0,0,0,88,0,0,0,0,0,223,0,0,0,45,4	0,0,0,0,8,0,0,0,0,0,16,0,0,0,0,0	411	149	1
11517	0,9,0,0,0	0,363,0,0,2	0,0,0,0,13,0,0,0,0,0,2,0,0,0,7,0	0,0,0,0,587,0,2,0,0,0,1551,0,0,0,514,3	186	149	1
11518	0,263,0,0,2	0,20,0,0,0	0,0,0,0,413,0,0,0,0,0,1062,0,0,0,367,5	0,0,0,0,29,0,0,0,0,0,22,0,0,0,0,0	154	149	1
11519	0,134,0,0,0	0,577,0,0,0	0,0,0,0,97,0,0,0,0,0,186,0,0,0,35,0	0,0,0,0,595,2,0,2,0,0,1531,0,0,0,469,29	185	149	1
11521	0,111,0,0,0	0,18,0,0,0	0,0,0,0,23,0,0,0,0,0,1,0,0,0,0,24	0,0,0,0,0,0,0,0,0,0,0,0,0,0,0,2	2003	149	1
11522	0,2,0,0,0	0,0,0,0,0	0,0,0,0,92,0,0,0,0,0,70,0,0,0,17,3	0,0,0,0,0,0,0,0,0,0,4,0,0,0,0,0	160	149	1
11523	0,0,0,0,0	0,2,0,0,0	0,0,0,0,0,0,0,0,0,0,34,0,0,0,13,0	0,0,0,0,0,0,0,0,0,0,12,0,0,0,3,0	152	149	1
11524	0,330,0,0,0	0,0,0,0,0	0,0,0,0,508,2,0,0,0,0,518,0,0,0,427,11	0,0,0,0,10,0,0,0,0,0,12,0,0,0,18,2	196	149	1
11525	0,94,0,0,0	0,163,0,0,0	0,0,0,0,179,0,0,0,0,0,30,0,0,0,13,10	0,0,0,0,447,0,0,0,0,0,468,0,0,0,351,56	379	149	1
11526	0,122,0,0,0	0,163,0,0,0	0,0,0,0,157,0,0,0,0,0,26,0,0,0,12,13	0,0,0,0,447,0,0,0,0,0,468,0,0,0,351,56	423	149	1
11527	0,29,0,0,0	0,1,0,0,0	0,0,0,0,12,0,0,0,0,0,8,0,0,0,1,3	0,0,0,0,34,0,0,0,0,0,11,0,0,0,2,0	193	149	1
11528	0,0,0,0,0	0,17,0,0,0	0,0,0,0,0,0,0,0,0,0,3,0,0,0,8,0	0,0,0,0,220,2,0,0,4,4,340,0,0,0,387,20	214	149	1
11529	0,13,0,0,0	0,0,0,0,0	0,0,0,0,139,0,0,0,0,0,206,0,0,0,305,14	0,0,0,0,0,0,0,0,0,0,1,0,0,0,10,0	153	149	1
11530	0,1,0,0,0	0,0,0,0,0	0,0,0,0,61,0,0,0,0,0,65,0,0,0,94,0	0,0,0,0,9,0,0,0,0,0,1,0,0,0,0,1	189	149	1
11531	0,12,0,0,0	0,0,0,0,0	0,0,0,0,166,0,0,3,0,0,285,0,0,0,417,16	0,0,0,0,9,0,0,0,0,0,1,0,0,0,0,1	193	149	1
11535	0,119,16,0,2	0,0,0,0,0	0,0,0,0,97,16,12,6,2,0,437,0,0,0,833,95	0,0,0,0,0,0,0,0,0,0,4,0,0,0,4,0	1538	149	1
11537	0,303,0,0,0	0,2,0,0,0	0,0,0,0,336,0,0,0,0,0,226,0,0,0,17,3	0,0,0,0,0,0,0,0,0,0,0,0,0,0,0,0	248	149	1
11538	0,309,0,0,0	0,3,0,0,0	0,0,0,0,310,0,0,0,0,0,190,0,0,0,17,5	0,0,0,0,0,0,0,0,0,0,5,0,0,0,0,0	248	149	1
11539	0,39,0,0,0	0,2,0,0,0	0,0,0,0,86,0,0,0,0,0,56,0,0,0,3,3	0,0,0,0,6,0,0,0,0,0,5,0,0,0,0,0	152	149	1
11541	0,2,0,0,0	0,15,0,0,0	0,0,0,0,0,0,0,0,0,0,4,0,0,0,28,0	0,0,0,0,48,0,0,0,0,0,53,0,0,0,89,6	237	149	1
11543	0,132,0,0,0	0,0,0,0,0	0,0,0,0,641,0,0,2,0,0,308,0,0,0,315,44	0,0,0,0,0,0,0,0,0,0,0,0,0,0,4,0	153	149	1
11547	0,43,0,0,0	0,4,0,0,0	0,0,0,0,0,0,0,0,0,0,1,0,0,0,0,0	0,0,0,0,0,0,0,0,0,0,7,0,0,0,0,2	152	149	1
11555	0,24,2,0,0	0,0,0,0,0	0,0,0,0,210,0,0,0,0,0,86,0,0,0,261,42	0,0,0,0,0,0,0,0,0,0,1,0,0,0,0,1	440	149	1
11556	0,47,0,0,0	0,0,0,0,0	0,0,0,0,196,0,0,0,0,0,106,0,0,0,172,4	0,0,0,0,0,0,0,0,0,0,0,0,0,0,0,1	273	149	1
11557	0,2,0,0,0	0,2,0,0,0	0,0,0,0,164,0,0,0,0,2,57,0,0,0,208,26	0,0,0,0,33,0,0,0,0,0,16,0,0,0,8,8	257	149	1
11559	0,2036,0,0,2	0,0,0,0,0	0,0,0,0,4255,0,0,0,0,0,4378,0,0,0,2387,22	0,0,0,0,0,0,0,0,0,0,0,0,0,0,4,0	414	149	1
11561	0,0,0,0,0	0,100,0,0,0	0,0,0,0,16,0,0,0,0,0,3,0,0,0,0,2	0,0,0,0,155,0,0,0,0,0,52,0,0,0,74,23	171	149	1
11563	0,20,0,0,0	0,19,2,0,2	0,0,0,0,193,0,0,0,0,0,196,0,0,0,105,6	0,0,0,0,18,0,0,0,0,0,107,0,0,0,49,0	152	149	1
11564	0,5,0,0,2	0,1,0,0,0	0,0,0,0,25,0,0,0,0,0,24,0,0,0,21,0	0,0,0,0,10,0,0,0,0,0,20,0,0,0,65,3	152	149	1
11569	0,2,0,0,0	0,4,0,0,0	0,0,0,0,19,0,0,0,0,0,33,0,0,0,27,3	0,0,0,0,0,0,0,0,0,0,18,0,0,0,6,2	167	149	1
11570	0,0,0,0,0	0,114,4,0,2	0,0,0,0,0,0,0,0,0,2,8,0,0,0,8,0	0,0,0,0,1428,12,4,5,0,0,1744,0,0,0,5469,236	161	149	1
11571	0,63,6,0,6	0,0,0,0,0	0,0,0,0,1186,18,4,7,0,8,1314,0,0,0,5072,164	0,0,0,0,0,0,0,0,0,0,0,0,0,0,8,0	2110	149	1
11572	0,130,6,0,4	0,0,0,0,0	0,0,0,0,1479,4,2,1,0,0,1986,0,0,0,2775,229	0,0,0,0,0,0,0,0,0,0,6,0,0,0,14,0	161	149	1
11575	0,0,0,0,0	0,160,0,0,6	0,0,0,0,20,0,0,0,0,0,21,0,0,0,230,4	0,0,0,0,2632,2,0,4,0,0,3011,0,0,0,1414,287	1132	149	1
11576	0,10,0,0,0	0,1,0,0,0	0,0,0,0,33,0,0,0,2,0,22,0,0,0,6,1	0,0,0,0,0,0,0,0,0,0,15,0,0,0,32,0	289	149	1
11579	0,3,0,0,0	0,18,0,0,0	0,0,0,0,0,0,0,0,0,0,0,0,0,0,0,3	0,0,0,0,15,0,0,0,0,0,4,0,0,0,0,1	166	149	1
11580	0,127,0,0,0	0,0,0,0,0	0,0,0,0,791,0,0,0,4,0,96,0,0,0,207,4	0,0,0,0,69,0,0,0,0,0,8,0,0,0,13,0	235	149	1
11582	0,1,0,0,0	0,44,0,0,0	0,0,0,0,0,0,0,0,0,0,7,0,0,0,0,1	0,0,0,0,36,0,0,0,0,0,288,0,0,0,83,11	166	149	1
11589	0,8004,20,0,14	0,0,0,0,0	0,0,0,0,12162,18,4,32,10,8,7551,0,0,0,10147,3187	0,0,0,0,0,0,0,0,0,0,0,0,0,0,6,0	183	149	1
11590	0,5880,6,0,14	0,63,0,0,2	0,0,0,0,12254,10,0,22,14,6,7645,0,0,0,9699,3917	0,0,0,0,101,0,2,2,0,0,46,0,0,0,141,12	161	149	1
11591	0,576,4,0,0	0,63,0,0,2	0,0,0,0,1249,0,0,0,4,0,757,0,0,0,985,937	0,0,0,0,101,0,2,2,0,0,46,0,0,0,141,12	177	149	1
11592	0,43,0,0,0	0,5347,2,0,14	0,0,0,0,104,0,0,0,0,0,55,0,0,0,34,43	0,0,0,0,11109,10,0,22,10,6,6943,0,0,0,8748,3023	165	149	1
11594	0,138,0,0,0	0,2821,0,0,8	0,0,0,0,424,0,0,3,0,0,243,0,0,0,199,47	0,0,0,0,5935,0,0,5,8,0,4019,0,0,0,4495,570	175	149	1
11595	0,42,0,0,0	0,2821,0,0,8	0,0,0,0,154,0,0,2,0,0,68,0,0,0,69,8	0,0,0,0,5935,0,0,5,8,0,4019,0,0,0,4495,570	198	149	1
11601	0,2,0,0,0	0,17,0,0,0	0,0,0,0,9,0,0,0,0,0,2,0,0,0,2,2	0,0,0,0,187,0,0,0,0,2,78,0,0,0,20,13	239	149	1
11602	0,345,0,0,0	0,1,0,0,0	0,0,0,0,980,0,0,0,0,0,430,0,0,0,24,16	0,0,0,0,15,0,0,0,0,0,4,0,0,0,0,0	1112	149	1
11604	0,2,0,0,0	0,1,0,0,0	0,0,0,0,0,0,0,0,0,0,0,0,0,0,0,0	0,0,0,0,7,0,0,0,0,0,0,0,0,0,0,0	151	149	1
11605	0,31,0,0,0	0,0,0,0,0	0,0,0,0,143,0,0,0,0,0,101,0,0,0,169,18	0,0,0,0,0,0,0,0,0,0,0,0,0,0,0,1	155	149	1
11607	0,10,0,0,0	0,0,0,0,0	0,0,0,0,45,0,0,0,0,0,32,0,0,0,42,0	0,0,0,0,0,0,0,0,0,0,0,0,0,0,8,0	243	149	1
11610	0,7,0,0,0	0,38,0,0,0	0,0,0,0,11,0,0,0,0,0,10,0,0,0,0,0	0,0,0,0,15,0,0,0,0,0,229,0,0,0,17,6	185	149	1
11611	0,84,0,0,0	0,10,0,0,0	0,0,0,0,121,0,0,0,0,0,339,0,0,0,8,10	0,0,0,0,0,0,0,0,0,0,8,0,0,0,0,1	381	149	1
11612	0,115,0,0,0	0,10,0,0,0	0,0,0,0,125,0,0,0,0,0,558,0,0,0,25,16	0,0,0,0,0,0,0,0,0,0,8,0,0,0,0,1	345	149	1
11613	0,4,0,0,0	0,0,0,0,0	0,0,0,0,60,6,0,0,0,2,69,0,0,0,304,22	0,0,0,0,0,0,0,0,0,0,4,0,0,0,0,0	3744	149	1
11614	0,985,0,0,0	0,0,0,0,0	0,0,0,0,797,0,0,0,0,0,1305,0,0,0,148,189	0,0,0,0,0,0,0,0,0,0,1,0,0,0,0,0	185	149	1
11615	0,389,0,0,4	0,5,0,0,0	0,0,0,0,558,0,0,0,0,0,600,0,0,0,50,49	0,0,0,0,67,0,0,0,0,0,113,0,0,0,3,3	330	149	1
11618	0,14,0,0,0	0,0,0,0,0	0,0,0,0,36,0,0,0,0,0,38,0,0,0,72,0	0,0,0,0,0,0,0,0,0,0,2,0,0,0,0,0	168	149	1
11621	0,2,0,0,0	0,0,0,0,0	0,0,0,0,0,0,0,0,0,0,0,0,0,0,0,2	0,0,0,0,26,0,0,0,0,0,26,0,0,0,27,5	210	149	1
11622	0,3,0,0,0	0,0,0,0,0	0,0,0,0,64,0,0,0,0,0,78,0,0,0,142,9	0,0,0,0,0,0,0,0,0,0,0,0,0,0,12,0	265	149	1
11624	0,68,0,0,6	0,94,0,0,0	0,0,0,0,0,0,0,2,0,0,109,0,0,0,233,11	0,0,0,0,0,0,0,0,0,0,108,0,0,0,238,3	173	149	1
11625	0,5379,16,0,6	0,0,0,0,0	0,0,0,0,522,4,4,3,2,2,3338,0,0,0,1166,350	0,0,0,0,10,0,0,0,0,0,0,0,0,0,0,0	1404	149	1
11629	0,2256,2,0,0	0,169,0,0,0	0,0,0,0,9551,0,0,0,0,0,2749,0,0,0,533,9	0,0,0,0,634,0,0,0,0,0,118,0,0,0,26,4	483	149	1
11630	0,40,0,0,0	0,21,0,0,0	0,0,0,0,161,0,0,0,0,0,3,0,0,0,3,3	0,0,0,0,35,0,2,0,0,0,0,0,0,0,0,0	152	149	1
11635	0,9,0,0,0	0,0,0,0,0	0,0,0,0,195,0,0,0,0,2,79,0,0,0,88,30	0,0,0,0,15,0,0,0,0,0,0,0,0,0,0,0	203	149	1
11636	0,0,0,0,0	0,11,0,0,0	0,0,0,0,0,0,0,0,0,0,14,0,0,0,5,0	0,0,0,0,22,0,0,0,0,0,29,0,0,0,7,1	154	149	1
11638	0,1,0,0,0	0,0,0,0,0	0,0,0,0,0,0,0,0,0,0,2,0,0,0,7,29	0,0,0,0,0,0,0,0,0,0,0,0,0,0,0,1	249	149	1
11639	0,1,0,0,0	0,0,0,0,0	0,0,0,0,0,0,0,0,0,0,2,0,0,0,7,28	0,0,0,0,0,0,0,0,0,0,2,0,0,0,0,0	249	149	1
11640	0,5,0,0,0	0,0,0,0,0	0,0,0,0,0,0,0,0,0,0,4,0,0,0,2,3	0,0,0,0,0,0,0,0,0,0,6,0,0,0,0,0	187	149	1
11643	0,28,0,0,0	0,3,0,0,0	0,0,0,0,117,2,0,0,0,0,168,0,0,0,184,24	0,0,0,0,21,0,0,0,0,0,43,0,0,0,135,6	152	149	1
11644	0,19,0,0,0	0,7,0,0,0	0,0,0,0,138,2,0,0,0,0,92,0,0,0,127,7	0,0,0,0,163,0,0,1,0,0,138,0,0,0,302,10	182	149	1
11645	0,5,0,0,0	0,7,0,0,0	0,0,0,0,5,0,0,0,0,0,16,0,0,0,29,2	0,0,0,0,163,0,0,1,0,0,138,0,0,0,302,10	218	149	1
11646	0,0,0,0,0	0,14,0,0,0	0,0,0,0,5,0,0,0,0,0,9,0,0,0,0,0	0,0,0,0,138,2,0,0,0,0,85,0,0,0,98,5	185	149	1
11648	0,52,0,0,0	0,245,0,0,0	0,0,0,0,30,0,0,0,0,0,0,0,0,0,0,2	0,0,0,0,15,0,0,0,0,0,0,0,0,0,0,6	259	149	1
11649	0,46,2,0,0	0,1,0,0,0	0,0,0,0,275,0,2,0,0,0,81,0,0,0,242,56	0,0,0,0,0,0,0,0,0,0,0,0,0,0,0,0	387	149	1
11651	0,1795,14,0,8	0,1,0,0,0	0,0,0,0,103,0,0,4,0,4,870,0,0,0,3402,93	0,0,0,0,0,0,0,0,0,0,27,0,0,0,54,1	1148	149	1
11658	0,4,0,0,0	0,0,0,0,0	0,0,0,0,149,0,0,0,0,0,112,0,0,0,60,1	0,0,0,0,6,0,0,0,0,0,56,0,0,0,36,19	308	149	1
11661	0,3010,0,0,0	0,0,0,0,0	0,0,0,0,5710,0,0,4,2,0,9025,0,0,0,39,337	0,0,0,0,0,0,0,0,0,0,6,0,0,0,0,0	217	149	1
11663	0,273,4,0,0	0,0,0,0,0	0,0,0,0,760,5,2,2,0,0,623,0,0,0,596,176	0,0,0,0,0,0,0,0,0,0,0,0,0,0,4,0	578	149	1
11664	0,0,0,0,0	0,4,4,0,0	0,0,0,0,22,0,0,0,0,0,0,0,0,0,0,0	0,0,0,0,11,0,0,0,0,0,28,0,0,0,36,7	171	149	1
11666	0,4,0,0,0	0,160,0,0,0	0,0,0,0,0,0,0,0,0,0,0,0,0,0,0,2	0,0,0,0,188,0,0,0,0,2,386,0,0,0,161,11	194	149	1
11667	0,79,0,0,0	0,6,0,0,0	0,0,0,0,264,0,0,2,0,0,373,0,0,0,132,22	0,0,0,0,72,0,0,0,0,0,22,0,0,0,27,1	181	149	1
11668	0,4170,14,0,8	0,0,0,0,0	0,0,0,0,4854,4,4,26,0,8,2342,0,0,0,4405,425	0,0,0,0,0,0,0,0,0,0,1,0,0,0,0,0	2911	149	1
11669	0,4170,14,0,8	0,5222,14,0,18	0,0,0,0,4854,4,4,26,0,8,2342,0,0,0,4406,425	0,0,0,0,5475,10,2,9,6,4,3741,0,0,0,3803,362	2914	149	1
11670	0,0,0,0,0	0,5222,14,0,18	0,0,0,0,0,0,0,0,0,0,1,0,0,0,1,0	0,0,0,0,5475,10,2,9,6,4,3741,0,0,0,3803,362	152	149	1
11672	0,50,0,0,0	0,79,0,0,0	0,0,0,0,81,0,0,0,0,0,37,0,0,0,20,3	0,0,0,0,47,0,0,0,0,0,34,0,0,0,68,26	280	149	1
11674	0,0,0,0,0	0,6,0,0,0	0,0,0,0,0,0,2,0,0,0,2,0,0,0,0,0	0,0,0,0,0,0,0,0,0,0,15,0,0,0,0,0	186	149	1
11691	0,0,0,0,0	0,13,0,0,0	0,0,0,0,0,0,0,0,0,0,0,0,0,0,32,0	0,0,0,0,67,0,0,0,0,0,77,0,0,0,59,4	166	149	1
11697	0,0,0,0,0	0,5,0,0,0	0,0,0,0,0,0,0,0,0,0,3,0,0,0,0,0	0,0,0,0,39,0,0,0,0,0,34,0,0,0,55,0	167	149	1
11701	0,6,0,0,0	0,29,0,0,2	0,0,0,0,0,0,0,0,0,0,0,0,0,0,12,0	0,0,0,0,36,0,0,0,0,0,214,0,0,0,142,18	281	149	1
11704	0,32,0,0,0	0,0,0,0,0	0,0,0,0,337,2,0,2,0,0,689,0,0,0,973,63	0,0,0,0,23,0,0,0,0,0,36,0,0,0,42,1	164	149	1
11705	0,33,0,0,0	0,0,0,0,0	0,0,0,0,109,0,0,0,0,0,316,0,0,0,287,25	0,0,0,0,0,0,0,0,0,0,3,0,0,0,0,0	228	149	1
11709	0,21,0,0,0	0,264,0,0,0	0,0,0,0,15,0,0,0,0,0,53,0,0,0,0,2	0,0,0,0,368,0,0,2,0,0,941,0,0,0,2,6	169	149	1
11712	0,0,4,0,0	0,0,0,0,0	0,0,0,0,0,2,0,0,0,0,51,0,0,0,371,44	0,0,0,0,0,0,0,0,0,0,0,0,0,0,2,0	3244	149	1
11713	0,8,0,0,0	0,67,0,0,0	0,0,0,0,26,0,0,0,0,0,10,0,0,0,18,2	0,0,0,0,247,0,0,0,0,0,115,0,0,0,173,1	237	149	1
11714	0,15,0,0,0	0,133,0,0,0	0,0,0,0,24,0,0,0,0,0,9,0,0,0,13,3	0,0,0,0,180,0,0,0,0,0,128,0,0,0,152,21	170	149	1
11715	0,68,0,0,0	0,17,0,0,0	0,0,0,0,86,0,0,0,0,0,73,0,0,0,77,6	0,0,0,0,17,0,0,0,0,0,14,0,0,0,0,7	224	149	1
11716	0,186,0,0,0	0,17,0,0,0	0,0,0,0,242,0,0,0,0,0,192,0,0,0,216,24	0,0,0,0,17,0,0,0,0,0,14,0,0,0,0,7	203	149	1
11718	0,27,0,0,0	0,62,0,0,0	0,0,0,0,24,0,0,0,0,0,75,0,0,0,62,16	0,0,0,0,78,0,0,0,0,0,219,0,0,0,175,47	164	149	1
11719	0,50,0,0,0	0,0,0,0,0	0,0,0,0,223,4,0,0,0,0,533,0,0,0,478,136	0,0,0,0,0,0,0,0,0,0,2,0,0,0,0,0	233	149	1
11720	0,350,0,0,2	0,3,0,0,0	0,0,0,0,398,0,0,0,0,0,539,0,0,0,20,128	0,0,0,0,3,0,0,0,0,0,37,0,0,0,2,8	174	149	1
11721	0,776,0,0,0	0,21,0,0,0	0,0,0,0,1600,0,0,0,0,2,2609,0,0,0,11,52	0,0,0,0,2,0,0,0,0,0,8,0,0,0,0,0	225	149	1
11722	0,37,0,0,0	0,506,0,0,0	0,0,0,0,57,0,0,0,0,0,111,0,0,0,0,3	0,0,0,0,1654,0,0,2,0,0,2013,0,0,0,81,58	233	149	1
11723	0,141,0,0,0	0,40,0,0,0	0,0,0,0,619,0,0,0,4,0,853,0,0,0,102,22	0,0,0,0,305,0,0,0,0,0,290,0,0,0,73,5	217	149	1
11727	0,19,0,0,0	0,100,0,0,0	0,0,0,0,7,0,0,0,0,0,5,0,0,0,0,0	0,0,0,0,57,0,0,0,0,0,9,0,0,0,0,5	152	149	1
11728	0,40,0,0,0	0,6,0,0,0	0,0,0,0,7,0,0,0,0,0,6,0,0,0,0,0	0,0,0,0,0,0,0,0,0,0,1,0,0,0,0,0	156	149	1
11729	0,121,0,0,0	0,6,0,0,0	0,0,0,0,57,0,0,0,0,0,10,0,0,0,0,5	0,0,0,0,0,0,0,0,0,0,1,0,0,0,0,0	153	149	1
11733	0,28,0,0,0	0,0,0,0,0	0,0,0,0,65,0,0,0,0,0,140,0,0,0,55,6	0,0,0,0,0,0,0,0,0,0,12,0,0,0,4,0	181	149	1
11741	0,4,0,0,0	0,0,0,0,0	0,0,0,0,60,0,0,0,0,2,93,0,0,0,183,51	0,0,0,0,0,0,0,0,0,0,2,0,0,0,2,4	1291	149	1
11742	0,0,0,0,0	0,12,0,0,0	0,0,0,0,0,0,0,0,0,0,3,0,0,0,30,5	0,0,0,0,104,0,0,0,2,0,89,0,0,0,75,8	152	149	1
11745	0,0,0,0,0	0,14,0,0,0	0,0,0,0,19,0,0,0,0,0,1,0,0,0,18,0	0,0,0,0,84,0,0,0,0,0,108,0,0,0,285,13	178	149	1
11747	0,0,0,0,0	0,19,2,0,0	0,0,0,0,0,0,0,0,0,0,4,0,0,0,1,4	0,0,0,0,75,2,0,0,0,2,161,0,0,0,217,39	163	149	1
11753	0,0,0,0,0	0,6,0,0,0	0,0,0,0,0,0,0,0,0,0,6,0,0,0,7,0	0,0,0,0,109,0,0,1,0,0,134,0,0,0,96,17	175	149	1
11754	0,4,0,0,0	0,2,0,0,0	0,0,0,0,89,0,0,0,0,0,216,0,0,0,216,21	0,0,0,0,0,0,0,0,0,0,0,0,0,0,0,1	178	149	1
11755	0,19,0,0,0	0,0,0,0,0	0,0,0,0,352,0,0,0,2,2,225,0,0,0,262,35	0,0,0,0,0,0,0,0,0,0,0,0,0,0,2,0	229	149	1
11760	0,0,0,0,0	0,27,0,0,0	0,0,0,0,0,0,0,0,0,0,0,0,0,0,6,0	0,0,0,0,99,0,0,1,0,0,243,0,0,0,134,25	188	149	1
11762	0,0,0,0,0	0,26,0,0,0	0,0,0,0,0,0,0,0,0,0,4,0,0,0,0,0	0,0,0,0,143,0,0,2,0,0,260,0,0,0,206,25	169	149	1
11767	0,173,0,0,0	0,0,0,0,0	0,0,0,0,250,0,0,0,0,0,413,0,0,0,126,23	0,0,0,0,0,0,0,0,0,0,3,0,0,0,0,0	246	149	1
11769	0,78,0,0,0	0,0,0,0,0	0,0,0,0,107,0,0,0,0,0,165,0,0,0,41,12	0,0,0,0,0,0,0,0,0,0,3,0,0,0,0,0	234	149	1
11770	0,4,0,0,0	0,0,0,0,0	0,0,0,0,22,0,0,0,0,0,21,0,0,0,0,0	0,0,0,0,0,0,0,0,0,0,3,0,0,0,0,0	162	149	1
11772	0,160,0,0,0	0,0,0,0,0	0,0,0,0,186,0,0,0,0,0,393,0,0,0,67,18	0,0,0,0,0,0,0,0,0,0,3,0,0,0,0,0	217	149	1
11774	0,61,0,0,0	0,0,0,0,0	0,0,0,0,71,0,0,0,0,0,116,0,0,0,12,4	0,0,0,0,0,0,0,0,0,0,3,0,0,0,0,0	213	149	1
11777	0,42,0,0,0	0,0,0,0,0	0,0,0,0,117,0,0,0,0,0,30,0,0,0,36,2	0,0,0,0,12,0,0,0,0,0,5,0,0,0,0,0	840	149	1
11778	0,0,0,0,0	0,5,0,0,0	0,0,0,0,0,0,0,0,0,0,1,0,0,0,10,0	0,0,0,0,17,0,0,17,0,0,118,0,0,0,826,2	152	149	1
11780	0,645,0,0,0	0,133,0,0,0	0,0,0,0,370,0,0,0,0,0,179,0,0,0,224,64	0,0,0,0,43,0,0,0,0,0,39,0,0,0,86,2	163	149	1
11781	0,202,0,0,0	0,133,0,0,0	0,0,0,0,76,0,0,0,0,0,31,0,0,0,92,36	0,0,0,0,43,0,0,0,0,0,39,0,0,0,86,2	267	149	1
11782	0,255,0,0,0	0,133,0,0,0	0,0,0,0,94,0,0,0,0,0,40,0,0,0,122,50	0,0,0,0,43,0,0,0,0,0,39,0,0,0,86,2	320	149	1
11783	0,162,0,0,0	0,605,0,0,0	0,0,0,0,55,0,0,0,0,0,20,0,0,0,83,33	0,0,0,0,349,0,0,0,0,0,168,0,0,0,215,61	253	149	1
11784	0,215,0,0,0	0,605,0,0,0	0,0,0,0,73,0,0,0,0,0,29,0,0,0,113,47	0,0,0,0,349,0,0,0,0,0,168,0,0,0,215,61	306	149	1
11788	0,3,0,0,0	0,56,0,0,0	0,0,0,0,0,0,0,0,0,0,2,0,0,0,0,0	0,0,0,0,91,0,0,0,2,0,140,0,0,0,149,80	191	149	1
11791	0,3,0,0,0	0,0,0,0,0	0,0,0,0,11,0,0,0,0,0,5,0,0,0,24,2	0,0,0,0,6,0,0,0,0,0,2,0,0,0,10,0	191	149	1
11792	0,8,0,0,0	0,0,0,0,0	0,0,0,0,19,0,0,0,0,0,3,0,0,0,11,7	0,0,0,0,6,0,0,0,0,0,2,0,0,0,10,0	313	149	1
11793	0,8,0,0,0	0,3,0,0,0	0,0,0,0,13,0,0,0,0,0,2,0,0,0,6,7	0,0,0,0,5,0,0,0,0,0,4,0,0,0,19,2	271	149	1
11795	0,3,0,0,0	0,9,0,0,0	0,0,0,0,19,0,0,0,0,0,1,0,0,0,0,0	0,0,0,0,103,0,0,0,0,0,0,0,0,0,4,3	178	149	1
11796	0,0,0,0,0	0,28,0,0,0	0,0,0,0,0,0,0,0,0,0,13,0,0,0,0,0	0,0,0,0,177,0,0,0,0,0,176,0,0,0,56,15	166	149	1
11799	0,20,2,0,0	0,0,0,0,0	0,0,0,0,160,0,0,0,0,0,221,0,0,0,163,8	0,0,0,0,0,0,0,0,0,0,7,0,0,0,36,0	161	149	1
11801	0,6,0,0,0	0,0,0,0,0	0,0,0,0,10,0,0,0,0,0,102,0,0,0,28,2	0,0,0,0,0,0,0,0,0,0,4,0,0,0,0,0	151	149	1
11803	0,0,0,0,0	0,10,0,0,0	0,0,0,0,0,0,0,0,0,0,2,0,0,0,3,1	0,0,0,0,45,0,0,0,0,0,53,0,0,0,92,7	164	149	1
11804	0,341,0,0,0	0,14,0,0,0	0,0,0,0,155,0,0,0,0,0,306,0,0,0,1,3	0,0,0,0,0,0,0,0,0,0,0,0,0,0,0,0	257	149	1
11807	0,17,0,0,0	0,0,0,0,0	0,0,0,0,82,0,0,0,0,0,25,0,0,0,39,9	0,0,0,0,2,0,0,0,0,0,11,0,0,0,0,0	457	149	1
11808	0,44,0,0,0	0,41,2,0,2	0,0,0,0,66,0,2,0,4,0,147,0,0,0,104,15	0,0,0,0,160,4,0,0,0,0,112,0,0,0,132,24	200	149	1
11812	0,69,0,0,0	0,39,0,0,0	0,0,0,0,49,0,0,0,0,0,31,0,0,0,17,4	0,0,0,0,19,0,0,0,0,0,175,0,0,0,15,8	243	149	1
11813	0,2,0,0,0	0,0,0,0,0	0,0,0,0,1235,0,0,0,0,0,3,0,0,0,6,0	0,0,0,0,86,0,0,0,0,0,0,0,0,0,0,0	152	149	1
11814	0,0,0,0,0	0,7,0,0,0	0,0,0,0,32,0,0,0,0,0,7,0,0,0,8,0	0,0,0,0,116,0,2,0,0,0,157,0,0,0,114,0	152	149	1
11815	0,3,0,0,0	0,0,0,0,0	0,0,0,0,4,0,0,0,0,0,2,0,0,0,1,3	0,0,0,0,29,0,0,0,0,0,0,0,0,0,0,0	298	149	1
11816	0,3,0,0,0	0,0,0,0,0	0,0,0,0,0,0,0,0,0,0,23,0,0,0,39,2	0,0,0,0,0,0,0,0,0,0,1,0,0,0,0,0	162	149	1
11820	0,0,0,0,0	0,6,0,0,0	0,0,0,0,2,0,0,0,0,0,12,0,0,0,4,0	0,0,0,0,0,0,0,0,0,0,19,0,0,0,0,0	267	149	1
11821	0,0,0,0,0	0,6,0,0,0	0,0,0,0,2,0,0,0,0,0,10,0,0,0,4,0	0,0,0,0,0,0,0,0,0,0,19,0,0,0,0,0	256	149	1
11826	0,659,0,0,0	0,4,0,0,0	0,0,0,0,327,0,0,0,0,0,565,0,0,0,27,37	0,0,0,0,0,0,0,0,0,0,0,0,0,0,0,0	154	149	1
11827	0,38,0,0,0	0,2,0,0,0	0,0,0,0,323,0,0,0,0,0,741,0,0,0,43,216	0,0,0,0,0,0,0,0,0,0,0,0,0,0,0,3	226	149	1
11828	0,0,0,0,0	0,9,0,0,0	0,0,0,0,0,0,0,0,0,0,0,0,0,0,4,1	0,0,0,0,20,0,0,0,0,0,14,0,0,0,90,15	165	149	1
11829	0,7,0,0,0	0,0,0,0,0	0,0,0,0,45,0,0,0,0,0,15,0,0,0,72,38	0,0,0,0,0,0,0,0,0,0,0,0,0,0,0,2	154	149	1
11838	0,0,0,0,0	0,7,0,0,0	0,0,0,0,19,0,0,0,0,0,27,0,0,0,71,9	0,0,0,0,28,0,0,3,0,2,44,0,0,0,121,8	212	149	1
11841	0,12,0,0,0	0,0,0,0,0	0,0,0,0,5,0,0,0,0,0,19,0,0,0,4,13	0,0,0,0,0,0,0,0,0,0,17,0,0,0,0,19	152	149	1
11842	0,2,0,0,0	0,0,0,0,0	0,0,0,0,4,0,0,0,0,0,14,0,0,0,0,0	0,0,0,0,0,0,0,0,0,0,17,0,0,0,0,19	167	149	1
11843	0,1,0,0,0	0,11,0,0,0	0,0,0,0,0,0,0,0,0,0,0,0,0,0,0,0	0,0,0,0,1,0,0,0,0,0,5,0,0,0,4,13	164	149	1
11845	0,3,0,0,0	0,77,0,0,0	0,0,0,0,20,0,0,0,0,0,0,0,0,0,5,15	0,0,0,0,839,2,0,2,0,0,1301,0,0,0,522,167	180	149	1
11846	0,58,0,0,0	0,0,0,0,0	0,0,0,0,122,0,0,2,0,0,163,0,0,0,124,41	0,0,0,0,4,0,0,0,0,0,10,0,0,0,0,0	276	149	1
11847	0,22,0,0,0	0,1,0,0,0	0,0,0,0,229,0,0,0,0,0,30,0,0,0,0,5	0,0,0,0,0,0,0,0,0,0,0,0,0,0,0,0	162	149	1
11848	0,338,0,0,0	0,16,0,0,0	0,0,0,0,346,0,0,0,0,0,708,0,0,0,132,8	0,0,0,0,16,0,0,0,0,0,7,0,0,0,0,0	186	149	1
11849	0,7,0,0,0	0,7,0,0,0	0,0,0,0,105,0,0,0,0,0,22,0,0,0,23,5	0,0,0,0,139,0,0,0,0,2,193,0,0,0,182,27	583	149	1
11850	0,277,0,0,0	0,64,0,0,0	0,0,0,0,15,0,0,0,0,0,47,0,0,0,0,2	0,0,0,0,10,0,0,0,0,0,9,0,0,0,0,0	356	149	1
11851	0,659,0,0,0	0,0,0,0,0	0,0,0,0,482,0,0,0,0,0,655,0,0,0,139,54	0,0,0,0,0,0,0,0,0,0,4,0,0,0,5,0	769	149	1
11852	0,0,0,0,0	0,3,0,0,0	0,0,0,0,0,0,0,0,0,0,0,0,0,0,0,2	0,0,0,0,0,0,0,0,0,0,10,0,0,0,0,2	343	149	1
11858	0,32,0,0,0	0,0,0,0,0	0,0,0,0,62,0,0,0,0,0,290,0,0,0,4,31	0,0,0,0,10,0,0,0,0,0,0,0,0,0,0,0	154	149	1
11859	0,10,0,0,0	0,0,0,0,0	0,0,0,0,18,0,0,0,0,0,16,0,0,0,0,0	0,0,0,0,10,0,0,0,0,0,0,0,0,0,0,0	185	149	1
11860	0,13,0,0,0	0,0,0,0,0	0,0,0,0,36,0,0,0,0,0,21,0,0,0,0,2	0,0,0,0,10,0,0,0,0,0,0,0,0,0,0,0	209	149	1
11861	0,9,0,0,0	0,31,0,0,0	0,0,0,0,18,0,0,0,0,0,3,0,0,0,0,0	0,0,0,0,62,0,0,0,0,0,277,0,0,0,4,31	180	149	1
11862	0,12,0,0,0	0,31,0,0,0	0,0,0,0,36,0,0,0,0,0,8,0,0,0,0,2	0,0,0,0,62,0,0,0,0,0,277,0,0,0,4,31	204	149	1
11863	0,5,0,0,0	0,2,0,0,0	0,0,0,0,18,0,0,0,0,0,5,0,0,0,0,2	0,0,0,0,0,0,0,0,0,0,0,0,0,0,0,0	173	149	1
11864	0,7,0,0,0	0,4,0,0,0	0,0,0,0,13,0,0,0,0,0,7,0,0,0,0,2	0,0,0,0,1,0,0,0,0,0,0,0,0,0,0,0	170	149	1
11865	0,17,0,0,0	0,4,0,0,0	0,0,0,0,43,0,0,0,0,0,117,0,0,0,67,11	0,0,0,0,1,0,0,0,0,0,0,0,0,0,0,0	181	149	1
11867	0,2,0,0,0	0,14,0,0,0	0,0,0,0,6,0,0,0,0,0,0,0,0,0,0,6	0,0,0,0,17,0,0,0,0,0,17,0,0,0,0,8	198	149	1
11868	0,9,0,0,0	0,14,0,0,0	0,0,0,0,20,0,0,0,0,0,0,0,0,0,0,5	0,0,0,0,17,0,0,0,0,0,17,0,0,0,0,8	201	149	1
11869	0,7,0,0,0	0,0,0,0,0	0,0,0,0,14,0,0,0,0,0,0,0,0,0,0,0	0,0,0,0,0,0,0,0,0,0,0,0,0,0,0,1	152	149	1
11871	0,50,2,0,0	0,99,0,0,0	0,0,0,0,76,0,0,0,0,0,13,0,0,0,10,7	0,0,0,0,52,0,0,0,0,0,59,0,0,0,29,16	477	149	1
11872	0,0,0,0,0	0,5,0,0,0	0,0,0,0,23,0,0,0,0,0,4,0,0,0,0,0	0,0,0,0,60,0,0,0,0,0,10,0,0,0,28,0	152	149	1
11876	0,0,0,0,0	0,20,0,0,0	0,0,0,0,1,0,0,0,0,0,5,0,0,0,2,0	0,0,0,0,228,0,0,0,0,0,98,0,0,0,33,1	270	149	1
11879	0,985,6,0,2	0,5,0,0,0	0,0,0,0,5777,5,0,10,0,12,3202,0,0,0,2592,278	0,0,0,0,0,0,0,0,0,0,4,0,0,0,0,1	2393	149	1
11883	0,52,0,0,0	0,18,0,0,0	0,0,0,0,93,0,0,0,0,0,18,0,0,0,23,0	0,0,0,0,26,0,0,0,0,0,4,0,0,0,9,0	169	149	1
11884	0,295,0,0,0	0,2673,0,0,0	0,0,0,0,63,0,0,0,0,0,77,0,0,0,63,0	0,0,0,0,1162,0,0,0,0,0,767,0,0,0,483,97	226	149	1
11885	0,146,2,0,2	0,3,0,0,0	0,0,0,0,733,0,0,6,0,0,860,0,0,0,843,41	0,0,0,0,0,0,0,0,0,0,0,0,0,0,0,1	151	149	1
11886	0,61,0,0,0	0,1605,16,0,6	0,0,0,0,15,0,0,0,0,0,0,0,0,0,5,0	0,0,0,0,1710,1,0,2,0,4,1382,0,0,0,1207,27	236	149	1
11887	0,204,6,0,0	0,5,2,0,0	0,0,0,0,334,0,0,2,0,2,234,0,0,0,171,2	0,0,0,0,0,0,0,0,0,0,2,0,0,0,1,0	176	149	1
11888	0,2673,52,0,22	0,5,2,0,0	0,0,0,0,3112,17,10,15,0,8,2243,0,0,0,2414,55	0,0,0,0,0,0,0,0,0,0,2,0,0,0,1,0	251	149	1
11891	0,23,0,0,0	0,2,0,0,0	0,0,0,0,64,0,0,0,0,0,11,0,0,0,92,13	0,0,0,0,12,0,0,0,0,0,0,0,0,0,4,0	495	149	1
11893	0,2400,58,0,8	0,58,4,0,2	0,0,0,0,24,4,2,4,0,4,2,0,0,0,326,3	0,0,0,0,0,6,0,0,0,0,4,0,0,0,0,0	311	149	1
11895	0,463,0,0,0	0,945,4,0,3	0,0,0,0,2131,2,0,0,0,2,588,0,0,0,42,7	0,0,0,0,5609,0,0,0,10,4,1100,0,0,0,70,27	232	149	1
11896	0,274,0,0,0	0,6,0,0,0	0,0,0,0,1291,2,0,0,0,2,327,0,0,0,27,7	0,0,0,0,43,0,0,0,0,0,4,0,0,0,0,0	232	149	1
11897	0,1676,6,0,2	0,6,0,0,0	0,0,0,0,10962,6,3,0,6,4,2239,0,0,0,200,62	0,0,0,0,43,0,0,0,0,0,4,0,0,0,0,0	1492	149	1
11898	0,1419,6,0,2	0,17,0,0,0	0,0,0,0,9844,4,3,0,6,2,1961,0,0,0,173,55	0,0,0,0,173,0,0,0,0,0,49,0,0,0,0,0	1409	149	1
11899	0,220,4,0,0	0,0,0,0,0	0,0,0,0,2889,4,3,0,0,0,300,0,0,0,33,2	0,0,0,0,17,0,0,0,0,0,0,0,0,0,0,0	1409	149	1
11905	0,6,0,0,0	0,0,0,0,0	0,0,0,0,118,0,0,0,0,0,30,0,0,0,4,0	0,0,0,0,25,0,0,0,0,0,8,0,0,0,0,0	173	149	1
11906	0,254,0,0,0	0,5,0,0,0	0,0,0,0,50,0,0,0,0,0,387,0,0,0,81,7	0,0,0,0,0,0,0,0,0,0,0,0,0,0,0,0	150	149	1
11907	0,0,0,0,0	0,23,0,0,0	0,0,0,0,10,0,0,0,0,0,4,0,0,0,23,0	0,0,0,0,45,0,0,0,0,0,83,0,0,0,186,3	187	149	1
11909	0,5,0,0,0	0,0,0,0,0	0,0,0,0,49,0,0,0,6,0,2,0,0,0,10,0	0,0,0,0,0,0,0,0,0,0,0,0,0,0,1,3	519	149	1
11916	0,38,0,0,0	0,0,0,0,0	0,0,0,0,33,0,0,0,0,0,56,0,0,0,53,1	0,0,0,0,0,0,0,0,0,0,0,0,0,0,12,0	381	149	1
11918	0,9,0,0,0	0,1,0,0,0	0,0,0,0,63,0,0,0,0,0,29,0,0,0,10,1	0,0,0,0,13,0,0,0,0,0,3,0,0,0,0,0	152	149	1
11919	0,12,0,0,0	0,4,0,0,0	0,0,0,0,58,0,0,0,0,0,34,0,0,0,0,1	0,0,0,0,86,0,0,0,0,0,48,0,0,0,0,10	153	149	1
11922	0,2097,12,0,4	0,43,0,0,0	0,0,0,0,240,6,0,0,2,2,3182,0,0,0,15432,60	0,0,0,0,0,0,0,0,0,0,151,0,0,0,574,0	201	149	1
11923	0,77,0,0,0	0,268,4,0,6	0,0,0,0,17,2,0,0,0,0,39,0,0,0,178,0	0,0,0,0,113,0,0,1,0,4,2432,0,0,0,8999,26	171	149	1
11924	0,4,0,0,0	0,22,0,0,0	0,0,0,0,0,0,0,0,0,0,8,0,0,0,14,5	0,0,0,0,99,0,0,2,0,0,338,0,0,0,218,25	169	149	1
11925	0,16,0,0,0	0,332,0,0,0	0,0,0,0,115,0,0,0,0,0,27,0,0,0,43,2	0,0,0,0,465,0,2,0,4,0,348,0,0,0,292,62	171	149	1
11926	0,43,0,0,0	0,187,0,0,0	0,0,0,0,64,0,0,0,0,0,113,0,0,0,95,15	0,0,0,0,270,0,0,0,4,0,211,0,0,0,101,32	171	149	1
11927	0,80,0,0,1	0,187,0,0,0	0,0,0,0,111,0,0,0,0,0,93,0,0,0,159,19	0,0,0,0,270,0,0,0,4,0,211,0,0,0,101,32	257	149	1
11928	0,48,0,0,1	0,11,0,0,0	0,0,0,0,82,0,0,0,0,0,41,0,0,0,78,13	0,0,0,0,35,0,0,0,0,0,61,0,0,0,14,9	235	149	1
11929	0,99,0,0,4	0,0,0,0,2	0,0,0,0,416,0,0,0,0,0,273,0,0,0,100,14	0,0,0,0,0,0,0,0,0,0,0,0,0,0,0,0	208	149	1
11931	0,246,0,0,0	0,1208,2,0,0	0,0,0,0,64,0,0,0,0,0,41,0,0,0,30,3	0,0,0,0,275,0,0,2,0,0,589,0,0,0,454,81	177	149	1
11932	0,403,0,0,2	0,1,0,0,0	0,0,0,0,129,0,0,0,0,0,132,0,0,0,65,4	0,0,0,0,0,0,0,0,0,0,0,0,0,0,0,0	207	149	1
11933	0,1365,2,0,2	0,1,0,0,0	0,0,0,0,340,0,0,2,0,0,680,0,0,0,489,82	0,0,0,0,0,0,0,0,0,0,0,0,0,0,0,0	179	149	1
11936	0,0,2,0,0	0,10,0,0,0	0,0,0,0,13,4,0,0,0,0,6,0,0,0,90,13	0,0,0,0,196,0,0,0,0,0,307,0,0,0,36,30	1479	149	1
11940	0,116,0,0,0	0,134,0,0,2	0,0,0,0,197,0,0,0,0,0,144,0,0,0,32,38	0,0,0,0,363,0,0,0,4,0,312,0,0,0,81,33	152	149	1
11941	0,3,0,0,0	0,289,0,0,0	0,0,0,0,5,0,0,0,0,0,6,0,0,0,1,0	0,0,0,0,436,0,0,2,0,0,401,0,0,0,65,20	173	149	1
11942	0,6,0,0,0	0,50,0,0,0	0,0,0,0,15,0,0,0,0,0,9,0,0,0,3,0	0,0,0,0,137,0,0,0,0,0,87,0,0,0,121,44	188	149	1
11943	0,4,0,0,2	0,0,0,0,0	0,0,0,0,28,2,0,0,0,0,63,0,0,0,153,41	0,0,0,0,16,0,0,0,2,0,14,0,0,0,34,24	152	149	1
11945	0,19,0,0,0	0,0,0,0,0	0,0,0,0,47,1,4,0,0,0,85,0,0,0,165,3	0,0,0,0,22,0,0,0,0,0,29,0,0,0,63,3	152	149	1
11946	0,19,2,0,0	0,0,0,0,0	0,0,0,0,238,0,0,2,0,0,131,0,0,0,198,15	0,0,0,0,52,0,0,0,0,0,20,0,0,0,54,2	306	149	1
11949	0,9,2,0,0	0,16,0,0,0	0,0,0,0,17,0,0,0,0,0,29,0,0,0,155,41	0,0,0,0,21,2,0,0,0,0,34,0,0,0,73,23	152	149	1
11950	0,6,0,0,0	0,13,0,0,0	0,0,0,0,56,0,0,4,0,0,51,0,0,0,169,72	0,0,0,0,18,0,0,0,0,2,14,0,0,0,94,21	152	149	1
11952	0,70,0,0,0	0,18,0,0,2	0,0,0,0,191,0,0,0,0,2,188,0,0,0,21,208	0,0,0,0,119,0,0,0,0,0,97,0,0,0,2,41	155	149	1
11954	0,14,0,0,0	0,0,0,0,0	0,0,0,0,144,0,0,2,0,0,256,0,0,0,200,11	0,0,0,0,0,0,0,0,0,0,6,0,0,0,0,0	195	149	1
11956	0,240,0,0,0	0,1,0,0,0	0,0,0,0,197,2,2,2,0,2,351,0,0,0,923,45	0,0,0,0,0,0,0,0,0,0,7,0,0,0,10,0	204	149	1
11957	0,0,0,0,0	0,41,0,0,0	0,0,0,0,14,0,0,0,0,0,0,0,0,0,0,0	0,0,0,0,194,0,0,0,0,0,266,0,0,0,713,31	166	149	1
11961	0,30,0,0,0	0,0,0,0,0	0,0,0,0,63,0,0,0,0,0,12,0,0,0,108,1	0,0,0,0,22,0,0,0,0,0,5,0,0,0,0,0	209	149	1
11962	0,27,0,0,0	0,0,0,0,0	0,0,0,0,67,0,0,0,0,0,14,0,0,0,143,0	0,0,0,0,22,0,0,0,0,0,5,0,0,0,0,0	212	149	1
11963	0,8,0,0,0	0,11,0,0,0	0,0,0,0,4,0,0,0,0,0,4,0,0,0,76,0	0,0,0,0,0,0,0,0,0,0,2,0,0,0,41,1	152	149	1
11964	0,61,0,0,2	0,0,0,0,0	0,0,0,0,167,0,0,0,0,0,25,0,0,0,219,4	0,0,0,0,0,0,0,0,0,0,6,0,0,0,1,0	1839	149	1
11965	0,0,0,0,0	0,5,2,0,0	0,0,0,0,14,0,0,0,0,0,0,0,0,0,7,0	0,0,0,0,28,2,0,0,0,0,61,0,0,0,69,1	168	149	1
11967	0,0,0,0,0	0,2,0,0,0	0,0,0,0,7,0,0,0,0,0,4,0,0,0,0,0	0,0,0,0,31,0,0,0,0,0,41,0,0,0,147,16	225	149	1
11972	0,0,0,0,0	0,6,0,0,0	0,0,0,0,91,0,0,0,0,0,0,0,0,0,9,0	0,0,0,0,328,4,0,0,0,0,2,0,0,0,26,0	1591	149	1
11974	0,35,0,0,0	0,4,0,0,0	0,0,0,0,400,0,0,0,0,2,407,0,0,0,391,136	0,0,0,0,0,0,0,0,0,0,1,0,0,0,0,0	242	149	1
11975	0,2,0,0,0	0,0,0,0,0	0,0,0,0,16,0,0,0,0,0,26,0,0,0,19,2	0,0,0,0,10,0,0,0,0,0,23,0,0,0,9,1	167	149	1
11978	0,14,0,0,0	0,4,0,0,0	0,0,0,0,73,0,0,0,0,0,125,0,0,0,105,7	0,0,0,0,9,0,0,0,0,0,29,0,0,0,39,4	152	149	1
11979	0,0,0,0,0	0,15,0,0,0	0,0,0,0,0,0,0,0,0,0,0,0,0,0,0,2	0,0,0,0,63,0,0,0,0,0,54,0,0,0,21,2	258	149	1
11980	0,3,0,0,0	0,19,0,0,0	0,0,0,0,47,0,0,0,0,0,22,0,0,0,20,6	0,0,0,0,90,0,0,0,0,0,30,0,0,0,25,7	721	149	1
11981	0,0,0,0,0	0,9,0,0,0	0,0,0,0,9,0,0,0,0,0,0,0,0,0,0,3	0,0,0,0,0,0,0,0,0,0,0,0,0,0,5,3	184	149	1
11982	0,1,0,0,0	0,12,0,0,0	0,0,0,0,10,2,0,0,0,0,2,0,0,0,44,2	0,0,0,0,5,0,0,0,0,0,73,0,0,0,368,12	152	149	1
11983	0,45,2,0,0	0,0,0,0,0	0,0,0,0,394,4,2,2,0,0,282,0,0,0,76,10	0,0,0,0,7,0,0,0,0,0,1,0,0,0,0,0	228	149	1
11984	0,321,0,0,0	0,41,0,0,0	0,0,0,0,1255,0,0,0,0,0,114,0,0,0,51,3	0,0,0,0,293,0,0,0,0,0,45,0,0,0,22,7	194	149	1
11985	0,175,0,0,0	0,0,0,0,0	0,0,0,0,284,0,0,0,0,0,96,0,0,0,9,15	0,0,0,0,4,0,0,0,0,0,1,0,0,0,0,3	154	149	1
11986	0,169,0,0,0	0,40,0,0,0	0,0,0,0,695,0,0,0,0,0,64,0,0,0,21,0	0,0,0,0,153,0,0,0,0,0,24,0,0,0,0,4	194	149	1
11987	0,11,0,0,0	0,203,0,0,0	0,0,0,0,125,0,0,0,0,0,18,0,0,0,14,2	0,0,0,0,464,0,0,0,0,0,126,0,0,0,32,17	170	149	1
11988	0,325,0,0,0	0,141,0,0,0	0,0,0,0,88,0,0,2,0,0,222,0,0,0,78,28	0,0,0,0,90,0,6,0,0,0,67,0,0,0,51,8	152	149	1
11989	0,9,0,0,0	0,0,0,0,0	0,0,0,0,12,0,0,0,0,0,7,0,0,0,12,11	0,0,0,0,0,0,0,0,0,0,4,0,0,0,0,0	152	149	1
11991	0,5,0,0,0	0,10,0,0,0	0,0,0,0,12,2,0,0,0,0,20,0,0,0,11,2	0,0,0,0,0,0,0,0,0,0,8,0,0,0,5,0	152	149	1
11992	0,19,0,0,0	0,29,0,0,0	0,0,0,0,33,0,0,0,0,0,6,0,0,0,6,2	0,0,0,0,0,0,0,0,0,0,7,0,0,0,9,1	154	149	1
11993	0,19,0,0,0	0,6,0,0,0	0,0,0,0,122,0,0,0,0,0,208,0,0,0,156,19	0,0,0,0,4,0,0,0,0,0,40,0,0,0,15,0	152	149	1
11994	0,0,0,0,0	0,25,0,0,0	0,0,0,0,0,0,0,0,0,0,4,0,0,0,0,0	0,0,0,0,149,2,0,0,0,0,197,0,0,0,230,31	189	149	1
11995	0,40,0,0,0	0,0,0,0,0	0,0,0,0,210,0,0,0,2,0,79,0,0,0,375,78	0,0,0,0,0,0,0,0,0,0,0,0,0,0,11,0	213	149	1
11996	0,24,2,0,0	0,0,0,0,0	0,0,0,0,407,0,0,0,0,0,93,0,0,0,385,18	0,0,0,0,8,0,0,0,0,0,3,0,0,0,34,0	229	149	1
11997	0,28,0,0,0	0,3,0,0,0	0,0,0,0,75,0,0,0,0,0,49,0,0,0,37,13	0,0,0,0,101,0,0,0,0,0,79,0,0,0,112,4	378	149	1
12001	0,25,0,0,0	0,887,0,0,0	0,0,0,0,35,0,0,0,0,0,9,0,0,0,12,7	0,0,0,0,611,0,0,1,0,0,1750,0,0,0,2198,75	271	149	1
12002	0,6,0,0,0	0,712,0,0,6	0,0,0,0,0,0,0,0,0,0,37,0,0,0,5,3	0,0,0,0,561,0,0,2,2,2,1983,0,0,0,571,109	160	149	1
12003	0,0,0,0,0	0,306,0,0,0	0,0,0,0,0,0,0,0,0,0,21,0,0,0,6,0	0,0,0,0,463,0,0,0,0,0,614,0,0,0,115,51	180	149	1
12004	0,8,0,0,0	0,110,0,0,0	0,0,0,0,0,0,0,0,0,0,5,0,0,0,3,0	0,0,0,0,189,0,0,0,0,0,278,0,0,0,251,26	161	149	1
12022	0,0,0,0,0	0,25,0,0,0	0,0,0,0,16,0,0,0,0,0,7,0,0,0,1,0	0,0,0,0,70,0,0,0,0,0,75,0,0,0,83,18	153	149	1
12023	0,14,0,0,0	0,6,0,0,0	0,0,0,0,40,0,0,0,0,0,27,0,0,0,46,1	0,0,0,0,15,0,0,0,0,0,11,0,0,0,21,0	183	149	1
12024	0,64,0,0,0	0,0,0,0,0	0,0,0,0,51,0,0,0,0,0,91,0,0,0,121,29	0,0,0,0,8,0,0,0,0,0,1,0,0,0,0,0	301	149	1
12025	0,22,0,0,0	0,7,0,0,0	0,0,0,0,58,0,0,2,0,0,70,0,0,0,98,3	0,0,0,0,0,0,0,0,0,0,2,0,0,0,0,0	183	149	1
12026	0,8,0,0,0	0,0,0,0,0	0,0,0,0,17,0,0,0,0,0,5,0,0,0,6,0	0,0,0,0,0,0,0,0,0,0,2,0,0,0,0,0	155	149	1
12028	0,30,0,0,0	0,0,0,0,0	0,0,0,0,97,0,0,0,0,0,82,0,0,0,110,7	0,0,0,0,15,0,0,0,0,0,4,0,0,0,0,0	155	149	1
12029	0,2,0,0,0	0,108,0,0,0	0,0,0,0,10,0,0,0,0,0,2,0,0,0,0,0	0,0,0,0,253,0,0,1,0,0,162,0,0,0,93,20	175	149	1
12031	0,16,0,0,0	0,323,0,0,0	0,0,0,0,48,0,0,0,0,0,7,0,0,0,31,1	0,0,0,0,637,0,0,2,0,0,1119,0,0,0,830,13	246	149	1
12033	0,5,0,0,0	0,165,6,0,0	0,0,0,0,0,0,0,0,0,0,23,0,0,0,42,17	0,0,0,0,1279,0,0,6,4,0,1289,0,0,0,3354,948	239	149	1
12034	0,464,0,0,0	0,11,0,0,0	0,0,0,0,419,0,0,0,0,0,566,0,0,0,26,31	0,0,0,0,0,0,0,0,0,0,2,0,0,0,0,0	153	149	1
12036	0,1,0,0,0	0,42,2,0,0	0,0,0,0,0,0,0,0,0,0,3,0,0,0,17,0	0,0,0,0,250,0,0,4,0,0,191,0,0,0,512,49	180	149	1
12037	0,0,0,0,0	0,87,0,0,2	0,0,0,0,3,0,0,0,0,0,7,0,0,0,3,1	0,0,0,0,438,4,0,2,0,0,327,0,0,0,499,77	310	149	1
12041	0,0,0,0,0	0,1,0,0,0	0,0,0,0,3,0,0,0,0,0,2,0,0,0,0,0	0,0,0,0,53,0,0,0,0,0,59,0,0,0,36,0	177	149	1
12043	0,3505,2,0,4	0,0,0,0,0	0,0,0,0,7832,5,2,2,0,7,5191,0,0,0,5073,412	0,0,0,0,0,0,0,0,0,0,0,0,0,0,2,0	529	149	1
12044	0,32,0,0,0	0,3154,8,0,0	0,0,0,0,40,0,0,0,0,0,26,0,0,0,62,1	0,0,0,0,5615,0,0,2,0,0,4243,0,0,0,3813,297	174	149	1
12045	0,22,0,0,0	0,10,0,0,0	0,0,0,0,34,0,0,2,0,0,24,0,0,0,17,0	0,0,0,0,7,0,0,0,0,0,10,0,0,0,0,4	173	149	1
12046	0,176,2,0,0	0,21,0,0,0	0,0,0,0,430,0,2,2,0,0,106,0,0,0,214,17	0,0,0,0,57,0,0,0,0,0,9,0,0,0,16,2	1569	149	1
12047	0,50,0,0,0	0,3752,9,0,4	0,0,0,0,83,0,0,0,0,0,30,0,0,0,98,3	0,0,0,0,6188,0,0,2,0,2,4187,0,0,0,4452,424	175	149	1
12048	0,198,1,0,0	0,16,0,0,0	0,0,0,0,271,0,4,1,0,0,126,0,0,0,255,4	0,0,0,0,55,0,0,0,0,0,0,0,0,0,12,2	179	149	1
12049	0,3900,10,0,4	0,16,0,0,0	0,0,0,0,6376,0,4,3,0,2,4283,0,0,0,4609,425	0,0,0,0,55,0,0,0,0,0,0,0,0,0,12,2	153	149	1
12050	0,3537,2,0,4	0,0,0,0,0	0,0,0,0,7865,5,2,2,0,7,5209,0,0,0,5126,413	0,0,0,0,0,0,0,0,0,0,15,0,0,0,0,1	554	149	1
12051	0,297,0,0,0	0,0,0,0,0	0,0,0,0,484,0,0,0,2,0,608,0,0,0,241,37	0,0,0,0,0,0,0,0,0,0,3,0,0,0,0,0	3795	149	1
12052	0,8,0,0,0	0,0,0,0,0	0,0,0,0,16,0,0,2,0,0,16,0,0,0,9,0	0,0,0,0,0,0,0,0,0,0,3,0,0,0,0,0	153	149	1
12053	0,256,2,0,0	0,6,0,0,0	0,0,0,0,326,0,0,2,2,0,476,0,0,0,152,44	0,0,0,0,4,0,0,0,0,0,5,0,0,0,0,0	153	149	1
12054	0,668,0,0,0	0,23,0,0,0	0,0,0,0,2317,0,0,0,0,4,2394,0,0,0,325,11	0,0,0,0,120,0,0,0,0,0,9,0,0,0,0,1	245	149	1
12055	0,821,0,0,0	0,8,0,0,0	0,0,0,0,2839,0,0,0,0,4,2769,0,0,0,381,16	0,0,0,0,86,0,0,0,0,0,22,0,0,0,15,1	299	149	1
12056	0,892,0,0,0	0,2,0,0,0	0,0,0,0,3072,0,0,0,0,4,2971,0,0,0,422,51	0,0,0,0,11,0,0,0,0,0,16,0,0,0,18,2	325	149	1
12057	0,1213,0,0,0	0,6,0,0,0	0,0,0,0,4183,0,0,4,0,4,3753,0,0,0,538,80	0,0,0,0,8,0,0,0,0,0,0,0,0,0,8,0	437	149	1
12058	0,176,0,0,0	0,8,0,0,0	0,0,0,0,642,0,0,0,0,0,384,0,0,0,56,6	0,0,0,0,86,0,0,0,0,0,22,0,0,0,15,1	203	149	1
12059	0,247,0,0,0	0,2,0,0,0	0,0,0,0,875,0,0,0,0,0,586,0,0,0,97,41	0,0,0,0,11,0,0,0,0,0,16,0,0,0,18,2	229	149	1
12060	0,568,0,0,0	0,6,0,0,0	0,0,0,0,1986,0,0,4,0,0,1368,0,0,0,213,70	0,0,0,0,8,0,0,0,0,0,0,0,0,0,8,0	341	149	1
12061	0,79,0,0,0	0,2,0,0,0	0,0,0,0,319,0,0,0,0,0,224,0,0,0,56,36	0,0,0,0,11,0,0,0,0,0,16,0,0,0,18,2	175	149	1
12062	0,400,0,0,0	0,6,0,0,0	0,0,0,0,1430,0,0,4,0,0,1006,0,0,0,172,65	0,0,0,0,8,0,0,0,0,0,0,0,0,0,8,0	287	149	1
12063	0,323,0,0,0	0,6,0,0,0	0,0,0,0,1122,0,0,4,0,0,798,0,0,0,134,31	0,0,0,0,8,0,0,0,0,0,0,0,0,0,8,0	261	149	1
12067	0,57,0,0,0	0,0,0,0,0	0,0,0,0,274,0,0,0,0,0,216,0,0,0,211,25	0,0,0,0,0,0,0,0,0,0,3,0,0,0,0,0	170	149	1
12070	0,55,0,0,0	0,3,0,0,0	0,0,0,0,505,0,2,0,0,0,291,0,0,0,262,9	0,0,0,0,0,0,0,0,0,0,1,0,0,0,0,0	152	149	1
12074	0,38,0,0,0	0,275,0,0,4	0,0,0,0,18,0,0,0,0,0,17,0,0,0,30,1	0,0,0,0,133,2,0,0,0,0,117,0,0,0,212,25	196	149	1
12076	0,3,0,0,0	0,0,0,0,0	0,0,0,0,16,0,0,0,0,0,13,0,0,0,6,0	0,0,0,0,0,0,0,0,0,0,2,0,0,0,6,0	152	149	1
12079	0,53,0,0,0	0,0,0,0,0	0,0,0,0,47,0,0,0,0,0,89,0,0,0,25,0	0,0,0,0,0,0,0,0,0,0,8,0,0,0,0,0	152	149	1
12082	0,23,0,0,0	0,353,0,0,0	0,0,0,0,4,0,0,0,0,0,30,0,0,0,0,2	0,0,0,0,457,0,0,0,0,0,816,0,0,0,7,14	173	149	1
12084	0,8,0,0,0	0,23,4,0,0	0,0,0,0,22,0,0,0,0,0,0,0,0,0,0,1	0,0,0,0,186,4,0,0,0,0,280,0,0,0,162,9	343	149	1
12085	0,0,0,0,0	0,18,0,0,2	0,0,0,0,0,0,0,0,0,0,0,0,0,0,7,2	0,0,0,0,87,0,0,4,0,0,59,0,0,0,375,46	177	149	1
12088	0,114,0,0,2	0,37,0,0,0	0,0,0,0,27,0,0,0,0,4,157,0,0,0,200,15	0,0,0,0,0,0,0,0,0,0,0,0,0,0,0,0	237	149	1
12089	0,177,0,0,2	0,28,0,0,0	0,0,0,0,27,0,0,0,0,4,197,0,0,0,207,31	0,0,0,0,0,0,0,0,0,0,57,0,0,0,13,1	296	149	1
12090	0,100,0,0,0	0,28,0,0,0	0,0,0,0,0,0,0,0,0,0,40,0,0,0,7,16	0,0,0,0,0,0,0,0,0,0,57,0,0,0,13,1	208	149	1
12091	0,14,0,0,0	0,13,0,0,0	0,0,0,0,51,0,0,0,0,0,34,0,0,0,12,2	0,0,0,0,39,0,0,0,0,0,31,0,0,0,6,5	237	149	1
12092	0,74,0,0,0	0,0,0,0,0	0,0,0,0,325,0,0,0,0,0,178,0,0,0,11,17	0,0,0,0,0,0,0,0,0,0,6,0,0,0,0,0	637	149	1
12093	0,20,0,0,0	0,0,0,0,0	0,0,0,0,438,0,0,0,0,0,180,0,0,0,11,3	0,0,0,0,0,0,0,0,0,0,1,0,0,0,0,0	218	149	1
12094	0,6,0,0,0	0,0,0,0,0	0,0,0,0,189,0,0,0,0,0,56,0,0,0,25,1	0,0,0,0,50,0,0,0,0,0,1,0,0,0,0,0	178	149	1
12095	0,147,0,0,0	0,94,0,0,0	0,0,0,0,333,0,0,0,0,0,1043,0,0,0,655,18	0,0,0,0,101,2,0,0,0,0,179,0,0,0,124,4	174	149	1
12096	0,0,0,0,0	0,25,0,0,0	0,0,0,0,0,0,0,0,0,0,1,0,0,0,0,0	0,0,0,0,0,0,0,0,0,0,14,0,0,0,3,0	170	149	1
12099	0,59,0,0,0	0,25,0,0,0	0,0,0,0,99,0,0,0,0,0,26,0,0,0,66,32	0,0,0,0,25,0,0,0,0,0,25,0,0,0,28,26	152	149	1
12101	0,22,0,0,0	0,2,0,0,0	0,0,0,0,90,0,0,0,0,0,12,0,0,0,4,1	0,0,0,0,3,0,0,0,0,0,6,0,0,0,0,0	848	149	1
12103	0,151,0,0,0	0,4,0,0,0	0,0,0,0,1040,0,0,0,0,0,74,0,0,0,20,11	0,0,0,0,6,0,0,0,0,0,0,0,0,0,0,0	461	149	1
12106	0,73,0,0,0	0,0,0,0,0	0,0,0,0,131,0,0,2,0,0,264,0,0,0,194,8	0,0,0,0,0,0,0,0,0,0,3,0,0,0,2,0	153	149	1
12107	0,11,0,0,0	0,0,0,0,0	0,0,0,0,38,0,0,0,0,0,93,0,0,0,36,0	0,0,0,0,0,0,0,0,0,0,2,0,0,0,0,0	191	149	1
12116	0,2,0,0,0	0,8,0,0,0	0,0,0,0,0,0,0,0,0,0,5,0,0,0,12,0	0,0,0,0,88,0,0,0,0,0,17,0,0,0,85,4	163	149	1
12119	0,170,0,0,0	0,12,0,0,0	0,0,0,0,376,0,0,0,0,2,367,0,0,0,1068,35	0,0,0,0,19,0,0,0,0,0,22,0,0,0,29,1	184	149	1
12120	0,3,0,0,0	0,0,0,0,0	0,0,0,0,0,0,0,0,0,0,0,0,0,0,1,2	0,0,0,0,18,0,0,0,0,0,0,0,0,0,41,7	225	149	1
12122	0,16,0,0,0	0,1,0,0,0	0,0,0,0,181,0,0,0,0,0,205,0,0,0,99,17	0,0,0,0,0,0,0,0,0,0,14,0,0,0,0,0	323	149	1
12123	0,0,0,0,0	0,2,0,0,0	0,0,0,0,0,0,0,0,0,0,3,0,0,0,0,0	0,0,0,0,26,0,0,0,0,0,29,0,0,0,47,10	167	149	1
12124	0,0,0,0,0	0,1,0,0,0	0,0,0,0,0,0,0,0,0,0,0,0,0,0,7,11	0,0,0,0,46,0,0,0,0,0,12,0,0,0,0,1	312	149	1
12125	0,177,0,0,0	0,0,0,0,0	0,0,0,0,1399,0,0,0,0,2,725,0,0,0,37,12	0,0,0,0,4,0,0,0,0,0,5,0,0,0,0,0	156	149	1
12128	0,319,0,0,0	0,5,0,0,0	0,0,0,0,1581,0,0,0,0,0,351,0,0,0,16,47	0,0,0,0,0,0,0,0,0,0,0,0,0,0,0,0	384	149	1
12130	0,35,0,0,4	0,0,0,0,0	0,0,0,0,99,0,0,0,0,0,65,0,0,0,166,9	0,0,0,0,12,0,0,0,0,0,0,0,0,0,0,0	335	149	1
12131	0,1,0,0,0	0,0,0,0,0	0,0,0,0,6,0,0,0,0,0,0,0,0,0,60,0	0,0,0,0,0,0,0,0,0,0,6,0,0,0,15,0	315	149	1
12132	0,22,0,0,0	0,1,0,0,0	0,0,0,0,122,0,0,0,0,0,117,0,0,0,324,76	0,0,0,0,0,0,0,0,0,0,0,0,0,0,19,0	173	149	1
12133	0,3,0,0,0	0,53,0,0,0	0,0,0,0,0,0,0,0,0,0,3,0,0,0,0,0	0,0,0,0,218,2,0,0,0,0,135,0,0,0,221,10	166	149	1
12136	0,27,0,0,0	0,8,0,0,0	0,0,0,0,3,0,0,0,0,0,2,0,0,0,0,0	0,0,0,0,0,0,0,0,0,0,0,0,0,0,0,0	197	149	1
12138	0,10,0,0,0	0,210,0,0,0	0,0,0,0,3,0,0,0,0,0,6,0,0,0,0,0	0,0,0,0,120,0,0,0,0,0,239,0,0,0,149,12	187	149	1
12139	0,16,0,0,0	0,387,0,0,0	0,0,0,0,20,0,0,0,0,0,16,0,0,0,2,0	0,0,0,0,458,0,0,0,0,2,611,0,0,0,303,16	160	149	1
12140	0,2,0,0,0	0,152,0,0,2	0,0,0,0,9,0,0,0,0,0,6,0,0,0,0,2	0,0,0,0,382,0,2,2,0,0,543,0,0,0,292,51	179	149	1
12141	0,22,0,0,0	0,4,0,0,0	0,0,0,0,73,0,0,0,0,0,91,0,0,0,41,6	0,0,0,0,0,0,0,0,0,0,2,0,0,0,0,0	182	149	1
12142	0,441,2,0,0	0,4,0,0,0	0,0,0,0,2488,0,0,0,4,2,853,0,0,0,972,390	0,0,0,0,57,0,0,0,0,0,11,0,0,0,6,2	152	149	1
12147	0,1079,0,0,4	0,123,0,0,0	0,0,0,0,492,0,2,0,0,0,748,0,0,0,191,21	0,0,0,0,59,0,0,2,0,0,65,0,0,0,34,3	223	149	1
12148	0,43,0,0,0	0,262,0,0,4	0,0,0,0,52,0,0,0,0,0,29,0,0,0,8,3	0,0,0,0,269,0,0,0,0,0,267,0,0,0,78,22	166	149	1
12151	0,42,0,0,0	0,0,0,0,0	0,0,0,0,560,6,4,0,0,2,752,0,0,0,486,65	0,0,0,0,0,0,0,0,0,0,0,0,0,0,3,0	263	149	1
12154	0,0,0,0,0	0,43,0,0,0	0,0,0,0,16,0,0,0,0,0,13,0,0,0,1,4	0,0,0,0,578,0,0,0,0,0,709,0,0,0,83,179	189	149	1
12163	0,102,0,0,4	0,0,0,0,0	0,0,0,0,326,0,0,4,0,4,645,0,0,0,993,346	0,0,0,0,7,0,0,0,0,0,17,0,0,0,79,12	152	149	1
12164	0,98,0,0,6	0,0,0,0,0	0,0,0,0,408,0,0,2,0,0,1146,0,0,0,690,302	0,0,0,0,0,0,0,0,0,0,1,0,0,0,0,0	1275	149	1
12165	0,26,0,0,0	0,21,2,0,0	0,0,0,0,246,0,0,0,0,0,151,0,0,0,152,7	0,0,0,0,170,0,0,0,0,2,168,0,0,0,195,0	152	149	1
12167	0,1,0,0,0	0,0,0,0,0	0,0,0,0,47,0,0,0,0,0,58,0,0,0,194,2	0,0,0,0,12,0,0,0,0,0,6,0,0,0,3,0	153	149	1
12168	0,5,0,0,0	0,0,0,0,0	0,0,0,0,87,0,0,0,0,0,60,0,0,0,159,2	0,0,0,0,0,0,0,0,0,0,0,0,0,0,3,0	153	149	1
12169	0,10,0,0,0	0,5,0,0,0	0,0,0,0,41,0,0,2,0,0,69,0,0,0,156,4	0,0,0,0,132,2,0,0,0,0,79,0,0,0,233,1	161	149	1
12170	0,44,0,0,0	0,0,0,0,0	0,0,0,0,209,0,0,0,0,0,154,0,0,0,460,26	0,0,0,0,0,0,0,0,0,0,11,0,0,0,28,3	153	149	1
12171	0,50,2,0,0	0,34,0,0,0	0,0,0,0,93,4,0,0,0,0,21,0,0,0,251,6	0,0,0,0,229,2,0,0,2,0,88,0,0,0,273,25	1220	149	1
12172	0,180,4,0,2	0,0,0,0,0	0,0,0,0,979,0,0,0,0,0,657,0,0,0,707,193	0,0,0,0,9,0,0,0,0,0,5,0,0,0,12,2	221	149	1
12173	0,159,2,0,0	0,0,0,0,0	0,0,0,0,819,0,0,2,0,0,567,0,0,0,789,119	0,0,0,0,0,0,0,0,0,0,8,0,0,0,0,0	218	149	1
12174	0,2,0,0,0	0,234,0,0,0	0,0,0,0,0,0,0,0,0,0,20,0,0,0,0,0	0,0,0,0,427,0,0,0,0,0,262,0,0,0,42,9	170	149	1
12177	0,3,0,0,0	0,3,0,0,0	0,0,0,0,0,0,0,0,0,0,0,0,0,0,0,0	0,0,0,0,0,0,0,0,0,0,14,0,0,0,6,0	222	149	1
12178	0,3,0,0,0	0,3,0,0,0	0,0,0,0,0,0,0,0,0,0,0,0,0,0,0,0	0,0,0,0,0,0,0,0,0,0,14,0,0,0,6,0	290	149	1
12179	0,3,0,0,0	0,3,0,0,0	0,0,0,0,0,0,0,0,0,0,0,0,0,0,0,0	0,0,0,0,0,0,0,0,0,0,14,0,0,0,6,0	313	149	1
12186	0,6,0,0,0	0,205,0,0,0	0,0,0,0,26,0,0,0,0,0,8,0,0,0,14,7	0,0,0,0,1036,0,0,0,0,0,324,0,0,0,331,12	210	149	1
12195	0,330,2,0,0	0,0,0,0,0	0,0,0,0,531,2,0,2,0,0,215,0,0,0,348,58	0,0,0,0,0,0,0,0,0,0,10,0,0,0,2,5	1793	149	1
12200	0,150,0,0,0	0,69,0,0,0	0,0,0,0,234,0,0,0,0,0,6,0,0,0,24,1	0,0,0,0,24,0,0,0,0,0,1,0,0,0,4,1	338	149	1
12201	0,6,0,0,0	0,0,0,0,0	0,0,0,0,0,0,0,0,0,0,0,0,0,0,0,0	0,0,0,0,9,0,0,0,0,0,0,0,0,0,0,0	176	149	1
12202	0,58,0,0,0	0,2,0,0,0	0,0,0,0,155,0,0,0,0,0,96,0,0,0,258,9	0,0,0,0,0,0,0,0,0,0,2,0,0,0,15,0	209	149	1
12209	0,409,2,0,6	0,5,0,0,0	0,0,0,0,3507,0,0,2,0,0,9459,0,0,0,3511,528	0,0,0,0,23,0,0,0,0,0,177,0,0,0,25,5	151	149	1
12210	0,422,2,0,8	0,12,0,0,0	0,0,0,0,3598,0,0,2,0,4,9736,0,0,0,3769,580	0,0,0,0,38,0,0,0,0,0,121,0,0,0,56,2	153	149	1
12211	0,18,0,0,2	0,12,0,0,0	0,0,0,0,114,0,0,0,0,4,454,0,0,0,283,57	0,0,0,0,38,0,0,0,0,0,121,0,0,0,56,2	151	149	1
12212	0,3,0,0,0	0,0,0,0,0	0,0,0,0,50,0,0,0,0,0,61,0,0,0,91,7	0,0,0,0,7,0,0,0,0,0,0,0,0,0,0,0	151	149	1
12219	0,0,0,0,0	0,21,0,0,0	0,0,0,0,7,0,0,0,0,0,7,0,0,0,2,3	0,0,0,0,69,0,0,0,0,0,22,0,0,0,56,14	170	149	1
12225	0,0,0,0,0	0,16,0,0,0	0,0,0,0,33,0,0,0,0,0,25,0,0,0,17,10	0,0,0,0,176,0,0,0,0,0,100,0,0,0,49,17	152	149	1
12226	0,4,0,0,0	0,16,0,0,0	0,0,0,0,26,0,0,0,0,0,20,0,0,0,4,0	0,0,0,0,176,0,0,0,0,0,100,0,0,0,49,17	255	149	1
12227	0,4,0,0,0	0,0,0,0,0	0,0,0,0,26,0,0,0,0,0,14,0,0,0,4,0	0,0,0,0,33,0,0,0,0,0,19,0,0,0,17,10	252	149	1
12228	0,0,0,0,0	0,14,0,0,0	0,0,0,0,0,0,0,0,0,0,12,0,0,0,16,4	0,0,0,0,188,0,0,0,0,0,146,0,0,0,75,2	1798	149	1
12229	0,172,0,0,0	0,978,0,0,0	0,0,0,0,15,0,0,2,0,0,8,0,0,0,0,0	0,0,0,0,163,0,0,0,0,0,190,0,0,0,29,33	374	149	1
12230	0,21,0,0,0	0,269,0,0,0	0,0,0,0,0,0,0,0,0,0,1,0,0,0,4,1	0,0,0,0,36,0,0,1,0,0,111,0,0,0,34,9	237	149	1
12232	0,6,0,0,0	0,1251,0,0,0	0,0,0,0,22,0,0,0,0,0,0,0,0,0,0,0	0,0,0,0,1822,0,0,3,4,0,1071,0,0,0,634,51	172	149	1
12233	0,1522,0,0,0	0,50,0,0,0	0,0,0,0,2438,0,0,0,2,0,1286,0,0,0,814,57	0,0,0,0,95,0,0,0,0,0,18,0,0,0,22,0	168	149	1
12234	0,38,0,0,0	0,304,0,0,4	0,0,0,0,49,0,0,0,0,0,24,0,0,0,15,1	0,0,0,0,1798,2,2,2,2,0,903,0,0,0,780,344	233	149	1
12235	0,85,2,0,0	0,0,0,0,0	0,0,0,0,825,0,0,0,0,0,139,0,0,0,186,8	0,0,0,0,0,0,0,0,0,0,1,0,0,0,6,0	279	149	1
12236	0,17,2,0,4	0,16,0,0,0	0,0,0,0,142,0,0,0,0,0,67,0,0,0,80,19	0,0,0,0,14,0,0,0,0,0,10,0,0,0,41,0	152	149	1
12240	0,2,0,0,0	0,4,0,0,0	0,0,0,0,222,2,0,0,0,0,96,0,0,0,237,2	0,0,0,0,6,0,0,0,0,0,3,0,0,0,9,0	179	149	1
12241	0,0,0,0,0	0,16,0,0,0	0,0,0,0,25,0,0,0,0,0,10,0,0,0,10,0	0,0,0,0,0,0,0,0,0,0,21,0,0,0,35,0	164	149	1
12242	0,3,0,0,0	0,2,0,0,0	0,0,0,0,5,0,0,0,0,0,41,0,0,0,22,7	0,0,0,0,0,0,0,0,0,0,6,0,0,0,0,0	174	149	1
12244	0,10,0,0,0	0,0,0,0,0	0,0,0,0,36,0,0,0,0,0,8,0,0,0,28,0	0,0,0,0,1,0,0,0,0,0,17,0,0,0,14,0	242	149	1
12245	0,27,0,0,0	0,83,0,0,0	0,0,0,0,19,0,0,0,0,0,17,0,0,0,3,0	0,0,0,0,247,0,2,0,0,0,191,0,0,0,147,9	164	149	1
12248	0,1,0,0,0	0,144,0,0,0	0,0,0,0,0,0,0,0,0,0,9,0,0,0,7,2	0,0,0,0,94,0,0,0,0,0,65,0,0,0,31,5	311	149	1
12249	0,4,0,0,0	0,25,2,0,0	0,0,0,0,6,0,0,0,0,0,5,0,0,0,8,0	0,0,0,0,7,0,0,0,0,2,61,0,0,0,64,1	221	149	1
12250	0,61,0,0,0	0,0,0,0,0	0,0,0,0,240,2,0,0,0,0,107,0,0,0,142,34	0,0,0,0,0,0,0,0,0,0,2,0,0,0,4,3	2949	149	1
12251	0,15,0,0,0	0,3,0,0,0	0,0,0,0,126,0,0,0,0,0,192,0,0,0,14,11	0,0,0,0,0,0,0,0,0,0,0,0,0,0,0,0	155	149	1
12253	0,0,0,0,0	0,17,0,0,0	0,0,0,0,7,0,0,0,0,0,1,0,0,0,0,0	0,0,0,0,71,0,0,0,0,2,117,0,0,0,225,49	170	149	1
12254	0,0,0,0,0	0,17,0,0,0	0,0,0,0,56,0,2,0,0,0,48,0,0,0,76,7	0,0,0,0,71,0,0,0,0,2,117,0,0,0,225,49	161	149	1
12256	0,0,0,0,0	0,7,0,0,0	0,0,0,0,66,0,0,0,0,0,0,0,0,0,4,1	0,0,0,0,150,0,0,0,4,0,57,0,0,0,54,0	608	149	1
12262	0,3,0,0,0	0,2,0,0,0	0,0,0,0,43,0,0,0,0,0,18,0,0,0,106,6	0,0,0,0,118,0,0,1,0,0,36,0,0,0,196,13	170	149	1
12269	0,0,0,0,0	0,8,0,0,0	0,0,0,0,14,0,0,0,0,0,2,0,0,0,0,1	0,0,0,0,27,0,0,0,0,0,0,0,0,0,0,0	194	149	1
12271	0,28,0,0,0	0,0,0,0,0	0,0,0,0,39,0,0,0,0,0,123,0,0,0,61,33	0,0,0,0,0,0,0,0,0,0,3,0,0,0,0,0	154	149	1
12272	0,32,0,0,0	0,0,0,0,0	0,0,0,0,61,0,0,0,0,0,177,0,0,0,106,64	0,0,0,0,0,0,0,0,0,0,4,0,0,0,0,0	429	149	1
12273	0,24,0,0,4	0,0,0,0,0	0,0,0,0,114,0,0,0,0,0,105,0,0,0,130,30	0,0,0,0,7,0,0,0,0,0,0,0,0,0,0,0	153	149	1
12277	0,2,0,0,0	0,0,0,0,0	0,0,0,0,8,0,0,0,0,0,5,0,0,0,27,6	0,0,0,0,14,0,0,0,0,0,9,0,0,0,0,0	174	149	1
12279	0,5,0,0,0	0,40,0,0,0	0,0,0,0,45,0,0,0,0,0,18,0,0,0,9,6	0,0,0,0,88,0,0,2,0,0,167,0,0,0,88,8	160	149	1
12280	0,3,0,0,0	0,0,0,0,0	0,0,0,0,0,0,0,0,0,0,13,0,0,0,0,0	0,0,0,0,8,0,0,0,0,0,14,0,0,0,0,0	160	149	1
12281	0,30770,16,0,16	0,29,0,0,0	0,0,0,0,37392,22,8,61,0,14,50813,0,0,0,35947,2329	0,0,0,0,49,0,0,0,0,0,42,0,0,0,0,11	257	149	1
12282	0,11358,4,0,4	0,29,0,0,0	0,0,0,0,13129,2,0,12,0,6,16913,0,0,0,11778,1020	0,0,0,0,49,0,0,0,0,0,42,0,0,0,0,11	288	149	1
12283	0,98,2,0,0	0,19510,14,0,12	0,0,0,0,79,0,0,0,0,0,70,0,0,0,12,10	0,0,0,0,24342,20,8,49,0,8,33970,0,0,0,24181,1319	180	149	1
12284	0,11265,2,0,4	0,1,0,0,0	0,0,0,0,13077,2,0,12,0,6,16858,0,0,0,11766,1010	0,0,0,0,0,0,0,0,0,0,0,0,0,0,0,0	257	149	1
12285	0,11393,4,0,4	0,1,0,0,0	0,0,0,0,13208,2,0,12,0,6,16940,0,0,0,11778,1027	0,0,0,0,0,0,0,0,0,0,0,0,0,0,0,0	288	149	1
12286	0,133,2,0,0	0,5,0,0,0	0,0,0,0,158,0,0,0,0,0,97,0,0,0,12,17	0,0,0,0,27,0,0,0,0,0,15,0,0,0,0,0	180	149	1
12287	0,18593,4,0,12	0,4,0,0,0	0,0,0,0,33346,2,0,105,20,16,42048,0,0,0,29329,6593	0,0,0,0,0,0,0,0,0,0,0,0,0,0,0,0	209	149	1
12288	0,0,0,0,0	0,13,2,0,0	0,0,0,0,0,0,0,0,0,0,17,0,0,0,126,20	0,0,0,0,154,0,4,0,2,0,135,0,0,0,678,78	152	149	1
12289	0,116,2,0,2	0,3,0,0,0	0,0,0,0,1256,14,4,4,0,4,594,0,0,0,2536,115	0,0,0,0,0,0,0,0,0,0,2,0,0,0,27,0	1020	149	1
12291	0,2,0,0,0	0,2,0,0,0	0,0,0,0,20,0,0,0,0,0,0,0,0,0,0,0	0,0,0,0,0,0,0,0,0,0,3,0,0,0,3,0	302	149	1
12293	0,122,0,0,0	0,4352,0,0,6	0,0,0,0,26,0,0,2,0,0,295,0,0,0,892,1	0,0,0,0,1646,19,37,218,8,6,24529,0,0,0,73912,324	297	149	1
12294	0,253,0,0,0	0,0,0,0,0	0,0,0,0,160,0,4,16,0,2,1849,0,0,0,5572,24	0,0,0,0,0,0,0,0,0,0,0,0,0,0,1,0	171	149	1
12295	0,3132,2,0,18	0,0,0,0,0	0,0,0,0,1834,6,2,94,0,6,27769,0,0,0,99632,292	0,0,0,0,0,0,0,0,0,0,2,0,0,0,61,0	536	149	1
12296	0,403,0,0,0	0,22,0,0,0	0,0,0,0,438,0,0,4,0,0,831,0,0,0,548,23	0,0,0,0,23,0,0,0,0,0,30,0,0,0,21,0	152	149	1
12297	0,6,0,0,0	0,18,0,0,0	0,0,0,0,101,0,0,0,0,0,0,0,0,0,8,2	0,0,0,0,19,0,0,0,0,0,3,0,0,0,0,0	176	149	1
12299	0,108,0,0,0	0,0,0,0,0	0,0,0,0,717,0,0,0,0,0,37,0,0,0,0,12	0,0,0,0,28,0,0,0,0,0,0,0,0,0,0,0	498	149	1
12300	0,133,0,0,0	0,11,0,0,2	0,0,0,0,827,0,0,0,0,0,39,0,0,0,0,20	0,0,0,0,1,0,0,0,0,0,19,0,0,0,0,1	618	149	1
12301	0,25,0,0,0	0,11,0,0,2	0,0,0,0,138,0,0,0,0,0,2,0,0,0,0,8	0,0,0,0,1,0,0,0,0,0,19,0,0,0,0,1	269	149	1
12302	0,145,0,0,0	0,3,0,0,0	0,0,0,0,736,0,0,0,0,0,15,0,0,0,17,9	0,0,0,0,4,0,0,0,0,0,1,0,0,0,0,0	371	149	1
12303	0,151,0,0,0	0,14,0,0,0	0,0,0,0,370,0,0,0,0,0,79,0,0,0,9,21	0,0,0,0,62,0,0,0,0,0,5,0,0,0,0,0	196	149	1
12305	0,56,0,0,0	0,14,0,0,0	0,0,0,0,450,0,0,0,0,0,214,0,0,0,10,40	0,0,0,0,82,0,0,0,0,0,45,0,0,0,1,19	152	149	1
12306	0,6,0,0,0	0,3,0,0,0	0,0,0,0,110,0,0,0,0,0,56,0,0,0,0,1	0,0,0,0,33,0,0,0,0,0,7,0,0,0,0,0	173	149	1
12307	0,5,0,0,0	0,0,0,0,0	0,0,0,0,88,0,0,0,0,0,67,0,0,0,0,27	0,0,0,0,28,0,0,0,0,0,0,0,0,0,0,0	152	149	1
12308	0,280,0,0,2	0,0,0,0,0	0,0,0,0,129,0,0,0,0,0,362,0,0,0,489,17	0,0,0,0,0,0,0,0,0,0,4,0,0,0,0,0	173	149	1
12311	0,189,0,0,0	0,4,0,0,0	0,0,0,0,773,0,0,0,0,2,466,0,0,0,21,393	0,0,0,0,0,0,0,0,0,0,0,0,0,0,0,0	184	149	1
12312	0,768,0,0,0	0,4,0,0,0	0,0,0,0,3013,0,0,0,0,2,2173,0,0,0,54,823	0,0,0,0,25,0,0,0,0,0,15,0,0,0,0,0	184	149	1
12313	0,9,0,0,0	0,0,0,0,0	0,0,0,0,85,0,0,1,0,0,2,0,0,0,89,10	0,0,0,0,11,0,0,0,0,0,0,0,0,0,0,0	311	149	1
12314	0,17,0,0,0	0,109,0,0,2	0,0,0,0,142,4,0,1,0,0,13,0,0,0,151,23	0,0,0,0,917,4,2,0,6,6,1078,0,0,0,1747,115	374	149	1
12315	0,8,0,0,0	0,109,0,0,2	0,0,0,0,68,4,0,0,0,0,11,0,0,0,62,13	0,0,0,0,917,4,2,0,6,6,1078,0,0,0,1747,115	212	149	1
12317	0,23,0,0,0	0,0,0,0,0	0,0,0,0,1083,4,0,0,0,0,1904,0,0,0,92,34	0,0,0,0,0,0,0,0,0,0,0,0,0,0,13,1	205	149	1
12322	0,123,0,0,0	0,10,0,0,0	0,0,0,0,206,0,0,0,0,0,481,0,0,0,109,37	0,0,0,0,0,0,0,0,0,0,2,0,0,0,0,0	173	149	1
12325	0,64,2,0,0	0,983,2,0,2	0,0,0,0,186,0,0,0,0,0,47,0,0,0,169,132	0,0,0,0,2821,10,0,0,6,2,2349,0,0,0,1334,162	1364	149	1
12326	0,648,0,0,0	0,723,2,0,0	0,0,0,0,1836,0,0,0,2,2,1297,0,0,0,522,106	0,0,0,0,1819,0,0,0,0,0,1509,0,0,0,529,90	161	149	1
12327	0,661,4,0,0	0,31,0,0,0	0,0,0,0,1349,0,0,0,0,0,594,0,0,0,253,21	0,0,0,0,37,0,0,0,0,0,46,0,0,0,19,2	152	149	1
12328	0,681,8,0,0	0,165,0,0,0	0,0,0,0,1524,0,6,4,2,0,1740,0,0,0,1202,148	0,0,0,0,256,0,2,0,0,0,355,0,0,0,294,52	152	149	1
12329	0,1,0,0,0	0,42,0,0,0	0,0,0,0,0,0,0,0,0,0,0,0,0,0,0,1	0,0,0,0,101,0,0,0,0,0,18,0,0,0,91,16	174	149	1
12330	0,0,0,0,0	0,3,0,0,0	0,0,0,0,0,0,0,0,0,0,0,0,0,0,0,1	0,0,0,0,28,0,0,0,0,0,43,0,0,0,36,11	156	149	1
12334	0,0,0,0,0	0,93,0,0,0	0,0,0,0,15,0,0,0,0,0,7,0,0,0,52,6	0,0,0,0,513,0,0,4,0,4,413,0,0,0,2121,79	204	149	1
12337	0,5,0,0,0	0,6,0,0,0	0,0,0,0,112,0,0,0,0,0,99,0,0,0,152,15	0,0,0,0,21,0,0,0,0,0,8,0,0,0,22,2	284	149	1
12338	0,3,0,0,0	0,8,0,0,0	0,0,0,0,27,0,0,0,0,0,50,0,0,0,15,0	0,0,0,0,28,0,0,0,0,0,9,0,0,0,6,0	152	149	1
12339	0,5,0,0,0	0,0,0,0,0	0,0,0,0,108,2,0,0,0,0,199,0,0,0,219,28	0,0,0,0,25,0,0,0,0,0,0,0,0,0,0,0	170	149	1
12340	0,342,0,0,4	0,0,0,0,0	0,0,0,0,200,0,0,0,0,0,598,0,0,0,85,39	0,0,0,0,0,0,0,0,0,0,2,0,0,0,0,0	153	149	1
12342	0,64,0,0,0	0,10,0,0,0	0,0,0,0,45,0,0,0,0,0,43,0,0,0,1,1	0,0,0,0,10,0,0,0,0,0,25,0,0,0,4,1	337	149	1
12345	0,441,4,0,0	0,0,0,0,0	0,0,0,0,837,0,2,2,0,2,1058,0,0,0,1561,48	0,0,0,0,0,0,0,0,0,0,9,0,0,0,4,3	154	149	1
12346	0,12,0,0,0	0,25,0,0,0	0,0,0,0,60,0,0,0,0,0,10,0,0,0,5,1	0,0,0,0,170,0,0,0,0,0,171,0,0,0,116,2	276	149	1
12348	0,195,16,0,12	0,0,0,0,0	0,0,0,0,2036,16,10,25,6,12,3774,0,0,0,12069,1866	0,0,0,0,0,0,0,0,0,0,3,0,0,0,4,0	195	149	1
12349	0,2,0,0,0	0,0,0,0,0	0,0,0,0,0,0,0,0,0,0,1,0,0,0,4,4	0,0,0,0,0,0,0,0,0,0,0,0,0,0,0,1	187	149	1
12351	0,291,0,0,2	0,0,0,0,0	0,0,0,0,1995,0,0,19,2,2,2978,0,0,0,5751,1422	0,0,0,0,6,0,0,0,0,0,0,0,0,0,0,0	153	149	1
12352	0,372,2,0,6	0,0,0,0,0	0,0,0,0,2170,6,2,16,4,6,2900,0,0,0,6148,6310	0,0,0,0,0,0,0,0,0,0,0,0,0,0,9,1	155	149	1
12353	0,0,0,0,0	0,830,6,0,4	0,0,0,0,6,0,0,0,0,0,15,0,0,0,28,6	0,0,0,0,3531,16,10,32,0,6,4891,0,0,0,8623,3895	169	149	1
12354	0,5,0,0,0	0,5,0,0,0	0,0,0,0,68,0,0,0,0,0,82,0,0,0,84,8	0,0,0,0,20,0,0,2,0,0,48,0,0,0,98,29	172	149	1
12355	0,835,6,0,4	0,5,0,0,0	0,0,0,0,3593,16,10,32,0,6,4958,0,0,0,8679,3897	0,0,0,0,20,0,0,2,0,0,48,0,0,0,98,29	152	149	1
12366	0,124,0,0,0	0,8,0,0,0	0,0,0,0,207,0,0,0,0,0,128,0,0,0,37,16	0,0,0,0,0,0,0,0,0,0,20,0,0,0,1,3	185	149	1
12367	0,95,0,0,0	0,34,0,0,0	0,0,0,0,317,0,0,0,0,0,155,0,0,0,7,1	0,0,0,0,55,0,0,0,0,0,59,0,0,0,12,0	386	149	1
12368	0,133,0,0,0	0,34,0,0,0	0,0,0,0,475,0,0,0,0,0,260,0,0,0,116,4	0,0,0,0,55,0,0,0,0,0,59,0,0,0,12,0	1113	149	1
12369	0,45,0,0,0	0,7,0,0,0	0,0,0,0,193,0,0,0,0,0,137,0,0,0,109,3	0,0,0,0,35,0,0,0,0,0,32,0,0,0,0,0	876	149	1
12370	0,0,0,0,0	0,6,0,0,0	0,0,0,0,37,0,0,0,0,0,14,0,0,0,12,3	0,0,0,0,12,0,0,0,0,0,42,0,0,0,37,2	152	149	1
12382	0,4,0,0,0	0,0,0,0,0	0,0,0,0,60,0,0,0,0,0,25,0,0,0,17,0	0,0,0,0,0,0,0,0,0,0,2,0,0,0,0,0	213	149	1
12384	0,25,0,0,0	0,0,0,0,0	0,0,0,0,159,0,0,0,0,0,211,0,0,0,162,51	0,0,0,0,0,0,0,0,0,0,8,0,0,0,0,2	221	149	1
12385	0,11,0,0,0	0,6,0,0,0	0,0,0,0,19,0,0,0,0,0,55,0,0,0,61,14	0,0,0,0,48,0,0,0,0,0,94,0,0,0,84,5	245	149	1
12386	0,0,0,0,0	0,2,0,0,0	0,0,0,0,5,0,0,0,0,0,19,0,0,0,64,16	0,0,0,0,7,0,0,0,0,0,15,0,0,0,44,13	152	149	1
12389	0,12,0,0,0	0,8,0,0,0	0,0,0,0,94,0,0,0,0,0,83,0,0,0,27,2	0,0,0,0,4,0,0,0,0,0,11,0,0,0,0,0	289	149	1
12391	0,24,0,0,0	0,16,0,0,0	0,0,0,0,0,0,0,0,0,0,0,0,0,0,0,2	0,0,0,0,0,0,0,0,0,0,0,0,0,0,0,0	152	149	1
12392	0,0,0,0,0	0,43,0,0,0	0,0,0,0,12,0,0,0,0,0,4,0,0,0,12,0	0,0,0,0,213,0,0,0,0,2,153,0,0,0,117,8	163	149	1
12393	0,18,0,0,0	0,0,0,0,0	0,0,0,0,91,2,0,0,0,0,35,0,0,0,104,5	0,0,0,0,0,0,0,0,0,0,3,0,0,0,0,0	204	149	1
12394	0,61,0,0,0	0,0,0,0,0	0,0,0,0,292,2,0,0,0,2,184,0,0,0,209,13	0,0,0,0,0,0,0,0,0,0,3,0,0,0,0,0	190	149	1
12395	0,94,0,0,0	0,0,0,0,0	0,0,0,0,168,0,0,0,0,0,177,0,0,0,293,18	0,0,0,0,0,0,0,0,0,0,1,0,0,0,0,0	158	149	1
12396	0,0,0,0,0	0,1,0,0,0	0,0,0,0,0,0,0,0,0,0,0,0,0,0,9,0	0,0,0,0,0,0,0,0,0,0,3,0,0,0,0,4	223	149	1
12412	0,7,0,0,0	0,0,0,0,0	0,0,0,0,141,0,0,0,0,0,32,0,0,0,62,4	0,0,0,0,11,0,0,0,0,0,8,0,0,0,0,0	152	149	1
12415	0,0,0,0,0	0,2,0,0,0	0,0,0,0,0,0,0,0,0,0,3,0,0,0,4,1	0,0,0,0,0,0,0,0,0,0,6,0,0,0,0,0	169	149	1
12416	0,0,0,0,0	0,21,0,0,0	0,0,0,0,12,0,0,0,0,0,19,0,0,0,11,1	0,0,0,0,273,0,0,0,0,2,265,0,0,0,161,21	169	149	1
12417	0,216,6,0,0	0,6,0,0,0	0,0,0,0,321,0,0,6,0,2,962,0,0,0,708,42	0,0,0,0,0,0,0,0,0,2,0,0,0,0,1,0	230	149	1
12418	0,264,6,0,0	0,0,0,0,0	0,0,0,0,598,0,0,6,0,2,1002,0,0,0,785,48	0,0,0,0,0,0,0,0,0,0,3,0,0,0,0,0	530	149	1
12419	0,54,0,0,0	0,0,0,0,0	0,0,0,0,277,0,0,0,0,2,40,0,0,0,78,6	0,0,0,0,0,0,0,0,0,0,3,0,0,0,0,0	449	149	1
12420	0,8664,8,0,8	0,213,0,0,0	0,0,0,0,1665,4,0,8,0,0,673,0,0,0,1044,249	0,0,0,0,33,0,0,0,0,0,177,0,0,0,95,3	1670	149	1
12421	0,794,0,0,0	0,155,0,0,0	0,0,0,0,154,0,0,0,0,0,92,0,0,0,123,28	0,0,0,0,57,0,0,0,0,0,18,0,0,0,29,2	380	149	1
12423	0,6,0,0,0	0,0,0,0,0	0,0,0,0,333,1,0,0,0,0,91,0,0,0,103,1	0,0,0,0,62,0,0,0,0,0,50,0,0,0,121,0	230	149	1
12427	0,2,0,0,0	0,2,0,0,0	0,0,0,0,11,0,0,0,0,0,1,0,0,0,36,0	0,0,0,0,28,0,0,0,0,0,19,0,0,0,10,7	793	149	1
12430	0,0,0,0,0	0,8,0,0,0	0,0,0,0,0,0,0,0,0,0,0,0,0,0,0,2	0,0,0,0,5,0,0,0,0,0,49,0,0,0,33,6	197	149	1
12431	0,2,0,0,0	0,9,0,0,0	0,0,0,0,22,0,0,0,0,0,28,0,0,0,5,5	0,0,0,0,93,0,0,2,0,0,97,0,0,0,19,6	152	149	1
12437	0,2,0,0,0	0,9,0,0,0	0,0,0,0,0,0,0,0,0,0,0,0,0,0,0,0	0,0,0,0,10,0,0,0,0,0,9,0,0,0,0,0	185	149	1
12439	0,13,0,0,0	0,9,0,0,0	0,0,0,0,32,0,0,0,0,0,13,0,0,0,57,11	0,0,0,0,121,0,0,0,0,0,72,0,0,0,236,31	294	149	1
12441	0,182,2,0,0	0,27,0,0,0	0,0,0,0,332,0,0,0,0,0,179,0,0,0,150,22	0,0,0,0,0,0,0,0,0,0,9,0,0,0,2,0	151	149	1
12443	0,0,2,0,0	0,0,0,0,0	0,0,0,0,69,0,0,2,0,0,19,0,0,0,75,21	0,0,0,0,8,0,0,0,0,0,2,0,0,0,3,0	154	149	1
12445	0,9,0,0,0	0,5,0,0,0	0,0,0,0,63,0,0,0,0,0,26,0,0,0,59,7	0,0,0,0,7,0,0,0,0,0,14,0,0,0,26,7	152	149	1
12446	0,402,0,0,0	0,8,0,0,0	0,0,0,0,259,0,0,0,0,0,480,0,0,0,3,42	0,0,0,0,0,0,0,0,0,0,3,0,0,0,0,0	277	149	1
12447	0,58,0,0,0	0,84,0,0,0	0,0,0,0,213,0,0,0,0,0,580,0,0,0,52,24	0,0,0,0,526,0,0,0,0,0,989,0,0,0,163,21	190	149	1
12454	0,18,0,0,0	0,0,0,0,0	0,0,0,0,0,0,0,1,0,0,99,0,0,0,0,14	0,0,0,0,0,0,0,0,0,0,2,0,0,0,0,0	163	149	1
12455	0,0,0,0,0	0,77,0,0,0	0,0,0,0,9,0,0,0,0,0,6,0,0,0,1,6	0,0,0,0,232,0,0,0,0,2,194,0,0,0,91,6	347	149	1
12456	0,105,0,0,0	0,0,0,0,0	0,0,0,0,219,0,0,0,0,0,479,0,0,0,295,47	0,0,0,0,0,0,0,0,0,0,13,0,0,0,5,0	237	149	1
12457	0,1,0,0,0	0,6,0,0,0	0,0,0,0,0,0,0,0,0,0,2,0,0,0,0,1	0,0,0,0,54,0,0,0,0,0,64,0,0,0,1,4	182	149	1
