ID	IJC_SAMPLE_1	SJC_SAMPLE_1	IJC_SAMPLE_2	SJC_SAMPLE_2	IncFormLen	SkipFormLen	PValue	FDR
1	11	10	9,9	13,22	298	149	0.152855152246	0.3354454083273547
11	11	0	104,174	0,2	298	149	1	1.0
16	5	45	12,15	62,35	298	149	0.0465272009326	0.13699675830154445
17	10	2	17,7	0,2	273	149	0.141599793483	0.317188054141744
18	12	1	11,6	0,0	298	149	0.540927251405	0.7728711338741836
20	0	2	0,2	0,0	298	149	1	1.0
23	9	289	20,12	110,75	262	149	5.5204430246e-06	0.00014910504284712886
24	18	65	95,77	32,42	298	149	2.84540169204e-11	4.7016078546708e-09
25	38	17	71,110	13,27	298	149	0.0520274583288	0.1494326487173816
57	2	6	0,2	6,4	298	149	0.206067896551	0.4176033122139532
62	0	8	2,6	8,2	298	149	0.00207434108726	0.014351783532298866
64	194	243	626,301	83,90	298	149	3.76365605348e-14	7.551507038732372e-12
71	0	2	2,0	3,6	298	149	0.799044154471	0.9775762325387799
81	4	0	7,0	0,2	298	149	0.0340919483275	0.10772135303931103
85	2	1	7,5	0,0	298	149	0.0507909683415	0.14663086338260378
87	45	3	45,19	3,4	298	149	0.540003879259	0.7719444767626111
88	46	2	48,20	7,0	298	149	0.34747657165	0.579657665851766
89	14	2	23,14	0,0	298	149	0.0485155420763	0.14225486189178152
90	5	1	4,11	0,0	298	149	0.235444306949	0.4551707214175781
91	4	0	11,16	4,0	298	149	0.0176466074483	0.06680501391142142
96	4	1	11,5	2,0	298	149	0.427151869526	0.6669917183462434
97	2	2	4,0	0,0	298	149	1	1.0
103	46	2	106,56	0,2	230	149	0.193432539964	0.39922998145398675
141	3	0	0,0	2,2	298	149	3.534515709e-07	1.575945178822381e-05
145	1	0	0,0	6,6	239	149	2.7666024654e-05	0.0005146613460469271
148	35	11	3,3	2,2	298	149	0.255497547922	0.4813498404513065
149	3	6	0,9	2,4	298	149	0.816684948821	0.9893596425350999
153	2	2	0,2	0,0	298	149	1	1.0
154	0	10	0,2	35,32	278	149	1	1.0
157	31	0	40,8	4,0	298	149	0.038833045096	0.11921532642039782
158	0	6	1,0	2,1	298	149	1	1.0
161	4	0	0,0	1,0	298	149	1	1.0
196	1	2	0,4	0,2	298	149	1	1.0
197	1	0	0,4	2,0	298	149	0.0292708961107	0.09650463283445575
199	2	8	5,4	0,2	298	149	0.00105732273371	0.009200052116703003
200	1	84	5,4	88,95	298	149	0.181659032967	0.3816150725253789
203	6	252	3,10	205,354	298	149	0.988702563093	1.0
207	5	56	0,1	27,43	298	149	0.0385671156781	0.1186583000435738
209	13	276	7,8	136,90	298	149	0.521528710227	0.7567015222250222
218	62	17	117,66	10,12	298	149	0.0375969366123	0.11623465305772751
221	0	30	3,11	27,40	298	149	0.00126991856439	0.010461000725429648
222	0	2	2,0	0,0	258	149	1	1.0
226	0	4	2,2	5,10	298	149	0.0681010152597	0.1818400683122598
240	1	24	0,0	11,15	255	149	0.376746690902	0.6113699911864345
241	2	14	2,4	4,4	298	149	0.0895942142467	0.22490629831901723
246	3	51	6,5	55,53	288	149	0.337435080734	0.5693499275036349
247	5	112	2,6	118,119	298	149	0.617700189522	0.8422911807608242
250	2	60	4,2	50,58	252	149	0.48178731595	0.7164322766032557
251	0	39	3,3	13,25	244	149	0.0128548236386	0.05487720304077113
252	5	5	5,1	1,0	298	149	0.00121183972186	0.010107897151411544
254	0	19	0,3	40,48	242	149	0.502084765194	0.735710018481975
255	0	2	0,1	0,3	247	149	1	1.0
257	7	22	1,6	31,29	298	149	0.0775102138046	0.20215987983019632
261	0	7	2,1	2,4	260	149	0.0940983911186	0.2339136111965906
278	2	7	2,2	5,4	298	149	0.736609221458	0.9335493223012297
279	1	0	0,0	0,2	298	149	1	1.0
285	2	1	0,0	2,0	298	149	1	1.0
286	0	7	2,12	3,2	298	149	0.000149885127893	0.0020028699110562036
292	4	14	0,0	14,11	285	149	0.00337610720457	0.021027683232011374
293	0	31	1,1	39,36	238	149	1	1.0
303	3	38	0,0	0,4	298	149	1	1.0
310	2	0	5,0	4,2	234	149	6.33909197225e-05	0.0010233626063247269
318	2	1	0,2	0,0	298	149	1	1.0
341	3	148	1,0	67,89	233	149	0.669060669519	0.8825896364743735
355	0	7	2,2	2,2	289	149	0.00534458610811	0.029728598767685133
356	0	4	1,4	2,2	298	149	0.00300346979598	0.019174424220245047
359	160	0	90,58	8,1	298	149	0.00088604200169	0.008133633930546438
363	4	49	34,42	86,31	298	149	2.06990829305e-05	0.0004123668365374078
365	1	17	2,0	2,0	243	149	1	1.0
366	6	83	4,6	7,25	298	149	0.0204660945811	0.07485580687279934
367	13	13	8,8	4,2	298	149	0.101647437574	0.2472041622635013
394	11	0	5,7	3,0	298	149	0.0457131439838	0.13559474281995162
396	2	6	8,2	12,16	298	149	0.707795499628	0.9149551580557074
397	9	7	16,10	15,12	298	149	0.61575923147	0.8418720675173648
399	0	10	6,4	23,19	235	149	0.00688001228958	0.0354320624924264
400	0	4	4,2	5,8	298	149	0.0102973515399	0.046438258584004494
404	1	10	0,0	3,2	223	149	0.240828043916	0.46176517089422797
406	4	56	3,9	25,18	240	149	0.0301212188173	0.09884404632920059
413	0	8	2,2	4,8	298	149	0.0422056855725	0.12802999003580184
415	0	1	4,6	0,0	298	149	7.25192265005e-06	0.00018518773385445866
417	0	5	2,6	4,3	298	149	0.00148862355336	0.011615398781634001
427	0	8	4,2	0,1	298	149	1.094185336e-06	4.098088811765334e-05
437	2	22	1,0	5,4	298	149	0.348331675031	0.5803461893013517
460	1	0	4,9	0,2	298	149	0.689840766014	0.9021241674736155
463	0	2	0,1	0,5	232	149	1	1.0
465	6	265	3,6	249,280	298	149	0.802425269994	0.9804317457212466
467	0	1	1,2	7,2	252	149	0.145572751772	0.32388414523159537
474	0	12	0,1	16,26	244	149	1	1.0
480	14	16	31,24	6,8	298	149	0.00158385825654	0.012082471119496585
492	0	2	2,0	4,0	298	149	1	1.0
512	4	2	0,8	2,2	298	149	0.371640918596	0.6062365507178653
514	0	49	10,26	69,76	246	149	1.07093065221e-05	0.0002406595361646312
516	0	1	0,3	0,0	298	149	1	1.0
520	3	131	18,10	111,96	265	149	0.000337235984113	0.003729511336115815
524	22	32	13,17	33,28	285	149	0.353688974091	0.587182227081335
525	16	20	39,23	67,112	298	149	0.0567774467998	0.15980746298661141
526	4	18	17,11	27,13	298	149	0.0303166915739	0.09904215697871036
527	4	0	6,2	0,2	298	149	0.308070212911	0.5388351357826893
532	4	51	9,6	110,126	223	149	0.901507925453	1.0
533	3	29	8,5	47,50	298	149	0.558372485325	0.7925559935714628
535	1	0	9,7	2,2	298	149	0.0144161975978	0.058518929266214166
536	4	61	9,7	238,213	298	149	0.530664935798	0.7635551552760209
537	4	81	7,6	143,123	298	149	0.957228727742	1.0
539	2	39	9,7	52,47	298	149	0.0557318057292	0.15765422184624653
540	3	54	22,11	79,57	298	149	0.00325569397478	0.02050503223129377
543	2	15	3,4	22,38	298	149	0.844217402672	1.0
547	1	0	5,6	3,4	298	149	0.00279226916476	0.01786670634125476
550	0	4	1,0	5,5	264	149	1	1.0
561	20	0	46,16	1,2	298	149	0.21676149016	0.4333687016793167
562	7	2	3,2	0,0	298	149	0.00445425738481	0.025537426464821225
564	6	0	9,4	0,2	298	149	0.458203727892	0.6938513593793142
565	4	8	7,2	0,4	298	149	0.0980873491473	0.2416906699603208
566	4	10	0,10	2,2	234	149	0.657569329437	0.8729263924331441
567	11	8	2,5	11,11	254	149	0.0109940818181	0.04864732965268252
568	13	2	18,10	2,4	298	149	0.760927871098	0.9518232647765543
569	13	2	19,11	2,0	298	149	0.134670590475	0.30531855419231235
576	53	145	74,43	68,54	298	149	6.08485549879e-05	0.0009937418079128551
579	7	2	20,2	2,6	298	149	0.515074072449	0.7504372767164114
587	11	21	8,11	36,38	225	149	0.134620941976	0.30531855419231235
589	7	26	5,7	11,24	261	149	0.717961525322	0.9221554296431175
591	6	12	25,29	4,17	298	149	0.00402196512598	0.023885200927860083
608	29	0	47,78	4,0	264	149	0.206348664063	0.4176033122139532
609	63	8	68,79	5,8	298	149	0.444668870756	0.6829019157036929
610	0	8	0,4	5,4	298	149	0.0370116767336	0.11510318574462412
612	5	94	20,16	48,62	255	149	2.43593060453e-05	0.00046280708453855636
614	1	0	0,0	2,0	298	149	1	1.0
620	211	2291	97,68	219,205	298	149	0	0.0
621	20	62	7,1	16,14	298	149	0.428075427014	0.6672283759583105
624	2	36	7,4	24,13	298	149	0.0137982639972	0.056999005247257054
628	3	4	3,0	0,8	236	149	0.566650228555	0.8000562040062674
629	0	9	5,4	8,3	298	149	0.000637401217221	0.006282315856750136
631	0	6	2,0	0,0	298	149	1	1.0
634	1	1	2,4	0,0	247	149	0.0210364211241	0.07632771721323588
635	4	2	2,8	0,0	298	149	0.00136899950545	0.010987198888025858
640	9	10	4,2	10,5	298	149	0.160223920112	0.347275456477321
642	106	2	94,32	0,2	298	149	0.446596503851	0.6836455473119668
646	35	91	51,25	40,43	241	149	0.0129889669423	0.05511481592284093
651	3	42	2,6	23,18	298	149	0.183925845138	0.3842407253720246
652	7	10	2,2	21,13	298	149	0.00567535640576	0.030835737222011297
653	6	1	4,1	0,0	298	149	0.294573138835	0.5257026346807593
654	2	3	0,0	4,0	249	149	1	1.0
655	15	12	33,13	16,12	298	149	0.591298809259	0.8198641417780435
662	26	13	82,65	17,34	298	149	0.390911100602	0.6271098124448989
664	110	0	41,20	1,0	298	149	1	1.0
665	39	0	27,17	0,1	298	149	1	1.0
668	43	2	36,16	0,0	298	149	0.281861648371	0.5131040726331639
672	26	76	72,16	195,66	298	149	0.906182609891	1.0
673	1	0	0,2	2,2	298	149	1.53761150967e-06	5.1418461079321785e-05
674	1	8	0,2	11,11	298	149	0.966429295829	1.0
682	3	128	0,0	2,20	224	149	0.632449369524	0.8533330645969377
689	1	176	0,4	198,364	298	149	1	1.0
691	0	125	1,5	144,220	298	149	1	1.0
695	2	500	2,10	690,1182	277	149	1	1.0
696	0	247	1,4	290,575	298	149	1	1.0
697	2	8	4,8	4,11	298	149	0.110360732733	0.2627146595313534
712	6	0	3,9	0,2	298	149	0.694997665151	0.9064237059164638
713	2	2	8,4	4,7	298	149	0.938317048326	1.0
714	1	6	8,2	2,6	298	149	0.0503974568877	0.14579449680489115
720	2	21	4,17	36,62	228	149	0.154151818218	0.3369746749995035
722	0	21	0,2	13,37	298	149	1	1.0
728	7	22	30,20	24,21	298	149	0.00514371801027	0.02883972832504677
729	6	37	13,21	46,40	298	149	0.0448504202615	0.13331728096778148
731	10	2	1,14	1,0	298	149	0.0291524295366	0.09622699714254923
734	7	5	2,0	8,8	298	149	0.000385812444491	0.0042005703743225545
735	23	101	16,10	51,35	226	149	0.475414388041	0.7098931524366291
738	16	3	10,9	0,0	298	149	0.00164886312523	0.012318235422263485
739	19	2	12,4	0,0	298	149	0.0811151707852	0.2091354769678989
748	4	4	6,4	3,2	298	149	0.385964702992	0.6216598914590183
760	5	2	2,8	0,0	298	149	0.00215025616532	0.014554384502129833
767	2	3	11,4	8,10	247	149	0.834208956947	1.0
768	2	9	7,5	9,17	298	149	0.26157811833	0.4895222747428182
769	0	43	7,14	34,20	298	149	6.97823027918e-06	0.00017983347572675797
773	0	1	1,0	3,2	298	149	1	1.0
779	10	2	9,0	0,0	298	149	1	1.0
780	1	37	9,0	27,21	298	149	0.0189924237172	0.07047518919632073
781	0	3	2,0	2,2	298	149	0.692600513144	0.9048906239169748
784	2	17	0,9	13,16	240	149	0.281402046626	0.5131040726331639
786	2	2	2,6	4,0	298	149	0.295366936898	0.526784587775544
801	0	3	1,5	4,11	298	149	0.0172777029008	0.06576296402215068
805	0	3	1,0	11,8	298	149	1	1.0
809	2	1	3,11	2,4	298	149	0.853937997265	1.0
811	0	12	9,4	10,7	298	149	0.000157815118577	0.00209105032114525
813	8	17	0,4	6,16	298	149	0.064990551671	0.17570592843487873
819	2	9	2,4	2,1	298	149	0.0346342886299	0.10918935663455566
824	4	0	0,0	0,1	263	149	1	1.0
840	0	11	0,2	2,5	298	149	0.705390152433	0.9131637880506281
845	159	13	178,92	6,4	298	149	0.0554278260216	0.15711076013589745
846	2	111	4,6	37,80	298	149	0.0316000688622	0.10191112908601584
847	10	1	5,14	0,0	298	149	0.808427238644	0.9826361373219369
848	6	4	3,11	0,0	298	149	9.25937286334e-06	0.00021674648644268382
849	1	2	2,8	0,0	298	149	7.04134035626e-05	0.001092769340372063
855	1	62	0,3	74,79	298	149	1	1.0
856	10	65	6,20	100,85	298	149	0.868077181536	1.0
871	0	2	0,1	4,0	298	149	1	1.0
878	0	33	17,10	37,54	255	149	4.8287354857e-05	0.0008171034927308012
879	1	20	4,7	21,38	298	149	0.0656723627129	0.17669891461737175
880	0	14	4,2	24,40	298	149	0.104664190538	0.2525787897089708
882	0	6	4,4	10,31	298	149	0.0254409258565	0.08693863835876946
889	2	0	2,0	2,0	298	149	1	1.0
891	6	12	10,0	2,12	298	149	0.812397471931	0.9853300944102672
892	7	39	5,0	26,18	298	149	0.279043158765	0.5126437102491074
893	3	46	5,0	25,29	298	149	0.918423641921	1.0
895	13	56	8,3	25,23	250	149	0.809080793315	0.9830051680025239
896	21	5	42,40	0,0	298	149	1.54351272232e-05	0.0003211649805182874
897	22	91	40,34	84,46	298	149	0.0035541064698	0.021798002344253713
899	58	733	33,31	689,650	295	149	0.0227092277229	0.08023927128757999
905	12	43	21,3	40,27	298	149	0.729807014165	0.9316734438346208
906	21	32	25,15	39,45	298	149	0.383952050695	0.6198398335645144
909	7	26	15,2	23,10	298	149	0.290117651668	0.5213950630424902
911	3	44	10,3	52,49	298	149	0.289079744243	0.5211843448280667
912	19	23	9,8	14,6	298	149	1	1.0
914	35	283	11,18	211,264	298	149	0.0109490878831	0.04864732965268252
919	18	1	8,6	0,1	298	149	0.31182396743	0.5433706727734926
924	17	6	18,18	0,0	298	149	2.12368693797e-06	6.856823688227276e-05
925	0	20	5,4	26,31	298	149	0.0170320994505	0.06527035110021077
926	1	17	8,6	14,9	298	149	0.00201293445602	0.013995873482574703
938	13	0	41,33	2,10	298	149	0.00444882520894	0.025537426464821225
943	0	3	2,4	4,4	221	149	0.00382968185165	0.023134572733945914
944	8	2	29,20	2,0	298	149	0.0497184974165	0.1444252939430698
945	11	22	19,17	17,14	298	149	0.0552326101686	0.1567155575389873
946	4	0	30,40	3,0	298	149	0.305130549429	0.5353970823804566
955	4	1	15,12	6,12	298	149	0.284395736781	0.5163979473935546
957	2	4	0,0	20,16	243	149	0.033292920329	0.1060315342450805
958	5	15	16,17	36,56	298	149	0.770980178165	0.9591157309413131
959	5	37	13,32	87,56	298	149	0.0665645856323	0.17824587325179284
961	2	13	2,2	8,10	276	149	0.770772333192	0.9591157309413131
962	2	6	2,6	4,4	229	149	0.201121107959	0.4099776431471923
963	0	13	3,3	6,13	261	149	0.00718207517886	0.03655848139755454
964	2	3	2,4	7,6	298	149	0.768406831921	0.9582498471923285
965	0	2	2,0	2,4	298	149	0.619084484796	0.8433599989291775
968	2	17	5,1	8,10	298	149	0.319327670313	0.549627099209079
972	6	2	0,0	3,0	298	149	1	1.0
980	0	4	2,0	16,7	298	149	0.2854262209	0.5176490708361193
986	0	27	0,1	39,56	284	149	1	1.0
987	0	30	4,9	53,69	232	149	0.00965736952898	0.0443986104859326
989	1	17	3,2	16,34	232	149	0.401704715358	0.6396760461681531
1001	10	107	8,4	42,33	237	149	0.358880293282	0.592996908134787
1008	30	0	46,52	2,1	298	149	0.343452923049	0.5752481932894845
1009	2	1	2,0	0,0	298	149	1	1.0
1011	0	2	2,0	6,4	224	149	0.789762700551	0.9697004317923703
1014	3	0	6,14	2,2	244	149	0.0102773021465	0.046438258584004494
1015	2	0	4,3	0,2	298	149	0.39893053471	0.636340642816803
1016	2	6	6,2	7,10	298	149	0.776926108114	0.9641702966195963
1042	11	4	12,20	0,0	298	149	4.16175691705e-05	0.0007398971632907247
1043	6	4	0,4	4,0	240	149	0.73082811457	0.9318145423540165
1044	12	15	11,6	0,0	298	149	8.82343664799e-09	7.081438155486831e-07
1045	4	113	10,11	161,273	245	149	0.431419039657	0.6685554805737244
1048	3	19	0,3	4,6	298	149	0.724715317324	0.9277466297195955
1054	51	2	37,11	1,0	298	149	0.100179186164	0.24592453708707945
1055	16	42	42,22	37,32	298	149	0.0147413590147	0.05923959581157697
1056	12	0	38,18	3,0	298	149	0.227808039254	0.4441303845864764
1057	16	39	26,7	44,23	298	149	0.704769281793	0.9131443323600262
1058	16	69	15,4	29,24	287	149	0.416195566572	0.6574386810512772
1059	4	2	2,4	2,0	298	149	0.271913106386	0.5036676135269492
1060	6	2	5,5	0,0	298	149	0.00307835532302	0.019563574892224392
1063	2	10	0,2	2,8	265	149	0.313340870461	0.5443601029804713
1071	7	0	28,53	2,3	298	149	0.0597701865935	0.16546380669586155
1081	1	0	0,0	0,4	279	149	1	1.0
1087	2	0	9,4	8,6	298	149	0.00221410724521	0.014835685481979857
1091	1	2	0,2	2,2	298	149	0.715517919036	0.9210728328854763
1095	4	9	4,9	3,0	220	149	0.00575616310006	0.031053553217522442
1096	0	2	2,4	0,0	298	149	2.63487544894e-07	1.3220417419479822e-05
1101	277	14	276,307	16,27	290	149	0.244053564553	0.4666756043767032
1102	6	38	20,19	65,74	298	149	0.163501516913	0.3530174950104666
1104	0	8	4,10	2,22	298	149	0.00118538894018	0.009999271870767627
1117	0	2	6,2	9,16	298	149	0.0210587329442	0.07632771721323588
1118	0	2	6,2	0,0	298	149	2.16782144347e-07	1.1940020460210255e-05
1121	2	6	1,0	4,3	298	149	0.0684339752812	0.18255559028004825
1128	0	2	0,2	64,23	298	149	1	1.0
1134	23	64	42,36	88,37	298	149	0.0659488155299	0.17710346350237965
1154	20	40	62,38	89,70	298	149	0.441965465553	0.6810098698510022
1159	4	2	7,0	4,2	298	149	0.254358858173	0.4804594998590363
1161	0	22	2,0	43,28	298	149	1	1.0
1162	3	40	11,5	98,44	298	149	0.386258498029	0.6217765736180292
1163	0	4	8,5	24,10	298	149	0.00832549720574	0.04053088674336856
1165	3	8	3,3	42,17	298	149	0.198664274153	0.40571375378292074
1166	3	0	3,3	2,2	298	149	0.00158719538736	0.012082471119496585
1168	0	7	1,5	15,10	242	149	0.017256636514	0.06576296402215068
1171	0	16	0,2	5,4	222	149	0.727896045905	0.9306599876864565
1174	1	27	14,2	36,29	298	149	0.00965481732211	0.0443986104859326
1179	0	4	0,1	0,6	298	149	1	1.0
1182	2	12	5,2	14,27	298	149	0.736418272033	0.9335493223012297
1185	3	6	3,3	6,7	243	149	0.924731494409	1.0
1187	9	15	2,6	28,30	287	149	0.00849919025067	0.04095064393504637
1197	7	51	7,8	17,18	298	149	0.0314935190231	0.10180125999526801
1204	22	35	45,19	23,20	236	149	0.0381327517178	0.11757947264028562
1206	1	0	1,6	0,2	298	149	0.606944886608	0.83542612439893
1217	1304	0	766,839	0,6	237	149	1	1.0
1218	145	3	116,279	4,4	298	149	0.899446262596	1.0
1219	14	31	46,26	87,72	298	149	0.923332135444	1.0
1220	8	6	82,53	10,29	298	149	0.126375676962	0.29265397904885243
1221	11	0	118,103	0,2	298	149	1	1.0
1227	0	22	2,1	17,44	258	149	0.430283135645	0.6681735614646712
1240	2	2	0,0	0,2	290	149	1	1.0
1243	2	25	7,5	29,31	298	149	0.140982322952	0.3168154761377344
1246	0	18	0,4	12,30	298	149	0.184276591322	0.3845712815924948
1254	1	6	2,3	11,15	236	149	0.633049594002	0.8533330645969377
1256	0	12	2,0	14,12	298	149	0.355831350204	0.589345673775375
1258	1	2	0,0	0,2	274	149	1	1.0
1272	2	0	14,12	2,2	298	149	0.0306147387565	0.09964866879143511
1273	5	2	57,43	0,2	253	149	0.0169906381415	0.06520041330529168
1274	0	2	0,3	10,8	277	149	0.318571418826	0.5489982303571987
1275	0	9	5,2	25,19	243	149	0.0357628327652	0.11211807727393618
1277	2	7	4,1	28,9	229	149	0.6679552891	0.881713537162547
1286	0	11	1,0	2,20	298	149	1	1.0
1289	6	28	25,6	12,22	298	149	0.0396156933333	0.12111867515388902
1290	11	0	37,15	2,0	298	149	0.428508362488	0.6672283759583105
1297	8	199	1,0	0,2	237	149	0.616789659551	0.8418720675173648
1298	5	3	10,18	11,18	283	149	0.465517197374	0.7003951834084446
1317	2	2	8,6	0,0	298	149	0.00028620042312	0.0032467212599732705
1322	19	6	2,4	0,2	298	149	0.285821897069	0.5176490708361193
1323	16	39	5,5	10,16	245	149	0.746872326433	0.9399481921820326
1324	29	156	9,10	57,103	287	149	0.139407776542	0.31428286059909954
1325	103	0	16,84	2,0	298	149	0.853854438335	1.0
1326	0	6	0,2	9,4	249	149	0.768578464124	0.9582498471923285
1327	2	6	6,10	2,2	223	149	0.00168949097651	0.01242350825397013
1330	5	18	15,2	18,27	298	149	0.780013241329	0.9650910521454316
1332	23	1	97,29	0,0	298	149	0.229804204968	0.4467266517336415
1343	0	2	0,2	4,2	236	149	0.647579174432	0.8630140274707757
1353	0	2	2,0	0,2	298	149	0.227572946807	0.4441303845864764
1362	5	11	2,8	8,11	298	149	0.904881342999	1.0
1372	1	22	1,3	24,25	225	149	0.430817348228	0.6682307737009674
1386	2	4	0,0	18,10	237	149	0.0287867414409	0.09524376526205902
1396	0	8	2,4	4,3	298	149	0.00179320615902	0.012882649873880254
1420	0	12	4,5	26,13	298	149	0.00928434125619	0.04353875557368566
1423	2	0	4,3	2,0	298	149	0.470344695557	0.7061455103258221
1424	5	0	40,31	0,2	298	149	0.66956159321	0.8825896364743735
1425	4	36	9,9	61,41	225	149	0.331730636245	0.5634185680461252
1426	4	0	9,7	2,0	211	149	0.79659517314	0.9751691045628009
1429	0	5	2,0	14,31	298	149	0.778891042404	0.9642595584454985
1433	3	13	1,6	40,17	298	149	0.701604012675	0.9103028506254388
1437	25	2	56,61	0,0	298	149	0.0860790077101	0.2180305975272055
1439	0	6	6,0	18,8	298	149	0.0283734259963	0.09420916503972424
1441	2	2	6,4	17,12	298	149	0.695932534973	0.9068458728137946
1451	4	14	7,4	28,3	298	149	0.647779630925	0.8630140274707757
1457	12	1	22,13	0,4	298	149	0.667189347788	0.8811165387571659
1459	6	1	14,11	1,2	298	149	0.638423341834	0.85671806086769
1461	10	2	7,0	0,3	298	149	0.547771680799	0.7802690929839711
1462	2	2	2,1	2,0	261	149	0.412830976624	0.6533718720716543
1466	1	0	4,3	0,2	247	149	0.435835887842	0.6734788986457986
1467	17	6	37,31	15,24	298	149	0.350301148271	0.5832815207428803
1483	34	0	15,51	2,0	298	149	0.781877316415	0.9659075580378109
1486	19	327	41,12	490,330	298	149	0.738769621138	0.935197776375233
1491	5	4	2,7	0,4	234	149	0.259586193137	0.48676743426023567
1492	4	0	6,10	0,4	298	149	0.0107591051675	0.04820147753669458
1494	2	4	2,0	6,18	298	149	0.086758535021	0.21935618800539067
1498	7	1	2,0	0,2	298	149	0.151456868095	0.3331576683467933
1506	0	8	2,0	6,15	255	149	0.831230397541	0.9999683883052116
1517	8	147	26,32	141,152	298	149	0.000288039672753	0.003247021635697512
1521	154	1193	55,31	407,465	298	149	0.12938331116	0.2973161909091104
1522	41	317	8,21	171,260	298	149	0.0132619430021	0.055518327709238306
1523	77	1223	45,39	711,799	298	149	0.525664746418	0.7607379045276466
1525	16	301	5,5	459,562	298	149	0.00526987560747	0.029429583660801648
1527	31	404	57,40	289,337	298	149	0.00346219857671	0.021468688304588056
1528	14	186	23,8	124,49	298	149	0.0163107006383	0.06357463351566224
1531	31	329	39,26	898,859	298	149	0.000558779658833	0.005646086552740636
1532	42	2	40,16	0,0	298	149	0.273586880867	0.5052633454013169
1536	18	355	14,3	214,97	298	149	0.841719336231	1.0
1539	4	0	8,8	0,2	298	149	0.623320988702	0.8470772410565641
1544	0	1	2,0	0,0	288	149	1	1.0
1547	38	33	2,2	0,2	298	149	0.30760370716	0.5386900332995262
1549	9	189	0,0	3,2	298	149	0.12290093675	0.2872119229041181
1551	2	0	4,2	1,6	298	149	0.000219285145678	0.002669294248429095
1552	17	20	44,15	62,22	298	149	0.645774232742	0.8619964695916966
1553	16	59	6,0	36,60	290	149	0.000981610295691	0.008753470859034981
1554	2	2	4,0	0,0	298	149	1	1.0
1555	9	36	19,12	54,36	298	149	0.424122711184	0.6637106939921203
1556	0	2	5,0	5,4	242	149	0.0145962544526	0.05874051397901633
1563	0	10	4,2	2,4	298	149	0.00111717542976	0.009567517628645853
1571	0	2	0,6	0,0	226	149	1	1.0
1575	5	99	6,2	75,62	298	149	0.880903046523	1.0
1583	3	6	0,2	0,0	250	149	1	1.0
1585	13	153	3,7	40,29	228	149	0.430420735916	0.6681735614646712
1589	0	45	2,2	44,47	268	149	0.569379847373	0.8008953386433434
1591	0	2	2,2	0,0	298	149	3.2064706823e-07	1.4938232486435639e-05
1593	3	18	13,8	42,38	298	149	0.3606432637	0.5955596282970606
1594	4	53	25,2	117,87	298	149	0.227010208814	0.4441303845864764
1595	17	76	28,16	76,63	298	149	0.303310725103	0.5345042828195276
1600	2	8	2,6	4,5	226	149	0.130722412467	0.29909554838395924
1604	19	144	66,40	81,55	298	149	1.78119186067e-10	2.2742581530100138e-08
1605	69	3	66,36	6,2	298	149	0.380675176554	0.6166762231488963
1606	44	8	46,33	3,0	298	149	0.00427530163674	0.024967406024121955
1613	1	0	2,3	2,0	298	149	0.305051828676	0.5353970823804566
1619	20	4	7,34	0,2	254	149	0.02262096277	0.08012898413736444
1641	35	631	24,35	383,192	298	149	0.0123119347683	0.05337071722863379
1647	9	77	48,24	254,188	227	149	0.310249290729	0.5418358810308559
1648	4	12	6,0	23,13	298	149	0.358022449954	0.5919276409186498
1649	0	6	3,7	13,12	298	149	0.00612919059577	0.03260775830211729
1650	0	6	2,9	5,13	298	149	0.0021242462105	0.014483028168190535
1651	3	5	5,0	37,23	244	149	0.0538615300537	0.15397956155201137
1657	2	19	15,7	21,25	298	149	0.0164496696846	0.06382199191165938
1666	13	0	24,21	6,0	298	149	0.011781669101	0.051549390194250776
1667	1	0	9,8	0,7	298	149	0.00789601892092	0.0389121353488847
1668	2	15	2,0	14,18	298	149	0.279891819949	0.5128062020028276
1677	21	4	28,13	0,0	298	149	0.000262302395264	0.0030958295306578822
1678	42	88	79,48	31,11	298	149	5.06059527616e-10	5.9230050544722664e-08
1680	13	58	15,9	38,35	298	149	0.367137951325	0.5995875030650727
1681	148	1	97,71	3,5	298	149	0.0130794727332	0.05533035750158721
1683	17	220	32,26	106,90	298	149	7.61581018938e-06	0.00018931690992892407
1685	33	0	37,33	2,0	298	149	0.510028532683	0.7457939345687387
1686	36	55	41,33	62,19	298	149	0.241423888724	0.46227655311909743
1687	36	46	44,33	46,28	298	149	0.335687513965	0.568382294591733
1688	43	2	59,42	0,6	298	149	0.80661460104	0.9821328193850716
1690	9	7	19,6	3,0	298	149	0.0044547308536	0.025537426464821225
1696	7	21	28,17	43,33	298	149	0.177004909569	0.374336338192924
1697	17	44	15,15	43,37	298	149	0.930347783923	1.0
1698	29	2	61,27	4,2	298	149	0.956695869552	1.0
1699	39	25	71,34	40,26	298	149	0.964675728299	1.0
1700	1	0	8,0	2,0	298	149	1	1.0
1701	1	0	8,0	0,1	298	149	1	1.0
1702	0	11	0,4	7,4	298	149	0.0443189880561	0.13286236654171282
1705	14	32	33,21	14,18	298	149	0.00172415167312	0.012612349088005417
1706	2	20	5,4	11,14	298	149	0.0760269238286	0.1984754916677857
1708	5	3	19,24	2,2	298	149	0.0356619227889	0.11192663811622357
1709	20	42	43,15	55,25	243	149	0.218037860118	0.4340668668118086
1710	51	24	69,37	18,5	298	149	0.0303226254901	0.09904215697871036
1711	24	2	55,32	2,0	298	149	0.140014188927	0.31539683776739613
1717	3	0	1,2	0,2	298	149	0.296987333653	0.5286675666864874
1718	2	0	2,6	0,1	298	149	1	1.0
1719	2	2	0,0	2,0	298	149	1	1.0
1722	32	165	34,13	61,87	298	149	0.152332216308	0.3345591834317217
1723	5	97	7,5	31,58	298	149	0.0905512017286	0.22690305589262927
1725	0	205	0,4	41,85	298	149	0.636195500038	0.8566985424768657
1736	6	79	2,6	29,51	298	149	0.788459084156	0.9696942063897566
1737	3	65	5,9	50,20	230	149	0.0132447826055	0.055518327709238306
1748	87	204	107,53	102,51	221	149	1.87253469111e-05	0.0003811557932846369
1751	61	18	93,48	9,6	298	149	0.00843761925381	0.04072673634160978
1752	54	1	19,23	0,0	298	149	0.30176682634	0.5327863074726964
1753	22	55	11,8	13,29	256	149	0.817591614757	0.9894936862785063
1755	23	178	29,7	170,75	298	149	0.761051994549	0.9518232647765543
1756	32	0	33,9	2,0	298	149	0.447915449159	0.6849180711418786
1757	37	1	64,14	4,0	298	149	0.706259563008	0.913810738134257
1758	19	65	22,5	90,34	298	149	0.381597139273	0.6174575830748024
1759	63	162	53,19	81,53	298	149	0.273854468745	0.5054252317376512
1773	17	27	30,11	38,50	298	149	0.445847170768	0.6836161040869607
1783	8	5	20,8	2,2	298	149	0.0338087206696	0.10718814487686953
1784	16	375	20,26	213,175	298	149	0.000987176246909	0.008775247080909432
1785	9	179	5,7	141,104	236	149	0.92473470422	1.0
1786	10	173	4,0	86,70	298	149	0.0645204993506	0.17494023424308439
1788	43	65	23,9	43,24	298	149	0.240812854227	0.46176517089422797
1789	24	4	19,4	0,0	298	149	0.000479882206605	0.0050111119641392
1790	127	2	22,26	0,0	271	149	0.589429479399	0.8184416251269357
1791	120	16	16,24	2,1	298	149	0.103760792518	0.251262126019881
1796	4	2	6,14	0,2	298	149	0.0399364004613	0.12193624879977359
1802	2	0	2,3	2,1	298	149	0.00421290443473	0.024654267827409523
1803	2	0	6,12	8,5	263	149	0.00307641750922	0.019563574892224392
1804	7	3	10,14	0,0	298	149	0.00020001829595	0.0024751162701477972
1806	17	75	19,10	34,36	298	149	0.124910174585	0.28997742182583885
1808	17	68	16,2	31,32	295	149	0.898602646708	1.0
1812	6	13	37,25	70,69	298	149	0.879090112094	1.0
1813	6	5	28,16	22,22	298	149	0.835959763114	1.0
1816	26	0	26,12	0,2	298	149	0.731918558508	0.9318145423540165
1817	12	4	22,2	6,4	298	149	0.413832381763	0.6541672258707186
1818	1	4	9,0	15,8	298	149	0.867503331519	1.0
1819	0	1	9,9	0,0	298	149	7.43593691421e-06	0.00018702707928886205
1821	22	0	53,60	1,0	298	149	1	1.0
1824	204	0	158,85	0,2	298	149	1	1.0
1832	4	2	4,6	0,0	298	149	0.00136894275097	0.010987198888025858
1833	11	1	1,6	2,0	298	149	0.979104601841	1.0
1846	5	180	46,18	386,154	298	149	0.000229197970134	0.002763163511186292
1849	6	0	8,4	1,0	298	149	1	1.0
1850	10	4	12,10	2,0	298	149	0.0145290270334	0.0586379841046273
1859	3	3	14,14	14,14	298	149	0.99353453927	1.0
1863	1	2	13,5	2,0	298	149	0.00319181225699	0.020147866584011034
1866	4	25	4,0	30,34	298	149	0.161482587964	0.34946424467710013
1867	0	19	11,3	17,7	298	149	7.00866089912e-05	0.001092769340372063
1873	9	127	24,16	70,25	251	149	2.81873821018e-06	8.606343078690892e-05
1874	5	0	20,2	0,2	298	149	0.317186202285	0.5473836444353385
1875	4	6	22,6	10,0	298	149	0.0259994998175	0.08841718521471852
1878	27	50	53,5	45,32	298	149	0.972235603083	1.0
1879	10	60	41,22	94,57	298	149	0.00994051005007	0.04540307761080753
1881	22	72	31,18	74,50	298	149	0.423803002193	0.6635800630769993
1882	30	0	69,31	2,0	298	149	0.299789378868	0.5316340689647804
1883	29	46	72,31	80,50	298	149	0.453453043518	0.689111595691013
1884	27	229	45,10	72,51	278	149	0.000212730976539	0.002609438048463105
1885	0	5	0,3	2,2	248	149	0.0982906546125	0.24197935916434052
1888	2	37	17,14	8,16	298	149	2.30425373338e-07	1.2447401417431577e-05
1889	7	13	6,8	6,11	298	149	0.488595956845	0.7238744951358677
1893	2	15	0,4	10,14	227	149	0.577465232522	0.8086240469363399
1895	0	14	2,0	7,4	230	149	0.693216845773	0.9052748116115096
1897	2	0	7,5	2,0	298	149	0.612122983263	0.8399870346779515
1898	32	0	68,21	1,3	298	149	0.0914167165155	0.22846045969042658
1899	2	0	6,0	0,2	298	149	0.0331060357343	0.10555602085998718
1900	0	16	4,4	10,17	298	149	0.00550268866218	0.030149484318461522
1903	1	20	15,18	26,20	298	149	8.25398347103e-05	0.0012446379106423548
1904	1	22	15,9	24,14	298	149	0.000130763791241	0.0018005661254704363
1906	0	2	2,2	5,7	222	149	0.0483612972081	0.14195076683129876
1918	25	6	50,26	3,0	298	149	0.00349119121138	0.021599949545150394
1920	2	5	0,2	4,10	282	149	0.157614115324	0.34241148487634643
1923	0	7	6,8	4,4	298	149	4.43300276043e-05	0.0007782690471279919
1924	40	46	32,24	16,4	298	149	0.00440633157913	0.02551774405941275
1925	20	4	30,25	0,0	298	149	0.000190580539566	0.0023939618391517503
1926	7	37	2,11	17,14	238	149	0.27124799868	0.5035926161877858
1927	2	0	5,7	0,2	298	149	0.612122983263	0.8399870346779515
1931	1	1	6,4	5,6	298	149	0.939830786463	1.0
1933	2	19	10,2	10,2	280	149	0.00175653690062	0.012782673973682851
1934	0	6	2,2	20,7	284	149	0.113521726719	0.2688722852897732
1937	12	104	28,20	135,54	298	149	0.0188696488556	0.0702050909077886
1940	40	80	0,0	2,2	245	149	0.000148416839997	0.0019947507346965215
1945	24	14	36,21	16,8	298	149	0.437025884383	0.6748794443275684
1950	5	7	9,11	28,22	266	149	0.490427245474	0.7252054373994427
1952	2	2	0,4	0,0	298	149	1	1.0
1953	7	11	4,7	10,19	271	149	0.386764293785	0.62223419315124
1957	2	11	3,4	6,13	298	149	0.338836292623	0.5706181930323784
1958	0	4	9,2	0,0	298	149	1.42171863171e-09	1.53600293710515e-07
1964	0	7	3,4	13,8	298	149	0.00942210939588	0.04381904849838894
1965	1	2	4,4	7,5	298	149	0.59647533836	0.8257758627172203
1966	51	0	59,57	2,0	150	149	1	1.0
1967	7	91	32,24	131,74	298	149	0.000744258378583	0.007086853509964906
1968	23	49	48,34	62,27	298	149	0.0311660113084	0.10097500088269389
1969	5	3	15,9	3,8	298	149	0.631039535956	0.8524397628231457
1970	4	7	2,0	21,15	236	149	0.00408599665787	0.024121970076744662
1971	6	44	21,4	98,80	265	149	0.873430632708	1.0
1972	24	97	32,17	82,41	298	149	0.124449677457	0.28914734820240945
1973	2	0	0,4	4,3	298	149	3.00725146755e-05	0.0005557479850228915
1976	0	4	4,0	9,7	227	149	0.0487255621308	0.14262472749071742
1977	9	5	17,17	16,16	298	149	0.372295188587	0.6069030967486919
1983	32	4	32,19	0,0	298	149	0.000817450630187	0.007578279934637898
1984	1	10	4,5	18,18	294	149	0.173698621754	0.3696359306871106
1988	18	0	18,12	0,6	298	149	0.00738324591289	0.037090712592794645
1989	30	3	18,9	2,0	298	149	0.151354804311	0.3331576683467933
1995	9	8	28,8	35,38	298	149	0.146587883444	0.32527087548987443
1997	5	30	13,9	45,13	298	149	0.0919072961334	0.22908964467435536
1998	5	2	20,4	2,0	262	149	0.0555975158988	0.1574328852416625
1999	19	18	38,25	55,35	298	149	0.307861067535	0.5388048216235607
2000	14	3	22,22	0,0	298	149	0.00087459224451	0.008054851196159311
2004	33	5	3,12	4,2	262	149	0.208029803974	0.41979577540442964
2006	54	5	16,14	3,4	298	149	0.194908902967	0.4011999212562037
2007	73	2	26,41	2,2	298	149	0.49447243281	0.7283550413021971
2011	38	78	18,19	37,52	298	149	0.563982988138	0.7972965343128545
2012	85	29	47,54	25,19	298	149	0.439763768057	0.6783615730214789
2013	73	4	37,42	0,0	298	149	0.00678762538433	0.035048602398130464
2014	74	314	37,35	170,119	298	149	0.846707613302	1.0
2016	4	18	0,0	8,2	280	149	0.00897969184681	0.04253617942274754
2019	131	1	84,87	0,0	236	149	1	1.0
2022	5	6	52,16	3,11	298	149	0.0308700609964	0.10036342747556436
2023	11	21	23,8	10,11	250	149	0.0793606051437	0.2052706628440638
2024	20	0	49,26	1,0	298	149	1	1.0
2027	0	25	1,2	12,13	298	149	0.849215815178	1.0
2030	12	0	14,8	2,0	298	149	0.859769809803	1.0
2034	31	188	64,59	116,105	298	149	6.32446377047e-07	2.5528885429298586e-05
2038	26	123	19,19	103,57	298	149	0.732770607574	0.9322249260305101
2042	0	3	4,4	16,12	298	149	0.0228112725582	0.08049857363817062
2045	74	15	101,31	57,31	298	149	0.000288983769642	0.003247021635697512
2046	64	6	102,23	2,4	298	149	0.302650409686	0.5340106788994811
2047	53	10	107,28	55,13	298	149	0.00736275950096	0.037090712592794645
2054	0	4	1,2	0,2	298	149	0.0623564947899	0.1702229289259758
2058	1	4	0,0	2,0	241	149	1	1.0
2067	1	2	0,6	0,8	297	149	1	1.0
2068	14	67	24,12	70,36	234	149	0.181773217173	0.3816150725253789
2069	8	116	30,18	163,87	298	149	0.00542446769153	0.029994743593519228
2071	27	0	71,17	2,0	236	149	0.329311068212	0.561307518572517
2082	0	2	1,0	2,4	298	149	1	1.0
2084	393	1	607,1568	0,0	152	149	1	1.0
2089	65	0	144,134	6,0	245	149	0.154958472758	0.33828491908879654
2091	32	876	24,12	326,165	298	149	0.0189645782139	0.07046494735826071
2092	80	60	164,88	118,86	298	149	0.705434467807	0.9131637880506281
2094	12	14	43,27	26,12	232	149	0.0811526058722	0.2091354769678989
2095	2	4	1,4	4,3	237	149	0.889808282547	1.0
2097	14	25	34,30	18,39	242	149	0.0926600902579	0.2306923116985381
2098	54	30	233,89	34,23	298	149	0.00054120895098	0.005508173707618913
2099	49	0	247,99	2,0	298	149	1	1.0
2114	0	1	0,2	0,0	298	149	1	1.0
2115	7	0	10,11	1,0	298	149	1	1.0
2122	12	12	29,8	8,9	298	149	0.277975121193	0.5110157823502206
2123	17	0	21,22	2,0	298	149	0.782673800137	0.9662304282232789
2124	5	34	19,19	43,17	298	149	0.0024104024177	0.015893944580561734
2132	1	2	44,18	10,8	298	149	0.0652081590453	0.17595554155451268
2136	0	8	5,8	1,6	298	149	4.56214558496e-05	0.0007862004262670331
2137	0	5	5,8	8,9	298	149	0.00143693931957	0.011338097046831825
2141	0	2	0,1	0,3	298	149	1	1.0
2144	0	3	3,8	4,13	298	149	0.00470272552172	0.02679504257710239
2147	34	1	60,31	14,29	251	149	0.000186485611644	0.0023919547173881094
2149	4	14	8,4	50,36	298	149	0.427884468334	0.6672283759583105
2153	32	6	19,25	5,11	243	149	0.206513837796	0.4176366957299957
2154	5	27	20,11	24,22	298	149	0.00900273936765	0.04257356041031793
2162	0	14	2,0	5,18	233	149	0.78573997897	0.9680454390029517
2171	0	2	2,0	1,6	298	149	0.531430658973	0.7635551552760209
2173	2	0	3,0	0,1	298	149	1	1.0
2178	2	0	0,0	25,5	298	149	3.32765317967e-06	9.944018916694713e-05
2180	2	1	4,4	8,10	298	149	0.348049367732	0.5802199845455123
2187	0	2	9,5	0,0	298	149	3.00795947261e-07	1.4567858894071533e-05
2188	0	5	1,2	20,23	239	149	0.620659653947	0.8442774663133766
2189	0	9	8,0	34,14	298	149	0.0310244074141	0.1007486247701814
2190	1	4	5,4	10,10	298	149	0.339854182726	0.5716469456750503
2196	12	13	18,24	11,4	225	149	0.0424124688192	0.12851847347695017
2199	37	94	77,44	86,61	298	149	0.00404032915543	0.02394363839156724
2200	13	0	7,8	2,0	298	149	0.5900751858	0.8189333976838933
2201	142	286	182,53	124,109	298	149	0.0727319766614	0.1916548991011938
2204	11	0	26,11	0,4	298	149	0.0238996072228	0.0831915333520098
2205	2	2	8,3	1,4	268	149	0.342747985018	0.5747934865167534
2211	22	2	44,20	6,11	298	149	0.101746856282	0.2472041622635013
2215	6	4	1,0	0,0	295	149	1	1.0
2217	0	9	2,0	3,2	298	149	0.736485052746	0.9335493223012297
2219	2	30	4,14	14,16	269	149	0.00116424283724	0.00985047629459988
2220	0	19	1,15	18,17	277	149	0.00092211138151	0.008382559451979256
2223	2	14	2,5	11,5	298	149	0.204087522224	0.41512081819494284
2225	28	50	42,33	91,50	298	149	0.904318705674	1.0
2226	20	4	39,35	3,0	298	149	0.0236984505063	0.0829003081845538
2227	15	41	31,9	85,37	298	149	0.855943745773	1.0
2228	9	40	14,4	33,45	229	149	0.863954663709	1.0
2233	1805	68	192,305	0,0	298	149	3.32006533377e-08	2.331515880639982e-06
2234	14	84	74,6	46,33	298	149	0.0129735281503	0.05511481592284093
2235	4	34	25,9	16,10	276	149	4.69693394067e-06	0.00013265447946495272
2237	2	12	5,2	51,22	239	149	0.820324104446	0.9910926491994899
2238	1	16	11,8	15,16	298	149	0.00151248669838	0.011731975398204066
2240	8	106	1,11	118,73	298	149	0.708815958078	0.9154317362028055
2241	1	60	3,6	90,35	246	149	0.0699222543312	0.1856442461402087
2245	2	9	1,0	18,25	220	149	0.0826543998427	0.2120330677243327
2254	39	22	47,24	29,12	251	149	0.965880441554	1.0
2255	35	5	42,19	3,5	244	149	0.86212638986	1.0
2256	2	10	13,14	15,10	298	149	0.0102435882128	0.0464100633705729
2258	1	0	16,15	4,0	298	149	0.0185476714091	0.06919045018348194
2259	2	13	5,14	3,5	298	149	0.000127055704427	0.0017581254863814923
2260	0	2	0,4	8,11	298	149	0.103383980929	0.250565662148025
2261	5	24	28,11	32,7	298	149	0.00152027021892	0.011731975398204066
2262	2	16	22,11	37,18	298	149	0.00797373931768	0.03915791868436007
2263	8	26	9,12	22,21	298	149	0.336808932953	0.569020626017997
2264	4	11	17,4	16,7	298	149	0.131716177353	0.30105023774172257
2266	0	2	3,1	2,2	298	149	0.0073936145537	0.037090712592794645
2269	6	14	12,10	6,14	298	149	0.101128305831	0.2472041622635013
2273	70	102	45,17	93,43	298	149	0.0856672089977	0.21718338454380803
2276	98	0	78,45	0,2	298	149	0.64522067879	0.8619964695916966
2277	6	42	3,3	34,25	235	149	0.454179966517	0.6896170410520286
2279	7	0	43,14	2,2	298	149	0.0571099935373	0.1604219718462757
2282	2	1	13,0	2,4	298	149	0.365766477786	0.5994387608523186
2284	2	7	4,10	6,2	298	149	0.04037038191	0.12299392926810196
2285	2	0	2,8	0,2	298	149	0.677114337151	0.8900393884216935
2288	22	4	31,13	6,0	248	149	0.525008614415	0.7602819109029226
2289	110	15	82,28	21,12	251	149	0.0275034277561	0.09197277210343441
2293	26	368	39,31	164,200	298	149	0.000133914892859	0.0018349606538582003
2294	31	3	41,30	0,2	298	149	0.0447918155277	0.13331728096778148
2295	43	930	32,40	629,624	298	149	0.372648871092	0.6069030967486919
2296	18	1195	17,20	837,999	269	149	0.903108243913	1.0
2298	139	1104	85,98	813,932	298	149	0.280592072794	0.5128062020028276
2299	734	4	551,556	4,4	298	149	0.890013782487	1.0
2308	0	4	4,0	10,22	298	149	0.202124033871	0.41172328581844747
2311	4	16	2,3	3,6	235	149	0.531529210602	0.7635551552760209
2317	2	21	3,20	11,31	220	149	0.00758567690299	0.03778043691577821
2318	1	7	13,6	11,0	298	149	0.00248434504967	0.01630496552458652
2319	2	10	1,0	2,18	283	149	0.246513577215	0.46963723279562675
2320	0	21	6,3	38,25	298	149	0.0208224830651	0.07576470845837552
2324	0	2	4,3	2,2	298	149	0.00122465808614	0.010177705810554024
2325	6	39	2,0	42,48	254	149	0.00355346394415	0.021798002344253713
2345	79	177	159,52	152,78	298	149	0.00222350430328	0.014835685481979857
2354	2	7	18,4	6,10	227	149	0.0835731518133	0.21322160167444112
2355	7	4	11,29	2,2	298	149	0.0224975489739	0.07979244326727918
2357	1	2	7,2	7,2	298	149	0.461076322304	0.6966989722172866
2358	0	10	1,2	6,9	298	149	0.210927772819	0.4244241503213259
2359	5	12	31,14	10,1	298	149	0.000168212468307	0.0021875408494183473
2364	572	16859	285,57	2049,977	298	149	3.70814490225e-14	7.551507038732372e-12
2369	6	39	6,2	40,27	298	149	0.573102093675	0.8033152600464446
2370	3	0	3,0	1,0	298	149	1	1.0
2371	7348	52821	1210,1069	61054,47406	298	149	0	0.0
2372	6836	9	782,684	5,10	298	149	0.0872922683108	0.22050717777431403
2373	25386	247	23507,15024	51,34	298	149	3.65710345407e-06	0.00010813477476297505
2374	4328	46498	624,326	43611,33044	298	149	0	0.0
2375	2	198	0,0	94,50	233	149	1	1.0
2376	8	191	6,14	57,58	298	149	0.00134741553742	0.010970696361196464
2378	1	7	2,4	14,11	298	149	0.446392103196	0.6836455473119668
2380	4	24	11,6	14,13	298	149	0.0214381604683	0.07720486250699321
2383	125	322	160,90	281,155	298	149	0.0303674824131	0.09907347049755853
2384	237	7	335,175	3,2	298	149	0.039625511736	0.12111867515388902
2385	364	190	413,352	84,38	298	149	3.20773674289e-09	2.7304643972054576e-07
2386	242	0	157,157	3,0	298	149	0.546555816482	0.7789321605773405
2388	22	2	39,18	1,2	252	149	0.492410899388	0.7268429933688345
2389	40	5	37,33	5,4	298	149	0.972475194826	1.0
2392	2	1	4,2	0,0	298	149	0.0492867189086	0.14361659067869026
2394	13	1	17,4	6,4	298	149	0.023288127531	0.08171686102673646
2397	4	23	10,7	9,0	219	149	0.000831349154065	0.007681775571607187
2401	1	0	1,0	0,2	270	149	0.00162306901109	0.012255916269225297
2405	2	7	9,7	0,4	298	149	0.00208847866614	0.014359493658796503
2407	7	35	31,30	42,18	238	149	0.000286645380019	0.0032467212599732705
2408	46	3	48,42	4,2	298	149	0.969146242994	1.0
2410	22	251	23,4	215,61	298	149	0.92887029096	1.0
2412	2	0	1,0	1,1	298	149	0.000271237360505	0.003148370849828698
2413	1	54	5,8	33,77	298	149	0.0142136316607	0.057863900485371454
2414	17	12	8,1	23,27	249	149	4.49381440932e-05	0.0007840450109180049
2416	28	2	108,79	0,0	298	149	0.149693435147	0.33031332233143995
2417	0	5	8,2	5,3	298	149	0.000778913362902	0.007374890822488458
2419	53	228	38,19	132,69	298	149	0.471113844794	0.7069224305696293
2421	125	310	126,86	270,238	298	149	0.885670651949	1.0
2422	5	9	16,11	9,13	298	149	0.174154859974	0.3700461434697171
2423	22	75	15,2	78,24	298	149	0.0951863269687	0.23566291026512598
2424	142	4	167,73	8,2	298	149	0.518975175206	0.7533925114269344
2425	11	133	18,14	142,162	298	149	0.49693300251	0.731212574149078
2426	16	136	35,13	285,209	298	149	0.613799894422	0.8410555626494625
2427	33	241	36,27	444,315	298	149	0.0596424212425	0.16546380669586155
2428	18	627	31,20	776,838	298	149	0.741153861512	0.936527753930368
2429	97	411	127,93	626,543	298	149	0.212954820919	0.427684509405609
2430	165	3	236,197	3,0	298	149	0.227003673021	0.4441303845864764
2431	137	2	193,139	0,0	298	149	0.599355806294	0.8274744818155052
2440	10	15	8,1	16,0	298	149	0.804776313378	0.9810799554076451
2441	0	4	4,0	0,0	298	149	1	1.0
2443	71	41	15,11	13,14	298	149	0.084190074116	0.21440609083576068
2446	4	0	2,6	0,2	298	149	0.588907222896	0.8181208650419702
2447	4	2	2,6	6,4	298	149	0.280199251743	0.5128062020028276
2448	123	3	106,43	5,0	298	149	0.583131370417	0.8141232701298972
2449	94	92	72,45	37,60	298	149	0.627248244896	0.8495430273002175
2450	1	0	2,6	4,15	298	149	0.00363568202895	0.02215321218941551
2453	17	22	5,2	14,9	281	149	0.0389427911861	0.11942172537309487
2454	6	4	0,5	10,10	233	149	0.0142387439231	0.05788224555714602
2455	61	159	32,27	102,102	298	149	0.222716054214	0.44025995516335403
2456	52	3	29,16	0,2	298	149	0.164442934812	0.3545051449630914
2457	54	112	29,14	77,70	298	149	0.0495965219817	0.14422011412691024
2458	50	18	23,14	3,4	298	149	0.154021921025	0.3369529409339759
2459	38	91	21,14	37,16	227	149	0.173122292084	0.3686887933767673
2460	42	2	23,23	0,1	234	149	0.117710089686	0.2778551612840118
2461	36	2	18,14	0,2	203	149	0.325204380753	0.5566722154388647
2462	39	5	26,16	1,0	298	149	0.00217443574525	0.014682668289440506
2463	22	85	20,8	24,14	252	149	0.00623039052834	0.03280722812008895
2466	49	8	23,22	1,0	298	149	0.000276924880584	0.003188040940821541
2467	49	1	23,22	0,0	298	149	0.288356579403	0.5208101603061941
2474	1	12	17,15	48,18	298	149	0.00986515085727	0.04513226182096324
2475	8	8	13,2	6,3	298	149	0.564608822517	0.7977797698441916
2480	18	470	8,29	54,161	237	149	3.24384750405e-06	9.797814665458549e-05
2481	239	1142	53,122	233,270	296	149	0.00892052212093	0.04232727472583171
2482	208	223	40,77	59,105	281	149	0.156971681361	0.3412797623398212
2487	1	37	1,0	28,11	259	149	0.754981508923	0.9463378217602442
2488	0	17	7,2	54,55	298	149	0.0815754263594	0.2094564649392638
2489	0	2	2,0	8,18	243	149	0.862331569056	1.0
2492	14	7	19,9	13,10	298	149	0.332557272444	0.5643378919500941
2493	185	4487	14,55	333,772	298	149	0.0627263414896	0.17106630412066642
2494	139	4527	30,39	602,1299	298	149	0.420268873679	0.6594967004044958
2495	121	4939	15,17	497,1142	298	149	0.396477665218	0.6335072591566336
2496	0	2	2,0	0,0	241	149	1	1.0
2499	2768	0	1634,1526	0,2	298	149	1	1.0
2501	19	384	17,12	197,187	298	149	0.228997041361	0.4455741211576676
2503	27	197	18,7	91,77	298	149	0.963733562437	1.0
2505	1	4	13,4	5,2	298	149	0.00949673834927	0.04394783858830219
2507	9	470	18,8	260,221	298	149	0.010009640682	0.04556433517286926
2510	23	538	17,13	340,310	298	149	0.894220401597	1.0
2511	251	7	165,133	12,5	298	149	0.126692548059	0.29266482534073274
2512	18	278	32,8	181,207	298	149	0.147450920035	0.3263905708260953
2513	18	1	27,12	0,2	298	149	0.571542637174	0.8017969317761987
2515	20	2	19,9	1,0	298	149	1	1.0
2521	7	16	24,15	22,18	298	149	0.0887537130769	0.22321401843466965
2522	6	0	25,15	2,1	298	149	0.0885681916268	0.22320804542673606
2523	10	9	2,8	8,7	298	149	0.316169911743	0.547209662406708
2525	4	0	1,0	2,0	298	149	1	1.0
2529	51	46	108,18	64,29	298	149	0.985188711496	1.0
2533	8	355	13,2	329,302	298	149	0.921553024466	1.0
2536	27	95	14,4	57,23	298	149	0.38773581396	0.6230834676279405
2537	4	10	9,10	0,3	298	149	0.000249847114322	0.0029864704005553105
2540	28	62	14,7	14,15	236	149	0.329585890746	0.5613533020232254
2541	8	74	29,7	119,39	293	149	0.0619602257035	0.16963574464047906
2543	2	65	22,11	93,41	298	149	0.00011803812704	0.001645581007178109
2547	1	123	8,5	84,37	298	149	0.00194773984407	0.01374673673867495
2548	20	341	16,11	136,85	298	149	0.0367282962955	0.11476060544389266
2549	4	0	1,3	0,4	298	149	0.0092757841869	0.04353875557368566
2554	14	0	24,4	4,0	280	149	0.0161428686694	0.06314017232652129
2557	23	234	451,276	599,258	298	149	0	0.0
2558	95	289	1321,303	522,185	298	149	0	0.0
2559	134	21	1162,371	9,1	298	149	3.21964677141e-15	7.536656484075575e-13
2564	2	0	0,0	2,0	298	149	1	1.0
2568	11	73	13,15	188,132	298	149	0.223147531822	0.44080268416877494
2569	0	2	2,0	12,3	298	149	0.320680115379	0.5506075782095996
2570	0	4	7,6	27,20	298	149	0.0145762056289	0.05874051397901633
2571	4	7	0,0	10,8	298	149	0.000798427621433	0.0075009471190812605
2576	0	4	4,2	2,5	226	149	0.00253105962425	0.016534294150042445
2596	27	0	139,128	2,0	298	149	1	1.0
2607	7	5	13,9	4,8	298	149	0.636640184546	0.85671806086769
2608	2	0	0,7	0,4	298	149	1	1.0
2609	2	8	2,2	53,94	298	149	0.148087000283	0.32754045968106066
2610	43	210	115,90	240,200	298	149	0.000147948541152	0.0019947507346965215
2617	5	1	15,19	0,1	298	149	1	1.0
2625	1	2	0,1	0,0	286	149	1	1.0
2627	0	1	2,2	1,5	298	149	0.0124078629756	0.05345657530438711
2631	0	47	0,2	35,83	298	149	1	1.0
2636	3	0	18,12	10,14	298	149	0.00168218373661	0.01240649325534189
2638	0	2	2,2	2,10	298	149	0.0427015553921	0.12911589784328192
2640	0	3	2,0	2,4	298	149	0.617093124606	0.8418720675173648
2643	19	94	55,23	35,30	298	149	9.02061108476e-07	3.471081717409704e-05
2644	18	0	54,23	2,0	298	149	0.29723492438	0.5287732125290817
2645	11	20	19,18	52,23	298	149	0.926474093039	1.0
2649	18	3	46,68	0,1	298	149	0.00208808515722	0.014359493658796503
2650	16	1	43,66	0,10	298	149	0.78843133006	0.9696942063897566
2652	16	4	58,67	2,5	298	149	0.0514221350951	0.1481484897252676
2653	17	3	74,74	0,0	298	149	0.00181637255549	0.01298267304929112
2657	7	0	18,2	4,0	298	149	0.00891660902048	0.04232727472583171
2658	6	4	11,0	0,0	298	149	1	1.0
2659	6	0	6,0	2,6	298	149	4.03958387855e-05	0.0007273840458235225
2664	6	0	24,27	2,6	298	149	0.00837582497391	0.04070535008946918
2670	17	23	49,35	24,11	298	149	0.00259756488812	0.016890184654465464
2671	3	39	6,1	29,6	237	149	0.222691545708	0.44025995516335403
2674	14	0	24,30	0,1	298	149	1	1.0
2678	116	123	134,48	142,32	298	149	0.491061985123	0.7256144745978468
2680	1	2	8,14	6,11	298	149	0.226640572888	0.4441303845864764
2681	1545	2480	6,8	23,30	298	149	0.00184003953442	0.01311845444717203
2682	12	5520	0,0	28,31	298	149	1	1.0
2691	2	24	4,4	18,18	256	149	0.170961798205	0.365195202401403
2694	2	6	2,4	3,3	290	149	0.299480434656	0.5316340689647804
2695	5	22	10,19	23,27	298	149	0.0585479802594	0.1633180501972737
2696	4	12	0,8	6,5	248	149	0.963513359883	1.0
2697	0	2	4,2	2,2	259	149	0.0016096894059	0.012187648358957142
2698	0	2	6,0	2,2	259	149	0.0144510538282	0.05857577229929841
2706	0	1	0,1	2,0	219	149	1	1.0
2709	34	75	77,33	94,59	236	149	0.10155892936	0.2472041622635013
2710	0	5	45,29	27,12	298	149	5.27059971835e-05	0.0008865338089128833
2714	12	44	29,18	39,21	290	149	0.00509779019216	0.02875440291119968
2721	21	43	20,17	8,19	298	149	0.0212808373777	0.07673667804102606
2722	110	1	210,114	0,0	298	149	0.485874068915	0.7213637735635491
2724	13	27	6,8	8,10	298	149	0.411667282961	0.6522128583403548
2725	68	4	67,54	1,0	257	149	0.009778084618	0.04488013021562418
2726	74	0	85,88	2,2	298	149	0.232388011819	0.45081348425384743
2727	2	20	3,4	22,34	298	149	0.645536870885	0.8619964695916966
2728	0	2	5,1	0,0	298	149	2.6356118743e-07	1.3220417419479822e-05
2730	92	3	19,6	0,0	270	149	0.0760055666495	0.1984754916677857
2734	8	26	2,2	12,10	298	149	0.226894704372	0.4441303845864764
2735	1	1	6,0	0,6	236	149	0.90292095645	1.0
2740	1	1	0,0	0,2	298	149	1	1.0
2750	6	50	5,4	31,19	298	149	0.607312262735	0.83542612439893
2752	0	31	0,6	47,48	233	149	0.122571708347	0.28691994062226917
2754	3	51	3,3	50,32	298	149	0.830791428756	0.9998685190126838
2757	10	51	39,16	76,42	298	149	0.0191568761008	0.07089810931112939
2759	0	19	10,8	24,28	298	149	0.000428095304092	0.004520750786445218
2761	84	105	77,40	8,4	298	149	3.33066907388e-16	8.505317662299019e-14
2762	67	4	74,57	0,0	298	149	0.00382005258897	0.023126137332794675
2763	99	3	57,24	0,0	280	149	0.113254706371	0.2684662195748009
2764	64	307	48,21	125,107	276	149	0.168343863027	0.360975504765529
2765	0	23	1,0	16,17	298	149	1	1.0
2771	8	42	13,11	27,67	298	149	0.462219476183	0.696926735694067
2772	9	438	14,12	337,467	298	149	0.256894666642	0.483010119543091
2773	58	47	67,20	55,60	298	149	0.0978158420242	0.24130979311187384
2774	4	6	7,3	18,7	298	149	0.578915587767	0.8102510642937235
2777	11	139	22,2	54,18	298	149	0.00135373981836	0.010987198888025858
2778	77	8	46,31	2,3	298	149	0.260964146681	0.4890248752681314
2779	0	15	5,2	11,14	298	149	0.00668526924055	0.03471149962422357
2780	2	25	2,10	42,30	298	149	0.236915992594	0.45738627023817596
2781	12	201	32,25	154,90	298	149	2.17323558421e-05	0.00042525609820079726
2783	13	14	23,15	23,20	298	149	0.944343066411	1.0
2784	16	112	29,2	49,29	298	149	0.0580922125132	0.16248557657288498
2789	17	108	41,24	167,77	226	149	0.0786621071198	0.20387176840552276
2791	3	43	1,2	45,40	298	149	0.29574936699	0.5271319618495621
2792	95	227	49,20	70,75	298	149	0.796729474892	0.9751691045628009
2793	94	86	50,20	20,25	298	149	0.497890583508	0.7318548660774317
2794	96	6	50,20	1,4	298	149	0.916724156305	1.0
2797	7	158	14,9	200,162	298	149	0.38445594657	0.6201013925784684
2800	120	0	84,29	1,0	233	149	1	1.0
2803	4	12	2,0	3,6	298	149	0.10405702725	0.2517624371621447
2814	15	0	13,27	2,0	298	149	0.746676962572	0.9399481921820326
2815	4	24	2,0	6,9	298	149	0.133789289881	0.30381092584941716
2816	8	2	47,39	3,4	229	149	0.458685337968	0.69420641937075
2817	46	4	95,42	6,4	298	149	0.85549443583	1.0
2819	8	72	42,11	143,136	298	149	0.162613764428	0.35137081867557846
2820	12	24	61,25	61,77	298	149	0.627252487939	0.8495430273002175
2822	14	66	8,12	25,13	298	149	0.0539486004554	0.15397956155201137
2826	139	0	150,71	2,0	298	149	1	1.0
2827	139	2	146,68	2,2	298	149	0.833239341112	1.0
2828	10	129	16,4	78,56	298	149	0.147214324787	0.32616703389013485
2830	93	1181	45,94	549,671	298	149	0.0629123761095	0.17124114776316424
2833	6	81	11,4	89,76	298	149	0.724030324379	0.9274059193710036
2836	0	57	3,12	61,35	298	149	0.000720864461938	0.006910949739194001
2838	0	32	5,0	30,22	298	149	0.1111933954	0.2644726906677392
2839	2	50	0,2	40,21	249	149	0.583909345648	0.8143998768248422
2840	1	53	1,0	29,33	298	149	1	1.0
2841	4	71	6,9	60,44	298	149	0.0799267314116	0.20654479166070325
2844	2	2	7,2	2,2	298	149	0.362120293003	0.5959549931522563
2847	34	2	38,16	0,1	298	149	0.106645755978	0.2561573698693068
2848	2	80	25,6	76,44	298	149	1.96173449183e-05	0.0003964397257230554
2849	17	25	38,21	20,15	298	149	0.0197429560955	0.07249407015981633
2850	21	6	48,37	0,3	298	149	0.00133231900463	0.010898930226883081
2851	276	400	169,93	99,45	298	149	4.33844358216e-08	2.9723629322652292e-06
2854	0	32	0,3	12,37	227	149	0.621631652008	0.845190372938273
2861	2	178	12,14	2,8	231	149	0	0.0
2866	0	1	6,8	3,2	298	149	0.00214628236137	0.014554384502129833
2867	22	0	18,18	0,2	298	149	0.849688814895	1.0
2870	2	1	4,4	1,0	298	149	0.0100244781548	0.04556433517286926
2871	7	2	5,4	10,9	298	149	0.0100849301282	0.04576505449129855
2877	6	18	4,2	19,42	248	149	0.0509918993118	0.1470597999659612
2878	4	27	4,10	3,11	279	149	0.00221900946885	0.014835685481979857
2885	71	7677	72,28	4492,4014	244	149	1	1.0
2886	154	6253	115,153	3246,4367	238	149	0.0278684464947	0.0928617629936089
2887	35	5427	47,20	3950,5056	232	149	1	1.0
2888	348	15263	302,182	11370,6891	257	149	0.318970478885	0.5493489118258522
2889	893	2	570,377	0,0	298	149	1	1.0
2890	140	18035	187,119	14691,11350	298	149	1	1.0
2892	1	20	3,5	38,36	298	149	0.217819710643	0.433940118578856
2894	9	32	28,4	66,34	298	149	0.811998366193	0.9852714516786768
2896	4	33	16,13	98,58	298	149	0.317244775059	0.5473836444353385
2897	7	0	7,2	1,2	298	149	0.0154144541253	0.06107080625947489
2898	8	53	7,2	78,31	298	149	0.21295038061	0.427684509405609
2901	3	18	1,4	14,5	298	149	0.83985937614	1.0
2902	8	17	7,1	14,13	298	149	0.340863918882	0.5730022430517882
2908	3	2	5,0	0,0	298	149	1	1.0
2910	33	184	60,34	288,146	298	149	0.428426811417	0.6672283759583105
2911	3	165	4,1	128,72	235	149	0.714448508118	0.9205898437171844
2912	42	311	28,12	159,91	298	149	0.615612012422	0.8418720675173648
2915	12	185	8,3	51,20	232	149	0.127066882601	0.2932874882713303
2916	6	12	5,4	3,0	298	149	0.0233019600151	0.08171686102673646
2924	22	0	4,30	0,6	268	149	0.00538327009355	0.02986121240683002
2933	0	7	2,3	10,6	298	149	0.0251892307326	0.08637259010599682
2942	0	4	0,4	2,4	286	149	0.02419290195	0.0838985945401852
2945	0	53	0,1	8,23	298	149	1	1.0
2946	2	18	0,0	0,2	298	149	1	1.0
2951	2	40	6,6	24,16	298	149	0.00701035188702	0.035897594780734135
2952	63	2	109,42	2,0	298	149	0.24115299165	0.46207281960767393
2953	75	13	81,52	25,4	298	149	0.915673418688	1.0
2954	0	25	6,0	69,46	298	149	0.289673117692	0.5213950630424902
2955	9	86	15,24	164,108	298	149	0.366923577105	0.5995859965607593
2957	2	3	1,2	0,0	298	149	1.37515036754e-05	0.00029205820408182256
2958	3	0	0,0	2,0	288	149	1	1.0
2962	2	6	0,2	5,3	298	149	0.247170157356	0.46975708525913673
2963	0	2	2,0	6,7	298	149	0.788295278444	0.9696942063897566
2966	0	1	0,1	0,0	274	149	1	1.0
2970	64	9	75,35	7,0	268	149	0.0894492998659	0.2247433661210314
2971	0	60	3,1	67,78	223	149	0.545595323058	0.778069139154828
2974	0	56	4,2	100,91	243	149	0.895108016116	1.0
2977	6	4	19,17	8,9	298	149	0.583728194464	0.8143998768248422
2978	2	15	0,1	44,76	256	149	0.397907397083	0.6350692490944017
2981	0	2	7,6	9,10	298	149	0.00574425856808	0.031053553217522442
2984	26	16	18,17	17,5	298	149	0.908720880272	1.0
2985	0	32	3,5	23,54	239	149	0.0226754913469	0.08022097631415882
2986	0	61	0,3	84,119	229	149	1	1.0
2987	2	54	9,18	85,73	242	149	0.00618552967245	0.032783307263985
2988	2	1	2,5	3,2	298	149	0.518340853866	0.753243382570923
2989	4	42	13,2	18,29	248	149	0.0720414052198	0.19001343404921897
2990	11	68	19,7	97,105	226	149	0.644984933812	0.8619964695916966
2991	6	78	5,18	116,110	222	149	0.506512005893	0.7414237751711501
2992	6	72	5,12	75,71	298	149	0.492795036956	0.7270137645122099
2994	6	29	7,2	20,44	298	149	0.533160305751	0.7644958136062068
2996	4	47	11,2	54,76	257	149	0.905084646448	1.0
2998	7	65	18,19	63,69	298	149	0.0188190634791	0.0701097470991935
2999	65	9	85,74	1,0	249	149	5.37701115932e-06	0.0001480786700640184
3000	6	0	8,2	5,2	246	149	0.000444787259868	0.004679428512993303
3001	3	4	8,2	0,2	220	149	0.0222118681961	0.07897865539600621
3002	0	2	2,2	0,0	226	149	4.70353822224e-07	2.064412322855025e-05
3006	45	277	68,44	266,138	298	149	0.0163632823182	0.06357463351566224
3007	352	13	410,179	2,0	298	149	4.0985095492e-05	0.0007332938422740636
3015	6	14	2,8	6,3	298	149	0.338337082907	0.570461504133111
3016	14	8	0,8	0,2	243	149	1	1.0
3019	7	12	118,72	89,46	297	149	0.0504852526544	0.14589822500638847
3020	36	0	357,218	2,0	298	149	1	1.0
3025	2	2	0,3	0,0	298	149	1	1.0
3026	7	4	13,4	0,0	298	149	1.37734018854e-05	0.00029205820408182256
3027	112	1609	87,79	1376,1360	258	149	0.434570526641	0.6721963707789477
3028	55	59	105,37	37,14	298	149	6.52403348607e-05	0.001041250571725604
3030	118	11	172,80	15,0	298	149	0.223805309866	0.4411713090621712
3031	137	8	224,126	10,10	298	149	0.98484746177	1.0
3032	57	8	101,64	2,2	298	149	0.00197573735746	0.013874615592762849
3042	100	145	33,14	80,50	298	149	0.00551777440398	0.030154529768054127
3045	1	0	3,5	6,4	298	149	0.00262150518034	0.01700648510756365
3046	28	120	61,121	234,346	240	149	0.235032888268	0.45494851958096144
3047	6	0	27,9	0,2	298	149	0.69741757112	0.9068458728137946
3049	1	4	0,0	3,4	271	149	0.328608295752	0.560449728456204
3053	4	4	2,0	13,0	252	149	1	1.0
3056	1	17	3,4	13,3	298	149	0.0273423295957	0.09187498429213539
3058	4	148	11,2	243,212	298	149	0.823169581381	0.9941029037399953
3060	8	153	23,13	238,162	298	149	0.150794603351	0.33222120848075215
3061	13	176	33,22	237,155	264	149	0.0445823790925	0.13321167180531956
3062	7	118	9,5	125,110	298	149	0.965755845233	1.0
3064	10	78	33,15	118,74	298	149	0.0634038090062	0.17241171297039284
3067	7	141	23,5	165,131	298	149	0.11852840424	0.27955187868191433
3068	4	43	38,9	74,39	298	149	0.00193377448402	0.01368255044234806
3071	13	12	26,24	21,14	291	149	0.529402389724	0.7635551552760209
3072	13	8	27,24	8,10	294	149	0.276664144291	0.508938822078205
3074	4	27	12,4	79,71	298	149	0.848544262722	1.0
3075	5	10	8,13	9,6	298	149	0.101821009519	0.2472041622635013
3078	2	8	6,4	9,9	298	149	0.264295230548	0.49362054694769425
3080	6	16	10,10	16,22	298	149	0.490526995749	0.7252054373994427
3081	4	2	0,0	2,0	298	149	1	1.0
3083	53	0	77,29	0,1	298	149	1	1.0
3084	27	64	155,21	68,33	298	149	0.00935882906523	0.04366935356184563
3087	6	12	5,4	40,44	298	149	0.021622303224	0.07776830954701153
3091	49	3189	50,24	1815,1425	298	149	0.638476850151	0.85671806086769
3092	2	12	0,2	71,29	298	149	0.288494342982	0.5208101603061941
3093	25	67	58,41	34,33	298	149	4.72248057903e-06	0.00013265447946495272
3099	0	4	1,2	0,5	298	149	0.202751927968	0.4127030185957334
3102	1	0	12,9	0,5	298	149	0.0102994072972	0.046438258584004494
3103	1	0	9,9	0,2	298	149	0.638343751506	0.85671806086769
3110	7	2	1,31	2,7	240	149	0.672616334536	0.8853698611582118
3111	9	19	27,23	8,1	298	149	1.25378087775e-05	0.00027731263666139764
3116	14	31	10,3	20,2	298	149	0.66461408296	0.879783675322639
3119	10	37	0,4	34,47	298	149	0.00123646969801	0.010245555698259853
3120	10	100	11,7	68,86	298	149	0.753232184059	0.9449884792415056
3121	10	163	16,3	128,161	284	149	0.874769469314	1.0
3123	8	5	4,4	6,8	298	149	0.123969383875	0.28898755129035275
3124	73	394	87,49	1175,392	298	149	0.000401780094694	0.004340770330751716
3125	154	49	368,157	402,96	298	149	0.000105670367788	0.0015144288934514898
3126	37	14	42,19	19,4	298	149	0.888598807863	1.0
3127	0	4	3,2	0,8	298	149	0.00386797069808	0.023315728950443607
3128	4	62	13,4	25,31	298	149	0.00623011902098	0.03280722812008895
3129	7	78	10,5	42,30	298	149	0.101669993309	0.2472041622635013
3131	2	40	4,4	17,16	298	149	0.0363734203948	0.11377832727059377
3132	3	28	4,2	15,8	294	149	0.320257888129	0.5505534931177241
3133	3	25	7,6	17,15	298	149	0.0492347177337	0.14361404165520592
3135	3	2	10,6	0,0	298	149	0.000944822641422	0.008561312257272252
3138	18	125	18,8	101,63	298	149	0.844873884431	1.0
3141	0	4	4,3	15,7	292	149	0.022259259426	0.07904710458613654
3143	0	1	7,0	9,6	298	149	0.0220153026662	0.07867809820528728
3148	1	24	0,0	17,48	298	149	0.428079367172	0.6672283759583105
3149	1	1	0,4	0,2	298	149	1	1.0
3152	6	4	8,8	6,8	258	149	0.68188884043	0.8933888772238199
3153	13	81	28,15	75,48	298	149	0.0275492386566	0.09201642257596838
3154	6	9	20,9	20,13	298	149	0.587388961181	0.8168195999789253
3155	5	36	19,9	53,40	298	149	0.0985217310565	0.24233585160920185
3165	0	1	2,2	0,0	298	149	1.59480852878e-05	0.0003293983203928691
3166	7	123	2,16	46,44	227	149	0.0177003414671	0.06691824923429865
3172	5	0	19,9	2,0	241	149	0.61101304585	0.8392839343729341
3173	5	0	20,9	2,0	246	149	0.593364554572	0.8218742770181202
3176	19	2	35,47	19,10	298	149	0.0616322695328	0.16906742687269063
3177	10	3	2,4	1,0	251	149	0.00982379783579	0.04501639171408501
3178	28	1319	25,31	795,969	239	149	0.135335511278	0.3064477300843812
3179	62	90	40,39	39,8	298	149	0.0254908851646	0.0870035193528085
3181	1	8	3,3	12,6	298	149	0.225013215598	0.44324132020671947
3189	7	65	3,4	83,123	298	149	0.0390859196877	0.11972993282742563
3190	58	323	25,8	63,56	298	149	0.210276401925	0.4234167835177957
3191	50	6	15,6	1,0	298	149	0.00583705569978	0.0314105162082031
3192	15	283	14,2	28,23	298	149	0.000411872260966	0.004399046315792752
3193	73	4	32,31	2,2	298	149	0.813572420624	0.9863292747228382
3194	4	2	2,7	0,0	298	149	0.00139457085775	0.011100033252805779
3195	1106	0	1115,624	0,2	298	149	1	1.0
3199	3	0	11,2	1,0	259	149	1	1.0
3201	5	0	6,26	5,2	298	149	0.0041143410585	0.024228897344499997
3202	4	0	8,7	3,5	298	149	0.00133472125242	0.010898930226883081
3210	9	21	55,26	27,25	298	149	0.00511500542622	0.02879368786022441
3212	60	2	167,119	0,0	298	149	0.431597249717	0.6685554805737244
3213	0	2	4,1	0,0	298	149	2.90675355341e-07	1.4324685493909983e-05
3214	13	88	23,3	64,34	298	149	0.197142519552	0.4037739435403571
3217	2	0	3,2	2,0	298	149	0.407837910082	0.6479405705432565
3219	50	115	107,66	47,52	298	149	8.68608229343e-07	3.388778494756232e-05
3221	11	2	29,19	9,3	298	149	0.625284468242	0.8484519482839884
3222	20	0	118,106	0,4	239	149	0.531824536843	0.7635551552760209
3226	16	320	25,24	312,245	298	149	0.0658375621682	0.176973887206195
3230	0	7	6,0	8,5	298	149	0.0117356652618	0.05150856831311906
3233	1	7	2,0	4,9	298	149	0.451753144274	0.6877911014990059
3234	1	0	0,2	0,2	298	149	1	1.0
3237	125	263	8,41	37,38	298	149	0.781941540398	0.9659075580378109
3238	216	182	10,39	12,13	298	149	0.451329294617	0.6875184319843562
3239	270	151	23,43	25,20	298	149	0.475620830504	0.7098931524366291
3240	42	828	33,29	751,895	298	149	0.216643000607	0.4333687016793167
3242	37	821	26,32	685,915	298	149	0.383764262816	0.6198398335645144
3244	41	6	80,68	12,7	298	149	0.84592482182	1.0
3247	2	6	4,0	5,5	298	149	0.645602843677	0.8619964695916966
3248	5	2	8,2	0,0	298	149	0.00215025616532	0.014554384502129833
3249	13	32	20,7	44,23	298	149	0.892462061877	1.0
3250	2	0	10,24	6,0	298	149	0.0134478300842	0.05612920461592542
3252	2	0	0,0	11,2	298	149	2.24388454584e-06	7.162581465073364e-05
3253	3	2	5,0	3,0	298	149	1	1.0
3254	3	0	4,0	2,0	298	149	1	1.0
3261	0	1	2,0	0,0	298	149	1	1.0
3263	209	1	24,4	0,0	298	149	1	1.0
3265	69	39	44,18	34,30	298	149	0.0500673853461	0.1452885180136311
3280	3	59	11,3	70,100	298	149	0.396043306893	0.6331733916120871
3282	3	0	10,3	1,0	298	149	1	1.0
3283	720	2	274,112	1,0	233	149	1	1.0
3287	17	2	26,19	2,0	298	149	0.130042135093	0.29822133801013795
3289	1695	6	2009,1452	11,4	298	149	1	1.0
3290	1391	0	1690,1251	2,0	298	149	1	1.0
3291	1352	888	1619,981	450,358	298	149	9.9209073845e-08	6.333597464331932e-06
3292	1048	12	1300,780	9,4	298	149	0.132393887432	0.3018623618477987
3293	903	0	1029,741	1,0	298	149	1	1.0
3295	402	1084	369,232	748,497	298	149	0.0743711670035	0.19511824772718395
3296	242	1280	173,142	1033,473	298	149	0.357050588678	0.591016560752211
3297	132	835	90,55	611,520	298	149	0.213004851783	0.427684509405609
3298	106	999	82,80	795,708	263	149	0.947836943452	1.0
3301	161	1	71,41	0,2	298	149	0.679344567597	0.8904707841250458
3305	2	21	6,3	24,43	298	149	0.526010734495	0.7608466288344259
3306	3	6	0,0	10,17	298	149	0.00550611799764	0.030149484318461522
3310	2	0	0,0	2,0	298	149	1	1.0
3314	1	28	2,2	41,61	298	149	0.656756644036	0.8722597697858742
3317	3	15	0,10	3,8	225	149	0.300550070764	0.5323109386986608
3318	2	1	2,0	0,0	298	149	1	1.0
3320	93	43	99,49	20,13	298	149	0.0113106336456	0.04994106293880062
3322	0	12	2,2	10,26	298	149	0.178426782869	0.3762769017109767
3324	1	6	2,2	52,37	298	149	0.472062881503	0.7072131382090278
3328	24	2	28,18	0,0	298	149	0.129201429551	0.2973161909091104
3329	7	14	13,6	3,12	298	149	0.177106797244	0.374336338192924
3331	0	1	0,1	0,0	298	149	1	1.0
3340	11	15	6,7	3,10	298	149	0.638649917927	0.85671806086769
3341	8	23	4,8	2,0	298	149	0.00042228896301	0.0044811340145958
3345	7	11	6,13	14,15	298	149	0.947776533829	1.0
3349	10	2	10,4	0,2	275	149	0.240455754769	0.461681623476501
3353	2	5	7,4	14,13	220	149	0.880387453091	1.0
3360	47	2	67,38	1,3	298	149	0.864118072362	1.0
3361	17	25	29,38	23,23	298	149	0.0415798231539	0.12626780890735687
3362	0	8	2,2	11,14	262	149	0.0847466437643	0.21543287089042415
3369	18	48	11,14	38,31	230	149	0.89981670297	1.0
3372	3	4	2,14	2,2	298	149	0.0912731181194	0.22830470952572982
3375	5	14	21,17	31,15	298	149	0.0911751764949	0.22826298642974518
3381	0	9	0,2	9,1	298	149	0.527630076487	0.7622408649314494
3382	7	33	8,6	60,65	298	149	0.261159302075	0.48906431968578334
3383	0	16	17,0	11,3	298	149	0.000779758837408	0.007374890822488458
3385	9	17	2,0	5,8	298	149	0.00843822020321	0.04072673634160978
3388	6	23	16,11	16,14	269	149	0.0131358465815	0.05533519251932309
3392	0	4	5,2	11,16	298	149	0.0219895749648	0.07867809820528728
3394	10	86	7,4	9,6	298	149	0.00200709038358	0.01398986820713702
3396	2	67	8,2	6,7	298	149	7.63557914917e-05	0.0011720405371594825
3397	27	114	3,2	4,7	298	149	0.841896752047	1.0
3399	14	306	3,0	26,14	298	149	0.789797644519	0.9697004317923703
3401	15	8	9,7	3,0	298	149	0.0695132866575	0.1852588446118762
3402	24	28	9,7	6,4	298	149	0.229052698808	0.4455741211576676
3403	14	368	28,12	368,332	298	149	0.223589612271	0.4411713090621712
3404	24	409	41,31	457,315	298	149	0.0786522084244	0.20387176840552276
3405	83	160	91,42	85,64	298	149	0.0302427978339	0.09904215697871036
3406	32	163	15,7	150,85	240	149	0.0131393995765	0.05533519251932309
3408	14	0	17,13	2,0	298	149	0.800468589483	0.9784666091635105
3409	15	20	16,3	11,0	298	149	0.122817313762	0.2872119229041181
3411	5	87	10,0	31,10	298	149	0.0352460753938	0.1108692337975187
3417	4	12	22,5	30,9	298	149	0.173989146871	0.3699738936870848
3418	3	57	6,11	72,36	248	149	0.0448405496884	0.13331728096778148
3419	12	0	41,20	4,0	298	149	0.0622020318903	0.1699664470621135
3422	2	15	8,2	13,11	246	149	0.131990670219	0.3014323517440414
3424	9	100	16,11	85,30	298	149	0.0176299560024	0.06680501391142142
3426	7	0	7,5	0,2	298	149	0.511926845107	0.7474025508864673
3430	0	26	8,0	40,25	298	149	0.0251020633813	0.08630562550559571
3433	26	2	92,55	6,2	298	149	0.694901831742	0.9064237059164638
3434	44	10	22,15	1,2	298	149	0.0339825437674	0.10749658270566059
3437	2	13	8,5	15,16	298	149	0.132572536453	0.3020245376289351
3438	0	2	0,2	0,0	283	149	1	1.0
3442	21	0	102,33	2,0	298	149	0.399944978527	0.6375967336449166
3443	2	4	7,10	16,5	230	149	0.392250555912	0.6278243940494632
3444	0	5	2,2	24,8	264	149	0.130204795134	0.2983240371381778
3447	51	148	55,119	93,140	298	149	0.000806336979426	0.0075208061519245
3448	17	182	122,117	66,87	228	149	0	0.0
3452	0	4	5,7	14,26	298	149	0.0128907600274	0.054947109130450075
3458	31	0	36,19	1,0	298	149	1	1.0
3459	0	21	25,7	53,3	298	149	2.38905772963e-05	0.00046280708453855636
3462	17	302	35,23	408,182	298	149	0.0539942570768	0.15397956155201137
3464	0	2	1,0	3,4	298	149	1	1.0
3465	0	7	0,2	31,13	272	149	0.928492835643	1.0
3468	7	63	6,6	20,24	298	149	0.1168509539	0.2765242877043808
3472	23	4	87,95	2,12	298	149	0.291362835856	0.5219631415302959
3477	50	2	35,16	2,3	262	149	0.364178759673	0.5971851348052872
3478	2	44	6,4	74,145	298	149	0.777789210445	0.9641702966195963
3479	5	336	27,29	270,656	298	149	0.000537875419902	0.005494152925471702
3483	0	32	0,4	67,94	258	149	0.780249832475	0.9650910521454316
3485	4	22	11,5	27,11	235	149	0.13331312985	0.30346562540409233
3486	11	47	10,4	59,44	298	149	0.217169395376	0.4334955827309013
3487	9	36	13,3	50,38	298	149	0.542685784101	0.7745957152132668
3488	15	42	20,7	42,16	298	149	0.52507899863	0.7602819109029226
3491	337	2	555,208	6,6	298	149	0.107165339414	0.25684935018253074
3493	9	0	10,16	5,0	298	149	0.00958070421036	0.044190801522005316
3494	0	8	2,0	0,0	298	149	1	1.0
3501	37	2	74,26	0,0	298	149	0.231625483262	0.44995572785820054
3508	167	2	66,38	2,6	298	149	0.0130988564395	0.05533035750158721
3509	135	403	23,36	117,41	298	149	0.575818331965	0.8067200471270249
3510	6	26	0,0	32,53	244	149	0.000175879596709	0.0022767086965694975
3511	12	0	8,2	2,2	298	149	0.000528644832374	0.005419574212184548
3514	5	1	11,17	0,1	298	149	0.0605982525674	0.16704660594879941
3519	47	76	7,3	24,14	298	149	0.0139447704974	0.05718373770393664
3521	82	41	228,132	22,26	298	149	1.19810753847e-05	0.00026710191075890715
3522	10	23	14,11	48,45	227	149	0.330931381006	0.5629347833873619
3525	26	33	42,34	66,43	289	149	0.736802722514	0.9335493223012297
3526	17	17	23,17	23,11	298	149	0.70032694862	0.9090658034535951
3527	18	36	31,23	47,36	298	149	0.442788007268	0.6815295958442805
3528	16	43	25,39	51,32	298	149	0.0590644577196	0.16443217218469416
3529	20	72	23,14	93,39	298	149	0.958284179743	1.0
3531	2	13	3,6	20,9	298	149	0.343173423813	0.5751635724884946
3532	6	2	11,1	12,5	298	149	0.0628310185422	0.17118557816201724
3534	81	105	39,76	122,87	298	149	0.199900806974	0.4077860325272084
3535	10	31	17,6	66,38	298	149	0.432169475052	0.6688507192402579
3536	10	14	62,27	36,20	298	149	0.0664814321262	0.17819307523138914
3537	10	12	55,26	11,4	298	149	0.000203285471851	0.0025045126773221888
3538	136	0	112,75	1,6	298	149	0.0117641875811	0.051549390194250776
3539	14	170	19,31	86,115	298	149	0.000647062905938	0.006311110079096673
3540	5	29	12,6	23,4	267	149	0.0169870730846	0.06520041330529168
3541	6	54	12,10	29,13	270	149	0.00147449191726	0.011537180489090084
3542	7	73	23,8	80,34	298	149	0.0138936563444	0.05718373770393664
3543	0	14	0,2	8,17	276	149	0.285811112688	0.5176490708361193
3545	7	3	6,5	2,1	298	149	0.483070786969	0.717960762220064
3548	2	105	12,4	83,163	298	149	0.0442517817287	0.13280262273068194
3550	106	284	237,140	322,159	298	149	2.55366422925e-05	0.00047821618799754993
3551	6	34	19,6	31,11	228	149	0.0119025014154	0.05190843573280108
3558	15	4	32,25	20,24	262	149	0.053101136178	0.15236066549949132
3563	0	63	3,0	134,115	228	149	1	1.0
3565	0	28	2,2	54,40	298	149	0.534963536768	0.7666900891741388
3569	28	65	30,13	43,11	242	149	0.0696049330978	0.18527413162306713
3572	10	0	52,61	7,8	298	149	0.00575966579791	0.031053553217522442
3573	6	33	6,6	16,20	298	149	0.310557411342	0.5418358810308559
3585	3	47	8,2	44,22	298	149	0.182822429495	0.3829591382934042
3592	2	2	6,13	9,5	298	149	0.678306550692	0.8904707841250458
3600	0	4	1,0	4,3	298	149	1	1.0
3601	14	59	19,5	39,37	298	149	0.585111631199	0.8148629509360392
3603	894	1391	804,836	1377,1476	298	149	0.406262278741	0.6462008725840709
3604	5	2	5,3	2,2	298	149	0.811890793492	0.9852714516786768
3605	5	0	8,7	2,0	298	149	0.629397800905	0.8516273712630755
3612	4	1	6,6	2,0	253	149	0.445271284907	0.6831059744968668
3620	13	0	18,22	2,0	295	149	0.931723248897	1.0
3631	0	4	2,0	8,0	298	149	1	1.0
3633	57	752	22,20	364,295	298	149	0.41749020543	0.6580976358321381
3634	60	71	159,82	132,57	298	149	0.0696509373421	0.18527413162306713
3635	83	28	193,101	93,53	298	149	0.138292044482	0.31226877246779583
3636	2	6	1,0	6,20	296	149	0.0849783089672	0.21582646463730995
3640	4	9	2,0	10,6	298	149	0.0322248393057	0.10345094126824149
3642	8	2	28,23	6,9	298	149	0.778604728377	0.9642595584454985
3644	1	8	1,0	0,4	298	149	0.425692931544	0.665426513470838
3647	2	5	7,4	23,3	298	149	0.771783486988	0.9592654048448196
3650	0	1	4,6	8,11	298	149	0.0119376466655	0.05190843573280108
3661	12	0	43,20	0,4	298	149	0.0487432318943	0.14262472749071742
3663	4	0	2,8	0,2	298	149	0.675776305407	0.8886964615581755
3665	4	2	4,8	2,0	298	149	0.0812787033108	0.20916039648307622
3666	0	21	0,4	10,26	298	149	0.155068857974	0.33828491908879654
3670	15	3	27,22	2,0	298	149	0.0219776834197	0.07867809820528728
3671	4	11	7,4	14,9	298	149	0.640748022285	0.8578938010479338
3678	6	2	5,13	0,0	298	149	0.0058604973953	0.03141629233472844
3700	2	0	0,0	2,0	232	149	1	1.0
3703	331	0	603,251	9,0	261	149	0.450447723065	0.6869335303741938
3705	232	35	388,325	55,8	298	149	0.0273708172578	0.09187498429213539
3706	245	13	364,270	0,1	298	149	6.36177280189e-07	2.5528885429298586e-05
3713	3	17	33,21	55,24	298	149	0.00942071221966	0.04381904849838894
3714	2	4	15,0	3,0	298	149	1	1.0
3715	30	77	34,17	108,84	298	149	0.186525164255	0.3878232319706107
3719	27	14	157,114	14,30	298	149	0.00863998264124	0.04134533430876177
3720	3	26	16,11	59,54	298	149	0.144589078254	0.3223418419170524
3722	1	1	4,7	12,15	253	149	0.561283397119	0.79467997102181
3728	2	31	23,7	59,23	298	149	0.00240792991391	0.015893944580561734
3729	5544	103	2617,2970	33,38	298	149	0.0464658301245	0.13695961890841604
3730	53	0	36,14	0,2	298	149	0.746166336707	0.9399481921820326
3731	14	72	12,8	33,30	298	149	0.273084732763	0.5050204706208159
3732	1	33	16,4	49,27	298	149	0.00164356961689	0.012311432143584026
3733	11	19	27,10	23,4	298	149	0.0615365598875	0.16896988927076
3735	41	8	54,23	32,13	298	149	0.00726378916376	0.03674409775115473
3740	51	1	64,41	4,6	298	149	0.0325560176854	0.10427577386349898
3743	35	671	35,29	482,284	298	149	0.0575831184326	0.1614281234303128
3748	89	95	53,28	50,37	298	149	0.928825321511	1.0
3751	10	19	8,4	1,2	298	149	0.00585660511275	0.03141629233472844
3756	1	15	8,3	24,2	236	149	0.021725923579	0.07804107331638235
3757	31	886	28,35	208,243	298	149	5.3183896398e-08	3.5569896424281424e-06
3758	2	33	2,13	35,21	298	149	0.0294729271879	0.0969431527761254
3771	22	142	16,13	127,78	298	149	0.746036368055	0.9399481921820326
3773	52	2	48,42	2,2	298	149	0.870058860344	1.0
3774	94	15	97,51	18,1	298	149	0.352407357235	0.5854005124027882
3775	0	1	5,2	2,6	239	149	0.00505561390678	0.028573882221619756
3776	2	0	8,4	3,4	298	149	0.00108116794641	0.009344617727586737
3777	0	76	6,0	38,54	298	149	0.184998187021	0.3857905770913058
3778	3	0	11,6	6,0	298	149	0.0078241849913	0.038625897435082074
3779	5	14	9,10	14,2	298	149	0.0581917016847	0.16248557657288498
3780	0	6	9,7	19,9	298	149	0.00188663405209	0.01339806482622664
3784	1	1	9,44	2,14	298	149	0.331067377058	0.5629347833873619
3788	26	140	39,32	61,36	298	149	1.14557852848e-06	4.1568493565155894e-05
3789	23	135	60,32	67,66	238	149	5.12511698314e-06	0.0001425391446102996
3793	31	141	5,0	26,45	298	149	0.00327393114493	0.0205278405939919
3794	1	56	0,2	18,31	298	149	0.829426387917	0.9990817854454772
3796	0	1	2,0	0,0	263	149	1	1.0
3800	4	71	0,17	1,79	241	149	0.019357583548	0.07135886113691864
3805	4	6	9,6	12,13	298	149	0.865866242703	1.0
3810	2	0	0,0	2,0	286	149	1	1.0
3811	4	9	4,2	11,7	257	149	0.647951792074	0.8630140274707757
3812	0	5	0,6	10,3	229	149	0.0179795401834	0.06760981040852823
3813	18	46	34,19	23,10	298	149	9.18592325326e-05	0.0013439197092920492
3814	47	43	78,36	30,28	298	149	0.11236232199	0.26680115170744717
3815	4	22	12,10	31,26	298	149	0.14827333371	0.3276945667910228
3825	0	4	2,2	0,0	298	149	2.86633194957e-09	2.5161020144819155e-07
3826	78	15	78,59	3,9	298	149	0.0645983549144	0.1749824290786399
3828	15	23	25,25	28,28	298	149	0.411284651434	0.6519743712630395
3835	4	13	3,6	8,6	298	149	0.363827627789	0.5970057845190859
3836	3	7	18,6	3,12	298	149	0.104895162795	0.2529188946705193
3843	50	2	31,31	0,0	248	149	0.435879187518	0.6734788986457986
3844	52	1	46,36	0,0	298	149	0.297992804712	0.5297859420481064
3845	68	16	56,47	4,5	279	149	0.0163502328073	0.06357463351566224
3846	5	112	4,8	90,59	298	149	0.290997301034	0.5219448429139617
3847	299	2	125,172	0,0	298	149	0.639307399681	0.8567817202785921
3853	2	15	4,8	13,11	235	149	0.0611728501465	0.16830023120618853
3856	4	19	9,6	16,17	296	149	0.187986042258	0.39057159223574117
3860	2	0	0,0	1,0	298	149	1	1.0
3868	0	14	7,4	35,29	298	149	0.0137067599448	0.05678803640847079
3874	0	1	2,0	1,4	291	149	0.525056609314	0.7602819109029226
3877	3	4	3,10	0,0	298	149	1.29026294771e-06	4.474504469280728e-05
3887	11	0	2,4	0,6	298	149	0.00595462280289	0.03186006753012954
3889	4	0	10,19	0,1	278	149	1	1.0
3893	0	3	6,4	10,7	298	149	0.00545440286694	0.030068809777677157
3894	2	2	4,2	7,4	298	149	0.793630738536	0.9726477943052461
3897	7	46	3,4	42,58	245	149	0.141465786981	0.317188054141744
3899	7	31	13,6	54,31	298	149	0.930545951496	1.0
3900	5	27	0,2	30,48	234	149	0.0044136641062	0.02551774405941275
3911	6	6	2,4	0,0	298	149	4.886749706e-07	2.111827680639077e-05
3912	49	2	2,6	0,0	281	149	0.363534928572	0.5970057845190859
3913	11	3007	15,11	2099,2537	298	149	1	1.0
3915	116	8	81,41	6,3	298	149	0.910732363951	1.0
3916	67	6	49,48	0,0	298	149	0.000166465569412	0.002185055067655645
3919	9	30	21,18	16,7	298	149	0.000219511203769	0.002669294248429095
3921	5	30	5,6	17,10	298	149	0.162593181687	0.35137081867557846
3922	3	26	16,6	30,6	298	149	0.00367613290045	0.0223512063146408
3924	1	9	18,9	18,5	298	149	0.00177509432173	0.012819336030251286
3926	0	3	1,3	3,3	298	149	0.01530744598	0.060904554897762045
3928	0	16	4,2	14,26	298	149	0.0463087819399	0.13678377336401587
3929	6	33	11,10	28,10	298	149	0.029408999116	0.09684628196581944
3935	1	0	1,4	2,13	298	149	0.00180961574911	0.012967374079719362
3936	12	0	25,26	2,0	298	149	0.697199023072	0.9068458728137946
3937	2	27	2,10	10,23	298	149	0.0203810955069	0.074739552583397
3938	1	8	0,4	10,15	298	149	0.461965548637	0.6969179517300392
3939	1	6	0,4	6,9	298	149	0.567847929908	0.8003436202265791
3940	1	2	2,4	2,0	298	149	0.0460958827459	0.13644187000340682
3941	1	0	2,4	2,1	298	149	0.00674353487803	0.034885063485057585
3942	92	0	135,70	1,0	298	149	1	1.0
3943	49	0	80,65	2,0	238	149	0.632656066208	0.8533330645969377
3958	2	3	8,1	13,8	233	149	0.792014764357	0.9715150537462065
3963	2	4	0,0	4,2	263	149	0.0655014573346	0.17640804760584028
3971	3	4	1,6	9,19	276	149	0.293612603164	0.5246550905137888
3976	4	15	11,10	8,8	298	149	0.00726824196503	0.03674409775115473
3983	5	3	3,7	0,0	298	149	0.000110197347784	0.0015568484038409546
3985	8	5	37,9	2,2	298	149	0.00776626918792	0.03840748265645648
3986	57	35	40,44	19,23	298	149	0.501031363293	0.7355858956576912
3987	32	0	24,27	0,1	298	149	1	1.0
3988	20	130	20,26	94,93	298	149	0.133675041799	0.3037970812406076
3989	17	1	16,26	2,0	247	149	0.60233380754	0.8310194820136837
3990	46	306	50,51	226,257	298	149	0.145626797945	0.32388414523159537
3991	10	407	6,1	385,453	245	149	0.471463703506	0.7070696973563021
4000	4	12	10,8	15,15	298	149	0.307172954246	0.5382712591871578
4001	4	20	10,8	25,25	298	149	0.265636917358	0.4951387530581433
4002	157	3	113,53	2,0	298	149	0.247044313672	0.46975708525913673
4007	0	6	0,2	2,20	298	149	0.317002005264	0.5473836444353385
4009	9	3	3,0	9,3	298	149	0.00050000256511	0.005201878538496259
4013	4	5	22,17	38,11	298	149	0.843851619317	1.0
4017	4	14	0,3	36,33	258	149	0.016319389006	0.06357463351566224
4018	7	26	18,6	45,30	298	149	0.748469742845	0.9411152675253379
4019	9	9	28,17	8,4	298	149	0.0169843935222	0.06520041330529168
4020	2	8	2,2	37,12	298	149	0.421106656269	0.6600940834038064
4021	2	17	11,6	25,18	298	149	0.0538857623565	0.15397956155201137
4022	1	9	17,7	24,18	298	149	0.0238101557504	0.08308413354394235
4023	49	7	59,15	0,0	298	149	1.36973578431e-05	0.00029205820408182256
4024	0	3	2,5	8,2	298	149	0.00627111820164	0.03292630098767618
4025	3	22	2,2	11,8	298	149	0.852209511389	1.0
4026	10	11	6,12	13,20	298	149	0.331753047899	0.5634185680461252
4028	91	0	138,99	2,0	268	149	1	1.0
4029	25	87	54,28	144,84	298	149	0.418793978136	0.6589617930865551
4031	111	5	140,44	9,2	298	149	0.638166934486	0.85671806086769
4032	178	0	245,80	3,0	298	149	0.571549405129	0.8017969317761987
4033	133	6	219,67	18,9	298	149	0.0800775370801	0.20674430299448612
4034	32	41	31,16	25,27	236	149	0.75467165718	0.9463378217602442
4035	0	2	4,2	1,4	298	149	0.00350643538362	0.021599949545150394
4037	267	0	381,266	2,2	298	149	1	1.0
4038	4	0	20,17	2,0	298	149	0.73006810742	0.9316734438346208
4039	4	27	24,33	72,82	298	149	0.0438249536565	0.13196959933377206
4042	66	646	144,89	925,576	229	149	0.026424539121	0.08932193789517329
4045	0	14	1,0	10,8	298	149	1	1.0
4046	4	12	0,6	19,21	278	149	0.292750280205	0.5237805968763344
4061	1	0	8,5	2,4	298	149	0.00114250276215	0.009754681637931154
4069	47	49	34,22	18,44	298	149	0.969236266767	1.0
4071	14	0	15,7	2,0	298	149	0.782890870287	0.9662304282232789
4076	6	25	0,0	59,51	298	149	0.000296770778466	0.003321231540681251
4078	5	103	51,34	401,130	298	149	0.00168276038814	0.01240649325534189
4079	25	2	27,20	0,0	298	149	0.136476174437	0.3086647133603325
4080	7	1	37,6	0,0	298	149	0.531378743394	0.7635551552760209
4091	2	47	22,16	66,48	298	149	0.000142372497419	0.0019402071656855313
4098	0	2	0,4	0,11	298	149	1	1.0
4100	4	0	30,8	6,0	241	149	0.016490739832	0.06389308715598345
4103	22	175	8,8	67,69	298	149	0.71424920643	0.9205898437171844
4105	12	74	24,12	93,53	298	149	0.255213146365	0.48113673029482207
4106	2	0	2,2	1,0	243	149	1	1.0
4107	18	4	2,4	2,0	298	149	0.487641680298	0.7231905850219735
4108	2	38	2,1	18,17	267	149	0.82791969747	0.9981229314134035
4109	0	11	2,1	3,9	258	149	0.175801369004	0.37241783222642233
4113	0	4	0,2	2,1	298	149	0.530664043187	0.7635551552760209
4123	0	13	1,0	12,26	298	149	1	1.0
4124	0	46	1,1	46,60	250	149	1	1.0
4125	926	2634	0,1	19,33	298	149	2.1267144934e-08	1.6145786518812435e-06
4127	4	8	8,0	7,2	228	149	0.848895197798	1.0
4133	1	5	12,0	9,8	298	149	0.320917518948	0.5506764268325791
4137	4	31	5,1	19,24	298	149	0.829983988039	0.9993249131596875
4138	25	117	95,67	183,139	298	149	0.000795057140489	0.007494347341052352
4140	17	12	17,15	72,34	298	149	0.000572033825783	0.005742258849069925
4143	0	164	3,8	151,110	298	149	0.170686870359	0.3648854024645593
4144	10	302	14,5	150,167	298	149	0.175159823367	0.37161929292892976
4148	3	0	0,2	1,0	298	149	0.101341626845	0.2472041622635013
4154	4	2	2,4	0,8	298	149	0.928094765463	1.0
4155	1	1	6,5	0,0	298	149	0.0140735725846	0.05750959809216584
4157	2	8	9,15	13,5	298	149	0.0243817821976	0.08434535245450542
4159	110	16	136,84	11,12	298	149	0.366494845339	0.5995859965607593
4160	6	121	13,2	135,40	298	149	0.318434719898	0.5489982303571987
4161	4	7	7,2	0,2	298	149	0.0235113360739	0.08234830801943281
4163	2	4	3,4	8,0	298	149	0.237726927312	0.45863663380453845
4165	18	94	36,23	93,31	298	149	0.00388418053275	0.023363304317975907
4172	167	74	71,37	20,1	298	149	0.0128474551171	0.05487720304077113
4173	128	90	70,16	43,14	298	149	0.920804322459	1.0
4175	2	2	9,12	2,2	298	149	0.0846343116405	0.21534219329543888
4179	4	48	2,27	38,58	298	149	0.025439495905	0.08693863835876946
4180	4	1	0,25	2,0	298	149	0.877014601344	1.0
4181	6	46	6,34	46,57	240	149	0.0440731038475	0.13240785958035028
4184	13	23	25,13	41,34	298	149	0.829163589758	0.9990817854454772
4185	12	4	25,13	1,2	298	149	0.0387031805702	0.11894664575677441
4197	3	8	2,2	18,12	298	149	0.238860608388	0.4595612664122548
4205	3	0	3,8	2,0	290	149	0.392049777429	0.6278243940494632
4206	2	6	36,98	32,88	298	149	0.0561397339221	0.1584414079175797
4209	2	0	0,4	2,4	298	149	1.38283165336e-05	0.00029205820408182256
4210	18	61	72,20	92,85	298	149	0.194112403488	0.40033901717899556
4213	6	1	19,17	14,0	298	149	0.894832983119	1.0
4214	8	0	32,10	1,0	298	149	1	1.0
4218	1	96	8,11	97,19	298	149	9.01111286147e-05	0.0013322218962036438
4221	0	3	2,0	2,0	298	149	1	1.0
4223	135	12	400,167	14,10	298	149	0.0739306994156	0.19426691736054294
4224	50	0	41,24	13,4	298	149	6.91831832944e-06	0.00017983347572675797
4225	48	52	41,21	59,24	298	149	0.460371246062	0.6960079818020225
4226	99	0	114,70	0,2	298	149	0.652458586977	0.8673715905434893
4227	22	18	39,25	10,10	298	149	0.0232935609741	0.08171686102673646
4228	25	1	44,22	1,0	298	149	1	1.0
4229	14	18	12,5	13,10	298	149	0.817128647448	0.9893596425350999
4230	18	1	13,17	0,0	298	149	0.271919883131	0.5036676135269492
4231	26	13	13,17	16,9	298	149	0.281890393413	0.5131040726331639
4232	9	0	12,6	1,2	298	149	0.0561792959366	0.1584414079175797
4237	4	24	3,4	46,56	228	149	0.244874036317	0.46729019566199254
4238	6	20	17,2	18,10	298	149	0.252898102209	0.4780556992631769
4241	6	36	1,1	7,7	290	149	0.288027413655	0.5206364253261873
4245	0	19	5,0	10,37	298	149	0.107257712733	0.2568515899974399
4246	2	8	2,5	15,14	298	149	0.741112556606	0.936527753930368
4249	6	6	0,2	0,0	298	149	1	1.0
4250	1	157	2,1	134,134	252	149	1	1.0
4251	0	72	0,2	48,54	231	149	1	1.0
4252	1	2	0,1	0,0	298	149	1	1.0
4254	2	0	0,0	0,2	232	149	1	1.0
4255	28	88	23,22	25,39	298	149	0.0151729757972	0.060541035531725566
4256	0	2	0,2	0,0	298	149	1	1.0
4259	74	1	11,10	2,2	298	149	0.0167792343175	0.06479882878273063
4265	8	77	15,12	113,66	298	149	0.343633488195	0.5752481932894845
4266	24	1	33,32	0,4	298	149	0.586091424844	0.8158229992005926
4267	15	96	23,12	74,61	298	149	0.156341899186	0.3401738147277103
4269	23	104	32,16	70,33	298	149	0.0172695022193	0.06576296402215068
4270	3	29	1,3	31,49	239	149	0.341616985087	0.5739247076013057
4273	7	0	15,18	0,4	298	149	0.0192954080507	0.07122312905967977
4274	62	3	39,26	19,4	298	149	0.00198892418713	0.013932389131292192
4276	5	2	6,7	0,0	291	149	0.00221979934066	0.014835685481979857
4278	4	0	4,3	1,0	298	149	1	1.0
4284	2	0	5,15	12,10	246	149	0.00209079135153	0.014359493658796503
4285	9	5	40,18	4,4	151	149	0.0515744516143	0.14843507641861545
4293	6	18	15,3	0,4	298	149	0.00799431132037	0.039190262650819076
4294	0	51	6,0	6,10	298	149	0.00398255574656	0.023821219682656807
4297	66	79	52,37	21,10	233	149	2.18002414172e-05	0.00042525609820079726
4298	212	153	195,86	160,158	298	149	0.0375114936229	0.11617396426320409
4303	2	2	15,9	9,0	298	149	0.125356881044	0.29077413612931136
4307	2	3	2,0	2,2	230	149	0.186189400253	0.3874118706005014
4315	355	9	300,124	6,5	298	149	0.911195535637	1.0
4316	16	185	26,11	102,33	298	149	0.000608554745753	0.006061809506454529
4319	0	17	0,1	22,4	252	149	1	1.0
4321	8	36	40,8	53,38	298	149	0.0919131468665	0.22908964467435536
4325	27	5	15,14	3,0	298	149	0.198740521611	0.40571375378292074
4328	0	1	5,2	2,4	298	149	0.00497011168324	0.02814726556092976
4330	6	12	52,21	29,36	298	149	0.15626401642	0.3401738147277103
4338	3	0	4,8	2,0	298	149	0.453601758787	0.689111595691013
4351	1	15	1,11	10,21	298	149	0.029917081006	0.09828898309456607
4353	11	9	12,5	0,1	298	149	4.67721059796e-05	0.000796259670889069
4354	67	1140	40,14	1467,770	298	149	4.53270049082e-05	0.0007859478814020606
4355	3	1	12,0	6,4	298	149	0.175753693047	0.37241783222642233
4356	9	16	28,17	21,19	298	149	0.126246704843	0.29259652962375166
4357	13	16	1,0	0,0	298	149	1	1.0
4358	11	21	1,0	0,0	298	149	1	1.0
4359	7	10	11,9	22,17	298	149	0.658578826108	0.8738535297767464
4360	73	12	119,34	10,5	298	149	0.222444703599	0.44025995516335403
4362	2	24	2,0	44,43	298	149	0.631212070727	0.8524397628231457
4365	9	30	40,35	26,10	228	149	1.29224556367e-05	0.00028358732721476794
4368	18	160	45,37	203,143	298	149	0.00852511155327	0.040961800607710964
4369	501	1218	103,91	1194,1343	298	149	0	0.0
4371	7	2	19,4	2,0	298	149	0.0837267945401	0.21341975123696996
4374	4	11	0,0	1,0	234	149	1	1.0
4377	24	452	75,50	973,1328	278	149	0.843251765161	1.0
4379	0	2	10,3	1,0	298	149	1	1.0
4382	55	117	17,16	44,21	298	149	0.859197087641	1.0
4387	12070	1	6288,7982	0,0	203	149	1	1.0
4388	154	10514	102,103	4268,5178	298	149	0.695064671607	0.9064237059164638
4389	13627	307	5160,6922	87,144	201	149	0.246772714705	0.46963723279562675
4390	186	0	165,190	19,2	237	149	0.000118336548042	0.001645581007178109
4392	2	69	4,4	26,28	257	149	0.0284524812283	0.09436011779255572
4393	57	557	141,308	1068,1501	298	149	0.00701594145056	0.035897594780734135
4394	54	0	107,274	2,0	298	149	1	1.0
4395	64	699	128,255	1671,1765	298	149	0.339130341893	0.5707711985484943
4400	310	11	437,223	16,10	298	149	0.774218139537	0.9614406516177866
4401	345	233	595,263	268,95	298	149	0.0025287632041	0.016534294150042445
4402	366	5	610,259	7,8	298	149	0.582227651481	0.8136703845821537
4408	605	3	320,193	3,0	298	149	1	1.0
4409	178	8	19,16	7,6	298	149	3.4235821371e-05	0.0006285517792884903
4410	1	6	5,5	16,14	298	149	0.265828727955	0.49516770346524874
4411	0	4	13,4	7,6	298	149	0.000808573676711	0.0075208061519245
4417	291	1	318,261	4,0	298	149	0.864012182871	1.0
4418	165	4227	182,152	3635,3309	298	149	0.194958309902	0.4011999212562037
4423	2	18	6,2	23,24	298	149	0.507136252509	0.7419509027592609
4441	59	46	115,43	56,42	298	149	0.616897419415	0.8418720675173648
4442	66	0	128,160	3,0	275	149	0.541886405968	0.7738479483294927
4445	82	70	159,157	91,59	298	149	0.0139409954672	0.05718373770393664
4449	2127	7	247,94	0,2	242	149	1	1.0
4450	2458	9	306,134	2,1	260	149	1	1.0
4451	49	1751	18,14	205,110	298	149	9.4510790184e-06	0.00021940562779079007
4452	0	2	8,0	0,0	246	149	1	1.0
4456	24	65	13,10	80,35	298	149	0.0712222624822	0.1885611077403391
4465	42	117	31,26	415,122	298	149	8.83138068464e-06	0.0002095715658938537
4468	159	12	166,122	17,5	298	149	0.852022079121	1.0
4469	11	77	36,7	48,41	298	149	0.0107572543844	0.04820147753669458
4470	36	67	48,17	99,69	298	149	0.221723427118	0.4392250400384076
4471	41	0	50,25	5,2	298	149	0.00532889018868	0.02970010424603595
4473	2	0	3,2	4,0	298	149	0.0108584016444	0.04849165376648585
4474	0	4	2,4	0,0	298	149	2.34241426256e-09	2.1932805545103467e-07
4477	2	23	13,3	2,6	298	149	0.00132059068301	0.010846605931506112
4480	2	10	2,2	2,4	298	149	0.366828606959	0.5995859965607593
4482	66	15	37,33	6,10	298	149	0.941316188997	1.0
4485	10	30	42,34	32,8	298	149	0.000191961435892	0.002396531881869458
4489	21	24	58,45	26,12	298	149	0.0027212226935	0.01753191409642546
4490	44	66	127,113	73,82	298	149	0.000641898218058	0.006304195473542007
4491	21	115	37,21	109,125	298	149	0.304635275602	0.5353970823804566
4492	26	131	22,10	166,95	298	149	0.109858106668	0.2617399674558202
4493	22	89	73,29	82,45	298	149	4.28636949126e-05	0.0007572586101225999
4494	0	4	7,4	93,32	298	149	0.108590646484	0.25960095827536683
4499	4	0	3,0	0,2	298	149	0.0219563082761	0.07867809820528728
4508	10	74	19,12	145,130	298	149	0.748295615952	0.9411152675253379
4509	15	40	49,35	82,59	298	149	0.153687733985	0.3367463687705655
4510	17	13	52,35	28,17	298	149	0.337475126128	0.5693499275036349
4521	0	2	1,2	7,0	248	149	0.0712161201882	0.1885611077403391
4527	4	2	2,2	2,2	298	149	0.453269101565	0.689111595691013
4529	4	36	8,20	20,29	298	149	0.00139491339916	0.011100033252805779
4533	11	23	29,23	35,15	298	149	0.0599062625168	0.16546380669586155
4534	12	20	33,21	30,20	298	149	0.147233819499	0.32616703389013485
4535	7	12	43,19	40,48	298	149	0.68593795819	0.8982749298628019
4550	14	308	31,36	498,349	237	149	0.0598827205771	0.16546380669586155
4557	0	10	3,2	2,2	298	149	0.00153026649915	0.011758834739224617
4559	0	3	4,2	11,4	267	149	0.0211748867057	0.07645277218034871
4560	0	1	2,0	0,0	298	149	1	1.0
4562	3	5	9,0	12,8	298	149	0.789844993927	0.9697004317923703
4563	0	8	4,8	11,11	298	149	0.00160595279274	0.012187648358957142
4564	1	5	22,8	6,10	298	149	0.0134345078521	0.05612920461592542
4566	22	1	132,72	6,2	234	149	0.734074756545	0.9326169114133447
4572	1	4	0,2	2,2	298	149	0.597322825483	0.8260451601735729
4575	0	2	0,2	0,0	298	149	1	1.0
4578	2	18	3,5	32,16	298	149	0.518979889502	0.7533925114269344
4580	3	0	0,5	4,0	298	149	0.00438860954871	0.02551774405941275
4583	2	3	4,2	16,6	298	149	0.669957204453	0.882696898362325
4584	7	6	0,3	0,0	298	149	1	1.0
4585	35	24	178,102	53,21	298	149	0.00313478692975	0.019832469562314752
4587	74	844	54,54	1020,523	298	149	0.320681380545	0.5506075782095996
4588	137	924	71,68	1404,991	298	149	1.28819537926e-07	7.699023022002851e-06
4589	204	4	125,78	2,2	298	149	0.843278864651	1.0
4590	300	1008	210,129	1739,1275	298	149	6.90106860546e-11	1.0202685111966916e-08
4591	163	788	118,101	946,651	298	149	0.0152470381876	0.0607502557006644
4594	14	89	18,21	51,67	298	149	0.0344914232063	0.1088611323443783
4596	0	3	3,8	13,10	298	149	0.00876024121159	0.041832711752335376
4597	0	1	4,3	13,10	289	149	0.0318450846418	0.10234879034189495
4598	10	2	9,10	9,6	298	149	0.0551633642681	0.1566773409798715
4601	0	8	2,0	0,0	298	149	1	1.0
4603	4	8	24,5	30,18	298	149	0.81840462389	0.9899322933530003
4606	7	8	20,17	52,17	298	149	0.582681923026	0.8139003091894749
4608	11	2	70,44	0,0	298	149	0.0172559184893	0.06576296402215068
4609	19	0	122,80	1,0	298	149	1	1.0
4610	15	2	107,71	0,0	298	149	0.0415570701791	0.12626780890735687
4611	13	10	8,6	83,24	298	149	9.92455439786e-06	0.00022665100246820115
4612	3	0	15,11	5,0	298	149	0.011924584197	0.05190843573280108
4613	27	25	44,10	58,20	298	149	0.197456176994	0.40397261556893377
4614	13	0	43,4	2,0	298	149	0.37572967145	0.6104248971099191
4615	13	41	37,7	81,51	298	149	0.912117194465	1.0
4616	7	35	16,7	67,36	298	149	0.769590126251	0.9586601617024653
4618	91	17	86,74	14,15	298	149	0.926920664502	1.0
4619	54	0	36,56	0,2	298	149	0.314302216292	0.545321139940845
4621	168	77	78,59	26,17	298	149	0.122544091992	0.28691994062226917
4622	50	116	15,20	70,55	298	149	0.101760033204	0.2472041622635013
4625	1	12	11,1	44,61	298	149	0.517025370105	0.752314709873479
4628	0	22	0,2	18,23	222	149	0.361936471131	0.5959549931522563
4629	3	91	4,8	71,84	298	149	0.146367489093	0.32527087548987443
4637	27	61	44,24	53,22	239	149	0.017912811807	0.06744918011509785
4638	4	2	2,3	0,0	298	149	0.00150202631061	0.01168751220638086
4639	4	8	0,0	2,1	298	149	0.00199983199113	0.013973950405682016
4640	2	44	2,3	75,89	298	149	0.933147009658	1.0
4643	12	0	32,24	1,0	298	149	1	1.0
4645	2	4	0,2	0,4	298	149	1	1.0
4648	4	0	14,7	0,4	298	149	0.0169214083527	0.06520041330529168
4651	6	63	5,11	65,46	298	149	0.400294544404	0.6377920449409166
4652	13	0	11,14	2,2	225	149	0.0245309929429	0.08475714535867909
4653	17	101	14,15	114,53	298	149	0.946866291993	1.0
4654	6	79	10,7	91,27	281	149	0.182205348288	0.38195136070223284
4655	4	2	4,0	6,10	298	149	0.0239001663991	0.0831915333520098
4656	0	4	2,0	10,6	245	149	0.517166146232	0.752314709873479
4658	21	13	31,19	20,19	298	149	0.569925966544	0.8012622822933413
4662	4	4	15,13	80,31	298	149	0.161256273627	0.3492435409546978
4663	28	1	13,27	4,4	298	149	0.0311567084821	0.10097500088269389
4664	29	2	19,37	0,0	298	149	0.167247282226	0.35917248912296174
4674	52	296	87,92	510,348	298	149	0.366754379704	0.5995859965607593
4675	37	315	43,92	551,310	298	149	0.183519050433	0.3838458768922539
4677	49	155	126,86	127,141	298	149	0.000102988052495	0.0014835560997869487
4680	10	22	18,6	30,14	298	149	0.711888839765	0.9185556963251653
4681	8	1	0,2	2,0	298	149	0.143712010454	0.32064101458720096
4685	3	4	0,0	2,0	298	149	1	1.0
4686	4	8	1,2	7,11	298	149	0.112670019654	0.26730581520953206
4687	6	11	8,2	2,0	298	149	0.0026557179879	0.017149222593128965
4690	0	6	2,2	0,11	298	149	0.0337344739978	0.10718814487686953
4694	73	19	76,49	16,13	298	149	0.742077066055	0.9372726971890715
4695	8	67	9,5	97,62	298	149	0.531960640397	0.7635551552760209
4720	0	9	2,0	11,20	298	149	0.723830039258	0.9274059193710036
4722	0	9	2,0	2,4	298	149	0.619529079541	0.8435565605577648
4724	2	63	0,0	78,59	298	149	0.554467678146	0.7886074470441082
4727	8	5	6,2	2,8	298	149	0.352232914362	0.5854005124027882
4731	406	9	167,149	2,2	239	149	0.157930153862	0.34283292287353784
4734	6	2	2,11	2,0	298	149	0.195718490605	0.40159670090315774
4737	4	50	10,7	60,74	298	149	0.336874795681	0.569020626017997
4738	11	87	12,15	140,114	298	149	0.716647838038	0.9213106531115525
4744	5	8	10,0	12,2	298	149	0.923044974482	1.0
4746	14	261	2,1	6,12	298	149	0.65938423035	0.8745091138116856
4751	0	4	2,0	0,0	298	149	1	1.0
4752	76	271	50,37	761,415	298	149	5.0117221484e-10	5.9230050544722664e-08
4753	4	30	8,5	3,20	298	149	0.0334215755433	0.10632073125835752
4754	3	9	4,9	8,0	298	149	0.0361955584365	0.11334818689869398
4757	70	296	49,31	537,922	298	149	3.53634899142e-11	5.518669064943766e-09
4758	7	84	12,7	130,175	235	149	0.643964082214	0.8617889980653292
4760	6	16	4,6	6,26	283	149	0.761410587143	0.9518479480572707
4764	107	2	98,84	1,0	179	149	0.537957996657	0.7701957250813012
4766	5	92	8,6	46,50	285	149	0.0664120890469	0.1781772283980345
4767	4	19	3,2	22,28	287	149	0.282033708845	0.5131040726331639
4768	4	41	3,2	3,14	298	149	0.325846274205	0.5574312936917448
4771	18	28	16,14	4,4	298	149	0.00018621858604	0.0023919547173881094
4773	23	2	10,10	2,0	298	149	0.301752503245	0.5327863074726964
4776	12	4	12,5	0,4	298	149	0.390774122772	0.6271098124448989
4777	8	0	59,29	0,2	292	149	0.873408818926	1.0
4780	11	96	18,4	39,7	298	149	0.00096022947681	0.008637524733936038
4785	8	106	34,16	125,61	276	149	0.000604118461916	0.006039034731395174
4787	29	150	11,2	212,200	298	149	1.11192956398e-07	6.940911433821822e-06
4796	6	6	2,2	10,17	222	149	0.00689972879436	0.0354320624924264
4797	123	4	78,41	6,0	281	149	1	1.0
4800	0	40	3,2	27,2	228	149	0.0210900077374	0.0763425666679853
4804	0	7	4,2	2,9	298	149	0.00549124973837	0.030149484318461522
4810	2	170	9,3	66,64	298	149	0.00442404462689	0.02551774405941275
4811	15	48	609,240	735,292	251	149	0.0010186057564	0.008944791214151657
4815	10	17	2,0	2,0	298	149	1	1.0
4816	3	4	17,4	24,10	298	149	0.783679167948	0.9664938004072129
4818	5	8	14,0	34,10	298	149	0.323061325363	0.5533410139906506
4820	2	2	26,7	14,1	298	149	0.279973336075	0.5128062020028276
4821	3	0	31,10	2,0	298	149	0.480992678933	0.7161156169535096
4823	12	55	47,14	23,22	298	149	0.000266534638802	0.0031303943252709793
4824	8	6	2,12	14,21	298	149	0.0536424100622	0.15373392114850623
4825	17	6	6,9	6,3	298	149	0.387069761926	0.62236918216951
4830	1	19	4,1	11,28	298	149	0.355298188079	0.5888097995952277
4831	4	25	6,10	20,14	276	149	0.0641320850308	0.17422343022390446
4836	4	28	2,0	11,5	298	149	0.226289540466	0.4441303845864764
4837	235	185	98,102	13,23	298	149	1.15856424454e-09	1.301762785165144e-07
4849	4	25	16,7	31,8	247	149	0.0148256941736	0.05949339276234629
4853	8	71	4,2	19,17	298	149	0.803881444589	0.9809309200045618
4854	4	15	3,6	6,4	298	149	0.121478915854	0.28483662323362774
4855	49	2	186,87	6,2	282	149	0.730347071315	0.9316734438346208
4858	0	4	10,4	0,0	224	149	1.91443139119e-09	1.854357854431969e-07
4859	7	6	3,8	8,6	298	149	0.490212006338	0.7252054373994427
4860	36	0	87,115	0,2	298	149	0.890911481509	1.0
4861	1	0	1,2	0,1	286	149	1	1.0
4867	3	168	2,0	158,124	298	149	1	1.0
4868	3	82	12,10	61,79	298	149	0.00538968839098	0.02986121240683002
4869	27	178	42,12	96,54	298	149	0.00429832577208	0.025049786501603152
4870	60	4	58,18	1,0	298	149	0.0100104088108	0.04556433517286926
4871	39	320	26,23	210,114	298	149	0.427169135388	0.6669917183462434
4872	25	169	19,11	119,69	298	149	0.903390227047	1.0
4873	20	1	24,11	0,0	298	149	0.23237761059	0.45081348425384743
4874	14	227	12,8	143,43	298	149	0.178331948942	0.3762769017109767
4878	10	29	19,2	19,10	298	149	0.3128385484	0.5441629052337238
4879	11	9	19,2	10,6	298	149	0.720608869002	0.9242878141674056
4883	13	7	96,45	4,0	298	149	7.99424551812e-06	0.0001969810145649042
4885	2	0	13,11	11,9	298	149	0.00273199820506	0.01756105940048865
4889	53	2	46,60	2,2	298	149	0.999290830731	1.0
4890	29	21	25,9	14,5	298	149	0.524002167056	0.7598978251214785
4891	1	4	0,2	13,4	298	149	0.408243127172	0.6479405705432565
4897	0	5	2,7	11,8	270	149	0.00602215719792	0.0321601512717819
4898	3	0	2,8	0,2	296	149	0.679017787771	0.8904707841250458
4899	0	9	2,2	12,11	240	149	0.0654639906078	0.17640804760584028
4903	2	0	0,0	2,2	251	149	3.90231471281e-06	0.00011418335446128427
4904	2	4	0,0	12,6	246	149	0.075660736914	0.19807177072826285
4905	2	6	10,6	23,8	298	149	0.449860090346	0.6869335303741938
4906	39	5	51,33	13,8	298	149	0.176500077201	0.37361621466285533
4907	21	0	57,40	2,1	298	149	0.313360728558	0.5443601029804713
4908	48	40	97,69	46,26	241	149	0.0196745911888	0.07233760032636022
4910	68	227	118,76	224,206	205	149	0.0471519733782	0.13869098766425528
4911	632	219	905,453	216,135	298	149	0.0814323925567	0.2092805038351055
4912	0	5	2,0	3,0	298	149	1	1.0
4916	13	124	8,7	99,52	298	149	0.807854320698	0.9823805088462657
4917	7	113	4,3	52,32	298	149	0.853748096012	1.0
4918	12	4	10,1	0,0	298	149	7.56558697856e-05	0.0011676776825700571
4919	14	100	13,0	61,51	298	149	0.503309955204	0.7371207842377665
4920	12	0	10,4	0,2	298	149	0.450307666657	0.6869335303741938
4921	0	58	0,2	3,7	298	149	0.560134639461	0.7942545190539873
4924	14	7	34,21	22,31	298	149	0.218480699642	0.4343328275260991
4926	11	0	19,21	1,0	231	149	1	1.0
4928	20	91	8,21	12,13	298	149	0.00027633803597	0.003188040940821541
4941	8	119	28,11	154,68	298	149	0.0123734530574	0.05339021449805929
4943	9	123	23,11	186,87	298	149	0.158202754024	0.3431594872999352
4944	2	133	16,0	219,96	298	149	0.0828258739355	0.21207241204467178
4945	19	98	35,23	143,65	298	149	0.21721871426	0.4334955827309013
4947	7	74	34,13	97,65	298	149	0.00455686850043	0.026016755320544448
4949	18	16	20,7	14,5	298	149	0.6150488449	0.8418720675173648
4962	7	0	8,9	6,4	298	149	0.000512451594883	0.005311721513012351
4969	13	4	20,13	0,5	298	149	0.246733309178	0.46963723279562675
4972	82	641	99,45	491,232	298	149	0.024047192203	0.08349636946628801
4974	1	0	2,2	2,0	298	149	0.301274350862	0.5325863131349011
4976	4	0	4,4	2,1	295	149	0.0134901953786	0.056129656260131076
4977	0	4	0,2	12,4	235	149	0.745895568098	0.9399481921820326
4979	3	45	7,4	37,30	298	149	0.143581298327	0.32060402782237124
4980	5	37	4,0	32,18	227	149	0.279906731268	0.5128062020028276
4982	16	59	20,27	68,31	281	149	0.119379541958	0.2813230984563943
4983	51	2	44,47	2,1	298	149	0.758588125085	0.9504344528830352
4985	24	57	34,30	68,20	298	149	0.0927204058055	0.2306923116985381
4987	5	91	26,6	139,85	246	149	0.030435699185	0.09918083411910092
4993	12	5	28,11	21,8	298	149	0.286661197502	0.51883460295304
4995	8	16	16,8	32,10	298	149	0.717106058669	0.9214780049410892
4998	2	4	9,1	98,40	298	149	0.332696172684	0.5643378919500941
5000	1	5	10,1	204,56	298	149	0.251396336631	0.4758573514801071
5001	0	12	28,4	168,58	298	149	0.0166233054037	0.06431799570109269
5002	23	48	11,8	39,20	298	149	0.255110899281	0.48113673029482207
5003	8	71	9,16	43,30	244	149	0.0134868616391	0.056129656260131076
5007	9	2	19,0	2,0	298	149	1	1.0
5008	21	74	59,16	106,53	298	149	0.121197295921	0.2844137044628981
5009	8	2	26,12	0,4	298	149	0.397655828376	0.6350285513974895
5011	12	138	14,0	209,217	298	149	0.0228557224359	0.08055423377972785
5012	15	1	18,4	0,0	298	149	0.366197316023	0.5995859965607593
5021	44	0	142,88	0,8	298	149	0.0328774677345	0.10506576435291298
5022	45	2	143,84	0,0	298	149	0.299354209999	0.5316340689647804
5024	16	4	26,20	2,0	298	149	0.00718415155979	0.03655848139755454
5025	53	559	51,61	534,401	298	149	0.262545910832	0.4910063006172357
5026	43	753	56,38	689,598	262	149	0.285468581076	0.5176490708361193
5028	21	469	16,10	394,270	238	149	0.633088681602	0.8533330645969377
5029	77	854	35,30	767,503	298	149	0.00720378544511	0.0365921036443291
5030	27	267	29,19	285,199	298	149	0.936244546605	1.0
5031	3	282	221,48	5551,1566	298	149	0.0204413459028	0.07485580687279934
5033	2	8	14,10	27,19	298	149	0.209791873258	0.4227441692838752
5037	71	373	61,36	229,137	298	149	0.129368328162	0.2973161909091104
5038	265	87	369,273	33,9	298	149	6.18194384572e-12	1.0853175164142176e-09
5041	15	174	21,8	165,91	298	149	0.472836102453	0.7076167351041432
5043	3	3	7,1	3,0	298	149	0.209673646175	0.4227441692838752
5048	0	9	6,2	8,10	298	149	0.00401907385779	0.023885200927860083
5050	2	0	0,9	0,4	298	149	1	1.0
5057	27	720	60,14	695,430	298	149	0.038442192499	0.11840363895799452
5058	31	726	29,27	677,407	298	149	0.463185262469	0.6976339958581346
5060	22	892	32,24	579,487	246	149	0.00659599941392	0.034375069301857665
5062	26	945	23,15	1226,970	298	149	0.282854423573	0.5142641267421081
5063	108	85	153,69	71,70	298	149	0.607241174094	0.83542612439893
5064	114	467	159,67	602,329	298	149	0.891072386943	1.0
5066	173	0	219,96	2,0	298	149	1	1.0
5070	10	16	2,8	20,15	287	149	0.132327434443	0.3018623618477987
5072	9	30	6,0	17,13	249	149	0.289258239084	0.5211843448280667
5073	7	29	6,7	12,12	298	149	0.165606033419	0.35619245625878326
5075	6	15	2,4	7,17	298	149	0.378192807264	0.613362353120425
5076	5	19	4,1	10,17	272	149	0.452945314585	0.689111595691013
5078	6	33	0,2	9,8	298	149	0.0829966087816	0.21213600916061365
5079	6	65	2,2	27,38	298	149	0.316550230293	0.5473836444353385
5080	8	0	2,5	0,2	298	149	0.536465205748	0.768450159584973
5082	4	140	0,5	60,108	231	149	0.911122967584	1.0
5083	5	102	1,9	45,77	298	149	0.501633040852	0.7356180860063507
5086	6	130	5,6	56,130	298	149	0.696383884044	0.9068458728137946
5087	6	123	1,16	88,158	244	149	0.457805522292	0.6936222826959159
5089	1	32	4,1	17,25	298	149	0.153841093382	0.3368196658690865
5093	32	22	10,18	6,0	298	149	0.0501723158281	0.14530595928041412
5094	0	4	0,2	4,0	298	149	0.227098141453	0.4441303845864764
5095	2	0	2,16	1,0	298	149	1	1.0
5096	0	12	2,7	15,45	298	149	0.0314079448683	0.10164160960259759
5097	0	2	0,6	13,4	232	149	0.0206696634798	0.0754040061230626
5098	2	8	6,2	15,12	298	149	0.876837274441	1.0
5099	0	6	0,2	0,0	298	149	1	1.0
5103	2	0	2,0	1,4	298	149	1.17414863021e-06	4.17491582564543e-05
5104	1	2	2,2	5,4	298	149	0.78141901317	0.9659075580378109
5107	1	48	5,0	42,16	298	149	0.185869097022	0.3873192088537077
5110	10	21	14,21	17,31	298	149	0.321802757843	0.5515216270780884
5111	10	2	12,24	0,0	298	149	0.024889500909	0.08571752927096801
5112	4	0	10,0	6,0	231	149	1	1.0
5113	65	206	47,18	108,34	298	149	0.137263690449	0.3101960631305237
5114	78	2	53,19	2,0	298	149	0.493990874726	0.7280274748716338
5119	24	5	59,34	15,4	298	149	0.891244053764	1.0
5120	50	50	73,33	43,23	298	149	0.0946583662254	0.234889885801368
5123	0	17	5,1	11,28	298	149	0.0281477388731	0.09357041241957148
5124	8	34	24,4	47,21	298	149	0.250106526446	0.4740548129465682
5130	2	0	0,0	2,0	259	149	1	1.0
5131	204	12	718,431	50,16	298	149	0.99176888819	1.0
5134	82	220	163,117	102,110	298	149	3.7207376069e-09	3.073985864053559e-07
5136	2	0	0,0	0,2	298	149	1	1.0
5137	2	2	2,0	1,0	242	149	1	1.0
5139	2	2	0,2	0,0	298	149	1	1.0
5141	58	4	122,64	12,6	275	149	0.466293922299	0.701188237547051
5142	24	15	27,13	27,12	218	149	0.27327558396	0.5050204706208159
5143	8	18	43,19	16,3	298	149	6.20757153476e-05	0.0010079230312798173
5144	15	0	40,19	2,0	298	149	0.412973063609	0.6533718720716543
5145	19	13	28,21	16,4	298	149	0.239611050576	0.4603744466949275
5146	11	2	7,5	1,1	298	149	0.789574308777	0.9697004317923703
5147	0	10	8,5	7,11	298	149	0.000410374692877	0.004399046315792752
5153	4	3	12,18	4,10	298	149	0.467941251603	0.7029128212581963
5154	0	2	15,10	3,14	298	149	0.00163587025769	0.012311432143584026
5155	3	2	29,23	5,4	298	149	0.195495880036	0.40159670090315774
5156	5	0	48,26	3,0	298	149	0.2794463794	0.5128062020028276
5158	3	16	15,11	39,32	298	149	0.195722991647	0.40159670090315774
5159	1	16	14,14	45,34	298	149	0.00953237232371	0.04404018726529834
5160	1	0	19,31	2,0	298	149	0.838323314177	1.0
5161	2	8	17,24	1,5	247	149	8.25656624526e-06	0.00020167560506900294
5162	2	27	14,22	41,31	243	149	0.00106651314976	0.009246405671839012
5164	13	7	47,29	13,42	298	149	0.722374262826	0.9261293036413665
5166	8	1	35,9	3,7	298	149	0.321673742102	0.5515216270780884
5171	62	0	45,22	1,0	298	149	1	1.0
5174	28	238	26,34	314,521	298	149	0.0828962294144	0.21207241204467178
5177	92	6	137,40	0,2	298	149	0.00338596183519	0.021042404413824576
5178	59	56	97,53	82,56	298	149	0.922690490705	1.0
5181	77	44	65,27	22,8	298	149	0.0600818239943	0.1657857009823072
5182	12	8	26,10	18,33	298	149	0.194669835676	0.4011941074203111
5183	0	6	4,2	24,16	227	149	0.0550112029096	0.15640330867719274
5186	12	130	28,7	109,74	298	149	0.048963441515	0.14310749743762785
5187	29	40	43,30	14,3	298	149	2.09664658084e-05	0.00041475212997039155
5188	1	2	3,3	13,18	298	149	0.444895160462	0.6829019157036929
5189	0	5	1,0	8,9	238	149	1	1.0
5196	6	58	4,4	74,75	222	149	0.244667816686	0.46729019566199254
5201	0	17	2,0	23,28	220	149	0.466560702865	0.7012140258682638
5204	14	0	108,42	1,0	298	149	1	1.0
5207	3	8	4,12	1,6	294	149	0.0127669182024	0.05475156218403297
5208	34	43	110,61	28,11	298	149	2.44704057017e-08	1.8088781477914553e-06
5209	2	0	19,25	4,1	272	149	0.0177781988716	0.06703216191989851
5211	2	54	5,5	51,97	298	149	0.291166809842	0.5219448429139617
5224	31	2	69,34	0,1	298	149	1	1.0
5225	1	9	2,0	9,4	298	149	0.874644651785	1.0
5227	2	0	20,17	0,2	298	149	0.923457757454	1.0
5228	0	11	16,8	6,10	298	149	1.36765243782e-05	0.00029205820408182256
5231	2	21	20,15	17,10	298	149	9.80429317377e-06	0.00022573983217311417
5234	16	155	16,8	65,47	298	149	0.0597377549961	0.16546380669586155
5237	1	16	14,6	9,7	298	149	6.9199536636e-05	0.001092030889946764
5238	147	317	56,45	134,55	298	149	0.438131665897	0.6762153019256445
5239	20	2	18,6	0,0	251	149	0.129447383938	0.2973161909091104
5252	5	0	18,20	3,2	298	149	0.0139323398593	0.05718373770393664
5253	6	2	33,27	0,2	298	149	0.0252137856486	0.08637259010599682
5254	1	2	27,23	4,2	298	149	0.0150804705145	0.06034336420973006
5255	8	0	29,16	2,2	298	149	0.0493686465237	0.1437062467202832
5257	4	0	38,19	2,0	298	149	0.430506556544	0.6681735614646712
5259	3	12	3,0	17,4	233	149	0.306953078808	0.5382217218300075
5261	0	2	2,0	0,0	298	149	1	1.0
5266	13	105	4,0	76,68	298	149	0.00153212300269	0.011758834739224617
5267	3	18	2,4	24,23	298	149	0.777566674499	0.9641702966195963
5268	6	86	4,0	148,86	298	149	0.0517534274844	0.1487977254899484
5269	6	60	2,0	75,50	298	149	0.014520328678	0.0586379841046273
5271	2	22	4,2	33,15	298	149	0.620129266988	0.8439646855471375
5272	1	1	0,0	0,2	298	149	1	1.0
5273	95	2894	69,62	1871,1458	298	149	0.346179077318	0.578475329081655
5276	2	72	2,0	27,37	240	149	1	1.0
5280	8	154	15,13	411,336	298	149	0.571733447614	0.8017969317761987
5295	4	4	1,2	0,2	298	149	0.587214667156	0.8168195999789253
5296	2	4	3,2	7,0	232	149	0.376149073808	0.6107530337148394
5301	0	4	4,0	3,2	298	149	0.0261698613912	0.08878157083077391
5304	0	4	1,0	2,2	230	149	1	1.0
5306	3	3	0,2	4,2	233	149	0.0587655531019	0.1637623399436876
5307	1	8	0,0	12,6	237	149	0.226468636735	0.4441303845864764
5316	11	30	35,28	66,19	298	149	0.0618779298686	0.16957571219599746
5318	14	2	33,9	3,8	298	149	0.335625822187	0.568382294591733
5325	4	4	3,0	14,8	298	149	0.015448515957	0.06111955115945493
5327	38	2	31,21	0,0	246	149	0.311628499671	0.5433671356771191
5332	13	6	14,15	2,4	298	149	0.17731305209	0.37449049873745116
5333	9	16	12,4	6,3	298	149	0.0559841953376	0.1582088578504209
5335	232	7	78,67	0,7	298	149	0.697836730177	0.9068458728137946
5336	310	2	119,90	0,0	298	149	0.669486701338	0.8825896364743735
5337	4	5	11,9	9,2	298	149	0.205596304763	0.41728325150236056
5341	59	82	54,48	69,41	298	149	0.313639758507	0.5445080850717942
5342	27	45	43,16	54,40	298	149	0.942385829822	1.0
5345	20	48	68,33	39,54	298	149	0.0205299814736	0.07499183089641404
5348	5	52	7,9	31,34	298	149	0.0730672603315	0.19235795151938473
5349	21	121	10,3	75,96	298	149	0.0190669407205	0.07065835947742019
5350	27	0	10,11	0,2	298	149	0.743660605416	0.9384288592154285
5351	15	93	29,18	46,59	298	149	0.0035967729498	0.02196377220867
5359	90	28	193,75	94,68	298	149	0.0150320019887	0.06023522622861383
5366	25	91	32,20	222,223	298	149	0.00554347859379	0.030236177417390504
5367	36	117	40,28	219,354	298	149	0.000478767195365	0.0050111119641392
5368	14	97	19,6	213,131	298	149	0.0782859659784	0.2037866205611888
5369	6	162	30,18	361,467	227	149	0.213343412737	0.42805831884159495
5370	6	0	28,18	2,0	210	149	0.444048978797	0.6823487863461559
5372	117	31	147,86	19,11	298	149	0.0155162750798	0.06112293603193319
5375	13	24	9,22	42,48	298	149	0.303172995605	0.5345042828195276
5378	0	26	10,0	17,6	298	149	0.000914988919005	0.00834481777105534
5379	2	39	2,1	39,63	298	149	0.71939366078	0.9231506592649703
5381	35	2	20,24	2,2	298	149	0.675554462453	0.8886964615581755
5384	0	3	59,28	7,6	298	149	2.44134177388e-05	0.00046280708453855636
5392	6	0	21,5	2,0	298	149	0.616820375299	0.8418720675173648
5394	24	74	24,20	125,77	298	149	0.214762740157	0.4302913959351021
5395	8	76	29,20	74,51	298	149	0.00051625336405	0.0053314547780016555
5396	2	39	2,3	37,70	298	149	0.932601956348	1.0
5397	6	9	9,9	9,2	298	149	0.152134754272	0.33438695207359
5399	137	24	223,150	72,51	296	149	0.0151180796552	0.060407803344888766
5400	97	14	151,126	23,14	285	149	0.854948231562	1.0
5407	25	9	76,36	15,11	298	149	0.375003152472	0.6095971384802361
5411	2	559	2,0	26,42	245	149	1	1.0
5412	36	2	18,24	0,2	298	149	0.274624179545	0.5061806563923261
5415	35	1	67,35	0,0	298	149	0.256739971642	0.483010119543091
5416	20	92	15,7	144,49	298	149	0.064449914783	0.17491769142555263
5418	21	65	26,10	121,51	261	149	0.195124011302	0.40124696028354173
5419	4	2	4,14	0,0	298	149	0.00237165632304	0.015712223140139998
5427	0	8	3,3	52,63	298	149	0.319853430798	0.5501949094375884
5432	47	74	10,5	4,0	298	149	0.0062367603475	0.03280722812008895
5439	22	7	20,21	0,0	298	149	1.63683241139e-06	5.346351446040128e-05
5445	5	43	13,2	23,9	298	149	0.0175606753605	0.06665937444276283
5446	8	120	16,8	156,67	298	149	0.245976863875	0.4690760425151901
5447	40	170	48,27	136,81	298	149	0.133455368363	0.3035434248839409
5448	20	159	50,21	127,70	269	149	0.000280928404115	0.0032078369396708736
5449	27	166	34,20	157,88	235	149	0.287725240467	0.5204251129889266
5450	28	3	31,8	2,0	298	149	0.0989958991819	0.24328913455989243
5451	25	151	25,8	142,86	298	149	0.605751365575	0.834504946493465
5452	4	1	29,4	0,0	298	149	0.18606839339	0.3874118706005014
5456	1	137	0,0	118,65	240	149	1	1.0
5457	0	29	6,4	6,16	298	149	0.000189528854415	0.0023939618391517503
5458	2	3	12,4	8,0	275	149	0.088761145814	0.22321401843466965
5459	10	37	12,5	39,38	298	149	0.646166593974	0.8619964695916966
5461	9	30	6,5	41,23	298	149	0.248763179054	0.4718269884960743
5462	7	27	19,10	41,28	298	149	0.28198369403	0.5131040726331639
5473	0	2	8,5	0,0	298	149	1.98511031835e-07	1.1379948743357448e-05
5474	0	3	8,0	3,2	255	149	0.00756277997225	0.037733301850888544
5475	30	661	27,16	168,93	298	149	5.43052462243e-06	0.0001481004239262706
5476	59	601	35,4	101,35	298	149	0.000521614042298	0.005367083680641325
5483	0	4	0,4	5,17	284	149	0.124397943674	0.28914734820240945
5489	0	6	0,10	6,0	298	149	0.00797377340244	0.03915791868436007
5490	2	2	0,6	8,1	298	149	0.472653021606	0.7076167351041432
5491	4	0	0,10	4,8	298	149	0.000194912579928	0.002422608128397133
5492	3	2	6,15	0,4	298	149	0.14135308256	0.317188054141744
5496	0	5	0,2	4,8	230	149	0.61606923584	0.8418720675173648
5498	0	2	0,6	0,0	298	149	1	1.0
5502	1	101	6,1	11,3	298	149	8.67398284813e-05	0.0012891649640421783
5504	2	0	6,6	2,0	298	149	0.567075878922	0.8000583344509784
5508	58	2	27,19	0,0	298	149	0.419514603618	0.6590696429323054
5509	9	52	7,0	21,21	298	149	0.724956871568	0.9277466297195955
5514	5	31	2,6	26,34	228	149	0.706639671633	0.9138816011128439
5518	27	373	12,23	152,82	298	149	0.0181120576883	0.06792626174423859
5520	82	1673	67,24	763,849	298	149	0.549947346042	0.7826387943405674
5521	0	1	2,4	2,2	219	149	0.00141491489166	0.011195763184994196
5522	10	16	39,14	36,45	298	149	0.919847713758	1.0
5525	137	0	123,69	2,0	237	149	1	1.0
5529	2	11	0,0	21,7	230	149	0.235167408484	0.45494851958096144
5530	0	2	4,6	2,0	298	149	5.51091806862e-05	0.0009159863227664841
5531	3	0	3,2	8,1	243	149	0.000167664651406	0.0021875408494183473
5532	40	8	51,36	7,2	298	149	0.18124682569	0.3813650437177603
5533	1	2	2,10	0,3	298	149	0.0262943544167	0.0889889657307353
5537	128	2	48,32	1,2	298	149	0.743560901726	0.9384288592154285
5538	138	8	67,38	14,10	298	149	0.000971248548843	0.00868865341942671
5539	65	18	55,24	7,2	298	149	0.0262101498031	0.08881099010483463
5540	13	1	17,14	4,0	277	149	0.762219789759	0.9521456154139657
5545	8	48	4,0	12,20	234	149	0.316021977803	0.547209662406708
5546	2	62	3,0	17,18	261	149	0.70416521009	0.9127826834992201
5548	0	53	2,6	16,20	298	149	0.00141146439779	0.011195763184994196
5552	10	307	13,6	309,227	298	149	0.868682455141	1.0
5553	13	339	42,36	341,259	298	149	3.98611804128e-05	0.0007270782842828259
5554	46	0	65,48	2,0	298	149	0.333488274604	0.5653401106594061
5555	335	16	373,289	6,4	298	149	0.00350317923767	0.021599949545150394
5556	5	318	21,23	455,360	298	149	0.0039857505343	0.023821219682656807
5557	506	5	554,464	6,2	298	149	0.667102341109	0.8811165387571659
5560	10	177	17,11	433,405	298	149	0.256085081427	0.48213337381262933
5566	44	202	9,4	211,168	298	149	2.74430278502e-09	2.486692426813284e-07
5568	39	287	33,5	175,152	298	149	0.464854553585	0.6997730123366908
5569	101	279	54,37	294,202	298	149	0.000727918681031	0.006954842091891425
5571	172	0	162,108	0,2	298	149	1	1.0
5572	74	362	61,39	410,308	298	149	0.0593094410305	0.16489623471899909
5574	108	225	11,5	10,0	298	149	0.0368258697639	0.11481006455804119
5578	4	36	1,1	19,55	222	149	0.0317815061851	0.1022614557548063
5581	2	6	2,0	0,8	298	149	0.761017499781	0.9518232647765543
5583	19	12	32,32	3,2	298	149	8.05358978803e-05	0.001222839660247366
5586	0	14	17,10	9,2	298	149	8.62450876271e-08	5.634010491733114e-06
5587	25	34	42,25	31,30	298	149	0.25774878733	0.48429186863543144
5593	0	2	1,0	1,2	298	149	1	1.0
5595	5	46	13,21	78,95	298	149	0.167539320726	0.35952479138222615
5596	3	0	14,26	4,2	298	149	0.0106094260417	0.04768300440181648
5598	32	30	94,150	34,16	298	149	0.00019054052806	0.0023939618391517503
5601	8	0	6,28	0,2	298	149	0.500871949966	0.7355858956576912
5602	48	0	68,110	6,22	276	149	8.33007928803e-05	0.0012446379106423548
5605	9	10	32,15	18,17	298	149	0.440226339574	0.6787024082674896
5616	12	10	25,13	0,1	298	149	2.07049057788e-07	1.1632016066529839e-05
5619	42	177	80,56	92,85	298	149	4.98643231706e-07	2.1222558149426577e-05
5621	74	1	98,107	0,0	298	149	0.351338408654	0.5843159206092872
5626	64	77	58,36	66,52	298	149	0.840062425692	1.0
5628	48	169	103,50	130,133	298	149	0.00766778365216	0.03798730913389319
5634	6	2	6,2	0,0	262	149	0.00412453792379	0.024238131857586005
5636	22	0	32,9	1,0	298	149	1	1.0
5649	79	32	104,37	27,14	298	149	0.300448450196	0.5323109386986608
5650	76	2	90,35	0,0	298	149	0.588151143101	0.8174747951364221
5659	4	51	2,0	0,0	273	149	1	1.0
5665	10	143	26,8	74,90	298	149	0.00545927126615	0.030068809777677157
5666	9	13	26,25	14,8	229	149	0.0154084199661	0.06107080625947489
5667	33	4	28,63	0,6	298	149	0.3425011383	0.5747226388797492
5668	30	78	24,40	43,39	298	149	0.0281445284117	0.09357041241957148
5669	54	1417	74,60	1762,1058	298	149	0.258335402472	0.485069616005246
5670	10	0	31,10	2,0	298	149	0.480992678933	0.7161156169535096
5671	9	6	16,2	15,2	298	149	0.563849163878	0.7972965343128545
5679	2	4	20,2	0,2	265	149	0.00418258539569	0.024527938155518184
5680	12	55	10,0	64,17	298	149	0.163675574189	0.3531218801051467
5681	8	33	25,20	30,28	298	149	0.00526070612443	0.029429583660801648
5683	20	2	44,32	2,4	298	149	0.738561336451	0.935197776375233
5685	27	46	28,28	59,52	298	149	0.638220691233	0.85671806086769
5687	16	36	18,5	60,50	236	149	0.0573792229077	0.1610172199278015
5688	1	16	0,2	8,11	298	149	0.960560720551	1.0
5694	0	6	0,2	3,3	298	149	0.727664630387	0.9306599876864565
5696	6	10	9,0	5,0	287	149	1	1.0
5697	16	1113	16,5	733,646	250	149	0.926889765887	1.0
5699	0	8	0,1	31,46	243	149	1	1.0
5700	1	28	3,3	33,58	298	149	0.30428316712	0.5353970823804566
5705	9	46	10,2	51,15	298	149	0.837581846143	1.0
5708	6	0	28,22	3,0	243	149	0.259343681138	0.4866375419616847
5709	26	16	46,21	14,14	298	149	0.430542593895	0.6681735614646712
5711	86	4	11,6	2,4	244	149	0.0155364102267	0.06112293603193319
5715	0	2	2,0	2,5	298	149	0.618586348445	0.8430902730625934
5717	25	132	25,45	61,117	256	149	0.00902336232611	0.04259936936813948
5718	116	470	226,315	391,535	253	149	2.56402368337e-07	1.3220417419479822e-05
5719	173	198	204,350	153,227	294	149	0.00374413417662	0.022715492229212916
5722	0	15	8,10	34,23	281	149	0.00115448406536	0.009808695852807673
5726	6	12	36,18	3,9	298	149	0.000904009747029	0.008271541952457528
5729	25	42	23,20	17,13	298	149	0.0155640907088	0.061146196924502384
5733	35	1	53,22	2,0	298	149	0.946213106834	1.0
5737	11	8	0,3	0,6	298	149	1	1.0
5738	8	0	0,0	0,4	298	149	1	1.0
5739	5	34	18,6	36,8	298	149	0.00878650763043	0.041832711752335376
5742	38	545	157,86	624,438	233	149	1.48383478837e-08	1.1578033112587027e-06
5744	472	45	654,290	79,34	298	149	0.305151558879	0.5353970823804566
5745	597	2	920,600	6,4	298	149	0.762326624801	0.9521456154139657
5746	569	70	874,569	86,45	298	149	0.117302175494	0.277358426736234
5750	3	42	14,11	12,20	298	149	2.02133976488e-05	0.00040556738568199433
5757	22	35	50,37	22,12	298	149	5.70666412433e-05	0.0009424198999884585
5762	27	137	23,15	92,43	298	149	0.265448556568	0.4951387530581433
5763	17	183	32,3	153,98	298	149	0.290098119279	0.5213950630424902
5764	12	104	27,10	145,48	298	149	0.153621747707	0.3367463687705655
5766	8	2	6,9	0,0	298	149	0.0084284624701	0.04072673634160978
5767	6	75	18,11	51,30	298	149	0.000663009985555	0.0063999829877113236
5768	5	10	6,5	35,21	298	149	0.205432827274	0.4172529369578207
5769	16	270	4,15	201,190	298	149	0.527788708541	0.7622408649314494
5772	31	38	24,10	34,19	298	149	0.443295881104	0.6819376396610821
5783	1	0	0,1	0,1	298	149	1	1.0
5785	304	18	33,13	0,0	175	149	0.00136842479713	0.010987198888025858
5787	6	4	0,12	0,4	298	149	1	1.0
5798	35	0	74,54	2,7	298	149	0.0076166336442	0.03785481699619239
5799	5	31	16,12	39,31	298	149	0.0568782549815	0.15993094919222572
5805	1	138	17,7	89,80	225	149	8.87825430451e-06	0.0002095715658938537
5806	1	95	0,5	79,76	298	149	0.624275117199	0.8479636384003825
5823	95	1	88,48	0,0	263	149	0.475316458608	0.7098931524366291
5829	7	5	13,14	1,2	292	149	0.00853067047188	0.040961800607710964
5830	2	0	8,6	0,1	298	149	1	1.0
5833	2	2	10,17	0,2	298	149	0.00806041529414	0.03944548181400568
5837	28	204	25,6	111,90	298	149	0.837927821303	1.0
5838	5	65	8,4	22,63	298	149	0.280460282324	0.5128062020028276
5840	19	0	61,37	2,0	244	149	0.35490362551	0.5885031192783884
5843	297	22	176,133	10,10	298	149	0.62554075646	0.8484519482839884
5844	284	4	170,118	1,4	298	149	0.923183410179	1.0
5845	19	7	59,17	20,15	298	149	0.51075452546	0.746466941736285
5846	2	2	3,6	0,8	227	149	0.381041219726	0.6169134214468784
5848	48	0	119,100	4,2	298	149	0.0863044018431	0.2184045628624035
5849	13	27	53,49	22,40	298	149	0.00211623055826	0.01446348330450691
5851	29	44	86,23	81,34	298	149	0.276403145245	0.508791897112192
5854	364	94	474,187	165,88	298	149	0.0247051883848	0.08525414517555675
5855	421	5	652,334	7,3	298	149	0.803137329322	0.9808751122023904
5857	235	11	299,204	4,0	298	149	0.000392167734694	0.004253278636121413
5858	246	21	378,213	17,17	298	149	0.21883908243	0.4347376114185785
5859	339	4	543,340	4,9	298	149	0.625879177149	0.8485012589824039
5860	204	59	379,287	70,91	298	149	0.471791941739	0.70718439933023
5861	66	45	86,100	50,49	298	149	0.338795099857	0.5706181930323784
5862	103	47	68,65	37,46	298	149	0.217287924701	0.4334955827309013
5865	50	169	111,76	208,193	297	149	0.0369392123825	0.11503575120004714
5866	109	384	205,164	586,398	298	149	0.0978468687627	0.24130979311187384
5869	105	846	40,14	693,278	298	149	9.06204268519e-05	0.0013327370629685187
5872	0	1	39,9	7,2	298	149	0.00171687145672	0.012591884913646162
5881	1	3	4,13	6,9	298	149	0.141914529206	0.3173868730411258
5885	23	150	55,20	148,121	298	149	0.0425955170766	0.12893405977173425
5887	1	67	0,0	24,11	234	149	1	1.0
5889	0	8	4,9	11,28	229	149	0.00359180114699	0.02196377220867
5890	2	17	1,3	18,35	237	149	0.734923230456	0.9332727641731031
5895	8	827	5,13	320,224	298	149	0.207803083245	0.41963972741567573
5896	12	803	17,11	358,205	298	149	0.00277388267476	0.017789580898175436
5897	26	747	6,15	372,224	298	149	0.952404902925	1.0
5907	0	2	2,2	0,0	298	149	3.2064706823e-07	1.4938232486435639e-05
5908	0	3	0,6	2,11	298	149	0.0159127692814	0.06234165817496876
5910	8	28	6,21	19,16	298	149	0.0952844738685	0.23566291026512598
5912	8	21	20,19	17,55	298	149	0.326893774931	0.5588684838291205
5925	18	4	19,9	2,3	298	149	0.630675299375	0.8524397628231457
5931	1	1	1,2	1,0	298	149	0.00932695037132	0.043593017625686986
5937	24	55	45,26	75,54	298	149	0.443846692151	0.6823487863461559
5947	7	47	15,11	66,34	298	149	0.193164457935	0.39896982524956986
5948	2	27	0,4	24,13	298	149	0.79629762355	0.9751691045628009
5954	2	61	10,3	97,58	279	149	0.130053805291	0.29822133801013795
5960	1	0	3,12	2,0	298	149	0.389456505637	0.625490751477606
5963	0	17	2,0	30,24	298	149	1	1.0
5967	13	0	29,26	4,0	298	149	0.0462723642299	0.13678377336401587
5973	45	52	72,30	25,10	298	149	5.317405587e-05	0.0008890828746358928
5974	18	0	40,5	1,0	210	149	1	1.0
5976	4	28	6,10	24,18	298	149	0.0813111972088	0.20916039648307622
5977	8	40	27,5	7,5	298	149	7.84769888384e-05	0.001198053595907965
5979	13	185	7,8	28,39	298	149	0.0140856544989	0.05750959809216584
5985	1559	4441	919,484	1660,671	298	149	1.06436200229e-05	0.0002406595361646312
5986	32	65	42,12	63,24	298	149	0.485464481173	0.7211368205261539
5987	219	0	266,96	5,0	298	149	0.419211364986	0.6589617930865551
5989	4	89	5,6	44,28	298	149	0.0438455904405	0.13196959933377206
5990	11	79	10,0	68,27	298	149	0.431740705504	0.6685554805737244
5991	34	30	29,23	23,12	298	149	0.451069207805	0.6874950649616087
5992	16	41	18,12	25,28	298	149	0.368537277372	0.6015230750365764
5993	79	8	129,55	12,2	298	149	0.563099419623	0.7968495061566787
5994	70	53	94,41	57,43	298	149	0.95185011745	1.0
5995	0	1	82,35	54,35	298	149	0.00481683806992	0.027389672344949958
5996	2	0	43,8	3,0	298	149	0.214467401968	0.43000637553755316
5997	3	21	4,0	9,27	298	149	0.689784152135	0.9021241674736155
5998	1	0	18,5	2,0	298	149	0.670638552396	0.8831803533428804
5999	3133	799	236,142	54,20	298	149	0.123035908035	0.28728833389053615
6000	2432	930	127,106	41,23	253	149	0.0783515664671	0.2037866205611888
6001	2172	28	108,93	1,2	234	149	0.532467131977	0.7638918149761967
6002	1135	79	62,43	1,2	257	149	0.0124800789478	0.053685362579433696
6003	174	103	6,0	0,2	298	149	0.97623518428	1.0
6004	162	21	6,0	0,0	298	149	1	1.0
6005	123	38	2,0	0,0	298	149	1	1.0
6010	57	2473	21,17	1395,897	298	149	0.566789550008	0.8000562040062674
6012	26	0	10,42	1,1	298	149	0.557944077702	0.7925559935714628
6013	17	0	6,18	2,0	298	149	0.613203694017	0.8406486952141303
6017	10	2	54,15	13,4	298	149	0.731835545499	0.9318145423540165
6021	2	13	4,2	16,15	298	149	0.699393114328	0.9082733509696496
6028	0	2	1,0	27,17	298	149	1	1.0
6030	46	8	22,15	2,2	217	149	0.289925710158	0.5213950630424902
6033	30	827	21,17	837,395	298	149	0.568228454146	0.8003940792478903
6034	93	712	117,69	1063,444	298	149	0.878165177122	1.0
6046	14	5	19,16	3,0	298	149	0.0260965894731	0.08864004816195635
6051	53	0	24,24	0,2	298	149	0.71613494732	0.9210728328854763
6057	17	46	27,5	18,19	298	149	0.219011951347	0.43477354864574064
6059	8	54	15,7	33,27	241	149	0.0501768531513	0.14530595928041412
6060	8	37	16,6	19,16	298	149	0.0351025448039	0.11054153402932186
6061	6	0	20,5	4,0	298	149	0.0123035744721	0.05337071722863379
6063	16	19	35,12	4,8	298	149	0.0180295195354	0.06770711280072006
6065	7	5	20,6	0,0	298	149	7.03682571879e-07	2.7840061188846634e-05
6066	11	4	23,11	0,0	298	149	4.0294892465e-05	0.0007273840458235225
6067	2	26	0,0	36,21	298	149	0.73200073658	0.9318145423540165
6068	0	19	2,0	26,16	298	149	0.557015886786	0.7918307823794909
6069	452	4424	87,101	702,551	298	149	0.0137877844538	0.056999005247257054
6070	892	32	172,162	5,0	298	149	0.012360264789	0.05339021449805929
6071	1292	4697	279,252	672,594	298	149	0.00219366349249	0.014776980216797145
6073	740	3932	153,171	544,333	298	149	8.52535046658e-06	0.0002046812774412241
6074	595	0	136,167	1,1	298	149	1	1.0
6075	1953	1	361,277	0,0	298	149	1	1.0
6076	1865	7	344,269	0,0	298	149	1	1.0
6077	4	9	7,0	18,8	298	149	0.48787688096	0.7231905850219735
6079	4	1	7,2	0,1	298	149	0.037450952434	0.1161144871822362
6084	1	0	2,0	0,1	298	149	0.101341626845	0.2472041622635013
6091	4	7	2,2	2,0	298	149	0.171973993028	0.3667995037324617
6097	24	0	28,27	0,2	298	149	0.662905986166	0.8779363107686441
6098	24	2	24,26	0,8	298	149	0.750928549092	0.9429406769778399
6101	0	10	1,0	5,4	298	149	1	1.0
6103	242	6	27,10	6,0	298	149	0.0648186554349	0.1754100222703604
6105	4	13	4,4	18,14	298	149	0.773881547593	0.9614406516177866
6110	9	20	0,6	19,8	298	149	0.181566306206	0.3816150725253789
6112	8	15	34,22	56,67	298	149	0.903196705951	1.0
6113	2	4	3,4	2,2	298	149	0.181994884342	0.38179509344038687
6118	6	25	0,5	46,51	220	149	0.0153462362928	0.06097252863716436
6120	3	10	12,15	34,30	298	149	0.47460466907	0.7095074589769185
6121	6	2	7,10	4,0	242	149	0.486819896852	0.7223862072146159
6124	11	47	27,4	31,37	298	149	0.304788691366	0.5353970823804566
6135	24	31	30,16	74,31	298	149	0.107009776115	0.25669552613751917
6137	11	29	54,22	44,30	298	149	0.0135078845254	0.056129656260131076
6149	4	2	15,0	0,0	298	149	1	1.0
6151	18	62	34,9	23,18	298	149	0.00727295064067	0.03674409775115473
6153	15	68	25,13	40,25	298	149	0.007394374885	0.037090712592794645
6155	5	90	21,2	52,21	243	149	0.00105789136123	0.009200052116703003
6159	9	106	13,13	59,11	298	149	0.00110151559092	0.009462254724447339
6161	25	51	24,5	31,12	298	149	0.496581312389	0.7310780432393611
6164	0	6	2,1	9,12	298	149	0.294405433068	0.5257026346807593
6165	64	1	68,64	0,0	298	149	0.327283252367	0.5588684838291205
6166	11	32	26,13	28,15	298	149	0.0183547417248	0.06865308855521066
6168	0	26	10,11	47,21	298	149	0.000190903329288	0.0023939618391517503
6174	1	0	3,0	2,0	298	149	1	1.0
6177	2	8	7,21	6,12	298	149	0.00824887916103	0.040227606880786936
6183	5	290	4,11	746,420	298	149	1	1.0
6184	3	263	34,7	836,340	298	149	0.0788312303861	0.20408933286134093
6186	40	314	20,27	249,259	298	149	0.198629550921	0.40571375378292074
6187	18	54	11,16	28,26	298	149	0.316068757685	0.547209662406708
6189	0	4	6,2	7,2	298	149	0.0024528822081	0.016136173589116863
6209	16	45	18,30	98,116	298	149	0.227871456408	0.4441303845864764
6219	1	0	0,0	0,4	247	149	1	1.0
6222	21	57	21,23	85,30	298	149	0.760137748442	0.9518232647765543
6229	2	1	4,2	4,0	298	149	0.746701804315	0.9399481921820326
6230	10	81	10,3	44,22	298	149	0.416370029758	0.6574386810512772
6233	84	129	87,59	190,168	298	149	0.0249004997811	0.08571752927096801
6234	111	138	99,73	220,141	298	149	0.00923785268044	0.04346587634732992
6235	170	5	99,82	4,6	298	149	0.296619621231	0.5283478224717051
6236	149	164	81,59	212,155	298	149	6.48072883214e-06	0.00017013427373346974
6237	87	1	90,61	2,0	298	149	0.932107404477	1.0
6238	120	216	67,45	268,150	298	149	0.000237713925311	0.002853582975207688
6239	123	119	109,52	81,46	298	149	0.363856854075	0.5970057845190859
6240	144	129	127,68	214,108	298	149	0.00174452908689	0.0127282654677247
6241	92	232	50,31	269,141	298	149	0.00096245825622	0.008637524733936038
6242	128	234	146,75	242,112	298	149	0.462826939917	0.6974682801646207
6244	4	16	4,7	40,34	240	149	0.568453609149	0.8003940792478903
6245	0	1	8,1	1,7	229	149	0.00401496089805	0.023885200927860083
6246	102	46	43,26	23,4	298	149	0.473204664427	0.7077912153223871
6250	17	2	9,0	0,0	298	149	1	1.0
6251	0	1	0,2	2,0	298	149	0.227595101385	0.4441303845864764
6261	6	6	38,12	2,0	229	149	1.47867546818e-05	0.00030997010374012095
6263	11	5	24,9	7,8	298	149	0.906427887935	1.0
6266	9	6	16,24	4,2	298	149	0.0242312117392	0.08392783449496029
6271	85	101	45,28	42,30	298	149	0.49304422264	0.7270137645122099
6272	2	86	20,13	164,86	298	149	0.00119174913024	0.010022824271988503
6273	6	31	13,5	22,24	298	149	0.189696996702	0.39325377397484723
6274	179	2	194,47	6,1	242	149	0.196848002603	0.4036102476728664
6277	84	2	92,51	0,6	298	149	0.608179545427	0.8362096637809315
6280	28	5	11,5	6,0	298	149	0.905293388645	1.0
6281	39	1585	21,21	649,462	233	149	0.12019684463	0.2827746537400921
6282	2	246	1,2	292,224	298	149	1	1.0
6290	5	4	7,5	5,0	298	149	0.189270986143	0.39266041364526366
6292	4	2	9,2	2,0	298	149	0.074393607446	0.19511824772718395
6295	29	0	84,61	1,0	298	149	1	1.0
6296	17	2	43,28	2,4	298	149	0.778836256554	0.9642595584454985
6297	1	13	4,6	17,13	298	149	0.0567008755054	0.15975201534069067
6298	2	7	0,4	5,2	298	149	0.718559420287	0.9225015592258606
6299	5	191	17,4	388,204	298	149	0.51712501226	0.752314709873479
6302	8	28	11,0	50,21	298	149	0.220773292757	0.4377808183991821
6303	61	45	22,16	46,11	298	149	0.127864869592	0.29488704325445647
6304	61	1	20,18	0,0	298	149	0.31588700978	0.547209662406708
6305	21	31	7,8	19,10	298	149	0.459613749083	0.695236952705518
6307	14	17	37,8	16,6	298	149	0.0598279450871	0.16546380669586155
6308	5	53	25,9	36,23	298	149	0.000107813246323	0.0015372964919863298
6309	10	65	22,12	34,12	223	149	0.000112059450884	0.0015738749876657797
6310	11	47	4,2	38,30	298	149	0.0372404131165	0.11558930435828563
6312	15	4	16,14	0,0	298	149	0.00011029292715	0.0015568484038409546
6313	31	194	21,10	5,0	298	149	7.59066143274e-11	1.0661083982283329e-08
6314	3	1	0,4	0,13	298	149	1	1.0
6315	0	8	1,1	29,11	231	149	0.584770500027	0.8147918326269064
6316	0	6	2,2	20,16	298	149	0.179920710026	0.3788585265839835
6322	0	1	0,4	2,10	219	149	0.0302787233469	0.09904215697871036
6330	7	7	2,9	4,1	298	149	0.481065145623	0.7161156169535096
6333	15	54	5,4	14,11	298	149	0.785680572938	0.9680454390029517
6337	0	12	0,2	2,0	259	149	0.204874310589	0.41641963707995727
6340	2	0	1,2	2,2	298	149	2.45490407961e-05	0.00046280708453855636
6342	7	99	5,9	57,42	298	149	0.183981408197	0.3842407253720246
6343	55	6	18,16	0,0	298	149	0.000158933964893	0.002095988297579516
6345	4	69	2,2	31,25	261	149	0.777720381185	0.9641702966195963
6348	2	8	1,0	4,0	285	149	1	1.0
6349	8	1	9,6	0,2	232	149	0.816975900449	0.9893596425350999
6350	9	23	9,6	54,31	247	149	0.120530018947	0.28308430035294563
6353	0	2	0,1	2,0	223	149	1	1.0
6361	2	2	10,4	0,0	288	149	0.000311226771384	0.003455478264101407
6365	1	5	1,0	15,9	298	149	0.408278679196	0.6479405705432565
6368	14	1	40,31	0,0	203	149	0.227994309211	0.4441303845864764
6371	21	42	16,19	58,24	298	149	0.767346131128	0.9577187395294394
6376	8	0	20,5	2,0	298	149	0.624592622464	0.8479848605613225
6377	7	0	9,2	2,0	230	149	0.921641931226	1.0
6378	11	2	30,25	4,0	298	149	0.425289698076	0.6651663484941447
6380	8	11	0,4	3,3	298	149	0.383377236602	0.6196240837830944
6381	10	141	27,6	189,77	298	149	0.141799677022	0.3173827033902773
6382	0	4	0,1	1,4	283	149	1	1.0
6388	5	2	2,16	2,2	298	149	0.538942459723	0.7708194345019893
6389	9	3	10,13	0,0	298	149	0.000385392629392	0.0042005703743225545
6391	25	2	24,10	4,2	233	149	0.309470759179	0.540947954283641
6392	25	4	24,10	4,0	236	149	0.45005203856	0.6869335303741938
6393	7	88	5,1	15,49	226	149	0.956739871882	1.0
6394	0	6	2,0	2,0	298	149	1	1.0
6395	0	7	4,0	8,3	298	149	0.0464353457605	0.13695961890841604
6399	0	4	6,2	9,19	298	149	0.0181732993783	0.06806506393819294
6403	2	6	0,0	7,1	298	149	0.165463066856	0.35615766651226366
6404	0	18	6,2	25,36	298	149	0.0317687624276	0.1022614557548063
6408	2	90	39,20	108,65	298	149	2.55476496624e-08	1.8400858436328615e-06
6411	4	173	14,10	160,176	298	149	0.0177665720888	0.06703216191989851
6413	14	72	18,6	78,96	298	149	0.391569759126	0.6274497737506755
6414	55	0	52,41	2,0	275	149	0.336202133371	0.5689107184573127
6415	34	30	39,26	37,25	298	149	0.810967926826	0.9848719872262144
6418	26	31	64,72	27,44	298	149	0.0109911842471	0.04864732965268252
6422	2	2	11,6	12,10	298	149	0.857254666255	1.0
6423	108	2	261,83	19,5	236	149	0.0167937156831	0.06479882878273063
6424	10	31	3,16	18,11	227	149	0.409829783459	0.6500349303988318
6437	0	23	0,1	11,1	228	149	1	1.0
6438	4	162	2,0	53,22	271	149	0.912985574882	1.0
6440	141	3	30,26	1,0	221	149	0.215969860502	0.43240152398440346
6451	8	46	4,4	49,36	298	149	0.205756615698	0.4173070999968823
6457	16	17	11,22	39,40	298	149	0.0593485558209	0.16489623471899909
6458	4	0	12,5	2,0	298	149	0.909614977421	1.0
6460	8	14	28,12	43,30	298	149	0.852809282595	1.0
6461	10	0	32,16	2,0	298	149	0.501214455069	0.7355858956576912
6462	15	0	32,21	4,0	298	149	0.0447224122276	0.13331728096778148
6468	0	2	42,9	0,2	298	149	6.31220421377e-06	0.00016886649177599934
6471	0	2	2,0	0,0	298	149	1	1.0
6472	4	6	2,3	10,17	247	149	0.112065843298	0.2663222959594603
6474	7	2	7,10	0,0	204	149	0.0273969712942	0.09187498429213539
6480	35	153	43,15	66,48	278	149	0.0113880135075	0.05013938862471395
6483	25	14	40,11	10,10	298	149	0.661379865244	0.8767418789383653
6484	49	2	72,13	2,0	298	149	0.289223717735	0.5211843448280667
6485	2	10	12,4	13,22	298	149	0.217578857544	0.4337679282051781
6486	7	0	4,11	1,0	298	149	1	1.0
6487	8	83	4,11	137,166	223	149	0.190530995418	0.39440056457565364
6488	19	218	4,11	252,447	242	149	0.000142977174545	0.0019402071656855313
6489	115	163	71,125	181,117	298	149	0.770218024757	0.9590170352581617
6491	22	295	20,28	339,471	241	149	0.456338202063	0.6921457935178008
6492	0	7	2,0	15,8	235	149	0.362579951334	0.5959549931522563
6495	137	53	43,88	8,6	298	149	0.000302943727716	0.0033768608379136666
6501	81	221	119,56	115,76	298	149	1.76473967894e-05	0.00036183604074032554
6503	90	12	122,54	8,2	298	149	0.0443879816308	0.1329175927280018
6504	94	187	147,59	54,65	298	149	0.00121265978641	0.010107897151411544
6505	69	327	107,52	239,184	232	149	0.0063490287931	0.03321121392889739
6506	75	210	73,69	152,148	298	149	0.178622341116	0.3764067188258395
6508	54	241	79,23	195,129	298	149	0.223730422084	0.4411713090621712
6509	39	467	48,30	401,316	228	149	0.280563498129	0.5128062020028276
6510	30	2	25,19	0,0	232	149	0.248548122374	0.4718269884960743
6511	30	262	28,20	265,154	243	149	0.973238833798	1.0
6512	15	70	29,12	26,25	298	149	0.00137885304063	0.01103475268128111
6513	15	28	29,12	6,1	298	149	1.15426931224e-06	4.1568493565155894e-05
6514	19	48	30,16	11,9	298	149	8.48231091832e-06	0.0002046812774412241
6515	47	155	30,41	105,85	298	149	0.420490776228	0.6594967004044958
6526	11	72	20,20	247,158	298	149	0.346090858704	0.578475329081655
6532	23	198	23,11	116,51	298	149	0.0883085169845	0.2228738761989762
6534	8	12	19,16	26,27	285	149	0.96556228905	1.0
6540	33	1642	20,8	631,699	298	149	0.793127828886	0.97245572734211
6541	4	24	0,0	2,0	298	149	1	1.0
6542	10	39	32,26	19,20	298	149	7.45711387695e-06	0.00018702707928886205
6551	2	0	0,0	14,3	298	149	2.35742292509e-06	7.440450557952596e-05
6556	95	1	82,56	0,0	298	149	0.419784552386	0.6591251020974142
6557	2	12	5,2	7,2	298	149	0.0718767976689	0.19001343404921897
6558	2	64	1,0	87,59	298	149	0.558670946185	0.7925791352695278
6563	0	26	3,2	16,42	298	149	0.155509375097	0.33888738141774477
6565	2	6	1,6	71,39	298	149	0.372813918707	0.6069030967486919
6566	2	0	0,0	2,0	298	149	1	1.0
6570	0	18	1,1	61,94	298	149	1	1.0
6586	0	20	2,2	11,4	240	149	0.0338676963175	0.10725406872137261
6587	0	2	2,1	0,0	227	149	5.31051940866e-07	2.1937130910185202e-05
6588	5	19	9,15	7,10	225	149	0.00210295984318	0.014407839510957608
6589	6	0	9,15	2,0	229	149	0.715928959993	0.9210728328854763
6590	7	15	10,10	7,5	298	149	0.0257339593514	0.08762023250676679
6591	4	2	4,8	19,18	249	149	0.0536892049294	0.15373392114850623
6605	12	90	26,14	78,49	298	149	0.0170969169126	0.0654294817540782
6606	3	7	1,0	5,10	242	149	0.00859159423751	0.04118393893031671
6607	2	7	3,6	0,5	298	149	0.0274414780424	0.09187498429213539
6608	2	4	3,4	0,0	298	149	5.28795572774e-07	2.1937130910185202e-05
6609	8	62	9,21	71,108	298	149	0.513205018629	0.7481021781675459
6610	8	4	9,19	5,4	298	149	0.51222892653	0.7474550933105298
6628	31	2	27,3	0,0	298	149	0.182979798818	0.38300317055123845
6629	35	32	30,5	20,6	298	149	0.696338138522	0.9068458728137946
6630	61	6	66,23	3,2	298	149	0.267671498138	0.4979398928938027
6631	45	83	50,26	81,47	298	149	0.75299258301	0.9449884792415056
6632	27	4	76,27	9,12	298	149	0.430406019995	0.6681735614646712
6634	115	0	235,163	1,0	298	149	1	1.0
6637	32	147	72,52	287,158	298	149	0.280944350371	0.5131040726331639
6639	24	6	0,6	0,2	298	149	1	1.0
6640	26	0	0,7	0,2	298	149	1	1.0
6641	9	0	8,7	1,5	298	149	0.00115581286126	0.009808695852807673
6651	0	2	0,2	4,10	298	149	0.413096633962	0.6533718720716543
6652	0	5	2,4	6,4	298	149	0.00574464831524	0.031053553217522442
6658	42	306	58,37	140,80	298	149	1.06041086589e-06	4.0252623274121754e-05
6659	2	36	1,2	23,23	226	149	0.874613204902	1.0
6672	2	0	7,8	0,2	236	149	0.679279253188	0.8904707841250458
6681	1	5	17,13	19,8	298	149	0.0274257479173	0.09187498429213539
6687	4	0	17,17	2,0	298	149	0.853120146185	1.0
6690	0	2	10,5	47,3	298	149	0.013082929595	0.05533035750158721
6691	0	1	12,6	5,0	298	149	0.000644109683484	0.006304195473542007
6693	1	1	7,4	35,8	298	149	0.417091685304	0.6578385985507782
6702	36	1599	32,19	1062,871	298	149	0.5975520703	0.8260451601735729
6703	13	180	5,4	123,49	298	149	0.347505699286	0.579657665851766
6708	2	2	0,2	0,0	298	149	1	1.0
6710	20	73	52,18	57,40	298	149	0.00620724644201	0.03280722812008895
6711	50	184	65,39	171,88	298	149	0.0885998471523	0.22320804542673606
6712	9	6	3,4	2,0	240	149	0.0786746162163	0.20387176840552276
6717	0	2	3,3	18,4	298	149	0.0268411832224	0.09051246539222281
6719	2	0	7,0	1,0	298	149	1	1.0
6720	2	0	7,0	4,2	298	149	6.78606803931e-05	0.0010769528317752426
6721	0	3	3,2	7,6	275	149	0.0324073477357	0.10391808195157683
6723	67	542	70,102	342,302	298	149	8.31443846091e-05	0.0012446379106423548
6724	226	6	65,82	4,5	251	149	0.192281518609	0.3974384001270648
6725	0	10	2,2	13,10	271	149	0.0781555557803	0.2036539482252901
6726	0	3	6,2	4,2	293	149	0.00145435756535	0.011443390479182493
6728	1	3	4,5	2,0	298	149	0.00408759621094	0.024121970076744662
6729	0	7	0,2	17,12	298	149	0.538922035996	0.7708194345019893
6734	6	15	11,1	14,2	298	149	0.362242762404	0.5959549931522563
6737	10	22	17,6	12,4	298	149	0.0207932198758	0.07575636138926356
6738	6	2	31,41	3,11	288	149	0.679262555637	0.8904707841250458
6742	45	47	31,26	38,16	298	149	0.715796985058	0.9210728328854763
6744	4	67	11,8	32,18	298	149	0.000410459871605	0.004399046315792752
6747	4	36	2,0	66,38	298	149	0.0454963451377	0.1350943271583502
6752	4	44	25,5	42,19	228	149	0.00135897335473	0.010987198888025858
6753	87	463	80,52	150,122	298	149	2.40847042576e-06	7.517103806622044e-05
6755	2	30	0,4	22,58	298	149	0.852017463814	1.0
6756	16	17	15,6	2,0	298	149	6.50922470683e-05	0.001041250571725604
6757	16	0	160,23	2,0	298	149	0.651124571736	0.8660080123136478
6759	18	23	15,0	32,13	298	149	0.0327670236768	0.10483208372224509
6760	3	30	11,9	48,10	298	149	0.0237494381942	0.08297533816854205
6763	0	7	2,0	5,0	238	149	1	1.0
6769	44	674	50,12	496,252	298	149	0.405668721827	0.6456223453892594
6770	79	0	86,26	2,2	298	149	0.10757133555	0.2573832040544719
6771	43	729	28,16	557,255	298	149	0.703546403947	0.9124015921916542
6773	4	128	12,1	138,89	231	149	0.272005613998	0.5036676135269492
6774	5	47	3,2	46,19	298	149	0.476865045339	0.7113722317351306
6775	20	2	36,9	0,0	298	149	0.100243358834	0.24592453708707945
6776	9	33	17,19	40,35	298	149	0.16909083872	0.3623006605373608
6783	1	1	12,2	14,10	298	149	0.545673265979	0.778069139154828
6786	0	3	15,8	0,5	298	149	5.73705243496e-05	0.0009424198999884585
6788	12	51	12,5	46,33	298	149	0.799857530715	0.9781453216275294
6797	0	2	2,1	5,5	298	149	0.105916972583	0.2549449665686778
6802	8	414	8,3	246,111	231	149	0.455860729865	0.6917951324639573
6803	11	362	5,11	127,62	298	149	0.0231888174086	0.08162579962500928
6804	8	454	2,3	167,95	298	149	1	1.0
6805	18	22	23,19	28,10	235	149	0.419071027015	0.6589617930865551
6812	0	2	2,0	0,0	298	149	1	1.0
6817	0	14	0,2	12,13	298	149	0.391218459075	0.6272446641219607
6818	0	4	2,0	2,12	296	149	0.686460692117	0.8985405797561291
6836	2	2	2,0	7,6	298	149	0.0669973208268	0.17923378495474399
6838	2	7	0,0	8,28	265	149	0.1095411593	0.26139556836237604
6847	1	2	6,2	7,2	298	149	0.530147023396	0.7635551552760209
6848	92	107	41,35	25,40	298	149	0.290835773528	0.5219448429139617
6849	7	272	10,14	130,161	298	149	0.00615756274581	0.032696774580303005
6856	35	1	2,4	0,0	255	149	0.271128525905	0.5035926161877858
6857	40	202	38,19	53,22	298	149	1.15303700365e-06	4.1568493565155894e-05
6859	16	0	21,4	2,0	298	149	0.598044918576	0.826319811254296
6861	53	21	87,47	30,14	298	149	0.567593527154	0.8003436202265791
6866	3	0	30,10	0,2	298	149	0.739745812391	0.9360117058587023
6867	7	119	39,13	139,118	298	149	0.00126079622122	0.010416401721785234
6869	0	58	4,0	71,77	256	149	0.646267200057	0.8619964695916966
6871	25	14	40,15	27,26	298	149	0.17471133746	0.37094795685951626
6873	2	14	21,12	16,5	298	149	0.000187875277479	0.0023939618391517503
6875	62	198	19,30	107,70	298	149	0.6045976741	0.8335087103708675
6888	3	2	4,6	7,4	298	149	0.59737738425	0.8260451601735729
6890	7	8	11,0	3,11	238	149	0.422296165321	0.6615894748392018
6892	4	5	7,2	12,1	275	149	0.767470588352	0.9577187395294394
6895	0	2	2,4	5,9	298	149	0.025162518003	0.08637259010599682
6896	7	2	10,4	5,8	298	149	0.12932109601	0.2973161909091104
6897	2	6	7,7	6,2	252	149	0.0356190316974	0.11191706939373222
6899	18	19	54,21	16,3	298	149	0.00101898653917	0.008944791214151657
6900	2	1	6,6	2,0	298	149	0.170547404054	0.36486493373014933
6901	2	44	4,2	20,34	298	149	0.266846238072	0.49673365324337176
6905	1	8	11,16	40,29	298	149	0.0833887990941	0.21294466968666084
6906	0	2	3,1	1,2	220	149	0.00177042103018	0.012819336030251286
6916	9	27	45,14	29,6	298	149	0.000150446974451	0.0020028699110562036
6919	22	2	80,19	3,4	298	149	0.690810293682	0.9029716681957831
6922	15	4	21,16	0,2	245	149	0.0104352004422	0.04697512506753173
6923	13	62	21,16	59,26	225	149	0.0482811151491	0.14186365319437436
6924	10	2	24,12	3,0	298	149	0.328171068532	0.560044065313723
6925	70	146	159,57	105,82	298	149	0.00486794126145	0.027624337380632427
6927	3	250	2,4	142,64	298	149	0.665621289756	0.8802872895125253
6928	11	375	9,7	166,91	298	149	0.102930328218	0.24968159927837824
6931	2	84	7,3	92,81	298	149	0.164748006035	0.35489045165054833
6941	12	77	3,0	8,9	298	149	0.380445294764	0.616659453544187
6942	20	29	10,4	2,8	298	149	0.361096246987	0.5959549931522563
6943	4	0	104,60	7,8	298	149	0.0173945439767	0.0661180974702981
6944	4	80	9,3	53,31	298	149	0.0746662737457	0.1956507117086486
6945	60	244	111,42	416,222	298	149	0.842635502601	1.0
6947	15	20	15,44	46,20	298	149	0.80385965228	0.9809309200045618
6948	71	58	16,4	3,8	298	149	0.729811298501	0.9316734438346208
6949	90	845	12,7	170,160	249	149	0.0126485300945	0.054326790574083336
6951	101	940	17,5	260,205	298	149	0.000625957590683	0.006193855931470772
6952	98	975	9,6	164,167	298	149	0.0022834628007	0.015163704508667374
6953	67	2	7,3	0,0	298	149	0.501760146952	0.7356180860063507
6954	144	2	26,17	0,0	298	149	0.5801689885	0.8114977697027944
6955	142	613	22,4	148,56	298	149	0.00839038283009	0.04070567421368361
6956	135	384	11,1	56,71	298	149	6.40458624956e-06	0.00016972153561333999
6957	138	82	339,194	47,37	298	149	1.70060787674e-09	1.7060741163438072e-07
6962	2	13	4,8	22,5	280	149	0.12030027472	0.28278114785646863
6964	22	52	43,12	42,33	298	149	0.233160398513	0.4519996959441111
6966	83	0	134,60	2,0	231	149	1	1.0
6971	21	0	40,52	0,2	298	149	0.36209333742	0.5959549931522563
6972	2	32	1,4	46,25	298	149	0.875568291265	1.0
6974	41	319	176,62	471,160	298	149	3.32618520837e-07	1.5069764919856983e-05
6978	0	2	0,2	4,1	298	149	0.531408064986	0.7635551552760209
6986	16	8	2,0	0,8	298	149	0.140230415026	0.31563079792310417
6992	2	12	5,12	8,10	298	149	0.0132057015501	0.055499375332549915
6996	62	0	131,145	12,0	248	149	0.0139249140506	0.05718373770393664
6998	9	10	50,23	15,15	298	149	0.0720326188713	0.19001343404921897
6999	6	4	26,13	144,84	235	149	0.00336864359883	0.021027683232011374
7003	4	26	5,2	15,28	298	149	0.92290595787	1.0
7004	5	27	13,14	76,50	298	149	0.649088457731	0.8641182359082364
7005	5	2	12,10	2,4	298	149	0.580384129346	0.8114977697027944
7006	17	54	19,9	71,49	298	149	0.407776622359	0.6479405705432565
7008	8	30	8,7	37,35	298	149	0.637129352937	0.85671806086769
7009	7	46	27,20	62,73	298	149	0.0376138482127	0.11623465305772751
7010	7	54	22,12	67,53	298	149	0.0613537726801	0.16863282530176213
7013	6	7	27,16	2,0	298	149	4.02597572591e-06	0.00011658727643382669
7015	3	0	3,9	0,4	298	149	0.0087806053387	0.041832711752335376
7018	12	15	26,13	5,15	298	149	0.1450518645	0.32311711925495634
7019	12	0	22,5	0,2	298	149	0.512810648796	0.7479154270342492
7020	8	272	2,11	134,140	298	149	0.384998914349	0.6204600977661164
7021	7	273	0,9	122,89	298	149	0.49040738586	0.7252054373994427
7022	24	50	31,17	47,38	298	149	0.640315674359	0.8577237621718794
7027	10	179	25,31	298,319	298	149	0.140546293053	0.3160885005491409
7031	2	106	0,0	82,85	298	149	1	1.0
7033	1	0	2,2	0,2	298	149	0.301274350862	0.5325863131349011
7044	1	1	2,5	0,3	298	149	0.218348468702	0.4343328275260991
7056	2	0	2,4	2,0	255	149	0.342139612195	0.5744591575945935
7058	2	5	6,1	2,1	298	149	0.0719063461189	0.19001343404921897
7060	0	4	2,0	5,11	243	149	0.819961888499	0.9910813015463386
7064	0	3	6,0	2,4	298	149	0.0184523089483	0.06892624446246637
7066	14	0	14,17	2,2	298	149	0.0240367593485	0.08349636946628801
7067	1	10	12,2	30,28	226	149	0.20725104439	0.418826031432741
7068	1	2	15,2	0,0	231	149	0.000360635141583	0.003972643579241753
7069	3	8	10,3	25,21	298	149	0.697351583092	0.9068458728137946
7074	811	48	291,341	4,4	298	149	2.71523479067e-06	8.381422557134099e-05
7080	9	4	13,6	2,4	298	149	0.569008132087	0.8007734684530976
7081	1	13	0,0	17,13	298	149	0.291873724179	0.522545118686304
7088	0	2	2,1	6,8	229	149	0.142560270437	0.3185774062510207
7120	1	6	2,2	0,4	298	149	0.146597696109	0.32527087548987443
7122	0	10	3,3	32,17	298	149	0.0784517379999	0.20385840151870407
7125	0	2	0,2	8,0	298	149	0.227310818548	0.4441303845864764
7126	2	8	0,1	0,0	236	149	1	1.0
7127	2	140	0,1	8,100	230	149	1	1.0
7129	4	302	1,1	43,138	229	149	1	1.0
7132	0	11	0,2	10,0	298	149	0.22757139892	0.4441303845864764
7134	64	149	129,42	165,96	298	149	0.120122119591	0.2827746537400921
7135	61	48	104,67	30,34	298	149	0.015517058841	0.06112293603193319
7140	19	30	131,136	48,27	298	149	1.21996009117e-06	4.283584870120663e-05
7142	20	136	27,4	39,43	298	149	0.0609964322447	0.16797939036800225
7143	10	120	6,25	72,32	298	149	0.00754214131804	0.03769728640991879
7148	2	2	10,10	2,0	252	149	0.0135573863125	0.056252139072101186
7150	9	0	12,10	0,1	298	149	1	1.0
7151	1	0	3,2	0,9	298	149	0.0056639085368	0.030833176511378294
7155	3	41	10,6	28,40	242	149	0.0400756004417	0.12222840569026633
7156	8	47	11,12	39,48	252	149	0.312859769296	0.5441629052337238
7158	2	11	2,5	49,24	298	149	0.805181141432	0.9810799554076451
7159	0	7	11,4	6,10	298	149	0.000659024791532	0.0063999829877113236
7160	2	18	2,18	7,10	296	149	0.00630929806091	0.033064959427418265
7163	3	24	8,5	57,57	298	149	0.861646483232	1.0
7164	0	40	8,8	80,68	298	149	0.00762756369521	0.03785481699619239
7172	176	1	127,42	6,0	298	149	0.0548194078799	0.15601592374330203
7174	13	89	19,28	123,130	298	149	0.461932748085	0.6969179517300392
7176	89	562	119,72	384,361	298	149	0.0109971713526	0.04864732965268252
7177	39	366	37,25	346,305	298	149	0.633753691023	0.8538197209034087
7178	49	607	76,25	688,489	298	149	0.878946592162	1.0
7179	35	489	50,18	332,305	298	149	0.123593270961	0.2883500815028646
7182	4	8	4,4	11,9	288	149	0.786890923082	0.9690384054964218
7185	11	0	659,790	8,6	298	149	0.357590047407	0.5915609205926167
7200	7	92	6,5	301,308	298	149	0.0221099619365	0.07891598866534752
7208	1	0	15,3	2,4	298	149	0.00188879803175	0.01339806482622664
7219	63	0	84,52	2,4	298	149	0.0284953801939	0.09439094689229376
7238	2	3	0,0	16,18	248	149	0.0209408369783	0.07609678017082108
7244	10	44	20,15	43,31	298	149	0.0676096356618	0.18069977790104302
7248	1	29	0,2	8,5	298	149	0.81865885278	0.9899322933530003
7251	6	54	4,6	34,35	298	149	0.713022396291	0.9195959188160785
7252	2	76	5,4	62,91	298	149	0.206254916499	0.4176033122139532
7253	4	144	6,0	135,127	284	149	0.93079769122	1.0
7254	9	66	14,15	60,46	226	149	0.0854557840528	0.21684308708610225
7255	32	2	49,33	0,0	298	149	0.190760592853	0.39458505546691974
7257	0	1	4,2	16,14	298	149	0.0735553252886	0.1934615250334058
7259	0	2	0,2	4,0	298	149	0.227115945508	0.4441303845864764
7261	6	7	6,12	11,16	262	149	0.708760212872	0.9154317362028055
7264	2	4	10,10	14,12	298	149	0.511541441823	0.7472282423717145
7265	0	6	1,0	21,15	235	149	1	1.0
7273	20	71	36,46	54,49	298	149	0.000661169276831	0.0063999829877113236
7277	0	4	0,2	0,0	268	149	1	1.0
7278	1	33	8,1	27,12	298	149	0.0116139784885	0.051054249724877154
7279	1	12	2,3	20,11	298	149	0.353916808431	0.587213416941925
7280	3	68	9,4	24,42	298	149	0.0132179003551	0.055499375332549915
7282	0	20	0,2	26,9	280	149	0.898214867915	1.0
7288	528	778	962,356	588,381	242	149	0.00197078378782	0.013874515438562355
7289	57	1679	200,88	1288,824	298	149	1.76858527823e-13	3.311970697698713e-11
7290	209	1613	236,107	1628,809	298	149	0.649728173076	0.8645601317719014
7292	4	23	7,3	30,22	298	149	0.881683079088	1.0
7293	8	0	12,16	0,3	254	149	0.15511248693	0.33828491908879654
7294	3	45	8,11	30,37	246	149	0.00912127804958	0.04298937926387621
7295	2	2	4,1	6,0	298	149	0.783792409159	0.9664938004072129
7296	44	3	41,39	3,3	266	149	0.945010979765	1.0
7300	0	2	0,2	2,1	298	149	0.531888112626	0.7635551552760209
7305	6	0	14,9	2,0	298	149	0.874803670379	1.0
7306	3	5	7,2	0,0	298	149	1.61633391116e-07	9.458920742600915e-06
7307	8	0	18,12	2,4	298	149	0.0044178049834	0.02551774405941275
7308	42	1	21,40	0,0	298	149	0.273177742056	0.5050204706208159
7309	299	0	90,66	2,4	298	149	0.0109108514323	0.04864732965268252
7310	81	134	43,34	67,33	298	149	0.329737610658	0.5613533020232254
7311	155	3	277,285	0,2	230	149	0.478082761723	0.7128102323141757
7312	110	89	55,34	63,27	298	149	0.382454794082	0.6184890711435452
7313	55	115	29,18	67,37	298	149	0.790480049286	0.9700561198970616
7314	122	77	68,46	41,39	298	149	0.639151889192	0.8567817202785921
7316	98	0	66,26	4,2	298	149	0.00603567945481	0.03217120225533452
7317	103	96	59,27	41,53	298	149	0.518142311003	0.753243382570923
7318	71	79	51,22	60,35	298	149	0.491717791221	0.7262015118505726
7319	74	1	40,17	0,0	298	149	0.351338408654	0.5843159206092872
7320	72	68	42,11	58,39	298	149	0.0141743210041	0.05778761640133077
7321	69	37	24,21	31,16	298	149	0.0436282799608	0.13163462772275747
7322	28	4	20,13	7,2	298	149	0.345622672191	0.5782335236358065
7324	15	4	18,23	0,0	296	149	9.62622079547e-05	0.001401039078470219
7326	3	12	17,5	18,3	298	149	0.0211464365135	0.07644831424249872
7328	0	11	2,1	20,10	298	149	0.661762428418	0.8768352176538501
7330	9	0	10,13	3,0	271	149	0.109620498231	0.26139556836237604
7331	2	24	2,0	12,12	223	149	0.372962368676	0.6069030967486919
7337	3	21	11,5	38,21	298	149	0.248666711606	0.4718269884960743
7360	2	2	0,4	2,2	298	149	0.531801879652	0.7635551552760209
7379	2	114	12,10	173,129	298	149	0.0155202613994	0.06112293603193319
7380	0	7	2,3	18,17	298	149	0.0898548941503	0.22535928363231492
7381	0	2	2,3	6,4	298	149	0.0109428824893	0.04864732965268252
7383	3	20	27,10	20,21	298	149	0.00313296922567	0.019832469562314752
7384	7	5	5,10	0,4	298	149	0.106694240921	0.2561573698693068
7385	10	0	57,43	2,11	298	149	0.0081110559798	0.039624271734362095
7386	6	22	35,37	60,46	298	149	0.0330778749171	0.10555602085998718
7388	2	0	0,0	4,6	245	149	1.63225614036e-06	5.346351446040128e-05
7390	0	9	8,0	28,6	278	149	0.0158424374429	0.06215280276132137
7391	0	2	2,4	0,0	298	149	2.63487544894e-07	1.3220417419479822e-05
7392	2	0	0,3	0,2	298	149	1	1.0
7393	41	86	88,47	165,73	298	149	0.447267463097	0.6842997297600616
7394	0	10	0,1	13,41	298	149	1	1.0
7407	6	294	4,4	133,182	298	149	0.732116302946	0.9318145423540165
7414	0	8	2,0	0,4	298	149	0.227167705741	0.4441303845864764
7416	13	93	30,3	106,60	235	149	0.481319432114	0.7161156169535096
7417	20	87	30,19	99,50	298	149	0.252021392113	0.47671925282519667
7419	0	2	16,9	5,2	298	149	0.0003857571478	0.0042005703743225545
7420	19	102	17,19	56,29	298	149	0.0194549828483	0.0716239145751962
7421	220	2	150,80	2,4	298	149	0.188616330816	0.3915914806076452
7422	87	4	81,76	2,2	298	149	0.304367809233	0.5353970823804566
7423	7	34	19,5	42,11	298	149	0.0916504691697	0.2288410381312776
7429	2	0	2,3	1,4	262	149	9.83120662613e-05	0.0014234979078762459
7431	0	33	1,0	14,9	298	149	1	1.0
7432	6	1	3,0	0,1	298	149	0.84193475701	1.0
7434	3	1	5,5	0,2	298	149	0.243977691251	0.4666756043767032
7435	3	63	1,4	40,24	298	149	0.665165473081	0.8800988289611535
7437	24	115	43,21	102,59	298	149	0.0271410705794	0.09141398951742759
7439	53	15	27,16	7,1	298	149	0.281979468364	0.5131040726331639
7440	7	18	14,8	13,8	298	149	0.0581716902347	0.16248557657288498
7441	4	0	16,17	0,2	298	149	0.834512278489	1.0
7442	3	0	13,9	0,2	298	149	0.616923078052	0.8418720675173648
7443	3	10	13,9	10,10	298	149	0.0370428194778	0.11510318574462412
7447	88	2	47,71	4,4	298	149	0.117453175897	0.2774818932671766
7448	265	0	191,91	2,0	298	149	1	1.0
7449	214	0	170,92	1,0	298	149	1	1.0
7450	2	3	31,10	4,8	237	149	0.0944870599009	0.23467210544794703
7453	11	18	16,22	18,12	298	149	0.124299996238	0.28914734820240945
7455	2	1	11,13	2,7	298	149	0.630450070619	0.8524397628231457
7456	4	34	11,13	30,44	298	149	0.0446251987073	0.13321167180531956
7457	0	9	0,3	24,21	251	149	0.610498270805	0.8389871050348556
7460	89	8	37,22	8,14	298	149	0.00513059739098	0.02882369614252564
7461	4	3	14,2	7,4	298	149	0.905966968554	1.0
7468	7	10	16,15	7,11	298	149	0.101110019971	0.2472041622635013
7472	8	5	22,13	13,17	294	149	0.612970976881	0.8406486952141303
7475	18	4	2,0	0,0	298	149	1	1.0
7490	0	1	2,0	0,0	298	149	1	1.0
7491	1	1	2,1	0,1	298	149	0.00932695037132	0.043593017625686986
7492	113	32	162,137	42,50	266	149	0.740981087741	0.936527753930368
7497	7	0	8,11	0,7	298	149	0.0066106824521	0.034387790755460924
7501	2	6	4,11	5,6	298	149	0.0706344514302	0.18735804916660226
7503	6	19	10,15	10,10	298	149	0.00946115195434	0.043927893949985225
7504	5	34	5,12	21,20	270	149	0.0620880924988	0.16982030363108977
7506	0	2	4,0	0,0	292	149	1	1.0
7508	9	55	26,39	64,49	298	149	0.001040125618	0.009101909224180684
7510	9	26	6,8	49,32	298	149	0.171567191913	0.36620991039788525
7513	4	104	22,16	129,67	298	149	0.000280030366916	0.0032078369396708736
7515	427	303	392,237	1825,1429	298	149	0	0.0
7516	20	0	20,17	2,0	298	149	0.749731060623	0.9418580274105577
7517	11	796	26,12	516,369	298	149	0.00449009412055	0.025687727870926578
7518	1	10	52,8	156,82	298	149	0.130754479678	0.29909554838395924
7526	3	0	11,9	2,0	298	149	0.733792228547	0.9326169114133447
7528	22	6	59,9	34,17	298	149	0.0257125544541	0.08762023250676679
7529	11	105	37,20	100,57	298	149	0.000268394674473	0.0031303943252709793
7531	2	2	2,0	0,2	298	149	0.276048002438	0.5084713697366177
7532	1	169	2,0	134,144	298	149	1	1.0
7533	7	44	38,17	61,36	298	149	0.00164337785481	0.012311432143584026
7539	14	2	47,27	0,2	229	149	0.0759623635723	0.1984754916677857
7540	20	54	48,17	42,14	298	149	0.000554134284412	0.00561936175058956
7541	80	897	118,53	1536,554	298	149	0.733824028602	0.9326169114133447
7542	78	0	113,54	1,6	298	149	0.0144824636831	0.05861850214096239
7543	34	11	78,41	6,6	298	149	0.0140766010321	0.05750959809216584
7544	47	2	89,66	0,0	298	149	0.317175506149	0.5473836444353385
7545	25	14	16,6	9,3	298	149	0.946577327928	1.0
7546	95	1403	94,54	683,467	298	149	0.000626221105211	0.006193855931470772
7549	2	2	0,2	6,2	298	149	0.105552970437	0.2542867015073182
7554	2	22	66,26	6,0	298	149	0	0.0
7557	10	2	0,3	2,0	298	149	0.362422406737	0.5959549931522563
7561	8	11	6,8	12,8	292	149	0.88432417009	1.0
7562	29	86	33,27	63,39	298	149	0.0576864814409	0.16155665639829322
7564	0	8	3,2	8,0	220	149	0.00166661306099	0.012384963196616163
7565	7	8	36,0	20,2	298	149	0.87259377466	1.0
7567	14	680	64,45	1699,953	298	149	0.0129336550275	0.05504641965492045
7570	34	158	26,12	120,32	228	149	0.628475997079	0.8507899160457403
7573	2	0	4,2	8,6	298	149	0.000683959469046	0.006579596399144568
7576	4	20	4,2	30,30	278	149	0.336750576668	0.569020626017997
7577	15	30	35,18	48,53	298	149	0.943624420468	1.0
7578	25	7	41,28	15,3	298	149	0.736252764001	0.9335493223012297
7579	19	6	20,18	10,4	298	149	0.825975988583	0.9962071927563964
7580	15	5	20,23	6,1	298	149	0.244866759383	0.46729019566199254
7581	4	14	18,9	38,21	298	149	0.347098205941	0.579657665851766
7583	2	34	21,12	69,23	298	149	0.00120608767333	0.010107897151411544
7584	2	0	2,0	0,4	298	149	0.00166125174611	0.012377867784676366
7585	155	168	66,45	63,50	298	149	0.807188376851	0.9823805088462657
7593	0	1	12,6	6,2	298	149	0.00263912408822	0.017081335400483823
7595	11	7	11,12	72,61	298	149	7.01589844216e-05	0.001092769340372063
7601	21	22	9,6	17,10	298	149	0.19721532593	0.4037739435403571
7607	3	0	12,17	3,0	298	149	0.124123745436	0.28910746345748256
7608	0	2	2,2	11,16	231	149	0.106044940057	0.25503444916105567
7609	2	48	19,9	177,108	298	149	0.0953054702959	0.23566291026512598
7610	7	3	30,22	5,2	298	149	0.170510567733	0.36486493373014933
7611	2	57	5,11	161,102	298	149	0.283703615928	0.5154744224720258
7617	2	16	22,10	29,11	298	149	0.00206167792218	0.014299390823218815
7621	0	5	0,2	0,6	298	149	1	1.0
7624	4	2	4,2	0,0	298	149	0.001474365237	0.011537180489090084
7629	4	51	11,13	92,61	298	149	0.141540991285	0.317188054141744
7630	9	0	26,32	2,2	298	149	0.0651991558151	0.17595554155451268
7632	9	1	26,32	12,6	298	149	0.172944904831	0.3685904686420933
7634	6	0	24,22	2,0	298	149	0.679147072173	0.8904707841250458
7635	2	6	13,10	25,16	298	149	0.361829859884	0.5959549931522563
7639	1	11	0,0	25,22	283	149	0.26928170718	0.5006037825735408
7640	1	6	9,11	23,23	298	149	0.13853232245	0.31256007531088353
7641	2	2	8,15	0,0	272	149	0.00100535218004	0.008908625469187255
7644	2	4	4,10	15,9	298	149	0.897753719575	1.0
7649	2	7	2,1	10,13	292	149	0.446501524755	0.6836455473119668
7652	35	4	42,15	0,4	298	149	0.456725094055	0.6923587637347517
7653	36	43	32,15	25,16	298	149	0.373129814199	0.6069030967486919
7655	29	1	26,15	0,0	259	149	0.254511831894	0.4804594998590363
7661	11	145	2,0	8,1	298	149	0.599469765217	0.8274744818155052
7666	39	117	105,57	92,59	298	149	1.46258967748e-06	5.010261468343073e-05
7667	15	140	33,3	124,83	298	149	0.238343409753	0.45919522496308435
7675	3	6	0,4	0,8	240	149	1	1.0
7679	0	4	10,0	2,0	298	149	1	1.0
7694	2	8	1,2	2,18	298	149	0.52729432893	0.7622408649314494
7700	4	19	16,10	12,4	298	149	0.000422748491943	0.0044811340145958
7702	6	30	6,4	19,14	298	149	0.558131836907	0.7925559935714628
7706	17	281	25,24	400,299	298	149	0.604731488692	0.8335087103708675
7708	34	364	39,9	211,120	298	149	0.135386839813	0.3064477300843812
7709	10	6	12,19	8,2	298	149	0.312162880095	0.5436240112751736
7712	4	0	6,4	0,1	274	149	1	1.0
7713	9	79	18,14	175,110	298	149	0.903752529138	1.0
7715	40	456	6,3	31,42	298	149	0.807867203786	0.9823805088462657
7716	14	688	0,0	79,31	298	149	1	1.0
7717	198	165	161,110	60,38	298	149	2.42578703739e-05	0.00046280708453855636
7718	90	91	103,75	23,36	298	149	0.00025764732617	0.0030537187308503377
7719	29	137	15,11	68,66	248	149	0.709742634476	0.9162072887146525
7720	1	2	3,4	2,2	298	149	0.23679774815	0.45738627023817596
7725	1290	14975	450,671	8150,11304	298	149	0.00177526582975	0.012819336030251286
7726	3	0	32,20	1,0	298	149	1	1.0
7728	0	8	3,1	2,4	298	149	0.0128480830962	0.05487720304077113
7730	18	3	31,13	2,4	298	149	0.80540063267	0.9810799554076451
7731	21	2	30,16	1,0	254	149	0.04051431733	0.12329871872152763
7732	13	5	34,8	5,2	298	149	0.190107763766	0.39381468172470063
7734	12	13	28,16	5,2	298	149	0.000268574237234	0.0031303943252709793
7738	655	112	255,170	115,58	298	149	4.11252043597e-06	0.00011787826433305846
7739	112	84	129,66	73,43	298	149	0.310456311094	0.5418358810308559
7745	0	107	4,4	67,59	272	149	0.0547266531578	0.155909907424199
7753	5	41	14,7	44,37	298	149	0.126528074424	0.29266482534073274
7754	2	41	16,7	55,50	242	149	0.00948881951034	0.04394783858830219
7755	70	41	109,88	101,48	298	149	0.44247213567	0.6814167922681085
7762	6	29	6,1	19,16	266	149	0.824704565645	0.9951009986670126
7763	26	6	37,25	4,0	298	149	0.031577885299	0.10191112908601584
7764	25	3	26,17	4,2	298	149	0.891352732394	1.0
7765	25	1	26,17	2,0	298	149	0.928277904462	1.0
7766	12	13	17,19	8,12	298	149	0.167199250027	0.35917248912296174
7768	77	16	44,43	8,14	243	149	0.666937831609	0.8811165387571659
7770	10	35	39,26	42,51	298	149	0.0221694879619	0.07892787285801912
7772	0	79	3,3	77,41	298	149	0.41876022674	0.6589617930865551
7781	0	4	6,2	4,2	298	149	0.000957870261423	0.008637524733936038
7785	0	42	2,1	29,43	298	149	0.497661303331	0.7318548660774317
7788	1	4	2,0	14,9	298	149	0.805100669555	0.9810799554076451
7796	0	2	4,3	1,0	298	149	1.51150219863e-06	5.1154333445200845e-05
7797	1	9	3,2	13,23	275	149	0.560628172907	0.7945532480806069
7802	11	149	41,25	165,74	298	149	4.67033878712e-05	0.000796259670889069
7803	7	130	57,20	255,124	298	149	0.000253177841576	0.003013459987232983
7804	16	177	67,17	318,122	298	149	0.0123638680134	0.05339021449805929
7806	14	91	65,28	151,43	221	149	0.000221368706289	0.002680278861921556
7810	39	1	41,48	0,0	298	149	0.265547420494	0.4951387530581433
7811	52	373	48,48	270,210	298	149	0.104185922203	0.2518573627093176
7814	24	0	21,34	3,0	298	149	0.238530038544	0.4592398069020535
7815	10	484	7,15	365,287	298	149	0.239509969131	0.4603744466949275
7817	5	0	4,11	0,2	298	149	0.824534767956	0.9951009986670126
7819	14	557	29,16	517,370	269	149	0.029107133533	0.09619051540493764
7820	37	0	78,37	0,2	273	149	0.91926597466	1.0
7821	4	0	6,5	2,0	298	149	0.571288186252	0.8017969317761987
7822	2	6	5,3	2,0	298	149	0.00326454354802	0.0205147714236872
7825	0	4	0,4	31,14	298	149	0.300839331565	0.532487512518012
7826	1	0	13,5	4,4	298	149	0.00393758510031	0.023633924245236734
7832	0	29	1,0	13,18	298	149	1	1.0
7833	4	2	29,25	6,2	298	149	0.264171253987	0.49362054694769425
7836	45	5	84,91	0,5	298	149	0.0367789742321	0.11479126513107656
7838	6	70	6,3	77,87	298	149	0.418806075843	0.6589617930865551
7839	24	78	17,15	88,82	298	149	0.126692925459	0.29266482534073274
7842	2	16	27,4	28,22	298	149	0.0278289856889	0.09284040475073646
7843	5	23	24,11	64,29	298	149	0.220838526049	0.4377808183991821
7844	0	3	0,1	0,2	244	149	1	1.0
7845	23	39	60,63	17,19	275	149	1.17684997858e-07	7.1864599778939566e-06
7846	14	13	23,24	9,2	298	149	0.0119207825281	0.05190843573280108
7847	0	4	0,1	9,23	298	149	1	1.0
7848	2	2	0,1	2,4	298	149	0.0192081909767	0.07099448480730303
7854	4	64	19,2	99,22	298	149	0.0432903408518	0.13075544887387763
7855	7	0	23,4	1,0	298	149	1	1.0
7863	0	2	4,0	6,0	298	149	1	1.0
7866	16	2	21,2	4,0	246	149	0.728360788745	0.9308305075453617
7868	11	39	4,1	23,6	235	149	0.233958617866	0.4532343155762717
7871	0	6	2,2	0,4	298	149	0.00689432757682	0.0354320624924264
7872	3	0	11,2	0,2	298	149	0.299626471348	0.5316340689647804
7876	1	9	16,10	11,6	235	149	0.000572386072531	0.005742258849069925
7878	18	9	48,16	15,9	298	149	0.591724649111	0.8200071728430187
7886	2	19	2,0	14,21	298	149	0.327115929003	0.5588684838291205
7888	50	0	185,87	0,4	298	149	0.561233029437	0.79467997102181
7890	0	11	1,2	2,4	298	149	0.082841769997	0.21207241204467178
7894	12	76	14,3	34,18	298	149	0.149463217387	0.3300646050629583
7895	11	84	46,34	112,94	298	149	0.00101729409029	0.008944791214151657
7900	6	2	1,1	0,0	216	149	0.0067194381832	0.03482454217086494
7902	34	85	30,20	73,53	298	149	0.95457791106	1.0
7907	74	59	63,41	54,27	298	149	0.960180403001	1.0
7911	144	5	36,29	1,0	236	149	0.0438802441359	0.13196959933377206
7912	209	304	48,25	84,41	298	149	0.396010381431	0.6331733916120871
7913	214	4	48,33	0,0	298	149	0.104314565717	0.2519515177119974
7914	212	4	49,25	1,1	298	149	0.748868499202	0.9411953531357576
7915	222	3	53,36	4,0	298	149	0.461470607167	0.6969179517300392
7916	91	1661	71,47	2427,1436	298	149	0.00226500435156	0.015076770671876872
7918	145	1653	169,109	2451,1664	298	149	0.109003126591	0.260365461389557
7919	432	856	151,185	1016,735	298	149	9.95898918887e-11	1.332133363406468e-08
7920	371	1	129,103	0,0	298	149	1	1.0
7921	59	1291	16,29	1420,759	298	149	0.00109892378674	0.009462254724447339
7922	84	1202	72,73	1125,617	238	149	0.293519227268	0.5246550905137888
7925	18	3	48,35	4,6	272	149	0.837465091898	1.0
7928	21	88	32,57	77,92	298	149	0.00646799920957	0.033770650148108046
7929	23	345	34,25	463,250	298	149	0.416636807264	0.6574903323621213
7930	1	23	9,14	47,5	298	149	0.00167755680383	0.01240649325534189
7933	25	0	39,22	2,0	298	149	0.430120123271	0.6681735614646712
7934	3	17	14,9	14,5	298	149	0.00157289578827	0.012038867218666021
7936	54	34	46,13	49,28	298	149	0.0161615464232	0.06314017232652129
7937	0	8	3,1	26,21	298	149	0.274249921633	0.5058227379298076
7939	13	2	13,9	2,2	298	149	0.911119291625	1.0
7941	1	7	9,6	11,21	298	149	0.100334755474	0.24593396869674175
7946	2	0	1,2	1,2	298	149	0.00151770715711	0.011731975398204066
7947	4	0	0,2	1,0	298	149	0.101341626845	0.2472041622635013
7949	3	72	9,0	44,7	229	149	0.0444320468393	0.1329175927280018
7950	10	1	10,0	0,0	233	149	1	1.0
7951	7	76	4,2	52,25	240	149	0.584615195642	0.8147918326269064
7953	18	1	21,9	0,0	298	149	0.271927324899	0.5036676135269492
7954	20	1	21,10	0,0	298	149	0.238233453153	0.45919522496308435
7955	4	290	6,4	345,460	253	149	1	1.0
7959	1	2	8,0	0,0	233	149	1	1.0
7962	0	1	2,0	2,2	298	149	0.697971084736	0.9068458728137946
7966	18	357	157,84	904,443	298	149	3.24397359086e-07	1.4938232486435639e-05
7967	15	40	22,19	34,25	264	149	0.097845948935	0.24130979311187384
7969	1	3	0,0	0,2	241	149	1	1.0
7970	2	2	0,0	0,2	298	149	1	1.0
7975	27	19	11,2	22,10	298	149	0.00329131604367	0.02059088366741432
7976	38	3	19,6	0,0	298	149	0.0107941089204	0.04828129292580191
7978	1	0	7,4	0,2	298	149	0.450456234585	0.6869335303741938
7979	7	288	26,17	323,453	298	149	0.0264703268218	0.08936916832023581
7982	28	96	93,38	133,69	298	149	0.00258182375589	0.01682678174082369
7987	9	73	4,4	103,53	298	149	0.0698799704418	0.1856442461402087
7988	6	130	18,1	82,51	298	149	0.0221646837637	0.07892787285801912
7989	12	311	26,17	399,387	239	149	0.290948984932	0.5219448429139617
7991	2	4	19,6	48,4	298	149	0.771721319927	0.9592654048448196
7996	0	12	5,2	5,18	298	149	0.00745764329465	0.03734139040048458
7999	2	2	0,0	1,0	298	149	1	1.0
8001	0	1	3,0	0,0	298	149	1	1.0
8004	27	631	63,66	1828,1753	298	149	0.570823878069	0.8017969317761987
8005	43	982	64,55	2138,1665	298	149	0.150019547667	0.3307730842987465
8006	11	93	26,16	130,67	298	149	0.0951911051324	0.23566291026512598
8009	5	20	15,4	22,2	298	149	0.049010114822	0.14310749743762785
8016	7	58	15,16	58,29	298	149	0.011325189424	0.04994106293880062
8017	15	33	23,5	28,16	298	149	0.54999251692	0.7826387943405674
8028	35	1	53,17	1,2	298	149	0.655172782663	0.8705678081837119
8029	25	73	17,20	54,19	298	149	0.25054770589	0.4745708063688537
8030	19	3	21,27	0,0	298	149	0.00178182646694	0.012833719347780666
8031	17	61	10,19	25,15	298	149	0.0380489827513	0.11745010170154033
8035	3	7	8,0	18,6	298	149	0.922836418312	1.0
8036	2	10	4,3	30,22	298	149	0.769478470188	0.9586601617024653
8037	3	7	2,0	20,7	298	149	0.0337911008399	0.10718814487686953
8039	9	7	16,10	3,13	298	149	0.591329566124	0.8198641417780435
8044	96	117	132,45	41,30	298	149	0.000805303411268	0.0075208061519245
8045	3	4	0,6	4,0	268	149	0.892549011522	1.0
8051	0	5	2,3	3,3	298	149	0.00711764888672	0.03635177404144815
8052	195	25	352,267	4,4	298	149	1.60845714525e-09	1.6733911559286113e-07
8056	2	30	8,7	32,33	298	149	0.0458407096905	0.13582969780655535
8057	2	14	4,4	17,15	298	149	0.384555580588	0.6201013925784684
