IJC_SAMPLE_1	SJC_SAMPLE_1	IJC_SAMPLE_2	SJC_SAMPLE_2	IncFormLen	SkipFormLen
63	4	71,103	0,11	182	149
1	1	7,3	0,0	229	149
0	3	6,2	1,3	218	149
8	84	20,10	65,73	180	149
8	10	9,5	16,16	180	149
3	197	42,33	420,1058	274	149
1	0	23,23	0,1	274	149
0	613	11,0	362,687	199	149
1	595	8,4	387,666	263	149
14	11	17,3	16,9	354	149
1	1	0,1	1,1	158	149
528	1	71,215	0,0	273	149
1	1	0,2	0,0	280	149
5	219	0,3	34,121	332	149
57	40	3,36	6,22	280	149
46	8	168,516	252,704	874	149
5	8	19,66	252,704	199	149
50	2473	39,38	589,1063	254	149
593	2	306,522	0,0	881	149
22	8	25,27	6,6	982	149
29	1516	29,44	527,1553	1041	149
58	1	37,52	0,2	665	149
5	2	3,4	0,0	153	149
6	225	3,3	89,258	153	149
7	1	0,4	8,9	161	149
119	54	168,56	54,36	166	149
29	9	66,169	4,20	158	149
11	9	10,23	4,20	201	149
10	28	6,10	62,156	192	149
1	3	7,13	0,0	158	149
0	2	1,0	0,2	159	149
3	0	3,5	5,1	159	149
8	2	16,10	0,2	369	149
3	31	32,18	64,85	296	149
11	17	17,15	12,33	208	149
22	153	9,26	70,122	204	149
109	1	142,117	0,1	2483	149
121	1	160,138	0,0	171	149
1324	2	726,744	0,0	889	149
34	675	65,14	191,330	267	149
4	0	5,6	2,0	223	149
0	1	2,0	0,2	189	149
0	21	1,4	19,62	215	149
41	4	21,71	2,6	155	149
1	1170	10,0	528,757	220	149
95	1	54,66	0,1	350	149
28	79	66,33	61,100	200	149
1	64	8,3	153,181	153	149
7	59	12,11	55,49	381	149
77	7	69,76	15,10	153	149
0	49	1,1	61,41	173	149
1	33	1,1	17,34	177	149
17	101	25,17	34,76	316	149
16	101	23,17	34,76	317	149
112	6	312,392	1,6	230	149
0	1	2,3	0,1	196	149
3	56	2,9	15,44	196	149
0	23	1,3	5,60	164	149
60	1	22,79	0,0	180	149
16	2	13,22	0,0	180	149
1457	2	1809,1270	0,0	2993	149
1451	10	1802,1255	6,7	2962	149
132	0	115,86	0,2	534	149
194	1	46,127	4,1	204	149
17	60	17,11	25,58	154	149
4	12	1,2	1,15	154	149
12	0	12,13	1,0	162	149
48	0	40,11	0,4	562	149
18	8	8,17	7,15	240	149
90	0	124,93	4,3	236	149
287	11	27,193	0,10	197	149
4	12	17,4	5,3	156	149
31	12	70,19	57,8	153	149
285	0	556,289	0,4	1203	149
302	0	591,301	0,1	1203	149
16	4	9,43	0,8	208	149
0	1	0,2	0,11	165	149
2	72	5,3	70,74	160	149
21	1	26,9	0,0	205	149
52	5	17,24	0,0	211	149
260	0	550,545	2,0	1890	149
168	11	398,168	12,7	227	149
5	1	18,8	14,2	180	149
429	0	572,349	0,1	521	149
485	3	628,390	3,3	521	149
73	4	130,59	1,0	799	149
4499	54	29,480	0,0	401	149
1	1	7,0	0,3	184	149
0	3	7,0	1,5	184	149
4	109	16,9	96,79	184	149
2	3	10,3	0,0	198	149
7	16	25,17	17,28	327	149
0	4	1,0	6,9	154	149
9	6	1,1	0,0	154	149
2	17	1,5	32,35	210	149
5037	0	3283,5355	0,1	168	149
1	1	0,0	3,2	153	149
10	78	34,8	22,45	431	149
90	1	351,372	0,0	275	149
28	69	159,65	183,284	365	149
76	1	174,201	1,2	243	149
6	82	14,4	202,293	328	149
79	0	180,213	2,0	243	149
161	18	330,472	135,73	243	149
28	1	8,14	0,4	228	149
1	12	2,5	1,4	220	149
317	0	159,308	0,4	326	149
4	5	17,3	2,13	245	149
69	28	79,38	31,37	373	149
14	7	24,13	3,3	153	149
1	0	3,6	0,1	201	149
7	5	8,13	9,7	201	149
2	1	7,11	0,2	290	149
3	1	0,0	1,10	213	149
6	11	2,2	12,4	164	149
2	38	0,0	10,52	198	149
9	156	8,28	49,218	158	149
14208	186	7268,11243	95,92	159	149
46	186	169,58	95,92	327	149
45	14207	169,58	7268,11243	317	149
15914	0	8956,12790	1,0	524	149
0	4	1,1	0,0	153	149
276	16055	147,269	9586,13095	173	149
10	326	7,5	135,302	284	149
12	253	20,11	171,277	266	149
25	1	16,34	3,1	204	149
36	130	9,15	41,39	161	149
1032	130	996,603	41,39	1563	149
1019	23	987,597	0,9	1551	149
0	153	1,0	242,394	190	149
550	9	1387,606	13,10	2099	149
49	24	66,46	18,20	1152	149
8	501	13,5	280,661	232	149
0	171	1,2	93,242	233	149
2	1	1,1	1,0	160	149
320	0	216,238	1,0	234	149
29	3	42,22	16,8	164	149
48	121	10,33	34,64	191	149
223	90477	14,61	4239,18603	183	149
5	94	0,0	4,45	165	149
637	130	168,426	19,66	284	149
3	4	3,0	2,1	161	149
0	24	0,4	34,53	224	149
0	75	6,3	99,124	583	149
63	19	29,76	10,14	155	149
2	62	9,10	39,68	329	149
3	96	1,2	77,173	161	149
0	91	0,1	83,150	152	149
0	87	3,9	40,166	431	149
45	1	10,50	0,2	164	149
27	0	29,2	2,0	263	149
8	1	11,3	2,3	341	149
20	3	26,11	4,0	911	149
18	80	31,15	41,64	911	149
5	85	50,9	51,106	237	149
29	15320	0,2	32,402	159	149
437	1	224,341	0,0	426	149
304	1	156,303	0,0	212	149
12	0	16,42	0,1	327	149
0	1	0,2	0,0	159	149
5	0	4,19	2,0	211	149
4	2102	9,4	764,1481	805	149
110	9	42,115	11,13	824	149
2208	9	797,1592	11,13	168	149
27	1	28,33	0,1	356	149
10	12	6,8	18,23	202	149
2	95	1,3	27,120	196	149
2709	0	1813,5983	0,3	292	149
2366	38	1172,5605	14,76	200	149
434	3	614,548	8,8	153	149
42	49	17,41	24,62	159	149
9	0	21,15	1,0	511	149
17	0	35,1	1,0	643	149
64	0	46,15	1,0	643	149
968	37	460,1255	15,24	159	149
200	2	95,333	0,0	330	149
11	4	8,30	1,1	532	149
2	0	12,27	0,1	578	149
12	0	65,77	0,1	1093	149
10	0	53,51	0,1	664	149
15	0	61,89	1,0	429	149
9	448	2,7	72,427	175	149
6	157	10,4	111,140	204	149
2	9	1,3	1,7	169	149
81	0	77,106	1,0	472	149
1	77	1,0	75,88	183	149
669	2	896,1242	0,0	433	149
12	27	9,7	30,41	156	149
263	37	272,547	27,92	156	149
4	17	5,2	40,28	207	149
3	48	3,0	34,45	321	149
237	1	201,363	0,0	370	149
11	22	2,2	5,6	267	149
9	13	2,1	5,4	267	149
22	35	10,12	4,24	157	149
39	42	17,32	5,29	396	149
43	2	5,39	2,2	209	149
102	19	162,103	20,9	165	149
28	6	28,25	7,8	153	149
3	0	6,5	3,5	263	149
0	1	0,1	0,3	209	149
0	23	0,2	15,25	226	149
1	23	0,4	15,25	166	149
5	1	17,6	4,2	269	149
6	0	7,6	0,3	227	149
10	0	13,11	0,2	187	149
6	15	20,23	19,31	304	149
70	30	174,101	51,45	153	149
36	2	135,100	40,28	151	149
5	1246	4,8	511,1545	169	149
4	117	2,1	83,81	324	149
7	0	9,2	0,1	194	149
58	346	33,27	131,310	182	149
320	2	48,917	0,11	755	149
6	109	3,3	39,106	167	149
40	0	3,66	0,1	410	149
13	0	74,49	0,1	710	149
7791	1	4477,7304	0,0	314	149
6	7	32,19	33,90	254	149
12	0	35,58	0,1	286	149
4	0	17,46	2,0	213	149
0	350	1,2	127,295	153	149
27	2	40,43	5,2	172	149
13	71	3,8	3,155	264	149
219	16	8,35	0,5	225	149
186	4	81,156	0,1	300	149
296	0	102,222	1,0	1622	149
3	2	2,1	0,0	151	149
77	2	38,114	0,0	167	149
6	1	5,14	0,2	168	149
4	0	44,3	1,0	1635	149
9	241	12,3	32,143	287	149
8	33	6,10	69,94	254	149
6	10	13,5	1,8	399	149
33	32	15,34	22,74	165	149
191	112	47,111	18,43	215	149
2	138	10,7	186,204	260	149
4	1	5,0	0,1	228	149
12	0	34,2	2,5	335	149
658	14	420,803	9,6	170	149
121	1	89,88	0,0	224	149
8	105	15,10	68,116	446	149
9	68	7,6	49,131	158	149
96	2	67,152	8,1	201	149
0	55	8,4	112,96	155	149
173	5	54,272	1,6	259	149
64	17	34,51	2,12	175	149
13	22	23,21	4,7	1095	149
30	18	27,43	17,19	308	149
1	18	1,2	17,19	156	149
115	38	142,93	25,57	710	149
0	151	11,0	590,265	171	149
255	10	3,0	0,0	190	149
229	0	255,290	2,0	436	149
112	0	88,201	0,1	413	149
94	2	53,94	0,0	152	149
3	264	2,1	187,384	153	149
7	337	27,15	164,480	231	149
21	1	75,30	0,0	290	149
72	17	32,109	0,17	224	149
108	90	130,129	88,100	164	149
72	5	18,76	0,3	461	149
7	0	8,5	0,3	363	149
12	141	27,6	213,185	153	149
6	4	6,2	1,14	161	149
41	2	4,77	0,1	184	149
0	179	15,9	53,165	277	149
1	375	2,5	285,428	153	149
2017	7	460,1249	3,6	151	149
660	10	221,745	2,11	1504	149
48	0	102,113	0,1	317	149
8	161	6,3	27,149	357	149
154	1	28,155	0,0	155	149
3	239	4,6	273,330	151	149
5	16	6,3	3,5	154	149
0	6	0,1	0,14	170	149
1	0	0,0	1,0	153	149
1	87	3,6	79,105	185	149
32	0	79,41	0,1	494	149
39	16	17,29	10,27	319	149
165	55	31,77	10,34	169	149
213	134	73,86	11,75	491	149
1	0	6,1	3,0	206	149
0	173	2,6	34,173	175	149
12	113	45,11	63,49	343	149
23	2	10,32	2,4	170	149
0	2	3,0	4,2	199	149
0	1	1,0	0,1	398	149
6	163	10,19	71,158	187	149
4	2	0,1	0,7	163	149
30	0	9,7	3,2	1460	149
11	14	5,7	21,21	173	149
6	51	31,27	130,120	516	149
18	450	43,15	331,583	338	149
14	0	8,12	2,0	363	149
13	0	21,39	0,2	363	149
17	1	26,50	0,0	494	149
4	1	5,13	0,0	280	149
4	3	5,11	0,1	280	149
44	550	38,49	364,657	171	149
11	66	14,9	39,79	217	149
180	0	76,171	0,1	453	149
315	1	148,309	0,0	453	149
4	6	7,0	0,13	173	149
9	0	2,12	1,0	156	149
11	1232	3,15	772,1940	156	149
1557	0	1093,2237	3,1	580	149
1330	0	946,1865	2,0	1341	149
935	1	868,1472	0,1	2056	149
1463	0	1468,2331	1,0	2817	149
18	1	4,9	0,6	156	149
1017	322	68,476	27,137	179	149
2	56	9,8	123,154	228	149
2	0	11,5	3,0	228	149
11	68	7,4	21,59	292	149
12	2	40,16	4,3	619	149
24	39	13,11	19,41	160	149
0	7	2,7	3,10	160	149
11	1	4,14	2,0	237	149
11	1	4,17	2,0	245	149
39	1	15,63	2,0	309	149
28	0	11,50	0,1	221	149
28	0	11,48	0,2	213	149
3	0	0,5	0,2	168	149
14	38	5,13	35,51	619	149
30	11	26,14	4,14	154	149
33	1	30,21	0,3	158	149
14	1	8,21	0,3	153	149
19	25	32,23	38,31	633	149
11	0	29,16	0,2	633	149
34	14	50,37	0,11	319	149
214	1	106,175	2,2	701	149
12	888	6,19	411,1299	177	149
4	71	0,3	40,116	220	149
6	2	15,6	0,0	394	149
2	0	26,0	1,0	566	149
2	0	16,4	11,0	205	149
20	18	10,10	12,12	159	149
25	310	18,6	104,163	195	149
16	718	26,11	329,948	247	149
26	718	47,30	329,948	442	149
13	3	27,19	6,0	344	149
24	108	40,46	95,186	203	149
45	2	15,23	2,3	203	149
0	2	1,1	0,0	219	149
10	71	14,7	66,63	474	149
2476	29	511,1100	17,22	152	149
8	10	2,0	1,0	267	149
6	9	21,11	15,28	203	149
11	757	16,14	191,605	323	149
14	6	4,13	0,1	162	149
7	62	3,5	22,56	245	149
0	38	3,8	14,71	224	149
254	67	85,240	20,57	270	149
548	11	151,386	3,10	187	149
393	1	161,337	0,0	389	149
58	506	57,74	354,707	161	149
76	4	63,170	2,4	174	149
0	58	1,15	7,123	209	149
68	0	23,66	0,1	215	149
21	4	18,19	3,3	280	149
21	56	17,19	8,31	280	149
9980	24	1041,2835	2,6	5323	149
3	4	0,2	0,2	166	149
2358	14	714,1957	7,10	222	149
9	1	3,9	0,0	168	149
2	2	5,3	8,9	206	149
18	2	36,32	8,9	689	149
16	0	33,29	2,0	632	149
8	104	18,17	58,93	201	149
237	1	220,273	0,0	173	149
151	1	262,173	0,0	319	149
1	2	0,0	0,3	156	149
0	119	0,7	56,141	156	149
76	99	28,61	53,98	176	149
8	159	5,4	114,190	203	149
14	159	55,12	114,190	1032	149
11	5	50,9	0,1	978	149
43	44	19,40	17,31	155	149
27	2235	12,38	864,3510	222	149
66	2	68,48	1,0	592	149
337	1	164,244	4,0	592	149
137	3	52,107	7,1	215	149
293	0	166,326	0,1	215	149
61	1	75,70	3,0	229	149
2	35	0,10	48,51	231	149
11	2	34,33	0,6	1106	149
798	23	379,644	25,17	292	149
88	11	58,135	10,22	189	149
583	11	404,799	10,22	2474	149
505	10	362,673	16,9	2434	149
0	567	3,1	321,787	197	149
756	4	404,959	6,2	1039	149
741	1	330,928	0,0	199	149
286	1	163,387	0,0	280	149
29	484	14,29	181,570	230	149
1	1	3,8	0,4	309	149
33	0	62,26	1,5	543	149
8	81	6,7	17,58	283	149
31	0	53,43	0,2	323	149
312	25	341,265	39,18	155	149
77	2015	18,69	436,1897	162	149
7	1	1,8	0,0	198	149
66	32	44,84	7,8	296	149
399	1	166,342	1,0	452	149
55	1	34,23	0,0	260	149
110	1	48,62	0,0	405	149
202	1	96,134	0,0	696	149
55	0	15,40	1,1	294	149
147	0	63,112	1,1	585	149
58	11	29,40	0,2	226	149
66	1	42,81	0,0	296	149
817	1	426,679	0,0	2989	149
753	2	384,598	0,0	2842	149
5	0	4,14	1,1	175	149
0	1	4,0	3,1	273	149
0	499	5,13	292,534	153	149
2	253	3,12	96,379	210	149
19	98	5,19	10,31	431	149
8	5626	6,0	437,1775	158	149
242	9657	150,214	3763,9101	250	149
2466	4	844,2182	2,1	316	149
11881	4	4457,11069	2,1	215	149
9	7094	5,2	3171,7022	202	149
9	1	9,4	1,0	151	149
6	0	9,6	3,2	151	149
49	1	90,28	0,0	589	149
102	0	165,68	0,2	833	149
106	6901	174,72	2205,6414	835	149
54	0	75,40	0,2	393	149
58	6901	84,44	2205,6414	395	149
4	6901	9,6	2205,6414	151	149
94	4565	104,56	1012,7091	709	149
89	4565	94,51	1012,7091	665	149
63	4565	55,40	1012,7091	591	149
4836	2	1028,7714	0,0	169	149
352	1	15,50	0,0	399	149
39	6	95,40	2,2	327	149
0	155	2,0	139,257	153	149
6	114	30,9	86,225	234	149
1	118	4,2	62,224	191	149
10	120	3,26	56,272	151	149
2	11	4,2	5,9	197	149
24	46	5,42	7,43	345	149
12420	1	8236,15334	0,0	165	149
376	0	1020,705	4,0	827	149
0	2	0,1	0,1	160	149
219	29	219,180	16,20	963	149
147	2	338,177	2,1	300	149
0	21	2,11	29,77	158	149
1	1	1,1	5,2	158	149
3	44	0,1	30,104	153	149
3	33	13,7	25,28	185	149
78	13	10,159	2,7	483	149
9	241	3,3	114,271	153	149
455	2	230,449	0,3	592	149
18	0	62,123	0,2	632	149
69	1778	28,29	190,849	323	149
4	291	0,3	142,566	208	149
0	10	1,1	47,123	186	149
11	12	24,21	4,25	351	149
10	12	23,21	4,25	337	149
2	1	1,3	0,3	163	149
12	0	10,29	3,1	263	149
2	272	14,5	461,1009	185	149
36	0	52,66	2,0	180	149
0	203	2,2	15,303	246	149
3048	15	430,2642	1,11	930	149
1	0	2,0	2,0	248	149
39	0	76,124	1,4	211	149
33	98	25,16	24,71	165	149
3	3	0,2	0,0	189	149
283	1	256,374	1,0	646	149
48	15	50,48	10,18	158	149
0	39	1,0	17,43	153	149
86	33	340,140	28,22	1913	149
90	1	341,139	2,0	1913	149
0	312	1,2	111,355	198	149
0	99	0,2	42,122	169	149
74	0	189,139	0,8	378	149
73	60	86,84	56,55	161	149
1	38	2,1	64,127	196	149
43	4	12,53	1,1	417	149
98	0	41,131	2,0	234	149
91	13	52,93	2,9	252	149
26	65	36,31	36,64	1011	149
23	1	16,12	0,3	769	149
65	0	41,58	1,0	1496	149
12	797	7,3	123,509	199	149
1431	15	262,998	2,7	284	149
4	207	4,3	74,189	336	149
7	148	8,4	70,126	181	149
54	3	9,10	0,0	299	149
5	56	3,0	232,221	161	149
1131	0	414,890	0,1	233	149
503	0	104,355	0,2	579	149
290	1	89,236	3,0	368	149
3	27	0,2	30,67	175	149
7469	4	3196,6014	2,2	996	149
1017	6	307,816	0,4	1046	149
39	982	15,38	277,769	153	149
0	7	1,0	3,13	193	149
268	3	79,212	3,12	215	149
1	0	0,0	0,1	213	149
1	0	3,0	4,3	242	149
0	5	0,1	0,7	153	149
0	17	0,2	25,13	153	149
2	170	0,4	139,199	197	149
1	170	3,3	139,199	315	149
7	170	30,16	139,199	560	149
1	2	3,3	0,4	267	149
7	2	30,16	0,4	512	149
19	1	13,58	0,0	198	149
15	442	7,6	251,590	392	149
34	1	34,40	0,1	904	149
0	2	7,1	1,6	672	149
6	3	25,33	1,0	420	149
0	3	2,0	0,4	167	149
2	11	12,5	6,2	502	149
120	57	146,160	65,69	155	149
5	0	11,5	3,1	230	149
624	0	522,821	0,2	1153	149
494	0	368,769	0,2	910	149
0	481	2,3	281,724	192	149
149	290	69,215	138,408	171	149
4	337	1,3	133,379	188	149
16	1	25,17	0,2	176	149
60	5	142,86	5,2	176	149
1	97	1,1	70,171	188	149
3	141	2,0	39,158	287	149
5	19	12,7	2,14	429	149
18	0	20,13	2,0	526	149
32	0	10,20	2,0	246	149
1	13	7,8	6,8	282	149
23	240	12,32	80,274	311	149
62	2	147,126	0,0	155	149
187	6	213,173	2,1	211	149
110	9	129,113	11,25	340	149
130	1	112,83	4,0	170	149
4	448	3,0	528,622	158	149
523	0	502,659	2,0	1062	149
18	3	58,17	2,4	602	149
18	6	58,18	4,3	614	149
3	6	2,5	4,3	161	149
18	90	9,9	19,108	420	149
8	98	0,15	20,109	169	149
4	30	24,15	32,35	450	149
3	2	10,0	4,4	225	149
44	372	37,41	171,422	486	149
44	0	22,54	0,3	284	149
47	0	45,44	1,0	189	149
69	2	6,46	0,0	174	149
26	587	2,7	107,404	212	149
40	43	57,46	19,45	341	149
2	29	2,1	82,64	153	149
1	33	0,0	60,30	194	149
264	1	111,227	0,0	674	149
4	36	34,11	35,36	242	149
6	1	0,1	0,2	153	149
0	165	0,1	131,179	189	149
256	53	171,299	25,22	158	149
32	0	117,136	2,0	260	149
0	27	3,3	21,43	178	149
6	420	29,4	230,612	285	149
12	1	17,38	7,3	181	149
38	1	37,62	7,3	233	149
30	4	23,33	3,9	201	149
138	5	121,244	12,22	1619	149
1	0	0,1	0,1	155	149
0	1	0,1	0,0	171	149
117	179	56,88	82,193	155	149
28	22	13,21	18,22	189	149
533	2	412,477	3,0	611	149
0	7	4,0	4,6	163	149
415	0	911,538	4,0	3231	149
31	170	6,9	22,158	276	149
1	104	5,1	101,123	153	149
90	30	83,118	23,26	173	149
103	1	182,232	1,5	595	149
861	1	482,956	0,0	274	149
431	1	258,509	0,0	274	149
444	1	167,561	0,3	229	149
1	2	3,2	9,0	275	149
1332	0	982,1334	0,1	2334	149
3	50	1,1	54,64	166	149
0	79	15,9	77,100	187	149
20	0	35,22	0,2	249	149
99	0	97,113	0,2	211	149
672	4	479,971	3,0	243	149
428	0	357,623	0,2	204	149
72	1	45,114	0,0	983	149
82	431	36,77	87,704	297	149
283	10	122,407	6,17	155	149
270	2	101,337	2,0	287	149
15	4	16,20	0,1	287	149
515	87	336,371	37,130	503	149
49	3	70,57	3,0	229	149
8	0	14,16	2,0	217	149
9	0	12,17	2,2	217	149
33	12	0,10	2,2	164	149
1	7	1,0	12,23	152	149
4	0	39,13	1,1	165	149
0	3	36,10	27,14	417	149
4	0	15,12	18,0	174	149
15	4	15,32	0,1	291	149
78	475	79,108	439,459	161	149
63	0	91,55	1,0	539	149
1	10	10,1	26,11	215	149
1	39	11,1	43,45	215	149
6	25	3,10	5,101	195	149
91	629	58,175	457,828	179	149
6	117	2,3	110,168	230	149
184	1	111,159	0,0	385	149
27	5	18,94	7,13	472	149
49	1	35,105	4,10	652	149
43	9	27,35	12,24	155	149
82	2	81,138	1,0	261	149
89	0	109,64	0,1	487	149
297	1	50,175	0,0	175	149
60	23	48,65	6,29	161	149
38	3243	3,19	309,2612	164	149
301	183	33,263	27,149	206	149
1578	1260	179,1295	82,680	206	149
18	52	41,22	146,77	158	149
1244	0	1169,2541	0,1	750	149
16	32	18,13	53,126	168	149
3	10	16,4	125,41	161	149
115	2	82,103	1,1	366	149
172	1	108,132	0,2	466	149
227	15	241,318	23,29	158	149
0	108	7,4	110,105	184	149
71	18	66,70	8,17	182	149
37	2	53,83	0,2	409	149
103	2	105,91	0,0	1599	149
6	30	1,6	17,26	259	149
246	29	131,138	9,22	182	149
77	41	25,307	8,66	505	149
115	6055	9,19	243,1218	159	149
44	1	2,8	0,0	159	149
0	232	3,0	104,200	272	149
14	109	25,9	51,102	228	149
78	6	102,112	2,3	302	149
1000	0	393,1071	3,1	177	149
2	62	20,1	201,146	275	149
3	279	19,6	84,236	222	149
80	0	139,152	1,2	201	149
1	0	0,1	1,0	175	149
2	2	0,0	0,1	153	149
2	43	9,11	19,86	274	149
429	2	278,567	0,1	185	149
27	3	14,23	2,2	173	149
63	44	77,47	67,34	181	149
313	12	249,213	16,7	167	149
232	14	158,182	6,5	167	149
2	0	8,4	1,0	305	149
289	16	193,353	17,13	204	149
17	4	27,13	0,0	199	149
6	3	15,19	5,1	187	149
97	3	135,114	5,1	1082	149
93	2	125,102	5,7	1044	149
0	1	3,0	0,0	184	149
1	1	8,1	0,0	335	149
4	288	1,1	289,359	177	149
160	214	296,289	200,271	1671	149
4	10	8,1	6,12	377	149
3	49	7,11	9,108	329	149
1	0	5,2	2,0	167	149
4	62	8,9	100,56	167	149
5	62	22,6	100,56	171	149
4	3	17,4	3,7	153	149
37	1	12,30	0,0	215	149
2	22	0,0	28,53	209	149
66	2	37,63	1,0	180	149
14	140	53,16	155,218	523	149
106	14	158,149	20,12	276	149
145	0	138,429	0,1	182	149
1	44	1,1	33,72	359	149
65	8	14,62	0,4	153	149
61	0	40,56	1,2	166	149
8	1	13,24	0,2	187	149
6	178	17,12	54,327	203	149
653	2	249,1313	1,4	593	149
2	73	9,8	38,99	321	149
76	3	40,91	0,0	174	149
9	11	18,24	4,11	424	149
0	2	2,0	9,9	164	149
2	1	1,1	0,1	168	149
16	24	8,10	14,25	168	149
68	227	59,103	92,458	407	149
32	1	33,28	0,3	363	149
102	151	170,128	90,174	1298	149
0	3	6,0	0,1	217	149
160	0	133,218	0,2	177	149
27	0	39,25	1,1	666	149
30	0	2,77	0,3	227	149
13	197	8,14	111,303	275	149
5	534	15,5	197,531	197	149
0	716	5,1	230,630	157	149
570	5	241,532	5,1	1096	149
260	8	59,246	4,6	258	149
355	2	692,501	1,0	568	149
24	1487	11,7	193,861	216	149
18	34	0,3	22,28	161	149
445	2	88,246	0,2	267	149
22	294	17,36	137,641	175	149
248	0	127,572	0,2	194	149
11	1	10,59	0,0	151	149
193	1	175,298	0,3	195	149
23	2	1,231	0,17	263	149
57	2	3,438	0,17	273	149
36	2	2,221	0,14	159	149
11	0	2,21	0,1	208	149
7	183	11,28	137,237	513	149
154	114	83,225	65,115	180	149
1	16	0,8	8,46	161	149
4	16	0,11	8,46	205	149
4	1	0,10	0,7	193	149
6550	446	342,1145	32,79	197	149
0	71	2,2	44,116	158	149
0	5	5,0	8,4	194	149
146	0	117,196	0,1	261	149
1	0	1,1	0,4	197	149
3	1	2,2	0,0	287	149
4	1876	0,0	268,976	180	149
0	7	1,0	4,12	203	149
1	54	2,9	50,174	156	149
0	47	0,2	68,179	167	149
41	0	85,125	2,0	181	149
0	38	0,1	138,200	153	149
2704	4	1170,1958	0,0	306	149
284	17736	194,466	5094,15299	305	149
153	0	229,533	1,1	178	149
2	107	4,6	129,376	175	149
71	0	49,139	1,0	342	149
112	0	31,201	0,1	177	149
5	6	3,0	0,0	281	149
1	4	0,2	0,2	181	149
7	4	0,12	0,2	194	149
1	1	0,0	0,1	155	149
1	0	3,1	4,0	177	149
1	0	33,14	0,4	413	149
8	4	19,12	3,9	242	149
37	0	66,100	1,2	184	149
9	94	7,2	69,152	162	149
1	28	0,0	7,37	166	149
647	1	107,305	0,0	262	149
647	0	99,305	0,1	262	149
15	1	99,158	7,8	170	149
4	12	13,5	5,3	197	149
27	2	82,165	3,3	561	149
14	2	10,15	1,1	189	149
24	401	23,42	126,410	272	149
38	11	68,76	11,32	278	149
12	11	32,35	11,32	280	149
1	27	1,0	37,41	151	149
0	109	4,0	425,206	154	149
13	96	126,23	281,209	2832	149
4	22	63,19	151,69	315	149
1215	0	1200,1308	0,2	162	149
171	0	832,607	0,1	1462	149
1	158	1,1	95,169	166	149
8	350	8,8	115,381	265	149
1746	1	1604,5063	2,2	182	149
4	1626	8,8	1958,5363	161	149
2	3	4,0	3,3	151	149
19	9	22,14	15,6	193	149
1789	1	55,847	0,0	593	149
0	1	2,0	3,0	294	149
0	4	2,0	0,0	174	149
1	34	15,7	21,118	2056	149
3	58	17,15	67,176	2056	149
1	0	22,7	4,12	2056	149
2	6	19,9	44,23	227	149
19	108	38,29	81,126	202	149
282	1	419,487	0,0	212	149
1	2	12,10	0,2	203	149
46	5	107,104	2,10	512	149
1	0	11,6	0,1	203	149
139	3	93,225	0,6	381	149
91	12	64,147	12,16	224	149
285	23	39,89	0,2	213	149
2	72	1,5	49,64	153	149
69	0	67,119	0,1	157	149
183	0	118,138	2,0	731	149
1	3	5,3	14,1	159	149
4	114	14,11	108,131	281	149
13	2	4,13	0,2	186	149
12	1	0,1	0,3	216	149
14	9	3,7	0,0	781	149
187	0	256,241	3,2	259	149
1686	1	466,1188	0,4	171	149
0	1	0,2	0,4	259	149
28	413	5,23	38,238	185	149
31	219	59,52	133,200	1537	149
259	2	200,317	0,1	1215	149
216	2	136,266	0,0	168	149
76	3	97,91	4,6	299	149
2	10	0,1	1,1	344	149
257	9	201,256	9,3	211	149
45	40	53,61	54,65	197	149
3	98	11,3	81,105	182	149
369	0	376,441	2,0	288	149
631	0	525,699	1,1	288	149
135	2	103,256	2,22	167	149
5	152	9,2	51,397	153	149
201	0	224,231	1,0	298	149
398	5	137,496	2,6	200	149
3	379	1,10	118,486	192	149
4	132	11,4	32,164	366	149
3	0	0,21	0,4	164	149
7	57	3,24	4,120	219	149
252	27	27,102	8,6	251	149
88	3	15,75	0,0	165	149
29	94	7,38	23,120	206	149
3	6	5,1	5,7	178	149
9	1	11,1	0,0	200	149
0	15	0,5	18,17	215	149
24	52	16,56	20,93	171	149
0	12	6,3	34,13	267	149
234	30	86,162	10,31	204	149
1159	30	360,906	10,31	181	149
2815	210	979,1938	67,133	347	149
580	0	251,336	0,1	347	149
1	0	4,42	0,11	191	149
4	1	4,3	0,0	172	149
3	35	1,3	20,17	317	149
6	4	5,6	0,3	340	149
38	4	24,20	0,3	172	149
4	2	12,8	1,1	203	149
43	0	65,36	3,0	470	149
111	0	186,79	0,3	720	149
68	0	124,43	0,3	399	149
70	1	122,44	0,0	399	149
95	17	66,173	2,5	308	149
1123	11	157,1143	0,3	200	149
1	36	3,0	29,77	310	149
33	84	30,55	55,154	851	149
46	84	45,71	55,154	855	149
15	1	15,18	0,2	153	149
1433	14	403,1897	3,20	182	149
89	10	190,47	14,6	176	149
48	415	25,32	203,488	153	149
89	105	25,90	45,139	170	149
53	2	30,90	0,1	170	149
6	0	3,13	0,1	232	149
0	12	10,2	1,17	345	149
2	7	7,3	11,20	213	149
6	580	2,5	357,888	153	149
0	9	0,4	1,99	182	149
4	41	10,10	21,97	203	149
8	42	1,18	11,88	158	149
1	56	3,1	16,110	159	149
7	0	11,15	0,1	202	149
62	0	24,124	0,1	192	149
0	36	6,1	21,60	252	149
3	0	9,12	1,0	316	149
1	0	20,28	4,2	182	149
153	8	61,311	5,14	198	149
222	1	119,323	5,1	231	149
315	0	258,469	0,1	307	149
203	1	225,325	0,0	1625	149
38	2	52,38	0,0	1493	149
11	2	6,31	0,0	153	149
6	14	3,3	3,20	305	149
17	6	11,13	1,17	369	149
358	2	103,525	0,2	489	149
4	225	4,14	74,282	243	149
49	5	9,31	4,4	268	149
3	13	2,6	4,0	169	149
31	372	4,25	21,231	186	149
408	2	18,311	0,3	180	149
73	22	13,90	6,36	158	149
10	96	0,11	26,140	163	149
2	167	2,1	111,185	153	149
353	1	281,386	0,0	611	149
250	10	177,216	17,20	297	149
30	8	38,50	1,7	268	149
32	61	48,29	46,64	550	149
49	110	49,62	35,83	724	149
41	1158	5,4	62,219	283	149
312	1	86,237	0,1	301	149
101	0	88,83	0,1	600	149
98	0	84,77	0,1	600	149
33	54	18,56	14,96	194	149
14	63	19,45	57,116	451	149
168	0	201,248	1,0	183	149
28	0	39,38	1,0	183	149
117	6	93,206	0,5	181	149
7	79	0,11	30,59	244	149
197	16	240,167	0,6	476	149
8	3	2,8	0,2	376	149
4	1	13,4	0,0	1750	149
72	79	96,37	68,78	751	149
284	1	290,298	0,0	508	149
249	4	161,191	2,3	189	149
35	78	65,38	69,114	360	149
12	50	7,25	37,77	156	149
1	89	0,0	144,58	154	149
14	35	0,2	1,14	166	149
12	6	0,4	0,5	166	149
0	4	0,2	0,0	173	149
0	1	0,2	0,0	319	149
1	0	0,0	0,3	164	149
18	142	15,23	12,87	348	149
138	3	112,146	0,3	154	149
97	0	55,286	0,4	173	149
1	196	2,1	69,151	211	149
319	7	123,325	4,6	436	149
380	1	485,631	1,0	2101	149
71	58	51,77	51,62	155	149
266	0	216,218	0,1	413	149
13	11	8,12	2,14	153	149
7	2	3,1	0,3	153	149
7	109	18,10	152,177	157	149
285	0	281,427	0,5	263	149
1043	10	879,1466	20,12	2017	149
137	1	110,139	0,1	156	149
56	595	14,20	146,415	215	149
748	3	179,423	1,1	261	149
2	0	1,2	2,2	179	149
7	82	13,2	50,82	270	149
3	6	3,13	0,1	153	149
0	6	3,0	8,1	196	149
49	0	49,35	10,3	241	149
1	91	0,0	33,34	194	149
1	2941	1,2	3385,5927	156	149
9	2943	14,23	3456,6088	159	149
1	3	4,9	2,1	174	149
3	0	8,14	1,5	278	149
6	1	26,26	0,1	371	149
3	1	19,17	0,1	242	149
2	0	0,6	0,1	164	149
1	60	1,0	66,74	153	149
145	0	51,90	3,0	270	149
278	19	157,213	6,10	270	149
13	16	14,4	9,23	372	149
189	11	148,122	16,3	169	149
240	2	304,186	2,1	244	149
12	525	9,10	246,464	466	149
6	525	2,3	246,464	158	149
60	128	44,38	59,123	244	149
52	5	36,58	10,4	189	149
172	129	197,188	96,100	289	149
3	233	4,1	138,206	153	149
54	88	49,50	40,107	185	149
305	0	420,238	2,0	306	149
561	1	888,419	0,0	1600	149
159	1	205,135	3,1	376	149
20	55	29,19	15,49	179	149
184	1	26,27	2,0	1099	149
52	28	6,19	2,7	151	149
545	0	42,170	1,0	223	149
1475	5	93,414	0,2	223	149
11	0	95,38	2,0	2540	149
180	1	305,251	0,2	1048	149
25	11	30,40	0,9	182	149
206	1	308,304	0,0	462	149
4	145	8,3	170,170	156	149
44	0	196,80	2,0	1336	149
25	4	19,37	0,7	196	149
8	0	67,25	6,0	1096	149
0	6	2,0	0,1	197	149
0	129	0,1	46,198	327	149
76	40	51,131	41,105	197	149
7	2	9,28	0,2	197	149
62	2	19,70	0,2	346	149
7	75	6,3	65,108	212	149
11	132	25,10	72,126	288	149
0	159	0,1	68,128	226	149
70	630	28,52	117,523	236	149
1	0	17,3	1,0	161	149
19	2	224,73	33,12	161	149
7	2	2,28	0,0	168	149
3	7	0,0	4,7	154	149
2	4	0,6	4,17	169	149
25	0	76,36	1,1	268	149
44	0	105,80	0,2	268	149
3	30	0,0	11,11	256	149
48	220	35,41	215,266	170	149
239	82	202,329	67,116	164	149
4	86	9,6	173,128	178	149
20	164	18,21	79,122	229	149
1	2	0,1	0,2	156	149
20	43	8,15	11,32	162	149
567	3	330,440	8,6	912	149
923	3	657,795	8,6	1456	149
361	5	328,356	1,1	693	149
492	0	582,429	1,0	2866	149
324	1	275,410	0,0	727	149
17	3	43,14	13,2	180	149
17	3	47,6	13,3	235	149
23	13	118,8	31,10	420	149
357	97	359,435	68,99	2170	149
9	1	11,7	3,1	197	149
9	3	10,9	4,2	197	149
12	28	10,7	30,18	197	149
21	9	17,39	5,9	154	149
4	6	12,7	7,14	237	149
1	15	0,0	4,0	201	149
3	1	0,3	0,0	204	149
17	3	0,2	0,0	204	149
5	0	0,0	0,1	218	149
23	1	84,30	7,1	294	149
28	40	97,38	107,37	294	149
7	0	8,4	2,0	159	149
51	5	6,111	0,14	277	149
163	0	152,161	1,0	289	149
136	11	250,182	20,17	173	149
5	89	17,5	67,102	161	149
6	1	14,10	2,1	354	149
0	3	8,1	2,0	377	149
126	1	36,165	0,3	173	149
1	213	0,1	75,275	153	149
1	3	2,0	3,1	165	149
1672	0	589,1263	9,0	619	149
178	0	122,480	0,3	617	149
15	1	4,13	0,0	153	149
185	1	107,187	1,0	153	149
0	44	0,1	19,21	155	149
4	0	0,2	6,2	160	149
6	284	8,1	294,503	178	149
4	437	3,2	208,679	178	149
588	1	244,730	0,3	283	149
4	0	2,8	2,0	179	149
3	52	1,0	25,59	153	149
2	1	2,1	2,0	151	149
57	1	44,47	2,0	155	149
57	2	44,47	2,1	153	149
5	0	5,3	1,2	155	149
142	154	73,46	28,116	470	149
220	1147	10,31	3,124	464	149
753	180657	136,596	29032,152457	369	149
4	1	6,15	0,3	167	149
18	38	43,83	62,112	167	149
179	2	152,191	0,6	153	149
24	62	24,48	34,58	395	149
75	218	91,72	106,133	188	149
223	25	55,155	10,12	164	149
1	0	6,3	1,0	220	149
950	7	348,1052	0,13	165	149
477	46	101,273	10,26	634	149
11	130	21,8	49,164	185	149
51	7	3,32	0,2	664	149
4	654	4,6	279,649	175	149
92	1	110,118	0,1	964	149
41	1	53,62	2,2	179	149
0	193	1,1	53,208	238	149
2	191	7,4	124,145	205	149
10	85	24,12	75,81	440	149
48	4	27,42	2,9	173	149
0	96	1,0	10,139	251	149
123	169	145,117	145,129	161	149
70	52	58,96	19,70	194	149
4	14	2,8	9,31	293	149
561	2	242,912	1,14	188	149
5	130	3,2	19,72	164	149
0	4	3,3	8,11	248	149
16	0	27,11	2,1	513	149
19	14	34,21	4,16	644	149
3	14	9,11	4,16	280	149
4	7	6,3	0,1	473	149
401	1	137,153	0,0	1336	149
90	1336	265,105	945,1144	1687	149
10	1	22,7	2,1	181	149
5	844	9,6	631,811	245	149
187	1251	493,248	993,1252	2544	149
103	1251	238,148	993,1252	1396	149
9	1251	54,27	993,1252	312	149
12	611	24,13	229,518	502	149
9	611	8,11	229,518	262	149
1176	6	906,924	6,6	1090	149
20	1	0,3	0,2	191	149
324	8	323,162	0,0	311	149
58	97	11,49	12,68	196	149
35	1	11,26	0,0	169	149
30	11	8,32	2,7	196	149
0	145	0,1	63,171	180	149
11	492	32,36	211,461	374	149
182	1	197,238	0,0	489	149
2	85	0,1	114,119	211	149
31	38	7,37	10,24	173	149
3	0	7,8	4,0	379	149
624	3	274,386	1,1	280	149
1	79	12,6	54,101	189	149
1335	11	438,751	16,7	259	149
5	14	3,3	2,8	164	149
45	820	6,28	225,461	164	149
943	22	532,716	50,24	1526	149
1415	0	985,1926	0,1	287	149
1470	5	359,662	8,5	292	149
1824	18	418,786	4,3	403	149
359	18	67,129	4,3	260	149
426	108	121,290	35,67	155	149
1	2	0,4	2,1	344	149
6	106	5,9	39,98	212	149
0	6	4,0	4,8	212	149
150	286	292,142	118,218	1939	149
332	5	307,334	4,3	2266	149
94	4	25,91	1,1	153	149
14	2	30,17	2,8	229	149
13	2	23,11	2,8	218	149
16	84	23,17	24,100	218	149
2	13	21,10	43,72	187	149
69	0	370,223	2,0	1307	149
0	64	0,1	66,121	153	149
50	90	30,70	42,120	208	149
195	2	82,205	0,1	154	149
635	1	301,594	1,4	248	149
133	0	80,133	0,3	204	149
27	1296	31,85	617,1460	223	149
0	4	3,1	1,1	153	149
20	374	54,12	308,425	153	149
1	125	0,5	64,221	155	149
629	8	602,445	5,2	193	149
1013	6	577,768	5,6	970	149
1338	2	1034,2153	2,1	647	149
435	2	128,222	1,14	518	149
546	93	98,243	18,42	172	149
96	49	35,34	9,26	172	149
35	2077	29,19	56,290	560	149
6	2292	9,4	151,350	160	149
187	6	366,225	3,3	397	149
125	0	275,188	0,1	275	149
10	61	20,11	104,79	291	149
41	37	17,50	26,73	319	149
6	381	5,17	155,662	156	149
9	105	38,50	141,156	155	149
354	6	162,363	3,6	240	149
844	12	659,878	11,16	1159	149
3	1	3,4	0,0	251	149
1	0	1,2	2,1	182	149
11	0	15,6	0,2	494	149
537	2216	393,695	992,2164	188	149
10	2	1,2	0,0	342	149
1949	1	110,483	0,0	182	149
1	2013	4,0	132,510	174	149
2351	0	128,646	1,2	211	149
8	985	2,3	50,279	219	149
25	932	5,7	31,279	203	149
37	932	5,12	31,279	193	149
6	2	4,3	0,1	169	149
27	26	12,26	6,28	210	149
260	26	125,357	6,28	215	149
242	9	115,338	2,7	154	149
5	256	3,5	150,487	219	149
0	91	1,0	36,59	188	149
28	1	234,97	1,9	762	149
14	0	6,26	0,3	184	149
1	83	1,2	37,94	161	149
2	3	1,0	6,3	153	149
5	3	0,1	6,3	255	149
4	3	1,1	6,3	322	149
5	2	0,1	1,0	251	149
4	2	1,1	1,0	318	149
1	2	1,0	0,0	216	149
6	2	9,11	2,3	213	149
0	9	2,4	1,10	174	149
2	16	0,4	10,14	182	149
635	1	279,739	2,2	278	149
340	1	161,338	2,2	385	149
20	315	14,17	132,418	256	149
16	6	14,18	0,4	256	149
0	2	0,2	0,2	153	149
15	81	11,14	20,28	1060	149
0	3	3,0	1,0	330	149
118	6	38,57	21,24	1098	149
292	4	249,310	3,4	389	149
10	33	1,5	17,32	259	149
15	5	10,13	4,1	244	149
5	140	8,1	90,170	165	149
405	2	334,442	3,1	188	149
20	308	38,22	251,385	219	149
947	3	595,711	0,1	176	149
1432	0	699,957	2,0	371	149
187	0	221,151	0,1	244	149
35	9965	32,33	4422,8471	182	149
131	1	56,193	1,1	187	149
1765	17	1365,2244	27,17	254	149
648	11	225,849	6,10	175	149
21	2	9,18	2,0	175	149
0	1	1,0	0,0	166	149
317	1	145,393	1,2	154	149
0	47	0,1	90,66	196	149
92	34	142,88	35,57	206	149
6	49	9,6	66,32	224	149
23	4	25,16	0,4	194	149
3	0	2,11	0,4	340	149
29	549	35,24	268,764	251	149
710	0	350,630	0,1	354	149
2	1	4,3	0,2	155	149
10	16	44,15	66,32	153	149
63	2	149,82	14,8	438	149
106	25	216,137	13,18	604	149
45	25	81,63	13,18	315	149
50	3	79,73	4,5	315	149
1	2	1,4	3,3	159	149
1	2	3,2	11,2	159	149
1	18	5,3	32,22	159	149
213	2	106,189	0,1	174	149
0	54	3,1	40,86	154	149
0	51	7,2	43,71	191	149
151	4	10,77	3,2	172	149
18	147	8,16	45,181	216	149
0	107	0,3	48,109	227	149
72	0	59,113	0,1	1470	149
4	115	6,2	107,214	224	149
38	0	37,28	1,0	190	149
633	4	541,444	2,0	2223	149
6	4	2,2	0,3	357	149
20	2	2,10	0,1	357	149
54	117	105,32	111,119	653	149
113	23	150,95	20,20	203	149
125	0	101,129	0,4	464	149
2	148	2,3	58,179	199	149
38	0	50,69	1,0	153	149
9	1869	17,5	2483,2519	166	149
5	166	6,3	50,152	196	149
5	3934	2,1	568,2016	177	149
814	21	316,582	6,18	292	149
1	449	0,0	191,281	153	149
153	0	331,197	4,2	286	149
2	146	8,2	332,185	165	149
4	31	20,3	24,47	194	149
250	2	277,253	0,1	1220	149
0	43	0,1	60,36	207	149
1	16	7,1	5,7	176	149
3	0	0,2	1,7	171	149
0	19	2,4	6,35	171	149
3	44	4,2	22,50	170	149
11	44	23,9	22,50	574	149
10	2	21,8	2,1	553	149
16	31	24,19	28,28	182	149
13	1	2,5	10,3	156	149
36	2	6,10	0,0	184	149
6	11	21,0	10,17	392	149
4	11	14,0	10,17	313	149
63	1056	152,42	1486,467	305	149
161	8	305,145	8,6	337	149
139	0	214,71	0,2	220	149
147	71	225,74	47,47	224	149
8	71	11,5	47,47	153	149
0	1	0,3	1,0	162	149
2	1	0,5	1,0	158	149
0	1	0,4	5,2	162	149
0	1	0,5	5,2	158	149
48	539	37,39	94,314	493	149
41	8	50,58	12,6	407	149
257	298	228,278	216,414	200	149
7	1101	5,6	525,1164	163	149
25	1081	25,28	532,1092	188	149
0	12	6,2	3,11	320	149
0	1	20,3	6,3	162	149
180	1	213,204	1,0	205	149
296	1	503,389	6,3	3487	149
14	151	35,20	137,165	194	149
4	163	4,4	142,158	154	149
19	1	10,6	0,3	199	149
16	1	21,24	0,3	322	149
10	13	15,20	4,2	272	149
205	0	209,210	7,0	769	149
454	1507	269,683	657,926	438	149
2	0	12,6	1,0	251	149
1513	2	865,1473	0,6	173	149
4	1572	24,9	958,1291	170	149
34	1	31,66	7,3	353	149
66	544	67,68	127,533	1270	149
109	0	57,148	0,2	202	149
102	0	119,116	1,1	518	149
24	70	19,29	53,86	245	149
1	0	9,5	0,1	221	149
6329	0	2533,5699	1,0	831	149
54	0	34,53	1,0	153	149
54	2	34,55	0,0	153	149
69	6409	46,59	2957,6050	153	149
57	31	34,38	3,17	423	149
2	50	4,1	8,89	226	149
2	50	0,1	8,89	188	149
241	2	156,223	6,1	162	149
342	8	350,263	17,11	1361	149
0	1	2,0	4,0	164	149
19	12	99,41	5,18	368	149
19	366	101,45	197,389	368	149
7	1088	15,8	437,1517	174	149
5	0	14,0	8,11	259	149
1	28	2,0	3,24	189	149
34	325	60,51	279,495	310	149
529	6	431,395	2,3	203	149
15	15	24,26	12,22	251	149
8	0	5,11	0,8	153	149
1885	1	539,1070	0,0	288	149
735	3	496,804	0,0	290	149
287	2	76,272	0,1	172	149
1	20	7,4	43,41	159	149
377	0	266,342	1,0	183	149
255	3	129,396	0,2	179	149
4	195	0,0	79,300	157	149
11358	29	1250,7257	0,16	257	149
34	1	38,107	0,1	215	149
197	27	60,58	3,16	548	149
3	231	4,0	48,106	183	149
413	79	510,474	127,105	215	149
55	1	83,61	0,0	328	149
190	2	104,197	1,1	152	149
21	289	57,27	91,198	192	149
1146	2	795,881	2,0	985	149
1	3	10,3	4,7	234	149
33	250	19,31	141,173	152	149
0	2	0,1	3,4	155	149
47	10	6,11	2,1	159	149
1	375	2,0	183,500	167	149
20	4	16,18	9,9	200	149
9	0	7,16	2,2	166	149
10	0	8,16	0,1	182	149
1	0	3,2	0,1	165	149
462	11	359,418	6,9	167	149
35	161	4,24	85,136	152	149
6	217	14,21	149,222	225	149
6	0	4,13	1,3	155	149
104	140	111,179	87,188	155	149
3	50	14,11	18,36	217	149
4	159	4,4	86,146	206	149
462	4	357,414	7,4	244	149
173	6	324,379	4,5	181	149
0	4	0,2	1,7	153	149
8	4	13,5	5,11	263	149
2	15	4,7	29,22	237	149
11	4	1,12	9,7	220	149
21	323	14,48	193,458	348	149
14	323	22,43	193,458	277	149
6	61	16,2	145,137	256	149
2	12	17,6	24,13	291	149
20	1954	11,13	586,2259	318	149
0	2	0,1	2,0	154	149
0	2	1,0	2,0	164	149
21	0	69,71	1,0	235	149
45	1	1,16	1,0	254	149
184	147	58,152	55,75	821	149
12	50	5,6	31,50	154	149
2	4	13,13	0,1	226	149
12	8	15,4	0,2	243	149
4	1	20,2	0,0	243	149
41	1	67,26	0,0	622	149
37	0	52,24	5,0	528	149
5	0	15,2	2,1	243	149
69	91	96,60	99,85	647	149
5	7	7,4	0,12	259	149
51	37	79,32	15,26	296	149
7	130	6,24	105,172	167	149
8	38	9,6	25,33	194	149
4	741	6,1	102,433	291	149
2	118	2,1	82,124	193	149
115	4	95,125	1,0	178	149
2	52	38,2	335,100	163	149
25	0	384,143	5,2	790	149
20	0	96,60	2,0	151	149
144	0	47,164	0,1	186	149
115	0	68,104	4,1	376	149
6	25	2,9	13,26	267	149
7	1	166,279	0,2	260	149
52	5	53,74	5,9	240	149
17	210	74,38	230,307	205	149
3	189	9,11	156,281	194	149
284	28	42,292	0,27	203	149
19	271	17,10	94,175	169	149
15	873	18,15	431,763	169	149
14	0	15,11	1,0	169	149
27	1244	22,35	313,759	337	149
2127	3	452,1256	1,1	158	149
204	0	71,150	0,1	153	149
1	117	3,3	70,166	162	149
9	0	13,26	0,1	216	149
5613	409	1575,5714	150,459	226	149
7180	16	2030,6748	4,11	203	149
1805	16	553,1825	4,11	585	149
25	5400	23,17	1500,4940	531	149
20	1	48,54	0,0	368	149
199	1922	444,1344	3008,11412	296	149
5	0	1,0	0,2	173	149
3	3	2,0	2,5	173	149
17	47	16,14	33,59	220	149
6	2	3,5	0,0	227	149
1	2	3,3	0,8	512	149
99	27	75,132	33,34	176	149
4	15	71,11	100,61	197	149
19	7	21,21	0,6	310	149
1	0	0,4	1,0	151	149
6	57	23,22	64,60	275	149
3	0	16,15	0,4	275	149
46	5	342,129	5,10	3097	149
0	4	0,1	4,4	161	149
486	67	309,372	33,61	161	149
57	0	40,44	1,0	174	149
66	3	47,81	4,2	245	149
18	157	20,9	76,159	231	149
6	71	3,3	26,133	175	149
675	3	180,697	3,0	378	149
35	0	29,140	0,2	195	149
0	2	2,0	0,0	155	149
2	15	3,2	14,28	158	149
10	61	12,10	44,64	158	149
72	2	54,79	7,0	249	149
0	36	0,1	8,37	153	149
197	6	42,193	5,2	328	149
1	115	14,11	20,110	357	149
4	70	2,0	28,39	819	149
227	5	403,392	0,0	360	149
39	2	152,58	0,1	360	149
3	4	1,6	2,8	167	149
7	0	7,11	5,2	219	149
1	12	3,0	12,14	202	149
29	0	20,39	0,2	153	149
1	427	22,7	113,602	283	149
98	51	15,189	9,83	386	149
51	20	51,63	14,13	164	149
24	92	27,25	90,112	156	149
45	86	83,68	88,106	1098	149
53	4	47,80	11,4	172	149
476	14	682,603	4,15	2411	149
280	6	248,293	4,3	161	149
0	64	3,3	80,156	158	149
58	7	80,151	4,13	181	149
4	201	5,0	209,191	165	149
0	163	4,0	129,145	154	149
136	0	120,141	0,1	962	149
145	4	270,280	0,0	153	149
74	160	128,101	179,223	1044	149
274	2	508,464	1,0	3007	149
346	1	801,566	0,0	2825	149
21	83	48,17	47,42	1088	149
97	150	16,73	43,155	161	149
107	225	17,79	84,186	161	149
8	157	9,19	77,91	158	149
2	2	3,4	0,2	193	149
634	40	470,757	26,72	494	149
1	4	28,4	32,46	417	149
20	256	3,11	141,320	155	149
2	24	6,4	17,35	388	149
107	5	79,148	5,3	241	149
2	48	12,2	139,73	160	149
25	73	15,24	16,64	311	149
5	61	0,7	24,78	161	149
216	10	183,157	10,4	170	149
67	132	89,32	77,128	173	149
2	2	6,4	0,0	465	149
34	1236	25,87	699,4496	297	149
488	2	165,1095	0,3	343	149
3042	0	1609,4143	1,3	151	149
0	27	1,0	5,2	225	149
69	3	36,87	2,4	193	149
14	59	0,1	49,85	174	149
8	116	5,7	52,102	229	149
120	65	167,191	76,110	161	149
230	2	706,568	6,2	203	149
11	0	26,45	2,3	236	149
7	1	9,19	0,0	236	149
51	4	17,41	0,0	231	149
107	2385	61,81	858,2020	339	149
364	1	174,254	1,2	181	149
3199	0	1616,2253	2,0	181	149
19	0	23,27	0,2	179	149
0	53	15,13	120,122	173	149
5	87	40,8	60,72	389	149
170	4	76,109	9,3	195	149
5	3	1,7	1,4	188	149
1	0	2,6	1,0	152	149
1	0	2,6	0,1	188	149
8	0	3,0	2,0	243	149
38	1	1,59	0,0	405	149
176	5	26,126	1,2	405	149
10	140	9,9	37,165	205	149
63	140	104,60	37,165	762	149
8	1	3,17	0,2	389	149
36	18	28,34	14,25	182	149
2	22	0,0	0,4	242	149
3	131	0,0	4,19	161	149
19	2683	32,17	1339,1894	210	149
3	54	1,7	41,80	154	149
80	0	124,87	4,2	196	149
17	0	40,24	4,2	209	149
1	64	0,3	84,66	162	149
2	0	6,3	1,0	153	149
43	1	42,34	3,0	153	149
1	0	3,3	0,1	215	149
1	0	1,4	0,1	166	149
220	470	104,284	319,739	275	149
57	29	19,21	8,21	197	149
30	9	58,42	4,3	188	149
1119	2	1224,1028	3,3	3481	149
0	74	0,2	17,74	179	149
88	94	45,134	39,112	158	149
4723	0	5088,10207	2,0	622	149
277	12	196,236	13,12	203	149
165392	0	24915,140452	2,0	586	149
243796	45	35690,207709	3,15	522	149
1178	7	307,701	1,4	153	149
76	1	10,85	1,0	429	149
138	1	18,88	0,1	187	149
30	1	5,22	0,1	199	149
1	109	1,3	14,69	161	149
31	0	4,19	0,2	187	149
29	0	5,22	0,2	199	149
204	0	69,145	0,2	1519	149
0	2	1,3	0,0	161	149
175	2	65,126	0,0	1481	149
12	3	16,9	0,6	282	149
201	10	115,155	5,6	183	149
347	12	133,404	1,8	176	149
0	5	2,7	0,6	309	149
257	848	498,150	616,595	274	149
1162	0	1022,799	1,0	504	149
4898	0	5493,3695	0,1	1793	149
5	258	22,4	221,210	176	149
15	260	3,45	42,452	184	149
2	1	4,3	1,3	261	149
1	94	8,9	37,69	261	149
2	85	0,1	27,64	153	149
188	1	141,486	0,0	609	149
135	0	102,334	0,2	609	149
17	363	99,57	171,347	1760	149
19	100	45,14	91,92	400	149
7	0	15,6	2,1	156	149
364	0	863,345	0,2	1320	149
104	7	15,150	10,20	230	149
4	2	0,0	0,1	158	149
11	8	6,9	0,1	224	149
3	0	6,1	0,3	281	149
4000	2	513,1666	0,0	1119	149
3475	3	479,1705	3,13	309	149
1	0	3,18	0,1	163	149
49	15	20,20	7,14	169	149
17	0	27,38	1,0	905	149
7	4	25,6	0,0	643	149
8	110	0,10	107,145	159	149
496	0	354,530	1,1	863	149
1	208	4,1	106,225	177	149
108	4	78,95	0,0	218	149
385	4	232,398	0,0	321	149
308	31	187,329	33,26	252	149
4	5	5,9	1,9	226	149
0	1	0,1	0,4	197	149
46	3779	57,64	3676,4274	166	149
1855	0	1869,2387	2,1	584	149
97	0	119,101	2,0	158	149
3265	44	6542,4695	78,95	158	149
2216	12	2985,2949	31,12	245	149
2457	1	3254,3271	2,3	293	149
253	1	300,334	2,3	197	149
193	0	305,307	3,2	550	149
59	16	98,49	19,9	479	149
134	5	80,153	8,1	154	149
13	190	13,7	111,165	165	149
194	1	100,156	6,0	157	149
2	0	3,7	0,1	154	149
1141	7	437,690	2,8	1280	149
326	454	181,199	91,236	930	149
1	132	1,4	54,145	221	149
2194	9	485,1561	7,7	176	149
21	168	21,15	100,148	207	149
21	69	14,19	42,85	167	149
29	7	46,45	3,6	257	149
626	0	690,504	0,1	707	149
7	744	1,5	472,1226	153	149
48	48	83,53	15,27	312	149
785	48	554,1274	15,27	308	149
796	9	606,1294	12,11	490	149
67	9	69,54	12,11	331	149
270	308	305,192	121,401	440	149
270	1	305,192	0,6	444	149
107	308	96,81	121,401	345	149
107	1	96,81	0,6	349	149
308	1	121,401	0,6	153	149
126	2	79,117	1,0	261	149
11	339	18,10	159,326	152	149
2	198	2,1	209,327	153	149
56	55	20,52	9,42	467	149
4	24	3,4	32,24	164	149
28358	978	1949,9785	132,721	354	149
13799	20	1048,4739	0,3	335	149
60	110	46,50	72,174	158	149
270	0	179,263	1,0	812	149
263	0	169,259	0,6	812	149
312	46	193,296	18,24	812	149
2	30	0,0	9,20	159	149
272	9	277,201	2,10	187	149
23	74	2,11	12,46	302	149
38793	1	2848,11473	0,0	518	149
89	3	47,135	1,3	256	149
30	13	73,34	23,14	220	149
11	1218	31,12	537,1107	230	149
3386	1	2051,3082	4,0	1586	149
11	78	8,8	42,72	241	149
15	1296	13,32	442,1519	234	149
306	8	229,356	17,10	221	149
1511	2	1134,1603	0,1	196	149
287	2	221,262	0,0	196	149
1785	2	1276,2011	0,0	2049	149
1498	0	1056,1749	1,0	2002	149
13	1209	10,4	649,1392	192	149
602	3	376,625	3,3	294	149
658	3	419,705	3,3	315	149
57	1	43,80	0,0	170	149
61	85	51,41	43,86	847	149
47	85	35,30	43,86	675	149
0	80	6,0	86,85	346	149
75	0	53,86	0,1	158	149
0	2	1,0	3,2	170	149
528	0	353,692	8,0	205	149
39	45	8,27	28,33	155	149
5	2	4,7	1,2	155	149
6	1	1,1	2,4	155	149
26	108	29,17	64,104	196	149
17	4	43,18	2,10	352	149
215	0	165,287	2,0	214	149
79	1	72,98	4,1	214	149
643	5	369,625	2,4	713	149
3412	0	1567,4043	0,2	1040	149
9	233	3,14	11,190	171	149
294	0	284,457	0,1	3586	149
16	2	1,2	0,0	170	149
49	12	49,131	12,20	179	149
0	2	1,1	0,0	160	149
61	1	53,128	3,3	233	149
116	13	31,153	7,15	304	149
11	1	1,9	2,0	181	149
7	0	44,15	1,3	215	149
7	43	2,5	12,26	760	149
5	2	22,21	5,3	224	149
39	6	10,36	7,3	167	149
27	7	6,34	2,15	155	149
1058	5	217,517	0,2	4346	149
31	906	18,11	111,419	458	149
50	1	0,1	0,0	183	149
0	51	11,5	189,114	166	149
39	4	324,122	0,0	892	149
32	5	173,132	10,10	443	149
6	0	38,23	3,2	217	149
13	1	3,13	4,7	820	149
16	6	3,13	0,4	820	149
13	47	5,10	21,58	236	149
13	1	2,12	4,4	236	149
57	42	20,155	28,71	197	149
645	2	283,694	4,3	884	149
291	0	58,260	0,3	153	149
2650	1	1372,3922	0,0	3025	149
16	4	3,7	3,0	215	149
4	83	1,1	48,58	182	149
15	134	27,20	73,105	593	149
60	2	30,86	0,0	156	149
104	0	153,128	0,1	1998	149
3	94	15,4	68,124	249	149
2	49	17,4	34,73	249	149
8	597	3,3	210,551	224	149
737	0	343,631	1,0	440	149
1199	0	478,1067	0,1	1254	149
29	132	63,61	63,295	396	149
2	1	0,5	0,0	173	149
1	0	1,1	0,2	158	149
9	105	4,8	20,48	158	149
2	159	0,3	55,166	178	149
56	159	19,38	55,166	197	149
1	2	0,8	0,0	164	149
48	424	5,27	71,346	210	149
17	9	51,7	2,13	1093	149
10	1	5,16	0,1	203	149
48	1	22,57	0,1	279	149
5	12	9,17	6,24	182	149
55	12	27,68	6,24	318	149
86	12	55,134	6,24	358	149
54	4	27,65	9,14	285	149
85	4	55,131	9,14	325	149
36	5	33,73	5,7	189	149
35	5	17,48	2,10	238	149
53	5	27,64	2,10	279	149
84	5	55,130	2,10	319	149
18	0	12,20	2,4	190	149
49	0	40,86	2,4	230	149
33	0	113,202	0,1	167	149
254	7	146,337	5,15	309	149
356	9	122,215	2,8	263	149
13	100	18,5	77,120	153	149
74	26	28,53	4,4	350	149
103	2	117,118	1,4	481	149
0	111	3,3	162,169	196	149
51	1	82,136	0,0	398	149
213	4	75,227	0,1	197	149
168	4	134,91	0,2	376	149
1	4	0,4	2,3	179	149
4	1	4,7	0,0	179	149
0	1	1,0	4,3	230	149
37	68	126,105	51,112	185	149
17	3	4,15	0,5	202	149
1	1	0,1	2,3	153	149
1	6	7,1	7,14	153	149
725	0	328,605	0,1	286	149
100	74	110,99	43,81	610	149
730	519	44,75	6,78	695	149
57	78	71,39	104,169	385	149
88	11	83,146	3,15	173	149
4	0	7,7	1,1	197	149
12	0	13,16	1,9	197	149
15	89	17,44	42,133	165	149
57	1974	17,69	563,1540	227	149
31	5650	8,20	1710,4863	166	149
1	57	7,3	43,47	170	149
200	1	233,187	0,3	233	149
35	348	53,26	129,185	433	149
13	210	3,3	115,159	156	149
23	29	17,35	17,47	278	149
23	10	19,16	19,25	267	149
1	776	0,3	59,511	159	149
0	474	4,0	45,377	164	149
907	1	181,752	0,0	189	149
28	127	32,26	125,177	232	149
67	2	73,51	2,1	178	149
96	16	65,60	17,5	316	149
57	16	33,39	17,5	268	149
41	2	34,24	2,3	197	149
85	16	52,52	17,5	394	149
30	2	21,16	2,3	275	149
17	28	8,5	21,11	227	149
13	28	9,5	21,11	269	149
0	4	3,0	2,0	191	149
3	64	9,2	69,77	172	149
73	5	48,42	3,0	229	149
0	2	16,5	23,20	159	149
56	3	48,93	3,1	300	149
236	9	50,153	2,2	185	149
4	331	3,3	43,209	153	149
13	2	6,1	0,1	289	149
1	48	0,1	27,71	162	149
0	9	7,2	6,12	269	149
977	5	244,882	0,3	215	149
20	1018	44,18	323,977	645	149
1101	3	211,1041	0,3	172	149
1719	7	409,1646	12,4	172	149
1	2090	0,1	589,1577	155	149
268	1	150,328	0,3	167	149
28	128	16,11	50,123	205	149
14	1	16,11	0,0	205	149
640	5	305,529	4,0	291	149
2	1	22,12	0,0	1076	149
443	4	72,296	4,2	154	149
579	17	113,415	1,5	204	149
140	17	45,121	1,5	199	149
241	11	28,142	1,6	218	149
81	8	14,60	4,3	174	149
7	6	3,8	1,2	213	149
2	0	13,2	1,1	235	149
46	3	38,41	0,4	473	149
11	15	3,11	30,44	185	149
16	13	4,19	3,22	205	149
20	13	31,52	3,22	169	149
60	6	75,175	2,1	236	149
895	1	279,858	2,7	1771	149
2365	22	130,602	0,6	191	149
566	8	308,476	6,3	287	149
8	7	8,23	1,21	282	149
29	0	30,24	0,1	166	149
103	1	88,93	1,0	166	149
9	72	19,12	78,88	164	149
1	0	0,3	0,2	182	149
88	3	36,156	1,15	297	149
159	0	280,165	3,0	859	149
59	2	43,199	0,0	195	149
0	177	3,0	126,160	204	149
231	0	216,271	1,1	2549	149
5	42	5,5	32,38	226	149
35	0	69,30	1,3	239	149
1	1	0,2	2,0	282	149
33	82	3,89	4,114	224	149
513	0	60,298	0,2	181	149
23	11	3,9	0,4	250	149
95	16	15,32	1,9	153	149
16	1	1,3	0,3	153	149
31	20	3,14	1,18	250	149
375	58	33,175	17,32	153	149
36	57	34,36	63,42	161	149
4	136	7,6	32,109	155	149
5	118	12,6	32,157	252	149
36	1	29,119	0,6	316	149
8	93	9,7	59,173	266	149
9	207	19,4	139,180	361	149
24	363	13,28	253,431	152	149
11	8	16,2	10,11	220	149
11	439	17,2	151,429	220	149
34	620	16,26	357,595	155	149
3	2	3,2	1,1	155	149
1	367	4,6	168,384	151	149
8	499	9,5	385,695	200	149
0	1	3,0	5,0	194	149
4	0	6,3	4,1	158	149
34	973	10,5	99,404	291	149
11	318	19,9	68,438	598	149
100	654	126,96	473,517	159	149
2	1	8,2	5,3	159	149
1	0	7,2	0,2	159	149
14	25	44,40	13,89	662	149
146	22	174,214	31,20	445	149
531	0	358,455	2,0	438	149
37	3	31,19	1,7	164	149
4690	4	3572,4575	14,0	713	149
13	11	0,1	0,4	154	149
164	38	258,270	113,114	212	149
0	2	0,7	2,5	158	149
278	0	115,270	0,2	887	149
571	2	187,765	2,13	225	149
786	10	427,1180	2,6	575	149
75	138	72,76	40,80	723	149
108	41	69,59	26,21	158	149
111	0	137,60	1,0	1855	149
0	4	4,2	6,1	154	149
13	107	21,21	37,125	215	149
4	6	1,1	0,1	180	149
5	15	4,20	5,17	215	149
15	0	9,20	1,0	179	149
90	1	34,60	0,0	175	149
133	298	86,107	153,196	167	149
169	0	126,148	3,2	237	149
6	84	8,5	94,67	158	149
14	504	13,12	255,631	309	149
151	0	86,184	0,10	170	149
871	47	340,645	15,30	167	149
917	933	359,676	426,775	170	149
93	933	34,61	426,775	152	149
2	222	7,4	143,172	153	149
178	0	150,554	1,0	326	149
21	51	109,35	149,103	326	149
19	6	13,12	6,13	314	149
4	52	7,5	28,80	261	149
334	2	120,328	0,0	239	149
8	76	5,3	110,123	165	149
6	1	4,2	3,1	165	149
0	71	5,1	59,109	272	149
442	4	10,82	0,4	191	149
353	8	165,429	8,9	265	149
357	20	509,311	12,4	626	149
108	10	140,84	0,2	352	149
0	1	3,0	0,5	280	149
144	372	658,293	290,361	1414	149
641	2	349,629	0,3	154	149
95	61551	26,34	5779,22364	174	149
74558	2	6872,28507	0,0	150	149
11	38	19,12	27,34	291	149
944	2	1504,2534	2,8	188	149
993	1	1578,2667	14,12	211	149
51	1	76,141	14,12	172	149
6	266	21,34	549,891	477	149
171	3	209,456	1,0	310	149
41	80	14,35	39,32	152	149
254	0	94,92	3,0	197	149
159	22	40,111	7,11	211	149
1	9	3,3	4,12	194	149
1	36	0,0	13,29	234	149
441	5	162,333	1,4	293	149
129	2	78,143	0,3	328	149
1	3	0,0	3,14	152	149
5	116	16,14	97,95	213	149
2	829	3,3	136,652	157	149
19	3	24,17	0,5	186	149
324	24	166,413	31,19	175	149
5	1	20,37	6,15	261	149
14	0	2,22	0,2	203	149
26	0	16,6	0,1	231	149
925	9	709,949	1,2	301	149
99	543	124,123	307,720	1232	149
6	796	18,9	732,1000	218	149
1	3	24,4	0,1	225	149
19	566	4,4	110,380	168	149
1584	3	459,910	0,0	726	149
28	35	109,98	80,82	173	149
19	52	3,17	30,48	198	149
0	481	0,1	218,530	155	149
751	15	42,184	0,5	371	149
291	7	113,273	0,2	248	149
58	26	79,129	7,25	567	149
9	12	14,24	4,16	256	149
42	13	18,31	2,11	272	149
19	0	18,21	4,10	183	149
14	0	46,14	0,2	152	149
38	54	10,43	22,38	161	149
55	192	143,88	196,191	360	149
40	3	130,70	5,4	360	149
39	0	132,72	1,2	360	149
232	10	73,221	9,24	160	149
1984	3	86,630	0,1	580	149
38	4	17,22	0,0	272	149
383	4	56,109	1,1	1210	149
306	18	479,371	51,21	154	149
4	0	2,15	2,0	545	149
4	21	3,16	7,16	545	149
74757	2	42244,63615	0,1	473	149
100037	1	46408,79067	2,0	695	149
6	222	2,0	93,160	212	149
5	451	5,8	588,852	159	149
19	0	10,10	2,0	254	149
0	2	1,0	9,8	298	149
446	0	694,418	7,0	2101	149
107	2	45,61	0,1	371	149
2	27	10,3	20,26	282	149
19	187	5,20	202,214	158	149
23	239	23,22	203,176	154	149
221	68	73,142	34,56	251	149
9	804	20,4	530,1008	187	149
21	0	15,15	0,1	209	149
80	4	66,90	0,9	209	149
0	72	10,8	110,94	155	149
263	0	419,236	2,0	449	149
76	22	87,50	48,22	168	149
94	0	239,136	0,1	309	149
9	58	27,5	46,89	314	149
374	1	259,277	0,0	230	149
456	1	479,575	0,0	319	149
289	2	283,402	0,0	456	149
381	11	170,637	4,15	329	149
9	0	23,12	2,0	329	149
266	10	194,172	7,1	260	149
15	6	6,14	3,13	162	149
1847	2	188,794	0,0	541	149
19	2	174,64	14,8	209	149
3	119	50,18	448,299	175	149
11	33	8,25	21,23	372	149
1	4	8,0	0,6	159	149
103	38	37,150	26,48	182	149
10	138	16,9	120,153	257	149
13	81	2,5	85,72	365	149
133	2	99,147	0,0	941	149
7	102	15,3	69,120	153	149
10	87	11,4	31,93	385	149
4	5	0,10	3,5	448	149
14	17	0,2	0,10	154	149
76	270	41,42	109,327	321	149
91	1	167,118	0,3	203	149
447	2	156,263	2,2	377	149
250	5	265,313	10,16	493	149
3	1	3,11	2,5	372	149
0	1	1,0	0,3	173	149
480	1	267,747	0,0	169	149
2	368	11,9	218,500	163	149
699	0	445,928	2,0	182	149
26	458	21,27	322,686	224	149
683	2	411,870	20,5	198	149
39	2	21,53	20,5	165	149
158	1	49,158	1,0	198	149
4	553	9,6	268,650	198	149
558	2	298,670	3,1	332	149
0	515	4,7	141,445	185	149
53	18	34,73	11,10	164	149
28	0	29,18	0,2	303	149
129	0	110,96	0,4	545	149
10	2	20,19	5,5	223	149
1162	2	1325,741	0,3	976	149
2	101	4,3	24,131	250	149
9	3	19,32	5,2	178	149
16	1	32,44	0,6	263	149
1	0	1,1	0,2	169	149
17	2	4,28	0,0	442	149
87	1	59,84	0,0	194	149
10	164	12,4	45,114	362	149
1	189	4,2	70,111	185	149
175	0	72,116	0,1	160	149
53	160	28,23	60,141	266	149
245	2	108,182	0,0	420	149
110	4	103,142	5,4	523	149
151	0	149,198	0,1	753	149
185	19	170,228	8,21	807	149
45	0	51,60	0,1	379	149
79	19	72,90	8,21	433	149
34	19	21,31	8,21	203	149
1	74	1,0	47,55	197	149
10	0	17,41	0,2	190	149
40	6	15,13	0,0	153	149
22	1	15,8	0,2	258	149
19	5	13,8	6,6	250	149
31	6	43,57	6,3	160	149
134	5	54,124	0,3	151	149
437	4	570,471	6,7	158	149
0	365	0,2	495,685	156	149
811	6	420,840	6,3	972	149
67	0	153,87	1,0	365	149
73	143	35,58	86,133	161	149
176	107	164,149	46,68	176	149
0	19	9,3	25,39	317	149
143	0	44,159	0,6	176	149
5	19	87,102	19,68	462	149
4	1	83,97	4,1	462	149
20	1	57,41	0,1	438	149
1	3	3,1	1,13	154	149
2	14	0,3	16,27	167	149
1455	0	564,1575	0,1	742	149
1448	3	497,1574	5,3	406	149
1870	0	931,2173	0,1	350	149
46	0	19,40	3,0	406	149
988	0	477,1071	3,1	1919	149
7	4	41,16	1,8	677	149
41	1314	89,43	506,1573	260	149
371	1	442,376	0,0	434	149
1	250	0,2	23,353	184	149
13	23	8,6	20,41	248	149
0	170	1,0	163,229	161	149
216	0	307,273	6,0	830	149
223	2	349,281	7,1	1524	149
901	0	905,892	5,2	346	149
18	7	54,46	15,2	215	149
4	2	0,0	0,1	151	149
201	0	123,271	1,1	284	149
111	1	83,134	0,0	284	149
719	7	383,720	2,11	573	149
834	1	417,865	0,0	621	149
122	1	36,156	0,0	197	149
291	2383	143,230	1079,2029	215	149
396	4	342,601	2,0	242	149
97	32	84,88	36,26	155	149
98	0	84,89	0,2	1049	149
20	2	28,16	6,5	352	149
3	0	14,4	0,2	257	149
1	17	6,0	10,9	173	149
138	213	27,82	60,172	167	149
594	3	197,446	1,3	179	149
217	25	62,186	14,37	176	149
12	47	1,12	7,51	176	149
0	73	3,0	58,68	158	149
61	15	44,54	5,10	152	149
218	1	41,108	1,0	153	149
6	1	2,3	1,0	201	149
4	216	0,2	39,107	197	149
352	9	61,142	3,0	159	149
2	6	6,6	20,6	161	149
12	42	20,40	82,45	161	149
0	33	10,6	121,78	222	149
60	1	169,214	0,0	187	149
682	0	74,450	0,1	364	149
81	18	1,4	1,4	169	149
7	264	10,14	108,280	348	149
1	0	1,0	1,0	153	149
0	66	9,0	31,53	153	149
21	802	15,3	290,528	269	149
0	56	2,0	15,81	287	149
5	238	3,4	58,177	153	149
10	4	14,9	7,5	246	149
34	4	30,30	7,5	294	149
18	0	22,15	0,1	294	149
957	4	1077,3092	3,2	361	149
1860	14	2879,4593	18,36	3316	149
1	143	7,7	98,101	279	149
19	3	20,14	3,1	273	149
3	5	0,3	6,15	232	149
4	183	6,2	104,214	185	149
4	39	43,30	398,336	188	149
2	1	37,21	53,21	188	149
409	1	171,323	0,0	204	149
210	5	159,238	0,2	3231	149
4	297	8,5	148,221	180	149
1	297	5,1	148,221	191	149
0	3	2,0	5,4	160	149
333	2	332,353	0,0	1622	149
13	0	6,28	1,0	153	149
3	17	1,2	2,17	155	149
50	0	210,236	0,1	277	149
27	1	17,38	2,0	802	149
27	2	17,38	0,1	806	149
1	2	2,0	0,1	153	149
0	27	0,1	17,35	153	149
2	0	1,9	0,2	185	149
2	4	8,8	9,21	158	149
147	41	137,155	22,33	152	149
49	19	106,44	25,19	863	149
0	1	12,0	0,0	975	149
1018	1	165,523	0,0	2802	149
0	106	9,1	157,163	231	149
633	6	582,915	4,8	215	149
8	1079	4,5	653,1306	153	149
58	0	159,115	1,0	1342	149
0	15	3,0	34,24	164	149
4	0	13,10	0,2	176	149
20	3	29,19	3,4	176	149
5	0	23,6	2,0	176	149
129	0	415,281	1,0	4559	149
1	31	4,5	23,20	211	149
15	31	24,42	23,20	191	149
7	0	15,36	1,0	193	149
14	13	32,28	5,28	305	149
10030	0	5496,8455	0,2	347	149
102	0	50,132	0,1	296	149
5	88	4,14	105,220	247	149
1	127	0,2	5,32	156	149
15	3085	3,5	391,1143	153	149
3091	49	531,1244	9,12	855	149
3436	1	543,1427	6,0	1392	149
3339	2	465,1395	1,6	151	149
34	2	4,8	1,6	155	149
12	3317	3,3	464,1390	153	149
21	2008	9,11	308,912	494	149
69	19	27,95	12,35	218	149
51	13	15,28	1,1	161	149
304	3	97,209	1,0	2529	149
231	9	125,260	0,15	167	149
4	584	4,7	323,570	162	149
6	6	8,13	3,8	202	149
41	6	2,46	0,5	366	149
15	6	0,18	0,5	346	149
29	3	2,29	0,1	169	149
85	0	58,120	0,1	1250	149
9	45	66,39	253,149	314	149
8	116	6,8	63,253	169	149
4	35	2,2	28,73	169	149
363	11	97,99	24,2	301	149
149	73	93,59	26,85	601	149
4	73	3,5	26,85	153	149
497	0	169,402	0,2	188	149
5	52	1,2	40,72	241	149
3	0	4,2	0,1	737	149
0	2	4,5	0,1	277	149
18	506	35,19	283,559	232	149
27	3	59,36	17,7	227	149
1	7	21,7	1,4	389	149
2	0	10,5	0,1	298	149
166	24	147,217	23,9	150	149
34	9	12,9	6,6	210	149
157	1	225,241	0,0	215	149
202	0	424,276	8,0	354	149
1634	4	374,1253	8,3	1697	149
6	50	7,1	20,31	232	149
91	74	301,172	62,75	1173	149
4	60	8,4	32,120	290	149
812	0	752,907	1,0	998	149
26719	0	16548,22546	1,0	192	149
3	121	15,8	269,398	224	149
34	102	106,129	228,287	170	149
3	35	0,1	40,38	165	149
0	15	4,1	15,32	165	149
1	104	3,8	114,93	377	149
161	1	67,149	0,3	325	149
88	6	136,119	1,7	195	149
9	149	16,13	145,165	327	149
7	13	4,2	3,2	238	149
2	271	3,2	243,236	169	149
134	116	102,120	88,104	152	149
6	1	2,6	1,1	153	149
2	44	3,5	48,64	153	149
10	0	146,48	0,2	1528	149
6	8	0,2	0,4	250	149
451	25	363,397	23,20	689	149
5090	2	5293,13873	0,0	666	149
2650	1	2509,7409	0,0	666	149
782	4433	2069,2041	9110,10636	167	149
188	22	559,486	17,23	167	149
3159	0	6243,8834	1,0	606	149
25	195	97,21	180,190	693	149
65	11	35,42	11,7	197	149
9281	18	11044,11229	3,8	1610	149
244	4	451,368	6,8	219	149
2295	17	4200,3305	7,34	898	149
392	4	176,391	6,5	153	149
49	4	9,22	2,3	328	149
236	1	212,191	0,0	179	149
35	5	45,75	13,14	465	149
141	1	55,164	0,3	355	149
1	847	0,1	141,410	165	149
288	1	606,711	1,3	182	149
0	13	21,8	19,21	184	149
0	1	20,8	9,1	184	149
0	147	19,8	266,430	184	149
656	12	236,625	3,17	288	149
1075	1	473,980	0,0	158	149
17	12	10,13	0,5	189	149
6	9	1,1	5,16	429	149
168	0	26,111	0,2	323	149
198	3	236,288	0,2	153	149
1	34	4,3	50,28	201	149
5	1	3,4	4,1	172	149
190	21	277,255	26,28	164	149
83	170	60,113	172,201	164	149
26	3330	29,37	2173,4291	212	149
92	2	14,17	0,0	273	149
0	3	0,4	0,0	153	149
130	1	64,171	0,0	511	149
73	8	26,170	2,10	178	149
480	15	199,492	10,32	335	149
1	0	6,4	2,4	583	149
2	0	11,5	0,1	826	149
1	0	7,5	0,1	392	149
7	65	13,6	31,78	223	149
1	210	2,2	105,173	222	149
3	1	17,8	0,1	292	149
3	0	17,7	0,2	292	149
1	1197	10,3	1262,1838	185	149
46	6	64,36	8,6	264	149
196	18	266,145	13,65	3460	149
5	362	0,0	24,76	306	149
61	53	101,93	91,93	158	149
219	19	25,130	7,3	745	149
34	0	21,14	1,1	153	149
5	9	0,16	6,6	163	149
13	170	19,7	98,123	188	149
2	141	10,5	116,171	183	149
16	0	19,33	13,2	156	149
3	51	2,2	24,17	156	149
151	5	114,186	3,4	410	149
18	52	10,6	27,22	239	149
12	4	17,5	8,1	203	149
283	65	34,399	33,62	227	149
0	3	0,1	0,3	225	149
13	480	13,5	218,307	208	149
2	19	1,0	3,43	153	149
135	7	315,236	3,7	204	149
12	0	27,18	0,14	384	149
28	56	63,53	91,176	538	149
16	56	36,49	91,176	303	149
1	464	20,23	637,2283	309	149
3	457	29,9	162,698	280	149
14	4	5,73	7,5	323	149
280	0	639,521	4,0	1775	149
77	0	43,78	0,1	210	149
130	3	44,106	1,0	163	149
33	1	16,39	0,1	205	149
229	0	81,228	0,1	528	149
0	11	6,1	28,8	160	149
464	0	603,906	0,1	502	149
3	281	1,1	226,581	153	149
50	0	60,59	1,0	1150	149
590	10	562,541	4,7	385	149
465	1	397,687	4,1	436	149
2	164	7,4	39,121	196	149
1079	1	71,332	0,0	192	149
6	962	0,1	44,357	153	149
1446	2	72,498	0,8	587	149
1471	1	78,511	0,0	858	149
7	1	10,7	2,1	182	149
273	1	147,214	0,2	1314	149
279	4	157,221	0,2	1347	149
7	4	10,9	0,2	182	149
9	133	18,13	49,88	182	149
2618	3	474,2232	0,2	421	149
459	1	288,485	0,0	1035	149
68	312	44,49	131,311	354	149
115	25	32,128	9,20	171	149
61	9	3,39	0,3	467	149
6	7	3,5	4,7	331	149
1	42	1,0	9,34	160	149
45	10	8,28	4,18	153	149
238	0	116,286	0,2	340	149
15	15	25,7	58,29	333	149
79	8	51,37	11,4	260	149
5	543	1,3	344,425	153	149
77	543	119,80	344,425	1348	149
6	273	0,1	64,329	169	149
159	5	144,203	3,3	1741	149
2	6	2,0	1,1	163	149
100	0	78,139	3,0	286	149
55	65	38,53	61,46	176	149
120	0	101,100	3,0	1069	149
1	2	4,1	0,4	195	149
1	92	4,1	53,68	222	149
2	92	0,4	53,68	176	149
203	2	160,376	0,1	420	149
315	4	390,400	0,1	917	149
324	24	620,654	28,51	2075	149
1	0	0,0	2,0	189	149
54	0	23,74	0,1	169	149
1	0	14,1	3,0	183	149
1573	0	1157,1956	3,2	154	149
17	977	66,19	471,1479	262	149
2	0	0,7	0,2	256	149
7	761	0,7	167,509	221	149
0	3	0,1	818,4750	168	149
140	0	489,347	1,0	673	149
62	4	295,159	0,1	354	149
82	12	439,242	64,61	354	149
3	105	34,3	244,90	186	149
10	20	19,10	5,1	154	149
18	46	29,16	22,73	287	149
996	0	742,1036	1,0	358	149
5	4	12,18	10,11	187	149
83	0	141,103	2,0	947	149
23	0	35,35	1,0	231	149
2342	8570	3539,4645	17126,18231	1708	149
121	0	752,315	15,4	1323	149
17	262	11,14	52,153	353	149
0	1364	0,1	859,2188	153	149
126	12	56,120	0,3	253	149
129	35	119,135	33,29	254	149
7	0	6,5	0,1	168	149
8	0	7,5	2,1	168	149
79	1	111,72	1,3	520	149
23	124	9,6	6,53	451	149
6	130	0,3	4,37	228	149
4	87	6,1	0,23	195	149
5	90	3,0	23,46	162	149
10	11	2,8	0,3	249	149
10	55	16,8	10,31	816	149
1	10	14,0	20,17	237	149
781	49	303,598	17,29	494	149
81	8918	25,49	1361,4682	452	149
83	7934	15,75	1115,3962	383	149
160	0	54,132	0,1	194	149
24	0	48,59	8,2	309	149
20	0	46,56	0,4	309	149
3	441	42,15	802,673	226	149
3	0	42,13	2,1	226	149
50	2	52,24	8,0	426	149
2084	19	27,559	0,6	400	149
1818	420	77,432	41,126	153	149
1	321	3,1	546,264	177	149
12	206	32,14	140,173	254	149
0	58	7,1	51,53	185	149
0	1	2,0	1,0	185	149
0	81	6,1	14,59	183	149
44	1	284,66	8,0	252	149
130	74	121,131	61,68	161	149
0	42	14,1	138,45	273	149
1830	1	648,1632	2,1	211	149
1434	0	581,1102	1,0	372	149
3379	319	1671,2644	123,183	194	149
1624	650	693,1194	272,557	1230	149
102	28	49,91	2,22	194	149
304	4	353,1542	1,11	316	149
77	21	41,295	6,109	205	149
4	0	118,40	7,1	222	149
31	16	19,34	5,11	848	149
166	1	181,180	0,3	1243	149
154	1	168,165	0,3	1436	149
0	12	5,9	18,24	342	149
16	4	10,14	6,3	164	149
10	5	10,4	0,0	164	149
9	328	8,5	83,150	165	149
0	348	1,0	105,194	211	149
14	3	1,6	0,0	227	149
25	0	49,49	0,2	701	149
230	460	151,256	195,591	396	149
87	460	73,110	195,591	298	149
87	460	78,100	195,591	333	149
10	10	13,11	8,21	184	149
153	10	86,167	8,21	247	149
145	2	75,157	2,1	212	149
12	793	12,16	229,813	228	149
2	6	2,2	1,12	152	149
29	68	37,12	56,47	335	149
26	142	42,27	144,98	305	149
12	6	5,31	4,16	214	149
257	4	342,373	4,8	2682	149
394	112	176,615	59,184	155	149
0	1	2,2	0,0	180	149
24	1	14,11	0,0	260	149
295	1	120,301	2,0	197	149
203	0	157,192	2,0	165	149
31	0	28,32	2,0	181	149
17	189	9,13	138,173	165	149
16	2	22,24	13,4	161	149
30	0	22,47	1,4	532	149
43	0	46,56	2,0	1347	149
6	124	14,9	65,149	156	149
24	1457	8,12	542,1263	156	149
27	2	52,21	5,3	208	149
7	0	5,9	0,1	234	149
1	1	1,0	1,0	165	149
13	0	4,27	0,3	367	149
14	281	15,9	251,268	259	149
407	0	378,355	1,0	1525	149
254	121	410,355	46,98	3418	149
92	7	61,122	4,2	416	149
63	7	45,63	10,9	165	149
36	0	26,14	0,1	335	149
48	1	33,34	4,1	351	149
12	1	7,21	4,1	165	149
39	157	3,3	3,14	258	149
24	10	6,30	4,12	264	149
2	0	0,0	5,13	205	149
6	18	0,5	22,25	205	149
1	1	4,4	0,0	1503	149
1	6	4,2	13,12	152	149
416	1	174,660	0,0	416	149
99	10	3,196	0,4	267	149
5	150	37,14	54,238	317	149
235	1	186,337	1,0	176	149
3	255	7,3	231,331	254	149
16	0	33,30	0,2	531	149
19	0	33,35	0,2	576	149
19	2	33,35	0,0	587	149
19	7	33,35	3,7	594	149
3	0	0,7	0,2	194	149
3	2	0,7	0,0	205	149
3	7	0,7	3,7	212	149
0	2	0,2	0,0	160	149
0	7	0,2	3,7	167	149
2	7	0,0	3,7	156	149
0	3	4,1	8,14	227	149
0	4	2,1	2,12	242	149
205	10550	183,170	4478,8324	265	149
10716	11	4626,8411	3,3	553	149
7	162	32,14	85,130	215	149
7	9	8,11	4,4	169	149
15	14	8,19	4,16	309	149
17	14	4,12	4,16	289	149
9	0	3,14	3,2	309	149
244	12	123,185	8,14	154	149
0	178	5,0	84,142	187	149
218	3	104,250	15,3	159	149
343	0	184,410	2,0	168	149
14	287	37,56	420,444	361	149
0	33	6,5	6,29	270	149
0	33	0,4	6,29	153	149
2	5	0,1	3,11	153	149
3	398	0,2	262,462	153	149
360	3	406,386	4,1	256	149
37	171	143,41	120,142	545	149
1	23	0,2	3,4	164	149
68	0	107,149	0,2	317	149
58	0	64,33	0,1	401	149
337	1	297,319	0,0	352	149
23	110	33,19	30,165	236	149
41	1	59,42	0,4	240	149
282	2	233,343	4,0	614	149
2	6	3,7	12,8	153	149
3	3	0,2	1,0	153	149
17	0	17,48	2,1	404	149
817	0	577,710	2,0	220	149
120	0	95,113	0,1	275	149
36	2	2,8	0,7	194	149
192	0	83,117	2,1	196	149
1	46	3,4	23,62	161	149
20	324	7,38	71,403	173	149
65	324	27,96	71,403	161	149
3	1	4,23	0,0	170	149
4	7	3,6	18,4	154	149
3265	11	939,2844	5,8	203	149
132	21	47,131	10,21	197	149
59	39	112,51	30,8	1662	149
46	4	19,30	4,2	195	149
141	6	48,89	0,1	160	149
74	9	44,84	3,23	304	149
1029	232	1412,1134	96,228	1122	149
11	9	13,22	0,10	1145	149
236	23	51,321	3,11	449	149
158	7	232,285	10,8	197	149
10	79	35,10	137,161	236	149
11	79	43,15	137,161	349	149
4	73	0,2	8,11	180	149
6	5	21,12	0,6	173	149
53	29	13,26	4,7	170	149
0	29	0,1	9,17	170	149
133	1	114,132	1,2	195	149
117	2	223,81	0,0	3042	149
2	0	11,4	3,0	153	149
95	3	416,180	41,11	153	149
4	0	15,14	2,0	265	149
274	4801	355,420	5120,11097	279	149
269	0	176,322	4,0	688	149
70	2	40,86	0,4	158	149
7	45	33,16	36,58	383	149
12	45	3,6	36,58	200	149
268	1	318,314	0,1	155	149
92	15	170,135	6,16	176	149
89	33	174,139	22,23	176	149
74	26	159,113	11,23	176	149
47	0	28,42	0,4	223	149
2	413	16,4	147,454	520	149
0	102	1,0	39,85	239	149
26	130	32,28	53,146	286	149
172	5	113,153	0,0	3274	149
13	2	4,10	0,0	229	149
43	2	18,32	0,0	245	149
1	4	0,0	5,4	154	149
0	4	1,2	21,0	153	149
121	1	145,119	0,0	379	149
30	3	21,17	0,0	299	149
65	32	6,13	5,5	206	149
1	13	0,0	9,10	161	149
48	14	26,31	6,20	152	149
6	11	15,4	10,3	252	149
4	83	14,4	57,52	252	149
0	6	1,3	5,4	171	149
1	68	0,3	29,54	170	149
97	1	43,56	2,2	178	149
2	0	1,0	0,1	546	149
87	152	69,106	75,159	254	149
71	8	119,67	7,15	401	149
69	2	88,75	3,2	691	149
138	8	204,140	7,15	943	149
1	4	8,1	0,0	182	149
9	16	11,11	19,17	182	149
1	0	0,0	0,7	196	149
22	0	39,30	4,1	158	149
21	35	15,2	5,26	265	149
14	10	50,22	3,5	629	149
4066	64	631,1536	51,70	497	149
0	8	1,8	5,14	263	149
3	11	7,6	24,25	177	149
27	87	107,53	90,92	638	149
8	110	8,10	93,130	164	149
0	66	0,3	47,25	199	149
2	62	4,1	61,41	295	149
248	9	288,345	0,10	251	149
3	20	25,18	59,55	176	149
61	43	12,75	10,73	167	149
118	18	44,188	2,20	158	149
306	0	147,288	2,0	518	149
178	11	107,116	1,5	188	149
674	23	621,584	5,16	506	149
2	46	3,0	14,46	283	149
28	8	91,50	12,12	427	149
6	83	5,8	73,51	444	149
2696	2	179,584	0,1	354	149
560	1	208,614	0,0	180	149
1	8	2,4	1,6	215	149
1	298	2,4	79,416	224	149
8	298	1,6	79,416	158	149
61	2	13,60	2,2	182	149
107	0	170,157	1,0	815	149
208	1	64,81	6,1	213	149
667	5	233,380	2,3	338	149
112	6	39,52	0,0	415	149
152	1	65,86	3,2	507	149
242	4	103,232	0,5	208	149
0	87	0,2	43,98	159	149
20	65	28,14	28,36	210	149
5	213	6,7	106,290	245	149
8	16	10,9	2,22	321	149
61	0	132,58	2,0	166	149
3	8	0,1	3,16	215	149
1	26	5,3	29,32	321	149
7	66	42,7	112,128	269	149
76	45	5,13	7,14	269	149
10	2	4,4	0,1	341	149
16	5	44,49	4,4	197	149
1	179	21,7	210,303	233	149
2	371	29,7	246,441	316	149
4	69	3,2	62,58	176	149
1	1	7,7	3,1	183	149
37	1	60,23	0,2	292	149
37	1	56,17	0,2	258	149
7	254	9,1	115,191	253	149
74	30	28,62	24,52	194	149
0	101	1,0	148,171	162	149
1	57	3,2	63,120	163	149
116	2	162,166	2,0	460	149
110	1	112,174	1,2	153	149
152	0	140,195	4,10	575	149
2	88	1,1	63,111	182	149
1	1	0,2	0,0	301	149
2	0	0,0	1,0	273	149
305	0	273,396	2,0	201	149
79	125	101,61	48,110	3424	149
24	146	27,32	112,150	176	149
294	0	140,331	1,0	399	149
306	0	93,388	0,1	276	149
111	2	76,109	0,3	293	149
2	73	4,2	85,110	161	149
249	2	47,301	0,0	199	149
0	2	0,1	2,0	155	149
41	2	40,86	0,2	249	149
3	2	4,5	1,2	168	149
1	90	0,0	51,104	154	149
73	1	33,85	0,0	223	149
279	5	134,233	10,7	633	149
8	2	13,5	0,1	267	149
0	36	1,3	24,55	153	149
12	3635	31,29	943,2346	354	149
11	648	6,8	384,1755	247	149
13	46	10,14	23,46	252	149
161	5	75,103	1,5	211	149
4	3	0,3	0,0	164	149
28	28	9,22	3,8	164	149
15	1	6,8	0,0	178	149
157	0	108,83	1,0	540	149
147	35	74,84	23,21	158	149
92	9	69,84	13,2	158	149
72	190	114,72	164,108	912	149
9	35	7,55	43,53	724	149
9	0	15,16	4,1	290	149
26	0	87,143	0,1	200	149
24	173	79,49	61,188	373	149
6	1	24,3	0,0	404	149
6	2	26,3	1,2	438	149
1	2	2,0	1,2	183	149
7	1	26,3	0,0	438	149
44	147	29,27	110,101	334	149
2	3	0,1	0,4	168	149
6	13	0,0	0,4	175	149
8	1	3,3	1,7	175	149
110	6	68,135	0,4	287	149
55	4	39,31	0,0	516	149
0	21	2,1	11,17	311	149
248	1	50,94	1,0	433	149
0	10	1,3	3,12	167	149
430	1	569,511	0,0	393	149
12	116	11,12	54,160	205	149
77	1	36,113	0,0	455	149
1	0	8,9	1,0	189	149
5	7	22,8	4,14	933	149
3	43	16,11	45,51	242	149
10	203	17,30	129,432	247	149
15	205	16,24	223,394	295	149
115	1	565,272	2,0	223	149
6	2	24,4	1,2	387	149
10	1	11,3	0,2	261	149
11	311	4,23	118,374	157	149
1340	234	583,1168	93,250	152	149
1531	8	646,1358	0,5	176	149
1474	0	685,1317	2,0	462	149
86	1135	66,76	409,996	269	149
2	116	0,0	39,133	157	149
15	155	21,18	78,160	257	149
16	155	37,22	78,160	339	149
9	8	21,8	5,4	231	149
63	172	69,68	75,177	498	149
81	12	46,62	16,4	155	149
43	66	27,37	39,40	155	149
158	4	93,149	6,8	209	149
4	883	13,6	3616,4392	153	149
3	465	11,11	1090,2036	365	149
192	4	90,97	0,0	483	149
418	14	154,314	3,15	540	149
4	76	10,4	32,127	486	149
48	30	24,117	22,47	169	149
21	0	19,46	0,3	174	149
7	0	4,9	0,1	214	149
62	2	19,45	2,2	190	149
5	2	4,9	7,8	193	149
164	1	255,165	1,5	310	149
1	9	9,3	26,5	197	149
5	236	0,10	95,267	195	149
0	211	11,2	175,257	350	149
15	229	14,11	68,145	451	149
272	4	223,307	3,1	328	149
100	1	94,109	0,0	164	149
101	1	155,127	6,2	1174	149
19	120	11,20	78,105	516	149
91	5	63,126	11,16	194	149
346	29	92,229	4,17	194	149
1178	5	454,935	3,0	277	149
4	131	14,10	94,159	207	149
69	0	48,49	0,1	191	149
31	19	57,58	41,18	276	149
779	3	900,1411	0,0	347	149
49	16	27,44	8,9	209	149
0	3	4,0	7,3	174	149
464	0	370,663	0,5	200	149
3	56	0,2	48,81	185	149
26	7	78,66	6,2	311	149
17	23	8,2	5,8	199	149
1	164	8,2	69,191	296	149
281	0	251,328	0,3	586	149
13	1	57,43	1,2	2495	149
13	0	61,45	0,1	2553	149
1	0	5,4	0,1	207	149
6	0	1,7	0,8	151	149
21	1	27,21	9,10	550	149
2	54	6,21	9,61	236	149
1	0	2,1	2,7	153	149
2	1	1,1	0,0	226	149
256	89	65,236	24,85	161	149
48	0	26,44	1,4	161	149
50	61	25,39	23,85	379	149
275	0	181,302	0,1	357	149
276	6	181,303	0,4	385	149
1	6	0,2	0,4	177	149
96	176	85,92	70,152	755	149
94	4	151,144	4,4	183	149
14	60	18,12	69,100	152	149
5	0	14,6	0,2	650	149
9484	13	2230,3345	2,4	359	149
0	5	0,3	9,8	159	149
10	474	1,12	285,581	301	149
4	4	33,4	0,1	323	149
6	30	149,43	112,85	626	149
4	34	44,11	51,52	347	149
62	4	1,15	0,0	312	149
34	8	14,75	7,5	153	149
262	11	205,435	0,10	294	149
352	16	401,434	26,42	176	149
217	9	168,298	11,12	153	149
1	34	3,2	13,75	163	149
40	10	49,56	21,18	184	149
363	4	151,297	2,2	200	149
5	0	7,0	0,1	196	149
1	4	10,9	0,0	201	149
107	1	43,94	0,0	200	149
8	124	21,8	85,137	243	149
2965	4	1809,6035	2,13	254	149
0	289	4,3	180,724	222	149
45	13	26,45	7,3	194	149
73	8	77,66	30,17	265	149
13	0	51,12	2,0	179	149
51	40	102,38	70,19	179	149
6	94	8,5	134,40	269	149
21	0	18,31	0,1	162	149
11	1	2,14	0,0	226	149
19	12	5,25	13,10	226	149
70	4	47,26	0,15	395	149
204	13	20,20	0,1	187	149
636	4427	28,58	95,494	187	149
86	4	172,107	6,5	234	149
3	0	0,11	0,1	246	149
8	450	65,12	582,662	265	149
5	334	17,16	631,533	252	149
336	1	664,540	2,1	303	149
39	0	205,89	1,0	414	149
46	351	58,58	260,432	170	149
85	10	51,96	13,13	191	149
0	1	20,6	1,7	763	149
1621	296	1940,2422	234,312	1790	149
0	1	1,0	0,0	278	149
33	141	8,50	45,199	161	149
66	101	77,52	61,105	3007	149
149	2	140,100	0,0	1101	149
4	1	13,9	0,0	237	149
33	93	79,28	25,65	485	149
30	93	66,19	25,65	397	149
3	204	28,6	346,351	160	149
3	15	25,3	6,13	240	149
9	143	26,8	47,73	291	149
7	0	26,13	0,1	291	149
3	0	4,5	2,3	248	149
2	102	6,7	25,63	278	149
0	61	0,3	12,76	316	149
288	1	22,129	0,0	161	149
238	16	27,56	0,7	446	149
232	2	27,54	0,0	446	149
756	2	110,191	0,0	1207	149
536	1	83,140	0,1	910	149
530	139	51,197	18,27	207	149
231	1	27,54	0,0	446	149
279	22	30,74	2,6	216	149
773	22	91,277	2,6	234	149
4	169	0,0	39,120	154	149
26	1140	32,29	463,1399	163	149
17	0	47,18	0,1	1624	149
5	93	10,3	28,68	243	149
56	0	70,14	1,0	333	149
5	40	4,1	29,7	262	149
99	1	123,31	4,0	223	149
147	0	382,256	2,0	2195	149
6	438	0,12	82,407	187	149
18	5	13,23	8,24	190	149
228	31	91,313	1,13	213	149
42	40	64,48	24,33	287	149
0	120	2,0	109,142	153	149
175	190	253,138	88,137	282	149
11	318	6,5	258,195	155	149
9864	4	1393,7270	0,0	275	149
7	17	36,13	26,12	399	149
243	3	46,135	0,0	217	149
582	11	455,992	5,26	3119	149
72	148	143,124	14,244	1406	149
517	2	465,625	0,5	176	149
934	0	522,939	0,1	209	149
0	463	7,3	474,753	271	149
0	55	0,1	33,57	161	149
0	55	1,2	33,57	184	149
187	5	148,180	7,5	250	149
2522	33	271,1056	2,18	236	149
2902	28	295,1234	4,13	287	149
413	28	26,196	4,13	200	149
19	2	43,31	14,3	281	149
8	0	2,15	2,0	238	149
9	0	3,16	0,1	243	149
19	1	5,33	2,1	243	149
19	0	6,31	0,1	317	149
7	93	7,3	78,96	192	149
45	508	17,17	70,186	228	149
2	6	0,0	2,5	196	149
0	4	2,0	0,6	181	149
41	0	10,49	1,0	158	149
89	1	5,12	0,0	182	149
788	7	908,783	12,4	923	149
10	1	14,19	0,0	216	149
22	1	8,16	0,2	158	149
225	2	510,284	0,0	528	149
79	23	119,75	40,18	179	149
29	83	170,54	130,97	284	149
11	101	27,16	141,119	166	149
1	89	1,3	29,75	163	149
39	1028	35,28	200,823	611	149
27	0	34,93	1,8	714	149
41	0	13,35	0,1	161	149
71	6	88,85	1,2	347	149
3	74	1,2	24,82	154	149
4	3	3,8	0,0	166	149
75	3	26,88	0,0	161	149
1	1005	6,1	993,1510	194	149
14	3	6,10	0,0	158	149
614	6	152,296	2,2	185	149
492	9	44,119	0,8	220	149
554	2	366,556	0,0	251	149
11	6	3,2	3,0	210	149
23	6	7,9	3,0	314	149
13	1	4,7	0,0	253	149
3	2	16,11	3,2	207	149
3	2	24,14	8,5	224	149
2	2	11,5	8,5	166	149
1	19	27,12	109,67	224	149
14	0	5,8	1,0	382	149
17	0	9,10	1,0	390	149
10	81	11,7	59,168	194	149
15	6	2,3	0,3	200	149
293	0	224,367	2,0	687	149
20	0	16,13	2,5	402	149
0	4	1,0	0,2	151	149
7	6	26,28	2,0	869	149
74	186	35,70	87,134	164	149
7	7	9,14	16,7	164	149
62	359	29,28	123,233	177	149
0	3	1,0	5,19	191	149
10	156	8,3	106,171	177	149
118	6	106,160	2,8	153	149
0	3	0,1	1,3	181	149
78	56	71,82	15,73	930	149
31	1	41,15	0,0	154	149
28	2	20,12	11,2	260	149
257	0	96,98	2,0	599	149
1	2	1,0	0,1	171	149
2	0	3,4	2,0	151	149
146	1	21,222	0,0	185	149
0	1	4,0	0,4	199	149
104	5	119,148	3,3	154	149
85	191	95,54	65,190	1370	149
2	191	0,1	65,190	177	149
9	0	29,43	0,1	394	149
1	67	1,2	99,144	208	149
70	2898	20,35	567,1667	184	149
62	2881	27,41	358,1740	281	149
523	1	31,40	0,0	1296	149
7	3	6,21	2,31	166	149
532	129	450,576	108,167	244	149
82	0	29,111	0,1	680	149
560	0	600,1006	4,0	1087	149
608	6	223,403	0,3	154	149
24	2	8,21	0,2	154	149
39	1	17,74	0,0	385	149
25	0	67,15	2,2	365	149
20	1636	37,31	781,1711	287	149
4	199	8,1	132,282	179	149
8	70	6,7	50,73	248	149
65	2	137,92	0,0	613	149
12	9	5,14	4,15	155	149
28	1	32,38	0,0	263	149
0	1	2,0	5,2	180	149
167	58	51,44	26,22	155	149
16	8	9,9	2,3	155	149
82	56	31,37	17,28	155	149
1	96	1,1	22,144	159	149
220	2406	55,171	654,1774	215	149
2	5	6,3	5,4	296	149
1	43	3,0	22,66	242	149
163	34	83,236	13,43	304	149
1	0	1,3	2,0	153	149
546	0	240,566	1,0	167	149
2	9	0,7	46,11	155	149
288	0	282,276	1,0	3118	149
25	15	79,35	2,7	530	149
0	4	9,2	2,4	294	149
11	12	7,10	8,6	165	149
436	2	13,31	0,0	220	149
168	9	154,295	5,7	167	149
62	0	22,49	1,0	201	149
104	4	46,71	0,17	267	149
1	25	0,0	46,22	159	149
156	1	115,213	0,1	160	149
20	102	31,22	56,123	598	149
27	5	9,48	0,4	456	149
0	3	0,2	4,8	153	149
338	20	247,234	8,4	1489	149
16	2	14,5	0,0	243	149
3	410	4,9	131,535	244	149
26	12	14,16	7,12	574	149
182	4	116,283	4,0	167	149
2983	30	1174,3502	3,13	1492	149
188	2	267,347	1,1	984	149
3	1	2,1	0,0	165	149
46	11	87,48	2,9	164	149
13	339	30,11	179,240	289	149
5	212	11,9	800,1730	278	149
7	0	12,4	2,1	245	149
10	19	6,24	10,30	223	149
3	7847	22,18	3397,15053	279	149
216	13018	125,371	7603,23552	176	149
1	0	4,9	1,1	163	149
0	33	3,0	25,32	161	149
1095	360	50,201	19,67	326	149
256	1663	9,42	134,308	158	149
39	183	43,52	62,164	329	149
27	76	19,19	49,86	373	149
27	4	18,19	0,2	373	149
1142	1	434,1360	0,0	303	149
1	908	1,3	291,1076	153	149
154	441	41,223	151,464	239	149
130	127	275,89	100,112	277	149
3883	1	6203,7707	2,2	639	149
464	1	1717,1867	11,0	242	149
1629	1162	1736,1431	672,871	1681	149
15	630	25,9	248,549	186	149
21	166	24,13	170,228	268	149
4	153	4,3	45,107	184	149
289	0	179,518	0,3	222	149
296	0	186,538	0,5	226	149
7	0	7,23	0,5	153	149
41	64	16,41	23,55	161	149
31	1	103,47	2,0	2065	149
1	135	4,8	77,104	154	149
82	2	139,50	8,3	230	149
91	9	144,47	3,8	230	149
82	1	137,38	2,3	230	149
91	579	146,49	241,389	230	149
793	0	951,686	2,1	464	149
11	0	30,17	1,0	189	149
18	3	57,25	9,10	189	149
22	431	68,25	343,382	196	149
7	431	20,10	343,382	156	149
146	3	284,87	0,3	248	149
409	557	753,266	416,435	435	149
266	557	469,182	416,435	336	149
123	10	93,183	5,5	201	149
6	1	2,11	0,0	258	149
6	38	2,10	11,63	258	149
61	1	14,16	2,3	151	149
8	27	0,2	22,33	240	149
2	13	0,2	1,8	153	149
1013	204	601,1091	54,126	182	149
87	21	53,18	0,6	615	149
153	5	136,128	4,4	152	149
32	115	9,25	56,58	183	149
6	251	17,8	123,263	576	149
64	0	61,154	2,1	184	149
12	3	7,40	1,5	398	149
0	9	6,2	40,18	406	149
18	0	18,23	0,2	173	149
4	2	2,1	4,0	229	149
50	5	27,25	1,3	187	149
9	0	8,1	0,1	380	149
1	0	1,0	0,1	257	149
69	4	64,98	6,7	222	149
1	0	6,0	0,1	517	149
1	0	4,0	0,1	188	149
14	1	10,6	5,2	182	149
391	0	416,538	3,0	3740	149
55	7	62,51	7,15	384	149
47	2	45,44	0,1	384	149
237	9	289,245	7,11	808	149
1	18	4,4	6,10	159	149
216	3	138,244	2,0	331	149
137	0	94,146	6,0	331	149
32	2627	18,82	779,4179	173	149
71	2400	47,85	804,3769	202	149
273	5	201,203	1,1	2244	149
0	2	1,0	1,3	181	149
1766	365	465,836	45,183	470	149
231	571	223,71	129,303	483	149
18	2	9,10	3,2	197	149
2	301	4,2	174,330	153	149
736	19	113,624	0,10	188	149
240	0	2,305	0,1	194	149
155	0	240,634	1,1	2809	149
11	228	8,3	113,198	297	149
0	30	4,0	134,78	271	149
3	233	30,4	181,265	231	149
0	4	2,0	0,2	176	149
241	0	258,215	0,2	601	149
119	58	103,121	58,53	161	149
0	11	3,1	8,14	155	149
1	21	2,0	19,37	155	149
2	63	5,0	54,56	155	149
2	175	2,4	282,195	163	149
8	0	10,10	0,1	202	149
0	16	4,1	102,73	161	149
17	4	3,19	0,1	155	149
4	6	26,1	6,0	318	149
56	1	22,22	7,2	155	149
1	0	20,27	0,1	187	149
30	29	35,17	10,12	1166	149
11	32	12,1	44,26	348	149
46	44	49,25	15,65	237	149
33	7	56,175	1,0	153	149
18	0	4,137	0,3	555	149
3130	445	184,1517	87,309	177	149
26	1	3,11	0,1	177	149
6	1	1,2	0,0	259	149
10	4	16,24	5,4	164	149
29	16	38,79	29,79	164	149
1	0	6,10	1,0	252	149
39	698	10,12	145,200	158	149
1217	7	193,444	5,9	589	149
4	182	0,8	31,250	352	149
11	175	23,12	315,175	273	149
3	1085	0,1	454,924	179	149
6688	1	2390,4425	0,0	3132	149
5698	7	1950,4332	3,9	786	149
10	1181	15,5	617,1874	228	149
892	1	504,1103	11,3	432	149
110	1	54,131	1,2	213	149
37	4	28,47	0,0	213	149
141	4	127,157	0,0	535	149
104	0	100,114	1,4	471	149
2	103	0,0	64,89	161	149
10	18	6,9	21,4	162	149
371	17	177,569	6,27	337	149
3	109	6,4	148,230	153	149
1	88	2,1	87,174	154	149
1	9	2,0	8,17	181	149
179	4	237,294	0,0	1453	149
3	4	7,5	0,0	191	149
4	1	7,5	0,2	191	149
18	29	81,18	30,27	650	149
236	1	304,300	0,0	1759	149
13	59	0,5	42,34	168	149
10	75	6,1	91,77	189	149
350	45	264,267	13,14	158	149
10	1	44,12	0,1	158	149
6	153	17,8	208,173	161	149
85	2	201,125	4,0	224	149
42	0	99,67	0,2	159	149
4	51	6,6	121,84	155	149
17	7	2,23	0,2	786	149
20	1263	1,9	45,142	180	149
5	25	5,0	12,28	245	149
1810	10	550,2706	0,20	215	149
70	1494	117,60	578,1936	932	149
283	6161	115,275	2576,6447	407	149
8	0	100,50	0,3	1057	149
3	0	47,34	0,3	621	149
2	28	2,2	19,23	194	149
0	7	1,1	4,2	194	149
0	1	4,0	3,5	153	149
1	43	2,2	40,38	220	149
2	4	1,0	0,0	175	149
5	48	0,0	19,18	175	149
2	4	5,4	0,3	197	149
1	11	1,0	44,15	170	149
176	27	103,302	26,36	484	149
541	0	318,980	0,1	1034	149
2	5	1,8	1,8	167	149
23	114	1,23	49,76	167	149
10	339	10,7	204,303	174	149
3	254	35,2	191,336	169	149
39	507	142,32	675,656	200	149
38	379	297,33	461,408	415	149
19	0	81,14	1,0	256	149
1037	5	384,670	0,7	580	149
2	1	1,0	3,0	167	149
73	230	327,109	213,200	2020	149
416	2	225,429	0,0	1144	149
22	0	2,10	0,3	200	149
22	365	3,10	45,195	200	149
1	227	10,3	155,180	188	149
735	0	415,769	1,3	512	149
4	29	17,4	18,36	263	149
55	5	35,26	2,3	284	149
5	58	5,2	31,63	403	149
139	0	132,138	1,0	368	149
271	20	381,659	42,36	158	149
356	1	167,379	2,0	195	149
362	0	458,448	1,0	3211	149
25	2	28,20	2,1	301	149
25	15	228,157	42,56	548	149
43	5	38,42	2,4	254	149
2	417	1,1	375,465	158	149
122	507	146,208	468,596	173	149
1555	0	1063,1791	3,2	172	149
45	0	47,54	3,2	154	149
222	2	44,241	0,1	153	149
473	1	887,373	1,2	3011	149
9	2	18,5	5,0	245	149
16	14	30,11	17,2	298	149
9	14	17,6	17,2	202	149
42	23	83,90	11,35	170	149
63	403	29,117	120,405	242	149
0	3	1,0	6,7	155	149
6	209	7,3	100,119	172	149
6	1	4,10	0,3	287	149
1	119	6,2	113,142	227	149
25	11	66,56	18,17	199	149
120	0	21,115	3,5	151	149
348	0	260,209	1,0	627	149
2	0	2,2	0,1	315	149
287	12	207,259	13,13	174	149
4	76	5,3	153,77	153	149
613	18	517,926	14,20	163	149
11	373	6,1	37,305	288	149
15	9	0,11	0,0	353	149
27	160	0,14	29,77	429	149
21	160	0,3	29,77	225	149
22	7	0,7	0,8	225	149
1350	1	708,1645	0,0	1898	149
7	0	13,11	2,0	214	149
14	5	12,18	3,6	303	149
21	1	25,25	6,3	368	149
12	1	16,13	6,3	214	149
43	2	18,46	0,1	179	149
106	27	41,84	5,31	179	149
54	0	28,51	0,1	233	149
185	1	83,96	0,0	162	149
2	0	3,2	1,0	402	149
47	5	41,73	1,3	156	149
607	1	496,3025	2,5	153	149
734	8	622,3503	6,31	153	149
706	258	586,3276	223,1193	153	149
12	44	23,11	66,38	167	149
4	18	6,9	25,20	367	149
6	21	8,6	23,21	367	149
377	3	775,385	3,3	2140	149
187	0	359,203	3,0	493	149
184	1	48,109	0,0	245	149
8	4	5,3	2,10	153	149
25	529	0,10	13,101	313	149
682	5	583,594	3,5	230	149
14	330	8,19	46,200	189	149
2	3	6,1	0,1	162	149
200	8	138,208	4,5	773	149
0	1	1,0	0,9	153	149
699	200	371,916	117,264	170	149
13	8	42,19	1,2	673	149
10	0	9,14	0,1	479	149
14	0	8,8	0,4	302	149
21	3448	15,16	2231,2944	153	149
2123	1	1035,1726	4,0	152	149
41	77	29,32	15,56	207	149
41	2242	29,32	1059,1852	207	149
617	115	368,487	75,67	161	149
311	1	160,245	0,1	164	149
695	1	337,541	0,1	194	149
898	1	460,750	0,1	215	149
911	1	480,761	0,1	218	149
385	1	177,296	0,0	179	149
588	1	300,505	0,0	200	149
601	1	320,516	0,0	203	149
218	15	123,211	0,2	170	149
231	15	143,222	0,2	173	149
15	2	20,12	0,1	152	149
73	2	30,64	0,0	152	149
333	2	178,258	0,0	170	149
77	7	40,49	9,4	242	149
77	7	37,50	9,4	245	149
77	7	38,52	9,4	251	149
1	1	0,1	3,0	152	149
1	1	1,3	3,0	158	149
59	39	32,48	5,33	153	149
0	11	1,7	60,219	158	149
98	0	394,188	9,3	1813	149
8	28	54,22	33,62	288	149
7	21	5,5	5,13	153	149
6	2	4,0	0,0	219	149
217	4	142,234	1,7	176	149
3	6	6,13	14,7	510	149
79	1	35,71	0,0	169	149
214	1	92,158	0,0	292	149
396	15	133,316	0,10	292	149
31	162	18,21	54,50	625	149
111	8	15,14	0,3	795	149
7	22	14,7	11,25	153	149
0	5	6,0	6,7	364	149
1	4	3,2	0,0	164	149
2	1	3,12	0,0	160	149
3	2	0,1	0,3	152	149
4	3524	4,1	2580,3637	164	149
8	60	5,13	20,77	199	149
87	2	196,154	9,12	188	149
7	29	24,16	69,50	161	149
100	7	37,80	0,1	164	149
3	82	5,13	43,117	230	149
7	68	2,7	30,93	153	149
1	19	4,1	4,8	215	149
256	103	108,243	46,133	196	149
171	45	39,193	6,29	245	149
771	1	114,176	0,0	2470	149
147	1432	69,419	833,3646	172	149
19	2	17,24	0,1	194	149
0	1	4,0	0,0	183	149
9	67	0,0	1,8	160	149
8	110	5,3	1,14	235	149
0	23	3,1	7,3	198	149
42	1	8,8	0,0	338	149
5	62	20,12	44,107	262	149
2	27	0,0	5,16	175	149
284	16	102,252	7,27	271	149
166	1	119,183	0,5	178	149
194	2	375,326	2,0	3304	149
68	48	162,109	58,114	2656	149
2	0	2,5	2,0	192	149
8	8	5,3	3,4	259	149
681	2	610,640	0,0	2206	149
44	77	67,31	125,53	167	149
1	94	4,0	125,78	188	149
46	0	13,38	2,0	157	149
8	20	3,6	16,31	200	149
8	18	17,33	1,54	291	149
10	21	39,16	39,32	355	149
3	132	25,10	211,236	178	149
12	10	0,6	0,4	210	149
14	136	15,16	44,159	289	149
18	5	30,13	1,3	289	149
0	2	3,4	0,2	285	149
109	19	45,140	6,25	263	149
258	4	381,298	0,3	719	149
140	4	247,146	0,3	517	149
2	49	4,2	92,64	153	149
0	5	1,1	5,13	270	149
9	250	11,14	85,337	274	149
6	2	11,10	3,5	274	149
200	0	62,334	0,1	301	149
17	633	8,11	463,912	202	149
6	2	6,7	0,4	202	149
583	2	494,788	0,4	1896	149
577	0	488,782	0,1	1843	149
0	27	0,4	1,27	189	149
2	133	1,1	25,79	167	149
9	50	35,14	113,98	204	149
15410	48	7422,11744	35,31	209	149
11	34	11,16	7,25	541	149
2	3	2,1	0,0	217	149
19	0	3,38	0,6	169	149
27	46	6,5	13,32	237	149
19	3	17,25	3,6	192	149
13	130	32,21	68,142	192	149
38	23	59,42	37,18	172	149
310	1	560,493	0,0	2310	149
75	0	64,142	0,1	333	149
144	2	99,157	11,7	181	149
189	3	125,203	3,3	303	149
124	14	112,153	9,27	303	149
152	34	329,204	36,48	2837	149
116	7	104,129	12,9	162	149
2	89	0,2	67,153	172	149
4	120	10,1	68,117	153	149
124	0	64,122	6,0	175	149
106	1	60,113	0,1	415	149
0	58	2,0	20,71	167	149
0	56	2,0	38,65	153	149
1566	45	1789,1090	44,44	179	149
1241	91	1725,918	100,53	301	149
1643	9	1723,1064	14,3	158	149
1975	1	2203,1486	2,0	499	149
361	317	423,271	316,256	190	149
54	1	21,37	0,0	197	149
3	0	0,6	0,1	159	149
2	0	0,2	0,1	153	149
0	2	2,0	0,2	291	149
27	124	33,9	73,64	267	149
0	21	11,8	20,25	263	149
733	0	301,899	0,1	1534	149
659	9	322,854	6,3	585	149
661	2	322,859	14,1	587	149
11	2	6,8	14,1	151	149
2	61	1,1	53,76	418	149
91	49	38,38	10,18	157	149
24	163	5,1	44,63	156	149
196	1	81,303	0,0	390	149
5	0	3,9	0,1	229	149
163	5	57,113	15,4	187	149
0	2	0,1	0,0	225	149
2	201	7,4	57,174	163	149
227	1	109,508	0,0	340	149
2	343	4,1	206,545	173	149
636	2	660,1074	13,0	3021	149
0	513	2,1	429,873	167	149
11	0	10,2	0,4	782	149
3532	0	2499,2419	1,0	6085	149
271	148	32,304	8,158	156	149
13	48	21,10	35,21	778	149
494	1	64,229	0,4	373	149
19	7	148,153	36,34	179	149
78	1646	7,21	109,736	157	149
40	2	34,38	2,7	162	149
0	2	9,0	0,3	269	149
121	6	519,237	15,0	815	149
369	2	287,466	9,4	187	149
187	5	144,122	7,6	551	149
214	5	189,149	7,6	554	149
47	20	51,40	6,13	152	149
477	0	332,582	0,1	161	149
202	2	103,265	2,6	399	149
27	293	38,14	186,354	316	149
64	14	100,103	31,11	162	149
105	3	163,127	6,3	190	149
6	3	18,8	6,3	164	149
341	0	625,444	1,0	502	149
0	94	8,0	87,89	160	149
124	3	194,147	2,1	1516	149
1	1	2,4	0,0	160	149
149	1	256,331	0,1	305	149
244	0	776,466	1,1	1989	149
187	0	515,330	1,2	733	149
220	1	182,198	10,2	861	149
9	1	24,19	0,2	335	149
14	123	5,9	103,92	158	149
17	57	6,12	17,32	164	149
6	3	9,1	2,8	164	149
215	7	695,266	51,15	260	149
15	581	3,18	405,1062	161	149
456	2	587,374	1,0	2288	149
960	0	205,808	1,1	354	149
523	1	240,764	0,1	152	149
32	0	35,27	0,2	966	149
0	157	3,0	20,151	152	149
15	3	30,15	17,13	298	149
43	4	29,35	8,11	160	149
284	0	697,230	1,1	382	149
245	0	676,206	1,1	371	149
87	187	182,132	86,146	1876	149
4331	0	2761,5484	2,0	598	149
14308	0	9204,17603	0,1	2180	149
4130	1	2305,5877	0,0	500	149
3730	1	1844,4202	0,0	653	149
392	18	196,334	7,12	153	149
1	0	14,1	2,0	213	149
35	5	23,55	1,0	153	149
252	112	292,242	16,171	667	149
145	26	88,179	12,25	261	149
12	47	3,11	3,18	166	149
3800	1	4697,2493	0,0	2005	149
140	350	139,189	190,448	218	149
14	0	3,4	0,2	164	149
234	0	28,149	0,1	218	149
25	615	2,14	58,360	199	149
833	31	83,499	3,31	218	149
1	56	1,0	39,41	153	149
1	1	0,0	0,2	177	149
237	3	145,326	0,12	257	149
1	3	5,3	8,0	170	149
241	5	178,419	4,9	227	149
18	0	10,12	0,1	181	149
19	94	0,7	4,20	276	149
241	3	22,61	0,0	404	149
182	1	20,68	2,2	399	149
72	1	6,34	2,2	314	149
1	0	15,25	1,0	178	149
555	9	123,210	0,6	232	149
82	0	53,70	0,1	209	149
1	42	10,4	10,51	212	149
18	66	17,10	23,87	277	149
43	4675	137,36	2866,4937	334	149
1	1971	4,0	1381,2264	153	149
2448	24	1580,2811	31,25	864	149
2254	0	1329,2622	1,0	2520	149
2	4	0,2	2,9	158	149
1	32	2,3	9,39	166	149
57	1	35,59	0,0	426	149
1585	21	634,1854	7,21	2204	149
241	6	125,285	0,4	186	149
1790	6	717,2110	0,4	396	149
1556	7	595,1830	3,5	359	149
17	954	19,18	324,1119	357	149
1063	5	400,1126	3,0	541	149
0	22	10,2	6,18	168	149
3	299	7,11	98,263	168	149
50	87	28,44	38,58	193	149
199	2	94,107	0,0	506	149
0	1	1,0	5,0	192	149
36	7	24,25	0,2	347	149
21	10	24,17	7,3	159	149
269	1	46,428	2,6	155	149
0	13	13,2	39,37	183	149
6	128	18,9	112,122	302	149
9	3	18,6	7,0	302	149
44	61	22,37	16,40	155	149
23	1	15,11	2,1	267	149
18	16	60,19	18,13	915	149
9	154	12,3	104,159	189	149
147	284	119,92	68,225	727	149
1	155	0,2	68,123	153	149
52	121	8,52	52,102	186	149
83	345	24,26	88,170	221	149
7338	3	3598,11395	2,2	170	149
261	4	145,220	0,2	185	149
419	12	219,351	7,8	199	149
18	12	1,62	0,40	211	149
11	75	19,19	50,66	281	149
6	109	25,10	83,129	286	149
154	0	270,295	1,0	515	149
1	491	0,2	271,550	153	149
1	0	4,3	0,1	201	149
12	499	11,16	110,383	212	149
68	0	52,55	0,3	356	149
89	17	75,111	15,20	153	149
20	3120	25,8	1597,2564	322	149
14	3120	13,5	1597,2564	271	149
7406	1	4618,6606	0,1	187	149
310	0	1210,1230	0,2	179	149
351	0	1255,1477	6,0	194	149
42	111	21,20	24,90	278	149
164	1	96,218	2,0	332	149
16	8	2,5	0,0	241	149
13	1	1,16	0,0	372	149
17	0	6,31	0,1	269	149
20	2	13,14	0,2	213	149
20	0	13,9	0,2	213	149
169	1	229,194	0,1	296	149
1039	0	1463,1250	0,3	3717	149
4	469	1,5	157,430	177	149
24	0	28,25	3,1	1048	149
24	1	24,24	0,0	1048	149
24	0	24,24	2,1	1048	149
2	10	8,6	9,8	615	149
31	1	38,57	0,4	249	149
176	2	207,328	2,5	2003	149
44	1	45,62	2,3	249	149
26	12	40,61	18,23	1161	149
63	12	115,243	37,32	3018	149
110	1	245,343	1,0	2473	149
20	3	35,53	3,4	153	149
281	1	323,328	0,0	3911	149
2	14	1,2	8,4	311	149
3	1	1,3	2,1	311	149
115	2	16,39	0,0	193	149
178	4	23,70	0,1	215	149
65	4	7,31	0,1	171	149
628	5	60,171	5,5	193	149
691	31	67,202	4,3	215	149
68	31	12,36	4,3	171	149
328	2	144,341	0,0	171	149
12	1877	36,23	953,2131	476	149
22	4	43,28	6,6	578	149
52	41	77,83	23,72	1168	149
18	3	6,17	2,1	226	149
430	222	295,274	150,131	236	149
59	113	54,63	44,139	610	149
216	65	108,255	13,44	184	149
6	0	6,3	1,0	162	149
300	54718	3,21	378,3476	234	149
151	0	382,237	3,0	398	149
18	10	107,52	57,14	184	149
20	1564	25,42	360,1799	397	149
452	20	375,303	8,13	678	149
344	0	246,225	0,2	678	149
378	5	128,323	0,0	250	149
185	1	169,203	3,5	233	149
28	10	58,48	5,9	278	149
20	1405	13,29	563,1155	187	149
221	0	122,362	0,1	162	149
4	199	3,1	92,333	184	149
189	2	156,242	10,5	186	149
566	0	1110,791	2,1	810	149
22	21	50,23	23,16	154	149
65	25	155,122	9,5	266	149
44	1	120,88	1,1	266	149
1	2	3,4	0,3	188	149
5	538	4,13	171,718	196	149
14	143	6,0	17,18	519	149
0	4	1,0	12,15	190	149
9	3	31,39	6,5	155	149
515	3	724,983	6,5	182	149
506	0	695,945	2,1	176	149
104	0	160,225	0,2	182	149
57	0	104,155	0,2	182	149
34	22	15,55	4,38	693	149
15	46	1,7	12,57	154	149
103	14	95,92	5,4	348	149
2	117	9,7	34,91	194	149
2	11	2,2	42,41	326	149
6	12	3,26	8,12	193	149
0	180	0,5	34,169	168	149
22	4	29,12	4,0	667	149
6	0	4,10	1,0	163	149
308	8	365,426	11,8	837	149
35	150	57,36	86,111	772	149
13	122	24,8	81,105	227	149
0	1	0,4	5,2	176	149
694	9	114,497	0,2	494	149
1	49	10,0	12,23	161	149
28	369	11,14	287,448	163	149
49	1	12,58	0,5	176	149
25	1	13,0	0,0	510	149
33	110	75,30	40,113	576	149
30	2	68,29	3,3	576	149
9	240	2,12	73,221	153	149
14	2	2,18	5,0	188	149
6	202	2,1	133,159	158	149
1	18	0,0	15,3	188	149
30	3	13,21	0,3	177	149
189	0	62,135	2,1	244	149
15	0	47,23	3,0	305	149
18	0	55,32	3,0	324	149
3	0	10,9	2,0	168	149
17	12	45,26	4,8	305	149
23	12	58,33	4,8	324	149
22	12	63,29	4,8	347	149
8	2	13,10	0,3	168	149
7	2	18,6	0,3	191	149
4	5	8,2	3,6	172	149
18	4	50,32	3,8	305	149
19	4	55,27	3,8	324	149
22	4	63,29	3,8	347	149
4	3	10,4	5,9	168	149
7	3	18,6	5,9	191	149
4	1	8,2	0,0	172	149
35	0	273,134	1,0	448	149
46	267	340,157	482,520	448	149
38	0	94,89	1,1	312	149
23	61	20,18	59,57	178	149
0	8	1,0	9,3	153	149
4	60	12,3	132,129	312	149
1	2	5,0	4,3	179	149
214	2	264,386	2,0	159	149
0	36	2,3	49,69	209	149
0	192	3,8	175,264	216	149
14	1	33,53	0,0	306	149
36	192	50,74	175,264	156	149
50	1	80,119	0,0	246	149
0	192	1,4	175,264	153	149
14	1	31,49	0,0	243	149
206	1	205,309	0,0	239	149
4	2	1,3	0,0	153	149
6	329	6,4	193,346	256	149
53	257	61,102	146,237	275	149
90	110	127,54	49,76	1597	149
37	3	24,46	0,1	218	149
2	0	5,2	5,2	209	149
0	17	2,2	31,20	331	149
17	262	7,4	109,282	250	149
13	2	17,29	0,0	454	149
28	1	58,19	0,2	878	149
110	2	50,97	3,0	209	149
93	0	29,64	1,0	185	149
5	137	11,2	121,102	161	149
11	4306	10,7	2162,6554	198	149
8	4306	11,6	2162,6554	196	149
110	13	12,83	2,11	161	149
24	13	10,18	2,11	297	149
5	91	7,4	9,69	285	149
64	0	83,32	2,0	775	149
27	9	120,41	22,8	725	149
99	3	149,118	4,3	235	149
2	1	0,4	0,0	201	149
4	47	1,4	15,29	201	149
13	9	18,34	6,17	267	149
90	1	9,40	0,4	450	149
565	4	247,537	1,7	164	149
5	1	10,6	1,1	167	149
69	315	53,55	184,267	167	149
12	67	12,13	75,108	153	149
72	0	33,64	0,1	167	149
10	19	15,6	7,17	244	149
183	0	181,194	1,0	424	149
19	0	123,74	4,3	181	149
7	0	82,30	2,1	181	149
5	16	102,45	164,95	368	149
1	6	0,0	0,2	180	149
7	73	1,20	9,130	176	149
2	239	0,9	60,308	162	149
521	0	371,533	0,3	275	149
21	198	61,93	260,333	173	149
5	25	15,26	25,75	173	149
62	2	62,62	0,2	173	149
40	201	55,75	76,160	325	149
9	319	21,7	98,206	153	149
74	1	204,240	15,7	175	149
33	144	49,43	120,159	164	149
7	1	56,40	7,2	977	149
0	74	0,1	83,102	289	149
1	14	0,0	20,13	162	149
43	0	71,64	2,0	275	149
0	9	1,0	5,4	306	149
52	322	12,43	133,436	153	149
205	83	233,118	24,85	468	149
2	56	9,7	60,326	251	149
23	0	19,22	2,0	161	149
211	65	358,222	105,78	161	149
19	21	18,24	34,40	209	149
10	65	20,11	81,49	292	149
292	3	1414,536	0,0	945	149
384	2	280,353	0,1	1243	149
315	0	181,346	1,0	209	149
870	69	395,1197	36,98	217	149
297	1	24,717	0,0	369	149
0	10	2,1	10,5	303	149
4	3	4,1	6,2	163	149
67	6	20,71	0,3	153	149
14	1	5,14	8,3	153	149
135	1	83,168	1,4	161	149
9	1779	25,19	1070,2577	199	149
4	73	1,0	105,108	178	149
22	1	13,36	0,3	204	149
0	426	5,2	628,773	321	149
159	64	590,303	134,79	613	149
21	0	86,62	4,0	167	149
21	18	67,30	24,42	457	149
353	0	157,606	0,3	225	149
139	12	63,236	4,23	164	149
25	135	24,17	64,219	280	149
248	194	190,198	176,211	158	149
34	1	84,52	4,0	197	149
113	120	205,154	70,151	197	149
31	0	84,54	2,0	197	149
27	2	14,22	0,0	270	149
610	76	504,748	52,83	227	149
68	23	267,345	109,178	182	149
1	0	0,1	0,3	157	149
3	2	21,2	0,0	1703	149
53	4	32,79	0,1	157	149
0	7	3,0	0,1	154	149
2	192	7,4	126,255	189	149
9	192	4,5	126,255	184	149
16431	15	603,2968	0,8	266	149
1	65	0,1	64,32	153	149
0	73	4,1	50,50	166	149
11	25	2,5	4,15	182	149
25	3	5,11	0,0	187	149
165	0	455,278	2,1	626	149
168	10	459,286	10,14	626	149
1	366	0,0	58,186	265	149
19	6	6,17	1,3	268	149
1	2	2,1	12,1	188	149
2	32	3,2	27,61	188	149
4	144	0,4	54,146	184	149
38	29	34,59	13,23	161	149
10	1	36,6	5,2	196	149
8605	6	5090,7694	4,2	154	149
1	5	2,4	13,12	188	149
0	5	0,1	0,3	188	149
3	11	9,7	4,5	212	149
3	0	0,1	2,0	162	149
1	32	2,3	13,41	240	149
521	9	139,310	5,2	202	149
373	5	217,233	7,11	228	149
141	1	61,88	0,2	228	149
3	114	3,10	41,102	198	149
3	15	3,4	2,5	198	149
241	0	111,208	0,2	273	149
27	4	13,42	0,0	329	149
0	2333	10,15	708,2300	305	149
11	7	4,2	0,5	154	149
0	2	0,2	0,2	154	149
619	1	352,614	4,0	869	149
189	1	168,125	2,0	1714	149
800	1	439,813	2,0	1843	149
616	0	274,691	1,0	278	149
30	1	25,15	0,0	342	149
641	1	296,703	0,0	471	149
146	2	60,230	1,0	152	149
7	0	5,3	2,3	166	149
29	26	12,12	13,27	191	149
11	67	26,13	69,48	159	149
45	84	65,43	74,54	1551	149
1	54	2,1	27,38	165	149
44	1	21,38	0,0	220	149
51	1	11,14	0,0	159	149
91	0	21,26	0,1	371	149
262	0	238,269	0,2	530	149
820	8	498,956	6,7	530	149
0	259	1,0	325,225	153	149
216	1	98,284	0,0	174	149
80	9	33,70	2,4	171	149
33	5	48,37	2,7	532	149
28	19	9,28	8,28	368	149
2383	1	839,2287	0,0	251	149
33	159	235,88	179,210	285	149
820	0	385,1007	0,1	361	149
15	9	9,2	13,6	161	149
2	210	0,1	217,239	161	149
102	0	204,72	3,0	1245	149
107	2	202,76	3,3	1245	149
4	5	10,5	2,0	235	149
14	21	31,18	28,39	236	149
11	21	30,14	28,39	249	149
25	21	56,20	28,39	255	149
14	3	26,6	1,4	168	149
40	4	29,42	2,5	272	149
95	2	116,94	1,1	319	149
168	24	122,169	6,7	176	149
5	27	1,5	37,18	189	149
0	7	6,0	2,8	202	149
1	7	2,3	19,15	222	149
5	203	1,5	55,83	362	149
229	1	304,252	0,0	2851	149
1637	1	1069,1405	0,2	2469	149
5	51	31,18	62,117	410	149
4	79	0,0	53,26	154	149
1	2	1,6	0,3	263	149
146	6	294,181	8,5	419	149
2	0	2,4	0,2	315	149
20	492	3,9	44,175	153	149
27	2793	51,27	936,2558	354	149
7	152	4,3	89,192	160	149
69	7	28,58	10,8	195	149
214	7	113,247	10,8	184	149
25	95	36,14	1,34	847	149
1	6	9,2	5,1	340	149
2349	11	364,1579	0,5	248	149
145	8	26,111	5,6	178	149
10	10	5,5	0,7	201	149
13	10	5,6	0,7	228	149
14	5	10,10	5,4	210	149
89	0	38,74	0,6	189	149
11	32	16,0	62,52	253	149
8	89	1,6	48,47	164	149
88	5	76,70	12,8	204	149
411	1	558,340	0,0	1173	149
0	1	13,0	0,5	439	149
135	10	61,78	10,17	266	149
58	10	52,48	10,17	333	149
58	135	34,48	43,78	216	149
14	5	8,65	28,59	155	149
2	22	6,5	45,56	151	149
6	306	8,14	159,365	187	149
2221	0	228,871	1,5	1128	149
9365	0	5389,11009	0,2	456	149
10139	28	5224,11572	38,55	1168	149
19127	87	10229,22174	50,136	257	149
72	3	48,73	2,1	229	149
225	1	120,574	3,10	309	149
4	4	48,18	14,2	158	149
13	1	131,20	18,7	158	149
0	1	13,2	11,1	158	149
359	8	59,143	0,0	177	149
1607	2	666,1467	11,1	770	149
25	8	14,42	7,7	533	149
0	78	0,1	167,124	172	149
114	2	52,121	1,3	151	149
76	63	214,75	50,66	874	149
1	237	3,0	322,286	168	149
17	370	47,20	448,413	192	149
11	370	20,12	448,413	195	149
1	7	0,2	27,10	152	149
1	370	2,2	422,370	153	149
479	8	375,415	3,8	164	149
128	1	74,105	7,3	243	149
3	1	4,3	3,1	196	149
12	1	19,9	3,1	415	149
8	0	48,35	2,0	483	149
5	476	5,4	152,584	159	149
1	34	0,0	4,7	171	149
40	4	18,10	3,1	262	149
73	4	22,17	3,1	240	149
1	4	1,0	1,2	171	149
40	2	19,10	0,0	262	149
43	2	19,12	0,0	240	149
20	0	56,53	1,0	1966	149
2	0	3,8	1,14	207	149
0	4	0,1	1,3	162	149
54	3	53,53	1,4	155	149
54	11	53,55	18,11	159	149
3	11	1,6	18,11	153	149
6	14	7,5	8,33	172	149
20	155	22,43	64,160	179	149
1326	1	1001,1066	0,0	3271	149
22	1	9,12	0,0	151	149
339	696	470,346	166,541	2556	149
1380	4	953,1045	1,0	2658	149
7	696	18,4	166,541	193	149
1048	4	501,703	1,0	295	149
1737	4	649,1240	1,0	251	149
850	4	403,513	1,0	221	149
1294	4	588,914	10,8	151	149
37	1277	26,18	581,904	178	149
36	2	26,18	5,0	178	149
24	1331	1,6	642,821	259	149
15	16	18,7	27,42	219	149
718	3	500,457	2,5	1412	149
14	13	12,9	14,10	164	149
6	0	3,3	3,2	164	149
19	1374	10,5	441,1071	207	149
1788	0	731,1352	2,2	354	149
33	1731	50,19	693,1328	234	149
14	790	7,14	212,569	267	149
18	221	8,13	190,496	164	149
3	64	14,5	46,55	289	149
68	13	51,35	11,7	155	149
3	1	0,0	1,1	163	149
14	20	1,9	3,20	203	149
1	0	6,8	1,1	185	149
1	0	9,8	1,0	224	149
2	0	1,31	0,1	340	149
0	23	1,5	5,79	184	149
2	0	0,0	0,1	251	149
86	1	55,127	0,0	588	149
12	304	15,15	140,183	238	149
29	6	18,43	5,9	155	149
1	1	15,4	0,0	754	149
49	1	2,7	0,0	221	149
1460	84	21,111	0,9	221	149
115	1	56,139	1,1	403	149
8	8	3,27	4,17	323	149
115	4	67,121	0,15	425	149
5	0	20,29	0,4	780	149
150	1	456,109	0,0	783	149
91	43	102,150	32,87	239	149
11	142	3,12	67,174	236	149
335	96	330,419	75,122	180	149
12	388	12,14	299,468	164	149
110	1	285,230	6,1	154	149
105	104	143,130	75,88	287	149
3	181	6,5	67,213	230	149
5	191	3,5	77,232	195	149
12	186	7,17	46,213	162	149
19	3	2,0	4,2	279	149
11	10	32,9	9,9	193	149
282	10	294,271	9,9	1700	149
275	4	267,262	5,0	1656	149
415	0	472,407	0,1	2634	149
48	37	12,12	0,18	281	149
160	18	195,246	16,8	168	149
23	18	39,34	16,8	192	149
4	141	12,3	168,215	173	149
21	2	24,14	1,9	377	149
155	18	66,146	2,4	190	149
92	0	49,117	0,1	164	149
13	1	12,13	0,0	164	149
3	0	9,16	3,1	283	149
11	79	5,23	15,86	315	149
83	9	45,125	7,3	385	149
604	5	271,518	2,5	222	149
36	0	16,74	2,1	317	149
50	32	32,16	21,15	188	149
221	0	282,309	0,1	206	149
2	28	1,1	5,21	177	149
472	0	346,494	2,0	377	149
881	1	720,953	2,0	377	149
711	6	407,765	4,13	398	149
118	4	160,229	1,1	767	149
1	19	0,1	0,8	278	149
3	7	1,0	9,15	162	149
2	0	1,0	2,1	162	149
81	0	405,295	0,2	361	149
1	36	0,2	71,79	175	149
44	72	59,68	90,84	161	149
49	20	62,110	11,30	197	149
1	46	2,1	52,81	185	149
425	5487	271,343	3070,5983	285	149
263	0	176,205	0,1	285	149
12	5	77,26	0,6	2445	149
9	208	9,5	69,82	239	149
384	226	434,230	54,77	3725	149
5	179	7,5	40,170	230	149
35	77	14,65	53,132	596	149
0	77	5,5	53,132	178	149
10	0	4,8	0,1	185	149
10	84	15,10	59,74	156	149
1	0	1,6	12,5	217	149
38	99	30,39	61,77	157	149
143	1	133,101	0,0	720	149
2	1	0,2	1,0	155	149
2	0	1,8	1,0	155	149
3	248	0,0	45,67	231	149
1109	8	430,1213	2,11	197	149
2	1263	3,3	651,1251	155	149
65	2	8,11	0,0	188	149
7	174	6,9	43,122	175	149
3	92	15,2	49,77	227	149
1	0	0,0	1,0	153	149
11	1	14,15	0,2	815	149
0	7	0,1	19,4	180	149
0	1	1,0	3,16	212	149
614	0	701,637	2,0	3727	149
2	56	31,6	20,51	333	149
2	0	19,6	0,1	333	149
40	0	355,103	10,2	715	149
775	1	1088,810	0,0	3631	149
21	15	44,54	1,22	411	149
474	465	313,391	227,386	190	149
263	0	150,193	3,0	190	149
30	5	4,2	1,3	175	149
169	16428	1,17	600,2737	200	149
0	9	1,1	9,6	197	149
2	6	4,1	3,2	207	149
11	6	12,6	3,2	159	149
2	0	4,12	0,2	163	149
60	0	61,96	0,2	270	149
182	0	120,225	0,4	270	149
3	62	7,14	45,88	379	149
75	0	49,49	2,0	1151	149
145	0	51,98	1,2	443	149
8	24	9,1	9,13	341	149
3	392	4,8	143,489	167	149
3	2	4,8	4,4	192	149
495	6	209,331	0,9	1144	149
10	3154	14,14	774,1585	164	149
229	1	588,330	0,0	1457	149
0	101	4,4	115,157	190	149
7	3	1,4	0,1	218	149
15	47	11,4	25,36	277	149
0	1	6,1	0,0	188	149
2	93	0,3	135,276	179	149
88	0	51,181	0,2	1040	149
0	47	0,8	32,68	250	149
28	0	36,30	0,2	2308	149
0	60	3,0	30,26	233	149
0	5	3,7	8,29	222	149
218	2	240,280	0,0	1342	149
155	54	122,149	58,75	292	149
95	29	21,109	9,61	371	149
9	193	15,20	78,215	175	149
30	10	49,30	4,9	207	149
74	0	94,361	0,1	484	149
49	0	241,189	1,0	340	149
192	4	165,120	0,1	152	149
170	0	466,194	2,1	1310	149
70	1	191,97	6,0	317	149
3	5	7,10	2,0	177	149
39	2123	14,27	858,1643	233	149
122	14	79,59	5,2	396	149
124	0	80,61	0,3	401	149
83	14	64,43	5,2	392	149
85	0	65,45	0,3	397	149
16	0	6,4	0,3	154	149
15	0	4,17	0,4	154	149
0	1	0,2	0,7	208	149
33	0	101,96	1,1	817	149
2	1	7,20	18,37	153	149
9	5	48,83	10,25	268	149
0	1	4,3	6,10	163	149
1	0	5,5	5,18	169	149
10	5	48,70	10,25	288	149
2	0	7,12	5,18	155	149
11	5	50,77	10,25	274	149
23	8152	31,34	3113,7702	202	149
39	7	48,81	9,13	159	149
4	14	3,5	13,37	162	149
0	5	0,3	5,15	164	149
254	0	141,243	0,9	291	149
2	4	2,2	0,0	295	149
308	21	505,518	27,47	152	149
3	0	5,8	1,1	166	149
6258	0	5496,7032	2,0	1651	149
6523	19	5677,7332	4,15	1651	149
6233	19	5478,7038	4,15	1588	149
2988	5	1592,3140	2,10	470	149
34	21	27,36	26,39	200	149
24	0	23,37	0,1	182	149
57	801	37,66	330,730	197	149
3704	1	925,3632	0,0	836	149
10	22	0,17	0,7	176	149
0	22	0,1	0,7	166	149
2	2	2,1	2,0	326	149
19	72	36,19	109,61	158	149
193	1	206,230	4,4	153	149
482	18	351,418	23,31	415	149
103	0	99,105	1,0	159	149
561	2	472,441	1,4	766	149
1	71	0,0	21,81	161	149
24	1	65,50	17,5	241	149
3023	0	62,878	0,2	462	149
2986	1	118,590	0,0	300	149
216	0	262,306	1,0	317	149
403	7	164,505	2,4	355	149
1	0	7,2	0,1	1367	149
349	190	59,159	23,126	161	149
13	26	29,59	60,94	268	149
1	56	1,0	77,67	212	149
539	0	1101,998	5,0	280	149
4	134	5,1	79,226	180	149
19	282	31,21	219,374	160	149
27	0	163,136	1,0	748	149
9	9	39,23	51,54	642	149
0	26	9,4	149,93	157	149
115	0	75,149	0,2	468	149
17	0	5,18	1,2	267	149
7	0	13,8	1,0	646	149
8	2	5,8	1,5	160	149
13	190	18,11	72,143	207	149
7	190	14,8	72,143	196	149
110	7	318,170	11,4	261	149
59	2	248,84	9,2	261	149
73	13	248,123	19,9	261	149
89	0	92,451	3,7	170	149
567	0	326,1198	0,1	160	149
24	846	13,52	462,1612	158	149
1496	0	791,2846	2,5	246	149
22	1	9,15	0,0	160	149
71	235	63,95	263,464	160	149
71	18	0,6	0,0	288	149
14	2	17,18	1,4	170	149
9	43	29,11	27,62	352	149
20	168	43,25	110,199	373	149
54	168	41,76	110,199	170	149
1	15	1,2	5,6	187	149
1	25	5,4	33,41	213	149
3	3	1,5	0,0	157	149
882	7	992,1454	12,27	153	149
43	0	60,29	4,0	468	149
1386	0	608,1746	5,0	157	149
0	5	1,0	4,17	153	149
1	14	2,4	22,15	208	149
7	4	3,3	0,3	170	149
1	50	1,0	39,14	192	149
4	0	9,11	4,0	330	149
14	39	45,12	55,34	330	149
114	0	107,142	0,1	997	149
126	788	81,145	551,882	242	149
56	602	156,50	294,658	976	149
202	5	122,250	5,4	172	149
185	3	22,55	0,0	344	149
218	110	23,68	15,21	344	149
8	259	5,14	234,1036	246	149
4	259	4,6	234,1036	268	149
6	259	3,12	234,1036	345	149
0	4	1,1	2,9	171	149
2	4	0,7	2,9	248	149
2	0	0,7	1,1	226	149
384	1	512,1603	1,2	917	149
92	1	69,49	0,4	490	149
130	68	528,176	51,24	4013	149
3	188	2,4	6,52	423	149
170	2	6,54	0,0	227	149
3	97	1,1	8,30	248	149
43	0	32,67	0,1	157	149
7	0	23,15	2,0	172	149
22	0	56,59	2,0	242	149
5	0	17,18	2,0	331	149
21	6	49,58	16,14	219	149
4	6	10,17	16,14	308	149
0	17	1,0	40,41	238	149
64	0	79,137	0,2	179	149
15	17	9,6	16,16	157	149
31	1575	13,48	630,2048	184	149
8	1936	4,12	799,2546	166	149
6	1936	4,11	799,2546	172	149
0	2	1,0	1,1	155	149
27	118	59,47	72,150	206	149
158	108	106,33	14,21	3872	149
34	14	3,13	1,6	153	149
7	89	4,10	51,87	170	149
1	0	0,3	0,6	153	149
2	0	0,0	0,2	153	149
44	1	29,49	0,1	160	149
389	75	87,328	19,107	411	149
100	0	69,77	2,0	172	149
118	0	210,141	6,2	232	149
2	0	3,13	0,1	197	149
1102	4	701,819	3,0	3126	149
387	127	260,268	90,98	173	149
1296	1	530,895	0,0	524	149
2282	2	1363,1450	0,2	650	149
164	5	94,136	14,6	154	149
20	83	7,7	41,84	184	149
2902	65	1461,6107	16,99	202	149
162	1	118,136	0,2	219	149
184	1713	131,152	809,3567	219	149
13	68	0,20	33,80	152	149
1	165	4,0	156,143	155	149
8	153	7,3	176,139	170	149
74	6	140,92	24,10	193	149
41	4	45,71	0,0	245	149
100	64	152,315	69,163	165	149
8	176	59,31	332,604	265	149
226	642	113,491	211,1209	167	149
8055	1	1347,1423	0,0	1301	149
9229	1	1483,1622	0,0	1301	149
46	79	4,2	0,11	162	149
88	79	4,7	0,11	207	149
53	11	0,5	0,0	194	149
452	2	229,519	7,0	172	149
12258	1	1296,4909	2,1	483	149
332	80	501,331	63,64	266	149
11	95	21,16	89,105	204	149
5	5	17,12	2,1	204	149
7	1	21,16	1,3	208	149
12	138	21,18	53,409	208	149
7	11	5,4	7,5	279	149
99	8	160,245	12,8	210	149
0	14	0,2	30,14	184	149
3	0	16,5	3,1	326	149
107	13	52,121	4,6	981	149
28	162	14,41	63,247	218	149
9	86	17,11	67,68	163	149
1377	3	459,1728	2,3	163	149
58	7	20,27	6,5	171	149
174	24	159,160	6,22	770	149
32	232	24,55	76,324	381	149
104	3	36,57	0,3	261	149
10	330	25,26	121,322	544	149
12	393	2,23	162,383	153	149
89	52	74,47	10,37	836	149
89	1882	75,40	244,908	836	149
85	13936	42,58	3696,10213	237	149
1	5	0,0	1,2	153	149
325	0	43,155	0,1	428	149
4	150	6,7	110,180	317	149
8	117	15,15	69,132	213	149
3	135	0,0	96,178	159	149
13	314	44,6	250,256	165	149
200	0	133,184	2,0	572	149
24	101	3,10	33,67	220	149
2	176	1,0	44,108	188	149
125	0	60,91	1,0	1033	149
103	96	22,80	38,83	206	149
280	4389	642,246	1703,3283	396	149
6056	1	8087,6465	6,4	2226	149
1724	1	808,1211	4,0	210	149
5911	3	2180,4028	15,6	210	149
162	0	247,224	1,4	840	149
0	1	0,1	0,0	165	149
13	20	9,18	6,27	211	149
0	28	14,4	114,99	153	149
10	3	2,13	0,5	187	149
34	2	29,34	0,1	616	149
43	1	51,37	0,0	321	149
2	1	2,3	3,0	207	149
10	12	17,7	7,10	180	149
2	1	2,5	4,5	207	149
6	10	13,5	10,11	180	149
11	1	8,3	0,1	180	149
119	28	95,44	37,23	457	149
99	3	76,37	2,3	388	149
137	0	115,57	0,2	555	149
145	1	117,59	10,4	585	149
23	28	21,10	37,23	218	149
41	0	41,23	0,2	316	149
49	1	43,25	10,4	346	149
46	0	57,36	0,2	247	149
54	1	59,38	10,4	277	149
8	1	2,4	10,4	179	149
29	6	45,23	2,0	328	149
20	5	19,7	0,1	218	149
17	47	14,17	18,63	666	149
0	1	2,0	0,0	217	149
4	25	0,5	18,34	343	149
1730	23	135,926	2,21	799	149
1593	6	134,1034	0,1	274	149
2494	6	154,1442	3,40	343	149
2312	98	88,445	3,24	246	149
9	692	5,9	337,607	314	149
22	1	9,17	2,0	312	149
4	30	17,3	35,28	245	149
2	15	7,0	36,28	240	149
54	721	107,35	303,721	486	149
214	6	162,681	4,11	309	149
262	1	262,218	0,0	1283	149
13	0	14,16	3,0	2729	149
60	11	53,68	2,12	350	149
54	1	53,66	0,0	350	149
54	2	53,72	2,3	350	149
23	5	55,39	3,3	246	149
0	4	17,12	1,0	185	149
327	0	392,304	2,0	1783	149
52	0	117,103	0,2	177	149
11	2	16,16	2,0	153	149
22	60	4,10	31,73	208	149
5	123	5,6	66,166	217	149
41	19	11,7	4,4	160	149
1	282	0,0	163,388	165	149
1	30	0,7	10,32	160	149
2	2	3,15	2,3	172	149
0	2	4,0	4,0	172	149
2	35	2,5	28,46	158	149
0	21	4,0	18,51	549	149
78	2	79,126	0,0	156	149
412	0	220,337	3,1	248	149
90	0	138,185	0,3	3327	149
17	18	23,22	18,22	419	149
2	14	10,10	6,30	200	149
314	4	266,310	8,4	153	149
2	0	1,3	2,0	158	149
258	0	147,221	1,4	214	149
6	666	3,2	82,236	207	149
177	6	333,150	10,6	186	149
2	56	1,1	44,83	153	149
34	9	32,49	4,30	190	149
245	5	199,333	8,7	373	149
88	9	75,131	4,30	186	149
299	5	242,415	8,7	369	149
220	5	171,314	8,7	332	149
43	5	36,46	8,7	187	149
10	2	3,7	0,0	429	149
3	253	0,4	89,164	154	149
478	2	395,456	0,0	227	149
359	1	574,543	0,0	2963	149
72	88	163,146	156,195	515	149
7	83	2,1	42,80	158	149
594	1	998,1659	0,3	152	149
8	90	15,23	101,131	553	149
1	0	1,1	1,0	499	149
3	35	9,2	69,89	166	149
5	1	17,25	0,0	301	149
8458	3	2045,21155	0,4	1889	149
9658	7	2100,22809	0,1	4211	149
189	7927	55,441	1811,20739	744	149
17582	3	3911,43544	2,1	4211	149
3010	35	1630,3050	11,18	353	149
9	44	18,2	4,12	241	149
3	0	0,0	0,3	153	149
11	275	2,8	117,296	467	149
8	275	2,11	117,296	463	149
16	1	14,35	0,1	319	149
0	2	0,2	0,0	172	149
34	203	22,110	48,987	641	149
54	3	15,26	0,2	389	149
335	46	125,112	35,37	168	149
2	145	5,1	44,78	279	149
78	1	68,67	0,2	172	149
21	14	36,22	13,4	230	149
12	1	19,20	0,2	203	149
597	6003	76,247	575,2030	162	149
5	101	1,15	43,171	159	149
165	0	51,315	0,9	337	149
164	1	68,297	0,0	358	149
231	19	150,319	10,37	230	149
37	108	7,62	94,184	268	149
24	134	26,54	70,205	191	149
194	0	97,428	1,0	276	149
66	0	27,208	4,0	276	149
1	126	1,4	66,184	180	149
9	122	7,10	36,156	229	149
14	0	23,18	0,2	194	149
880	0	531,984	0,1	376	149
780	8	589,963	2,4	340	149
145	7	309,176	0,2	391	149
204	7	403,253	2,2	430	149
66	7	94,79	2,2	188	149
849	3	826,1049	1,1	391	149
908	4	920,1126	6,6	430	149
62	4	95,78	6,6	188	149
390	794	399,457	721,889	188	149
1202	0	1366,1375	1,0	469	149
161	0	377,192	1,0	382	149
7	0	1,13	0,1	236	149
278	0	507,322	0,1	1885	149
24	25	2,8	0,5	163	149
13	9	1,3	0,0	163	149
214	43	26,55	2,6	477	149
17	11	1,14	1,7	164	149
227	20	22,67	0,4	259	149
96	1	5,27	0,0	259	149
18	30	33,30	51,38	200	149
2	199	8,2	545,250	160	149
41	18	90,58	62,53	158	149
167	0	288,172	2,1	312	149
209	53	169,275	52,119	194	149
435	11	436,779	3,13	176	149
10	54	15,16	25,37	237	149
348	2	296,509	1,0	3458	149
12	1	18,10	0,0	171	149
0	3	0,4	4,2	155	149
1252	0	521,795	2,0	257	149
297	4	96,219	1,4	538	149
3917	1	3592,3206	0,1	1386	149
113	0	81,104	2,0	199	149
3923	0	3597,3223	1,0	1386	149
458	48	288,367	48,51	199	149
3957	5	3480,3182	1,1	1313	149
4161	5	3758,3367	2,17	1386	149
209	5	279,186	2,17	222	149
84	40	48,63	10,26	214	149
84	1	48,63	2,3	309	149
40	1	10,26	2,3	244	149
254	125	292,232	94,108	214	149
254	13	292,232	8,37	309	149
12	1	6,5	0,7	201	149
110	19	16,39	10,3	167	149
28	19	4,13	10,3	218	149
15	97	2,4	14,30	200	149
12	1	4,11	0,0	175	149
16	5	19,11	9,3	236	149
31	32	24,19	15,37	236	149
32	4	40,44	15,12	197	149
10	10	7,16	3,4	160	149
220	33	105,241	9,31	160	149
55	3	27,40	5,5	175	149
190	6	74,151	1,4	163	149
0	286	2,0	163,397	173	149
541	0	468,669	0,2	1341	149
1	0	0,0	6,0	291	149
1	0	0,0	6,0	408	149
122	0	169,268	1,0	595	149
15	3	27,23	0,4	182	149
104	1	230,107	1,3	916	149
104	2	231,109	0,1	920	149
1	2	2,5	0,1	153	149
76	1	83,116	3,1	153	149
168	0	157,170	1,0	776	149
1	0	1,1	1,0	233	149
3	55	2,3	19,38	328	149
7	55	8,7	19,38	686	149
4	0	6,5	0,1	507	149
56	4	54,75	1,0	195	149
23	4	7,49	5,13	153	149
1124	0	795,858	1,2	3862	149
6	1	6,16	0,1	160	149
158	0	94,81	0,1	181	149
3	0	13,1	0,3	213	149
5	3	3,1	0,0	164	149
256	1	283,342	0,0	2128	149
4	1	5,7	0,1	279	149
55	1	20,45	0,0	249	149
13	53	20,11	19,77	253	149
32	2	32,14	0,2	199	149
19	0	24,8	1,0	199	149
61	586	19,17	105,153	257	149
2	53	15,1	30,48	468	149
60	289	52,62	98,280	160	149
518	3	237,552	0,5	282	149
5289	1	2073,4635	0,1	870	149
64	4	8,66	2,6	158	149
13	290	13,7	133,243	164	149
4	1	1,6	0,2	195	149
12	1	5,34	0,2	208	149
17	1	8,22	1,4	185	149
4	80	17,1	56,85	336	149
20	845	8,18	117,678	259	149
576	0	713,1771	1,6	183	149
24	17	31,29	9,36	408	149
0	141	2,0	9,40	178	149
478	0	41,150	0,3	698	149
194	2	119,183	0,0	1135	149
195	1	119,183	4,1	1139	149
3	1	0,0	4,1	153	149
7	65	23,11	89,55	225	149
19	53	24,18	80,30	219	149
241	8	249,202	7,7	780	149
141	23	83,191	8,8	1085	149
18	9	17,22	6,6	175	149
21	2	19,27	3,15	214	149
12	2	8,11	3,15	188	149
480	0	329,656	3,0	1006	149
38	25	15,24	7,11	161	149
17	25	11,6	7,11	234	149
18	25	13,10	7,11	240	149
6	27	9,4	13,22	222	149
7	27	11,8	13,22	228	149
3	2	2,5	0,1	155	149
117	5	44,178	0,5	210	149
395	5	150,549	0,5	214	149
146	5	52,204	0,5	235	149
280	2	107,372	1,1	153	149
31	2	9,27	1,1	174	149
16	265	8,11	106,356	170	149
116	4	43,177	0,0	210	149
136	4	46,201	0,0	214	149
21	1	3,24	0,0	153	149
5	0	68,48	1,6	798	149
0	4	21,7	11,16	267	149
5	4	34,43	4,4	234	149
6	0	51,62	3,0	401	149
5	0	26,28	3,0	316	149
6	3	0,1	0,0	155	149
7	301	24,18	191,578	226	149
5	1	14,16	0,3	226	149
43	3	332,208	14,0	497	149
30	12	13,20	8,9	158	149
5	0	3,4	0,1	158	149
17	5	15,10	4,3	185	149
1116	0	508,869	0,3	196	149
0	946	5,2	330,893	164	149
2612	0	1591,2746	0,2	329	149
1187	0	677,1066	1,0	626	149
34	0	55,33	1,0	158	149
85	2	176,111	2,2	158	149
16	0	39,12	0,1	166	149
19	24	40,13	8,14	166	149
22	0	49,43	2,0	306	149
2	17	3,12	9,27	269	149
11	31	9,14	6,35	193	149
55	7	51,32	1,3	295	149
17	924	22,13	458,1048	282	149
10	1497	14,33	845,2178	165	149
99	1	34,39	0,0	362	149
1	0	10,4	0,1	152	149
48	6	21,44	5,16	371	149
0	31	0,1	2,5	185	149
4	463	10,2	94,318	242	149
0	2	1,0	0,0	171	149
0	6	1,1	4,7	171	149
25	9	34,32	12,7	153	149
111	0	198,183	0,2	655	149
35	1229	8,35	412,1675	294	149
724	30	238,655	8,25	445	149
108	6	115,136	8,15	340	149
32	2	84,60	0,6	542	149
3	128	28,13	332,648	215	149
42	115	108,201	254,547	548	149
57	0	182,328	0,1	584	149
130	0	328,674	0,1	185	149
0	15	0,3	7,19	160	149
1	21	4,9	19,36	161	149
8	21	6,3	0,1	324	149
4	11	21,0	1,5	498	149
1	828	3,6	309,521	159	149
17	107	16,29	48,89	163	149
30	67	21,29	41,72	239	149
26	58	12,25	21,55	153	149
631	2	455,973	0,0	571	149
19	0	13,13	2,0	176	149
16	0	16,17	2,0	212	149
1	4	3,5	0,1	185	149
102	15	92,117	7,2	176	149
0	1	1,5	0,2	164	149
0	1	0,6	2,5	164	149
71	122	53,117	113,148	274	149
269	1	166,294	1,2	208	149
85	1	68,88	1,2	214	149
4	187	2,1	99,207	155	149
795	2	748,811	0,1	1344	149
0	8	3,0	24,13	191	149
5	9	2,2	0,4	609	149
6978	4	2370,5171	2,0	166	149
35	136	38,49	40,94	1985	149
2338	1	3341,2653	1,0	677	149
77	0	201,164	3,0	1217	149
1	307	4,5	103,451	254	149
23	0	67,64	5,0	234	149
11	1	18,23	2,2	456	149
2230	9	2950,2185	29,5	1767	149
1513	2	1180,1317	0,0	455	149
38	1061	159,55	609,1058	314	149
31	1004	15,25	542,894	152	149
13	15	5,8	27,72	227	149
10	2	5,6	3,9	227	149
80	100	138,57	94,127	681	149
96	37	8,119	5,55	198	149
4	10	0,5	5,6	160	149
38	10	32,102	5,6	193	149
34	28	21,22	45,35	156	149
77	182	158,107	89,178	589	149
14	50	1,8	8,28	180	149
23	253	3,10	37,144	180	149
858	7	58,850	0,13	196	149
117	2	6,130	0,0	196	149
412	0	18,515	0,1	209	149
22	1	30,17	0,0	154	149
2	1429	4,12	296,2986	445	149
3	28	13,10	30,46	195	149
4	67	1,0	14,53	152	149
13	0	12,23	0,1	156	149
157	5	155,200	4,5	194	149
0	76	0,18	104,119	223	149
76	0	25,94	8,0	187	149
19	46	22,11	41,30	153	149
247	2	102,246	0,3	319	149
135	60	75,132	46,61	191	149
24	34	36,77	13,63	164	149
11	49	4,32	61,134	158	149
28	1	8,54	1,8	185	149
66	1	65,156	1,8	176	149
0	2	1,0	1,0	166	149
3	0	9,6	6,1	179	149
7	40	13,19	30,84	179	149
23	55	19,43	17,55	168	149
17	69	3,23	48,92	168	149
3	240	2,1	51,236	257	149
269	9	285,346	15,3	187	149
267	4	252,324	2,2	170	149
52	4	51,90	2,2	203	149
22	237	29,44	230,278	182	149
1	16	0,0	23,35	190	149
57	0	56,61	4,8	162	149
1	3	0,0	2,0	153	149
12	10	19,20	5,16	256	149
53	1975	0,19	339,904	200	149
2	0	2,2	0,1	167	149
309	5	274,642	13,5	394	149
280	2	258,584	0,2	167	149
6	233	13,4	110,262	156	149
768	0	1055,1205	2,0	821	149
11	625	58,16	443,1128	428	149
72	291	145,173	206,814	2632	149
68	0	141,168	0,1	2632	149
0	2	0,2	0,0	170	149
38	0	73,55	4,3	154	149
19	3	52,20	0,11	167	149
18	2	50,20	0,0	167	149
7	18	15,7	15,8	229	149
51	0	21,28	1,0	153	149
76	0	123,68	5,0	200	149
3	55	0,1	18,50	162	149
8	123	10,18	82,136	153	149
3	23	7,7	37,54	215	149
5	95	5,1	44,76	191	149
9	6	6,8	2,9	173	149
13	130	9,31	50,152	194	149
114	33	64,139	22,26	293	149
0	5	2,3	4,2	259	149
0	2	6,0	1,1	165	149
140	54	61,79	27,36	158	149
361	2	549,334	0,4	1566	149
35	2	124,34	1,4	282	149
502	0	233,536	0,1	272	149
98	21	27,70	3,14	182	149
356	357	133,271	137,381	182	149
1	0	4,2	4,4	261	149
22	28	1,18	11,23	184	149
32	15	77,55	20,30	210	149
44	54	119,83	68,77	255	149
27	54	62,58	68,77	194	149
3	12	5,2	11,18	258	149
132	3	101,214	1,5	193	149
1	295	1,0	60,168	246	149
1471	183	416,1417	30,205	236	149
35	1080	28,78	1412,1893	180	149
1533	3	2296,2930	1,3	2912	149
936	1	1170,1555	1,2	179	149
617	0	615,1159	1,6	180	149
1	593	1,14	355,1147	231	149
2	593	1,11	355,1147	213	149
0	593	5,0	355,1147	189	149
617	60	422,1189	27,61	844	149
22	60	39,29	27,61	538	149
20	60	26,25	27,61	363	149
13	60	14,15	27,61	238	149
28	3	6,16	0,0	226	149
1	2	0,0	3,0	153	149
1	265	1,9	250,465	195	149
9	316	17,14	245,522	159	149
58	12	108,150	73,25	173	149
2	0	5,1	1,2	198	149
8	7	16,14	5,3	232	149
6	162	14,11	101,152	269	149
378	4	283,385	0,0	1191	149
65	3	213,119	8,7	188	149
220	54	171,184	21,41	374	149
205	0	253,166	0,2	479	149
196	4	227,188	0,2	479	149
205	3	19,285	2,0	207	149
0	6	1,0	17,17	213	149
257	1	60,73	0,0	153	149
3258	4	784,2005	0,0	643	149
5	796	2,6	266,559	158	149
53	8	24,10	1,0	839	149
1	23	0,0	0,1	206	149
13	60	16,20	12,77	232	149
11	3	13,14	0,8	232	149
1780	24	1460,1974	19,27	290	149
6	54	25,4	92,78	205	149
114	1	154,185	0,0	176	149
77	8	90,72	0,1	182	149
7	1	43,13	0,6	254	149
9	3	4,19	0,2	218	149
22	39	29,43	13,27	218	149
66	231	23,108	63,212	164	149
0	66	0,4	2,61	361	149
237	0	76,221	0,1	281	149
127	1	123,104	0,0	152	149
418	2	328,428	3,6	165	149
0	15	0,1	10,52	155	149
46	0	39,112	0,4	904	149
0	1	2,1	0,0	490	149
3	33	1,3	20,42	191	149
45	1	2,19	2,3	261	149
11	7690	7,24	5581,7231	276	149
801	299	784,598	142,273	3226	149
10	5	1,3	0,0	267	149
4	169	7,19	55,228	169	149
17	3	1,16	2,2	153	149
32	12	10,20	5,31	153	149
57	51	31,71	20,47	174	149
80	0	757,355	2,0	1853	149
91	0	39,143	0,1	257	149
229	4	103,359	0,0	257	149
7	43	3,8	13,42	163	149
1	15	9,3	11,78	165	149
1	15	10,11	11,78	161	149
0	14	0,4	22,89	305	149
157	0	148,135	0,1	541	149
196	21	73,202	20,32	277	149
77	0	62,95	1,0	425	149
97	11	75,129	2,10	425	149
47	4	30,55	1,8	531	149
0	2	1,0	0,0	170	149
2	9	5,0	3,9	468	149
3	72	11,12	34,132	236	149
59	327	30,127	131,503	172	149
1	231	6,0	106,184	211	149
18	277	8,11	64,140	1234	149
2448	0	1164,2221	4,0	438	149
114	3	78,107	0,0	160	149
8	3	0,3	0,0	161	149
0	108	9,5	61,113	159	149
1	0	0,0	0,1	154	149
1256	21	1322,1169	19,16	253	149
2187	53	2578,2171	74,57	307	149
291	13	204,435	2,5	503	149
2	176	10,2	60,301	345	149
1	30	2,1	55,40	153	149
2492	10	1640,1652	1,1	855	149
3622	4	1650,3072	0,5	1434	149
46	42	4,33	31,38	152	149
21	157	41,14	102,111	391	149
0	185	4,0	97,92	236	149
258	0	142,169	0,1	253	149
7	6	6,8	0,4	153	149
26	3	16,18	0,0	153	149
173	12	293,308	3,21	386	149
61	27	2,6	5,3	152	149
1959	1	1093,1666	1,5	156	149
2427	0	1349,2195	0,1	151	149
2319	2	941,1867	1,1	236	149
0	9	3,0	50,26	258	149
13	55	30,10	155,127	180	149
8	191	22,6	135,276	170	149
17	1	28,40	18,2	154	149
122	2	28,50	1,0	153	149
41	6	38,42	1,2	225	149
5	7	3,5	3,6	153	149
81	104	42,57	49,98	225	149
10	68	5,6	17,51	246	149
264	0	198,366	0,1	271	149
10	0	7,19	0,1	161	149
1	0	0,0	0,2	169	149
1	0	6,12	1,0	212	149
2	1	17,17	14,2	212	149
3	1	17,2	4,1	238	149
1	0	12,1	1,0	238	149
1	29	2,5	23,89	153	149
6	214	8,5	178,207	218	149
1	126	1,1	73,267	168	149
36	17	56,41	27,32	155	149
812	0	294,925	0,2	3135	149
2	0	73,320	0,4	2021	149
13	2	4,22	0,1	306	149
2398	16	1366,2253	10,17	206	149
7	1	10,10	1,0	167	149
1	0	8,3	2,2	167	149
1	0	8,2	1,2	167	149
0	6	4,0	5,11	259	149
82	9	12,118	14,27	170	149
6	148	47,9	107,123	211	149
409	180	240,730	184,353	161	149
0	15	3,3	90,96	374	149
281	4	331,412	0,2	1502	149
0	49	2,0	86,106	247	149
4	0	6,15	0,2	170	149
47	1	21,84	0,2	167	149
201	10	136,309	8,9	157	149
555	0	330,594	1,1	886	149
8	6	26,6	1,9	196	149
522	0	242,512	2,0	303	149
117	9	110,140	3,0	663	149
0	46	1,0	46,36	153	149
22	16	28,29	9,24	267	149
37	16	54,36	9,24	335	149
65	16	87,67	9,24	447	149
19	4	29,17	3,10	217	149
47	4	62,48	3,10	329	149
45	7	68,40	15,8	502	149
59	169	109,128	129,214	471	149
1567	0	702,2209	0,1	817	149
6	49	5,9	72,71	153	149
197	1717	687,1840	3938,11348	296	149
592	7	416,497	2,8	323	149
13	6	21,5	0,1	540	149
47	0	91,94	1,0	216	149
9	899	3,3	107,500	266	149
1	2	12,1	27,8	248	149
49	33	22,40	4,17	176	149
614	27	419,504	4,6	374	149
22	0	13,14	1,1	273	149
9	164	11,7	106,106	153	149
4	1200	4,0	113,348	196	149
15	6	6,15	1,2	174	149
28	16	3,24	0,12	158	149
21	362	12,14	139,252	173	149
349	0	255,303	0,2	230	149
44	0	91,50	5,1	159	149
1	0	3,3	0,1	168	149
10	0	4,14	0,1	383	149
7	0	72,26	2,2	2339	149
0	2	7,1	11,15	221	149
3	0	12,16	4,2	191	149
16	294	102,56	275,667	701	149
449	0	614,882	4,0	1082	149
143	26	11,92	1,23	164	149
194	15	9,79	0,6	199	149
11	52	11,10	34,57	188	149
1	0	0,0	0,1	161	149
40	19	47,34	17,16	161	149
0	142	3,1	103,195	174	149
126	1	182,197	9,0	568	149
11	23	11,21	21,41	296	149
54	2	42,84	2,11	384	149
66	2	52,104	2,11	237	149
4	18	0,1	8,8	153	149
4	25	6,6	20,42	211	149
12	0	24,32	0,1	258	149
33	0	38,68	0,1	196	149
8	0	6,30	1,2	257	149
34	4	26,65	0,3	257	149
1	11	0,1	24,8	186	149
73	1	75,39	8,1	169	149
2	89	1,1	115,83	198	149
528	0	137,277	0,2	458	149
436	0	112,225	1,0	287	149
762	1	221,417	1,0	852	149
5	480	2,2	89,195	162	149
593	10	103,264	3,3	336	149
57	109	49,48	48,70	314	149
12	21	5,3	9,19	271	149
635	0	301,1028	0,2	1452	149
1	1	0,5	0,1	273	149
8	0	14,4	4,0	891	149
0	5	23,2	2,2	1120	149
122	0	44,158	1,0	236	149
26	14	31,28	7,9	261	149
63	5	113,62	5,8	483	149
160	3	206,111	4,3	483	149
4	182	2,10	105,435	195	149
322	0	703,447	1,1	1503	149
102	20	83,133	16,25	194	149
247	0	675,378	3,0	1503	149
14	236	27,15	109,239	269	149
4	2	4,11	0,1	533	149
3	7	1,4	5,3	202	149
3	123	7,5	84,94	156	149
9	123	16,7	84,94	190	149
7	1	11,6	2,4	183	149
348	2	108,357	0,3	203	149
1430	2	522,1201	3,0	323	149
17	15	27,18	26,11	383	149
1	1	2,0	0,0	153	149
77	3	86,92	0,1	864	149
17	323	44,18	481,640	312	149
0	225	1,1	107,175	156	149
273	317	166,556	119,716	924	149
9	0	8,14	0,1	164	149
0	1	1,0	1,0	185	149
187	24	32,150	8,25	217	149
27	1	12,50	6,3	188	149
187	6	51,89	0,0	194	149
333	5	87,141	0,0	188	149
132	312	14,128	70,236	179	149
212	7	110,211	0,5	197	149
1	3	0,2	9,4	167	149
515	1	744,555	1,3	2984	149
1094	130	1021,1417	62,235	2984	149
8	19	3,10	2,6	268	149
9	150	5,11	36,138	268	149
446	4	68,506	4,1	268	149
578	7	115,532	5,2	204	149
2163	227	817,1916	52,211	153	149
1947	227	601,1916	52,211	298	149
1939	2155	599,1910	815,1910	294	149
56	5	34,34	6,0	222	149
11	0	2,9	0,2	153	149
1090	0	277,1129	0,2	298	149
1082	3	275,1123	0,3	294	149
2267	0	1165,2370	0,2	396	149
75	2856	63,55	1198,2465	425	149
1574	0	5079,2301	0,1	3537	149
3	161	1,5	60,141	196	149
164	0	162,198	2,0	403	149
4	267	2,2	229,256	175	149
5	1	5,7	0,0	160	149
58	80	29,100	25,127	160	149
6	0	5,9	0,1	160	149
539	1	185,615	0,5	439	149
496	6	192,569	1,2	160	149
15	32	36,8	41,60	323	149
576	6	512,1117	4,10	218	149
11	341	3,9	220,540	199	149
449	18	411,719	19,4	183	149
55	2	51,37	0,0	3786	149
2	3	0,0	5,2	271	149
0	5	1,0	11,4	154	149
0	1	3,0	0,0	184	149
326	4	321,379	0,4	622	149
28	0	17,31	0,3	246	149
188	4	141,220	0,4	362	149
9	10	1,8	2,4	177	149
27	10	1,13	2,4	224	149
19	1	0,7	0,2	196	149
8	8	1,9	0,3	177	149
22	8	1,12	0,3	224	149
14	0	0,6	0,3	196	149
15	10	2,18	4,14	159	149
0	10	6,2	4,14	167	149
0	15	6,1	2,17	157	149
37	37	11,33	25,20	158	149
0	51	2,0	37,31	167	149
0	125	1,1	93,115	191	149
2	79	3,6	29,68	211	149
38	425	36,34	265,776	257	149
101	1	55,106	1,1	414	149
100	0	55,106	2,0	414	149
100	50	55,108	30,29	414	149
23	2	30,35	1,2	153	149
24	667	44,54	31,177	1021	149
40	29	22,63	27,42	158	149
98	58	90,152	82,97	158	149
33	0	11,27	0,2	193	149
548	145	20,62	14,17	155	149
7	62	176,75	180,299	989	149
175	0	1054,352	13,1	2304	149
7	121	4,6	50,133	179	149
7	37	20,8	31,38	232	149
12	20	23,9	23,12	549	149
12	4	24,9	5,6	561	149
20	4	24,12	5,6	161	149
256	16	157,241	11,30	152	149
57	4	50,120	5,12	260	149
2	64	8,1	34,39	289	149
11556	0	8074,15708	0,2	562	149
49	2826	80,85	1045,3799	772	149
3	0	29,36	4,8	153	149
1	10	0,0	5,16	178	149
135	70	153,164	45,71	212	149
39	0	49,40	11,3	212	149
186	4	125,211	3,1	192	149
3	153	9,3	61,177	203	149
264	3	226,335	3,1	233	149
52	0	61,90	3,1	163	149
1	50	10,5	65,98	154	149
23	93	63,11	88,81	301	149
2	110	2,0	135,94	374	149
239	2	156,294	0,7	173	149
122	4	170,170	8,14	173	149
330	0	387,537	2,0	513	149
59	8	31,61	17,26	233	149
27	4	0,5	1,3	184	149
77	25	58,64	15,30	206	149
52	4	24,47	8,5	206	149
129	101	37,64	102,143	305	149
73	8	45,91	9,10	178	149
40	8	3,0	0,2	216	149
38	79	9,2	2,17	315	149
36	6	9,2	1,2	315	149
68	14	104,57	12,19	792	149
0	173	2,4	113,251	167	149
213	5	236,374	5,6	153	149
493	14	228,259	16,1	233	149
9	107	38,24	44,98	458	149
9	5	37,25	3,2	458	149
14	84	21,36	23,85	215	149
1	55	17,3	9,42	154	149
15	1	19,8	0,1	242	149
21	58	21,9	27,74	268	149
7	58	2,2	27,74	175	149
991	1	383,885	0,4	1913	149
75	5	118,89	15,1	191	149
5	77	5,2	47,78	192	149
80	0	126,91	2,0	1763	149
39	27	53,52	38,23	178	149
64	13	5,5	0,0	317	149
92	0	54,172	0,3	269	149
173	695	85,166	192,868	440	149
406	45	103,650	2,74	494	149
928	45	210,1352	2,74	203	149
1815	0	351,3149	0,1	650	149
12	225	12,19	286,388	251	149
13	33	12,31	21,70	233	149
15	147	19,7	111,148	371	149
167	4	64,193	0,0	251	149
785	0	194,312	0,2	862	149
347	2	58,187	0,0	182	149
19	1	8,27	5,0	184	149
1	15	1,1	10,10	157	149
2	45	1,4	93,37	157	149
0	4	9,2	45,19	245	149
0	14	4,0	7,20	159	149
110	23	77,80	19,16	158	149
47	7	30,26	0,7	158	149
482	0	116,349	0,1	191	149
182	25	34,173	3,26	153	149
98	18	28,91	4,10	153	149
1	498	5,4	81,442	303	149
1	498	5,1	81,442	361	149
1782	26	521,1743	6,26	155	149
221	2	63,247	4,1	201	149
17	410	17,16	149,367	199	149
11	207	6,26	75,174	167	149
10	0	25,14	0,2	185	149
95	23	112,116	9,9	185	149
13	165	5,4	163,135	191	149
70	1	93,86	1,4	386	149
69	108	93,89	38,53	386	149
25	3	0,40	2,0	681	149
7	16	22,7	3,22	181	149
64	4	74,96	0,1	168	149
3	39	9,4	13,38	249	149
21	206	26,17	111,136	300	149
57	206	30,51	111,136	200	149
14	0	33,15	2,0	157	149
130	115	174,132	75,101	578	149
279	3	90,471	1,7	198	149
2	8	0,10	2,7	189	149
119	8	96,143	3,9	263	149
277	0	429,445	1,0	200	149
4	240	8,6	52,225	174	149
117	5695	14,28	227,1333	298	149
37	113	29,10	70,76	191	149
23	10	18,34	4,4	154	149
395	0	387,695	0,1	270	149
18	0	49,22	4,0	516	149
19	1	43,18	5,0	516	149
4	3	10,11	9,1	273	149
749	3	886,1297	10,4	495	149
983	0	675,1627	1,0	207	149
18	0	15,30	1,0	154	149
0	1	2,0	0,0	167	149
12483	3	6522,11195	0,2	233	149
2659	0	1437,2239	3,1	687	149
1900	502	1191,1597	289,401	537	149
2120	0	1970,2170	1,0	568	149
12	2	17,12	8,0	251	149
198	2	79,172	0,0	443	149
29	55	34,62	52,133	153	149
12	75	19,13	147,255	158	149
531	1	334,377	0,1	302	149
24	69	3,11	16,41	191	149
55	9	71,70	11,8	336	149
13	0	13,30	0,1	283	149
162	5	95,361	2,7	156	149
0	1	8,1	0,0	604	149
10	18	16,8	4,12	231	149
11	18	18,10	4,12	307	149
4	2	1,4	0,1	158	149
5	11	0,28	0,17	233	149
22	508	14,10	118,804	336	149
5	2	1,6	4,2	167	149
1	107	0,1	54,52	153	149
8	1	10,5	0,2	262	149
2	0	2,0	1,0	193	149
8	2	0,0	0,1	158	149
0	2	2,0	0,4	302	149
157	1	146,307	2,5	416	149
175	0	102,333	0,2	213	149
160	12	132,229	9,15	179	149
71	300	99,38	106,178	1493	149
95	0	204,223	0,5	253	149
87	0	152,281	1,3	320	149
0	4	5,4	0,3	156	149
223	2	121,143	2,0	483	149
301	7	111,274	5,0	176	149
13	119	26,15	188,233	185	149
49	32	113,93	67,42	278	149
39	19	50,36	73,36	158	149
69	19	87,66	73,36	161	149
59	29	77,61	40,31	152	149
49	4	13,41	3,5	153	149
1845	7	661,1411	8,2	212	149
14	201	0,0	22,240	153	149
71	5	30,64	0,8	253	149
25	0	39,38	0,1	240	149
45	1	48,65	0,0	240	149
30	10	17,62	12,26	173	149
21	5	9,11	0,0	173	149
5	31	21,13	34,53	436	149
47	240	21,19	112,168	171	149
175	240	94,78	112,168	222	149
132	4	75,61	2,2	200	149
46	111	19,18	49,79	171	149
175	111	83,77	49,79	222	149
132	3	64,60	0,1	200	149
50	390	22,22	59,198	171	149
351	390	106,128	59,198	222	149
308	7	87,111	3,5	200	149
43	96	19,18	31,38	171	149
174	96	82,67	31,38	222	149
131	0	63,50	0,1	200	149
166	6	82,65	1,1	222	149
149	5	199,344	19,27	494	149
8	73	23,13	66,189	304	149
70	0	69,183	0,1	388	149
2	64	6,8	38,120	514	149
854	6	1462,1353	20,10	323	149
22	35	53,33	74,22	266	149
6	6	3,18	3,63	326	149
1	39	3,4	47,46	158	149
30	15	41,19	11,7	173	149
33	257	18,27	89,353	265	149
57	2	32,75	2,3	221	149
1	44	0,0	8,57	161	149
14	21	4,41	12,32	261	149
58	56	66,64	69,114	389	149
11	62	15,4	53,138	172	149
3	118	4,3	38,185	215	149
358	1	215,575	2,10	254	149
1	110	3,3	143,195	178	149
78	0	81,41	2,0	231	149
6	1	0,11	5,1	154	149
0	5	2,0	4,8	226	149
3	129	0,2	87,205	155	149
165	0	105,250	0,1	161	149
156	1	146,200	0,1	233	149
58	0	62,95	0,1	257	149
986	0	383,1132	2,2	153	149
26	273	38,37	120,477	429	149
69	1	126,90	0,4	1111	149
947	0	1412,992	1,0	1987	149
255	0	453,256	0,1	157	149
6	258	9,8	124,263	160	149
2	131	0,1	27,101	275	149
252	0	464,403	0,1	867	149
1391	0	981,1506	0,2	186	149
786	0	628,722	0,2	602	149
415	1020	363,367	716,1151	565	149
2	37	11,5	25,87	356	149
14	8	72,29	6,30	1602	149
8	186	3,5	88,276	155	149
12	106	86,10	255,86	334	149
1	117	1,0	143,90	167	149
7	0	7,1	5,0	186	149
103	544	13,33	83,364	161	149
47	9	3,128	2,7	396	149
0	14	0,2	24,53	154	149
8	1	36,51	4,4	291	149
0	29	1,0	3,6	160	149
16	80	11,21	8,64	509	149
90	43	129,45	7,49	1846	149
10	48	26,15	30,83	298	149
139	0	162,180	1,0	254	149
3	63	4,0	44,90	164	149
20	5	17,20	1,15	395	149
20	5	17,20	0,12	407	149
5	5	1,15	0,12	161	149
6	62	5,6	52,92	217	149
119	5	47,113	1,10	167	149
135	3	73,176	0,0	167	149
10	100	8,8	57,166	237	149
180	0	218,241	0,1	1531	149
5	29	2,8	9,17	189	149
149	7	89,224	0,3	286	149
954	0	825,1196	0,2	193	149
2	0	24,7	3,0	188	149
45	614	28,56	293,862	158	149
26	139	33,28	41,120	393	149
323	11	104,261	5,7	238	149
295	0	102,230	0,1	197	149
110	0	132,310	0,1	370	149
3	1	0,1	0,0	175	149
1279	0	748,1221	0,1	761	149
6	726	0,4	34,364	153	149
28	4	12,8	0,0	278	149
34	5	15,14	0,2	278	149
27	0	12,7	0,3	278	149
467	3	659,663	1,1	601	149
12	2	24,9	0,8	296	149
4	27	3,2	11,41	160	149
13	130	2,22	22,134	160	149
1290	0	760,1595	4,4	250	149
18	2	23,20	0,0	171	149
46	16	51,59	5,9	171	149
9	49	6,26	35,86	152	149
67	269	36,58	161,291	152	149
93	1	16,15	0,0	776	149
169	4	111,123	8,0	168	149
1	111	0,2	94,112	154	149
16	29	11,7	5,22	161	149
6069	11	3602,6558	10,3	196	149
1351	48	1015,1578	16,50	169	149
2568	17	1150,2678	21,27	862	149
1501	1	635,1601	0,0	216	149
28	0	6,14	3,0	212	149
3	61	54,27	36,100	691	149
10	88	7,3	45,60	702	149
152	2	111,97	3,2	155	149
8	0	0,1	0,1	153	149
320	0	108,461	4,1	153	149
18	0	51,30	0,1	1351	149
69	145	78,55	23,192	933	149
67	0	78,54	0,1	933	149
0	1	0,1	0,0	159	149
23	1	26,21	0,1	159	149
13	2	5,15	2,0	156	149
8	1	9,21	4,4	208	149
441	2	187,400	1,3	252	149
229	5	159,338	8,14	171	149
3	1	2,3	0,0	162	149
5	0	96,72	0,5	195	149
5	0	98,73	4,0	224	149
336	1	150,163	0,0	337	149
11	4	24,49	3,9	482	149
16	3	26,53	0,9	482	149
19	0	68,112	8,0	345	149
3	12	0,0	0,2	157	149
353	2	517,420	0,0	2916	149
1	0	0,1	3,0	171	149
2	222	15,10	278,256	240	149
1	222	18,9	278,256	218	149
41	0	47,33	0,1	316	149
111	0	54,68	2,0	372	149
7	94	5,3	83,94	541	149
2	1	4,13	0,2	300	149
2	66	6,14	66,61	310	149
1	66	2,3	66,61	159	149
0	1	2,0	1,0	168	149
1	74	6,3	120,141	167	149
0	1	4,1	6,7	167	149
75	1	20,50	0,1	194	149
5379	0	2459,4011	0,3	2134	149
3	1508	14,2	1657,2347	231	149
1487	5	1586,2752	0,3	176	149
1	1	3,2	1,0	162	149
0	28	0,2	14,23	153	149
7	170	4,3	94,277	213	149
3	2	8,2	1,0	791	149
68	2	77,59	3,3	171	149
101	15	478,1086	63,49	157	149
13	2	2,1	0,0	261	149
4	43	2,1	28,71	153	149
1158	322	103,410	36,91	219	149
87	322	9,40	36,91	155	149
155	1	176,140	0,1	172	149
99	0	173,137	5,0	773	149
7	0	0,8	1,2	187	149
6	83	31,2	134,122	179	149
104	3	282,148	6,7	182	149
5093	6	2155,6728	0,4	270	149
60	17	180,108	26,40	177	149
30	517	13,3	56,140	246	149
7	517	3,0	56,140	181	149
699	12	116,179	4,5	715	149
1567	3	137,415	0,0	319	149
23	1	4,48	1,1	465	149
5	2	28,17	3,7	198	149
26	2	50,38	3,7	348	149
21	0	38,27	16,6	299	149
138	0	96,260	4,1	182	149
1	0	0,0	0,2	173	149
1	1	0,0	0,5	173	149
6	158	10,8	82,262	247	149
448	1	372,487	0,0	153	149
756	4	694,899	0,2	302	149
3	46	5,2	38,30	166	149
6	2	5,4	3,0	195	149
6	4	6,1	6,1	195	149
24	1	12,31	3,0	246	149
39	44	20,41	13,59	246	149
22	0	11,30	0,3	246	149
863	14	376,909	7,8	195	149
2	42	1,0	21,46	192	149
215	131	141,176	133,120	227	149
1720	2	218,3014	0,8	194	149
1	2579	2,6	1021,2081	164	149
114	2	67,83	2,4	366	149
19	1	7,21	0,4	178	149
103	0	174,119	1,0	188	149
8	234	7,11	93,320	151	149
22	1	27,47	0,1	164	149
248	1	113,356	0,1	162	149
2	174	6,10	105,306	152	149
316	1	224,592	0,0	154	149
289	0	181,483	0,2	191	149
2	102	18,18	41,181	1105	149
2	102	6,16	41,181	684	149
855	8	840,2916	0,4	1499	149
9	1	89,151	4,7	176	149
139	6	90,92	1,5	251	149
169	0	194,179	1,1	338	149
2	14	3,2	36,60	158	149
5	17	8,2	12,59	652	149
21	67	11,33	46,98	161	149
3	0	5,1	1,0	246	149
81	2639	4,17	141,721	155	149
54	32	11,22	19,4	188	149
136	1	110,175	1,2	689	149
15	230	11,12	139,162	166	149
348	4	547,446	2,6	500	149
36	53	33,46	53,57	179	149
72	25	59,76	18,25	230	149
89	25	79,87	18,25	200	149
251	35	357,277	22,37	629	149
0	2	3,0	0,0	377	149
1610	7	749,1861	8,27	153	149
25	1	4,27	0,0	196	149
26	4	16,10	1,3	223	149
44	33	47,20	20,41	257	149
22	33	32,13	20,41	183	149
65	1	40,132	3,6	153	149
11	1	9,15	0,2	153	149
60	0	52,114	0,1	163	149
9	29	10,23	35,97	191	149
1	21	1,3	16,35	283	149
0	92	2,0	105,151	179	149
52	75	44,27	48,40	298	149
2712	0	1577,3578	2,0	228	149
5459	1	3291,6679	0,2	2161	149
2	2	1,0	0,1	154	149
2	3321	3,2	1393,3929	158	149
2	3321	2,3	1393,3929	153	149
71	4	144,65	4,8	280	149
12	1	31,39	3,24	257	149
28	3	1,13	0,1	152	149
100	24	21,77	0,14	152	149
152	92	37,129	3,44	239	149
76	92	16,66	3,44	236	149
46	140	2,26	29,93	158	149
9	32	8,8	0,16	158	149
35	74	22,32	113,121	400	149
2	48	4,5	20,52	193	149
5182	1	1795,3971	0,1	158	149
8	29	12,8	20,27	153	149
5	82	5,9	86,130	160	149
19	4	18,10	0,0	153	149
7	1	0,3	2,0	155	149
62	121	30,72	57,104	155	149
58	1	15,48	2,1	556	149
237	70	86,257	8,71	302	149
23	25	12,25	19,27	268	149
83	25	37,100	19,27	319	149
71	11	35,80	10,5	200	149
630	19	390,474	2,5	192	149
10	496	10,12	245,400	236	149
324	161	166,297	64,126	197	149
140	13	102,148	7,11	197	149
417	11	195,346	16,13	164	149
108	330	181,106	202,359	286	149
645	0	547,615	3,0	942	149
15	4	10,27	2,1	201	149
2	5	14,9	6,13	197	149
7	22	96,233	100,496	573	149
203	5	31,25	1,0	185	149
26	0	4,64	0,1	759	149
84	1	94,53	0,0	270	149
16	5	13,17	7,7	1048	149
5	474	29,5	357,527	173	149
2	3	2,0	1,9	154	149
5	5	8,2	6,4	161	149
1	180	1,5	66,122	152	149
1400	5	295,476	0,0	153	149
80	23	19,37	4,16	173	149
2	113	4,3	33,95	183	149
49	0	71,44	1,1	572	149
359	0	289,375	1,0	1483	149
74	319	389,85	196,337	2994	149
0	37	1,0	31,22	180	149
134	22	109,106	14,17	476	149
294	22	188,165	14,17	1025	149
185	25	91,84	12,25	698	149
120	1	207,137	1,0	3462	149
1	1	4,0	4,5	160	149
141	31	222,196	16,36	153	149
4	3	37,11	13,5	937	149
1	0	2,1	0,5	183	149
4	3	0,4	1,5	164	149
44	0	62,48	4,4	172	149
2	1	4,5	3,5	265	149
138	4	68,108	0,1	741	149
112	24	58,215	3,48	155	149
139	0	90,307	1,2	599	149
8	35	2,12	10,148	160	149
270	1	78,130	2,1	161	149
25	3	23,36	6,2	153	149
152	2	81,158	0,4	175	149
70	0	36,84	6,2	174	149
18	1	12,22	1,0	174	149
18	1	6,15	0,0	174	149
25	106	7,6	27,50	288	149
35	76	34,17	23,40	475	149
1	188	0,3	139,315	294	149
2	4	0,0	2,3	220	149
2	11	0,0	7,17	217	149
2	11	0,2	7,17	271	149
71	9	19,69	8,7	235	149
119	57	37,148	12,60	211	149
114	31	40,147	10,33	211	149
67	77	14,55	6,40	164	149
58	22	62,83	25,44	155	149
2	0	3,4	0,1	173	149
393	22	377,494	9,6	185	149
354	0	447,474	15,3	881	149
250	0	248,396	0,1	254	149
225	0	130,264	1,0	156	149
251	2	216,273	2,1	165	149
3	2	3,3	2,1	153	149
33	2	23,33	2,1	169	149
7	225	5,1	198,241	153	149
53	63	24,88	36,78	161	149
3	84	7,3	38,92	227	149
0	6	3,0	1,5	179	149
0	29	3,1	8,15	179	149
458	0	399,339	4,0	170	149
16	80	29,13	89,64	347	149
0	9	0,3	8,7	158	149
13	0	13,60	0,2	347	149
9	1	4,2	0,1	165	149
42	1	39,36	5,0	151	149
6	67	4,1	59,103	229	149
1	0	1,1	4,0	266	149
4	1	1,3	2,8	160	149
24	47	13,4	12,38	153	149
5	252	1,0	25,131	192	149
20	7	6,14	0,2	165	149
20	77	30,6	26,80	296	149
6	3	6,9	14,8	183	149
9	0	36,19	0,3	1230	149
471	7	64,296	0,2	267	149
70	10	20,129	0,1	305	149
5	44	4,5	51,25	169	149
5	30	38,12	11,12	498	149
3	24	34,6	24,23	204	149
17	0	73,26	1,0	436	149
38	0	71,44	1,0	381	149
3	23	26,4	46,22	227	149
17	1	17,8	2,0	153	149
47	3	144,161	4,3	271	149
455	2	269,390	4,4	164	149
20	1	19,26	0,1	191	149
15	19	35,61	26,34	174	149
2	0	0,3	0,3	156	149
1	3	0,3	4,4	156	149
0	21	4,4	34,28	156	149
0	1	0,3	2,0	156	149
29	1	24,38	0,0	207	149
946	3	449,707	2,1	1213	149
101	1	109,94	0,1	678	149
105	23	112,96	9,16	701	149
5	23	3,3	9,16	172	149
321	1	138,307	0,8	311	149
7	1248	4,4	406,1054	181	149
0	50	4,7	55,94	178	149
10	81	19,12	118,157	179	149
6	2	7,6	2,3	259	149
0	54	3,0	47,60	200	149
45	1	20,46	0,1	668	149
7	39	70,18	260,83	224	149
22	11	9,8	4,14	180	149
108	43	459,244	61,71	1325	149
129	0	749,300	0,1	1295	149
60	9	331,162	11,9	402	149
1	5	0,1	13,11	179	149
10	2	15,15	3,3	155	149
36	6	23,8	2,4	499	149
4	190	5,7	206,324	153	149
417	5	489,313	4,4	298	149
345	3	395,256	8,0	519	149
0	1	4,1	0,0	170	149
19	2	5,4	0,0	347	149
17	2	5,4	0,0	353	149
0	1253	1,0	146,604	153	149
9	104	12,17	117,159	548	149
11	25	28,30	37,64	202	149
11	1	25,28	4,3	202	149
11	13	5,8	20,24	165	149
14	141	26,19	123,131	165	149
103	110	28,54	21,25	254	149
22	3	56,59	2,1	189	149
4	38	5,1	32,73	197	149
184	0	120,308	0,2	917	149
0	110	0,1	69,179	153	149
3	110	0,1	69,179	215	149
3	0	0,1	0,1	211	149
1	69	2,0	30,103	199	149
232	12	80,225	0,5	341	149
0	184	1,2	76,104	216	149
46	2	51,53	0,0	392	149
486	0	314,456	0,1	192	149
2	173	11,3	151,237	191	149
132	2	60,129	2,1	183	149
4	358	7,0	283,370	184	149
9	2	21,6	2,0	259	149
47	2	79,63	2,6	217	149
748	5	1177,1145	4,0	3062	149
293	3	461,406	3,5	1310	149
88	483	96,82	220,539	366	149
432	65	76,117	42,86	1469	149
88	0	100,69	1,1	201	149
536	0	264,486	0,1	198	149
13	1	13,23	0,0	282	149
107	4	147,77	0,1	385	149
134	5	172,97	1,2	385	149
513	6	559,765	3,0	1030	149
16	357	27,19	58,201	263	149
494	4	114,313	0,0	155	149
542	1	58,296	0,1	407	149
35	3	10,25	8,11	167	149
0	1	5,1	49,27	301	149
21	62	5,11	27,55	274	149
9	148	14,9	55,131	261	149
0	55	0,1	6,11	165	149
0	36	0,1	18,41	170	149
55	36	6,11	18,41	154	149
1	397	2,2	407,699	172	149
0	1	1,0	0,1	287	149
4	87	20,15	137,112	295	149
112	3	30,115	4,8	256	149
5	3	3,15	4,8	296	149
5	112	1,9	28,109	189	149
3	72	3,3	29,80	188	149
271	7	86,140	0,6	523	149
38	5	28,15	0,1	1319	149
3	7	0,2	1,0	182	149
1	2	1,0	0,0	154	149
291	2434	178,232	911,1754	164	149
3	1	1,1	0,0	162	149
7	352	9,17	150,197	176	149
8	4	4,7	0,1	153	149
701	4	224,459	0,1	440	149
698	5	224,453	4,1	436	149
1665	1	1219,1250	2,2	1710	149
304	657	316,113	391,525	1077	149
303	71	323,115	68,74	1077	149
60	24	32,34	12,20	284	149
666	0	337,495	0,1	725	149
0	2	0,6	4,6	230	149
2418	7	1227,2256	8,9	483	149
25	8	49,20	2,6	233	149
2675	0	1607,2529	0,1	1522	149
294	2	104,260	1,3	170	149
17	46	20,16	75,63	182	149
0	3	1,0	0,0	193	149
5	5	0,4	2,10	153	149
0	4	0,1	1,2	153	149
2	2	0,3	0,0	198	149
5	139	4,8	40,123	156	149
11	15	5,10	3,5	173	149
12	11	30,23	48,39	255	149
28	2719	35,17	1528,2418	179	149
92	2719	165,88	1528,2418	280	149
88	24	142,83	12,12	250	149
139	51	62,122	4,25	494	149
24	139	28,30	74,78	161	149
43	4	46,57	4,6	154	149
90	535	155,121	214,592	721	149
10	1313	8,12	594,1165	191	149
4	16	6,9	22,99	206	149
3	125	0,0	66,204	163	149
3	0	6,5	0,1	601	149
3	0	4,5	0,1	317	149
3	4	4,5	5,1	317	149
319	2	268,240	0,0	218	149
31	4	1,20	0,0	363	149
36	7	7,12	0,2	384	149
51	2	137,29	0,0	524	149
0	1	0,3	2,0	282	149
0	1	0,3	2,0	277	149
7	2	1,3	8,0	282	149
129	3	154,127	0,1	946	149
1	69	8,5	42,56	153	149
118	348	49,133	79,379	158	149
1	348	4,2	79,379	162	149
1	118	4,0	49,131	153	149
147	9	255,467	13,22	191	149
4	211	0,3	5,43	196	149
89	11	32,82	4,4	154	149
462	1	136,546	0,0	164	149
1	286	1,0	165,212	160	149
84	1	168,155	4,0	877	149
303	2	238,189	1,2	1861	149
624	1	272,425	0,2	186	149
0	47	1,3	22,51	242	149
116	1162	102,89	846,1014	170	149
76	1	99,70	2,2	381	149
45	1	65,43	0,0	381	149
8	0	9,13	0,6	316	149
22	2	33,12	0,4	400	149
0	2	0,3	1,1	212	149
4	465	3,1	121,545	180	149
89	2	66,95	0,0	601	149
0	56	2,0	42,112	243	149
7	2	5,5	0,0	234	149
121	0	71,83	2,0	154	149
0	2	1,1	3,2	199	149
4	2	1,4	0,1	154	149
803	1	380,550	1,0	434	149
2	6	6,1	9,5	187	149
188	8	159,216	5,3	191	149
989	5	30,108	0,0	166	149
2803	2	1588,3274	0,0	1862	149
1	0	9,30	2,1	161	149
7	14	17,5	11,11	268	149
15	73	5,17	38,82	162	149
156	1	131,219	10,5	154	149
83	4710	69,32	925,3398	274	149
6748	0	1704,4446	6,0	944	149
574	0	379,172	1,0	944	149
268	8890	186,87	2553,6642	403	149
105	1	128,152	2,0	381	149
125	11	114,200	7,4	482	149
1	91	0,0	26,33	191	149
0	5	0,2	1,11	188	149
13	1	4,6	0,2	219	149
5	143	4,1	40,115	210	149
4	100	2,6	27,71	163	149
120	144	94,81	140,122	155	149
146	81	49,123	13,36	158	149
361	0	468,386	1,0	374	149
179	0	38,73	0,2	157	149
0	25	5,0	2,18	171	149
19	108	71,353	593,3189	154	149
403	5	68,142	0,0	153	149
8	1	25,5	15,2	164	149
0	10	23,1	8,5	920	149
401	5	181,281	3,1	426	149
202	5	106,140	3,1	528	149
12	211	6,2	81,143	251	149
32	151	39,44	21,104	390	149
8	473	0,0	4,36	181	149
10229	2	6437,11102	0,0	190	149
2242	3	1060,2198	1,7	190	149
112	9112	68,69	2921,7470	160	149
314	159	208,559	115,179	173	149
2	265	3,7	130,412	378	149
7	321	6,6	144,342	193	149
8	28	3,1	9,12	212	149
142	0	665,274	2,0	1403	149
65	11	29,126	21,52	287	149
1268	22	188,610	3,11	233	149
31	0	10,12	0,1	154	149
1565	11	254,890	3,2	154	149
29	0	34,29	1,0	426	149
11	1091	11,14	752,1431	496	149
33	30	2,3	0,0	385	149
39	132	71,44	74,237	229	149
28	0	75,52	0,2	365	149
138	0	86,257	0,2	285	149
1171	0	618,1655	0,1	157	149
608	0	264,566	0,2	239	149
117	39	144,101	48,14	196	149
40	5	114,28	2,0	410	149
2	98	1,3	91,151	163	149
43	290	267,102	394,849	668	149
23	2559	12,19	961,2546	153	149
137	3	225,169	0,0	216	149
32	3	16,33	0,1	244	149
11	36	14,8	18,5	201	149
1769	197	814,2906	59,293	202	149
8194	0	4224,12427	0,1	197	149
1388	0	704,2257	0,1	207	149
32	6838	7,60	3527,10230	159	149
5846	3	4446,7580	10,7	909	149
202	42	319,545	19,42	1047	149
15	188	81,56	190,495	291	149
0	91	0,1	76,181	154	149
77	33	5,5	1,3	162	149
20	2	1,2	0,0	175	149
13	1	0,2	0,0	175	149
5	32	5,6	30,41	570	149
212	4	178,248	3,5	158	149
1	128	1,2	66,159	211	149
18	0	17,26	1,2	169	149
23	2	5,21	0,0	263	149
4554	0	666,1123	0,2	1634	149
40	45	43,64	38,38	158	149
7	5	3,9	1,1	168	149
1	0	0,3	0,1	211	149
106	0	135,107	2,0	2098	149
3	19	6,7	13,32	192	149
12	2	7,19	1,3	421	149
2	8	5,6	14,8	209	149
14	21	83,13	57,23	199	149
9	3	2,3	4,15	160	149
27	236	50,30	111,185	160	149
27	0	42,17	0,1	819	149
5	166	10,6	122,185	310	149
23	8	24,30	1,3	196	149
